# Study: LKA_Haptics | Participant: 11 | Condition: HapticsAdaptiveCW | Init: 20260129_101558 | Roadwidth_halfmeters: 1.25 | LKA_deadzone: 0.4 | Min_Vib_Pecentage: 0.2 | Max_Vib_Percentage: 0.4
Timestamp;Trackposition;Speed_KmH;SteerAngle;CTE_Norm;Haptic_L_Norm;Haptic_R_Norm;LkaPIDError;LkaNormEffort;LkaNormCTE;CTE_Meters;B_HeadingError_Deg;W_HeadingError_Deg;IsOnStraight;TrackCurvature_1/Meters;TrackRadius_Meters;LKA_Engaged;LKA_Switch;MotorDir;SecTaskNum;SecTaskIsTarget;SecTaskPressed
0,0000;278,0910;7,5000;-0,9811;0,0285;0,0000;0,0000;0,0000;0,0000;0,0000;0,0356;0,9600;-0,0200;1;0,0001;0,0000;0;1;1;7;0;0
0,0139;278,1199;7,5000;-0,9442;0,0287;0,0000;0,0000;0,0000;0,0000;0,0000;0,0359;0,9400;0,0000;1;0,0001;0,0000;0;1;1;7;0;0
0,0278;278,1488;7,5000;-0,8961;0,0290;0,0000;0,0000;0,0000;0,0000;0,0000;0,0362;0,9300;0,0300;1;0,0001;0,0000;0;1;1;7;0;0
0,0417;278,1778;7,5000;-0,8340;0,0292;0,0000;0,0000;0,0000;0,0000;0,0000;0,0365;0,9100;0,0800;1;0,0000;0,0000;0;1;1;7;0;0
0,0556;278,4088;7,5000;-0,7852;0,0294;0,0000;0,0000;0,0000;0,0000;0,0000;0,0368;0,9000;0,1100;1;0,0000;0,0000;0;1;1;7;0;0
0,0695;278,4088;7,5000;-0,7476;0,0297;0,0000;0,0000;0,0000;0,0000;0,0000;0,0371;0,8800;0,1300;1;0,0000;0,0000;0;1;1;7;0;0
0,0834;278,4088;7,5000;-0,7008;0,0299;0,0000;0,0000;0,0000;0,0000;0,0000;0,0374;0,8700;0,1700;1;0,0000;0,0000;0;1;1;7;0;0
0,0973;278,4088;7,5000;-0,6514;0,0302;0,0000;0,0000;0,0000;0,0000;0,0000;0,0377;0,8600;0,2100;1;0,0000;0,0000;0;1;1;7;0;0
0,1112;278,4088;7,5000;-0,5981;0,0304;0,0000;0,0000;0,0000;0,0000;0,0000;0,0380;0,8500;0,2500;1;0,0000;0,0000;0;1;1;7;0;0
0,1250;278,4088;7,5000;-0,5875;0,0306;0,0000;0,0000;0,0000;0,0000;0,0000;0,0383;0,8400;0,2500;1;0,0000;0,0000;0;1;1;7;0;0
0,1389;278,4088;7,5000;-0,5428;0,0309;0,0000;0,0000;0,0000;0,0000;0,0000;0,0386;0,8300;0,2800;1;0,0000;0,0000;0;1;1;7;0;0
0,1528;278,4092;7,5000;-0,4959;0,0311;0,0000;0,0000;0,0000;0,0000;0,0000;0,0389;0,8200;0,3200;1;0,0000;0,0000;0;1;1;7;0;0
0,1667;278,4382;7,5000;-0,4110;0,0314;0,0000;0,0000;0,0000;0,0000;0,0000;0,0392;0,8100;0,4000;1;0,0001;0,0000;0;1;1;7;0;0
0,1806;278,4671;7,4000;-0,3700;0,0317;0,0000;0,0000;0,0000;0,0000;0,0000;0,0396;0,8000;0,4300;1;0,0002;0,0000;0;1;1;7;0;0
0,1945;278,4956;7,4000;-0,3449;0,0319;0,0000;0,0000;0,0000;0,0000;0,0000;0,0399;0,8000;0,4500;1;0,0003;0,0000;0;1;1;7;0;0
0,2084;278,5242;7,4000;-0,3269;0,0322;0,0000;0,0000;0,0000;0,0000;0,0000;0,0402;0,7900;0,4600;1;0,0004;0,0000;0;1;1;7;0;0
0,2223;278,5527;7,4000;-0,3165;0,0324;0,0000;0,0000;0,0000;0,0000;0,0000;0,0405;0,7900;0,4700;1;0,0005;0,0000;0;1;1;7;0;0
0,2362;278,5813;7,4000;-0,3152;0,0327;0,0000;0,0000;0,0000;0,0000;0,0000;0,0409;0,7800;0,4600;1;0,0006;0,0000;0;1;1;7;0;0
0,2500;278,6098;7,4000;-0,3218;0,0330;0,0000;0,0000;0,0000;0,0000;0,0000;0,0412;0,7700;0,4500;1;0,0006;0,0000;0;1;1;7;0;0
0,2639;278,8654;7,4000;-0,3320;0,0332;0,0000;0,0000;0,0000;0,0000;0,0000;0,0415;0,7700;0,4400;1;0,0014;0,0000;0;1;1;7;0;0
0,2778;278,8654;7,4000;-0,3434;0,0335;0,0000;0,0000;0,0000;0,0000;0,0000;0,0418;0,7600;0,4200;1;0,0014;0,0000;0;1;1;7;0;0
0,2917;278,8654;7,4000;-0,3522;0,0337;0,0000;0,0000;0,0000;0,0000;0,0000;0,0421;0,7600;0,4000;1;0,0014;0,0000;0;1;1;7;0;0
0,3056;278,8654;7,4000;-0,3592;0,0339;0,0000;0,0000;0,0000;0,0000;0,0000;0,0424;0,7500;0,3900;1;0,0014;0,0000;0;1;1;7;0;0
0,3195;278,8654;7,4000;-0,3633;0,0342;0,0000;0,0000;0,0000;0,0000;0,0000;0,0427;0,7400;0,3800;1;0,0014;0,0000;0;1;1;7;0;0
0,3334;278,8654;7,4000;-0,3680;0,0344;0,0000;0,0000;0,0000;0,0000;0,0000;0,0430;0,7400;0,3700;1;0,0014;0,0000;0;1;1;7;0;0
0,3473;278,8654;7,4000;-0,3738;0,0346;0,0000;0,0000;0,0000;0,0000;0,0000;0,0433;0,7300;0,3600;1;0,0014;0,0000;0;1;1;7;0;0
0,3612;278,8654;7,4000;-0,3800;0,0349;0,0000;0,0000;0,0000;0,0000;0,0000;0,0436;0,7200;0,3400;1;0,0014;0,0000;0;1;1;7;0;0
0,3750;278,8668;7,4000;-0,3874;0,0351;0,0000;0,0000;0,0000;0,0000;0,0000;0,0439;0,7200;0,3300;1;0,0014;0,0000;0;1;1;7;0;0
0,3889;278,8953;7,4000;-0,3959;0,0353;0,0000;0,0000;0,0000;0,0000;0,0000;0,0441;0,7100;0,3100;1;0,0013;0,0000;0;1;1;7;0;0
0,4028;278,9239;7,4000;-0,4031;0,0355;0,0000;0,0000;0,0000;0,0000;0,0000;0,0444;0,7000;0,3000;1;0,0013;0,0000;0;1;1;7;0;0
0,4167;278,9524;7,4000;-0,4117;0,0357;0,0000;0,0000;0,0000;0,0000;0,0000;0,0447;0,6900;0,2800;1;0,0012;0,0000;0;1;1;7;0;0
0,4306;278,9810;7,4000;-0,4259;0,0359;0,0000;0,0000;0,0000;0,0000;0,0000;0,0449;0,6900;0,2600;1;0,0011;0,0000;0;1;1;7;0;0
0,4445;279,0095;7,4000;-0,4394;0,0361;0,0000;0,0000;0,0000;0,0000;0,0000;0,0452;0,6800;0,2400;1;0,0010;0,0000;0;1;1;7;0;0
0,4584;279,0381;7,4000;-0,4565;0,0363;0,0000;0,0000;0,0000;0,0000;0,0000;0,0454;0,6700;0,2100;1;0,0009;0,0000;0;1;1;7;0;0
0,4723;279,0666;7,4000;-0,4738;0,0365;0,0000;0,0000;0,0000;0,0000;0,0000;0,0456;0,6600;0,1900;1;0,0009;0,0000;0;1;1;7;0;0
0,4862;279,3112;7,4000;-0,4919;0,0367;0,0000;0,0000;0,0000;0,0000;0,0000;0,0459;0,6500;0,1600;1;0,0002;0,0000;0;1;1;7;0;0
0,5000;279,3112;7,4000;-0,5041;0,0369;0,0000;0,0000;0,0000;0,0000;0,0000;0,0461;0,6500;0,1400;1;0,0002;0,0000;0;1;1;7;0;0
0,5139;279,3112;7,4000;-0,5150;0,0370;0,0000;0,0000;0,0000;0,0000;0,0000;0,0463;0,6400;0,1200;1;0,0002;0,0000;0;1;1;7;0;0
0,5278;279,3112;7,4000;-0,5256;0,0372;0,0000;0,0000;0,0000;0,0000;0,0000;0,0465;0,6300;0,1000;1;0,0002;0,0000;0;1;1;7;0;0
0,5417;279,3112;7,4000;-0,5338;0,0374;0,0000;0,0000;0,0000;0,0000;0,0000;0,0467;0,6200;0,0800;1;0,0002;0,0000;0;1;1;7;0;0
0,5556;279,3112;7,4000;-0,5398;0,0375;0,0000;0,0000;0,0000;0,0000;0,0000;0,0469;0,6100;0,0700;1;0,0002;0,0000;0;1;1;7;0;0
0,5695;279,3112;7,4000;-0,5437;0,0377;0,0000;0,0000;0,0000;0,0000;0,0000;0,0471;0,6000;0,0500;1;0,0002;0,0000;0;1;1;7;0;0
0,5834;279,3112;7,4000;-0,5426;0,0378;0,0000;0,0000;0,0000;0,0000;0,0000;0,0472;0,5900;0,0400;1;0,0002;0,0000;0;1;1;7;0;0
0,5973;279,3235;7,4000;-0,5372;0,0379;0,0000;0,0000;0,0000;0,0000;0,0000;0,0474;0,5800;0,0400;1;0,0002;0,0000;0;1;1;7;0;0
0,6112;279,3521;7,4000;-0,5255;0,0381;0,0000;0,0000;0,0000;0,0000;0,0000;0,0476;0,5700;0,0400;1;0,0002;0,0000;0;1;1;7;0;0
0,6250;279,3806;7,4000;-0,5104;0,0382;0,0000;0,0000;0,0000;0,0000;0,0000;0,0478;0,5600;0,0500;1;0,0002;0,0000;0;1;1;7;0;0
0,6389;279,4092;7,4000;-0,4881;0,0384;0,0000;0,0000;0,0000;0,0000;0,0000;0,0479;0,5500;0,0600;1;0,0001;0,0000;0;1;1;7;0;0
0,6528;279,4377;7,4000;-0,4659;0,0385;0,0000;0,0000;0,0000;0,0000;0,0000;0,0481;0,5400;0,0800;1;0,0001;0,0000;0;1;1;7;0;0
0,6667;279,4663;7,4000;-0,4328;0,0386;0,0000;0,0000;0,0000;0,0000;0,0000;0,0483;0,5400;0,1000;1;0,0001;0,0000;0;1;1;7;0;0
0,6806;279,4948;7,6000;-0,3959;0,0388;0,0000;0,0000;0,0000;0,0000;0,0000;0,0485;0,5300;0,1300;1;0,0001;0,0000;0;1;1;7;0;0
0,6945;279,5241;7,6000;-0,3677;0,0389;0,0000;0,0000;0,0000;0,0000;0,0000;0,0486;0,5200;0,1500;1;0,0001;0,0000;0;1;1;7;0;0
0,7084;279,7672;7,6000;-0,3384;0,0391;0,0000;0,0000;0,0000;0,0000;0,0000;0,0488;0,5200;0,1800;1;0,0000;0,0000;0;1;1;7;0;0
0,7223;279,7672;7,6000;-0,3103;0,0392;0,0000;0,0000;0,0000;0,0000;0,0000;0,0490;0,5100;0,2000;1;0,0000;0,0000;0;1;1;7;0;0
0,7362;279,7672;7,6000;-0,2857;0,0394;0,0000;0,0000;0,0000;0,0000;0,0000;0,0492;0,5000;0,2200;1;0,0000;0,0000;0;1;1;7;0;0
0,7500;279,7672;7,6000;-0,2590;0,0395;0,0000;0,0000;0,0000;0,0000;0,0000;0,0494;0,5000;0,2400;1;0,0000;0,0000;0;1;1;7;0;0
0,7639;279,7672;7,6000;-0,2271;0,0397;0,0000;0,0000;0,0000;0,0000;0,0000;0,0496;0,5000;0,2700;1;0,0000;0,0000;0;1;1;7;0;0
0,7778;279,7672;7,6000;-0,1847;0,0399;0,0000;0,0000;0,0000;0,0000;0,0000;0,0498;0,4900;0,3100;1;0,0000;0,0000;0;1;1;7;0;0
0,7917;279,7672;7,6000;-0,1358;0,0400;0,0000;0,0000;0,0000;0,0000;0,0000;0,0500;0,4900;0,3600;1;0,0000;0,0000;0;1;1;7;0;0
0,8056;279,7672;7,6000;-0,0945;0,0402;0,0000;0,0000;0,0000;0,0000;0,0000;0,0503;0,4900;0,4000;1;0,0000;0,0000;0;1;1;7;0;0
0,8195;279,7880;7,6000;-0,0407;0,0404;0,0000;0,0000;0,0000;0,0000;0,0000;0,0505;0,4900;0,4500;1;0,0000;0,0000;0;1;1;7;0;0
0,8334;279,8173;7,6000;0,0254;0,0406;0,0000;0,0000;0,0000;0,0000;0,0000;0,0508;0,4900;0,5200;1;0,0000;0,0000;0;1;1;7;0;0
0,8473;279,8466;7,6000;0,0899;0,0408;0,0000;0,0000;0,0000;0,0000;0,0000;0,0510;0,4900;0,5800;1;0,0000;0,0000;0;1;1;7;0;0
0,8612;279,8760;7,6000;0,1572;0,0410;0,0000;0,0000;0,0000;0,0000;0,0000;0,0513;0,5000;0,6500;1;0,0000;0,0000;0;1;1;7;0;0
0,8750;279,9053;7,6000;0,2109;0,0413;0,0000;0,0000;0,0000;0,0000;0,0000;0,0516;0,5000;0,7100;1;0,0000;0,0000;0;1;1;7;0;0
0,8889;279,9346;7,6000;0,2762;0,0416;0,0000;0,0000;0,0000;0,0000;0,0000;0,0519;0,5100;0,7800;1;0,0000;0,0000;0;1;1;7;0;0
0,9028;279,9639;7,6000;0,3398;0,0418;0,0000;0,0000;0,0000;0,0000;0,0000;0,0523;0,5100;0,8500;1;0,0000;0,0000;0;1;1;7;0;0
0,9167;279,9933;7,6000;0,4124;0,0421;0,0000;0,0000;0,0000;0,0000;0,0000;0,0527;0,5200;0,9300;1;0,0000;0,0000;0;1;1;7;0;0
0,9306;280,2224;7,6000;0,4652;0,0424;0,0000;0,0000;0,0000;0,0000;0,0000;0,0530;0,5300;1,0000;1;0,0000;0,0000;0;1;1;7;0;0
0,9445;280,2224;7,6000;0,5256;0,0428;0,0000;0,0000;0,0000;0,0000;0,0000;0,0534;0,5400;1,0700;1;0,0000;0,0000;0;1;1;7;0;0
0,9584;280,2224;7,6000;0,5954;0,0431;0,0000;0,0000;0,0000;0,0000;0,0000;0,0539;0,5600;1,1500;1;0,0000;0,0000;0;1;1;7;0;0
0,9723;280,2224;7,6000;0,6505;0,0434;0,0000;0,0000;0,0000;0,0000;0,0000;0,0543;0,5700;1,2200;1;0,0000;0,0000;0;1;1;7;0;0
0,9862;280,2224;7,6000;0,7104;0,0438;0,0000;0,0000;0,0000;0,0000;0,0000;0,0547;0,5800;1,2900;1;0,0000;0,0000;0;1;1;7;0;0
1,0000;280,2224;7,6000;0,7632;0,0442;0,0000;0,0000;0,0000;0,0000;0,0000;0,0552;0,6000;1,3600;1;0,0000;0,0000;0;1;1;1;0;0
1,0139;280,2224;7,6000;0,8122;0,0445;0,0000;0,0000;0,0000;0,0000;0,0000;0,0557;0,6100;1,4300;1;0,0000;0,0000;0;1;1;1;0;0
1,0278;280,2278;7,6000;0,8631;0,0449;0,0000;0,0000;0,0000;0,0000;0,0000;0,0562;0,6300;1,4900;1;0,0000;0,0000;0;1;1;1;0;0
1,0417;280,2571;7,6000;0,8996;0,0454;0,0000;0,0000;0,0000;0,0000;0,0000;0,0567;0,6500;1,5500;1;0,0000;0,0000;0;1;1;1;0;0
1,0556;280,2864;7,6000;0,9319;0,0458;0,0000;0,0000;0,0000;0,0000;0,0000;0,0572;0,6700;1,6000;1;0,0000;0,0000;0;1;1;1;0;0
1,0695;280,3157;7,6000;0,9609;0,0462;0,0000;0,0000;0,0000;0,0000;0,0000;0,0578;0,6900;1,6500;1;0,0000;0,0000;0;1;1;1;0;0
1,0834;280,3451;7,6000;0,9776;0,0467;0,0000;0,0000;0,0000;0,0000;0,0000;0,0584;0,7100;1,6900;1;0,0000;0,0000;0;1;1;1;0;0
1,0973;280,3744;7,6000;0,9983;0,0472;0,0000;0,0000;0,0000;0,0000;0,0000;0,0589;0,7300;1,7300;1;0,0000;0,0000;0;1;1;1;0;0
1,1112;280,4037;7,6000;1,0181;0,0476;0,0000;0,0000;0,0000;0,0000;0,0000;0,0595;0,7500;1,7700;1;0,0000;0,0000;0;1;1;1;0;0
1,1250;280,4330;7,6000;1,0406;0,0481;0,0000;0,0000;0,0000;0,0000;0,0000;0,0602;0,7700;1,8100;1;0,0000;0,0000;0;1;1;1;0;0
1,1389;280,6786;7,6000;1,0535;0,0486;0,0000;0,0000;0,0000;0,0000;0,0000;0,0608;0,7900;1,8400;1;0,0000;0,0000;0;1;1;1;0;0
1,1528;280,6786;7,6000;1,0591;0,0491;0,0000;0,0000;0,0000;0,0000;0,0000;0,0614;0,8100;1,8700;1;0,0000;0,0000;0;1;1;1;0;0
1,1667;280,6786;7,6000;1,0619;0,0496;0,0000;0,0000;0,0000;0,0000;0,0000;0,0621;0,8300;1,8900;1;0,0000;0,0000;0;1;1;1;0;0
1,1806;280,6786;7,6000;1,0622;0,0502;0,0000;0,0000;0,0000;0,0000;0,0000;0,0627;0,8500;1,9200;1;0,0000;0,0000;0;1;1;1;0;0
1,1945;280,6786;7,6000;1,0607;0,0507;0,0000;0,0000;0,0000;0,0000;0,0000;0,0634;0,8700;1,9400;1;0,0000;0,0000;0;1;1;1;0;0
1,2084;280,6786;7,6000;1,0604;0,0512;0,0000;0,0000;0,0000;0,0000;0,0000;0,0640;0,9000;1,9600;1;0,0000;0,0000;0;1;1;1;0;0
1,2223;280,6786;7,6000;1,0582;0,0518;0,0000;0,0000;0,0000;0,0000;0,0000;0,0647;0,9200;1,9800;1;0,0000;0,0000;0;1;1;1;0;0
1,2362;280,6786;7,6000;1,0561;0,0524;0,0000;0,0000;0,0000;0,0000;0,0000;0,0654;0,9400;1,9900;1;0,0000;0,0000;0;1;1;1;0;0
1,2500;280,6968;7,6000;1,0523;0,0529;0,0000;0,0000;0,0000;0,0000;0,0000;0,0662;0,9600;2,0100;1;0,0000;0,0000;0;1;1;1;0;0
1,2639;280,7261;7,6000;1,0515;0,0535;0,0000;0,0000;0,0000;0,0000;0,0000;0,0669;0,9800;2,0300;1;0,0000;0,0000;0;1;1;1;0;0
1,2778;280,7555;7,6000;1,0376;0,0541;0,0000;0,0000;0,0000;0,0000;0,0000;0,0676;1,0000;2,0400;1;0,0000;0,0000;0;1;1;1;0;0
1,2917;280,7848;7,6000;1,0348;0,0547;0,0000;0,0000;0,0000;0,0000;0,0000;0,0684;1,0200;2,0600;1;0,0000;0,0000;0;1;1;1;0;0
1,3056;280,8141;7,6000;1,0233;0,0553;0,0000;0,0000;0,0000;0,0000;0,0000;0,0691;1,0400;2,0700;1;0,0000;0,0000;0;1;1;1;0;0
1,3195;280,8434;7,6000;0,9902;0,0559;0,0000;0,0000;0,0000;0,0000;0,0000;0,0699;1,0600;2,0500;1;0,0000;0,0000;0;1;1;1;0;0
1,3334;280,8727;7,6000;0,9722;0,0565;0,0000;0,0000;0,0000;0,0000;0,0000;0,0706;1,0800;2,0600;1;0,0000;0,0000;0;1;1;1;0;0
1,3473;280,9020;7,6000;0,9562;0,0571;0,0000;0,0000;0,0000;0,0000;0,0000;0,0714;1,1000;2,0600;1;0,0000;0,0000;0;1;1;1;0;0
1,3612;281,1349;7,6000;0,9530;0,0577;0,0000;0,0000;0,0000;0,0000;0,0000;0,0722;1,1200;2,0700;1;0,0001;0,0000;0;1;1;1;0;0
1,3750;281,1349;7,6000;0,9304;0,0584;0,0000;0,0000;0,0000;0,0000;0,0000;0,0730;1,1400;2,0700;1;0,0001;0,0000;0;1;1;1;0;0
1,3889;281,1349;7,6000;0,9041;0,0590;0,0000;0,0000;0,0000;0,0000;0,0000;0,0737;1,1600;2,0600;1;0,0001;0,0000;0;1;1;1;0;0
1,4028;281,1349;7,6000;0,8724;0,0596;0,0000;0,0000;0,0000;0,0000;0,0000;0,0745;1,1700;2,0500;1;0,0001;0,0000;0;1;1;1;0;0
1,4167;281,1349;7,6000;0,8447;0,0602;0,0000;0,0000;0,0000;0,0000;0,0000;0,0753;1,1900;2,0400;1;0,0001;0,0000;0;1;1;1;0;0
1,4306;281,1349;7,6000;0,8124;0,0609;0,0000;0,0000;0,0000;0,0000;0,0000;0,0761;1,2100;2,0200;1;0,0001;0,0000;0;1;1;1;0;0
1,4445;281,1349;7,6000;0,8059;0,0615;0,0000;0,0000;0,0000;0,0000;0,0000;0,0769;1,2200;2,0300;1;0,0001;0,0000;0;1;1;1;0;0
1,4584;281,1365;7,6000;0,7930;0,0621;0,0000;0,0000;0,0000;0,0000;0,0000;0,0777;1,2400;2,0300;1;0,0001;0,0000;0;1;1;1;0;0
1,4723;281,1658;7,6000;0,7775;0,0628;0,0000;0,0000;0,0000;0,0000;0,0000;0,0785;1,2500;2,0300;1;0,0001;0,0000;0;1;1;1;0;0
1,4862;281,1951;7,6000;0,7599;0,0634;0,0000;0,0000;0,0000;0,0000;0,0000;0,0793;1,2700;2,0300;1;0,0001;0,0000;0;1;1;1;0;0
1,5000;281,2244;8,6000;0,7427;0,0641;0,0000;0,0000;0,0000;0,0000;0,0000;0,0801;1,2900;2,0300;1;0,0001;0,0000;0;1;1;1;0;0
1,5139;281,2576;8,6000;0,7148;0,0648;0,0000;0,0000;0,0000;0,0000;0,0000;0,0810;1,3000;2,0200;1;0,0001;0,0000;0;1;1;1;0;0
1,5278;281,2907;8,6000;0,6943;0,0655;0,0000;0,0000;0,0000;0,0000;0,0000;0,0819;1,3200;2,0100;1;0,0001;0,0000;0;1;1;1;0;0
1,5417;281,3239;8,6000;0,6766;0,0663;0,0000;0,0000;0,0000;0,0000;0,0000;0,0829;1,3300;2,0100;1;0,0001;0,0000;0;1;1;1;0;0
1,5556;281,3571;8,6000;0,6592;0,0670;0,0000;0,0000;0,0000;0,0000;0,0000;0,0838;1,3500;2,0000;1;0,0001;0,0000;0;1;1;1;0;0
1,5695;281,5925;8,6000;0,6440;0,0678;0,0000;0,0000;0,0000;0,0000;0,0000;0,0847;1,3600;2,0000;1;0,0000;0,0000;0;1;1;1;0;0
1,5834;281,5925;8,6000;0,6290;0,0685;0,0000;0,0000;0,0000;0,0000;0,0000;0,0856;1,3700;2,0000;1;0,0000;0,0000;0;1;1;1;0;0
1,5973;281,5925;8,6000;0,6204;0,0693;0,0000;0,0000;0,0000;0,0000;0,0000;0,0866;1,3900;2,0100;1;0,0000;0,0000;0;1;1;1;0;0
1,6112;281,5925;8,6000;0,6166;0,0700;0,0000;0,0000;0,0000;0,0000;0,0000;0,0875;1,4000;2,0200;1;0,0000;0,0000;0;1;1;1;0;0
1,6250;281,5925;8,6000;0,6133;0,0708;0,0000;0,0000;0,0000;0,0000;0,0000;0,0885;1,4100;2,0300;1;0,0000;0,0000;0;1;1;1;0;0
1,6389;281,5925;8,6000;0,6093;0,0716;0,0000;0,0000;0,0000;0,0000;0,0000;0,0894;1,4300;2,0400;1;0,0000;0,0000;0;1;1;1;0;0
1,6528;281,5925;8,6000;0,6043;0,0723;0,0000;0,0000;0,0000;0,0000;0,0000;0,0904;1,4400;2,0400;1;0,0000;0,0000;0;1;1;1;0;0
1,6667;281,6224;8,6000;0,5962;0,0731;0,0000;0,0000;0,0000;0,0000;0,0000;0,0914;1,4500;2,0500;1;0,0000;0,0000;0;1;1;1;0;0
1,6806;281,6556;8,6000;0,5940;0,0739;0,0000;0,0000;0,0000;0,0000;0,0000;0,0923;1,4700;2,0600;1;0,0000;0,0000;0;1;1;1;0;0
1,6945;281,6888;8,6000;0,5974;0,0746;0,0000;0,0000;0,0000;0,0000;0,0000;0,0933;1,4800;2,0800;1;0,0000;0,0000;0;1;1;1;0;0
1,7084;281,7219;8,6000;0,6088;0,0754;0,0000;0,0000;0,0000;0,0000;0,0000;0,0943;1,5000;2,1000;1;0,0000;0,0000;0;1;1;1;0;0
1,7223;281,7551;8,6000;0,6174;0,0762;0,0000;0,0000;0,0000;0,0000;0,0000;0,0953;1,5100;2,1300;1;0,0000;0,0000;0;1;1;1;0;0
1,7362;281,7882;8,6000;0,6231;0,0770;0,0000;0,0000;0,0000;0,0000;0,0000;0,0963;1,5200;2,1500;1;0,0000;0,0000;0;1;1;1;0;0
1,7500;281,8214;8,6000;0,6231;0,0778;0,0000;0,0000;0,0000;0,0000;0,0000;0,0973;1,5400;2,1600;1;0,0000;0,0000;0;1;1;1;0;0
1,7639;282,0524;8,6000;0,6165;0,0787;0,0000;0,0000;0,0000;0,0000;0,0000;0,0983;1,5500;2,1700;1;0,0000;0,0000;0;1;1;1;0;0
1,7778;282,0524;8,6000;0,5990;0,0795;0,0000;0,0000;0,0000;0,0000;0,0000;0,0994;1,5700;2,1700;1;0,0000;0,0000;0;1;1;1;0;0
1,7917;282,0524;8,6000;0,5804;0,0803;0,0000;0,0000;0,0000;0,0000;0,0000;0,1004;1,5800;2,1600;1;0,0000;0,0000;0;1;1;1;0;0
1,8056;282,0524;8,6000;0,5601;0,0811;0,0000;0,0000;0,0000;0,0000;0,0000;0,1014;1,5900;2,1500;1;0,0000;0,0000;0;1;1;1;0;0
1,8195;282,0524;8,6000;0,5499;0,0820;0,0000;0,0000;0,0000;0,0000;0,0000;0,1024;1,6100;2,1600;1;0,0000;0,0000;0;1;1;1;0;0
1,8334;282,0524;8,6000;0,5412;0,0828;0,0000;0,0000;0,0000;0,0000;0,0000;0,1035;1,6200;2,1600;1;0,0000;0,0000;0;1;1;1;0;0
1,8473;282,0536;8,6000;0,5275;0,0836;0,0000;0,0000;0,0000;0,0000;0,0000;0,1045;1,6300;2,1600;1;0,0000;0,0000;0;1;1;1;0;0
1,8612;282,0867;8,6000;0,5155;0,0845;0,0000;0,0000;0,0000;0,0000;0,0000;0,1056;1,6400;2,1600;1;0,0000;0,0000;0;1;1;1;0;0
1,8750;282,1199;8,6000;0,4988;0,0853;0,0000;0,0000;0,0000;0,0000;0,0000;0,1066;1,6500;2,1500;1;0,0000;0,0000;0;1;1;1;0;0
1,8889;282,1530;8,6000;0,4788;0,0862;0,0000;0,0000;0,0000;0,0000;0,0000;0,1077;1,6700;2,1500;1;0,0000;0,0000;0;1;1;1;0;0
1,9028;282,1862;8,6000;0,4668;0,0870;0,0000;0,0000;0,0000;0,0000;0,0000;0,1088;1,6800;2,1400;1;0,0000;0,0000;0;1;1;1;0;0
1,9167;282,2194;8,6000;0,4556;0,0879;0,0000;0,0000;0,0000;0,0000;0,0000;0,1098;1,6900;2,1400;1;0,0000;0,0000;0;1;1;1;0;0
1,9306;282,2525;8,6000;0,4468;0,0887;0,0000;0,0000;0,0000;0,0000;0,0000;0,1109;1,7000;2,1400;1;0,0000;0,0000;0;1;1;1;0;0
1,9445;282,5042;8,6000;0,4442;0,0896;0,0000;0,0000;0,0000;0,0000;0,0000;0,1120;1,7100;2,1500;1;0,0000;0,0000;0;1;1;1;0;0
1,9584;282,5042;8,9000;0,4443;0,0905;0,0000;0,0000;0,0000;0,0000;0,0000;0,1131;1,7200;2,1600;1;0,0000;0,0000;0;1;1;1;0;0
1,9723;282,5042;8,9000;0,4472;0,0913;0,0000;0,0000;0,0000;0,0000;0,0000;0,1142;1,7300;2,1800;1;0,0000;0,0000;0;1;1;1;0;0
1,9862;282,5042;8,9000;0,4507;0,0923;0,0000;0,0000;0,0000;0,0000;0,0000;0,1153;1,7400;2,1900;1;0,0000;0,0000;0;1;1;1;0;0
2,0000;282,5042;8,9000;0,4537;0,0932;0,0000;0,0000;0,0000;0,0000;0,0000;0,1165;1,7500;2,2100;1;0,0000;0,0000;0;1;1;1;0;0
2,0139;282,5042;8,9000;0,4540;0,0941;0,0000;0,0000;0,0000;0,0000;0,0000;0,1176;1,7600;2,2200;1;0,0000;0,0000;0;1;1;5;0;0
2,0278;282,5042;8,9000;0,4526;0,0950;0,0000;0,0000;0,0000;0,0000;0,0000;0,1188;1,7700;2,2300;1;0,0000;0,0000;0;1;1;5;0;0
2,0417;282,5247;8,9000;0,4489;0,0959;0,0000;0,0000;0,0000;0,0000;0,0000;0,1199;1,7800;2,2300;1;0,0000;0,0000;0;1;1;5;0;0
2,0556;282,5591;8,9000;0,4418;0,0969;0,0000;0,0000;0,0000;0,0000;0,0000;0,1211;1,8000;2,2400;1;0,0000;0,0000;0;1;1;5;0;0
2,0695;282,5934;8,9000;0,4371;0,0978;0,0000;0,0000;0,0000;0,0000;0,0000;0,1223;1,8100;2,2400;1;0,0000;0,0000;0;1;1;5;0;0
2,0834;282,6277;8,9000;0,4342;0,0987;0,0000;0,0000;0,0000;0,0000;0,0000;0,1234;1,8200;2,2500;1;0,0000;0,0000;0;1;1;5;0;0
2,0973;282,6620;8,9000;0,4379;0,0997;0,0000;0,0000;0,0000;0,0000;0,0000;0,1246;1,8300;2,2600;1;0,0000;0,0000;0;1;1;5;0;0
2,1112;282,6964;8,9000;0,4474;0,1007;0,0000;0,0000;0,0000;0,0000;0,0000;0,1258;1,8400;2,2800;1;0,0000;0,0000;0;1;1;5;0;0
2,1250;282,7307;8,9000;0,4605;0,1016;0,0000;0,0000;0,0000;0,0000;0,0000;0,1270;1,8500;2,3100;1;0,0000;0,0000;0;1;1;5;0;0
2,1389;282,9592;8,9000;0,4736;0,1026;0,0000;0,0000;0,0000;0,0000;0,0000;0,1282;1,8600;2,3300;1;0,0000;0,0000;0;1;1;5;0;0
2,1528;282,9592;8,9000;0,4800;0,1035;0,0000;0,0000;0,0000;0,0000;0,0000;0,1294;1,8700;2,3500;1;0,0000;0,0000;0;1;1;5;0;0
2,1667;282,9592;8,9000;0,4857;0,1045;0,0000;0,0000;0,0000;0,0000;0,0000;0,1307;1,8800;2,3700;1;0,0000;0,0000;0;1;1;5;0;0
2,1806;282,9592;8,9000;0,4844;0,1055;0,0000;0,0000;0,0000;0,0000;0,0000;0,1319;1,8900;2,3800;1;0,0000;0,0000;0;1;1;5;0;0
2,1945;282,9592;8,9000;0,4772;0,1065;0,0000;0,0000;0,0000;0,0000;0,0000;0,1331;1,9000;2,3800;1;0,0000;0,0000;0;1;1;5;0;0
2,2084;282,9592;8,9000;0,4564;0,1075;0,0000;0,0000;0,0000;0,0000;0,0000;0,1343;1,9100;2,3700;1;0,0000;0,0000;0;1;1;5;0;0
2,2223;282,9709;8,9000;0,4196;0,1085;0,0000;0,0000;0,0000;0,0000;0,0000;0,1356;1,9200;2,3400;1;0,0000;0,0000;0;1;1;5;0;0
2,2362;283,0052;8,9000;0,3837;0,1094;0,0000;0,0000;0,0000;0,0000;0,0000;0,1368;1,9300;2,3200;1;0,0000;0,0000;0;1;1;5;0;0
2,2500;283,0395;8,9000;0,3398;0,1104;0,0000;0,0000;0,0000;0,0000;0,0000;0,1380;1,9400;2,2800;1;0,0000;0,0000;0;1;1;5;0;0
2,2639;283,0738;8,9000;0,3005;0,1114;0,0000;0,0000;0,0000;0,0000;0,0000;0,1392;1,9400;2,2500;1;0,0000;0,0000;0;1;1;5;0;0
2,2778;283,1081;8,9000;0,2591;0,1123;0,0000;0,0000;0,0000;0,0000;0,0000;0,1404;1,9500;2,2100;1;0,0000;0,0000;0;1;1;5;0;0
2,2917;283,1424;8,9000;0,2075;0,1133;0,0000;0,0000;0,0000;0,0000;0,0000;0,1416;1,9500;2,1600;1;0,0000;0,0000;0;1;1;5;0;0
2,3056;283,1767;8,9000;0,1537;0,1143;0,0000;0,0000;0,0000;0,0000;0,0000;0,1428;1,9600;2,1100;1;0,0000;0,0000;0;1;1;5;0;0
2,3195;283,4182;8,9000;0,1078;0,1152;0,0000;0,0000;0,0000;0,0000;0,0000;0,1440;1,9600;2,0700;1;0,0000;0,0000;0;1;1;5;0;0
2,3334;283,4182;8,9000;0,0620;0,1161;0,0000;0,0000;0,0000;0,0000;0,0000;0,1452;1,9600;2,0200;1;0,0000;0,0000;0;1;1;5;0;0
2,3473;283,4182;8,9000;0,0221;0,1171;0,0000;0,0000;0,0000;0,0000;0,0000;0,1464;1,9600;1,9800;1;0,0000;0,0000;0;1;1;5;0;0
2,3612;283,4182;8,9000;-0,0200;0,1180;0,0000;0,0000;0,0000;0,0000;0,0000;0,1475;1,9600;1,9400;1;0,0000;0,0000;0;1;1;5;0;0
2,3750;283,4182;8,9000;-0,0586;0,1190;0,0000;0,0000;0,0000;0,0000;0,0000;0,1487;1,9600;1,9000;1;0,0000;0,0000;0;1;1;5;0;0
2,3889;283,4182;8,9000;-0,0963;0,1199;0,0000;0,0000;0,0000;0,0000;0,0000;0,1498;1,9600;1,8600;1;0,0000;0,0000;0;1;1;5;0;0
2,4028;283,4182;8,9000;-0,1338;0,1208;0,0000;0,0000;0,0000;0,0000;0,0000;0,1510;1,9500;1,8200;1;0,0000;0,0000;0;1;1;5;0;0
2,4167;283,4513;8,9000;-0,1838;0,1217;0,0000;0,0000;0,0000;0,0000;0,0000;0,1521;1,9500;1,7700;1;0,0000;0,0000;0;1;1;5;0;0
2,4306;283,4856;8,9000;-0,2467;0,1225;0,0000;0,0000;0,0000;0,0000;0,0000;0,1532;1,9400;1,7000;1;0,0000;0,0000;0;1;1;5;0;0
2,4445;283,5199;8,9000;-0,2938;0,1234;0,0000;0,0000;0,0000;0,0000;0,0000;0,1543;1,9400;1,6400;1;0,0000;0,0000;0;1;1;5;0;0
2,4584;283,5542;9,4000;-0,3493;0,1242;0,0000;0,0000;0,0000;0,0000;0,0000;0,1553;1,9300;1,5800;1;0,0000;0,0000;0;1;1;5;0;0
2,4723;283,5905;9,4000;-0,3928;0,1251;0,0000;0,0000;0,0000;0,0000;0,0000;0,1564;1,9200;1,5200;1;0,0000;0,0000;0;1;1;5;0;0
2,4862;283,6267;9,4000;-0,4376;0,1260;0,0000;0,0000;0,0000;0,0000;0,0000;0,1575;1,9100;1,4700;1;0,0000;0,0000;0;1;1;5;0;0
2,5000;283,8720;9,4000;-0,4779;0,1269;0,0000;0,0000;0,0000;0,0000;0,0000;0,1586;1,8900;1,4200;1;0,0000;0,0000;0;1;1;5;0;0
2,5139;283,8720;9,4000;-0,5087;0,1277;0,0000;0,0000;0,0000;0,0000;0,0000;0,1596;1,8800;1,3700;1;0,0000;0,0000;0;1;1;5;0;0
2,5278;283,8720;9,4000;-0,5342;0,1285;0,0000;0,0000;0,0000;0,0000;0,0000;0,1607;1,8700;1,3300;1;0,0000;0,0000;0;1;1;5;0;0
2,5417;283,8720;9,4000;-0,5597;0,1294;0,0000;0,0000;0,0000;0,0000;0,0000;0,1617;1,8500;1,2900;1;0,0000;0,0000;0;1;1;5;0;0
2,5556;283,8720;9,4000;-0,5742;0,1302;0,0000;0,0000;0,0000;0,0000;0,0000;0,1627;1,8400;1,2600;1;0,0000;0,0000;0;1;1;5;0;0
2,5695;283,8720;9,4000;-0,5844;0,1310;0,0000;0,0000;0,0000;0,0000;0,0000;0,1637;1,8200;1,2400;1;0,0000;0,0000;0;1;1;5;0;0
2,5834;283,8805;9,4000;-0,5885;0,1318;0,0000;0,0000;0,0000;0,0000;0,0000;0,1647;1,8100;1,2200;1;0,0000;0,0000;0;1;1;5;0;0
2,5973;283,9167;9,4000;-0,5823;0,1326;0,0000;0,0000;0,0000;0,0000;0,0000;0,1657;1,8000;1,2100;1;0,0000;0,0000;0;1;1;5;0;0
2,6112;283,9530;9,4000;-0,5742;0,1334;0,0000;0,0000;0,0000;0,0000;0,0000;0,1667;1,7800;1,2100;1;0,0000;0,0000;0;1;1;5;0;0
2,6250;283,9893;9,4000;-0,5641;0,1342;0,0000;0,0000;0,0000;0,0000;0,0000;0,1677;1,7700;1,2100;1;0,0000;0,0000;0;1;1;5;0;0
2,6389;284,0255;9,4000;-0,5518;0,1350;0,0000;0,0000;0,0000;0,0000;0,0000;0,1687;1,7600;1,2000;1;0,0000;0,0000;0;1;1;5;0;0
2,6528;284,0618;9,4000;-0,5382;0,1358;0,0000;0,0000;0,0000;0,0000;0,0000;0,1697;1,7400;1,2100;1;0,0000;0,0000;0;1;1;5;0;0
2,6667;284,0980;9,4000;-0,5234;0,1366;0,0000;0,0000;0,0000;0,0000;0,0000;0,1707;1,7300;1,2100;1;0,0000;0,0000;0;1;1;5;0;0
2,6806;284,3275;9,4000;-0,5043;0,1374;0,0000;0,0000;0,0000;0,0000;0,0000;0,1717;1,7200;1,2200;1;0,0000;0,0000;0;1;1;5;0;0
2,6945;284,3275;9,4000;-0,4842;0,1382;0,0000;0,0000;0,0000;0,0000;0,0000;0,1727;1,7100;1,2200;1;0,0000;0,0000;0;1;1;5;0;0
2,7084;284,3275;9,4000;-0,4548;0,1389;0,0000;0,0000;0,0000;0,0000;0,0000;0,1737;1,7000;1,2400;1;0,0000;0,0000;0;1;1;5;0;0
2,7223;284,3275;9,4000;-0,4322;0,1397;0,0000;0,0000;0,0000;0,0000;0,0000;0,1747;1,6900;1,2600;1;0,0000;0,0000;0;1;1;5;0;0
2,7362;284,3275;9,4000;-0,3951;0,1405;0,0000;0,0000;0,0000;0,0000;0,0000;0,1757;1,6800;1,2800;1;0,0000;0,0000;0;1;1;5;0;0
2,7500;284,3275;9,9000;-0,3756;0,1413;0,0000;0,0000;0,0000;0,0000;0,0000;0,1767;1,6700;1,3000;1;0,0000;0,0000;0;1;1;5;0;0
2,7639;284,3537;9,9000;-0,3545;0,1422;0,0000;0,0000;0,0000;0,0000;0,0000;0,1777;1,6600;1,3100;1;0,0000;0,0000;0;1;1;5;0;0
2,7778;284,3919;9,9000;-0,3391;0,1430;0,0000;0,0000;0,0000;0,0000;0,0000;0,1787;1,6500;1,3200;1;0,0000;0,0000;0;1;1;5;0;0
2,7917;284,4301;9,9000;-0,3235;0,1438;0,0000;0,0000;0,0000;0,0000;0,0000;0,1798;1,6500;1,3200;1;0,0000;0,0000;0;1;1;5;0;0
2,8056;284,4682;9,9000;-0,3066;0,1446;0,0000;0,0000;0,0000;0,0000;0,0000;0,1808;1,6400;1,3300;1;0,0000;0,0000;0;1;1;5;0;0
2,8195;284,5064;9,9000;-0,2892;0,1454;0,0000;0,0000;0,0000;0,0000;0,0000;0,1818;1,6300;1,3400;1;0,0000;0,0000;0;1;1;5;0;0
2,8334;284,5446;9,9000;-0,2651;0,1463;0,0000;0,0000;0,0000;0,0000;0,0000;0,1828;1,6200;1,3600;1;0,0000;0,0000;0;1;1;5;0;0
2,8473;284,7862;9,9000;-0,2324;0,1471;0,0000;0,0000;0,0000;0,0000;0,0000;0,1839;1,6200;1,3900;1;0,0000;0,0000;0;1;1;5;0;0
2,8612;284,7862;9,9000;-0,1991;0,1479;0,0000;0,0000;0,0000;0,0000;0,0000;0,1849;1,6100;1,4200;1;0,0000;0,0000;0;1;1;5;0;0
2,8750;284,7862;9,9000;-0,1609;0,1488;0,0000;0,0000;0,0000;0,0000;0,0000;0,1860;1,6100;1,4500;1;0,0000;0,0000;0;1;1;5;0;0
2,8889;284,7862;9,9000;-0,1283;0,1496;0,0000;0,0000;0,0000;0,0000;0,0000;0,1870;1,6100;1,4800;1;0,0000;0,0000;0;1;1;5;0;0
2,9028;284,7862;9,9000;-0,0886;0,1505;0,0000;0,0000;0,0000;0,0000;0,0000;0,1881;1,6100;1,5200;1;0,0000;0,0000;0;1;1;5;0;0
2,9167;284,7862;9,9000;-0,0342;0,1513;0,0000;0,0000;0,0000;0,0000;0,0000;0,1892;1,6100;1,5700;1;0,0000;0,0000;0;1;1;5;0;0
2,9306;284,8119;9,9000;0,0034;0,1522;0,0000;0,0000;0,0000;0,0000;0,0000;0,1903;1,6100;1,6100;1;0,0000;0,0000;0;1;1;5;0;0
2,9445;284,8500;9,9000;0,0374;0,1531;0,0000;0,0000;0,0000;0,0000;0,0000;0,1914;1,6100;1,6500;1;0,0000;0,0000;0;1;1;5;0;0
2,9584;284,8882;9,9000;0,0768;0,1540;0,0000;0,0000;0,0000;0,0000;0,0000;0,1925;1,6100;1,6900;1;0,0000;0,0000;0;1;1;5;0;0
2,9723;284,9264;9,9000;0,1237;0,1549;0,0000;0,0000;0,0000;0,0000;0,0000;0,1936;1,6200;1,7400;1;0,0000;0,0000;0;1;1;5;0;0
2,9862;284,9646;9,9000;0,1736;0,1558;0,0000;0,0000;0,0000;0,0000;0,0000;0,1948;1,6200;1,7900;1;0,0000;0,0000;0;1;1;5;0;0
3,0000;285,0027;9,9000;0,2219;0,1567;0,0000;0,0000;0,0000;0,0000;0,0000;0,1959;1,6300;1,8500;1;0,0000;0,0000;0;1;1;5;0;0
3,0139;285,2391;9,9000;0,2510;0,1576;0,0000;0,0000;0,0000;0,0000;0,0000;0,1971;1,6300;1,8800;1;0,0000;0,0000;0;1;1;3;0;0
3,0278;285,2391;9,9000;0,2939;0,1586;0,0000;0,0000;0,0000;0,0000;0,0000;0,1982;1,6400;1,9300;1;0,0000;0,0000;0;1;1;3;0;0
3,0417;285,2391;9,9000;0,3298;0,1595;0,0000;0,0000;0,0000;0,0000;0,0000;0,1994;1,6500;1,9800;1;0,0000;0,0000;0;1;1;3;0;0
3,0556;285,2391;9,9000;0,3546;0,1605;0,0000;0,0000;0,0000;0,0000;0,0000;0,2006;1,6600;2,0100;1;0,0000;0,0000;0;1;1;3;0;0
3,0695;285,2391;9,9000;0,3794;0,1615;0,0000;0,0000;0,0000;0,0000;0,0000;0,2019;1,6700;2,0500;1;0,0000;0,0000;0;1;1;3;0;0
3,0834;285,2391;9,9000;0,3973;0,1625;0,0000;0,0000;0,0000;0,0000;0,0000;0,2031;1,6800;2,0800;1;0,0000;0,0000;0;1;1;3;0;0
3,0973;285,2700;9,9000;0,4158;0,1635;0,0000;0,0000;0,0000;0,0000;0,0000;0,2043;1,6900;2,1100;1;0,0000;0,0000;0;1;1;3;0;0
3,1112;285,3081;9,9000;0,4336;0,1645;0,0000;0,0000;0,0000;0,0000;0,0000;0,2056;1,7000;2,1400;1;0,0000;0,0000;0;1;1;3;0;0
3,1250;285,3463;9,9000;0,4498;0,1655;0,0000;0,0000;0,0000;0,0000;0,0000;0,2069;1,7100;2,1600;1;0,0000;0,0000;0;1;1;3;0;0
3,1389;285,3845;9,9000;0,4531;0,1665;0,0000;0,0000;0,0000;0,0000;0,0000;0,2082;1,7300;2,1800;1;0,0000;0,0000;0;1;1;3;0;0
3,1528;285,4227;9,9000;0,4464;0,1676;0,0000;0,0000;0,0000;0,0000;0,0000;0,2095;1,7400;2,1900;1;0,0000;0,0000;0;1;1;3;0;0
3,1667;285,4608;9,9000;0,4355;0,1686;0,0000;0,0000;0,0000;0,0000;0,0000;0,2108;1,7500;2,1900;1;0,0000;0,0000;0;1;1;3;0;0
3,1806;285,6967;9,9000;0,4235;0,1696;0,0000;0,0000;0,0000;0,0000;0,0000;0,2121;1,7600;2,1900;1;0,0000;0,0000;0;1;1;3;0;0
3,1945;285,6967;10,1000;0,4080;0,1707;0,0000;0,0000;0,0000;0,0000;0,0000;0,2134;1,7700;2,1800;1;0,0000;0,0000;0;1;1;3;0;0
3,2084;285,6967;10,1000;0,3788;0,1717;0,0000;0,0000;0,0000;0,0000;0,0000;0,2147;1,7800;2,1600;1;0,0000;0,0000;0;1;1;3;0;0
3,2223;285,6967;10,1000;0,3463;0,1728;0,0000;0,0000;0,0000;0,0000;0,0000;0,2160;1,7900;2,1400;1;0,0000;0,0000;0;1;1;3;0;0
3,2362;285,6967;10,1000;0,2868;0,1739;0,0000;0,0000;0,0000;0,0000;0,0000;0,2173;1,8000;2,0900;1;0,0000;0,0000;0;1;1;3;0;0
3,2500;285,6967;10,1000;0,2362;0,1749;0,0000;0,0000;0,0000;0,0000;0,0000;0,2186;1,8100;2,0400;1;0,0000;0,0000;0;1;1;3;0;0
3,2639;285,7319;10,1000;0,1686;0,1759;0,0000;0,0000;0,0000;0,0000;0,0000;0,2199;1,8100;1,9800;1;0,0000;0,0000;0;1;1;3;0;0
3,2778;285,7709;10,1000;0,1007;0,1770;0,0000;0,0000;0,0000;0,0000;0,0000;0,2212;1,8200;1,9200;1;0,0000;0,0000;0;1;1;3;0;0
3,2917;285,8098;10,1000;0,0434;0,1780;0,0000;0,0000;0,0000;0,0000;0,0000;0,2225;1,8200;1,8600;1;0,0000;0,0000;0;1;1;3;0;0
3,3056;285,8488;10,1000;-0,0501;0,1790;0,0000;0,0000;0,0000;0,0000;0,0000;0,2237;1,8200;1,7700;1;0,0000;0,0000;0;1;1;3;0;0
3,3195;285,8877;10,1000;-0,1412;0,1799;0,0000;0,0000;0,0000;0,0000;0,0000;0,2249;1,8100;1,6700;1;0,0000;0,0000;0;1;1;3;0;0
3,3334;286,1515;10,1000;-0,2416;0,1808;0,0000;0,0000;0,0000;0,0000;0,0000;0,2260;1,8100;1,5700;1;0,0000;0,0000;0;1;1;3;0;0
3,3473;286,1515;10,1000;-0,3476;0,1817;0,0000;0,0000;0,0000;0,0000;0,0000;0,2272;1,8000;1,4500;1;0,0000;0,0000;0;1;1;3;0;0
3,3612;286,1515;10,1000;-0,4435;0,1826;0,0000;0,0000;0,0000;0,0000;0,0000;0,2283;1,7900;1,3400;1;0,0000;0,0000;0;1;1;3;0;0
3,3750;286,1515;10,1000;-0,5525;0,1835;0,0000;0,0000;0,0000;0,0000;0,0000;0,2293;1,7700;1,2200;1;0,0000;0,0000;0;1;1;3;0;0
3,3889;286,1515;10,1000;-0,6291;0,1843;0,0000;0,0000;0,0000;0,0000;0,0000;0,2303;1,7600;1,1300;1;0,0000;0,0000;0;1;1;3;0;0
3,4028;286,1515;10,1000;-0,7101;0,1851;0,0000;0,0000;0,0000;0,0000;0,0000;0,2313;1,7400;1,0300;1;0,0000;0,0000;0;1;1;3;0;0
3,4167;286,1603;10,1000;-0,7729;0,1859;0,0000;0,0000;0,0000;0,0000;0,0000;0,2323;1,7200;0,9500;1;0,0000;0,0000;0;1;1;3;0;0
3,4306;286,1993;10,1000;-0,8009;0,1866;0,0000;0,0000;0,0000;0,0000;0,0000;0,2333;1,7000;0,9000;1;0,0000;0,0000;0;1;1;3;0;0
3,4445;286,2383;10,1000;-0,8566;0,1874;0,0000;0,0000;0,0000;0,0000;0,0000;0,2342;1,6800;0,8200;1;0,0000;0,0000;0;1;1;3;0;0
3,4584;286,2772;10,1000;-0,9108;0,1881;0,0000;0,0000;0,0000;0,0000;0,0000;0,2351;1,6600;0,7500;1;0,0000;0,0000;0;1;1;3;0;0
3,4723;286,3162;10,1000;-0,9903;0,1888;0,0000;0,0000;0,0000;0,0000;0,0000;0,2359;1,6300;0,6400;1;0,0000;0,0000;0;1;1;3;0;0
3,4862;286,3551;10,1000;-1,0532;0,1894;0,0000;0,0000;0,0000;0,0000;0,0000;0,2368;1,6000;0,5500;1;0,0000;0,0000;0;1;1;3;0;0
3,5000;286,6077;10,1000;-1,0896;0,1900;0,0000;0,0000;0,0000;0,0000;0,0000;0,2376;1,5800;0,4900;1;0,0000;0,0000;0;1;1;3;0;0
3,5139;286,6077;10,1000;-1,1025;0,1907;0,0000;0,0000;0,0000;0,0000;0,0000;0,2383;1,5500;0,4500;1;0,0000;0,0000;0;1;1;3;0;0
3,5278;286,6077;10,1000;-1,1148;0,1913;0,0000;0,0000;0,0000;0,0000;0,0000;0,2391;1,5200;0,4000;1;0,0000;0,0000;0;1;1;3;0;0
3,5417;286,6077;10,1000;-1,1210;0,1918;0,0000;0,0000;0,0000;0,0000;0,0000;0,2398;1,4900;0,3700;1;0,0000;0,0000;0;1;1;3;0;0
3,5556;286,6077;10,1000;-1,1207;0,1924;0,0000;0,0000;0,0000;0,0000;0,0000;0,2405;1,4600;0,3400;1;0,0000;0,0000;0;1;1;3;0;0
3,5695;286,6077;10,1000;-1,1204;0,1929;0,0000;0,0000;0,0000;0,0000;0,0000;0,2412;1,4300;0,3100;1;0,0000;0,0000;0;1;1;3;0;0
3,5834;286,6278;10,1000;-1,1224;0,1935;0,0000;0,0000;0,0000;0,0000;0,0000;0,2418;1,4100;0,2800;1;0,0000;0,0000;0;1;1;3;0;0
3,5973;286,6668;10,1000;-1,1253;0,1940;0,0000;0,0000;0,0000;0,0000;0,0000;0,2425;1,3800;0,2500;1;0,0000;0,0000;0;1;1;3;0;0
3,6112;286,7058;10,1000;-1,1274;0,1945;0,0000;0,0000;0,0000;0,0000;0,0000;0,2431;1,3500;0,2200;1;0,0000;0,0000;0;1;1;3;0;0
3,6250;286,7448;10,1000;-1,1317;0,1949;0,0000;0,0000;0,0000;0,0000;0,0000;0,2437;1,3200;0,1900;1;0,0000;0,0000;0;1;1;3;0;0
3,6389;286,7837;10,1000;-1,1368;0,1954;0,0000;0,0000;0,0000;0,0000;0,0000;0,2443;1,2900;0,1500;1;0,0000;0,0000;0;1;1;3;0;0
3,6528;286,8227;10,1000;-1,1498;0,1959;0,0000;0,0000;0,0000;0,0000;0,0000;0,2448;1,2600;0,1100;1;0,0000;0,0000;0;1;1;3;0;0
3,6667;287,0637;10,1000;-1,1607;0,1963;0,0000;0,0000;0,0000;0,0000;0,0000;0,2454;1,2300;0,0700;1;0,0000;0,0000;0;1;1;3;0;0
3,6806;287,0637;10,1000;-1,1712;0,1967;0,0000;0,0000;0,0000;0,0000;0,0000;0,2459;1,2000;0,0300;1;0,0000;0,0000;0;1;1;3;0;0
3,6945;287,0637;10,1000;-1,1771;0,1971;0,0000;0,0000;0,0000;0,0000;0,0000;0,2464;1,1700;0,0000;1;0,0000;0,0000;0;1;1;3;0;0
3,7084;287,0637;10,1000;-1,1744;0,1975;0,0000;0,0000;0,0000;0,0000;0,0000;0,2468;1,1400;-0,0300;1;0,0000;0,0000;0;1;1;3;0;0
3,7223;287,0637;10,1000;-1,1634;0,1978;0,0000;0,0000;0,0000;0,0000;0,0000;0,2473;1,1100;-0,0500;1;0,0000;0,0000;0;1;1;3;0;0
3,7362;287,0637;10,1000;-1,1393;0,1982;0,0000;0,0000;0,0000;0,0000;0,0000;0,2477;1,0800;-0,0600;1;0,0000;0,0000;0;1;1;3;0;0
3,7500;287,0954;10,1000;-1,1075;0,1985;0,0000;0,0000;0,0000;0,0000;0,0000;0,2482;1,0600;-0,0500;1;0,0000;0,0000;0;1;1;3;0;0
3,7639;287,1344;10,1000;-1,0679;0,1989;0,0000;0,0000;0,0000;0,0000;0,0000;0,2486;1,0300;-0,0400;1;0,0000;0,0000;0;1;1;3;0;0
3,7778;287,1733;10,1000;-1,0224;0,1992;0,0000;0,0000;0,0000;0,0000;0,0000;0,2490;1,0000;-0,0200;1;0,0000;0,0000;0;1;1;3;0;0
3,7917;287,2123;10,1000;-0,9917;0,1995;0,0000;0,0000;0,0000;0,0000;0,0000;0,2494;0,9800;0,0000;1;0,0000;0,0000;0;1;1;3;0;0
3,8056;287,2513;10,1000;-0,9617;0,1999;0,0000;0,0000;0,0000;0,0000;0,0000;0,2498;0,9500;0,0000;1;0,0000;0,0000;0;1;1;3;0;0
3,8195;287,2902;10,1000;-0,9286;0,2002;0,0000;0,0000;0,0000;0,0000;0,0000;0,2502;0,9300;0,0000;1;0,0000;0,0000;0;1;1;3;0;0
3,8334;287,5191;10,1000;-0,8850;0,2005;0,0000;0,0018;0,0000;0,0000;0,0000;0,2506;0,9100;0,0200;1;0,0000;0,0000;0;1;1;3;0;0
3,8473;287,5191;10,1000;-0,8437;0,2008;0,0000;0,0069;0,0000;0,0000;0,0000;0,2510;0,8800;0,0400;1;0,0000;0,0000;0;1;1;3;0;0
3,8612;287,5191;10,1000;-0,7874;0,2011;0,0000;0,0150;0,0000;0,0000;0,0000;0,2514;0,8600;0,0800;1;0,0000;0,0000;0;1;1;3;0;0
3,8750;287,5191;10,1000;-0,7395;0,2014;0,0000;0,0258;0,0000;0,0000;0,0000;0,2518;0,8500;0,1000;1;0,0000;0,0000;0;1;1;3;0;0
3,8889;287,5191;10,1000;-0,6916;0,2017;0,0000;0,0388;0,0000;0,0000;0,0000;0,2521;0,8300;0,1400;1;0,0000;0,0000;0;1;1;3;0;0
3,9028;287,5240;10,1000;-0,6290;0,2020;0,0000;0,0538;0,0000;0,0000;0,0000;0,2525;0,8100;0,1800;1;0,0000;0,0000;0;1;1;3;0;0
3,9167;287,5630;10,1000;-0,5602;0,2024;0,0000;0,0704;0,0000;0,0000;0,0000;0,2529;0,8000;0,2400;1;0,0000;0,0000;0;1;1;3;0;0
3,9306;287,6020;10,1000;-0,4997;0,2027;0,0000;0,0882;0,0000;0,0000;0,0000;0,2533;0,7800;0,2800;1;0,0000;0,0000;0;1;1;3;0;0
3,9445;287,6409;10,1000;-0,4440;0,2030;0,0000;0,1071;0,0000;0,0000;0,0000;0,2538;0,7700;0,3300;1;0,0000;0,0000;0;1;1;3;0;0
3,9584;287,6799;10,1000;-0,3635;0,2034;0,0000;0,1265;0,0000;0,0000;0,0000;0,2542;0,7600;0,4000;1;0,0000;0,0000;0;1;1;3;0;0
3,9723;287,7188;10,1000;-0,2738;0,2037;0,0000;0,1463;0,0000;0,0000;0,0000;0,2546;0,7600;0,4800;1;0,0000;0,0000;0;1;1;3;0;0
3,9862;287,9758;10,1000;-0,2064;0,2041;0,0000;0,1660;0,0000;0,0000;0,0000;0,2551;0,7500;0,5500;1;0,0000;0,0000;0;1;1;3;0;0
4,0000;287,9758;10,1000;-0,1240;0,2045;0,0000;0,1854;0,0000;0,0000;0,0000;0,2556;0,7500;0,6300;1;0,0000;0,0000;0;1;1;3;0;0
4,0139;287,9758;10,1000;-0,0499;0,2049;0,0000;0,2042;0,0000;0,0000;0,0000;0,2561;0,7500;0,7000;1;0,0000;0,0000;0;1;1;8;0;0
4,0278;287,9758;10,1000;0,0033;0,2053;0,0000;0,2221;0,0000;0,0000;0,0000;0,2567;0,7500;0,7500;1;0,0000;0,0000;0;1;1;8;0;0
4,0417;287,9758;10,1000;0,0511;0,2058;0,0000;0,2388;0,0000;0,0000;0,0000;0,2572;0,7500;0,8000;1;0,0000;0,0000;0;1;1;8;0;0
4,0556;287,9758;10,1000;0,0868;0,2062;0,0000;0,2543;0,0000;0,0000;0,0000;0,2578;0,7500;0,8400;1;0,0000;0,0000;0;1;1;8;0;0
4,0695;287,9916;10,1000;0,1251;0,2066;0,0000;0,2683;0,0000;0,0000;0,0000;0,2583;0,7600;0,8800;1;0,0000;0,0000;0;1;1;8;0;0
4,0834;288,0305;10,1000;0,1593;0,2071;0,0000;0,2808;0,0000;0,0000;0,0000;0,2589;0,7600;0,9200;1;0,0000;0,0000;0;1;1;8;0;0
4,0973;288,0695;10,1000;0,1786;0,2076;0,0000;0,2916;0,0000;0,0000;0,0000;0,2594;0,7700;0,9500;1;0,0000;0,0000;0;1;1;8;0;0
4,1112;288,1085;10,1000;0,1949;0,2080;0,0000;0,3007;0,0000;0,0000;0,0000;0,2600;0,7700;0,9700;1;0,0000;0,0000;0;1;1;8;0;0
4,1250;288,1474;10,1000;0,2036;0,2085;0,0000;0,3082;0,0000;0,0000;0,0000;0,2606;0,7800;0,9800;1;0,0000;0,0000;0;1;1;8;0;0
4,1389;288,1864;10,1000;0,2171;0,2090;0,0000;0,3141;0,0000;0,0000;0,0000;0,2612;0,7800;1,0000;1;0,0000;0,0000;0;1;1;8;0;0
4,1528;288,4309;10,1000;0,2324;0,2095;0,0000;0,3184;0,0000;0,0000;0,0000;0,2618;0,7900;1,0200;1;0,0000;0,0000;0;1;1;8;0;0
4,1667;288,4309;10,1000;0,2423;0,2100;0,0000;0,3212;0,0000;0,0000;0,0000;0,2625;0,8000;1,0400;1;0,0000;0,0000;0;1;1;8;0;0
4,1806;288,4309;10,1000;0,2489;0,2105;0,0000;0,3227;0,0000;0,0000;0,0000;0,2631;0,8100;1,0500;1;0,0000;0,0000;0;1;1;8;0;0
4,1945;288,4309;10,0000;0,2436;0,2110;0,0000;0,3230;0,0000;0,0000;0,0000;0,2637;0,8100;1,0600;1;0,0000;0,0000;0;1;1;8;0;0
4,2084;288,4309;10,0000;0,2362;0,2115;0,0000;0,3224;0,0000;0,0000;0,0000;0,2643;0,8200;1,0500;1;0,0000;0,0000;0;1;1;8;0;0
4,2223;288,4309;10,0000;0,2276;0,2120;0,0000;0,3210;0,0000;0,0000;0,0000;0,2650;0,8200;1,0500;1;0,0000;0,0000;0;1;1;8;0;0
4,2362;288,4579;10,0000;0,2207;0,2125;0,0000;0,3192;0,0000;0,0000;0,0000;0,2656;0,8300;1,0500;1;0,0000;0,0000;0;1;1;8;0;0
4,2500;288,4965;10,0000;0,2128;0,2130;0,0000;0,3172;0,0000;0,0000;0,0000;0,2663;0,8400;1,0500;1;0,0000;0,0000;0;1;1;8;0;0
4,2639;288,5351;10,0000;0,2029;0,2135;0,0000;0,3152;0,0000;0,0000;0,0000;0,2669;0,8400;1,0500;1;0,0000;0,0000;0;1;1;8;0;0
4,2778;288,5737;10,0000;0,1946;0,2140;0,0000;0,3134;0,0000;0,0000;0,0000;0,2675;0,8500;1,0400;1;0,0000;0,0000;0;1;1;8;0;0
4,2917;288,6122;10,0000;0,1850;0,2145;0,0000;0,3119;0,0000;0,0000;0,0000;0,2682;0,8500;1,0400;1;0,0000;0,0000;0;1;1;8;0;0
4,3056;288,6508;10,0000;0,1711;0,2150;0,0000;0,3108;0,0000;0,0000;0,0000;0,2688;0,8600;1,0300;1;0,0000;0,0000;0;1;1;8;0;0
4,3195;288,8875;10,0000;0,1654;0,2156;0,0000;0,3100;0,0000;0,0000;0,0000;0,2695;0,8600;1,0300;1;0,0000;0,0000;0;1;1;8;0;0
4,3334;288,8875;10,0000;0,1578;0,2161;0,0000;0,3096;0,0000;0,0000;0,0000;0,2701;0,8700;1,0300;1;0,0000;0,0000;0;1;1;8;0;0
4,3473;288,8875;10,0000;0,1501;0,2166;0,0000;0,3095;0,0000;0,0000;0,0000;0,2707;0,8700;1,0200;1;0,0000;0,0000;0;1;1;8;0;0
4,3612;288,8875;10,0000;0,1457;0,2171;0,0000;0,3097;0,0000;0,0000;0,0000;0,2714;0,8800;1,0200;1;0,0000;0,0000;0;1;1;8;0;0
4,3750;288,8875;10,0000;0,1440;0,2176;0,0000;0,3101;0,0000;0,0000;0,0000;0,2720;0,8800;1,0300;1;0,0000;0,0000;0;1;1;8;0;0
4,3889;288,8875;10,0000;0,1409;0,2182;0,0000;0,3108;0,0000;0,0000;0,0000;0,2727;0,8900;1,0300;1;0,0000;0,0000;0;1;1;8;0;0
4,4028;288,9208;10,0000;0,1397;0,2187;0,0000;0,3116;0,0000;0,0000;0,0000;0,2733;0,8900;1,0300;1;0,0000;0,0000;0;1;1;8;0;0
4,4167;288,9594;10,0000;0,1379;0,2192;0,0000;0,3127;0,0000;0,0000;0,0000;0,2740;0,8900;1,0300;1;0,0000;0,0000;0;1;1;8;0;0
4,4306;288,9980;10,0000;0,1370;0,2197;0,0000;0,3138;0,0000;0,0000;0,0000;0,2747;0,9000;1,0300;1;0,0000;0,0000;0;1;1;8;0;0
4,4445;289,0366;10,4000;0,1398;0,2203;0,0000;0,3151;0,0000;0,0000;0,0000;0,2753;0,9000;1,0400;1;0,0000;0,0000;0;1;1;8;0;0
4,4584;289,0767;10,4000;0,1534;0,2208;0,0000;0,3166;0,0000;0,0000;0,0000;0,2760;0,9100;1,0600;1;0,0000;0,0000;0;1;1;8;0;0
4,4723;289,3428;10,4000;0,1688;0,2214;0,0000;0,3181;0,0000;0,0000;0,0000;0,2767;0,9100;1,0800;1;0,0000;0,0000;0;1;1;8;0;0
4,4862;289,3428;10,4000;0,1888;0,2219;0,0000;0,3197;0,0000;0,0000;0,0000;0,2774;0,9200;1,1100;1;0,0000;0,0000;0;1;1;8;0;0
4,5000;289,3428;10,4000;0,2267;0,2225;0,0000;0,3214;0,0000;0,0000;0,0000;0,2781;0,9200;1,1500;1;0,0000;0,0000;0;1;1;8;0;0
4,5139;289,3428;10,4000;0,2760;0,2231;0,0000;0,3233;0,0000;0,0000;0,0000;0,2789;0,9300;1,2100;1;0,0000;0,0000;0;1;1;8;0;0
4,5278;289,3428;10,4000;0,3305;0,2237;0,0000;0,3252;0,0000;0,0000;0,0000;0,2796;0,9400;1,2700;1;0,0000;0,0000;0;1;1;8;0;0
4,5417;289,3428;10,4000;0,3661;0,2243;0,0000;0,3272;0,0000;0,0000;0,0000;0,2804;0,9500;1,3100;1;0,0000;0,0000;0;1;1;8;0;0
4,5556;289,3575;10,4000;0,4072;0,2249;0,0000;0,3293;0,0000;0,0000;0,0000;0,2812;0,9600;1,3700;1;0,0000;0,0000;0;1;1;8;0;0
4,5695;289,3976;10,4000;0,4350;0,2256;0,0000;0,3314;0,0000;0,0000;0,0000;0,2820;0,9700;1,4000;1;0,0000;0,0000;0;1;1;8;0;0
4,5834;289,4377;10,4000;0,4751;0,2262;0,0000;0,3337;0,0000;0,0000;0,0000;0,2828;0,9800;1,4600;1;0,0000;0,0000;0;1;1;8;0;0
4,5973;289,4778;10,4000;0,5161;0,2269;0,0000;0,3361;0,0000;0,0000;0,0000;0,2836;1,0000;1,5100;1;0,0000;0,0000;0;1;1;8;0;0
4,6112;289,5180;10,4000;0,5283;0,2276;0,0000;0,3385;0,0000;0,0000;0,0000;0,2845;1,0100;1,5400;1;0,0000;0,0000;0;1;1;8;0;0
4,6250;289,5581;10,4000;0,5481;0,2283;0,0000;0,3411;0,0000;0,0000;0,0000;0,2853;1,0200;1,5700;1;0,0000;0,0000;0;1;1;8;0;0
4,6389;289,7988;10,4000;0,5612;0,2290;0,0000;0,3438;0,0000;0,0000;0,0000;0,2862;1,0400;1,6000;1;0,0000;0,0000;0;1;1;8;0;0
4,6528;289,7988;10,4000;0,5684;0,2297;0,0000;0,3465;0,0000;0,0000;0,0000;0,2871;1,0600;1,6200;1;0,0000;0,0000;0;1;1;8;0;0
4,6667;289,7988;10,4000;0,5700;0,2304;0,0000;0,3494;0,0000;0,0000;0,0000;0,2880;1,0700;1,6400;1;0,0000;0,0000;0;1;1;8;0;0
4,6806;289,7988;10,4000;0,5651;0,2311;0,0000;0,3524;0,0000;0,0000;0,0000;0,2889;1,0900;1,6500;1;0,0000;0,0000;0;1;1;8;0;0
4,6945;289,7988;10,4000;0,5562;0,2318;0,0000;0,3554;0,0000;0,0000;0,0000;0,2898;1,1000;1,6600;1;0,0000;0,0000;0;1;1;8;0;0
4,7084;289,7988;10,4000;0,5455;0,2325;0,0000;0,3586;0,0000;0,0000;0,0000;0,2907;1,1200;1,6600;1;0,0000;0,0000;0;1;1;8;0;0
4,7223;289,8389;10,4000;0,5278;0,2333;0,0000;0,3619;0,0000;0,0000;0,0000;0,2916;1,1300;1,6600;1;0,0000;0,0000;0;1;1;8;0;0
4,7362;289,8790;10,4000;0,5037;0,2340;0,0000;0,3652;0,0000;0,0000;0,0000;0,2925;1,1500;1,6500;1;0,0000;0,0000;0;1;1;8;0;0
4,7500;289,9191;10,4000;0,4811;0,2348;0,0000;0,3686;0,0000;0,0000;0,0000;0,2934;1,1600;1,6400;1;0,0000;0,0000;0;1;1;8;0;0
4,7639;289,9592;10,4000;0,4517;0,2355;0,0000;0,3722;0,0000;0,0000;0,0000;0,2944;1,1700;1,6200;1;0,0000;0,0000;0;1;1;8;0;0
4,7778;289,9993;10,4000;0,4168;0,2362;0,0000;0,3758;0,0000;0,0000;0,0000;0,2953;1,1800;1,6000;1;0,0000;0,0000;0;1;1;8;0;0
4,7917;290,2546;10,4000;0,3721;0,2370;0,0000;0,3794;0,0000;0,0000;0,0000;0,2962;1,2000;1,5700;1;0,0000;0,0000;0;1;1;8;0;0
4,8056;290,2546;10,4000;0,3304;0,2377;0,0000;0,3832;0,0000;0,0000;0,0000;0,2971;1,2000;1,5300;1;0,0000;0,0000;0;1;1;8;0;0
4,8195;290,2546;10,4000;0,2917;0,2384;0,0000;0,3870;0,0000;0,0000;0,0000;0,2980;1,2100;1,5000;1;0,0000;0,0000;0;1;1;8;0;0
4,8334;290,2546;10,4000;0,2497;0,2392;0,0000;0,3909;0,0000;0,0000;0,0000;0,2989;1,2200;1,4700;1;0,0000;0,0000;0;1;1;8;0;0
4,8473;290,2546;10,4000;0,1978;0,2399;0,0000;0,3948;0,0000;0,0000;0,0000;0,2998;1,2300;1,4200;1;0,0000;0,0000;0;1;1;8;0;0
4,8612;290,2546;10,4000;0,1434;0,2406;0,0000;0,3988;0,0000;0,0000;0,0000;0,3007;1,2300;1,3700;1;0,0000;0,0000;0;1;1;8;0;0
4,8750;290,2801;10,4000;0,0903;0,2413;0,0000;0,4028;0,0000;0,0000;0,0000;0,3016;1,2300;1,3200;1;0,0000;0,0000;0;1;1;8;0;0
4,8889;290,3202;10,4000;0,0381;0,2420;0,0000;0,4068;0,0000;0,0000;0,0000;0,3025;1,2300;1,2700;1;0,0000;0,0000;0;1;1;8;0;0
4,9028;290,3604;10,4000;-0,0217;0,2427;0,0000;0,4108;0,0000;0,0000;0,0000;0,3033;1,2300;1,2100;1;0,0000;0,0000;0;1;1;8;0;0
4,9167;290,4005;10,4000;-0,0780;0,2433;0,0000;0,4149;0,0000;0,0000;0,0000;0,3042;1,2300;1,1500;1;0,0000;0,0000;0;1;1;8;0;0
4,9306;290,4406;10,4000;-0,1383;0,2440;0,0000;0,4189;0,0000;0,0000;0,0000;0,3050;1,2300;1,0900;1;0,0000;0,0000;0;1;1;8;0;0
4,9445;290,4807;10,5000;-0,1977;0,2446;0,0000;0,4230;0,0000;0,0000;0,0000;0,3058;1,2200;1,0300;1;0,0000;0,0000;0;1;1;8;0;0
4,9584;290,7104;10,5000;-0,2561;0,2452;0,0000;0,4270;0,0000;0,0000;0,0000;0,3066;1,2200;0,9600;1;0,0000;0,0000;0;1;1;8;0;0
4,9723;290,7104;10,5000;-0,3153;0,2459;0,0000;0,4310;0,0000;0,0000;0,0000;0,3073;1,2100;0,8900;1;0,0000;0,0000;0;1;1;8;0;0
4,9862;290,7104;10,5000;-0,3869;0,2464;0,0000;0,4350;0,0000;0,0000;0,0000;0,3081;1,2000;0,8100;1;0,0000;0,0000;0;1;1;8;0;0
5,0000;290,7104;10,5000;-0,4457;0,2470;0,0000;0,4389;0,0000;0,0000;0,0000;0,3088;1,1900;0,7400;1;0,0000;0,0000;0;1;1;8;0;0
5,0139;290,7104;10,5000;-0,4962;0,2476;0,0000;0,4428;0,0000;0,0000;0,0000;0,3095;1,1800;0,6800;1;0,0000;0,0000;0;1;1;3;1;0
5,0278;290,7237;10,5000;-0,5457;0,2481;0,0000;0,4466;0,0000;0,0000;0,0000;0,3101;1,1600;0,6200;1;0,0000;0,0000;0;1;1;3;1;0
5,0417;290,7642;10,5000;-0,5835;0,2486;0,0000;0,4503;0,0000;0,0000;0,0000;0,3108;1,1500;0,5600;1;0,0000;0,0000;0;1;1;3;1;0
5,0556;290,8047;10,5000;-0,6131;0,2491;0,0000;0,4540;0,0000;0,0000;0,0000;0,3114;1,1300;0,5200;1;0,0000;0,0000;0;1;1;3;1;0
5,0695;290,8452;10,5000;-0,6430;0,2496;0,0000;0,4576;0,0000;0,0000;0,0000;0,3120;1,1100;0,4700;1;0,0000;0,0000;0;1;1;3;1;0
5,0834;290,8857;10,5000;-0,6647;0,2501;0,0000;0,4611;0,0000;0,0000;0,0000;0,3126;1,1000;0,4300;1;0,0000;0,0000;0;1;1;3;1;0
5,0973;290,9262;10,5000;-0,6871;0,2506;0,0000;0,4645;0,0000;0,0000;0,0000;0,3132;1,0800;0,3900;1;0,0000;0,0000;0;1;1;3;1;0
5,1112;291,1664;10,5000;-0,7000;0,2510;0,0000;0,4678;0,0000;0,0000;0,0000;0,3137;1,0600;0,3600;1;0,0000;0,0000;0;1;1;3;1;0
5,1250;291,1664;10,5000;-0,7087;0,2514;0,0000;0,4711;0,0000;0,0000;0,0000;0,3143;1,0400;0,3300;1;0,0000;0,0000;0;1;1;3;1;0
5,1389;291,1664;10,5000;-0,7123;0,2518;0,0000;0,4742;0,0000;0,0000;0,0000;0,3148;1,0200;0,3100;1;0,0000;0,0000;0;1;1;3;1;0
5,1528;291,1664;10,5000;-0,7104;0,2522;0,0000;0,4773;0,0000;0,0000;0,0000;0,3153;1,0000;0,2900;1;0,0000;0,0000;0;1;1;3;1;0
5,1667;291,1664;10,5000;-0,7018;0,2526;0,0000;0,4802;0,0000;0,0000;0,0000;0,3158;0,9800;0,2800;1;0,0000;0,0000;0;1;1;3;1;0
5,1806;291,1693;10,5000;-0,6856;0,2530;0,0000;0,4831;0,0000;0,0000;0,0000;0,3163;0,9600;0,2700;1;0,0000;0,0000;0;1;1;3;1;0
5,1945;291,2098;10,5000;-0,6680;0,2534;0,0000;0,4859;0,0000;0,0000;0,0000;0,3167;0,9400;0,2700;1;0,0000;0,0000;0;1;1;3;1;0
5,2084;291,2503;10,5000;-0,6540;0,2538;0,0000;0,4886;0,0000;0,0000;0,0000;0,3172;0,9200;0,2700;1;0,0000;0,0000;0;1;1;3;1;0
5,2223;291,2908;10,5000;-0,6410;0,2541;0,0000;0,4912;0,0000;0,0000;0,0000;0,3177;0,9100;0,2600;1;0,0000;0,0000;0;1;1;3;1;0
5,2362;291,3313;10,5000;-0,6358;0,2545;0,0000;0,4938;0,0000;0,0000;0,0000;0,3181;0,8900;0,2500;1;0,0000;0,0000;0;1;1;3;1;0
5,2500;291,3718;10,5000;-0,6386;0,2548;0,0000;0,4963;0,0000;0,0000;0,0000;0,3186;0,8700;0,2300;1;0,0000;0,0000;0;1;1;3;1;0
5,2639;291,6222;10,5000;-0,6513;0,2552;0,0000;0,4988;0,0000;0,0000;0,0000;0,3190;0,8500;0,2000;1;0,0000;0,0000;0;1;1;3;1;0
5,2778;291,6222;10,5000;-0,6640;0,2555;0,0000;0,5011;0,0000;0,0000;0,0000;0,3194;0,8300;0,1700;1;0,0000;0,0000;0;1;1;3;1;0
5,2917;291,6222;10,5000;-0,6781;0,2558;0,0000;0,5034;0,0000;0,0000;0,0000;0,3197;0,8100;0,1400;1;0,0000;0,0000;0;1;1;3;1;0
5,3056;291,6222;10,5000;-0,6971;0,2561;0,0000;0,5057;0,0000;0,0000;0,0000;0,3201;0,7900;0,1000;1;0,0000;0,0000;0;1;1;3;1;0
5,3195;291,6222;10,5000;-0,7172;0,2564;0,0000;0,5078;0,0000;0,0000;0,0000;0,3204;0,7700;0,0600;1;0,0000;0,0000;0;1;1;3;1;0
5,3334;291,6222;10,5000;-0,7337;0,2566;0,0000;0,5099;0,0000;0,0000;0,0000;0,3208;0,7500;0,0200;1;0,0000;0,0000;0;1;1;3;1;0
5,3473;291,6554;10,5000;-0,7538;0,2569;0,0000;0,5120;0,0000;0,0000;0,0000;0,3211;0,7300;-0,0200;1;0,0000;0,0000;0;1;1;3;1;0
5,3612;291,6959;10,5000;-0,7796;0,2571;0,0000;0,5139;0,0000;0,0000;0,0000;0,3214;0,7100;-0,0700;1;0,0000;0,0000;0;1;1;3;1;0
5,3750;291,7364;10,5000;-0,8000;0,2573;0,0000;0,5158;0,0000;0,0000;0,0000;0,3216;0,6900;-0,1100;1;0,0000;0,0000;0;1;1;3;1;0
5,3889;291,7769;10,5000;-0,8211;0,2575;0,0000;0,5176;0,0000;0,0000;0,0000;0,3219;0,6700;-0,1500;1;0,0000;0,0000;0;1;1;3;1;0
5,4028;291,8174;10,5000;-0,8318;0,2577;0,0000;0,5193;0,0000;0,0000;0,0000;0,3221;0,6400;-0,1900;1;0,0000;0,0000;0;1;1;3;1;0
5,4167;292,0781;10,5000;-0,8454;0,2578;0,0000;0,5209;0,0000;0,0000;0,0000;0,3223;0,6200;-0,2200;1;0,0000;0,0000;0;1;1;3;1;0
5,4306;292,0781;10,5000;-0,8498;0,2580;0,0000;0,5224;0,0000;0,0000;0,0000;0,3225;0,6000;-0,2500;1;0,0000;0,0000;0;1;1;3;1;0
5,4445;292,0781;10,5000;-0,8515;0,2581;0,0000;0,5238;0,0000;0,0000;0,0000;0,3226;0,5700;-0,2800;1;0,0000;0,0000;0;1;1;3;1;0
5,4584;292,0781;10,5000;-0,8527;0,2583;0,0000;0,5252;0,0000;0,0000;0,0000;0,3228;0,5500;-0,3000;1;0,0000;0,0000;0;1;1;3;1;0
5,4723;292,0781;10,5000;-0,8465;0,2584;0,0000;0,5264;0,0000;0,0000;0,0000;0,3230;0,5300;-0,3200;1;0,0000;0,0000;0;1;1;3;1;0
5,4862;292,0781;10,5000;-0,8433;0,2585;0,0000;0,5276;0,0000;0,0000;0,0000;0,3232;0,5100;-0,3400;1;0,0000;0,0000;0;1;1;3;1;0
5,5000;292,1010;10,5000;-0,8292;0,2586;0,0000;0,5287;0,0000;0,0000;0,0000;0,3233;0,4800;-0,3400;1;0,0000;0,0000;0;1;1;3;1;0
5,5139;292,1415;10,5000;-0,8148;0,2588;0,0000;0,5298;0,0000;0,0000;0,0000;0,3234;0,4600;-0,3500;1;0,0000;0,0000;0;1;1;3;1;0
5,5278;292,1820;10,5000;-0,7904;0,2589;0,0000;0,5308;0,0000;0,0000;0,0000;0,3236;0,4400;-0,3500;1;0,0000;0,0000;0;1;1;3;1;0
5,5417;292,2225;10,5000;-0,7667;0,2590;0,0000;0,5317;0,0000;0,0000;0,0000;0,3237;0,4200;-0,3400;1;0,0000;0,0000;0;1;1;3;1;0
5,5556;292,2630;10,5000;-0,7620;0,2590;0,0000;0,5326;0,0000;0,0000;0,0000;0,3238;0,4000;-0,3600;1;0,0000;0,0000;0;1;1;3;1;0
5,5695;292,3035;10,5000;-0,7188;0,2591;0,0000;0,5334;0,0000;0,0000;0,0000;0,3239;0,3800;-0,3400;1;0,0000;0,0000;0;1;1;3;1;0
5,5834;292,5343;10,5000;-0,6835;0,2592;0,0000;0,5342;0,0000;0,0000;0,0000;0,3240;0,3700;-0,3200;1;0,0000;0,0000;0;1;1;3;1;0
5,5973;292,5343;10,5000;-0,6418;0,2593;0,0000;0,5349;0,0000;0,0000;0,0000;0,3241;0,3500;-0,2900;1;0,0000;0,0000;0;1;1;3;1;0
5,6112;292,5343;10,5000;-0,6176;0,2594;0,0000;0,5356;0,0000;0,0000;0,0000;0,3242;0,3300;-0,2800;1;0,0000;0,0000;0;1;1;3;1;0
5,6250;292,5343;10,5000;-0,5763;0,2594;0,0000;0,5362;0,0000;0,0000;0,0000;0,3243;0,3200;-0,2600;1;0,0000;0,0000;0;1;1;3;1;0
5,6389;292,5343;10,5000;-0,5680;0,2595;0,0000;0,5368;0,0000;0,0000;0,0000;0,3244;0,3000;-0,2600;1;0,0000;0,0000;0;1;1;3;1;0
5,6528;292,5466;10,5000;-0,5664;0,2596;0,0000;0,5374;0,0000;0,0000;0,0000;0,3245;0,2900;-0,2800;1;0,0000;0,0000;0;1;1;3;1;0
5,6667;292,5871;10,5000;-0,5660;0,2596;0,0000;0,5380;0,0000;0,0000;0,0000;0,3245;0,2700;-0,2900;1;0,0000;0,0000;0;1;1;3;1;0
5,6806;292,6276;10,5000;-0,5660;0,2597;0,0000;0,5385;0,0000;0,0000;0,0000;0,3246;0,2600;-0,3100;1;0,0000;0,0000;0;1;1;3;1;0
5,6945;292,6681;10,5000;-0,5660;0,2597;0,0000;0,5390;0,0000;0,0000;0,0000;0,3246;0,2400;-0,3200;1;0,0000;0,0000;0;1;1;3;1;0
5,7084;292,7086;10,8000;-0,5659;0,2597;0,0000;0,5394;0,0000;0,0000;0,0000;0,3247;0,2300;-0,3400;1;0,0000;0,0000;0;1;1;3;1;0
5,7223;292,7503;10,8000;-0,4222;0,2598;0,0000;0,5398;0,0000;0,0000;0,0000;0,3247;0,2200;-0,2000;1;0,0000;0,0000;0;1;1;3;1;0
5,7362;292,9893;10,8000;-0,3935;0,2598;0,0000;0,5402;0,0000;0,0000;0,0000;0,3248;0,2100;-0,1900;1;0,0000;0,0000;0;1;1;3;1;0
5,7500;292,9893;10,8000;-0,3877;0,2599;0,0000;0,5406;0,0000;0,0000;0,0000;0,3249;0,2000;-0,1900;1;0,0000;0,0000;0;1;1;3;1;0
5,7639;292,9893;10,8000;-0,3866;0,2599;0,0000;0,5409;0,0000;0,0000;0,0000;0,3249;0,1900;-0,2000;1;0,0000;0,0000;0;1;1;3;1;0
5,7778;292,9893;10,8000;-0,2564;0,2600;0,0000;0,5413;0,0000;0,0000;0,0000;0,3250;0,1800;-0,0800;1;0,0000;0,0000;0;1;1;3;1;0
5,7917;292,9893;10,8000;-0,2306;0,2600;0,0000;0,5416;0,0000;0,0000;0,0000;0,3251;0,1700;-0,0600;1;0,0000;0,0000;0;1;1;3;1;0
5,8056;293,0003;10,8000;-0,2254;0,2601;0,0000;0,5419;0,0000;0,0000;0,0000;0,3251;0,1700;-0,0600;1;0,0000;0,0000;0;1;1;3;1;0
5,8195;293,0419;10,8000;-0,1467;0,2602;0,0000;0,5422;0,0000;0,0000;0,0000;0,3252;0,1600;0,0000;1;0,0000;0,0000;0;1;1;3;1;0
5,8334;293,0836;10,8000;-0,1308;0,2603;0,0000;0,5425;0,0000;0,0000;0,0000;0,3253;0,1600;0,0300;1;0,0000;0,0000;0;1;1;3;1;0
5,8473;293,1253;10,8000;-0,1013;0,2603;0,0000;0,5428;0,0000;0,0000;0,0000;0,3254;0,1600;0,0600;1;0,0000;0,0000;0;1;1;3;1;0
5,8612;293,1669;10,8000;-0,0922;0,2604;0,0000;0,5431;0,0000;0,0000;0,0000;0,3255;0,1600;0,0600;1;0,0000;0,0000;0;1;1;3;1;0
5,8750;293,2086;10,8000;-0,0873;0,2605;0,0000;0,5435;0,0000;0,0000;0,0000;0,3256;0,1500;0,0700;1;0,0000;0,0000;0;1;1;3;1;0
5,8889;293,4464;10,8000;-0,0912;0,2606;0,0000;0,5438;0,0000;0,0000;0,0000;0,3258;0,1500;0,0600;1;0,0000;0,0000;0;1;1;3;1;0
5,9028;293,4464;10,8000;-0,0981;0,2607;0,0000;0,5442;0,0000;0,0000;0,0000;0,3259;0,1500;0,0500;1;0,0000;0,0000;0;1;1;3;1;0
5,9167;293,4464;10,8000;-0,1083;0,2608;0,0000;0,5446;0,0000;0,0000;0,0000;0,3260;0,1500;0,0400;1;0,0000;0,0000;0;1;1;3;1;0
5,9306;293,4464;10,8000;-0,1103;0,2608;0,0000;0,5450;0,0000;0,0000;0,0000;0,3260;0,1500;0,0300;1;0,0000;0,0000;0;1;1;3;1;0
5,9445;293,4464;10,8000;-0,1172;0,2609;0,0000;0,5454;0,0000;0,0000;0,0000;0,3261;0,1400;0,0300;1;0,0000;0,0000;0;1;1;3;1;0
5,9584;293,4586;10,8000;-0,1390;0,2610;0,0000;0,5458;0,0000;0,0000;0,0000;0,3262;0,1400;0,0000;1;0,0000;0,0000;0;1;1;3;1;0
5,9723;293,5002;10,8000;-0,1466;0,2610;0,0000;0,5462;0,0000;0,0000;0,0000;0,3263;0,1400;0,0000;1;0,0000;0,0000;0;1;1;3;1;0
5,9862;293,5419;10,8000;-0,1484;0,2611;0,0000;0,5466;0,0000;0,0000;0,0000;0,3264;0,1300;0,0000;1;0,0000;0,0000;0;1;1;3;1;0
6,0000;293,5836;10,8000;-0,1353;0,2612;0,0000;0,5470;0,0000;0,0000;0,0000;0,3265;0,1300;0,0000;1;0,0000;0,0000;0;1;1;3;1;0
6,0139;293,6252;10,8000;-0,1169;0,2612;0,0000;0,5474;0,0000;0,0000;0,0000;0,3266;0,1300;0,0000;1;0,0000;0,0000;0;1;1;3;1;0
6,0278;293,6669;10,8000;-0,0873;0,2613;0,0000;0,5478;0,0000;0,0000;0,0000;0,3266;0,1300;0,0400;1;0,0000;0,0000;0;1;1;9;0;0
6,0417;293,8998;10,8000;-0,0815;0,2614;0,0000;0,5482;0,0000;0,0000;0,0000;0,3267;0,1200;0,0400;1;0,0000;0,0000;0;1;1;9;0;0
6,0556;293,8998;10,8000;-0,0523;0,2614;0,0000;0,5486;0,0000;0,0000;0,0000;0,3268;0,1200;0,0700;1;0,0000;0,0000;0;1;1;9;0;0
6,0695;293,8998;10,8000;-0,0172;0,2615;0,0000;0,5490;0,0000;0,0000;0,0000;0,3268;0,1200;0,1000;1;0,0000;0,0000;0;1;1;9;0;0
6,0834;293,8998;10,8000;0,0081;0,2615;0,0000;0,5493;0,0000;0,0000;0,0000;0,3269;0,1200;0,1300;1;0,0000;0,0000;0;1;1;9;0;0
6,0973;293,8998;10,8000;0,0513;0,2616;0,0000;0,5497;0,0000;0,0000;0,0000;0,3270;0,1300;0,1800;1;0,0000;0,0000;0;1;1;9;0;0
6,1112;293,9169;10,8000;0,0600;0,2617;0,0000;0,5501;0,0000;0,0000;0,0000;0,3271;0,1300;0,1900;1;0,0000;0,0000;0;1;1;9;0;0
6,1250;293,9586;10,8000;0,1235;0,2618;0,0000;0,5504;0,0000;0,0000;0,0000;0,3272;0,1300;0,2600;1;0,0000;0,0000;0;1;1;9;0;0
6,1389;294,0002;10,8000;0,1779;0,2619;0,0000;0,5508;0,0000;0,0000;0,0000;0,3274;0,1400;0,3200;1;0,0000;0,0000;0;1;1;9;0;0
6,1528;294,0419;10,8000;0,1887;0,2620;0,0000;0,5512;0,0000;0,0000;0,0000;0,3275;0,1400;0,3300;1;0,0000;0,0000;0;1;1;9;0;0
6,1667;294,0836;10,8000;0,2156;0,2621;0,0000;0,5516;0,0000;0,0000;0,0000;0,3277;0,1500;0,3700;1;0,0000;0,0000;0;1;1;9;0;0
6,1806;294,1252;10,8000;0,3049;0,2623;0,0000;0,5520;0,0000;0,0000;0,0000;0,3279;0,1600;0,4600;1;0,0000;0,0000;0;1;1;9;0;0
6,1945;294,3583;10,8000;0,3701;0,2625;0,0000;0,5525;0,0000;0,0000;0,0000;0,3281;0,1700;0,5400;1;0,0000;0,0000;0;1;1;9;0;0
6,2084;294,3583;10,8000;0,4244;0,2626;0,0000;0,5530;0,0000;0,0000;0,0000;0,3283;0,1800;0,6100;1;0,0000;0,0000;0;1;1;9;0;0
6,2223;294,3583;10,8000;0,4896;0,2628;0,0000;0,5535;0,0000;0,0000;0,0000;0,3286;0,2000;0,6900;1;0,0000;0,0000;0;1;1;9;0;0
6,2362;294,3583;10,8000;0,5792;0,2631;0,0000;0,5541;0,0000;0,0000;0,0000;0,3289;0,2100;0,7900;1;0,0000;0,0000;0;1;1;9;0;0
6,2500;294,3583;10,8000;0,6585;0,2634;0,0000;0,5548;0,0000;0,0000;0,0000;0,3292;0,2300;0,8900;1;0,0000;0,0000;0;1;1;9;0;0
6,2639;294,3752;10,8000;0,6745;0,2637;0,0000;0,5556;0,0000;0,0000;0,0000;0,3296;0,2500;0,9300;1;0,0000;0,0000;0;1;1;9;0;0
6,2778;294,4169;10,8000;0,7734;0,2640;0,0000;0,5564;0,0000;0,0000;0,0000;0,3300;0,2700;1,0500;1;0,0000;0,0000;0;1;1;9;0;0
6,2917;294,4586;10,8000;0,8971;0,2643;0,0000;0,5574;0,0000;0,0000;0,0000;0,3304;0,3000;1,2000;1;0,0000;0,0000;0;1;1;9;0;0
6,3056;294,5002;10,8000;0,9559;0,2647;0,0000;0,5584;0,0000;0,0000;0,0000;0,3309;0,3300;1,2800;1;0,0000;0,0000;0;1;1;9;0;0
6,3195;294,5419;10,8000;0,9717;0,2651;0,0000;0,5596;0,0000;0,0000;0,0000;0,3314;0,3500;1,3200;1;0,0000;0,0000;0;1;1;9;0;0
6,3334;294,5836;10,8000;0,9733;0,2655;0,0000;0,5609;0,0000;0,0000;0,0000;0,3319;0,3800;1,3500;1;0,0000;0,0000;0;1;1;9;0;0
6,3473;294,8126;10,8000;0,9639;0,2660;0,0000;0,5622;0,0000;0,0000;0,0000;0,3325;0,4100;1,3700;1;0,0000;0,0000;0;1;1;9;0;0
6,3612;294,8126;10,8000;0,9537;0,2664;0,0000;0,5637;0,0000;0,0000;0,0000;0,3330;0,4300;1,3900;1;0,0000;0,0000;0;1;1;9;0;0
6,3750;294,8126;10,8000;0,9516;0,2669;0,0000;0,5653;0,0000;0,0000;0,0000;0,3336;0,4600;1,4100;1;0,0000;0,0000;0;1;1;9;0;0
6,3889;294,8126;10,8000;0,9291;0,2673;0,0000;0,5670;0,0000;0,0000;0,0000;0,3342;0,4900;1,4200;1;0,0000;0,0000;0;1;1;9;0;0
6,4028;294,8126;10,8000;0,8863;0,2678;0,0000;0,5688;0,0000;0,0000;0,0000;0,3348;0,5100;1,4000;1;0,0000;0,0000;0;1;1;9;0;0
6,4167;294,8335;10,8000;0,8777;0,2683;0,0000;0,5707;0,0000;0,0000;0,0000;0,3354;0,5400;1,4200;1;0,0000;0,0000;0;1;1;9;0;0
6,4306;294,8752;10,8000;0,9338;0,2688;0,0000;0,5726;0,0000;0,0000;0,0000;0,3360;0,5700;1,5000;1;0,0000;0,0000;0;1;1;9;0;0
6,4445;294,9168;10,8000;0,9262;0,2694;0,0000;0,5747;0,0000;0,0000;0,0000;0,3367;0,5900;1,5200;1;0,0000;0,0000;0;1;1;9;0;0
6,4584;294,9585;10,8000;0,9454;0,2699;0,0000;0,5768;0,0000;0,0000;0,0000;0,3374;0,6200;1,5600;1;0,0000;0,0000;0;1;1;9;0;0
6,4723;295,0002;10,8000;0,9358;0,2705;0,0000;0,5789;0,0000;0,0000;0,0000;0,3381;0,6400;1,5800;1;0,0000;0,0000;0;1;1;9;0;0
6,4862;295,2693;10,8000;0,9339;0,2711;0,0000;0,5811;0,0000;0,0000;0,0000;0,3388;0,6700;1,6100;1;0,0000;0,0000;0;1;1;9;0;0
6,5000;295,2693;10,8000;0,9129;0,2716;0,0000;0,5834;0,0000;0,0000;0,0000;0,3396;0,7000;1,6100;1;0,0000;0,0000;0;1;1;9;0;0
6,5139;295,2693;10,8000;0,8559;0,2722;0,0000;0,5857;0,0000;0,0000;0,0000;0,3403;0,7200;1,5800;1;0,0000;0,0000;0;1;1;9;0;0
6,5278;295,2693;10,8000;0,8349;0,2728;0,0000;0,5881;0,0000;0,0000;0,0000;0,3410;0,7500;1,5800;1;0,0000;0,0000;0;1;1;9;0;0
6,5417;295,2693;10,8000;0,8245;0,2734;0,0000;0,5905;0,0000;0,0000;0,0000;0,3418;0,7700;1,5900;1;0,0000;0,0000;0;1;1;9;0;0
6,5556;295,2693;10,8000;0,8024;0,2741;0,0000;0,5929;0,0000;0,0000;0,0000;0,3426;0,7900;1,5900;1;0,0000;0,0000;0;1;1;9;0;0
6,5695;295,2918;10,8000;0,7980;0,2747;0,0000;0,5954;0,0000;0,0000;0,0000;0,3434;0,8100;1,6100;1;0,0000;0,0000;0;1;1;9;0;0
6,5834;295,3334;10,8000;0,7915;0,2753;0,0000;0,5978;0,0000;0,0000;0,0000;0,3442;0,8400;1,6300;1;0,0000;0,0000;0;1;1;9;0;0
6,5973;295,3751;10,8000;0,7790;0,2760;0,0000;0,6003;0,0000;0,0000;0,0000;0,3450;0,8600;1,6400;1;0,0000;0,0000;0;1;1;9;0;0
6,6112;295,4167;10,8000;0,7923;0,2767;0,0000;0,6028;0,0000;0,0000;0,0000;0,3458;0,8800;1,6700;1;0,0000;0,0000;0;1;1;9;0;0
6,6250;295,4584;10,8000;0,8357;0,2774;0,0000;0,6053;0,0000;0,0000;0,0000;0,3467;0,9100;1,7400;1;0,0000;0,0000;0;1;1;9;0;0
6,6389;295,7260;10,8000;0,9175;0,2781;0,0000;0,6079;0,0000;0,0000;0,0000;0,3477;0,9300;1,8500;1;0,0000;0,0000;0;1;1;9;0;0
6,6528;295,7260;10,8000;0,9834;0,2789;0,0000;0,6105;0,0000;0,0000;0,0000;0,3486;0,9600;1,9400;1;0,0000;0,0000;0;1;1;9;0;0
6,6667;295,7260;10,8000;1,0334;0,2797;0,0000;0,6131;0,0000;0,0000;0,0000;0,3497;0,9900;2,0200;1;0,0000;0,0000;0;1;1;9;0;0
6,6806;295,7260;10,8000;1,1334;0,2806;0,0000;0,6158;0,0000;0,0000;0,0000;0,3507;1,0200;2,1500;1;0,0000;0,0000;0;1;1;9;0;0
6,6945;295,7260;11,0000;1,1534;0,2814;0,0000;0,6185;0,0000;0,0000;0,0000;0,3518;1,0500;2,2100;1;0,0000;0,0000;0;1;1;9;0;0
6,7084;295,7260;11,0000;1,2456;0,2824;0,0000;0,6213;0,0000;0,0000;0,0000;0,3530;1,0900;2,3400;1;0,0000;0,0000;0;1;1;9;0;0
6,7223;295,7515;11,0000;1,3818;0,2834;0,0000;0,6242;0,0000;0,0000;0,0000;0,3542;1,1300;2,5100;1;0,0000;0,0000;0;1;1;9;0;0
6,7362;295,7939;11,0000;1,6838;0,2844;0,0000;0,6272;0,0000;0,0000;0,0000;0,3556;1,1800;2,8600;1;0,0000;0,0000;0;1;1;9;0;0
6,7500;295,8364;11,0000;1,8341;0,2856;0,0000;0,6303;0,0000;0,0000;0,0000;0,3570;1,2300;3,0600;1;0,0000;0,0000;0;1;1;9;0;0
6,7639;295,8788;11,0000;1,9874;0,2867;0,0000;0,6335;0,0000;0,0000;0,0000;0,3584;1,2900;3,2700;1;0,0000;0,0000;0;1;1;9;0;0
6,7778;295,9212;11,0000;2,2072;0,2880;0,0000;0,6368;0,0000;0,0000;0,0000;0,3601;1,3500;3,5600;1;0,0000;0,0000;0;1;1;9;0;0
6,7917;296,1780;11,0000;2,2513;0,2894;0,0000;0,6403;0,0000;0,0000;0,0000;0,3617;1,4100;3,6700;1;0,0000;0,0000;0;1;1;9;0;0
6,8056;296,1780;11,0000;2,3107;0,2908;0,0000;0,6440;0,0000;0,0000;0,0000;0,3635;1,4800;3,7900;1;0,0000;0,0000;0;1;1;9;0;0
6,8195;296,1780;11,0000;2,4087;0,2922;0,0000;0,6478;0,0000;0,0000;0,0000;0,3653;1,5500;3,9600;1;0,0000;0,0000;0;1;1;9;0;0
6,8334;296,1780;11,0000;2,4906;0,2937;0,0000;0,6518;0,0000;0,0000;0,0000;0,3672;1,6200;4,1100;1;0,0000;0,0000;0;1;1;9;0;0
6,8473;296,1780;11,0000;2,4963;0,2953;0,0000;0,6560;0,0000;0,0000;0,0000;0,3691;1,6900;4,1900;1;0,0000;0,0000;0;1;1;9;0;0
6,8612;296,1780;11,0000;2,5254;0,2969;0,0000;0,6603;0,0000;0,0000;0,0000;0,3711;1,7600;4,2900;1;0,0000;0,0000;0;1;1;9;0;0
6,8750;296,2180;11,0000;2,5353;0,2985;0,0000;0,6648;0,0000;0,0000;0,0000;0,3732;1,8400;4,3700;1;0,0000;0,0000;0;1;1;9;0;0
6,8889;296,2604;11,0000;2,5373;0,3002;0,0000;0,6695;0,0000;0,0000;0,0000;0,3753;1,9100;4,4400;1;0,0000;0,0000;0;1;1;9;0;0
6,9028;296,3028;11,0000;2,5278;0,3020;0,0000;0,6743;0,0000;0,0000;0,0000;0,3774;1,9800;4,5100;1;0,0000;0,0000;0;1;1;9;0;0
6,9167;296,3452;11,0000;2,5029;0,3037;0,0000;0,6793;0,0000;0,0000;0,0000;0,3797;2,0500;4,5500;1;0,0000;0,0000;0;1;1;9;0;0
6,9306;296,3875;11,0000;2,4203;0,3055;0,0000;0,6843;0,0000;0,0000;0,0000;0,3819;2,1200;4,5400;1;0,0000;0,0000;0;1;1;9;0;0
6,9445;296,6379;11,0000;2,2736;0,3073;0,0000;0,6896;0,0000;0,0000;0,0000;0,3842;2,1900;4,4600;1;0,0000;0,0000;0;1;1;9;0;0
6,9584;296,6379;11,0000;2,0884;0,3091;0,0000;0,6949;0,0000;0,0000;0,0000;0,3864;2,2400;4,3300;1;0,0000;0,0000;0;1;1;9;0;0
6,9723;296,6379;11,0000;1,9125;0,3109;0,0000;0,7003;0,0000;0,0000;0,0000;0,3886;2,3000;4,2100;1;0,0000;0,0000;0;1;1;9;0;0
6,9862;296,6379;11,0000;1,5924;0,3126;0,0000;0,7058;0,0000;0,0000;0,0000;0,3908;2,3400;3,9400;1;0,0000;0,0000;0;1;1;9;0;0
7,0000;296,6379;11,0000;1,5285;0,3144;0,0000;0,7113;0,0000;0,0000;0,0000;0,3930;2,3900;3,9200;1;0,0000;0,0000;0;1;1;9;0;0
7,0139;296,6418;11,0000;1,3004;0,3161;0,0000;0,7169;0,0000;0,0000;0,0000;0,3952;2,4300;3,7300;1;0,0000;0,0000;0;1;1;9;0;0
7,0278;296,6842;11,0000;1,0905;0,3178;0,0000;0,7224;0,0000;0,0000;0,0000;0,3973;2,4600;3,5500;1;0,0000;0,0000;0;1;1;4;0;0
7,0417;296,7266;11,0000;0,9700;0,3195;0,0000;0,7280;0,0000;0,0000;0,0000;0,3994;2,4900;3,4600;1;0,0000;0,0000;0;1;1;4;0;0
7,0556;296,7690;11,0000;0,7799;0,3212;0,0000;0,7335;0,0000;0,0000;0,0000;0,4015;2,5100;3,2900;1;0,0000;0,0000;0;1;1;4;0;0
7,0695;296,8114;11,0000;0,7418;0,3229;0,0000;0,7390;0,0000;0,0000;0,0000;0,4036;2,5300;3,2700;1;0,0000;0,0000;0;1;1;4;0;0
7,0834;296,8538;11,0000;0,6185;0,3245;0,0000;0,7444;0,0000;0,0000;0,0000;0,4057;2,5500;3,1700;1;0,0000;0,0000;0;1;1;4;0;0
7,0973;297,0938;11,0000;0,5724;0,3262;0,0000;0,7498;0,0000;0,0000;0,0000;0,4077;2,5600;3,1400;1;0,0000;0,0000;0;1;1;4;0;0
7,1112;297,0938;11,0000;0,5632;0,3279;0,0000;0,7551;0,0000;0,0000;0,0000;0,4098;2,5800;3,1400;1;0,0000;0,0000;0;1;1;4;0;0
7,1250;297,0938;11,0000;0,5147;0,3295;0,0000;0,7603;0,0000;0,0000;0,0000;0,4119;2,6000;3,1100;1;0,0000;0,0000;0;1;1;4;0;0
7,1389;297,0938;11,0000;0,4434;0,3312;0,0000;0,7655;0,0000;0,0000;0,0000;0,4140;2,6100;3,0500;1;0,0000;0,0000;0;1;1;4;0;0
7,1528;297,0938;11,0000;0,3037;0,3328;0,0000;0,7707;0,0000;0,0000;0,0000;0,4160;2,6200;2,9200;1;0,0000;0,0000;0;1;1;4;0;0
7,1667;297,1081;11,0000;0,2758;0,3344;0,0000;0,7757;0,0000;0,0000;0,0000;0,4180;2,6300;2,9000;1;0,0000;0,0000;0;1;1;4;0;0
7,1806;297,1505;11,0000;0,2226;0,3360;0,0000;0,7808;0,0000;0,0000;0,0000;0,4200;2,6300;2,8500;1;0,0000;0,0000;0;1;1;4;0;0
7,1945;297,1929;10,6000;0,1568;0,3376;0,0000;0,7857;0,0000;0,0000;0,0000;0,4220;2,6400;2,7900;1;0,0000;0,0000;0;1;1;4;0;0
7,2084;297,2337;10,6000;0,1184;0,3392;0,0000;0,7907;0,0000;0,0000;0,0000;0,4240;2,6400;2,7600;1;0,0000;0,0000;0;1;1;4;0;0
7,2223;297,2746;10,6000;0,0568;0,3407;0,0000;0,7955;0,0000;0,0000;0,0000;0,4259;2,6400;2,7000;1;0,0000;0,0000;0;1;1;4;0;0
7,2362;297,3154;10,6000;0,0337;0,3422;0,0000;0,8003;0,0000;0,0000;0,0000;0,4278;2,6400;2,6700;1;0,0000;0,0000;0;1;1;4;0;0
7,2500;297,5447;10,6000;-0,0029;0,3437;0,0000;0,8050;0,0000;0,0000;0,0000;0,4297;2,6400;2,6400;1;0,0000;0,0000;0;1;1;4;0;0
7,2639;297,5447;10,6000;-0,0416;0,3452;0,0000;0,8097;0,0000;0,0000;0,0000;0,4315;2,6400;2,6000;1;0,0000;0,0000;0;1;1;4;0;0
7,2778;297,5447;10,6000;-0,1075;0,3467;0,0000;0,8143;0,0000;0,0000;0,0000;0,4334;2,6400;2,5300;1;0,0000;0,0000;0;1;1;4;0;0
7,2917;297,5447;10,6000;-0,1698;0,3482;0,0000;0,8188;0,0000;0,0000;0,0000;0,4352;2,6300;2,4600;1;0,0000;0,0000;0;1;1;4;0;0
7,3056;297,5447;10,6000;-0,2611;0,3496;0,0000;0,8233;0,0000;0,0000;0,0000;0,4370;2,6200;2,3600;1;0,0000;0,0000;0;1;1;4;0;0
7,3195;297,5606;10,6000;-0,3671;0,3510;0,0000;0,8277;0,0000;0,0000;0,0000;0,4388;2,6100;2,2500;1;0,0000;0,0000;0;1;1;4;0;0
7,3334;297,6014;10,6000;-0,4214;0,3524;0,0000;0,8320;0,0000;0,0000;0,0000;0,4405;2,6000;2,1800;1;0,0000;0,0000;0;1;1;4;0;1
7,3473;297,6423;10,6000;-0,5599;0,3538;0,0000;0,8363;0,0000;0,0000;0,0000;0,4422;2,5900;2,0300;1;0,0000;0,0000;0;1;1;4;0;1
7,3612;297,6831;10,6000;-0,6739;0,3551;0,0000;0,8405;0,0000;0,0000;0,0000;0,4439;2,5700;1,9000;1;0,0000;0,0000;0;1;1;4;0;1
7,3750;297,7240;10,6000;-0,7653;0,3564;0,0000;0,8447;0,0000;0,0000;0,0000;0,4455;2,5500;1,7800;1;0,0000;0,0000;0;1;1;4;0;1
7,3889;297,7649;10,6000;-0,8684;0,3576;0,0000;0,8488;0,0000;0,0000;0,0000;0,4471;2,5300;1,6600;1;0,0000;0,0000;0;1;1;4;0;1
7,4028;298,0011;10,6000;-0,9552;0,3589;0,0000;0,8528;0,0000;0,0000;0,0000;0,4486;2,5000;1,5500;1;0,0000;0,0000;0;1;1;4;0;1
7,4167;298,0011;10,6000;-0,9996;0,3601;0,0000;0,8567;0,0000;0,0000;0,0000;0,4501;2,4700;1,4800;1;0,0000;0,0000;0;1;1;4;0;1
7,4306;298,0011;10,6000;-1,0839;0,3612;0,0000;0,8605;0,0000;0,0000;0,0000;0,4515;2,4500;1,3600;1;0,0000;0,0000;0;1;1;4;0;1
7,4445;298,0011;10,9000;-1,1226;0,3624;0,0000;0,8643;0,0000;0,0000;0,0000;0,4529;2,4100;1,2900;1;0,0000;0,0000;0;1;1;4;0;1
7,4584;298,0011;10,9000;-1,2388;0,3635;0,0000;0,8680;0,0000;0,0000;0,0000;0,4543;2,3800;1,1400;1;0,0000;0,0000;0;1;1;4;0;1
7,4723;298,0124;10,9000;-1,2811;0,3646;0,0000;0,8716;0,0000;0,0000;0,0000;0,4557;2,3500;1,0600;1;0,0000;0,0000;0;1;1;4;0;1
7,4862;298,0544;10,9000;-1,3991;0,3656;0,0000;0,8751;0,0000;0,0000;0,0000;0,4570;2,3100;0,9100;1;0,0000;0,0000;0;1;1;4;0;1
7,5000;298,0965;10,9000;-1,4468;0,3666;0,0000;0,8785;0,0000;0,0000;0,0000;0,4583;2,2700;0,8200;1;0,0000;0,0000;0;1;1;4;0;1
7,5139;298,1385;10,9000;-1,5334;0,3676;0,0000;0,8819;0,0000;0,0000;0,0000;0,4595;2,2200;0,6900;1;0,0000;0,0000;0;1;1;4;0;1
7,5278;298,1806;10,9000;-1,6329;0,3685;0,0000;0,8852;0,0000;0,0000;0,0000;0,4607;2,1800;0,5500;1;0,0000;0,0000;0;1;1;4;0;0
7,5417;298,2226;10,9000;-1,7060;0,3694;0,0000;0,8884;0,0000;0,0000;0,0000;0,4618;2,1300;0,4300;1;0,0000;0,0000;0;1;1;4;0;0
7,5556;298,4566;10,9000;-1,9100;0,3702;0,0000;0,8915;0,0000;0,0000;0,0000;0,4628;2,0800;0,1700;1;0,0000;0,0000;0;1;1;4;0;0
7,5695;298,4566;10,9000;-2,0152;0,3710;0,0000;0,8945;0,0000;0,0000;0,0000;0,4637;2,0200;0,0000;1;0,0000;0,0000;0;1;1;4;0;0
7,5834;298,4566;10,9000;-2,0892;0,3717;0,0000;0,8974;0,0000;0,0000;0,0000;0,4646;1,9600;-0,1200;1;0,0000;0,0000;0;1;1;4;0;0
7,5973;298,4566;10,9000;-2,1283;0,3723;0,0000;0,9002;0,0000;0,0000;0,0000;0,4654;1,9100;-0,2200;1;0,0000;0,0000;0;1;1;4;0;0
7,6112;298,4566;10,9000;-2,2587;0,3729;0,0000;0,9029;0,0000;0,0000;0,0000;0,4661;1,8400;-0,4200;1;0,0000;0,0000;0;1;1;4;0;0
7,6250;298,4749;10,9000;-2,4526;0,3734;0,0000;0,9054;0,0000;0,0000;0,0000;0,4668;1,7700;-0,6800;1;0,0000;0,0000;0;1;1;4;0;0
7,6389;298,5169;10,9000;-2,5588;0,3739;0,0000;0,9079;0,0000;0,0000;0,0000;0,4673;1,7000;-0,8600;1;0,0000;0,0000;0;1;1;4;0;0
7,6528;298,5590;10,9000;-2,6797;0,3742;0,0000;0,9101;0,0000;0,0000;0,0000;0,4678;1,6300;-1,0500;1;0,0000;0,0000;0;1;1;4;0;0
7,6667;298,6010;10,9000;-2,7691;0,3746;0,0000;0,9123;0,0000;0,0000;0,0000;0,4682;1,5500;-1,2200;1;0,0000;0,0000;0;1;1;4;0;0
7,6806;298,6431;10,9000;-2,8869;0,3748;0,0000;0,9143;0,0000;0,0000;0,0000;0,4685;1,4700;-1,4200;1;0,0000;0,0000;0;1;1;4;0;0
7,6945;298,9119;10,9000;-3,0002;0,3750;0,0000;0,9161;0,0000;0,0000;0,0000;0,4687;1,3900;-1,6100;1;0,0000;0,0000;0;1;1;4;0;0
7,7084;298,9119;10,9000;-2,9795;0,3751;0,0000;0,9177;0,0000;0,0000;0,0000;0,4689;1,3000;-1,6700;1;0,0000;0,0000;0;1;1;4;0;0
7,7223;298,9119;10,9000;-3,0487;0,3751;0,0000;0,9192;0,0000;0,0000;0,0000;0,4689;1,2200;-1,8300;1;0,0000;0,0000;0;1;1;4;0;0
7,7362;298,9119;10,9000;-3,0749;0,3751;0,0000;0,9206;0,0000;0,0000;0,0000;0,4689;1,1300;-1,9400;1;0,0000;0,0000;0;1;1;4;0;0
7,7500;298,9119;10,9000;-3,0652;0,3751;0,0000;0,9217;0,0000;0,0000;0,0000;0,4689;1,0500;-2,0200;1;0,0000;0,0000;0;1;1;4;0;0
7,7639;298,9119;10,9000;-3,0812;0,3750;0,0000;0,9227;0,0000;0,0000;0,0000;0,4688;0,9600;-2,1200;1;0,0000;0,0000;0;1;1;4;0;0
7,7778;298,9375;10,9000;-3,0822;0,3748;0,0000;0,9235;0,0000;0,0000;0,0000;0,4685;0,8700;-2,2100;1;0,0000;0,0000;0;1;1;4;0;0
7,7917;298,9796;10,9000;-3,0333;0,3746;0,0000;0,9241;0,0000;0,0000;0,0000;0,4683;0,7900;-2,2400;1;0,0000;0,0000;0;1;1;4;0;0
7,8056;299,0217;10,9000;-2,9470;0,3744;0,0000;0,9246;0,0000;0,0000;0,0000;0,4680;0,7100;-2,2400;1;0,0000;0,0000;0;1;1;4;0;0
7,8195;299,0637;10,9000;-2,8701;0,3741;0,0000;0,9249;0,0000;0,0000;0,0000;0,4677;0,6200;-2,2500;1;0,0000;0,0000;0;1;1;4;0;0
7,8334;299,1058;10,9000;-2,8029;0,3739;0,0000;0,9251;0,0000;0,0000;0,0000;0,4673;0,5500;-2,2600;1;0,0000;0,0000;0;1;1;4;0;0
7,8473;299,3681;10,9000;-2,7045;0,3735;0,0000;0,9251;0,0000;0,0000;0,0000;0,4669;0,4700;-2,2400;1;0,0000;0,0000;0;1;1;4;0;0
7,8612;299,3681;10,9000;-2,6410;0,3732;0,0000;0,9250;0,0000;0,0000;0,0000;0,4665;0,3900;-2,2500;1;0,0000;0,0000;0;1;1;4;0;0
7,8750;299,3681;10,9000;-2,5649;0,3728;0,0000;0,9248;0,0000;0,0000;0,0000;0,4660;0,3200;-2,2400;1;0,0000;0,0000;0;1;1;4;0;0
7,8889;299,3681;10,9000;-2,4600;0,3724;0,0000;0,9245;0,0000;0,0000;0,0000;0,4655;0,2500;-2,2100;1;0,0000;0,0000;0;1;1;4;0;0
7,9028;299,3681;10,9000;-2,2775;0,3720;0,0000;0,9240;0,0000;0,0000;0,0000;0,4650;0,1900;-2,0900;1;0,0000;0,0000;0;1;1;4;0;0
7,9167;299,3681;10,9000;-2,2358;0,3716;0,0000;0,9234;0,0000;0,0000;0,0000;0,4645;0,1200;-2,1100;1;0,0000;0,0000;0;1;1;4;0;0
7,9306;299,4002;10,9000;-2,1662;0,3712;0,0000;0,9228;0,0000;0,0000;0,0000;0,4640;0,0600;-2,1000;1;0,0000;0,0000;0;1;1;4;0;0
7,9445;299,4423;10,9000;-2,0236;0,3707;0,0000;0,9221;0,0000;0,0000;0,0000;0,4634;0,0000;-2,0200;1;0,0000;0,0000;0;1;1;4;0;0
7,9584;299,4843;10,8000;-1,9916;0,3702;0,0000;0,9212;0,0000;0,0000;0,0000;0,4628;-0,0500;-2,0400;1;0,0000;0,0000;0;1;1;4;0;0
7,9723;299,5260;10,8000;-1,9042;0,3698;0,0000;0,9204;0,0000;0,0000;0,0000;0,4622;-0,1000;-2,0100;1;0,0000;0,0000;0;1;1;4;0;0
7,9862;299,5676;10,8000;-1,8336;0,3693;0,0000;0,9194;0,0000;0,0000;0,0000;0,4616;-0,1500;-1,9900;1;0,0000;0,0000;0;1;1;4;0;0
8,0000;299,8234;10,8000;-1,8109;0,3688;0,0000;0,9184;0,0000;0,0000;0,0000;0,4610;-0,2100;-2,0200;1;0,0000;0,0000;0;1;1;4;0;0
8,0139;299,8234;10,8000;-1,6870;0,3682;0,0000;0,9173;0,0000;0,0000;0,0000;0,4603;-0,2500;-1,9400;1;0,0000;0,0000;0;1;1;4;0;0
8,0278;299,8234;10,8000;-1,6373;0,3677;0,0000;0,9162;0,0000;0,0000;0,0000;0,4596;-0,3000;-1,9400;1;0,0000;0,0000;0;1;1;4;0;0
8,0417;299,8234;10,8000;-1,6429;0,3672;0,0000;0,9150;0,0000;0,0000;0,0000;0,4589;-0,3400;-1,9900;1;0,0000;0,0000;0;1;1;6;0;0
8,0556;299,8234;10,8000;-1,6039;0,3666;0,0000;0,9138;0,0000;0,0000;0,0000;0,4582;-0,3900;-1,9900;1;0,0000;0,0000;0;1;1;6;0;0
8,0695;299,8234;10,8000;-1,5330;0,3660;0,0000;0,9125;0,0000;0,0000;0,0000;0,4575;-0,4300;-1,9700;1;0,0000;0,0000;0;1;1;6;0;0
8,0834;299,8593;10,8000;-1,4428;0,3654;0,0000;0,9112;0,0000;0,0000;0,0000;0,4567;-0,4700;-1,9200;1;0,0000;0,0000;0;1;1;6;0;0
8,0973;299,9009;10,8000;-1,4257;0,3648;0,0000;0,9098;0,0000;0,0000;0,0000;0,4560;-0,5100;-1,9400;1;0,0000;0,0000;0;1;1;6;0;0
8,1112;299,9426;10,8000;-1,3668;0,3642;0,0000;0,9084;0,0000;0,0000;0,0000;0,4553;-0,5500;-1,9200;1;0,0000;0,0000;0;1;1;6;0;0
8,1250;299,9843;10,8000;-1,2411;0,3636;0,0000;0,9069;0,0000;0,0000;0,0000;0,4545;-0,5800;-1,8200;1;0,0000;0,0000;0;1;1;6;0;0
8,1389;300,0259;10,8000;-1,1723;0,3630;0,0000;0,9055;0,0000;0,0000;0,0000;0,4538;-0,6200;-1,7900;1;0,0000;0,0000;0;1;1;6;0;0
8,1528;300,2791;10,8000;-1,1422;0,3624;0,0000;0,9039;0,0000;0,0000;0,0000;0,4531;-0,6500;-1,7900;1;0,0000;0,0000;0;1;1;6;0;0
8,1667;300,2791;10,8000;-1,0889;0,3618;0,0000;0,9024;0,0000;0,0000;0,0000;0,4523;-0,6800;-1,7700;1;0,0000;0,0000;0;1;1;6;0;0
8,1806;300,2791;10,8000;-0,9379;0,3612;0,0000;0,9009;0,0000;0,0000;0,0000;0,4516;-0,7000;-1,6400;1;0,0000;0,0000;0;1;1;6;0;0
8,1945;300,2791;10,8000;-0,8943;0,3607;0,0000;0,8993;0,0000;0,0000;0,0000;0,4508;-0,7300;-1,6200;1;0,0000;0,0000;0;1;1;6;0;0
8,2084;300,2791;10,8000;-0,8546;0,3601;0,0000;0,8977;0,0000;0,0000;0,0000;0,4501;-0,7500;-1,6000;1;0,0000;0,0000;0;1;1;6;0;0
8,2223;300,2791;10,8000;-0,6454;0,3595;0,0000;0,8961;0,0000;0,0000;0,0000;0,4494;-0,7700;-1,4100;1;0,0000;0,0000;0;1;1;6;0;0
8,2362;300,3175;10,8000;-0,5343;0,3589;0,0000;0,8945;0,0000;0,0000;0,0000;0,4487;-0,7800;-1,3100;1;0,0000;0,0000;0;1;1;6;0;0
8,2500;300,3592;10,8000;-0,5243;0,3584;0,0000;0,8929;0,0000;0,0000;0,0000;0,4480;-0,7900;-1,3200;1;0,0000;0,0000;0;1;1;6;0;0
8,2639;300,4008;10,8000;-0,4362;0,3578;0,0000;0,8913;0,0000;0,0000;0,0000;0,4473;-0,8100;-1,2400;1;0,0000;0,0000;0;1;1;6;0;0
8,2778;300,4425;10,8000;-0,3935;0,3573;0,0000;0,8897;0,0000;0,0000;0,0000;0,4466;-0,8200;-1,2100;1;0,0000;0,0000;0;1;1;6;0;0
8,2917;300,4842;10,8000;-0,2448;0,3568;0,0000;0,8881;0,0000;0,0000;0,0000;0,4460;-0,8200;-1,0700;1;0,0000;0,0000;0;1;1;6;0;0
8,3056;300,7351;10,8000;-0,2275;0,3562;0,0000;0,8866;0,0000;0,0000;0,0000;0,4453;-0,8300;-1,0600;1;0,0000;0,0000;0;1;1;6;0;0
8,3195;300,7351;10,8000;-0,2030;0,3557;0,0000;0,8850;0,0000;0,0000;0,0000;0,4447;-0,8300;-1,0400;1;0,0000;0,0000;0;1;1;6;0;0
8,3334;300,7351;10,8000;-0,1932;0,3552;0,0000;0,8835;0,0000;0,0000;0,0000;0,4440;-0,8400;-1,0300;1;0,0000;0,0000;0;1;1;6;0;0
8,3473;300,7351;10,8000;-0,1366;0,3547;0,0000;0,8819;0,0000;0,0000;0,0000;0,4434;-0,8400;-0,9800;1;0,0000;0,0000;0;1;1;6;0;0
8,3612;300,7351;10,8000;-0,1490;0,3542;0,0000;0,8804;0,0000;0,0000;0,0000;0,4427;-0,8500;-0,9900;1;0,0000;0,0000;0;1;1;6;0;0
8,3750;300,7351;10,8000;-0,1543;0,3537;0,0000;0,8790;0,0000;0,0000;0,0000;0,4421;-0,8500;-1,0000;1;0,0000;0,0000;0;1;1;6;0;0
8,3889;300,7758;10,8000;-0,2118;0,3531;0,0000;0,8775;0,0000;0,0000;0,0000;0,4414;-0,8600;-1,0700;1;0,0000;0,0000;0;1;1;6;0;0
8,4028;300,8175;10,8000;-0,2285;0,3526;0,0000;0,8760;0,0000;0,0000;0,0000;0,4408;-0,8600;-1,0900;1;0,0000;0,0000;0;1;1;6;0;0
8,4167;300,8592;10,8000;-0,2453;0,3521;0,0000;0,8745;0,0000;0,0000;0,0000;0,4401;-0,8700;-1,1100;1;0,0000;0,0000;0;1;1;6;0;0
8,4306;300,9008;10,8000;-0,2772;0,3515;0,0000;0,8731;0,0000;0,0000;0,0000;0,4394;-0,8700;-1,1500;1;0,0000;0,0000;0;1;1;6;0;0
8,4445;300,9425;10,8000;-0,3033;0,3509;0,0000;0,8716;0,0000;0,0000;0,0000;0,4387;-0,8800;-1,1900;1;0,0000;0,0000;0;1;1;6;0;0
8,4584;301,1900;10,8000;-0,4055;0,3503;0,0000;0,8701;0,0000;0,0000;0,0000;0,4379;-0,8900;-1,3000;1;0,0000;0,0000;0;1;1;6;0;0
8,4723;301,1900;10,8000;-0,4358;0,3497;0,0000;0,8686;0,0000;0,0000;0,0000;0,4371;-0,9100;-1,3400;1;0,0000;0,0000;0;1;1;6;0;0
8,4862;301,1900;10,8000;-0,4699;0,3491;0,0000;0,8671;0,0000;0,0000;0,0000;0,4364;-0,9200;-1,3900;1;0,0000;0,0000;0;1;1;6;0;0
8,5000;301,1900;10,8000;-0,5241;0,3485;0,0000;0,8656;0,0000;0,0000;0,0000;0,4356;-0,9300;-1,4600;1;0,0000;0,0000;0;1;1;6;0;0
8,5139;301,1900;10,8000;-0,6215;0,3478;0,0000;0,8640;0,0000;0,0000;0,0000;0,4347;-0,9500;-1,5700;1;0,0000;0,0000;0;1;1;6;0;0
8,5278;301,1924;10,8000;-0,6483;0,3471;0,0000;0,8624;0,0000;0,0000;0,0000;0,4339;-0,9700;-1,6100;1;0,0000;0,0000;0;1;1;6;0;0
8,5417;301,2341;10,8000;-0,7273;0,3464;0,0000;0,8608;0,0000;0,0000;0,0000;0,4330;-0,9900;-1,7100;1;0,0000;0,0000;0;1;1;6;0;0
8,5556;301,2757;10,8000;-0,7573;0,3457;0,0000;0,8592;0,0000;0,0000;0,0000;0,4321;-1,0100;-1,7600;1;0,0000;0,0000;0;1;1;6;0;0
8,5695;301,3174;10,8000;-0,8277;0,3449;0,0000;0,8575;0,0000;0,0000;0,0000;0,4311;-1,0300;-1,8600;1;0,0000;0,0000;0;1;1;6;0;0
8,5834;301,3590;10,8000;-0,8285;0,3441;0,0000;0,8557;0,0000;0,0000;0,0000;0,4301;-1,0500;-1,8800;1;0,0000;0,0000;0;1;1;6;0;0
8,5973;301,4007;10,8000;-0,8860;0,3433;0,0000;0,8539;0,0000;0,0000;0,0000;0,4291;-1,0800;-1,9600;1;0,0000;0,0000;0;1;1;6;0;0
8,6112;301,6463;10,8000;-0,8835;0,3425;0,0000;0,8521;0,0000;0,0000;0,0000;0,4281;-1,1000;-1,9800;1;0,0000;0,0000;0;1;1;6;0;0
8,6250;301,6463;10,8000;-0,9014;0,3416;0,0000;0,8501;0,0000;0,0000;0,0000;0,4271;-1,1300;-2,0300;1;0,0000;0,0000;0;1;1;6;0;0
8,6389;301,6463;10,8000;-0,8970;0,3408;0,0000;0,8482;0,0000;0,0000;0,0000;0,4260;-1,1500;-2,0500;1;0,0000;0,0000;0;1;1;6;0;0
8,6528;301,6463;10,8000;-0,9180;0,3399;0,0000;0,8462;0,0000;0,0000;0,0000;0,4249;-1,1700;-2,0900;1;0,0000;0,0000;0;1;1;6;0;0
8,6667;301,6463;10,8000;-0,9043;0,3390;0,0000;0,8441;0,0000;0,0000;0,0000;0,4237;-1,2000;-2,1000;1;0,0000;0,0000;0;1;1;6;0;0
8,6806;301,6506;10,8000;-0,9120;0,3381;0,0000;0,8419;0,0000;0,0000;0,0000;0,4226;-1,2200;-2,1400;1;0,0000;0,0000;0;1;1;6;0;0
8,6945;301,6923;10,9000;-0,8948;0,3371;0,0000;0,8397;0,0000;0,0000;0,0000;0,4214;-1,2500;-2,1400;1;0,0000;0,0000;0;1;1;6;0;0
8,7084;301,7343;10,9000;-0,8853;0,3362;0,0000;0,8375;0,0000;0,0000;0,0000;0,4202;-1,2700;-2,1600;1;0,0000;0,0000;0;1;1;6;0;0
8,7223;301,7763;10,9000;-0,8458;0,3353;0,0000;0,8351;0,0000;0,0000;0,0000;0,4191;-1,3000;-2,1400;1;0,0000;0,0000;0;1;1;6;0;0
8,7362;301,8184;10,9000;-0,7604;0,3343;0,0000;0,8328;0,0000;0,0000;0,0000;0,4179;-1,3200;-2,0800;1;0,0000;0,0000;0;1;1;6;0;0
8,7500;301,8604;10,9000;-0,7355;0,3334;0,0000;0,8303;0,0000;0,0000;0,0000;0,4167;-1,3400;-2,0700;1;0,0000;0,0000;0;1;1;6;0;0
8,7639;302,1020;10,9000;-0,6737;0,3324;0,0000;0,8279;0,0000;0,0000;0,0000;0,4155;-1,3500;-2,0300;1;0,0000;0,0000;0;1;1;6;0;0
8,7778;302,1020;10,9000;-0,6273;0,3315;0,0000;0,8254;0,0000;0,0000;0,0000;0,4143;-1,3700;-2,0000;1;0,0000;0,0000;0;1;1;6;0;0
8,7917;302,1020;10,9000;-0,5607;0,3305;0,0000;0,8228;0,0000;0,0000;0,0000;0,4131;-1,3900;-1,9500;1;0,0000;0,0000;0;1;1;6;0;0
8,8056;302,1020;10,9000;-0,5089;0,3296;0,0000;0,8202;0,0000;0,0000;0,0000;0,4120;-1,4000;-1,9100;1;0,0000;0,0000;0;1;1;6;0;0
8,8195;302,1020;10,9000;-0,4769;0,3286;0,0000;0,8176;0,0000;0,0000;0,0000;0,4108;-1,4100;-1,8900;1;0,0000;0,0000;0;1;1;6;0;0
8,8334;302,1126;10,9000;-0,4753;0,3277;0,0000;0,8150;0,0000;0,0000;0,0000;0,4096;-1,4300;-1,9000;1;0,0000;0,0000;0;1;1;6;0;0
8,8473;302,1547;10,9000;-0,4573;0,3267;0,0000;0,8123;0,0000;0,0000;0,0000;0,4084;-1,4400;-1,9000;1;0,0000;0,0000;0;1;1;6;0;0
8,8612;302,1967;10,9000;-0,4114;0,3258;0,0000;0,8097;0,0000;0,0000;0,0000;0,4072;-1,4500;-1,8600;1;0,0000;0,0000;0;1;1;6;0;0
8,8750;302,2387;10,9000;-0,3736;0,3249;0,0000;0,8070;0,0000;0,0000;0,0000;0,4061;-1,4600;-1,8300;1;0,0000;0,0000;0;1;1;6;0;0
8,8889;302,2808;10,9000;-0,2906;0,3239;0,0000;0,8043;0,0000;0,0000;0,0000;0,4049;-1,4700;-1,7600;1;0,0000;0,0000;0;1;1;6;0;0
8,9028;302,3228;10,9000;-0,2118;0,3230;0,0000;0,8016;0,0000;0,0000;0,0000;0,4038;-1,4700;-1,6800;1;0,0000;0,0000;0;1;1;6;0;0
8,9167;302,5569;10,9000;-0,1296;0,3221;0,0000;0,7989;0,0000;0,0000;0,0000;0,4026;-1,4700;-1,6000;1;0,0000;0,0000;0;1;1;6;0;0
8,9306;302,5569;10,9000;-0,1510;0,3212;0,0000;0,7961;0,0000;0,0000;0,0000;0,4015;-1,4800;-1,6300;1;0,0000;0,0000;0;1;1;6;0;0
8,9445;302,5569;10,9000;-0,1249;0,3203;0,0000;0,7934;0,0000;0,0000;0,0000;0,4004;-1,4800;-1,6100;1;0,0000;0,0000;0;1;1;6;0;0
8,9584;302,5569;10,9000;-0,1320;0,3194;0,0000;0,7907;0,0000;0,0000;0,0000;0,3992;-1,4800;-1,6200;1;0,0000;0,0000;0;1;1;6;0;0
8,9723;302,5569;10,9000;-0,1431;0,3185;0,0000;0,7880;0,0000;0,0000;0,0000;0,3981;-1,4900;-1,6300;1;0,0000;0,0000;0;1;1;6;0;0
8,9862;302,5751;10,9000;-0,1611;0,3176;0,0000;0,7852;0,0000;0,0000;0,0000;0,3969;-1,4900;-1,6500;1;0,0000;0,0000;0;1;1;6;0;0
9,0000;302,6171;10,9000;-0,1552;0,3166;0,0000;0,7825;0,0000;0,0000;0,0000;0,3958;-1,5000;-1,6500;1;0,0000;0,0000;0;1;1;6;0;0
9,0139;302,6591;10,9000;-0,1447;0,3157;0,0000;0,7797;0,0000;0,0000;0,0000;0,3947;-1,5000;-1,6400;1;0,0000;0,0000;0;1;1;6;0;0
9,0278;302,7012;10,9000;-0,0879;0,3148;0,0000;0,7770;0,0000;0,0000;0,0000;0,3935;-1,5000;-1,5900;1;0,0000;0,0000;0;1;1;6;0;0
9,0417;302,7432;10,9000;-0,0363;0,3139;0,0000;0,7742;0,0000;0,0000;0,0000;0,3924;-1,5000;-1,5400;1;0,0000;0,0000;0;1;1;0;0;0
9,0556;303,0134;10,9000;0,0215;0,3130;0,0000;0,7715;0,0000;0,0000;0,0000;0,3913;-1,5000;-1,4800;1;0,0000;0,0000;0;1;1;0;0;0
9,0695;303,0134;10,9000;0,0699;0,3122;0,0000;0,7687;0,0000;0,0000;0,0000;0,3902;-1,5000;-1,4300;1;0,0000;0,0000;0;1;1;0;0;0
9,0834;303,0134;10,9000;0,1254;0,3113;0,0000;0,7659;0,0000;0,0000;0,0000;0,3891;-1,4900;-1,3700;1;0,0000;0,0000;0;1;1;0;0;0
9,0973;303,0134;10,9000;0,1753;0,3104;0,0000;0,7631;0,0000;0,0000;0,0000;0,3881;-1,4900;-1,3100;1;0,0000;0,0000;0;1;1;0;0;0
9,1112;303,0134;10,9000;0,2665;0,3096;0,0000;0,7604;0,0000;0,0000;0,0000;0,3870;-1,4800;-1,2100;1;0,0000;0,0000;0;1;1;0;0;0
9,1250;303,0134;10,9000;0,2998;0,3088;0,0000;0,7576;0,0000;0,0000;0,0000;0,3860;-1,4700;-1,1700;1;0,0000;0,0000;0;1;1;0;0;0
9,1389;303,0375;10,9000;0,3513;0,3080;0,0000;0,7549;0,0000;0,0000;0,0000;0,3850;-1,4600;-1,1100;1;0,0000;0,0000;0;1;1;0;0;0
9,1528;303,0795;10,9000;0,4018;0,3072;0,0000;0,7522;0,0000;0,0000;0,0000;0,3840;-1,4500;-1,0500;1;0,0000;0,0000;0;1;1;0;0;0
9,1667;303,1216;10,9000;0,4461;0,3065;0,0000;0,7495;0,0000;0,0000;0,0000;0,3831;-1,4400;-0,9900;1;0,0000;0,0000;0;1;1;0;0;0
9,1806;303,1636;10,9000;0,4754;0,3057;0,0000;0,7468;0,0000;0,0000;0,0000;0,3822;-1,4200;-0,9500;1;0,0000;0,0000;0;1;1;0;0;0
9,1945;303,2056;10,9000;0,4989;0,3050;0,0000;0,7441;0,0000;0,0000;0,0000;0,3813;-1,4100;-0,9100;1;0,0000;0,0000;0;1;1;0;0;0
9,2084;303,4687;10,9000;0,5273;0,3043;0,0000;0,7415;0,0000;0,0000;0,0000;0,3804;-1,3900;-0,8700;1;0,0000;0,0000;0;1;1;0;0;0
9,2223;303,4687;10,9000;0,5613;0,3036;0,0000;0,7389;0,0000;0,0000;0,0000;0,3795;-1,3800;-0,8200;1;0,0000;0,0000;0;1;1;0;0;0
9,2362;303,4687;10,9000;0,5985;0,3030;0,0000;0,7364;0,0000;0,0000;0,0000;0,3787;-1,3600;-0,7600;1;0,0000;0,0000;0;1;1;0;0;0
9,2500;303,4687;10,9000;0,6332;0,3023;0,0000;0,7339;0,0000;0,0000;0,0000;0,3779;-1,3400;-0,7100;1;0,0000;0,0000;0;1;1;0;0;0
9,2639;303,4687;10,9000;0,6632;0,3017;0,0000;0,7315;0,0000;0,0000;0,0000;0,3771;-1,3200;-0,6600;1;0,0000;0,0000;0;1;1;0;0;0
9,2778;303,4687;10,9000;0,6806;0,3011;0,0000;0,7290;0,0000;0,0000;0,0000;0,3764;-1,3000;-0,6200;1;0,0000;0,0000;0;1;1;0;0;0
9,2917;303,4999;10,9000;0,6938;0,3005;0,0000;0,7267;0,0000;0,0000;0,0000;0,3756;-1,2800;-0,5900;1;0,0000;0,0000;0;1;1;0;0;0
9,3056;303,5420;10,9000;0,7022;0,2999;0,0000;0,7244;0,0000;0,0000;0,0000;0,3749;-1,2600;-0,5600;1;0,0000;0,0000;0;1;1;0;0;0
9,3195;303,5840;10,9000;0,7052;0,2994;0,0000;0,7221;0,0000;0,0000;0,0000;0,3742;-1,2400;-0,5400;1;0,0000;0,0000;0;1;1;0;0;0
9,3334;303,6261;10,9000;0,7036;0,2988;0,0000;0,7199;0,0000;0,0000;0,0000;0,3736;-1,2200;-0,5200;1;0,0000;0,0000;0;1;1;0;0;0
9,3473;303,6681;10,9000;0,6970;0,2983;0,0000;0,7177;0,0000;0,0000;0,0000;0,3729;-1,2000;-0,5000;1;0,0000;0,0000;0;1;1;0;0;0
9,3612;303,9243;10,9000;0,6791;0,2978;0,0000;0,7156;0,0000;0,0000;0,0000;0,3722;-1,1800;-0,5000;1;0,0000;0,0000;0;1;1;0;0;0
9,3750;303,9243;10,9000;0,6533;0,2972;0,0000;0,7135;0,0000;0,0000;0,0000;0,3715;-1,1600;-0,5100;1;0,0000;0,0000;0;1;1;0;0;0
9,3889;303,9243;10,9000;0,6192;0,2967;0,0000;0,7115;0,0000;0,0000;0,0000;0,3709;-1,1400;-0,5300;1;0,0000;0,0000;0;1;1;0;0;0
9,4028;303,9243;10,9000;0,5739;0,2962;0,0000;0,7095;0,0000;0,0000;0,0000;0,3702;-1,1300;-0,5500;1;0,0000;0,0000;0;1;1;0;0;0
9,4167;303,9243;10,9000;0,5312;0,2957;0,0000;0,7075;0,0000;0,0000;0,0000;0,3696;-1,1100;-0,5800;1;0,0000;0,0000;0;1;1;0;0;0
9,4306;303,9243;10,9000;0,4911;0,2951;0,0000;0,7056;0,0000;0,0000;0,0000;0,3689;-1,1000;-0,6100;1;0,0000;0,0000;0;1;1;0;0;0
9,4445;303,9624;11,3000;0,4476;0,2946;0,0000;0,7037;0,0000;0,0000;0,0000;0,3683;-1,0800;-0,6400;1;0,0000;0,0000;0;1;1;0;0;0
9,4584;304,0060;11,3000;0,3938;0,2941;0,0000;0,7018;0,0000;0,0000;0,0000;0,3676;-1,0700;-0,6800;1;0,0000;0,0000;0;1;1;0;0;0
9,4723;304,0496;11,3000;0,3372;0,2935;0,0000;0,6999;0,0000;0,0000;0,0000;0,3669;-1,0600;-0,7200;1;0,0000;0,0000;0;1;1;0;0;0
9,4862;304,0932;11,3000;0,2940;0,2930;0,0000;0,6980;0,0000;0,0000;0,0000;0,3662;-1,0500;-0,7600;1;0,0000;0,0000;0;1;1;0;0;0
9,5000;304,1368;11,3000;0,2430;0,2924;0,0000;0,6961;0,0000;0,0000;0,0000;0,3655;-1,0500;-0,8000;1;0,0000;0,0000;0;1;1;0;0;0
9,5139;304,3803;11,3000;0,2083;0,2918;0,0000;0,6942;0,0000;0,0000;0,0000;0,3648;-1,0400;-0,8300;1;0,0000;0,0000;0;1;1;0;0;0
9,5278;304,3803;11,3000;0,1650;0,2912;0,0000;0,6923;0,0000;0,0000;0,0000;0,3641;-1,0300;-0,8700;1;0,0000;0,0000;0;1;1;0;0;0
9,5417;304,3803;11,3000;0,1144;0,2907;0,0000;0,6904;0,0000;0,0000;0,0000;0,3633;-1,0300;-0,9100;1;0,0000;0,0000;0;1;1;0;0;0
9,5556;304,3803;11,3000;0,0892;0,2901;0,0000;0,6885;0,0000;0,0000;0,0000;0,3626;-1,0300;-0,9400;1;0,0000;0,0000;0;1;1;0;0;0
9,5695;304,3803;11,3000;0,0752;0,2895;0,0000;0,6865;0,0000;0,0000;0,0000;0,3619;-1,0200;-0,9500;1;0,0000;0,0000;0;1;1;0;0;0
9,5834;304,3984;11,3000;0,0659;0,2889;0,0000;0,6846;0,0000;0,0000;0,0000;0,3611;-1,0200;-0,9500;1;0,0000;0,0000;0;1;1;0;0;0
9,5973;304,4420;11,3000;0,0606;0,2883;0,0000;0,6826;0,0000;0,0000;0,0000;0,3604;-1,0200;-0,9600;1;0,0000;0,0000;0;1;1;0;0;0
9,6112;304,4855;11,3000;0,0595;0,2877;0,0000;0,6805;0,0000;0,0000;0,0000;0,3596;-1,0200;-0,9600;1;0,0000;0,0000;0;1;1;0;0;0
9,6250;304,5291;11,3000;0,0583;0,2871;0,0000;0,6785;0,0000;0,0000;0,0000;0,3589;-1,0100;-0,9600;1;0,0000;0,0000;0;1;1;0;0;0
9,6389;304,5727;11,3000;0,0614;0,2865;0,0000;0,6764;0,0000;0,0000;0,0000;0,3582;-1,0100;-0,9500;1;0,0000;0,0000;0;1;1;0;0;0
9,6528;304,8353;11,3000;0,0824;0,2859;0,0000;0,6744;0,0000;0,0000;0,0000;0,3574;-1,0100;-0,9300;1;0,0000;0,0000;0;1;1;0;0;0
9,6667;304,8353;11,3000;0,1072;0,2854;0,0000;0,6723;0,0000;0,0000;0,0000;0,3567;-1,0000;-0,9000;1;0,0000;0,0000;0;1;1;0;0;0
9,6806;304,8353;11,3000;0,1338;0,2848;0,0000;0,6702;0,0000;0,0000;0,0000;0,3560;-1,0000;-0,8700;1;0,0000;0,0000;0;1;1;0;0;0
9,6945;304,8353;11,3000;0,1688;0,2842;0,0000;0,6681;0,0000;0,0000;0,0000;0,3553;-1,0000;-0,8300;1;0,0000;0,0000;0;1;1;0;0;0
9,7084;304,8353;11,3000;0,2142;0,2837;0,0000;0,6659;0,0000;0,0000;0,0000;0,3546;-0,9900;-0,7700;1;0,0000;0,0000;0;1;1;0;0;0
9,7223;304,8353;11,3000;0,2466;0,2832;0,0000;0,6638;0,0000;0,0000;0,0000;0,3540;-0,9800;-0,7400;1;0,0000;0,0000;0;1;1;0;0;0
9,7362;304,8778;11,3000;0,2888;0,2826;0,0000;0,6617;0,0000;0,0000;0,0000;0,3533;-0,9700;-0,6800;1;0,0000;0,0000;0;1;1;0;0;0
9,7500;304,9214;11,3000;0,3274;0,2821;0,0000;0,6596;0,0000;0,0000;0,0000;0,3527;-0,9600;-0,6400;1;0,0000;0,0000;0;1;1;0;0;0
9,7639;304,9650;11,3000;0,3561;0,2816;0,0000;0,6575;0,0000;0,0000;0,0000;0,3521;-0,9500;-0,6000;1;0,0000;0,0000;0;1;1;0;0;0
9,7778;305,0086;11,3000;0,3862;0,2812;0,0000;0,6555;0,0000;0,0000;0,0000;0,3514;-0,9400;-0,5600;1;0,0000;0,0000;0;1;1;0;0;0
9,7917;305,0522;11,3000;0,4104;0,2807;0,0000;0,6534;0,0000;0,0000;0,0000;0,3509;-0,9300;-0,5200;1;0,0000;0,0000;0;1;1;0;0;0
9,8056;305,2915;11,3000;0,4217;0,2802;0,0000;0,6514;0,0000;0,0000;0,0000;0,3503;-0,9200;-0,5000;1;0,0000;0,0000;0;1;1;0;0;0
9,8195;305,2915;11,3000;0,4247;0,2798;0,0000;0,6494;0,0000;0,0000;0,0000;0,3497;-0,9100;-0,4800;1;0,0000;0,0000;0;1;1;0;0;0
9,8334;305,2915;11,3000;0,4281;0,2793;0,0000;0,6474;0,0000;0,0000;0,0000;0,3492;-0,8900;-0,4700;1;0,0000;0,0000;0;1;1;0;0;0
9,8473;305,2915;11,3000;0,4398;0,2789;0,0000;0,6455;0,0000;0,0000;0,0000;0,3486;-0,8800;-0,4400;1;0,0000;0,0000;0;1;1;0;0;0
9,8612;305,2915;11,3000;0,4505;0,2785;0,0000;0,6436;0,0000;0,0000;0,0000;0,3481;-0,8700;-0,4200;1;0,0000;0,0000;0;1;1;0;0;0
9,8750;305,3138;11,3000;0,4627;0,2780;0,0000;0,6417;0,0000;0,0000;0,0000;0,3476;-0,8600;-0,3900;1;0,0000;0,0000;0;1;1;0;0;0
9,8889;305,3574;11,3000;0,4821;0,2776;0,0000;0,6399;0,0000;0,0000;0,0000;0,3470;-0,8400;-0,3600;1;0,0000;0,0000;0;1;1;0;0;0
9,9028;305,4010;11,3000;0,4907;0,2772;0,0000;0,6381;0,0000;0,0000;0,0000;0,3465;-0,8300;-0,3300;1;0,0000;0,0000;0;1;1;0;0;0
9,9167;305,4445;11,3000;0,4977;0,2768;0,0000;0,6363;0,0000;0,0000;0,0000;0,3461;-0,8100;-0,3100;1;0,0000;0,0000;0;1;1;0;0;0
9,9306;305,4882;11,3000;0,5033;0,2765;0,0000;0,6345;0,0000;0,0000;0,0000;0,3456;-0,8000;-0,2900;1;0,0000;0,0000;0;1;1;0;0;0
9,9445;305,7472;11,3000;0,4963;0,2761;0,0000;0,6328;0,0000;0,0000;0,0000;0,3451;-0,7800;-0,2800;1;0,0000;0,0000;0;1;1;0;0;0
9,9584;305,7472;11,3000;0,4880;0,2757;0,0000;0,6311;0,0000;0,0000;0,0000;0,3447;-0,7700;-0,2800;1;0,0000;0,0000;0;1;1;0;0;0
9,9723;305,7472;11,3000;0,4831;0,2754;0,0000;0,6295;0,0000;0,0000;0,0000;0,3442;-0,7500;-0,2700;1;0,0000;0,0000;0;1;1;0;0;0
9,9862;305,7472;11,3000;0,4759;0,2750;0,0000;0,6278;0,0000;0,0000;0,0000;0,3438;-0,7400;-0,2600;1;0,0000;0,0000;0;1;1;0;0;0
10,0000;305,7472;11,3000;0,4680;0,2747;0,0000;0,6262;0,0000;0,0000;0,0000;0,3433;-0,7200;-0,2500;1;0,0000;0,0000;0;1;1;0;0;0
10,0139;305,7497;11,3000;0,4517;0,2743;0,0000;0,6247;0,0000;0,0000;0,0000;0,3429;-0,7100;-0,2600;1;0,0000;0,0000;0;1;1;0;0;0
10,0278;305,7933;11,3000;0,4323;0,2740;0,0000;0,6231;0,0000;0,0000;0,0000;0,3425;-0,7000;-0,2600;1;0,0000;0,0000;0;1;1;0;0;0
10,0417;305,8369;11,3000;0,4071;0,2737;0,0000;0,6216;0,0000;0,0000;0,0000;0,3421;-0,6800;-0,2800;1;0,0000;0,0000;0;1;1;0;0;0
10,0556;305,8805;11,3000;0,3889;0,2733;0,0000;0,6201;0,0000;0,0000;0,0000;0,3417;-0,6700;-0,2800;1;0,0000;0,0000;0;1;1;5;0;0
10,0695;305,9241;11,3000;0,3706;0,2730;0,0000;0,6187;0,0000;0,0000;0,0000;0,3413;-0,6600;-0,2900;1;0,0000;0,0000;0;1;1;5;0;0
10,0834;305,9677;11,3000;0,3493;0,2727;0,0000;0,6172;0,0000;0,0000;0,0000;0,3409;-0,6500;-0,3000;1;0,0000;0,0000;0;1;1;5;0;0
10,0973;306,2021;11,3000;0,3261;0,2724;0,0000;0,6158;0,0000;0,0000;0,0000;0,3405;-0,6400;-0,3100;1;0,0000;0,0000;0;1;1;5;0;0
10,1112;306,2021;11,3000;0,3036;0,2720;0,0000;0,6144;0,0000;0,0000;0,0000;0,3401;-0,6300;-0,3300;1;0,0000;0,0000;0;1;1;5;0;0
10,1250;306,2021;11,3000;0,2706;0,2717;0,0000;0,6130;0,0000;0,0000;0,0000;0,3396;-0,6200;-0,3500;1;0,0000;0,0000;0;1;1;5;0;0
10,1389;306,2021;11,3000;0,2504;0,2714;0,0000;0,6116;0,0000;0,0000;0,0000;0,3392;-0,6100;-0,3600;1;0,0000;0,0000;0;1;1;5;0;0
10,1528;306,2021;11,3000;0,2237;0,2711;0,0000;0,6102;0,0000;0,0000;0,0000;0,3388;-0,6100;-0,3800;1;0,0000;0,0000;0;1;1;5;0;0
10,1667;306,2292;11,3000;0,2045;0,2707;0,0000;0,6088;0,0000;0,0000;0,0000;0,3384;-0,6000;-0,4000;1;0,0000;0,0000;0;1;1;5;0;0
10,1806;306,2729;10,8000;0,1837;0,2704;0,0000;0,6074;0,0000;0,0000;0,0000;0,3380;-0,6000;-0,4100;1;0,0000;0,0000;0;1;1;5;0;0
10,1945;306,3145;10,8000;0,1601;0,2701;0,0000;0,6059;0,0000;0,0000;0,0000;0,3376;-0,5900;-0,4300;1;0,0000;0,0000;0;1;1;5;0;0
10,2084;306,3562;10,8000;0,1394;0,2698;0,0000;0,6045;0,0000;0,0000;0,0000;0,3372;-0,5900;-0,4500;1;0,0000;0,0000;0;1;1;5;0;0
10,2223;306,3978;10,8000;0,1068;0,2694;0,0000;0,6031;0,0000;0,0000;0,0000;0,3368;-0,5800;-0,4800;1;0,0000;0,0000;0;1;1;5;0;0
10,2362;306,6586;10,8000;0,0718;0,2691;0,0000;0,6017;0,0000;0,0000;0,0000;0,3364;-0,5800;-0,5100;1;0,0000;0,0000;0;1;1;5;0;0
10,2500;306,6586;10,8000;0,0341;0,2688;0,0000;0,6002;0,0000;0,0000;0,0000;0,3360;-0,5800;-0,5400;1;0,0000;0,0000;0;1;1;5;0;0
10,2639;306,6586;10,8000;-0,0158;0,2684;0,0000;0,5988;0,0000;0,0000;0,0000;0,3355;-0,5800;-0,5900;1;0,0000;0,0000;0;1;1;5;0;0
10,2778;306,6586;10,8000;-0,0385;0,2681;0,0000;0,5973;0,0000;0,0000;0,0000;0,3351;-0,5800;-0,6200;1;0,0000;0,0000;0;1;1;5;0;0
10,2917;306,6586;10,8000;-0,0711;0,2677;0,0000;0,5958;0,0000;0,0000;0,0000;0,3346;-0,5800;-0,6500;1;0,0000;0,0000;0;1;1;5;0;0
10,3056;306,6586;10,8000;-0,0864;0,2673;0,0000;0,5943;0,0000;0,0000;0,0000;0,3342;-0,5800;-0,6700;1;0,0000;0,0000;0;1;1;5;0;0
10,3195;306,6895;10,8000;-0,1142;0,2669;0,0000;0,5928;0,0000;0,0000;0,0000;0,3337;-0,5900;-0,7000;1;0,0000;0,0000;0;1;1;5;0;0
10,3334;306,7311;10,8000;-0,1429;0,2665;0,0000;0,5912;0,0000;0,0000;0,0000;0,3332;-0,5900;-0,7400;1;0,0000;0,0000;0;1;1;5;0;0
10,3473;306,7728;10,8000;-0,1589;0,2661;0,0000;0,5895;0,0000;0,0000;0,0000;0,3327;-0,6000;-0,7600;1;0,0000;0,0000;0;1;1;5;0;0
10,3612;306,8145;10,8000;-0,1705;0,2657;0,0000;0,5879;0,0000;0,0000;0,0000;0,3322;-0,6000;-0,7700;1;0,0000;0,0000;0;1;1;5;0;0
10,3750;306,8561;10,8000;-0,1790;0,2653;0,0000;0,5861;0,0000;0,0000;0,0000;0,3317;-0,6100;-0,7900;1;0,0000;0,0000;0;1;1;5;0;0
10,3889;307,1138;10,8000;-0,1884;0,2649;0,0000;0,5844;0,0000;0,0000;0,0000;0,3311;-0,6100;-0,8000;1;0,0000;0,0000;0;1;1;5;0;0
10,4028;307,1138;10,8000;-0,1999;0,2645;0,0000;0,5826;0,0000;0,0000;0,0000;0,3306;-0,6200;-0,8200;1;0,0000;0,0000;0;1;1;5;0;0
10,4167;307,1138;10,8000;-0,2022;0,2641;0,0000;0,5807;0,0000;0,0000;0,0000;0,3301;-0,6300;-0,8300;1;0,0000;0,0000;0;1;1;5;0;0
10,4306;307,1138;10,8000;-0,2153;0,2636;0,0000;0,5788;0,0000;0,0000;0,0000;0,3295;-0,6300;-0,8500;1;0,0000;0,0000;0;1;1;5;0;0
10,4445;307,1138;10,8000;-0,2229;0,2632;0,0000;0,5769;0,0000;0,0000;0,0000;0,3290;-0,6400;-0,8600;1;0,0000;0,0000;0;1;1;5;0;0
10,4584;307,1138;10,8000;-0,2358;0,2628;0,0000;0,5749;0,0000;0,0000;0,0000;0,3284;-0,6500;-0,8800;1;0,0000;0,0000;0;1;1;5;0;0
10,4723;307,1477;10,8000;-0,2358;0,2623;0,0000;0,5728;0,0000;0,0000;0,0000;0,3279;-0,6600;-0,8900;1;0,0000;0,0000;0;1;1;5;0;0
10,4862;307,1894;10,8000;-0,2268;0,2619;0,0000;0,5708;0,0000;0,0000;0,0000;0,3273;-0,6600;-0,8900;1;0,0000;0,0000;0;1;1;5;0;0
10,5000;307,2311;10,8000;-0,2147;0,2614;0,0000;0,5686;0,0000;0,0000;0,0000;0,3268;-0,6700;-0,8800;1;0,0000;0,0000;0;1;1;5;0;0
10,5139;307,2727;10,8000;-0,1886;0,2610;0,0000;0,5665;0,0000;0,0000;0,0000;0,3262;-0,6700;-0,8600;1;0,0000;0,0000;0;1;1;5;0;0
10,5278;307,3144;10,8000;-0,1834;0,2605;0,0000;0,5642;0,0000;0,0000;0,0000;0,3256;-0,6800;-0,8600;1;0,0000;0,0000;0;1;1;5;0;0
10,5417;307,5695;10,8000;-0,1684;0,2601;0,0000;0,5620;0,0000;0,0000;0,0000;0,3251;-0,6900;-0,8500;1;0,0000;0,0000;0;1;1;5;0;0
10,5556;307,5695;10,8000;-0,1175;0,2596;0,0000;0,5597;0,0000;0,0000;0,0000;0,3246;-0,6900;-0,8100;1;0,0000;0,0000;0;1;1;5;0;0
10,5695;307,5695;10,8000;-0,0485;0,2592;0,0000;0,5574;0,0000;0,0000;0,0000;0,3240;-0,6900;-0,7400;1;0,0000;0,0000;0;1;1;5;0;0
10,5834;307,5695;10,8000;0,0108;0,2588;0,0000;0,5551;0,0000;0,0000;0,0000;0,3235;-0,6900;-0,6800;1;0,0000;0,0000;0;1;1;5;0;0
10,5973;307,5695;10,8000;0,0844;0,2584;0,0000;0,5527;0,0000;0,0000;0,0000;0,3230;-0,6900;-0,6000;1;0,0000;0,0000;0;1;1;5;0;0
10,6112;307,5695;10,8000;0,1590;0,2581;0,0000;0,5504;0,0000;0,0000;0,0000;0,3226;-0,6800;-0,5200;1;0,0000;0,0000;0;1;1;5;0;0
10,6250;307,6061;10,8000;0,2276;0,2577;0,0000;0,5481;0,0000;0,0000;0,0000;0,3222;-0,6800;-0,4500;1;0,0000;0,0000;0;1;1;5;0;0
10,6389;307,6477;10,8000;0,3372;0,2574;0,0000;0,5458;0,0000;0,0000;0,0000;0,3218;-0,6700;-0,3300;1;0,0000;0,0000;0;1;1;5;0;0
10,6528;307,6894;10,8000;0,3590;0,2571;0,0000;0,5435;0,0000;0,0000;0,0000;0,3214;-0,6600;-0,3000;1;0,0000;0,0000;0;1;1;5;0;0
10,6667;307,7311;10,8000;0,4727;0,2568;0,0000;0,5413;0,0000;0,0000;0,0000;0,3211;-0,6400;-0,1700;1;0,0000;0,0000;0;1;1;5;0;0
10,6806;307,7727;10,8000;0,5368;0,2566;0,0000;0,5392;0,0000;0,0000;0,0000;0,3208;-0,6300;-0,0900;1;0,0000;0,0000;0;1;1;5;0;0
10,6945;308,0256;10,8000;0,5967;0,2564;0,0000;0,5372;0,0000;0,0000;0,0000;0,3205;-0,6100;0,0000;1;0,0000;0,0000;0;1;1;5;0;0
10,7084;308,0256;10,8000;0,6749;0,2562;0,0000;0,5352;0,0000;0,0000;0,0000;0,3202;-0,5900;0,0800;1;0,0000;0,0000;0;1;1;5;0;0
10,7223;308,0256;10,8000;0,7633;0,2560;0,0000;0,5333;0,0000;0,0000;0,0000;0,3200;-0,5700;0,1900;1;0,0000;0,0000;0;1;1;5;0;0
10,7362;308,0256;10,8000;0,7811;0,2559;0,0000;0,5315;0,0000;0,0000;0,0000;0,3198;-0,5500;0,2300;1;0,0000;0,0000;0;1;1;5;0;0
10,7500;308,0256;10,8000;0,8723;0,2557;0,0000;0,5299;0,0000;0,0000;0,0000;0,3197;-0,5300;0,3500;1;0,0000;0,0000;0;1;1;5;0;0
10,7639;308,0256;10,8000;0,8985;0,2557;0,0000;0,5283;0,0000;0,0000;0,0000;0,3196;-0,5000;0,4000;1;0,0000;0,0000;0;1;1;5;0;0
10,7778;308,0644;10,8000;0,9299;0,2556;0,0000;0,5269;0,0000;0,0000;0,0000;0,3195;-0,4700;0,4600;1;0,0000;0,0000;0;1;1;5;0;0
10,7917;308,1060;10,8000;0,9685;0,2555;0,0000;0,5256;0,0000;0,0000;0,0000;0,3194;-0,4500;0,5200;1;0,0000;0,0000;0;1;1;5;0;0
10,8056;308,1477;10,8000;0,9864;0,2555;0,0000;0,5245;0,0000;0,0000;0,0000;0,3194;-0,4200;0,5700;1;0,0000;0,0000;0;1;1;5;0;0
10,8195;308,1894;10,8000;1,0228;0,2555;0,0000;0,5234;0,0000;0,0000;0,0000;0,3194;-0,3900;0,6300;1;0,0000;0,0000;0;1;1;5;0;0
10,8334;308,2311;10,8000;1,0299;0,2556;0,0000;0,5225;0,0000;0,0000;0,0000;0,3195;-0,3600;0,6700;1;0,0000;0,0000;0;1;1;5;0;0
10,8473;308,4803;10,8000;1,0460;0,2556;0,0000;0,5218;0,0000;0,0000;0,0000;0,3195;-0,3300;0,7200;1;0,0000;0,0000;0;1;1;5;0;0
10,8612;308,4803;10,8000;1,0492;0,2557;0,0000;0,5212;0,0000;0,0000;0,0000;0,3196;-0,3000;0,7500;1;0,0000;0,0000;0;1;1;5;0;0
10,8750;308,4803;10,8000;1,0563;0,2558;0,0000;0,5207;0,0000;0,0000;0,0000;0,3197;-0,2700;0,7900;1;0,0000;0,0000;0;1;1;5;0;0
10,8889;308,4803;10,8000;1,0397;0,2559;0,0000;0,5203;0,0000;0,0000;0,0000;0,3198;-0,2400;0,8000;1;0,0000;0,0000;0;1;1;5;0;0
10,9028;308,4803;10,8000;1,0257;0,2560;0,0000;0,5201;0,0000;0,0000;0,0000;0,3200;-0,2100;0,8100;1;0,0000;0,0000;0;1;1;5;0;0
10,9167;308,4811;10,8000;0,9979;0,2561;0,0000;0,5201;0,0000;0,0000;0,0000;0,3201;-0,1800;0,8100;1;0,0000;0,0000;0;1;1;5;0;0
10,9306;308,5227;10,8000;0,9744;0,2562;0,0000;0,5202;0,0000;0,0000;0,0000;0,3203;-0,1600;0,8200;1;0,0000;0,0000;0;1;1;5;0;0
10,9445;308,5644;10,8000;0,9536;0,2564;0,0000;0,5204;0,0000;0,0000;0,0000;0,3204;-0,1300;0,8200;1;0,0000;0,0000;0;1;1;5;0;0
10,9584;308,6061;10,8000;0,9170;0,2565;0,0000;0,5206;0,0000;0,0000;0,0000;0,3206;-0,1000;0,8100;1;0,0000;0,0000;0;1;1;5;0;0
10,9723;308,6477;10,8000;0,9097;0,2567;0,0000;0,5209;0,0000;0,0000;0,0000;0,3208;-0,0800;0,8300;1;0,0000;0,0000;0;1;1;5;0;0
10,9862;308,6894;10,8000;0,8537;0,2568;0,0000;0,5213;0,0000;0,0000;0,0000;0,3211;-0,0500;0,8000;1;0,0000;0,0000;0;1;1;5;0;0
11,0000;308,9368;10,8000;0,8235;0,2570;0,0000;0,5217;0,0000;0,0000;0,0000;0,3213;-0,0300;0,7900;1;0,0000;0,0000;0;1;1;5;0;0
11,0139;308,9368;10,8000;0,7959;0,2572;0,0000;0,5223;0,0000;0,0000;0,0000;0,3215;0,0000;0,7900;1;0,0000;0,0000;0;1;1;5;0;0
11,0278;308,9368;10,8000;0,7711;0,2574;0,0000;0,5229;0,0000;0,0000;0,0000;0,3217;0,0000;0,7900;1;0,0000;0,0000;0;1;1;5;0;0
11,0417;308,9368;10,8000;0,7458;0,2576;0,0000;0,5235;0,0000;0,0000;0,0000;0,3220;0,0300;0,7800;1;0,0000;0,0000;0;1;1;5;0;0
11,0556;308,9368;10,8000;0,7408;0,2578;0,0000;0,5243;0,0000;0,0000;0,0000;0,3222;0,0600;0,8000;1;0,0000;0,0000;0;1;1;4;0;0
11,0695;308,9394;10,8000;0,7138;0,2580;0,0000;0,5251;0,0000;0,0000;0,0000;0,3225;0,0800;0,7900;1;0,0000;0,0000;0;1;1;4;0;0
11,0834;308,9811;10,8000;0,6793;0,2582;0,0000;0,5259;0,0000;0,0000;0,0000;0,3228;0,1000;0,7800;1;0,0000;0,0000;0;1;1;4;0;0
11,0973;309,0228;10,8000;0,6457;0,2584;0,0000;0,5269;0,0000;0,0000;0,0000;0,3231;0,1200;0,7600;1;0,0000;0,0000;0;1;1;4;0;0
11,1112;309,0644;10,8000;0,6206;0,2587;0,0000;0,5278;0,0000;0,0000;0,0000;0,3233;0,1300;0,7500;1;0,0000;0,0000;0;1;1;4;0;0
11,1250;309,1061;10,8000;0,5853;0,2589;0,0000;0,5288;0,0000;0,0000;0,0000;0,3236;0,1500;0,7400;1;0,0000;0,0000;0;1;1;4;0;0
11,1389;309,1478;10,8000;0,5605;0,2591;0,0000;0,5299;0,0000;0,0000;0,0000;0,3239;0,1700;0,7300;1;0,0000;0,0000;0;1;1;4;0;0
11,1528;309,3923;10,8000;0,5226;0,2593;0,0000;0,5310;0,0000;0,0000;0,0000;0,3242;0,1800;0,7000;1;0,0000;0,0000;0;1;1;4;0;0
11,1667;309,3923;10,8000;0,4999;0,2596;0,0000;0,5321;0,0000;0,0000;0,0000;0,3245;0,2000;0,7000;1;0,0000;0,0000;0;1;1;4;0;0
11,1806;309,3923;10,8000;0,4954;0,2598;0,0000;0,5332;0,0000;0,0000;0,0000;0,3248;0,2100;0,7100;1;0,0000;0,0000;0;1;1;4;0;0
11,1945;309,3923;10,8000;0,4312;0,2600;0,0000;0,5344;0,0000;0,0000;0,0000;0,3251;0,2200;0,6500;1;0,0000;0,0000;0;1;1;4;0;0
11,2084;309,3923;10,8000;0,3783;0,2602;0,0000;0,5356;0,0000;0,0000;0,0000;0,3253;0,2300;0,6100;1;0,0000;0,0000;0;1;1;4;0;0
11,2223;309,3977;10,8000;0,2940;0,2604;0,0000;0,5368;0,0000;0,0000;0,0000;0,3256;0,2400;0,5400;1;0,0000;0,0000;0;1;1;4;0;0
11,2362;309,4394;10,8000;0,2425;0,2606;0,0000;0,5380;0,0000;0,0000;0,0000;0,3258;0,2500;0,4900;1;0,0000;0,0000;0;1;1;4;0;0
11,2500;309,4811;10,8000;0,1867;0,2608;0,0000;0,5392;0,0000;0,0000;0,0000;0,3260;0,2600;0,4400;1;0,0000;0,0000;0;1;1;4;0;0
11,2639;309,5227;10,8000;0,1529;0,2610;0,0000;0,5404;0,0000;0,0000;0,0000;0,3262;0,2600;0,4100;1;0,0000;0,0000;0;1;1;4;0;0
11,2778;309,5644;10,8000;0,1048;0,2612;0,0000;0,5415;0,0000;0,0000;0,0000;0,3264;0,2600;0,3700;1;0,0000;0,0000;0;1;1;4;0;0
11,2917;309,6060;10,8000;0,0952;0,2613;0,0000;0,5427;0,0000;0,0000;0,0000;0,3267;0,2700;0,3600;1;0,0000;0,0000;0;1;1;4;0;0
11,3056;309,8476;10,8000;0,0528;0,2615;0,0000;0,5438;0,0000;0,0000;0,0000;0,3269;0,2700;0,3200;1;0,0000;0,0000;0;1;1;4;0;0
11,3195;309,8476;10,8000;-0,0640;0,2616;0,0000;0,5449;0,0000;0,0000;0,0000;0,3270;0,2700;0,2000;1;0,0000;0,0000;0;1;1;4;0;0
11,3334;309,8476;10,8000;-0,1511;0,2617;0,0000;0,5459;0,0000;0,0000;0,0000;0,3272;0,2700;0,1100;1;0,0000;0,0000;0;1;1;4;0;0
11,3473;309,8476;10,8000;-0,2443;0,2618;0,0000;0,5469;0,0000;0,0000;0,0000;0,3273;0,2600;0,0000;1;0,0000;0,0000;0;1;1;4;0;0
11,3612;309,8476;10,8000;-0,3063;0,2619;0,0000;0,5479;0,0000;0,0000;0,0000;0,3274;0,2500;-0,0500;1;0,0000;0,0000;0;1;1;4;0;0
11,3750;309,8561;10,8000;-0,3188;0,2620;0,0000;0,5488;0,0000;0,0000;0,0000;0,3275;0,2400;-0,0700;1;0,0000;0,0000;0;1;1;4;0;0
11,3889;309,8977;10,8000;-0,3619;0,2620;0,0000;0,5496;0,0000;0,0000;0,0000;0,3275;0,2300;-0,1300;1;0,0000;0,0000;0;1;1;4;0;0
11,4028;309,9394;10,8000;-0,4193;0,2620;0,0000;0,5504;0,0000;0,0000;0,0000;0,3276;0,2200;-0,2000;1;0,0000;0,0000;0;1;1;4;0;0
11,4167;309,9810;10,8000;-0,5261;0,2621;0,0000;0,5510;0,0000;0,0000;0,0000;0,3276;0,2100;-0,3200;1;0,0000;0,0000;0;1;1;4;0;0
11,4306;310,0227;10,8000;-0,5810;0,2620;0,0000;0,5517;0,0000;0,0000;0,0000;0,3276;0,1900;-0,3900;1;0,0000;0,0000;0;1;1;4;0;0
11,4445;310,0644;10,8000;-0,6289;0,2620;0,0000;0,5522;0,0000;0,0000;0,0000;0,3275;0,1700;-0,4500;1;0,0000;0,0000;0;1;1;4;0;0
11,4584;310,3039;10,8000;-0,6665;0,2620;0,0000;0,5527;0,0000;0,0000;0,0000;0,3274;0,1600;-0,5100;1;0,0000;0,0000;0;1;1;4;0;0
11,4723;310,3039;10,8000;-0,6990;0,2619;0,0000;0,5530;0,0000;0,0000;0,0000;0,3273;0,1400;-0,5600;1;0,0000;0,0000;0;1;1;4;0;0
11,4862;310,3039;10,8000;-0,7181;0,2618;0,0000;0,5533;0,0000;0,0000;0,0000;0,3272;0,1200;-0,6000;1;0,0000;0,0000;0;1;1;4;0;0
11,5000;310,3039;10,8000;-0,7220;0,2617;0,0000;0,5533;0,0000;0,0000;0,0000;0,3271;0,1000;-0,6200;1;0,0000;0,0000;0;1;1;4;0;0
11,5139;310,3039;10,8000;-0,7577;0,2616;0,0000;0,5533;0,0000;0,0000;0,0000;0,3270;0,0800;-0,6800;1;0,0000;0,0000;0;1;1;4;0;0
11,5278;310,3144;10,8000;-0,7755;0,2614;0,0000;0,5533;0,0000;0,0000;0,0000;0,3268;0,0600;-0,7200;1;0,0000;0,0000;0;1;1;4;0;0
11,5417;310,3560;10,8000;-0,8090;0,2613;0,0000;0,5531;0,0000;0,0000;0,0000;0,3266;0,0300;-0,7700;1;0,0000;0,0000;0;1;1;4;0;0
11,5556;310,3977;10,8000;-0,8287;0,2611;0,0000;0,5529;0,0000;0,0000;0,0000;0,3264;0,0000;-0,8100;1;0,0000;0,0000;0;1;1;4;0;0
11,5695;310,4394;10,8000;-0,8362;0,2609;0,0000;0,5526;0,0000;0,0000;0,0000;0,3261;0,0000;-0,8400;1;0,0000;0,0000;0;1;1;4;0;0
11,5834;310,4810;10,8000;-0,8485;0,2607;0,0000;0,5523;0,0000;0,0000;0,0000;0,3259;-0,0300;-0,8800;1;0,0000;0,0000;0;1;1;4;0;0
11,5973;310,5227;10,8000;-0,8477;0,2605;0,0000;0,5518;0,0000;0,0000;0,0000;0,3256;-0,0500;-0,9000;1;0,0000;0,0000;0;1;1;4;0;0
11,6112;310,7589;10,8000;-0,8476;0,2602;0,0000;0,5512;0,0000;0,0000;0,0000;0,3253;-0,0800;-0,9200;1;0,0000;0,0000;0;1;1;4;0;0
11,6250;310,7589;10,8000;-0,8467;0,2600;0,0000;0,5506;0,0000;0,0000;0,0000;0,3250;-0,1000;-0,9500;1;0,0000;0,0000;0;1;1;4;0;0
11,6389;310,7589;10,8000;-0,8347;0,2597;0,0000;0,5498;0,0000;0,0000;0,0000;0,3247;-0,1200;-0,9600;1;0,0000;0,0000;0;1;1;4;0;0
11,6528;310,7589;10,8000;-0,8156;0,2595;0,0000;0,5490;0,0000;0,0000;0,0000;0,3243;-0,1500;-0,9600;1;0,0000;0,0000;0;1;1;4;0;0
11,6667;310,7589;10,8000;-0,8063;0,2592;0,0000;0,5480;0,0000;0,0000;0,0000;0,3240;-0,1700;-0,9700;1;0,0000;0,0000;0;1;1;4;0;0
11,6806;310,7727;10,8000;-0,7833;0,2589;0,0000;0,5470;0,0000;0,0000;0,0000;0,3236;-0,1900;-0,9700;1;0,0000;0,0000;0;1;1;4;0;0
11,6945;310,8144;10,7000;-0,7787;0,2586;0,0000;0,5459;0,0000;0,0000;0,0000;0,3233;-0,2100;-0,9900;1;0,0000;0,0000;0;1;1;4;0;0
11,7084;310,8557;10,7000;-0,7708;0,2583;0,0000;0,5448;0,0000;0,0000;0,0000;0,3229;-0,2300;-1,0000;1;0,0000;0,0000;0;1;1;4;0;0
11,7223;310,8969;10,7000;-0,7561;0,2580;0,0000;0,5435;0,0000;0,0000;0,0000;0,3225;-0,2500;-1,0100;1;0,0000;0,0000;0;1;1;4;0;0
11,7362;310,9382;10,7000;-0,7467;0,2577;0,0000;0,5422;0,0000;0,0000;0,0000;0,3221;-0,2700;-1,0200;1;0,0000;0,0000;0;1;1;4;0;0
11,7500;310,9795;10,7000;-0,7525;0,2573;0,0000;0,5408;0,0000;0,0000;0,0000;0,3217;-0,2900;-1,0400;1;0,0000;0,0000;0;1;1;4;0;0
11,7639;311,2150;10,7000;-0,7604;0,2570;0,0000;0,5393;0,0000;0,0000;0,0000;0,3213;-0,3100;-1,0700;1;0,0000;0,0000;0;1;1;4;0;0
11,7778;311,2150;10,7000;-0,7585;0,2567;0,0000;0,5378;0,0000;0,0000;0,0000;0,3208;-0,3300;-1,0900;1;0,0000;0,0000;0;1;1;4;0;0
11,7917;311,2150;10,7000;-0,7547;0,2563;0,0000;0,5362;0,0000;0,0000;0,0000;0,3204;-0,3500;-1,1100;1;0,0000;0,0000;0;1;1;4;0;0
11,8056;311,2150;10,7000;-0,7473;0,2560;0,0000;0,5346;0,0000;0,0000;0,0000;0,3199;-0,3700;-1,1200;1;0,0000;0,0000;0;1;1;4;0;0
11,8195;311,2150;10,7000;-0,7458;0,2556;0,0000;0,5329;0,0000;0,0000;0,0000;0,3195;-0,3900;-1,1400;1;0,0000;0,0000;0;1;1;4;0;0
11,8334;311,2272;10,7000;-0,7363;0,2552;0,0000;0,5311;0,0000;0,0000;0,0000;0,3190;-0,4100;-1,1500;1;0,0000;0,0000;0;1;1;4;0;0
11,8473;311,2685;10,7000;-0,7199;0,2548;0,0000;0,5293;0,0000;0,0000;0,0000;0,3185;-0,4300;-1,1500;1;0,0000;0,0000;0;1;1;4;0;0
11,8612;311,3098;10,7000;-0,6775;0,2544;0,0000;0,5274;0,0000;0,0000;0,0000;0,3181;-0,4500;-1,1300;1;0,0000;0,0000;0;1;1;4;0;0
11,8750;311,3510;10,7000;-0,6642;0,2541;0,0000;0,5255;0,0000;0,0000;0,0000;0,3176;-0,4700;-1,1300;1;0,0000;0,0000;0;1;1;4;0;0
11,8889;311,3923;10,7000;-0,6285;0,2537;0,0000;0,5235;0,0000;0,0000;0,0000;0,3171;-0,4800;-1,1100;1;0,0000;0,0000;0;1;1;4;0;0
11,9028;311,4336;10,7000;-0,6016;0,2532;0,0000;0,5215;0,0000;0,0000;0,0000;0,3166;-0,5000;-1,1000;1;0,0000;0,0000;0;1;1;4;0;0
11,9167;311,6707;10,7000;-0,5475;0,2529;0,0000;0,5195;0,0000;0,0000;0,0000;0,3161;-0,5100;-1,0600;1;0,0000;0,0000;0;1;1;4;0;0
11,9306;311,6707;10,7000;-0,5366;0,2525;0,0000;0,5173;0,0000;0,0000;0,0000;0,3156;-0,5300;-1,0600;1;0,0000;0,0000;0;1;1;4;0;0
11,9445;311,6707;10,7000;-0,5117;0,2521;0,0000;0,5152;0,0000;0,0000;0,0000;0,3151;-0,5400;-1,0500;1;0,0000;0,0000;0;1;1;4;0;0
11,9584;311,6707;10,7000;-0,4263;0,2517;0,0000;0,5130;0,0000;0,0000;0,0000;0,3146;-0,5500;-0,9800;1;0,0000;0,0000;0;1;1;4;0;0
11,9723;311,6707;10,7000;-0,3581;0,2513;0,0000;0,5108;0,0000;0,0000;0,0000;0,3141;-0,5600;-0,9200;1;0,0000;0,0000;0;1;1;4;0;0
11,9862;311,6812;10,7000;-0,3125;0,2509;0,0000;0,5086;0,0000;0,0000;0,0000;0,3136;-0,5700;-0,8800;1;0,0000;0,0000;0;1;1;4;0;0
12,0000;311,7225;10,7000;-0,2707;0,2505;0,0000;0,5063;0,0000;0,0000;0,0000;0,3132;-0,5800;-0,8500;1;0,0000;0,0000;0;1;1;4;0;0
12,0139;311,7638;10,7000;-0,2623;0,2502;0,0000;0,5040;0,0000;0,0000;0,0000;0,3127;-0,5800;-0,8400;1;0,0000;0,0000;0;1;1;4;0;0
12,0278;311,8051;10,7000;-0,2082;0,2498;0,0000;0,5018;0,0000;0,0000;0,0000;0,3122;-0,5900;-0,8000;1;0,0000;0,0000;0;1;1;4;0;0
12,0417;311,8463;10,7000;-0,1732;0,2494;0,0000;0,4995;0,0000;0,0000;0,0000;0,3118;-0,5900;-0,7600;1;0,0000;0,0000;0;1;1;4;0;0
12,0556;311,8876;10,7000;-0,1152;0,2491;0,0000;0,4973;0,0000;0,0000;0,0000;0,3113;-0,5900;-0,7100;1;0,0000;0,0000;0;1;1;4;0;0
12,0695;312,1257;10,7000;-0,0855;0,2487;0,0000;0,4950;0,0000;0,0000;0,0000;0,3109;-0,6000;-0,6800;1;0,0000;0,0000;0;1;1;1;0;0
12,0834;312,1257;10,7000;-0,0506;0,2483;0,0000;0,4928;0,0000;0,0000;0,0000;0,3104;-0,6000;-0,6500;1;0,0000;0,0000;0;1;1;1;0;0
12,0973;312,1257;10,7000;-0,0336;0,2480;0,0000;0,4906;0,0000;0,0000;0,0000;0,3100;-0,6000;-0,6300;1;0,0000;0,0000;0;1;1;1;0;0
12,1112;312,1257;10,7000;-0,0017;0,2477;0,0000;0,4884;0,0000;0,0000;0,0000;0,3096;-0,6000;-0,6000;1;0,0000;0,0000;0;1;1;1;0;0
12,1250;312,1257;10,7000;0,0137;0,2473;0,0000;0,4862;0,0000;0,0000;0,0000;0,3092;-0,6000;-0,5800;1;0,0000;0,0000;0;1;1;1;0;0
12,1389;312,1353;10,7000;0,0168;0,2470;0,0000;0,4841;0,0000;0,0000;0,0000;0,3088;-0,6000;-0,5800;1;0,0000;0,0000;0;1;1;1;0;0
12,1528;312,1766;10,7000;0,0262;0,2467;0,0000;0,4819;0,0000;0,0000;0,0000;0,3083;-0,6000;-0,5700;1;0,0000;0,0000;0;1;1;1;0;0
12,1667;312,2179;10,7000;0,0379;0,2464;0,0000;0,4798;0,0000;0,0000;0,0000;0,3080;-0,5900;-0,5600;1;0,0000;0,0000;0;1;1;1;0;0
12,1806;312,2592;11,0000;0,0483;0,2461;0,0000;0,4777;0,0000;0,0000;0,0000;0,3076;-0,5900;-0,5400;1;0,0000;0,0000;0;1;1;1;0;0
12,1945;312,3016;11,0000;0,0517;0,2457;0,0000;0,4757;0,0000;0,0000;0,0000;0,3071;-0,5900;-0,5400;1;0,0000;0,0000;0;1;1;1;0;0
12,2084;312,3440;11,0000;0,0479;0,2454;0,0000;0,4736;0,0000;0,0000;0,0000;0,3067;-0,5900;-0,5400;1;0,0000;0,0000;0;1;1;1;0;0
12,2223;312,5822;11,0000;0,0431;0,2451;0,0000;0,4716;0,0000;0,0000;0,0000;0,3063;-0,5900;-0,5400;1;0,0000;0,0000;0;1;1;1;0;0
12,2362;312,5822;11,0000;0,0372;0,2447;0,0000;0,4696;0,0000;0,0000;0,0000;0,3059;-0,5900;-0,5500;1;0,0000;0,0000;0;1;1;1;0;0
12,2500;312,5822;11,0000;0,0360;0,2444;0,0000;0,4676;0,0000;0,0000;0,0000;0,3055;-0,5800;-0,5500;1;0,0000;0,0000;0;1;1;1;0;0
12,2639;312,5822;11,0000;0,0273;0,2441;0,0000;0,4656;0,0000;0,0000;0,0000;0,3051;-0,5800;-0,5600;1;0,0000;0,0000;0;1;1;1;0;0
12,2778;312,5822;11,0000;0,0144;0,2437;0,0000;0,4636;0,0000;0,0000;0,0000;0,3047;-0,5800;-0,5700;1;0,0000;0,0000;0;1;1;1;0;0
12,2917;312,5986;11,0000;0,0095;0,2434;0,0000;0,4617;0,0000;0,0000;0,0000;0,3042;-0,5800;-0,5700;1;0,0000;0,0000;0;1;1;1;0;0
12,3056;312,6411;11,0000;0,0073;0,2431;0,0000;0,4597;0,0000;0,0000;0,0000;0,3038;-0,5800;-0,5800;1;0,0000;0,0000;0;1;1;1;0;0
12,3195;312,6835;11,0000;0,0101;0,2427;0,0000;0,4577;0,0000;0,0000;0,0000;0,3034;-0,5800;-0,5700;1;0,0000;0,0000;0;1;1;1;0;0
12,3334;312,7260;11,0000;0,0105;0,2424;0,0000;0,4558;0,0000;0,0000;0,0000;0,3030;-0,5800;-0,5700;1;0,0000;0,0000;0;1;1;1;0;0
12,3473;312,7684;11,0000;0,0179;0,2420;0,0000;0,4538;0,0000;0,0000;0,0000;0,3025;-0,5800;-0,5600;1;0,0000;0,0000;0;1;1;1;0;0
12,3612;313,0372;11,0000;0,0366;0,2417;0,0000;0,4518;0,0000;0,0000;0,0000;0,3021;-0,5800;-0,5400;1;0,0000;0,0000;0;1;1;1;0;0
12,3750;313,0372;11,0000;0,0730;0,2414;0,0000;0,4498;0,0000;0,0000;0,0000;0,3017;-0,5800;-0,5100;1;0,0000;0,0000;0;1;1;1;0;0
12,3889;313,0372;11,0000;0,0958;0,2411;0,0000;0,4478;0,0000;0,0000;0,0000;0,3013;-0,5800;-0,4800;1;0,0000;0,0000;0;1;1;1;0;0
12,4028;313,0372;11,0000;0,1102;0,2408;0,0000;0,4459;0,0000;0,0000;0,0000;0,3010;-0,5700;-0,4600;1;0,0000;0,0000;0;1;1;1;0;0
12,4167;313,0372;11,0000;0,1240;0,2405;0,0000;0,4439;0,0000;0,0000;0,0000;0,3006;-0,5700;-0,4500;1;0,0000;0,0000;0;1;1;1;0;0
12,4306;313,0372;11,0000;0,1325;0,2402;0,0000;0,4420;0,0000;0,0000;0,0000;0,3002;-0,5700;-0,4300;1;0,0000;0,0000;0;1;1;1;0;0
12,4445;313,0655;11,0000;0,1342;0,2398;0,0000;0,4401;0,0000;0,0000;0,0000;0,2998;-0,5600;-0,4300;1;0,0000;0,0000;0;1;1;1;0;0
12,4584;313,1079;11,2000;0,1408;0,2395;0,0000;0,4382;0,0000;0,0000;0,0000;0,2994;-0,5600;-0,4200;1;0,0000;0,0000;0;1;1;1;0;0
12,4723;313,1511;11,2000;0,1469;0,2392;0,0000;0,4363;0,0000;0,0000;0,0000;0,2990;-0,5500;-0,4100;1;0,0000;0,0000;0;1;1;1;0;0
12,4862;313,1943;11,2000;0,1572;0,2389;0,0000;0,4344;0,0000;0,0000;0,0000;0,2987;-0,5500;-0,3900;1;0,0000;0,0000;0;1;1;1;0;0
12,5000;313,2375;11,2000;0,1837;0,2386;0,0000;0,4326;0,0000;0,0000;0,0000;0,2983;-0,5400;-0,3600;1;0,0000;0,0000;0;1;1;1;0;0
12,5139;313,4933;11,2000;0,1965;0,2383;0,0000;0,4307;0,0000;0,0000;0,0000;0,2979;-0,5400;-0,3400;1;0,0000;0,0000;0;1;1;1;0;0
12,5278;313,4933;11,2000;0,2103;0,2381;0,0000;0,4289;0,0000;0,0000;0,0000;0,2976;-0,5300;-0,3200;1;0,0000;0,0000;0;1;1;1;0;0
12,5417;313,4933;11,2000;0,2324;0,2378;0,0000;0,4271;0,0000;0,0000;0,0000;0,2972;-0,5200;-0,2900;1;0,0000;0,0000;0;1;1;1;0;0
12,5556;313,4933;11,2000;0,2368;0,2375;0,0000;0,4254;0,0000;0,0000;0,0000;0,2969;-0,5100;-0,2800;1;0,0000;0,0000;0;1;1;1;0;0
12,5695;313,4933;11,2000;0,2505;0,2373;0,0000;0,4236;0,0000;0,0000;0,0000;0,2966;-0,5100;-0,2600;1;0,0000;0,0000;0;1;1;1;0;0
12,5834;313,4968;11,2000;0,2616;0,2370;0,0000;0,4219;0,0000;0,0000;0,0000;0,2963;-0,5000;-0,2400;1;0,0000;0,0000;0;1;1;1;0;0
12,5973;313,5400;11,2000;0,2844;0,2368;0,0000;0,4203;0,0000;0,0000;0,0000;0,2960;-0,4900;-0,2000;1;0,0000;0,0000;0;1;1;1;0;0
12,6112;313,5832;11,2000;0,2989;0,2365;0,0000;0,4186;0,0000;0,0000;0,0000;0,2957;-0,4800;-0,1800;1;0,0000;0,0000;0;1;1;1;0;0
12,6250;313,6264;11,2000;0,3183;0,2363;0,0000;0,4170;0,0000;0,0000;0,0000;0,2954;-0,4700;-0,1500;1;0,0000;0,0000;0;1;1;1;0;0
12,6389;313,6696;11,2000;0,3374;0,2361;0,0000;0,4155;0,0000;0,0000;0,0000;0,2951;-0,4600;-0,1200;1;0,0000;0,0000;0;1;1;1;0;0
12,6528;313,7128;11,2000;0,3412;0,2359;0,0000;0,4140;0,0000;0,0000;0,0000;0,2949;-0,4500;-0,1100;1;0,0000;0,0000;0;1;1;1;0;0
12,6667;313,9490;11,2000;0,3553;0,2357;0,0000;0,4125;0,0000;0,0000;0,0000;0,2946;-0,4400;-0,0800;1;0,0000;0,0000;0;1;1;1;0;0
12,6806;313,9490;11,2000;0,3651;0,2355;0,0000;0,4111;0,0000;0,0000;0,0000;0,2944;-0,4300;-0,0600;1;0,0000;0,0000;0;1;1;1;0;0
12,6945;313,9490;11,2000;0,3736;0,2353;0,0000;0,4097;0,0000;0,0000;0,0000;0,2942;-0,4200;-0,0400;1;0,0000;0,0000;0;1;1;1;0;0
12,7084;313,9490;11,2000;0,3689;0,2352;0,0000;0,4084;0,0000;0,0000;0,0000;0,2940;-0,4100;-0,0300;1;0,0000;0,0000;0;1;1;1;0;0
12,7223;313,9490;11,2000;0,3597;0,2350;0,0000;0,4071;0,0000;0,0000;0,0000;0,2938;-0,4000;-0,0300;1;0,0000;0,0000;0;1;1;1;0;0
12,7362;313,9720;11,2000;0,3513;0,2349;0,0000;0,4059;0,0000;0,0000;0,0000;0,2936;-0,3800;-0,0300;1;0,0000;0,0000;0;1;1;1;0;0
12,7500;314,0153;11,2000;0,3406;0,2347;0,0000;0,4047;0,0000;0,0000;0,0000;0,2934;-0,3700;-0,0300;1;0,0000;0,0000;0;1;1;1;0;0
12,7639;314,0585;11,2000;0,3384;0,2345;0,0000;0,4036;0,0000;0,0000;0,0000;0,2932;-0,3600;-0,0200;1;0,0000;0,0000;0;1;1;1;0;0
12,7778;314,1017;11,2000;0,3329;0,2344;0,0000;0,4025;0,0000;0,0000;0,0000;0,2930;-0,3500;-0,0200;1;0,0000;0,0000;0;1;1;1;0;0
12,7917;314,1449;11,2000;0,3303;0,2342;0,0000;0,4014;0,0000;0,0000;0,0000;0,2928;-0,3400;0,0000;1;0,0000;0,0000;0;1;1;1;0;0
12,8056;314,4039;11,2000;0,3285;0,2341;0,0000;0,4004;0,0000;0,0000;0,0000;0,2926;-0,3300;0,0000;1;0,0000;0,0000;0;1;1;1;0;0
12,8195;314,4039;11,2000;0,3385;0,2340;0,0000;0,3994;0,0000;0,0000;0,0000;0,2925;-0,3200;0,0000;1;0,0000;0,0000;0;1;1;1;0;0
12,8334;314,4039;11,2000;0,3405;0,2339;0,0000;0,3985;0,0000;0,0000;0,0000;0,2923;-0,3100;0,0300;1;0,0000;0,0000;0;1;1;1;0;0
12,8473;314,4039;11,2000;0,3648;0,2338;0,0000;0,3976;0,0000;0,0000;0,0000;0,2922;-0,3000;0,0600;1;0,0000;0,0000;0;1;1;1;0;0
12,8612;314,4039;11,2000;0,3699;0,2337;0,0000;0,3967;0,0000;0,0000;0,0000;0,2921;-0,2900;0,0800;1;0,0000;0,0000;0;1;1;1;0;0
12,8750;314,4041;11,2000;0,3868;0,2336;0,0000;0,3959;0,0000;0,0000;0,0000;0,2919;-0,2800;0,1000;1;0,0000;0,0000;0;1;1;1;0;0
12,8889;314,4474;11,2000;0,4141;0,2335;0,0000;0,3951;0,0000;0,0000;0,0000;0,2918;-0,2700;0,1400;1;0,0000;0,0000;0;1;1;1;0;0
12,9028;314,4906;11,2000;0,4394;0,2334;0,0000;0,3944;0,0000;0,0000;0,0000;0,2917;-0,2600;0,1800;1;0,0000;0,0000;0;1;1;1;0;0
12,9167;314,5338;11,2000;0,4588;0,2333;0,0000;0,3937;0,0000;0,0000;0,0000;0,2916;-0,2500;0,2100;1;0,0000;0,0000;0;1;1;1;0;0
12,9306;314,5770;11,2000;0,4904;0,2333;0,0000;0,3930;0,0000;0,0000;0,0000;0,2916;-0,2300;0,2600;1;0,0000;0,0000;0;1;1;1;0;0
12,9445;314,6202;11,2000;0,5086;0,2332;0,0000;0,3924;0,0000;0,0000;0,0000;0,2915;-0,2200;0,2900;1;0,0000;0,0000;0;1;1;1;0;0
12,9584;314,8605;11,2000;0,5149;0,2332;0,0000;0,3918;0,0000;0,0000;0,0000;0,2915;-0,2000;0,3100;1;0,0000;0,0000;0;1;1;1;0;0
12,9723;314,8605;11,2000;0,5086;0,2332;0,0000;0,3913;0,0000;0,0000;0,0000;0,2915;-0,1900;0,3200;1;0,0000;0,0000;0;1;1;1;0;0
12,9862;314,8605;11,2000;0,4954;0,2332;0,0000;0,3908;0,0000;0,0000;0,0000;0,2915;-0,1800;0,3200;1;0,0000;0,0000;0;1;1;1;0;0
13,0000;314,8605;11,2000;0,4791;0,2332;0,0000;0,3904;0,0000;0,0000;0,0000;0,2915;-0,1600;0,3200;1;0,0000;0,0000;0;1;1;1;0;0
13,0139;314,8605;11,2000;0,4525;0,2332;0,0000;0,3900;0,0000;0,0000;0,0000;0,2915;-0,1500;0,3000;1;0,0000;0,0000;0;1;1;1;0;0
13,0278;314,8795;11,2000;0,4126;0,2332;0,0000;0,3897;0,0000;0,0000;0,0000;0,2915;-0,1400;0,2700;1;0,0000;0,0000;0;1;1;1;0;0
13,0417;314,9227;11,2000;0,3609;0,2332;0,0000;0,3895;0,0000;0,0000;0,0000;0,2914;-0,1300;0,2300;1;0,0000;0,0000;0;1;1;1;0;0
13,0556;314,9659;11,2000;0,2989;0,2331;0,0000;0,3892;0,0000;0,0000;0,0000;0,2914;-0,1200;0,1800;1;0,0000;0,0000;0;1;1;1;0;0
13,0695;315,0091;11,2000;0,2228;0,2331;0,0000;0,3890;0,0000;0,0000;0,0000;0,2914;-0,1100;0,1100;1;0,0000;0,0000;0;1;1;1;0;0
13,0834;315,0523;11,2000;0,1544;0,2331;0,0000;0,3889;0,0000;0,0000;0,0000;0,2913;-0,1100;0,0400;1;0,0000;0,0000;0;1;1;7;0;0
13,0973;315,3155;11,2000;0,0871;0,2330;0,0000;0,3887;0,0000;0,0000;0,0000;0,2913;-0,1100;-0,0200;1;0,0000;0,0000;0;1;1;7;0;0
13,1112;315,3155;11,2000;0,0296;0,2329;0,0000;0,3885;0,0000;0,0000;0,0000;0,2912;-0,1100;-0,0800;1;0,0000;0,0000;0;1;1;7;0;0
13,1250;315,3155;11,2000;-0,0287;0,2328;0,0000;0,3884;0,0000;0,0000;0,0000;0,2911;-0,1100;-0,1400;1;0,0000;0,0000;0;1;1;7;0;0
13,1389;315,3155;11,2000;-0,0929;0,2327;0,0000;0,3882;0,0000;0,0000;0,0000;0,2909;-0,1100;-0,2000;1;0,0000;0,0000;0;1;1;7;0;0
13,1528;315,3155;11,2000;-0,1338;0,2326;0,0000;0,3879;0,0000;0,0000;0,0000;0,2908;-0,1200;-0,2500;1;0,0000;0,0000;0;1;1;7;0;0
13,1667;315,3155;11,2000;-0,1724;0,2325;0,0000;0,3877;0,0000;0,0000;0,0000;0,2906;-0,1200;-0,2900;1;0,0000;0,0000;0;1;1;7;0;0
13,1806;315,3548;11,2000;-0,2109;0,2324;0,0000;0,3874;0,0000;0,0000;0,0000;0,2905;-0,1300;-0,3400;1;0,0000;0,0000;0;1;1;7;0;0
13,1945;315,3980;11,6000;-0,2437;0,2323;0,0000;0,3870;0,0000;0,0000;0,0000;0,2903;-0,1300;-0,3800;1;0,0000;0,0000;0;1;1;7;0;0
13,2084;315,4427;11,6000;-0,2785;0,2321;0,0000;0,3866;0,0000;0,0000;0,0000;0,2902;-0,1400;-0,4200;1;0,0000;0,0000;0;1;1;7;0;0
13,2223;315,4875;11,6000;-0,3032;0,2320;0,0000;0,3862;0,0000;0,0000;0,0000;0,2900;-0,1500;-0,4500;1;0,0000;0,0000;0;1;1;7;0;0
13,2362;315,5323;11,6000;-0,3283;0,2318;0,0000;0,3857;0,0000;0,0000;0,0000;0,2898;-0,1600;-0,4900;1;0,0000;0,0000;0;1;1;7;0;0
13,2500;315,7715;11,6000;-0,3389;0,2316;0,0000;0,3852;0,0000;0,0000;0,0000;0,2896;-0,1700;-0,5100;1;0,0000;0,0000;0;1;1;7;0;0
13,2639;315,7715;11,6000;-0,3402;0,2315;0,0000;0,3846;0,0000;0,0000;0,0000;0,2893;-0,1800;-0,5200;1;0,0000;0,0000;0;1;1;7;0;0
13,2778;315,7715;11,6000;-0,3346;0,2313;0,0000;0,3840;0,0000;0,0000;0,0000;0,2891;-0,1900;-0,5200;1;0,0000;0,0000;0;1;1;7;0;0
13,2917;315,7715;11,6000;-0,3310;0,2311;0,0000;0,3833;0,0000;0,0000;0,0000;0,2889;-0,2000;-0,5300;1;0,0000;0,0000;0;1;1;7;0;0
13,3056;315,7715;11,6000;-0,3280;0,2309;0,0000;0,3826;0,0000;0,0000;0,0000;0,2887;-0,2100;-0,5300;1;0,0000;0,0000;0;1;1;7;0;0
13,3195;315,8008;11,6000;-0,3245;0,2307;0,0000;0,3819;0,0000;0,0000;0,0000;0,2884;-0,2200;-0,5400;1;0,0000;0,0000;0;1;1;7;0;0
13,3334;315,8455;11,6000;-0,3187;0,2305;0,0000;0,3811;0,0000;0,0000;0,0000;0,2881;-0,2300;-0,5400;1;0,0000;0,0000;0;1;1;7;0;0
13,3473;315,8903;11,6000;-0,3126;0,2303;0,0000;0,3803;0,0000;0,0000;0,0000;0,2879;-0,2300;-0,5500;1;0,0000;0,0000;0;1;1;7;0;0
13,3612;315,9350;11,6000;-0,3042;0,2301;0,0000;0,3794;0,0000;0,0000;0,0000;0,2876;-0,2400;-0,5500;1;0,0000;0,0000;0;1;1;7;0;0
13,3750;315,9798;11,6000;-0,2993;0,2299;0,0000;0,3785;0,0000;0,0000;0,0000;0,2873;-0,2500;-0,5500;1;0,0000;0,0000;0;1;1;7;0;0
13,3889;316,2273;11,6000;-0,2938;0,2297;0,0000;0,3776;0,0000;0,0000;0,0000;0,2871;-0,2600;-0,5500;1;0,0000;0,0000;0;1;1;7;0;0
13,4028;316,2273;11,6000;-0,2971;0,2294;0,0000;0,3766;0,0000;0,0000;0,0000;0,2868;-0,2700;-0,5700;1;0,0000;0,0000;0;1;1;7;0;0
13,4167;316,2273;11,6000;-0,3044;0,2292;0,0000;0,3757;0,0000;0,0000;0,0000;0,2865;-0,2800;-0,5800;1;0,0000;0,0000;0;1;1;7;0;0
13,4306;316,2273;11,6000;-0,3112;0,2290;0,0000;0,3746;0,0000;0,0000;0,0000;0,2862;-0,2900;-0,6000;1;0,0000;0,0000;0;1;1;7;0;0
13,4445;316,2273;11,6000;-0,3175;0,2287;0,0000;0,3736;0,0000;0,0000;0,0000;0,2859;-0,2900;-0,6100;1;0,0000;0,0000;0;1;1;7;0;0
13,4584;316,2483;11,6000;-0,3154;0,2285;0,0000;0,3726;0,0000;0,0000;0,0000;0,2856;-0,3000;-0,6200;1;0,0000;0,0000;0;1;1;7;0;0
13,4723;316,2930;11,6000;-0,3086;0,2282;0,0000;0,3715;0,0000;0,0000;0,0000;0,2853;-0,3100;-0,6200;1;0,0000;0,0000;0;1;1;7;0;0
13,4862;316,3378;11,6000;-0,2983;0,2280;0,0000;0,3704;0,0000;0,0000;0,0000;0,2850;-0,3200;-0,6200;1;0,0000;0,0000;0;1;1;7;0;0
13,5000;316,3825;11,6000;-0,2911;0,2277;0,0000;0,3693;0,0000;0,0000;0,0000;0,2846;-0,3300;-0,6200;1;0,0000;0,0000;0;1;1;7;0;0
13,5139;316,4273;11,6000;-0,2878;0,2275;0,0000;0,3681;0,0000;0,0000;0,0000;0,2843;-0,3400;-0,6200;1;0,0000;0,0000;0;1;1;7;0;0
13,5278;316,6822;11,6000;-0,2875;0,2272;0,0000;0,3670;0,0000;0,0000;0,0000;0,2840;-0,3400;-0,6300;1;0,0000;0,0000;0;1;1;7;0;0
13,5417;316,6822;11,6000;-0,2851;0,2269;0,0000;0,3658;0,0000;0,0000;0,0000;0,2836;-0,3500;-0,6400;1;0,0000;0,0000;0;1;1;7;0;0
13,5556;316,6822;11,6000;-0,2825;0,2266;0,0000;0,3646;0,0000;0,0000;0,0000;0,2833;-0,3600;-0,6400;1;0,0000;0,0000;0;1;1;7;0;0
13,5695;316,6822;11,6000;-0,2796;0,2264;0,0000;0,3634;0,0000;0,0000;0,0000;0,2830;-0,3700;-0,6500;1;0,0000;0,0000;0;1;1;7;0;0
13,5834;316,6822;11,6000;-0,2703;0,2261;0,0000;0,3622;0,0000;0,0000;0,0000;0,2826;-0,3800;-0,6500;1;0,0000;0,0000;0;1;1;7;0;0
13,5973;316,6958;11,6000;-0,2564;0,2258;0,0000;0,3609;0,0000;0,0000;0,0000;0,2823;-0,3800;-0,6400;1;0,0000;0,0000;0;1;1;7;0;0
13,6112;316,7405;11,6000;-0,2304;0,2255;0,0000;0,3597;0,0000;0,0000;0,0000;0,2819;-0,3900;-0,6200;1;0,0000;0,0000;0;1;1;7;0;0
13,6250;316,7853;11,6000;-0,2026;0,2252;0,0000;0,3584;0,0000;0,0000;0,0000;0,2815;-0,4000;-0,6000;1;0,0000;0,0000;0;1;1;7;0;0
13,6389;316,8300;11,6000;-0,1752;0,2250;0,0000;0,3572;0,0000;0,0000;0,0000;0,2812;-0,4000;-0,5800;1;0,0000;0,0000;0;1;1;7;0;0
13,6528;316,8748;11,6000;-0,1445;0,2247;0,0000;0,3559;0,0000;0,0000;0,0000;0,2809;-0,4000;-0,5500;1;0,0000;0,0000;0;1;1;7;0;0
13,6667;317,1388;11,6000;-0,1034;0,2244;0,0000;0,3546;0,0000;0,0000;0,0000;0,2805;-0,4100;-0,5100;1;0,0000;0,0000;0;1;1;7;0;0
13,6806;317,1388;11,6000;-0,0650;0,2242;0,0000;0,3534;0,0000;0,0000;0,0000;0,2802;-0,4100;-0,4700;1;0,0000;0,0000;0;1;1;7;0;0
13,6945;317,1388;11,6000;-0,0155;0,2239;0,0000;0,3521;0,0000;0,0000;0,0000;0,2799;-0,4100;-0,4200;1;0,0000;0,0000;0;1;1;7;0;0
13,7084;317,1388;11,6000;0,0524;0,2237;0,0000;0,3509;0,0000;0,0000;0,0000;0,2796;-0,4000;-0,3500;1;0,0000;0,0000;0;1;1;7;0;0
13,7223;317,1388;11,6000;0,1201;0,2235;0,0000;0,3497;0,0000;0,0000;0,0000;0,2794;-0,4000;-0,2800;1;0,0000;0,0000;0;1;1;7;0;0
13,7362;317,1433;11,6000;0,2069;0,2233;0,0000;0,3485;0,0000;0,0000;0,0000;0,2791;-0,3900;-0,1900;1;0,0000;0,0000;0;1;1;7;0;0
13,7500;317,1881;11,6000;0,2991;0,2231;0,0000;0,3473;0,0000;0,0000;0,0000;0,2789;-0,3800;-0,0800;1;0,0000;0,0000;0;1;1;7;0;0
13,7639;317,2328;11,6000;0,4245;0,2230;0,0000;0,3462;0,0000;0,0000;0,0000;0,2787;-0,3700;0,0500;1;0,0000;0,0000;0;1;1;7;0;0
13,7778;317,2776;11,6000;0,5020;0,2229;0,0000;0,3451;0,0000;0,0000;0,0000;0,2786;-0,3600;0,1500;1;0,0000;0,0000;0;1;1;7;0;0
13,7917;317,3223;11,6000;0,5709;0,2228;0,0000;0,3441;0,0000;0,0000;0,0000;0,2785;-0,3400;0,2300;1;0,0000;0,0000;0;1;1;7;0;0
13,8056;317,5936;11,6000;0,6267;0,2227;0,0000;0,3432;0,0000;0,0000;0,0000;0,2784;-0,3200;0,3100;1;0,0000;0,0000;0;1;1;7;0;0
13,8195;317,5936;11,6000;0,6887;0,2227;0,0000;0,3423;0,0000;0,0000;0,0000;0,2784;-0,3000;0,3900;1;0,0000;0,0000;0;1;1;7;0;0
13,8334;317,5936;11,6000;0,7347;0,2227;0,0000;0,3415;0,0000;0,0000;0,0000;0,2783;-0,2800;0,4600;1;0,0000;0,0000;0;1;1;7;0;0
13,8473;317,5936;11,6000;0,7773;0,2227;0,0000;0,3408;0,0000;0,0000;0,0000;0,2783;-0,2500;0,5200;1;0,0000;0,0000;0;1;1;7;0;0
13,8612;317,5936;11,6000;0,8125;0,2227;0,0000;0,3402;0,0000;0,0000;0,0000;0,2784;-0,2300;0,5800;1;0,0000;0,0000;0;1;1;7;0;0
13,8750;317,5936;11,6000;0,8351;0,2228;0,0000;0,3397;0,0000;0,0000;0,0000;0,2785;-0,2000;0,6300;1;0,0000;0,0000;0;1;1;7;0;0
13,8889;317,6356;11,6000;0,8463;0,2229;0,0000;0,3393;0,0000;0,0000;0,0000;0,2786;-0,1800;0,6700;1;0,0000;0,0000;0;1;1;7;0;0
13,9028;317,6804;11,6000;0,8589;0,2229;0,0000;0,3389;0,0000;0,0000;0,0000;0,2787;-0,1500;0,7100;1;0,0000;0,0000;0;1;1;7;0;0
13,9167;317,7251;11,6000;0,8685;0,2231;0,0000;0,3387;0,0000;0,0000;0,0000;0,2788;-0,1300;0,7400;1;0,0000;0,0000;0;1;1;7;0;0
13,9306;317,7699;11,6000;0,8806;0,2232;0,0000;0,3386;0,0000;0,0000;0,0000;0,2790;-0,1000;0,7800;1;0,0000;0,0000;0;1;1;7;0;0
13,9445;317,8146;11,6000;0,8881;0,2233;0,0000;0,3386;0,0000;0,0000;0,0000;0,2792;-0,0700;0,8200;1;0,0000;0,0000;0;1;1;7;0;0
13,9584;318,0499;11,6000;0,9005;0,2235;0,0000;0,3386;0,0000;0,0000;0,0000;0,2794;-0,0400;0,8600;1;0,0000;0,0000;0;1;1;7;0;0
13,9723;318,0499;11,6000;0,9010;0,2237;0,0000;0,3388;0,0000;0,0000;0,0000;0,2796;0,0000;0,8800;1;0,0000;0,0000;0;1;1;7;0;0
13,9862;318,0499;11,6000;0,8871;0,2239;0,0000;0,3390;0,0000;0,0000;0,0000;0,2799;0,0000;0,9000;1;0,0000;0,0000;0;1;1;7;0;0
14,0000;318,0499;11,6000;0,8429;0,2241;0,0000;0,3393;0,0000;0,0000;0,0000;0,2801;0,0300;0,8800;1;0,0000;0,0000;0;1;1;7;0;0
14,0139;318,0499;11,6000;0,7853;0,2243;0,0000;0,3397;0,0000;0,0000;0,0000;0,2804;0,0600;0,8400;1;0,0000;0,0000;0;1;1;7;0;0
14,0278;318,0831;11,6000;0,7379;0,2245;0,0000;0,3402;0,0000;0,0000;0,0000;0,2806;0,0800;0,8200;1;0,0000;0,0000;0;1;1;7;0;0
14,0417;318,1279;11,6000;0,7149;0,2247;0,0000;0,3408;0,0000;0,0000;0,0000;0,2809;0,1000;0,8200;1;0,0000;0,0000;0;1;1;7;0;0
14,0556;318,1726;11,6000;0,6873;0,2250;0,0000;0,3414;0,0000;0,0000;0,0000;0,2812;0,1200;0,8100;1;0,0000;0,0000;0;1;1;7;0;0
14,0695;318,2174;11,6000;0,6475;0,2252;0,0000;0,3420;0,0000;0,0000;0,0000;0,2815;0,1400;0,7900;1;0,0000;0,0000;0;1;1;7;0;0
14,0834;318,2621;11,6000;0,6081;0,2254;0,0000;0,3428;0,0000;0,0000;0,0000;0,2818;0,1600;0,7700;1;0,0000;0,0000;0;1;1;9;0;0
14,0973;318,5055;11,6000;0,5580;0,2257;0,0000;0,3436;0,0000;0,0000;0,0000;0,2821;0,1800;0,7400;1;0,0000;0,0000;0;1;1;9;0;0
14,1112;318,5055;11,6000;0,5223;0,2259;0,0000;0,3444;0,0000;0,0000;0,0000;0,2824;0,2000;0,7200;1;0,0000;0,0000;0;1;1;9;0;0
14,1250;318,5055;11,6000;0,4759;0,2261;0,0000;0,3452;0,0000;0,0000;0,0000;0,2826;0,2100;0,6900;1;0,0000;0,0000;0;1;1;9;0;0
14,1389;318,5055;11,6000;0,4281;0,2263;0,0000;0,3462;0,0000;0,0000;0,0000;0,2829;0,2200;0,6500;1;0,0000;0,0000;0;1;1;9;0;0
14,1528;318,5055;11,6000;0,3772;0,2266;0,0000;0,3471;0,0000;0,0000;0,0000;0,2832;0,2400;0,6100;1;0,0000;0,0000;0;1;1;9;0;0
14,1667;318,5306;11,6000;0,3216;0,2268;0,0000;0,3480;0,0000;0,0000;0,0000;0,2835;0,2500;0,5700;1;0,0000;0,0000;0;1;1;9;0;0
14,1806;318,5754;11,6000;0,2477;0,2270;0,0000;0,3490;0,0000;0,0000;0,0000;0,2838;0,2500;0,5000;1;0,0000;0,0000;0;1;1;9;0;0
14,1945;318,6201;11,6000;0,1680;0,2272;0,0000;0,3500;0,0000;0,0000;0,0000;0,2840;0,2600;0,4300;1;0,0000;0,0000;0;1;1;9;0;0
14,2084;318,6649;11,6000;0,0888;0,2274;0,0000;0,3510;0,0000;0,0000;0,0000;0,2842;0,2600;0,3500;1;0,0000;0,0000;0;1;1;9;0;0
14,2223;318,7097;11,6000;0,0223;0,2275;0,0000;0,3520;0,0000;0,0000;0,0000;0,2844;0,2600;0,2900;1;0,0000;0,0000;0;1;1;9;0;0
14,2362;318,9607;11,6000;-0,0071;0,2277;0,0000;0,3530;0,0000;0,0000;0,0000;0,2846;0,2600;0,2600;1;0,0000;0,0000;0;1;1;9;0;0
14,2500;318,9607;11,6000;-0,0436;0,2278;0,0000;0,3540;0,0000;0,0000;0,0000;0,2848;0,2600;0,2200;1;0,0000;0,0000;0;1;1;9;0;0
14,2639;318,9607;11,6000;-0,0896;0,2280;0,0000;0,3549;0,0000;0,0000;0,0000;0,2850;0,2600;0,1700;1;0,0000;0,0000;0;1;1;9;0;0
14,2778;318,9607;11,6000;-0,1293;0,2281;0,0000;0,3558;0,0000;0,0000;0,0000;0,2851;0,2600;0,1300;1;0,0000;0,0000;0;1;1;9;0;0
14,2917;318,9607;11,6000;-0,1704;0,2282;0,0000;0,3567;0,0000;0,0000;0,0000;0,2853;0,2500;0,0800;1;0,0000;0,0000;0;1;1;9;0;0
14,3056;318,9781;11,6000;-0,1939;0,2284;0,0000;0,3575;0,0000;0,0000;0,0000;0,2855;0,2500;0,0500;1;0,0000;0,0000;0;1;1;9;0;0
14,3195;319,0229;11,6000;-0,2084;0,2285;0,0000;0,3583;0,0000;0,0000;0,0000;0,2856;0,2400;0,0300;1;0,0000;0,0000;0;1;1;9;0;0
14,3334;319,0677;11,6000;-0,2264;0,2286;0,0000;0,3591;0,0000;0,0000;0,0000;0,2858;0,2400;0,0000;1;0,0000;0,0000;0;1;1;9;0;0
14,3473;319,1124;11,6000;-0,2422;0,2287;0,0000;0,3599;0,0000;0,0000;0,0000;0,2859;0,2300;0,0000;1;0,0000;0,0000;0;1;1;9;0;0
14,3612;319,1572;11,6000;-0,2571;0,2288;0,0000;0,3606;0,0000;0,0000;0,0000;0,2860;0,2200;-0,0300;1;0,0000;0,0000;0;1;1;9;0;0
14,3750;319,4171;11,6000;-0,2719;0,2289;0,0000;0,3613;0,0000;0,0000;0,0000;0,2861;0,2100;-0,0600;1;0,0000;0,0000;0;1;1;9;0;0
14,3889;319,4171;11,6000;-0,2898;0,2290;0,0000;0,3620;0,0000;0,0000;0,0000;0,2862;0,2100;-0,0800;1;0,0000;0,0000;0;1;1;9;0;0
14,4028;319,4171;11,6000;-0,3006;0,2291;0,0000;0,3627;0,0000;0,0000;0,0000;0,2863;0,2000;-0,1000;1;0,0000;0,0000;0;1;1;9;0;0
14,4167;319,4171;11,6000;-0,3104;0,2291;0,0000;0,3633;0,0000;0,0000;0,0000;0,2864;0,1900;-0,1200;1;0,0000;0,0000;0;1;1;9;0;0
14,4306;319,4171;11,6000;-0,3176;0,2291;0,0000;0,3638;0,0000;0,0000;0,0000;0,2864;0,1800;-0,1400;1;0,0000;0,0000;0;1;1;9;0;0
14,4445;319,4257;11,3000;-0,3245;0,2292;0,0000;0,3644;0,0000;0,0000;0,0000;0,2865;0,1700;-0,1500;1;0,0000;0,0000;0;1;1;9;0;0
14,4584;319,4693;11,3000;-0,3303;0,2292;0,0000;0,3648;0,0000;0,0000;0,0000;0,2865;0,1600;-0,1700;1;0,0000;0,0000;0;1;1;9;0;0
14,4723;319,5129;11,3000;-0,3387;0,2293;0,0000;0,3653;0,0000;0,0000;0,0000;0,2866;0,1500;-0,1800;1;0,0000;0,0000;0;1;1;9;0;0
14,4862;319,5565;11,3000;-0,3510;0,2293;0,0000;0,3657;0,0000;0,0000;0,0000;0,2866;0,1400;-0,2100;1;0,0000;0,0000;0;1;1;9;0;0
14,5000;319,6001;11,3000;-0,3694;0,2293;0,0000;0,3661;0,0000;0,0000;0,0000;0,2866;0,1300;-0,2400;1;0,0000;0,0000;0;1;1;9;0;0
14,5139;319,6437;11,3000;-0,3928;0,2293;0,0000;0,3664;0,0000;0,0000;0,0000;0,2866;0,1200;-0,2700;1;0,0000;0,0000;0;1;1;9;0;0
14,5278;319,8715;11,3000;-0,4218;0,2292;0,0000;0,3667;0,0000;0,0000;0,0000;0,2866;0,1100;-0,3100;1;0,0000;0,0000;0;1;1;9;0;0
14,5417;319,8715;11,3000;-0,4463;0,2292;0,0000;0,3669;0,0000;0,0000;0,0000;0,2865;0,1000;-0,3500;1;0,0000;0,0000;0;1;1;9;0;0
14,5556;319,8715;11,3000;-0,4697;0,2292;0,0000;0,3671;0,0000;0,0000;0,0000;0,2865;0,0800;-0,3900;1;0,0000;0,0000;0;1;1;9;0;0
14,5695;319,8715;11,3000;-0,4842;0,2291;0,0000;0,3672;0,0000;0,0000;0,0000;0,2864;0,0700;-0,4100;1;0,0000;0,0000;0;1;1;9;0;0
14,5834;319,8715;11,3000;-0,4910;0,2290;0,0000;0,3673;0,0000;0,0000;0,0000;0,2863;0,0600;-0,4300;1;0,0000;0,0000;0;1;1;9;0;0
14,5973;319,9052;11,3000;-0,4904;0,2290;0,0000;0,3673;0,0000;0,0000;0,0000;0,2862;0,0400;-0,4500;1;0,0000;0,0000;0;1;1;9;0;0
14,6112;319,9489;11,3000;-0,4815;0,2289;0,0000;0,3673;0,0000;0,0000;0,0000;0,2861;0,0300;-0,4500;1;0,0000;0,0000;0;1;1;9;0;0
14,6250;319,9924;11,3000;-0,4685;0,2288;0,0000;0,3672;0,0000;0,0000;0,0000;0,2860;0,0000;-0,4500;1;0,0000;0,0000;0;1;1;9;0;0
14,6389;320,0360;11,3000;-0,4450;0,2287;0,0000;0,3671;0,0000;0,0000;0,0000;0,2859;0,0000;-0,4400;1;0,0000;0,0000;0;1;1;9;0;0
14,6528;320,0796;11,3000;-0,4270;0,2286;0,0000;0,3669;0,0000;0,0000;0,0000;0,2858;0,0000;-0,4400;1;0,0000;0,0000;0;1;1;9;0;0
14,6667;320,3284;11,3000;-0,4104;0,2285;0,0000;0,3667;0,0000;0,0000;0,0000;0,2857;-0,0200;-0,4300;1;0,0000;0,0000;0;1;1;9;0;0
14,6806;320,3284;11,3000;-0,3950;0,2284;0,0000;0,3665;0,0000;0,0000;0,0000;0,2855;-0,0300;-0,4300;1;0,0000;0,0000;0;1;1;9;0;0
14,6945;320,3284;11,3000;-0,3832;0,2283;0,0000;0,3662;0,0000;0,0000;0,0000;0,2854;-0,0400;-0,4300;1;0,0000;0,0000;0;1;1;9;0;0
14,7084;320,3284;11,3000;-0,3770;0,2282;0,0000;0,3659;0,0000;0,0000;0,0000;0,2853;-0,0500;-0,4300;1;0,0000;0,0000;0;1;1;9;0;0
14,7223;320,3284;11,3000;-0,3753;0,2281;0,0000;0,3655;0,0000;0,0000;0,0000;0,2852;-0,0600;-0,4400;1;0,0000;0,0000;0;1;1;9;0;0
14,7362;320,3412;11,3000;-0,3733;0,2280;0,0000;0,3651;0,0000;0,0000;0,0000;0,2850;-0,0700;-0,4500;1;0,0000;0,0000;0;1;1;9;0;0
14,7500;320,3848;11,3000;-0,3656;0,2279;0,0000;0,3647;0,0000;0,0000;0,0000;0,2849;-0,0800;-0,4500;1;0,0000;0,0000;0;1;1;9;0;0
14,7639;320,4284;11,3000;-0,3582;0,2278;0,0000;0,3643;0,0000;0,0000;0,0000;0,2848;-0,0900;-0,4500;1;0,0000;0,0000;0;1;1;9;0;0
14,7778;320,4720;11,3000;-0,3455;0,2277;0,0000;0,3639;0,0000;0,0000;0,0000;0,2846;-0,1000;-0,4500;1;0,0000;0,0000;0;1;1;9;0;0
14,7917;320,5156;11,3000;-0,3282;0,2275;0,0000;0,3634;0,0000;0,0000;0,0000;0,2844;-0,1200;-0,4400;1;0,0000;0,0000;0;1;1;9;0;0
14,8056;320,7835;11,3000;-0,3109;0,2274;0,0000;0,3630;0,0000;0,0000;0,0000;0,2842;-0,1300;-0,4400;1;0,0000;0,0000;0;1;1;9;0;0
14,8195;320,7835;11,3000;-0,2891;0,2273;0,0000;0,3624;0,0000;0,0000;0,0000;0,2841;-0,1300;-0,4200;1;0,0000;0,0000;0;1;1;9;0;0
14,8334;320,7835;11,3000;-0,2728;0,2271;0,0000;0,3619;0,0000;0,0000;0,0000;0,2839;-0,1400;-0,4100;1;0,0000;0,0000;0;1;1;9;0;0
14,8473;320,7835;11,3000;-0,2612;0,2270;0,0000;0,3614;0,0000;0,0000;0,0000;0,2837;-0,1500;-0,4100;1;0,0000;0,0000;0;1;1;9;0;0
14,8612;320,7835;11,3000;-0,2558;0,2268;0,0000;0,3608;0,0000;0,0000;0,0000;0,2835;-0,1600;-0,4100;1;0,0000;0,0000;0;1;1;9;0;0
14,8750;320,7835;11,3000;-0,2549;0,2267;0,0000;0,3602;0,0000;0,0000;0,0000;0,2833;-0,1600;-0,4200;1;0,0000;0,0000;0;1;1;9;0;0
14,8889;320,8208;11,3000;-0,2582;0,2265;0,0000;0,3596;0,0000;0,0000;0,0000;0,2831;-0,1700;-0,4300;1;0,0000;0,0000;0;1;1;9;0;0
14,9028;320,8644;11,3000;-0,2668;0,2263;0,0000;0,3590;0,0000;0,0000;0,0000;0,2829;-0,1800;-0,4500;1;0,0000;0,0000;0;1;1;9;0;0
14,9167;320,9080;11,3000;-0,2776;0,2262;0,0000;0,3583;0,0000;0,0000;0,0000;0,2827;-0,1900;-0,4600;1;0,0000;0,0000;0;1;1;9;0;0
14,9306;320,9516;11,3000;-0,2948;0,2260;0,0000;0,3576;0,0000;0,0000;0,0000;0,2825;-0,1900;-0,4900;1;0,0000;0,0000;0;1;1;9;0;0
14,9445;320,9951;11,3000;-0,3118;0,2258;0,0000;0,3569;0,0000;0,0000;0,0000;0,2822;-0,2000;-0,5200;1;0,0000;0,0000;0;1;1;9;0;0
14,9584;321,2393;11,3000;-0,3269;0,2256;0,0000;0,3562;0,0000;0,0000;0,0000;0,2820;-0,2100;-0,5400;1;0,0000;0,0000;0;1;1;9;0;0
14,9723;321,2393;11,3000;-0,3376;0,2253;0,0000;0,3555;0,0000;0,0000;0,0000;0,2817;-0,2200;-0,5600;1;0,0000;0,0000;0;1;1;9;0;0
14,9862;321,2393;11,3000;-0,3489;0,2251;0,0000;0,3547;0,0000;0,0000;0,0000;0,2814;-0,2300;-0,5800;1;0,0000;0,0000;0;1;1;9;0;0
15,0000;321,2393;11,3000;-0,3541;0,2249;0,0000;0,3539;0,0000;0,0000;0,0000;0,2811;-0,2400;-0,5900;1;0,0000;0,0000;0;1;1;9;0;0
15,0139;321,2393;11,3000;-0,3601;0,2247;0,0000;0,3530;0,0000;0,0000;0,0000;0,2808;-0,2500;-0,6100;1;0,0000;0,0000;0;1;1;9;0;0
15,0278;321,2567;11,3000;-0,3591;0,2244;0,0000;0,3522;0,0000;0,0000;0,0000;0,2805;-0,2600;-0,6200;1;0,0000;0,0000;0;1;1;9;0;0
15,0417;321,3003;11,3000;-0,3483;0,2242;0,0000;0,3513;0,0000;0,0000;0,0000;0,2802;-0,2700;-0,6200;1;0,0000;0,0000;0;1;1;9;0;0
15,0556;321,3439;11,3000;-0,3271;0,2239;0,0000;0,3503;0,0000;0,0000;0,0000;0,2799;-0,2800;-0,6100;1;0,0000;0,0000;0;1;1;9;0;0
15,0695;321,3875;11,3000;-0,2859;0,2237;0,0000;0,3494;0,0000;0,0000;0,0000;0,2796;-0,2900;-0,5700;1;0,0000;0,0000;0;1;1;9;0;0
15,0834;321,4311;11,3000;-0,2215;0,2234;0,0000;0,3484;0,0000;0,0000;0,0000;0,2793;-0,2900;-0,5100;1;0,0000;0,0000;0;1;1;9;0;0
15,0973;321,6952;11,3000;-0,1825;0,2232;0,0000;0,3474;0,0000;0,0000;0,0000;0,2790;-0,3000;-0,4800;1;0,0000;0,0000;0;1;1;1;0;0
15,1112;321,6952;11,3000;-0,1364;0,2230;0,0000;0,3464;0,0000;0,0000;0,0000;0,2787;-0,3000;-0,4400;1;0,0000;0,0000;0;1;1;1;0;0
15,1250;321,6952;11,3000;-0,0924;0,2228;0,0000;0,3454;0,0000;0,0000;0,0000;0,2785;-0,3000;-0,4000;1;0,0000;0,0000;0;1;1;1;0;0
15,1389;321,6952;11,3000;-0,0451;0,2226;0,0000;0,3444;0,0000;0,0000;0,0000;0,2782;-0,3000;-0,3500;1;0,0000;0,0000;0;1;1;1;0;0
15,1528;321,6952;11,3000;0,0107;0,2224;0,0000;0,3434;0,0000;0,0000;0,0000;0,2780;-0,3000;-0,2900;1;0,0000;0,0000;0;1;1;1;0;0
15,1667;321,6952;11,3000;0,0659;0,2222;0,0000;0,3424;0,0000;0,0000;0,0000;0,2778;-0,3000;-0,2300;1;0,0000;0,0000;0;1;1;1;0;0
15,1806;321,7363;11,3000;0,1138;0,2220;0,0000;0,3414;0,0000;0,0000;0,0000;0,2775;-0,3000;-0,1800;1;0,0000;0,0000;0;1;1;1;0;0
15,1945;321,7798;11,3000;0,1631;0,2219;0,0000;0,3405;0,0000;0,0000;0,0000;0,2774;-0,2900;-0,1300;1;0,0000;0,0000;0;1;1;1;0;0
15,2084;321,8235;11,3000;0,2195;0,2217;0,0000;0,3396;0,0000;0,0000;0,0000;0,2772;-0,2800;-0,0600;1;0,0000;0,0000;0;1;1;1;0;0
15,2223;321,8670;11,3000;0,2633;0,2216;0,0000;0,3387;0,0000;0,0000;0,0000;0,2770;-0,2800;0,0000;1;0,0000;0,0000;0;1;1;1;0;0
15,2362;321,9106;11,3000;0,3009;0,2215;0,0000;0,3379;0,0000;0,0000;0,0000;0,2769;-0,2700;0,0300;1;0,0000;0,0000;0;1;1;1;0;0
15,2500;322,1501;11,3000;0,3291;0,2214;0,0000;0,3371;0,0000;0,0000;0,0000;0,2768;-0,2600;0,0700;1;0,0000;0,0000;0;1;1;1;0;0
15,2639;322,1501;11,3000;0,3547;0,2213;0,0000;0,3364;0,0000;0,0000;0,0000;0,2767;-0,2500;0,1100;1;0,0000;0,0000;0;1;1;1;0;0
15,2778;322,1501;11,3000;0,3767;0,2213;0,0000;0,3357;0,0000;0,0000;0,0000;0,2766;-0,2300;0,1400;1;0,0000;0,0000;0;1;1;1;0;0
15,2917;322,1501;11,3000;0,3988;0,2212;0,0000;0,3351;0,0000;0,0000;0,0000;0,2766;-0,2200;0,1700;1;0,0000;0,0000;0;1;1;1;0;0
15,3056;322,1501;11,3000;0,4119;0,2212;0,0000;0,3345;0,0000;0,0000;0,0000;0,2765;-0,2100;0,2000;1;0,0000;0,0000;0;1;1;1;0;0
15,3195;322,1722;11,3000;0,4237;0,2212;0,0000;0,3340;0,0000;0,0000;0,0000;0,2765;-0,2000;0,2200;1;0,0000;0,0000;0;1;1;1;0;0
15,3334;322,2158;11,3000;0,4312;0,2211;0,0000;0,3335;0,0000;0,0000;0,0000;0,2764;-0,1900;0,2400;1;0,0000;0,0000;0;1;1;1;0;0
15,3473;322,2594;11,3000;0,4385;0,2211;0,0000;0,3331;0,0000;0,0000;0,0000;0,2764;-0,1700;0,2600;1;0,0000;0,0000;0;1;1;1;0;0
15,3612;322,3030;11,3000;0,4419;0,2211;0,0000;0,3328;0,0000;0,0000;0,0000;0,2764;-0,1600;0,2800;1;0,0000;0,0000;0;1;1;1;0;0
15,3750;322,3466;11,3000;0,4410;0,2211;0,0000;0,3324;0,0000;0,0000;0,0000;0,2764;-0,1500;0,2900;1;0,0000;0,0000;0;1;1;1;0;0
15,3889;322,6067;11,3000;0,4374;0,2211;0,0000;0,3322;0,0000;0,0000;0,0000;0,2764;-0,1400;0,3000;1;0,0000;0,0000;0;1;1;1;0;0
15,4028;322,6067;11,3000;0,4309;0,2211;0,0000;0,3319;0,0000;0,0000;0,0000;0,2764;-0,1300;0,3000;1;0,0000;0,0000;0;1;1;1;0;0
15,4167;322,6067;11,3000;0,4193;0,2211;0,0000;0,3317;0,0000;0,0000;0,0000;0,2764;-0,1100;0,3000;1;0,0000;0,0000;0;1;1;1;0;0
15,4306;322,6067;11,3000;0,4076;0,2211;0,0000;0,3315;0,0000;0,0000;0,0000;0,2764;-0,1000;0,3000;1;0,0000;0,0000;0;1;1;1;0;0
15,4445;322,6067;11,2000;0,3816;0,2211;0,0000;0,3314;0,0000;0,0000;0,0000;0,2764;-0,0900;0,2900;1;0,0000;0,0000;0;1;1;1;0;0
15,4584;322,6078;11,2000;0,3522;0,2211;0,0000;0,3313;0,0000;0,0000;0,0000;0,2764;-0,0800;0,2700;1;0,0000;0,0000;0;1;1;1;0;0
15,4723;322,6510;11,2000;0,3268;0,2211;0,0000;0,3312;0,0000;0,0000;0,0000;0,2764;-0,0700;0,2500;1;0,0000;0,0000;0;1;1;1;0;0
15,4862;322,6942;11,2000;0,3111;0,2211;0,0000;0,3311;0,0000;0,0000;0,0000;0,2764;-0,0700;0,2400;1;0,0000;0,0000;0;1;1;1;0;0
15,5000;322,7374;11,2000;0,2934;0,2212;0,0000;0,3311;0,0000;0,0000;0,0000;0,2764;-0,0600;0,2300;1;0,0000;0,0000;0;1;1;1;0;0
15,5139;322,7806;11,2000;0,2431;0,2212;0,0000;0,3310;0,0000;0,0000;0,0000;0,2764;-0,0500;0,1900;1;0,0000;0,0000;0;1;1;1;0;0
15,5278;322,8238;11,2000;0,1789;0,2211;0,0000;0,3310;0,0000;0,0000;0,0000;0,2764;-0,0500;0,1300;1;0,0000;0,0000;0;1;1;1;0;0
15,5417;323,0611;11,2000;0,1102;0,2211;0,0000;0,3310;0,0000;0,0000;0,0000;0,2764;-0,0400;0,0600;1;0,0000;0,0000;0;1;1;1;0;0
15,5556;323,0611;11,2000;0,0851;0,2211;0,0000;0,3310;0,0000;0,0000;0,0000;0,2764;-0,0400;0,0400;1;0,0000;0,0000;0;1;1;1;0;0
15,5695;323,0611;11,2000;0,0559;0,2211;0,0000;0,3310;0,0000;0,0000;0,0000;0,2764;-0,0400;0,0000;1;0,0000;0,0000;0;1;1;1;0;0
15,5834;323,0611;11,2000;0,0242;0,2211;0,0000;0,3310;0,0000;0,0000;0,0000;0,2763;-0,0400;0,0000;1;0,0000;0,0000;0;1;1;1;0;0
15,5973;323,0611;11,2000;-0,0289;0,2210;0,0000;0,3310;0,0000;0,0000;0,0000;0,2763;-0,0400;-0,0700;1;0,0000;0,0000;0;1;1;1;0;0
15,6112;323,0830;11,2000;-0,1087;0,2209;0,0000;0,3309;0,0000;0,0000;0,0000;0,2762;-0,0400;-0,1600;1;0,0000;0,0000;0;1;1;1;0;0
15,6250;323,1263;11,2000;-0,1729;0,2209;0,0000;0,3309;0,0000;0,0000;0,0000;0,2761;-0,0500;-0,2300;1;0,0000;0,0000;0;1;1;1;0;0
15,6389;323,1695;11,2000;-0,2352;0,2208;0,0000;0,3308;0,0000;0,0000;0,0000;0,2760;-0,0600;-0,2900;1;0,0000;0,0000;0;1;1;1;0;0
15,6528;323,2127;11,2000;-0,3159;0,2207;0,0000;0,3307;0,0000;0,0000;0,0000;0,2758;-0,0700;-0,3800;1;0,0000;0,0000;0;1;1;1;0;0
15,6667;323,2559;11,2000;-0,3906;0,2205;0,0000;0,3305;0,0000;0,0000;0,0000;0,2757;-0,0800;-0,4700;1;0,0000;0,0000;0;1;1;1;0;0
15,6806;323,5179;10,7000;-0,4766;0,2204;0,0000;0,3304;0,0000;0,0000;0,0000;0,2755;-0,0900;-0,5700;1;0,0000;0,0000;0;1;1;1;0;0
15,6945;323,5179;10,7000;-0,5459;0,2202;0,0000;0,3301;0,0000;0,0000;0,0000;0,2753;-0,1100;-0,6500;1;0,0000;0,0000;0;1;1;1;0;0
15,7084;323,5179;10,7000;-0,5899;0,2200;0,0000;0,3299;0,0000;0,0000;0,0000;0,2751;-0,1200;-0,7100;1;0,0000;0,0000;0;1;1;1;0;0
15,7223;323,5179;10,7000;-0,6445;0,2198;0,0000;0,3295;0,0000;0,0000;0,0000;0,2748;-0,1400;-0,7800;1;0,0000;0,0000;0;1;1;1;0;0
15,7362;323,5179;10,7000;-0,7139;0,2196;0,0000;0,3291;0,0000;0,0000;0,0000;0,2745;-0,1600;-0,8700;1;0,0000;0,0000;0;1;1;1;0;0
15,7500;323,5179;10,7000;-0,7783;0,2194;0,0000;0,3287;0,0000;0,0000;0,0000;0,2742;-0,1800;-0,9600;1;0,0000;0,0000;0;1;1;1;0;0
15,7639;323,5468;10,7000;-0,8257;0,2191;0,0000;0,3282;0,0000;0,0000;0,0000;0,2738;-0,2000;-1,0300;1;0,0000;0,0000;0;1;1;1;0;0
15,7778;323,5881;10,7000;-0,8700;0,2188;0,0000;0,3276;0,0000;0,0000;0,0000;0,2735;-0,2300;-1,1000;1;0,0000;0,0000;0;1;1;1;0;0
15,7917;323,6293;10,7000;-0,9140;0,2184;0,0000;0,3270;0,0000;0,0000;0,0000;0,2731;-0,2500;-1,1600;1;0,0000;0,0000;0;1;1;1;0;0
15,8056;323,6706;10,7000;-0,9405;0,2181;0,0000;0,3263;0,0000;0,0000;0,0000;0,2726;-0,2800;-1,2200;1;0,0000;0,0000;0;1;1;1;0;0
15,8195;323,7119;10,7000;-0,9597;0,2177;0,0000;0,3255;0,0000;0,0000;0,0000;0,2722;-0,3000;-1,2600;1;0,0000;0,0000;0;1;1;1;0;0
15,8334;323,9730;10,7000;-0,9766;0,2173;0,0000;0,3247;0,0000;0,0000;0,0000;0,2717;-0,3300;-1,3100;1;0,0000;0,0000;0;1;1;1;0;0
15,8473;323,9730;10,7000;-0,9897;0,2169;0,0000;0,3238;0,0000;0,0000;0,0000;0,2712;-0,3500;-1,3400;1;0,0000;0,0000;0;1;1;1;0;0
15,8612;323,9730;10,7000;-0,9969;0,2165;0,0000;0,3228;0,0000;0,0000;0,0000;0,2707;-0,3800;-1,3800;1;0,0000;0,0000;0;1;1;1;0;0
15,8750;323,9730;10,7000;-0,9960;0,2161;0,0000;0,3218;0,0000;0,0000;0,0000;0,2701;-0,4100;-1,4000;1;0,0000;0,0000;0;1;1;1;0;0
15,8889;323,9730;10,7000;-0,9906;0,2156;0,0000;0,3207;0,0000;0,0000;0,0000;0,2696;-0,4400;-1,4300;1;0,0000;0,0000;0;1;1;1;0;0
15,9028;323,9730;10,7000;-0,9802;0,2152;0,0000;0,3196;0,0000;0,0000;0,0000;0,2690;-0,4600;-1,4400;1;0,0000;0,0000;0;1;1;1;0;0
15,9167;324,0008;10,7000;-0,9670;0,2147;0,0000;0,3184;0,0000;0,0000;0,0000;0,2684;-0,4900;-1,4500;1;0,0000;0,0000;0;1;1;1;0;0
15,9306;324,0421;10,7000;-0,9528;0,2142;0,0000;0,3172;0,0000;0,0000;0,0000;0,2678;-0,5100;-1,4700;1;0,0000;0,0000;0;1;1;1;0;0
15,9445;324,0834;10,7000;-0,9270;0,2138;0,0000;0,3159;0,0000;0,0000;0,0000;0,2672;-0,5400;-1,4700;1;0,0000;0,0000;0;1;1;1;0;0
15,9584;324,1247;10,7000;-0,9004;0,2132;0,0000;0,3147;0,0000;0,0000;0,0000;0,2665;-0,5600;-1,4600;1;0,0000;0,0000;0;1;1;1;0;0
15,9723;324,1660;10,7000;-0,8728;0,2127;0,0000;0,3134;0,0000;0,0000;0,0000;0,2659;-0,5900;-1,4600;1;0,0000;0,0000;0;1;1;1;0;0
15,9862;324,4290;10,7000;-0,8419;0,2122;0,0000;0,3120;0,0000;0,0000;0,0000;0,2653;-0,6100;-1,4500;1;0,0000;0,0000;0;1;1;1;0;0
16,0000;324,4290;10,7000;-0,8139;0,2117;0,0000;0,3107;0,0000;0,0000;0,0000;0,2646;-0,6300;-1,4500;1;0,0000;0,0000;0;1;1;1;0;0
16,0139;324,4290;10,7000;-0,7832;0,2112;0,0000;0,3095;0,0000;0,0000;0,0000;0,2639;-0,6500;-1,4400;1;0,0000;0,0000;0;1;1;1;0;0
16,0278;324,4290;10,7000;-0,7476;0,2106;0,0000;0,3085;0,0000;0,0000;0,0000;0,2633;-0,6700;-1,4200;1;0,0000;0,0000;0;1;1;1;0;0
16,0417;324,4290;10,7000;-0,7084;0,2101;0,0000;0,3079;0,0000;0,0000;0,0000;0,2626;-0,6900;-1,4000;1;0,0000;0,0000;0;1;1;1;0;0
16,0556;324,4290;10,7000;-0,6558;0,2096;0,0000;0,3079;0,0000;0,0000;0,0000;0,2619;-0,7100;-1,3700;1;0,0000;0,0000;0;1;1;1;0;0
16,0695;324,4549;10,7000;-0,6123;0,2090;0,0000;0,3085;0,0000;0,0000;0,0000;0,2613;-0,7300;-1,3400;1;0,0000;0,0000;0;1;1;1;0;0
16,0834;324,4962;10,7000;-0,5563;0,2085;0,0000;0,3098;0,0000;0,0000;0,0000;0,2606;-0,7400;-1,3000;1;0,0000;0,0000;0;1;1;1;0;0
16,0973;324,5374;10,7000;-0,5025;0,2080;0,0000;0,3117;0,0000;0,0000;0,0000;0,2600;-0,7500;-1,2600;1;0,0000;0,0000;0;1;1;8;0;0
16,1112;324,5787;10,7000;-0,4667;0,2075;0,0000;0,3142;0,0000;0,0000;0,0000;0,2593;-0,7700;-1,2300;1;0,0000;0,0000;0;1;1;8;0;0
16,1250;324,6200;10,7000;-0,4199;0,2069;0,0000;0,3171;0,0000;0,0000;0,0000;0,2587;-0,7800;-1,2000;1;0,0000;0,0000;0;1;1;8;0;0
16,1389;324,8847;10,7000;-0,3730;0,2064;0,0000;0,3203;0,0000;0,0000;0,0000;0,2580;-0,7900;-1,1600;1;0,0000;0,0000;0;1;1;8;0;0
16,1528;324,8847;10,7000;-0,3183;0,2059;0,0000;0,3235;0,0000;0,0000;0,0000;0,2574;-0,7900;-1,1100;1;0,0000;0,0000;0;1;1;8;0;0
16,1667;324,8847;10,7000;-0,2595;0,2054;0,0000;0,3264;0,0000;0,0000;0,0000;0,2568;-0,8000;-1,0600;1;0,0000;0,0000;0;1;1;8;0;0
16,1806;324,8847;10,7000;-0,2170;0,2049;0,0000;0,3288;0,0000;0,0000;0,0000;0,2561;-0,8100;-1,0200;1;0,0000;0,0000;0;1;1;8;0;0
16,1945;324,8847;10,7000;-0,1850;0,2044;0,0000;0,3291;0,0000;0,0000;0,0000;0,2555;-0,8100;-1,0000;1;0,0000;0,0000;0;1;1;8;0;0
16,2084;324,8847;10,7000;-0,1471;0,2039;0,0000;0,3288;0,0000;0,0000;0,0000;0,2549;-0,8100;-0,9600;1;0,0000;0,0000;0;1;1;8;0;0
16,2223;324,9089;10,7000;-0,0973;0,2035;0,0000;0,3276;0,0000;0,0000;0,0000;0,2543;-0,8200;-0,9100;1;0,0000;0,0000;0;1;1;8;0;0
16,2362;324,9502;10,7000;-0,0593;0,2030;0,0000;0,3249;0,0000;0,0000;0,0000;0,2537;-0,8200;-0,8800;1;0,0000;0,0000;0;1;1;8;0;0
16,2500;324,9915;10,7000;-0,0280;0,2025;0,0000;0,3204;0,0000;0,0000;0,0000;0,2531;-0,8200;-0,8500;1;0,0000;0,0000;0;1;1;8;0;0
16,2639;325,0327;10,7000;0,0020;0,2020;0,0000;0,3133;0,0000;0,0000;0,0000;0,2525;-0,8200;-0,8100;1;0,0000;0,0000;0;1;1;8;0;0
16,2778;325,0740;10,7000;0,0308;0,2015;0,0000;0,3034;0,0000;0,0000;0,0000;0,2519;-0,8200;-0,7800;1;0,0000;0,0000;0;1;1;8;0;0
16,2917;325,3399;10,7000;0,0513;0,2011;0,0000;0,2904;0,0000;0,0000;0,0000;0,2513;-0,8100;-0,7600;1;0,0000;0,0000;0;1;1;8;0;0
16,3056;325,3399;10,7000;0,0714;0,2006;0,0000;0,2743;0,0000;0,0000;0,0000;0,2508;-0,8100;-0,7400;1;0,0000;0,0000;0;1;1;8;0;0
16,3195;325,3399;10,7000;0,0882;0,2002;0,0000;0,2553;0,0000;0,0000;0,0000;0,2502;-0,8100;-0,7200;1;0,0000;0,0000;0;1;1;8;0;0
16,3334;325,3399;10,7000;0,1031;0,1997;0,0000;0,2336;0,0000;0,0000;0,0000;0,2496;-0,8000;-0,7000;1;0,0000;0,0000;0;1;1;8;0;0
16,3473;325,3399;10,7000;0,1159;0,1993;0,0000;0,0000;0,0000;0,0000;0,0000;0,2491;-0,8000;-0,6800;1;0,0000;0,0000;0;1;1;8;0;0
16,3612;325,3399;10,7000;0,1249;0,1988;0,0000;0,0000;0,0000;0,0000;0,0000;0,2485;-0,8000;-0,6700;1;0,0000;0,0000;0;1;1;8;0;0
16,3750;325,3629;10,7000;0,1259;0,1984;0,0000;0,0000;0,0000;0,0000;0,0000;0,2480;-0,7900;-0,6700;1;0,0000;0,0000;0;1;1;8;0;0
16,3889;325,4042;10,7000;0,1241;0,1979;0,0000;0,0000;0,0000;0,0000;0,0000;0,2474;-0,7900;-0,6600;1;0,0000;0,0000;0;1;1;8;0;0
16,4028;325,4455;10,7000;0,1248;0,1975;0,0000;0,0000;0,0000;0,0000;0,0000;0,2469;-0,7800;-0,6600;1;0,0000;0,0000;0;1;1;8;0;0
16,4167;325,4867;10,7000;0,1243;0,1971;0,0000;0,0000;0,0000;0,0000;0,0000;0,2464;-0,7800;-0,6600;1;0,0000;0,0000;0;1;1;8;0;0
16,4306;325,5280;10,7000;0,1240;0,1967;0,0000;0,0000;0,0000;0,0000;0,0000;0,2458;-0,7800;-0,6500;1;0,0000;0,0000;0;1;1;8;0;0
16,4445;325,7962;10,7000;0,1217;0,1962;0,0000;0,0000;0,0000;0,0000;0,0000;0,2453;-0,7700;-0,6500;1;0,0000;0,0000;0;1;1;8;0;0
16,4584;325,7962;10,7000;0,1192;0,1958;0,0000;0,0000;0,0000;0,0000;0,0000;0,2448;-0,7700;-0,6500;1;0,0000;0,0000;0;1;1;8;0;0
16,4723;325,7962;10,7000;0,1200;0,1954;0,0000;0,0000;0,0000;0,0000;0,0000;0,2442;-0,7700;-0,6500;1;0,0000;0,0000;0;1;1;8;0;0
16,4862;325,7962;10,7000;0,1266;0,1950;0,0000;0,0000;0,0000;0,0000;0,0000;0,2437;-0,7600;-0,6400;1;0,0000;0,0000;0;1;1;8;0;0
16,5000;325,7962;10,7000;0,1329;0,1946;0,0000;0,0000;0,0000;0,0000;0,0000;0,2432;-0,7600;-0,6200;1;0,0000;0,0000;0;1;1;8;0;0
16,5139;325,7962;10,7000;0,1463;0,1941;0,0000;0,0000;0,0000;0,0000;0,0000;0,2427;-0,7500;-0,6100;1;0,0000;0,0000;0;1;1;8;0;0
16,5278;325,8170;10,7000;0,1594;0,1937;0,0000;0,0000;0,0000;0,0000;0,0000;0,2422;-0,7500;-0,5900;1;0,0000;0,0000;0;1;1;8;0;0
16,5417;325,8582;10,7000;0,1697;0,1933;0,0000;0,0000;0,0000;0,0000;0,0000;0,2417;-0,7400;-0,5700;1;0,0000;0,0000;0;1;1;8;0;0
16,5556;325,8995;10,7000;0,1784;0,1929;0,0000;0,0000;0,0000;0,0000;0,0000;0,2412;-0,7400;-0,5600;1;0,0000;0,0000;0;1;1;8;0;0
16,5695;325,9408;10,7000;0,1874;0,1925;0,0000;0,0000;0,0000;0,0000;0,0000;0,2407;-0,7300;-0,5400;1;0,0000;0,0000;0;1;1;8;0;0
16,5834;325,9821;10,7000;0,2022;0,1921;0,0000;0,0000;0,0000;0,0000;0,0000;0,2402;-0,7300;-0,5200;1;0,0000;0,0000;0;1;1;8;0;0
16,5973;326,0234;10,7000;0,2208;0,1918;0,0000;0,0000;0,0000;0,0000;0,0000;0,2397;-0,7200;-0,5000;1;0,0000;0,0000;0;1;1;8;0;0
16,6112;326,2506;10,7000;0,2490;0,1914;0,0000;0,0000;0,0000;0,0000;0,0000;0,2393;-0,7100;-0,4600;1;0,0000;0,0000;0;1;1;8;0;0
16,6250;326,2506;10,7000;0,2762;0,1910;0,0000;0,0000;0,0000;0,0000;0,0000;0,2388;-0,7000;-0,4300;1;0,0000;0,0000;0;1;1;8;0;0
16,6389;326,2506;10,7000;0,2817;0,1907;0,0000;0,0000;0,0000;0,0000;0,0000;0,2384;-0,6900;-0,4100;1;0,0000;0,0000;0;1;1;8;0;0
16,6528;326,2506;10,7000;0,3073;0,1904;0,0000;0,0000;0,0000;0,0000;0,0000;0,2379;-0,6900;-0,3800;1;0,0000;0,0000;0;1;1;8;0;0
16,6667;326,2506;10,7000;0,3355;0,1900;0,0000;0,0000;0,0000;0,0000;0,0000;0,2375;-0,6800;-0,3400;1;0,0000;0,0000;0;1;1;8;0;0
16,6806;326,2711;10,6000;0,4234;0,1897;0,0000;0,0000;0,0000;0,0000;0,0000;0,2372;-0,6600;-0,2400;1;0,0000;0,0000;0;1;1;8;0;0
16,6945;326,3120;10,6000;0,4903;0,1894;0,0000;0,0000;0,0000;0,0000;0,0000;0,2368;-0,6500;-0,1600;1;0,0000;0,0000;0;1;1;8;0;0
16,7084;326,3528;10,6000;0,5512;0,1892;0,0000;0,0000;0,0000;0,0000;0,0000;0,2365;-0,6300;-0,0800;1;0,0000;0,0000;0;1;1;8;0;0
16,7223;326,3937;10,6000;0,6120;0,1890;0,0000;0,0000;0,0000;0,0000;0,0000;0,2362;-0,6200;0,0000;1;0,0000;0,0000;0;1;1;8;0;0
16,7362;326,4346;10,6000;0,6751;0,1887;0,0000;0,0000;0,0000;0,0000;0,0000;0,2359;-0,6000;0,0700;1;0,0000;0,0000;0;1;1;8;0;0
16,7500;326,4755;10,6000;0,7270;0,1886;0,0000;0,0000;0,0000;0,0000;0,0000;0,2357;-0,5800;0,1500;1;0,0000;0,0000;0;1;1;8;0;0
16,7639;326,7076;10,6000;0,7374;0,1884;0,0000;0,0000;0,0000;0,0000;0,0000;0,2355;-0,5600;0,1800;1;0,0000;0,0000;0;1;1;8;0;0
16,7778;326,7076;10,6000;0,7964;0,1882;0,0000;0,0000;0,0000;0,0000;0,0000;0,2353;-0,5400;0,2600;1;0,0000;0,0000;0;1;1;8;0;0
16,7917;326,7076;10,6000;0,8398;0,1881;0,0000;0,0000;0,0000;0,0000;0,0000;0,2352;-0,5100;0,3300;1;0,0000;0,0000;0;1;1;8;0;0
16,8056;326,7076;10,6000;0,8838;0,1880;0,0000;0,0000;0,0000;0,0000;0,0000;0,2350;-0,4900;0,4000;1;0,0000;0,0000;0;1;1;8;0;0
16,8195;326,7076;10,6000;0,9236;0,1880;0,0000;0,0000;0,0000;0,0000;0,0000;0,2349;-0,4600;0,4600;1;0,0000;0,0000;0;1;1;8;0;0
16,8334;326,7209;10,6000;0,9484;0,1879;0,0000;0,0000;0,0000;0,0000;0,0000;0,2349;-0,4400;0,5100;1;0,0000;0,0000;0;1;1;8;0;0
16,8473;326,7618;10,6000;0,9704;0,1879;0,0000;0,0000;0,0000;0,0000;0,0000;0,2348;-0,4100;0,5600;1;0,0000;0,0000;0;1;1;8;0;0
16,8612;326,8027;10,6000;0,9931;0,1879;0,0000;0,0000;0,0000;0,0000;0,0000;0,2348;-0,3800;0,6100;1;0,0000;0,0000;0;1;1;8;0;0
16,8750;326,8436;10,6000;0,9978;0,1879;0,0000;0,0000;0,0000;0,0000;0,0000;0,2349;-0,3500;0,6400;1;0,0000;0,0000;0;1;1;8;0;0
16,8889;326,8845;10,6000;1,0367;0,1879;0,0000;0,0000;0,0000;0,0000;0,0000;0,2349;-0,3300;0,7100;1;0,0000;0,0000;0;1;1;8;0;0
16,9028;326,9254;10,6000;1,0664;0,1880;0,0000;0,0000;0,0000;0,0000;0,0000;0,2350;-0,3000;0,7700;1;0,0000;0,0000;0;1;1;8;0;0
16,9167;327,1619;10,6000;1,0953;0,1881;0,0000;0,0000;0,0000;0,0000;0,0000;0,2351;-0,2700;0,8300;1;0,0000;0,0000;0;1;1;8;0;0
16,9306;327,1619;10,6000;1,1178;0,1882;0,0000;0,0000;0,0000;0,0000;0,0000;0,2353;-0,2300;0,8800;1;0,0000;0,0000;0;1;1;8;0;0
16,9445;327,1619;11,2000;1,1271;0,1884;0,0000;0,0000;0,0000;0,0000;0,0000;0,2355;-0,2000;0,9200;1;0,0000;0,0000;0;1;1;8;0;0
16,9584;327,1619;11,2000;1,1285;0,1885;0,0000;0,0000;0,0000;0,0000;0,0000;0,2357;-0,1700;0,9600;1;0,0000;0,0000;0;1;1;8;0;0
16,9723;327,1619;11,2000;1,1235;0,1887;0,0000;0,0000;0,0000;0,0000;0,0000;0,2359;-0,1400;0,9900;1;0,0000;0,0000;0;1;1;8;0;0
16,9862;327,1777;11,2000;1,1225;0,1889;0,0000;0,0000;0,0000;0,0000;0,0000;0,2361;-0,1000;1,0200;1;0,0000;0,0000;0;1;1;8;0;0
17,0000;327,2209;11,2000;1,0983;0,1891;0,0000;0,0000;0,0000;0,0000;0,0000;0,2364;-0,0700;1,0300;1;0,0000;0,0000;0;1;1;8;0;0
17,0139;327,2641;11,2000;1,0655;0,1893;0,0000;0,0000;0,0000;0,0000;0,0000;0,2367;-0,0400;1,0300;1;0,0000;0,0000;0;1;1;8;0;0
17,0278;327,3073;11,2000;1,0127;0,1896;0,0000;0,0000;0,0000;0,0000;0,0000;0,2370;0,0000;1,0000;1;0,0000;0,0000;0;1;1;8;0;0
17,0417;327,3506;11,2000;0,9537;0,1898;0,0000;0,0000;0,0000;0,0000;0,0000;0,2372;0,0000;0,9700;1;0,0000;0,0000;0;1;1;8;0;0
17,0556;327,6189;11,2000;0,8748;0,1900;0,0000;0,0000;0,0000;0,0000;0,0000;0,2375;0,0400;0,9200;1;0,0000;0,0000;0;1;1;8;0;0
17,0695;327,6189;11,2000;0,8069;0,1903;0,0000;0,0000;0,0000;0,0000;0,0000;0,2378;0,0700;0,8700;1;0,0000;0,0000;0;1;1;8;0;0
17,0834;327,6189;11,2000;0,7571;0,1905;0,0000;0,0000;0,0000;0,0000;0,0000;0,2381;0,0900;0,8500;1;0,0000;0,0000;0;1;1;8;0;0
17,0973;327,6189;11,2000;0,7472;0,1908;0,0000;0,0000;0,0000;0,0000;0,0000;0,2384;0,1100;0,8600;1;0,0000;0,0000;0;1;1;8;0;0
17,1112;327,6189;11,2000;0,6425;0,1910;0,0000;0,0000;0,0000;0,0000;0,0000;0,2387;0,1300;0,7700;1;0,0000;0,0000;0;1;1;2;0;0
17,1250;327,6189;11,2000;0,5817;0,1912;0,0000;0,0000;0,0000;0,0000;0,0000;0,2390;0,1500;0,7300;1;0,0000;0,0000;0;1;1;2;0;0
17,1389;327,6530;11,2000;0,5185;0,1914;0,0000;0,0000;0,0000;0,0000;0,0000;0,2393;0,1600;0,6800;1;0,0000;0,0000;0;1;1;2;0;0
17,1528;327,6962;11,2000;0,4436;0,1917;0,0000;0,0000;0,0000;0,0000;0,0000;0,2396;0,1800;0,6200;1;0,0000;0,0000;0;1;1;2;0;0
17,1667;327,7394;11,2000;0,3733;0,1919;0,0000;0,0000;0,0000;0,0000;0,0000;0,2399;0,1900;0,5600;1;0,0000;0,0000;0;1;1;2;0;0
17,1806;327,7826;11,2000;0,2964;0,1921;0,0000;0,0000;0,0000;0,0000;0,0000;0,2401;0,2000;0,4900;1;0,0000;0,0000;0;1;1;2;0;0
17,1945;327,8258;11,2000;0,2245;0,1923;0,0000;0,0000;0,0000;0,0000;0,0000;0,2404;0,2000;0,4300;1;0,0000;0,0000;0;1;1;2;0;0
17,2084;328,0737;11,2000;0,2101;0,1925;0,0000;0,0000;0,0000;0,0000;0,0000;0,2406;0,2100;0,4200;1;0,0000;0,0000;0;1;1;2;0;0
17,2223;328,0737;11,2000;0,1583;0,1927;0,0000;0,0000;0,0000;0,0000;0,0000;0,2408;0,2200;0,3700;1;0,0000;0,0000;0;1;1;2;0;0
17,2362;328,0737;11,2000;0,0055;0,1928;0,0000;0,0000;0,0000;0,0000;0,0000;0,2410;0,2200;0,2200;1;0,0000;0,0000;0;1;1;2;0;0
17,2500;328,0737;11,2000;-0,0251;0,1929;0,0000;0,0000;0,0000;0,0000;0,0000;0,2412;0,2200;0,1900;1;0,0000;0,0000;0;1;1;2;0;0
17,2639;328,0737;11,2000;-0,1493;0,1930;0,0000;0,0000;0,0000;0,0000;0,0000;0,2413;0,2100;0,0600;1;0,0000;0,0000;0;1;1;2;0;0
17,2778;328,0851;11,2000;-0,2050;0,1931;0,0000;0,0000;0,0000;0,0000;0,0000;0,2414;0,2100;0,0000;1;0,0000;0,0000;0;1;1;2;0;0
17,2917;328,1283;11,2000;-0,2826;0,1932;0,0000;0,0000;0,0000;0,0000;0,0000;0,2415;0,2000;-0,0800;1;0,0000;0,0000;0;1;1;2;0;0
17,3056;328,1715;11,2000;-0,3336;0,1933;0,0000;0,0000;0,0000;0,0000;0,0000;0,2416;0,1900;-0,1400;1;0,0000;0,0000;0;1;1;2;0;0
17,3195;328,2147;11,2000;-0,3439;0,1933;0,0000;0,0000;0,0000;0,0000;0,0000;0,2416;0,1800;-0,1600;1;0,0000;0,0000;0;1;1;2;0;0
17,3334;328,2579;11,2000;-0,3947;0,1933;0,0000;0,0000;0,0000;0,0000;0,0000;0,2417;0,1700;-0,2300;1;0,0000;0,0000;0;1;1;2;0;0
17,3473;328,3011;11,2000;-0,4972;0,1933;0,0000;0,0000;0,0000;0,0000;0,0000;0,2416;0,1500;-0,3400;1;0,0000;0,0000;0;1;1;2;0;0
17,3612;328,5300;11,2000;-0,5396;0,1933;0,0000;0,0000;0,0000;0,0000;0,0000;0,2416;0,1400;-0,4000;1;0,0000;0,0000;0;1;1;2;0;0
17,3750;328,5300;11,2000;-0,5618;0,1932;0,0000;0,0000;0,0000;0,0000;0,0000;0,2416;0,1200;-0,4400;1;0,0000;0,0000;0;1;1;2;0;0
17,3889;328,5300;11,2000;-0,5766;0,1932;0,0000;0,0000;0,0000;0,0000;0,0000;0,2415;0,1000;-0,4700;1;0,0000;0,0000;0;1;1;2;0;0
17,4028;328,5300;11,2000;-0,5796;0,1931;0,0000;0,0000;0,0000;0,0000;0,0000;0,2414;0,0900;-0,4900;1;0,0000;0,0000;0;1;1;2;0;0
17,4167;328,5300;11,2000;-0,5877;0,1930;0,0000;0,0000;0,0000;0,0000;0,0000;0,2413;0,0700;-0,5200;1;0,0000;0,0000;0;1;1;2;0;0
17,4306;328,5604;11,2000;-0,5774;0,1929;0,0000;0,0000;0,0000;0,0000;0,0000;0,2412;0,0500;-0,5200;1;0,0000;0,0000;0;1;1;2;0;0
17,4445;328,6036;12,1000;-0,5423;0,1928;0,0000;0,0000;0,0000;0,0000;0,0000;0,2411;0,0300;-0,5100;1;0,0000;0,0000;0;1;1;2;0;0
17,4584;328,6503;12,1000;-0,4823;0,1927;0,0000;0,0000;0,0000;0,0000;0,0000;0,2409;0,0200;-0,4600;1;0,0000;0,0000;0;1;1;2;0;0
17,4723;328,6970;12,1000;-0,4326;0,1926;0,0000;0,0000;0,0000;0,0000;0,0000;0,2408;0,0000;-0,4200;1;0,0000;0,0000;0;1;1;2;0;0
17,4862;328,7437;12,1000;-0,3785;0,1925;0,0000;0,0000;0,0000;0,0000;0,0000;0,2407;0,0000;-0,3800;1;0,0000;0,0000;0;1;1;2;0;0
17,5000;328,9853;12,1000;-0,3324;0,1924;0,0000;0,0000;0,0000;0,0000;0,0000;0,2405;0,0000;-0,3400;1;0,0000;0,0000;0;1;1;2;0;0
17,5139;328,9853;12,1000;-0,3002;0,1923;0,0000;0,0000;0,0000;0,0000;0,0000;0,2404;-0,0200;-0,3200;1;0,0000;0,0000;0;1;1;2;0;0
17,5278;328,9853;12,1000;-0,2938;0,1922;0,0000;0,0000;0,0000;0,0000;0,0000;0,2403;-0,0300;-0,3200;1;0,0000;0,0000;0;1;1;2;0;0
17,5417;328,9853;12,1000;-0,2608;0,1922;0,0000;0,0000;0,0000;0,0000;0,0000;0,2402;-0,0300;-0,3000;1;0,0000;0,0000;0;1;1;2;0;0
17,5556;328,9853;12,1000;-0,2188;0,1921;0,0000;0,0000;0,0000;0,0000;0,0000;0,2401;-0,0400;-0,2600;1;0,0000;0,0000;0;1;1;2;0;0
17,5695;329,0237;12,1000;-0,1543;0,1920;0,0000;0,0000;0,0000;0,0000;0,0000;0,2400;-0,0400;-0,2000;1;0,0000;0,0000;0;1;1;2;0;0
17,5834;329,0704;12,1000;-0,1309;0,1919;0,0000;0,0000;0,0000;0,0000;0,0000;0,2399;-0,0500;-0,1800;1;0,0000;0,0000;0;1;1;2;0;0
17,5973;329,1171;12,1000;-0,1181;0,1919;0,0000;0,0000;0,0000;0,0000;0,0000;0,2398;-0,0500;-0,1700;1;0,0000;0,0000;0;1;1;2;0;0
17,6112;329,1638;12,1000;-0,1140;0,1918;0,0000;0,0000;0,0000;0,0000;0,0000;0,2397;-0,0600;-0,1700;1;0,0000;0,0000;0;1;1;2;0;0
17,6250;329,2104;12,1000;-0,1446;0,1917;0,0000;0,0000;0,0000;0,0000;0,0000;0,2396;-0,0600;-0,2100;1;0,0000;0,0000;0;1;1;2;0;0
17,6389;329,4412;12,1000;-0,1507;0,1916;0,0000;0,0000;0,0000;0,0000;0,0000;0,2395;-0,0700;-0,2200;1;0,0000;0,0000;0;1;1;2;0;0
17,6528;329,4412;12,1000;-0,2055;0,1915;0,0000;0,0000;0,0000;0,0000;0,0000;0,2394;-0,0700;-0,2800;1;0,0000;0,0000;0;1;1;2;0;0
17,6667;329,4412;12,1000;-0,3666;0,1914;0,0000;0,0000;0,0000;0,0000;0,0000;0,2392;-0,0800;-0,4500;1;0,0000;0,0000;0;1;1;2;0;0
17,6806;329,4412;12,1000;-0,4490;0,1912;0,0000;0,0000;0,0000;0,0000;0,0000;0,2390;-0,1000;-0,5500;1;0,0000;0,0000;0;1;1;2;0;0
17,6945;329,4438;12,1000;-0,5135;0,1910;0,0000;0,0000;0,0000;0,0000;0,0000;0,2388;-0,1100;-0,6300;1;0,0000;0,0000;0;1;1;2;0;0
17,7084;329,4905;12,1000;-0,6155;0,1908;0,0000;0,0000;0,0000;0,0000;0,0000;0,2385;-0,1300;-0,7500;1;0,0000;0,0000;0;1;1;2;0;0
17,7223;329,5372;12,1000;-0,6359;0,1905;0,0000;0,0000;0,0000;0,0000;0,0000;0,2381;-0,1500;-0,7900;1;0,0000;0,0000;0;1;1;2;0;0
17,7362;329,5839;12,1000;-0,7190;0,1902;0,0000;0,0000;0,0000;0,0000;0,0000;0,2378;-0,1700;-0,8900;1;0,0000;0,0000;0;1;1;2;0;0
17,7500;329,6306;12,1000;-0,8520;0,1899;0,0000;0,0000;0,0000;0,0000;0,0000;0,2374;-0,2000;-1,0500;1;0,0000;0,0000;0;1;1;2;0;0
17,7639;329,8968;12,1000;-1,0676;0,1895;0,0000;0,0000;0,0000;0,0000;0,0000;0,2369;-0,2300;-1,3000;1;0,0000;0,0000;0;1;1;2;0;0
17,7778;329,8968;12,1000;-1,1925;0,1890;0,0000;0,0000;0,0000;0,0000;0,0000;0,2363;-0,2700;-1,4600;1;0,0000;0,0000;0;1;1;2;0;0
17,7917;329,8968;12,1000;-1,3251;0,1885;0,0000;0,0000;0,0000;0,0000;0,0000;0,2356;-0,3100;-1,6300;1;0,0000;0,0000;0;1;1;2;0;0
17,8056;329,8968;12,1000;-1,4436;0,1879;0,0000;0,0000;0,0000;0,0000;0,0000;0,2349;-0,3500;-1,8000;1;0,0000;0,0000;0;1;1;2;0;0
17,8195;329,8968;12,1000;-1,5493;0,1873;0,0000;0,0000;0,0000;0,0000;0,0000;0,2341;-0,4000;-1,9500;1;0,0000;0,0000;0;1;1;2;0;0
17,8334;329,9106;12,1000;-1,6904;0,1866;0,0000;0,0000;0,0000;0,0000;0,0000;0,2332;-0,4500;-2,1400;1;0,0000;0,0000;0;1;1;2;0;0
17,8473;329,9573;12,1000;-1,7184;0,1859;0,0000;0,0000;0,0000;0,0000;0,0000;0,2323;-0,5100;-2,2200;1;0,0000;0,0000;0;1;1;2;0;0
17,8612;330,0040;12,1000;-1,7680;0,1851;0,0000;0,0000;0,0000;0,0000;0,0000;0,2313;-0,5600;-2,3300;1;0,0000;0,0000;0;1;1;2;0;0
17,8750;330,0507;12,1000;-1,8123;0,1842;0,0000;0,0000;0,0000;0,0000;0,0000;0,2303;-0,6200;-2,4300;1;0,0000;0,0000;0;1;1;2;0;0
17,8889;330,0973;12,1000;-1,8880;0,1833;0,0000;0,0000;0,0000;0,0000;0,0000;0,2291;-0,6800;-2,5700;1;0,0000;0,0000;0;1;1;2;0;0
17,9028;330,3482;12,1000;-1,9224;0,1824;0,0000;0,0000;0,0000;0,0000;0,0000;0,2280;-0,7400;-2,6600;1;0,0000;0,0000;0;1;1;2;0;0
17,9167;330,3482;12,1000;-1,9386;0,1814;0,0000;0,0000;0,0000;0,0000;0,0000;0,2267;-0,8000;-2,7400;1;0,0000;0,0000;0;1;1;2;0;0
17,9306;330,3482;12,1000;-1,9423;0,1803;0,0000;0,0000;0,0000;0,0000;0,0000;0,2254;-0,8600;-2,8000;1;0,0000;0,0000;0;1;1;2;0;0
17,9445;330,3482;12,1000;-1,9425;0,1793;0,0000;0,0000;0,0000;0,0000;0,0000;0,2241;-0,9200;-2,8600;1;0,0000;0,0000;0;1;1;2;0;0
17,9584;330,3482;13,5000;-1,9426;0,1781;0,0000;0,0000;0,0000;0,0000;0,0000;0,2226;-0,9900;-2,9300;1;0,0000;0,0000;0;1;1;2;0;0
17,9723;330,3827;13,5000;-1,9309;0,1768;0,0000;0,0000;0,0000;0,0000;0,0000;0,2210;-1,0600;-2,9900;1;0,0000;0,0000;0;1;1;2;0;0
17,9862;330,4348;13,5000;-1,8781;0,1755;0,0000;0,0000;0,0000;0,0000;0,0000;0,2194;-1,1200;-3,0000;1;0,0000;0,0000;0;1;1;2;0;0
18,0000;330,4868;13,5000;-1,8312;0,1741;0,0000;0,0000;0,0000;0,0000;0,0000;0,2177;-1,1900;-3,0200;1;0,0000;0,0000;0;1;1;2;0;0
18,0139;330,5389;13,5000;-1,7639;0,1728;0,0000;0,0000;0,0000;0,0000;0,0000;0,2159;-1,2500;-3,0100;1;0,0000;0,0000;0;1;1;2;0;0
18,0278;330,8055;13,5000;-1,6867;0,1714;0,0000;0,0000;0,0000;0,0000;0,0000;0,2142;-1,3100;-3,0000;1;0,0000;0,0000;0;1;1;2;0;0
18,0417;330,8055;13,5000;-1,6712;0,1699;0,0000;0,0000;0,0000;0,0000;0,0000;0,2124;-1,3700;-3,0400;1;0,0000;0,0000;0;1;1;2;0;0
18,0556;330,8055;13,5000;-1,6093;0,1684;0,0000;0,0000;0,0000;0,0000;0,0000;0,2105;-1,4200;-3,0300;1;0,0000;0,0000;0;1;1;2;0;0
18,0695;330,8055;13,5000;-1,5205;0,1669;0,0000;0,0000;0,0000;0,0000;0,0000;0,2087;-1,4800;-3,0000;1;0,0000;0,0000;0;1;1;2;0;0
18,0834;330,8055;13,5000;-1,3171;0,1655;0,0000;0,0000;0,0000;0,0000;0,0000;0,2069;-1,5200;-2,8400;1;0,0000;0,0000;0;1;1;2;0;0
18,0973;330,8512;13,5000;-1,1788;0,1640;0,0000;0,0000;0,0000;0,0000;0,0000;0,2050;-1,5700;-2,7400;1;0,0000;0,0000;0;1;1;2;0;0
18,1112;330,9033;13,5000;-1,0342;0,1626;0,0000;0,0000;0,0000;0,0000;0,0000;0,2032;-1,6000;-2,6400;1;0,0000;0,0000;0;1;1;9;0;0
18,1250;330,9553;13,5000;-0,8959;0,1612;0,0000;0,0000;0,0000;0,0000;0,0000;0,2015;-1,6300;-2,5300;1;0,0000;0,0000;0;1;1;9;0;0
18,1389;331,0074;13,5000;-0,7774;0,1598;0,0000;0,0000;0,0000;0,0000;0,0000;0,1997;-1,6600;-2,4400;1;0,0000;0,0000;0;1;1;9;0;0
18,1528;331,2593;13,5000;-0,7229;0,1584;0,0000;0,0000;0,0000;0,0000;0,0000;0,1980;-1,6800;-2,4100;1;0,0000;0,0000;0;1;1;9;0;0
18,1667;331,2593;13,5000;-0,7120;0,1570;0,0000;0,0000;0,0000;0,0000;0,0000;0,1962;-1,7100;-2,4200;1;0,0000;0,0000;0;1;1;9;0;0
18,1806;331,2593;13,5000;-0,6767;0,1556;0,0000;0,0000;0,0000;0,0000;0,0000;0,1945;-1,7300;-2,4100;1;0,0000;0,0000;0;1;1;9;0;0
18,1945;331,2593;13,9000;-0,6390;0,1541;0,0000;0,0000;0,0000;0,0000;0,0000;0,1927;-1,7500;-2,3900;1;0,0000;0,0000;0;1;1;9;0;0
18,2084;331,2692;13,9000;-0,5369;0,1527;0,0000;0,0000;0,0000;0,0000;0,0000;0,1908;-1,7700;-2,3100;1;0,0000;0,0000;0;1;1;9;0;0
18,2223;331,3228;13,9000;-0,4732;0,1512;0,0000;0,0000;0,0000;0,0000;0,0000;0,1890;-1,7900;-2,2600;1;0,0000;0,0000;0;1;1;9;0;0
18,2362;331,3764;13,9000;-0,4379;0,1498;0,0000;0,0000;0,0000;0,0000;0,0000;0,1872;-1,8000;-2,2400;1;0,0000;0,0000;0;1;1;9;0;0
18,2500;331,4300;13,9000;-0,3976;0,1483;0,0000;0,0000;0,0000;0,0000;0,0000;0,1854;-1,8200;-2,2100;1;0,0000;0,0000;0;1;1;9;0;0
18,2639;331,4836;13,9000;-0,3735;0,1468;0,0000;0,0000;0,0000;0,0000;0,0000;0,1836;-1,8300;-2,2000;1;0,0000;0,0000;0;1;1;9;0;0
18,2778;331,7170;13,9000;-0,3687;0,1454;0,0000;0,0000;0,0000;0,0000;0,0000;0,1817;-1,8400;-2,2100;1;0,0000;0,0000;0;1;1;9;0;0
18,2917;331,7170;13,9000;-0,3463;0,1439;0,0000;0,0000;0,0000;0,0000;0,0000;0,1799;-1,8500;-2,2000;1;0,0000;0,0000;0;1;1;9;0;0
18,3056;331,7170;13,9000;-0,3125;0,1424;0,0000;0,0000;0,0000;0,0000;0,0000;0,1780;-1,8700;-2,1800;1;0,0000;0,0000;0;1;1;9;0;0
18,3195;331,7170;13,9000;-0,2942;0,1409;0,0000;0,0000;0,0000;0,0000;0,0000;0,1762;-1,8800;-2,1700;1;0,0000;0,0000;0;1;1;9;0;0
18,3334;331,7515;13,9000;-0,2830;0,1395;0,0000;0,0000;0,0000;0,0000;0,0000;0,1744;-1,8900;-2,1700;1;0,0000;0,0000;0;1;1;9;0;0
18,3473;331,8051;13,9000;-0,2700;0,1380;0,0000;0,0000;0,0000;0,0000;0,0000;0,1725;-1,8900;-2,1600;1;0,0000;0,0000;0;1;1;9;0;0
18,3612;331,8587;13,9000;-0,2674;0,1365;0,0000;0,0000;0,0000;0,0000;0,0000;0,1707;-1,9000;-2,1700;1;0,0000;0,0000;0;1;1;9;0;0
18,3750;331,9123;13,9000;-0,2613;0,1351;0,0000;0,0000;0,0000;0,0000;0,0000;0,1688;-1,9100;-2,1700;1;0,0000;0,0000;0;1;1;9;0;0
18,3889;332,1714;13,9000;-0,2495;0,1335;0,0000;0,0000;0,0000;0,0000;0,0000;0,1669;-1,9200;-2,1700;1;0,0000;0,0000;0;1;1;9;0;0
18,4028;332,1714;13,9000;-0,2390;0,1321;0,0000;0,0000;0,0000;0,0000;0,0000;0,1651;-1,9300;-2,1700;1;0,0000;0,0000;0;1;1;9;0;0
18,4167;332,1714;13,9000;-0,2310;0,1306;0,0000;0,0000;0,0000;0,0000;0,0000;0,1632;-1,9400;-2,1700;1;0,0000;0,0000;0;1;1;9;0;0
18,4306;332,1714;13,9000;-0,2226;0,1291;0,0000;0,0000;0,0000;0,0000;0,0000;0,1613;-1,9400;-2,1700;1;0,0000;0,0000;0;1;1;9;0;0
18,4445;332,1803;13,9000;-0,2108;0,1276;0,0000;0,0000;0,0000;0,0000;0,0000;0,1594;-1,9500;-2,1600;1;0,0000;0,0000;0;1;1;9;0;0
18,4584;332,2339;13,9000;-0,1990;0,1261;0,0000;0,0000;0,0000;0,0000;0,0000;0,1576;-1,9600;-2,1600;1;0,0000;0,0000;0;1;1;9;0;0
18,4723;332,2875;13,9000;-0,1967;0,1246;0,0000;0,0000;0,0000;0,0000;0,0000;0,1557;-1,9600;-2,1600;1;0,0000;0,0000;0;1;1;9;0;0
18,4862;332,3411;13,9000;-0,1815;0,1230;0,0000;0,0000;0,0000;0,0000;0,0000;0,1538;-1,9700;-2,1500;1;0,0000;0,0000;0;1;1;9;0;0
18,5000;332,3947;13,9000;-0,1677;0,1215;0,0000;0,0000;0,0000;0,0000;0,0000;0,1519;-1,9800;-2,1400;1;0,0000;0,0000;0;1;1;9;0;0
18,5139;332,6276;13,9000;-0,1423;0,1200;0,0000;0,0000;0,0000;0,0000;0,0000;0,1500;-1,9800;-2,1200;1;0,0000;0,0000;0;1;1;9;0;0
18,5278;332,6276;13,9000;-0,0496;0,1186;0,0000;0,0000;0,0000;0,0000;0,0000;0,1482;-1,9800;-2,0300;1;0,0000;0,0000;0;1;1;9;0;0
18,5417;332,6276;13,9000;0,0057;0,1171;0,0000;0,0000;0,0000;0,0000;0,0000;0,1463;-1,9800;-1,9700;1;0,0000;0,0000;0;1;1;9;0;0
18,5556;332,6276;13,9000;0,0599;0,1156;0,0000;0,0000;0,0000;0,0000;0,0000;0,1445;-1,9800;-1,9200;1;0,0000;0,0000;0;1;1;9;0;0
18,5695;332,6626;13,9000;0,1488;0,1142;0,0000;0,0000;0,0000;0,0000;0,0000;0,1427;-1,9700;-1,8200;1;0,0000;0,0000;0;1;1;9;0;0
18,5834;332,7162;13,9000;0,1666;0,1128;0,0000;0,0000;0,0000;0,0000;0,0000;0,1409;-1,9700;-1,8000;1;0,0000;0,0000;0;1;1;9;0;0
18,5973;332,7698;13,9000;0,2359;0,1113;0,0000;0,0000;0,0000;0,0000;0,0000;0,1392;-1,9600;-1,7200;1;0,0000;0,0000;0;1;1;9;0;0
18,6112;332,8234;13,9000;0,3412;0,1100;0,0000;0,0000;0,0000;0,0000;0,0000;0,1375;-1,9400;-1,6000;1;0,0000;0,0000;0;1;1;9;0;0
18,6250;333,0838;13,9000;0,5132;0,1087;0,0000;0,0000;0,0000;0,0000;0,0000;0,1358;-1,9300;-1,4100;1;0,0000;0,0000;0;1;1;9;0;0
18,6389;333,0838;13,9000;0,6562;0,1074;0,0000;0,0000;0,0000;0,0000;0,0000;0,1343;-1,9000;-1,2500;1;0,0000;0,0000;0;1;1;9;0;0
18,6528;333,0838;13,9000;0,6846;0,1062;0,0000;0,0000;0,0000;0,0000;0,0000;0,1327;-1,8800;-1,1900;1;0,0000;0,0000;0;1;1;9;0;0
18,6667;333,0838;13,9000;0,8657;0,1050;0,0000;0,0000;0,0000;0,0000;0,0000;0,1313;-1,8500;-0,9800;1;0,0000;0,0000;0;1;1;9;0;0
18,6806;333,0914;13,9000;0,9019;0,1039;0,0000;0,0000;0,0000;0,0000;0,0000;0,1299;-1,8100;-0,9100;1;0,0000;0,0000;0;1;1;9;0;0
18,6945;333,1451;14,0000;0,9911;0,1028;0,0000;0,0000;0,0000;0,0000;0,0000;0,1285;-1,7800;-0,7900;1;0,0000;0,0000;0;1;1;9;0;0
18,7084;333,1991;14,0000;1,1096;0,1018;0,0000;0,0000;0,0000;0,0000;0,0000;0,1273;-1,7400;-0,6300;1;0,0000;0,0000;0;1;1;9;0;0
18,7223;333,2531;14,0000;1,3251;0,1009;0,0000;0,0000;0,0000;0,0000;0,0000;0,1261;-1,6900;-0,3600;1;0,0000;0,0000;0;1;1;9;0;0
18,7362;333,3071;14,0000;1,3683;0,1000;0,0000;0,0000;0,0000;0,0000;0,0000;0,1250;-1,6400;-0,2700;1;0,0000;0,0000;0;1;1;9;0;0
18,7500;333,5390;14,0000;1,4340;0,0992;0,0000;0,0000;0,0000;0,0000;0,0000;0,1240;-1,5900;-0,1500;1;0,0000;0,0000;0;1;1;9;0;0
18,7639;333,5390;14,0000;1,4917;0,0984;0,0000;0,0000;0,0000;0,0000;0,0000;0,1230;-1,5300;-0,0400;1;0,0000;0,0000;0;1;1;9;0;0
18,7778;333,5390;14,0000;1,5550;0,0977;0,0000;0,0000;0,0000;0,0000;0,0000;0,1222;-1,4700;0,0800;1;0,0000;0,0000;0;1;1;9;0;0
18,7917;333,5390;14,0000;1,6325;0,0971;0,0000;0,0000;0,0000;0,0000;0,0000;0,1214;-1,4200;0,2200;1;0,0000;0,0000;0;1;1;9;0;0
18,8056;333,5771;14,0000;1,6865;0,0965;0,0000;0,0000;0,0000;0,0000;0,0000;0,1207;-1,3500;0,3300;1;0,0000;0,0000;0;1;1;9;0;0
18,8195;333,6311;14,0000;1,7246;0,0960;0,0000;0,0000;0,0000;0,0000;0,0000;0,1200;-1,2900;0,4300;1;0,0000;0,0000;0;1;1;9;0;0
18,8334;333,6851;14,0000;1,7558;0,0956;0,0000;0,0000;0,0000;0,0000;0,0000;0,1194;-1,2300;0,5300;1;0,0000;0,0000;0;1;1;9;0;0
18,8473;333,7391;14,0000;1,7784;0,0951;0,0000;0,0000;0,0000;0,0000;0,0000;0,1189;-1,1600;0,6100;1;0,0000;0,0000;0;1;1;9;0;0
18,8612;333,9960;14,0000;1,7978;0,0948;0,0000;0,0000;0,0000;0,0000;0,0000;0,1185;-1,1000;0,7000;1;0,0000;0,0000;0;1;1;9;0;0
18,8750;333,9960;14,0000;1,8076;0,0945;0,0000;0,0000;0,0000;0,0000;0,0000;0,1181;-1,0300;0,7800;1;0,0000;0,0000;0;1;1;9;0;0
18,8889;333,9960;14,0000;1,8128;0,0942;0,0000;0,0000;0,0000;0,0000;0,0000;0,1178;-0,9700;0,8500;1;0,0000;0,0000;0;1;1;9;0;0
18,9028;333,9960;14,0000;1,8114;0,0940;0,0000;0,0000;0,0000;0,0000;0,0000;0,1175;-0,9000;0,9100;1;0,0000;0,0000;0;1;1;9;0;0
18,9167;334,0092;14,0000;1,7987;0,0939;0,0000;0,0000;0,0000;0,0000;0,0000;0,1173;-0,8400;0,9600;1;0,0000;0,0000;0;1;1;9;0;0
18,9306;334,0632;14,0000;1,7737;0,0938;0,0000;0,0000;0,0000;0,0000;0,0000;0,1172;-0,7700;1,0000;1;0,0000;0,0000;0;1;1;9;0;0
18,9445;334,1172;14,0000;1,7335;0,0937;0,0000;0,0000;0,0000;0,0000;0,0000;0,1171;-0,7100;1,0300;1;0,0000;0,0000;0;1;1;9;0;0
18,9584;334,1713;14,0000;1,6627;0,0936;0,0000;0,0000;0,0000;0,0000;0,0000;0,1170;-0,6500;1,0100;1;0,0000;0,0000;0;1;1;9;0;0
18,9723;334,4507;14,0000;1,6032;0,0936;0,0000;0,0000;0,0000;0,0000;0,0000;0,1170;-0,5900;1,0100;1;0,0000;0,0000;0;1;1;9;0;0
18,9862;334,4507;14,0000;1,5515;0,0936;0,0000;0,0000;0,0000;0,0000;0,0000;0,1170;-0,5300;1,0200;1;0,0000;0,0000;0;1;1;9;0;0
19,0000;334,4507;14,0000;1,5010;0,0936;0,0000;0,0000;0,0000;0,0000;0,0000;0,1171;-0,4800;1,0200;1;0,0000;0,0000;0;1;1;9;0;0
19,0139;334,4507;14,0000;1,4308;0,0937;0,0000;0,0000;0,0000;0,0000;0,0000;0,1171;-0,4300;1,0000;1;0,0000;0,0000;0;1;1;9;0;0
19,0278;334,4507;14,0000;1,3664;0,0938;0,0000;0,0000;0,0000;0,0000;0,0000;0,1172;-0,3800;0,9900;1;0,0000;0,0000;0;1;1;9;0;0
19,0417;334,4954;14,0000;1,2843;0,0939;0,0000;0,0000;0,0000;0,0000;0,0000;0,1173;-0,3300;0,9500;1;0,0000;0,0000;0;1;1;9;0;0
19,0556;334,5494;14,0000;1,2281;0,0940;0,0000;0,0000;0,0000;0,0000;0,0000;0,1175;-0,2800;0,9400;1;0,0000;0,0000;0;1;1;9;0;0
19,0695;334,6034;14,0000;1,1831;0,0941;0,0000;0,0000;0,0000;0,0000;0,0000;0,1177;-0,2400;0,9400;1;0,0000;0,0000;0;1;1;9;0;0
19,0834;334,6574;14,0000;1,1151;0,0943;0,0000;0,0000;0,0000;0,0000;0,0000;0,1179;-0,2000;0,9100;1;0,0000;0,0000;0;1;1;9;0;0
19,0973;334,9073;14,0000;1,0658;0,0945;0,0000;0,0000;0,0000;0,0000;0,0000;0,1181;-0,1600;0,9000;1;0,0000;0,0000;0;1;1;9;0;0
19,1112;334,9073;14,0000;1,0130;0,0947;0,0000;0,0000;0,0000;0,0000;0,0000;0,1183;-0,1300;0,8900;1;0,0000;0,0000;0;1;1;9;0;0
19,1250;334,9073;14,0000;0,9754;0,0949;0,0000;0,0000;0,0000;0,0000;0,0000;0,1186;-0,0900;0,8800;1;0,0000;0,0000;0;1;1;5;0;0
19,1389;334,9073;14,0000;0,9342;0,0951;0,0000;0,0000;0,0000;0,0000;0,0000;0,1189;-0,0600;0,8800;1;0,0000;0,0000;0;1;1;5;0;0
19,1528;334,9275;14,0000;0,9030;0,0953;0,0000;0,0000;0,0000;0,0000;0,0000;0,1191;-0,0200;0,8800;1;0,0000;0,0000;0;1;1;5;0;0
19,1667;334,9815;14,0000;0,8767;0,0956;0,0000;0,0000;0,0000;0,0000;0,0000;0,1195;0,0000;0,8900;1;0,0000;0,0000;0;1;1;5;0;0
19,1806;335,0355;14,0000;0,8485;0,0958;0,0000;0,0000;0,0000;0,0000;0,0000;0,1198;0,0400;0,8900;1;0,0000;0,0000;0;1;1;5;0;0
19,1945;335,0895;14,2000;0,8220;0,0961;0,0000;0,0000;0,0000;0,0000;0,0000;0,1202;0,0700;0,8900;1;0,0000;0,0000;0;1;1;5;0;0
19,2084;335,3625;14,2000;0,7962;0,0964;0,0000;0,0000;0,0000;0,0000;0,0000;0,1206;0,1000;0,9000;1;0,0000;0,0000;0;1;1;5;0;0
19,2223;335,3625;14,2000;0,7656;0,0968;0,0000;0,0000;0,0000;0,0000;0,0000;0,1210;0,1300;0,8900;1;0,0000;0,0000;0;1;1;5;0;0
19,2362;335,3625;14,2000;0,7406;0,0971;0,0000;0,0000;0,0000;0,0000;0,0000;0,1214;0,1600;0,9000;1;0,0000;0,0000;0;1;1;5;0;0
19,2500;335,3625;14,2000;0,7211;0,0975;0,0000;0,0000;0,0000;0,0000;0,0000;0,1218;0,1800;0,9000;1;0,0000;0,0000;0;1;1;5;0;0
19,2639;335,3634;14,2000;0,7043;0,0978;0,0000;0,0000;0,0000;0,0000;0,0000;0,1223;0,2100;0,9100;1;0,0000;0,0000;0;1;1;5;0;0
19,2778;335,4182;14,2000;0,6812;0,0982;0,0000;0,0000;0,0000;0,0000;0,0000;0,1228;0,2300;0,9200;1;0,0000;0,0000;0;1;1;5;0;0
19,2917;335,4730;14,2000;0,6552;0,0986;0,0000;0,0000;0,0000;0,0000;0,0000;0,1232;0,2600;0,9100;1;0,0000;0,0000;0;1;1;5;0;0
19,3056;335,5278;14,2000;0,6363;0,0990;0,0000;0,0000;0,0000;0,0000;0,0000;0,1238;0,2800;0,9200;1;0,0000;0,0000;0;1;1;5;0;0
19,3195;335,5826;14,2000;0,6084;0,0994;0,0000;0,0000;0,0000;0,0000;0,0000;0,1243;0,3100;0,9100;1;0,0000;0,0000;0;1;1;5;0;0
19,3334;335,8186;14,2000;0,5873;0,0999;0,0000;0,0000;0,0000;0,0000;0,0000;0,1248;0,3300;0,9200;1;0,0000;0,0000;0;1;1;5;0;0
19,3473;335,8186;14,2000;0,5562;0,1003;0,0000;0,0000;0,0000;0,0000;0,0000;0,1254;0,3500;0,9100;1;0,0000;0,0000;0;1;1;5;0;0
19,3612;335,8186;14,2000;0,5156;0,1007;0,0000;0,0000;0,0000;0,0000;0,0000;0,1259;0,3700;0,8800;1;0,0000;0,0000;0;1;1;5;0;0
19,3750;335,8186;14,2000;0,4613;0,1012;0,0000;0,0000;0,0000;0,0000;0,0000;0,1264;0,3900;0,8500;1;0,0000;0,0000;0;1;1;5;0;0
19,3889;335,8564;14,2000;0,4067;0,1016;0,0000;0,0000;0,0000;0,0000;0,0000;0,1270;0,4000;0,8100;1;0,0000;0,0000;0;1;1;5;0;0
19,4028;335,9112;14,2000;0,3299;0,1020;0,0000;0,0000;0,0000;0,0000;0,0000;0,1275;0,4100;0,7400;1;0,0000;0,0000;0;1;1;5;0;0
19,4167;335,9660;14,2000;0,2465;0,1024;0,0000;0,0000;0,0000;0,0000;0,0000;0,1280;0,4200;0,6700;1;0,0000;0,0000;0;1;1;5;0;0
19,4306;336,0208;14,2000;0,1733;0,1028;0,0000;0,0000;0,0000;0,0000;0,0000;0,1285;0,4300;0,6000;1;0,0000;0,0000;0;1;1;5;0;0
19,4445;336,2743;13,9000;0,0890;0,1031;0,0000;0,0000;0,0000;0,0000;0,0000;0,1289;0,4300;0,5200;1;0,0000;0,0000;0;1;1;5;0;0
19,4584;336,2743;13,9000;-0,0241;0,1035;0,0000;0,0000;0,0000;0,0000;0,0000;0,1293;0,4300;0,4000;1;0,0000;0,0000;0;1;1;5;0;0
19,4723;336,2743;13,9000;-0,1413;0,1037;0,0000;0,0000;0,0000;0,0000;0,0000;0,1297;0,4200;0,2800;1;0,0000;0,0000;0;1;1;5;0;0
19,4862;336,2743;13,9000;-0,2419;0,1040;0,0000;0,0000;0,0000;0,0000;0,0000;0,1300;0,4100;0,1700;1;0,0000;0,0000;0;1;1;5;0;0
19,5000;336,2901;13,9000;-0,3412;0,1042;0,0000;0,0000;0,0000;0,0000;0,0000;0,1303;0,4000;0,0600;1;0,0000;0,0000;0;1;1;5;0;0
19,5139;336,3437;13,9000;-0,4045;0,1044;0,0000;0,0000;0,0000;0,0000;0,0000;0,1305;0,3900;0,0000;1;0,0000;0,0000;0;1;1;5;0;0
19,5278;336,3974;13,9000;-0,4739;0,1045;0,0000;0,0000;0,0000;0,0000;0,0000;0,1307;0,3700;-0,1000;1;0,0000;0,0000;0;1;1;5;0;0
19,5417;336,4510;13,9000;-0,5272;0,1046;0,0000;0,0000;0,0000;0,0000;0,0000;0,1308;0,3500;-0,1700;1;0,0000;0,0000;0;1;1;5;0;0
19,5556;336,7303;13,9000;-0,6019;0,1047;0,0000;0,0000;0,0000;0,0000;0,0000;0,1309;0,3300;-0,2700;1;0,0000;0,0000;0;1;1;5;0;0
19,5695;336,7303;13,9000;-0,6870;0,1048;0,0000;0,0000;0,0000;0,0000;0,0000;0,1310;0,3100;-0,3800;1;0,0000;0,0000;0;1;1;5;0;0
19,5834;336,7303;13,9000;-0,7282;0,1048;0,0000;0,0000;0,0000;0,0000;0,0000;0,1310;0,2800;-0,4400;1;0,0000;0,0000;0;1;1;5;0;0
19,5973;336,7303;13,9000;-0,7534;0,1048;0,0000;0,0000;0,0000;0,0000;0,0000;0,1310;0,2600;-0,5000;1;0,0000;0,0000;0;1;1;5;0;0
19,6112;336,7303;13,9000;-0,7753;0,1047;0,0000;0,0000;0,0000;0,0000;0,0000;0,1309;0,2300;-0,5500;1;0,0000;0,0000;0;1;1;5;0;0
19,6250;336,7728;13,9000;-0,7935;0,1047;0,0000;0,0000;0,0000;0,0000;0,0000;0,1308;0,2000;-0,5900;1;0,0000;0,0000;0;1;1;5;0;0
19,6389;336,8264;13,9000;-0,8084;0,1046;0,0000;0,0000;0,0000;0,0000;0,0000;0,1307;0,1700;-0,6400;1;0,0000;0,0000;0;1;1;5;0;0
19,6528;336,8800;13,9000;-0,8257;0,1044;0,0000;0,0000;0,0000;0,0000;0,0000;0,1306;0,1400;-0,6800;1;0,0000;0,0000;0;1;1;5;0;0
19,6667;336,9337;13,9000;-0,8376;0,1043;0,0000;0,0000;0,0000;0,0000;0,0000;0,1304;0,1100;-0,7200;1;0,0000;0,0000;0;1;1;5;0;0
19,6806;337,1859;13,9000;-0,8422;0,1041;0,0000;0,0000;0,0000;0,0000;0,0000;0,1302;0,0800;-0,7600;1;0,0000;0,0000;0;1;1;5;0;0
19,6945;337,1859;13,9000;-0,8337;0,1040;0,0000;0,0000;0,0000;0,0000;0,0000;0,1300;0,0500;-0,7800;1;0,0000;0,0000;0;1;1;5;0;0
19,7084;337,1859;13,9000;-0,7977;0,1038;0,0000;0,0000;0,0000;0,0000;0,0000;0,1297;0,0200;-0,7700;1;0,0000;0,0000;0;1;1;5;0;0
19,7223;337,1859;13,9000;-0,7582;0,1036;0,0000;0,0000;0,0000;0,0000;0,0000;0,1294;0,0000;-0,7600;1;0,0000;0,0000;0;1;1;5;0;0
19,7362;337,2018;13,9000;-0,6904;0,1033;0,0000;0,0000;0,0000;0,0000;0,0000;0,1292;-0,0200;-0,7200;1;0,0000;0,0000;0;1;1;5;0;0
19,7500;337,2554;13,9000;-0,6282;0,1031;0,0000;0,0000;0,0000;0,0000;0,0000;0,1289;-0,0400;-0,6700;1;0,0000;0,0000;0;1;1;5;0;0
19,7639;337,3090;13,9000;-0,5901;0,1029;0,0000;0,0000;0,0000;0,0000;0,0000;0,1286;-0,0700;-0,6600;1;0,0000;0,0000;0;1;1;5;0;0
19,7778;337,3627;13,9000;-0,5490;0,1027;0,0000;0,0000;0,0000;0,0000;0,0000;0,1284;-0,0900;-0,6400;1;0,0000;0,0000;0;1;1;5;0;0
19,7917;337,6420;13,9000;-0,5190;0,1025;0,0000;0,0000;0,0000;0,0000;0,0000;0,1281;-0,1000;-0,6200;1;0,0000;0,0000;0;1;1;5;0;0
19,8056;337,6420;13,9000;-0,4875;0,1022;0,0000;0,0000;0,0000;0,0000;0,0000;0,1278;-0,1200;-0,6100;1;0,0000;0,0000;0;1;1;5;0;0
19,8195;337,6420;13,9000;-0,4539;0,1020;0,0000;0,0000;0,0000;0,0000;0,0000;0,1275;-0,1400;-0,5900;1;0,0000;0,0000;0;1;1;5;0;0
19,8334;337,6420;13,9000;-0,4220;0,1018;0,0000;0,0000;0,0000;0,0000;0,0000;0,1272;-0,1500;-0,5700;1;0,0000;0,0000;0;1;1;5;0;0
19,8473;337,6420;13,9000;-0,3959;0,1015;0,0000;0,0000;0,0000;0,0000;0,0000;0,1269;-0,1700;-0,5600;1;0,0000;0,0000;0;1;1;5;0;0
19,8612;337,6844;13,9000;-0,3694;0,1013;0,0000;0,0000;0,0000;0,0000;0,0000;0,1266;-0,1800;-0,5500;1;0,0000;0,0000;0;1;1;5;0;0
19,8750;337,7380;13,9000;-0,3395;0,1010;0,0000;0,0000;0,0000;0,0000;0,0000;0,1263;-0,1900;-0,5300;1;0,0000;0,0000;0;1;1;5;0;0
19,8889;337,7917;13,9000;-0,3074;0,1008;0,0000;0,0000;0,0000;0,0000;0,0000;0,1260;-0,2000;-0,5100;1;0,0000;0,0000;0;1;1;5;0;0
19,9028;337,8453;13,9000;-0,2707;0,1005;0,0000;0,0000;0,0000;0,0000;0,0000;0,1257;-0,2100;-0,4800;1;0,0000;0,0000;0;1;1;5;0;0
19,9167;338,0973;13,9000;-0,2319;0,1003;0,0000;0,0000;0,0000;0,0000;0,0000;0,1254;-0,2200;-0,4500;1;0,0000;0,0000;0;1;1;5;0;0
19,9306;338,0973;13,9000;-0,1929;0,1001;0,0000;0,0000;0,0000;0,0000;0,0000;0,1251;-0,2300;-0,4200;1;0,0000;0,0000;0;1;1;5;0;0
19,9445;338,0973;13,9000;-0,1369;0,0998;0,0000;0,0000;0,0000;0,0000;0,0000;0,1248;-0,2400;-0,3700;1;0,0000;0,0000;0;1;1;5;0;0
19,9584;338,0973;13,6000;-0,0885;0,0996;0,0000;0,0000;0,0000;0,0000;0,0000;0,1245;-0,2400;-0,3300;1;0,0000;0,0000;0;1;1;5;0;0
19,9723;338,1122;13,6000;-0,0370;0,0994;0,0000;0,0000;0,0000;0,0000;0,0000;0,1243;-0,2400;-0,2800;1;0,0000;0,0000;0;1;1;5;0;0
19,9862;338,1647;13,6000;0,0394;0,0992;0,0000;0,0000;0,0000;0,0000;0,0000;0,1240;-0,2400;-0,2000;1;0,0000;0,0000;0;1;1;5;0;0
20,0000;338,2172;13,6000;0,1076;0,0991;0,0000;0,0000;0,0000;0,0000;0,0000;0,1238;-0,2400;-0,1300;1;0,0000;0,0000;0;1;1;5;0;0
20,0139;338,2697;13,6000;0,1734;0,0989;0,0000;0,0000;0,0000;0,0000;0,0000;0,1236;-0,2300;-0,0600;1;0,0000;0,0000;0;1;1;5;0;0
20,0278;338,3221;13,6000;0,2489;0,0988;0,0000;0,0000;0,0000;0,0000;0,0000;0,1235;-0,2200;0,0200;1;0,0000;0,0000;0;1;1;5;0;0
20,0417;338,5538;13,6000;0,3435;0,0987;0,0000;0,0000;0,0000;0,0000;0,0000;0,1234;-0,2100;0,1300;1;0,0000;0,0000;0;1;1;5;0;0
20,0556;338,5538;13,6000;0,4263;0,0987;0,0000;0,0000;0,0000;0,0000;0,0000;0,1233;-0,2000;0,2300;1;0,0000;0,0000;0;1;1;5;0;0
20,0695;338,5538;13,6000;0,5079;0,0987;0,0000;0,0000;0,0000;0,0000;0,0000;0,1233;-0,1800;0,3300;1;0,0000;0,0000;0;1;1;5;0;0
20,0834;338,5538;13,6000;0,6088;0,0987;0,0000;0,0000;0,0000;0,0000;0,0000;0,1233;-0,1600;0,4500;1;0,0000;0,0000;0;1;1;5;0;0
20,0973;338,5845;13,6000;0,6874;0,0987;0,0000;0,0000;0,0000;0,0000;0,0000;0,1234;-0,1400;0,5500;1;0,0000;0,0000;0;1;1;5;0;0
20,1112;338,6369;13,6000;0,7392;0,0989;0,0000;0,0000;0,0000;0,0000;0,0000;0,1236;-0,1100;0,6300;1;0,0000;0,0000;0;1;1;5;0;0
20,1250;338,6894;13,6000;0,8012;0,0990;0,0000;0,0000;0,0000;0,0000;0,0000;0,1238;-0,0800;0,7200;1;0,0000;0,0000;0;1;1;5;0;0
20,1389;338,7419;13,6000;0,8427;0,0992;0,0000;0,0000;0,0000;0,0000;0,0000;0,1240;-0,0500;0,7900;1;0,0000;0,0000;0;1;1;6;0;0
20,1528;339,0084;13,6000;0,8757;0,0995;0,0000;0,0000;0,0000;0,0000;0,0000;0,1243;-0,0200;0,8500;1;0,0000;0,0000;0;1;1;6;0;0
20,1667;339,0084;13,6000;0,9116;0,0997;0,0000;0,0000;0,0000;0,0000;0,0000;0,1246;0,0000;0,9200;1;0,0000;0,0000;0;1;1;6;0;0
20,1806;339,0084;13,6000;0,9427;0,1000;0,0000;0,0000;0,0000;0,0000;0,0000;0,1250;0,0400;0,9900;1;0,0000;0,0000;0;1;1;6;0;0
20,1945;339,0084;13,6000;0,9645;0,1003;0,0000;0,0000;0,0000;0,0000;0,0000;0,1254;0,0800;1,0400;1;0,0000;0,0000;0;1;1;6;0;0
20,2084;339,0084;13,6000;0,9753;0,1007;0,0000;0,0000;0,0000;0,0000;0,0000;0,1259;0,1100;1,0900;1;0,0000;0,0000;0;1;1;6;0;0
20,2223;339,0566;13,6000;0,9813;0,1011;0,0000;0,0000;0,0000;0,0000;0,0000;0,1263;0,1500;1,1300;1;0,0000;0,0000;0;1;1;6;0;0
20,2362;339,1091;13,6000;0,9825;0,1015;0,0000;0,0000;0,0000;0,0000;0,0000;0,1269;0,1800;1,1700;1;0,0000;0,0000;0;1;1;6;0;0
20,2500;339,1616;13,6000;0,9815;0,1019;0,0000;0,0000;0,0000;0,0000;0,0000;0,1274;0,2200;1,2000;1;0,0000;0,0000;0;1;1;6;0;0
20,2639;339,2141;13,6000;0,9812;0,1024;0,0000;0,0000;0,0000;0,0000;0,0000;0,1280;0,2500;1,2400;1;0,0000;0,0000;0;1;1;6;0;0
20,2778;339,4655;13,6000;0,9779;0,1029;0,0000;0,0000;0,0000;0,0000;0,0000;0,1286;0,2900;1,2700;1;0,0000;0,0000;0;1;1;6;0;0
20,2917;339,4655;13,6000;0,9700;0,1034;0,0000;0,0000;0,0000;0,0000;0,0000;0,1292;0,3200;1,2900;1;0,0000;0,0000;0;1;1;6;0;0
20,3056;339,4655;13,6000;0,9620;0,1039;0,0000;0,0000;0,0000;0,0000;0,0000;0,1299;0,3600;1,3200;1;0,0000;0,0000;0;1;1;6;0;0
20,3195;339,4655;13,6000;0,9481;0,1044;0,0000;0,0000;0,0000;0,0000;0,0000;0,1306;0,3900;1,3400;1;0,0000;0,0000;0;1;1;6;0;0
20,3334;339,4764;13,6000;0,9293;0,1050;0,0000;0,0000;0,0000;0,0000;0,0000;0,1313;0,4200;1,3500;1;0,0000;0,0000;0;1;1;6;0;0
20,3473;339,5288;13,6000;0,9062;0,1056;0,0000;0,0000;0,0000;0,0000;0,0000;0,1320;0,4600;1,3600;1;0,0000;0,0000;0;1;1;6;0;0
20,3612;339,5813;13,6000;0,8827;0,1062;0,0000;0,0000;0,0000;0,0000;0,0000;0,1328;0,4900;1,3700;1;0,0000;0,0000;0;1;1;6;0;0
20,3750;339,6338;13,6000;0,8650;0,1068;0,0000;0,0000;0,0000;0,0000;0,0000;0,1335;0,5200;1,3800;1;0,0000;0,0000;0;1;1;6;0;0
20,3889;339,6862;13,6000;0,8461;0,1075;0,0000;0,0000;0,0000;0,0000;0,0000;0,1343;0,5500;1,4000;1;0,0000;0,0000;0;1;1;6;0;0
20,4028;339,9206;13,6000;0,8313;0,1081;0,0000;0,0000;0,0000;0,0000;0,0000;0,1352;0,5800;1,4100;1;0,0000;0,0000;0;1;1;6;0;0
20,4167;339,9206;13,6000;0,8065;0,1088;0,0000;0,0000;0,0000;0,0000;0,0000;0,1360;0,6100;1,4100;1;0,0000;0,0000;0;1;1;6;0;0
20,4306;339,9206;13,6000;0,7774;0,1095;0,0000;0,0000;0,0000;0,0000;0,0000;0,1369;0,6400;1,4100;1;0,0000;0,0000;0;1;1;6;0;0
20,4445;339,9206;13,6000;0,7495;0,1102;0,0000;0,0000;0,0000;0,0000;0,0000;0,1377;0,6600;1,4100;1;0,0000;0,0000;0;1;1;6;0;0
20,4584;339,9486;13,6000;0,7190;0,1109;0,0000;0,0000;0,0000;0,0000;0,0000;0,1386;0,6900;1,4100;1;0,0000;0,0000;0;1;1;6;0;0
20,4723;340,0010;13,6000;0,6862;0,1116;0,0000;0,0000;0,0000;0,0000;0,0000;0,1395;0,7100;1,4000;1;0,0000;0,0000;0;1;1;6;0;0
20,4862;340,0535;13,1000;0,6609;0,1123;0,0000;0,0000;0,0000;0,0000;0,0000;0,1404;0,7400;1,4000;1;0,0000;0,0000;0;1;1;6;0;0
20,5000;340,1040;13,1000;0,6201;0,1130;0,0000;0,0000;0,0000;0,0000;0,0000;0,1413;0,7600;1,3800;1;0,0000;0,0000;0;1;1;6;0;0
20,5139;340,3770;13,1000;0,5869;0,1138;0,0000;0,0000;0,0000;0,0000;0,0000;0,1422;0,7800;1,3600;1;0,0000;0,0000;0;1;1;6;0;0
20,5278;340,3770;13,1000;0,5390;0,1145;0,0000;0,0000;0,0000;0,0000;0,0000;0,1431;0,8000;1,3400;1;0,0000;0,0000;0;1;1;6;0;0
20,5417;340,3770;13,1000;0,4918;0,1152;0,0000;0,0000;0,0000;0,0000;0,0000;0,1440;0,8100;1,3100;1;0,0000;0,0000;0;1;1;6;0;0
20,5556;340,3770;13,1000;0,4524;0,1159;0,0000;0,0000;0,0000;0,0000;0,0000;0,1449;0,8300;1,2800;1;0,0000;0,0000;0;1;1;6;0;0
20,5695;340,3770;13,1000;0,4026;0,1166;0,0000;0,0000;0,0000;0,0000;0,0000;0,1458;0,8400;1,2500;1;0,0000;0,0000;0;1;1;6;0;0
20,5834;340,4072;13,1000;0,3692;0,1173;0,0000;0,0000;0,0000;0,0000;0,0000;0,1467;0,8600;1,2300;1;0,0000;0,0000;0;1;1;6;0;0
20,5973;340,4577;13,1000;0,3048;0,1180;0,0000;0,0000;0,0000;0,0000;0,0000;0,1476;0,8700;1,1700;1;0,0000;0,0000;0;1;1;6;0;0
20,6112;340,5083;13,1000;0,2510;0,1187;0,0000;0,0000;0,0000;0,0000;0,0000;0,1484;0,8800;1,1300;1;0,0000;0,0000;0;1;1;6;0;0
20,6250;340,5588;13,1000;0,1811;0,1194;0,0000;0,0000;0,0000;0,0000;0,0000;0,1493;0,8800;1,0600;1;0,0000;0,0000;0;1;1;6;0;0
20,6389;340,8329;13,1000;0,1344;0,1201;0,0000;0,0000;0,0000;0,0000;0,0000;0,1501;0,8900;1,0200;1;0,0000;0,0000;0;1;1;6;0;0
20,6528;340,8329;13,1000;0,0849;0,1207;0,0000;0,0000;0,0000;0,0000;0,0000;0,1509;0,8900;0,9800;1;0,0000;0,0000;0;1;1;6;0;0
20,6667;340,8329;13,1000;0,0133;0,1214;0,0000;0,0000;0,0000;0,0000;0,0000;0,1517;0,8900;0,9000;1;0,0000;0,0000;0;1;1;6;0;0
20,6806;340,8329;13,1000;-0,0741;0,1220;0,0000;0,0000;0,0000;0,0000;0,0000;0,1525;0,8900;0,8200;1;0,0000;0,0000;0;1;1;6;0;0
20,6945;340,8329;13,1000;-0,1639;0,1225;0,0000;0,0000;0,0000;0,0000;0,0000;0,1532;0,8800;0,7200;1;0,0000;0,0000;0;1;1;6;0;0
20,7084;340,8620;13,1000;-0,2438;0,1231;0,0000;0,0000;0,0000;0,0000;0,0000;0,1539;0,8800;0,6300;1;0,0000;0,0000;0;1;1;6;0;0
20,7223;340,9125;13,1000;-0,3063;0,1236;0,0000;0,0000;0,0000;0,0000;0,0000;0,1545;0,8700;0,5600;1;0,0000;0,0000;0;1;1;6;0;0
20,7362;340,9630;13,1000;-0,3575;0,1241;0,0000;0,0000;0,0000;0,0000;0,0000;0,1551;0,8600;0,5000;1;0,0000;0,0000;0;1;1;6;0;0
20,7500;341,0136;12,7000;-0,4035;0,1246;0,0000;0,0000;0,0000;0,0000;0,0000;0,1557;0,8400;0,4400;1;0,0000;0,0000;0;1;1;6;0;0
20,7639;341,2877;12,7000;-0,4709;0,1250;0,0000;0,0000;0,0000;0,0000;0,0000;0,1563;0,8300;0,3600;1;0,0000;0,0000;0;1;1;6;0;0
20,7778;341,2877;12,7000;-0,5387;0,1254;0,0000;0,0000;0,0000;0,0000;0,0000;0,1568;0,8100;0,2700;1;0,0000;0,0000;0;1;1;6;0;0
20,7917;341,2877;12,7000;-0,6046;0,1258;0,0000;0,0000;0,0000;0,0000;0,0000;0,1573;0,7900;0,1900;1;0,0000;0,0000;0;1;1;6;0;0
20,8056;341,2877;12,7000;-0,6552;0,1262;0,0000;0,0000;0,0000;0,0000;0,0000;0,1577;0,7700;0,1200;1;0,0000;0,0000;0;1;1;6;0;0
20,8195;341,2877;12,7000;-0,7043;0,1265;0,0000;0,0000;0,0000;0,0000;0,0000;0,1581;0,7500;0,0400;1;0,0000;0,0000;0;1;1;6;0;0
20,8334;341,3076;12,7000;-0,7336;0,1268;0,0000;0,0000;0,0000;0,0000;0,0000;0,1585;0,7300;0,0000;1;0,0000;0,0000;0;1;1;6;0;0
20,8473;341,3565;12,7000;-0,7642;0,1271;0,0000;0,0000;0,0000;0,0000;0,0000;0,1589;0,7000;-0,0600;1;0,0000;0,0000;0;1;1;6;0;0
20,8612;341,4055;12,7000;-0,7836;0,1274;0,0000;0,0000;0,0000;0,0000;0,0000;0,1592;0,6800;-0,1100;1;0,0000;0,0000;0;1;1;6;0;0
20,8750;341,4545;12,7000;-0,7951;0,1276;0,0000;0,0000;0,0000;0,0000;0,0000;0,1595;0,6500;-0,1500;1;0,0000;0,0000;0;1;1;6;0;0
20,8889;341,5035;12,7000;-0,8022;0,1279;0,0000;0,0000;0,0000;0,0000;0,0000;0,1598;0,6200;-0,1800;1;0,0000;0,0000;0;1;1;6;0;0
20,9028;341,7452;12,7000;-0,8033;0,1281;0,0000;0,0000;0,0000;0,0000;0,0000;0,1601;0,6000;-0,2000;1;0,0000;0,0000;0;1;1;6;0;0
20,9167;341,7452;12,7000;-0,7946;0,1282;0,0000;0,0000;0,0000;0,0000;0,0000;0,1603;0,5700;-0,2200;1;0,0000;0,0000;0;1;1;6;0;0
20,9306;341,7452;12,7000;-0,7777;0,1284;0,0000;0,0000;0,0000;0,0000;0,0000;0,1605;0,5500;-0,2300;1;0,0000;0,0000;0;1;1;6;0;0
20,9445;341,7452;12,7000;-0,7557;0,1286;0,0000;0,0000;0,0000;0,0000;0,0000;0,1607;0,5200;-0,2300;1;0,0000;0,0000;0;1;1;6;0;0
20,9584;341,7485;12,7000;-0,7300;0,1287;0,0000;0,0000;0,0000;0,0000;0,0000;0,1609;0,5000;-0,2300;1;0,0000;0,0000;0;1;1;6;0;0
20,9723;341,7975;12,7000;-0,7001;0,1289;0,0000;0,0000;0,0000;0,0000;0,0000;0,1611;0,4800;-0,2200;1;0,0000;0,0000;0;1;1;6;0;0
20,9862;341,8465;12,7000;-0,6663;0,1290;0,0000;0,0000;0,0000;0,0000;0,0000;0,1613;0,4600;-0,2100;1;0,0000;0,0000;0;1;1;6;0;0
21,0000;341,8955;12,7000;-0,6342;0,1292;0,0000;0,0000;0,0000;0,0000;0,0000;0,1614;0,4400;-0,2000;1;0,0000;0,0000;0;1;1;6;0;0
21,0139;341,9445;12,7000;-0,6050;0,1293;0,0000;0,0000;0,0000;0,0000;0,0000;0,1616;0,4200;-0,1900;1;0,0000;0,0000;0;1;1;6;0;0
21,0278;342,1988;12,7000;-0,5838;0,1294;0,0000;0,0000;0,0000;0,0000;0,0000;0,1618;0,4000;-0,1800;1;0,0000;0,0000;0;1;1;6;0;0
21,0417;342,1988;12,7000;-0,5709;0,1295;0,0000;0,0000;0,0000;0,0000;0,0000;0,1619;0,3800;-0,1900;1;0,0000;0,0000;0;1;1;6;0;0
21,0556;342,1988;12,7000;-0,5616;0,1296;0,0000;0,0000;0,0000;0,0000;0,0000;0,1620;0,3600;-0,2000;1;0,0000;0,0000;0;1;1;6;0;0
21,0695;342,1988;12,7000;-0,5554;0,1297;0,0000;0,0000;0,0000;0,0000;0,0000;0,1621;0,3400;-0,2100;1;0,0000;0,0000;0;1;1;6;0;0
21,0834;342,1988;12,7000;-0,5520;0,1298;0,0000;0,0000;0,0000;0,0000;0,0000;0,1623;0,3300;-0,2200;1;0,0000;0,0000;0;1;1;6;0;0
21,0973;342,2385;12,7000;-0,5502;0,1299;0,0000;0,0000;0,0000;0,0000;0,0000;0,1623;0,3100;-0,2400;1;0,0000;0,0000;0;1;1;6;0;0
21,1112;342,2875;12,7000;-0,5520;0,1299;0,0000;0,0000;0,0000;0,0000;0,0000;0,1624;0,2900;-0,2600;1;0,0000;0,0000;0;1;1;6;0;0
21,1250;342,3365;12,7000;-0,5577;0,1300;0,0000;0,0000;0,0000;0,0000;0,0000;0,1625;0,2700;-0,2800;1;0,0000;0,0000;0;1;1;6;0;0
21,1389;342,3855;12,7000;-0,5651;0,1300;0,0000;0,0000;0,0000;0,0000;0,0000;0,1625;0,2600;-0,3100;1;0,0000;0,0000;0;1;1;3;0;0
21,1528;342,6564;12,7000;-0,5751;0,1301;0,0000;0,0000;0,0000;0,0000;0,0000;0,1626;0,2400;-0,3400;1;0,0000;0,0000;0;1;1;3;0;0
21,1667;342,6564;12,7000;-0,5816;0,1301;0,0000;0,0000;0,0000;0,0000;0,0000;0,1626;0,2200;-0,3600;1;0,0000;0,0000;0;1;1;3;0;0
21,1806;342,6564;12,7000;-0,5872;0,1301;0,0000;0,0000;0,0000;0,0000;0,0000;0,1626;0,2000;-0,3800;1;0,0000;0,0000;0;1;1;3;0;0
21,1945;342,6564;12,2000;-0,5884;0,1301;0,0000;0,0000;0,0000;0,0000;0,0000;0,1626;0,1800;-0,4000;1;0,0000;0,0000;0;1;1;3;0;0
21,2084;342,6564;12,2000;-0,5856;0,1301;0,0000;0,0000;0,0000;0,0000;0,0000;0,1626;0,1700;-0,4200;1;0,0000;0,0000;0;1;1;3;0;0
21,2223;342,6756;12,2000;-0,5759;0,1301;0,0000;0,0000;0,0000;0,0000;0,0000;0,1626;0,1500;-0,4300;1;0,0000;0,0000;0;1;1;3;0;0
21,2362;342,7227;12,2000;-0,5573;0,1300;0,0000;0,0000;0,0000;0,0000;0,0000;0,1626;0,1300;-0,4200;1;0,0000;0,0000;0;1;1;3;0;0
21,2500;342,7697;12,2000;-0,5323;0,1300;0,0000;0,0000;0,0000;0,0000;0,0000;0,1625;0,1200;-0,4200;1;0,0000;0,0000;0;1;1;3;0;0
21,2639;342,8168;12,2000;-0,5090;0,1300;0,0000;0,0000;0,0000;0,0000;0,0000;0,1625;0,1000;-0,4100;1;0,0000;0,0000;0;1;1;3;0;0
21,2778;342,8639;12,2000;-0,4835;0,1299;0,0000;0,0000;0,0000;0,0000;0,0000;0,1624;0,0900;-0,4000;1;0,0000;0,0000;0;1;1;3;0;0
21,2917;343,1127;12,2000;-0,4578;0,1299;0,0000;0,0000;0,0000;0,0000;0,0000;0,1624;0,0700;-0,3900;1;0,0000;0,0000;0;1;1;3;0;0
21,3056;343,1127;12,2000;-0,4274;0,1299;0,0000;0,0000;0,0000;0,0000;0,0000;0,1623;0,0600;-0,3700;1;0,0000;0,0000;0;1;1;3;0;0
21,3195;343,1127;12,2000;-0,3917;0,1298;0,0000;0,0000;0,0000;0,0000;0,0000;0,1623;0,0500;-0,3400;1;0,0000;0,0000;0;1;1;3;0;0
21,3334;343,1127;12,2000;-0,3584;0,1298;0,0000;0,0000;0,0000;0,0000;0,0000;0,1622;0,0300;-0,3200;1;0,0000;0,0000;0;1;1;3;0;0
21,3473;343,1127;12,2000;-0,3254;0,1297;0,0000;0,0000;0,0000;0,0000;0,0000;0,1622;0,0300;-0,3000;1;0,0000;0,0000;0;1;1;3;0;0
21,3612;343,1463;12,2000;-0,3000;0,1297;0,0000;0,0000;0,0000;0,0000;0,0000;0,1621;0,0000;-0,2800;1;0,0000;0,0000;0;1;1;3;0;0
21,3750;343,1934;12,2000;-0,2778;0,1296;0,0000;0,0000;0,0000;0,0000;0,0000;0,1621;0,0000;-0,2700;1;0,0000;0,0000;0;1;1;3;0;0
21,3889;343,2404;12,2000;-0,2447;0,1296;0,0000;0,0000;0,0000;0,0000;0,0000;0,1620;0,0000;-0,2400;1;0,0000;0,0000;0;1;1;3;0;0
21,4028;343,2875;12,2000;-0,2126;0,1296;0,0000;0,0000;0,0000;0,0000;0,0000;0,1620;0,0000;-0,2100;1;0,0000;0,0000;0;1;1;3;0;0
21,4167;343,3346;12,2000;-0,1797;0,1295;0,0000;0,0000;0,0000;0,0000;0,0000;0,1619;0,0000;-0,1900;1;0,0000;0,0000;0;1;1;3;0;0
21,4306;343,5648;12,2000;-0,1603;0,1295;0,0000;0,0000;0,0000;0,0000;0,0000;0,1619;0,0000;-0,1700;1;0,0000;0,0000;0;1;1;3;0;0
21,4445;343,5648;12,2000;-0,1432;0,1295;0,0000;0,0000;0,0000;0,0000;0,0000;0,1618;0,0000;-0,1600;1;0,0000;0,0000;0;1;1;3;0;0
21,4584;343,5648;12,2000;-0,1297;0,1294;0,0000;0,0000;0,0000;0,0000;0,0000;0,1618;0,0000;-0,1500;1;0,0000;0,0000;0;1;1;3;0;0
21,4723;343,5648;12,2000;-0,1217;0,1294;0,0000;0,0000;0,0000;0,0000;0,0000;0,1618;-0,0200;-0,1400;1;0,0000;0,0000;0;1;1;3;0;0
21,4862;343,5699;12,2000;-0,1186;0,1294;0,0000;0,0000;0,0000;0,0000;0,0000;0,1617;-0,0200;-0,1400;1;0,0000;0,0000;0;1;1;3;0;0
21,5000;343,6170;12,2000;-0,1201;0,1293;0,0000;0,0000;0,0000;0,0000;0,0000;0,1617;-0,0300;-0,1500;1;0,0000;0,0000;0;1;1;3;0;0
21,5139;343,6641;12,2000;-0,1226;0,1293;0,0000;0,0000;0,0000;0,0000;0,0000;0,1616;-0,0300;-0,1500;1;0,0000;0,0000;0;1;1;3;0;0
21,5278;343,7112;12,2000;-0,1251;0,1293;0,0000;0,0000;0,0000;0,0000;0,0000;0,1616;-0,0300;-0,1600;1;0,0000;0,0000;0;1;1;3;0;0
21,5417;343,7582;12,2000;-0,1271;0,1292;0,0000;0,0000;0,0000;0,0000;0,0000;0,1615;-0,0400;-0,1700;1;0,0000;0,0000;0;1;1;3;0;0
21,5556;344,0243;12,2000;-0,1287;0,1292;0,0000;0,0000;0,0000;0,0000;0,0000;0,1614;-0,0400;-0,1700;1;0,0000;0,0000;0;1;1;3;0;0
21,5695;344,0243;12,2000;-0,1292;0,1291;0,0000;0,0000;0,0000;0,0000;0,0000;0,1614;-0,0500;-0,1800;1;0,0000;0,0000;0;1;1;3;0;0
21,5834;344,0243;12,2000;-0,1263;0,1290;0,0000;0,0000;0,0000;0,0000;0,0000;0,1613;-0,0500;-0,1800;1;0,0000;0,0000;0;1;1;3;0;0
21,5973;344,0243;12,2000;-0,1267;0,1290;0,0000;0,0000;0,0000;0,0000;0,0000;0,1612;-0,0600;-0,1900;1;0,0000;0,0000;0;1;1;3;0;0
21,6112;344,0243;12,2000;-0,1261;0,1289;0,0000;0,0000;0,0000;0,0000;0,0000;0,1611;-0,0600;-0,1900;1;0,0000;0,0000;0;1;1;3;0;0
21,6250;344,0406;12,2000;-0,1241;0,1288;0,0000;0,0000;0,0000;0,0000;0,0000;0,1611;-0,0700;-0,1900;1;0,0000;0,0000;0;1;1;3;0;0
21,6389;344,0877;12,2000;-0,1181;0,1288;0,0000;0,0000;0,0000;0,0000;0,0000;0,1610;-0,0700;-0,1900;1;0,0000;0,0000;0;1;1;3;0;0
21,6528;344,1348;12,2000;-0,1049;0,1287;0,0000;0,0000;0,0000;0,0000;0,0000;0,1609;-0,0700;-0,1800;1;0,0000;0,0000;0;1;1;3;0;0
21,6667;344,1819;12,2000;-0,0872;0,1286;0,0000;0,0000;0,0000;0,0000;0,0000;0,1608;-0,0700;-0,1600;1;0,0000;0,0000;0;1;1;3;0;0
21,6806;344,2289;11,7000;-0,0577;0,1286;0,0000;0,0000;0,0000;0,0000;0,0000;0,1607;-0,0800;-0,1300;1;0,0000;0,0000;0;1;1;3;0;0
21,6945;344,4807;11,7000;-0,0301;0,1285;0,0000;0,0000;0,0000;0,0000;0,0000;0,1606;-0,0800;-0,1100;1;0,0000;0,0000;0;1;1;3;0;0
21,7084;344,4807;11,7000;-0,0018;0,1284;0,0000;0,0000;0,0000;0,0000;0,0000;0,1605;-0,0800;-0,0800;1;0,0000;0,0000;0;1;1;3;0;0
21,7223;344,4807;11,7000;0,0326;0,1284;0,0000;0,0000;0,0000;0,0000;0,0000;0,1605;-0,0700;-0,0400;1;0,0000;0,0000;0;1;1;3;0;0
21,7362;344,4807;11,7000;0,0566;0,1283;0,0000;0,0000;0,0000;0,0000;0,0000;0,1604;-0,0700;0,0000;1;0,0000;0,0000;0;1;1;3;0;0
21,7500;344,4807;11,7000;0,0830;0,1283;0,0000;0,0000;0,0000;0,0000;0,0000;0,1604;-0,0700;0,0000;1;0,0000;0,0000;0;1;1;3;0;0
21,7639;344,4998;11,7000;0,1035;0,1283;0,0000;0,0000;0,0000;0,0000;0,0000;0,1603;-0,0700;0,0300;1;0,0000;0,0000;0;1;1;3;0;0
21,7778;344,5449;11,7000;0,1284;0,1283;0,0000;0,0000;0,0000;0,0000;0,0000;0,1603;-0,0600;0,0700;1;0,0000;0,0000;0;1;1;3;0;0
21,7917;344,5900;11,7000;0,1557;0,1283;0,0000;0,0000;0,0000;0,0000;0,0000;0,1603;-0,0600;0,1000;1;0,0000;0,0000;0;1;1;3;0;0
21,8056;344,6352;11,7000;0,1702;0,1283;0,0000;0,0000;0,0000;0,0000;0,0000;0,1603;-0,0500;0,1200;1;0,0000;0,0000;0;1;1;3;0;0
21,8195;344,6803;11,7000;0,1765;0,1283;0,0000;0,0000;0,0000;0,0000;0,0000;0,1603;-0,0400;0,1300;1;0,0000;0,0000;0;1;1;3;0;0
21,8334;344,9340;11,7000;0,1733;0,1283;0,0000;0,0000;0,0000;0,0000;0,0000;0,1603;-0,0400;0,1300;1;0,0000;0,0000;0;1;1;3;0;0
21,8473;344,9340;11,7000;0,1615;0,1283;0,0000;0,0000;0,0000;0,0000;0,0000;0,1603;-0,0300;0,1300;1;0,0000;0,0000;0;1;1;3;0;0
21,8612;344,9340;11,7000;0,1496;0,1283;0,0000;0,0000;0,0000;0,0000;0,0000;0,1603;-0,0300;0,1200;1;0,0000;0,0000;0;1;1;3;0;0
21,8750;344,9340;11,7000;0,1430;0,1283;0,0000;0,0000;0,0000;0,0000;0,0000;0,1604;-0,0200;0,1200;1;0,0000;0,0000;0;1;1;3;0;0
21,8889;344,9340;11,7000;0,1347;0,1283;0,0000;0,0000;0,0000;0,0000;0,0000;0,1604;-0,0200;0,1100;1;0,0000;0,0000;0;1;1;3;0;0
21,9028;344,9511;11,7000;0,1298;0,1283;0,0000;0,0000;0,0000;0,0000;0,0000;0,1604;0,0000;0,1100;1;0,0000;0,0000;0;1;1;3;0;0
21,9167;344,9963;11,7000;0,1258;0,1283;0,0000;0,0000;0,0000;0,0000;0,0000;0,1604;0,0000;0,1100;1;0,0000;0,0000;0;1;1;3;0;0
21,9306;345,0414;11,7000;0,1188;0,1284;0,0000;0,0000;0,0000;0,0000;0,0000;0,1604;0,0000;0,1100;1;0,0000;0,0000;0;1;1;3;0;0
21,9445;345,0865;11,6000;0,0944;0,1284;0,0000;0,0000;0,0000;0,0000;0,0000;0,1605;0,0000;0,0900;1;0,0000;0,0000;0;1;1;3;0;0
21,9584;345,1313;11,6000;0,0535;0,1284;0,0000;0,0000;0,0000;0,0000;0,0000;0,1605;0,0000;0,0500;1;0,0000;0,0000;0;1;1;3;0;0
21,9723;345,3892;11,6000;0,0356;0,1284;0,0000;0,0000;0,0000;0,0000;0,0000;0,1605;0,0000;0,0300;1;0,0000;0,0000;0;1;1;3;0;0
21,9862;345,3892;11,6000;0,0187;0,1284;0,0000;0,0000;0,0000;0,0000;0,0000;0,1605;0,0000;0,0000;1;0,0000;0,0000;0;1;1;3;0;0
22,0000;345,3892;11,6000;0,0070;0,1284;0,0000;0,0000;0,0000;0,0000;0,0000;0,1605;0,0000;0,0000;1;0,0000;0,0000;0;1;1;3;0;0
22,0139;345,3892;11,6000;-0,0056;0,1284;0,0000;0,0000;0,0000;0,0000;0,0000;0,1604;0,0000;0,0000;1;0,0000;0,0000;0;1;1;3;0;0
22,0278;345,3892;11,6000;-0,0198;0,1283;0,0000;0,0000;0,0000;0,0000;0,0000;0,1604;0,0000;0,0000;1;0,0000;0,0000;0;1;1;3;0;0
22,0417;345,3998;11,6000;-0,0348;0,1283;0,0000;0,0000;0,0000;0,0000;0,0000;0,1604;0,0000;-0,0300;1;0,0000;0,0000;0;1;1;3;0;0
22,0556;345,4446;11,6000;-0,0467;0,1283;0,0000;0,0000;0,0000;0,0000;0,0000;0,1604;0,0000;-0,0400;1;0,0000;0,0000;0;1;1;3;0;0
22,0695;345,4893;11,6000;-0,0551;0,1283;0,0000;0,0000;0,0000;0,0000;0,0000;0,1603;0,0000;-0,0600;1;0,0000;0,0000;0;1;1;3;0;0
22,0834;345,5341;11,6000;-0,0635;0,1282;0,0000;0,0000;0,0000;0,0000;0,0000;0,1603;0,0000;-0,0700;1;0,0000;0,0000;0;1;1;3;0;0
22,0973;345,5789;11,6000;-0,0698;0,1282;0,0000;0,0000;0,0000;0,0000;0,0000;0,1603;0,0000;-0,0800;1;0,0000;0,0000;0;1;1;3;0;0
22,1112;345,8475;11,6000;-0,0770;0,1282;0,0000;0,0000;0,0000;0,0000;0,0000;0,1602;0,0000;-0,0900;1;0,0000;0,0000;0;1;1;3;0;0
22,1250;345,8475;11,6000;-0,0878;0,1281;0,0000;0,0000;0,0000;0,0000;0,0000;0,1601;0,0000;-0,1000;1;0,0000;0,0000;0;1;1;3;0;0
22,1389;345,8475;11,6000;-0,0925;0,1281;0,0000;0,0000;0,0000;0,0000;0,0000;0,1601;0,0000;-0,1100;1;0,0000;0,0000;0;1;1;3;0;0
22,1528;345,8475;11,6000;-0,0943;0,1281;0,0000;0,0000;0,0000;0,0000;0,0000;0,1601;0,0000;-0,1100;1;0,0000;0,0000;0;1;1;9;0;0
22,1667;345,8475;11,6000;-0,0853;0,1280;0,0000;0,0000;0,0000;0,0000;0,0000;0,1600;-0,0200;-0,1100;1;0,0000;0,0000;0;1;1;9;0;0
22,1806;345,8475;11,6000;-0,0722;0,1280;0,0000;0,0000;0,0000;0,0000;0,0000;0,1600;-0,0200;-0,1000;1;0,0000;0,0000;0;1;1;9;0;0
22,1945;345,8922;11,6000;-0,0520;0,1279;0,0000;0,0000;0,0000;0,0000;0,0000;0,1599;-0,0300;-0,0800;1;0,0000;0,0000;0;1;1;9;0;0
22,2084;345,9369;11,6000;-0,0103;0,1279;0,0000;0,0000;0,0000;0,0000;0,0000;0,1599;-0,0300;-0,0300;1;0,0000;0,0000;0;1;1;9;0;0
22,2223;345,9817;11,6000;0,0476;0,1279;0,0000;0,0000;0,0000;0,0000;0,0000;0,1598;-0,0300;0,0200;1;0,0000;0,0000;0;1;1;9;0;0
22,2362;346,0264;11,6000;0,1127;0,1279;0,0000;0,0000;0,0000;0,0000;0,0000;0,1598;-0,0200;0,0900;1;0,0000;0,0000;0;1;1;9;0;0
22,2500;346,0712;11,6000;0,1763;0,1279;0,0000;0,0000;0,0000;0,0000;0,0000;0,1598;0,0000;0,1600;1;0,0000;0,0000;0;1;1;9;0;0
22,2639;346,3045;11,6000;0,2289;0,1279;0,0000;0,0000;0,0000;0,0000;0,0000;0,1599;0,0000;0,2200;1;0,0000;0,0000;0;1;1;9;0;0
22,2778;346,3045;11,6000;0,2805;0,1279;0,0000;0,0000;0,0000;0,0000;0,0000;0,1599;0,0000;0,2700;1;0,0000;0,0000;0;1;1;9;0;0
22,2917;346,3045;11,6000;0,3352;0,1280;0,0000;0,0000;0,0000;0,0000;0,0000;0,1600;0,0000;0,3400;1;0,0000;0,0000;0;1;1;9;0;0
22,3056;346,3045;11,6000;0,3705;0,1281;0,0000;0,0000;0,0000;0,0000;0,0000;0,1601;0,0000;0,3900;1;0,0000;0,0000;0;1;1;9;0;0
22,3195;346,3045;11,6000;0,3990;0,1282;0,0000;0,0000;0,0000;0,0000;0,0000;0,1602;0,0300;0,4300;1;0,0000;0,0000;0;1;1;9;0;0
22,3334;346,3397;11,6000;0,4080;0,1283;0,0000;0,0000;0,0000;0,0000;0,0000;0,1604;0,0300;0,4500;1;0,0000;0,0000;0;1;1;9;0;0
22,3473;346,3844;11,6000;0,4125;0,1284;0,0000;0,0000;0,0000;0,0000;0,0000;0,1605;0,0500;0,4600;1;0,0000;0,0000;0;1;1;9;0;0
22,3612;346,4292;11,6000;0,4084;0,1285;0,0000;0,0000;0,0000;0,0000;0,0000;0,1606;0,0600;0,4700;1;0,0000;0,0000;0;1;1;9;0;0
22,3750;346,4739;11,6000;0,3927;0,1286;0,0000;0,0000;0,0000;0,0000;0,0000;0,1608;0,0700;0,4700;1;0,0000;0,0000;0;1;1;9;0;0
22,3889;346,5187;11,6000;0,3731;0,1288;0,0000;0,0000;0,0000;0,0000;0,0000;0,1610;0,0800;0,4600;1;0,0000;0,0000;0;1;1;9;0;0
22,4028;346,7606;11,6000;0,3490;0,1289;0,0000;0,0000;0,0000;0,0000;0,0000;0,1612;0,0900;0,4400;1;0,0001;0,0000;0;1;1;9;0;0
22,4167;346,7606;11,6000;0,3207;0,1291;0,0000;0,0000;0,0000;0,0000;0,0000;0,1614;0,1000;0,4300;1;0,0001;0,0000;0;1;1;9;0;0
22,4306;346,7606;11,6000;0,2868;0,1292;0,0000;0,0000;0,0000;0,0000;0,0000;0,1616;0,1100;0,4000;1;0,0001;0,0000;0;1;1;9;0;0
22,4445;346,7606;11,4000;0,2462;0,1294;0,0000;0,0000;0,0000;0,0000;0,0000;0,1617;0,1200;0,3700;1;0,0001;0,0000;0;1;1;9;0;0
22,4584;346,7606;11,4000;0,1997;0,1295;0,0000;0,0000;0,0000;0,0000;0,0000;0,1619;0,1300;0,3300;1;0,0001;0,0000;0;1;1;9;0;0
22,4723;346,7857;11,4000;0,1569;0,1297;0,0000;0,0000;0,0000;0,0000;0,0000;0,1621;0,1300;0,2900;1;0,0001;0,0000;0;1;1;9;0;0
22,4862;346,8297;11,4000;0,1122;0,1298;0,0000;0,0000;0,0000;0,0000;0,0000;0,1622;0,1400;0,2500;1;0,0001;0,0000;0;1;1;9;0;0
22,5000;346,8736;11,4000;0,0694;0,1299;0,0000;0,0000;0,0000;0,0000;0,0000;0,1624;0,1400;0,2100;1;0,0000;0,0000;0;1;1;9;0;0
22,5139;346,9176;11,4000;0,0318;0,1300;0,0000;0,0000;0,0000;0,0000;0,0000;0,1625;0,1400;0,1700;1;0,0000;0,0000;0;1;1;9;0;0
22,5278;346,9616;11,4000;-0,0004;0,1301;0,0000;0,0000;0,0000;0,0000;0,0000;0,1626;0,1400;0,1400;1;0,0000;0,0000;0;1;1;9;0;0
22,5417;347,2148;11,4000;-0,0373;0,1302;0,0000;0,0000;0,0000;0,0000;0,0000;0,1628;0,1400;0,1000;1;0,0000;0,0000;0;1;1;9;0;0
22,5556;347,2148;11,4000;-0,0812;0,1303;0,0000;0,0000;0,0000;0,0000;0,0000;0,1629;0,1400;0,0600;1;0,0000;0,0000;0;1;1;9;0;0
22,5695;347,2148;11,4000;-0,0900;0,1304;0,0000;0,0000;0,0000;0,0000;0,0000;0,1630;0,1400;0,0500;1;0,0000;0,0000;0;1;1;9;0;0
22,5834;347,2148;11,4000;-0,1746;0,1304;0,0000;0,0000;0,0000;0,0000;0,0000;0,1630;0,1300;-0,0400;1;0,0000;0,0000;0;1;1;9;0;0
22,5973;347,2148;11,4000;-0,2325;0,1305;0,0000;0,0000;0,0000;0,0000;0,0000;0,1631;0,1300;-0,1000;1;0,0000;0,0000;0;1;1;9;0;0
22,6112;347,2255;11,4000;-0,2651;0,1305;0,0000;0,0000;0,0000;0,0000;0,0000;0,1631;0,1200;-0,1400;1;0,0000;0,0000;0;1;1;9;0;0
22,6250;347,2694;11,4000;-0,2950;0,1305;0,0000;0,0000;0,0000;0,0000;0,0000;0,1631;0,1100;-0,1800;1;0,0000;0,0000;0;1;1;9;0;0
22,6389;347,3134;11,4000;-0,3296;0,1305;0,0000;0,0000;0,0000;0,0000;0,0000;0,1632;0,1000;-0,2300;1;0,0000;0,0000;0;1;1;9;0;0
22,6528;347,3574;11,4000;-0,3365;0,1305;0,0000;0,0000;0,0000;0,0000;0,0000;0,1632;0,0900;-0,2400;1;0,0000;0,0000;0;1;1;9;0;0
22,6667;347,4014;11,4000;-0,3650;0,1305;0,0000;0,0000;0,0000;0,0000;0,0000;0,1631;0,0800;-0,2800;1;0,0000;0,0000;0;1;1;9;0;0
22,6806;347,6710;11,4000;-0,4230;0,1305;0,0000;0,0000;0,0000;0,0000;0,0000;0,1631;0,0700;-0,3500;1;0,0000;0,0000;0;1;1;9;0;0
22,6945;347,6710;11,4000;-0,4610;0,1304;0,0000;0,0000;0,0000;0,0000;0,0000;0,1630;0,0600;-0,4000;1;0,0000;0,0000;0;1;1;9;0;0
22,7084;347,6710;11,4000;-0,4882;0,1304;0,0000;0,0000;0,0000;0,0000;0,0000;0,1629;0,0400;-0,4400;1;0,0000;0,0000;0;1;1;9;0;0
22,7223;347,6710;11,4000;-0,5141;0,1303;0,0000;0,0000;0,0000;0,0000;0,0000;0,1628;0,0300;-0,4800;1;0,0000;0,0000;0;1;1;9;0;0
22,7362;347,6710;11,4000;-0,5285;0,1302;0,0000;0,0000;0,0000;0,0000;0,0000;0,1627;0,0000;-0,5100;1;0,0000;0,0000;0;1;1;9;0;0
22,7500;347,6710;11,4000;-0,5358;0,1301;0,0000;0,0000;0,0000;0,0000;0,0000;0,1626;0,0000;-0,5300;1;0,0000;0,0000;0;1;1;9;0;0
22,7639;347,7092;11,4000;-0,5383;0,1300;0,0000;0,0000;0,0000;0,0000;0,0000;0,1625;0,0000;-0,5500;1;0,0000;0,0000;0;1;1;9;0;0
22,7778;347,7532;11,4000;-0,5388;0,1299;0,0000;0,0000;0,0000;0,0000;0,0000;0,1623;-0,0300;-0,5700;1;0,0000;0,0000;0;1;1;9;0;0
22,7917;347,7972;11,4000;-0,5128;0,1297;0,0000;0,0000;0,0000;0,0000;0,0000;0,1622;-0,0400;-0,5600;1;0,0000;0,0000;0;1;1;9;0;0
22,8056;347,8412;11,4000;-0,4821;0,1296;0,0000;0,0000;0,0000;0,0000;0,0000;0,1620;-0,0600;-0,5400;1;0,0000;0,0000;0;1;1;9;0;0
22,8195;347,8852;11,4000;-0,4540;0,1295;0,0000;0,0000;0,0000;0,0000;0,0000;0,1618;-0,0700;-0,5200;1;0,0000;0,0000;0;1;1;9;0;0
22,8334;348,1301;11,4000;-0,3990;0,1293;0,0000;0,0000;0,0000;0,0000;0,0000;0,1617;-0,0800;-0,4800;1;0,0000;0,0000;0;1;1;9;0;0
22,8473;348,1301;11,4000;-0,3443;0,1292;0,0000;0,0000;0,0000;0,0000;0,0000;0,1615;-0,0900;-0,4400;1;0,0000;0,0000;0;1;1;9;0;0
22,8612;348,1301;11,4000;-0,2983;0,1291;0,0000;0,0000;0,0000;0,0000;0,0000;0,1614;-0,1000;-0,4000;1;0,0000;0,0000;0;1;1;9;0;0
22,8750;348,1301;11,4000;-0,2530;0,1290;0,0000;0,0000;0,0000;0,0000;0,0000;0,1612;-0,1000;-0,3600;1;0,0000;0,0000;0;1;1;9;0;0
22,8889;348,1301;11,4000;-0,2439;0,1289;0,0000;0,0000;0,0000;0,0000;0,0000;0,1611;-0,1100;-0,3600;1;0,0000;0,0000;0;1;1;9;0;0
22,9028;348,1490;11,4000;-0,1700;0,1288;0,0000;0,0000;0,0000;0,0000;0,0000;0,1610;-0,1200;-0,2900;1;0,0000;0,0000;0;1;1;9;0;0
22,9167;348,1930;11,4000;-0,0980;0,1287;0,0000;0,0000;0,0000;0,0000;0,0000;0,1609;-0,1200;-0,2200;1;0,0000;0,0000;0;1;1;9;0;0
22,9306;348,2370;11,4000;-0,0640;0,1286;0,0000;0,0000;0,0000;0,0000;0,0000;0,1608;-0,1200;-0,1800;1;0,0000;0,0000;0;1;1;9;0;0
22,9445;348,2810;11,4000;-0,0247;0,1286;0,0000;0,0000;0,0000;0,0000;0,0000;0,1607;-0,1200;-0,1500;1;0,0000;0,0000;0;1;1;9;0;0
22,9584;348,3250;11,4000;0,0016;0,1285;0,0000;0,0000;0,0000;0,0000;0,0000;0,1606;-0,1200;-0,1200;1;0,0000;0,0000;0;1;1;9;0;0
22,9723;348,5649;11,4000;0,0068;0,1284;0,0000;0,0000;0,0000;0,0000;0,0000;0,1605;-0,1200;-0,1100;1;0,0000;0,0000;0;1;1;9;0;0
22,9862;348,5649;11,4000;0,0373;0,1284;0,0000;0,0000;0,0000;0,0000;0,0000;0,1604;-0,1200;-0,0800;1;0,0000;0,0000;0;1;1;9;0;0
23,0000;348,5649;11,4000;0,0752;0,1283;0,0000;0,0000;0,0000;0,0000;0,0000;0,1604;-0,1200;-0,0400;1;0,0000;0,0000;0;1;1;9;0;0
23,0139;348,5649;11,4000;0,0928;0,1282;0,0000;0,0000;0,0000;0,0000;0,0000;0,1603;-0,1100;0,0000;1;0,0000;0,0000;0;1;1;9;0;0
23,0278;348,5649;11,4000;0,1159;0,1282;0,0000;0,0000;0,0000;0,0000;0,0000;0,1602;-0,1100;0,0000;1;0,0000;0,0000;0;1;1;9;0;0
23,0417;348,5888;11,4000;0,1311;0,1281;0,0000;0,0000;0,0000;0,0000;0,0000;0,1602;-0,1000;0,0300;1;0,0000;0,0000;0;1;1;9;0;0
23,0556;348,6328;11,4000;0,1431;0,1281;0,0000;0,0000;0,0000;0,0000;0,0000;0,1601;-0,1000;0,0400;1;0,0000;0,0000;0;1;1;9;0;0
23,0695;348,6768;11,4000;0,1482;0,1281;0,0000;0,0000;0,0000;0,0000;0,0000;0,1601;-0,0900;0,0500;1;0,0000;0,0000;0;1;1;9;0;0
23,0834;348,7208;11,4000;0,1465;0,1281;0,0000;0,0000;0,0000;0,0000;0,0000;0,1601;-0,0900;0,0600;1;0,0000;0,0000;0;1;1;9;0;0
23,0973;348,7647;11,4000;0,1462;0,1280;0,0000;0,0000;0,0000;0,0000;0,0000;0,1600;-0,0800;0,0600;1;0,0000;0,0000;0;1;1;9;0;0
23,1112;349,0300;11,4000;0,1406;0,1280;0,0000;0,0000;0,0000;0,0000;0,0000;0,1600;-0,0800;0,0600;1;0,0000;0,0000;0;1;1;9;0;0
23,1250;349,0300;11,4000;0,1289;0,1280;0,0000;0,0000;0,0000;0,0000;0,0000;0,1600;-0,0700;0,0500;1;0,0000;0,0000;0;1;1;9;0;0
23,1389;349,0300;11,4000;0,1035;0,1280;0,0000;0,0000;0,0000;0,0000;0,0000;0,1599;-0,0700;0,0300;1;0,0000;0,0000;0;1;1;9;0;0
23,1528;349,0300;11,4000;0,0904;0,1279;0,0000;0,0000;0,0000;0,0000;0,0000;0,1599;-0,0700;0,0200;1;0,0000;0,0000;0;1;1;8;0;0
23,1667;349,0300;11,4000;0,0825;0,1279;0,0000;0,0000;0,0000;0,0000;0,0000;0,1599;-0,0700;0,0000;1;0,0000;0,0000;0;1;1;8;0;0
23,1806;349,0300;11,4000;0,0781;0,1279;0,0000;0,0000;0,0000;0,0000;0,0000;0,1598;-0,0600;0,0000;1;0,0000;0,0000;0;1;1;8;0;0
23,1945;349,0726;11,4000;0,0804;0,1279;0,0000;0,0000;0,0000;0,0000;0,0000;0,1598;-0,0600;0,0000;1;0,0000;0,0000;0;1;1;8;0;0
23,2084;349,1166;11,4000;0,0809;0,1278;0,0000;0,0000;0,0000;0,0000;0,0000;0,1598;-0,0600;0,0200;1;0,0000;0,0000;0;1;1;8;0;0
23,2223;349,1606;11,4000;0,0877;0,1278;0,0000;0,0000;0,0000;0,0000;0,0000;0,1598;-0,0500;0,0300;1;0,0000;0,0000;0;1;1;8;0;0
23,2362;349,2045;11,4000;0,1001;0,1278;0,0000;0,0000;0,0000;0,0000;0,0000;0,1597;-0,0500;0,0500;1;0,0000;0,0000;0;1;1;8;0;0
23,2500;349,2485;11,4000;0,1029;0,1278;0,0000;0,0000;0,0000;0,0000;0,0000;0,1597;-0,0400;0,0600;1;0,0000;0,0000;0;1;1;8;0;0
23,2639;349,4874;11,4000;0,0994;0,1278;0,0000;0,0000;0,0000;0,0000;0,0000;0,1597;-0,0400;0,0600;1;0,0000;0,0000;0;1;1;8;0;0
23,2778;349,4874;11,4000;0,0927;0,1277;0,0000;0,0000;0,0000;0,0000;0,0000;0,1597;-0,0400;0,0500;1;0,0000;0,0000;0;1;1;8;0;0
23,2917;349,4874;11,4000;0,0913;0,1277;0,0000;0,0000;0,0000;0,0000;0,0000;0,1597;-0,0300;0,0500;1;0,0000;0,0000;0;1;1;8;0;0
23,3056;349,4874;11,4000;0,0876;0,1277;0,0000;0,0000;0,0000;0,0000;0,0000;0,1597;-0,0300;0,0500;1;0,0000;0,0000;0;1;1;8;0;0
23,3195;349,4874;11,4000;0,0796;0,1277;0,0000;0,0000;0,0000;0,0000;0,0000;0,1596;-0,0300;0,0500;1;0,0000;0,0000;0;1;1;8;0;0
23,3334;349,5124;11,4000;0,0735;0,1277;0,0000;0,0000;0,0000;0,0000;0,0000;0,1596;-0,0300;0,0400;1;0,0000;0,0000;0;1;1;8;0;0
23,3473;349,5564;11,4000;0,0727;0,1277;0,0000;0,0000;0,0000;0,0000;0,0000;0,1596;-0,0200;0,0400;1;0,0000;0,0000;0;1;1;8;0;0
23,3612;349,6003;11,4000;0,0838;0,1277;0,0000;0,0000;0,0000;0,0000;0,0000;0,1596;-0,0200;0,0600;1;0,0000;0,0000;0;1;1;8;0;0
23,3750;349,6443;11,4000;0,0931;0,1277;0,0000;0,0000;0,0000;0,0000;0,0000;0,1596;0,0000;0,0700;1;0,0000;0,0000;0;1;1;8;0;0
23,3889;349,6883;11,4000;0,0923;0,1277;0,0000;0,0000;0,0000;0,0000;0,0000;0,1596;0,0000;0,0700;1;0,0000;0,0000;0;1;1;8;0;0
23,4028;349,9395;11,4000;0,0638;0,1277;0,0000;0,0000;0,0000;0,0000;0,0000;0,1596;0,0000;0,0500;1;0,0000;0,0000;0;1;1;8;0;0
23,4167;349,9395;11,4000;0,0581;0,1277;0,0000;0,0000;0,0000;0,0000;0,0000;0,1596;0,0000;0,0400;1;0,0000;0,0000;0;1;1;8;0;0
23,4306;349,9395;11,4000;0,0134;0,1277;0,0000;0,0000;0,0000;0,0000;0,0000;0,1596;0,0000;0,0000;1;0,0000;0,0000;0;1;1;8;0;0
23,4445;349,9395;11,9000;-0,0178;0,1277;0,0000;0,0000;0,0000;0,0000;0,0000;0,1596;0,0000;-0,0300;1;0,0000;0,0000;0;1;1;8;0;0
23,4584;349,9395;11,9000;-0,0527;0,1276;0,0000;0,0000;0,0000;0,0000;0,0000;0,1595;0,0000;-0,0600;1;0,0000;0,0000;0;1;1;8;0;0
23,4723;349,9561;11,9000;-0,0671;0,1276;0,0000;0,0000;0,0000;0,0000;0,0000;0,1595;0,0000;-0,0800;1;0,0000;0,0000;0;1;1;8;0;0
23,4862;350,0020;11,9000;-0,0700;0,1276;0,0000;0,0000;0,0000;0,0000;0,0000;0,1595;0,0000;-0,0800;1;0,0000;0,0000;0;1;1;8;0;0
23,5000;350,0479;11,9000;-0,0828;0,1275;0,0000;0,0000;0,0000;0,0000;0,0000;0,1594;0,0000;-0,1000;1;0,0000;0,0000;0;1;1;8;0;0
23,5139;350,0938;11,9000;-0,1030;0,1275;0,0000;0,0000;0,0000;0,0000;0,0000;0,1594;0,0000;-0,1200;1;0,0000;0,0000;0;1;1;8;0;0
23,5278;350,1397;11,9000;-0,1217;0,1274;0,0000;0,0000;0,0000;0,0000;0,0000;0,1593;-0,0200;-0,1400;1;0,0000;0,0000;0;1;1;8;0;0
23,5417;350,3922;11,9000;-0,1340;0,1274;0,0000;0,0000;0,0000;0,0000;0,0000;0,1593;-0,0200;-0,1600;1;0,0001;0,0000;0;1;1;8;0;0
23,5556;350,3922;11,9000;-0,1490;0,1274;0,0000;0,0000;0,0000;0,0000;0,0000;0,1592;-0,0300;-0,1800;1;0,0001;0,0000;0;1;1;8;0;0
23,5695;350,3922;11,9000;-0,1601;0,1273;0,0000;0,0000;0,0000;0,0000;0,0000;0,1592;-0,0300;-0,1900;1;0,0001;0,0000;0;1;1;8;0;0
23,5834;350,3922;11,9000;-0,1669;0,1273;0,0000;0,0000;0,0000;0,0000;0,0000;0,1591;-0,0300;-0,2000;1;0,0001;0,0000;0;1;1;8;0;0
23,5973;350,3922;11,9000;-0,1711;0,1272;0,0000;0,0000;0,0000;0,0000;0,0000;0,1590;-0,0400;-0,2100;1;0,0001;0,0000;0;1;1;8;0;0
23,6112;350,4151;11,9000;-0,1719;0,1272;0,0000;0,0000;0,0000;0,0000;0,0000;0,1590;-0,0400;-0,2200;1;0,0001;0,0000;0;1;1;8;0;0
23,6250;350,4610;11,9000;-0,1716;0,1271;0,0000;0,0000;0,0000;0,0000;0,0000;0,1589;-0,0500;-0,2200;1;0,0001;0,0000;0;1;1;8;0;0
23,6389;350,5070;11,9000;-0,1598;0,1271;0,0000;0,0000;0,0000;0,0000;0,0000;0,1588;-0,0600;-0,2200;1;0,0000;0,0000;0;1;1;8;0;0
23,6528;350,5529;11,9000;-0,1484;0,1270;0,0000;0,0000;0,0000;0,0000;0,0000;0,1588;-0,0600;-0,2100;1;0,0000;0,0000;0;1;1;8;0;0
23,6667;350,5988;11,9000;-0,1343;0,1269;0,0000;0,0000;0,0000;0,0000;0,0000;0,1587;-0,0600;-0,2000;1;0,0000;0,0000;0;1;1;8;0;0
23,6806;350,8482;11,9000;-0,1226;0,1269;0,0000;0,0000;0,0000;0,0000;0,0000;0,1586;-0,0700;-0,1900;1;0,0000;0,0000;0;1;1;8;0;0
23,6945;350,8482;11,9000;-0,1089;0,1268;0,0000;0,0000;0,0000;0,0000;0,0000;0,1585;-0,0700;-0,1800;1;0,0000;0,0000;0;1;1;8;0;0
23,7084;350,8482;11,9000;-0,0943;0,1268;0,0000;0,0000;0,0000;0,0000;0,0000;0,1584;-0,0700;-0,1700;1;0,0000;0,0000;0;1;1;8;0;0
23,7223;350,8482;11,9000;-0,0825;0,1267;0,0000;0,0000;0,0000;0,0000;0,0000;0,1584;-0,0700;-0,1600;1;0,0000;0,0000;0;1;1;8;0;0
23,7362;350,8482;11,9000;-0,0800;0,1267;0,0000;0,0000;0,0000;0,0000;0,0000;0,1583;-0,0800;-0,1600;1;0,0000;0,0000;0;1;1;8;0;0
23,7500;350,8742;11,9000;-0,0723;0,1266;0,0000;0,0000;0,0000;0,0000;0,0000;0,1582;-0,0800;-0,1500;1;0,0000;0,0000;0;1;1;8;0;0
23,7639;350,9201;11,9000;-0,0622;0,1266;0,0000;0,0000;0,0000;0,0000;0,0000;0,1582;-0,0800;-0,1400;1;0,0000;0,0000;0;1;1;8;0;0
23,7778;350,9660;11,9000;-0,0369;0,1265;0,0000;0,0000;0,0000;0,0000;0,0000;0,1581;-0,0800;-0,1200;1;0,0000;0,0000;0;1;1;8;0;0
23,7917;351,0120;11,9000;-0,0216;0,1265;0,0000;0,0000;0,0000;0,0000;0,0000;0,1581;-0,0800;-0,1000;1;0,0000;0,0000;0;1;1;8;0;0
23,8056;351,0579;11,9000;-0,0101;0,1264;0,0000;0,0000;0,0000;0,0000;0,0000;0,1581;-0,0800;-0,0900;1;0,0000;0,0000;0;1;1;8;0;0
23,8195;351,3086;11,9000;0,0043;0,1264;0,0000;0,0000;0,0000;0,0000;0,0000;0,1580;-0,0800;-0,0700;1;0,0000;0,0000;0;1;1;8;0;0
23,8334;351,3086;11,9000;0,0210;0,1264;0,0000;0,0000;0,0000;0,0000;0,0000;0,1580;-0,0800;-0,0600;1;0,0000;0,0000;0;1;1;8;0;0
23,8473;351,3086;11,9000;0,0243;0,1264;0,0000;0,0000;0,0000;0,0000;0,0000;0,1580;-0,0800;-0,0500;1;0,0000;0,0000;0;1;1;8;0;0
23,8612;351,3086;11,9000;0,0407;0,1263;0,0000;0,0000;0,0000;0,0000;0,0000;0,1579;-0,0700;-0,0300;1;0,0000;0,0000;0;1;1;8;0;0
23,8750;351,3086;11,9000;0,0730;0,1263;0,0000;0,0000;0,0000;0,0000;0,0000;0,1579;-0,0700;0,0000;1;0,0000;0,0000;0;1;1;8;0;0
23,8889;351,3333;11,9000;0,0894;0,1263;0,0000;0,0000;0,0000;0,0000;0,0000;0,1579;-0,0700;0,0200;1;0,0000;0,0000;0;1;1;8;0;0
23,9028;351,3792;11,9000;0,1067;0,1263;0,0000;0,0000;0,0000;0,0000;0,0000;0,1579;-0,0600;0,0400;1;0,0000;0,0000;0;1;1;8;0;0
23,9167;351,4252;11,9000;0,1189;0,1263;0,0000;0,0000;0,0000;0,0000;0,0000;0,1579;-0,0600;0,0600;1;0,0000;0,0000;0;1;1;8;0;0
23,9306;351,4711;11,9000;0,1212;0,1263;0,0000;0,0000;0,0000;0,0000;0,0000;0,1579;-0,0600;0,0600;1;0,0000;0,0000;0;1;1;8;0;0
23,9445;351,5170;11,9000;0,1296;0,1263;0,0000;0,0000;0,0000;0,0000;0,0000;0,1579;-0,0500;0,0700;1;0,0000;0,0000;0;1;1;8;0;0
23,9584;351,7617;11,9000;0,1364;0,1263;0,0000;0,0000;0,0000;0,0000;0,0000;0,1579;-0,0500;0,0900;1;0,0000;0,0000;0;1;1;8;0;0
23,9723;351,7617;11,9000;0,1429;0,1263;0,0000;0,0000;0,0000;0,0000;0,0000;0,1579;-0,0400;0,1000;1;0,0000;0,0000;0;1;1;8;0;0
23,9862;351,7617;11,9000;0,1447;0,1263;0,0000;0,0000;0,0000;0,0000;0,0000;0,1579;-0,0400;0,1000;1;0,0000;0,0000;0;1;1;8;0;0
24,0000;351,7617;11,9000;0,1435;0,1263;0,0000;0,0000;0,0000;0,0000;0,0000;0,1579;-0,0300;0,1000;1;0,0000;0,0000;0;1;1;8;0;0
24,0139;351,7617;11,9000;0,1425;0,1264;0,0000;0,0000;0,0000;0,0000;0,0000;0,1580;-0,0300;0,1100;1;0,0000;0,0000;0;1;1;8;0;0
24,0278;351,7924;11,9000;0,1425;0,1264;0,0000;0,0000;0,0000;0,0000;0,0000;0,1580;-0,0300;0,1100;1;0,0000;0,0000;0;1;1;8;0;0
24,0417;351,8383;11,9000;0,1433;0,1264;0,0000;0,0000;0,0000;0,0000;0,0000;0,1580;-0,0200;0,1200;1;0,0000;0,0000;0;1;1;8;0;0
24,0556;351,8843;11,9000;0,1434;0,1264;0,0000;0,0000;0,0000;0,0000;0,0000;0,1580;-0,0200;0,1200;1;0,0000;0,0000;0;1;1;8;0;0
24,0695;351,9302;11,9000;0,1462;0,1264;0,0000;0,0000;0,0000;0,0000;0,0000;0,1581;0,0000;0,1300;1;0,0000;0,0000;0;1;1;8;0;0
24,0834;351,9761;11,9000;0,1487;0,1265;0,0000;0,0000;0,0000;0,0000;0,0000;0,1581;0,0000;0,1400;1;0,0000;0,0000;0;1;1;8;0;0
24,0973;352,2172;11,9000;0,1561;0,1265;0,0000;0,0000;0,0000;0,0000;0,0000;0,1581;0,0000;0,1500;1;0,0000;0,0000;0;1;1;8;0;0
24,1112;352,2172;11,9000;0,1627;0,1265;0,0000;0,0000;0,0000;0,0000;0,0000;0,1581;0,0000;0,1600;1;0,0000;0,0000;0;1;1;8;0;0
24,1250;352,2172;11,9000;0,1749;0,1266;0,0000;0,0000;0,0000;0,0000;0,0000;0,1582;0,0000;0,1800;1;0,0000;0,0000;0;1;1;8;0;0
24,1389;352,2172;11,9000;0,1879;0,1266;0,0000;0,0000;0,0000;0,0000;0,0000;0,1582;0,0000;0,2000;1;0,0000;0,0000;0;1;1;8;0;0
24,1528;352,2172;11,9000;0,2023;0,1267;0,0000;0,0000;0,0000;0,0000;0,0000;0,1583;0,0000;0,2200;1;0,0000;0,0000;0;1;1;8;0;0
24,1667;352,2516;11,9000;0,2054;0,1267;0,0000;0,0000;0,0000;0,0000;0,0000;0,1584;0,0200;0,2300;1;0,0000;0,0000;0;1;1;4;0;0
24,1806;352,2975;11,8000;0,2198;0,1268;0,0000;0,0000;0,0000;0,0000;0,0000;0,1585;0,0300;0,2500;1;0,0000;0,0000;0;1;1;4;0;0
24,1945;352,3430;11,8000;0,2409;0,1268;0,0000;0,0000;0,0000;0,0000;0,0000;0,1586;0,0400;0,2800;1;0,0000;0,0000;0;1;1;4;0;0
24,2084;352,3885;11,8000;0,2522;0,1269;0,0000;0,0000;0,0000;0,0000;0,0000;0,1587;0,0500;0,3000;1;0,0000;0,0000;0;1;1;4;0;0
24,2223;352,4340;11,8000;0,2582;0,1270;0,0000;0,0000;0,0000;0,0000;0,0000;0,1588;0,0600;0,3100;1;0,0000;0,0000;0;1;1;4;0;0
24,2362;352,6772;11,8000;0,2618;0,1271;0,0000;0,0000;0,0000;0,0000;0,0000;0,1589;0,0600;0,3300;1;0,0000;0,0000;0;1;1;4;0;0
24,2500;352,6772;11,8000;0,2622;0,1272;0,0000;0,0000;0,0000;0,0000;0,0000;0,1590;0,0700;0,3300;1;0,0000;0,0000;0;1;1;4;0;0
24,2639;352,6772;11,8000;0,2646;0,1273;0,0000;0,0000;0,0000;0,0000;0,0000;0,1592;0,0800;0,3500;1;0,0000;0,0000;0;1;1;4;0;0
24,2778;352,6772;11,8000;0,2669;0,1274;0,0000;0,0000;0,0000;0,0000;0,0000;0,1593;0,0900;0,3600;1;0,0000;0,0000;0;1;1;4;0;0
24,2917;352,6772;11,8000;0,2662;0,1275;0,0000;0,0000;0,0000;0,0000;0,0000;0,1594;0,1000;0,3600;1;0,0000;0,0000;0;1;1;4;0;0
24,3056;352,7072;11,8000;0,2654;0,1277;0,0000;0,0000;0,0000;0,0000;0,0000;0,1596;0,1100;0,3700;1;0,0000;0,0000;0;1;1;4;0;0
24,3195;352,7527;11,8000;0,2655;0,1278;0,0000;0,0000;0,0000;0,0000;0,0000;0,1597;0,1200;0,3800;1;0,0000;0,0000;0;1;1;4;0;0
24,3334;352,7982;11,8000;0,2687;0,1279;0,0000;0,0000;0,0000;0,0000;0,0000;0,1599;0,1200;0,3900;1;0,0000;0,0000;0;1;1;4;0;0
24,3473;352,8438;11,8000;0,2679;0,1281;0,0000;0,0000;0,0000;0,0000;0,0000;0,1601;0,1300;0,4000;1;0,0000;0,0000;0;1;1;4;0;0
24,3612;352,8893;11,8000;0,2678;0,1282;0,0000;0,0000;0,0000;0,0000;0,0000;0,1603;0,1400;0,4100;1;0,0000;0,0000;0;1;1;4;0;0
24,3750;353,1293;11,8000;0,2659;0,1284;0,0000;0,0000;0,0000;0,0000;0,0000;0,1605;0,1500;0,4100;1;0,0000;0,0000;0;1;1;4;0;0
24,3889;353,1293;11,8000;0,2645;0,1285;0,0000;0,0000;0,0000;0,0000;0,0000;0,1607;0,1600;0,4200;1;0,0000;0,0000;0;1;1;4;0;0
24,4028;353,1293;11,8000;0,2642;0,1287;0,0000;0,0000;0,0000;0,0000;0,0000;0,1609;0,1700;0,4300;1;0,0000;0,0000;0;1;1;4;0;0
24,4167;353,1293;11,8000;0,2609;0,1289;0,0000;0,0000;0,0000;0,0000;0,0000;0,1611;0,1700;0,4400;1;0,0000;0,0000;0;1;1;4;0;0
24,4306;353,1293;11,8000;0,2591;0,1290;0,0000;0,0000;0,0000;0,0000;0,0000;0,1613;0,1800;0,4400;1;0,0000;0,0000;0;1;1;4;0;0
24,4445;353,1624;11,8000;0,2588;0,1292;0,0000;0,0000;0,0000;0,0000;0,0000;0,1615;0,1900;0,4500;1;0,0000;0,0000;0;1;1;4;0;0
24,4584;353,2079;11,8000;0,2605;0,1294;0,0000;0,0000;0,0000;0,0000;0,0000;0,1617;0,2000;0,4600;1;0,0000;0,0000;0;1;1;4;0;0
24,4723;353,2534;11,8000;0,2608;0,1296;0,0000;0,0000;0,0000;0,0000;0,0000;0,1619;0,2100;0,4700;1;0,0000;0,0000;0;1;1;4;0;0
24,4862;353,2990;11,8000;0,2636;0,1298;0,0000;0,0000;0,0000;0,0000;0,0000;0,1622;0,2200;0,4800;1;0,0000;0,0000;0;1;1;4;0;0
24,5000;353,3445;11,8000;0,2681;0,1299;0,0000;0,0000;0,0000;0,0000;0,0000;0,1624;0,2200;0,4900;1;0,0000;0,0000;0;1;1;4;0;0
24,5139;353,5873;11,8000;0,2894;0,1301;0,0000;0,0000;0,0000;0,0000;0,0000;0,1627;0,2300;0,5200;1;0,0000;0,0000;0;1;1;4;0;0
24,5278;353,5873;11,8000;0,3052;0,1303;0,0000;0,0000;0,0000;0,0000;0,0000;0,1629;0,2400;0,5500;1;0,0000;0,0000;0;1;1;4;0;0
24,5417;353,5873;11,8000;0,3262;0,1306;0,0000;0,0000;0,0000;0,0000;0,0000;0,1632;0,2500;0,5800;1;0,0000;0,0000;0;1;1;4;0;0
24,5556;353,5873;11,8000;0,3304;0,1308;0,0000;0,0000;0,0000;0,0000;0,0000;0,1635;0,2600;0,5900;1;0,0000;0,0000;0;1;1;4;0;0
24,5695;353,5873;11,8000;0,3522;0,1310;0,0000;0,0000;0,0000;0,0000;0,0000;0,1638;0,2700;0,6200;1;0,0000;0,0000;0;1;1;4;0;0
24,5834;353,6176;11,8000;0,3750;0,1313;0,0000;0,0000;0,0000;0,0000;0,0000;0,1641;0,2800;0,6600;1;0,0000;0,0000;0;1;1;4;0;0
24,5973;353,6631;11,8000;0,3933;0,1315;0,0000;0,0000;0,0000;0,0000;0,0000;0,1644;0,2900;0,6900;1;0,0000;0,0000;0;1;1;4;0;0
24,6112;353,7087;11,8000;0,4189;0,1318;0,0000;0,0000;0,0000;0,0000;0,0000;0,1648;0,3000;0,7200;1;0,0000;0,0000;0;1;1;4;0;0
24,6250;353,7542;11,8000;0,4339;0,1321;0,0000;0,0000;0,0000;0,0000;0,0000;0,1651;0,3200;0,7500;1;0,0000;0,0000;0;1;1;4;0;0
24,6389;353,7997;11,8000;0,4369;0,1324;0,0000;0,0000;0,0000;0,0000;0,0000;0,1655;0,3300;0,7700;1;0,0000;0,0000;0;1;1;4;0;0
24,6528;354,0421;11,8000;0,4536;0,1327;0,0000;0,0000;0,0000;0,0000;0,0000;0,1659;0,3400;0,8000;1;0,0000;0,0000;0;1;1;4;0;0
24,6667;354,0421;11,8000;0,4677;0,1330;0,0000;0,0000;0,0000;0,0000;0,0000;0,1663;0,3600;0,8200;1;0,0000;0,0000;0;1;1;4;0;0
24,6806;354,0421;11,8000;0,4919;0,1334;0,0000;0,0000;0,0000;0,0000;0,0000;0,1667;0,3700;0,8600;1;0,0000;0,0000;0;1;1;4;0;0
24,6945;354,0421;11,8000;0,5200;0,1337;0,0000;0,0000;0,0000;0,0000;0,0000;0,1671;0,3900;0,9100;1;0,0000;0,0000;0;1;1;4;0;0
24,7084;354,0421;11,8000;0,5427;0,1341;0,0000;0,0000;0,0000;0,0000;0,0000;0,1676;0,4000;0,9400;1;0,0000;0,0000;0;1;1;4;0;0
24,7223;354,0729;11,8000;0,5666;0,1345;0,0000;0,0000;0,0000;0,0000;0,0000;0,1681;0,4200;0,9900;1;0,0000;0,0000;0;1;1;4;0;0
24,7362;354,1184;11,8000;0,5789;0,1349;0,0000;0,0000;0,0000;0,0000;0,0000;0,1686;0,4400;1,0100;1;0,0000;0,0000;0;1;1;4;0;0
24,7500;354,1639;11,8000;0,5896;0,1353;0,0000;0,0000;0,0000;0,0000;0,0000;0,1691;0,4500;1,0400;1;0,0000;0,0000;0;1;1;4;0;0
24,7639;354,2094;11,8000;0,6006;0,1357;0,0000;0,0000;0,0000;0,0000;0,0000;0,1696;0,4700;1,0700;1;0,0000;0,0000;0;1;1;4;0;0
24,7778;354,2550;11,8000;0,6146;0,1361;0,0000;0,0000;0,0000;0,0000;0,0000;0,1701;0,4900;1,1000;1;0,0000;0,0000;0;1;1;4;0;0
24,7917;354,4985;11,8000;0,6269;0,1366;0,0000;0,0000;0,0000;0,0000;0,0000;0,1707;0,5100;1,1300;1;0,0000;0,0000;0;1;1;4;0;0
24,8056;354,4985;11,8000;0,6339;0,1371;0,0000;0,0000;0,0000;0,0000;0,0000;0,1714;0,5300;1,1600;1;0,0000;0,0000;0;1;1;4;0;0
24,8195;354,4985;11,8000;0,6409;0,1376;0,0000;0,0000;0,0000;0,0000;0,0000;0,1720;0,5500;1,1900;1;0,0000;0,0000;0;1;1;4;0;0
24,8334;354,4985;11,8000;0,6458;0,1381;0,0000;0,0000;0,0000;0,0000;0,0000;0,1727;0,5700;1,2100;1;0,0000;0,0000;0;1;1;4;0;0
24,8473;354,4985;11,8000;0,6470;0,1387;0,0000;0,0000;0,0000;0,0000;0,0000;0,1733;0,5900;1,2400;1;0,0000;0,0000;0;1;1;4;0;0
24,8612;354,5281;11,8000;0,6476;0,1392;0,0000;0,0000;0,0000;0,0000;0,0000;0,1740;0,6100;1,2600;1;0,0000;0,0000;0;1;1;4;0;0
24,8750;354,5736;11,8000;0,6449;0,1398;0,0000;0,0000;0,0000;0,0000;0,0000;0,1747;0,6300;1,2700;1;0,0000;0,0000;0;1;1;4;0;0
24,8889;354,6191;11,8000;0,6400;0,1404;0,0000;0,0000;0,0000;0,0000;0,0000;0,1754;0,6500;1,2900;1;0,0000;0,0000;0;1;1;4;0;0
24,9028;354,6647;11,8000;0,6333;0,1409;0,0000;0,0000;0,0000;0,0000;0,0000;0,1762;0,6700;1,3000;1;0,0000;0,0000;0;1;1;4;0;0
24,9167;354,7102;11,8000;0,6264;0,1415;0,0000;0,0000;0,0000;0,0000;0,0000;0,1769;0,6900;1,3100;1;0,0000;0,0000;0;1;1;4;0;0
24,9306;354,9547;11,8000;0,6221;0,1422;0,0000;0,0000;0,0000;0,0000;0,0000;0,1777;0,7100;1,3300;1;0,0000;0,0000;0;1;1;4;0;0
24,9445;354,9547;11,5000;0,6198;0,1428;0,0000;0,0000;0,0000;0,0000;0,0000;0,1785;0,7300;1,3500;1;0,0000;0,0000;0;1;1;4;0;0
24,9584;354,9547;11,5000;0,6162;0,1434;0,0000;0,0000;0,0000;0,0000;0,0000;0,1792;0,7500;1,3600;1;0,0000;0,0000;0;1;1;4;0;0
24,9723;354,9547;11,5000;0,6135;0,1440;0,0000;0,0000;0,0000;0,0000;0,0000;0,1800;0,7600;1,3800;1;0,0000;0,0000;0;1;1;4;0;0
24,9862;354,9547;11,5000;0,6081;0,1447;0,0000;0,0000;0,0000;0,0000;0,0000;0,1808;0,7800;1,3900;1;0,0000;0,0000;0;1;1;4;0;0
25,0000;354,9787;11,5000;0,5977;0,1453;0,0000;0,0000;0,0000;0,0000;0,0000;0,1816;0,8000;1,4000;1;0,0000;0,0000;0;1;1;4;0;0
25,0139;355,0230;11,5000;0,5857;0,1460;0,0000;0,0000;0,0000;0,0000;0,0000;0,1824;0,8200;1,4000;1;0,0000;0,0000;0;1;1;4;0;0
25,0278;355,0674;11,5000;0,5681;0,1466;0,0000;0,0000;0,0000;0,0000;0,0000;0,1833;0,8400;1,4000;1;0,0000;0,0000;0;1;1;4;0;0
25,0417;355,1118;11,5000;0,5536;0,1473;0,0000;0,0000;0,0000;0,0000;0,0000;0,1841;0,8500;1,4100;1;0,0000;0,0000;0;1;1;4;0;0
25,0556;355,1561;11,5000;0,5239;0,1480;0,0000;0,0000;0,0000;0,0000;0,0000;0,1850;0,8700;1,3900;1;0,0000;0,0000;0;1;1;4;0;0
25,0695;355,4105;11,5000;0,4887;0,1486;0,0000;0,0000;0,0000;0,0000;0,0000;0,1858;0,8800;1,3700;1;0,0000;0,0000;0;1;1;4;0;0
25,0834;355,4105;11,5000;0,4552;0,1493;0,0000;0,0000;0,0000;0,0000;0,0000;0,1866;0,9000;1,3500;1;0,0000;0,0000;0;1;1;4;0;0
25,0973;355,4105;11,5000;0,4173;0,1500;0,0000;0,0000;0,0000;0,0000;0,0000;0,1875;0,9100;1,3300;1;0,0000;0,0000;0;1;1;4;0;0
25,1112;355,4105;11,5000;0,3737;0,1507;0,0000;0,0000;0,0000;0,0000;0,0000;0,1883;0,9200;1,3000;1;0,0000;0,0000;0;1;1;4;0;0
25,1250;355,4105;11,5000;0,3340;0,1513;0,0000;0,0000;0,0000;0,0000;0,0000;0,1892;0,9300;1,2700;1;0,0000;0,0000;0;1;1;4;0;0
25,1389;355,4223;11,5000;0,2851;0,1520;0,0000;0,0000;0,0000;0,0000;0,0000;0,1900;0,9400;1,2300;1;0,0000;0,0000;0;1;1;4;0;0
25,1528;355,4667;11,5000;0,2195;0,1526;0,0000;0,0000;0,0000;0,0000;0,0000;0,1908;0,9500;1,1700;1;0,0000;0,0000;0;1;1;4;0;0
25,1667;355,5110;11,5000;0,1759;0,1533;0,0000;0,0000;0,0000;0,0000;0,0000;0,1916;0,9600;1,1300;1;0,0000;0,0000;0;1;1;4;0;0
25,1806;355,5554;11,5000;0,1230;0,1539;0,0000;0,0000;0,0000;0,0000;0,0000;0,1924;0,9600;1,0800;1;0,0000;0,0000;0;1;1;7;0;0
25,1945;355,5998;11,5000;0,0692;0,1545;0,0000;0,0000;0,0000;0,0000;0,0000;0,1932;0,9600;1,0300;1;0,0000;0,0000;0;1;1;7;0;0
25,2084;355,8668;11,5000;0,0048;0,1552;0,0000;0,0000;0,0000;0,0000;0,0000;0,1939;0,9600;0,9700;1;0,0000;0,0000;0;1;1;7;0;0
25,2223;355,8668;11,5000;-0,0697;0,1557;0,0000;0,0000;0,0000;0,0000;0,0000;0,1947;0,9600;0,8900;1;0,0000;0,0000;0;1;1;7;0;0
25,2362;355,8668;11,5000;-0,1418;0,1563;0,0000;0,0000;0,0000;0,0000;0,0000;0,1954;0,9600;0,8200;1;0,0000;0,0000;0;1;1;7;0;0
25,2500;355,8668;11,5000;-0,2134;0,1569;0,0000;0,0000;0,0000;0,0000;0,0000;0,1961;0,9500;0,7400;1;0,0000;0,0000;0;1;1;7;0;0
25,2639;355,8668;11,5000;-0,2775;0,1574;0,0000;0,0000;0,0000;0,0000;0,0000;0,1968;0,9400;0,6700;1;0,0000;0,0000;0;1;1;7;0;0
25,2778;355,8668;11,5000;-0,3387;0,1579;0,0000;0,0000;0,0000;0,0000;0,0000;0,1974;0,9300;0,6000;1;0,0000;0,0000;0;1;1;7;0;0
25,2917;355,9103;11,5000;-0,4113;0,1584;0,0000;0,0000;0,0000;0,0000;0,0000;0,1981;0,9200;0,5100;1;0,0000;0,0000;0;1;1;7;0;0
25,3056;355,9547;11,5000;-0,4655;0,1589;0,0000;0,0000;0,0000;0,0000;0,0000;0,1986;0,9100;0,4400;1;0,0000;0,0000;0;1;1;7;0;0
25,3195;355,9990;11,5000;-0,5140;0,1594;0,0000;0,0000;0,0000;0,0000;0,0000;0,1992;0,9000;0,3800;1;0,0000;0,0000;0;1;1;7;0;0
25,3334;356,0434;11,5000;-0,5761;0,1598;0,0000;0,0000;0,0000;0,0000;0,0000;0,1998;0,8800;0,3000;1;0,0000;0,0000;0;1;1;7;0;0
25,3473;356,0878;11,5000;-0,6312;0,1602;0,0000;0,0000;0,0000;0,0000;0,0000;0,2003;0,8600;0,2300;1;0,0000;0,0000;0;1;1;7;0;0
25,3612;356,3227;11,5000;-0,6759;0,1606;0,0000;0,0000;0,0000;0,0000;0,0000;0,2007;0,8400;0,1700;1;0,0000;0,0000;0;1;1;7;0;0
25,3750;356,3227;11,5000;-0,7191;0,1609;0,0000;0,0000;0,0000;0,0000;0,0000;0,2012;0,8200;0,1000;1;0,0000;0,0000;0;1;1;7;0;0
25,3889;356,3227;11,5000;-0,7495;0,1612;0,0000;0,0000;0,0000;0,0000;0,0000;0,2016;0,8000;0,0500;1;0,0000;0,0000;0;1;1;7;0;0
25,4028;356,3227;11,5000;-0,7743;0,1616;0,0000;0,0000;0,0000;0,0000;0,0000;0,2019;0,7800;0,0000;1;0,0000;0,0000;0;1;1;7;0;0
25,4167;356,3227;11,5000;-0,7887;0,1618;0,0000;0,0000;0,0000;0,0000;0,0000;0,2023;0,7500;-0,0300;1;0,0000;0,0000;0;1;1;7;0;0
25,4306;356,3540;11,5000;-0,8014;0,1621;0,0000;0,0000;0,0000;0,0000;0,0000;0,2026;0,7300;-0,0700;1;0,0000;0,0000;0;1;1;7;0;0
25,4445;356,3983;11,5000;-0,8090;0,1624;0,0000;0,0000;0,0000;0,0000;0,0000;0,2029;0,7100;-0,1000;1;0,0000;0,0000;0;1;1;7;0;0
25,4584;356,4427;11,5000;-0,8163;0,1626;0,0000;0,0000;0,0000;0,0000;0,0000;0,2032;0,6800;-0,1300;1;0,0000;0,0000;0;1;1;7;0;0
25,4723;356,4871;11,5000;-0,8232;0,1628;0,0000;0,0000;0,0000;0,0000;0,0000;0,2035;0,6600;-0,1600;1;0,0000;0,0000;0;1;1;7;0;0
25,4862;356,5314;11,5000;-0,8325;0,1630;0,0000;0,0000;0,0000;0,0000;0,0000;0,2038;0,6400;-0,2000;1;0,0000;0,0000;0;1;1;7;0;0
25,5000;356,7784;11,5000;-0,8427;0,1632;0,0000;0,0000;0,0000;0,0000;0,0000;0,2040;0,6100;-0,2300;1;0,0000;0,0000;0;1;1;7;0;0
25,5139;356,7784;11,5000;-0,8511;0,1633;0,0000;0,0000;0,0000;0,0000;0,0000;0,2042;0,5900;-0,2600;1;0,0000;0,0000;0;1;1;7;0;0
25,5278;356,7784;11,5000;-0,8558;0,1635;0,0000;0,0000;0,0000;0,0000;0,0000;0,2044;0,5600;-0,2900;1;0,0000;0,0000;0;1;1;7;0;0
25,5417;356,7784;11,5000;-0,8569;0,1636;0,0000;0,0000;0,0000;0,0000;0,0000;0,2045;0,5400;-0,3200;1;0,0000;0,0000;0;1;1;7;0;0
25,5556;356,7784;11,5000;-0,8499;0,1637;0,0000;0,0000;0,0000;0,0000;0,0000;0,2047;0,5100;-0,3400;1;0,0000;0,0000;0;1;1;7;0;0
25,5695;356,7976;11,5000;-0,8392;0,1638;0,0000;0,0000;0,0000;0,0000;0,0000;0,2048;0,4900;-0,3500;1;0,0000;0,0000;0;1;1;7;0;0
25,5834;356,8420;11,5000;-0,8176;0,1639;0,0000;0,0000;0,0000;0,0000;0,0000;0,2049;0,4600;-0,3500;1;0,0000;0,0000;0;1;1;7;0;0
25,5973;356,8864;11,5000;-0,7880;0,1640;0,0000;0,0000;0,0000;0,0000;0,0000;0,2050;0,4400;-0,3500;1;0,0000;0,0000;0;1;1;7;0;0
25,6112;356,9307;11,5000;-0,7435;0,1641;0,0000;0,0000;0,0000;0,0000;0,0000;0,2051;0,4200;-0,3200;1;0,0000;0,0000;0;1;1;7;0;0
25,6250;356,9751;11,5000;-0,6755;0,1642;0,0000;0,0000;0,0000;0,0000;0,0000;0,2053;0,4000;-0,2800;1;0,0000;0,0000;0;1;1;7;0;0
25,6389;357,2350;11,5000;-0,6139;0,1643;0,0000;0,0000;0,0000;0,0000;0,0000;0,2054;0,3800;-0,2300;1;0,0000;0,0000;0;1;1;7;0;0
25,6528;357,2350;11,5000;-0,5412;0,1644;0,0000;0,0000;0,0000;0,0000;0,0000;0,2055;0,3700;-0,1700;1;0,0000;0,0000;0;1;1;7;0;0
25,6667;357,2350;11,5000;-0,4631;0,1645;0,0000;0,0000;0,0000;0,0000;0,0000;0,2057;0,3500;-0,1100;1;0,0000;0,0000;0;1;1;7;0;0
25,6806;357,2350;11,5000;-0,3559;0,1646;0,0000;0,0000;0,0000;0,0000;0,0000;0,2058;0,3400;0,0000;1;0,0000;0,0000;0;1;1;7;0;0
25,6945;357,2350;11,5000;-0,2551;0,1648;0,0000;0,0000;0,0000;0,0000;0,0000;0,2060;0,3400;0,0800;1;0,0000;0,0000;0;1;1;7;0;0
25,7084;357,2413;11,5000;-0,1479;0,1649;0,0000;0,0000;0,0000;0,0000;0,0000;0,2062;0,3300;0,1800;1;0,0000;0,0000;0;1;1;7;0;0
25,7223;357,2856;11,5000;-0,0460;0,1651;0,0000;0,0000;0,0000;0,0000;0,0000;0,2064;0,3300;0,2900;1;0,0000;0,0000;0;1;1;7;0;0
25,7362;357,3300;11,5000;0,0471;0,1654;0,0000;0,0000;0,0000;0,0000;0,0000;0,2067;0,3300;0,3800;1;0,0000;0,0000;0;1;1;7;0;0
25,7500;357,3744;11,5000;0,1771;0,1656;0,0000;0,0000;0,0000;0,0000;0,0000;0,2070;0,3400;0,5200;1;0,0000;0,0000;0;1;1;7;0;0
25,7639;357,4187;11,5000;0,2632;0,1659;0,0000;0,0000;0,0000;0,0000;0,0000;0,2073;0,3500;0,6100;1;0,0000;0,0000;0;1;1;7;0;0
25,7778;357,6902;11,5000;0,3358;0,1662;0,0000;0,0000;0,0000;0,0000;0,0000;0,2077;0,3600;0,6900;1;0,0000;0,0000;0;1;1;7;0;0
25,7917;357,6902;11,5000;0,3902;0,1665;0,0000;0,0000;0,0000;0,0000;0,0000;0,2081;0,3700;0,7600;1;0,0000;0,0000;0;1;1;7;0;0
25,8056;357,6902;11,5000;0,4950;0,1668;0,0000;0,0000;0,0000;0,0000;0,0000;0,2085;0,3800;0,8800;1;0,0000;0,0000;0;1;1;7;0;0
25,8195;357,6902;11,5000;0,5903;0,1672;0,0000;0,0000;0,0000;0,0000;0,0000;0,2090;0,4000;0,9900;1;0,0000;0,0000;0;1;1;7;0;0
25,8334;357,6902;11,5000;0,6635;0,1676;0,0000;0,0000;0,0000;0,0000;0,0000;0,2095;0,4200;1,0900;1;0,0000;0,0000;0;1;1;7;0;0
25,8473;357,6902;11,5000;0,7027;0,1680;0,0000;0,0000;0,0000;0,0000;0,0000;0,2100;0,4400;1,1500;1;0,0000;0,0000;0;1;1;7;0;0
25,8612;357,7293;11,5000;0,7499;0,1685;0,0000;0,0000;0,0000;0,0000;0,0000;0,2106;0,4700;1,2200;1;0,0000;0,0000;0;1;1;7;0;0
25,8750;357,7737;11,5000;0,7927;0,1690;0,0000;0,0000;0,0000;0,0000;0,0000;0,2112;0,4900;1,2800;1;0,0000;0,0000;0;1;1;7;0;0
25,8889;357,8180;11,5000;0,8281;0,1694;0,0000;0,0000;0,0000;0,0000;0,0000;0,2118;0,5200;1,3400;1;0,0000;0,0000;0;1;1;7;0;0
25,9028;357,8624;11,5000;0,8663;0,1700;0,0000;0,0000;0,0000;0,0000;0,0000;0,2125;0,5400;1,4100;1;0,0000;0,0000;0;1;1;7;0;0
25,9167;357,9067;11,5000;0,8936;0,1705;0,0000;0,0000;0,0000;0,0000;0,0000;0,2131;0,5700;1,4600;1;0,0000;0,0000;0;1;1;7;0;0
25,9306;358,1472;11,5000;0,9050;0,1711;0,0000;0,0000;0,0000;0,0000;0,0000;0,2138;0,6000;1,5000;1;0,0000;0,0000;0;1;1;7;0;0
25,9445;358,1472;11,5000;0,9173;0,1717;0,0000;0,0000;0,0000;0,0000;0,0000;0,2146;0,6200;1,5400;1;0,0000;0,0000;0;1;1;7;0;0
25,9584;358,1472;11,3000;0,9243;0,1723;0,0000;0,0000;0,0000;0,0000;0,0000;0,2154;0,6500;1,5800;1;0,0000;0,0000;0;1;1;7;0;0
25,9723;358,1472;11,3000;0,9263;0,1729;0,0000;0,0000;0,0000;0,0000;0,0000;0,2162;0,6800;1,6000;1;0,0000;0,0000;0;1;1;7;0;0
25,9862;358,1472;11,3000;0,9218;0,1736;0,0000;0,0000;0,0000;0,0000;0,0000;0,2170;0,7100;1,6300;1;0,0000;0,0000;0;1;1;7;0;0
26,0000;358,1706;11,3000;0,9060;0,1743;0,0000;0,0000;0,0000;0,0000;0,0000;0,2178;0,7300;1,6400;1;0,0000;0,0000;0;1;1;7;0;0
26,0139;358,2142;11,3000;0,8829;0,1749;0,0000;0,0000;0,0000;0,0000;0,0000;0,2187;0,7600;1,6400;1;0,0000;0,0000;0;1;1;7;0;0
26,0278;358,2578;11,3000;0,8477;0,1756;0,0000;0,0000;0,0000;0,0000;0,0000;0,2195;0,7800;1,6300;1;0,0000;0,0000;0;1;1;7;0;0
26,0417;358,3014;11,3000;0,7973;0,1763;0,0000;0,0000;0,0000;0,0000;0,0000;0,2204;0,8100;1,6100;1;0,0000;0,0000;0;1;1;7;0;0
26,0556;358,3449;11,3000;0,7336;0,1770;0,0000;0,0000;0,0000;0,0000;0,0000;0,2212;0,8300;1,5600;1;0,0000;0,0000;0;1;1;7;0;0
26,0695;358,6026;11,3000;0,6773;0,1777;0,0000;0,0000;0,0000;0,0000;0,0000;0,2221;0,8500;1,5300;1;0,0000;0,0000;0;1;1;7;0;0
26,0834;358,6026;11,3000;0,6242;0,1783;0,0000;0,0000;0,0000;0,0000;0,0000;0,2229;0,8700;1,4900;1;0,0000;0,0000;0;1;1;7;0;0
26,0973;358,6026;11,3000;0,5810;0,1790;0,0000;0,0000;0,0000;0,0000;0,0000;0,2238;0,8900;1,4700;1;0,0000;0,0000;0;1;1;7;0;0
26,1112;358,6026;11,3000;0,5209;0,1797;0,0000;0,0000;0,0000;0,0000;0,0000;0,2246;0,9000;1,4200;1;0,0000;0,0000;0;1;1;7;0;0
26,1250;358,6026;11,3000;0,4721;0,1804;0,0000;0,0000;0,0000;0,0000;0,0000;0,2255;0,9200;1,3900;1;0,0000;0,0000;0;1;1;7;0;0
26,1389;358,6065;11,3000;0,4266;0,1811;0,0000;0,0000;0,0000;0,0000;0,0000;0,2263;0,9300;1,3600;1;0,0000;0,0000;0;1;1;7;0;0
26,1528;358,6501;11,3000;0,3890;0,1817;0,0000;0,0000;0,0000;0,0000;0,0000;0,2272;0,9400;1,3300;1;0,0000;0,0000;0;1;1;7;0;0
26,1667;358,6936;11,3000;0,3288;0,1824;0,0000;0,0000;0,0000;0,0000;0,0000;0,2280;0,9500;1,2800;1;0,0000;0,0000;0;1;1;7;0;0
26,1806;358,7372;11,3000;0,2805;0,1831;0,0000;0,0000;0,0000;0,0000;0,0000;0,2288;0,9600;1,2400;1;0,0000;0,0000;0;1;1;7;0;0
26,1945;358,7808;11,5000;0,2366;0,1837;0,0000;0,0000;0,0000;0,0000;0,0000;0,2296;0,9700;1,2000;1;0,0000;0,0000;0;1;1;9;0;0
26,2084;358,8252;11,5000;0,2029;0,1844;0,0000;0,0000;0,0000;0,0000;0,0000;0,2304;0,9700;1,1800;1;0,0000;0,0000;0;1;1;9;0;0
26,2223;359,0589;11,5000;0,1673;0,1850;0,0000;0,0000;0,0000;0,0000;0,0000;0,2313;0,9800;1,1500;1;0,0000;0,0000;0;1;1;9;0;0
26,2362;359,0589;11,5000;0,1205;0,1857;0,0000;0,0000;0,0000;0,0000;0,0000;0,2321;0,9800;1,1000;1;0,0000;0,0000;0;1;1;9;0;0
26,2500;359,0589;11,5000;0,0657;0,1863;0,0000;0,0000;0,0000;0,0000;0,0000;0,2329;0,9800;1,0500;1;0,0000;0,0000;0;1;1;9;0;0
26,2639;359,0589;11,5000;0,0206;0,1869;0,0000;0,0000;0,0000;0,0000;0,0000;0,2337;0,9900;1,0100;1;0,0000;0,0000;0;1;1;9;0;0
26,2778;359,0589;11,5000;-0,0511;0,1875;0,0000;0,0000;0,0000;0,0000;0,0000;0,2344;0,9800;0,9300;1;0,0000;0,0000;0;1;1;9;0;0
26,2917;359,0913;11,5000;-0,1246;0,1881;0,0000;0,0000;0,0000;0,0000;0,0000;0,2352;0,9800;0,8600;1;0,0000;0,0000;0;1;1;9;0;0
26,3056;359,1357;11,5000;-0,2144;0,1887;0,0000;0,0000;0,0000;0,0000;0,0000;0,2359;0,9800;0,7600;1;0,0000;0,0000;0;1;1;9;0;0
26,3195;359,1800;11,5000;-0,2865;0,1892;0,0000;0,0000;0,0000;0,0000;0,0000;0,2365;0,9700;0,6800;1;0,0000;0,0000;0;1;1;9;0;0
26,3334;359,2244;11,5000;-0,3786;0,1898;0,0000;0,0000;0,0000;0,0000;0,0000;0,2372;0,9600;0,5800;1;0,0000;0,0000;0;1;1;9;0;0
26,3473;359,2687;11,5000;-0,4685;0,1903;0,0000;0,0000;0,0000;0,0000;0,0000;0,2378;0,9400;0,4800;1;0,0000;0,0000;0;1;1;9;0;0
26,3612;359,5156;11,5000;-0,5473;0,1907;0,0000;0,0000;0,0000;0,0000;0,0000;0,2384;0,9300;0,3800;1;0,0000;0,0000;0;1;1;9;0;0
26,3750;359,5156;11,5000;-0,6241;0,1912;0,0000;0,0000;0,0000;0,0000;0,0000;0,2389;0,9100;0,2900;1;0,0000;0,0000;0;1;1;9;0;0
26,3889;359,5156;11,5000;-0,7035;0,1916;0,0000;0,0000;0,0000;0,0000;0,0000;0,2395;0,8900;0,1900;1;0,0000;0,0000;0;1;1;9;0;0
26,4028;359,5156;11,5000;-0,7767;0,1919;0,0000;0,0000;0,0000;0,0000;0,0000;0,2399;0,8700;0,0900;1;0,0000;0,0000;0;1;1;9;0;0
26,4167;359,5156;11,5000;-0,8563;0,1923;0,0000;0,0000;0,0000;0,0000;0,0000;0,2403;0,8400;0,0000;1;0,0000;0,0000;0;1;1;9;0;0
26,4306;359,5350;11,5000;-0,9106;0,1926;0,0000;0,0000;0,0000;0,0000;0,0000;0,2407;0,8100;-0,1000;1;0,0000;0,0000;0;1;1;9;0;0
26,4445;359,5793;11,5000;-0,9603;0,1929;0,0000;0,0000;0,0000;0,0000;0,0000;0,2411;0,7800;-0,1800;1;0,0000;0,0000;0;1;1;9;0;0
26,4584;359,6237;11,5000;-0,9979;0,1931;0,0000;0,0000;0,0000;0,0000;0,0000;0,2414;0,7500;-0,2400;1;0,0000;0,0000;0;1;1;9;0;0
26,4723;359,6681;11,5000;-1,0264;0,1933;0,0000;0,0000;0,0000;0,0000;0,0000;0,2417;0,7200;-0,3000;1;0,0000;0,0000;0;1;1;9;0;0
26,4862;359,7125;11,5000;-1,0551;0,1935;0,0000;0,0000;0,0000;0,0000;0,0000;0,2419;0,6900;-0,3600;1;0,0000;0,0000;0;1;1;9;0;0
26,5000;359,9693;11,5000;-1,0819;0,1937;0,0000;0,0000;0,0000;0,0000;0,0000;0,2421;0,6600;-0,4200;1;0,0000;0,0000;0;1;1;9;0;0
26,5139;359,9693;11,5000;-1,1017;0,1938;0,0000;0,0000;0,0000;0,0000;0,0000;0,2423;0,6300;-0,4700;1;0,0000;0,0000;0;1;1;9;0;0
26,5278;359,9693;11,5000;-1,1204;0,1940;0,0000;0,0000;0,0000;0,0000;0,0000;0,2424;0,5900;-0,5300;1;0,0000;0,0000;0;1;1;9;0;0
26,5417;359,9693;11,5000;-1,1241;0,1940;0,0000;0,0000;0,0000;0,0000;0,0000;0,2426;0,5600;-0,5600;1;0,0000;0,0000;0;1;1;9;0;0
26,5556;359,9693;11,5000;-1,1249;0,1941;0,0000;0,0000;0,0000;0,0000;0,0000;0,2426;0,5300;-0,6000;1;0,0000;0,0000;0;1;1;9;0;0
26,5695;359,9787;11,5000;-1,1215;0,1942;0,0000;0,0000;0,0000;0,0000;0,0000;0,2427;0,5000;-0,6300;1;0,0000;0,0000;0;1;1;9;0;0
26,5834;360,0231;11,5000;-1,1039;0,1942;0,0000;0,0000;0,0000;0,0000;0,0000;0,2427;0,4600;-0,6400;1;0,0000;0,0000;0;1;1;9;0;0
26,5973;360,0674;11,5000;-1,1004;0,1942;0,0000;0,0000;0,0000;0,0000;0,0000;0,2428;0,4300;-0,6700;1;0,0000;0,0000;0;1;1;9;0;0
26,6112;360,1118;11,5000;-1,0657;0,1942;0,0000;0,0000;0,0000;0,0000;0,0000;0,2428;0,4000;-0,6600;1;0,0000;0,0000;0;1;1;9;0;0
26,6250;360,1562;11,5000;-1,0588;0,1942;0,0000;0,0000;0,0000;0,0000;0,0000;0,2428;0,3700;-0,6900;1;0,0000;0,0000;0;1;1;9;0;0
26,6389;360,4285;11,5000;-1,0230;0,1942;0,0000;0,0000;0,0000;0,0000;0,0000;0,2427;0,3400;-0,6800;1;0,0000;0,0000;0;1;1;9;0;0
26,6528;360,4285;11,5000;-0,9936;0,1941;0,0000;0,0000;0,0000;0,0000;0,0000;0,2427;0,3100;-0,6800;1;0,0000;0,0000;0;1;1;9;0;0
26,6667;360,4285;11,5000;-0,9273;0,1941;0,0000;0,0000;0,0000;0,0000;0,0000;0,2426;0,2800;-0,6400;1;0,0000;0,0000;0;1;1;9;0;0
26,6806;360,4285;11,5000;-0,8656;0,1941;0,0000;0,0000;0,0000;0,0000;0,0000;0,2426;0,2600;-0,6100;1;0,0000;0,0000;0;1;1;9;0;0
26,6945;360,4285;11,4000;-0,8006;0,1940;0,0000;0,0000;0,0000;0,0000;0,0000;0,2425;0,2400;-0,5600;1;0,0000;0,0000;0;1;1;9;0;0
26,7084;360,4285;11,4000;-0,7376;0,1940;0,0000;0,0000;0,0000;0,0000;0,0000;0,2425;0,2100;-0,5200;1;0,0000;0,0000;0;1;1;9;0;0
26,7223;360,4660;11,4000;-0,6744;0,1939;0,0000;0,0000;0,0000;0,0000;0,0000;0,2424;0,2000;-0,4800;1;0,0000;0,0000;0;1;1;9;0;0
26,7362;360,5099;11,4000;-0,6329;0,1939;0,0000;0,0000;0,0000;0,0000;0,0000;0,2424;0,1800;-0,4500;1;0,0000;0,0000;0;1;1;9;0;0
26,7500;360,5539;11,4000;-0,6081;0,1938;0,0000;0,0000;0,0000;0,0000;0,0000;0,2423;0,1600;-0,4500;1;0,0000;0,0000;0;1;1;9;0;0
26,7639;360,5979;11,4000;-0,5846;0,1938;0,0000;0,0000;0,0000;0,0000;0,0000;0,2422;0,1400;-0,4400;1;0,0000;0,0000;0;1;1;9;0;0
26,7778;360,6419;11,4000;-0,5654;0,1937;0,0000;0,0000;0,0000;0,0000;0,0000;0,2422;0,1300;-0,4400;1;0,0000;0,0000;0;1;1;9;0;0
26,7917;360,8819;11,4000;-0,5515;0,1937;0,0000;0,0000;0,0000;0,0000;0,0000;0,2421;0,1100;-0,4400;1;0,0000;0,0000;0;1;1;9;0;0
26,8056;360,8819;11,4000;-0,5355;0,1936;0,0000;0,0000;0,0000;0,0000;0,0000;0,2420;0,1000;-0,4400;1;0,0000;0,0000;0;1;1;9;0;0
26,8195;360,8819;11,4000;-0,5300;0,1935;0,0000;0,0000;0,0000;0,0000;0,0000;0,2419;0,0800;-0,4500;1;0,0000;0,0000;0;1;1;9;0;0
26,8334;360,8819;11,4000;-0,5252;0,1935;0,0000;0,0000;0,0000;0,0000;0,0000;0,2418;0,0700;-0,4600;1;0,0000;0,0000;0;1;1;9;0;0
26,8473;360,8819;11,4000;-0,5228;0,1934;0,0000;0,0000;0,0000;0,0000;0,0000;0,2417;0,0500;-0,4700;1;0,0000;0,0000;0;1;1;9;0;0
26,8612;360,9058;11,4000;-0,5179;0,1933;0,0000;0,0000;0,0000;0,0000;0,0000;0,2416;0,0400;-0,4800;1;0,0000;0,0000;0;1;1;9;0;0
26,8750;360,9498;11,4000;-0,5094;0,1932;0,0000;0,0000;0,0000;0,0000;0,0000;0,2415;0,0200;-0,4800;1;0,0000;0,0000;0;1;1;9;0;0
26,8889;360,9938;11,4000;-0,5033;0,1931;0,0000;0,0000;0,0000;0,0000;0,0000;0,2413;0,0000;-0,4900;1;0,0000;0,0000;0;1;1;9;0;0
26,9028;361,0378;11,4000;-0,4985;0,1929;0,0000;0,0000;0,0000;0,0000;0,0000;0,2412;0,0000;-0,5000;1;0,0000;0,0000;0;1;1;9;0;0
26,9167;361,0817;11,4000;-0,4990;0,1928;0,0000;0,0000;0,0000;0,0000;0,0000;0,2410;0,0000;-0,5200;1;0,0000;0,0000;0;1;1;9;0;0
26,9306;361,3389;11,4000;-0,5024;0,1927;0,0000;0,0000;0,0000;0,0000;0,0000;0,2408;-0,0300;-0,5300;1;0,0000;0,0000;0;1;1;9;0;0
26,9445;361,3389;11,4000;-0,5100;0,1925;0,0000;0,0000;0,0000;0,0000;0,0000;0,2406;-0,0400;-0,5600;1;0,0000;0,0000;0;1;1;9;0;0
26,9584;361,3389;11,4000;-0,5169;0,1923;0,0000;0,0000;0,0000;0,0000;0,0000;0,2404;-0,0600;-0,5800;1;0,0000;0,0000;0;1;1;9;0;0
26,9723;361,3389;11,4000;-0,5212;0,1922;0,0000;0,0000;0,0000;0,0000;0,0000;0,2402;-0,0800;-0,6000;1;0,0000;0,0000;0;1;1;9;0;0
26,9862;361,3389;11,4000;-0,5245;0,1920;0,0000;0,0000;0,0000;0,0000;0,0000;0,2400;-0,0900;-0,6200;1;0,0000;0,0000;0;1;1;9;0;0
27,0000;361,3456;11,4000;-0,5232;0,1918;0,0000;0,0000;0,0000;0,0000;0,0000;0,2397;-0,1100;-0,6300;1;0,0000;0,0000;0;1;1;9;0;0
27,0139;361,3896;11,4000;-0,5180;0,1916;0,0000;0,0000;0,0000;0,0000;0,0000;0,2395;-0,1300;-0,6400;1;0,0000;0,0000;0;1;1;9;0;0
27,0278;361,4336;11,4000;-0,5089;0,1914;0,0000;0,0000;0,0000;0,0000;0,0000;0,2392;-0,1400;-0,6500;1;0,0000;0,0000;0;1;1;9;0;0
27,0417;361,4776;11,4000;-0,4955;0,1911;0,0000;0,0000;0,0000;0,0000;0,0000;0,2389;-0,1600;-0,6500;1;0,0000;0,0000;0;1;1;9;0;0
27,0556;361,5215;11,4000;-0,4835;0,1909;0,0000;0,0000;0,0000;0,0000;0,0000;0,2386;-0,1700;-0,6500;1;0,0000;0,0000;0;1;1;9;0;0
27,0695;361,5656;11,4000;-0,4667;0,1907;0,0000;0,0000;0,0000;0,0000;0,0000;0,2384;-0,1800;-0,6500;1;0,0000;0,0000;0;1;1;9;0;0
27,0834;361,7975;11,4000;-0,4493;0,1905;0,0000;0,0000;0,0000;0,0000;0,0000;0,2381;-0,2000;-0,6500;1;0,0000;0,0000;0;1;1;9;0;0
27,0973;361,7975;11,4000;-0,4239;0,1902;0,0000;0,0000;0,0000;0,0000;0,0000;0,2378;-0,2100;-0,6300;1;0,0000;0,0000;0;1;1;9;0;0
27,1112;361,7975;11,4000;-0,3958;0,1900;0,0000;0,0000;0,0000;0,0000;0,0000;0,2375;-0,2200;-0,6200;1;0,0000;0,0000;0;1;1;9;0;0
27,1250;361,7975;11,4000;-0,3902;0,1897;0,0000;0,0000;0,0000;0,0000;0,0000;0,2372;-0,2400;-0,6300;1;0,0000;0,0000;0;1;1;9;0;0
27,1389;361,7975;11,4000;-0,3258;0,1895;0,0000;0,0000;0,0000;0,0000;0,0000;0,2369;-0,2500;-0,5700;1;0,0000;0,0000;0;1;1;9;0;0
27,1528;361,8294;11,4000;-0,2722;0,1893;0,0000;0,0000;0,0000;0,0000;0,0000;0,2366;-0,2500;-0,5300;1;0,0000;0,0000;0;1;1;9;0;0
27,1667;361,8734;11,4000;-0,2084;0,1890;0,0000;0,0000;0,0000;0,0000;0,0000;0,2363;-0,2600;-0,4700;1;0,0000;0,0000;0;1;1;9;0;0
27,1806;361,9174;11,4000;-0,1457;0,1888;0,0000;0,0000;0,0000;0,0000;0,0000;0,2360;-0,2700;-0,4100;1;0,0000;0,0000;0;1;1;9;0;0
27,1945;361,9614;11,4000;-0,0748;0,1886;0,0000;0,0000;0,0000;0,0000;0,0000;0,2358;-0,2700;-0,3400;1;0,0000;0,0000;0;1;1;4;0;0
27,2084;362,0054;11,4000;0,0254;0,1884;0,0000;0,0000;0,0000;0,0000;0,0000;0,2356;-0,2700;-0,2400;1;0,0000;0,0000;0;1;1;4;0;0
27,2223;362,2511;11,4000;0,1284;0,1883;0,0000;0,0000;0,0000;0,0000;0,0000;0,2354;-0,2700;-0,1400;1;0,0000;0,0000;0;1;1;4;0;0
27,2362;362,2511;11,4000;0,2199;0,1882;0,0000;0,0000;0,0000;0,0000;0,0000;0,2352;-0,2600;-0,0400;1;0,0000;0,0000;0;1;1;4;0;0
27,2500;362,2511;11,4000;0,3026;0,1881;0,0000;0,0000;0,0000;0,0000;0,0000;0,2351;-0,2500;0,0500;1;0,0000;0,0000;0;1;1;4;0;0
27,2639;362,2511;11,4000;0,4024;0,1880;0,0000;0,0000;0,0000;0,0000;0,0000;0,2350;-0,2400;0,1600;1;0,0000;0,0000;0;1;1;4;0;0
27,2778;362,2511;11,4000;0,4793;0,1880;0,0000;0,0000;0,0000;0,0000;0,0000;0,2350;-0,2200;0,2500;1;0,0000;0,0000;0;1;1;4;0;0
27,2917;362,2693;11,4000;0,5809;0,1880;0,0000;0,0000;0,0000;0,0000;0,0000;0,2350;-0,2100;0,3700;1;0,0000;0,0000;0;1;1;4;0;0
27,3056;362,3133;11,4000;0,6464;0,1881;0,0000;0,0000;0,0000;0,0000;0,0000;0,2351;-0,1900;0,4600;1;0,0000;0,0000;0;1;1;4;0;0
27,3195;362,3573;11,4000;0,6831;0,1881;0,0000;0,0000;0,0000;0,0000;0,0000;0,2352;-0,1700;0,5200;1;0,0000;0,0000;0;1;1;4;0;0
27,3334;362,4012;11,4000;0,7174;0,1882;0,0000;0,0000;0,0000;0,0000;0,0000;0,2353;-0,1500;0,5700;1;0,0000;0,0000;0;1;1;4;0;0
27,3473;362,4452;11,4000;0,7620;0,1883;0,0000;0,0000;0,0000;0,0000;0,0000;0,2354;-0,1200;0,6400;1;0,0000;0,0000;0;1;1;4;0;0
27,3612;362,7026;11,4000;0,7956;0,1885;0,0000;0,0000;0,0000;0,0000;0,0000;0,2356;-0,1000;0,7000;1;0,0001;0,0000;0;1;1;4;0;0
27,3750;362,7026;11,4000;0,8416;0,1886;0,0000;0,0000;0,0000;0,0000;0,0000;0,2358;-0,0700;0,7700;1;0,0001;0,0000;0;1;1;4;0;0
27,3889;362,7026;11,4000;0,8718;0,1888;0,0000;0,0000;0,0000;0,0000;0,0000;0,2360;-0,0400;0,8200;1;0,0001;0,0000;0;1;1;4;0;0
27,4028;362,7026;11,4000;0,8971;0,1890;0,0000;0,0000;0,0000;0,0000;0,0000;0,2362;-0,0200;0,8800;1;0,0001;0,0000;0;1;1;4;0;0
27,4167;362,7026;11,4000;0,9153;0,1892;0,0000;0,0000;0,0000;0,0000;0,0000;0,2365;0,0000;0,9200;1;0,0001;0,0000;0;1;1;4;0;0
27,4306;362,7091;11,4000;0,9292;0,1895;0,0000;0,0000;0,0000;0,0000;0,0000;0,2368;0,0300;0,9600;1;0,0001;0,0000;0;1;1;4;0;0
27,4445;362,7531;11,4000;0,9388;0,1897;0,0000;0,0000;0,0000;0,0000;0,0000;0,2371;0,0600;1,0000;1;0,0001;0,0000;0;1;1;4;0;0
27,4584;362,7971;11,4000;0,9432;0,1900;0,0000;0,0000;0,0000;0,0000;0,0000;0,2375;0,0900;1,0300;1;0,0001;0,0000;0;1;1;4;0;0
27,4723;362,8411;11,4000;0,9361;0,1903;0,0000;0,0000;0,0000;0,0000;0,0000;0,2378;0,1200;1,0500;1;0,0001;0,0000;0;1;1;4;0;0
27,4862;362,8851;11,4000;0,9106;0,1906;0,0000;0,0000;0,0000;0,0000;0,0000;0,2382;0,1500;1,0600;1;0,0001;0,0000;0;1;1;4;0;0
27,5000;362,9290;11,4000;0,8802;0,1909;0,0000;0,0000;0,0000;0,0000;0,0000;0,2386;0,1700;1,0500;1;0,0001;0,0000;0;1;1;4;0;0
27,5139;363,1621;11,4000;0,8471;0,1912;0,0000;0,0000;0,0000;0,0000;0,0000;0,2390;0,2000;1,0400;1;0,0001;0,0000;0;1;1;4;0;0
27,5278;363,1621;11,4000;0,8068;0,1915;0,0000;0,0000;0,0000;0,0000;0,0000;0,2394;0,2200;1,0300;1;0,0001;0,0000;0;1;1;4;0;0
27,5417;363,1621;11,4000;0,7706;0,1919;0,0000;0,0000;0,0000;0,0000;0,0000;0,2399;0,2400;1,0100;1;0,0001;0,0000;0;1;1;4;0;0
27,5556;363,1621;11,4000;0,7157;0,1922;0,0000;0,0000;0,0000;0,0000;0,0000;0,2403;0,2700;0,9800;1;0,0001;0,0000;0;1;1;4;0;0
27,5695;363,1621;11,4000;0,6391;0,1926;0,0000;0,0000;0,0000;0,0000;0,0000;0,2407;0,2800;0,9200;1;0,0001;0,0000;0;1;1;4;0;0
27,5834;363,1929;11,4000;0,5585;0,1929;0,0000;0,0000;0,0000;0,0000;0,0000;0,2411;0,3000;0,8600;1;0,0001;0,0000;0;1;1;4;0;0
27,5973;363,2369;11,4000;0,4935;0,1932;0,0000;0,0000;0,0000;0,0000;0,0000;0,2415;0,3200;0,8100;1;0,0001;0,0000;0;1;1;4;0;0
27,6112;363,2809;11,4000;0,4144;0,1935;0,0000;0,0000;0,0000;0,0000;0,0000;0,2419;0,3300;0,7400;1;0,0001;0,0000;0;1;1;4;0;0
27,6250;363,3249;11,4000;0,3281;0,1938;0,0000;0,0000;0,0000;0,0000;0,0000;0,2423;0,3400;0,6700;1;0,0001;0,0000;0;1;1;4;0;0
27,6389;363,3689;11,4000;0,2587;0,1941;0,0000;0,0000;0,0000;0,0000;0,0000;0,2426;0,3500;0,6100;1;0,0001;0,0000;0;1;1;4;0;0
27,6528;363,6182;11,4000;0,1996;0,1944;0,0000;0,0000;0,0000;0,0000;0,0000;0,2430;0,3500;0,5500;1;0,0001;0,0000;0;1;1;4;0;0
27,6667;363,6182;11,4000;0,1263;0,1947;0,0000;0,0000;0,0000;0,0000;0,0000;0,2433;0,3600;0,4900;1;0,0001;0,0000;0;1;1;4;0;0
27,6806;363,6182;11,4000;0,0574;0,1949;0,0000;0,0000;0,0000;0,0000;0,0000;0,2436;0,3600;0,4200;1;0,0001;0,0000;0;1;1;4;0;0
27,6945;363,6182;11,9000;-0,0337;0,1951;0,0000;0,0000;0,0000;0,0000;0,0000;0,2439;0,3600;0,3300;1;0,0001;0,0000;0;1;1;4;0;0
27,7084;363,6182;11,9000;-0,1118;0,1954;0,0000;0,0000;0,0000;0,0000;0,0000;0,2442;0,3600;0,2500;1;0,0001;0,0000;0;1;1;4;0;0
27,7223;363,6366;11,9000;-0,1939;0,1956;0,0000;0,0000;0,0000;0,0000;0,0000;0,2444;0,3500;0,1600;1;0,0001;0,0000;0;1;1;4;0;0
27,7362;363,6825;11,9000;-0,2819;0,1957;0,0000;0,0000;0,0000;0,0000;0,0000;0,2447;0,3400;0,0600;1;0,0001;0,0000;0;1;1;4;0;0
27,7500;363,7284;11,9000;-0,3932;0,1959;0,0000;0,0000;0,0000;0,0000;0,0000;0,2448;0,3300;-0,0600;1;0,0001;0,0000;0;1;1;4;0;0
27,7639;363,7743;11,9000;-0,4770;0,1960;0,0000;0,0000;0,0000;0,0000;0,0000;0,2450;0,3200;-0,1600;1;0,0002;0,0000;0;1;1;4;0;0
27,7778;363,8202;11,9000;-0,5476;0,1961;0,0000;0,0000;0,0000;0,0000;0,0000;0,2451;0,3000;-0,2400;1;0,0002;0,0000;0;1;1;4;0;0
27,7917;364,0737;11,9000;-0,6298;0,1961;0,0000;0,0000;0,0000;0,0000;0,0000;0,2451;0,2800;-0,3400;1;0,0003;0,0000;0;1;1;4;0;0
27,8056;364,0737;11,9000;-0,7064;0,1961;0,0000;0,0000;0,0000;0,0000;0,0000;0,2452;0,2600;-0,4400;1;0,0003;0,0000;0;1;1;4;0;0
27,8195;364,0737;11,9000;-0,7767;0,1961;0,0000;0,0000;0,0000;0,0000;0,0000;0,2452;0,2400;-0,5400;1;0,0003;0,0000;0;1;1;4;0;0
27,8334;364,0737;11,9000;-0,8588;0,1961;0,0000;0,0000;0,0000;0,0000;0,0000;0,2451;0,2100;-0,6400;1;0,0003;0,0000;0;1;1;4;0;0
27,8473;364,0737;11,9000;-0,9074;0,1960;0,0000;0,0000;0,0000;0,0000;0,0000;0,2449;0,1900;-0,7200;1;0,0003;0,0000;0;1;1;4;0;0
27,8612;364,0957;11,9000;-0,9311;0,1958;0,0000;0,0000;0,0000;0,0000;0,0000;0,2448;0,1600;-0,7700;1;0,0003;0,0000;0;1;1;4;0;0
27,8750;364,1416;11,9000;-0,9756;0,1957;0,0000;0,0000;0,0000;0,0000;0,0000;0,2446;0,1300;-0,8400;1;0,0002;0,0000;0;1;1;4;0;0
27,8889;364,1875;11,9000;-1,0026;0,1955;0,0000;0,0000;0,0000;0,0000;0,0000;0,2444;0,1000;-0,9000;1;0,0002;0,0000;0;1;1;4;0;0
27,9028;364,2335;11,9000;-1,0401;0,1953;0,0000;0,0000;0,0000;0,0000;0,0000;0,2441;0,0700;-0,9700;1;0,0002;0,0000;0;1;1;4;0;0
27,9167;364,2794;11,9000;-1,0869;0,1951;0,0000;0,0000;0,0000;0,0000;0,0000;0,2438;0,0300;-1,0500;1;0,0002;0,0000;0;1;1;4;0;0
27,9306;0,0000;11,9000;-1,1668;0,0000;0,0000;0,0000;0,0000;0,0000;0,0000;0,0000;0,0000;0,0000;1;0,0000;0,0000;0;1;1;4;0;0
27,9445;0,0000;11,7000;-1,2346;0,0000;0,0000;0,0000;0,0000;0,0000;0,0000;0,0000;0,0000;0,0000;1;0,0000;0,0000;0;1;1;4;0;0
27,9584;0,0000;11,7000;-1,3161;0,0000;0,0000;0,0000;0,0000;0,0000;0,0000;0,0000;0,0000;0,0000;1;0,0000;0,0000;0;1;1;4;0;0
27,9723;0,0000;11,7000;-1,3850;0,0000;0,0000;0,0000;0,0000;0,0000;0,0000;0,0000;0,0000;0,0000;1;0,0000;0,0000;0;1;1;4;0;0
27,9862;0,0000;11,7000;-1,4563;0,0000;0,0000;0,0000;0,0000;0,0000;0,0000;0,0000;0,0000;0,0000;1;0,0000;0,0000;0;1;1;4;0;0
28,0000;0,0274;11,7000;-1,5067;0,1928;0,0000;0,0000;0,0000;0,0000;0,0000;0,2410;-0,2000;-1,7100;1;0,0000;0,0000;0;1;1;4;0;0
28,0139;0,0726;11,7000;-1,4655;0,1923;0,0000;0,0000;0,0000;0,0000;0,0000;0,2404;-0,2500;-1,7100;1;0,0000;0,0000;0;1;1;4;0;0
28,0278;0,1177;11,7000;-1,4333;0,1918;0,0000;0,0000;0,0000;0,0000;0,0000;0,2397;-0,2900;-1,7200;1;0,0000;0,0000;0;1;1;4;0;0
28,0417;0,1628;11,7000;-1,2258;0,1913;0,0000;0,0000;0,0000;0,0000;0,0000;0,2391;-0,3300;-1,5500;1;0,0001;0,0000;0;1;1;4;0;0
28,0556;0,2080;11,7000;-1,1676;0,1908;0,0000;0,0000;0,0000;0,0000;0,0000;0,2385;-0,3600;-1,5300;1;0,0001;0,0000;0;1;1;4;0;0
28,0695;0,4514;11,7000;-1,1793;0,1903;0,0000;0,0000;0,0000;0,0000;0,0000;0,2378;-0,4000;-1,5700;1;0,0002;0,0000;0;1;1;4;0;0
28,0834;0,4514;11,7000;-1,1643;0,1897;0,0000;0,0000;0,0000;0,0000;0,0000;0,2372;-0,4300;-1,5900;1;0,0002;0,0000;0;1;1;4;0;0
28,0973;0,4514;11,7000;-1,1714;0,1892;0,0000;0,0000;0,0000;0,0000;0,0000;0,2365;-0,4600;-1,6400;1;0,0002;0,0000;0;1;1;4;0;0
28,1112;0,4514;11,7000;-1,1072;0,1886;0,0000;0,0000;0,0000;0,0000;0,0000;0,2357;-0,5000;-1,6000;1;0,0002;0,0000;0;1;1;4;0;0
28,1250;0,4514;11,7000;-1,0479;0,1880;0,0000;0,0000;0,0000;0,0000;0,0000;0,2350;-0,5300;-1,5800;1;0,0002;0,0000;0;1;1;4;0;0
28,1389;0,4788;11,7000;-0,8842;0,1875;0,0000;0,0000;0,0000;0,0000;0,0000;0,2343;-0,5500;-1,4400;1;0,0002;0,0000;0;1;1;4;0;0
28,1528;0,5239;11,7000;-0,7813;0,1869;0,0000;0,0000;0,0000;0,0000;0,0000;0,2336;-0,5800;-1,3600;1;0,0002;0,0000;0;1;1;4;0;0
28,1667;0,5690;11,7000;-0,7552;0,1863;0,0000;0,0000;0,0000;0,0000;0,0000;0,2329;-0,6000;-1,3500;1;0,0001;0,0000;0;1;1;4;0;0
28,1806;0,6142;11,7000;-0,6817;0,1858;0,0000;0,0000;0,0000;0,0000;0,0000;0,2322;-0,6200;-1,3000;1;0,0001;0,0000;0;1;1;4;0;0
28,1945;0,6593;11,7000;-0,6230;0,1852;0,0000;0,0000;0,0000;0,0000;0,0000;0,2315;-0,6400;-1,2600;1;0,0001;0,0000;0;1;1;4;0;0
28,2084;0,9081;11,7000;-0,5039;0,1847;0,0000;0,0000;0,0000;0,0000;0,0000;0,2309;-0,6500;-1,1600;1;0,0001;0,0000;0;1;1;1;0;0
28,2223;0,9081;11,7000;-0,3751;0,1842;0,0000;0,0000;0,0000;0,0000;0,0000;0,2303;-0,6600;-1,0400;1;0,0001;0,0000;0;1;1;1;0;0
28,2362;0,9081;11,7000;-0,2924;0,1837;0,0000;0,0000;0,0000;0,0000;0,0000;0,2296;-0,6700;-0,9600;1;0,0001;0,0000;0;1;1;1;0;0
28,2500;0,9081;11,7000;-0,1839;0,1832;0,0000;0,0000;0,0000;0,0000;0,0000;0,2290;-0,6800;-0,8600;1;0,0001;0,0000;0;1;1;1;0;0
28,2639;0,9081;11,7000;-0,0232;0,1828;0,0000;0,0000;0,0000;0,0000;0,0000;0,2285;-0,6800;-0,7000;1;0,0001;0,0000;0;1;1;1;0;0
28,2778;0,9301;11,7000;0,2180;0,1824;0,0000;0,0000;0,0000;0,0000;0,0000;0,2280;-0,6700;-0,4500;1;0,0001;0,0000;0;1;1;1;0;0
28,2917;0,9752;11,7000;0,3685;0,1821;0,0000;0,0000;0,0000;0,0000;0,0000;0,2276;-0,6600;-0,2900;1;0,0001;0,0000;0;1;1;1;0;0
28,3056;1,0204;11,7000;0,5901;0,1818;0,0000;0,0000;0,0000;0,0000;0,0000;0,2272;-0,6400;-0,0500;1;0,0001;0,0000;0;1;1;1;0;0
28,3195;1,0655;11,7000;0,7636;0,1816;0,0000;0,0000;0,0000;0,0000;0,0000;0,2270;-0,6200;0,1500;1;0,0001;0,0000;0;1;1;1;0;0
28,3334;1,1106;11,7000;0,9545;0,1814;0,0000;0,0000;0,0000;0,0000;0,0000;0,2268;-0,5900;0,3700;1;0,0001;0,0000;0;1;1;1;0;0
28,3473;1,3648;11,7000;1,2080;0,1814;0,0000;0,0000;0,0000;0,0000;0,0000;0,2267;-0,5500;0,6600;1;0,0000;0,0000;0;1;1;1;0;0
28,3612;1,3648;11,7000;1,3663;0,1813;0,0000;0,0000;0,0000;0,0000;0,0000;0,2267;-0,5100;0,8600;1;0,0000;0,0000;0;1;1;1;0;0
28,3750;1,3648;11,7000;1,5356;0,1814;0,0000;0,0000;0,0000;0,0000;0,0000;0,2267;-0,4600;1,0700;1;0,0000;0,0000;0;1;1;1;0;0
28,3889;1,3648;11,7000;1,7025;0,1815;0,0000;0,0000;0,0000;0,0000;0,0000;0,2269;-0,4100;1,2900;1;0,0000;0,0000;0;1;1;1;0;0
28,4028;1,3648;11,7000;1,8843;0,1818;0,0000;0,0000;0,0000;0,0000;0,0000;0,2272;-0,3500;1,5300;1;0,0000;0,0000;0;1;1;1;0;0
28,4167;1,3815;11,7000;2,0675;0,1821;0,0000;0,0000;0,0000;0,0000;0,0000;0,2276;-0,2900;1,7800;1;0,0000;0,0000;0;1;1;1;0;0
28,4306;1,4266;11,7000;2,1785;0,1824;0,0000;0,0000;0,0000;0,0000;0,0000;0,2280;-0,2200;1,9600;1;0,0000;0,0000;0;1;1;1;0;0
28,4445;1,4718;11,9000;2,2780;0,1829;0,0000;0,0000;0,0000;0,0000;0,0000;0,2286;-0,1500;2,1300;1;0,0000;0,0000;0;1;1;1;0;0
28,4584;1,5177;11,9000;2,3543;0,1834;0,0000;0,0000;0,0000;0,0000;0,0000;0,2292;-0,0800;2,2700;1;0,0000;0,0000;0;1;1;1;0;0
28,4723;1,5636;11,9000;2,3745;0,1840;0,0000;0,0000;0,0000;0,0000;0,0000;0,2299;0,0000;2,3700;1;0,0000;0,0000;0;1;1;1;0;0
28,4862;1,8212;11,9000;2,4001;0,1845;0,0000;0,0000;0,0000;0,0000;0,0000;0,2307;0,0700;2,4700;1;0,0000;0,0000;0;1;1;1;0;0
28,5000;1,8212;11,9000;2,3873;0,1852;0,0000;0,0000;0,0000;0,0000;0,0000;0,2315;0,1400;2,5300;1;0,0000;0,0000;0;1;1;1;0;0
28,5139;1,8212;11,9000;2,3727;0,1859;0,0000;0,0000;0,0000;0,0000;0,0000;0,2324;0,2100;2,5900;1;0,0000;0,0000;0;1;1;1;0;0
28,5278;1,8212;11,9000;2,3829;0,1867;0,0000;0,0000;0,0000;0,0000;0,0000;0,2333;0,2900;2,6700;1;0,0000;0,0000;0;1;1;1;0;0
28,5417;1,8212;11,9000;2,3757;0,1875;0,0000;0,0000;0,0000;0,0000;0,0000;0,2343;0,3600;2,7400;1;0,0000;0,0000;0;1;1;1;0;0
28,5556;1,8390;11,9000;2,3578;0,1883;0,0000;0,0000;0,0000;0,0000;0,0000;0,2354;0,4300;2,7900;1;0,0000;0,0000;0;1;1;1;0;0
28,5695;1,8849;11,9000;2,3190;0,1892;0,0000;0,0000;0,0000;0,0000;0,0000;0,2365;0,5000;2,8200;1;0,0000;0,0000;0;1;1;1;0;0
28,5834;1,9308;11,9000;2,2430;0,1901;0,0000;0,0000;0,0000;0,0000;0,0000;0,2376;0,5700;2,8200;1;0,0000;0,0000;0;1;1;1;0;0
28,5973;1,9767;11,9000;2,1823;0,1910;0,0000;0,0000;0,0000;0,0000;0,0000;0,2387;0,6400;2,8200;1;0,0000;0,0000;0;1;1;1;0;0
28,6112;2,0226;11,9000;2,1287;0,1919;0,0000;0,0000;0,0000;0,0000;0,0000;0,2399;0,7100;2,8400;1;0,0000;0,0000;0;1;1;1;0;0
28,6250;2,2775;11,9000;2,0869;0,1929;0,0000;0,0000;0,0000;0,0000;0,0000;0,2412;0,7700;2,8600;1;0,0000;0,0000;0;1;1;1;0;0
28,6389;2,2775;11,9000;2,0437;0,1940;0,0000;0,0000;0,0000;0,0000;0,0000;0,2425;0,8300;2,8800;1;0,0000;0,0000;0;1;1;1;0;0
28,6528;2,2775;11,9000;2,0009;0,1950;0,0000;0,0000;0,0000;0,0000;0,0000;0,2438;0,9000;2,9000;1;0,0000;0,0000;0;1;1;1;0;0
28,6667;2,2775;11,9000;1,9637;0,1961;0,0000;0,0000;0,0000;0,0000;0,0000;0,2451;0,9600;2,9200;1;0,0000;0,0000;0;1;1;1;0;0
28,6806;2,2775;11,8000;1,9171;0,1972;0,0000;0,0000;0,0000;0,0000;0,0000;0,2465;1,0200;2,9300;1;0,0000;0,0000;0;1;1;1;0;0
28,6945;2,2976;11,8000;1,8832;0,1984;0,0000;0,0000;0,0000;0,0000;0,0000;0,2479;1,0700;2,9600;1;0,0000;0,0000;0;1;1;1;0;0
28,7084;2,3431;11,8000;1,8530;0,1995;0,0000;0,0000;0,0000;0,0000;0,0000;0,2494;1,1300;2,9800;1;0,0000;0,0000;0;1;1;1;0;0
28,7223;2,3886;11,8000;1,8246;0,2007;0,0000;0,0000;0,0000;0,0000;0,0000;0,2509;1,1900;3,0100;1;0,0000;0,0000;0;1;1;1;0;0
28,7362;2,4341;11,8000;1,7993;0,2019;0,0000;0,0031;0,0000;0,0000;0,0000;0,2524;1,2400;3,0400;1;0,0000;0,0000;0;1;1;1;0;0
28,7500;2,4796;11,8000;1,7850;0,2032;0,0000;0,0134;0,0000;0,0000;0,0000;0,2539;1,3000;3,0800;1;0,0000;0,0000;0;1;1;1;0;0
28,7639;2,7330;11,8000;1,7609;0,2044;0,0000;0,0323;0,0000;0,0000;0,0000;0,2555;1,3500;3,1100;1;0,0000;0,0000;0;1;1;1;0;0
28,7778;2,7330;11,8000;1,7465;0,2057;0,0000;0,0586;0,0000;0,0000;0,0000;0,2572;1,4000;3,1500;1;0,0000;0,0000;0;1;1;1;0;0
28,7917;2,7330;11,8000;1,7389;0,2071;0,0000;0,0898;0,0000;0,0000;0,0000;0,2589;1,4600;3,2000;1;0,0000;0,0000;0;1;1;1;0;0
28,8056;2,7330;11,8000;1,7334;0,2085;0,0000;0,1224;0,0000;0,0000;0,0000;0,2606;1,5100;3,2400;1;0,0000;0,0000;0;1;1;1;0;0
28,8195;2,7330;11,8000;1,7315;0,2099;0,0000;0,1538;0,0000;0,0000;0,0000;0,2623;1,5600;3,2900;1;0,0000;0,0000;0;1;1;1;0;0
28,8334;2,7526;11,8000;1,7335;0,2113;0,0000;0,1819;0,0000;0,0000;0,0000;0,2641;1,6100;3,3500;1;0,0000;0,0000;0;1;1;1;0;0
28,8473;2,7981;11,8000;1,7368;0,2128;0,0000;0,2055;0,0000;0,0000;0,0000;0,2659;1,6700;3,4000;1;0,0000;0,0000;0;1;1;1;0;0
28,8612;2,8436;11,8000;1,7440;0,2143;0,0000;0,2249;0,0000;0,0000;0,0000;0,2678;1,7200;3,4600;1;0,0000;0,0000;0;1;1;1;0;0
28,8750;2,8891;11,8000;1,7517;0,2158;0,0000;0,2408;0,0000;0,0000;0,0000;0,2697;1,7700;3,5200;1;0,0000;0,0000;0;1;1;1;0;0
28,8889;2,9346;11,8000;1,7559;0,2174;0,0000;0,2539;0,0000;0,0000;0,0000;0,2717;1,8300;3,5800;1;0,0000;0,0000;0;1;1;1;0;0
28,9028;3,1893;11,8000;1,7585;0,2190;0,0000;0,2650;0,0000;0,0000;0,0000;0,2737;1,8800;3,6400;1;0,0000;0,0000;0;1;1;1;0;0
28,9167;3,1893;11,8000;1,7568;0,2206;0,0000;0,2746;0,0000;0,0000;0,0000;0,2758;1,9300;3,6900;1;0,0000;0,0000;0;1;1;1;0;0
28,9306;3,1893;11,8000;1,7565;0,2223;0,0000;0,2832;0,0000;0,0000;0,0000;0,2778;1,9900;3,7400;1;0,0000;0,0000;0;1;1;1;0;0
28,9445;3,1893;11,8000;1,7303;0,2240;0,0000;0,2910;0,0000;0,0000;0,0000;0,2800;2,0400;3,7700;1;0,0000;0,0000;0;1;1;1;0;0
28,9584;3,1893;11,8000;1,7130;0,2257;0,0000;0,2983;0,0000;0,0000;0,0000;0,2821;2,0900;3,8000;1;0,0000;0,0000;0;1;1;1;0;0
28,9723;3,2074;11,8000;1,6961;0,2275;0,0000;0,3054;0,0000;0,0000;0,0000;0,2843;2,1400;3,8400;1;0,0000;0,0000;0;1;1;1;0;0
28,9862;3,2529;11,8000;1,6770;0,2292;0,0000;0,3124;0,0000;0,0000;0,0000;0,2865;2,1900;3,8700;1;0,0000;0,0000;0;1;1;1;0;0
29,0000;3,2984;11,8000;1,6518;0,2310;0,0000;0,3194;0,0000;0,0000;0,0000;0,2888;2,2400;3,8900;1;0,0000;0,0000;0;1;1;1;0;0
29,0139;3,3439;11,8000;1,6465;0,2329;0,0000;0,3266;0,0000;0,0000;0,0000;0,2911;2,2900;3,9400;1;0,0000;0,0000;0;1;1;1;0;0
29,0278;3,3893;11,8000;1,6275;0,2347;0,0000;0,3339;0,0000;0,0000;0,0000;0,2934;2,3400;3,9700;1;0,0000;0,0000;0;1;1;1;0;0
29,0417;3,6453;11,8000;1,6040;0,2366;0,0000;0,3416;0,0000;0,0000;0,0000;0,2957;2,3900;4,0000;1;0,0000;0,0000;0;1;1;1;0;0
29,0556;3,6453;11,8000;1,5953;0,2385;0,0000;0,3495;0,0000;0,0000;0,0000;0,2981;2,4400;4,0400;1;0,0000;0,0000;0;1;1;1;0;0
29,0695;3,6453;11,8000;1,5869;0,2405;0,0000;0,3578;0,0000;0,0000;0,0000;0,3006;2,4900;4,0800;1;0,0000;0,0000;0;1;1;1;0;0
29,0834;3,6453;11,8000;1,5780;0,2424;0,0000;0,3665;0,0000;0,0000;0,0000;0,3030;2,5400;4,1200;1;0,0000;0,0000;0;1;1;1;0;0
29,0973;3,6453;11,8000;1,5709;0,2444;0,0000;0,3755;0,0000;0,0000;0,0000;0,3055;2,5900;4,1600;1;0,0000;0,0000;0;1;1;1;0;0
29,1112;3,6621;11,8000;1,5615;0,2464;0,0000;0,3849;0,0000;0,0000;0,0000;0,3080;2,6300;4,2000;1;0,0000;0,0000;0;1;1;1;0;0
29,1250;3,7076;11,8000;1,5537;0,2485;0,0000;0,3946;0,0000;0,0000;0,0000;0,3106;2,6800;4,2400;1;0,0000;0,0000;0;1;1;1;0;1
29,1389;3,7530;11,8000;1,5521;0,2506;0,0000;0,4047;0,0000;0,0000;0,0000;0,3132;2,7300;4,2800;1;0,0000;0,0000;0;1;1;1;0;1
29,1528;3,7985;11,8000;1,5507;0,2527;0,0000;0,4151;0,0000;0,0000;0,0000;0,3158;2,7800;4,3300;1;0,0000;0,0000;0;1;1;1;0;1
29,1667;3,8439;11,8000;1,5543;0,2548;0,0000;0,4258;0,0000;0,0000;0,0000;0,3185;2,8300;4,3800;1;0,0000;0,0000;0;1;1;1;0;1
29,1806;4,1016;11,8000;1,5603;0,2570;0,0000;0,4368;0,0000;0,0000;0,0000;0,3212;2,8700;4,4300;1;0,0000;0,0000;0;1;1;1;0;1
29,1945;4,1016;11,8000;1,5646;0,2592;0,0000;0,4481;0,0000;0,0000;0,0000;0,3240;2,9200;4,4900;1;0,0000;0,0000;0;1;1;1;0;1
29,2084;4,1016;11,8000;1,5600;0,2614;0,0000;0,4596;0,0000;0,0000;0,0000;0,3268;2,9700;4,5300;1;0,0000;0,0000;0;1;1;3;0;1
29,2223;4,1016;11,8000;1,5525;0,2637;0,0000;0,4712;0,0000;0,0000;0,0000;0,3296;3,0200;4,5700;1;0,0000;0,0000;0;1;1;3;0;1
29,2362;4,1016;11,8000;1,5411;0,2660;0,0000;0,4830;0,0000;0,0000;0,0000;0,3325;3,0600;4,6100;1;0,0000;0,0000;0;1;1;3;0;1
29,2500;4,1165;11,8000;1,5389;0,2683;0,0000;0,4949;0,0000;0,0000;0,0000;0,3354;3,1100;4,6500;1;0,0000;0,0000;0;1;1;3;0;1
29,2639;4,1620;11,8000;1,5338;0,2707;0,0000;0,5068;0,0000;0,0000;0,0000;0,3383;3,1600;4,6900;1;0,0000;0,0000;0;1;1;3;0;1
29,2778;4,2074;11,8000;1,5270;0,2730;0,0000;0,5186;0,0000;0,0000;0,0000;0,3413;3,2100;4,7300;1;0,0000;0,0000;0;1;1;3;0;1
29,2917;4,2528;11,8000;1,5158;0,2755;0,0000;0,5304;0,0000;0,0000;0,0000;0,3443;3,2500;4,7700;1;0,0000;0,0000;0;1;1;3;0;1
29,3056;4,2982;11,8000;1,4973;0,2779;0,0000;0,5420;0,0000;0,0000;0,0000;0,3474;3,3000;4,8000;1;0,0000;0,0000;0;1;1;3;0;1
29,3195;4,5575;11,8000;1,4721;0,2803;0,0000;0,5535;0,0000;0,0000;0,0000;0,3504;3,3400;4,8200;1;0,0000;0,0000;0;1;1;3;0;1
29,3334;4,5575;11,8000;1,4669;0,2828;0,0000;0,5647;0,0000;0,0000;0,0000;0,3535;3,3900;4,8600;1;0,0000;0,0000;0;1;1;3;0;1
29,3473;4,5575;11,8000;1,4466;0,2853;0,0000;0,5756;0,0000;0,0000;0,0000;0,3567;3,4300;4,8800;1;0,0000;0,0000;0;1;1;3;0;0
29,3612;4,5575;11,8000;1,3812;0,2879;0,0000;0,5864;0,0000;0,0000;0,0000;0,3598;3,4700;4,8600;1;0,0000;0,0000;0;1;1;3;0;0
29,3750;4,5575;11,8000;1,3009;0,2904;0,0000;0,5969;0,0000;0,0000;0,0000;0,3630;3,5100;4,8100;1;0,0000;0,0000;0;1;1;3;0;0
29,3889;4,5708;11,8000;1,2238;0,2929;0,0000;0,6073;0,0000;0,0000;0,0000;0,3661;3,5500;4,7700;1;0,0000;0,0000;0;1;1;3;0;0
29,4028;4,6162;11,8000;1,1528;0,2954;0,0000;0,6174;0,0000;0,0000;0,0000;0,3693;3,5800;4,7400;1;0,0000;0,0000;0;1;1;3;0;0
29,4167;4,6616;11,8000;1,0601;0,2980;0,0000;0,6274;0,0000;0,0000;0,0000;0,3725;3,6200;4,6800;1;0,0000;0,0000;0;1;1;3;0;0
29,4306;4,7070;11,8000;0,9791;0,3005;0,0000;0,6372;0,0000;0,0000;0,0000;0,3756;3,6500;4,6300;1;0,0000;0,0000;0;1;1;3;0;0
29,4445;4,7524;11,8000;0,8882;0,3030;0,0000;0,6469;0,0000;0,0000;0,0000;0,3788;3,6700;4,5600;1;0,0000;0,0000;0;1;1;3;0;0
29,4584;5,0127;11,8000;0,8699;0,3056;0,0000;0,6563;0,0000;0,0000;0,0000;0,3820;3,7000;4,5700;1;0,0000;0,0000;0;1;1;3;0;0
29,4723;5,0127;11,8000;0,7787;0,3081;0,0000;0,6657;0,0000;0,0000;0,0000;0,3851;3,7200;4,5000;1;0,0000;0,0000;0;1;1;3;0;0
29,4862;5,0127;11,8000;0,7149;0,3106;0,0000;0,6748;0,0000;0,0000;0,0000;0,3883;3,7400;4,4600;1;0,0000;0,0000;0;1;1;3;0;0
29,5000;5,0127;11,8000;0,5494;0,3131;0,0000;0,6839;0,0000;0,0000;0,0000;0,3914;3,7600;4,3100;1;0,0000;0,0000;0;1;1;3;0;0
29,5139;5,0127;11,8000;0,4398;0,3156;0,0000;0,6927;0,0000;0,0000;0,0000;0,3945;3,7700;4,2100;1;0,0000;0,0000;0;1;1;3;0;0
29,5278;5,0249;11,8000;0,3847;0,3181;0,0000;0,7014;0,0000;0,0000;0,0000;0,3976;3,7800;4,1700;1;0,0000;0,0000;0;1;1;3;0;0
29,5417;5,0703;11,8000;0,2747;0,3205;0,0000;0,7100;0,0000;0,0000;0,0000;0,4007;3,7900;4,0700;1;0,0000;0,0000;0;1;1;3;0;0
29,5556;5,1158;11,8000;0,2056;0,3230;0,0000;0,7184;0,0000;0,0000;0,0000;0,4037;3,8000;4,0000;1;0,0000;0,0000;0;1;1;3;0;0
29,5695;5,1612;11,8000;0,1917;0,3254;0,0000;0,7267;0,0000;0,0000;0,0000;0,4068;3,8000;3,9900;1;0,0000;0,0000;0;1;1;3;0;0
29,5834;5,2066;11,8000;0,1445;0,3279;0,0000;0,7349;0,0000;0,0000;0,0000;0,4098;3,8100;3,9500;1;0,0000;0,0000;0;1;1;3;0;0
29,5973;5,4702;11,8000;0,0582;0,3303;0,0000;0,7429;0,0000;0,0000;0,0000;0,4128;3,8100;3,8700;1;0,0000;0,0000;0;1;1;3;0;0
29,6112;5,4702;11,8000;0,0104;0,3327;0,0000;0,7507;0,0000;0,0000;0,0000;0,4159;3,8100;3,8200;1;0,0000;0,0000;0;1;1;3;0;0
29,6250;5,4702;11,8000;-0,0172;0,3351;0,0000;0,7585;0,0000;0,0000;0,0000;0,4189;3,8100;3,7900;1;0,0000;0,0000;0;1;1;3;0;0
29,6389;5,4702;11,8000;-0,0505;0,3375;0,0000;0,7661;0,0000;0,0000;0,0000;0,4218;3,8000;3,7500;1;0,0000;0,0000;0;1;1;3;0;0
29,6528;5,4702;11,8000;-0,0572;0,3399;0,0000;0,7736;0,0000;0,0000;0,0000;0,4248;3,8000;3,7400;1;0,0000;0,0000;0;1;1;3;0;0
29,6667;5,4792;11,8000;-0,0760;0,3422;0,0000;0,7810;0,0000;0,0000;0,0000;0,4278;3,8000;3,7200;1;0,0000;0,0000;0;1;1;3;0;0
29,6806;5,5246;11,6000;-0,0859;0,3446;0,0000;0,7883;0,0000;0,0000;0,0000;0,4308;3,7900;3,7100;1;0,0000;0,0000;0;1;1;3;0;0
29,6945;5,5692;11,6000;-0,0923;0,3469;0,0000;0,7955;0,0000;0,0000;0,0000;0,4337;3,7900;3,7000;1;0,0000;0,0000;0;1;1;3;0;0
29,7084;5,6139;11,6000;-0,0781;0,3493;0,0000;0,8026;0,0000;0,0000;0,0000;0,4366;3,7900;3,7100;1;0,0000;0,0000;0;1;1;3;0;0
29,7223;5,6586;11,6000;-0,0579;0,3517;0,0000;0,8096;0,0000;0,0000;0,0000;0,4396;3,7900;3,7300;1;0,0000;0,0000;0;1;1;3;0;0
29,7362;5,9257;11,6000;-0,0287;0,3541;0,0000;0,8165;0,0000;0,0000;0,0000;0,4426;3,7900;3,7600;1;0,0001;0,0000;0;1;1;3;0;0
29,7500;5,9257;11,6000;-0,0135;0,3564;0,0000;0,8234;0,0000;0,0000;0,0000;0,4455;3,7900;3,7800;1;0,0001;0,0000;0;1;1;3;0;0
29,7639;5,9257;11,6000;-0,0018;0,3588;0,0000;0,8302;0,0000;0,0000;0,0000;0,4485;3,7900;3,7900;1;0,0001;0,0000;0;1;1;3;0;0
29,7778;5,9257;11,6000;0,0005;0,3612;0,0000;0,8370;0,0000;0,0000;0,0000;0,4515;3,7900;3,7900;1;0,0001;0,0000;0;1;1;3;0;0
29,7917;5,9257;11,6000;0,0067;0,3636;0,0000;0,8437;0,0000;0,0000;0,0000;0,4545;3,7900;3,8000;1;0,0001;0,0000;0;1;1;3;0;0
29,8056;5,9265;11,6000;-0,0082;0,3660;0,0000;0,8504;0,0000;0,0000;0,0000;0,4575;3,7900;3,7800;1;0,0001;0,0000;0;1;1;3;0;0
29,8195;5,9711;11,6000;-0,0180;0,3683;0,0000;0,8571;0,0000;0,0000;0,0000;0,4604;3,7900;3,7700;1;0,0001;0,0000;0;1;1;3;0;0
29,8334;6,0158;11,6000;-0,0707;0,3707;0,0000;0,8637;0,0000;0,0000;0,0000;0,4634;3,7900;3,7200;1;0,0001;0,0000;0;1;1;3;0;0
29,8473;6,0604;11,6000;-0,0267;0,3731;0,0000;0,8704;0,0000;0,0000;0,0000;0,4664;3,7900;3,7600;1;0,0001;0,0000;0;1;1;3;0;0
29,8612;6,1051;11,6000;-0,0372;0,3755;0,0000;0,8770;0,0000;0,0000;0,0000;0,4693;3,7900;3,7500;1;0,0001;0,0000;0;1;1;3;0;0
29,8750;6,1498;11,6000;0,0284;0,3779;0,0000;0,8837;0,0000;0,0000;0,0000;0,4723;3,7900;3,8200;1;0,0000;0,0000;0;1;1;3;0;0
29,8889;6,3822;11,6000;0,0415;0,3802;0,0000;0,8903;0,0000;0,0000;0,0000;0,4753;3,7900;3,8300;1;0,0000;0,0000;0;1;1;3;0;0
29,9028;6,3822;11,6000;0,1068;0,3827;0,0000;0,8969;0,0000;0,0000;0,0000;0,4783;3,8000;3,9000;1;0,0000;0,0000;0;1;1;3;0;0
29,9167;6,3822;11,6000;0,1226;0,3851;0,0000;0,9036;0,0000;0,0000;0,0000;0,4813;3,8000;3,9200;1;0,0000;0,0000;0;1;1;3;0;0
29,9306;6,3822;11,6000;0,2595;0,3875;0,0000;0,9103;0,0000;0,0000;0,0000;0,4844;3,8100;4,0700;1;0,0000;0,0000;0;1;1;3;0;0
29,9445;6,3822;11,7000;0,3380;0,3900;0,0000;0,9170;0,0000;0,0000;0,0000;0,4875;3,8200;4,1600;1;0,0000;0,0000;0;1;1;3;0;0
29,9584;6,4180;11,7000;0,4755;0,3926;0,0000;0,9238;0,0000;0,0000;0,0000;0,4907;3,8300;4,3100;1;0,0002;0,0000;0;1;1;3;0;0
29,9723;6,4631;11,7000;0,5030;0,3951;0,0000;0,9306;0,0000;0,0000;0,0000;0,4939;3,8500;4,3500;1;0,0004;0,0000;0;1;1;3;0;0
29,9862;6,5081;11,7000;0,5346;0,3977;0,0000;0,9375;0,0000;0,0000;0,0000;0,4971;3,8700;4,4000;1;0,0007;0,0000;0;1;1;3;0;0
30,0000;6,5531;11,7000;0,7800;0,4003;0,0000;0,9445;0,0276;0,0005;0,0623;0,5004;3,8900;4,6700;1;0,0009;0,0000;1;1;1;3;0;0
30,0139;6,5981;11,7000;0,8914;0,4030;0,0000;0,9516;0,0273;0,0050;0,0641;0,5038;3,9200;4,8100;1;0,0012;0,0000;1;1;1;3;0;0
30,0278;6,8386;11,7000;1,0418;0,4058;0,0000;0,9585;0,0268;0,0096;0,0666;0,5072;3,9500;4,9900;1;0,0025;0,0000;1;1;1;3;0;0
30,0417;6,8386;11,7000;1,1048;0,4085;0,0000;0,9649;0,0273;0,0142;0,0679;0,5107;3,9800;5,0900;1;0,0025;0,0000;1;1;1;3;0;0
30,0556;6,8386;11,7000;0,9839;0,4113;0,0000;0,9707;0,0291;0,0188;0,0668;0,5141;4,0100;5,0000;1;0,0025;0,0000;1;1;1;3;0;0
30,0695;6,8386;11,7000;0,9612;0,4141;0,0000;0,9757;0,0300;0,0235;0,0669;0,5176;4,0400;5,0000;1;0,0025;0,0000;1;1;1;3;0;0
30,0834;6,8410;11,7000;0,8994;0,4168;0,0000;0,9800;0,0309;0,0280;0,0662;0,5210;4,0500;4,9400;1;0,0029;0,0000;1;1;1;3;0;0
30,0973;6,8861;11,7000;0,8871;0,4184;0,0000;0,9836;0,0292;0,0307;0,0621;0,5230;3,7500;4,6300;1;0,0107;0,0000;1;1;1;3;0;0
30,1112;6,9312;11,7000;0,7288;0,4200;0,0000;0,9867;0,0286;0,0334;0,0559;0,5251;3,4400;4,1600;1;0,0185;54,0300;1;1;1;3;0;0
30,1250;6,9763;11,7000;0,6504;0,4216;0,0000;0,9892;0,0271;0,0360;0,0508;0,5270;3,1300;3,7700;1;0,0263;37,9900;1;1;1;3;0;0
30,1389;7,0214;11,7000;0,4063;0,4231;0,0000;0,9913;0,0268;0,0386;0,0434;0,5289;2,8100;3,2000;1;0,0341;29,2900;1;1;1;3;0;0
30,1528;7,2898;11,7000;0,0882;0,4287;0,0000;0,9930;0,0158;0,0478;0,0134;0,5359;0,8400;0,9300;1;0,0807;12,4000;1;1;1;3;0;0
30,1667;7,2898;11,7000;-0,1226;0,4292;0,0000;0,9944;0,0166;0,0487;0,0106;0,5365;0,8400;0,7100;1;0,0807;12,4000;1;1;1;3;0;0
30,1806;7,2898;11,7000;-0,2207;0,4297;0,0000;0,9955;0,0162;0,0495;0,0092;0,5371;0,8300;0,6100;1;0,0807;12,4000;1;1;1;3;0;0
30,1945;7,2898;11,7000;-0,2080;0,4302;0,0000;0,9965;0,0149;0,0503;0,0093;0,5377;0,8200;0,6200;1;0,0807;12,4000;1;1;1;3;0;0
30,2084;7,2898;11,7000;-0,2053;0,4307;0,0000;0,9972;0,0139;0,0511;0,0093;0,5383;0,8200;0,6100;1;0,0807;12,4000;1;1;1;5;0;0
30,2223;7,3137;11,7000;-0,1845;0,4308;0,0000;0,9978;0,0121;0,0514;0,0082;0,5385;0,7200;0,5200;1;0,0798;12,5300;1;1;1;5;0;0
30,2362;7,3588;11,7000;-0,2213;0,4307;0,0000;0,9982;0,0103;0,0512;0,0051;0,5384;0,5300;0,3000;1;0,0782;12,7900;1;1;1;5;0;0
30,2500;7,4039;11,7000;-0,2858;0,4306;0,0000;0,9986;0,0087;0,0509;0,0017;0,5382;0,3300;0,0400;0;0,0765;13,0600;1;1;1;5;0;0
30,2639;7,4491;11,7000;-0,2957;0,4304;0,0000;0,9989;0,0068;0,0507;-0,0010;0,5380;0,1400;-0,1600;0;0,0749;13,3500;1;1;1;5;0;0
30,2778;7,4942;11,7000;-0,3715;0,4302;0,0000;0,9991;0,0053;0,0503;-0,0046;0,5378;-0,0500;-0,4300;0;0,0733;13,6400;1;1;1;5;0;0
30,2917;7,7375;11,7000;-0,3869;0,4324;0,0000;0,9993;-0,0018;0,0540;-0,0179;0,5405;-1,0500;-1,4400;0;0,0645;15,5000;1;1;0;5;0;0
30,3056;7,7375;11,7000;-0,3831;0,4316;0,0000;0,9995;-0,0027;0,0527;-0,0180;0,5395;-1,0600;-1,4500;0;0,0645;15,5000;1;1;0;5;0;0
30,3195;7,7375;11,7000;-0,4118;0,4308;0,0000;0,9996;-0,0032;0,0514;-0,0186;0,5385;-1,0800;-1,4900;0;0,0645;15,5000;1;1;0;5;0;0
30,3334;7,7375;11,7000;-0,4859;0,4300;0,0000;0,9997;-0,0034;0,0500;-0,0199;0,5375;-1,0900;-1,5800;0;0,0645;15,5000;1;1;0;5;0;0
30,3473;7,7375;11,7000;-0,4786;0,4292;0,0000;0,9997;-0,0042;0,0487;-0,0200;0,5365;-1,1000;-1,5800;0;0,0645;15,5000;1;1;0;5;0;0
30,3612;7,7808;11,7000;-0,4485;0,4279;0,0000;0,9998;-0,0062;0,0465;-0,0220;0,5349;-1,2700;-1,7200;0;0,0640;15,6300;1;1;0;5;0;0
30,3750;7,8259;11,7000;-0,3961;0,4266;0,0000;0,9998;-0,0082;0,0443;-0,0236;0,5333;-1,4400;-1,8400;0;0,0634;15,7800;1;1;0;5;0;0
30,3889;7,8710;11,7000;-0,3392;0,4253;0,0000;0,9999;-0,0102;0,0422;-0,0252;0,5316;-1,6100;-1,9500;0;0,0628;15,9200;1;1;0;5;0;0
30,4028;7,9161;11,7000;-0,3276;0,4240;0,0000;0,9999;-0,0117;0,0400;-0,0274;0,5300;-1,7700;-2,1100;0;0,0622;16,0700;1;1;0;5;0;0
30,4167;7,9612;11,7000;-0,1730;0,4227;0,0000;0,9999;-0,0142;0,0379;-0,0276;0,5284;-1,9400;-2,1100;0;0,0617;16,2200;1;1;0;5;0;0
30,4306;8,1938;11,7000;-0,0816;0,4235;0,0000;0,9999;-0,0203;0,0391;-0,0371;0,5294;-2,7500;-2,8400;0;0,0587;17,0400;1;1;0;5;0;0
30,4445;8,1938;11,7000;0,0829;0,4218;0,0000;1,0000;-0,0214;0,0363;-0,0350;0,5272;-2,7500;-2,6700;0;0,0587;17,0400;1;1;0;5;0;0
30,4584;8,1938;11,7000;0,2308;0,4201;0,0000;1,0000;-0,0221;0,0335;-0,0330;0,5251;-2,7400;-2,5100;0;0,0587;17,0400;1;1;0;5;0;0
30,4723;8,1938;11,7000;0,2894;0,4184;0,0000;1,0000;-0,0220;0,0307;-0,0322;0,5230;-2,7300;-2,4400;0;0,0587;17,0400;1;1;0;5;0;0
30,4862;8,2008;11,8000;0,4835;0,4167;0,0000;1,0000;-0,0230;0,0279;-0,0299;0,5209;-2,7400;-2,2600;0;0,0586;17,0500;1;1;0;5;0;0
30,5000;8,2462;11,8000;0,5877;0,4147;0,0000;1,0000;-0,0239;0,0245;-0,0303;0,5183;-2,8700;-2,2900;0;0,0584;17,1300;1;1;0;5;0;0
30,5139;8,2917;11,8000;0,6086;0,4126;0,0000;1,0000;-0,0241;0,0211;-0,0318;0,5158;-3,0000;-2,4000;0;0,0581;17,2000;1;1;0;5;0;0
30,5278;8,3371;11,8000;0,7129;0,4106;0,0000;1,0000;-0,0250;0,0177;-0,0322;0,5133;-3,1300;-2,4200;0;0,0579;17,2800;1;1;0;5;0;0
30,5417;8,3826;11,8000;0,7147;0,4086;0,0000;1,0000;-0,0250;0,0144;-0,0339;0,5108;-3,2600;-2,5500;0;0,0576;17,3500;1;1;0;5;0;0
30,5556;8,6501;11,8000;0,8978;0,4090;0,0000;1,0000;-0,0312;0,0150;-0,0427;0,5112;-4,1100;-3,2100;0;0,0561;17,8200;1;1;0;5;0;0
30,5695;8,6501;11,8000;1,0160;0,4066;0,0000;1,0000;-0,0310;0,0110;-0,0407;0,5083;-4,0700;-3,0600;0;0,0561;17,8200;1;1;0;5;0;0
30,5834;8,6501;11,8000;1,0830;0,4043;0,0000;1,0000;-0,0302;0,0072;-0,0394;0,5054;-4,0400;-2,9600;0;0,0561;17,8200;1;1;0;5;0;0
30,5973;8,6501;11,8000;1,1284;0,4020;0,0000;1,0000;-0,0293;0,0033;-0,0384;0,5025;-4,0100;-2,8800;0;0,0561;17,8200;1;1;0;5;0;0
30,6112;8,6501;11,8000;1,1375;0,3997;0,0000;1,0000;-0,0281;0,0000;-0,0378;0,4997;-3,9700;-2,8300;0;0,0561;17,8200;1;1;0;5;0;0
30,6250;8,6682;11,8000;1,2188;0,3973;0,0000;1,0000;-0,0280;0,0000;-0,0370;0,4967;-3,9900;-2,7800;0;0,0561;17,8300;1;1;0;5;0;0
30,6389;8,7136;11,8000;1,2119;0,3947;0,0000;0,9997;-0,0277;0,0000;-0,0386;0,4933;-4,1000;-2,8900;0;0,0560;17,8700;1;1;0;5;0;0
30,6528;8,7590;11,8000;1,3083;0,3921;0,0000;0,9988;-0,0283;0,0000;-0,0387;0,4901;-4,2000;-2,9000;0;0,0559;17,9000;1;1;0;5;0;0
30,6667;8,8044;11,8000;1,3149;0,3895;0,0000;0,9971;-0,0282;0,0000;-0,0400;0,4869;-4,3100;-3,0000;0;0,0558;17,9400;1;1;0;5;0;0
30,6806;8,8498;11,8000;1,3303;0,3869;0,0000;0,9947;-0,0282;0,0000;-0,0411;0,4837;-4,4100;-3,0900;0;0,0556;17,9700;1;1;0;5;0;0
30,6945;9,1068;11,8000;1,3590;0,3865;0,0000;0,9915;-0,0328;0,0000;-0,0510;0,4831;-5,1900;-3,8300;0;0,0551;18,1600;1;1;0;5;0;0
30,7084;9,1068;11,8000;1,3648;0,3835;0,0000;0,9879;-0,0318;0,0000;-0,0504;0,4794;-5,1400;-3,7800;0;0,0551;18,1600;1;1;0;5;0;0
30,7223;9,1068;11,8000;1,3556;0,3806;0,0000;0,9839;-0,0308;0,0000;-0,0500;0,4758;-5,1000;-3,7500;0;0,0551;18,1600;1;1;0;5;0;0
30,7362;9,1068;11,8000;1,3727;0,3777;0,0000;0,9793;-0,0301;0,0000;-0,0492;0,4721;-5,0600;-3,6900;0;0,0551;18,1600;1;1;0;5;0;0
30,7500;9,1068;11,8000;1,4644;0,3749;0,0000;0,9743;-0,0300;0,0000;-0,0474;0,4686;-5,0200;-3,5500;0;0,0551;18,1600;1;1;0;5;0;0
30,7639;9,1341;11,8000;1,4829;0,3718;0,0000;0,9689;-0,0298;0,0000;-0,0477;0,4647;-5,0600;-3,5800;0;0,0550;18,1700;1;1;0;5;0;0
30,7778;9,1794;11,8000;1,4868;0,3685;0,0000;0,9630;-0,0299;0,0000;-0,0490;0,4607;-5,1500;-3,6700;0;0,0550;18,1700;1;1;0;5;0;0
30,7917;9,2248;11,8000;1,5360;0,3654;0,0000;0,9566;-0,0304;0,0000;-0,0496;0,4567;-5,2500;-3,7200;0;0,0550;18,1800;1;1;0;5;0;0
30,8056;9,2701;11,8000;1,6938;0,3622;0,0000;0,9499;-0,0317;0,0000;-0,0487;0,4528;-5,3400;-3,6500;0;0,0550;18,1900;1;1;0;5;0;0
30,8195;9,3155;11,8000;1,7253;0,3591;0,0000;0,9428;-0,0318;0,0000;-0,0495;0,4489;-5,4300;-3,7100;0;0,0550;18,1900;1;1;0;5;0;0
30,8334;9,5650;11,8000;1,8858;0,3582;0,0000;0,9355;-0,0372;0,0000;-0,0570;0,4477;-6,1600;-4,2700;0;0,0549;18,2300;1;1;0;5;0;0
30,8473;9,5650;11,8000;1,9157;0,3547;0,0000;0,9280;-0,0362;0,0000;-0,0558;0,4434;-6,1000;-4,1800;0;0,0549;18,2300;1;1;0;5;0;0
30,8612;9,5650;11,8000;1,9953;0,3514;0,0000;0,9207;-0,0356;0,0000;-0,0539;0,4392;-6,0400;-4,0400;0;0,0549;18,2300;1;1;0;5;0;0
30,8750;9,5650;11,8000;2,1663;0,3481;0,0000;0,9132;-0,0356;0,0000;-0,0508;0,4351;-5,9700;-3,8100;0;0,0549;18,2300;1;1;0;5;0;0
30,8889;9,5650;11,8000;2,1994;0,3448;0,0000;0,9056;-0,0344;0,0000;-0,0494;0,4310;-5,9100;-3,7100;0;0,0549;18,2300;1;1;0;5;0;0
30,9028;9,5986;11,8000;2,3757;0,3414;0,0000;0,8978;-0,0351;0,0000;-0,0476;0,4267;-5,9400;-3,5700;0;0,0549;18,2200;1;1;0;5;0;0
30,9167;9,6439;11,8000;2,4701;0,3378;0,0000;0,8898;-0,0352;0,0000;-0,0472;0,4223;-6,0100;-3,5400;0;0,0549;18,2100;1;1;0;5;0;0
30,9306;9,6892;11,8000;2,8017;0,3345;0,0000;0,8816;-0,0370;0,0000;-0,0436;0,4181;-6,0600;-3,2700;0;0,0550;18,1900;1;1;0;5;0;0
30,9445;9,7346;11,5000;2,9973;0,3311;0,0000;0,8731;-0,0373;0,0000;-0,0417;0,4139;-6,1200;-3,1300;0;0,0550;18,1800;1;1;0;5;0;0
30,9584;9,7788;11,5000;3,0142;0,3280;0,0000;0,8645;-0,0362;0,0000;-0,0421;0,4099;-6,1700;-3,1600;0;0,0550;18,1700;1;1;0;5;0;0
30,9723;10,0230;11,5000;3,2325;0,3269;0,0000;0,8557;-0,0408;0,0000;-0,0481;0,4086;-6,8400;-3,6100;0;0,0552;18,1000;1;1;0;5;0;0
30,9862;10,0230;11,5000;3,2805;0,3235;0,0000;0,8470;-0,0389;0,0000;-0,0462;0,4043;-6,7400;-3,4600;0;0,0552;18,1000;1;1;0;5;0;0
31,0000;10,0230;11,5000;3,2036;0,3201;0,0000;0,8385;-0,0361;0,0000;-0,0459;0,4001;-6,6500;-3,4400;0;0,0552;18,1000;1;1;0;5;0;0
31,0139;10,0230;11,5000;3,2851;0,3168;0,0000;0,8299;-0,0348;0,0000;-0,0435;0,3960;-6,5500;-3,2700;0;0,0552;18,1000;1;1;0;5;0;0
31,0278;10,0230;11,5000;3,3108;0,3136;0,0000;0,8213;-0,0331;0,0000;-0,0419;0,3920;-6,4500;-3,1400;0;0,0552;18,1000;1;1;0;5;0;0
31,0417;10,0539;11,5000;3,3349;0,3101;0,0000;0,8125;-0,0321;0,0000;-0,0416;0,3876;-6,4500;-3,1200;0;0,0553;18,0900;1;1;0;5;0;0
31,0556;10,0981;11,5000;3,3969;0,3066;0,0000;0,8035;-0,0317;0,0000;-0,0413;0,3832;-6,4900;-3,1000;0;0,0554;18,0600;1;1;0;5;0;0
31,0695;10,1423;11,5000;3,4691;0,3031;0,0000;0,7944;-0,0315;0,0000;-0,0409;0,3789;-6,5300;-3,0700;0;0,0554;18,0400;1;1;0;5;0;0
31,0834;10,1864;11,5000;3,5880;0,2997;0,0000;0,7849;-0,0315;0,0000;0,0000;0,3747;-6,5600;-2,9800;0;0,0555;18,0100;0;1;0;5;0;0
31,0973;10,2306;11,5000;3,7000;0,2965;0,0000;0,7752;-0,0315;0,0000;0,0000;0,3706;-6,5900;-2,9000;0;0,0556;17,9900;0;1;0;5;0;0
31,1112;10,4752;11,5000;3,8232;0,2953;0,0000;0,7653;-0,0315;0,0000;0,0000;0,3691;-7,2600;-3,4300;0;0,0560;17,8500;0;1;0;5;0;0
31,1250;10,4752;11,5000;3,8788;0,2918;0,0000;0,7553;-0,0315;0,0000;0,0000;0,3647;-7,1400;-3,2600;0;0,0560;17,8500;0;1;0;5;0;0
31,1389;10,4752;11,5000;4,0465;0,2883;0,0000;0,7455;-0,0315;0,0000;0,0000;0,3604;-7,0200;-2,9800;0;0,0560;17,8500;0;1;0;5;0;0
31,1528;10,4752;11,5000;4,3253;0,2851;0,0000;0,7356;-0,0315;0,0000;0,0000;0,3563;-6,8900;-2,5700;0;0,0560;17,8500;0;1;0;5;0;0
31,1667;10,4752;11,5000;4,6310;0,2819;0,0000;0,7255;-0,0315;0,0000;0,0000;0,3524;-6,7600;-2,1200;0;0,0560;17,8500;0;1;0;5;0;0
31,1806;10,5049;11,5000;4,8177;0,2786;0,0000;0,7151;-0,0315;0,0000;0,0000;0,3483;-6,7100;-1,9000;0;0,0561;17,8300;0;1;0;5;0;0
31,1945;10,5491;11,7000;5,0059;0,2753;0,0000;0,7046;-0,0315;0,0000;0,0000;0,3442;-6,7000;-1,7000;0;0,0562;17,8000;0;1;0;5;0;0
31,2084;10,5941;11,7000;5,2219;0,2721;0,0000;0,6937;-0,0315;0,0000;0,0000;0,3402;-6,6900;-1,4700;0;0,0563;17,7600;0;1;0;5;0;0
31,2223;10,6391;11,7000;5,4612;0,2690;0,0000;0,6826;-0,0315;0,0000;0,0000;0,3363;-6,6700;-1,2200;0;0,0564;17,7300;0;1;0;8;0;0
31,2362;10,6841;11,7000;5,6773;0,2661;0,0000;0,6711;-0,0315;0,0000;0,0000;0,3327;-6,6400;-0,9700;0;0,0565;17,6900;0;1;0;8;0;0
31,2500;10,9314;11,7000;5,8756;0,2655;0,0000;0,6593;-0,0315;0,0000;0,0000;0,3318;-7,2700;-1,3900;0;0,0571;17,5100;0;1;0;8;0;0
31,2639;10,9314;11,7000;6,0814;0,2624;0,0000;0,6476;-0,0315;0,0000;0,0000;0,3280;-7,0800;-1,0000;0;0,0571;17,5100;0;1;0;8;0;0
31,2778;10,9314;11,7000;6,3145;0,2595;0,0000;0,6359;-0,0315;0,0000;0,0000;0,3244;-6,8900;-0,5800;0;0,0571;17,5100;0;1;0;8;0;0
31,2917;10,9314;11,7000;6,5022;0,2568;0,0000;0,6240;-0,0315;0,0000;0,0000;0,3210;-6,6900;-0,1900;0;0,0571;17,5100;0;1;0;8;0;0
31,3056;10,9314;11,7000;6,6928;0,2542;0,0000;0,6118;-0,0315;0,0000;0,0000;0,3178;-6,4900;0,2000;0;0,0571;17,5100;0;1;0;8;0;0
31,3195;10,9629;11,7000;6,8603;0,2515;0,0000;0,5993;-0,0315;0,0000;0,0000;0,3144;-6,3900;0,4600;0;0,0572;17,4800;0;1;0;8;0;0
31,3334;11,0080;11,7000;7,0196;0,2489;0,0000;0,5864;-0,0315;0,0000;0,0000;0,3111;-6,3200;0,6900;0;0,0573;17,4400;0;1;0;8;0;0
31,3473;11,0531;11,7000;7,1717;0,2463;0,0000;0,5731;-0,0315;0,0000;0,0000;0,3079;-6,2600;0,9100;0;0,0575;17,4000;0;1;0;8;0;0
31,3612;11,0982;11,7000;7,2695;0,2440;0,0000;0,5595;-0,0315;0,0000;0,0000;0,3050;-6,1800;1,0800;0;0,0576;17,3600;0;1;0;8;0;0
31,3750;11,1433;11,7000;7,3664;0,2418;0,0000;0,5456;-0,0315;0,0000;0,0000;0,3023;-6,1100;1,2500;0;0,0577;17,3200;0;1;0;8;0;0
31,3889;11,3910;11,7000;7,4340;0,2419;0,0000;0,5316;-0,0315;0,0000;0,0000;0,3024;-6,7000;0,7300;0;0,0585;17,1000;0;1;0;8;0;0
31,4028;11,3910;11,7000;7,5071;0,2396;0,0000;0,5180;-0,0315;0,0000;0,0000;0,2995;-6,4800;1,0300;0;0,0585;17,1000;0;1;0;8;0;0
31,4167;11,3910;11,7000;7,5971;0,2374;0,0000;0,5051;-0,0315;0,0000;0,0000;0,2967;-6,2500;1,3500;0;0,0585;17,1000;0;1;0;8;0;0
31,4306;11,3910;11,7000;7,6803;0,2354;0,0000;0,4925;-0,0315;0,0000;0,0000;0,2942;-6,0100;1,6700;0;0,0585;17,1000;0;1;0;8;0;0
31,4445;11,3910;11,7000;7,7889;0,2335;0,0000;0,4802;-0,0315;0,0000;0,0000;0,2919;-5,7800;2,0100;0;0,0585;17,1000;0;1;0;8;0;0
31,4584;11,4219;11,7000;7,8624;0,2315;0,0000;0,4681;-0,0315;0,0000;0,0000;0,2894;-5,6400;2,2100;0;0,0586;17,0700;0;1;0;8;0;0
31,4723;11,4670;11,7000;7,9458;0,2295;0,0000;0,4562;-0,0315;0,0000;0,0000;0,2869;-5,5600;2,3800;0;0,0587;17,0300;0;1;0;8;0;0
31,4862;11,5122;11,7000;8,0364;0,2277;0,0000;0,4446;-0,0315;0,0000;0,0000;0,2846;-5,4700;2,5600;0;0,0589;16,9800;0;1;0;8;0;0
31,5000;11,5573;11,7000;8,0995;0,2261;0,0000;0,4332;-0,0315;0,0000;0,0000;0,2826;-5,3700;2,7200;0;0,0590;16,9400;0;1;0;8;0;0
31,5139;11,6025;11,7000;8,1839;0,2246;0,0000;0,4221;-0,0315;0,0000;0,0000;0,2808;-5,2800;2,9000;0;0,0592;16,9000;0;1;0;8;0;0
31,5278;11,8432;11,7000;8,2635;0,2254;0,0000;0,4114;-0,0315;0,0000;0,0000;0,2817;-5,8500;2,4200;0;0,0600;16,6600;0;1;0;8;0;0
31,5417;11,8432;11,7000;8,3188;0,2238;0,0000;0,4016;-0,0315;0,0000;0,0000;0,2797;-5,6000;2,7200;0;0,0600;16,6600;0;1;0;8;0;0
31,5556;11,8432;11,7000;8,3782;0,2223;0,0000;0,3926;-0,0315;0,0000;0,0000;0,2779;-5,3400;3,0400;0;0,0600;16,6600;0;1;0;8;0;0
31,5695;11,8432;11,7000;8,3878;0,2211;0,0000;0,3843;-0,0315;0,0000;0,0000;0,2763;-5,0900;3,3000;0;0,0600;16,6600;0;1;0;8;0;0
31,5834;11,8432;11,7000;8,4016;0,2199;0,0000;0,3765;-0,0315;0,0000;0,0000;0,2749;-4,8300;3,5700;0;0,0600;16,6600;0;1;0;8;0;0
31,5973;11,8811;11,7000;8,4212;0,2186;0,0000;0,3692;-0,0315;0,0000;0,0000;0,2732;-4,7100;3,7000;0;0,0602;16,6200;0;1;0;8;0;0
31,6112;11,9263;11,7000;8,4359;0,2173;0,0000;0,3623;-0,0315;0,0000;0,0000;0,2716;-4,6100;3,8200;0;0,0603;16,5800;0;1;0;8;0;0
31,6250;11,9715;11,7000;8,4389;0,2162;0,0000;0,3558;-0,0315;0,0000;0,0000;0,2702;-4,5100;3,9200;0;0,0605;16,5300;0;1;0;8;0;0
31,6389;12,0167;11,7000;8,4435;0,2152;0,0000;0,3497;-0,0315;0,0000;0,0000;0,2690;-4,4200;4,0200;0;0,0607;16,4800;0;1;0;8;0;0
31,6528;12,0619;11,7000;8,4463;0,2144;0,0000;0,3439;-0,0315;0,0000;0,0000;0,2680;-4,3200;4,1200;0;0,0608;16,4400;0;1;0;8;0;0
31,6667;12,2997;11,7000;8,4491;0,2159;0,0000;0,3385;-0,0315;0,0000;0,0000;0,2699;-4,8900;3,5600;0;0,0617;16,2000;0;1;0;8;0;0
31,6806;12,2997;11,7000;8,4478;0,2149;0,0000;0,3338;-0,0315;0,0000;0,0000;0,2687;-4,6300;3,8100;0;0,0617;16,2000;0;1;0;8;0;0
31,6945;12,2997;11,7000;8,4318;0,2141;0,0000;0,3297;-0,0315;0,0000;0,0000;0,2676;-4,3800;4,0500;0;0,0617;16,2000;0;1;0;8;0;0
31,7084;12,2997;11,7000;8,4088;0,2135;0,0000;0,3260;-0,0315;0,0000;0,0000;0,2668;-4,1200;4,2800;0;0,0617;16,2000;0;1;0;8;0;0
31,7223;12,2997;11,7000;8,3750;0,2129;0,0000;0,3228;-0,0315;0,0000;0,0000;0,2662;-3,8700;4,5000;0;0,0617;16,2000;0;1;0;8;0;0
31,7362;12,3406;11,7000;8,3352;0,2121;0,0000;0,3198;-0,0315;0,0000;0,0000;0,2651;-3,7700;4,5600;0;0,0619;16,1500;0;1;0;8;0;0
31,7500;12,3859;11,7000;8,2924;0,2114;0,0000;0,3171;-0,0315;0,0000;0,0000;0,2642;-3,6800;4,6100;0;0,0621;16,1000;0;1;0;8;0;0
31,7639;12,4311;11,7000;8,2474;0,2108;0,0000;0,3147;-0,0315;0,0000;0,0000;0,2635;-3,5900;4,6500;0;0,0623;16,0600;0;1;0;8;0;0
31,7778;12,4763;11,7000;8,2034;0,2104;0,0000;0,3129;-0,0315;0,0000;0,0000;0,2630;-3,5000;4,7000;0;0,0625;16,0100;0;1;0;8;0;0
31,7917;12,5215;11,7000;8,1726;0,2101;0,0000;0,3126;-0,0315;0,0000;0,0000;0,2626;-3,4200;4,7500;0;0,0627;15,9600;0;1;0;8;0;0
31,8056;12,7567;11,7000;8,1386;0,2121;0,0000;0,3127;-0,0315;0,0000;0,0000;0,2651;-4,0100;4,1300;0;0,0636;15,7200;0;1;0;8;0;0
31,8195;12,7567;11,7000;8,1202;0,2116;0,0000;0,3125;-0,0315;0,0000;0,0000;0,2645;-3,7700;4,3500;0;0,0636;15,7200;0;1;0;8;0;0
31,8334;12,7567;11,7000;8,0905;0,2112;0,0000;0,3118;-0,0315;0,0000;0,0000;0,2640;-3,5200;4,5700;0;0,0636;15,7200;0;1;0;8;0;0
31,8473;12,7567;11,7000;8,0690;0,2110;0,0000;0,3110;-0,0315;0,0000;0,0000;0,2637;-3,2800;4,7900;0;0,0636;15,7200;0;1;0;8;0;0
31,8612;12,7567;11,7000;8,0509;0,2109;0,0000;0,3103;-0,0315;0,0000;0,0000;0,2636;-3,0300;5,0200;0;0,0636;15,7200;0;1;0;8;0;0
31,8750;12,8003;11,7000;8,0430;0,2105;0,0000;0,3097;-0,0315;0,0000;0,0000;0,2631;-2,9500;5,0900;0;0,0638;15,6700;0;1;0;8;0;0
31,8889;12,8455;11,7000;8,0478;0,2102;0,0000;0,3094;-0,0315;0,0000;0,0000;0,2627;-2,8700;5,1700;0;0,0640;15,6200;0;1;0;8;0;0
31,9028;12,8907;11,7000;8,0640;0,2100;0,0000;0,3094;-0,0315;0,0000;0,0000;0,2625;-2,7900;5,2700;0;0,0642;15,5700;0;1;0;8;0;0
31,9167;12,9359;11,7000;8,0914;0,2101;0,0000;0,3098;-0,0315;0,0000;0,0000;0,2626;-2,7200;5,3700;0;0,0644;15,5200;0;1;0;8;0;0
31,9306;12,9811;11,7000;8,1361;0,2103;0,0000;0,3103;-0,0315;0,0000;0,0000;0,2628;-2,6400;5,5000;0;0,0646;15,4800;0;1;0;8;0;0
31,9445;13,2107;11,7000;8,1828;0,2128;0,0000;0,3109;-0,0315;0,0000;0,0000;0,2660;-3,2400;4,9500;0;0,0656;15,2400;0;1;0;8;0;0
31,9584;13,2107;11,7000;8,2550;0,2128;0,0000;0,3111;-0,0315;0,0000;0,0000;0,2660;-2,9900;5,2700;0;0,0656;15,2400;0;1;0;8;0;0
31,9723;13,2107;11,7000;8,3216;0,2130;0,0000;0,3107;-0,0315;0,0000;0,0000;0,2662;-2,7300;5,5900;0;0,0656;15,2400;0;1;0;8;0;0
31,9862;13,2107;11,7000;8,3863;0,2133;0,0000;0,3100;-0,0315;0,0000;0,0000;0,2666;-2,4800;5,9100;0;0,0656;15,2400;0;1;0;8;0;0
32,0000;13,2151;11,7000;8,4355;0,2138;0,0000;0,3093;-0,0315;0,0000;0,0000;0,2672;-2,2400;6,1900;0;0,0656;15,2300;0;1;0;8;0;0
32,0139;13,2603;11,7000;8,4974;0,2139;0,0000;0,3087;-0,0315;0,0000;0,0000;0,2674;-2,1600;6,3400;0;0,0659;15,1900;0;1;0;8;0;0
32,0278;13,3055;11,7000;8,5482;0,2143;0,0000;0,3081;-0,0315;0,0000;0,0000;0,2678;-2,0700;6,4700;0;0,0661;15,1400;0;1;0;8;0;0
32,0417;13,3507;11,7000;8,5824;0,2148;0,0000;0,3078;-0,0315;0,0000;0,0000;0,2684;-1,9800;6,6000;0;0,0663;15,0900;0;1;0;8;0;0
32,0556;13,3960;11,7000;8,6038;0,2154;0,0000;0,3075;-0,0315;0,0000;0,0000;0,2693;-1,9000;6,7100;0;0,0665;15,0400;0;1;0;8;0;0
32,0695;13,6688;11,7000;8,6141;0,2190;0,0000;0,3076;-0,0315;0,0000;0,0000;0,2738;-2,6800;5,9400;0;0,0677;14,7600;0;1;0;8;0;0
32,0834;13,6688;11,7000;8,6205;0,2195;0,0000;0,3081;-0,0315;0,0000;0,0000;0,2744;-2,4200;6,2000;0;0,0677;14,7600;0;1;0;8;0;0
32,0973;13,6688;11,7000;8,6221;0,2201;0,0000;0,3094;-0,0315;0,0000;0,0000;0,2751;-2,1600;6,4700;0;0,0677;14,7600;0;1;0;8;0;0
32,1112;13,6688;11,7000;8,6113;0,2209;0,0000;0,3111;-0,0315;0,0000;0,0000;0,2761;-1,8900;6,7200;0;0,0677;14,7600;0;1;0;8;0;0
32,1250;13,6688;11,7000;8,5763;0,2218;0,0000;0,3131;-0,0315;0,0000;0,0000;0,2773;-1,6300;6,9400;0;0,0677;14,7600;0;1;0;8;0;0
32,1389;13,6757;11,7000;8,5071;0,2228;0,0000;0,3153;-0,0315;0,0000;0,0000;0,2785;-1,4000;7,1000;0;0,0678;14,7500;0;1;0;8;0;0
32,1528;13,7209;11,7000;8,4245;0,2234;0,0000;0,3178;-0,0315;0,0000;0,0000;0,2793;-1,3300;7,0900;0;0,0680;14,7100;0;1;0;8;0;0
32,1667;13,7661;11,7000;8,3628;0,2242;0,0000;0,3205;-0,0315;0,0000;0,0000;0,2803;-1,2500;7,1100;0;0,0682;14,6600;0;1;0;8;0;0
32,1806;13,8113;11,7000;8,3196;0,2252;0,0000;0,3234;-0,0315;0,0000;0,0000;0,2815;-1,1800;7,1400;0;0,0684;14,6200;0;1;0;8;0;0
32,1945;13,8564;11,7000;8,2800;0,2263;0,0000;0,3263;-0,0315;0,0000;0,0000;0,2829;-1,1100;7,1700;0;0,0686;14,5700;0;1;0;8;0;0
32,2084;14,1226;11,7000;8,2025;0,2303;0,0000;0,3295;-0,0315;0,0000;0,0000;0,2878;-1,9100;6,2900;0;0,0699;14,3000;0;1;0;8;0;0
32,2223;14,1226;11,7000;8,1186;0,2311;0,0000;0,3334;-0,0315;0,0000;0,0000;0,2889;-1,6600;6,4500;0;0,0699;14,3000;0;1;0;3;0;0
32,2362;14,1226;11,7000;8,0629;0,2320;0,0000;0,3380;-0,0315;0,0000;0,0000;0,2900;-1,4200;6,6400;0;0,0699;14,3000;0;1;0;3;0;0
32,2500;14,1226;11,7000;8,0000;0,2331;0,0000;0,3432;-0,0315;0,0000;0,0000;0,2914;-1,1800;6,8200;0;0,0699;14,3000;0;1;0;3;0;0
32,2639;14,1226;11,7000;7,9251;0,2343;0,0000;0,3486;-0,0315;0,0000;0,0000;0,2929;-0,9400;6,9900;0;0,0699;14,3000;0;1;0;3;0;0
32,2778;14,1368;11,7000;7,8691;0,2355;0,0000;0,3542;-0,0315;0,0000;0,0000;0,2943;-0,7600;7,1100;0;0,0700;14,2900;0;1;0;3;0;0
32,2917;14,1819;11,7000;7,8038;0,2364;0,0000;0,3600;-0,0315;0,0000;0,0000;0,2955;-0,7100;7,0900;0;0,0702;14,2500;0;1;0;3;0;0
32,3056;14,2271;11,7000;7,7666;0,2374;0,0000;0,3659;-0,0315;0,0000;0,0000;0,2968;-0,6600;7,1100;0;0,0704;14,2000;0;1;0;3;0;0
32,3195;14,2723;11,7000;7,7341;0,2386;0,0000;0,3718;-0,0315;0,0000;0,0000;0,2983;-0,6100;7,1300;0;0,0706;14,1600;0;1;0;3;0;0
32,3334;14,3175;11,7000;7,6948;0,2399;0,0000;0,3778;-0,0315;0,0000;0,0000;0,2999;-0,5600;7,1400;0;0,0709;14,1100;0;1;0;3;0;0
32,3473;14,5792;11,7000;7,6470;0,2442;0,0000;0,3838;-0,0315;0,0000;0,0000;0,3052;-1,3900;6,2500;0;0,0721;13,8600;0;1;0;3;0;0
32,3612;14,5792;11,7000;7,5911;0,2452;0,0000;0,3906;-0,0315;0,0000;0,0000;0,3065;-1,1600;6,4300;0;0,0721;13,8600;0;1;0;3;0;0
32,3750;14,5792;11,7000;7,5363;0,2463;0,0000;0,3982;-0,0315;0,0000;0,0000;0,3079;-0,9400;6,6000;0;0,0721;13,8600;0;1;0;3;0;0
32,3889;14,5792;11,7000;7,4671;0,2475;0,0000;0,4062;-0,0315;0,0000;0,0000;0,3094;-0,7100;6,7600;0;0,0721;13,8600;0;1;0;3;0;0
32,4028;14,5792;11,7000;7,3779;0,2489;0,0000;0,4145;-0,0315;0,0000;0,0000;0,3111;-0,4900;6,8900;0;0,0721;13,8600;0;1;0;3;0;0
32,4167;14,5986;11,7000;7,3009;0,2501;0,0000;0,4228;-0,0315;0,0000;0,0000;0,3127;-0,3500;6,9500;0;0,0722;13,8400;0;1;0;3;0;0
32,4306;14,6438;11,7000;7,2250;0,2512;0,0000;0,4311;-0,0315;0,0000;0,0000;0,3140;-0,3200;6,9000;0;0,0725;13,8000;0;1;0;3;0;0
32,4445;14,6889;12,0000;7,1612;0,2524;0,0000;0,4393;-0,0315;0,0000;0,0000;0,3155;-0,2900;6,8700;0;0,0727;13,7600;0;1;0;3;0;0
32,4584;14,7353;12,0000;7,0824;0,2536;0,0000;0,4474;-0,0315;0,0000;0,0000;0,3171;-0,2600;6,8200;0;0,0729;13,7200;0;1;0;3;0;0
32,4723;14,7816;12,0000;7,0131;0,2551;0,0000;0,4554;-0,0315;0,0000;0,0000;0,3188;-0,2400;6,7700;0;0,0731;13,6700;0;1;0;3;0;0
32,4862;15,0347;12,0000;6,9595;0,2593;0,0000;0,4632;-0,0315;0,0000;0,0000;0,3242;-1,0900;5,8700;0;0,0744;13,4500;0;1;0;3;0;0
32,5000;15,0347;12,0000;6,9012;0,2604;0,0000;0,4716;-0,0315;0,0000;0,0000;0,3255;-0,8700;6,0300;0;0,0744;13,4500;0;1;0;3;0;0
32,5139;15,0347;12,0000;6,8601;0,2615;0,0000;0,4806;-0,0315;0,0000;0,0000;0,3269;-0,6600;6,2000;0;0,0744;13,4500;0;1;0;3;0;0
32,5278;15,0347;12,0000;6,8023;0,2628;0,0000;0,4898;-0,0315;0,0000;0,0000;0,3285;-0,4500;6,3500;0;0,0744;13,4500;0;1;0;3;0;0
32,5417;15,0347;12,0000;6,7576;0,2642;0,0000;0,4989;-0,0315;0,0000;0,0000;0,3303;-0,2400;6,5100;0;0,0744;13,4500;0;1;0;3;0;0
32,5556;15,0705;12,0000;6,7188;0,2653;0,0000;0,5079;-0,0315;0,0000;0,0000;0,3316;-0,1900;6,5300;0;0,0745;13,4100;0;1;0;3;0;0
32,5695;15,1168;12,0000;6,6884;0,2663;0,0000;0,5167;-0,0315;0,0000;0,0000;0,3329;-0,1800;6,5000;0;0,0748;13,3700;0;1;0;3;0;0
32,5834;15,1632;12,0000;6,6550;0,2675;0,0000;0,5251;-0,0315;0,0000;0,0000;0,3344;-0,1800;6,4700;0;0,0750;13,3300;0;1;0;3;0;0
32,5973;15,2095;12,0000;6,6089;0,2688;0,0000;0,5332;-0,0315;0,0000;0,0000;0,3360;-0,1700;6,4300;0;0,0752;13,2900;0;1;0;3;0;0
32,6112;15,2558;12,0000;6,5608;0,2702;0,0000;0,5409;-0,0315;0,0000;0,0000;0,3377;-0,1700;6,3900;0;0,0754;13,2500;0;1;0;3;0;0
32,6250;15,4901;12,0000;6,5235;0,2742;0,0000;0,5484;-0,0315;0,0000;0,0000;0,3428;-0,9800;5,5400;0;0,0766;13,0600;0;1;0;3;0;0
32,6389;15,4901;12,0000;6,4946;0,2752;0,0000;0,5560;-0,0315;0,0000;0,0000;0,3440;-0,7800;5,7100;0;0,0766;13,0600;0;1;0;3;0;0
32,6528;15,4901;12,0000;6,4631;0,2764;0,0000;0,5638;-0,0315;0,0000;0,0000;0,3454;-0,5800;5,8800;0;0,0766;13,0600;0;1;0;3;0;0
32,6667;15,4901;12,0000;6,4296;0,2776;0,0000;0,5715;-0,0315;0,0000;0,0000;0,3470;-0,3800;6,0400;0;0,0766;13,0600;0;1;0;3;0;0
32,6806;15,4994;12,0000;6,4003;0,2788;0,0000;0,5791;-0,0315;0,0000;0,0000;0,3485;-0,2300;6,1700;0;0,0766;13,0500;0;1;0;3;0;0
32,6945;15,5457;12,0000;6,3799;0,2797;0,0000;0,5863;-0,0315;0,0000;0,0000;0,3496;-0,2400;6,1400;0;0,0768;13,0100;0;1;0;3;0;0
32,7084;15,5920;12,0000;6,3636;0,2806;0,0000;0,5932;-0,0315;0,0000;0,0000;0,3508;-0,2400;6,1200;0;0,0771;12,9800;0;1;0;3;0;0
32,7223;15,6383;12,0000;6,3539;0,2817;0,0000;0,5997;-0,0315;0,0000;0,0000;0,3522;-0,2500;6,1000;0;0,0773;12,9400;0;1;0;3;0;0
32,7362;15,6846;12,0000;6,3481;0,2830;0,0000;0,6058;-0,0315;0,0000;0,0000;0,3537;-0,2600;6,0800;0;0,0775;12,9000;0;1;0;3;0;0
32,7500;15,9467;12,0000;6,3440;0,2873;0,0000;0,6116;-0,0315;0,0000;0,0000;0,3592;-1,2300;5,1100;0;0,0787;12,7000;0;1;0;3;0;0
32,7639;15,9467;12,0000;6,3481;0,2881;0,0000;0,6175;-0,0315;0,0000;0,0000;0,3602;-1,0300;5,3100;0;0,0787;12,7000;0;1;0;3;0;0
32,7778;15,9467;12,0000;6,3593;0,2891;0,0000;0,6237;-0,0315;0,0000;0,0000;0,3614;-0,8400;5,5200;0;0,0787;12,7000;0;1;0;3;0;0
32,7917;15,9467;12,0000;6,3700;0,2902;0,0000;0,6298;-0,0315;0,0000;0,0000;0,3627;-0,6400;5,7300;0;0,0787;12,7000;0;1;0;3;0;0
32,8056;15,9467;12,0000;6,3870;0,2914;0,0000;0,6358;-0,0315;0,0000;0,0000;0,3642;-0,4400;5,9500;0;0,0787;12,7000;0;1;0;3;0;0
32,8195;15,9755;12,0000;6,4295;0,2923;0,0000;0,6416;-0,0315;0,0000;0,0000;0,3654;-0,3700;6,0500;0;0,0789;12,6800;0;1;0;3;0;0
32,8334;16,0218;12,0000;6,4571;0,2931;0,0000;0,6472;-0,0315;0,0000;0,0000;0,3664;-0,3800;6,0700;0;0,0791;12,6500;0;1;0;3;0;0
32,8473;16,0681;12,0000;6,5015;0,2941;0,0000;0,6524;-0,0315;0,0000;0,0000;0,3676;-0,3900;6,1100;0;0,0793;12,6100;0;1;0;3;0;0
32,8612;16,1144;12,0000;6,5292;0,2952;0,0000;0,6574;-0,0315;0,0000;0,0000;0,3690;-0,4000;6,1300;0;0,0795;12,5800;0;1;0;3;0;0
32,8750;16,1607;12,0000;6,5464;0,2964;0,0000;0,6622;-0,0315;0,0000;0,0000;0,3705;-0,4100;6,1400;0;0,0797;12,5500;0;1;0;3;0;0
32,8889;16,4013;12,0000;6,5754;0,3006;0,0000;0,6667;-0,0315;0,0000;0,0000;0,3757;-1,3000;5,2700;0;0,0808;12,3800;0;1;0;3;0;0
32,9028;16,4013;12,0000;6,5863;0,3014;0,0000;0,6715;-0,0315;0,0000;0,0000;0,3767;-1,1000;5,4900;0;0,0808;12,3800;0;1;0;3;0;0
32,9167;16,4013;12,0000;6,6115;0,3024;0,0000;0,6766;-0,0315;0,0000;0,0000;0,3779;-0,8900;5,7200;0;0,0808;12,3800;0;1;0;3;0;0
32,9306;16,4013;12,0000;6,6351;0,3035;0,0000;0,6817;-0,0315;0,0000;0,0000;0,3793;-0,6900;5,9500;0;0,0808;12,3800;0;1;0;3;0;0
32,9445;16,4062;12,1000;6,6475;0,3046;0,0000;0,6867;-0,0315;0,0000;0,0000;0,3808;-0,5000;6,1400;0;0,0808;12,3700;0;1;0;3;0;0
32,9584;16,4530;12,1000;6,6571;0,3054;0,0000;0,6917;-0,0315;0,0000;0,0000;0,3817;-0,5100;6,1400;0;0,0810;12,3500;0;1;0;3;0;0
32,9723;16,4997;12,1000;6,6587;0,3062;0,0000;0,6964;-0,0315;0,0000;0,0000;0,3828;-0,5200;6,1300;0;0,0812;12,3200;0;1;0;3;0;0
32,9862;16,5464;12,1000;6,6488;0,3072;0,0000;0,7009;-0,0315;0,0000;0,0000;0,3840;-0,5300;6,1100;0;0,0814;12,2900;0;1;0;3;0;0
33,0000;16,5931;12,1000;6,6276;0,3083;0,0000;0,7053;-0,0315;0,0000;0,0000;0,3854;-0,5400;6,0800;0;0,0816;12,2600;0;1;0;3;0;0
33,0139;16,8587;12,1000;6,6031;0,3127;0,0000;0,7094;-0,0315;0,0000;0,0000;0,3909;-1,5800;5,0200;0;0,0827;12,0900;0;1;0;3;0;0
33,0278;16,8587;12,1000;6,5736;0,3134;0,0000;0,7137;-0,0315;0,0000;0,0000;0,3917;-1,3800;5,2000;0;0,0827;12,0900;0;1;0;3;0;0
33,0417;16,8587;12,1000;6,5408;0,3141;0,0000;0,7183;-0,0315;0,0000;0,0000;0,3927;-1,1700;5,3700;0;0,0827;12,0900;0;1;0;3;0;0
33,0556;16,8587;12,1000;6,5060;0,3151;0,0000;0,7230;-0,0315;0,0000;0,0000;0,3938;-0,9700;5,5400;0;0,0827;12,0900;0;1;0;3;0;0
33,0695;16,8587;12,1000;6,4728;0,3161;0,0000;0,7275;-0,0315;0,0000;0,0000;0,3951;-0,7600;5,7100;0;0,0827;12,0900;0;1;0;3;0;0
33,0834;16,8881;12,1000;6,4398;0,3168;0,0000;0,7319;-0,0315;0,0000;0,0000;0,3960;-0,7000;5,7300;0;0,0828;12,0800;0;1;0;3;0;0
33,0973;16,9348;12,1000;6,4160;0,3174;0,0000;0,7362;-0,0315;0,0000;0,0000;0,3967;-0,7300;5,6900;0;0,0830;12,0500;0;1;0;3;0;0
33,1112;16,9815;12,1000;6,3907;0,3181;0,0000;0,7401;-0,0315;0,0000;0,0000;0,3976;-0,7500;5,6400;0;0,0832;12,0200;0;1;0;3;0;0
33,1250;17,0283;12,1000;6,3710;0,3189;0,0000;0,7439;-0,0315;0,0000;0,0000;0,3986;-0,7700;5,5900;0;0,0833;12,0000;0;1;0;3;0;0
33,1389;17,0750;12,1000;6,3618;0,3199;0,0000;0,7474;-0,0315;0,0000;0,0000;0,3998;-0,8000;5,5600;0;0,0835;11,9700;0;1;0;3;0;0
33,1528;17,3124;12,1000;6,3585;0,3238;0,0000;0,7507;-0,0315;0,0000;0,0000;0,4047;-1,7400;4,6200;0;0,0844;11,8500;0;1;0;3;0;0
33,1667;17,3124;12,1000;6,3614;0,3243;0,0000;0,7541;-0,0315;0,0000;0,0000;0,4053;-1,5400;4,8200;0;0,0844;11,8500;0;1;0;3;0;0
33,1806;17,3124;12,1000;6,3727;0,3249;0,0000;0,7579;-0,0315;0,0000;0,0000;0,4061;-1,3400;5,0400;0;0,0844;11,8500;0;1;0;3;0;0
33,1945;17,3124;12,1000;6,3825;0,3257;0,0000;0,7616;-0,0315;0,0000;0,0000;0,4071;-1,1400;5,2500;0;0,0844;11,8500;0;1;0;3;0;0
33,2084;17,3241;12,1000;6,3977;0,3264;0,0000;0,7653;-0,0315;0,0000;0,0000;0,4080;-0,9900;5,4000;0;0,0844;11,8400;0;1;0;3;0;0
33,2223;17,3709;12,1000;6,4250;0,3267;0,0000;0,7688;-0,0315;0,0000;0,0000;0,4084;-1,0200;5,4000;0;0,0846;11,8200;0;1;0;3;0;0
33,2362;17,4176;12,1000;6,4590;0,3272;0,0000;0,7721;-0,0315;0,0000;0,0000;0,4090;-1,0500;5,4100;0;0,0847;11,8000;0;1;0;2;0;0
33,2500;17,4643;12,1000;6,5187;0,3278;0,0000;0,7752;-0,0315;0,0000;0,0000;0,4097;-1,0700;5,4400;0;0,0849;11,7800;0;1;0;2;0;0
33,2639;17,5110;12,1000;6,5613;0,3285;0,0000;0,7781;-0,0315;0,0000;0,0000;0,4106;-1,0900;5,4700;0;0,0851;11,7600;0;1;0;2;0;0
33,2778;17,7705;12,1000;6,6015;0,3326;0,0000;0,7807;-0,0315;0,0000;0,0000;0,4158;-2,1500;4,4500;0;0,0859;11,6400;0;1;0;2;0;0
33,2917;17,7705;12,1000;6,6354;0,3329;0,0000;0,7836;-0,0315;0,0000;0,0000;0,4162;-1,9400;4,6900;0;0,0859;11,6400;0;1;0;2;0;0
33,3056;17,7705;12,1000;6,6765;0,3334;0,0000;0,7867;-0,0315;0,0000;0,0000;0,4167;-1,7300;4,9400;0;0,0859;11,6400;0;1;0;2;0;0
33,3195;17,7705;12,1000;6,7220;0,3340;0,0000;0,7899;-0,0315;0,0000;0,0000;0,4175;-1,5200;5,2000;0;0,0859;11,6400;0;1;0;2;0;0
33,3334;17,7705;12,1000;6,7707;0,3347;0,0000;0,7930;-0,0315;0,0000;0,0000;0,4184;-1,3100;5,4600;0;0,0859;11,6400;0;1;0;2;0;0
33,3473;17,8076;12,1000;6,8073;0,3350;0,0000;0,7960;-0,0315;0,0000;0,0000;0,4188;-1,2800;5,5200;0;0,0860;11,6300;0;1;0;2;0;0
33,3612;17,8544;12,1000;6,8480;0,3353;0,0000;0,7989;-0,0315;0,0000;0,0000;0,4192;-1,3000;5,5400;0;0,0861;11,6100;0;1;0;2;0;0
33,3750;17,9011;12,1000;6,8867;0,3358;0,0000;0,8015;-0,0315;0,0000;0,0000;0,4198;-1,3200;5,5700;0;0,0862;11,6000;0;1;0;2;0;0
33,3889;17,9478;12,1000;6,9183;0,3364;0,0000;0,8039;-0,0315;0,0000;0,0000;0,4205;-1,3300;5,5800;0;0,0864;11,5800;0;1;0;2;0;0
33,4028;17,9945;12,1000;6,9501;0,3372;0,0000;0,8062;-0,0315;0,0000;0,0000;0,4215;-1,3400;5,6000;0;0,0865;11,5600;0;1;0;2;0;0
33,4167;18,2236;12,1000;6,9816;0,3409;0,0000;0,8083;-0,0315;0,0000;0,0000;0,4261;-2,2600;4,7200;0;0,0871;11,4800;0;1;0;2;0;0
33,4306;18,2236;12,1000;7,0084;0,3412;0,0000;0,8107;-0,0315;0,0000;0,0000;0,4265;-2,0400;4,9700;0;0,0871;11,4800;0;1;0;2;0;0
33,4445;18,2236;12,0000;7,0449;0,3416;0,0000;0,8133;-0,0315;0,0000;0,0000;0,4270;-1,8200;5,2200;0;0,0871;11,4800;0;1;0;2;0;0
33,4584;18,2236;12,0000;7,0645;0,3422;0,0000;0,8160;-0,0315;0,0000;0,0000;0,4278;-1,6000;5,4600;0;0,0871;11,4800;0;1;0;2;0;0
33,4723;18,2443;12,0000;7,0843;0,3427;0,0000;0,8187;-0,0315;0,0000;0,0000;0,4284;-1,4900;5,5900;0;0,0871;11,4800;0;1;0;2;0;0
33,4862;18,2906;12,0000;7,0841;0,3429;0,0000;0,8213;-0,0315;0,0000;0,0000;0,4286;-1,5000;5,5800;0;0,0872;11,4600;0;1;0;2;0;0
33,5000;18,3370;12,0000;7,0762;0,3432;0,0000;0,8237;-0,0315;0,0000;0,0000;0,4291;-1,5100;5,5600;0;0,0873;11,4500;0;1;0;2;0;0
33,5139;18,3833;12,0000;7,0580;0,3437;0,0000;0,8260;-0,0315;0,0000;0,0000;0,4296;-1,5200;5,5300;0;0,0874;11,4400;0;1;0;2;0;0
33,5278;18,4297;12,0000;7,0398;0,3443;0,0000;0,8281;-0,0315;0,0000;0,0000;0,4304;-1,5400;5,5000;0;0,0875;11,4300;0;1;0;2;0;0
33,5417;18,6821;12,0000;6,9808;0,3483;0,0000;0,8300;-0,0315;0,0000;0,0000;0,4354;-2,5900;4,3900;0;0,0880;11,3600;0;1;0;2;0;0
33,5556;18,6821;12,0000;6,9515;0,3484;0,0000;0,8322;-0,0315;0,0000;0,0000;0,4355;-2,3700;4,5800;0;0,0880;11,3600;0;1;0;2;0;0
33,5695;18,6821;12,0000;6,9365;0,3486;0,0000;0,8346;-0,0315;0,0000;0,0000;0,4358;-2,1600;4,7800;0;0,0880;11,3600;0;1;0;2;0;0
33,5834;18,6821;12,0000;6,8838;0,3490;0,0000;0,8371;-0,0315;0,0000;0,0000;0,4362;-1,9400;4,9400;0;0,0880;11,3600;0;1;0;2;0;0
33,5973;18,6821;12,0000;6,8536;0,3495;0,0000;0,8396;-0,0315;0,0000;0,0000;0,4369;-1,7300;5,1200;0;0,0880;11,3600;0;1;0;2;0;0
33,6112;18,7252;12,0000;6,7859;0,3494;0,0000;0,8419;-0,0315;0,0000;0,0000;0,4368;-1,7400;5,0400;0;0,0880;11,3600;0;1;0;2;0;0
33,6250;18,7715;12,0000;6,7905;0,3494;0,0000;0,8441;-0,0315;0,0000;0,0000;0,4368;-1,7600;5,0300;0;0,0881;11,3500;0;1;0;2;0;0
33,6389;18,8178;12,0000;6,7493;0,3496;0,0000;0,8460;-0,0315;0,0000;0,0000;0,4370;-1,7800;4,9600;0;0,0882;11,3400;0;1;0;2;0;0
33,6528;18,8642;12,0000;6,7318;0,3498;0,0000;0,8478;-0,0315;0,0000;0,0000;0,4373;-1,8100;4,9200;0;0,0882;11,3400;0;1;0;2;0;0
33,6667;19,1345;12,0000;6,7127;0,3537;0,0000;0,8493;-0,0315;0,0000;0,0000;0,4422;-2,9700;3,7400;0;0,0885;11,2900;0;1;0;2;0;0
33,6806;19,1345;11,8000;6,6759;0,3535;0,0000;0,8509;-0,0315;0,0000;0,0000;0,4419;-2,7600;3,9100;0;0,0885;11,2900;0;1;0;2;0;0
33,6945;19,1345;11,8000;6,6570;0,3534;0,0000;0,8529;-0,0315;0,0000;0,0000;0,4417;-2,5600;4,1000;0;0,0885;11,2900;0;1;0;2;0;0
33,7084;19,1345;11,8000;6,6306;0,3534;0,0000;0,8548;-0,0315;0,0000;0,0000;0,4418;-2,3600;4,2700;0;0,0885;11,2900;0;1;0;2;0;0
33,7223;19,1345;11,8000;6,5962;0,3536;0,0000;0,8566;-0,0315;0,0000;0,0000;0,4420;-2,1600;4,4400;0;0,0885;11,2900;0;1;0;2;0;0
33,7362;19,1569;11,8000;6,5574;0,3535;0,0000;0,8583;-0,0315;0,0000;0,0000;0,4419;-2,0700;4,4800;0;0,0886;11,2900;0;1;0;2;0;0
33,7500;19,2025;11,8000;6,5530;0,3532;0,0000;0,8598;-0,0315;0,0000;0,0000;0,4415;-2,1000;4,4400;0;0,0886;11,2900;0;1;0;2;0;0
33,7639;19,2481;11,8000;6,5693;0,3530;0,0000;0,8611;-0,0315;0,0000;0,0000;0,4413;-2,1300;4,4300;0;0,0886;11,2900;0;1;0;2;0;0
33,7778;19,2936;11,8000;6,5507;0,3529;0,0000;0,8621;-0,0315;0,0000;0,0000;0,4412;-2,1600;4,3800;0;0,0886;11,2800;0;1;0;2;0;0
33,7917;19,3392;11,8000;6,5901;0,3530;0,0000;0,8629;-0,0315;0,0000;0,0000;0,4413;-2,1900;4,3900;0;0,0886;11,2800;0;1;0;2;0;0
33,8056;19,5933;11,8000;6,5845;0,3565;0,0000;0,8635;-0,0315;0,0000;0,0000;0,4456;-3,2800;3,3000;0;0,0887;11,2700;0;1;0;2;0;0
33,8195;19,5933;11,8000;6,5580;0,3561;0,0000;0,8643;-0,0315;0,0000;0,0000;0,4451;-3,0800;3,4700;0;0,0887;11,2700;0;1;0;2;0;0
33,8334;19,5933;11,8000;6,5671;0,3558;0,0000;0,8654;-0,0315;0,0000;0,0000;0,4447;-2,8800;3,6800;0;0,0887;11,2700;0;1;0;2;0;0
33,8473;19,5933;11,8000;6,6026;0,3556;0,0000;0,8665;-0,0315;0,0000;0,0000;0,4445;-2,6800;3,9200;0;0,0887;11,2700;0;1;0;2;0;0
33,8612;19,5933;11,8000;6,5897;0,3556;0,0000;0,8676;-0,0315;0,0000;0,0000;0,4445;-2,4800;4,1100;0;0,0887;11,2700;0;1;0;2;0;0
33,8750;19,6305;11,8000;6,5879;0,3551;0,0000;0,8685;-0,0315;0,0000;0,0000;0,4438;-2,4700;4,1100;0;0,0887;11,2700;0;1;0;2;0;0
33,8889;19,6761;11,8000;6,5892;0,3546;0,0000;0,8692;-0,0315;0,0000;0,0000;0,4432;-2,5000;4,0800;0;0,0887;11,2700;0;1;0;2;0;0
33,9028;19,7216;11,8000;6,6054;0,3542;0,0000;0,8697;-0,0315;0,0000;0,0000;0,4427;-2,5300;4,0700;0;0,0887;11,2700;0;1;0;2;0;0
33,9167;19,7672;11,8000;6,6063;0,3539;0,0000;0,8700;-0,0315;0,0000;0,0000;0,4424;-2,5600;4,0400;0;0,0887;11,2800;0;1;0;2;0;0
33,9306;19,8128;11,8000;6,6565;0,3538;0,0000;0,8701;-0,0315;0,0000;0,0000;0,4423;-2,5900;4,0600;0;0,0887;11,2800;0;1;0;2;0;0
33,9445;20,0454;11,8000;6,6438;0,3568;0,0000;0,8700;-0,0315;0,0000;0,0000;0,4460;-3,5700;3,0800;0;0,0886;11,2900;0;1;0;2;0;0
33,9584;20,0454;11,8000;6,5856;0,3562;0,0000;0,8701;-0,0315;0,0000;0,0000;0,4452;-3,3600;3,2200;0;0,0886;11,2900;0;1;0;2;0;0
33,9723;20,0454;11,8000;6,5594;0,3557;0,0000;0,8705;-0,0315;0,0000;0,0000;0,4446;-3,1600;3,4000;0;0,0886;11,2900;0;1;0;2;0;0
33,9862;20,0454;11,8000;6,5164;0,3553;0,0000;0,8709;-0,0315;0,0000;0,0000;0,4442;-2,9600;3,5500;0;0,0886;11,2900;0;1;0;2;0;0
34,0000;20,0585;11,8000;6,5350;0,3549;0,0000;0,8712;-0,0315;0,0000;0,0000;0,4436;-2,8300;3,7000;0;0,0886;11,2900;0;1;0;2;0;0
34,0139;20,1040;11,8000;6,5274;0,3541;0,0000;0,8715;-0,0315;0,0000;0,0000;0,4426;-2,8600;3,6600;0;0,0885;11,3000;0;1;0;2;0;0
34,0278;20,1496;11,8000;6,5101;0,3534;0,0000;0,8715;-0,0315;0,0000;0,0000;0,4417;-2,8900;3,6100;0;0,0884;11,3100;0;1;0;2;0;0
34,0417;20,1951;11,8000;6,4541;0,3528;0,0000;0,8713;-0,0315;0,0000;0,0000;0,4410;-2,9300;3,5200;0;0,0884;11,3100;0;1;0;2;0;0
34,0556;20,2407;11,8000;6,3379;0,3522;0,0000;0,8708;-0,0315;0,0000;0,0000;0,4403;-2,9600;3,3700;0;0,0883;11,3200;0;1;0;2;0;0
34,0695;20,5041;11,8000;6,3145;0,3553;0,0000;0,8702;-0,0315;0,0000;0,0000;0,4441;-4,1000;2,2100;0;0,0880;11,3600;0;1;0;2;0;0
34,0834;20,5041;11,8000;6,3255;0,3543;0,0000;0,8697;-0,0315;0,0000;0,0000;0,4428;-3,9100;2,4100;0;0,0880;11,3600;0;1;0;2;0;0
34,0973;20,5041;11,8000;6,2749;0,3534;0,0000;0,8695;-0,0315;0,0000;0,0000;0,4417;-3,7200;2,5600;0;0,0880;11,3600;0;1;0;2;0;0
34,1112;20,5041;11,8000;6,2625;0,3526;0,0000;0,8693;-0,0315;0,0000;0,0000;0,4408;-3,5300;2,7400;0;0,0880;11,3600;0;1;0;2;0;0
34,1250;20,5041;11,8000;6,2227;0,3519;0,0000;0,8690;-0,0315;0,0000;0,0000;0,4399;-3,3400;2,8900;0;0,0880;11,3600;0;1;0;2;0;0
34,1389;20,5317;11,8000;6,2068;0,3510;0,0000;0,8685;-0,0315;0,0000;0,0000;0,4387;-3,2900;2,9100;0;0,0880;11,3700;0;1;0;2;0;0
34,1528;20,5772;11,8000;6,2036;0,3498;0,0000;0,8678;-0,0315;0,0000;0,0000;0,4373;-3,3200;2,8700;0;0,0879;11,3800;0;1;0;2;0;0
34,1667;20,6228;11,8000;6,1770;0,3488;0,0000;0,8668;-0,0315;0,0000;0,0000;0,4360;-3,3600;2,8000;0;0,0878;11,3900;0;1;0;2;0;0
34,1806;20,6683;11,7000;6,1423;0,3479;0,0000;0,8656;-0,0315;0,0000;0,0000;0,4348;-3,4100;2,7300;0;0,0877;11,4000;0;1;0;2;0;0
34,1945;20,7135;11,7000;6,1496;0,3471;0,0000;0,8642;-0,0315;0,0000;0,0000;0,4338;-3,4500;2,6900;0;0,0876;11,4200;0;1;0;2;0;0
34,2084;20,9564;11,7000;6,1737;0,3495;0,0000;0,8625;-0,0315;0,0000;0,0000;0,4368;-4,4800;1,6900;0;0,0871;11,4800;0;1;0;2;0;0
34,2223;20,9564;11,7000;6,2007;0,3482;0,0000;0,8610;-0,0315;0,0000;0,0000;0,4352;-4,2900;1,9100;0;0,0871;11,4800;0;1;0;2;0;0
34,2362;20,9564;11,7000;6,2125;0,3470;0,0000;0,8597;-0,0315;0,0000;0,0000;0,4338;-4,1000;2,1100;0;0,0871;11,4800;0;1;0;1;0;0
34,2500;20,9564;11,7000;6,2213;0,3460;0,0000;0,8585;-0,0315;0,0000;0,0000;0,4325;-3,9100;2,3100;0;0,0871;11,4800;0;1;0;1;0;0
34,2639;20,9564;11,7000;6,2133;0,3451;0,0000;0,8571;-0,0315;0,0000;0,0000;0,4314;-3,7300;2,4800;0;0,0871;11,4800;0;1;0;1;0;0
34,2778;21,0016;11,7000;6,2115;0,3436;0,0000;0,8557;-0,0315;0,0000;0,0000;0,4295;-3,7600;2,4400;0;0,0870;11,4900;0;1;0;1;0;0
34,2917;21,0467;11,7000;6,2607;0,3422;0,0000;0,8540;-0,0315;0,0000;0,0000;0,4278;-3,8000;2,4500;0;0,0869;11,5100;0;1;0;1;0;0
34,3056;21,0919;11,7000;6,3402;0,3410;0,0000;0,8521;-0,0315;0,0000;0,0000;0,4262;-3,8300;2,5000;0;0,0867;11,5300;0;1;0;1;0;0
34,3195;21,1370;11,7000;6,3589;0,3399;0,0000;0,8499;-0,0315;0,0000;0,0000;0,4249;-3,8600;2,4900;0;0,0866;11,5400;0;1;0;1;0;0
34,3334;21,1822;11,7000;6,4166;0,3389;0,0000;0,8475;-0,0315;0,0000;0,0000;0,4236;-3,8900;2,5200;0;0,0865;11,5600;0;1;0;1;0;0
34,3473;21,4142;11,7000;6,4390;0,3409;0,0000;0,8450;-0,0315;0,0000;0,0000;0,4261;-4,8500;1,5900;0;0,0859;11,6500;0;1;0;1;0;0
34,3612;21,4142;11,7000;6,4764;0,3395;0,0000;0,8426;-0,0315;0,0000;0,0000;0,4243;-4,6500;1,8300;0;0,0859;11,6500;0;1;0;1;0;0
34,3750;21,4142;11,7000;6,5631;0,3382;0,0000;0,8405;-0,0315;0,0000;0,0000;0,4227;-4,4500;2,1100;0;0,0859;11,6500;0;1;0;1;0;0
34,3889;21,4142;11,7000;6,5804;0,3370;0,0000;0,8385;-0,0315;0,0000;0,0000;0,4213;-4,2500;2,3300;0;0,0859;11,6500;0;1;0;1;0;0
34,4028;21,4245;11,7000;6,5974;0,3358;0,0000;0,8364;-0,0315;0,0000;0,0000;0,4198;-4,1000;2,4900;0;0,0858;11,6500;0;1;0;1;0;0
34,4167;21,4696;11,7000;6,6020;0,3343;0,0000;0,8342;-0,0315;0,0000;0,0000;0,4178;-4,1200;2,4700;0;0,0857;11,6700;0;1;0;1;0;0
34,4306;21,5147;11,7000;6,6058;0,3328;0,0000;0,8318;-0,0315;0,0000;0,0000;0,4160;-4,1400;2,4500;0;0,0855;11,6900;0;1;0;1;0;0
34,4445;21,5599;11,7000;6,6159;0,3315;0,0000;0,8292;-0,0315;0,0000;0,0000;0,4143;-4,1600;2,4400;0;0,0854;11,7100;0;1;0;1;0;0
34,4584;21,6050;11,7000;6,6268;0,3302;0,0000;0,8264;-0,0315;0,0000;0,0000;0,4128;-4,1800;2,4400;0;0,0852;11,7300;0;1;0;1;0;0
34,4723;21,8677;11,7000;6,6290;0,3324;0,0000;0,8235;-0,0315;0,0000;0,0000;0,4155;-5,2600;1,3700;0;0,0843;11,8600;0;1;0;1;0;0
34,4862;21,8677;11,7000;6,6411;0,3308;0,0000;0,8207;-0,0315;0,0000;0,0000;0,4135;-5,0600;1,5800;0;0,0843;11,8600;0;1;0;1;0;0
34,5000;21,8677;11,7000;6,6435;0,3293;0,0000;0,8182;-0,0315;0,0000;0,0000;0,4116;-4,8600;1,7900;0;0,0843;11,8600;0;1;0;1;0;0
34,5139;21,8677;11,7000;6,6172;0,3278;0,0000;0,8158;-0,0315;0,0000;0,0000;0,4098;-4,6600;1,9600;0;0,0843;11,8600;0;1;0;1;0;0
34,5278;21,8677;11,7000;6,6118;0,3265;0,0000;0,8133;-0,0315;0,0000;0,0000;0,4082;-4,4600;2,1500;0;0,0843;11,8600;0;1;0;1;0;0
34,5417;21,8917;11,7000;6,5902;0,3250;0,0000;0,8106;-0,0315;0,0000;0,0000;0,4063;-4,3700;2,2100;0;0,0842;11,8700;0;1;0;1;0;0
34,5556;21,9368;11,7000;6,5513;0,3233;0,0000;0,8078;-0,0315;0,0000;0,0000;0,4042;-4,3900;2,1500;0;0,0840;11,9000;0;1;0;1;0;0
34,5695;21,9819;11,7000;6,5566;0,3217;0,0000;0,8048;-0,0315;0,0000;0,0000;0,4022;-4,4100;2,1400;0;0,0839;11,9200;0;1;0;1;0;0
34,5834;22,0271;11,7000;6,5484;0,3202;0,0000;0,8015;-0,0315;0,0000;0,0000;0,4003;-4,4300;2,1100;0;0,0837;11,9500;0;1;0;1;0;0
34,5973;22,0722;11,7000;6,5465;0,3189;0,0000;0,7980;-0,0315;0,0000;0,0000;0,3986;-4,4400;2,0900;0;0,0835;11,9800;0;1;0;1;0;0
34,6112;22,3238;11,7000;6,5312;0,3207;0,0000;0,7944;-0,0315;0,0000;0,0000;0,4009;-5,4500;1,0800;0;0,0825;12,1200;0;1;0;1;0;0
34,6250;22,3238;11,7000;6,5171;0,3189;0,0000;0,7909;-0,0315;0,0000;0,0000;0,3986;-5,2500;1,2700;0;0,0825;12,1200;0;1;0;1;0;0
34,6389;22,3238;11,7000;6,5128;0,3172;0,0000;0,7877;-0,0315;0,0000;0,0000;0,3966;-5,0500;1,4600;0;0,0825;12,1200;0;1;0;1;0;0
34,6528;22,3238;11,7000;6,5243;0,3157;0,0000;0,7846;-0,0315;0,0000;0,0000;0,3946;-4,8500;1,6700;0;0,0825;12,1200;0;1;0;1;0;0
34,6667;22,3238;11,7000;6,5275;0,3143;0,0000;0,7814;-0,0315;0,0000;0,0000;0,3928;-4,6600;1,8700;0;0,0825;12,1200;0;1;0;1;0;0
34,6806;22,3579;11,7000;6,5395;0,3125;0,0000;0,7781;-0,0315;0,0000;0,0000;0,3906;-4,6200;1,9100;0;0,0823;12,1500;0;1;0;1;0;0
34,6945;22,4030;11,7000;6,5543;0,3106;0,0000;0,7745;-0,0315;0,0000;0,0000;0,3883;-4,6300;1,9100;0;0,0821;12,1800;0;1;0;1;0;0
34,7084;22,4482;11,7000;6,5572;0,3089;0,0000;0,7708;-0,0315;0,0000;0,0000;0,3862;-4,6400;1,9100;0;0,0819;12,2100;0;1;0;1;0;0
34,7223;22,4933;11,7000;6,5767;0,3073;0,0000;0,7668;-0,0315;0,0000;0,0000;0,3842;-4,6500;1,9100;0;0,0817;12,2400;0;1;0;1;0;0
34,7362;22,5385;11,7000;6,6190;0,3059;0,0000;0,7626;-0,0315;0,0000;0,0000;0,3824;-4,6600;1,9500;0;0,0815;12,2700;0;1;0;1;0;0
34,7500;22,7801;11,7000;6,6410;0,3074;0,0000;0,7583;-0,0315;0,0000;0,0000;0,3843;-5,5900;1,0500;0;0,0804;12,4300;0;1;0;1;0;0
34,7639;22,7801;11,7000;6,6598;0,3056;0,0000;0,7541;-0,0315;0,0000;0,0000;0,3820;-5,3900;1,2700;0;0,0804;12,4300;0;1;0;1;0;0
34,7778;22,7801;11,7000;6,6729;0,3039;0,0000;0,7502;-0,0315;0,0000;0,0000;0,3798;-5,1900;1,4900;0;0,0804;12,4300;0;1;0;1;0;0
34,7917;22,7801;11,7000;6,6756;0,3023;0,0000;0,7464;-0,0315;0,0000;0,0000;0,3778;-4,9800;1,6900;0;0,0804;12,4300;0;1;0;1;0;0
34,8056;22,7801;11,7000;6,6884;0,3008;0,0000;0,7426;-0,0315;0,0000;0,0000;0,3760;-4,7800;1,9100;0;0,0804;12,4300;0;1;0;1;0;0
34,8195;22,8231;11,7000;6,7012;0,2988;0,0000;0,7386;-0,0315;0,0000;0,0000;0,3735;-4,7700;1,9200;0;0,0802;12,4700;0;1;0;1;0;0
34,8334;22,8683;11,7000;6,7222;0,2970;0,0000;0,7344;-0,0315;0,0000;0,0000;0,3712;-4,7800;1,9400;0;0,0800;12,5000;0;1;0;1;0;0
34,8473;22,9134;11,7000;6,7357;0,2952;0,0000;0,7300;-0,0315;0,0000;0,0000;0,3691;-4,7800;1,9500;0;0,0798;12,5400;0;1;0;1;0;0
34,8612;22,9585;11,7000;6,7388;0,2936;0,0000;0,7254;-0,0315;0,0000;0,0000;0,3671;-4,7800;1,9500;0;0,0795;12,5700;0;1;0;1;0;0
34,8750;23,0037;11,7000;6,7326;0,2922;0,0000;0,7206;-0,0315;0,0000;0,0000;0,3652;-4,7800;1,9400;0;0,0793;12,6100;0;1;0;1;0;0
34,8889;23,2332;11,7000;6,7242;0,2934;0,0000;0,7156;-0,0315;0,0000;0,0000;0,3668;-5,6200;1,1000;0;0,0782;12,7900;0;1;0;1;0;0
34,9028;23,2332;11,7000;6,7143;0,2915;0,0000;0,7108;-0,0315;0,0000;0,0000;0,3644;-5,4200;1,3000;0;0,0782;12,7900;0;1;0;1;0;0
34,9167;23,2332;11,7000;6,7123;0,2898;0,0000;0,7064;-0,0315;0,0000;0,0000;0,3622;-5,2100;1,5000;0;0,0782;12,7900;0;1;0;1;0;0
34,9306;23,2332;11,7000;6,7120;0,2882;0,0000;0,7020;-0,0315;0,0000;0,0000;0,3602;-5,0100;1,7000;0;0,0782;12,7900;0;1;0;1;0;0
34,9445;23,2423;11,4000;6,7131;0,2865;0,0000;0,6975;-0,0315;0,0000;0,0000;0,3582;-4,8500;1,8500;0;0,0781;12,8000;0;1;0;1;0;0
34,9584;23,2862;11,4000;6,7174;0,2846;0,0000;0,6929;-0,0315;0,0000;0,0000;0,3557;-4,8500;1,8600;0;0,0779;12,8400;0;1;0;1;0;0
34,9723;23,3302;11,4000;6,7134;0,2828;0,0000;0,6881;-0,0315;0,0000;0,0000;0,3535;-4,8400;1,8600;0;0,0777;12,8800;0;1;0;1;0;0
34,9862;23,3742;11,4000;6,7036;0,2811;0,0000;0,6831;-0,0315;0,0000;0,0000;0,3514;-4,8400;1,8500;0;0,0774;12,9100;0;1;0;1;0;0
35,0000;23,4182;11,4000;6,6934;0,2795;0,0000;0,6778;-0,0315;0,0000;0,0000;0,3494;-4,8400;1,8500;0;0,0772;12,9500;0;1;0;1;0;0
35,0139;23,4622;11,4000;6,6826;0,2780;0,0000;0,6724;-0,0315;0,0000;0,0000;0,3475;-4,8300;0,8200;0;0,0770;12,9900;0;1;0;1;0;0
35,0278;23,6949;11,4000;6,6804;0,2793;0,0000;0,6668;-0,0315;0,0000;0,0000;0,3491;-5,6600;1,0200;0;0,0757;13,2000;0;1;0;1;0;0
35,0417;23,6949;11,4000;6,6708;0,2775;0,0000;0,6615;-0,0315;0,0000;0,0000;0,3468;-5,4700;1,2100;0;0,0757;13,2000;0;1;0;1;0;0
35,0556;23,6949;11,4000;6,6632;0,2757;0,0000;0,6565;-0,0315;0,0000;0,0000;0,3446;-5,2700;1,3900;0;0,0757;13,2000;0;1;0;1;0;0
35,0695;23,6949;11,4000;6,6681;0,2741;0,0000;0,6516;-0,0315;0,0000;0,0000;0,3426;-5,0700;1,6000;0;0,0757;13,2000;0;1;0;1;0;0
35,0834;23,6949;11,4000;6,6820;0,2726;0,0000;0,6466;-0,0315;0,0000;0,0000;0,3408;-4,8800;1,8000;0;0,0757;13,2000;0;1;0;1;0;0
35,0973;23,7379;11,4000;6,7023;0,2707;0,0000;0,6416;-0,0315;0,0000;0,0000;0,3384;-4,8600;1,8300;0;0,0755;13,2500;0;1;0;1;0;0
35,1112;23,7818;11,4000;6,7064;0,2689;0,0000;0,6363;-0,0315;0,0000;0,0000;0,3361;-4,8500;1,8400;0;0,0753;13,2900;0;1;0;1;0;0
35,1250;23,8258;11,4000;6,7243;0,2672;0,0000;0,6308;-0,0315;0,0000;0,0000;0,3339;-4,8400;1,8700;0;0,0750;13,3300;0;1;0;1;0;0
35,1389;23,8698;11,4000;6,7399;0,2656;0,0000;0,6249;-0,0315;0,0000;0,0000;0,3320;-4,8300;1,9000;0;0,0748;13,3700;0;1;0;1;0;0
35,1528;23,9138;11,4000;6,7434;0,2641;0,0000;0,6187;-0,0315;0,0000;0,0000;0,3301;-4,8200;1,9100;0;0,0745;13,4200;0;1;0;1;0;0
35,1667;24,1436;11,4000;6,7441;0,2652;0,0000;0,6122;-0,0315;0,0000;0,0000;0,3315;-5,6000;1,1400;0;0,0733;13,6500;0;1;0;1;0;0
35,1806;24,1436;11,4000;6,7394;0,2634;0,0000;0,6060;-0,0315;0,0000;0,0000;0,3292;-5,4100;1,3300;0;0,0733;13,6500;0;1;0;1;0;0
35,1945;24,1436;11,4000;6,7323;0,2617;0,0000;0,6000;-0,0315;0,0000;0,0000;0,3271;-5,2100;1,5200;0;0,0733;13,6500;0;1;0;1;0;0
35,2084;24,1436;11,4000;6,7246;0,2601;0,0000;0,5941;-0,0315;0,0000;0,0000;0,3252;-5,0100;1,7100;0;0,0733;13,6500;0;1;0;1;0;0
35,2223;24,1446;11,4000;6,7134;0,2587;0,0000;0,5880;-0,0315;0,0000;0,0000;0,3234;-4,8200;1,8900;0;0,0733;13,6500;0;1;0;1;0;0
35,2362;24,1885;11,4000;6,7111;0,2568;0,0000;0,5817;-0,0315;0,0000;0,0000;0,3210;-4,8000;1,9000;0;0,0730;13,7000;0;1;0;1;0;0
35,2500;24,2325;11,4000;6,6936;0,2550;0,0000;0,5750;-0,0315;0,0000;0,0000;0,3187;-4,7900;1,9000;0;0,0728;13,7500;0;1;0;0;0;0
35,2639;24,2765;11,4000;6,6671;0,2533;0,0000;0,5680;-0,0315;0,0000;0,0000;0,3166;-4,7700;1,8900;0;0,0725;13,7900;0;1;0;0;0;0
35,2778;24,3205;11,4000;6,5955;0,2517;0,0000;0,5605;-0,0315;0,0000;0,0000;0,3147;-4,7600;1,8300;0;0,0723;13,8400;0;1;0;0;0;0
35,2917;24,3644;11,4000;6,5604;0,2503;0,0000;0,5527;-0,0315;0,0000;0,0000;0,3129;-4,7500;1,8000;0;0,0720;13,8900;0;1;0;0;0;0
35,3056;24,6022;11,4000;6,5298;0,2514;0,0000;0,5446;-0,0315;0,0000;0,0000;0,3143;-5,5400;0,9900;0;0,0707;14,1500;0;1;0;0;0;0
35,3195;24,6022;11,4000;6,5137;0,2496;0,0000;0,5368;-0,0315;0,0000;0,0000;0,3120;-5,3400;1,1700;0;0,0707;14,1500;0;1;0;0;0;0
35,3334;24,6022;11,4000;6,4806;0,2479;0,0000;0,5295;-0,0315;0,0000;0,0000;0,3099;-5,1500;1,3300;0;0,0707;14,1500;0;1;0;0;0;0
35,3473;24,6022;11,4000;6,4742;0,2463;0,0000;0,5223;-0,0315;0,0000;0,0000;0,3079;-4,9600;1,5100;0;0,0707;14,1500;0;1;0;0;0;0
35,3612;24,6022;11,4000;6,4653;0,2449;0,0000;0,5150;-0,0315;0,0000;0,0000;0,3061;-4,7700;1,6900;0;0,0707;14,1500;0;1;0;0;0;0
35,3750;24,6383;11,4000;6,4516;0,2430;0,0000;0,5075;-0,0315;0,0000;0,0000;0,3038;-4,7300;1,7100;0;0,0704;14,2000;0;1;0;0;0;0
35,3889;24,6822;11,4000;6,4425;0,2412;0,0000;0,4998;-0,0315;0,0000;0,0000;0,3016;-4,7100;1,7200;0;0,0702;14,2500;0;1;0;0;0;0
35,4028;24,7262;11,4000;6,4333;0,2396;0,0000;0,4918;-0,0315;0,0000;0,0000;0,2994;-4,7000;1,7200;0;0,0699;14,3000;0;1;0;0;0;0
35,4167;24,7702;11,4000;6,4312;0,2380;0,0000;0,4834;-0,0315;0,0000;0,0000;0,2975;-4,6900;1,7400;0;0,0697;14,3500;0;1;0;0;0;0
35,4306;24,8142;11,4000;6,4308;0,2365;0,0000;0,4749;-0,0315;0,0000;0,0000;0,2956;-4,6700;1,7500;0;0,0694;14,4000;0;1;0;0;0;0
35,4445;25,0569;11,4000;6,4268;0,2376;0,0000;0,4662;-0,0315;0,0000;0,0000;0,2970;-5,4500;0,9800;0;0,0680;14,7000;0;1;0;0;0;0
35,4584;25,0569;11,2000;6,4258;0,2358;0,0000;0,4579;-0,0315;0,0000;0,0000;0,2947;-5,2600;1,1600;0;0,0680;14,7000;0;1;0;0;0;0
35,4723;25,0569;11,2000;6,4265;0,2341;0,0000;0,4502;-0,0315;0,0000;0,0000;0,2927;-5,0800;1,3500;0;0,0680;14,7000;0;1;0;0;0;0
35,4862;25,0569;11,2000;6,4304;0,2326;0,0000;0,4427;-0,0315;0,0000;0,0000;0,2908;-4,8900;1,5400;0;0,0680;14,7000;0;1;0;0;0;0
35,5000;25,0569;11,2000;6,4194;0,2312;0,0000;0,4352;-0,0315;0,0000;0,0000;0,2890;-4,7100;1,7100;0;0,0680;14,7000;0;1;0;0;0;0
35,5139;25,0840;11,2000;6,4070;0,2296;0,0000;0,4278;-0,0315;0,0000;0,0000;0,2870;-4,6200;1,7700;0;0,0679;14,7300;0;1;0;0;0;0
35,5278;25,1272;11,2000;6,3945;0,2279;0,0000;0,4203;-0,0315;0,0000;0,0000;0,2848;-4,6100;1,7800;0;0,0676;14,7900;0;1;0;0;0;0
35,5417;25,1704;11,2000;6,3831;0,2262;0,0000;0,4127;-0,0315;0,0000;0,0000;0,2828;-4,5900;1,7900;0;0,0674;14,8400;0;1;0;0;0;0
35,5556;25,2136;11,2000;6,3808;0,2247;0,0000;0,4051;-0,0315;0,0000;0,0000;0,2809;-4,5700;1,8000;0;0,0671;14,9000;0;1;0;0;0;0
35,5695;25,2568;11,2000;6,3650;0,2233;0,0000;0,3975;-0,0315;0,0000;0,0000;0,2792;-4,5500;1,8100;0;0,0669;14,9500;0;1;0;0;0;0
35,5834;25,5096;11,2000;6,3541;0,2245;0,0000;0,3899;-0,0315;0,0000;0,0000;0,2807;-5,3300;1,0200;0;0,0654;15,2900;0;1;0;0;0;0
35,5973;25,5096;11,2000;6,3425;0,2228;0,0000;0,3828;-0,0315;0,0000;0,0000;0,2785;-5,1500;1,1900;0;0,0654;15,2900;0;1;0;0;0;0
35,6112;25,5096;11,2000;6,3417;0,2212;0,0000;0,3763;-0,0315;0,0000;0,0000;0,2766;-4,9700;1,3700;0;0,0654;15,2900;0;1;0;0;0;0
35,6250;25,5096;11,2000;6,3461;0,2198;0,0000;0,3701;-0,0315;0,0000;0,0000;0,2747;-4,7800;1,5600;0;0,0654;15,2900;0;1;0;0;0;0
35,6389;25,5096;11,2000;6,3511;0,2184;0,0000;0,3641;-0,0315;0,0000;0,0000;0,2730;-4,6000;1,7500;0;0,0654;15,2900;0;1;0;0;0;0
35,6528;25,5243;11,2000;6,3583;0,2170;0,0000;0,3582;-0,0315;0,0000;0,0000;0,2712;-4,4700;1,8800;0;0,0653;15,3100;0;1;0;0;0;0
35,6667;25,5675;11,2000;6,3599;0,2153;0,0000;0,3524;-0,0315;0,0000;0,0000;0,2691;-4,4400;1,9100;0;0,0651;15,3700;0;1;0;0;0;0
35,6806;25,6107;11,2000;6,3656;0,2138;0,0000;0,3468;-0,0315;0,0000;0,0000;0,2672;-4,4200;1,9400;0;0,0648;15,4200;0;1;0;0;0;0
35,6945;25,6540;11,2000;6,3943;0,2124;0,0000;0,3413;-0,0315;0,0000;0,0000;0,2654;-4,3900;2,0000;0;0,0646;15,4800;0;1;0;0;0;0
35,7084;25,6972;11,2000;6,4211;0,2110;0,0000;0,3359;-0,0315;0,0000;0,0000;0,2638;-4,3600;2,0500;0;0,0643;15,5400;0;1;0;0;0;0
35,7223;25,7404;11,2000;6,4621;0,2099;0,0000;0,3310;-0,0315;0,0000;0,0000;0,2623;-4,3300;1,2800;0;0,0641;15,6000;0;1;0;0;0;0
35,7362;25,9728;11,2000;6,5072;0,2110;0,0000;0,3271;-0,0315;0,0000;0,0000;0,2638;-5,0000;1,5100;0;0,0628;15,9300;0;1;0;0;0;0
35,7500;25,9728;11,2000;6,5162;0,2096;0,0000;0,3240;-0,0315;0,0000;0,0000;0,2620;-4,8100;1,7100;0;0,0628;15,9300;0;1;0;0;0;0
35,7639;25,9728;11,2000;6,5630;0,2082;0,0000;0,3216;-0,0315;0,0000;0,0000;0,2603;-4,6200;1,9400;0;0,0628;15,9300;0;1;0;0;0;0
35,7778;25,9728;11,2000;6,6078;0,2070;0,0000;0,3207;-0,0315;0,0000;0,0000;0,2588;-4,4300;2,1800;0;0,0628;15,9300;0;1;0;0;0;0
35,7917;25,9728;11,2000;6,7148;0,2060;0,0000;0,3213;-0,0315;0,0000;0,0000;0,2575;-4,2300;2,4800;0;0,0628;15,9300;0;1;0;0;0;0
35,8056;26,0072;11,2000;6,7957;0,2047;0,0000;0,3228;-0,0315;0,0000;0,0000;0,2558;-4,1600;2,6300;0;0,0626;15,9800;0;1;0;0;0;0
35,8195;26,0504;11,2000;6,8638;0,2034;0,0000;0,3243;-0,0315;0,0000;0,0000;0,2543;-4,1100;2,7500;0;0,0623;16,0500;0;1;0;0;0;0
35,8334;26,0936;11,2000;6,9331;0,2023;0,0000;0,3239;-0,0315;0,0000;0,0000;0,2529;-4,0600;2,8700;0;0,0621;16,1100;0;1;0;0;0;0
35,8473;26,1369;11,2000;7,0008;0,2013;0,0000;0,3192;-0,0315;0,0000;0,0000;0,2516;-4,0100;2,9900;0;0,0618;16,1700;0;1;0;0;0;0
35,8612;26,1801;11,2000;7,0144;0,2004;0,0000;0,3082;-0,0315;0,0000;0,0000;0,2505;-3,9600;3,0500;0;0,0616;16,2400;0;1;0;0;0;0
35,8750;26,4211;11,2000;7,0869;0,2019;0,0000;0,2902;-0,0315;0,0000;0,0000;0,2523;-4,6000;2,4900;0;0,0602;16,6100;0;1;0;0;0;0
35,8889;26,4211;11,2000;7,1766;0,2008;0,0000;0,2708;-0,0315;0,0000;0,0000;0,2510;-4,3900;2,7800;0;0,0602;16,6100;0;1;0;0;0;0
35,9028;26,4211;11,2000;7,2536;0,1999;0,0000;0,2522;-0,0315;0,0000;0,0000;0,2499;-4,1800;3,0700;0;0,0602;16,6100;0;1;0;0;0;0
35,9167;26,4211;11,2000;7,3451;0,1991;0,0000;0,0000;-0,0315;0,0000;0,0000;0,2489;-3,9700;3,3800;0;0,0602;16,6100;0;1;0;0;0;0
35,9306;26,4211;11,2000;7,3797;0,1985;0,0000;0,0000;-0,0315;0,0000;0,0000;0,2481;-3,7500;3,6300;0;0,0602;16,6100;0;1;0;0;0;0
35,9445;26,4464;11,3000;7,4018;0,1978;0,0000;0,0000;-0,0315;0,0000;0,0000;0,2472;-3,6200;3,7700;0;0,0601;16,6400;0;1;0;0;0;0
35,9584;26,4901;11,3000;7,4166;0,1969;0,0000;0,0000;-0,0315;0,0000;0,0000;0,2462;-3,5500;3,8600;0;0,0598;16,7100;0;1;0;0;0;0
35,9723;26,5337;11,3000;7,4196;0,1962;0,0000;0,0000;-0,0315;0,0000;0,0000;0,2453;-3,4800;3,9300;0;0,0596;16,7800;0;1;0;0;0;0
35,9862;26,5773;11,3000;7,4197;0,1957;0,0000;0,0000;-0,0315;0,0000;0,0000;0,2446;-3,4100;4,0000;0;0,0594;16,8500;0;1;0;0;0;0
36,0000;26,6210;11,3000;7,4064;0,1952;0,0000;0,0000;-0,0315;0,0000;0,0000;0,2440;-3,3400;4,0600;0;0,0591;16,9200;0;1;0;0;0;0
36,0139;26,8765;11,3000;7,2847;0,1971;0,0000;0,0000;-0,0315;0,0000;0,0000;0,2464;-3,9900;3,2900;0;0,0577;17,3300;0;1;0;0;0;0
36,0278;26,8765;11,3000;7,1930;0,1964;0,0000;0,0000;-0,0315;0,0000;0,0000;0,2455;-3,7800;3,4100;0;0,0577;17,3300;0;1;0;0;0;0
36,0417;26,8765;11,3000;7,1048;0,1958;0,0000;0,0000;-0,0315;0,0000;0,0000;0,2447;-3,5800;3,5300;0;0,0577;17,3300;0;1;0;0;0;0
36,0556;26,8765;11,3000;7,0295;0,1953;0,0000;0,0000;-0,0315;0,0000;0,0000;0,2441;-3,3700;3,6600;0;0,0577;17,3300;0;1;0;0;0;0
36,0695;26,8765;11,3000;7,0144;0,1949;0,0000;0,0000;-0,0315;0,0000;0,0000;0,2436;-3,1600;3,8500;0;0,0577;17,3300;0;1;0;0;0;0
36,0834;26,8893;11,3000;6,9374;0,1945;0,0000;0,0000;-0,0315;0,0000;0,0000;0,2432;-3,0000;3,9300;0;0,0576;17,3500;0;1;0;0;0;0
36,0973;26,9329;11,3000;6,8115;0,1939;0,0000;0,0000;-0,0315;0,0000;0,0000;0,2424;-2,9500;3,8600;0;0,0574;17,4200;0;1;0;0;0;0
36,1112;26,9765;11,3000;6,6006;0,1933;0,0000;0,0000;-0,0315;0,0000;0,0000;0,2417;-2,8900;3,7000;0;0,0572;17,4900;0;1;0;0;0;0
36,1250;27,0202;11,3000;6,4866;0,1929;0,0000;0,0000;-0,0315;0,0000;0,0000;0,2411;-2,8400;3,6400;0;0,0569;17,5600;0;1;0;0;0;0
36,1389;27,0638;11,3000;6,3899;0,1925;0,0000;0,0000;-0,0315;0,0000;0,0000;0,2406;-2,8000;3,5900;0;0,0567;17,6400;0;1;0;0;0;0
36,1528;27,1074;11,3000;6,2684;0,1922;0,0000;0,0000;-0,0315;0,0000;0,0000;0,2402;-2,7600;2,7600;0;0,0565;17,7100;0;1;0;0;0;0
36,1667;27,3405;11,3000;6,1813;0,1939;0,0000;0,0000;-0,0315;0,0000;0,0000;0,2424;-3,3300;2,8500;0;0,0552;18,1100;0;1;0;0;0;0
36,1806;27,3405;11,3000;6,1639;0,1934;0,0000;0,0000;-0,0315;0,0000;0,0000;0,2417;-3,1500;3,0200;0;0,0552;18,1100;0;1;0;0;0;0
36,1945;27,3405;11,0000;6,1181;0,1929;0,0000;0,0000;-0,0315;0,0000;0,0000;0,2411;-2,9700;3,1400;0;0,0552;18,1100;0;1;0;0;0;0
36,2084;27,3405;11,0000;6,0845;0,1925;0,0000;0,0000;-0,0315;0,0000;0,0000;0,2406;-2,8000;3,2800;0;0,0552;18,1100;0;1;0;0;0;0
36,2223;27,3405;11,0000;6,0293;0,1922;0,0000;0,0000;-0,0315;0,0000;0,0000;0,2403;-2,6300;3,4000;0;0,0552;18,1100;0;1;0;0;0;0
36,2362;27,3718;11,0000;5,9590;0,1918;0,0000;0,0000;-0,0315;0,0000;0,0000;0,2397;-2,5600;3,4000;0;0,0551;18,1600;0;1;0;0;0;0
36,2500;27,4142;11,0000;5,9235;0,1913;0,0000;0,0000;-0,0315;0,0000;0,0000;0,2391;-2,5200;3,4000;0;0,0548;18,2400;0;1;0;0;0;0
36,2639;27,4567;11,0000;5,8932;0,1909;0,0000;0,0000;-0,0315;0,0000;0,0000;0,2386;-2,4800;3,4100;0;0,0546;18,3100;0;1;0;7;0;0
36,2778;27,4992;11,0000;5,8871;0,1906;0,0000;0,0000;-0,0315;0,0000;0,0000;0,2382;-2,4500;3,4400;0;0,0544;18,3900;0;1;0;7;0;0
36,2917;27,5417;11,0000;5,8637;0,1904;0,0000;0,0000;-0,0315;0,0000;0,0000;0,2380;-2,4100;3,4500;0;0,0542;18,4600;0;1;0;7;0;0
36,3056;27,7866;11,0000;5,8405;0,1922;0,0000;0,0000;-0,0315;0,0000;0,0000;0,2402;-3,0000;2,8400;0;0,0529;18,9000;0;1;0;7;0;0
36,3195;27,7866;11,0000;5,8181;0,1917;0,0000;0,0000;-0,0315;0,0000;0,0000;0,2397;-2,8400;2,9800;0;0,0529;18,9000;0;1;0;7;0;0
36,3334;27,7866;11,0000;5,8019;0,1914;0,0000;0,0000;-0,0315;0,0000;0,0000;0,2393;-2,6700;3,1300;0;0,0529;18,9000;0;1;0;7;0;0
36,3473;27,7866;11,0000;5,7986;0,1912;0,0000;0,0000;-0,0315;0,0000;0,0000;0,2390;-2,5100;3,2900;0;0,0529;18,9000;0;1;0;7;0;0
36,3612;27,7866;11,0000;5,7813;0,1910;0,0000;0,0000;-0,0315;0,0000;0,0000;0,2388;-2,3400;3,4400;0;0,0529;18,9000;0;1;0;7;0;0
36,3750;27,8022;11,0000;5,7607;0,1908;0,0000;0,0000;-0,0315;0,0000;0,0000;0,2385;-2,2300;3,5300;0;0,0528;18,9300;0;1;0;7;0;0
36,3889;27,8446;11,0000;5,7317;0,1905;0,0000;0,0000;-0,0315;0,0000;0,0000;0,2381;-2,1900;3,5400;0;0,0526;19,0100;0;1;0;7;0;0
36,4028;27,8871;11,0000;5,7053;0,1902;0,0000;0,0000;-0,0315;0,0000;0,0000;0,2378;-2,1500;3,5500;0;0,0524;19,0900;0;1;0;7;0;0
36,4167;27,9296;11,0000;5,6835;0,1900;0,0000;0,0000;-0,0315;0,0000;0,0000;0,2375;-2,1200;3,5600;0;0,0522;19,1600;0;1;0;7;0;0
36,4306;27,9720;11,0000;5,6658;0,1899;0,0000;0,0000;-0,0315;0,0000;0,0000;0,2374;-2,0800;3,5800;0;0,0520;19,2400;0;1;0;7;0;0
36,4445;28,0145;11,0000;5,6480;0,1899;0,0000;0,0000;-0,0315;0,0000;0,0000;0,2374;-2,0500;2,9200;0;0,0518;19,3200;0;1;0;7;0;0
36,4584;28,2428;11,0000;5,6162;0,1917;0,0000;0,0000;-0,0315;0,0000;0,0000;0,2397;-2,5600;3,0500;0;0,0506;19,7600;0;1;0;7;0;0
36,4723;28,2428;11,0000;5,5952;0,1915;0,0000;0,0000;-0,0315;0,0000;0,0000;0,2394;-2,4000;3,1900;0;0,0506;19,7600;0;1;0;7;0;0
36,4862;28,2428;11,0000;5,5639;0,1914;0,0000;0,0000;-0,0315;0,0000;0,0000;0,2392;-2,2500;3,3200;0;0,0506;19,7600;0;1;0;7;0;0
36,5000;28,2428;11,0000;5,5340;0,1913;0,0000;0,0000;-0,0315;0,0000;0,0000;0,2392;-2,0900;3,4500;0;0,0506;19,7600;0;1;0;7;0;0
36,5139;28,2428;11,0000;5,5079;0,1914;0,0000;0,0000;-0,0315;0,0000;0,0000;0,2392;-1,9300;3,5800;0;0,0506;19,7600;0;1;0;7;0;0
36,5278;28,2749;11,0000;5,4823;0,1912;0,0000;0,0000;-0,0315;0,0000;0,0000;0,2390;-1,8700;3,6100;0;0,0505;19,8100;0;1;0;7;0;0
36,5417;28,3173;11,0000;5,4584;0,1910;0,0000;0,0000;-0,0315;0,0000;0,0000;0,2388;-1,8300;3,6200;0;0,0503;19,8800;0;1;0;7;0;0
36,5556;28,3598;11,0000;5,4351;0,1909;0,0000;0,0000;-0,0315;0,0000;0,0000;0,2387;-1,8000;3,6400;0;0,0501;19,9600;0;1;0;7;0;0
36,5695;28,4023;11,0000;5,4160;0,1909;0,0000;0,0000;-0,0315;0,0000;0,0000;0,2387;-1,7600;3,6500;0;0,0499;20,0300;0;1;0;7;0;0
36,5834;28,4447;11,0000;5,3987;0,1910;0,0000;0,0000;-0,0315;0,0000;0,0000;0,2388;-1,7300;3,6700;0;0,0497;20,1000;0;1;0;7;0;0
36,5973;28,7094;11,0000;5,3759;0,1932;0,0000;0,0000;-0,0315;0,0000;0,0000;0,2415;-2,3300;3,0500;0;0,0486;20,5800;0;1;0;7;0;0
36,6112;28,7094;11,0000;5,3517;0,1931;0,0000;0,0000;-0,0315;0,0000;0,0000;0,2414;-2,1700;3,1800;0;0,0486;20,5800;0;1;0;7;0;0
36,6250;28,7094;11,0000;5,3290;0,1931;0,0000;0,0000;-0,0315;0,0000;0,0000;0,2414;-2,0200;3,3100;0;0,0486;20,5800;0;1;0;7;0;0
36,6389;28,7094;11,0000;5,3050;0,1931;0,0000;0,0000;-0,0315;0,0000;0,0000;0,2414;-1,8700;3,4300;0;0,0486;20,5800;0;1;0;7;0;0
36,6528;28,7094;11,0000;5,2793;0,1933;0,0000;0,0000;-0,0315;0,0000;0,0000;0,2416;-1,7200;3,5600;0;0,0486;20,5800;0;1;0;7;0;0
36,6667;28,7094;11,0000;5,2589;0,1935;0,0000;0,0000;-0,0315;0,0000;0,0000;0,2419;-1,5700;3,6900;0;0,0486;20,5800;0;1;0;7;0;0
36,6806;28,7475;11,0000;5,2315;0,1935;0,0000;0,0000;-0,0315;0,0000;0,0000;0,2418;-1,5300;3,7000;0;0,0488;20,5000;0;1;0;7;0;0
36,6945;28,7900;11,2000;5,2034;0,1935;0,0000;0,0000;-0,0315;0,0000;0,0000;0,2418;-1,5000;3,7000;0;0,0490;20,4200;0;1;0;7;0;0
36,7084;28,8332;11,2000;5,1866;0,1935;0,0000;0,0000;-0,0315;0,0000;0,0000;0,2419;-1,4700;3,7100;0;0,0492;20,3300;0;1;0;7;0;0
36,7223;28,8764;11,2000;5,1668;0,1937;0,0000;0,0000;-0,0315;0,0000;0,0000;0,2421;-1,4500;3,7200;0;0,0494;20,2400;0;1;0;7;0;0
36,7362;28,9197;11,2000;5,1437;0,1940;0,0000;0,0000;-0,0315;0,0000;0,0000;0,2425;-1,4200;3,7200;0;0,0496;20,1600;0;1;0;7;0;0
36,7500;29,1750;11,2000;5,1177;0,1963;0,0000;0,0000;-0,0315;0,0000;0,0000;0,2453;-2,0000;3,1200;0;0,0508;19,6700;0;1;0;7;0;0
36,7639;29,1750;11,2000;5,0822;0,1963;0,0000;0,0000;-0,0315;0,0000;0,0000;0,2454;-1,8500;3,2300;0;0,0508;19,6700;0;1;0;7;0;0
36,7778;29,1750;11,2000;5,0549;0,1964;0,0000;0,0000;-0,0315;0,0000;0,0000;0,2455;-1,7100;3,3500;0;0,0508;19,6700;0;1;0;7;0;0
36,7917;29,1750;11,2000;5,0157;0,1966;0,0000;0,0000;-0,0315;0,0000;0,0000;0,2457;-1,5600;3,4600;0;0,0508;19,6700;0;1;0;7;0;0
36,8056;29,1750;11,2000;4,9826;0,1968;0,0000;0,0000;-0,0315;0,0000;0,0000;0,2460;-1,4200;3,5700;0;0,0508;19,6700;0;1;0;7;0;0
36,8195;29,1848;11,2000;4,9480;0,1971;0,0000;0,0000;-0,0315;0,0000;0,0000;0,2463;-1,3000;3,6400;0;0,0509;19,6500;0;1;0;7;0;0
36,8334;29,2280;11,2000;4,9209;0,1971;0,0000;0,0000;-0,0315;0,0000;0,0000;0,2463;-1,2900;3,6300;0;0,0511;19,5700;0;1;0;7;0;0
36,8473;29,2713;11,2000;4,8821;0,1972;0,0000;0,0000;-0,0315;0,0000;0,0000;0,2464;-1,2700;3,6000;0;0,0513;19,4900;0;1;0;7;0;0
36,8612;29,3145;11,2000;4,8427;0,1973;0,0000;0,0000;-0,0315;0,0000;0,0000;0,2467;-1,2600;3,5800;0;0,0515;19,4000;0;1;0;7;0;0
36,8750;29,3577;11,2000;4,7937;0,1976;0,0000;0,0000;-0,0315;0,0000;0,0000;0,2469;-1,2500;3,5400;0;0,0518;19,3200;0;1;0;7;0;0
36,8889;29,4010;11,2000;4,7520;0,1979;0,0000;0,0000;-0,0315;0,0000;0,0000;0,2473;-1,2400;3,5000;0;0,0520;19,2400;0;1;0;7;0;0
36,9028;29,6302;11,2000;4,7180;0,2000;0,0000;0,0000;-0,0315;0,0000;0,0000;0,2500;-1,7900;2,9300;0;0,0531;18,8300;0;1;0;7;0;0
36,9167;29,6302;11,2000;4,6766;0,2000;0,0000;0,0014;-0,0315;0,0000;0,0000;0,2501;-1,6500;3,0200;0;0,0531;18,8300;0;1;0;7;0;0
36,9306;29,6302;11,2000;4,6410;0,2002;0,0000;0,0049;-0,0315;0,0000;0,0000;0,2502;-1,5200;3,1200;0;0,0531;18,8300;0;1;0;7;0;0
36,9445;29,6302;11,2000;4,6028;0,2004;0,0000;0,0096;-0,0315;0,0000;0,0000;0,2504;-1,3900;3,2200;0;0,0531;18,8300;0;1;0;7;0;0
36,9584;29,6302;11,2000;4,5675;0,2006;0,0000;0,0156;-0,0315;0,0000;0,0000;0,2508;-1,2500;3,3100;0;0,0531;18,8300;0;1;0;7;0;0
36,9723;29,6663;11,2000;4,5429;0,2006;0,0000;0,0229;-0,0315;0,0000;0,0000;0,2508;-1,2300;3,3000;0;0,0533;18,7600;0;1;0;7;0;0
36,9862;29,7096;11,2000;4,4867;0,2006;0,0000;0,0311;-0,0315;0,0000;0,0000;0,2507;-1,2400;3,2400;0;0,0535;18,6800;0;1;0;7;0;0
37,0000;29,7528;11,2000;4,4617;0,2007;0,0000;0,0393;-0,0315;0,0000;0,0000;0,2508;-1,2400;3,2100;0;0,0538;18,6000;0;1;0;7;0;0
37,0139;29,7960;11,2000;4,4542;0,2008;0,0000;0,0471;-0,0315;0,0000;0,0000;0,2510;-1,2500;3,2000;0;0,0540;18,5200;0;1;0;7;0;0
37,0278;29,8392;11,2000;4,4556;0,2010;0,0000;0,0547;-0,0315;0,0000;0,0000;0,2513;-1,2500;3,2000;0;0,0542;18,4500;0;1;0;7;0;0
37,0417;30,0763;11,2000;4,4811;0,2032;0,0000;0,0626;-0,0315;0,0000;0,0000;0,2540;-1,8600;2,6200;0;0,0554;18,0400;0;1;0;7;0;0
37,0556;30,0763;11,2000;4,5410;0,2031;0,0000;0,0754;-0,0315;0,0000;0,0000;0,2539;-1,7300;2,8100;0;0,0554;18,0400;0;1;0;7;0;0
37,0695;30,0763;11,2000;4,6253;0,2032;0,0000;0,0943;-0,0315;0,0000;0,0000;0,2540;-1,6000;3,0300;0;0,0554;18,0400;0;1;0;7;0;0
37,0834;30,0763;11,2000;4,7251;0,2034;0,0000;0,1156;-0,0315;0,0000;0,0000;0,2542;-1,4600;3,2700;0;0,0554;18,0400;0;1;0;7;0;0
37,0973;30,0763;11,2000;4,7851;0,2037;0,0000;0,1374;-0,0315;0,0000;0,0000;0,2546;-1,3200;3,4700;0;0,0554;18,0400;0;1;0;7;0;0
37,1112;30,1050;11,2000;4,8456;0,2037;0,0000;0,1588;-0,0315;0,0000;0,0000;0,2546;-1,2700;3,5700;0;0,0556;17,9900;0;1;0;7;0;0
37,1250;30,1483;11,2000;4,9379;0,2037;0,0000;0,1792;-0,0315;0,0000;0,0000;0,2547;-1,2700;3,6600;0;0,0558;17,9100;0;1;0;7;0;0
37,1389;30,1915;11,2000;5,0358;0,2039;0,0000;0,1978;-0,0315;0,0000;0,0000;0,2549;-1,2600;3,7700;0;0,0561;17,8400;0;1;0;7;0;0
37,1528;30,2347;11,2000;5,1838;0,2041;0,0000;0,2146;-0,0315;0,0000;0,0000;0,2552;-1,2500;3,9300;0;0,0563;17,7600;0;1;0;7;0;0
37,1667;30,2780;11,2000;5,2908;0,2045;0,0000;0,2296;-0,0315;0,0000;0,0000;0,2556;-1,2400;4,0500;0;0,0565;17,6900;0;1;0;7;0;0
37,1806;30,5413;11,2000;5,3719;0,2073;0,0000;0,2433;-0,0315;0,0000;0,0000;0,2591;-1,9400;3,4300;0;0,0579;17,2600;0;1;0;7;0;0
37,1945;30,5413;11,3000;5,4871;0,2075;0,0000;0,2564;-0,0315;0,0000;0,0000;0,2594;-1,7800;3,7100;0;0,0579;17,2600;0;1;0;7;0;0
37,2084;30,5413;11,3000;5,6093;0,2078;0,0000;0,2690;-0,0315;0,0000;0,0000;0,2597;-1,6200;3,9900;0;0,0579;17,2600;0;1;0;7;0;0
37,2223;30,5413;11,3000;5,7360;0,2082;0,0000;0,2803;-0,0315;0,0000;0,0000;0,2602;-1,4500;4,2900;0;0,0579;17,2600;0;1;0;7;0;0
37,2362;30,5413;11,3000;5,8388;0,2087;0,0000;0,2902;-0,0315;0,0000;0,0000;0,2609;-1,2800;4,5600;0;0,0579;17,2600;0;1;0;7;0;0
37,2500;30,5459;11,3000;5,9128;0,2093;0,0000;0,2984;-0,0315;0,0000;0,0000;0,2616;-1,1200;4,7900;0;0,0580;17,2500;0;1;0;7;0;0
37,2639;30,5895;11,3000;5,9900;0,2096;0,0000;0,3048;-0,0315;0,0000;0,0000;0,2620;-1,0900;4,8900;0;0,0582;17,1800;0;1;0;1;0;0
37,2778;30,6331;11,3000;6,0808;0,2100;0,0000;0,3095;-0,0315;0,0000;0,0000;0,2625;-1,0600;5,0100;0;0,0585;17,1100;0;1;0;1;0;0
37,2917;30,6768;11,3000;6,1551;0,2106;0,0000;0,3127;-0,0315;0,0000;0,0000;0,2632;-1,0300;5,1200;0;0,0587;17,0400;0;1;0;1;0;0
37,3056;30,7204;11,3000;6,2049;0,2113;0,0000;0,3146;-0,0315;0,0000;0,0000;0,2641;-1,0000;5,2000;0;0,0589;16,9700;0;1;0;1;0;0
37,3195;30,7640;11,3000;6,2359;0,2121;0,0000;0,3152;-0,0315;0,0000;0,0000;0,2651;-0,9600;5,2700;0;0,0592;16,9000;0;1;0;1;0;0
37,3334;30,9956;11,3000;6,2623;0,2150;0,0000;0,3149;-0,0315;0,0000;0,0000;0,2688;-1,5700;4,7000;0;0,0605;16,5400;0;1;0;1;0;0
37,3473;30,9956;11,3000;6,2833;0,2156;0,0000;0,3142;-0,0315;0,0000;0,0000;0,2695;-1,3800;4,9000;0;0,0605;16,5400;0;1;0;1;0;0
37,3612;30,9956;11,3000;6,3109;0,2163;0,0000;0,3136;-0,0315;0,0000;0,0000;0,2703;-1,2000;5,1100;0;0,0605;16,5400;0;1;0;1;0;0
37,3750;30,9956;11,3000;6,3323;0,2171;0,0000;0,3133;-0,0315;0,0000;0,0000;0,2713;-1,0100;5,3200;0;0,0605;16,5400;0;1;0;1;0;0
37,3889;30,9956;11,3000;6,3469;0,2180;0,0000;0,3134;-0,0315;0,0000;0,0000;0,2725;-0,8300;5,5200;0;0,0605;16,5400;0;1;0;1;0;0
37,4028;31,0331;11,3000;6,3570;0,2186;0,0000;0,3137;-0,0315;0,0000;0,0000;0,2733;-0,7700;5,5800;0;0,0607;16,4800;0;1;0;1;0;0
37,4167;31,0768;11,3000;6,3572;0,2193;0,0000;0,3143;-0,0315;0,0000;0,0000;0,2741;-0,7400;5,6100;0;0,0609;16,4100;0;1;0;1;0;0
37,4306;31,1204;11,3000;6,3485;0,2201;0,0000;0,3151;-0,0315;0,0000;0,0000;0,2751;-0,7100;5,6400;0;0,0612;16,3500;0;1;0;1;0;0
37,4445;31,1640;11,6000;6,3447;0,2210;0,0000;0,3162;-0,0315;0,0000;0,0000;0,2763;-0,6700;5,6700;0;0,0614;16,2800;0;1;0;1;0;0
37,4584;31,2088;11,6000;6,3493;0,2221;0,0000;0,3175;-0,0315;0,0000;0,0000;0,2776;-0,6400;5,7100;0;0,0617;16,2200;0;1;0;1;0;0
37,4723;31,4457;11,6000;6,3633;0,2254;0,0000;0,3192;-0,0315;0,0000;0,0000;0,2817;-1,2900;5,0800;0;0,0630;15,8700;0;1;0;1;0;0
37,4862;31,4457;11,6000;6,3779;0,2261;0,0000;0,3216;-0,0315;0,0000;0,0000;0,2827;-1,1000;5,2800;0;0,0630;15,8700;0;1;0;1;0;0
37,5000;31,4457;11,6000;6,3925;0,2270;0,0000;0,3246;-0,0315;0,0000;0,0000;0,2838;-0,9000;5,4900;0;0,0630;15,8700;0;1;0;1;0;0
37,5139;31,4457;11,6000;6,4064;0,2280;0,0000;0,3282;-0,0315;0,0000;0,0000;0,2850;-0,7100;5,6900;0;0,0630;15,8700;0;1;0;1;0;0
37,5278;31,4457;11,6000;6,4189;0,2292;0,0000;0,3321;-0,0315;0,0000;0,0000;0,2865;-0,5200;5,9000;0;0,0630;15,8700;0;1;0;1;0;0
37,5417;31,4856;11,6000;6,4270;0,2300;0,0000;0,3362;-0,0315;0,0000;0,0000;0,2875;-0,4700;5,9500;0;0,0632;15,8100;0;1;0;1;0;0
37,5556;31,5304;11,6000;6,4311;0,2309;0,0000;0,3406;-0,0315;0,0000;0,0000;0,2886;-0,4400;5,9800;0;0,0635;15,7500;0;1;0;1;0;0
37,5695;31,5752;11,6000;6,4221;0,2318;0,0000;0,3450;-0,0315;0,0000;0,0000;0,2898;-0,4200;6,0000;0;0,0638;15,6800;0;1;0;1;0;0
37,5834;31,6199;11,6000;6,3980;0,2329;0,0000;0,3496;-0,0315;0,0000;0,0000;0,2912;-0,3900;6,0100;0;0,0640;15,6200;0;1;0;1;0;0
37,5973;31,6647;11,6000;6,3775;0,2341;0,0000;0,3542;-0,0315;0,0000;0,0000;0,2927;-0,3600;6,0100;0;0,0643;15,5600;0;1;0;1;0;0
37,6112;31,9079;11,6000;6,3428;0,2378;0,0000;0,3590;-0,0315;0,0000;0,0000;0,2973;-1,0700;5,2700;0;0,0657;15,2300;0;1;0;1;0;0
37,6250;31,9079;11,6000;6,2899;0,2387;0,0000;0,3645;-0,0315;0,0000;0,0000;0,2984;-0,8800;5,4100;0;0,0657;15,2300;0;1;0;1;0;0
37,6389;31,9079;11,6000;6,2176;0,2397;0,0000;0,3707;-0,0315;0,0000;0,0000;0,2996;-0,6900;5,5200;0;0,0657;15,2300;0;1;0;1;0;0
37,6528;31,9079;11,6000;6,0919;0,2408;0,0000;0,3773;-0,0315;0,0000;0,0000;0,3010;-0,5100;5,5800;0;0,0657;15,2300;0;1;0;1;0;0
37,6667;31,9079;11,6000;5,9600;0,2419;0,0000;0,3840;-0,0315;0,0000;0,0000;0,3024;-0,3300;5,6300;0;0,0657;15,2300;0;1;0;1;0;0
37,6806;31,9423;11,6000;5,8172;0,2428;0,0000;0,3909;-0,0315;0,0000;0,0000;0,3035;-0,2900;5,5200;0;0,0659;15,1800;0;1;0;1;0;0
37,6945;31,9871;11,6000;5,6819;0,2435;0,0000;0,3978;-0,0315;0,0000;0,0000;0,3044;-0,2900;5,3900;0;0,0661;15,1200;0;1;0;1;0;0
37,7084;32,0318;11,6000;5,5430;0,2444;0,0000;0,4045;-0,0315;0,0000;0,0000;0,3055;-0,3000;5,2400;0;0,0664;15,0600;0;1;0;1;0;0
37,7223;32,0766;11,6000;5,4126;0,2453;0,0000;0,4110;-0,0315;0,0000;0,0000;0,3067;-0,3100;5,1000;0;0,0666;15,0100;0;1;0;1;0;0
37,7362;32,1214;11,6000;5,3339;0,2463;0,0000;0,4174;-0,0315;0,0000;0,0000;0,3079;-0,3200;5,0100;0;0,0669;14,9500;0;1;0;1;0;0
37,7500;32,3596;11,6000;5,2259;0,2497;0,0000;0,4236;-0,0315;0,0000;0,0000;0,3122;-1,0700;4,1500;0;0,0683;14,6500;0;1;0;1;0;0
37,7639;32,3596;11,6000;5,1351;0,2504;0,0000;0,4302;-0,0315;0,0000;0,0000;0,3129;-0,9200;4,2200;0;0,0683;14,6500;0;1;0;1;0;0
37,7778;32,3596;11,6000;5,0639;0,2510;0,0000;0,4373;-0,0315;0,0000;0,0000;0,3138;-0,7700;4,3000;0;0,0683;14,6500;0;1;0;1;0;0
37,7917;32,3596;11,6000;5,0177;0,2518;0,0000;0,4444;-0,0315;0,0000;0,0000;0,3148;-0,6200;4,4000;0;0,0683;14,6500;0;1;0;1;0;0
37,8056;32,3596;11,6000;4,9991;0,2527;0,0000;0,4515;-0,0315;0,0000;0,0000;0,3158;-0,4700;4,5300;0;0,0683;14,6500;0;1;0;1;0;0
37,8195;32,3997;11,6000;4,9948;0,2531;0,0000;0,4583;-0,0315;0,0000;0,0000;0,3164;-0,4800;4,5100;0;0,0685;14,6000;0;1;0;1;0;0
37,8334;32,4445;11,6000;4,9885;0,2536;0,0000;0,4649;-0,0315;0,0000;0,0000;0,3170;-0,5100;4,4800;0;0,0688;14,5400;0;1;0;1;0;0
37,8473;32,4892;11,6000;4,9837;0,2542;0,0000;0,4710;-0,0315;0,0000;0,0000;0,3177;-0,5300;4,4400;0;0,0690;14,4900;0;1;0;1;0;0
37,8612;32,5340;11,6000;4,9885;0,2548;0,0000;0,4768;-0,0315;0,0000;0,0000;0,3185;-0,5600;4,4200;0;0,0693;14,4300;0;1;0;1;0;0
37,8750;32,5788;11,6000;5,0039;0,2556;0,0000;0,4822;-0,0315;0,0000;0,0000;0,3195;-0,5900;4,4100;0;0,0695;14,3800;0;1;0;1;0;0
37,8889;32,8159;11,6000;5,0259;0,2589;0,0000;0,4873;-0,0315;0,0000;0,0000;0,3236;-1,3900;3,6400;0;0,0709;14,1000;0;1;0;1;0;0
37,9028;32,8159;11,6000;5,0571;0,2593;0,0000;0,4927;-0,0315;0,0000;0,0000;0,3241;-1,2300;3,8200;0;0,0709;14,1000;0;1;0;1;0;0
37,9167;32,8159;11,6000;5,0889;0,2598;0,0000;0,4985;-0,0315;0,0000;0,0000;0,3247;-1,0800;4,0100;0;0,0709;14,1000;0;1;0;1;0;0
37,9306;32,8159;11,6000;5,1259;0,2604;0,0000;0,5043;-0,0315;0,0000;0,0000;0,3255;-0,9300;4,2000;0;0,0709;14,1000;0;1;0;1;0;0
37,9445;32,8159;11,5000;5,1561;0,2611;0,0000;0,5100;-0,0315;0,0000;0,0000;0,3263;-0,7700;4,3800;0;0,0709;14,1000;0;1;0;1;0;0
37,9584;32,8575;11,5000;5,1787;0,2613;0,0000;0,5155;-0,0315;0,0000;0,0000;0,3267;-0,7900;4,3800;0;0,0711;14,0600;0;1;0;1;0;0
37,9723;32,9019;11,5000;5,1936;0,2616;0,0000;0,5206;-0,0315;0,0000;0,0000;0,3271;-0,8200;4,3700;0;0,0714;14,0100;0;1;0;1;0;0
37,9862;32,9463;11,5000;5,2068;0,2621;0,0000;0,5254;-0,0315;0,0000;0,0000;0,3276;-0,8500;4,3500;0;0,0716;13,9600;0;1;0;1;0;0
38,0000;32,9907;11,5000;5,2193;0,2626;0,0000;0,5299;-0,0315;0,0000;0,0000;0,3282;-0,8800;4,3300;0;0,0719;13,9100;0;1;0;1;0;0
38,0139;33,0351;11,5000;5,2299;0,2632;0,0000;0,5340;-0,0315;0,0000;0,0000;0,3289;-0,9100;4,3100;0;0,0721;13,8600;0;1;0;1;0;0
38,0278;33,2735;11,5000;5,2375;0,2664;0,0000;0,5378;-0,0315;0,0000;0,0000;0,3330;-1,7400;3,4900;0;0,0735;13,6100;0;1;0;1;0;0
38,0417;33,2735;11,5000;5,2465;0,2666;0,0000;0,5419;-0,0315;0,0000;0,0000;0,3333;-1,5900;3,6600;0;0,0735;13,6100;0;1;0;1;0;0
38,0556;33,2735;11,5000;5,2490;0,2669;0,0000;0,5463;-0,0315;0,0000;0,0000;0,3336;-1,4300;3,8200;0;0,0735;13,6100;0;1;0;1;0;0
38,0695;33,2735;11,5000;5,2476;0,2673;0,0000;0,5508;-0,0315;0,0000;0,0000;0,3341;-1,2800;3,9700;0;0,0735;13,6100;0;1;0;1;0;0
38,0834;33,2735;11,5000;5,2445;0,2678;0,0000;0,5551;-0,0315;0,0000;0,0000;0,3347;-1,1200;4,1200;0;0,0735;13,6100;0;1;0;1;0;0
38,0973;33,3125;11,5000;5,2455;0,2679;0,0000;0,5593;-0,0315;0,0000;0,0000;0,3349;-1,1300;4,1100;0;0,0737;13,5700;0;1;0;1;0;0
38,1112;33,3569;11,5000;5,2502;0,2680;0,0000;0,5631;-0,0315;0,0000;0,0000;0,3350;-1,1700;4,0800;0;0,0740;13,5200;0;1;0;1;0;0
38,1250;33,4013;11,5000;5,2579;0,2682;0,0000;0,5666;-0,0315;0,0000;0,0000;0,3352;-1,2000;4,0500;0;0,0742;13,4800;0;1;0;1;0;0
38,1389;33,4457;11,5000;5,2677;0,2685;0,0000;0,5697;-0,0315;0,0000;0,0000;0,3356;-1,2400;4,0200;0;0,0744;13,4300;0;1;0;1;0;0
38,1528;33,4901;11,5000;5,2743;0,2689;0,0000;0,5725;-0,0315;0,0000;0,0000;0,3361;-1,2700;4,0000;0;0,0747;13,3900;0;1;0;1;0;0
38,1667;33,7224;11,5000;5,2811;0,2719;0,0000;0,5751;-0,0315;0,0000;0,0000;0,3398;-2,1100;3,1700;0;0,0760;13,1600;0;1;0;1;0;0
38,1806;33,7224;11,5000;5,2876;0,2719;0,0000;0,5778;-0,0315;0,0000;0,0000;0,3398;-1,9500;3,3400;0;0,0760;13,1600;0;1;0;1;0;0
38,1945;33,7224;11,5000;5,2929;0,2719;0,0000;0,5808;-0,0315;0,0000;0,0000;0,3399;-1,8000;3,5000;0;0,0760;13,1600;0;1;0;1;0;0
38,2084;33,7224;11,5000;5,2975;0,2721;0,0000;0,5839;-0,0315;0,0000;0,0000;0,3402;-1,6400;3,6600;0;0,0760;13,1600;0;1;0;1;0;0
38,2223;33,7238;11,5000;5,2987;0,2724;0,0000;0,5868;-0,0315;0,0000;0,0000;0,3405;-1,4900;3,8100;0;0,0760;13,1600;0;1;0;1;0;0
38,2362;33,7682;11,5000;5,3003;0,2722;0,0000;0,5895;-0,0315;0,0000;0,0000;0,3402;-1,5200;3,7700;0;0,0762;13,1200;0;1;0;1;0;0
38,2500;33,8126;11,5000;5,3002;0,2720;0,0000;0,5920;-0,0315;0,0000;0,0000;0,3401;-1,5600;3,7300;0;0,0764;13,0800;0;1;0;1;0;0
38,2639;33,8570;11,5000;5,2982;0,2720;0,0000;0,5941;-0,0315;0,0000;0,0000;0,3400;-1,6000;3,6900;0;0,0767;13,0400;0;1;0;1;0;0
38,2778;33,9014;11,5000;5,2974;0,2721;0,0000;0,5958;-0,0315;0,0000;0,0000;0,3401;-1,6400;3,6500;0;0,0769;13,0000;0;1;0;3;0;0
38,2917;33,9458;11,5000;5,2971;0,2722;0,0000;0,5973;-0,0315;0,0000;0,0000;0,3403;-1,6800;3,6100;0;0,0771;12,9600;0;1;0;3;0;0
38,3056;34,1843;11,5000;5,3076;0,2752;0,0000;0,5985;-0,0315;0,0000;0,0000;0,3440;-2,5800;2,7300;0;0,0784;12,7500;0;1;0;3;0;0
38,3195;34,1843;11,5000;5,3177;0,2749;0,0000;0,6000;-0,0315;0,0000;0,0000;0,3437;-2,4200;2,9000;0;0,0784;12,7500;0;1;0;3;0;0
38,3334;34,1843;11,5000;5,3405;0,2747;0,0000;0,6018;-0,0315;0,0000;0,0000;0,3434;-2,2600;3,0800;0;0,0784;12,7500;0;1;0;3;0;0
38,3473;34,1843;11,5000;5,3449;0,2746;0,0000;0,6036;-0,0315;0,0000;0,0000;0,3433;-2,1000;3,2400;0;0,0784;12,7500;0;1;0;3;0;0
38,3612;34,1843;11,5000;5,3843;0,2747;0,0000;0,6052;-0,0315;0,0000;0,0000;0,3433;-1,9400;3,4400;0;0,0784;12,7500;0;1;0;3;0;0
38,3750;34,2244;11,5000;5,3923;0,2742;0,0000;0,6067;-0,0315;0,0000;0,0000;0,3428;-1,9600;3,4200;0;0,0786;12,7200;0;1;0;3;0;0
38,3889;34,2688;11,5000;5,4778;0,2739;0,0000;0,6080;-0,0315;0,0000;0,0000;0,3423;-2,0000;3,4700;0;0,0788;12,6900;0;1;0;3;0;0
38,4028;34,3132;11,5000;5,5391;0,2736;0,0000;0,6089;-0,0315;0,0000;0,0000;0,3420;-2,0400;3,4900;0;0,0790;12,6500;0;1;0;3;0;0
38,4167;34,3576;11,5000;5,6139;0,2734;0,0000;0,6096;-0,0315;0,0000;0,0000;0,3418;-2,0700;3,5300;0;0,0793;12,6200;0;1;0;3;0;0
38,4306;34,4020;11,5000;5,6780;0,2734;0,0000;0,6100;-0,0315;0,0000;0,0000;0,3418;-2,1100;3,5600;0;0,0795;12,5800;0;1;0;3;0;0
38,4445;34,6365;11,6000;5,7749;0,2762;0,0000;0,6101;-0,0315;0,0000;0,0000;0,3453;-3,0000;2,7700;0;0,0806;12,4000;0;1;0;3;0;0
38,4584;34,6365;11,6000;5,8337;0,2758;0,0000;0,6106;-0,0315;0,0000;0,0000;0,3447;-2,8300;3,0100;0;0,0806;12,4000;0;1;0;3;0;0
38,4723;34,6365;11,6000;5,9080;0,2755;0,0000;0,6113;-0,0315;0,0000;0,0000;0,3444;-2,6500;3,2600;0;0,0806;12,4000;0;1;0;3;0;0
38,4862;34,6365;11,6000;5,9778;0,2753;0,0000;0,6122;-0,0315;0,0000;0,0000;0,3442;-2,4700;3,5100;0;0,0806;12,4000;0;1;0;3;0;0
38,5000;34,6382;11,6000;6,0600;0,2753;0,0000;0,6130;-0,0315;0,0000;0,0000;0,3441;-2,3000;3,7600;0;0,0806;12,4000;0;1;0;3;0;0
38,5139;34,6830;11,6000;6,1419;0,2747;0,0000;0,6137;-0,0315;0,0000;0,0000;0,3434;-2,3200;3,8100;0;0,0808;12,3700;0;1;0;3;0;0
38,5278;34,7278;11,6000;6,1885;0,2743;0,0000;0,6142;-0,0315;0,0000;0,0000;0,3428;-2,3500;3,8400;0;0,0810;12,3400;0;1;0;3;0;0
38,5417;34,7726;11,6000;6,2512;0,2740;0,0000;0,6145;-0,0315;0,0000;0,0000;0,3424;-2,3700;3,8800;0;0,0812;12,3100;0;1;0;3;0;0
38,5556;34,8174;11,6000;6,3052;0,2738;0,0000;0,6145;-0,0315;0,0000;0,0000;0,3422;-2,3900;3,9100;0;0,0814;12,2800;0;1;0;3;0;0
38,5695;34,8621;11,6000;6,3516;0,2737;0,0000;0,6143;-0,0315;0,0000;0,0000;0,3421;-2,4100;3,9400;0;0,0816;12,2500;0;1;0;3;0;0
38,5834;35,0940;11,6000;6,4191;0,2765;0,0000;0,6140;-0,0315;0,0000;0,0000;0,3456;-3,3000;3,1200;0;0,0827;12,1000;0;1;0;3;0;0
38,5973;35,0940;11,6000;6,4735;0,2760;0,0000;0,6140;-0,0315;0,0000;0,0000;0,3450;-3,1100;3,3700;0;0,0827;12,1000;0;1;0;3;0;0
38,6112;35,0940;11,6000;6,5121;0,2757;0,0000;0,6143;-0,0315;0,0000;0,0000;0,3446;-2,9100;3,6000;0;0,0827;12,1000;0;1;0;3;0;0
38,6250;35,0940;11,6000;6,5408;0,2755;0,0000;0,6148;-0,0315;0,0000;0,0000;0,3443;-2,7100;3,8300;0;0,0827;12,1000;0;1;0;3;0;0
38,6389;35,0991;11,6000;6,5659;0,2753;0,0000;0,6153;-0,0315;0,0000;0,0000;0,3441;-2,5400;4,0200;0;0,0827;12,0900;0;1;0;3;0;0
38,6528;35,1439;11,6000;6,5800;0,2747;0,0000;0,6157;-0,0315;0,0000;0,0000;0,3433;-2,5600;4,0200;0;0,0829;12,0700;0;1;0;3;0;0
38,6667;35,1887;11,6000;6,5858;0,2742;0,0000;0,6159;-0,0315;0,0000;0,0000;0,3427;-2,5700;4,0100;0;0,0831;12,0400;0;1;0;3;0;0
38,6806;35,2335;11,6000;6,5761;0,2738;0,0000;0,6159;-0,0315;0,0000;0,0000;0,3422;-2,5900;3,9800;0;0,0832;12,0100;0;1;0;3;0;0
38,6945;35,2783;11,6000;6,5583;0,2735;0,0000;0,6156;-0,0315;0,0000;0,0000;0,3419;-2,6100;3,9400;0;0,0834;11,9900;0;1;0;3;0;0
38,7084;35,5492;11,6000;6,5341;0,2768;0,0000;0,6152;-0,0315;0,0000;0,0000;0,3460;-3,7100;2,8200;0;0,0845;11,8400;0;1;0;3;0;0
38,7223;35,5492;11,6000;6,5047;0,2760;0,0000;0,6150;-0,0315;0,0000;0,0000;0,3450;-3,5100;2,9900;0;0,0845;11,8400;0;1;0;3;0;0
38,7362;35,5492;11,6000;6,4694;0,2754;0,0000;0,6153;-0,0315;0,0000;0,0000;0,3443;-3,3200;3,1500;0;0,0845;11,8400;0;1;0;3;0;0
38,7500;35,5492;11,6000;6,4338;0,2749;0,0000;0,6156;-0,0315;0,0000;0,0000;0,3437;-3,1300;3,3100;0;0,0845;11,8400;0;1;0;3;0;0
38,7639;35,5492;11,6000;6,3865;0,2745;0,0000;0,6159;-0,0315;0,0000;0,0000;0,3432;-2,9400;3,4500;0;0,0845;11,8400;0;1;0;3;0;0
38,7778;35,5602;11,6000;6,3660;0,2741;0,0000;0,6160;-0,0315;0,0000;0,0000;0,3426;-2,8000;3,5600;0;0,0845;11,8300;0;1;0;3;0;0
38,7917;35,6050;11,6000;6,3439;0,2733;0,0000;0,6158;-0,0315;0,0000;0,0000;0,3416;-2,8300;3,5100;0;0,0847;11,8100;0;1;0;3;0;0
38,8056;35,6498;11,6000;6,3338;0,2725;0,0000;0,6154;-0,0315;0,0000;0,0000;0,3407;-2,8500;3,4700;0;0,0848;11,7900;0;1;0;3;0;0
38,8195;35,6946;11,6000;6,3262;0,2719;0,0000;0,6147;-0,0315;0,0000;0,0000;0,3399;-2,8800;3,4400;0;0,0850;11,7700;0;1;0;3;0;0
38,8334;35,7393;11,6000;6,3193;0,2714;0,0000;0,6137;-0,0315;0,0000;0,0000;0,3393;-2,9100;3,4000;0;0,0851;11,7500;0;1;0;3;0;0
38,8473;36,0037;11,6000;6,3109;0,2744;0,0000;0,6124;-0,0315;0,0000;0,0000;0,3430;-4,0100;2,3000;0;0,0860;11,6300;0;1;0;3;0;0
38,8612;36,0037;11,6000;6,3039;0,2734;0,0000;0,6114;-0,0315;0,0000;0,0000;0,3418;-3,8200;2,4800;0;0,0860;11,6300;0;1;0;3;0;0
38,8750;36,0037;11,6000;6,2966;0,2726;0,0000;0,6108;-0,0315;0,0000;0,0000;0,3407;-3,6300;2,6600;0;0,0860;11,6300;0;1;0;3;0;0
38,8889;36,0037;11,6000;6,2846;0,2718;0,0000;0,6103;-0,0315;0,0000;0,0000;0,3398;-3,4500;2,8400;0;0,0860;11,6300;0;1;0;3;0;0
38,9028;36,0037;11,6000;6,2758;0,2712;0,0000;0,6096;-0,0315;0,0000;0,0000;0,3390;-3,2600;3,0200;0;0,0860;11,6300;0;1;0;3;0;0
38,9167;36,0213;11,6000;6,2701;0,2704;0,0000;0,6087;-0,0315;0,0000;0,0000;0,3380;-3,1600;3,1000;0;0,0861;11,6200;0;1;0;3;0;0
38,9306;36,0661;11,6000;6,2596;0,2693;0,0000;0,6076;-0,0315;0,0000;0,0000;0,3367;-3,1900;3,0600;0;0,0862;11,6100;0;1;0;3;0;0
38,9445;36,1109;11,6000;6,2483;0,2684;0,0000;0,6061;-0,0315;0,0000;0,0000;0,3355;-3,2300;3,0100;0;0,0863;11,5900;0;1;0;3;0;0
38,9584;36,1557;11,6000;6,2376;0,2675;0,0000;0,6043;-0,0315;0,0000;0,0000;0,3344;-3,2600;2,9700;0;0,0864;11,5700;0;1;0;3;0;0
38,9723;36,2004;11,6000;6,2337;0,2668;0,0000;0,6021;-0,0315;0,0000;0,0000;0,3335;-3,3000;2,9300;0;0,0865;11,5600;0;1;0;3;0;0
38,9862;36,4607;11,6000;6,2305;0,2695;0,0000;0,5996;-0,0315;0,0000;0,0000;0,3369;-4,4000;1,8300;0;0,0872;11,4700;0;1;0;3;0;0
39,0000;36,4607;11,6000;6,2307;0,2683;0,0000;0,5974;-0,0315;0,0000;0,0000;0,3354;-4,2100;2,0200;0;0,0872;11,4700;0;1;0;3;0;0
39,0139;36,4607;11,6000;6,2315;0,2672;0,0000;0,5956;-0,0315;0,0000;0,0000;0,3340;-4,0300;2,2100;0;0,0872;11,4700;0;1;0;3;0;0
39,0278;36,4607;11,6000;6,2329;0,2662;0,0000;0,5939;-0,0315;0,0000;0,0000;0,3327;-3,8400;2,3900;0;0,0872;11,4700;0;1;0;3;0;0
39,0417;36,4607;11,6000;6,2397;0,2653;0,0000;0,5920;-0,0315;0,0000;0,0000;0,3316;-3,6500;2,5900;0;0,0872;11,4700;0;1;0;3;0;0
39,0556;36,4823;11,6000;6,2499;0,2642;0,0000;0,5899;-0,0315;0,0000;0,0000;0,3302;-3,5700;2,6700;0;0,0873;11,4600;0;1;0;3;0;0
39,0695;36,5271;11,6000;6,2675;0,2629;0,0000;0,5874;-0,0315;0,0000;0,0000;0,3286;-3,6100;2,6500;0;0,0873;11,4500;0;1;0;3;0;0
39,0834;36,5718;11,6000;6,2887;0,2616;0,0000;0,5845;-0,0315;0,0000;0,0000;0,3271;-3,6500;2,6300;0;0,0874;11,4400;0;1;0;3;0;0
39,0973;36,6166;11,6000;6,3191;0,2606;0,0000;0,5811;-0,0315;0,0000;0,0000;0,3257;-3,6800;2,6300;0;0,0875;11,4300;0;1;0;3;0;0
39,1112;36,6614;11,6000;6,3500;0,2596;0,0000;0,5773;-0,0315;0,0000;0,0000;0,3245;-3,7200;2,6200;0;0,0876;11,4100;0;1;0;3;0;0
39,1250;36,9138;11,6000;6,3782;0,2620;0,0000;0,5732;-0,0315;0,0000;0,0000;0,3275;-4,8000;1,5800;0;0,0881;11,3500;0;1;0;3;0;0
39,1389;36,9138;11,6000;6,4141;0,2606;0,0000;0,5694;-0,0315;0,0000;0,0000;0,3257;-4,6100;1,8100;0;0,0881;11,3500;0;1;0;3;0;0
39,1528;36,9138;11,6000;6,4577;0,2593;0,0000;0,5661;-0,0315;0,0000;0,0000;0,3241;-4,4100;2,0500;0;0,0881;11,3500;0;1;0;3;0;0
39,1667;36,9138;11,6000;6,4893;0,2581;0,0000;0,5628;-0,0315;0,0000;0,0000;0,3226;-4,2200;2,2700;0;0,0881;11,3500;0;1;0;3;0;0
39,1806;36,9138;11,3000;6,5428;0,2570;0,0000;0,5593;-0,0315;0,0000;0,0000;0,3213;-4,0300;2,5200;0;0,0881;11,3500;0;1;0;3;0;0
39,1945;36,9418;11,3000;6,5936;0,2557;0,0000;0,5556;-0,0315;0,0000;0,0000;0,3196;-3,9800;2,6100;0;0,0881;11,3500;0;1;0;3;0;0
39,2084;36,9854;11,3000;6,6464;0,2543;0,0000;0,5516;-0,0315;0,0000;0,0000;0,3179;-4,0000;2,6300;0;0,0882;11,3400;0;1;0;3;0;0
39,2223;37,0290;11,3000;6,6931;0,2530;0,0000;0,5471;-0,0315;0,0000;0,0000;0,3162;-4,0300;2,6600;0;0,0882;11,3400;0;1;0;3;0;0
39,2362;37,0726;11,3000;6,7164;0,2518;0,0000;0,5421;-0,0315;0,0000;0,0000;0,3148;-4,0500;2,6500;0;0,0883;11,3300;0;1;0;3;0;0
39,2500;37,1163;11,3000;6,7507;0,2508;0,0000;0,5368;-0,0315;0,0000;0,0000;0,3135;-4,0800;2,6700;0;0,0883;11,3200;0;1;0;3;0;0
39,2639;37,3718;11,3000;6,7809;0,2532;0,0000;0,5312;-0,0315;0,0000;0,0000;0,3165;-5,1700;1,6100;0;0,0886;11,2900;0;1;0;3;0;0
39,2778;37,3718;11,3000;6,8152;0,2517;0,0000;0,5260;-0,0315;0,0000;0,0000;0,3147;-4,9700;1,8400;0;0,0886;11,2900;0;1;0;1;1;0
39,2917;37,3718;11,3000;6,8446;0,2504;0,0000;0,5215;-0,0315;0,0000;0,0000;0,3130;-4,7700;2,0700;0;0,0886;11,2900;0;1;0;1;1;0
39,3056;37,3718;11,3000;6,8985;0,2491;0,0000;0,5172;-0,0315;0,0000;0,0000;0,3114;-4,5700;2,3300;0;0,0886;11,2900;0;1;0;1;1;0
39,3195;37,3718;11,3000;6,9397;0,2480;0,0000;0,5128;-0,0315;0,0000;0,0000;0,3100;-4,3700;2,5700;0;0,0886;11,2900;0;1;0;1;1;0
39,3334;37,3905;11,3000;6,9910;0,2468;0,0000;0,5081;-0,0315;0,0000;0,0000;0,3085;-4,2600;2,7200;0;0,0886;11,2900;0;1;0;1;1;0
39,3473;37,4341;11,3000;7,0471;0,2453;0,0000;0,5032;-0,0315;0,0000;0,0000;0,3066;-4,2700;2,7700;0;0,0886;11,2800;0;1;0;1;1;0
39,3612;37,4777;11,3000;7,1191;0,2439;0,0000;0,4979;-0,0315;0,0000;0,0000;0,3049;-4,2800;2,8300;0;0,0886;11,2800;0;1;0;1;1;0
39,3750;37,5213;11,3000;7,2071;0,2427;0,0000;0,4923;-0,0315;0,0000;0,0000;0,3033;-4,2900;2,9000;0;0,0886;11,2800;0;1;0;1;1;0
39,3889;37,5650;11,3000;7,3029;0,2416;0,0000;0,4863;-0,0315;0,0000;0,0000;0,3020;-4,3000;2,9900;0;0,0887;11,2800;0;1;0;1;1;0
39,4028;37,8246;11,3000;7,4148;0,2441;0,0000;0,4800;-0,0315;0,0000;0,0000;0,3051;-5,4100;2,0100;0;0,0887;11,2700;0;1;0;1;1;0
39,4167;37,8246;11,3000;7,4761;0,2426;0,0000;0,4743;-0,0315;0,0000;0,0000;0,3032;-5,1900;2,2900;0;0,0887;11,2700;0;1;0;1;1;0
39,4306;37,8246;11,3000;7,5387;0,2413;0,0000;0,4694;-0,0315;0,0000;0,0000;0,3016;-4,9600;2,5700;0;0,0887;11,2700;0;1;0;1;1;0
39,4445;37,8246;11,3000;7,6683;0,2401;0,0000;0,4646;-0,0315;0,0000;0,0000;0,3001;-4,7400;2,9300;0;0,0887;11,2700;0;1;0;1;1;0
39,4584;37,8246;11,3000;7,7655;0,2391;0,0000;0,4599;-0,0315;0,0000;0,0000;0,2988;-4,5100;3,2500;0;0,0887;11,2700;0;1;0;1;1;0
39,4723;37,8389;11,3000;7,8965;0,2380;0,0000;0,4551;-0,0315;0,0000;0,0000;0,2975;-4,3500;3,5300;0;0,0887;11,2700;0;1;0;1;1;0
39,4862;37,8825;11,3000;7,9658;0,2366;0,0000;0,4501;-0,0315;0,0000;0,0000;0,2958;-4,3400;3,6100;0;0,0887;11,2700;0;1;0;1;1;0
39,5000;37,9261;11,3000;8,0264;0,2354;0,0000;0,4450;-0,0315;0,0000;0,0000;0,2943;-4,3300;3,6900;0;0,0887;11,2800;0;1;0;1;1;0
39,5139;37,9698;11,3000;8,1091;0,2344;0,0000;0,4396;-0,0315;0,0000;0,0000;0,2930;-4,3100;3,7900;0;0,0887;11,2800;0;1;0;1;1;0
39,5278;38,0134;11,3000;8,1594;0,2335;0,0000;0,4340;-0,0315;0,0000;0,0000;0,2918;-4,2900;3,8600;0;0,0886;11,2800;0;1;0;1;1;0
39,5417;38,2827;11,3000;8,2067;0,2363;0,0000;0,4284;-0,0315;0,0000;0,0000;0,2954;-5,4200;2,7900;0;0,0885;11,3000;0;1;0;1;1;0
39,5556;38,2827;11,3000;8,2496;0,2350;0,0000;0,4234;-0,0315;0,0000;0,0000;0,2938;-5,1800;3,0700;0;0,0885;11,3000;0;1;0;1;1;0
39,5695;38,2827;11,3000;8,2786;0,2339;0,0000;0,4192;-0,0315;0,0000;0,0000;0,2923;-4,9400;3,3400;0;0,0885;11,3000;0;1;0;1;1;0
39,5834;38,2827;11,3000;8,2898;0,2329;0,0000;0,4154;-0,0315;0,0000;0,0000;0,2911;-4,6900;3,6000;0;0,0885;11,3000;0;1;0;1;1;0
39,5973;38,2827;11,3000;8,3015;0,2320;0,0000;0,4117;-0,0315;0,0000;0,0000;0,2900;-4,4500;3,8500;0;0,0885;11,3000;0;1;0;1;1;0
39,6112;38,2870;11,3000;8,3092;0,2312;0,0000;0,4079;-0,0315;0,0000;0,0000;0,2890;-4,2300;4,0700;0;0,0885;11,3000;0;1;0;1;1;0
39,6250;38,3307;11,3000;8,3086;0,2300;0,0000;0,4041;-0,0315;0,0000;0,0000;0,2875;-4,2100;4,0900;0;0,0884;11,3100;0;1;0;1;1;0
39,6389;38,3743;11,3000;8,2971;0,2289;0,0000;0,4002;-0,0315;0,0000;0,0000;0,2861;-4,1800;4,1000;0;0,0884;11,3100;0;1;0;1;1;0
39,6528;38,4180;11,3000;8,2744;0,2279;0,0000;0,3961;-0,0315;0,0000;0,0000;0,2849;-4,1600;4,1000;0;0,0883;11,3200;0;1;0;1;1;0
39,6667;38,4616;11,3000;8,2312;0,2271;0,0000;0,3918;-0,0315;0,0000;0,0000;0,2839;-4,1400;4,0800;0;0,0883;11,3300;0;1;0;1;1;0
39,6806;38,5053;11,3000;8,1654;0,2264;0,0000;0,3874;-0,0315;0,0000;0,0000;0,2830;-4,1200;4,0400;0;0,0882;11,3400;0;1;0;1;1;0
39,6945;38,7358;11,3000;8,0934;0,2288;0,0000;0,3831;-0,0315;0,0000;0,0000;0,2860;-5,0500;3,0400;0;0,0879;11,3700;0;1;0;1;1;0
39,7084;38,7358;11,3000;8,0440;0,2277;0,0000;0,3792;-0,0315;0,0000;0,0000;0,2846;-4,8100;3,2300;0;0,0879;11,3700;0;1;0;1;1;0
39,7223;38,7358;11,3000;7,9942;0,2267;0,0000;0,3760;-0,0315;0,0000;0,0000;0,2833;-4,5800;3,4100;0;0,0879;11,3700;0;1;0;1;1;0
39,7362;38,7358;11,4000;7,9590;0,2258;0,0000;0,3731;-0,0315;0,0000;0,0000;0,2823;-4,3500;3,6100;0;0,0879;11,3700;0;1;0;1;1;0
39,7500;38,7358;11,4000;7,9194;0,2251;0,0000;0,3703;-0,0315;0,0000;0,0000;0,2814;-4,1100;3,8000;0;0,0879;11,3700;0;1;0;1;1;0
39,7639;38,7792;11,4000;7,8950;0,2238;0,0000;0,3674;-0,0315;0,0000;0,0000;0,2798;-4,1000;3,7900;0;0,0878;11,3900;0;1;0;1;1;0
39,7778;38,8233;11,4000;7,8702;0,2227;0,0000;0,3644;-0,0315;0,0000;0,0000;0,2783;-4,0800;3,7800;0;0,0877;11,4000;0;1;0;1;1;0
39,7917;38,8673;11,4000;7,8558;0,2216;0,0000;0,3613;-0,0315;0,0000;0,0000;0,2770;-4,0700;3,7800;0;0,0877;11,4100;0;1;0;1;1;0
39,8056;38,9113;11,4000;7,8460;0,2208;0,0000;0,3579;-0,0315;0,0000;0,0000;0,2759;-4,0600;3,7800;0;0,0876;11,4200;0;1;0;1;1;0
39,8195;38,9554;11,4000;7,8429;0,2200;0,0000;0,3544;-0,0315;0,0000;0,0000;0,2750;-4,0500;3,7900;0;0,0875;11,4300;0;1;0;1;1;0
39,8334;39,1937;11,4000;7,8510;0,2225;0,0000;0,3508;-0,0315;0,0000;0,0000;0,2781;-5,0100;2,8400;0;0,0870;11,5000;0;1;0;1;1;0
39,8473;39,1937;11,4000;7,8526;0,2213;0,0000;0,3477;-0,0315;0,0000;0,0000;0,2767;-4,7800;3,0700;0;0,0870;11,5000;0;1;0;1;1;0
39,8612;39,1937;11,4000;7,8949;0,2203;0,0000;0,3450;-0,0315;0,0000;0,0000;0,2754;-4,5500;3,3500;0;0,0870;11,5000;0;1;0;1;1;0
39,8750;39,1937;11,4000;7,9290;0,2194;0,0000;0,3426;-0,0315;0,0000;0,0000;0,2743;-4,3100;3,6200;0;0,0870;11,5000;0;1;0;1;1;0
39,8889;39,1937;11,4000;7,9752;0,2187;0,0000;0,3403;-0,0315;0,0000;0,0000;0,2734;-4,0800;3,9000;0;0,0870;11,5000;0;1;0;1;1;0
39,9028;39,2304;11,4000;8,0248;0,2176;0,0000;0,3379;-0,0315;0,0000;0,0000;0,2721;-4,0200;4,0000;0;0,0869;11,5100;0;1;0;1;1;0
39,9167;39,2744;11,4000;8,0616;0,2166;0,0000;0,3355;-0,0315;0,0000;0,0000;0,2707;-4,0000;4,0500;0;0,0868;11,5200;0;1;0;1;1;0
39,9306;39,3185;11,4000;8,0932;0,2157;0,0000;0,3329;-0,0315;0,0000;0,0000;0,2696;-3,9800;4,1100;0;0,0867;11,5400;0;1;0;1;1;0
39,9445;39,3625;11,4000;8,1167;0,2149;0,0000;0,3303;-0,0315;0,0000;0,0000;0,2686;-3,9600;4,1500;0;0,0865;11,5600;0;1;0;1;1;0
39,9584;39,4066;11,4000;8,1212;0,2143;0,0000;0,3276;-0,0315;0,0000;0,0000;0,2678;-3,9300;4,1800;0;0,0864;11,5700;0;1;0;1;1;0
39,9723;39,6473;11,4000;8,1653;0,2168;0,0000;0,3249;-0,0315;0,0000;0,0000;0,2710;-4,8900;3,2800;0;0,0858;11,6600;0;1;0;1;1;0
39,9862;39,6473;11,2000;8,1932;0,2158;0,0000;0,3225;-0,0315;0,0000;0,0000;0,2698;-4,6500;3,5500;0;0,0858;11,6600;0;1;0;1;1;0
40,0000;39,6473;11,2000;8,2114;0,2150;0,0000;0,3207;-0,0315;0,0000;0,0000;0,2687;-4,4100;3,8000;0;0,0858;11,6600;0;1;0;1;1;0
40,0139;39,6473;11,2000;8,2259;0,2143;0,0000;0,3190;-0,0315;0,0000;0,0000;0,2679;-4,1700;4,0600;0;0,0858;11,6600;0;1;0;1;1;0
40,0278;39,6473;11,2000;8,2343;0,2137;0,0000;0,3174;-0,0315;0,0000;0,0000;0,2672;-3,9300;4,3000;0;0,0858;11,6600;0;1;0;1;1;0
40,0417;39,6782;11,2000;8,2360;0,2129;0,0000;0,3158;-0,0315;0,0000;0,0000;0,2661;-3,8400;4,3900;0;0,0857;11,6700;0;1;0;1;1;0
40,0556;39,7214;11,2000;8,2398;0,2120;0,0000;0,3143;-0,0315;0,0000;0,0000;0,2650;-3,8100;4,4200;0;0,0855;11,6900;0;1;0;1;1;0
40,0695;39,7647;11,2000;8,2404;0,2112;0,0000;0,3127;-0,0315;0,0000;0,0000;0,2640;-3,7800;4,4500;0;0,0854;11,7100;0;1;0;1;1;0
40,0834;39,8080;11,2000;8,2396;0,2106;0,0000;0,3113;-0,0315;0,0000;0,0000;0,2632;-3,7500;4,4800;0;0,0852;11,7300;0;1;0;1;1;0
40,0973;39,8512;11,2000;8,2358;0,2101;0,0000;0,3105;-0,0315;0,0000;0,0000;0,2626;-3,7200;4,5000;0;0,0851;11,7500;0;1;0;1;1;0
40,1112;40,1048;11,2000;8,2280;0,2130;0,0000;0,3107;-0,0315;0,0000;0,0000;0,2662;-4,7200;3,5100;0;0,0843;11,8700;0;1;0;1;1;0
40,1250;40,1048;11,2000;8,2215;0,2121;0,0000;0,3106;-0,0315;0,0000;0,0000;0,2651;-4,4800;3,7400;0;0,0843;11,8700;0;1;0;1;1;0
40,1389;40,1048;11,2000;8,2120;0,2113;0,0000;0,3102;-0,0315;0,0000;0,0000;0,2642;-4,2400;3,9700;0;0,0843;11,8700;0;1;0;1;1;0
40,1528;40,1048;11,2000;8,1953;0,2107;0,0000;0,3095;-0,0315;0,0000;0,0000;0,2634;-4,0100;4,1900;0;0,0843;11,8700;0;1;0;1;1;0
40,1667;40,1048;11,2000;8,1920;0,2103;0,0000;0,3090;-0,0315;0,0000;0,0000;0,2629;-3,7700;4,4200;0;0,0843;11,8700;0;1;0;1;1;0
40,1806;40,1210;11,2000;8,1652;0,2097;0,0000;0,3091;-0,0315;0,0000;0,0000;0,2622;-3,6100;4,5500;0;0,0842;11,8800;0;1;0;1;1;0
40,1945;40,1642;11,2000;8,1598;0,2089;0,0000;0,3097;-0,0315;0,0000;0,0000;0,2612;-3,5800;4,5800;0;0,0840;11,9000;0;1;0;1;1;0
40,2084;40,2075;11,2000;8,1437;0,2083;0,0000;0,3108;-0,0315;0,0000;0,0000;0,2603;-3,5500;4,5900;0;0,0839;11,9200;0;1;0;1;1;0
40,2223;40,2508;11,2000;8,1400;0,2077;0,0000;0,3127;-0,0315;0,0000;0,0000;0,2596;-3,5200;4,6200;0;0,0837;11,9500;0;1;0;1;1;0
40,2362;40,2940;11,2000;8,1439;0,2073;0,0000;0,3152;-0,0315;0,0000;0,0000;0,2591;-3,4900;4,6500;0;0,0835;11,9700;0;1;0;1;1;0
40,2500;40,5591;11,2000;8,1519;0,2103;0,0000;0,3182;-0,0315;0,0000;0,0000;0,2629;-4,5200;3,6300;0;0,0825;12,1200;0;1;0;1;1;0
40,2639;40,5591;11,2000;8,1625;0,2096;0,0000;0,3204;-0,0315;0,0000;0,0000;0,2620;-4,2800;3,8800;0;0,0825;12,1200;0;1;0;1;1;0
40,2778;40,5591;11,2000;8,1648;0,2089;0,0000;0,3212;-0,0315;0,0000;0,0000;0,2612;-4,0400;4,1200;0;0,0825;12,1200;0;1;0;0;0;0
40,2917;40,5591;11,2000;8,1810;0,2085;0,0000;0,3214;-0,0315;0,0000;0,0000;0,2606;-3,8000;4,3800;0;0,0825;12,1200;0;1;0;0;0;0
40,3056;40,5591;11,2000;8,1988;0,2081;0,0000;0,3221;-0,0315;0,0000;0,0000;0,2602;-3,5700;4,6300;0;0,0825;12,1200;0;1;0;0;0;0
40,3195;40,5635;11,2000;8,2088;0,2079;0,0000;0,3232;-0,0315;0,0000;0,0000;0,2599;-3,3500;4,8500;0;0,0825;12,1200;0;1;0;0;0;0
40,3334;40,6067;11,2000;8,2229;0,2072;0,0000;0,3247;-0,0315;0,0000;0,0000;0,2590;-3,3100;4,9000;0;0,0823;12,1500;0;1;0;0;0;0
40,3473;40,6500;11,2000;8,2170;0,2067;0,0000;0,3265;-0,0315;0,0000;0,0000;0,2584;-3,2700;4,9400;0;0,0821;12,1700;0;1;0;0;0;0
40,3612;40,6932;11,2000;8,2159;0,2063;0,0000;0,3285;-0,0315;0,0000;0,0000;0,2579;-3,2400;4,9700;0;0,0820;12,2000;0;1;0;0;0;0
40,3750;40,7365;11,2000;8,1535;0,2060;0,0000;0,3305;-0,0315;0,0000;0,0000;0,2575;-3,2000;4,9500;0;0,0818;12,2300;0;1;0;0;0;0
40,3889;40,7798;11,2000;8,1689;0,2059;0,0000;0,3323;-0,0315;0,0000;0,0000;0,2574;-3,1700;5,0000;0;0,0816;12,2600;0;1;0;0;0;0
40,4028;41,0159;11,2000;8,1922;0,2088;0,0000;0,3340;-0,0315;0,0000;0,0000;0,2610;-4,0300;4,1600;0;0,0806;12,4100;0;1;0;0;0;0
40,4167;41,0159;11,2000;8,2225;0,2083;0,0000;0,3350;-0,0315;0,0000;0,0000;0,2604;-3,7900;4,4300;0;0,0806;12,4100;0;1;0;0;0;0
40,4306;41,0159;11,2000;8,1740;0,2080;0,0000;0,3354;-0,0315;0,0000;0,0000;0,2600;-3,5600;4,6200;0;0,0806;12,4100;0;1;0;0;0;0
40,4445;41,0159;11,3000;8,1472;0,2078;0,0000;0,3357;-0,0315;0,0000;0,0000;0,2598;-3,3200;4,8300;0;0,0806;12,4100;0;1;0;0;0;0
40,4584;41,0159;11,3000;8,0217;0,2077;0,0000;0,3360;-0,0315;0,0000;0,0000;0,2597;-3,0800;4,9400;0;0,0806;12,4100;0;1;0;0;0;0
40,4723;41,0497;11,3000;7,9084;0,2073;0,0000;0,3364;-0,0315;0,0000;0,0000;0,2591;-3,0000;4,9000;0;0,0804;12,4300;0;1;0;0;0;0
40,4862;41,0934;11,3000;7,8856;0,2068;0,0000;0,3369;-0,0315;0,0000;0,0000;0,2585;-2,9700;4,9100;0;0,0802;12,4600;0;1;0;0;0;0
40,5000;41,1370;11,3000;7,8010;0,2065;0,0000;0,3375;-0,0315;0,0000;0,0000;0,2581;-2,9400;4,8500;0;0,0800;12,4900;0;1;0;0;0;0
40,5139;41,1807;11,3000;7,7311;0,2063;0,0000;0,3382;-0,0315;0,0000;0,0000;0,2578;-2,9200;4,8100;0;0,0799;12,5200;0;1;0;0;0;0
40,5278;41,2243;11,3000;7,6574;0,2062;0,0000;0,3389;-0,0315;0,0000;0,0000;0,2577;-2,8900;4,7600;0;0,0797;12,5500;0;1;0;0;0;0
40,5417;41,4709;11,3000;7,5000;0,2091;0,0000;0,3396;-0,0315;0,0000;0,0000;0,2613;-3,8000;3,7000;0;0,0785;12,7300;0;1;0;0;0;0
40,5556;41,4709;11,3000;7,3880;0,2085;0,0000;0,3396;-0,0315;0,0000;0,0000;0,2607;-3,5800;3,8100;0;0,0785;12,7300;0;1;0;0;0;0
40,5695;41,4709;11,3000;7,3018;0,2081;0,0000;0,3391;-0,0315;0,0000;0,0000;0,2601;-3,3600;3,9400;0;0,0785;12,7300;0;1;0;0;0;0
40,5834;41,4709;11,3000;7,2244;0,2078;0,0000;0,3385;-0,0315;0,0000;0,0000;0,2598;-3,1500;4,0700;0;0,0785;12,7300;0;1;0;0;0;0
40,5973;41,4709;11,3000;7,2089;0,2076;0,0000;0,3381;-0,0315;0,0000;0,0000;0,2595;-2,9400;4,2700;0;0,0785;12,7300;0;1;0;0;0;0
40,6112;41,4955;11,3000;7,0139;0,2072;0,0000;0,3380;-0,0315;0,0000;0,0000;0,2590;-2,8500;4,1600;0;0,0784;12,7500;0;1;0;0;0;0
40,6250;41,5391;11,3000;6,8968;0,2066;0,0000;0,3381;-0,0315;0,0000;0,0000;0,2582;-2,8400;4,0500;0;0,0782;12,7900;0;1;0;0;0;0
40,6389;41,5828;11,3000;6,8154;0,2061;0,0000;0,3385;-0,0315;0,0000;0,0000;0,2576;-2,8300;3,9800;0;0,0780;12,8200;0;1;0;0;0;0
40,6528;41,6264;11,3000;6,7055;0,2057;0,0000;0,3390;-0,0315;0,0000;0,0000;0,2571;-2,8300;3,8700;0;0,0778;12,8500;0;1;0;0;0;0
40,6667;41,6700;11,3000;6,5737;0,2053;0,0000;0,3393;-0,0315;0,0000;0,0000;0,2567;-2,8300;3,7400;0;0,0776;12,8900;0;1;0;0;0;0
40,6806;41,9270;11,3000;6,5474;0,2081;0,0000;0,3394;-0,0315;0,0000;0,0000;0,2601;-3,7800;2,7700;0;0,0764;13,0900;0;1;0;0;0;0
40,6945;41,9270;11,3000;6,6608;0,2074;0,0000;0,3393;-0,0315;0,0000;0,0000;0,2593;-3,5800;3,0800;0;0,0764;13,0900;0;1;0;0;0;0
40,7084;41,9270;11,3000;6,6955;0,2068;0,0000;0,3392;-0,0315;0,0000;0,0000;0,2585;-3,3900;3,3100;0;0,0764;13,0900;0;1;0;0;0;0
40,7223;41,9270;11,3000;6,7225;0,2064;0,0000;0,3394;-0,0315;0,0000;0,0000;0,2580;-3,1900;3,5300;0;0,0764;13,0900;0;1;0;0;0;0
40,7362;41,9270;11,3000;6,7511;0,2061;0,0000;0,3397;-0,0315;0,0000;0,0000;0,2576;-2,9900;3,7600;0;0,0764;13,0900;0;1;0;0;0;0
40,7500;41,9408;11,3000;6,7736;0,2057;0,0000;0,3401;-0,0315;0,0000;0,0000;0,2571;-2,8600;3,9100;0;0,0763;13,1000;0;1;0;0;0;0
40,7639;41,9844;11,3000;6,8063;0,2051;0,0000;0,3403;-0,0315;0,0000;0,0000;0,2563;-2,8400;3,9600;0;0,0761;13,1400;0;1;0;0;0;0
40,7778;42,0281;11,3000;6,8628;0,2045;0,0000;0,3402;-0,0315;0,0000;0,0000;0,2557;-2,8300;4,0300;0;0,0759;13,1800;0;1;0;0;0;0
40,7917;42,0717;11,3000;6,9150;0,2042;0,0000;0,3393;-0,0315;0,0000;0,0000;0,2552;-2,8200;4,0900;0;0,0757;13,2200;0;1;0;0;0;0
40,8056;42,1153;11,3000;6,9255;0,2039;0,0000;0,3374;-0,0315;0,0000;0,0000;0,2549;-2,8000;4,1200;0;0,0755;13,2500;0;1;0;0;0;0
40,8195;42,3829;11,3000;6,9771;0,2068;0,0000;0,3346;-0,0315;0,0000;0,0000;0,2585;-3,7500;3,2300;0;0,0742;13,4800;0;1;0;0;0;0
40,8334;42,3829;11,3000;7,0483;0,2062;0,0000;0,3324;-0,0315;0,0000;0,0000;0,2578;-3,5500;3,5000;0;0,0742;13,4800;0;1;0;0;0;0
40,8473;42,3829;11,3000;7,2076;0,2058;0,0000;0,3318;-0,0315;0,0000;0,0000;0,2573;-3,3300;3,8700;0;0,0742;13,4800;0;1;0;0;0;0
40,8612;42,3829;11,3000;7,3046;0,2055;0,0000;0,3320;-0,0315;0,0000;0,0000;0,2569;-3,1200;4,1800;0;0,0742;13,4800;0;1;0;0;0;0
40,8750;42,3829;11,3000;7,3702;0,2054;0,0000;0,3326;-0,0315;0,0000;0,0000;0,2568;-2,9100;4,4600;0;0,0742;13,4800;0;1;0;0;0;0
40,8889;42,3859;11,3000;7,4359;0,2054;0,0000;0,3332;-0,0315;0,0000;0,0000;0,2567;-2,7000;4,7300;0;0,0741;13,4900;0;1;0;0;0;0
40,9028;42,4295;11,3000;7,5170;0,2050;0,0000;0,3337;-0,0315;0,0000;0,0000;0,2562;-2,6600;4,8500;0;0,0739;13,5300;0;1;0;0;0;0
40,9167;42,4732;11,3000;7,5331;0,2047;0,0000;0,3340;-0,0315;0,0000;0,0000;0,2559;-2,6300;4,9000;0;0,0737;13,5700;0;1;0;0;0;0
40,9306;42,5168;11,3000;7,5223;0,2046;0,0000;0,3338;-0,0315;0,0000;0,0000;0,2557;-2,5900;4,9300;0;0,0735;13,6100;0;1;0;0;0;0
40,9445;42,5605;11,4000;7,5572;0,2046;0,0000;0,3331;-0,0315;0,0000;0,0000;0,2558;-2,5500;5,0000;0;0,0733;13,6500;0;1;0;0;0;0
40,9584;42,6045;11,4000;7,5356;0,2048;0,0000;0,3321;-0,0315;0,0000;0,0000;0,2559;-2,5100;5,0200;0;0,0731;13,6900;0;1;0;0;0;0
40,9723;42,8378;11,4000;7,5058;0,2075;0,0000;0,3311;-0,0315;0,0000;0,0000;0,2594;-3,2700;4,2400;0;0,0719;13,9000;0;1;0;0;0;0
40,9862;42,8378;11,4000;7,4941;0,2073;0,0000;0,3307;-0,0315;0,0000;0,0000;0,2591;-3,0500;4,4500;0;0,0719;13,9000;0;1;0;0;0;0
41,0000;42,8378;11,4000;7,4918;0,2072;0,0000;0,3311;-0,0315;0,0000;0,0000;0,2591;-2,8300;4,6600;0;0,0719;13,9000;0;1;0;0;0;0
41,0139;42,8378;11,4000;7,4762;0,2073;0,0000;0,3320;-0,0315;0,0000;0,0000;0,2592;-2,6100;4,8700;0;0,0719;13,9000;0;1;0;0;0;0
41,0278;42,8378;11,4000;7,4666;0,2075;0,0000;0,3331;-0,0315;0,0000;0,0000;0,2594;-2,3900;5,0800;0;0,0719;13,9000;0;1;0;0;0;0
41,0417;42,8772;11,4000;7,4364;0,2074;0,0000;0,3342;-0,0315;0,0000;0,0000;0,2592;-2,3300;5,1000;0;0,0717;13,9400;0;1;0;0;0;0
41,0556;42,9213;11,4000;7,4015;0,2073;0,0000;0,3353;-0,0315;0,0000;0,0000;0,2591;-2,2900;5,1100;0;0,0715;13,9800;0;1;0;0;0;0
41,0695;42,9653;11,4000;7,3780;0,2073;0,0000;0,3363;-0,0315;0,0000;0,0000;0,2591;-2,2500;5,1200;0;0,0713;14,0200;0;1;0;0;0;0
41,0834;43,0093;11,4000;7,3300;0,2075;0,0000;0,3372;-0,0315;0,0000;0,0000;0,2593;-2,2100;5,1100;0;0,0711;14,0700;0;1;0;0;0;0
41,0973;43,0534;11,4000;7,3053;0,2078;0,0000;0,3380;-0,0315;0,0000;0,0000;0,2597;-2,1800;5,1300;0;0,0709;14,1100;0;1;0;0;0;0
41,1112;43,2948;11,4000;7,2850;0,2107;0,0000;0,3385;-0,0315;0,0000;0,0000;0,2634;-2,9400;4,3500;0;0,0697;14,3500;0;1;0;0;0;0
41,1250;43,2948;11,4000;7,2809;0,2106;0,0000;0,3380;-0,0315;0,0000;0,0000;0,2633;-2,7200;4,5600;0;0,0697;14,3500;0;1;0;0;0;0
41,1389;43,2948;11,4000;7,2587;0,2107;0,0000;0,3360;-0,0315;0,0000;0,0000;0,2634;-2,5100;4,7500;0;0,0697;14,3500;0;1;0;0;0;0
41,1528;43,2948;11,4000;7,2382;0,2109;0,0000;0,3333;-0,0315;0,0000;0,0000;0,2636;-2,3000;4,9400;0;0,0697;14,3500;0;1;0;0;0;0
41,1667;43,2948;11,4000;7,2063;0,2112;0,0000;0,3303;-0,0315;0,0000;0,0000;0,2640;-2,0800;5,1200;0;0,0697;14,3500;0;1;0;0;0;0
41,1806;43,3259;11,7000;7,1881;0,2114;0,0000;0,3272;-0,0315;0,0000;0,0000;0,2642;-1,9900;5,2000;0;0,0696;14,3800;0;1;0;0;0;0
41,1945;43,3711;11,7000;7,1378;0,2114;0,0000;0,3241;-0,0315;0,0000;0,0000;0,2642;-1,9500;5,1800;0;0,0693;14,4200;0;1;0;0;0;0
41,2084;43,4163;11,7000;7,0817;0,2116;0,0000;0,3211;-0,0315;0,0000;0,0000;0,2645;-1,9100;5,1700;0;0,0691;14,4700;0;1;0;0;0;0
41,2223;43,4614;11,7000;6,9994;0,2119;0,0000;0,3184;-0,0315;0,0000;0,0000;0,2648;-1,8800;5,1200;0;0,0689;14,5100;0;1;0;0;0;0
41,2362;43,5066;11,7000;6,9830;0,2123;0,0000;0,3160;-0,0315;0,0000;0,0000;0,2653;-1,8400;5,1400;0;0,0687;14,5600;0;1;0;0;0;1
41,2500;43,7479;11,7000;6,9059;0,2152;0,0000;0,3138;-0,0315;0,0000;0,0000;0,2690;-2,5800;4,3200;0;0,0675;14,8100;0;1;0;0;0;1
41,2639;43,7479;11,7000;6,6677;0,2152;0,0000;0,3121;-0,0315;0,0000;0,0000;0,2691;-2,3800;4,2900;0;0,0675;14,8100;0;1;0;0;0;1
41,2778;43,7479;11,7000;6,5454;0,2154;0,0000;0,3110;-0,0315;0,0000;0,0000;0,2692;-2,1800;4,3600;0;0,0675;14,8100;0;1;0;0;0;1
41,2917;43,7479;11,7000;6,4491;0,2156;0,0000;0,3105;-0,0315;0,0000;0,0000;0,2695;-1,9900;4,4600;0;0,0675;14,8100;0;1;0;5;0;1
41,3056;43,7479;11,7000;6,4299;0,2160;0,0000;0,3106;-0,0315;0,0000;0,0000;0,2700;-1,7900;4,6400;0;0,0675;14,8100;0;1;0;5;0;1
41,3195;43,7860;11,7000;6,2133;0,2159;0,0000;0,3106;-0,0315;0,0000;0,0000;0,2699;-1,7500;4,4600;0;0,0674;14,8400;0;1;0;5;0;1
41,3334;43,8312;11,7000;6,0299;0,2159;0,0000;0,3108;-0,0315;0,0000;0,0000;0,2699;-1,7400;4,2900;0;0,0672;14,8900;0;1;0;5;0;1
41,3473;43,8764;11,7000;5,9934;0,2159;0,0000;0,3110;-0,0315;0,0000;0,0000;0,2699;-1,7300;4,2600;0;0,0669;14,9400;0;1;0;5;0;1
41,3612;43,9215;11,7000;5,8606;0,2161;0,0000;0,3111;-0,0315;0,0000;0,0000;0,2701;-1,7200;4,1300;0;0,0667;14,9800;0;1;0;5;0;1
41,3750;43,9667;11,7000;5,7370;0,2163;0,0000;0,3113;-0,0315;0,0000;0,0000;0,2704;-1,7200;4,0100;0;0,0665;15,0300;0;1;0;5;0;1
41,3889;44,2065;11,7000;5,6629;0,2190;0,0000;0,3115;-0,0315;0,0000;0,0000;0,2737;-2,4600;3,2000;0;0,0654;15,2800;0;1;0;5;0;1
41,4028;44,2065;11,7000;5,5937;0,2188;0,0000;0,3120;-0,0315;0,0000;0,0000;0,2735;-2,3000;3,3000;0;0,0654;15,2800;0;1;0;5;0;1
41,4167;44,2065;11,7000;5,5715;0,2187;0,0000;0,3129;-0,0315;0,0000;0,0000;0,2734;-2,1300;3,4500;0;0,0654;15,2800;0;1;0;5;0;1
41,4306;44,2065;11,7000;5,5700;0,2188;0,0000;0,3140;-0,0315;0,0000;0,0000;0,2735;-1,9600;3,6100;0;0,0654;15,2800;0;1;0;5;0;1
41,4445;44,2065;11,7000;5,5426;0,2189;0,0000;0,3150;-0,0315;0,0000;0,0000;0,2737;-1,7900;3,7500;0;0,0654;15,2800;0;1;0;5;0;1
41,4584;44,2459;11,7000;5,5371;0,2187;0,0000;0,3161;-0,0315;0,0000;0,0000;0,2734;-1,7700;3,7600;0;0,0653;15,3200;0;1;0;5;0;0
41,4723;44,2911;11,7000;5,5204;0,2185;0,0000;0,3170;-0,0315;0,0000;0,0000;0,2732;-1,7700;3,7500;0;0,0651;15,3700;0;1;0;5;0;0
41,4862;44,3362;11,7000;5,4940;0,2185;0,0000;0,3178;-0,0315;0,0000;0,0000;0,2731;-1,7700;3,7200;0;0,0649;15,4200;0;1;0;5;0;0
41,5000;44,3814;11,7000;5,4878;0,2185;0,0000;0,3185;-0,0315;0,0000;0,0000;0,2731;-1,7700;3,7100;0;0,0647;15,4600;0;1;0;5;0;0
41,5139;44,4266;11,7000;5,4853;0,2186;0,0000;0,3190;-0,0315;0,0000;0,0000;0,2733;-1,7700;3,7100;0;0,0645;15,5100;0;1;0;5;0;0
41,5278;44,6612;11,7000;5,4936;0,2211;0,0000;0,3194;-0,0315;0,0000;0,0000;0,2763;-2,4700;3,0200;0;0,0634;15,7600;0;1;0;5;0;0
41,5417;44,6612;11,7000;5,5129;0,2209;0,0000;0,3201;-0,0315;0,0000;0,0000;0,2761;-2,3000;3,2100;0;0,0634;15,7600;0;1;0;5;0;0
41,5556;44,6612;11,7000;5,5358;0,2208;0,0000;0,3210;-0,0315;0,0000;0,0000;0,2760;-2,1400;3,4000;0;0,0634;15,7600;0;1;0;5;0;0
41,5695;44,6612;11,7000;5,5402;0,2209;0,0000;0,3221;-0,0315;0,0000;0,0000;0,2761;-1,9700;3,5700;0;0,0634;15,7600;0;1;0;5;0;0
41,5834;44,6612;11,7000;5,5756;0,2210;0,0000;0,3232;-0,0315;0,0000;0,0000;0,2762;-1,8000;3,7700;0;0,0634;15,7600;0;1;0;5;0;0
41,5973;44,7055;11,7000;5,6448;0,2208;0,0000;0,3242;-0,0315;0,0000;0,0000;0,2759;-1,7900;3,8500;0;0,0633;15,8100;0;1;0;5;0;0
41,6112;44,7507;11,7000;5,6586;0,2206;0,0000;0,3251;-0,0315;0,0000;0,0000;0,2758;-1,7800;3,8800;0;0,0631;15,8600;0;1;0;5;0;0
41,6250;44,7959;11,7000;5,7221;0,2206;0,0000;0,3259;-0,0315;0,0000;0,0000;0,2757;-1,7700;3,9500;0;0,0629;15,9000;0;1;0;5;0;0
41,6389;44,8410;11,7000;5,7680;0,2207;0,0000;0,3265;-0,0315;0,0000;0,0000;0,2759;-1,7500;4,0100;0;0,0627;15,9500;0;1;0;5;0;0
41,6528;44,8862;11,7000;5,8200;0,2209;0,0000;0,3270;-0,0315;0,0000;0,0000;0,2761;-1,7400;4,0800;0;0,0625;16,0000;0;1;0;5;0;0
41,6667;45,1172;11,7000;5,8789;0,2233;0,0000;0,3275;-0,0315;0,0000;0,0000;0,2792;-2,3900;3,4900;0;0,0616;16,2400;0;1;0;5;0;0
41,6806;45,1172;11,7000;5,8907;0,2233;0,0000;0,3282;-0,0315;0,0000;0,0000;0,2791;-2,2100;3,6800;0;0,0616;16,2400;0;1;0;5;0;0
41,6945;45,1172;11,9000;5,9437;0,2234;0,0000;0,3293;-0,0315;0,0000;0,0000;0,2792;-2,0300;3,9200;0;0,0616;16,2400;0;1;0;5;0;0
41,7084;45,1172;11,9000;6,0491;0,2236;0,0000;0,3306;-0,0315;0,0000;0,0000;0,2795;-1,8400;4,2100;0;0,0616;16,2400;0;1;0;5;0;0
41,7223;45,1214;11,9000;6,1198;0,2239;0,0000;0,3319;-0,0315;0,0000;0,0000;0,2799;-1,6700;4,4500;0;0,0616;16,2500;0;1;0;5;0;0
41,7362;45,1674;11,9000;6,1696;0,2239;0,0000;0,3332;-0,0315;0,0000;0,0000;0,2799;-1,6400;4,5200;0;0,0614;16,2900;0;1;0;5;0;0
41,7500;45,2133;11,9000;6,1931;0,2240;0,0000;0,3346;-0,0315;0,0000;0,0000;0,2800;-1,6100;4,5800;0;0,0612;16,3400;0;1;0;5;0;0
41,7639;45,2593;11,9000;6,1981;0,2243;0,0000;0,3358;-0,0315;0,0000;0,0000;0,2803;-1,5800;4,6100;0;0,0610;16,3800;0;1;0;5;0;0
41,7778;45,3052;11,9000;6,2106;0,2246;0,0000;0,3370;-0,0315;0,0000;0,0000;0,2808;-1,5500;4,6600;0;0,0609;16,4300;0;1;0;5;0;0
41,7917;45,5743;11,9000;6,2372;0,2276;0,0000;0,3382;-0,0315;0,0000;0,0000;0,2845;-2,2900;3,9400;0;0,0598;16,7100;0;1;0;5;0;0
41,8056;45,5743;11,9000;6,2787;0,2277;0,0000;0,3397;-0,0315;0,0000;0,0000;0,2846;-2,1000;4,1800;0;0,0598;16,7100;0;1;0;5;0;0
41,8195;45,5743;11,9000;6,3063;0,2280;0,0000;0,3418;-0,0315;0,0000;0,0000;0,2850;-1,9100;4,4000;0;0,0598;16,7100;0;1;0;5;0;0
41,8334;45,5743;11,9000;6,3492;0,2284;0,0000;0,3441;-0,0315;0,0000;0,0000;0,2855;-1,7100;4,6400;0;0,0598;16,7100;0;1;0;5;0;0
41,8473;45,5743;11,9000;6,3679;0,2289;0,0000;0,3465;-0,0315;0,0000;0,0000;0,2861;-1,5100;4,8500;0;0,0598;16,7100;0;1;0;5;0;0
41,8612;45,5887;11,9000;6,4027;0,2294;0,0000;0,3490;-0,0315;0,0000;0,0000;0,2868;-1,3600;5,0300;0;0,0598;16,7200;0;1;0;5;0;0
41,8750;45,6346;11,9000;6,4096;0,2297;0,0000;0,3515;-0,0315;0,0000;0,0000;0,2871;-1,3200;5,0800;0;0,0596;16,7700;0;1;0;5;0;0
41,8889;45,6806;11,9000;6,4326;0,2301;0,0000;0,3540;-0,0315;0,0000;0,0000;0,2877;-1,2800;5,1500;0;0,0595;16,8100;0;1;0;5;0;0
41,9028;45,7265;11,9000;6,4567;0,2307;0,0000;0,3564;-0,0315;0,0000;0,0000;0,2884;-1,2400;5,2200;0;0,0593;16,8500;0;1;0;5;0;0
41,9167;45,7725;11,9000;6,4942;0,2314;0,0000;0,3589;-0,0315;0,0000;0,0000;0,2893;-1,1900;5,3000;0;0,0592;16,9000;0;1;0;5;0;0
41,9306;46,0271;11,9000;6,5584;0,2345;0,0000;0,3614;-0,0315;0,0000;0,0000;0,2931;-1,8500;4,7100;0;0,0583;17,1500;0;1;0;5;0;0
41,9445;46,0271;11,9000;6,5713;0,2349;0,0000;0,3643;-0,0315;0,0000;0,0000;0,2937;-1,6500;4,9200;0;0,0583;17,1500;0;1;0;5;0;0
41,9584;46,0271;11,9000;6,5929;0,2355;0,0000;0,3679;-0,0315;0,0000;0,0000;0,2944;-1,4500;5,1500;0;0,0583;17,1500;0;1;0;5;0;0
41,9723;46,0271;11,9000;6,6027;0,2363;0,0000;0,3719;-0,0315;0,0000;0,0000;0,2954;-1,2400;5,3600;0;0,0583;17,1500;0;1;0;5;0;0
41,9862;46,0271;11,9000;6,6048;0,2372;0,0000;0,3760;-0,0315;0,0000;0,0000;0,2965;-1,0400;5,5700;0;0,0583;17,1500;0;1;0;5;0;0
42,0000;46,0560;11,9000;6,5826;0,2379;0,0000;0,3802;-0,0315;0,0000;0,0000;0,2974;-0,9300;5,6500;0;0,0582;17,1700;0;1;0;5;0;0
42,0139;46,1019;11,9000;6,5730;0,2386;0,0000;0,3846;-0,0315;0,0000;0,0000;0,2982;-0,8800;5,6900;0;0,0581;17,2100;0;1;0;5;0;0
42,0278;46,1479;11,9000;6,5684;0,2394;0,0000;0,3890;-0,0315;0,0000;0,0000;0,2992;-0,8300;5,7400;0;0,0580;17,2500;0;1;0;5;0;0
42,0417;46,1938;11,9000;6,5628;0,2403;0,0000;0,3933;-0,0315;0,0000;0,0000;0,3003;-0,7800;5,7800;0;0,0578;17,2900;0;1;0;5;0;0
42,0556;46,2398;11,9000;6,5729;0,2413;0,0000;0,3977;-0,0315;0,0000;0,0000;0,3016;-0,7300;5,8400;0;0,0577;17,3300;0;1;0;5;0;0
42,0695;46,4855;11,9000;6,5816;0,2446;0,0000;0,4023;-0,0315;0,0000;0,0000;0,3057;-1,3400;5,2400;0;0,0570;17,5500;0;1;0;5;0;0
42,0834;46,4855;11,9000;6,5834;0,2454;0,0000;0,4073;-0,0315;0,0000;0,0000;0,3067;-1,1300;5,4500;0;0,0570;17,5500;0;1;0;5;0;0
42,0973;46,4855;11,9000;6,6009;0,2463;0,0000;0,4131;-0,0315;0,0000;0,0000;0,3079;-0,9300;5,6700;0;0,0570;17,5500;0;1;0;5;0;0
42,1112;46,4855;11,9000;6,6177;0,2474;0,0000;0,4193;-0,0315;0,0000;0,0000;0,3093;-0,7300;5,8900;0;0,0570;17,5500;0;1;0;5;0;0
42,1250;46,4855;11,9000;6,6283;0,2487;0,0000;0,4256;-0,0315;0,0000;0,0000;0,3108;-0,5200;6,1100;0;0,0570;17,5500;0;1;0;5;0;0
42,1389;46,5234;11,9000;6,6127;0,2496;0,0000;0,4322;-0,0315;0,0000;0,0000;0,3120;-0,4400;6,1700;0;0,0569;17,5700;0;1;0;5;0;0
42,1528;46,5694;11,9000;6,5688;0,2506;0,0000;0,4388;-0,0315;0,0000;0,0000;0,3133;-0,3900;6,1800;0;0,0568;17,6100;0;1;0;5;0;0
42,1667;46,6153;11,9000;6,5230;0,2518;0,0000;0,4454;-0,0315;0,0000;0,0000;0,3147;-0,3300;6,1900;0;0,0567;17,6400;0;1;0;5;0;0
42,1806;46,6612;11,9000;6,4662;0,2530;0,0000;0,4520;-0,0315;0,0000;0,0000;0,3162;-0,2800;6,1800;0;0,0566;17,6700;0;1;0;5;0;0
42,1945;46,7072;11,6000;6,4548;0,2543;0,0000;0,4586;-0,0315;0,0000;0,0000;0,3179;-0,2400;6,2200;0;0,0565;17,7100;0;1;0;5;0;0
42,2084;46,9424;11,6000;6,3951;0,2577;0,0000;0,4653;-0,0315;0,0000;0,0000;0,3221;-0,8100;5,5900;0;0,0559;17,8800;0;1;0;5;0;0
42,2223;46,9424;11,6000;6,3225;0,2587;0,0000;0,4724;-0,0315;0,0000;0,0000;0,3234;-0,6200;5,7100;0;0,0559;17,8800;0;1;0;5;0;0
42,2362;46,9424;11,6000;6,2720;0,2599;0,0000;0,4801;-0,0315;0,0000;0,0000;0,3249;-0,4300;5,8400;0;0,0559;17,8800;0;1;0;5;0;0
42,2500;46,9424;11,6000;6,1353;0,2612;0,0000;0,4880;-0,0315;0,0000;0,0000;0,3264;-0,2400;5,8900;0;0,0559;17,8800;0;1;0;5;0;0
42,2639;46,9424;11,6000;6,0618;0,2625;0,0000;0,4961;-0,0315;0,0000;0,0000;0,3281;-0,0600;6,0000;0;0,0559;17,8800;0;1;0;5;0;0
42,2778;46,9840;11,6000;5,9908;0,2635;0,0000;0,5040;-0,0315;0,0000;0,0000;0,3294;0,0000;5,9700;0;0,0559;17,9000;0;1;0;5;0;0
42,2917;47,0288;11,6000;5,9652;0,2646;0,0000;0,5119;-0,0315;0,0000;0,0000;0,3308;0,0200;5,9900;0;0,0558;17,9300;0;1;0;5;0;0
42,3056;47,0736;11,6000;5,9601;0,2659;0,0000;0,5196;-0,0315;0,0000;0,0000;0,3323;0,0600;6,0200;0;0,0557;17,9500;0;1;0;3;0;0
42,3195;47,1183;11,6000;5,9423;0,2672;0,0000;0,5271;-0,0315;0,0000;0,0000;0,3340;0,0900;6,0400;0;0,0556;17,9700;0;1;0;3;0;0
42,3334;47,1631;11,6000;5,9079;0,2686;0,0000;0,5344;-0,0315;0,0000;0,0000;0,3358;0,1300;6,0400;0;0,0556;18,0000;0;1;0;3;0;0
42,3473;47,3957;11,6000;5,8693;0,2720;0,0000;0,5416;-0,0315;0,0000;0,0000;0,3400;-0,4300;5,4400;0;0,0552;18,1200;0;1;0;3;0;0
42,3612;47,3957;11,6000;5,8254;0,2732;0,0000;0,5489;-0,0315;0,0000;0,0000;0,3415;-0,2600;5,5700;0;0,0552;18,1200;0;1;0;3;0;0
42,3750;47,3957;11,6000;5,7846;0,2744;0,0000;0,5565;-0,0315;0,0000;0,0000;0,3431;-0,0800;5,7000;0;0,0552;18,1200;0;1;0;3;0;0
42,3889;47,3957;11,6000;5,7512;0,2758;0,0000;0,5640;-0,0315;0,0000;0,0000;0,3448;0,0800;5,8400;0;0,0552;18,1200;0;1;0;3;0;0
42,4028;47,3957;11,6000;5,6537;0,2773;0,0000;0,5715;-0,0315;0,0000;0,0000;0,3466;0,2600;5,9100;0;0,0552;18,1200;0;1;0;3;0;0
42,4167;47,4402;11,6000;5,6342;0,2784;0,0000;0,5787;-0,0315;0,0000;0,0000;0,3480;0,2900;5,9200;0;0,0551;18,1300;0;1;0;3;0;0
42,4306;47,4850;11,6000;5,6019;0,2796;0,0000;0,5857;-0,0315;0,0000;0,0000;0,3495;0,3100;5,9100;0;0,0551;18,1400;0;1;0;3;0;0
42,4445;47,5297;11,8000;5,5631;0,2809;0,0000;0,5925;-0,0315;0,0000;0,0000;0,3512;0,3400;5,9000;0;0,0551;18,1500;0;1;0;3;0;0
42,4584;47,5752;11,8000;5,4396;0,2823;0,0000;0,5989;-0,0315;0,0000;0,0000;0,3529;0,3600;5,8000;0;0,0551;18,1700;0;1;0;3;0;0
42,4723;47,6208;11,8000;5,3653;0,2838;0,0000;0,6052;-0,0315;0,0000;0,0000;0,3548;0,3800;5,7500;0;0,0550;18,1800;0;1;0;3;0;0
42,4862;47,8512;11,8000;5,3167;0,2872;0,0000;0,6113;-0,0315;0,0000;0,0000;0,3591;-0,1800;5,1400;0;0,0549;18,2300;0;1;0;3;0;0
42,5000;47,8512;11,8000;5,2274;0,2885;0,0000;0,6174;-0,0315;0,0000;0,0000;0,3606;0,0000;5,2100;0;0,0549;18,2300;0;1;0;3;0;0
42,5139;47,8512;11,8000;5,2096;0,2898;0,0000;0,6238;-0,0315;0,0000;0,0000;0,3622;0,1400;5,3500;0;0,0549;18,2300;0;1;0;3;0;0
42,5278;47,8512;11,8000;5,1831;0,2911;0,0000;0,6301;-0,0315;0,0000;0,0000;0,3639;0,3000;5,4800;0;0,0549;18,2300;0;1;0;3;0;0
42,5417;47,8574;11,8000;5,1198;0,2926;0,0000;0,6364;-0,0315;0,0000;0,0000;0,3657;0,4300;5,5500;0;0,0549;18,2300;0;1;0;3;0;0
42,5556;47,9029;11,8000;5,0801;0,2937;0,0000;0,6426;-0,0315;0,0000;0,0000;0,3671;0,4500;5,5200;0;0,0549;18,2200;0;1;0;3;0;0
42,5695;47,9485;11,8000;5,0536;0,2949;0,0000;0,6485;-0,0315;0,0000;0,0000;0,3686;0,4600;5,5100;0;0,0549;18,2100;0;1;0;3;0;0
42,5834;47,9940;11,8000;5,0204;0,2962;0,0000;0,6543;-0,0315;0,0000;0,0000;0,3702;0,4700;5,4900;0;0,0549;18,2000;0;1;0;3;0;0
42,5973;48,0395;11,8000;4,9714;0,2976;0,0000;0,6599;-0,0315;0,0000;0,0000;0,3720;0,4800;5,4400;0;0,0550;18,2000;0;1;0;3;0;0
42,6112;48,3099;11,8000;4,9119;0,3013;0,0000;0,6653;-0,0315;0,0000;0,0000;0,3766;-0,2200;4,6900;0;0,0551;18,1500;0;1;0;3;0;0
42,6250;48,3099;11,8000;4,8830;0,3024;0,0000;0,6708;-0,0315;0,0000;0,0000;0,3780;-0,0700;4,8100;0;0,0551;18,1500;0;1;0;3;0;0
42,6389;48,3099;11,8000;4,8292;0,3035;0,0000;0,6765;-0,0315;0,0000;0,0000;0,3794;0,0700;4,9000;0;0,0551;18,1500;0;1;0;3;0;0
42,6528;48,3099;11,8000;4,7727;0,3048;0,0000;0,6822;-0,0315;0,0000;0,0000;0,3810;0,2200;4,9900;0;0,0551;18,1500;0;1;0;3;0;0
42,6667;48,3099;11,8000;4,7162;0,3061;0,0000;0,6878;-0,0315;0,0000;0,0000;0,3827;0,3600;5,0800;0;0,0551;18,1500;0;1;0;3;0;0
42,6806;48,3222;11,8000;4,6553;0,3074;0,0000;0,6932;-0,0315;0,0000;0,0000;0,3843;0,4600;5,1200;0;0,0551;18,1400;0;1;0;3;0;0
42,6945;48,3677;11,8000;4,5999;0,3084;0,0000;0,6986;-0,0315;0,0000;0,0000;0,3855;0,4600;5,0600;0;0,0553;18,1000;0;1;0;3;0;0
42,7084;48,4133;11,8000;4,5353;0,3095;0,0000;0,7037;-0,0315;0,0000;0,0000;0,3869;0,4500;4,9800;0;0,0554;18,0600;0;1;0;3;0;0
42,7223;48,4588;11,8000;4,4743;0,3107;0,0000;0,7086;-0,0315;0,0000;0,0000;0,3884;0,4400;4,9200;0;0,0555;18,0200;0;1;0;3;0;0
42,7362;48,5043;11,8000;4,4022;0,3120;0,0000;0,7133;-0,0315;0,0000;0,0000;0,3899;0,4300;4,8300;0;0,0556;17,9800;0;1;0;3;0;0
42,7500;48,7671;11,8000;4,3391;0,3155;0,0000;0,7179;-0,0315;0,0000;0,0000;0,3943;-0,2700;4,0700;0;0,0563;17,7700;0;1;0;3;0;0
42,7639;48,7671;11,8000;4,2658;0,3164;0,0000;0,7226;-0,0315;0,0000;0,0000;0,3954;-0,1400;4,1200;0;0,0563;17,7700;0;1;0;3;0;0
42,7778;48,7671;11,8000;4,1999;0,3173;0,0000;0,7274;-0,0315;0,0000;0,0000;0,3967;0,0000;4,1900;0;0,0563;17,7700;0;1;0;3;0;0
42,7917;48,7671;11,8000;4,1253;0,3184;0,0000;0,7322;-0,0315;0,0000;0,0000;0,3980;0,1100;4,2400;0;0,0563;17,7700;0;1;0;3;0;0
42,8056;48,7671;11,8000;4,0637;0,3195;0,0000;0,7369;-0,0315;0,0000;0,0000;0,3993;0,2400;4,3000;0;0,0563;17,7700;0;1;0;3;0;0
42,8195;48,7876;11,8000;4,0082;0,3204;0,0000;0,7414;-0,0315;0,0000;0,0000;0,4005;0,2900;4,3000;0;0,0564;17,7300;0;1;0;3;0;0
42,8334;48,8332;11,8000;3,9665;0,3212;0,0000;0,7458;-0,0315;0,0000;0,0000;0,4015;0,2600;4,2300;0;0,0567;17,6400;0;1;0;3;0;0
42,8473;48,8787;11,8000;3,8929;0,3220;0,0000;0,7499;-0,0315;0,0000;0,0000;0,4025;0,2300;4,1200;0;0,0570;17,5600;0;1;0;3;0;0
42,8612;48,9242;11,8000;3,8184;0,3229;0,0000;0,7539;-0,0315;0,0000;0,0000;0,4036;0,2000;4,0100;0;0,0572;17,4700;0;1;0;3;0;0
42,8750;48,9697;11,8000;3,7290;0,3238;0,0000;0,7576;-0,0315;0,0000;0,0000;0,4048;0,1600;3,8900;0;0,0575;17,3900;0;1;0;3;0;0
42,8889;49,2235;11,8000;3,6510;0,3270;0,0000;0,7612;-0,0315;0,0000;0,0000;0,4087;-0,5600;3,0900;0;0,0591;16,9300;0;1;0;3;0;0
42,9028;49,2235;11,8000;3,5560;0,3275;0,0000;0,7648;-0,0315;0,0000;0,0000;0,4094;-0,4500;3,1000;0;0,0591;16,9300;0;1;0;3;0;0
42,9167;49,2235;11,8000;3,4569;0,3281;0,0000;0,7685;-0,0315;0,0000;0,0000;0,4102;-0,3500;3,1100;0;0,0591;16,9300;0;1;0;3;0;0
42,9306;49,2235;11,8000;3,3569;0,3287;0,0000;0,7722;-0,0315;0,0000;0,0000;0,4109;-0,2500;3,1100;0;0,0591;16,9300;0;1;0;3;0;0
42,9445;49,2235;11,8000;3,2688;0,3294;0,0000;0,7758;-0,0315;0,0000;0,0000;0,4118;-0,1500;3,1200;0;0,0591;16,9300;0;1;0;3;0;0
42,9584;49,2540;11,6000;3,1797;0,3298;0,0000;0,7791;-0,0315;0,0000;0,0000;0,4122;-0,1600;3,0200;0;0,0595;16,8100;0;1;0;3;0;0
42,9723;49,2988;11,6000;2,9862;0,3300;0,0000;0,7823;-0,0315;0,0000;0,0000;0,4125;-0,2300;2,7500;0;0,0601;16,6400;0;1;0;3;0;0
42,9862;49,3435;11,6000;2,9476;0,3303;0,0000;0,7852;-0,0315;0,0000;0,0000;0,4129;-0,3000;2,6500;0;0,0607;16,4700;0;1;0;3;0;0
43,0000;49,3883;11,6000;2,8620;0,3306;0,0000;0,7878;-0,0315;0,0000;0,0000;0,4133;-0,3700;2,4900;0;0,0613;16,3000;0;1;0;3;0;0
43,0139;49,4330;11,6000;2,7668;0,3309;0,0000;0,7902;-0,0315;0,0000;0,0000;0,4137;-0,4400;2,3200;0;0,0620;16,1400;0;1;0;3;0;0
43,0278;49,6787;11,6000;2,6721;0,3336;0,0000;0,7923;-0,0315;0,0000;0,0000;0,4170;-1,2300;1,4400;0;0,0654;15,2900;0;1;0;3;0;0
43,0417;49,6787;11,6000;2,5616;0,3334;0,0000;0,7944;-0,0315;0,0000;0,0000;0,4168;-1,1600;1,4100;0;0,0654;15,2900;0;1;0;3;0;0
43,0556;49,6787;11,6000;2,4177;0,3333;0,0000;0,7967;-0,0315;0,0000;0,0000;0,4166;-1,0800;1,3300;0;0,0654;15,2900;0;1;0;3;0;0
43,0695;49,6787;11,6000;2,2689;0,3332;0,0000;0,7987;-0,0315;0,0000;0,0000;0,4164;-1,0200;1,2500;0;0,0654;15,2900;0;1;0;3;0;0
43,0834;49,6787;11,6000;2,1756;0,3330;0,0000;0,8006;-0,0315;0,0000;0,0000;0,4163;-0,9500;1,2200;0;0,0654;15,2900;0;1;0;3;0;0
43,0973;49,7141;11,6000;2,0833;0,3325;0,0000;0,8023;-0,0315;0,0000;0,0000;0,4156;-1,0400;1,0400;0;0,0669;14,9600;0;1;0;3;0;0
43,1112;49,7588;11,6000;2,0186;0,3318;0,0000;0,8036;-0,0315;0,0000;0,0000;0,4148;-1,1700;0,8500;0;0,0687;14,5500;0;1;0;3;0;0
43,1250;49,8036;11,6000;1,9371;0,3312;0,0000;0,8046;-0,0315;0,0000;0,0000;0,4140;-1,2900;0,6400;0;0,0706;14,1700;0;1;0;3;0;0
43,1389;49,8483;11,6000;1,8523;0,3306;0,0000;0,8046;-0,0315;0,0000;0,0000;0,4133;-1,4300;0,4200;0;0,0724;13,8000;0;1;0;3;0;0
43,1528;49,8931;11,6000;1,7604;0,3300;0,0000;0,8046;-0,0315;0,0000;0,0000;0,4125;-1,5600;0,1900;0;0,0743;13,4600;0;1;0;3;0;0
43,1667;50,1330;11,6000;1,6952;0,3321;0,0000;0,8044;-0,0315;0,0000;0,0000;0,4151;-2,5100;-0,8200;0;0,0843;11,8600;0;1;0;3;0;0
43,1806;50,1330;11,6000;1,5267;0,3309;0,0000;0,8043;-0,0315;0,0000;0,0000;0,4136;-2,4700;-0,9400;0;0,0843;11,8600;0;1;0;3;0;0
43,1945;50,1330;11,6000;1,4180;0,3296;0,0000;0,8043;-0,0315;0,0000;0,0000;0,4121;-2,4200;-1,0100;0;0,0843;11,8600;0;1;0;3;0;0
43,2084;50,1330;11,6000;1,3717;0,3284;0,0000;0,8041;-0,0315;0,0000;0,0000;0,4106;-2,3800;-1,0100;0;0,0843;11,8600;0;1;0;3;0;0
43,2223;50,1343;11,6000;1,2724;0,3272;0,0000;0,8037;-0,0315;0,0000;0,0000;0,4090;-2,3600;-1,1000;0;0,0840;11,9000;0;1;0;3;0;0
43,2362;50,1789;11,6000;1,2189;0,3252;0,0000;0,8029;-0,0315;0,0000;0,0000;0,4065;-2,6300;-1,4200;0;0,0756;13,2200;0;1;0;3;0;0
43,2500;50,2236;11,6000;1,1916;0,3231;0,0000;0,8016;-0,0315;0,0000;0,0000;0,4039;-2,9000;-1,7200;0;0,0672;14,8800;0;1;0;3;0;0
43,2639;50,2683;11,6000;1,1308;0,3211;0,0000;0,7999;-0,0315;0,0000;0,0000;0,4013;-3,1800;-2,0600;0;0,0588;17,0100;0;1;0;3;0;0
43,2778;50,3130;11,6000;1,0309;0,3190;0,0000;0,7976;-0,0315;0,0000;0,0000;0,3987;-3,4600;-2,4400;0;0,0504;19,8600;0;1;0;3;0;0
43,2917;50,5801;11,6000;0,9974;0,3218;0,0000;0,7947;-0,0315;0,0000;0,0000;0,4023;-5,2700;-4,2700;0;0,0000;0,0000;0;1;0;3;0;0
43,3056;50,5801;11,6000;0,9538;0,3188;0,0000;0,7917;-0,0315;0,0000;0,0000;0,3985;-5,2400;-4,2900;0;0,0000;0,0000;0;1;0;7;0;0
43,3195;50,5801;11,6000;0,9007;0,3157;0,0000;0,7889;-0,0315;0,0000;0,0000;0,3946;-5,2200;-4,3200;0;0,0000;0,0000;0;1;0;7;0;0
43,3334;50,5801;11,6000;0,8750;0,3126;0,0000;0,7857;-0,0315;0,0000;0,0000;0,3908;-5,1900;-4,3200;0;0,0000;0,0000;0;1;0;7;0;0
43,3473;50,5801;11,6000;0,8642;0,3096;0,0000;0,7820;-0,0315;0,0000;0,0000;0,3870;-5,1700;-4,3000;0;0,0000;0,0000;0;1;0;7;0;0
43,3612;50,5919;11,6000;0,8586;0,3066;0,0000;0,7776;-0,0315;0,0000;0,0000;0,3832;-5,1400;-4,2800;0;0,0000;0,0000;0;1;0;7;0;0
43,3750;50,6365;11,6000;0,8564;0,3036;0,0000;0,7725;-0,0315;0,0000;0,0000;0,3795;-5,1100;-4,2600;0;0,0000;0,0000;0;1;0;7;0;0
43,3889;50,6811;11,6000;0,8596;0,3006;0,0000;0,7667;-0,0315;0,0000;0,0000;0,3757;-5,0900;-4,2300;0;0,0001;0,0000;0;1;0;7;0;0
43,4028;50,7257;11,6000;0,8667;0,2976;0,0000;0,7604;-0,0315;0,0000;0,0000;0,3720;-5,0600;-4,2000;0;0,0001;0,0000;0;1;0;7;0;0
43,4167;50,7703;11,6000;0,8774;0,2946;0,0000;0,7534;-0,0315;0,0000;0,0000;0,3683;-5,0400;-4,1600;0;0,0001;0,0000;0;1;0;7;0;0
43,4306;51,0380;11,6000;0,8991;0,2917;0,0000;0,7459;-0,0315;0,0000;0,0000;0,3646;-5,0100;-4,1100;1;0,0002;0,0000;0;1;0;7;0;0
43,4445;51,0380;11,6000;0,9264;0,2888;0,0000;0,7379;-0,0315;0,0000;0,0000;0,3609;-4,9900;-4,0600;1;0,0002;0,0000;0;1;0;7;0;0
43,4584;51,0380;11,2000;0,9595;0,2858;0,0000;0,7296;-0,0315;0,0000;0,0000;0,3573;-4,9600;-4,0000;1;0,0002;0,0000;0;1;0;7;0;0
43,4723;51,0380;11,2000;0,9952;0,2831;0,0000;0,7208;-0,0315;0,0000;0,0000;0,3538;-4,9300;-3,9400;1;0,0002;0,0000;0;1;0;7;0;0
43,4862;51,0380;11,2000;1,0293;0,2803;0,0000;0,7118;-0,0315;0,0000;0,0000;0,3504;-4,9000;-3,8700;1;0,0002;0,0000;0;1;0;7;0;0
43,5000;51,0380;11,2000;1,0593;0,2776;0,0000;0,7025;-0,0315;0,0000;0,0000;0,3470;-4,8700;-3,8100;1;0,0002;0,0000;0;1;0;7;0;0
43,5139;51,0764;11,2000;1,0815;0,2749;0,0000;0,6929;-0,0315;0,0000;0,0000;0,3436;-4,8400;-3,7600;1;0,0002;0,0000;0;1;0;7;0;0
43,5278;51,1195;11,2000;1,0971;0,2722;0,0000;0,6832;-0,0315;0,0000;0,0000;0,3403;-4,8100;-3,7100;1;0,0002;0,0000;0;1;0;7;0;0
43,5417;51,1626;11,2000;1,1103;0,2696;0,0000;0,6732;-0,0315;0,0000;0,0000;0,3370;-4,7800;-3,6700;1;0,0002;0,0000;0;1;0;7;0;0
43,5556;51,2057;11,2000;1,1313;0,2670;0,0000;0,6631;-0,0315;0,0000;0,0000;0,3337;-4,7500;-3,6100;1;0,0002;0,0000;0;1;0;7;0;0
43,5695;51,2487;11,2000;1,1492;0,2644;0,0000;0,6528;-0,0315;0,0000;0,0000;0,3305;-4,7100;-3,5600;1;0,0001;0,0000;0;1;0;7;0;0
43,5834;51,4933;11,2000;1,1613;0,2618;0,0000;0,6422;-0,0315;0,0000;0,0000;0,3272;-4,6800;-3,5200;1;0,0000;0,0000;0;1;0;7;0;0
43,5973;51,4933;11,2000;1,1680;0,2592;0,0000;0,6312;-0,0315;0,0000;0,0000;0,3241;-4,6400;-3,4800;1;0,0000;0,0000;0;1;0;7;0;0
43,6112;51,4933;11,2000;1,1732;0,2567;0,0000;0,6199;-0,0315;0,0000;0,0000;0,3209;-4,6100;-3,4400;1;0,0000;0,0000;0;1;0;7;0;0
43,6250;51,4933;11,2000;1,1763;0,2542;0,0000;0,6082;-0,0315;0,0000;0,0000;0,3178;-4,5800;-3,4000;1;0,0000;0,0000;0;1;0;7;0;0
43,6389;51,4933;11,2000;1,1844;0,2517;0,0000;0,5962;-0,0315;0,0000;0,0000;0,3146;-4,5400;-3,3600;1;0,0000;0,0000;0;1;0;7;0;0
43,6528;51,5073;11,2000;1,1938;0,2493;0,0000;0,5838;-0,0315;0,0000;0,0000;0,3116;-4,5100;-3,3100;1;0,0000;0,0000;0;1;0;7;0;0
43,6667;51,5504;11,2000;1,2007;0,2468;0,0000;0,5710;-0,0315;0,0000;0,0000;0,3085;-4,4700;-3,2700;1;0,0000;0,0000;0;1;0;7;0;0
43,6806;51,5935;11,2000;1,2066;0,2444;0,0000;0,5580;-0,0315;0,0000;0,0000;0,3055;-4,4400;-3,2300;1;0,0000;0,0000;0;1;0;7;0;0
43,6945;51,6367;11,1000;1,2128;0,2420;0,0000;0,5447;-0,0315;0,0000;0,0000;0,3025;-4,4100;-3,1900;1;0,0000;0,0000;0;1;0;7;0;0
43,7084;51,6794;11,1000;1,2186;0,2396;0,0000;0,5312;-0,0315;0,0000;0,0000;0,2995;-4,3700;-3,1500;1;0,0000;0,0000;0;1;0;7;0;0
43,7223;51,9471;11,1000;1,2252;0,2373;0,0000;0,5175;-0,0315;0,0000;0,0000;0,2966;-4,3400;-3,1100;1;0,0000;0,0000;0;1;0;7;0;0
43,7362;51,9471;11,1000;1,2396;0,2350;0,0000;0,5038;-0,0315;0,0000;0,0000;0,2938;-4,3000;-3,0600;1;0,0000;0,0000;0;1;0;7;0;0
43,7500;51,9471;11,1000;1,2461;0,2327;0,0000;0,4901;-0,0315;0,0000;0,0000;0,2909;-4,2600;-3,0200;1;0,0000;0,0000;0;1;0;7;0;0
43,7639;51,9471;11,1000;1,2567;0,2305;0,0000;0,4764;-0,0315;0,0000;0,0000;0,2881;-4,2300;-2,9700;1;0,0000;0,0000;0;1;0;7;0;0
43,7778;51,9471;11,1000;1,2651;0,2283;0,0000;0,4629;-0,0315;0,0000;0,0000;0,2853;-4,1900;-2,9300;1;0,0000;0,0000;0;1;0;7;0;0
43,7917;51,9471;11,1000;1,2842;0,2260;0,0000;0,4495;-0,0315;0,0000;0,0000;0,2826;-4,1600;-2,8700;1;0,0000;0,0000;0;1;0;7;0;0
43,8056;51,9785;11,1000;1,3056;0,2239;0,0000;0,4364;-0,0315;0,0000;0,0000;0,2799;-4,1200;-2,8100;1;0,0000;0,0000;0;1;0;7;0;0
43,8195;52,0212;11,1000;1,3292;0,2217;0,0000;0,4237;-0,0315;0,0000;0,0000;0,2772;-4,0800;-2,7500;1;0,0000;0,0000;0;1;0;7;0;0
43,8334;52,0640;11,1000;1,3496;0,2196;0,0000;0,4113;-0,0315;0,0000;0,0000;0,2745;-4,0400;-2,6900;1;0,0000;0,0000;0;1;0;7;0;0
43,8473;52,1067;11,1000;1,3815;0,2176;0,0000;0,3993;-0,0315;0,0000;0,0000;0,2719;-4,0000;-2,6200;1;0,0000;0,0000;0;1;0;7;0;0
43,8612;52,1495;11,1000;1,4005;0,2155;0,0000;0,3879;-0,0315;0,0000;0,0000;0,2694;-3,9600;-2,5600;1;0,0000;0,0000;0;1;0;7;0;0
43,8750;52,4048;11,1000;1,4532;0,2135;0,0000;0,3770;-0,0315;0,0000;0,0000;0,2669;-3,9200;-2,4700;1;0,0000;0,0000;0;1;0;7;0;0
43,8889;52,4048;11,1000;1,5075;0,2115;0,0000;0,3666;-0,0315;0,0000;0,0000;0,2644;-3,8800;-2,3700;1;0,0000;0,0000;0;1;0;7;0;0
43,9028;52,4048;11,1000;1,5706;0,2096;0,0000;0,3570;-0,0315;0,0000;0,0000;0,2620;-3,8300;-2,2600;1;0,0000;0,0000;0;1;0;7;0;0
43,9167;52,4048;11,1000;1,6209;0,2077;0,0000;0,3489;-0,0315;0,0000;0,0000;0,2596;-3,7800;-2,1600;1;0,0000;0,0000;0;1;0;7;0;0
43,9306;52,4048;11,1000;1,7110;0,2059;0,0000;0,3432;-0,0315;0,0000;0,0000;0,2573;-3,7300;-2,0200;1;0,0000;0,0000;0;1;0;7;0;0
43,9445;52,4060;11,1000;1,7701;0,2040;0,0000;0,3410;-0,0315;0,0000;0,0000;0,2551;-3,6800;-1,9100;1;0,0000;0,0000;0;1;0;7;0;0
43,9584;52,4488;11,1000;1,8363;0,2023;0,0000;0,3399;-0,0315;0,0000;0,0000;0,2529;-3,6300;-1,7900;1;0,0000;0,0000;0;1;0;7;0;0
43,9723;52,4916;11,1000;1,8831;0,2006;0,0000;0,3346;-0,0315;0,0000;0,0000;0,2507;-3,5800;-1,6900;1;0,0000;0,0000;0;1;0;7;0;0
43,9862;52,5344;11,1000;1,9086;0,1989;0,0000;0,3206;-0,0315;0,0000;0,0000;0,2486;-3,5200;-1,6100;1;0,0000;0,0000;0;1;0;7;0;0
44,0000;52,5771;11,1000;1,9293;0,1973;0,0000;0,0000;-0,0315;0,0000;0,0000;0,2466;-3,4700;-1,5400;1;0,0000;0,0000;0;1;0;7;0;0
44,0139;52,6199;11,1000;1,9446;0,1957;0,0000;0,0000;-0,0315;0,0000;0,0000;0,2446;-3,4100;-1,4600;1;0,0000;0,0000;0;1;0;7;0;0
44,0278;52,8596;11,1000;1,9571;0,1941;0,0000;0,0000;-0,0315;0,0000;0,0000;0,2426;-3,3500;-1,4000;1;0,0000;0,0000;0;1;0;7;0;0
44,0417;52,8596;11,1000;1,9596;0,1926;0,0000;0,0000;-0,0315;0,0000;0,0000;0,2407;-3,3000;-1,3400;1;0,0000;0,0000;0;1;0;7;0;0
44,0556;52,8596;11,1000;1,9545;0,1911;0,0000;0,0000;-0,0315;0,0000;0,0000;0,2388;-3,2400;-1,2900;1;0,0000;0,0000;0;1;0;7;0;0
44,0695;52,8596;11,1000;1,9346;0,1896;0,0000;0,0000;-0,0315;0,0000;0,0000;0,2370;-3,1800;-1,2500;1;0,0000;0,0000;0;1;0;7;0;0
44,0834;52,8596;11,1000;1,8962;0,1882;0,0000;0,0000;-0,0315;0,0000;0,0000;0,2352;-3,1300;-1,2300;1;0,0000;0,0000;0;1;0;7;0;0
44,0973;52,8766;11,1000;1,8637;0,1867;0,0000;0,0000;-0,0315;0,0000;0,0000;0,2334;-3,0800;-1,2100;1;0,0000;0,0000;0;1;0;7;0;0
44,1112;52,9194;11,1000;1,8104;0,1854;0,0000;0,0000;-0,0315;0,0000;0,0000;0,2317;-3,0200;-1,2100;1;0,0000;0,0000;0;1;0;7;0;0
44,1250;52,9622;11,1000;1,7676;0,1840;0,0000;0,0000;-0,0315;0,0000;0,0000;0,2300;-2,9700;-1,2000;1;0,0000;0,0000;0;1;0;7;0;0
44,1389;53,0050;11,1000;1,7286;0,1826;0,0000;0,0000;-0,0315;0,0000;0,0000;0,2283;-2,9200;-1,1900;1;0,0000;0,0000;0;1;0;7;0;0
44,1528;53,0478;11,1000;1,6863;0,1813;0,0000;0,0000;-0,0315;0,0000;0,0000;0,2266;-2,8700;-1,1900;1;0,0000;0,0000;0;1;0;7;0;0
44,1667;53,3159;11,1000;1,6395;0,1800;0,0000;0,0000;-0,0315;0,0000;0,0000;0,2249;-2,8300;-1,1900;1;0,0000;0,0000;0;1;0;7;0;0
44,1806;53,3159;11,1000;1,5925;0,1787;0,0000;0,0000;-0,0315;0,0000;0,0000;0,2233;-2,7800;-1,1900;1;0,0000;0,0000;0;1;0;7;0;0
44,1945;53,3159;11,2000;1,5464;0,1774;0,0000;0,0000;-0,0315;0,0000;0,0000;0,2217;-2,7300;-1,1900;1;0,0000;0,0000;0;1;0;7;0;0
44,2084;53,3159;11,2000;1,4794;0,1761;0,0000;0,0000;-0,0315;0,0000;0,0000;0,2201;-2,6900;-1,2100;1;0,0000;0,0000;0;1;0;7;0;0
44,2223;53,3159;11,2000;1,4154;0,1748;0,0000;0,0000;-0,0315;0,0000;0,0000;0,2185;-2,6500;-1,2400;1;0,0000;0,0000;0;1;0;7;0;0
44,2362;53,3159;11,2000;1,3641;0,1735;0,0000;0,0000;-0,0315;0,0000;0,0000;0,2169;-2,6100;-1,2500;1;0,0000;0,0000;0;1;0;7;0;0
44,2500;53,3489;11,2000;1,3010;0,1723;0,0000;0,0000;-0,0315;0,0000;0,0000;0,2154;-2,5700;-1,2700;1;0,0000;0,0000;0;1;0;7;0;0
44,2639;53,3921;11,2000;1,2571;0,1710;0,0000;0,0000;-0,0315;0,0000;0,0000;0,2138;-2,5400;-1,2800;1;0,0000;0,0000;0;1;0;7;0;0
44,2778;53,4353;11,2000;1,2129;0,1698;0,0000;0,0000;-0,0315;0,0000;0,0000;0,2123;-2,5000;-1,2900;1;0,0000;0,0000;0;1;0;7;0;0
44,2917;53,4785;11,2000;1,1835;0,1686;0,0000;0,0000;-0,0315;0,0000;0,0000;0,2108;-2,4700;-1,2800;1;0,0000;0,0000;0;1;0;7;0;0
44,3056;53,5217;11,2000;1,1572;0,1674;0,0000;0,0000;-0,0315;0,0000;0,0000;0,2093;-2,4300;-1,2800;1;0,0000;0,0000;0;1;0;7;0;0
44,3195;53,7721;11,2000;1,1452;0,1662;0,0000;0,0000;-0,0315;0,0000;0,0000;0,2078;-2,4000;-1,2500;1;0,0000;0,0000;0;1;0;1;0;0
44,3334;53,7721;11,2000;1,1354;0,1651;0,0000;0,0000;-0,0315;0,0000;0,0000;0,2063;-2,3700;-1,2300;1;0,0000;0,0000;0;1;0;1;0;0
44,3473;53,7721;11,2000;1,1277;0,1639;0,0000;0,0000;-0,0315;0,0000;0,0000;0,2049;-2,3300;-1,2000;1;0,0000;0,0000;0;1;0;1;0;0
44,3612;53,7721;11,2000;1,1264;0,1628;0,0000;0,0000;-0,0315;0,0000;0,0000;0,2035;-2,3000;-1,1700;1;0,0000;0,0000;0;1;0;1;0;0
44,3750;53,7721;11,2000;1,1316;0,1617;0,0000;0,0000;-0,0315;0,0000;0,0000;0,2021;-2,2700;-1,1400;1;0,0000;0,0000;0;1;0;1;0;0
44,3889;53,7808;11,2000;1,1449;0,1606;0,0000;0,0000;-0,0315;0,0000;0,0000;0,2008;-2,2300;-1,0900;1;0,0000;0,0000;0;1;0;1;0;0
44,4028;53,8240;11,2000;1,1656;0,1595;0,0000;0,0000;-0,0315;0,0000;0,0000;0,1994;-2,2000;-1,0400;1;0,0000;0,0000;0;1;0;1;0;0
44,4167;53,8672;11,2000;1,1845;0,1585;0,0000;0,0000;-0,0315;0,0000;0,0000;0,1981;-2,1700;-0,9800;1;0,0000;0,0000;0;1;0;1;0;0
44,4306;53,9104;11,2000;1,1909;0,1575;0,0000;0,0000;-0,0315;0,0000;0,0000;0,1968;-2,1300;-0,9400;1;0,0000;0,0000;0;1;0;1;0;0
44,4445;53,9536;11,2000;1,1860;0,1565;0,0000;0,0000;-0,0315;0,0000;0,0000;0,1956;-2,1000;-0,9100;1;0,0000;0,0000;0;1;0;1;0;0
44,4584;53,9967;11,2000;1,1595;0,1555;0,0000;0,0000;-0,0315;0,0000;0,0000;0,1944;-2,0700;-0,9100;1;0,0000;0,0000;0;1;0;1;0;0
44,4723;54,2281;11,2000;1,1414;0,1545;0,0000;0,0000;-0,0315;0,0000;0,0000;0,1931;-2,0400;-0,8900;1;0,0000;0,0000;0;1;0;1;0;0
44,4862;54,2281;11,2000;1,1308;0,1536;0,0000;0,0000;-0,0315;0,0000;0,0000;0,1920;-2,0000;-0,8700;1;0,0000;0,0000;0;1;0;1;0;0
44,5000;54,2281;11,2000;1,1238;0,1526;0,0000;0,0000;-0,0315;0,0000;0,0000;0,1908;-1,9700;-0,8500;1;0,0000;0,0000;0;1;0;1;0;0
44,5139;54,2281;11,2000;1,1204;0,1517;0,0000;0,0000;-0,0315;0,0000;0,0000;0,1896;-1,9400;-0,8200;1;0,0000;0,0000;0;1;0;1;0;0
44,5278;54,2281;11,2000;1,1054;0,1508;0,0000;0,0000;-0,0315;0,0000;0,0000;0,1885;-1,9100;-0,8000;1;0,0000;0,0000;0;1;0;1;0;0
44,5417;54,2559;11,2000;1,0856;0,1499;0,0000;0,0000;-0,0315;0,0000;0,0000;0,1874;-1,8800;-0,7900;1;0,0000;0,0000;0;1;0;1;0;0
44,5556;54,2991;11,2000;1,0551;0,1490;0,0000;0,0000;-0,0315;0,0000;0,0000;0,1863;-1,8500;-0,7900;1;0,0000;0,0000;0;1;0;1;0;0
44,5695;54,3423;11,2000;1,0210;0,1482;0,0000;0,0000;-0,0315;0,0000;0,0000;0,1852;-1,8200;-0,8000;1;0,0000;0,0000;0;1;0;1;0;0
44,5834;54,3855;11,2000;0,9990;0,1473;0,0000;0,0000;-0,0315;0,0000;0,0000;0,1842;-1,7900;-0,7900;1;0,0000;0,0000;0;1;0;1;0;0
44,5973;54,4287;11,2000;0,9644;0,1465;0,0000;0,0000;-0,0315;0,0000;0,0000;0,1831;-1,7600;-0,8000;1;0,0000;0,0000;0;1;0;1;0;0
44,6112;54,6842;11,2000;0,9261;0,1457;0,0000;0,0000;-0,0315;0,0000;0,0000;0,1821;-1,7400;-0,8100;1;0,0000;0,0000;0;1;0;1;0;0
44,6250;54,6842;11,2000;0,8943;0,1448;0,0000;0,0000;-0,0315;0,0000;0,0000;0,1810;-1,7100;-0,8200;1;0,0000;0,0000;0;1;0;1;0;0
44,6389;54,6842;11,2000;0,8327;0,1440;0,0000;0,0000;-0,0315;0,0000;0,0000;0,1800;-1,6900;-0,8600;1;0,0000;0,0000;0;1;0;1;0;0
44,6528;54,6842;11,2000;0,7565;0,1432;0,0000;0,0000;-0,0315;0,0000;0,0000;0,1790;-1,6700;-0,9100;1;0,0000;0,0000;0;1;0;1;0;0
44,6667;54,6842;11,2000;0,6776;0,1423;0,0000;0,0000;-0,0315;0,0000;0,0000;0,1779;-1,6500;-0,9700;1;0,0000;0,0000;0;1;0;1;0;0
44,6806;54,6879;11,2000;0,5663;0,1415;0,0000;0,0000;-0,0315;0,0000;0,0000;0,1768;-1,6300;-1,0700;1;0,0000;0,0000;0;1;0;1;0;0
44,6945;54,7311;11,1000;0,4188;0,1406;0,0000;0,0000;-0,0315;0,0000;0,0000;0,1757;-1,6200;-1,2000;1;0,0000;0,0000;0;1;0;1;0;0
44,7084;54,7739;11,1000;0,2536;0,1397;0,0000;0,0000;-0,0315;0,0000;0,0000;0,1746;-1,6100;-1,3600;1;0,0000;0,0000;0;1;0;1;0;0
44,7223;54,8167;11,1000;0,0859;0,1388;0,0000;0,0000;-0,0315;0,0000;0,0000;0,1735;-1,6100;-1,5300;1;0,0000;0,0000;0;1;0;1;0;0
44,7362;54,8595;11,1000;-0,0981;0,1378;0,0000;0,0000;-0,0315;0,0000;0,0000;0,1722;-1,6100;-1,7100;1;0,0000;0,0000;0;1;0;1;0;0
44,7500;54,9023;11,1000;-0,2519;0,1368;0,0000;0,0000;-0,0315;0,0000;0,0000;0,1710;-1,6200;-1,8700;1;0,0000;0,0000;0;1;0;1;0;0
44,7639;55,1393;11,1000;-0,4294;0,1357;0,0000;0,0000;-0,0315;0,0000;0,0000;0,1697;-1,6300;-2,0600;1;0,0000;0,0000;0;1;0;1;0;0
44,7778;55,1393;11,1000;-0,6249;0,1346;0,0000;0,0000;-0,0315;0,0000;0,0000;0,1683;-1,6500;-2,2700;1;0,0000;0,0000;0;1;0;1;0;0
44,7917;55,1393;11,1000;-0,7729;0,1335;0,0000;0,0000;-0,0315;0,0000;0,0000;0,1668;-1,6700;-2,4400;1;0,0000;0,0000;0;1;0;1;0;0
44,8056;55,1393;11,1000;-0,9085;0,1323;0,0000;0,0000;-0,0315;0,0000;0,0000;0,1653;-1,7000;-2,6100;1;0,0000;0,0000;0;1;0;1;0;0
44,8195;55,1393;11,1000;-1,0369;0,1310;0,0000;0,0000;-0,0315;0,0000;0,0000;0,1638;-1,7300;-2,7600;1;0,0000;0,0000;0;1;0;1;0;0
44,8334;55,1591;11,1000;-1,1363;0,1297;0,0000;0,0000;-0,0315;0,0000;0,0000;0,1622;-1,7600;-2,8900;1;0,0000;0,0000;0;1;0;1;0;0
44,8473;55,2019;11,1000;-1,2060;0,1284;0,0000;0,0000;-0,0315;0,0000;0,0000;0,1605;-1,7900;-3,0000;1;0,0000;0,0000;0;1;0;1;0;0
44,8612;55,2447;11,1000;-1,2541;0,1271;0,0000;0,0000;-0,0315;0,0000;0,0000;0,1588;-1,8300;-3,0800;1;0,0000;0,0000;0;1;0;1;0;0
44,8750;55,2875;11,1000;-1,3133;0,1257;0,0000;0,0000;-0,0315;0,0000;0,0000;0,1571;-1,8600;-3,1800;1;0,0000;0,0000;0;1;0;1;0;0
44,8889;55,3303;11,1000;-1,3460;0,1243;0,0000;0,0000;-0,0315;0,0000;0,0000;0,1554;-1,9000;-3,2500;1;0,0000;0,0000;0;1;0;1;0;0
44,9028;55,5966;11,1000;-1,4052;0,1228;0,0000;0,0000;-0,0315;0,0000;0,0000;0,1535;-1,9400;-3,3500;1;0,0000;0,0000;0;1;0;1;0;0
44,9167;55,5966;11,1000;-1,4308;0,1214;0,0000;0,0000;-0,0315;0,0000;0,0000;0,1517;-1,9800;-3,4100;1;0,0000;0,0000;0;1;0;1;0;0
44,9306;55,5966;11,1000;-1,4445;0,1198;0,0000;0,0000;-0,0315;0,0000;0,0000;0,1498;-2,0200;-3,4700;1;0,0000;0,0000;0;1;0;1;0;0
44,9445;55,5966;11,1000;-1,4601;0,1183;0,0000;0,0000;-0,0315;0,0000;0,0000;0,1479;-2,0600;-3,5200;1;0,0000;0,0000;0;1;0;1;0;0
44,9584;55,5966;11,1000;-1,4759;0,1168;0,0000;0,0000;-0,0315;0,0000;0,0000;0,1459;-2,1100;-3,5800;1;0,0000;0,0000;0;1;0;1;0;0
44,9723;55,5966;11,1000;-1,4868;0,1152;0,0000;0,0000;-0,0315;0,0000;0,0000;0,1440;-2,1500;-3,6300;1;0,0000;0,0000;0;1;0;1;0;0
44,9862;55,6297;11,1000;-1,4897;0,1135;0,0000;0,0000;-0,0315;0,0000;0,0000;0,1419;-2,1900;-3,6800;1;0,0000;0,0000;0;1;0;1;0;0
45,0000;55,6725;11,1000;-1,4864;0,1119;0,0000;0,0000;-0,0315;0,0000;0,0000;0,1399;-2,2300;-3,7200;1;0,0000;0,0000;0;1;0;1;0;0
45,0139;55,7153;11,1000;-1,4729;0,1102;0,0000;0,0000;-0,0315;0,0000;0,0000;0,1378;-2,2700;-3,7500;1;0,0000;0,0000;0;1;0;1;0;0
45,0278;55,7581;11,1000;-1,4545;0,1086;0,0000;0,0000;-0,0315;0,0000;0,0000;0,1357;-2,3100;-3,7700;1;0,0000;0,0000;0;1;0;1;0;0
45,0417;55,8008;11,1000;-1,4249;0,1068;0,0000;0,0000;-0,0315;0,0000;0,0000;0,1336;-2,3500;-3,7800;1;0,0000;0,0000;0;1;0;1;0;0
45,0556;56,0516;11,1000;-1,3872;0,1051;0,0000;0,0000;-0,0315;0,0000;0,0000;0,1314;-2,3900;-3,7800;1;0,0001;0,0000;0;1;0;1;0;0
45,0695;56,0516;11,1000;-1,3359;0,1034;0,0000;0,0000;-0,0315;0,0000;0,0000;0,1292;-2,4300;-3,7700;1;0,0001;0,0000;0;1;0;1;0;0
45,0834;56,0516;11,1000;-1,2816;0,1017;0,0000;0,0000;-0,0315;0,0000;0,0000;0,1271;-2,4700;-3,7500;1;0,0001;0,0000;0;1;0;1;0;0
45,0973;56,0516;11,1000;-1,2264;0,0999;0,0000;0,0000;-0,0315;0,0000;0,0000;0,1249;-2,5000;-3,7300;1;0,0001;0,0000;0;1;0;1;0;0
45,1112;56,0516;11,1000;-1,1687;0,0982;0,0000;0,0000;-0,0315;0,0000;0,0000;0,1227;-2,5400;-3,7000;1;0,0001;0,0000;0;1;0;1;0;0
45,1250;56,0575;11,1000;-1,0907;0,0964;0,0000;0,0000;-0,0315;0,0000;0,0000;0,1205;-2,5700;-3,6600;1;0,0001;0,0000;0;1;0;1;0;0
45,1389;56,1002;11,1000;-1,0120;0,0946;0,0000;0,0000;-0,0315;0,0000;0,0000;0,1183;-2,5900;-3,6100;1;0,0001;0,0000;0;1;0;1;0;0
45,1528;56,1430;11,1000;-0,9331;0,0929;0,0000;0,0000;-0,0315;0,0000;0,0000;0,1161;-2,6200;-3,5500;1;0,0001;0,0000;0;1;0;1;0;0
45,1667;56,1858;11,1000;-0,8634;0,0911;0,0000;0,0000;-0,0315;0,0000;0,0000;0,1139;-2,6400;-3,5100;1;0,0001;0,0000;0;1;0;1;0;0
45,1806;56,2285;10,9000;-0,7945;0,0894;0,0000;0,0000;-0,0315;0,0000;0,0000;0,1117;-2,6700;-3,4600;1;0,0000;0,0000;0;1;0;1;0;0
45,1945;56,2705;10,9000;-0,7058;0,0877;0,0000;0,0000;-0,0315;0,0000;0,0000;0,1096;-2,6900;-3,3900;1;0,0000;0,0000;0;1;0;1;0;0
45,2084;56,5093;10,9000;-0,6082;0,0860;0,0000;0,0000;-0,0315;0,0000;0,0000;0,1074;-2,7000;-3,3100;1;0,0000;0,0000;0;1;0;1;0;0
45,2223;56,5093;10,9000;-0,5105;0,0843;0,0000;0,0000;-0,0315;0,0000;0,0000;0,1053;-2,7200;-3,2300;1;0,0000;0,0000;0;1;0;1;0;0
45,2362;56,5093;10,9000;-0,4075;0,0826;0,0000;0,0000;-0,0315;0,0000;0,0000;0,1032;-2,7300;-3,1300;1;0,0000;0,0000;0;1;0;1;0;0
45,2500;56,5093;10,9000;-0,3462;0,0809;0,0000;0,0000;-0,0315;0,0000;0,0000;0,1012;-2,7400;-3,0800;1;0,0000;0,0000;0;1;0;1;0;0
45,2639;56,5093;10,9000;-0,2822;0,0793;0,0000;0,0000;-0,0315;0,0000;0,0000;0,0991;-2,7400;-3,0300;1;0,0000;0,0000;0;1;0;1;0;0
45,2778;56,5225;10,9000;-0,2305;0,0776;0,0000;0,0000;-0,0315;0,0000;0,0000;0,0970;-2,7500;-2,9800;1;0,0000;0,0000;0;1;0;1;0;0
45,2917;56,5645;10,9000;-0,1833;0,0760;0,0000;0,0000;-0,0315;0,0000;0,0000;0,0950;-2,7500;-2,9400;1;0,0000;0,0000;0;1;0;1;0;0
45,3056;56,6066;10,9000;-0,1346;0,0743;0,0000;0,0000;-0,0315;0,0000;0,0000;0,0929;-2,7600;-2,8900;1;0,0000;0,0000;0;1;0;1;0;0
45,3195;56,6486;10,9000;-0,0764;0,0727;0,0000;0,0000;-0,0315;0,0000;0,0000;0,0909;-2,7600;-2,8400;1;0,0001;0,0000;0;1;0;0;0;0
45,3334;56,6906;10,9000;-0,0343;0,0711;0,0000;0,0000;-0,0315;0,0000;0,0000;0,0889;-2,7600;-2,7900;1;0,0001;0,0000;0;1;0;0;0;0
45,3473;56,7326;10,9000;-0,0091;0,0695;0,0000;0,0000;-0,0315;0,0000;0,0000;0,0868;-2,7600;-2,7700;1;0,0001;0,0000;0;1;0;0;0;0
45,3612;56,9652;10,9000;0,0027;0,0679;0,0000;0,0000;-0,0315;0,0000;0,0000;0,0848;-2,7600;-2,7600;1;0,0002;0,0000;0;1;0;0;0;0
45,3750;56,9652;10,9000;0,0084;0,0663;0,0000;0,0000;-0,0315;0,0000;0,0000;0,0828;-2,7600;-2,7500;1;0,0002;0,0000;0;1;0;0;0;0
45,3889;56,9652;10,9000;0,0066;0,0647;0,0000;0,0000;-0,0315;0,0000;0,0000;0,0808;-2,7600;-2,7500;1;0,0002;0,0000;0;1;0;0;0;0
45,4028;56,9652;10,9000;-0,0095;0,0630;0,0000;0,0000;-0,0315;0,0000;0,0000;0,0788;-2,7600;-2,7700;1;0,0002;0,0000;0;1;0;0;0;0
45,4167;56,9652;10,9000;-0,0377;0,0614;0,0000;0,0000;-0,0315;0,0000;0,0000;0,0768;-2,7600;-2,8000;1;0,0002;0,0000;0;1;0;0;0;0
45,4306;56,9846;10,9000;-0,0660;0,0598;0,0000;0,0000;-0,0315;0,0000;0,0000;0,0747;-2,7600;-2,8200;1;0,0013;0,0000;0;1;0;0;0;0
45,4445;57,0266;11,1000;-0,0989;0,0581;0,0000;0,0000;-0,0315;0,0000;0,0000;0,0727;-2,7600;-2,8500;1;0,0037;0,0000;0;1;0;0;0;0
45,4584;57,0694;11,1000;-0,1389;0,0564;0,0000;0,0000;-0,0315;0,0000;0,0000;0,0705;-2,7500;-2,8900;1;0,0062;0,0000;0;1;0;0;0;0
45,4723;57,1121;11,1000;-0,1921;0,0547;0,0000;0,0000;-0,0315;0,0000;0,0000;0,0684;-2,7500;-2,9500;1;0,0087;0,0000;0;1;0;0;0;0
45,4862;57,1549;11,1000;-0,2474;0,0530;0,0000;0,0000;-0,0315;0,0000;0,0000;0,0662;-2,7600;-3,0000;1;0,0111;0,0000;0;1;0;0;0;0
45,5000;57,4182;11,1000;-0,3234;0,0510;0,0000;0,0000;-0,0315;0,0000;0,0000;0,0637;-2,7300;-3,0500;1;0,0264;37,9400;0;1;0;0;0;0
45,5139;57,4182;11,1000;-0,4096;0,0493;0,0000;0,0000;-0,0315;0,0000;0,0000;0,0616;-2,7400;-3,1500;1;0,0264;37,9400;0;1;0;0;0;0
45,5278;57,4182;11,1000;-0,5917;0,0475;0,0000;0,0000;-0,0315;0,0000;0,0000;0,0594;-2,7600;-3,3500;1;0,0264;37,9400;0;1;0;0;0;0
45,5417;57,4182;11,1000;-0,8118;0,0456;0,0000;0,0000;-0,0315;0,0000;0,0000;0,0571;-2,7800;-3,5900;1;0,0264;37,9400;0;1;0;0;0;0
45,5556;57,4182;11,1000;-1,0972;0,0437;0,0000;0,0000;-0,0315;0,0000;0,0000;0,0546;-2,8100;-3,9100;1;0,0264;37,9400;0;1;0;0;0;0
45,5695;57,4182;11,1000;-1,3753;0,0417;0,0000;0,0000;-0,0315;0,0000;0,0000;0,0521;-2,8500;-4,2300;1;0,0264;37,9400;0;1;0;0;0;0
45,5834;57,4538;11,1000;-1,6278;0,0397;0,0000;0,0000;-0,0315;0,0000;0,0000;0,0497;-2,8400;-4,4700;1;0,0265;37,7400;0;1;0;0;0;0
45,5973;57,4965;11,1000;-1,8614;0,0378;0,0000;0,0000;-0,0315;0,0000;0,0000;0,0472;-2,8300;-4,6900;1;0,0267;37,5000;0;1;0;0;0;0
45,6112;57,5393;11,1000;-2,0829;0,0357;0,0000;0,0000;-0,0315;0,0000;0,0000;0,0446;-2,8200;-4,9000;1;0,0268;37,2700;0;1;0;0;0;0
45,6250;57,5820;11,1000;-2,2713;0,0336;0,0000;0,0000;-0,0315;0,0000;0,0000;0,0420;-2,8200;-5,0900;1;0,0270;37,0400;0;1;0;0;0;0
45,6389;57,6248;11,1000;-2,4522;0,0314;0,0000;0,0000;-0,0315;0,0000;0,0000;0,0392;-2,8300;-5,2800;0;0,0272;36,8100;0;1;0;0;0;0
45,6528;57,8783;11,1000;-2,5765;0,0280;0,0000;0,0000;-0,0315;0,0000;0,0000;0,0350;-2,5000;-5,0800;0;0,0282;35,5100;0;1;0;0;0;0
45,6667;57,8783;11,1000;-2,6792;0,0259;0,0000;0,0000;-0,0315;0,0000;0,0000;0,0323;-2,5800;-5,2600;0;0,0282;35,5100;0;1;0;0;0;0
45,6806;57,8783;11,1000;-2,7935;0,0236;0,0000;0,0000;-0,0315;0,0000;0,0000;0,0296;-2,6600;-5,4500;0;0,0282;35,5100;0;1;0;0;0;0
45,6945;57,8783;11,1000;-2,8854;0,0214;0,0000;0,0000;-0,0315;0,0000;0,0000;0,0267;-2,7400;-5,6300;0;0,0282;35,5100;0;1;0;0;0;0
45,7084;57,8783;11,1000;-2,9990;0,0190;0,0000;0,0000;-0,0315;0,0000;0,0000;0,0238;-2,8300;-5,8300;0;0,0282;35,5100;0;1;0;0;0;0
45,7223;57,8808;11,1000;-3,0725;0,0166;0,0000;0,0000;-0,0315;0,0000;0,0000;0,0208;-2,9100;-5,9900;0;0,0282;35,4900;0;1;0;0;0;0
45,7362;57,9235;11,1000;-3,1459;0,0143;0,0000;0,0000;-0,0315;0,0000;0,0000;0,0179;-2,9300;-6,0800;0;0,0284;35,2600;0;1;0;0;0;0
45,7500;57,9663;11,1000;-3,1668;0,0120;0,0000;0,0000;-0,0315;0,0000;0,0000;0,0150;-2,9500;-6,1200;0;0,0285;35,0400;0;1;0;0;0;0
45,7639;58,0090;11,1000;-3,1869;0,0096;0,0000;0,0000;-0,0315;0,0000;0,0000;0,0120;-2,9700;-6,1600;0;0,0287;34,8100;0;1;0;0;0;0
45,7778;58,0517;11,1000;-3,2009;0,0071;0,0000;0,0000;-0,0315;0,0000;0,0000;0,0089;-2,9900;-6,1900;0;0,0289;34,5900;0;1;0;0;0;0
45,7917;58,0944;11,1000;-3,2081;0,0046;0,0000;0,0000;-0,0315;0,0000;0,0000;0,0058;-3,0200;-6,2200;0;0,0291;34,3800;0;1;0;0;0;0
45,8056;58,3296;11,1000;-3,2235;0,0010;0,0000;0,0000;-0,0315;0,0000;0,0000;0,0013;-2,7200;-5,9400;0;0,0301;33,2300;0;1;0;0;0;0
45,8195;58,3296;11,1000;-3,2433;-0,0014;0,0000;0,0000;-0,0315;0,0000;0,0000;-0,0017;-2,8100;-6,0500;0;0,0301;33,2300;0;1;0;0;0;0
45,8334;58,3296;11,1000;-3,2628;-0,0038;0,0000;0,0000;-0,0315;0,0000;0,0000;-0,0048;-2,9000;-6,1700;0;0,0301;33,2300;0;1;0;0;0;0
45,8473;58,3296;11,1000;-3,2916;-0,0063;0,0000;0,0000;-0,0315;0,0000;0,0000;-0,0079;-3,0000;-6,2900;0;0,0301;33,2300;0;1;0;0;0;0
45,8612;58,3296;11,1000;-3,3178;-0,0089;0,0000;0,0000;-0,0315;0,0000;0,0000;-0,0112;-3,0900;-6,4100;0;0,0301;33,2300;0;1;0;0;0;0
45,8750;58,3508;11,1000;-3,3377;-0,0115;0,0000;0,0000;-0,0315;0,0000;0,0000;-0,0143;-3,1500;-6,4900;0;0,0302;33,1200;0;1;0;0;0;0
45,8889;58,3935;11,1000;-3,3572;-0,0139;0,0000;0,0000;-0,0315;0,0000;0,0000;-0,0174;-3,1700;-6,5300;0;0,0304;32,9000;0;1;0;0;0;0
45,9028;58,4363;11,1000;-3,3571;-0,0165;0,0000;0,0000;-0,0315;0,0000;0,0000;-0,0206;-3,1900;-6,5500;0;0,0306;32,6900;0;1;0;0;0;0
45,9167;58,4790;11,1000;-3,3302;-0,0191;0,0000;0,0000;-0,0315;0,0000;0,0000;-0,0238;-3,2100;-6,5400;0;0,0308;32,4800;0;1;0;0;0;0
45,9306;58,5217;11,1000;-3,2314;-0,0217;0,0000;0,0000;-0,0315;0,0000;0,0000;-0,0271;-3,2300;-6,4600;0;0,0310;32,2700;0;1;0;0;0;0
45,9445;58,7893;11,0000;-3,0823;-0,0256;0,0000;0,0000;-0,0315;0,0000;0,0000;-0,0320;-2,8400;-5,9200;0;0,0322;31,0200;0;1;0;0;0;0
45,9584;58,7893;11,0000;-2,9638;-0,0280;0,0000;0,0000;-0,0315;0,0000;0,0000;-0,0350;-2,9200;-5,8900;0;0,0322;31,0200;0;1;0;0;0;0
45,9723;58,7893;11,0000;-2,8456;-0,0304;0,0000;0,0000;-0,0315;0,0000;0,0000;-0,0380;-3,0000;-5,8500;0;0,0322;31,0200;0;1;0;0;0;0
45,9862;58,7893;11,0000;-2,6974;-0,0328;0,0000;0,0000;-0,0315;0,0000;0,0000;-0,0411;-3,0800;-5,7800;0;0,0322;31,0200;0;1;0;0;0;0
46,0000;58,7893;11,0000;-2,4998;-0,0353;0,0000;0,0000;-0,0315;0,0000;0,0000;-0,0441;-3,1500;-5,6500;0;0,0322;31,0200;0;1;0;0;0;0
46,0139;58,7893;11,0000;-2,2765;-0,0377;0,0000;0,0000;-0,0315;0,0000;0,0000;-0,0471;-3,2200;-5,4900;0;0,0322;31,0200;0;1;0;0;0;0
46,0278;58,8190;11,0000;-2,1047;-0,0399;0,0000;0,0000;-0,0315;0,0000;0,0000;-0,0499;-3,2200;-5,3200;0;0,0324;30,8800;0;1;0;0;0;0
46,0417;58,8614;11,0000;-1,9040;-0,0421;0,0000;0,0000;-0,0315;0,0000;0,0000;-0,0526;-3,2000;-5,1000;0;0,0326;30,6700;0;1;0;0;0;0
46,0556;58,9038;11,0000;-1,6911;-0,0442;0,0000;0,0000;-0,0315;0,0000;0,0000;-0,0553;-3,1600;-4,8500;0;0,0328;30,4700;0;1;0;0;0;0
46,0695;58,9461;11,0000;-1,6485;-0,0464;0,0000;0,0000;-0,0315;0,0000;0,0000;-0,0580;-3,1300;-4,7800;0;0,0330;30,2700;0;1;0;0;0;0
46,0834;58,9885;11,0000;-1,3463;-0,0485;0,0000;0,0000;-0,0315;0,0000;0,0000;-0,0606;-3,0900;-4,4300;0;0,0332;30,0800;0;1;0;0;0;0
46,0973;59,2418;11,0000;-1,1959;-0,0519;0,0000;0,0000;-0,0315;0,0000;0,0000;-0,0649;-2,6400;-3,8300;0;0,0345;28,9500;0;1;0;0;0;0
46,1112;59,2418;11,0000;-1,0923;-0,0537;0,0000;0,0000;-0,0315;0,0000;0,0000;-0,0672;-2,6700;-3,7600;0;0,0345;28,9500;0;1;0;0;0;0
46,1250;59,2418;11,0000;-0,9854;-0,0556;0,0000;0,0000;-0,0315;0,0000;0,0000;-0,0695;-2,7000;-3,6800;0;0,0345;28,9500;0;1;0;0;0;0
46,1389;59,2418;11,0000;-0,8826;-0,0574;0,0000;0,0000;-0,0315;0,0000;0,0000;-0,0717;-2,7200;-3,6100;0;0,0345;28,9500;0;1;0;0;0;0
46,1528;59,2418;11,0000;-0,8432;-0,0592;0,0000;0,0000;-0,0315;0,0000;0,0000;-0,0740;-2,7500;-3,5900;0;0,0345;28,9500;0;1;0;0;0;0
46,1667;59,2438;11,0000;-0,8108;-0,0611;0,0000;0,0000;-0,0315;0,0000;0,0000;-0,0763;-2,7700;-3,5800;0;0,0345;28,9500;0;1;0;0;0;0
46,1806;59,2862;11,0000;-0,7828;-0,0626;0,0000;0,0000;-0,0315;0,0000;0,0000;-0,0783;-2,7000;-3,4800;0;0,0348;28,7500;0;1;0;0;0;0
46,1945;59,3286;11,0000;-0,7772;-0,0642;0,0000;0,0000;-0,0315;0,0000;0,0000;-0,0803;-2,6400;-3,4100;0;0,0350;28,5600;0;1;0;0;0;0
46,2084;59,3710;11,0000;-0,7580;-0,0658;0,0000;0,0000;-0,0315;0,0000;0,0000;-0,0823;-2,5800;-3,3300;0;0,0353;28,3700;0;1;0;0;0;0
46,2223;59,4133;11,0000;-0,7487;-0,0674;0,0000;0,0000;-0,0315;0,0000;0,0000;-0,0843;-2,5100;-3,2600;0;0,0355;28,1800;0;1;0;0;0;0
46,2362;59,4557;11,0000;-0,7470;-0,0690;0,0000;0,0000;-0,0315;0,0000;0,0000;-0,0863;-2,4500;-3,1900;0;0,0357;27,9900;0;1;0;0;0;0
46,2500;59,7003;11,0000;-0,7564;-0,0720;0,0000;0,0000;-0,0315;0,0000;0,0000;-0,0900;-1,9700;-2,7200;0;0,0371;26,9700;0;1;0;0;0;0
46,2639;59,7003;11,0000;-0,7823;-0,0734;0,0000;0,0000;-0,0315;0,0000;0,0000;-0,0917;-1,9900;-2,7700;0;0,0371;26,9700;0;1;0;0;0;0
46,2778;59,7003;11,0000;-0,8210;-0,0748;0,0000;0,0000;-0,0315;0,0000;0,0000;-0,0935;-2,0100;-2,8300;0;0,0371;26,9700;0;1;0;0;0;0
46,2917;59,7003;11,0000;-0,8747;-0,0762;0,0000;0,0000;-0,0315;0,0000;0,0000;-0,0952;-2,0400;-2,9100;0;0,0371;26,9700;0;1;0;0;0;0
46,3056;59,7003;11,0000;-0,8854;-0,0776;0,0000;0,0000;-0,0315;0,0000;0,0000;-0,0970;-2,0600;-2,9500;0;0,0371;26,9700;0;1;0;0;0;0
46,3195;59,7117;11,0000;-0,9638;-0,0790;0,0000;0,0000;-0,0315;0,0000;0,0000;-0,0987;-2,0700;-3,0300;0;0,0371;26,9200;0;1;0;0;0;0
46,3334;59,7541;11,0000;-1,0976;-0,0802;0,0000;0,0000;-0,0315;0,0000;0,0000;-0,1002;-2,0000;-3,1000;0;0,0374;26,7400;0;1;0;6;0;0
46,3473;59,7965;11,0000;-1,1791;-0,0814;0,0000;0,0000;-0,0315;0,0000;0,0000;-0,1018;-1,9400;-3,1200;0;0,0377;26,5500;0;1;0;6;0;0
46,3612;59,8390;11,0000;-1,2642;-0,0827;0,0000;0,0000;-0,0315;0,0000;0,0000;-0,1033;-1,8900;-3,1500;0;0,0379;26,3700;0;1;0;6;0;0
46,3750;59,8814;11,0000;-1,3553;-0,0840;0,0000;0,0000;-0,0315;0,0000;0,0000;-0,1050;-1,8300;-3,1800;0;0,0382;26,2000;0;1;0;6;0;0
46,3889;59,9238;11,0000;-1,3735;-0,0853;0,0000;0,0000;-0,0315;0,0000;0,0000;-0,1067;-1,7800;-3,1500;0;0,0384;26,0200;0;1;0;6;0;0
46,4028;60,1533;11,0000;-1,4415;-0,0880;0,0000;0,0000;-0,0315;0,0000;0,0000;-0,1100;-1,3100;-2,7500;0;0,0398;25,1100;0;1;0;6;0;0
46,4167;60,1533;11,0000;-1,5281;-0,0892;0,0000;0,0000;-0,0315;0,0000;0,0000;-0,1115;-1,3500;-2,8800;0;0,0398;25,1100;0;1;0;6;0;0
46,4306;60,1533;11,0000;-1,5984;-0,0903;0,0000;0,0000;-0,0315;0,0000;0,0000;-0,1129;-1,4000;-3,0000;0;0,0398;25,1100;0;1;0;6;0;0
46,4445;60,1533;11,0000;-1,6780;-0,0916;0,0000;0,0000;-0,0315;0,0000;0,0000;-0,1144;-1,4500;-3,1200;0;0,0398;25,1100;0;1;0;6;0;0
46,4584;60,1533;11,0000;-1,7437;-0,0928;0,0000;0,0000;-0,0315;0,0000;0,0000;-0,1160;-1,5000;-3,2400;0;0,0398;25,1100;0;1;0;6;0;0
46,4723;60,1803;11,0000;-1,8284;-0,0939;0,0000;0,0000;-0,0315;0,0000;0,0000;-0,1174;-1,4800;-3,3100;0;0,0400;25,0000;0;1;0;6;0;0
46,4862;60,2227;11,0000;-1,8905;-0,0950;0,0000;0,0000;-0,0315;0,0000;0,0000;-0,1187;-1,4400;-3,3200;0;0,0403;24,8300;0;1;0;6;0;0
46,5000;60,2651;11,0000;-1,9516;-0,0961;0,0000;0,0000;-0,0315;0,0000;0,0000;-0,1201;-1,3900;-3,3400;0;0,0406;24,6600;0;1;0;6;0;0
46,5139;60,3076;11,0000;-1,9639;-0,0972;0,0000;0,0000;-0,0315;0,0000;0,0000;-0,1215;-1,3500;-3,3100;0;0,0408;24,4900;0;1;0;6;0;0
46,5278;60,3500;11,0000;-2,0648;-0,0984;0,0000;0,0000;-0,0315;0,0000;0,0000;-0,1230;-1,3100;-3,3700;0;0,0411;24,3200;0;1;0;6;0;0
46,5417;60,6114;11,0000;-2,0848;-0,1013;0,0000;0,0000;-0,0315;0,0000;0,0000;-0,1266;-0,7500;-2,8300;0;0,0428;23,3400;0;1;0;6;0;0
46,5556;60,6114;11,0000;-2,1403;-0,1022;0,0000;0,0000;-0,0315;0,0000;0,0000;-0,1278;-0,8100;-2,9500;0;0,0428;23,3400;0;1;0;6;0;0
46,5695;60,6114;11,0000;-2,2897;-0,1033;0,0000;0,0000;-0,0315;0,0000;0,0000;-0,1291;-0,8700;-3,1600;0;0,0428;23,3400;0;1;0;6;0;0
46,5834;60,6114;11,0000;-2,4077;-0,1044;0,0000;0,0000;-0,0315;0,0000;0,0000;-0,1304;-0,9400;-3,3500;0;0,0428;23,3400;0;1;0;6;0;0
46,5973;60,6114;11,0000;-2,5073;-0,1055;0,0000;0,0000;-0,0315;0,0000;0,0000;-0,1319;-1,0100;-3,5200;0;0,0428;23,3400;0;1;0;6;0;0
46,6112;60,6114;11,0000;-2,5800;-0,1067;0,0000;0,0000;-0,0315;0,0000;0,0000;-0,1334;-1,0900;-3,6700;0;0,0428;23,3400;0;1;0;6;0;0
46,6250;60,6495;11,0000;-2,5945;-0,1077;0,0000;0,0000;-0,0315;0,0000;0,0000;-0,1346;-1,0600;-3,6600;0;0,0431;23,1900;0;1;0;6;0;0
46,6389;60,6919;11,0000;-2,6845;-0,1087;0,0000;0,0000;-0,0315;0,0000;0,0000;-0,1358;-1,0300;-3,7100;0;0,0434;23,0300;0;1;0;6;0;0
46,6528;60,7343;11,0000;-2,7365;-0,1097;0,0000;0,0000;-0,0315;0,0000;0,0000;-0,1372;-1,0000;-3,7400;0;0,0437;22,8700;0;1;0;6;0;0
46,6667;60,7767;11,0000;-2,7947;-0,1108;0,0000;0,0000;-0,0315;0,0000;0,0000;-0,1385;-0,9700;-3,7700;0;0,0440;22,7100;0;1;0;6;0;0
46,6806;60,8192;11,0000;-2,8520;-0,1120;0,0000;0,0000;-0,0315;0,0000;0,0000;-0,1400;-0,9500;-3,8000;0;0,0443;22,5500;0;1;0;6;0;0
46,6945;61,0641;11,0000;-2,8635;-0,1149;0,0000;0,0000;-0,0315;0,0000;0,0000;-0,1436;-0,4000;-3,2700;0;0,0461;21,6900;0;1;0;6;0;0
46,7084;61,0641;11,0000;-2,9643;-0,1158;0,0000;0,0000;-0,0315;0,0000;0,0000;-0,1448;-0,4900;-3,4500;0;0,0461;21,6900;0;1;0;6;0;0
46,7223;61,0641;11,0000;-3,0290;-0,1168;0,0000;0,0000;-0,0315;0,0000;0,0000;-0,1460;-0,5800;-3,6000;0;0,0461;21,6900;0;1;0;6;0;0
46,7362;61,0641;11,0000;-3,0419;-0,1179;0,0000;0,0000;-0,0315;0,0000;0,0000;-0,1474;-0,6600;-3,7000;0;0,0461;21,6900;0;1;0;6;0;0
46,7500;61,0641;11,0000;-3,0839;-0,1190;0,0000;0,0000;-0,0315;0,0000;0,0000;-0,1488;-0,7500;-3,8300;0;0,0461;21,6900;0;1;0;6;0;0
46,7639;61,0768;11,0000;-3,1613;-0,1201;0,0000;0,0000;-0,0315;0,0000;0,0000;-0,1501;-0,8100;-3,9600;0;0,0462;21,6400;0;1;0;6;0;0
46,7778;61,1193;11,0000;-3,2274;-0,1210;0,0000;0,0000;-0,0315;0,0000;0,0000;-0,1512;-0,7800;-4,0100;0;0,0465;21,4900;0;1;0;6;0;0
46,7917;61,1617;11,0000;-3,2835;-0,1220;0,0000;0,0000;-0,0315;0,0000;0,0000;-0,1524;-0,7600;-4,0400;0;0,0469;21,3400;0;1;0;6;0;0
46,8056;61,2041;11,0000;-3,3421;-0,1230;0,0000;0,0000;-0,0315;0,0000;0,0000;-0,1537;-0,7400;-4,0800;0;0,0472;21,1900;0;1;0;6;0;0
46,8195;61,2465;11,0000;-3,4154;-0,1241;0,0000;0,0000;-0,0315;0,0000;0,0000;-0,1551;-0,7200;-4,1300;0;0,0475;21,0400;0;1;0;6;0;0
46,8334;61,2890;11,0000;-3,4682;-0,1253;0,0000;0,0000;-0,0315;0,0000;0,0000;-0,1566;-0,7000;-4,1700;0;0,0479;20,8900;0;1;0;6;0;0
46,8473;61,5227;11,0000;-3,4788;-0,1282;0,0000;0,0000;-0,0315;0,0000;0,0000;-0,1603;-0,1600;-3,6400;0;0,0497;20,1200;0;1;0;6;0;0
46,8612;61,5227;11,0000;-3,5357;-0,1291;0,0000;0,0000;-0,0315;0,0000;0,0000;-0,1614;-0,2600;-3,7900;0;0,0497;20,1200;0;1;0;6;0;0
46,8750;61,5227;11,0000;-3,6362;-0,1302;0,0000;0,0000;-0,0315;0,0000;0,0000;-0,1627;-0,3600;-4,0000;0;0,0497;20,1200;0;1;0;6;0;0
46,8889;61,5227;11,0000;-3,7012;-0,1312;0,0000;0,0000;-0,0315;0,0000;0,0000;-0,1641;-0,4700;-4,1700;0;0,0497;20,1200;0;1;0;6;0;0
46,9028;61,5227;11,0000;-3,7668;-0,1324;0,0000;0,0000;-0,0315;0,0000;0,0000;-0,1655;-0,5800;-4,3400;0;0,0497;20,1200;0;1;0;6;0;0
46,9167;61,5472;11,0000;-3,8291;-0,1334;0,0000;0,0000;-0,0315;0,0000;0,0000;-0,1668;-0,6100;-4,4400;0;0,0499;20,0400;0;1;0;6;0;0
46,9306;61,5897;11,0000;-3,9066;-0,1344;0,0000;0,0000;-0,0315;0,0000;0,0000;-0,1680;-0,6000;-4,5000;0;0,0503;19,8900;0;1;0;6;0;0
46,9445;61,6321;11,0000;-3,9809;-0,1354;0,0000;0,0000;-0,0315;0,0000;0,0000;-0,1692;-0,5800;-4,5600;0;0,0506;19,7500;0;1;0;6;0;0
46,9584;61,6746;11,0000;-3,9958;-0,1365;0,0000;0,0000;-0,0315;0,0000;0,0000;-0,1706;-0,5700;-4,5700;0;0,0510;19,6100;0;1;0;6;0;0
46,9723;61,7170;11,0000;-4,0760;-0,1377;0,0000;0,0000;-0,0315;0,0000;0,0000;-0,1721;-0,5600;-4,6400;0;0,0514;19,4700;0;1;0;6;0;0
46,9862;61,9741;11,0000;-4,2378;-0,1410;0,0000;0,0000;-0,0315;0,0000;0,0000;-0,1762;0,0700;-4,1600;0;0,0535;18,6700;0;1;0;6;0;0
47,0000;61,9741;11,0000;-4,2701;-0,1419;0,0000;0,0000;-0,0315;0,0000;0,0000;-0,1774;-0,0400;-4,3200;0;0,0535;18,6700;0;1;0;6;0;0
47,0139;61,9741;11,0000;-4,4153;-0,1430;0,0000;0,0000;-0,0315;0,0000;0,0000;-0,1788;-0,1700;-4,5900;0;0,0535;18,6700;0;1;0;6;0;0
47,0278;61,9741;11,0000;-4,5298;-0,1442;0,0000;0,0000;-0,0315;0,0000;0,0000;-0,1802;-0,3000;-4,8300;0;0,0535;18,6700;0;1;0;6;0;0
47,0417;61,9741;11,0000;-4,6570;-0,1455;0,0000;0,0000;-0,0315;0,0000;0,0000;-0,1818;-0,4300;-5,0900;0;0,0535;18,6700;0;1;0;6;0;0
47,0556;61,9760;11,0000;-4,7671;-0,1468;0,0000;0,0000;-0,0315;0,0000;0,0000;-0,1835;-0,5600;-5,3300;0;0,0536;18,6700;0;1;0;6;0;0
47,0695;62,0184;11,0000;-4,7891;-0,1479;0,0000;0,0000;-0,0315;0,0000;0,0000;-0,1848;-0,5600;-5,3500;0;0,0540;18,5300;0;1;0;6;0;0
47,0834;62,0608;11,0000;-5,0354;-0,1491;0,0000;0,0000;-0,0315;0,0000;0,0000;-0,1863;-0,5700;-5,6100;0;0,0543;18,4000;0;1;0;6;0;0
47,0973;62,1033;11,0000;-5,1800;-0,1504;0,0000;0,0000;-0,0315;0,0000;0,0000;-0,1880;-0,5900;-5,7600;0;0,0547;18,2700;0;1;0;6;0;0
47,1112;62,1457;11,0000;-5,3832;-0,1518;0,0000;0,0000;-0,0315;0,0000;0,0000;-0,1897;-0,6000;-5,9800;0;0,0551;18,1400;0;1;0;6;0;0
47,1250;62,1881;11,0000;-5,5336;-0,1534;0,0000;0,0000;-0,0315;0,0000;0,0000;-0,1917;-0,6300;-6,1600;0;0,0555;18,0100;0;1;0;6;0;0
47,1389;62,4337;11,0000;-5,6749;-0,1571;0,0000;0,0000;-0,0315;0,0000;0,0000;-0,1964;0,0000;-5,6800;0;0,0578;17,3000;0;1;0;6;0;0
47,1528;62,4337;11,0000;-5,7032;-0,1585;0,0000;0,0000;-0,0315;0,0000;0,0000;-0,1981;-0,1700;-5,8700;0;0,0578;17,3000;0;1;0;6;0;0
47,1667;62,4337;11,0000;-5,8059;-0,1600;0,0000;0,0000;-0,0315;0,0000;0,0000;-0,1999;-0,3300;-6,1400;0;0,0578;17,3000;0;1;0;6;0;0
47,1806;62,4337;11,1000;-5,9255;-0,1615;0,0000;0,0000;-0,0315;0,0000;0,0000;-0,2019;-0,5000;-6,4300;0;0,0578;17,3000;0;1;0;6;0;0
47,1945;62,4337;11,1000;-6,0601;-0,1633;0,0000;0,0000;-0,0315;0,0000;0,0000;-0,2041;-0,6800;-6,7400;0;0,0578;17,3000;0;1;0;6;0;0
47,2084;62,4487;11,1000;-6,1426;-0,1650;0,0000;0,0000;-0,0315;0,0000;0,0000;-0,2062;-0,8000;-6,9400;0;0,0579;17,2600;0;1;0;6;0;0
47,2223;62,4916;11,1000;-6,2064;-0,1665;0,0000;0,0000;-0,0315;0,0000;0,0000;-0,2082;-0,8300;-7,0400;0;0,0584;17,1300;0;1;0;6;0;0
47,2362;62,5344;11,1000;-6,2860;-0,1682;0,0000;0,0000;-0,0315;0,0000;0,0000;-0,2102;-0,8700;-7,1500;0;0,0588;17,0100;0;1;0;6;0;0
47,2500;62,5772;11,1000;-6,3388;-0,1700;0,0000;0,0000;-0,0315;0,0000;0,0000;-0,2125;-0,9000;-7,2400;0;0,0592;16,8800;0;1;0;6;0;0
47,2639;62,6200;11,1000;-6,4007;-0,1719;0,0000;0,0000;-0,0315;0,0000;0,0000;-0,2148;-0,9400;-7,3400;0;0,0597;16,7600;0;1;0;6;0;0
47,2778;62,8868;11,1000;-6,4130;-0,1763;0,0000;0,0000;-0,0315;0,0000;0,0000;-0,2204;-0,2000;-6,6200;0;0,0623;16,0400;0;1;0;6;0;0
47,2917;62,8868;11,1000;-6,4259;-0,1780;0,0000;0,0000;-0,0315;0,0000;0,0000;-0,2225;-0,3900;-6,8200;0;0,0623;16,0400;0;1;0;6;0;0
47,3056;62,8868;11,1000;-6,4699;-0,1798;0,0000;0,0000;-0,0315;0,0000;0,0000;-0,2247;-0,5800;-7,0500;0;0,0623;16,0400;0;1;0;6;0;0
47,3195;62,8868;11,1000;-6,5557;-0,1817;0,0000;0,0000;-0,0315;0,0000;0,0000;-0,2271;-0,7600;-7,3200;0;0,0623;16,0400;0;1;0;6;0;0
47,3334;62,8868;11,1000;-6,6105;-0,1837;0,0000;0,0000;-0,0315;0,0000;0,0000;-0,2296;-0,9500;-7,5600;0;0,0623;16,0400;0;1;0;5;0;0
47,3473;62,8868;11,1000;-6,6524;-0,1858;0,0000;0,0000;-0,0315;0,0000;0,0000;-0,2323;-1,1400;-7,8000;0;0,0623;16,0400;0;1;0;5;0;0
47,3612;62,9260;11,1000;-6,6858;-0,1876;0,0000;0,0000;-0,0315;0,0000;0,0000;-0,2345;-1,1900;-7,8800;0;0,0627;15,9400;0;1;0;5;0;0
47,3750;62,9688;11,1000;-6,6926;-0,1895;0,0000;0,0000;-0,0315;0,0000;0,0000;-0,2369;-1,2300;-7,9200;0;0,0632;15,8200;0;1;0;5;0;0
47,3889;63,0116;11,1000;-6,7098;-0,1916;0,0000;0,0000;-0,0315;0,0000;0,0000;-0,2394;-1,2600;-7,9700;0;0,0637;15,7100;0;1;0;5;0;0
47,4028;63,0543;11,1000;-6,7263;-0,1937;0,0000;0,0000;-0,0315;0,0000;0,0000;-0,2421;-1,2900;-8,0200;0;0,0641;15,6000;0;1;0;5;0;0
47,4167;63,0971;11,1000;-6,7399;-0,1959;0,0000;0,0000;-0,0315;0,0000;0,0000;-0,2449;-1,3300;-8,0700;0;0,0646;15,4800;0;1;0;5;0;0
47,4306;63,3442;11,1000;-6,7431;-0,2007;0,0000;0,0000;-0,0315;0,0000;0,0000;-0,2509;-0,6100;-7,3500;0;0,0672;14,8700;0;1;0;5;0;0
47,4445;63,3442;11,1000;-6,7427;-0,2027;0,0032;0,0000;-0,0315;0,0000;0,0000;-0,2534;-0,8000;-7,5400;0;0,0672;14,8700;0;1;0;5;0;0
47,4584;63,3442;11,1000;-6,7388;-0,2048;0,0154;0,0000;-0,0315;0,0000;0,0000;-0,2560;-1,0000;-7,7300;0;0,0672;14,8700;0;1;0;5;0;0
47,4723;63,3442;11,1000;-6,7381;-0,2070;0,0385;0,0000;-0,0315;0,0000;0,0000;-0,2587;-1,1900;-7,9300;0;0,0672;14,8700;0;1;0;5;0;0
47,4862;63,3442;11,1000;-6,7300;-0,2093;0,0692;0,0000;-0,0315;0,0000;0,0000;-0,2616;-1,3800;-8,1100;0;0,0672;14,8700;0;1;0;5;0;0
47,5000;63,3617;11,1000;-6,7153;-0,2115;0,1023;0,0000;-0,0315;0,0000;0,0000;-0,2644;-1,5100;-8,2200;0;0,0674;14,8300;0;1;0;5;0;0
47,5139;63,4044;11,1000;-6,7024;-0,2135;0,1337;0,0000;-0,0315;0,0000;0,0000;-0,2669;-1,5300;-8,2300;0;0,0679;14,7200;0;1;0;5;0;0
47,5278;63,4472;11,1000;-6,6926;-0,2156;0,1617;0,0000;-0,0315;0,0000;0,0000;-0,2696;-1,5500;-8,2400;0;0,0684;14,6200;0;1;0;5;0;0
47,5417;63,4900;11,1000;-6,6922;-0,2179;0,1865;0,0000;-0,0315;0,0000;0,0000;-0,2724;-1,5700;-8,2600;0;0,0689;14,5100;0;1;0;5;0;0
47,5556;63,5328;11,1000;-6,6932;-0,2202;0,2082;0,0000;-0,0315;0,0000;0,0000;-0,2753;-1,5900;-8,2900;0;0,0694;14,4100;0;1;0;5;0;0
47,5695;63,7995;11,1000;-6,6938;-0,2255;0,2275;0,0000;-0,0315;0,0000;0,0000;-0,2819;-0,7200;-7,4100;0;0,0724;13,8000;0;1;0;5;0;0
47,5834;63,7995;11,1000;-6,6901;-0,2276;0,2451;0,0000;-0,0315;0,0000;0,0000;-0,2844;-0,9100;-7,6000;0;0,0724;13,8000;0;1;0;5;0;0
47,5973;63,7995;11,1000;-6,6895;-0,2297;0,2617;0,0000;-0,0315;0,0000;0,0000;-0,2871;-1,1000;-7,7900;0;0,0724;13,8000;0;1;0;5;0;0
47,6112;63,7995;11,1000;-6,6892;-0,2319;0,2773;0,0000;-0,0315;0,0000;0,0000;-0,2899;-1,2900;-7,9800;0;0,0724;13,8000;0;1;0;5;0;0
47,6250;63,7995;11,1000;-6,6935;-0,2343;0,2921;0,0000;-0,0315;0,0000;0,0000;-0,2928;-1,4900;-8,1800;0;0,0724;13,8000;0;1;0;5;0;0
47,6389;63,7995;11,1000;-6,7183;-0,2368;0,3062;0,0000;-0,0315;0,0000;0,0000;-0,2960;-1,6800;-8,4000;0;0,0724;13,8000;0;1;0;5;0;0
47,6528;63,8417;11,1000;-6,7413;-0,2388;0,3199;0,0000;-0,0315;0,0000;0,0000;-0,2985;-1,6900;-8,4300;0;0,0730;13,7100;0;1;0;5;0;0
47,6667;63,8845;11,1000;-6,7533;-0,2409;0,3334;0,0000;-0,0315;0,0000;0,0000;-0,3012;-1,7000;-8,4600;0;0,0735;13,6100;0;1;0;5;0;0
47,6806;63,9273;11,3000;-6,7635;-0,2433;0,3465;0,0000;-0,0315;0,0000;0,0000;-0,3041;-1,7200;-8,4800;0;0,0740;13,5200;0;1;0;5;0;0
47,6945;63,9708;11,3000;-6,7743;-0,2457;0,3596;0,0000;-0,0315;0,0000;0,0000;-0,3071;-1,7300;-8,5000;0;0,0745;13,4200;0;1;0;5;0;0
47,7084;64,0143;11,3000;-6,7832;-0,2483;0,3725;0,0000;-0,0315;0,0000;0,0000;-0,3103;-1,7400;-8,5200;0;0,0750;13,3300;0;1;0;5;0;0
47,7223;64,2535;11,3000;-6,7847;-0,2536;0,3856;0,0000;-0,0315;0,0000;0,0000;-0,3170;-0,9100;-7,6900;0;0,0779;12,8300;0;1;0;5;0;0
47,7362;64,2535;11,3000;-6,7880;-0,2558;0,3994;0,0000;-0,0315;0,0000;0,0000;-0,3197;-1,1000;-7,8900;0;0,0779;12,8300;0;1;0;5;0;0
47,7500;64,2535;11,3000;-6,7894;-0,2581;0,4141;0,0000;-0,0315;0,0000;0,0000;-0,3226;-1,3000;-8,0900;0;0,0779;12,8300;0;1;0;5;0;0
47,7639;64,2535;11,3000;-6,7894;-0,2605;0,4291;0,0000;-0,0315;0,0000;0,0000;-0,3257;-1,5000;-8,2900;0;0,0779;12,8300;0;1;0;5;0;0
47,7778;64,2535;11,3000;-6,7873;-0,2631;0,4442;0,0000;-0,0315;0,0000;0,0000;-0,3289;-1,7000;-8,4900;0;0,0779;12,8300;0;1;0;5;0;0
47,7917;64,2870;11,3000;-6,7869;-0,2653;0,4594;0,0000;-0,0315;0,0000;0,0000;-0,3316;-1,7400;-8,5300;0;0,0783;12,7600;0;1;0;5;0;0
47,8056;64,3305;11,3000;-6,7655;-0,2675;0,4744;0,0000;-0,0315;0,0000;0,0000;-0,3343;-1,7400;-8,5100;0;0,0789;12,6700;0;1;0;5;0;0
47,8195;64,3741;11,3000;-6,7476;-0,2697;0,4890;0,0000;-0,0315;0,0000;0,0000;-0,3371;-1,7400;-8,4800;0;0,0794;12,5900;0;1;0;5;0;0
47,8334;64,4176;11,3000;-6,7440;-0,2721;0,5033;0,0000;-0,0315;0,0000;0,0000;-0,3401;-1,7300;-8,4800;0;0,0800;12,5000;0;1;0;5;0;0
47,8473;64,4611;11,3000;-6,7234;-0,2746;0,5171;0,0000;-0,0315;0,0000;0,0000;-0,3432;-1,7300;-8,4500;0;0,0805;12,4200;0;1;0;5;0;0
47,8612;64,7111;11,3000;-6,6913;-0,2802;0,5304;0,0000;-0,0315;0,0000;0,0000;-0,3503;-0,7600;-7,4500;0;0,0837;11,9500;0;1;0;5;0;0
47,8750;64,7111;11,3000;-6,6848;-0,2823;0,5437;0,0000;-0,0315;0,0000;0,0000;-0,3528;-0,9600;-7,6400;0;0,0837;11,9500;0;1;0;5;0;0
47,8889;64,7111;11,3000;-6,6584;-0,2844;0,5570;0,0000;-0,0315;0,0000;0,0000;-0,3555;-1,1500;-7,8100;0;0,0837;11,9500;0;1;0;5;0;0
47,9028;64,7111;11,3000;-6,6306;-0,2867;0,5701;0,0000;-0,0315;0,0000;0,0000;-0,3584;-1,3400;-7,9800;0;0,0837;11,9500;0;1;0;5;0;0
47,9167;64,7111;11,3000;-6,6088;-0,2891;0,5826;0,0000;-0,0315;0,0000;0,0000;-0,3613;-1,5400;-8,1500;0;0,0837;11,9500;0;1;0;5;0;0
47,9306;64,7360;11,3000;-6,5861;-0,2912;0,5947;0,0000;-0,0315;0,0000;0,0000;-0,3640;-1,6100;-8,1900;0;0,0840;11,9000;0;1;0;5;0;0
47,9445;64,7795;11,2000;-6,5815;-0,2931;0,6063;0,0000;-0,0315;0,0000;0,0000;-0,3664;-1,5800;-8,1600;0;0,0846;11,8200;0;1;0;5;0;0
47,9584;64,8227;11,2000;-6,5604;-0,2952;0,6173;0,0000;-0,0315;0,0000;0,0000;-0,3690;-1,5500;-8,1100;0;0,0851;11,7500;0;1;0;5;0;0
47,9723;64,8659;11,2000;-6,5060;-0,2973;0,6278;0,0000;-0,0315;0,0000;0,0000;-0,3716;-1,5300;-8,0300;0;0,0857;11,6700;0;1;0;5;0;0
47,9862;64,9090;11,2000;-6,4952;-0,2995;0,6378;0,0000;-0,0315;0,0000;0,0000;-0,3744;-1,5000;-8,0000;0;0,0862;11,6000;0;1;0;5;0;0
48,0000;65,1652;11,2000;-6,4410;-0,3052;0,6473;0,0000;-0,0315;0,0000;0,0000;-0,3815;-0,4100;-6,8600;0;0,0895;11,1700;0;1;0;5;0;0
48,0139;65,1652;11,2000;-6,4079;-0,3070;0,6569;0,0000;-0,0315;0,0000;0,0000;-0,3837;-0,6000;-7,0100;0;0,0895;11,1700;0;1;0;5;0;0
48,0278;65,1652;11,2000;-6,3681;-0,3088;0,6665;0,0000;-0,0315;0,0000;0,0000;-0,3860;-0,7800;-7,1500;0;0,0895;11,1700;0;1;0;5;0;0
48,0417;65,1652;11,2000;-6,3602;-0,3108;0,6760;0,0000;-0,0315;0,0000;0,0000;-0,3885;-0,9700;-7,3300;0;0,0895;11,1700;0;1;0;5;0;0
48,0556;65,1652;11,2000;-6,3066;-0,3129;0,6853;0,0000;-0,0315;0,0000;0,0000;-0,3912;-1,1500;-7,4600;0;0,0895;11,1700;0;1;0;5;0;0
48,0695;65,1838;11,2000;-6,2552;-0,3148;0,6942;0,0000;-0,0315;0,0000;0,0000;-0,3935;-1,2300;-7,4900;0;0,0898;11,1400;0;1;0;5;0;0
48,0834;65,2270;11,2000;-6,1937;-0,3164;0,7027;0,0000;-0,0315;0,0000;0,0000;-0,3955;-1,1800;-7,3800;0;0,0903;11,0700;0;1;0;5;0;0
48,0973;65,2702;11,2000;-6,1252;-0,3181;0,7109;0,0000;-0,0315;0,0000;0,0000;-0,3976;-1,1300;-7,2600;0;0,0909;11,0000;0;1;0;5;0;0
48,1112;65,3134;11,2000;-6,0182;-0,3199;0,7187;0,0000;-0,0315;0,0000;0,0000;-0,3998;-1,0800;-7,1000;0;0,0915;10,9300;0;1;0;5;0;0
48,1250;65,3566;11,2000;-5,9307;-0,3217;0,7261;0,0000;-0,0315;0,0000;0,0000;-0,4021;-1,0200;-6,9500;0;0,0920;10,8700;0;1;0;5;0;0
48,1389;65,6209;11,2000;-5,8920;-0,3273;0,7331;0,0000;-0,0315;0,0000;0,0000;-0,4091;0,2100;-5,6800;0;0,0954;10,4800;0;1;0;5;0;0
48,1528;65,6209;11,2000;-5,8843;-0,3286;0,7403;0,0000;-0,0315;0,0000;0,0000;-0,4108;0,0400;-5,8500;0;0,0954;10,4800;0;1;0;5;0;0
48,1667;65,6209;11,2000;-5,8439;-0,3300;0,7476;0,0000;-0,0315;0,0000;0,0000;-0,4125;-0,1300;-5,9800;0;0,0954;10,4800;0;1;0;5;0;0
48,1806;65,6209;11,2000;-5,7973;-0,3315;0,7548;0,0000;-0,0315;0,0000;0,0000;-0,4143;-0,3000;-6,1000;0;0,0954;10,4800;0;1;0;5;0;0
48,1945;65,6209;11,2000;-5,7133;-0,3330;0,7618;0,0000;-0,0315;0,0000;0,0000;-0,4163;-0,4700;-6,1800;0;0,0954;10,4800;0;1;0;5;0;0
48,2084;65,6338;11,2000;-5,6370;-0,3344;0,7685;0,0000;-0,0315;0,0000;0,0000;-0,4181;-0,5600;-6,1900;0;0,0956;10,4600;0;1;0;5;0;0
48,2223;65,6770;11,2000;-5,6345;-0,3355;0,7750;0,0000;-0,0315;0,0000;0,0000;-0,4193;-0,4800;-6,1100;0;0,0962;10,4000;0;1;0;5;0;0
48,2362;65,7202;11,2000;-5,6340;-0,3365;0,7810;0,0000;-0,0315;0,0000;0,0000;-0,4207;-0,4000;-6,0300;0;0,0967;10,3400;0;1;0;5;0;0
48,2500;65,7634;11,2000;-5,6545;-0,3377;0,7867;0,0000;-0,0315;0,0000;0,0000;-0,4222;-0,3200;-5,9700;0;0,0972;10,2800;0;1;0;5;0;0
48,2639;65,8066;11,2000;-5,7043;-0,3390;0,7920;0,0000;-0,0315;0,0000;0,0000;-0,4238;-0,2400;-5,9400;0;0,0978;10,2300;0;1;0;5;0;0
48,2778;66,0772;11,2000;-5,7130;-0,3444;0,7970;0,0000;-0,0315;0,0000;0,0000;-0,4305;1,1200;-4,5900;0;0,1012;9,8800;0;1;0;5;0;0
48,2917;66,0772;11,2000;-5,8011;-0,3452;0,8021;0,0000;-0,0315;0,0000;0,0000;-0,4315;0,9500;-4,8500;0;0,1012;9,8800;0;1;0;5;0;0
48,3056;66,0772;11,2000;-5,8752;-0,3460;0,8074;0,0000;-0,0315;0,0000;0,0000;-0,4325;0,7800;-5,1000;0;0,1012;9,8800;0;1;0;5;0;0
48,3195;66,0772;11,2000;-5,8900;-0,3470;0,8127;0,0000;-0,0315;0,0000;0,0000;-0,4337;0,6100;-5,2800;0;0,1012;9,8800;0;1;0;5;0;0
48,3334;66,0772;11,2000;-5,9461;-0,3480;0,8178;0,0000;-0,0315;0,0000;0,0000;-0,4350;0,4400;-5,5100;0;0,1012;9,8800;0;1;0;5;0;0
48,3473;66,0859;11,2000;-6,1372;-0,3491;0,8227;0,0000;-0,0315;0,0000;0,0000;-0,4363;0,3100;-5,8200;0;0,1013;9,8700;0;1;0;9;0;0
48,3612;66,1291;11,2000;-6,1753;-0,3496;0,8273;0,0000;-0,0315;0,0000;0,0000;-0,4370;0,3900;-5,7800;0;0,1018;9,8200;0;1;0;9;0;0
48,3750;66,1724;11,2000;-6,2682;-0,3502;0,8316;0,0000;-0,0315;0,0000;0,0000;-0,4378;0,4700;-5,8000;0;0,1023;9,7700;0;1;0;9;0;0
48,3889;66,2156;11,2000;-6,4756;-0,3510;0,8356;0,0000;-0,0315;0,0000;0,0000;-0,4388;0,5400;-5,9300;0;0,1028;9,7200;0;1;0;9;0;0
48,4028;66,2588;11,2000;-6,5007;-0,3519;0,8393;0,0000;-0,0315;0,0000;0,0000;-0,4399;0,6100;-5,8900;0;0,1034;9,6800;0;1;0;9;0;0
48,4167;66,3021;11,2000;-6,5680;-0,3530;0,8427;0,0000;-0,0315;0,0000;0,0000;-0,4412;0,6700;-5,8900;0;0,1039;9,6300;0;1;0;9;0;0
48,4306;66,5317;11,2000;-6,7824;-0,3576;0,8459;0,0000;-0,0315;0,0000;0,0000;-0,4470;1,8400;-4,9400;0;0,1066;9,3800;0;1;0;9;0;0
48,4445;66,5317;11,2000;-6,8452;-0,3581;0,8494;0,0000;-0,0315;0,0000;0,0000;-0,4477;1,6500;-5,2000;0;0,1066;9,3800;0;1;0;9;0;0
48,4584;66,5317;11,5000;-6,8791;-0,3588;0,8531;0,0000;-0,0315;0,0000;0,0000;-0,4485;1,4400;-5,4400;0;0,1066;9,3800;0;1;0;9;0;0
48,4723;66,5317;11,5000;-7,0180;-0,3596;0,8569;0,0000;-0,0315;0,0000;0,0000;-0,4495;1,2400;-5,7800;0;0,1066;9,3800;0;1;0;9;0;0
48,4862;66,5423;11,5000;-7,1435;-0,3604;0,8606;0,0000;-0,0315;0,0000;0,0000;-0,4505;1,0900;-6,0500;0;0,1067;9,3700;0;1;0;9;0;0
48,5000;66,5867;11,5000;-7,1458;-0,3606;0,8641;0,0000;-0,0315;0,0000;0,0000;-0,4508;1,1600;-5,9800;0;0,1072;9,3300;0;1;0;9;0;0
48,5139;66,6311;11,5000;-7,2442;-0,3610;0,8675;0,0000;-0,0315;0,0000;0,0000;-0,4513;1,2200;-6,0200;0;0,1076;9,2900;0;1;0;9;0;0
48,5278;66,6755;11,5000;-7,2825;-0,3616;0,8706;0,0000;-0,0315;0,0000;0,0000;-0,4520;1,2800;-6,0000;0;0,1081;9,2500;0;1;0;9;0;0
48,5417;66,7199;11,5000;-7,2619;-0,3622;0,8735;0,0000;-0,0315;0,0000;0,0000;-0,4528;1,3400;-5,9200;0;0,1086;9,2100;0;1;0;9;0;0
48,5556;66,9873;11,5000;-7,2909;-0,3674;0,8761;0,0000;-0,0315;0,0000;0,0000;-0,4593;2,7900;-4,5000;0;0,1114;8,9800;0;1;0;9;0;0
48,5695;66,9873;11,5000;-7,3855;-0,3675;0,8789;0,0000;-0,0315;0,0000;0,0000;-0,4593;2,5800;-4,8100;0;0,1114;8,9800;0;1;0;9;0;0
48,5834;66,9873;11,5000;-7,3909;-0,3677;0,8822;0,0000;-0,0315;0,0000;0,0000;-0,4596;2,3600;-5,0300;0;0,1114;8,9800;0;1;0;9;0;0
48,5973;66,9873;11,5000;-7,4371;-0,3680;0,8854;0,0000;-0,0315;0,0000;0,0000;-0,4600;2,1300;-5,3000;0;0,1114;8,9800;0;1;0;9;0;0
48,6112;66,9873;11,5000;-7,4901;-0,3685;0,8885;0,0000;-0,0315;0,0000;0,0000;-0,4606;1,9100;-5,5800;0;0,1114;8,9800;0;1;0;9;0;0
48,6250;67,0097;11,5000;-7,6199;-0,3687;0,8915;0,0000;-0,0315;0,0000;0,0000;-0,4609;1,8300;-5,7800;0;0,1116;8,9600;0;1;0;9;0;0
48,6389;67,0542;11,5000;-7,5930;-0,3687;0,8942;0,0000;-0,0315;0,0000;0,0000;-0,4608;1,8900;-5,6900;0;0,1120;8,9300;0;1;0;9;0;0
48,6528;67,0986;11,5000;-7,6390;-0,3687;0,8966;0,0000;-0,0315;0,0000;0,0000;-0,4609;1,9500;-5,6800;0;0,1124;8,9000;0;1;0;9;0;0
48,6667;67,1430;11,5000;-7,7473;-0,3690;0,8987;0,0000;-0,0315;0,0000;0,0000;-0,4612;2,0100;-5,7300;0;0,1128;8,8700;0;1;0;9;0;0
48,6806;67,1874;11,5000;-7,7221;-0,3693;0,9006;0,0000;-0,0315;0,0000;0,0000;-0,4616;2,0700;-5,6500;0;0,1132;8,8400;0;1;0;9;0;0
48,6945;67,4433;11,5000;-7,7616;-0,3741;0,9023;0,0000;-0,0315;0,0000;0,0000;-0,4676;3,5000;-4,2600;0;0,1154;8,6600;0;1;0;9;0;0
48,7084;67,4433;11,5000;-7,8585;-0,3738;0,9041;0,0000;-0,0315;0,0000;0,0000;-0,4673;3,2700;-4,5900;0;0,1154;8,6600;0;1;0;9;0;0
48,7223;67,4433;11,5000;-7,8494;-0,3737;0,9064;0,0000;-0,0315;0,0000;0,0000;-0,4672;3,0300;-4,8200;0;0,1154;8,6600;0;1;0;9;0;0
48,7362;67,4433;11,5000;-7,9054;-0,3738;0,9087;0,0000;-0,0315;0,0000;0,0000;-0,4672;2,8000;-5,1100;0;0,1154;8,6600;0;1;0;9;0;0
48,7500;67,4433;11,5000;-7,9544;-0,3740;0,9108;0,0000;-0,0315;0,0000;0,0000;-0,4675;2,5600;-5,3900;0;0,1154;8,6600;0;1;0;9;0;0
48,7639;67,4785;11,5000;-7,9428;-0,3736;0,9128;0,0000;-0,0315;0,0000;0,0000;-0,4670;2,5600;-5,3700;0;0,1156;8,6500;0;1;0;9;0;0
48,7778;67,5229;11,5000;-8,0159;-0,3732;0,9146;0,0000;-0,0315;0,0000;0,0000;-0,4665;2,6200;-5,3900;0;0,1159;8,6300;0;1;0;9;0;0
48,7917;67,5673;11,5000;-8,0480;-0,3730;0,9161;0,0000;-0,0315;0,0000;0,0000;-0,4662;2,6800;-5,3600;0;0,1162;8,6000;0;1;0;9;0;0
48,8056;67,6118;11,5000;-8,1113;-0,3729;0,9172;0,0000;-0,0315;0,0000;0,0000;-0,4661;2,7300;-5,3700;0;0,1165;8,5800;0;1;0;9;0;0
48,8195;67,6562;11,5000;-8,2332;-0,3729;0,9181;0,0000;-0,0315;0,0000;0,0000;-0,4662;2,7900;-5,4400;0;0,1168;8,5600;0;1;0;9;0;0
48,8334;67,8983;11,5000;-8,2841;-0,3773;0,9188;0,0000;-0,0315;0,0000;0,0000;-0,4716;4,1600;-4,1200;0;0,1184;8,4500;0;1;0;9;0;0
48,8473;67,8983;11,5000;-8,3735;-0,3767;0,9197;0,0000;-0,0315;0,0000;0,0000;-0,4709;3,9100;-4,4600;0;0,1184;8,4500;0;1;0;9;0;0
48,8612;67,8983;11,5000;-8,4738;-0,3764;0,9209;0,0000;-0,0315;0,0000;0,0000;-0,4704;3,6600;-4,8100;0;0,1184;8,4500;0;1;0;9;0;0
48,8750;67,8983;11,5000;-8,5461;-0,3762;0,9223;0,0000;-0,0315;0,0000;0,0000;-0,4702;3,4100;-5,1400;0;0,1184;8,4500;0;1;0;9;0;0
48,8889;67,9036;11,5000;-8,6637;-0,3760;0,9235;0,0000;-0,0315;0,0000;0,0000;-0,4700;3,1900;-5,4600;0;0,1184;8,4500;0;1;0;9;0;0
48,9028;67,9481;11,5000;-8,8104;-0,3753;0,9246;0,0000;-0,0315;0,0000;0,0000;-0,4691;3,2300;-5,5700;0;0,1186;8,4300;0;1;0;9;0;0
48,9167;67,9925;11,5000;-8,8821;-0,3747;0,9254;0,0000;-0,0315;0,0000;0,0000;-0,4684;3,2700;-5,6000;0;0,1187;8,4200;0;1;0;9;0;0
48,9306;68,0369;11,5000;-9,0772;-0,3744;0,9260;0,0000;-0,0315;0,0000;0,0000;-0,4680;3,3000;-5,7700;0;0,1189;8,4100;0;1;0;9;0;0
48,9445;68,0814;11,5000;-9,2378;-0,3742;0,9263;0,0000;-0,0315;0,0000;0,0000;-0,4678;3,3300;-5,9000;0;0,1191;8,4000;0;1;0;9;0;0
48,9584;68,1258;11,3000;-9,2819;-0,3742;0,9264;0,0000;-0,0315;0,0000;0,0000;-0,4677;3,3600;-4,3600;0;0,1192;8,3900;0;1;0;9;0;0
48,9723;68,3536;11,3000;-9,4593;-0,3783;0,9263;0,0000;-0,0315;0,0000;0,0000;-0,4728;4,6500;-4,8100;0;0,1201;8,3300;0;1;0;9;0;0
48,9862;68,3536;11,3000;-9,6168;-0,3777;0,9266;0,0000;-0,0315;0,0000;0,0000;-0,4722;4,3600;-5,2500;0;0,1201;8,3300;0;1;0;9;0;0
49,0000;68,3536;11,3000;-9,6557;-0,3774;0,9272;0,0000;-0,0315;0,0000;0,0000;-0,4717;4,0800;-5,5700;0;0,1201;8,3300;0;1;0;9;0;0
49,0139;68,3536;11,3000;-9,9249;-0,3773;0,9280;0,0000;-0,0315;0,0000;0,0000;-0,4716;3,7900;-6,1300;0;0,1201;8,3300;0;1;0;9;0;0
49,0278;68,3700;11,3000;-9,9045;-0,3770;0,9287;0,0000;-0,0315;0,0000;0,0000;-0,4712;3,6100;-6,2800;0;0,1201;8,3300;0;1;0;9;0;0
49,0417;68,4137;11,3000;-10,1112;-0,3764;0,9294;0,0000;-0,0315;0,0000;0,0000;-0,4705;3,6200;-6,4800;0;0,1202;8,3200;0;1;0;9;0;0
49,0556;68,4574;11,3000;-10,3316;-0,3760;0,9299;0,0000;-0,0315;0,0000;0,0000;-0,4700;3,6200;-6,7100;0;0,1202;8,3200;0;1;0;9;0;0
49,0695;68,5011;11,3000;-10,3751;-0,3758;0,9302;0,0000;-0,0315;0,0000;0,0000;-0,4697;3,6100;-6,7600;0;0,1202;8,3200;0;1;0;9;0;0
49,0834;68,5448;11,3000;-10,6907;-0,3758;0,9303;0,0000;-0,0315;0,0000;0,0000;-0,4698;3,6000;-7,0900;0;0,1203;8,3100;0;1;0;9;0;0
49,0973;68,8092;11,3000;-10,6733;-0,3808;0,9303;0,0000;-0,0315;0,0000;0,0000;-0,4759;5,1100;-5,5600;0;0,1205;8,3000;0;1;0;9;0;0
49,1112;68,8092;11,3000;-10,8366;-0,3802;0,9307;0,0000;-0,0315;0,0000;0,0000;-0,4753;4,7900;-6,0400;0;0,1205;8,3000;0;1;0;9;0;0
49,1250;68,8092;11,3000;-10,9296;-0,3799;0,9316;0,0000;-0,0315;0,0000;0,0000;-0,4749;4,4700;-6,4600;0;0,1205;8,3000;0;1;0;9;0;0
49,1389;68,8092;11,3000;-11,0132;-0,3799;0,9327;0,0000;-0,0315;0,0000;0,0000;-0,4748;4,1500;-6,8600;0;0,1205;8,3000;0;1;0;9;0;0
49,1528;68,8092;11,3000;-11,0817;-0,3800;0,9338;0,0000;-0,0315;0,0000;0,0000;-0,4750;3,8200;-7,2600;0;0,1205;8,3000;0;1;0;9;0;0
49,1667;68,8330;11,3000;-11,1814;-0,3799;0,9348;0,0000;-0,0315;0,0000;0,0000;-0,4748;3,6600;-7,5100;0;0,1204;8,3000;0;1;0;9;0;0
49,1806;68,8767;11,3000;-11,2450;-0,3795;0,9357;0,0000;-0,0315;0,0000;0,0000;-0,4744;3,6300;-7,6100;0;0,1204;8,3100;0;1;0;9;0;0
49,1945;68,9205;11,0000;-11,3473;-0,3793;0,9365;0,0000;-0,0315;0,0000;0,0000;-0,4741;3,6100;-7,7400;0;0,1203;8,3200;0;1;0;9;0;0
49,2084;68,9630;11,0000;-11,4718;-0,3794;0,9371;0,0000;-0,0315;0,0000;0,0000;-0,4743;3,5700;-7,9000;0;0,1202;8,3200;0;1;0;9;0;0
49,2223;69,0056;11,0000;-11,4478;-0,3797;0,9376;0,0000;-0,0315;0,0000;0,0000;-0,4746;3,5400;-7,9100;0;0,1201;8,3300;0;1;0;9;0;0
49,2362;69,2644;11,0000;-11,4852;-0,3847;0,9380;0,0000;-0,0315;0,0000;0,0000;-0,4809;4,9900;-6,5000;0;0,1195;8,3700;0;1;0;9;0;0
49,2500;69,2644;11,0000;-11,4785;-0,3844;0,9388;0,0000;-0,0315;0,0000;0,0000;-0,4805;4,6600;-6,8200;0;0,1195;8,3700;0;1;0;9;0;0
49,2639;69,2644;11,0000;-11,5364;-0,3844;0,9402;0,0000;-0,0315;0,0000;0,0000;-0,4805;4,3300;-7,2100;0;0,1195;8,3700;0;1;0;9;0;0
49,2778;69,2644;11,0000;-11,4955;-0,3845;0,9417;0,0000;-0,0315;0,0000;0,0000;-0,4806;4,0000;-7,4900;0;0,1195;8,3700;0;1;0;9;0;0
49,2917;69,2644;11,0000;-11,4880;-0,3848;0,9433;0,0000;-0,0315;0,0000;0,0000;-0,4810;3,6700;-7,8200;0;0,1195;8,3700;0;1;0;9;0;0
49,3056;69,2870;11,0000;-11,4922;-0,3849;0,9449;0,0000;-0,0315;0,0000;0,0000;-0,4811;3,5000;-7,9900;0;0,1194;8,3700;0;1;0;9;0;0
49,3195;69,3296;11,0000;-11,4510;-0,3847;0,9464;0,0000;-0,0315;0,0000;0,0000;-0,4808;3,4600;-7,9900;0;0,1192;8,3900;0;1;0;9;0;0
49,3334;69,3722;11,0000;-11,4061;-0,3847;0,9477;0,0000;-0,0315;0,0000;0,0000;-0,4808;3,4200;-7,9800;0;0,1190;8,4000;0;1;0;9;0;0
49,3473;69,4147;11,0000;-11,3699;-0,3848;0,9488;0,0000;-0,0315;0,0000;0,0000;-0,4810;3,3800;-7,9800;0;0,1188;8,4200;0;1;0;3;0;0
49,3612;69,4573;11,0000;-11,3416;-0,3852;0,9498;0,0000;-0,0315;0,0000;0,0000;-0,4815;3,3500;-7,9900;0;0,1186;8,4300;0;1;0;3;0;0
49,3750;69,7204;11,0000;-11,2703;-0,3903;0,9507;0,0000;-0,0315;0,0000;0,0000;-0,4879;4,8100;-6,4600;0;0,1172;8,5300;0;1;0;3;0;0
49,3889;69,7204;11,0000;-11,1710;-0,3900;0,9520;0,0000;-0,0315;0,0000;0,0000;-0,4875;4,4900;-6,6800;0;0,1172;8,5300;0;1;0;3;0;0
49,4028;69,7204;11,0000;-11,0409;-0,3899;0,9538;0,0000;-0,0315;0,0000;0,0000;-0,4874;4,1800;-6,8600;0;0,1172;8,5300;0;1;0;3;0;0
49,4167;69,7204;11,0000;-11,0098;-0,3900;0,9558;0,0000;-0,0315;0,0000;0,0000;-0,4875;3,8600;-7,1500;0;0,1172;8,5300;0;1;0;3;0;0
49,4306;69,7204;11,0000;-10,8998;-0,3903;0,9578;0,0000;-0,0315;0,0000;0,0000;-0,4879;3,5500;-7,3500;0;0,1172;8,5300;0;1;0;3;0;0
49,4445;69,7386;11,0000;-10,8418;-0,3904;0,9596;0,0000;-0,0315;0,0000;0,0000;-0,4880;3,3600;-7,4700;0;0,1171;8,5400;0;1;0;3;0;0
49,4584;69,7811;11,0000;-10,7147;-0,3901;0,9614;0,0000;-0,0315;0,0000;0,0000;-0,4876;3,3400;-7,3700;0;0,1168;8,5600;0;1;0;3;0;0
49,4723;69,8237;11,0000;-10,6254;-0,3899;0,9629;0,0000;-0,0315;0,0000;0,0000;-0,4874;3,3100;-7,3100;0;0,1165;8,5900;0;1;0;3;0;0
49,4862;69,8662;11,0000;-10,5562;-0,3900;0,9642;0,0000;-0,0315;0,0000;0,0000;-0,4875;3,3000;-7,2600;0;0,1161;8,6100;0;1;0;3;0;0
49,5000;69,9087;11,0000;-10,3963;-0,3901;0,9653;0,0000;-0,0315;0,0000;0,0000;-0,4877;3,2800;-7,1100;0;0,1158;8,6300;0;1;0;3;0;0
49,5139;70,1755;11,0000;-10,3529;-0,3950;0,9662;0,0000;-0,0315;0,0000;0,0000;-0,4938;4,7500;-5,6000;0;0,1138;8,7900;0;1;0;3;0;0
49,5278;70,1755;11,0000;-10,2314;-0,3946;0,9674;0,0000;-0,0315;0,0000;0,0000;-0,4932;4,4600;-5,7700;0;0,1138;8,7900;0;1;0;3;0;0
49,5417;70,1755;11,0000;-10,0788;-0,3943;0,9691;0,0000;-0,0315;0,0000;0,0000;-0,4928;4,1700;-5,9100;0;0,1138;8,7900;0;1;0;3;0;0
49,5556;70,1755;11,0000;-10,0547;-0,3941;0,9708;0,0000;-0,0315;0,0000;0,0000;-0,4927;3,8900;-6,1700;0;0,1138;8,7900;0;1;0;3;0;0
49,5695;70,1755;11,0000;-9,8939;-0,3941;0,9725;0,0000;-0,0315;0,0000;0,0000;-0,4927;3,6000;-6,2900;0;0,1138;8,7900;0;1;0;3;0;0
49,5834;70,1894;11,0000;-9,8169;-0,3940;0,9741;0,0000;-0,0315;0,0000;0,0000;-0,4925;3,4100;-6,4000;0;0,1137;8,8000;0;1;0;3;0;0
49,5973;70,2319;11,0000;-9,7133;-0,3935;0,9754;0,0000;-0,0315;0,0000;0,0000;-0,4918;3,4100;-6,3000;0;0,1133;8,8300;0;1;0;3;0;0
49,6112;70,2744;11,0000;-9,5214;-0,3931;0,9765;0,0000;-0,0315;0,0000;0,0000;-0,4913;3,4100;-6,1100;0;0,1129;8,8600;0;1;0;3;0;0
49,6250;70,3169;11,0000;-9,4968;-0,3928;0,9773;0,0000;-0,0315;0,0000;0,0000;-0,4910;3,4100;-6,0800;0;0,1125;8,8900;0;1;0;3;0;0
49,6389;70,3595;11,0000;-9,3648;-0,3926;0,9779;0,0000;-0,0315;0,0000;0,0000;-0,4908;3,4200;-5,9400;0;0,1120;8,9300;0;1;0;3;0;0
49,6528;70,4020;11,0000;-9,2037;-0,3926;0,9782;0,0000;-0,0315;0,0000;0,0000;-0,4907;3,4300;-5,7700;0;0,1116;8,9600;0;1;0;3;0;0
49,6667;70,6304;11,0000;-9,0781;-0,3962;0,9783;0,0000;-0,0315;0,0000;0,0000;-0,4953;4,6300;-4,4500;0;0,1094;9,1400;0;1;0;3;0;0
49,6806;70,6304;11,0000;-9,0913;-0,3956;0,9787;0,0000;-0,0315;0,0000;0,0000;-0,4945;4,3700;-4,7200;0;0,1094;9,1400;0;1;0;3;0;0
49,6945;70,6304;11,0000;-8,9985;-0,3951;0,9794;0,0000;-0,0315;0,0000;0,0000;-0,4939;4,1100;-4,8800;0;0,1094;9,1400;0;1;0;3;0;0
49,7084;70,6304;11,0000;-8,9964;-0,3948;0,9802;0,0000;-0,0315;0,0000;0,0000;-0,4935;3,8600;-5,1400;0;0,1094;9,1400;0;1;0;3;0;0
49,7223;70,6391;11,0000;-8,9422;-0,3944;0,9809;0,0000;-0,0315;0,0000;0,0000;-0,4930;3,6600;-5,2800;0;0,1093;9,1500;0;1;0;3;0;0
49,7362;70,6816;11,0000;-8,9068;-0,3935;0,9815;0,0000;-0,0315;0,0000;0,0000;-0,4919;3,6600;-5,2300;0;0,1089;9,1900;0;1;0;3;0;0
49,7500;70,7241;11,0000;-8,8668;-0,3928;0,9818;0,0000;-0,0315;0,0000;0,0000;-0,4910;3,6700;-5,1900;0;0,1084;9,2300;0;1;0;3;0;0
49,7639;70,7666;11,0000;-8,8048;-0,3922;0,9818;0,0000;-0,0315;0,0000;0,0000;-0,4902;3,6800;-5,1100;0;0,1079;9,2700;0;1;0;3;0;0
49,7778;70,8091;11,0000;-8,8073;-0,3917;0,9816;0,0000;-0,0315;0,0000;0,0000;-0,4896;3,6900;-5,1100;0;0,1074;9,3100;0;1;0;3;0;0
49,7917;70,8516;11,0000;-8,7817;-0,3914;0,9811;0,0000;-0,0315;0,0000;0,0000;-0,4892;3,7000;-5,0700;0;0,1070;9,3500;0;1;0;3;0;0
49,8056;71,0867;11,0000;-8,7665;-0,3948;0,9804;0,0000;-0,0315;0,0000;0,0000;-0,4935;4,8900;-3,8700;0;0,1043;9,5800;0;1;0;3;0;0
49,8195;71,0867;11,0000;-8,7633;-0,3939;0,9799;0,0000;-0,0315;0,0000;0,0000;-0,4924;4,6400;-4,1200;0;0,1043;9,5800;0;1;0;3;0;0
49,8334;71,0867;11,0000;-8,7355;-0,3932;0,9798;0,0000;-0,0315;0,0000;0,0000;-0,4915;4,4000;-4,3400;0;0,1043;9,5800;0;1;0;3;0;0
49,8473;71,0867;11,0000;-8,7220;-0,3926;0,9798;0,0000;-0,0315;0,0000;0,0000;-0,4907;4,1500;-4,5700;0;0,1043;9,5800;0;1;0;3;0;0
49,8612;71,0875;11,0000;-8,7235;-0,3921;0,9797;0,0000;-0,0315;0,0000;0,0000;-0,4902;3,9000;-4,8100;0;0,1043;9,5900;0;1;0;3;0;0
49,8750;71,1300;11,0000;-8,6982;-0,3911;0,9795;0,0000;-0,0315;0,0000;0,0000;-0,4889;3,9000;-4,7800;0;0,1038;9,6300;0;1;0;3;0;0
49,8889;71,1725;11,0000;-8,7073;-0,3902;0,9790;0,0000;-0,0315;0,0000;0,0000;-0,4877;3,9000;-4,8000;0;0,1033;9,6800;0;1;0;3;0;0
49,9028;71,2150;11,0000;-8,7184;-0,3894;0,9784;0,0000;-0,0315;0,0000;0,0000;-0,4868;3,9000;-4,8100;0;0,1028;9,7300;0;1;0;3;0;0
49,9167;71,2575;11,0000;-8,7277;-0,3888;0,9774;0,0000;-0,0315;0,0000;0,0000;-0,4860;3,9000;-4,8200;0;0,1022;9,7800;0;1;0;3;0;0
49,9306;71,3000;11,0000;-8,7172;-0,3883;0,9763;0,0000;-0,0315;0,0000;0,0000;-0,4854;3,9000;-4,8100;0;0,1017;9,8300;0;1;0;3;0;0
49,9445;71,5420;11,0000;-8,7513;-0,3915;0,9750;0,0000;-0,0315;0,0000;0,0000;-0,4894;5,0600;-3,6900;0;0,0988;10,1300;0;1;0;3;0;0
49,9584;71,5420;11,0000;-8,7639;-0,3906;0,9744;0,0000;-0,0315;0,0000;0,0000;-0,4882;4,8100;-3,9500;0;0,0988;10,1300;0;1;0;3;0;0
49,9723;71,5420;11,0000;-8,7795;-0,3898;0,9744;0,0000;-0,0315;0,0000;0,0000;-0,4872;4,5600;-4,2200;0;0,0988;10,1300;0;1;0;3;0;0
49,9862;71,5420;11,0000;-8,8402;-0,3891;0,9741;0,0000;-0,0315;0,0000;0,0000;-0,4864;4,3100;-4,5300;0;0,0988;10,1300;0;1;0;3;0;0
50,0000;71,5420;11,0000;-8,8381;-0,3886;0,9735;0,0000;-0,0315;0,0000;0,0000;-0,4858;4,0600;-4,7800;0;0,0988;10,1300;0;1;0;3;0;0
50,0139;71,5768;11,0000;-8,8717;-0,3877;0,9728;0,0000;-0,0315;0,0000;0,0000;-0,4846;4,0000;-4,8700;0;0,0983;10,1700;0;1;0;3;0;0
50,0278;71,6193;11,0000;-8,9527;-0,3868;0,9719;0,0000;-0,0315;0,0000;0,0000;-0,4835;3,9700;-4,9700;0;0,0978;10,2300;0;1;0;3;0;0
50,0417;71,6618;11,0000;-8,9687;-0,3861;0,9708;0,0000;-0,0315;0,0000;0,0000;-0,4826;3,9500;-5,0100;0;0,0972;10,2900;0;1;0;3;0;0
50,0556;71,7043;11,0000;-9,0309;-0,3855;0,9695;0,0000;-0,0315;0,0000;0,0000;-0,4818;3,9300;-5,1000;0;0,0967;10,3400;0;1;0;3;0;0
50,0695;71,7468;11,0000;-9,0935;-0,3850;0,9680;0,0000;-0,0315;0,0000;0,0000;-0,4813;3,9000;-5,1800;0;0,0961;10,4000;0;1;0;3;0;0
50,0834;71,9965;11,0000;-9,1492;-0,3883;0,9665;0,0000;-0,0315;0,0000;0,0000;-0,4853;5,0100;-4,1400;0;0,0929;10,7600;0;1;0;3;0;0
50,0973;71,9965;11,0000;-9,1883;-0,3874;0,9652;0,0000;-0,0315;0,0000;0,0000;-0,4843;4,7500;-4,4400;0;0,0929;10,7600;0;1;0;3;0;0
50,1112;71,9965;11,0000;-9,2007;-0,3868;0,9644;0,0000;-0,0315;0,0000;0,0000;-0,4834;4,4900;-4,7100;0;0,0929;10,7600;0;1;0;3;0;0
50,1250;71,9965;11,0000;-9,2730;-0,3863;0,9638;0,0000;-0,0315;0,0000;0,0000;-0,4828;4,2200;-5,0500;0;0,0929;10,7600;0;1;0;3;0;0
50,1389;71,9965;11,0000;-9,2765;-0,3859;0,9631;0,0000;-0,0315;0,0000;0,0000;-0,4824;3,9600;-5,3200;0;0,0929;10,7600;0;1;0;3;0;0
50,1528;72,0224;11,0000;-9,2990;-0,3853;0,9625;0,0000;-0,0315;0,0000;0,0000;-0,4817;3,8200;-5,4700;0;0,0926;10,8000;0;1;0;3;0;0
50,1667;72,0649;11,0000;-9,3465;-0,3846;0,9618;0,0000;-0,0315;0,0000;0,0000;-0,4808;3,7800;-5,5600;0;0,0921;10,8600;0;1;0;3;0;0
50,1806;72,1074;11,2000;-9,3815;-0,3841;0,9610;0,0000;-0,0315;0,0000;0,0000;-0,4802;3,7200;-5,6500;0;0,0915;10,9300;0;1;0;3;0;0
50,1945;72,1507;11,2000;-9,3991;-0,3838;0,9601;0,0000;-0,0315;0,0000;0,0000;-0,4797;3,6700;-5,7200;0;0,0909;11,0000;0;1;0;3;0;0
50,2084;72,1940;11,2000;-9,4738;-0,3835;0,9592;0,0000;-0,0315;0,0000;0,0000;-0,4794;3,6200;-5,8500;0;0,0904;11,0600;0;1;0;3;0;0
50,2223;72,4536;11,2000;-9,4571;-0,3869;0,9581;0,0000;-0,0315;0,0000;0,0000;-0,4837;4,6900;-4,7700;0;0,0870;11,4900;0;1;0;3;0;0
50,2362;72,4536;11,2000;-9,4790;-0,3863;0,9575;0,0000;-0,0315;0,0000;0,0000;-0,4829;4,4100;-5,0700;0;0,0870;11,4900;0;1;0;3;0;0
50,2500;72,4536;11,2000;-9,4959;-0,3859;0,9572;0,0000;-0,0315;0,0000;0,0000;-0,4824;4,1400;-5,3600;0;0,0870;11,4900;0;1;0;3;0;0
50,2639;72,4536;11,2000;-9,4843;-0,3857;0,9571;0,0000;-0,0315;0,0000;0,0000;-0,4821;3,8600;-5,6200;0;0,0870;11,4900;0;1;0;3;0;0
50,2778;72,4536;11,2000;-9,5118;-0,3856;0,9571;0,0000;-0,0315;0,0000;0,0000;-0,4820;3,5900;-5,9300;0;0,0870;11,4900;0;1;0;3;0;0
50,2917;72,4728;11,2000;-9,5067;-0,3854;0,9571;0,0000;-0,0315;0,0000;0,0000;-0,4818;3,4000;-6,1000;0;0,0868;11,5300;0;1;0;3;0;0
50,3056;72,5161;11,2000;-9,5137;-0,3850;0,9571;0,0000;-0,0315;0,0000;0,0000;-0,4813;3,3300;-6,1700;0;0,0862;11,6000;0;1;0;3;0;0
50,3195;72,5594;11,2000;-9,5233;-0,3848;0,9570;0,0000;-0,0315;0,0000;0,0000;-0,4810;3,2700;-6,2500;0;0,0857;11,6700;0;1;0;3;0;0
50,3334;72,6027;11,2000;-9,5207;-0,3847;0,9568;0,0000;-0,0315;0,0000;0,0000;-0,4809;3,2000;-6,3200;0;0,0851;11,7500;0;1;0;3;0;0
50,3473;72,6460;11,2000;-9,5155;-0,3848;0,9566;0,0000;-0,0315;0,0000;0,0000;-0,4810;3,1300;-6,3800;0;0,0845;11,8300;0;1;0;3;0;0
50,3612;72,9081;11,2000;-9,4891;-0,3883;0,9564;0,0000;-0,0315;0,0000;0,0000;-0,4854;4,1200;-5,3700;0;0,0812;12,3200;0;1;0;5;0;0
50,3750;72,9081;11,2000;-9,4756;-0,3880;0,9564;0,0000;-0,0315;0,0000;0,0000;-0,4851;3,8400;-5,6300;0;0,0812;12,3200;0;1;0;5;0;0
50,3889;72,9081;11,2000;-9,4294;-0,3880;0,9570;0,0000;-0,0315;0,0000;0,0000;-0,4849;3,5700;-5,8600;0;0,0812;12,3200;0;1;0;5;0;0
50,4028;72,9081;11,2000;-9,3926;-0,3880;0,9577;0,0000;-0,0315;0,0000;0,0000;-0,4850;3,3000;-6,0900;0;0,0812;12,3200;0;1;0;5;0;0
50,4167;72,9081;11,2000;-9,3931;-0,3883;0,9585;0,0000;-0,0315;0,0000;0,0000;-0,4853;3,0300;-6,3700;0;0,0812;12,3200;0;1;0;5;0;0
50,4306;72,9236;11,2000;-9,3341;-0,3884;0,9593;0,0000;-0,0315;0,0000;0,0000;-0,4855;2,8300;-6,5000;0;0,0810;12,3500;0;1;0;5;0;0
50,4445;72,9669;11,6000;-9,2777;-0,3884;0,9601;0,0000;-0,0315;0,0000;0,0000;-0,4855;2,7400;-6,5300;0;0,0805;12,4300;0;1;0;5;0;0
50,4584;73,0118;11,6000;-9,2606;-0,3885;0,9608;0,0000;-0,0315;0,0000;0,0000;-0,4856;2,6600;-6,5900;0;0,0799;12,5100;0;1;0;5;0;0
50,4723;73,0566;11,6000;-9,1758;-0,3888;0,9615;0,0000;-0,0315;0,0000;0,0000;-0,4859;2,5900;-6,5800;0;0,0794;12,6000;0;1;0;5;0;0
50,4862;73,1014;11,6000;-9,1347;-0,3891;0,9622;0,0000;-0,0315;0,0000;0,0000;-0,4864;2,5200;-6,6200;0;0,0788;12,6900;0;1;0;5;0;0
50,5000;73,3630;11,6000;-9,1293;-0,3927;0,9628;0,0000;-0,0315;0,0000;0,0000;-0,4909;3,4200;-5,7100;0;0,0756;13,2300;0;1;0;5;0;0
50,5139;73,3630;11,6000;-9,1020;-0,3928;0,9638;0,0000;-0,0315;0,0000;0,0000;-0,4910;3,1400;-5,9600;0;0,0756;13,2300;0;1;0;5;0;0
50,5278;73,3630;11,6000;-9,0597;-0,3930;0,9652;0,0000;-0,0315;0,0000;0,0000;-0,4913;2,8700;-6,1900;0;0,0756;13,2300;0;1;0;5;0;0
50,5417;73,3630;11,6000;-9,0218;-0,3935;0,9668;0,0000;-0,0315;0,0000;0,0000;-0,4918;2,6000;-6,4200;0;0,0756;13,2300;0;1;0;5;0;0
50,5556;73,3630;11,6000;-9,0113;-0,3940;0,9685;0,0000;-0,0315;0,0000;0,0000;-0,4925;2,3300;-6,6800;0;0,0756;13,2300;0;1;0;5;0;0
50,5695;73,3873;11,6000;-8,9583;-0,3945;0,9701;0,0000;-0,0315;0,0000;0,0000;-0,4931;2,1600;-6,7900;0;0,0753;13,2900;0;1;0;5;0;0
50,5834;73,4322;11,6000;-8,9081;-0,3948;0,9719;0,0000;-0,0315;0,0000;0,0000;-0,4935;2,0800;-6,8200;0;0,0747;13,3800;0;1;0;5;0;0
50,5973;73,4770;11,6000;-8,8929;-0,3952;0,9735;0,0000;-0,0315;0,0000;0,0000;-0,4940;2,0000;-6,8900;0;0,0742;13,4800;0;1;0;5;0;0
50,6112;73,5218;11,6000;-8,8434;-0,3958;0,9751;0,0000;-0,0315;0,0000;0,0000;-0,4948;1,9300;-6,9200;0;0,0737;13,5700;0;1;0;5;0;0
50,6250;73,5666;11,6000;-8,8506;-0,3966;0,9767;0,0000;-0,0315;0,0000;0,0000;-0,4958;1,8500;-7,0000;0;0,0732;13,6700;0;1;0;5;0;0
50,6389;73,8214;11,6000;-8,8106;-0,4003;0,9783;0,0000;-0,0417;-0,0005;-0,0822;-0,5003;2,6500;-6,1700;0;0,0701;14,2600;1;1;0;5;0;0
50,6528;73,8214;11,6000;-8,7654;-0,4008;0,9803;0,0000;-0,0437;-0,0013;-0,0851;-0,5010;2,3800;-6,3800;0;0,0701;14,2600;1;1;0;5;0;0
50,6667;73,8214;11,6000;-8,7492;-0,4014;0,9825;0,0000;-0,0455;-0,0024;-0,0884;-0,5018;2,1200;-6,6300;0;0,0701;14,2600;1;1;0;5;0;0
50,6806;73,8214;11,6000;-8,6847;-0,4022;0,9848;0,0000;-0,0477;-0,0037;-0,0910;-0,5028;1,8600;-6,8300;0;0,0701;14,2600;1;1;0;5;0;0
50,6945;73,8214;11,6000;-8,6427;-0,4032;0,9871;0,0000;-0,0495;-0,0054;-0,0939;-0,5040;1,6000;-7,0500;0;0,0701;14,2600;1;1;0;5;0;0
50,7084;73,8515;11,6000;-8,5453;-0,4040;0,9891;0,0000;-0,0510;-0,0066;-0,0945;-0,5050;1,4600;-7,0900;0;0,0698;14,3300;1;1;0;5;0;0
50,7223;73,8964;11,6000;-8,3610;-0,4047;0,9909;0,0000;-0,0525;-0,0078;-0,0931;-0,5058;1,3800;-6,9800;0;0,0693;14,4300;1;1;0;5;0;0
50,7362;73,9412;11,6000;-8,2113;-0,4055;0,9925;0,0000;-0,0536;-0,0091;-0,0921;-0,5068;1,3100;-6,9000;0;0,0688;14,5300;1;1;0;5;0;0
50,7500;73,9860;11,6000;-8,1809;-0,4064;0,9938;0,0000;-0,0536;-0,0107;-0,0926;-0,5080;1,2400;-6,9400;0;0,0683;14,6400;1;1;0;5;0;0
50,7639;74,0308;11,6000;-8,0550;-0,4075;0,9950;0,0000;-0,0543;-0,0125;-0,0919;-0,5093;1,1700;-6,8900;0;0,0678;14,7500;1;1;0;5;0;0
50,7778;74,2737;11,6000;-7,8991;-0,4110;0,9959;0,0000;-0,0501;-0,0183;-0,0805;-0,5138;1,8700;-6,0300;0;0,0651;15,3600;1;1;0;5;0;0
50,7917;74,2737;11,6000;-7,7941;-0,4118;0,9967;0,0000;-0,0515;-0,0196;-0,0822;-0,5147;1,6400;-6,1500;0;0,0651;15,3600;1;1;0;5;0;0
50,8056;74,2737;11,6000;-7,5546;-0,4126;0,9973;0,0000;-0,0538;-0,0210;-0,0821;-0,5158;1,4100;-6,1400;0;0,0651;15,3600;1;1;0;5;0;0
50,8195;74,2737;11,6000;-7,4988;-0,4136;0,9979;0,0000;-0,0545;-0,0226;-0,0843;-0,5170;1,1900;-6,3100;0;0,0651;15,3600;1;1;0;5;0;0
50,8334;74,2737;11,6000;-7,4874;-0,4147;0,9983;0,0000;-0,0549;-0,0245;-0,0872;-0,5184;0,9600;-6,5200;0;0,0651;15,3600;1;1;0;5;0;0
50,8473;74,3148;11,6000;-7,2630;-0,4154;0,9986;0,0000;-0,0560;-0,0257;-0,0852;-0,5193;0,8900;-6,3700;0;0,0647;15,4600;1;1;0;5;0;0
50,8612;74,3596;11,6000;-7,2183;-0,4162;0,9989;0,0000;-0,0554;-0,0270;-0,0853;-0,5203;0,8400;-6,3800;0;0,0642;15,5700;1;1;0;5;0;0
50,8750;74,4044;11,6000;-7,1194;-0,4171;0,9991;0,0000;-0,0553;-0,0286;-0,0847;-0,5214;0,7900;-6,3300;0;0,0637;15,6900;1;1;0;5;0;0
50,8889;74,4492;11,6000;-6,9435;-0,4181;0,9993;0,0000;-0,0558;-0,0302;-0,0831;-0,5227;0,7400;-6,2000;0;0,0633;15,8000;1;1;0;5;0;0
50,9028;74,4940;11,6000;-6,8260;-0,4192;0,9995;0,0000;-0,0556;-0,0321;-0,0821;-0,5241;0,7000;-6,1300;0;0,0628;15,9200;1;1;0;5;0;0
50,9167;74,7313;11,6000;-6,7692;-0,4226;0,9996;0,0000;-0,0504;-0,0377;-0,0729;-0,5282;1,3500;-5,4200;0;0,0603;16,5700;1;1;0;5;0;0
50,9306;74,7313;11,6000;-6,7283;-0,4234;0,9997;0,0000;-0,0507;-0,0390;-0,0751;-0,5293;1,1500;-5,5800;0;0,0603;16,5700;1;1;0;5;0;0
50,9445;74,7313;11,5000;-6,5860;-0,4243;0,9997;0,0000;-0,0519;-0,0405;-0,0758;-0,5304;0,9500;-5,6300;0;0,0603;16,5700;1;1;0;5;0;0
50,9584;74,7313;11,5000;-6,5750;-0,4253;0,9998;0,0000;-0,0519;-0,0422;-0,0784;-0,5317;0,7600;-5,8200;0;0,0603;16,5700;1;1;0;5;0;0
50,9723;74,7317;11,5000;-6,3671;-0,4264;0,9998;0,0000;-0,0536;-0,0440;-0,0781;-0,5330;0,5700;-5,7900;0;0,0603;16,5800;1;1;0;5;0;0
50,9862;74,7761;11,5000;-6,3149;-0,4272;0,9999;0,0000;-0,0528;-0,0453;-0,0780;-0,5340;0,5300;-5,7800;0;0,0599;16,6900;1;1;0;5;0;0
51,0000;74,8205;11,5000;-6,2070;-0,4280;0,9999;0,0000;-0,0526;-0,0466;-0,0771;-0,5350;0,4900;-5,7100;0;0,0595;16,8100;1;1;0;5;0;0
51,0139;74,8648;11,5000;-6,1987;-0,4289;0,9999;0,0000;-0,0516;-0,0482;-0,0775;-0,5361;0,4600;-5,7400;0;0,0590;16,9400;1;1;0;5;0;0
51,0278;74,9092;11,5000;-6,0616;-0,4299;0,9999;0,0000;-0,0516;-0,0499;-0,0762;-0,5374;0,4300;-5,6300;0;0,0586;17,0600;1;1;0;5;0;0
51,0417;74,9536;11,5000;-6,0016;-0,4310;1,0000;0,0000;-0,0510;-0,0517;-0,0759;-0,5388;0,4000;-5,6000;0;0,0582;17,1900;1;1;0;5;0;0
51,0556;75,1853;11,5000;-5,8977;-0,4341;1,0000;0,0000;-0,0467;-0,0569;-0,0668;-0,5426;0,9900;-4,9000;0;0,0559;17,8800;1;1;0;5;0;0
51,0695;75,1853;11,5000;-5,6600;-0,4349;1,0000;0,0000;-0,0484;-0,0581;-0,0660;-0,5436;0,8300;-4,8300;0;0,0559;17,8800;1;1;0;5;0;0
51,0834;75,1853;11,5000;-5,6485;-0,4358;1,0000;0,0000;-0,0482;-0,0596;-0,0681;-0,5447;0,6600;-4,9900;0;0,0559;17,8800;1;1;0;5;0;0
51,0973;75,1853;11,5000;-5,5000;-0,4367;1,0000;0,0000;-0,0491;-0,0612;-0,0684;-0,5459;0,5000;-5,0000;0;0,0559;17,8800;1;1;0;5;0;0
51,1112;75,1894;11,5000;-5,3716;-0,4377;1,0000;0,0000;-0,0497;-0,0628;-0,0687;-0,5471;0,3500;-5,0200;0;0,0559;17,8900;1;1;0;5;0;0
51,1250;75,2338;11,5000;-5,3761;-0,4383;1,0000;0,0000;-0,0483;-0,0639;-0,0691;-0,5479;0,3300;-5,0500;0;0,0555;18,0100;1;1;0;5;0;0
51,1389;75,2781;11,5000;-5,2678;-0,4391;1,0000;0,0000;-0,0480;-0,0651;-0,0680;-0,5489;0,3100;-4,9600;0;0,0551;18,1400;1;1;0;5;0;0
51,1528;75,3225;11,5000;-5,2486;-0,4399;1,0000;0,0000;-0,0470;-0,0665;-0,0681;-0,5499;0,2900;-4,9600;0;0,0547;18,2800;1;1;0;5;0;0
51,1667;75,3669;11,5000;-5,1561;-0,4408;1,0000;0,0000;-0,0466;-0,0680;-0,0672;-0,5510;0,2800;-4,8800;0;0,0543;18,4100;1;1;0;5;0;0
51,1806;75,4113;11,5000;-4,9967;-0,4418;1,0000;0,0000;-0,0467;-0,0697;-0,0653;-0,5522;0,2600;-4,7300;0;0,0539;18,5400;1;1;0;5;0;0
51,1945;75,6413;11,5000;-4,9827;-0,4446;1,0000;0,0000;-0,0419;-0,0743;-0,0580;-0,5558;0,8300;-4,1500;0;0,0519;19,2800;1;1;0;5;0;0
51,2084;75,6413;11,5000;-4,8650;-0,4453;1,0000;0,0000;-0,0426;-0,0755;-0,0584;-0,5566;0,6800;-4,1800;0;0,0519;19,2800;1;1;0;5;0;0
51,2223;75,6413;11,5000;-4,7972;-0,4460;1,0000;0,0000;-0,0428;-0,0767;-0,0595;-0,5575;0,5400;-4,2500;0;0,0519;19,2800;1;1;0;5;0;0
51,2362;75,6413;11,5000;-4,7077;-0,4469;1,0000;0,0000;-0,0432;-0,0781;-0,0602;-0,5586;0,4000;-4,3100;0;0,0519;19,2800;1;1;0;5;0;0
51,2500;75,6464;11,5000;-4,6447;-0,4477;1,0000;0,0000;-0,0433;-0,0795;-0,0611;-0,5596;0,2800;-4,3600;0;0,0518;19,3000;1;1;0;5;0;0
51,2639;75,6907;11,5000;-4,6321;-0,4483;1,0000;0,0000;-0,0423;-0,0805;-0,0612;-0,5604;0,2700;-4,3600;0;0,0515;19,4300;1;1;0;5;0;0
51,2778;75,7351;11,5000;-4,6066;-0,4489;1,0000;0,0000;-0,0415;-0,0816;-0,0610;-0,5612;0,2600;-4,3500;0;0,0511;19,5700;1;1;0;5;0;0
51,2917;75,7795;11,5000;-4,4854;-0,4496;1,0000;0,0000;-0,0415;-0,0827;-0,0596;-0,5620;0,2500;-4,2300;0;0,0507;19,7100;1;1;0;5;0;0
51,3056;75,8239;11,5000;-4,4750;-0,4504;1,0000;0,0000;-0,0405;-0,0840;-0,0596;-0,5630;0,2500;-4,2200;0;0,0504;19,8500;1;1;0;5;0;0
51,3195;75,8682;11,5000;-4,3708;-0,4512;1,0000;0,0000;-0,0360;-0,0853;-0,0497;-0,5640;0,2500;-3,4700;0;0,0500;20,0000;1;1;0;5;0;0
51,3334;76,0972;11,5000;-4,2100;-0,4537;1,0000;0,0000;-0,0372;-0,0894;-0,0495;-0,5671;0,7800;-3,4300;0;0,0481;20,7800;1;1;0;5;0;0
51,3473;76,0972;11,5000;-4,1781;-0,4542;1,0000;0,0000;-0,0371;-0,0903;-0,0508;-0,5677;0,6500;-3,5200;0;0,0481;20,7800;1;1;0;5;0;0
51,3612;76,0972;11,5000;-4,0649;-0,4547;1,0000;0,0000;-0,0378;-0,0912;-0,0510;-0,5684;0,5300;-3,5300;0;0,0481;20,7800;1;1;0;4;0;0
51,3750;76,0972;11,5000;-4,0422;-0,4554;1,0000;0,0000;-0,0376;-0,0923;-0,0524;-0,5692;0,4100;-3,6300;0;0,0481;20,7800;1;1;0;4;0;0
51,3889;76,1026;11,5000;-3,9715;-0,4560;1,0000;0,0000;-0,0378;-0,0934;-0,0529;-0,5701;0,3100;-3,6600;0;0,0481;20,8000;1;1;0;4;0;0
51,4028;76,1469;11,5000;-3,8912;-0,4564;1,0000;0,0000;-0,0373;-0,0940;-0,0518;-0,5705;0,3100;-3,5700;0;0,0477;20,9500;1;1;0;4;0;0
51,4167;76,1913;11,5000;-3,8482;-0,4568;1,0000;0,0000;-0,0366;-0,0947;-0,0513;-0,5711;0,3200;-3,5300;0;0,0474;21,1000;1;1;0;4;0;0
51,4306;76,2357;11,5000;-3,7669;-0,4573;1,0000;0,0000;-0,0362;-0,0955;-0,0502;-0,5717;0,3300;-3,4400;0;0,0471;21,2500;1;1;0;4;0;0
51,4445;76,2801;11,5000;-3,7168;-0,4579;1,0000;0,0000;-0,0355;-0,0965;-0,0495;-0,5723;0,3300;-3,3800;0;0,0467;21,4000;1;1;0;4;0;0
51,4584;76,3245;11,9000;-3,7069;-0,4585;1,0000;0,0000;-0,0306;-0,0976;-0,0414;-0,5732;0,3400;-2,7600;0;0,0464;21,5500;1;1;0;4;0;0
51,4723;76,5519;11,9000;-3,6720;-0,4607;1,0000;0,0000;-0,0309;-0,1012;-0,0428;-0,5759;0,8300;-2,8400;0;0,0447;22,3800;1;1;0;4;0;0
51,4862;76,5519;11,9000;-3,6462;-0,4611;1,0000;0,0000;-0,0310;-0,1018;-0,0440;-0,5764;0,7200;-2,9300;0;0,0447;22,3800;1;1;0;4;0;0
51,5000;76,5519;11,9000;-3,6188;-0,4615;1,0000;0,0000;-0,0311;-0,1026;-0,0452;-0,5769;0,6100;-3,0100;0;0,0447;22,3800;1;1;0;4;0;0
51,5139;76,5519;11,9000;-3,5640;-0,4620;1,0000;0,0000;-0,0315;-0,1034;-0,0460;-0,5775;0,5000;-3,0600;0;0,0447;22,3800;1;1;0;4;0;0
51,5278;76,5658;11,9000;-3,4644;-0,4625;1,0000;0,0000;-0,0320;-0,1041;-0,0456;-0,5781;0,4300;-3,0300;0;0,0446;22,4300;1;1;0;4;0;0
51,5417;76,6117;11,9000;-3,4657;-0,4627;1,0000;0,0000;-0,0311;-0,1045;-0,0456;-0,5784;0,4400;-3,0300;0;0,0443;22,5900;1;1;0;4;0;0
51,5556;76,6576;11,9000;-3,3937;-0,4630;1,0000;0,0000;-0,0309;-0,1050;-0,0445;-0,5788;0,4500;-2,9400;0;0,0439;22,7600;1;1;0;4;0;0
51,5695;76,7036;11,9000;-3,2797;-0,4634;1,0000;0,0000;-0,0309;-0,1056;-0,0429;-0,5792;0,4600;-2,8200;0;0,0436;22,9200;1;1;0;4;0;0
51,5834;76,7495;11,9000;-3,2570;-0,4638;1,0000;0,0000;-0,0302;-0,1063;-0,0425;-0,5797;0,4700;-2,7800;0;0,0433;23,0900;1;1;0;4;0;0
51,5973;77,0088;11,9000;-3,1251;-0,4658;1,0000;0,0000;-0,0269;-0,1097;-0,0339;-0,5823;1,0200;-2,1100;0;0,0415;24,0900;1;1;0;4;0;0
51,6112;77,0088;11,9000;-3,0434;-0,4659;1,0000;0,0000;-0,0273;-0,1098;-0,0341;-0,5824;0,9200;-2,1200;0;0,0415;24,0900;1;1;0;4;0;0
51,6250;77,0088;11,9000;-2,8940;-0,4660;1,0000;0,0000;-0,0281;-0,1100;-0,0333;-0,5825;0,8400;-2,0600;0;0,0415;24,0900;1;1;0;4;0;0
51,6389;77,0088;11,9000;-2,8571;-0,4662;1,0000;0,0000;-0,0279;-0,1103;-0,0340;-0,5827;0,7500;-2,1100;0;0,0415;24,0900;1;1;0;4;0;0
51,6528;77,0088;11,9000;-2,7936;-0,4664;1,0000;0,0000;-0,0279;-0,1107;-0,0343;-0,5830;0,6600;-2,1300;0;0,0415;24,0900;1;1;0;4;0;0
51,6667;77,0360;11,9000;-2,6840;-0,4664;1,0000;0,0000;-0,0279;-0,1107;-0,0330;-0,5830;0,6400;-2,0400;0;0,0413;24,1900;1;1;0;4;0;0
51,6806;77,0819;11,9000;-2,6512;-0,4664;1,0000;0,0000;-0,0269;-0,1106;-0,0323;-0,5830;0,6700;-1,9800;0;0,0410;24,3600;1;1;0;4;0;0
51,6945;77,1278;11,9000;-2,6447;-0,4664;1,0000;0,0000;-0,0258;-0,1106;-0,0318;-0,5829;0,6900;-1,9500;0;0,0408;24,5400;1;1;0;4;0;0
51,7084;77,1737;11,9000;-2,5384;-0,4664;1,0000;0,0000;-0,0255;-0,1106;-0,0301;-0,5830;0,7200;-1,8100;0;0,0405;24,7200;1;1;0;4;0;0
51,7223;77,2197;11,9000;-2,4349;-0,4664;1,0000;0,0000;-0,0251;-0,1107;-0,0283;-0,5830;0,7500;-1,6800;0;0,0402;24,9000;1;1;0;4;0;0
51,7362;77,4629;11,9000;-2,3376;-0,4679;1,0000;0,0000;-0,0218;-0,1131;-0,0208;-0,5849;1,2400;-1,1000;0;0,0386;25,8900;1;1;0;4;0;0
51,7500;77,4629;11,9000;-2,2446;-0,4677;1,0000;0,0000;-0,0219;-0,1128;-0,0204;-0,5846;1,1700;-1,0700;0;0,0386;25,8900;1;1;0;4;0;0
51,7639;77,4629;11,9000;-2,1937;-0,4674;1,0000;0,0000;-0,0216;-0,1124;-0,0206;-0,5843;1,1100;-1,0900;0;0,0386;25,8900;1;1;0;4;0;0
51,7778;77,4629;11,9000;-2,1834;-0,4673;1,0000;0,0000;-0,0210;-0,1121;-0,0213;-0,5841;1,0400;-1,1400;0;0,0386;25,8900;1;1;0;4;0;0
51,7917;77,4629;11,9000;-2,0878;-0,4671;1,0000;0,0000;-0,0212;-0,1118;-0,0209;-0,5839;0,9800;-1,1100;0;0,0386;25,8900;1;1;0;4;0;0
51,8056;77,5054;11,9000;-1,9446;-0,4667;1,0000;0,0000;-0,0210;-0,1111;-0,0184;-0,5833;1,0100;-0,9300;0;0,0384;26,0600;1;1;0;4;0;0
51,8195;77,5513;11,9000;-1,8575;-0,4662;1,0000;0,0000;-0,0203;-0,1104;-0,0166;-0,5828;1,0500;-0,8000;0;0,0381;26,2400;1;1;0;4;0;0
51,8334;77,5973;11,9000;-1,7598;-0,4658;1,0000;0,0000;-0,0196;-0,1096;-0,0146;-0,5822;1,0900;-0,6600;0;0,0378;26,4300;1;1;0;4;0;0
51,8473;77,6432;11,9000;-1,6915;-0,4654;1,0000;0,0000;-0,0186;-0,1089;-0,0130;-0,5817;1,1400;-0,5500;0;0,0376;26,6200;1;1;0;4;0;0
51,8612;77,6891;11,9000;-1,6421;-0,4650;1,0000;0,0000;-0,0175;-0,1083;-0,0116;-0,5812;1,1900;-0,4500;0;0,0373;26,8100;1;1;0;4;0;0
51,8750;77,9200;11,9000;-1,5443;-0,4658;1,0000;0,0000;-0,0143;-0,1096;-0,0046;-0,5822;1,6400;0,0900;0;0,0360;27,8100;1;1;0;4;0;0
51,8889;77,9200;11,9000;-1,4687;-0,4651;1,0000;0,0000;-0,0140;-0,1085;-0,0040;-0,5814;1,5900;0,1200;0;0,0360;27,8100;1;1;0;4;0;0
51,9028;77,9200;11,9000;-1,4535;-0,4644;1,0000;0,0000;-0,0132;-0,1074;-0,0043;-0,5805;1,5500;0,0900;0;0,0360;27,8100;1;1;0;4;0;0
51,9167;77,9200;11,9000;-1,3613;-0,4637;1,0000;0,0000;-0,0131;-0,1062;-0,0035;-0,5797;1,5100;0,1500;0;0,0360;27,8100;1;1;0;4;0;0
51,9306;77,9281;11,9000;-1,3395;-0,4631;1,0000;0,0000;-0,0123;-0,1051;-0,0034;-0,5788;1,4800;0,1500;0;0,0359;27,8400;1;1;0;4;0;0
51,9445;77,9740;11,9000;-1,2862;-0,4622;1,0000;0,0000;-0,0113;-0,1036;-0,0018;-0,5777;1,5300;0,2500;0;0,0357;28,0400;1;1;0;4;0;0
51,9584;78,0199;11,9000;-1,2545;-0,4613;1,0000;0,0000;-0,0101;-0,1021;-0,0005;-0,5766;1,5900;0,3400;0;0,0354;28,2300;1;1;0;4;0;0
51,9723;78,0658;11,9000;-1,2127;-0,4604;1,0000;0,0000;-0,0091;-0,1006;0,0009;-0,5755;1,6400;0,4300;0;0,0352;28,4300;1;1;0;4;0;0
51,9862;78,1117;11,9000;-1,1410;-0,4595;1,0000;0,0000;-0,0083;-0,0991;0,0028;-0,5744;1,7000;0,5600;0;0,0349;28,6300;1;1;0;4;0;0
52,0000;78,3742;11,9000;-1,1216;-0,4600;1,0000;0,0000;-0,0044;-0,0999;0,0094;-0,5750;2,1900;1,0600;0;0,0335;29,8200;1;1;0;4;0;0
52,0139;78,3742;11,9000;-1,1180;-0,4588;1,0000;0,0000;-0,0037;-0,0981;0,0092;-0,5736;2,1500;1,0300;0;0,0335;29,8200;1;1;0;4;0;0
52,0278;78,3742;11,9000;-1,0204;-0,4577;1,0000;0,0000;-0,0038;-0,0962;0,0103;-0,5721;2,1200;1,1000;0;0,0335;29,8200;1;1;0;4;0;0
52,0417;78,3742;11,9000;-0,9572;-0,4566;1,0000;0,0000;-0,0036;-0,0943;0,0109;-0,5707;2,0900;1,1300;0;0,0335;29,8200;1;1;0;4;0;0
52,0556;78,3742;11,9000;-0,8962;-0,4555;1,0000;0,0000;-0,0033;-0,0924;0,0115;-0,5693;2,0600;1,1700;0;0,0335;29,8200;1;1;0;4;0;0
52,0695;78,3958;11,9000;-0,8207;-0,4542;1,0000;0,0000;-0,0029;-0,0904;0,0129;-0,5678;2,0800;1,2600;0;0,0334;29,9200;1;1;0;4;0;0
52,0834;78,4417;11,9000;-0,8022;-0,4528;1,0000;0,0000;-0,0016;-0,0881;0,0142;-0,5661;2,1400;1,3400;0;0,0332;30,1200;1;1;0;4;0;0
52,0973;78,4875;11,9000;-0,7987;-0,4515;1,0000;0,0000;-0,0004;-0,0858;0,0152;-0,5644;2,2000;1,4000;0;0,0330;30,3200;1;1;0;4;0;0
52,1112;78,5334;11,9000;-0,7222;-0,4501;1,0000;0,0000;0,0003;-0,0835;0,0173;-0,5626;2,2600;1,5400;0;0,0328;30,5300;1;1;1;4;0;0
52,1250;78,5793;11,9000;-0,6528;-0,4487;1,0000;0,0000;0,0010;-0,0812;0,0192;-0,5609;2,3200;1,6700;0;0,0325;30,7400;1;1;1;4;0;0
52,1389;78,8306;11,9000;-0,5703;-0,4485;1,0000;0,0000;0,0042;-0,0809;0,0263;-0,5607;2,7700;2,2000;0;0,0313;31,9500;1;1;1;4;0;0
52,1528;78,8306;11,9000;-0,5878;-0,4469;1,0000;0,0000;0,0051;-0,0782;0,0260;-0,5586;2,7500;2,1700;0;0,0313;31,9500;1;1;1;4;0;0
52,1667;78,8306;11,9000;-0,6047;-0,4453;1,0000;0,0000;0,0060;-0,0755;0,0258;-0,5566;2,7400;2,1300;0;0,0313;31,9500;1;1;1;4;0;0
52,1806;78,8306;11,8000;-0,6571;-0,4437;1,0000;0,0000;0,0070;-0,0728;0,0250;-0,5546;2,7100;2,0600;0;0,0313;31,9500;1;1;1;4;0;0
52,1945;78,8306;11,8000;-0,7490;-0,4421;1,0000;0,0000;0,0081;-0,0702;0,0236;-0,5527;2,6900;1,9400;0;0,0313;31,9500;1;1;1;4;0;0
52,2084;78,8617;11,8000;-0,8213;-0,4405;1,0000;0,0000;0,0093;-0,0674;0,0233;-0,5506;2,7200;1,9000;0;0,0312;32,0900;1;1;1;4;0;0
52,2223;78,9071;11,8000;-0,8358;-0,4387;1,0000;0,0000;0,0100;-0,0645;0,0240;-0,5484;2,7700;1,9400;0;0,0310;32,3100;1;1;1;4;0;0
52,2362;78,9526;11,8000;-0,9558;-0,4370;1,0000;0,0000;0,0115;-0,0617;0,0232;-0,5463;2,8200;1,8700;0;0,0307;32,5200;1;1;1;4;0;0
52,2500;78,9981;11,8000;-1,0714;-0,4353;1,0000;0,0000;0,0127;-0,0589;0,0225;-0,5442;2,8700;1,8000;0;0,0305;32,7400;1;1;1;4;0;0
52,2639;79,0436;11,8000;-1,2652;-0,4338;1,0000;0,0000;0,0143;-0,0563;0,0206;-0,5422;2,9100;1,6500;0;0,0303;32,9600;1;1;1;4;0;0
52,2778;79,2860;11,8000;-1,5094;-0,4333;1,0000;0,0000;0,0183;-0,0555;0,0223;-0,5416;3,2900;1,7800;0;0,0293;34,1900;1;1;1;4;0;0
52,2917;79,2860;11,8000;-1,5240;-0,4316;1,0000;0,0000;0,0174;-0,0526;0,0217;-0,5395;3,2400;1,7200;0;0,0293;34,1900;1;1;1;4;0;0
52,3056;79,2860;11,8000;-1,6115;-0,4299;1,0000;0,0000;0,0171;-0,0499;0,0200;-0,5374;3,1900;1,5800;0;0,0293;34,1900;1;1;1;4;0;0
52,3195;79,2860;11,8000;-1,6282;-0,4283;1,0000;0,0000;0,0162;-0,0471;0,0192;-0,5353;3,1500;1,5200;0;0,0293;34,1900;1;1;1;4;0;0
52,3334;79,2860;11,8000;-1,6315;-0,4267;1,0000;0,0000;0,0152;-0,0444;0,0187;-0,5333;3,1000;1,4600;0;0,0293;34,1900;1;1;1;4;0;0
52,3473;79,3236;11,8000;-1,6610;-0,4249;1,0000;0,0000;0,0149;-0,0415;0,0186;-0,5311;3,1100;1,4500;0;0,0291;34,3700;1;1;1;4;0;0
52,3612;79,3691;11,8000;-1,6928;-0,4232;1,0000;0,0000;0,0148;-0,0386;0,0186;-0,5289;3,1300;1,4400;0;0,0289;34,5900;1;1;1;4;0;0
52,3750;79,4146;11,8000;-1,7347;-0,4214;1,0000;0,0000;0,0147;-0,0357;0,0184;-0,5268;3,1500;1,4200;0;0,0287;34,8200;1;1;1;8;0;0
52,3889;79,4601;11,8000;-1,7428;-0,4197;1,0000;0,0000;0,0143;-0,0329;0,0186;-0,5247;3,1700;1,4300;0;0,0285;35,0500;1;1;1;8;0;0
52,4028;79,5055;11,8000;-1,7729;-0,4181;1,0000;0,0000;0,0142;-0,0302;0,0186;-0,5226;3,1900;1,4200;0;0,0283;35,2800;1;1;1;8;0;0
52,4167;79,7410;11,8000;-1,7788;-0,4174;1,0000;0,0000;0,0158;-0,0291;0,0229;-0,5218;3,5200;1,7400;0;0,0274;36,5300;1;1;1;8;0;0
52,4306;79,7410;11,8000;-1,7895;-0,4156;1,0000;0,0000;0,0151;-0,0261;0,0221;-0,5195;3,4700;1,6800;0;0,0274;36,5300;1;1;1;8;0;0
52,4445;79,7410;11,8000;-1,7934;-0,4139;1,0000;0,0000;0,0143;-0,0231;0,0214;-0,5173;3,4100;1,6200;0;0,0274;36,5300;1;1;1;8;0;0
52,4584;79,7410;11,8000;-1,8233;-0,4121;1,0000;0,0000;0,0138;-0,0202;0,0203;-0,5152;3,3600;1,5400;0;0,0274;36,5300;1;1;1;8;0;0
52,4723;79,7410;11,8000;-1,8836;-0,4104;1,0000;0,0000;0,0135;-0,0174;0,0188;-0,5131;3,3000;1,4200;0;0,0274;36,5300;1;1;1;8;0;0
52,4862;79,7845;11,8000;-1,9213;-0,4086;1,0000;0,0000;0,0133;-0,0144;0,0182;-0,5108;3,2900;1,3700;0;0,0248;40,2600;1;1;1;8;0;0
52,5000;79,8300;11,8000;-2,0081;-0,4069;1,0000;0,0000;0,0134;-0,0114;0,0169;-0,5086;3,2800;1,2700;0;0,0222;45,0600;1;1;1;8;0;0
52,5139;79,8755;11,8000;-2,1571;-0,4052;1,0000;0,0000;0,0139;-0,0086;0,0147;-0,5065;3,2600;1,1000;0;0,0195;51,1600;1;1;1;8;0;0
52,5278;79,9210;11,8000;-2,2127;-0,4035;1,0000;0,0000;0,0135;-0,0059;0,0137;-0,5044;3,2400;1,0300;0;0,0169;59,1700;1;1;1;8;0;0
52,5417;79,9665;11,8000;-2,2239;-0,4020;1,0000;0,0000;0,0127;-0,0033;0,0133;-0,5024;3,2200;1,0000;0;0,0143;0,0000;1;1;1;8;0;0
52,5556;80,1961;11,8000;-2,3032;-0,4008;1,0000;0,0000;0,0138;-0,0014;0,0145;-0,5010;3,3900;1,0800;0;0,0009;0,0000;1;1;1;8;0;0
52,5695;80,1961;11,8000;-2,4775;-0,3993;1,0000;0,0000;0,0139;0,0000;0,0111;-0,4991;3,3100;0,8400;0;0,0009;0,0000;1;1;1;8;0;0
52,5834;80,1961;11,8000;-2,6113;-0,3978;0,9999;0,0000;0,0135;0,0000;0,0083;-0,4973;3,2300;0,6200;0;0,0009;0,0000;1;1;1;8;0;0
52,5973;80,1961;11,8000;-2,7354;-0,3964;0,9996;0,0000;0,0129;0,0000;0,0055;-0,4955;3,1500;0,4200;0;0,0009;0,0000;1;1;1;8;0;0
52,6112;80,1961;11,8000;-2,7136;-0,3951;0,9989;0,0000;0,0111;0,0000;0,0047;-0,4939;3,0700;0,3600;0;0,0009;0,0000;1;1;1;8;0;0
52,6250;80,2408;11,8000;-2,7541;-0,3938;0,9978;0,0000;0,0100;0,0000;0,0031;-0,4923;2,9900;0,2300;0;0,0008;0,0000;1;1;1;8;0;0
52,6389;80,2863;11,8000;-2,7618;-0,3926;0,9963;0,0000;0,0086;0,0000;0,0019;-0,4907;2,9000;0,1400;0;0,0007;0,0000;1;1;1;8;0;0
52,6528;80,3318;11,8000;-2,7633;-0,3914;0,9945;0,0000;0,0072;0,0000;0,0007;-0,4893;2,8200;0,0600;0;0,0007;0,0000;1;1;1;8;0;0
52,6667;80,3774;11,8000;-2,7543;-0,3903;0,9923;0,0000;0,0059;0,0000;0,0000;-0,4878;2,7400;0,0000;0;0,0006;0,0000;1;1;1;8;0;0
52,6806;80,4229;11,7000;-2,7513;-0,3892;0,9898;0,0000;0,0046;0,0000;-0,0013;-0,4865;2,6500;-0,1000;1;0,0005;0,0000;1;1;1;8;0;0
52,6945;80,6536;11,7000;-2,7542;-0,3882;0,9872;0,0000;0,0035;0,0000;-0,0024;-0,4853;2,5700;-0,1800;1;0,0002;0,0000;1;1;1;8;0;0
52,7084;80,6536;11,7000;-2,7654;-0,3872;0,9845;0,0000;0,0025;0,0000;-0,0037;-0,4841;2,4900;-0,2800;1;0,0002;0,0000;1;1;1;8;0;0
52,7223;80,6536;11,7000;-2,7789;-0,3863;0,9816;0,0000;0,0015;0,0000;-0,0050;-0,4829;2,4100;-0,3700;1;0,0002;0,0000;1;1;1;8;0;0
52,7362;80,6536;11,7000;-2,7816;-0,3855;0,9788;0,0000;0,0006;0,0000;-0,0061;-0,4819;2,3200;-0,4600;1;0,0002;0,0000;1;1;1;8;0;0
52,7500;80,6536;11,7000;-2,7859;-0,3847;0,9759;0,0000;-0,0004;0,0000;-0,0073;-0,4809;2,2400;-0,5500;1;0,0002;0,0000;1;1;0;8;0;0
52,7639;80,6937;11,7000;-2,7922;-0,3840;0,9730;0,0000;-0,0013;0,0000;-0,0085;-0,4800;2,1600;-0,6400;1;0,0002;0,0000;1;1;0;8;0;0
52,7778;80,7388;11,7000;-2,8242;-0,3833;0,9702;0,0000;-0,0020;0,0000;-0,0100;-0,4792;2,0700;-0,7500;1;0,0001;0,0000;1;1;0;8;0;0
52,7917;80,7839;11,7000;-2,8612;-0,3827;0,9675;0,0000;-0,0026;0,0000;-0,0117;-0,4784;1,9900;-0,8800;1;0,0001;0,0000;1;1;0;8;0;0
52,8056;80,8291;11,7000;-2,9161;-0,3822;0,9649;0,0000;-0,0032;0,0000;-0,0136;-0,4777;1,9000;-1,0200;1;0,0001;0,0000;1;1;0;8;0;0
52,8195;80,8742;11,7000;-2,9062;-0,3817;0,9624;0,0000;-0,0042;0,0000;-0,0146;-0,4771;1,8100;-1,1000;1;0,0001;0,0000;1;1;0;8;0;0
52,8334;81,1105;11,7000;-2,9025;-0,3812;0,9600;0,0000;-0,0052;0,0000;-0,0157;-0,4765;1,7200;-1,1800;1;0,0000;0,0000;1;1;0;8;0;0
52,8473;81,1105;11,7000;-2,8845;-0,3808;0,9578;0,0000;-0,0063;0,0000;-0,0166;-0,4760;1,6400;-1,2500;1;0,0000;0,0000;1;1;0;8;0;0
52,8612;81,1105;11,7000;-2,8809;-0,3805;0,9557;0,0000;-0,0071;0,0000;-0,0177;-0,4756;1,5500;-1,3300;1;0,0000;0,0000;1;1;0;8;0;0
52,8750;81,1105;11,7000;-2,8241;-0,3802;0,9537;0,0000;-0,0084;0,0000;-0,0181;-0,4753;1,4700;-1,3600;1;0,0000;0,0000;1;1;0;8;0;0
52,8889;81,1105;11,7000;-2,8016;-0,3800;0,9519;0,0000;-0,0092;0,0000;-0,0189;-0,4750;1,3800;-1,4200;1;0,0000;0,0000;1;1;0;8;0;0
52,9028;81,1451;11,7000;-2,7079;-0,3798;0,9502;0,0000;-0,0106;0,0000;-0,0188;-0,4747;1,3000;-1,4100;1;0,0000;0,0000;1;1;0;8;0;0
52,9167;81,1902;11,7000;-2,6169;-0,3796;0,9487;0,0000;-0,0118;0,0000;-0,0186;-0,4745;1,2200;-1,3900;1;0,0000;0,0000;1;1;0;8;0;0
52,9306;81,2354;11,7000;-2,5281;-0,3794;0,9473;0,0000;-0,0128;0,0000;-0,0184;-0,4743;1,1500;-1,3800;1;0,0000;0,0000;1;1;0;8;0;0
52,9445;81,2805;11,7000;-2,4680;-0,3793;0,9460;0,0000;-0,0134;0,0000;-0,0186;-0,4741;1,0700;-1,3900;1;0,0000;0,0000;1;1;0;8;0;0
52,9584;81,3257;11,7000;-2,3748;-0,3792;0,9449;0,0000;-0,0143;0,0000;-0,0183;-0,4740;1,0000;-1,3700;1;0,0000;0,0000;1;1;0;8;0;0
52,9723;81,5665;11,7000;-2,3562;-0,3791;0,9439;0,0000;-0,0145;0,0000;-0,0190;-0,4739;0,9300;-1,4200;1;0,0000;0,0000;1;1;0;8;0;0
52,9862;81,5665;11,7000;-2,3010;-0,3791;0,9430;0,0000;-0,0149;0,0000;-0,0192;-0,4739;0,8600;-1,4400;1;0,0000;0,0000;1;1;0;8;0;0
53,0000;81,5665;11,7000;-2,1437;-0,3791;0,9422;0,0000;-0,0161;0,0000;-0,0179;-0,4738;0,8000;-1,3400;1;0,0000;0,0000;1;1;0;8;0;0
53,0139;81,5665;11,7000;-2,0040;-0,3790;0,9415;0,0000;-0,0169;0,0000;-0,0169;-0,4738;0,7400;-1,2600;1;0,0000;0,0000;1;1;0;8;0;0
53,0278;81,5665;11,7000;-1,9657;-0,3790;0,9409;0,0000;-0,0168;0,0000;-0,0171;-0,4738;0,6800;-1,2800;1;0,0000;0,0000;1;1;0;8;0;0
53,0417;81,5965;11,7000;-1,8879;-0,3790;0,9404;0,0000;-0,0170;0,0000;-0,0168;-0,4738;0,6300;-1,2600;1;0,0000;0,0000;1;1;0;8;0;0
53,0556;81,6417;11,7000;-1,8724;-0,3791;0,9400;0,0000;-0,0167;0,0000;-0,0174;-0,4739;0,5700;-1,3000;1;0,0000;0,0000;1;1;0;8;0;0
53,0695;81,6868;11,7000;-1,8327;-0,3792;0,9397;0,0000;-0,0167;0,0000;-0,0176;-0,4740;0,5100;-1,3200;1;0,0000;0,0000;1;1;0;8;0;0
53,0834;81,7320;11,7000;-1,7855;-0,3793;0,9394;0,0000;-0,0167;0,0000;-0,0176;-0,4741;0,4600;-1,3200;1;0,0000;0,0000;1;1;0;8;0;0
53,0973;81,7771;11,7000;-1,6999;-0,3794;0,9392;0,0000;-0,0170;0,0000;-0,0172;-0,4742;0,4100;-1,2900;1;0,0000;0,0000;1;1;0;8;0;0
53,1112;82,0224;11,7000;-1,6045;-0,3795;0,9392;0,0000;-0,0173;0,0000;-0,0166;-0,4744;0,3600;-1,2400;1;0,0000;0,0000;1;1;0;8;0;0
53,1250;82,0224;11,7000;-1,5605;-0,3797;0,9392;0,0000;-0,0171;0,0000;-0,0166;-0,4746;0,3200;-1,2400;1;0,0000;0,0000;1;1;0;8;0;0
53,1389;82,0224;11,7000;-1,4961;-0,3799;0,9393;0,0000;-0,0171;0,0000;-0,0163;-0,4748;0,2700;-1,2200;1;0,0000;0,0000;1;1;0;8;0;0
53,1528;82,0224;11,7000;-1,4748;-0,3801;0,9393;0,0000;-0,0167;0,0000;-0,0166;-0,4751;0,2300;-1,2500;1;0,0000;0,0000;1;1;0;8;0;0
53,1667;82,0224;11,7000;-1,4162;-0,3803;0,9395;0,0000;-0,0167;0,0000;-0,0164;-0,4753;0,1900;-1,2300;1;0,0000;0,0000;1;1;0;8;0;0
53,1806;82,0479;11,7000;-1,4045;-0,3805;0,9397;0,0000;-0,0163;0,0000;-0,0168;-0,4757;0,1400;-1,2600;1;0,0000;0,0000;1;1;0;8;0;0
53,1945;82,0931;11,7000;-1,3618;-0,3808;0,9399;0,0000;-0,0161;0,0000;-0,0168;-0,4760;0,1000;-1,2600;1;0,0000;0,0000;1;1;0;8;0;0
53,2084;82,1382;11,7000;-1,2872;-0,3810;0,9402;0,0000;-0,0163;0,0000;-0,0163;-0,4763;0,0700;-1,2200;1;0,0000;0,0000;1;1;0;8;0;0
53,2223;82,1834;11,7000;-1,1159;-0,3813;0,9406;0,0000;-0,0171;0,0000;-0,0144;-0,4766;0,0300;-1,0800;1;0,0000;0,0000;1;1;0;8;0;0
53,2362;82,2285;11,7000;-0,9920;-0,3815;0,9411;0,0000;-0,0173;0,0000;-0,0132;-0,4769;0,0000;-0,9900;1;0,0000;0,0000;1;1;0;8;0;0
53,2500;82,4782;11,7000;-0,8584;-0,3817;0,9415;0,0000;-0,0175;0,0000;-0,0117;-0,4772;-0,0200;-0,8800;1;0,0000;0,0000;1;1;0;8;0;0
53,2639;82,4782;11,7000;-0,7166;-0,3819;0,9420;0,0000;-0,0177;0,0000;-0,0101;-0,4774;-0,0400;-0,7600;1;0,0000;0,0000;1;1;0;8;0;0
53,2778;82,4782;11,7000;-0,6882;-0,3821;0,9426;0,0000;-0,0168;0,0000;-0,0100;-0,4777;-0,0600;-0,7500;1;0,0000;0,0000;1;1;0;8;0;0
53,2917;82,4782;11,7000;-0,6203;-0,3823;0,9431;0,0000;-0,0164;0,0000;-0,0094;-0,4779;-0,0800;-0,7000;1;0,0000;0,0000;1;1;0;8;0;0
53,3056;82,4782;11,7000;-0,5777;-0,3825;0,9437;0,0000;-0,0157;0,0000;-0,0090;-0,4782;-0,1000;-0,6800;1;0,0000;0,0000;1;1;0;8;0;0
53,3195;82,4993;11,7000;-0,5064;-0,3827;0,9443;0,0000;-0,0153;0,0000;-0,0082;-0,4784;-0,1100;-0,6200;1;0,0000;0,0000;1;1;0;8;0;0
53,3334;82,5445;11,7000;-0,3913;-0,3829;0,9448;0,0000;-0,0152;0,0000;-0,0069;-0,4786;-0,1200;-0,5100;1;0,0000;0,0000;1;1;0;8;0;0
53,3473;82,5896;11,7000;-0,3682;-0,3831;0,9454;0,0000;-0,0144;0,0000;-0,0067;-0,4788;-0,1300;-0,5000;1;0,0000;0,0000;1;1;0;8;0;0
53,3612;82,6348;11,7000;-0,3547;-0,3833;0,9460;0,0000;-0,0135;0,0000;-0,0066;-0,4791;-0,1400;-0,5000;1;0,0000;0,0000;1;1;0;8;0;0
53,3750;82,6799;11,7000;-0,2316;-0,3834;0,9465;0,0000;-0,0135;0,0000;-0,0051;-0,4793;-0,1500;-0,3800;1;0,0000;0,0000;1;1;0;8;0;0
53,3889;82,9348;11,7000;-0,2070;-0,3836;0,9471;0,0000;-0,0127;0,0000;-0,0048;-0,4795;-0,1600;-0,3600;1;0,0000;0,0000;1;1;0;6;0;0
53,4028;82,9348;11,7000;-0,0818;-0,3837;0,9477;0,0000;-0,0128;0,0000;-0,0032;-0,4796;-0,1600;-0,2400;1;0,0000;0,0000;1;1;0;6;0;0
53,4167;82,9348;11,7000;-0,0352;-0,3838;0,9482;0,0000;-0,0121;0,0000;-0,0026;-0,4798;-0,1600;-0,1900;1;0,0000;0,0000;1;1;0;6;0;0
53,4306;82,9348;11,7000;0,0696;-0,3839;0,9487;0,0000;-0,0119;0,0000;-0,0011;-0,4799;-0,1500;-0,0900;1;0,0000;0,0000;1;1;0;6;0;0
53,4445;82,9348;11,6000;0,1397;-0,3840;0,9492;0,0000;-0,0112;0,0000;0,0000;-0,4800;-0,1500;0,0000;1;0,0000;0,0000;1;1;0;6;0;0
53,4584;82,9503;11,6000;0,2457;-0,3840;0,9496;0,0000;-0,0110;0,0000;0,0013;-0,4800;-0,1400;0,1000;1;0,0000;0,0000;1;1;0;6;0;0
53,4723;82,9951;11,6000;0,2963;-0,3840;0,9501;0,0000;-0,0103;0,0000;0,0022;-0,4800;-0,1300;0,1600;1;0,0000;0,0000;1;1;0;6;0;0
53,4862;83,0398;11,6000;0,3039;-0,3841;0,9505;0,0000;-0,0092;0,0000;0,0024;-0,4801;-0,1200;0,1800;1;0,0000;0,0000;1;1;0;6;0;0
53,5000;83,0846;11,6000;0,3054;-0,3841;0,9508;0,0000;-0,0082;0,0000;0,0025;-0,4801;-0,1100;0,1900;1;0,0000;0,0000;1;1;0;6;0;0
53,5139;83,1294;11,6000;0,2945;-0,3841;0,9511;0,0000;-0,0072;0,0000;0,0025;-0,4801;-0,1000;0,1900;1;0,0000;0,0000;1;1;0;6;0;0
53,5278;83,3906;11,6000;0,3256;-0,3841;0,9514;0,0000;-0,0066;0,0000;0,0031;-0,4801;-0,0900;0,2300;1;0,0000;0,0000;1;1;0;6;0;0
53,5417;83,3906;11,6000;0,3604;-0,3840;0,9516;0,0000;-0,0060;0,0000;0,0037;-0,4800;-0,0800;0,2800;1;0,0000;0,0000;1;1;0;6;0;0
53,5556;83,3906;11,6000;0,3857;-0,3840;0,9518;0,0000;-0,0054;0,0000;0,0042;-0,4800;-0,0700;0,3100;1;0,0000;0,0000;1;1;0;6;0;0
53,5695;83,3906;11,6000;0,3916;-0,3840;0,9519;0,0000;-0,0047;0,0000;0,0044;-0,4800;-0,0600;0,3300;1;0,0000;0,0000;1;1;0;6;0;0
53,5834;83,3906;11,6000;0,3743;-0,3839;0,9520;0,0000;-0,0039;0,0000;0,0044;-0,4799;-0,0500;0,3300;1;0,0000;0,0000;1;1;0;6;0;0
53,5973;83,3979;11,6000;0,3614;-0,3839;0,9521;0,0000;-0,0032;0,0000;0,0043;-0,4798;-0,0300;0,3200;1;0,0000;0,0000;1;1;0;6;0;0
53,6112;83,4426;11,6000;0,3588;-0,3838;0,9521;0,0000;-0,0026;0,0000;0,0044;-0,4798;-0,0200;0,3300;1;0,0000;0,0000;1;1;0;6;0;0
53,6250;83,4874;11,6000;0,4040;-0,3837;0,9521;0,0000;-0,0024;0,0000;0,0052;-0,4797;0,0000;0,3900;1;0,0000;0,0000;1;1;0;6;0;0
53,6389;83,5321;11,6000;0,4176;-0,3836;0,9521;0,0000;-0,0020;0,0000;0,0056;-0,4795;0,0000;0,4200;1;0,0000;0,0000;1;1;0;6;0;0
53,6528;83,5769;11,6000;0,5187;-0,3835;0,9521;0,0000;-0,0023;0,0000;0,0071;-0,4794;0,0000;0,5300;1;0,0000;0,0000;1;1;0;6;0;0
53,6667;83,8467;11,6000;0,5388;-0,3834;0,9520;0,0000;-0,0018;0,0000;0,0076;-0,4792;0,0300;0,5700;1;0,0000;0,0000;1;1;0;6;0;0
53,6806;83,8467;11,6000;0,6211;-0,3832;0,9519;0,0000;-0,0018;0,0000;0,0090;-0,4790;0,0500;0,6700;1;0,0000;0,0000;1;1;0;6;0;0
53,6945;83,8467;11,6000;0,6953;-0,3830;0,9517;0,0000;-0,0017;0,0000;0,0102;-0,4787;0,0700;0,7700;1;0,0000;0,0000;1;1;0;6;0;0
53,7084;83,8467;11,6000;0,7179;-0,3827;0,9515;0,0000;-0,0011;0,0000;0,0108;-0,4784;0,0900;0,8100;1;0,0000;0,0000;1;1;0;6;0;0
53,7223;83,8467;11,6000;0,7224;-0,3825;0,9512;0,0000;-0,0004;0,0000;0,0112;-0,4781;0,1200;0,8400;1;0,0000;0,0000;1;1;0;6;0;0
53,7362;83,8467;11,6000;0,8149;-0,3822;0,9509;0,0000;-0,0004;0,0000;0,0128;-0,4777;0,1400;0,9600;1;0,0000;0,0000;1;1;0;6;0;0
53,7500;83,8901;11,6000;0,8750;-0,3819;0,9505;0,0000;-0,0001;0,0000;0,0139;-0,4773;0,1700;1,0400;1;0,0000;0,0000;1;1;0;6;0;0
53,7639;83,9349;11,6000;1,0022;-0,3815;0,9501;0,0000;-0,0002;0,0000;0,0160;-0,4769;0,2000;1,2000;1;0,0000;0,0000;1;1;0;6;0;0
53,7778;83,9796;11,6000;1,1022;-0,3811;0,9496;0,0000;0,0000;0,0000;0,0178;-0,4763;0,2300;1,3400;1;0,0000;0,0000;1;1;0;6;0;0
53,7917;84,0244;11,6000;1,1142;-0,3806;0,9490;0,0000;0,0009;0,0000;0,0184;-0,4758;0,2700;1,3800;1;0,0000;0,0000;1;1;1;6;0;0
53,8056;84,0692;11,6000;1,1166;-0,3802;0,9483;0,0000;0,0019;0,0000;0,0189;-0,4752;0,3000;1,4200;1;0,0000;0,0000;1;1;1;6;0;0
53,8195;84,3025;11,6000;1,2360;-0,3797;0,9475;0,0000;0,0019;0,0000;0,0210;-0,4746;0,3400;1,5700;1;0,0000;0,0000;1;1;1;6;0;0
53,8334;84,3025;11,6000;1,2702;-0,3791;0,9467;0,0000;0,0027;0,0000;0,0220;-0,4739;0,3800;1,6500;1;0,0000;0,0000;1;1;1;6;0;0
53,8473;84,3025;11,6000;1,3111;-0,3786;0,9458;0,0000;0,0034;0,0000;0,0230;-0,4732;0,4200;1,7300;1;0,0000;0,0000;1;1;1;6;0;0
53,8612;84,3025;11,6000;1,3293;-0,3780;0,9448;0,0000;0,0043;0,0000;0,0238;-0,4725;0,4600;1,7900;1;0,0000;0,0000;1;1;1;6;0;0
53,8750;84,3025;11,6000;1,3358;-0,3773;0,9437;0,0000;0,0052;0,0000;0,0244;-0,4717;0,5000;1,8300;1;0,0000;0,0000;1;1;1;6;0;0
53,8889;84,3376;11,6000;1,3416;-0,3767;0,9425;0,0000;0,0061;0,0000;0,0250;-0,4709;0,5400;1,8800;1;0,0000;0,0000;1;1;1;6;0;0
53,9028;84,3824;11,6000;1,2988;-0,3760;0,9412;0,0000;0,0072;0,0000;0,0250;-0,4701;0,5800;1,8700;1;0,0000;0,0000;1;1;1;6;0;0
53,9167;84,4271;11,6000;1,2546;-0,3754;0,9399;0,0000;0,0083;0,0000;0,0249;-0,4692;0,6100;1,8700;1;0,0000;0,0000;1;1;1;6;0;0
53,9306;84,4719;11,6000;1,1470;-0,3747;0,9384;0,0000;0,0097;0,0000;0,0239;-0,4684;0,6500;1,8000;1;0,0000;0,0000;1;1;1;6;0;0
53,9445;84,5166;11,8000;1,0923;-0,3740;0,9369;0,0000;0,0105;0,0000;0,0237;-0,4675;0,6800;1,7700;1;0,0000;0,0000;1;1;1;6;0;0
53,9584;84,7584;11,8000;1,0090;-0,3733;0,9354;0,0000;0,0114;0,0000;0,0230;-0,4666;0,7100;1,7200;1;0,0000;0,0000;1;1;1;6;0;0
53,9723;84,7584;11,8000;0,9632;-0,3726;0,9337;0,0000;0,0119;0,0000;0,0227;-0,4658;0,7400;1,7000;1;0,0000;0,0000;1;1;1;6;0;0
53,9862;84,7584;11,8000;0,8694;-0,3719;0,9320;0,0000;0,0127;0,0000;0,0218;-0,4649;0,7700;1,6400;1;0,0000;0,0000;1;1;1;6;0;0
54,0000;84,7584;11,8000;0,7964;-0,3712;0,9303;0,0000;0,0132;0,0000;0,0212;-0,4640;0,7900;1,5900;1;0,0000;0,0000;1;1;1;6;0;0
54,0139;84,7584;11,8000;0,6984;-0,3705;0,9285;0,0000;0,0138;0,0000;0,0202;-0,4631;0,8200;1,5100;1;0,0000;0,0000;1;1;1;6;0;0
54,0278;84,7897;11,8000;0,6236;-0,3698;0,9267;0,0000;0,0141;0,0000;0,0194;-0,4623;0,8300;1,4600;1;0,0000;0,0000;1;1;1;6;0;0
54,0417;84,8353;11,8000;0,5681;-0,3691;0,9249;0,0000;0,0141;0,0000;0,0189;-0,4614;0,8500;1,4200;1;0,0000;0,0000;1;1;1;6;0;0
54,0556;84,8808;11,8000;0,5342;-0,3684;0,9231;0,0000;0,0140;0,0000;0,0187;-0,4606;0,8700;1,4000;1;0,0000;0,0000;1;1;1;6;0;0
54,0695;84,9263;11,8000;0,4951;-0,3678;0,9212;0,0000;0,0139;0,0000;0,0184;-0,4597;0,8900;1,3800;1;0,0000;0,0000;1;1;1;6;0;0
54,0834;84,9718;11,8000;0,4743;-0,3671;0,9193;0,0000;0,0136;0,0000;0,0183;-0,4588;0,9000;1,3700;1;0,0000;0,0000;1;1;1;6;0;0
54,0973;85,2153;11,8000;0,3973;-0,3664;0,9174;0,0000;0,0138;0,0000;0,0175;-0,4580;0,9100;1,3100;1;0,0000;0,0000;1;1;1;6;0;0
54,1112;85,2153;11,8000;0,3063;-0,3657;0,9155;0,0000;0,0140;0,0000;0,0164;-0,4571;0,9200;1,2300;1;0,0000;0,0000;1;1;1;6;0;0
54,1250;85,2153;11,8000;0,2591;-0,3650;0,9136;0,0000;0,0138;0,0000;0,0159;-0,4563;0,9300;1,1900;1;0,0000;0,0000;1;1;1;6;0;0
54,1389;85,2153;11,8000;0,1881;-0,3644;0,9117;0,0000;0,0137;0,0000;0,0150;-0,4555;0,9400;1,1300;1;0,0000;0,0000;1;1;1;6;0;0
54,1528;85,2153;11,8000;0,1670;-0,3637;0,9098;0,0000;0,0132;0,0000;0,0148;-0,4547;0,9400;1,1100;1;0,0000;0,0000;1;1;1;6;0;0
54,1667;85,2449;11,8000;0,1334;-0,3631;0,9080;0,0000;0,0129;0,0000;0,0144;-0,4539;0,9500;1,0800;1;0,0000;0,0000;1;1;1;6;0;0
54,1806;85,2904;11,8000;0,0955;-0,3625;0,9061;0,0000;0,0126;0,0000;0,0139;-0,4531;0,9500;1,0500;1;0,0000;0,0000;1;1;1;6;0;0
54,1945;85,3360;11,8000;0,0622;-0,3618;0,9042;0,0000;0,0122;0,0000;0,0135;-0,4523;0,9500;1,0200;1;0,0000;0,0000;1;1;1;6;0;0
54,2084;85,3815;11,8000;0,0271;-0,3612;0,9024;0,0000;0,0119;0,0000;0,0131;-0,4515;0,9500;0,9800;1;0,0000;0,0000;1;1;1;6;0;0
54,2223;85,4270;11,8000;-0,0450;-0,3606;0,9005;0,0000;0,0119;0,0000;0,0121;-0,4507;0,9500;0,9100;1;0,0000;0,0000;1;1;1;6;0;0
54,2362;85,6699;11,8000;-0,1096;-0,3600;0,8987;0,0000;0,0117;0,0000;0,0112;-0,4500;0,9500;0,8400;1;0,0001;0,0000;1;1;1;6;0;0
54,2500;85,6699;11,8000;-0,1773;-0,3594;0,8969;0,0000;0,0115;0,0000;0,0102;-0,4492;0,9500;0,7700;1;0,0001;0,0000;1;1;1;6;0;0
54,2639;85,6699;11,8000;-0,2131;-0,3588;0,8951;0,0000;0,0111;0,0000;0,0097;-0,4485;0,9400;0,7300;1;0,0001;0,0000;1;1;1;6;0;0
54,2778;85,6699;11,8000;-0,2618;-0,3583;0,8934;0,0000;0,0107;0,0000;0,0089;-0,4478;0,9300;0,6700;1;0,0001;0,0000;1;1;1;6;0;0
54,2917;85,6699;11,8000;-0,3084;-0,3578;0,8916;0,0000;0,0103;0,0000;0,0082;-0,4472;0,9200;0,6100;1;0,0001;0,0000;1;1;1;6;0;0
54,3056;85,7001;11,8000;-0,3646;-0,3573;0,8899;0,0000;0,0100;0,0000;0,0073;-0,4466;0,9100;0,5500;1;0,0000;0,0000;1;1;1;6;0;0
54,3195;85,7456;11,8000;-0,4074;-0,3568;0,8883;0,0000;0,0095;0,0000;0,0065;-0,4460;0,9000;0,4900;1;0,0000;0,0000;1;1;1;6;0;0
54,3334;85,7911;11,8000;-0,4695;-0,3563;0,8866;0,0000;0,0092;0,0000;0,0055;-0,4454;0,8800;0,4100;1;0,0000;0,0000;1;1;1;6;0;0
54,3473;85,8367;11,8000;-0,5120;-0,3559;0,8851;0,0000;0,0088;0,0000;0,0047;-0,4448;0,8700;0,3500;1;0,0000;0,0000;1;1;1;6;0;0
54,3612;85,8822;11,8000;-0,5430;-0,3554;0,8835;0,0000;0,0082;0,0000;0,0041;-0,4443;0,8500;0,3100;1;0,0000;0,0000;1;1;1;6;0;0
54,3750;86,1263;11,8000;-0,5929;-0,3550;0,8820;0,0000;0,0078;0,0000;0,0032;-0,4438;0,8300;0,2400;1;0,0000;0,0000;1;1;1;6;0;0
54,3889;86,1263;11,8000;-0,6530;-0,3547;0,8806;0,0000;0,0074;0,0000;0,0021;-0,4433;0,8100;0,1600;1;0,0000;0,0000;1;1;1;6;0;0
54,4028;86,1263;11,8000;-0,7320;-0,3543;0,8792;0,0000;0,0072;0,0000;0,0007;-0,4429;0,7900;0,0600;1;0,0000;0,0000;1;1;1;8;1;0
54,4167;86,1263;11,8000;-0,7994;-0,3540;0,8778;0,0000;0,0068;0,0000;-0,0005;-0,4425;0,7600;-0,0300;1;0,0000;0,0000;1;1;1;8;1;0
54,4306;86,1263;11,8000;-0,8707;-0,3537;0,8765;0,0000;0,0064;0,0000;-0,0018;-0,4422;0,7400;-0,1300;1;0,0000;0,0000;1;1;1;8;1;0
54,4445;86,1553;11,8000;-0,9040;-0,3535;0,8753;0,0000;0,0057;0,0000;-0,0026;-0,4419;0,7100;-0,1900;1;0,0000;0,0000;1;1;1;8;1;0
54,4584;86,2009;11,8000;-0,9753;-0,3533;0,8741;0,0000;0,0053;0,0000;-0,0039;-0,4416;0,6800;-0,2900;1;0,0000;0,0000;1;1;1;8;1;0
54,4723;86,2464;11,8000;-1,0750;-0,3531;0,8730;0,0000;0,0051;0,0000;-0,0057;-0,4414;0,6500;-0,4300;1;0,0001;0,0000;1;1;1;8;1;0
54,4862;86,2919;11,8000;-1,2128;-0,3530;0,8720;0,0000;0,0050;0,0000;-0,0080;-0,4413;0,6100;-0,6000;1;0,0001;0,0000;1;1;1;8;1;0
54,5000;86,3374;11,8000;-1,2516;-0,3529;0,8711;0,0000;0,0041;0,0000;-0,0091;-0,4412;0,5700;-0,6800;1;0,0001;0,0000;1;1;1;8;1;0
54,5139;86,5815;11,8000;-1,3219;-0,3529;0,8702;0,0000;0,0035;0,0000;-0,0105;-0,4411;0,5300;-0,7900;1;0,0002;0,0000;1;1;1;8;1;0
54,5278;86,5815;11,8000;-1,4083;-0,3529;0,8695;0,0000;0,0029;0,0000;-0,0123;-0,4411;0,4900;-0,9200;1;0,0002;0,0000;1;1;1;8;1;0
54,5417;86,5815;11,8000;-1,4346;-0,3529;0,8688;0,0000;0,0019;0,0000;-0,0132;-0,4412;0,4400;-0,9900;1;0,0002;0,0000;1;1;1;8;1;0
54,5556;86,5815;11,8000;-1,4593;-0,3530;0,8682;0,0000;0,0008;0,0000;-0,0141;-0,4413;0,4000;-1,0600;1;0,0002;0,0000;1;1;1;8;1;0
54,5695;86,5815;11,8000;-1,5474;-0,3531;0,8677;0,0000;0,0004;0,0000;-0,0159;-0,4414;0,3500;-1,2000;1;0,0002;0,0000;1;1;1;8;1;0
54,5834;86,6106;11,8000;-1,5311;-0,3533;0,8674;0,0000;-0,0010;0,0000;-0,0163;-0,4416;0,3100;-1,2200;1;0,0002;0,0000;1;1;0;8;1;0
54,5973;86,6561;11,8000;-1,5554;-0,3534;0,8671;0,0000;-0,0019;0,0000;-0,0173;-0,4418;0,2600;-1,3000;1;0,0002;0,0000;1;1;0;8;1;0
54,6112;86,7016;11,8000;-1,6176;-0,3537;0,8670;0,0000;-0,0025;0,0000;-0,0188;-0,4421;0,2100;-1,4100;1;0,0002;0,0000;1;1;0;8;1;0
54,6250;86,7472;11,8000;-1,6490;-0,3539;0,8671;0,0000;-0,0033;0,0000;-0,0198;-0,4424;0,1600;-1,4900;1;0,0002;0,0000;1;1;0;8;1;0
54,6389;86,7927;11,8000;-1,6713;-0,3542;0,8671;0,0000;-0,0042;0,0000;-0,0208;-0,4428;0,1100;-1,5600;1;0,0001;0,0000;1;1;0;8;1;0
54,6528;87,0249;11,8000;-1,6720;-0,3545;0,8673;0,0000;-0,0052;0,0000;-0,0215;-0,4432;0,0600;-1,6100;1;0,0000;0,0000;1;1;0;8;1;0
54,6667;87,0249;11,8000;-1,6482;-0,3549;0,8675;0,0000;-0,0063;0,0000;-0,0218;-0,4436;0,0000;-1,6400;1;0,0000;0,0000;1;1;0;8;1;0
54,6806;87,0249;11,8000;-1,6055;-0,3553;0,8678;0,0000;-0,0075;0,0000;-0,0219;-0,4441;-0,0300;-1,6400;1;0,0000;0,0000;1;1;0;8;1;0
54,6945;87,0249;11,8000;-1,5239;-0,3557;0,8682;0,0000;-0,0089;0,0000;-0,0214;-0,4446;-0,0800;-1,6100;1;0,0000;0,0000;1;1;0;8;1;0
54,7084;87,0249;11,8000;-1,4609;-0,3561;0,8687;0,0000;-0,0099;0,0000;-0,0212;-0,4451;-0,1300;-1,5900;1;0,0000;0,0000;1;1;0;8;1;0
54,7223;87,0658;11,8000;-1,3645;-0,3565;0,8693;0,0000;-0,0110;0,0000;-0,0204;-0,4456;-0,1700;-1,5300;1;0,0000;0,0000;1;1;0;8;1;0
54,7362;87,1114;11,8000;-1,3079;-0,3569;0,8699;0,0000;-0,0117;0,0000;-0,0202;-0,4461;-0,2100;-1,5100;1;0,0000;0,0000;1;1;0;8;1;0
54,7500;87,1569;11,8000;-1,2644;-0,3573;0,8707;0,0000;-0,0122;0,0000;-0,0201;-0,4467;-0,2400;-1,5100;1;0,0000;0,0000;1;1;0;8;1;0
54,7639;87,2024;11,8000;-1,1040;-0,3577;0,8715;0,0000;-0,0135;0,0000;-0,0184;-0,4472;-0,2800;-1,3800;1;0,0000;0,0000;1;1;0;8;1;0
54,7778;87,2479;11,8000;-1,0465;-0,3582;0,8723;0,0000;-0,0138;0,0000;-0,0181;-0,4477;-0,3100;-1,3500;1;0,0000;0,0000;1;1;0;8;1;0
54,7917;87,4822;11,8000;-0,9778;-0,3586;0,8733;0,0000;-0,0141;0,0000;-0,0175;-0,4482;-0,3400;-1,3100;1;0,0000;0,0000;1;1;0;8;1;0
54,8056;87,4822;11,8000;-0,8562;-0,3590;0,8742;0,0000;-0,0148;0,0000;-0,0162;-0,4487;-0,3600;-1,2200;1;0,0000;0,0000;1;1;0;8;1;0
54,8195;87,4822;11,8000;-0,8375;-0,3594;0,8752;0,0000;-0,0145;0,0000;-0,0163;-0,4493;-0,3900;-1,2300;1;0,0000;0,0000;1;1;0;8;1;0
54,8334;87,4822;11,8000;-0,7693;-0,3599;0,8763;0,0000;-0,0146;0,0000;-0,0157;-0,4498;-0,4100;-1,1800;1;0,0000;0,0000;1;1;0;8;1;0
54,8473;87,4822;11,8000;-0,7074;-0,3603;0,8773;0,0000;-0,0146;0,0000;-0,0152;-0,4504;-0,4300;-1,1400;1;0,0000;0,0000;1;1;0;8;1;0
54,8612;87,5211;11,8000;-0,7057;-0,3607;0,8784;0,0000;-0,0141;0,0000;-0,0154;-0,4509;-0,4500;-1,1600;1;0,0000;0,0000;1;1;0;8;1;0
54,8750;87,5666;11,8000;-0,5738;-0,3611;0,8795;0,0000;-0,0147;0,0000;-0,0139;-0,4514;-0,4700;-1,0400;1;0,0000;0,0000;1;1;0;8;1;0
54,8889;87,6121;11,8000;-0,4952;-0,3616;0,8806;0,0000;-0,0147;0,0000;-0,0131;-0,4520;-0,4800;-0,9800;1;0,0000;0,0000;1;1;0;8;1;0
54,9028;87,6576;11,8000;-0,4629;-0,3620;0,8818;0,0000;-0,0143;0,0000;-0,0128;-0,4525;-0,5000;-0,9600;1;0,0001;0,0000;1;1;0;8;1;0
54,9167;87,7032;11,8000;-0,4203;-0,3624;0,8829;0,0000;-0,0140;0,0000;-0,0124;-0,4530;-0,5100;-0,9300;1;0,0001;0,0000;1;1;0;8;1;0
54,9306;87,9424;11,8000;-0,3985;-0,3628;0,8840;0,0000;-0,0135;0,0000;-0,0123;-0,4535;-0,5200;-0,9200;1;0,0001;0,0000;1;1;0;8;1;0
54,9445;87,9424;11,8000;-0,3454;-0,3632;0,8852;0,0000;-0,0133;0,0000;-0,0117;-0,4540;-0,5300;-0,8800;1;0,0001;0,0000;1;1;0;8;1;0
54,9584;87,9424;11,8000;-0,3174;-0,3636;0,8863;0,0000;-0,0129;0,0000;-0,0114;-0,4545;-0,5400;-0,8600;1;0,0001;0,0000;1;1;0;8;1;0
54,9723;87,9424;11,8000;-0,2617;-0,3640;0,8874;0,0000;-0,0127;0,0000;-0,0108;-0,4550;-0,5500;-0,8100;1;0,0001;0,0000;1;1;0;8;1;0
54,9862;87,9424;11,8000;-0,1360;-0,3644;0,8886;0,0000;-0,0131;0,0000;-0,0092;-0,4555;-0,5500;-0,6900;1;0,0001;0,0000;1;1;0;8;1;0
55,0000;87,9763;11,8000;-0,0757;-0,3647;0,8897;0,0000;-0,0128;0,0000;-0,0084;-0,4559;-0,5500;-0,6300;1;0,0001;0,0000;1;1;0;8;1;0
55,0139;88,0218;11,8000;0,0101;-0,3651;0,8908;0,0000;-0,0126;0,0000;-0,0072;-0,4563;-0,5500;-0,5400;1;0,0001;0,0000;1;1;0;8;1;0
55,0278;88,0673;11,8000;0,0485;-0,3654;0,8919;0,0000;-0,0121;0,0000;-0,0067;-0,4567;-0,5500;-0,5000;1;0,0001;0,0000;1;1;0;8;1;0
55,0417;88,1129;11,8000;0,1651;-0,3657;0,8930;0,0000;-0,0121;0,0000;-0,0051;-0,4571;-0,5500;-0,3800;1;0,0001;0,0000;1;1;0;8;1;0
55,0556;88,1584;11,8000;0,2307;-0,3660;0,8941;0,0000;-0,0117;0,0000;-0,0041;-0,4575;-0,5400;-0,3100;1;0,0001;0,0000;1;1;0;8;1;0
55,0695;88,4000;11,8000;0,2757;-0,3662;0,8951;0,0000;-0,0111;0,0000;-0,0034;-0,4578;-0,5300;-0,2500;1;0,0000;0,0000;1;1;0;8;1;0
55,0834;88,4000;11,8000;0,3494;-0,3665;0,8961;0,0000;-0,0107;0,0000;-0,0023;-0,4581;-0,5200;-0,1700;1;0,0000;0,0000;1;1;0;8;1;0
55,0973;88,4000;11,8000;0,3812;-0,3667;0,8970;0,0000;-0,0100;0,0000;-0,0017;-0,4583;-0,5100;-0,1300;1;0,0000;0,0000;1;1;0;8;1;0
55,1112;88,4000;11,8000;0,3869;-0,3669;0,8980;0,0000;-0,0091;0,0000;-0,0014;-0,4586;-0,4900;-0,1100;1;0,0000;0,0000;1;1;0;8;1;0
55,1250;88,4000;11,8000;0,5414;-0,3670;0,8988;0,0000;-0,0094;0,0000;0,0008;-0,4588;-0,4800;0,0600;1;0,0000;0,0000;1;1;0;8;1;0
55,1389;88,4315;11,8000;0,5790;-0,3672;0,8997;0,0000;-0,0087;0,0000;0,0016;-0,4590;-0,4600;0,1200;1;0,0000;0,0000;1;1;0;8;1;0
55,1528;88,4770;11,8000;0,5229;-0,3673;0,9004;0,0000;-0,0073;0,0000;0,0011;-0,4592;-0,4400;0,0800;1;0,0000;0,0000;1;1;0;8;1;0
55,1667;88,5226;11,8000;0,5981;-0,3675;0,9012;0,0000;-0,0070;0,0000;0,0023;-0,4593;-0,4200;0,1700;1;0,0000;0,0000;1;1;0;8;1;0
55,1806;88,5681;11,8000;0,5999;-0,3676;0,9018;0,0000;-0,0061;0,0000;0,0026;-0,4595;-0,4100;0,1900;1;0,0000;0,0000;1;1;0;8;1;0
55,1945;88,6136;11,6000;0,6631;-0,3676;0,9025;0,0000;-0,0058;0,0000;0,0037;-0,4595;-0,3800;0,2800;1;0,0000;0,0000;1;1;0;8;1;0
55,2084;88,8547;11,6000;0,6926;-0,3677;0,9030;0,0000;-0,0052;0,0000;0,0044;-0,4596;-0,3600;0,3300;1;0,0000;0,0000;1;1;0;8;1;0
55,2223;88,8547;11,6000;0,7325;-0,3677;0,9036;0,0000;-0,0047;0,0000;0,0052;-0,4597;-0,3400;0,3900;1;0,0000;0,0000;1;1;0;8;1;0
55,2362;88,8547;11,6000;0,8132;-0,3677;0,9040;0,0000;-0,0045;0,0000;0,0066;-0,4597;-0,3200;0,5000;1;0,0000;0,0000;1;1;0;8;1;0
55,2500;88,8547;11,6000;0,8293;-0,3677;0,9045;0,0000;-0,0037;0,0000;0,0072;-0,4596;-0,2900;0,5400;1;0,0000;0,0000;1;1;0;8;1;0
55,2639;88,8547;11,6000;0,9114;-0,3677;0,9048;0,0000;-0,0035;0,0000;0,0086;-0,4596;-0,2600;0,6500;1;0,0000;0,0000;1;1;0;8;1;0
55,2778;88,8821;11,6000;1,0135;-0,3676;0,9051;0,0000;-0,0034;0,0000;0,0104;-0,4595;-0,2300;0,7800;1;0,0000;0,0000;1;1;0;8;1;0
55,2917;88,9269;11,6000;1,0923;-0,3674;0,9054;0,0000;-0,0030;0,0000;0,0119;-0,4593;-0,2000;0,8900;1;0,0000;0,0000;1;1;0;8;1;0
55,3056;88,9716;11,6000;1,1387;-0,3673;0,9055;0,0000;-0,0023;0,0000;0,0130;-0,4591;-0,1700;0,9700;1;0,0000;0,0000;1;1;0;8;1;0
55,3195;89,0164;11,6000;1,1541;-0,3671;0,9056;0,0000;-0,0014;0,0000;0,0136;-0,4589;-0,1300;1,0200;1;0,0000;0,0000;1;1;0;8;1;0
55,3334;89,0612;11,6000;1,2659;-0,3668;0,9056;0,0000;-0,0012;0,0000;0,0156;-0,4585;-0,0900;1,1700;1;0,0000;0,0000;1;1;0;8;1;0
55,3473;89,3090;11,6000;1,3337;-0,3666;0,9056;0,0000;-0,0006;0,0000;0,0171;-0,4582;-0,0500;1,2800;1;0,0000;0,0000;1;1;0;8;1;0
55,3612;89,3090;11,6000;1,5579;-0,3662;0,9054;0,0000;-0,0012;0,0000;0,0207;-0,4577;0,0000;1,5500;1;0,0000;0,0000;1;1;0;8;1;0
55,3750;89,3090;11,6000;1,6465;-0,3658;0,9052;0,0000;-0,0005;0,0000;0,0225;-0,4572;0,0400;1,6900;1;0,0000;0,0000;1;1;0;8;1;0
55,3889;89,3090;11,6000;1,6992;-0,3653;0,9048;0,0000;0,0006;0,0000;0,0239;-0,4567;0,0900;1,7900;1;0,0000;0,0000;1;1;1;8;1;0
55,4028;89,3090;11,6000;1,7445;-0,3648;0,9043;0,0000;0,0017;0,0000;0,0252;-0,4560;0,1500;1,8900;1;0,0000;0,0000;1;1;1;2;0;0
55,4167;89,3297;11,6000;1,7354;-0,3643;0,9038;0,0000;0,0031;0,0000;0,0258;-0,4554;0,2000;1,9400;1;0,0000;0,0000;1;1;1;2;0;0
55,4306;89,3744;11,6000;1,7699;-0,3637;0,9031;0,0000;0,0041;0,0000;0,0270;-0,4547;0,2500;2,0200;1;0,0000;0,0000;1;1;1;2;0;0
55,4445;89,4192;11,7000;1,7649;-0,3631;0,9023;0,0000;0,0054;0,0000;0,0276;-0,4539;0,3100;2,0700;1;0,0000;0,0000;1;1;1;2;0;0
55,4584;89,4643;11,7000;1,7507;-0,3625;0,9014;0,0000;0,0066;0,0000;0,0281;-0,4531;0,3600;2,1100;1;0,0000;0,0000;1;1;1;2;0;0
55,4723;89,5094;11,7000;1,6203;-0,3618;0,9003;0,0000;0,0087;0,0000;0,0271;-0,4523;0,4100;2,0300;1;0,0000;0,0000;1;1;1;2;0;0
55,4862;89,7646;11,7000;1,5380;-0,3612;0,8992;0,0000;0,0100;0,0000;0,0266;-0,4515;0,4600;1,9900;1;0,0000;0,0000;1;1;1;2;0;0
55,5000;89,7646;11,7000;1,3432;-0,3606;0,8980;0,0000;0,0121;0,0000;0,0245;-0,4507;0,5000;1,8400;1;0,0000;0,0000;1;1;1;2;0;0
55,5139;89,7646;11,7000;1,3146;-0,3599;0,8966;0,0000;0,0125;0,0000;0,0247;-0,4499;0,5400;1,8500;1;0,0000;0,0000;1;1;1;2;0;0
55,5278;89,7646;11,7000;1,2384;-0,3593;0,8952;0,0000;0,0133;0,0000;0,0242;-0,4491;0,5700;1,8100;1;0,0000;0,0000;1;1;1;2;0;0
55,5417;89,7646;11,7000;1,1294;-0,3587;0,8938;0,0000;0,0142;0,0000;0,0232;-0,4483;0,6100;1,7400;1;0,0000;0,0000;1;1;1;2;0;0
55,5556;89,7802;11,7000;1,0015;-0,3580;0,8922;0,0000;0,0151;0,0000;0,0219;-0,4476;0,6400;1,6400;1;0,0000;0,0000;1;1;1;2;0;0
55,5695;89,8254;11,7000;0,8234;-0,3574;0,8907;0,0000;0,0161;0,0000;0,0198;-0,4468;0,6600;1,4900;1;0,0000;0,0000;1;1;1;2;0;0
55,5834;89,8705;11,7000;0,7572;-0,3569;0,8891;0,0000;0,0161;0,0000;0,0193;-0,4461;0,6900;1,4400;1;0,0000;0,0000;1;1;1;2;0;0
55,5973;89,9156;11,7000;0,6022;-0,3563;0,8875;0,0000;0,0167;0,0000;0,0174;-0,4453;0,7000;1,3100;1;0,0000;0,0000;1;1;1;2;0;0
55,6112;89,9608;11,7000;0,5856;-0,3557;0,8859;0,0000;0,0161;0,0000;0,0174;-0,4446;0,7200;1,3100;1;0,0000;0,0000;1;1;1;2;0;0
55,6250;90,2222;11,7000;0,6201;-0,3551;0,8842;0,0000;0,0152;0,0000;0,0182;-0,4439;0,7400;1,3600;1;0,0000;0,0000;1;1;1;2;0;0
55,6389;90,2222;11,7000;0,6079;-0,3545;0,8826;0,0000;0,0147;0,0000;0,0182;-0,4431;0,7600;1,3700;1;0,0000;0,0000;1;1;1;2;0;0
55,6528;90,2222;11,7000;0,6156;-0,3539;0,8809;0,0000;0,0142;0,0000;0,0186;-0,4423;0,7800;1,4000;1;0,0000;0,0000;1;1;1;2;0;0
55,6667;90,2222;11,7000;0,6131;-0,3532;0,8793;0,0000;0,0138;0,0000;0,0188;-0,4415;0,8000;1,4100;1;0,0000;0,0000;1;1;1;2;0;0
55,6806;90,2222;11,7000;0,5877;-0,3526;0,8776;0,0000;0,0136;0,0000;0,0187;-0,4407;0,8200;1,4100;1;0,0000;0,0000;1;1;1;2;0;0
55,6945;90,2316;11,7000;0,5570;-0,3519;0,8760;0,0000;0,0135;0,0000;0,0186;-0,4399;0,8300;1,3900;1;0,0000;0,0000;1;1;1;2;0;0
55,7084;90,2767;11,7000;0,4846;-0,3513;0,8743;0,0000;0,0137;0,0000;0,0178;-0,4391;0,8500;1,3300;1;0,0000;0,0000;1;1;1;2;0;0
55,7223;90,3218;11,7000;0,4183;-0,3507;0,8726;0,0000;0,0137;0,0000;0,0171;-0,4383;0,8600;1,2800;1;0,0000;0,0000;1;1;1;2;0;0
55,7362;90,3669;11,7000;0,3585;-0,3500;0,8709;0,0000;0,0137;0,0000;0,0164;-0,4375;0,8700;1,2300;1;0,0000;0,0000;1;1;1;2;0;0
55,7500;90,4121;11,7000;0,3183;-0,3494;0,8692;0,0000;0,0135;0,0000;0,0160;-0,4368;0,8800;1,2000;1;0,0000;0,0000;1;1;1;2;0;0
55,7639;90,6804;11,7000;0,2850;-0,3488;0,8675;0,0000;0,0132;0,0000;0,0157;-0,4360;0,8900;1,1800;1;0,0000;0,0000;1;1;1;2;0;0
55,7778;90,6804;11,7000;0,2143;-0,3482;0,8658;0,0000;0,0132;0,0000;0,0149;-0,4352;0,9000;1,1100;1;0,0000;0,0000;1;1;1;2;0;0
55,7917;90,6804;11,7000;0,1997;-0,3476;0,8640;0,0000;0,0127;0,0000;0,0148;-0,4345;0,9100;1,1100;1;0,0000;0,0000;1;1;1;2;0;0
55,8056;90,6804;11,7000;0,0637;-0,3470;0,8623;0,0000;0,0132;0,0000;0,0130;-0,4337;0,9100;0,9700;1;0,0000;0,0000;1;1;1;2;0;0
55,8195;90,6804;11,7000;0,0729;-0,3464;0,8606;0,0000;0,0124;0,0000;0,0131;-0,4330;0,9100;0,9800;1;0,0000;0,0000;1;1;1;2;0;0
55,8334;90,6829;11,7000;0,0355;-0,3458;0,8589;0,0000;0,0121;0,0000;0,0127;-0,4323;0,9100;0,9500;1;0,0000;0,0000;1;1;1;2;0;0
55,8473;90,7280;11,7000;-0,0478;-0,3453;0,8572;0,0000;0,0121;0,0000;0,0115;-0,4316;0,9100;0,8700;1;0,0000;0,0000;1;1;1;2;0;0
55,8612;90,7732;11,7000;-0,0838;-0,3447;0,8555;0,0000;0,0117;0,0000;0,0110;-0,4309;0,9100;0,8300;1;0,0000;0,0000;1;1;1;2;0;0
55,8750;90,8183;11,7000;-0,1552;-0,3442;0,8538;0,0000;0,0115;0,0000;0,0100;-0,4302;0,9100;0,7500;1;0,0000;0,0000;1;1;1;2;0;0
55,8889;90,8634;11,7000;-0,2281;-0,3437;0,8522;0,0000;0,0113;0,0000;0,0089;-0,4296;0,9000;0,6700;1;0,0000;0,0000;1;1;1;2;0;0
55,9028;91,1336;11,7000;-0,2904;-0,3432;0,8505;0,0000;0,0110;0,0000;0,0080;-0,4290;0,8900;0,6000;1;0,0000;0,0000;1;1;1;2;0;0
55,9167;91,1336;11,7000;-0,3769;-0,3427;0,8489;0,0000;0,0109;0,0000;0,0067;-0,4284;0,8800;0,5000;1;0,0000;0,0000;1;1;1;2;0;0
55,9306;91,1336;11,7000;-0,4332;-0,3423;0,8474;0,0000;0,0104;0,0000;0,0058;-0,4279;0,8700;0,4300;1;0,0000;0,0000;1;1;1;2;0;0
55,9445;91,1336;11,5000;-0,4689;-0,3419;0,8458;0,0000;0,0098;0,0000;0,0051;-0,4273;0,8500;0,3900;1;0,0000;0,0000;1;1;1;2;0;0
55,9584;91,1336;11,5000;-0,4987;-0,3415;0,8444;0,0000;0,0091;0,0000;0,0046;-0,4268;0,8400;0,3400;1;0,0000;0,0000;1;1;1;2;0;0
55,9723;91,1336;11,5000;-0,5440;-0,3411;0,8429;0,0000;0,0087;0,0000;0,0037;-0,4264;0,8200;0,2800;1;0,0000;0,0000;1;1;1;2;0;0
55,9862;91,1771;11,5000;-0,5895;-0,3407;0,8415;0,0000;0,0082;0,0000;0,0029;-0,4259;0,8100;0,2200;1;0,0000;0,0000;1;1;1;2;0;0
56,0000;91,2214;11,5000;-0,6440;-0,3404;0,8401;0,0000;0,0077;0,0000;0,0019;-0,4255;0,7900;0,1400;1;0,0000;0,0000;1;1;1;2;0;0
56,0139;91,2658;11,5000;-0,6875;-0,3401;0,8388;0,0000;0,0072;0,0000;0,0011;-0,4251;0,7700;0,0800;1;0,0000;0,0000;1;1;1;2;0;0
56,0278;91,3102;11,5000;-0,7208;-0,3398;0,8376;0,0000;0,0066;0,0000;0,0003;-0,4247;0,7500;0,0200;1;0,0000;0,0000;1;1;1;2;0;0
56,0417;91,3545;11,5000;-0,7813;-0,3395;0,8364;0,0000;0,0062;0,0000;-0,0007;-0,4244;0,7200;-0,0600;1;0,0000;0,0000;1;1;1;2;0;1
56,0556;91,5899;11,5000;-0,5024;-0,3392;0,8352;0,0000;0,0032;0,0000;0,0028;-0,4240;0,7100;0,2100;1;0,0000;0,0000;1;1;1;2;0;1
56,0695;91,5899;11,5000;-0,8452;-0,3389;0,8341;0,0000;0,0055;0,0000;-0,0021;-0,4237;0,6800;-0,1600;1;0,0000;0,0000;1;1;1;2;0;1
56,0834;91,5899;11,5000;-0,8783;-0,3387;0,8330;0,0000;0,0049;0,0000;-0,0029;-0,4234;0,6600;-0,2200;1;0,0000;0,0000;1;1;1;2;0;1
56,0973;91,5899;11,5000;-0,9242;-0,3385;0,8320;0,0000;0,0043;0,0000;-0,0039;-0,4232;0,6300;-0,2900;1;0,0000;0,0000;1;1;1;2;0;1
56,1112;91,5899;11,5000;-0,9657;-0,3384;0,8311;0,0000;0,0038;0,0000;-0,0048;-0,4230;0,6000;-0,3600;1;0,0000;0,0000;1;1;1;2;0;1
56,1250;91,6207;11,5000;-0,9971;-0,3382;0,8302;0,0000;0,0032;0,0000;-0,0056;-0,4228;0,5700;-0,4200;1;0,0000;0,0000;1;1;1;2;0;1
56,1389;91,6651;11,5000;-1,0357;-0,3381;0,8294;0,0000;0,0026;0,0000;-0,0065;-0,4226;0,5400;-0,4900;1;0,0000;0,0000;1;1;1;2;0;1
56,1528;91,7095;11,5000;-1,0730;-0,3380;0,8286;0,0000;0,0020;0,0000;-0,0075;-0,4225;0,5100;-0,5600;1;0,0000;0,0000;1;1;1;2;0;1
56,1667;91,7538;11,5000;-1,0518;-0,3379;0,8279;0,0000;0,0010;0,0000;-0,0076;-0,4224;0,4800;-0,5700;1;0,0000;0,0000;1;1;1;2;0;1
56,1806;91,7982;11,5000;-1,0691;-0,3379;0,8272;0,0000;0,0004;0,0000;-0,0082;-0,4223;0,4500;-0,6200;1;0,0000;0,0000;1;1;1;2;0;1
56,1945;92,0478;11,5000;-1,0943;-0,3378;0,8267;0,0000;-0,0001;0,0000;-0,0090;-0,4223;0,4200;-0,6700;1;0,0000;0,0000;1;1;0;2;0;1
56,2084;92,0478;11,5000;-1,2619;-0,3379;0,8261;0,0000;0,0005;0,0000;-0,0117;-0,4223;0,3800;-0,8800;1;0,0000;0,0000;1;1;1;2;0;1
56,2223;92,0478;11,5000;-1,3142;-0,3379;0,8257;0,0000;-0,0001;0,0000;-0,0129;-0,4224;0,3400;-0,9700;1;0,0000;0,0000;1;1;0;2;0;1
56,2362;92,0478;11,5000;-1,4299;-0,3381;0,8253;0,0000;-0,0002;0,0000;-0,0150;-0,4226;0,3000;-1,1300;1;0,0000;0,0000;1;1;0;2;0;1
56,2500;92,0478;11,5000;-1,4839;-0,3382;0,8250;0,0000;-0,0008;0,0000;-0,0163;-0,4228;0,2600;-1,2300;1;0,0000;0,0000;1;1;0;2;0;1
56,2639;92,0644;11,5000;-1,5094;-0,3384;0,8248;0,0000;-0,0017;0,0000;-0,0173;-0,4230;0,2100;-1,2900;1;0,0000;0,0000;1;1;0;2;0;0
56,2778;92,1088;11,5000;-1,5233;-0,3387;0,8247;0,0000;-0,0027;0,0000;-0,0181;-0,4233;0,1700;-1,3500;1;0,0000;0,0000;1;1;0;2;0;0
56,2917;92,1531;11,5000;-1,5090;-0,3389;0,8247;0,0000;-0,0038;0,0000;-0,0185;-0,4237;0,1200;-1,3800;1;0,0000;0,0000;1;1;0;2;0;0
56,3056;92,1975;11,5000;-1,4479;-0,3392;0,8248;0,0000;-0,0051;0,0000;-0,0182;-0,4240;0,0800;-1,3700;1;0,0000;0,0000;1;1;0;2;0;0
56,3195;92,2419;11,5000;-1,3252;-0,3394;0,8249;0,0000;-0,0068;0,0000;-0,0171;-0,4243;0,0400;-1,2800;1;0,0000;0,0000;1;1;0;2;0;0
56,3334;92,5021;11,5000;-1,2117;-0,3397;0,8252;0,0000;-0,0081;0,0000;-0,0160;-0,4246;0,0000;-1,2000;1;0,0000;0,0000;1;1;0;2;0;0
56,3473;92,5021;11,5000;-1,0189;-0,3399;0,8255;0,0000;-0,0099;0,0000;-0,0139;-0,4249;-0,0200;-1,0400;1;0,0000;0,0000;1;1;0;2;0;0
56,3612;92,5021;11,5000;-0,9463;-0,3401;0,8260;0,0000;-0,0104;0,0000;-0,0133;-0,4252;-0,0400;-0,9900;1;0,0000;0,0000;1;1;0;2;0;0
56,3750;92,5021;11,5000;-0,8779;-0,3404;0,8264;0,0000;-0,0108;0,0000;-0,0127;-0,4255;-0,0700;-0,9500;1;0,0000;0,0000;1;1;0;2;0;0
56,3889;92,5021;11,5000;-0,8550;-0,3406;0,8269;0,0000;-0,0107;0,0000;-0,0127;-0,4258;-0,1000;-0,9500;1;0,0000;0,0000;1;1;0;2;0;0
56,4028;92,5081;11,5000;-0,7142;-0,3409;0,8274;0,0000;-0,0116;0,0000;-0,0111;-0,4261;-0,1200;-0,8300;1;0,0000;0,0000;1;1;0;2;0;0
56,4167;92,5524;11,5000;-0,6443;-0,3411;0,8280;0,0000;-0,0117;0,0000;-0,0104;-0,4263;-0,1400;-0,7800;1;0,0000;0,0000;1;1;0;1;0;0
56,4306;92,5968;11,5000;-0,5736;-0,3413;0,8286;0,0000;-0,0118;0,0000;-0,0097;-0,4266;-0,1500;-0,7300;1;0,0000;0,0000;1;1;0;1;0;0
56,4445;92,6412;11,3000;-0,4893;-0,3415;0,8291;0,0000;-0,0119;0,0000;-0,0088;-0,4269;-0,1700;-0,6600;1;0,0000;0,0000;1;1;0;1;0;0
56,4584;92,6848;11,3000;-0,4648;-0,3417;0,8297;0,0000;-0,0115;0,0000;-0,0086;-0,4271;-0,1800;-0,6500;1;0,0000;0,0000;1;1;0;1;0;0
56,4723;92,7284;11,3000;-0,4473;-0,3419;0,8303;0,0000;-0,0110;0,0000;-0,0086;-0,4274;-0,1900;-0,6400;1;0,0000;0,0000;1;1;0;1;0;0
56,4862;92,9584;11,3000;-0,4075;-0,3421;0,8309;0,0000;-0,0108;0,0000;-0,0082;-0,4276;-0,2100;-0,6100;1;0,0000;0,0000;1;1;0;1;0;0
56,5000;92,9584;11,3000;-0,3996;-0,3423;0,8315;0,0000;-0,0103;0,0000;-0,0082;-0,4279;-0,2200;-0,6200;1;0,0000;0,0000;1;1;0;1;0;0
56,5139;92,9584;11,3000;-0,3943;-0,3425;0,8321;0,0000;-0,0099;0,0000;-0,0083;-0,4281;-0,2300;-0,6200;1;0,0000;0,0000;1;1;0;1;0;0
56,5278;92,9584;11,3000;-0,3392;-0,3427;0,8327;0,0000;-0,0099;0,0000;-0,0077;-0,4284;-0,2400;-0,5800;1;0,0000;0,0000;1;1;0;1;0;0
56,5417;92,9584;11,3000;-0,3521;-0,3429;0,8333;0,0000;-0,0093;0,0000;-0,0080;-0,4286;-0,2500;-0,6000;1;0,0000;0,0000;1;1;0;1;0;0
56,5556;92,9899;11,3000;-0,3429;-0,3431;0,8339;0,0000;-0,0089;0,0000;-0,0080;-0,4289;-0,2600;-0,6000;1;0,0000;0,0000;1;1;0;1;0;0
56,5695;93,0335;11,3000;-0,3112;-0,3433;0,8345;0,0000;-0,0088;0,0000;-0,0077;-0,4292;-0,2600;-0,5800;1;0,0000;0,0000;1;1;0;1;0;0
56,5834;93,0771;11,3000;-0,2727;-0,3436;0,8350;0,0000;-0,0087;0,0000;-0,0073;-0,4294;-0,2700;-0,5400;1;0,0000;0,0000;1;1;0;1;0;0
56,5973;93,1207;11,3000;-0,2728;-0,3438;0,8356;0,0000;-0,0083;0,0000;-0,0074;-0,4297;-0,2800;-0,5500;1;0,0000;0,0000;1;1;0;1;0;0
56,6112;93,1643;11,3000;-0,2410;-0,3440;0,8362;0,0000;-0,0082;0,0000;-0,0070;-0,4300;-0,2900;-0,5300;1;0,0000;0,0000;1;1;0;1;0;0
56,6250;93,4147;11,3000;-0,1436;-0,3442;0,8368;0,0000;-0,0086;0,0000;-0,0058;-0,4302;-0,2900;-0,4300;1;0,0000;0,0000;1;1;0;1;0;0
56,6389;93,4147;11,3000;-0,0625;-0,3443;0,8374;0,0000;-0,0087;0,0000;-0,0047;-0,4304;-0,2900;-0,3500;1;0,0000;0,0000;1;1;0;1;0;0
56,6528;93,4147;11,3000;-0,0304;-0,3445;0,8380;0,0000;-0,0084;0,0000;-0,0043;-0,4306;-0,2900;-0,3200;1;0,0000;0,0000;1;1;0;1;0;0
56,6667;93,4147;11,3000;0,0357;-0,3447;0,8386;0,0000;-0,0083;0,0000;-0,0034;-0,4308;-0,2900;-0,2500;1;0,0000;0,0000;1;1;0;1;0;0
56,6806;93,4147;11,3000;0,1555;-0,3448;0,8391;0,0000;-0,0086;0,0000;-0,0017;-0,4310;-0,2800;-0,1300;1;0,0000;0,0000;1;1;0;1;0;0
56,6945;93,4259;11,3000;0,2048;-0,3449;0,8397;0,0000;-0,0082;0,0000;-0,0010;-0,4311;-0,2800;-0,0700;1;0,0000;0,0000;1;1;0;1;0;0
56,7084;93,4695;11,3000;0,2829;-0,3450;0,8402;0,0000;-0,0082;0,0000;0,0000;-0,4313;-0,2700;0,0000;1;0,0000;0,0000;1;1;0;1;0;0
56,7223;93,5131;11,3000;0,3319;-0,3451;0,8407;0,0000;-0,0077;0,0000;0,0009;-0,4314;-0,2600;0,0700;1;0,0000;0,0000;1;1;0;1;0;0
56,7362;93,5567;11,3000;0,3369;-0,3452;0,8411;0,0000;-0,0069;0,0000;0,0011;-0,4314;-0,2500;0,0800;1;0,0000;0,0000;1;1;0;1;0;0
56,7500;93,6003;11,3000;0,4276;-0,3452;0,8416;0,0000;-0,0068;0,0000;0,0025;-0,4315;-0,2400;0,1900;1;0,0000;0,0000;1;1;0;1;0;0
56,7639;93,8705;11,3000;0,4993;-0,3452;0,8420;0,0000;-0,0065;0,0000;0,0036;-0,4315;-0,2300;0,2700;1;0,0000;0,0000;1;1;0;1;0;0
56,7778;93,8705;11,3000;0,5986;-0,3452;0,8423;0,0000;-0,0064;0,0000;0,0052;-0,4315;-0,2100;0,3900;1;0,0000;0,0000;1;1;0;1;0;0
56,7917;93,8705;11,3000;0,7192;-0,3452;0,8427;0,0000;-0,0064;0,0000;0,0071;-0,4315;-0,1900;0,5300;1;0,0000;0,0000;1;1;0;1;0;0
56,8056;93,8705;11,3000;0,7782;-0,3451;0,8429;0,0000;-0,0057;0,0000;0,0081;-0,4314;-0,1700;0,6100;1;0,0000;0,0000;1;1;0;1;0;0
56,8195;93,8705;11,3000;0,8635;-0,3450;0,8431;0,0000;-0,0053;0,0000;0,0096;-0,4312;-0,1400;0,7200;1;0,0000;0,0000;1;1;0;1;0;0
56,8334;93,8705;11,3000;0,9164;-0,3448;0,8433;0,0000;-0,0046;0,0000;0,0107;-0,4310;-0,1200;0,8000;1;0,0000;0,0000;1;1;0;1;0;0
56,8473;93,9054;11,3000;1,0043;-0,3447;0,8434;0,0000;-0,0041;0,0000;0,0122;-0,4308;-0,0900;0,9200;1;0,0000;0,0000;1;1;0;1;0;0
56,8612;93,9490;11,3000;1,0534;-0,3444;0,8434;0,0000;-0,0034;0,0000;0,0133;-0,4306;-0,0600;1,0000;1;0,0000;0,0000;1;1;0;1;0;0
56,8750;93,9926;11,3000;1,0896;-0,3442;0,8434;0,0000;-0,0025;0,0000;0,0142;-0,4303;-0,0200;1,0600;1;0,0000;0,0000;1;1;0;1;0;0
56,8889;94,0362;11,3000;1,1749;-0,3439;0,8432;0,0000;-0,0020;0,0000;0,0158;-0,4299;0,0000;1,1800;1;0,0000;0,0000;1;1;0;1;0;0
56,9028;94,0798;11,3000;1,2141;-0,3436;0,8430;0,0000;-0,0012;0,0000;0,0168;-0,4296;0,0400;1,2600;1;0,0000;0,0000;1;1;0;1;0;0
56,9167;94,3267;11,3000;1,2343;-0,3433;0,8427;0,0000;-0,0002;0,0000;0,0175;-0,4291;0,0800;1,3100;1;0,0000;0,0000;1;1;0;1;0;0
56,9306;94,3267;11,3000;1,3089;-0,3429;0,8424;0,0000;0,0003;0,0000;0,0190;-0,4287;0,1200;1,4200;1;0,0000;0,0000;1;1;1;1;0;0
56,9445;94,3267;11,3000;1,3123;-0,3425;0,8419;0,0000;0,0014;0,0000;0,0195;-0,4282;0,1500;1,4700;1;0,0000;0,0000;1;1;1;1;0;0
56,9584;94,3267;11,3000;1,3166;-0,3421;0,8414;0,0000;0,0024;0,0000;0,0201;-0,4277;0,1900;1,5100;1;0,0000;0,0000;1;1;1;1;0;0
56,9723;94,3267;11,3000;1,3573;-0,3417;0,8408;0,0000;0,0031;0,0000;0,0212;-0,4271;0,2300;1,5900;1;0,0000;0,0000;1;1;1;1;0;0
56,9862;94,3414;11,3000;1,3110;-0,3412;0,8401;0,0000;0,0044;0,0000;0,0210;-0,4265;0,2700;1,5800;1;0,0000;0,0000;1;1;1;1;0;0
57,0000;94,3850;11,3000;1,2468;-0,3408;0,8393;0,0000;0,0057;0,0000;0,0207;-0,4259;0,3000;1,5500;1;0,0000;0,0000;1;1;1;1;0;0
57,0139;94,4286;11,3000;1,1140;-0,3403;0,8385;0,0000;0,0073;0,0000;0,0193;-0,4254;0,3400;1,4500;1;0,0000;0,0000;1;1;1;1;0;0
57,0278;94,4722;11,3000;0,9183;-0,3399;0,8375;0,0000;0,0092;0,0000;0,0171;-0,4248;0,3600;1,2800;1;0,0000;0,0000;1;1;1;1;0;0
57,0417;94,5158;11,3000;0,8699;-0,3394;0,8365;0,0000;0,0096;0,0000;0,0168;-0,4243;0,3900;1,2600;1;0,0000;0,0000;1;1;1;1;0;0
57,0556;94,7821;11,3000;0,8039;-0,3390;0,8355;0,0000;0,0101;0,0000;0,0162;-0,4237;0,4100;1,2200;1;0,0000;0,0000;1;1;1;1;0;0
57,0695;94,7821;11,3000;0,6267;-0,3386;0,8344;0,0000;0,0114;0,0000;0,0141;-0,4232;0,4300;1,0600;1;0,0000;0,0000;1;1;1;1;0;0
57,0834;94,7821;11,3000;0,5688;-0,3381;0,8333;0,0000;0,0114;0,0000;0,0136;-0,4227;0,4500;1,0200;1;0,0000;0,0000;1;1;1;1;0;0
57,0973;94,7821;11,3000;0,4813;-0,3377;0,8322;0,0000;0,0117;0,0000;0,0126;-0,4222;0,4600;0,9400;1;0,0000;0,0000;1;1;1;1;0;0
57,1112;94,7821;11,3000;0,2837;-0,3374;0,8310;0,0000;0,0127;0,0000;0,0101;-0,4217;0,4700;0,7600;1;0,0000;0,0000;1;1;1;1;0;0
57,1250;94,7821;11,3000;0,3024;-0,3370;0,8299;0,0000;0,0118;0,0000;0,0105;-0,4212;0,4800;0,7800;1;0,0000;0,0000;1;1;1;1;0;0
57,1389;94,8209;11,3000;0,2677;-0,3366;0,8287;0,0000;0,0114;0,0000;0,0101;-0,4208;0,4900;0,7600;1;0,0000;0,0000;1;1;1;1;0;0
57,1528;94,8645;11,3000;0,2606;-0,3363;0,8276;0,0000;0,0108;0,0000;0,0101;-0,4203;0,5000;0,7600;1;0,0000;0,0000;1;1;1;1;0;0
57,1667;94,9081;11,3000;0,2149;-0,3359;0,8265;0,0000;0,0106;0,0000;0,0096;-0,4199;0,5000;0,7200;1;0,0000;0,0000;1;1;1;1;0;0
57,1806;94,9517;11,4000;0,1953;-0,3355;0,8254;0,0000;0,0101;0,0000;0,0094;-0,4194;0,5100;0,7100;1;0,0000;0,0000;1;1;1;1;0;0
57,1945;94,9957;11,4000;0,1730;-0,3352;0,8243;0,0000;0,0098;0,0000;0,0092;-0,4190;0,5200;0,6900;1;0,0000;0,0000;1;1;1;1;0;0
57,2084;95,2391;11,4000;0,0540;-0,3348;0,8232;0,0000;0,0101;0,0000;0,0076;-0,4185;0,5200;0,5700;1;0,0000;0,0000;1;1;1;1;0;0
57,2223;95,2391;11,4000;0,0430;-0,3345;0,8221;0,0000;0,0095;0,0000;0,0075;-0,4181;0,5200;0,5600;1;0,0000;0,0000;1;1;1;1;0;0
57,2362;95,2391;11,4000;-0,0145;-0,3342;0,8210;0,0000;0,0093;0,0000;0,0067;-0,4177;0,5200;0,5000;1;0,0000;0,0000;1;1;1;1;0;0
57,2500;95,2391;11,4000;-0,0593;-0,3338;0,8199;0,0000;0,0090;0,0000;0,0061;-0,4173;0,5200;0,4600;1;0,0000;0,0000;1;1;1;1;0;0
57,2639;95,2391;11,4000;-0,0682;-0,3335;0,8189;0,0000;0,0084;0,0000;0,0060;-0,4169;0,5200;0,4500;1;0,0000;0,0000;1;1;1;1;0;0
57,2778;95,2596;11,4000;-0,1043;-0,3332;0,8179;0,0000;0,0081;0,0000;0,0055;-0,4165;0,5100;0,4100;1;0,0000;0,0000;1;1;1;1;0;0
57,2917;95,3035;11,4000;-0,1625;-0,3329;0,8169;0,0000;0,0079;0,0000;0,0046;-0,4161;0,5100;0,3500;1;0,0000;0,0000;1;1;1;1;0;0
57,3056;95,3475;11,4000;-0,2292;-0,3327;0,8159;0,0000;0,0078;0,0000;0,0036;-0,4158;0,5000;0,2700;1;0,0000;0,0000;1;1;1;1;0;0
57,3195;95,3915;11,4000;-0,2822;-0,3324;0,8149;0,0000;0,0075;0,0000;0,0028;-0,4155;0,4900;0,2100;1;0,0000;0,0000;1;1;1;1;0;0
57,3334;95,4355;11,4000;-0,4574;-0,3322;0,8140;0,0000;0,0081;0,0000;0,0003;-0,4152;0,4800;0,0200;1;0,0000;0,0000;1;1;1;1;0;0
57,3473;95,6946;11,4000;-0,4924;-0,3320;0,8130;0,0000;0,0075;0,0000;-0,0003;-0,4150;0,4700;-0,0200;1;0,0000;0,0000;1;1;1;1;0;0
57,3612;95,6946;11,4000;-0,5014;-0,3318;0,8122;0,0000;0,0066;0,0000;-0,0006;-0,4148;0,4500;-0,0400;1;0,0000;0,0000;1;1;1;1;0;0
57,3750;95,6946;11,4000;-0,6394;-0,3317;0,8113;0,0000;0,0068;0,0000;-0,0027;-0,4146;0,4400;-0,2000;1;0,0000;0,0000;1;1;1;1;0;0
57,3889;95,6946;11,4000;-0,7133;-0,3316;0,8105;0,0000;0,0064;0,0000;-0,0040;-0,4144;0,4200;-0,3000;1;0,0000;0,0000;1;1;1;1;0;0
57,4028;95,6946;11,4000;-0,7126;-0,3315;0,8098;0,0000;0,0053;0,0000;-0,0042;-0,4143;0,4000;-0,3200;1;0,0000;0,0000;1;1;1;1;0;0
57,4167;95,6994;11,4000;-0,8167;-0,3314;0,8091;0,0000;0,0052;0,0000;-0,0059;-0,4143;0,3700;-0,4400;1;0,0000;0,0000;1;1;1;3;0;0
57,4306;95,7433;11,4000;-0,8577;-0,3314;0,8085;0,0000;0,0045;0,0000;-0,0068;-0,4142;0,3500;-0,5100;1;0,0000;0,0000;1;1;1;3;0;0
57,4445;95,7873;11,4000;-0,9092;-0,3314;0,8079;0,0000;0,0038;0,0000;-0,0078;-0,4142;0,3200;-0,5900;1;0,0000;0,0000;1;1;1;3;0;0
57,4584;95,8313;11,4000;-0,9350;-0,3314;0,8075;0,0000;0,0030;0,0000;-0,0085;-0,4142;0,2900;-0,6400;1;0,0000;0,0000;1;1;1;3;0;0
57,4723;95,8753;11,4000;-0,9401;-0,3314;0,8070;0,0000;0,0021;0,0000;-0,0090;-0,4143;0,2700;-0,6700;1;0,0000;0,0000;1;1;1;3;0;0
57,4862;95,9193;11,4000;-1,0905;-0,3315;0,8067;0,0000;0,0023;0,0000;-0,0114;-0,4144;0,2300;-0,8500;1;0,0000;0,0000;1;1;1;3;0;0
57,5000;96,1499;11,4000;-1,1421;-0,3316;0,8064;0,0000;0,0017;0,0000;-0,0125;-0,4145;0,2000;-0,9400;1;0,0000;0,0000;1;1;1;3;0;0
57,5139;96,1499;11,4000;-1,2427;-0,3318;0,8062;0,0000;0,0014;0,0000;-0,0143;-0,4147;0,1700;-1,0800;1;0,0000;0,0000;1;1;1;3;0;0
57,5278;96,1499;11,4000;-1,2836;-0,3319;0,8061;0,0000;0,0005;0,0000;-0,0154;-0,4149;0,1300;-1,1500;1;0,0000;0,0000;1;1;1;3;0;0
57,5417;96,1499;11,4000;-1,3846;-0,3322;0,8061;0,0000;0,0002;0,0000;-0,0173;-0,4152;0,0900;-1,2900;1;0,0000;0,0000;1;1;1;3;0;0
57,5556;96,1499;11,4000;-1,4301;-0,3325;0,8062;0,0000;-0,0007;0,0000;-0,0184;-0,4156;0,0500;-1,3800;1;0,0000;0,0000;1;1;0;3;0;0
57,5695;96,1832;11,4000;-1,4748;-0,3328;0,8063;0,0000;-0,0016;0,0000;-0,0196;-0,4160;0,0000;-1,4700;1;0,0000;0,0000;1;1;0;3;0;0
57,5834;96,2272;11,4000;-1,4837;-0,3331;0,8065;0,0000;-0,0027;0,0000;-0,0203;-0,4164;-0,0300;-1,5200;1;0,0000;0,0000;1;1;0;3;0;0
57,5973;96,2711;11,4000;-1,4976;-0,3335;0,8068;0,0000;-0,0036;0,0000;-0,0210;-0,4168;-0,0800;-1,5800;1;0,0000;0,0000;1;1;0;3;0;0
57,6112;96,3151;11,4000;-1,4769;-0,3339;0,8072;0,0000;-0,0048;0,0000;-0,0213;-0,4174;-0,1200;-1,6000;1;0,0000;0,0000;1;1;0;3;0;0
57,6250;96,3591;11,4000;-1,4626;-0,3343;0,8077;0,0000;-0,0059;0,0000;-0,0217;-0,4179;-0,1700;-1,6300;1;0,0000;0,0000;1;1;0;3;0;0
57,6389;96,6077;11,4000;-1,3779;-0,3347;0,8083;0,0000;-0,0074;0,0000;-0,0211;-0,4184;-0,2100;-1,5800;1;0,0000;0,0000;1;1;0;3;0;0
57,6528;96,6077;11,4000;-1,2570;-0,3351;0,8090;0,0000;-0,0089;0,0000;-0,0200;-0,4189;-0,2400;-1,5000;1;0,0000;0,0000;1;1;0;3;0;0
57,6667;96,6077;11,4000;-1,2328;-0,3356;0,8097;0,0000;-0,0095;0,0000;-0,0202;-0,4195;-0,2800;-1,5100;1;0,0000;0,0000;1;1;0;3;0;0
57,6806;96,6077;11,4000;-1,1593;-0,3360;0,8106;0,0000;-0,0104;0,0000;-0,0196;-0,4200;-0,3100;-1,4700;1;0,0000;0,0000;1;1;0;3;0;0
57,6945;96,6077;11,4000;-0,9151;-0,3364;0,8115;0,0000;-0,0125;0,0000;-0,0167;-0,4205;-0,3400;-1,2500;1;0,0000;0,0000;1;1;0;3;0;0
57,7084;96,6230;11,4000;-0,7981;-0,3368;0,8124;0,0000;-0,0132;0,0000;-0,0155;-0,4210;-0,3600;-1,1600;1;0,0000;0,0000;1;1;0;3;0;0
57,7223;96,6670;11,4000;-0,7420;-0,3372;0,8134;0,0000;-0,0133;0,0000;-0,0150;-0,4215;-0,3800;-1,1300;1;0,0000;0,0000;1;1;0;3;0;0
57,7362;96,7109;11,4000;-0,7037;-0,3376;0,8144;0,0000;-0,0132;0,0000;-0,0148;-0,4220;-0,4000;-1,1100;1;0,0000;0,0000;1;1;0;3;0;0
57,7500;96,7549;11,4000;-0,5767;-0,3379;0,8155;0,0000;-0,0138;0,0000;-0,0133;-0,4224;-0,4200;-1,0000;1;0,0000;0,0000;1;1;0;3;0;0
57,7639;96,7989;11,4000;-0,5616;-0,3383;0,8165;0,0000;-0,0133;0,0000;-0,0133;-0,4229;-0,4400;-1,0000;1;0,0000;0,0000;1;1;0;3;0;0
57,7778;97,0632;11,4000;-0,5273;-0,3387;0,8176;0,0000;-0,0131;0,0000;-0,0131;-0,4234;-0,4500;-0,9800;1;0,0000;0,0000;1;1;0;3;0;0
57,7917;97,0632;11,4000;-0,5205;-0,3391;0,8187;0,0000;-0,0127;0,0000;-0,0132;-0,4239;-0,4700;-0,9900;1;0,0000;0,0000;1;1;0;3;0;0
57,8056;97,0632;11,4000;-0,4309;-0,3395;0,8198;0,0000;-0,0129;0,0000;-0,0121;-0,4244;-0,4800;-0,9100;1;0,0000;0,0000;1;1;0;3;0;0
57,8195;97,0632;11,4000;-0,3339;-0,3399;0,8209;0,0000;-0,0131;0,0000;-0,0110;-0,4248;-0,4900;-0,8200;1;0,0000;0,0000;1;1;0;3;0;0
57,8334;97,0632;11,4000;-0,2127;-0,3402;0,8220;0,0000;-0,0134;0,0000;-0,0094;-0,4253;-0,4900;-0,7100;1;0,0000;0,0000;1;1;0;3;0;0
57,8473;97,0632;11,4000;-0,1862;-0,3405;0,8231;0,0000;-0,0128;0,0000;-0,0091;-0,4257;-0,5000;-0,6900;1;0,0000;0,0000;1;1;0;3;0;0
57,8612;97,1067;11,4000;-0,1548;-0,3409;0,8241;0,0000;-0,0123;0,0000;-0,0088;-0,4261;-0,5000;-0,6600;1;0,0000;0,0000;1;1;0;3;0;0
57,8750;97,1507;11,4000;-0,1509;-0,3412;0,8252;0,0000;-0,0116;0,0000;-0,0088;-0,4265;-0,5100;-0,6600;1;0,0000;0,0000;1;1;0;3;0;0
57,8889;97,1947;11,4000;-0,1291;-0,3415;0,8262;0,0000;-0,0112;0,0000;-0,0085;-0,4269;-0,5100;-0,6400;1;0,0000;0,0000;1;1;0;3;0;0
57,9028;97,2387;11,4000;-0,1248;-0,3419;0,8272;0,0000;-0,0106;0,0000;-0,0085;-0,4273;-0,5100;-0,6400;1;0,0000;0,0000;1;1;0;3;0;0
57,9167;97,2827;11,4000;-0,0289;-0,3422;0,8283;0,0000;-0,0108;0,0000;-0,0072;-0,4277;-0,5100;-0,5400;1;0,0000;0,0000;1;1;0;3;0;0
57,9306;97,5158;11,4000;0,0536;-0,3424;0,8292;0,0000;-0,0107;0,0000;-0,0061;-0,4281;-0,5100;-0,4600;1;0,0000;0,0000;1;1;0;3;0;0
57,9445;97,5158;11,4000;0,1387;-0,3427;0,8302;0,0000;-0,0106;0,0000;-0,0049;-0,4284;-0,5100;-0,3700;1;0,0000;0,0000;1;1;0;3;0;0
57,9584;97,5158;11,4000;0,2518;-0,3429;0,8312;0,0000;-0,0107;0,0000;-0,0033;-0,4287;-0,5000;-0,2500;1;0,0000;0,0000;1;1;0;3;0;0
57,9723;97,5158;11,4000;0,3349;-0,3432;0,8321;0,0000;-0,0104;0,0000;-0,0020;-0,4290;-0,4900;-0,1500;1;0,0000;0,0000;1;1;0;3;0;0
57,9862;97,5158;11,4000;0,3510;-0,3434;0,8330;0,0000;-0,0096;0,0000;-0,0017;-0,4292;-0,4800;-0,1300;1;0,0000;0,0000;1;1;0;3;0;0
58,0000;97,5465;11,4000;0,3823;-0,3436;0,8338;0,0000;-0,0089;0,0000;-0,0011;-0,4295;-0,4700;-0,0800;1;0,0000;0,0000;1;1;0;3;0;0
58,0139;97,5905;11,4000;0,5578;-0,3438;0,8347;0,0000;-0,0094;0,0000;0,0014;-0,4297;-0,4500;0,1100;1;0,0000;0,0000;1;1;0;3;0;0
58,0278;97,6345;11,4000;0,6598;-0,3439;0,8354;0,0000;-0,0091;0,0000;0,0031;-0,4299;-0,4300;0,2300;1;0,0000;0,0000;1;1;0;3;0;0
58,0417;97,6785;11,4000;0,7406;-0,3440;0,8362;0,0000;-0,0086;0,0000;0,0045;-0,4300;-0,4100;0,3300;1;0,0000;0,0000;1;1;0;3;0;0
58,0556;97,7225;11,4000;0,8662;-0,3440;0,8369;0,0000;-0,0084;0,0000;0,0065;-0,4300;-0,3800;0,4900;1;0,0000;0,0000;1;1;0;3;0;0
58,0695;97,9750;11,4000;0,8936;-0,3441;0,8375;0,0000;-0,0073;0,0000;0,0072;-0,4301;-0,3500;0,5400;1;0,0000;0,0000;1;1;0;3;0;0
58,0834;97,9750;11,4000;0,9988;-0,3440;0,8381;0,0000;-0,0069;0,0000;0,0090;-0,4300;-0,3200;0,6700;1;0,0000;0,0000;1;1;0;3;0;0
58,0973;97,9750;11,4000;1,0304;-0,3440;0,8386;0,0000;-0,0059;0,0000;0,0098;-0,4300;-0,2900;0,7400;1;0,0000;0,0000;1;1;0;3;0;0
58,1112;97,9750;11,4000;1,0369;-0,3439;0,8390;0,0000;-0,0047;0,0000;0,0103;-0,4299;-0,2600;0,7700;1;0,0000;0,0000;1;1;0;3;0;0
58,1250;97,9750;11,4000;1,0751;-0,3438;0,8393;0,0000;-0,0038;0,0000;0,0112;-0,4298;-0,2300;0,8400;1;0,0000;0,0000;1;1;0;3;0;0
58,1389;97,9864;11,4000;1,1433;-0,3437;0,8396;0,0000;-0,0033;0,0000;0,0126;-0,4296;-0,2000;0,9500;1;0,0000;0,0000;1;1;0;3;0;0
58,1528;98,0303;11,4000;1,2046;-0,3436;0,8398;0,0000;-0,0026;0,0000;0,0139;-0,4294;-0,1600;1,0400;1;0,0000;0,0000;1;1;0;3;0;0
58,1667;98,0743;11,4000;1,2712;-0,3434;0,8399;0,0000;-0,0020;0,0000;0,0153;-0,4292;-0,1200;1,1500;1;0,0000;0,0000;1;1;0;3;0;0
58,1806;98,1183;11,4000;1,3403;-0,3431;0,8399;0,0000;-0,0013;0,0000;0,0168;-0,4289;-0,0800;1,2600;1;0,0000;0,0000;1;1;0;3;0;0
58,1945;98,1623;11,4000;1,4080;-0,3428;0,8398;0,0000;-0,0007;0,0000;0,0182;-0,4285;-0,0400;1,3700;1;0,0000;0,0000;1;1;0;3;0;0
58,2084;98,4327;11,4000;1,5003;-0,3425;0,8397;0,0000;-0,0002;0,0000;0,0200;-0,4281;0,0000;1,5000;1;0,0000;0,0000;1;1;0;3;0;0
58,2223;98,4327;11,4000;1,5188;-0,3421;0,8395;0,0000;0,0010;0,0000;0,0209;-0,4277;0,0400;1,5700;1;0,0000;0,0000;1;1;1;3;0;0
58,2362;98,4327;11,4000;1,5684;-0,3417;0,8391;0,0000;0,0018;0,0000;0,0222;-0,4272;0,0900;1,6600;1;0,0000;0,0000;1;1;1;3;0;0
58,2500;98,4327;11,4000;1,6771;-0,3413;0,8387;0,0000;0,0022;0,0000;0,0243;-0,4266;0,1400;1,8200;1;0,0000;0,0000;1;1;1;3;0;0
58,2639;98,4327;11,4000;1,7556;-0,3408;0,8382;0,0000;0,0028;0,0000;0,0260;-0,4260;0,2000;1,9500;1;0,0000;0,0000;1;1;1;3;0;0
58,2778;98,4327;11,4000;1,8021;-0,3402;0,8375;0,0000;0,0038;0,0000;0,0274;-0,4253;0,2500;2,0500;1;0,0000;0,0000;1;1;1;3;0;0
58,2917;98,4701;11,4000;1,8263;-0,3397;0,8368;0,0000;0,0049;0,0000;0,0284;-0,4246;0,3000;2,1300;1;0,0000;0,0000;1;1;1;3;0;0
58,3056;98,5141;11,4000;1,8311;-0,3390;0,8359;0,0000;0,0061;0,0000;0,0292;-0,4238;0,3600;2,1900;1;0,0000;0,0000;1;1;1;3;0;0
58,3195;98,5581;11,4000;1,8532;-0,3384;0,8349;0,0000;0,0071;0,0000;0,0302;-0,4230;0,4100;2,2700;1;0,0000;0,0000;1;1;1;3;0;0
58,3334;98,6021;11,4000;1,8822;-0,3377;0,8338;0,0000;0,0080;0,0000;0,0313;-0,4221;0,4700;2,3500;1;0,0000;0,0000;1;1;1;3;0;0
58,3473;98,6460;11,4000;1,8695;-0,3369;0,8326;0,0000;0,0092;0,0000;0,0319;-0,4212;0,5200;2,3900;1;0,0000;0,0000;1;1;1;3;0;0
58,3612;98,8893;11,4000;1,8141;-0,3362;0,8313;0,0000;0,0106;0,0000;0,0319;-0,4202;0,5800;2,3900;1;0,0000;0,0000;1;1;1;3;0;0
58,3750;98,8893;11,4000;1,7949;-0,3354;0,8299;0,0000;0,0116;0,0000;0,0323;-0,4193;0,6300;2,4300;1;0,0000;0,0000;1;1;1;3;0;0
58,3889;98,8893;11,4000;1,7427;-0,3346;0,8283;0,0000;0,0127;0,0000;0,0323;-0,4183;0,6800;2,4200;1;0,0000;0,0000;1;1;1;3;0;0
58,4028;98,8893;11,4000;1,7069;-0,3338;0,8267;0,0000;0,0136;0,0000;0,0325;-0,4172;0,7300;2,4400;1;0,0000;0,0000;1;1;1;3;0;0
58,4167;98,8893;11,4000;1,6582;-0,3329;0,8249;0,0000;0,0146;0,0000;0,0325;-0,4162;0,7800;2,4400;1;0,0000;0,0000;1;1;1;3;0;0
58,4306;98,9099;11,4000;1,6487;-0,3321;0,8231;0,0000;0,0151;0,0000;0,0330;-0,4151;0,8300;2,4800;1;0,0000;0,0000;1;1;1;4;0;0
58,4445;98,9539;11,4000;1,5852;-0,3312;0,8212;0,0000;0,0160;0,0000;0,0328;-0,4140;0,8800;2,4600;1;0,0000;0,0000;1;1;1;4;0;0
58,4584;98,9978;11,6000;1,5373;-0,3303;0,8192;0,0000;0,0167;0,0000;0,0328;-0,4129;0,9200;2,4600;1;0,0000;0,0000;1;1;1;4;0;0
58,4723;99,0426;11,6000;1,3798;-0,3294;0,8170;0,0000;0,0181;0,0000;0,0313;-0,4117;0,9700;2,3500;1;0,0000;0,0000;1;1;1;4;0;0
58,4862;99,0873;11,6000;1,3106;-0,3285;0,8149;0,0000;0,0186;0,0000;0,0309;-0,4106;1,0000;2,3200;1;0,0000;0,0000;1;1;1;4;0;0
58,5000;99,3456;11,6000;1,1228;-0,3276;0,8126;0,0000;0,0199;0,0000;0,0288;-0,4095;1,0400;2,1600;1;0,0000;0,0000;1;1;1;4;0;0
58,5139;99,3456;11,6000;1,0581;-0,3267;0,8103;0,0000;0,0200;0,0000;0,0284;-0,4083;1,0700;2,1300;1;0,0000;0,0000;1;1;1;4;0;0
58,5278;99,3456;11,6000;1,0140;-0,3258;0,8079;0,0000;0,0199;0,0000;0,0282;-0,4072;1,1000;2,1200;1;0,0000;0,0000;1;1;1;4;0;0
58,5417;99,3456;11,6000;1,0051;-0,3248;0,8055;0,0000;0,0196;0,0000;0,0285;-0,4060;1,1300;2,1400;1;0,0000;0,0000;1;1;1;4;0;0
58,5556;99,3456;11,6000;0,8581;-0,3239;0,8030;0,0000;0,0203;0,0000;0,0269;-0,4048;1,1600;2,0200;1;0,0000;0,0000;1;1;1;4;0;0
58,5695;99,3557;11,6000;0,7962;-0,3229;0,8005;0,0000;0,0202;0,0000;0,0264;-0,4037;1,1800;1,9800;1;0,0000;0,0000;1;1;1;4;0;0
58,5834;99,4005;11,6000;0,7364;-0,3220;0,7979;0,0000;0,0201;0,0000;0,0259;-0,4025;1,2100;1,9400;1;0,0000;0,0000;1;1;1;4;0;0
58,5973;99,4452;11,6000;0,6257;-0,3211;0,7954;0,0000;0,0203;0,0000;0,0247;-0,4014;1,2200;1,8500;1;0,0000;0,0000;1;1;1;4;0;0
58,6112;99,4899;11,6000;0,6080;-0,3201;0,7927;0,0000;0,0197;0,0000;0,0247;-0,4002;1,2400;1,8500;1;0,0000;0,0000;1;1;1;4;0;0
58,6250;99,5347;11,6000;0,6044;-0,3192;0,7901;0,0000;0,0191;0,0000;0,0249;-0,3990;1,2600;1,8700;1;0,0001;0,0000;1;1;1;4;0;0
58,6389;99,8022;11,6000;0,5674;-0,3183;0,7874;0,0000;0,0188;0,0000;0,0246;-0,3978;1,2800;1,8500;1;0,0001;0,0000;1;1;1;4;0;0
58,6528;99,8022;11,6000;0,4979;-0,3173;0,7847;0,0000;0,0187;0,0000;0,0239;-0,3967;1,2900;1,7900;1;0,0001;0,0000;1;1;1;4;0;0
58,6667;99,8022;11,6000;0,3843;-0,3164;0,7820;0,0000;0,0190;0,0000;0,0226;-0,3955;1,3100;1,6900;1;0,0001;0,0000;1;1;1;4;0;0
58,6806;99,8022;11,6000;0,3624;-0,3155;0,7792;0,0000;0,0184;0,0000;0,0224;-0,3944;1,3200;1,6800;1;0,0001;0,0000;1;1;1;4;0;0
58,6945;99,8022;11,6000;0,2068;-0,3146;0,7764;0,0000;0,0189;0,0000;0,0204;-0,3933;1,3200;1,5300;1;0,0001;0,0000;1;1;1;4;0;0
58,7084;99,8031;11,6000;0,1586;-0,3137;0,7737;0,0000;0,0184;0,0000;0,0198;-0,3922;1,3300;1,4900;1;0,0001;0,0000;1;1;1;4;0;0
58,7223;99,8479;11,6000;0,0172;-0,3129;0,7709;0,0000;0,0186;0,0000;0,0180;-0,3911;1,3300;1,3500;1;0,0001;0,0000;1;1;1;4;0;0
58,7362;99,8926;11,6000;-0,1027;-0,3120;0,7681;0,0000;0,0185;0,0000;0,0163;-0,3901;1,3300;1,2300;1;0,0001;0,0000;1;1;1;4;0;0
58,7500;99,9373;11,6000;-0,1267;-0,3112;0,7653;0,0000;0,0176;0,0000;0,0160;-0,3890;1,3300;1,2000;1;0,0001;0,0000;1;1;1;4;0;0
58,7639;99,9821;11,6000;-0,3483;-0,3105;0,7626;0,0000;0,0182;0,0000;0,0129;-0,3881;1,3200;0,9700;1;0,0001;0,0000;1;1;1;4;0;0
58,7778;100,2512;11,6000;-0,3902;-0,3098;0,7599;0,0000;0,0173;0,0000;0,0122;-0,3872;1,3000;0,9100;1;0,0000;0,0000;1;1;1;4;0;0
58,7917;100,2512;11,6000;-0,5863;-0,3091;0,7572;0,0000;0,0175;0,0000;0,0093;-0,3863;1,2900;0,7000;1;0,0000;0,0000;1;1;1;4;0;0
58,8056;100,2512;11,6000;-0,8776;-0,3085;0,7545;0,0000;0,0183;0,0000;0,0051;-0,3856;1,2600;0,3800;1;0,0000;0,0000;1;1;1;4;0;0
58,8195;100,2512;11,6000;-0,9157;-0,3079;0,7520;0,0000;0,0168;0,0000;0,0042;-0,3849;1,2300;0,3200;1;0,0000;0,0000;1;1;1;4;0;0
58,8334;100,2512;11,6000;-1,0090;-0,3073;0,7495;0,0000;0,0158;0,0000;0,0026;-0,3842;1,2000;0,1900;1;0,0000;0,0000;1;1;1;4;0;0
58,8473;100,2512;11,6000;-1,1698;-0,3069;0,7471;0,0000;0,0153;0,0000;0,0000;-0,3836;1,1700;0,0000;1;0,0000;0,0000;1;1;1;4;0;0
58,8612;100,2953;11,6000;-1,2019;-0,3064;0,7447;0,0000;0,0137;0,0000;-0,0010;-0,3830;1,1200;-0,0800;1;0,0059;0,0000;1;1;1;4;0;0
58,8750;100,3400;11,6000;-1,2373;-0,3060;0,7425;0,0000;0,0122;0,0000;-0,0021;-0,3825;1,0800;-0,1600;1;0,0119;0,0000;1;1;1;4;0;0
58,8889;100,3848;11,6000;-1,3929;-0,3056;0,7404;0,0000;0,0117;0,0000;-0,0049;-0,3821;1,0300;-0,3700;1;0,0178;56,0400;1;1;1;4;0;0
58,9028;100,4296;11,6000;-1,4690;-0,3053;0,7384;0,0000;0,0104;0,0000;-0,0066;-0,3817;0,9700;-0,5000;1;0,0238;41,9900;1;1;1;4;0;0
58,9167;100,4743;11,6000;-1,5233;-0,3051;0,7365;0,0000;0,0091;0,0000;-0,0081;-0,3813;0,9200;-0,6100;1;0,0298;33,5700;1;1;1;4;0;0
58,9306;100,7053;11,6000;-1,6060;-0,3046;0,7348;0,0000;0,0077;0,0000;-0,0106;-0,3807;0,8100;-0,7900;1;0,0606;16,4900;1;1;1;4;0;0
58,9445;100,7053;11,6000;-1,6228;-0,3045;0,7331;0,0000;0,0061;0,0000;-0,0114;-0,3806;0,7700;-0,8600;1;0,0606;16,4900;1;1;1;4;0;0
58,9584;100,7053;11,6000;-1,6135;-0,3044;0,7315;0,0000;0,0045;0,0000;-0,0119;-0,3805;0,7200;-0,9000;1;0,0606;16,4900;1;1;1;4;0;0
58,9723;100,7053;11,6000;-1,6730;-0,3043;0,7301;0,0000;0,0035;0,0000;-0,0134;-0,3804;0,6700;-1,0100;1;0,0606;16,4900;1;1;1;4;0;0
58,9862;100,7053;11,7000;-1,7296;-0,3043;0,7288;0,0000;0,0026;0,0000;-0,0148;-0,3804;0,6200;-1,1100;1;0,0606;16,4900;1;1;1;4;0;0
59,0000;100,7373;11,7000;-1,7501;-0,3047;0,7277;0,0000;0,0006;0,0000;-0,0174;-0,3809;0,4500;-1,3000;1;0,0607;16,4900;1;1;1;4;0;0
59,0139;100,7824;11,7000;-1,8026;-0,3053;0,7268;0,0000;-0,0014;0,0000;-0,0209;-0,3816;0,2400;-1,5700;1;0,0607;16,4800;1;1;0;4;0;0
59,0278;100,8275;11,7000;-1,8645;-0,3059;0,7261;0,0000;-0,0033;0,0000;-0,0245;-0,3824;0,0200;-1,8400;0;0,0607;16,4700;1;1;0;4;0;0
59,0417;100,8727;11,7000;-1,8908;-0,3066;0,7258;0,0000;-0,0055;0,0000;-0,0277;-0,3833;-0,1800;-2,0800;0;0,0607;16,4600;1;1;0;4;0;0
59,0556;100,9178;11,7000;-1,8960;-0,3073;0,7257;0,0000;-0,0078;0,0000;-0,0307;-0,3842;-0,4000;-2,3000;0;0,0608;16,4500;1;1;0;4;0;0
59,0695;101,1619;11,7000;-1,9612;-0,3059;0,7260;0,0000;-0,0141;0,0000;-0,0436;-0,3823;-1,3100;-3,2700;0;0,0609;16,4100;1;1;0;4;0;0
59,0834;101,1619;11,7000;-1,9689;-0,3071;0,7264;0,0000;-0,0152;0,0000;-0,0445;-0,3839;-1,3700;-3,3400;0;0,0609;16,4100;1;1;0;4;0;0
59,0973;101,1619;11,7000;-1,9376;-0,3085;0,7267;0,0000;-0,0166;0,0000;-0,0448;-0,3856;-1,4200;-3,3600;0;0,0609;16,4100;1;1;0;4;0;0
59,1112;101,1619;11,7000;-1,8066;-0,3098;0,7274;0,0000;-0,0186;0,0000;-0,0438;-0,3873;-1,4800;-3,2900;0;0,0609;16,4100;1;1;0;4;0;0
59,1250;101,1619;11,7000;-1,6865;-0,3112;0,7284;0,0000;-0,0203;0,0000;-0,0429;-0,3889;-1,5300;-3,2200;0;0,0609;16,4100;1;1;0;4;0;0
59,1389;101,1777;11,7000;-1,6512;-0,3127;0,7297;0,0000;-0,0215;0,0000;-0,0439;-0,3909;-1,6300;-3,2900;0;0,0609;16,4100;1;1;0;4;0;0
59,1528;101,2228;11,7000;-1,5549;-0,3146;0,7315;0,0000;-0,0237;0,0000;-0,0453;-0,3932;-1,8400;-3,4000;0;0,0610;16,4000;1;1;0;4;0;0
59,1667;101,2679;11,7000;-1,5356;-0,3165;0,7338;0,0000;-0,0251;0,0000;-0,0478;-0,3956;-2,0400;-3,5800;0;0,0610;16,4000;1;1;0;4;0;0
59,1806;101,3130;11,7000;-1,4845;-0,3184;0,7365;0,0000;-0,0268;0,0000;-0,0498;-0,3980;-2,2500;-3,7400;0;0,0610;16,3900;1;1;0;4;0;0
59,1945;101,3580;11,7000;-1,4126;-0,3203;0,7397;0,0000;-0,0286;0,0000;-0,0515;-0,4004;-2,4500;-3,8600;0;0,0610;16,3900;1;1;0;4;0;0
59,2084;101,6168;11,7000;-1,2732;-0,3198;0,7432;0,0000;-0,0357;0,0000;-0,0622;-0,3998;-3,3900;-4,6700;0;0,0611;16,3600;1;1;0;4;0;0
59,2223;101,6168;11,7000;-1,1180;-0,3222;0,7470;0,0000;-0,0367;0,0000;-0,0606;-0,4028;-3,4300;-4,5400;0;0,0611;16,3600;1;1;0;4;0;0
59,2362;101,6168;11,4000;-1,0733;-0,3246;0,7508;0,0000;-0,0367;0,0000;-0,0604;-0,4058;-3,4600;-4,5300;0;0,0611;16,3600;1;1;0;4;0;0
59,2500;101,6168;11,4000;-0,9967;-0,3270;0,7548;0,0000;-0,0369;0,0000;-0,0598;-0,4087;-3,4900;-4,4800;0;0,0611;16,3600;1;1;0;4;0;0
59,2639;101,6168;11,4000;-0,9814;-0,3294;0,7591;0,0000;-0,0366;0,0000;-0,0600;-0,4117;-3,5200;-4,5000;0;0,0611;16,3600;1;1;0;4;0;0
59,2778;101,6168;11,4000;-0,9597;-0,3317;0,7637;0,0000;-0,0364;0,0000;-0,0601;-0,4147;-3,5500;-4,5100;0;0,0611;16,3600;1;1;0;4;0;0
59,2917;101,6573;11,4000;-0,8364;-0,3346;0,7687;0,0000;-0,0379;0,0000;-0,0607;-0,4182;-3,7100;-4,5500;0;0,0611;16,3600;1;1;0;4;0;0
59,3056;101,7012;11,4000;-0,6990;-0,3374;0,7740;0,0000;-0,0394;0,0000;-0,0612;-0,4218;-3,8900;-4,5900;0;0,0611;16,3600;1;1;0;4;0;0
59,3195;101,7450;11,4000;-0,5827;-0,3403;0,7797;0,0000;-0,0407;0,0000;-0,0620;-0,4253;-4,0600;-4,6500;0;0,0611;16,3600;1;1;0;4;0;0
59,3334;101,7888;11,4000;-0,5126;-0,3431;0,7857;0,0000;-0,0414;0,0000;-0,0633;-0,4289;-4,2300;-4,7500;0;0,0611;16,3600;1;1;0;4;0;0
59,3473;101,8327;11,4000;-0,4432;-0,3459;0,7920;0,0000;-0,0422;0,0000;-0,0646;-0,4324;-4,4000;-4,8400;0;0,0611;16,3500;1;1;0;4;0;0
59,3612;102,0729;11,4000;-0,4293;-0,3465;0,7986;0,0000;-0,0470;0,0000;-0,0757;-0,4331;-5,2500;-5,6800;0;0,0612;16,3500;1;1;0;4;0;0
59,3750;102,0729;11,4000;-0,3577;-0,3498;0,8053;0,0000;-0,0468;0,0000;-0,0749;-0,4372;-5,2600;-5,6200;0;0,0612;16,3500;1;1;0;4;0;0
59,3889;102,0729;11,4000;-0,2739;-0,3531;0,8119;0,0000;-0,0467;0,0000;-0,0739;-0,4413;-5,2700;-5,5400;0;0,0612;16,3500;1;1;0;4;0;0
59,4028;102,0729;11,4000;-0,1940;-0,3563;0,8186;0,0000;-0,0464;0,0000;-0,0729;-0,4454;-5,2800;-5,4700;0;0,0612;16,3500;1;1;0;4;0;0
59,4167;102,0729;11,4000;-0,1413;-0,3596;0,8255;0,0000;-0,0460;0,0000;-0,0723;-0,4495;-5,2800;-5,4200;0;0,0612;16,3500;1;1;0;4;0;0
59,4306;102,0831;11,4000;0,0718;-0,3629;0,8327;0,0000;-0,0470;0,0000;-0,0700;-0,4537;-5,3200;-5,2500;0;0,0612;16,3500;1;1;0;4;0;0
59,4445;102,1269;11,4000;0,1474;-0,3666;0,8401;0,0000;-0,0474;0,0000;-0,0710;-0,4583;-5,4600;-5,3200;0;0,0612;16,3500;1;1;0;1;0;0
59,4584;102,1706;11,4000;0,1624;-0,3703;0,8478;0,0000;-0,0474;0,0000;-0,0727;-0,4629;-5,6100;-5,4600;0;0,0612;16,3500;1;1;0;1;0;0
59,4723;102,2143;11,4000;0,3489;-0,3740;0,8558;0,0000;-0,0488;0,0000;-0,0722;-0,4675;-5,7600;-5,4100;0;0,0612;16,3500;1;1;0;1;0;0
59,4862;102,2581;11,4000;0,3862;-0,3776;0,8642;0,0000;-0,0488;0,0000;-0,0736;-0,4720;-5,9000;-5,5200;0;0,0611;16,3500;1;1;0;1;0;0
59,5000;102,5282;11,4000;0,5116;-0,3786;0,8728;0,0000;-0,0549;0,0000;-0,0842;-0,4733;-6,8300;-6,3200;0;0,0611;16,3600;1;1;0;1;0;0
59,5139;102,5282;11,4000;0,6276;-0,3826;0,8814;0,0000;-0,0544;0,0000;-0,0824;-0,4783;-6,8100;-6,1800;0;0,0611;16,3600;1;1;0;1;0;0
59,5278;102,5282;11,4000;0,6480;-0,3866;0,8900;0,0000;-0,0532;0,0000;-0,0819;-0,4833;-6,7900;-6,1400;0;0,0611;16,3600;1;1;0;1;0;0
59,5417;102,5282;11,4000;0,6813;-0,3906;0,8987;0,0000;-0,0522;0,0000;-0,0812;-0,4883;-6,7700;-6,0900;0;0,0611;16,3600;1;1;0;1;0;0
59,5556;102,5282;11,4000;0,8442;-0,3945;0,9077;0,0000;-0,0522;0,0000;-0,0787;-0,4932;-6,7400;-5,9000;0;0,0611;16,3600;1;1;0;1;0;0
59,5695;102,5282;11,4000;0,9393;-0,3984;0,9170;0,0000;-0,0516;0,0000;-0,0770;-0,4981;-6,7200;-5,7800;0;0,0611;16,3600;1;1;0;1;0;0
59,5834;102,5504;11,4000;1,0322;-0,4026;0,9266;0,0000;-0,0514;-0,0043;-0,0765;-0,5032;-6,7600;-5,7400;0;0,0611;16,3700;1;1;0;1;0;0
59,5973;102,5941;11,4000;1,1836;-0,4069;0,9363;0,0000;-0,0522;-0,0114;-0,0761;-0,5086;-6,8800;-5,7000;0;0,0611;16,3700;1;1;0;1;0;0
59,6112;102,6378;11,4000;1,2298;-0,4111;0,9456;0,0000;-0,0520;-0,0185;-0,0771;-0,5139;-7,0000;-5,7700;0;0,0611;16,3800;1;1;0;1;0;0
59,6250;102,6814;11,4000;1,2747;-0,4153;0,9542;0,0000;-0,0520;-0,0256;-0,0782;-0,5192;-7,1100;-5,8400;0;0,0610;16,3800;1;1;0;1;0;0
59,6389;102,7251;11,4000;1,3344;-0,4195;0,9617;0,0000;-0,0521;-0,0325;-0,0791;-0,5244;-7,2300;-5,9000;0;0,0610;16,3900;1;1;0;1;0;0
59,6528;102,9840;11,4000;1,4522;-0,4212;0,9683;0,0000;-0,0576;-0,0354;-0,0890;-0,5265;-8,0900;-6,6400;0;0,0609;16,4100;1;1;0;1;0;0
59,6667;102,9840;11,4000;1,5326;-0,4258;0,9740;0,0000;-0,0568;-0,0430;-0,0876;-0,5322;-8,0400;-6,5100;0;0,0609;16,4100;1;1;0;1;0;0
59,6806;102,9840;11,4000;1,6952;-0,4303;0,9788;0,0000;-0,0567;-0,0505;-0,0851;-0,5379;-7,9900;-6,3000;0;0,0609;16,4100;1;1;0;1;0;0
59,6945;102,9840;11,5000;1,8259;-0,4347;0,9828;0,0000;-0,0562;-0,0579;-0,0830;-0,5434;-7,9400;-6,1100;0;0,0609;16,4100;1;1;0;1;0;0
59,7084;102,9840;11,5000;1,8842;-0,4392;0,9861;0,0000;-0,0551;-0,0653;-0,0819;-0,5490;-7,8800;-6,0000;0;0,0609;16,4100;1;1;0;1;0;0
59,7223;102,9840;11,5000;1,9076;-0,4436;0,9888;0,0000;-0,0539;-0,0726;-0,0813;-0,5545;-7,8200;-5,9200;0;0,0609;16,4100;1;1;0;1;0;0
59,7362;103,0166;11,5000;2,0180;-0,4483;0,9910;0,0000;-0,0542;-0,0805;-0,0813;-0,5604;-7,8800;-5,8700;0;0,0609;16,4200;1;1;0;1;0;0
59,7500;103,0606;11,5000;2,1352;-0,4531;0,9928;0,0000;-0,0548;-0,0884;-0,0816;-0,5663;-7,9700;-5,8400;0;0,0609;16,4300;1;1;0;1;0;0
59,7639;103,1046;11,5000;2,2047;-0,4578;0,9942;0,0000;-0,0550;-0,0963;-0,0825;-0,5722;-8,0600;-5,8600;0;0,0608;16,4400;1;1;0;1;0;0
59,7778;103,1486;11,5000;2,2909;-0,4624;0,9954;0,0000;-0,0553;-0,1040;-0,0833;-0,5780;-8,1400;-5,8600;0;0,0608;16,4400;1;1;0;1;0;0
59,7917;103,1926;11,5000;2,3781;-0,4670;0,9964;0,0000;-0,0557;-0,1116;-0,0840;-0,5837;-8,2200;-5,8500;0;0,0608;16,4500;1;1;0;1;0;0
59,8056;103,4395;11,5000;2,5072;-0,4692;0,9971;0,0000;-0,0608;-0,1153;-0,0931;-0,5865;-9,0100;-6,5000;0;0,0606;16,5000;1;1;0;1;0;0
59,8195;103,4395;11,5000;2,5615;-0,4741;0,9977;0,0000;-0,0599;-0,1236;-0,0924;-0,5927;-8,9300;-6,3700;0;0,0606;16,5000;1;1;0;1;0;0
59,8334;103,4395;11,5000;2,7123;-0,4790;0,9982;0,0000;-0,0598;-0,1317;-0,0903;-0,5987;-8,8500;-6,1400;0;0,0606;16,5000;1;1;0;1;0;0
59,8473;103,4395;11,5000;2,7208;-0,4838;0,9986;0,0000;-0,0586;-0,1396;-0,0903;-0,6047;-8,7700;-6,0500;0;0,0606;16,5000;1;1;0;1;0;0
59,8612;103,4395;11,5000;2,8594;-0,4885;0,9989;0,0000;-0,0584;-0,1475;-0,0885;-0,6106;-8,6900;-5,8300;0;0,0606;16,5000;1;1;0;1;0;0
59,8750;103,4398;11,5000;2,9083;-0,4931;0,9991;0,0000;-0,0576;-0,1552;-0,0880;-0,6164;-8,6000;-5,7000;0;0,0606;16,5000;1;1;0;1;0;0
59,8889;103,4838;11,5000;3,0616;-0,4982;0,9993;0,0000;-0,0587;-0,1637;-0,0882;-0,6227;-8,6600;-5,6100;0;0,0606;16,5100;1;1;0;1;0;0
59,9028;103,5277;11,5000;3,1504;-0,5032;0,9995;0,0000;-0,0591;-0,1719;-0,0892;-0,6290;-8,7200;-5,5800;0;0,0605;16,5200;1;1;0;1;0;0
59,9167;103,5717;11,5000;3,2117;-0,5081;0,9996;0,0000;-0,0594;-0,1801;-0,0907;-0,6351;-8,7700;-5,5700;0;0,0605;16,5300;1;1;0;1;0;0
59,9306;103,6156;11,5000;3,2765;-0,5129;0,9997;0,0000;-0,0598;-0,1881;-0,0921;-0,6411;-8,8300;-5,5600;0;0,0605;16,5400;1;1;0;1;0;0
59,9445;103,6596;11,5000;3,4726;-0,5176;0,9997;0,0000;-0,0612;-0,1960;-0,0918;-0,6470;-8,8800;-5,4200;0;0,0604;16,5500;1;1;0;1;0;0
59,9584;103,8951;11,5000;3,5004;-0,5201;0,9998;0,0000;-0,0651;-0,2001;-0,1016;-0,6501;-9,5900;-6,0900;0;0,0602;16,6100;1;1;0;1;0;0
59,9723;103,8951;11,5000;3,6072;-0,5251;0,9998;0,0000;-0,0648;-0,2085;-0,1006;-0,6564;-9,4800;-5,8700;0;0,0602;16,6100;1;1;0;1;0;0
59,9862;103,8951;11,5000;3,7176;-0,5301;0,9999;0,0000;-0,0646;-0,2168;-0,0996;-0,6626;-9,3700;-5,6500;0;0,0602;16,6100;1;1;0;1;0;0
60,0000;103,8951;11,5000;3,8371;-0,5349;0,9999;0,0000;-0,0644;-0,2249;-0,0984;-0,6687;-9,2600;-5,4200;0;0,0602;16,6100;1;1;0;1;0;0
60,0139;103,8951;11,5000;3,8825;-0,5397;0,9999;0,0000;-0,0636;-0,2328;-0,0983;-0,6746;-9,1400;-5,2600;0;0,0602;16,6100;1;1;0;1;0;0
60,0278;103,9052;11,5000;4,0157;-0,5445;0,9999;0,0000;-0,0638;-0,2408;-0,0975;-0,6806;-9,0600;-5,0500;0;0,0602;16,6200;1;1;0;1;0;0
60,0417;103,9491;11,5000;4,2317;-0,5495;1,0000;0,0000;-0,0654;-0,2492;-0,0972;-0,6869;-9,0800;-4,8600;0;0,0601;16,6300;1;1;0;1;0;0
60,0556;103,9931;11,5000;4,3011;-0,5544;1,0000;0,0000;-0,0657;-0,2574;-0,0989;-0,6930;-9,1100;-4,8200;0;0,0601;16,6400;1;1;0;1;0;0
60,0695;104,0370;11,5000;4,4025;-0,5593;1,0000;0,0000;-0,0663;-0,2654;-0,1001;-0,6991;-9,1300;-4,7300;0;0,0600;16,6600;1;1;0;1;0;0
60,0834;104,0810;11,5000;4,5057;-0,5640;1,0000;0,0000;-0,0669;-0,2733;-0,1013;-0,7050;-9,1400;-4,6500;0;0,0600;16,6700;1;1;0;1;0;0
60,0973;104,3507;11,5000;4,6506;-0,5661;1,0000;0,0000;-0,0722;-0,2768;-0,1108;-0,7076;-9,9300;-5,2800;0;0,0597;16,7600;1;1;0;1;0;0
60,1112;104,3507;11,5000;4,7144;-0,5710;1,0000;0,0000;-0,0715;-0,2851;-0,1107;-0,7138;-9,7900;-5,0800;0;0,0597;16,7600;1;1;0;1;0;0
60,1250;104,3507;11,5000;4,8463;-0,5759;1,0000;0,0000;-0,0714;-0,2931;-0,1096;-0,7199;-9,6500;-4,8000;0;0,0597;16,7600;1;1;0;1;0;0
60,1389;104,3507;11,5000;4,9101;-0,5806;1,0000;0,0000;-0,0707;-0,3011;-0,1094;-0,7258;-9,5000;-4,5900;0;0,0597;16,7600;1;1;0;1;0;0
60,1528;104,3507;11,5000;5,0631;-0,5853;1,0000;0,0000;-0,0708;-0,3088;-0,1080;-0,7316;-9,3500;-4,2900;0;0,0597;16,7600;1;1;0;1;0;0
60,1667;104,3507;11,5000;5,2555;-0,5897;1,0000;0,0000;-0,0710;-0,3162;-0,1060;-0,7372;-9,1900;-3,9400;0;0,0597;16,7600;1;1;0;1;0;0
60,1806;104,3694;11,5000;5,3260;-0,5943;1,0000;0,0000;-0,0707;-0,3239;-0,1067;-0,7429;-9,1000;-3,7800;0;0,0596;16,7700;1;1;0;1;0;0
60,1945;104,4134;11,3000;5,4800;-0,5991;1,0000;0,0000;-0,0717;-0,3318;-0,1074;-0,7489;-9,0900;-3,6200;0;0,0596;16,7900;1;1;0;1;0;0
60,2084;104,4566;11,3000;5,6306;-0,6036;1,0000;0,0000;-0,0725;-0,3393;-0,1080;-0,7545;-9,0700;-3,4500;0;0,0595;16,8000;1;1;0;1;0;0
60,2223;104,4999;11,3000;5,6547;-0,6080;1,0000;0,0000;-0,0723;-0,3467;-0,1103;-0,7600;-9,0500;-3,4100;0;0,0595;16,8200;1;1;0;1;0;0
60,2362;104,5432;11,3000;5,8153;-0,6123;1,0000;0,0000;-0,0733;-0,3538;-0,1107;-0,7653;-9,0300;-3,2200;0;0,0594;16,8400;1;1;0;1;0;0
60,2500;104,8063;11,3000;5,9092;-0,6140;1,0000;0,0000;-0,0777;-0,3566;-0,1200;-0,7675;-9,7500;-3,8400;0;0,0590;16,9400;1;1;0;1;0;0
60,2639;104,8063;11,3000;6,0194;-0,6184;1,0000;0,0000;-0,0773;-0,3641;-0,1193;-0,7730;-9,5700;-3,5500;0;0,0590;16,9400;1;1;0;1;0;0
60,2778;104,8063;11,3000;6,0771;-0,6228;1,0000;0,0000;-0,0764;-0,3713;-0,1192;-0,7785;-9,3900;-3,3200;0;0,0590;16,9400;1;1;0;1;0;0
60,2917;104,8063;11,3000;6,0725;-0,6270;1,0000;0,0000;-0,0752;-0,3784;-0,1199;-0,7838;-9,2200;-3,1400;0;0,0590;16,9400;1;1;0;1;0;0
60,3056;104,8063;11,3000;6,1290;-0,6311;1,0000;0,0000;-0,0746;-0,3852;-0,1197;-0,7889;-9,0400;-2,9100;0;0,0590;16,9400;1;1;0;1;0;0
60,3195;104,8063;11,3000;6,2797;-0,6351;1,0000;0,0000;-0,0747;-0,3919;-0,1182;-0,7939;-8,8500;-2,5700;0;0,0590;16,9400;1;1;0;1;0;0
60,3334;104,8254;11,3000;6,5240;-0,6391;1,0000;0,0000;-0,0759;-0,3986;-0,1165;-0,7989;-8,7300;-2,2100;0;0,0590;16,9500;1;1;0;1;0;0
60,3473;104,8687;11,3000;6,6736;-0,6433;1,0000;0,0000;-0,0768;-0,4055;-0,1170;-0,8041;-8,6800;-2,0200;0;0,0589;16,9700;1;1;0;1;0;0
60,3612;104,9121;11,3000;6,9227;-0,6473;1,0000;0,0000;-0,0782;-0,4121;-0,1160;-0,8091;-8,6200;-1,7100;0;0,0589;16,9900;1;1;0;1;0;0
60,3750;104,9555;11,3000;7,0310;-0,6511;1,0000;0,0000;-0,0783;-0,4184;-0,1168;-0,8138;-8,5600;-1,5400;0;0,0588;17,0100;1;1;0;1;0;0
60,3889;104,9989;11,3000;7,0915;-0,6547;1,0000;0,0000;-0,0780;-0,4245;-0,1182;-0,8184;-8,5000;-1,4200;0;0,0587;17,0300;1;1;0;1;0;0
60,4028;105,2619;11,3000;7,0931;-0,6559;1,0000;0,0000;-0,0812;-0,4264;-0,1280;-0,8198;-9,1800;-2,0800;0;0,0583;17,1500;1;1;0;1;0;0
60,4167;105,2619;11,3000;7,2079;-0,6597;1,0000;0,0000;-0,0808;-0,4328;-0,1268;-0,8246;-8,9700;-1,7600;0;0,0583;17,1500;1;1;0;1;0;0
60,4306;105,2619;11,3000;7,3228;-0,6634;1,0000;0,0000;-0,0802;-0,4390;-0,1255;-0,8293;-8,7500;-1,4300;0;0,0583;17,1500;1;1;0;1;0;0
60,4445;105,2619;11,3000;7,3871;-0,6670;1,0000;0,0000;-0,0793;-0,4449;-0,1248;-0,8337;-8,5300;-1,1500;0;0,0583;17,1500;1;1;0;7;0;0
60,4584;105,2619;11,3000;7,5168;-0,6704;1,0000;0,0000;-0,0788;-0,4506;-0,1231;-0,8380;-8,3100;-0,8000;0;0,0583;17,1500;1;1;0;7;0;0
60,4723;105,2619;11,3000;7,6538;-0,6736;1,0000;0,0000;-0,0782;-0,4560;-0,1211;-0,8420;-8,0900;-0,4400;0;0,0583;17,1500;1;1;0;7;0;0
60,4862;105,2807;11,3000;7,7017;-0,6769;1,0000;0,0000;-0,0775;-0,4615;-0,1214;-0,8461;-7,9300;-0,2300;0;0,0583;17,1600;1;1;0;7;0;0
60,5000;105,3242;11,3000;7,8698;-0,6803;1,0000;0,0000;-0,0784;-0,4671;-0,1213;-0,8503;-7,8400;0,0000;0;0,0582;17,1800;1;1;0;7;0;0
60,5139;105,3676;11,3000;7,8724;-0,6835;1,0000;0,0000;-0,0776;-0,4725;-0,1229;-0,8544;-7,7500;0,1100;0;0,0581;17,2100;1;1;0;7;0;0
60,5278;105,4111;11,3000;8,0549;-0,6866;1,0000;0,0000;-0,0784;-0,4776;-0,1220;-0,8582;-7,6600;0,3800;0;0,0580;17,2300;1;1;0;7;0;0
60,5417;105,4546;11,3000;8,1119;-0,6895;1,0000;0,0000;-0,0780;-0,4824;-0,1227;-0,8618;-7,5700;0,5300;0;0,0580;17,2500;1;1;0;7;0;0
60,5556;105,7175;11,3000;8,2948;-0,6898;1,0000;0,0000;-0,0822;-0,4830;-0,1288;-0,8622;-8,2000;0,1000;0;0,0575;17,3900;1;1;0;7;0;0
60,5695;105,7175;11,3000;8,4029;-0,6928;1,0000;0,0000;-0,0812;-0,4880;-0,1269;-0,8660;-7,9500;0,4500;0;0,0575;17,3900;1;1;0;7;0;0
60,5834;105,7175;11,3000;8,4924;-0,6956;1,0000;0,0000;-0,0800;-0,4926;-0,1251;-0,8695;-7,7000;0,7900;0;0,0575;17,3900;1;1;0;7;0;0
60,5973;105,7175;11,3000;8,6048;-0,6982;1,0000;0,0000;-0,0790;-0,4970;-0,1228;-0,8728;-7,4500;1,1600;0;0,0575;17,3900;1;1;0;7;0;0
60,6112;105,7175;11,3000;8,7170;-0,7007;1,0000;0,0000;-0,0778;-0,5011;-0,1203;-0,8758;-7,1900;1,5200;0;0,0575;17,3900;1;1;0;7;0;0
60,6250;105,7175;11,3000;8,8981;-0,7029;1,0000;0,0000;-0,0770;-0,5049;-0,1166;-0,8786;-6,9300;1,9700;0;0,0575;17,3900;1;1;0;7;0;0
60,6389;105,7366;11,3000;8,9610;-0,7052;1,0000;0,0000;-0,0756;-0,5087;-0,1155;-0,8815;-6,7300;2,2200;0;0,0575;17,4100;1;1;0;7;0;0
60,6528;105,7802;11,3000;9,2343;-0,7075;1,0000;0,0000;-0,0765;-0,5125;-0,1124;-0,8844;-6,6000;2,6200;0;0,0574;17,4300;1;1;0;7;0;0
60,6667;105,8238;11,3000;9,2772;-0,7097;1,0000;0,0000;-0,0752;-0,5161;-0,1123;-0,8871;-6,4700;2,8000;0;0,0573;17,4600;1;1;0;7;0;0
60,6806;105,8674;11,3000;9,4299;-0,7116;1,0000;0,0000;-0,0748;-0,5193;-0,1104;-0,8895;-6,3400;3,0900;0;0,0572;17,4800;1;1;0;7;0;0
60,6945;105,9110;11,3000;9,4620;-0,7134;1,0000;0,0000;-0,0733;-0,5223;-0,1100;-0,8917;-6,2000;3,2500;0;0,0571;17,5100;1;1;0;7;0;0
60,7084;106,1730;11,3000;9,5215;-0,7126;1,0000;0,0000;-0,0755;-0,5210;-0,1160;-0,8907;-6,7800;2,7400;0;0,0566;17,6700;1;1;0;7;0;0
60,7223;106,1730;11,3000;9,5182;-0,7144;1,0000;0,0000;-0,0730;-0,5241;-0,1142;-0,8930;-6,5000;3,0200;0;0,0566;17,6700;1;1;0;7;0;0
60,7362;106,1730;11,3000;9,6465;-0,7161;1,0000;0,0000;-0,0716;-0,5268;-0,1104;-0,8951;-6,2100;3,4300;0;0,0566;17,6700;1;1;0;7;0;0
60,7500;106,1730;11,3000;9,7625;-0,7175;1,0000;0,0000;-0,0699;-0,5292;-0,1065;-0,8969;-5,9300;3,8400;0;0,0566;17,6700;1;1;0;7;0;0
60,7639;106,1730;11,3000;9,8330;-0,7188;1,0000;0,0000;-0,0677;-0,5313;-0,1031;-0,8985;-5,6400;4,2000;0;0,0566;17,6700;1;1;0;7;0;0
60,7778;106,1730;11,3000;9,9955;-0,7198;1,0000;0,0000;-0,0662;-0,5330;-0,0980;-0,8998;-5,3400;4,6500;0;0,0566;17,6700;1;1;0;7;0;0
60,7917;106,1935;11,3000;10,1323;-0,7209;1,0000;0,0000;-0,0648;-0,5348;-0,0943;-0,9011;-5,1100;5,0200;0;0,0566;17,6800;1;1;0;7;0;0
60,8056;106,2371;11,3000;10,1904;-0,7219;1,0000;0,0000;-0,0632;-0,5366;-0,0925;-0,9024;-4,9500;5,2300;0;0,0565;17,7100;1;1;0;7;0;0
60,8195;106,2808;11,3000;10,2034;-0,7228;1,0000;0,0000;-0,0612;-0,5381;-0,0912;-0,9035;-4,7900;5,4100;0;0,0564;17,7400;1;1;0;7;0;0
60,8334;106,3245;11,3000;10,2836;-0,7235;1,0000;0,0000;-0,0598;-0,5392;-0,0887;-0,9044;-4,6300;5,6500;0;0,0563;17,7700;1;1;0;7;0;0
60,8473;106,3682;11,3000;10,3360;-0,7240;1,0000;0,0000;-0,0580;-0,5400;-0,0863;-0,9050;-4,4700;5,8600;0;0,0562;17,8000;1;1;0;7;0;0
60,8612;106,6287;11,3000;10,3950;-0,7220;1,0000;0,0000;-0,0597;-0,5367;-0,0905;-0,9025;-5,0000;5,4000;0;0,0556;17,9700;1;1;0;7;0;0
60,8750;106,6287;11,3000;10,4832;-0,7226;1,0000;0,0000;-0,0574;-0,5376;-0,0857;-0,9032;-4,6900;5,7900;0;0,0556;17,9700;1;1;0;7;0;0
60,8889;106,6287;11,3000;10,5712;-0,7229;1,0000;0,0000;-0,0549;-0,5381;-0,0808;-0,9036;-4,3800;6,1900;0;0,0556;17,9700;1;1;0;7;0;0
60,9028;106,6287;11,3000;10,7221;-0,7229;1,0000;0,0000;-0,0528;-0,5382;-0,0746;-0,9037;-4,0700;6,6600;0;0,0556;17,9700;1;1;0;7;0;0
60,9167;106,6287;11,3000;10,7625;-0,7228;1,0000;0,0000;-0,0496;-0,5380;-0,0697;-0,9035;-3,7500;7,0100;0;0,0556;17,9700;1;1;0;7;0;0
60,9306;106,6287;11,3000;10,9820;-0,7224;1,0000;0,0000;-0,0477;-0,5374;-0,0621;-0,9030;-3,4300;7,5500;0;0,0556;17,9700;1;1;0;7;0;0
60,9445;106,6512;11,3000;11,0249;-0,7221;1,0000;0,0000;-0,0448;-0,5368;-0,0578;-0,9026;-3,1700;7,8500;0;0,0556;17,9900;1;1;0;7;0;0
60,9584;106,6950;11,3000;11,1321;-0,7217;1,0000;0,0000;-0,0428;-0,5362;-0,0535;-0,9022;-2,9900;8,1500;0;0,0555;18,0200;1;1;0;7;0;0
60,9723;106,7387;11,3000;11,1462;-0,7212;1,0000;0,0000;-0,0400;-0,5353;-0,0502;-0,9015;-2,8000;8,3500;0;0,0554;18,0500;1;1;0;7;0;0
60,9862;106,7824;11,3000;11,2089;-0,7204;1,0000;0,0000;-0,0375;-0,5340;-0,0460;-0,9005;-2,6000;8,6000;0;0,0553;18,0800;1;1;0;7;0;0
61,0000;106,8261;11,3000;11,2608;-0,7194;1,0000;0,0000;-0,0349;-0,5324;-0,0416;-0,8993;-2,4100;8,8500;0;0,0552;18,1100;1;1;0;7;0;0
61,0139;107,0843;11,3000;11,2629;-0,7160;1,0000;0,0000;-0,0352;-0,5267;-0,0445;-0,8950;-2,9000;8,3700;0;0,0546;18,3000;1;1;0;7;0;0
61,0278;107,0843;11,3000;11,3642;-0,7150;1,0000;0,0000;-0,0321;-0,5250;-0,0377;-0,8938;-2,5600;8,8000;0;0,0546;18,3000;1;1;0;7;0;0
61,0417;107,0843;11,3000;11,4818;-0,7138;1,0000;0,0000;-0,0291;-0,5230;-0,0304;-0,8922;-2,2200;9,2600;0;0,0546;18,3000;1;1;0;7;0;0
61,0556;107,0843;11,3000;11,5048;-0,7124;1,0000;0,0000;-0,0251;-0,5206;-0,0241;-0,8904;-1,8900;9,6200;0;0,0546;18,3000;1;1;0;7;0;0
61,0695;107,0843;11,3000;11,5461;-0,7107;1,0000;0,0000;-0,0212;-0,5178;-0,0173;-0,8884;-1,5400;10,0000;0;0,0546;18,3000;1;1;0;7;0;0
61,0834;107,0843;11,3000;11,5832;-0,7088;1,0000;0,0000;-0,0172;-0,5147;-0,0103;-0,8860;-1,2000;10,3800;0;0,0546;18,3000;1;1;0;7;0;0
61,0973;107,1097;11,3000;11,6760;-0,7070;1,0000;0,0000;-0,0142;-0,5116;-0,0036;-0,8837;-0,9400;10,7400;0;0,0546;18,3200;1;1;0;7;0;0
61,1112;107,1534;11,3000;11,7202;-0,7051;1,0000;0,0000;-0,0112;-0,5085;0,0017;-0,8814;-0,7300;11,0000;0;0,0545;18,3600;1;1;0;7;0;0
61,1250;107,1970;11,3000;11,8164;-0,7030;1,0000;0,0000;-0,0085;-0,5049;0,0079;-0,8787;-0,5100;11,3100;0;0,0544;18,3900;1;1;0;7;0;0
61,1389;107,2407;11,3000;11,7950;-0,7006;1,0000;0,0000;-0,0047;-0,5010;0,0128;-0,8758;-0,3000;11,5000;0;0,0543;18,4300;1;1;0;7;0;0
61,1528;107,2843;11,3000;11,8828;-0,6981;1,0000;0,0000;-0,0018;-0,4968;0,0194;-0,8726;-0,0800;11,8100;0;0,0542;18,4600;1;1;0;7;0;0
61,1667;107,5399;11,3000;11,8887;-0,6931;1,0000;0,0000;-0,0016;-0,4886;0,0182;-0,8664;-0,5300;11,3600;0;0,0536;18,6600;1;1;0;7;0;0
61,1806;107,5399;11,3000;11,9748;-0,6905;1,0000;0,0000;0,0022;-0,4842;0,0265;-0,8632;-0,1700;11,8000;0;0,0536;18,6600;1;1;1;7;0;0
61,1945;107,5399;11,3000;12,0198;-0,6877;1,0000;0,0000;0,0064;-0,4796;0,0345;-0,8597;0,1800;12,2000;0;0,0536;18,6600;1;1;1;7;0;0
61,2084;107,5399;11,3000;12,0866;-0,6847;1,0000;0,0000;0,0106;-0,4745;0,0430;-0,8559;0,5400;12,6300;0;0,0536;18,6600;1;1;1;7;0;0
61,2223;107,5399;11,3000;12,1430;-0,6814;1,0000;0,0000;0,0149;-0,4690;0,0515;-0,8518;0,9000;13,0400;0;0,0536;18,6600;1;1;1;7;0;0
61,2362;107,5399;11,3000;12,1559;-0,6779;1,0000;0,0000;0,0197;-0,4632;0,0597;-0,8474;1,2600;13,4100;0;0,0536;18,6600;1;1;1;7;0;0
61,2500;107,5683;11,3000;12,1529;-0,6745;1,0000;0,0000;0,0239;-0,4574;0,0665;-0,8431;1,5300;13,6900;0;0,0535;18,6900;1;1;1;7;0;0
61,2639;107,6118;11,3000;12,0868;-0,6710;1,0000;0,0000;0,0282;-0,4516;0,0717;-0,8387;1,7600;13,8500;0;0,0534;18,7300;1;1;1;7;0;0
61,2778;107,6553;11,3000;11,9930;-0,6673;1,0000;0,0000;0,0326;-0,4455;0,0766;-0,8341;1,9800;13,9800;0;0,0533;18,7600;1;1;1;7;0;0
61,2917;107,6988;11,3000;11,9055;-0,6634;1,0000;0,0000;0,0367;-0,4390;0,0817;-0,8293;2,2000;14,1100;0;0,0532;18,8000;1;1;1;7;0;0
61,3056;107,7422;11,3000;11,8087;-0,6593;1,0000;0,0000;0,0409;-0,4322;0,0867;-0,8242;2,4100;14,2300;0;0,0531;18,8400;1;1;1;7;0;0
61,3195;107,9956;11,3000;11,7096;-0,6530;1,0000;0,0000;0,0414;-0,4216;0,0848;-0,8162;1,9900;13,7000;0;0,0525;19,0500;1;1;1;7;0;0
61,3334;107,9956;11,3000;11,6431;-0,6489;1,0000;0,0000;0,0457;-0,4149;0,0918;-0,8112;2,3300;13,9800;0;0,0525;19,0500;1;1;1;7;0;0
61,3473;107,9956;11,3000;11,5780;-0,6447;1,0000;0,0000;0,0500;-0,4079;0,0988;-0,8059;2,6800;14,2500;0;0,0525;19,0500;1;1;1;7;0;0
61,3612;107,9956;11,3000;11,4877;-0,6403;1,0000;0,0000;0,0544;-0,4005;0,1055;-0,8004;3,0100;14,5000;0;0,0525;19,0500;1;1;1;7;0;0
61,3750;107,9956;11,3000;11,4203;-0,6357;1,0000;0,0000;0,0586;-0,3928;0,1126;-0,7946;3,3500;14,7700;0;0,0525;19,0500;1;1;1;7;0;0
61,3889;107,9956;11,3000;11,3430;-0,6309;1,0000;0,0000;0,0628;-0,3848;0,1196;-0,7886;3,6900;15,0300;0;0,0525;19,0500;1;1;1;7;0;0
61,4028;108,0266;11,3000;11,2127;-0,6262;1,0000;0,0000;0,0666;-0,3770;0,1246;-0,7828;3,9200;15,1500;0;0,0524;19,0800;1;1;1;7;0;0
61,4167;108,0700;11,3000;11,0687;-0,6215;1,0000;0,0000;0,0701;-0,3692;0,1287;-0,7769;4,1200;15,2000;0;0,0523;19,1200;1;1;1;7;0;0
61,4306;108,1132;11,3000;10,9810;-0,6166;1,0000;0,0000;0,0730;-0,3611;0,1335;-0,7708;4,3200;15,3100;0;0,0522;19,1600;1;1;1;7;0;0
61,4445;108,1565;11,5000;10,8858;-0,6115;1,0000;0,0000;0,0760;-0,3526;0,1383;-0,7644;4,5100;15,4100;0;0,0521;19,2000;1;1;1;7;0;0
61,4584;108,2005;11,5000;10,8854;-0,6062;1,0000;0,0000;0,0782;-0,3437;0,1444;-0,7578;4,7100;15,6100;0;0,0520;19,2400;1;1;1;6;0;0
61,4723;108,4511;11,5000;10,8375;-0,5987;1,0000;0,0000;0,0773;-0,3312;0,1428;-0,7484;4,2900;15,1300;0;0,0514;19,4700;1;1;1;6;0;0
61,4862;108,4511;11,5000;10,8133;-0,5934;1,0000;0,0000;0,0805;-0,3223;0,1500;-0,7417;4,6100;15,4300;0;0,0514;19,4700;1;1;1;6;0;0
61,5000;108,4511;11,5000;10,6637;-0,5879;1,0000;0,0000;0,0847;-0,3132;0,1555;-0,7349;4,9300;15,5900;0;0,0514;19,4700;1;1;1;6;0;0
61,5139;108,4511;11,5000;10,5837;-0,5822;1,0000;0,0000;0,0882;-0,3037;0,1619;-0,7278;5,2500;15,8300;0;0,0514;19,4700;1;1;1;6;0;0
61,5278;108,4511;11,5000;10,4665;-0,5764;1,0000;0,0000;0,0919;-0,2941;0,1678;-0,7205;5,5600;16,0300;0;0,0514;19,4700;1;1;1;6;0;0
61,5417;108,4511;11,5000;10,2812;-0,5705;1,0000;0,0000;0,0960;-0,2841;0,1726;-0,7131;5,8700;16,1500;0;0,0514;19,4700;1;1;1;6;0;0
61,5556;108,4908;11,5000;10,1387;-0,5648;1,0000;0,0000;0,0988;-0,2746;0,1763;-0,7059;6,0500;16,2100;0;0,0513;19,5100;1;1;1;6;0;0
61,5695;108,5346;11,5000;10,0234;-0,5589;1,0000;0,0000;0,1011;-0,2648;0,1800;-0,6986;6,2300;16,2600;0;0,0511;19,5500;1;1;1;6;0;0
61,5834;108,5785;11,5000;9,8038;-0,5529;1,0000;0,0000;0,1040;-0,2548;0,1821;-0,6911;6,3900;16,2100;0;0,0510;19,6000;1;1;1;6;0;0
61,5973;108,6222;11,5000;9,7202;-0,5468;1,0000;0,0000;0,1057;-0,2446;0,1860;-0,6834;6,5600;16,2900;0;0,0509;19,6400;1;1;1;6;0;0
61,6112;108,6660;11,5000;9,6477;-0,5404;1,0000;0,0000;0,1073;-0,2341;0,1899;-0,6755;6,7200;16,3800;0;0,0508;19,6800;1;1;1;6;0;0
61,6250;108,9069;11,5000;9,5182;-0,5321;1,0000;0,0000;0,1058;-0,2202;0,1859;-0,6651;6,3000;15,8200;0;0,0502;19,9200;1;1;1;6;0;0
61,6389;108,9069;11,5000;9,2783;-0,5259;1,0000;0,0000;0,1093;-0,2099;0,1888;-0,6574;6,5800;15,8600;0;0,0502;19,9200;1;1;1;6;0;0
61,6528;108,9069;11,5000;9,1583;-0,5196;1,0000;0,0000;0,1116;-0,1994;0,1932;-0,6495;6,8500;16,0100;0;0,0502;19,9200;1;1;1;6;0;0
61,6667;108,9069;11,5000;8,9361;-0,5132;1,0000;0,0000;0,1145;-0,1887;0,1960;-0,6415;7,1200;16,0600;0;0,0502;19,9200;1;1;1;6;0;0
61,6806;108,9069;11,5000;8,7102;-0,5067;1,0000;0,0000;0,1173;-0,1778;0,1986;-0,6333;7,3800;16,0900;0;0,0502;19,9200;1;1;1;6;0;0
61,6945;108,9135;11,9000;8,5179;-0,5000;1,0000;0,0000;0,1196;-0,1667;0,2014;-0,6250;7,6200;16,1500;0;0,0502;19,9200;1;1;1;6;0;0
61,7084;108,9587;11,9000;8,3759;-0,4934;1,0000;0,0000;0,1204;-0,1557;0,2031;-0,6168;7,7500;16,1400;0;0,0501;19,9700;1;1;1;6;0;0
61,7223;109,0040;11,9000;8,3688;-0,4867;1,0000;0,0000;0,1202;-0,1445;0,2065;-0,6084;7,8800;16,2600;0;0,0500;20,0200;1;1;1;6;0;0
61,7362;109,0491;11,9000;8,2164;-0,4798;1,0000;0,0000;0,1212;-0,1331;0,2078;-0,5998;8,0100;16,2400;0;0,0498;20,0600;1;1;1;6;0;0
61,7500;109,0943;11,9000;8,1407;-0,4728;1,0000;0,0000;0,1216;-0,1214;0,2100;-0,5910;8,1300;16,2800;0;0,0497;20,1100;1;1;1;6;0;0
61,7639;109,3622;11,9000;7,9581;-0,4637;1,0000;0,0000;0,1186;-0,1061;0,2023;-0,5796;7,6200;15,5700;0;0,0490;20,3900;1;1;1;6;0;0
61,7778;109,3622;11,9000;7,8659;-0,4568;1,0000;0,0000;0,1196;-0,0947;0,2054;-0,5710;7,8600;15,7200;0;0,0490;20,3900;1;1;1;6;0;0
61,7917;109,3622;11,9000;7,6440;-0,4498;1,0000;0,0000;0,1216;-0,0831;0,2066;-0,5623;8,0900;15,7400;0;0,0490;20,3900;1;1;1;6;0;0
61,8056;109,3622;11,9000;7,3779;-0,4428;1,0000;0,0000;0,1237;-0,0713;0,2070;-0,5535;8,3200;15,7000;0;0,0490;20,3900;1;1;1;6;0;0
61,8195;109,3622;11,9000;7,3039;-0,4357;1,0000;0,0000;0,1240;-0,0594;0,2098;-0,5446;8,5500;15,8500;0;0,0490;20,3900;1;1;1;6;0;0
61,8334;109,3622;11,9000;7,0819;-0,4284;1,0000;0,0000;0,1255;-0,0473;0,2103;-0,5355;8,7700;15,8500;0;0,0490;20,3900;1;1;1;6;0;0
61,8473;109,3976;11,9000;6,8981;-0,4214;1,0000;0,0000;0,1258;-0,0357;0,2099;-0,5267;8,8800;15,7900;0;0,0490;20,4300;1;1;1;6;0;0
61,8612;109,4427;11,9000;6,8276;-0,4144;1,0000;0,0000;0,1249;-0,0239;0,2105;-0,5179;8,9700;15,8000;0;0,0488;20,4800;1;1;1;6;0;0
61,8750;109,4878;11,9000;6,6244;-0,4072;1,0000;0,0000;0,1250;-0,0120;0,2090;-0,5090;9,0500;15,6800;0;0,0487;20,5200;1;1;1;6;0;0
61,8889;109,5328;11,9000;6,6339;-0,4000;1,0000;0,0000;0,1234;0,0000;0,2102;-0,5000;9,1200;15,7700;0;0,0486;20,5700;1;1;1;6;0;0
61,9028;109,5779;11,9000;6,4300;-0,3926;1,0000;0,0000;0,1235;0,0000;0,2085;-0,4908;9,2000;15,6400;0;0,0485;20,6200;1;1;1;6;0;0
61,9167;109,8184;11,9000;6,4022;-0,3834;0,9993;0,0000;0,1185;0,0000;0,2017;-0,4793;8,7300;15,1300;0;0,0479;20,8900;1;1;1;6;0;0
61,9306;109,8184;11,9000;6,2027;-0,3763;0,9967;0,0000;0,1195;0,0000;0,2016;-0,4704;8,9200;15,1200;0;0,0479;20,8900;1;1;1;6;0;0
61,9445;109,8184;11,9000;6,1038;-0,3691;0,9919;0,0000;0,1196;0,0000;0,2028;-0,4613;9,1100;15,2100;0;0,0479;20,8900;1;1;1;6;0;0
61,9584;109,8184;11,9000;5,8511;-0,3618;0,9849;0,0000;0,1208;0,0000;0,2018;-0,4522;9,2900;15,1400;0;0,0479;20,8900;1;1;1;6;0;0
61,9723;109,8184;11,9000;5,6575;-0,3544;0,9759;0,0000;0,1214;0,0000;0,2016;-0,4431;9,4600;15,1200;0;0,0479;20,8900;1;1;1;6;0;0
61,9862;109,8381;11,9000;5,5058;-0,3472;0,9650;0,0000;0,1213;0,0000;0,2012;-0,4340;9,5800;15,0900;0;0,0478;20,9100;1;1;1;6;0;0
62,0000;109,8831;11,9000;5,4554;-0,3401;0,9525;0,0000;0,1198;0,0000;0,2011;-0,4251;9,6200;15,0800;0;0,0477;20,9600;1;1;1;6;0;0
62,0139;109,9282;11,9000;5,2820;-0,3329;0,9387;0,0000;0,1194;0,0000;0,1993;-0,4162;9,6600;14,9500;0;0,0476;21,0100;1;1;1;6;0;0
62,0278;109,9732;11,9000;4,9957;-0,3257;0,9237;0,0000;0,1198;0,0000;0,1959;-0,4071;9,6900;14,6900;0;0,0475;21,0600;1;1;1;6;0;0
62,0417;110,0182;11,9000;4,7987;-0,3185;0,9077;0,0000;0,1193;0,0000;0,1936;-0,3981;9,7200;14,5200;0;0,0474;21,1100;1;1;1;6;0;0
62,0556;110,2734;11,9000;4,6308;-0,3093;0,8909;0,0000;0,1146;0,0000;0,1840;-0,3867;9,1700;13,8000;0;0,0467;21,4100;1;1;1;6;0;0
62,0695;110,2734;11,9000;4,4309;-0,3024;0,8730;0,0000;0,1147;0,0000;0,1832;-0,3780;9,3100;13,7400;0;0,0467;21,4100;1;1;1;6;0;0
62,0834;110,2734;11,9000;4,2862;-0,2953;0,8541;0,0000;0,1147;0,0000;0,0000;-0,3692;9,4400;13,7200;0;0,0467;21,4100;0;1;1;6;0;0
62,0973;110,2734;11,9000;4,1067;-0,2883;0,8344;0,0000;0,1147;0,0000;0,0000;-0,3603;9,5600;13,6700;0;0,0467;21,4100;0;1;1;6;0;0
62,1112;110,2734;11,9000;4,0154;-0,2812;0,8139;0,0000;0,1147;0,0000;0,0000;-0,3515;9,6900;13,7000;0;0,0467;21,4100;0;1;1;6;0;0
62,1250;110,2808;11,9000;3,8593;-0,2741;0,7926;0,0000;0,1147;0,0000;0,0000;-0,3426;9,7900;13,6500;0;0,0467;21,4200;0;1;1;6;0;0
62,1389;110,3260;11,9000;3,6959;-0,2673;0,7705;0,0000;0,1147;0,0000;0,0000;-0,3341;9,7800;13,4800;0;0,0466;21,4700;0;1;1;6;0;0
62,1528;110,3711;11,9000;3,6752;-0,2604;0,7476;0,0000;0,1147;0,0000;0,0000;-0,3255;9,7800;13,4500;0;0,0465;21,5200;0;1;1;6;0;0
62,1667;110,4162;11,9000;3,4865;-0,2535;0,7236;0,0000;0,1147;0,0000;0,0000;-0,3169;9,7600;13,2500;0;0,0463;21,5800;0;1;1;6;0;0
62,1806;110,4613;12,0000;3,4336;-0,2466;0,6981;0,0000;0,1147;0,0000;0,0000;-0,3082;9,7500;13,1900;0;0,0462;21,6300;0;1;1;6;0;0
62,1945;110,7299;12,0000;3,2075;-0,2377;0,6709;0,0000;0,1147;0,0000;0,0000;-0,2971;9,1400;12,3500;0;0,0455;21,9600;0;1;1;6;0;0
62,2084;110,7299;12,0000;3,0738;-0,2310;0,6415;0,0000;0,1147;0,0000;0,0000;-0,2887;9,2400;12,3100;0;0,0455;21,9600;0;1;1;6;0;0
62,2223;110,7299;12,0000;2,9749;-0,2243;0,6101;0,0000;0,1147;0,0000;0,0000;-0,2804;9,3300;12,3000;0;0,0455;21,9600;0;1;1;6;0;0
62,2362;110,7299;12,0000;2,8641;-0,2176;0,5773;0,0000;0,1147;0,0000;0,0000;-0,2719;9,4200;12,2800;0;0,0455;21,9600;0;1;1;6;0;0
62,2500;110,7299;12,0000;2,7318;-0,2108;0,5440;0,0000;0,1147;0,0000;0,0000;-0,2635;9,5000;12,2300;0;0,0455;21,9600;0;1;1;6;0;0
62,2639;110,7299;12,0000;2,6627;-0,2040;0,5112;0,0000;0,1147;0,0000;0,0000;-0,2550;9,5800;12,2500;0;0,0455;21,9600;0;1;1;6;0;0
62,2778;110,7743;12,0000;2,5384;-0,1976;0,4805;0,0000;0,1147;0,0000;0,0000;-0,2470;9,5500;12,0800;0;0,0454;22,0100;0;1;1;6;0;0
62,2917;110,8199;12,0000;2,5203;-0,1911;0,0000;0,0000;0,1147;0,0000;0,0000;-0,2389;9,5100;12,0300;0;0,0453;22,0700;0;1;1;6;0;0
62,3056;110,8655;12,0000;2,4500;-0,1846;0,0000;0,0000;0,1147;0,0000;0,0000;-0,2308;9,4600;11,9100;0;0,0452;22,1200;0;1;1;6;0;0
62,3195;110,9110;12,0000;2,3248;-0,1781;0,0000;0,0000;0,1147;0,0000;0,0000;-0,2226;9,4200;11,7400;0;0,0451;22,1800;0;1;1;6;0;0
62,3334;110,9566;12,0000;2,2519;-0,1715;0,0000;0,0000;0,1147;0,0000;0,0000;-0,2144;9,3700;11,6200;0;0,0450;22,2400;0;1;1;6;0;0
62,3473;111,1847;12,0000;2,1559;-0,1634;0,0000;0,0000;0,1147;0,0000;0,0000;-0,2043;8,8500;11,0000;0;0,0444;22,5200;0;1;1;6;0;0
62,3612;111,1847;12,0000;2,1308;-0,1572;0,0000;0,0000;0,1147;0,0000;0,0000;-0,1965;8,9100;11,0400;0;0,0444;22,5200;0;1;1;6;0;0
62,3750;111,1847;12,0000;2,0710;-0,1509;0,0000;0,0000;0,1147;0,0000;0,0000;-0,1887;8,9800;11,0500;0;0,0444;22,5200;0;1;1;6;0;0
62,3889;111,1847;12,0000;1,9814;-0,1447;0,0000;0,0000;0,1147;0,0000;0,0000;-0,1808;9,0400;11,0200;0;0,0444;22,5200;0;1;1;6;0;0
62,4028;111,1847;12,0000;1,9029;-0,1384;0,0000;0,0000;0,1147;0,0000;0,0000;-0,1729;9,1000;11,0000;0;0,0444;22,5200;0;1;1;6;0;0
62,4167;111,2266;12,0000;1,8346;-0,1324;0,0000;0,0000;0,1147;0,0000;0,0000;-0,1655;9,0500;10,8800;0;0,0443;22,5800;0;1;1;6;0;0
62,4306;111,2723;12,0000;1,7775;-0,1264;0,0000;0,0000;0,1147;0,0000;0,0000;-0,1580;8,9900;10,7600;0;0,0442;22,6400;0;1;1;6;0;0
62,4445;111,3179;12,0000;1,7214;-0,1204;0,0000;0,0000;0,1147;0,0000;0,0000;-0,1505;8,9200;10,6400;0;0,0441;22,6900;0;1;1;6;0;0
62,4584;111,3636;12,0000;1,6868;-0,1144;0,0000;0,0000;0,1147;0,0000;0,0000;-0,1430;8,8600;10,5500;0;0,0439;22,7500;0;1;1;8;0;0
62,4723;111,4093;12,0000;1,6311;-0,1083;0,0000;0,0000;0,1147;0,0000;0,0000;-0,1354;8,8000;10,4200;0;0,0438;22,8100;0;1;1;8;0;0
62,4862;111,6410;12,0000;1,5738;-0,1008;0,0000;0,0000;0,1147;0,0000;0,0000;-0,1260;8,2600;9,8400;0;0,0433;23,1200;0;1;1;8;0;0
62,5000;111,6410;12,0000;1,5058;-0,0951;0,0000;0,0000;0,1147;0,0000;0,0000;-0,1189;8,3100;9,8100;0;0,0433;23,1200;0;1;1;8;0;0
62,5139;111,6410;12,0000;1,4435;-0,0894;0,0000;0,0000;0,1147;0,0000;0,0000;-0,1117;8,3500;9,8000;0;0,0433;23,1200;0;1;1;8;0;0
62,5278;111,6410;12,0000;1,3898;-0,0836;0,0000;0,0000;0,1147;0,0000;0,0000;-0,1045;8,3900;9,7800;0;0,0433;23,1200;0;1;1;8;0;0
62,5417;111,6410;12,0000;1,3493;-0,0779;0,0000;0,0000;0,1147;0,0000;0,0000;-0,0974;8,4400;9,7800;0;0,0433;23,1200;0;1;1;8;0;0
62,5556;111,6815;12,0000;1,3174;-0,0724;0,0000;0,0000;0,1147;0,0000;0,0000;-0,0905;8,3800;9,6900;0;0,0432;23,1700;0;1;1;8;0;0
62,5695;111,7273;12,0000;1,3022;-0,0670;0,0000;0,0000;0,1147;0,0000;0,0000;-0,0837;8,3100;9,6100;0;0,0430;23,2300;0;1;1;8;0;0
62,5834;111,7731;12,0000;1,2879;-0,0615;0,0000;0,0000;0,1147;0,0000;0,0000;-0,0769;8,2300;9,5200;0;0,0429;23,2900;0;1;1;8;0;0
62,5973;111,8189;12,0000;1,2831;-0,0560;0,0000;0,0000;0,1147;0,0000;0,0000;-0,0700;8,1600;9,4400;0;0,0428;23,3500;0;1;1;8;0;0
62,6112;111,8647;12,0000;1,2796;-0,0505;0,0000;0,0000;0,1147;0,0000;0,0000;-0,0632;8,0900;9,3700;0;0,0427;23,4200;0;1;1;8;0;0
62,6250;112,0960;12,0000;1,2736;-0,0436;0,0000;0,0000;0,1147;0,0000;0,0000;-0,0545;7,5600;8,8400;0;0,0421;23,7300;0;1;1;8;0;0
62,6389;112,0960;12,0000;1,2629;-0,0384;0,0000;0,0000;0,1147;0,0000;0,0000;-0,0480;7,6000;8,8600;0;0,0421;23,7300;0;1;1;8;0;0
62,6528;112,0960;12,0000;1,2455;-0,0331;0,0000;0,0000;0,1147;0,0000;0,0000;-0,0414;7,6400;8,8900;0;0,0421;23,7300;0;1;1;8;0;0
62,6667;112,0960;12,0000;1,2147;-0,0279;0,0000;0,0000;0,1147;0,0000;0,0000;-0,0349;7,6800;8,8900;0;0,0421;23,7300;0;1;1;8;0;0
62,6806;112,0960;12,5000;1,1644;-0,0226;0,0000;0,0000;0,1147;0,0000;0,0000;-0,0283;7,7200;8,8800;0;0,0421;23,7300;0;1;1;8;0;0
62,6945;112,1408;12,5000;1,0995;-0,0175;0,0000;0,0000;0,1147;0,0000;0,0000;-0,0218;7,6500;8,7400;0;0,0420;23,7900;0;1;1;8;0;0
62,7084;112,1886;12,5000;1,0475;-0,0123;0,0000;0,0000;0,1147;0,0000;0,0000;-0,0154;7,5700;8,6100;0;0,0419;23,8600;0;1;1;8;0;0
62,7223;112,2364;12,5000;0,9608;-0,0072;0,0000;0,0000;0,1147;0,0000;0,0000;-0,0090;7,4800;8,4400;0;0,0418;23,9200;0;1;1;8;0;0
62,7362;112,2842;12,5000;0,8810;-0,0021;0,0000;0,0000;0,1147;0,0000;0,0000;-0,0026;7,4000;8,2800;0;0,0417;23,9900;0;1;1;8;0;0
62,7500;112,5522;12,5000;0,8082;0,0047;0,0000;0,0000;0,1147;0,0000;0,0000;0,0059;6,7900;7,5900;0;0,0410;24,3700;0;1;1;8;0;0
62,7639;112,5522;12,5000;0,7323;0,0095;0,0000;0,0000;0,1147;0,0000;0,0000;0,0118;6,8100;7,5400;0;0,0410;24,3700;0;1;1;8;0;0
62,7778;112,5522;12,5000;0,6772;0,0142;0,0000;0,0000;0,1147;0,0000;0,0000;0,0178;6,8300;7,5100;0;0,0410;24,3700;0;1;1;8;0;0
62,7917;112,5522;12,5000;0,6609;0,0190;0,0000;0,0000;0,1147;0,0000;0,0000;0,0237;6,8500;7,5100;0;0,0410;24,3700;0;1;1;8;0;0
62,8056;112,5522;12,5000;0,6448;0,0238;0,0000;0,0000;0,1147;0,0000;0,0000;0,0297;6,8800;7,5200;0;0,0410;24,3700;0;1;1;8;0;0
62,8195;112,5717;12,5000;0,6283;0,0284;0,0000;0,0000;0,1147;0,0000;0,0000;0,0355;6,8500;7,4800;0;0,0410;24,3900;0;1;1;8;0;0
62,8334;112,6196;12,5000;0,6185;0,0329;0,0000;0,0000;0,1147;0,0000;0,0000;0,0411;6,7600;7,3800;0;0,0409;24,4600;0;1;1;8;0;0
62,8473;112,6675;12,5000;0,6138;0,0374;0,0000;0,0000;0,1147;0,0000;0,0000;0,0467;6,6700;7,2800;0;0,0408;24,5300;0;1;1;8;0;0
62,8612;112,7154;12,5000;0,6185;0,0418;0,0000;0,0000;0,1147;0,0000;0,0000;0,0523;6,5800;7,1900;0;0,0407;24,6000;0;1;1;8;0;0
62,8750;112,7632;12,5000;0,6310;0,0463;0,0000;0,0000;0,1147;0,0000;0,0000;0,0579;6,4900;7,1200;0;0,0405;24,6700;0;1;1;8;0;0
62,8889;113,0073;12,5000;0,6522;0,0523;0,0000;0,0000;0,1147;0,0000;0,0000;0,0654;5,9400;6,6000;0;0,0400;25,0200;0;1;1;8;0;0
62,9028;113,0073;12,5000;0,6962;0,0565;0,0000;0,0000;0,1147;0,0000;0,0000;0,0706;5,9700;6,6600;0;0,0400;25,0200;0;1;1;8;0;0
62,9167;113,0073;12,5000;0,7700;0,0607;0,0000;0,0000;0,1147;0,0000;0,0000;0,0759;5,9900;6,7600;0;0,0400;25,0200;0;1;1;8;0;0
62,9306;113,0073;12,5000;0,8746;0,0650;0,0000;0,0000;0,1147;0,0000;0,0000;0,0812;6,0200;6,8900;0;0,0400;25,0200;0;1;1;8;0;0
62,9445;113,0073;12,3000;0,9575;0,0692;0,0000;0,0000;0,1147;0,0000;0,0000;0,0866;6,0500;7,0100;0;0,0400;25,0200;0;1;1;8;0;0
62,9584;113,0515;12,3000;1,0401;0,0732;0,0000;0,0000;0,1147;0,0000;0,0000;0,0915;5,9800;7,0200;0;0,0399;25,0800;0;1;1;8;0;0
62,9723;113,0986;12,3000;1,1056;0,0772;0,0000;0,0000;0,1147;0,0000;0,0000;0,0965;5,9100;7,0200;0;0,0398;25,1500;0;1;1;8;0;0
62,9862;113,1458;12,3000;1,1760;0,0812;0,0000;0,0000;0,1147;0,0000;0,0000;0,1015;5,8400;7,0200;0;0,0396;25,2200;0;1;1;8;0;0
63,0000;113,1930;12,3000;1,2322;0,0853;0,0000;0,0000;0,1147;0,0000;0,0000;0,1066;5,7800;7,0100;0;0,0395;25,2900;0;1;1;8;0;0
63,0139;113,4634;12,3000;1,2688;0,0910;0,0000;0,0000;0,1147;0,0000;0,0000;0,1137;5,2100;6,4700;0;0,0389;25,7000;0;1;1;8;0;0
63,0278;113,4634;12,3000;1,2801;0,0948;0,0000;0,0000;0,1147;0,0000;0,0000;0,1184;5,2500;6,5300;0;0,0389;25,7000;0;1;1;8;0;0
63,0417;113,4634;12,3000;1,2880;0,0986;0,0000;0,0000;0,1147;0,0000;0,0000;0,1232;5,2900;6,5700;0;0,0389;25,7000;0;1;1;8;0;0
63,0556;113,4634;12,3000;1,2858;0,1024;0,0000;0,0000;0,1147;0,0000;0,0000;0,1280;5,3300;6,6100;0;0,0389;25,7000;0;1;1;8;0;0
63,0695;113,4634;12,3000;1,2686;0,1063;0,0000;0,0000;0,1147;0,0000;0,0000;0,1328;5,3700;6,6400;0;0,0389;25,7000;0;1;1;8;0;0
63,0834;113,4785;12,3000;1,2208;0,1101;0,0000;0,0000;0,1147;0,0000;0,0000;0,1376;5,3700;6,5900;0;0,0389;25,7200;0;1;1;8;0;0
63,0973;113,5257;12,3000;1,1332;0,1136;0,0000;0,0000;0,1147;0,0000;0,0000;0,1420;5,3100;6,4400;0;0,0388;25,7900;0;1;1;8;0;0
63,1112;113,5730;12,3000;1,0322;0,1172;0,0000;0,0000;0,1147;0,0000;0,0000;0,1465;5,2400;6,2700;0;0,0387;25,8600;0;1;1;8;0;0
63,1250;113,6202;12,3000;0,9366;0,1207;0,0000;0,0000;0,1147;0,0000;0,0000;0,1509;5,1600;6,1000;0;0,0386;25,9300;0;1;1;8;0;0
63,1389;113,6674;12,3000;0,8496;0,1243;0,0000;0,0000;0,1147;0,0000;0,0000;0,1553;5,0900;5,9300;0;0,0385;26,0000;0;1;1;8;0;0
63,1528;113,9186;12,3000;0,7168;0,1292;0,0000;0,0000;0,1147;0,0000;0,0000;0,1615;4,5600;5,2700;0;0,0379;26,3900;0;1;1;8;0;0
63,1667;113,9186;12,3000;0,5955;0,1324;0,0000;0,0000;0,1147;0,0000;0,0000;0,1655;4,5800;5,1700;0;0,0379;26,3900;0;1;1;8;0;0
63,1806;113,9186;12,3000;0,4462;0,1356;0,0000;0,0000;0,1147;0,0000;0,0000;0,1695;4,5900;5,0400;0;0,0379;26,3900;0;1;1;8;0;0
63,1945;113,9186;12,3000;0,3476;0,1387;0,0000;0,0000;0,1147;0,0000;0,0000;0,1734;4,6000;4,9500;0;0,0379;26,3900;0;1;1;8;0;0
63,2084;113,9186;12,3000;0,2626;0,1418;0,0000;0,0000;0,1147;0,0000;0,0000;0,1773;4,6100;4,8700;0;0,0379;26,3900;0;1;1;8;0;0
63,2223;113,9541;12,3000;0,1913;0,1447;0,0000;0,0000;0,1147;0,0000;0,0000;0,1809;4,5400;4,7300;0;0,0378;26,4400;0;1;1;8;0;0
63,2362;114,0014;12,3000;0,1029;0,1475;0,0000;0,0000;0,1147;0,0000;0,0000;0,1844;4,4400;4,5400;0;0,0377;26,5100;0;1;1;8;0;0
63,2500;114,0488;12,3000;-0,0286;0,1502;0,0000;0,0000;0,1147;0,0000;0,0000;0,1878;4,3400;4,3100;0;0,0376;26,5900;0;1;1;8;0;0
63,2639;114,0961;12,3000;-0,1141;0,1530;0,0000;0,0000;0,1147;0,0000;0,0000;0,1912;4,2400;4,1200;0;0,0375;26,6600;0;1;1;8;0;0
63,2778;114,1434;12,3000;-0,1967;0,1557;0,0000;0,0000;0,1147;0,0000;0,0000;0,1946;4,1300;3,9300;0;0,0374;26,7300;0;1;1;8;0;0
63,2917;114,3746;12,3000;-0,2860;0,1596;0,0000;0,0000;0,1147;0,0000;0,0000;0,1995;3,6300;3,3400;0;0,0369;27,1000;0;1;1;8;0;0
63,3056;114,3746;12,3000;-0,3433;0,1619;0,0000;0,0000;0,1147;0,0000;0,0000;0,2024;3,6200;3,2700;0;0,0369;27,1000;0;1;1;8;0;0
63,3195;114,3746;12,3000;-0,3507;0,1642;0,0000;0,0000;0,1147;0,0000;0,0000;0,2053;3,6000;3,2500;0;0,0369;27,1000;0;1;1;8;0;0
63,3334;114,3746;12,3000;-0,3519;0,1665;0,0000;0,0000;0,1147;0,0000;0,0000;0,2081;3,5900;3,2400;0;0,0369;27,1000;0;1;1;8;0;0
63,3473;114,3837;12,3000;-0,3584;0,1687;0,0000;0,0000;0,1147;0,0000;0,0000;0,2109;3,5600;3,2000;0;0,0369;27,1100;0;1;1;8;0;0
63,3612;114,4310;12,3000;-0,3558;0,1707;0,0000;0,0000;0,1147;0,0000;0,0000;0,2134;3,4500;3,0900;0;0,0368;27,1900;0;1;1;8;0;0
63,3750;114,4784;12,3000;-0,3472;0,1727;0,0000;0,0000;0,1147;0,0000;0,0000;0,2159;3,3400;2,9900;0;0,0367;27,2600;0;1;1;8;0;0
63,3889;114,5258;12,3000;-0,3296;0,1746;0,0000;0,0000;0,1147;0,0000;0,0000;0,2183;3,2300;2,9000;0;0,0366;27,3300;0;1;1;8;0;0
63,4028;114,5732;12,3000;-0,2710;0,1766;0,0000;0,0000;0,1147;0,0000;0,0000;0,2208;3,1200;2,8500;0;0,0365;27,4100;0;1;1;8;0;0
63,4167;114,8300;12,3000;-0,1822;0,1800;0,0000;0,0000;0,1147;0,0000;0,0000;0,2250;2,5800;2,4000;0;0,0359;27,8200;0;1;1;8;0;0
63,4306;114,8300;12,3000;-0,1645;0,1817;0,0000;0,0000;0,1147;0,0000;0,0000;0,2271;2,5800;2,4100;0;0,0359;27,8200;0;1;1;8;0;0
63,4445;114,8300;11,9000;-0,0460;0,1833;0,0000;0,0000;0,1147;0,0000;0,0000;0,2292;2,5800;2,5300;0;0,0359;27,8200;0;1;1;8;0;0
63,4584;114,8300;11,9000;-0,0077;0,1850;0,0000;0,0000;0,1147;0,0000;0,0000;0,2312;2,5800;2,5700;0;0,0359;27,8200;0;1;1;8;0;0
63,4723;114,8300;11,9000;0,0070;0,1866;0,0000;0,0000;0,1147;0,0000;0,0000;0,2333;2,5800;2,5900;0;0,0359;27,8200;0;1;1;7;0;0
63,4862;114,8568;11,9000;0,0171;0,1881;0,0000;0,0000;0,1147;0,0000;0,0000;0,2351;2,5300;2,5400;0;0,0359;27,8600;0;1;1;7;0;0
63,5000;114,9027;11,9000;0,0542;0,1895;0,0000;0,0000;0,1147;0,0000;0,0000;0,2368;2,4300;2,4900;0;0,0358;27,9400;0;1;1;7;0;0
63,5139;114,9485;11,9000;0,0755;0,1908;0,0000;0,0000;0,1147;0,0000;0,0000;0,2385;2,3400;2,4200;0;0,0357;28,0100;0;1;1;7;0;0
63,5278;114,9944;11,9000;0,1019;0,1922;0,0000;0,0000;0,1147;0,0000;0,0000;0,2403;2,2500;2,3500;0;0,0356;28,0900;0;1;1;7;0;0
63,5417;115,0403;11,9000;0,1176;0,1936;0,0000;0,0000;0,1147;0,0000;0,0000;0,2420;2,1700;2,2800;0;0,0355;28,1600;0;1;1;7;0;0
63,5556;115,2858;11,9000;0,1207;0,1963;0,0000;0,0000;0,1147;0,0000;0,0000;0,2453;1,6700;1,7900;0;0,0350;28,5600;0;1;1;7;0;0
63,5695;115,2858;11,9000;0,1289;0,1973;0,0000;0,0000;0,1147;0,0000;0,0000;0,2467;1,6800;1,8000;0;0,0350;28,5600;0;1;1;7;0;0
63,5834;115,2858;11,9000;0,1163;0,1984;0,0000;0,0000;0,1147;0,0000;0,0000;0,2481;1,6800;1,8000;0;0,0350;28,5600;0;1;1;7;0;0
63,5973;115,2858;11,9000;0,1094;0,1995;0,0000;0,0000;0,1147;0,0000;0,0000;0,2494;1,6800;1,7900;0;0,0350;28,5600;0;1;1;7;0;0
63,6112;115,2858;11,9000;0,1057;0,2006;0,0000;0,0000;0,1147;0,0000;0,0000;0,2508;1,6900;1,7900;0;0,0350;28,5600;0;1;1;7;0;0
63,6250;115,3196;11,9000;0,1086;0,2015;0,0000;0,0030;0,1147;0,0000;0,0000;0,2519;1,6200;1,7300;0;0,0349;28,6200;0;1;1;7;0;0
63,6389;115,3655;11,9000;0,1381;0,2023;0,0000;0,0121;0,1147;0,0000;0,0000;0,2529;1,5400;1,6700;0;0,0349;28,6900;0;1;1;7;0;0
63,6528;115,4114;11,9000;0,1841;0,2032;0,0000;0,0281;0,1147;0,0000;0,0000;0,2540;1,4500;1,6300;0;0,0348;28,7700;0;1;1;7;0;0
63,6667;115,4573;11,9000;0,1933;0,2040;0,0000;0,0503;0,1147;0,0000;0,0000;0,2550;1,3700;1,5600;0;0,0347;28,8400;0;1;1;7;0;0
63,6806;115,5032;11,9000;0,2822;0,2049;0,0000;0,0772;0,1147;0,0000;0,0000;0,2561;1,2900;1,5700;0;0,0346;28,9200;0;1;1;7;0;0
63,6945;115,7413;11,9000;0,3804;0,2070;0,0000;0,1068;0,1147;0,0000;0,0000;0,2587;0,8300;1,2100;0;0,0341;29,3200;0;1;1;7;0;0
63,7084;115,7413;11,9000;0,4990;0,2076;0,0000;0,1373;0,1147;0,0000;0,0000;0,2595;0,8400;1,3400;0;0,0341;29,3200;0;1;1;7;0;0
63,7223;115,7413;11,9000;0,6253;0,2083;0,0000;0,1668;0,1147;0,0000;0,0000;0,2604;0,8600;1,4900;0;0,0341;29,3200;0;1;1;7;0;0
63,7362;115,7413;11,9000;0,8641;0,2091;0,0000;0,1937;0,1147;0,0000;0,0000;0,2614;0,8900;1,7500;0;0,0341;29,3200;0;1;1;7;0;0
63,7500;115,7413;11,9000;0,9119;0,2099;0,0000;0,2172;0,1147;0,0000;0,0000;0,2623;0,9200;1,8300;0;0,0341;29,3200;0;1;1;7;0;0
63,7639;115,7826;11,9000;1,0968;0,2105;0,0000;0,2368;0,1147;0,0000;0,0000;0,2631;0,8700;1,9700;0;0,0340;29,3900;0;1;1;7;0;0
63,7778;115,8285;11,9000;1,4669;0,2112;0,0000;0,2526;0,1147;0,0000;0,0000;0,2640;0,8300;2,2900;0;0,0339;29,4600;0;1;1;7;0;0
63,7917;115,8745;11,9000;1,7194;0,2119;0,0000;0,2650;0,1147;0,0000;0,0000;0,2649;0,8000;2,5100;0;0,0339;29,5400;0;1;1;7;0;0
63,8056;115,9203;11,9000;1,9347;0,2128;0,0000;0,2744;0,1147;0,0000;0,0000;0,2660;0,7700;2,7000;0;0,0338;29,6200;0;1;1;7;0;0
63,8195;115,9663;11,9000;2,1427;0,2138;0,0000;0,2814;0,1147;0,0000;0,0000;0,2672;0,7400;2,8800;0;0,0337;29,6900;0;1;1;7;0;0
63,8334;116,1971;11,9000;2,3361;0,2159;0,0000;0,2868;0,1147;0,0000;0,0000;0,2699;0,3700;2,7100;0;0,0332;30,0900;0;1;1;7;0;0
63,8473;116,1971;11,9000;2,5036;0,2168;0,0000;0,2913;0,1147;0,0000;0,0000;0,2710;0,4500;2,9500;0;0,0332;30,0900;0;1;1;7;0;0
63,8612;116,1971;11,9000;2,6855;0,2177;0,0000;0,2951;0,1147;0,0000;0,0000;0,2722;0,5300;3,2100;0;0,0332;30,0900;0;1;1;7;0;0
63,8750;116,1971;11,9000;2,7218;0,2187;0,0000;0,2986;0,1147;0,0000;0,0000;0,2734;0,6100;3,3300;0;0,0332;30,0900;0;1;1;7;0;0
63,8889;116,1999;11,9000;2,8111;0,2198;0,0000;0,3019;0,1147;0,0000;0,0000;0,2748;0,6900;3,5000;0;0,0332;30,0900;0;1;1;7;0;0
63,9028;116,2458;11,9000;2,8829;0,2207;0,0000;0,3051;0,1147;0,0000;0,0000;0,2759;0,6900;3,5700;0;0,0331;30,1700;0;1;1;7;0;0
63,9167;116,2917;11,9000;2,9852;0,2217;0,0000;0,3082;0,1147;0,0000;0,0000;0,2771;0,7000;3,6800;0;0,0331;30,2500;0;1;1;7;0;0
63,9306;116,3376;11,9000;3,0425;0,2227;0,0000;0,3114;0,1147;0,0000;0,0000;0,2784;0,7000;3,7400;0;0,0330;30,3200;0;1;1;7;0;0
63,9445;116,3835;11,9000;3,0457;0,2238;0,0000;0,3146;0,1147;0,0000;0,0000;0,2797;0,7100;3,7500;0;0,0329;30,4000;0;1;1;7;0;0
63,9584;116,6526;11,9000;3,0693;0,2263;0,0000;0,3179;0,1147;0,0000;0,0000;0,2828;0,3000;3,3700;0;0,0324;30,8700;0;1;1;7;0;0
63,9723;116,6526;11,9000;3,1002;0,2272;0,0000;0,3216;0,1147;0,0000;0,0000;0,2840;0,3900;3,4900;0;0,0324;30,8700;0;1;1;7;0;0
63,9862;116,6526;12,0000;3,1063;0,2282;0,0000;0,3258;0,1147;0,0000;0,0000;0,2853;0,4900;3,5900;0;0,0324;30,8700;0;1;1;7;0;0
64,0000;116,6526;12,0000;3,1147;0,2293;0,0000;0,3302;0,1147;0,0000;0,0000;0,2867;0,5800;3,7000;0;0,0324;30,8700;0;1;1;7;0;0
64,0139;116,6526;12,0000;3,1580;0,2305;0,0000;0,3348;0,1147;0,0000;0,0000;0,2881;0,6800;3,8400;0;0,0324;30,8700;0;1;1;7;0;0
64,0278;116,6643;12,0000;3,1617;0,2316;0,0000;0,3396;0,1147;0,0000;0,0000;0,2895;0,7600;3,9200;0;0,0324;30,8900;0;1;1;7;0;0
64,0417;116,7105;12,0000;3,1663;0,2327;0,0000;0,3446;0,1147;0,0000;0,0000;0,2908;0,7700;3,9300;0;0,0323;30,9700;0;1;1;7;0;0
64,0556;116,7568;12,0000;3,1697;0,2337;0,0000;0,3497;0,1147;0,0000;0,0000;0,2922;0,7800;3,9500;0;0,0322;31,0400;0;1;1;7;0;0
64,0695;116,8031;12,0000;3,1703;0,2349;0,0000;0,3549;0,1147;0,0000;0,0000;0,2936;0,7900;3,9600;0;0,0321;31,1200;0;1;1;7;0;0
64,0834;116,8494;12,0000;3,1798;0,2361;0,0000;0,3602;0,1147;0,0000;0,0000;0,2951;0,8100;3,9800;0;0,0320;31,2000;0;1;1;7;0;1
64,0973;117,1084;12,0000;3,1926;0,2386;0,0000;0,3657;0,1147;0,0000;0,0000;0,2982;0,4300;3,6200;0;0,0316;31,6600;0;1;1;7;0;1
64,1112;117,1084;12,0000;3,2167;0,2397;0,0000;0,3716;0,1147;0,0000;0,0000;0,2996;0,5300;3,7400;0;0,0316;31,6600;0;1;1;7;0;1
64,1250;117,1084;12,0000;3,2296;0,2408;0,0000;0,3779;0,1147;0,0000;0,0000;0,3011;0,6300;3,8600;0;0,0316;31,6600;0;1;1;7;0;1
64,1389;117,1084;12,0000;3,2422;0,2421;0,0000;0,3845;0,1147;0,0000;0,0000;0,3026;0,7300;3,9700;0;0,0316;31,6600;0;1;1;7;0;1
64,1528;117,1084;12,0000;3,2528;0,2434;0,0000;0,3912;0,1147;0,0000;0,0000;0,3042;0,8300;4,0800;0;0,0316;31,6600;0;1;1;7;0;1
64,1667;117,1314;12,0000;3,2626;0,2447;0,0000;0,3982;0,1147;0,0000;0,0000;0,3058;0,8900;4,1500;0;0,0315;31,7000;0;1;1;7;0;1
64,1806;117,1777;12,0000;3,2741;0,2458;0,0000;0,4052;0,1147;0,0000;0,0000;0,3073;0,9100;4,1800;0;0,0315;31,7800;0;1;1;7;0;1
64,1945;117,2240;12,0000;3,2762;0,2471;0,0000;0,4124;0,1147;0,0000;0,0000;0,3088;0,9300;4,2000;0;0,0314;31,8600;0;1;1;7;0;1
64,2084;117,2703;12,0000;3,2860;0,2484;0,0000;0,4195;0,1147;0,0000;0,0000;0,3105;0,9500;4,2300;0;0,0313;31,9400;0;1;1;7;0;1
64,2223;117,3165;12,0000;3,3067;0,2498;0,0000;0,4268;0,1147;0,0000;0,0000;0,3122;0,9700;4,2700;0;0,0312;32,0200;0;1;1;7;0;1
64,2362;117,5639;12,0000;3,3489;0,2524;0,0000;0,4341;0,1147;0,0000;0,0000;0,3155;0,6300;3,9800;0;0,0308;32,4600;0;1;1;7;0;1
64,2500;117,5639;12,0000;3,3734;0,2536;0,0000;0,4417;0,1147;0,0000;0,0000;0,3171;0,7300;4,1100;0;0,0308;32,4600;0;1;1;7;0;1
64,2639;117,5639;12,0000;3,3888;0,2550;0,0000;0,4497;0,1147;0,0000;0,0000;0,3187;0,8400;4,2300;0;0,0308;32,4600;0;1;1;7;0;0
64,2778;117,5639;12,0000;3,3820;0,2564;0,0000;0,4580;0,1147;0,0000;0,0000;0,3205;0,9400;4,3300;0;0,0308;32,4600;0;1;1;7;0;0
64,2917;117,5639;12,0000;3,3859;0,2579;0,0000;0,4663;0,1147;0,0000;0,0000;0,3224;1,0500;4,4300;0;0,0308;32,4600;0;1;1;7;0;0
64,3056;117,5987;12,0000;3,3866;0,2593;0,0000;0,4748;0,1147;0,0000;0,0000;0,3241;1,0900;4,4800;0;0,0307;32,5200;0;1;1;7;0;0
64,3195;117,6449;12,0000;3,3852;0,2606;0,0000;0,4832;0,1147;0,0000;0,0000;0,3258;1,1200;4,5000;0;0,0307;32,6000;0;1;1;7;0;0
64,3334;117,6912;12,0000;3,3924;0,2621;0,0000;0,4916;0,1147;0,0000;0,0000;0,3276;1,1400;4,5300;0;0,0306;32,6800;0;1;1;7;0;0
64,3473;117,7375;12,0000;3,3982;0,2636;0,0000;0,4999;0,1147;0,0000;0,0000;0,3294;1,1700;4,5600;0;0,0305;32,7600;0;1;1;7;0;0
64,3612;117,7838;12,0000;3,3981;0,2651;0,0000;0,5081;0,1147;0,0000;0,0000;0,3314;1,1900;4,5900;0;0,0304;32,8500;0;1;1;7;0;0
64,3750;118,0198;12,0000;3,3919;0,2678;0,0000;0,5164;0,1147;0,0000;0,0000;0,3348;0,8900;4,2800;0;0,0301;33,2700;0;1;1;7;0;0
64,3889;118,0198;12,0000;3,3907;0,2693;0,0000;0,5247;0,1147;0,0000;0,0000;0,3366;0,9900;4,3800;0;0,0301;33,2700;0;1;1;7;0;0
64,4028;118,0198;12,0000;3,3798;0,2708;0,0000;0,5332;0,1147;0,0000;0,0000;0,3385;1,1000;4,4800;0;0,0301;33,2700;0;1;1;7;0;0
64,4167;118,0198;12,0000;3,3776;0,2724;0,0000;0,5417;0,1147;0,0000;0,0000;0,3404;1,2000;4,5800;0;0,0301;33,2700;0;1;1;7;0;0
64,4306;118,0198;12,0000;3,3635;0,2740;0,0000;0,5501;0,1147;0,0000;0,0000;0,3425;1,3100;4,6700;0;0,0301;33,2700;0;1;1;7;0;0
64,4445;118,0660;12,0000;3,3673;0,2755;0,0000;0,5584;0,1147;0,0000;0,0000;0,3443;1,3300;4,7000;0;0,0300;33,3500;0;1;1;7;0;0
64,4584;118,1123;11,8000;3,3681;0,2770;0,0000;0,5665;0,1147;0,0000;0,0000;0,3462;1,3600;4,7200;0;0,0299;33,4300;0;1;1;7;0;0
64,4723;118,1578;11,8000;3,3840;0,2786;0,0000;0,5743;0,1147;0,0000;0,0000;0,3482;1,3800;4,7600;0;0,0298;33,5100;0;1;1;7;0;0
64,4862;118,2032;11,8000;3,3928;0,2802;0,0000;0,5819;0,1147;0,0000;0,0000;0,3503;1,4100;4,8000;0;0,0298;33,6000;0;1;1;0;0;0
64,5000;118,4752;11,8000;3,3859;0,2831;0,0000;0,5893;0,1147;0,0000;0,0000;0,3539;1,0500;4,4400;0;0,0293;34,0900;0;1;1;0;0;0
64,5139;118,4752;11,8000;3,3261;0,2846;0,0000;0,5966;0,1147;0,0000;0,0000;0,3558;1,1500;4,4800;0;0,0293;34,0900;0;1;1;0;0;0
64,5278;118,4752;11,8000;3,2263;0,2862;0,0000;0,6040;0,1147;0,0000;0,0000;0,3577;1,2500;4,4800;0;0,0293;34,0900;0;1;1;0;0;0
64,5417;118,4752;11,8000;3,1391;0,2878;0,0000;0,6114;0,1147;0,0000;0,0000;0,3597;1,3500;4,4800;0;0,0293;34,0900;0;1;1;0;0;0
64,5556;118,4752;11,8000;3,1217;0,2894;0,0000;0,6185;0,1147;0,0000;0,0000;0,3618;1,4400;4,5600;0;0,0293;34,0900;0;1;1;0;0;0
64,5695;118,4810;11,8000;3,0354;0,2911;0,0000;0,6256;0,1147;0,0000;0,0000;0,3639;1,5200;4,5600;0;0,0293;34,1000;0;1;1;0;0;0
64,5834;118,5265;11,8000;2,9869;0,2926;0,0000;0,6325;0,1147;0,0000;0,0000;0,3658;1,5400;4,5300;0;0,0293;34,1800;0;1;1;0;0;0
64,5973;118,5720;11,8000;2,9145;0,2941;0,0000;0,6392;0,1147;0,0000;0,0000;0,3677;1,5500;4,4700;0;0,0292;34,2600;0;1;1;0;0;0
64,6112;118,6175;11,8000;2,8632;0,2957;0,0000;0,6458;0,1147;0,0000;0,0000;0,3697;1,5700;4,4300;0;0,0291;34,3400;0;1;1;0;0;0
64,6250;118,6629;11,8000;2,8530;0,2974;0,0000;0,6522;0,1147;0,0000;0,0000;0,3717;1,5800;4,4300;0;0,0290;34,4200;0;1;1;0;0;0
64,6389;118,9311;11,8000;2,7994;0,3002;0,0000;0,6584;0,1147;0,0000;0,0000;0,3752;1,2200;4,0200;0;0,0286;34,9200;0;1;1;0;0;0
64,6528;118,9311;11,8000;2,6255;0,3016;0,0000;0,6647;0,1147;0,0000;0,0000;0,3771;1,3000;3,9200;0;0,0286;34,9200;0;1;1;0;0;0
64,6667;118,9311;11,8000;2,5608;0,3031;0,0000;0,6710;0,1147;0,0000;0,0000;0,3789;1,3800;3,9400;0;0,0286;34,9200;0;1;1;0;0;0
64,6806;118,9311;11,4000;2,4193;0,3046;0,0000;0,6773;0,1147;0,0000;0,0000;0,3807;1,4500;3,8700;0;0,0286;34,9200;0;1;1;0;0;0
64,6945;118,9311;11,4000;2,3602;0,3061;0,0000;0,6834;0,1147;0,0000;0,0000;0,3826;1,5200;3,8800;0;0,0286;34,9200;0;1;1;0;0;0
64,7084;118,9378;11,4000;2,3484;0,3076;0,0000;0,6895;0,1147;0,0000;0,0000;0,3844;1,5800;3,9200;0;0,0286;34,9300;0;1;1;0;0;0
64,7223;118,9817;11,4000;2,2235;0,3089;0,0000;0,6953;0,1147;0,0000;0,0000;0,3861;1,5700;3,7900;0;0,0286;35,0100;0;1;1;0;0;0
64,7362;119,0257;11,4000;2,0629;0,3102;0,0000;0,7010;0,1147;0,0000;0,0000;0,3877;1,5600;3,6200;0;0,0285;35,0800;0;1;1;0;0;0
64,7500;119,0696;11,4000;1,9101;0,3115;0,0000;0,7065;0,1147;0,0000;0,0000;0,3893;1,5500;3,4500;0;0,0284;35,1600;0;1;1;0;0;0
64,7639;119,1136;11,4000;1,8355;0,3128;0,0000;0,7118;0,1147;0,0000;0,0000;0,3910;1,5300;3,3600;0;0,0284;35,2400;0;1;1;0;0;0
64,7778;119,1575;11,4000;1,7833;0,3141;0,0000;0,7170;0,1147;0,0000;0,0000;0,3927;1,5100;3,2900;0;0,0283;35,3200;0;1;1;0;0;0
64,7917;119,3865;11,4000;1,7107;0,3164;0,0000;0,7220;0,1147;0,0000;0,0000;0,3955;1,1900;2,9000;0;0,0280;35,7500;0;1;1;0;0;0
64,8056;119,3865;11,4000;1,6364;0,3176;0,0000;0,7269;0,1147;0,0000;0,0000;0,3970;1,2400;2,8800;0;0,0280;35,7500;0;1;1;0;0;0
64,8195;119,3865;11,4000;1,5661;0,3187;0,0000;0,7318;0,1147;0,0000;0,0000;0,3984;1,2900;2,8500;0;0,0280;35,7500;0;1;1;0;0;0
64,8334;119,3865;11,4000;1,5520;0,3199;0,0000;0,7367;0,1147;0,0000;0,0000;0,3999;1,3300;2,8800;0;0,0280;35,7500;0;1;1;0;0;0
64,8473;119,3865;11,4000;1,4305;0,3211;0,0000;0,7414;0,1147;0,0000;0,0000;0,4013;1,3700;2,8000;0;0,0280;35,7500;0;1;1;0;0;0
64,8612;119,4264;11,4000;1,3074;0,3220;0,0000;0,7459;0,1147;0,0000;0,0000;0,4026;1,3500;2,6500;0;0,0279;35,8200;0;1;1;0;0;0
64,8750;119,4704;11,4000;1,1396;0,3230;0,0000;0,7503;0,1147;0,0000;0,0000;0,4037;1,3100;2,4500;0;0,0279;35,9000;0;1;1;0;0;0
64,8889;119,5143;11,4000;1,0682;0,3239;0,0000;0,7545;0,1147;0,0000;0,0000;0,4049;1,2700;2,3400;0;0,0278;35,9800;0;1;1;0;0;0
64,9028;119,5583;11,4000;1,0086;0,3248;0,0000;0,7586;0,1147;0,0000;0,0000;0,4061;1,2300;2,2400;0;0,0277;36,0600;0;1;1;0;0;0
64,9167;119,6022;11,4000;0,9570;0,3258;0,0000;0,7624;0,1147;0,0000;0,0000;0,4072;1,1900;2,1500;0;0,0277;36,1400;0;1;1;0;0;0
64,9306;119,8426;11,4000;0,9028;0,3277;0,0000;0,7661;0,1147;0,0000;0,0000;0,4097;0,8400;1,7400;0;0,0273;36,5800;0;1;1;0;0;0
64,9445;119,8426;11,4000;0,8920;0,3285;0,0000;0,7697;0,1147;0,0000;0,0000;0,4106;0,8700;1,7600;0;0,0273;36,5800;0;1;1;0;0;0
64,9584;119,8426;11,4000;0,8613;0,3292;0,0000;0,7733;0,1147;0,0000;0,0000;0,4115;0,8900;1,7500;0;0,0273;36,5800;0;1;1;0;0;0
64,9723;119,8426;11,4000;0,7582;0,3300;0,0000;0,7768;0,1147;0,0000;0,0000;0,4125;0,9100;1,6700;0;0,0273;36,5800;0;1;1;0;0;0
64,9862;119,8426;11,4000;0,6972;0,3307;0,0000;0,7802;0,1147;0,0000;0,0000;0,4134;0,9400;1,6300;0;0,0273;36,5800;0;1;1;0;0;0
65,0000;119,8712;11,4000;0,6636;0,3313;0,0000;0,7834;0,1147;0,0000;0,0000;0,4142;0,9100;1,5700;0;0,0273;36,6300;0;1;1;0;0;0
65,0139;119,9152;11,4000;0,6361;0,3319;0,0000;0,7865;0,1147;0,0000;0,0000;0,4149;0,8600;1,5000;0;0,0272;36,7100;0;1;1;0;0;0
65,0278;119,9592;11,4000;0,6306;0,3324;0,0000;0,7894;0,1147;0,0000;0,0000;0,4156;0,8100;1,4400;0;0,0272;36,7900;0;1;1;0;0;0
65,0417;120,0031;11,4000;0,5971;0,3330;0,0000;0,7921;0,1147;0,0000;0,0000;0,4162;0,7600;1,3600;0;0,0271;36,8700;0;1;1;0;0;0
65,0556;120,0471;11,4000;0,5445;0,3336;0,0000;0,7947;0,1147;0,0000;0,0000;0,4169;0,7100;1,2500;0;0,0271;36,9500;0;1;1;0;0;0
65,0695;120,2978;11,4000;0,5087;0,3351;0,0000;0,7971;0,1147;0,0000;0,0000;0,4189;0,3400;0,8500;0;0,0267;37,4200;0;1;1;0;0;0
65,0834;120,2978;11,4000;0,5015;0,3355;0,0000;0,7994;0,1147;0,0000;0,0000;0,4193;0,3500;0,8600;0;0,0267;37,4200;0;1;1;0;0;0
65,0973;120,2978;11,4000;0,4826;0,3358;0,0000;0,8018;0,1147;0,0000;0,0000;0,4198;0,3700;0,8500;0;0,0267;37,4200;0;1;1;0;0;0
65,1112;120,2978;11,4000;0,4586;0,3362;0,0000;0,8040;0,1147;0,0000;0,0000;0,4202;0,3800;0,8400;0;0,0267;37,4200;0;1;1;0;0;0
65,1250;120,2978;11,4000;0,4500;0,3365;0,0000;0,8062;0,1147;0,0000;0,0000;0,4207;0,4000;0,8500;0;0,0267;37,4200;0;1;1;0;0;0
65,1389;120,3161;11,4000;0,4483;0,3368;0,0000;0,8082;0,1147;0,0000;0,0000;0,4210;0,3800;0,8300;0;0,0267;37,4500;0;1;1;0;0;0
65,1528;120,3601;11,4000;0,3838;0,3370;0,0000;0,8100;0,1147;0,0000;0,0000;0,4212;0,3300;0,7100;0;0,0266;37,5300;0;1;1;0;0;0
65,1667;120,4041;11,4000;0,3924;0,3371;0,0000;0,8117;0,1147;0,0000;0,0000;0,4214;0,2700;0,6600;0;0,0266;37,6100;0;1;1;0;0;0
65,1806;120,4481;11,5000;0,3670;0,3373;0,0000;0,8132;0,1147;0,0000;0,0000;0,4216;0,2200;0,5800;0;0,0265;37,6900;0;1;1;0;0;0
65,1945;120,4924;11,5000;0,3763;0,3375;0,0000;0,8146;0,1147;0,0000;0,0000;0,4218;0,1600;0,5400;0;0,0265;37,7800;0;1;1;0;0;0
65,2084;120,7540;11,5000;0,3657;0,3387;0,0000;0,8159;0,1147;0,0000;0,0000;0,4233;-0,2200;0,1400;0;0,0261;38,2600;0;1;1;0;0;0
65,2223;120,7540;11,5000;0,3868;0,3386;0,0000;0,8171;0,1147;0,0000;0,0000;0,4233;-0,2100;0,1800;0;0,0261;38,2600;0;1;1;0;0;0
65,2362;120,7540;11,5000;0,3935;0,3386;0,0000;0,8183;0,1147;0,0000;0,0000;0,4233;-0,2000;0,1900;0;0,0261;38,2600;0;1;1;0;0;0
65,2500;120,7540;11,5000;0,3949;0,3386;0,0000;0,8194;0,1147;0,0000;0,0000;0,4233;-0,1800;0,2100;0;0,0261;38,2600;0;1;1;0;0;0
65,2639;120,7540;11,5000;0,4077;0,3386;0,0000;0,8204;0,1147;0,0000;0,0000;0,4232;-0,1700;0,2300;0;0,0261;38,2600;0;1;1;0;0;0
65,2778;120,7637;11,5000;0,4079;0,3386;0,0000;0,8213;0,1147;0,0000;0,0000;0,4232;-0,1700;0,2300;0;0,0261;38,2800;0;1;1;0;0;0
65,2917;120,8080;11,5000;0,4865;0,3384;0,0000;0,8221;0,1147;0,0000;0,0000;0,4230;-0,2300;0,2600;0;0,0261;38,3600;0;1;1;0;0;0
65,3056;120,8524;11,5000;0,4718;0,3382;0,0000;0,8227;0,1147;0,0000;0,0000;0,4227;-0,2800;0,1900;0;0,0260;38,4400;0;1;1;0;0;0
65,3195;120,8968;11,5000;0,4863;0,3380;0,0000;0,8232;0,1147;0,0000;0,0000;0,4225;-0,3300;0,1500;0;0,0260;38,5200;0;1;1;0;0;0
65,3334;120,9411;11,5000;0,4770;0,3379;0,0000;0,8235;0,1147;0,0000;0,0000;0,4223;-0,3800;0,0900;0;0,0259;38,6100;0;1;1;0;0;0
65,3473;121,2091;11,5000;0,4753;0,3388;0,0000;0,8236;0,1147;0,0000;0,0000;0,4235;-0,7600;-0,2900;0;0,0256;39,1100;0;1;1;0;0;0
65,3612;121,2091;11,5000;0,4765;0,3384;0,0000;0,8237;0,1147;0,0000;0,0000;0,4230;-0,7500;-0,2700;0;0,0256;39,1100;0;1;1;0;0;0
65,3750;121,2091;11,5000;0,4457;0,3381;0,0000;0,8238;0,1147;0,0000;0,0000;0,4226;-0,7300;-0,2900;0;0,0256;39,1100;0;1;1;0;0;0
65,3889;121,2091;11,5000;0,4214;0,3378;0,0000;0,8240;0,1147;0,0000;0,0000;0,4222;-0,7200;-0,3000;0;0,0256;39,1100;0;1;1;0;0;0
65,4028;121,2091;11,5000;0,4046;0,3374;0,0000;0,8240;0,1147;0,0000;0,0000;0,4218;-0,7100;-0,3000;0;0,0256;39,1100;0;1;1;0;0;0
65,4167;121,2122;11,5000;0,3978;0,3371;0,0000;0,8240;0,1147;0,0000;0,0000;0,4214;-0,7000;-0,3100;0;0,0256;39,1100;0;1;1;0;0;0
65,4306;121,2566;11,5000;0,3739;0,3366;0,0000;0,8238;0,1147;0,0000;0,0000;0,4207;-0,7500;-0,3800;0;0,0255;39,1900;0;1;1;0;0;0
65,4445;121,3010;11,5000;0,3631;0,3360;0,0000;0,8236;0,1147;0,0000;0,0000;0,4200;-0,8100;-0,4400;0;0,0255;39,2700;0;1;1;0;0;0
65,4584;121,3453;11,5000;0,3609;0,3355;0,0000;0,8231;0,1147;0,0000;0,0000;0,4194;-0,8600;-0,5000;0;0,0254;39,3500;0;1;1;0;0;0
65,4723;121,3897;11,5000;0,3450;0,3350;0,0000;0,8226;0,1147;0,0000;0,0000;0,4187;-0,9100;-0,5700;0;0,0254;39,4400;0;1;1;0;0;0
65,4862;121,4341;11,5000;0,2780;0,3345;0,0000;0,8219;0,1147;0,0000;0,0000;0,4181;-0,9700;-0,6900;0;0,0253;39,5200;0;1;1;5;0;0
65,5000;121,6654;11,5000;0,2915;0,3348;0,0000;0,8210;0,1147;0,0000;0,0000;0,4185;-1,2900;-1,0000;0;0,0250;39,9500;0;1;1;5;0;0
65,5139;121,6654;11,5000;0,2844;0,3341;0,0000;0,8202;0,1147;0,0000;0,0000;0,4176;-1,2900;-1,0000;0;0,0250;39,9500;0;1;1;5;0;0
65,5278;121,6654;11,5000;0,2410;0,3334;0,0000;0,8193;0,1147;0,0000;0,0000;0,4167;-1,2800;-1,0400;0;0,0250;39,9500;0;1;1;5;0;0
65,5417;121,6654;11,5000;0,2429;0,3326;0,0000;0,8183;0,1147;0,0000;0,0000;0,4158;-1,2700;-1,0300;0;0,0250;39,9500;0;1;1;5;0;0
65,5556;121,6654;11,5000;0,2441;0,3319;0,0000;0,8173;0,1147;0,0000;0,0000;0,4149;-1,2600;-1,0200;0;0,0250;39,9500;0;1;1;5;0;0
65,5695;121,7050;11,5000;0,2478;0,3310;0,0000;0,8161;0,1147;0,0000;0,0000;0,4138;-1,3100;-1,0700;0;0,0250;40,0200;0;1;1;5;0;0
65,5834;121,7493;11,5000;0,2055;0,3301;0,0000;0,8148;0,1147;0,0000;0,0000;0,4127;-1,3700;-1,1700;0;0,0249;40,1000;0;1;1;5;0;0
65,5973;121,7937;11,5000;0,2053;0,3292;0,0000;0,8133;0,1147;0,0000;0,0000;0,4115;-1,4300;-1,2300;0;0,0249;40,1800;0;1;1;5;0;0
65,6112;121,8380;11,5000;0,2269;0,3283;0,0000;0,8117;0,1147;0,0000;0,0000;0,4104;-1,4900;-1,2600;0;0,0248;40,2700;0;1;1;5;0;0
65,6250;121,8824;11,5000;0,2641;0,3274;0,0000;0,8099;0,1147;0,0000;0,0000;0,4092;-1,5400;-1,2800;0;0,0248;40,3500;0;1;1;5;0;0
65,6389;122,1205;11,5000;0,2550;0,3274;0,0000;0,8080;0,1147;0,0000;0,0000;0,4092;-1,8700;-1,6200;0;0,0245;40,7900;0;1;1;5;0;0
65,6528;122,1205;11,5000;0,2345;0,3263;0,0000;0,8060;0,1147;0,0000;0,0000;0,4078;-1,8700;-1,6300;0;0,0245;40,7900;0;1;1;5;0;0
65,6667;122,1205;11,5000;0,2738;0,3252;0,0000;0,8041;0,1147;0,0000;0,0000;0,4065;-1,8600;-1,5800;0;0,0245;40,7900;0;1;1;5;0;0
65,6806;122,1205;11,5000;0,2721;0,3241;0,0000;0,8020;0,1147;0,0000;0,0000;0,4051;-1,8500;-1,5800;0;0,0245;40,7900;0;1;1;5;0;0
65,6945;122,1205;11,3000;0,2707;0,3230;0,0000;0,7999;0,1147;0,0000;0,0000;0,4038;-1,8400;-1,5700;0;0,0245;40,7900;0;1;1;5;0;0
65,7084;122,1522;11,3000;0,2575;0,3218;0,0000;0,7976;0,1147;0,0000;0,0000;0,4023;-1,8800;-1,6300;0;0,0245;40,8500;0;1;1;5;0;0
65,7223;122,1958;11,3000;0,2534;0,3206;0,0000;0,7952;0,1147;0,0000;0,0000;0,4008;-1,9300;-1,6800;0;0,0244;40,9300;0;1;1;5;0;0
65,7362;122,2394;11,3000;0,2796;0,3194;0,0000;0,7926;0,1147;0,0000;0,0000;0,3992;-1,9900;-1,7100;0;0,0244;41,0100;0;1;1;5;0;0
65,7500;122,2829;11,3000;0,2983;0,3182;0,0000;0,7899;0,1147;0,0000;0,0000;0,3977;-2,0400;-1,7400;0;0,0243;41,0900;0;1;1;5;0;0
65,7639;122,3265;11,3000;0,3310;0,3169;0,0000;0,7870;0,1147;0,0000;0,0000;0,3962;-2,0900;-1,7600;0;0,0243;41,1700;0;1;1;5;0;0
65,7778;122,5769;11,3000;0,3474;0,3167;0,0000;0,7840;0,1147;0,0000;0,0000;0,3958;-2,4300;-2,0800;0;0,0240;41,6300;0;1;1;5;0;0
65,7917;122,5769;11,3000;0,4055;0,3153;0,0000;0,7809;0,1147;0,0000;0,0000;0,3941;-2,4200;-2,0100;0;0,0240;41,6300;0;1;1;5;0;0
65,8056;122,5769;11,3000;0,4333;0,3139;0,0000;0,7779;0,1147;0,0000;0,0000;0,3924;-2,4000;-1,9700;0;0,0240;41,6300;0;1;1;5;0;0
65,8195;122,5769;11,3000;0,4176;0,3126;0,0000;0,7748;0,1147;0,0000;0,0000;0,3907;-2,3900;-1,9700;0;0,0240;41,6300;0;1;1;5;0;0
65,8334;122,5769;11,3000;0,4259;0,3113;0,0000;0,7716;0,1147;0,0000;0,0000;0,3891;-2,3800;-1,9500;0;0,0240;41,6300;0;1;1;5;0;0
65,8473;122,5922;11,3000;0,4538;0,3099;0,0000;0,7683;0,1147;0,0000;0,0000;0,3873;-2,3900;-1,9300;0;0,0240;41,6600;0;1;1;5;0;0
65,8612;122,6357;11,3000;0,4877;0,3084;0,0000;0,7648;0,1147;0,0000;0,0000;0,3855;-2,4300;-1,9500;0;0,0240;41,7400;0;1;1;5;0;0
65,8750;122,6793;11,3000;0,5994;0,3069;0,0000;0,7613;0,1147;0,0000;0,0000;0,3836;-2,4700;-1,8700;0;0,0239;41,8200;0;1;1;5;0;0
65,8889;122,7228;11,3000;0,6140;0,3055;0,0000;0,7575;0,1147;0,0000;0,0000;0,3818;-2,5100;-1,9000;0;0,0239;41,9000;0;1;1;5;0;0
65,9028;122,7664;11,3000;0,6965;0,3040;0,0000;0,7537;0,1147;0,0000;0,0000;0,3801;-2,5500;-1,8600;0;0,0238;41,9800;0;1;1;5;0;0
65,9167;123,0318;11,3000;0,6994;0,3036;0,0000;0,7497;0,1147;0,0000;0,0000;0,3795;-2,8900;-2,1900;0;0,0235;42,4700;0;1;1;5;0;0
65,9306;123,0318;11,3000;0,7393;0,3020;0,0000;0,7456;0,1147;0,0000;0,0000;0,3775;-2,8700;-2,1300;0;0,0235;42,4700;0;1;1;5;0;0
65,9445;123,0318;11,3000;0,7727;0,3004;0,0000;0,7416;0,1147;0,0000;0,0000;0,3756;-2,8500;-2,0800;0;0,0235;42,4700;0;1;1;5;0;0
65,9584;123,0318;11,2000;0,8789;0,2989;0,0000;0,7376;0,1147;0,0000;0,0000;0,3737;-2,8200;-1,9400;0;0,0235;42,4700;0;1;1;5;0;0
65,9723;123,0318;11,2000;0,9041;0,2975;0,0000;0,7334;0,1147;0,0000;0,0000;0,3718;-2,8000;-1,8900;0;0,0235;42,4700;0;1;1;5;0;0
65,9862;123,0318;11,2000;0,9303;0,2960;0,0000;0,7292;0,1147;0,0000;0,0000;0,3700;-2,7700;-1,8400;0;0,0235;42,4700;0;1;1;5;0;0
66,0000;123,0742;11,2000;0,9929;0,2944;0,0000;0,7248;0,1147;0,0000;0,0000;0,3680;-2,8000;-1,8100;0;0,0235;42,5400;0;1;1;5;0;0
66,0139;123,1173;11,2000;1,0511;0,2929;0,0000;0,7203;0,1147;0,0000;0,0000;0,3661;-2,8200;-1,7700;0;0,0235;42,6200;0;1;1;5;0;0
66,0278;123,1605;11,2000;1,1144;0,2913;0,0000;0,7157;0,1147;0,0000;0,0000;0,3641;-2,8500;-1,7400;0;0,0234;42,7000;0;1;1;5;0;0
66,0417;123,2037;11,2000;1,1579;0,2898;0,0000;0,7110;0,1147;0,0000;0,0000;0,3622;-2,8700;-1,7200;0;0,0234;42,7800;0;1;1;5;0;0
66,0556;123,2468;11,2000;1,1478;0,2882;0,0000;0,7061;0,1147;0,0000;0,0000;0,3603;-2,9000;-1,7500;0;0,0233;42,8600;0;1;1;5;0;0
66,0695;123,4882;11,2000;1,1399;0,2876;0,0000;0,7011;0,1147;0,0000;0,0000;0,3595;-3,1900;-2,0500;0;0,0231;43,3000;0;1;1;5;0;0
66,0834;123,4882;11,2000;1,1780;0,2859;0,0000;0,6962;0,1147;0,0000;0,0000;0,3574;-3,1500;-1,9700;0;0,0231;43,3000;0;1;1;5;0;0
66,0973;123,4882;11,2000;1,2422;0,2843;0,0000;0,6913;0,1147;0,0000;0,0000;0,3554;-3,1100;-1,8700;0;0,0231;43,3000;0;1;1;5;0;0
66,1112;123,4882;11,2000;1,3119;0,2828;0,0000;0,6863;0,1147;0,0000;0,0000;0,3535;-3,0800;-1,7600;0;0,0231;43,3000;0;1;1;5;0;0
66,1250;123,4882;11,2000;1,3584;0,2813;0,0000;0,6812;0,1147;0,0000;0,0000;0,3516;-3,0400;-1,6800;0;0,0231;43,3000;0;1;1;5;0;0
66,1389;123,5096;11,2000;1,3798;0,2797;0,0000;0,6761;0,1147;0,0000;0,0000;0,3496;-3,0200;-1,6500;0;0,0231;43,3400;0;1;1;5;0;0
66,1528;123,5527;11,2000;1,4026;0,2781;0,0000;0,6709;0,1147;0,0000;0,0000;0,3476;-3,0400;-1,6400;0;0,0230;43,4200;0;1;1;5;0;0
66,1667;123,5959;11,2000;1,4420;0,2764;0,0000;0,6655;0,1147;0,0000;0,0000;0,3456;-3,0500;-1,6200;0;0,0230;43,4900;0;1;1;5;0;0
66,1806;123,6391;11,2000;1,4782;0,2749;0,0000;0,6600;0,1147;0,0000;0,0000;0,3436;-3,0700;-1,5900;0;0,0230;43,5700;0;1;1;5;0;0
66,1945;123,6822;11,2000;1,5074;0,2733;0,0000;0,6544;0,1147;0,0000;0,0000;0,3417;-3,0800;-1,5800;0;0,0229;43,6500;0;1;1;5;0;0
66,2084;123,9432;11,2000;1,5314;0,2727;0,0000;0,6487;0,1147;0,0000;0,0000;0,3409;-3,3800;-1,8500;0;0,0227;44,1200;0;1;1;5;0;0
66,2223;123,9432;11,2000;1,5493;0,2711;0,0000;0,6430;0,1147;0,0000;0,0000;0,3388;-3,3300;-1,7800;0;0,0227;44,1200;0;1;1;5;0;0
66,2362;123,9432;11,2000;1,5819;0,2695;0,0000;0,6374;0,1147;0,0000;0,0000;0,3368;-3,2900;-1,7000;0;0,0227;44,1200;0;1;1;5;0;0
66,2500;123,9432;11,2000;1,6163;0,2679;0,0000;0,6317;0,1147;0,0000;0,0000;0,3348;-3,2400;-1,6200;0;0,0227;44,1200;0;1;1;5;0;0
66,2639;123,9432;11,2000;1,6347;0,2663;0,0000;0,6259;0,1147;0,0000;0,0000;0,3329;-3,1900;-1,5600;0;0,0227;44,1200;0;1;1;5;0;0
66,2778;123,9447;11,2000;1,6478;0,2648;0,0000;0,6198;0,1147;0,0000;0,0000;0,3310;-3,1500;-1,5000;0;0,0227;44,1300;0;1;1;5;0;0
66,2917;123,9879;11,2000;1,6570;0,2631;0,0000;0,6136;0,1147;0,0000;0,0000;0,3289;-3,1500;-1,5000;0;0,0226;44,2000;0;1;1;5;0;0
66,3056;124,0310;11,2000;1,6623;0,2615;0,0000;0,6072;0,1147;0,0000;0,0000;0,3269;-3,1600;-1,5000;0;0,0226;44,2800;0;1;1;5;0;0
66,3195;124,0742;11,2000;1,6658;0,2599;0,0000;0,6005;0,1147;0,0000;0,0000;0,3249;-3,1700;-1,5000;0;0,0225;44,3600;0;1;1;5;0;0
66,3334;124,1174;11,2000;1,6656;0,2583;0,0000;0,5935;0,1147;0,0000;0,0000;0,3229;-3,1700;-1,5100;0;0,0225;44,4300;0;1;1;5;0;0
66,3473;124,1605;11,2000;1,6583;0,2568;0,0000;0,5862;0,1147;0,0000;0,0000;0,3210;-3,1800;-1,5300;0;0,0225;44,5100;0;1;1;5;0;0
66,3612;124,3994;11,2000;1,6476;0,2561;0,0000;0,5787;0,1147;0,0000;0,0000;0,3201;-3,4400;-1,7900;0;0,0222;44,9400;0;1;1;5;0;0
66,3750;124,3994;11,2000;1,6343;0,2544;0,0000;0,5712;0,1147;0,0000;0,0000;0,3180;-3,3900;-1,7600;0;0,0222;44,9400;0;1;1;5;0;0
66,3889;124,3994;11,2000;1,6217;0,2527;0,0000;0,5636;0,1147;0,0000;0,0000;0,3159;-3,3500;-1,7200;0;0,0222;44,9400;0;1;1;5;0;0
66,4028;124,3994;11,2000;1,6091;0,2511;0,0000;0,5559;0,1147;0,0000;0,0000;0,3139;-3,3000;-1,6900;0;0,0222;44,9400;0;1;1;5;0;0
66,4167;124,3994;11,2000;1,5965;0,2495;0,0000;0,5480;0,1147;0,0000;0,0000;0,3119;-3,2500;-1,6600;0;0,0222;44,9400;0;1;1;5;0;0
66,4306;124,4227;11,2000;1,5896;0,2479;0,0000;0,5399;0,1147;0,0000;0,0000;0,3098;-3,2300;-1,6500;0;0,0222;44,9900;0;1;1;5;0;0
66,4445;124,4659;10,9000;1,5876;0,2461;0,0000;0,5316;0,1147;0,0000;0,0000;0,3077;-3,2400;-1,6600;0;0,0222;45,0600;0;1;1;5;0;0
66,4584;124,5079;10,9000;1,5896;0,2445;0,0000;0,5230;0,1147;0,0000;0,0000;0,3056;-3,2500;-1,6700;0;0,0222;45,1400;0;1;1;5;0;0
66,4723;124,5499;10,9000;1,5972;0,2429;0,0000;0,5143;0,1147;0,0000;0,0000;0,3036;-3,2600;-1,6700;0;0,0221;45,2100;0;1;1;5;0;0
66,4862;124,5919;10,9000;1,6019;0,2413;0,0000;0,5054;0,1147;0,0000;0,0000;0,3016;-3,2700;-1,6700;0;0,0221;45,2800;0;1;1;5;0;0
66,5000;124,8546;10,9000;1,6176;0,2406;0,0000;0,4963;0,1147;0,0000;0,0000;0,3007;-3,5500;-1,9400;0;0,0219;45,7500;0;1;1;6;0;0
66,5139;124,8546;10,9000;1,6424;0,2389;0,0000;0,4873;0,1147;0,0000;0,0000;0,2986;-3,5100;-1,8700;0;0,0219;45,7500;0;1;1;6;0;0
66,5278;124,8546;10,9000;1,6612;0,2372;0,0000;0,4785;0,1147;0,0000;0,0000;0,2966;-3,4600;-1,8000;0;0,0219;45,7500;0;1;1;6;0;0
66,5417;124,8546;10,9000;1,6956;0,2356;0,0000;0,4697;0,1147;0,0000;0,0000;0,2945;-3,4100;-1,7200;0;0,0219;45,7500;0;1;1;6;0;0
66,5556;124,8546;10,9000;1,7121;0,2340;0,0000;0,4609;0,1147;0,0000;0,0000;0,2925;-3,3600;-1,6500;0;0,0219;45,7500;0;1;1;6;0;0
66,5695;124,8546;10,9000;1,7229;0,2324;0,0000;0,4521;0,1147;0,0000;0,0000;0,2906;-3,3200;-1,5900;0;0,0219;45,7500;0;1;1;6;0;0
66,5834;124,8889;10,9000;1,7407;0,2308;0,0000;0,4433;0,1147;0,0000;0,0000;0,2885;-3,3100;-1,5700;0;0,0218;45,8100;0;1;1;6;0;0
66,5973;124,9309;10,9000;1,7531;0,2291;0,0000;0,4345;0,1147;0,0000;0,0000;0,2864;-3,3100;-1,5600;0;0,0218;45,8900;0;1;1;6;0;0
66,6112;124,9729;10,9000;1,7569;0,2275;0,0000;0,4257;0,1147;0,0000;0,0000;0,2843;-3,3100;-1,5600;0;0,0218;45,9600;0;1;1;6;0;0
66,6250;125,0149;10,9000;1,7673;0,2259;0,0000;0,4170;0,1147;0,0000;0,0000;0,2823;-3,3200;-1,5500;0;0,0217;46,0300;0;1;1;6;0;0
66,6389;125,0569;10,9000;1,7757;0,2243;0,0000;0,4083;0,1147;0,0000;0,0000;0,2804;-3,3200;-1,5500;0;0,0217;46,1100;0;1;1;6;0;0
66,6528;125,3105;10,9000;1,8025;0,2236;0,0000;0,3998;0,1147;0,0000;0,0000;0,2795;-3,5800;-1,7800;0;0,0215;46,5600;0;1;1;6;0;0
66,6667;125,3105;10,9000;1,8267;0,2219;0,0000;0,3915;0,1147;0,0000;0,0000;0,2774;-3,5300;-1,7100;0;0,0215;46,5600;0;1;1;6;0;0
66,6806;125,3105;10,9000;1,8657;0,2203;0,0000;0,3836;0,1147;0,0000;0,0000;0,2753;-3,4800;-1,6200;0;0,0215;46,5600;0;1;1;6;0;0
66,6945;125,3105;10,9000;1,9200;0,2187;0,0000;0,3759;0,1147;0,0000;0,0000;0,2734;-3,4300;-1,5100;0;0,0215;46,5600;0;1;1;6;0;0
66,7084;125,3105;10,9000;1,9681;0,2171;0,0000;0,3685;0,1147;0,0000;0,0000;0,2714;-3,3700;-1,4000;0;0,0215;46,5600;0;1;1;6;0;0
66,7223;125,3117;10,9000;2,0087;0,2156;0,0000;0,3613;0,1147;0,0000;0,0000;0,2696;-3,3200;-1,3100;0;0,0215;46,5600;0;1;1;6;0;0
66,7362;125,3537;10,9000;2,0548;0,2140;0,0000;0,3544;0,1147;0,0000;0,0000;0,2675;-3,3100;-1,2600;0;0,0214;46,6300;0;1;1;6;0;0
66,7500;125,3957;10,9000;2,1018;0,2125;0,0000;0,3477;0,1147;0,0000;0,0000;0,2656;-3,3000;-1,2000;0;0,0214;46,7000;0;1;1;6;0;0
66,7639;125,4377;10,9000;2,1545;0,2109;0,0000;0,3413;0,1147;0,0000;0,0000;0,2637;-3,2900;-1,1400;0;0,0214;46,7700;0;1;1;6;0;0
66,7778;125,4797;10,9000;2,1930;0,2094;0,0000;0,3355;0,1147;0,0000;0,0000;0,2618;-3,2800;-1,0900;0;0,0213;46,8500;0;1;1;6;0;0
66,7917;125,5217;10,9000;2,2327;0,2080;0,0000;0,3310;0,1147;0,0000;0,0000;0,2600;-3,2700;-1,0400;0;0,0213;46,9200;0;1;1;6;0;0
66,8056;125,7660;10,9000;2,2597;0,2074;0,0000;0,3284;0,1147;0,0000;0,0000;0,2592;-3,5000;-1,2400;0;0,0211;47,3500;0;1;1;6;0;0
66,8195;125,7660;10,9000;2,2875;0,2059;0,0000;0,3276;0,1147;0,0000;0,0000;0,2573;-3,4400;-1,1500;0;0,0211;47,3500;0;1;1;6;0;0
66,8334;125,7660;10,9000;2,3161;0,2044;0,0000;0,3279;0,1147;0,0000;0,0000;0,2555;-3,3700;-1,0600;0;0,0211;47,3500;0;1;1;6;0;0
66,8473;125,7660;10,9000;2,3351;0,2030;0,0000;0,3281;0,1147;0,0000;0,0000;0,2537;-3,3100;-0,9700;0;0,0211;47,3500;0;1;1;6;0;0
66,8612;125,7660;10,9000;2,3457;0,2016;0,0000;0,3259;0,1147;0,0000;0,0000;0,2520;-3,2400;-0,8900;0;0,0211;47,3500;0;1;1;6;0;0
66,8750;125,7763;10,9000;2,3505;0,2002;0,0000;0,3177;0,1147;0,0000;0,0000;0,2502;-3,1900;-0,8400;0;0,0211;47,3600;0;1;1;6;0;0
66,8889;125,8183;10,9000;2,3518;0,1987;0,0000;0,3006;0,1147;0,0000;0,0000;0,2483;-3,1700;-0,8200;0;0,0211;47,4300;0;1;1;6;0;0
66,9028;125,8603;10,9000;2,3565;0,1973;0,0000;0,0000;0,1147;0,0000;0,0000;0,2466;-3,1600;-0,8000;0;0,0211;47,5100;0;1;1;6;0;0
66,9167;125,9024;10,9000;2,3611;0,1959;0,0000;0,0000;0,1147;0,0000;0,0000;0,2448;-3,1400;-0,7800;0;0,0210;47,5800;0;1;1;6;0;0
66,9306;125,9444;10,9000;2,3623;0,1945;0,0000;0,0000;0,1147;0,0000;0,0000;0,2432;-3,1200;-0,7600;0;0,0210;47,6500;0;1;1;6;0;0
66,9445;125,9864;11,2000;2,3653;0,1932;0,0000;0,0000;0,1147;0,0000;0,0000;0,2415;-3,1000;-0,7400;0;0,0210;47,7200;0;1;1;6;0;0
66,9584;126,2217;11,2000;2,3668;0,1927;0,0000;0,0000;0,1147;0,0000;0,0000;0,2408;-3,3200;-0,9500;0;0,0208;48,1300;0;1;1;6;0;0
66,9723;126,2217;11,2000;2,3691;0,1912;0,0000;0,0000;0,1147;0,0000;0,0000;0,2390;-3,2500;-0,8800;0;0,0208;48,1300;0;1;1;6;0;0
66,9862;126,2217;11,2000;2,3709;0,1899;0,0000;0,0000;0,1147;0,0000;0,0000;0,2373;-3,1800;-0,8100;0;0,0208;48,1300;0;1;1;6;0;0
67,0000;126,2217;11,2000;2,3744;0,1885;0,0000;0,0000;0,1147;0,0000;0,0000;0,2356;-3,1100;-0,7400;0;0,0208;48,1300;0;1;1;6;0;0
67,0139;126,2217;11,2000;2,3808;0,1872;0,0000;0,0000;0,1147;0,0000;0,0000;0,2340;-3,0400;-0,6600;0;0,0208;48,1300;0;1;1;6;0;0
67,0278;126,2478;11,2000;2,3847;0,1859;0,0000;0,0000;0,1147;0,0000;0,0000;0,2323;-3,0000;-0,6200;0;0,0208;48,1700;0;1;1;6;0;0
67,0417;126,2909;11,2000;2,3918;0,1845;0,0000;0,0000;0,1147;0,0000;0,0000;0,2306;-2,9800;-0,5900;0;0,0207;48,2400;0;1;1;6;0;0
67,0556;126,3341;11,2000;2,4037;0,1832;0,0000;0,0000;0,1147;0,0000;0,0000;0,2290;-2,9700;-0,5600;0;0,0207;48,3100;0;1;1;6;0;0
67,0695;126,3773;11,2000;2,4252;0,1819;0,0000;0,0000;0,1147;0,0000;0,0000;0,2274;-2,9500;-0,5200;0;0,0207;48,3800;0;1;1;6;0;0
67,0834;126,4205;11,2000;2,4446;0,1807;0,0000;0,0000;0,1147;0,0000;0,0000;0,2258;-2,9300;-0,4800;0;0,0206;48,4600;0;1;1;6;0;0
67,0973;126,6774;11,2000;2,4629;0,1803;0,0000;0,0000;0,1147;0,0000;0,0000;0,2253;-3,1600;-0,6900;0;0,0205;48,8900;0;1;1;6;0;0
67,1112;126,6774;11,2000;2,4891;0,1790;0,0000;0,0000;0,1147;0,0000;0,0000;0,2237;-3,0900;-0,6000;0;0,0205;48,8900;0;1;1;6;0;0
67,1250;126,6774;11,2000;2,5173;0,1777;0,0000;0,0000;0,1147;0,0000;0,0000;0,2222;-3,0100;-0,4900;0;0,0205;48,8900;0;1;1;6;0;0
67,1389;126,6774;11,2000;2,5468;0,1765;0,0000;0,0000;0,1147;0,0000;0,0000;0,2207;-2,9400;-0,3900;0;0,0205;48,8900;0;1;1;6;0;0
67,1528;126,6774;11,2000;2,5807;0,1754;0,0000;0,0000;0,1147;0,0000;0,0000;0,2192;-2,8600;-0,2800;0;0,0205;48,8900;0;1;1;6;0;0
67,1667;126,6817;11,2000;2,6069;0,1743;0,0000;0,0000;0,1147;0,0000;0,0000;0,2178;-2,7900;-0,1900;0;0,0205;48,9000;0;1;1;6;0;0
67,1806;126,7249;11,3000;2,6468;0,1731;0,0000;0,0000;0,1147;0,0000;0,0000;0,2163;-2,7700;-0,1200;0;0,0204;48,9700;0;1;1;6;0;0
67,1945;126,7685;11,3000;2,6883;0,1719;0,0000;0,0000;0,1147;0,0000;0,0000;0,2149;-2,7400;-0,0500;0;0,0204;49,0400;0;1;1;6;0;0
67,2084;126,8120;11,3000;2,7197;0,1708;0,0000;0,0000;0,1147;0,0000;0,0000;0,2135;-2,7100;0,0000;0;0,0204;49,1100;0;1;1;6;0;0
67,2223;126,8556;11,3000;2,7423;0,1698;0,0000;0,0000;0,1147;0,0000;0,0000;0,2122;-2,6800;0,0600;0;0,0203;49,1800;0;1;1;6;0;0
67,2362;126,8992;11,3000;2,7690;0,1688;0,0000;0,0000;0,1147;0,0000;0,0000;0,2110;-2,6500;0,1200;0;0,0203;49,2500;0;1;1;6;0;0
67,2500;127,1330;11,3000;2,8002;0,1686;0,0000;0,0000;0,1147;0,0000;0,0000;0,2107;-2,8400;-0,0300;0;0,0201;49,6400;0;1;1;6;0;0
67,2639;127,1330;11,3000;2,8410;0,1675;0,0000;0,0000;0,1147;0,0000;0,0000;0,2094;-2,7600;0,0800;0;0,0201;49,6400;0;1;1;6;0;0
67,2778;127,1330;11,3000;2,8679;0,1665;0,0000;0,0000;0,1147;0,0000;0,0000;0,2082;-2,6700;0,1900;0;0,0201;49,6400;0;1;1;6;0;0
67,2917;127,1330;11,3000;2,8959;0,1656;0,0000;0,0000;0,1147;0,0000;0,0000;0,2070;-2,5900;0,3100;0;0,0201;49,6400;0;1;1;6;0;0
67,3056;127,1330;11,3000;2,9014;0,1647;0,0000;0,0000;0,1147;0,0000;0,0000;0,2059;-2,5000;0,4000;0;0,0201;49,6400;0;1;1;6;0;0
67,3195;127,1626;11,3000;2,9625;0,1638;0,0000;0,0000;0,1147;0,0000;0,0000;0,2047;-2,4500;0,5100;0;0,0201;49,6900;0;1;1;6;0;0
67,3334;127,2062;11,3000;2,9748;0,1629;0,0000;0,0000;0,1147;0,0000;0,0000;0,2036;-2,4200;0,5600;0;0,0201;49,7600;0;1;1;6;0;0
67,3473;127,2498;11,3000;3,0405;0,1620;0,0000;0,0000;0,1147;0,0000;0,0000;0,2025;-2,3800;0,6600;0;0,0201;49,8300;0;1;1;6;0;0
67,3612;127,2934;11,3000;3,0787;0,1612;0,0000;0,0000;0,1147;0,0000;0,0000;0,2016;-2,3400;0,7400;0;0,0200;49,9000;0;1;1;6;0;0
67,3750;127,3370;11,3000;3,1151;0,1605;0,0000;0,0000;0,1147;0,0000;0,0000;0,2006;-2,3000;0,8100;0;0,0200;49,9700;0;1;1;6;0;0
67,3889;127,5889;11,3000;3,1546;0,1606;0,0000;0,0000;0,1147;0,0000;0,0000;0,2008;-2,4900;0,6600;0;0,0198;50,3800;0;1;1;6;0;0
67,4028;127,5889;11,3000;3,1927;0,1599;0,0000;0,0000;0,1147;0,0000;0,0000;0,1998;-2,4000;0,7900;0;0,0198;50,3800;0;1;1;6;0;0
67,4167;127,5889;11,3000;3,2353;0,1592;0,0000;0,0000;0,1147;0,0000;0,0000;0,1990;-2,3100;0,9300;0;0,0198;50,3800;0;1;1;6;0;0
67,4306;127,5889;11,3000;3,2700;0,1586;0,0000;0,0000;0,1147;0,0000;0,0000;0,1982;-2,2100;1,0600;0;0,0198;50,3800;0;1;1;6;0;0
67,4445;127,5889;11,3000;3,3006;0,1580;0,0000;0,0000;0,1147;0,0000;0,0000;0,1975;-2,1200;1,1800;0;0,0198;50,3800;0;1;1;6;0;0
67,4584;127,6004;11,3000;3,3253;0,1575;0,0000;0,0000;0,1147;0,0000;0,0000;0,1968;-2,0300;1,2900;0;0,0198;50,4000;0;1;1;6;0;0
67,4723;127,6440;11,3000;3,3535;0,1569;0,0000;0,0000;0,1147;0,0000;0,0000;0,1961;-1,9900;1,3700;0;0,0198;50,4600;0;1;1;6;0;0
67,4862;127,6876;11,3000;3,3896;0,1564;0,0000;0,0000;0,1147;0,0000;0,0000;0,1955;-1,9400;1,4500;0;0,0198;50,5300;0;1;1;6;0;0
67,5000;127,7312;11,3000;3,4211;0,1559;0,0000;0,0000;0,1147;0,0000;0,0000;0,1949;-1,8900;1,5300;0;0,0198;50,6000;0;1;1;8;0;0
67,5139;127,7748;11,3000;3,4427;0,1555;0,0000;0,0000;0,1147;0,0000;0,0000;0,1944;-1,8300;1,6100;0;0,0197;50,6700;0;1;1;8;0;0
67,5278;128,0443;11,3000;3,4686;0,1560;0,0000;0,0000;0,1147;0,0000;0,0000;0,1950;-2,0400;1,4300;0;0,0196;51,1000;0;1;1;8;0;0
67,5417;128,0443;11,3000;3,4905;0,1556;0,0000;0,0000;0,1147;0,0000;0,0000;0,1945;-1,9300;1,5600;0;0,0196;51,1000;0;1;1;8;0;0
67,5556;128,0443;11,3000;3,5091;0,1553;0,0000;0,0000;0,1147;0,0000;0,0000;0,1941;-1,8300;1,6800;0;0,0196;51,1000;0;1;1;8;0;0
67,5695;128,0443;11,3000;3,5200;0,1550;0,0000;0,0000;0,1147;0,0000;0,0000;0,1937;-1,7300;1,7900;0;0,0196;51,1000;0;1;1;8;0;0
67,5834;128,0443;11,3000;3,5242;0,1548;0,0000;0,0000;0,1147;0,0000;0,0000;0,1934;-1,6300;1,9000;0;0,0196;51,1000;0;1;1;8;0;0
67,5973;128,0443;11,3000;3,5242;0,1546;0,0000;0,0000;0,1147;0,0000;0,0000;0,1932;-1,5200;2,0000;0;0,0196;51,1000;0;1;1;8;0;0
67,6112;128,0818;11,3000;3,5207;0,1544;0,0000;0,0000;0,1147;0,0000;0,0000;0,1930;-1,4600;2,0600;0;0,0195;51,1500;0;1;1;8;0;0
67,6250;128,1254;11,3000;3,5180;0,1542;0,0000;0,0000;0,1147;0,0000;0,0000;0,1927;-1,4100;2,1100;0;0,0195;51,2200;0;1;1;8;0;0
67,6389;128,1690;11,3000;3,5149;0,1541;0,0000;0,0000;0,1147;0,0000;0,0000;0,1926;-1,3500;2,1600;0;0,0195;51,2900;0;1;1;8;0;0
67,6528;128,2126;11,3000;3,5085;0,1540;0,0000;0,0000;0,1147;0,0000;0,0000;0,1925;-1,3000;2,2100;0;0,0195;51,3500;0;1;1;8;0;0
67,6667;128,2562;11,3000;3,4958;0,1540;0,0000;0,0000;0,1147;0,0000;0,0000;0,1925;-1,2400;2,2500;0;0,0194;51,4200;0;1;1;8;0;0
67,6806;128,5004;11,3000;3,4746;0,1548;0,0000;0,0000;0,1147;0,0000;0,0000;0,1934;-1,4200;2,0600;0;0,0193;51,8000;0;1;1;8;0;0
67,6945;128,5004;11,1000;3,4536;0,1547;0,0000;0,0000;0,1147;0,0000;0,0000;0,1934;-1,3200;2,1400;0;0,0193;51,8000;0;1;1;8;0;0
67,7084;128,5004;11,1000;3,4257;0,1547;0,0000;0,0000;0,1147;0,0000;0,0000;0,1934;-1,2200;2,2100;0;0,0193;51,8000;0;1;1;8;0;0
67,7223;128,5004;11,1000;3,3855;0,1548;0,0000;0,0000;0,1147;0,0000;0,0000;0,1935;-1,1200;2,2600;0;0,0193;51,8000;0;1;1;8;0;0
67,7362;128,5004;11,1000;3,3537;0,1549;0,0000;0,0000;0,1147;0,0000;0,0000;0,1936;-1,0200;2,3300;0;0,0193;51,8000;0;1;1;8;0;0
67,7500;128,5165;11,1000;3,3125;0,1550;0,0000;0,0000;0,1147;0,0000;0,0000;0,1937;-0,9500;2,3600;0;0,0193;51,8200;0;1;1;8;0;0
67,7639;128,5593;11,1000;3,2853;0,1550;0,0000;0,0000;0,1147;0,0000;0,0000;0,1938;-0,9000;2,3800;0;0,0193;51,8900;0;1;1;8;0;0
67,7778;128,6021;11,1000;3,2539;0,1551;0,0000;0,0000;0,1147;0,0000;0,0000;0,1939;-0,8500;2,4000;0;0,0192;51,9500;0;1;1;8;0;0
67,7917;128,6450;11,1000;3,2250;0,1553;0,0000;0,0000;0,1147;0,0000;0,0000;0,1941;-0,8100;2,4200;0;0,0192;52,0100;0;1;1;8;0;0
67,8056;128,6878;11,1000;3,1940;0,1555;0,0000;0,0000;0,1147;0,0000;0,0000;0,1944;-0,7600;2,4300;0;0,0192;52,0800;0;1;1;8;0;0
67,8195;128,9556;11,1000;3,1700;0,1565;0,0000;0,0000;0,1147;0,0000;0,0000;0,1956;-0,9700;2,2000;0;0,0191;52,4800;0;1;1;8;0;0
67,8334;128,9556;11,1000;3,1473;0,1567;0,0000;0,0000;0,1147;0,0000;0,0000;0,1958;-0,8800;2,2700;0;0,0191;52,4800;0;1;1;8;0;0
67,8473;128,9556;11,1000;3,1255;0,1568;0,0000;0,0000;0,1147;0,0000;0,0000;0,1961;-0,7900;2,3400;0;0,0191;52,4800;0;1;1;8;0;0
67,8612;128,9556;11,1000;3,1058;0,1571;0,0000;0,0000;0,1147;0,0000;0,0000;0,1963;-0,7000;2,4000;0;0,0191;52,4800;0;1;1;8;0;0
67,8750;128,9556;11,1000;3,0943;0,1574;0,0000;0,0000;0,1147;0,0000;0,0000;0,1967;-0,6100;2,4800;0;0,0191;52,4800;0;1;1;8;0;0
67,8889;128,9556;11,1000;3,0833;0,1577;0,0000;0,0000;0,1147;0,0000;0,0000;0,1971;-0,5300;2,5600;0;0,0191;52,4800;0;1;1;8;0;0
67,9028;128,9893;11,1000;3,0750;0,1580;0,0000;0,0000;0,1147;0,0000;0,0000;0,1975;-0,4800;2,6000;0;0,0190;52,5300;0;1;1;8;0;0
67,9167;129,0321;11,1000;3,0687;0,1583;0,0000;0,0000;0,1147;0,0000;0,0000;0,1978;-0,4300;2,6300;0;0,0190;52,5900;0;1;1;8;0;0
67,9306;129,0750;11,1000;3,0624;0,1586;0,0000;0,0000;0,1147;0,0000;0,0000;0,1983;-0,3900;2,6700;0;0,0190;52,6500;0;1;1;8;0;0
67,9445;129,1178;11,1000;3,0556;0,1590;0,0000;0,0000;0,1147;0,0000;0,0000;0,1988;-0,3500;2,7000;0;0,0190;52,7200;0;1;1;8;0;0
67,9584;129,1606;11,1000;3,0497;0,1595;0,0000;0,0000;0,1147;0,0000;0,0000;0,1993;-0,3100;2,7300;0;0,0189;52,7800;0;1;1;8;0;0
67,9723;129,4117;11,1000;3,0405;0,1607;0,0000;0,0000;0,1147;0,0000;0,0000;0,2008;-0,5000;2,5400;0;0,0188;53,1500;0;1;1;8;0;0
67,9862;129,4117;11,1000;3,0350;0,1611;0,0000;0,0000;0,1147;0,0000;0,0000;0,2013;-0,4100;2,6200;0;0,0188;53,1500;0;1;1;8;0;0
68,0000;129,4117;11,1000;3,0297;0,1615;0,0000;0,0000;0,1147;0,0000;0,0000;0,2019;-0,3300;2,7000;0;0,0188;53,1500;0;1;1;8;0;0
68,0139;129,4117;11,1000;3,0266;0,1620;0,0000;0,0000;0,1147;0,0000;0,0000;0,2025;-0,2400;2,7800;0;0,0188;53,1500;0;1;1;8;0;0
68,0278;129,4117;11,1000;3,0223;0,1626;0,0000;0,0000;0,1147;0,0000;0,0000;0,2032;-0,1600;2,8700;0;0,0188;53,1500;0;1;1;8;0;0
68,0417;129,4193;11,1000;3,0114;0,1631;0,0000;0,0000;0,1147;0,0000;0,0000;0,2039;-0,0800;2,9300;0;0,0188;53,1600;0;1;1;8;0;0
68,0556;129,4621;11,1000;2,9925;0,1636;0,0000;0,0000;0,1147;0,0000;0,0000;0,2045;-0,0400;2,9500;0;0,0188;53,2200;0;1;1;8;0;0
68,0695;129,5050;11,1000;2,9692;0,1642;0,0000;0,0000;0,1147;0,0000;0,0000;0,2052;0,0000;2,9700;0;0,0188;53,2800;0;1;1;8;0;0
68,0834;129,5478;11,1000;2,9457;0,1648;0,0000;0,0000;0,1147;0,0000;0,0000;0,2060;0,0300;2,9800;0;0,0187;53,3300;0;1;1;8;0;0
68,0973;129,5906;11,1000;2,9174;0,1654;0,0000;0,0000;0,1147;0,0000;0,0000;0,2068;0,0700;2,9900;0;0,0187;53,3900;0;1;1;8;0;0
68,1112;129,6334;11,1000;2,8952;0,1661;0,0000;0,0000;0,1147;0,0000;0,0000;0,2076;0,1100;3,0000;0;0,0187;53,4600;0;1;1;8;0;0
68,1250;129,8670;11,1000;2,8671;0,1674;0,0000;0,0000;0,1147;0,0000;0,0000;0,2093;-0,0600;2,8100;0;0,0186;53,7900;0;1;1;8;0;0
68,1389;129,8670;11,1000;2,8308;0,1680;0,0000;0,0000;0,1147;0,0000;0,0000;0,2100;0,0200;2,8500;0;0,0186;53,7900;0;1;1;8;0;0
68,1528;129,8670;11,1000;2,7909;0,1687;0,0000;0,0000;0,1147;0,0000;0,0000;0,2109;0,1000;2,8900;0;0,0186;53,7900;0;1;1;8;0;0
68,1667;129,8670;11,1000;2,7451;0,1694;0,0000;0,0000;0,1147;0,0000;0,0000;0,2117;0,1800;2,9200;0;0,0186;53,7900;0;1;1;8;0;0
68,1806;129,8670;11,4000;2,7044;0,1701;0,0000;0,0000;0,1147;0,0000;0,0000;0,2126;0,2600;2,9600;0;0,0186;53,7900;0;1;1;8;0;0
68,1945;129,8933;11,4000;2,6690;0,1708;0,0000;0,0000;0,1147;0,0000;0,0000;0,2135;0,3100;2,9700;0;0,0186;53,8200;0;1;1;8;0;0
68,2084;129,9373;11,4000;2,6216;0,1715;0,0000;0,0000;0,1147;0,0000;0,0000;0,2144;0,3400;2,9600;0;0,0186;53,8800;0;1;1;8;0;0
68,2223;129,9813;11,4000;2,5800;0,1722;0,0000;0,0000;0,1147;0,0000;0,0000;0,2153;0,3700;2,9400;0;0,0185;53,9400;0;1;1;8;0;0
68,2362;130,0252;11,4000;2,5303;0,1729;0,0000;0,0000;0,1147;0,0000;0,0000;0,2162;0,3900;2,9200;0;0,0185;54,0000;0;1;1;8;0;0
68,2500;130,0692;11,4000;2,4926;0,1737;0,0000;0,0000;0,1147;0,0000;0,0000;0,2171;0,4200;2,9100;0;0,0185;54,0600;0;1;1;8;0;0
68,2639;130,3229;11,4000;2,4565;0,1752;0,0000;0,0000;0,1147;0,0000;0,0000;0,2190;0,2200;2,6800;0;0,0184;54,4000;0;1;1;8;0;0
68,2778;130,3229;11,4000;2,4330;0,1759;0,0000;0,0000;0,1147;0,0000;0,0000;0,2199;0,2900;2,7200;0;0,0184;54,4000;0;1;1;8;0;0
68,2917;130,3229;11,4000;2,4011;0,1767;0,0000;0,0000;0,1147;0,0000;0,0000;0,2208;0,3600;2,7600;0;0,0184;54,4000;0;1;1;8;0;0
68,3056;130,3229;11,4000;2,3745;0,1774;0,0000;0,0000;0,1147;0,0000;0,0000;0,2218;0,4300;2,8000;0;0,0184;54,4000;0;1;1;8;0;0
68,3195;130,3229;11,4000;2,3501;0,1783;0,0000;0,0000;0,1147;0,0000;0,0000;0,2228;0,5000;2,8500;0;0,0184;54,4000;0;1;1;8;0;0
68,3334;130,3349;11,4000;2,3300;0,1791;0,0000;0,0000;0,1147;0,0000;0,0000;0,2238;0,5500;2,8800;0;0,0184;54,4200;0;1;1;8;0;0
68,3473;130,3789;11,4000;2,3073;0,1798;0,0000;0,0000;0,1147;0,0000;0,0000;0,2247;0,5700;2,8800;0;0,0184;54,4800;0;1;1;8;0;0
68,3612;130,4229;11,4000;2,2873;0,1806;0,0000;0,0000;0,1147;0,0000;0,0000;0,2257;0,6000;2,8800;0;0,0183;54,5300;0;1;1;8;0;0
68,3750;130,4668;11,4000;2,2640;0,1814;0,0000;0,0000;0,1147;0,0000;0,0000;0,2267;0,6200;2,8800;0;0,0183;54,5900;0;1;1;8;0;0
68,3889;130,5108;11,4000;2,2477;0,1822;0,0000;0,0000;0,1147;0,0000;0,0000;0,2278;0,6300;2,8800;0;0,0183;54,6500;0;1;1;8;0;0
68,4028;130,7784;11,4000;2,2406;0,1839;0,0000;0,0000;0,1147;0,0000;0,0000;0,2298;0,4200;2,6600;0;0,0182;55,0000;0;1;1;8;0;0
68,4167;130,7784;11,4000;2,2346;0,1846;0,0000;0,0000;0,1147;0,0000;0,0000;0,2308;0,4800;2,7200;0;0,0182;55,0000;0;1;1;8;0;0
68,4306;130,7784;11,4000;2,2316;0,1855;0,0000;0,0000;0,1147;0,0000;0,0000;0,2318;0,5500;2,7800;0;0,0182;55,0000;0;1;1;8;0;0
68,4445;130,7784;11,3000;2,2281;0,1863;0,0000;0,0000;0,1147;0,0000;0,0000;0,2329;0,6100;2,8400;0;0,0182;55,0000;0;1;1;8;0;0
68,4584;130,7784;11,3000;2,2242;0,1872;0,0000;0,0000;0,1147;0,0000;0,0000;0,2340;0,6800;2,9000;0;0,0182;55,0000;0;1;1;8;0;0
68,4723;130,7784;11,3000;2,2219;0,1881;0,0000;0,0000;0,1147;0,0000;0,0000;0,2351;0,7400;2,9600;0;0,0182;55,0000;0;1;1;8;0;0
68,4862;130,8194;11,3000;2,2201;0,1889;0,0000;0,0000;0,1147;0,0000;0,0000;0,2362;0,7600;2,9800;0;0,0182;55,0500;0;1;1;8;0;0
68,5000;130,8630;11,3000;2,2192;0,1898;0,0000;0,0000;0,1147;0,0000;0,0000;0,2373;0,7800;3,0000;0;0,0181;55,1000;0;1;1;8;0;0
68,5139;130,9066;11,3000;2,2206;0,1907;0,0000;0,0000;0,1147;0,0000;0,0000;0,2384;0,8000;3,0200;0;0,0181;55,1600;0;1;1;6;1;0
68,5278;130,9501;11,3000;2,2220;0,1917;0,0000;0,0000;0,1147;0,0000;0,0000;0,2396;0,8200;3,0400;0;0,0181;55,2100;0;1;1;6;1;0
68,5417;130,9937;11,3000;2,2244;0,1927;0,0000;0,0000;0,1147;0,0000;0,0000;0,2409;0,8400;3,0600;0;0,0181;55,2700;0;1;1;6;1;0
68,5556;131,2342;11,3000;2,2262;0,1944;0,0000;0,0000;0,1147;0,0000;0,0000;0,2430;0,6600;2,8800;0;0,0180;55,5700;0;1;1;6;1;0
68,5695;131,2342;11,3000;2,2280;0,1953;0,0000;0,0000;0,1147;0,0000;0,0000;0,2442;0,7200;2,9500;0;0,0180;55,5700;0;1;1;6;1;0
68,5834;131,2342;11,3000;2,2284;0,1963;0,0000;0,0000;0,1147;0,0000;0,0000;0,2454;0,7900;3,0200;0;0,0180;55,5700;0;1;1;6;1;0
68,5973;131,2342;11,3000;2,2235;0,1974;0,0000;0,0000;0,1147;0,0000;0,0000;0,2467;0,8500;3,0800;0;0,0180;55,5700;0;1;1;6;1;0
68,6112;131,2342;11,3000;2,2146;0,1984;0,0000;0,0000;0,1147;0,0000;0,0000;0,2480;0,9200;3,1300;0;0,0180;55,5700;0;1;1;6;1;0
68,6250;131,2572;11,3000;2,2046;0,1994;0,0000;0,0000;0,1147;0,0000;0,0000;0,2493;0,9600;3,1600;0;0,0180;55,6000;0;1;1;6;1;0
68,6389;131,3008;11,3000;2,1883;0,2004;0,0000;0,0000;0,1147;0,0000;0,0000;0,2505;0,9800;3,1600;0;0,0180;55,6500;0;1;1;6;1;0
68,6528;131,3444;11,3000;2,1697;0,2014;0,0000;0,0024;0,1147;0,0000;0,0000;0,2518;0,9900;3,1600;0;0,0180;55,7000;0;1;1;6;1;0
68,6667;131,3880;11,3000;2,1503;0,2025;0,0000;0,0107;0,1147;0,0000;0,0000;0,2531;1,0100;3,1600;0;0,0179;55,7500;0;1;1;6;1;0
68,6806;131,4316;11,3000;2,1380;0,2036;0,0000;0,0264;0,1147;0,0000;0,0000;0,2545;1,0300;3,1600;0;0,0179;55,8000;0;1;1;6;1;0
68,6945;131,6898;11,3000;2,1223;0,2054;0,0000;0,0494;0,1147;0,0000;0,0000;0,2567;0,8200;2,9500;0;0,0178;56,1100;0;1;1;6;1;0
68,7084;131,6898;11,3000;2,1117;0,2064;0,0000;0,0782;0,1147;0,0000;0,0000;0,2580;0,8800;3,0000;0;0,0178;56,1100;0;1;1;6;1;0
68,7223;131,6898;11,3000;2,0936;0,2075;0,0000;0,1101;0,1147;0,0000;0,0000;0,2593;0,9400;3,0400;0;0,0178;56,1100;0;1;1;6;1;0
68,7362;131,6898;11,3000;2,0766;0,2085;0,0000;0,1421;0,1147;0,0000;0,0000;0,2607;1,0100;3,0800;0;0,0178;56,1100;0;1;1;6;1;0
68,7500;131,6898;11,3000;2,0636;0,2097;0,0000;0,1719;0,1147;0,0000;0,0000;0,2621;1,0700;3,1300;0;0,0178;56,1100;0;1;1;6;1;0
68,7639;131,6952;11,3000;2,0506;0,2108;0,0000;0,1980;0,1147;0,0000;0,0000;0,2635;1,1200;3,1700;0;0,0178;56,1200;0;1;1;6;1;0
68,7778;131,7387;11,3000;2,0381;0,2118;0,0000;0,2198;0,1147;0,0000;0,0000;0,2648;1,1400;3,1700;0;0,0178;56,1700;0;1;1;6;1;0
68,7917;131,7823;11,3000;2,0310;0,2129;0,0000;0,2373;0,1147;0,0000;0,0000;0,2661;1,1500;3,1800;0;0,0178;56,2200;0;1;1;6;1;0
68,8056;131,8259;11,3000;2,0266;0,2140;0,0000;0,2512;0,1147;0,0000;0,0000;0,2675;1,1700;3,1900;0;0,0178;56,2700;0;1;1;6;1;0
68,8195;131,8695;11,3000;2,0217;0,2152;0,0000;0,2624;0,1147;0,0000;0,0000;0,2690;1,1800;3,2000;0;0,0178;56,3200;0;1;1;6;1;0
68,8334;131,9130;11,3000;2,0144;0,2164;0,0000;0,2715;0,1147;0,0000;0,0000;0,2704;1,2000;3,2100;0;0,0177;56,3700;0;1;1;6;1;0
68,8473;132,1455;11,3000;2,0105;0,2182;0,0000;0,2791;0,1147;0,0000;0,0000;0,2727;1,0200;3,0300;0;0,0177;56,6300;0;1;1;6;1;0
68,8612;132,1455;11,3000;2,0052;0,2193;0,0000;0,2857;0,1147;0,0000;0,0000;0,2741;1,0800;3,0800;0;0,0177;56,6300;0;1;1;6;1;0
68,8750;132,1455;11,3000;2,0035;0,2205;0,0000;0,2916;0,1147;0,0000;0,0000;0,2756;1,1400;3,1400;0;0,0177;56,6300;0;1;1;6;1;0
68,8889;132,1455;11,3000;1,9995;0,2216;0,0000;0,2970;0,1147;0,0000;0,0000;0,2770;1,2000;3,2000;0;0,0177;56,6300;0;1;1;6;1;0
68,9028;132,1455;11,3000;1,9954;0,2229;0,0000;0,3021;0,1147;0,0000;0,0000;0,2786;1,2500;3,2500;0;0,0177;56,6300;0;1;1;6;1;0
68,9167;132,1767;11,3000;1,9946;0,2240;0,0000;0,3070;0,1147;0,0000;0,0000;0,2800;1,2800;3,2700;0;0,0176;56,6700;0;1;1;6;1;0
68,9306;132,2203;11,3000;1,9836;0,2252;0,0000;0,3118;0,1147;0,0000;0,0000;0,2815;1,3000;3,2800;0;0,0176;56,7100;0;1;1;6;1;0
68,9445;132,2639;11,2000;1,9740;0,2263;0,0000;0,3166;0,1147;0,0000;0,0000;0,2829;1,3100;3,2800;0;0,0176;56,7600;0;1;1;6;1;0
68,9584;132,3070;11,2000;1,9589;0,2276;0,0000;0,3214;0,1147;0,0000;0,0000;0,2844;1,3200;3,2800;0;0,0176;56,8100;0;1;1;6;1;0
68,9723;132,3502;11,2000;1,9394;0,2288;0,0000;0,3262;0,1147;0,0000;0,0000;0,2860;1,3400;3,2700;0;0,0176;56,8500;0;1;1;6;1;0
68,9862;132,6013;11,2000;1,9141;0,2307;0,0000;0,3311;0,1147;0,0000;0,0000;0,2884;1,1400;3,0500;0;0,0175;57,1200;0;1;1;6;1;0
69,0000;132,6013;11,2000;1,9090;0,2319;0,0000;0,3363;0,1147;0,0000;0,0000;0,2898;1,1900;3,1000;0;0,0175;57,1200;0;1;1;6;1;0
69,0139;132,6013;11,2000;1,8366;0,2330;0,0000;0,3417;0,1147;0,0000;0,0000;0,2913;1,2500;3,0800;0;0,0175;57,1200;0;1;1;6;1;0
69,0278;132,6013;11,2000;1,7894;0,2342;0,0000;0,3474;0,1147;0,0000;0,0000;0,2928;1,3000;3,0900;0;0,0175;57,1200;0;1;1;6;1;0
69,0417;132,6013;11,2000;1,7433;0,2354;0,0000;0,3532;0,1147;0,0000;0,0000;0,2943;1,3500;3,0900;0;0,0175;57,1200;0;1;1;6;1;0
69,0556;132,6117;11,2000;1,6885;0,2366;0,0000;0,3591;0,1147;0,0000;0,0000;0,2958;1,3900;3,0800;0;0,0175;57,1300;0;1;1;6;1;0
69,0695;132,6549;11,2000;1,6075;0,2378;0,0000;0,3652;0,1147;0,0000;0,0000;0,2972;1,3900;3,0000;0;0,0175;57,1800;0;1;1;6;1;0
69,0834;132,6981;11,2000;1,5188;0,2389;0,0000;0,3714;0,1147;0,0000;0,0000;0,2986;1,3900;2,9100;0;0,0175;57,2200;0;1;1;6;1;0
69,0973;132,7413;11,2000;1,4482;0,2400;0,0000;0,3776;0,1147;0,0000;0,0000;0,3000;1,3900;2,8400;0;0,0175;57,2600;0;1;1;6;1;0
69,1112;132,7844;11,2000;1,3763;0,2411;0,0000;0,3839;0,1147;0,0000;0,0000;0,3014;1,3900;2,7700;0;0,0175;57,3100;0;1;1;6;1;0
69,1250;132,8276;11,2000;1,3620;0,2423;0,0000;0,3902;0,1147;0,0000;0,0000;0,3028;1,3900;2,7500;0;0,0174;57,3500;0;1;1;6;1;0
69,1389;133,0568;11,2000;1,2275;0,2440;0,0000;0,3965;0,1147;0,0000;0,0000;0,3050;1,1900;2,4200;0;0,0174;57,5800;0;1;1;6;1;0
69,1528;133,0568;11,2000;1,1350;0,2450;0,0000;0,4030;0,1147;0,0000;0,0000;0,3062;1,2300;2,3600;0;0,0174;57,5800;0;1;1;6;1;0
69,1667;133,0568;11,2000;1,0662;0,2460;0,0000;0,4097;0,1147;0,0000;0,0000;0,3075;1,2600;2,3200;0;0,0174;57,5800;0;1;1;6;1;0
69,1806;133,0568;11,2000;0,9941;0,2470;0,0000;0,4165;0,1147;0,0000;0,0000;0,3088;1,2900;2,2800;0;0,0174;57,5800;0;1;1;6;1;0
69,1945;133,0568;11,2000;0,9221;0,2480;0,0000;0,4232;0,1147;0,0000;0,0000;0,3100;1,3200;2,2400;0;0,0174;57,5800;0;1;1;6;1;0
69,2084;133,0892;11,2000;0,8386;0,2489;0,0000;0,4299;0,1147;0,0000;0,0000;0,3112;1,3100;2,1500;0;0,0174;57,6100;0;1;1;6;1;0
69,2223;133,1324;11,2000;0,7775;0,2498;0,0000;0,4365;0,1147;0,0000;0,0000;0,3122;1,2900;2,0600;0;0,0173;57,6500;0;1;1;6;1;0
69,2362;133,1756;11,2000;0,7652;0,2507;0,0000;0,4430;0,1147;0,0000;0,0000;0,3133;1,2700;2,0300;0;0,0173;57,6900;0;1;1;6;1;0
69,2500;133,2188;11,2000;0,6899;0,2515;0,0000;0,4493;0,1147;0,0000;0,0000;0,3144;1,2400;1,9300;0;0,0173;57,7400;0;1;1;6;1;0
69,2639;133,2620;11,2000;0,6576;0,2524;0,0000;0,4555;0,1147;0,0000;0,0000;0,3155;1,2200;1,8800;0;0,0173;57,7800;0;1;1;6;1;0
69,2778;133,5126;11,2000;0,6386;0,2540;0,0000;0,4615;0,1147;0,0000;0,0000;0,3175;0,9900;1,6300;0;0,0172;58,0100;0;1;1;6;1;0
69,2917;133,5126;11,2000;0,6172;0,2547;0,0000;0,4675;0,1147;0,0000;0,0000;0,3184;1,0100;1,6300;0;0,0172;58,0100;0;1;1;6;1;0
69,3056;133,5126;11,2000;0,6034;0,2555;0,0000;0,4736;0,1147;0,0000;0,0000;0,3194;1,0300;1,6300;0;0,0172;58,0100;0;1;1;6;1;0
69,3195;133,5126;11,2000;0,6006;0,2563;0,0000;0,4795;0,1147;0,0000;0,0000;0,3204;1,0500;1,6500;0;0,0172;58,0100;0;1;1;6;1;0
69,3334;133,5126;11,2000;0,5873;0,2571;0,0000;0,4854;0,1147;0,0000;0,0000;0,3213;1,0600;1,6500;0;0,0172;58,0100;0;1;1;6;1;0
69,3473;133,5237;11,2000;0,5928;0,2578;0,0000;0,4910;0,1147;0,0000;0,0000;0,3223;1,0700;1,6600;0;0,0172;58,0200;0;1;1;6;1;0
69,3612;133,5669;11,2000;0,6110;0,2585;0,0000;0,4966;0,1147;0,0000;0,0000;0,3231;1,0500;1,6600;0;0,0172;58,0600;0;1;1;6;1;0
69,3750;133,6101;11,2000;0,6339;0,2592;0,0000;0,5019;0,1147;0,0000;0,0000;0,3240;1,0200;1,6500;0;0,0172;58,1000;0;1;1;6;1;0
69,3889;133,6533;11,2000;0,6558;0,2599;0,0000;0,5070;0,1147;0,0000;0,0000;0,3248;1,0000;1,6500;0;0,0172;58,1400;0;1;1;6;1;0
69,4028;133,6965;11,2000;0,6894;0,2606;0,0000;0,5120;0,1147;0,0000;0,0000;0,3258;0,9800;1,6600;0;0,0172;58,1700;0;1;1;6;1;0
69,4167;133,7397;11,2000;0,7224;0,2614;0,0000;0,5168;0,1147;0,0000;0,0000;0,3267;0,9500;1,4500;0;0,0172;58,2100;0;1;1;6;1;0
69,4306;133,9682;11,2000;0,7531;0,2627;0,0000;0,5214;0,1147;0,0000;0,0000;0,3284;0,7500;1,5000;0;0,0171;58,4100;0;1;1;6;1;0
69,4445;133,9682;11,1000;0,7593;0,2634;0,0000;0,5261;0,1147;0,0000;0,0000;0,3292;0,7700;1,5300;0;0,0171;58,4100;0;1;1;6;1;0
69,4584;133,9682;11,1000;0,7897;0,2640;0,0000;0,5307;0,1147;0,0000;0,0000;0,3300;0,8000;1,5900;0;0,0171;58,4100;0;1;1;6;1;0
69,4723;133,9682;11,1000;0,7992;0,2647;0,0000;0,5353;0,1147;0,0000;0,0000;0,3309;0,8200;1,6200;0;0,0171;58,4100;0;1;1;6;1;0
69,4862;133,9682;11,1000;0,7910;0,2654;0,0000;0,5398;0,1147;0,0000;0,0000;0,3317;0,8400;1,6300;0;0,0171;58,4100;0;1;1;6;1;0
69,5000;134,0000;11,1000;0,8153;0,2660;0,0000;0,5442;0,1147;0,0000;0,0000;0,3325;0,8400;1,6500;0;0,0171;58,4400;0;1;1;6;1;0
69,5139;134,0428;11,1000;0,8789;0,2666;0,0000;0,5485;0,1147;0,0000;0,0000;0,3333;0,8200;1,7000;0;0,0171;58,4700;0;1;1;2;0;0
69,5278;134,0856;11,1000;0,9273;0,2673;0,0000;0,5527;0,1147;0,0000;0,0000;0,3341;0,8100;1,7300;0;0,0171;58,5100;0;1;1;2;0;0
69,5417;134,1284;11,1000;1,0383;0,2679;0,0000;0,5566;0,1147;0,0000;0,0000;0,3349;0,7900;1,8300;0;0,0171;58,5400;0;1;1;2;0;0
69,5556;134,1712;11,1000;1,0604;0,2686;0,0000;0,5605;0,1147;0,0000;0,0000;0,3358;0,7800;1,8400;0;0,0171;58,5800;0;1;1;2;0;0
69,5695;134,4239;11,1000;1,0841;0,2700;0,0000;0,5642;0,1147;0,0000;0,0000;0,3375;0,5700;1,6500;0;0,0170;58,7800;0;1;1;2;0;0
69,5834;134,4239;11,1000;1,0870;0,2706;0,0000;0,5680;0,1147;0,0000;0,0000;0,3382;0,6000;1,6800;0;0,0170;58,7800;0;1;1;2;0;0
69,5973;134,4239;11,1000;1,0738;0,2712;0,0000;0,5718;0,1147;0,0000;0,0000;0,3390;0,6300;1,7000;0;0,0170;58,7800;0;1;1;2;0;0
69,6112;134,4239;11,1000;1,0416;0,2718;0,0000;0,5755;0,1147;0,0000;0,0000;0,3398;0,6600;1,7000;0;0,0170;58,7800;0;1;1;2;0;0
69,6250;134,4239;11,1000;1,0017;0,2725;0,0000;0,5792;0,1147;0,0000;0,0000;0,3406;0,6900;1,6900;0;0,0170;58,7800;0;1;1;2;0;0
69,6389;134,4308;11,1000;0,9938;0,2731;0,0000;0,5828;0,1147;0,0000;0,0000;0,3414;0,7100;1,7000;0;0,0170;58,7900;0;1;1;2;0;0
69,6528;134,4736;11,1000;0,9851;0,2737;0,0000;0,5862;0,1147;0,0000;0,0000;0,3421;0,7000;1,6800;0;0,0170;58,8200;0;1;1;2;0;0
69,6667;134,5164;11,1000;0,9704;0,2742;0,0000;0,5896;0,1147;0,0000;0,0000;0,3428;0,6800;1,6500;0;0,0170;58,8500;0;1;1;2;0;0
69,6806;134,5592;11,4000;0,9666;0,2748;0,0000;0,5928;0,1147;0,0000;0,0000;0,3435;0,6700;1,6400;0;0,0170;58,8800;0;1;1;2;0;0
69,6945;134,6032;11,4000;0,9492;0,2754;0,0000;0,5959;0,1147;0,0000;0,0000;0,3442;0,6600;1,6000;0;0,0170;58,9100;0;1;1;2;0;0
69,7084;134,6472;11,4000;0,9160;0,2760;0,0000;0,5988;0,1147;0,0000;0,0000;0,3450;0,6400;1,5600;0;0,0170;58,9400;0;1;1;2;0;0
69,7223;134,8796;11,4000;0,8631;0,2772;0,0000;0,6017;0,1147;0,0000;0,0000;0,3465;0,4400;1,3000;0;0,0169;59,1200;0;1;1;2;0;0
69,7362;134,8796;11,4000;0,8242;0,2777;0,0000;0,6046;0,1147;0,0000;0,0000;0,3471;0,4700;1,2900;0;0,0169;59,1200;0;1;1;2;0;0
69,7500;134,8796;11,4000;0,7740;0,2781;0,0000;0,6075;0,1147;0,0000;0,0000;0,3477;0,4900;1,2600;0;0,0169;59,1200;0;1;1;2;0;0
69,7639;134,8796;11,4000;0,7635;0,2786;0,0000;0,6103;0,1147;0,0000;0,0000;0,3483;0,5100;1,2800;0;0,0169;59,1200;0;1;1;2;0;0
69,7778;134,8796;11,4000;0,7608;0,2791;0,0000;0,6130;0,1147;0,0000;0,0000;0,3489;0,5300;1,3000;0;0,0169;59,1200;0;1;1;2;0;0
69,7917;134,9138;11,4000;0,7308;0,2795;0,0000;0,6157;0,1147;0,0000;0,0000;0,3494;0,5200;1,2500;0;0,0169;59,1400;0;1;1;2;0;0
69,8056;134,9577;11,4000;0,7363;0,2799;0,0000;0,6182;0,1147;0,0000;0,0000;0,3499;0,5000;1,2400;0;0,0169;59,1700;0;1;1;2;0;0
69,8195;135,0017;11,4000;0,7518;0,2803;0,0000;0,6206;0,1147;0,0000;0,0000;0,3503;0,4800;1,2300;0;0,0169;59,2000;0;1;1;2;0;0
69,8334;135,0457;11,4000;0,7894;0,2807;0,0000;0,6229;0,1147;0,0000;0,0000;0,3509;0,4700;1,2500;0;0,0169;59,2300;0;1;1;2;0;0
69,8473;135,0897;11,4000;0,7868;0,2811;0,0000;0,6250;0,1147;0,0000;0,0000;0,3514;0,4500;1,2300;0;0,0169;59,2500;0;1;1;2;0;0
69,8612;135,3353;11,4000;0,7875;0,2822;0,0000;0,6271;0,1147;0,0000;0,0000;0,3527;0,2300;1,0200;0;0,0168;59,4200;0;1;1;2;0;0
69,8750;135,3353;11,4000;0,7876;0,2825;0,0000;0,6292;0,1147;0,0000;0,0000;0,3531;0,2600;1,0400;0;0,0168;59,4200;0;1;1;2;0;0
69,8889;135,3353;11,4000;0,7702;0,2828;0,0000;0,6313;0,1147;0,0000;0,0000;0,3536;0,2800;1,0500;0;0,0168;59,4200;0;1;1;2;0;0
69,9028;135,3353;11,4000;0,7274;0,2832;0,0000;0,6333;0,1147;0,0000;0,0000;0,3540;0,3000;1,0300;0;0,0168;59,4200;0;1;1;2;0;0
69,9167;135,3353;11,4000;0,6920;0,2836;0,0000;0,6353;0,1147;0,0000;0,0000;0,3544;0,3200;1,0100;0;0,0168;59,4200;0;1;1;2;0;0
69,9306;135,3563;11,4000;0,6717;0,2839;0,0000;0,6372;0,1147;0,0000;0,0000;0,3548;0,3200;0,9900;0;0,0168;59,4300;0;1;1;2;0;0
69,9445;135,4002;11,4000;0,6613;0,2841;0,0000;0,6391;0,1147;0,0000;0,0000;0,3552;0,3000;0,9600;0;0,0168;59,4500;0;1;1;2;0;0
69,9584;135,4442;11,4000;0,6592;0,2844;0,0000;0,6408;0,1147;0,0000;0,0000;0,3555;0,2800;0,9300;0;0,0168;59,4800;0;1;1;2;0;0
69,9723;135,4882;11,4000;0,6777;0,2847;0,0000;0,6425;0,1147;0,0000;0,0000;0,3558;0,2500;0,9300;0;0,0168;59,5100;0;1;1;2;0;0
69,9862;135,5322;11,4000;0,6795;0,2850;0,0000;0,6440;0,1147;0,0000;0,0000;0,3562;0,2300;0,9100;0;0,0168;59,5300;0;1;1;2;0;0
70,0000;135,7910;11,4000;0,7167;0,2859;0,0000;0,6455;0,1147;0,0000;0,0000;0,3574;0,0000;0,7200;0;0,0168;59,6800;0;1;1;2;0;0
70,0139;135,7910;11,4000;0,7485;0,2861;0,0000;0,6470;0,1147;0,0000;0,0000;0,3576;0,0300;0,7800;0;0,0168;59,6800;0;1;1;2;0;0
70,0278;135,7910;11,4000;0,7689;0,2863;0,0000;0,6485;0,1147;0,0000;0,0000;0,3579;0,0500;0,8200;0;0,0168;59,6800;0;1;1;2;0;0
70,0417;135,7910;11,4000;0,7893;0,2866;0,0000;0,6500;0,1147;0,0000;0,0000;0,3582;0,0700;0,8600;0;0,0168;59,6800;0;1;1;2;0;0
70,0556;135,7910;11,4000;0,8060;0,2868;0,0000;0,6514;0,1147;0,0000;0,0000;0,3585;0,1000;0,9000;0;0,0168;59,6800;0;1;1;2;0;0
70,0695;135,7988;11,4000;0,8130;0,2871;0,0000;0,6528;0,1147;0,0000;0,0000;0,3588;0,1100;0,9300;0;0,0168;59,6900;0;1;1;2;0;0
70,0834;135,8428;11,4000;0,8146;0,2872;0,0000;0,6541;0,1147;0,0000;0,0000;0,3590;0,1000;0,9100;0;0,0167;59,7100;0;1;1;2;0;0
70,0973;135,8868;11,4000;0,8258;0,2874;0,0000;0,6554;0,1147;0,0000;0,0000;0,3592;0,0800;0,9000;0;0,0167;59,7300;0;1;1;2;0;0
70,1112;135,9307;11,4000;0,8471;0,2876;0,0000;0,6565;0,1147;0,0000;0,0000;0,3595;0,0600;0,9100;0;0,0167;59,7500;0;1;1;2;0;0
70,1250;135,9747;11,4000;0,8990;0,2878;0,0000;0,6576;0,1147;0,0000;0,0000;0,3598;0,0500;0,9500;0;0,0167;59,7800;0;1;1;2;0;0
70,1389;136,0187;11,4000;0,9488;0,2881;0,0000;0,6587;0,1147;0,0000;0,0000;0,3601;0,0300;0,7600;0;0,0167;59,8000;0;1;1;2;0;0
70,1528;136,2466;11,4000;0,9892;0,2889;0,0000;0,6597;0,1147;0,0000;0,0000;0,3611;-0,1500;0,8300;0;0,0167;59,9100;0;1;1;2;0;0
70,1667;136,2466;11,4000;1,0302;0,2890;0,0000;0,6607;0,1147;0,0000;0,0000;0,3613;-0,1200;0,9100;0;0,0167;59,9100;0;1;1;2;0;0
70,1806;136,2466;11,4000;1,0644;0,2892;0,0000;0,6618;0,1147;0,0000;0,0000;0,3615;-0,0900;0,9700;0;0,0167;59,9100;0;1;1;2;0;0
70,1945;136,2466;11,4000;1,0712;0,2894;0,0000;0,6629;0,1147;0,0000;0,0000;0,3618;-0,0600;1,0100;0;0,0167;59,9100;0;1;1;2;0;0
70,2084;136,2466;11,4000;1,0891;0,2896;0,0000;0,6639;0,1147;0,0000;0,0000;0,3620;-0,0200;1,0600;0;0,0167;59,9100;0;1;1;2;0;0
70,2223;136,2854;11,4000;1,1500;0,2898;0,0000;0,6650;0,1147;0,0000;0,0000;0,3622;-0,0300;1,1200;0;0,0167;59,9300;0;1;1;2;0;0
70,2362;136,3293;11,4000;1,1622;0,2899;0,0000;0,6660;0,1147;0,0000;0,0000;0,3624;-0,0400;1,1200;0;0,0167;59,9500;0;1;1;2;0;0
70,2500;136,3733;11,4000;1,1719;0,2901;0,0000;0,6669;0,1147;0,0000;0,0000;0,3626;-0,0400;1,1200;0;0,0167;59,9700;0;1;1;2;0;0
70,2639;136,4173;11,4000;1,1789;0,2903;0,0000;0,6678;0,1147;0,0000;0,0000;0,3628;-0,0500;1,1200;0;0,0167;59,9900;0;1;1;2;0;0
70,2778;136,4613;11,4000;1,1803;0,2905;0,0000;0,6687;0,1147;0,0000;0,0000;0,3631;-0,0600;1,1200;0;0,0167;60,0100;0;1;1;2;0;0
70,2917;136,7023;11,4000;1,1846;0,2913;0,0000;0,6695;0,1147;0,0000;0,0000;0,3641;-0,2500;0,9300;0;0,0166;60,1100;0;1;1;2;0;1
70,3056;136,7023;11,4000;1,1935;0,2914;0,0000;0,6703;0,1147;0,0000;0,0000;0,3643;-0,2200;0,9700;0;0,0166;60,1100;0;1;1;2;0;1
70,3195;136,7023;11,4000;1,2030;0,2916;0,0000;0,6713;0,1147;0,0000;0,0000;0,3645;-0,1800;1,0200;0;0,0166;60,1100;0;1;1;2;0;1
70,3334;136,7023;11,4000;1,2061;0,2917;0,0000;0,6722;0,1147;0,0000;0,0000;0,3647;-0,1500;1,0600;0;0,0166;60,1100;0;1;1;2;0;1
70,3473;136,7023;11,4000;1,2059;0,2919;0,0000;0,6732;0,1147;0,0000;0,0000;0,3649;-0,1100;1,0900;0;0,0166;60,1100;0;1;1;2;0;1
70,3612;136,7279;11,4000;1,2116;0,2921;0,0000;0,6741;0,1147;0,0000;0,0000;0,3651;-0,1000;1,1100;0;0,0166;60,1200;0;1;1;2;0;1
70,3750;136,7719;11,4000;1,2224;0,2922;0,0000;0,6750;0,1147;0,0000;0,0000;0,3652;-0,1100;1,1100;0;0,0166;60,1300;0;1;1;2;0;1
70,3889;136,8159;11,4000;1,2289;0,2923;0,0000;0,6758;0,1147;0,0000;0,0000;0,3654;-0,1100;1,1100;0;0,0166;60,1500;0;1;1;2;0;1
70,4028;136,8599;11,4000;1,2303;0,2925;0,0000;0,6766;0,1147;0,0000;0,0000;0,3656;-0,1200;1,1100;0;0,0166;60,1600;0;1;1;2;0;1
70,4167;136,9039;11,4000;1,2326;0,2927;0,0000;0,6773;0,1147;0,0000;0,0000;0,3658;-0,1300;1,1000;0;0,0166;60,1800;0;1;1;2;0;1
70,4306;137,1580;11,4000;1,2303;0,2935;0,0000;0,6780;0,1147;0,0000;0,0000;0,3669;-0,3300;0,9000;0;0,0166;60,2700;0;1;1;2;0;1
70,4445;137,1580;11,4000;1,2224;0,2936;0,0000;0,6788;0,1147;0,0000;0,0000;0,3670;-0,3000;0,9200;0;0,0166;60,2700;0;1;1;2;0;1
70,4584;137,1580;11,4000;1,2149;0,2937;0,0000;0,6796;0,1147;0,0000;0,0000;0,3672;-0,2600;0,9500;0;0,0166;60,2700;0;1;1;2;0;1
70,4723;137,1580;11,4000;1,2120;0,2939;0,0000;0,6805;0,1147;0,0000;0,0000;0,3673;-0,2300;0,9800;0;0,0166;60,2700;0;1;1;2;0;1
70,4862;137,1580;11,4000;1,2150;0,2940;0,0000;0,6813;0,1147;0,0000;0,0000;0,3676;-0,1900;1,0200;0;0,0166;60,2700;0;1;1;2;0;1
70,5000;137,1705;11,4000;1,2284;0,2942;0,0000;0,6821;0,1147;0,0000;0,0000;0,3678;-0,1700;1,0600;0;0,0166;60,2700;0;1;1;2;0;0
70,5139;137,2145;11,4000;1,2311;0,2943;0,0000;0,6829;0,1147;0,0000;0,0000;0,3679;-0,1700;1,0600;0;0,0166;60,2800;0;1;1;2;0;0
70,5278;137,2585;11,4000;1,2462;0,2944;0,0000;0,6837;0,1147;0,0000;0,0000;0,3680;-0,1800;1,0700;0;0,0166;60,2900;0;1;1;4;0;0
70,5417;137,3025;11,4000;1,2680;0,2945;0,0000;0,6844;0,1147;0,0000;0,0000;0,3682;-0,1800;1,0900;0;0,0166;60,3000;0;1;1;4;0;0
70,5556;137,3465;11,4000;1,2916;0,2947;0,0000;0,6850;0,1147;0,0000;0,0000;0,3684;-0,1800;1,1100;0;0,0166;60,3200;0;1;1;4;0;0
70,5695;137,6136;11,4000;1,3195;0,2956;0,0000;0,6856;0,1147;0,0000;0,0000;0,3695;-0,4000;0,9200;0;0,0166;60,3900;0;1;1;4;0;0
70,5834;137,6136;11,4000;1,3514;0,2957;0,0000;0,6863;0,1147;0,0000;0,0000;0,3696;-0,3600;0,9900;0;0,0166;60,3900;0;1;1;4;0;0
70,5973;137,6136;11,4000;1,3821;0,2958;0,0000;0,6871;0,1147;0,0000;0,0000;0,3697;-0,3200;1,0700;0;0,0166;60,3900;0;1;1;4;0;0
70,6112;137,6136;11,4000;1,4169;0,2960;0,0000;0,6879;0,1147;0,0000;0,0000;0,3699;-0,2700;1,1400;0;0,0166;60,3900;0;1;1;4;0;0
70,6250;137,6136;11,4000;1,4462;0,2962;0,0000;0,6887;0,1147;0,0000;0,0000;0,3702;-0,2300;1,2100;0;0,0166;60,3900;0;1;1;4;0;0
70,6389;137,6136;11,4000;1,5140;0,2964;0,0000;0,6895;0,1147;0,0000;0,0000;0,3705;-0,1900;1,3300;0;0,0166;60,3900;0;1;1;4;0;0
70,6528;137,6571;11,4000;1,5583;0,2965;0,0000;0,6903;0,1147;0,0000;0,0000;0,3707;-0,1800;1,3800;0;0,0166;60,3900;0;1;1;4;0;0
70,6667;137,7011;11,4000;1,6052;0,2967;0,0000;0,6910;0,1147;0,0000;0,0000;0,3709;-0,1800;1,4300;0;0,0166;60,4000;0;1;1;4;0;0
70,6806;137,7451;11,3000;1,6423;0,2969;0,0000;0,6918;0,1147;0,0000;0,0000;0,3712;-0,1700;1,4700;0;0,0166;60,4100;0;1;1;4;0;0
70,6945;137,7887;11,3000;1,6785;0,2972;0,0000;0,6925;0,1147;0,0000;0,0000;0,3715;-0,1600;1,5200;0;0,0166;60,4200;0;1;1;4;0;0
70,7084;137,8323;11,3000;1,7192;0,2975;0,0000;0,6933;0,1147;0,0000;0,0000;0,3719;-0,1500;1,5700;0;0,0165;60,4200;0;1;1;4;0;0
70,7223;138,0694;11,3000;1,7275;0,2984;0,0000;0,6940;0,1147;0,0000;0,0000;0,3730;-0,3300;1,4000;0;0,0165;60,4700;0;1;1;4;0;0
70,7362;138,0694;11,3000;1,7595;0,2986;0,0000;0,6948;0,1147;0,0000;0,0000;0,3733;-0,2700;1,4800;0;0,0165;60,4700;0;1;1;4;0;0
70,7500;138,0694;11,3000;1,7877;0,2989;0,0000;0,6958;0,1147;0,0000;0,0000;0,3736;-0,2200;1,5700;0;0,0165;60,4700;0;1;1;4;0;0
70,7639;138,0694;11,3000;1,8487;0,2992;0,0000;0,6968;0,1147;0,0000;0,0000;0,3741;-0,1700;1,6800;0;0,0165;60,4700;0;1;1;4;0;0
70,7778;138,0694;11,3000;1,8715;0,2996;0,0000;0,6978;0,1147;0,0000;0,0000;0,3745;-0,1100;1,7600;0;0,0165;60,4700;0;1;1;4;0;0
70,7917;138,0967;11,3000;1,8868;0,2999;0,0000;0,6989;0,1147;0,0000;0,0000;0,3749;-0,0800;1,8000;0;0,0165;60,4700;0;1;1;4;0;0
70,8056;138,1403;11,3000;1,8910;0,3002;0,0000;0,7000;0,1147;0,0000;0,0000;0,3753;-0,0700;1,8200;0;0,0165;60,4700;0;1;1;4;0;0
70,8195;138,1839;11,3000;1,8919;0,3006;0,0000;0,7011;0,1147;0,0000;0,0000;0,3757;-0,0500;1,8400;0;0,0165;60,4800;0;1;1;4;0;0
70,8334;138,2275;11,3000;1,8896;0,3009;0,0000;0,7022;0,1147;0,0000;0,0000;0,3762;-0,0300;1,8500;0;0,0165;60,4800;0;1;1;4;0;0
70,8473;138,2711;11,3000;1,8919;0,3013;0,0000;0,7033;0,1147;0,0000;0,0000;0,3767;-0,0200;1,8600;0;0,0165;60,4900;0;1;1;4;0;0
70,8612;138,5248;11,3000;1,9059;0,3024;0,0000;0,7044;0,1147;0,0000;0,0000;0,3780;-0,2100;1,7000;0;0,0165;60,5100;0;1;1;4;0;0
70,8750;138,5248;11,3000;1,9273;0,3027;0,0000;0,7056;0,1147;0,0000;0,0000;0,3784;-0,1500;1,7700;0;0,0165;60,5100;0;1;1;4;0;0
70,8889;138,5248;11,3000;1,9334;0,3031;0,0000;0,7070;0,1147;0,0000;0,0000;0,3789;-0,1000;1,8400;0;0,0165;60,5100;0;1;1;4;0;0
70,9028;138,5248;11,3000;1,9442;0,3035;0,0000;0,7084;0,1147;0,0000;0,0000;0,3794;-0,0400;1,9000;0;0,0165;60,5100;0;1;1;4;0;0
70,9167;138,5248;11,3000;1,9464;0,3040;0,0000;0,7098;0,1147;0,0000;0,0000;0,3800;0,0000;1,9600;0;0,0165;60,5100;0;1;1;4;0;0
70,9306;138,5355;11,3000;1,9569;0,3045;0,0000;0,7112;0,1147;0,0000;0,0000;0,3806;0,0600;2,0200;0;0,0165;60,5100;0;1;1;4;0;0
70,9445;138,5791;11,4000;1,9579;0,3049;0,0000;0,7127;0,1147;0,0000;0,0000;0,3811;0,0800;2,0400;0;0,0165;60,5100;0;1;1;4;0;0
70,9584;138,6231;11,4000;1,9493;0,3053;0,0000;0,7141;0,1147;0,0000;0,0000;0,3816;0,0900;2,0400;0;0,0165;60,5100;0;1;1;4;0;0
70,9723;138,6671;11,4000;1,9287;0,3057;0,0000;0,7156;0,1147;0,0000;0,0000;0,3822;0,1100;2,0400;0;0,0165;60,5100;0;1;1;4;0;0
70,9862;138,7110;11,4000;1,8860;0,3062;0,0000;0,7170;0,1147;0,0000;0,0000;0,3828;0,1300;2,0100;0;0,0165;60,5100;0;1;1;4;0;0
71,0000;138,9808;11,4000;1,8073;0,3074;0,0000;0,7185;0,1147;0,0000;0,0000;0,3843;-0,0700;1,7300;0;0,0165;60,5100;0;1;1;4;0;0
71,0139;138,9808;11,4000;1,7550;0,3078;0,0000;0,7200;0,1147;0,0000;0,0000;0,3847;-0,0300;1,7300;0;0,0165;60,5100;0;1;1;4;0;0
71,0278;138,9808;11,4000;1,7446;0,3082;0,0000;0,7217;0,1147;0,0000;0,0000;0,3853;0,0300;1,7700;0;0,0165;60,5100;0;1;1;4;0;0
71,0417;138,9808;11,4000;1,6917;0,3087;0,0000;0,7233;0,1147;0,0000;0,0000;0,3858;0,0800;1,7700;0;0,0165;60,5100;0;1;1;4;0;0
71,0556;138,9808;11,4000;1,6374;0,3091;0,0000;0,7250;0,1147;0,0000;0,0000;0,3864;0,1300;1,7600;0;0,0165;60,5100;0;1;1;4;0;0
71,0695;138,9808;11,4000;1,5763;0,3096;0,0000;0,7267;0,1147;0,0000;0,0000;0,3870;0,1700;1,7500;0;0,0165;60,5100;0;1;1;4;0;0
71,0834;139,0218;11,4000;1,4993;0,3100;0,0000;0,7283;0,1147;0,0000;0,0000;0,3874;0,1800;1,6800;0;0,0165;60,5100;0;1;1;4;0;0
71,0973;139,0658;11,4000;1,4329;0,3103;0,0000;0,7300;0,1147;0,0000;0,0000;0,3879;0,1800;1,6100;0;0,0165;60,5100;0;1;1;4;0;0
71,1112;139,1098;11,4000;1,3750;0,3107;0,0000;0,7315;0,1147;0,0000;0,0000;0,3884;0,1800;1,5500;0;0,0165;60,5000;0;1;1;4;0;0
71,1250;139,1537;11,4000;1,3265;0,3111;0,0000;0,7331;0,1147;0,0000;0,0000;0,3888;0,1700;1,5000;0;0,0165;60,5000;0;1;1;4;0;0
71,1389;139,1977;11,4000;1,2694;0,3114;0,0000;0,7345;0,1147;0,0000;0,0000;0,3893;0,1700;1,4400;0;0,0165;60,4900;0;1;1;4;0;0
71,1528;139,4362;11,4000;1,2268;0,3124;0,0000;0,7360;0,1147;0,0000;0,0000;0,3906;0,0000;1,2100;0;0,0165;60,4800;0;1;1;4;0;0
71,1667;139,4362;11,4000;1,1814;0,3127;0,0000;0,7374;0,1147;0,0000;0,0000;0,3909;0,0000;1,2000;0;0,0165;60,4800;0;1;1;4;0;0
71,1806;139,4362;11,4000;1,1254;0,3130;0,0000;0,7389;0,1147;0,0000;0,0000;0,3913;0,0500;1,1800;0;0,0165;60,4800;0;1;1;4;0;0
71,1945;139,4362;11,4000;1,0422;0,3133;0,0000;0,7404;0,1147;0,0000;0,0000;0,3916;0,0800;1,1200;0;0,0165;60,4800;0;1;1;4;0;0
71,2084;139,4362;11,4000;0,9697;0,3136;0,0000;0,7419;0,1147;0,0000;0,0000;0,3920;0,1100;1,0800;0;0,0165;60,4800;0;1;1;4;0;0
71,2223;139,4645;11,4000;0,8883;0,3138;0,0000;0,7432;0,1147;0,0000;0,0000;0,3923;0,1100;1,0000;0;0,0165;60,4700;0;1;1;4;0;0
71,2362;139,5085;11,4000;0,8140;0,3140;0,0000;0,7446;0,1147;0,0000;0,0000;0,3925;0,0900;0,9100;0;0,0165;60,4600;0;1;1;4;0;0
71,2500;139,5525;11,4000;0,7459;0,3141;0,0000;0,7458;0,1147;0,0000;0,0000;0,3927;0,0700;0,8200;0;0,0165;60,4600;0;1;1;4;0;0
71,2639;139,5965;11,4000;0,6983;0,3143;0,0000;0,7470;0,1147;0,0000;0,0000;0,3929;0,0500;0,7500;0;0,0165;60,4500;0;1;1;4;0;0
71,2778;139,6405;11,4000;0,6748;0,3145;0,0000;0,7480;0,1147;0,0000;0,0000;0,3931;0,0300;0,7000;0;0,0165;60,4400;0;1;1;4;0;0
71,2917;139,8922;11,4000;0,6605;0,3153;0,0000;0,7490;0,1147;0,0000;0,0000;0,3941;-0,1900;0,4700;0;0,0166;60,4000;0;1;1;4;0;0
71,3056;139,8922;11,4000;0,6495;0,3153;0,0000;0,7499;0,1147;0,0000;0,0000;0,3941;-0,1700;0,4800;0;0,0166;60,4000;0;1;1;4;0;0
71,3195;139,8922;11,4000;0,6418;0,3153;0,0000;0,7509;0,1147;0,0000;0,0000;0,3942;-0,1500;0,4900;0;0,0166;60,4000;0;1;1;4;0;0
71,3334;139,8922;11,4000;0,6376;0,3154;0,0000;0,7518;0,1147;0,0000;0,0000;0,3943;-0,1300;0,5000;0;0,0166;60,4000;0;1;1;4;0;0
71,3473;139,8922;11,4000;0,6374;0,3155;0,0000;0,7527;0,1147;0,0000;0,0000;0,3944;-0,1100;0,5200;0;0,0166;60,4000;0;1;1;4;0;0
71,3612;139,9073;11,4000;0,6503;0,3155;0,0000;0,7535;0,1147;0,0000;0,0000;0,3944;-0,1100;0,5400;0;0,0166;60,3900;0;1;1;4;0;0
71,3750;139,9513;11,4000;0,6643;0,3155;0,0000;0,7542;0,1147;0,0000;0,0000;0,3944;-0,1300;0,5300;0;0,0166;60,3800;0;1;1;4;0;0
71,3889;139,9953;11,4000;0,6888;0,3155;0,0000;0,7548;0,1147;0,0000;0,0000;0,3944;-0,1500;0,5300;0;0,0166;60,3700;0;1;1;4;0;0
71,4028;140,0393;11,4000;0,7196;0,3155;0,0000;0,7553;0,1147;0,0000;0,0000;0,3944;-0,1700;0,5400;0;0,0166;60,3600;0;1;1;4;0;0
71,4167;140,0833;11,4000;0,7513;0,3156;0,0000;0,7557;0,1147;0,0000;0,0000;0,3944;-0,1900;0,5600;0;0,0166;60,3500;0;1;1;4;0;0
71,4306;140,3476;11,4000;0,7792;0,3163;0,0000;0,7561;0,1147;0,0000;0,0000;0,3954;-0,4200;0,3600;0;0,0166;60,2800;0;1;1;4;0;0
71,4445;140,3476;11,4000;0,8064;0,3162;0,0000;0,7565;0,1147;0,0000;0,0000;0,3953;-0,4000;0,4100;0;0,0166;60,2800;0;1;1;4;0;0
71,4584;140,3476;11,5000;0,8174;0,3162;0,0000;0,7570;0,1147;0,0000;0,0000;0,3953;-0,3700;0,4500;0;0,0166;60,2800;0;1;1;4;0;0
71,4723;140,3476;11,5000;0,8294;0,3162;0,0000;0,7574;0,1147;0,0000;0,0000;0,3952;-0,3500;0,4800;0;0,0166;60,2800;0;1;1;4;0;0
71,4862;140,3476;11,5000;0,8336;0,3162;0,0000;0,7578;0,1147;0,0000;0,0000;0,3953;-0,3200;0,5100;0;0,0166;60,2800;0;1;1;4;0;0
71,5000;140,3513;11,5000;0,8344;0,3162;0,0000;0,7581;0,1147;0,0000;0,0000;0,3953;-0,3000;0,5300;0;0,0166;60,2800;0;1;1;4;0;0
71,5139;140,3957;11,5000;0,8266;0,3161;0,0000;0,7584;0,1147;0,0000;0,0000;0,3951;-0,3200;0,5100;0;0,0166;60,2600;0;1;1;4;0;0
71,5278;140,4400;11,5000;0,8158;0,3160;0,0000;0,7587;0,1147;0,0000;0,0000;0,3950;-0,3300;0,4800;0;0,0166;60,2500;0;1;1;4;0;0
71,5417;140,4844;11,5000;0,8106;0,3160;0,0000;0,7589;0,1147;0,0000;0,0000;0,3949;-0,3500;0,4600;0;0,0166;60,2300;0;1;1;5;0;0
71,5556;140,5288;11,5000;0,7916;0,3159;0,0000;0,7590;0,1147;0,0000;0,0000;0,3949;-0,3700;0,4200;0;0,0166;60,2200;0;1;1;5;0;0
71,5695;140,5731;11,5000;0,7684;0,3158;0,0000;0,7591;0,1147;0,0000;0,0000;0,3948;-0,3900;0,3800;0;0,0166;60,2000;0;1;1;5;0;0
71,5834;140,8035;11,5000;0,7438;0,3163;0,0000;0,7591;0,1147;0,0000;0,0000;0,3954;-0,5900;0,1600;0;0,0166;60,1200;0;1;1;5;0;0
71,5973;140,8035;11,5000;0,7170;0,3162;0,0000;0,7592;0,1147;0,0000;0,0000;0,3952;-0,5600;0,1500;0;0,0166;60,1200;0;1;1;5;0;0
71,6112;140,8035;11,5000;0,6950;0,3160;0,0000;0,7592;0,1147;0,0000;0,0000;0,3950;-0,5400;0,1500;0;0,0166;60,1200;0;1;1;5;0;0
71,6250;140,8035;11,5000;0,6718;0,3159;0,0000;0,7593;0,1147;0,0000;0,0000;0,3948;-0,5200;0,1500;0;0,0166;60,1200;0;1;1;5;0;0
71,6389;140,8035;11,5000;0,6523;0,3157;0,0000;0,7593;0,1147;0,0000;0,0000;0,3946;-0,5000;0,1500;0;0,0166;60,1200;0;1;1;5;0;0
71,6528;140,8423;11,5000;0,6371;0,3155;0,0000;0,7592;0,1147;0,0000;0,0000;0,3943;-0,5200;0,1200;0;0,0166;60,1000;0;1;1;5;0;0
71,6667;140,8867;11,5000;0,6272;0,3152;0,0000;0,7591;0,1147;0,0000;0,0000;0,3940;-0,5400;0,0800;0;0,0166;60,0800;0;1;1;5;0;0
71,6806;140,9310;11,5000;0,6159;0,3149;0,0000;0,7590;0,1147;0,0000;0,0000;0,3937;-0,5700;0,0400;0;0,0166;60,0600;0;1;1;5;0;0
71,6945;140,9754;11,5000;0,6028;0,3147;0,0000;0,7587;0,1147;0,0000;0,0000;0,3934;-0,5900;0,0000;0;0,0167;60,0400;0;1;1;5;0;0
71,7084;141,0198;11,5000;0,5999;0,3144;0,0000;0,7584;0,1147;0,0000;0,0000;0,3930;-0,6100;0,0000;0;0,0167;60,0200;0;1;1;5;0;0
71,7223;141,2591;11,5000;0,5993;0,3148;0,0000;0,7580;0,1147;0,0000;0,0000;0,3935;-0,8200;-0,2300;0;0,0167;59,9200;0;1;1;5;0;0
71,7362;141,2591;11,5000;0,6031;0,3144;0,0000;0,7576;0,1147;0,0000;0,0000;0,3930;-0,8100;-0,2000;0;0,0167;59,9200;0;1;1;5;0;0
71,7500;141,2591;11,5000;0,6124;0,3140;0,0000;0,7572;0,1147;0,0000;0,0000;0,3926;-0,7900;-0,1800;0;0,0167;59,9200;0;1;1;5;0;0
71,7639;141,2591;11,5000;0,6279;0,3137;0,0000;0,7567;0,1147;0,0000;0,0000;0,3921;-0,7700;-0,1400;0;0,0167;59,9200;0;1;1;5;0;0
71,7778;141,2591;11,5000;0,6469;0,3134;0,0000;0,7563;0,1147;0,0000;0,0000;0,3917;-0,7500;-0,1000;0;0,0167;59,9200;0;1;1;5;0;0
71,7917;141,2890;11,5000;0,6745;0,3130;0,0000;0,7557;0,1147;0,0000;0,0000;0,3912;-0,7600;-0,0800;0;0,0167;59,9000;0;1;1;5;0;0
71,8056;141,3333;11,5000;0,7144;0,3126;0,0000;0,7551;0,1147;0,0000;0,0000;0,3907;-0,7800;-0,0700;0;0,0167;59,8800;0;1;1;5;0;0
71,8195;141,3777;11,5000;0,7678;0,3122;0,0000;0,7544;0,1147;0,0000;0,0000;0,3902;-0,8000;-0,0300;0;0,0167;59,8500;0;1;1;5;0;0
71,8334;141,4221;11,5000;0,8257;0,3118;0,0000;0,7536;0,1147;0,0000;0,0000;0,3897;-0,8200;0,0000;0;0,0167;59,8300;0;1;1;5;0;0
71,8473;141,4664;11,5000;0,8814;0,3115;0,0000;0,7527;0,1147;0,0000;0,0000;0,3893;-0,8300;0,0400;0;0,0167;59,8100;0;1;1;5;0;0
71,8612;141,7147;11,5000;0,9228;0,3118;0,0000;0,7518;0,1147;0,0000;0,0000;0,3897;-1,0400;-0,1200;0;0,0168;59,6800;0;1;1;5;0;0
71,8750;141,7147;11,5000;0,9934;0,3114;0,0000;0,7509;0,1147;0,0000;0,0000;0,3892;-1,0100;-0,0200;0;0,0168;59,6800;0;1;1;5;0;0
71,8889;141,7147;11,5000;1,0410;0,3110;0,0000;0,7501;0,1147;0,0000;0,0000;0,3888;-0,9800;0,0600;0;0,0168;59,6800;0;1;1;5;0;0
71,9028;141,7147;11,5000;1,0886;0,3107;0,0000;0,7493;0,1147;0,0000;0,0000;0,3884;-0,9500;0,1400;0;0,0168;59,6800;0;1;1;5;0;0
71,9167;141,7147;11,5000;1,1394;0,3104;0,0000;0,7484;0,1147;0,0000;0,0000;0,3880;-0,9100;0,2300;0;0,0168;59,6800;0;1;1;5;0;0
71,9306;141,7356;11,5000;1,1799;0,3101;0,0000;0,7476;0,1147;0,0000;0,0000;0,3876;-0,9000;0,2800;0;0,0168;59,6600;0;1;1;5;0;0
71,9445;141,7800;11,5000;1,2303;0,3097;0,0000;0,7467;0,1147;0,0000;0,0000;0,3871;-0,9000;0,3300;0;0,0168;59,6300;0;1;1;5;0;0
71,9584;141,8243;11,5000;1,2923;0,3094;0,0000;0,7459;0,1147;0,0000;0,0000;0,3867;-0,9100;0,3800;0;0,0168;59,6100;0;1;1;5;0;0
71,9723;141,8687;11,5000;1,3489;0,3091;0,0000;0,7450;0,1147;0,0000;0,0000;0,3864;-0,9100;0,4400;0;0,0168;59,5800;0;1;1;5;0;0
71,9862;141,9131;11,5000;1,4195;0,3088;0,0000;0,7440;0,1147;0,0000;0,0000;0,3860;-0,9100;0,5100;0;0,0168;59,5500;0;1;1;5;0;0
72,0000;142,1705;11,5000;1,4804;0,3093;0,0000;0,7431;0,1147;0,0000;0,0000;0,3866;-1,1100;0,3700;0;0,0168;59,3900;0;1;1;5;0;0
72,0139;142,1705;11,5000;1,5095;0,3090;0,0000;0,7422;0,1147;0,0000;0,0000;0,3862;-1,0700;0,4400;0;0,0168;59,3900;0;1;1;5;0;0
72,0278;142,1705;11,5000;1,5422;0,3087;0,0000;0,7415;0,1147;0,0000;0,0000;0,3859;-1,0200;0,5200;0;0,0168;59,3900;0;1;1;5;0;0
72,0417;142,1705;11,5000;1,5788;0,3084;0,0000;0,7407;0,1147;0,0000;0,0000;0,3856;-0,9800;0,6000;0;0,0168;59,3900;0;1;1;5;0;0
72,0556;142,1705;11,5000;1,5911;0,3082;0,0000;0,7400;0,1147;0,0000;0,0000;0,3853;-0,9300;0,6600;0;0,0168;59,3900;0;1;1;5;0;0
72,0695;142,1822;11,5000;1,6124;0,3080;0,0000;0,7394;0,1147;0,0000;0,0000;0,3850;-0,8900;0,7200;0;0,0168;59,3800;0;1;1;5;0;0
72,0834;142,2266;11,5000;1,6250;0,3077;0,0000;0,7387;0,1147;0,0000;0,0000;0,3847;-0,8900;0,7400;0;0,0168;59,3500;0;1;1;5;0;0
72,0973;142,2710;11,5000;1,6297;0,3075;0,0000;0,7380;0,1147;0,0000;0,0000;0,3843;-0,8800;0,7500;0;0,0169;59,3200;0;1;1;5;0;0
72,1112;142,3153;11,5000;1,6316;0,3072;0,0000;0,7373;0,1147;0,0000;0,0000;0,3841;-0,8800;0,7500;0;0,0169;59,2900;0;1;1;5;0;0
72,1250;142,3597;11,5000;1,6290;0,3070;0,0000;0,7366;0,1147;0,0000;0,0000;0,3838;-0,8700;0,7600;0;0,0169;59,2500;0;1;1;5;0;0
72,1389;142,6259;11,5000;1,6225;0,3076;0,0000;0,7359;0,1147;0,0000;0,0000;0,3844;-1,0800;0,5400;0;0,0169;59,0600;0;1;1;5;0;0
72,1528;142,6259;11,5000;1,6198;0,3073;0,0000;0,7352;0,1147;0,0000;0,0000;0,3841;-1,0300;0,5900;0;0,0169;59,0600;0;1;1;5;0;0
72,1667;142,6259;11,5000;1,6230;0,3070;0,0000;0,7347;0,1147;0,0000;0,0000;0,3838;-0,9800;0,6400;0;0,0169;59,0600;0;1;1;5;0;0
72,1806;142,6259;11,5000;1,6313;0,3068;0,0000;0,7342;0,1147;0,0000;0,0000;0,3835;-0,9300;0,7000;0;0,0169;59,0600;0;1;1;5;0;0
72,1945;142,6259;11,2000;1,6423;0,3066;0,0000;0,7337;0,1147;0,0000;0,0000;0,3833;-0,8900;0,7600;0;0,0169;59,0600;0;1;1;5;0;0
72,2084;142,6277;11,2000;1,6547;0,3064;0,0000;0,7331;0,1147;0,0000;0,0000;0,3831;-0,8400;0,8100;0;0,0169;59,0600;0;1;1;5;0;0
72,2223;142,6709;11,2000;1,6732;0,3062;0,0000;0,7326;0,1147;0,0000;0,0000;0,3827;-0,8300;0,8400;0;0,0169;59,0300;0;1;1;5;0;0
72,2362;142,7141;11,2000;1,6850;0,3060;0,0000;0,7321;0,1147;0,0000;0,0000;0,3825;-0,8300;0,8600;0;0,0170;58,9900;0;1;1;5;0;0
72,2500;142,7574;11,2000;1,7034;0,3058;0,0000;0,7315;0,1147;0,0000;0,0000;0,3822;-0,8200;0,8800;0;0,0170;58,9600;0;1;1;5;0;0
72,2639;142,8006;11,2000;1,7256;0,3056;0,0000;0,7310;0,1147;0,0000;0,0000;0,3820;-0,8100;0,9100;0;0,0170;58,9200;0;1;1;5;0;0
72,2778;142,8438;11,2000;1,7584;0,3055;0,0000;0,7304;0,1147;0,0000;0,0000;0,3819;-0,8000;0,9500;0;0,0170;58,8900;0;1;1;5;0;0
72,2917;143,0820;11,2000;1,7964;0,3060;0,0000;0,7298;0,1147;0,0000;0,0000;0,3826;-0,9800;0,8100;0;0,0170;58,7000;0;1;1;5;0;0
72,3056;143,0820;11,2000;1,8320;0,3059;0,0000;0,7293;0,1147;0,0000;0,0000;0,3823;-0,9300;0,9000;0;0,0170;58,7000;0;1;1;5;0;0
72,3195;143,0820;11,2000;1,8755;0,3057;0,0000;0,7289;0,1147;0,0000;0,0000;0,3822;-0,8800;1,0000;0;0,0170;58,7000;0;1;1;5;0;0
72,3334;143,0820;11,2000;1,9164;0,3057;0,0000;0,7286;0,1147;0,0000;0,0000;0,3821;-0,8200;1,0900;0;0,0170;58,7000;0;1;1;5;0;0
72,3473;143,0820;11,2000;1,9623;0,3056;0,0000;0,7283;0,1147;0,0000;0,0000;0,3820;-0,7700;1,2000;0;0,0170;58,7000;0;1;1;5;0;0
72,3612;143,1060;11,2000;1,9997;0,3056;0,0000;0,7280;0,1147;0,0000;0,0000;0,3820;-0,7300;1,2700;0;0,0170;58,6700;0;1;1;5;0;0
72,3750;143,1492;11,2000;2,0305;0,3055;0,0000;0,7277;0,1147;0,0000;0,0000;0,3819;-0,7200;1,3100;0;0,0171;58,6300;0;1;1;5;0;0
72,3889;143,1925;11,2000;2,0613;0,3055;0,0000;0,7275;0,1147;0,0000;0,0000;0,3818;-0,7000;1,3600;0;0,0171;58,6000;0;1;1;5;0;0
72,4028;143,2357;11,2000;2,0720;0,3055;0,0000;0,7273;0,1147;0,0000;0,0000;0,3818;-0,6800;1,3900;0;0,0171;58,5600;0;1;1;5;0;0
72,4167;143,2789;11,2000;2,0922;0,3055;0,0000;0,7270;0,1147;0,0000;0,0000;0,3819;-0,6600;1,4300;0;0,0171;58,5200;0;1;1;5;0;0
72,4306;143,5370;11,2000;2,0999;0,3063;0,0000;0,7269;0,1147;0,0000;0,0000;0,3828;-0,8600;1,2400;0;0,0172;58,2900;0;1;1;5;0;0
72,4445;143,5370;11,2000;2,1066;0,3062;0,0000;0,7268;0,1147;0,0000;0,0000;0,3828;-0,7900;1,3100;0;0,0172;58,2900;0;1;1;5;0;0
72,4584;143,5370;11,2000;2,1135;0,3063;0,0000;0,7268;0,1147;0,0000;0,0000;0,3828;-0,7300;1,3800;0;0,0172;58,2900;0;1;1;5;0;0
72,4723;143,5370;11,2000;2,1205;0,3064;0,0000;0,7270;0,1147;0,0000;0,0000;0,3829;-0,6700;1,4500;0;0,0172;58,2900;0;1;1;5;0;0
72,4862;143,5370;11,2000;2,1206;0,3065;0,0000;0,7271;0,1147;0,0000;0,0000;0,3831;-0,6100;1,5100;0;0,0172;58,2900;0;1;1;5;0;0
72,5000;143,5412;11,2000;2,1146;0,3066;0,0000;0,7273;0,1147;0,0000;0,0000;0,3832;-0,5500;1,5600;0;0,0172;58,2800;0;1;1;5;0;0
72,5139;143,5844;11,2000;2,0957;0,3066;0,0000;0,7276;0,1147;0,0000;0,0000;0,3833;-0,5300;1,5600;0;0,0172;58,2400;0;1;1;5;0;0
72,5278;143,6276;11,2000;2,0796;0,3067;0,0000;0,7278;0,1147;0,0000;0,0000;0,3834;-0,5200;1,5600;0;0,0172;58,2000;0;1;1;5;0;0
72,5417;143,6708;11,2000;2,0631;0,3068;0,0000;0,7281;0,1147;0,0000;0,0000;0,3835;-0,5000;1,5600;0;0,0172;58,1500;0;1;1;5;0;0
72,5556;143,7140;11,2000;2,0377;0,3070;0,0000;0,7284;0,1147;0,0000;0,0000;0,3837;-0,4800;1,5500;0;0,0172;58,1100;0;1;1;3;0;0
72,5695;143,7572;11,2000;2,0164;0,3071;0,0000;0,7286;0,1147;0,0000;0,0000;0,3839;-0,4700;1,5500;0;0,0172;58,0700;0;1;1;3;0;0
72,5834;143,9934;11,2000;1,9849;0,3079;0,0000;0,7289;0,1147;0,0000;0,0000;0,3849;-0,6400;1,3400;0;0,0173;57,8300;0;1;1;3;0;0
72,5973;143,9934;11,2000;1,9555;0,3080;0,0000;0,7293;0,1147;0,0000;0,0000;0,3850;-0,5800;1,3700;0;0,0173;57,8300;0;1;1;3;0;0
72,6112;143,9934;11,2000;1,9278;0,3082;0,0000;0,7298;0,1147;0,0000;0,0000;0,3852;-0,5300;1,4000;0;0,0173;57,8300;0;1;1;3;0;0
72,6250;143,9934;11,2000;1,8955;0,3083;0,0000;0,7304;0,1147;0,0000;0,0000;0,3854;-0,4700;1,4200;0;0,0173;57,8300;0;1;1;3;0;0
72,6389;143,9934;11,2000;1,8616;0,3085;0,0000;0,7310;0,1147;0,0000;0,0000;0,3856;-0,4200;1,4400;0;0,0173;57,8300;0;1;1;3;0;0
72,6528;144,0195;11,2000;1,8402;0,3086;0,0000;0,7316;0,1147;0,0000;0,0000;0,3857;-0,3900;1,4500;0;0,0173;57,8000;0;1;1;3;0;0
72,6667;144,0628;11,2000;1,8031;0,3087;0,0000;0,7322;0,1147;0,0000;0,0000;0,3858;-0,3800;1,4200;0;0,0173;57,7600;0;1;1;3;0;0
72,6806;144,1060;11,2000;1,7755;0,3088;0,0000;0,7327;0,1147;0,0000;0,0000;0,3860;-0,3700;1,4000;0;0,0173;57,7100;0;1;1;3;0;0
72,6945;144,1492;11,3000;1,7510;0,3089;0,0000;0,7333;0,1147;0,0000;0,0000;0,3861;-0,3700;1,3800;0;0,0173;57,6600;0;1;1;3;0;0
72,7084;144,1928;11,3000;1,7187;0,3091;0,0000;0,7338;0,1147;0,0000;0,0000;0,3863;-0,3600;1,3600;0;0,0174;57,6200;0;1;1;3;0;0
72,7223;144,4482;11,3000;1,6671;0,3099;0,0000;0,7343;0,1147;0,0000;0,0000;0,3874;-0,5600;1,1000;0;0,0174;57,3400;0;1;1;3;0;0
72,7362;144,4482;11,3000;1,6285;0,3099;0,0000;0,7349;0,1147;0,0000;0,0000;0,3874;-0,5200;1,1100;0;0,0174;57,3400;0;1;1;3;0;0
72,7500;144,4482;11,3000;1,5792;0,3100;0,0000;0,7355;0,1147;0,0000;0,0000;0,3875;-0,4700;1,1100;0;0,0174;57,3400;0;1;1;3;0;0
72,7639;144,4482;11,3000;1,5284;0,3101;0,0000;0,7361;0,1147;0,0000;0,0000;0,3876;-0,4300;1,1000;0;0,0174;57,3400;0;1;1;3;0;0
72,7778;144,4482;11,3000;1,4892;0,3102;0,0000;0,7368;0,1147;0,0000;0,0000;0,3878;-0,3800;1,1100;0;0,0174;57,3400;0;1;1;3;0;0
72,7917;144,4575;11,3000;1,4402;0,3103;0,0000;0,7374;0,1147;0,0000;0,0000;0,3879;-0,3500;1,0900;0;0,0174;57,3300;0;1;1;3;0;0
72,8056;144,5011;11,3000;1,3949;0,3103;0,0000;0,7380;0,1147;0,0000;0,0000;0,3879;-0,3500;1,0400;0;0,0175;57,2800;0;1;1;3;0;0
72,8195;144,5447;11,3000;1,3718;0,3104;0,0000;0,7385;0,1147;0,0000;0,0000;0,3879;-0,3500;1,0200;0;0,0175;57,2300;0;1;1;3;0;0
72,8334;144,5883;11,3000;1,3467;0,3104;0,0000;0,7390;0,1147;0,0000;0,0000;0,3880;-0,3600;0,9900;0;0,0175;57,1800;0;1;1;3;0;0
72,8473;144,6319;11,3000;1,3206;0,3105;0,0000;0,7395;0,1147;0,0000;0,0000;0,3881;-0,3600;0,9600;0;0,0175;57,1200;0;1;1;3;0;0
72,8612;144,6754;11,3000;1,2951;0,3105;0,0000;0,7399;0,1147;0,0000;0,0000;0,3882;-0,3700;0,7000;0;0,0175;57,0700;0;1;1;3;0;0
72,8750;144,9048;11,3000;1,2705;0,3112;0,0000;0,7402;0,1147;0,0000;0,0000;0,3890;-0,5600;0,7100;0;0,0176;56,8100;0;1;1;3;0;0
72,8889;144,9048;11,3000;1,2448;0,3112;0,0000;0,7406;0,1147;0,0000;0,0000;0,3890;-0,5200;0,7200;0;0,0176;56,8100;0;1;1;3;0;0
72,9028;144,9048;11,3000;1,2279;0,3112;0,0000;0,7411;0,1147;0,0000;0,0000;0,3890;-0,4900;0,7400;0;0,0176;56,8100;0;1;1;3;0;0
72,9167;144,9048;11,3000;1,2119;0,3112;0,0000;0,7415;0,1147;0,0000;0,0000;0,3890;-0,4500;0,7600;0;0,0176;56,8100;0;1;1;3;0;0
72,9306;144,9048;11,3000;1,2024;0,3112;0,0000;0,7419;0,1147;0,0000;0,0000;0,3890;-0,4200;0,7800;0;0,0176;56,8100;0;1;1;3;0;0
72,9445;144,9402;11,3000;1,1961;0,3111;0,0000;0,7423;0,1147;0,0000;0,0000;0,3889;-0,4200;0,7700;0;0,0176;56,7600;0;1;1;3;0;0
72,9584;144,9838;11,3000;1,1948;0,3110;0,0000;0,7426;0,1147;0,0000;0,0000;0,3888;-0,4300;0,7600;0;0,0176;56,7000;0;1;1;3;0;0
72,9723;145,0274;11,3000;1,1995;0,3110;0,0000;0,7429;0,1147;0,0000;0,0000;0,3887;-0,4400;0,7600;0;0,0177;56,6500;0;1;1;3;0;0
72,9862;145,0710;11,3000;1,2039;0,3110;0,0000;0,7431;0,1147;0,0000;0,0000;0,3887;-0,4500;0,7600;0;0,0177;56,5900;0;1;1;3;0;0
73,0000;145,1145;11,3000;1,2073;0,3110;0,0000;0,7432;0,1147;0,0000;0,0000;0,3887;-0,4500;0,7500;0;0,0177;56,5400;0;1;1;3;0;0
73,0139;145,3598;11,3000;1,2107;0,3116;0,0000;0,7433;0,1147;0,0000;0,0000;0,3895;-0,6700;0,5400;0;0,0178;56,2300;0;1;1;3;0;0
73,0278;145,3598;11,3000;1,2178;0,3115;0,0000;0,7435;0,1147;0,0000;0,0000;0,3894;-0,6300;0,5900;0;0,0178;56,2300;0;1;1;3;0;0
73,0417;145,3598;11,3000;1,2298;0,3114;0,0000;0,7437;0,1147;0,0000;0,0000;0,3893;-0,6000;0,6300;0;0,0178;56,2300;0;1;1;3;0;0
73,0556;145,3598;11,3000;1,2597;0,3114;0,0000;0,7438;0,1147;0,0000;0,0000;0,3892;-0,5600;0,7000;0;0,0178;56,2300;0;1;1;3;0;0
73,0695;145,3598;11,3000;1,2954;0,3114;0,0000;0,7440;0,1147;0,0000;0,0000;0,3892;-0,5200;0,7700;0;0,0178;56,2300;0;1;1;3;0;0
73,0834;145,3793;11,3000;1,3179;0,3113;0,0000;0,7442;0,1147;0,0000;0,0000;0,3892;-0,5000;0,8100;0;0,0178;56,2000;0;1;1;3;0;0
73,0973;145,4229;11,3000;1,3649;0,3112;0,0000;0,7443;0,1147;0,0000;0,0000;0,3890;-0,5100;0,8600;0;0,0178;56,1400;0;1;1;3;0;0
73,1112;145,4665;11,3000;1,4146;0,3112;0,0000;0,7444;0,1147;0,0000;0,0000;0,3890;-0,5100;0,9000;0;0,0178;56,0900;0;1;1;3;0;0
73,1250;145,5101;11,3000;1,4800;0,3112;0,0000;0,7444;0,1147;0,0000;0,0000;0,3890;-0,5100;0,9700;0;0,0178;56,0300;0;1;1;3;0;0
73,1389;145,5537;11,3000;1,5164;0,3112;0,0000;0,7444;0,1147;0,0000;0,0000;0,3890;-0,5100;1,0000;0;0,0179;55,9700;0;1;1;3;0;0
73,1528;145,8161;11,3000;1,5463;0,3119;0,0000;0,7444;0,1147;0,0000;0,0000;0,3899;-0,7300;0,8100;0;0,0180;55,6100;0;1;1;3;0;0
73,1667;145,8161;11,3000;1,5716;0,3119;0,0000;0,7445;0,1147;0,0000;0,0000;0,3898;-0,6900;0,8800;0;0,0180;55,6100;0;1;1;3;0;0
73,1806;145,8161;11,5000;1,6072;0,3118;0,0000;0,7446;0,1147;0,0000;0,0000;0,3898;-0,6400;0,9700;0;0,0180;55,6100;0;1;1;3;0;0
73,1945;145,8161;11,5000;1,6263;0,3118;0,0000;0,7448;0,1147;0,0000;0,0000;0,3898;-0,5900;1,0300;0;0,0180;55,6100;0;1;1;3;0;0
73,2084;145,8161;11,5000;1,6435;0,3119;0,0000;0,7450;0,1147;0,0000;0,0000;0,3898;-0,5400;1,1000;0;0,0180;55,6100;0;1;1;3;0;0
73,2223;145,8208;11,5000;1,6606;0,3119;0,0000;0,7452;0,1147;0,0000;0,0000;0,3899;-0,5000;1,1600;0;0,0180;55,6100;0;1;1;3;0;0
73,2362;145,8652;11,5000;1,6763;0,3119;0,0000;0,7454;0,1147;0,0000;0,0000;0,3899;-0,4900;1,1800;0;0,0180;55,5400;0;1;1;3;0;0
73,2500;145,9095;11,5000;1,6852;0,3119;0,0000;0,7456;0,1147;0,0000;0,0000;0,3899;-0,4900;1,1900;0;0,0180;55,4800;0;1;1;3;0;0
73,2639;145,9539;11,5000;1,6897;0,3120;0,0000;0,7457;0,1147;0,0000;0,0000;0,3900;-0,4800;1,2000;0;0,0180;55,4100;0;1;1;3;0;0
73,2778;145,9983;11,5000;1,6927;0,3120;0,0000;0,7459;0,1147;0,0000;0,0000;0,3900;-0,4800;1,2100;0;0,0181;55,3500;0;1;1;3;0;0
73,2917;146,0426;11,5000;1,6914;0,3121;0,0000;0,7460;0,1147;0,0000;0,0000;0,3902;-0,4800;0,9800;0;0,0181;55,2900;0;1;1;3;0;0
73,3056;146,2713;11,5000;1,6881;0,3129;0,0000;0,7462;0,1147;0,0000;0,0000;0,3911;-0,6600;1,0300;0;0,0182;54,9600;0;1;1;3;0;0
73,3195;146,2713;11,5000;1,6818;0,3129;0,0000;0,7464;0,1147;0,0000;0,0000;0,3911;-0,6100;1,0700;0;0,0182;54,9600;0;1;1;3;0;0
73,3334;146,2713;11,5000;1,6699;0,3129;0,0000;0,7467;0,1147;0,0000;0,0000;0,3912;-0,5600;1,1100;0;0,0182;54,9600;0;1;1;3;0;0
73,3473;146,2713;11,5000;1,6542;0,3130;0,0000;0,7471;0,1147;0,0000;0,0000;0,3913;-0,5100;1,1400;0;0,0182;54,9600;0;1;1;3;0;0
73,3612;146,2713;11,5000;1,6319;0,3131;0,0000;0,7474;0,1147;0,0000;0,0000;0,3914;-0,4600;1,1700;0;0,0182;54,9600;0;1;1;3;0;0
73,3750;146,3121;11,5000;1,6095;0,3131;0,0000;0,7478;0,1147;0,0000;0,0000;0,3913;-0,4600;1,1500;0;0,0182;54,9000;0;1;1;3;0;0
73,3889;146,3565;11,5000;1,5871;0,3131;0,0000;0,7482;0,1147;0,0000;0,0000;0,3913;-0,4600;1,1300;0;0,0182;54,8300;0;1;1;3;0;0
73,4028;146,4008;11,5000;1,5616;0,3131;0,0000;0,7485;0,1147;0,0000;0,0000;0,3913;-0,4600;1,1000;0;0,0183;54,7600;0;1;1;3;0;0
73,4167;146,4452;11,5000;1,5402;0,3131;0,0000;0,7488;0,1147;0,0000;0,0000;0,3914;-0,4600;1,0800;0;0,0183;54,6900;0;1;1;3;0;0
73,4306;146,4896;11,5000;1,5252;0,3132;0,0000;0,7490;0,1147;0,0000;0,0000;0,3915;-0,4600;1,0600;0;0,0183;54,6200;0;1;1;3;0;0
73,4445;146,7274;11,2000;1,5049;0,3139;0,0000;0,7492;0,1147;0,0000;0,0000;0,3924;-0,6600;0,8400;0;0,0184;54,2600;0;1;1;3;0;0
73,4584;146,7274;11,2000;1,4885;0,3139;0,0000;0,7495;0,1147;0,0000;0,0000;0,3924;-0,6200;0,8700;0;0,0184;54,2600;0;1;1;3;0;0
73,4723;146,7274;11,2000;1,4754;0,3139;0,0000;0,7499;0,1147;0,0000;0,0000;0,3923;-0,5800;0,9000;0;0,0184;54,2600;0;1;1;3;0;0
73,4862;146,7274;11,2000;1,4613;0,3139;0,0000;0,7502;0,1147;0,0000;0,0000;0,3924;-0,5400;0,9300;0;0,0184;54,2600;0;1;1;3;0;0
73,5000;146,7274;11,2000;1,4441;0,3139;0,0000;0,7506;0,1147;0,0000;0,0000;0,3924;-0,4900;0,9500;0;0,0184;54,2600;0;1;1;3;0;0
73,5139;146,7533;11,2000;1,4312;0,3139;0,0000;0,7509;0,1147;0,0000;0,0000;0,3924;-0,4800;0,9500;0;0,0184;54,2200;0;1;1;3;0;0
73,5278;146,7965;11,2000;1,4199;0,3138;0,0000;0,7512;0,1147;0,0000;0,0000;0,3923;-0,4800;0,9400;0;0,0185;54,1500;0;1;1;3;0;0
73,5417;146,8397;11,2000;1,4164;0,3138;0,0000;0,7515;0,1147;0,0000;0,0000;0,3922;-0,4900;0,9300;0;0,0185;54,0800;0;1;1;3;0;0
73,5556;146,8829;11,2000;1,4155;0,3138;0,0000;0,7517;0,1147;0,0000;0,0000;0,3922;-0,4900;0,9200;0;0,0185;54,0100;0;1;1;1;0;0
73,5695;146,9261;11,2000;1,4198;0,3138;0,0000;0,7518;0,1147;0,0000;0,0000;0,3922;-0,5000;0,9200;0;0,0185;53,9400;0;1;1;1;0;0
73,5834;147,1828;11,2000;1,4313;0,3145;0,0000;0,7520;0,1147;0,0000;0,0000;0,3932;-0,7300;0,7000;0;0,0187;53,5300;0;1;1;1;0;0
73,5973;147,1828;11,2000;1,4469;0,3144;0,0000;0,7521;0,1147;0,0000;0,0000;0,3931;-0,6900;0,7600;0;0,0187;53,5300;0;1;1;1;0;0
73,6112;147,1828;11,2000;1,4713;0,3144;0,0000;0,7524;0,1147;0,0000;0,0000;0,3930;-0,6400;0,8300;0;0,0187;53,5300;0;1;1;1;0;0
73,6250;147,1828;11,2000;1,5029;0,3144;0,0000;0,7526;0,1147;0,0000;0,0000;0,3930;-0,6000;0,9000;0;0,0187;53,5300;0;1;1;1;0;0
73,6389;147,1828;11,2000;1,5444;0,3144;0,0000;0,7529;0,1147;0,0000;0,0000;0,3930;-0,5500;0,9900;0;0,0187;53,5300;0;1;1;1;0;0
73,6528;147,1888;11,2000;1,5799;0,3144;0,0000;0,7531;0,1147;0,0000;0,0000;0,3931;-0,5100;1,0600;0;0,0187;53,5200;0;1;1;1;0;0
73,6667;147,2320;11,2000;1,6136;0,3144;0,0000;0,7533;0,1147;0,0000;0,0000;0,3930;-0,5100;1,1000;0;0,0187;53,4500;0;1;1;1;0;0
73,6806;147,2752;11,2000;1,6394;0,3144;0,0000;0,7535;0,1147;0,0000;0,0000;0,3930;-0,5100;1,1300;0;0,0187;53,3700;0;1;1;1;0;0
73,6945;147,3184;11,2000;1,6591;0,3144;0,0000;0,7536;0,1147;0,0000;0,0000;0,3930;-0,5100;1,1500;0;0,0188;53,3000;0;1;1;1;0;0
73,7084;147,3616;11,2000;1,6762;0,3144;0,0000;0,7538;0,1147;0,0000;0,0000;0,3930;-0,5100;1,1600;0;0,0188;53,2300;0;1;1;1;0;0
73,7223;147,4048;11,2000;1,7057;0,3145;0,0000;0,7539;0,1147;0,0000;0,0000;0,3931;-0,5100;1,2000;0;0,0188;53,1500;0;1;1;1;0;0
73,7362;147,6387;11,2000;1,7285;0,3152;0,0000;0,7539;0,1147;0,0000;0,0000;0,3941;-0,7100;1,0200;0;0,0190;52,7600;0;1;1;1;0;0
73,7500;147,6387;11,2000;1,7457;0,3153;0,0000;0,7541;0,1147;0,0000;0,0000;0,3941;-0,6600;1,0900;0;0,0190;52,7600;0;1;1;1;0;0
73,7639;147,6387;11,2000;1,7554;0,3153;0,0000;0,7544;0,1147;0,0000;0,0000;0,3941;-0,6100;1,1500;0;0,0190;52,7600;0;1;1;1;0;0
73,7778;147,6387;11,2000;1,7574;0,3153;0,0000;0,7547;0,1147;0,0000;0,0000;0,3942;-0,5600;1,2000;0;0,0190;52,7600;0;1;1;1;0;0
73,7917;147,6387;11,2000;1,7611;0,3154;0,0000;0,7550;0,1147;0,0000;0,0000;0,3942;-0,5100;1,2500;0;0,0190;52,7600;0;1;1;1;0;0
73,8056;147,6675;11,2000;1,7570;0,3154;0,0000;0,7553;0,1147;0,0000;0,0000;0,3942;-0,4900;1,2700;0;0,0190;52,7100;0;1;1;1;0;0
73,8195;147,7107;11,2000;1,7523;0,3153;0,0000;0,7556;0,1147;0,0000;0,0000;0,3942;-0,4900;1,2700;0;0,0190;52,6300;0;1;1;1;0;0
73,8334;147,7539;11,2000;1,7484;0,3153;0,0000;0,7559;0,1147;0,0000;0,0000;0,3941;-0,4800;1,2600;0;0,0190;52,5500;0;1;1;1;0;0
73,8473;147,7971;11,2000;1,7446;0,3153;0,0000;0,7561;0,1147;0,0000;0,0000;0,3942;-0,4800;1,2600;0;0,0191;52,4800;0;1;1;1;0;0
73,8612;147,8403;11,2000;1,7393;0,3154;0,0000;0,7563;0,1147;0,0000;0,0000;0,3942;-0,4800;1,2600;0;0,0191;52,4000;0;1;1;1;0;0
73,8750;148,0942;11,2000;1,7316;0,3162;0,0000;0,7565;0,1147;0,0000;0,0000;0,3952;-0,7100;1,0200;0;0,0192;51,9500;0;1;1;1;0;0
73,8889;148,0942;11,2000;1,7238;0,3162;0,0000;0,7567;0,1147;0,0000;0,0000;0,3952;-0,6600;1,0600;0;0,0192;51,9500;0;1;1;1;0;0
73,9028;148,0942;11,2000;1,7158;0,3161;0,0000;0,7570;0,1147;0,0000;0,0000;0,3952;-0,6100;1,1100;0;0,0192;51,9500;0;1;1;1;0;0
73,9167;148,0942;11,2000;1,7083;0,3162;0,0000;0,7574;0,1147;0,0000;0,0000;0,3952;-0,5600;1,1500;0;0,0192;51,9500;0;1;1;1;0;0
73,9306;148,0942;11,2000;1,7033;0,3162;0,0000;0,7577;0,1147;0,0000;0,0000;0,3953;-0,5100;1,1900;0;0,0192;51,9500;0;1;1;1;0;0
73,9445;148,1030;11,7000;1,7023;0,3163;0,0000;0,7580;0,1147;0,0000;0,0000;0,3954;-0,4700;1,2300;0;0,0193;51,9400;0;1;1;1;0;0
73,9584;148,1482;11,7000;1,7035;0,3163;0,0000;0,7583;0,1147;0,0000;0,0000;0,3953;-0,4700;1,2300;0;0,0193;51,8500;0;1;1;1;0;0
73,9723;148,1933;11,7000;1,7086;0,3163;0,0000;0,7586;0,1147;0,0000;0,0000;0,3953;-0,4600;1,2400;0;0,0193;51,7700;0;1;1;1;0;0
73,9862;148,2384;11,7000;1,7154;0,3163;0,0000;0,7588;0,1147;0,0000;0,0000;0,3954;-0,4600;1,2500;0;0,0193;51,6800;0;1;1;1;0;0
74,0000;148,2836;11,7000;1,7239;0,3164;0,0000;0,7591;0,1147;0,0000;0,0000;0,3955;-0,4600;1,2600;0;0,0194;51,6000;0;1;1;1;0;0
74,0139;148,5500;11,7000;1,7297;0,3173;0,0000;0,7593;0,1147;0,0000;0,0000;0,3966;-0,7000;1,0200;0;0,0196;51,1100;0;1;1;1;0;0
74,0278;148,5500;11,7000;1,7380;0,3173;0,0000;0,7595;0,1147;0,0000;0,0000;0,3966;-0,6500;1,0900;0;0,0196;51,1100;0;1;1;1;0;0
74,0417;148,5500;11,7000;1,7490;0,3173;0,0000;0,7599;0,1147;0,0000;0,0000;0,3966;-0,6000;1,1500;0;0,0196;51,1100;0;1;1;1;0;0
74,0556;148,5500;11,7000;1,7572;0,3174;0,0000;0,7603;0,1147;0,0000;0,0000;0,3967;-0,5500;1,2100;0;0,0196;51,1100;0;1;1;1;0;0
74,0695;148,5500;11,7000;1,7664;0,3175;0,0000;0,7607;0,1147;0,0000;0,0000;0,3969;-0,4900;1,2700;0;0,0196;51,1100;0;1;1;1;0;0
74,0834;148,5580;11,7000;1,7780;0,3176;0,0000;0,7611;0,1147;0,0000;0,0000;0,3970;-0,4500;1,3300;0;0,0196;51,0900;0;1;1;1;0;0
74,0973;148,6031;11,7000;1,7938;0,3176;0,0000;0,7615;0,1147;0,0000;0,0000;0,3970;-0,4400;1,3500;0;0,0196;51,0100;0;1;1;1;0;0
74,1112;148,6483;11,7000;1,8162;0,3177;0,0000;0,7619;0,1147;0,0000;0,0000;0,3971;-0,4400;1,3700;0;0,0196;50,9200;0;1;1;1;0;0
74,1250;148,6934;11,7000;1,8351;0,3178;0,0000;0,7623;0,1147;0,0000;0,0000;0,3972;-0,4400;1,4000;0;0,0197;50,8300;0;1;1;1;0;0
74,1389;148,7386;11,7000;1,8465;0,3179;0,0000;0,7626;0,1147;0,0000;0,0000;0,3974;-0,4300;1,4100;0;0,0197;50,7400;0;1;1;1;0;0
74,1528;149,0056;11,7000;1,8599;0,3189;0,0000;0,7630;0,1147;0,0000;0,0000;0,3986;-0,6800;1,1800;0;0,0199;50,2300;0;1;1;1;0;0
74,1667;149,0056;11,7000;1,8851;0,3189;0,0000;0,7634;0,1147;0,0000;0,0000;0,3987;-0,6200;1,2700;0;0,0199;50,2300;0;1;1;1;0;0
74,1806;149,0056;11,7000;1,9135;0,3190;0,0000;0,7639;0,1147;0,0000;0,0000;0,3988;-0,5600;1,3500;0;0,0199;50,2300;0;1;1;1;0;0
74,1945;149,0056;11,7000;1,9324;0,3191;0,0000;0,7644;0,1147;0,0000;0,0000;0,3989;-0,5000;1,4300;0;0,0199;50,2300;0;1;1;1;0;0
74,2084;149,0056;11,7000;1,9682;0,3193;0,0000;0,7650;0,1147;0,0000;0,0000;0,3991;-0,4400;1,5300;0;0,0199;50,2300;0;1;1;1;0;0
74,2223;149,0130;11,7000;2,0184;0,3195;0,0000;0,7656;0,1147;0,0000;0,0000;0,3993;-0,3900;1,6300;0;0,0199;50,2200;0;1;1;1;0;0
74,2362;149,0582;11,7000;2,0554;0,3196;0,0000;0,7661;0,1147;0,0000;0,0000;0,3995;-0,3800;1,6700;0;0,0200;50,1200;0;1;1;1;0;0
74,2500;149,1033;11,7000;2,0997;0,3197;0,0000;0,7667;0,1147;0,0000;0,0000;0,3997;-0,3700;1,7300;0;0,0200;50,0300;0;1;1;1;0;0
74,2639;149,1485;11,7000;2,1509;0,3199;0,0000;0,7672;0,1147;0,0000;0,0000;0,3999;-0,3500;1,7900;0;0,0200;49,9400;0;1;1;1;0;0
74,2778;149,1936;11,7000;2,1811;0,3202;0,0000;0,7678;0,1147;0,0000;0,0000;0,4002;-0,3400;1,8400;0;0,0201;49,8500;0;1;1;1;0;0
74,2917;149,4613;11,7000;2,2092;0,3213;0,0000;0,7683;0,1147;0,0000;0,0000;0,4016;-0,5800;1,6300;0;0,0203;49,3200;0;1;1;1;0;0
74,3056;149,4613;11,7000;2,2394;0,3215;0,0000;0,7689;0,1147;0,0000;0,0000;0,4018;-0,5100;1,7200;0;0,0203;49,3200;0;1;1;1;0;0
74,3195;149,4613;11,7000;2,2458;0,3217;0,0000;0,7697;0,1147;0,0000;0,0000;0,4021;-0,4500;1,8000;0;0,0203;49,3200;0;1;1;1;0;0
74,3334;149,4613;11,7000;2,2483;0,3219;0,0000;0,7705;0,1147;0,0000;0,0000;0,4024;-0,3800;1,8700;0;0,0203;49,3200;0;1;1;1;0;0
74,3473;149,4613;11,7000;2,2351;0,3222;0,0000;0,7713;0,1147;0,0000;0,0000;0,4028;-0,3100;1,9200;0;0,0203;49,3200;0;1;1;1;0;0
74,3612;149,4682;11,7000;2,2068;0,3226;0,0000;0,7722;0,1147;0,0000;0,0000;0,4032;-0,2500;1,9500;0;0,0203;49,3100;0;1;1;1;0;0
74,3750;149,5133;11,7000;2,1794;0,3228;0,0000;0,7731;0,1147;0,0000;0,0000;0,4035;-0,2400;1,9400;0;0,0203;49,2100;0;1;1;1;0;0
74,3889;149,5585;11,7000;2,1338;0,3230;0,0000;0,7740;0,1147;0,0000;0,0000;0,4038;-0,2300;1,9000;0;0,0204;49,1200;0;1;1;1;0;0
74,4028;149,6036;11,7000;2,0923;0,3233;0,0000;0,7748;0,1147;0,0000;0,0000;0,4041;-0,2200;1,8700;0;0,0204;49,0200;0;1;1;1;0;0
74,4167;149,6487;11,7000;2,0406;0,3236;0,0000;0,7757;0,1147;0,0000;0,0000;0,4045;-0,2100;1,8300;0;0,0204;48,9300;0;1;1;1;0;0
74,4306;149,9171;11,7000;1,9922;0,3247;0,0000;0,7765;0,1147;0,0000;0,0000;0,4059;-0,4700;1,5200;0;0,0207;48,3700;0;1;1;1;0;0
74,4445;149,9171;11,4000;1,9539;0,3249;0,0000;0,7775;0,1147;0,0000;0,0000;0,4061;-0,4100;1,5400;0;0,0207;48,3700;0;1;1;1;0;0
74,4584;149,9171;11,4000;1,9228;0,3251;0,0000;0,7785;0,1147;0,0000;0,0000;0,4064;-0,3500;1,5700;0;0,0207;48,3700;0;1;1;1;0;0
74,4723;149,9171;11,4000;1,8944;0,3254;0,0000;0,7796;0,1147;0,0000;0,0000;0,4067;-0,3000;1,6000;0;0,0207;48,3700;0;1;1;1;0;0
74,4862;149,9171;11,4000;1,8653;0,3256;0,0000;0,7806;0,1147;0,0000;0,0000;0,4070;-0,2400;1,6200;0;0,0207;48,3700;0;1;1;1;0;0
74,5000;149,9188;11,4000;1,8320;0,3259;0,0000;0,7816;0,1147;0,0000;0,0000;0,4074;-0,1900;1,6400;0;0,0207;48,3700;0;1;1;1;0;0
74,5139;149,9628;11,4000;1,8055;0,3261;0,0000;0,7827;0,1147;0,0000;0,0000;0,4076;-0,1900;1,6100;0;0,0207;48,2800;0;1;1;1;0;0
74,5278;150,0068;11,4000;1,7823;0,3263;0,0000;0,7836;0,1147;0,0000;0,0000;0,4078;-0,1900;1,5900;0;0,0208;48,1800;0;1;1;1;0;0
74,5417;150,0508;11,4000;1,7573;0,3265;0,0000;0,7846;0,1147;0,0000;0,0000;0,4081;-0,1900;1,5600;0;0,0208;48,0800;0;1;1;1;0;0
74,5556;150,0947;11,4000;1,7392;0,3267;0,0000;0,7854;0,1147;0,0000;0,0000;0,4084;-0,1900;1,5400;0;0,0208;47,9900;0;1;1;5;0;0
74,5695;150,1387;11,4000;1,7124;0,3270;0,0000;0,7863;0,1147;0,0000;0,0000;0,4087;-0,2000;1,5200;0;0,0209;47,9000;0;1;1;5;0;0
74,5834;150,3727;11,4000;1,6794;0,3280;0,0000;0,7871;0,1147;0,0000;0,0000;0,4100;-0,4300;1,2500;0;0,0211;47,4000;0;1;1;5;0;0
74,5973;150,3727;11,4000;1,6534;0,3282;0,0000;0,7879;0,1147;0,0000;0,0000;0,4102;-0,3800;1,2800;0;0,0211;47,4000;0;1;1;5;0;0
74,6112;150,3727;11,4000;1,6308;0,3283;0,0000;0,7889;0,1147;0,0000;0,0000;0,4104;-0,3300;1,3000;0;0,0211;47,4000;0;1;1;5;0;0
74,6250;150,3727;11,4000;1,6156;0,3285;0,0000;0,7898;0,1147;0,0000;0,0000;0,4107;-0,2800;1,3400;0;0,0211;47,4000;0;1;1;5;0;0
74,6389;150,3727;11,4000;1,6079;0,3288;0,0000;0,7908;0,1147;0,0000;0,0000;0,4110;-0,2300;1,3800;0;0,0211;47,4000;0;1;1;5;0;0
74,6528;150,4066;11,4000;1,6003;0,3289;0,0000;0,7917;0,1147;0,0000;0,0000;0,4111;-0,2300;1,3700;0;0,0211;47,3200;0;1;1;5;0;0
74,6667;150,4505;11,4000;1,5927;0,3290;0,0000;0,7926;0,1147;0,0000;0,0000;0,4113;-0,2300;1,3600;0;0,0212;47,2200;0;1;1;5;0;0
74,6806;150,4945;11,2000;1,5912;0,3292;0,0000;0,7934;0,1147;0,0000;0,0000;0,4115;-0,2400;1,3500;0;0,0212;47,1300;0;1;1;5;0;0
74,6945;150,5377;11,2000;1,5927;0,3293;0,0000;0,7942;0,1147;0,0000;0,0000;0,4117;-0,2500;1,3400;0;0,0213;47,0300;0;1;1;5;0;0
74,7084;150,5809;11,2000;1,6050;0,3295;0,0000;0,7949;0,1147;0,0000;0,0000;0,4119;-0,2500;1,3500;0;0,0213;46,9300;0;1;1;5;0;0
74,7223;150,8284;11,2000;1,6214;0,3306;0,0000;0,7956;0,1147;0,0000;0,0000;0,4132;-0,5100;1,1100;0;0,0216;46,3900;0;1;1;5;0;0
74,7362;150,8284;11,2000;1,6393;0,3307;0,0000;0,7963;0,1147;0,0000;0,0000;0,4133;-0,4600;1,1800;0;0,0216;46,3900;0;1;1;5;0;0
74,7500;150,8284;11,2000;1,6613;0,3308;0,0000;0,7971;0,1147;0,0000;0,0000;0,4135;-0,4100;1,2500;0;0,0216;46,3900;0;1;1;5;0;0
74,7639;150,8284;11,2000;1,6656;0,3310;0,0000;0,7979;0,1147;0,0000;0,0000;0,4137;-0,3600;1,3000;0;0,0216;46,3900;0;1;1;5;0;0
74,7778;150,8284;11,2000;1,7120;0,3312;0,0000;0,7987;0,1147;0,0000;0,0000;0,4140;-0,3100;1,4000;0;0,0216;46,3900;0;1;1;5;0;0
74,7917;150,8443;11,2000;1,7299;0,3314;0,0000;0,7995;0,1147;0,0000;0,0000;0,4142;-0,2800;1,4500;0;0,0216;46,3600;0;1;1;5;0;0
74,8056;150,8875;11,2000;1,7632;0,3315;0,0000;0,8003;0,1147;0,0000;0,0000;0,4143;-0,2800;1,4800;0;0,0216;46,2600;0;1;1;5;0;0
74,8195;150,9307;11,2000;1,7905;0,3316;0,0000;0,8010;0,1147;0,0000;0,0000;0,4145;-0,2900;1,5000;0;0,0217;46,1600;0;1;1;5;0;0
74,8334;150,9739;11,2000;1,8050;0,3318;0,0000;0,8017;0,1147;0,0000;0,0000;0,4147;-0,2900;1,5200;0;0,0217;46,0600;0;1;1;5;0;0
74,8473;151,0171;11,2000;1,8430;0,3320;0,0000;0,8023;0,1147;0,0000;0,0000;0,4150;-0,2900;1,5500;0;0,0218;45,9600;0;1;1;5;0;0
74,8612;151,2840;11,2000;1,8758;0,3331;0,0000;0,8029;0,1147;0,0000;0,0000;0,4164;-0,5700;1,3100;0;0,0220;45,3600;0;1;1;5;0;0
74,8750;151,2840;11,2000;1,8926;0,3332;0,0000;0,8036;0,1147;0,0000;0,0000;0,4165;-0,5100;1,3800;0;0,0220;45,3600;0;1;1;5;0;0
74,8889;151,2840;11,2000;1,8959;0,3334;0,0000;0,8044;0,1147;0,0000;0,0000;0,4167;-0,4600;1,4400;0;0,0220;45,3600;0;1;1;5;0;0
74,9028;151,2840;11,2000;1,9370;0,3336;0,0000;0,8052;0,1147;0,0000;0,0000;0,4170;-0,4000;1,5400;0;0,0220;45,3600;0;1;1;5;0;0
74,9167;151,2840;11,2000;1,9520;0,3338;0,0000;0,8060;0,1147;0,0000;0,0000;0,4173;-0,3400;1,6100;0;0,0220;45,3600;0;1;1;5;0;0
74,9306;151,2840;11,2000;1,9652;0,3341;0,0000;0,8068;0,1147;0,0000;0,0000;0,4176;-0,2900;1,6800;0;0,0220;45,3600;0;1;1;5;0;0
74,9445;151,3238;11,2000;1,9816;0,3342;0,0000;0,8076;0,1147;0,0000;0,0000;0,4178;-0,2800;1,7000;0;0,0221;45,2600;0;1;1;5;0;0
74,9584;151,3670;11,2000;1,9899;0,3344;0,0000;0,8084;0,1147;0,0000;0,0000;0,4180;-0,2800;1,7100;0;0,0221;45,1600;0;1;1;5;0;0
74,9723;151,4102;11,2000;1,9900;0,3346;0,0000;0,8091;0,1147;0,0000;0,0000;0,4183;-0,2700;1,7100;0;0,0222;45,0600;0;1;1;5;0;0
74,9862;151,4534;11,2000;1,9908;0,3349;0,0000;0,8099;0,1147;0,0000;0,0000;0,4186;-0,2700;1,7200;0;0,0222;44,9600;0;1;1;5;0;0
75,0000;151,4967;11,2000;1,9909;0,3352;0,0000;0,8106;0,1147;0,0000;0,0000;0,4189;-0,2700;1,7200;0;0,0223;44,8600;0;1;1;5;0;0
75,0139;151,7398;11,2000;1,9885;0,3363;0,0000;0,8112;0,1147;0,0000;0,0000;0,4203;-0,5200;1,4700;0;0,0226;44,3000;0;1;1;5;0;0
75,0278;151,7398;11,2000;1,9904;0,3365;0,0000;0,8120;0,1147;0,0000;0,0000;0,4206;-0,4600;1,5300;0;0,0226;44,3000;0;1;1;5;0;0
75,0417;151,7398;11,2000;1,9980;0,3367;0,0000;0,8129;0,1147;0,0000;0,0000;0,4208;-0,4100;1,5900;0;0,0226;44,3000;0;1;1;5;0;0
75,0556;151,7398;11,2000;1,9963;0,3369;0,0000;0,8138;0,1147;0,0000;0,0000;0,4211;-0,3500;1,6500;0;0,0226;44,3000;0;1;1;5;0;0
75,0695;151,7398;11,2000;1,9971;0,3372;0,0000;0,8147;0,1147;0,0000;0,0000;0,4215;-0,2900;1,7100;0;0,0226;44,3000;0;1;1;5;0;0
75,0834;151,7603;11,2000;1,9973;0,3374;0,0000;0,8156;0,1147;0,0000;0,0000;0,4218;-0,2600;1,7400;0;0,0226;44,2500;0;1;1;5;0;0
75,0973;151,8035;11,2000;1,9952;0,3376;0,0000;0,8165;0,1147;0,0000;0,0000;0,4220;-0,2600;1,7400;0;0,0227;44,1400;0;1;1;5;0;0
75,1112;151,8467;11,2000;1,9769;0,3378;0,0000;0,8174;0,1147;0,0000;0,0000;0,4223;-0,2600;1,7200;0;0,0227;44,0400;0;1;1;5;0;0
75,1250;151,8899;11,2000;1,9548;0,3380;0,0000;0,8183;0,1147;0,0000;0,0000;0,4225;-0,2600;1,7000;0;0,0228;43,9300;0;1;1;5;0;0
75,1389;151,9331;11,2000;1,9277;0,3383;0,0000;0,8191;0,1147;0,0000;0,0000;0,4228;-0,2600;1,6700;0;0,0228;43,8300;0;1;1;5;0;0
75,1528;152,1954;11,2000;1,8999;0,3395;0,0000;0,8198;0,1147;0,0000;0,0000;0,4243;-0,5400;1,3600;0;0,0231;43,2100;0;1;1;5;0;0
75,1667;152,1954;11,2000;1,8662;0,3396;0,0000;0,8207;0,1147;0,0000;0,0000;0,4245;-0,4900;1,3800;0;0,0231;43,2100;0;1;1;5;0;0
75,1806;152,1954;11,2000;1,8278;0,3398;0,0000;0,8216;0,1147;0,0000;0,0000;0,4247;-0,4400;1,3900;0;0,0231;43,2100;0;1;1;5;0;0
75,1945;152,1954;11,2000;1,7871;0,3399;0,0000;0,8226;0,1147;0,0000;0,0000;0,4249;-0,3800;1,4000;0;0,0231;43,2100;0;1;1;5;0;0
75,2084;152,1954;11,2000;1,7790;0,3401;0,0000;0,8235;0,1147;0,0000;0,0000;0,4252;-0,3300;1,4500;0;0,0231;43,2100;0;1;1;5;0;0
75,2223;152,1969;11,2000;1,7084;0,3404;0,0000;0,8244;0,1147;0,0000;0,0000;0,4254;-0,2900;1,4200;0;0,0231;43,2100;0;1;1;5;0;0
75,2362;152,2401;11,2000;1,6285;0,3404;0,0000;0,8253;0,1147;0,0000;0,0000;0,4255;-0,3000;1,3300;0;0,0232;43,1000;0;1;1;5;0;0
75,2500;152,2833;11,2000;1,5646;0,3405;0,0000;0,8261;0,1147;0,0000;0,0000;0,4256;-0,3100;1,2500;0;0,0233;42,9900;0;1;1;5;0;0
75,2639;152,3265;11,2000;1,4798;0,3405;0,0000;0,8268;0,1147;0,0000;0,0000;0,4257;-0,3200;1,1600;0;0,0233;42,8900;0;1;1;5;0;0
75,2778;152,3697;11,2000;1,4358;0,3406;0,0000;0,8275;0,1147;0,0000;0,0000;0,4258;-0,3400;1,1000;0;0,0234;42,7800;0;1;1;5;0;0
75,2917;152,4129;11,2000;1,3820;0,3407;0,0000;0,8281;0,1147;0,0000;0,0000;0,4259;-0,3600;1,0200;0;0,0234;42,6700;0;1;1;5;0;0
75,3056;152,6511;11,2000;1,3270;0,3417;0,0000;0,8287;0,1147;0,0000;0,0000;0,4271;-0,6400;0,6900;0;0,0238;42,1000;0;1;1;5;0;0
75,3195;152,6511;11,2000;1,3160;0,3416;0,0000;0,8292;0,1147;0,0000;0,0000;0,4270;-0,6000;0,7200;0;0,0238;42,1000;0;1;1;5;0;0
75,3334;152,6511;11,2000;1,2859;0,3416;0,0000;0,8299;0,1147;0,0000;0,0000;0,4270;-0,5600;0,7200;0;0,0238;42,1000;0;1;1;5;0;0
75,3473;152,6511;11,2000;1,2304;0,3415;0,0000;0,8305;0,1147;0,0000;0,0000;0,4269;-0,5300;0,7000;0;0,0238;42,1000;0;1;1;5;0;0
75,3612;152,6511;11,2000;1,2004;0,3415;0,0000;0,8310;0,1147;0,0000;0,0000;0,4269;-0,4900;0,7100;0;0,0238;42,1000;0;1;1;5;0;0
75,3750;152,6768;11,2000;1,1712;0,3414;0,0000;0,8315;0,1147;0,0000;0,0000;0,4268;-0,4900;0,6800;0;0,0238;42,0400;0;1;1;5;0;0
75,3889;152,7200;11,2000;1,1409;0,3412;0,0000;0,8319;0,1147;0,0000;0,0000;0,4265;-0,5200;0,6200;0;0,0239;41,9300;0;1;1;5;0;0
75,4028;152,7632;11,2000;1,1349;0,3411;0,0000;0,8322;0,1147;0,0000;0,0000;0,4264;-0,5400;0,5900;0;0,0239;41,8200;0;1;1;5;0;0
75,4167;152,8064;11,2000;1,1254;0,3409;0,0000;0,8325;0,1147;0,0000;0,0000;0,4262;-0,5700;0,5500;0;0,0240;41,7100;0;1;1;5;0;0
75,4306;152,8497;11,2000;1,1225;0,3408;0,0000;0,8326;0,1147;0,0000;0,0000;0,4260;-0,6000;0,5200;0;0,0240;41,6000;0;1;1;5;0;0
75,4445;153,1069;11,2000;1,1468;0,3416;0,0000;0,8326;0,1147;0,0000;0,0000;0,4271;-0,9200;0,2300;0;0,0244;40,9700;0;1;1;5;0;0
75,4584;153,1069;11,2000;1,1803;0,3414;0,0000;0,8327;0,1147;0,0000;0,0000;0,4267;-0,8800;0,3000;0;0,0244;40,9700;0;1;1;5;0;0
75,4723;153,1069;11,2000;1,2165;0,3411;0,0000;0,8328;0,1147;0,0000;0,0000;0,4264;-0,8500;0,3700;0;0,0244;40,9700;0;1;1;5;0;0
75,4862;153,1069;11,2000;1,2512;0,3409;0,0000;0,8328;0,1147;0,0000;0,0000;0,4262;-0,8100;0,4400;0;0,0244;40,9700;0;1;1;5;0;0
75,5000;153,1069;11,2000;1,2526;0,3408;0,0000;0,8328;0,1147;0,0000;0,0000;0,4259;-0,7800;0,4800;0;0,0244;40,9700;0;1;1;5;0;0
75,5139;153,1137;11,2000;1,2803;0,3406;0,0000;0,8328;0,1147;0,0000;0,0000;0,4257;-0,7500;0,5300;0;0,0244;40,9500;0;1;1;5;0;0
75,5278;153,1569;11,2000;1,2859;0,3403;0,0000;0,8326;0,1147;0,0000;0,0000;0,4253;-0,7700;0,5100;0;0,0245;40,8400;0;1;1;5;0;0
75,5417;153,2001;11,2000;1,3017;0,3400;0,0000;0,8325;0,1147;0,0000;0,0000;0,4250;-0,8000;0,5000;0;0,0246;40,7300;0;1;1;5;0;0
75,5556;153,2433;11,2000;1,3277;0,3397;0,0000;0,8322;0,1147;0,0000;0,0000;0,4246;-0,8200;0,5100;0;0,0246;40,6200;0;1;1;5;0;0
75,5695;153,2865;11,2000;1,3835;0,3395;0,0000;0,8319;0,1147;0,0000;0,0000;0,4244;-0,8400;0,5400;0;0,0247;40,5100;0;1;1;0;0;0
75,5834;153,3297;11,2000;1,4263;0,3393;0,0000;0,8315;0,1147;0,0000;0,0000;0,4241;-0,8600;0,5700;0;0,0248;40,4000;0;1;1;0;0;0
75,5973;153,5623;11,2000;1,4385;0,3400;0,0000;0,8311;0,1147;0,0000;0,0000;0,4250;-1,1500;0,2900;0;0,0251;39,8200;0;1;1;0;0;0
75,6112;153,5623;11,2000;1,4631;0,3396;0,0000;0,8307;0,1147;0,0000;0,0000;0,4245;-1,1000;0,3600;0;0,0251;39,8200;0;1;1;0;0;0
75,6250;153,5623;11,2000;1,4692;0,3393;0,0000;0,8304;0,1147;0,0000;0,0000;0,4242;-1,0600;0,4100;0;0,0251;39,8200;0;1;1;0;0;0
75,6389;153,5623;11,2000;1,4704;0,3390;0,0000;0,8300;0,1147;0,0000;0,0000;0,4238;-1,0200;0,4500;0;0,0251;39,8200;0;1;1;0;0;0
75,6528;153,5623;11,2000;1,4873;0,3388;0,0000;0,8297;0,1147;0,0000;0,0000;0,4235;-0,9800;0,5100;0;0,0251;39,8200;0;1;1;0;0;0
75,6667;153,5938;11,2000;1,5197;0,3384;0,0000;0,8293;0,1147;0,0000;0,0000;0,4230;-0,9800;0,5400;0;0,0252;39,7400;0;1;1;0;0;0
75,6806;153,6370;11,4000;1,5328;0,3381;0,0000;0,8289;0,1147;0,0000;0,0000;0,4226;-0,9900;0,5400;0;0,0252;39,6200;0;1;1;0;0;0
75,6945;153,6810;11,4000;1,5358;0,3377;0,0000;0,8284;0,1147;0,0000;0,0000;0,4221;-1,0100;0,5200;0;0,0253;39,5100;0;1;1;0;0;0
75,7084;153,7250;11,4000;1,5465;0,3373;0,0000;0,8278;0,1147;0,0000;0,0000;0,4217;-1,0300;0,5100;0;0,0254;39,3900;0;1;1;0;0;0
75,7223;153,7690;11,4000;1,5486;0,3370;0,0000;0,8272;0,1147;0,0000;0,0000;0,4213;-1,0500;0,4900;0;0,0255;39,2800;0;1;1;0;0;0
75,7362;154,0184;11,4000;1,5558;0,3377;0,0000;0,8265;0,1147;0,0000;0,0000;0,4221;-1,3700;0,1900;0;0,0259;38,6500;0;1;1;0;0;0
75,7500;154,0184;11,4000;1,5638;0,3372;0,0000;0,8258;0,1147;0,0000;0,0000;0,4215;-1,3200;0,2400;0;0,0259;38,6500;0;1;1;0;0;0
75,7639;154,0184;11,4000;1,5634;0,3368;0,0000;0,8252;0,1147;0,0000;0,0000;0,4210;-1,2800;0,2900;0;0,0259;38,6500;0;1;1;0;0;0
75,7778;154,0184;11,4000;1,5662;0,3364;0,0000;0,8247;0,1147;0,0000;0,0000;0,4205;-1,2300;0,3400;0;0,0259;38,6500;0;1;1;0;0;0
75,7917;154,0184;11,4000;1,5656;0,3361;0,0000;0,8241;0,1147;0,0000;0,0000;0,4201;-1,1800;0,3800;0;0,0259;38,6500;0;1;1;0;0;0
75,8056;154,0378;11,4000;1,5669;0,3356;0,0000;0,8234;0,1147;0,0000;0,0000;0,4195;-1,1700;0,4000;0;0,0259;38,6000;0;1;1;0;0;0
75,8195;154,0818;11,4000;1,5692;0,3351;0,0000;0,8227;0,1147;0,0000;0,0000;0,4189;-1,1900;0,3800;0;0,0260;38,4800;0;1;1;0;0;0
75,8334;154,1258;11,4000;1,5733;0,3346;0,0000;0,8219;0,1147;0,0000;0,0000;0,4183;-1,2100;0,3600;0;0,0261;38,3600;0;1;1;0;0;0
75,8473;154,1698;11,4000;1,5741;0,3342;0,0000;0,8211;0,1147;0,0000;0,0000;0,4177;-1,2300;0,3500;0;0,0261;38,2500;0;1;1;0;0;0
75,8612;154,2137;11,4000;1,5786;0,3338;0,0000;0,8202;0,1147;0,0000;0,0000;0,4172;-1,2500;0,3300;0;0,0262;38,1300;0;1;1;0;0;0
75,8750;154,4734;11,4000;1,5792;0,3344;0,0000;0,8192;0,1147;0,0000;0,0000;0,4180;-1,5900;0,0000;0;0,0267;37,4700;0;1;1;0;0;0
75,8889;154,4734;11,4000;1,6045;0,3338;0,0000;0,8183;0,1147;0,0000;0,0000;0,4173;-1,5400;0,0600;0;0,0267;37,4700;0;1;1;0;0;0
75,9028;154,4734;11,4000;1,6140;0,3333;0,0000;0,8174;0,1147;0,0000;0,0000;0,4166;-1,4900;0,1200;0;0,0267;37,4700;0;1;1;0;0;0
75,9167;154,4734;11,4000;1,6245;0,3328;0,0000;0,8166;0,1147;0,0000;0,0000;0,4159;-1,4500;0,1800;0;0,0267;37,4700;0;1;1;0;0;0
75,9306;154,4734;11,4000;1,6366;0,3323;0,0000;0,8157;0,1147;0,0000;0,0000;0,4154;-1,4000;0,2400;0;0,0267;37,4700;0;1;1;0;0;0
75,9445;154,4826;11,4000;1,6664;0,3318;0,0000;0,8147;0,1147;0,0000;0,0000;0,4147;-1,3600;0,3000;0;0,0267;37,4800;0;1;1;0;0;0
75,9584;154,5266;11,4000;1,6724;0,3312;0,0000;0,8137;0,1147;0,0000;0,0000;0,4140;-1,3800;0,2900;0;0,0266;37,5200;0;1;1;0;0;0
75,9723;154,5706;11,4000;1,6816;0,3306;0,0000;0,8126;0,1147;0,0000;0,0000;0,4132;-1,4000;0,2800;0;0,0266;37,5700;0;1;1;0;0;0
75,9862;154,6146;11,4000;1,7614;0,3301;0,0000;0,8115;0,1147;0,0000;0,0000;0,4126;-1,4100;0,3500;0;0,0266;37,6200;0;1;1;0;0;0
76,0000;154,6586;11,4000;1,8247;0,3295;0,0000;0,8103;0,1147;0,0000;0,0000;0,4119;-1,4300;0,4000;0;0,0265;37,6700;0;1;1;0;0;0
76,0139;154,9264;11,4000;1,9259;0,3302;0,0000;0,8090;0,1147;0,0000;0,0000;0,4127;-1,7800;0,1500;0;0,0263;37,9700;0;1;1;0;0;0
76,0278;154,9264;11,4000;1,9954;0,3296;0,0000;0,8078;0,1147;0,0000;0,0000;0,4119;-1,7200;0,2700;0;0,0263;37,9700;0;1;1;0;0;0
76,0417;154,9264;11,4000;2,0093;0,3290;0,0000;0,8066;0,1147;0,0000;0,0000;0,4112;-1,6600;0,3500;0;0,0263;37,9700;0;1;1;0;0;0
76,0556;154,9264;11,4000;2,0799;0,3285;0,0000;0,8055;0,1147;0,0000;0,0000;0,4106;-1,6000;0,4800;0;0,0263;37,9700;0;1;1;0;0;0
76,0695;154,9264;11,4000;2,1238;0,3280;0,0000;0,8044;0,1147;0,0000;0,0000;0,4100;-1,5400;0,5900;0;0,0263;37,9700;0;1;1;0;0;0
76,0834;154,9274;11,4000;2,1953;0,3275;0,0000;0,8033;0,1147;0,0000;0,0000;0,4094;-1,4800;0,7200;0;0,0263;37,9700;0;1;1;0;0;0
76,0973;154,9713;11,4000;2,2363;0,3269;0,0000;0,8021;0,1147;0,0000;0,0000;0,4087;-1,4800;0,7600;0;0,0263;38,0800;0;1;1;0;0;0
76,1112;155,0153;11,4000;2,2803;0,3264;0,0000;0,8009;0,1147;0,0000;0,0000;0,4080;-1,4800;0,8000;0;0,0262;38,1900;0;1;1;0;0;0
76,1250;155,0593;11,4000;2,3352;0,3259;0,0000;0,7996;0,1147;0,0000;0,0000;0,4074;-1,4700;0,8600;0;0,0261;38,3100;0;1;1;0;0;0
76,1389;155,1033;11,4000;2,3655;0,3255;0,0000;0,7983;0,1147;0,0000;0,0000;0,4068;-1,4700;0,8900;0;0,0260;38,4200;0;1;1;0;0;0
76,1528;155,1473;11,4000;2,3849;0,3251;0,0000;0,7970;0,1147;0,0000;0,0000;0,4063;-1,4700;0,9200;0;0,0260;38,5300;0;1;1;0;0;0
76,1667;155,3832;11,4000;2,3886;0,3256;0,0000;0,7957;0,1147;0,0000;0,0000;0,4070;-1,7500;0,6400;0;0,0255;39,1500;0;1;1;0;0;0
76,1806;155,3832;11,4000;2,4159;0,3251;0,0000;0,7944;0,1147;0,0000;0,0000;0,4064;-1,6800;0,7400;0;0,0255;39,1500;0;1;1;0;0;0
76,1945;155,3832;11,4000;2,4339;0,3246;0,0000;0,7933;0,1147;0,0000;0,0000;0,4058;-1,6100;0,8300;0;0,0255;39,1500;0;1;1;0;0;0
76,2084;155,3832;11,4000;2,4281;0,3242;0,0000;0,7922;0,1147;0,0000;0,0000;0,4053;-1,5300;0,8900;0;0,0255;39,1500;0;1;1;0;0;0
76,2223;155,3832;11,4000;2,4116;0,3239;0,0000;0,7911;0,1147;0,0000;0,0000;0,4048;-1,4600;0,9500;0;0,0255;39,1500;0;1;1;0;0;0
76,2362;155,4159;11,4000;2,3933;0,3234;0,0000;0,7901;0,1147;0,0000;0,0000;0,4042;-1,4400;0,9500;0;0,0255;39,2300;0;1;1;0;0;0
76,2500;155,4599;11,4000;2,3756;0,3229;0,0000;0,7890;0,1147;0,0000;0,0000;0,4036;-1,4400;0,9400;0;0,0254;39,3400;0;1;1;0;0;0
76,2639;155,5038;11,4000;2,3563;0,3224;0,0000;0,7879;0,1147;0,0000;0,0000;0,4030;-1,4300;0,9200;0;0,0253;39,4500;0;1;1;0;0;0
76,2778;155,5478;11,4000;2,3524;0,3220;0,0000;0,7868;0,1147;0,0000;0,0000;0,4025;-1,4300;0,9200;0;0,0253;39,5600;0;1;1;0;0;0
76,2917;155,5918;11,4000;2,3400;0,3216;0,0000;0,7856;0,1147;0,0000;0,0000;0,4020;-1,4200;0,9200;0;0,0252;39,6700;0;1;1;0;0;0
76,3056;155,8377;11,4000;2,3255;0,3222;0,0000;0,7844;0,1147;0,0000;0,0000;0,4027;-1,7100;0,6200;0;0,0248;40,3100;0;1;1;0;0;0
76,3195;155,8377;11,4000;2,2922;0,3217;0,0000;0,7833;0,1147;0,0000;0,0000;0,4021;-1,6400;0,6500;0;0,0248;40,3100;0;1;1;0;0;0
76,3334;155,8377;11,4000;2,2789;0,3212;0,0000;0,7823;0,1147;0,0000;0,0000;0,4015;-1,5700;0,7000;0;0,0248;40,3100;0;1;1;0;0;0
76,3473;155,8377;11,4000;2,2693;0,3207;0,0000;0,7814;0,1147;0,0000;0,0000;0,4009;-1,5100;0,7600;0;0,0248;40,3100;0;1;1;0;0;0
76,3612;155,8377;11,4000;2,2674;0,3203;0,0000;0,7804;0,1147;0,0000;0,0000;0,4004;-1,4400;0,8200;0;0,0248;40,3100;0;1;1;0;0;0
76,3750;155,8602;11,4000;2,2626;0,3199;0,0000;0,7794;0,1147;0,0000;0,0000;0,3999;-1,4100;0,8500;0;0,0248;40,3600;0;1;1;0;0;0
76,3889;155,9042;11,4000;2,2475;0,3194;0,0000;0,7784;0,1147;0,0000;0,0000;0,3993;-1,4000;0,8400;0;0,0247;40,4700;0;1;1;0;0;0
76,4028;155,9482;11,4000;2,2201;0,3190;0,0000;0,7774;0,1147;0,0000;0,0000;0,3987;-1,4000;0,8200;0;0,0246;40,5800;0;1;1;0;0;0
76,4167;155,9922;11,4000;2,2132;0,3185;0,0000;0,7763;0,1147;0,0000;0,0000;0,3982;-1,4000;0,8100;0;0,0246;40,6900;0;1;1;0;0;0
76,4306;156,0361;11,4000;2,2093;0,3182;0,0000;0,7751;0,1147;0,0000;0,0000;0,3977;-1,3900;0,8100;0;0,0245;40,8000;0;1;1;0;0;0
76,4445;156,2948;11,2000;2,2145;0,3188;0,0000;0,7739;0,1147;0,0000;0,0000;0,3985;-1,6900;0,5200;0;0,0241;41,4600;0;1;1;0;0;0
76,4584;156,2948;11,2000;2,2175;0,3183;0,0000;0,7729;0,1147;0,0000;0,0000;0,3979;-1,6300;0,5900;0;0,0241;41,4600;0;1;1;0;0;0
76,4723;156,2948;11,2000;2,2181;0,3179;0,0000;0,7719;0,1147;0,0000;0,0000;0,3973;-1,5600;0,6600;0;0,0241;41,4600;0;1;1;0;0;0
76,4862;156,2948;11,2000;2,2244;0,3174;0,0000;0,7710;0,1147;0,0000;0,0000;0,3968;-1,5000;0,7300;0;0,0241;41,4600;0;1;1;0;0;0
76,5000;156,2948;11,2000;2,2289;0,3171;0,0000;0,7700;0,1147;0,0000;0,0000;0,3964;-1,4300;0,8000;0;0,0241;41,4600;0;1;1;0;0;0
76,5139;156,3006;11,2000;2,2362;0,3167;0,0000;0,7691;0,1147;0,0000;0,0000;0,3959;-1,3800;0,8600;0;0,0241;41,4700;0;1;1;0;0;0
76,5278;156,3438;11,2000;2,2597;0,3162;0,0000;0,7682;0,1147;0,0000;0,0000;0,3953;-1,3700;0,8900;0;0,0241;41,5700;0;1;1;0;0;0
76,5417;156,3870;11,2000;2,2872;0,3158;0,0000;0,7672;0,1147;0,0000;0,0000;0,3948;-1,3600;0,9200;0;0,0240;41,6800;0;1;1;0;0;0
76,5556;156,4302;11,2000;2,3090;0,3154;0,0000;0,7661;0,1147;0,0000;0,0000;0,3943;-1,3500;0,9500;0;0,0239;41,7800;0;1;1;0;0;0
76,5695;156,4734;11,2000;2,3229;0,3151;0,0000;0,7651;0,1147;0,0000;0,0000;0,3938;-1,3500;0,9700;0;0,0239;41,8900;0;1;1;0;0;0
76,5834;156,5166;11,2000;2,3259;0,3148;0,0000;0,7640;0,1147;0,0000;0,0000;0,3935;-1,3400;0,9900;0;0,0238;42,0000;0;1;1;2;0;0
76,5973;156,7491;11,2000;2,3336;0,3153;0,0000;0,7629;0,1147;0,0000;0,0000;0,3941;-1,5900;0,7500;0;0,0235;42,5800;0;1;1;2;0;0
76,6112;156,7491;11,2000;2,3403;0,3149;0,0000;0,7619;0,1147;0,0000;0,0000;0,3936;-1,5200;0,8200;0;0,0235;42,5800;0;1;1;2;0;0
76,6250;156,7491;11,2000;2,3429;0,3145;0,0000;0,7610;0,1147;0,0000;0,0000;0,3932;-1,4500;0,8900;0;0,0235;42,5800;0;1;1;2;0;0
76,6389;156,7491;11,2000;2,3406;0,3142;0,0000;0,7601;0,1147;0,0000;0,0000;0,3927;-1,3800;0,9600;0;0,0235;42,5800;0;1;1;2;0;0
76,6528;156,7491;11,2000;2,3357;0,3139;0,0000;0,7593;0,1147;0,0000;0,0000;0,3924;-1,3200;1,0200;0;0,0235;42,5800;0;1;1;2;0;0
76,6667;156,7801;11,2000;2,3280;0,3135;0,0000;0,7584;0,1147;0,0000;0,0000;0,3919;-1,2900;1,0300;0;0,0234;42,6500;0;1;1;2;0;0
76,6806;156,8233;11,2000;2,3265;0,3131;0,0000;0,7576;0,1147;0,0000;0,0000;0,3914;-1,2800;1,0400;0;0,0234;42,7500;0;1;1;2;0;0
76,6945;156,8665;11,2000;2,3050;0,3128;0,0000;0,7567;0,1147;0,0000;0,0000;0,3910;-1,2700;1,0300;0;0,0233;42,8500;0;1;1;2;0;0
76,7084;156,9097;11,2000;2,2747;0,3125;0,0000;0,7558;0,1147;0,0000;0,0000;0,3906;-1,2600;1,0100;0;0,0233;42,9600;0;1;1;2;0;0
76,7223;156,9530;11,2000;2,2467;0,3122;0,0000;0,7549;0,1147;0,0000;0,0000;0,3902;-1,2600;0,9900;0;0,0232;43,0600;0;1;1;2;0;0
76,7362;157,2063;11,2000;2,2350;0,3128;0,0000;0,7539;0,1147;0,0000;0,0000;0,3910;-1,5300;0,7000;0;0,0229;43,6800;0;1;1;2;0;0
76,7500;157,2063;11,2000;2,2285;0,3124;0,0000;0,7530;0,1147;0,0000;0,0000;0,3905;-1,4700;0,7600;0;0,0229;43,6800;0;1;1;2;0;0
76,7639;157,2063;11,2000;2,2295;0,3120;0,0000;0,7523;0,1147;0,0000;0,0000;0,3900;-1,4000;0,8300;0;0,0229;43,6800;0;1;1;2;0;0
76,7778;157,2063;11,2000;2,2281;0,3117;0,0000;0,7515;0,1147;0,0000;0,0000;0,3896;-1,3400;0,8900;0;0,0229;43,6800;0;1;1;2;0;0
76,7917;157,2063;11,2000;2,2278;0,3114;0,0000;0,7508;0,1147;0,0000;0,0000;0,3893;-1,2700;0,9500;0;0,0229;43,6800;0;1;1;2;0;0
76,8056;157,2163;11,2000;2,2274;0,3111;0,0000;0,7501;0,1147;0,0000;0,0000;0,3889;-1,2200;1,0000;0;0,0229;43,7000;0;1;1;2;0;0
76,8195;157,2595;11,2000;2,2281;0,3108;0,0000;0,7493;0,1147;0,0000;0,0000;0,3885;-1,2100;1,0100;0;0,0228;43,8000;0;1;1;2;0;0
76,8334;157,3027;11,2000;2,2283;0,3104;0,0000;0,7486;0,1147;0,0000;0,0000;0,3880;-1,2100;1,0200;0;0,0228;43,9000;0;1;1;2;0;0
76,8473;157,3459;11,2000;2,2318;0,3101;0,0000;0,7478;0,1147;0,0000;0,0000;0,3877;-1,2000;1,0300;0;0,0227;44,0000;0;1;1;2;0;0
76,8612;157,3892;11,2000;2,2343;0,3099;0,0000;0,7469;0,1147;0,0000;0,0000;0,3873;-1,1900;1,0400;0;0,0227;44,1000;0;1;1;2;0;0
76,8750;157,4324;11,2000;2,2349;0,3097;0,0000;0,7460;0,1147;0,0000;0,0000;0,3871;-1,1800;0,7600;0;0,0226;44,2100;0;1;1;2;0;0
76,8889;157,6605;11,2000;2,2395;0,3102;0,0000;0,7452;0,1147;0,0000;0,0000;0,3878;-1,4100;0,8300;0;0,0223;44,7500;0;1;1;2;0;0
76,9028;157,6605;11,2000;2,2451;0,3099;0,0000;0,7444;0,1147;0,0000;0,0000;0,3874;-1,3500;0,9000;0;0,0223;44,7500;0;1;1;2;0;0
76,9167;157,6605;11,2000;2,2555;0,3097;0,0000;0,7437;0,1147;0,0000;0,0000;0,3871;-1,2800;0,9700;0;0,0223;44,7500;0;1;1;2;0;0
76,9306;157,6605;11,2000;2,2667;0,3094;0,0000;0,7431;0,1147;0,0000;0,0000;0,3868;-1,2200;1,0500;0;0,0223;44,7500;0;1;1;2;0;0
76,9445;157,6605;11,2000;2,2812;0,3092;0,0000;0,7425;0,1147;0,0000;0,0000;0,3865;-1,1500;1,1300;0;0,0223;44,7500;0;1;1;2;0;0
76,9584;157,6956;11,6000;2,2932;0,3090;0,0000;0,7419;0,1147;0,0000;0,0000;0,3862;-1,1200;1,1700;0;0,0223;44,8300;0;1;1;2;0;0
76,9723;157,7404;11,6000;2,2985;0,3087;0,0000;0,7413;0,1147;0,0000;0,0000;0,3859;-1,1100;1,1800;0;0,0223;44,9300;0;1;1;2;0;0
76,9862;157,7851;11,6000;2,3007;0,3085;0,0000;0,7407;0,1147;0,0000;0,0000;0,3856;-1,1000;1,2000;0;0,0222;45,0300;0;1;1;2;0;0
77,0000;157,8299;11,6000;2,3007;0,3083;0,0000;0,7401;0,1147;0,0000;0,0000;0,3853;-1,0900;1,2100;0;0,0222;45,1400;0;1;1;2;0;0
77,0139;157,8746;11,6000;2,2976;0,3081;0,0000;0,7395;0,1147;0,0000;0,0000;0,3851;-1,0800;1,2200;0;0,0221;45,2400;0;1;1;2;0;0
77,0278;158,1176;11,6000;2,2949;0,3088;0,0000;0,7388;0,1147;0,0000;0,0000;0,3860;-1,3200;0,9800;0;0,0218;45,8000;0;1;1;2;0;0
77,0417;158,1176;11,6000;2,2876;0,3085;0,0000;0,7382;0,1147;0,0000;0,0000;0,3857;-1,2500;1,0400;0;0,0218;45,8000;0;1;1;2;0;0
77,0556;158,1176;11,6000;2,2862;0,3083;0,0000;0,7378;0,1147;0,0000;0,0000;0,3854;-1,1800;1,1100;0;0,0218;45,8000;0;1;1;2;0;0
77,0695;158,1176;11,6000;2,2678;0,3082;0,0000;0,7374;0,1147;0,0000;0,0000;0,3852;-1,1100;1,1600;0;0,0218;45,8000;0;1;1;2;0;0
77,0834;158,1176;11,6000;2,2641;0,3081;0,0000;0,7370;0,1147;0,0000;0,0000;0,3851;-1,0400;1,2200;0;0,0218;45,8000;0;1;1;2;0;0
77,0973;158,1470;11,6000;2,2548;0,3078;0,0000;0,7367;0,1147;0,0000;0,0000;0,3848;-1,0100;1,2400;0;0,0218;45,8700;0;1;1;2;0;0
77,1112;158,1918;11,6000;2,2359;0,3076;0,0000;0,7363;0,1147;0,0000;0,0000;0,3845;-1,0000;1,2400;0;0,0218;45,9700;0;1;1;2;0;0
77,1250;158,2365;11,6000;2,2170;0,3074;0,0000;0,7359;0,1147;0,0000;0,0000;0,3843;-0,9900;1,2300;0;0,0217;46,0700;0;1;1;2;0;0
77,1389;158,2813;11,6000;2,2039;0,3073;0,0000;0,7355;0,1147;0,0000;0,0000;0,3841;-0,9800;1,2300;0;0,0217;46,1700;0;1;1;2;0;0
77,1528;158,3260;11,6000;2,1968;0,3072;0,0000;0,7350;0,1147;0,0000;0,0000;0,3840;-0,9600;1,2300;0;0,0216;46,2700;0;1;1;2;0;0
77,1667;158,5719;11,6000;2,1889;0,3079;0,0000;0,7346;0,1147;0,0000;0,0000;0,3849;-1,2000;0,9900;0;0,0214;46,8200;0;1;1;2;0;0
77,1806;158,5719;11,6000;2,1786;0,3077;0,0000;0,7342;0,1147;0,0000;0,0000;0,3847;-1,1400;1,0400;0;0,0214;46,8200;0;1;1;2;0;0
77,1945;158,5719;11,8000;2,1721;0,3076;0,0000;0,7340;0,1147;0,0000;0,0000;0,3845;-1,0700;1,1000;0;0,0214;46,8200;0;1;1;2;0;0
77,2084;158,5719;11,8000;2,1669;0,3074;0,0000;0,7338;0,1147;0,0000;0,0000;0,3843;-1,0000;1,1600;0;0,0214;46,8200;0;1;1;2;0;0
77,2223;158,5719;11,8000;2,1625;0,3073;0,0000;0,7336;0,1147;0,0000;0,0000;0,3842;-0,9400;1,2200;0;0,0214;46,8200;0;1;1;2;0;0
77,2362;158,6006;11,8000;2,1603;0,3072;0,0000;0,7334;0,1147;0,0000;0,0000;0,3840;-0,9100;1,2500;0;0,0213;46,8900;0;1;1;2;0;0
77,2500;158,6462;11,8000;2,1591;0,3070;0,0000;0,7332;0,1147;0,0000;0,0000;0,3838;-0,9000;1,2600;0;0,0213;46,9800;0;1;1;2;0;0
77,2639;158,6917;11,8000;2,1587;0,3069;0,0000;0,7329;0,1147;0,0000;0,0000;0,3836;-0,8900;1,2700;0;0,0212;47,0800;0;1;1;2;0;0
77,2778;158,7372;11,8000;2,1604;0,3068;0,0000;0,7327;0,1147;0,0000;0,0000;0,3835;-0,8700;1,2800;0;0,0212;47,1800;0;1;1;2;0;0
77,2917;158,7827;11,8000;2,1665;0,3067;0,0000;0,7324;0,1147;0,0000;0,0000;0,3834;-0,8600;1,3000;0;0,0212;47,2800;0;1;1;2;0;0
77,3056;159,0289;11,8000;2,1770;0,3075;0,0000;0,7321;0,1147;0,0000;0,0000;0,3844;-1,0900;1,0800;0;0,0209;47,8200;0;1;1;2;0;0
77,3195;159,0289;11,8000;2,1911;0,3074;0,0000;0,7318;0,1147;0,0000;0,0000;0,3842;-1,0300;1,1600;0;0,0209;47,8200;0;1;1;2;0;0
77,3334;159,0289;11,8000;2,2140;0,3073;0,0000;0,7317;0,1147;0,0000;0,0000;0,3841;-0,9600;1,2500;0;0,0209;47,8200;0;1;1;2;0;0
77,3473;159,0289;11,8000;2,2406;0,3072;0,0000;0,7317;0,1147;0,0000;0,0000;0,3840;-0,8900;1,3500;0;0,0209;47,8200;0;1;1;2;0;0
77,3612;159,0289;11,8000;2,2669;0,3073;0,0000;0,7317;0,1147;0,0000;0,0000;0,3841;-0,8200;1,4400;0;0,0209;47,8200;0;1;1;2;0;0
77,3750;159,0596;11,8000;2,2886;0,3072;0,0000;0,7316;0,1147;0,0000;0,0000;0,3840;-0,7900;1,5000;0;0,0209;47,8800;0;1;1;2;0;0
77,3889;159,1051;11,8000;2,3119;0,3071;0,0000;0,7316;0,1147;0,0000;0,0000;0,3839;-0,7700;1,5400;0;0,0208;47,9800;0;1;1;2;0;0
77,4028;159,1507;11,8000;2,3274;0,3071;0,0000;0,7316;0,1147;0,0000;0,0000;0,3839;-0,7500;1,5700;0;0,0208;48,0700;0;1;1;2;0;0
77,4167;159,1962;11,8000;2,3455;0,3072;0,0000;0,7316;0,1147;0,0000;0,0000;0,3839;-0,7400;1,6100;0;0,0208;48,1700;0;1;1;2;0;0
77,4306;159,2417;11,8000;2,3615;0,3072;0,0000;0,7316;0,1147;0,0000;0,0000;0,3840;-0,7200;1,6400;0;0,0207;48,2600;0;1;1;2;0;0
77,4445;159,4832;11,8000;2,3768;0,3081;0,0000;0,7315;0,1147;0,0000;0,0000;0,3851;-0,9300;1,4400;0;0,0205;48,7800;0;1;1;2;0;0
77,4584;159,4832;11,8000;2,3938;0,3081;0,0000;0,7316;0,1147;0,0000;0,0000;0,3851;-0,8600;1,5300;0;0,0205;48,7800;0;1;1;2;0;0
77,4723;159,4832;11,8000;2,4170;0,3082;0,0000;0,7318;0,1147;0,0000;0,0000;0,3852;-0,7900;1,6300;0;0,0205;48,7800;0;1;1;2;0;0
77,4862;159,4832;11,8000;2,4279;0,3083;0,0000;0,7321;0,1147;0,0000;0,0000;0,3854;-0,7100;1,7200;0;0,0205;48,7800;0;1;1;2;0;0
77,5000;159,4832;11,8000;2,4387;0,3085;0,0000;0,7324;0,1147;0,0000;0,0000;0,3856;-0,6400;1,8000;0;0,0205;48,7800;0;1;1;2;0;0
77,5139;159,5185;11,8000;2,4492;0,3086;0,0000;0,7328;0,1147;0,0000;0,0000;0,3857;-0,6000;1,8400;0;0,0205;48,8500;0;1;1;2;0;0
77,5278;159,5640;11,8000;2,4574;0,3086;0,0000;0,7332;0,1147;0,0000;0,0000;0,3858;-0,5800;1,8700;0;0,0204;48,9400;0;1;1;2;0;0
77,5417;159,6096;11,8000;2,4649;0,3088;0,0000;0,7336;0,1147;0,0000;0,0000;0,3860;-0,5600;1,9000;0;0,0204;49,0300;0;1;1;2;0;0
77,5556;159,6551;11,8000;2,4697;0,3090;0,0000;0,7340;0,1147;0,0000;0,0000;0,3863;-0,5400;1,9300;0;0,0204;49,1300;0;1;1;2;0;0
77,5695;159,7006;11,8000;2,4718;0,3093;0,0000;0,7344;0,1147;0,0000;0,0000;0,3866;-0,5100;1,9600;0;0,0203;49,2200;0;1;1;2;0;0
77,5834;159,9401;11,8000;2,4677;0,3103;0,0000;0,7348;0,1147;0,0000;0,0000;0,3878;-0,7200;1,7500;0;0,0201;49,7100;0;1;1;2;0;0
77,5973;159,9401;11,8000;2,4608;0,3104;0,0000;0,7353;0,1147;0,0000;0,0000;0,3881;-0,6400;1,8200;0;0,0201;49,7100;0;1;1;5;0;0
77,6112;159,9401;11,8000;2,4580;0,3107;0,0000;0,7360;0,1147;0,0000;0,0000;0,3883;-0,5700;1,8900;0;0,0201;49,7100;0;1;1;5;0;0
77,6250;159,9401;11,8000;2,4505;0,3109;0,0000;0,7368;0,1147;0,0000;0,0000;0,3887;-0,4900;1,9600;0;0,0201;49,7100;0;1;1;5;0;0
77,6389;159,9401;11,8000;2,4430;0,3112;0,0000;0,7376;0,1147;0,0000;0,0000;0,3891;-0,4200;2,0300;0;0,0201;49,7100;0;1;1;5;0;0
77,6528;159,9774;11,8000;2,4332;0,3115;0,0000;0,7384;0,1147;0,0000;0,0000;0,3893;-0,3900;2,0500;0;0,0201;49,7900;0;1;1;5;0;0
77,6667;160,0229;11,8000;2,4223;0,3117;0,0000;0,7393;0,1147;0,0000;0,0000;0,3896;-0,3600;2,0600;0;0,0201;49,8700;0;1;1;5;0;0
77,6806;160,0684;11,8000;2,4112;0,3120;0,0000;0,7401;0,1147;0,0000;0,0000;0,3900;-0,3400;2,0700;0;0,0200;49,9600;0;1;1;5;0;0
77,6945;160,1140;11,7000;2,4007;0,3123;0,0000;0,7410;0,1147;0,0000;0,0000;0,3904;-0,3200;2,0800;0;0,0200;50,0500;0;1;1;5;0;0
77,7084;160,1591;11,7000;2,3830;0,3127;0,0000;0,7419;0,1147;0,0000;0,0000;0,3909;-0,3000;2,0800;0;0,0199;50,1400;0;1;1;5;0;0
77,7223;160,3946;11,7000;2,3569;0,3138;0,0000;0,7428;0,1147;0,0000;0,0000;0,3922;-0,5000;1,8600;0;0,0198;50,6100;0;1;1;5;0;0
77,7362;160,3946;11,7000;2,3199;0,3141;0,0000;0,7437;0,1147;0,0000;0,0000;0,3926;-0,4300;1,8900;0;0,0198;50,6100;0;1;1;5;0;0
77,7500;160,3946;11,7000;2,2768;0,3143;0,0000;0,7448;0,1147;0,0000;0,0000;0,3929;-0,3600;1,9200;0;0,0198;50,6100;0;1;1;5;0;0
77,7639;160,3946;11,7000;2,2216;0,3147;0,0000;0,7460;0,1147;0,0000;0,0000;0,3934;-0,2900;1,9300;0;0,0198;50,6100;0;1;1;5;0;0
77,7778;160,3946;11,7000;2,1775;0,3151;0,0000;0,7472;0,1147;0,0000;0,0000;0,3938;-0,2200;1,9500;0;0,0198;50,6100;0;1;1;5;0;0
77,7917;160,4335;11,7000;2,1281;0,3153;0,0000;0,7483;0,1147;0,0000;0,0000;0,3942;-0,2000;1,9200;0;0,0197;50,6800;0;1;1;5;0;0
77,8056;160,4786;11,7000;2,0535;0,3156;0,0000;0,7495;0,1147;0,0000;0,0000;0,3945;-0,1900;1,8600;0;0,0197;50,7700;0;1;1;5;0;0
77,8195;160,5238;11,7000;1,9700;0,3159;0,0000;0,7507;0,1147;0,0000;0,0000;0,3948;-0,1800;1,7900;0;0,0197;50,8500;0;1;1;5;0;0
77,8334;160,5689;11,7000;1,8824;0,3161;0,0000;0,7518;0,1147;0,0000;0,0000;0,3952;-0,1800;1,7000;0;0,0196;50,9400;0;1;1;5;0;0
77,8473;160,6140;11,7000;1,7998;0,3164;0,0000;0,7529;0,1147;0,0000;0,0000;0,3956;-0,1700;1,6300;0;0,0196;51,0200;0;1;1;5;0;0
77,8612;160,8513;11,7000;1,7116;0,3175;0,0000;0,7539;0,1147;0,0000;0,0000;0,3968;-0,3900;1,3200;0;0,0194;51,4700;0;1;1;5;0;0
77,8750;160,8513;11,7000;1,6336;0,3176;0,0000;0,7550;0,1147;0,0000;0,0000;0,3970;-0,3400;1,3000;0;0,0194;51,4700;0;1;1;5;0;0
77,8889;160,8513;11,7000;1,5691;0,3178;0,0000;0,7562;0,1147;0,0000;0,0000;0,3973;-0,2900;1,2800;0;0,0194;51,4700;0;1;1;5;0;0
77,9028;160,8513;11,7000;1,5150;0,3180;0,0000;0,7573;0,1147;0,0000;0,0000;0,3975;-0,2400;1,2700;0;0,0194;51,4700;0;1;1;5;0;0
77,9167;160,8513;11,7000;1,4452;0,3182;0,0000;0,7585;0,1147;0,0000;0,0000;0,3978;-0,2000;1,2400;0;0,0194;51,4700;0;1;1;5;0;0
77,9306;160,8884;11,7000;1,3863;0,3183;0,0000;0,7595;0,1147;0,0000;0,0000;0,3979;-0,2000;1,1900;0;0,0194;51,5400;0;1;1;5;0;0
77,9445;160,9335;11,7000;1,3394;0,3184;0,0000;0,7605;0,1147;0,0000;0,0000;0,3980;-0,2100;1,1300;0;0,0194;51,6200;0;1;1;5;0;0
77,9584;160,9787;11,7000;1,3100;0,3185;0,0000;0,7615;0,1147;0,0000;0,0000;0,3981;-0,2200;1,0900;0;0,0193;51,7000;0;1;1;5;0;0
77,9723;161,0238;11,7000;1,2845;0,3186;0,0000;0,7623;0,1147;0,0000;0,0000;0,3982;-0,2300;1,0500;0;0,0193;51,7800;0;1;1;5;0;0
77,9862;161,0690;11,7000;1,2652;0,3187;0,0000;0,7631;0,1147;0,0000;0,0000;0,3984;-0,2400;1,0200;0;0,0193;51,8700;0;1;1;5;0;0
78,0000;161,3060;11,7000;1,2498;0,3196;0,0000;0,7638;0,1147;0,0000;0,0000;0,3995;-0,4600;0,7900;0;0,0191;52,3000;0;1;1;5;0;0
78,0139;161,3060;11,7000;1,2413;0,3196;0,0000;0,7645;0,1147;0,0000;0,0000;0,3995;-0,4300;0,8100;0;0,0191;52,3000;0;1;1;5;0;0
78,0278;161,3060;11,7000;1,2372;0,3197;0,0000;0,7652;0,1147;0,0000;0,0000;0,3996;-0,3900;0,8500;0;0,0191;52,3000;0;1;1;5;0;0
78,0417;161,3060;11,7000;1,2372;0,3197;0,0000;0,7659;0,1147;0,0000;0,0000;0,3997;-0,3500;0,8900;0;0,0191;52,3000;0;1;1;5;0;0
78,0556;161,3060;11,7000;1,2449;0,3198;0,0000;0,7666;0,1147;0,0000;0,0000;0,3998;-0,3100;0,9300;0;0,0191;52,3000;0;1;1;5;0;0
78,0695;161,3433;11,7000;1,2571;0,3198;0,0000;0,7673;0,1147;0,0000;0,0000;0,3998;-0,3100;0,9400;0;0,0191;52,3600;0;1;1;5;0;0
78,0834;161,3884;11,7000;1,2710;0,3199;0,0000;0,7679;0,1147;0,0000;0,0000;0,3998;-0,3200;0,9400;0;0,0191;52,4400;0;1;1;5;0;0
78,0973;161,4336;11,7000;1,2924;0,3199;0,0000;0,7684;0,1147;0,0000;0,0000;0,3999;-0,3300;0,9600;0;0,0190;52,5200;0;1;1;5;0;0
78,1112;161,4787;11,7000;1,3208;0,3199;0,0000;0,7688;0,1147;0,0000;0,0000;0,3999;-0,3400;0,9800;0;0,0190;52,6000;0;1;1;5;0;0
78,1250;161,5238;11,7000;1,3420;0,3200;0,0000;0,7693;0,1147;0,0000;0,0000;0,4000;-0,3500;0,9900;0;0,0190;52,6800;0;1;1;5;0;0
78,1389;161,7625;11,7000;1,3693;0,3208;0,0000;0,7696;0,1147;0,0000;0,0000;0,4010;-0,5700;0,8000;0;0,0188;53,0900;0;1;1;5;0;0
78,1528;161,7625;11,7000;1,3938;0,3208;0,0000;0,7700;0,1147;0,0000;0,0000;0,4010;-0,5300;0,8700;0;0,0188;53,0900;0;1;1;5;0;0
78,1667;161,7625;11,7000;1,4225;0,3209;0,0000;0,7705;0,1147;0,0000;0,0000;0,4011;-0,4800;0,9400;0;0,0188;53,0900;0;1;1;5;0;0
78,1806;161,7625;11,7000;1,4548;0,3209;0,0000;0,7709;0,1147;0,0000;0,0000;0,4011;-0,4400;1,0100;0;0,0188;53,0900;0;1;1;5;0;0
78,1945;161,7625;11,7000;1,4876;0,3210;0,0000;0,7714;0,1147;0,0000;0,0000;0,4013;-0,4000;1,0900;0;0,0188;53,0900;0;1;1;5;0;0
78,2084;161,7981;11,7000;1,5222;0,3210;0,0000;0,7718;0,1147;0,0000;0,0000;0,4013;-0,3900;1,1300;0;0,0188;53,1500;0;1;1;5;0;0
78,2223;161,8433;11,7000;1,5578;0,3211;0,0000;0,7722;0,1147;0,0000;0,0000;0,4013;-0,3900;1,1700;0;0,0188;53,2300;0;1;1;5;0;0
78,2362;161,8884;11,7000;1,6110;0,3211;0,0000;0,7726;0,1147;0,0000;0,0000;0,4014;-0,3900;1,2200;0;0,0188;53,3000;0;1;1;5;0;0
78,2500;161,9336;11,8000;1,6572;0,3212;0,0000;0,7730;0,1147;0,0000;0,0000;0,4015;-0,3900;1,2700;0;0,0187;53,3800;0;1;1;5;0;0
78,2639;161,9791;11,8000;1,6820;0,3213;0,0000;0,7733;0,1147;0,0000;0,0000;0,4017;-0,3800;1,3000;0;0,0187;53,4500;0;1;1;5;0;0
78,2778;162,2175;11,8000;1,6943;0,3222;0,0000;0,7736;0,1147;0,0000;0,0000;0,4027;-0,5800;1,1100;0;0,0186;53,8500;0;1;1;5;0;0
78,2917;162,2175;11,8000;1,6987;0,3222;0,0000;0,7739;0,1147;0,0000;0,0000;0,4028;-0,5300;1,1600;0;0,0186;53,8500;0;1;1;5;0;0
78,3056;162,2175;11,8000;1,6958;0,3223;0,0000;0,7744;0,1147;0,0000;0,0000;0,4029;-0,4800;1,2100;0;0,0186;53,8500;0;1;1;5;0;0
78,3195;162,2175;11,8000;1,6807;0,3224;0,0000;0,7749;0,1147;0,0000;0,0000;0,4030;-0,4300;1,2500;0;0,0186;53,8500;0;1;1;5;0;0
78,3334;162,2175;11,8000;1,6593;0,3226;0,0000;0,7754;0,1147;0,0000;0,0000;0,4032;-0,3800;1,2800;0;0,0186;53,8500;0;1;1;5;0;0
78,3473;162,2557;11,8000;1,6312;0,3226;0,0000;0,7759;0,1147;0,0000;0,0000;0,4033;-0,3700;1,2600;0;0,0186;53,9100;0;1;1;5;0;0
78,3612;162,3012;11,8000;1,6012;0,3227;0,0000;0,7764;0,1147;0,0000;0,0000;0,4034;-0,3700;1,2300;0;0,0185;53,9800;0;1;1;5;0;0
78,3750;162,3467;11,8000;1,5639;0,3228;0,0000;0,7768;0,1147;0,0000;0,0000;0,4035;-0,3700;1,1900;0;0,0185;54,0500;0;1;1;5;0;0
78,3889;162,3922;11,8000;1,5228;0,3228;0,0000;0,7773;0,1147;0,0000;0,0000;0,4036;-0,3700;1,1500;0;0,0185;54,1200;0;1;1;5;0;0
78,4028;162,4378;11,8000;1,4735;0,3230;0,0000;0,7777;0,1147;0,0000;0,0000;0,4037;-0,3700;1,1000;0;0,0185;54,1900;0;1;1;5;0;0
78,4167;162,6736;11,8000;1,4229;0,3237;0,0000;0,7780;0,1147;0,0000;0,0000;0,4046;-0,5800;0,8400;0;0,0183;54,5700;0;1;1;5;0;0
78,4306;162,6736;11,8000;1,3822;0,3237;0,0000;0,7785;0,1147;0,0000;0,0000;0,4046;-0,5400;0,8500;0;0,0183;54,5700;0;1;1;5;0;0
78,4445;162,6736;11,8000;1,3399;0,3237;0,0000;0,7790;0,1147;0,0000;0,0000;0,4046;-0,5000;0,8400;0;0,0183;54,5700;0;1;1;5;0;0
78,4584;162,6736;11,8000;1,2976;0,3237;0,0000;0,7794;0,1147;0,0000;0,0000;0,4047;-0,4600;0,8400;0;0,0183;54,5700;0;1;1;5;0;0
78,4723;162,6736;11,8000;1,2690;0,3238;0,0000;0,7799;0,1147;0,0000;0,0000;0,4047;-0,4200;0,8500;0;0,0183;54,5700;0;1;1;5;0;0
78,4862;162,7143;11,7000;1,2446;0,3237;0,0000;0,7804;0,1147;0,0000;0,0000;0,4046;-0,4200;0,8200;0;0,0183;54,6300;0;1;1;5;0;0
78,5000;162,7594;11,7000;1,2250;0,3236;0,0000;0,7807;0,1147;0,0000;0,0000;0,4045;-0,4300;0,7900;0;0,0183;54,6900;0;1;1;5;0;0
78,5139;162,8046;11,7000;1,2161;0,3236;0,0000;0,7811;0,1147;0,0000;0,0000;0,4045;-0,4400;0,7700;0;0,0183;54,7600;0;1;1;5;0;0
78,5278;162,8497;11,7000;1,2126;0,3236;0,0000;0,7813;0,1147;0,0000;0,0000;0,4045;-0,4500;0,7600;0;0,0182;54,8300;0;1;1;5;0;0
78,5417;162,8949;11,7000;1,2134;0,3236;0,0000;0,7815;0,1147;0,0000;0,0000;0,4045;-0,4600;0,7500;0;0,0182;54,8900;0;1;1;5;0;0
78,5556;163,1289;11,7000;1,2211;0,3242;0,0000;0,7817;0,1147;0,0000;0,0000;0,4053;-0,6700;0,5500;0;0,0181;55,2400;0;1;1;5;0;0
78,5695;163,1289;11,7000;1,2279;0,3241;0,0000;0,7818;0,1147;0,0000;0,0000;0,4051;-0,6300;0,6000;0;0,0181;55,2400;0;1;1;5;0;0
78,5834;163,1289;11,7000;1,2368;0,3240;0,0000;0,7821;0,1147;0,0000;0,0000;0,4050;-0,5900;0,6400;0;0,0181;55,2400;0;1;1;5;0;0
78,5973;163,1289;11,7000;1,2479;0,3240;0,0000;0,7823;0,1147;0,0000;0,0000;0,4050;-0,5500;0,6900;0;0,0181;55,2400;0;1;1;3;0;0
78,6112;163,1289;11,7000;1,2663;0,3240;0,0000;0,7825;0,1147;0,0000;0,0000;0,4050;-0,5200;0,7500;0;0,0181;55,2400;0;1;1;3;0;0
78,6250;163,1690;11,7000;1,2887;0,3239;0,0000;0,7827;0,1147;0,0000;0,0000;0,4048;-0,5200;0,7700;0;0,0181;55,3000;0;1;1;3;0;0
78,6389;163,2142;11,7000;1,3189;0,3238;0,0000;0,7828;0,1147;0,0000;0,0000;0,4047;-0,5200;0,7900;0;0,0181;55,3600;0;1;1;3;0;0
78,6528;163,2593;11,7000;1,3521;0,3237;0,0000;0,7829;0,1147;0,0000;0,0000;0,4046;-0,5300;0,8200;0;0,0180;55,4200;0;1;1;3;0;0
78,6667;163,3045;11,7000;1,3934;0,3236;0,0000;0,7829;0,1147;0,0000;0,0000;0,4046;-0,5300;0,8600;0;0,0180;55,4900;0;1;1;3;0;0
78,6806;163,3496;11,7000;1,4211;0,3236;0,0000;0,7829;0,1147;0,0000;0,0000;0,4045;-0,5400;0,8800;0;0,0180;55,5500;0;1;1;3;0;0
78,6945;163,5848;11,7000;1,4502;0,3243;0,0000;0,7828;0,1147;0,0000;0,0000;0,4053;-0,7300;0,7100;0;0,0179;55,8800;0;1;1;3;0;0
78,7084;163,5848;11,7000;1,4718;0,3242;0,0000;0,7829;0,1147;0,0000;0,0000;0,4052;-0,6900;0,7800;0;0,0179;55,8800;0;1;1;3;0;0
78,7223;163,5848;11,7000;1,4964;0,3241;0,0000;0,7829;0,1147;0,0000;0,0000;0,4052;-0,6400;0,8500;0;0,0179;55,8800;0;1;1;3;0;0
78,7362;163,5848;11,7000;1,5211;0,3241;0,0000;0,7830;0,1147;0,0000;0,0000;0,4051;-0,6000;0,9200;0;0,0179;55,8800;0;1;1;3;0;0
78,7500;163,5848;11,7000;1,5600;0,3241;0,0000;0,7831;0,1147;0,0000;0,0000;0,4052;-0,5500;1,0100;0;0,0179;55,8800;0;1;1;3;0;0
78,7639;163,6237;11,7000;1,5828;0,3241;0,0000;0,7832;0,1147;0,0000;0,0000;0,4051;-0,5400;1,0400;0;0,0179;55,9300;0;1;1;3;0;0
78,7778;163,6689;11,7000;1,6157;0,3240;0,0000;0,7833;0,1147;0,0000;0,0000;0,4050;-0,5400;1,0700;0;0,0179;55,9900;0;1;1;3;0;0
78,7917;163,7140;11,7000;1,6403;0,3240;0,0000;0,7834;0,1147;0,0000;0,0000;0,4050;-0,5400;1,1000;0;0,0178;56,0500;0;1;1;3;0;0
78,8056;163,7592;11,7000;1,6737;0,3240;0,0000;0,7834;0,1147;0,0000;0,0000;0,4050;-0,5300;1,1400;0;0,0178;56,1100;0;1;1;3;0;0
78,8195;163,8043;11,7000;1,6911;0,3240;0,0000;0,7834;0,1147;0,0000;0,0000;0,4051;-0,5300;1,1600;0;0,0178;56,1700;0;1;1;3;0;0
78,8334;164,0403;11,7000;1,7121;0,3247;0,0000;0,7834;0,1147;0,0000;0,0000;0,4059;-0,7200;0,9900;0;0,0177;56,4800;0;1;1;3;0;0
78,8473;164,0403;11,7000;1,7254;0,3247;0,0000;0,7835;0,1147;0,0000;0,0000;0,4059;-0,6700;1,0600;0;0,0177;56,4800;0;1;1;3;0;0
78,8612;164,0403;11,7000;1,7313;0,3247;0,0000;0,7837;0,1147;0,0000;0,0000;0,4059;-0,6100;1,1200;0;0,0177;56,4800;0;1;1;3;0;0
78,8750;164,0403;11,7000;1,7318;0,3247;0,0000;0,7839;0,1147;0,0000;0,0000;0,4059;-0,5600;1,1700;0;0,0177;56,4800;0;1;1;3;0;0
78,8889;164,0403;11,7000;1,7269;0,3248;0,0000;0,7841;0,1147;0,0000;0,0000;0,4060;-0,5100;1,2200;0;0,0177;56,4800;0;1;1;3;0;0
78,9028;164,0784;11,7000;1,7186;0,3247;0,0000;0,7843;0,1147;0,0000;0,0000;0,4059;-0,4900;1,2200;0;0,0177;56,5300;0;1;1;3;0;0
78,9167;164,1236;11,7000;1,7140;0,3247;0,0000;0,7845;0,1147;0,0000;0,0000;0,4059;-0,4900;1,2300;0;0,0177;56,5800;0;1;1;3;0;0
78,9306;164,1687;11,7000;1,7101;0,3247;0,0000;0,7847;0,1147;0,0000;0,0000;0,4059;-0,4800;1,2300;0;0,0177;56,6400;0;1;1;3;0;0
78,9445;164,2139;11,7000;1,7047;0,3248;0,0000;0,7849;0,1147;0,0000;0,0000;0,4060;-0,4700;1,2300;0;0,0176;56,6900;0;1;1;3;0;0
78,9584;164,2590;11,7000;1,6906;0,3249;0,0000;0,7850;0,1147;0,0000;0,0000;0,4061;-0,4700;1,2200;0;0,0176;56,7500;0;1;1;3;0;0
78,9723;164,4960;11,7000;1,6820;0,3256;0,0000;0,7851;0,1147;0,0000;0,0000;0,4070;-0,6600;1,0200;0;0,0175;57,0400;0;1;1;3;0;0
78,9862;164,4960;11,7000;1,6631;0,3256;0,0000;0,7853;0,1147;0,0000;0,0000;0,4070;-0,6100;1,0600;0;0,0175;57,0400;0;1;1;3;0;0
79,0000;164,4960;11,7000;1,6440;0,3256;0,0000;0,7856;0,1147;0,0000;0,0000;0,4070;-0,5600;1,0900;0;0,0175;57,0400;0;1;1;3;0;0
79,0139;164,4960;11,7000;1,6267;0,3256;0,0000;0,7859;0,1147;0,0000;0,0000;0,4071;-0,5100;1,1200;0;0,0175;57,0400;0;1;1;3;0;0
79,0278;164,4960;11,7000;1,6157;0,3257;0,0000;0,7862;0,1147;0,0000;0,0000;0,4071;-0,4600;1,1600;0;0,0175;57,0400;0;1;1;3;0;0
79,0417;164,5331;11,7000;1,6126;0,3257;0,0000;0,7866;0,1147;0,0000;0,0000;0,4071;-0,4500;1,1600;0;0,0175;57,0800;0;1;1;3;0;0
79,0556;164,5782;11,7000;1,6138;0,3257;0,0000;0,7869;0,1147;0,0000;0,0000;0,4071;-0,4400;1,1700;0;0,0175;57,1300;0;1;1;3;0;0
79,0695;164,6234;11,7000;1,6200;0,3257;0,0000;0,7871;0,1147;0,0000;0,0000;0,4071;-0,4400;1,1800;0;0,0175;57,1800;0;1;1;3;0;0
79,0834;164,6685;11,7000;1,6303;0,3258;0,0000;0,7874;0,1147;0,0000;0,0000;0,4072;-0,4300;1,2000;0;0,0175;57,2300;0;1;1;3;0;0
79,0973;164,7137;11,7000;1,6411;0,3259;0,0000;0,7876;0,1147;0,0000;0,0000;0,4073;-0,4300;1,2100;0;0,0175;57,2800;0;1;1;3;0;0
79,1112;164,9518;11,7000;1,6554;0,3266;0,0000;0,7878;0,1147;0,0000;0,0000;0,4082;-0,6200;1,0400;0;0,0174;57,5500;0;1;1;3;0;0
79,1250;164,9518;11,7000;1,6693;0,3266;0,0000;0,7880;0,1147;0,0000;0,0000;0,4083;-0,5700;1,1000;0;0,0174;57,5500;0;1;1;3;0;0
79,1389;164,9518;11,7000;1,6812;0,3267;0,0000;0,7883;0,1147;0,0000;0,0000;0,4083;-0,5100;1,1700;0;0,0174;57,5500;0;1;1;3;0;0
79,1528;164,9518;11,7000;1,6927;0,3267;0,0000;0,7887;0,1147;0,0000;0,0000;0,4084;-0,4600;1,2300;0;0,0174;57,5500;0;1;1;3;0;0
79,1667;164,9518;11,7000;1,6992;0,3269;0,0000;0,7891;0,1147;0,0000;0,0000;0,4086;-0,4100;1,2900;0;0,0174;57,5500;0;1;1;3;0;0
79,1806;164,9877;11,7000;1,7010;0,3269;0,0000;0,7894;0,1147;0,0000;0,0000;0,4086;-0,4000;1,3000;0;0,0174;57,5900;0;1;1;3;0;0
79,1945;165,0329;11,7000;1,6951;0,3270;0,0000;0,7898;0,1147;0,0000;0,0000;0,4087;-0,3900;1,3000;0;0,0173;57,6400;0;1;1;3;0;0
79,2084;165,0780;11,7000;1,6873;0,3270;0,0000;0,7901;0,1147;0,0000;0,0000;0,4088;-0,3800;1,3000;0;0,0173;57,6900;0;1;1;3;0;0
79,2223;165,1232;11,7000;1,6792;0,3271;0,0000;0,7905;0,1147;0,0000;0,0000;0,4089;-0,3800;1,3000;0;0,0173;57,7300;0;1;1;3;0;0
79,2362;165,1683;11,7000;1,6707;0,3273;0,0000;0,7908;0,1147;0,0000;0,0000;0,4091;-0,3700;1,3000;0;0,0173;57,7800;0;1;1;3;0;0
79,2500;165,4073;11,7000;1,6613;0,3280;0,0000;0,7911;0,1147;0,0000;0,0000;0,4100;-0,5600;1,1000;0;0,0172;58,0300;0;1;1;3;0;0
79,2639;165,4073;11,7000;1,6519;0,3281;0,0000;0,7914;0,1147;0,0000;0,0000;0,4101;-0,5100;1,1500;0;0,0172;58,0300;0;1;1;3;0;0
79,2778;165,4073;11,7000;1,6428;0,3282;0,0000;0,7919;0,1147;0,0000;0,0000;0,4102;-0,4600;1,1900;0;0,0172;58,0300;0;1;1;3;0;0
79,2917;165,4073;11,7000;1,6338;0,3283;0,0000;0,7923;0,1147;0,0000;0,0000;0,4103;-0,4100;1,2300;0;0,0172;58,0300;0;1;1;3;0;0
79,3056;165,4073;11,7000;1,6265;0,3284;0,0000;0,7928;0,1147;0,0000;0,0000;0,4105;-0,3600;1,2700;0;0,0172;58,0300;0;1;1;3;0;0
79,3195;165,4424;11,7000;1,6205;0,3285;0,0000;0,7933;0,1147;0,0000;0,0000;0,4106;-0,3400;1,2800;0;0,0172;58,0600;0;1;1;3;0;0
79,3334;165,4875;11,7000;1,6169;0,3285;0,0000;0,7938;0,1147;0,0000;0,0000;0,4107;-0,3400;1,2800;0;0,0172;58,1100;0;1;1;3;0;0
79,3473;165,5327;11,7000;1,6169;0,3286;0,0000;0,7942;0,1147;0,0000;0,0000;0,4108;-0,3300;1,2800;0;0,0172;58,1500;0;1;1;3;0;0
79,3612;165,5778;11,7000;1,6170;0,3287;0,0000;0,7946;0,1147;0,0000;0,0000;0,4109;-0,3300;1,2900;0;0,0172;58,1900;0;1;1;3;0;0
79,3750;165,6229;11,7000;1,6177;0,3289;0,0000;0,7950;0,1147;0,0000;0,0000;0,4111;-0,3300;1,2900;0;0,0172;58,2400;0;1;1;3;0;0
79,3889;165,8633;11,7000;1,6196;0,3297;0,0000;0,7954;0,1147;0,0000;0,0000;0,4121;-0,5100;1,1100;0;0,0171;58,4700;0;1;1;3;0;0
79,4028;165,8633;11,7000;1,6233;0,3297;0,0000;0,7958;0,1147;0,0000;0,0000;0,4121;-0,4600;1,1600;0;0,0171;58,4700;0;1;1;3;0;0
79,4167;165,8633;11,7000;1,6333;0,3298;0,0000;0,7963;0,1147;0,0000;0,0000;0,4123;-0,4200;1,2200;0;0,0171;58,4700;0;1;1;3;0;0
79,4306;165,8633;11,7000;1,6461;0,3299;0,0000;0,7968;0,1147;0,0000;0,0000;0,4124;-0,3700;1,2800;0;0,0171;58,4700;0;1;1;3;0;0
79,4445;165,8633;11,5000;1,6499;0,3301;0,0000;0,7974;0,1147;0,0000;0,0000;0,4126;-0,3200;1,3300;0;0,0171;58,4700;0;1;1;3;0;0
79,4584;165,8962;11,5000;1,6501;0,3302;0,0000;0,7979;0,1147;0,0000;0,0000;0,4127;-0,3000;1,3500;0;0,0171;58,4900;0;1;1;3;0;0
79,4723;165,9406;11,5000;1,6416;0,3303;0,0000;0,7984;0,1147;0,0000;0,0000;0,4129;-0,3000;1,3400;0;0,0171;58,5300;0;1;1;3;0;0
79,4862;165,9850;11,5000;1,6315;0,3304;0,0000;0,7989;0,1147;0,0000;0,0000;0,4130;-0,2900;1,3400;0;0,0171;58,5700;0;1;1;3;0;0
79,5000;166,0293;11,5000;1,6195;0,3305;0,0000;0,7994;0,1147;0,0000;0,0000;0,4132;-0,2900;1,3300;0;0,0171;58,6100;0;1;1;3;0;0
79,5139;166,0737;11,5000;1,6086;0,3307;0,0000;0,7998;0,1147;0,0000;0,0000;0,4134;-0,2800;1,3200;0;0,0171;58,6500;0;1;1;3;0;0
79,5278;166,3186;11,5000;1,5905;0,3315;0,0000;0,8003;0,1147;0,0000;0,0000;0,4144;-0,4800;1,1100;0;0,0170;58,8600;0;1;1;3;0;0
79,5417;166,3186;11,5000;1,5691;0,3316;0,0000;0,8007;0,1147;0,0000;0,0000;0,4145;-0,4300;1,1400;0;0,0170;58,8600;0;1;1;3;0;0
79,5556;166,3186;11,5000;1,5514;0,3317;0,0000;0,8013;0,1147;0,0000;0,0000;0,4146;-0,3800;1,1700;0;0,0170;58,8600;0;1;1;3;0;0
79,5695;166,3186;11,5000;1,5366;0,3318;0,0000;0,8019;0,1147;0,0000;0,0000;0,4148;-0,3400;1,2000;0;0,0170;58,8600;0;1;1;3;0;0
79,5834;166,3186;11,5000;1,5189;0,3320;0,0000;0,8025;0,1147;0,0000;0,0000;0,4150;-0,2900;1,2300;0;0,0170;58,8600;0;1;1;3;0;0
79,5973;166,3431;11,5000;1,5093;0,3321;0,0000;0,8031;0,1147;0,0000;0,0000;0,4151;-0,2700;1,2400;0;0,0170;58,8800;0;1;1;3;0;0
79,6112;166,3875;11,5000;1,5049;0,3322;0,0000;0,8036;0,1147;0,0000;0,0000;0,4152;-0,2700;1,2300;0;0,0170;58,9100;0;1;1;6;0;0
79,6250;166,4319;11,5000;1,5013;0,3323;0,0000;0,8042;0,1147;0,0000;0,0000;0,4154;-0,2700;1,2300;0;0,0170;58,9400;0;1;1;6;0;0
79,6389;166,4762;11,5000;1,5008;0,3324;0,0000;0,8047;0,1147;0,0000;0,0000;0,4155;-0,2700;1,2300;0;0,0170;58,9800;0;1;1;6;0;0
79,6528;166,5206;11,5000;1,5038;0,3326;0,0000;0,8051;0,1147;0,0000;0,0000;0,4157;-0,2700;1,2400;0;0,0169;59,0100;0;1;1;6;0;0
79,6667;166,7748;11,5000;1,5100;0,3334;0,0000;0,8056;0,1147;0,0000;0,0000;0,4168;-0,4700;1,0400;0;0,0169;59,2100;0;1;1;6;0;0
79,6806;166,7748;11,5000;1,5146;0,3335;0,0000;0,8061;0,1147;0,0000;0,0000;0,4169;-0,4200;1,0900;0;0,0169;59,2100;0;1;1;6;0;0
79,6945;166,7748;11,5000;1,5188;0,3336;0,0000;0,8067;0,1147;0,0000;0,0000;0,4170;-0,3800;1,1400;0;0,0169;59,2100;0;1;1;6;0;0
79,7084;166,7748;11,5000;1,5253;0,3337;0,0000;0,8073;0,1147;0,0000;0,0000;0,4172;-0,3300;1,1900;0;0,0169;59,2100;0;1;1;6;0;0
79,7223;166,7748;11,5000;1,5350;0,3339;0,0000;0,8079;0,1147;0,0000;0,0000;0,4174;-0,2900;1,2500;0;0,0169;59,2100;0;1;1;6;0;0
79,7362;166,7900;11,5000;1,5435;0,3341;0,0000;0,8085;0,1147;0,0000;0,0000;0,4176;-0,2600;1,2800;0;0,0169;59,2200;0;1;1;6;0;0
79,7500;166,8344;11,5000;1,5521;0,3342;0,0000;0,8091;0,1147;0,0000;0,0000;0,4177;-0,2500;1,3000;0;0,0169;59,2500;0;1;1;6;0;0
79,7639;166,8788;11,5000;1,5540;0,3343;0,0000;0,8096;0,1147;0,0000;0,0000;0,4179;-0,2500;1,3000;0;0,0169;59,2800;0;1;1;6;0;0
79,7778;166,9231;11,5000;1,5563;0,3344;0,0000;0,8101;0,1147;0,0000;0,0000;0,4181;-0,2500;1,3100;0;0,0169;59,3100;0;1;1;6;0;0
79,7917;166,9675;11,5000;1,5569;0,3346;0,0000;0,8107;0,1147;0,0000;0,0000;0,4183;-0,2400;1,3100;0;0,0169;59,3400;0;1;1;6;0;0
79,8056;167,2300;11,5000;1,5558;0,3355;0,0000;0,8112;0,1147;0,0000;0,0000;0,4194;-0,4500;1,1100;0;0,0168;59,5200;0;1;1;6;0;0
79,8195;167,2300;11,5000;1,5515;0,3356;0,0000;0,8117;0,1147;0,0000;0,0000;0,4195;-0,4000;1,1500;0;0,0168;59,5200;0;1;1;6;0;0
79,8334;167,2300;11,5000;1,5448;0,3358;0,0000;0,8123;0,1147;0,0000;0,0000;0,4197;-0,3600;1,1900;0;0,0168;59,5200;0;1;1;6;0;0
79,8473;167,2300;11,5000;1,5306;0,3359;0,0000;0,8130;0,1147;0,0000;0,0000;0,4199;-0,3100;1,2200;0;0,0168;59,5200;0;1;1;6;0;0
79,8612;167,2300;11,5000;1,5179;0,3361;0,0000;0,8137;0,1147;0,0000;0,0000;0,4201;-0,2700;1,2500;0;0,0168;59,5200;0;1;1;6;0;0
79,8750;167,2369;11,5000;1,5005;0,3363;0,0000;0,8143;0,1147;0,0000;0,0000;0,4204;-0,2300;1,2700;0;0,0168;59,5200;0;1;1;6;0;0
79,8889;167,2813;11,5000;1,4843;0,3364;0,0000;0,8150;0,1147;0,0000;0,0000;0,4205;-0,2300;1,2600;0;0,0168;59,5500;0;1;1;6;0;0
79,9028;167,3257;11,5000;1,4581;0,3365;0,0000;0,8156;0,1147;0,0000;0,0000;0,4207;-0,2300;1,2300;0;0,0168;59,5700;0;1;1;6;0;0
79,9167;167,3700;11,5000;1,4421;0,3367;0,0000;0,8162;0,1147;0,0000;0,0000;0,4209;-0,2300;1,2100;0;0,0168;59,6000;0;1;1;6;0;0
79,9306;167,4144;11,5000;1,4206;0,3369;0,0000;0,8168;0,1147;0,0000;0,0000;0,4211;-0,2300;1,1900;0;0,0168;59,6200;0;1;1;6;0;0
79,9445;167,6863;11,5000;1,3970;0,3377;0,0000;0,8173;0,1147;0,0000;0,0000;0,4222;-0,4500;0,9500;0;0,0167;59,7800;0;1;1;6;0;0
79,9584;167,6863;11,5000;1,3786;0,3378;0,0000;0,8179;0,1147;0,0000;0,0000;0,4222;-0,4000;0,9700;0;0,0167;59,7800;0;1;1;6;0;0
79,9723;167,6863;11,5000;1,3613;0,3379;0,0000;0,8186;0,1147;0,0000;0,0000;0,4224;-0,3600;1,0000;0;0,0167;59,7800;0;1;1;6;0;0
79,9862;167,6863;11,5000;1,3437;0,3380;0,0000;0,8192;0,1147;0,0000;0,0000;0,4225;-0,3200;1,0200;0;0,0167;59,7800;0;1;1;6;0;0
80,0000;167,6863;11,5000;1,3300;0,3381;0,0000;0,8199;0,1147;0,0000;0,0000;0,4227;-0,2800;1,0500;0;0,0167;59,7800;0;1;1;6;0;0
80,0139;167,6863;11,5000;1,3196;0,3383;0,0000;0,8205;0,1147;0,0000;0,0000;0,4229;-0,2400;1,0800;0;0,0167;59,7800;0;1;1;6;0;0
80,0278;167,7282;11,5000;1,3197;0,3384;0,0000;0,8211;0,1147;0,0000;0,0000;0,4230;-0,2400;1,0700;0;0,0167;59,8000;0;1;1;6;0;0
80,0417;167,7726;11,5000;1,3234;0,3384;0,0000;0,8217;0,1147;0,0000;0,0000;0,4230;-0,2500;1,0700;0;0,0167;59,8300;0;1;1;6;0;0
80,0556;167,8170;11,5000;1,3283;0,3385;0,0000;0,8222;0,1147;0,0000;0,0000;0,4232;-0,2500;1,0800;0;0,0167;59,8500;0;1;1;6;0;0
80,0695;167,8613;11,5000;1,3325;0,3387;0,0000;0,8227;0,1147;0,0000;0,0000;0,4233;-0,2500;1,0800;0;0,0167;59,8700;0;1;1;6;0;0
80,0834;167,9057;11,5000;1,3361;0,3388;0,0000;0,8232;0,1147;0,0000;0,0000;0,4235;-0,2500;1,0800;0;0,0167;59,8900;0;1;1;6;0;0
80,0973;168,1414;11,5000;1,3432;0,3396;0,0000;0,8236;0,1147;0,0000;0,0000;0,4245;-0,4400;0,9000;0;0,0167;60,0100;0;1;1;6;0;0
80,1112;168,1414;11,5000;1,3577;0,3397;0,0000;0,8241;0,1147;0,0000;0,0000;0,4246;-0,4000;0,9600;0;0,0167;60,0100;0;1;1;6;0;0
80,1250;168,1414;11,5000;1,3740;0,3398;0,0000;0,8246;0,1147;0,0000;0,0000;0,4247;-0,3600;1,0200;0;0,0167;60,0100;0;1;1;6;0;0
80,1389;168,1414;11,5000;1,3941;0,3399;0,0000;0,8252;0,1147;0,0000;0,0000;0,4249;-0,3200;1,0800;0;0,0167;60,0100;0;1;1;6;0;0
80,1528;168,1414;11,5000;1,4186;0,3401;0,0000;0,8257;0,1147;0,0000;0,0000;0,4251;-0,2700;1,1400;0;0,0167;60,0100;0;1;1;6;0;0
80,1667;168,1751;11,5000;1,4418;0,3401;0,0000;0,8263;0,1147;0,0000;0,0000;0,4252;-0,2600;1,1800;0;0,0167;60,0200;0;1;1;6;0;0
80,1806;168,2195;11,6000;1,4629;0,3402;0,0000;0,8268;0,1147;0,0000;0,0000;0,4253;-0,2600;1,2000;0;0,0167;60,0400;0;1;1;6;0;0
80,1945;168,2643;11,6000;1,4851;0,3404;0,0000;0,8273;0,1147;0,0000;0,0000;0,4255;-0,2600;1,2300;0;0,0167;60,0600;0;1;1;6;0;0
80,2084;168,3090;11,6000;1,5117;0,3405;0,0000;0,8278;0,1147;0,0000;0,0000;0,4256;-0,2600;1,2500;0;0,0166;60,0800;0;1;1;6;0;0
80,2223;168,3538;11,6000;1,5478;0,3407;0,0000;0,8282;0,1147;0,0000;0,0000;0,4259;-0,2500;1,2900;0;0,0166;60,0900;0;1;1;6;0;0
80,2362;168,5974;11,6000;1,5849;0,3415;0,0000;0,8287;0,1147;0,0000;0,0000;0,4269;-0,4400;1,1500;0;0,0166;60,1900;0;1;1;6;0;0
80,2500;168,5974;11,6000;1,6097;0,3416;0,0000;0,8292;0,1147;0,0000;0,0000;0,4270;-0,3900;1,2200;0;0,0166;60,1900;0;1;1;6;0;0
80,2639;168,5974;11,6000;1,6446;0,3418;0,0000;0,8297;0,1147;0,0000;0,0000;0,4273;-0,3400;1,3000;0;0,0166;60,1900;0;1;1;6;0;0
80,2778;168,5974;11,6000;1,6534;0,3420;0,0000;0,8303;0,1147;0,0000;0,0000;0,4275;-0,2900;1,3600;0;0,0166;60,1900;0;1;1;6;0;0
80,2917;168,5974;11,6000;1,6667;0,3423;0,0000;0,8310;0,1147;0,0000;0,0000;0,4278;-0,2400;1,4300;0;0,0166;60,1900;0;1;1;6;0;0
80,3056;168,6255;11,6000;1,6810;0,3425;0,0000;0,8316;0,1147;0,0000;0,0000;0,4281;-0,2100;1,4600;0;0,0166;60,2000;0;1;1;6;0;0
80,3195;168,6703;11,6000;1,6949;0,3426;0,0000;0,8322;0,1147;0,0000;0,0000;0,4283;-0,2100;1,4900;0;0,0166;60,2100;0;1;1;6;0;0
80,3334;168,7150;11,6000;1,7008;0,3429;0,0000;0,8329;0,1147;0,0000;0,0000;0,4286;-0,2000;1,5000;0;0,0166;60,2300;0;1;1;6;0;0
80,3473;168,7598;11,6000;1,6954;0,3431;0,0000;0,8335;0,1147;0,0000;0,0000;0,4289;-0,1900;1,5000;0;0,0166;60,2400;0;1;1;6;0;0
80,3612;168,8046;11,6000;1,6813;0,3434;0,0000;0,8341;0,1147;0,0000;0,0000;0,4292;-0,1800;1,5000;0;0,0166;60,2600;0;1;1;6;0;0
80,3750;169,0528;11,6000;1,6758;0,3443;0,0000;0,8348;0,1147;0,0000;0,0000;0,4303;-0,3700;1,3100;0;0,0166;60,3300;0;1;1;6;0;0
80,3889;169,0528;11,6000;1,6647;0,3445;0,0000;0,8354;0,1147;0,0000;0,0000;0,4306;-0,3200;1,3500;0;0,0166;60,3300;0;1;1;6;0;0
80,4028;169,0528;11,6000;1,6333;0,3447;0,0000;0,8362;0,1147;0,0000;0,0000;0,4309;-0,2700;1,3700;0;0,0166;60,3300;0;1;1;6;0;0
80,4167;169,0528;11,6000;1,6284;0,3449;0,0000;0,8370;0,1147;0,0000;0,0000;0,4312;-0,2200;1,4100;0;0,0166;60,3300;0;1;1;6;0;0
80,4306;169,0528;11,6000;1,5992;0,3452;0,0000;0,8379;0,1147;0,0000;0,0000;0,4315;-0,1700;1,4300;0;0,0166;60,3300;0;1;1;6;0;0
80,4445;169,0763;11,6000;1,5933;0,3454;0,0000;0,8387;0,1147;0,0000;0,0000;0,4318;-0,1400;1,4500;0;0,0166;60,3400;0;1;1;6;0;0
80,4584;169,1211;11,6000;1,5660;0,3456;0,0000;0,8395;0,1147;0,0000;0,0000;0,4320;-0,1400;1,4200;0;0,0166;60,3500;0;1;1;6;0;0
80,4723;169,1658;11,6000;1,5330;0,3458;0,0000;0,8403;0,1147;0,0000;0,0000;0,4323;-0,1400;1,3900;0;0,0166;60,3600;0;1;1;6;0;0
80,4862;169,2106;11,6000;1,4778;0,3460;0,0000;0,8411;0,1147;0,0000;0,0000;0,4325;-0,1300;1,3400;0;0,0166;60,3700;0;1;1;6;0;0
80,5000;169,2554;11,6000;1,4412;0,3463;0,0000;0,8418;0,1147;0,0000;0,0000;0,4328;-0,1300;1,3100;0;0,0166;60,3800;0;1;1;6;0;0
80,5139;169,5086;11,6000;1,4288;0,3472;0,0000;0,8425;0,1147;0,0000;0,0000;0,4340;-0,3300;1,1000;0;0,0165;60,4400;0;1;1;6;0;0
80,5278;169,5086;11,6000;1,4263;0,3473;0,0000;0,8433;0,1147;0,0000;0,0000;0,4342;-0,2900;1,1400;0;0,0165;60,4400;0;1;1;6;0;0
80,5417;169,5086;11,6000;1,3691;0,3475;0,0000;0,8441;0,1147;0,0000;0,0000;0,4344;-0,2500;1,1200;0;0,0165;60,4400;0;1;1;6;0;0
80,5556;169,5086;11,6000;1,3302;0,3477;0,0000;0,8450;0,1147;0,0000;0,0000;0,4346;-0,2100;1,1200;0;0,0165;60,4400;0;1;1;6;0;0
80,5695;169,5086;11,6000;1,2862;0,3479;0,0000;0,8458;0,1147;0,0000;0,0000;0,4349;-0,1700;1,1200;0;0,0165;60,4400;0;1;1;6;0;0
80,5834;169,5272;11,6000;1,2616;0,3481;0,0000;0,8466;0,1147;0,0000;0,0000;0,4351;-0,1500;1,1100;0;0,0165;60,4400;0;1;1;6;0;0
80,5973;169,5719;11,6000;1,2043;0,3482;0,0000;0,8474;0,1147;0,0000;0,0000;0,4352;-0,1500;1,0500;0;0,0165;60,4400;0;1;1;6;0;0
80,6112;169,6167;11,6000;1,1884;0,3483;0,0000;0,8481;0,1147;0,0000;0,0000;0,4354;-0,1600;1,0300;0;0,0165;60,4500;0;1;1;1;0;0
80,6250;169,6614;11,6000;1,1328;0,3484;0,0000;0,8488;0,1147;0,0000;0,0000;0,4355;-0,1700;0,9700;0;0,0165;60,4600;0;1;1;1;0;0
80,6389;169,7062;11,6000;1,1130;0,3486;0,0000;0,8494;0,1147;0,0000;0,0000;0,4357;-0,1700;0,9400;0;0,0165;60,4600;0;1;1;1;0;0
80,6528;169,9642;11,6000;1,1091;0,3494;0,0000;0,8500;0,1147;0,0000;0,0000;0,4367;-0,3900;0,7200;0;0,0165;60,5000;0;1;1;1;0;0
80,6667;169,9642;11,6000;1,0910;0,3494;0,0000;0,8507;0,1147;0,0000;0,0000;0,4367;-0,3500;0,7400;0;0,0165;60,5000;0;1;1;1;0;0
80,6806;169,9642;11,4000;1,0930;0,3495;0,0000;0,8513;0,1147;0,0000;0,0000;0,4368;-0,3200;0,7700;0;0,0165;60,5000;0;1;1;1;0;0
80,6945;169,9642;11,4000;1,0866;0,3495;0,0000;0,8520;0,1147;0,0000;0,0000;0,4369;-0,2900;0,8000;0;0,0165;60,5000;0;1;1;1;0;0
80,7084;169,9642;11,4000;1,0825;0,3496;0,0000;0,8526;0,1147;0,0000;0,0000;0,4370;-0,2500;0,8300;0;0,0165;60,5000;0;1;1;1;0;0
80,7223;169,9757;11,4000;1,0853;0,3497;0,0000;0,8532;0,1147;0,0000;0,0000;0,4371;-0,2300;0,8500;0;0,0165;60,5000;0;1;1;1;0;0
80,7362;170,0196;11,4000;1,0948;0,3497;0,0000;0,8537;0,1147;0,0000;0,0000;0,4371;-0,2400;0,8500;0;0,0165;60,5000;0;1;1;1;0;0
80,7500;170,0636;11,4000;1,1107;0,3497;0,0000;0,8542;0,1147;0,0000;0,0000;0,4371;-0,2500;0,8600;0;0,0165;60,5000;0;1;1;1;0;0
80,7639;170,1076;11,4000;1,1138;0,3497;0,0000;0,8546;0,1147;0,0000;0,0000;0,4371;-0,2600;0,8500;0;0,0165;60,5000;0;1;1;1;0;0
80,7778;170,1516;11,4000;1,1134;0,3498;0,0000;0,8549;0,1147;0,0000;0,0000;0,4372;-0,2700;0,8400;0;0,0165;60,5000;0;1;1;1;0;0
80,7917;170,4199;11,4000;1,1169;0,3505;0,0000;0,8552;0,1147;0,0000;0,0000;0,4381;-0,4900;0,6300;0;0,0165;60,5200;0;1;1;1;0;0
80,8056;170,4199;11,4000;1,1221;0,3505;0,0000;0,8556;0,1147;0,0000;0,0000;0,4381;-0,4500;0,6700;0;0,0165;60,5200;0;1;1;1;0;0
80,8195;170,4199;11,4000;1,1252;0,3505;0,0000;0,8560;0,1147;0,0000;0,0000;0,4381;-0,4200;0,7000;0;0,0165;60,5200;0;1;1;1;0;0
80,8334;170,4199;11,4000;1,1305;0,3505;0,0000;0,8564;0,1147;0,0000;0,0000;0,4381;-0,3900;0,7400;0;0,0165;60,5200;0;1;1;1;0;0
80,8473;170,4199;11,4000;1,1317;0,3506;0,0000;0,8567;0,1147;0,0000;0,0000;0,4382;-0,3500;0,7800;0;0,0165;60,5200;0;1;1;1;0;0
80,8612;170,4199;11,4000;1,1365;0,3506;0,0000;0,8571;0,1147;0,0000;0,0000;0,4383;-0,3200;0,8200;0;0,0165;60,5200;0;1;1;1;0;0
80,8750;170,4628;11,4000;1,1322;0,3506;0,0000;0,8574;0,1147;0,0000;0,0000;0,4382;-0,3300;0,8000;0;0,0165;60,5100;0;1;1;1;0;0
80,8889;170,5067;11,4000;1,1214;0,3505;0,0000;0,8577;0,1147;0,0000;0,0000;0,4382;-0,3400;0,7800;0;0,0165;60,5100;0;1;1;1;0;0
80,9028;170,5507;11,4000;1,1068;0,3505;0,0000;0,8579;0,1147;0,0000;0,0000;0,4382;-0,3400;0,7600;0;0,0165;60,5100;0;1;1;1;0;0
80,9167;170,5947;11,4000;1,0957;0,3505;0,0000;0,8581;0,1147;0,0000;0,0000;0,4382;-0,3500;0,7400;0;0,0165;60,5100;0;1;1;1;0;0
80,9306;170,6387;11,4000;1,0902;0,3506;0,0000;0,8583;0,1147;0,0000;0,0000;0,4382;-0,3600;0,7200;0;0,0165;60,5100;0;1;1;1;0;0
80,9445;170,8757;11,6000;1,0905;0,3512;0,0000;0,8584;0,1147;0,0000;0,0000;0,4390;-0,5500;0,5400;0;0,0165;60,5000;0;1;1;1;0;0
80,9584;170,8757;11,6000;1,0878;0,3511;0,0000;0,8586;0,1147;0,0000;0,0000;0,4389;-0,5200;0,5700;0;0,0165;60,5000;0;1;1;1;0;0
80,9723;170,8757;11,6000;1,0873;0,3511;0,0000;0,8588;0,1147;0,0000;0,0000;0,4389;-0,4900;0,6000;0;0,0165;60,5000;0;1;1;1;0;0
80,9862;170,8757;11,6000;1,0906;0,3511;0,0000;0,8591;0,1147;0,0000;0,0000;0,4388;-0,4500;0,6300;0;0,0165;60,5000;0;1;1;1;0;0
81,0000;170,8757;11,6000;1,0805;0,3511;0,0000;0,8593;0,1147;0,0000;0,0000;0,4388;-0,4200;0,6600;0;0,0165;60,5000;0;1;1;1;0;0
81,0139;170,9097;11,6000;1,0748;0,3510;0,0000;0,8595;0,1147;0,0000;0,0000;0,4387;-0,4200;0,6500;0;0,0165;60,4900;0;1;1;1;0;0
81,0278;170,9545;11,6000;1,0660;0,3509;0,0000;0,8597;0,1147;0,0000;0,0000;0,4386;-0,4300;0,6300;0;0,0165;60,4900;0;1;1;1;0;0
81,0417;170,9993;11,6000;1,0497;0,3508;0,0000;0,8598;0,1147;0,0000;0,0000;0,4385;-0,4400;0,6000;0;0,0165;60,4800;0;1;1;1;0;0
81,0556;171,0440;11,6000;1,0463;0,3507;0,0000;0,8598;0,1147;0,0000;0,0000;0,4384;-0,4500;0,5900;0;0,0165;60,4700;0;1;1;1;0;0
81,0695;171,0888;11,6000;1,0419;0,3507;0,0000;0,8599;0,1147;0,0000;0,0000;0,4383;-0,4600;0,5800;0;0,0165;60,4700;0;1;1;1;0;0
81,0834;171,3312;11,6000;1,0411;0,3512;0,0000;0,8598;0,1147;0,0000;0,0000;0,4390;-0,6600;0,3800;0;0,0165;60,4400;0;1;1;1;0;0
81,0973;171,3312;11,6000;1,0331;0,3511;0,0000;0,8598;0,1147;0,0000;0,0000;0,4388;-0,6300;0,4000;0;0,0165;60,4400;0;1;1;1;0;0
81,1112;171,3312;11,6000;1,0336;0,3509;0,0000;0,8599;0,1147;0,0000;0,0000;0,4387;-0,6000;0,4300;0;0,0165;60,4400;0;1;1;1;0;0
81,1250;171,3312;11,6000;1,0420;0,3508;0,0000;0,8600;0,1147;0,0000;0,0000;0,4386;-0,5700;0,4700;0;0,0165;60,4400;0;1;1;1;0;0
81,1389;171,3312;11,6000;1,0440;0,3508;0,0000;0,8600;0,1147;0,0000;0,0000;0,4385;-0,5400;0,5100;0;0,0165;60,4400;0;1;1;1;0;0
81,1528;171,3606;11,6000;1,0390;0,3506;0,0000;0,8600;0,1147;0,0000;0,0000;0,4382;-0,5300;0,5000;0;0,0165;60,4300;0;1;1;1;0;0
81,1667;171,4053;11,6000;1,0378;0,3504;0,0000;0,8600;0,1147;0,0000;0,0000;0,4380;-0,5500;0,4900;0;0,0166;60,4200;0;1;1;1;0;0
81,1806;171,4501;11,6000;1,0400;0,3502;0,0000;0,8599;0,1147;0,0000;0,0000;0,4378;-0,5600;0,4800;0;0,0166;60,4100;0;1;1;1;0;0
81,1945;171,4949;11,6000;1,0413;0,3501;0,0000;0,8597;0,1147;0,0000;0,0000;0,4376;-0,5700;0,4700;0;0,0166;60,4000;0;1;1;1;0;0
81,2084;171,5396;11,6000;1,0729;0,3499;0,0000;0,8595;0,1147;0,0000;0,0000;0,4374;-0,5800;0,4900;0;0,0166;60,3900;0;1;1;1;0;0
81,2223;171,7871;11,6000;1,0938;0,3505;0,0000;0,8593;0,1147;0,0000;0,0000;0,4381;-0,7800;0,3100;0;0,0166;60,3400;0;1;1;1;0;0
81,2362;171,7871;11,6000;1,1192;0,3502;0,0000;0,8591;0,1147;0,0000;0,0000;0,4378;-0,7500;0,3700;0;0,0166;60,3400;0;1;1;1;0;0
81,2500;171,7871;11,6000;1,1426;0,3501;0,0000;0,8590;0,1147;0,0000;0,0000;0,4376;-0,7100;0,4300;0;0,0166;60,3400;0;1;1;1;0;0
81,2639;171,7871;11,6000;1,1471;0,3499;0,0000;0,8588;0,1147;0,0000;0,0000;0,4374;-0,6800;0,4700;0;0,0166;60,3400;0;1;1;1;0;0
81,2778;171,7871;11,6000;1,1437;0,3497;0,0000;0,8587;0,1147;0,0000;0,0000;0,4372;-0,6400;0,5000;0;0,0166;60,3400;0;1;1;1;0;0
81,2917;171,8114;11,6000;1,1431;0,3495;0,0000;0,8585;0,1147;0,0000;0,0000;0,4369;-0,6300;0,5100;0;0,0166;60,3300;0;1;1;1;0;0
81,3056;171,8562;11,6000;1,1502;0,3493;0,0000;0,8582;0,1147;0,0000;0,0000;0,4366;-0,6400;0,5100;0;0,0166;60,3200;0;1;1;1;0;0
81,3195;171,9009;11,6000;1,1374;0,3491;0,0000;0,8580;0,1147;0,0000;0,0000;0,4364;-0,6500;0,4900;0;0,0166;60,3100;0;1;1;1;0;0
81,3334;171,9457;11,6000;1,1308;0,3489;0,0000;0,8577;0,1147;0,0000;0,0000;0,4362;-0,6600;0,4700;0;0,0166;60,2900;0;1;1;1;0;0
81,3473;171,9904;11,6000;1,1415;0,3488;0,0000;0,8573;0,1147;0,0000;0,0000;0,4359;-0,6700;0,4700;0;0,0166;60,2800;0;1;1;1;0;0
81,3612;172,2426;11,6000;1,1760;0,3492;0,0000;0,8569;0,1147;0,0000;0,0000;0,4366;-0,8700;0,3000;0;0,0166;60,2000;0;1;1;1;0;0
81,3750;172,2426;11,6000;1,1976;0,3490;0,0000;0,8566;0,1147;0,0000;0,0000;0,4363;-0,8400;0,3600;0;0,0166;60,2000;0;1;1;1;0;0
81,3889;172,2426;11,6000;1,2197;0,3488;0,0000;0,8563;0,1147;0,0000;0,0000;0,4360;-0,8000;0,4200;0;0,0166;60,2000;0;1;1;1;0;0
81,4028;172,2426;11,6000;1,2241;0,3486;0,0000;0,8560;0,1147;0,0000;0,0000;0,4358;-0,7600;0,4600;0;0,0166;60,2000;0;1;1;1;0;0
81,4167;172,2426;11,6000;1,2227;0,3485;0,0000;0,8558;0,1147;0,0000;0,0000;0,4356;-0,7300;0,5000;0;0,0166;60,2000;0;1;1;1;0;0
81,4306;172,2623;11,6000;1,2524;0,3483;0,0000;0,8555;0,1147;0,0000;0,0000;0,4353;-0,7100;0,5400;0;0,0166;60,2000;0;1;1;1;0;0
81,4445;172,3070;11,6000;1,2733;0,3480;0,0000;0,8551;0,1147;0,0000;0,0000;0,4350;-0,7100;0,5600;0;0,0166;60,1800;0;1;1;1;0;0
81,4584;172,3518;11,6000;1,2968;0,3478;0,0000;0,8548;0,1147;0,0000;0,0000;0,4348;-0,7100;0,5800;0;0,0166;60,1600;0;1;1;1;0;0
81,4723;172,3965;11,6000;1,3233;0,3477;0,0000;0,8544;0,1147;0,0000;0,0000;0,4346;-0,7200;0,6000;0;0,0166;60,1400;0;1;1;1;0;0
81,4862;172,4413;11,6000;1,3286;0,3475;0,0000;0,8540;0,1147;0,0000;0,0000;0,4344;-0,7200;0,6100;0;0,0166;60,1300;0;1;1;1;0;0
81,5000;172,6984;11,6000;1,3617;0,3480;0,0000;0,8536;0,1147;0,0000;0,0000;0,4350;-0,9200;0,4400;0;0,0167;60,0300;0;1;1;1;0;0
81,5139;172,6984;11,6000;1,4021;0,3478;0,0000;0,8532;0,1147;0,0000;0,0000;0,4348;-0,8800;0,5200;0;0,0167;60,0300;0;1;1;1;0;0
81,5278;172,6984;11,6000;1,4706;0,3476;0,0000;0,8529;0,1147;0,0000;0,0000;0,4346;-0,8400;0,6300;0;0,0167;60,0300;0;1;1;1;0;0
81,5417;172,6984;11,6000;1,4897;0,3475;0,0000;0,8526;0,1147;0,0000;0,0000;0,4344;-0,7900;0,7000;0;0,0167;60,0300;0;1;1;1;0;0
81,5556;172,6984;11,6000;1,5333;0,3474;0,0000;0,8524;0,1147;0,0000;0,0000;0,4343;-0,7400;0,7900;0;0,0167;60,0300;0;1;1;1;0;0
81,5695;172,7131;11,6000;1,5785;0,3473;0,0000;0,8521;0,1147;0,0000;0,0000;0,4341;-0,7100;0,8700;0;0,0167;60,0200;0;1;1;1;0;0
81,5834;172,7579;11,6000;1,6198;0,3471;0,0000;0,8518;0,1147;0,0000;0,0000;0,4339;-0,7100;0,9100;0;0,0167;60,0000;0;1;1;1;0;0
81,5973;172,8026;11,6000;1,6640;0,3470;0,0000;0,8516;0,1147;0,0000;0,0000;0,4338;-0,7000;0,9600;0;0,0167;59,9800;0;1;1;1;0;0
81,6112;172,8474;11,6000;1,6729;0,3469;0,0000;0,8513;0,1147;0,0000;0,0000;0,4337;-0,6900;0,9800;0;0,0167;59,9600;0;1;1;1;0;0
81,6250;172,8922;11,6000;1,7241;0,3469;0,0000;0,8510;0,1147;0,0000;0,0000;0,4336;-0,6800;1,0400;0;0,0167;59,9400;0;1;1;2;0;0
81,6389;173,1540;11,6000;1,7718;0,3476;0,0000;0,8507;0,1147;0,0000;0,0000;0,4345;-0,8800;0,8900;0;0,0167;59,8200;0;1;1;2;0;0
81,6528;173,1540;11,6000;1,8110;0,3475;0,0000;0,8505;0,1147;0,0000;0,0000;0,4344;-0,8200;0,9900;0;0,0167;59,8200;0;1;1;2;0;0
81,6667;173,1540;11,6000;1,8435;0,3474;0,0000;0,8504;0,1147;0,0000;0,0000;0,4343;-0,7700;1,0800;0;0,0167;59,8200;0;1;1;2;0;0
81,6806;173,1540;11,6000;1,8804;0,3474;0,0000;0,8503;0,1147;0,0000;0,0000;0,4343;-0,7100;1,1700;0;0,0167;59,8200;0;1;1;2;0;0
81,6945;173,1540;11,6000;1,8930;0,3475;0,0000;0,8503;0,1147;0,0000;0,0000;0,4344;-0,6500;1,2400;0;0,0167;59,8200;0;1;1;2;0;0
81,7084;173,1640;11,6000;1,9077;0,3475;0,0000;0,8503;0,1147;0,0000;0,0000;0,4344;-0,6100;1,3000;0;0,0167;59,8100;0;1;1;2;0;0
81,7223;173,2088;11,6000;1,9107;0,3475;0,0000;0,8503;0,1147;0,0000;0,0000;0,4344;-0,5900;1,3200;0;0,0167;59,7900;0;1;1;2;0;0
81,7362;173,2535;11,6000;1,9188;0,3475;0,0000;0,8503;0,1147;0,0000;0,0000;0,4344;-0,5800;1,3400;0;0,0167;59,7700;0;1;1;2;0;0
81,7500;173,2983;11,6000;1,9169;0,3476;0,0000;0,8504;0,1147;0,0000;0,0000;0,4345;-0,5600;1,3500;0;0,0167;59,7400;0;1;1;2;0;0
81,7639;173,3430;11,6000;1,8983;0,3477;0,0000;0,8504;0,1147;0,0000;0,0000;0,4346;-0,5500;1,3500;0;0,0167;59,7200;0;1;1;2;0;0
81,7778;173,6097;11,6000;1,8694;0,3484;0,0000;0,8505;0,1147;0,0000;0,0000;0,4356;-0,7500;1,1200;0;0,0168;59,5700;0;1;1;2;0;0
81,7917;173,6097;11,6000;1,8170;0,3484;0,0000;0,8506;0,1147;0,0000;0,0000;0,4356;-0,6900;1,1300;0;0,0168;59,5700;0;1;1;2;0;0
81,8056;173,6097;11,6000;1,8066;0,3485;0,0000;0,8508;0,1147;0,0000;0,0000;0,4356;-0,6400;1,1700;0;0,0168;59,5700;0;1;1;2;0;0
81,8195;173,6097;11,6000;1,7575;0,3485;0,0000;0,8511;0,1147;0,0000;0,0000;0,4357;-0,5800;1,1700;0;0,0168;59,5700;0;1;1;2;0;0
81,8334;173,6097;11,6000;1,7067;0,3486;0,0000;0,8514;0,1147;0,0000;0,0000;0,4357;-0,5300;1,1700;0;0,0168;59,5700;0;1;1;2;0;0
81,8473;173,6149;11,6000;1,5543;0,3486;0,0000;0,8517;0,1147;0,0000;0,0000;0,4358;-0,4900;1,0600;0;0,0168;59,5700;0;1;1;2;0;0
81,8612;173,6597;11,6000;1,4924;0,3486;0,0000;0,8520;0,1147;0,0000;0,0000;0,4357;-0,4900;1,0000;0;0,0168;59,5400;0;1;1;2;0;0
81,8750;173,7044;11,6000;1,4617;0,3486;0,0000;0,8522;0,1147;0,0000;0,0000;0,4357;-0,4900;0,9700;0;0,0168;59,5200;0;1;1;2;0;0
81,8889;173,7492;11,6000;1,4195;0,3485;0,0000;0,8525;0,1147;0,0000;0,0000;0,4357;-0,4900;0,9300;0;0,0168;59,4900;0;1;1;2;0;0
81,9028;173,7939;11,6000;1,3863;0,3485;0,0000;0,8527;0,1147;0,0000;0,0000;0,4357;-0,4900;0,9000;0;0,0168;59,4600;0;1;1;2;0;0
81,9167;174,0654;11,6000;1,3534;0,3492;0,0000;0,8528;0,1147;0,0000;0,0000;0,4366;-0,7100;0,6400;0;0,0169;59,2900;0;1;1;2;0;0
81,9306;174,0654;11,6000;1,3468;0,3492;0,0000;0,8530;0,1147;0,0000;0,0000;0,4364;-0,6700;0,6800;0;0,0169;59,2900;0;1;1;2;0;0
81,9445;174,0654;11,6000;1,3208;0,3491;0,0000;0,8532;0,1147;0,0000;0,0000;0,4363;-0,6300;0,6900;0;0,0169;59,2900;0;1;1;2;0;0
81,9584;174,0654;11,6000;1,2842;0,3490;0,0000;0,8535;0,1147;0,0000;0,0000;0,4363;-0,5900;0,6900;0;0,0169;59,2900;0;1;1;2;0;0
81,9723;174,0654;11,6000;1,2411;0,3490;0,0000;0,8537;0,1147;0,0000;0,0000;0,4362;-0,5500;0,6900;0;0,0169;59,2900;0;1;1;2;0;0
81,9862;174,0658;11,6000;1,2056;0,3489;0,0000;0,8539;0,1147;0,0000;0,0000;0,4362;-0,5200;0,6900;0;0,0169;59,2900;0;1;1;2;0;0
82,0000;174,1106;11,6000;1,1921;0,3488;0,0000;0,8541;0,1147;0,0000;0,0000;0,4360;-0,5200;0,6700;0;0,0169;59,2600;0;1;1;2;0;0
82,0139;174,1553;11,6000;1,1937;0,3486;0,0000;0,8541;0,1147;0,0000;0,0000;0,4358;-0,5300;0,6600;0;0,0169;59,2300;0;1;1;2;0;0
82,0278;174,2001;11,6000;1,1917;0,3485;0,0000;0,8541;0,1147;0,0000;0,0000;0,4357;-0,5400;0,6500;0;0,0169;59,2000;0;1;1;2;0;0
82,0417;174,2448;11,6000;1,1913;0,3485;0,0000;0,8541;0,1147;0,0000;0,0000;0,4356;-0,5500;0,6400;0;0,0169;59,1700;0;1;1;2;0;0
82,0556;174,2896;11,6000;1,1953;0,3484;0,0000;0,8540;0,1147;0,0000;0,0000;0,4355;-0,5500;0,6400;0;0,0169;59,1400;0;1;1;2;0;0
82,0695;174,5210;11,6000;1,2231;0,3489;0,0000;0,8539;0,1147;0,0000;0,0000;0,4362;-0,7400;0,4800;0;0,0170;58,9800;0;1;1;2;0;0
82,0834;174,5210;11,6000;1,2491;0,3488;0,0000;0,8539;0,1147;0,0000;0,0000;0,4360;-0,7000;0,5500;0;0,0170;58,9800;0;1;1;2;0;0
82,0973;174,5210;11,6000;1,2654;0,3487;0,0000;0,8539;0,1147;0,0000;0,0000;0,4359;-0,6600;0,6000;0;0,0170;58,9800;0;1;1;2;0;0
82,1112;174,5210;11,6000;1,2879;0,3486;0,0000;0,8539;0,1147;0,0000;0,0000;0,4358;-0,6200;0,6600;0;0,0170;58,9800;0;1;1;2;0;0
82,1250;174,5210;11,6000;1,2924;0,3486;0,0000;0,8539;0,1147;0,0000;0,0000;0,4357;-0,5800;0,7100;0;0,0170;58,9800;0;1;1;2;0;0
82,1389;174,5615;11,6000;1,3249;0,3484;0,0000;0,8538;0,1147;0,0000;0,0000;0,4355;-0,5800;0,7400;0;0,0170;58,9500;0;1;1;2;0;0
82,1528;174,6062;11,6000;1,3649;0,3483;0,0000;0,8538;0,1147;0,0000;0,0000;0,4354;-0,5900;0,7800;0;0,0170;58,9100;0;1;1;2;0;0
82,1667;174,6510;11,6000;1,4553;0,3482;0,0000;0,8537;0,1147;0,0000;0,0000;0,4353;-0,5900;0,8700;0;0,0170;58,8800;0;1;1;2;0;0
82,1806;174,6957;11,5000;1,4820;0,3482;0,0000;0,8536;0,1147;0,0000;0,0000;0,4352;-0,5800;0,9000;0;0,0170;58,8400;0;1;1;2;0;0
82,1945;174,7401;11,5000;1,5353;0,3482;0,0000;0,8535;0,1147;0,0000;0,0000;0,4352;-0,5800;0,9500;0;0,0170;58,8100;0;1;1;2;0;0
82,2084;174,9767;11,5000;1,5777;0,3488;0,0000;0,8533;0,1147;0,0000;0,0000;0,4360;-0,7700;0,8100;0;0,0171;58,6300;0;1;1;2;0;0
82,2223;174,9767;11,5000;1,6186;0,3487;0,0000;0,8533;0,1147;0,0000;0,0000;0,4359;-0,7200;0,9000;0;0,0171;58,6300;0;1;1;2;0;0
82,2362;174,9767;11,5000;1,6538;0,3487;0,0000;0,8533;0,1147;0,0000;0,0000;0,4359;-0,6700;0,9900;0;0,0171;58,6300;0;1;1;2;0;0
82,2500;174,9767;11,5000;1,6609;0,3487;0,0000;0,8533;0,1147;0,0000;0,0000;0,4359;-0,6200;1,0400;0;0,0171;58,6300;0;1;1;2;0;0
82,2639;174,9767;11,5000;1,6829;0,3487;0,0000;0,8534;0,1147;0,0000;0,0000;0,4359;-0,5700;1,1200;0;0,0171;58,6300;0;1;1;2;0;0
82,2778;175,0097;11,5000;1,7117;0,3487;0,0000;0,8534;0,1147;0,0000;0,0000;0,4359;-0,5500;1,1600;0;0,0171;58,6000;0;1;1;2;0;0
82,2917;175,0541;11,5000;1,7519;0,3487;0,0000;0,8535;0,1147;0,0000;0,0000;0,4359;-0,5400;1,2100;0;0,0171;58,5600;0;1;1;2;0;0
82,3056;175,0984;11,5000;1,7809;0,3487;0,0000;0,8536;0,1147;0,0000;0,0000;0,4359;-0,5300;1,2500;0;0,0171;58,5300;0;1;1;2;0;0
82,3195;175,1428;11,5000;1,8059;0,3488;0,0000;0,8536;0,1147;0,0000;0,0000;0,4360;-0,5200;1,2800;0;0,0171;58,4900;0;1;1;2;0;0
82,3334;175,1872;11,5000;1,8354;0,3489;0,0000;0,8537;0,1147;0,0000;0,0000;0,4361;-0,5100;1,3300;0;0,0171;58,4500;0;1;1;2;0;0
82,3473;175,4324;11,5000;1,8413;0,3497;0,0000;0,8538;0,1147;0,0000;0,0000;0,4371;-0,6900;1,1500;0;0,0172;58,2500;0;1;1;2;0;0
82,3612;175,4324;11,5000;1,8495;0,3497;0,0000;0,8539;0,1147;0,0000;0,0000;0,4371;-0,6400;1,2100;0;0,0172;58,2500;0;1;1;2;0;0
82,3750;175,4324;11,5000;1,8793;0,3498;0,0000;0,8542;0,1147;0,0000;0,0000;0,4372;-0,5800;1,3000;0;0,0172;58,2500;0;1;1;2;0;0
82,3889;175,4324;11,5000;1,9131;0,3499;0,0000;0,8545;0,1147;0,0000;0,0000;0,4374;-0,5200;1,3900;0;0,0172;58,2500;0;1;1;2;0;0
82,4028;175,4324;11,5000;1,9143;0,3501;0,0000;0,8548;0,1147;0,0000;0,0000;0,4376;-0,4700;1,4500;0;0,0172;58,2500;0;1;1;2;0;0
82,4167;175,4568;11,5000;1,9054;0,3502;0,0000;0,8551;0,1147;0,0000;0,0000;0,4377;-0,4300;1,4700;0;0,0172;58,2200;0;1;1;2;0;0
82,4306;175,5012;11,5000;1,8928;0,3503;0,0000;0,8555;0,1147;0,0000;0,0000;0,4378;-0,4200;1,4700;0;0,0172;58,1800;0;1;1;2;0;0
82,4445;175,5456;11,5000;1,8903;0,3504;0,0000;0,8558;0,1147;0,0000;0,0000;0,4380;-0,4100;1,4800;0;0,0172;58,1400;0;1;1;2;0;0
82,4584;175,5900;11,5000;1,8887;0,3505;0,0000;0,8562;0,1147;0,0000;0,0000;0,4382;-0,4000;1,4900;0;0,0172;58,1000;0;1;1;2;0;0
82,4723;175,6343;11,5000;1,8835;0,3507;0,0000;0,8566;0,1147;0,0000;0,0000;0,4384;-0,3800;1,5000;0;0,0172;58,0600;0;1;1;2;0;0
82,4862;175,8880;11,5000;1,8652;0,3516;0,0000;0,8569;0,1147;0,0000;0,0000;0,4395;-0,5800;1,2900;0;0,0173;57,8300;0;1;1;2;0;0
82,5000;175,8880;11,5000;1,8459;0,3517;0,0000;0,8574;0,1147;0,0000;0,0000;0,4396;-0,5200;1,3200;0;0,0173;57,8300;0;1;1;2;0;0
82,5139;175,8880;11,5000;1,8245;0,3518;0,0000;0,8579;0,1147;0,0000;0,0000;0,4397;-0,4700;1,3500;0;0,0173;57,8300;0;1;1;2;0;0
82,5278;175,8880;11,5000;1,8089;0,3519;0,0000;0,8584;0,1147;0,0000;0,0000;0,4399;-0,4100;1,3900;0;0,0173;57,8300;0;1;1;2;0;0
82,5417;175,8880;11,5000;1,8056;0,3521;0,0000;0,8590;0,1147;0,0000;0,0000;0,4401;-0,3600;1,4400;0;0,0173;57,8300;0;1;1;2;0;0
82,5556;175,9040;11,5000;1,7874;0,3523;0,0000;0,8596;0,1147;0,0000;0,0000;0,4403;-0,3200;1,4600;0;0,0173;57,8200;0;1;1;2;0;0
82,5695;175,9484;11,5000;1,7571;0,3523;0,0000;0,8601;0,1147;0,0000;0,0000;0,4404;-0,3200;1,4400;0;0,0173;57,7700;0;1;1;2;0;0
82,5834;175,9927;11,5000;1,7235;0,3525;0,0000;0,8607;0,1147;0,0000;0,0000;0,4406;-0,3100;1,4100;0;0,0173;57,7300;0;1;1;2;0;0
82,5973;176,0371;11,5000;1,6951;0,3526;0,0000;0,8612;0,1147;0,0000;0,0000;0,4407;-0,3000;1,3900;0;0,0173;57,6900;0;1;1;2;0;0
82,6112;176,0815;11,5000;1,6578;0,3527;0,0000;0,8617;0,1147;0,0000;0,0000;0,4409;-0,2900;1,3600;0;0,0173;57,6400;0;1;1;2;0;0
82,6250;176,3438;11,5000;1,6229;0,3536;0,0000;0,8622;0,1147;0,0000;0,0000;0,4420;-0,5100;1,1200;0;0,0174;57,3900;0;1;1;2;0;0
82,6389;176,3438;11,5000;1,5944;0,3537;0,0000;0,8627;0,1147;0,0000;0,0000;0,4421;-0,4600;1,1300;0;0,0174;57,3900;0;1;1;5;0;0
82,6528;176,3438;11,5000;1,5887;0,3538;0,0000;0,8633;0,1147;0,0000;0,0000;0,4422;-0,4100;1,1800;0;0,0174;57,3900;0;1;1;5;0;0
82,6667;176,3438;11,5000;1,5299;0,3539;0,0000;0,8639;0,1147;0,0000;0,0000;0,4424;-0,3700;1,1600;0;0,0174;57,3900;0;1;1;5;0;0
82,6806;176,3438;11,5000;1,4863;0,3540;0,0000;0,8645;0,1147;0,0000;0,0000;0,4425;-0,3200;1,1600;0;0,0174;57,3900;0;1;1;5;0;0
82,6945;176,3512;11,6000;1,4647;0,3541;0,0000;0,8650;0,1147;0,0000;0,0000;0,4427;-0,2900;1,1800;0;0,0174;57,3800;0;1;1;5;0;0
82,7084;176,3960;11,6000;1,4336;0,3542;0,0000;0,8656;0,1147;0,0000;0,0000;0,4427;-0,2900;1,1400;0;0,0174;57,3400;0;1;1;5;0;0
82,7223;176,4407;11,6000;1,3907;0,3542;0,0000;0,8661;0,1147;0,0000;0,0000;0,4428;-0,2900;1,1000;0;0,0175;57,2900;0;1;1;5;0;0
82,7362;176,4855;11,6000;1,3590;0,3543;0,0000;0,8666;0,1147;0,0000;0,0000;0,4428;-0,2900;1,0600;0;0,0175;57,2400;0;1;1;5;0;0
82,7500;176,5302;11,6000;1,3526;0,3544;0,0000;0,8670;0,1147;0,0000;0,0000;0,4429;-0,3000;1,0500;0;0,0175;57,2000;0;1;1;5;0;0
82,7639;176,7993;11,6000;1,2998;0,3552;0,0000;0,8674;0,1147;0,0000;0,0000;0,4440;-0,5300;0,7700;0;0,0176;56,9200;0;1;1;5;0;0
82,7778;176,7993;11,6000;1,2427;0,3551;0,0000;0,8678;0,1147;0,0000;0,0000;0,4439;-0,4900;0,7500;0;0,0176;56,9200;0;1;1;5;0;0
82,7917;176,7993;11,6000;1,2368;0,3551;0,0000;0,8683;0,1147;0,0000;0,0000;0,4439;-0,4500;0,7800;0;0,0176;56,9200;0;1;1;5;0;0
82,8056;176,7993;11,6000;1,1897;0,3551;0,0000;0,8688;0,1147;0,0000;0,0000;0,4439;-0,4200;0,7700;0;0,0176;56,9200;0;1;1;5;0;0
82,8195;176,7993;11,6000;1,1795;0,3551;0,0000;0,8692;0,1147;0,0000;0,0000;0,4439;-0,3800;0,8000;0;0,0176;56,9200;0;1;1;5;0;0
82,8334;176,8023;11,6000;1,1529;0,3552;0,0000;0,8696;0,1147;0,0000;0,0000;0,4440;-0,3500;0,8000;0;0,0176;56,9100;0;1;1;5;0;0
82,8473;176,8470;11,6000;1,1446;0,3551;0,0000;0,8700;0,1147;0,0000;0,0000;0,4438;-0,3600;0,7800;0;0,0176;56,8600;0;1;1;5;0;0
82,8612;176,8918;11,6000;1,1297;0,3550;0,0000;0,8703;0,1147;0,0000;0,0000;0,4438;-0,3700;0,7600;0;0,0176;56,8100;0;1;1;5;0;0
82,8750;176,9365;11,6000;1,1137;0,3549;0,0000;0,8705;0,1147;0,0000;0,0000;0,4437;-0,3800;0,7300;0;0,0176;56,7700;0;1;1;5;0;0
82,8889;176,9813;11,6000;1,0989;0,3549;0,0000;0,8707;0,1147;0,0000;0,0000;0,4437;-0,3900;0,7000;0;0,0176;56,7200;0;1;1;5;0;0
82,9028;177,0260;11,6000;1,0716;0,3549;0,0000;0,8708;0,1147;0,0000;0,0000;0,4436;-0,4100;0,4300;0;0,0176;56,6700;0;1;1;5;0;0
82,9167;177,2551;11,6000;1,0340;0,3555;0,0000;0,8709;0,1147;0,0000;0,0000;0,4444;-0,6100;0,4300;0;0,0177;56,4200;0;1;1;5;0;0
82,9306;177,2551;11,6000;1,0260;0,3553;0,0000;0,8710;0,1147;0,0000;0,0000;0,4442;-0,5800;0,4500;0;0,0177;56,4200;0;1;1;5;0;0
82,9445;177,2551;11,6000;1,0097;0,3552;0,0000;0,8712;0,1147;0,0000;0,0000;0,4440;-0,5400;0,4600;0;0,0177;56,4200;0;1;1;5;0;0
82,9584;177,2551;11,6000;0,9939;0,3551;0,0000;0,8713;0,1147;0,0000;0,0000;0,4439;-0,5100;0,4800;0;0,0177;56,4200;0;1;1;5;0;0
82,9723;177,2551;11,6000;0,9777;0,3550;0,0000;0,8714;0,1147;0,0000;0,0000;0,4438;-0,4800;0,4900;0;0,0177;56,4200;0;1;1;5;0;0
82,9862;177,2982;11,6000;0,9610;0,3548;0,0000;0,8715;0,1147;0,0000;0,0000;0,4435;-0,5000;0,4600;0;0,0177;56,3700;0;1;1;5;0;0
83,0000;177,3429;11,6000;0,9295;0,3546;0,0000;0,8715;0,1147;0,0000;0,0000;0,4433;-0,5200;0,4100;0;0,0178;56,3100;0;1;1;5;0;0
83,0139;177,3877;11,6000;0,8756;0,3544;0,0000;0,8715;0,1147;0,0000;0,0000;0,4430;-0,5400;0,3400;0;0,0178;56,2600;0;1;1;5;0;0
83,0278;177,4324;11,6000;0,8546;0,3542;0,0000;0,8713;0,1147;0,0000;0,0000;0,4428;-0,5600;0,3000;0;0,0178;56,2100;0;1;1;5;0;0
83,0417;177,4772;11,6000;0,8355;0,3540;0,0000;0,8712;0,1147;0,0000;0,0000;0,4425;-0,5800;0,2600;0;0,0178;56,1600;0;1;1;5;0;0
83,0556;177,7106;11,6000;0,8027;0,3545;0,0000;0,8709;0,1147;0,0000;0,0000;0,4431;-0,7900;0,0000;0;0,0179;55,8900;0;1;1;5;0;0
83,0695;177,7106;11,6000;0,8157;0,3542;0,0000;0,8707;0,1147;0,0000;0,0000;0,4427;-0,7700;0,0500;0;0,0179;55,8900;0;1;1;5;0;0
83,0834;177,7106;11,6000;0,7967;0,3539;0,0000;0,8705;0,1147;0,0000;0,0000;0,4423;-0,7400;0,0500;0;0,0179;55,8900;0;1;1;5;0;0
83,0973;177,7106;11,6000;0,7644;0,3536;0,0000;0,8703;0,1147;0,0000;0,0000;0,4420;-0,7200;0,0400;0;0,0179;55,8900;0;1;1;5;0;0
83,1112;177,7106;11,6000;0,7183;0,3533;0,0000;0,8700;0,1147;0,0000;0,0000;0,4416;-0,7000;0,0200;0;0,0179;55,8900;0;1;1;5;0;0
83,1250;177,7493;11,6000;0,7084;0,3529;0,0000;0,8696;0,1147;0,0000;0,0000;0,4412;-0,7100;0,0000;0;0,0179;55,8400;0;1;1;5;0;0
83,1389;177,7940;11,6000;0,6270;0,3525;0,0000;0,8692;0,1147;0,0000;0,0000;0,4406;-0,7400;-0,1200;0;0,0179;55,7800;0;1;1;5;0;0
83,1528;177,8388;11,6000;0,6328;0,3521;0,0000;0,8688;0,1147;0,0000;0,0000;0,4401;-0,7700;-0,1400;0;0,0179;55,7300;0;1;1;5;0;0
83,1667;177,8835;11,6000;0,6348;0,3517;0,0000;0,8682;0,1147;0,0000;0,0000;0,4396;-0,8000;-0,1600;0;0,0180;55,6700;0;1;1;5;0;0
83,1806;177,9283;11,6000;0,6189;0,3513;0,0000;0,8676;0,1147;0,0000;0,0000;0,4391;-0,8200;-0,2100;0;0,0180;55,6200;0;1;1;5;0;0
83,1945;178,1665;11,8000;0,5843;0,3516;0,0000;0,8668;0,1147;0,0000;0,0000;0,4395;-1,0500;-0,4700;0;0,0181;55,3300;0;1;1;5;0;0
83,2084;178,1665;11,8000;0,5705;0,3510;0,0000;0,8661;0,1147;0,0000;0,0000;0,4388;-1,0300;-0,4600;0;0,0181;55,3300;0;1;1;5;0;0
83,2223;178,1665;11,8000;0,5547;0,3505;0,0000;0,8654;0,1147;0,0000;0,0000;0,4381;-1,0200;-0,4600;0;0,0181;55,3300;0;1;1;5;0;0
83,2362;178,1665;11,8000;0,5300;0,3500;0,0000;0,8647;0,1147;0,0000;0,0000;0,4375;-1,0000;-0,4700;0;0,0181;55,3300;0;1;1;5;0;0
83,2500;178,1665;11,8000;0,5183;0,3495;0,0000;0,8638;0,1147;0,0000;0,0000;0,4369;-0,9800;-0,4700;0;0,0181;55,3300;0;1;1;5;0;0
83,2639;178,2042;11,8000;0,5283;0,3489;0,0000;0,8630;0,1147;0,0000;0,0000;0,4361;-1,0100;-0,4800;0;0,0181;55,2800;0;1;1;5;0;0
83,2778;178,2498;11,8000;0,5437;0,3482;0,0000;0,8620;0,1147;0,0000;0,0000;0,4353;-1,0400;-0,4900;0;0,0181;55,2200;0;1;1;5;0;0
83,2917;178,2953;11,8000;0,5641;0,3476;0,0000;0,8609;0,1147;0,0000;0,0000;0,4345;-1,0700;-0,5000;0;0,0181;55,1600;0;1;1;5;0;0
83,3056;178,3408;11,8000;0,6010;0,3470;0,0000;0,8598;0,1147;0,0000;0,0000;0,4337;-1,1000;-0,5000;0;0,0181;55,1100;0;1;1;5;0;0
83,3195;178,3863;11,8000;0,6223;0,3464;0,0000;0,8585;0,1147;0,0000;0,0000;0,4330;-1,1300;-0,5000;0;0,0182;55,0500;0;1;1;5;0;0
83,3334;178,6220;11,8000;0,6257;0,3464;0,0000;0,8572;0,1147;0,0000;0,0000;0,4330;-1,3500;-0,7300;0;0,0183;54,7500;0;1;1;5;0;0
83,3473;178,6220;11,8000;0,6186;0,3457;0,0000;0,8559;0,1147;0,0000;0,0000;0,4321;-1,3300;-0,7200;0;0,0183;54,7500;0;1;1;5;0;0
83,3612;178,6220;11,8000;0,6585;0,3450;0,0000;0,8546;0,1147;0,0000;0,0000;0,4312;-1,3200;-0,6600;0;0,0183;54,7500;0;1;1;5;0;0
83,3750;178,6220;11,8000;0,6681;0,3443;0,0000;0,8532;0,1147;0,0000;0,0000;0,4303;-1,3000;-0,6300;0;0,0183;54,7500;0;1;1;5;0;0
83,3889;178,6220;11,8000;0,6601;0,3436;0,0000;0,8518;0,1147;0,0000;0,0000;0,4295;-1,2800;-0,6200;0;0,0183;54,7500;0;1;1;5;0;0
83,4028;178,6630;11,8000;0,6826;0,3428;0,0000;0,8503;0,1147;0,0000;0,0000;0,4285;-1,3000;-0,6200;0;0,0183;54,6900;0;1;1;5;0;0
83,4167;178,7085;11,8000;0,7026;0,3420;0,0000;0,8488;0,1147;0,0000;0,0000;0,4275;-1,3300;-0,6300;0;0,0183;54,6300;0;1;1;5;0;0
83,4306;178,7540;11,8000;0,7629;0,3413;0,0000;0,8472;0,1147;0,0000;0,0000;0,4266;-1,3500;-0,5900;0;0,0183;54,5700;0;1;1;5;0;0
83,4445;178,7995;11,8000;0,7728;0,3405;0,0000;0,8455;0,1147;0,0000;0,0000;0,4256;-1,3800;-0,6100;0;0,0183;54,5100;0;1;1;5;0;0
83,4584;178,8450;11,4000;0,8179;0,3398;0,0000;0,8437;0,1147;0,0000;0,0000;0,4247;-1,4000;-0,5800;0;0,0184;54,4500;0;1;1;5;0;0
83,4723;179,0778;11,4000;0,8194;0,3397;0,0000;0,8419;0,1147;0,0000;0,0000;0,4247;-1,6200;-0,8000;0;0,0185;54,1400;0;1;1;5;0;0
83,4862;179,0778;11,4000;0,8401;0,3389;0,0000;0,8401;0,1147;0,0000;0,0000;0,4236;-1,6000;-0,7600;0;0,0185;54,1400;0;1;1;5;0;0
83,5000;179,0778;11,4000;0,8719;0,3381;0,0000;0,8383;0,1147;0,0000;0,0000;0,4226;-1,5700;-0,7000;0;0,0185;54,1400;0;1;1;5;0;0
83,5139;179,0778;11,4000;0,9113;0,3374;0,0000;0,8365;0,1147;0,0000;0,0000;0,4217;-1,5500;-0,6400;0;0,0185;54,1400;0;1;1;5;0;0
83,5278;179,0778;11,4000;0,9614;0,3366;0,0000;0,8347;0,1147;0,0000;0,0000;0,4208;-1,5200;-0,5600;0;0,0185;54,1400;0;1;1;5;0;0
83,5417;179,1124;11,4000;1,0084;0,3358;0,0000;0,8329;0,1147;0,0000;0,0000;0,4197;-1,5300;-0,5200;0;0,0185;54,1000;0;1;1;5;0;0
83,5556;179,1564;11,4000;1,0513;0,3350;0,0000;0,8310;0,1147;0,0000;0,0000;0,4187;-1,5400;-0,4900;0;0,0185;54,0300;0;1;1;5;0;0
83,5695;179,2003;11,4000;1,1622;0,3342;0,0000;0,8291;0,1147;0,0000;0,0000;0,4178;-1,5600;-0,4000;0;0,0185;53,9700;0;1;1;5;0;0
83,5834;179,2443;11,4000;1,1965;0,3335;0,0000;0,8271;0,1147;0,0000;0,0000;0,4168;-1,5700;-0,3700;0;0,0185;53,9100;0;1;1;5;0;0
83,5973;179,2883;11,4000;1,2716;0,3328;0,0000;0,8251;0,1147;0,0000;0,0000;0,4159;-1,5800;-0,3100;0;0,0186;53,8500;0;1;1;5;0;0
83,6112;179,5334;11,4000;1,3754;0,3328;0,0000;0,8230;0,1147;0,0000;0,0000;0,4160;-1,8000;-0,4200;0;0,0187;53,5200;0;1;1;5;0;0
83,6250;179,5334;11,4000;1,4759;0,3320;0,0000;0,8210;0,1147;0,0000;0,0000;0,4150;-1,7600;-0,2800;0;0,0187;53,5200;0;1;1;5;0;0
83,6389;179,5334;11,4000;1,5664;0,3313;0,0000;0,8191;0,1147;0,0000;0,0000;0,4141;-1,7100;-0,1400;0;0,0187;53,5200;0;1;1;8;0;0
83,6528;179,5334;11,4000;1,6735;0,3306;0,0000;0,8172;0,1147;0,0000;0,0000;0,4133;-1,6600;0,0000;0;0,0187;53,5200;0;1;1;8;0;0
83,6667;179,5334;11,4000;1,7418;0,3300;0,0000;0,8153;0,1147;0,0000;0,0000;0,4125;-1,6100;0,1300;0;0,0187;53,5200;0;1;1;8;0;0
83,6806;179,5557;11,4000;1,8233;0,3294;0,0000;0,8135;0,1147;0,0000;0,0000;0,4117;-1,5800;0,2400;0;0,0187;53,4800;0;1;1;8;0;0
83,6945;179,5997;11,4000;1,8790;0,3287;0,0000;0,8116;0,1147;0,0000;0,0000;0,4109;-1,5800;0,3000;0;0,0187;53,4200;0;1;1;8;0;0
83,7084;179,6436;11,4000;1,9454;0,3281;0,0000;0,8098;0,1147;0,0000;0,0000;0,4101;-1,5700;0,3800;0;0,0187;53,3600;0;1;1;8;0;0
83,7223;179,6876;11,4000;2,0001;0,3275;0,0000;0,8079;0,1147;0,0000;0,0000;0,4094;-1,5600;0,4400;0;0,0188;53,2900;0;1;1;8;0;0
83,7362;179,7316;11,4000;2,0338;0,3270;0,0000;0,8060;0,1147;0,0000;0,0000;0,4087;-1,5500;0,4900;0;0,0188;53,2300;0;1;1;8;0;0
83,7500;179,9891;11,4000;2,0617;0,3272;0,0000;0,8042;0,1147;0,0000;0,0000;0,4090;-1,7600;0,3000;0;0,0189;52,8700;0;1;1;8;0;0
83,7639;179,9891;11,4000;2,0624;0,3266;0,0000;0,8025;0,1147;0,0000;0,0000;0,4082;-1,7000;0,3600;0;0,0189;52,8700;0;1;1;8;0;0
83,7778;179,9891;11,4000;2,0686;0,3260;0,0000;0,8008;0,1147;0,0000;0,0000;0,4075;-1,6400;0,4300;0;0,0189;52,8700;0;1;1;8;0;0
83,7917;179,9891;11,4000;2,0786;0,3255;0,0000;0,7993;0,1147;0,0000;0,0000;0,4069;-1,5800;0,5000;0;0,0189;52,8700;0;1;1;8;0;0
83,8056;179,9891;11,4000;2,0774;0,3250;0,0000;0,7978;0,1147;0,0000;0,0000;0,4063;-1,5200;0,5600;0;0,0189;52,8700;0;1;1;8;0;0
83,8195;179,9990;11,4000;2,0711;0,3245;0,0000;0,7963;0,1147;0,0000;0,0000;0,4057;-1,4700;0,6000;0;0,0189;52,8500;0;1;1;8;0;0
83,8334;180,0430;11,4000;2,0674;0,3240;0,0000;0,7948;0,1147;0,0000;0,0000;0,4050;-1,4600;0,6000;0;0,0189;52,7900;0;1;1;8;0;0
83,8473;180,0870;11,4000;2,0547;0,3234;0,0000;0,7933;0,1147;0,0000;0,0000;0,4043;-1,4500;0,6000;0;0,0190;52,7200;0;1;1;8;0;0
83,8612;180,1309;11,4000;2,0406;0,3230;0,0000;0,7919;0,1147;0,0000;0,0000;0,4037;-1,4400;0,6000;0;0,0190;52,6500;0;1;1;8;0;0
83,8750;180,1749;11,4000;2,0289;0,3225;0,0000;0,7904;0,1147;0,0000;0,0000;0,4031;-1,4300;0,6000;0;0,0190;52,5900;0;1;1;8;0;0
83,8889;180,4449;11,4000;2,0207;0,3228;0,0000;0,7889;0,1147;0,0000;0,0000;0,4035;-1,6600;0,3600;0;0,0192;52,1900;0;1;1;8;0;0
83,9028;180,4449;11,4000;2,0151;0,3223;0,0000;0,7875;0,1147;0,0000;0,0000;0,4028;-1,6000;0,4100;0;0,0192;52,1900;0;1;1;8;0;0
83,9167;180,4449;11,4000;2,0159;0,3218;0,0000;0,7862;0,1147;0,0000;0,0000;0,4022;-1,5400;0,4700;0;0,0192;52,1900;0;1;1;8;0;0
83,9306;180,4449;11,4000;2,0205;0,3213;0,0000;0,7849;0,1147;0,0000;0,0000;0,4016;-1,4900;0,5300;0;0,0192;52,1900;0;1;1;8;0;0
83,9445;180,4449;11,5000;2,0290;0,3208;0,0000;0,7837;0,1147;0,0000;0,0000;0,4011;-1,4300;0,6000;0;0,0192;52,1900;0;1;1;8;0;0
83,9584;180,4449;11,5000;2,0395;0,3204;0,0000;0,7824;0,1147;0,0000;0,0000;0,4005;-1,3700;0,6700;0;0,0192;52,1900;0;1;1;8;0;0
83,9723;180,4871;11,5000;2,0539;0,3199;0,0000;0,7812;0,1147;0,0000;0,0000;0,3999;-1,3500;0,7000;0;0,0192;52,1300;0;1;1;8;0;0
83,9862;180,5314;11,5000;2,0644;0,3194;0,0000;0,7799;0,1147;0,0000;0,0000;0,3993;-1,3400;0,7200;0;0,0192;52,0600;0;1;1;8;0;0
84,0000;180,5758;11,5000;2,0801;0,3190;0,0000;0,7786;0,1147;0,0000;0,0000;0,3987;-1,3300;0,7500;0;0,0192;51,9900;0;1;1;8;0;0
84,0139;180,6202;11,5000;2,0832;0,3186;0,0000;0,7773;0,1147;0,0000;0,0000;0,3983;-1,3200;0,7600;0;0,0193;51,9300;0;1;1;8;0;0
84,0278;180,6645;11,5000;2,0898;0,3183;0,0000;0,7760;0,1147;0,0000;0,0000;0,3979;-1,3100;0,7800;0;0,0193;51,8600;0;1;1;8;0;0
84,0417;180,9003;11,5000;2,0950;0,3187;0,0000;0,7747;0,1147;0,0000;0,0000;0,3983;-1,5000;0,5900;0;0,0194;51,5000;0;1;1;8;0;0
84,0556;180,9003;11,5000;2,0962;0,3183;0,0000;0,7735;0,1147;0,0000;0,0000;0,3978;-1,4400;0,6600;0;0,0194;51,5000;0;1;1;8;0;0
84,0695;180,9003;11,5000;2,0951;0,3179;0,0000;0,7724;0,1147;0,0000;0,0000;0,3974;-1,3800;0,7200;0;0,0194;51,5000;0;1;1;8;0;0
84,0834;180,9003;11,5000;2,0912;0,3176;0,0000;0,7714;0,1147;0,0000;0,0000;0,3970;-1,3200;0,7800;0;0,0194;51,5000;0;1;1;8;0;0
84,0973;180,9003;11,5000;2,0799;0,3173;0,0000;0,7704;0,1147;0,0000;0,0000;0,3966;-1,2500;0,8300;0;0,0194;51,5000;0;1;1;8;0;0
84,1112;180,9343;11,5000;2,0663;0,3169;0,0000;0,7694;0,1147;0,0000;0,0000;0,3961;-1,2300;0,8300;0;0,0194;51,4500;0;1;1;8;0;0
84,1250;180,9786;11,5000;2,0491;0,3165;0,0000;0,7685;0,1147;0,0000;0,0000;0,3956;-1,2200;0,8300;0;0,0195;51,3800;0;1;1;8;0;0
84,1389;181,0230;11,5000;2,0262;0,3162;0,0000;0,7675;0,1147;0,0000;0,0000;0,3952;-1,2100;0,8200;0;0,0195;51,3100;0;1;1;8;0;0
84,1528;181,0674;11,5000;2,0089;0,3159;0,0000;0,7665;0,1147;0,0000;0,0000;0,3948;-1,2000;0,8100;0;0,0195;51,2400;0;1;1;8;0;0
84,1667;181,1118;11,5000;1,9973;0,3156;0,0000;0,7655;0,1147;0,0000;0,0000;0,3945;-1,1900;0,8100;0;0,0195;51,1700;0;1;1;8;0;0
84,1806;181,3563;11,5000;1,9781;0,3160;0,0000;0,7646;0,1147;0,0000;0,0000;0,3950;-1,4000;0,5800;0;0,0197;50,7900;0;1;1;8;0;0
84,1945;181,3563;11,5000;1,9588;0,3157;0,0000;0,7636;0,1147;0,0000;0,0000;0,3946;-1,3400;0,6100;0;0,0197;50,7900;0;1;1;8;0;0
84,2084;181,3563;11,5000;1,9460;0,3153;0,0000;0,7628;0,1147;0,0000;0,0000;0,3941;-1,2900;0,6600;0;0,0197;50,7900;0;1;1;8;0;0
84,2223;181,3563;11,5000;1,9268;0,3150;0,0000;0,7621;0,1147;0,0000;0,0000;0,3937;-1,2300;0,7000;0;0,0197;50,7900;0;1;1;8;0;0
84,2362;181,3563;11,5000;1,9075;0,3147;0,0000;0,7613;0,1147;0,0000;0,0000;0,3934;-1,1700;0,7300;0;0,0197;50,7900;0;1;1;8;0;0
84,2500;181,3815;11,5000;1,8937;0,3143;0,0000;0,7605;0,1147;0,0000;0,0000;0,3929;-1,1500;0,7400;0;0,0197;50,7500;0;1;1;8;0;0
84,2639;181,4259;11,5000;1,8850;0,3140;0,0000;0,7597;0,1147;0,0000;0,0000;0,3925;-1,1400;0,7400;0;0,0197;50,6800;0;1;1;8;0;0
84,2778;181,4702;11,5000;1,8736;0,3136;0,0000;0,7589;0,1147;0,0000;0,0000;0,3920;-1,1400;0,7300;0;0,0198;50,6100;0;1;1;8;0;0
84,2917;181,5146;11,5000;1,8598;0,3133;0,0000;0,7581;0,1147;0,0000;0,0000;0,3916;-1,1300;0,7200;0;0,0198;50,5400;0;1;1;8;0;0
84,3056;181,5590;11,5000;1,8442;0,3130;0,0000;0,7572;0,1147;0,0000;0,0000;0,3912;-1,1300;0,7100;0;0,0198;50,4700;0;1;1;8;0;0
84,3195;181,8115;11,5000;1,8302;0,3135;0,0000;0,7563;0,1147;0,0000;0,0000;0,3918;-1,3600;0,4700;0;0,0200;50,0700;0;1;1;8;0;0
84,3334;181,8115;11,5000;1,8193;0,3131;0,0000;0,7554;0,1147;0,0000;0,0000;0,3913;-1,3100;0,5100;0;0,0200;50,0700;0;1;1;8;0;0
84,3473;181,8115;11,5000;1,8112;0,3127;0,0000;0,7546;0,1147;0,0000;0,0000;0,3909;-1,2600;0,5500;0;0,0200;50,0700;0;1;1;8;0;0
84,3612;181,8115;11,5000;1,8089;0,3124;0,0000;0,7539;0,1147;0,0000;0,0000;0,3905;-1,2000;0,6100;0;0,0200;50,0700;0;1;1;8;0;0
84,3750;181,8115;11,5000;1,8134;0,3121;0,0000;0,7532;0,1147;0,0000;0,0000;0,3901;-1,1500;0,6600;0;0,0200;50,0700;0;1;1;8;0;0
84,3889;181,8287;11,5000;1,8205;0,3117;0,0000;0,7524;0,1147;0,0000;0,0000;0,3897;-1,1200;0,7000;0;0,0200;50,0400;0;1;1;8;0;0
84,4028;181,8731;11,5000;1,8327;0,3114;0,0000;0,7516;0,1147;0,0000;0,0000;0,3892;-1,1100;0,7200;0;0,0200;49,9700;0;1;1;8;0;0
84,4167;181,9175;11,5000;1,8447;0,3110;0,0000;0,7508;0,1147;0,0000;0,0000;0,3888;-1,1100;0,7300;0;0,0200;49,8900;0;1;1;8;0;0
84,4306;181,9618;11,5000;1,8581;0,3107;0,0000;0,7499;0,1147;0,0000;0,0000;0,3884;-1,1100;0,7500;0;0,0201;49,8200;0;1;1;8;0;0
84,4445;182,0062;11,5000;1,8774;0,3104;0,0000;0,7490;0,1147;0,0000;0,0000;0,3880;-1,1000;0,7700;0;0,0201;49,7500;0;1;1;8;0;0
84,4584;182,2677;11,5000;1,9007;0,3110;0,0000;0,7481;0,1147;0,0000;0,0000;0,3887;-1,3500;0,5500;0;0,0203;49,3200;0;1;1;8;0;0
84,4723;182,2677;11,5000;1,9215;0,3106;0,0000;0,7473;0,1147;0,0000;0,0000;0,3883;-1,2900;0,6300;0;0,0203;49,3200;0;1;1;8;0;0
84,4862;182,2677;11,5000;1,9433;0,3103;0,0000;0,7466;0,1147;0,0000;0,0000;0,3879;-1,2400;0,7100;0;0,0203;49,3200;0;1;1;8;0;0
84,5000;182,2677;11,5000;1,9619;0,3100;0,0000;0,7459;0,1147;0,0000;0,0000;0,3875;-1,1800;0,7800;0;0,0203;49,3200;0;1;1;8;0;0
84,5139;182,2677;11,5000;1,9561;0,3098;0,0000;0,7452;0,1147;0,0000;0,0000;0,3872;-1,1200;0,8300;0;0,0203;49,3200;0;1;1;8;0;0
84,5278;182,2760;11,5000;1,9773;0,3095;0,0000;0,7445;0,1147;0,0000;0,0000;0,3869;-1,0700;0,9000;0;0,0203;49,3100;0;1;1;8;0;0
84,5417;182,3204;11,5000;2,0058;0,3092;0,0000;0,7438;0,1147;0,0000;0,0000;0,3865;-1,0700;0,9400;0;0,0203;49,2400;0;1;1;8;0;0
84,5556;182,3648;11,5000;1,9996;0,3089;0,0000;0,7431;0,1147;0,0000;0,0000;0,3861;-1,0600;0,9400;0;0,0203;49,1600;0;1;1;8;0;0
84,5695;182,4091;11,5000;2,0149;0,3086;0,0000;0,7423;0,1147;0,0000;0,0000;0,3858;-1,0500;0,9600;0;0,0204;49,0900;0;1;1;8;0;0
84,5834;182,4535;11,5000;2,0150;0,3084;0,0000;0,7415;0,1147;0,0000;0,0000;0,3855;-1,0500;0,9700;0;0,0204;49,0100;0;1;1;8;0;0
84,5973;182,7228;11,5000;2,0071;0,3091;0,0000;0,7408;0,1147;0,0000;0,0000;0,3864;-1,3000;0,7000;0;0,0206;48,5700;0;1;1;8;0;0
84,6112;182,7228;11,5000;1,9715;0,3088;0,0000;0,7401;0,1147;0,0000;0,0000;0,3860;-1,2400;0,7300;0;0,0206;48,5700;0;1;1;8;0;0
84,6250;182,7228;11,5000;1,9116;0,3085;0,0000;0,7395;0,1147;0,0000;0,0000;0,3856;-1,1900;0,7200;0;0,0206;48,5700;0;1;1;8;0;0
84,6389;182,7228;11,5000;1,8916;0,3082;0,0000;0,7390;0,1147;0,0000;0,0000;0,3853;-1,1300;0,7600;0;0,0206;48,5700;0;1;1;8;0;0
84,6528;182,7228;11,5000;1,8856;0,3080;0,0000;0,7384;0,1147;0,0000;0,0000;0,3850;-1,0800;0,8100;0;0,0206;48,5700;0;1;1;6;0;0
84,6667;182,7233;11,5000;1,9042;0,3078;0,0000;0,7379;0,1147;0,0000;0,0000;0,3847;-1,0200;0,8800;0;0,0206;48,5700;0;1;1;6;0;0
84,6806;182,7677;11,5000;1,9180;0,3075;0,0000;0,7373;0,1147;0,0000;0,0000;0,3843;-1,0200;0,9000;0;0,0206;48,4900;0;1;1;6;0;0
84,6945;182,8121;11,5000;1,9090;0,3072;0,0000;0,7368;0,1147;0,0000;0,0000;0,3839;-1,0200;0,8900;0;0,0207;48,4100;0;1;1;6;0;0
84,7084;182,8564;11,5000;1,8828;0,3069;0,0000;0,7361;0,1147;0,0000;0,0000;0,3836;-1,0100;0,8700;0;0,0207;48,3400;0;1;1;6;0;0
84,7223;182,9008;11,5000;1,8680;0,3067;0,0000;0,7355;0,1147;0,0000;0,0000;0,3833;-1,0100;0,8500;0;0,0207;48,2600;0;1;1;6;0;0
84,7362;182,9452;11,5000;1,8662;0,3065;0,0000;0,7348;0,1147;0,0000;0,0000;0,3831;-1,0100;0,8500;0;0,0208;48,1900;0;1;1;6;0;0
84,7500;183,1790;11,5000;1,8859;0,3070;0,0000;0,7340;0,1147;0,0000;0,0000;0,3838;-1,2300;0,6500;0;0,0209;47,8000;0;1;1;6;0;0
84,7639;183,1790;11,5000;1,8981;0,3067;0,0000;0,7334;0,1147;0,0000;0,0000;0,3834;-1,1800;0,7200;0;0,0209;47,8000;0;1;1;6;0;0
84,7778;183,1790;11,5000;1,9039;0,3065;0,0000;0,7329;0,1147;0,0000;0,0000;0,3831;-1,1200;0,7800;0;0,0209;47,8000;0;1;1;6;0;0
84,7917;183,1790;11,5000;1,9054;0,3062;0,0000;0,7323;0,1147;0,0000;0,0000;0,3828;-1,0600;0,8400;0;0,0209;47,8000;0;1;1;6;0;0
84,8056;183,1790;11,5000;1,9079;0,3061;0,0000;0,7318;0,1147;0,0000;0,0000;0,3826;-1,0100;0,9000;0;0,0209;47,8000;0;1;1;6;0;0
84,8195;183,2150;11,5000;1,9161;0,3058;0,0000;0,7313;0,1147;0,0000;0,0000;0,3822;-0,9900;0,9200;0;0,0210;47,7300;0;1;1;6;0;0
84,8334;183,2594;11,5000;1,9288;0,3055;0,0000;0,7308;0,1147;0,0000;0,0000;0,3819;-0,9900;0,9400;0;0,0210;47,6500;0;1;1;6;0;0
84,8473;183,3038;11,5000;1,9380;0,3053;0,0000;0,7302;0,1147;0,0000;0,0000;0,3816;-0,9800;0,9500;0;0,0210;47,5800;0;1;1;6;0;0
84,8612;183,3482;11,5000;1,9454;0,3051;0,0000;0,7297;0,1147;0,0000;0,0000;0,3813;-0,9800;0,9600;0;0,0211;47,5000;0;1;1;6;0;0
84,8750;183,3925;11,5000;1,9504;0,3049;0,0000;0,7290;0,1147;0,0000;0,0000;0,3811;-0,9800;0,9700;0;0,0211;47,4200;0;1;1;6;0;0
84,8889;183,6343;11,5000;1,9589;0,3055;0,0000;0,7284;0,1147;0,0000;0,0000;0,3819;-1,2100;0,7500;0;0,0213;47,0100;0;1;1;6;0;0
84,9028;183,6343;11,5000;1,9745;0,3053;0,0000;0,7278;0,1147;0,0000;0,0000;0,3816;-1,1500;0,8200;0;0,0213;47,0100;0;1;1;6;0;0
84,9167;183,6343;11,5000;1,9960;0,3051;0,0000;0,7274;0,1147;0,0000;0,0000;0,3813;-1,0900;0,9000;0;0,0213;47,0100;0;1;1;6;0;0
84,9306;183,6343;11,5000;2,0121;0,3049;0,0000;0,7270;0,1147;0,0000;0,0000;0,3811;-1,0300;0,9800;0;0,0213;47,0100;0;1;1;6;0;0
84,9445;183,6343;11,2000;2,0374;0,3047;0,0000;0,7266;0,1147;0,0000;0,0000;0,3809;-0,9700;1,0700;0;0,0213;47,0100;0;1;1;6;0;0
84,9584;183,6613;11,2000;2,0624;0,3046;0,0000;0,7262;0,1147;0,0000;0,0000;0,3807;-0,9500;1,1200;0;0,0213;46,9600;0;1;1;6;0;0
84,9723;183,7045;11,2000;2,0910;0,3044;0,0000;0,7258;0,1147;0,0000;0,0000;0,3804;-0,9400;1,1500;0;0,0213;46,8900;0;1;1;6;0;0
84,9862;183,7477;11,2000;2,1265;0,3042;0,0000;0,7254;0,1147;0,0000;0,0000;0,3802;-0,9300;1,2000;0;0,0214;46,8100;0;1;1;6;0;0
85,0000;183,7909;11,2000;2,1697;0,3041;0,0000;0,7249;0,1147;0,0000;0,0000;0,3801;-0,9200;1,2500;0;0,0214;46,7400;0;1;1;6;0;0
85,0139;183,8342;11,2000;2,2062;0,3040;0,0000;0,7245;0,1147;0,0000;0,0000;0,3800;-0,9100;1,3000;0;0,0214;46,6600;0;1;1;6;0;0
85,0278;184,0903;11,2000;2,2494;0,3048;0,0000;0,7240;0,1147;0,0000;0,0000;0,3810;-1,1600;1,0900;0;0,0216;46,2200;0;1;1;6;0;0
85,0417;184,0903;11,2000;2,2772;0,3046;0,0000;0,7237;0,1147;0,0000;0,0000;0,3808;-1,0900;1,1800;0;0,0216;46,2200;0;1;1;6;0;0
85,0556;184,0903;11,2000;2,3081;0,3045;0,0000;0,7237;0,1147;0,0000;0,0000;0,3807;-1,0300;1,2800;0;0,0216;46,2200;0;1;1;6;0;0
85,0695;184,0903;11,2000;2,3309;0,3045;0,0000;0,7236;0,1147;0,0000;0,0000;0,3806;-0,9600;1,3700;0;0,0216;46,2200;0;1;1;6;0;0
85,0834;184,0903;11,2000;2,3607;0,3045;0,0000;0,7235;0,1147;0,0000;0,0000;0,3806;-0,8900;1,4700;0;0,0216;46,2200;0;1;1;6;0;0
85,0973;184,0972;11,2000;2,3907;0,3045;0,0000;0,7234;0,1147;0,0000;0,0000;0,3807;-0,8300;1,5600;0;0,0216;46,2000;0;1;1;6;0;0
85,1112;184,1404;11,2000;2,4204;0,3044;0,0000;0,7234;0,1147;0,0000;0,0000;0,3806;-0,8100;1,6100;0;0,0217;46,1300;0;1;1;6;0;0
85,1250;184,1836;11,2000;2,4399;0,3044;0,0000;0,7233;0,1147;0,0000;0,0000;0,3805;-0,7900;1,6400;0;0,0217;46,0500;0;1;1;6;0;0
85,1389;184,2268;11,2000;2,4586;0,3044;0,0000;0,7232;0,1147;0,0000;0,0000;0,3806;-0,7800;1,6800;0;0,0218;45,9700;0;1;1;6;0;0
85,1528;184,2701;11,2000;2,4677;0,3045;0,0000;0,7231;0,1147;0,0000;0,0000;0,3806;-0,7600;1,7100;0;0,0218;45,9000;0;1;1;6;0;0
85,1667;184,3133;11,2000;2,4736;0,3046;0,0000;0,7230;0,1147;0,0000;0,0000;0,3808;-0,7400;1,7300;0;0,0218;45,8200;0;1;1;6;0;0
85,1806;184,5458;11,2000;2,4745;0,3055;0,0000;0,7229;0,1147;0,0000;0,0000;0,3819;-0,9600;1,5100;0;0,0220;45,4100;0;1;1;6;0;0
85,1945;184,5458;11,4000;2,4742;0,3056;0,0000;0,7230;0,1147;0,0000;0,0000;0,3819;-0,8900;1,5900;0;0,0220;45,4100;0;1;1;6;0;0
85,2084;184,5458;11,4000;2,4723;0,3056;0,0000;0,7232;0,1147;0,0000;0,0000;0,3820;-0,8100;1,6600;0;0,0220;45,4100;0;1;1;6;0;0
85,2223;184,5458;11,4000;2,4667;0,3057;0,0000;0,7236;0,1147;0,0000;0,0000;0,3822;-0,7400;1,7300;0;0,0220;45,4100;0;1;1;6;0;0
85,2362;184,5458;11,4000;2,4412;0,3059;0,0000;0,7239;0,1147;0,0000;0,0000;0,3824;-0,6700;1,7700;0;0,0220;45,4100;0;1;1;6;0;0
85,2500;184,5795;11,4000;2,3968;0,3059;0,0000;0,7243;0,1147;0,0000;0,0000;0,3824;-0,6400;1,7500;0;0,0221;45,3500;0;1;1;6;0;0
85,2639;184,6235;11,4000;2,3506;0,3060;0,0000;0,7247;0,1147;0,0000;0,0000;0,3825;-0,6300;1,7200;0;0,0221;45,2700;0;1;1;6;0;0
85,2778;184,6674;11,4000;2,2900;0,3060;0,0000;0,7251;0,1147;0,0000;0,0000;0,3826;-0,6200;1,6700;0;0,0221;45,1900;0;1;1;6;0;0
85,2917;184,7114;11,4000;2,2424;0,3061;0,0000;0,7255;0,1147;0,0000;0,0000;0,3827;-0,6000;1,6400;0;0,0222;45,1100;0;1;1;6;0;0
85,3056;184,7554;11,4000;2,1843;0,3063;0,0000;0,7258;0,1147;0,0000;0,0000;0,3828;-0,6000;1,5900;0;0,0222;45,0300;0;1;1;6;0;0
85,3195;185,0016;11,4000;2,1592;0,3072;0,0000;0,7262;0,1147;0,0000;0,0000;0,3840;-0,8500;1,3100;0;0,0224;44,6000;0;1;1;6;0;0
85,3334;185,0016;11,4000;2,1181;0,3072;0,0000;0,7266;0,1147;0,0000;0,0000;0,3840;-0,7800;1,3300;0;0,0224;44,6000;0;1;1;6;0;0
85,3473;185,0016;11,4000;2,0882;0,3073;0,0000;0,7272;0,1147;0,0000;0,0000;0,3841;-0,7200;1,3700;0;0,0224;44,6000;0;1;1;6;0;0
85,3612;185,0016;11,4000;2,0485;0,3073;0,0000;0,7277;0,1147;0,0000;0,0000;0,3842;-0,6600;1,3900;0;0,0224;44,6000;0;1;1;6;0;0
85,3750;185,0016;11,4000;2,0144;0,3074;0,0000;0,7283;0,1147;0,0000;0,0000;0,3843;-0,6000;1,4100;0;0,0224;44,6000;0;1;1;6;0;0
85,3889;185,0233;11,4000;1,9903;0,3075;0,0000;0,7289;0,1147;0,0000;0,0000;0,3843;-0,5700;1,4200;0;0,0224;44,5600;0;1;1;6;0;0
85,4028;185,0672;11,4000;1,9792;0,3074;0,0000;0,7294;0,1147;0,0000;0,0000;0,3843;-0,5700;1,4100;0;0,0225;44,4800;0;1;1;6;0;0
85,4167;185,1112;11,4000;1,9705;0,3074;0,0000;0,7298;0,1147;0,0000;0,0000;0,3843;-0,5700;1,4000;0;0,0225;44,4000;0;1;1;6;0;0
85,4306;185,1552;11,4000;1,9714;0,3075;0,0000;0,7303;0,1147;0,0000;0,0000;0,3844;-0,5700;1,4000;0;0,0226;44,3200;0;1;1;6;0;0
85,4445;185,1992;11,4000;1,9760;0,3076;0,0000;0,7306;0,1147;0,0000;0,0000;0,3845;-0,5700;1,4100;0;0,0226;44,2400;0;1;1;6;0;0
85,4584;185,4572;11,4000;1,9901;0,3086;0,0000;0,7309;0,1147;0,0000;0,0000;0,3857;-0,8400;1,1500;0;0,0228;43,7700;0;1;1;6;0;0
85,4723;185,4572;11,4000;2,0080;0,3086;0,0000;0,7313;0,1147;0,0000;0,0000;0,3857;-0,7800;1,2300;0;0,0228;43,7700;0;1;1;6;0;0
85,4862;185,4572;11,4000;2,0418;0,3086;0,0000;0,7318;0,1147;0,0000;0,0000;0,3858;-0,7200;1,3200;0;0,0228;43,7700;0;1;1;6;0;0
85,5000;185,4572;11,4000;2,0836;0,3087;0,0000;0,7324;0,1147;0,0000;0,0000;0,3859;-0,6600;1,4200;0;0,0228;43,7700;0;1;1;6;0;0
85,5139;185,4572;11,4000;2,1381;0,3088;0,0000;0,7329;0,1147;0,0000;0,0000;0,3860;-0,6000;1,5400;0;0,0228;43,7700;0;1;1;6;0;0
85,5278;185,4671;11,4000;2,1819;0,3089;0,0000;0,7334;0,1147;0,0000;0,0000;0,3862;-0,5400;1,6400;0;0,0229;43,7600;0;1;1;6;0;0
85,5417;185,5111;11,4000;2,2169;0,3090;0,0000;0,7339;0,1147;0,0000;0,0000;0,3862;-0,5400;1,6800;0;0,0229;43,6700;0;1;1;6;0;0
85,5556;185,5551;11,4000;2,2369;0,3091;0,0000;0,7344;0,1147;0,0000;0,0000;0,3863;-0,5300;1,7100;0;0,0229;43,5900;0;1;1;6;0;0
85,5695;185,5991;11,4000;2,2509;0,3092;0,0000;0,7348;0,1147;0,0000;0,0000;0,3865;-0,5200;1,7300;0;0,0230;43,5100;0;1;1;6;0;0
85,5834;185,6431;11,4000;2,2633;0,3094;0,0000;0,7353;0,1147;0,0000;0,0000;0,3867;-0,5100;1,7500;0;0,0230;43,4300;0;1;1;6;0;0
85,5973;185,9128;11,4000;2,2719;0,3105;0,0000;0,7357;0,1147;0,0000;0,0000;0,3882;-0,8000;1,4700;0;0,0233;42,9500;0;1;1;6;0;0
85,6112;185,9128;11,4000;2,2747;0,3106;0,0000;0,7362;0,1147;0,0000;0,0000;0,3883;-0,7300;1,5400;0;0,0233;42,9500;0;1;1;6;0;0
85,6250;185,9128;11,4000;2,2750;0,3107;0,0000;0,7369;0,1147;0,0000;0,0000;0,3884;-0,6700;1,6100;0;0,0233;42,9500;0;1;1;6;0;0
85,6389;185,9128;11,4000;2,2728;0,3109;0,0000;0,7376;0,1147;0,0000;0,0000;0,3886;-0,6000;1,6700;0;0,0233;42,9500;0;1;1;6;0;0
85,6528;185,9128;11,4000;2,2702;0,3111;0,0000;0,7383;0,1147;0,0000;0,0000;0,3889;-0,5300;1,7400;0;0,0233;42,9500;0;1;1;4;0;0
85,6667;185,9128;11,4000;2,2585;0,3113;0,0000;0,7391;0,1147;0,0000;0,0000;0,3891;-0,4700;1,7900;0;0,0233;42,9500;0;1;1;4;0;0
85,6806;185,9551;11,4000;2,2439;0,3114;0,0000;0,7398;0,1147;0,0000;0,0000;0,3892;-0,4600;1,7900;0;0,0233;42,8700;0;1;1;4;0;0
85,6945;185,9991;11,4000;2,2267;0,3115;0,0000;0,7405;0,1147;0,0000;0,0000;0,3894;-0,4500;1,7800;0;0,0234;42,7900;0;1;1;4;0;0
85,7084;186,0431;11,4000;2,2052;0,3117;0,0000;0,7412;0,1147;0,0000;0,0000;0,3896;-0,4400;1,7600;0;0,0234;42,7000;0;1;1;4;0;0
85,7223;186,0871;11,4000;2,1867;0,3118;0,0000;0,7418;0,1147;0,0000;0,0000;0,3898;-0,4400;1,7500;0;0,0235;42,6200;0;1;1;4;0;0
85,7362;186,1311;11,4000;2,1670;0,3121;0,0000;0,7424;0,1147;0,0000;0,0000;0,3901;-0,4300;1,7300;0;0,0235;42,5400;0;1;1;4;0;0
85,7500;186,3686;11,4000;2,1454;0,3131;0,0000;0,7430;0,1147;0,0000;0,0000;0,3914;-0,6900;1,4500;0;0,0237;42,1100;0;1;1;4;0;0
85,7639;186,3686;11,4000;2,1273;0,3133;0,0000;0,7437;0,1147;0,0000;0,0000;0,3916;-0,6300;1,5000;0;0,0237;42,1100;0;1;1;4;0;0
85,7778;186,3686;11,4000;2,1159;0,3134;0,0000;0,7445;0,1147;0,0000;0,0000;0,3917;-0,5600;1,5500;0;0,0237;42,1100;0;1;1;4;0;0
85,7917;186,3686;11,4000;2,1115;0,3136;0,0000;0,7454;0,1147;0,0000;0,0000;0,3920;-0,5000;1,6100;0;0,0237;42,1100;0;1;1;4;0;0
85,8056;186,3686;11,4000;2,1088;0,3138;0,0000;0,7462;0,1147;0,0000;0,0000;0,3922;-0,4400;1,6700;0;0,0237;42,1100;0;1;1;4;0;0
85,8195;186,3992;11,4000;2,1090;0,3139;0,0000;0,7470;0,1147;0,0000;0,0000;0,3924;-0,4200;1,6900;0;0,0238;42,0500;0;1;1;4;0;0
85,8334;186,4432;11,4000;2,1144;0,3140;0,0000;0,7478;0,1147;0,0000;0,0000;0,3925;-0,4200;1,6900;0;0,0238;41,9700;0;1;1;4;0;0
85,8473;186,4872;11,4000;2,1220;0,3141;0,0000;0,7486;0,1147;0,0000;0,0000;0,3927;-0,4200;1,7000;0;0,0239;41,8900;0;1;1;4;0;0
85,8612;186,5312;11,4000;2,1344;0,3143;0,0000;0,7493;0,1147;0,0000;0,0000;0,3929;-0,4100;1,7200;0;0,0239;41,8100;0;1;1;4;0;0
85,8750;186,5751;11,4000;2,1460;0,3145;0,0000;0,7500;0,1147;0,0000;0,0000;0,3932;-0,4100;1,7300;0;0,0240;41,7300;0;1;1;4;0;0
85,8889;186,8241;11,4000;2,1667;0,3157;0,0000;0,7506;0,1147;0,0000;0,0000;0,3946;-0,6900;1,4800;0;0,0242;41,2700;0;1;1;4;0;0
85,9028;186,8241;11,4000;2,2096;0,3158;0,0000;0,7514;0,1147;0,0000;0,0000;0,3948;-0,6200;1,5900;0;0,0242;41,2700;0;1;1;4;0;0
85,9167;186,8241;11,4000;2,2785;0,3160;0,0000;0,7522;0,1147;0,0000;0,0000;0,3950;-0,5600;1,7200;0;0,0242;41,2700;0;1;1;4;0;0
85,9306;186,8241;11,4000;2,3323;0,3162;0,0000;0,7531;0,1147;0,0000;0,0000;0,3953;-0,4900;1,8500;0;0,0242;41,2700;0;1;1;4;0;0
85,9445;186,8241;11,4000;2,3684;0,3165;0,0000;0,7540;0,1147;0,0000;0,0000;0,3956;-0,4200;1,9500;0;0,0242;41,2700;0;1;1;4;0;0
85,9584;186,8434;11,4000;2,4004;0,3168;0,0000;0,7548;0,1147;0,0000;0,0000;0,3960;-0,3700;2,0300;0;0,0242;41,2400;0;1;1;4;0;0
85,9723;186,8874;11,4000;2,4230;0,3170;0,0000;0,7557;0,1147;0,0000;0,0000;0,3962;-0,3600;2,0600;0;0,0243;41,1600;0;1;1;4;0;0
85,9862;186,9314;11,4000;2,4584;0,3172;0,0000;0,7566;0,1147;0,0000;0,0000;0,3965;-0,3500;2,1000;0;0,0243;41,0700;0;1;1;4;0;0
86,0000;186,9754;11,4000;2,5049;0,3175;0,0000;0,7575;0,1147;0,0000;0,0000;0,3969;-0,3400;2,1600;0;0,0244;40,9900;0;1;1;4;0;0
86,0139;187,0193;11,4000;2,5292;0,3179;0,0000;0,7583;0,1147;0,0000;0,0000;0,3973;-0,3300;2,2000;0;0,0244;40,9100;0;1;1;4;0;0
86,0278;187,2800;11,4000;2,5450;0,3192;0,0000;0,7591;0,1147;0,0000;0,0000;0,3990;-0,6200;1,9300;0;0,0247;40,4300;0;1;1;4;0;0
86,0417;187,2800;11,4000;2,5566;0,3195;0,0000;0,7601;0,1147;0,0000;0,0000;0,3994;-0,5400;2,0200;0;0,0247;40,4300;0;1;1;4;0;0
86,0556;187,2800;11,4000;2,5655;0,3198;0,0000;0,7612;0,1147;0,0000;0,0000;0,3997;-0,4600;2,1000;0;0,0247;40,4300;0;1;1;4;0;0
86,0695;187,2800;11,4000;2,5793;0,3201;0,0000;0,7624;0,1147;0,0000;0,0000;0,4002;-0,3900;2,1900;0;0,0247;40,4300;0;1;1;4;0;0
86,0834;187,2800;11,4000;2,5898;0,3205;0,0000;0,7636;0,1147;0,0000;0,0000;0,4007;-0,3100;2,2800;0;0,0247;40,4300;0;1;1;4;0;0
86,0973;187,2878;11,4000;2,5974;0,3210;0,0000;0,7648;0,1147;0,0000;0,0000;0,4012;-0,2500;2,3500;0;0,0247;40,4200;0;1;1;4;0;0
86,1112;187,3318;11,4000;2,6022;0,3213;0,0000;0,7660;0,1147;0,0000;0,0000;0,4016;-0,2300;2,3700;0;0,0248;40,3400;0;1;1;4;0;0
86,1250;187,3757;11,4000;2,5938;0,3216;0,0000;0,7673;0,1147;0,0000;0,0000;0,4020;-0,2200;2,3700;0;0,0248;40,2500;0;1;1;4;0;0
86,1389;187,4197;11,4000;2,5853;0,3220;0,0000;0,7685;0,1147;0,0000;0,0000;0,4025;-0,2100;2,3800;0;0,0249;40,1700;0;1;1;4;0;0
86,1528;187,4637;11,4000;2,5774;0,3224;0,0000;0,7697;0,1147;0,0000;0,0000;0,4030;-0,1900;2,3800;0;0,0249;40,0900;0;1;1;4;0;0
86,1667;187,7352;11,4000;2,5668;0,3239;0,0000;0,7708;0,1147;0,0000;0,0000;0,4049;-0,5100;2,0600;0;0,0253;39,5900;0;1;1;4;0;0
86,1806;187,7352;11,5000;2,5596;0,3242;0,0000;0,7721;0,1147;0,0000;0,0000;0,4053;-0,4300;2,1300;0;0,0253;39,5900;0;1;1;4;0;0
86,1945;187,7352;11,5000;2,5513;0,3245;0,0000;0,7735;0,1147;0,0000;0,0000;0,4057;-0,3500;2,2000;0;0,0253;39,5900;0;1;1;4;0;0
86,2084;187,7352;11,5000;2,5485;0,3249;0,0000;0,7750;0,1147;0,0000;0,0000;0,4062;-0,2800;2,2700;0;0,0253;39,5900;0;1;1;4;0;0
86,2223;187,7352;11,5000;2,5509;0,3254;0,0000;0,7765;0,1147;0,0000;0,0000;0,4067;-0,2000;2,3500;0;0,0253;39,5900;0;1;1;4;0;0
86,2362;187,7352;11,5000;2,5663;0,3259;0,0000;0,7779;0,1147;0,0000;0,0000;0,4073;-0,1200;2,4400;0;0,0253;39,5900;0;1;1;4;0;0
86,2500;187,7782;11,5000;2,5879;0,3262;0,0000;0,7794;0,1147;0,0000;0,0000;0,4078;-0,1100;2,4800;0;0,0253;39,5100;0;1;1;4;0;0
86,2639;187,8226;11,5000;2,6168;0,3266;0,0000;0,7808;0,1147;0,0000;0,0000;0,4083;-0,0900;2,5200;0;0,0254;39,4300;0;1;1;4;0;0
86,2778;187,8669;11,5000;2,6399;0,3271;0,0000;0,7822;0,1147;0,0000;0,0000;0,4088;-0,0800;2,5600;0;0,0254;39,3400;0;1;1;4;0;0
86,2917;187,9113;11,5000;2,6657;0,3276;0,0000;0,7836;0,1147;0,0000;0,0000;0,4094;-0,0700;2,6000;0;0,0255;39,2600;0;1;1;4;0;0
86,3056;187,9557;11,5000;2,6850;0,3281;0,0000;0,7849;0,1147;0,0000;0,0000;0,4101;-0,0500;2,6300;0;0,0255;39,1800;0;1;1;4;0;0
86,3195;188,1914;11,5000;2,7070;0,3296;0,0000;0,7863;0,1147;0,0000;0,0000;0,4120;-0,3200;2,3900;0;0,0258;38,7500;0;1;1;4;0;0
86,3334;188,1914;11,5000;2,7301;0,3301;0,0000;0,7877;0,1147;0,0000;0,0000;0,4126;-0,2400;2,4900;0;0,0258;38,7500;0;1;1;4;0;0
86,3473;188,1914;11,5000;2,7347;0,3306;0,0000;0,7893;0,1147;0,0000;0,0000;0,4132;-0,1500;2,5800;0;0,0258;38,7500;0;1;1;4;0;0
86,3612;188,1914;11,5000;2,7650;0,3311;0,0000;0,7910;0,1147;0,0000;0,0000;0,4139;-0,0700;2,6900;0;0,0258;38,7500;0;1;1;4;0;0
86,3750;188,1914;11,5000;2,7867;0,3318;0,0000;0,7927;0,1147;0,0000;0,0000;0,4147;0,0000;2,8000;0;0,0258;38,7500;0;1;1;4;0;0
86,3889;188,2267;11,5000;2,8023;0,3323;0,0000;0,7944;0,1147;0,0000;0,0000;0,4154;0,0400;2,8400;0;0,0259;38,6800;0;1;1;4;0;0
86,4028;188,2711;11,5000;2,8197;0,3329;0,0000;0,7961;0,1147;0,0000;0,0000;0,4161;0,0600;2,8800;0;0,0259;38,6000;0;1;1;4;0;0
86,4167;188,3155;11,5000;2,8341;0,3334;0,0000;0,7978;0,1147;0,0000;0,0000;0,4168;0,0800;2,9100;0;0,0260;38,5100;0;1;1;4;0;0
86,4306;188,3598;11,5000;2,8381;0,3341;0,0000;0,7996;0,1147;0,0000;0,0000;0,4176;0,0900;2,9300;0;0,0260;38,4300;0;1;1;4;0;0
86,4445;188,4042;11,5000;2,8390;0,3348;0,0000;0,8013;0,1147;0,0000;0,0000;0,4185;0,1100;2,9500;0;0,0261;38,3500;0;1;1;4;0;0
86,4584;188,6464;11,4000;2,8392;0,3365;0,0000;0,8030;0,1147;0,0000;0,0000;0,4206;-0,1600;2,6700;0;0,0264;37,9100;0;1;1;4;0;0
86,4723;188,6464;11,4000;2,8309;0,3371;0,0000;0,8049;0,1147;0,0000;0,0000;0,4214;-0,0800;2,7500;0;0,0264;37,9100;0;1;1;4;0;0
86,4862;188,6464;11,4000;2,8181;0,3378;0,0000;0,8068;0,1147;0,0000;0,0000;0,4222;0,0000;2,8200;0;0,0264;37,9100;0;1;1;4;0;0
86,5000;188,6464;11,4000;2,8047;0,3385;0,0000;0,8089;0,1147;0,0000;0,0000;0,4231;0,0800;2,8900;0;0,0264;37,9100;0;1;1;4;0;0
86,5139;188,6464;11,4000;2,7759;0,3392;0,0000;0,8110;0,1147;0,0000;0,0000;0,4240;0,1700;2,9400;0;0,0264;37,9100;0;1;1;4;0;0
86,5278;188,6736;11,4000;2,7385;0,3398;0,0000;0,8131;0,1147;0,0000;0,0000;0,4248;0,2100;2,9400;0;0,0264;37,8500;0;1;1;4;0;0
86,5417;188,7175;11,4000;2,7310;0,3405;0,0000;0,8152;0,1147;0,0000;0,0000;0,4256;0,2200;2,9500;0;0,0265;37,7700;0;1;1;4;0;0
86,5556;188,7615;11,4000;2,6817;0,3411;0,0000;0,8173;0,1147;0,0000;0,0000;0,4264;0,2300;2,9100;0;0,0265;37,6900;0;1;1;4;0;0
86,5695;188,8055;11,4000;2,5533;0,3417;0,0000;0,8193;0,1147;0,0000;0,0000;0,4272;0,2400;2,7900;0;0,0266;37,6100;0;1;1;4;0;0
86,5834;188,8495;11,4000;2,4762;0,3424;0,0000;0,8214;0,1147;0,0000;0,0000;0,4280;0,2500;2,7200;0;0,0266;37,5300;0;1;1;4;0;0
86,5973;189,1028;11,4000;2,3955;0,3441;0,0000;0,8234;0,1147;0,0000;0,0000;0,4302;-0,0700;2,3200;0;0,0270;37,0600;0;1;1;4;0;0
86,6112;189,1028;11,4000;2,2822;0,3446;0,0000;0,8254;0,1147;0,0000;0,0000;0,4308;0,0000;2,2800;0;0,0270;37,0600;0;1;1;4;0;0
86,6250;189,1028;11,4000;2,1656;0,3451;0,0000;0,8276;0,1147;0,0000;0,0000;0,4314;0,0600;2,2300;0;0,0270;37,0600;0;1;1;4;0;0
86,6389;189,1028;11,4000;2,0645;0,3457;0,0000;0,8297;0,1147;0,0000;0,0000;0,4321;0,1200;2,1900;0;0,0270;37,0600;0;1;1;4;0;0
86,6528;189,1028;11,4000;1,9737;0,3462;0,0000;0,8319;0,1147;0,0000;0,0000;0,4328;0,1800;2,1500;0;0,0270;37,0600;0;1;1;1;0;0
86,6667;189,1187;11,4000;1,9555;0,3467;0,0000;0,8339;0,1147;0,0000;0,0000;0,4334;0,2100;2,1700;0;0,0270;37,0300;0;1;1;1;0;0
86,6806;189,1627;11,4000;1,8463;0,3471;0,0000;0,8359;0,1147;0,0000;0,0000;0,4338;0,2000;2,0400;0;0,0271;36,9500;0;1;1;1;0;0
86,6945;189,2066;11,4000;1,8244;0,3475;0,0000;0,8379;0,1147;0,0000;0,0000;0,4343;0,1800;2,0100;0;0,0271;36,8700;0;1;1;1;0;0
86,7084;189,2506;11,4000;1,6589;0,3479;0,0000;0,8397;0,1147;0,0000;0,0000;0,4348;0,1600;1,8200;0;0,0272;36,7900;0;1;1;1;0;0
86,7223;189,2946;11,4000;1,6257;0,3483;0,0000;0,8414;0,1147;0,0000;0,0000;0,4353;0,1400;1,7700;0;0,0272;36,7100;0;1;1;1;0;0
86,7362;189,5576;11,4000;1,6191;0,3498;0,0000;0,8430;0,1147;0,0000;0,0000;0,4372;-0,2200;1,4000;0;0,0276;36,2300;0;1;1;1;0;0
86,7500;189,5576;11,4000;1,4898;0,3500;0,0000;0,8446;0,1147;0,0000;0,0000;0,4375;-0,1800;1,3100;0;0,0276;36,2300;0;1;1;1;0;0
86,7639;189,5576;11,4000;1,4640;0,3502;0,0000;0,8463;0,1147;0,0000;0,0000;0,4378;-0,1400;1,3300;0;0,0276;36,2300;0;1;1;1;0;0
86,7778;189,5576;11,4000;1,4419;0,3505;0,0000;0,8479;0,1147;0,0000;0,0000;0,4381;-0,0900;1,3500;0;0,0276;36,2300;0;1;1;1;0;0
86,7917;189,5576;11,4000;1,4374;0,3508;0,0000;0,8495;0,1147;0,0000;0,0000;0,4384;-0,0500;1,3900;0;0,0276;36,2300;0;1;1;1;0;0
86,8056;189,5640;11,4000;1,3510;0,3510;0,0000;0,8510;0,1147;0,0000;0,0000;0,4388;-0,0200;1,3300;0;0,0276;36,2200;0;1;1;1;0;0
86,8195;189,6080;11,4000;1,3066;0,3511;0,0000;0,8523;0,1147;0,0000;0,0000;0,4389;-0,0600;1,2500;0;0,0277;36,1300;0;1;1;1;0;0
86,8334;189,6520;11,4000;1,2646;0,3512;0,0000;0,8536;0,1147;0,0000;0,0000;0,4390;-0,0900;1,1700;0;0,0277;36,0500;0;1;1;1;0;0
86,8473;189,6960;11,4000;1,2286;0,3513;0,0000;0,8547;0,1147;0,0000;0,0000;0,4391;-0,1200;1,1000;0;0,0278;35,9700;0;1;1;1;0;0
86,8612;189,7399;11,4000;1,1972;0,3514;0,0000;0,8558;0,1147;0,0000;0,0000;0,4393;-0,1600;1,0400;0;0,0279;35,8900;0;1;1;1;0;0
86,8750;189,7839;11,4000;1,1704;0,3516;0,0000;0,8567;0,1147;0,0000;0,0000;0,4395;-0,1900;0,9700;0;0,0279;35,8100;0;1;1;1;0;0
86,8889;190,0142;11,4000;1,1569;0,3527;0,0000;0,8575;0,1147;0,0000;0,0000;0,4409;-0,5300;0,6300;0;0,0283;35,3900;0;1;1;1;0;0
86,9028;190,0142;11,4000;1,1343;0,3527;0,0000;0,8583;0,1147;0,0000;0,0000;0,4408;-0,4900;0,6400;0;0,0283;35,3900;0;1;1;1;0;0
86,9167;190,0142;11,4000;1,1363;0,3526;0,0000;0,8592;0,1147;0,0000;0,0000;0,4408;-0,4600;0,6800;0;0,0283;35,3900;0;1;1;1;0;0
86,9306;190,0142;11,4000;1,1342;0,3527;0,0000;0,8600;0,1147;0,0000;0,0000;0,4408;-0,4300;0,7100;0;0,0283;35,3900;0;1;1;1;0;0
86,9445;190,0142;11,7000;1,1368;0,3527;0,0000;0,8608;0,1147;0,0000;0,0000;0,4409;-0,3900;0,7400;0;0,0283;35,3900;0;1;1;1;0;0
86,9584;190,0546;11,7000;1,1491;0,3525;0,0000;0,8615;0,1147;0,0000;0,0000;0,4407;-0,4200;0,7200;0;0,0283;35,3200;0;1;1;1;0;0
86,9723;190,0998;11,7000;1,1671;0,3524;0,0000;0,8620;0,1147;0,0000;0,0000;0,4405;-0,4600;0,7000;0;0,0284;35,2300;0;1;1;1;0;0
86,9862;190,1449;11,7000;1,1943;0,3523;0,0000;0,8625;0,1147;0,0000;0,0000;0,4403;-0,5000;0,6900;0;0,0284;35,1500;0;1;1;1;0;0
87,0000;190,1900;11,7000;1,2409;0,3522;0,0000;0,8629;0,1147;0,0000;0,0000;0,4402;-0,5300;0,7000;0;0,0285;35,0700;0;1;1;1;0;0
87,0139;190,2352;11,7000;1,2746;0,3521;0,0000;0,8631;0,1147;0,0000;0,0000;0,4402;-0,5700;0,7000;0;0,0286;34,9800;0;1;1;1;0;0
87,0278;190,4688;11,7000;1,3245;0,3531;0,0000;0,8633;0,1147;0,0000;0,0000;0,4414;-0,9100;0,4100;0;0,0289;34,5600;0;1;1;1;0;0
87,0417;190,4688;11,7000;1,3789;0,3529;0,0000;0,8635;0,1147;0,0000;0,0000;0,4411;-0,8700;0,5100;0;0,0289;34,5600;0;1;1;1;0;0
87,0556;190,4688;11,7000;1,4510;0,3527;0,0000;0,8637;0,1147;0,0000;0,0000;0,4409;-0,8300;0,6300;0;0,0289;34,5600;0;1;1;1;0;0
87,0695;190,4688;11,7000;1,4876;0,3526;0,0000;0,8639;0,1147;0,0000;0,0000;0,4407;-0,7800;0,7100;0;0,0289;34,5600;0;1;1;1;0;0
87,0834;190,4688;11,7000;1,5605;0,3525;0,0000;0,8641;0,1147;0,0000;0,0000;0,4406;-0,7300;0,8300;0;0,0289;34,5600;0;1;1;1;0;0
87,0973;190,5118;11,7000;1,6798;0,3522;0,0000;0,8642;0,1147;0,0000;0,0000;0,4403;-0,7500;0,9200;0;0,0290;34,4800;0;1;1;1;0;0
87,1112;190,5570;11,7000;1,7543;0,3520;0,0000;0,8643;0,1147;0,0000;0,0000;0,4400;-0,7800;0,9800;0;0,0291;34,4000;0;1;1;1;0;0
87,1250;190,6021;11,7000;1,7895;0,3518;0,0000;0,8643;0,1147;0,0000;0,0000;0,4398;-0,8000;0,9900;0;0,0291;34,3200;0;1;1;1;0;0
87,1389;190,6473;11,7000;1,8481;0,3517;0,0000;0,8642;0,1147;0,0000;0,0000;0,4396;-0,8200;1,0300;0;0,0292;34,2400;0;1;1;1;0;0
87,1528;190,6924;11,7000;1,9171;0,3516;0,0000;0,8640;0,1147;0,0000;0,0000;0,4395;-0,8400;1,0800;0;0,0293;34,1600;0;1;1;1;0;0
87,1667;190,9255;11,7000;1,9825;0,3525;0,0000;0,8638;0,1147;0,0000;0,0000;0,4407;-1,1700;0,8200;0;0,0296;33,7400;0;1;1;1;0;0
87,1806;190,9255;11,7000;2,1116;0,3523;0,0000;0,8636;0,1147;0,0000;0,0000;0,4404;-1,1000;1,0100;0;0,0296;33,7400;0;1;1;1;0;0
87,1945;190,9255;11,7000;2,1479;0,3522;0,0000;0,8636;0,1147;0,0000;0,0000;0,4402;-1,0400;1,1100;0;0,0296;33,7400;0;1;1;1;0;0
87,2084;190,9255;11,7000;2,2306;0,3521;0,0000;0,8636;0,1147;0,0000;0,0000;0,4401;-0,9700;1,2600;0;0,0296;33,7400;0;1;1;1;0;0
87,2223;190,9255;11,7000;2,3284;0,3521;0,0000;0,8636;0,1147;0,0000;0,0000;0,4401;-0,9000;1,4300;0;0,0296;33,7400;0;1;1;1;0;0
87,2362;190,9692;11,7000;2,4224;0,3519;0,0000;0,8635;0,1147;0,0000;0,0000;0,4399;-0,9000;1,5200;0;0,0297;33,6600;0;1;1;1;0;0
87,2500;191,0144;11,7000;2,4902;0,3518;0,0000;0,8635;0,1147;0,0000;0,0000;0,4397;-0,9000;1,5800;0;0,0298;33,5800;0;1;1;1;0;0
87,2639;191,0595;11,7000;2,5407;0,3517;0,0000;0,8634;0,1147;0,0000;0,0000;0,4396;-0,9000;1,6300;0;0,0299;33,5000;0;1;1;1;0;0
87,2778;191,1047;11,7000;2,6318;0,3517;0,0000;0,8633;0,1147;0,0000;0,0000;0,4396;-0,9000;1,7300;0;0,0299;33,4100;0;1;1;1;0;0
87,2917;191,1498;11,7000;2,6589;0,3518;0,0000;0,8632;0,1147;0,0000;0,0000;0,4397;-0,9000;1,7600;0;0,0300;33,3300;0;1;1;1;0;0
87,3056;191,3801;11,7000;2,7142;0,3529;0,0000;0,8631;0,1147;0,0000;0,0000;0,4411;-1,2100;1,5000;0;0,0304;32,9300;0;1;1;1;0;0
87,3195;191,3801;11,7000;2,7827;0,3528;0,0000;0,8630;0,1147;0,0000;0,0000;0,4410;-1,1300;1,6600;0;0,0304;32,9300;0;1;1;1;0;0
87,3334;191,3801;11,7000;2,8548;0,3528;0,0000;0,8632;0,1147;0,0000;0,0000;0,4410;-1,0400;1,8100;0;0,0304;32,9300;0;1;1;1;0;0
87,3473;191,3801;11,7000;2,9459;0,3529;0,0000;0,8634;0,1147;0,0000;0,0000;0,4412;-0,9500;1,9900;0;0,0304;32,9300;0;1;1;1;0;0
87,3612;191,3816;11,7000;3,0410;0,3531;0,0000;0,8636;0,1147;0,0000;0,0000;0,4414;-0,8600;2,1800;0;0,0304;32,9200;0;1;1;1;0;0
87,3750;191,4268;11,7000;3,0886;0,3531;0,0000;0,8639;0,1147;0,0000;0,0000;0,4413;-0,8500;2,2400;0;0,0304;32,8400;0;1;1;1;0;0
87,3889;191,4719;11,7000;3,1249;0,3531;0,0000;0,8642;0,1147;0,0000;0,0000;0,4414;-0,8300;2,2900;0;0,0305;32,7600;0;1;1;1;0;0
87,4028;191,5171;11,7000;3,1556;0,3533;0,0000;0,8644;0,1147;0,0000;0,0000;0,4416;-0,8200;2,3400;0;0,0306;32,6800;0;1;1;1;0;0
87,4167;191,5622;11,7000;3,1760;0,3535;0,0000;0,8647;0,1147;0,0000;0,0000;0,4418;-0,8000;2,3700;0;0,0307;32,6000;0;1;1;1;0;0
87,4306;191,6074;11,7000;3,1859;0,3537;0,0000;0,8650;0,1147;0,0000;0,0000;0,4421;-0,7800;2,0000;0;0,0308;32,5200;0;1;1;1;0;0
87,4445;191,8368;11,6000;3,1902;0,3550;0,0000;0,8653;0,1147;0,0000;0,0000;0,4438;-1,0900;2,1000;0;0,0311;32,1200;0;1;1;1;0;0
87,4584;191,8368;11,6000;3,1827;0,3552;0,0000;0,8657;0,1147;0,0000;0,0000;0,4439;-0,9900;2,1900;0;0,0311;32,1200;0;1;1;1;0;0
87,4723;191,8368;11,6000;3,1726;0,3553;0,0000;0,8663;0,1147;0,0000;0,0000;0,4442;-0,9000;2,2700;0;0,0311;32,1200;0;1;1;1;0;0
87,4862;191,8368;11,6000;3,1729;0,3556;0,0000;0,8670;0,1147;0,0000;0,0000;0,4445;-0,8000;2,3700;0;0,0311;32,1200;0;1;1;1;0;0
87,5000;191,8379;11,6000;3,1577;0,3559;0,0000;0,8677;0,1147;0,0000;0,0000;0,4448;-0,7100;2,4400;0;0,0311;32,1200;0;1;1;1;0;0
87,5139;191,8826;11,6000;3,1416;0,3559;0,0000;0,8685;0,1147;0,0000;0,0000;0,4449;-0,7000;2,4400;0;0,0312;32,0400;0;1;1;1;0;0
87,5278;191,9274;11,6000;3,1109;0,3561;0,0000;0,8692;0,1147;0,0000;0,0000;0,4451;-0,6800;2,4200;0;0,0313;31,9600;0;1;1;1;0;0
87,5417;191,9722;11,6000;3,0887;0,3563;0,0000;0,8699;0,1147;0,0000;0,0000;0,4454;-0,6700;2,4100;0;0,0314;31,8800;0;1;1;1;0;0
87,5556;192,0169;11,6000;3,0628;0,3565;0,0000;0,8706;0,1147;0,0000;0,0000;0,4457;-0,6600;2,4000;0;0,0314;31,8000;0;1;1;1;0;0
87,5695;192,0617;11,6000;3,0250;0,3568;0,0000;0,8713;0,1147;0,0000;0,0000;0,4460;-0,6500;2,3700;0;0,0315;31,7200;0;1;1;1;0;0
87,5834;192,2914;11,6000;2,9806;0,3582;0,0000;0,8719;0,1147;0,0000;0,0000;0,4478;-0,9800;2,0000;0;0,0319;31,3200;0;1;1;1;0;0
87,5973;192,2914;11,6000;2,9369;0,3583;0,0000;0,8727;0,1147;0,0000;0,0000;0,4479;-0,8900;2,0500;0;0,0319;31,3200;0;1;1;1;0;0
87,6112;192,2914;11,6000;2,9185;0,3585;0,0000;0,8736;0,1147;0,0000;0,0000;0,4482;-0,8000;2,1200;0;0,0319;31,3200;0;1;1;1;0;0
87,6250;192,2914;11,6000;2,9089;0,3588;0,0000;0,8745;0,1147;0,0000;0,0000;0,4484;-0,7100;2,2000;0;0,0319;31,3200;0;1;1;1;0;0
87,6389;192,2920;11,6000;2,9054;0,3590;0,0000;0,8755;0,1147;0,0000;0,0000;0,4488;-0,6300;2,2700;0;0,0319;31,3200;0;1;1;1;0;0
87,6528;192,3368;11,6000;2,8928;0,3591;0,0000;0,8764;0,1147;0,0000;0,0000;0,4489;-0,6200;2,2700;0;0,0320;31,2400;0;1;1;1;0;0
87,6667;192,3815;11,6000;2,8616;0,3592;0,0000;0,8773;0,1147;0,0000;0,0000;0,4490;-0,6200;2,2400;0;0,0321;31,1600;0;1;1;1;0;0
87,6806;192,4263;11,6000;2,8574;0,3594;0,0000;0,8781;0,1147;0,0000;0,0000;0,4492;-0,6200;2,2400;0;0,0322;31,0800;0;1;1;6;0;0
87,6945;192,4711;11,5000;2,8566;0,3596;0,0000;0,8789;0,1147;0,0000;0,0000;0,4495;-0,6200;2,2400;0;0,0323;31,0100;0;1;1;6;0;0
87,7084;192,5154;11,5000;2,8502;0,3599;0,0000;0,8796;0,1147;0,0000;0,0000;0,4499;-0,6100;2,2400;0;0,0323;30,9300;0;1;1;6;0;0
87,7223;192,7481;11,5000;2,8496;0,3613;0,0000;0,8803;0,1147;0,0000;0,0000;0,4516;-0,9600;1,8900;0;0,0328;30,5300;0;1;1;6;0;0
87,7362;192,7481;11,5000;2,8409;0,3614;0,0000;0,8811;0,1147;0,0000;0,0000;0,4518;-0,8700;1,9700;0;0,0328;30,5300;0;1;1;6;0;0
87,7500;192,7481;11,5000;2,8237;0,3616;0,0000;0,8820;0,1147;0,0000;0,0000;0,4520;-0,7900;2,0300;0;0,0328;30,5300;0;1;1;6;0;0
87,7639;192,7481;11,5000;2,8153;0,3618;0,0000;0,8830;0,1147;0,0000;0,0000;0,4523;-0,7100;2,1100;0;0,0328;30,5300;0;1;1;6;0;0
87,7778;192,7481;11,5000;2,8015;0,3621;0,0000;0,8839;0,1147;0,0000;0,0000;0,4526;-0,6200;2,1800;0;0,0328;30,5300;0;1;1;6;0;0
87,7917;192,7884;11,5000;2,7725;0,3621;0,0000;0,8849;0,1147;0,0000;0,0000;0,4526;-0,6200;2,1500;0;0,0328;30,4600;0;1;1;6;0;0
87,8056;192,8328;11,5000;2,7269;0,3622;0,0000;0,8858;0,1147;0,0000;0,0000;0,4527;-0,6200;2,1000;0;0,0329;30,3900;0;1;1;6;0;0
87,8195;192,8772;11,5000;2,7116;0,3623;0,0000;0,8866;0,1147;0,0000;0,0000;0,4529;-0,6200;2,0900;0;0,0330;30,3100;0;1;1;6;0;0
87,8334;192,9215;11,5000;2,7125;0,3625;0,0000;0,8873;0,1147;0,0000;0,0000;0,4531;-0,6300;2,0800;0;0,0331;30,2300;0;1;1;6;0;0
87,8473;192,9659;11,5000;2,6830;0,3627;0,0000;0,8880;0,1147;0,0000;0,0000;0,4534;-0,6300;2,0500;0;0,0332;30,1600;0;1;1;6;0;0
87,8612;193,2027;11,5000;2,7073;0,3641;0,0000;0,8887;0,1147;0,0000;0,0000;0,4552;-1,0000;1,7100;0;0,0336;29,7600;0;1;1;6;0;0
87,8750;193,2027;11,5000;2,7122;0,3642;0,0000;0,8894;0,1147;0,0000;0,0000;0,4553;-0,9200;1,7900;0;0,0336;29,7600;0;1;1;6;0;0
87,8889;193,2027;11,5000;2,6982;0,3643;0,0000;0,8902;0,1147;0,0000;0,0000;0,4554;-0,8400;1,8600;0;0,0336;29,7600;0;1;1;6;0;0
87,9028;193,2027;11,5000;2,6884;0,3645;0,0000;0,8911;0,1147;0,0000;0,0000;0,4556;-0,7600;1,9300;0;0,0336;29,7600;0;1;1;6;0;0
87,9167;193,2027;11,5000;2,6947;0,3647;0,0000;0,8920;0,1147;0,0000;0,0000;0,4558;-0,6800;2,0200;0;0,0336;29,7600;0;1;1;6;0;0
87,9306;193,2391;11,5000;2,7259;0,3647;0,0000;0,8928;0,1147;0,0000;0,0000;0,4559;-0,6700;2,0500;0;0,0337;29,7000;0;1;1;6;0;0
87,9445;193,2835;11,5000;2,7324;0,3647;0,0000;0,8936;0,1147;0,0000;0,0000;0,4559;-0,6700;2,0600;0;0,0338;29,6200;0;1;1;6;0;0
87,9584;193,3279;11,5000;2,7337;0,3648;0,0000;0,8943;0,1147;0,0000;0,0000;0,4560;-0,6800;2,0500;0;0,0338;29,5500;0;1;1;6;0;0
87,9723;193,3723;11,5000;2,7799;0,3650;0,0000;0,8950;0,1147;0,0000;0,0000;0,4562;-0,6800;2,0900;0;0,0339;29,4700;0;1;1;6;0;0
87,9862;193,4166;11,5000;2,8459;0,3652;0,0000;0,8956;0,1147;0,0000;0,0000;0,4565;-0,6800;2,1600;0;0,0340;29,4000;0;1;1;6;0;0
88,0000;193,6595;11,5000;2,8601;0,3667;0,0000;0,8961;0,1147;0,0000;0,0000;0,4584;-1,0700;1,7900;0;0,0345;28,9900;0;1;1;6;0;0
88,0139;193,6595;11,5000;2,8860;0,3667;0,0000;0,8967;0,1147;0,0000;0,0000;0,4584;-0,9900;1,9000;0;0,0345;28,9900;0;1;1;6;0;0
88,0278;193,6595;11,5000;2,9147;0,3669;0,0000;0,8975;0,1147;0,0000;0,0000;0,4586;-0,9000;2,0100;0;0,0345;28,9900;0;1;1;6;0;0
88,0417;193,6595;11,5000;2,9353;0,3670;0,0000;0,8983;0,1147;0,0000;0,0000;0,4588;-0,8100;2,1200;0;0,0345;28,9900;0;1;1;6;0;0
88,0556;193,6595;11,5000;2,9872;0,3673;0,0000;0,8992;0,1147;0,0000;0,0000;0,4591;-0,7200;2,2600;0;0,0345;28,9900;0;1;1;6;0;0
88,0695;193,6901;11,5000;3,0464;0,3674;0,0000;0,9000;0,1147;0,0000;0,0000;0,4592;-0,6900;2,3500;0;0,0346;28,9400;0;1;1;6;0;0
88,0834;193,7345;11,5000;3,0582;0,3675;0,0000;0,9008;0,1147;0,0000;0,0000;0,4594;-0,6900;2,3600;0;0,0346;28,8700;0;1;1;6;0;0
88,0973;193,7789;11,5000;3,0597;0,3676;0,0000;0,9015;0,1147;0,0000;0,0000;0,4595;-0,6900;2,3700;0;0,0347;28,7900;0;1;1;6;0;0
88,1112;193,8232;11,5000;3,0965;0,3678;0,0000;0,9022;0,1147;0,0000;0,0000;0,4598;-0,6900;2,4100;0;0,0348;28,7200;0;1;1;6;0;0
88,1250;193,8676;11,5000;3,1075;0,3681;0,0000;0,9028;0,1147;0,0000;0,0000;0,4601;-0,6800;2,4200;0;0,0349;28,6500;0;1;1;6;0;0
88,1389;194,1141;11,5000;3,1345;0,3697;0,0000;0,9035;0,1147;0,0000;0,0000;0,4621;-1,0800;2,0500;0;0,0354;28,2500;0;1;1;6;0;0
88,1528;194,1141;11,5000;3,1481;0,3698;0,0000;0,9042;0,1147;0,0000;0,0000;0,4622;-0,9900;2,1600;0;0,0354;28,2500;0;1;1;6;0;0
88,1667;194,1141;11,5000;3,1533;0,3700;0,0000;0,9051;0,1147;0,0000;0,0000;0,4625;-0,9000;2,2600;0;0,0354;28,2500;0;1;1;6;0;0
88,1806;194,1141;11,5000;3,1434;0,3702;0,0000;0,9060;0,1147;0,0000;0,0000;0,4627;-0,8000;2,3400;0;0,0354;28,2500;0;1;1;6;0;0
88,1945;194,1141;11,5000;3,1412;0,3704;0,0000;0,9070;0,1147;0,0000;0,0000;0,4631;-0,7100;2,4300;0;0,0354;28,2500;0;1;1;6;0;0
88,2084;194,1413;11,5000;3,1505;0,3706;0,0000;0,9079;0,1147;0,0000;0,0000;0,4633;-0,6700;2,4800;0;0,0355;28,2000;0;1;1;6;0;0
88,2223;194,1857;11,5000;3,1474;0,3707;0,0000;0,9088;0,1147;0,0000;0,0000;0,4634;-0,6700;2,4800;0;0,0355;28,1300;0;1;1;6;0;0
88,2362;194,2301;11,5000;3,1264;0,3709;0,0000;0,9097;0,1147;0,0000;0,0000;0,4636;-0,6700;2,4600;0;0,0356;28,0600;0;1;1;6;0;0
88,2500;194,2744;11,5000;3,1128;0,3711;0,0000;0,9105;0,1147;0,0000;0,0000;0,4639;-0,6700;2,4400;0;0,0357;27,9800;0;1;1;6;0;0
88,2639;194,3188;11,5000;3,0375;0,3713;0,0000;0,9113;0,1147;0,0000;0,0000;0,4642;-0,6700;2,3700;0;0,0358;27,9100;0;1;1;6;0;0
88,2778;194,5708;11,5000;3,0223;0,3730;0,0000;0,9120;0,1147;0,0000;0,0000;0,4662;-1,1000;1,9300;0;0,0363;27,5100;0;1;1;6;0;0
88,2917;194,5708;11,5000;3,0381;0,3731;0,0000;0,9129;0,1147;0,0000;0,0000;0,4663;-1,0100;2,0300;0;0,0363;27,5100;0;1;1;6;0;0
88,3056;194,5708;11,5000;3,0120;0,3732;0,0000;0,9138;0,1147;0,0000;0,0000;0,4665;-0,9200;2,1000;0;0,0363;27,5100;0;1;1;6;0;0
88,3195;194,5708;11,5000;2,9881;0,3734;0,0000;0,9148;0,1147;0,0000;0,0000;0,4667;-0,8300;2,1600;0;0,0363;27,5100;0;1;1;6;0;0
88,3334;194,5708;11,5000;2,9794;0,3736;0,0000;0,9158;0,1147;0,0000;0,0000;0,4670;-0,7400;2,2400;0;0,0363;27,5100;0;1;1;6;0;0
88,3473;194,5928;11,5000;2,9664;0,3737;0,0000;0,9168;0,1147;0,0000;0,0000;0,4671;-0,7000;2,2700;0;0,0364;27,4800;0;1;1;6;0;0
88,3612;194,6372;11,5000;2,9632;0,3738;0,0000;0,9177;0,1147;0,0000;0,0000;0,4672;-0,7000;2,2600;0;0,0365;27,4000;0;1;1;6;0;0
88,3750;194,6815;11,5000;2,9570;0,3739;0,0000;0,9186;0,1147;0,0000;0,0000;0,4673;-0,7100;2,2500;0;0,0366;27,3300;0;1;1;6;0;0
88,3889;194,7259;11,5000;2,9740;0,3740;0,0000;0,9194;0,1147;0,0000;0,0000;0,4675;-0,7100;2,2600;0;0,0367;27,2600;0;1;1;6;0;0
88,4028;194,7703;11,5000;2,9774;0,3742;0,0000;0,9201;0,1147;0,0000;0,0000;0,4678;-0,7200;2,2600;0;0,0368;27,1900;0;1;1;6;0;0
88,4167;195,0255;11,5000;3,0205;0,3759;0,0000;0,9207;0,1147;0,0000;0,0000;0,4699;-1,1700;1,8500;0;0,0373;26,7900;0;1;1;6;0;0
88,4306;195,0255;11,5000;3,0007;0,3759;0,0000;0,9215;0,1147;0,0000;0,0000;0,4699;-1,0800;1,9200;0;0,0373;26,7900;0;1;1;6;0;0
88,4445;195,0255;11,5000;3,0813;0,3760;0,0000;0,9224;0,1147;0,0000;0,0000;0,4700;-0,9900;2,1000;0;0,0373;26,7900;0;1;1;6;0;0
88,4584;195,0255;11,5000;3,1612;0,3762;0,0000;0,9233;0,1147;0,0000;0,0000;0,4702;-0,8900;2,2700;0;0,0373;26,7900;0;1;1;6;0;0
88,4723;195,0255;11,5000;3,1496;0,3764;0,0000;0,9242;0,1147;0,0000;0,0000;0,4705;-0,8000;2,3500;0;0,0373;26,7900;0;1;1;6;0;0
88,4862;195,0446;11,5000;3,1683;0,3765;0,0000;0,9251;0,1147;0,0000;0,0000;0,4707;-0,7500;2,4200;0;0,0374;26,7600;0;1;1;6;0;0
88,5000;195,0889;11,5000;3,1973;0,3766;0,0000;0,9260;0,1147;0,0000;0,0000;0,4707;-0,7500;2,4500;0;0,0375;26,6900;0;1;1;6;0;0
88,5139;195,1333;11,5000;3,2032;0,3767;0,0000;0,9268;0,1147;0,0000;0,0000;0,4709;-0,7500;2,4500;0;0,0376;26,6200;0;1;1;6;0;0
88,5278;195,1777;11,5000;3,2540;0,3769;0,0000;0,9275;0,1147;0,0000;0,0000;0,4711;-0,7500;2,5000;0;0,0377;26,5600;0;1;1;6;0;0
88,5417;195,2221;11,5000;3,3097;0,3771;0,0000;0,9282;0,1147;0,0000;0,0000;0,4714;-0,7500;2,5600;0;0,0378;26,4900;0;1;1;6;0;0
88,5556;195,4821;11,5000;3,3173;0,3789;0,0000;0,9288;0,1147;0,0000;0,0000;0,4736;-1,2200;2,1000;0;0,0383;26,0900;0;1;1;6;0;0
88,5695;195,4821;11,5000;3,3241;0,3790;0,0000;0,9296;0,1147;0,0000;0,0000;0,4737;-1,1200;2,2100;0;0,0383;26,0900;0;1;1;6;0;0
88,5834;195,4821;11,5000;3,3753;0,3791;0,0000;0,9305;0,1147;0,0000;0,0000;0,4739;-1,0200;2,3600;0;0,0383;26,0900;0;1;1;6;0;0
88,5973;195,4821;11,5000;3,3855;0,3793;0,0000;0,9315;0,1147;0,0000;0,0000;0,4741;-0,9200;2,4700;0;0,0383;26,0900;0;1;1;6;0;0
88,6112;195,4821;11,5000;3,3648;0,3796;0,0000;0,9325;0,1147;0,0000;0,0000;0,4745;-0,8200;2,5500;0;0,0383;26,0900;0;1;1;6;0;0
88,6250;195,4966;11,5000;3,3748;0,3798;0,0000;0,9335;0,1147;0,0000;0,0000;0,4747;-0,7500;2,6200;0;0,0384;26,0700;0;1;1;6;0;0
88,6389;195,5410;11,5000;3,3473;0,3799;0,0000;0,9344;0,1147;0,0000;0,0000;0,4748;-0,7500;2,5900;0;0,0385;26,0000;0;1;1;6;0;0
88,6528;195,5854;11,5000;3,3680;0,3800;0,0000;0,9353;0,1147;0,0000;0,0000;0,4750;-0,7500;2,6100;0;0,0386;25,9300;0;1;1;6;0;0
88,6667;195,6297;11,5000;3,3977;0,3802;0,0000;0,9361;0,1147;0,0000;0,0000;0,4752;-0,7500;2,6400;0;0,0387;25,8600;0;1;1;6;0;0
88,6806;195,6741;11,5000;3,3883;0,3805;0,0000;0,9369;0,1147;0,0000;0,0000;0,4756;-0,7500;2,6400;0;0,0388;25,8000;0;1;1;9;0;0
88,6945;195,9369;11,5000;3,3636;0,3823;0,0000;0,9376;0,1147;0,0000;0,0000;0,4779;-1,2400;2,1300;0;0,0394;25,4100;0;1;1;9;0;0
88,7084;195,9369;11,5000;3,3753;0,3824;0,0000;0,9385;0,1147;0,0000;0,0000;0,4780;-1,1400;2,2400;0;0,0394;25,4100;0;1;1;9;0;0
88,7223;195,9369;11,5000;3,3776;0,3825;0,0000;0,9395;0,1147;0,0000;0,0000;0,4781;-1,0400;2,3400;0;0,0394;25,4100;0;1;1;9;0;0
88,7362;195,9369;11,5000;3,3689;0,3827;0,0000;0,9406;0,1147;0,0000;0,0000;0,4784;-0,9400;2,4300;0;0,0394;25,4100;0;1;1;9;0;0
88,7500;195,9369;11,5000;3,3825;0,3830;0,0000;0,9417;0,1147;0,0000;0,0000;0,4787;-0,8400;2,5500;0;0,0394;25,4100;0;1;1;9;0;0
88,7639;195,9490;11,5000;3,3320;0,3832;0,0000;0,9428;0,1147;0,0000;0,0000;0,4790;-0,7600;2,5700;0;0,0394;25,3900;0;1;1;9;0;0
88,7778;195,9933;11,5000;3,3627;0,3833;0,0000;0,9438;0,1147;0,0000;0,0000;0,4791;-0,7600;2,5900;0;0,0395;25,3200;0;1;1;9;0;0
88,7917;196,0377;11,5000;3,3403;0,3834;0,0000;0,9447;0,1147;0,0000;0,0000;0,4792;-0,7700;2,5700;0;0,0396;25,2600;0;1;1;9;0;0
88,8056;196,0821;11,5000;3,2826;0,3835;0,0000;0,9456;0,1147;0,0000;0,0000;0,4794;-0,7700;2,5100;0;0,0397;25,1900;0;1;1;9;0;0
88,8195;196,1265;11,5000;3,2828;0,3838;0,0000;0,9464;0,1147;0,0000;0,0000;0,4797;-0,7700;2,5100;0;0,0398;25,1300;0;1;1;9;0;0
88,8334;196,3933;11,5000;3,2828;0,3856;0,0000;0,9472;0,1147;0,0000;0,0000;0,4821;-1,2900;2,0000;0;0,0404;24,7400;0;1;1;9;0;0
88,8473;196,3933;11,5000;3,2505;0,3857;0,0000;0,9481;0,1147;0,0000;0,0000;0,4821;-1,1900;2,0600;0;0,0404;24,7400;0;1;1;9;0;0
88,8612;196,3933;11,5000;3,2741;0,3857;0,0000;0,9491;0,1147;0,0000;0,0000;0,4822;-1,0900;2,1800;0;0,0404;24,7400;0;1;1;9;0;0
88,8750;196,3933;11,5000;3,2583;0,3859;0,0000;0,9502;0,1147;0,0000;0,0000;0,4823;-0,9900;2,2600;0;0,0404;24,7400;0;1;1;9;0;0
88,8889;196,3933;11,5000;3,2013;0,3860;0,0000;0,9512;0,1147;0,0000;0,0000;0,4825;-0,9000;2,3000;0;0,0404;24,7400;0;1;1;9;0;0
88,9028;196,4016;11,5000;3,2248;0,3862;0,0000;0,9522;0,1147;0,0000;0,0000;0,4827;-0,8200;2,4000;0;0,0404;24,7300;0;1;1;9;0;0
88,9167;196,4460;11,5000;3,2295;0,3861;0,0000;0,9532;0,1147;0,0000;0,0000;0,4827;-0,8300;2,3900;0;0,0405;24,6600;0;1;1;9;0;0
88,9306;196,4904;11,5000;3,2528;0,3862;0,0000;0,9540;0,1147;0,0000;0,0000;0,4827;-0,8400;2,4100;0;0,0407;24,6000;0;1;1;9;0;0
88,9445;196,5347;11,4000;3,2271;0,3863;0,0000;0,9548;0,1147;0,0000;0,0000;0,4828;-0,8500;2,3800;0;0,0408;24,5400;0;1;1;9;0;0
88,9584;196,5787;11,4000;3,3247;0,3865;0,0000;0,9555;0,1147;0,0000;0,0000;0,4831;-0,8500;2,4700;0;0,0409;24,4700;0;1;1;9;0;0
88,9723;196,8484;11,4000;3,3178;0,3883;0,0000;0,9561;0,1147;0,0000;0,0000;0,4854;-1,3900;1,9300;0;0,0415;24,0900;0;1;1;9;0;0
88,9862;196,8484;11,4000;3,3403;0,3883;0,0000;0,9568;0,1147;0,0000;0,0000;0,4854;-1,2900;2,0500;0;0,0415;24,0900;0;1;1;9;0;0
89,0000;196,8484;11,4000;3,3777;0,3883;0,0000;0,9577;0,1147;0,0000;0,0000;0,4854;-1,1900;2,1900;0;0,0415;24,0900;0;1;1;9;0;0
89,0139;196,8484;11,4000;3,4554;0,3885;0,0000;0,9587;0,1147;0,0000;0,0000;0,4856;-1,0900;2,3700;0;0,0415;24,0900;0;1;1;9;0;0
89,0278;196,8484;11,4000;3,4710;0,3886;0,0000;0,9596;0,1147;0,0000;0,0000;0,4858;-0,9900;2,4800;0;0,0415;24,0900;0;1;1;9;0;0
89,0417;196,8519;11,4000;3,4781;0,3889;0,0000;0,9605;0,1147;0,0000;0,0000;0,4861;-0,8900;2,5800;0;0,0415;24,0900;0;1;1;9;0;0
89,0556;196,8959;11,4000;3,4825;0,3889;0,0000;0,9613;0,1147;0,0000;0,0000;0,4861;-0,9000;2,5800;0;0,0416;24,0300;0;1;1;9;0;0
89,0695;196,9398;11,4000;3,5220;0,3889;0,0000;0,9621;0,1147;0,0000;0,0000;0,4861;-0,9000;2,6200;0;0,0417;23,9700;0;1;1;9;0;0
89,0834;196,9838;11,4000;3,6291;0,3891;0,0000;0,9628;0,1147;0,0000;0,0000;0,4863;-0,9000;2,7300;0;0,0418;23,9000;0;1;1;9;0;0
89,0973;197,0278;11,4000;3,6224;0,3892;0,0000;0,9635;0,1147;0,0000;0,0000;0,4866;-0,9000;2,7200;0;0,0419;23,8400;0;1;1;9;0;0
89,1112;197,0718;11,4000;3,6343;0,3895;0,0000;0,9641;0,1147;0,0000;0,0000;0,4869;-0,8900;2,7400;0;0,0420;23,7800;0;1;1;9;0;0
89,1250;197,3046;11,4000;3,6764;0,3913;0,0000;0,9647;0,1147;0,0000;0,0000;0,4891;-1,3500;2,3300;0;0,0426;23,4700;0;1;1;9;0;0
89,1389;197,3046;11,4000;3,6847;0,3913;0,0000;0,9654;0,1147;0,0000;0,0000;0,4892;-1,2400;2,4400;0;0,0426;23,4700;0;1;1;9;0;0
89,1528;197,3046;11,4000;3,7009;0,3915;0,0000;0,9663;0,1147;0,0000;0,0000;0,4893;-1,1300;2,5700;0;0,0426;23,4700;0;1;1;9;0;0
89,1667;197,3046;11,4000;3,7100;0,3917;0,0000;0,9673;0,1147;0,0000;0,0000;0,4896;-1,0200;2,6900;0;0,0426;23,4700;0;1;1;9;0;0
89,1806;197,3046;11,4000;3,6737;0,3920;0,0000;0,9682;0,1147;0,0000;0,0000;0,4900;-0,9100;2,7600;0;0,0426;23,4700;0;1;1;9;0;0
89,1945;197,3453;11,4000;3,6571;0,3920;0,0000;0,9692;0,1147;0,0000;0,0000;0,4900;-0,9100;2,7500;0;0,0427;23,4100;0;1;1;9;0;0
89,2084;197,3893;11,4000;3,6607;0,3921;0,0000;0,9702;0,1147;0,0000;0,0000;0,4901;-0,9100;2,7500;0;0,0428;23,3500;0;1;1;9;0;0
89,2223;197,4333;11,4000;3,6059;0,3922;0,0000;0,9711;0,1147;0,0000;0,0000;0,4902;-0,9100;2,6900;0;0,0429;23,2900;0;1;1;9;0;0
89,2362;197,4773;11,4000;3,5949;0,3924;0,0000;0,9719;0,1147;0,0000;0,0000;0,4904;-0,9100;2,6800;0;0,0430;23,2300;0;1;1;9;0;0
89,2500;197,5213;11,4000;3,6338;0,3926;0,0000;0,9726;0,1147;0,0000;0,0000;0,4907;-0,9100;2,7200;0;0,0431;23,1800;0;1;1;9;0;0
89,2639;197,7598;11,4000;3,6738;0,3944;0,0000;0,9733;0,1147;0,0000;0,0000;0,4930;-1,3900;2,2800;0;0,0437;22,8600;0;1;1;9;0;0
89,2778;197,7598;11,4000;3,7172;0,3945;0,0000;0,9741;0,1147;0,0000;0,0000;0,4931;-1,2800;2,4300;0;0,0437;22,8600;0;1;1;9;0;0
89,2917;197,7598;11,4000;3,7320;0,3946;0,0000;0,9751;0,1147;0,0000;0,0000;0,4933;-1,1700;2,5600;0;0,0437;22,8600;0;1;1;9;0;0
89,3056;197,7598;11,4000;3,7350;0,3948;0,0000;0,9762;0,1147;0,0000;0,0000;0,4935;-1,0600;2,6700;0;0,0437;22,8600;0;1;1;9;0;0
89,3195;197,7598;11,4000;3,8173;0,3951;0,0000;0,9773;0,1147;0,0000;0,0000;0,4939;-0,9500;2,8700;0;0,0437;22,8600;0;1;1;9;0;0
89,3334;197,7951;11,4000;3,8337;0,3952;0,0000;0,9783;0,1147;0,0000;0,0000;0,4940;-0,9300;2,9000;0;0,0438;22,8200;0;1;1;9;0;0
89,3473;197,8391;11,4000;3,8898;0,3953;0,0000;0,9793;0,1147;0,0000;0,0000;0,4941;-0,9200;2,9600;0;0,0439;22,7600;0;1;1;9;0;0
89,3612;197,8831;11,4000;4,0028;0,3955;0,0000;0,9803;0,1147;0,0000;0,0000;0,4943;-0,9200;3,0800;0;0,0440;22,7000;0;1;1;9;0;0
89,3750;197,9270;11,4000;4,1034;0,3957;0,0000;0,9811;0,1147;0,0000;0,0000;0,4947;-0,9100;3,1900;0;0,0442;22,6500;0;1;1;9;0;0
89,3889;197,9711;11,4000;4,0954;0,3961;0,0000;0,9819;0,1147;0,0000;0,0000;0,4951;-0,9000;3,1900;0;0,0443;22,5900;0;1;1;9;0;0
89,4028;198,2157;11,4000;4,1336;0,3981;0,0000;0,9828;0,1147;0,0000;0,0000;0,4977;-1,4000;2,7300;0;0,0449;22,2800;0;1;1;9;0;0
89,4167;198,2157;11,4000;4,2292;0,3983;0,0000;0,9837;0,1147;0,0000;0,0000;0,4979;-1,2800;2,9500;0;0,0449;22,2800;0;1;1;9;0;0
89,4306;198,2157;11,4000;4,2341;0,3985;0,0000;0,9849;0,1147;0,0000;0,0000;0,4982;-1,1500;3,0800;0;0,0449;22,2800;0;1;1;9;0;0
89,4445;198,2157;11,4000;4,2107;0,3989;0,0000;0,9862;0,1147;0,0000;0,0000;0,4986;-1,0300;3,1800;0;0,0449;22,2800;0;1;1;9;0;0
89,4584;198,2157;11,2000;4,2246;0,3993;0,0000;0,9875;0,1147;0,0000;0,0000;0,4991;-0,9000;3,3200;0;0,0449;22,2800;0;1;1;9;0;0
89,4723;198,2445;11,2000;4,2693;0,3995;0,0000;0,9889;0,1147;0,0000;0,0000;0,4994;-0,8600;3,4100;0;0,0450;22,2400;0;1;1;9;0;0
89,4862;198,2877;11,2000;4,2448;0,3997;0,0000;0,9902;0,1147;0,0000;0,0000;0,4996;-0,8400;3,4000;0;0,0451;22,1900;0;1;1;9;0;0
89,5000;198,3309;11,2000;4,2354;0,4000;0,0000;0,9914;0,1147;0,0000;0,0000;0,5000;-0,8300;3,4000;0;0,0452;22,1400;0;1;1;9;0;0
89,5139;198,3741;11,2000;4,2165;0,4003;0,0000;0,9926;0,0229;0,0005;0,0452;0,5004;-0,8200;3,3900;0;0,0453;22,0800;1;1;1;9;0;0
89,5278;198,4174;11,2000;4,1519;0,4007;0,0000;0,9937;0,0234;0,0012;0,0444;0,5009;-0,8200;3,3300;0;0,0454;22,0300;1;1;1;9;0;0
89,5417;198,6712;11,2000;4,1062;0,4029;0,0000;0,9947;0,0201;0,0048;0,0366;0,5036;-1,3600;2,7500;0;0,0460;21,7200;1;1;1;9;0;0
89,5556;198,6712;11,2000;4,0453;0,4031;0,0000;0,9956;0,0211;0,0051;0,0374;0,5038;-1,2400;2,8000;0;0,0460;21,7200;1;1;1;9;0;0
89,5695;198,6712;11,2000;4,0257;0,4033;0,0000;0,9964;0,0218;0,0055;0,0387;0,5041;-1,1200;2,9000;0;0,0460;21,7200;1;1;1;9;0;0
89,5834;198,6712;11,2000;3,9025;0,4035;0,0000;0,9971;0,0233;0,0059;0,0386;0,5044;-1,0100;2,8900;0;0,0460;21,7200;1;1;1;9;0;0
89,5973;198,6712;11,2000;3,8416;0,4039;0,0000;0,9976;0,0241;0,0064;0,0392;0,5048;-0,9000;2,9400;0;0,0460;21,7200;1;1;1;9;0;0
89,6112;198,6873;11,2000;3,8585;0,4041;0,0000;0,9981;0,0240;0,0069;0,0403;0,5051;-0,8300;3,0200;0;0,0461;21,7000;1;1;1;9;0;0
89,6250;198,7305;11,2000;3,7901;0,4042;0,0000;0,9984;0,0241;0,0070;0,0393;0,5052;-0,8400;2,9500;0;0,0462;21,6500;1;1;1;9;0;0
89,6389;198,7737;11,2000;3,6818;0,4043;0,0000;0,9987;0,0245;0,0072;0,0378;0,5054;-0,8500;2,8300;0;0,0463;21,6000;1;1;1;9;0;0
89,6528;198,8169;11,2000;3,5932;0,4045;0,0000;0,9990;0,0245;0,0075;0,0365;0,5056;-0,8600;2,7300;0;0,0464;21,5500;1;1;1;9;0;0
89,6667;198,8601;11,2000;3,5935;0,4047;0,0000;0,9992;0,0238;0,0078;0,0363;0,5059;-0,8700;2,7200;0;0,0465;21,4900;1;1;1;9;0;0
89,6806;199,1269;11,2000;3,5052;0,4069;0,0000;0,9994;0,0199;0,0114;0,0271;0,5086;-1,4800;2,0300;0;0,0472;21,1800;1;1;1;9;0;0
89,6945;199,1269;11,2000;3,4703;0,4068;0,0000;0,9995;0,0202;0,0113;0,0279;0,5085;-1,3800;2,0900;0;0,0472;21,1800;1;1;1;3;0;0
89,7084;199,1269;11,2000;3,4125;0,4068;0,0000;0,9996;0,0207;0,0113;0,0285;0,5085;-1,2800;2,1300;0;0,0472;21,1800;1;1;1;3;0;0
89,7223;199,1269;11,2000;3,3885;0,4068;0,0000;0,9997;0,0209;0,0114;0,0295;0,5086;-1,1800;2,2100;0;0,0472;21,1800;1;1;1;3;0;0
89,7362;199,1269;11,2000;3,3330;0,4069;0,0000;0,9997;0,0214;0,0116;0,0300;0,5087;-1,0800;2,2500;0;0,0472;21,1800;1;1;1;3;0;0
89,7500;199,1304;11,2000;3,2026;0,4070;0,0000;0,9998;0,0223;0,0117;0,0294;0,5088;-1,0000;2,2000;0;0,0472;21,1800;1;1;1;3;0;0
89,7639;199,1736;11,2000;3,2295;0,4068;0,0000;0,9998;0,0212;0,0114;0,0294;0,5085;-1,0200;2,2000;0;0,0473;21,1300;1;1;1;3;0;0
89,7778;199,2168;11,2000;3,1616;0,4067;0,0000;0,9999;0,0209;0,0111;0,0281;0,5083;-1,0500;2,1100;0;0,0474;21,0800;1;1;1;3;0;0
89,7917;199,2601;11,2000;3,0867;0,4065;0,0000;0,9999;0,0206;0,0109;0,0267;0,5082;-1,0800;2,0000;0;0,0475;21,0300;1;1;1;3;0;0
89,8056;199,3033;11,2000;3,1022;0,4064;0,0000;0,9999;0,0196;0,0107;0,0266;0,5081;-1,1100;1,9900;0;0,0477;20,9800;1;1;1;3;0;0
89,8195;199,3465;11,2000;3,0371;0,4064;0,0000;0,9999;0,0193;0,0107;0,0253;0,5080;-1,1400;1,8900;0;0,0478;20,9300;1;1;1;3;0;0
89,8334;199,5826;11,2000;2,8664;0,4080;0,0000;1,0000;0,0162;0,0134;0,0156;0,5100;-1,7000;1,1600;0;0,0484;20,6700;1;1;1;3;0;0
89,8473;199,5826;11,2000;2,8776;0,4077;0,0000;1,0000;0,0159;0,0128;0,0168;0,5096;-1,6200;1,2600;0;0,0484;20,6700;1;1;1;3;0;0
89,8612;199,5826;11,2000;2,8298;0,4074;0,0000;1,0000;0,0161;0,0123;0,0173;0,5092;-1,5400;1,2900;0;0,0484;20,6700;1;1;1;3;0;0
89,8750;199,5826;11,2000;2,7537;0,4071;0,0000;1,0000;0,0164;0,0118;0,0173;0,5089;-1,4600;1,3000;0;0,0484;20,6700;1;1;1;3;0;0
89,8889;199,5826;11,2000;2,5956;0,4068;0,0000;1,0000;0,0174;0,0114;0,0162;0,5085;-1,3800;1,2100;0;0,0484;20,6700;1;1;1;3;0;0
89,9028;199,6170;11,2000;2,6205;0,4063;0,0000;1,0000;0,0161;0,0105;0,0162;0,5079;-1,4000;1,2100;0;0,0485;20,6300;1;1;1;3;0;0
89,9167;199,6602;11,2000;2,5440;0,4057;0,0000;1,0000;0,0156;0,0095;0,0146;0,5071;-1,4500;1,0900;0;0,0486;20,5900;1;1;1;3;0;0
89,9306;199,7034;11,2000;2,3907;0,4052;0,0000;1,0000;0,0156;0,0086;0,0118;0,5064;-1,5000;0,8900;0;0,0487;20,5400;1;1;1;3;0;0
89,9445;199,7466;11,3000;2,3426;0,4046;0,0000;1,0000;0,0147;0,0077;0,0105;0,5058;-1,5500;0,7800;0;0,0488;20,4900;1;1;1;3;0;0
89,9584;199,7902;11,3000;2,3188;0,4041;0,0000;1,0000;0,0136;0,0069;0,0094;0,5052;-1,6100;0,7100;0;0,0489;20,4500;1;1;1;3;0;0
89,9723;200,0380;11,3000;2,2327;0,4054;0,0000;1,0000;0,0092;0,0091;0,0000;0,5068;-2,2400;0,0000;0;0,0495;20,1900;1;1;1;3;0;0
89,9862;200,0380;11,3000;2,1666;0,4046;0,0000;1,0000;0,0093;0,0077;0,0000;0,5057;-2,1700;0,0000;0;0,0495;20,1900;1;1;1;3;0;0
90,0000;200,0380;11,3000;1,9932;0,4037;0,0000;1,0000;0,0101;0,0062;-0,0016;0,5047;-2,1200;-0,1200;0;0,0495;20,1900;1;1;1;3;0;0
90,0139;200,0380;11,3000;1,9958;0,4029;0,0000;1,0000;0,0094;0,0049;-0,0008;0,5037;-2,0600;-0,0600;0;0,0495;20,1900;1;1;1;3;0;0
90,0278;200,0380;11,3000;1,9255;0,4021;0,0000;1,0000;0,0093;0,0035;-0,0010;0,5027;-2,0000;-0,0700;0;0,0495;20,1900;1;1;1;3;0;0
90,0417;200,0631;11,3000;1,8940;0,4011;0,0000;1,0000;0,0084;0,0019;-0,0017;0,5014;-2,0200;-0,1300;0;0,0496;20,1600;1;1;1;3;0;0
90,0556;200,1067;11,3000;1,8305;0,4000;0,0000;1,0000;0,0075;0,0000;-0,0035;0,5000;-2,0900;-0,2600;0;0,0497;20,1100;1;1;1;3;0;0
90,0695;200,1503;11,3000;1,6969;0,3988;0,0000;1,0000;0,0071;0,0000;-0,0063;0,4985;-2,1700;-0,4700;0;0,0498;20,0700;1;1;1;3;0;0
90,0834;200,1938;11,3000;1,6728;0,3977;0,0000;0,9999;0,0058;0,0000;-0,0076;0,4972;-2,2400;-0,5700;0;0,0499;20,0300;1;1;1;3;0;0
90,0973;200,2374;11,3000;1,6848;0,3966;0,0000;0,9995;0,0042;0,0000;-0,0085;0,4958;-2,3200;-0,6400;0;0,0500;19,9800;1;1;1;3;0;0
90,1112;200,4939;11,3000;1,6351;0,3975;0,0000;0,9988;-0,0008;0,0000;-0,0183;0,4969;-3,0100;-1,3700;0;0,0507;19,7300;1;1;0;3;0;0
90,1250;200,4939;11,3000;1,5930;0,3960;0,0000;0,9979;-0,0010;0,0000;-0,0182;0,4950;-2,9600;-1,3700;0;0,0507;19,7300;1;1;0;3;0;0
90,1389;200,4939;11,3000;1,4863;0,3946;0,0000;0,9970;-0,0007;0,0000;-0,0191;0,4932;-2,9200;-1,4300;0;0,0507;19,7300;1;1;0;3;0;0
90,1528;200,4939;11,3000;1,4964;0,3932;0,0000;0,9958;-0,0013;0,0000;-0,0183;0,4915;-2,8700;-1,3800;0;0,0507;19,7300;1;1;0;3;0;0
90,1667;200,4939;11,3000;1,5034;0,3918;0,0000;0,9942;-0,0019;0,0000;-0,0177;0,4897;-2,8300;-1,3200;0;0,0507;19,7300;1;1;0;3;0;0
90,1806;200,5101;11,3000;1,4880;0,3902;0,0000;0,9923;-0,0025;0,0000;-0,0180;0,4878;-2,8300;-1,3500;0;0,0507;19,7100;1;1;0;3;0;0
90,1945;200,5537;11,3000;1,5257;0,3885;0,0000;0,9900;-0,0040;0,0000;-0,0186;0,4856;-2,9200;-1,3900;0;0,0508;19,6700;1;1;0;3;0;0
90,2084;200,5972;11,3000;1,5397;0,3868;0,0000;0,9874;-0,0052;0,0000;-0,0195;0,4835;-3,0000;-1,4600;0;0,0510;19,6200;1;1;0;3;0;0
90,2223;200,6408;11,3000;1,5903;0,3851;0,0000;0,9845;-0,0065;0,0000;-0,0199;0,4814;-3,0800;-1,4900;0;0,0511;19,5800;1;1;0;3;0;0
90,2362;200,6843;11,3000;1,5717;0,3835;0,0000;0,9813;-0,0073;0,0000;-0,0212;0,4794;-3,1600;-1,5900;0;0,0512;19,5400;1;1;0;3;0;0
90,2500;200,9491;11,3000;1,5937;0,3839;0,0000;0,9777;-0,0126;0,0000;-0,0306;0,4799;-3,8900;-2,3000;0;0,0518;19,2900;1;1;0;3;0;0
90,2639;200,9491;11,3000;1,6828;0,3819;0,0000;0,9742;-0,0132;0,0000;-0,0288;0,4774;-3,8400;-2,1600;0;0,0518;19,2900;1;1;0;3;0;0
90,2778;200,9491;11,3000;1,7105;0,3800;0,0000;0,9707;-0,0132;0,0000;-0,0277;0,4750;-3,7900;-2,0800;0;0,0518;19,2900;1;1;0;3;0;0
90,2917;200,9491;11,3000;1,7572;0,3781;0,0000;0,9671;-0,0133;0,0000;-0,0264;0,4726;-3,7400;-1,9800;0;0,0518;19,2900;1;1;0;3;0;0
90,3056;200,9491;11,3000;1,9056;0,3763;0,0000;0,9633;-0,0141;0,0000;-0,0237;0,4704;-3,6800;-1,7800;0;0,0518;19,2900;1;1;0;3;0;0
90,3195;200,9567;11,3000;1,9137;0,3744;0,0000;0,9593;-0,0137;0,0000;-0,0232;0,4680;-3,6500;-1,7400;0;0,0519;19,2800;1;1;0;3;0;0
90,3334;201,0002;11,3000;1,9735;0,3723;0,0000;0,9552;-0,0145;0,0000;-0,0234;0,4653;-3,7200;-1,7600;0;0,0520;19,2500;1;1;0;3;0;0
90,3473;201,0438;11,3000;2,0590;0,3702;0,0000;0,9508;-0,0153;0,0000;-0,0232;0,4627;-3,8000;-1,7400;0;0,0521;19,2100;1;1;0;3;0;0
90,3612;201,0873;11,3000;2,2357;0,3681;0,0000;0,9463;-0,0167;0,0000;-0,0218;0,4602;-3,8600;-1,6300;0;0,0522;19,1700;1;1;0;3;0;0
90,3750;201,1308;11,3000;2,3406;0,3662;0,0000;0,9416;-0,0174;0,0000;-0,0212;0,4577;-3,9200;-1,5900;0;0,0523;19,1300;1;1;0;3;0;0
90,3889;201,1743;11,3000;2,3222;0,3642;0,0000;0,9367;-0,0170;0,0000;-0,0223;0,4553;-3,9900;-1,6700;0;0,0524;19,0900;1;1;0;3;0;0
90,4028;201,4052;11,3000;2,3538;0,3641;0,0000;0,9317;-0,0208;0,0000;-0,0301;0,4552;-4,6100;-2,2600;0;0,0530;18,8900;1;1;0;3;0;0
90,4167;201,4052;11,3000;2,4007;0,3619;0,0000;0,9268;-0,0201;0,0000;-0,0286;0,4523;-4,5400;-2,1400;0;0,0530;18,8900;1;1;0;3;0;0
90,4306;201,4052;11,3000;2,4347;0,3597;0,0000;0,9220;-0,0193;0,0000;-0,0272;0,4496;-4,4700;-2,0400;0;0,0530;18,8900;1;1;0;3;0;0
90,4445;201,4052;11,3000;2,5102;0,3575;0,0000;0,9172;-0,0188;0,0000;-0,0252;0,4469;-4,4000;-1,8900;0;0,0530;18,8900;1;1;0;3;0;0
90,4584;201,4052;11,3000;2,5881;0,3555;0,0000;0,9123;-0,0183;0,0000;-0,0232;0,4443;-4,3300;-1,7400;0;0,0530;18,8900;1;1;0;3;0;0
90,4723;201,4463;11,3000;2,7936;0,3531;0,0000;0,9073;-0,0196;0,0000;-0,0211;0,4414;-4,3700;-1,5800;0;0,0530;18,8500;1;1;0;3;0;0
90,4862;201,4898;11,3000;2,8878;0,3508;0,0000;0,9022;-0,0197;0,0000;-0,0205;0,4385;-4,4200;-1,5400;0;0,0532;18,8100;1;1;0;3;0;0
90,5000;201,5333;11,3000;2,9631;0,3486;0,0000;0,8969;-0,0197;0,0000;-0,0201;0,4357;-4,4700;-1,5100;0;0,0533;18,7800;1;1;0;3;0;0
90,5139;201,5768;11,3000;2,9423;0,3464;0,0000;0,8916;-0,0189;0,0000;-0,0211;0,4329;-4,5200;-1,5800;0;0,0534;18,7400;1;1;0;3;0;0
90,5278;201,6204;11,3000;3,0125;0,3442;0,0000;0,8860;-0,0189;0,0000;-0,0207;0,4303;-4,5600;-1,5500;0;0,0535;18,7000;1;1;0;3;0;0
90,5417;201,8603;11,3000;3,0441;0,3440;0,0000;0,8804;-0,0226;0,0000;-0,0289;0,4300;-5,2100;-2,1600;0;0,0540;18,5100;1;1;0;3;0;0
90,5556;201,8603;11,3000;3,1366;0,3416;0,0000;0,8749;-0,0219;0,0000;-0,0264;0,4270;-5,1200;-1,9800;0;0,0540;18,5100;1;1;0;3;0;0
90,5695;201,8603;11,3000;3,1582;0,3392;0,0000;0,8695;-0,0205;0,0000;-0,0249;0,4241;-5,0300;-1,8700;0;0,0540;18,5100;1;1;0;3;0;0
90,5834;201,8603;11,3000;3,2056;0,3369;0,0000;0,8641;-0,0195;0,0000;-0,0230;0,4212;-4,9300;-1,7300;0;0,0540;18,5100;1;1;0;3;0;0
90,5973;201,8603;11,3000;3,2598;0,3347;0,0000;0,8586;-0,0185;0,0000;-0,0210;0,4184;-4,8400;-1,5800;0;0,0540;18,5100;1;1;0;3;0;0
90,6112;201,8919;11,3000;3,3434;0,3323;0,0000;0,8531;-0,0184;0,0000;-0,0200;0,4153;-4,8400;-1,5000;0;0,0541;18,4800;1;1;0;3;0;0
90,6250;201,9353;11,3000;3,3719;0,3298;0,0000;0,8474;-0,0180;0,0000;-0,0202;0,4122;-4,8800;-1,5100;0;0,0542;18,4500;1;1;0;3;0;0
90,6389;201,9789;11,3000;3,4583;0,3274;0,0000;0,8416;-0,0181;0,0000;-0,0195;0,4092;-4,9100;-1,4600;0;0,0543;18,4200;1;1;0;3;0;0
90,6528;202,0224;11,3000;3,4738;0,3250;0,0000;0,8356;-0,0176;0,0000;-0,0197;0,4062;-4,9500;-1,4800;0;0,0544;18,3800;1;1;0;3;0;0
90,6667;202,0659;11,3000;3,5026;0,3227;0,0000;0,8295;-0,0173;0,0000;-0,0198;0,4034;-4,9800;-1,4800;0;0,0545;18,3500;1;1;0;3;0;0
90,6806;202,3163;11,3000;3,5288;0,3225;0,0000;0,8232;-0,0213;0,0000;-0,0284;0,4031;-5,6600;-2,1300;0;0,0551;18,1600;1;1;0;3;0;0
90,6945;202,3163;11,2000;3,5611;0,3199;0,0000;0,8170;-0,0201;0,0000;-0,0266;0,3999;-5,5600;-2,0000;0;0,0551;18,1600;1;1;0;3;0;0
90,7084;202,3163;11,2000;3,5905;0,3174;0,0000;0,8110;-0,0190;0,0000;-0,0249;0,3968;-5,4500;-1,8600;0;0,0551;18,1600;1;1;0;0;0;0
90,7223;202,3163;11,2000;3,6277;0,3150;0,0000;0,8050;-0,0179;0,0000;-0,0230;0,3937;-5,3500;-1,7200;0;0,0551;18,1600;1;1;0;0;0;0
90,7362;202,3163;11,2000;3,6657;0,3126;0,0000;0,7988;-0,0169;0,0000;-0,0210;0,3908;-5,2400;-1,5800;0;0,0551;18,1600;1;1;0;0;0;0
90,7500;202,3353;11,2000;3,7049;0,3102;0,0000;0,7926;-0,0163;0,0000;-0,0200;0,3877;-5,2000;-1,5000;0;0,0551;18,1400;1;1;0;0;0;0
90,7639;202,3784;11,2000;3,7389;0,3076;0,0000;0,7862;-0,0161;0,0000;-0,0199;0,3844;-5,2300;-1,4900;0;0,0552;18,1100;1;1;0;0;0;0
90,7778;202,4215;11,2000;3,7838;0,3050;0,0000;0,7796;-0,0160;0,0000;-0,0197;0,3812;-5,2500;-1,4800;0;0,0553;18,0800;1;1;0;0;0;0
90,7917;202,4646;11,2000;3,8405;0,3025;0,0000;0,7728;-0,0160;0,0000;-0,0193;0,3781;-5,2800;-1,4500;0;0,0554;18,0500;1;1;0;0;0;0
90,8056;202,5077;11,2000;3,8703;0,3001;0,0000;0,7658;-0,0158;0,0000;-0,0192;0,3751;-5,3100;-1,4400;0;0,0555;18,0200;1;1;0;0;0;0
90,8195;202,7717;11,2000;3,9738;0,3000;0,0000;0,7586;-0,0208;0,0000;-0,0274;0,3750;-6,0300;-2,0600;0;0,0561;17,8400;1;1;0;0;0;0
90,8334;202,7717;11,2000;4,0292;0,2973;0,0000;0,7515;-0,0208;0,0000;0,0000;0,3717;-5,9100;-1,8900;0;0,0561;17,8400;0;1;0;0;0;0
90,8473;202,7717;11,2000;4,0880;0,2948;0,0000;0,7445;-0,0208;0,0000;0,0000;0,3685;-5,8000;-1,7100;0;0,0561;17,8400;0;1;0;0;0;0
90,8612;202,7717;11,2000;4,1506;0,2923;0,0000;0,7376;-0,0208;0,0000;0,0000;0,3653;-5,6800;-1,5200;0;0,0561;17,8400;0;1;0;0;0;0
90,8750;202,7717;11,2000;4,2365;0,2899;0,0000;0,7305;-0,0208;0,0000;0,0000;0,3623;-5,5500;-1,3200;0;0,0561;17,8400;0;1;0;0;0;0
90,8889;202,7757;11,2000;4,2144;0,2875;0,0000;0,7233;-0,0208;0,0000;0,0000;0,3594;-5,4400;-1,2400;0;0,0561;17,8400;0;1;0;0;0;0
90,9028;202,8188;11,2000;4,2098;0,2848;0,0000;0,7158;-0,0208;0,0000;0,0000;0,3560;-5,4600;-1,2600;0;0,0562;17,8100;0;1;0;0;0;0
90,9167;202,8619;11,2000;4,1927;0,2822;0,0000;0,7082;-0,0208;0,0000;0,0000;0,3527;-5,4800;-1,2900;0;0,0562;17,7800;0;1;0;0;0;0
90,9306;202,9050;11,2000;4,1727;0,2796;0,0000;0,7003;-0,0208;0,0000;0,0000;0,3495;-5,5000;-1,3300;0;0,0563;17,7500;0;1;0;0;0;0
90,9445;202,9482;11,2000;4,1747;0,2771;0,0000;0,6921;-0,0208;0,0000;0,0000;0,3464;-5,5200;-1,3500;0;0,0564;17,7200;0;1;0;0;0;0
90,9584;202,9913;11,2000;4,2021;0,2747;0,0000;0,6837;-0,0208;0,0000;0,0000;0,3434;-5,5300;-1,3400;0;0,0565;17,7000;0;1;0;0;0;0
90,9723;203,2275;11,2000;4,2274;0,2743;0,0000;0,6751;-0,0208;0,0000;0,0000;0,3429;-6,1800;-1,9500;0;0,0570;17,5500;0;1;0;0;0;0
90,9862;203,2275;11,2000;4,2837;0,2716;0,0000;0,6665;-0,0208;0,0000;0,0000;0,3396;-6,0500;-1,7700;0;0,0570;17,5500;0;1;0;0;0;0
91,0000;203,2275;11,2000;4,3124;0,2690;0,0000;0,6581;-0,0208;0,0000;0,0000;0,3363;-5,9300;-1,6100;0;0,0570;17,5500;0;1;0;0;0;0
91,0139;203,2275;11,2000;4,3287;0,2665;0,0000;0,6496;-0,0208;0,0000;0,0000;0,3331;-5,8000;-1,4700;0;0,0570;17,5500;0;1;0;0;0;0
91,0278;203,2275;11,2000;4,3339;0,2641;0,0000;0,6409;-0,0208;0,0000;0,0000;0,3301;-5,6800;-1,3400;0;0,0570;17,5500;0;1;0;0;0;0
91,0417;203,2587;11,2000;4,3256;0,2613;0,0000;0,6317;-0,0208;0,0000;0,0000;0,3267;-5,6500;-1,3400;0;0,0570;17,5300;0;1;0;0;0;0
91,0556;203,3017;11,2000;4,3112;0,2586;0,0000;0,6221;-0,0208;0,0000;0,0000;0,3232;-5,6700;-1,3700;0;0,0571;17,5000;0;1;0;0;0;0
91,0695;203,3448;11,2000;4,2939;0,2559;0,0000;0,6120;-0,0208;0,0000;0,0000;0,3199;-5,6900;-1,4000;0;0,0572;17,4800;0;1;0;0;0;0
91,0834;203,3879;11,2000;4,2773;0,2533;0,0000;0,6012;-0,0208;0,0000;0,0000;0,3166;-5,7100;-1,4400;0;0,0573;17,4500;0;1;0;0;0;0
91,0973;203,4310;11,2000;4,2639;0,2507;0,0000;0,5897;-0,0208;0,0000;0,0000;0,3134;-5,7200;-1,4700;0;0,0574;17,4300;0;1;0;0;0;0
91,1112;203,6830;11,2000;4,2539;0,2504;0,0000;0,5777;-0,0208;0,0000;0,0000;0,3131;-6,4300;-2,1800;0;0,0578;17,2900;0;1;0;0;0;0
91,1250;203,6830;11,2000;4,2460;0,2476;0,0000;0,5656;-0,0208;0,0000;0,0000;0,3095;-6,3100;-2,0600;0;0,0578;17,2900;0;1;0;0;0;0
91,1389;203,6830;11,2000;4,2416;0,2448;0,0000;0,5536;-0,0208;0,0000;0,0000;0,3060;-6,1800;-1,9400;0;0,0578;17,2900;0;1;0;0;0;0
91,1528;203,6830;11,2000;4,2418;0,2421;0,0000;0,5414;-0,0208;0,0000;0,0000;0,3026;-6,0600;-1,8200;0;0,0578;17,2900;0;1;0;0;0;0
91,1667;203,6830;11,2000;4,2425;0,2395;0,0000;0,5288;-0,0208;0,0000;0,0000;0,2993;-5,9400;-1,6900;0;0,0578;17,2900;0;1;0;0;0;0
91,1806;203,6976;11,6000;4,2493;0,2368;0,0000;0,5157;-0,0208;0,0000;0,0000;0,2960;-5,8600;-1,6200;0;0,0579;17,2800;0;1;0;0;0;0
91,1945;203,7422;11,6000;4,2545;0,2338;0,0000;0,5024;-0,0208;0,0000;0,0000;0,2922;-5,8800;-1,6300;0;0,0579;17,2600;0;1;0;0;0;0
91,2084;203,7869;11,6000;4,2630;0,2308;0,0000;0,4886;-0,0208;0,0000;0,0000;0,2885;-5,9000;-1,6500;0;0,0580;17,2300;0;1;0;0;0;0
91,2223;203,8315;11,6000;4,2708;0,2279;0,0000;0,4745;-0,0208;0,0000;0,0000;0,2849;-5,9200;-1,6600;0;0,0581;17,2100;0;1;0;0;0;0
91,2362;203,8761;11,6000;4,2855;0,2252;0,0000;0,4602;-0,0208;0,0000;0,0000;0,2814;-5,9400;-1,6600;0;0,0582;17,1900;0;1;0;0;0;0
91,2500;204,1387;11,6000;4,2964;0,2247;0,0000;0,4457;-0,0208;0,0000;0,0000;0,2809;-6,6900;-2,3900;0;0,0586;17,0600;0;1;0;0;0;0
91,2639;204,1387;11,6000;4,3182;0,2216;0,0000;0,4316;-0,0208;0,0000;0,0000;0,2771;-6,5600;-2,2400;0;0,0586;17,0600;0;1;0;0;0;0
91,2778;204,1387;11,6000;4,3226;0,2186;0,0000;0,4181;-0,0208;0,0000;0,0000;0,2733;-6,4300;-2,1100;0;0,0586;17,0600;0;1;0;0;0;0
91,2917;204,1387;11,6000;4,3387;0,2157;0,0000;0,4050;-0,0208;0,0000;0,0000;0,2696;-6,3000;-1,9600;0;0,0586;17,0600;0;1;0;0;0;0
91,3056;204,1387;11,6000;4,3480;0,2128;0,0000;0,3922;-0,0208;0,0000;0,0000;0,2660;-6,1700;-1,8200;0;0,0586;17,0600;0;1;0;0;0;0
91,3195;204,1511;11,6000;4,3580;0,2099;0,0000;0,3799;-0,0208;0,0000;0,0000;0,2624;-6,0800;-1,7300;0;0,0586;17,0500;0;1;0;0;0;0
91,3334;204,1957;11,6000;4,3654;0,2067;0,0000;0,3687;-0,0208;0,0000;0,0000;0,2584;-6,1000;-1,7400;0;0,0587;17,0300;0;1;0;0;0;0
91,3473;204,2403;11,6000;4,3690;0,2037;0,0000;0,3602;-0,0208;0,0000;0,0000;0,2546;-6,1200;-1,7600;0;0,0588;17,0100;0;1;0;0;0;0
91,3612;204,2849;11,6000;4,3724;0,2007;0,0000;0,3527;-0,0208;0,0000;0,0000;0,2508;-6,1400;-1,7800;0;0,0588;16,9900;0;1;0;0;0;0
91,3750;204,3296;11,6000;4,3768;0,1977;0,0000;0,3387;-0,0208;0,0000;0,0000;0,2472;-6,1600;-1,7900;0;0,0589;16,9700;0;1;0;0;0;0
91,3889;204,5942;11,6000;4,3810;0,1973;0,0000;0,0000;-0,0208;0,0000;0,0000;0,2466;-6,9200;-2,5400;0;0,0593;16,8600;0;1;0;0;0;0
91,4028;204,5942;11,6000;4,3829;0,1940;0,0000;0,0000;-0,0208;0,0000;0,0000;0,2425;-6,7900;-2,4100;0;0,0593;16,8600;0;1;0;0;0;0
91,4167;204,5942;11,6000;4,3830;0,1909;0,0000;0,0000;-0,0208;0,0000;0,0000;0,2386;-6,6600;-2,2800;0;0,0593;16,8600;0;1;0;0;0;0
91,4306;204,5942;11,6000;4,3772;0,1878;0,0000;0,0000;-0,0208;0,0000;0,0000;0,2348;-6,5300;-2,1500;0;0,0593;16,8600;0;1;0;0;0;0
91,4445;204,5942;11,6000;4,3716;0,1848;0,0000;0,0000;-0,0208;0,0000;0,0000;0,2310;-6,4000;-2,0200;0;0,0593;16,8600;0;1;0;0;0;0
91,4584;204,6036;11,6000;4,3683;0,1818;0,0000;0,0000;-0,0208;0,0000;0,0000;0,2273;-6,3000;-1,9400;0;0,0593;16,8600;0;1;0;0;0;0
91,4723;204,6482;11,6000;4,3678;0,1785;0,0000;0,0000;-0,0208;0,0000;0,0000;0,2231;-6,3200;-1,9600;0;0,0594;16,8400;0;1;0;0;0;0
91,4862;204,6928;11,6000;4,3677;0,1753;0,0000;0,0000;-0,0208;0,0000;0,0000;0,2191;-6,3400;-1,9800;0;0,0594;16,8200;0;1;0;0;0;0
91,5000;204,7374;11,6000;4,3788;0,1721;0,0000;0,0000;-0,0208;0,0000;0,0000;0,2152;-6,3600;-1,9900;0;0,0595;16,8100;0;1;0;0;0;0
91,5139;204,7820;11,6000;4,3911;0,1691;0,0000;0,0000;-0,0208;0,0000;0,0000;0,2113;-6,3800;-2,0000;0;0,0596;16,7900;0;1;0;0;0;0
91,5278;205,0499;11,6000;4,4073;0,1685;0,0000;0,0000;-0,0208;0,0000;0,0000;0,2106;-7,1600;-2,7600;0;0,0599;16,6900;0;1;0;0;0;0
91,5417;205,0499;11,6000;4,4257;0,1651;0,0000;0,0000;-0,0208;0,0000;0,0000;0,2064;-7,0300;-2,6100;0;0,0599;16,6900;0;1;0;0;0;0
91,5556;205,0499;11,6000;4,4473;0,1618;0,0000;0,0000;-0,0208;0,0000;0,0000;0,2023;-6,9000;-2,4500;0;0,0599;16,6900;0;1;0;0;0;0
91,5695;205,0499;11,6000;4,4747;0,1586;0,0000;0,0000;-0,0208;0,0000;0,0000;0,1983;-6,7600;-2,2900;0;0,0599;16,6900;0;1;0;0;0;0
91,5834;205,0499;11,6000;4,5120;0,1555;0,0000;0,0000;-0,0208;0,0000;0,0000;0,1944;-6,6300;-2,1200;0;0,0599;16,6900;0;1;0;0;0;0
91,5973;205,0551;11,6000;4,5660;0,1525;0,0000;0,0000;-0,0208;0,0000;0,0000;0,1906;-6,5100;-1,9500;0;0,0599;16,6900;0;1;0;0;0;0
91,6112;205,0996;11,6000;4,6264;0,1491;0,0000;0,0000;-0,0208;0,0000;0,0000;0,1863;-6,5300;-1,9100;0;0,0600;16,6800;0;1;0;0;0;0
91,6250;205,1442;11,6000;4,6929;0,1458;0,0000;0,0000;-0,0208;0,0000;0,0000;0,1822;-6,5400;-1,8600;0;0,0600;16,6700;0;1;0;0;0;0
91,6389;205,1888;11,6000;4,7559;0,1426;0,0000;0,0000;-0,0208;0,0000;0,0000;0,1782;-6,5500;-1,8100;0;0,0600;16,6500;0;1;0;0;0;0
91,6528;205,2334;11,6000;4,7949;0,1395;0,0000;0,0000;-0,0208;0,0000;0,0000;0,1744;-6,5600;-1,7800;0;0,0601;16,6400;0;1;0;0;0;0
91,6667;205,5054;11,6000;4,8358;0,1390;0,0000;0,0000;-0,0208;0,0000;0,0000;0,1737;-7,3600;-2,5200;0;0,0604;16,5600;0;1;0;0;0;0
91,6806;205,5054;11,6000;4,8753;0,1356;0,0000;0,0000;-0,0208;0,0000;0,0000;0,1695;-7,2100;-2,3400;0;0,0604;16,5600;0;1;0;0;0;0
91,6945;205,5054;11,6000;4,9213;0,1323;0,0000;0,0000;-0,0208;0,0000;0,0000;0,1654;-7,0700;-2,1400;0;0,0604;16,5600;0;1;0;0;0;0
91,7084;205,5054;11,6000;4,9594;0,1291;0,0000;0,0000;-0,0208;0,0000;0,0000;0,1614;-6,9200;-1,9600;0;0,0604;16,5600;0;1;0;4;0;0
91,7223;205,5054;11,6000;4,9940;0,1260;0,0000;0,0000;-0,0208;0,0000;0,0000;0,1575;-6,7700;-1,7800;0;0,0604;16,5600;0;1;0;4;0;0
91,7362;205,5055;11,6000;5,0155;0,1230;0,0000;0,0000;-0,0208;0,0000;0,0000;0,1538;-6,6200;-1,6100;0;0,0604;16,5600;0;1;0;4;0;0
91,7500;205,5501;11,6000;5,0296;0,1197;0,0000;0,0000;-0,0208;0,0000;0,0000;0,1496;-6,6300;-1,6000;0;0,0604;16,5500;0;1;0;4;0;0
91,7639;205,5947;11,6000;5,0418;0,1164;0,0000;0,0000;-0,0208;0,0000;0,0000;0,1455;-6,6300;-1,6000;0;0,0605;16,5400;0;1;0;4;0;0
91,7778;205,6393;11,6000;5,0508;0,1132;0,0000;0,0000;-0,0208;0,0000;0,0000;0,1415;-6,6300;-1,5900;0;0,0605;16,5300;0;1;0;4;0;0
91,7917;205,6839;11,6000;5,0547;0,1101;0,0000;0,0000;-0,0208;0,0000;0,0000;0,1376;-6,6400;-1,5900;0;0,0605;16,5200;0;1;0;4;0;0
91,8056;205,7285;11,6000;5,0547;0,1071;0,0000;0,0000;-0,0208;0,0000;0,0000;0,1338;-6,6400;-1,5900;0;0,0606;16,5100;0;1;0;4;0;0
91,8195;205,9613;11,6000;5,0530;0,1062;0,0000;0,0000;-0,0208;0,0000;0,0000;0,1328;-7,3000;-2,2400;0;0,0608;16,4600;0;1;0;4;0;0
91,8334;205,9613;11,6000;5,0546;0,1029;0,0000;0,0000;-0,0208;0,0000;0,0000;0,1286;-7,1500;-2,0900;0;0,0608;16,4600;0;1;0;4;0;0
91,8473;205,9613;11,6000;5,0650;0,0997;0,0000;0,0000;-0,0208;0,0000;0,0000;0,1246;-7,0000;-1,9300;0;0,0608;16,4600;0;1;0;4;0;0
91,8612;205,9613;11,6000;5,0739;0,0966;0,0000;0,0000;-0,0208;0,0000;0,0000;0,1207;-6,8400;-1,7700;0;0,0608;16,4600;0;1;0;4;0;0
91,8750;205,9613;11,6000;5,0930;0,0936;0,0000;0,0000;-0,0208;0,0000;0,0000;0,1170;-6,6900;-1,6000;0;0,0608;16,4600;0;1;0;4;0;0
91,8889;205,9996;11,6000;5,1122;0,0902;0,0000;0,0000;-0,0208;0,0000;0,0000;0,1128;-6,6700;-1,5700;0;0,0608;16,4500;0;1;0;4;0;0
91,9028;206,0442;11,6000;5,1312;0,0869;0,0000;0,0000;-0,0208;0,0000;0,0000;0,1087;-6,6700;-1,5500;0;0,0608;16,4500;0;1;0;4;0;0
91,9167;206,0888;11,6000;5,1706;0,0837;0,0000;0,0000;-0,0208;0,0000;0,0000;0,1047;-6,6700;-1,5100;0;0,0608;16,4400;0;1;0;4;0;0
91,9306;206,1334;11,6000;5,2068;0,0806;0,0000;0,0000;-0,0208;0,0000;0,0000;0,1008;-6,6700;-1,4800;0;0,0609;16,4300;0;1;0;4;0;0
91,9445;206,1780;11,6000;5,2404;0,0777;0,0000;0,0000;-0,0208;0,0000;0,0000;0,0971;-6,6700;-1,4400;0;0,0609;16,4200;0;1;0;4;0;0
91,9584;206,4165;11,6000;5,2812;0,0769;0,0000;0,0000;-0,0208;0,0000;0,0000;0,0961;-7,3500;-2,0600;0;0,0610;16,3900;0;1;0;4;0;0
91,9723;206,4165;11,6000;5,3096;0,0737;0,0000;0,0000;-0,0208;0,0000;0,0000;0,0921;-7,1900;-1,8800;0;0,0610;16,3900;0;1;0;4;0;0
91,9862;206,4165;11,7000;5,3361;0,0705;0,0000;0,0000;-0,0208;0,0000;0,0000;0,0881;-7,0200;-1,6900;0;0,0610;16,3900;0;1;0;4;0;0
92,0000;206,4165;11,7000;5,3574;0,0674;0,0000;0,0000;-0,0208;0,0000;0,0000;0,0843;-6,8600;-1,5000;0;0,0610;16,3900;0;1;0;4;0;0
92,0139;206,4165;11,7000;5,3841;0,0644;0,0000;0,0000;-0,0208;0,0000;0,0000;0,0806;-6,7000;-1,3100;0;0,0610;16,3900;0;1;0;4;0;0
92,0278;206,4493;11,7000;5,4133;0,0612;0,0000;0,0000;-0,0208;0,0000;0,0000;0,0765;-6,6500;-1,2500;0;0,0610;16,3900;0;1;0;4;0;0
92,0417;206,4943;11,7000;5,4361;0,0580;0,0000;0,0000;-0,0208;0,0000;0,0000;0,0725;-6,6400;-1,2200;0;0,0610;16,3800;0;1;0;4;0;0
92,0556;206,5393;11,7000;5,4513;0,0548;0,0000;0,0000;-0,0208;0,0000;0,0000;0,0685;-6,6400;-1,1900;0;0,0611;16,3800;0;1;0;4;0;0
92,0695;206,5843;11,7000;5,4661;0,0517;0,0000;0,0000;-0,0208;0,0000;0,0000;0,0647;-6,6300;-1,1700;0;0,0611;16,3800;0;1;0;4;0;0
92,0834;206,6293;11,7000;5,4757;0,0488;0,0000;0,0000;-0,0208;0,0000;0,0000;0,0610;-6,6200;-1,1500;0;0,0611;16,3700;0;1;0;4;0;0
92,0973;206,8726;11,7000;5,4793;0,0482;0,0000;0,0000;-0,0208;0,0000;0,0000;0,0602;-7,3100;-1,8300;0;0,0612;16,3500;0;1;0;4;0;0
92,1112;206,8726;11,7000;5,4789;0,0450;0,0000;0,0000;-0,0208;0,0000;0,0000;0,0562;-7,1400;-1,6600;0;0,0612;16,3500;0;1;0;4;0;0
92,1250;206,8726;11,7000;5,4752;0,0418;0,0000;0,0000;-0,0208;0,0000;0,0000;0,0523;-6,9700;-1,5000;0;0,0612;16,3500;0;1;0;4;0;0
92,1389;206,8726;11,7000;5,4751;0,0388;0,0000;0,0000;-0,0208;0,0000;0,0000;0,0485;-6,8100;-1,3300;0;0,0612;16,3500;0;1;0;4;0;0
92,1528;206,8726;11,7000;5,4769;0,0359;0,0000;0,0000;-0,0208;0,0000;0,0000;0,0449;-6,6400;-1,1600;0;0,0612;16,3500;0;1;0;4;0;0
92,1667;206,9008;11,7000;5,4786;0,0328;0,0000;0,0000;-0,0208;0,0000;0,0000;0,0410;-6,5700;-1,1100;0;0,0612;16,3500;0;1;0;4;0;0
92,1806;206,9458;11,7000;5,4781;0,0296;0,0000;0,0000;-0,0208;0,0000;0,0000;0,0369;-6,5700;-1,1000;0;0,0612;16,3500;0;1;0;4;0;0
92,1945;206,9908;11,7000;5,4777;0,0265;0,0000;0,0000;-0,0208;0,0000;0,0000;0,0331;-6,5600;-1,0900;0;0,0612;16,3500;0;1;0;4;0;0
92,2084;207,0358;11,7000;5,4781;0,0235;0,0000;0,0000;-0,0208;0,0000;0,0000;0,0293;-6,5500;-1,0800;0;0,0612;16,3500;0;1;0;4;0;0
92,2223;207,0808;11,7000;5,4829;0,0206;0,0000;0,0000;-0,0208;0,0000;0,0000;0,0257;-6,5400;-1,0700;0;0,0612;16,3500;0;1;0;4;0;0
92,2362;207,3276;11,7000;5,4833;0,0200;0,0000;0,0000;-0,0208;0,0000;0,0000;0,0250;-7,2400;-1,7600;0;0,0612;16,3500;0;1;0;4;0;0
92,2500;207,3276;11,7000;5,4811;0,0168;0,0000;0,0000;-0,0208;0,0000;0,0000;0,0210;-7,0700;-1,5900;0;0,0612;16,3500;0;1;0;4;0;0
92,2639;207,3276;11,7000;5,4775;0,0137;0,0000;0,0000;-0,0208;0,0000;0,0000;0,0172;-6,9100;-1,4300;0;0,0612;16,3500;0;1;0;4;0;0
92,2778;207,3276;11,7000;5,4753;0,0108;0,0000;0,0000;-0,0208;0,0000;0,0000;0,0135;-6,7400;-1,2700;0;0,0612;16,3500;0;1;0;4;0;0
92,2917;207,3276;11,7000;5,4723;0,0079;0,0000;0,0000;-0,0208;0,0000;0,0000;0,0099;-6,5800;-1,1000;0;0,0612;16,3500;0;1;0;4;0;0
92,3056;207,3513;11,7000;5,4718;0,0049;0,0000;0,0000;-0,0208;0,0000;0,0000;0,0061;-6,4900;-1,0300;0;0,0612;16,3500;0;1;0;4;0;0
92,3195;207,3963;11,7000;5,4706;0,0017;0,0000;0,0000;-0,0208;0,0000;0,0000;0,0021;-6,4900;-1,0300;0;0,0611;16,3500;0;1;0;4;0;0
92,3334;207,4413;11,7000;5,4687;-0,0014;0,0000;0,0000;-0,0208;0,0000;0,0000;-0,0017;-6,4800;-1,0200;0;0,0611;16,3600;0;1;0;4;0;0
92,3473;207,4863;11,7000;5,4649;-0,0043;0,0000;0,0000;-0,0208;0,0000;0,0000;-0,0054;-6,4700;-1,0100;0;0,0611;16,3600;0;1;0;4;0;0
92,3612;207,5314;11,7000;5,4582;-0,0072;0,0000;0,0000;-0,0208;0,0000;0,0000;-0,0090;-6,4600;-1,0100;0;0,0611;16,3600;0;1;0;4;0;0
92,3750;207,7837;11,7000;5,4509;-0,0076;0,0000;0,0000;-0,0208;0,0000;0,0000;-0,0096;-7,1800;-1,7300;0;0,0611;16,3800;0;1;0;4;0;0
92,3889;207,7837;11,7000;5,4410;-0,0108;0,0000;0,0000;-0,0208;0,0000;0,0000;-0,0135;-7,0200;-1,5800;0;0,0611;16,3800;0;1;0;4;0;0
92,4028;207,7837;11,7000;5,4273;-0,0139;0,0000;0,0000;-0,0208;0,0000;0,0000;-0,0173;-6,8500;-1,4200;0;0,0611;16,3800;0;1;0;4;0;0
92,4167;207,7837;11,7000;5,4206;-0,0168;0,0000;0,0000;-0,0208;0,0000;0,0000;-0,0210;-6,6900;-1,2700;0;0,0611;16,3800;0;1;0;4;0;0
92,4306;207,7837;11,7000;5,4143;-0,0197;0,0000;0,0000;-0,0208;0,0000;0,0000;-0,0246;-6,5200;-1,1100;0;0,0611;16,3800;0;1;0;4;0;0
92,4445;207,8009;11,6000;5,4130;-0,0226;0,0000;0,0000;-0,0208;0,0000;0,0000;-0,0283;-6,4200;-1,0200;0;0,0610;16,3800;0;1;0;4;0;0
92,4584;207,8456;11,6000;5,4187;-0,0258;0,0000;0,0000;-0,0208;0,0000;0,0000;-0,0322;-6,4100;-1,0100;0;0,0610;16,3900;0;1;0;4;0;0
92,4723;207,8902;11,6000;5,4283;-0,0288;0,0000;0,0000;-0,0208;0,0000;0,0000;-0,0360;-6,4100;-0,9900;0;0,0610;16,3900;0;1;0;4;0;0
92,4862;207,9348;11,6000;5,4418;-0,0317;0,0000;0,0000;-0,0208;0,0000;0,0000;-0,0396;-6,4000;-0,9700;0;0,0610;16,4000;0;1;0;4;0;0
92,5000;207,9795;11,6000;5,4499;-0,0345;0,0000;0,0000;-0,0208;0,0000;0,0000;-0,0431;-6,3900;-0,9500;0;0,0610;16,4100;0;1;0;4;0;0
92,5139;208,2388;11,6000;5,4584;-0,0348;0,0000;0,0000;-0,0208;0,0000;0,0000;-0,0435;-7,1300;-1,6800;0;0,0608;16,4400;0;1;0;4;0;0
92,5278;208,2388;11,6000;5,4613;-0,0380;0,0000;0,0000;-0,0208;0,0000;0,0000;-0,0474;-6,9700;-1,5100;0;0,0608;16,4400;0;1;0;4;0;0
92,5417;208,2388;11,6000;5,4613;-0,0410;0,0000;0,0000;-0,0208;0,0000;0,0000;-0,0512;-6,8100;-1,3500;0;0,0608;16,4400;0;1;0;4;0;0
92,5556;208,2388;11,6000;5,4591;-0,0438;0,0000;0,0000;-0,0208;0,0000;0,0000;-0,0548;-6,6400;-1,1800;0;0,0608;16,4400;0;1;0;4;0;0
92,5695;208,2388;11,6000;5,4543;-0,0466;0,0000;0,0000;-0,0208;0,0000;0,0000;-0,0583;-6,4800;-1,0200;0;0,0608;16,4400;0;1;0;4;0;0
92,5834;208,2459;11,6000;5,4472;-0,0494;0,0000;0,0000;-0,0208;0,0000;0,0000;-0,0617;-6,3300;-0,8900;0;0,0599;16,7000;0;1;0;4;0;0
92,5973;208,2905;11,6000;5,4365;-0,0524;0,0000;0,0000;-0,0208;0,0000;0,0000;-0,0655;-6,2700;-0,8400;0;0,0539;18,5700;0;1;0;4;0;0
92,6112;208,3352;11,6000;5,4276;-0,0554;0,0000;0,0000;-0,0208;0,0000;0,0000;-0,0692;-6,2100;-0,7900;0;0,0479;20,9000;0;1;0;4;0;0
92,6250;208,3798;11,6000;5,4123;-0,0582;0,0000;0,0000;-0,0208;0,0000;0,0000;-0,0728;-6,1500;-0,7400;0;0,0418;23,9000;0;1;0;4;0;0
92,6389;208,4245;11,6000;5,3893;-0,0609;0,0000;0,0000;-0,0208;0,0000;0,0000;-0,0762;-6,0800;-0,7000;0;0,0358;27,9100;0;1;0;4;0;0
92,6528;208,6907;11,6000;5,3449;-0,0625;0,0000;0,0000;-0,0208;0,0000;0,0000;-0,0782;-6,5300;-1,1800;0;0,0000;0,0000;0;1;0;4;0;0
92,6667;208,6907;11,6000;5,3067;-0,0653;0,0000;0,0000;-0,0208;0,0000;0,0000;-0,0816;-6,3700;-1,0600;0;0,0000;0,0000;0;1;0;4;0;0
92,6806;208,6907;11,4000;5,2990;-0,0680;0,0000;0,0000;-0,0208;0,0000;0,0000;-0,0850;-6,2100;-0,9100;0;0,0000;0,0000;0;1;0;4;0;0
92,6945;208,6907;11,4000;5,2476;-0,0705;0,0000;0,0000;-0,0208;0,0000;0,0000;-0,0881;-6,0600;-0,8100;0;0,0000;0,0000;0;1;0;4;0;0
92,7084;208,6907;11,4000;5,2277;-0,0730;0,0000;0,0000;-0,0208;0,0000;0,0000;-0,0912;-5,9000;-0,6700;0;0,0000;0,0000;0;1;0;4;0;0
92,7223;208,6907;11,4000;5,2140;-0,0753;0,0000;0,0000;-0,0208;0,0000;0,0000;-0,0941;-5,7500;-0,5300;0;0,0000;0,0000;0;1;0;0;1;0
92,7362;208,7336;11,4000;5,2067;-0,0776;0,0000;0,0000;-0,0208;0,0000;0,0000;-0,0969;-5,5900;-0,3900;0;0,0000;0,0000;0;1;0;0;1;0
92,7500;208,7775;11,4000;5,2085;-0,0797;0,0000;0,0000;-0,0208;0,0000;0,0000;-0,0996;-5,4400;-0,2300;0;0,0000;0,0000;0;1;0;0;1;0
92,7639;208,8215;11,4000;5,2089;-0,0818;0,0000;0,0000;-0,0208;0,0000;0,0000;-0,1022;-5,2900;-0,0800;0;0,0000;0,0000;0;1;0;0;1;0
92,7778;208,8654;11,4000;5,2197;-0,0837;0,0000;0,0000;-0,0208;0,0000;0,0000;-0,1047;-5,1300;0,0900;0;0,0000;0,0000;0;1;0;0;1;0
92,7917;208,9093;11,4000;5,2293;-0,0856;0,0000;0,0000;-0,0208;0,0000;0,0000;-0,1070;-4,9800;0,2500;1;0,0000;0,0000;0;1;0;0;1;0
92,8056;209,1476;11,4000;5,2456;-0,0874;0,0000;0,0000;-0,0208;0,0000;0,0000;-0,1092;-4,8200;0,4200;1;0,0000;0,0000;0;1;0;0;1;0
92,8195;209,1476;11,4000;5,2638;-0,0891;0,0000;0,0000;-0,0208;0,0000;0,0000;-0,1113;-4,6700;0,6000;1;0,0000;0,0000;0;1;0;0;1;0
92,8334;209,1476;11,4000;5,2919;-0,0907;0,0000;0,0000;-0,0208;0,0000;0,0000;-0,1133;-4,5100;0,7800;1;0,0000;0,0000;0;1;0;0;1;0
92,8473;209,1476;11,4000;5,3266;-0,0921;0,0000;0,0000;-0,0208;0,0000;0,0000;-0,1152;-4,3500;0,9700;1;0,0000;0,0000;0;1;0;0;1;0
92,8612;209,1476;11,4000;5,3621;-0,0935;0,0000;0,0000;-0,0208;0,0000;0,0000;-0,1169;-4,2000;1,1700;1;0,0000;0,0000;0;1;0;0;1;0
92,8750;209,1732;11,4000;5,4039;-0,0948;0,0000;0,0000;-0,0208;0,0000;0,0000;-0,1184;-4,0400;1,3700;1;0,0000;0,0000;0;1;0;0;1;0
92,8889;209,2171;11,4000;5,4123;-0,0959;0,0000;0,0000;-0,0208;0,0000;0,0000;-0,1199;-3,8800;1,5400;1;0,0000;0,0000;0;1;0;0;1;0
92,9028;209,2611;11,4000;5,4669;-0,0970;0,0000;0,0000;-0,0208;0,0000;0,0000;-0,1212;-3,7200;1,7500;1;0,0000;0,0000;0;1;0;0;1;0
92,9167;209,3051;11,4000;5,4998;-0,0979;0,0000;0,0000;-0,0208;0,0000;0,0000;-0,1224;-3,5500;1,9500;1;0,0000;0,0000;0;1;0;0;1;0
92,9306;209,3491;11,4000;5,5372;-0,0987;0,0000;0,0000;-0,0208;0,0000;0,0000;-0,1234;-3,3900;2,1500;1;0,0000;0,0000;0;1;0;0;1;0
92,9445;209,6046;11,4000;5,5653;-0,0994;0,0000;0,0000;-0,0208;0,0000;0,0000;-0,1243;-3,2300;2,3400;1;0,0001;0,0000;0;1;0;0;1;0
92,9584;209,6046;11,4000;5,5901;-0,1001;0,0000;0,0000;-0,0208;0,0000;0,0000;-0,1251;-3,0600;2,5300;1;0,0001;0,0000;0;1;0;0;1;0
92,9723;209,6046;11,4000;5,6286;-0,1006;0,0000;0,0000;-0,0208;0,0000;0,0000;-0,1257;-2,8900;2,7300;1;0,0001;0,0000;0;1;0;0;1;0
92,9862;209,6046;11,4000;5,6611;-0,1010;0,0000;0,0000;-0,0208;0,0000;0,0000;-0,1262;-2,7300;2,9300;1;0,0001;0,0000;0;1;0;0;1;0
93,0000;209,6046;11,4000;5,6677;-0,1012;0,0000;0,0000;-0,0208;0,0000;0,0000;-0,1266;-2,5600;3,1100;1;0,0001;0,0000;0;1;0;0;1;0
93,0139;209,6132;11,4000;5,6864;-0,1014;0,0000;0,0000;-0,0208;0,0000;0,0000;-0,1268;-2,3900;3,2900;1;0,0001;0,0000;0;1;0;0;1;0
93,0278;209,6572;11,4000;5,7025;-0,1015;0,0000;0,0000;-0,0208;0,0000;0,0000;-0,1269;-2,2200;3,4800;1;0,0001;0,0000;0;1;0;0;1;0
93,0417;209,7012;11,4000;5,7066;-0,1015;0,0000;0,0000;-0,0208;0,0000;0,0000;-0,1269;-2,0600;3,6500;1;0,0001;0,0000;0;1;0;0;1;0
93,0556;209,7452;11,4000;5,7040;-0,1014;0,0000;0,0000;-0,0208;0,0000;0,0000;-0,1267;-1,8900;3,8200;1;0,0001;0,0000;0;1;0;0;1;0
93,0695;209,7892;11,4000;5,6930;-0,1011;0,0000;0,0000;-0,0208;0,0000;0,0000;-0,1264;-1,7200;3,9700;1;0,0001;0,0000;0;1;0;0;1;0
93,0834;210,0611;11,4000;5,6908;-0,1008;0,0000;0,0000;-0,0208;0,0000;0,0000;-0,1260;-1,5500;4,1400;1;0,0000;0,0000;0;1;0;0;1;0
93,0973;210,0611;11,4000;5,6656;-0,1003;0,0000;0,0000;-0,0208;0,0000;0,0000;-0,1254;-1,3800;4,2800;1;0,0000;0,0000;0;1;0;0;1;0
93,1112;210,0611;11,4000;5,6152;-0,0998;0,0000;0,0000;-0,0208;0,0000;0,0000;-0,1248;-1,2200;4,4000;1;0,0000;0,0000;0;1;0;0;1;0
93,1250;210,0611;11,4000;5,4634;-0,0992;0,0000;0,0000;-0,0208;0,0000;0,0000;-0,1240;-1,0600;4,4100;1;0,0000;0,0000;0;1;0;0;1;0
93,1389;210,0611;11,4000;5,3480;-0,0986;0,0000;0,0000;-0,0208;0,0000;0,0000;-0,1232;-0,9000;4,4500;1;0,0000;0,0000;0;1;0;0;1;0
93,1528;210,0611;11,4000;5,2458;-0,0979;0,0000;0,0000;-0,0208;0,0000;0,0000;-0,1223;-0,7400;4,5000;1;0,0000;0,0000;0;1;0;0;1;0
93,1667;210,0973;11,4000;5,1222;-0,0971;0,0000;0,0000;-0,0208;0,0000;0,0000;-0,1213;-0,5900;4,5300;1;0,0000;0,0000;0;1;0;0;1;0
93,1806;210,1413;11,4000;4,9382;-0,0962;0,0000;0,0000;-0,0208;0,0000;0,0000;-0,1203;-0,4500;4,4900;1;0,0000;0,0000;0;1;0;0;1;0
93,1945;210,1852;11,4000;4,7333;-0,0953;0,0000;0,0000;-0,0208;0,0000;0,0000;-0,1192;-0,3100;4,4300;1;0,0000;0,0000;0;1;0;0;1;0
93,2084;210,2292;11,4000;4,6923;-0,0944;0,0000;0,0000;-0,0208;0,0000;0,0000;-0,1180;-0,1700;4,5200;1;0,0000;0,0000;0;1;0;0;1;0
93,2223;210,2732;11,4000;4,5522;-0,0934;0,0000;0,0000;-0,0208;0,0000;0,0000;-0,1167;-0,0300;4,5200;1;0,0000;0,0000;0;1;0;0;1;0
93,2362;210,5166;11,4000;4,3520;-0,0923;0,0000;0,0000;-0,0208;0,0000;0,0000;-0,1154;0,0900;4,4500;1;0,0000;0,0000;0;1;0;0;1;0
93,2500;210,5166;11,4000;3,9806;-0,0913;0,0000;0,0000;-0,0208;0,0000;0,0000;-0,1141;0,2100;4,1900;1;0,0000;0,0000;0;1;0;0;1;0
93,2639;210,5166;11,4000;3,7768;-0,0902;0,0000;0,0000;-0,0208;0,0000;0,0000;-0,1128;0,3200;4,1000;1;0,0000;0,0000;0;1;0;0;1;0
93,2778;210,5166;11,4000;3,6003;-0,0891;0,0000;0,0000;-0,0208;0,0000;0,0000;-0,1114;0,4300;4,0300;1;0,0000;0,0000;0;1;0;0;1;0
93,2917;210,5166;11,4000;3,4117;-0,0880;0,0000;0,0000;-0,0208;0,0000;0,0000;-0,1101;0,5300;3,9400;1;0,0000;0,0000;0;1;0;0;1;0
93,3056;210,5371;11,4000;3,2284;-0,0869;0,0000;0,0000;-0,0208;0,0000;0,0000;-0,1087;0,6200;3,8500;1;0,0000;0,0000;0;1;0;0;1;0
93,3195;210,5810;11,4000;3,1917;-0,0858;0,0000;0,0000;-0,0208;0,0000;0,0000;-0,1072;0,7200;3,9100;1;0,0000;0,0000;0;1;0;0;1;0
93,3334;210,6250;11,4000;3,0485;-0,0846;0,0000;0,0000;-0,0208;0,0000;0,0000;-0,1057;0,8100;3,8600;1;0,0000;0,0000;0;1;0;0;1;0
93,3473;210,6690;11,4000;2,7477;-0,0834;0,0000;0,0000;-0,0208;0,0000;0,0000;-0,1042;0,8900;3,6400;1;0,0000;0,0000;0;1;0;0;1;0
93,3612;210,7129;11,4000;2,5616;-0,0822;0,0000;0,0000;-0,0208;0,0000;0,0000;-0,1028;0,9600;3,5300;1;0,0000;0,0000;0;1;0;0;1;0
93,3750;210,9726;11,4000;2,4026;-0,0810;0,0000;0,0000;-0,0208;0,0000;0,0000;-0,1013;1,0400;3,4400;1;0,0000;0,0000;0;1;0;0;1;0
93,3889;210,9726;11,4000;2,2306;-0,0799;0,0000;0,0000;-0,0208;0,0000;0,0000;-0,0998;1,1000;3,3300;1;0,0000;0,0000;0;1;0;0;1;0
93,4028;210,9726;11,4000;2,1962;-0,0786;0,0000;0,0000;-0,0208;0,0000;0,0000;-0,0983;1,1700;3,3600;1;0,0000;0,0000;0;1;0;0;1;0
93,4167;210,9726;11,4000;2,0328;-0,0774;0,0000;0,0000;-0,0208;0,0000;0,0000;-0,0968;1,2300;3,2600;1;0,0000;0,0000;0;1;0;0;1;0
93,4306;210,9726;11,4000;1,7631;-0,0762;0,0000;0,0000;-0,0208;0,0000;0,0000;-0,0953;1,2800;3,0400;1;0,0000;0,0000;0;1;0;0;1;0
93,4445;210,9767;11,4000;1,6124;-0,0751;0,0000;0,0000;-0,0208;0,0000;0,0000;-0,0938;1,3300;2,9400;1;0,0000;0,0000;0;1;0;0;1;0
93,4584;211,0207;11,4000;1,4881;-0,0739;0,0000;0,0000;-0,0208;0,0000;0,0000;-0,0923;1,3700;2,8600;1;0,0000;0,0000;0;1;0;0;1;0
93,4723;211,0646;11,4000;1,3965;-0,0727;0,0000;0,0000;-0,0208;0,0000;0,0000;-0,0908;1,4100;2,8100;1;0,0000;0,0000;0;1;0;0;1;0
93,4862;211,1086;11,4000;1,3628;-0,0715;0,0000;0,0000;-0,0208;0,0000;0,0000;-0,0893;1,4500;2,8200;1;0,0000;0,0000;0;1;0;0;1;0
93,5000;211,1525;11,4000;1,2400;-0,0702;0,0000;0,0000;-0,0208;0,0000;0,0000;-0,0878;1,4900;2,7300;1;0,0000;0,0000;0;1;0;0;1;0
93,5139;211,1965;11,4000;1,1703;-0,0690;0,0000;0,0000;-0,0208;0,0000;0,0000;-0,0863;1,5300;2,7000;1;0,0000;0,0000;0;1;0;0;1;0
93,5278;211,4292;11,4000;1,1563;-0,0678;0,0000;0,0000;-0,0208;0,0000;0,0000;-0,0847;1,5600;2,7200;1;0,0000;0,0000;0;1;0;0;1;0
93,5417;211,4292;11,4000;1,0659;-0,0666;0,0000;0,0000;-0,0208;0,0000;0,0000;-0,0832;1,5900;2,6600;1;0,0000;0,0000;0;1;0;0;1;0
93,5556;211,4292;11,4000;0,8881;-0,0654;0,0000;0,0000;-0,0208;0,0000;0,0000;-0,0817;1,6200;2,5100;1;0,0000;0,0000;0;1;0;0;1;0
93,5695;211,4292;11,4000;0,6636;-0,0642;0,0000;0,0000;-0,0208;0,0000;0,0000;-0,0802;1,6400;2,3000;1;0,0000;0,0000;0;1;0;0;1;0
93,5834;211,4292;11,4000;0,5475;-0,0630;0,0000;0,0000;-0,0208;0,0000;0,0000;-0,0788;1,6600;2,2000;1;0,0000;0,0000;0;1;0;0;1;0
93,5973;211,4602;11,4000;0,4667;-0,0619;0,0000;0,0000;-0,0208;0,0000;0,0000;-0,0774;1,6700;2,1400;1;0,0000;0,0000;0;1;0;0;1;0
93,6112;211,5042;11,4000;0,4057;-0,0608;0,0000;0,0000;-0,0208;0,0000;0,0000;-0,0760;1,6800;2,0900;1;0,0000;0,0000;0;1;0;0;1;0
93,6250;211,5481;11,4000;0,3332;-0,0596;0,0000;0,0000;-0,0208;0,0000;0,0000;-0,0745;1,6900;2,0300;1;0,0000;0,0000;0;1;0;0;1;0
93,6389;211,5921;11,4000;0,3187;-0,0585;0,0000;0,0000;-0,0208;0,0000;0,0000;-0,0731;1,7000;2,0200;1;0,0000;0,0000;0;1;0;0;1;0
93,6528;211,6360;11,4000;0,2811;-0,0574;0,0000;0,0000;-0,0208;0,0000;0,0000;-0,0717;1,7100;1,9900;1;0,0000;0,0000;0;1;0;0;1;0
93,6667;211,8849;11,4000;0,2198;-0,0563;0,0000;0,0000;-0,0208;0,0000;0,0000;-0,0703;1,7200;1,9400;1;0,0000;0,0000;0;1;0;0;1;0
93,6806;211,8849;11,1000;0,1914;-0,0551;0,0000;0,0000;-0,0208;0,0000;0,0000;-0,0689;1,7200;1,9200;1;0,0000;0,0000;0;1;0;0;1;0
93,6945;211,8849;11,1000;0,1676;-0,0540;0,0000;0,0000;-0,0208;0,0000;0,0000;-0,0676;1,7300;1,9000;1;0,0000;0,0000;0;1;0;0;1;0
93,7084;211,8849;11,1000;0,1580;-0,0530;0,0000;0,0000;-0,0208;0,0000;0,0000;-0,0662;1,7300;1,8900;1;0,0000;0,0000;0;1;0;0;1;0
93,7223;211,8849;11,1000;0,1561;-0,0519;0,0000;0,0000;-0,0208;0,0000;0,0000;-0,0648;1,7400;1,9000;1;0,0000;0,0000;0;1;0;0;1;0
93,7362;211,8952;11,1000;0,1646;-0,0508;0,0000;0,0000;-0,0208;0,0000;0,0000;-0,0635;1,7400;1,9100;1;0,0000;0,0000;0;1;0;7;0;0
93,7500;211,9380;11,1000;0,2260;-0,0497;0,0000;0,0000;-0,0208;0,0000;0,0000;-0,0621;1,7500;1,9800;1;0,0000;0,0000;0;1;0;7;0;0
93,7639;211,9808;11,1000;0,4369;-0,0485;0,0000;0,0000;-0,0208;0,0000;0,0000;-0,0606;1,7600;2,2000;1;0,0000;0,0000;0;1;0;7;0;0
93,7778;212,0236;11,1000;0,5644;-0,0473;0,0000;0,0000;-0,0208;0,0000;0,0000;-0,0591;1,7800;2,3500;1;0,0000;0,0000;0;1;0;7;0;0
93,7917;212,0664;11,1000;0,8082;-0,0460;0,0000;0,0000;-0,0208;0,0000;0,0000;-0,0575;1,8100;2,6100;1;0,0000;0,0000;0;1;0;7;0;0
93,8056;212,1092;11,1000;0,9253;-0,0447;0,0000;0,0000;-0,0208;0,0000;0,0000;-0,0559;1,8300;2,7600;1;0,0000;0,0000;0;1;0;7;0;0
93,8195;212,3410;11,1000;1,1326;-0,0433;0,0000;0,0000;-0,0208;0,0000;0,0000;-0,0541;1,8600;3,0000;1;0,0000;0,0000;0;1;0;7;0;0
93,8334;212,3410;11,1000;1,3746;-0,0419;0,0000;0,0000;-0,0208;0,0000;0,0000;-0,0523;1,9000;3,2800;1;0,0000;0,0000;0;1;0;7;0;0
93,8473;212,3410;11,1000;1,4230;-0,0404;0,0000;0,0000;-0,0208;0,0000;0,0000;-0,0505;1,9500;3,3700;1;0,0000;0,0000;0;1;0;7;0;0
93,8612;212,3410;11,1000;1,5705;-0,0388;0,0000;0,0000;-0,0208;0,0000;0,0000;-0,0485;1,9900;3,5600;1;0,0000;0,0000;0;1;0;7;0;0
93,8750;212,3410;11,1000;1,6692;-0,0372;0,0000;0,0000;-0,0208;0,0000;0,0000;-0,0465;2,0400;3,7100;1;0,0000;0,0000;0;1;0;7;0;0
93,8889;212,3659;11,1000;1,8328;-0,0356;0,0000;0,0000;-0,0208;0,0000;0,0000;-0,0444;2,0900;3,9300;1;0,0000;0,0000;0;1;0;7;0;0
93,9028;212,4086;11,1000;1,9348;-0,0338;0,0000;0,0000;-0,0208;0,0000;0,0000;-0,0423;2,1500;4,0800;1;0,0000;0,0000;0;1;0;7;0;0
93,9167;212,4514;11,1000;1,9223;-0,0321;0,0000;0,0000;-0,0208;0,0000;0,0000;-0,0401;2,2000;4,1300;1;0,0000;0,0000;0;1;0;7;0;0
93,9306;212,4942;11,1000;1,9155;-0,0303;0,0000;0,0000;-0,0208;0,0000;0,0000;-0,0379;2,2600;4,1700;1;0,0000;0,0000;0;1;0;7;0;0
93,9445;212,5369;11,1000;1,8954;-0,0285;0,0000;0,0000;-0,0208;0,0000;0,0000;-0,0357;2,3100;4,2100;1;0,0000;0,0000;0;1;0;7;0;0
93,9584;212,7967;11,3000;1,8913;-0,0267;0,0000;0,0000;-0,0208;0,0000;0,0000;-0,0334;2,3700;4,2600;1;0,0000;0,0000;0;1;0;7;0;0
93,9723;212,7967;11,3000;1,8958;-0,0248;0,0000;0,0000;-0,0208;0,0000;0,0000;-0,0310;2,4200;4,3200;1;0,0000;0,0000;0;1;0;7;0;0
93,9862;212,7967;11,3000;1,8134;-0,0229;0,0000;0,0000;-0,0208;0,0000;0,0000;-0,0286;2,4800;4,2900;1;0,0000;0,0000;0;1;0;7;0;0
94,0000;212,7967;11,3000;1,6732;-0,0210;0,0000;0,0000;-0,0208;0,0000;0,0000;-0,0262;2,5300;4,2000;1;0,0000;0,0000;0;1;0;7;0;0
94,0139;212,7967;11,3000;1,5754;-0,0190;0,0000;0,0000;-0,0208;0,0000;0,0000;-0,0238;2,5700;4,1500;1;0,0000;0,0000;0;1;0;7;0;0
94,0278;212,7974;11,3000;1,4751;-0,0171;0,0000;0,0000;-0,0208;0,0000;0,0000;-0,0214;2,6100;4,0900;1;0,0000;0,0000;0;1;0;7;0;0
94,0417;212,8409;11,3000;1,4551;-0,0151;0,0000;0,0000;-0,0208;0,0000;0,0000;-0,0189;2,6600;4,1100;1;0,0000;0,0000;0;1;0;7;0;0
94,0556;212,8844;11,3000;1,3263;-0,0132;0,0000;0,0000;-0,0208;0,0000;0,0000;-0,0165;2,7000;4,0200;1;0,0000;0,0000;0;1;0;7;0;0
94,0695;212,9280;11,3000;1,1304;-0,0113;0,0000;0,0000;-0,0208;0,0000;0,0000;-0,0142;2,7300;3,8600;1;0,0000;0,0000;0;1;0;7;0;0
94,0834;212,9715;11,3000;0,7487;-0,0095;0,0000;0,0000;-0,0208;0,0000;0,0000;-0,0119;2,7500;3,5000;1;0,0000;0,0000;0;1;0;7;0;0
94,0973;213,0150;11,3000;0,5677;-0,0077;0,0000;0,0000;-0,0208;0,0000;0,0000;-0,0096;2,7600;3,3300;1;0,0000;0,0000;0;1;0;7;0;0
94,1112;213,2529;11,3000;0,3684;-0,0059;0,0000;0,0000;-0,0208;0,0000;0,0000;-0,0074;2,7800;3,1400;1;0,0000;0,0000;0;1;0;7;0;0
94,1250;213,2529;11,3000;0,2197;-0,0042;0,0000;0,0000;-0,0208;0,0000;0,0000;-0,0052;2,7800;3,0000;1;0,0000;0,0000;0;1;0;7;0;0
94,1389;213,2529;11,3000;0,0518;-0,0025;0,0000;0,0000;-0,0208;0,0000;0,0000;-0,0031;2,7800;2,8400;1;0,0000;0,0000;0;1;0;7;0;0
94,1528;213,2529;11,3000;-0,0393;-0,0008;0,0000;0,0000;-0,0208;0,0000;0,0000;-0,0010;2,7800;2,7400;1;0,0000;0,0000;0;1;0;7;0;0
94,1667;213,2529;11,3000;-0,0574;0,0009;0,0000;0,0000;-0,0208;0,0000;0,0000;0,0011;2,7800;2,7200;1;0,0000;0,0000;0;1;0;7;0;0
94,1806;213,2763;11,3000;-0,1431;0,0026;0,0000;0,0000;-0,0208;0,0000;0,0000;0,0032;2,7800;2,6300;1;0,0000;0,0000;0;1;0;7;0;0
94,1945;213,3198;11,3000;-0,2261;0,0042;0,0000;0,0000;-0,0208;0,0000;0,0000;0,0052;2,7700;2,5400;1;0,0000;0,0000;0;1;0;7;0;0
94,2084;213,3634;11,3000;-0,3321;0,0058;0,0000;0,0000;-0,0208;0,0000;0,0000;0,0073;2,7600;2,4300;1;0,0000;0,0000;0;1;0;7;0;0
94,2223;213,4070;11,3000;-0,3805;0,0074;0,0000;0,0000;-0,0208;0,0000;0,0000;0,0093;2,7500;2,3700;1;0,0000;0,0000;0;1;0;7;0;1
94,2362;213,4505;11,3000;-0,4426;0,0090;0,0000;0,0000;-0,0208;0,0000;0,0000;0,0112;2,7300;2,2900;1;0,0000;0,0000;0;1;0;7;0;1
94,2500;213,7096;11,3000;-0,4719;0,0105;0,0000;0,0000;-0,0208;0,0000;0,0000;0,0132;2,7200;2,2500;1;0,0000;0,0000;0;1;0;7;0;1
94,2639;213,7096;11,3000;-0,4778;0,0121;0,0000;0,0000;-0,0208;0,0000;0,0000;0,0151;2,7000;2,2300;1;0,0000;0,0000;0;1;0;7;0;1
94,2778;213,7096;11,3000;-0,5179;0,0136;0,0000;0,0000;-0,0208;0,0000;0,0000;0,0170;2,6900;2,1700;1;0,0000;0,0000;0;1;0;7;0;1
94,2917;213,7096;11,3000;-0,5509;0,0151;0,0000;0,0000;-0,0208;0,0000;0,0000;0,0189;2,6700;2,1200;1;0,0000;0,0000;0;1;0;7;0;1
94,3056;213,7096;11,3000;-0,6245;0,0166;0,0000;0,0000;-0,0208;0,0000;0,0000;0,0208;2,6500;2,0300;1;0,0000;0,0000;0;1;0;7;0;1
94,3195;213,7118;11,3000;-0,6733;0,0181;0,0000;0,0000;-0,0208;0,0000;0,0000;0,0226;2,6300;1,9600;1;0,0000;0,0000;0;1;0;7;0;1
94,3334;213,7554;11,3000;-0,6983;0,0195;0,0000;0,0000;-0,0208;0,0000;0,0000;0,0244;2,6100;1,9100;1;0,0000;0,0000;0;1;0;7;0;1
94,3473;213,7990;11,3000;-0,7031;0,0210;0,0000;0,0000;-0,0208;0,0000;0,0000;0,0262;2,5900;1,8900;1;0,0000;0,0000;0;1;0;7;0;1
94,3612;213,8425;11,3000;-0,7158;0,0224;0,0000;0,0000;-0,0208;0,0000;0,0000;0,0280;2,5700;1,8600;1;0,0000;0,0000;0;1;0;7;0;1
94,3750;213,8861;11,3000;-0,7255;0,0238;0,0000;0,0000;-0,0208;0,0000;0,0000;0,0297;2,5500;1,8300;1;0,0000;0,0000;0;1;0;7;0;1
94,3889;213,9296;11,3000;-0,7304;0,0252;0,0000;0,0000;-0,0208;0,0000;0,0000;0,0315;2,5300;1,8000;1;0,0000;0,0000;0;1;0;7;0;1
94,4028;214,1646;11,3000;-0,7257;0,0266;0,0000;0,0000;-0,0208;0,0000;0,0000;0,0332;2,5100;1,7800;1;0,0001;0,0000;0;1;0;7;0;1
94,4167;214,1646;11,3000;-0,7194;0,0279;0,0000;0,0000;-0,0208;0,0000;0,0000;0,0349;2,4900;1,7700;1;0,0001;0,0000;0;1;0;7;0;1
94,4306;214,1646;11,3000;-0,7115;0,0293;0,0000;0,0000;-0,0208;0,0000;0,0000;0,0366;2,4700;1,7600;1;0,0001;0,0000;0;1;0;7;0;1
94,4445;214,1646;11,4000;-0,7039;0,0306;0,0000;0,0000;-0,0208;0,0000;0,0000;0,0383;2,4500;1,7500;1;0,0001;0,0000;0;1;0;7;0;1
94,4584;214,1646;11,4000;-0,6934;0,0320;0,0000;0,0000;-0,0208;0,0000;0,0000;0,0399;2,4300;1,7400;1;0,0001;0,0000;0;1;0;7;0;0
94,4723;214,1918;11,4000;-0,6914;0,0333;0,0000;0,0000;-0,0208;0,0000;0,0000;0,0416;2,4100;1,7200;1;0,0001;0,0000;0;1;0;7;0;0
94,4862;214,2357;11,4000;-0,6888;0,0346;0,0000;0,0000;-0,0208;0,0000;0,0000;0,0432;2,3900;1,7000;1;0,0000;0,0000;0;1;0;7;0;0
94,5000;214,2797;11,4000;-0,6958;0,0359;0,0000;0,0000;-0,0208;0,0000;0,0000;0,0448;2,3700;1,6700;1;0,0000;0,0000;0;1;0;7;0;0
94,5139;214,3236;11,4000;-0,7238;0,0372;0,0000;0,0000;-0,0208;0,0000;0,0000;0,0464;2,3500;1,6200;1;0,0000;0,0000;0;1;0;7;0;0
94,5278;214,3676;11,4000;-0,7575;0,0384;0,0000;0,0000;-0,0208;0,0000;0,0000;0,0480;2,3300;1,5700;1;0,0000;0,0000;0;1;0;7;0;0
94,5417;214,6202;11,4000;-0,7982;0,0396;0,0000;0,0000;-0,0208;0,0000;0,0000;0,0495;2,3000;1,5100;1;0,0000;0,0000;0;1;0;7;0;0
94,5556;214,6202;11,4000;-0,8423;0,0409;0,0000;0,0000;-0,0208;0,0000;0,0000;0,0511;2,2800;1,4400;1;0,0000;0,0000;0;1;0;7;0;0
94,5695;214,6202;11,4000;-0,8861;0,0420;0,0000;0,0000;-0,0208;0,0000;0,0000;0,0525;2,2500;1,3700;1;0,0000;0,0000;0;1;0;7;0;0
94,5834;214,6202;11,4000;-0,9471;0,0432;0,0000;0,0000;-0,0208;0,0000;0,0000;0,0540;2,2300;1,2800;1;0,0000;0,0000;0;1;0;7;0;0
94,5973;214,6202;11,4000;-0,9873;0,0443;0,0000;0,0000;-0,0208;0,0000;0,0000;0,0554;2,2000;1,2100;1;0,0000;0,0000;0;1;0;7;0;0
94,6112;214,6313;11,4000;-1,0316;0,0454;0,0000;0,0000;-0,0208;0,0000;0,0000;0,0567;2,1700;1,1400;1;0,0000;0,0000;0;1;0;7;0;0
94,6250;214,6753;11,4000;-1,0827;0,0465;0,0000;0,0000;-0,0208;0,0000;0,0000;0,0581;2,1400;1,0500;1;0,0000;0,0000;0;1;0;7;0;0
94,6389;214,7193;11,4000;-1,1022;0,0475;0,0000;0,0000;-0,0208;0,0000;0,0000;0,0594;2,1100;1,0000;1;0,0001;0,0000;0;1;0;7;0;0
94,6528;214,7632;11,4000;-1,1146;0,0486;0,0000;0,0000;-0,0208;0,0000;0,0000;0,0607;2,0700;0,9600;1;0,0001;0,0000;0;1;0;7;0;0
94,6667;214,8072;11,4000;-1,1159;0,0496;0,0000;0,0000;-0,0208;0,0000;0,0000;0,0620;2,0400;0,9300;1;0,0001;0,0000;0;1;0;7;0;0
94,6806;215,0769;11,4000;-1,1045;0,0506;0,0000;0,0000;-0,0208;0,0000;0,0000;0,0633;2,0100;0,9100;1;0,0003;0,0000;0;1;0;7;0;0
94,6945;215,0769;11,4000;-1,0860;0,0516;0,0000;0,0000;-0,0208;0,0000;0,0000;0,0645;1,9800;0,8900;1;0,0003;0,0000;0;1;0;7;0;0
94,7084;215,0769;11,4000;-1,0712;0,0526;0,0000;0,0000;-0,0208;0,0000;0,0000;0,0657;1,9500;0,8800;1;0,0003;0,0000;0;1;0;7;0;0
94,7223;215,0769;11,4000;-1,0670;0,0535;0,0000;0,0000;-0,0208;0,0000;0,0000;0,0669;1,9200;0,8500;1;0,0003;0,0000;0;1;0;7;0;0
94,7362;215,0769;11,4000;-1,0703;0,0545;0,0000;0,0000;-0,0208;0,0000;0,0000;0,0681;1,8900;0,8200;1;0,0003;0,0000;0;1;0;7;0;0
94,7500;215,0769;11,4000;-1,0825;0,0554;0,0000;0,0000;-0,0208;0,0000;0,0000;0,0692;1,8600;0,7700;1;0,0003;0,0000;0;1;0;9;0;0
94,7639;215,1150;11,4000;-1,0951;0,0563;0,0000;0,0000;-0,0208;0,0000;0,0000;0,0703;1,8200;0,7300;1;0,0003;0,0000;0;1;0;9;0;0
94,7778;215,1589;11,4000;-1,1155;0,0571;0,0000;0,0000;-0,0208;0,0000;0,0000;0,0714;1,7900;0,6800;1;0,0004;0,0000;0;1;0;9;0;0
94,7917;215,2029;11,4000;-1,1315;0,0580;0,0000;0,0000;-0,0208;0,0000;0,0000;0,0725;1,7600;0,6300;1;0,0005;0,0000;0;1;0;9;0;0
94,8056;215,2469;11,4000;-1,1439;0,0588;0,0000;0,0000;-0,0208;0,0000;0,0000;0,0735;1,7300;0,5800;1;0,0005;0,0000;0;1;0;9;0;0
94,8195;215,2908;11,4000;-1,1594;0,0596;0,0000;0,0000;-0,0208;0,0000;0,0000;0,0745;1,6900;0,5300;1;0,0006;0,0000;0;1;0;9;0;0
94,8334;215,5222;11,4000;-1,1595;0,0604;0,0000;0,0000;-0,0208;0,0000;0,0000;0,0755;1,6600;0,5000;1;0,0009;0,0000;0;1;0;9;0;0
94,8473;215,5222;11,4000;-1,1607;0,0612;0,0000;0,0000;-0,0208;0,0000;0,0000;0,0764;1,6200;0,4600;1;0,0009;0,0000;0;1;0;9;0;0
94,8612;215,5222;11,4000;-1,1575;0,0619;0,0000;0,0000;-0,0208;0,0000;0,0000;0,0774;1,5900;0,4300;1;0,0009;0,0000;0;1;0;9;0;0
94,8750;215,5222;11,4000;-1,1482;0,0626;0,0000;0,0000;-0,0208;0,0000;0,0000;0,0783;1,5600;0,4100;1;0,0009;0,0000;0;1;0;9;0;0
94,8889;215,5222;11,4000;-1,1382;0,0633;0,0000;0,0000;-0,0208;0,0000;0,0000;0,0791;1,5300;0,3900;1;0,0009;0,0000;0;1;0;9;0;0
94,9028;215,5547;11,4000;-1,1330;0,0640;0,0000;0,0000;-0,0208;0,0000;0,0000;0,0800;1,4900;0,3600;1;0,0008;0,0000;0;1;0;9;0;0
94,9167;215,5986;11,4000;-1,1209;0,0647;0,0000;0,0000;-0,0208;0,0000;0,0000;0,0808;1,4600;0,3400;1;0,0007;0,0000;0;1;0;9;0;0
94,9306;215,6426;11,4000;-1,1097;0,0653;0,0000;0,0000;-0,0208;0,0000;0,0000;0,0816;1,4300;0,3200;1;0,0007;0,0000;0;1;0;9;0;0
94,9445;215,6866;11,4000;-1,1017;0,0659;0,0000;0,0000;-0,0208;0,0000;0,0000;0,0824;1,4000;0,3000;1;0,0006;0,0000;0;1;0;9;0;0
94,9584;215,7306;11,3000;-1,1004;0,0665;0,0000;0,0000;-0,0208;0,0000;0,0000;0,0832;1,3700;0,2700;1;0,0005;0,0000;0;1;0;9;0;0
94,9723;215,9814;11,3000;-1,1120;0,0671;0,0000;0,0000;-0,0208;0,0000;0,0000;0,0839;1,3300;0,2200;1;0,0001;0,0000;0;1;0;9;0;0
94,9862;215,9814;11,3000;-1,1414;0,0677;0,0000;0,0000;-0,0208;0,0000;0,0000;0,0846;1,3000;0,1600;1;0,0001;0,0000;0;1;0;9;0;0
95,0000;215,9814;11,3000;-1,1729;0,0682;0,0000;0,0000;-0,0208;0,0000;0,0000;0,0852;1,2700;0,0900;1;0,0001;0,0000;0;1;0;9;0;0
95,0139;215,9814;11,3000;-1,1878;0,0687;0,0000;0,0000;-0,0208;0,0000;0,0000;0,0859;1,2300;0,0400;1;0,0001;0,0000;0;1;0;9;0;0
95,0278;215,9814;11,3000;-1,1986;0,0692;0,0000;0,0000;-0,0208;0,0000;0,0000;0,0865;1,2000;0,0000;1;0,0001;0,0000;0;1;0;9;0;0
95,0417;215,9921;11,3000;-1,1902;0,0696;0,0000;0,0000;-0,0208;0,0000;0,0000;0,0870;1,1700;-0,0200;1;0,0001;0,0000;0;1;0;9;0;0
95,0556;216,0357;11,3000;-1,1573;0,0701;0,0000;0,0000;-0,0208;0,0000;0,0000;0,0876;1,1300;-0,0200;1;0,0001;0,0000;0;1;0;9;0;0
95,0695;216,0793;11,3000;-1,0953;0,0705;0,0000;0,0000;-0,0208;0,0000;0,0000;0,0881;1,1000;0,0000;1;0,0001;0,0000;0;1;0;9;0;0
95,0834;216,1229;11,3000;-1,0092;0,0710;0,0000;0,0000;-0,0208;0,0000;0,0000;0,0887;1,0700;0,0600;1;0,0001;0,0000;0;1;0;9;0;0
95,0973;216,1665;11,3000;-0,9075;0,0714;0,0000;0,0000;-0,0208;0,0000;0,0000;0,0893;1,0500;0,1400;1;0,0001;0,0000;0;1;0;9;0;0
95,1112;216,4361;11,3000;-0,8461;0,0719;0,0000;0,0000;-0,0208;0,0000;0,0000;0,0898;1,0200;0,1800;1;0,0000;0,0000;0;1;0;9;0;0
95,1250;216,4361;11,3000;-0,7932;0,0723;0,0000;0,0000;-0,0208;0,0000;0,0000;0,0904;1,0000;0,2100;1;0,0000;0,0000;0;1;0;9;0;0
95,1389;216,4361;11,3000;-0,7291;0,0728;0,0000;0,0000;-0,0208;0,0000;0,0000;0,0910;0,9800;0,2500;1;0,0000;0,0000;0;1;0;9;0;0
95,1528;216,4361;11,3000;-0,6767;0,0732;0,0000;0,0000;-0,0208;0,0000;0,0000;0,0915;0,9600;0,2800;1;0,0000;0,0000;0;1;0;9;0;0
95,1667;216,4361;11,3000;-0,6159;0,0737;0,0000;0,0000;-0,0208;0,0000;0,0000;0,0921;0,9400;0,3300;1;0,0000;0,0000;0;1;0;9;0;0
95,1806;216,4361;11,3000;-0,5767;0,0741;0,0000;0,0000;-0,0208;0,0000;0,0000;0,0926;0,9300;0,3500;1;0,0000;0,0000;0;1;0;9;0;0
95,1945;216,4716;11,6000;-0,5503;0,0746;0,0000;0,0000;-0,0208;0,0000;0,0000;0,0932;0,9100;0,3600;1;0,0000;0,0000;0;1;0;9;0;0
95,2084;216,5164;11,6000;-0,5219;0,0750;0,0000;0,0000;-0,0208;0,0000;0,0000;0,0938;0,9000;0,3700;1;0,0000;0,0000;0;1;0;9;0;0
95,2223;216,5611;11,6000;-0,5007;0,0755;0,0000;0,0000;-0,0208;0,0000;0,0000;0,0943;0,8800;0,3800;1;0,0000;0,0000;0;1;0;9;0;0
95,2362;216,6059;11,6000;-0,4877;0,0759;0,0000;0,0000;-0,0208;0,0000;0,0000;0,0949;0,8700;0,3800;1;0,0000;0,0000;0;1;0;9;0;0
95,2500;216,6506;11,6000;-0,4832;0,0764;0,0000;0,0000;-0,0208;0,0000;0,0000;0,0955;0,8500;0,3700;1;0,0000;0,0000;0;1;0;9;0;0
95,2639;216,8906;11,6000;-0,4824;0,0768;0,0000;0,0000;-0,0208;0,0000;0,0000;0,0960;0,8400;0,3600;1;0,0001;0,0000;0;1;0;9;0;0
95,2778;216,8906;11,6000;-0,4828;0,0772;0,0000;0,0000;-0,0208;0,0000;0,0000;0,0965;0,8300;0,3400;1;0,0001;0,0000;0;1;0;9;0;0
95,2917;216,8906;11,6000;-0,4874;0,0776;0,0000;0,0000;-0,0208;0,0000;0,0000;0,0970;0,8100;0,3200;1;0,0001;0,0000;0;1;0;9;0;0
95,3056;216,8906;11,6000;-0,4996;0,0780;0,0000;0,0000;-0,0208;0,0000;0,0000;0,0975;0,8000;0,3000;1;0,0001;0,0000;0;1;0;9;0;0
95,3195;216,8906;11,6000;-0,5210;0,0784;0,0000;0,0000;-0,0208;0,0000;0,0000;0,0980;0,7800;0,2600;1;0,0001;0,0000;0;1;0;9;0;0
95,3334;216,9191;11,6000;-0,5586;0,0788;0,0000;0,0000;-0,0208;0,0000;0,0000;0,0984;0,7600;0,2100;1;0,0001;0,0000;0;1;0;9;0;0
95,3473;216,9639;11,6000;-0,6121;0,0791;0,0000;0,0000;-0,0208;0,0000;0,0000;0,0989;0,7500;0,1300;1;0,0001;0,0000;0;1;0;9;0;0
95,3612;217,0086;11,6000;-0,6647;0,0794;0,0000;0,0000;-0,0208;0,0000;0,0000;0,0993;0,7300;0,0600;1;0,0001;0,0000;0;1;0;9;0;0
95,3750;217,0534;11,6000;-0,7070;0,0797;0,0000;0,0000;-0,0208;0,0000;0,0000;0,0996;0,7100;0,0000;1;0,0001;0,0000;0;1;0;9;0;0
95,3889;217,0981;11,6000;-0,7461;0,0800;0,0000;0,0000;-0,0208;0,0000;0,0000;0,1000;0,6800;-0,0600;1;0,0000;0,0000;0;1;0;9;0;0
95,4028;217,3474;11,6000;-0,7826;0,0802;0,0000;0,0000;-0,0208;0,0000;0,0000;0,1003;0,6600;-0,1200;1;0,0000;0,0000;0;1;0;9;0;0
95,4167;217,3474;11,6000;-0,8024;0,0804;0,0000;0,0000;-0,0208;0,0000;0,0000;0,1005;0,6400;-0,1600;1;0,0000;0,0000;0;1;0;9;0;0
95,4306;217,3474;11,6000;-0,8278;0,0807;0,0000;0,0000;-0,0208;0,0000;0,0000;0,1008;0,6100;-0,2100;1;0,0000;0,0000;0;1;0;9;0;0
95,4445;217,3474;11,6000;-0,8420;0,0808;0,0000;0,0000;-0,0208;0,0000;0,0000;0,1011;0,5900;-0,2500;1;0,0000;0,0000;0;1;0;9;0;0
95,4584;217,3474;11,6000;-0,8556;0,0810;0,0000;0,0000;-0,0208;0,0000;0,0000;0,1013;0,5600;-0,2900;1;0,0000;0,0000;0;1;0;9;0;0
95,4723;217,3666;11,6000;-0,8663;0,0812;0,0000;0,0000;-0,0208;0,0000;0,0000;0,1015;0,5400;-0,3300;1;0,0000;0,0000;0;1;0;9;0;0
95,4862;217,4114;11,6000;-0,8680;0,0813;0,0000;0,0000;-0,0208;0,0000;0,0000;0,1017;0,5100;-0,3500;1;0,0000;0,0000;0;1;0;9;0;0
95,5000;217,4561;11,6000;-0,8672;0,0815;0,0000;0,0000;-0,0208;0,0000;0,0000;0,1018;0,4900;-0,3800;1;0,0000;0,0000;0;1;0;9;0;0
95,5139;217,5009;11,6000;-0,8555;0,0816;0,0000;0,0000;-0,0208;0,0000;0,0000;0,1020;0,4600;-0,3900;1;0,0000;0,0000;0;1;0;9;0;0
95,5278;217,5457;11,6000;-0,8433;0,0817;0,0000;0,0000;-0,0208;0,0000;0,0000;0,1021;0,4400;-0,4000;1;0,0000;0,0000;0;1;0;9;0;0
95,5417;217,8064;11,6000;-0,8281;0,0817;0,0000;0,0000;-0,0208;0,0000;0,0000;0,1022;0,4100;-0,4100;1;0,0000;0,0000;0;1;0;9;0;0
95,5556;217,8064;11,6000;-0,8182;0,0818;0,0000;0,0000;-0,0208;0,0000;0,0000;0,1023;0,3900;-0,4300;1;0,0000;0,0000;0;1;0;9;0;0
95,5695;217,8064;11,6000;-0,8116;0,0818;0,0000;0,0000;-0,0208;0,0000;0,0000;0,1023;0,3700;-0,4500;1;0,0000;0,0000;0;1;0;9;0;0
95,5834;217,8064;11,6000;-0,8038;0,0819;0,0000;0,0000;-0,0208;0,0000;0,0000;0,1024;0,3400;-0,4600;1;0,0000;0,0000;0;1;0;9;0;0
95,5973;217,8064;11,6000;-0,7972;0,0819;0,0000;0,0000;-0,0208;0,0000;0,0000;0,1024;0,3200;-0,4800;1;0,0000;0,0000;0;1;0;9;0;0
95,6112;217,8142;11,6000;-0,7880;0,0820;0,0000;0,0000;-0,0208;0,0000;0,0000;0,1024;0,3000;-0,4900;1;0,0000;0,0000;0;1;0;9;0;0
95,6250;217,8589;11,6000;-0,7730;0,0820;0,0000;0,0000;-0,0208;0,0000;0,0000;0,1025;0,2700;-0,5000;1;0,0000;0,0000;0;1;0;9;0;0
95,6389;217,9037;11,6000;-0,7523;0,0820;0,0000;0,0000;-0,0208;0,0000;0,0000;0,1025;0,2500;-0,5000;1;0,0000;0,0000;0;1;0;9;0;0
95,6528;217,9484;11,6000;-0,7252;0,0820;0,0000;0,0000;-0,0208;0,0000;0,0000;0,1025;0,2300;-0,4900;1;0,0000;0,0000;0;1;0;9;0;0
95,6667;217,9932;11,6000;-0,6989;0,0820;0,0000;0,0000;-0,0208;0,0000;0,0000;0,1025;0,2100;-0,4900;1;0,0000;0,0000;0;1;0;9;0;0
95,6806;218,2601;11,6000;-0,6784;0,0819;0,0000;0,0000;-0,0208;0,0000;0,0000;0,1024;0,1900;-0,4900;1;0,0000;0,0000;0;1;0;9;0;0
95,6945;218,2601;11,5000;-0,6571;0,0819;0,0000;0,0000;-0,0208;0,0000;0,0000;0,1024;0,1700;-0,4800;1;0,0000;0,0000;0;1;0;9;0;0
95,7084;218,2601;11,5000;-0,6407;0,0819;0,0000;0,0000;-0,0208;0,0000;0,0000;0,1024;0,1500;-0,4900;1;0,0000;0,0000;0;1;0;9;0;0
95,7223;218,2601;11,5000;-0,6252;0,0819;0,0000;0,0000;-0,0208;0,0000;0,0000;0,1023;0,1400;-0,4900;1;0,0000;0,0000;0;1;0;9;0;0
95,7362;218,2601;11,5000;-0,6148;0,0818;0,0000;0,0000;-0,0208;0,0000;0,0000;0,1023;0,1200;-0,5000;1;0,0000;0,0000;0;1;0;9;0;0
95,7500;218,2602;11,5000;-0,6048;0,0817;0,0000;0,0000;-0,0208;0,0000;0,0000;0,1022;0,1000;-0,5000;1;0,0000;0,0000;0;1;0;8;0;0
95,7639;218,3045;11,5000;-0,5942;0,0817;0,0000;0,0000;-0,0208;0,0000;0,0000;0,1021;0,0800;-0,5100;1;0,0000;0,0000;0;1;0;8;0;0
95,7778;218,3489;11,5000;-0,5814;0,0816;0,0000;0,0000;-0,0208;0,0000;0,0000;0,1020;0,0700;-0,5100;1;0,0000;0,0000;0;1;0;8;0;0
95,7917;218,3933;11,5000;-0,5666;0,0815;0,0000;0,0000;-0,0208;0,0000;0,0000;0,1019;0,0500;-0,5200;1;0,0000;0,0000;0;1;0;8;0;0
95,8056;218,4376;11,5000;-0,5534;0,0814;0,0000;0,0000;-0,0208;0,0000;0,0000;0,1018;0,0300;-0,5200;1;0,0000;0,0000;0;1;0;8;0;0
95,8195;218,4820;11,5000;-0,5431;0,0813;0,0000;0,0000;-0,0208;0,0000;0,0000;0,1017;0,0200;-0,5200;1;0,0000;0,0000;0;1;0;8;0;0
95,8334;218,7127;11,5000;-0,5317;0,0812;0,0000;0,0000;-0,0208;0,0000;0,0000;0,1016;0,0000;-0,5300;1;0,0000;0,0000;0;1;0;8;0;0
95,8473;218,7127;11,5000;-0,5215;0,0811;0,0000;0,0000;-0,0208;0,0000;0,0000;0,1014;0,0000;-0,5300;1;0,0000;0,0000;0;1;0;8;0;0
95,8612;218,7127;11,5000;-0,5096;0,0810;0,0000;0,0000;-0,0208;0,0000;0,0000;0,1013;-0,0200;-0,5300;1;0,0000;0,0000;0;1;0;8;0;0
95,8750;218,7127;11,5000;-0,4889;0,0809;0,0000;0,0000;-0,0208;0,0000;0,0000;0,1011;-0,0300;-0,5300;1;0,0000;0,0000;0;1;0;8;0;0
95,8889;218,7127;11,5000;-0,4573;0,0808;0,0000;0,0000;-0,0208;0,0000;0,0000;0,1010;-0,0500;-0,5100;1;0,0000;0,0000;0;1;0;8;0;0
95,9028;218,7482;11,5000;-0,4223;0,0807;0,0000;0,0000;-0,0208;0,0000;0,0000;0,1008;-0,0600;-0,4800;1;0,0000;0,0000;0;1;0;8;0;0
95,9167;218,7926;11,5000;-0,3872;0,0806;0,0000;0,0000;-0,0208;0,0000;0,0000;0,1007;-0,0700;-0,4600;1;0,0000;0,0000;0;1;0;8;0;0
95,9306;218,8369;11,5000;-0,3359;0,0805;0,0000;0,0000;-0,0208;0,0000;0,0000;0,1006;-0,0800;-0,4200;1;0,0000;0,0000;0;1;0;8;0;0
95,9445;218,8813;11,5000;-0,2819;0,0803;0,0000;0,0000;-0,0208;0,0000;0,0000;0,1004;-0,0900;-0,3700;1;0,0000;0,0000;0;1;0;8;0;0
95,9584;218,9257;11,5000;-0,2488;0,0802;0,0000;0,0000;-0,0208;0,0000;0,0000;0,1003;-0,1000;-0,3500;1;0,0000;0,0000;0;1;0;8;0;0
95,9723;219,1703;11,5000;-0,2267;0,0801;0,0000;0,0000;-0,0208;0,0000;0,0000;0,1002;-0,1000;-0,3300;1;0,0000;0,0000;0;1;0;8;0;0
95,9862;219,1703;11,5000;-0,1973;0,0800;0,0000;0,0000;-0,0208;0,0000;0,0000;0,1001;-0,1100;-0,3100;1;0,0000;0,0000;0;1;0;8;0;0
96,0000;219,1703;11,5000;-0,1691;0,0799;0,0000;0,0000;-0,0208;0,0000;0,0000;0,0999;-0,1100;-0,2800;1;0,0000;0,0000;0;1;0;8;0;0
96,0139;219,1703;11,5000;-0,1463;0,0798;0,0000;0,0000;-0,0208;0,0000;0,0000;0,0998;-0,1200;-0,2600;1;0,0000;0,0000;0;1;0;8;0;0
96,0278;219,1703;11,5000;-0,1210;0,0797;0,0000;0,0000;-0,0208;0,0000;0,0000;0,0997;-0,1200;-0,2400;1;0,0000;0,0000;0;1;0;8;0;0
96,0417;219,1919;11,5000;-0,1078;0,0797;0,0000;0,0000;-0,0208;0,0000;0,0000;0,0996;-0,1200;-0,2300;1;0,0000;0,0000;0;1;0;8;0;0
96,0556;219,2362;11,5000;-0,0931;0,0796;0,0000;0,0000;-0,0208;0,0000;0,0000;0,0995;-0,1300;-0,2200;1;0,0000;0,0000;0;1;0;8;0;0
96,0695;219,2806;11,5000;-0,0796;0,0795;0,0000;0,0000;-0,0208;0,0000;0,0000;0,0994;-0,1300;-0,2100;1;0,0000;0,0000;0;1;0;8;0;0
96,0834;219,3250;11,5000;-0,0657;0,0794;0,0000;0,0000;-0,0208;0,0000;0,0000;0,0993;-0,1300;-0,1900;1;0,0000;0,0000;0;1;0;8;0;0
96,0973;219,3693;11,5000;-0,0496;0,0793;0,0000;0,0000;-0,0208;0,0000;0,0000;0,0992;-0,1300;-0,1800;1;0,0000;0,0000;0;1;0;8;0;0
96,1112;219,6283;11,5000;-0,0361;0,0793;0,0000;0,0000;-0,0208;0,0000;0,0000;0,0991;-0,1300;-0,1700;1;0,0000;0,0000;0;1;0;8;0;0
96,1250;219,6283;11,5000;-0,0233;0,0792;0,0000;0,0000;-0,0208;0,0000;0,0000;0,0990;-0,1300;-0,1500;1;0,0000;0,0000;0;1;0;8;0;0
96,1389;219,6283;11,5000;-0,0117;0,0791;0,0000;0,0000;-0,0208;0,0000;0,0000;0,0989;-0,1300;-0,1400;1;0,0000;0,0000;0;1;0;8;0;0
96,1528;219,6283;11,5000;0,0005;0,0791;0,0000;0,0000;-0,0208;0,0000;0,0000;0,0988;-0,1300;-0,1300;1;0,0000;0,0000;0;1;0;8;0;0
96,1667;219,6283;11,5000;0,0103;0,0790;0,0000;0,0000;-0,0208;0,0000;0,0000;0,0988;-0,1300;-0,1200;1;0,0000;0,0000;0;1;0;8;0;0
96,1806;219,6355;11,5000;0,0224;0,0789;0,0000;0,0000;-0,0208;0,0000;0,0000;0,0987;-0,1300;-0,1000;1;0,0000;0,0000;0;1;0;8;0;0
96,1945;219,6799;11,5000;0,0318;0,0789;0,0000;0,0000;-0,0208;0,0000;0,0000;0,0986;-0,1300;-0,0900;1;0,0000;0,0000;0;1;0;8;0;0
96,2084;219,7243;11,5000;0,0438;0,0788;0,0000;0,0000;-0,0208;0,0000;0,0000;0,0986;-0,1200;-0,0800;1;0,0000;0,0000;0;1;0;8;0;0
96,2223;219,7686;11,5000;0,0677;0,0788;0,0000;0,0000;-0,0208;0,0000;0,0000;0,0985;-0,1200;-0,0500;1;0,0000;0,0000;0;1;0;8;0;0
96,2362;219,8130;11,5000;0,1060;0,0788;0,0000;0,0000;-0,0208;0,0000;0,0000;0,0984;-0,1200;0,0000;1;0,0000;0,0000;0;1;0;8;0;0
96,2500;220,0802;11,5000;0,1457;0,0787;0,0000;0,0000;-0,0208;0,0000;0,0000;0,0984;-0,1100;0,0300;1;0,0000;0,0000;0;1;0;8;0;0
96,2639;220,0802;11,5000;0,1947;0,0787;0,0000;0,0000;-0,0208;0,0000;0,0000;0,0984;-0,1100;0,0900;1;0,0000;0,0000;0;1;0;8;0;0
96,2778;220,0802;11,5000;0,2400;0,0787;0,0000;0,0000;-0,0208;0,0000;0,0000;0,0984;-0,1000;0,1400;1;0,0000;0,0000;0;1;0;8;0;0
96,2917;220,0802;11,5000;0,2743;0,0787;0,0000;0,0000;-0,0208;0,0000;0,0000;0,0984;-0,0900;0,1800;1;0,0000;0,0000;0;1;0;8;0;0
96,3056;220,0802;11,5000;0,3135;0,0788;0,0000;0,0000;-0,0208;0,0000;0,0000;0,0985;-0,0800;0,2300;1;0,0000;0,0000;0;1;0;8;0;0
96,3195;220,0802;11,5000;0,3565;0,0788;0,0000;0,0000;-0,0208;0,0000;0,0000;0,0985;-0,0700;0,2800;1;0,0000;0,0000;0;1;0;8;0;0
96,3334;220,1236;11,5000;0,4012;0,0789;0,0000;0,0000;-0,0208;0,0000;0,0000;0,0986;-0,0600;0,3400;1;0,0000;0,0000;0;1;0;8;0;0
96,3473;220,1679;11,5000;0,4429;0,0790;0,0000;0,0000;-0,0208;0,0000;0,0000;0,0987;-0,0400;0,4000;1;0,0000;0,0000;0;1;0;8;0;0
96,3612;220,2123;11,5000;0,4943;0,0791;0,0000;0,0000;-0,0208;0,0000;0,0000;0,0988;-0,0300;0,4600;1;0,0000;0,0000;0;1;0;8;0;0
96,3750;220,2567;11,5000;0,5504;0,0792;0,0000;0,0000;-0,0208;0,0000;0,0000;0,0990;0,0000;0,5400;1;0,0000;0,0000;0;1;0;8;0;0
96,3889;220,3010;11,5000;0,5893;0,0793;0,0000;0,0000;-0,0208;0,0000;0,0000;0,0992;0,0000;0,5900;1;0,0000;0,0000;0;1;0;8;0;0
96,4028;220,5401;11,5000;0,6143;0,0795;0,0000;0,0000;-0,0208;0,0000;0,0000;0,0994;0,0200;0,6400;1;0,0000;0,0000;0;1;0;8;0;0
96,4167;220,5401;11,5000;0,6371;0,0797;0,0000;0,0000;-0,0208;0,0000;0,0000;0,0996;0,0400;0,6800;1;0,0000;0,0000;0;1;0;8;0;0
96,4306;220,5401;11,5000;0,6534;0,0799;0,0000;0,0000;-0,0208;0,0000;0,0000;0,0999;0,0600;0,7200;1;0,0000;0,0000;0;1;0;8;0;0
96,4445;220,5401;11,4000;0,6763;0,0801;0,0000;0,0000;-0,0208;0,0000;0,0000;0,1001;0,0800;0,7600;1;0,0000;0,0000;0;1;0;8;0;0
96,4584;220,5401;11,4000;0,6941;0,0803;0,0000;0,0000;-0,0208;0,0000;0,0000;0,1004;0,1000;0,8000;1;0,0000;0,0000;0;1;0;8;0;0
96,4723;220,5665;11,4000;0,7095;0,0806;0,0000;0,0000;-0,0208;0,0000;0,0000;0,1007;0,1200;0,8300;1;0,0000;0,0000;0;1;0;8;0;0
96,4862;220,6104;11,4000;0,7192;0,0808;0,0000;0,0000;-0,0208;0,0000;0,0000;0,1010;0,1500;0,8600;1;0,0000;0,0000;0;1;0;8;0;0
96,5000;220,6544;11,4000;0,7233;0,0811;0,0000;0,0000;-0,0208;0,0000;0,0000;0,1013;0,1700;0,8900;1;0,0000;0,0000;0;1;0;8;0;0
96,5139;220,6984;11,4000;0,7264;0,0813;0,0000;0,0000;-0,0208;0,0000;0,0000;0,1017;0,1900;0,9100;1;0,0000;0,0000;0;1;0;8;0;0
96,5278;220,7424;11,4000;0,7217;0,0816;0,0000;0,0000;-0,0208;0,0000;0,0000;0,1020;0,2100;0,9300;1;0,0000;0,0000;0;1;0;8;0;0
96,5417;220,9925;11,4000;0,7106;0,0819;0,0000;0,0000;-0,0208;0,0000;0,0000;0,1024;0,2300;0,9400;1;0,0000;0,0000;0;1;0;8;0;0
96,5556;220,9925;11,4000;0,6992;0,0822;0,0000;0,0000;-0,0208;0,0000;0,0000;0,1028;0,2500;0,9500;1;0,0000;0,0000;0;1;0;8;0;0
96,5695;220,9925;11,4000;0,6846;0,0825;0,0000;0,0000;-0,0208;0,0000;0,0000;0,1031;0,2700;0,9500;1;0,0000;0,0000;0;1;0;8;0;0
96,5834;220,9925;11,4000;0,6710;0,0829;0,0000;0,0000;-0,0208;0,0000;0,0000;0,1036;0,2900;0,9600;1;0,0000;0,0000;0;1;0;8;0;0
96,5973;220,9925;11,4000;0,6570;0,0832;0,0000;0,0000;-0,0208;0,0000;0,0000;0,1040;0,3100;0,9600;1;0,0000;0,0000;0;1;0;8;0;0
96,6112;221,0063;11,4000;0,6465;0,0835;0,0000;0,0000;-0,0208;0,0000;0,0000;0,1044;0,3300;0,9700;1;0,0000;0,0000;0;1;0;8;0;0
96,6250;221,0502;11,4000;0,6377;0,0839;0,0000;0,0000;-0,0208;0,0000;0,0000;0,1049;0,3400;0,9800;1;0,0000;0,0000;0;1;0;8;0;0
96,6389;221,0942;11,4000;0,6305;0,0843;0,0000;0,0000;-0,0208;0,0000;0,0000;0,1053;0,3600;0,9900;1;0,0000;0,0000;0;1;0;8;0;0
96,6528;221,1382;11,4000;0,6261;0,0846;0,0000;0,0000;-0,0208;0,0000;0,0000;0,1058;0,3800;1,0100;1;0,0000;0,0000;0;1;0;8;0;0
96,6667;221,1822;11,4000;0,6200;0,0850;0,0000;0,0000;-0,0208;0,0000;0,0000;0,1063;0,4000;1,0200;1;0,0000;0,0000;0;1;0;8;0;0
96,6806;221,4496;11,4000;0,6170;0,0854;0,0000;0,0000;-0,0208;0,0000;0,0000;0,1068;0,4100;1,0300;1;0,0000;0,0000;0;1;0;8;0;0
96,6945;221,4496;11,4000;0,6126;0,0858;0,0000;0,0000;-0,0208;0,0000;0,0000;0,1073;0,4300;1,0400;1;0,0000;0,0000;0;1;0;8;0;0
96,7084;221,4496;11,4000;0,6147;0,0863;0,0000;0,0000;-0,0208;0,0000;0,0000;0,1078;0,4500;1,0600;1;0,0000;0,0000;0;1;0;8;0;0
96,7223;221,4496;11,4000;0,6121;0,0867;0,0000;0,0000;-0,0208;0,0000;0,0000;0,1084;0,4700;1,0800;1;0,0000;0,0000;0;1;0;8;0;0
96,7362;221,4496;11,4000;0,6093;0,0871;0,0000;0,0000;-0,0208;0,0000;0,0000;0,1089;0,4800;1,0900;1;0,0000;0,0000;0;1;0;8;0;0
96,7500;221,4496;11,4000;0,6061;0,0876;0,0000;0,0000;-0,0208;0,0000;0,0000;0,1095;0,5000;1,1100;1;0,0000;0,0000;0;1;0;8;0;0
96,7639;221,4900;11,4000;0,6023;0,0881;0,0000;0,0000;-0,0208;0,0000;0,0000;0,1101;0,5200;1,1200;1;0,0000;0,0000;0;1;0;1;0;0
96,7778;221,5340;11,4000;0,6000;0,0885;0,0000;0,0000;-0,0208;0,0000;0,0000;0,1107;0,5400;1,1400;1;0,0000;0,0000;0;1;0;1;0;0
96,7917;221,5780;11,4000;0,6001;0,0890;0,0000;0,0000;-0,0208;0,0000;0,0000;0,1113;0,5500;1,1500;1;0,0000;0,0000;0;1;0;1;0;0
96,8056;221,6220;11,4000;0,6009;0,0895;0,0000;0,0000;-0,0208;0,0000;0,0000;0,1119;0,5700;1,1700;1;0,0000;0,0000;0;1;0;1;0;0
96,8195;221,6659;11,4000;0,6039;0,0900;0,0000;0,0000;-0,0208;0,0000;0,0000;0,1125;0,5900;1,1900;1;0,0000;0,0000;0;1;0;1;0;0
96,8334;221,9049;11,4000;0,6050;0,0905;0,0000;0,0000;-0,0208;0,0000;0,0000;0,1132;0,6100;1,2100;1;0,0000;0,0000;0;1;0;1;0;0
96,8473;221,9049;11,4000;0,6049;0,0911;0,0000;0,0000;-0,0208;0,0000;0,0000;0,1138;0,6300;1,2300;1;0,0000;0,0000;0;1;0;1;0;0
96,8612;221,9049;11,4000;0,5992;0,0916;0,0000;0,0000;-0,0208;0,0000;0,0000;0,1145;0,6400;1,2400;1;0,0000;0,0000;0;1;0;1;0;0
96,8750;221,9049;11,4000;0,5892;0,0921;0,0000;0,0000;-0,0208;0,0000;0,0000;0,1152;0,6600;1,2500;1;0,0000;0,0000;0;1;0;1;0;0
96,8889;221,9049;11,4000;0,5813;0,0927;0,0000;0,0000;-0,0208;0,0000;0,0000;0,1159;0,6800;1,2600;1;0,0000;0,0000;0;1;0;1;0;0
96,9028;221,9298;11,4000;0,5801;0,0933;0,0000;0,0000;-0,0208;0,0000;0,0000;0,1166;0,7000;1,2800;1;0,0000;0,0000;0;1;0;1;0;0
96,9167;221,9738;11,4000;0,5834;0,0938;0,0000;0,0000;-0,0208;0,0000;0,0000;0,1173;0,7100;1,3000;1;0,0000;0,0000;0;1;0;1;0;0
96,9306;222,0178;11,4000;0,5853;0,0944;0,0000;0,0000;-0,0208;0,0000;0,0000;0,1180;0,7300;1,3200;1;0,0000;0,0000;0;1;0;1;0;0
96,9445;222,0617;11,4000;0,5849;0,0950;0,0000;0,0000;-0,0208;0,0000;0,0000;0,1187;0,7500;1,3300;1;0,0000;0,0000;0;1;0;1;0;0
96,9584;222,1057;11,4000;0,5805;0,0956;0,0000;0,0000;-0,0208;0,0000;0,0000;0,1194;0,7700;1,3500;1;0,0000;0,0000;0;1;0;1;0;0
96,9723;222,3605;11,4000;0,5772;0,0962;0,0000;0,0000;-0,0208;0,0000;0,0000;0,1202;0,7800;1,3600;1;0,0000;0,0000;0;1;0;1;0;0
96,9862;222,3605;11,7000;0,5700;0,0968;0,0000;0,0000;-0,0208;0,0000;0,0000;0,1210;0,8000;1,3700;1;0,0000;0,0000;0;1;0;1;0;0
97,0000;222,3605;11,7000;0,5640;0,0974;0,0000;0,0000;-0,0208;0,0000;0,0000;0,1218;0,8200;1,3800;1;0,0000;0,0000;0;1;0;1;0;0
97,0139;222,3605;11,7000;0,5558;0,0981;0,0000;0,0000;-0,0208;0,0000;0,0000;0,1226;0,8400;1,3900;1;0,0000;0,0000;0;1;0;1;0;0
97,0278;222,3605;11,7000;0,5520;0,0987;0,0000;0,0000;-0,0208;0,0000;0,0000;0,1234;0,8500;1,4100;1;0,0000;0,0000;0;1;0;1;0;0
97,0417;222,3742;11,7000;0,5479;0,0994;0,0000;0,0000;-0,0208;0,0000;0,0000;0,1242;0,8700;1,4200;1;0,0000;0,0000;0;1;0;1;0;0
97,0556;222,4193;11,7000;0,5454;0,1001;0,0000;0,0000;-0,0208;0,0000;0,0000;0,1251;0,8900;1,4300;1;0,0000;0,0000;0;1;0;1;0;0
97,0695;222,4644;11,7000;0,5443;0,1008;0,0000;0,0000;-0,0208;0,0000;0,0000;0,1260;0,9100;1,4500;1;0,0000;0,0000;0;1;0;1;0;0
97,0834;222,5096;11,7000;0,5447;0,1015;0,0000;0,0000;-0,0208;0,0000;0,0000;0,1269;0,9200;1,4700;1;0,0000;0,0000;0;1;0;1;0;0
97,0973;222,5547;11,7000;0,5459;0,1023;0,0000;0,0000;-0,0208;0,0000;0,0000;0,1278;0,9400;1,4900;1;0,0000;0,0000;0;1;0;1;0;0
97,1112;222,8167;11,7000;0,5489;0,1030;0,0000;0,0000;-0,0208;0,0000;0,0000;0,1287;0,9600;1,5100;1;0,0000;0,0000;0;1;0;1;0;0
97,1250;222,8167;11,7000;0,5521;0,1038;0,0000;0,0000;-0,0208;0,0000;0,0000;0,1297;0,9700;1,5300;1;0,0000;0,0000;0;1;0;1;0;0
97,1389;222,8167;11,7000;0,5570;0,1045;0,0000;0,0000;-0,0208;0,0000;0,0000;0,1307;0,9900;1,5500;1;0,0000;0,0000;0;1;0;1;0;0
97,1528;222,8167;11,7000;0,5585;0,1053;0,0000;0,0000;-0,0208;0,0000;0,0000;0,1316;1,0100;1,5700;1;0,0000;0,0000;0;1;0;1;0;0
97,1667;222,8167;11,7000;0,5555;0,1061;0,0000;0,0000;-0,0208;0,0000;0,0000;0,1326;1,0300;1,5800;1;0,0000;0,0000;0;1;0;1;0;0
97,1806;222,8255;11,7000;0,5513;0,1069;0,0000;0,0000;-0,0208;0,0000;0,0000;0,1336;1,0400;1,5900;1;0,0000;0,0000;0;1;0;1;0;0
97,1945;222,8706;11,7000;0,5468;0,1077;0,0000;0,0000;-0,0208;0,0000;0,0000;0,1346;1,0600;1,6100;1;0,0000;0,0000;0;1;0;1;0;0
97,2084;222,9157;11,7000;0,5438;0,1085;0,0000;0,0000;-0,0208;0,0000;0,0000;0,1357;1,0800;1,6200;1;0,0000;0,0000;0;1;0;1;0;0
97,2223;222,9608;11,7000;0,5458;0,1094;0,0000;0,0000;-0,0208;0,0000;0,0000;0,1367;1,0900;1,6400;1;0,0000;0,0000;0;1;0;1;0;0
97,2362;223,0060;11,7000;0,5477;0,1102;0,0000;0,0000;-0,0208;0,0000;0,0000;0,1378;1,1100;1,6600;1;0,0000;0,0000;0;1;0;1;0;0
97,2500;223,2720;11,7000;0,5508;0,1110;0,0000;0,0000;-0,0208;0,0000;0,0000;0,1388;1,1300;1,6800;1;0,0000;0,0000;0;1;0;1;0;0
97,2639;223,2720;11,7000;0,5554;0,1119;0,0000;0,0000;-0,0208;0,0000;0,0000;0,1399;1,1400;1,7000;1;0,0000;0,0000;0;1;0;1;0;0
97,2778;223,2720;11,7000;0,5588;0,1128;0,0000;0,0000;-0,0208;0,0000;0,0000;0,1410;1,1600;1,7200;1;0,0000;0,0000;0;1;0;1;0;0
97,2917;223,2720;11,7000;0,5628;0,1137;0,0000;0,0000;-0,0208;0,0000;0,0000;0,1421;1,1800;1,7400;1;0,0000;0,0000;0;1;0;1;0;0
97,3056;223,2720;11,7000;0,5718;0,1146;0,0000;0,0000;-0,0208;0,0000;0,0000;0,1432;1,2000;1,7700;1;0,0000;0,0000;0;1;0;1;0;0
97,3195;223,2767;11,7000;0,5780;0,1155;0,0000;0,0000;-0,0208;0,0000;0,0000;0,1443;1,2100;1,7900;1;0,0000;0,0000;0;1;0;1;0;0
97,3334;223,3219;11,7000;0,5816;0,1164;0,0000;0,0000;-0,0208;0,0000;0,0000;0,1455;1,2300;1,8100;1;0,0000;0,0000;0;1;0;1;0;0
97,3473;223,3670;11,7000;0,5865;0,1173;0,0000;0,0000;-0,0208;0,0000;0,0000;0,1467;1,2500;1,8400;1;0,0000;0,0000;0;1;0;1;0;0
97,3612;223,4121;11,7000;0,5893;0,1183;0,0000;0,0000;-0,0208;0,0000;0,0000;0,1479;1,2700;1,8600;1;0,0000;0,0000;0;1;0;1;0;0
97,3750;223,4572;11,7000;0,5799;0,1192;0,0000;0,0000;-0,0208;0,0000;0,0000;0,1490;1,2900;1,8700;1;0,0000;0,0000;0;1;0;1;0;0
97,3889;223,7280;11,7000;0,5413;0,1202;0,0000;0,0000;-0,0208;0,0000;0,0000;0,1502;1,3000;1,8400;1;0,0000;0,0000;0;1;0;1;0;0
97,4028;223,7280;11,7000;0,4805;0,1211;0,0000;0,0000;-0,0208;0,0000;0,0000;0,1514;1,3200;1,8000;1;0,0000;0,0000;0;1;0;1;0;0
97,4167;223,7280;11,7000;0,4387;0,1221;0,0000;0,0000;-0,0208;0,0000;0,0000;0,1526;1,3300;1,7700;1;0,0000;0,0000;0;1;0;1;0;0
97,4306;223,7280;11,7000;0,4015;0,1230;0,0000;0,0000;-0,0208;0,0000;0,0000;0,1538;1,3400;1,7500;1;0,0000;0,0000;0;1;0;1;0;0
97,4445;223,7280;11,7000;0,3577;0,1240;0,0000;0,0000;-0,0208;0,0000;0,0000;0,1550;1,3600;1,7100;1;0,0000;0,0000;0;1;0;1;0;0
97,4584;223,7280;11,7000;0,3075;0,1249;0,0000;0,0000;-0,0208;0,0000;0,0000;0,1562;1,3700;1,6700;1;0,0000;0,0000;0;1;0;1;0;0
97,4723;223,7731;11,7000;0,2259;0,1259;0,0000;0,0000;-0,0208;0,0000;0,0000;0,1573;1,3700;1,6000;1;0,0000;0,0000;0;1;0;1;0;0
97,4862;223,8182;11,9000;0,1261;0,1268;0,0000;0,0000;-0,0208;0,0000;0,0000;0,1585;1,3800;1,5000;1;0,0000;0,0000;0;1;0;1;0;0
97,5000;223,8641;11,9000;0,0445;0,1277;0,0000;0,0000;-0,0208;0,0000;0,0000;0,1596;1,3800;1,4200;1;0,0000;0,0000;0;1;0;1;0;0
97,5139;223,9100;11,9000;-0,0670;0,1286;0,0000;0,0000;-0,0208;0,0000;0,0000;0,1607;1,3800;1,3100;1;0,0000;0,0000;0;1;0;1;0;0
97,5278;223,9559;11,9000;-0,1516;0,1295;0,0000;0,0000;-0,0208;0,0000;0,0000;0,1618;1,3700;1,2200;1;0,0000;0,0000;0;1;0;1;0;0
97,5417;224,1839;11,9000;-0,2291;0,1303;0,0000;0,0000;-0,0208;0,0000;0,0000;0,1629;1,3700;1,1400;1;0,0000;0,0000;0;1;0;1;0;0
97,5556;224,1839;11,9000;-0,2780;0,1311;0,0000;0,0000;-0,0208;0,0000;0,0000;0,1639;1,3600;1,0800;1;0,0000;0,0000;0;1;0;1;0;0
97,5695;224,1839;11,9000;-0,3449;0,1319;0,0000;0,0000;-0,0208;0,0000;0,0000;0,1649;1,3500;1,0000;1;0,0000;0,0000;0;1;0;1;0;0
97,5834;224,1839;11,9000;-0,4048;0,1327;0,0000;0,0000;-0,0208;0,0000;0,0000;0,1658;1,3400;0,9300;1;0,0000;0,0000;0;1;0;1;0;0
97,5973;224,1854;11,9000;-0,4866;0,1334;0,0000;0,0000;-0,0208;0,0000;0,0000;0,1668;1,3200;0,8400;1;0,0000;0,0000;0;1;0;1;0;0
97,6112;224,2313;11,9000;-0,5429;0,1341;0,0000;0,0000;-0,0208;0,0000;0,0000;0,1677;1,3100;0,7600;1;0,0000;0,0000;0;1;0;1;0;0
97,6250;224,2772;11,9000;-0,5796;0,1348;0,0000;0,0000;-0,0208;0,0000;0,0000;0,1686;1,2900;0,7100;1;0,0000;0,0000;0;1;0;1;0;0
97,6389;224,3231;11,9000;-0,6188;0,1355;0,0000;0,0000;-0,0208;0,0000;0,0000;0,1694;1,2700;0,6500;1;0,0000;0,0000;0;1;0;1;0;0
97,6528;224,3690;11,9000;-0,6543;0,1362;0,0000;0,0000;-0,0208;0,0000;0,0000;0,1703;1,2500;0,6000;1;0,0000;0,0000;0;1;0;1;0;0
97,6667;224,6390;11,9000;-0,6777;0,1369;0,0000;0,0000;-0,0208;0,0000;0,0000;0,1711;1,2300;0,5500;1;0,0000;0,0000;0;1;0;1;0;0
97,6806;224,6390;11,9000;-0,6954;0,1375;0,0000;0,0000;-0,0208;0,0000;0,0000;0,1719;1,2100;0,5200;1;0,0000;0,0000;0;1;0;1;0;0
97,6945;224,6390;11,9000;-0,7055;0,1381;0,0000;0,0000;-0,0208;0,0000;0,0000;0,1726;1,1900;0,4800;1;0,0000;0,0000;0;1;0;1;0;0
97,7084;224,6390;11,9000;-0,7136;0,1387;0,0000;0,0000;-0,0208;0,0000;0,0000;0,1734;1,1700;0,4500;1;0,0000;0,0000;0;1;0;1;0;0
97,7223;224,6390;11,9000;-0,7235;0,1393;0,0000;0,0000;-0,0208;0,0000;0,0000;0,1741;1,1500;0,4200;1;0,0000;0,0000;0;1;0;1;0;0
97,7362;224,6444;11,9000;-0,7329;0,1398;0,0000;0,0000;-0,0208;0,0000;0,0000;0,1748;1,1200;0,3900;1;0,0000;0,0000;0;1;0;1;0;0
97,7500;224,6903;11,6000;-0,7371;0,1404;0,0000;0,0000;-0,0208;0,0000;0,0000;0,1755;1,1000;0,3600;1;0,0000;0,0000;0;1;0;1;0;0
97,7639;224,7351;11,6000;-0,7372;0,1409;0,0000;0,0000;-0,0208;0,0000;0,0000;0,1761;1,0800;0,3400;1;0,0000;0,0000;0;1;0;0;0;0
97,7778;224,7798;11,6000;-0,7319;0,1414;0,0000;0,0000;-0,0208;0,0000;0,0000;0,1768;1,0600;0,3300;1;0,0000;0,0000;0;1;0;0;0;0
97,7917;224,8246;11,6000;-0,7260;0,1419;0,0000;0,0000;-0,0208;0,0000;0,0000;0,1774;1,0400;0,3100;1;0,0000;0,0000;0;1;0;0;0;0
97,8056;225,0962;11,6000;-0,7164;0,1424;0,0000;0,0000;-0,0208;0,0000;0,0000;0,1780;1,0200;0,3000;1;0,0000;0,0000;0;1;0;0;0;0
97,8195;225,0962;11,6000;-0,7016;0,1429;0,0000;0,0000;-0,0208;0,0000;0,0000;0,1786;1,0000;0,2900;1;0,0000;0,0000;0;1;0;0;0;0
97,8334;225,0962;11,6000;-0,6866;0,1433;0,0000;0,0000;-0,0208;0,0000;0,0000;0,1792;0,9800;0,2900;1;0,0000;0,0000;0;1;0;0;0;0
97,8473;225,0962;11,6000;-0,6700;0,1438;0,0000;0,0000;-0,0208;0,0000;0,0000;0,1797;0,9600;0,2900;1;0,0000;0,0000;0;1;0;0;0;0
97,8612;225,0962;11,6000;-0,6550;0,1442;0,0000;0,0000;-0,0208;0,0000;0,0000;0,1803;0,9400;0,2800;1;0,0000;0,0000;0;1;0;0;0;0
97,8750;225,0962;11,6000;-0,6379;0,1447;0,0000;0,0000;-0,0208;0,0000;0,0000;0,1808;0,9200;0,2800;1;0,0000;0,0000;0;1;0;0;0;0
97,8889;225,1378;11,6000;-0,6258;0,1451;0,0000;0,0000;-0,0208;0,0000;0,0000;0,1814;0,9000;0,2700;1;0,0000;0,0000;0;1;0;0;0;0
97,9028;225,1826;11,6000;-0,6105;0,1455;0,0000;0,0000;-0,0208;0,0000;0,0000;0,1819;0,8800;0,2700;1;0,0000;0,0000;0;1;0;0;0;0
97,9167;225,2273;11,6000;-0,5993;0,1460;0,0000;0,0000;-0,0208;0,0000;0,0000;0,1824;0,8700;0,2700;1;0,0000;0,0000;0;1;0;0;0;0
97,9306;225,2721;11,6000;-0,5901;0,1464;0,0000;0,0000;-0,0208;0,0000;0,0000;0,1830;0,8500;0,2600;1;0,0000;0,0000;0;1;0;0;0;0
97,9445;225,3168;11,6000;-0,5879;0,1468;0,0000;0,0000;-0,0208;0,0000;0,0000;0,1835;0,8300;0,2400;1;0,0000;0,0000;0;1;0;0;0;0
97,9584;225,5501;11,6000;-0,5912;0,1471;0,0000;0,0000;-0,0208;0,0000;0,0000;0,1839;0,8100;0,2200;1;0,0000;0,0000;0;1;0;0;0;0
97,9723;225,5501;11,6000;-0,6002;0,1475;0,0000;0,0000;-0,0208;0,0000;0,0000;0,1844;0,8000;0,2000;1;0,0000;0,0000;0;1;0;0;0;0
97,9862;225,5501;11,6000;-0,6099;0,1479;0,0000;0,0000;-0,0208;0,0000;0,0000;0,1848;0,7800;0,1700;1;0,0000;0,0000;0;1;0;0;0;0
98,0000;225,5501;11,6000;-0,6171;0,1482;0,0000;0,0000;-0,0208;0,0000;0,0000;0,1853;0,7600;0,1400;1;0,0000;0,0000;0;1;0;0;0;0
98,0139;225,5501;11,6000;-0,6205;0,1486;0,0000;0,0000;-0,0208;0,0000;0,0000;0,1857;0,7400;0,1200;1;0,0000;0,0000;0;1;0;0;0;0
98,0278;225,5854;11,6000;-0,6203;0,1489;0,0000;0,0000;-0,0208;0,0000;0,0000;0,1861;0,7200;0,1000;1;0,0000;0,0000;0;1;0;0;0;0
98,0417;225,6301;11,6000;-0,6152;0,1492;0,0000;0,0000;-0,0208;0,0000;0,0000;0,1865;0,7100;0,0900;1;0,0000;0,0000;0;1;0;0;0;0
98,0556;225,6749;11,6000;-0,6027;0,1495;0,0000;0,0000;-0,0208;0,0000;0,0000;0,1868;0,6900;0,0800;1;0,0000;0,0000;0;1;0;0;0;0
98,0695;225,7196;11,6000;-0,5813;0,1497;0,0000;0,0000;-0,0208;0,0000;0,0000;0,1872;0,6700;0,0900;1;0,0000;0,0000;0;1;0;0;0;0
98,0834;225,7644;11,6000;-0,5578;0,1500;0,0000;0,0000;-0,0208;0,0000;0,0000;0,1876;0,6500;0,1000;1;0,0000;0,0000;0;1;0;0;0;0
98,0973;226,0090;11,6000;-0,5290;0,1503;0,0000;0,0000;-0,0208;0,0000;0,0000;0,1879;0,6400;0,1100;1;0,0000;0,0000;0;1;0;0;0;0
98,1112;226,0090;11,6000;-0,4938;0,1506;0,0000;0,0000;-0,0208;0,0000;0,0000;0,1883;0,6200;0,1300;1;0,0000;0,0000;0;1;0;0;0;0
98,1250;226,0090;11,6000;-0,4620;0,1509;0,0000;0,0000;-0,0208;0,0000;0,0000;0,1886;0,6100;0,1500;1;0,0000;0,0000;0;1;0;0;0;0
98,1389;226,0090;11,6000;-0,4354;0,1512;0,0000;0,0000;-0,0208;0,0000;0,0000;0,1890;0,6000;0,1600;1;0,0000;0,0000;0;1;0;0;0;0
98,1528;226,0090;11,6000;-0,4028;0,1515;0,0000;0,0000;-0,0208;0,0000;0,0000;0,1894;0,5900;0,1800;1;0,0000;0,0000;0;1;0;0;0;0
98,1667;226,0329;11,6000;-0,3751;0,1518;0,0000;0,0000;-0,0208;0,0000;0,0000;0,1897;0,5800;0,2000;1;0,0000;0,0000;0;1;0;0;0;0
98,1806;226,0776;11,8000;-0,3515;0,1521;0,0000;0,0000;-0,0208;0,0000;0,0000;0,1901;0,5700;0,2100;1;0,0000;0,0000;0;1;0;0;0;0
98,1945;226,1232;11,8000;-0,3311;0,1524;0,0000;0,0000;-0,0208;0,0000;0,0000;0,1905;0,5600;0,2300;1;0,0000;0,0000;0;1;0;0;0;0
98,2084;226,1687;11,8000;-0,3121;0,1527;0,0000;0,0000;-0,0208;0,0000;0,0000;0,1908;0,5500;0,2400;1;0,0000;0,0000;0;1;0;0;0;0
98,2223;226,2142;11,8000;-0,2935;0,1529;0,0000;0,0000;-0,0208;0,0000;0,0000;0,1912;0,5400;0,2400;1;0,0000;0,0000;0;1;0;0;0;0
98,2362;226,4615;11,8000;-0,2771;0,1532;0,0000;0,0000;-0,0208;0,0000;0,0000;0,1915;0,5300;0,2500;1;0,0000;0,0000;0;1;0;0;0;0
98,2500;226,4615;11,8000;-0,2620;0,1535;0,0000;0,0000;-0,0208;0,0000;0,0000;0,1919;0,5200;0,2600;1;0,0000;0,0000;0;1;0;0;0;0
98,2639;226,4615;11,8000;-0,2520;0,1538;0,0000;0,0000;-0,0208;0,0000;0,0000;0,1923;0,5200;0,2600;1;0,0000;0,0000;0;1;0;0;0;0
98,2778;226,4615;11,8000;-0,2461;0,1541;0,0000;0,0000;-0,0208;0,0000;0,0000;0,1926;0,5100;0,2600;1;0,0000;0,0000;0;1;0;0;0;0
98,2917;226,4615;11,8000;-0,2427;0,1544;0,0000;0,0000;-0,0208;0,0000;0,0000;0,1930;0,5000;0,2600;1;0,0000;0,0000;0;1;0;0;0;0
98,3056;226,4873;11,8000;-0,2365;0,1546;0,0000;0,0000;-0,0208;0,0000;0,0000;0,1933;0,5000;0,2600;1;0,0000;0,0000;0;1;0;0;0;0
98,3195;226,5329;11,8000;-0,2375;0,1549;0,0000;0,0000;-0,0208;0,0000;0,0000;0,1937;0,4900;0,2500;1;0,0000;0,0000;0;1;0;0;0;0
98,3334;226,5784;11,8000;-0,2377;0,1552;0,0000;0,0000;-0,0208;0,0000;0,0000;0,1940;0,4800;0,2500;1;0,0000;0,0000;0;1;0;0;0;0
98,3473;226,6239;11,8000;-0,2407;0,1555;0,0000;0,0000;-0,0208;0,0000;0,0000;0,1943;0,4800;0,2400;1;0,0000;0,0000;0;1;0;0;0;0
98,3612;226,6694;11,8000;-0,2433;0,1557;0,0000;0,0000;-0,0208;0,0000;0,0000;0,1946;0,4700;0,2300;1;0,0000;0,0000;0;1;0;0;0;0
98,3750;226,9201;11,8000;-0,2497;0,1560;0,0000;0,0000;-0,0208;0,0000;0,0000;0,1950;0,4600;0,2100;1;0,0000;0,0000;0;1;0;0;0;0
98,3889;226,9201;11,8000;-0,2509;0,1562;0,0000;0,0000;-0,0208;0,0000;0,0000;0,1953;0,4600;0,2000;1;0,0000;0,0000;0;1;0;0;0;0
98,4028;226,9201;11,8000;-0,2450;0,1565;0,0000;0,0000;-0,0208;0,0000;0,0000;0,1956;0,4500;0,2000;1;0,0000;0,0000;0;1;0;0;0;0
98,4167;226,9201;11,8000;-0,2339;0,1567;0,0000;0,0000;-0,0208;0,0000;0,0000;0,1959;0,4400;0,2100;1;0,0000;0,0000;0;1;0;0;0;0
98,4306;226,9201;11,8000;-0,2161;0,1570;0,0000;0,0000;-0,0208;0,0000;0,0000;0,1962;0,4400;0,2200;1;0,0000;0,0000;0;1;0;0;0;0
98,4445;226,9426;11,8000;-0,1936;0,1572;0,0000;0,0000;-0,0208;0,0000;0,0000;0,1965;0,4300;0,2400;1;0,0000;0,0000;0;1;0;0;0;0
98,4584;226,9881;11,8000;-0,1891;0,1574;0,0000;0,0000;-0,0208;0,0000;0,0000;0,1968;0,4300;0,2400;1;0,0000;0,0000;0;1;0;0;0;0
98,4723;227,0336;11,8000;-0,1514;0,1577;0,0000;0,0000;-0,0208;0,0000;0,0000;0,1971;0,4200;0,2700;1;0,0000;0,0000;0;1;0;0;0;0
98,4862;227,0791;11,8000;-0,1212;0,1579;0,0000;0,0000;-0,0208;0,0000;0,0000;0,1974;0,4200;0,3000;1;0,0000;0,0000;0;1;0;0;0;0
98,5000;227,1247;11,8000;-0,0945;0,1582;0,0000;0,0000;-0,0208;0,0000;0,0000;0,1977;0,4200;0,3200;1;0,0000;0,0000;0;1;0;0;0;0
98,5139;227,3734;11,8000;-0,0761;0,1584;0,0000;0,0000;-0,0208;0,0000;0,0000;0,1980;0,4100;0,3400;1;0,0000;0,0000;0;1;0;0;0;0
98,5278;227,3734;11,8000;-0,0664;0,1587;0,0000;0,0000;-0,0208;0,0000;0,0000;0,1984;0,4100;0,3500;1;0,0000;0,0000;0;1;0;0;0;0
98,5417;227,3734;11,8000;-0,0584;0,1590;0,0000;0,0000;-0,0208;0,0000;0,0000;0,1987;0,4100;0,3500;1;0,0000;0,0000;0;1;0;0;0;0
98,5556;227,3734;11,8000;-0,0554;0,1592;0,0000;0,0000;-0,0208;0,0000;0,0000;0,1990;0,4100;0,3500;1;0,0000;0,0000;0;1;0;0;0;0
98,5695;227,3734;11,8000;-0,0548;0,1595;0,0000;0,0000;-0,0208;0,0000;0,0000;0,1994;0,4100;0,3500;1;0,0000;0,0000;0;1;0;0;0;0
98,5834;227,3978;11,8000;-0,0638;0,1597;0,0000;0,0000;-0,0208;0,0000;0,0000;0,1997;0,4100;0,3400;1;0,0000;0,0000;0;1;0;0;0;0
98,5973;227,4433;11,8000;-0,0739;0,1600;0,0000;0,0000;-0,0208;0,0000;0,0000;0,2000;0,4100;0,3300;1;0,0000;0,0000;0;1;0;0;0;0
98,6112;227,4888;11,8000;-0,0883;0,1603;0,0000;0,0000;-0,0208;0,0000;0,0000;0,2003;0,4000;0,3100;1;0,0000;0,0000;0;1;0;0;0;0
98,6250;227,5344;11,8000;-0,1064;0,1605;0,0000;0,0000;-0,0208;0,0000;0,0000;0,2006;0,4000;0,2900;1;0,0000;0,0000;0;1;0;0;0;0
98,6389;227,5799;11,8000;-0,1238;0,1607;0,0000;0,0000;-0,0208;0,0000;0,0000;0,2009;0,4000;0,2700;1;0,0000;0,0000;0;1;0;0;0;0
98,6528;227,8299;11,8000;-0,1273;0,1610;0,0000;0,0000;-0,0208;0,0000;0,0000;0,2012;0,3900;0,2700;1;0,0000;0,0000;0;1;0;0;0;0
98,6667;227,8299;11,8000;-0,1448;0,1612;0,0000;0,0000;-0,0208;0,0000;0,0000;0,2015;0,3900;0,2400;1;0,0000;0,0000;0;1;0;0;0;0
98,6806;227,8299;11,5000;-0,1759;0,1614;0,0000;0,0000;-0,0208;0,0000;0,0000;0,2018;0,3900;0,2100;1;0,0000;0,0000;0;1;0;0;0;0
98,6945;227,8299;11,5000;-0,1890;0,1616;0,0000;0,0000;-0,0208;0,0000;0,0000;0,2020;0,3800;0,1900;1;0,0000;0,0000;0;1;0;0;0;0
98,7084;227,8299;11,5000;-0,1947;0,1618;0,0000;0,0000;-0,0208;0,0000;0,0000;0,2023;0,3700;0,1800;1;0,0000;0,0000;0;1;0;0;0;0
98,7223;227,8496;11,5000;-0,1945;0,1620;0,0000;0,0000;-0,0208;0,0000;0,0000;0,2025;0,3700;0,1700;1;0,0000;0,0000;0;1;0;0;0;0
98,7362;227,8939;11,5000;-0,1885;0,1622;0,0000;0,0000;-0,0208;0,0000;0,0000;0,2028;0,3600;0,1800;1;0,0000;0,0000;0;1;0;0;0;0
98,7500;227,9383;11,5000;-0,1837;0,1624;0,0000;0,0000;-0,0208;0,0000;0,0000;0,2030;0,3600;0,1800;1;0,0000;0,0000;0;1;0;0;0;0
98,7639;227,9827;11,5000;-0,1809;0,1626;0,0000;0,0000;-0,0208;0,0000;0,0000;0,2033;0,3600;0,1700;1;0,0000;0,0000;0;1;0;0;0;0
98,7778;228,0270;11,5000;-0,1803;0,1628;0,0000;0,0000;-0,0208;0,0000;0,0000;0,2035;0,3500;0,1700;1;0,0000;0,0000;0;1;0;3;0;0
98,7917;228,2860;11,5000;-0,1794;0,1630;0,0000;0,0000;-0,0208;0,0000;0,0000;0,2038;0,3500;0,1700;1;0,0000;0,0000;0;1;0;3;0;0
98,8056;228,2860;11,5000;-0,1811;0,1632;0,0000;0,0000;-0,0208;0,0000;0,0000;0,2040;0,3400;0,1600;1;0,0000;0,0000;0;1;0;3;0;0
98,8195;228,2860;11,5000;-0,1879;0,1634;0,0000;0,0000;-0,0208;0,0000;0,0000;0,2042;0,3400;0,1500;1;0,0000;0,0000;0;1;0;3;0;0
98,8334;228,2860;11,5000;-0,1957;0,1636;0,0000;0,0000;-0,0208;0,0000;0,0000;0,2045;0,3300;0,1400;1;0,0000;0,0000;0;1;0;3;0;0
98,8473;228,2860;11,5000;-0,2062;0,1637;0,0000;0,0000;-0,0208;0,0000;0,0000;0,2047;0,3300;0,1200;1;0,0000;0,0000;0;1;0;3;0;0
98,8612;228,2932;11,5000;-0,2177;0,1639;0,0000;0,0000;-0,0208;0,0000;0,0000;0,2049;0,3200;0,1000;1;0,0000;0,0000;0;1;0;3;0;0
98,8750;228,3376;11,5000;-0,2296;0,1640;0,0000;0,0000;-0,0208;0,0000;0,0000;0,2050;0,3100;0,0800;1;0,0000;0,0000;0;1;0;3;0;0
98,8889;228,3820;11,5000;-0,2319;0,1642;0,0000;0,0000;-0,0208;0,0000;0,0000;0,2052;0,3100;0,0700;1;0,0000;0,0000;0;1;0;3;0;0
98,9028;228,4263;11,5000;-0,2470;0,1643;0,0000;0,0000;-0,0208;0,0000;0,0000;0,2054;0,3000;0,0500;1;0,0000;0,0000;0;1;0;3;0;0
98,9167;228,4707;11,5000;-0,2541;0,1644;0,0000;0,0000;-0,0208;0,0000;0,0000;0,2055;0,2900;0,0300;1;0,0000;0,0000;0;1;0;3;0;0
98,9306;228,7405;11,5000;-0,2577;0,1645;0,0000;0,0000;-0,0208;0,0000;0,0000;0,2057;0,2800;0,0200;1;0,0000;0,0000;0;1;0;3;0;0
98,9445;228,7405;11,4000;-0,2580;0,1646;0,0000;0,0000;-0,0208;0,0000;0,0000;0,2058;0,2800;0,0000;1;0,0000;0,0000;0;1;0;3;0;0
98,9584;228,7405;11,4000;-0,2556;0,1648;0,0000;0,0000;-0,0208;0,0000;0,0000;0,2060;0,2700;0,0000;1;0,0000;0,0000;0;1;0;3;0;0
98,9723;228,7405;11,4000;-0,2550;0,1649;0,0000;0,0000;-0,0208;0,0000;0,0000;0,2061;0,2600;0,0000;1;0,0000;0,0000;0;1;0;3;0;0
98,9862;228,7405;11,4000;-0,2489;0,1650;0,0000;0,0000;-0,0208;0,0000;0,0000;0,2062;0,2500;0,0000;1;0,0000;0,0000;0;1;0;3;0;0
99,0000;228,7405;11,4000;-0,2360;0,1651;0,0000;0,0000;-0,0208;0,0000;0,0000;0,2064;0,2400;0,0000;1;0,0000;0,0000;0;1;0;3;0;0
99,0139;228,7794;11,4000;-0,1757;0,1652;0,0000;0,0000;-0,0208;0,0000;0,0000;0,2065;0,2400;0,0600;1;0,0000;0,0000;0;1;0;3;0;0
99,0278;228,8233;11,4000;-0,1280;0,1653;0,0000;0,0000;-0,0208;0,0000;0,0000;0,2067;0,2300;0,1100;1;0,0000;0,0000;0;1;0;3;0;0
99,0417;228,8673;11,4000;-0,0941;0,1655;0,0000;0,0000;-0,0208;0,0000;0,0000;0,2068;0,2300;0,1400;1;0,0000;0,0000;0;1;0;3;0;0
99,0556;228,9113;11,4000;-0,0635;0,1656;0,0000;0,0000;-0,0208;0,0000;0,0000;0,2070;0,2300;0,1600;1;0,0000;0,0000;0;1;0;3;0;0
99,0695;228,9553;11,4000;-0,0294;0,1657;0,0000;0,0000;-0,0208;0,0000;0,0000;0,2072;0,2300;0,2000;1;0,0000;0,0000;0;1;0;3;0;0
99,0834;229,1993;11,4000;0,0065;0,1659;0,0000;0,0000;-0,0208;0,0000;0,0000;0,2074;0,2300;0,2300;1;0,0000;0,0000;0;1;0;3;0;0
99,0973;229,1993;11,4000;0,0137;0,1660;0,0000;0,0000;-0,0208;0,0000;0,0000;0,2075;0,2300;0,2400;1;0,0000;0,0000;0;1;0;3;0;0
99,1112;229,1993;11,4000;0,0311;0,1662;0,0000;0,0000;-0,0208;0,0000;0,0000;0,2077;0,2300;0,2600;1;0,0000;0,0000;0;1;0;3;0;0
99,1250;229,1993;11,4000;0,0540;0,1663;0,0000;0,0000;-0,0208;0,0000;0,0000;0,2079;0,2300;0,2800;1;0,0000;0,0000;0;1;0;3;0;0
99,1389;229,1993;11,4000;0,0881;0,1665;0,0000;0,0000;-0,0208;0,0000;0,0000;0,2081;0,2300;0,3200;1;0,0000;0,0000;0;1;0;3;0;0
99,1528;229,2191;11,4000;0,1039;0,1667;0,0000;0,0000;-0,0208;0,0000;0,0000;0,2084;0,2300;0,3400;1;0,0000;0,0000;0;1;0;3;0;0
99,1667;229,2631;11,4000;0,1077;0,1669;0,0000;0,0000;-0,0208;0,0000;0,0000;0,2086;0,2400;0,3400;1;0,0000;0,0000;0;1;0;3;0;0
99,1806;229,3071;11,4000;0,1047;0,1671;0,0000;0,0000;-0,0208;0,0000;0,0000;0,2088;0,2400;0,3400;1;0,0000;0,0000;0;1;0;3;0;0
99,1945;229,3511;11,4000;0,0964;0,1672;0,0000;0,0000;-0,0208;0,0000;0,0000;0,2091;0,2400;0,3400;1;0,0000;0,0000;0;1;0;3;0;0
99,2084;229,3951;11,4000;0,0947;0,1674;0,0000;0,0000;-0,0208;0,0000;0,0000;0,2093;0,2500;0,3400;1;0,0000;0,0000;0;1;0;3;0;0
99,2223;229,6520;11,4000;0,0828;0,1676;0,0000;0,0000;-0,0208;0,0000;0,0000;0,2095;0,2500;0,3300;1;0,0000;0,0000;0;1;0;3;0;0
99,2362;229,6520;11,4000;0,0647;0,1678;0,0000;0,0000;-0,0208;0,0000;0,0000;0,2097;0,2500;0,3200;1;0,0000;0,0000;0;1;0;3;0;0
99,2500;229,6520;11,4000;0,0535;0,1680;0,0000;0,0000;-0,0208;0,0000;0,0000;0,2100;0,2500;0,3100;1;0,0000;0,0000;0;1;0;3;0;0
99,2639;229,6520;11,4000;0,0403;0,1681;0,0000;0,0000;-0,0208;0,0000;0,0000;0,2102;0,2500;0,3000;1;0,0000;0,0000;0;1;0;3;0;0
99,2778;229,6520;11,4000;0,0299;0,1683;0,0000;0,0000;-0,0208;0,0000;0,0000;0,2104;0,2600;0,2900;1;0,0000;0,0000;0;1;0;3;0;0
99,2917;229,6589;11,4000;0,0277;0,1685;0,0000;0,0000;-0,0208;0,0000;0,0000;0,2106;0,2600;0,2800;1;0,0000;0,0000;0;1;0;3;0;0
99,3056;229,7029;11,4000;0,0190;0,1686;0,0000;0,0000;-0,0208;0,0000;0,0000;0,2108;0,2600;0,2800;1;0,0000;0,0000;0;1;0;3;0;0
99,3195;229,7469;11,4000;0,0107;0,1688;0,0000;0,0000;-0,0208;0,0000;0,0000;0,2110;0,2600;0,2700;1;0,0000;0,0000;0;1;0;3;0;0
99,3334;229,7909;11,4000;0,0036;0,1689;0,0000;0,0000;-0,0208;0,0000;0,0000;0,2112;0,2600;0,2600;1;0,0000;0,0000;0;1;0;3;0;0
99,3473;229,8349;11,4000;0,0017;0,1691;0,0000;0,0000;-0,0208;0,0000;0,0000;0,2113;0,2600;0,2600;1;0,0000;0,0000;0;1;0;3;0;0
99,3612;229,8788;11,4000;0,0022;0,1692;0,0000;0,0000;-0,0208;0,0000;0,0000;0,2115;0,2600;0,2600;1;0,0000;0,0000;0;1;0;3;0;0
99,3750;230,1089;11,4000;0,0041;0,1694;0,0000;0,0000;-0,0208;0,0000;0,0000;0,2117;0,2600;0,2700;1;0,0000;0,0000;0;1;0;3;0;0
99,3889;230,1089;11,4000;0,0102;0,1695;0,0000;0,0000;-0,0208;0,0000;0,0000;0,2119;0,2600;0,2700;1;0,0000;0,0000;0;1;0;3;0;0
99,4028;230,1089;11,4000;0,0202;0,1697;0,0000;0,0000;-0,0208;0,0000;0,0000;0,2121;0,2600;0,2800;1;0,0000;0,0000;0;1;0;3;0;0
99,4167;230,1089;11,4000;0,0222;0,1699;0,0000;0,0000;-0,0208;0,0000;0,0000;0,2123;0,2600;0,2900;1;0,0000;0,0000;0;1;0;3;0;0
99,4306;230,1089;11,4000;0,0637;0,1701;0,0000;0,0000;-0,0208;0,0000;0,0000;0,2126;0,2700;0,3300;1;0,0000;0,0000;0;1;0;3;0;0
99,4445;230,1427;11,4000;0,0721;0,1703;0,0000;0,0000;-0,0208;0,0000;0,0000;0,2128;0,2700;0,3400;1;0,0000;0,0000;0;1;0;3;0;0
99,4584;230,1867;11,4000;0,1221;0,1705;0,0000;0,0000;-0,0208;0,0000;0,0000;0,2131;0,2700;0,4000;1;0,0000;0,0000;0;1;0;3;0;0
99,4723;230,2307;11,4000;0,1549;0,1707;0,0000;0,0000;-0,0208;0,0000;0,0000;0,2134;0,2800;0,4300;1;0,0000;0,0000;0;1;0;3;0;0
99,4862;230,2746;11,4000;0,1743;0,1709;0,0000;0,0000;-0,0208;0,0000;0,0000;0,2137;0,2800;0,4600;1;0,0000;0,0000;0;1;0;3;0;0
99,5000;230,3186;11,4000;0,1930;0,1712;0,0000;0,0000;-0,0208;0,0000;0,0000;0,2139;0,2900;0,4800;1;0,0000;0,0000;0;1;0;3;0;0
99,5139;230,5644;11,4000;0,2115;0,1714;0,0000;0,0000;-0,0208;0,0000;0,0000;0,2142;0,3000;0,5100;1;0,0000;0,0000;0;1;0;3;0;0
99,5278;230,5644;11,4000;0,2151;0,1716;0,0000;0,0000;-0,0208;0,0000;0,0000;0,2145;0,3000;0,5200;1;0,0000;0,0000;0;1;0;3;0;0
99,5417;230,5644;11,4000;0,2402;0,1719;0,0000;0,0000;-0,0208;0,0000;0,0000;0,2149;0,3100;0,5500;1;0,0000;0,0000;0;1;0;3;0;0
99,5556;230,5644;11,4000;0,2453;0,1721;0,0000;0,0000;-0,0208;0,0000;0,0000;0,2152;0,3200;0,5600;1;0,0000;0,0000;0;1;0;3;0;0
99,5695;230,5644;11,4000;0,2464;0,1724;0,0000;0,0000;-0,0208;0,0000;0,0000;0,2155;0,3300;0,5700;1;0,0000;0,0000;0;1;0;3;0;0
99,5834;230,5825;11,4000;0,2636;0,1727;0,0000;0,0000;-0,0208;0,0000;0,0000;0,2159;0,3300;0,6000;1;0,0000;0,0000;0;1;0;3;0;0
99,5973;230,6265;11,4000;0,2668;0,1730;0,0000;0,0000;-0,0208;0,0000;0,0000;0,2162;0,3400;0,6100;1;0,0000;0,0000;0;1;0;3;0;0
99,6112;230,6705;11,4000;0,2537;0,1732;0,0000;0,0000;-0,0208;0,0000;0,0000;0,2166;0,3500;0,6000;1;0,0000;0,0000;0;1;0;3;0;0
99,6250;230,7144;11,4000;0,2409;0,1735;0,0000;0,0000;-0,0208;0,0000;0,0000;0,2169;0,3600;0,6000;1;0,0000;0,0000;0;1;0;3;0;0
99,6389;230,7584;11,4000;0,2384;0,1738;0,0000;0,0000;-0,0208;0,0000;0,0000;0,2173;0,3600;0,6000;1;0,0000;0,0000;0;1;0;3;0;0
99,6528;231,0193;11,4000;0,2260;0,1741;0,0000;0,0000;-0,0208;0,0000;0,0000;0,2177;0,3700;0,6000;1;0,0000;0,0000;0;1;0;3;0;0
99,6667;231,0193;11,4000;0,1908;0,1744;0,0000;0,0000;-0,0208;0,0000;0,0000;0,2180;0,3800;0,5700;1;0,0000;0,0000;0;1;0;3;0;0
99,6806;231,0193;11,4000;0,1696;0,1747;0,0000;0,0000;-0,0208;0,0000;0,0000;0,2184;0,3800;0,5500;1;0,0000;0,0000;0;1;0;3;0;0
99,6945;231,0193;11,4000;0,1425;0,1750;0,0000;0,0000;-0,0208;0,0000;0,0000;0,2187;0,3900;0,5300;1;0,0000;0,0000;0;1;0;3;0;0
99,7084;231,0193;11,4000;0,1150;0,1753;0,0000;0,0000;-0,0208;0,0000;0,0000;0,2191;0,3900;0,5100;1;0,0000;0,0000;0;1;0;3;0;0
99,7223;231,0223;11,4000;0,0870;0,1755;0,0000;0,0000;-0,0208;0,0000;0,0000;0,2194;0,3900;0,4800;1;0,0000;0,0000;0;1;0;3;0;0
99,7362;231,0663;11,4000;0,0655;0,1758;0,0000;0,0000;-0,0208;0,0000;0,0000;0,2198;0,4000;0,4600;1;0,0000;0,0000;0;1;0;3;0;0
99,7500;231,1103;11,4000;0,0613;0,1761;0,0000;0,0000;-0,0208;0,0000;0,0000;0,2201;0,4000;0,4600;1;0,0000;0,0000;0;1;0;3;0;0
99,7639;231,1542;11,4000;0,0460;0,1763;0,0000;0,0000;-0,0208;0,0000;0,0000;0,2204;0,4000;0,4500;1;0,0000;0,0000;0;1;0;3;0;0
99,7778;231,1982;11,4000;0,0098;0,1766;0,0000;0,0000;-0,0208;0,0000;0,0000;0,2208;0,4000;0,4100;1;0,0000;0,0000;0;1;0;6;0;0
99,7917;231,2422;11,4000;-0,0088;0,1769;0,0000;0,0000;-0,0208;0,0000;0,0000;0,2211;0,4000;0,3900;1;0,0000;0,0000;0;1;0;6;0;0
99,8056;231,4776;11,4000;-0,0199;0,1771;0,0000;0,0000;-0,0208;0,0000;0,0000;0,2214;0,4000;0,3800;1;0,0000;0,0000;0;1;0;6;0;0
99,8195;231,4776;11,4000;-0,0291;0,1774;0,0000;0,0000;-0,0208;0,0000;0,0000;0,2217;0,4000;0,3700;1;0,0000;0,0000;0;1;0;6;0;0
99,8334;231,4776;11,4000;-0,0306;0,1776;0,0000;0,0000;-0,0208;0,0000;0,0000;0,2221;0,4000;0,3700;1;0,0000;0,0000;0;1;0;6;0;0
99,8473;231,4776;11,4000;-0,0278;0,1779;0,0000;0,0000;-0,0208;0,0000;0,0000;0,2224;0,4000;0,3700;1;0,0000;0,0000;0;1;0;6;0;0
99,8612;231,4776;11,4000;-0,0273;0,1782;0,0000;0,0000;-0,0208;0,0000;0,0000;0,2227;0,4000;0,3700;1;0,0000;0,0000;0;1;0;6;0;0
99,8750;231,5061;11,4000;-0,0192;0,1784;0,0000;0,0000;-0,0208;0,0000;0,0000;0,2230;0,4000;0,3800;1;0,0000;0,0000;0;1;0;6;0;0
99,8889;231,5500;11,4000;0,0047;0,1787;0,0000;0,0000;-0,0208;0,0000;0,0000;0,2234;0,4000;0,4100;1;0,0000;0,0000;0;1;0;6;0;0
99,9028;231,5940;11,4000;0,0095;0,1790;0,0000;0,0000;-0,0208;0,0000;0,0000;0,2237;0,4000;0,4100;1;0,0000;0,0000;0;1;0;6;0;0
99,9167;231,6380;11,4000;0,0525;0,1792;0,0000;0,0000;-0,0208;0,0000;0,0000;0,2240;0,4100;0,4600;1;0,0000;0,0000;0;1;0;6;0;0
99,9306;231,6820;11,4000;0,0833;0,1795;0,0000;0,0000;-0,0208;0,0000;0,0000;0,2244;0,4100;0,4900;1;0,0000;0,0000;0;1;0;6;0;0
99,9445;231,9309;11,3000;0,1239;0,1798;0,0000;0,0000;-0,0208;0,0000;0,0000;0,2248;0,4100;0,5400;1;0,0000;0,0000;0;1;0;6;0;0
99,9584;231,9309;11,3000;0,1471;0,1801;0,0000;0,0000;-0,0208;0,0000;0,0000;0,2251;0,4200;0,5600;1;0,0000;0,0000;0;1;0;6;0;0
99,9723;231,9309;11,3000;0,1516;0,1804;0,0000;0,0000;-0,0208;0,0000;0,0000;0,2255;0,4200;0,5700;1;0,0000;0,0000;0;1;0;6;0;0
99,9862;231,9309;11,3000;0,1717;0,1807;0,0000;0,0000;-0,0208;0,0000;0,0000;0,2259;0,4300;0,6000;1;0,0000;0,0000;0;1;0;6;0;0
100,0000;231,9309;11,3000;0,2167;0,1810;0,0000;0,0000;-0,0208;0,0000;0,0000;0,2263;0,4300;0,6500;1;0,0000;0,0000;0;1;0;6;0;0
100,0139;231,9439;11,3000;0,2436;0,1814;0,0000;0,0000;-0,0208;0,0000;0,0000;0,2267;0,4400;0,6800;1;0,0000;0,0000;0;1;0;6;0;0
100,0278;231,9875;11,3000;0,2644;0,1817;0,0000;0,0000;-0,0208;0,0000;0,0000;0,2271;0,4500;0,7100;1;0,0000;0,0000;0;1;0;6;0;0
100,0417;232,0311;11,3000;0,2886;0,1821;0,0000;0,0000;-0,0208;0,0000;0,0000;0,2276;0,4600;0,7500;1;0,0000;0,0000;0;1;0;6;0;0
100,0556;232,0747;11,3000;0,2934;0,1824;0,0000;0,0000;-0,0208;0,0000;0,0000;0,2280;0,4700;0,7600;1;0,0000;0,0000;0;1;0;6;0;0
100,0695;232,1183;11,3000;0,3014;0,1828;0,0000;0,0000;-0,0208;0,0000;0,0000;0,2285;0,4800;0,7800;1;0,0000;0,0000;0;1;0;6;0;0
100,0834;232,3872;11,3000;0,3098;0,1832;0,0000;0,0000;-0,0208;0,0000;0,0000;0,2290;0,4900;0,8000;1;0,0000;0,0000;0;1;0;6;0;0
100,0973;232,3872;11,3000;0,3162;0,1836;0,0000;0,0000;-0,0208;0,0000;0,0000;0,2294;0,5000;0,8100;1;0,0000;0,0000;0;1;0;6;0;0
100,1112;232,3872;11,3000;0,3184;0,1840;0,0000;0,0000;-0,0208;0,0000;0,0000;0,2299;0,5100;0,8200;1;0,0000;0,0000;0;1;0;6;0;0
100,1250;232,3872;11,3000;0,3197;0,1844;0,0000;0,0000;-0,0208;0,0000;0,0000;0,2304;0,5200;0,8300;1;0,0000;0,0000;0;1;0;6;0;0
100,1389;232,3872;11,3000;0,3212;0,1848;0,0000;0,0000;-0,0208;0,0000;0,0000;0,2310;0,5300;0,8500;1;0,0000;0,0000;0;1;0;6;0;0
100,1528;232,3872;11,3000;0,3225;0,1852;0,0000;0,0000;-0,0208;0,0000;0,0000;0,2315;0,5400;0,8600;1;0,0000;0,0000;0;1;0;6;0;0
100,1667;232,4235;11,3000;0,3227;0,1856;0,0000;0,0000;-0,0208;0,0000;0,0000;0,2320;0,5500;0,8700;1;0,0000;0,0000;0;1;0;6;0;0
100,1806;232,4671;11,3000;0,3256;0,1860;0,0000;0,0000;-0,0208;0,0000;0,0000;0,2325;0,5600;0,8800;1;0,0000;0,0000;0;1;0;6;0;0
100,1945;232,5106;11,4000;0,3255;0,1865;0,0000;0,0000;-0,0208;0,0000;0,0000;0,2331;0,5700;0,8900;1;0,0000;0,0000;0;1;0;6;0;0
100,2084;232,5546;11,4000;0,3223;0,1869;0,0000;0,0000;-0,0208;0,0000;0,0000;0,2336;0,5800;0,9000;1;0,0000;0,0000;0;1;0;6;0;0
100,2223;232,5986;11,4000;0,3053;0,1874;0,0000;0,0000;-0,0208;0,0000;0,0000;0,2342;0,5800;0,8900;1;0,0000;0,0000;0;1;0;6;0;0
100,2362;232,8434;11,4000;0,3018;0,1878;0,0000;0,0000;-0,0208;0,0000;0,0000;0,2348;0,5900;0,9000;1;0,0000;0,0000;0;1;0;6;0;0
100,2500;232,8434;11,4000;0,2627;0,1882;0,0000;0,0000;-0,0208;0,0000;0,0000;0,2353;0,6000;0,8700;1;0,0000;0,0000;0;1;0;6;0;0
100,2639;232,8434;11,4000;0,2549;0,1887;0,0000;0,0000;-0,0208;0,0000;0,0000;0,2359;0,6100;0,8700;1;0,0000;0,0000;0;1;0;6;0;0
100,2778;232,8434;11,4000;0,2322;0,1891;0,0000;0,0000;-0,0208;0,0000;0,0000;0,2364;0,6200;0,8500;1;0,0000;0,0000;0;1;0;6;0;0
100,2917;232,8434;11,4000;0,1934;0,1896;0,0000;0,0000;-0,0208;0,0000;0,0000;0,2370;0,6200;0,8200;1;0,0000;0,0000;0;1;0;6;0;0
100,3056;232,8625;11,4000;0,1572;0,1900;0,0000;0,0000;-0,0208;0,0000;0,0000;0,2375;0,6300;0,7900;1;0,0000;0,0000;0;1;0;6;0;0
100,3195;232,9064;11,4000;0,1072;0,1905;0,0000;0,0000;-0,0208;0,0000;0,0000;0,2381;0,6300;0,7400;1;0,0000;0,0000;0;1;0;6;0;0
100,3334;232,9504;11,4000;0,0710;0,1909;0,0000;0,0000;-0,0208;0,0000;0,0000;0,2386;0,6400;0,7100;1;0,0000;0,0000;0;1;0;6;0;0
100,3473;232,9944;11,4000;0,0319;0,1913;0,0000;0,0000;-0,0208;0,0000;0,0000;0,2391;0,6400;0,6700;1;0,0000;0,0000;0;1;0;6;0;0
100,3612;233,0384;11,4000;-0,0018;0,1917;0,0000;0,0000;-0,0208;0,0000;0,0000;0,2396;0,6400;0,6400;1;0,0000;0,0000;0;1;0;6;0;0
100,3750;233,2980;11,4000;-0,0360;0,1921;0,0000;0,0000;-0,0208;0,0000;0,0000;0,2401;0,6400;0,6000;1;0,0000;0,0000;0;1;0;6;0;0
100,3889;233,2980;11,4000;-0,0709;0,1925;0,0000;0,0000;-0,0208;0,0000;0,0000;0,2406;0,6400;0,5700;1;0,0000;0,0000;0;1;0;6;0;0
100,4028;233,2980;11,4000;-0,1004;0,1929;0,0000;0,0000;-0,0208;0,0000;0,0000;0,2411;0,6300;0,5300;1;0,0000;0,0000;0;1;0;6;0;0
100,4167;233,2980;11,4000;-0,1213;0,1933;0,0000;0,0000;-0,0208;0,0000;0,0000;0,2416;0,6300;0,5100;1;0,0000;0,0000;0;1;0;6;0;0
100,4306;233,2980;11,4000;-0,1333;0,1936;0,0000;0,0000;-0,0208;0,0000;0,0000;0,2420;0,6300;0,4900;1;0,0000;0,0000;0;1;0;6;0;0
100,4445;233,3023;11,4000;-0,1415;0,1940;0,0000;0,0000;-0,0208;0,0000;0,0000;0,2425;0,6200;0,4800;1;0,0000;0,0000;0;1;0;6;0;0
100,4584;233,3463;11,4000;-0,1495;0,1943;0,0000;0,0000;-0,0208;0,0000;0,0000;0,2429;0,6200;0,4700;1;0,0000;0,0000;0;1;0;6;0;0
100,4723;233,3902;11,4000;-0,1562;0,1947;0,0000;0,0000;-0,0208;0,0000;0,0000;0,2434;0,6200;0,4600;1;0,0000;0,0000;0;1;0;6;0;0
100,4862;233,4342;11,4000;-0,1585;0,1951;0,0000;0,0000;-0,0208;0,0000;0,0000;0,2438;0,6100;0,4500;1;0,0000;0,0000;0;1;0;6;0;0
100,5000;233,4782;11,4000;-0,1594;0,1954;0,0000;0,0000;-0,0208;0,0000;0,0000;0,2443;0,6100;0,4500;1;0,0000;0,0000;0;1;0;6;0;0
100,5139;233,5222;11,4000;-0,1614;0,1958;0,0000;0,0000;-0,0208;0,0000;0,0000;0,2447;0,6000;0,4400;1;0,0000;0,0000;0;1;0;6;0;0
100,5278;233,7552;11,4000;-0,1583;0,1961;0,0000;0,0000;-0,0208;0,0000;0,0000;0,2451;0,6000;0,4400;1;0,0000;0,0000;0;1;0;6;0;0
100,5417;233,7552;11,4000;-0,1523;0,1965;0,0000;0,0000;-0,0208;0,0000;0,0000;0,2456;0,6000;0,4400;1;0,0000;0,0000;0;1;0;6;0;0
100,5556;233,7552;11,4000;-0,1458;0,1968;0,0000;0,0000;-0,0208;0,0000;0,0000;0,2460;0,5900;0,4500;1;0,0000;0,0000;0;1;0;6;0;0
100,5695;233,7552;11,4000;-0,1417;0,1972;0,0000;0,0000;-0,0208;0,0000;0,0000;0,2465;0,5900;0,4500;1;0,0000;0,0000;0;1;0;6;0;0
100,5834;233,7552;11,4000;-0,1436;0,1975;0,0000;0,0000;-0,0208;0,0000;0,0000;0,2469;0,5800;0,4400;1;0,0000;0,0000;0;1;0;6;0;0
100,5973;233,7860;11,4000;-0,1492;0,1978;0,0000;0,0000;-0,0208;0,0000;0,0000;0,2473;0,5800;0,4300;1;0,0000;0,0000;0;1;0;6;0;0
100,6112;233,8300;11,4000;-0,1547;0,1982;0,0000;0,0000;-0,0208;0,0000;0,0000;0,2477;0,5800;0,4200;1;0,0000;0,0000;0;1;0;6;0;0
100,6250;233,8740;11,4000;-0,1583;0,1985;0,0000;0,0000;-0,0208;0,0000;0,0000;0,2481;0,5700;0,4100;1;0,0000;0,0000;0;1;0;6;0;0
100,6389;233,9180;11,4000;-0,1603;0,1988;0,0000;0,0000;-0,0208;0,0000;0,0000;0,2485;0,5700;0,4100;1;0,0000;0,0000;0;1;0;6;0;0
100,6528;233,9620;11,4000;-0,1637;0,1992;0,0000;0,0000;-0,0208;0,0000;0,0000;0,2489;0,5600;0,4000;1;0,0000;0,0000;0;1;0;6;0;0
100,6667;234,2099;11,4000;-0,1660;0,1995;0,0000;0,0000;-0,0208;0,0000;0,0000;0,2493;0,5600;0,3900;1;0,0000;0,0000;0;1;0;6;0;0
100,6806;234,2099;11,4000;-0,1681;0,1998;0,0000;0,0000;-0,0208;0,0000;0,0000;0,2497;0,5500;0,3900;1;0,0000;0,0000;0;1;0;6;0;0
100,6945;234,2099;11,2000;-0,1686;0,2001;0,0000;0,0000;-0,0208;0,0000;0,0000;0,2501;0,5500;0,3800;1;0,0000;0,0000;0;1;0;6;0;0
100,7084;234,2099;11,2000;-0,1656;0,2004;0,0000;0,0017;-0,0208;0,0000;0,0000;0,2505;0,5500;0,3800;1;0,0000;0,0000;0;1;0;6;0;0
100,7223;234,2099;11,2000;-0,1604;0,2007;0,0000;0,0063;-0,0208;0,0000;0,0000;0,2509;0,5400;0,3800;1;0,0000;0,0000;0;1;0;6;0;0
100,7362;234,2235;11,2000;-0,1550;0,2010;0,0000;0,0138;-0,0208;0,0000;0,0000;0,2513;0,5400;0,3800;1;0,0000;0,0000;0;1;0;6;0;0
100,7500;234,2667;11,2000;-0,1501;0,2013;0,0000;0,0240;-0,0208;0,0000;0,0000;0,2517;0,5300;0,3800;1;0,0000;0,0000;0;1;0;6;0;0
100,7639;234,3100;11,2000;-0,1444;0,2016;0,0000;0,0364;-0,0208;0,0000;0,0000;0,2521;0,5300;0,3900;1;0,0000;0,0000;0;1;0;6;0;0
100,7778;234,3532;11,2000;-0,1375;0,2020;0,0000;0,0508;-0,0208;0,0000;0,0000;0,2524;0,5300;0,3900;1;0,0000;0,0000;0;1;0;6;0;0
100,7917;234,3964;11,2000;-0,1330;0,2023;0,0000;0,0669;-0,0208;0,0000;0,0000;0,2528;0,5200;0,3900;1;0,0000;0,0000;0;1;0;4;0;0
100,8056;234,6655;11,2000;-0,1273;0,2025;0,0000;0,0843;-0,0208;0,0000;0,0000;0,2532;0,5200;0,3900;1;0,0000;0,0000;0;1;0;4;0;0
100,8195;234,6655;11,2000;-0,1232;0,2028;0,0000;0,1026;-0,0208;0,0000;0,0000;0,2536;0,5200;0,3900;1;0,0000;0,0000;0;1;0;4;0;0
100,8334;234,6655;11,2000;-0,1167;0,2031;0,0000;0,1215;-0,0208;0,0000;0,0000;0,2539;0,5200;0,4000;1;0,0000;0,0000;0;1;0;4;0;0
100,8473;234,6655;11,2000;-0,1101;0,2034;0,0000;0,1407;-0,0208;0,0000;0,0000;0,2543;0,5100;0,4000;1;0,0000;0,0000;0;1;0;4;0;0
100,8612;234,6655;11,2000;-0,1050;0,2037;0,0000;0,1598;-0,0208;0,0000;0,0000;0,2547;0,5100;0,4000;1;0,0000;0,0000;0;1;0;4;0;0
100,8750;234,6655;11,2000;-0,1011;0,2041;0,0000;0,1785;-0,0208;0,0000;0,0000;0,2551;0,5100;0,4100;1;0,0000;0,0000;0;1;0;4;0;0
100,8889;234,6988;11,2000;-0,1011;0,2044;0,0000;0,1966;-0,0208;0,0000;0,0000;0,2554;0,5100;0,4000;1;0,0000;0,0000;0;1;0;4;0;0
100,9028;234,7421;11,2000;-0,1091;0,2046;0,0000;0,2138;-0,0208;0,0000;0,0000;0,2558;0,5000;0,3900;1;0,0000;0,0000;0;1;0;4;0;0
100,9167;234,7853;11,2000;-0,1272;0,2049;0,0000;0,2300;-0,0208;0,0000;0,0000;0,2561;0,5000;0,3700;1;0,0000;0,0000;0;1;0;4;0;0
100,9306;234,8285;11,2000;-0,1504;0,2052;0,0000;0,2449;-0,0208;0,0000;0,0000;0,2565;0,4900;0,3400;1;0,0000;0,0000;0;1;0;4;0;0
100,9445;234,8717;11,2000;-0,1738;0,2055;0,0000;0,2586;-0,0208;0,0000;0,0000;0,2568;0,4900;0,3200;1;0,0000;0,0000;0;1;0;4;0;0
100,9584;235,1225;11,2000;-0,1906;0,2057;0,0000;0,2709;-0,0208;0,0000;0,0000;0,2572;0,4900;0,2900;1;0,0000;0,0000;0;1;0;4;0;0
100,9723;235,1225;11,2000;-0,2123;0,2060;0,0000;0,2820;-0,0208;0,0000;0,0000;0,2575;0,4800;0,2700;1;0,0000;0,0000;0;1;0;4;0;0
100,9862;235,1225;11,2000;-0,2284;0,2062;0,0000;0,2918;-0,0208;0,0000;0,0000;0,2578;0,4700;0,2400;1;0,0000;0,0000;0;1;0;4;0;0
101,0000;235,1225;11,2000;-0,2402;0,2065;0,0000;0,3004;-0,0208;0,0000;0,0000;0,2581;0,4700;0,2300;1;0,0000;0,0000;0;1;0;4;0;0
101,0139;235,1225;11,2000;-0,2489;0,2067;0,0000;0,3079;-0,0208;0,0000;0,0000;0,2584;0,4600;0,2100;1;0,0000;0,0000;0;1;0;4;0;0
101,0278;235,1309;11,2000;-0,2537;0,2069;0,0000;0,3143;-0,0208;0,0000;0,0000;0,2587;0,4500;0,2000;1;0,0000;0,0000;0;1;0;4;0;0
101,0417;235,1741;11,2000;-0,2539;0,2072;0,0000;0,3197;-0,0208;0,0000;0,0000;0,2590;0,4500;0,1900;1;0,0000;0,0000;0;1;0;4;0;0
101,0556;235,2174;11,2000;-0,2501;0,2074;0,0000;0,3241;-0,0208;0,0000;0,0000;0,2592;0,4400;0,1900;1;0,0000;0,0000;0;1;0;4;0;0
101,0695;235,2606;11,2000;-0,2449;0,2076;0,0000;0,3277;-0,0208;0,0000;0,0000;0,2595;0,4300;0,1900;1;0,0000;0,0000;0;1;0;4;0;0
101,0834;235,3038;11,2000;-0,2329;0,2078;0,0000;0,3306;-0,0208;0,0000;0,0000;0,2598;0,4300;0,1900;1;0,0000;0,0000;0;1;0;4;0;0
101,0973;235,3470;11,2000;-0,2169;0,2080;0,0000;0,3327;-0,0208;0,0000;0,0000;0,2601;0,4200;0,2000;1;0,0000;0,0000;0;1;0;4;0;0
101,1112;235,5769;11,2000;-0,1994;0,2083;0,0000;0,3343;-0,0208;0,0000;0,0000;0,2603;0,4200;0,2200;1;0,0000;0,0000;0;1;0;4;0;0
101,1250;235,5769;11,2000;-0,1871;0,2085;0,0000;0,3350;-0,0208;0,0000;0,0000;0,2606;0,4100;0,2200;1;0,0000;0,0000;0;1;0;4;0;0
101,1389;235,5769;11,2000;-0,1776;0,2087;0,0000;0,3350;-0,0208;0,0000;0,0000;0,2609;0,4100;0,2300;1;0,0000;0,0000;0;1;0;4;0;0
101,1528;235,5769;11,2000;-0,1697;0,2089;0,0000;0,3347;-0,0208;0,0000;0,0000;0,2612;0,4000;0,2300;1;0,0000;0,0000;0;1;0;4;0;0
101,1667;235,5769;11,2000;-0,1582;0,2092;0,0000;0,3343;-0,0208;0,0000;0,0000;0,2615;0,4000;0,2400;1;0,0000;0,0000;0;1;0;4;0;0
101,1806;235,6062;11,2000;-0,1491;0,2094;0,0000;0,3336;-0,0208;0,0000;0,0000;0,2617;0,3900;0,2400;1;0,0000;0,0000;0;1;0;4;0;0
101,1945;235,6494;11,5000;-0,1453;0,2096;0,0000;0,3326;-0,0208;0,0000;0,0000;0,2620;0,3900;0,2500;1;0,0000;0,0000;0;1;0;4;0;0
101,2084;235,6938;11,5000;-0,1434;0,2098;0,0000;0,3314;-0,0208;0,0000;0,0000;0,2623;0,3900;0,2400;1;0,0000;0,0000;0;1;0;4;0;0
101,2223;235,7382;11,5000;-0,1454;0,2101;0,0000;0,3301;-0,0208;0,0000;0,0000;0,2626;0,3800;0,2400;1;0,0000;0,0000;0;1;0;4;0;0
101,2362;235,7825;11,5000;-0,1473;0,2103;0,0000;0,3285;-0,0208;0,0000;0,0000;0,2628;0,3800;0,2300;1;0,0000;0,0000;0;1;0;4;0;0
101,2500;236,0330;11,5000;-0,1501;0,2105;0,0000;0,3268;-0,0208;0,0000;0,0000;0,2631;0,3800;0,2300;1;0,0000;0,0000;0;1;0;4;0;0
101,2639;236,0330;11,5000;-0,1526;0,2107;0,0000;0,3249;-0,0208;0,0000;0,0000;0,2634;0,3700;0,2200;1;0,0000;0,0000;0;1;0;4;0;0
101,2778;236,0330;11,5000;-0,1500;0,2109;0,0000;0,3230;-0,0208;0,0000;0,0000;0,2636;0,3700;0,2200;1;0,0000;0,0000;0;1;0;4;0;0
101,2917;236,0330;11,5000;-0,1402;0,2111;0,0000;0,3211;-0,0208;0,0000;0,0000;0,2639;0,3600;0,2200;1;0,0000;0,0000;0;1;0;4;0;0
101,3056;236,0330;11,5000;-0,1172;0,2113;0,0000;0,3191;-0,0208;0,0000;0,0000;0,2642;0,3600;0,2400;1;0,0000;0,0000;0;1;0;4;0;0
101,3195;236,0487;11,5000;-0,0838;0,2116;0,0000;0,3172;-0,0208;0,0000;0,0000;0,2645;0,3600;0,2800;1;0,0000;0,0000;0;1;0;4;0;0
101,3334;236,0931;11,5000;-0,0539;0,2118;0,0000;0,3153;-0,0208;0,0000;0,0000;0,2647;0,3600;0,3000;1;0,0000;0,0000;0;1;0;4;0;0
101,3473;236,1375;11,5000;-0,0203;0,2120;0,0000;0,3135;-0,0208;0,0000;0,0000;0,2650;0,3600;0,3400;1;0,0000;0,0000;0;1;0;4;0;0
101,3612;236,1818;11,5000;0,0116;0,2122;0,0000;0,3118;-0,0208;0,0000;0,0000;0,2653;0,3600;0,3700;1;0,0000;0,0000;0;1;0;4;0;0
101,3750;236,2262;11,5000;0,0509;0,2125;0,0000;0,3103;-0,0208;0,0000;0,0000;0,2656;0,3600;0,4100;1;0,0000;0,0000;0;1;0;4;0;0
101,3889;236,4890;11,5000;0,1015;0,2127;0,0000;0,3089;-0,0208;0,0000;0,0000;0,2659;0,3600;0,4600;1;0,0000;0,0000;0;1;0;4;0;0
101,4028;236,4890;11,5000;0,1582;0,2130;0,0000;0,3078;-0,0208;0,0000;0,0000;0,2662;0,3700;0,5300;1;0,0000;0,0000;0;1;0;4;0;0
101,4167;236,4890;11,5000;0,2101;0,2133;0,0000;0,3068;-0,0208;0,0000;0,0000;0,2666;0,3700;0,5800;1;0,0000;0,0000;0;1;0;4;0;0
101,4306;236,4890;11,5000;0,2590;0,2136;0,0000;0,3062;-0,0208;0,0000;0,0000;0,2669;0,3800;0,6400;1;0,0000;0,0000;0;1;0;4;0;0
101,4445;236,4890;11,3000;0,3082;0,2139;0,0000;0,3057;-0,0208;0,0000;0,0000;0,2673;0,3900;0,7000;1;0,0000;0,0000;0;1;0;4;0;0
101,4584;236,4916;11,3000;0,3475;0,2142;0,0000;0,3054;-0,0208;0,0000;0,0000;0,2677;0,4000;0,7500;1;0,0000;0,0000;0;1;0;4;0;0
101,4723;236,5352;11,3000;0,3918;0,2145;0,0000;0,3053;-0,0208;0,0000;0,0000;0,2682;0,4100;0,8000;1;0,0000;0,0000;0;1;0;4;0;0
101,4862;236,5788;11,3000;0,4317;0,2149;0,0000;0,3054;-0,0208;0,0000;0,0000;0,2686;0,4200;0,8500;1;0,0000;0,0000;0;1;0;4;0;0
101,5000;236,6224;11,3000;0,4815;0,2153;0,0000;0,3056;-0,0208;0,0000;0,0000;0,2691;0,4300;0,9200;1;0,0000;0,0000;0;1;0;4;0;0
101,5139;236,6660;11,3000;0,5185;0,2157;0,0000;0,3060;-0,0208;0,0000;0,0000;0,2696;0,4500;0,9700;1;0,0000;0,0000;0;1;0;4;0;0
101,5278;236,7096;11,3000;0,5467;0,2161;0,0000;0,3065;-0,0208;0,0000;0,0000;0,2701;0,4600;1,0100;1;0,0000;0,0000;0;1;0;4;0;0
101,5417;236,9441;11,3000;0,5896;0,2165;0,0000;0,3071;-0,0208;0,0000;0,0000;0,2706;0,4800;1,0700;1;0,0000;0,0000;0;1;0;4;0;0
101,5556;236,9441;11,3000;0,6140;0,2170;0,0000;0,3078;-0,0208;0,0000;0,0000;0,2712;0,5000;1,1100;1;0,0000;0,0000;0;1;0;4;0;0
101,5695;236,9441;11,3000;0,6339;0,2174;0,0000;0,3087;-0,0208;0,0000;0,0000;0,2718;0,5200;1,1500;1;0,0000;0,0000;0;1;0;4;0;0
101,5834;236,9441;11,3000;0,6423;0,2179;0,0000;0,3096;-0,0208;0,0000;0,0000;0,2724;0,5300;1,1800;1;0,0000;0,0000;0;1;0;4;0;0
101,5973;236,9441;11,3000;0,6527;0,2184;0,0000;0,3106;-0,0208;0,0000;0,0000;0,2730;0,5500;1,2100;1;0,0000;0,0000;0;1;0;4;0;0
101,6112;236,9711;11,3000;0,6592;0,2189;0,0000;0,3118;-0,0208;0,0000;0,0000;0,2736;0,5700;1,2300;1;0,0000;0,0000;0;1;0;4;0;0
101,6250;237,0147;11,3000;0,6622;0,2194;0,0000;0,3130;-0,0208;0,0000;0,0000;0,2742;0,5900;1,2500;1;0,0000;0,0000;0;1;0;4;0;0
101,6389;237,0583;11,3000;0,6611;0,2199;0,0000;0,3143;-0,0208;0,0000;0,0000;0,2749;0,6100;1,2700;1;0,0000;0,0000;0;1;0;4;0;0
101,6528;237,1019;11,3000;0,6589;0,2204;0,0000;0,3157;-0,0208;0,0000;0,0000;0,2756;0,6300;1,2900;1;0,0000;0,0000;0;1;0;4;0;0
101,6667;237,1455;11,3000;0,6513;0,2210;0,0000;0,3172;-0,0208;0,0000;0,0000;0,2762;0,6500;1,3000;1;0,0000;0,0000;0;1;0;4;0;0
101,6806;237,4005;11,3000;0,6343;0,2215;0,0000;0,3187;-0,0208;0,0000;0,0000;0,2769;0,6700;1,3000;1;0,0000;0,0000;0;1;0;4;0;0
101,6945;237,4005;11,3000;0,6250;0,2221;0,0000;0,3204;-0,0208;0,0000;0,0000;0,2776;0,6900;1,3100;1;0,0000;0,0000;0;1;0;4;0;0
101,7084;237,4005;11,3000;0,6207;0,2227;0,0000;0,3221;-0,0208;0,0000;0,0000;0,2784;0,7000;1,3200;1;0,0000;0,0000;0;1;0;4;0;0
101,7223;237,4005;11,3000;0,6181;0,2233;0,0000;0,3240;-0,0208;0,0000;0,0000;0,2791;0,7200;1,3400;1;0,0000;0,0000;0;1;0;4;0;0
101,7362;237,4005;11,3000;0,6183;0,2239;0,0000;0,3259;-0,0208;0,0000;0,0000;0,2798;0,7400;1,3600;1;0,0000;0,0000;0;1;0;4;0;0
101,7500;237,4071;11,3000;0,6189;0,2245;0,0000;0,3279;-0,0208;0,0000;0,0000;0,2806;0,7600;1,3800;1;0,0000;0,0000;0;1;0;4;0;0
101,7639;237,4507;11,3000;0,6123;0,2251;0,0000;0,3300;-0,0208;0,0000;0,0000;0,2813;0,7800;1,3900;1;0,0000;0,0000;0;1;0;4;0;0
101,7778;237,4942;11,3000;0,6003;0,2257;0,0000;0,3321;-0,0208;0,0000;0,0000;0,2821;0,8000;1,4000;1;0,0000;0,0000;0;1;0;4;0;0
101,7917;237,5378;11,3000;0,5852;0,2263;0,0000;0,3344;-0,0208;0,0000;0,0000;0,2829;0,8100;1,4000;1;0,0000;0,0000;0;1;0;8;0;0
101,8056;237,5814;11,3000;0,5697;0,2269;0,0000;0,3367;-0,0208;0,0000;0,0000;0,2836;0,8300;1,4000;1;0,0000;0,0000;0;1;0;8;0;0
101,8195;237,6250;11,3000;0,5554;0,2275;0,0000;0,3391;-0,0208;0,0000;0,0000;0,2844;0,8500;1,4000;1;0,0000;0,0000;0;1;0;8;0;0
101,8334;237,8559;11,3000;0,5471;0,2282;0,0000;0,3416;-0,0208;0,0000;0,0000;0,2852;0,8600;1,4100;1;0,0000;0,0000;0;1;0;8;0;0
101,8473;237,8559;11,3000;0,5378;0,2288;0,0000;0,3442;-0,0208;0,0000;0,0000;0,2860;0,8800;1,4200;1;0,0000;0,0000;0;1;0;8;0;0
101,8612;237,8559;11,3000;0,5296;0,2295;0,0000;0,3469;-0,0208;0,0000;0,0000;0,2868;0,9000;1,4300;1;0,0000;0,0000;0;1;0;8;0;0
101,8750;237,8559;11,3000;0,5193;0,2301;0,0000;0,3496;-0,0208;0,0000;0,0000;0,2877;0,9100;1,4300;1;0,0000;0,0000;0;1;0;8;0;0
101,8889;237,8559;11,3000;0,5120;0,2308;0,0000;0,3524;-0,0208;0,0000;0,0000;0,2885;0,9300;1,4400;1;0,0000;0,0000;0;1;0;8;0;0
101,9028;237,8865;11,3000;0,5042;0,2315;0,0000;0,3553;-0,0208;0,0000;0,0000;0,2894;0,9400;1,4500;1;0,0000;0,0000;0;1;0;8;0;0
101,9167;237,9301;11,3000;0,4995;0,2322;0,0000;0,3583;-0,0208;0,0000;0,0000;0,2903;0,9600;1,4600;1;0,0000;0,0000;0;1;0;8;0;0
101,9306;237,9737;11,3000;0,4936;0,2329;0,0000;0,3614;-0,0208;0,0000;0,0000;0,2912;0,9700;1,4700;1;0,0000;0,0000;0;1;0;8;0;0
101,9445;238,0173;11,3000;0,4817;0,2337;0,0000;0,3645;-0,0208;0,0000;0,0000;0,2921;0,9900;1,4700;1;0,0000;0,0000;0;1;0;8;0;0
101,9584;238,0609;11,3000;0,4730;0,2344;0,0000;0,3678;-0,0208;0,0000;0,0000;0,2930;1,0000;1,4700;1;0,0000;0,0000;0;1;0;8;0;0
101,9723;238,3115;11,3000;0,4636;0,2351;0,0000;0,3712;-0,0208;0,0000;0,0000;0,2939;1,0200;1,4800;1;0,0000;0,0000;0;1;0;8;0;0
101,9862;238,3115;11,3000;0,4541;0,2359;0,0000;0,3746;-0,0208;0,0000;0,0000;0,2949;1,0300;1,4800;1;0,0000;0,0000;0;1;0;8;0;0
102,0000;238,3115;11,3000;0,4483;0,2366;0,0000;0,3782;-0,0208;0,0000;0,0000;0,2958;1,0400;1,4900;1;0,0000;0,0000;0;1;0;8;0;0
102,0139;238,3115;11,3000;0,4415;0,2374;0,0000;0,3818;-0,0208;0,0000;0,0000;0,2967;1,0600;1,5000;1;0,0000;0,0000;0;1;0;8;0;0
102,0278;238,3115;11,3000;0,4391;0,2382;0,0000;0,3855;-0,0208;0,0000;0,0000;0,2977;1,0700;1,5100;1;0,0000;0,0000;0;1;0;8;0;0
102,0417;238,3224;11,3000;0,4372;0,2389;0,0000;0,3893;-0,0208;0,0000;0,0000;0,2987;1,0800;1,5200;1;0,0000;0,0000;0;1;0;8;0;0
102,0556;238,3660;11,3000;0,4334;0,2397;0,0000;0,3932;-0,0208;0,0000;0,0000;0,2996;1,1000;1,5300;1;0,0000;0,0000;0;1;0;8;0;0
102,0695;238,4096;11,3000;0,4257;0,2405;0,0000;0,3972;-0,0208;0,0000;0,0000;0,3006;1,1100;1,5300;1;0,0000;0,0000;0;1;0;8;0;0
102,0834;238,4532;11,3000;0,4154;0,2413;0,0000;0,4012;-0,0208;0,0000;0,0000;0,3016;1,1200;1,5400;1;0,0000;0,0000;0;1;0;8;0;0
102,0973;238,4967;11,3000;0,4024;0,2421;0,0000;0,4054;-0,0208;0,0000;0,0000;0,3026;1,1300;1,5400;1;0,0000;0,0000;0;1;0;8;0;0
102,1112;238,7679;11,3000;0,3831;0,2428;0,0000;0,4096;-0,0208;0,0000;0,0000;0,3036;1,1400;1,5300;1;0,0000;0,0000;0;1;0;8;0;0
102,1250;238,7679;11,3000;0,3574;0,2436;0,0000;0,4138;-0,0208;0,0000;0,0000;0,3045;1,1500;1,5100;1;0,0000;0,0000;0;1;0;8;0;0
102,1389;238,7679;11,3000;0,3286;0,2444;0,0000;0,4182;-0,0208;0,0000;0,0000;0,3055;1,1600;1,4900;1;0,0000;0,0000;0;1;0;8;0;0
102,1528;238,7679;11,3000;0,2965;0,2452;0,0000;0,4225;-0,0208;0,0000;0,0000;0,3065;1,1700;1,4700;1;0,0000;0,0000;0;1;0;8;0;0
102,1667;238,7679;11,3000;0,2583;0,2460;0,0000;0,4270;-0,0208;0,0000;0,0000;0,3075;1,1800;1,4400;1;0,0000;0,0000;0;1;0;8;0;0
102,1806;238,7679;11,3000;0,2268;0,2468;0,0000;0,4314;-0,0208;0,0000;0,0000;0,3085;1,1900;1,4200;1;0,0000;0,0000;0;1;0;8;0;0
102,1945;238,8018;11,3000;0,1829;0,2476;0,0000;0,4359;-0,0208;0,0000;0,0000;0,3095;1,2000;1,3800;1;0,0000;0,0000;0;1;0;8;0;0
102,2084;238,8454;11,3000;0,1350;0,2483;0,0000;0,4405;-0,0208;0,0000;0,0000;0,3104;1,2000;1,3300;1;0,0000;0,0000;0;1;0;8;0;0
102,2223;238,8890;11,3000;0,0758;0,2491;0,0000;0,4451;-0,0208;0,0000;0,0000;0,3114;1,2000;1,2800;1;0,0000;0,0000;0;1;0;8;0;0
102,2362;238,9326;11,3000;0,0180;0,2498;0,0000;0,4496;-0,0208;0,0000;0,0000;0,3123;1,2000;1,2200;1;0,0000;0,0000;0;1;0;8;0;0
102,2500;238,9762;11,3000;-0,0278;0,2506;0,0000;0,4542;-0,0208;0,0000;0,0000;0,3132;1,2000;1,1700;1;0,0000;0,0000;0;1;0;8;0;0
102,2639;239,2170;11,3000;-0,0801;0,2513;0,0000;0,4588;-0,0208;0,0000;0,0000;0,3141;1,2000;1,1200;1;0,0000;0,0000;0;1;0;8;0;0
102,2778;239,2170;11,3000;-0,1246;0,2520;0,0000;0,4633;-0,0208;0,0000;0,0000;0,3150;1,2000;1,0700;1;0,0000;0,0000;0;1;0;8;0;0
102,2917;239,2170;11,3000;-0,1602;0,2527;0,0000;0,4678;-0,0208;0,0000;0,0000;0,3159;1,1900;1,0300;1;0,0000;0,0000;0;1;0;8;0;0
102,3056;239,2170;11,3000;-0,1955;0,2534;0,0000;0,4723;-0,0208;0,0000;0,0000;0,3168;1,1900;0,9900;1;0,0000;0,0000;0;1;0;8;0;0
102,3195;239,2170;11,3000;-0,2316;0,2541;0,0000;0,4768;-0,0208;0,0000;0,0000;0,3176;1,1800;0,9500;1;0,0000;0,0000;0;1;0;8;0;0
102,3334;239,2377;11,3000;-0,2686;0,2548;0,0000;0,4811;-0,0208;0,0000;0,0000;0,3185;1,1700;0,9100;1;0,0000;0,0000;0;1;0;8;0;0
102,3473;239,2813;11,3000;-0,2953;0,2554;0,0000;0,4855;-0,0208;0,0000;0,0000;0,3193;1,1700;0,8700;1;0,0000;0,0000;0;1;0;8;0;0
102,3612;239,3249;11,3000;-0,3342;0,2561;0,0000;0,4898;-0,0208;0,0000;0,0000;0,3201;1,1600;0,8200;1;0,0000;0,0000;0;1;0;8;0;0
102,3750;239,3685;11,3000;-0,3659;0,2567;0,0000;0,4940;-0,0208;0,0000;0,0000;0,3209;1,1500;0,7800;1;0,0000;0,0000;0;1;0;8;0;0
102,3889;239,4121;11,3000;-0,3895;0,2573;0,0000;0,4981;-0,0208;0,0000;0,0000;0,3216;1,1400;0,7500;1;0,0000;0,0000;0;1;0;8;0;0
102,4028;239,6731;11,3000;-0,4204;0,2579;0,0000;0,5022;-0,0208;0,0000;0,0000;0,3224;1,1200;0,7000;1;0,0000;0,0000;0;1;0;8;0;0
102,4167;239,6731;11,3000;-0,4455;0,2585;0,0000;0,5062;-0,0208;0,0000;0,0000;0,3231;1,1100;0,6700;1;0,0000;0,0000;0;1;0;8;0;0
102,4306;239,6731;11,3000;-0,4656;0,2591;0,0000;0,5101;-0,0208;0,0000;0,0000;0,3239;1,1000;0,6300;1;0,0000;0,0000;0;1;0;8;0;0
102,4445;239,6731;11,5000;-0,4808;0,2597;0,0000;0,5139;-0,0208;0,0000;0,0000;0,3246;1,0800;0,6000;1;0,0000;0,0000;0;1;0;8;0;0
102,4584;239,6731;11,5000;-0,4884;0,2602;0,0000;0,5176;-0,0208;0,0000;0,0000;0,3253;1,0700;0,5800;1;0,0000;0,0000;0;1;0;8;0;0
102,4723;239,6752;11,5000;-0,4918;0,2608;0,0000;0,5213;-0,0208;0,0000;0,0000;0,3259;1,0600;0,5600;1;0,0000;0,0000;0;1;0;8;0;0
102,4862;239,7195;11,5000;-0,4904;0,2613;0,0000;0,5249;-0,0208;0,0000;0,0000;0,3266;1,0400;0,5500;1;0,0000;0,0000;0;1;0;8;0;0
102,5000;239,7639;11,5000;-0,4814;0,2619;0,0000;0,5284;-0,0208;0,0000;0,0000;0,3273;1,0300;0,5500;1;0,0000;0,0000;0;1;0;8;0;0
102,5139;239,8083;11,5000;-0,4714;0,2624;0,0000;0,5318;-0,0208;0,0000;0,0000;0,3280;1,0100;0,5400;1;0,0000;0,0000;0;1;0;8;0;0
102,5278;239,8526;11,5000;-0,4580;0,2629;0,0000;0,5351;-0,0208;0,0000;0,0000;0,3287;1,0000;0,5400;1;0,0000;0,0000;0;1;0;8;0;0
102,5417;239,8970;11,5000;-0,4369;0,2634;0,0000;0,5384;-0,0208;0,0000;0,0000;0,3293;0,9900;0,5500;1;0,0000;0,0000;0;1;0;8;0;0
102,5556;240,1343;11,5000;-0,4101;0,2640;0,0000;0,5416;-0,0208;0,0000;0,0000;0,3300;0,9800;0,5700;1;0,0000;0,0000;0;1;0;8;0;0
102,5695;240,1343;11,5000;-0,3693;0,2645;0,0000;0,5447;-0,0208;0,0000;0,0000;0,3306;0,9700;0,6000;1;0,0000;0,0000;0;1;0;8;0;0
102,5834;240,1343;11,5000;-0,3416;0,2650;0,0000;0,5478;-0,0208;0,0000;0,0000;0,3313;0,9600;0,6200;1;0,0000;0,0000;0;1;0;8;0;0
102,5973;240,1343;11,5000;-0,3187;0,2656;0,0000;0,5508;-0,0208;0,0000;0,0000;0,3320;0,9500;0,6300;1;0,0000;0,0000;0;1;0;8;0;0
102,6112;240,1343;11,5000;-0,2728;0,2661;0,0000;0,5538;-0,0208;0,0000;0,0000;0,3326;0,9400;0,6700;1;0,0000;0,0000;0;1;0;8;0;0
102,6250;240,1631;11,5000;-0,2389;0,2666;0,0000;0,5567;-0,0208;0,0000;0,0000;0,3333;0,9300;0,7000;1;0,0000;0,0000;0;1;0;8;0;0
102,6389;240,2075;11,5000;-0,2079;0,2672;0,0000;0,5596;-0,0208;0,0000;0,0000;0,3340;0,9300;0,7200;1;0,0000;0,0000;0;1;0;8;0;0
102,6528;240,2519;11,5000;-0,1808;0,2677;0,0000;0,5625;-0,0208;0,0000;0,0000;0,3347;0,9200;0,7400;1;0,0000;0,0000;0;1;0;8;0;0
102,6667;240,2962;11,5000;-0,1661;0,2683;0,0000;0,5653;-0,0208;0,0000;0,0000;0,3354;0,9200;0,7500;1;0,0000;0,0000;0;1;0;8;0;0
102,6806;240,3406;11,3000;-0,1419;0,2688;0,0000;0,5681;-0,0208;0,0000;0,0000;0,3360;0,9200;0,7700;1;0,0000;0,0000;0;1;0;8;0;0
102,6945;240,5846;11,3000;-0,1264;0,2694;0,0000;0,5709;-0,0208;0,0000;0,0000;0,3367;0,9100;0,7900;1;0,0000;0,0000;0;1;0;8;0;0
102,7084;240,5846;11,3000;-0,1146;0,2699;0,0000;0,5736;-0,0208;0,0000;0,0000;0,3374;0,9100;0,7900;1;0,0000;0,0000;0;1;0;8;0;0
102,7223;240,5846;11,3000;-0,1037;0,2704;0,0000;0,5763;-0,0208;0,0000;0,0000;0,3381;0,9100;0,8000;1;0,0000;0,0000;0;1;0;8;0;0
102,7362;240,5846;11,3000;-0,0928;0,2710;0,0000;0,5790;-0,0208;0,0000;0,0000;0,3387;0,9000;0,8100;1;0,0000;0,0000;0;1;0;8;0;0
102,7500;240,5846;11,3000;-0,0952;0,2715;0,0000;0,5817;-0,0208;0,0000;0,0000;0,3394;0,9000;0,8100;1;0,0000;0,0000;0;1;0;8;0;0
102,7639;240,6022;11,3000;-0,0998;0,2720;0,0000;0,5843;-0,0208;0,0000;0,0000;0,3401;0,9000;0,8000;1;0,0000;0,0000;0;1;0;8;0;0
102,7778;240,6457;11,3000;-0,1111;0,2726;0,0000;0,5869;-0,0208;0,0000;0,0000;0,3407;0,9000;0,7900;1;0,0000;0,0000;0;1;0;8;0;0
102,7917;240,6893;11,3000;-0,1217;0,2731;0,0000;0,5894;-0,0208;0,0000;0,0000;0,3414;0,8900;0,7700;1;0,0000;0,0000;0;1;0;8;0;0
102,8056;240,7329;11,3000;-0,1304;0,2736;0,0000;0,5919;-0,0208;0,0000;0,0000;0,3421;0,8900;0,7600;1;0,0000;0,0000;0;1;0;9;0;0
102,8195;240,7765;11,3000;-0,1479;0,2741;0,0000;0,5943;-0,0208;0,0000;0,0000;0,3427;0,8900;0,7400;1;0,0000;0,0000;0;1;0;9;0;0
102,8334;241,0432;11,3000;-0,1705;0,2746;0,0000;0,5968;-0,0208;0,0000;0,0000;0,3433;0,8800;0,7100;1;0,0000;0,0000;0;1;0;9;0;0
102,8473;241,0432;11,3000;-0,1965;0,2751;0,0000;0,5991;-0,0208;0,0000;0,0000;0,3439;0,8800;0,6800;1;0,0000;0,0000;0;1;0;9;0;0
102,8612;241,0432;11,3000;-0,2314;0,2756;0,0000;0,6014;-0,0208;0,0000;0,0000;0,3446;0,8700;0,6400;1;0,0000;0,0000;0;1;0;9;0;0
102,8750;241,0432;11,3000;-0,2637;0,2761;0,0000;0,6037;-0,0208;0,0000;0,0000;0,3452;0,8600;0,6000;1;0,0000;0,0000;0;1;0;9;0;0
102,8889;241,0432;11,3000;-0,3038;0,2766;0,0000;0,6059;-0,0208;0,0000;0,0000;0,3458;0,8500;0,5500;1;0,0000;0,0000;0;1;0;9;0;0
102,9028;241,0432;11,3000;-0,3484;0,2771;0,0000;0,6081;-0,0208;0,0000;0,0000;0,3463;0,8400;0,5000;1;0,0000;0,0000;0;1;0;9;0;0
102,9167;241,0816;11,3000;-0,3815;0,2775;0,0000;0,6103;-0,0208;0,0000;0,0000;0,3469;0,8300;0,4500;1;0,0000;0,0000;0;1;0;9;0;0
102,9306;241,1252;11,3000;-0,4323;0,2779;0,0000;0,6124;-0,0208;0,0000;0,0000;0,3474;0,8200;0,3900;1;0,0000;0,0000;0;1;0;9;0;0
102,9445;241,1688;11,3000;-0,4970;0,2783;0,0000;0,6144;-0,0208;0,0000;0,0000;0,3479;0,8100;0,3100;1;0,0000;0,0000;0;1;0;9;0;0
102,9584;241,2124;11,3000;-0,5435;0,2787;0,0000;0,6164;-0,0208;0,0000;0,0000;0,3484;0,7900;0,2500;1;0,0000;0,0000;0;1;0;9;0;0
102,9723;241,2560;11,3000;-0,5933;0,2791;0,0000;0,6183;-0,0208;0,0000;0,0000;0,3488;0,7800;0,1800;1;0,0000;0,0000;0;1;0;9;0;0
102,9862;241,4976;11,3000;-0,6457;0,2794;0,0000;0,6202;-0,0208;0,0000;0,0000;0,3492;0,7600;0,1100;1;0,0000;0,0000;0;1;0;9;0;0
103,0000;241,4976;11,3000;-0,6949;0,2797;0,0000;0,6220;-0,0208;0,0000;0,0000;0,3496;0,7400;0,0400;1;0,0000;0,0000;0;1;0;9;0;0
103,0139;241,4976;11,3000;-0,7392;0,2800;0,0000;0,6237;-0,0208;0,0000;0,0000;0,3500;0,7200;-0,0200;1;0,0000;0,0000;0;1;0;9;0;0
103,0278;241,4976;11,3000;-0,7896;0,2803;0,0000;0,6254;-0,0208;0,0000;0,0000;0,3503;0,7000;-0,0900;1;0,0000;0,0000;0;1;0;9;0;0
103,0417;241,4976;11,3000;-0,8340;0,2805;0,0000;0,6269;-0,0208;0,0000;0,0000;0,3506;0,6700;-0,1600;1;0,0000;0,0000;0;1;0;9;0;0
103,0556;241,5176;11,3000;-0,8723;0,2807;0,0000;0,6284;-0,0208;0,0000;0,0000;0,3509;0,6500;-0,2200;1;0,0000;0,0000;0;1;0;9;0;0
103,0695;241,5612;11,3000;-0,9041;0,2809;0,0000;0,6299;-0,0208;0,0000;0,0000;0,3511;0,6200;-0,2800;1;0,0000;0,0000;0;1;0;9;0;0
103,0834;241,6048;11,3000;-0,9252;0,2811;0,0000;0,6312;-0,0208;0,0000;0,0000;0,3514;0,6000;-0,3300;1;0,0000;0,0000;0;1;0;9;0;0
103,0973;241,6484;11,3000;-0,9465;0,2812;0,0000;0,6324;-0,0208;0,0000;0,0000;0,3515;0,5700;-0,3800;1;0,0000;0,0000;0;1;0;9;0;0
103,1112;241,6920;11,3000;-0,9733;0,2814;0,0000;0,6336;-0,0208;0,0000;0,0000;0,3517;0,5400;-0,4300;1;0,0000;0,0000;0;1;0;9;0;0
103,1250;241,9537;11,3000;-0,9939;0,2815;0,0000;0,6347;-0,0208;0,0000;0,0000;0,3518;0,5100;-0,4800;1;0,0000;0,0000;0;1;0;9;0;0
103,1389;241,9537;11,3000;-1,0028;0,2816;0,0000;0,6357;-0,0208;0,0000;0,0000;0,3520;0,4800;-0,5200;1;0,0000;0,0000;0;1;0;9;0;0
103,1528;241,9537;11,3000;-1,0122;0,2816;0,0000;0,6366;-0,0208;0,0000;0,0000;0,3520;0,4500;-0,5600;1;0,0000;0,0000;0;1;0;9;0;0
103,1667;241,9537;11,3000;-1,0129;0,2817;0,0000;0,6374;-0,0208;0,0000;0,0000;0,3521;0,4300;-0,5900;1;0,0000;0,0000;0;1;0;9;0;0
103,1806;241,9537;11,2000;-1,0056;0,2817;0,0000;0,6381;-0,0208;0,0000;0,0000;0,3522;0,4000;-0,6100;1;0,0000;0,0000;0;1;0;9;0;0
103,1945;241,9537;11,2000;-1,0025;0,2818;0,0000;0,6388;-0,0208;0,0000;0,0000;0,3522;0,3700;-0,6300;1;0,0000;0,0000;0;1;0;9;0;0
103,2084;241,9964;11,2000;-0,9961;0,2818;0,0000;0,6394;-0,0208;0,0000;0,0000;0,3522;0,3400;-0,6500;1;0,0000;0,0000;0;1;0;9;0;0
103,2223;242,0396;11,2000;-0,9922;0,2817;0,0000;0,6399;-0,0208;0,0000;0,0000;0,3522;0,3100;-0,6800;1;0,0000;0,0000;0;1;0;9;0;0
103,2362;242,0828;11,2000;-0,9795;0,2817;0,0000;0,6403;-0,0208;0,0000;0,0000;0,3522;0,2900;-0,6900;1;0,0000;0,0000;0;1;0;9;0;0
103,2500;242,1260;11,2000;-0,9624;0,2817;0,0000;0,6407;-0,0208;0,0000;0,0000;0,3521;0,2600;-0,7000;1;0,0000;0,0000;0;1;0;9;0;0
103,2639;242,1692;11,2000;-0,9435;0,2816;0,0000;0,6410;-0,0208;0,0000;0,0000;0,3520;0,2300;-0,7100;1;0,0000;0,0000;0;1;0;9;0;0
103,2778;242,4104;11,2000;-0,9261;0,2816;0,0000;0,6412;-0,0208;0,0000;0,0000;0,3520;0,2100;-0,7200;1;0,0000;0,0000;0;1;0;9;0;0
103,2917;242,4104;11,2000;-0,8972;0,2815;0,0000;0,6413;-0,0208;0,0000;0,0000;0,3519;0,1800;-0,7200;1;0,0000;0,0000;0;1;0;9;0;0
103,3056;242,4104;11,2000;-0,8654;0,2814;0,0000;0,6414;-0,0208;0,0000;0,0000;0,3517;0,1500;-0,7100;1;0,0000;0,0000;0;1;0;9;0;0
103,3195;242,4104;11,2000;-0,8226;0,2813;0,0000;0,6415;-0,0208;0,0000;0,0000;0,3516;0,1300;-0,6900;1;0,0000;0,0000;0;1;0;9;0;0
103,3334;242,4104;11,2000;-0,7917;0,2812;0,0000;0,6415;-0,0208;0,0000;0,0000;0,3515;0,1100;-0,6800;1;0,0000;0,0000;0;1;0;9;0;0
103,3473;242,4285;11,2000;-0,7463;0,2811;0,0000;0,6414;-0,0208;0,0000;0,0000;0,3514;0,0900;-0,6600;1;0,0000;0,0000;0;1;0;9;0;0
103,3612;242,4717;11,2000;-0,7179;0,2810;0,0000;0,6413;-0,0208;0,0000;0,0000;0,3513;0,0700;-0,6500;1;0,0000;0,0000;0;1;0;9;0;0
103,3750;242,5149;11,2000;-0,6842;0,2809;0,0000;0,6411;-0,0208;0,0000;0,0000;0,3511;0,0500;-0,6300;1;0,0000;0,0000;0;1;0;9;0;0
103,3889;242,5581;11,2000;-0,6619;0,2808;0,0000;0,6409;-0,0208;0,0000;0,0000;0,3510;0,0300;-0,6300;1;0,0000;0,0000;0;1;0;9;0;0
103,4028;242,6013;11,2000;-0,6253;0,2807;0,0000;0,6407;-0,0208;0,0000;0,0000;0,3509;0,0000;-0,6100;1;0,0000;0,0000;0;1;0;9;0;0
103,4167;242,8652;11,2000;-0,5884;0,2806;0,0000;0,6404;-0,0208;0,0000;0,0000;0,3507;0,0000;-0,5900;1;0,0000;0,0000;0;1;0;9;0;0
103,4306;242,8652;11,2000;-0,5420;0,2805;0,0000;0,6401;-0,0208;0,0000;0,0000;0,3506;-0,0200;-0,5600;1;0,0000;0,0000;0;1;0;9;0;0
103,4445;242,8652;11,2000;-0,5183;0,2803;0,0000;0,6398;-0,0208;0,0000;0,0000;0,3504;-0,0300;-0,5500;1;0,0000;0,0000;0;1;0;9;0;0
103,4584;242,8652;11,2000;-0,4970;0,2802;0,0000;0,6394;-0,0208;0,0000;0,0000;0,3503;-0,0400;-0,5400;1;0,0000;0,0000;0;1;0;9;0;0
103,4723;242,8652;11,2000;-0,4776;0,2801;0,0000;0,6391;-0,0208;0,0000;0,0000;0,3501;-0,0600;-0,5400;1;0,0000;0,0000;0;1;0;9;0;0
103,4862;242,8652;11,2000;-0,4686;0,2800;0,0000;0,6387;-0,0208;0,0000;0,0000;0,3499;-0,0700;-0,5400;1;0,0000;0,0000;0;1;0;9;0;0
103,5000;242,9038;11,2000;-0,4593;0,2798;0,0000;0,6383;-0,0208;0,0000;0,0000;0,3498;-0,0800;-0,5400;1;0,0000;0,0000;0;1;0;9;0;0
103,5139;242,9470;11,2000;-0,4481;0,2797;0,0000;0,6379;-0,0208;0,0000;0,0000;0,3496;-0,1000;-0,5500;1;0,0000;0,0000;0;1;0;9;0;0
103,5278;242,9902;11,2000;-0,4340;0,2795;0,0000;0,6374;-0,0208;0,0000;0,0000;0,3494;-0,1100;-0,5400;1;0,0000;0,0000;0;1;0;9;0;0
103,5417;243,0334;11,2000;-0,4178;0,2794;0,0000;0,6370;-0,0208;0,0000;0,0000;0,3492;-0,1200;-0,5400;1;0,0000;0,0000;0;1;0;9;0;0
103,5556;243,0766;11,2000;-0,4057;0,2792;0,0000;0,6365;-0,0208;0,0000;0,0000;0,3490;-0,1300;-0,5400;1;0,0000;0,0000;0;1;0;9;0;0
103,5695;243,3225;11,2000;-0,3996;0,2791;0,0000;0,6360;-0,0208;0,0000;0,0000;0,3488;-0,1400;-0,5400;1;0,0000;0,0000;0;1;0;9;0;0
103,5834;243,3225;11,2000;-0,3928;0,2789;0,0000;0,6355;-0,0208;0,0000;0,0000;0,3486;-0,1500;-0,5500;1;0,0000;0,0000;0;1;0;9;0;0
103,5973;243,3225;11,2000;-0,3787;0,2787;0,0000;0,6350;-0,0208;0,0000;0,0000;0,3484;-0,1600;-0,5400;1;0,0000;0,0000;0;1;0;9;0;0
103,6112;243,3225;11,2000;-0,3703;0,2786;0,0000;0,6344;-0,0208;0,0000;0,0000;0,3482;-0,1700;-0,5400;1;0,0000;0,0000;0;1;0;9;0;0
103,6250;243,3225;11,2000;-0,3550;0,2784;0,0000;0,6339;-0,0208;0,0000;0,0000;0,3480;-0,1800;-0,5400;1;0,0000;0,0000;0;1;0;9;0;0
103,6389;243,3359;11,2000;-0,3449;0,2782;0,0000;0,6333;-0,0208;0,0000;0,0000;0,3478;-0,1900;-0,5400;1;0,0000;0,0000;0;1;0;9;0;0
103,6528;243,3791;11,2000;-0,3272;0,2780;0,0000;0,6327;-0,0208;0,0000;0,0000;0,3476;-0,2000;-0,5300;1;0,0000;0,0000;0;1;0;9;0;0
103,6667;243,4223;11,2000;-0,3206;0,2779;0,0000;0,6321;-0,0208;0,0000;0,0000;0,3473;-0,2100;-0,5300;1;0,0000;0,0000;0;1;0;9;0;0
103,6806;243,4655;11,2000;-0,3064;0,2777;0,0000;0,6315;-0,0208;0,0000;0,0000;0,3471;-0,2200;-0,5300;1;0,0000;0,0000;0;1;0;9;0;0
103,6945;243,5087;11,2000;-0,3026;0,2775;0,0000;0,6309;-0,0208;0,0000;0,0000;0,3469;-0,2300;-0,5300;1;0,0000;0,0000;0;1;0;9;0;0
103,7084;243,7771;11,2000;-0,2927;0,2773;0,0000;0,6302;-0,0208;0,0000;0,0000;0,3466;-0,2300;-0,5300;1;0,0000;0,0000;0;1;0;9;0;0
103,7223;243,7771;11,2000;-0,2907;0,2771;0,0000;0,6296;-0,0208;0,0000;0,0000;0,3464;-0,2400;-0,5300;1;0,0000;0,0000;0;1;0;9;0;0
103,7362;243,7771;11,2000;-0,2825;0,2769;0,0000;0,6289;-0,0208;0,0000;0,0000;0,3461;-0,2500;-0,5300;1;0,0000;0,0000;0;1;0;9;0;0
103,7500;243,7771;11,2000;-0,2804;0,2767;0,0000;0,6282;-0,0208;0,0000;0,0000;0,3459;-0,2600;-0,5400;1;0,0000;0,0000;0;1;0;9;0;0
103,7639;243,7771;11,2000;-0,2739;0,2765;0,0000;0,6275;-0,0208;0,0000;0,0000;0,3456;-0,2700;-0,5400;1;0,0000;0,0000;0;1;0;9;0;0
103,7778;243,7771;11,2000;-0,2758;0,2763;0,0000;0,6268;-0,0208;0,0000;0,0000;0,3454;-0,2700;-0,5500;1;0,0000;0,0000;0;1;0;9;0;0
103,7917;243,8112;11,2000;-0,2819;0,2761;0,0000;0,6261;-0,0208;0,0000;0,0000;0,3451;-0,2800;-0,5600;1;0,0000;0,0000;0;1;0;9;0;0
103,8056;243,8544;11,2000;-0,2928;0,2758;0,0000;0,6253;-0,0208;0,0000;0,0000;0,3448;-0,2900;-0,5800;1;0,0000;0,0000;0;1;0;3;0;0
103,8195;243,8976;11,2000;-0,2950;0,2756;0,0000;0,6246;-0,0208;0,0000;0,0000;0,3445;-0,3000;-0,5900;1;0,0000;0,0000;0;1;0;3;0;0
103,8334;243,9408;11,2000;-0,3268;0,2754;0,0000;0,6238;-0,0208;0,0000;0,0000;0,3442;-0,3100;-0,6300;1;0,0000;0,0000;0;1;0;3;0;0
103,8473;243,9840;11,2000;-0,3517;0,2751;0,0000;0,6230;-0,0208;0,0000;0,0000;0,3439;-0,3200;-0,6700;1;0,0000;0,0000;0;1;0;3;0;0
103,8612;244,2342;11,2000;-0,3745;0,2748;0,0000;0,6221;-0,0208;0,0000;0,0000;0,3435;-0,3300;-0,7000;1;0,0000;0,0000;0;1;0;3;0;0
103,8750;244,2342;11,2000;-0,4023;0,2745;0,0000;0,6213;-0,0208;0,0000;0,0000;0,3432;-0,3400;-0,7400;1;0,0000;0,0000;0;1;0;3;0;0
103,8889;244,2342;11,2000;-0,4267;0,2742;0,0000;0,6204;-0,0208;0,0000;0,0000;0,3428;-0,3500;-0,7800;1;0,0000;0,0000;0;1;0;3;0;0
103,9028;244,2342;11,2000;-0,4316;0,2739;0,0000;0,6194;-0,0208;0,0000;0,0000;0,3424;-0,3600;-0,8000;1;0,0000;0,0000;0;1;0;3;0;0
103,9167;244,2342;11,2000;-0,4457;0,2736;0,0000;0,6185;-0,0208;0,0000;0,0000;0,3420;-0,3800;-0,8200;1;0,0000;0,0000;0;1;0;3;0;0
103,9306;244,2433;11,2000;-0,4496;0,2733;0,0000;0,6175;-0,0208;0,0000;0,0000;0,3416;-0,3900;-0,8400;1;0,0000;0,0000;0;1;0;3;0;0
103,9445;244,2865;11,1000;-0,4560;0,2730;0,0000;0,6164;-0,0208;0,0000;0,0000;0,3412;-0,4000;-0,8600;1;0,0000;0,0000;0;1;0;3;0;0
103,9584;244,3293;11,1000;-0,4538;0,2726;0,0000;0,6153;-0,0208;0,0000;0,0000;0,3408;-0,4200;-0,8700;1;0,0000;0,0000;0;1;0;3;0;0
103,9723;244,3721;11,1000;-0,4472;0,2723;0,0000;0,6142;-0,0208;0,0000;0,0000;0,3403;-0,4300;-0,8800;1;0,0000;0,0000;0;1;0;3;0;0
103,9862;244,4149;11,1000;-0,4327;0,2719;0,0000;0,6130;-0,0208;0,0000;0,0000;0,3399;-0,4400;-0,8800;1;0,0000;0,0000;0;1;0;3;0;0
104,0000;244,4578;11,1000;-0,4079;0,2716;0,0000;0,6118;-0,0208;0,0000;0,0000;0,3395;-0,4600;-0,8600;1;0,0000;0,0000;0;1;0;3;0;0
104,0139;244,6891;11,1000;-0,3840;0,2712;0,0000;0,6105;-0,0208;0,0000;0,0000;0,3390;-0,4700;-0,8500;1;0,0000;0,0000;0;1;0;3;0;0
104,0278;244,6891;11,1000;-0,3792;0,2708;0,0000;0,6092;-0,0208;0,0000;0,0000;0,3386;-0,4800;-0,8600;1;0,0000;0,0000;0;1;0;3;0;0
104,0417;244,6891;11,1000;-0,3187;0,2705;0,0000;0,6079;-0,0208;0,0000;0,0000;0,3381;-0,4900;-0,8100;1;0,0000;0,0000;0;1;0;3;0;0
104,0556;244,6891;11,1000;-0,2814;0,2702;0,0000;0,6065;-0,0208;0,0000;0,0000;0,3377;-0,5000;-0,7800;1;0,0000;0,0000;0;1;0;3;0;0
104,0695;244,6891;11,1000;-0,2390;0,2698;0,0000;0,6051;-0,0208;0,0000;0,0000;0,3373;-0,5100;-0,7400;1;0,0000;0,0000;0;1;0;3;0;0
104,0834;244,7147;11,1000;-0,2013;0,2695;0,0000;0,6037;-0,0208;0,0000;0,0000;0,3368;-0,5100;-0,7100;1;0,0000;0,0000;0;1;0;3;0;0
104,0973;244,7575;11,1000;-0,1612;0,2691;0,0000;0,6022;-0,0208;0,0000;0,0000;0,3364;-0,5200;-0,6800;1;0,0000;0,0000;0;1;0;3;0;0
104,1112;244,8004;11,1000;-0,1009;0,2688;0,0000;0,6007;-0,0208;0,0000;0,0000;0,3360;-0,5200;-0,6200;1;0,0000;0,0000;0;1;0;3;0;0
104,1250;244,8432;11,1000;-0,0608;0,2685;0,0000;0,5992;-0,0208;0,0000;0,0000;0,3356;-0,5200;-0,5800;1;0,0000;0,0000;0;1;0;3;0;0
104,1389;244,8860;11,1000;-0,0528;0,2682;0,0000;0,5977;-0,0208;0,0000;0,0000;0,3353;-0,5200;-0,5700;1;0,0000;0,0000;0;1;0;3;0;0
104,1528;245,1457;11,1000;0,0545;0,2679;0,0000;0,5962;-0,0208;0,0000;0,0000;0,3349;-0,5200;-0,4600;1;0,0000;0,0000;0;1;0;3;0;0
104,1667;245,1457;11,1000;0,1338;0,2676;0,0000;0,5947;-0,0208;0,0000;0,0000;0,3346;-0,5100;-0,3800;1;0,0000;0,0000;0;1;0;3;0;0
104,1806;245,1457;11,1000;0,2009;0,2674;0,0000;0,5932;-0,0208;0,0000;0,0000;0,3342;-0,5100;-0,3100;1;0,0000;0,0000;0;1;0;3;0;0
104,1945;245,1457;11,1000;0,2613;0,2672;0,0000;0,5918;-0,0208;0,0000;0,0000;0,3340;-0,5000;-0,2400;1;0,0000;0,0000;0;1;0;3;0;0
104,2084;245,1457;11,1000;0,3192;0,2670;0,0000;0,5903;-0,0208;0,0000;0,0000;0,3337;-0,4900;-0,1700;1;0,0000;0,0000;0;1;0;3;0;0
104,2223;245,1457;11,1000;0,3308;0,2667;0,0000;0,5889;-0,0208;0,0000;0,0000;0,3334;-0,4800;-0,1500;1;0,0000;0,0000;0;1;0;3;0;0
104,2362;245,1858;11,1000;0,3926;0,2665;0,0000;0,5876;-0,0208;0,0000;0,0000;0,3332;-0,4700;-0,0800;1;0,0000;0,0000;0;1;0;3;0;0
104,2500;245,2286;11,1000;0,4648;0,2664;0,0000;0,5863;-0,0208;0,0000;0,0000;0,3330;-0,4600;0,0000;1;0,0000;0,0000;0;1;0;3;0;0
104,2639;245,2714;11,1000;0,5200;0,2662;0,0000;0,5850;-0,0208;0,0000;0,0000;0,3328;-0,4400;0,0800;1;0,0000;0,0000;0;1;0;3;0;0
104,2778;245,3142;11,1000;0,5741;0,2661;0,0000;0,5838;-0,0208;0,0000;0,0000;0,3326;-0,4200;0,1500;1;0,0000;0,0000;0;1;0;3;0;0
104,2917;245,3571;11,1000;0,6235;0,2660;0,0000;0,5827;-0,0208;0,0000;0,0000;0,3324;-0,4000;0,2200;1;0,0000;0,0000;0;1;0;3;0;0
104,3056;245,6011;11,1000;0,6863;0,2659;0,0000;0,5816;-0,0208;0,0000;0,0000;0,3323;-0,3800;0,3000;1;0,0000;0,0000;0;1;0;3;0;0
104,3195;245,6011;11,1000;0,7382;0,2658;0,0000;0,5805;-0,0208;0,0000;0,0000;0,3322;-0,3600;0,3800;1;0,0000;0,0000;0;1;0;3;0;0
104,3334;245,6011;11,1000;0,7788;0,2658;0,0000;0,5796;-0,0208;0,0000;0,0000;0,3322;-0,3400;0,4400;1;0,0000;0,0000;0;1;0;3;0;0
104,3473;245,6011;11,1000;0,7869;0,2657;0,0000;0,5788;-0,0208;0,0000;0,0000;0,3322;-0,3200;0,4700;1;0,0000;0,0000;0;1;0;3;0;0
104,3612;245,6011;11,1000;0,8407;0,2657;0,0000;0,5780;-0,0208;0,0000;0,0000;0,3322;-0,2900;0,5500;1;0,0000;0,0000;0;1;0;3;0;0
104,3750;245,6140;11,1000;0,8689;0,2658;0,0000;0,5773;-0,0208;0,0000;0,0000;0,3322;-0,2700;0,6000;1;0,0000;0,0000;0;1;0;3;0;0
104,3889;245,6568;11,1000;0,8935;0,2658;0,0000;0,5767;-0,0208;0,0000;0,0000;0,3323;-0,2400;0,6500;1;0,0000;0,0000;0;1;0;3;0;0
104,4028;245,6997;11,1000;0,9188;0,2659;0,0000;0,5763;-0,0208;0,0000;0,0000;0,3324;-0,2100;0,7000;1;0,0000;0,0000;0;1;0;3;0;0
104,4167;245,7425;11,1000;0,9343;0,2660;0,0000;0,5759;-0,0208;0,0000;0,0000;0,3326;-0,1900;0,7500;1;0,0000;0,0000;0;1;0;3;0;0
104,4306;245,7853;11,1000;0,9573;0,2662;0,0000;0,5757;-0,0208;0,0000;0,0000;0,3327;-0,1600;0,8000;1;0,0000;0,0000;0;1;0;3;0;0
104,4445;245,8281;11,1000;0,9658;0,2663;0,0000;0,5756;-0,0208;0,0000;0,0000;0,3329;-0,1300;0,8300;1;0,0000;0,0000;0;1;0;3;0;0
104,4584;246,0572;11,2000;0,9675;0,2665;0,0000;0,5756;-0,0208;0,0000;0,0000;0,3331;-0,1000;0,8600;1;0,0000;0,0000;0;1;0;3;0;0
104,4723;246,0572;11,2000;0,9796;0,2667;0,0000;0,5757;-0,0208;0,0000;0,0000;0,3333;-0,0700;0,9100;1;0,0000;0,0000;0;1;0;3;0;0
104,4862;246,0572;11,2000;0,9787;0,2669;0,0000;0,5759;-0,0208;0,0000;0,0000;0,3336;-0,0400;0,9300;1;0,0000;0,0000;0;1;0;3;0;0
104,5000;246,0572;11,2000;0,9810;0,2671;0,0000;0,5762;-0,0208;0,0000;0,0000;0,3339;0,0000;0,9600;1;0,0000;0,0000;0;1;0;3;0;0
104,5139;246,0572;11,2000;0,9743;0,2673;0,0000;0,5766;-0,0208;0,0000;0,0000;0,3342;0,0000;0,9900;1;0,0000;0,0000;0;1;0;3;0;0
104,5278;246,0870;11,2000;0,9664;0,2676;0,0000;0,5772;-0,0208;0,0000;0,0000;0,3345;0,0400;1,0100;1;0,0000;0,0000;0;1;0;3;0;0
104,5417;246,1302;11,2000;0,9648;0,2679;0,0000;0,5778;-0,0208;0,0000;0,0000;0,3348;0,0700;1,0300;1;0,0000;0,0000;0;1;0;3;0;0
104,5556;246,1734;11,2000;0,9574;0,2682;0,0000;0,5785;-0,0208;0,0000;0,0000;0,3352;0,1000;1,0500;1;0,0000;0,0000;0;1;0;3;0;0
104,5695;246,2166;11,2000;0,9393;0,2685;0,0000;0,5793;-0,0208;0,0000;0,0000;0,3356;0,1200;1,0600;1;0,0000;0,0000;0;1;0;3;0;0
104,5834;246,2598;11,2000;0,8896;0,2688;0,0000;0,5802;-0,0208;0,0000;0,0000;0,3359;0,1500;1,0400;1;0,0000;0,0000;0;1;0;3;0;0
104,5973;246,5131;11,2000;0,8516;0,2691;0,0000;0,5812;-0,0208;0,0000;0,0000;0,3363;0,1800;1,0300;1;0,0000;0,0000;0;1;0;3;0;0
104,6112;246,5131;11,2000;0,8288;0,2694;0,0000;0,5823;-0,0208;0,0000;0,0000;0,3367;0,2000;1,0300;1;0,0000;0,0000;0;1;0;3;0;0
104,6250;246,5131;11,2000;0,7886;0,2697;0,0000;0,5834;-0,0208;0,0000;0,0000;0,3371;0,2200;1,0100;1;0,0000;0,0000;0;1;0;3;0;0
104,6389;246,5131;11,2000;0,7581;0,2700;0,0000;0,5846;-0,0208;0,0000;0,0000;0,3376;0,2500;1,0000;1;0,0000;0,0000;0;1;0;3;0;0
104,6528;246,5131;11,2000;0,7079;0,2704;0,0000;0,5858;-0,0208;0,0000;0,0000;0,3379;0,2700;0,9700;1;0,0000;0,0000;0;1;0;3;0;0
104,6667;246,5191;11,2000;0,6976;0,2707;0,0000;0,5871;-0,0208;0,0000;0,0000;0,3384;0,2900;0,9800;1;0,0000;0,0000;0;1;0;3;0;0
104,6806;246,5623;11,2000;0,6652;0,2710;0,0000;0,5884;-0,0208;0,0000;0,0000;0,3388;0,3100;0,9700;1;0,0000;0,0000;0;1;0;3;0;0
104,6945;246,6055;11,2000;0,6249;0,2714;0,0000;0,5897;-0,0208;0,0000;0,0000;0,3392;0,3300;0,9500;1;0,0000;0,0000;0;1;0;3;0;0
104,7084;246,6487;11,2000;0,5488;0,2717;0,0000;0,5911;-0,0208;0,0000;0,0000;0,3397;0,3400;0,8900;1;0,0000;0,0000;0;1;0;3;0;0
104,7223;246,6919;11,2000;0,4809;0,2721;0,0000;0,5925;-0,0208;0,0000;0,0000;0,3401;0,3600;0,8400;1;0,0000;0,0000;0;1;0;3;0;0
104,7362;246,7351;11,2000;0,4423;0,2724;0,0000;0,5940;-0,0208;0,0000;0,0000;0,3405;0,3700;0,8100;1;0,0000;0,0000;0;1;0;3;0;0
104,7500;246,9689;11,2000;0,4034;0,2727;0,0000;0,5954;-0,0208;0,0000;0,0000;0,3409;0,3800;0,7900;1;0,0000;0,0000;0;1;0;3;0;0
104,7639;246,9689;11,2000;0,3490;0,2731;0,0000;0,5968;-0,0208;0,0000;0,0000;0,3413;0,3900;0,7400;1;0,0000;0,0000;0;1;0;3;0;0
104,7778;246,9689;11,2000;0,3381;0,2734;0,0000;0,5983;-0,0208;0,0000;0,0000;0,3418;0,4000;0,7400;1;0,0000;0,0000;0;1;0;3;0;0
104,7917;246,9689;11,2000;0,3062;0,2737;0,0000;0,5997;-0,0208;0,0000;0,0000;0,3422;0,4100;0,7200;1;0,0000;0,0000;0;1;0;3;0;0
104,8056;246,9689;11,2000;0,2265;0,2741;0,0000;0,6012;-0,0208;0,0000;0,0000;0,3426;0,4200;0,6500;1;0,0000;0,0000;0;1;0;3;0;0
104,8195;246,9944;11,2000;0,1949;0,2744;0,0000;0,6026;-0,0208;0,0000;0,0000;0,3430;0,4300;0,6200;1;0,0000;0,0000;0;1;0;2;0;0
104,8334;247,0376;11,2000;0,1587;0,2747;0,0000;0,6040;-0,0208;0,0000;0,0000;0,3433;0,4300;0,5900;1;0,0000;0,0000;0;1;0;2;0;0
104,8473;247,0808;11,2000;0,1170;0,2750;0,0000;0,6054;-0,0208;0,0000;0,0000;0,3437;0,4300;0,5500;1;0,0000;0,0000;0;1;0;2;0;0
104,8612;247,1240;11,2000;0,1087;0,2752;0,0000;0,6068;-0,0208;0,0000;0,0000;0,3441;0,4400;0,5500;1;0,0000;0,0000;0;1;0;2;0;0
104,8750;247,1672;11,2000;0,0957;0,2755;0,0000;0,6081;-0,0208;0,0000;0,0000;0,3444;0,4400;0,5400;1;0,0000;0,0000;0;1;0;2;0;0
104,8889;247,4250;11,2000;0,0629;0,2758;0,0000;0,6094;-0,0208;0,0000;0,0000;0,3448;0,4400;0,5100;1;0,0000;0,0000;0;1;0;2;0;0
104,9028;247,4250;11,2000;-0,0110;0,2761;0,0000;0,6107;-0,0208;0,0000;0,0000;0,3452;0,4400;0,4300;1;0,0000;0,0000;0;1;0;2;0;0
104,9167;247,4250;11,2000;-0,0645;0,2764;0,0000;0,6120;-0,0208;0,0000;0,0000;0,3455;0,4400;0,3800;1;0,0000;0,0000;0;1;0;2;0;0
104,9306;247,4250;11,2000;-0,0940;0,2766;0,0000;0,6133;-0,0208;0,0000;0,0000;0,3458;0,4400;0,3400;1;0,0000;0,0000;0;1;0;2;0;0
104,9445;247,4250;10,9000;-0,1309;0,2769;0,0000;0,6145;-0,0208;0,0000;0,0000;0,3461;0,4400;0,3000;1;0,0000;0,0000;0;1;0;2;0;0
104,9584;247,4253;10,9000;-0,1664;0,2771;0,0000;0,6157;-0,0208;0,0000;0,0000;0,3464;0,4300;0,2700;1;0,0000;0,0000;0;1;0;2;0;0
104,9723;247,4674;10,9000;-0,1962;0,2774;0,0000;0,6168;-0,0208;0,0000;0,0000;0,3467;0,4300;0,2300;1;0,0000;0,0000;0;1;0;2;0;0
104,9862;247,5094;10,9000;-0,2022;0,2776;0,0000;0,6180;-0,0208;0,0000;0,0000;0,3470;0,4200;0,2200;1;0,0000;0,0000;0;1;0;2;0;0
105,0000;247,5515;10,9000;-0,2248;0,2778;0,0000;0,6191;-0,0208;0,0000;0,0000;0,3472;0,4200;0,1900;1;0,0000;0,0000;0;1;0;2;0;0
105,0139;247,5935;10,9000;-0,2465;0,2780;0,0000;0,6202;-0,0208;0,0000;0,0000;0,3475;0,4100;0,1600;1;0,0000;0,0000;0;1;0;2;0;0
105,0278;247,6356;10,9000;-0,2872;0,2782;0,0000;0,6212;-0,0208;0,0000;0,0000;0,3477;0,4000;0,1200;1;0,0000;0,0000;0;1;0;2;0;0
105,0417;247,8807;10,9000;-0,3077;0,2784;0,0000;0,6222;-0,0208;0,0000;0,0000;0,3479;0,3900;0,0900;1;0,0000;0,0000;0;1;0;2;0;0
105,0556;247,8807;10,9000;-0,3181;0,2785;0,0000;0,6232;-0,0208;0,0000;0,0000;0,3482;0,3900;0,0700;1;0,0000;0,0000;0;1;0;2;0;0
105,0695;247,8807;10,9000;-0,3236;0,2787;0,0000;0,6241;-0,0208;0,0000;0,0000;0,3484;0,3800;0,0500;1;0,0000;0,0000;0;1;0;2;0;0
105,0834;247,8807;10,9000;-0,3179;0,2789;0,0000;0,6250;-0,0208;0,0000;0,0000;0,3486;0,3700;0,0500;1;0,0000;0,0000;0;1;0;2;0;0
105,0973;247,8807;10,9000;-0,3167;0,2790;0,0000;0,6258;-0,0208;0,0000;0,0000;0,3488;0,3600;0,0400;1;0,0000;0,0000;0;1;0;2;0;0
105,1112;247,8879;10,9000;-0,3058;0,2792;0,0000;0,6266;-0,0208;0,0000;0,0000;0,3490;0,3500;0,0400;1;0,0000;0,0000;0;1;0;2;0;0
105,1250;247,9300;10,9000;-0,2687;0,2793;0,0000;0,6274;-0,0208;0,0000;0,0000;0,3492;0,3500;0,0800;1;0,0000;0,0000;0;1;0;2;0;0
105,1389;247,9720;10,9000;-0,2371;0,2795;0,0000;0,6282;-0,0208;0,0000;0,0000;0,3494;0,3400;0,1000;1;0,0000;0,0000;0;1;0;2;0;0
105,1528;248,0141;10,9000;-0,1997;0,2797;0,0000;0,6289;-0,0208;0,0000;0,0000;0,3496;0,3300;0,1300;1;0,0000;0,0000;0;1;0;2;0;0
105,1667;248,0561;10,9000;-0,1638;0,2799;0,0000;0,6297;-0,0208;0,0000;0,0000;0,3498;0,3300;0,1700;1;0,0000;0,0000;0;1;0;2;0;0
105,1806;248,0982;10,9000;-0,1566;0,2800;0,0000;0,6304;-0,0208;0,0000;0,0000;0,3501;0,3300;0,1700;1;0,0000;0,0000;0;1;0;2;0;0
105,1945;248,3367;10,9000;-0,1259;0,2802;0,0000;0,6311;-0,0208;0,0000;0,0000;0,3503;0,3200;0,2000;1;0,0000;0,0000;0;1;0;2;0;0
105,2084;248,3367;10,9000;-0,0902;0,2804;0,0000;0,6318;-0,0208;0,0000;0,0000;0,3505;0,3200;0,2300;1;0,0000;0,0000;0;1;0;2;0;0
105,2223;248,3367;10,9000;-0,0295;0,2806;0,0000;0,6325;-0,0208;0,0000;0,0000;0,3507;0,3200;0,2900;1;0,0000;0,0000;0;1;0;2;0;0
105,2362;248,3367;10,9000;-0,0016;0,2808;0,0000;0,6332;-0,0208;0,0000;0,0000;0,3510;0,3200;0,3200;1;0,0000;0,0000;0;1;0;2;0;0
105,2500;248,3367;10,9000;0,0244;0,2810;0,0000;0,6338;-0,0208;0,0000;0,0000;0,3513;0,3200;0,3500;1;0,0000;0,0000;0;1;0;2;0;0
105,2639;248,3505;10,9000;0,0460;0,2812;0,0000;0,6346;-0,0208;0,0000;0,0000;0,3515;0,3300;0,3700;1;0,0000;0,0000;0;1;0;2;0;0
105,2778;248,3925;10,9000;0,0696;0,2815;0,0000;0,6353;-0,0208;0,0000;0,0000;0,3518;0,3300;0,4000;1;0,0000;0,0000;0;1;0;2;0;0
105,2917;248,4346;10,9000;0,0892;0,2817;0,0000;0,6360;-0,0208;0,0000;0,0000;0,3521;0,3300;0,4200;1;0,0000;0,0000;0;1;0;2;0;0
105,3056;248,4766;10,9000;0,0931;0,2819;0,0000;0,6368;-0,0208;0,0000;0,0000;0,3524;0,3300;0,4300;1;0,0000;0,0000;0;1;0;2;0;0
105,3195;248,5187;10,9000;0,1136;0,2822;0,0000;0,6375;-0,0208;0,0000;0,0000;0,3527;0,3400;0,4500;1;0,0000;0,0000;0;1;0;2;0;0
105,3334;248,5607;10,9000;0,1286;0,2824;0,0000;0,6383;-0,0208;0,0000;0,0000;0,3530;0,3400;0,4700;1;0,0000;0,0000;0;1;0;2;0;0
105,3473;248,7926;10,9000;0,1436;0,2827;0,0000;0,6391;-0,0208;0,0000;0,0000;0,3533;0,3500;0,4900;1;0,0000;0,0000;0;1;0;2;0;0
105,3612;248,7926;10,9000;0,1469;0,2829;0,0000;0,6400;-0,0208;0,0000;0,0000;0,3537;0,3500;0,5000;1;0,0000;0,0000;0;1;0;2;0;0
105,3750;248,7926;10,9000;0,1426;0,2832;0,0000;0,6408;-0,0208;0,0000;0,0000;0,3540;0,3600;0,5000;1;0,0000;0,0000;0;1;0;2;0;0
105,3889;248,7926;10,9000;0,1390;0,2834;0,0000;0,6417;-0,0208;0,0000;0,0000;0,3543;0,3600;0,5000;1;0,0000;0,0000;0;1;0;2;0;0
105,4028;248,7926;10,9000;0,1349;0,2837;0,0000;0,6426;-0,0208;0,0000;0,0000;0,3546;0,3700;0,5000;1;0,0000;0,0000;0;1;0;2;0;0
105,4167;248,8131;10,9000;0,1341;0,2840;0,0000;0,6435;-0,0208;0,0000;0,0000;0,3550;0,3700;0,5000;1;0,0000;0,0000;0;1;0;2;0;0
105,4306;248,8551;10,9000;0,1370;0,2842;0,0000;0,6444;-0,0208;0,0000;0,0000;0,3553;0,3700;0,5100;1;0,0000;0,0000;0;1;0;2;0;0
105,4445;248,8972;11,0000;0,1413;0,2845;0,0000;0,6453;-0,0208;0,0000;0,0000;0,3556;0,3800;0,5200;1;0,0000;0,0000;0;1;0;2;0;0
105,4584;248,9396;11,0000;0,1434;0,2848;0,0000;0,6462;-0,0208;0,0000;0,0000;0,3560;0,3800;0,5300;1;0,0000;0,0000;0;1;0;2;0;0
105,4723;248,9821;11,0000;0,1459;0,2851;0,0000;0,6472;-0,0208;0,0000;0,0000;0,3563;0,3900;0,5300;1;0,0000;0,0000;0;1;0;2;0;0
105,4862;249,2482;11,0000;0,1462;0,2853;0,0000;0,6482;-0,0208;0,0000;0,0000;0,3567;0,3900;0,5400;1;0,0000;0,0000;0;1;0;2;0;0
105,5000;249,2482;11,0000;0,1463;0,2856;0,0000;0,6491;-0,0208;0,0000;0,0000;0,3570;0,4000;0,5400;1;0,0000;0,0000;0;1;0;2;0;0
105,5139;249,2482;11,0000;0,1434;0,2859;0,0000;0,6501;-0,0208;0,0000;0,0000;0,3574;0,4000;0,5500;1;0,0000;0,0000;0;1;0;2;0;0
105,5278;249,2482;11,0000;0,1362;0,2862;0,0000;0,6511;-0,0208;0,0000;0,0000;0,3577;0,4100;0,5400;1;0,0000;0,0000;0;1;0;2;0;0
105,5417;249,2482;11,0000;0,1256;0,2865;0,0000;0,6521;-0,0208;0,0000;0,0000;0,3581;0,4100;0,5400;1;0,0000;0,0000;0;1;0;2;0;0
105,5556;249,2482;11,0000;0,1210;0,2868;0,0000;0,6531;-0,0208;0,0000;0,0000;0,3585;0,4100;0,5400;1;0,0000;0,0000;0;1;0;2;0;0
105,5695;249,2791;11,0000;0,1158;0,2871;0,0000;0,6542;-0,0208;0,0000;0,0000;0,3588;0,4200;0,5300;1;0,0000;0,0000;0;1;0;2;0;0
105,5834;249,3216;11,0000;0,1187;0,2874;0,0000;0,6552;-0,0208;0,0000;0,0000;0,3592;0,4200;0,5400;1;0,0000;0,0000;0;1;0;2;0;0
105,5973;249,3640;11,0000;0,1236;0,2877;0,0000;0,6562;-0,0208;0,0000;0,0000;0,3596;0,4300;0,5500;1;0,0000;0,0000;0;1;0;2;0;0
105,6112;249,4064;11,0000;0,1427;0,2880;0,0000;0,6573;-0,0208;0,0000;0,0000;0,3600;0,4300;0,5700;1;0,0000;0,0000;0;1;0;2;0;0
105,6250;249,4489;11,0000;0,1466;0,2883;0,0000;0,6583;-0,0208;0,0000;0,0000;0,3603;0,4400;0,5800;1;0,0000;0,0000;0;1;0;2;0;0
105,6389;249,7046;11,0000;0,1699;0,2886;0,0000;0,6594;-0,0208;0,0000;0,0000;0,3607;0,4400;0,6100;1;0,0000;0,0000;0;1;0;2;0;0
105,6528;249,7046;11,0000;0,1935;0,2889;0,0000;0,6605;-0,0208;0,0000;0,0000;0,3611;0,4500;0,6400;1;0,0000;0,0000;0;1;0;2;0;0
105,6667;249,7046;11,0000;0,2651;0,2893;0,0000;0,6616;-0,0208;0,0000;0,0000;0,3616;0,4600;0,7200;1;0,0000;0,0000;0;1;0;2;0;0
105,6806;249,7046;11,0000;0,3141;0,2896;0,0000;0,6626;-0,0208;0,0000;0,0000;0,3620;0,4700;0,7800;1;0,0000;0,0000;0;1;0;2;0;0
105,6945;249,7046;11,0000;0,3613;0,2900;0,0000;0,6638;-0,0208;0,0000;0,0000;0,3625;0,4800;0,8400;1;0,0000;0,0000;0;1;0;2;0;0
105,7084;249,7046;11,0000;0,4203;0,2904;0,0000;0,6649;-0,0208;0,0000;0,0000;0,3630;0,4900;0,9100;1;0,0000;0,0000;0;1;0;2;0;0
105,7223;249,7459;11,0000;0,4323;0,2908;0,0000;0,6661;-0,0208;0,0000;0,0000;0,3635;0,5000;0,9300;1;0,0000;0,0000;0;1;0;2;0;0
105,7362;249,7884;11,0000;0,4803;0,2912;0,0000;0,6673;-0,0208;0,0000;0,0000;0,3640;0,5200;1,0000;1;0,0000;0,0000;0;1;0;2;0;0
105,7500;249,8308;11,0000;0,5549;0,2917;0,0000;0,6685;-0,0208;0,0000;0,0000;0,3646;0,5300;1,0900;1;0,0000;0,0000;0;1;0;2;0;0
105,7639;249,8732;11,0000;0,6730;0,2921;0,0000;0,6698;-0,0208;0,0000;0,0000;0,3652;0,5500;1,2200;1;0,0000;0,0000;0;1;0;2;0;0
105,7778;249,9157;11,0000;0,7485;0,2927;0,0000;0,6711;-0,0208;0,0000;0,0000;0,3658;0,5700;1,3200;1;0,0000;0,0000;0;1;0;2;0;0
105,7917;250,1595;11,0000;0,8204;0,2932;0,0000;0,6725;-0,0208;0,0000;0,0000;0,3665;0,6000;1,4200;1;0,0000;0,0000;0;1;0;2;0;0
105,8056;250,1595;11,0000;0,8595;0,2938;0,0000;0,6739;-0,0208;0,0000;0,0000;0,3672;0,6200;1,4800;1;0,0000;0,0000;0;1;0;2;0;0
105,8195;250,1595;11,0000;0,8674;0,2943;0,0000;0,6754;-0,0208;0,0000;0,0000;0,3679;0,6500;1,5100;1;0,0000;0,0000;0;1;0;2;0;0
105,8334;250,1595;11,0000;0,9041;0,2949;0,0000;0,6770;-0,0208;0,0000;0,0000;0,3687;0,6700;1,5800;1;0,0000;0,0000;0;1;0;9;0;0
105,8473;250,1595;11,0000;0,9569;0,2956;0,0000;0,6786;-0,0208;0,0000;0,0000;0,3695;0,7000;1,6600;1;0,0000;0,0000;0;1;0;9;0;0
105,8612;250,1703;11,0000;1,0415;0,2962;0,0000;0,6803;-0,0208;0,0000;0,0000;0,3703;0,7300;1,7700;1;0,0000;0,0000;0;1;0;9;0;0
105,8750;250,2127;11,0000;1,0931;0,2969;0,0000;0,6821;-0,0208;0,0000;0,0000;0,3712;0,7600;1,8500;1;0,0000;0,0000;0;1;0;9;0;0
105,8889;250,2551;11,0000;1,1286;0,2977;0,0000;0,6839;-0,0208;0,0000;0,0000;0,3721;0,7900;1,9200;1;0,0000;0,0000;0;1;0;9;0;0
105,9028;250,2975;11,0000;1,1623;0,2984;0,0000;0,6858;-0,0208;0,0000;0,0000;0,3730;0,8300;1,9900;1;0,0000;0,0000;0;1;0;9;0;0
105,9167;250,3400;11,0000;1,1827;0,2992;0,0000;0,6878;-0,0208;0,0000;0,0000;0,3740;0,8600;2,0400;1;0,0000;0,0000;0;1;0;9;0;0
105,9306;250,3824;11,0000;1,1866;0,3000;0,0000;0,6899;-0,0208;0,0000;0,0000;0,3750;0,8900;2,0800;1;0,0000;0,0000;0;1;0;9;0;0
105,9445;250,6166;11,0000;1,1999;0,3008;0,0000;0,6921;-0,0208;0,0000;0,0000;0,3760;0,9300;2,1300;1;0,0000;0,0000;0;1;0;9;0;0
105,9584;250,6166;11,0000;1,2099;0,3017;0,0000;0,6944;-0,0208;0,0000;0,0000;0,3771;0,9600;2,1700;1;0,0000;0,0000;0;1;0;9;0;0
105,9723;250,6166;11,0000;1,2131;0,3025;0,0000;0,6967;-0,0208;0,0000;0,0000;0,3782;1,0000;2,2100;1;0,0000;0,0000;0;1;0;9;0;0
105,9862;250,6166;11,0000;1,1891;0,3034;0,0000;0,6991;-0,0208;0,0000;0,0000;0,3793;1,0300;2,2200;1;0,0000;0,0000;0;1;0;9;0;0
106,0000;250,6166;11,0000;1,1754;0,3043;0,0000;0,7016;-0,0208;0,0000;0,0000;0,3804;1,0700;2,2400;1;0,0000;0,0000;0;1;0;9;0;0
106,0139;250,6370;11,0000;1,1592;0,3052;0,0000;0,7041;-0,0208;0,0000;0,0000;0,3815;1,1000;2,2600;1;0,0000;0,0000;0;1;0;9;0;0
106,0278;250,6794;11,0000;1,1478;0,3062;0,0000;0,7067;-0,0208;0,0000;0,0000;0,3827;1,1300;2,2800;1;0,0000;0,0000;0;1;0;9;0;0
106,0417;250,7218;11,0000;1,1455;0,3071;0,0000;0,7094;-0,0208;0,0000;0,0000;0,3839;1,1700;2,3100;1;0,0000;0,0000;0;1;0;9;0;0
106,0556;250,7642;11,0000;1,1375;0,3081;0,0000;0,7122;-0,0208;0,0000;0,0000;0,3851;1,2000;2,3400;1;0,0000;0,0000;0;1;0;9;0;0
106,0695;250,8067;11,0000;1,1161;0,3091;0,0000;0,7149;-0,0208;0,0000;0,0000;0,3864;1,2300;2,3500;1;0,0000;0,0000;0;1;0;9;0;0
106,0834;251,0707;11,0000;1,0058;0,3101;0,0000;0,7178;-0,0208;0,0000;0,0000;0,3876;1,2600;2,2700;1;0,0000;0,0000;0;1;0;9;0;0
106,0973;251,0707;11,0000;0,9838;0,3111;0,0000;0,7207;-0,0208;0,0000;0,0000;0,3888;1,2900;2,2700;1;0,0000;0,0000;0;1;0;9;0;0
106,1112;251,0707;11,0000;0,9385;0,3120;0,0000;0,7236;-0,0208;0,0000;0,0000;0,3900;1,3200;2,2500;1;0,0000;0,0000;0;1;0;9;0;0
106,1250;251,0707;11,0000;0,8844;0,3130;0,0000;0,7266;-0,0208;0,0000;0,0000;0,3913;1,3400;2,2300;1;0,0000;0,0000;0;1;0;9;0;0
106,1389;251,0707;11,0000;0,8293;0,3140;0,0000;0,7296;-0,0208;0,0000;0,0000;0,3926;1,3700;2,1900;1;0,0000;0,0000;0;1;0;9;0;0
106,1528;251,0707;11,0000;0,7394;0,3150;0,0000;0,7326;-0,0208;0,0000;0,0000;0,3938;1,3900;2,1300;1;0,0000;0,0000;0;1;0;9;0;0
106,1667;251,1036;11,0000;0,6543;0,3160;0,0000;0,7357;-0,0208;0,0000;0,0000;0,3950;1,4100;2,0600;1;0,0000;0,0000;0;1;0;9;0;0
106,1806;251,1460;11,0000;0,5508;0,3170;0,0000;0,7387;-0,0208;0,0000;0,0000;0,3963;1,4200;1,9700;1;0,0000;0,0000;0;1;0;9;0;0
106,1945;251,1884;11,1000;0,4487;0,3180;0,0000;0,7418;-0,0208;0,0000;0,0000;0,3975;1,4400;1,8800;1;0,0000;0,0000;0;1;0;9;0;0
106,2084;251,2313;11,1000;0,3447;0,3189;0,0000;0,7449;-0,0208;0,0000;0,0000;0,3986;1,4500;1,7900;1;0,0000;0,0000;0;1;0;9;0;0
106,2223;251,2741;11,1000;0,2329;0,3199;0,0000;0,7479;-0,0208;0,0000;0,0000;0,3998;1,4500;1,6900;1;0,0000;0,0000;0;1;0;9;0;0
106,2362;251,5286;11,1000;0,1459;0,3208;0,0000;0,7509;-0,0208;0,0000;0,0000;0,4010;1,4600;1,6000;1;0,0000;0,0000;0;1;0;9;0;0
106,2500;251,5286;11,1000;0,0647;0,3217;0,0000;0,7539;-0,0208;0,0000;0,0000;0,4021;1,4600;1,5200;1;0,0000;0,0000;0;1;0;9;0;0
106,2639;251,5286;11,1000;-0,0448;0,3226;0,0000;0,7569;-0,0208;0,0000;0,0000;0,4032;1,4600;1,4100;1;0,0000;0,0000;0;1;0;9;0;0
106,2778;251,5286;11,1000;-0,1354;0,3234;0,0000;0,7599;-0,0208;0,0000;0,0000;0,4043;1,4600;1,3200;1;0,0000;0,0000;0;1;0;9;0;0
106,2917;251,5286;11,1000;-0,2242;0,3242;0,0000;0,7628;-0,0208;0,0000;0,0000;0,4053;1,4500;1,2300;1;0,0000;0,0000;0;1;0;9;0;0
106,3056;251,5309;11,1000;-0,2976;0,3251;0,0000;0,7656;-0,0208;0,0000;0,0000;0,4063;1,4400;1,1400;1;0,0000;0,0000;0;1;0;9;0;0
106,3195;251,5737;11,1000;-0,3549;0,3258;0,0000;0,7684;-0,0208;0,0000;0,0000;0,4073;1,4300;1,0800;1;0,0000;0,0000;0;1;0;9;0;0
106,3334;251,6165;11,1000;-0,4395;0,3266;0,0000;0,7712;-0,0208;0,0000;0,0000;0,4083;1,4200;0,9800;1;0,0000;0,0000;0;1;0;9;0;0
106,3473;251,6594;11,1000;-0,5315;0,3274;0,0000;0,7739;-0,0208;0,0000;0,0000;0,4092;1,4100;0,8700;1;0,0000;0,0000;0;1;0;9;0;0
106,3612;251,7022;11,1000;-0,5816;0,3281;0,0000;0,7765;-0,0208;0,0000;0,0000;0,4101;1,3900;0,8100;1;0,0000;0,0000;0;1;0;9;0;0
106,3750;251,7450;11,1000;-0,6434;0,3288;0,0000;0,7791;-0,0208;0,0000;0,0000;0,4110;1,3700;0,7300;1;0,0000;0,0000;0;1;0;9;0;0
106,3889;251,9820;11,1000;-0,7043;0,3294;0,0000;0,7816;-0,0208;0,0000;0,0000;0,4118;1,3500;0,6500;1;0,0000;0,0000;0;1;0;9;0;0
106,4028;251,9820;11,1000;-0,7775;0,3301;0,0000;0,7840;-0,0208;0,0000;0,0000;0,4126;1,3300;0,5500;1;0,0000;0,0000;0;1;0;9;0;0
106,4167;251,9820;11,1000;-0,8213;0,3307;0,0000;0,7864;-0,0208;0,0000;0,0000;0,4134;1,3100;0,4800;1;0,0000;0,0000;0;1;0;9;0;0
106,4306;251,9820;11,1000;-0,8822;0,3313;0,0000;0,7886;-0,0208;0,0000;0,0000;0,4141;1,2800;0,4000;1;0,0000;0,0000;0;1;0;9;0;0
106,4445;251,9820;11,1000;-0,9074;0,3318;0,0000;0,7909;-0,0208;0,0000;0,0000;0,4148;1,2500;0,3500;1;0,0000;0,0000;0;1;0;9;0;0
106,4584;252,0019;11,1000;-0,9394;0,3324;0,0000;0,7930;-0,0208;0,0000;0,0000;0,4155;1,2300;0,2900;1;0,0000;0,0000;0;1;0;9;0;0
106,4723;252,0447;11,1000;-0,9713;0,3329;0,0000;0,7950;-0,0208;0,0000;0,0000;0,4161;1,2000;0,2300;1;0,0000;0,0000;0;1;0;9;0;0
106,4862;252,0876;11,1000;-0,9968;0,3334;0,0000;0,7970;-0,0208;0,0000;0,0000;0,4167;1,1700;0,1700;1;0,0000;0,0000;0;1;0;9;0;0
106,5000;252,1304;11,1000;-1,0103;0,3338;0,0000;0,7989;-0,0208;0,0000;0,0000;0,4173;1,1400;0,1300;1;0,0000;0,0000;0;1;0;9;0;0
106,5139;252,1732;11,1000;-1,0263;0,3343;0,0000;0,8008;-0,0208;0,0000;0,0000;0,4179;1,1100;0,0800;1;0,0000;0,0000;0;1;0;9;0;0
106,5278;252,4407;11,1000;-1,0312;0,3347;0,0000;0,8025;-0,0208;0,0000;0,0000;0,4184;1,0800;0,0400;1;0,0000;0,0000;0;1;0;9;0;0
106,5417;252,4407;11,1000;-1,0469;0,3351;0,0000;0,8042;-0,0208;0,0000;0,0000;0,4189;1,0500;0,0000;1;0,0000;0,0000;0;1;0;9;0;0
106,5556;252,4407;11,1000;-1,0486;0,3355;0,0000;0,8058;-0,0208;0,0000;0,0000;0,4194;1,0200;-0,0300;1;0,0000;0,0000;0;1;0;9;0;0
106,5695;252,4407;11,1000;-1,0453;0,3359;0,0000;0,8074;-0,0208;0,0000;0,0000;0,4199;0,9900;-0,0600;1;0,0000;0,0000;0;1;0;9;0;0
106,5834;252,4407;11,1000;-1,0340;0,3362;0,0000;0,8089;-0,0208;0,0000;0,0000;0,4203;0,9600;-0,0700;1;0,0000;0,0000;0;1;0;9;0;0
106,5973;252,4407;11,1000;-1,0152;0,3366;0,0000;0,8103;-0,0208;0,0000;0,0000;0,4207;0,9300;-0,0800;1;0,0000;0,0000;0;1;0;9;0;0
106,6112;252,4730;11,1000;-0,9883;0,3369;0,0000;0,8116;-0,0208;0,0000;0,0000;0,4212;0,9000;-0,0900;1;0,0000;0,0000;0;1;0;9;0;0
106,6250;252,5158;11,1000;-0,9621;0,3373;0,0000;0,8129;-0,0208;0,0000;0,0000;0,4216;0,8700;-0,0900;1;0,0000;0,0000;0;1;0;9;0;0
106,6389;252,5586;11,1000;-0,9297;0,3376;0,0000;0,8142;-0,0208;0,0000;0,0000;0,4220;0,8500;-0,0800;1;0,0000;0,0000;0;1;0;9;0;0
106,6528;252,6014;11,1000;-0,9067;0,3379;0,0000;0,8154;-0,0208;0,0000;0,0000;0,4224;0,8200;-0,0800;1;0,0000;0,0000;0;1;0;9;0;0
106,6667;252,6443;11,1000;-0,8704;0,3382;0,0000;0,8165;-0,0208;0,0000;0,0000;0,4227;0,8000;-0,0700;1;0,0000;0,0000;0;1;0;9;0;0
106,6806;252,8935;11,1000;-0,8527;0,3385;0,0000;0,8176;-0,0208;0,0000;0,0000;0,4231;0,7700;-0,0800;1;0,0000;0,0000;0;1;0;9;0;0
106,6945;252,8935;11,1000;-0,8223;0,3388;0,0000;0,8187;-0,0208;0,0000;0,0000;0,4234;0,7500;-0,0700;1;0,0000;0,0000;0;1;0;9;0;0
106,7084;252,8935;11,1000;-0,8001;0,3390;0,0000;0,8197;-0,0208;0,0000;0,0000;0,4238;0,7300;-0,0700;1;0,0000;0,0000;0;1;0;9;0;0
106,7223;252,8935;11,1000;-0,7753;0,3393;0,0000;0,8207;-0,0208;0,0000;0,0000;0,4241;0,7100;-0,0700;1;0,0000;0,0000;0;1;0;9;0;0
106,7362;252,8935;11,1000;-0,7489;0,3395;0,0000;0,8217;-0,0208;0,0000;0,0000;0,4244;0,6800;-0,0600;1;0,0000;0,0000;0;1;0;9;0;0
106,7500;252,9012;11,1000;-0,7166;0,3398;0,0000;0,8226;-0,0208;0,0000;0,0000;0,4247;0,6600;-0,0500;1;0,0000;0,0000;0;1;0;9;0;0
106,7639;252,9440;11,1000;-0,6789;0,3400;0,0000;0,8235;-0,0208;0,0000;0,0000;0,4250;0,6500;-0,0300;1;0,0000;0,0000;0;1;0;9;0;0
106,7778;252,9868;11,1000;-0,6438;0,3402;0,0000;0,8243;-0,0208;0,0000;0,0000;0,4253;0,6300;0,0000;1;0,0000;0,0000;0;1;0;9;0;0
106,7917;253,0297;10,8000;-0,6207;0,3404;0,0000;0,8251;-0,0208;0,0000;0,0000;0,4256;0,6100;0,0000;1;0,0000;0,0000;0;1;0;9;0;0
106,8056;253,0713;10,8000;-0,6214;0,3407;0,0000;0,8259;-0,0208;0,0000;0,0000;0,4258;0,5900;-0,0300;1;0,0000;0,0000;0;1;0;9;0;0
106,8195;253,1130;10,8000;-0,6187;0,3409;0,0000;0,8267;-0,0208;0,0000;0,0000;0,4261;0,5800;-0,0400;1;0,0000;0,0000;0;1;0;9;0;0
106,8334;253,3526;10,8000;-0,6186;0,3410;0,0000;0,8274;-0,0208;0,0000;0,0000;0,4263;0,5600;-0,0600;1;0,0000;0,0000;0;1;0;9;0;0
106,8473;253,3526;10,8000;-0,6031;0,3412;0,0000;0,8281;-0,0208;0,0000;0,0000;0,4265;0,5400;-0,0600;1;0,0000;0,0000;0;1;0;5;0;0
106,8612;253,3526;10,8000;-0,6136;0,3414;0,0000;0,8288;-0,0208;0,0000;0,0000;0,4267;0,5300;-0,0800;1;0,0000;0,0000;0;1;0;5;0;0
106,8750;253,3526;10,8000;-0,6211;0,3415;0,0000;0,8295;-0,0208;0,0000;0,0000;0,4269;0,5100;-0,1100;1;0,0000;0,0000;0;1;0;5;0;0
106,8889;253,3526;10,8000;-0,6383;0,3417;0,0000;0,8301;-0,0208;0,0000;0,0000;0,4271;0,4900;-0,1400;1;0,0000;0,0000;0;1;0;5;0;0
106,9028;253,3630;10,8000;-0,6568;0,3419;0,0000;0,8307;-0,0208;0,0000;0,0000;0,4273;0,4800;-0,1800;1;0,0000;0,0000;0;1;0;5;0;0
106,9167;253,4047;10,8000;-0,7106;0,3420;0,0000;0,8313;-0,0208;0,0000;0,0000;0,4275;0,4600;-0,2500;1;0,0000;0,0000;0;1;0;5;0;0
106,9306;253,4463;10,8000;-0,7083;0,3421;0,0000;0,8318;-0,0208;0,0000;0,0000;0,4277;0,4400;-0,2700;1;0,0000;0,0000;0;1;0;5;0;0
106,9445;253,4880;11,0000;-0,7100;0,3422;0,0000;0,8324;-0,0208;0,0000;0,0000;0,4278;0,4200;-0,2900;1;0,0000;0,0000;0;1;0;5;0;0
106,9584;253,5304;11,0000;-0,6918;0,3423;0,0000;0,8329;-0,0208;0,0000;0,0000;0,4279;0,4000;-0,2900;1;0,0000;0,0000;0;1;0;5;0;0
106,9723;253,5729;11,0000;-0,6875;0,3424;0,0000;0,8333;-0,0208;0,0000;0,0000;0,4280;0,3800;-0,3100;1;0,0000;0,0000;0;1;0;5;0;0
106,9862;253,8058;11,0000;-0,6625;0,3425;0,0000;0,8338;-0,0208;0,0000;0,0000;0,4281;0,3600;-0,3000;1;0,0000;0,0000;0;1;0;5;0;0
107,0000;253,8058;11,0000;-0,6556;0,3426;0,0000;0,8342;-0,0208;0,0000;0,0000;0,4282;0,3400;-0,3100;1;0,0000;0,0000;0;1;0;5;0;0
107,0139;253,8058;11,0000;-0,6541;0,3426;0,0000;0,8346;-0,0208;0,0000;0,0000;0,4283;0,3300;-0,3300;1;0,0000;0,0000;0;1;0;5;0;0
107,0278;253,8058;11,0000;-0,6192;0,3427;0,0000;0,8349;-0,0208;0,0000;0,0000;0,4284;0,3100;-0,3100;1;0,0000;0,0000;0;1;0;5;0;0
107,0417;253,8058;11,0000;-0,6097;0,3427;0,0000;0,8353;-0,0208;0,0000;0,0000;0,4284;0,2900;-0,3200;1;0,0000;0,0000;0;1;0;5;0;0
107,0556;253,8275;11,0000;-0,5698;0,3428;0,0000;0,8356;-0,0208;0,0000;0,0000;0,4285;0,2800;-0,2900;1;0,0000;0,0000;0;1;0;5;0;0
107,0695;253,8699;11,0000;-0,5716;0,3428;0,0000;0,8359;-0,0208;0,0000;0,0000;0,4286;0,2600;-0,3100;1;0,0000;0,0000;0;1;0;5;0;0
107,0834;253,9124;11,0000;-0,5533;0,3429;0,0000;0,8361;-0,0208;0,0000;0,0000;0,4286;0,2500;-0,3100;1;0,0000;0,0000;0;1;0;5;0;0
107,0973;253,9548;11,0000;-0,5531;0,3429;0,0000;0,8364;-0,0208;0,0000;0,0000;0,4287;0,2300;-0,3200;1;0,0000;0,0000;0;1;0;5;0;0
107,1112;253,9973;11,0000;-0,5721;0,3429;0,0000;0,8366;-0,0208;0,0000;0,0000;0,4287;0,2100;-0,3600;1;0,0000;0,0000;0;1;0;5;0;0
107,1250;254,2644;11,0000;-0,5466;0,3429;0,0000;0,8368;-0,0208;0,0000;0,0000;0,4287;0,2000;-0,3500;1;0,0000;0,0000;0;1;0;5;0;0
107,1389;254,2644;11,0000;-0,5175;0,3430;0,0000;0,8370;-0,0208;0,0000;0,0000;0,4287;0,1900;-0,3300;1;0,0000;0,0000;0;1;0;5;0;0
107,1528;254,2644;11,0000;-0,5469;0,3430;0,0000;0,8371;-0,0208;0,0000;0,0000;0,4287;0,1700;-0,3800;1;0,0000;0,0000;0;1;0;5;0;0
107,1667;254,2644;11,0000;-0,5356;0,3430;0,0000;0,8373;-0,0208;0,0000;0,0000;0,4287;0,1600;-0,3800;1;0,0000;0,0000;0;1;0;5;0;0
107,1806;254,2644;11,0000;-0,5429;0,3429;0,0000;0,8374;-0,0208;0,0000;0,0000;0,4287;0,1400;-0,4000;1;0,0000;0,0000;0;1;0;5;0;0
107,1945;254,2644;11,0000;-0,5441;0,3429;0,0000;0,8375;-0,0208;0,0000;0,0000;0,4286;0,1300;-0,4200;1;0,0000;0,0000;0;1;0;5;0;0
107,2084;254,2943;11,0000;-0,5571;0,3428;0,0000;0,8375;-0,0208;0,0000;0,0000;0,4286;0,1100;-0,4500;1;0,0000;0,0000;0;1;0;5;0;0
107,2223;254,3368;11,0000;-0,5848;0,3428;0,0000;0,8376;-0,0208;0,0000;0,0000;0,4285;0,0900;-0,4900;1;0,0000;0,0000;0;1;0;5;0;0
107,2362;254,3792;11,0000;-0,6397;0,3427;0,0000;0,8376;-0,0208;0,0000;0,0000;0,4284;0,0800;-0,5600;1;0,0000;0,0000;0;1;0;5;0;0
107,2500;254,4216;11,0000;-0,6373;0,3426;0,0000;0,8376;-0,0208;0,0000;0,0000;0,4283;0,0600;-0,5800;1;0,0000;0,0000;0;1;0;5;0;0
107,2639;254,4641;11,0000;-0,6310;0,3425;0,0000;0,8376;-0,0208;0,0000;0,0000;0,4281;0,0400;-0,5900;1;0,0000;0,0000;0;1;0;5;0;0
107,2778;254,7190;11,0000;-0,6318;0,3424;0,0000;0,8375;-0,0208;0,0000;0,0000;0,4280;0,0200;-0,6100;1;0,0000;0,0000;0;1;0;5;0;0
107,2917;254,7190;11,0000;-0,6457;0,3423;0,0000;0,8374;-0,0208;0,0000;0,0000;0,4279;0,0000;-0,6400;1;0,0000;0,0000;0;1;0;5;0;0
107,3056;254,7190;11,0000;-0,6876;0,3422;0,0000;0,8373;-0,0208;0,0000;0,0000;0,4277;0,0000;-0,7000;1;0,0000;0,0000;0;1;0;5;0;0
107,3195;254,7190;11,0000;-0,7334;0,3420;0,0000;0,8371;-0,0208;0,0000;0,0000;0,4275;-0,0300;-0,7700;1;0,0000;0,0000;0;1;0;5;0;0
107,3334;254,7190;11,0000;-0,7120;0,3418;0,0000;0,8369;-0,0208;0,0000;0,0000;0,4273;-0,0500;-0,7600;1;0,0000;0,0000;0;1;0;5;0;0
107,3473;254,7190;11,0000;-0,6976;0,3417;0,0000;0,8367;-0,0208;0,0000;0,0000;0,4271;-0,0700;-0,7700;1;0,0000;0,0000;0;1;0;5;0;0
107,3612;254,7612;11,0000;-0,6807;0,3415;0,0000;0,8365;-0,0208;0,0000;0,0000;0,4268;-0,0900;-0,7700;1;0,0000;0,0000;0;1;0;5;0;0
107,3750;254,8036;11,0000;-0,6808;0,3413;0,0000;0,8362;-0,0208;0,0000;0,0000;0,4266;-0,1100;-0,7900;1;0,0000;0,0000;0;1;0;5;0;0
107,3889;254,8460;11,0000;-0,6904;0,3411;0,0000;0,8358;-0,0208;0,0000;0,0000;0,4263;-0,1300;-0,8200;1;0,0000;0,0000;0;1;0;5;0;0
107,4028;254,8885;11,0000;-0,6829;0,3408;0,0000;0,8355;-0,0208;0,0000;0,0000;0,4260;-0,1500;-0,8300;1;0,0000;0,0000;0;1;0;5;0;0
107,4167;254,9309;11,0000;-0,6558;0,3406;0,0000;0,8351;-0,0208;0,0000;0,0000;0,4257;-0,1600;-0,8200;1;0,0000;0,0000;0;1;0;5;0;0
107,4306;255,1751;11,0000;-0,6364;0,3404;0,0000;0,8346;-0,0208;0,0000;0,0000;0,4254;-0,1800;-0,8200;1;0,0000;0,0000;0;1;0;5;0;0
107,4445;255,1751;11,0000;-0,5978;0,3401;0,0000;0,8342;-0,0208;0,0000;0,0000;0,4252;-0,2000;-0,8000;1;0,0000;0,0000;0;1;0;5;0;0
107,4584;255,1751;11,0000;-0,5582;0,3399;0,0000;0,8337;-0,0208;0,0000;0,0000;0,4249;-0,2100;-0,7700;1;0,0000;0,0000;0;1;0;5;0;0
107,4723;255,1751;11,0000;-0,5473;0,3397;0,0000;0,8331;-0,0208;0,0000;0,0000;0,4246;-0,2300;-0,7800;1;0,0000;0,0000;0;1;0;5;0;0
107,4862;255,1751;11,0000;-0,5259;0,3394;0,0000;0,8326;-0,0208;0,0000;0,0000;0,4243;-0,2400;-0,7700;1;0,0000;0,0000;0;1;0;5;0;0
107,5000;255,1855;11,0000;-0,4976;0,3392;0,0000;0,8320;-0,0208;0,0000;0,0000;0,4239;-0,2600;-0,7600;1;0,0000;0,0000;0;1;0;5;0;0
107,5139;255,2280;11,0000;-0,4678;0,3389;0,0000;0,8314;-0,0208;0,0000;0,0000;0,4236;-0,2700;-0,7400;1;0,0000;0,0000;0;1;0;5;0;0
107,5278;255,2704;11,0000;-0,4100;0,3387;0,0000;0,8308;-0,0208;0,0000;0,0000;0,4233;-0,2800;-0,6900;1;0,0000;0,0000;0;1;0;5;0;0
107,5417;255,3129;11,0000;-0,3577;0,3384;0,0000;0,8302;-0,0208;0,0000;0,0000;0,4231;-0,2900;-0,6500;1;0,0000;0,0000;0;1;0;5;0;0
107,5556;255,3553;11,0000;-0,3391;0,3382;0,0000;0,8296;-0,0208;0,0000;0,0000;0,4228;-0,3000;-0,6400;1;0,0000;0,0000;0;1;0;5;0;0
107,5695;255,3977;11,0000;-0,3316;0,3380;0,0000;0,8289;-0,0208;0,0000;0,0000;0,4225;-0,3100;-0,6400;1;0,0000;0,0000;0;1;0;5;0;0
107,5834;255,6326;11,0000;-0,3117;0,3377;0,0000;0,8283;-0,0208;0,0000;0,0000;0,4222;-0,3200;-0,6300;1;0,0000;0,0000;0;1;0;5;0;0
107,5973;255,6326;11,0000;-0,2991;0,3375;0,0000;0,8276;-0,0208;0,0000;0,0000;0,4219;-0,3200;-0,6200;1;0,0000;0,0000;0;1;0;5;0;0
107,6112;255,6326;11,0000;-0,2849;0,3373;0,0000;0,8270;-0,0208;0,0000;0,0000;0,4216;-0,3300;-0,6200;1;0,0000;0,0000;0;1;0;5;0;0
107,6250;255,6326;11,0000;-0,2926;0,3370;0,0000;0,8263;-0,0208;0,0000;0,0000;0,4213;-0,3400;-0,6300;1;0,0000;0,0000;0;1;0;5;0;0
107,6389;255,6326;11,0000;-0,3167;0,3367;0,0000;0,8257;-0,0208;0,0000;0,0000;0,4209;-0,3500;-0,6600;1;0,0000;0,0000;0;1;0;5;0;0
107,6528;255,6524;11,0000;-0,3412;0,3365;0,0000;0,8250;-0,0208;0,0000;0,0000;0,4206;-0,3600;-0,7000;1;0,0000;0,0000;0;1;0;5;0;0
107,6667;255,6948;11,0000;-0,3538;0,3362;0,0000;0,8243;-0,0208;0,0000;0,0000;0,4202;-0,3700;-0,7200;1;0,0000;0,0000;0;1;0;5;0;0
107,6806;255,7372;11,0000;-0,3617;0,3359;0,0000;0,8236;-0,0208;0,0000;0,0000;0,4199;-0,3800;-0,7400;1;0,0000;0,0000;0;1;0;5;0;0
107,6945;255,7797;11,0000;-0,3775;0,3356;0,0000;0,8229;-0,0208;0,0000;0,0000;0,4195;-0,3900;-0,7600;1;0,0000;0,0000;0;1;0;5;0;0
107,7084;255,8221;11,0000;-0,4117;0,3353;0,0000;0,8222;-0,0208;0,0000;0,0000;0,4191;-0,4000;-0,8100;1;0,0000;0,0000;0;1;0;5;0;0
107,7223;256,0829;11,0000;-0,4434;0,3350;0,0000;0,8214;-0,0208;0,0000;0,0000;0,4187;-0,4100;-0,8500;1;0,0000;0,0000;0;1;0;5;0;0
107,7362;256,0829;11,0000;-0,4488;0,3346;0,0000;0,8207;-0,0208;0,0000;0,0000;0,4183;-0,4200;-0,8700;1;0,0000;0,0000;0;1;0;5;0;0
107,7500;256,0829;11,0000;-0,4517;0,3343;0,0000;0,8199;-0,0208;0,0000;0,0000;0,4179;-0,4300;-0,8900;1;0,0000;0,0000;0;1;0;5;0;0
107,7639;256,0829;11,0000;-0,4589;0,3340;0,0000;0,8191;-0,0208;0,0000;0,0000;0,4174;-0,4500;-0,9100;1;0,0000;0,0000;0;1;0;5;0;0
107,7778;256,0829;11,0000;-0,4622;0,3336;0,0000;0,8183;-0,0208;0,0000;0,0000;0,4170;-0,4600;-0,9200;1;0,0000;0,0000;0;1;0;5;0;0
107,7917;256,0829;11,0000;-0,4645;0,3332;0,0000;0,8174;-0,0208;0,0000;0,0000;0,4165;-0,4700;-0,9400;1;0,0000;0,0000;0;1;0;5;0;0
107,8056;256,1192;11,0000;-0,4582;0,3329;0,0000;0,8166;-0,0208;0,0000;0,0000;0,4161;-0,4800;-0,9400;1;0,0000;0,0000;0;1;0;5;0;0
107,8195;256,1616;11,0000;-0,4548;0,3325;0,0000;0,8157;-0,0208;0,0000;0,0000;0,4156;-0,5000;-0,9500;1;0,0000;0,0000;0;1;0;5;0;0
107,8334;256,2041;11,0000;-0,4292;0,3321;0,0000;0,8147;-0,0208;0,0000;0,0000;0,4151;-0,5100;-0,9400;1;0,0000;0,0000;0;1;0;5;0;0
107,8473;256,2465;11,0000;-0,4118;0,3317;0,0000;0,8138;-0,0208;0,0000;0,0000;0,4147;-0,5200;-0,9300;1;0,0000;0,0000;0;1;0;2;0;0
107,8612;256,2889;11,0000;-0,3958;0,3313;0,0000;0,8128;-0,0208;0,0000;0,0000;0,4142;-0,5300;-0,9300;1;0,0000;0,0000;0;1;0;2;0;0
107,8750;256,5446;11,0000;-0,3730;0,3310;0,0000;0,8118;-0,0208;0,0000;0,0000;0,4137;-0,5400;-0,9100;1;0,0000;0,0000;0;1;0;2;0;0
107,8889;256,5446;11,0000;-0,3550;0,3306;0,0000;0,8108;-0,0208;0,0000;0,0000;0,4132;-0,5500;-0,9000;1;0,0000;0,0000;0;1;0;2;0;0
107,9028;256,5446;11,0000;-0,3367;0,3302;0,0000;0,8098;-0,0208;0,0000;0,0000;0,4127;-0,5600;-0,9000;1;0,0000;0,0000;0;1;0;2;0;0
107,9167;256,5446;11,0000;-0,3232;0,3298;0,0000;0,8088;-0,0208;0,0000;0,0000;0,4123;-0,5700;-0,8900;1;0,0000;0,0000;0;1;0;2;0;0
107,9306;256,5446;11,0000;-0,3102;0,3294;0,0000;0,8077;-0,0208;0,0000;0,0000;0,4118;-0,5800;-0,8900;1;0,0000;0,0000;0;1;0;2;0;0
107,9445;256,5446;10,8000;-0,3008;0,3290;0,0000;0,8066;-0,0208;0,0000;0,0000;0,4113;-0,5800;-0,8800;1;0,0000;0,0000;0;1;0;2;0;0
107,9584;256,5852;10,8000;-0,2920;0,3286;0,0000;0,8056;-0,0208;0,0000;0,0000;0,4108;-0,5900;-0,8800;1;0,0000;0,0000;0;1;0;2;0;0
107,9723;256,6269;10,8000;-0,2869;0,3282;0,0000;0,8045;-0,0208;0,0000;0,0000;0,4103;-0,6000;-0,8800;1;0,0000;0,0000;0;1;0;2;0;0
107,9862;256,6685;10,8000;-0,2834;0,3279;0,0000;0,8034;-0,0208;0,0000;0,0000;0,4098;-0,6000;-0,8900;1;0,0000;0,0000;0;1;0;2;0;0
108,0000;256,7102;10,8000;-0,2874;0,3275;0,0000;0,8023;-0,0208;0,0000;0,0000;0,4093;-0,6100;-0,9000;1;0,0000;0,0000;0;1;0;2;0;0
108,0139;256,7519;10,8000;-0,2959;0,3270;0,0000;0,8012;-0,0208;0,0000;0,0000;0,4088;-0,6200;-0,9200;1;0,0000;0,0000;0;1;0;2;0;0
108,0278;257,0005;10,8000;-0,3104;0,3266;0,0000;0,8001;-0,0208;0,0000;0,0000;0,4083;-0,6300;-0,9400;1;0,0000;0,0000;0;1;0;2;0;0
108,0417;257,0005;10,8000;-0,3298;0,3262;0,0000;0,7989;-0,0208;0,0000;0,0000;0,4077;-0,6400;-0,9700;1;0,0000;0,0000;0;1;0;2;0;0
108,0556;257,0005;10,8000;-0,3397;0,3257;0,0000;0,7978;-0,0208;0,0000;0,0000;0,4072;-0,6500;-0,9900;1;0,0000;0,0000;0;1;0;2;0;0
108,0695;257,0005;10,8000;-0,3652;0,3253;0,0000;0,7966;-0,0208;0,0000;0,0000;0,4066;-0,6600;-1,0200;1;0,0000;0,0000;0;1;0;2;0;0
108,0834;257,0005;10,8000;-0,3854;0,3249;0,0000;0,7954;-0,0208;0,0000;0,0000;0,4061;-0,6700;-1,0500;1;0,0000;0,0000;0;1;0;2;0;0
108,0973;257,0018;10,8000;-0,3895;0,3244;0,0000;0,7943;-0,0208;0,0000;0,0000;0,4055;-0,6800;-1,0700;1;0,0000;0,0000;0;1;0;2;0;0
108,1112;257,0435;10,8000;-0,3957;0,3239;0,0000;0,7930;-0,0208;0,0000;0,0000;0,4049;-0,6900;-1,0800;1;0,0000;0,0000;0;1;0;2;0;0
108,1250;257,0852;10,8000;-0,4004;0,3234;0,0000;0,7918;-0,0208;0,0000;0,0000;0,4043;-0,7000;-1,1000;1;0,0000;0,0000;0;1;0;2;0;0
108,1389;257,1268;10,8000;-0,3955;0,3229;0,0000;0,7905;-0,0208;0,0000;0,0000;0,4037;-0,7100;-1,1000;1;0,0000;0,0000;0;1;0;2;0;0
108,1528;257,1685;10,8000;-0,3836;0,3224;0,0000;0,7892;-0,0208;0,0000;0,0000;0,4030;-0,7200;-1,1000;1;0,0000;0,0000;0;1;0;2;0;0
108,1667;257,2101;10,8000;-0,3567;0,3220;0,0000;0,7879;-0,0208;0,0000;0,0000;0,4024;-0,7300;-1,0900;1;0,0000;0,0000;0;1;0;2;0;0
108,1806;257,4511;10,8000;-0,3328;0,3215;0,0000;0,7866;-0,0208;0,0000;0,0000;0,4018;-0,7400;-1,0700;1;0,0000;0,0000;0;1;0;2;0;0
108,1945;257,4511;10,8000;-0,2923;0,3210;0,0000;0,7852;-0,0208;0,0000;0,0000;0,4012;-0,7500;-1,0400;1;0,0000;0,0000;0;1;0;2;0;0
108,2084;257,4511;10,8000;-0,2518;0,3205;0,0000;0,7838;-0,0208;0,0000;0,0000;0,4006;-0,7500;-1,0100;1;0,0000;0,0000;0;1;0;2;0;0
108,2223;257,4511;10,8000;-0,2061;0,3200;0,0000;0,7824;-0,0208;0,0000;0,0000;0,4000;-0,7600;-0,9600;1;0,0000;0,0000;0;1;0;2;0;0
108,2362;257,4511;10,8000;-0,1430;0,3195;0,0000;0,7810;-0,0208;0,0000;0,0000;0,3994;-0,7600;-0,9000;1;0,0000;0,0000;0;1;0;2;0;0
108,2500;257,4601;10,8000;-0,0702;0,3191;0,0000;0,7796;-0,0208;0,0000;0,0000;0,3989;-0,7600;-0,8300;1;0,0000;0,0000;0;1;0;2;0;0
108,2639;257,5018;10,8000;-0,0121;0,3187;0,0000;0,7782;-0,0208;0,0000;0,0000;0,3983;-0,7600;-0,7800;1;0,0000;0,0000;0;1;0;2;0;0
108,2778;257,5435;10,8000;0,0467;0,3182;0,0000;0,7768;-0,0208;0,0000;0,0000;0,3978;-0,7600;-0,7100;1;0,0000;0,0000;0;1;0;2;0;0
108,2917;257,5851;10,8000;0,0945;0,3178;0,0000;0,7754;-0,0208;0,0000;0,0000;0,3973;-0,7600;-0,6600;1;0,0000;0,0000;0;1;0;2;0;0
108,3056;257,6268;10,8000;0,1446;0,3174;0,0000;0,7740;-0,0208;0,0000;0,0000;0,3968;-0,7500;-0,6100;1;0,0000;0,0000;0;1;0;2;0;0
108,3195;257,6684;10,8000;0,2122;0,3171;0,0000;0,7726;-0,0208;0,0000;0,0000;0,3963;-0,7500;-0,5300;1;0,0000;0,0000;0;1;0;2;0;0
108,3334;257,9091;10,8000;0,2551;0,3167;0,0000;0,7713;-0,0208;0,0000;0,0000;0,3959;-0,7400;-0,4800;1;0,0000;0,0000;0;1;0;2;0;0
108,3473;257,9091;10,8000;0,2801;0,3164;0,0000;0,7700;-0,0208;0,0000;0,0000;0,3955;-0,7300;-0,4500;1;0,0000;0,0000;0;1;0;2;0;0
108,3612;257,9091;10,8000;0,3203;0,3160;0,0000;0,7687;-0,0208;0,0000;0,0000;0,3950;-0,7200;-0,4000;1;0,0000;0,0000;0;1;0;2;0;0
108,3750;257,9091;10,8000;0,3525;0,3157;0,0000;0,7674;-0,0208;0,0000;0,0000;0,3946;-0,7100;-0,3600;1;0,0000;0,0000;0;1;0;2;0;0
108,3889;257,9091;10,8000;0,3795;0,3154;0,0000;0,7662;-0,0208;0,0000;0,0000;0,3942;-0,7000;-0,3200;1;0,0000;0,0000;0;1;0;2;0;0
108,4028;257,9184;10,8000;0,3940;0,3151;0,0000;0,7650;-0,0208;0,0000;0,0000;0,3938;-0,6900;-0,3000;1;0,0000;0,0000;0;1;0;2;0;0
108,4167;257,9601;10,8000;0,4166;0,3148;0,0000;0,7638;-0,0208;0,0000;0,0000;0,3935;-0,6800;-0,2600;1;0,0000;0,0000;0;1;0;2;0;0
108,4306;258,0018;10,8000;0,4400;0,3145;0,0000;0,7627;-0,0208;0,0000;0,0000;0,3931;-0,6600;-0,2200;1;0,0000;0,0000;0;1;0;2;0;0
108,4445;258,0434;10,8000;0,4558;0,3142;0,0000;0,7616;-0,0208;0,0000;0,0000;0,3928;-0,6500;-0,2000;1;0,0000;0,0000;0;1;0;2;0;0
108,4584;258,0851;10,8000;0,4740;0,3140;0,0000;0,7605;-0,0208;0,0000;0,0000;0,3925;-0,6400;-0,1600;1;0,0000;0,0000;0;1;0;2;0;0
108,4723;258,1268;10,8000;0,4855;0,3137;0,0000;0,7595;-0,0208;0,0000;0,0000;0,3922;-0,6200;-0,1400;1;0,0000;0,0000;0;1;0;2;0;0
108,4862;258,3674;10,8000;0,4911;0,3135;0,0000;0,7585;-0,0208;0,0000;0,0000;0,3919;-0,6100;-0,1200;1;0,0000;0,0000;0;1;0;2;0;0
108,5000;258,3674;10,8000;0,4950;0,3133;0,0000;0,7575;-0,0208;0,0000;0,0000;0,3916;-0,6000;-0,1000;1;0,0000;0,0000;0;1;0;2;0;0
108,5139;258,3674;10,8000;0,4935;0,3130;0,0000;0,7566;-0,0208;0,0000;0,0000;0,3913;-0,5800;-0,0900;1;0,0000;0,0000;0;1;0;2;0;0
108,5278;258,3674;10,8000;0,4891;0,3128;0,0000;0,7557;-0,0208;0,0000;0,0000;0,3910;-0,5700;-0,0800;1;0,0000;0,0000;0;1;0;2;0;0
108,5417;258,3674;10,8000;0,4819;0,3126;0,0000;0,7548;-0,0208;0,0000;0,0000;0,3908;-0,5500;-0,0700;1;0,0000;0,0000;0;1;0;2;0;0
108,5556;258,3767;10,8000;0,4710;0,3124;0,0000;0,7540;-0,0208;0,0000;0,0000;0,3905;-0,5400;-0,0700;1;0,0000;0,0000;0;1;0;2;0;0
108,5695;258,4184;10,8000;0,4620;0,3122;0,0000;0,7532;-0,0208;0,0000;0,0000;0,3903;-0,5300;-0,0600;1;0,0000;0,0000;0;1;0;2;0;0
108,5834;258,4601;10,8000;0,4537;0,3120;0,0000;0,7524;-0,0208;0,0000;0,0000;0,3901;-0,5100;-0,0600;1;0,0000;0,0000;0;1;0;2;0;0
108,5973;258,5017;10,8000;0,4399;0,3119;0,0000;0,7517;-0,0208;0,0000;0,0000;0,3898;-0,5000;-0,0600;1;0,0000;0,0000;0;1;0;2;0;0
108,6112;258,5434;10,8000;0,4260;0,3117;0,0000;0,7509;-0,0208;0,0000;0,0000;0,3896;-0,4900;-0,0600;1;0,0001;0,0000;0;1;0;2;0;0
108,6250;258,5851;10,8000;0,4107;0,3115;0,0000;0,7502;-0,0208;0,0000;0,0000;0,3894;-0,4800;-0,0700;1;0,0001;0,0000;0;1;0;2;0;0
108,6389;258,8225;10,8000;0,3966;0,3113;0,0000;0,7496;-0,0208;0,0000;0,0000;0,3892;-0,4600;-0,0700;1;0,0002;0,0000;0;1;0;2;0;0
108,6528;258,8225;10,8000;0,3857;0,3112;0,0000;0,7489;-0,0208;0,0000;0,0000;0,3890;-0,4500;-0,0700;1;0,0002;0,0000;0;1;0;2;0;0
108,6667;258,8225;10,8000;0,3771;0,3110;0,0000;0,7483;-0,0208;0,0000;0,0000;0,3888;-0,4400;-0,0600;1;0,0002;0,0000;0;1;0;2;0;0
