# Study: LKA_Haptics | Participant: 12 | Condition: BaselineCC | Init: 20260129_111249 | Roadwidth_halfmeters: 1.25 | LKA_deadzone: 0.4 | Min_Vib_Pecentage: 0.2 | Max_Vib_Percentage: 0.4
Timestamp;Trackposition;Speed_KmH;SteerAngle;CTE_Norm;Haptic_L_Norm;Haptic_R_Norm;LkaPIDError;LkaNormEffort;LkaNormCTE;CTE_Meters;B_HeadingError_Deg;W_HeadingError_Deg;IsOnStraight;TrackCurvature_1/Meters;TrackRadius_Meters;LKA_Engaged;LKA_Switch;MotorDir;SecTaskNum;SecTaskIsTarget;SecTaskPressed
0,0000;260,6377;4,9000;-1,3395;0,0200;0,0000;0,0000;0,0000;0,0000;0,0000;0,0250;0,6000;-0,7400;1;0,0000;0,0000;0;1;1;3;0;0
0,0139;260,6377;4,9000;-1,3994;0,0200;0,0000;0,0000;0,0000;0,0000;0,0000;0,0250;0,5800;-0,8200;1;0,0000;0,0000;0;1;1;3;0;0
0,0278;260,6377;4,9000;-1,4479;0,0200;0,0000;0,0000;0,0000;0,0000;0,0000;0,0251;0,5600;-0,8800;1;0,0000;0,0000;0;1;1;3;0;0
0,0417;260,6377;4,9000;-1,4605;0,0201;0,0000;0,0000;0,0000;0,0000;0,0000;0,0251;0,5500;-0,9100;1;0,0000;0,0000;0;1;1;3;0;0
0,0556;260,6377;4,9000;-1,4614;0,0201;0,0000;0,0000;0,0000;0,0000;0,0000;0,0251;0,5300;-0,9300;1;0,0000;0,0000;0;1;1;3;0;0
0,0695;260,6377;4,9000;-1,4634;0,0201;0,0000;0,0000;0,0000;0,0000;0,0000;0,0251;0,5100;-0,9500;1;0,0000;0,0000;0;1;1;3;0;0
0,0834;260,6377;4,9000;-1,4636;0,0201;0,0000;0,0000;0,0000;0,0000;0,0000;0,0251;0,4900;-0,9700;1;0,0000;0,0000;0;1;1;3;0;0
0,0973;260,6377;4,9000;-1,4652;0,0201;0,0000;0,0000;0,0000;0,0000;0,0000;0,0251;0,4700;-0,9900;1;0,0000;0,0000;0;1;1;3;0;0
0,1111;260,6377;4,9000;-1,4660;0,0201;0,0000;0,0000;0,0000;0,0000;0,0000;0,0251;0,4600;-1,0100;1;0,0000;0,0000;0;1;1;3;0;0
0,1250;260,6377;4,9000;-1,4534;0,0200;0,0000;0,0000;0,0000;0,0000;0,0000;0,0251;0,4400;-1,0100;1;0,0000;0,0000;0;1;1;3;0;0
0,1389;260,4080;4,9000;-1,4223;0,0200;0,0000;0,0000;0,0000;0,0000;0,0000;0,0250;0,4200;-1,0000;1;0,0000;0,0000;0;1;1;3;0;0
0,1528;260,3891;4,9000;-1,3694;0,0200;0,0000;0,0000;0,0000;0,0000;0,0000;0,0250;0,4000;-0,9600;1;0,0000;0,0000;0;1;1;3;0;0
0,1667;260,3702;4,9000;-1,3234;0,0200;0,0000;0,0000;0,0000;0,0000;0,0000;0,0250;0,3900;-0,9300;1;0,0000;0,0000;0;1;1;3;0;0
0,1806;260,3513;4,9000;-1,2994;0,0200;0,0000;0,0000;0,0000;0,0000;0,0000;0,0250;0,3700;-0,9300;1;0,0000;0,0000;0;1;1;3;0;0
0,1945;260,3324;4,9000;-1,2696;0,0200;0,0000;0,0000;0,0000;0,0000;0,0000;0,0250;0,3600;-0,9100;1;0,0000;0,0000;0;1;1;3;0;0
0,2084;260,3135;4,9000;-1,2542;0,0200;0,0000;0,0000;0,0000;0,0000;0,0000;0,0250;0,3400;-0,9100;1;0,0000;0,0000;0;1;1;3;0;0
0,2223;260,2946;4,9000;-1,2460;0,0199;0,0000;0,0000;0,0000;0,0000;0,0000;0,0249;0,3300;-0,9200;1;0,0000;0,0000;0;1;1;3;0;0
0,2361;260,2757;4,9000;-1,2419;0,0199;0,0000;0,0000;0,0000;0,0000;0,0000;0,0249;0,3100;-0,9300;1;0,0000;0,0000;0;1;1;3;0;0
0,2500;260,2568;4,9000;-1,2352;0,0199;0,0000;0,0000;0,0000;0,0000;0,0000;0,0248;0,3000;-0,9400;1;0,0000;0,0000;0;1;1;3;0;0
0,2639;260,2379;4,9000;-1,2211;0,0198;0,0000;0,0000;0,0000;0,0000;0,0000;0,0248;0,2800;-0,9400;1;0,0000;0,0000;0;1;1;3;0;0
0,2778;260,2189;4,9000;-1,1845;0,0198;0,0000;0,0000;0,0000;0,0000;0,0000;0,0248;0,2700;-0,9200;1;0,0000;0,0000;0;1;1;3;0;0
0,2917;260,2000;4,9000;-1,1521;0,0198;0,0000;0,0000;0,0000;0,0000;0,0000;0,0247;0,2500;-0,9000;1;0,0000;0,0000;0;1;1;3;0;0
0,3056;260,1814;4,9000;-1,1394;0,0198;0,0000;0,0000;0,0000;0,0000;0,0000;0,0247;0,2400;-0,9000;1;0,0000;0,0000;0;1;1;3;0;0
0,3195;260,1814;4,9000;-1,1381;0,0197;0,0000;0,0000;0,0000;0,0000;0,0000;0,0246;0,2300;-0,9100;1;0,0000;0,0000;0;1;1;3;0;0
0,3334;260,1814;4,9000;-1,1675;0,0197;0,0000;0,0000;0,0000;0,0000;0,0000;0,0246;0,2100;-0,9600;1;0,0000;0,0000;0;1;1;3;0;0
0,3473;260,1814;4,9000;-1,2051;0,0196;0,0000;0,0000;0,0000;0,0000;0,0000;0,0245;0,2000;-1,0100;1;0,0000;0,0000;0;1;1;3;0;0
0,3611;260,1814;4,9000;-1,2419;0,0195;0,0000;0,0000;0,0000;0,0000;0,0000;0,0244;0,1800;-1,0600;1;0,0000;0,0000;0;1;1;3;0;0
0,3750;260,1814;4,9000;-1,2736;0,0194;0,0000;0,0000;0,0000;0,0000;0,0000;0,0243;0,1700;-1,1100;1;0,0000;0,0000;0;1;1;3;0;0
0,3889;260,1814;4,9000;-1,3013;0,0194;0,0000;0,0000;0,0000;0,0000;0,0000;0,0242;0,1500;-1,1500;1;0,0000;0,0000;0;1;1;3;0;0
0,4028;260,1814;4,9000;-1,3236;0,0193;0,0000;0,0000;0,0000;0,0000;0,0000;0,0241;0,1300;-1,1900;1;0,0000;0,0000;0;1;1;3;0;0
0,4167;260,1814;4,9000;-1,3399;0,0192;0,0000;0,0000;0,0000;0,0000;0,0000;0,0240;0,1200;-1,2200;1;0,0000;0,0000;0;1;1;3;0;0
0,4306;260,1814;4,9000;-1,3471;0,0191;0,0000;0,0000;0,0000;0,0000;0,0000;0,0239;0,1000;-1,2500;1;0,0000;0,0000;0;1;1;3;0;0
0,4445;260,1814;4,9000;-1,3434;0,0190;0,0000;0,0000;0,0000;0,0000;0,0000;0,0237;0,0800;-1,2600;1;0,0000;0,0000;0;1;1;3;0;0
0,4584;260,1814;4,9000;-1,3179;0,0189;0,0000;0,0000;0,0000;0,0000;0,0000;0,0236;0,0700;-1,2500;1;0,0000;0,0000;0;1;1;3;0;0
0,4723;260,1814;4,9000;-1,2600;0,0188;0,0000;0,0000;0,0000;0,0000;0,0000;0,0235;0,0500;-1,2100;1;0,0000;0,0000;0;1;1;3;0;0
0,4861;259,9353;4,9000;-1,1516;0,0187;0,0000;0,0000;0,0000;0,0000;0,0000;0,0234;0,0300;-1,1100;1;0,0000;0,0000;0;1;1;3;0;0
0,5000;259,9164;4,9000;-1,0344;0,0186;0,0000;0,0000;0,0000;0,0000;0,0000;0,0233;0,0200;-1,0100;1;0,0000;0,0000;0;1;1;3;0;0
0,5139;259,8975;4,9000;-0,8321;0,0185;0,0000;0,0000;0,0000;0,0000;0,0000;0,0232;0,0000;-0,8200;1;0,0000;0,0000;0;1;1;3;0;0
0,5278;259,8786;4,9000;-0,7741;0,0185;0,0000;0,0000;0,0000;0,0000;0,0000;0,0231;0,0000;-0,7700;1;0,0000;0,0000;0;1;1;3;0;0
0,5417;259,8597;5,3000;-0,6030;0,0184;0,0000;0,0000;0,0000;0,0000;0,0000;0,0230;0,0000;-0,6000;1;0,0000;0,0000;0;1;1;3;0;0
0,5556;259,8393;5,3000;-0,3722;0,0184;0,0000;0,0000;0,0000;0,0000;0,0000;0,0230;0,0000;-0,3800;1;0,0000;0,0000;0;1;1;3;0;0
0,5695;259,8188;5,3000;-0,1848;0,0184;0,0000;0,0000;0,0000;0,0000;0,0000;0,0230;0,0000;-0,1900;1;0,0000;0,0000;0;1;1;3;0;0
0,5834;259,7984;5,3000;-0,0373;0,0184;0,0000;0,0000;0,0000;0,0000;0,0000;0,0230;0,0000;-0,0400;1;0,0000;0,0000;0;1;1;3;0;0
0,5973;259,7779;5,3000;0,0114;0,0184;0,0000;0,0000;0,0000;0,0000;0,0000;0,0230;0,0000;0,0000;1;0,0000;0,0000;0;1;1;3;0;0
0,6111;259,7575;5,3000;-0,0676;0,0184;0,0000;0,0000;0,0000;0,0000;0,0000;0,0231;0,0000;-0,0700;1;0,0000;0,0000;0;1;1;3;0;0
0,6250;259,7370;5,3000;-0,0048;0,0184;0,0000;0,0000;0,0000;0,0000;0,0000;0,0231;0,0000;0,0000;1;0,0000;0,0000;0;1;1;3;0;0
0,6389;259,7258;5,3000;0,1529;0,0185;0,0000;0,0000;0,0000;0,0000;0,0000;0,0231;0,0000;0,1500;1;0,0000;0,0000;0;1;1;3;0;0
0,6528;259,7258;5,3000;0,2370;0,0185;0,0000;0,0000;0,0000;0,0000;0,0000;0,0231;0,0000;0,2300;1;0,0000;0,0000;0;1;1;3;0;0
0,6667;259,7258;5,3000;0,2731;0,0185;0,0000;0,0000;0,0000;0,0000;0,0000;0,0232;0,0000;0,2700;1;0,0000;0,0000;0;1;1;3;0;0
0,6806;259,7258;5,3000;0,3076;0,0186;0,0000;0,0000;0,0000;0,0000;0,0000;0,0232;0,0000;0,3100;1;0,0000;0,0000;0;1;1;3;0;0
0,6945;259,7258;5,3000;0,3302;0,0186;0,0000;0,0000;0,0000;0,0000;0,0000;0,0233;0,0000;0,3400;1;0,0000;0,0000;0;1;1;3;0;0
0,7084;259,7258;5,3000;0,4270;0,0187;0,0000;0,0000;0,0000;0,0000;0,0000;0,0234;0,0000;0,4400;1;0,0000;0,0000;0;1;1;3;0;0
0,7223;259,7258;5,3000;0,5011;0,0188;0,0000;0,0000;0,0000;0,0000;0,0000;0,0234;0,0000;0,5200;1;0,0000;0,0000;0;1;1;3;0;0
0,7361;259,7258;5,3000;0,5190;0,0188;0,0000;0,0000;0,0000;0,0000;0,0000;0,0235;0,0200;0,5500;1;0,0000;0,0000;0;1;1;3;0;0
0,7500;259,7258;5,3000;0,5089;0,0189;0,0000;0,0000;0,0000;0,0000;0,0000;0,0236;0,0300;0,5400;1;0,0000;0,0000;0;1;1;3;0;0
0,7639;259,7258;5,3000;0,4894;0,0190;0,0000;0,0000;0,0000;0,0000;0,0000;0,0237;0,0400;0,5300;1;0,0000;0,0000;0;1;1;3;0;0
0,7778;259,7258;5,3000;0,4656;0,0190;0,0000;0,0000;0,0000;0,0000;0,0000;0,0238;0,0400;0,5100;1;0,0000;0,0000;0;1;1;3;0;0
0,7917;259,4917;5,1000;0,4406;0,0191;0,0000;0,0000;0,0000;0,0000;0,0000;0,0239;0,0500;0,4900;1;0,0000;0,0000;0;1;1;3;0;0
0,8056;259,4720;5,1000;0,4370;0,0192;0,0000;0,0000;0,0000;0,0000;0,0000;0,0240;0,0600;0,4900;1;0,0000;0,0000;0;1;1;3;0;0
0,8195;259,4523;5,1000;0,4231;0,0192;0,0000;0,0000;0,0000;0,0000;0,0000;0,0240;0,0600;0,4800;1;0,0000;0,0000;0;1;1;3;0;0
0,8334;259,4326;5,1000;0,3968;0,0193;0,0000;0,0000;0,0000;0,0000;0,0000;0,0241;0,0700;0,4600;1;0,0000;0,0000;0;1;1;3;0;0
0,8473;259,4130;5,1000;0,3516;0,0194;0,0000;0,0000;0,0000;0,0000;0,0000;0,0242;0,0700;0,4200;1;0,0000;0,0000;0;1;1;3;0;0
0,8611;259,3933;5,1000;0,3145;0,0194;0,0000;0,0000;0,0000;0,0000;0,0000;0,0243;0,0700;0,3900;1;0,0000;0,0000;0;1;1;3;0;0
0,8750;259,3736;5,1000;0,2935;0,0195;0,0000;0,0000;0,0000;0,0000;0,0000;0,0244;0,0700;0,3700;1;0,0000;0,0000;0;1;1;3;0;0
0,8889;259,3539;5,1000;0,2809;0,0195;0,0000;0,0000;0,0000;0,0000;0,0000;0,0244;0,0800;0,3600;1;0,0000;0,0000;0;1;1;3;0;0
0,9028;259,3343;5,1000;0,2775;0,0196;0,0000;0,0000;0,0000;0,0000;0,0000;0,0245;0,0800;0,3600;1;0,0000;0,0000;0;1;1;3;0;0
0,9167;259,3146;5,1000;0,2694;0,0197;0,0000;0,0000;0,0000;0,0000;0,0000;0,0246;0,0800;0,3500;1;0,0000;0,0000;0;1;1;3;0;0
0,9306;259,2949;5,1000;0,2499;0,0197;0,0000;0,0000;0,0000;0,0000;0,0000;0,0246;0,0900;0,3400;1;0,0000;0,0000;0;1;1;3;0;0
0,9445;259,2782;5,1000;0,2351;0,0198;0,0000;0,0000;0,0000;0,0000;0,0000;0,0247;0,0900;0,3300;1;0,0000;0,0000;0;1;1;3;0;0
0,9584;259,2782;5,1000;0,2186;0,0198;0,0000;0,0000;0,0000;0,0000;0,0000;0,0248;0,0900;0,3100;1;0,0000;0,0000;0;1;1;3;0;0
0,9723;259,2782;5,1000;0,1826;0,0199;0,0000;0,0000;0,0000;0,0000;0,0000;0,0248;0,0900;0,2800;1;0,0000;0,0000;0;1;1;3;0;0
0,9861;259,2782;5,1000;0,1680;0,0199;0,0000;0,0000;0,0000;0,0000;0,0000;0,0249;0,0900;0,2600;1;0,0000;0,0000;0;1;1;3;0;0
1,0000;259,2782;5,1000;0,1370;0,0200;0,0000;0,0000;0,0000;0,0000;0,0000;0,0250;0,1000;0,2300;1;0,0000;0,0000;0;1;1;5;0;0
1,0139;259,2782;5,1000;0,1178;0,0200;0,0000;0,0000;0,0000;0,0000;0,0000;0,0250;0,1000;0,2200;1;0,0000;0,0000;0;1;1;5;0;0
1,0278;259,2782;5,1000;0,1089;0,0201;0,0000;0,0000;0,0000;0,0000;0,0000;0,0251;0,1000;0,2100;1;0,0000;0,0000;0;1;1;5;0;0
1,0417;259,2782;5,1000;0,1076;0,0201;0,0000;0,0000;0,0000;0,0000;0,0000;0,0252;0,1000;0,2100;1;0,0000;0,0000;0;1;1;5;0;0
1,0556;259,2782;5,1000;0,1142;0,0202;0,0000;0,0000;0,0000;0,0000;0,0000;0,0252;0,1000;0,2100;1;0,0000;0,0000;0;1;1;5;0;0
1,0695;259,2782;5,1000;0,1205;0,0202;0,0000;0,0000;0,0000;0,0000;0,0000;0,0253;0,1000;0,2200;1;0,0000;0,0000;0;1;1;5;0;0
1,0834;259,2782;5,1000;0,1232;0,0203;0,0000;0,0000;0,0000;0,0000;0,0000;0,0253;0,1000;0,2300;1;0,0000;0,0000;0;1;1;5;0;0
1,0973;259,2782;5,1000;0,1246;0,0203;0,0000;0,0000;0,0000;0,0000;0,0000;0,0254;0,1000;0,2300;1;0,0000;0,0000;0;1;1;5;0;0
1,1111;259,0391;5,1000;0,1268;0,0204;0,0000;0,0000;0,0000;0,0000;0,0000;0,0255;0,1000;0,2300;1;0,0001;0,0000;0;1;1;5;0;0
1,1250;259,0194;5,1000;0,1291;0,0204;0,0000;0,0000;0,0000;0,0000;0,0000;0,0255;0,1000;0,2300;1;0,0001;0,0000;0;1;1;5;0;0
1,1389;258,9998;5,1000;0,1297;0,0205;0,0000;0,0000;0,0000;0,0000;0,0000;0,0256;0,1100;0,2400;1;0,0001;0,0000;0;1;1;5;0;0
1,1528;258,9801;5,1000;0,1260;0,0205;0,0000;0,0000;0,0000;0,0000;0,0000;0,0257;0,1100;0,2300;1;0,0001;0,0000;0;1;1;5;0;0
1,1667;258,9604;5,1000;0,1156;0,0206;0,0000;0,0000;0,0000;0,0000;0,0000;0,0257;0,1100;0,2200;1;0,0001;0,0000;0;1;1;5;0;0
1,1806;258,9407;5,1000;0,1079;0,0206;0,0000;0,0000;0,0000;0,0000;0,0000;0,0258;0,1100;0,2200;1;0,0001;0,0000;0;1;1;5;0;0
1,1945;258,9211;5,1000;0,0977;0,0207;0,0000;0,0000;0,0000;0,0000;0,0000;0,0258;0,1100;0,2100;1;0,0001;0,0000;0;1;1;5;0;0
1,2084;258,9014;5,1000;0,0920;0,0207;0,0000;0,0000;0,0000;0,0000;0,0000;0,0259;0,1100;0,2000;1;0,0001;0,0000;0;1;1;5;0;0
1,2223;258,8817;5,1000;0,0870;0,0208;0,0000;0,0000;0,0000;0,0000;0,0000;0,0260;0,1100;0,2000;1;0,0001;0,0000;0;1;1;5;0;0
1,2361;258,8620;5,1000;0,0898;0,0208;0,0000;0,0000;0,0000;0,0000;0,0000;0,0260;0,1100;0,2000;1;0,0001;0,0000;0;1;1;5;0;0
1,2500;258,8423;5,1000;0,0945;0,0209;0,0000;0,0000;0,0000;0,0000;0,0000;0,0261;0,1100;0,2100;1;0,0001;0,0000;0;1;1;5;0;0
1,2639;258,8227;5,1000;0,0972;0,0209;0,0000;0,0000;0,0000;0,0000;0,0000;0,0262;0,1100;0,2100;1;0,0002;0,0000;0;1;1;5;0;0
1,2778;258,8225;5,1000;0,1079;0,0210;0,0000;0,0000;0,0000;0,0000;0,0000;0,0262;0,1100;0,2200;1;0,0002;0,0000;0;1;1;5;0;0
1,2917;258,8225;5,6000;0,1266;0,0210;0,0000;0,0000;0,0000;0,0000;0,0000;0,0263;0,1200;0,2400;1;0,0002;0,0000;0;1;1;5;0;0
1,3056;258,8225;5,6000;0,1738;0,0211;0,0000;0,0000;0,0000;0,0000;0,0000;0,0264;0,1200;0,2900;1;0,0002;0,0000;0;1;1;5;0;0
1,3195;258,8225;5,6000;0,2264;0,0212;0,0000;0,0000;0,0000;0,0000;0,0000;0,0265;0,1200;0,3500;1;0,0002;0,0000;0;1;1;5;0;0
1,3334;258,8225;5,6000;0,2622;0,0212;0,0000;0,0000;0,0000;0,0000;0,0000;0,0265;0,1200;0,3900;1;0,0002;0,0000;0;1;1;5;0;0
1,3473;258,8225;5,6000;0,3017;0,0213;0,0000;0,0000;0,0000;0,0000;0,0000;0,0267;0,1300;0,4300;1;0,0002;0,0000;0;1;1;5;0;0
1,3611;258,8225;5,6000;0,3335;0,0214;0,0000;0,0000;0,0000;0,0000;0,0000;0,0268;0,1300;0,4700;1;0,0002;0,0000;0;1;1;5;0;0
1,3750;258,8225;5,6000;0,3621;0,0215;0,0000;0,0000;0,0000;0,0000;0,0000;0,0269;0,1400;0,5000;1;0,0002;0,0000;0;1;1;5;0;0
1,3889;258,8225;5,6000;0,3934;0,0216;0,0000;0,0000;0,0000;0,0000;0,0000;0,0270;0,1500;0,5400;1;0,0002;0,0000;0;1;1;5;0;0
1,4028;258,8225;5,6000;0,4169;0,0217;0,0000;0,0000;0,0000;0,0000;0,0000;0,0271;0,1500;0,5700;1;0,0002;0,0000;0;1;1;5;0;0
1,4167;258,5889;5,6000;0,4408;0,0218;0,0000;0,0000;0,0000;0,0000;0,0000;0,0272;0,1600;0,6000;1;0,0001;0,0000;0;1;1;5;0;0
1,4306;258,5673;5,6000;0,4624;0,0219;0,0000;0,0000;0,0000;0,0000;0,0000;0,0273;0,1700;0,6300;1;0,0001;0,0000;0;1;1;5;0;0
1,4445;258,5457;5,6000;0,4805;0,0220;0,0000;0,0000;0,0000;0,0000;0,0000;0,0275;0,1700;0,6500;1;0,0001;0,0000;0;1;1;5;0;0
1,4584;258,5240;5,6000;0,4868;0,0221;0,0000;0,0000;0,0000;0,0000;0,0000;0,0276;0,1800;0,6700;1;0,0001;0,0000;0;1;1;5;0;0
1,4723;258,5024;5,6000;0,4889;0,0222;0,0000;0,0000;0,0000;0,0000;0,0000;0,0277;0,1900;0,6800;1;0,0000;0,0000;0;1;1;5;0;0
1,4861;258,4808;5,6000;0,4819;0,0223;0,0000;0,0000;0,0000;0,0000;0,0000;0,0278;0,1900;0,6800;1;0,0000;0,0000;0;1;1;5;0;0
1,5000;258,4592;5,6000;0,4713;0,0224;0,0000;0,0000;0,0000;0,0000;0,0000;0,0280;0,2000;0,6700;1;0,0000;0,0000;0;1;1;5;0;0
1,5139;258,4376;5,6000;0,4595;0,0225;0,0000;0,0000;0,0000;0,0000;0,0000;0,0281;0,2100;0,6700;1;0,0000;0,0000;0;1;1;5;0;0
1,5278;258,4160;5,6000;0,4431;0,0226;0,0000;0,0000;0,0000;0,0000;0,0000;0,0282;0,2200;0,6600;1;0,0000;0,0000;0;1;1;5;0;0
1,5417;258,3944;5,6000;0,4203;0,0227;0,0000;0,0000;0,0000;0,0000;0,0000;0,0284;0,2200;0,6400;1;0,0000;0,0000;0;1;1;5;0;0
1,5556;258,3728;5,6000;0,3855;0,0228;0,0000;0,0000;0,0000;0,0000;0,0000;0,0285;0,2300;0,6200;1;0,0000;0,0000;0;1;1;5;0;0
1,5695;258,3674;5,6000;0,3472;0,0229;0,0000;0,0000;0,0000;0,0000;0,0000;0,0286;0,2300;0,5800;1;0,0000;0,0000;0;1;1;5;0;0
1,5834;258,3674;5,6000;0,3080;0,0230;0,0000;0,0000;0,0000;0,0000;0,0000;0,0288;0,2400;0,5500;1;0,0000;0,0000;0;1;1;5;0;0
1,5973;258,3674;5,6000;0,2742;0,0231;0,0000;0,0000;0,0000;0,0000;0,0000;0,0289;0,2400;0,5200;1;0,0000;0,0000;0;1;1;5;0;0
1,6111;258,3674;5,6000;0,2329;0,0232;0,0000;0,0000;0,0000;0,0000;0,0000;0,0290;0,2500;0,4800;1;0,0000;0,0000;0;1;1;5;0;0
1,6250;258,3674;5,6000;0,2071;0,0233;0,0000;0,0000;0,0000;0,0000;0,0000;0,0291;0,2500;0,4600;1;0,0000;0,0000;0;1;1;5;0;0
1,6389;258,3674;5,6000;0,1716;0,0234;0,0000;0,0000;0,0000;0,0000;0,0000;0,0292;0,2500;0,4300;1;0,0000;0,0000;0;1;1;5;0;0
1,6528;258,3674;5,6000;0,1419;0,0235;0,0000;0,0000;0,0000;0,0000;0,0000;0,0293;0,2600;0,4000;1;0,0000;0,0000;0;1;1;5;0;0
1,6667;258,3674;5,6000;0,1151;0,0235;0,0000;0,0000;0,0000;0,0000;0,0000;0,0294;0,2600;0,3800;1;0,0000;0,0000;0;1;1;5;0;0
1,6806;258,3674;5,6000;0,0837;0,0236;0,0000;0,0000;0,0000;0,0000;0,0000;0,0295;0,2600;0,3500;1;0,0000;0,0000;0;1;1;5;0;0
1,6945;258,3674;5,6000;0,0612;0,0237;0,0000;0,0000;0,0000;0,0000;0,0000;0,0296;0,2600;0,3300;1;0,0000;0,0000;0;1;1;5;0;0
1,7084;258,1351;5,6000;0,0430;0,0238;0,0000;0,0000;0,0000;0,0000;0,0000;0,0297;0,2600;0,3100;1;0,0000;0,0000;0;1;1;5;0;0
1,7223;258,1135;5,6000;0,0330;0,0238;0,0000;0,0000;0,0000;0,0000;0,0000;0,0298;0,2700;0,3000;1;0,0000;0,0000;0;1;1;5;0;0
1,7361;258,0919;6,3000;0,0248;0,0239;0,0000;0,0000;0,0000;0,0000;0,0000;0,0299;0,2700;0,2900;1;0,0000;0,0000;0;1;1;5;0;0
1,7500;258,0676;6,3000;0,0204;0,0240;0,0000;0,0000;0,0000;0,0000;0,0000;0,0300;0,2700;0,2900;1;0,0000;0,0000;0;1;1;5;0;0
1,7639;258,0433;6,3000;0,0193;0,0241;0,0000;0,0000;0,0000;0,0000;0,0000;0,0301;0,2700;0,2900;1;0,0000;0,0000;0;1;1;5;0;0
1,7778;258,0190;6,3000;0,0172;0,0242;0,0000;0,0000;0,0000;0,0000;0,0000;0,0302;0,2700;0,2900;1;0,0000;0,0000;0;1;1;5;0;0
1,7917;257,9947;6,3000;0,0058;0,0243;0,0000;0,0000;0,0000;0,0000;0,0000;0,0303;0,2700;0,2700;1;0,0000;0,0000;0;1;1;5;0;0
1,8056;257,9704;6,3000;-0,0183;0,0244;0,0000;0,0000;0,0000;0,0000;0,0000;0,0305;0,2700;0,2500;1;0,0000;0,0000;0;1;1;5;0;0
1,8195;257,9461;6,3000;-0,0595;0,0244;0,0000;0,0000;0,0000;0,0000;0,0000;0,0306;0,2700;0,2100;1;0,0000;0,0000;0;1;1;5;0;0
1,8334;257,9218;6,3000;-0,1117;0,0245;0,0000;0,0000;0,0000;0,0000;0,0000;0,0306;0,2700;0,1500;1;0,0000;0,0000;0;1;1;5;0;0
1,8473;257,9091;6,3000;-0,1223;0,0246;0,0000;0,0000;0,0000;0,0000;0,0000;0,0307;0,2600;0,1400;1;0,0000;0,0000;0;1;1;5;0;0
1,8611;257,9091;6,3000;-0,2485;0,0246;0,0000;0,0000;0,0000;0,0000;0,0000;0,0308;0,2600;0,0000;1;0,0000;0,0000;0;1;1;5;0;0
1,8750;257,9091;6,3000;-0,2737;0,0247;0,0000;0,0000;0,0000;0,0000;0,0000;0,0308;0,2600;0,0000;1;0,0000;0,0000;0;1;1;5;0;0
1,8889;257,9091;6,3000;-0,4069;0,0247;0,0000;0,0000;0,0000;0,0000;0,0000;0,0309;0,2500;-0,1500;1;0,0000;0,0000;0;1;1;5;0;0
1,9028;257,9091;6,3000;-0,5047;0,0247;0,0000;0,0000;0,0000;0,0000;0,0000;0,0309;0,2400;-0,2600;1;0,0000;0,0000;0;1;1;5;0;0
1,9167;257,9091;6,3000;-0,5965;0,0247;0,0000;0,0000;0,0000;0,0000;0,0000;0,0309;0,2300;-0,3600;1;0,0000;0,0000;0;1;1;5;0;0
1,9306;257,9091;6,3000;-0,6782;0,0247;0,0000;0,0000;0,0000;0,0000;0,0000;0,0309;0,2200;-0,4500;1;0,0000;0,0000;0;1;1;5;0;0
1,9445;257,9091;6,3000;-0,7647;0,0247;0,0000;0,0000;0,0000;0,0000;0,0000;0,0308;0,2100;-0,5500;1;0,0000;0,0000;0;1;1;5;0;0
1,9584;257,9091;6,3000;-0,8344;0,0246;0,0000;0,0000;0,0000;0,0000;0,0000;0,0308;0,2000;-0,6400;1;0,0000;0,0000;0;1;1;5;0;0
1,9723;257,6787;6,3000;-0,8849;0,0246;0,0000;0,0000;0,0000;0,0000;0,0000;0,0307;0,1800;-0,7000;1;0,0000;0,0000;0;1;1;5;0;0
1,9861;257,6544;6,3000;-0,9203;0,0245;0,0000;0,0000;0,0000;0,0000;0,0000;0,0306;0,1700;-0,7500;1;0,0000;0,0000;0;1;1;5;0;0
2,0000;257,6301;6,1000;-0,9303;0,0244;0,0000;0,0000;0,0000;0,0000;0,0000;0,0305;0,1500;-0,7800;1;0,0000;0,0000;0;1;1;6;0;0
2,0139;257,6066;6,1000;-0,9392;0,0244;0,0000;0,0000;0,0000;0,0000;0,0000;0,0304;0,1400;-0,8000;1;0,0000;0,0000;0;1;1;6;0;0
2,0278;257,5831;6,1000;-0,9428;0,0243;0,0000;0,0000;0,0000;0,0000;0,0000;0,0303;0,1300;-0,8200;1;0,0000;0,0000;0;1;1;6;0;0
2,0417;257,5595;6,1000;-0,9271;0,0242;0,0000;0,0000;0,0000;0,0000;0,0000;0,0302;0,1100;-0,8100;1;0,0000;0,0000;0;1;1;6;0;0
2,0556;257,5360;6,1000;-0,8972;0,0241;0,0000;0,0000;0,0000;0,0000;0,0000;0,0301;0,1000;-0,8000;1;0,0000;0,0000;0;1;1;6;0;0
2,0695;257,5125;6,1000;-0,8575;0,0240;0,0000;0,0000;0,0000;0,0000;0,0000;0,0300;0,0900;-0,7700;1;0,0000;0,0000;0;1;1;6;0;0
2,0834;257,4889;6,1000;-0,8009;0,0239;0,0000;0,0000;0,0000;0,0000;0,0000;0,0299;0,0700;-0,7300;1;0,0000;0,0000;0;1;1;6;0;0
2,0973;257,4654;6,1000;-0,7635;0,0238;0,0000;0,0000;0,0000;0,0000;0,0000;0,0298;0,0600;-0,7000;1;0,0000;0,0000;0;1;1;6;0;0
2,1111;257,4511;6,1000;-0,7190;0,0238;0,0000;0,0000;0,0000;0,0000;0,0000;0,0297;0,0500;-0,6700;1;0,0000;0,0000;0;1;1;6;0;0
2,1250;257,4511;6,1000;-0,6824;0,0237;0,0000;0,0000;0,0000;0,0000;0,0000;0,0296;0,0400;-0,6400;1;0,0000;0,0000;0;1;1;6;0;0
2,1389;257,4511;6,1000;-0,6444;0,0236;0,0000;0,0000;0,0000;0,0000;0,0000;0,0295;0,0300;-0,6100;1;0,0000;0,0000;0;1;1;6;0;0
2,1528;257,4511;6,1000;-0,6024;0,0235;0,0000;0,0000;0,0000;0,0000;0,0000;0,0294;0,0200;-0,5800;1;0,0000;0,0000;0;1;1;6;0;0
2,1667;257,4511;6,1000;-0,5572;0,0234;0,0000;0,0000;0,0000;0,0000;0,0000;0,0293;0,0000;-0,5400;1;0,0000;0,0000;0;1;1;6;0;0
2,1806;257,4511;6,1000;-0,5240;0,0234;0,0000;0,0000;0,0000;0,0000;0,0000;0,0292;0,0000;-0,5200;1;0,0000;0,0000;0;1;1;6;0;0
2,1945;257,4511;6,1000;-0,4967;0,0233;0,0000;0,0000;0,0000;0,0000;0,0000;0,0291;0,0000;-0,5000;1;0,0000;0,0000;0;1;1;6;0;0
2,2084;257,4511;6,1000;-0,4832;0,0232;0,0000;0,0000;0,0000;0,0000;0,0000;0,0290;0,0000;-0,4900;1;0,0000;0,0000;0;1;1;6;0;0
2,2223;257,4511;6,1000;-0,4739;0,0232;0,0000;0,0000;0,0000;0,0000;0,0000;0,0290;0,0000;-0,4900;1;0,0000;0,0000;0;1;1;6;0;0
2,2361;257,4511;6,1000;-0,4713;0,0231;0,0000;0,0000;0,0000;0,0000;0,0000;0,0289;-0,0200;-0,4900;1;0,0000;0,0000;0;1;1;6;0;0
2,2500;257,2065;6,1000;-0,4735;0,0230;0,0000;0,0000;0,0000;0,0000;0,0000;0,0288;-0,0300;-0,5000;1;0,0000;0,0000;0;1;1;6;0;0
2,2639;257,1830;6,1000;-0,4765;0,0230;0,0000;0,0000;0,0000;0,0000;0,0000;0,0287;-0,0300;-0,5100;1;0,0000;0,0000;0;1;1;6;0;0
2,2778;257,1595;6,1000;-0,4860;0,0229;0,0000;0,0000;0,0000;0,0000;0,0000;0,0286;-0,0400;-0,5300;1;0,0000;0,0000;0;1;1;6;0;0
2,2917;257,1360;6,1000;-0,4987;0,0228;0,0000;0,0000;0,0000;0,0000;0,0000;0,0285;-0,0500;-0,5500;1;0,0000;0,0000;0;1;1;6;0;0
2,3056;257,1124;6,1000;-0,5175;0,0227;0,0000;0,0000;0,0000;0,0000;0,0000;0,0284;-0,0600;-0,5700;1;0,0000;0,0000;0;1;1;6;0;0
2,3195;257,0889;6,1000;-0,5450;0,0226;0,0000;0,0000;0,0000;0,0000;0,0000;0,0283;-0,0600;-0,6100;1;0,0000;0,0000;0;1;1;6;0;0
2,3334;257,0653;6,1000;-0,5724;0,0225;0,0000;0,0000;0,0000;0,0000;0,0000;0,0281;-0,0700;-0,6500;1;0,0000;0,0000;0;1;1;6;0;0
2,3473;257,0418;6,1000;-0,5912;0,0224;0,0000;0,0000;0,0000;0,0000;0,0000;0,0280;-0,0800;-0,6700;1;0,0000;0,0000;0;1;1;6;0;0
2,3611;257,0183;6,1000;-0,6010;0,0223;0,0000;0,0000;0,0000;0,0000;0,0000;0,0279;-0,0900;-0,6900;1;0,0000;0,0000;0;1;1;6;0;0
2,3750;257,0005;6,1000;-0,6029;0,0222;0,0000;0,0000;0,0000;0,0000;0,0000;0,0277;-0,1000;-0,7000;1;0,0000;0,0000;0;1;1;6;0;0
2,3889;257,0005;6,1000;-0,6023;0,0220;0,0000;0,0000;0,0000;0,0000;0,0000;0,0276;-0,1100;-0,7100;1;0,0000;0,0000;0;1;1;6;0;0
2,4028;257,0005;6,1000;-0,5945;0,0219;0,0000;0,0000;0,0000;0,0000;0,0000;0,0274;-0,1200;-0,7100;1;0,0000;0,0000;0;1;1;6;0;0
2,4167;257,0005;6,1000;-0,5768;0,0218;0,0000;0,0000;0,0000;0,0000;0,0000;0,0273;-0,1300;-0,7000;1;0,0000;0,0000;0;1;1;6;0;0
2,4306;257,0005;6,1000;-0,5453;0,0217;0,0000;0,0000;0,0000;0,0000;0,0000;0,0271;-0,1300;-0,6800;1;0,0000;0,0000;0;1;1;6;0;0
2,4445;257,0005;6,1000;-0,5020;0,0216;0,0000;0,0000;0,0000;0,0000;0,0000;0,0270;-0,1400;-0,6400;1;0,0000;0,0000;0;1;1;6;0;0
2,4584;257,0005;6,1000;-0,4530;0,0215;0,0000;0,0000;0,0000;0,0000;0,0000;0,0268;-0,1500;-0,6000;1;0,0000;0,0000;0;1;1;6;0;0
2,4723;257,0005;6,1000;-0,3962;0,0214;0,0000;0,0000;0,0000;0,0000;0,0000;0,0267;-0,1500;-0,5500;1;0,0000;0,0000;0;1;1;6;0;0
2,4861;257,0005;6,1000;-0,3466;0,0213;0,0000;0,0000;0,0000;0,0000;0,0000;0,0266;-0,1600;-0,5000;1;0,0000;0,0000;0;1;1;6;0;0
2,5000;257,0005;6,4000;-0,2773;0,0212;0,0000;0,0000;0,0000;0,0000;0,0000;0,0265;-0,1600;-0,4400;1;0,0000;0,0000;0;1;1;6;0;0
2,5139;256,7583;6,4000;-0,2053;0,0212;0,0000;0,0000;0,0000;0,0000;0,0000;0,0264;-0,1600;-0,3700;1;0,0000;0,0000;0;1;1;6;0;0
2,5278;256,7336;6,4000;-0,1285;0,0211;0,0000;0,0000;0,0000;0,0000;0,0000;0,0264;-0,1700;-0,2900;1;0,0000;0,0000;0;1;1;6;0;0
2,5417;256,7089;6,4000;-0,0584;0,0211;0,0000;0,0000;0,0000;0,0000;0,0000;0,0263;-0,1700;-0,2200;1;0,0000;0,0000;0;1;1;6;0;0
2,5556;256,6842;6,4000;0,0082;0,0210;0,0000;0,0000;0,0000;0,0000;0,0000;0,0263;-0,1700;-0,1600;1;0,0000;0,0000;0;1;1;6;0;0
2,5695;256,6595;6,4000;0,0643;0,0210;0,0000;0,0000;0,0000;0,0000;0,0000;0,0262;-0,1600;-0,1000;1;0,0000;0,0000;0;1;1;6;0;0
2,5834;256,6348;6,4000;0,1182;0,0210;0,0000;0,0000;0,0000;0,0000;0,0000;0,0262;-0,1600;-0,0400;1;0,0000;0,0000;0;1;1;6;0;0
2,5973;256,6101;6,4000;0,1575;0,0209;0,0000;0,0000;0,0000;0,0000;0,0000;0,0262;-0,1600;0,0000;1;0,0000;0,0000;0;1;1;6;0;0
2,6111;256,5854;6,4000;0,1933;0,0209;0,0000;0,0000;0,0000;0,0000;0,0000;0,0262;-0,1500;0,0400;1;0,0000;0,0000;0;1;1;6;0;0
2,6250;256,5607;6,4000;0,2077;0,0209;0,0000;0,0000;0,0000;0,0000;0,0000;0,0262;-0,1500;0,0600;1;0,0000;0,0000;0;1;1;6;0;0
2,6389;256,5446;6,4000;0,2291;0,0209;0,0000;0,0000;0,0000;0,0000;0,0000;0,0262;-0,1500;0,0800;1;0,0000;0,0000;0;1;1;6;0;0
2,6528;256,5446;6,4000;0,2395;0,0209;0,0000;0,0000;0,0000;0,0000;0,0000;0,0262;-0,1400;0,1000;1;0,0000;0,0000;0;1;1;6;0;0
2,6667;256,5446;6,4000;0,2520;0,0209;0,0000;0,0000;0,0000;0,0000;0,0000;0,0262;-0,1400;0,1200;1;0,0000;0,0000;0;1;1;6;0;0
2,6806;256,5446;6,4000;0,2553;0,0209;0,0000;0,0000;0,0000;0,0000;0,0000;0,0261;-0,1300;0,1200;1;0,0000;0,0000;0;1;1;6;0;0
2,6945;256,5446;6,4000;0,2487;0,0209;0,0000;0,0000;0,0000;0,0000;0,0000;0,0261;-0,1300;0,1200;1;0,0000;0,0000;0;1;1;6;0;0
2,7084;256,5446;6,4000;0,2286;0,0209;0,0000;0,0000;0,0000;0,0000;0,0000;0,0261;-0,1200;0,1000;1;0,0000;0,0000;0;1;1;6;0;0
2,7223;256,5446;6,4000;0,2030;0,0209;0,0000;0,0000;0,0000;0,0000;0,0000;0,0261;-0,1200;0,0800;1;0,0000;0,0000;0;1;1;6;0;0
2,7361;256,5446;6,4000;0,1726;0,0209;0,0000;0,0000;0,0000;0,0000;0,0000;0,0261;-0,1200;0,0500;1;0,0000;0,0000;0;1;1;6;0;0
2,7500;256,5446;6,4000;0,1301;0,0209;0,0000;0,0000;0,0000;0,0000;0,0000;0,0261;-0,1100;0,0000;1;0,0000;0,0000;0;1;1;6;0;0
2,7639;256,5446;6,4000;0,0719;0,0209;0,0000;0,0000;0,0000;0,0000;0,0000;0,0261;-0,1100;-0,0400;1;0,0000;0,0000;0;1;1;6;0;0
2,7778;256,2891;6,4000;0,0144;0,0209;0,0000;0,0000;0,0000;0,0000;0,0000;0,0261;-0,1100;-0,1000;1;0,0000;0,0000;0;1;1;6;0;0
2,7917;256,2644;6,4000;-0,0711;0,0208;0,0000;0,0000;0,0000;0,0000;0,0000;0,0261;-0,1100;-0,1800;1;0,0000;0,0000;0;1;1;6;0;0
2,8056;256,2397;6,4000;-0,1582;0,0208;0,0000;0,0000;0,0000;0,0000;0,0000;0,0260;-0,1100;-0,2700;1;0,0000;0,0000;0;1;1;6;0;0
2,8195;256,2150;6,4000;-0,2439;0,0208;0,0000;0,0000;0,0000;0,0000;0,0000;0,0259;-0,1200;-0,3600;1;0,0000;0,0000;0;1;1;6;0;0
2,8334;256,1903;6,4000;-0,3332;0,0207;0,0000;0,0000;0,0000;0,0000;0,0000;0,0259;-0,1200;-0,4500;1;0,0000;0,0000;0;1;1;6;0;0
2,8473;256,1656;6,4000;-0,4493;0,0206;0,0000;0,0000;0,0000;0,0000;0,0000;0,0257;-0,1300;-0,5800;1;0,0000;0,0000;0;1;1;6;0;0
2,8611;256,1409;6,4000;-0,5353;0,0205;0,0000;0,0000;0,0000;0,0000;0,0000;0,0256;-0,1400;-0,6700;1;0,0000;0,0000;0;1;1;6;0;0
2,8750;256,1162;6,4000;-0,6369;0,0204;0,0000;0,0000;0,0000;0,0000;0,0000;0,0255;-0,1500;-0,7800;1;0,0000;0,0000;0;1;1;6;0;0
2,8889;256,0916;6,4000;-0,7540;0,0203;0,0000;0,0000;0,0000;0,0000;0,0000;0,0253;-0,1600;-0,9100;1;0,0000;0,0000;0;1;1;6;0;0
2,9028;256,0829;6,4000;-0,8869;0,0201;0,0000;0,0000;0,0000;0,0000;0,0000;0,0251;-0,1700;-1,0600;1;0,0000;0,0000;0;1;1;6;0;0
2,9167;256,0829;6,4000;-0,9891;0,0199;0,0000;0,0000;0,0000;0,0000;0,0000;0,0249;-0,1900;-1,1800;1;0,0000;0,0000;0;1;1;6;0;0
2,9306;256,0829;6,4000;-1,0730;0,0197;0,0000;0,0000;0,0000;0,0000;0,0000;0,0247;-0,2000;-1,2800;1;0,0000;0,0000;0;1;1;6;0;0
2,9445;256,0829;6,4000;-1,1244;0,0195;0,0000;0,0000;0,0000;0,0000;0,0000;0,0244;-0,2200;-1,3500;1;0,0000;0,0000;0;1;1;6;0;0
2,9584;256,0829;6,4000;-1,1700;0,0193;0,0000;0,0000;0,0000;0,0000;0,0000;0,0241;-0,2400;-1,4100;1;0,0000;0,0000;0;1;1;6;0;0
2,9723;256,0829;6,4000;-1,2083;0,0191;0,0000;0,0000;0,0000;0,0000;0,0000;0,0238;-0,2600;-1,4700;1;0,0000;0,0000;0;1;1;6;0;0
2,9861;256,0829;7,2000;-1,2255;0,0188;0,0000;0,0000;0,0000;0,0000;0,0000;0,0235;-0,2800;-1,5100;1;0,0000;0,0000;0;1;1;6;0;0
3,0000;256,0829;7,2000;-1,2300;0,0185;0,0000;0,0000;0,0000;0,0000;0,0000;0,0232;-0,3100;-1,5400;1;0,0000;0,0000;0;1;1;2;0;0
3,0139;256,0829;7,2000;-1,2340;0,0182;0,0000;0,0000;0,0000;0,0000;0,0000;0,0228;-0,3300;-1,5600;1;0,0000;0,0000;0;1;1;2;0;0
3,0278;255,8354;7,2000;-1,2303;0,0179;0,0000;0,0000;0,0000;0,0000;0,0000;0,0224;-0,3500;-1,5800;1;0,0000;0,0000;0;1;1;2;0;0
3,0417;255,8076;7,2000;-1,2087;0,0176;0,0000;0,0000;0,0000;0,0000;0,0000;0,0220;-0,3700;-1,5800;1;0,0000;0,0000;0;1;1;2;0;0
3,0556;255,7798;7,2000;-1,1690;0,0173;0,0000;0,0000;0,0000;0,0000;0,0000;0,0217;-0,3900;-1,5600;1;0,0000;0,0000;0;1;1;2;0;0
3,0695;255,7520;7,2000;-1,1058;0,0170;0,0000;0,0000;0,0000;0,0000;0,0000;0,0213;-0,4100;-1,5200;1;0,0000;0,0000;0;1;1;2;0;0
3,0834;255,7242;7,2000;-1,0354;0,0167;0,0000;0,0000;0,0000;0,0000;0,0000;0,0209;-0,4300;-1,4700;1;0,0000;0,0000;0;1;1;2;0;0
3,0973;255,6965;7,2000;-0,9578;0,0164;0,0000;0,0000;0,0000;0,0000;0,0000;0,0205;-0,4500;-1,4100;1;0,0000;0,0000;0;1;1;2;0;0
3,1111;255,6687;7,2000;-0,9197;0,0161;0,0000;0,0000;0,0000;0,0000;0,0000;0,0202;-0,4700;-1,3800;1;0,0000;0,0000;0;1;1;2;0;0
3,1250;255,6409;7,2000;-0,8988;0,0158;0,0000;0,0000;0,0000;0,0000;0,0000;0,0198;-0,4800;-1,3800;1;0,0000;0,0000;0;1;1;2;0;0
3,1389;255,6326;7,2000;-0,8691;0,0155;0,0000;0,0000;0,0000;0,0000;0,0000;0,0194;-0,5000;-1,3700;1;0,0000;0,0000;0;1;1;2;0;0
3,1528;255,6326;7,2000;-0,8402;0,0152;0,0000;0,0000;0,0000;0,0000;0,0000;0,0190;-0,5100;-1,3500;1;0,0000;0,0000;0;1;1;2;0;0
3,1667;255,6326;7,2000;-0,8237;0,0149;0,0000;0,0000;0,0000;0,0000;0,0000;0,0186;-0,5300;-1,3500;1;0,0000;0,0000;0;1;1;2;0;0
3,1806;255,6326;7,2000;-0,8068;0,0146;0,0000;0,0000;0,0000;0,0000;0,0000;0,0182;-0,5400;-1,3500;1;0,0000;0,0000;0;1;1;2;0;0
3,1945;255,6326;7,2000;-0,8029;0,0143;0,0000;0,0000;0,0000;0,0000;0,0000;0,0178;-0,5600;-1,3600;1;0,0000;0,0000;0;1;1;2;0;0
3,2084;255,6326;7,2000;-0,8027;0,0139;0,0000;0,0000;0,0000;0,0000;0,0000;0,0174;-0,5700;-1,3700;1;0,0000;0,0000;0;1;1;2;0;0
3,2223;255,6326;7,2000;-0,8087;0,0136;0,0000;0,0000;0,0000;0,0000;0,0000;0,0170;-0,5900;-1,3900;1;0,0000;0,0000;0;1;1;2;0;0
3,2361;255,6326;7,2000;-0,8246;0,0132;0,0000;0,0000;0,0000;0,0000;0,0000;0,0165;-0,6000;-1,4300;1;0,0000;0,0000;0;1;1;2;0;0
3,2500;255,3909;7,2000;-0,8430;0,0129;0,0000;0,0000;0,0000;0,0000;0,0000;0,0161;-0,6200;-1,4600;1;0,0000;0,0000;0;1;1;2;0;0
3,2639;255,3632;7,2000;-0,8554;0,0125;0,0000;0,0000;0,0000;0,0000;0,0000;0,0157;-0,6300;-1,4900;1;0,0000;0,0000;0;1;1;2;0;0
3,2778;255,3354;7,2000;-0,8623;0,0122;0,0000;0,0000;0,0000;0,0000;0,0000;0,0152;-0,6500;-1,5100;1;0,0000;0,0000;0;1;1;2;0;0
3,2917;255,3076;7,2000;-0,8606;0,0118;0,0000;0,0000;0,0000;0,0000;0,0000;0,0148;-0,6600;-1,5200;1;0,0000;0,0000;0;1;1;2;0;0
3,3056;255,2799;7,2000;-0,8450;0,0115;0,0000;0,0000;0,0000;0,0000;0,0000;0,0143;-0,6800;-1,5200;1;0,0000;0,0000;0;1;1;2;0;0
3,3195;255,2521;7,2000;-0,8280;0,0111;0,0000;0,0000;0,0000;0,0000;0,0000;0,0139;-0,6900;-1,5200;1;0,0000;0,0000;0;1;1;2;0;0
3,3334;255,2243;7,2000;-0,8147;0,0107;0,0000;0,0000;0,0000;0,0000;0,0000;0,0134;-0,7100;-1,5200;1;0,0000;0,0000;0;1;1;2;0;0
3,3473;255,1965;7,2000;-0,8031;0,0103;0,0000;0,0000;0,0000;0,0000;0,0000;0,0129;-0,7200;-1,5200;1;0,0000;0,0000;0;1;1;2;0;0
3,3611;255,1751;7,2000;-0,7904;0,0100;0,0000;0,0000;0,0000;0,0000;0,0000;0,0124;-0,7300;-1,5200;1;0,0000;0,0000;0;1;1;2;0;0
3,3750;255,1751;7,2000;-0,7635;0,0096;0,0000;0,0000;0,0000;0,0000;0,0000;0,0120;-0,7500;-1,5100;1;0,0000;0,0000;0;1;1;2;0;0
3,3889;255,1751;7,2000;-0,7337;0,0092;0,0000;0,0000;0,0000;0,0000;0,0000;0,0115;-0,7600;-1,4900;1;0,0000;0,0000;0;1;1;2;0;0
3,4028;255,1751;7,2000;-0,6987;0,0088;0,0000;0,0000;0,0000;0,0000;0,0000;0,0110;-0,7700;-1,4700;1;0,0000;0,0000;0;1;1;2;0;0
3,4167;255,1751;7,2000;-0,6639;0,0084;0,0000;0,0000;0,0000;0,0000;0,0000;0,0105;-0,7900;-1,4500;1;0,0000;0,0000;0;1;1;2;0;0
3,4306;255,1751;7,2000;-0,6569;0,0080;0,0000;0,0000;0,0000;0,0000;0,0000;0,0100;-0,8000;-1,4500;1;0,0000;0,0000;0;1;1;2;0;0
3,4445;255,1751;7,2000;-0,6044;0,0076;0,0000;0,0000;0,0000;0,0000;0,0000;0,0096;-0,8100;-1,4100;1;0,0000;0,0000;0;1;1;2;0;0
3,4584;255,1751;7,2000;-0,5939;0,0073;0,0000;0,0000;0,0000;0,0000;0,0000;0,0091;-0,8200;-1,4100;1;0,0000;0,0000;0;1;1;2;0;0
3,4723;254,9466;7,2000;-0,5693;0,0069;0,0000;0,0000;0,0000;0,0000;0,0000;0,0086;-0,8300;-1,4000;1;0,0000;0,0000;0;1;1;2;0;0
3,4861;254,9188;7,2000;-0,5414;0,0065;0,0000;0,0000;0,0000;0,0000;0,0000;0,0081;-0,8400;-1,3800;1;0,0000;0,0000;0;1;1;2;0;0
3,5000;254,8910;7,2000;-0,4708;0,0061;0,0000;0,0000;0,0000;0,0000;0,0000;0,0076;-0,8500;-1,3200;1;0,0000;0,0000;0;1;1;2;0;0
3,5139;254,8633;7,2000;-0,4165;0,0057;0,0000;0,0000;0,0000;0,0000;0,0000;0,0071;-0,8500;-1,2700;1;0,0000;0,0000;0;1;1;2;0;0
3,5278;254,8355;7,2000;-0,3625;0,0053;0,0000;0,0000;0,0000;0,0000;0,0000;0,0067;-0,8600;-1,2200;1;0,0000;0,0000;0;1;1;2;0;0
3,5417;254,8077;7,2000;-0,3372;0,0049;0,0000;0,0000;0,0000;0,0000;0,0000;0,0062;-0,8700;-1,2000;1;0,0000;0,0000;0;1;1;2;0;0
3,5556;254,7799;7,2000;-0,3232;0,0046;0,0000;0,0000;0,0000;0,0000;0,0000;0,0057;-0,8700;-1,2000;1;0,0000;0,0000;0;1;1;2;0;0
3,5695;254,7522;7,2000;-0,3119;0,0042;0,0000;0,0000;0,0000;0,0000;0,0000;0,0052;-0,8800;-1,1900;1;0,0000;0,0000;0;1;1;2;0;0
3,5834;254,7244;7,2000;-0,3028;0,0038;0,0000;0,0000;0,0000;0,0000;0,0000;0,0048;-0,8800;-1,1900;1;0,0000;0,0000;0;1;1;2;0;0
3,5973;254,7190;7,2000;-0,2927;0,0034;0,0000;0,0000;0,0000;0,0000;0,0000;0,0043;-0,8900;-1,1800;1;0,0000;0,0000;0;1;1;2;0;0
3,6111;254,7190;7,2000;-0,2908;0,0030;0,0000;0,0000;0,0000;0,0000;0,0000;0,0038;-0,8900;-1,1800;1;0,0000;0,0000;0;1;1;2;0;0
3,6250;254,7190;7,2000;-0,2813;0,0027;0,0000;0,0000;0,0000;0,0000;0,0000;0,0033;-0,9000;-1,1800;1;0,0000;0,0000;0;1;1;2;0;0
3,6389;254,7190;7,2000;-0,2728;0,0023;0,0000;0,0000;0,0000;0,0000;0,0000;0,0029;-0,9000;-1,1800;1;0,0000;0,0000;0;1;1;2;0;0
3,6528;254,7190;7,2000;-0,2683;0,0019;0,0000;0,0000;0,0000;0,0000;0,0000;0,0024;-0,9100;-1,1800;1;0,0000;0,0000;0;1;1;2;0;0
3,6667;254,7190;7,2000;-0,2654;0,0015;0,0000;0,0000;0,0000;0,0000;0,0000;0,0019;-0,9100;-1,1800;1;0,0000;0,0000;0;1;1;2;0;0
3,6806;254,7190;7,2000;-0,2667;0,0012;0,0000;0,0000;0,0000;0,0000;0,0000;0,0015;-0,9200;-1,1800;1;0,0000;0,0000;0;1;1;2;0;0
3,6945;254,7190;7,2000;-0,2687;0,0008;0,0000;0,0000;0,0000;0,0000;0,0000;0,0010;-0,9200;-1,1900;1;0,0000;0,0000;0;1;1;2;0;0
3,7084;254,4744;7,2000;-0,2695;0,0004;0,0000;0,0000;0,0000;0,0000;0,0000;0,0005;-0,9200;-1,1900;1;0,0000;0,0000;0;1;1;2;0;0
3,7223;254,4466;7,2000;-0,2653;0,0000;0,0000;0,0000;0,0000;0,0000;0,0000;0,0000;-0,9300;-1,1900;1;0,0000;0,0000;0;1;1;2;0;0
3,7361;254,4189;7,7000;-0,2564;-0,0004;0,0000;0,0000;0,0000;0,0000;0,0000;-0,0005;-0,9300;-1,1900;1;0,0000;0,0000;0;1;1;2;0;0
3,7500;254,3892;7,7000;-0,2506;-0,0008;0,0000;0,0000;0,0000;0,0000;0,0000;-0,0010;-0,9400;-1,1900;1;0,0000;0,0000;0;1;1;2;0;0
3,7639;254,3595;7,7000;-0,2433;-0,0012;0,0000;0,0000;0,0000;0,0000;0,0000;-0,0015;-0,9400;-1,1800;1;0,0000;0,0000;0;1;1;2;0;0
3,7778;254,3298;7,7000;-0,2306;-0,0016;0,0000;0,0000;0,0000;0,0000;0,0000;-0,0020;-0,9500;-1,1800;1;0,0000;0,0000;0;1;1;2;0;0
3,7917;254,3001;7,7000;-0,2130;-0,0020;0,0000;0,0000;0,0000;0,0000;0,0000;-0,0025;-0,9500;-1,1600;1;0,0000;0,0000;0;1;1;2;0;0
3,8056;254,2704;7,7000;-0,1830;-0,0024;0,0000;0,0000;0,0000;0,0000;0,0000;-0,0030;-0,9500;-1,1400;1;0,0000;0,0000;0;1;1;2;0;0
3,8195;254,2644;7,7000;-0,1770;-0,0028;0,0000;0,0000;0,0000;0,0000;0,0000;-0,0035;-0,9600;-1,1300;1;0,0000;0,0000;0;1;1;2;0;0
3,8334;254,2644;7,7000;-0,1147;-0,0032;0,0000;0,0000;0,0000;0,0000;0,0000;-0,0040;-0,9600;-1,0700;1;0,0000;0,0000;0;1;1;2;0;0
3,8473;254,2644;7,7000;-0,1022;-0,0036;0,0000;0,0000;0,0000;0,0000;0,0000;-0,0045;-0,9600;-1,0600;1;0,0000;0,0000;0;1;1;2;0;0
3,8611;254,2644;7,7000;0,0198;-0,0040;0,0000;0,0000;0,0000;0,0000;0,0000;-0,0050;-0,9600;-0,9400;1;0,0000;0,0000;0;1;1;2;0;0
3,8750;254,2644;7,7000;0,0440;-0,0044;0,0000;0,0000;0,0000;0,0000;0,0000;-0,0055;-0,9600;-0,9100;1;0,0000;0,0000;0;1;1;2;0;0
3,8889;254,2644;7,7000;0,1826;-0,0047;0,0000;0,0000;0,0000;0,0000;0,0000;-0,0059;-0,9500;-0,7700;1;0,0000;0,0000;0;1;1;2;0;0
3,9028;254,2644;7,7000;0,2825;-0,0051;0,0000;0,0000;0,0000;0,0000;0,0000;-0,0064;-0,9500;-0,6600;1;0,0000;0,0000;0;1;1;2;0;0
3,9167;254,0327;7,7000;0,3715;-0,0054;0,0000;0,0000;0,0000;0,0000;0,0000;-0,0068;-0,9400;-0,5700;1;0,0000;0,0000;0;1;1;2;0;0
3,9306;254,0030;7,7000;0,4438;-0,0057;0,0000;0,0000;0,0000;0,0000;0,0000;-0,0072;-0,9300;-0,4900;1;0,0000;0,0000;0;1;1;2;0;0
3,9445;253,9733;7,7000;0,5211;-0,0060;0,0000;0,0000;0,0000;0,0000;0,0000;-0,0075;-0,9200;-0,4000;1;0,0000;0,0000;0;1;1;2;0;0
3,9584;253,9436;7,7000;0,5968;-0,0063;0,0000;0,0000;0,0000;0,0000;0,0000;-0,0079;-0,9100;-0,3100;1;0,0000;0,0000;0;1;1;2;0;0
3,9723;253,9139;7,7000;0,6121;-0,0066;0,0000;0,0000;0,0000;0,0000;0,0000;-0,0082;-0,9000;-0,2800;1;0,0000;0,0000;0;1;1;2;0;0
3,9861;253,8842;7,7000;0,7179;-0,0068;0,0000;0,0000;0,0000;0,0000;0,0000;-0,0085;-0,8800;-0,1600;1;0,0000;0,0000;0;1;1;2;0;0
4,0000;253,8545;7,7000;0,7390;-0,0070;0,0000;0,0000;0,0000;0,0000;0,0000;-0,0088;-0,8700;-0,1300;1;0,0000;0,0000;0;1;1;2;0;0
4,0139;253,8248;7,7000;0,8337;-0,0073;0,0000;0,0000;0,0000;0,0000;0,0000;-0,0091;-0,8500;0,0000;1;0,0000;0,0000;0;1;1;9;0;0
4,0278;253,8058;7,7000;0,8524;-0,0075;0,0000;0,0000;0,0000;0,0000;0,0000;-0,0093;-0,8300;0,0200;1;0,0000;0,0000;0;1;1;9;0;0
4,0417;253,8058;7,7000;0,9313;-0,0076;0,0000;0,0000;0,0000;0,0000;0,0000;-0,0096;-0,8100;0,1200;1;0,0000;0,0000;0;1;1;9;0;0
4,0556;253,8058;7,7000;0,9777;-0,0078;0,0000;0,0000;0,0000;0,0000;0,0000;-0,0098;-0,7900;0,1800;1;0,0000;0,0000;0;1;1;9;0;0
4,0695;253,8058;7,7000;1,0129;-0,0080;0,0000;0,0000;0,0000;0,0000;0,0000;-0,0099;-0,7700;0,2400;1;0,0000;0,0000;0;1;1;9;0;0
4,0834;253,8058;7,7000;1,0359;-0,0081;0,0000;0,0000;0,0000;0,0000;0,0000;-0,0101;-0,7500;0,2800;1;0,0000;0,0000;0;1;1;9;0;0
4,0973;253,8058;7,7000;1,0405;-0,0082;0,0000;0,0000;0,0000;0,0000;0,0000;-0,0103;-0,7300;0,3100;1;0,0000;0,0000;0;1;1;9;0;0
4,1111;253,8058;7,7000;1,0629;-0,0083;0,0000;0,0000;0,0000;0,0000;0,0000;-0,0104;-0,7100;0,3500;1;0,0000;0,0000;0;1;1;9;0;0
4,1250;253,8058;7,7000;1,0860;-0,0085;0,0000;0,0000;0,0000;0,0000;0,0000;-0,0106;-0,6900;0,4000;1;0,0000;0,0000;0;1;1;9;0;0
4,1389;253,5574;7,7000;1,1017;-0,0086;0,0000;0,0000;0,0000;0,0000;0,0000;-0,0107;-0,6600;0,4400;1;0,0000;0,0000;0;1;1;9;0;0
4,1528;253,5277;7,7000;1,1115;-0,0086;0,0000;0,0000;0,0000;0,0000;0,0000;-0,0108;-0,6400;0,4700;1;0,0000;0,0000;0;1;1;9;0;0
4,1667;253,4980;7,7000;1,1201;-0,0087;0,0000;0,0000;0,0000;0,0000;0,0000;-0,0109;-0,6200;0,5000;1;0,0000;0,0000;0;1;1;9;0;0
4,1806;253,4683;7,7000;1,1242;-0,0088;0,0000;0,0000;0,0000;0,0000;0,0000;-0,0109;-0,6000;0,5300;1;0,0000;0,0000;0;1;1;9;0;0
4,1945;253,4386;7,7000;1,1227;-0,0088;0,0000;0,0000;0,0000;0,0000;0,0000;-0,0110;-0,5700;0,5500;1;0,0000;0,0000;0;1;1;9;0;0
4,2084;253,4089;7,7000;1,1223;-0,0089;0,0000;0,0000;0,0000;0,0000;0,0000;-0,0111;-0,5500;0,5700;1;0,0000;0,0000;0;1;1;9;0;0
4,2223;253,3792;7,7000;1,1182;-0,0089;0,0000;0,0000;0,0000;0,0000;0,0000;-0,0112;-0,5300;0,5900;1;0,0000;0,0000;0;1;1;9;0;0
4,2361;253,3526;8,1000;1,1136;-0,0089;0,0000;0,0000;0,0000;0,0000;0,0000;-0,0112;-0,5100;0,6100;1;0,0000;0,0000;0;1;1;9;0;0
4,2500;253,3526;8,1000;1,1055;-0,0089;0,0000;0,0000;0,0000;0,0000;0,0000;-0,0112;-0,4800;0,6200;1;0,0000;0,0000;0;1;1;9;0;0
4,2639;253,3526;8,1000;1,0827;-0,0090;0,0000;0,0000;0,0000;0,0000;0,0000;-0,0112;-0,4600;0,6200;1;0,0000;0,0000;0;1;1;9;0;0
4,2778;253,3526;8,1000;1,0511;-0,0090;0,0000;0,0000;0,0000;0,0000;0,0000;-0,0112;-0,4400;0,6100;1;0,0000;0,0000;0;1;1;9;0;0
4,2917;253,3526;8,1000;1,0018;-0,0090;0,0000;0,0000;0,0000;0,0000;0,0000;-0,0112;-0,4200;0,5900;1;0,0000;0,0000;0;1;1;9;0;0
4,3056;253,3526;8,1000;0,9451;-0,0090;0,0000;0,0000;0,0000;0,0000;0,0000;-0,0112;-0,4000;0,5500;1;0,0000;0,0000;0;1;1;9;0;0
4,3195;253,3526;8,1000;0,8992;-0,0090;0,0000;0,0000;0,0000;0,0000;0,0000;-0,0112;-0,3800;0,5200;1;0,0000;0,0000;0;1;1;9;0;0
4,3334;253,3526;8,1000;0,8563;-0,0090;0,0000;0,0000;0,0000;0,0000;0,0000;-0,0112;-0,3600;0,5000;1;0,0000;0,0000;0;1;1;9;0;0
4,3473;253,0995;8,1000;0,8149;-0,0090;0,0000;0,0000;0,0000;0,0000;0,0000;-0,0112;-0,3400;0,4700;1;0,0000;0,0000;0;1;1;9;0;0
4,3611;253,0682;8,1000;0,7622;-0,0090;0,0000;0,0000;0,0000;0,0000;0,0000;-0,0112;-0,3200;0,4400;1;0,0000;0,0000;0;1;1;9;0;0
4,3750;253,0370;8,1000;0,7039;-0,0090;0,0000;0,0000;0,0000;0,0000;0,0000;-0,0113;-0,3100;0,3900;1;0,0000;0,0000;0;1;1;9;0;0
4,3889;253,0057;8,1000;0,6461;-0,0090;0,0000;0,0000;0,0000;0,0000;0,0000;-0,0113;-0,3000;0,3500;1;0,0000;0,0000;0;1;1;9;0;0
4,4028;252,9745;8,1000;0,6064;-0,0090;0,0000;0,0000;0,0000;0,0000;0,0000;-0,0113;-0,2800;0,3200;1;0,0000;0,0000;0;1;1;9;0;0
4,4167;252,9432;8,1000;0,5560;-0,0090;0,0000;0,0000;0,0000;0,0000;0,0000;-0,0113;-0,2700;0,2900;1;0,0000;0,0000;0;1;1;9;0;0
4,4306;252,9120;8,1000;0,5200;-0,0090;0,0000;0,0000;0,0000;0,0000;0,0000;-0,0113;-0,2600;0,2600;1;0,0000;0,0000;0;1;1;9;0;0
4,4445;252,8935;8,1000;0,4864;-0,0091;0,0000;0,0000;0,0000;0,0000;0,0000;-0,0113;-0,2500;0,2400;1;0,0000;0,0000;0;1;1;9;0;0
4,4584;252,8935;8,1000;0,4665;-0,0091;0,0000;0,0000;0,0000;0,0000;0,0000;-0,0113;-0,2400;0,2300;1;0,0000;0,0000;0;1;1;9;0;0
4,4723;252,8935;8,1000;0,4462;-0,0091;0,0000;0,0000;0,0000;0,0000;0,0000;-0,0113;-0,2300;0,2200;1;0,0000;0,0000;0;1;1;9;0;0
4,4861;252,8935;8,1000;0,4265;-0,0091;0,0000;0,0000;0,0000;0,0000;0,0000;-0,0114;-0,2200;0,2100;1;0,0000;0,0000;0;1;1;9;0;0
4,5000;252,8935;8,1000;0,4002;-0,0091;0,0000;0,0000;0,0000;0,0000;0,0000;-0,0114;-0,2100;0,1900;1;0,0000;0,0000;0;1;1;9;0;0
4,5139;252,8935;8,1000;0,3779;-0,0091;0,0000;0,0000;0,0000;0,0000;0,0000;-0,0114;-0,2000;0,1800;1;0,0000;0,0000;0;1;1;9;0;0
4,5278;252,8935;8,1000;0,3611;-0,0091;0,0000;0,0000;0,0000;0,0000;0,0000;-0,0114;-0,1900;0,1700;1;0,0000;0,0000;0;1;1;9;0;0
4,5417;252,6620;8,1000;0,3456;-0,0091;0,0000;0,0000;0,0000;0,0000;0,0000;-0,0114;-0,1800;0,1600;1;0,0000;0,0000;0;1;1;9;0;0
4,5556;252,6307;8,1000;0,3332;-0,0091;0,0000;0,0000;0,0000;0,0000;0,0000;-0,0114;-0,1800;0,1500;1;0,0000;0,0000;0;1;1;9;0;0
4,5695;252,5995;8,1000;0,3248;-0,0091;0,0000;0,0000;0,0000;0,0000;0,0000;-0,0114;-0,1700;0,1500;1;0,0000;0,0000;0;1;1;9;0;0
4,5834;252,5682;8,1000;0,3202;-0,0091;0,0000;0,0000;0,0000;0,0000;0,0000;-0,0114;-0,1600;0,1600;1;0,0000;0,0000;0;1;1;9;0;0
4,5973;252,5370;8,1000;0,3192;-0,0092;0,0000;0,0000;0,0000;0,0000;0,0000;-0,0114;-0,1600;0,1600;1;0,0000;0,0000;0;1;1;9;0;0
4,6111;252,5057;8,1000;0,3284;-0,0092;0,0000;0,0000;0,0000;0,0000;0,0000;-0,0114;-0,1500;0,1800;1;0,0000;0,0000;0;1;1;9;0;0
4,6250;252,4745;8,1000;0,3407;-0,0091;0,0000;0,0000;0,0000;0,0000;0,0000;-0,0114;-0,1400;0,2000;1;0,0000;0,0000;0;1;1;9;0;0
4,6389;252,4432;8,1000;0,3636;-0,0091;0,0000;0,0000;0,0000;0,0000;0,0000;-0,0114;-0,1300;0,2300;1;0,0000;0,0000;0;1;1;9;0;0
4,6528;252,4407;8,1000;0,3775;-0,0091;0,0000;0,0000;0,0000;0,0000;0,0000;-0,0114;-0,1300;0,2500;1;0,0000;0,0000;0;1;1;9;0;0
4,6667;252,4407;8,1000;0,4094;-0,0091;0,0000;0,0000;0,0000;0,0000;0,0000;-0,0114;-0,1200;0,2900;1;0,0000;0,0000;0;1;1;9;0;0
4,6806;252,4407;8,1000;0,4363;-0,0091;0,0000;0,0000;0,0000;0,0000;0,0000;-0,0113;-0,1100;0,3300;1;0,0000;0,0000;0;1;1;9;0;0
4,6945;252,4407;8,1000;0,4629;-0,0090;0,0000;0,0000;0,0000;0,0000;0,0000;-0,0113;-0,1000;0,3700;1;0,0000;0,0000;0;1;1;9;0;0
4,7084;252,4407;8,1000;0,4822;-0,0090;0,0000;0,0000;0,0000;0,0000;0,0000;-0,0112;-0,0900;0,4000;1;0,0000;0,0000;0;1;1;9;0;0
4,7223;252,4407;8,1000;0,4997;-0,0089;0,0000;0,0000;0,0000;0,0000;0,0000;-0,0112;-0,0700;0,4200;1;0,0000;0,0000;0;1;1;9;0;0
4,7361;252,4407;8,1000;0,5108;-0,0089;0,0000;0,0000;0,0000;0,0000;0,0000;-0,0111;-0,0700;0,4500;1;0,0000;0,0000;0;1;1;9;0;0
4,7500;252,1932;8,1000;0,5137;-0,0088;0,0000;0,0000;0,0000;0,0000;0,0000;-0,0110;-0,0500;0,4600;1;0,0000;0,0000;0;1;1;9;0;0
4,7639;252,1620;8,1000;0,5021;-0,0087;0,0000;0,0000;0,0000;0,0000;0,0000;-0,0109;-0,0400;0,4600;1;0,0000;0,0000;0;1;1;9;0;0
4,7778;252,1307;8,1000;0,4707;-0,0086;0,0000;0,0000;0,0000;0,0000;0,0000;-0,0108;-0,0300;0,4400;1;0,0000;0,0000;0;1;1;9;0;0
4,7917;252,0995;8,1000;0,4233;-0,0085;0,0000;0,0000;0,0000;0,0000;0,0000;-0,0107;-0,0200;0,4000;1;0,0000;0,0000;0;1;1;9;0;0
4,8056;252,0682;8,1000;0,3543;-0,0085;0,0000;0,0000;0,0000;0,0000;0,0000;-0,0106;0,0000;0,3400;1;0,0000;0,0000;0;1;1;9;0;0
4,8195;252,0370;8,1000;0,2789;-0,0084;0,0000;0,0000;0,0000;0,0000;0,0000;-0,0105;0,0000;0,2700;1;0,0000;0,0000;0;1;1;9;0;0
4,8334;252,0057;8,1000;0,2079;-0,0084;0,0000;0,0000;0,0000;0,0000;0,0000;-0,0105;0,0000;0,2000;1;0,0000;0,0000;0;1;1;9;0;0
4,8473;251,9820;8,1000;0,1169;-0,0084;0,0000;0,0000;0,0000;0,0000;0,0000;-0,0104;0,0000;0,1200;1;0,0000;0,0000;0;1;1;9;0;0
4,8611;251,9820;8,1000;0,0290;-0,0083;0,0000;0,0000;0,0000;0,0000;0,0000;-0,0104;0,0000;0,0300;1;0,0000;0,0000;0;1;1;9;0;0
4,8750;251,9820;8,1000;-0,0732;-0,0083;0,0000;0,0000;0,0000;0,0000;0,0000;-0,0104;0,0000;-0,0700;1;0,0000;0,0000;0;1;1;9;0;0
4,8889;251,9820;8,1000;-0,1814;-0,0083;0,0000;0,0000;0,0000;0,0000;0,0000;-0,0104;0,0000;-0,1900;1;0,0000;0,0000;0;1;1;9;0;0
4,9028;251,9820;8,1000;-0,2992;-0,0084;0,0000;0,0000;0,0000;0,0000;0,0000;-0,0105;0,0000;-0,3100;1;0,0000;0,0000;0;1;1;9;0;0
4,9167;251,9820;8,1000;-0,3793;-0,0084;0,0000;0,0000;0,0000;0,0000;0,0000;-0,0106;-0,0200;-0,4000;1;0,0000;0,0000;0;1;1;9;0;0
4,9306;251,9820;8,1000;-0,4786;-0,0085;0,0000;0,0000;0,0000;0,0000;0,0000;-0,0107;-0,0300;-0,5100;1;0,0000;0,0000;0;1;1;9;0;0
4,9445;251,9820;8,1000;-0,5550;-0,0086;0,0000;0,0000;0,0000;0,0000;0,0000;-0,0108;-0,0400;-0,6000;1;0,0000;0,0000;0;1;1;9;0;0
4,9584;251,7245;8,1000;-0,6004;-0,0087;0,0000;0,0000;0,0000;0,0000;0,0000;-0,0109;-0,0600;-0,6600;1;0,0000;0,0000;0;1;1;9;0;0
4,9723;251,6932;8,1000;-0,6350;-0,0089;0,0000;0,0000;0,0000;0,0000;0,0000;-0,0111;-0,0700;-0,7000;1;0,0000;0,0000;0;1;1;9;0;0
4,9861;251,6620;8,1000;-0,6560;-0,0090;0,0000;0,0000;0,0000;0,0000;0,0000;-0,0112;-0,0800;-0,7400;1;0,0000;0,0000;0;1;1;9;0;0
5,0000;251,6307;8,4000;-0,6702;-0,0091;0,0000;0,0000;0,0000;0,0000;0,0000;-0,0114;-0,1000;-0,7700;1;0,0000;0,0000;0;1;1;9;0;0
5,0139;251,5983;8,4000;-0,6797;-0,0093;0,0000;0,0000;0,0000;0,0000;0,0000;-0,0116;-0,1100;-0,7900;1;0,0000;0,0000;0;1;1;0;0;0
5,0278;251,5659;8,4000;-0,6795;-0,0095;0,0000;0,0000;0,0000;0,0000;0,0000;-0,0118;-0,1300;-0,8100;1;0,0000;0,0000;0;1;1;0;0;0
5,0417;251,5335;8,4000;-0,6672;-0,0096;0,0000;0,0000;0,0000;0,0000;0,0000;-0,0121;-0,1400;-0,8100;1;0,0000;0,0000;0;1;1;0;0;0
5,0556;251,5286;8,4000;-0,6371;-0,0098;0,0000;0,0000;0,0000;0,0000;0,0000;-0,0123;-0,1600;-0,7900;1;0,0000;0,0000;0;1;1;0;0;0
5,0695;251,5286;8,4000;-0,5951;-0,0100;0,0000;0,0000;0,0000;0,0000;0,0000;-0,0125;-0,1700;-0,7700;1;0,0000;0,0000;0;1;1;0;0;0
5,0834;251,5286;8,4000;-0,5516;-0,0101;0,0000;0,0000;0,0000;0,0000;0,0000;-0,0127;-0,1800;-0,7300;1;0,0000;0,0000;0;1;1;0;0;0
5,0973;251,5286;8,4000;-0,4801;-0,0103;0,0000;0,0000;0,0000;0,0000;0,0000;-0,0129;-0,1900;-0,6700;1;0,0000;0,0000;0;1;1;0;0;0
5,1111;251,5286;8,4000;-0,4066;-0,0105;0,0000;0,0000;0,0000;0,0000;0,0000;-0,0131;-0,2000;-0,6100;1;0,0000;0,0000;0;1;1;0;0;0
5,1250;251,5286;8,4000;-0,3495;-0,0106;0,0000;0,0000;0,0000;0,0000;0,0000;-0,0132;-0,2100;-0,5600;1;0,0000;0,0000;0;1;1;0;0;0
5,1389;251,5286;8,4000;-0,2837;-0,0107;0,0000;0,0000;0,0000;0,0000;0,0000;-0,0134;-0,2200;-0,5000;1;0,0000;0,0000;0;1;1;0;0;0
5,1528;251,2742;8,4000;-0,2266;-0,0109;0,0000;0,0000;0,0000;0,0000;0,0000;-0,0136;-0,2200;-0,4500;1;0,0000;0,0000;0;1;1;0;0;0
5,1667;251,2418;8,4000;-0,1645;-0,0110;0,0000;0,0000;0,0000;0,0000;0,0000;-0,0137;-0,2300;-0,3900;1;0,0000;0,0000;0;1;1;0;0;0
5,1806;251,2094;8,4000;-0,1081;-0,0111;0,0000;0,0000;0,0000;0,0000;0,0000;-0,0139;-0,2300;-0,3400;1;0,0000;0,0000;0;1;1;0;0;0
5,1945;251,1770;8,4000;-0,0706;-0,0112;0,0000;0,0000;0,0000;0,0000;0,0000;-0,0140;-0,2300;-0,3000;1;0,0000;0,0000;0;1;1;0;0;0
5,2084;251,1446;8,4000;-0,0526;-0,0113;0,0000;0,0000;0,0000;0,0000;0,0000;-0,0142;-0,2300;-0,2900;1;0,0000;0,0000;0;1;1;0;0;0
5,2223;251,1122;8,4000;-0,0359;-0,0114;0,0000;0,0000;0,0000;0,0000;0,0000;-0,0143;-0,2300;-0,2700;1;0,0000;0,0000;0;1;1;0;0;0
5,2361;251,0798;8,4000;-0,0262;-0,0115;0,0000;0,0000;0,0000;0,0000;0,0000;-0,0144;-0,2400;-0,2600;1;0,0000;0,0000;0;1;1;0;0;0
5,2500;251,0707;8,4000;-0,0280;-0,0116;0,0000;0,0000;0,0000;0,0000;0,0000;-0,0146;-0,2400;-0,2700;1;0,0000;0,0000;0;1;1;0;0;0
5,2639;251,0707;8,4000;-0,0405;-0,0118;0,0000;0,0000;0,0000;0,0000;0,0000;-0,0147;-0,2400;-0,2800;1;0,0000;0,0000;0;1;1;0;0;0
5,2778;251,0707;8,4000;-0,0653;-0,0119;0,0000;0,0000;0,0000;0,0000;0,0000;-0,0148;-0,2400;-0,3100;1;0,0000;0,0000;0;1;1;0;0;0
5,2917;251,0707;8,4000;-0,0871;-0,0120;0,0000;0,0000;0,0000;0,0000;0,0000;-0,0150;-0,2400;-0,3300;1;0,0000;0,0000;0;1;1;0;0;0
5,3056;251,0707;8,4000;-0,1020;-0,0121;0,0000;0,0000;0,0000;0,0000;0,0000;-0,0151;-0,2500;-0,3500;1;0,0000;0,0000;0;1;1;0;0;0
5,3195;251,0707;8,4000;-0,1170;-0,0122;0,0000;0,0000;0,0000;0,0000;0,0000;-0,0153;-0,2500;-0,3700;1;0,0000;0,0000;0;1;1;0;0;0
5,3334;251,0707;8,4000;-0,1263;-0,0124;0,0000;0,0000;0,0000;0,0000;0,0000;-0,0154;-0,2500;-0,3800;1;0,0000;0,0000;0;1;1;0;0;0
5,3473;250,8206;8,4000;-0,1334;-0,0125;0,0000;0,0000;0,0000;0,0000;0,0000;-0,0156;-0,2500;-0,3900;1;0,0000;0,0000;0;1;1;0;0;0
5,3611;250,7882;8,4000;-0,1373;-0,0126;0,0000;0,0000;0,0000;0,0000;0,0000;-0,0158;-0,2600;-0,3900;1;0,0000;0,0000;0;1;1;0;0;0
5,3750;250,7558;8,4000;-0,1392;-0,0128;0,0000;0,0000;0,0000;0,0000;0,0000;-0,0160;-0,2600;-0,4000;1;0,0000;0,0000;0;1;1;0;0;0
5,3889;250,7234;8,4000;-0,1385;-0,0130;0,0000;0,0000;0,0000;0,0000;0,0000;-0,0162;-0,2600;-0,4000;1;0,0000;0,0000;0;1;1;0;0;0
5,4028;250,6909;8,4000;-0,1403;-0,0131;0,0000;0,0000;0,0000;0,0000;0,0000;-0,0164;-0,2600;-0,4000;1;0,0000;0,0000;0;1;1;0;0;0
5,4167;250,6585;8,4000;-0,1479;-0,0133;0,0000;0,0000;0,0000;0,0000;0,0000;-0,0166;-0,2700;-0,4100;1;0,0000;0,0000;0;1;1;0;0;0
5,4306;250,6261;8,4000;-0,1568;-0,0134;0,0000;0,0000;0,0000;0,0000;0,0000;-0,0168;-0,2700;-0,4300;1;0,0000;0,0000;0;1;1;0;0;0
5,4445;250,6166;8,4000;-0,1698;-0,0136;0,0000;0,0000;0,0000;0,0000;0,0000;-0,0170;-0,2700;-0,4400;1;0,0000;0,0000;0;1;1;0;0;0
5,4584;250,6166;8,4000;-0,1841;-0,0137;0,0000;0,0000;0,0000;0,0000;0,0000;-0,0172;-0,2800;-0,4600;1;0,0000;0,0000;0;1;1;0;0;0
5,4723;250,6166;8,4000;-0,1969;-0,0139;0,0000;0,0000;0,0000;0,0000;0,0000;-0,0174;-0,2800;-0,4800;1;0,0000;0,0000;0;1;1;0;0;0
5,4861;250,6166;8,4000;-0,2141;-0,0141;0,0000;0,0000;0,0000;0,0000;0,0000;-0,0176;-0,2900;-0,5000;1;0,0000;0,0000;0;1;1;0;0;0
5,5000;250,6166;8,6000;-0,2334;-0,0143;0,0000;0,0000;0,0000;0,0000;0,0000;-0,0178;-0,2900;-0,5200;1;0,0000;0,0000;0;1;1;0;0;0
5,5139;250,6166;8,6000;-0,2476;-0,0144;0,0000;0,0000;0,0000;0,0000;0,0000;-0,0180;-0,3000;-0,5400;1;0,0000;0,0000;0;1;1;0;0;0
5,5278;250,6166;8,6000;-0,2645;-0,0146;0,0000;0,0000;0,0000;0,0000;0,0000;-0,0183;-0,3000;-0,5700;1;0,0000;0,0000;0;1;1;0;0;0
5,5417;250,3646;8,6000;-0,2775;-0,0148;0,0000;0,0000;0,0000;0,0000;0,0000;-0,0185;-0,3100;-0,5800;1;0,0000;0,0000;0;1;1;0;0;0
5,5556;250,3314;8,6000;-0,2900;-0,0150;0,0000;0,0000;0,0000;0,0000;0,0000;-0,0188;-0,3100;-0,6000;1;0,0000;0,0000;0;1;1;0;0;0
5,5695;250,2982;8,6000;-0,3048;-0,0152;0,0000;0,0000;0,0000;0,0000;0,0000;-0,0191;-0,3200;-0,6200;1;0,0000;0,0000;0;1;1;0;0;0
5,5834;250,2650;8,6000;-0,3078;-0,0155;0,0000;0,0000;0,0000;0,0000;0,0000;-0,0193;-0,3200;-0,6300;1;0,0000;0,0000;0;1;1;0;0;0
5,5973;250,2319;8,6000;-0,3130;-0,0157;0,0000;0,0000;0,0000;0,0000;0,0000;-0,0196;-0,3300;-0,6400;1;0,0000;0,0000;0;1;1;0;0;0
5,6111;250,1987;8,6000;-0,3121;-0,0159;0,0000;0,0000;0,0000;0,0000;0,0000;-0,0199;-0,3400;-0,6500;1;0,0000;0,0000;0;1;1;0;0;0
5,6250;250,1655;8,6000;-0,3083;-0,0161;0,0000;0,0000;0,0000;0,0000;0,0000;-0,0201;-0,3400;-0,6500;1;0,0000;0,0000;0;1;1;0;0;0
5,6389;250,1595;8,6000;-0,3056;-0,0163;0,0000;0,0000;0,0000;0,0000;0,0000;-0,0204;-0,3500;-0,6600;1;0,0000;0,0000;0;1;1;0;0;0
5,6528;250,1595;8,6000;-0,3015;-0,0165;0,0000;0,0000;0,0000;0,0000;0,0000;-0,0207;-0,3600;-0,6600;1;0,0000;0,0000;0;1;1;0;0;0
5,6667;250,1595;8,6000;-0,2944;-0,0168;0,0000;0,0000;0,0000;0,0000;0,0000;-0,0210;-0,3600;-0,6600;1;0,0000;0,0000;0;1;1;0;0;0
5,6806;250,1595;8,6000;-0,2872;-0,0170;0,0000;0,0000;0,0000;0,0000;0,0000;-0,0213;-0,3700;-0,6600;1;0,0000;0,0000;0;1;1;0;0;0
5,6945;250,1595;8,6000;-0,2858;-0,0172;0,0000;0,0000;0,0000;0,0000;0,0000;-0,0215;-0,3700;-0,6600;1;0,0000;0,0000;0;1;1;0;0;0
5,7084;250,1595;8,6000;-0,2855;-0,0175;0,0000;0,0000;0,0000;0,0000;0,0000;-0,0218;-0,3800;-0,6700;1;0,0000;0,0000;0;1;1;0;0;0
5,7223;250,1595;8,6000;-0,2854;-0,0177;0,0000;0,0000;0,0000;0,0000;0,0000;-0,0221;-0,3900;-0,6700;1;0,0000;0,0000;0;1;1;0;0;0
5,7361;249,9001;8,6000;-0,2854;-0,0180;0,0000;0,0000;0,0000;0,0000;0,0000;-0,0224;-0,3900;-0,6800;1;0,0000;0,0000;0;1;1;0;0;0
5,7500;249,8669;8,6000;-0,2854;-0,0182;0,0000;0,0000;0,0000;0,0000;0,0000;-0,0227;-0,4000;-0,6800;1;0,0000;0,0000;0;1;1;0;0;0
5,7639;249,8337;8,6000;-0,2854;-0,0184;0,0000;0,0000;0,0000;0,0000;0,0000;-0,0231;-0,4000;-0,6900;1;0,0000;0,0000;0;1;1;0;0;0
5,7778;249,8005;8,6000;-0,1604;-0,0187;0,0000;0,0000;0,0000;0,0000;0,0000;-0,0233;-0,4100;-0,5700;1;0,0000;0,0000;0;1;1;0;0;0
5,7917;249,7674;8,6000;-0,1354;-0,0189;0,0000;0,0000;0,0000;0,0000;0,0000;-0,0236;-0,4100;-0,5400;1;0,0000;0,0000;0;1;1;0;0;0
5,8056;249,7342;8,6000;-0,1304;-0,0191;0,0000;0,0000;0,0000;0,0000;0,0000;-0,0239;-0,4100;-0,5400;1;0,0000;0,0000;0;1;1;0;0;0
5,8195;249,7046;8,6000;-0,1294;-0,0193;0,0000;0,0000;0,0000;0,0000;0,0000;-0,0242;-0,4100;-0,5400;1;0,0000;0,0000;0;1;1;0;0;0
5,8334;249,7046;8,6000;-0,0264;-0,0195;0,0000;0,0000;0,0000;0,0000;0,0000;-0,0244;-0,4100;-0,4400;1;0,0000;0,0000;0;1;1;0;0;0
5,8473;249,7046;8,6000;-0,0058;-0,0197;0,0000;0,0000;0,0000;0,0000;0,0000;-0,0247;-0,4100;-0,4200;1;0,0000;0,0000;0;1;1;0;0;0
5,8611;249,7046;8,6000;0,0464;-0,0199;0,0000;0,0000;0,0000;0,0000;0,0000;-0,0249;-0,4100;-0,3600;1;0,0000;0,0000;0;1;1;0;0;0
5,8750;249,7046;8,6000;0,0568;-0,0201;0,0000;0,0000;0,0000;0,0000;0,0000;-0,0252;-0,4100;-0,3500;1;0,0000;0,0000;0;1;1;0;0;0
5,8889;249,7046;8,6000;0,1116;-0,0203;0,0000;0,0000;0,0000;0,0000;0,0000;-0,0254;-0,4100;-0,2900;1;0,0000;0,0000;0;1;1;0;0;0
5,9028;249,7046;8,6000;0,1525;-0,0205;0,0000;0,0000;0,0000;0,0000;0,0000;-0,0256;-0,4000;-0,2500;1;0,0000;0,0000;0;1;1;0;0;0
5,9167;249,4688;8,6000;0,1931;-0,0206;0,0000;0,0000;0,0000;0,0000;0,0000;-0,0258;-0,4000;-0,2000;1;0,0000;0,0000;0;1;1;0;0;0
5,9306;249,4356;8,6000;0,2311;-0,0208;0,0000;0,0000;0,0000;0,0000;0,0000;-0,0260;-0,3900;-0,1600;1;0,0000;0,0000;0;1;1;0;0;0
5,9445;249,4024;8,6000;0,2771;-0,0209;0,0000;0,0000;0,0000;0,0000;0,0000;-0,0261;-0,3800;-0,1100;1;0,0000;0,0000;0;1;1;0;0;0
5,9584;249,3692;8,6000;0,3318;-0,0210;0,0000;0,0000;0,0000;0,0000;0,0000;-0,0263;-0,3800;-0,0400;1;0,0000;0,0000;0;1;1;0;0;0
5,9723;249,3361;8,6000;0,3986;-0,0212;0,0000;0,0000;0,0000;0,0000;0,0000;-0,0264;-0,3700;0,0300;1;0,0000;0,0000;0;1;1;0;0;0
5,9861;249,3029;8,6000;0,5029;-0,0212;0,0000;0,0000;0,0000;0,0000;0,0000;-0,0265;-0,3600;0,1500;1;0,0000;0,0000;0;1;1;0;0;0
6,0000;249,2697;9,2000;0,5891;-0,0213;0,0000;0,0000;0,0000;0,0000;0,0000;-0,0266;-0,3400;0,2500;1;0,0000;0,0000;0;1;1;0;0;0
6,0139;249,2482;9,2000;0,6393;-0,0213;0,0000;0,0000;0,0000;0,0000;0,0000;-0,0267;-0,3300;0,3100;1;0,0000;0,0000;0;1;1;1;0;0
6,0278;249,2482;9,2000;0,6828;-0,0214;0,0000;0,0000;0,0000;0,0000;0,0000;-0,0267;-0,3100;0,3700;1;0,0000;0,0000;0;1;1;1;0;0
6,0417;249,2482;9,2000;0,7390;-0,0214;0,0000;0,0000;0,0000;0,0000;0,0000;-0,0267;-0,2900;0,4500;1;0,0000;0,0000;0;1;1;1;0;0
6,0556;249,2482;9,2000;0,7745;-0,0214;0,0000;0,0000;0,0000;0,0000;0,0000;-0,0268;-0,2700;0,5000;1;0,0000;0,0000;0;1;1;1;0;0
6,0695;249,2482;9,2000;0,8023;-0,0214;0,0000;0,0000;0,0000;0,0000;0,0000;-0,0267;-0,2500;0,5500;1;0,0000;0,0000;0;1;1;1;0;0
6,0834;249,2482;9,2000;0,8305;-0,0214;0,0000;0,0000;0,0000;0,0000;0,0000;-0,0267;-0,2300;0,6000;1;0,0000;0,0000;0;1;1;1;0;0
6,0973;249,2482;9,2000;0,8496;-0,0213;0,0000;0,0000;0,0000;0,0000;0,0000;-0,0266;-0,2100;0,6400;1;0,0000;0,0000;0;1;1;1;0;0
6,1111;248,9858;9,2000;0,8642;-0,0212;0,0000;0,0000;0,0000;0,0000;0,0000;-0,0265;-0,1900;0,6700;1;0,0000;0,0000;0;1;1;1;0;0
6,1250;248,9503;9,2000;0,8767;-0,0211;0,0000;0,0000;0,0000;0,0000;0,0000;-0,0264;-0,1700;0,7100;1;0,0000;0,0000;0;1;1;1;0;0
6,1389;248,9148;9,2000;0,8797;-0,0210;0,0000;0,0000;0,0000;0,0000;0,0000;-0,0263;-0,1500;0,7300;1;0,0000;0,0000;0;1;1;1;0;0
6,1528;248,8793;9,2000;0,8693;-0,0209;0,0000;0,0000;0,0000;0,0000;0,0000;-0,0261;-0,1300;0,7400;1;0,0000;0,0000;0;1;1;1;0;0
6,1667;248,8438;9,2000;0,8498;-0,0208;0,0000;0,0000;0,0000;0,0000;0,0000;-0,0260;-0,1100;0,7400;1;0,0000;0,0000;0;1;1;1;0;0
6,1806;248,8083;9,2000;0,8227;-0,0207;0,0000;0,0000;0,0000;0,0000;0,0000;-0,0258;-0,0900;0,7400;1;0,0000;0,0000;0;1;1;1;0;0
6,1945;248,7926;9,2000;0,7843;-0,0205;0,0000;0,0000;0,0000;0,0000;0,0000;-0,0257;-0,0700;0,7200;1;0,0000;0,0000;0;1;1;1;0;0
6,2084;248,7926;9,2000;0,7323;-0,0204;0,0000;0,0000;0,0000;0,0000;0,0000;-0,0255;-0,0500;0,6800;1;0,0000;0,0000;0;1;1;1;0;0
6,2223;248,7926;9,2000;0,6771;-0,0203;0,0000;0,0000;0,0000;0,0000;0,0000;-0,0254;-0,0300;0,6400;1;0,0000;0,0000;0;1;1;1;0;0
6,2361;248,7926;9,3000;0,6251;-0,0202;0,0000;0,0000;0,0000;0,0000;0,0000;-0,0252;0,0000;0,6100;1;0,0000;0,0000;0;1;1;1;0;0
6,2500;248,7926;9,3000;0,5727;-0,0200;0,0000;0,0000;0,0000;0,0000;0,0000;-0,0250;0,0000;0,5700;1;0,0000;0,0000;0;1;1;1;0;0
6,2639;248,7926;9,3000;0,5342;-0,0199;0,0000;0,0000;0,0000;0,0000;0,0000;-0,0249;0,0000;0,5400;1;0,0000;0,0000;0;1;1;1;0;0
6,2778;248,5587;9,3000;0,5010;-0,0198;0,0000;0,0000;0,0000;0,0000;0,0000;-0,0247;0,0200;0,5200;1;0,0000;0,0000;0;1;1;1;0;0
6,2917;248,5228;9,3000;0,4606;-0,0197;0,0000;0,0000;0,0000;0,0000;0,0000;-0,0246;0,0300;0,4900;1;0,0000;0,0000;0;1;1;1;0;0
6,3056;248,4869;9,3000;0,4333;-0,0196;0,0000;0,0000;0,0000;0,0000;0,0000;-0,0245;0,0400;0,4800;1;0,0000;0,0000;0;1;1;1;0;0
6,3195;248,4510;9,3000;0,4073;-0,0195;0,0000;0,0000;0,0000;0,0000;0,0000;-0,0244;0,0500;0,4600;1;0,0000;0,0000;0;1;1;1;0;0
6,3334;248,4152;9,3000;0,3857;-0,0194;0,0000;0,0000;0,0000;0,0000;0,0000;-0,0242;0,0600;0,4500;1;0,0000;0,0000;0;1;1;1;0;0
6,3473;248,3793;9,3000;0,3716;-0,0192;0,0000;0,0000;0,0000;0,0000;0,0000;-0,0240;0,0700;0,4400;1;0,0000;0,0000;0;1;1;1;0;0
6,3611;248,3434;9,3000;0,3626;-0,0191;0,0000;0,0000;0,0000;0,0000;0,0000;-0,0239;0,0800;0,4400;1;0,0000;0,0000;0;1;1;1;0;0
6,3750;248,3367;9,3000;0,3590;-0,0190;0,0000;0,0000;0,0000;0,0000;0,0000;-0,0237;0,0900;0,4500;1;0,0000;0,0000;0;1;1;1;0;0
6,3889;248,3367;9,3000;0,3666;-0,0188;0,0000;0,0000;0,0000;0,0000;0,0000;-0,0236;0,1000;0,4700;1;0,0000;0,0000;0;1;1;1;0;0
6,4028;248,3367;9,3000;0,3730;-0,0187;0,0000;0,0000;0,0000;0,0000;0,0000;-0,0234;0,1100;0,4800;1;0,0000;0,0000;0;1;1;1;0;0
6,4167;248,3367;9,3000;0,3769;-0,0186;0,0000;0,0000;0,0000;0,0000;0,0000;-0,0232;0,1200;0,5000;1;0,0000;0,0000;0;1;1;1;0;0
6,4306;248,3367;9,3000;0,3787;-0,0184;0,0000;0,0000;0,0000;0,0000;0,0000;-0,0230;0,1300;0,5100;1;0,0000;0,0000;0;1;1;1;0;0
6,4445;248,3367;9,3000;0,3767;-0,0182;0,0000;0,0000;0,0000;0,0000;0,0000;-0,0228;0,1400;0,5200;1;0,0000;0,0000;0;1;1;1;0;0
6,4584;248,0922;9,3000;0,3725;-0,0181;0,0000;0,0000;0,0000;0,0000;0,0000;-0,0226;0,1500;0,5200;1;0,0000;0,0000;0;1;1;1;0;0
6,4723;248,0564;9,3000;0,3619;-0,0179;0,0000;0,0000;0,0000;0,0000;0,0000;-0,0224;0,1600;0,5200;1;0,0000;0,0000;0;1;1;1;0;0
6,4861;248,0205;9,3000;0,3533;-0,0178;0,0000;0,0000;0,0000;0,0000;0,0000;-0,0222;0,1700;0,5200;1;0,0000;0,0000;0;1;1;1;0;0
6,5000;247,9846;9,3000;0,3445;-0,0176;0,0000;0,0000;0,0000;0,0000;0,0000;-0,0220;0,1800;0,5200;1;0,0000;0,0000;0;1;1;1;0;0
6,5139;247,9487;9,3000;0,3315;-0,0174;0,0000;0,0000;0,0000;0,0000;0,0000;-0,0218;0,1800;0,5200;1;0,0000;0,0000;0;1;1;1;0;0
6,5278;247,9128;9,3000;0,3201;-0,0172;0,0000;0,0000;0,0000;0,0000;0,0000;-0,0215;0,1900;0,5100;1;0,0000;0,0000;0;1;1;1;0;0
6,5417;247,8807;9,3000;0,3079;-0,0171;0,0000;0,0000;0,0000;0,0000;0,0000;-0,0213;0,2000;0,5100;1;0,0000;0,0000;0;1;1;1;0;0
6,5556;247,8807;9,3000;0,2914;-0,0169;0,0000;0,0000;0,0000;0,0000;0,0000;-0,0211;0,2100;0,5000;1;0,0000;0,0000;0;1;1;1;0;0
6,5695;247,8807;9,3000;0,2706;-0,0167;0,0000;0,0000;0,0000;0,0000;0,0000;-0,0209;0,2200;0,4900;1;0,0000;0,0000;0;1;1;1;0;0
6,5834;247,8807;9,3000;0,2434;-0,0165;0,0000;0,0000;0,0000;0,0000;0,0000;-0,0207;0,2200;0,4700;1;0,0000;0,0000;0;1;1;1;0;0
6,5973;247,8807;9,3000;0,2094;-0,0164;0,0000;0,0000;0,0000;0,0000;0,0000;-0,0205;0,2300;0,4400;1;0,0000;0,0000;0;1;1;1;0;0
6,6111;247,8807;9,3000;0,1749;-0,0162;0,0000;0,0000;0,0000;0,0000;0,0000;-0,0202;0,2300;0,4100;1;0,0000;0,0000;0;1;1;1;0;0
6,6250;247,8807;9,3000;0,1267;-0,0161;0,0000;0,0000;0,0000;0,0000;0,0000;-0,0201;0,2400;0,3600;1;0,0000;0,0000;0;1;1;1;0;0
6,6389;247,6258;9,3000;0,0810;-0,0159;0,0000;0,0000;0,0000;0,0000;0,0000;-0,0199;0,2400;0,3200;1;0,0000;0,0000;0;1;1;1;0;0
6,6528;247,5899;9,3000;0,0427;-0,0158;0,0000;0,0000;0,0000;0,0000;0,0000;-0,0197;0,2400;0,2800;1;0,0000;0,0000;0;1;1;1;0;0
6,6667;247,5540;9,3000;-0,0004;-0,0156;0,0000;0,0000;0,0000;0,0000;0,0000;-0,0196;0,2400;0,2400;1;0,0000;0,0000;0;1;1;1;0;0
6,6806;247,5181;9,3000;-0,0619;-0,0155;0,0000;0,0000;0,0000;0,0000;0,0000;-0,0194;0,2400;0,1800;1;0,0000;0,0000;0;1;1;1;0;0
6,6945;247,4823;9,3000;-0,1190;-0,0154;0,0000;0,0000;0,0000;0,0000;0,0000;-0,0192;0,2400;0,1200;1;0,0000;0,0000;0;1;1;1;0;0
6,7084;247,4464;9,3000;-0,1890;-0,0153;0,0000;0,0000;0,0000;0,0000;0,0000;-0,0191;0,2300;0,0400;1;0,0000;0,0000;0;1;1;1;0;0
6,7223;247,4250;9,3000;-0,2472;-0,0152;0,0000;0,0000;0,0000;0,0000;0,0000;-0,0190;0,2300;-0,0200;1;0,0000;0,0000;0;1;1;1;0;0
6,7361;247,4250;9,5000;-0,3075;-0,0152;0,0000;0,0000;0,0000;0,0000;0,0000;-0,0189;0,2200;-0,0900;1;0,0000;0,0000;0;1;1;1;0;0
6,7500;247,4250;9,5000;-0,3644;-0,0151;0,0000;0,0000;0,0000;0,0000;0,0000;-0,0189;0,2100;-0,1500;1;0,0000;0,0000;0;1;1;1;0;0
6,7639;247,4250;9,5000;-0,4290;-0,0151;0,0000;0,0000;0,0000;0,0000;0,0000;-0,0188;0,2000;-0,2300;1;0,0000;0,0000;0;1;1;1;0;0
6,7778;247,4250;9,5000;-0,4687;-0,0150;0,0000;0,0000;0,0000;0,0000;0,0000;-0,0188;0,1900;-0,2800;1;0,0000;0,0000;0;1;1;1;0;0
6,7917;247,4250;9,5000;-0,5040;-0,0150;0,0000;0,0000;0,0000;0,0000;0,0000;-0,0188;0,1800;-0,3200;1;0,0000;0,0000;0;1;1;1;0;0
6,8056;247,1914;9,5000;-0,5210;-0,0150;0,0000;0,0000;0,0000;0,0000;0,0000;-0,0188;0,1700;-0,3500;1;0,0000;0,0000;0;1;1;1;0;0
6,8195;247,1547;9,5000;-0,5299;-0,0150;0,0000;0,0000;0,0000;0,0000;0,0000;-0,0188;0,1500;-0,3700;1;0,0000;0,0000;0;1;1;1;0;0
6,8334;247,1181;9,5000;-0,5235;-0,0150;0,0000;0,0000;0,0000;0,0000;0,0000;-0,0188;0,1400;-0,3800;1;0,0000;0,0000;0;1;1;1;0;0
6,8473;247,0814;9,5000;-0,4904;-0,0150;0,0000;0,0000;0,0000;0,0000;0,0000;-0,0188;0,1300;-0,3600;1;0,0000;0,0000;0;1;1;1;0;0
6,8611;247,0448;9,5000;-0,4287;-0,0150;0,0000;0,0000;0,0000;0,0000;0,0000;-0,0188;0,1200;-0,3100;1;0,0000;0,0000;0;1;1;1;0;0
6,8750;247,0081;9,5000;-0,2805;-0,0150;0,0000;0,0000;0,0000;0,0000;0,0000;-0,0188;0,1200;-0,1600;1;0,0000;0,0000;0;1;1;1;0;0
6,8889;246,9715;9,5000;-0,1181;-0,0150;0,0000;0,0000;0,0000;0,0000;0,0000;-0,0187;0,1100;0,0000;1;0,0000;0,0000;0;1;1;1;0;0
6,9028;246,9689;9,5000;-0,0109;-0,0149;0,0000;0,0000;0,0000;0,0000;0,0000;-0,0186;0,1100;0,1000;1;0,0000;0,0000;0;1;1;1;0;0
6,9167;246,9689;9,5000;0,1249;-0,0148;0,0000;0,0000;0,0000;0,0000;0,0000;-0,0185;0,1200;0,2400;1;0,0000;0,0000;0;1;1;1;0;0
6,9306;246,9689;9,5000;0,2300;-0,0147;0,0000;0,0000;0,0000;0,0000;0,0000;-0,0183;0,1200;0,3500;1;0,0000;0,0000;0;1;1;1;0;0
6,9445;246,9689;9,5000;0,3620;-0,0145;0,0000;0,0000;0,0000;0,0000;0,0000;-0,0181;0,1300;0,4900;1;0,0000;0,0000;0;1;1;1;0;0
6,9584;246,9689;9,5000;0,4829;-0,0143;0,0000;0,0000;0,0000;0,0000;0,0000;-0,0179;0,1500;0,6300;1;0,0000;0,0000;0;1;1;1;0;0
6,9723;246,9689;9,5000;0,5087;-0,0141;0,0000;0,0000;0,0000;0,0000;0,0000;-0,0177;0,1600;0,6700;1;0,0000;0,0000;0;1;1;1;0;0
6,9861;246,7149;9,5000;0,5011;-0,0139;0,0000;0,0000;0,0000;0,0000;0,0000;-0,0174;0,1700;0,6700;1;0,0000;0,0000;0;1;1;1;0;0
7,0000;246,6782;9,5000;0,4936;-0,0137;0,0000;0,0000;0,0000;0,0000;0,0000;-0,0172;0,1800;0,6800;1;0,0000;0,0000;0;1;1;1;0;0
7,0139;246,6416;9,5000;0,4939;-0,0135;0,0000;0,0000;0,0000;0,0000;0,0000;-0,0169;0,2000;0,6900;1;0,0000;0,0000;0;1;1;1;0;0
7,0278;246,6049;9,5000;0,4827;-0,0133;0,0000;0,0000;0,0000;0,0000;0,0000;-0,0166;0,2100;0,6900;1;0,0000;0,0000;0;1;1;6;0;0
7,0417;246,5683;9,5000;0,3896;-0,0131;0,0000;0,0000;0,0000;0,0000;0,0000;-0,0164;0,2200;0,6100;1;0,0000;0,0000;0;1;1;6;0;0
7,0556;246,5316;9,5000;0,2390;-0,0129;0,0000;0,0000;0,0000;0,0000;0,0000;-0,0161;0,2300;0,4600;1;0,0000;0,0000;0;1;1;6;0;0
7,0695;246,5131;9,5000;0,1180;-0,0128;0,0000;0,0000;0,0000;0,0000;0,0000;-0,0159;0,2300;0,3500;1;0,0000;0,0000;0;1;1;6;0;0
7,0834;246,5131;9,5000;0,0247;-0,0126;0,0000;0,0000;0,0000;0,0000;0,0000;-0,0158;0,2300;0,2500;1;0,0000;0,0000;0;1;1;6;0;0
7,0973;246,5131;9,5000;-0,1153;-0,0125;0,0000;0,0000;0,0000;0,0000;0,0000;-0,0156;0,2300;0,1100;1;0,0000;0,0000;0;1;1;6;0;0
7,1111;246,5131;9,5000;-0,2685;-0,0124;0,0000;0,0000;0,0000;0,0000;0,0000;-0,0155;0,2200;-0,0400;1;0,0000;0,0000;0;1;1;6;0;0
7,1250;246,5131;9,5000;-0,4624;-0,0124;0,0000;0,0000;0,0000;0,0000;0,0000;-0,0155;0,2100;-0,2500;1;0,0000;0,0000;0;1;1;6;0;0
7,1389;246,5131;9,5000;-0,5594;-0,0124;0,0000;0,0000;0,0000;0,0000;0,0000;-0,0155;0,2000;-0,3600;1;0,0000;0,0000;0;1;1;6;0;0
7,1528;246,2751;9,5000;-0,6007;-0,0124;0,0000;0,0000;0,0000;0,0000;0,0000;-0,0155;0,1800;-0,4200;1;0,0000;0,0000;0;1;1;6;0;0
7,1667;246,2384;9,5000;-0,6481;-0,0124;0,0000;0,0000;0,0000;0,0000;0,0000;-0,0155;0,1700;-0,4800;1;0,0000;0,0000;0;1;1;6;0;0
7,1806;246,2018;9,5000;-0,6641;-0,0124;0,0000;0,0000;0,0000;0,0000;0,0000;-0,0155;0,1500;-0,5100;1;0,0000;0,0000;0;1;1;6;0;0
7,1945;246,1651;9,5000;-0,6793;-0,0124;0,0000;0,0000;0,0000;0,0000;0,0000;-0,0156;0,1400;-0,5400;1;0,0000;0,0000;0;1;1;6;0;0
7,2084;246,1285;9,5000;-0,6776;-0,0125;0,0000;0,0000;0,0000;0,0000;0,0000;-0,0156;0,1200;-0,5600;1;0,0000;0,0000;0;1;1;6;0;0
7,2223;246,0918;9,5000;-0,6808;-0,0126;0,0000;0,0000;0,0000;0,0000;0,0000;-0,0157;0,1000;-0,5800;1;0,0000;0,0000;0;1;1;6;0;0
7,2361;246,0572;9,3000;-0,6795;-0,0126;0,0000;0,0000;0,0000;0,0000;0,0000;-0,0158;0,0900;-0,5900;1;0,0000;0,0000;0;1;1;6;0;0
7,2500;246,0572;9,3000;-0,6607;-0,0127;0,0000;0,0000;0,0000;0,0000;0,0000;-0,0159;0,0700;-0,5900;1;0,0000;0,0000;0;1;1;6;0;0
7,2639;246,0572;9,3000;-0,6145;-0,0128;0,0000;0,0000;0,0000;0,0000;0,0000;-0,0160;0,0600;-0,5500;1;0,0000;0,0000;0;1;1;6;0;0
7,2778;246,0572;9,3000;-0,5425;-0,0128;0,0000;0,0000;0,0000;0,0000;0,0000;-0,0161;0,0400;-0,4900;1;0,0000;0,0000;0;1;1;6;0;0
7,2917;246,0572;9,3000;-0,4083;-0,0129;0,0000;0,0000;0,0000;0,0000;0,0000;-0,0161;0,0300;-0,3700;1;0,0000;0,0000;0;1;1;6;0;0
7,3056;246,0572;9,3000;-0,3070;-0,0129;0,0000;0,0000;0,0000;0,0000;0,0000;-0,0161;0,0300;-0,2800;1;0,0000;0,0000;0;1;1;6;0;0
7,3195;246,0572;9,3000;-0,2411;-0,0129;0,0000;0,0000;0,0000;0,0000;0,0000;-0,0161;0,0300;-0,2100;1;0,0000;0,0000;0;1;1;6;0;0
7,3334;245,8040;9,3000;-0,1695;-0,0129;0,0000;0,0000;0,0000;0,0000;0,0000;-0,0161;0,0200;-0,1500;1;0,0000;0,0000;0;1;1;6;0;0
7,3473;245,7681;9,3000;-0,1276;-0,0129;0,0000;0,0000;0,0000;0,0000;0,0000;-0,0161;0,0200;-0,1100;1;0,0000;0,0000;0;1;1;6;0;0
7,3611;245,7322;9,3000;-0,0928;-0,0129;0,0000;0,0000;0,0000;0,0000;0,0000;-0,0161;0,0000;-0,0700;1;0,0000;0,0000;0;1;1;6;0;0
7,3750;245,6963;9,3000;-0,0672;-0,0129;0,0000;0,0000;0,0000;0,0000;0,0000;-0,0161;0,0200;-0,0500;1;0,0000;0,0000;0;1;1;6;0;0
7,3889;245,6605;9,3000;-0,0561;-0,0129;0,0000;0,0000;0,0000;0,0000;0,0000;-0,0161;0,0000;-0,0400;1;0,0000;0,0000;0;1;1;6;0;0
7,4028;245,6246;9,3000;-0,0525;-0,0129;0,0000;0,0000;0,0000;0,0000;0,0000;-0,0161;0,0000;-0,0300;1;0,0000;0,0000;0;1;1;6;0;0
7,4167;245,6011;9,3000;-0,0518;-0,0129;0,0000;0,0000;0,0000;0,0000;0,0000;-0,0161;0,0000;-0,0300;1;0,0000;0,0000;0;1;1;6;0;0
7,4306;245,6011;9,3000;-0,0570;-0,0128;0,0000;0,0000;0,0000;0,0000;0,0000;-0,0161;0,0000;-0,0400;1;0,0000;0,0000;0;1;1;6;0;0
7,4445;245,6011;9,3000;-0,0581;-0,0128;0,0000;0,0000;0,0000;0,0000;0,0000;-0,0160;0,0000;-0,0400;1;0,0000;0,0000;0;1;1;6;0;0
7,4584;245,6011;9,3000;-0,0732;-0,0128;0,0000;0,0000;0,0000;0,0000;0,0000;-0,0160;0,0000;-0,0600;1;0,0000;0,0000;0;1;1;6;0;0
7,4723;245,6011;9,3000;-0,0889;-0,0128;0,0000;0,0000;0,0000;0,0000;0,0000;-0,0160;0,0000;-0,0800;1;0,0000;0,0000;0;1;1;6;0;0
7,4861;245,6011;9,6000;-0,0980;-0,0128;0,0000;0,0000;0,0000;0,0000;0,0000;-0,0160;0,0000;-0,0900;1;0,0000;0,0000;0;1;1;6;0;0
7,5000;245,3723;9,6000;-0,1061;-0,0128;0,0000;0,0000;0,0000;0,0000;0,0000;-0,0160;0,0000;-0,1000;1;0,0000;0,0000;0;1;1;6;0;0
7,5139;245,3352;9,6000;-0,1171;-0,0128;0,0000;0,0000;0,0000;0,0000;0,0000;-0,0160;0,0000;-0,1100;1;0,0000;0,0000;0;1;1;6;0;0
7,5278;245,2982;9,6000;-0,1322;-0,0128;0,0000;0,0000;0,0000;0,0000;0,0000;-0,0160;0,0000;-0,1300;1;0,0000;0,0000;0;1;1;6;0;0
7,5417;245,2611;9,6000;-0,1354;-0,0129;0,0000;0,0000;0,0000;0,0000;0,0000;-0,0161;0,0000;-0,1400;1;0,0000;0,0000;0;1;1;6;0;0
7,5556;245,2241;9,6000;-0,1834;-0,0129;0,0000;0,0000;0,0000;0,0000;0,0000;-0,0161;0,0000;-0,1900;1;0,0000;0,0000;0;1;1;6;0;0
7,5695;245,1871;9,6000;-0,2224;-0,0129;0,0000;0,0000;0,0000;0,0000;0,0000;-0,0161;0,0000;-0,2300;1;0,0000;0,0000;0;1;1;6;0;0
7,5834;245,1500;9,6000;-0,2591;-0,0129;0,0000;0,0000;0,0000;0,0000;0,0000;-0,0162;0,0000;-0,2700;1;0,0000;0,0000;0;1;1;6;0;0
7,5973;245,1457;9,6000;-0,2776;-0,0130;0,0000;0,0000;0,0000;0,0000;0,0000;-0,0162;-0,0200;-0,3000;1;0,0000;0,0000;0;1;1;6;0;0
7,6111;245,1457;9,6000;-0,2958;-0,0131;0,0000;0,0000;0,0000;0,0000;0,0000;-0,0163;-0,0300;-0,3300;1;0,0000;0,0000;0;1;1;6;0;0
7,6250;245,1457;9,6000;-0,3088;-0,0131;0,0000;0,0000;0,0000;0,0000;0,0000;-0,0164;-0,0300;-0,3400;1;0,0000;0,0000;0;1;1;6;0;0
7,6389;245,1457;9,6000;-0,3244;-0,0132;0,0000;0,0000;0,0000;0,0000;0,0000;-0,0165;-0,0400;-0,3700;1;0,0000;0,0000;0;1;1;6;0;0
7,6528;245,1457;9,6000;-0,3339;-0,0132;0,0000;0,0000;0,0000;0,0000;0,0000;-0,0166;-0,0500;-0,3900;1;0,0000;0,0000;0;1;1;6;0;0
7,6667;245,1457;9,6000;-0,3350;-0,0133;0,0000;0,0000;0,0000;0,0000;0,0000;-0,0167;-0,0600;-0,3900;1;0,0000;0,0000;0;1;1;6;0;0
7,6806;244,8908;9,6000;-0,3244;-0,0134;0,0000;0,0000;0,0000;0,0000;0,0000;-0,0168;-0,0700;-0,3900;1;0,0000;0,0000;0;1;1;6;0;0
7,6945;244,8537;9,6000;-0,2999;-0,0135;0,0000;0,0000;0,0000;0,0000;0,0000;-0,0169;-0,0700;-0,3700;1;0,0000;0,0000;0;1;1;6;0;0
7,7084;244,8167;9,6000;-0,2725;-0,0136;0,0000;0,0000;0,0000;0,0000;0,0000;-0,0170;-0,0800;-0,3500;1;0,0000;0,0000;0;1;1;6;0;0
7,7223;244,7797;9,6000;-0,2438;-0,0137;0,0000;0,0000;0,0000;0,0000;0,0000;-0,0171;-0,0800;-0,3300;1;0,0000;0,0000;0;1;1;6;0;0
7,7361;244,7426;9,6000;-0,2241;-0,0137;0,0000;0,0000;0,0000;0,0000;0,0000;-0,0172;-0,0900;-0,3100;1;0,0000;0,0000;0;1;1;6;0;0
7,7500;244,7056;9,6000;-0,2099;-0,0138;0,0000;0,0000;0,0000;0,0000;0,0000;-0,0173;-0,0900;-0,3100;1;0,0000;0,0000;0;1;1;6;0;0
7,7639;244,6891;9,6000;-0,1969;-0,0139;0,0000;0,0000;0,0000;0,0000;0,0000;-0,0174;-0,1000;-0,3000;1;0,0000;0,0000;0;1;1;6;0;0
7,7778;244,6891;9,6000;-0,1891;-0,0140;0,0000;0,0000;0,0000;0,0000;0,0000;-0,0175;-0,1000;-0,2900;1;0,0000;0,0000;0;1;1;6;0;0
7,7917;244,6891;9,6000;-0,1863;-0,0141;0,0000;0,0000;0,0000;0,0000;0,0000;-0,0176;-0,1100;-0,2900;1;0,0000;0,0000;0;1;1;6;0;0
7,8056;244,6891;9,6000;-0,2001;-0,0142;0,0000;0,0000;0,0000;0,0000;0,0000;-0,0177;-0,1100;-0,3100;1;0,0000;0,0000;0;1;1;6;0;0
7,8195;244,6891;9,6000;-0,2249;-0,0142;0,0000;0,0000;0,0000;0,0000;0,0000;-0,0178;-0,1200;-0,3400;1;0,0000;0,0000;0;1;1;6;0;0
7,8334;244,6891;9,6000;-0,2679;-0,0143;0,0000;0,0000;0,0000;0,0000;0,0000;-0,0179;-0,1200;-0,3900;1;0,0000;0,0000;0;1;1;6;0;0
7,8473;244,4463;9,6000;-0,3027;-0,0145;0,0000;0,0000;0,0000;0,0000;0,0000;-0,0181;-0,1300;-0,4300;1;0,0000;0,0000;0;1;1;6;0;0
7,8611;244,4093;9,6000;-0,3334;-0,0146;0,0000;0,0000;0,0000;0,0000;0,0000;-0,0182;-0,1400;-0,4700;1;0,0000;0,0000;0;1;1;6;0;0
7,8750;244,3723;9,6000;-0,3510;-0,0147;0,0000;0,0000;0,0000;0,0000;0,0000;-0,0184;-0,1500;-0,5000;1;0,0000;0,0000;0;1;1;6;0;0
7,8889;244,3352;9,6000;-0,3636;-0,0148;0,0000;0,0000;0,0000;0,0000;0,0000;-0,0185;-0,1600;-0,5200;1;0,0000;0,0000;0;1;1;6;0;0
7,9028;244,2982;9,6000;-0,3664;-0,0150;0,0000;0,0000;0,0000;0,0000;0,0000;-0,0187;-0,1600;-0,5300;1;0,0000;0,0000;0;1;1;6;0;0
7,9167;244,2612;9,6000;-0,3532;-0,0151;0,0000;0,0000;0,0000;0,0000;0,0000;-0,0189;-0,1700;-0,5300;1;0,0000;0,0000;0;1;1;6;0;0
7,9306;244,2342;9,6000;-0,3027;-0,0153;0,0000;0,0000;0,0000;0,0000;0,0000;-0,0191;-0,1800;-0,4800;1;0,0000;0,0000;0;1;1;6;0;0
7,9445;244,2342;9,6000;-0,2061;-0,0154;0,0000;0,0000;0,0000;0,0000;0,0000;-0,0192;-0,1800;-0,3900;1;0,0000;0,0000;0;1;1;6;0;0
7,9584;244,2342;9,6000;-0,1264;-0,0155;0,0000;0,0000;0,0000;0,0000;0,0000;-0,0194;-0,1900;-0,3100;1;0,0000;0,0000;0;1;1;6;0;0
7,9723;244,2342;9,6000;-0,1103;-0,0156;0,0000;0,0000;0,0000;0,0000;0,0000;-0,0195;-0,1900;-0,3000;1;0,0000;0,0000;0;1;1;6;0;0
7,9861;244,2342;9,6000;-0,0033;-0,0157;0,0000;0,0000;0,0000;0,0000;0,0000;-0,0196;-0,1900;-0,1900;1;0,0000;0,0000;0;1;1;6;0;0
8,0000;244,2342;9,5000;0,1112;-0,0158;0,0000;0,0000;0,0000;0,0000;0,0000;-0,0197;-0,1900;-0,0700;1;0,0000;0,0000;0;1;1;6;0;0
8,0139;244,0023;9,5000;0,2195;-0,0158;0,0000;0,0000;0,0000;0,0000;0,0000;-0,0197;-0,1800;0,0300;1;0,0000;0,0000;0;1;1;6;0;0
8,0278;243,9656;9,5000;0,2999;-0,0158;0,0000;0,0000;0,0000;0,0000;0,0000;-0,0198;-0,1700;0,1300;1;0,0000;0,0000;0;1;1;6;0;0
8,0417;243,9290;9,5000;0,3808;-0,0158;0,0000;0,0000;0,0000;0,0000;0,0000;-0,0198;-0,1700;0,2100;1;0,0000;0,0000;0;1;1;1;1;0
8,0556;243,8923;9,5000;0,3967;-0,0158;0,0000;0,0000;0,0000;0,0000;0,0000;-0,0198;-0,1600;0,2400;1;0,0000;0,0000;0;1;1;1;1;0
8,0695;243,8557;9,5000;0,4749;-0,0158;0,0000;0,0000;0,0000;0,0000;0,0000;-0,0198;-0,1400;0,3300;1;0,0000;0,0000;0;1;1;1;1;0
8,0834;243,8190;9,5000;0,5191;-0,0158;0,0000;0,0000;0,0000;0,0000;0,0000;-0,0197;-0,1300;0,3900;1;0,0000;0,0000;0;1;1;1;1;0
8,0973;243,7824;9,5000;0,5524;-0,0157;0,0000;0,0000;0,0000;0,0000;0,0000;-0,0196;-0,1200;0,4300;1;0,0000;0,0000;0;1;1;1;1;0
8,1111;243,7771;9,5000;0,5818;-0,0157;0,0000;0,0000;0,0000;0,0000;0,0000;-0,0196;-0,1000;0,4800;1;0,0000;0,0000;0;1;1;1;1;0
8,1250;243,7771;9,5000;0,6075;-0,0156;0,0000;0,0000;0,0000;0,0000;0,0000;-0,0195;-0,0900;0,5200;1;0,0000;0,0000;0;1;1;1;1;0
8,1389;243,7771;9,5000;0,6228;-0,0155;0,0000;0,0000;0,0000;0,0000;0,0000;-0,0194;-0,0800;0,5500;1;0,0000;0,0000;0;1;1;1;1;0
8,1528;243,7771;9,5000;0,6286;-0,0154;0,0000;0,0000;0,0000;0,0000;0,0000;-0,0192;-0,0600;0,5700;1;0,0000;0,0000;0;1;1;1;1;0
8,1667;243,7771;9,5000;0,6265;-0,0153;0,0000;0,0000;0,0000;0,0000;0,0000;-0,0191;-0,0400;0,5800;1;0,0000;0,0000;0;1;1;1;1;0
8,1806;243,7771;9,5000;0,6261;-0,0152;0,0000;0,0000;0,0000;0,0000;0,0000;-0,0190;-0,0300;0,5900;1;0,0000;0,0000;0;1;1;1;1;0
8,1945;243,5258;9,5000;0,5971;-0,0151;0,0000;0,0000;0,0000;0,0000;0,0000;-0,0188;0,0000;0,5800;1;0,0000;0,0000;0;1;1;1;1;0
8,2084;243,4891;9,5000;0,5794;-0,0150;0,0000;0,0000;0,0000;0,0000;0,0000;-0,0187;0,0000;0,5700;1;0,0000;0,0000;0;1;1;1;1;0
8,2223;243,4525;9,5000;0,5560;-0,0148;0,0000;0,0000;0,0000;0,0000;0,0000;-0,0186;0,0000;0,5600;1;0,0000;0,0000;0;1;1;1;1;0
8,2361;243,4158;9,5000;0,5323;-0,0147;0,0000;0,0000;0,0000;0,0000;0,0000;-0,0184;0,0200;0,5500;1;0,0000;0,0000;0;1;1;1;1;0
8,2500;243,3792;9,5000;0,4978;-0,0146;0,0000;0,0000;0,0000;0,0000;0,0000;-0,0183;0,0300;0,5300;1;0,0000;0,0000;0;1;1;1;1;0
8,2639;243,3425;9,5000;0,4201;-0,0145;0,0000;0,0000;0,0000;0,0000;0,0000;-0,0181;0,0400;0,4600;1;0,0000;0,0000;0;1;1;1;1;0
8,2778;243,3225;9,5000;0,3041;-0,0144;0,0000;0,0000;0,0000;0,0000;0,0000;-0,0180;0,0500;0,3500;1;0,0000;0,0000;0;1;1;1;1;0
8,2917;243,3225;9,5000;0,2808;-0,0143;0,0000;0,0000;0,0000;0,0000;0,0000;-0,0179;0,0600;0,3400;1;0,0000;0,0000;0;1;1;1;1;0
8,3056;243,3225;9,5000;0,1103;-0,0143;0,0000;0,0000;0,0000;0,0000;0,0000;-0,0179;0,0600;0,1700;1;0,0000;0,0000;0;1;1;1;1;0
8,3195;243,3225;9,5000;0,0030;-0,0142;0,0000;0,0000;0,0000;0,0000;0,0000;-0,0178;0,0600;0,0600;1;0,0000;0,0000;0;1;1;1;1;0
8,3334;243,3225;9,5000;-0,1173;-0,0142;0,0000;0,0000;0,0000;0,0000;0,0000;-0,0178;0,0600;-0,0600;1;0,0000;0,0000;0;1;1;1;1;0
8,3473;243,3225;9,5000;-0,2491;-0,0143;0,0000;0,0000;0,0000;0,0000;0,0000;-0,0178;0,0500;-0,2000;1;0,0000;0,0000;0;1;1;1;1;0
8,3611;243,0860;9,5000;-0,3067;-0,0143;0,0000;0,0000;0,0000;0,0000;0,0000;-0,0178;0,0400;-0,2600;1;0,0000;0,0000;0;1;1;1;1;0
8,3750;243,0493;9,5000;-0,3663;-0,0143;0,0000;0,0000;0,0000;0,0000;0,0000;-0,0179;0,0300;-0,3300;1;0,0000;0,0000;0;1;1;1;1;0
8,3889;243,0127;9,5000;-0,4386;-0,0144;0,0000;0,0000;0,0000;0,0000;0,0000;-0,0180;0,0200;-0,4200;1;0,0000;0,0000;0;1;1;1;1;0
8,4028;242,9760;9,5000;-0,4531;-0,0145;0,0000;0,0000;0,0000;0,0000;0,0000;-0,0181;0,0000;-0,4400;1;0,0000;0,0000;0;1;1;1;1;0
8,4167;242,9394;9,5000;-0,5120;-0,0146;0,0000;0,0000;0,0000;0,0000;0,0000;-0,0182;0,0000;-0,5100;1;0,0000;0,0000;0;1;1;1;1;0
8,4306;242,9027;9,5000;-0,6152;-0,0147;0,0000;0,0000;0,0000;0,0000;0,0000;-0,0184;0,0000;-0,6300;1;0,0000;0,0000;0;1;1;1;1;0
8,4445;242,8661;9,5000;-0,6451;-0,0148;0,0000;0,0000;0,0000;0,0000;0,0000;-0,0186;-0,0300;-0,6800;1;0,0000;0,0000;0;1;1;1;1;0
8,4584;242,8652;9,5000;-0,6704;-0,0150;0,0000;0,0000;0,0000;0,0000;0,0000;-0,0188;-0,0400;-0,7200;1;0,0000;0,0000;0;1;1;1;1;0
8,4723;242,8652;9,5000;-0,6946;-0,0152;0,0000;0,0000;0,0000;0,0000;0,0000;-0,0190;-0,0600;-0,7600;1;0,0000;0,0000;0;1;1;1;1;0
8,4861;242,8652;9,4000;-0,7083;-0,0154;0,0000;0,0000;0,0000;0,0000;0,0000;-0,0192;-0,0800;-0,7900;1;0,0000;0,0000;0;1;1;1;1;0
8,5000;242,8652;9,4000;-0,7168;-0,0156;0,0000;0,0000;0,0000;0,0000;0,0000;-0,0194;-0,0900;-0,8100;1;0,0000;0,0000;0;1;1;1;1;0
8,5139;242,8652;9,4000;-0,7185;-0,0158;0,0000;0,0000;0,0000;0,0000;0,0000;-0,0197;-0,1100;-0,8300;1;0,0000;0,0000;0;1;1;1;1;0
8,5278;242,8652;9,4000;-0,7130;-0,0160;0,0000;0,0000;0,0000;0,0000;0,0000;-0,0199;-0,1300;-0,8400;1;0,0000;0,0000;0;1;1;1;1;0
8,5417;242,6111;9,4000;-0,6712;-0,0162;0,0000;0,0000;0,0000;0,0000;0,0000;-0,0202;-0,1400;-0,8200;1;0,0000;0,0000;0;1;1;1;1;0
8,5556;242,5748;9,4000;-0,6361;-0,0164;0,0000;0,0000;0,0000;0,0000;0,0000;-0,0205;-0,1600;-0,8000;1;0,0000;0,0000;0;1;1;1;1;0
8,5695;242,5385;9,4000;-0,5926;-0,0166;0,0000;0,0000;0,0000;0,0000;0,0000;-0,0207;-0,1700;-0,7700;1;0,0000;0,0000;0;1;1;1;1;0
8,5834;242,5023;9,4000;-0,5627;-0,0168;0,0000;0,0000;0,0000;0,0000;0,0000;-0,0210;-0,1900;-0,7500;1;0,0000;0,0000;0;1;1;1;1;0
8,5973;242,4660;9,4000;-0,5257;-0,0170;0,0000;0,0000;0,0000;0,0000;0,0000;-0,0212;-0,2000;-0,7200;1;0,0000;0,0000;0;1;1;1;1;0
8,6111;242,4297;9,4000;-0,4940;-0,0172;0,0000;0,0000;0,0000;0,0000;0,0000;-0,0215;-0,2100;-0,7000;1;0,0000;0,0000;0;1;1;1;1;0
8,6250;242,4104;9,4000;-0,4876;-0,0174;0,0000;0,0000;0,0000;0,0000;0,0000;-0,0218;-0,2200;-0,7100;1;0,0000;0,0000;0;1;1;1;1;0
8,6389;242,4104;9,4000;-0,4690;-0,0176;0,0000;0,0000;0,0000;0,0000;0,0000;-0,0220;-0,2300;-0,7000;1;0,0000;0,0000;0;1;1;1;1;0
8,6528;242,4104;9,4000;-0,4553;-0,0178;0,0000;0,0000;0,0000;0,0000;0,0000;-0,0223;-0,2400;-0,7000;1;0,0000;0,0000;0;1;1;1;1;0
8,6667;242,4104;9,4000;-0,4524;-0,0180;0,0000;0,0000;0,0000;0,0000;0,0000;-0,0226;-0,2500;-0,7100;1;0,0000;0,0000;0;1;1;1;1;0
8,6806;242,4104;9,4000;-0,4595;-0,0183;0,0000;0,0000;0,0000;0,0000;0,0000;-0,0228;-0,2600;-0,7200;1;0,0000;0,0000;0;1;1;1;1;0
8,6945;242,4104;9,4000;-0,4659;-0,0185;0,0000;0,0000;0,0000;0,0000;0,0000;-0,0231;-0,2700;-0,7400;1;0,0000;0,0000;0;1;1;1;1;0
8,7084;242,1759;9,4000;-0,4675;-0,0187;0,0000;0,0000;0,0000;0,0000;0,0000;-0,0234;-0,2900;-0,7500;1;0,0000;0,0000;0;1;1;1;1;0
8,7223;242,1396;9,4000;-0,4697;-0,0190;0,0000;0,0000;0,0000;0,0000;0,0000;-0,0237;-0,3000;-0,7700;1;0,0000;0,0000;0;1;1;1;1;0
8,7361;242,1033;9,4000;-0,4702;-0,0192;0,0000;0,0000;0,0000;0,0000;0,0000;-0,0241;-0,3100;-0,7800;1;0,0000;0,0000;0;1;1;1;1;0
8,7500;242,0671;9,4000;-0,4711;-0,0195;0,0000;0,0000;0,0000;0,0000;0,0000;-0,0244;-0,3200;-0,7900;1;0,0000;0,0000;0;1;1;1;1;0
8,7639;242,0308;9,4000;-0,4721;-0,0198;0,0000;0,0000;0,0000;0,0000;0,0000;-0,0247;-0,3300;-0,8000;1;0,0000;0,0000;0;1;1;1;1;0
8,7778;241,9945;9,4000;-0,4730;-0,0200;0,0000;0,0000;0,0000;0,0000;0,0000;-0,0251;-0,3400;-0,8100;1;0,0000;0,0000;0;1;1;1;1;0
8,7917;241,9583;9,4000;-0,4718;-0,0203;0,0000;0,0000;0,0000;0,0000;0,0000;-0,0254;-0,3500;-0,8200;1;0,0000;0,0000;0;1;1;1;1;0
8,8056;241,9537;9,4000;-0,4701;-0,0206;0,0000;0,0000;0,0000;0,0000;0,0000;-0,0257;-0,3600;-0,8300;1;0,0000;0,0000;0;1;1;1;1;0
8,8195;241,9537;9,4000;-0,4697;-0,0209;0,0000;0,0000;0,0000;0,0000;0,0000;-0,0261;-0,3700;-0,8400;1;0,0000;0,0000;0;1;1;1;1;0
8,8334;241,9537;9,4000;-0,4658;-0,0212;0,0000;0,0000;0,0000;0,0000;0,0000;-0,0265;-0,3800;-0,8500;1;0,0000;0,0000;0;1;1;1;1;0
8,8473;241,9537;9,4000;-0,4660;-0,0215;0,0000;0,0000;0,0000;0,0000;0,0000;-0,0268;-0,3900;-0,8600;1;0,0000;0,0000;0;1;1;1;1;0
8,8611;241,9537;9,4000;-0,4733;-0,0218;0,0000;0,0000;0,0000;0,0000;0,0000;-0,0272;-0,4000;-0,8800;1;0,0000;0,0000;0;1;1;1;1;0
8,8750;241,9537;9,4000;-0,4755;-0,0221;0,0000;0,0000;0,0000;0,0000;0,0000;-0,0276;-0,4100;-0,8900;1;0,0000;0,0000;0;1;1;1;1;0
8,8889;241,7044;9,4000;-0,4820;-0,0224;0,0000;0,0000;0,0000;0,0000;0,0000;-0,0280;-0,4300;-0,9100;1;0,0000;0,0000;0;1;1;1;1;0
8,9028;241,6682;9,4000;-0,4990;-0,0227;0,0000;0,0000;0,0000;0,0000;0,0000;-0,0284;-0,4400;-0,9400;1;0,0000;0,0000;0;1;1;1;1;0
8,9167;241,6319;9,4000;-0,5484;-0,0231;0,0000;0,0000;0,0000;0,0000;0,0000;-0,0288;-0,4500;-1,0000;1;0,0000;0,0000;0;1;1;1;1;0
8,9306;241,5956;9,4000;-0,5962;-0,0234;0,0000;0,0000;0,0000;0,0000;0,0000;-0,0293;-0,4600;-1,0600;1;0,0000;0,0000;0;1;1;1;1;0
8,9445;241,5594;9,4000;-0,6058;-0,0238;0,0000;0,0000;0,0000;0,0000;0,0000;-0,0297;-0,4800;-1,0800;1;0,0000;0,0000;0;1;1;1;1;0
8,9584;241,5231;9,4000;-0,6485;-0,0242;0,0000;0,0000;0,0000;0,0000;0,0000;-0,0302;-0,4900;-1,1400;1;0,0000;0,0000;0;1;1;1;1;0
8,9723;241,4976;9,4000;-0,6893;-0,0246;0,0000;0,0000;0,0000;0,0000;0,0000;-0,0307;-0,5100;-1,2000;1;0,0000;0,0000;0;1;1;1;1;0
8,9861;241,4976;9,4000;-0,7808;-0,0250;0,0000;0,0000;0,0000;0,0000;0,0000;-0,0312;-0,5300;-1,3100;1;0,0000;0,0000;0;1;1;1;1;0
9,0000;241,4976;9,4000;-0,8447;-0,0254;0,0000;0,0000;0,0000;0,0000;0,0000;-0,0318;-0,5500;-1,3900;1;0,0000;0,0000;0;1;1;1;1;0
9,0139;241,4976;9,4000;-0,9146;-0,0259;0,0000;0,0000;0,0000;0,0000;0,0000;-0,0324;-0,5700;-1,4800;1;0,0000;0,0000;0;1;1;1;1;0
9,0278;241,4976;9,4000;-0,9809;-0,0264;0,0000;0,0000;0,0000;0,0000;0,0000;-0,0330;-0,5900;-1,5700;1;0,0000;0,0000;0;1;1;1;1;0
9,0417;241,4976;9,4000;-1,0272;-0,0269;0,0000;0,0000;0,0000;0,0000;0,0000;-0,0336;-0,6200;-1,6400;1;0,0000;0,0000;0;1;1;0;0;0
9,0556;241,2693;9,4000;-1,0365;-0,0274;0,0000;0,0000;0,0000;0,0000;0,0000;-0,0343;-0,6400;-1,6800;1;0,0000;0,0000;0;1;1;0;0;0
9,0695;241,2330;9,4000;-1,0428;-0,0280;0,0000;0,0000;0,0000;0,0000;0,0000;-0,0350;-0,6700;-1,7100;1;0,0000;0,0000;0;1;1;0;0;0
9,0834;241,1967;9,4000;-1,0335;-0,0285;0,0000;0,0000;0,0000;0,0000;0,0000;-0,0356;-0,6900;-1,7200;1;0,0000;0,0000;0;1;1;0;0;0
9,0973;241,1605;9,4000;-1,0002;-0,0290;0,0000;0,0000;0,0000;0,0000;0,0000;-0,0363;-0,7100;-1,7100;1;0,0000;0,0000;0;1;1;0;0;0
9,1111;241,1242;9,4000;-0,9436;-0,0296;0,0000;0,0000;0,0000;0,0000;0,0000;-0,0369;-0,7400;-1,6800;1;0,0000;0,0000;0;1;1;0;0;0
9,1250;241,0880;9,4000;-0,9230;-0,0301;0,0000;0,0000;0,0000;0,0000;0,0000;-0,0376;-0,7600;-1,6800;1;0,0000;0,0000;0;1;1;0;0;0
9,1389;241,0517;9,4000;-0,9191;-0,0307;0,0000;0,0000;0,0000;0,0000;0,0000;-0,0384;-0,7800;-1,7000;1;0,0000;0,0000;0;1;1;0;0;0
9,1528;241,0432;9,4000;-0,8922;-0,0312;0,0000;0,0000;0,0000;0,0000;0,0000;-0,0390;-0,8000;-1,6900;1;0,0000;0,0000;0;1;1;0;0;0
9,1667;241,0432;9,4000;-0,8600;-0,0318;0,0000;0,0000;0,0000;0,0000;0,0000;-0,0397;-0,8200;-1,6800;1;0,0000;0,0000;0;1;1;0;0;0
9,1806;241,0432;9,4000;-0,6766;-0,0323;0,0000;0,0000;0,0000;0,0000;0,0000;-0,0404;-0,8400;-1,5100;1;0,0000;0,0000;0;1;1;0;0;0
9,1945;241,0432;9,4000;-0,5568;-0,0328;0,0000;0,0000;0,0000;0,0000;0,0000;-0,0411;-0,8500;-1,4100;1;0,0000;0,0000;0;1;1;0;0;0
9,2084;241,0432;9,4000;-0,4599;-0,0334;0,0000;0,0000;0,0000;0,0000;0,0000;-0,0417;-0,8600;-1,3200;1;0,0000;0,0000;0;1;1;0;0;0
9,2223;241,0432;9,4000;-0,3702;-0,0338;0,0000;0,0000;0,0000;0,0000;0,0000;-0,0423;-0,8700;-1,2400;1;0,0000;0,0000;0;1;1;0;0;0
9,2361;240,7979;9,4000;-0,2636;-0,0343;0,0000;0,0000;0,0000;0,0000;0,0000;-0,0429;-0,8700;-1,1400;1;0,0000;0,0000;0;1;1;0;0;0
9,2500;240,7616;9,4000;-0,1940;-0,0348;0,0000;0,0000;0,0000;0,0000;0,0000;-0,0435;-0,8800;-1,0700;1;0,0000;0,0000;0;1;1;0;0;0
9,2639;240,7254;9,4000;-0,1800;-0,0352;0,0000;0,0000;0,0000;0,0000;0,0000;-0,0441;-0,8800;-1,0600;1;0,0000;0,0000;0;1;1;0;0;0
9,2778;240,6891;9,4000;-0,1216;-0,0357;0,0000;0,0000;0,0000;0,0000;0,0000;-0,0446;-0,8800;-1,0100;1;0,0000;0,0000;0;1;1;0;0;0
9,2917;240,6528;9,4000;-0,0833;-0,0361;0,0000;0,0000;0,0000;0,0000;0,0000;-0,0452;-0,8900;-0,9700;1;0,0000;0,0000;0;1;1;0;0;0
9,3056;240,6166;9,4000;-0,0192;-0,0366;0,0000;0,0000;0,0000;0,0000;0,0000;-0,0457;-0,8900;-0,9100;1;0,0000;0,0000;0;1;1;0;0;0
9,3195;240,5846;9,4000;0,0190;-0,0370;0,0000;0,0000;0,0000;0,0000;0,0000;-0,0463;-0,8900;-0,8700;1;0,0000;0,0000;0;1;1;0;0;0
9,3334;240,5846;9,4000;0,0608;-0,0375;0,0000;0,0000;0,0000;0,0000;0,0000;-0,0468;-0,8800;-0,8200;1;0,0000;0,0000;0;1;1;0;0;0
9,3473;240,5846;9,4000;0,0953;-0,0379;0,0000;0,0000;0,0000;0,0000;0,0000;-0,0473;-0,8800;-0,7900;1;0,0000;0,0000;0;1;1;0;0;0
9,3611;240,5846;9,4000;0,1171;-0,0383;0,0000;0,0000;0,0000;0,0000;0,0000;-0,0479;-0,8800;-0,7600;1;0,0000;0,0000;0;1;1;0;0;0
9,3750;240,5846;9,4000;0,1213;-0,0387;0,0000;0,0000;0,0000;0,0000;0,0000;-0,0484;-0,8800;-0,7500;1;0,0000;0,0000;0;1;1;0;0;0
9,3889;240,5846;9,4000;0,1232;-0,0391;0,0000;0,0000;0,0000;0,0000;0,0000;-0,0489;-0,8700;-0,7500;1;0,0000;0,0000;0;1;1;0;0;0
9,4028;240,5846;9,4000;0,0462;-0,0395;0,0000;0,0000;0,0000;0,0000;0,0000;-0,0494;-0,8700;-0,8200;1;0,0000;0,0000;0;1;1;0;0;0
9,4167;240,3265;9,4000;-0,0040;-0,0400;0,0000;0,0000;0,0000;0,0000;0,0000;-0,0500;-0,8700;-0,8700;1;0,0000;0,0000;0;1;1;0;0;0
9,4306;240,2902;9,4000;-0,0311;-0,0404;0,0000;0,0000;0,0000;0,0000;0,0000;-0,0505;-0,8700;-0,9000;1;0,0000;0,0000;0;1;1;0;0;0
9,4445;240,2539;9,4000;-0,0425;-0,0409;0,0000;0,0000;0,0000;0,0000;0,0000;-0,0511;-0,8700;-0,9100;1;0,0000;0,0000;0;1;1;0;0;0
9,4584;240,2177;9,4000;-0,0448;-0,0413;0,0000;0,0000;0,0000;0,0000;0,0000;-0,0516;-0,8700;-0,9200;1;0,0000;0,0000;0;1;1;0;0;0
9,4723;240,1814;9,4000;-0,0449;-0,0417;0,0000;0,0000;0,0000;0,0000;0,0000;-0,0522;-0,8700;-0,9200;1;0,0000;0,0000;0;1;1;0;0;0
9,4861;240,1452;9,4000;-0,0211;-0,0422;0,0000;0,0000;0,0000;0,0000;0,0000;-0,0527;-0,8700;-0,8900;1;0,0000;0,0000;0;1;1;0;0;0
9,5000;240,1343;9,4000;0,0708;-0,0426;0,0000;0,0000;0,0000;0,0000;0,0000;-0,0532;-0,8700;-0,8000;1;0,0000;0,0000;0;1;1;0;0;0
9,5139;240,1343;9,4000;0,1354;-0,0430;0,0000;0,0000;0,0000;0,0000;0,0000;-0,0537;-0,8700;-0,7300;1;0,0000;0,0000;0;1;1;0;0;0
9,5278;240,1343;9,4000;0,1828;-0,0434;0,0000;0,0000;0,0000;0,0000;0,0000;-0,0542;-0,8600;-0,6800;1;0,0000;0,0000;0;1;1;0;0;0
9,5417;240,1343;9,4000;0,2476;-0,0437;0,0000;0,0000;0,0000;0,0000;0,0000;-0,0547;-0,8600;-0,6100;1;0,0000;0,0000;0;1;1;0;0;0
9,5556;240,1343;9,4000;0,3084;-0,0441;0,0000;0,0000;0,0000;0,0000;0,0000;-0,0551;-0,8500;-0,5400;1;0,0000;0,0000;0;1;1;0;0;0
9,5695;240,1343;9,4000;0,3205;-0,0444;0,0000;0,0000;0,0000;0,0000;0,0000;-0,0555;-0,8400;-0,5200;1;0,0000;0,0000;0;1;1;0;0;0
9,5834;239,8913;9,4000;0,3745;-0,0448;0,0000;0,0000;0,0000;0,0000;0,0000;-0,0559;-0,8300;-0,4500;1;0,0000;0,0000;0;1;1;0;0;0
9,5973;239,8551;9,4000;0,4645;-0,0451;0,0000;0,0000;0,0000;0,0000;0,0000;-0,0563;-0,8200;-0,3500;1;0,0000;0,0000;0;1;1;0;0;0
9,6111;239,8188;9,4000;0,5299;-0,0454;0,0000;0,0000;0,0000;0,0000;0,0000;-0,0567;-0,8000;-0,2700;1;0,0000;0,0000;0;1;1;0;0;0
9,6250;239,7825;9,4000;0,5647;-0,0457;0,0000;0,0000;0,0000;0,0000;0,0000;-0,0571;-0,7900;-0,2300;1;0,0000;0,0000;0;1;1;0;0;0
9,6389;239,7463;9,4000;0,5820;-0,0459;0,0000;0,0000;0,0000;0,0000;0,0000;-0,0574;-0,7800;-0,1900;1;0,0000;0,0000;0;1;1;0;0;0
9,6528;239,7100;9,4000;0,5840;-0,0462;0,0000;0,0000;0,0000;0,0000;0,0000;-0,0577;-0,7600;-0,1800;1;0,0000;0,0000;0;1;1;0;0;0
9,6667;239,6737;9,4000;0,5662;-0,0464;0,0000;0,0000;0,0000;0,0000;0,0000;-0,0580;-0,7500;-0,1800;1;0,0000;0,0000;0;1;1;0;0;0
9,6806;239,6731;9,4000;0,5200;-0,0467;0,0000;0,0000;0,0000;0,0000;0,0000;-0,0584;-0,7300;-0,2100;1;0,0000;0,0000;0;1;1;0;0;0
9,6945;239,6731;9,4000;0,5108;-0,0469;0,0000;0,0000;0,0000;0,0000;0,0000;-0,0587;-0,7200;-0,2100;1;0,0000;0,0000;0;1;1;0;0;0
9,7084;239,6731;9,4000;0,4680;-0,0472;0,0000;0,0000;0,0000;0,0000;0,0000;-0,0590;-0,7100;-0,2400;1;0,0000;0,0000;0;1;1;0;0;0
9,7223;239,6731;9,4000;0,3210;-0,0475;0,0000;0,0000;0,0000;0,0000;0,0000;-0,0593;-0,7000;-0,3800;1;0,0000;0,0000;0;1;1;0;0;0
9,7361;239,6731;9,2000;0,2506;-0,0478;0,0000;0,0000;0,0000;0,0000;0,0000;-0,0597;-0,6900;-0,4400;1;0,0000;0,0000;0;1;1;0;0;0
9,7500;239,6731;9,2000;0,1913;-0,0481;0,0000;0,0000;0,0000;0,0000;0,0000;-0,0601;-0,6900;-0,5000;1;0,0000;0,0000;0;1;1;0;0;0
9,7639;239,4214;9,2000;0,1794;-0,0483;0,0000;0,0000;0,0000;0,0000;0,0000;-0,0604;-0,6800;-0,5000;1;0,0000;0,0000;0;1;1;0;0;0
9,7778;239,3859;9,2000;0,0450;-0,0486;0,0000;0,0000;0,0000;0,0000;0,0000;-0,0608;-0,6800;-0,6400;1;0,0000;0,0000;0;1;1;0;0;0
9,7917;239,3504;9,2000;0,0181;-0,0490;0,0000;0,0000;0,0000;0,0000;0,0000;-0,0612;-0,6800;-0,6600;1;0,0000;0,0000;0;1;1;0;0;0
9,8056;239,3149;9,2000;-0,0614;-0,0493;0,0000;0,0000;0,0000;0,0000;0,0000;-0,0616;-0,6800;-0,7400;1;0,0000;0,0000;0;1;1;0;0;0
9,8195;239,2794;9,2000;-0,1215;-0,0496;0,0000;0,0000;0,0000;0,0000;0,0000;-0,0620;-0,6800;-0,8100;1;0,0000;0,0000;0;1;1;0;0;0
9,8334;239,2440;9,2000;-0,1677;-0,0500;0,0000;0,0000;0,0000;0,0000;0,0000;-0,0625;-0,6900;-0,8600;1;0,0000;0,0000;0;1;1;0;0;0
9,8473;239,2170;9,2000;-0,2039;-0,0504;0,0000;0,0000;0,0000;0,0000;0,0000;-0,0630;-0,6900;-0,9000;1;0,0000;0,0000;0;1;1;0;0;0
9,8611;239,2170;9,2000;-0,2273;-0,0507;0,0000;0,0000;0,0000;0,0000;0,0000;-0,0634;-0,7000;-0,9200;1;0,0000;0,0000;0;1;1;0;0;0
9,8750;239,2170;9,2000;-0,2482;-0,0511;0,0000;0,0000;0,0000;0,0000;0,0000;-0,0639;-0,7000;-0,9500;1;0,0000;0,0000;0;1;1;0;0;0
9,8889;239,2170;9,2000;-0,2559;-0,0515;0,0000;0,0000;0,0000;0,0000;0,0000;-0,0644;-0,7100;-0,9600;1;0,0000;0,0000;0;1;1;0;0;0
9,9028;239,2170;9,2000;-0,2574;-0,0519;0,0000;0,0000;0,0000;0,0000;0,0000;-0,0649;-0,7100;-0,9700;1;0,0000;0,0000;0;1;1;0;0;0
9,9167;239,2170;9,2000;-0,2490;-0,0523;0,0000;0,0000;0,0000;0,0000;0,0000;-0,0654;-0,7200;-0,9700;1;0,0000;0,0000;0;1;1;0;0;0
9,9306;239,2170;9,2000;-0,1890;-0,0527;0,0000;0,0000;0,0000;0,0000;0,0000;-0,0658;-0,7200;-0,9100;1;0,0000;0,0000;0;1;1;0;0;0
9,9445;238,9600;9,2000;-0,1329;-0,0530;0,0000;0,0000;0,0000;0,0000;0,0000;-0,0663;-0,7300;-0,8600;1;0,0000;0,0000;0;1;1;0;0;0
9,9584;238,9245;9,2000;-0,0835;-0,0534;0,0000;0,0000;0,0000;0,0000;0,0000;-0,0667;-0,7300;-0,8100;1;0,0000;0,0000;0;1;1;0;0;0
9,9723;238,8891;9,2000;-0,0231;-0,0537;0,0000;0,0000;0,0000;0,0000;0,0000;-0,0672;-0,7300;-0,7500;1;0,0000;0,0000;0;1;1;0;0;0
9,9861;238,8536;9,4000;0,0381;-0,0541;0,0000;0,0000;0,0000;0,0000;0,0000;-0,0676;-0,7300;-0,6900;1;0,0000;0,0000;0;1;1;0;0;0
10,0000;238,8173;9,4000;0,1060;-0,0544;0,0000;0,0000;0,0000;0,0000;0,0000;-0,0680;-0,7200;-0,6200;1;0,0000;0,0000;0;1;1;0;0;0
10,0139;238,7810;9,4000;0,1194;-0,0548;0,0000;0,0000;0,0000;0,0000;0,0000;-0,0685;-0,7200;-0,6000;1;0,0000;0,0000;0;1;1;0;0;0
10,0278;238,7679;9,4000;0,1836;-0,0551;0,0000;0,0000;0,0000;0,0000;0,0000;-0,0689;-0,7200;-0,5300;1;0,0000;0,0000;0;1;1;0;0;0
10,0417;238,7679;9,4000;0,2656;-0,0554;0,0000;0,0000;0,0000;0,0000;0,0000;-0,0693;-0,7100;-0,4400;1;0,0000;0,0000;0;1;1;0;0;0
10,0556;238,7679;9,4000;0,3460;-0,0557;0,0000;0,0000;0,0000;0,0000;0,0000;-0,0696;-0,7000;-0,3500;1;0,0000;0,0000;0;1;1;4;0;0
10,0695;238,7679;9,4000;0,3801;-0,0559;0,0000;0,0000;0,0000;0,0000;0,0000;-0,0699;-0,6900;-0,3100;1;0,0000;0,0000;0;1;1;4;0;0
10,0834;238,7679;9,4000;0,3955;-0,0562;0,0000;0,0000;0,0000;0,0000;0,0000;-0,0702;-0,6800;-0,2800;1;0,0000;0,0000;0;1;1;4;0;0
10,0973;238,7679;9,4000;0,4330;-0,0564;0,0000;0,0000;0,0000;0,0000;0,0000;-0,0705;-0,6700;-0,2400;1;0,0000;0,0000;0;1;1;4;0;0
10,1111;238,5272;9,4000;0,4405;-0,0567;0,0000;0,0000;0,0000;0,0000;0,0000;-0,0708;-0,6600;-0,2200;1;0,0000;0,0000;0;1;1;4;0;0
10,1250;238,4909;9,4000;0,4558;-0,0569;0,0000;0,0000;0,0000;0,0000;0,0000;-0,0711;-0,6500;-0,1900;1;0,0000;0,0000;0;1;1;4;0;0
10,1389;238,4547;9,4000;0,4768;-0,0571;0,0000;0,0000;0,0000;0,0000;0,0000;-0,0714;-0,6300;-0,1600;1;0,0000;0,0000;0;1;1;4;0;0
10,1528;238,4184;9,4000;0,4935;-0,0573;0,0000;0,0000;0,0000;0,0000;0,0000;-0,0716;-0,6200;-0,1300;1;0,0000;0,0000;0;1;1;4;0;0
10,1667;238,3821;9,4000;0,5099;-0,0575;0,0000;0,0000;0,0000;0,0000;0,0000;-0,0719;-0,6100;-0,1000;1;0,0000;0,0000;0;1;1;4;0;0
10,1806;238,3459;9,4000;0,5181;-0,0577;0,0000;0,0000;0,0000;0,0000;0,0000;-0,0721;-0,6000;-0,0800;1;0,0000;0,0000;0;1;1;4;0;0
10,1945;238,3115;9,4000;0,5203;-0,0579;0,0000;0,0000;0,0000;0,0000;0,0000;-0,0723;-0,5800;-0,0600;1;0,0000;0,0000;0;1;1;4;0;0
10,2084;238,3115;9,4000;0,5117;-0,0580;0,0000;0,0000;0,0000;0,0000;0,0000;-0,0725;-0,5700;-0,0600;1;0,0000;0,0000;0;1;1;4;0;0
10,2223;238,3115;9,4000;0,5071;-0,0582;0,0000;0,0000;0,0000;0,0000;0,0000;-0,0728;-0,5600;-0,0500;1;0,0000;0,0000;0;1;1;4;0;0
10,2361;238,3115;9,4000;0,5012;-0,0584;0,0000;0,0000;0,0000;0,0000;0,0000;-0,0730;-0,5400;-0,0400;1;0,0000;0,0000;0;1;1;4;0;0
10,2500;238,3115;9,4000;0,5016;-0,0585;0,0000;0,0000;0,0000;0,0000;0,0000;-0,0732;-0,5300;-0,0300;1;0,0000;0,0000;0;1;1;4;0;0
10,2639;238,3115;9,4000;0,5030;-0,0587;0,0000;0,0000;0,0000;0,0000;0,0000;-0,0733;-0,5200;0,0000;1;0,0000;0,0000;0;1;1;4;0;0
10,2778;238,3115;9,4000;0,5021;-0,0588;0,0000;0,0000;0,0000;0,0000;0,0000;-0,0735;-0,5100;0,0000;1;0,0000;0,0000;0;1;1;4;0;0
10,2917;238,0558;9,4000;0,5018;-0,0590;0,0000;0,0000;0,0000;0,0000;0,0000;-0,0737;-0,4900;0,0000;1;0,0000;0,0000;0;1;1;4;0;0
10,3056;238,0195;9,4000;0,5147;-0,0591;0,0000;0,0000;0,0000;0,0000;0,0000;-0,0739;-0,4800;0,0300;1;0,0000;0,0000;0;1;1;4;0;0
10,3195;237,9832;9,4000;0,5338;-0,0592;0,0000;0,0000;0,0000;0,0000;0,0000;-0,0740;-0,4700;0,0700;1;0,0000;0,0000;0;1;1;4;0;0
10,3334;237,9470;9,4000;0,5640;-0,0593;0,0000;0,0000;0,0000;0,0000;0,0000;-0,0741;-0,4500;0,1100;1;0,0000;0,0000;0;1;1;4;0;0
10,3473;237,9107;9,4000;0,5950;-0,0594;0,0000;0,0000;0,0000;0,0000;0,0000;-0,0743;-0,4400;0,1600;1;0,0000;0,0000;0;1;1;4;0;0
10,3611;237,8744;9,4000;0,6431;-0,0595;0,0000;0,0000;0,0000;0,0000;0,0000;-0,0744;-0,4200;0,2200;1;0,0000;0,0000;0;1;1;4;0;0
10,3750;237,8559;9,4000;0,7031;-0,0595;0,0000;0,0000;0,0000;0,0000;0,0000;-0,0744;-0,4000;0,3000;1;0,0000;0,0000;0;1;1;4;0;0
10,3889;237,8559;9,4000;0,7540;-0,0596;0,0000;0,0000;0,0000;0,0000;0,0000;-0,0745;-0,3800;0,3700;1;0,0000;0,0000;0;1;1;4;0;0
10,4028;237,8559;9,4000;0,8065;-0,0596;0,0000;0,0000;0,0000;0,0000;0,0000;-0,0745;-0,3600;0,4400;1;0,0000;0,0000;0;1;1;4;0;0
10,4167;237,8559;9,4000;0,8627;-0,0596;0,0000;0,0000;0,0000;0,0000;0,0000;-0,0745;-0,3400;0,5200;1;0,0000;0,0000;0;1;1;4;0;0
10,4306;237,8559;9,4000;0,9264;-0,0596;0,0000;0,0000;0,0000;0,0000;0,0000;-0,0744;-0,3200;0,6100;1;0,0000;0,0000;0;1;1;4;0;0
10,4445;237,8559;9,4000;0,9860;-0,0595;0,0000;0,0000;0,0000;0,0000;0,0000;-0,0744;-0,2900;0,6900;1;0,0000;0,0000;0;1;1;4;0;0
10,4584;237,6206;9,4000;1,0362;-0,0594;0,0000;0,0000;0,0000;0,0000;0,0000;-0,0743;-0,2700;0,7700;1;0,0000;0,0000;0;1;1;4;0;0
10,4723;237,5843;9,4000;1,0764;-0,0593;0,0000;0,0000;0,0000;0,0000;0,0000;-0,0742;-0,2400;0,8300;1;0,0000;0,0000;0;1;1;4;0;0
10,4861;237,5480;9,4000;1,1021;-0,0592;0,0000;0,0000;0,0000;0,0000;0,0000;-0,0740;-0,2100;0,8900;1;0,0000;0,0000;0;1;1;4;0;0
10,5000;237,5118;9,4000;1,1073;-0,0591;0,0000;0,0000;0,0000;0,0000;0,0000;-0,0739;-0,1900;0,9200;1;0,0000;0,0000;0;1;1;4;0;0
10,5139;237,4755;9,4000;1,1083;-0,0590;0,0000;0,0000;0,0000;0,0000;0,0000;-0,0737;-0,1600;0,9500;1;0,0000;0,0000;0;1;1;4;0;0
10,5278;237,4392;9,4000;1,1085;-0,0588;0,0000;0,0000;0,0000;0,0000;0,0000;-0,0735;-0,1300;0,9800;1;0,0000;0,0000;0;1;1;4;0;0
10,5417;237,4030;9,4000;1,1086;-0,0586;0,0000;0,0000;0,0000;0,0000;0,0000;-0,0733;-0,1000;1,0000;1;0,0000;0,0000;0;1;1;4;0;0
10,5556;237,4005;9,5000;1,1086;-0,0584;0,0000;0,0000;0,0000;0,0000;0,0000;-0,0730;-0,0800;1,0300;1;0,0000;0,0000;0;1;1;4;0;0
10,5695;237,4005;9,5000;0,8763;-0,0583;0,0000;0,0000;0,0000;0,0000;0,0000;-0,0729;-0,0600;0,8200;1;0,0000;0,0000;0;1;1;4;0;0
10,5834;237,4005;9,5000;0,8299;-0,0581;0,0000;0,0000;0,0000;0,0000;0,0000;-0,0727;-0,0300;0,7900;1;0,0000;0,0000;0;1;1;4;0;0
10,5973;237,4005;9,5000;0,8206;-0,0580;0,0000;0,0000;0,0000;0,0000;0,0000;-0,0725;0,0000;0,8100;1;0,0000;0,0000;0;1;1;4;0;0
10,6111;237,4005;9,5000;0,4194;-0,0579;0,0000;0,0000;0,0000;0,0000;0,0000;-0,0723;0,0000;0,4200;1;0,0000;0,0000;0;1;1;4;0;0
10,6250;237,4005;9,5000;0,1548;-0,0578;0,0000;0,0000;0,0000;0,0000;0,0000;-0,0723;0,0000;0,1500;1;0,0000;0,0000;0;1;1;4;0;0
10,6389;237,1468;9,5000;-0,0319;-0,0578;0,0000;0,0000;0,0000;0,0000;0,0000;-0,0723;0,0000;-0,0300;1;0,0000;0,0000;0;1;1;4;0;0
10,6528;237,1101;9,5000;-0,1145;-0,0578;0,0000;0,0000;0,0000;0,0000;0,0000;-0,0723;0,0000;-0,1200;1;0,0000;0,0000;0;1;1;4;0;0
10,6667;237,0735;9,5000;-0,1796;-0,0578;0,0000;0,0000;0,0000;0,0000;0,0000;-0,0723;0,0000;-0,1800;1;0,0000;0,0000;0;1;1;4;0;0
10,6806;237,0368;9,5000;-0,2752;-0,0579;0,0000;0,0000;0,0000;0,0000;0,0000;-0,0723;0,0000;-0,2900;1;0,0000;0,0000;0;1;1;4;0;0
10,6945;237,0002;9,5000;-0,4170;-0,0579;0,0000;0,0000;0,0000;0,0000;0,0000;-0,0724;-0,0200;-0,4400;1;0,0000;0,0000;0;1;1;4;0;0
10,7084;236,9635;9,5000;-0,5309;-0,0580;0,0000;0,0000;0,0000;0,0000;0,0000;-0,0726;-0,0300;-0,5600;1;0,0000;0,0000;0;1;1;4;0;0
10,7223;236,9441;9,5000;-0,6349;-0,0582;0,0000;0,0000;0,0000;0,0000;0,0000;-0,0727;-0,0400;-0,6800;1;0,0000;0,0000;0;1;1;4;0;0
10,7361;236,9441;9,5000;-0,7179;-0,0583;0,0000;0,0000;0,0000;0,0000;0,0000;-0,0729;-0,0700;-0,7800;1;0,0000;0,0000;0;1;1;4;0;0
10,7500;236,9441;9,5000;-0,7658;-0,0585;0,0000;0,0000;0,0000;0,0000;0,0000;-0,0731;-0,0800;-0,8500;1;0,0000;0,0000;0;1;1;4;0;0
10,7639;236,9441;9,5000;-0,8048;-0,0587;0,0000;0,0000;0,0000;0,0000;0,0000;-0,0733;-0,1000;-0,9100;1;0,0000;0,0000;0;1;1;4;0;0
10,7778;236,9441;9,5000;-0,8426;-0,0589;0,0000;0,0000;0,0000;0,0000;0,0000;-0,0736;-0,1200;-0,9700;1;0,0000;0,0000;0;1;1;4;0;0
10,7917;236,9441;9,5000;-0,8585;-0,0591;0,0000;0,0000;0,0000;0,0000;0,0000;-0,0739;-0,1400;-1,0000;1;0,0000;0,0000;0;1;1;4;0;0
10,8056;236,7070;9,5000;-0,8781;-0,0593;0,0000;0,0000;0,0000;0,0000;0,0000;-0,0742;-0,1600;-1,0400;1;0,0000;0,0000;0;1;1;4;0;0
10,8195;236,6703;9,5000;-0,9056;-0,0596;0,0000;0,0000;0,0000;0,0000;0,0000;-0,0745;-0,1900;-1,0900;1;0,0000;0,0000;0;1;1;4;0;0
10,8334;236,6337;9,5000;-0,9326;-0,0599;0,0000;0,0000;0,0000;0,0000;0,0000;-0,0748;-0,2100;-1,1400;1;0,0000;0,0000;0;1;1;4;0;0
10,8473;236,5970;9,5000;-0,9504;-0,0602;0,0000;0,0000;0,0000;0,0000;0,0000;-0,0752;-0,2300;-1,1800;1;0,0000;0,0000;0;1;1;4;0;0
10,8611;236,5603;9,5000;-0,9678;-0,0605;0,0000;0,0000;0,0000;0,0000;0,0000;-0,0756;-0,2500;-1,2200;1;0,0000;0,0000;0;1;1;4;0;0
10,8750;236,5237;9,5000;-0,9858;-0,0608;0,0000;0,0000;0,0000;0,0000;0,0000;-0,0760;-0,2800;-1,2600;1;0,0000;0,0000;0;1;1;4;0;0
10,8889;236,4890;9,5000;-1,0054;-0,0611;0,0000;0,0000;0,0000;0,0000;0,0000;-0,0764;-0,3000;-1,3100;1;0,0000;0,0000;0;1;1;4;0;0
10,9028;236,4890;9,5000;-1,0300;-0,0614;0,0000;0,0000;0,0000;0,0000;0,0000;-0,0768;-0,3300;-1,3600;1;0,0000;0,0000;0;1;1;4;0;0
10,9167;236,4890;9,5000;-1,0765;-0,0618;0,0000;0,0000;0,0000;0,0000;0,0000;-0,0773;-0,3500;-1,4300;1;0,0000;0,0000;0;1;1;4;0;0
10,9306;236,4890;9,5000;-1,1190;-0,0622;0,0000;0,0000;0,0000;0,0000;0,0000;-0,0777;-0,3800;-1,5000;1;0,0000;0,0000;0;1;1;4;0;0
10,9445;236,4890;9,5000;-1,1554;-0,0626;0,0000;0,0000;0,0000;0,0000;0,0000;-0,0782;-0,4100;-1,5600;1;0,0000;0,0000;0;1;1;4;0;0
10,9584;236,4890;9,5000;-1,2003;-0,0630;0,0000;0,0000;0,0000;0,0000;0,0000;-0,0788;-0,4400;-1,6400;1;0,0000;0,0000;0;1;1;4;0;0
10,9723;236,4890;9,5000;-1,2372;-0,0635;0,0000;0,0000;0,0000;0,0000;0,0000;-0,0794;-0,4700;-1,7000;1;0,0000;0,0000;0;1;1;4;0;0
10,9861;236,2305;9,5000;-1,2611;-0,0640;0,0000;0,0000;0,0000;0,0000;0,0000;-0,0799;-0,5000;-1,7600;1;0,0000;0,0000;0;1;1;4;0;0
11,0000;236,1939;9,5000;-1,2814;-0,0645;0,0000;0,0000;0,0000;0,0000;0,0000;-0,0806;-0,5300;-1,8100;1;0,0000;0,0000;0;1;1;4;0;0
11,0139;236,1572;9,5000;-1,2907;-0,0650;0,0000;0,0000;0,0000;0,0000;0,0000;-0,0812;-0,5600;-1,8500;1;0,0000;0,0000;0;1;1;4;0;0
11,0278;236,1206;9,5000;-1,2861;-0,0655;0,0000;0,0000;0,0000;0,0000;0,0000;-0,0819;-0,5900;-1,8800;1;0,0000;0,0000;0;1;1;4;0;0
11,0417;236,0839;9,5000;-1,2502;-0,0661;0,0000;0,0000;0,0000;0,0000;0,0000;-0,0826;-0,6200;-1,8700;1;0,0000;0,0000;0;1;1;4;0;0
11,0556;236,0473;9,5000;-1,1540;-0,0666;0,0000;0,0000;0,0000;0,0000;0,0000;-0,0832;-0,6500;-1,8000;1;0,0000;0,0000;0;1;1;7;0;0
11,0695;236,0330;9,5000;-1,0160;-0,0671;0,0000;0,0000;0,0000;0,0000;0,0000;-0,0839;-0,6800;-1,6900;1;0,0000;0,0000;0;1;1;7;0;0
11,0834;236,0330;9,5000;-0,8296;-0,0676;0,0000;0,0000;0,0000;0,0000;0,0000;-0,0845;-0,7000;-1,5300;1;0,0000;0,0000;0;1;1;7;0;0
11,0973;236,0330;9,5000;-0,6485;-0,0681;0,0000;0,0000;0,0000;0,0000;0,0000;-0,0851;-0,7100;-1,3600;1;0,0000;0,0000;0;1;1;7;0;0
11,1111;236,0330;9,5000;-0,4604;-0,0686;0,0000;0,0000;0,0000;0,0000;0,0000;-0,0857;-0,7200;-1,1800;1;0,0000;0,0000;0;1;1;7;0;0
11,1250;236,0330;9,5000;-0,1984;-0,0690;0,0000;0,0000;0,0000;0,0000;0,0000;-0,0862;-0,7300;-0,9300;1;0,0000;0,0000;0;1;1;7;0;0
11,1389;236,0330;9,5000;0,0449;-0,0693;0,0000;0,0000;0,0000;0,0000;0,0000;-0,0867;-0,7300;-0,6800;1;0,0000;0,0000;0;1;1;7;0;0
11,1528;235,7908;9,5000;0,2802;-0,0696;0,0000;0,0000;0,0000;0,0000;0,0000;-0,0870;-0,7200;-0,4400;1;0,0000;0,0000;0;1;1;7;0;0
11,1667;235,7541;9,5000;0,4848;-0,0699;0,0000;0,0000;0,0000;0,0000;0,0000;-0,0874;-0,7100;-0,2300;1;0,0000;0,0000;0;1;1;7;0;0
11,1806;235,7175;9,5000;0,6753;-0,0701;0,0000;0,0000;0,0000;0,0000;0,0000;-0,0876;-0,6900;0,0000;1;0,0000;0,0000;0;1;1;7;0;0
11,1945;235,6808;9,5000;0,8500;-0,0703;0,0000;0,0000;0,0000;0,0000;0,0000;-0,0879;-0,6700;0,1800;1;0,0000;0,0000;0;1;1;7;0;0
11,2084;235,6441;9,5000;1,0128;-0,0704;0,0000;0,0000;0,0000;0,0000;0,0000;-0,0880;-0,6500;0,3600;1;0,0000;0,0000;0;1;1;7;0;0
11,2223;235,6075;9,5000;1,1245;-0,0705;0,0000;0,0000;0,0000;0,0000;0,0000;-0,0882;-0,6200;0,5000;1;0,0000;0,0000;0;1;1;7;0;0
11,2361;235,5769;9,6000;1,1738;-0,0706;0,0000;0,0000;0,0000;0,0000;0,0000;-0,0883;-0,5900;0,5800;1;0,0000;0,0000;0;1;1;7;0;0
11,2500;235,5769;9,6000;1,2130;-0,0707;0,0000;0,0000;0,0000;0,0000;0,0000;-0,0883;-0,5700;0,6500;1;0,0000;0,0000;0;1;1;7;0;0
11,2639;235,5769;9,6000;1,2504;-0,0707;0,0000;0,0000;0,0000;0,0000;0,0000;-0,0884;-0,5300;0,7200;1;0,0000;0,0000;0;1;1;7;0;0
11,2778;235,5769;9,6000;1,2374;-0,0707;0,0000;0,0000;0,0000;0,0000;0,0000;-0,0884;-0,5100;0,7300;1;0,0000;0,0000;0;1;1;7;0;0
11,2917;235,5769;9,6000;1,2157;-0,0707;0,0000;0,0000;0,0000;0,0000;0,0000;-0,0884;-0,4800;0,7400;1;0,0000;0,0000;0;1;1;7;0;0
11,3056;235,5769;9,6000;1,2039;-0,0707;0,0000;0,0000;0,0000;0,0000;0,0000;-0,0884;-0,4500;0,7600;1;0,0000;0,0000;0;1;1;7;0;0
11,3195;235,3486;9,6000;1,1981;-0,0707;0,0000;0,0000;0,0000;0,0000;0,0000;-0,0884;-0,4200;0,7800;1;0,0000;0,0000;0;1;1;7;0;0
11,3334;235,3116;9,6000;1,1637;-0,0707;0,0000;0,0000;0,0000;0,0000;0,0000;-0,0883;-0,3900;0,7800;1;0,0000;0,0000;0;1;1;7;0;0
11,3473;235,2745;9,6000;1,0552;-0,0706;0,0000;0,0000;0,0000;0,0000;0,0000;-0,0883;-0,3600;0,6900;1;0,0000;0,0000;0;1;1;7;0;0
11,3611;235,2375;9,6000;0,9092;-0,0706;0,0000;0,0000;0,0000;0,0000;0,0000;-0,0883;-0,3400;0,5700;1;0,0000;0,0000;0;1;1;7;0;0
11,3750;235,2005;9,6000;0,7723;-0,0706;0,0000;0,0000;0,0000;0,0000;0,0000;-0,0883;-0,3200;0,4500;1;0,0000;0,0000;0;1;1;7;0;0
11,3889;235,1634;9,6000;0,6351;-0,0707;0,0000;0,0000;0,0000;0,0000;0,0000;-0,0884;-0,3100;0,3300;1;0,0000;0,0000;0;1;1;7;0;0
11,4028;235,1264;9,6000;0,4930;-0,0707;0,0000;0,0000;0,0000;0,0000;0,0000;-0,0884;-0,2900;0,2000;1;0,0000;0,0000;0;1;1;7;0;0
11,4167;235,1225;9,6000;0,3336;-0,0708;0,0000;0,0000;0,0000;0,0000;0,0000;-0,0885;-0,2900;0,0400;1;0,0000;0,0000;0;1;1;7;0;0
11,4306;235,1225;9,6000;0,1416;-0,0710;0,0000;0,0000;0,0000;0,0000;0,0000;-0,0887;-0,2800;-0,1400;1;0,0000;0,0000;0;1;1;7;0;0
11,4445;235,1225;9,6000;-0,0200;-0,0711;0,0000;0,0000;0,0000;0,0000;0,0000;-0,0889;-0,2800;-0,3000;1;0,0000;0,0000;0;1;1;7;0;0
11,4584;235,1225;9,6000;-0,0919;-0,0713;0,0000;0,0000;0,0000;0,0000;0,0000;-0,0891;-0,2800;-0,3800;1;0,0000;0,0000;0;1;1;7;0;0
11,4723;235,1225;9,6000;-0,1508;-0,0715;0,0000;0,0000;0,0000;0,0000;0,0000;-0,0894;-0,2900;-0,4400;1;0,0000;0,0000;0;1;1;7;0;0
11,4861;235,1225;9,6000;-0,1839;-0,0717;0,0000;0,0000;0,0000;0,0000;0,0000;-0,0896;-0,2900;-0,4700;1;0,0000;0,0000;0;1;1;7;0;0
11,5000;234,8671;9,6000;-0,2448;-0,0719;0,0000;0,0000;0,0000;0,0000;0,0000;-0,0899;-0,3000;-0,5400;1;0,0000;0,0000;0;1;1;7;0;0
11,5139;234,8301;9,6000;-0,2625;-0,0721;0,0000;0,0000;0,0000;0,0000;0,0000;-0,0901;-0,3000;-0,5700;1;0,0000;0,0000;0;1;1;7;0;0
11,5278;234,7931;9,6000;-0,2641;-0,0723;0,0000;0,0000;0,0000;0,0000;0,0000;-0,0904;-0,3100;-0,5700;1;0,0000;0,0000;0;1;1;7;0;0
11,5417;234,7560;9,6000;-0,2686;-0,0725;0,0000;0,0000;0,0000;0,0000;0,0000;-0,0907;-0,3100;-0,5800;1;0,0000;0,0000;0;1;1;7;0;0
11,5556;234,7190;9,6000;-0,2735;-0,0728;0,0000;0,0000;0,0000;0,0000;0,0000;-0,0910;-0,3200;-0,5900;1;0,0000;0,0000;0;1;1;7;0;0
11,5695;234,6819;9,6000;-0,2726;-0,0730;0,0000;0,0000;0,0000;0,0000;0,0000;-0,0913;-0,3300;-0,6000;1;0,0000;0,0000;0;1;1;7;0;0
11,5834;234,6655;9,6000;-0,2694;-0,0732;0,0000;0,0000;0,0000;0,0000;0,0000;-0,0915;-0,3300;-0,6000;1;0,0000;0,0000;0;1;1;7;0;0
11,5973;234,6655;9,6000;-0,2624;-0,0735;0,0000;0,0000;0,0000;0,0000;0,0000;-0,0918;-0,3400;-0,6000;1;0,0000;0,0000;0;1;1;7;0;0
11,6111;234,6655;9,6000;-0,2586;-0,0737;0,0000;0,0000;0,0000;0,0000;0,0000;-0,0921;-0,3400;-0,6000;1;0,0000;0,0000;0;1;1;7;0;0
11,6250;234,6655;9,6000;-0,2632;-0,0740;0,0000;0,0000;0,0000;0,0000;0,0000;-0,0924;-0,3500;-0,6100;1;0,0000;0,0000;0;1;1;7;0;0
11,6389;234,6655;9,6000;-0,2719;-0,0742;0,0000;0,0000;0,0000;0,0000;0,0000;-0,0927;-0,3600;-0,6300;1;0,0000;0,0000;0;1;1;7;0;0
11,6528;234,6655;9,6000;-0,2894;-0,0744;0,0000;0,0000;0,0000;0,0000;0,0000;-0,0931;-0,3600;-0,6500;1;0,0000;0,0000;0;1;1;7;0;0
11,6667;234,4227;9,6000;-0,3019;-0,0747;0,0000;0,0000;0,0000;0,0000;0,0000;-0,0934;-0,3700;-0,6700;1;0,0000;0,0000;0;1;1;7;0;0
11,6806;234,3857;9,6000;-0,3174;-0,0750;0,0000;0,0000;0,0000;0,0000;0,0000;-0,0937;-0,3800;-0,6900;1;0,0000;0,0000;0;1;1;7;0;0
11,6945;234,3486;9,6000;-0,3255;-0,0752;0,0000;0,0000;0,0000;0,0000;0,0000;-0,0940;-0,3900;-0,7100;1;0,0000;0,0000;0;1;1;7;0;0
11,7084;234,3116;9,6000;-0,3285;-0,0755;0,0000;0,0000;0,0000;0,0000;0,0000;-0,0944;-0,3900;-0,7200;1;0,0000;0,0000;0;1;1;7;0;0
11,7223;234,2745;9,6000;-0,3288;-0,0758;0,0000;0,0000;0,0000;0,0000;0,0000;-0,0947;-0,4000;-0,7300;1;0,0000;0,0000;0;1;1;7;0;0
11,7361;234,2375;9,6000;-0,3270;-0,0761;0,0000;0,0000;0,0000;0,0000;0,0000;-0,0951;-0,4100;-0,7400;1;0,0000;0,0000;0;1;1;7;0;0
11,7500;234,2099;9,6000;-0,3250;-0,0763;0,0000;0,0000;0,0000;0,0000;0,0000;-0,0954;-0,4200;-0,7400;1;0,0000;0,0000;0;1;1;7;0;0
11,7639;234,2099;9,6000;-0,3236;-0,0766;0,0000;0,0000;0,0000;0,0000;0,0000;-0,0958;-0,4200;-0,7500;1;0,0000;0,0000;0;1;1;7;0;0
11,7778;234,2099;9,6000;-0,3239;-0,0769;0,0000;0,0000;0,0000;0,0000;0,0000;-0,0961;-0,4300;-0,7600;1;0,0000;0,0000;0;1;1;7;0;0
11,7917;234,2099;9,6000;-0,3253;-0,0772;0,0000;0,0000;0,0000;0,0000;0,0000;-0,0965;-0,4400;-0,7600;1;0,0000;0,0000;0;1;1;7;0;0
11,8056;234,2099;9,6000;-0,3279;-0,0775;0,0000;0,0000;0,0000;0,0000;0,0000;-0,0969;-0,4500;-0,7800;1;0,0000;0,0000;0;1;1;7;0;0
11,8195;234,2099;9,6000;-0,3292;-0,0778;0,0000;0,0000;0,0000;0,0000;0,0000;-0,0972;-0,4600;-0,7900;1;0,0000;0,0000;0;1;1;7;0;0
11,8334;233,9783;9,6000;-0,3244;-0,0781;0,0000;0,0000;0,0000;0,0000;0,0000;-0,0976;-0,4600;-0,7900;1;0,0000;0,0000;0;1;1;7;0;0
11,8473;233,9412;9,6000;-0,3212;-0,0784;0,0000;0,0000;0,0000;0,0000;0,0000;-0,0980;-0,4700;-0,7900;1;0,0000;0,0000;0;1;1;7;0;0
11,8611;233,9042;9,6000;-0,3269;-0,0787;0,0000;0,0000;0,0000;0,0000;0,0000;-0,0984;-0,4800;-0,8100;1;0,0000;0,0000;0;1;1;7;0;0
11,8750;233,8671;9,6000;-0,3487;-0,0791;0,0000;0,0000;0,0000;0,0000;0,0000;-0,0988;-0,4900;-0,8300;1;0,0000;0,0000;0;1;1;7;0;0
11,8889;233,8301;9,6000;-0,3715;-0,0794;0,0000;0,0000;0,0000;0,0000;0,0000;-0,0992;-0,5000;-0,8700;1;0,0000;0,0000;0;1;1;7;0;0
11,9028;233,7931;9,6000;-0,3801;-0,0797;0,0000;0,0000;0,0000;0,0000;0,0000;-0,0997;-0,5000;-0,8800;1;0,0000;0,0000;0;1;1;7;0;0
11,9167;233,7560;9,6000;-0,3827;-0,0801;0,0000;0,0000;0,0000;0,0000;0,0000;-0,1001;-0,5100;-0,9000;1;0,0000;0,0000;0;1;1;7;0;0
11,9306;233,7552;9,6000;-0,3781;-0,0804;0,0000;0,0000;0,0000;0,0000;0,0000;-0,1005;-0,5200;-0,9000;1;0,0000;0,0000;0;1;1;7;0;0
11,9445;233,7552;9,6000;-0,3687;-0,0808;0,0000;0,0000;0,0000;0,0000;0,0000;-0,1009;-0,5300;-0,9000;1;0,0000;0,0000;0;1;1;7;0;0
11,9584;233,7552;9,6000;-0,3601;-0,0811;0,0000;0,0000;0,0000;0,0000;0,0000;-0,1014;-0,5400;-0,9000;1;0,0000;0,0000;0;1;1;7;0;0
11,9723;233,7552;9,6000;-0,3550;-0,0815;0,0000;0,0000;0,0000;0,0000;0,0000;-0,1018;-0,5500;-0,9000;1;0,0000;0,0000;0;1;1;7;0;0
11,9861;233,7552;9,6000;-0,3503;-0,0818;0,0000;0,0000;0,0000;0,0000;0,0000;-0,1023;-0,5600;-0,9100;1;0,0000;0,0000;0;1;1;7;0;0
12,0000;233,7552;9,6000;-0,3402;-0,0822;0,0000;0,0000;0,0000;0,0000;0,0000;-0,1027;-0,5700;-0,9100;1;0,0000;0,0000;0;1;1;7;0;0
12,0139;233,4968;9,6000;-0,3309;-0,0826;0,0000;0,0000;0,0000;0,0000;0,0000;-0,1032;-0,5700;-0,9000;1;0,0000;0,0000;0;1;1;7;0;0
12,0278;233,4597;9,6000;-0,3234;-0,0829;0,0000;0,0000;0,0000;0,0000;0,0000;-0,1037;-0,5800;-0,9000;1;0,0000;0,0000;0;1;1;7;0;0
12,0417;233,4227;9,6000;-0,3130;-0,0833;0,0000;0,0000;0,0000;0,0000;0,0000;-0,1041;-0,5900;-0,9000;1;0,0000;0,0000;0;1;1;7;0;0
12,0556;233,3857;9,6000;-0,3000;-0,0837;0,0000;0,0000;0,0000;0,0000;0,0000;-0,1046;-0,5900;-0,8900;1;0,0000;0,0000;0;1;1;7;0;0
12,0695;233,3486;9,6000;-0,2790;-0,0840;0,0000;0,0000;0,0000;0,0000;0,0000;-0,1050;-0,6000;-0,8800;1;0,0000;0,0000;0;1;1;0;0;0
12,0834;233,3116;9,6000;-0,2487;-0,0843;0,0000;0,0000;0,0000;0,0000;0,0000;-0,1054;-0,6100;-0,8500;1;0,0000;0,0000;0;1;1;0;0;0
12,0973;233,2980;9,6000;-0,2102;-0,0847;0,0000;0,0000;0,0000;0,0000;0,0000;-0,1058;-0,6100;-0,8200;1;0,0000;0,0000;0;1;1;0;0;0
12,1111;233,2980;9,6000;-0,1772;-0,0850;0,0000;0,0000;0,0000;0,0000;0,0000;-0,1063;-0,6100;-0,7900;1;0,0000;0,0000;0;1;1;0;0;0
12,1250;233,2980;9,6000;-0,1393;-0,0854;0,0000;0,0000;0,0000;0,0000;0,0000;-0,1067;-0,6200;-0,7600;1;0,0000;0,0000;0;1;1;0;0;0
12,1389;233,2980;9,6000;-0,1178;-0,0857;0,0000;0,0000;0,0000;0,0000;0,0000;-0,1071;-0,6200;-0,7400;1;0,0000;0,0000;0;1;1;0;0;0
12,1528;233,2980;9,6000;-0,0907;-0,0860;0,0000;0,0000;0,0000;0,0000;0,0000;-0,1075;-0,6200;-0,7100;1;0,0000;0,0000;0;1;1;0;0;0
12,1667;233,2980;9,6000;-0,0473;-0,0863;0,0000;0,0000;0,0000;0,0000;0,0000;-0,1079;-0,6200;-0,6700;1;0,0000;0,0000;0;1;1;0;0;0
12,1806;233,0524;9,6000;-0,0011;-0,0866;0,0000;0,0000;0,0000;0,0000;0,0000;-0,1083;-0,6200;-0,6200;1;0,0000;0,0000;0;1;1;0;0;0
12,1945;233,0153;9,6000;0,0298;-0,0869;0,0000;0,0000;0,0000;0,0000;0,0000;-0,1087;-0,6200;-0,5900;1;0,0000;0,0000;0;1;1;0;0;0
12,2084;232,9783;9,6000;0,0562;-0,0872;0,0000;0,0000;0,0000;0,0000;0,0000;-0,1090;-0,6200;-0,5600;1;0,0000;0,0000;0;1;1;0;0;0
12,2223;232,9413;9,6000;0,0723;-0,0875;0,0000;0,0000;0,0000;0,0000;0,0000;-0,1094;-0,6200;-0,5400;1;0,0000;0,0000;0;1;1;0;0;0
12,2361;232,9042;9,9000;0,0761;-0,0878;0,0000;0,0000;0,0000;0,0000;0,0000;-0,1098;-0,6100;-0,5400;1;0,0000;0,0000;0;1;1;0;0;0
12,2500;232,8660;9,9000;0,0725;-0,0881;0,0000;0,0000;0,0000;0,0000;0,0000;-0,1101;-0,6100;-0,5400;1;0,0000;0,0000;0;1;1;0;0;0
12,2639;232,8434;9,9000;0,0592;-0,0884;0,0000;0,0000;0,0000;0,0000;0,0000;-0,1105;-0,6100;-0,5500;1;0,0000;0,0000;0;1;1;0;0;0
12,2778;232,8434;9,9000;0,0326;-0,0887;0,0000;0,0000;0,0000;0,0000;0,0000;-0,1109;-0,6100;-0,5800;1;0,0000;0,0000;0;1;1;0;0;0
12,2917;232,8434;9,9000;-0,0154;-0,0891;0,0000;0,0000;0,0000;0,0000;0,0000;-0,1113;-0,6100;-0,6200;1;0,0000;0,0000;0;1;1;0;0;0
12,3056;232,8434;9,9000;-0,0744;-0,0894;0,0000;0,0000;0,0000;0,0000;0,0000;-0,1117;-0,6100;-0,6900;1;0,0000;0,0000;0;1;1;0;0;0
12,3195;232,8434;9,9000;-0,1427;-0,0898;0,0000;0,0000;0,0000;0,0000;0,0000;-0,1122;-0,6100;-0,7600;1;0,0000;0,0000;0;1;1;0;0;0
12,3334;232,8434;9,9000;-0,1969;-0,0901;0,0000;0,0000;0,0000;0,0000;0,0000;-0,1126;-0,6200;-0,8200;1;0,0000;0,0000;0;1;1;0;0;0
12,3473;232,5987;9,9000;-0,2453;-0,0905;0,0000;0,0000;0,0000;0,0000;0,0000;-0,1131;-0,6200;-0,8700;1;0,0000;0,0000;0;1;1;0;0;0
12,3611;232,5605;9,9000;-0,3200;-0,0909;0,0000;0,0000;0,0000;0,0000;0,0000;-0,1136;-0,6300;-0,9500;1;0,0000;0,0000;0;1;1;0;0;0
12,3750;232,5223;9,9000;-0,3863;-0,0913;0,0000;0,0000;0,0000;0,0000;0,0000;-0,1141;-0,6400;-1,0300;1;0,0000;0,0000;0;1;1;0;0;0
12,3889;232,4841;9,9000;-0,4509;-0,0917;0,0000;0,0000;0,0000;0,0000;0,0000;-0,1146;-0,6500;-1,1000;1;0,0000;0,0000;0;1;1;0;0;0
12,4028;232,4459;9,9000;-0,4864;-0,0921;0,0000;0,0000;0,0000;0,0000;0,0000;-0,1152;-0,6700;-1,1500;1;0,0000;0,0000;0;1;1;0;0;0
12,4167;232,4077;9,9000;-0,5006;-0,0926;0,0000;0,0000;0,0000;0,0000;0,0000;-0,1157;-0,6800;-1,1800;1;0,0000;0,0000;0;1;1;0;0;0
12,4306;232,3872;9,9000;-0,5151;-0,0930;0,0000;0,0000;0,0000;0,0000;0,0000;-0,1163;-0,6900;-1,2100;1;0,0000;0,0000;0;1;1;0;0;0
12,4445;232,3872;9,9000;-0,5309;-0,0935;0,0000;0,0000;0,0000;0,0000;0,0000;-0,1169;-0,7000;-1,2300;1;0,0000;0,0000;0;1;1;0;0;0
12,4584;232,3872;9,9000;-0,5341;-0,0940;0,0000;0,0000;0,0000;0,0000;0,0000;-0,1175;-0,7200;-1,2500;1;0,0000;0,0000;0;1;1;0;0;0
12,4723;232,3872;9,9000;-0,5498;-0,0944;0,0000;0,0000;0,0000;0,0000;0,0000;-0,1180;-0,7300;-1,2800;1;0,0000;0,0000;0;1;1;0;0;0
12,4861;232,3872;9,9000;-0,5549;-0,0949;0,0000;0,0000;0,0000;0,0000;0,0000;-0,1187;-0,7400;-1,3000;1;0,0000;0,0000;0;1;1;0;0;0
12,5000;232,3872;10,0000;-0,5496;-0,0954;0,0000;0,0000;0,0000;0,0000;0,0000;-0,1193;-0,7600;-1,3100;1;0,0000;0,0000;0;1;1;0;0;0
12,5139;232,1400;10,0000;-0,5346;-0,0959;0,0000;0,0000;0,0000;0,0000;0,0000;-0,1199;-0,7700;-1,3000;1;0,0000;0,0000;0;1;1;0;0;0
12,5278;232,1014;10,0000;-0,5155;-0,0964;0,0000;0,0000;0,0000;0,0000;0,0000;-0,1206;-0,7800;-1,3000;1;0,0000;0,0000;0;1;1;0;0;0
12,5417;232,0629;10,0000;-0,4909;-0,0970;0,0000;0,0000;0,0000;0,0000;0,0000;-0,1212;-0,8000;-1,2900;1;0,0000;0,0000;0;1;1;0;0;0
12,5556;232,0243;10,0000;-0,4658;-0,0975;0,0000;0,0000;0,0000;0,0000;0,0000;-0,1219;-0,8100;-1,2700;1;0,0000;0,0000;0;1;1;0;0;0
12,5695;231,9857;10,0000;-0,4372;-0,0980;0,0000;0,0000;0,0000;0,0000;0,0000;-0,1225;-0,8200;-1,2500;1;0,0000;0,0000;0;1;1;0;0;0
12,5834;231,9471;10,0000;-0,3992;-0,0985;0,0000;0,0000;0,0000;0,0000;0,0000;-0,1231;-0,8300;-1,2300;1;0,0000;0,0000;0;1;1;0;0;0
12,5973;231,9309;10,0000;-0,3509;-0,0990;0,0000;0,0000;0,0000;0,0000;0,0000;-0,1238;-0,8400;-1,1900;1;0,0000;0,0000;0;1;1;0;0;0
12,6111;231,9309;10,0000;-0,3413;-0,0995;0,0000;0,0000;0,0000;0,0000;0,0000;-0,1244;-0,8400;-1,1900;1;0,0000;0,0000;0;1;1;0;0;0
12,6250;231,9309;10,0000;-0,2307;-0,1000;0,0000;0,0000;0,0000;0,0000;0,0000;-0,1250;-0,8500;-1,0800;1;0,0000;0,0000;0;1;1;0;0;0
12,6389;231,9309;10,0000;-0,1547;-0,1005;0,0000;0,0000;0,0000;0,0000;0,0000;-0,1256;-0,8500;-1,0100;1;0,0000;0,0000;0;1;1;0;0;0
12,6528;231,9309;10,0000;-0,0748;-0,1009;0,0000;0,0000;0,0000;0,0000;0,0000;-0,1262;-0,8500;-0,9300;1;0,0000;0,0000;0;1;1;0;0;0
12,6667;231,9309;10,0000;0,0158;-0,1014;0,0000;0,0000;0,0000;0,0000;0,0000;-0,1267;-0,8500;-0,8400;1;0,0000;0,0000;0;1;1;0;0;0
12,6806;231,6771;10,0000;0,0964;-0,1018;0,0000;0,0000;0,0000;0,0000;0,0000;-0,1272;-0,8500;-0,7500;1;0,0000;0,0000;0;1;1;0;0;0
12,6945;231,6385;10,0000;0,1775;-0,1022;0,0000;0,0000;0,0000;0,0000;0,0000;-0,1277;-0,8500;-0,6700;1;0,0000;0,0000;0;1;1;0;0;0
12,7084;231,6000;10,0000;0,2504;-0,1026;0,0000;0,0000;0,0000;0,0000;0,0000;-0,1282;-0,8400;-0,5900;1;0,0000;0,0000;0;1;1;0;0;0
12,7223;231,5614;10,0000;0,3066;-0,1030;0,0000;0,0000;0,0000;0,0000;0,0000;-0,1287;-0,8300;-0,5200;1;0,0000;0,0000;0;1;1;0;0;0
12,7361;231,5228;10,0000;0,3656;-0,1033;0,0000;0,0000;0,0000;0,0000;0,0000;-0,1292;-0,8200;-0,4500;1;0,0000;0,0000;0;1;1;0;0;0
12,7500;231,4842;10,0000;0,4038;-0,1037;0,0000;0,0000;0,0000;0,0000;0,0000;-0,1296;-0,8100;-0,4100;1;0,0000;0,0000;0;1;1;0;0;0
12,7639;231,4776;10,0000;0,4116;-0,1040;0,0000;0,0000;0,0000;0,0000;0,0000;-0,1300;-0,8000;-0,3900;1;0,0000;0,0000;0;1;1;0;0;0
12,7778;231,4776;10,0000;0,4498;-0,1043;0,0000;0,0000;0,0000;0,0000;0,0000;-0,1304;-0,7900;-0,3400;1;0,0000;0,0000;0;1;1;0;0;0
12,7917;231,4776;10,0000;0,4843;-0,1046;0,0000;0,0000;0,0000;0,0000;0,0000;-0,1308;-0,7700;-0,2900;1;0,0000;0,0000;0;1;1;0;0;0
12,8056;231,4776;10,0000;0,5167;-0,1049;0,0000;0,0000;0,0000;0,0000;0,0000;-0,1311;-0,7600;-0,2400;1;0,0000;0,0000;0;1;1;0;0;0
12,8195;231,4776;10,0000;0,5439;-0,1052;0,0000;0,0000;0,0000;0,0000;0,0000;-0,1315;-0,7400;-0,2000;1;0,0000;0,0000;0;1;1;0;0;0
12,8334;231,4776;10,0000;0,5845;-0,1054;0,0000;0,0000;0,0000;0,0000;0,0000;-0,1318;-0,7300;-0,1400;1;0,0000;0,0000;0;1;1;0;0;0
12,8473;231,2142;10,0000;0,6516;-0,1057;0,0000;0,0000;0,0000;0,0000;0,0000;-0,1321;-0,7100;-0,0600;1;0,0000;0,0000;0;1;1;0;0;0
12,8611;231,1756;10,0000;0,7339;-0,1059;0,0000;0,0000;0,0000;0,0000;0,0000;-0,1324;-0,6900;0,0400;1;0,0000;0,0000;0;1;1;0;0;0
12,8750;231,1370;10,0000;0,8483;-0,1061;0,0000;0,0000;0,0000;0,0000;0,0000;-0,1326;-0,6700;0,1800;1;0,0000;0,0000;0;1;1;0;0;0
12,8889;231,0984;10,0000;0,9910;-0,1062;0,0000;0,0000;0,0000;0,0000;0,0000;-0,1327;-0,6400;0,3500;1;0,0000;0,0000;0;1;1;0;0;0
12,9028;231,0598;10,0000;1,1291;-0,1063;0,0000;0,0000;0,0000;0,0000;0,0000;-0,1329;-0,6100;0,5200;1;0,0000;0,0000;0;1;1;0;0;0
12,9167;231,0213;10,0000;1,1567;-0,1064;0,0000;0,0000;0,0000;0,0000;0,0000;-0,1329;-0,5800;0,5700;1;0,0000;0,0000;0;1;1;0;0;0
12,9306;231,0193;10,0000;1,3473;-0,1064;0,0000;0,0000;0,0000;0,0000;0,0000;-0,1330;-0,5500;0,8000;1;0,0000;0,0000;0;1;1;0;0;0
12,9445;231,0193;10,0000;1,4456;-0,1063;0,0000;0,0000;0,0000;0,0000;0,0000;-0,1329;-0,5100;0,9400;1;0,0000;0,0000;0;1;1;0;0;0
12,9584;231,0193;10,0000;1,5499;-0,1063;0,0000;0,0000;0,0000;0,0000;0,0000;-0,1328;-0,4700;1,0800;1;0,0000;0,0000;0;1;1;0;0;0
12,9723;231,0193;10,0000;1,6067;-0,1062;0,0000;0,0000;0,0000;0,0000;0,0000;-0,1327;-0,4300;1,1800;1;0,0000;0,0000;0;1;1;0;0;0
12,9861;231,0193;10,0000;1,6489;-0,1060;0,0000;0,0000;0,0000;0,0000;0,0000;-0,1325;-0,3800;1,2600;1;0,0000;0,0000;0;1;1;0;0;0
13,0000;230,7898;10,4000;1,6821;-0,1058;0,0000;0,0000;0,0000;0,0000;0,0000;-0,1323;-0,3400;1,3400;1;0,0000;0,0000;0;1;1;0;0;0
13,0139;230,7496;10,4000;1,7081;-0,1057;0,0000;0,0000;0,0000;0,0000;0,0000;-0,1321;-0,2900;1,4100;1;0,0000;0,0000;0;1;1;0;0;0
13,0278;230,7095;10,4000;1,7332;-0,1054;0,0000;0,0000;0,0000;0,0000;0,0000;-0,1318;-0,2500;1,4900;1;0,0000;0,0000;0;1;1;0;0;0
13,0417;230,6694;10,4000;1,7571;-0,1052;0,0000;0,0000;0,0000;0,0000;0,0000;-0,1314;-0,2000;1,5600;1;0,0000;0,0000;0;1;1;0;0;0
13,0556;230,6293;10,4000;1,7700;-0,1049;0,0000;0,0000;0,0000;0,0000;0,0000;-0,1311;-0,1500;1,6200;1;0,0000;0,0000;0;1;1;0;0;0
13,0695;230,5892;10,4000;1,7726;-0,1045;0,0000;0,0000;0,0000;0,0000;0,0000;-0,1307;-0,1000;1,6700;1;0,0000;0,0000;0;1;1;3;0;0
13,0834;230,5644;10,4000;1,7631;-0,1042;0,0000;0,0000;0,0000;0,0000;0,0000;-0,1302;-0,0500;1,7100;1;0,0000;0,0000;0;1;1;3;0;0
13,0973;230,5644;10,4000;1,7174;-0,1038;0,0000;0,0000;0,0000;0,0000;0,0000;-0,1298;0,0000;1,7100;1;0,0000;0,0000;0;1;1;3;0;0
13,1111;230,5644;10,4000;1,6275;-0,1035;0,0000;0,0000;0,0000;0,0000;0,0000;-0,1293;0,0300;1,6600;1;0,0000;0,0000;0;1;1;3;0;0
13,1250;230,5644;10,4000;1,5396;-0,1031;0,0000;0,0000;0,0000;0,0000;0,0000;-0,1289;0,0800;1,6200;1;0,0000;0,0000;0;1;1;3;0;0
13,1389;230,5644;10,4000;1,4650;-0,1027;0,0000;0,0000;0,0000;0,0000;0,0000;-0,1284;0,1200;1,5800;1;0,0000;0,0000;0;1;1;3;0;0
13,1528;230,5644;10,4000;1,4108;-0,1023;0,0000;0,0000;0,0000;0,0000;0,0000;-0,1279;0,1500;1,5700;1;0,0000;0,0000;0;1;1;3;0;0
13,1667;230,3083;10,4000;1,3614;-0,1019;0,0000;0,0000;0,0000;0,0000;0,0000;-0,1274;0,1900;1,5500;1;0,0000;0,0000;0;1;1;3;0;0
13,1806;230,2682;10,4000;1,2935;-0,1015;0,0000;0,0000;0,0000;0,0000;0,0000;-0,1269;0,2300;1,5200;1;0,0000;0,0000;0;1;1;3;0;0
13,1945;230,2281;10,4000;1,2799;-0,1011;0,0000;0,0000;0,0000;0,0000;0,0000;-0,1263;0,2600;1,5400;1;0,0000;0,0000;0;1;1;3;0;0
13,2084;230,1879;10,4000;1,2150;-0,1006;0,0000;0,0000;0,0000;0,0000;0,0000;-0,1258;0,2900;1,5100;1;0,0000;0,0000;0;1;1;3;0;0
13,2223;230,1478;10,4000;1,1950;-0,1002;0,0000;0,0000;0,0000;0,0000;0,0000;-0,1252;0,3300;1,5200;1;0,0000;0,0000;0;1;1;3;0;0
13,2361;230,1089;10,4000;1,1826;-0,0997;0,0000;0,0000;0,0000;0,0000;0,0000;-0,1247;0,3600;1,5400;1;0,0000;0,0000;0;1;1;3;0;0
13,2500;230,1089;10,4000;1,1782;-0,0993;0,0000;0,0000;0,0000;0,0000;0,0000;-0,1241;0,3900;1,5700;1;0,0000;0,0000;0;1;1;3;0;0
13,2639;230,1089;10,4000;1,1831;-0,0988;0,0000;0,0000;0,0000;0,0000;0,0000;-0,1235;0,4200;1,6100;1;0,0000;0,0000;0;1;1;3;0;0
13,2778;230,1089;10,4000;1,1973;-0,0982;0,0000;0,0000;0,0000;0,0000;0,0000;-0,1228;0,4600;1,6500;1;0,0000;0,0000;0;1;1;3;0;0
13,2917;230,1089;10,4000;1,2176;-0,0977;0,0000;0,0000;0,0000;0,0000;0,0000;-0,1221;0,4900;1,7100;1;0,0000;0,0000;0;1;1;3;0;0
13,3056;230,1089;10,4000;1,2343;-0,0971;0,0000;0,0000;0,0000;0,0000;0,0000;-0,1214;0,5200;1,7600;1;0,0000;0,0000;0;1;1;3;0;0
13,3195;229,8670;10,4000;1,2543;-0,0965;0,0000;0,0000;0,0000;0,0000;0,0000;-0,1207;0,5600;1,8100;1;0,0000;0,0000;0;1;1;3;0;0
13,3334;229,8269;10,4000;1,2700;-0,0959;0,0000;0,0000;0,0000;0,0000;0,0000;-0,1199;0,5900;1,8600;1;0,0000;0,0000;0;1;1;3;0;0
13,3473;229,7867;10,4000;1,2779;-0,0953;0,0000;0,0000;0,0000;0,0000;0,0000;-0,1191;0,6300;1,9100;1;0,0000;0,0000;0;1;1;3;0;0
13,3611;229,7466;10,4000;1,2794;-0,0947;0,0000;0,0000;0,0000;0,0000;0,0000;-0,1183;0,6600;1,9400;1;0,0000;0,0000;0;1;1;3;0;0
13,3750;229,7065;10,4000;1,2797;-0,0940;0,0000;0,0000;0,0000;0,0000;0,0000;-0,1175;0,7000;1,9800;1;0,0000;0,0000;0;1;1;3;0;0
13,3889;229,6664;10,4000;1,2420;-0,0933;0,0000;0,0000;0,0000;0,0000;0,0000;-0,1166;0,7300;1,9700;1;0,0000;0,0000;0;1;1;3;0;0
13,4028;229,6520;10,4000;1,1997;-0,0926;0,0000;0,0000;0,0000;0,0000;0,0000;-0,1158;0,7600;1,9600;1;0,0000;0,0000;0;1;1;3;0;0
13,4167;229,6520;10,4000;1,1534;-0,0920;0,0000;0,0000;0,0000;0,0000;0,0000;-0,1149;0,7900;1,9500;1;0,0000;0,0000;0;1;1;3;0;0
13,4306;229,6520;10,4000;1,0961;-0,0913;0,0000;0,0000;0,0000;0,0000;0,0000;-0,1141;0,8200;1,9200;1;0,0000;0,0000;0;1;1;3;0;0
13,4445;229,6520;10,4000;1,0457;-0,0906;0,0000;0,0000;0,0000;0,0000;0,0000;-0,1132;0,8500;1,9000;1;0,0000;0,0000;0;1;1;3;0;0
13,4584;229,6520;10,4000;0,9796;-0,0899;0,0000;0,0000;0,0000;0,0000;0,0000;-0,1123;0,8800;1,8600;1;0,0000;0,0000;0;1;1;3;0;0
13,4723;229,6520;10,4000;0,9027;-0,0892;0,0000;0,0000;0,0000;0,0000;0,0000;-0,1115;0,9000;1,8100;1;0,0000;0,0000;0;1;1;3;0;0
13,4861;229,3856;10,4000;0,8175;-0,0885;0,0000;0,0000;0,0000;0,0000;0,0000;-0,1106;0,9300;1,7400;1;0,0000;0,0000;0;1;1;3;0;0
13,5000;229,3455;10,2000;0,7014;-0,0878;0,0000;0,0000;0,0000;0,0000;0,0000;-0,1097;0,9400;1,6500;1;0,0000;0,0000;0;1;1;3;0;0
13,5139;229,3061;10,2000;0,5872;-0,0871;0,0000;0,0000;0,0000;0,0000;0,0000;-0,1089;0,9600;1,5500;1;0,0000;0,0000;0;1;1;3;0;0
13,5278;229,2668;10,2000;0,5643;-0,0864;0,0000;0,0000;0,0000;0,0000;0,0000;-0,1080;0,9800;1,5400;1;0,0000;0,0000;0;1;1;3;0;0
13,5417;229,2275;10,2000;0,3970;-0,0858;0,0000;0,0000;0,0000;0,0000;0,0000;-0,1073;0,9900;1,3800;1;0,0000;0,0000;0;1;1;3;0;0
13,5556;229,1993;10,2000;0,2726;-0,0852;0,0000;0,0000;0,0000;0,0000;0,0000;-0,1065;0,9900;1,2700;1;0,0000;0,0000;0;1;1;3;0;0
13,5695;229,1993;10,2000;0,1786;-0,0846;0,0000;0,0000;0,0000;0,0000;0,0000;-0,1057;1,0000;1,1800;1;0,0000;0,0000;0;1;1;3;0;0
13,5834;229,1993;10,2000;0,1227;-0,0840;0,0000;0,0000;0,0000;0,0000;0,0000;-0,1050;1,0000;1,1300;1;0,0000;0,0000;0;1;1;3;0;0
13,5973;229,1993;10,2000;0,0557;-0,0834;0,0000;0,0000;0,0000;0,0000;0,0000;-0,1043;1,0100;1,0600;1;0,0000;0,0000;0;1;1;3;0;0
13,6111;229,1993;10,2000;-0,0230;-0,0828;0,0000;0,0000;0,0000;0,0000;0,0000;-0,1036;1,0100;0,9800;1;0,0000;0,0000;0;1;1;3;0;0
13,6250;229,1993;10,2000;-0,0857;-0,0823;0,0000;0,0000;0,0000;0,0000;0,0000;-0,1029;1,0000;0,9200;1;0,0000;0,0000;0;1;1;3;0;0
13,6389;228,9520;10,2000;-0,1179;-0,0817;0,0000;0,0000;0,0000;0,0000;0,0000;-0,1022;1,0000;0,8800;1;0,0000;0,0000;0;1;1;3;0;0
13,6528;228,9127;10,2000;-0,1417;-0,0812;0,0000;0,0000;0,0000;0,0000;0,0000;-0,1015;1,0000;0,8600;1;0,0000;0,0000;0;1;1;3;0;0
13,6667;228,8734;10,2000;-0,1474;-0,0807;0,0000;0,0000;0,0000;0,0000;0,0000;-0,1008;1,0000;0,8500;1;0,0000;0,0000;0;1;1;3;0;0
13,6806;228,8340;10,2000;-0,1485;-0,0801;0,0000;0,0000;0,0000;0,0000;0,0000;-0,1002;0,9900;0,8400;1;0,0000;0,0000;0;1;1;3;0;0
13,6945;228,7947;10,2000;-0,1295;-0,0796;0,0000;0,0000;0,0000;0,0000;0,0000;-0,0995;0,9900;0,8600;1;0,0000;0,0000;0;1;1;3;0;0
13,7084;228,7553;10,2000;-0,0767;-0,0791;0,0000;0,0000;0,0000;0,0000;0,0000;-0,0988;0,9900;0,9100;1;0,0000;0,0000;0;1;1;3;0;0
13,7223;228,7405;10,2000;0,0014;-0,0785;0,0000;0,0000;0,0000;0,0000;0,0000;-0,0981;0,9900;0,9900;1;0,0000;0,0000;0;1;1;3;0;0
13,7361;228,7405;10,2000;0,0820;-0,0779;0,0000;0,0000;0,0000;0,0000;0,0000;-0,0974;0,9900;1,0700;1;0,0000;0,0000;0;1;1;3;0;0
13,7500;228,7405;10,2000;0,1393;-0,0773;0,0000;0,0000;0,0000;0,0000;0,0000;-0,0967;1,0000;1,1300;1;0,0000;0,0000;0;1;1;3;0;0
13,7639;228,7405;10,2000;0,1846;-0,0767;0,0000;0,0000;0,0000;0,0000;0,0000;-0,0959;1,0000;1,1900;1;0,0000;0,0000;0;1;1;3;0;0
13,7778;228,7405;10,2000;0,2145;-0,0761;0,0000;0,0000;0,0000;0,0000;0,0000;-0,0951;1,0100;1,2200;1;0,0000;0,0000;0;1;1;3;0;0
13,7917;228,7405;10,2000;0,2415;-0,0755;0,0000;0,0000;0,0000;0,0000;0,0000;-0,0944;1,0100;1,2600;1;0,0000;0,0000;0;1;1;3;0;0
13,8056;228,4799;10,2000;0,2727;-0,0749;0,0000;0,0000;0,0000;0,0000;0,0000;-0,0936;1,0200;1,2900;1;0,0000;0,0000;0;1;1;3;0;0
13,8195;228,4406;10,2000;0,2903;-0,0742;0,0000;0,0000;0,0000;0,0000;0,0000;-0,0928;1,0300;1,3200;1;0,0000;0,0000;0;1;1;3;0;0
13,8334;228,4012;10,2000;0,2939;-0,0736;0,0000;0,0000;0,0000;0,0000;0,0000;-0,0920;1,0400;1,3300;1;0,0000;0,0000;0;1;1;3;0;0
13,8473;228,3619;10,2000;0,2826;-0,0729;0,0000;0,0000;0,0000;0,0000;0,0000;-0,0911;1,0500;1,3300;1;0,0000;0,0000;0;1;1;3;0;0
13,8611;228,3225;10,2000;0,2552;-0,0723;0,0000;0,0000;0,0000;0,0000;0,0000;-0,0903;1,0500;1,3100;1;0,0000;0,0000;0;1;1;3;0;0
13,8750;228,2860;10,2000;0,2214;-0,0716;0,0000;0,0000;0,0000;0,0000;0,0000;-0,0895;1,0600;1,2800;1;0,0000;0,0000;0;1;1;3;0;0
13,8889;228,2860;10,2000;0,1762;-0,0710;0,0000;0,0000;0,0000;0,0000;0,0000;-0,0887;1,0600;1,2400;1;0,0000;0,0000;0;1;1;3;0;0
13,9028;228,2860;10,2000;0,1219;-0,0704;0,0000;0,0000;0,0000;0,0000;0,0000;-0,0880;1,0700;1,1900;1;0,0000;0,0000;0;1;1;3;0;0
13,9167;228,2860;10,2000;0,0669;-0,0698;0,0000;0,0000;0,0000;0,0000;0,0000;-0,0872;1,0700;1,1300;1;0,0000;0,0000;0;1;1;3;0;0
13,9306;228,2860;10,2000;0,0156;-0,0692;0,0000;0,0000;0,0000;0,0000;0,0000;-0,0865;1,0700;1,0800;1;0,0000;0,0000;0;1;1;3;0;0
13,9445;228,2860;10,2000;-0,0330;-0,0686;0,0000;0,0000;0,0000;0,0000;0,0000;-0,0857;1,0600;1,0300;1;0,0000;0,0000;0;1;1;3;0;0
13,9584;228,0471;10,2000;-0,0646;-0,0680;0,0000;0,0000;0,0000;0,0000;0,0000;-0,0850;1,0600;1,0000;1;0,0000;0,0000;0;1;1;3;0;0
13,9723;228,0078;10,2000;-0,0909;-0,0674;0,0000;0,0000;0,0000;0,0000;0,0000;-0,0843;1,0600;0,9700;1;0,0000;0,0000;0;1;1;3;0;0
13,9861;227,9684;10,2000;-0,0962;-0,0669;0,0000;0,0000;0,0000;0,0000;0,0000;-0,0836;1,0600;0,9600;1;0,0000;0,0000;0;1;1;3;0;0
14,0000;227,9291;10,2000;-0,1482;-0,0663;0,0000;0,0000;0,0000;0,0000;0,0000;-0,0829;1,0500;0,9000;1;0,0000;0,0000;0;1;1;3;0;0
14,0139;227,8897;10,2000;-0,1730;-0,0658;0,0000;0,0000;0,0000;0,0000;0,0000;-0,0822;1,0500;0,8700;1;0,0000;0,0000;0;1;1;3;0;0
14,0278;227,8504;10,2000;-0,1874;-0,0652;0,0000;0,0000;0,0000;0,0000;0,0000;-0,0815;1,0400;0,8500;1;0,0000;0,0000;0;1;1;3;0;0
14,0417;227,8299;10,2000;-0,1964;-0,0647;0,0000;0,0000;0,0000;0,0000;0,0000;-0,0808;1,0400;0,8400;1;0,0000;0,0000;0;1;1;3;0;0
14,0556;227,8299;10,2000;-0,2008;-0,0641;0,0000;0,0000;0,0000;0,0000;0,0000;-0,0802;1,0300;0,8300;1;0,0000;0,0000;0;1;1;3;0;0
14,0695;227,8299;10,2000;-0,2020;-0,0636;0,0000;0,0000;0,0000;0,0000;0,0000;-0,0795;1,0200;0,8200;1;0,0000;0,0000;0;1;1;6;0;0
14,0834;227,8299;10,2000;-0,2030;-0,0631;0,0000;0,0000;0,0000;0,0000;0,0000;-0,0788;1,0200;0,8100;1;0,0000;0,0000;0;1;1;6;0;0
14,0973;227,8299;10,2000;-0,2016;-0,0626;0,0000;0,0000;0,0000;0,0000;0,0000;-0,0782;1,0100;0,8100;1;0,0000;0,0000;0;1;1;6;0;0
14,1111;227,8299;10,2000;-0,1996;-0,0620;0,0000;0,0000;0,0000;0,0000;0,0000;-0,0775;1,0100;0,8100;1;0,0000;0,0000;0;1;1;6;0;0
14,1250;227,5750;10,2000;-0,1983;-0,0615;0,0000;0,0000;0,0000;0,0000;0,0000;-0,0769;1,0000;0,8000;1;0,0000;0,0000;0;1;1;6;0;0
14,1389;227,5356;10,2000;-0,1981;-0,0610;0,0000;0,0000;0,0000;0,0000;0,0000;-0,0762;0,9900;0,8000;1;0,0000;0,0000;0;1;1;6;0;0
14,1528;227,4963;10,2000;-0,1974;-0,0605;0,0000;0,0000;0,0000;0,0000;0,0000;-0,0756;0,9900;0,7900;1;0,0000;0,0000;0;1;1;6;0;0
14,1667;227,4569;10,2000;-0,2016;-0,0600;0,0000;0,0000;0,0000;0,0000;0,0000;-0,0750;0,9800;0,7800;1;0,0000;0,0000;0;1;1;6;0;0
14,1806;227,4176;10,2000;-0,2025;-0,0595;0,0000;0,0000;0,0000;0,0000;0,0000;-0,0743;0,9800;0,7700;1;0,0000;0,0000;0;1;1;6;0;0
14,1945;227,3783;10,2000;-0,2212;-0,0590;0,0000;0,0000;0,0000;0,0000;0,0000;-0,0737;0,9700;0,7500;1;0,0000;0,0000;0;1;1;6;0;0
14,2084;227,3734;10,2000;-0,2363;-0,0585;0,0000;0,0000;0,0000;0,0000;0,0000;-0,0731;0,9600;0,7300;1;0,0000;0,0000;0;1;1;6;0;0
14,2223;227,3734;10,2000;-0,2566;-0,0580;0,0000;0,0000;0,0000;0,0000;0,0000;-0,0725;0,9600;0,7000;1;0,0000;0,0000;0;1;1;6;0;0
14,2361;227,3734;10,2000;-0,2826;-0,0576;0,0000;0,0000;0,0000;0,0000;0,0000;-0,0720;0,9500;0,6700;1;0,0000;0,0000;0;1;1;6;0;0
14,2500;227,3734;10,2000;-0,2996;-0,0571;0,0000;0,0000;0,0000;0,0000;0,0000;-0,0714;0,9400;0,6400;1;0,0000;0,0000;0;1;1;6;0;0
14,2639;227,3734;10,2000;-0,3204;-0,0567;0,0000;0,0000;0,0000;0,0000;0,0000;-0,0709;0,9400;0,6200;1;0,0000;0,0000;0;1;1;6;0;0
14,2778;227,1422;10,2000;-0,3430;-0,0563;0,0000;0,0000;0,0000;0,0000;0,0000;-0,0703;0,9300;0,5800;1;0,0000;0,0000;0;1;1;6;0;0
14,2917;227,1028;10,2000;-0,3475;-0,0558;0,0000;0,0000;0,0000;0,0000;0,0000;-0,0698;0,9200;0,5700;1;0,0000;0,0000;0;1;1;6;0;0
14,3056;227,0635;10,2000;-0,4056;-0,0554;0,0000;0,0000;0,0000;0,0000;0,0000;-0,0693;0,9100;0,5000;1;0,0000;0,0000;0;1;1;6;0;0
14,3195;227,0241;10,2000;-0,4454;-0,0550;0,0000;0,0000;0,0000;0,0000;0,0000;-0,0688;0,9000;0,4500;1;0,0000;0,0000;0;1;1;6;0;0
14,3334;226,9848;10,2000;-0,4991;-0,0546;0,0000;0,0000;0,0000;0,0000;0,0000;-0,0683;0,8800;0,3900;1;0,0000;0,0000;0;1;1;6;0;0
14,3473;226,9454;10,2000;-0,5664;-0,0543;0,0000;0,0000;0,0000;0,0000;0,0000;-0,0678;0,8700;0,3000;1;0,0000;0,0000;0;1;1;6;0;0
14,3611;226,9201;10,2000;-0,6465;-0,0539;0,0000;0,0000;0,0000;0,0000;0,0000;-0,0674;0,8500;0,2100;1;0,0000;0,0000;0;1;1;6;0;0
14,3750;226,9201;10,2000;-0,7462;-0,0536;0,0000;0,0000;0,0000;0,0000;0,0000;-0,0671;0,8400;0,0900;1;0,0000;0,0000;0;1;1;6;0;0
14,3889;226,9201;10,2000;-0,8436;-0,0534;0,0000;0,0000;0,0000;0,0000;0,0000;-0,0667;0,8100;-0,0300;1;0,0000;0,0000;0;1;1;6;0;0
14,4028;226,9201;10,2000;-0,9653;-0,0531;0,0000;0,0000;0,0000;0,0000;0,0000;-0,0664;0,7900;-0,1800;1;0,0000;0,0000;0;1;1;6;0;0
14,4167;226,9201;10,2000;-1,1059;-0,0530;0,0000;0,0000;0,0000;0,0000;0,0000;-0,0662;0,7600;-0,3400;1;0,0000;0,0000;0;1;1;6;0;0
14,4306;226,9201;10,2000;-1,2271;-0,0528;0,0000;0,0000;0,0000;0,0000;0,0000;-0,0660;0,7300;-0,5000;1;0,0000;0,0000;0;1;1;6;0;0
14,4445;226,6700;10,2000;-1,2514;-0,0527;0,0000;0,0000;0,0000;0,0000;0,0000;-0,0659;0,7000;-0,5500;1;0,0000;0,0000;0;1;1;6;0;0
14,4584;226,6306;10,2000;-1,3731;-0,0526;0,0000;0,0000;0,0000;0,0000;0,0000;-0,0658;0,6600;-0,7100;1;0,0000;0,0000;0;1;1;6;0;0
14,4723;226,5912;10,2000;-1,4416;-0,0526;0,0000;0,0000;0,0000;0,0000;0,0000;-0,0657;0,6200;-0,8200;1;0,0000;0,0000;0;1;1;6;0;0
14,4861;226,5519;10,2000;-1,4778;-0,0526;0,0000;0,0000;0,0000;0,0000;0,0000;-0,0657;0,5900;-0,8900;1;0,0000;0,0000;0;1;1;6;0;0
14,5000;226,5125;10,2000;-1,4957;-0,0526;0,0000;0,0000;0,0000;0,0000;0,0000;-0,0657;0,5500;-0,9500;1;0,0000;0,0000;0;1;1;6;0;0
14,5139;226,4732;10,2000;-1,5146;-0,0526;0,0000;0,0000;0,0000;0,0000;0,0000;-0,0658;0,5100;-1,0100;1;0,0000;0,0000;0;1;1;6;0;0
14,5278;226,4615;10,2000;-1,5310;-0,0527;0,0000;0,0000;0,0000;0,0000;0,0000;-0,0658;0,4700;-1,0600;1;0,0000;0,0000;0;1;1;6;0;0
14,5417;226,4615;10,2000;-1,5358;-0,0527;0,0000;0,0000;0,0000;0,0000;0,0000;-0,0659;0,4300;-1,1100;1;0,0000;0,0000;0;1;1;6;0;0
14,5556;226,4615;10,2000;-1,5342;-0,0528;0,0000;0,0000;0,0000;0,0000;0,0000;-0,0661;0,3900;-1,1400;1;0,0000;0,0000;0;1;1;6;0;0
14,5695;226,4615;10,2000;-1,5143;-0,0530;0,0000;0,0000;0,0000;0,0000;0,0000;-0,0662;0,3500;-1,1600;1;0,0000;0,0000;0;1;1;6;0;0
14,5834;226,4615;10,2000;-1,4777;-0,0531;0,0000;0,0000;0,0000;0,0000;0,0000;-0,0664;0,3100;-1,1700;1;0,0000;0,0000;0;1;1;6;0;0
14,5973;226,4615;10,2000;-1,4702;-0,0532;0,0000;0,0000;0,0000;0,0000;0,0000;-0,0666;0,2700;-1,2000;1;0,0000;0,0000;0;1;1;6;0;0
14,6111;226,1977;10,2000;-1,3746;-0,0534;0,0000;0,0000;0,0000;0,0000;0,0000;-0,0667;0,2400;-1,1400;1;0,0000;0,0000;0;1;1;6;0;0
14,6250;226,1584;10,2000;-1,2845;-0,0535;0,0000;0,0000;0,0000;0,0000;0,0000;-0,0669;0,2000;-1,0800;1;0,0000;0,0000;0;1;1;6;0;0
14,6389;226,1190;10,2000;-1,2213;-0,0537;0,0000;0,0000;0,0000;0,0000;0,0000;-0,0671;0,1700;-1,0500;1;0,0000;0,0000;0;1;1;6;0;0
14,6528;226,0797;10,2000;-1,1654;-0,0539;0,0000;0,0000;0,0000;0,0000;0,0000;-0,0673;0,1400;-1,0200;1;0,0000;0,0000;0;1;1;6;0;0
14,6667;226,0403;10,2000;-1,1027;-0,0540;0,0000;0,0000;0,0000;0,0000;0,0000;-0,0675;0,1100;-0,9900;1;0,0000;0,0000;0;1;1;6;0;0
14,6806;226,0090;10,2000;-1,0453;-0,0542;0,0000;0,0000;0,0000;0,0000;0,0000;-0,0678;0,0900;-0,9600;1;0,0000;0,0000;0;1;1;6;0;0
14,6945;226,0090;10,2000;-0,9883;-0,0544;0,0000;0,0000;0,0000;0,0000;0,0000;-0,0680;0,0600;-0,9300;1;0,0000;0,0000;0;1;1;6;0;0
14,7084;226,0090;10,2000;-0,9420;-0,0546;0,0000;0,0000;0,0000;0,0000;0,0000;-0,0682;0,0300;-0,9000;1;0,0000;0,0000;0;1;1;6;0;0
14,7223;226,0090;10,2000;-0,9107;-0,0547;0,0000;0,0000;0,0000;0,0000;0,0000;-0,0684;0,0000;-0,9000;1;0,0000;0,0000;0;1;1;6;0;0
14,7361;226,0090;10,2000;-0,8864;-0,0549;0,0000;0,0000;0,0000;0,0000;0,0000;-0,0687;0,0000;-0,8900;1;0,0000;0,0000;0;1;1;6;0;0
14,7500;226,0090;10,0000;-0,8816;-0,0551;0,0000;0,0000;0,0000;0,0000;0,0000;-0,0689;-0,0300;-0,9100;1;0,0000;0,0000;0;1;1;6;0;0
14,7639;225,7656;10,0000;-0,8305;-0,0553;0,0000;0,0000;0,0000;0,0000;0,0000;-0,0692;-0,0500;-0,8800;1;0,0000;0,0000;0;1;1;6;0;0
14,7778;225,7270;10,0000;-0,7947;-0,0555;0,0000;0,0000;0,0000;0,0000;0,0000;-0,0694;-0,0700;-0,8700;1;0,0000;0,0000;0;1;1;6;0;0
14,7917;225,6884;10,0000;-0,7589;-0,0557;0,0000;0,0000;0,0000;0,0000;0,0000;-0,0697;-0,0900;-0,8500;1;0,0000;0,0000;0;1;1;6;0;0
14,8056;225,6499;10,0000;-0,7349;-0,0559;0,0000;0,0000;0,0000;0,0000;0,0000;-0,0699;-0,1100;-0,8400;1;0,0000;0,0000;0;1;1;6;0;0
14,8195;225,6113;10,0000;-0,7006;-0,0562;0,0000;0,0000;0,0000;0,0000;0,0000;-0,0702;-0,1300;-0,8300;1;0,0000;0,0000;0;1;1;6;0;0
14,8334;225,5727;10,0000;-0,6612;-0,0564;0,0000;0,0000;0,0000;0,0000;0,0000;-0,0704;-0,1400;-0,8000;1;0,0000;0,0000;0;1;1;6;0;0
14,8473;225,5501;10,0000;-0,6232;-0,0565;0,0000;0,0000;0,0000;0,0000;0,0000;-0,0707;-0,1600;-0,7800;1;0,0000;0,0000;0;1;1;6;0;0
14,8611;225,5501;10,0000;-0,5733;-0,0567;0,0000;0,0000;0,0000;0,0000;0,0000;-0,0709;-0,1700;-0,7500;1;0,0000;0,0000;0;1;1;6;0;0
14,8750;225,5501;10,0000;-0,5361;-0,0569;0,0000;0,0000;0,0000;0,0000;0,0000;-0,0711;-0,1900;-0,7200;1;0,0000;0,0000;0;1;1;6;0;0
14,8889;225,5501;10,0000;-0,4983;-0,0571;0,0000;0,0000;0,0000;0,0000;0,0000;-0,0714;-0,2000;-0,7000;1;0,0000;0,0000;0;1;1;6;0;0
14,9028;225,5501;10,0000;-0,4907;-0,0573;0,0000;0,0000;0,0000;0,0000;0,0000;-0,0716;-0,2100;-0,7000;1;0,0000;0,0000;0;1;1;6;0;0
14,9167;225,5501;10,0000;-0,4255;-0,0575;0,0000;0,0000;0,0000;0,0000;0,0000;-0,0719;-0,2200;-0,6500;1;0,0000;0,0000;0;1;1;6;0;0
14,9306;225,3027;10,0000;-0,4002;-0,0577;0,0000;0,0000;0,0000;0,0000;0,0000;-0,0721;-0,2300;-0,6300;1;0,0000;0,0000;0;1;1;6;0;0
14,9445;225,2641;10,0000;-0,3900;-0,0579;0,0000;0,0000;0,0000;0,0000;0,0000;-0,0723;-0,2400;-0,6300;1;0,0000;0,0000;0;1;1;6;0;0
14,9584;225,2255;10,0000;-0,3855;-0,0580;0,0000;0,0000;0,0000;0,0000;0,0000;-0,0726;-0,2500;-0,6300;1;0,0000;0,0000;0;1;1;6;0;0
14,9723;225,1869;10,0000;-0,3902;-0,0582;0,0000;0,0000;0,0000;0,0000;0,0000;-0,0728;-0,2600;-0,6500;1;0,0000;0,0000;0;1;1;6;0;0
14,9861;225,1483;10,1000;-0,3978;-0,0585;0,0000;0,0000;0,0000;0,0000;0,0000;-0,0731;-0,2700;-0,6700;1;0,0000;0,0000;0;1;1;6;0;0
15,0000;225,1094;10,1000;-0,4135;-0,0587;0,0000;0,0000;0,0000;0,0000;0,0000;-0,0733;-0,2800;-0,6900;1;0,0000;0,0000;0;1;1;6;0;0
15,0139;225,0962;10,1000;-0,4520;-0,0589;0,0000;0,0000;0,0000;0,0000;0,0000;-0,0736;-0,2900;-0,7400;1;0,0000;0,0000;0;1;1;6;0;0
15,0278;225,0962;10,1000;-0,5134;-0,0591;0,0000;0,0000;0,0000;0,0000;0,0000;-0,0739;-0,3000;-0,8100;1;0,0000;0,0000;0;1;1;6;0;0
15,0417;225,0962;10,1000;-0,5974;-0,0594;0,0000;0,0000;0,0000;0,0000;0,0000;-0,0743;-0,3200;-0,9100;1;0,0000;0,0000;0;1;1;6;0;0
15,0556;225,0962;10,1000;-0,6142;-0,0597;0,0000;0,0000;0,0000;0,0000;0,0000;-0,0746;-0,3300;-0,9500;1;0,0000;0,0000;0;1;1;6;0;0
15,0695;225,0962;10,1000;-0,7647;-0,0601;0,0000;0,0000;0,0000;0,0000;0,0000;-0,0751;-0,3500;-1,1200;1;0,0000;0,0000;0;1;1;4;0;0
15,0834;225,0962;10,1000;-0,8579;-0,0604;0,0000;0,0000;0,0000;0,0000;0,0000;-0,0755;-0,3700;-1,2300;1;0,0000;0,0000;0;1;1;4;0;0
15,0973;224,8366;10,1000;-0,9585;-0,0608;0,0000;0,0000;0,0000;0,0000;0,0000;-0,0760;-0,4000;-1,3600;1;0,0000;0,0000;0;1;1;4;0;0
15,1111;224,7977;10,1000;-1,0397;-0,0612;0,0000;0,0000;0,0000;0,0000;0,0000;-0,0765;-0,4200;-1,4600;1;0,0000;0,0000;0;1;1;4;0;0
15,1250;224,7587;10,1000;-1,1137;-0,0617;0,0000;0,0000;0,0000;0,0000;0,0000;-0,0771;-0,4500;-1,5700;1;0,0000;0,0000;0;1;1;4;0;0
15,1389;224,7197;10,1000;-1,1670;-0,0622;0,0000;0,0000;0,0000;0,0000;0,0000;-0,0777;-0,4800;-1,6500;1;0,0000;0,0000;0;1;1;4;0;0
15,1528;224,6808;10,1000;-1,2154;-0,0627;0,0000;0,0000;0,0000;0,0000;0,0000;-0,0784;-0,5200;-1,7300;1;0,0000;0,0000;0;1;1;4;0;0
15,1667;224,6418;10,1000;-1,2251;-0,0632;0,0000;0,0000;0,0000;0,0000;0,0000;-0,0791;-0,5500;-1,7700;1;0,0000;0,0000;0;1;1;4;0;0
15,1806;224,6390;10,1000;-1,2743;-0,0638;0,0000;0,0000;0,0000;0,0000;0,0000;-0,0798;-0,5800;-1,8500;1;0,0000;0,0000;0;1;1;4;0;0
15,1945;224,6390;10,1000;-1,2899;-0,0644;0,0000;0,0000;0,0000;0,0000;0,0000;-0,0805;-0,6100;-1,9000;1;0,0000;0,0000;0;1;1;4;0;0
15,2084;224,6390;10,1000;-1,2930;-0,0650;0,0000;0,0000;0,0000;0,0000;0,0000;-0,0813;-0,6500;-1,9400;1;0,0000;0,0000;0;1;1;4;0;0
15,2223;224,6390;10,1000;-1,2931;-0,0656;0,0000;0,0000;0,0000;0,0000;0,0000;-0,0820;-0,6800;-1,9700;1;0,0000;0,0000;0;1;1;4;0;0
15,2361;224,6390;10,1000;-1,2829;-0,0663;0,0000;0,0000;0,0000;0,0000;0,0000;-0,0828;-0,7100;-2,0000;1;0,0000;0,0000;0;1;1;4;0;0
15,2500;224,4081;10,1000;-1,2544;-0,0669;0,0000;0,0000;0,0000;0,0000;0,0000;-0,0836;-0,7400;-2,0000;1;0,0000;0,0000;0;1;1;4;0;0
15,2639;224,3691;10,1000;-1,2227;-0,0675;0,0000;0,0000;0,0000;0,0000;0,0000;-0,0844;-0,7800;-2,0000;1;0,0000;0,0000;0;1;1;4;0;0
15,2778;224,3301;10,1000;-1,1884;-0,0682;0,0000;0,0000;0,0000;0,0000;0,0000;-0,0853;-0,8100;-1,9900;1;0,0000;0,0000;0;1;1;4;0;0
15,2917;224,2912;10,1000;-1,1425;-0,0689;0,0000;0,0000;0,0000;0,0000;0,0000;-0,0861;-0,8400;-1,9800;1;0,0000;0,0000;0;1;1;4;0;0
15,3056;224,2522;10,1000;-1,0846;-0,0695;0,0000;0,0000;0,0000;0,0000;0,0000;-0,0869;-0,8600;-1,9500;1;0,0000;0,0000;0;1;1;4;0;0
15,3195;224,2133;10,1000;-1,0392;-0,0702;0,0000;0,0000;0,0000;0,0000;0,0000;-0,0878;-0,8900;-1,9300;1;0,0000;0,0000;0;1;1;4;0;0
15,3334;224,1839;10,1000;-0,9802;-0,0709;0,0000;0,0000;0,0000;0,0000;0,0000;-0,0886;-0,9100;-1,8900;1;0,0000;0,0000;0;1;1;4;0;0
15,3473;224,1839;10,1000;-0,9301;-0,0716;0,0000;0,0000;0,0000;0,0000;0,0000;-0,0895;-0,9400;-1,8700;1;0,0000;0,0000;0;1;1;4;0;0
15,3611;224,1839;10,1000;-0,9202;-0,0723;0,0000;0,0000;0,0000;0,0000;0,0000;-0,0904;-0,9600;-1,8800;1;0,0000;0,0000;0;1;1;4;0;0
15,3750;224,1839;10,1000;-0,8100;-0,0730;0,0000;0,0000;0,0000;0,0000;0,0000;-0,0912;-0,9800;-1,7900;1;0,0000;0,0000;0;1;1;4;0;0
15,3889;224,1839;10,1000;-0,7208;-0,0736;0,0000;0,0000;0,0000;0,0000;0,0000;-0,0921;-1,0000;-1,7200;1;0,0000;0,0000;0;1;1;4;0;0
15,4028;224,1839;10,1000;-0,6573;-0,0743;0,0000;0,0000;0,0000;0,0000;0,0000;-0,0929;-1,0200;-1,6700;1;0,0000;0,0000;0;1;1;4;0;0
15,4167;223,9406;10,1000;-0,5900;-0,0750;0,0000;0,0000;0,0000;0,0000;0,0000;-0,0937;-1,0300;-1,6200;1;0,0000;0,0000;0;1;1;4;0;0
15,4306;223,9016;10,1000;-0,5337;-0,0756;0,0000;0,0000;0,0000;0,0000;0,0000;-0,0945;-1,0500;-1,5800;1;0,0000;0,0000;0;1;1;4;0;0
15,4445;223,8626;10,1000;-0,4838;-0,0763;0,0000;0,0000;0,0000;0,0000;0,0000;-0,0954;-1,0600;-1,5400;1;0,0000;0,0000;0;1;1;4;0;0
15,4584;223,8237;10,1000;-0,4354;-0,0769;0,0000;0,0000;0,0000;0,0000;0,0000;-0,0962;-1,0700;-1,5000;1;0,0000;0,0000;0;1;1;4;0;0
15,4723;223,7847;10,1000;-0,3925;-0,0776;0,0000;0,0000;0,0000;0,0000;0,0000;-0,0970;-1,0800;-1,4700;1;0,0000;0,0000;0;1;1;4;0;0
15,4861;223,7458;10,1000;-0,3604;-0,0782;0,0000;0,0000;0,0000;0,0000;0,0000;-0,0978;-1,0900;-1,4500;1;0,0000;0,0000;0;1;1;4;0;0
15,5000;223,7280;10,1000;-0,3197;-0,0789;0,0000;0,0000;0,0000;0,0000;0,0000;-0,0986;-1,0900;-1,4100;1;0,0000;0,0000;0;1;1;4;0;0
15,5139;223,7280;10,1000;-0,3116;-0,0795;0,0000;0,0000;0,0000;0,0000;0,0000;-0,0994;-1,1000;-1,4100;1;0,0000;0,0000;0;1;1;4;0;0
15,5278;223,7280;10,1000;-0,2781;-0,0802;0,0000;0,0000;0,0000;0,0000;0,0000;-0,1002;-1,1100;-1,3900;1;0,0000;0,0000;0;1;1;4;0;0
15,5417;223,7280;10,1000;-0,2477;-0,0808;0,0000;0,0000;0,0000;0,0000;0,0000;-0,1010;-1,1100;-1,3600;1;0,0000;0,0000;0;1;1;4;0;0
15,5556;223,7280;10,1000;-0,2271;-0,0815;0,0000;0,0000;0,0000;0,0000;0,0000;-0,1018;-1,1200;-1,3500;1;0,0000;0,0000;0;1;1;4;0;0
15,5695;223,7280;10,1000;-0,2040;-0,0821;0,0000;0,0000;0,0000;0,0000;0,0000;-0,1026;-1,1300;-1,3300;1;0,0000;0,0000;0;1;1;4;0;0
15,5834;223,4731;10,1000;-0,1798;-0,0827;0,0000;0,0000;0,0000;0,0000;0,0000;-0,1034;-1,1300;-1,3100;1;0,0000;0,0000;0;1;1;4;0;0
15,5973;223,4341;10,1000;-0,1542;-0,0834;0,0000;0,0000;0,0000;0,0000;0,0000;-0,1042;-1,1300;-1,2900;1;0,0000;0,0000;0;1;1;4;0;0
15,6111;223,3952;10,1000;-0,1399;-0,0840;0,0000;0,0000;0,0000;0,0000;0,0000;-0,1050;-1,1400;-1,2800;1;0,0000;0,0000;0;1;1;4;0;0
15,6250;223,3562;10,1000;-0,1315;-0,0846;0,0000;0,0000;0,0000;0,0000;0,0000;-0,1058;-1,1400;-1,2700;1;0,0000;0,0000;0;1;1;4;0;0
15,6389;223,3172;10,1000;-0,1262;-0,0853;0,0000;0,0000;0,0000;0,0000;0,0000;-0,1066;-1,1400;-1,2700;1;0,0000;0,0000;0;1;1;4;0;0
15,6528;223,2783;10,1000;-0,1205;-0,0859;0,0000;0,0000;0,0000;0,0000;0,0000;-0,1074;-1,1400;-1,2700;1;0,0000;0,0000;0;1;1;4;0;0
15,6667;223,2720;10,1000;-0,1193;-0,0865;0,0000;0,0000;0,0000;0,0000;0,0000;-0,1082;-1,1500;-1,2700;1;0,0000;0,0000;0;1;1;4;0;0
15,6806;223,2720;10,1000;-0,0949;-0,0872;0,0000;0,0000;0,0000;0,0000;0,0000;-0,1090;-1,1500;-1,2400;1;0,0000;0,0000;0;1;1;4;0;0
15,6945;223,2720;10,1000;-0,0672;-0,0878;0,0000;0,0000;0,0000;0,0000;0,0000;-0,1097;-1,1500;-1,2200;1;0,0000;0,0000;0;1;1;4;0;0
15,7084;223,2720;10,1000;-0,0220;-0,0884;0,0000;0,0000;0,0000;0,0000;0,0000;-0,1105;-1,1500;-1,1700;1;0,0000;0,0000;0;1;1;4;0;0
15,7223;223,2720;10,1000;0,0348;-0,0890;0,0000;0,0000;0,0000;0,0000;0,0000;-0,1112;-1,1500;-1,1100;1;0,0000;0,0000;0;1;1;4;0;0
15,7361;223,2720;10,1000;0,1191;-0,0896;0,0000;0,0000;0,0000;0,0000;0,0000;-0,1120;-1,1400;-1,0300;1;0,0000;0,0000;0;1;1;4;0;0
15,7500;223,0056;10,1000;0,2099;-0,0901;0,0000;0,0000;0,0000;0,0000;0,0000;-0,1127;-1,1400;-0,9300;1;0,0000;0,0000;0;1;1;4;0;0
15,7639;222,9666;10,1000;0,2969;-0,0907;0,0000;0,0000;0,0000;0,0000;0,0000;-0,1134;-1,1300;-0,8300;1;0,0000;0,0000;0;1;1;4;0;0
15,7778;222,9277;10,1000;0,3719;-0,0912;0,0000;0,0000;0,0000;0,0000;0,0000;-0,1140;-1,1200;-0,7500;1;0,0000;0,0000;0;1;1;4;0;0
15,7917;222,8887;10,1000;0,4526;-0,0917;0,0000;0,0000;0,0000;0,0000;0,0000;-0,1146;-1,1100;-0,6600;1;0,0000;0,0000;0;1;1;4;0;0
15,8056;222,8497;10,1000;0,5556;-0,0922;0,0000;0,0000;0,0000;0,0000;0,0000;-0,1152;-1,0900;-0,5400;1;0,0000;0,0000;0;1;1;4;0;0
15,8195;222,8167;10,1000;0,5762;-0,0926;0,0000;0,0000;0,0000;0,0000;0,0000;-0,1158;-1,0800;-0,5000;1;0,0000;0,0000;0;1;1;4;0;0
15,8334;222,8167;10,1000;0,7698;-0,0930;0,0000;0,0000;0,0000;0,0000;0,0000;-0,1163;-1,0600;-0,2900;1;0,0000;0,0000;0;1;1;4;0;0
15,8473;222,8167;10,1000;0,8930;-0,0934;0,0000;0,0000;0,0000;0,0000;0,0000;-0,1167;-1,0300;-0,1400;1;0,0000;0,0000;0;1;1;4;0;0
15,8611;222,8167;10,1000;0,9876;-0,0937;0,0000;0,0000;0,0000;0,0000;0,0000;-0,1172;-1,0100;0,0000;1;0,0000;0,0000;0;1;1;4;0;0
15,8750;222,8167;10,1000;1,0664;-0,0940;0,0000;0,0000;0,0000;0,0000;0,0000;-0,1175;-0,9800;0,0900;1;0,0000;0,0000;0;1;1;4;0;0
15,8889;222,8167;10,1000;1,1490;-0,0943;0,0000;0,0000;0,0000;0,0000;0,0000;-0,1179;-0,9500;0,2000;1;0,0000;0,0000;0;1;1;4;0;0
15,9028;222,5770;10,1000;1,2357;-0,0945;0,0000;0,0000;0,0000;0,0000;0,0000;-0,1182;-0,9200;0,3200;1;0,0000;0,0000;0;1;1;4;0;0
15,9167;222,5380;10,1000;1,2991;-0,0947;0,0000;0,0000;0,0000;0,0000;0,0000;-0,1184;-0,8800;0,4200;1;0,0000;0,0000;0;1;1;4;0;0
15,9306;222,4991;10,1000;1,3722;-0,0949;0,0000;0,0000;0,0000;0,0000;0,0000;-0,1186;-0,8400;0,5300;1;0,0000;0,0000;0;1;1;4;0;0
15,9445;222,4601;10,1000;1,4261;-0,0950;0,0000;0,0000;0,0000;0,0000;0,0000;-0,1188;-0,8100;0,6200;1;0,0000;0,0000;0;1;1;4;0;0
15,9584;222,4211;10,1000;1,4369;-0,0952;0,0000;0,0000;0,0000;0,0000;0,0000;-0,1190;-0,7700;0,6700;1;0,0000;0,0000;0;1;1;4;0;0
15,9723;222,3822;10,1000;1,4492;-0,0953;0,0000;0,0000;0,0000;0,0000;0,0000;-0,1191;-0,7300;0,7200;1;0,0000;0,0000;0;1;1;4;0;0
15,9861;222,3605;10,1000;1,4798;-0,0953;0,0000;0,0000;0,0000;0,0000;0,0000;-0,1192;-0,6900;0,7900;1;0,0000;0,0000;0;1;1;4;0;0
16,0000;222,3605;10,2000;1,4857;-0,0954;0,0000;0,0000;0,0000;0,0000;0,0000;-0,1192;-0,6500;0,8300;1;0,0000;0,0000;0;1;1;4;0;0
16,0139;222,3605;10,2000;1,4913;-0,0954;0,0000;0,0000;0,0000;0,0000;0,0000;-0,1193;-0,6100;0,8800;1;0,0000;0,0000;0;1;1;4;0;0
16,0278;222,3605;10,2000;1,4923;-0,0954;0,0000;0,0000;0,0000;0,0000;0,0000;-0,1193;-0,5700;0,9200;1;0,0000;0,0000;0;1;1;4;0;0
16,0417;222,3605;10,2000;1,4786;-0,0954;0,0000;0,0000;0,0000;0,0000;0,0000;-0,1193;-0,5400;0,9400;1;0,0000;0,0000;0;1;1;4;0;0
16,0556;222,3605;10,2000;1,4496;-0,0954;0,0000;0,0000;0,0000;0,0000;0,0000;-0,1192;-0,5000;0,9500;1;0,0000;0,0000;0;1;1;4;0;0
16,0695;222,1075;10,2000;1,4056;-0,0954;0,0000;0,0000;0,0000;0,0000;0,0000;-0,1192;-0,4600;0,9500;1;0,0000;0,0000;0;1;1;3;0;0
16,0834;222,0681;10,2000;1,3451;-0,0953;0,0000;0,0000;0,0000;0,0000;0,0000;-0,1191;-0,4200;0,9200;1;0,0000;0,0000;0;1;1;3;0;0
16,0973;222,0287;10,2000;1,2256;-0,0953;0,0000;0,0000;0,0000;0,0000;0,0000;-0,1191;-0,3900;0,8300;1;0,0000;0,0000;0;1;1;3;0;0
16,1111;221,9894;10,2000;1,2017;-0,0952;0,0000;0,0000;0,0000;0,0000;0,0000;-0,1190;-0,3600;0,8400;1;0,0000;0,0000;0;1;1;3;0;0
16,1250;221,9500;10,2000;1,1367;-0,0951;0,0000;0,0000;0,0000;0,0000;0,0000;-0,1189;-0,3300;0,8100;1;0,0000;0,0000;0;1;1;3;0;0
16,1389;221,9107;10,2000;1,0689;-0,0951;0,0000;0,0000;0,0000;0,0000;0,0000;-0,1188;-0,3000;0,7700;1;0,0000;0,0000;0;1;1;3;0;0
16,1528;221,9049;10,2000;0,9743;-0,0950;0,0000;0,0000;0,0000;0,0000;0,0000;-0,1187;-0,2700;0,7000;1;0,0000;0,0000;0;1;1;3;0;0
16,1667;221,9049;10,2000;0,9088;-0,0949;0,0000;0,0000;0,0000;0,0000;0,0000;-0,1187;-0,2500;0,6600;1;0,0000;0,0000;0;1;1;3;0;0
16,1806;221,9049;10,2000;0,8693;-0,0949;0,0000;0,0000;0,0000;0,0000;0,0000;-0,1186;-0,2300;0,6400;1;0,0000;0,0000;0;1;1;3;0;0
16,1945;221,9049;10,2000;0,8369;-0,0948;0,0000;0,0000;0,0000;0,0000;0,0000;-0,1185;-0,2000;0,6300;1;0,0000;0,0000;0;1;1;3;0;0
16,2084;221,9049;10,2000;0,8142;-0,0947;0,0000;0,0000;0,0000;0,0000;0,0000;-0,1184;-0,1800;0,6300;1;0,0000;0,0000;0;1;1;3;0;0
16,2223;221,6746;10,2000;0,7897;-0,0946;0,0000;0,0000;0,0000;0,0000;0,0000;-0,1183;-0,1600;0,6300;1;0,0000;0,0000;0;1;1;3;0;0
16,2361;221,6352;10,1000;0,7464;-0,0945;0,0000;0,0000;0,0000;0,0000;0,0000;-0,1182;-0,1400;0,6100;1;0,0000;0,0000;0;1;1;3;0;0
16,2500;221,5962;10,1000;0,7063;-0,0944;0,0000;0,0000;0,0000;0,0000;0,0000;-0,1181;-0,1200;0,5800;1;0,0000;0,0000;0;1;1;3;0;0
16,2639;221,5573;10,1000;0,6725;-0,0944;0,0000;0,0000;0,0000;0,0000;0,0000;-0,1180;-0,1000;0,5700;1;0,0000;0,0000;0;1;1;3;0;0
16,2778;221,5183;10,1000;0,6466;-0,0943;0,0000;0,0000;0,0000;0,0000;0,0000;-0,1179;-0,0900;0,5600;1;0,0000;0,0000;0;1;1;3;0;0
16,2917;221,4793;10,1000;0,6258;-0,0942;0,0000;0,0000;0,0000;0,0000;0,0000;-0,1177;-0,0700;0,5600;1;0,0000;0,0000;0;1;1;3;0;0
16,3056;221,4496;10,1000;0,6100;-0,0941;0,0000;0,0000;0,0000;0,0000;0,0000;-0,1176;-0,0500;0,5600;1;0,0000;0,0000;0;1;1;3;0;0
16,3195;221,4496;10,1000;0,5981;-0,0940;0,0000;0,0000;0,0000;0,0000;0,0000;-0,1175;-0,0400;0,5600;1;0,0000;0,0000;0;1;1;3;0;0
16,3334;221,4496;10,1000;0,5843;-0,0939;0,0000;0,0000;0,0000;0,0000;0,0000;-0,1173;-0,0200;0,5600;1;0,0000;0,0000;0;1;1;3;0;0
16,3473;221,4496;10,1000;0,5731;-0,0937;0,0000;0,0000;0,0000;0,0000;0,0000;-0,1172;0,0000;0,5700;1;0,0000;0,0000;0;1;1;3;0;0
16,3611;221,4496;10,1000;0,5624;-0,0936;0,0000;0,0000;0,0000;0,0000;0,0000;-0,1170;0,0000;0,5700;1;0,0000;0,0000;0;1;1;3;0;0
16,3750;221,4496;10,1000;0,5562;-0,0935;0,0000;0,0000;0,0000;0,0000;0,0000;-0,1168;0,0200;0,5800;1;0,0000;0,0000;0;1;1;3;0;0
16,3889;221,2066;10,1000;0,5654;-0,0933;0,0000;0,0000;0,0000;0,0000;0,0000;-0,1167;0,0300;0,6000;1;0,0000;0,0000;0;1;1;3;0;0
16,4028;221,1676;10,1000;0,5873;-0,0932;0,0000;0,0000;0,0000;0,0000;0,0000;-0,1165;0,0500;0,6400;1;0,0000;0,0000;0;1;1;3;0;0
16,4167;221,1287;10,1000;0,6381;-0,0930;0,0000;0,0000;0,0000;0,0000;0,0000;-0,1163;0,0700;0,7100;1;0,0000;0,0000;0;1;1;3;0;0
16,4306;221,0897;10,1000;0,7514;-0,0928;0,0000;0,0000;0,0000;0,0000;0,0000;-0,1160;0,0900;0,8400;1;0,0000;0,0000;0;1;1;3;0;0
16,4445;221,0507;10,1000;0,8812;-0,0925;0,0000;0,0000;0,0000;0,0000;0,0000;-0,1157;0,1100;0,9900;1;0,0000;0,0000;0;1;1;3;0;0
16,4584;221,0118;10,1000;1,0185;-0,0922;0,0000;0,0000;0,0000;0,0000;0,0000;-0,1153;0,1400;1,1600;1;0,0000;0,0000;0;1;1;3;0;0
16,4723;220,9925;10,1000;1,1381;-0,0919;0,0000;0,0000;0,0000;0,0000;0,0000;-0,1149;0,1700;1,3100;1;0,0000;0,0000;0;1;1;3;0;0
16,4861;220,9925;10,1000;1,2574;-0,0915;0,0000;0,0000;0,0000;0,0000;0,0000;-0,1144;0,2000;1,4600;1;0,0000;0,0000;0;1;1;3;0;0
16,5000;220,9925;10,1000;1,3459;-0,0911;0,0000;0,0000;0,0000;0,0000;0,0000;-0,1139;0,2400;1,5900;1;0,0000;0,0000;0;1;1;3;0;0
16,5139;220,9925;10,1000;1,3971;-0,0907;0,0000;0,0000;0,0000;0,0000;0,0000;-0,1133;0,2800;1,6700;1;0,0000;0,0000;0;1;1;3;0;0
16,5278;220,9925;10,1000;1,4154;-0,0902;0,0000;0,0000;0,0000;0,0000;0,0000;-0,1127;0,3100;1,7300;1;0,0000;0,0000;0;1;1;3;0;0
16,5417;220,9925;10,1000;1,4139;-0,0897;0,0000;0,0000;0,0000;0,0000;0,0000;-0,1121;0,3500;1,7700;1;0,0000;0,0000;0;1;1;3;0;0
16,5556;220,7390;10,1000;1,4137;-0,0892;0,0000;0,0000;0,0000;0,0000;0,0000;-0,1115;0,3900;1,8000;1;0,0000;0,0000;0;1;1;3;0;0
16,5695;220,7001;10,1000;1,4118;-0,0887;0,0000;0,0000;0,0000;0,0000;0,0000;-0,1108;0,4300;1,8400;1;0,0000;0,0000;0;1;1;3;0;0
16,5834;220,6611;10,1000;1,3784;-0,0881;0,0000;0,0000;0,0000;0,0000;0,0000;-0,1101;0,4600;1,8400;1;0,0000;0,0000;0;1;1;3;0;0
16,5973;220,6221;10,1000;1,3082;-0,0876;0,0000;0,0000;0,0000;0,0000;0,0000;-0,1095;0,5000;1,8100;1;0,0000;0,0000;0;1;1;3;0;0
16,6111;220,5832;10,1000;1,2028;-0,0870;0,0000;0,0000;0,0000;0,0000;0,0000;-0,1088;0,5300;1,7300;1;0,0000;0,0000;0;1;1;3;0;0
16,6250;220,5442;10,1000;1,0801;-0,0865;0,0000;0,0000;0,0000;0,0000;0,0000;-0,1081;0,5600;1,6400;1;0,0000;0,0000;0;1;1;3;0;0
16,6389;220,5401;10,1000;0,9687;-0,0860;0,0000;0,0000;0,0000;0,0000;0,0000;-0,1075;0,5800;1,5500;1;0,0000;0,0000;0;1;1;3;0;0
16,6528;220,5401;10,1000;0,8533;-0,0855;0,0000;0,0000;0,0000;0,0000;0,0000;-0,1069;0,6000;1,4600;1;0,0000;0,0000;0;1;1;3;0;0
16,6667;220,5401;10,1000;0,7419;-0,0850;0,0000;0,0000;0,0000;0,0000;0,0000;-0,1063;0,6200;1,3600;1;0,0000;0,0000;0;1;1;3;0;0
16,6806;220,5401;10,1000;0,6258;-0,0845;0,0000;0,0000;0,0000;0,0000;0,0000;-0,1057;0,6400;1,2600;1;0,0000;0,0000;0;1;1;3;0;0
16,6945;220,5401;10,1000;0,4917;-0,0841;0,0000;0,0000;0,0000;0,0000;0,0000;-0,1051;0,6500;1,1400;1;0,0000;0,0000;0;1;1;3;0;0
16,7084;220,5401;10,1000;0,3950;-0,0836;0,0000;0,0000;0,0000;0,0000;0,0000;-0,1045;0,6600;1,0500;1;0,0000;0,0000;0;1;1;3;0;0
16,7223;220,2715;10,1000;0,3034;-0,0832;0,0000;0,0000;0,0000;0,0000;0,0000;-0,1040;0,6700;0,9700;1;0,0000;0,0000;0;1;1;3;0;0
16,7361;220,2325;10,5000;0,2078;-0,0828;0,0000;0,0000;0,0000;0,0000;0,0000;-0,1035;0,6700;0,8800;1;0,0000;0,0000;0;1;1;3;0;0
16,7500;220,1920;10,5000;0,1632;-0,0824;0,0000;0,0000;0,0000;0,0000;0,0000;-0,1029;0,6800;0,8400;1;0,0000;0,0000;0;1;1;3;0;0
16,7639;220,1515;10,5000;0,1484;-0,0819;0,0000;0,0000;0,0000;0,0000;0,0000;-0,1024;0,6800;0,8300;1;0,0000;0,0000;0;1;1;3;0;0
16,7778;220,1110;10,5000;0,1533;-0,0815;0,0000;0,0000;0,0000;0,0000;0,0000;-0,1019;0,6800;0,8400;1;0,0000;0,0000;0;1;1;3;0;0
16,7917;220,0802;10,5000;0,1555;-0,0811;0,0000;0,0000;0,0000;0,0000;0,0000;-0,1014;0,6900;0,8400;1;0,0000;0,0000;0;1;1;3;0;0
16,8056;220,0802;10,5000;0,1630;-0,0807;0,0000;0,0000;0,0000;0,0000;0,0000;-0,1008;0,6900;0,8500;1;0,0000;0,0000;0;1;1;3;0;0
16,8195;220,0802;10,5000;0,1785;-0,0802;0,0000;0,0000;0,0000;0,0000;0,0000;-0,1003;0,7000;0,8700;1;0,0000;0,0000;0;1;1;3;0;0
16,8334;220,0802;10,5000;0,1958;-0,0798;0,0000;0,0000;0,0000;0,0000;0,0000;-0,0997;0,7000;0,9000;1;0,0000;0,0000;0;1;1;3;0;0
16,8473;220,0802;10,5000;0,2158;-0,0793;0,0000;0,0000;0,0000;0,0000;0,0000;-0,0992;0,7100;0,9200;1;0,0000;0,0000;0;1;1;3;0;0
16,8611;220,0802;10,5000;0,2338;-0,0789;0,0000;0,0000;0,0000;0,0000;0,0000;-0,0986;0,7100;0,9500;1;0,0000;0,0000;0;1;1;3;0;0
16,8750;219,8275;10,5000;0,2293;-0,0784;0,0000;0,0000;0,0000;0,0000;0,0000;-0,0980;0,7200;0,9500;1;0,0000;0,0000;0;1;1;3;0;0
16,8889;219,7870;10,5000;0,2177;-0,0779;0,0000;0,0000;0,0000;0,0000;0,0000;-0,0974;0,7200;0,9400;1;0,0000;0,0000;0;1;1;3;0;0
16,9028;219,7465;10,5000;0,1679;-0,0775;0,0000;0,0000;0,0000;0,0000;0,0000;-0,0969;0,7300;0,8900;1;0,0000;0,0000;0;1;1;3;0;0
16,9167;219,7059;10,5000;0,1133;-0,0770;0,0000;0,0000;0,0000;0,0000;0,0000;-0,0963;0,7300;0,8400;1;0,0000;0,0000;0;1;1;3;0;0
16,9306;219,6655;10,5000;0,0738;-0,0766;0,0000;0,0000;0,0000;0,0000;0,0000;-0,0958;0,7300;0,8000;1;0,0000;0,0000;0;1;1;3;0;0
16,9445;219,6283;10,5000;0,0232;-0,0762;0,0000;0,0000;0,0000;0,0000;0,0000;-0,0952;0,7300;0,7500;1;0,0000;0,0000;0;1;1;3;0;0
16,9584;219,6283;10,5000;-0,0241;-0,0758;0,0000;0,0000;0,0000;0,0000;0,0000;-0,0947;0,7300;0,7000;1;0,0000;0,0000;0;1;1;3;0;0
16,9723;219,6283;10,5000;-0,1242;-0,0754;0,0000;0,0000;0,0000;0,0000;0,0000;-0,0942;0,7200;0,6000;1;0,0000;0,0000;0;1;1;3;0;0
16,9861;219,6283;10,5000;-0,2139;-0,0750;0,0000;0,0000;0,0000;0,0000;0,0000;-0,0938;0,7200;0,5100;1;0,0000;0,0000;0;1;1;3;0;0
17,0000;219,6283;10,5000;-0,3225;-0,0747;0,0000;0,0000;0,0000;0,0000;0,0000;-0,0934;0,7100;0,3900;1;0,0000;0,0000;0;1;1;3;0;0
17,0139;219,6283;10,5000;-0,4529;-0,0744;0,0000;0,0000;0,0000;0,0000;0,0000;-0,0930;0,7000;0,2500;1;0,0000;0,0000;0;1;1;3;0;0
17,0278;219,3819;10,5000;-0,6039;-0,0741;0,0000;0,0000;0,0000;0,0000;0,0000;-0,0927;0,6800;0,0800;1;0,0000;0,0000;0;1;1;3;0;0
17,0417;219,3414;10,5000;-0,7577;-0,0739;0,0000;0,0000;0,0000;0,0000;0,0000;-0,0924;0,6600;-0,0900;1;0,0000;0,0000;0;1;1;3;0;0
17,0556;219,3009;10,5000;-0,9070;-0,0737;0,0000;0,0000;0,0000;0,0000;0,0000;-0,0922;0,6400;-0,2700;1;0,0000;0,0000;0;1;1;3;0;0
17,0695;219,2604;10,5000;-1,1058;-0,0736;0,0000;0,0000;0,0000;0,0000;0,0000;-0,0920;0,6100;-0,5000;1;0,0000;0,0000;0;1;1;3;0;0
17,0834;219,2199;10,5000;-1,2440;-0,0736;0,0000;0,0000;0,0000;0,0000;0,0000;-0,0920;0,5800;-0,6700;1;0,0000;0,0000;0;1;1;9;0;0
17,0973;219,1794;10,5000;-1,3667;-0,0735;0,0000;0,0000;0,0000;0,0000;0,0000;-0,0919;0,5400;-0,8300;1;0,0000;0,0000;0;1;1;9;0;0
17,1111;219,1703;10,5000;-1,4704;-0,0736;0,0000;0,0000;0,0000;0,0000;0,0000;-0,0920;0,5000;-0,9700;1;0,0000;0,0000;0;1;1;9;0;0
17,1250;219,1703;10,5000;-1,5257;-0,0736;0,0000;0,0000;0,0000;0,0000;0,0000;-0,0920;0,4600;-1,0700;1;0,0000;0,0000;0;1;1;9;0;0
17,1389;219,1703;10,5000;-1,5384;-0,0737;0,0000;0,0000;0,0000;0,0000;0,0000;-0,0922;0,4200;-1,1200;1;0,0000;0,0000;0;1;1;9;0;0
17,1528;219,1703;10,5000;-1,5563;-0,0738;0,0000;0,0000;0,0000;0,0000;0,0000;-0,0923;0,3800;-1,1800;1;0,0000;0,0000;0;1;1;9;0;0
17,1667;219,1703;10,5000;-1,5713;-0,0740;0,0000;0,0000;0,0000;0,0000;0,0000;-0,0925;0,3400;-1,2400;1;0,0000;0,0000;0;1;1;9;0;0
17,1806;218,9363;10,5000;-1,5997;-0,0741;0,0000;0,0000;0,0000;0,0000;0,0000;-0,0927;0,2900;-1,3100;1;0,0000;0,0000;0;1;1;9;0;0
17,1945;218,8958;10,5000;-1,6181;-0,0743;0,0000;0,0000;0,0000;0,0000;0,0000;-0,0929;0,2500;-1,3700;1;0,0000;0,0000;0;1;1;9;0;0
17,2084;218,8553;10,5000;-1,6247;-0,0746;0,0000;0,0000;0,0000;0,0000;0,0000;-0,0932;0,2000;-1,4200;1;0,0000;0,0000;0;1;1;9;0;0
17,2223;218,8148;10,5000;-1,6170;-0,0748;0,0000;0,0000;0,0000;0,0000;0,0000;-0,0935;0,1600;-1,4600;1;0,0000;0,0000;0;1;1;9;0;0
17,2361;218,7742;10,2000;-1,5692;-0,0751;0,0000;0,0000;0,0000;0,0000;0,0000;-0,0938;0,1200;-1,4500;1;0,0000;0,0000;0;1;1;9;0;0
17,2500;218,7349;10,2000;-1,5021;-0,0753;0,0000;0,0000;0,0000;0,0000;0,0000;-0,0942;0,0800;-1,4200;1;0,0000;0,0000;0;1;1;9;0;0
17,2639;218,7127;10,2000;-1,3851;-0,0756;0,0000;0,0000;0,0000;0,0000;0,0000;-0,0945;0,0400;-1,3400;1;0,0000;0,0000;0;1;1;9;0;0
17,2778;218,7127;10,2000;-1,2991;-0,0758;0,0000;0,0000;0,0000;0,0000;0,0000;-0,0948;0,0000;-1,2900;1;0,0000;0,0000;0;1;1;9;0;0
17,2917;218,7127;10,2000;-1,2020;-0,0761;0,0000;0,0000;0,0000;0,0000;0,0000;-0,0951;0,0000;-1,2200;1;0,0000;0,0000;0;1;1;9;0;0
17,3056;218,7127;10,2000;-1,1069;-0,0764;0,0000;0,0000;0,0000;0,0000;0,0000;-0,0954;-0,0400;-1,1500;1;0,0000;0,0000;0;1;1;9;0;0
17,3195;218,7127;10,2000;-0,9783;-0,0766;0,0000;0,0000;0,0000;0,0000;0,0000;-0,0958;-0,0700;-1,0500;1;0,0000;0,0000;0;1;1;9;0;0
17,3334;218,7127;10,2000;-0,8767;-0,0768;0,0000;0,0000;0,0000;0,0000;0,0000;-0,0961;-0,0900;-0,9700;1;0,0000;0,0000;0;1;1;9;0;0
17,3473;218,4594;10,2000;-0,7934;-0,0771;0,0000;0,0000;0,0000;0,0000;0,0000;-0,0963;-0,1200;-0,9100;1;0,0000;0,0000;0;1;1;9;0;0
17,3611;218,4201;10,2000;-0,7186;-0,0773;0,0000;0,0000;0,0000;0,0000;0,0000;-0,0966;-0,1300;-0,8500;1;0,0000;0,0000;0;1;1;9;0;0
17,3750;218,3807;10,2000;-0,6657;-0,0775;0,0000;0,0000;0,0000;0,0000;0,0000;-0,0969;-0,1500;-0,8200;1;0,0000;0,0000;0;1;1;9;0;0
17,3889;218,3414;10,2000;-0,6297;-0,0777;0,0000;0,0000;0,0000;0,0000;0,0000;-0,0972;-0,1700;-0,8000;1;0,0000;0,0000;0;1;1;9;0;0
17,4028;218,3020;10,2000;-0,5929;-0,0780;0,0000;0,0000;0,0000;0,0000;0,0000;-0,0974;-0,1800;-0,7800;1;0,0000;0,0000;0;1;1;9;0;0
17,4167;218,2627;10,2000;-0,5581;-0,0782;0,0000;0,0000;0,0000;0,0000;0,0000;-0,0977;-0,2000;-0,7500;1;0,0000;0,0000;0;1;1;9;0;0
17,4306;218,2601;10,2000;-0,5230;-0,0784;0,0000;0,0000;0,0000;0,0000;0,0000;-0,0980;-0,2100;-0,7300;1;0,0000;0,0000;0;1;1;9;0;0
17,4445;218,2601;10,2000;-0,4685;-0,0786;0,0000;0,0000;0,0000;0,0000;0,0000;-0,0983;-0,2200;-0,6900;1;0,0000;0,0000;0;1;1;9;0;0
17,4584;218,2601;10,2000;-0,4071;-0,0789;0,0000;0,0000;0,0000;0,0000;0,0000;-0,0986;-0,2300;-0,6400;1;0,0000;0,0000;0;1;1;9;0;0
17,4723;218,2601;10,2000;-0,3563;-0,0791;0,0000;0,0000;0,0000;0,0000;0,0000;-0,0988;-0,2400;-0,6000;1;0,0000;0,0000;0;1;1;9;0;0
17,4861;218,2601;10,2000;-0,3177;-0,0793;0,0000;0,0000;0,0000;0,0000;0,0000;-0,0991;-0,2500;-0,5700;1;0,0000;0,0000;0;1;1;9;0;0
17,5000;218,0266;10,2000;-0,2911;-0,0795;0,0000;0,0000;0,0000;0,0000;0,0000;-0,0994;-0,2500;-0,5500;1;0,0000;0,0000;0;1;1;9;0;0
17,5139;217,9872;10,2000;-0,2723;-0,0797;0,0000;0,0000;0,0000;0,0000;0,0000;-0,0996;-0,2600;-0,5300;1;0,0000;0,0000;0;1;1;9;0;0
17,5278;217,9478;10,2000;-0,2527;-0,0799;0,0000;0,0000;0,0000;0,0000;0,0000;-0,0999;-0,2700;-0,5200;1;0,0000;0,0000;0;1;1;9;0;0
17,5417;217,9085;10,4000;-0,2370;-0,0801;0,0000;0,0000;0,0000;0,0000;0,0000;-0,1001;-0,2700;-0,5100;1;0,0000;0,0000;0;1;1;9;0;0
17,5556;217,8684;10,4000;-0,2273;-0,0803;0,0000;0,0000;0,0000;0,0000;0,0000;-0,1004;-0,2800;-0,5100;1;0,0000;0,0000;0;1;1;9;0;0
17,5695;217,8283;10,4000;-0,2153;-0,0805;0,0000;0,0000;0,0000;0,0000;0,0000;-0,1007;-0,2800;-0,5000;1;0,0000;0,0000;0;1;1;9;0;0
17,5834;217,8064;10,4000;-0,1991;-0,0808;0,0000;0,0000;0,0000;0,0000;0,0000;-0,1009;-0,2900;-0,4900;1;0,0000;0,0000;0;1;1;9;0;0
17,5973;217,8064;10,4000;-0,1758;-0,0809;0,0000;0,0000;0,0000;0,0000;0,0000;-0,1012;-0,2900;-0,4700;1;0,0000;0,0000;0;1;1;9;0;0
17,6111;217,8064;10,4000;-0,1521;-0,0811;0,0000;0,0000;0,0000;0,0000;0,0000;-0,1014;-0,3000;-0,4500;1;0,0000;0,0000;0;1;1;9;0;0
17,6250;217,8064;10,4000;-0,1238;-0,0813;0,0000;0,0000;0,0000;0,0000;0,0000;-0,1016;-0,3000;-0,4200;1;0,0000;0,0000;0;1;1;9;0;0
17,6389;217,8064;10,4000;-0,1009;-0,0815;0,0000;0,0000;0,0000;0,0000;0,0000;-0,1018;-0,3000;-0,4000;1;0,0000;0,0000;0;1;1;9;0;0
17,6528;217,8064;10,4000;-0,0754;-0,0816;0,0000;0,0000;0,0000;0,0000;0,0000;-0,1020;-0,3000;-0,3800;1;0,0000;0,0000;0;1;1;9;0;0
17,6667;217,5474;10,4000;-0,0591;-0,0818;0,0000;0,0000;0,0000;0,0000;0,0000;-0,1022;-0,3000;-0,3600;1;0,0000;0,0000;0;1;1;9;0;0
17,6806;217,5073;10,4000;-0,0452;-0,0820;0,0000;0,0000;0,0000;0,0000;0,0000;-0,1024;-0,3000;-0,3500;1;0,0000;0,0000;0;1;1;9;0;0
17,6945;217,4671;10,4000;-0,0220;-0,0821;0,0000;0,0000;0,0000;0,0000;0,0000;-0,1026;-0,3000;-0,3300;1;0,0000;0,0000;0;1;1;9;0;0
17,7084;217,4270;10,4000;0,0051;-0,0823;0,0000;0,0000;0,0000;0,0000;0,0000;-0,1028;-0,3000;-0,3000;1;0,0000;0,0000;0;1;1;9;0;0
17,7223;217,3869;10,4000;0,0286;-0,0824;0,0000;0,0000;0,0000;0,0000;0,0000;-0,1030;-0,3000;-0,2700;1;0,0000;0,0000;0;1;1;9;0;0
17,7361;217,3474;10,4000;0,0596;-0,0825;0,0000;0,0000;0,0000;0,0000;0,0000;-0,1032;-0,3000;-0,2400;1;0,0000;0,0000;0;1;1;9;0;0
17,7500;217,3474;10,4000;0,0964;-0,0827;0,0000;0,0000;0,0000;0,0000;0,0000;-0,1033;-0,3000;-0,2000;1;0,0000;0,0000;0;1;1;9;0;0
17,7639;217,3474;10,4000;0,1355;-0,0828;0,0000;0,0000;0,0000;0,0000;0,0000;-0,1035;-0,2900;-0,1600;1;0,0000;0,0000;0;1;1;9;0;0
17,7778;217,3474;10,4000;0,1817;-0,0829;0,0000;0,0000;0,0000;0,0000;0,0000;-0,1036;-0,2900;-0,1000;1;0,0000;0,0000;0;1;1;9;0;0
17,7917;217,3474;10,4000;0,2228;-0,0830;0,0000;0,0000;0,0000;0,0000;0,0000;-0,1037;-0,2800;-0,0600;1;0,0000;0,0000;0;1;1;9;0;0
17,8056;217,3474;10,4000;0,2460;-0,0831;0,0000;0,0000;0,0000;0,0000;0,0000;-0,1039;-0,2700;-0,0300;1;0,0000;0,0000;0;1;1;9;0;0
17,8195;217,1060;10,4000;0,2728;-0,0832;0,0000;0,0000;0,0000;0,0000;0,0000;-0,1039;-0,2700;0,0000;1;0,0000;0,0000;0;1;1;9;0;0
17,8334;217,0659;10,4000;0,2915;-0,0832;0,0000;0,0000;0,0000;0,0000;0,0000;-0,1040;-0,2600;0,0300;1;0,0000;0,0000;0;1;1;9;0;0
17,8473;217,0258;10,4000;0,3081;-0,0833;0,0000;0,0000;0,0000;0,0000;0,0000;-0,1041;-0,2500;0,0600;1;0,0001;0,0000;0;1;1;9;0;0
17,8611;216,9857;10,4000;0,3312;-0,0834;0,0000;0,0000;0,0000;0,0000;0,0000;-0,1042;-0,2400;0,0900;1;0,0001;0,0000;0;1;1;9;0;0
17,8750;216,9456;10,4000;0,3507;-0,0834;0,0000;0,0000;0,0000;0,0000;0,0000;-0,1043;-0,2300;0,1200;1;0,0001;0,0000;0;1;1;9;0;0
17,8889;216,9054;10,4000;0,3662;-0,0834;0,0000;0,0000;0,0000;0,0000;0,0000;-0,1043;-0,2200;0,1500;1;0,0001;0,0000;0;1;1;9;0;0
17,9028;216,8906;10,4000;0,3802;-0,0835;0,0000;0,0000;0,0000;0,0000;0,0000;-0,1043;-0,2100;0,1700;1;0,0001;0,0000;0;1;1;9;0;0
17,9167;216,8906;10,4000;0,3876;-0,0835;0,0000;0,0000;0,0000;0,0000;0,0000;-0,1043;-0,2000;0,1900;1;0,0001;0,0000;0;1;1;9;0;0
17,9306;216,8906;10,4000;0,3945;-0,0835;0,0000;0,0000;0,0000;0,0000;0,0000;-0,1044;-0,1900;0,2100;1;0,0001;0,0000;0;1;1;9;0;0
17,9445;216,8906;10,4000;0,3975;-0,0835;0,0000;0,0000;0,0000;0,0000;0,0000;-0,1044;-0,1800;0,2200;1;0,0001;0,0000;0;1;1;9;0;0
17,9584;216,8906;10,4000;0,3993;-0,0835;0,0000;0,0000;0,0000;0,0000;0,0000;-0,1043;-0,1600;0,2300;1;0,0001;0,0000;0;1;1;9;0;0
17,9723;216,8906;10,4000;0,4061;-0,0835;0,0000;0,0000;0,0000;0,0000;0,0000;-0,1043;-0,1500;0,2500;1;0,0001;0,0000;0;1;1;9;0;0
17,9861;216,6246;10,4000;0,4173;-0,0834;0,0000;0,0000;0,0000;0,0000;0,0000;-0,1043;-0,1400;0,2800;1;0,0000;0,0000;0;1;1;9;0;0
18,0000;216,5844;10,2000;0,4394;-0,0834;0,0000;0,0000;0,0000;0,0000;0,0000;-0,1043;-0,1300;0,3100;1;0,0000;0,0000;0;1;1;9;0;0
18,0139;216,5451;10,2000;0,4612;-0,0834;0,0000;0,0000;0,0000;0,0000;0,0000;-0,1042;-0,1200;0,3400;1;0,0000;0,0000;0;1;1;9;0;0
18,0278;216,5057;10,2000;0,4746;-0,0833;0,0000;0,0000;0,0000;0,0000;0,0000;-0,1041;-0,1000;0,3700;1;0,0000;0,0000;0;1;1;9;0;0
18,0417;216,4664;10,2000;0,4818;-0,0832;0,0000;0,0000;0,0000;0,0000;0,0000;-0,1041;-0,0900;0,3900;1;0,0000;0,0000;0;1;1;9;0;0
18,0556;216,4361;10,2000;0,4795;-0,0832;0,0000;0,0000;0,0000;0,0000;0,0000;-0,1040;-0,0800;0,4000;1;0,0000;0,0000;0;1;1;9;0;0
18,0695;216,4361;10,2000;0,4678;-0,0831;0,0000;0,0000;0,0000;0,0000;0,0000;-0,1039;-0,0600;0,4000;1;0,0000;0,0000;0;1;1;9;0;0
18,0834;216,4361;10,2000;0,4342;-0,0831;0,0000;0,0000;0,0000;0,0000;0,0000;-0,1038;-0,0500;0,3800;1;0,0000;0,0000;0;1;1;5;0;0
18,0973;216,4361;10,2000;0,3888;-0,0830;0,0000;0,0000;0,0000;0,0000;0,0000;-0,1037;-0,0400;0,3500;1;0,0000;0,0000;0;1;1;5;0;0
18,1111;216,4361;10,2000;0,3303;-0,0829;0,0000;0,0000;0,0000;0,0000;0,0000;-0,1036;-0,0300;0,3000;1;0,0000;0,0000;0;1;1;5;0;0
18,1250;216,4361;10,2000;0,2537;-0,0829;0,0000;0,0000;0,0000;0,0000;0,0000;-0,1036;-0,0200;0,2300;1;0,0000;0,0000;0;1;1;5;0;0
18,1389;216,1909;10,2000;0,1841;-0,0828;0,0000;0,0000;0,0000;0,0000;0,0000;-0,1035;-0,0200;0,1600;1;0,0001;0,0000;0;1;1;5;0;0
18,1528;216,1516;10,2000;0,1260;-0,0828;0,0000;0,0000;0,0000;0,0000;0,0000;-0,1035;0,0000;0,1100;1;0,0001;0,0000;0;1;1;5;0;0
18,1667;216,1122;10,2000;0,0589;-0,0828;0,0000;0,0000;0,0000;0,0000;0,0000;-0,1034;0,0000;0,0400;1;0,0001;0,0000;0;1;1;5;0;0
18,1806;216,0729;10,2000;0,0024;-0,0827;0,0000;0,0000;0,0000;0,0000;0,0000;-0,1034;0,0000;0,0000;1;0,0001;0,0000;0;1;1;5;0;0
18,1945;216,0335;10,2000;-0,0448;-0,0827;0,0000;0,0000;0,0000;0,0000;0,0000;-0,1034;0,0000;-0,0600;1;0,0001;0,0000;0;1;1;5;0;0
18,2084;215,9942;10,2000;-0,0671;-0,0827;0,0000;0,0000;0,0000;0,0000;0,0000;-0,1034;0,0000;-0,0800;1;0,0001;0,0000;0;1;1;5;0;0
18,2223;215,9814;10,2000;-0,0829;-0,0828;0,0000;0,0000;0,0000;0,0000;0,0000;-0,1034;0,0000;-0,1000;1;0,0001;0,0000;0;1;1;5;0;0
18,2361;215,9814;10,2000;-0,0861;-0,0828;0,0000;0,0000;0,0000;0,0000;0,0000;-0,1035;0,0000;-0,1000;1;0,0001;0,0000;0;1;1;5;0;0
18,2500;215,9814;10,2000;-0,1041;-0,0828;0,0000;0,0000;0,0000;0,0000;0,0000;-0,1035;-0,0200;-0,1200;1;0,0001;0,0000;0;1;1;5;0;0
18,2639;215,9814;10,2000;-0,1195;-0,0828;0,0000;0,0000;0,0000;0,0000;0,0000;-0,1035;-0,0200;-0,1400;1;0,0001;0,0000;0;1;1;5;0;0
18,2778;215,9814;10,2000;-0,1225;-0,0828;0,0000;0,0000;0,0000;0,0000;0,0000;-0,1035;-0,0200;-0,1500;1;0,0001;0,0000;0;1;1;5;0;0
18,2917;215,9814;10,2000;-0,1578;-0,0829;0,0000;0,0000;0,0000;0,0000;0,0000;-0,1036;-0,0300;-0,1900;1;0,0001;0,0000;0;1;1;5;0;0
18,3056;215,7187;10,2000;-0,1755;-0,0829;0,0000;0,0000;0,0000;0,0000;0,0000;-0,1037;-0,0300;-0,2100;1;0,0005;0,0000;0;1;1;5;0;0
18,3195;215,6794;10,2000;-0,1898;-0,0830;0,0000;0,0000;0,0000;0,0000;0,0000;-0,1037;-0,0400;-0,2300;1;0,0006;0,0000;0;1;1;5;0;0
18,3334;215,6400;10,2000;-0,1968;-0,0831;0,0000;0,0000;0,0000;0,0000;0,0000;-0,1038;-0,0400;-0,2400;1;0,0007;0,0000;0;1;1;5;0;0
18,3473;215,6006;10,2000;-0,2043;-0,0831;0,0000;0,0000;0,0000;0,0000;0,0000;-0,1039;-0,0500;-0,2500;1;0,0007;0,0000;0;1;1;5;0;0
18,3611;215,5613;10,2000;-0,2197;-0,0832;0,0000;0,0000;0,0000;0,0000;0,0000;-0,1039;-0,0500;-0,2700;1;0,0008;0,0000;0;1;1;5;0;0
18,3750;215,5222;10,2000;-0,2454;-0,0832;0,0000;0,0000;0,0000;0,0000;0,0000;-0,1040;-0,0600;-0,3100;1;0,0009;0,0000;0;1;1;5;0;0
18,3889;215,5222;10,2000;-0,2833;-0,0833;0,0000;0,0000;0,0000;0,0000;0,0000;-0,1041;-0,0700;-0,3500;1;0,0009;0,0000;0;1;1;5;0;0
18,4028;215,5222;10,2000;-0,3148;-0,0834;0,0000;0,0000;0,0000;0,0000;0,0000;-0,1042;-0,0700;-0,3900;1;0,0009;0,0000;0;1;1;5;0;0
18,4167;215,5222;10,2000;-0,3518;-0,0835;0,0000;0,0000;0,0000;0,0000;0,0000;-0,1044;-0,0800;-0,4400;1;0,0009;0,0000;0;1;1;5;0;0
18,4306;215,5222;10,2000;-0,3593;-0,0836;0,0000;0,0000;0,0000;0,0000;0,0000;-0,1045;-0,0900;-0,4500;1;0,0009;0,0000;0;1;1;5;0;0
18,4445;215,5222;10,2000;-0,4485;-0,0838;0,0000;0,0000;0,0000;0,0000;0,0000;-0,1047;-0,1000;-0,5500;1;0,0009;0,0000;0;1;1;5;0;0
18,4584;215,2858;10,2000;-0,5247;-0,0839;0,0000;0,0000;0,0000;0,0000;0,0000;-0,1049;-0,1200;-0,6400;1;0,0006;0,0000;0;1;1;5;0;0
18,4723;215,2465;10,2000;-0,5802;-0,0841;0,0000;0,0000;0,0000;0,0000;0,0000;-0,1051;-0,1300;-0,7100;1;0,0005;0,0000;0;1;1;5;0;0
18,4861;215,2071;10,2000;-0,6203;-0,0843;0,0000;0,0000;0,0000;0,0000;0,0000;-0,1053;-0,1500;-0,7700;1;0,0005;0,0000;0;1;1;5;0;0
18,5000;215,1678;10,7000;-0,6476;-0,0845;0,0000;0,0000;0,0000;0,0000;0,0000;-0,1056;-0,1600;-0,8100;1;0,0004;0,0000;0;1;1;5;0;0
18,5139;215,1265;10,7000;-0,6616;-0,0847;0,0000;0,0000;0,0000;0,0000;0,0000;-0,1059;-0,1800;-0,8400;1;0,0004;0,0000;0;1;1;5;0;0
18,5278;215,0852;10,7000;-0,6686;-0,0849;0,0000;0,0000;0,0000;0,0000;0,0000;-0,1062;-0,2000;-0,8700;1;0,0003;0,0000;0;1;1;5;0;0
18,5417;215,0769;10,7000;-0,6719;-0,0852;0,0000;0,0000;0,0000;0,0000;0,0000;-0,1065;-0,2200;-0,8900;1;0,0003;0,0000;0;1;1;5;0;0
18,5556;215,0769;10,7000;-0,6730;-0,0854;0,0000;0,0000;0,0000;0,0000;0,0000;-0,1068;-0,2400;-0,9100;1;0,0003;0,0000;0;1;1;5;0;0
18,5695;215,0769;10,7000;-0,6685;-0,0857;0,0000;0,0000;0,0000;0,0000;0,0000;-0,1071;-0,2500;-0,9200;1;0,0003;0,0000;0;1;1;5;0;0
18,5834;215,0769;10,7000;-0,6676;-0,0860;0,0000;0,0000;0,0000;0,0000;0,0000;-0,1075;-0,2700;-0,9400;1;0,0003;0,0000;0;1;1;5;0;0
18,5973;215,0769;10,7000;-0,6522;-0,0863;0,0000;0,0000;0,0000;0,0000;0,0000;-0,1078;-0,2900;-0,9400;1;0,0003;0,0000;0;1;1;5;0;0
18,6111;214,8375;10,7000;-0,6416;-0,0866;0,0000;0,0000;0,0000;0,0000;0,0000;-0,1082;-0,3100;-0,9500;1;0,0001;0,0000;0;1;1;5;0;0
18,6250;214,7962;10,7000;-0,6357;-0,0869;0,0000;0,0000;0,0000;0,0000;0,0000;-0,1086;-0,3200;-0,9600;1;0,0001;0,0000;0;1;1;5;0;0
18,6389;214,7550;10,7000;-0,6323;-0,0872;0,0000;0,0000;0,0000;0,0000;0,0000;-0,1090;-0,3400;-0,9700;1;0,0001;0,0000;0;1;1;5;0;0
18,6528;214,7137;10,7000;-0,6294;-0,0875;0,0000;0,0000;0,0000;0,0000;0,0000;-0,1094;-0,3600;-0,9900;1;0,0001;0,0000;0;1;1;5;0;0
18,6667;214,6724;10,7000;-0,6265;-0,0878;0,0000;0,0000;0,0000;0,0000;0,0000;-0,1098;-0,3700;-1,0000;1;0,0000;0,0000;0;1;1;5;0;0
18,6806;214,6311;10,7000;-0,6136;-0,0882;0,0000;0,0000;0,0000;0,0000;0,0000;-0,1102;-0,3900;-1,0000;1;0,0000;0,0000;0;1;1;5;0;0
18,6945;214,6202;10,7000;-0,5861;-0,0885;0,0000;0,0000;0,0000;0,0000;0,0000;-0,1106;-0,4000;-0,9900;1;0,0000;0,0000;0;1;1;5;0;0
18,7084;214,6202;10,7000;-0,5421;-0,0888;0,0000;0,0000;0,0000;0,0000;0,0000;-0,1110;-0,4200;-0,9600;1;0,0000;0,0000;0;1;1;5;0;0
18,7223;214,6202;10,7000;-0,5018;-0,0892;0,0000;0,0000;0,0000;0,0000;0,0000;-0,1115;-0,4300;-0,9300;1;0,0000;0,0000;0;1;1;5;0;0
18,7361;214,6202;10,7000;-0,4937;-0,0895;0,0000;0,0000;0,0000;0,0000;0,0000;-0,1119;-0,4400;-0,9400;1;0,0000;0,0000;0;1;1;5;0;0
18,7500;214,6202;10,7000;-0,4481;-0,0899;0,0000;0,0000;0,0000;0,0000;0,0000;-0,1123;-0,4600;-0,9100;1;0,0000;0,0000;0;1;1;5;0;0
18,7639;214,3835;10,7000;-0,4136;-0,0902;0,0000;0,0000;0,0000;0,0000;0,0000;-0,1128;-0,4700;-0,8800;1;0,0000;0,0000;0;1;1;5;0;0
18,7778;214,3422;10,7000;-0,3826;-0,0906;0,0000;0,0000;0,0000;0,0000;0,0000;-0,1132;-0,4800;-0,8600;1;0,0000;0,0000;0;1;1;5;0;0
18,7917;214,3009;10,7000;-0,3380;-0,0909;0,0000;0,0000;0,0000;0,0000;0,0000;-0,1136;-0,4900;-0,8300;1;0,0000;0,0000;0;1;1;5;0;0
18,8056;214,2596;10,7000;-0,2869;-0,0913;0,0000;0,0000;0,0000;0,0000;0,0000;-0,1141;-0,4900;-0,7800;1;0,0000;0,0000;0;1;1;5;0;0
18,8195;214,2183;10,7000;-0,2505;-0,0916;0,0000;0,0000;0,0000;0,0000;0,0000;-0,1145;-0,5000;-0,7500;1;0,0000;0,0000;0;1;1;5;0;0
18,8334;214,1771;10,7000;-0,2143;-0,0919;0,0000;0,0000;0,0000;0,0000;0,0000;-0,1149;-0,5100;-0,7200;1;0,0001;0,0000;0;1;1;5;0;0
18,8473;214,1646;10,7000;-0,1855;-0,0922;0,0000;0,0000;0,0000;0,0000;0,0000;-0,1153;-0,5100;-0,7000;1;0,0001;0,0000;0;1;1;5;0;0
18,8611;214,1646;10,7000;-0,1675;-0,0925;0,0000;0,0000;0,0000;0,0000;0,0000;-0,1157;-0,5200;-0,6800;1;0,0001;0,0000;0;1;1;5;0;0
18,8750;214,1646;10,7000;-0,1595;-0,0929;0,0000;0,0000;0,0000;0,0000;0,0000;-0,1161;-0,5200;-0,6800;1;0,0001;0,0000;0;1;1;5;0;0
18,8889;214,1646;10,7000;-0,1579;-0,0932;0,0000;0,0000;0,0000;0,0000;0,0000;-0,1165;-0,5200;-0,6800;1;0,0001;0,0000;0;1;1;5;0;0
18,9028;214,1646;10,7000;-0,1604;-0,0935;0,0000;0,0000;0,0000;0,0000;0,0000;-0,1169;-0,5300;-0,6900;1;0,0001;0,0000;0;1;1;5;0;0
18,9167;213,9294;10,7000;-0,1697;-0,0938;0,0000;0,0000;0,0000;0,0000;0,0000;-0,1173;-0,5300;-0,7000;1;0,0000;0,0000;0;1;1;5;0;0
18,9306;213,8881;10,7000;-0,1747;-0,0941;0,0000;0,0000;0,0000;0,0000;0,0000;-0,1177;-0,5400;-0,7100;1;0,0000;0,0000;0;1;1;5;0;0
18,9445;213,8468;10,7000;-0,1802;-0,0945;0,0000;0,0000;0,0000;0,0000;0,0000;-0,1181;-0,5400;-0,7200;1;0,0000;0,0000;0;1;1;5;0;0
18,9584;213,8055;10,7000;-0,1869;-0,0948;0,0000;0,0000;0,0000;0,0000;0,0000;-0,1185;-0,5400;-0,7300;1;0,0000;0,0000;0;1;1;5;0;0
18,9723;213,7643;10,7000;-0,1965;-0,0952;0,0000;0,0000;0,0000;0,0000;0,0000;-0,1189;-0,5500;-0,7500;1;0,0000;0,0000;0;1;1;5;0;0
18,9861;213,7230;10,7000;-0,2031;-0,0955;0,0000;0,0000;0,0000;0,0000;0,0000;-0,1194;-0,5500;-0,7600;1;0,0000;0,0000;0;1;1;5;0;0
19,0000;213,7096;10,7000;-0,2020;-0,0958;0,0000;0,0000;0,0000;0,0000;0,0000;-0,1198;-0,5600;-0,7600;1;0,0000;0,0000;0;1;1;5;0;0
19,0139;213,7096;10,7000;-0,1931;-0,0962;0,0000;0,0000;0,0000;0,0000;0,0000;-0,1202;-0,5600;-0,7600;1;0,0000;0,0000;0;1;1;5;0;0
19,0278;213,7096;10,7000;-0,1796;-0,0965;0,0000;0,0000;0,0000;0,0000;0,0000;-0,1207;-0,5700;-0,7500;1;0,0000;0,0000;0;1;1;5;0;0
19,0417;213,7096;10,7000;-0,1769;-0,0969;0,0000;0,0000;0,0000;0,0000;0,0000;-0,1211;-0,5700;-0,7500;1;0,0000;0,0000;0;1;1;5;0;0
19,0556;213,7096;10,7000;-0,1341;-0,0972;0,0000;0,0000;0,0000;0,0000;0,0000;-0,1215;-0,5800;-0,7100;1;0,0000;0,0000;0;1;1;5;0;0
19,0695;213,4753;10,7000;-0,1044;-0,0976;0,0000;0,0000;0,0000;0,0000;0,0000;-0,1220;-0,5800;-0,6800;1;0,0000;0,0000;0;1;1;5;0;0
19,0834;213,4340;10,7000;-0,0683;-0,0979;0,0000;0,0000;0,0000;0,0000;0,0000;-0,1224;-0,5800;-0,6500;1;0,0000;0,0000;0;1;1;4;0;0
19,0973;213,3928;10,7000;-0,0205;-0,0982;0,0000;0,0000;0,0000;0,0000;0,0000;-0,1228;-0,5800;-0,6000;1;0,0000;0,0000;0;1;1;4;0;0
19,1111;213,3515;10,7000;0,0369;-0,0985;0,0000;0,0000;0,0000;0,0000;0,0000;-0,1232;-0,5800;-0,5400;1;0,0000;0,0000;0;1;1;4;0;0
19,1250;213,3102;10,7000;0,0903;-0,0988;0,0000;0,0000;0,0000;0,0000;0,0000;-0,1235;-0,5700;-0,4800;1;0,0000;0,0000;0;1;1;4;0;0
19,1389;213,2689;10,7000;0,1668;-0,0991;0,0000;0,0000;0,0000;0,0000;0,0000;-0,1239;-0,5700;-0,4000;1;0,0000;0,0000;0;1;1;4;0;0
19,1528;213,2529;10,7000;0,2262;-0,0993;0,0000;0,0000;0,0000;0,0000;0,0000;-0,1242;-0,5600;-0,3400;1;0,0000;0,0000;0;1;1;4;0;0
19,1667;213,2529;10,7000;0,2740;-0,0996;0,0000;0,0000;0,0000;0,0000;0,0000;-0,1245;-0,5500;-0,2800;1;0,0000;0,0000;0;1;1;4;0;0
19,1806;213,2529;10,7000;0,3204;-0,0998;0,0000;0,0000;0,0000;0,0000;0,0000;-0,1248;-0,5400;-0,2200;1;0,0000;0,0000;0;1;1;4;0;0
19,1945;213,2529;10,7000;0,3297;-0,1000;0,0000;0,0000;0,0000;0,0000;0,0000;-0,1251;-0,5300;-0,2000;1;0,0000;0,0000;0;1;1;4;0;0
19,2084;213,2529;10,7000;0,3627;-0,1003;0,0000;0,0000;0,0000;0,0000;0,0000;-0,1253;-0,5200;-0,1600;1;0,0000;0,0000;0;1;1;4;0;0
19,2223;213,0212;10,7000;0,4420;-0,1004;0,0000;0,0000;0,0000;0,0000;0,0000;-0,1255;-0,5100;-0,0700;1;0,0000;0,0000;0;1;1;4;0;0
19,2361;212,9800;10,8000;0,4793;-0,1006;0,0000;0,0000;0,0000;0,0000;0,0000;-0,1258;-0,5000;0,0000;1;0,0000;0,0000;0;1;1;4;0;0
19,2500;212,9383;10,8000;0,5086;-0,1008;0,0000;0,0000;0,0000;0,0000;0,0000;-0,1259;-0,4800;0,0200;1;0,0000;0,0000;0;1;1;4;0;0
19,2639;212,8966;10,8000;0,5381;-0,1009;0,0000;0,0000;0,0000;0,0000;0,0000;-0,1261;-0,4700;0,0700;1;0,0000;0,0000;0;1;1;4;0;0
19,2778;212,8549;10,8000;0,5602;-0,1010;0,0000;0,0000;0,0000;0,0000;0,0000;-0,1263;-0,4500;0,1100;1;0,0000;0,0000;0;1;1;4;0;0
19,2917;212,8133;10,8000;0,5720;-0,1011;0,0000;0,0000;0,0000;0,0000;0,0000;-0,1264;-0,4300;0,1400;1;0,0000;0,0000;0;1;1;4;0;0
19,3056;212,7967;10,8000;0,5873;-0,1012;0,0000;0,0000;0,0000;0,0000;0,0000;-0,1265;-0,4200;0,1700;1;0,0000;0,0000;0;1;1;4;0;0
19,3195;212,7967;10,8000;0,5973;-0,1013;0,0000;0,0000;0,0000;0,0000;0,0000;-0,1267;-0,4000;0,2000;1;0,0000;0,0000;0;1;1;4;0;0
19,3334;212,7967;10,8000;0,6045;-0,1014;0,0000;0,0000;0,0000;0,0000;0,0000;-0,1268;-0,3800;0,2200;1;0,0000;0,0000;0;1;1;4;0;0
19,3473;212,7967;10,8000;0,6059;-0,1015;0,0000;0,0000;0,0000;0,0000;0,0000;-0,1269;-0,3700;0,2400;1;0,0000;0,0000;0;1;1;4;0;0
19,3611;212,7967;10,8000;0,6229;-0,1016;0,0000;0,0000;0,0000;0,0000;0,0000;-0,1269;-0,3500;0,2700;1;0,0000;0,0000;0;1;1;4;0;0
19,3750;212,5633;10,8000;0,6368;-0,1016;0,0000;0,0000;0,0000;0,0000;0,0000;-0,1270;-0,3300;0,3000;1;0,0000;0,0000;0;1;1;4;0;0
19,3889;212,5216;10,8000;0,6576;-0,1016;0,0000;0,0000;0,0000;0,0000;0,0000;-0,1270;-0,3200;0,3400;1;0,0000;0,0000;0;1;1;4;0;0
19,4028;212,4800;10,8000;0,6752;-0,1017;0,0000;0,0000;0,0000;0,0000;0,0000;-0,1271;-0,3000;0,3800;1;0,0000;0,0000;0;1;1;4;0;0
19,4167;212,4383;10,8000;0,6930;-0,1017;0,0000;0,0000;0,0000;0,0000;0,0000;-0,1271;-0,2800;0,4100;1;0,0000;0,0000;0;1;1;4;0;0
19,4306;212,3966;10,8000;0,7095;-0,1017;0,0000;0,0000;0,0000;0,0000;0,0000;-0,1271;-0,2600;0,4500;1;0,0000;0,0000;0;1;1;4;0;0
19,4445;212,3550;10,8000;0,7263;-0,1016;0,0000;0,0000;0,0000;0,0000;0,0000;-0,1270;-0,2400;0,4800;1;0,0000;0,0000;0;1;1;4;0;0
19,4584;212,3410;10,8000;0,7429;-0,1016;0,0000;0,0000;0,0000;0,0000;0,0000;-0,1270;-0,2200;0,5200;1;0,0000;0,0000;0;1;1;4;0;0
19,4723;212,3410;10,8000;0,7710;-0,1015;0,0000;0,0000;0,0000;0,0000;0,0000;-0,1269;-0,2000;0,5700;1;0,0000;0,0000;0;1;1;4;0;0
19,4861;212,3410;10,8000;0,8262;-0,1015;0,0000;0,0000;0,0000;0,0000;0,0000;-0,1268;-0,1800;0,6500;1;0,0000;0,0000;0;1;1;4;0;0
19,5000;212,3410;10,8000;0,8371;-0,1014;0,0000;0,0000;0,0000;0,0000;0,0000;-0,1267;-0,1500;0,6800;1;0,0000;0,0000;0;1;1;4;0;0
19,5139;212,3410;10,8000;0,9417;-0,1013;0,0000;0,0000;0,0000;0,0000;0,0000;-0,1266;-0,1300;0,8100;1;0,0000;0,0000;0;1;1;4;0;0
19,5278;212,1049;10,8000;1,0195;-0,1011;0,0000;0,0000;0,0000;0,0000;0,0000;-0,1264;-0,1000;0,9200;1;0,0000;0,0000;0;1;1;4;0;0
19,5417;212,0633;10,8000;1,0773;-0,1009;0,0000;0,0000;0,0000;0,0000;0,0000;-0,1261;-0,0700;1,0100;1;0,0000;0,0000;0;1;1;4;0;0
19,5556;212,0216;10,8000;1,1253;-0,1007;0,0000;0,0000;0,0000;0,0000;0,0000;-0,1258;-0,0400;1,0900;1;0,0000;0,0000;0;1;1;4;0;0
19,5695;211,9799;10,8000;1,1740;-0,1004;0,0000;0,0000;0,0000;0,0000;0,0000;-0,1255;0,0000;1,1700;1;0,0000;0,0000;0;1;1;4;0;0
19,5834;211,9383;10,8000;1,2237;-0,1001;0,0000;0,0000;0,0000;0,0000;0,0000;-0,1252;0,0200;1,2500;1;0,0000;0,0000;0;1;1;4;0;0
19,5973;211,8966;10,8000;1,2661;-0,0998;0,0000;0,0000;0,0000;0,0000;0,0000;-0,1248;0,0600;1,3300;1;0,0000;0,0000;0;1;1;4;0;0
19,6111;211,8849;10,8000;1,2952;-0,0995;0,0000;0,0000;0,0000;0,0000;0,0000;-0,1244;0,1000;1,3900;1;0,0000;0,0000;0;1;1;4;0;0
19,6250;211,8849;10,8000;1,3249;-0,0991;0,0000;0,0000;0,0000;0,0000;0,0000;-0,1239;0,1300;1,4600;1;0,0000;0,0000;0;1;1;4;0;0
19,6389;211,8849;10,8000;1,3385;-0,0988;0,0000;0,0000;0,0000;0,0000;0,0000;-0,1234;0,1700;1,5100;1;0,0000;0,0000;0;1;1;4;0;0
19,6528;211,8849;10,8000;1,3413;-0,0983;0,0000;0,0000;0,0000;0,0000;0,0000;-0,1229;0,2100;1,5500;1;0,0000;0,0000;0;1;1;4;0;0
19,6667;211,8849;10,8000;1,3439;-0,0979;0,0000;0,0000;0,0000;0,0000;0,0000;-0,1224;0,2400;1,5900;1;0,0000;0,0000;0;1;1;4;0;0
19,6806;211,6466;10,8000;1,3334;-0,0975;0,0000;0,0000;0,0000;0,0000;0,0000;-0,1218;0,2800;1,6200;1;0,0000;0,0000;0;1;1;4;0;0
19,6945;211,6050;10,8000;1,3092;-0,0970;0,0000;0,0000;0,0000;0,0000;0,0000;-0,1213;0,3200;1,6300;1;0,0000;0,0000;0;1;1;4;0;0
19,7084;211,5633;10,8000;1,2528;-0,0965;0,0000;0,0000;0,0000;0,0000;0,0000;-0,1207;0,3500;1,6100;1;0,0000;0,0000;0;1;1;4;0;0
19,7223;211,5217;10,8000;1,1784;-0,0961;0,0000;0,0000;0,0000;0,0000;0,0000;-0,1201;0,3900;1,5700;1;0,0000;0,0000;0;1;1;4;0;0
19,7361;211,4800;10,8000;1,0835;-0,0956;0,0000;0,0000;0,0000;0,0000;0,0000;-0,1195;0,4200;1,5000;1;0,0000;0,0000;0;1;1;4;0;0
19,7500;211,4383;10,8000;0,9762;-0,0952;0,0000;0,0000;0,0000;0,0000;0,0000;-0,1190;0,4400;1,4200;1;0,0000;0,0000;0;1;1;4;0;0
19,7639;211,4292;10,8000;0,8813;-0,0947;0,0000;0,0000;0,0000;0,0000;0,0000;-0,1184;0,4700;1,3500;1;0,0000;0,0000;0;1;1;4;0;0
19,7778;211,4292;10,8000;0,7598;-0,0943;0,0000;0,0000;0,0000;0,0000;0,0000;-0,1178;0,4900;1,2500;1;0,0000;0,0000;0;1;1;4;0;0
19,7917;211,4292;10,8000;0,6285;-0,0939;0,0000;0,0000;0,0000;0,0000;0,0000;-0,1173;0,5100;1,1400;1;0,0000;0,0000;0;1;1;4;0;0
19,8056;211,4292;10,6000;0,6023;-0,0934;0,0000;0,0000;0,0000;0,0000;0,0000;-0,1168;0,5300;1,1300;1;0,0000;0,0000;0;1;1;4;0;0
19,8195;211,4292;10,6000;0,3862;-0,0931;0,0000;0,0000;0,0000;0,0000;0,0000;-0,1163;0,5400;0,9200;1;0,0000;0,0000;0;1;1;4;0;0
19,8334;211,1899;10,6000;0,2682;-0,0927;0,0000;0,0000;0,0000;0,0000;0,0000;-0,1159;0,5500;0,8100;1;0,0000;0,0000;0;1;1;4;0;0
19,8473;211,1490;10,6000;0,1933;-0,0923;0,0000;0,0000;0,0000;0,0000;0,0000;-0,1154;0,5500;0,7500;1;0,0000;0,0000;0;1;1;4;0;0
19,8611;211,1081;10,6000;0,0941;-0,0920;0,0000;0,0000;0,0000;0,0000;0,0000;-0,1150;0,5600;0,6500;1;0,0000;0,0000;0;1;1;4;0;0
19,8750;211,0672;10,6000;-0,0103;-0,0917;0,0000;0,0000;0,0000;0,0000;0,0000;-0,1146;0,5600;0,5500;1;0,0000;0,0000;0;1;1;4;0;0
19,8889;211,0263;10,6000;-0,1120;-0,0914;0,0000;0,0000;0,0000;0,0000;0,0000;-0,1143;0,5500;0,4400;1;0,0000;0,0000;0;1;1;4;0;0
19,9028;210,9854;10,6000;-0,2375;-0,0912;0,0000;0,0000;0,0000;0,0000;0,0000;-0,1140;0,5500;0,3100;1;0,0000;0,0000;0;1;1;4;0;0
19,9167;210,9726;10,6000;-0,3900;-0,0910;0,0000;0,0000;0,0000;0,0000;0,0000;-0,1137;0,5400;0,1500;1;0,0000;0,0000;0;1;1;4;0;0
19,9306;210,9726;10,6000;-0,5257;-0,0908;0,0000;0,0000;0,0000;0,0000;0,0000;-0,1135;0,5200;0,0000;1;0,0000;0,0000;0;1;1;4;0;0
19,9445;210,9726;10,6000;-0,6894;-0,0906;0,0000;0,0000;0,0000;0,0000;0,0000;-0,1133;0,5100;-0,1800;1;0,0000;0,0000;0;1;1;4;0;0
19,9584;210,9726;10,6000;-0,7222;-0,0905;0,0000;0,0000;0,0000;0,0000;0,0000;-0,1132;0,4900;-0,2400;1;0,0000;0,0000;0;1;1;4;0;0
19,9723;210,9726;10,6000;-0,9645;-0,0905;0,0000;0,0000;0,0000;0,0000;0,0000;-0,1131;0,4600;-0,5000;1;0,0000;0,0000;0;1;1;4;0;0
19,9861;210,7401;10,6000;-1,0735;-0,0905;0,0000;0,0000;0,0000;0,0000;0,0000;-0,1131;0,4300;-0,6400;1;0,0000;0,0000;0;1;1;4;0;0
20,0000;210,6992;10,6000;-1,1320;-0,0905;0,0000;0,0000;0,0000;0,0000;0,0000;-0,1131;0,4000;-0,7300;1;0,0000;0,0000;0;1;1;4;0;0
20,0139;210,6582;10,6000;-1,1942;-0,0905;0,0000;0,0000;0,0000;0,0000;0,0000;-0,1132;0,3700;-0,8200;1;0,0000;0,0000;0;1;1;4;0;0
20,0278;210,6174;10,8000;-1,2607;-0,0906;0,0000;0,0000;0,0000;0,0000;0,0000;-0,1133;0,3400;-0,9300;1;0,0000;0,0000;0;1;1;4;0;0
20,0417;210,5757;10,8000;-1,3220;-0,0907;0,0000;0,0000;0,0000;0,0000;0,0000;-0,1134;0,3000;-1,0200;1;0,0000;0,0000;0;1;1;4;0;0
20,0556;210,5340;10,8000;-1,3542;-0,0909;0,0000;0,0000;0,0000;0,0000;0,0000;-0,1136;0,2600;-1,0900;1;0,0000;0,0000;0;1;1;4;0;0
20,0695;210,5166;10,8000;-1,3692;-0,0910;0,0000;0,0000;0,0000;0,0000;0,0000;-0,1138;0,2200;-1,1400;1;0,0000;0,0000;0;1;1;4;0;0
20,0834;210,5166;10,8000;-1,3965;-0,0912;0,0000;0,0000;0,0000;0,0000;0,0000;-0,1140;0,1900;-1,2100;1;0,0000;0,0000;0;1;1;4;0;0
20,0973;210,5166;10,8000;-1,4295;-0,0915;0,0000;0,0000;0,0000;0,0000;0,0000;-0,1143;0,1500;-1,2800;1;0,0000;0,0000;0;1;1;0;0;0
20,1111;210,5166;10,8000;-1,4360;-0,0917;0,0000;0,0000;0,0000;0,0000;0,0000;-0,1146;0,1100;-1,3300;1;0,0000;0,0000;0;1;1;0;0;0
20,1250;210,5166;10,8000;-1,4845;-0,0920;0,0000;0,0000;0,0000;0,0000;0,0000;-0,1150;0,0700;-1,4200;1;0,0000;0,0000;0;1;1;0;0;0
20,1389;210,2840;10,8000;-1,5232;-0,0923;0,0000;0,0000;0,0000;0,0000;0,0000;-0,1154;0,0200;-1,5000;1;0,0000;0,0000;0;1;1;0;0;0
20,1528;210,2424;10,8000;-1,5607;-0,0927;0,0000;0,0000;0,0000;0,0000;0,0000;-0,1158;-0,0200;-1,5800;1;0,0000;0,0000;0;1;1;0;0;0
20,1667;210,2007;10,8000;-1,5937;-0,0930;0,0000;0,0000;0,0000;0,0000;0,0000;-0,1163;-0,0600;-1,6500;1;0,0000;0,0000;0;1;1;0;0;0
20,1806;210,1590;10,8000;-1,6130;-0,0935;0,0000;0,0000;0,0000;0,0000;0,0000;-0,1168;-0,1000;-1,7200;1;0,0000;0,0000;0;1;1;0;0;0
20,1945;210,1174;10,8000;-1,6168;-0,0939;0,0000;0,0000;0,0000;0,0000;0,0000;-0,1174;-0,1500;-1,7700;1;0,0000;0,0000;0;1;1;0;0;0
20,2084;210,0757;10,8000;-1,6335;-0,0944;0,0000;0,0000;0,0000;0,0000;0,0000;-0,1180;-0,1900;-1,8300;1;0,0000;0,0000;0;1;1;0;0;0
20,2223;210,0611;10,8000;-1,6408;-0,0949;0,0000;0,0000;0,0000;0,0000;0,0000;-0,1186;-0,2400;-1,8800;1;0,0000;0,0000;0;1;1;0;0;0
20,2361;210,0611;10,8000;-1,6516;-0,0954;0,0000;0,0000;0,0000;0,0000;0,0000;-0,1192;-0,2800;-1,9400;1;0,0000;0,0000;0;1;1;0;0;0
20,2500;210,0611;10,8000;-1,6548;-0,0959;0,0000;0,0000;0,0000;0,0000;0,0000;-0,1199;-0,3300;-1,9800;1;0,0000;0,0000;0;1;1;0;0;0
20,2639;210,0611;10,8000;-1,6550;-0,0965;0,0000;0,0000;0,0000;0,0000;0,0000;-0,1206;-0,3800;-2,0300;1;0,0000;0,0000;0;1;1;0;0;0
20,2778;210,0611;10,8000;-1,6458;-0,0970;0,0000;0,0000;0,0000;0,0000;0,0000;-0,1213;-0,4200;-2,0700;1;0,0000;0,0000;0;1;1;0;0;0
20,2917;209,8257;10,8000;-1,6387;-0,0976;0,0000;0,0000;0,0000;0,0000;0,0000;-0,1220;-0,4700;-2,1000;1;0,0000;0,0000;0;1;1;0;0;0
20,3056;209,7841;10,8000;-1,6395;-0,0983;0,0000;0,0000;0,0000;0,0000;0,0000;-0,1229;-0,5100;-2,1500;1;0,0001;0,0000;0;1;1;0;0;0
20,3195;209,7424;10,8000;-1,6580;-0,0990;0,0000;0,0000;0,0000;0,0000;0,0000;-0,1237;-0,5600;-2,2200;1;0,0001;0,0000;0;1;1;0;0;0
20,3334;209,7007;10,8000;-1,6921;-0,0997;0,0000;0,0000;0,0000;0,0000;0,0000;-0,1246;-0,6000;-2,3000;1;0,0001;0,0000;0;1;1;0;0;0
20,3473;209,6591;10,8000;-1,7416;-0,1004;0,0000;0,0000;0,0000;0,0000;0,0000;-0,1255;-0,6500;-2,3900;1;0,0001;0,0000;0;1;1;0;0;0
20,3611;209,6174;10,8000;-1,8132;-0,1012;0,0000;0,0000;0,0000;0,0000;0,0000;-0,1265;-0,7000;-2,5200;1;0,0001;0,0000;0;1;1;0;0;0
20,3750;209,6046;10,8000;-1,9092;-0,1020;0,0000;0,0000;0,0000;0,0000;0,0000;-0,1275;-0,7500;-2,6600;1;0,0001;0,0000;0;1;1;0;0;0
20,3889;209,6046;10,8000;-2,0022;-0,1029;0,0000;0,0000;0,0000;0,0000;0,0000;-0,1286;-0,8100;-2,8100;1;0,0001;0,0000;0;1;1;0;0;0
20,4028;209,6046;10,8000;-2,1004;-0,1038;0,0000;0,0000;0,0000;0,0000;0,0000;-0,1298;-0,8700;-2,9700;1;0,0001;0,0000;0;1;1;0;0;0
20,4167;209,6046;10,8000;-2,1200;-0,1048;0,0000;0,0000;0,0000;0,0000;0,0000;-0,1310;-0,9300;-3,0500;1;0,0001;0,0000;0;1;1;0;0;0
20,4306;209,6046;10,8000;-2,3550;-0,1059;0,0000;0,0000;0,0000;0,0000;0,0000;-0,1323;-0,9900;-3,3500;1;0,0001;0,0000;0;1;1;0;0;0
20,4445;209,3675;10,8000;-2,4973;-0,1070;0,0000;0,0000;0,0000;0,0000;0,0000;-0,1338;-1,0600;-3,5600;1;0,0000;0,0000;0;1;1;0;0;0
20,4584;209,3259;10,8000;-2,6012;-0,1082;0,0000;0,0000;0,0000;0,0000;0,0000;-0,1352;-1,1300;-3,7300;1;0,0000;0,0000;0;1;1;0;0;0
20,4723;209,2842;10,8000;-2,7589;-0,1095;0,0000;0,0000;0,0000;0,0000;0,0000;-0,1368;-1,2100;-3,9700;1;0,0000;0,0000;0;1;1;0;0;0
20,4861;209,2426;10,8000;-2,7905;-0,1108;0,0000;0,0000;0,0000;0,0000;0,0000;-0,1385;-1,2800;-4,0800;1;0,0000;0,0000;0;1;1;0;0;0
20,5000;209,2009;10,8000;-2,7967;-0,1122;0,0000;0,0000;0,0000;0,0000;0,0000;-0,1402;-1,3600;-4,1600;1;0,0000;0,0000;0;1;1;0;0;0
20,5139;209,1593;10,8000;-2,8489;-0,1136;0,0000;0,0000;0,0000;0,0000;0,0000;-0,1420;-1,4400;-4,2900;1;0,0000;0,0000;0;1;1;0;0;0
20,5278;209,1476;10,7000;-2,8820;-0,1151;0,0000;0,0000;0,0000;0,0000;0,0000;-0,1438;-1,5200;-4,4000;1;0,0000;0,0000;0;1;1;0;0;0
20,5417;209,1476;10,7000;-2,9124;-0,1166;0,0000;0,0000;0,0000;0,0000;0,0000;-0,1457;-1,6000;-4,5100;1;0,0000;0,0000;0;1;1;0;0;0
20,5556;209,1476;10,7000;-2,9184;-0,1181;0,0000;0,0000;0,0000;0,0000;0,0000;-0,1477;-1,6800;-4,6000;1;0,0000;0,0000;0;1;1;0;0;0
20,5695;209,1476;10,7000;-2,9354;-0,1198;0,0000;0,0000;0,0000;0,0000;0,0000;-0,1497;-1,7600;-4,6900;1;0,0000;0,0000;0;1;1;0;0;0
20,5834;209,1476;10,7000;-2,9388;-0,1214;0,0000;0,0000;0,0000;0,0000;0,0000;-0,1518;-1,8400;-4,7800;1;0,0000;0,0000;0;1;1;0;0;0
20,5973;208,9115;10,7000;-2,9572;-0,1231;0,0000;0,0000;0,0000;0,0000;0,0000;-0,1539;-1,9200;-4,8800;1;0,0000;0,0000;0;1;1;0;0;0
20,6111;208,8702;10,7000;-2,9637;-0,1249;0,0000;0,0000;0,0000;0,0000;0,0000;-0,1561;-2,0000;-4,9700;1;0,0000;0,0000;0;1;1;0;0;0
20,6250;208,8290;10,7000;-2,9653;-0,1267;0,0000;0,0000;0,0000;0,0000;0,0000;-0,1584;-2,0800;-5,0500;1;0,0000;0,0000;0;1;1;0;0;0
20,6389;208,7878;10,7000;-2,9651;-0,1286;0,0000;0,0000;0,0000;0,0000;0,0000;-0,1607;-2,1600;-5,1300;1;0,0000;0,0000;0;1;1;0;0;0
20,6528;208,7466;10,7000;-2,9722;-0,1305;0,0000;0,0000;0,0000;0,0000;0,0000;-0,1631;-2,2500;-5,2200;1;0,0000;0,0000;0;1;1;0;0;0
20,6667;208,7053;10,7000;-2,9821;-0,1324;0,0000;0,0000;0,0000;0,0000;0,0000;-0,1655;-2,3300;-5,3100;1;0,0000;0,0000;0;1;1;0;0;0
20,6806;208,6907;10,7000;-2,9895;-0,1344;0,0000;0,0000;0,0000;0,0000;0,0000;-0,1680;-2,4100;-5,4000;1;0,0000;0,0000;0;1;1;0;0;0
20,6945;208,6907;10,7000;-2,9949;-0,1365;0,0000;0,0000;0,0000;0,0000;0,0000;-0,1706;-2,4900;-5,4900;1;0,0000;0,0000;0;1;1;0;0;0
20,7084;208,6907;10,7000;-3,0012;-0,1386;0,0000;0,0000;0,0000;0,0000;0,0000;-0,1732;-2,5700;-5,5700;1;0,0000;0,0000;0;1;1;0;0;0
20,7223;208,6907;10,7000;-3,0057;-0,1407;0,0000;0,0000;0,0000;0,0000;0,0000;-0,1759;-2,6600;-5,6600;1;0,0000;0,0000;0;1;1;0;0;0
20,7361;208,6907;10,7000;-3,0090;-0,1429;0,0000;0,0000;0,0000;0,0000;0,0000;-0,1786;-2,7400;-5,7500;1;0,0000;0,0000;0;1;1;0;0;0
20,7500;208,4571;10,7000;-3,0097;-0,1441;0,0000;0,0000;0,0000;0,0000;0,0000;-0,1801;-2,2900;-5,3000;1;0,0314;31,8000;0;1;1;0;0;0
20,7639;208,4159;10,7000;-3,0127;-0,1462;0,0000;0,0000;0,0000;0,0000;0,0000;-0,1827;-2,2800;-5,2900;1;0,0370;27,0300;0;1;1;0;0;0
20,7778;208,3747;10,7000;-3,0203;-0,1483;0,0000;0,0000;0,0000;0,0000;0,0000;-0,1854;-2,2700;-5,2900;1;0,0425;23,5100;0;1;1;0;0;0
20,7917;208,3335;10,7000;-3,0379;-0,1505;0,0000;0,0000;0,0000;0,0000;0,0000;-0,1881;-2,2600;-5,3000;1;0,0481;20,8000;0;1;1;0;0;0
20,8056;208,2923;10,7000;-3,0735;-0,1528;0,0000;0,0000;0,0000;0,0000;0,0000;-0,1910;-2,2500;-5,3200;1;0,0536;18,6500;0;1;1;0;0;0
20,8195;208,2511;10,7000;-3,1255;-0,1551;0,0000;0,0000;0,0000;0,0000;0,0000;-0,1938;-2,2400;-5,3700;1;0,0592;16,9000;0;1;1;0;0;0
20,8334;208,2388;10,7000;-3,1947;-0,1572;0,0000;0,0000;0,0000;0,0000;0,0000;-0,1965;-2,3000;-5,5000;1;0,0608;16,4400;0;1;1;0;0;0
20,8473;208,2388;10,7000;-3,2893;-0,1592;0,0000;0,0000;0,0000;0,0000;0,0000;-0,1990;-2,3900;-5,6800;1;0,0608;16,4400;0;1;1;0;0;0
20,8611;208,2388;10,7000;-3,3983;-0,1614;0,0000;0,0000;0,0000;0,0000;0,0000;-0,2017;-2,4900;-5,8900;1;0,0608;16,4400;0;1;1;0;0;0
20,8750;208,2388;10,7000;-3,5063;-0,1636;0,0000;0,0000;0,0000;0,0000;0,0000;-0,2044;-2,5800;-6,0900;1;0,0608;16,4400;0;1;1;0;0;0
20,8889;208,2388;10,7000;-3,6470;-0,1659;0,0000;0,0000;0,0000;0,0000;0,0000;-0,2073;-2,6800;-6,3300;0;0,0608;16,4400;0;1;1;0;0;0
20,9028;207,9987;10,7000;-3,6752;-0,1656;0,0000;0,0000;0,0000;0,0000;0,0000;-0,2070;-1,9500;-5,6200;0;0,0609;16,4100;0;1;1;0;0;0
20,9167;207,9574;10,7000;-3,9262;-0,1676;0,0000;0,0000;0,0000;0,0000;0,0000;-0,2095;-1,9100;-5,8300;0;0,0610;16,4000;0;1;1;0;0;0
20,9306;207,9162;10,7000;-4,0660;-0,1697;0,0000;0,0000;0,0000;0,0000;0,0000;-0,2121;-1,8800;-5,9400;0;0,0610;16,4000;0;1;1;0;0;0
20,9445;207,8750;10,7000;-4,1605;-0,1719;0,0000;0,0000;0,0000;0,0000;0,0000;-0,2149;-1,8500;-6,0100;0;0,0610;16,3900;0;1;1;0;0;0
20,9584;207,8338;10,7000;-4,2184;-0,1742;0,0000;0,0000;0,0000;0,0000;0,0000;-0,2177;-1,8200;-6,0400;0;0,0610;16,3900;0;1;1;0;0;0
20,9723;207,7926;10,7000;-4,2764;-0,1765;0,0000;0,0000;0,0000;0,0000;0,0000;-0,2207;-1,7900;-6,0700;0;0,0611;16,3800;0;1;1;0;0;0
20,9861;207,7837;10,7000;-4,3491;-0,1786;0,0000;0,0000;0,0000;0,0000;0,0000;-0,2233;-1,8800;-6,2300;0;0,0611;16,3800;0;1;1;0;0;0
21,0000;207,7837;10,8000;-4,3917;-0,1807;0,0000;0,0000;0,0000;0,0000;0,0000;-0,2258;-2,0000;-6,3900;0;0,0611;16,3800;0;1;1;0;0;0
21,0139;207,7837;10,8000;-4,4118;-0,1828;0,0000;0,0000;0,0000;0,0000;0,0000;-0,2285;-2,1200;-6,5400;0;0,0611;16,3800;0;1;1;0;0;0
21,0278;207,7837;10,8000;-4,4094;-0,1850;0,0000;0,0000;0,0000;0,0000;0,0000;-0,2313;-2,2500;-6,6600;0;0,0611;16,3800;0;1;1;0;0;0
21,0417;207,7837;10,8000;-4,4025;-0,1873;0,0000;0,0000;0,0000;0,0000;0,0000;-0,2342;-2,3700;-6,7700;0;0,0611;16,3800;0;1;1;0;0;0
21,0556;207,5375;10,8000;-4,4011;-0,1870;0,0000;0,0000;0,0000;0,0000;0,0000;-0,2337;-1,6300;-6,0300;0;0,0611;16,3600;0;1;1;0;0;0
21,0695;207,4959;10,8000;-4,3037;-0,1889;0,0000;0,0000;0,0000;0,0000;0,0000;-0,2362;-1,6000;-5,9000;0;0,0611;16,3600;0;1;1;0;0;0
21,0834;207,4543;10,8000;-4,1623;-0,1909;0,0000;0,0000;0,0000;0,0000;0,0000;-0,2387;-1,5700;-5,7300;0;0,0611;16,3600;0;1;1;0;0;0
21,0973;207,4127;10,8000;-4,0357;-0,1930;0,0000;0,0000;0,0000;0,0000;0,0000;-0,2412;-1,5400;-5,5700;0;0,0611;16,3500;0;1;1;1;0;0
21,1111;207,3711;10,8000;-3,9264;-0,1950;0,0000;0,0000;0,0000;0,0000;0,0000;-0,2438;-1,5000;-5,4300;0;0,0612;16,3500;0;1;1;1;0;0
21,1250;207,3295;10,8000;-3,7826;-0,1971;0,0000;0,0000;0,0000;0,0000;0,0000;-0,2464;-1,4600;-5,2400;0;0,0612;16,3500;0;1;1;1;0;0
21,1389;207,3276;10,8000;-3,6407;-0,1988;0,0000;0,0000;0,0000;0,0000;0,0000;-0,2485;-1,5500;-5,1900;0;0,0612;16,3500;0;1;1;1;0;0
21,1528;207,3276;10,8000;-3,4626;-0,2005;0,0000;0,0000;0,0000;0,0000;0,0000;-0,2506;-1,6500;-5,1100;0;0,0612;16,3500;0;1;1;1;0;0
21,1667;207,3276;10,8000;-3,3730;-0,2022;0,0000;0,0000;0,0000;0,0000;0,0000;-0,2527;-1,7400;-5,1200;0;0,0612;16,3500;0;1;1;1;0;0
21,1806;207,3276;10,8000;-3,3552;-0,2040;0,0000;0,0000;0,0000;0,0000;0,0000;-0,2550;-1,8400;-5,1900;0;0,0612;16,3500;0;1;1;1;0;0
21,1945;207,3276;10,8000;-3,3540;-0,2058;0,0000;0,0000;0,0000;0,0000;0,0000;-0,2572;-1,9300;-5,2800;0;0,0612;16,3500;0;1;1;1;0;0
21,2084;207,0727;10,8000;-3,3536;-0,2048;0,0000;0,0000;0,0000;0,0000;0,0000;-0,2561;-1,1300;-4,4800;0;0,0612;16,3500;0;1;1;1;0;0
21,2223;207,0311;10,8000;-3,3406;-0,2063;0,0000;0,0000;0,0000;0,0000;0,0000;-0,2579;-1,0800;-4,4100;0;0,0612;16,3500;0;1;1;1;0;0
21,2361;206,9895;11,0000;-3,3412;-0,2078;0,0000;0,0000;0,0000;0,0000;0,0000;-0,2598;-1,0200;-4,3600;0;0,0612;16,3500;0;1;1;1;0;0
21,2500;206,9471;11,0000;-3,3520;-0,2094;0,0000;0,0000;0,0000;0,0000;0,0000;-0,2618;-0,9700;-4,3200;0;0,0612;16,3500;0;1;1;1;0;0
21,2639;206,9047;11,0000;-3,3732;-0,2111;0,0000;0,0000;0,0000;0,0000;0,0000;-0,2638;-0,9200;-4,2900;0;0,0612;16,3500;0;1;1;1;0;0
21,2778;206,8726;11,0000;-3,4193;-0,2127;0,0000;0,0000;0,0000;0,0000;0,0000;-0,2658;-0,9000;-4,3200;0;0,0612;16,3500;0;1;1;1;0;0
21,2917;206,8726;11,0000;-3,4925;-0,2140;0,0000;0,0000;0,0000;0,0000;0,0000;-0,2675;-1,0000;-4,4900;0;0,0612;16,3500;0;1;1;1;0;0
21,3056;206,8726;11,0000;-3,5882;-0,2154;0,0000;0,0000;0,0000;0,0000;0,0000;-0,2693;-1,1000;-4,6900;0;0,0612;16,3500;0;1;1;1;0;0
21,3195;206,8726;11,0000;-3,6796;-0,2169;0,0000;0,0000;0,0000;0,0000;0,0000;-0,2711;-1,2000;-4,8800;0;0,0612;16,3500;0;1;1;1;0;0
21,3334;206,8726;11,0000;-3,7314;-0,2185;0,0000;0,0000;0,0000;0,0000;0,0000;-0,2731;-1,3100;-5,0400;0;0,0612;16,3500;0;1;1;1;0;0
21,3473;206,6427;11,0000;-3,7658;-0,2176;0,0000;0,0000;0,0000;0,0000;0,0000;-0,2720;-0,6100;-4,3700;0;0,0611;16,3700;0;1;1;1;0;0
21,3611;206,6003;11,0000;-3,7729;-0,2188;0,0000;0,0000;0,0000;0,0000;0,0000;-0,2735;-0,5700;-4,3400;0;0,0611;16,3700;0;1;1;1;0;0
21,3750;206,5579;11,0000;-3,8497;-0,2201;0,0000;0,0000;0,0000;0,0000;0,0000;-0,2752;-0,5300;-4,3700;0;0,0611;16,3800;0;1;1;1;0;0
21,3889;206,5155;11,0000;-3,9103;-0,2215;0,0000;0,0000;0,0000;0,0000;0,0000;-0,2769;-0,4900;-4,4000;0;0,0610;16,3800;0;1;1;1;0;0
21,4028;206,4730;11,0000;-3,9443;-0,2230;0,0000;0,0000;0,0000;0,0000;0,0000;-0,2787;-0,4500;-4,3900;0;0,0610;16,3800;0;1;1;1;0;0
21,4167;206,4306;11,0000;-3,9672;-0,2245;0,0000;0,0000;0,0000;0,0000;0,0000;-0,2807;-0,4200;-4,3800;0;0,0610;16,3900;0;1;1;1;0;0
21,4306;206,4165;11,0000;-3,9970;-0,2258;0,0000;0,0000;0,0000;0,0000;0,0000;-0,2823;-0,4800;-4,4800;0;0,0610;16,3900;0;1;1;1;0;0
21,4445;206,4165;11,0000;-4,0249;-0,2270;0,0000;0,0000;0,0000;0,0000;0,0000;-0,2838;-0,5900;-4,6200;0;0,0610;16,3900;0;1;1;1;0;0
21,4584;206,4165;11,0000;-4,0537;-0,2283;0,0000;0,0000;0,0000;0,0000;0,0000;-0,2854;-0,7100;-4,7600;0;0,0610;16,3900;0;1;1;1;0;0
21,4723;206,4165;11,0000;-4,0730;-0,2296;0,0000;0,0000;0,0000;0,0000;0,0000;-0,2871;-0,8200;-4,9000;0;0,0610;16,3900;0;1;1;1;0;0
21,4861;206,4165;11,0000;-4,0786;-0,2311;0,0000;0,0000;0,0000;0,0000;0,0000;-0,2888;-0,9400;-5,0200;0;0,0610;16,3900;0;1;1;1;0;0
21,5000;206,1682;11,0000;-4,0808;-0,2298;0,0000;0,0000;0,0000;0,0000;0,0000;-0,2873;-0,1900;-4,2600;0;0,0609;16,4300;0;1;1;1;0;0
21,5139;206,1257;11,0000;-4,0813;-0,2309;0,0000;0,0000;0,0000;0,0000;0,0000;-0,2886;-0,1500;-4,2300;0;0,0609;16,4300;0;1;1;1;0;0
21,5278;206,0833;11,0000;-4,0975;-0,2321;0,0000;0,0000;0,0000;0,0000;0,0000;-0,2901;-0,1200;-4,2200;0;0,0608;16,4400;0;1;1;1;0;0
21,5417;206,0409;11,0000;-4,1326;-0,2333;0,0000;0,0000;0,0000;0,0000;0,0000;-0,2916;-0,0900;-4,2200;0;0,0608;16,4500;0;1;1;1;0;0
21,5556;205,9985;11,0000;-4,1871;-0,2346;0,0000;0,0000;0,0000;0,0000;0,0000;-0,2933;-0,0600;-4,2400;0;0,0608;16,4500;0;1;1;1;0;0
21,5695;205,9613;11,0000;-4,2261;-0,2359;0,0000;0,0000;0,0000;0,0000;0,0000;-0,2949;-0,0500;-4,2800;0;0,0608;16,4600;0;1;1;1;0;0
21,5834;205,9613;11,0000;-4,2605;-0,2369;0,0000;0,0000;0,0000;0,0000;0,0000;-0,2962;-0,1700;-4,4300;0;0,0608;16,4600;0;1;1;1;0;0
21,5973;205,9613;11,0000;-4,2788;-0,2380;0,0000;0,0000;0,0000;0,0000;0,0000;-0,2975;-0,2900;-4,5700;0;0,0608;16,4600;0;1;1;1;0;0
21,6111;205,9613;11,0000;-4,3115;-0,2392;0,0000;0,0000;0,0000;0,0000;0,0000;-0,2990;-0,4100;-4,7200;0;0,0608;16,4600;0;1;1;1;0;0
21,6250;205,9613;11,0000;-4,3419;-0,2404;0,0000;0,0000;0,0000;0,0000;0,0000;-0,3005;-0,5300;-4,8800;0;0,0608;16,4600;0;1;1;1;0;0
21,6389;205,9613;11,0000;-4,3745;-0,2417;0,0000;0,0000;0,0000;0,0000;0,0000;-0,3022;-0,6600;-5,0300;0;0,0608;16,4600;0;1;1;1;0;0
21,6528;205,6932;11,0000;-4,4131;-0,2402;0,0000;0,0000;0,0000;0,0000;0,0000;-0,3002;0,1500;-4,2600;0;0,0605;16,5200;0;1;1;1;0;0
21,6667;205,6508;11,0000;-4,4208;-0,2412;0,0000;0,0000;0,0000;0,0000;0,0000;-0,3015;0,1700;-4,2500;0;0,0605;16,5300;0;1;1;1;0;0
21,6806;205,6083;11,0000;-4,5053;-0,2423;0,0000;0,0000;0,0000;0,0000;0,0000;-0,3029;0,1900;-4,3100;0;0,0605;16,5400;0;1;1;1;0;0
21,6945;205,5659;11,0000;-4,5630;-0,2435;0,0000;0,0000;0,0000;0,0000;0,0000;-0,3043;0,2100;-4,3500;0;0,0604;16,5500;0;1;1;1;0;0
21,7084;205,5235;11,0000;-4,6183;-0,2447;0,0000;0,0000;0,0000;0,0000;0,0000;-0,3059;0,2300;-4,3900;0;0,0604;16,5600;0;1;1;1;0;0
21,7223;205,5054;11,0000;-4,6640;-0,2458;0,0000;0,0000;0,0000;0,0000;0,0000;-0,3073;0,1600;-4,5100;0;0,0604;16,5600;0;1;1;1;0;0
21,7361;205,5054;10,9000;-4,7180;-0,2468;0,0000;0,0000;0,0000;0,0000;0,0000;-0,3085;0,0200;-4,6900;0;0,0604;16,5600;0;1;1;1;0;0
21,7500;205,5054;10,9000;-4,7570;-0,2479;0,0000;0,0000;0,0000;0,0000;0,0000;-0,3098;-0,1100;-4,8600;0;0,0604;16,5600;0;1;1;1;0;0
21,7639;205,5054;10,9000;-4,8143;-0,2490;0,0000;0,0000;0,0000;0,0000;0,0000;-0,3113;-0,2400;-5,0600;0;0,0604;16,5600;0;1;1;1;0;0
21,7778;205,5054;10,9000;-4,8894;-0,2503;0,0000;0,0000;0,0000;0,0000;0,0000;-0,3128;-0,3800;-5,2700;0;0,0604;16,5600;0;1;1;1;0;0
21,7917;205,2619;10,9000;-4,9607;-0,2490;0,0000;0,0000;0,0000;0,0000;0,0000;-0,3112;0,3200;-4,6400;0;0,0601;16,6300;0;1;1;1;0;0
21,8056;205,2199;10,9000;-5,0431;-0,2500;0,0000;0,0000;0,0000;0,0000;0,0000;-0,3124;0,3300;-4,7100;0;0,0601;16,6400;0;1;1;1;0;0
21,8195;205,1778;10,9000;-5,0596;-0,2510;0,0000;0,0000;0,0000;0,0000;0,0000;-0,3138;0,3300;-4,7300;0;0,0600;16,6600;0;1;1;1;0;0
21,8334;205,1358;10,9000;-5,2044;-0,2522;0,0000;0,0000;0,0000;0,0000;0,0000;-0,3153;0,3300;-4,8700;0;0,0600;16,6700;0;1;1;1;0;0
21,8473;205,0937;10,9000;-5,3081;-0,2535;0,0000;0,0000;0,0000;0,0000;0,0000;-0,3169;0,3200;-4,9800;0;0,0599;16,6800;0;1;1;1;0;0
21,8611;205,0517;10,9000;-5,3816;-0,2549;0,0000;0,0000;0,0000;0,0000;0,0000;-0,3186;0,3200;-5,0600;0;0,0599;16,6900;0;1;1;1;0;0
21,8750;205,0499;10,9000;-5,4328;-0,2560;0,0000;0,0000;0,0000;0,0000;0,0000;-0,3200;0,1700;-5,2600;0;0,0599;16,6900;0;1;1;1;0;0
21,8889;205,0499;10,9000;-5,4686;-0,2571;0,0000;0,0000;0,0000;0,0000;0,0000;-0,3214;0,0200;-5,4500;0;0,0599;16,6900;0;1;1;1;0;0
21,9028;205,0499;10,9000;-5,4827;-0,2583;0,0000;0,0000;0,0000;0,0000;0,0000;-0,3229;-0,1300;-5,6200;0;0,0599;16,6900;0;1;1;1;0;0
21,9167;205,0499;10,9000;-5,4890;-0,2597;0,0000;0,0000;0,0000;0,0000;0,0000;-0,3246;-0,2900;-5,7800;0;0,0599;16,6900;0;1;1;1;0;0
21,9306;205,0499;10,9000;-5,4906;-0,2611;0,0000;0,0000;0,0000;0,0000;0,0000;-0,3264;-0,4400;-5,9300;0;0,0599;16,6900;0;1;1;1;0;0
21,9445;204,7906;10,9000;-5,4898;-0,2598;0,0000;0,0000;0,0000;0,0000;0,0000;-0,3248;0,2900;-5,2000;0;0,0596;16,7900;0;1;1;1;0;0
21,9584;204,7485;10,9000;-5,4866;-0,2610;0,0000;0,0000;0,0000;0,0000;0,0000;-0,3262;0,2800;-5,2000;0;0,0595;16,8000;0;1;1;1;0;0
21,9723;204,7065;10,9000;-5,4862;-0,2622;0,0000;0,0000;0,0000;0,0000;0,0000;-0,3278;0,2700;-5,2200;0;0,0595;16,8200;0;1;1;1;0;0
21,9861;204,6644;10,9000;-5,4690;-0,2635;0,0000;0,0000;0,0000;0,0000;0,0000;-0,3294;0,2600;-5,2100;0;0,0594;16,8300;0;1;1;1;0;0
22,0000;204,6224;10,9000;-5,4512;-0,2649;0,0000;0,0000;0,0000;0,0000;0,0000;-0,3311;0,2500;-5,2000;0;0,0593;16,8500;0;1;1;1;0;0
22,0139;204,5942;10,9000;-5,4281;-0,2662;0,0000;0,0000;0,0000;0,0000;0,0000;-0,3328;0,1900;-5,2300;0;0,0593;16,8600;0;1;1;1;0;0
22,0278;204,5942;10,9000;-5,4067;-0,2674;0,0000;0,0000;0,0000;0,0000;0,0000;-0,3342;0,0400;-5,3600;0;0,0593;16,8600;0;1;1;1;0;0
22,0417;204,5942;10,9000;-5,3880;-0,2686;0,0000;0,0000;0,0000;0,0000;0,0000;-0,3357;-0,1100;-5,5000;0;0,0593;16,8600;0;1;1;1;0;0
22,0556;204,5942;10,9000;-5,3778;-0,2699;0,0000;0,0000;0,0000;0,0000;0,0000;-0,3373;-0,2600;-5,6400;0;0,0593;16,8600;0;1;1;1;0;0
22,0695;204,5942;10,9000;-5,3762;-0,2713;0,0000;0,0000;0,0000;0,0000;0,0000;-0,3391;-0,4100;-5,7900;0;0,0593;16,8600;0;1;1;1;0;0
22,0834;204,3610;10,9000;-5,3837;-0,2703;0,0000;0,0000;0,0000;0,0000;0,0000;-0,3378;0,2200;-5,1600;0;0,0590;16,9600;0;1;1;1;0;0
22,0973;204,3190;10,9000;-5,3975;-0,2714;0,0000;0,0000;0,0000;0,0000;0,0000;-0,3392;0,2100;-5,1800;0;0,0589;16,9800;0;1;1;1;0;0
22,1111;204,2769;10,9000;-5,4134;-0,2726;0,0000;0,0000;0,0000;0,0000;0,0000;-0,3407;0,2000;-5,2100;0;0,0588;17,0000;0;1;1;4;0;0
22,1250;204,2349;10,9000;-5,4168;-0,2739;0,0000;0,0000;0,0000;0,0000;0,0000;-0,3424;0,1900;-5,2200;0;0,0588;17,0200;0;1;1;4;0;0
22,1389;204,1928;10,9000;-5,4453;-0,2753;0,0000;0,0000;0,0000;0,0000;0,0000;-0,3441;0,1800;-5,2600;0;0,0587;17,0300;0;1;1;4;0;0
22,1528;204,1508;10,9000;-5,4587;-0,2768;0,0000;0,0000;0,0000;0,0000;0,0000;-0,3459;0,1700;-5,2900;0;0,0586;17,0500;0;1;1;4;0;0
22,1667;204,1387;10,9000;-5,4613;-0,2780;0,0000;0,0000;0,0000;0,0000;0,0000;-0,3475;0,0500;-5,4100;0;0,0586;17,0600;0;1;1;4;0;0
22,1806;204,1387;10,9000;-5,4650;-0,2792;0,0000;0,0000;0,0000;0,0000;0,0000;-0,3491;-0,1000;-5,5600;0;0,0586;17,0600;0;1;1;4;0;0
22,1945;204,1387;10,9000;-5,4560;-0,2806;0,0000;0,0000;0,0000;0,0000;0,0000;-0,3507;-0,2500;-5,7100;0;0,0586;17,0600;0;1;1;4;0;0
22,2084;204,1387;10,9000;-5,4401;-0,2820;0,0000;0,0000;0,0000;0,0000;0,0000;-0,3524;-0,4100;-5,8500;0;0,0586;17,0600;0;1;1;4;0;0
22,2223;204,1387;10,9000;-5,4149;-0,2834;0,0000;0,0000;0,0000;0,0000;0,0000;-0,3543;-0,5600;-5,9700;0;0,0586;17,0600;0;1;1;4;0;0
22,2361;203,8891;11,5000;-5,4044;-0,2824;0,0000;0,0000;0,0000;0,0000;0,0000;-0,3531;0,1100;-5,2900;0;0,0582;17,1800;0;1;1;4;0;0
22,2500;203,8448;11,5000;-5,4001;-0,2837;0,0000;0,0000;0,0000;0,0000;0,0000;-0,3547;0,1000;-5,3000;0;0,0581;17,2100;0;1;1;4;0;0
22,2639;203,8004;11,5000;-5,4075;-0,2851;0,0000;0,0000;0,0000;0,0000;0,0000;-0,3564;0,0800;-5,3200;0;0,0580;17,2300;0;1;1;4;0;0
22,2778;203,7561;11,5000;-5,4090;-0,2866;0,0000;0,0000;0,0000;0,0000;0,0000;-0,3582;0,0700;-5,3300;0;0,0580;17,2500;0;1;1;4;0;0
22,2917;203,7117;11,5000;-5,4473;-0,2882;0,0000;0,0000;0,0000;0,0000;0,0000;-0,3602;0,0600;-5,3900;0;0,0579;17,2700;0;1;1;4;0;0
22,3056;203,6830;11,5000;-5,4788;-0,2897;0,0000;0,0000;0,0000;0,0000;0,0000;-0,3621;0,0000;-5,4900;0;0,0578;17,2900;0;1;1;4;0;0
22,3195;203,6830;11,5000;-5,5310;-0,2910;0,0000;0,0000;0,0000;0,0000;0,0000;-0,3638;-0,1700;-5,7000;0;0,0578;17,2900;0;1;1;4;0;0
22,3334;203,6830;11,5000;-5,5946;-0,2925;0,0000;0,0000;0,0000;0,0000;0,0000;-0,3656;-0,3400;-5,9300;0;0,0578;17,2900;0;1;1;4;0;0
22,3473;203,6830;11,5000;-5,6596;-0,2941;0,0000;0,0000;0,0000;0,0000;0,0000;-0,3676;-0,5100;-6,1700;0;0,0578;17,2900;0;1;1;4;0;0
22,3611;203,6830;11,5000;-5,7272;-0,2958;0,0000;0,0000;0,0000;0,0000;0,0000;-0,3697;-0,6800;-6,4000;0;0,0578;17,2900;0;1;1;4;0;0
22,3750;203,4359;11,5000;-5,7865;-0,2950;0,0000;0,0000;0,0000;0,0000;0,0000;-0,3688;-0,0300;-5,8200;0;0,0574;17,4300;0;1;1;4;0;0
22,3889;203,3916;11,5000;-5,8255;-0,2965;0,0000;0,0000;0,0000;0,0000;0,0000;-0,3706;-0,0600;-5,8900;0;0,0573;17,4500;0;1;1;4;0;0
22,4028;203,3472;11,5000;-5,8452;-0,2981;0,0000;0,0000;0,0000;0,0000;0,0000;-0,3726;-0,0900;-5,9400;0;0,0572;17,4800;0;1;1;4;0;0
22,4167;203,3029;11,5000;-5,8601;-0,2998;0,0000;0,0000;0,0000;0,0000;0,0000;-0,3747;-0,1200;-5,9800;0;0,0571;17,5000;0;1;1;4;0;0
22,4306;203,2585;11,5000;-5,8632;-0,3016;0,0000;0,0000;0,0000;0,0000;0,0000;-0,3770;-0,1500;-6,0100;0;0,0570;17,5300;0;1;1;4;0;0
22,4445;203,2275;11,5000;-5,8500;-0,3033;0,0000;0,0000;0,0000;0,0000;0,0000;-0,3792;-0,2200;-6,0700;0;0,0570;17,5500;0;1;1;4;0;0
22,4584;203,2275;11,5000;-5,8475;-0,3049;0,0000;0,0000;0,0000;0,0000;0,0000;-0,3811;-0,4000;-6,2400;0;0,0570;17,5500;0;1;1;4;0;0
22,4723;203,2275;11,5000;-5,7989;-0,3065;0,0000;0,0000;0,0000;0,0000;0,0000;-0,3832;-0,5700;-6,3700;0;0,0570;17,5500;0;1;1;4;0;0
22,4861;203,2275;11,4000;-5,6874;-0,3083;0,0000;0,0000;0,0000;0,0000;0,0000;-0,3853;-0,7400;-6,4200;0;0,0570;17,5500;0;1;1;4;0;0
22,5000;203,2275;11,4000;-5,6263;-0,3101;0,0000;0,0000;0,0000;0,0000;0,0000;-0,3876;-0,9000;-6,5300;0;0,0570;17,5500;0;1;1;4;0;0
22,5139;202,9833;11,4000;-5,5892;-0,3095;0,0000;0,0000;0,0000;0,0000;0,0000;-0,3868;-0,2700;-5,8600;0;0,0565;17,7000;0;1;1;4;0;0
22,5278;202,9393;11,4000;-5,5403;-0,3110;0,0000;0,0000;0,0000;0,0000;0,0000;-0,3888;-0,3000;-5,8300;0;0,0564;17,7300;0;1;1;4;0;0
22,5417;202,8954;11,4000;-5,4903;-0,3126;0,0000;0,0000;0,0000;0,0000;0,0000;-0,3908;-0,3200;-5,8000;0;0,0563;17,7600;0;1;1;4;0;0
22,5556;202,8514;11,4000;-5,4254;-0,3143;0,0000;0,0000;0,0000;0,0000;0,0000;-0,3929;-0,3300;-5,7600;0;0,0562;17,7900;0;1;1;4;0;0
22,5695;202,8074;11,4000;-5,3550;-0,3161;0,0000;0,0000;0,0000;0,0000;0,0000;-0,3951;-0,3500;-5,7000;0;0,0561;17,8100;0;1;1;4;0;0
22,5834;202,7717;11,4000;-5,3413;-0,3179;0,0000;0,0000;0,0000;0,0000;0,0000;-0,3974;-0,3900;-5,7300;0;0,0561;17,8400;0;1;1;4;0;0
22,5973;202,7717;11,4000;-5,2110;-0,3194;0,0000;0,0000;0,0000;0,0000;0,0000;-0,3993;-0,5400;-5,7500;0;0,0561;17,8400;0;1;1;4;0;0
22,6111;202,7717;11,4000;-5,1366;-0,3210;0,0000;0,0000;0,0000;0,0000;0,0000;-0,4012;-0,6900;-5,8300;0;0,0561;17,8400;0;1;1;4;0;0
22,6250;202,7717;11,4000;-5,0531;-0,3226;0,0000;0,0000;0,0000;0,0000;0,0000;-0,4033;-0,8400;-5,8900;0;0,0561;17,8400;0;1;1;4;0;0
22,6389;202,7717;11,4000;-4,9721;-0,3244;0,0000;0,0000;0,0000;0,0000;0,0000;-0,4054;-0,9900;-5,9600;0;0,0561;17,8400;0;1;1;4;0;0
22,6528;202,5334;11,4000;-4,8601;-0,3237;0,0000;0,0000;0,0000;0,0000;0,0000;-0,4047;-0,3700;-5,2300;0;0,0555;18,0000;0;1;1;4;0;0
22,6667;202,4895;11,4000;-4,7468;-0,3251;0,0000;0,0000;0,0000;0,0000;0,0000;-0,4064;-0,3700;-5,1100;0;0,0554;18,0300;0;1;1;4;0;0
22,6806;202,4455;11,4000;-4,7241;-0,3266;0,0000;0,0000;0,0000;0,0000;0,0000;-0,4083;-0,3700;-5,0900;0;0,0554;18,0700;0;1;1;4;0;0
22,6945;202,4016;11,4000;-4,6197;-0,3282;0,0000;0,0000;0,0000;0,0000;0,0000;-0,4102;-0,3600;-4,9800;0;0,0553;18,1000;0;1;1;4;0;0
22,7084;202,3576;11,4000;-4,5261;-0,3298;0,0000;0,0000;0,0000;0,0000;0,0000;-0,4122;-0,3500;-4,8800;0;0,0552;18,1300;0;1;1;4;0;0
22,7223;202,3163;11,4000;-4,4552;-0,3314;0,0000;0,0000;0,0000;0,0000;0,0000;-0,4142;-0,3500;-4,8100;0;0,0551;18,1600;0;1;1;4;0;0
22,7361;202,3163;11,4000;-4,3902;-0,3327;0,0000;0,0000;0,0000;0,0000;0,0000;-0,4158;-0,4800;-4,8700;0;0,0551;18,1600;0;1;1;4;0;0
22,7500;202,3163;11,4000;-4,3354;-0,3340;0,0000;0,0000;0,0000;0,0000;0,0000;-0,4175;-0,6100;-4,9400;0;0,0551;18,1600;0;1;1;4;0;0
22,7639;202,3163;11,4000;-4,2519;-0,3354;0,0000;0,0000;0,0000;0,0000;0,0000;-0,4193;-0,7300;-4,9800;0;0,0551;18,1600;0;1;1;4;0;0
22,7778;202,3163;11,4000;-4,1604;-0,3369;0,0000;0,0000;0,0000;0,0000;0,0000;-0,4211;-0,8500;-5,0200;0;0,0551;18,1600;0;1;1;4;0;0
22,7917;202,0833;11,4000;-4,0814;-0,3361;0,0000;0,0000;0,0000;0,0000;0,0000;-0,4201;-0,2500;-4,3200;0;0,0545;18,3300;0;1;1;4;0;0
22,8056;202,0394;11,4000;-3,9956;-0,3372;0,0000;0,0000;0,0000;0,0000;0,0000;-0,4215;-0,2200;-4,2200;0;0,0544;18,3700;0;1;1;4;0;0
22,8195;201,9954;11,4000;-3,9170;-0,3383;0,0000;0,0000;0,0000;0,0000;0,0000;-0,4229;-0,2000;-4,1200;0;0,0543;18,4000;0;1;1;4;0;0
22,8334;201,9514;11,4000;-3,8371;-0,3395;0,0000;0,0000;0,0000;0,0000;0,0000;-0,4244;-0,1800;-4,0100;0;0,0542;18,4400;0;1;1;4;0;0
22,8473;201,9075;11,4000;-3,7543;-0,3408;0,0000;0,0000;0,0000;0,0000;0,0000;-0,4260;-0,1500;-3,9000;0;0,0541;18,4700;0;1;1;4;0;0
22,8611;201,8635;11,4000;-3,6311;-0,3421;0,0000;0,0000;0,0000;0,0000;0,0000;-0,4276;-0,1200;-3,7500;0;0,0540;18,5000;0;1;1;4;0;0
22,8750;201,8603;11,4000;-3,5584;-0,3430;0,0000;0,0000;0,0000;0,0000;0,0000;-0,4288;-0,2100;-3,7700;0;0,0540;18,5100;0;1;1;4;0;0
22,8889;201,8603;11,4000;-3,5009;-0,3440;0,0000;0,0000;0,0000;0,0000;0,0000;-0,4300;-0,3200;-3,8200;0;0,0540;18,5100;0;1;1;4;0;0
22,9028;201,8603;11,4000;-3,4716;-0,3450;0,0000;0,0000;0,0000;0,0000;0,0000;-0,4313;-0,4200;-3,8900;0;0,0540;18,5100;0;1;1;4;0;0
22,9167;201,8603;11,4000;-3,4657;-0,3461;0,0000;0,0000;0,0000;0,0000;0,0000;-0,4326;-0,5200;-3,9900;0;0,0540;18,5100;0;1;1;4;0;0
22,9306;201,8603;11,4000;-3,4657;-0,3472;0,0000;0,0000;0,0000;0,0000;0,0000;-0,4341;-0,6200;-3,3900;0;0,0540;18,5100;0;1;1;4;0;0
22,9445;201,5891;11,4000;-3,4671;-0,3458;0,0000;0,0000;0,0000;0,0000;0,0000;-0,4323;0,1000;-3,3600;0;0,0534;18,7300;0;1;1;4;0;0
22,9584;201,5451;11,4000;-3,4891;-0,3467;0,0000;0,0000;0,0000;0,0000;0,0000;-0,4333;0,1400;-3,3500;0;0,0533;18,7700;0;1;1;4;0;0
22,9723;201,5011;11,4000;-3,5159;-0,3476;0,0000;0,0000;0,0000;0,0000;0,0000;-0,4345;0,1700;-3,3400;0;0,0532;18,8000;0;1;1;4;0;0
22,9861;201,4571;11,4000;-3,5581;-0,3486;0,0000;0,0000;0,0000;0,0000;0,0000;-0,4357;0,2000;-3,3500;0;0,0531;18,8400;0;1;1;4;0;0
23,0000;201,4131;11,4000;-3,6274;-0,3496;0,0000;0,0000;0,0000;0,0000;0,0000;-0,4371;0,2300;-3,4000;0;0,0530;18,8800;0;1;1;4;0;0
23,0139;201,4052;11,4000;-3,7074;-0,3505;0,0000;0,0000;0,0000;0,0000;0,0000;-0,4381;0,1400;-3,5600;0;0,0530;18,8900;0;1;1;4;0;0
23,0278;201,4052;11,4000;-3,8091;-0,3513;0,0000;0,0000;0,0000;0,0000;0,0000;-0,4391;0,0300;-3,7800;0;0,0530;18,8900;0;1;1;4;0;0
23,0417;201,4052;11,4000;-3,8861;-0,3522;0,0000;0,0000;0,0000;0,0000;0,0000;-0,4402;-0,0800;-3,9700;0;0,0530;18,8900;0;1;1;4;0;0
23,0556;201,4052;11,4000;-3,9462;-0,3532;0,0000;0,0000;0,0000;0,0000;0,0000;-0,4415;-0,2000;-4,1500;0;0,0530;18,8900;0;1;1;4;0;0
23,0695;201,4052;11,4000;-3,9957;-0,3543;0,0000;0,0000;0,0000;0,0000;0,0000;-0,4428;-0,3200;-4,3100;0;0,0530;18,8900;0;1;1;4;0;0
23,0834;201,1387;11,4000;-4,0363;-0,3529;0,0000;0,0000;0,0000;0,0000;0,0000;-0,4411;0,3600;-3,6700;0;0,0523;19,1200;0;1;1;4;0;0
23,0973;201,0947;11,4000;-4,0651;-0,3537;0,0000;0,0000;0,0000;0,0000;0,0000;-0,4421;0,3800;-3,6800;0;0,0522;19,1600;0;1;1;4;0;0
23,1111;201,0507;11,4000;-4,0876;-0,3546;0,0000;0,0000;0,0000;0,0000;0,0000;-0,4433;0,3900;-3,7000;0;0,0521;19,2000;0;1;1;4;0;0
23,1250;201,0067;11,4000;-4,0922;-0,3556;0,0000;0,0000;0,0000;0,0000;0,0000;-0,4445;0,4000;-3,6900;0;0,0520;19,2400;0;1;1;2;0;0
23,1389;200,9627;11,4000;-4,1000;-0,3566;0,0000;0,0000;0,0000;0,0000;0,0000;-0,4458;0,4100;-3,6800;0;0,0519;19,2800;0;1;1;2;0;0
23,1528;200,9491;11,4000;-4,1001;-0,3574;0,0000;0,0000;0,0000;0,0000;0,0000;-0,4468;0,3300;-3,7700;0;0,0518;19,2900;0;1;1;2;0;0
23,1667;200,9491;11,4000;-4,0864;-0,3582;0,0000;0,0000;0,0000;0,0000;0,0000;-0,4478;0,2100;-3,8700;0;0,0518;19,2900;0;1;1;2;0;0
23,1806;200,9491;11,4000;-4,0602;-0,3591;0,0000;0,0000;0,0000;0,0000;0,0000;-0,4488;0,0900;-3,9700;0;0,0518;19,2900;0;1;1;2;0;0
23,1945;200,9491;11,4000;-4,0145;-0,3600;0,0000;0,0000;0,0000;0,0000;0,0000;-0,4500;-0,0300;-4,0400;0;0,0518;19,2900;0;1;1;2;0;0
23,2084;200,9491;11,4000;-3,9395;-0,3609;0,0000;0,0000;0,0000;0,0000;0,0000;-0,4512;-0,1400;-4,0800;0;0,0518;19,2900;0;1;1;2;0;0
23,2223;200,6882;11,4000;-3,8565;-0,3595;0,0000;0,0000;0,0000;0,0000;0,0000;-0,4494;0,5100;-3,3400;0;0,0512;19,5400;0;1;1;2;0;0
23,2361;200,6442;11,4000;-3,7497;-0,3602;0,0000;0,0000;0,0000;0,0000;0,0000;-0,4503;0,5300;-3,2100;0;0,0511;19,5800;0;1;1;2;0;0
23,2500;200,6003;11,4000;-3,6614;-0,3609;0,0000;0,0000;0,0000;0,0000;0,0000;-0,4511;0,5600;-3,1000;0;0,0510;19,6200;0;1;1;2;0;0
23,2639;200,5563;11,4000;-3,5612;-0,3616;0,0000;0,0000;0,0000;0,0000;0,0000;-0,4520;0,5800;-2,9800;0;0,0509;19,6600;0;1;1;2;0;0
23,2778;200,5123;11,4000;-3,4737;-0,3624;0,0000;0,0000;0,0000;0,0000;0,0000;-0,4530;0,6100;-2,8600;0;0,0507;19,7100;0;1;1;2;0;0
23,2917;200,4939;11,4000;-3,3690;-0,3630;0,0000;0,0000;0,0000;0,0000;0,0000;-0,4537;0,5700;-2,8000;0;0,0507;19,7300;0;1;1;2;0;0
23,3056;200,4939;11,4000;-3,3096;-0,3634;0,0000;0,0000;0,0000;0,0000;0,0000;-0,4543;0,4700;-2,8400;0;0,0507;19,7300;0;1;1;2;0;0
23,3195;200,4939;11,4000;-3,2647;-0,3640;0,0000;0,0000;0,0000;0,0000;0,0000;-0,4549;0,3700;-2,8900;0;0,0507;19,7300;0;1;1;2;0;0
23,3334;200,4939;11,4000;-3,2088;-0,3645;0,0000;0,0000;0,0000;0,0000;0,0000;-0,4556;0,2800;-2,9300;0;0,0507;19,7300;0;1;1;2;0;0
23,3473;200,4939;11,4000;-3,1444;-0,3651;0,0000;0,0000;0,0000;0,0000;0,0000;-0,4564;0,1900;-2,9600;0;0,0507;19,7300;0;1;1;2;0;0
23,3611;200,2379;11,4000;-3,0718;-0,3634;0,0000;0,0000;0,0000;0,0000;0,0000;-0,4543;0,8300;-2,2300;0;0,0500;19,9800;0;1;1;2;0;0
23,3750;200,1939;11,4000;-3,0018;-0,3637;0,0000;0,0000;0,0000;0,0000;0,0000;-0,4546;0,8700;-2,1300;0;0,0499;20,0300;0;1;1;2;0;0
23,3889;200,1499;11,4000;-2,9260;-0,3640;0,0000;0,0000;0,0000;0,0000;0,0000;-0,4550;0,9100;-2,0100;0;0,0498;20,0700;0;1;1;2;0;0
23,4028;200,1059;11,4000;-2,8563;-0,3643;0,0000;0,0000;0,0000;0,0000;0,0000;-0,4554;0,9600;-1,9000;0;0,0497;20,1200;0;1;1;2;0;0
23,4167;200,0620;11,4000;-2,7853;-0,3647;0,0000;0,0000;0,0000;0,0000;0,0000;-0,4559;1,0000;-1,7800;0;0,0496;20,1600;0;1;1;2;0;0
23,4306;200,0380;11,4000;-2,7480;-0,3649;0,0000;0,0000;0,0000;0,0000;0,0000;-0,4561;0,9900;-1,7600;0;0,0495;20,1900;0;1;1;2;0;0
23,4445;200,0380;11,4000;-2,7170;-0,3649;0,0000;0,0000;0,0000;0,0000;0,0000;-0,4562;0,9100;-1,8100;0;0,0495;20,1900;0;1;1;2;0;0
23,4584;200,0380;11,4000;-2,6774;-0,3650;0,0000;0,0000;0,0000;0,0000;0,0000;-0,4563;0,8300;-1,8500;0;0,0495;20,1900;0;1;1;2;0;0
23,4723;200,0380;11,4000;-2,6423;-0,3652;0,0000;0,0000;0,0000;0,0000;0,0000;-0,4565;0,7500;-1,8900;0;0,0495;20,1900;0;1;1;2;0;0
23,4861;200,0380;11,4000;-2,6054;-0,3654;0,0000;0,0000;0,0000;0,0000;0,0000;-0,4567;0,6800;-1,9300;0;0,0495;20,1900;0;1;1;2;0;0
23,5000;199,7877;11,3000;-2,5743;-0,3634;0,0000;0,0000;0,0000;0,0000;0,0000;-0,4542;1,3000;-1,2700;0;0,0489;20,4500;0;1;1;2;0;0
23,5139;199,7441;11,3000;-2,5440;-0,3632;0,0000;0,0000;0,0000;0,0000;0,0000;-0,4540;1,3500;-1,1900;0;0,0488;20,5000;0;1;1;2;0;0
23,5278;199,7005;11,3000;-2,5156;-0,3631;0,0000;0,0000;0,0000;0,0000;0,0000;-0,4539;1,4000;-1,1100;0;0,0487;20,5400;0;1;1;2;0;0
23,5417;199,6569;11,3000;-2,4907;-0,3631;0,0000;0,0000;0,0000;0,0000;0,0000;-0,4538;1,4500;-1,0400;0;0,0486;20,5900;0;1;1;2;0;0
23,5556;199,6133;11,3000;-2,4709;-0,3630;0,0000;0,0000;0,0000;0,0000;0,0000;-0,4538;1,5000;-0,9700;0;0,0485;20,6400;0;1;1;2;0;0
23,5695;199,5826;11,3000;-2,4638;-0,3629;0,0000;0,0000;0,0000;0,0000;0,0000;-0,4537;1,5100;-0,9500;0;0,0484;20,6700;0;1;1;2;0;0
23,5834;199,5826;11,3000;-2,4602;-0,3626;0,0000;0,0000;0,0000;0,0000;0,0000;-0,4533;1,4400;-1,0200;0;0,0484;20,6700;0;1;1;2;0;0
23,5973;199,5826;11,3000;-2,4565;-0,3623;0,0000;0,0000;0,0000;0,0000;0,0000;-0,4529;1,3700;-1,0900;0;0,0484;20,6700;0;1;1;2;0;0
23,6111;199,5826;11,3000;-2,4545;-0,3621;0,0000;0,0000;0,0000;0,0000;0,0000;-0,4526;1,3000;-1,1600;0;0,0484;20,6700;0;1;1;2;0;0
23,6250;199,5826;11,3000;-2,4539;-0,3619;0,0000;0,0000;0,0000;0,0000;0,0000;-0,4524;1,2300;-1,2300;0;0,0484;20,6700;0;1;1;2;0;0
23,6389;199,3417;11,3000;-2,4617;-0,3597;0,0000;0,0000;0,0000;0,0000;0,0000;-0,4496;1,8100;-0,6400;0;0,0478;20,9400;0;1;1;2;0;0
23,6528;199,2981;11,3000;-2,4821;-0,3592;0,0000;0,0000;0,0000;0,0000;0,0000;-0,4490;1,8600;-0,6200;0;0,0476;20,9900;0;1;1;2;0;0
23,6667;199,2545;11,3000;-2,5267;-0,3588;0,0000;0,0000;0,0000;0,0000;0,0000;-0,4485;1,9000;-0,6200;0;0,0475;21,0400;0;1;1;2;0;0
23,6806;199,2109;11,3000;-2,5869;-0,3584;0,0000;0,0000;0,0000;0,0000;0,0000;-0,4480;1,9500;-0,6300;0;0,0474;21,0900;0;1;1;2;0;0
23,6945;199,1673;11,3000;-2,6315;-0,3581;0,0000;0,0000;0,0000;0,0000;0,0000;-0,4477;1,9900;-0,6400;0;0,0473;21,1400;0;1;1;2;0;0
23,7084;199,1269;11,3000;-2,6680;-0,3578;0,0000;0,0000;0,0000;0,0000;0,0000;-0,4473;2,0200;-0,6400;0;0,0472;21,1800;0;1;1;2;0;0
23,7223;199,1269;11,3000;-2,6941;-0,3573;0,0000;0,0000;0,0000;0,0000;0,0000;-0,4466;1,9400;-0,7500;0;0,0472;21,1800;0;1;1;2;0;0
23,7361;199,1269;11,3000;-2,7134;-0,3568;0,0000;0,0000;0,0000;0,0000;0,0000;-0,4459;1,8600;-0,8500;0;0,0472;21,1800;0;1;1;2;0;0
23,7500;199,1269;11,3000;-2,7413;-0,3563;0,0000;0,0000;0,0000;0,0000;0,0000;-0,4454;1,7800;-0,9600;0;0,0472;21,1800;0;1;1;2;0;0
23,7639;199,1269;11,3000;-2,7800;-0,3559;0,0000;0,0000;0,0000;0,0000;0,0000;-0,4449;1,7000;-1,0800;0;0,0472;21,1800;0;1;1;2;0;0
23,7778;198,8961;11,3000;-2,8308;-0,3536;0,0000;0,0000;0,0000;0,0000;0,0000;-0,4420;2,2400;-0,5900;0;0,0466;21,4500;0;1;1;2;0;0
23,7917;198,8526;11,3000;-2,9007;-0,3529;0,0000;0,0000;0,0000;0,0000;0,0000;-0,4412;2,2700;-0,6300;0;0,0465;21,5000;0;1;1;2;0;0
23,8056;198,8090;11,3000;-2,9917;-0,3524;0,0000;0,0000;0,0000;0,0000;0,0000;-0,4405;2,3000;-0,6900;0;0,0464;21,5500;0;1;1;2;0;0
23,8195;198,7654;11,3000;-3,1292;-0,3519;0,0000;0,0000;0,0000;0,0000;0,0000;-0,4399;2,3200;-0,8000;0;0,0463;21,6100;0;1;1;2;0;0
23,8334;198,7218;11,3000;-3,2483;-0,3515;0,0000;0,0000;0,0000;0,0000;0,0000;-0,4393;2,3400;-0,9000;0;0,0462;21,6600;0;1;1;2;0;0
23,8473;198,6781;11,3000;-3,3687;-0,3512;0,0000;0,0000;0,0000;0,0000;0,0000;-0,4389;2,3600;-1,0000;0;0,0461;21,7100;0;1;1;2;0;0
23,8611;198,6712;11,3000;-3,5043;-0,3506;0,0000;0,0000;0,0000;0,0000;0,0000;-0,4383;2,2800;-1,2300;0;0,0460;21,7200;0;1;1;2;0;0
23,8750;198,6712;11,3000;-3,6179;-0,3501;0,0000;0,0000;0,0000;0,0000;0,0000;-0,4376;2,1700;-1,4500;0;0,0460;21,7200;0;1;1;2;0;0
23,8889;198,6712;11,3000;-3,7226;-0,3497;0,0000;0,0000;0,0000;0,0000;0,0000;-0,4371;2,0600;-1,6600;0;0,0460;21,7200;0;1;1;2;0;0
23,9028;198,6712;11,3000;-3,8613;-0,3494;0,0000;0,0000;0,0000;0,0000;0,0000;-0,4367;1,9500;-1,9100;0;0,0460;21,7200;0;1;1;2;0;0
23,9167;198,6712;11,3000;-3,9727;-0,3491;0,0000;0,0000;0,0000;0,0000;0,0000;-0,4364;1,8300;-2,1400;0;0,0460;21,7200;0;1;1;2;0;0
23,9306;198,4074;11,3000;-4,0861;-0,3468;0,0000;0,0000;0,0000;0,0000;0,0000;-0,4335;2,4000;-1,6800;0;0,0454;22,0400;0;1;1;2;0;0
23,9445;198,3638;11,3000;-4,1607;-0,3464;0,0000;0,0000;0,0000;0,0000;0,0000;-0,4330;2,3900;-1,7600;0;0,0453;22,0900;0;1;1;2;0;0
23,9584;198,3201;11,3000;-4,2115;-0,3461;0,0000;0,0000;0,0000;0,0000;0,0000;-0,4326;2,3800;-1,8200;0;0,0451;22,1500;0;1;1;2;0;0
23,9723;198,2765;11,3000;-4,2665;-0,3459;0,0000;0,0000;0,0000;0,0000;0,0000;-0,4324;2,3700;-1,8900;0;0,0450;22,2000;0;1;1;2;0;0
23,9861;198,2329;11,3000;-4,2941;-0,3457;0,0000;0,0000;0,0000;0,0000;0,0000;-0,4322;2,3600;-1,9300;0;0,0449;22,2600;0;1;1;2;0;0
24,0000;198,2157;11,3000;-4,3240;-0,3455;0,0000;0,0000;0,0000;0,0000;0,0000;-0,4318;2,2800;-2,0500;0;0,0449;22,2800;0;1;1;2;0;0
24,0139;198,2157;11,3000;-4,3438;-0,3451;0,0000;0,0000;0,0000;0,0000;0,0000;-0,4314;2,1500;-2,1900;0;0,0449;22,2800;0;1;1;2;0;0
24,0278;198,2157;11,3000;-4,3512;-0,3449;0,0000;0,0000;0,0000;0,0000;0,0000;-0,4311;2,0200;-2,3300;0;0,0449;22,2800;0;1;1;2;0;0
24,0417;198,2157;11,3000;-4,3639;-0,3447;0,0000;0,0000;0,0000;0,0000;0,0000;-0,4309;1,9000;-2,4700;0;0,0449;22,2800;0;1;1;2;0;0
24,0556;198,2157;11,3000;-4,3982;-0,3446;0,0000;0,0000;0,0000;0,0000;0,0000;-0,4308;1,7700;-2,6300;0;0,0449;22,2800;0;1;1;2;0;0
24,0695;197,9624;11,3000;-4,4348;-0,3426;0,0000;0,0000;0,0000;0,0000;0,0000;-0,4282;2,2800;-2,1500;0;0,0442;22,6000;0;1;1;2;0;0
24,0834;197,9188;11,3000;-4,5137;-0,3423;0,0000;0,0000;0,0000;0,0000;0,0000;-0,4279;2,2600;-2,2500;0;0,0441;22,6600;0;1;1;2;0;0
24,0973;197,8752;11,3000;-4,6304;-0,3421;0,0000;0,0000;0,0000;0,0000;0,0000;-0,4277;2,2400;-2,3900;0;0,0440;22,7100;0;1;1;2;0;0
24,1111;197,8316;11,3000;-4,7362;-0,3420;0,0000;0,0000;0,0000;0,0000;0,0000;-0,4276;2,2100;-2,5200;0;0,0439;22,7700;0;1;1;2;0;0
24,1250;197,7879;11,3000;-4,8984;-0,3421;0,0000;0,0000;0,0000;0,0000;0,0000;-0,4276;2,1800;-2,7200;0;0,0438;22,8300;0;1;1;8;0;0
24,1389;197,7598;11,3000;-5,0586;-0,3422;0,0000;0,0000;0,0000;0,0000;0,0000;-0,4277;2,1000;-2,9600;0;0,0437;22,8600;0;1;1;8;0;0
24,1528;197,7598;11,3000;-5,1818;-0,3421;0,0000;0,0000;0,0000;0,0000;0,0000;-0,4276;1,9500;-3,2300;0;0,0437;22,8600;0;1;1;8;0;0
24,1667;197,7598;11,3000;-5,3230;-0,3422;0,0000;0,0000;0,0000;0,0000;0,0000;-0,4277;1,8000;-3,5200;0;0,0437;22,8600;0;1;1;8;0;0
24,1806;197,7598;11,3000;-5,4159;-0,3424;0,0000;0,0000;0,0000;0,0000;0,0000;-0,4279;1,6400;-3,7800;0;0,0437;22,8600;0;1;1;8;0;0
24,1945;197,7598;11,3000;-5,4847;-0,3427;0,0000;0,0000;0,0000;0,0000;0,0000;-0,4283;1,4800;-4,0000;0;0,0437;22,8600;0;1;1;8;0;0
24,2084;197,5177;11,3000;-5,5247;-0,3412;0,0000;0,0000;0,0000;0,0000;0,0000;-0,4265;1,9200;-3,6000;0;0,0431;23,1800;0;1;1;8;0;0
24,2223;197,4741;11,3000;-5,5053;-0,3413;0,0000;0,0000;0,0000;0,0000;0,0000;-0,4267;1,8700;-3,6300;0;0,0430;23,2400;0;1;1;8;0;0
24,2361;197,4305;11,4000;-5,4781;-0,3416;0,0000;0,0000;0,0000;0,0000;0,0000;-0,4270;1,8100;-3,6600;0;0,0429;23,3000;0;1;1;8;0;0
24,2500;197,3865;11,4000;-5,4630;-0,3419;0,0000;0,0000;0,0000;0,0000;0,0000;-0,4274;1,7600;-3,7000;0;0,0428;23,3600;0;1;1;8;0;0
24,2639;197,3425;11,4000;-5,4004;-0,3423;0,0000;0,0000;0,0000;0,0000;0,0000;-0,4279;1,7100;-3,6800;0;0,0427;23,4200;0;1;1;8;0;0
24,2778;197,3046;11,4000;-5,2844;-0,3428;0,0000;0,0000;0,0000;0,0000;0,0000;-0,4285;1,6500;-3,6300;0;0,0426;23,4700;0;1;1;8;0;0
24,2917;197,3046;11,4000;-5,1492;-0,3430;0,0000;0,0000;0,0000;0,0000;0,0000;-0,4287;1,5000;-3,6500;0;0,0426;23,4700;0;1;1;8;0;0
24,3056;197,3046;11,4000;-4,9600;-0,3432;0,0000;0,0000;0,0000;0,0000;0,0000;-0,4291;1,3600;-3,6000;0;0,0426;23,4700;0;1;1;8;0;0
24,3195;197,3046;11,4000;-4,7765;-0,3435;0,0000;0,0000;0,0000;0,0000;0,0000;-0,4294;1,2200;-3,5600;0;0,0426;23,4700;0;1;1;8;0;0
24,3334;197,3046;11,4000;-4,5216;-0,3439;0,0000;0,0000;0,0000;0,0000;0,0000;-0,4298;1,0900;-3,4400;0;0,0426;23,4700;0;1;1;8;0;0
24,3473;197,0701;11,4000;-4,2627;-0,3424;0,0000;0,0000;0,0000;0,0000;0,0000;-0,4280;1,5300;-2,7300;0;0,0420;23,7900;0;1;1;8;0;0
24,3611;197,0261;11,4000;-4,0164;-0,3424;0,0000;0,0000;0,0000;0,0000;0,0000;-0,4280;1,5100;-2,5000;0;0,0419;23,8500;0;1;1;8;0;0
24,3750;196,9821;11,4000;-3,7630;-0,3425;0,0000;0,0000;0,0000;0,0000;0,0000;-0,4281;1,5100;-2,2500;0;0,0418;23,9100;0;1;1;8;0;0
24,3889;196,9381;11,4000;-3,5669;-0,3425;0,0000;0,0000;0,0000;0,0000;0,0000;-0,4282;1,5100;-2,0500;0;0,0417;23,9700;0;1;1;8;0;0
24,4028;196,8941;11,4000;-3,3911;-0,3426;0,0000;0,0000;0,0000;0,0000;0,0000;-0,4283;1,5200;-1,8700;0;0,0416;24,0300;0;1;1;8;0;0
24,4167;196,8501;11,4000;-3,2648;-0,3427;0,0000;0,0000;0,0000;0,0000;0,0000;-0,4284;1,5300;-1,7300;0;0,0415;24,0900;0;1;1;8;0;0
24,4306;196,8484;11,4000;-3,2067;-0,3425;0,0000;0,0000;0,0000;0,0000;0,0000;-0,4282;1,4400;-1,7700;0;0,0415;24,0900;0;1;1;8;0;0
24,4445;196,8484;11,4000;-3,1308;-0,3424;0,0000;0,0000;0,0000;0,0000;0,0000;-0,4280;1,3500;-1,7800;0;0,0415;24,0900;0;1;1;8;0;0
24,4584;196,8484;11,4000;-3,0797;-0,3423;0,0000;0,0000;0,0000;0,0000;0,0000;-0,4278;1,2600;-1,8200;0;0,0415;24,0900;0;1;1;8;0;0
24,4723;196,8484;11,4000;-3,0429;-0,3422;0,0000;0,0000;0,0000;0,0000;0,0000;-0,4278;1,1700;-1,8700;0;0,0415;24,0900;0;1;1;8;0;0
24,4861;196,8484;11,4000;-3,0033;-0,3422;0,0000;0,0000;0,0000;0,0000;0,0000;-0,4277;1,0800;-1,3900;0;0,0415;24,0900;0;1;1;8;0;0
24,5000;196,5781;11,4000;-2,9746;-0,3402;0,0000;0,0000;0,0000;0,0000;0,0000;-0,4253;1,6300;-1,3400;0;0,0409;24,4700;0;1;1;8;0;0
24,5139;196,5341;11,4000;-2,9460;-0,3400;0,0000;0,0000;0,0000;0,0000;0,0000;-0,4250;1,6500;-1,2900;0;0,0408;24,5400;0;1;1;8;0;0
24,5278;196,4901;11,4000;-2,9144;-0,3398;0,0000;0,0000;0,0000;0,0000;0,0000;-0,4247;1,6700;-1,2400;0;0,0407;24,6000;0;1;1;8;0;0
24,5417;196,4461;11,4000;-2,8964;-0,3396;0,0000;0,0000;0,0000;0,0000;0,0000;-0,4245;1,6900;-1,2100;0;0,0405;24,6600;0;1;1;8;0;0
24,5556;196,4022;11,4000;-2,8888;-0,3395;0,0000;0,0000;0,0000;0,0000;0,0000;-0,4244;1,7000;-1,1800;0;0,0404;24,7300;0;1;1;8;0;0
24,5695;196,3933;11,4000;-2,8890;-0,3392;0,0000;0,0000;0,0000;0,0000;0,0000;-0,4240;1,6400;-1,2500;0;0,0404;24,7400;0;1;1;8;0;0
24,5834;196,3933;11,4000;-2,8981;-0,3388;0,0000;0,0000;0,0000;0,0000;0,0000;-0,4236;1,5600;-1,3400;0;0,0404;24,7400;0;1;1;8;0;0
24,5973;196,3933;11,4000;-2,9018;-0,3386;0,0000;0,0000;0,0000;0,0000;0,0000;-0,4232;1,4700;-1,4300;0;0,0404;24,7400;0;1;1;8;0;0
24,6111;196,3933;11,4000;-2,9031;-0,3383;0,0000;0,0000;0,0000;0,0000;0,0000;-0,4229;1,3900;-1,5200;0;0,0404;24,7400;0;1;1;8;0;0
24,6250;196,3933;11,4000;-2,9016;-0,3382;0,0000;0,0000;0,0000;0,0000;0,0000;-0,4227;1,3000;-1,6000;0;0,0404;24,7400;0;1;1;8;0;0
24,6389;196,1304;11,4000;-2,9044;-0,3362;0,0000;0,0000;0,0000;0,0000;0,0000;-0,4202;1,8200;-1,0800;0;0,0398;25,1200;0;1;1;8;0;0
24,6528;196,0865;11,4000;-2,9271;-0,3358;0,0000;0,0000;0,0000;0,0000;0,0000;-0,4198;1,8300;-1,0900;0;0,0397;25,1800;0;1;1;8;0;0
24,6667;196,0425;11,4000;-2,9867;-0,3355;0,0000;0,0000;0,0000;0,0000;0,0000;-0,4194;1,8500;-1,1400;0;0,0396;25,2500;0;1;1;8;0;0
24,6806;195,9985;11,4000;-3,0600;-0,3353;0,0000;0,0000;0,0000;0,0000;0,0000;-0,4191;1,8600;-1,2000;0;0,0395;25,3200;0;1;1;8;0;0
24,6945;195,9545;11,4000;-3,1334;-0,3351;0,0000;0,0000;0,0000;0,0000;0,0000;-0,4188;1,8700;-1,2600;0;0,0394;25,3800;0;1;1;8;0;0
24,7084;195,9369;11,4000;-3,1809;-0,3348;0,0000;0,0000;0,0000;0,0000;0,0000;-0,4185;1,8100;-1,3700;0;0,0394;25,4100;0;1;1;8;0;0
24,7223;195,9369;11,4000;-3,2335;-0,3345;0,0000;0,0000;0,0000;0,0000;0,0000;-0,4181;1,7200;-1,5100;0;0,0394;25,4100;0;1;1;8;0;0
24,7361;195,9369;11,4000;-3,2441;-0,3342;0,0000;0,0000;0,0000;0,0000;0,0000;-0,4177;1,6200;-1,6200;0;0,0394;25,4100;0;1;1;8;0;0
24,7500;195,9369;11,4000;-3,3603;-0,3340;0,0000;0,0000;0,0000;0,0000;0,0000;-0,4175;1,5300;-1,8300;0;0,0394;25,4100;0;1;1;8;0;0
24,7639;195,9369;11,4000;-3,4094;-0,3339;0,0000;0,0000;0,0000;0,0000;0,0000;-0,4173;1,4300;-1,9800;0;0,0394;25,4100;0;1;1;8;0;0
24,7778;195,6830;11,4000;-3,4485;-0,3320;0,0000;0,0000;0,0000;0,0000;0,0000;-0,4150;1,8900;-1,5500;0;0,0388;25,7800;0;1;1;8;0;0
24,7917;195,6391;11,4000;-3,4843;-0,3317;0,0000;0,0000;0,0000;0,0000;0,0000;-0,4146;1,8900;-1,5900;0;0,0387;25,8500;0;1;1;8;0;0
24,8056;195,5951;11,4000;-3,4955;-0,3315;0,0000;0,0000;0,0000;0,0000;0,0000;-0,4143;1,8800;-1,6100;0;0,0386;25,9200;0;1;1;8;0;0
24,8195;195,5511;11,4000;-3,5167;-0,3313;0,0000;0,0000;0,0000;0,0000;0,0000;-0,4141;1,8800;-1,6400;0;0,0385;25,9800;0;1;1;8;0;0
24,8334;195,5071;11,4000;-3,5368;-0,3312;0,0000;0,0000;0,0000;0,0000;0,0000;-0,4140;1,8700;-1,6600;0;0,0384;26,0500;0;1;1;8;0;0
24,8473;195,4821;11,4000;-3,5575;-0,3310;0,0000;0,0000;0,0000;0,0000;0,0000;-0,4138;1,8200;-1,7300;0;0,0383;26,0900;0;1;1;8;0;0
24,8611;195,4821;11,4000;-3,5991;-0,3308;0,0000;0,0000;0,0000;0,0000;0,0000;-0,4135;1,7200;-1,8800;0;0,0383;26,0900;0;1;1;8;0;0
24,8750;195,4821;11,4000;-3,6491;-0,3306;0,0000;0,0000;0,0000;0,0000;0,0000;-0,4132;1,6100;-2,0400;0;0,0383;26,0900;0;1;1;8;0;0
24,8889;195,4821;11,4000;-3,6588;-0,3304;0,0000;0,0000;0,0000;0,0000;0,0000;-0,4131;1,5000;-2,1500;0;0,0383;26,0900;0;1;1;8;0;0
24,9028;195,4821;11,4000;-3,7159;-0,3304;0,0000;0,0000;0,0000;0,0000;0,0000;-0,4130;1,4000;-2,3200;0;0,0383;26,0900;0;1;1;8;0;0
24,9167;195,2359;11,4000;-3,7506;-0,3287;0,0000;0,0000;0,0000;0,0000;0,0000;-0,4109;1,8200;-1,9300;0;0,0378;26,4700;0;1;1;8;0;0
24,9306;195,1919;11,4000;-3,7868;-0,3285;0,0000;0,0000;0,0000;0,0000;0,0000;-0,4107;1,8000;-1,9800;0;0,0377;26,5300;0;1;1;8;0;0
24,9445;195,1479;11,4000;-3,8245;-0,3284;0,0000;0,0000;0,0000;0,0000;0,0000;-0,4105;1,7900;-2,0300;0;0,0376;26,6000;0;1;1;8;0;0
24,9584;195,1039;11,4000;-3,8672;-0,3284;0,0000;0,0000;0,0000;0,0000;0,0000;-0,4104;1,7700;-2,0900;0;0,0375;26,6700;0;1;1;8;0;0
24,9723;195,0599;11,4000;-3,9301;-0,3284;0,0000;0,0000;0,0000;0,0000;0,0000;-0,4105;1,7500;-2,1800;0;0,0374;26,7400;0;1;1;8;0;0
24,9861;195,0255;11,4000;-4,0383;-0,3285;0,0000;0,0000;0,0000;0,0000;0,0000;-0,4106;1,7100;-2,3300;0;0,0373;26,7900;0;1;1;8;0;0
25,0000;195,0255;11,4000;-4,1543;-0,3284;0,0000;0,0000;0,0000;0,0000;0,0000;-0,4105;1,5900;-2,5700;0;0,0373;26,7900;0;1;1;8;0;0
25,0139;195,0255;11,4000;-4,2795;-0,3285;0,0000;0,0000;0,0000;0,0000;0,0000;-0,4106;1,4600;-2,8200;0;0,0373;26,7900;0;1;1;8;0;0
25,0278;195,0255;11,4000;-4,3969;-0,3286;0,0000;0,0000;0,0000;0,0000;0,0000;-0,4108;1,3300;-3,0700;0;0,0373;26,7900;0;1;1;8;0;0
25,0417;195,0255;11,4000;-4,4205;-0,3289;0,0000;0,0000;0,0000;0,0000;0,0000;-0,4111;1,2000;-3,2200;0;0,0373;26,7900;0;1;1;8;0;0
25,0556;194,7890;11,4000;-4,5726;-0,3277;0,0000;0,0000;0,0000;0,0000;0,0000;-0,4096;1,5700;-3,0000;0;0,0368;27,1600;0;1;1;8;0;0
25,0695;194,7449;11,4000;-4,6642;-0,3279;0,0000;0,0000;0,0000;0,0000;0,0000;-0,4098;1,5200;-3,1400;0;0,0367;27,2300;0;1;1;8;0;0
25,0834;194,7010;11,4000;-4,7284;-0,3282;0,0000;0,0000;0,0000;0,0000;0,0000;-0,4102;1,4700;-3,2500;0;0,0366;27,3000;0;1;1;8;0;0
25,0973;194,6570;11,4000;-4,7776;-0,3285;0,0000;0,0000;0,0000;0,0000;0,0000;-0,4107;1,4300;-3,3500;0;0,0365;27,3700;0;1;1;8;0;0
25,1111;194,6129;11,4000;-4,8322;-0,3290;0,0000;0,0000;0,0000;0,0000;0,0000;-0,4113;1,3800;-3,4500;0;0,0364;27,4400;0;1;1;8;0;0
25,1250;194,5708;11,4000;-4,8729;-0,3296;0,0000;0,0000;0,0000;0,0000;0,0000;-0,4120;1,3200;-3,5500;0;0,0363;27,5100;0;1;1;0;0;0
25,1389;194,5708;11,4000;-4,8870;-0,3300;0,0000;0,0000;0,0000;0,0000;0,0000;-0,4125;1,1800;-3,7100;0;0,0363;27,5100;0;1;1;0;0;0
25,1528;194,5708;11,4000;-4,8870;-0,3304;0,0000;0,0000;0,0000;0,0000;0,0000;-0,4130;1,0300;-3,8500;0;0,0363;27,5100;0;1;1;0;0;0
25,1667;194,5708;11,4000;-4,8776;-0,3310;0,0000;0,0000;0,0000;0,0000;0,0000;-0,4137;0,8900;-3,9900;0;0,0363;27,5100;0;1;1;0;0;0
25,1806;194,5708;11,4000;-4,8624;-0,3316;0,0000;0,0000;0,0000;0,0000;0,0000;-0,4145;0,7500;-4,1200;0;0,0363;27,5100;0;1;1;0;0;0
25,1945;194,3421;11,4000;-4,8593;-0,3308;0,0000;0,0000;0,0000;0,0000;0,0000;-0,4135;1,0700;-3,7800;0;0,0359;27,8800;0;1;1;0;0;0
25,2084;194,2981;11,4000;-4,8423;-0,3313;0,0000;0,0000;0,0000;0,0000;0,0000;-0,4141;1,0200;-3,8200;0;0,0358;27,9500;0;1;1;0;0;0
25,2223;194,2541;11,4000;-4,8266;-0,3319;0,0000;0,0000;0,0000;0,0000;0,0000;-0,4148;0,9700;-3,8600;0;0,0357;28,0200;0;1;1;0;0;0
25,2361;194,2101;11,6000;-4,8234;-0,3326;0,0000;0,0000;0,0000;0,0000;0,0000;-0,4157;0,9100;-3,9100;0;0,0356;28,0900;0;1;1;0;0;0
25,2500;194,1654;11,6000;-4,7535;-0,3333;0,0000;0,0000;0,0000;0,0000;0,0000;-0,4166;0,8600;-3,8900;0;0,0355;28,1600;0;1;1;0;0;0
25,2639;194,1206;11,6000;-4,6752;-0,3341;0,0000;0,0000;0,0000;0,0000;0,0000;-0,4177;0,8200;-3,8600;0;0,0354;28,2400;0;1;1;0;0;0
25,2778;194,1141;11,6000;-4,6182;-0,3348;0,0000;0,0000;0,0000;0,0000;0,0000;-0,4185;0,6900;-3,9300;0;0,0354;28,2500;0;1;1;0;0;0
25,2917;194,1141;11,6000;-4,5588;-0,3355;0,0000;0,0000;0,0000;0,0000;0,0000;-0,4193;0,5500;-4,0100;0;0,0354;28,2500;0;1;1;0;0;0
25,3056;194,1141;11,6000;-4,5086;-0,3362;0,0000;0,0000;0,0000;0,0000;0,0000;-0,4203;0,4200;-4,0900;0;0,0354;28,2500;0;1;1;0;0;0
25,3195;194,1141;11,6000;-4,4643;-0,3370;0,0000;0,0000;0,0000;0,0000;0,0000;-0,4213;0,2800;-4,1800;0;0,0354;28,2500;0;1;1;0;0;0
25,3334;194,1141;11,6000;-4,4042;-0,3379;0,0000;0,0000;0,0000;0,0000;0,0000;-0,4224;0,1500;-4,2500;0;0,0354;28,2500;0;1;1;0;0;0
25,3473;193,8453;11,6000;-4,3921;-0,3372;0,0000;0,0000;0,0000;0,0000;0,0000;-0,4215;0,5600;-3,8300;0;0,0349;28,6800;0;1;1;0;0;0
25,3611;193,8005;11,6000;-4,3236;-0,3379;0,0000;0,0000;0,0000;0,0000;0,0000;-0,4224;0,5200;-3,8000;0;0,0348;28,7600;0;1;1;0;0;0
25,3750;193,7557;11,6000;-4,2664;-0,3387;0,0000;0,0000;0,0000;0,0000;0,0000;-0,4234;0,4800;-3,7800;0;0,0347;28,8300;0;1;1;0;0;0
25,3889;193,7110;11,6000;-4,2070;-0,3396;0,0000;0,0000;0,0000;0,0000;0,0000;-0,4245;0,4500;-3,7600;0;0,0346;28,9100;0;1;1;0;0;0
25,4028;193,6662;11,6000;-4,1209;-0,3406;0,0000;0,0000;0,0000;0,0000;0,0000;-0,4257;0,4100;-3,7100;0;0,0345;28,9800;0;1;1;0;0;0
25,4167;193,6595;11,6000;-3,9728;-0,3413;0,0000;0,0000;0,0000;0,0000;0,0000;-0,4266;0,3100;-3,6600;0;0,0345;28,9900;0;1;1;0;0;0
25,4306;193,6595;11,6000;-3,8026;-0,3420;0,0000;0,0000;0,0000;0,0000;0,0000;-0,4275;0,1900;-3,6100;0;0,0345;28,9900;0;1;1;0;0;0
25,4445;193,6595;11,6000;-3,5957;-0,3428;0,0000;0,0000;0,0000;0,0000;0,0000;-0,4285;0,0800;-3,5100;0;0,0345;28,9900;0;1;1;0;0;0
25,4584;193,6595;11,6000;-3,3946;-0,3436;0,0000;0,0000;0,0000;0,0000;0,0000;-0,4295;0,0000;-3,4100;0;0,0345;28,9900;0;1;1;0;0;0
25,4723;193,6595;11,6000;-3,2080;-0,3443;0,0000;0,0000;0,0000;0,0000;0,0000;-0,4304;-0,1100;-3,3200;0;0,0345;28,9900;0;1;1;0;0;0
25,4861;193,3910;11,6000;-3,0529;-0,3435;0,0000;0,0000;0,0000;0,0000;0,0000;-0,4294;0,3200;-2,7300;0;0,0340;29,4400;0;1;1;0;0;0
25,5000;193,3462;11,4000;-3,0222;-0,3441;0,0000;0,0000;0,0000;0,0000;0,0000;-0,4301;0,3200;-2,7000;0;0,0339;29,5100;0;1;1;0;0;0
25,5139;193,3022;11,4000;-2,9561;-0,3447;0,0000;0,0000;0,0000;0,0000;0,0000;-0,4309;0,3200;-2,6300;0;0,0338;29,5900;0;1;1;0;0;0
25,5278;193,2583;11,4000;-2,9108;-0,3454;0,0000;0,0000;0,0000;0,0000;0,0000;-0,4317;0,3200;-2,5800;0;0,0337;29,6600;0;1;1;0;0;0
25,5417;193,2143;11,4000;-2,8732;-0,3461;0,0000;0,0000;0,0000;0,0000;0,0000;-0,4326;0,3300;-2,5500;0;0,0336;29,7400;0;1;1;0;0;0
25,5556;193,2027;11,4000;-2,8394;-0,3466;0,0000;0,0000;0,0000;0,0000;0,0000;-0,4333;0,2600;-2,5700;0;0,0336;29,7600;0;1;1;0;0;0
25,5695;193,2027;11,4000;-2,7891;-0,3471;0,0000;0,0000;0,0000;0,0000;0,0000;-0,4339;0,1800;-2,6100;0;0,0336;29,7600;0;1;1;0;0;0
25,5834;193,2027;11,4000;-2,7496;-0,3477;0,0000;0,0000;0,0000;0,0000;0,0000;-0,4346;0,1000;-2,6500;0;0,0336;29,7600;0;1;1;0;0;0
25,5973;193,2027;11,4000;-2,7164;-0,3483;0,0000;0,0000;0,0000;0,0000;0,0000;-0,4354;0,0300;-2,6900;0;0,0336;29,7600;0;1;1;0;0;0
25,6111;193,2027;11,4000;-2,6753;-0,3489;0,0000;0,0000;0,0000;0,0000;0,0000;-0,4361;-0,0500;-2,7300;0;0,0336;29,7600;0;1;1;0;0;0
25,6250;192,9437;11,4000;-2,6531;-0,3480;0,0000;0,0000;0,0000;0,0000;0,0000;-0,4350;0,3600;-2,2900;0;0,0331;30,2000;0;1;1;0;0;0
25,6389;192,8997;11,4000;-2,6328;-0,3484;0,0000;0,0000;0,0000;0,0000;0,0000;-0,4355;0,3700;-2,2600;0;0,0330;30,2700;0;1;1;0;0;0
25,6528;192,8557;11,4000;-2,6287;-0,3489;0,0000;0,0000;0,0000;0,0000;0,0000;-0,4361;0,3800;-2,2500;0;0,0330;30,3500;0;1;1;0;0;0
25,6667;192,8118;11,4000;-2,6038;-0,3494;0,0000;0,0000;0,0000;0,0000;0,0000;-0,4368;0,3800;-2,2200;0;0,0329;30,4200;0;1;1;0;0;0
25,6806;192,7678;11,4000;-2,5817;-0,3500;0,0000;0,0000;0,0000;0,0000;0,0000;-0,4375;0,3900;-2,1900;0;0,0328;30,5000;0;1;1;0;0;0
25,6945;192,7481;11,4000;-2,5612;-0,3505;0,0000;0,0000;0,0000;0,0000;0,0000;-0,4381;0,3500;-2,2100;0;0,0328;30,5300;0;1;1;0;0;0
25,7084;192,7481;11,4000;-2,5415;-0,3508;0,0000;0,0000;0,0000;0,0000;0,0000;-0,4385;0,2800;-2,2600;0;0,0328;30,5300;0;1;1;0;0;0
25,7223;192,7481;11,4000;-2,5125;-0,3512;0,0000;0,0000;0,0000;0,0000;0,0000;-0,4391;0,2100;-2,3100;0;0,0328;30,5300;0;1;1;0;0;0
25,7361;192,7481;11,4000;-2,4682;-0,3517;0,0000;0,0000;0,0000;0,0000;0,0000;-0,4396;0,1400;-2,3300;0;0,0328;30,5300;0;1;1;0;0;0
25,7500;192,7481;11,4000;-2,4000;-0,3522;0,0000;0,0000;0,0000;0,0000;0,0000;-0,4402;0,0700;-2,3400;0;0,0328;30,5300;0;1;1;0;0;0
25,7639;192,4973;11,4000;-2,3249;-0,3512;0,0000;0,0000;0,0000;0,0000;0,0000;-0,4390;0,4600;-1,8600;0;0,0323;30,9600;0;1;1;0;0;0
25,7778;192,4534;11,4000;-2,2496;-0,3515;0,0000;0,0000;0,0000;0,0000;0,0000;-0,4394;0,4800;-1,7700;0;0,0322;31,0400;0;1;1;0;0;0
25,7917;192,4094;11,4000;-2,1913;-0,3518;0,0000;0,0000;0,0000;0,0000;0,0000;-0,4397;0,4900;-1,6900;0;0,0321;31,1100;0;1;1;0;0;0
25,8056;192,3654;11,4000;-2,1796;-0,3521;0,0000;0,0000;0,0000;0,0000;0,0000;-0,4401;0,5100;-1,6600;0;0,0321;31,1900;0;1;1;0;0;0
25,8195;192,3214;11,4000;-2,1058;-0,3525;0,0000;0,0000;0,0000;0,0000;0,0000;-0,4406;0,5300;-1,5700;0;0,0320;31,2700;0;1;1;0;0;0
25,8334;192,2914;11,4000;-2,0675;-0,3528;0,0000;0,0000;0,0000;0,0000;0,0000;-0,4410;0,5300;-1,5400;0;0,0319;31,3200;0;1;1;0;0;0
25,8473;192,2914;11,4000;-2,0229;-0,3529;0,0000;0,0000;0,0000;0,0000;0,0000;-0,4411;0,4700;-1,5500;0;0,0319;31,3200;0;1;1;0;0;0
25,8611;192,2914;11,4000;-1,9853;-0,3531;0,0000;0,0000;0,0000;0,0000;0,0000;-0,4414;0,4100;-1,5700;0;0,0319;31,3200;0;1;1;0;0;0
25,8750;192,2914;11,4000;-1,9544;-0,3533;0,0000;0,0000;0,0000;0,0000;0,0000;-0,4416;0,3500;-1,6000;0;0,0319;31,3200;0;1;1;0;0;0
25,8889;192,2914;11,4000;-1,9301;-0,3535;0,0000;0,0000;0,0000;0,0000;0,0000;-0,4419;0,3000;-1,6300;0;0,0319;31,3200;0;1;1;0;0;0
25,9028;192,0511;11,4000;-1,8859;-0,3524;0,0000;0,0000;0,0000;0,0000;0,0000;-0,4405;0,6800;-1,2000;0;0,0315;31,7400;0;1;1;0;0;0
25,9167;192,0071;11,4000;-1,8429;-0,3524;0,0000;0,0000;0,0000;0,0000;0,0000;-0,4405;0,7000;-1,1400;0;0,0314;31,8100;0;1;1;0;0;0
25,9306;191,9631;11,4000;-1,7894;-0,3524;0,0000;0,0000;0,0000;0,0000;0,0000;-0,4406;0,7300;-1,0500;0;0,0314;31,8900;0;1;1;0;0;0
25,9445;191,9191;11,4000;-1,7129;-0,3525;0,0000;0,0000;0,0000;0,0000;0,0000;-0,4406;0,7600;-0,9500;0;0,0313;31,9700;0;1;1;0;0;0
25,9584;191,8751;11,4000;-1,6977;-0,3526;0,0000;0,0000;0,0000;0,0000;0,0000;-0,4407;0,7900;-0,9000;0;0,0312;32,0500;0;1;1;0;0;0
25,9723;191,8368;11,4000;-1,5997;-0,3526;0,0000;0,0000;0,0000;0,0000;0,0000;-0,4408;0,8200;-0,7800;0;0,0311;32,1200;0;1;1;0;0;0
25,9861;191,8368;11,5000;-1,5111;-0,3525;0,0000;0,0000;0,0000;0,0000;0,0000;-0,4406;0,7700;-0,7400;0;0,0311;32,1200;0;1;1;0;0;0
26,0000;191,8368;11,5000;-1,4636;-0,3523;0,0000;0,0000;0,0000;0,0000;0,0000;-0,4404;0,7300;-0,7300;0;0,0311;32,1200;0;1;1;0;0;0
26,0139;191,8368;11,5000;-1,4139;-0,3522;0,0000;0,0000;0,0000;0,0000;0,0000;-0,4403;0,6900;-0,7300;0;0,0311;32,1200;0;1;1;0;0;0
26,0278;191,8368;11,5000;-1,3826;-0,3521;0,0000;0,0000;0,0000;0,0000;0,0000;-0,4402;0,6500;-0,7400;0;0,0311;32,1200;0;1;1;0;0;0
26,0417;191,6035;11,5000;-1,3534;-0,3507;0,0000;0,0000;0,0000;0,0000;0,0000;-0,4384;1,0200;-0,3300;0;0,0307;32,5300;0;1;1;0;0;0
26,0556;191,5591;11,5000;-1,3319;-0,3504;0,0000;0,0000;0,0000;0,0000;0,0000;-0,4380;1,0600;-0,2700;0;0,0307;32,6000;0;1;1;0;0;0
26,0695;191,5147;11,5000;-1,3231;-0,3501;0,0000;0,0000;0,0000;0,0000;0,0000;-0,4377;1,1000;-0,2200;0;0,0306;32,6800;0;1;1;0;0;0
26,0834;191,4704;11,5000;-1,3205;-0,3498;0,0000;0,0000;0,0000;0,0000;0,0000;-0,4373;1,1400;-0,1800;0;0,0305;32,7600;0;1;1;0;0;0
26,0973;191,4260;11,5000;-1,3349;-0,3496;0,0000;0,0000;0,0000;0,0000;0,0000;-0,4370;1,1800;-0,1600;0;0,0304;32,8400;0;1;1;0;0;0
26,1111;191,3816;11,5000;-1,3377;-0,3494;0,0000;0,0000;0,0000;0,0000;0,0000;-0,4367;1,2100;-0,1200;0;0,0304;32,9200;0;1;1;0;0;0
26,1250;191,3801;11,5000;-1,4211;-0,3490;0,0000;0,0000;0,0000;0,0000;0,0000;-0,4362;1,1800;-0,2400;0;0,0304;32,9300;0;1;1;6;0;0
26,1389;191,3801;11,5000;-1,5055;-0,3486;0,0000;0,0000;0,0000;0,0000;0,0000;-0,4357;1,1300;-0,3700;0;0,0304;32,9300;0;1;1;6;0;0
26,1528;191,3801;11,5000;-1,5999;-0,3482;0,0000;0,0000;0,0000;0,0000;0,0000;-0,4353;1,0900;-0,5100;0;0,0304;32,9300;0;1;1;6;0;0
26,1667;191,3801;11,5000;-1,6769;-0,3480;0,0000;0,0000;0,0000;0,0000;0,0000;-0,4350;1,0400;-0,6400;0;0,0304;32,9300;0;1;1;6;0;0
26,1806;191,3801;11,5000;-1,7541;-0,3477;0,0000;0,0000;0,0000;0,0000;0,0000;-0,4347;0,9800;-0,3800;0;0,0304;32,9300;0;1;1;6;0;0
26,1945;191,1094;11,5000;-1,8255;-0,3461;0,0000;0,0000;0,0000;0,0000;0,0000;-0,4326;1,4000;-0,4300;0;0,0299;33,4100;0;1;1;6;0;0
26,2084;191,0650;11,5000;-1,8925;-0,3457;0,0000;0,0000;0,0000;0,0000;0,0000;-0,4321;1,4200;-0,4700;0;0,0299;33,4900;0;1;1;6;0;0
26,2223;191,0206;11,5000;-1,9059;-0,3454;0,0000;0,0000;0,0000;0,0000;0,0000;-0,4317;1,4400;-0,4600;0;0,0298;33,5700;0;1;1;6;0;0
26,2361;190,9763;11,5000;-2,0143;-0,3451;0,0000;0,0000;0,0000;0,0000;0,0000;-0,4313;1,4600;-0,5600;0;0,0297;33,6500;0;1;1;6;0;0
26,2500;190,9319;11,5000;-2,0574;-0,3448;0,0000;0,0000;0,0000;0,0000;0,0000;-0,4310;1,4700;-0,5800;0;0,0296;33,7300;0;1;1;6;0;0
26,2639;190,9255;11,5000;-2,0660;-0,3444;0,0000;0,0000;0,0000;0,0000;0,0000;-0,4305;1,4200;-0,6400;0;0,0296;33,7400;0;1;1;6;0;0
26,2778;190,9255;11,5000;-2,0978;-0,3440;0,0000;0,0000;0,0000;0,0000;0,0000;-0,4301;1,3600;-0,7400;0;0,0296;33,7400;0;1;1;6;0;0
26,2917;190,9255;11,5000;-2,1157;-0,3437;0,0000;0,0000;0,0000;0,0000;0,0000;-0,4296;1,3000;-0,8200;0;0,0296;33,7400;0;1;1;6;0;0
26,3056;190,9255;11,5000;-2,1283;-0,3434;0,0000;0,0000;0,0000;0,0000;0,0000;-0,4292;1,2400;-0,8900;0;0,0296;33,7400;0;1;1;6;0;0
26,3195;190,9255;11,5000;-2,1406;-0,3431;0,0000;0,0000;0,0000;0,0000;0,0000;-0,4289;1,1700;-0,9700;0;0,0296;33,7400;0;1;1;6;0;0
26,3334;190,6599;11,5000;-2,1522;-0,3415;0,0000;0,0000;0,0000;0,0000;0,0000;-0,4269;1,5600;-0,5900;0;0,0292;34,2100;0;1;1;6;0;0
26,3473;190,6155;11,5000;-2,1654;-0,3411;0,0000;0,0000;0,0000;0,0000;0,0000;-0,4263;1,5700;-0,6000;0;0,0292;34,3000;0;1;1;6;0;0
26,3611;190,5712;11,5000;-2,1830;-0,3407;0,0000;0,0000;0,0000;0,0000;0,0000;-0,4259;1,5800;-0,6000;0;0,0291;34,3800;0;1;1;6;0;0
26,3750;190,5268;11,5000;-2,2082;-0,3404;0,0000;0,0000;0,0000;0,0000;0,0000;-0,4255;1,5900;-0,6200;0;0,0290;34,4600;0;1;1;6;0;0
26,3889;190,4824;11,5000;-2,2466;-0,3401;0,0000;0,0000;0,0000;0,0000;0,0000;-0,4251;1,6000;-0,6500;0;0,0290;34,5400;0;1;1;6;0;0
26,4028;190,4688;11,5000;-2,3076;-0,3397;0,0000;0,0000;0,0000;0,0000;0,0000;-0,4246;1,5500;-0,7600;0;0,0289;34,5600;0;1;1;6;0;0
26,4167;190,4688;11,5000;-2,3200;-0,3393;0,0000;0,0000;0,0000;0,0000;0,0000;-0,4241;1,4800;-0,8400;0;0,0289;34,5600;0;1;1;6;0;0
26,4306;190,4688;11,5000;-2,4580;-0,3390;0,0000;0,0000;0,0000;0,0000;0,0000;-0,4237;1,4100;-1,0500;0;0,0289;34,5600;0;1;1;6;0;0
26,4445;190,4688;11,5000;-2,5545;-0,3387;0,0000;0,0000;0,0000;0,0000;0,0000;-0,4234;1,3300;-1,2200;0;0,0289;34,5600;0;1;1;6;0;0
26,4584;190,4688;11,5000;-2,6464;-0,3385;0,0000;0,0000;0,0000;0,0000;0,0000;-0,4231;1,2600;-1,3900;0;0,0289;34,5600;0;1;1;6;0;0
26,4723;190,2106;11,5000;-2,7439;-0,3370;0,0000;0,0000;0,0000;0,0000;0,0000;-0,4213;1,6000;-1,1400;0;0,0285;35,0300;0;1;1;6;0;0
26,4861;190,1662;11,5000;-2,8557;-0,3368;0,0000;0,0000;0,0000;0,0000;0,0000;-0,4209;1,5900;-1,2700;0;0,0285;35,1100;0;1;1;6;0;0
26,5000;190,1218;11,5000;-2,9533;-0,3365;0,0000;0,0000;0,0000;0,0000;0,0000;-0,4207;1,5700;-1,3800;0;0,0284;35,1900;0;1;1;6;0;0
26,5139;190,0775;11,5000;-3,0307;-0,3364;0,0000;0,0000;0,0000;0,0000;0,0000;-0,4205;1,5600;-1,4700;0;0,0283;35,2700;0;1;1;6;0;0
26,5278;190,0331;11,5000;-3,1410;-0,3364;0,0000;0,0000;0,0000;0,0000;0,0000;-0,4204;1,5400;-1,6000;0;0,0283;35,3600;0;1;1;6;0;0
26,5417;190,0142;11,5000;-3,2177;-0,3362;0,0000;0,0000;0,0000;0,0000;0,0000;-0,4203;1,4700;-1,7400;0;0,0283;35,3900;0;1;1;6;0;0
26,5556;190,0142;11,5000;-3,2589;-0,3361;0,0000;0,0000;0,0000;0,0000;0,0000;-0,4201;1,3800;-1,8800;0;0,0283;35,3900;0;1;1;6;0;0
26,5695;190,0142;11,5000;-3,2672;-0,3360;0,0000;0,0000;0,0000;0,0000;0,0000;-0,4200;1,2800;-1,9900;0;0,0283;35,3900;0;1;1;6;0;0
26,5834;190,0142;11,5000;-3,2950;-0,3360;0,0000;0,0000;0,0000;0,0000;0,0000;-0,4200;1,1800;-2,1100;0;0,0283;35,3900;0;1;1;6;0;0
26,5973;190,0142;11,5000;-3,3181;-0,3361;0,0000;0,0000;0,0000;0,0000;0,0000;-0,4201;1,0900;-2,2300;0;0,0283;35,3900;0;1;1;6;0;0
26,6111;189,7614;11,5000;-3,3378;-0,3349;0,0000;0,0000;0,0000;0,0000;0,0000;-0,4186;1,3900;-1,9400;0;0,0279;35,8500;0;1;1;6;0;0
26,6250;189,7171;11,5000;-3,3450;-0,3349;0,0000;0,0000;0,0000;0,0000;0,0000;-0,4186;1,3700;-1,9800;0;0,0278;35,9300;0;1;1;6;0;0
26,6389;189,6727;11,5000;-3,3402;-0,3349;0,0000;0,0000;0,0000;0,0000;0,0000;-0,4186;1,3400;-2,0000;0;0,0278;36,0100;0;1;1;6;0;0
26,6528;189,6283;11,5000;-3,2983;-0,3350;0,0000;0,0000;0,0000;0,0000;0,0000;-0,4187;1,3100;-1,9800;0;0,0277;36,1000;0;1;1;6;0;0
26,6667;189,5839;11,5000;-3,1690;-0,3351;0,0000;0,0000;0,0000;0,0000;0,0000;-0,4188;1,2900;-1,8800;0;0,0276;36,1800;0;1;1;6;0;0
26,6806;189,5576;11,5000;-3,0484;-0,3351;0,0000;0,0000;0,0000;0,0000;0,0000;-0,4189;1,2400;-1,8100;0;0,0276;36,2300;0;1;1;6;0;0
26,6945;189,5576;11,5000;-3,0243;-0,3350;0,0000;0,0000;0,0000;0,0000;0,0000;-0,4188;1,1500;-1,8700;0;0,0276;36,2300;0;1;1;6;0;0
26,7084;189,5576;11,5000;-2,9388;-0,3350;0,0000;0,0000;0,0000;0,0000;0,0000;-0,4188;1,0700;-1,8700;0;0,0276;36,2300;0;1;1;6;0;0
26,7223;189,5576;11,5000;-2,8415;-0,3351;0,0000;0,0000;0,0000;0,0000;0,0000;-0,4188;0,9800;-1,8600;0;0,0276;36,2300;0;1;1;6;0;0
26,7361;189,5576;11,5000;-2,6652;-0,3351;0,0000;0,0000;0,0000;0,0000;0,0000;-0,4189;0,9000;-1,7600;0;0,0276;36,2300;0;1;1;6;0;0
26,7500;189,3124;11,5000;-2,5417;-0,3339;0,0000;0,0000;0,0000;0,0000;0,0000;-0,4174;1,2100;-1,3300;0;0,0273;36,6700;0;1;1;6;0;0
26,7639;189,2680;11,5000;-2,4826;-0,3338;0,0000;0,0000;0,0000;0,0000;0,0000;-0,4172;1,2100;-1,2700;0;0,0272;36,7600;0;1;1;6;0;0
26,7778;189,2237;11,5000;-2,4632;-0,3337;0,0000;0,0000;0,0000;0,0000;0,0000;-0,4171;1,2100;-1,2600;0;0,0271;36,8400;0;1;1;6;0;0
26,7917;189,1793;11,5000;-2,4469;-0,3336;0,0000;0,0000;0,0000;0,0000;0,0000;-0,4170;1,2000;-1,2400;0;0,0271;36,9200;0;1;1;6;0;0
26,8056;189,1349;11,5000;-2,4352;-0,3336;0,0000;0,0000;0,0000;0,0000;0,0000;-0,4170;1,2000;-1,2300;0;0,0270;37,0000;0;1;1;6;0;0
26,8195;189,1028;11,5000;-2,4241;-0,3336;0,0000;0,0000;0,0000;0,0000;0,0000;-0,4169;1,1800;-1,2400;0;0,0270;37,0600;0;1;1;6;0;0
26,8334;189,1028;11,5000;-2,4191;-0,3334;0,0000;0,0000;0,0000;0,0000;0,0000;-0,4167;1,1100;-1,3100;0;0,0270;37,0600;0;1;1;6;0;0
26,8473;189,1028;11,5000;-2,4231;-0,3333;0,0000;0,0000;0,0000;0,0000;0,0000;-0,4166;1,0400;-1,3900;0;0,0270;37,0600;0;1;1;6;0;0
26,8611;189,1028;11,5000;-2,4404;-0,3332;0,0000;0,0000;0,0000;0,0000;0,0000;-0,4165;0,9700;-1,4800;0;0,0270;37,0600;0;1;1;6;0;0
26,8750;189,1028;11,5000;-2,4440;-0,3332;0,0000;0,0000;0,0000;0,0000;0,0000;-0,4165;0,8900;-1,5500;0;0,0270;37,0600;0;1;1;6;0;0
26,8889;188,8636;11,5000;-2,4701;-0,3321;0,0000;0,0000;0,0000;0,0000;0,0000;-0,4151;1,1800;-1,2800;0;0,0267;37,5000;0;1;1;6;0;0
26,9028;188,8192;11,5000;-2,4840;-0,3320;0,0000;0,0000;0,0000;0,0000;0,0000;-0,4150;1,1800;-1,3000;0;0,0266;37,5800;0;1;1;6;0;0
26,9167;188,7748;11,5000;-2,4917;-0,3319;0,0000;0,0000;0,0000;0,0000;0,0000;-0,4149;1,1700;-1,3200;0;0,0265;37,6700;0;1;1;6;0;0
26,9306;188,7304;11,5000;-2,5005;-0,3319;0,0000;0,0000;0,0000;0,0000;0,0000;-0,4148;1,1700;-1,3300;0;0,0265;37,7500;0;1;1;6;0;0
26,9445;188,6861;11,5000;-2,5024;-0,3319;0,0000;0,0000;0,0000;0,0000;0,0000;-0,4148;1,1600;-1,3400;0;0,0264;37,8300;0;1;1;6;0;0
26,9584;188,6464;11,5000;-2,5037;-0,3319;0,0000;0,0000;0,0000;0,0000;0,0000;-0,4149;1,1500;-1,3600;0;0,0264;37,9100;0;1;1;6;0;0
26,9723;188,6464;11,5000;-2,5074;-0,3318;0,0000;0,0000;0,0000;0,0000;0,0000;-0,4148;1,0700;-1,4300;0;0,0264;37,9100;0;1;1;6;0;0
26,9861;188,6464;11,5000;-2,5066;-0,3318;0,0000;0,0000;0,0000;0,0000;0,0000;-0,4147;1,0000;-1,5100;0;0,0264;37,9100;0;1;1;6;0;0
27,0000;188,6464;11,5000;-2,5059;-0,3318;0,0000;0,0000;0,0000;0,0000;0,0000;-0,4147;0,9300;-1,5800;0;0,0264;37,9100;0;1;1;6;0;0
27,0139;188,6464;11,5000;-2,5008;-0,3318;0,0000;0,0000;0,0000;0,0000;0,0000;-0,4148;0,8500;-1,6500;0;0,0264;37,9100;0;1;1;6;0;0
27,0278;188,4148;11,5000;-2,4997;-0,3308;0,0000;0,0000;0,0000;0,0000;0,0000;-0,4135;1,1200;-1,3700;0;0,0261;38,3300;0;1;1;6;0;0
27,0417;188,3705;11,5000;-2,4958;-0,3307;0,0000;0,0000;0,0000;0,0000;0,0000;-0,4134;1,1200;-1,3800;0;0,0260;38,4100;0;1;1;6;0;0
27,0556;188,3261;11,5000;-2,4988;-0,3307;0,0000;0,0000;0,0000;0,0000;0,0000;-0,4134;1,1100;-1,3900;0;0,0260;38,4900;0;1;1;6;0;0
27,0695;188,2817;11,5000;-2,5148;-0,3307;0,0000;0,0000;0,0000;0,0000;0,0000;-0,4134;1,1000;-1,4100;0;0,0259;38,5800;0;1;1;6;0;0
27,0834;188,2373;11,5000;-2,5416;-0,3308;0,0000;0,0000;0,0000;0,0000;0,0000;-0,4135;1,1000;-1,4400;0;0,0259;38,6600;0;1;1;6;0;0
27,0973;188,1930;11,5000;-2,5991;-0,3309;0,0000;0,0000;0,0000;0,0000;0,0000;-0,4136;1,0800;-1,5100;0;0,0258;38,7400;0;1;1;6;0;0
27,1111;188,1914;11,5000;-2,6354;-0,3309;0,0000;0,0000;0,0000;0,0000;0,0000;-0,4136;1,0100;-1,6300;0;0,0258;38,7500;0;1;1;6;0;0
27,1250;188,1914;11,5000;-2,6835;-0,3309;0,0000;0,0000;0,0000;0,0000;0,0000;-0,4136;0,9300;-1,7500;0;0,0258;38,7500;0;1;1;3;0;0
27,1389;188,1914;11,5000;-2,7391;-0,3310;0,0000;0,0000;0,0000;0,0000;0,0000;-0,4138;0,8500;-1,8900;0;0,0258;38,7500;0;1;1;3;0;0
27,1528;188,1914;11,5000;-2,7842;-0,3312;0,0000;0,0000;0,0000;0,0000;0,0000;-0,4140;0,7700;-2,0200;0;0,0258;38,7500;0;1;1;3;0;0
27,1667;188,1914;11,5000;-2,8391;-0,3314;0,0000;0,0000;0,0000;0,0000;0,0000;-0,4142;0,6800;-2,1500;0;0,0258;38,7500;0;1;1;3;0;0
27,1806;187,9219;11,5000;-2,8501;-0,3304;0,0000;0,0000;0,0000;0,0000;0,0000;-0,4130;1,0000;-1,8500;0;0,0255;39,2400;0;1;1;3;0;0
27,1945;187,8775;11,5000;-2,8873;-0,3305;0,0000;0,0000;0,0000;0,0000;0,0000;-0,4132;0,9800;-1,9100;0;0,0254;39,3200;0;1;1;3;0;0
27,2084;187,8331;11,5000;-2,9487;-0,3307;0,0000;0,0000;0,0000;0,0000;0,0000;-0,4134;0,9500;-1,9900;0;0,0254;39,4100;0;1;1;3;0;0
27,2223;187,7887;11,5000;-2,9773;-0,3310;0,0000;0,0000;0,0000;0,0000;0,0000;-0,4137;0,9300;-2,0400;0;0,0253;39,4900;0;1;1;3;0;0
27,2361;187,7444;11,5000;-2,9940;-0,3313;0,0000;0,0000;0,0000;0,0000;0,0000;-0,4141;0,9100;-2,0800;0;0,0253;39,5700;0;1;1;3;0;0
27,2500;187,7352;11,5000;-3,0067;-0,3315;0,0000;0,0000;0,0000;0,0000;0,0000;-0,4144;0,8300;-2,1700;0;0,0253;39,5900;0;1;1;3;0;0
27,2639;187,7352;11,5000;-3,0098;-0,3317;0,0000;0,0000;0,0000;0,0000;0,0000;-0,4147;0,7400;-2,2700;0;0,0253;39,5900;0;1;1;3;0;0
27,2778;187,7352;11,5000;-3,0027;-0,3320;0,0000;0,0000;0,0000;0,0000;0,0000;-0,4150;0,6600;-2,3500;0;0,0253;39,5900;0;1;1;3;0;0
27,2917;187,7352;11,5000;-2,9947;-0,3324;0,0000;0,0000;0,0000;0,0000;0,0000;-0,4154;0,5700;-2,4300;0;0,0253;39,5900;0;1;1;3;0;0
27,3056;187,7352;11,5000;-2,9902;-0,3327;0,0000;0,0000;0,0000;0,0000;0,0000;-0,4159;0,4800;-2,5100;0;0,0253;39,5900;0;1;1;3;0;0
27,3195;187,4733;11,5000;-2,9885;-0,3320;0,0000;0,0000;0,0000;0,0000;0,0000;-0,4150;0,7700;-2,2200;0;0,0250;40,0700;0;1;1;3;0;0
27,3334;187,4290;11,5000;-2,9882;-0,3323;0,0000;0,0000;0,0000;0,0000;0,0000;-0,4153;0,7400;-2,2400;0;0,0249;40,1500;0;1;1;3;0;0
27,3473;187,3846;11,5000;-2,9935;-0,3326;0,0000;0,0000;0,0000;0,0000;0,0000;-0,4158;0,7200;-2,2700;0;0,0249;40,2400;0;1;1;3;0;0
27,3611;187,3402;11,5000;-2,9945;-0,3330;0,0000;0,0000;0,0000;0,0000;0,0000;-0,4163;0,6900;-2,3000;0;0,0248;40,3200;0;1;1;3;0;0
27,3750;187,2959;11,5000;-2,9918;-0,3335;0,0000;0,0000;0,0000;0,0000;0,0000;-0,4168;0,6700;-2,3200;0;0,0248;40,4000;0;1;1;3;0;0
27,3889;187,2800;11,5000;-2,9882;-0,3338;0,0000;0,0000;0,0000;0,0000;0,0000;-0,4173;0,6000;-2,3800;0;0,0247;40,4300;0;1;1;3;0;0
27,4028;187,2800;11,5000;-2,9881;-0,3342;0,0000;0,0000;0,0000;0,0000;0,0000;-0,4177;0,5200;-2,4700;0;0,0247;40,4300;0;1;1;3;0;0
27,4167;187,2800;11,5000;-2,9863;-0,3346;0,0000;0,0000;0,0000;0,0000;0,0000;-0,4183;0,4300;-2,5600;0;0,0247;40,4300;0;1;1;3;0;0
27,4306;187,2800;11,5000;-2,9733;-0,3351;0,0000;0,0000;0,0000;0,0000;0,0000;-0,4189;0,3400;-2,6300;0;0,0247;40,4300;0;1;1;3;0;0
27,4445;187,2800;11,5000;-2,9296;-0,3356;0,0000;0,0000;0,0000;0,0000;0,0000;-0,4195;0,2500;-2,6800;0;0,0247;40,4300;0;1;1;3;0;0
27,4584;187,0249;11,5000;-2,8656;-0,3350;0,0000;0,0000;0,0000;0,0000;0,0000;-0,4188;0,5200;-2,3400;0;0,0244;40,9000;0;1;1;3;0;0
27,4723;186,9805;11,5000;-2,7763;-0,3354;0,0000;0,0000;0,0000;0,0000;0,0000;-0,4193;0,5000;-2,2700;0;0,0244;40,9800;0;1;1;3;0;0
27,4861;186,9362;11,7000;-2,7585;-0,3359;0,0000;0,0000;0,0000;0,0000;0,0000;-0,4198;0,4800;-2,2700;0;0,0244;41,0600;0;1;1;3;0;0
27,5000;186,8910;11,7000;-2,6293;-0,3363;0,0000;0,0000;0,0000;0,0000;0,0000;-0,4204;0,4700;-2,1600;0;0,0243;41,1500;0;1;1;3;0;0
27,5139;186,8459;11,7000;-2,5129;-0,3368;0,0000;0,0000;0,0000;0,0000;0,0000;-0,4210;0,4500;-2,0600;0;0,0243;41,2300;0;1;1;3;0;0
27,5278;186,8241;11,7000;-2,3832;-0,3372;0,0000;0,0000;0,0000;0,0000;0,0000;-0,4215;0,4100;-1,9700;0;0,0242;41,2700;0;1;1;3;0;0
27,5417;186,8241;11,7000;-2,2660;-0,3375;0,0000;0,0000;0,0000;0,0000;0,0000;-0,4219;0,3400;-1,9200;0;0,0242;41,2700;0;1;1;3;0;0
27,5556;186,8241;11,7000;-2,1528;-0,3379;0,0000;0,0000;0,0000;0,0000;0,0000;-0,4223;0,2800;-1,8800;0;0,0242;41,2700;0;1;1;3;0;0
27,5695;186,8241;11,7000;-2,0910;-0,3382;0,0000;0,0000;0,0000;0,0000;0,0000;-0,4227;0,2100;-1,8800;0;0,0242;41,2700;0;1;1;3;0;0
27,5834;186,8241;11,7000;-2,0245;-0,3386;0,0000;0,0000;0,0000;0,0000;0,0000;-0,4232;0,1500;-1,8700;0;0,0242;41,2700;0;1;1;3;0;0
27,5973;186,5704;11,7000;-1,9645;-0,3379;0,0000;0,0000;0,0000;0,0000;0,0000;-0,4224;0,4400;-1,5200;0;0,0240;41,7400;0;1;1;3;0;0
27,6111;186,5252;11,7000;-1,9042;-0,3381;0,0000;0,0000;0,0000;0,0000;0,0000;-0,4226;0,4400;-1,4600;0;0,0239;41,8200;0;1;1;3;0;0
27,6250;186,4801;11,7000;-1,8921;-0,3384;0,0000;0,0000;0,0000;0,0000;0,0000;-0,4230;0,4500;-1,4400;0;0,0239;41,9000;0;1;1;3;0;0
27,6389;186,4349;11,7000;-1,8408;-0,3387;0,0000;0,0000;0,0000;0,0000;0,0000;-0,4233;0,4600;-1,3800;0;0,0238;41,9900;0;1;1;3;0;0
27,6528;186,3898;11,7000;-1,7155;-0,3389;0,0000;0,0000;0,0000;0,0000;0,0000;-0,4236;0,4700;-1,2500;0;0,0238;42,0700;0;1;1;3;0;0
27,6667;186,3686;11,7000;-1,6519;-0,3391;0,0000;0,0000;0,0000;0,0000;0,0000;-0,4238;0,4500;-1,2000;0;0,0237;42,1100;0;1;1;3;0;0
27,6806;186,3686;11,7000;-1,6041;-0,3392;0,0000;0,0000;0,0000;0,0000;0,0000;-0,4240;0,4000;-1,2000;0;0,0237;42,1100;0;1;1;3;0;0
27,6945;186,3686;11,7000;-1,5945;-0,3393;0,0000;0,0000;0,0000;0,0000;0,0000;-0,4241;0,3500;-1,2400;0;0,0237;42,1100;0;1;1;3;0;0
27,7084;186,3686;11,7000;-1,5481;-0,3394;0,0000;0,0000;0,0000;0,0000;0,0000;-0,4243;0,3100;-1,2400;0;0,0237;42,1100;0;1;1;3;0;0
27,7223;186,3686;11,7000;-1,5101;-0,3396;0,0000;0,0000;0,0000;0,0000;0,0000;-0,4245;0,2600;-1,2500;0;0,0237;42,1100;0;1;1;3;0;0
27,7361;186,1144;11,7000;-1,4573;-0,3387;0,0000;0,0000;0,0000;0,0000;0,0000;-0,4234;0,5600;-0,8900;0;0,0235;42,5700;0;1;1;3;0;0
27,7500;186,0692;11,7000;-1,4149;-0,3387;0,0000;0,0000;0,0000;0,0000;0,0000;-0,4234;0,5800;-0,8300;0;0,0234;42,6600;0;1;1;3;0;0
27,7639;186,0241;11,7000;-1,3888;-0,3387;0,0000;0,0000;0,0000;0,0000;0,0000;-0,4234;0,6000;-0,7900;0;0,0234;42,7400;0;1;1;3;0;0
27,7778;185,9789;11,7000;-1,3633;-0,3388;0,0000;0,0000;0,0000;0,0000;0,0000;-0,4235;0,6200;-0,7400;0;0,0234;42,8200;0;1;1;3;0;0
27,7917;185,9338;11,7000;-1,3326;-0,3388;0,0000;0,0000;0,0000;0,0000;0,0000;-0,4235;0,6400;-0,6900;0;0,0233;42,9100;0;1;1;3;0;0
27,8056;185,9128;11,7000;-1,2928;-0,3388;0,0000;0,0000;0,0000;0,0000;0,0000;-0,4235;0,6300;-0,6600;0;0,0233;42,9500;0;1;1;3;0;0
27,8195;185,9128;11,7000;-1,2471;-0,3387;0,0000;0,0000;0,0000;0,0000;0,0000;-0,4234;0,5900;-0,6500;0;0,0233;42,9500;0;1;1;3;0;0
27,8334;185,9128;11,7000;-1,1975;-0,3386;0,0000;0,0000;0,0000;0,0000;0,0000;-0,4233;0,5600;-0,6400;0;0,0233;42,9500;0;1;1;3;0;0
27,8473;185,9128;11,7000;-1,1457;-0,3385;0,0000;0,0000;0,0000;0,0000;0,0000;-0,4232;0,5200;-0,6200;0;0,0233;42,9500;0;1;1;3;0;0
27,8611;185,9128;11,7000;-1,0917;-0,3385;0,0000;0,0000;0,0000;0,0000;0,0000;-0,4231;0,4900;-0,6000;0;0,0233;42,9500;0;1;1;3;0;0
27,8750;185,6585;11,7000;-1,0354;-0,3373;0,0000;0,0000;0,0000;0,0000;0,0000;-0,4217;0,8000;-0,2400;0;0,0230;43,4000;0;1;1;3;0;0
27,8889;185,6134;11,7000;-0,9867;-0,3371;0,0000;0,0000;0,0000;0,0000;0,0000;-0,4213;0,8300;-0,1600;0;0,0230;43,4900;0;1;1;3;0;0
27,9028;185,5682;11,7000;-0,9368;-0,3368;0,0000;0,0000;0,0000;0,0000;0,0000;-0,4210;0,8600;-0,0700;0;0,0230;43,5700;0;1;1;3;0;0
27,9167;185,5231;11,7000;-0,8929;-0,3366;0,0000;0,0000;0,0000;0,0000;0,0000;-0,4207;0,8900;0,0000;0;0,0229;43,6500;0;1;1;3;0;0
27,9306;185,4779;11,7000;-0,8413;-0,3363;0,0000;0,0000;0,0000;0,0000;0,0000;-0,4204;0,9300;0,0900;0;0,0229;43,7400;0;1;1;3;0;0
27,9445;185,4572;11,7000;-0,8168;-0,3360;0,0000;0,0000;0,0000;0,0000;0,0000;-0,4200;0,9300;0,1200;0;0,0228;43,7700;0;1;1;3;0;0
27,9584;185,4572;11,7000;-0,8065;-0,3356;0,0000;0,0000;0,0000;0,0000;0,0000;-0,4195;0,9100;0,1000;0;0,0228;43,7700;0;1;1;3;0;0
27,9723;185,4572;11,7000;-0,7962;-0,3352;0,0000;0,0000;0,0000;0,0000;0,0000;-0,4190;0,8800;0,0900;0;0,0228;43,7700;0;1;1;3;0;0
27,9861;185,4572;11,7000;-0,7902;-0,3348;0,0000;0,0000;0,0000;0,0000;0,0000;-0,4185;0,8600;0,0700;0;0,0228;43,7700;0;1;1;3;0;0
28,0000;185,4572;11,7000;-0,7886;-0,3345;0,0000;0,0000;0,0000;0,0000;0,0000;-0,4181;0,8400;0,0500;0;0,0228;43,7700;0;1;1;3;0;0
28,0139;185,2027;11,7000;-0,7934;-0,3331;0,0000;0,0000;0,0000;0,0000;0,0000;-0,4163;1,1400;0,3500;0;0,0226;44,2300;0;1;1;3;0;0
28,0278;185,1576;11,7000;-0,8203;-0,3325;0,0000;0,0000;0,0000;0,0000;0,0000;-0,4157;1,1800;0,3600;0;0,0226;44,3100;0;1;1;3;0;0
28,0417;185,1125;11,7000;-0,8784;-0,3321;0,0000;0,0000;0,0000;0,0000;0,0000;-0,4151;1,2100;0,3300;0;0,0225;44,3900;0;1;1;3;0;0
28,0556;185,0673;11,7000;-0,9397;-0,3316;0,0000;0,0000;0,0000;0,0000;0,0000;-0,4145;1,2400;0,3000;0;0,0225;44,4800;0;1;1;3;0;0
28,0695;185,0222;11,7000;-1,0037;-0,3312;0,0000;0,0000;0,0000;0,0000;0,0000;-0,4140;1,2700;0,2700;0;0,0224;44,5600;0;1;1;3;0;0
28,0834;185,0016;11,7000;-1,0693;-0,3307;0,0000;0,0000;0,0000;0,0000;0,0000;-0,4134;1,2700;0,2000;0;0,0224;44,6000;0;1;1;3;0;0
28,0973;185,0016;11,7000;-1,1260;-0,3302;0,0000;0,0000;0,0000;0,0000;0,0000;-0,4127;1,2300;0,1100;0;0,0224;44,6000;0;1;1;3;0;0
28,1111;185,0016;11,7000;-1,2044;-0,3297;0,0000;0,0000;0,0000;0,0000;0,0000;-0,4121;1,2000;0,0000;0;0,0224;44,6000;0;1;1;3;0;0
28,1250;185,0016;11,7000;-1,2941;-0,3292;0,0000;0,0000;0,0000;0,0000;0,0000;-0,4115;1,1600;-0,1300;0;0,0224;44,6000;0;1;1;3;0;0
28,1389;185,0016;11,7000;-1,3592;-0,3288;0,0000;0,0000;0,0000;0,0000;0,0000;-0,4110;1,1200;-0,2400;0;0,0224;44,6000;0;1;1;2;0;0
28,1528;184,7472;11,7000;-1,4284;-0,3274;0,0000;0,0000;0,0000;0,0000;0,0000;-0,4092;1,4000;-0,0200;0;0,0222;45,0500;0;1;1;2;0;0
28,1667;184,7020;11,7000;-1,5023;-0,3269;0,0000;0,0000;0,0000;0,0000;0,0000;-0,4086;1,4100;-0,0900;0;0,0222;45,1300;0;1;1;2;0;0
28,1806;184,6569;11,7000;-1,5508;-0,3264;0,0000;0,0000;0,0000;0,0000;0,0000;-0,4080;1,4200;-0,1200;0;0,0221;45,2100;0;1;1;2;0;0
28,1945;184,6118;11,7000;-1,5764;-0,3260;0,0000;0,0000;0,0000;0,0000;0,0000;-0,4075;1,4400;-0,1400;0;0,0221;45,2900;0;1;1;2;0;0
28,2084;184,5666;11,7000;-1,5869;-0,3256;0,0000;0,0000;0,0000;0,0000;0,0000;-0,4070;1,4500;-0,1400;0;0,0220;45,3700;0;1;1;2;0;0
28,2223;184,5458;11,7000;-1,5879;-0,3251;0,0000;0,0000;0,0000;0,0000;0,0000;-0,4064;1,4300;-0,1600;0;0,0220;45,4100;0;1;1;2;0;0
28,2361;184,5458;12,1000;-1,5870;-0,3246;0,0000;0,0000;0,0000;0,0000;0,0000;-0,4057;1,3800;-0,2100;0;0,0220;45,4100;0;1;1;2;0;0
28,2500;184,5458;12,1000;-1,5857;-0,3241;0,0000;0,0000;0,0000;0,0000;0,0000;-0,4051;1,3300;-0,2600;0;0,0220;45,4100;0;1;1;2;0;0
28,2639;184,5458;12,1000;-1,5865;-0,3236;0,0000;0,0000;0,0000;0,0000;0,0000;-0,4045;1,2800;-0,3100;0;0,0220;45,4100;0;1;1;2;0;0
28,2778;184,5458;12,1000;-1,5917;-0,3232;0,0000;0,0000;0,0000;0,0000;0,0000;-0,4040;1,2300;-0,3600;0;0,0220;45,4100;0;1;1;2;0;0
28,2917;184,2856;12,1000;-1,6029;-0,3217;0,0000;0,0000;0,0000;0,0000;0,0000;-0,4022;1,5100;-0,0900;0;0,0218;45,8700;0;1;1;2;0;0
28,3056;184,2389;12,1000;-1,6252;-0,3212;0,0000;0,0000;0,0000;0,0000;0,0000;-0,4015;1,5100;-0,1100;0;0,0218;45,9500;0;1;1;2;0;0
28,3195;184,1922;12,1000;-1,6598;-0,3207;0,0000;0,0000;0,0000;0,0000;0,0000;-0,4008;1,5200;-0,1400;0;0,0217;46,0300;0;1;1;2;0;0
28,3334;184,1455;12,1000;-1,7052;-0,3202;0,0000;0,0000;0,0000;0,0000;0,0000;-0,4002;1,5300;-0,1800;0;0,0217;46,1200;0;1;1;2;0;0
28,3473;184,0988;12,1000;-1,7451;-0,3198;0,0000;0,0000;0,0000;0,0000;0,0000;-0,3997;1,5300;-0,2100;0;0,0216;46,2000;0;1;1;2;0;0
28,3611;184,0903;12,1000;-1,7783;-0,3192;0,0000;0,0000;0,0000;0,0000;0,0000;-0,3990;1,4900;-0,2900;0;0,0216;46,2200;0;1;1;2;0;0
28,3750;184,0903;12,1000;-1,8310;-0,3187;0,0000;0,0000;0,0000;0,0000;0,0000;-0,3984;1,4300;-0,4000;0;0,0216;46,2200;0;1;1;2;0;0
28,3889;184,0903;12,1000;-1,8687;-0,3183;0,0000;0,0000;0,0000;0,0000;0,0000;-0,3978;1,3700;-0,5000;0;0,0216;46,2200;0;1;1;2;0;0
28,4028;184,0903;12,1000;-1,9028;-0,3179;0,0000;0,0000;0,0000;0,0000;0,0000;-0,3973;1,3100;-0,5900;0;0,0216;46,2200;0;1;1;2;0;0
28,4167;183,8615;12,1000;-1,9504;-0,3166;0,0000;0,0000;0,0000;0,0000;0,0000;-0,3957;1,5300;-0,4100;0;0,0215;46,6100;0;1;1;2;0;0
28,4306;183,8148;12,1000;-1,9814;-0,3161;0,0000;0,0000;0,0000;0,0000;0,0000;-0,3951;1,5300;-0,4500;0;0,0214;46,6900;0;1;1;2;0;0
28,4445;183,7682;12,1000;-2,0074;-0,3156;0,0000;0,0000;0,0000;0,0000;0,0000;-0,3945;1,5300;-0,4800;0;0,0214;46,7800;0;1;1;2;0;0
28,4584;183,7215;12,1000;-2,0260;-0,3152;0,0000;0,0000;0,0000;0,0000;0,0000;-0,3940;1,5200;-0,5000;0;0,0213;46,8600;0;1;1;2;0;0
28,4723;183,6748;12,1000;-2,0527;-0,3148;0,0000;0,0000;0,0000;0,0000;0,0000;-0,3935;1,5100;-0,5400;0;0,0213;46,9400;0;1;1;2;0;0
28,4861;183,6343;12,1000;-2,0694;-0,3145;0,0000;0,0000;0,0000;0,0000;0,0000;-0,3931;1,5000;-0,5700;0;0,0213;47,0100;0;1;1;2;0;0
28,5000;183,6343;12,2000;-2,0789;-0,3140;0,0000;0,0000;0,0000;0,0000;0,0000;-0,3925;1,4400;-0,6400;0;0,0213;47,0100;0;1;1;2;0;0
28,5139;183,6343;12,2000;-2,0770;-0,3136;0,0000;0,0000;0,0000;0,0000;0,0000;-0,3920;1,3700;-0,7100;0;0,0213;47,0100;0;1;1;2;0;0
28,5278;183,6343;12,2000;-2,0595;-0,3132;0,0000;0,0000;0,0000;0,0000;0,0000;-0,3915;1,3100;-0,7500;0;0,0213;47,0100;0;1;1;2;0;0
28,5417;183,6343;12,2000;-2,0422;-0,3129;0,0000;0,0000;0,0000;0,0000;0,0000;-0,3911;1,2400;-0,8000;0;0,0213;47,0100;0;1;1;2;0;0
28,5556;183,3893;12,2000;-2,0254;-0,3116;0,0000;0,0000;0,0000;0,0000;0,0000;-0,3895;1,4800;-0,5500;0;0,0211;47,4300;0;1;1;2;0;0
28,5695;183,3423;12,2000;-2,0173;-0,3112;0,0000;0,0000;0,0000;0,0000;0,0000;-0,3890;1,4700;-0,5400;0;0,0210;47,5100;0;1;1;2;0;0
28,5834;183,2952;12,2000;-2,0125;-0,3108;0,0000;0,0000;0,0000;0,0000;0,0000;-0,3885;1,4600;-0,5500;0;0,0210;47,5900;0;1;1;2;0;0
28,5973;183,2481;12,2000;-2,0169;-0,3104;0,0000;0,0000;0,0000;0,0000;0,0000;-0,3880;1,4600;-0,5600;0;0,0210;47,6700;0;1;1;2;0;0
28,6111;183,2011;12,2000;-2,0368;-0,3101;0,0000;0,0000;0,0000;0,0000;0,0000;-0,3876;1,4500;-0,5800;0;0,0209;47,7600;0;1;1;2;0;0
28,6250;183,1790;12,2000;-2,0604;-0,3097;0,0000;0,0000;0,0000;0,0000;0,0000;-0,3871;1,4100;-0,6500;0;0,0209;47,8000;0;1;1;2;0;0
28,6389;183,1790;12,2000;-2,0926;-0,3093;0,0000;0,0000;0,0000;0,0000;0,0000;-0,3866;1,3500;-0,7400;0;0,0209;47,8000;0;1;1;2;0;0
28,6528;183,1790;12,2000;-2,1249;-0,3089;0,0000;0,0000;0,0000;0,0000;0,0000;-0,3862;1,2800;-0,8400;0;0,0209;47,8000;0;1;1;2;0;0
28,6667;183,1790;12,2000;-2,1528;-0,3086;0,0000;0,0000;0,0000;0,0000;0,0000;-0,3858;1,2200;-0,9400;0;0,0209;47,8000;0;1;1;2;0;0
28,6806;183,1790;12,2000;-2,1682;-0,3084;0,0000;0,0000;0,0000;0,0000;0,0000;-0,3854;1,1500;-1,0200;0;0,0209;47,8000;0;1;1;2;0;0
28,6945;182,9150;12,2000;-2,1736;-0,3072;0,0000;0,0000;0,0000;0,0000;0,0000;-0,3839;1,4000;-0,7800;0;0,0207;48,2400;0;1;1;2;0;0
28,7084;182,8679;12,2000;-2,1673;-0,3068;0,0000;0,0000;0,0000;0,0000;0,0000;-0,3835;1,3800;-0,7800;0;0,0207;48,3200;0;1;1;2;0;0
28,7223;182,8208;12,2000;-2,1445;-0,3065;0,0000;0,0000;0,0000;0,0000;0,0000;-0,3831;1,3700;-0,7700;0;0,0207;48,4000;0;1;1;2;0;0
28,7361;182,7738;12,2000;-2,1166;-0,3063;0,0000;0,0000;0,0000;0,0000;0,0000;-0,3828;1,3600;-0,7500;0;0,0206;48,4800;0;1;1;2;0;0
28,7500;182,7267;12,2000;-2,0805;-0,3060;0,0000;0,0000;0,0000;0,0000;0,0000;-0,3825;1,3500;-0,7300;0;0,0206;48,5600;0;1;1;2;0;0
28,7639;182,7228;12,2000;-2,0509;-0,3056;0,0000;0,0000;0,0000;0,0000;0,0000;-0,3821;1,2900;-0,7600;0;0,0206;48,5700;0;1;1;2;0;0
28,7778;182,7228;12,2000;-2,0220;-0,3053;0,0000;0,0000;0,0000;0,0000;0,0000;-0,3816;1,2300;-0,7900;0;0,0206;48,5700;0;1;1;2;0;0
28,7917;182,7228;12,2000;-1,9817;-0,3050;0,0000;0,0000;0,0000;0,0000;0,0000;-0,3812;1,1700;-0,8100;0;0,0206;48,5700;0;1;1;2;0;0
28,8056;182,7228;12,2000;-1,9444;-0,3047;0,0000;0,0000;0,0000;0,0000;0,0000;-0,3809;1,1100;-0,8300;0;0,0206;48,5700;0;1;1;2;0;0
28,8195;182,4877;12,2000;-1,9138;-0,3036;0,0000;0,0000;0,0000;0,0000;0,0000;-0,3795;1,3200;-0,5900;0;0,0204;48,9600;0;1;1;2;0;0
28,8334;182,4407;12,2000;-1,8962;-0,3032;0,0000;0,0000;0,0000;0,0000;0,0000;-0,3790;1,3200;-0,5700;0;0,0204;49,0300;0;1;1;2;0;0
28,8473;182,3936;12,2000;-1,8639;-0,3028;0,0000;0,0000;0,0000;0,0000;0,0000;-0,3785;1,3200;-0,5400;0;0,0204;49,1100;0;1;1;2;0;0
28,8611;182,3465;12,2000;-1,8283;-0,3025;0,0000;0,0000;0,0000;0,0000;0,0000;-0,3781;1,3200;-0,5100;0;0,0203;49,1900;0;1;1;2;0;0
28,8750;182,2995;12,2000;-1,7904;-0,3022;0,0000;0,0000;0,0000;0,0000;0,0000;-0,3777;1,3200;-0,4700;0;0,0203;49,2700;0;1;1;2;0;0
28,8889;182,2677;12,2000;-1,7565;-0,3019;0,0000;0,0000;0,0000;0,0000;0,0000;-0,3773;1,3000;-0,4600;0;0,0203;49,3200;0;1;1;2;0;0
28,9028;182,2677;12,2000;-1,7163;-0,3014;0,0000;0,0000;0,0000;0,0000;0,0000;-0,3768;1,2400;-0,4700;0;0,0203;49,3200;0;1;1;2;0;0
28,9167;182,2677;12,2000;-1,6780;-0,3011;0,0000;0,0000;0,0000;0,0000;0,0000;-0,3763;1,1900;-0,4900;0;0,0203;49,3200;0;1;1;2;0;0
28,9306;182,2677;12,2000;-1,6473;-0,3007;0,0000;0,0000;0,0000;0,0000;0,0000;-0,3759;1,1400;-0,5100;0;0,0203;49,3200;0;1;1;2;0;0
28,9445;182,2677;12,2000;-1,6242;-0,3004;0,0000;0,0000;0,0000;0,0000;0,0000;-0,3755;1,0900;-0,5400;0;0,0203;49,3200;0;1;1;2;0;0
28,9584;182,0136;12,2000;-1,6125;-0,2992;0,0000;0,0000;0,0000;0,0000;0,0000;-0,3739;1,3300;-0,2800;0;0,0201;49,7400;0;1;1;2;0;0
28,9723;181,9665;12,2000;-1,6059;-0,2987;0,0000;0,0000;0,0000;0,0000;0,0000;-0,3734;1,3300;-0,2700;0;0,0201;49,8100;0;1;1;2;0;0
28,9861;181,9194;12,2000;-1,6032;-0,2983;0,0000;0,0000;0,0000;0,0000;0,0000;-0,3729;1,3400;-0,2600;0;0,0200;49,8900;0;1;1;2;0;0
29,0000;181,8724;12,0000;-1,6100;-0,2980;0,0000;0,0000;0,0000;0,0000;0,0000;-0,3725;1,3400;-0,2700;0;0,0200;49,9700;0;1;1;2;0;0
29,0139;181,8261;12,0000;-1,6311;-0,2976;0,0000;0,0000;0,0000;0,0000;0,0000;-0,3720;1,3400;-0,2800;0;0,0200;50,0400;0;1;1;2;0;0
29,0278;181,8115;12,0000;-1,6707;-0,2972;0,0000;0,0000;0,0000;0,0000;0,0000;-0,3716;1,3100;-0,3600;0;0,0200;50,0700;0;1;1;2;0;0
29,0417;181,8115;12,0000;-1,7177;-0,2968;0,0000;0,0000;0,0000;0,0000;0,0000;-0,3711;1,2600;-0,4600;0;0,0200;50,0700;0;1;1;2;0;0
29,0556;181,8115;12,0000;-1,7789;-0,2965;0,0000;0,0000;0,0000;0,0000;0,0000;-0,3706;1,2000;-0,5800;0;0,0200;50,0700;0;1;1;2;0;0
29,0695;181,8115;12,0000;-1,8415;-0,2962;0,0000;0,0000;0,0000;0,0000;0,0000;-0,3702;1,1400;-0,7000;0;0,0200;50,0700;0;1;1;2;0;0
29,0834;181,8115;12,0000;-1,8948;-0,2959;0,0000;0,0000;0,0000;0,0000;0,0000;-0,3699;1,0800;-0,8100;0;0,0200;50,0700;0;1;1;2;0;0
29,0973;181,5449;12,0000;-1,9525;-0,2947;0,0000;0,0000;0,0000;0,0000;0,0000;-0,3684;1,3300;-0,6200;0;0,0198;50,4900;0;1;1;2;0;0
29,1111;181,4986;12,0000;-2,0183;-0,2944;0,0000;0,0000;0,0000;0,0000;0,0000;-0,3680;1,3200;-0,7000;0;0,0198;50,5600;0;1;1;2;0;0
29,1250;181,4523;12,0000;-2,0932;-0,2941;0,0000;0,0000;0,0000;0,0000;0,0000;-0,3677;1,3000;-0,7900;0;0,0197;50,6400;0;1;1;2;0;0
29,1389;181,4060;12,0000;-2,1586;-0,2939;0,0000;0,0000;0,0000;0,0000;0,0000;-0,3674;1,2900;-0,8700;0;0,0197;50,7100;0;1;1;9;0;0
29,1528;181,3597;12,0000;-2,1985;-0,2938;0,0000;0,0000;0,0000;0,0000;0,0000;-0,3672;1,2700;-0,9200;0;0,0197;50,7900;0;1;1;9;0;0
29,1667;181,3563;12,0000;-2,2459;-0,2935;0,0000;0,0000;0,0000;0,0000;0,0000;-0,3669;1,2100;-1,0400;0;0,0197;50,7900;0;1;1;9;0;0
29,1806;181,3563;12,0000;-2,2933;-0,2933;0,0000;0,0000;0,0000;0,0000;0,0000;-0,3666;1,1300;-1,1600;0;0,0197;50,7900;0;1;1;9;0;0
29,1945;181,3563;12,0000;-2,3323;-0,2931;0,0000;0,0000;0,0000;0,0000;0,0000;-0,3664;1,0600;-1,2700;0;0,0197;50,7900;0;1;1;9;0;0
29,2084;181,3563;12,0000;-2,3648;-0,2931;0,0000;0,0000;0,0000;0,0000;0,0000;-0,3663;0,9900;-1,3800;0;0,0197;50,7900;0;1;1;9;0;0
29,2223;181,1249;12,0000;-2,3827;-0,2922;0,0000;0,0000;0,0000;0,0000;0,0000;-0,3652;1,1700;-1,2100;0;0,0195;51,1500;0;1;1;9;0;0
29,2361;181,0786;12,2000;-2,3941;-0,2920;0,0000;0,0000;0,0000;0,0000;0,0000;-0,3650;1,1500;-1,2400;0;0,0195;51,2200;0;1;1;9;0;0
29,2500;181,0316;12,2000;-2,3905;-0,2919;0,0000;0,0000;0,0000;0,0000;0,0000;-0,3649;1,1300;-1,2600;0;0,0195;51,3000;0;1;1;9;0;0
29,2639;180,9845;12,2000;-2,3792;-0,2919;0,0000;0,0000;0,0000;0,0000;0,0000;-0,3648;1,1100;-1,2700;0;0,0195;51,3700;0;1;1;9;0;0
29,2778;180,9374;12,2000;-2,3695;-0,2919;0,0000;0,0000;0,0000;0,0000;0,0000;-0,3648;1,0800;-1,2800;0;0,0194;51,4400;0;1;1;9;0;0
29,2917;180,9003;12,2000;-2,3623;-0,2919;0,0000;0,0000;0,0000;0,0000;0,0000;-0,3648;1,0500;-1,3100;0;0,0194;51,5000;0;1;1;9;0;0
29,3056;180,9003;12,2000;-2,3538;-0,2918;0,0000;0,0000;0,0000;0,0000;0,0000;-0,3647;0,9800;-1,3800;0;0,0194;51,5000;0;1;1;9;0;0
29,3195;180,9003;12,2000;-2,3441;-0,2917;0,0000;0,0000;0,0000;0,0000;0,0000;-0,3647;0,9000;-1,4400;0;0,0194;51,5000;0;1;1;9;0;0
29,3334;180,9003;12,2000;-2,3379;-0,2917;0,0000;0,0000;0,0000;0,0000;0,0000;-0,3647;0,8300;-1,5100;0;0,0194;51,5000;0;1;1;9;0;0
29,3473;180,9003;12,2000;-2,3397;-0,2918;0,0000;0,0000;0,0000;0,0000;0,0000;-0,3647;0,7500;-1,5900;0;0,0194;51,5000;0;1;1;9;0;0
29,3611;180,6517;12,2000;-2,3528;-0,2910;0,0000;0,0000;0,0000;0,0000;0,0000;-0,3638;0,9500;-1,4000;0;0,0193;51,8800;0;1;1;9;0;0
29,3750;180,6047;12,2000;-2,3763;-0,2910;0,0000;0,0000;0,0000;0,0000;0,0000;-0,3638;0,9300;-1,4400;0;0,0192;51,9500;0;1;1;9;0;0
29,3889;180,5576;12,2000;-2,3926;-0,2910;0,0000;0,0000;0,0000;0,0000;0,0000;-0,3638;0,9100;-1,4800;0;0,0192;52,0200;0;1;1;9;0;0
29,4028;180,5105;12,2000;-2,4034;-0,2911;0,0000;0,0000;0,0000;0,0000;0,0000;-0,3639;0,8800;-1,5200;0;0,0192;52,0900;0;1;1;9;0;0
29,4167;180,4635;12,2000;-2,4101;-0,2913;0,0000;0,0000;0,0000;0,0000;0,0000;-0,3641;0,8600;-1,5500;0;0,0192;52,1700;0;1;1;9;0;0
29,4306;180,4449;12,2000;-2,4205;-0,2914;0,0000;0,0000;0,0000;0,0000;0,0000;-0,3642;0,8000;-1,6200;0;0,0192;52,1900;0;1;1;9;0;0
29,4445;180,4449;12,2000;-2,4318;-0,2915;0,0000;0,0000;0,0000;0,0000;0,0000;-0,3643;0,7300;-1,7100;0;0,0192;52,1900;0;1;1;9;0;0
29,4584;180,4449;12,2000;-2,4403;-0,2916;0,0000;0,0000;0,0000;0,0000;0,0000;-0,3645;0,6500;-1,7900;0;0,0192;52,1900;0;1;1;9;0;0
29,4723;180,4449;12,2000;-2,4432;-0,2918;0,0000;0,0000;0,0000;0,0000;0,0000;-0,3648;0,5700;-1,8700;0;0,0192;52,1900;0;1;1;9;0;0
29,4861;180,4449;12,2000;-2,4361;-0,2921;0,0000;0,0000;0,0000;0,0000;0,0000;-0,3651;0,5000;-1,9400;0;0,0192;52,1900;0;1;1;9;0;0
29,5000;180,1778;12,2000;-2,4214;-0,2914;0,0000;0,0000;0,0000;0,0000;0,0000;-0,3643;0,7100;-1,7100;0;0,0190;52,5900;0;1;1;9;0;0
29,5139;180,1308;12,2000;-2,3765;-0,2916;0,0000;0,0000;0,0000;0,0000;0,0000;-0,3645;0,6900;-1,6900;0;0,0190;52,6500;0;1;1;9;0;0
29,5278;180,0837;12,2000;-2,3061;-0,2918;0,0000;0,0000;0,0000;0,0000;0,0000;-0,3647;0,6700;-1,6400;0;0,0190;52,7200;0;1;1;9;0;0
29,5417;180,0366;12,2000;-2,2159;-0,2920;0,0000;0,0000;0,0000;0,0000;0,0000;-0,3650;0,6500;-1,5600;0;0,0189;52,7900;0;1;1;9;0;0
29,5556;179,9895;12,2000;-2,1268;-0,2922;0,0000;0,0000;0,0000;0,0000;0,0000;-0,3653;0,6400;-1,4900;0;0,0189;52,8600;0;1;1;9;0;0
29,5695;179,9891;12,2000;-2,0552;-0,2923;0,0000;0,0000;0,0000;0,0000;0,0000;-0,3654;0,5700;-1,4800;0;0,0189;52,8700;0;1;1;9;0;0
29,5834;179,9891;12,2000;-1,9901;-0,2924;0,0000;0,0000;0,0000;0,0000;0,0000;-0,3655;0,5100;-1,4800;0;0,0189;52,8700;0;1;1;9;0;0
29,5973;179,9891;12,2000;-1,9009;-0,2926;0,0000;0,0000;0,0000;0,0000;0,0000;-0,3657;0,4500;-1,4500;0;0,0189;52,8700;0;1;1;9;0;0
29,6111;179,9891;12,2000;-1,7783;-0,2927;0,0000;0,0000;0,0000;0,0000;0,0000;-0,3659;0,4000;-1,3800;0;0,0189;52,8700;0;1;1;9;0;0
29,6250;179,7511;12,2000;-1,7027;-0,2921;0,0000;0,0000;0,0000;0,0000;0,0000;-0,3651;0,6000;-1,1000;0;0,0188;53,2000;0;1;1;9;0;0
29,6389;179,7040;12,2000;-1,6548;-0,2921;0,0000;0,0000;0,0000;0,0000;0,0000;-0,3651;0,6000;-1,0500;0;0,0188;53,2700;0;1;1;9;0;0
29,6528;179,6569;12,2000;-1,6264;-0,2921;0,0000;0,0000;0,0000;0,0000;0,0000;-0,3652;0,6000;-1,0300;0;0,0187;53,3400;0;1;1;9;0;0
29,6667;179,6098;12,2000;-1,5986;-0,2922;0,0000;0,0000;0,0000;0,0000;0,0000;-0,3653;0,6000;-1,0000;0;0,0187;53,4100;0;1;1;9;0;0
29,6806;179,5628;12,2000;-1,5642;-0,2923;0,0000;0,0000;0,0000;0,0000;0,0000;-0,3654;0,6000;-0,9600;0;0,0187;53,4700;0;1;1;9;0;0
29,6945;179,5334;12,2000;-1,5356;-0,2924;0,0000;0,0000;0,0000;0,0000;0,0000;-0,3655;0,5900;-0,9500;0;0,0187;53,5200;0;1;1;9;0;0
29,7084;179,5334;12,2000;-1,5104;-0,2924;0,0000;0,0000;0,0000;0,0000;0,0000;-0,3655;0,5400;-0,9700;0;0,0187;53,5200;0;1;1;9;0;0
29,7223;179,5334;12,2000;-1,4935;-0,2925;0,0000;0,0000;0,0000;0,0000;0,0000;-0,3656;0,4900;-1,0000;0;0,0187;53,5200;0;1;1;9;0;0
29,7361;179,5334;12,1000;-1,4788;-0,2925;0,0000;0,0000;0,0000;0,0000;0,0000;-0,3657;0,4500;-1,0300;0;0,0187;53,5200;0;1;1;9;0;0
29,7500;179,5334;12,1000;-1,4755;-0,2926;0,0000;0,0000;0,0000;0,0000;0,0000;-0,3658;0,4000;-1,0700;0;0,0187;53,5200;0;1;1;9;0;0
29,7639;179,2780;12,1000;-1,4865;-0,2919;0,0000;0,0000;0,0000;0,0000;0,0000;-0,3649;0,6300;-0,8600;0;0,0186;53,8700;0;1;1;9;0;0
29,7778;179,2313;12,1000;-1,5107;-0,2919;0,0000;0,0000;0,0000;0,0000;0,0000;-0,3649;0,6300;-0,8800;0;0,0185;53,9300;0;1;1;9;0;0
29,7917;179,1846;12,1000;-1,5463;-0,2919;0,0000;0,0000;0,0000;0,0000;0,0000;-0,3649;0,6300;-0,9100;0;0,0185;54,0000;0;1;1;9;0;0
29,8056;179,1379;12,1000;-1,6074;-0,2920;0,0000;0,0000;0,0000;0,0000;0,0000;-0,3650;0,6300;-0,9700;0;0,0185;54,0600;0;1;1;9;0;0
29,8195;179,0913;12,1000;-1,6837;-0,2922;0,0000;0,0000;0,0000;0,0000;0,0000;-0,3652;0,6300;-1,0500;0;0,0185;54,1300;0;1;1;9;0;0
29,8334;179,0778;12,1000;-1,7498;-0,2922;0,0000;0,0000;0,0000;0,0000;0,0000;-0,3653;0,5900;-1,1600;0;0,0185;54,1400;0;1;1;9;0;0
29,8473;179,0778;12,1000;-1,8004;-0,2923;0,0000;0,0000;0,0000;0,0000;0,0000;-0,3654;0,5300;-1,2700;0;0,0185;54,1400;0;1;1;9;0;0
29,8611;179,0778;12,1000;-1,8327;-0,2924;0,0000;0,0000;0,0000;0,0000;0,0000;-0,3655;0,4800;-1,3600;0;0,0185;54,1400;0;1;1;9;0;0
29,8750;179,0778;12,1000;-1,8659;-0,2926;0,0000;0,0000;0,0000;0,0000;0,0000;-0,3657;0,4200;-1,4500;0;0,0185;54,1400;0;1;1;9;0;0
29,8889;179,0778;12,1000;-1,9312;-0,2928;0,0000;0,0000;0,0000;0,0000;0,0000;-0,3660;0,3600;-1,5700;0;0,0185;54,1400;0;1;1;9;0;0
29,9028;178,8081;12,1000;-1,9809;-0,2922;0,0000;0,0000;0,0000;0,0000;0,0000;-0,3653;0,5800;-1,4000;0;0,0183;54,5000;0;1;1;9;0;0
29,9167;178,7614;12,1000;-2,0159;-0,2924;0,0000;0,0000;0,0000;0,0000;0,0000;-0,3655;0,5700;-1,4500;0;0,0183;54,5600;0;1;1;9;0;0
29,9306;178,7147;12,1000;-2,0361;-0,2926;0,0000;0,0000;0,0000;0,0000;0,0000;-0,3657;0,5500;-1,4800;0;0,0183;54,6300;0;1;1;9;0;0
29,9445;178,6680;12,1000;-2,0616;-0,2929;0,0000;0,0000;0,0000;0,0000;0,0000;-0,3661;0,5400;-1,5200;0;0,0183;54,6900;0;1;1;9;0;0
29,9584;178,6220;12,1000;-2,0809;-0,2932;0,0000;0,0000;0,0000;0,0000;0,0000;-0,3665;0,5200;-1,5600;0;0,0183;54,7500;0;1;1;9;0;0
29,9723;178,6220;12,1000;-2,0969;-0,2934;0,0000;0,0000;0,0000;0,0000;0,0000;-0,3667;0,4600;-1,6400;0;0,0183;54,7500;0;1;1;9;0;0
29,9861;178,6220;12,1000;-2,1002;-0,2936;0,0000;0,0000;0,0000;0,0000;0,0000;-0,3670;0,3900;-1,7100;0;0,0183;54,7500;0;1;1;9;0;0
30,0000;178,6220;12,1000;-2,0913;-0,2939;0,0000;0,0000;0,0000;0,0000;0,0000;-0,3674;0,3300;-1,7600;0;0,0183;54,7500;0;1;1;9;0;0
30,0139;178,6220;12,1000;-2,0749;-0,2942;0,0000;0,0000;0,0000;0,0000;0,0000;-0,3678;0,2700;-1,8100;0;0,0183;54,7500;0;1;1;9;0;0
30,0278;178,3849;12,1000;-2,0518;-0,2938;0,0000;0,0000;0,0000;0,0000;0,0000;-0,3672;0,4500;-1,6000;0;0,0182;55,0500;0;1;1;9;0;0
30,0417;178,3382;12,1000;-2,0255;-0,2940;0,0000;0,0000;0,0000;0,0000;0,0000;-0,3675;0,4300;-1,5900;0;0,0181;55,1100;0;1;1;9;0;0
30,0556;178,2915;12,1000;-1,9970;-0,2943;0,0000;0,0000;0,0000;0,0000;0,0000;-0,3679;0,4200;-1,5700;0;0,0181;55,1700;0;1;1;9;0;0
30,0695;178,2448;12,1000;-1,9652;-0,2946;0,0000;0,0000;0,0000;0,0000;0,0000;-0,3682;0,4100;-1,5500;0;0,0181;55,2300;0;1;1;9;0;0
30,0834;178,1981;12,1000;-1,9267;-0,2949;0,0000;0,0000;0,0000;0,0000;0,0000;-0,3687;0,4000;-1,5300;0;0,0181;55,2900;0;1;1;9;0;0
30,0973;178,1665;12,1000;-1,9188;-0,2952;0,0000;0,0000;0,0000;0,0000;0,0000;-0,3690;0,3700;-1,5500;0;0,0181;55,3300;0;1;1;9;0;0
30,1111;178,1665;12,1000;-1,8825;-0,2955;0,0000;0,0000;0,0000;0,0000;0,0000;-0,3694;0,3100;-1,5700;0;0,0181;55,3300;0;1;1;9;0;0
30,1250;178,1665;12,1000;-1,8727;-0,2958;0,0000;0,0000;0,0000;0,0000;0,0000;-0,3697;0,2500;-1,6200;0;0,0181;55,3300;0;1;1;9;0;0
30,1389;178,1665;12,1000;-1,8725;-0,2961;0,0000;0,0000;0,0000;0,0000;0,0000;-0,3701;0,2000;-1,6800;0;0,0181;55,3300;0;1;1;7;0;0
30,1528;178,1665;12,1000;-1,8835;-0,2964;0,0000;0,0000;0,0000;0,0000;0,0000;-0,3705;0,1400;-1,7500;0;0,0181;55,3300;0;1;1;7;0;0
30,1667;177,9150;12,1000;-1,8951;-0,2960;0,0000;0,0000;0,0000;0,0000;0,0000;-0,3700;0,3400;-1,5500;0;0,0180;55,6400;0;1;1;7;0;0
30,1806;177,8683;12,1000;-1,9094;-0,2963;0,0000;0,0000;0,0000;0,0000;0,0000;-0,3704;0,3300;-1,5800;0;0,0180;55,6900;0;1;1;7;0;0
30,1945;177,8216;12,1000;-1,9304;-0,2966;0,0000;0,0000;0,0000;0,0000;0,0000;-0,3708;0,3200;-1,6100;0;0,0179;55,7500;0;1;1;7;0;0
30,2084;177,7749;12,1000;-1,9502;-0,2970;0,0000;0,0000;0,0000;0,0000;0,0000;-0,3713;0,3000;-1,6400;0;0,0179;55,8100;0;1;1;7;0;0
30,2223;177,7282;12,1000;-1,9611;-0,2974;0,0000;0,0000;0,0000;0,0000;0,0000;-0,3718;0,2900;-1,6700;0;0,0179;55,8600;0;1;1;7;0;0
30,2361;177,7106;12,1000;-1,9697;-0,2978;0,0000;0,0000;0,0000;0,0000;0,0000;-0,3722;0,2500;-1,7200;0;0,0179;55,8900;0;1;1;7;0;0
30,2500;177,7106;12,0000;-1,9716;-0,2981;0,0000;0,0000;0,0000;0,0000;0,0000;-0,3727;0,1900;-1,7800;0;0,0179;55,8900;0;1;1;7;0;0
30,2639;177,7106;12,0000;-1,9523;-0,2985;0,0000;0,0000;0,0000;0,0000;0,0000;-0,3731;0,1300;-1,8200;0;0,0179;55,8900;0;1;1;7;0;0
30,2778;177,7106;12,0000;-1,9211;-0,2989;0,0000;0,0000;0,0000;0,0000;0,0000;-0,3737;0,0700;-1,8500;0;0,0179;55,8900;0;1;1;7;0;0
30,2917;177,7106;12,0000;-1,8796;-0,2994;0,0000;0,0000;0,0000;0,0000;0,0000;-0,3742;0,0000;-1,8700;0;0,0179;55,8900;0;1;1;7;0;0
30,3056;177,4467;12,0000;-1,8349;-0,2990;0,0000;0,0000;0,0000;0,0000;0,0000;-0,3737;0,2200;-1,6100;0;0,0178;56,1900;0;1;1;7;0;0
30,3195;177,4004;12,0000;-1,7757;-0,2993;0,0000;0,0000;0,0000;0,0000;0,0000;-0,3741;0,2200;-1,5600;0;0,0178;56,2500;0;1;1;7;0;0
30,3334;177,3541;12,0000;-1,6985;-0,2997;0,0000;0,0000;0,0000;0,0000;0,0000;-0,3746;0,2100;-1,4800;0;0,0178;56,3000;0;1;1;7;0;0
30,3473;177,3078;12,0000;-1,6114;-0,3000;0,0000;0,0000;0,0000;0,0000;0,0000;-0,3750;0,2100;-1,4000;0;0,0177;56,3500;0;1;1;7;0;0
30,3611;177,2615;12,0000;-1,5252;-0,3004;0,0000;0,0000;0,0000;0,0000;0,0000;-0,3755;0,2100;-1,3100;0;0,0177;56,4100;0;1;1;7;0;0
30,3750;177,2551;12,0000;-1,4435;-0,3006;0,0000;0,0000;0,0000;0,0000;0,0000;-0,3758;0,1700;-1,2700;0;0,0177;56,4200;0;1;1;7;0;0
30,3889;177,2551;12,0000;-1,3709;-0,3009;0,0000;0,0000;0,0000;0,0000;0,0000;-0,3761;0,1300;-1,2400;0;0,0177;56,4200;0;1;1;7;0;0
30,4028;177,2551;12,0000;-1,3565;-0,3012;0,0000;0,0000;0,0000;0,0000;0,0000;-0,3765;0,0900;-1,2700;0;0,0177;56,4200;0;1;1;7;0;0
30,4167;177,2551;12,0000;-1,2381;-0,3014;0,0000;0,0000;0,0000;0,0000;0,0000;-0,3768;0,0500;-1,1900;0;0,0177;56,4200;0;1;1;7;0;0
30,4306;177,0269;12,0000;-1,1677;-0,3010;0,0000;0,0000;0,0000;0,0000;0,0000;-0,3762;0,2500;-0,9200;0;0,0176;56,6700;0;1;1;7;0;0
30,4445;176,9806;12,0000;-1,1284;-0,3011;0,0000;0,0000;0,0000;0,0000;0,0000;-0,3764;0,2600;-0,8700;0;0,0176;56,7200;0;1;1;7;0;0
30,4584;176,9343;12,0000;-1,0975;-0,3013;0,0000;0,0000;0,0000;0,0000;0,0000;-0,3766;0,2700;-0,8300;0;0,0176;56,7700;0;1;1;7;0;0
30,4723;176,8880;12,0000;-1,0706;-0,3015;0,0000;0,0000;0,0000;0,0000;0,0000;-0,3768;0,2800;-0,7900;0;0,0176;56,8200;0;1;1;7;0;0
30,4861;176,8417;12,0000;-1,0476;-0,3016;0,0000;0,0000;0,0000;0,0000;0,0000;-0,3770;0,3000;-0,7500;0;0,0176;56,8700;0;1;1;7;0;0
30,5000;176,7993;12,1000;-1,0335;-0,3018;0,0000;0,0000;0,0000;0,0000;0,0000;-0,3773;0,3100;-0,7300;0;0,0176;56,9200;0;1;1;7;0;0
30,5139;176,7993;12,1000;-1,0224;-0,3019;0,0000;0,0000;0,0000;0,0000;0,0000;-0,3774;0,2700;-0,7500;0;0,0176;56,9200;0;1;1;7;0;0
30,5278;176,7993;12,1000;-1,0125;-0,3020;0,0000;0,0000;0,0000;0,0000;0,0000;-0,3775;0,2400;-0,7700;0;0,0176;56,9200;0;1;1;7;0;0
30,5417;176,7993;12,1000;-1,0070;-0,3021;0,0000;0,0000;0,0000;0,0000;0,0000;-0,3776;0,2100;-0,8000;0;0,0176;56,9200;0;1;1;7;0;0
30,5556;176,7993;12,1000;-1,0059;-0,3022;0,0000;0,0000;0,0000;0,0000;0,0000;-0,3778;0,1800;-0,8300;0;0,0176;56,9200;0;1;1;7;0;0
30,5695;176,5590;12,1000;-0,9864;-0,3016;0,0000;0,0000;0,0000;0,0000;0,0000;-0,3770;0,3900;-0,6000;0;0,0175;57,1700;0;1;1;7;0;0
30,5834;176,5123;12,1000;-0,9669;-0,3016;0,0000;0,0000;0,0000;0,0000;0,0000;-0,3771;0,4000;-0,5600;0;0,0175;57,2100;0;1;1;7;0;0
30,5973;176,4657;12,1000;-0,9431;-0,3017;0,0000;0,0000;0,0000;0,0000;0,0000;-0,3771;0,4200;-0,5200;0;0,0175;57,2600;0;1;1;7;0;0
30,6111;176,4190;12,1000;-0,9112;-0,3017;0,0000;0,0000;0,0000;0,0000;0,0000;-0,3772;0,4400;-0,4700;0;0,0174;57,3100;0;1;1;7;0;0
30,6250;176,3723;12,1000;-0,8757;-0,3018;0,0000;0,0000;0,0000;0,0000;0,0000;-0,3772;0,4600;-0,4200;0;0,0174;57,3600;0;1;1;7;0;0
30,6389;176,3438;12,1000;-0,8385;-0,3018;0,0000;0,0000;0,0000;0,0000;0,0000;-0,3772;0,4600;-0,3800;0;0,0174;57,3900;0;1;1;7;0;0
30,6528;176,3438;12,1000;-0,7945;-0,3017;0,0000;0,0000;0,0000;0,0000;0,0000;-0,3771;0,4300;-0,3600;0;0,0174;57,3900;0;1;1;7;0;0
30,6667;176,3438;12,1000;-0,7612;-0,3016;0,0000;0,0000;0,0000;0,0000;0,0000;-0,3770;0,4100;-0,3500;0;0,0174;57,3900;0;1;1;7;0;0
30,6806;176,3438;12,1000;-0,7297;-0,3016;0,0000;0,0000;0,0000;0,0000;0,0000;-0,3770;0,3900;-0,3400;0;0,0174;57,3900;0;1;1;7;0;0
30,6945;176,3438;12,1000;-0,6911;-0,3015;0,0000;0,0000;0,0000;0,0000;0,0000;-0,3769;0,3600;-0,3300;0;0,0174;57,3900;0;1;1;7;0;0
30,7084;176,0892;12,1000;-0,6834;-0,3007;0,0000;0,0000;0,0000;0,0000;0,0000;-0,3758;0,6000;-0,0800;0;0,0173;57,6400;0;1;1;7;0;0
30,7223;176,0425;12,1000;-0,6426;-0,3005;0,0000;0,0000;0,0000;0,0000;0,0000;-0,3756;0,6200;-0,0200;0;0,0173;57,6800;0;1;1;7;0;0
30,7361;175,9958;12,1000;-0,6154;-0,3003;0,0000;0,0000;0,0000;0,0000;0,0000;-0,3754;0,6500;0,0300;0;0,0173;57,7300;0;1;1;7;0;0
30,7500;175,9491;12,1000;-0,5710;-0,3001;0,0000;0,0000;0,0000;0,0000;0,0000;-0,3751;0,6800;0,1100;0;0,0173;57,7700;0;1;1;7;0;0
30,7639;175,9025;12,1000;-0,5297;-0,2999;0,0000;0,0000;0,0000;0,0000;0,0000;-0,3749;0,7100;0,1800;0;0,0173;57,8200;0;1;1;7;0;0
30,7778;175,8880;12,1000;-0,4839;-0,2996;0,0000;0,0000;0,0000;0,0000;0,0000;-0,3745;0,7100;0,2200;0;0,0173;57,8300;0;1;1;7;0;0
30,7917;175,8880;12,1000;-0,4398;-0,2993;0,0000;0,0000;0,0000;0,0000;0,0000;-0,3741;0,6900;0,2500;0;0,0173;57,8300;0;1;1;7;0;0
30,8056;175,8880;12,1000;-0,4076;-0,2990;0,0000;0,0000;0,0000;0,0000;0,0000;-0,3737;0,6800;0,2700;0;0,0173;57,8300;0;1;1;7;0;0
30,8195;175,8880;12,1000;-0,3776;-0,2986;0,0000;0,0000;0,0000;0,0000;0,0000;-0,3733;0,6700;0,2900;0;0,0173;57,8300;0;1;1;7;0;0
30,8334;175,8880;12,1000;-0,3442;-0,2983;0,0000;0,0000;0,0000;0,0000;0,0000;-0,3729;0,6500;0,3100;0;0,0173;57,8300;0;1;1;7;0;0
30,8473;175,6194;12,1000;-0,3114;-0,2971;0,0000;0,0000;0,0000;0,0000;0,0000;-0,3714;0,9100;0,6000;0;0,0172;58,0800;0;1;1;7;0;0
30,8611;175,5728;12,1000;-0,3048;-0,2967;0,0000;0,0000;0,0000;0,0000;0,0000;-0,3708;0,9400;0,6400;0;0,0172;58,1200;0;1;1;7;0;0
30,8750;175,5261;12,1000;-0,2751;-0,2962;0,0000;0,0000;0,0000;0,0000;0,0000;-0,3703;0,9800;0,7100;0;0,0172;58,1600;0;1;1;7;0;0
30,8889;175,4794;12,1000;-0,2633;-0,2957;0,0000;0,0000;0,0000;0,0000;0,0000;-0,3697;1,0200;0,7600;0;0,0172;58,2000;0;1;1;7;0;0
30,9028;175,4327;12,1000;-0,2604;-0,2953;0,0000;0,0000;0,0000;0,0000;0,0000;-0,3691;1,0600;0,8000;0;0,0172;58,2500;0;1;1;7;0;0
30,9167;175,4324;12,1000;-0,2602;-0,2947;0,0000;0,0000;0,0000;0,0000;0,0000;-0,3683;1,0500;0,7900;0;0,0172;58,2500;0;1;1;7;0;0
30,9306;175,4324;12,1000;-0,2647;-0,2941;0,0000;0,0000;0,0000;0,0000;0,0000;-0,3676;1,0400;0,7700;0;0,0172;58,2500;0;1;1;7;0;0
30,9445;175,4324;12,1000;-0,2684;-0,2935;0,0000;0,0000;0,0000;0,0000;0,0000;-0,3669;1,0300;0,7600;0;0,0172;58,2500;0;1;1;7;0;0
30,9584;175,4324;12,1000;-0,2738;-0,2929;0,0000;0,0000;0,0000;0,0000;0,0000;-0,3661;1,0200;0,7500;0;0,0172;58,2500;0;1;1;7;0;0
30,9723;175,1965;12,1000;-0,2885;-0,2916;0,0000;0,0000;0,0000;0,0000;0,0000;-0,3645;1,2400;0,9600;0;0,0171;58,4400;0;1;1;7;0;0
30,9861;175,1498;12,1000;-0,3176;-0,2909;0,0000;0,0000;0,0000;0,0000;0,0000;-0,3636;1,2800;0,9600;0;0,0171;58,4800;0;1;1;7;0;0
31,0000;175,1031;12,1000;-0,3708;-0,2902;0,0000;0,0000;0,0000;0,0000;0,0000;-0,3627;1,3100;0,9400;0;0,0171;58,5200;0;1;1;7;0;0
31,0139;175,0564;12,0000;-0,3814;-0,2895;0,0000;0,0000;0,0000;0,0000;0,0000;-0,3618;1,3500;0,9700;0;0,0171;58,5600;0;1;1;7;0;0
31,0278;175,0102;12,0000;-0,5075;-0,2888;0,0000;0,0000;0,0000;0,0000;0,0000;-0,3610;1,3800;0,8700;0;0,0171;58,6000;0;1;1;7;0;0
31,0417;174,9767;12,0000;-0,5329;-0,2882;0,0000;0,0000;0,0000;0,0000;0,0000;-0,3602;1,3900;0,8600;0;0,0171;58,6300;0;1;1;7;0;0
31,0556;174,9767;12,0000;-0,6403;-0,2875;0,0000;0,0000;0,0000;0,0000;0,0000;-0,3593;1,3700;0,7300;0;0,0171;58,6300;0;1;1;7;0;0
31,0695;174,9767;12,0000;-0,7226;-0,2868;0,0000;0,0000;0,0000;0,0000;0,0000;-0,3585;1,3500;0,6300;0;0,0171;58,6300;0;1;1;7;0;0
31,0834;174,9767;12,0000;-0,8069;-0,2861;0,0000;0,0000;0,0000;0,0000;0,0000;-0,3576;1,3200;0,5200;0;0,0171;58,6300;0;1;1;7;0;0
31,0973;174,9767;12,0000;-0,8910;-0,2855;0,0000;0,0000;0,0000;0,0000;0,0000;-0,3569;1,2900;0,4000;0;0,0171;58,6300;0;1;1;7;0;0
31,1111;174,7296;12,0000;-0,9688;-0,2842;0,0000;0,0000;0,0000;0,0000;0,0000;-0,3552;1,5100;0,5400;0;0,0170;58,8200;0;1;1;7;0;0
31,1250;174,6833;12,0000;-1,0053;-0,2835;0,0000;0,0000;0,0000;0,0000;0,0000;-0,3543;1,5200;0,5100;0;0,0170;58,8500;0;1;1;7;0;0
31,1389;174,6371;12,0000;-1,0397;-0,2828;0,0000;0,0000;0,0000;0,0000;0,0000;-0,3535;1,5300;0,4900;0;0,0170;58,8900;0;1;1;7;0;0
31,1528;174,5908;12,0000;-1,0750;-0,2822;0,0000;0,0000;0,0000;0,0000;0,0000;-0,3527;1,5400;0,4700;0;0,0170;58,9200;0;1;1;8;0;0
31,1667;174,5445;12,0000;-1,0821;-0,2816;0,0000;0,0000;0,0000;0,0000;0,0000;-0,3519;1,5500;0,4700;0;0,0170;58,9600;0;1;1;8;0;0
31,1806;174,5210;12,0000;-1,1479;-0,2809;0,0000;0,0000;0,0000;0,0000;0,0000;-0,3511;1,5400;0,3900;0;0,0170;58,9800;0;1;1;8;0;0
31,1945;174,5210;12,0000;-1,1842;-0,2802;0,0000;0,0000;0,0000;0,0000;0,0000;-0,3502;1,5100;0,3200;0;0,0170;58,9800;0;1;1;8;0;0
31,2084;174,5210;12,0000;-1,2260;-0,2795;0,0000;0,0000;0,0000;0,0000;0,0000;-0,3494;1,4700;0,2400;0;0,0170;58,9800;0;1;1;8;0;0
31,2223;174,5210;12,0000;-1,2510;-0,2788;0,0000;0,0000;0,0000;0,0000;0,0000;-0,3485;1,4300;0,1800;0;0,0170;58,9800;0;1;1;8;0;0
31,2361;174,5210;12,0000;-1,2656;-0,2782;0,0000;0,0000;0,0000;0,0000;0,0000;-0,3478;1,3900;0,1300;0;0,0170;58,9800;0;1;1;8;0;0
31,2500;174,2641;12,0000;-1,2685;-0,2768;0,0000;0,0000;0,0000;0,0000;0,0000;-0,3460;1,6000;0,3400;0;0,0169;59,1500;0;1;1;8;0;0
31,2639;174,2178;12,0000;-1,2931;-0,2761;0,0000;0,0000;0,0000;0,0000;0,0000;-0,3451;1,6100;0,3200;0;0,0169;59,1900;0;1;1;8;0;0
31,2778;174,1715;12,0000;-1,3051;-0,2754;0,0000;0,0000;0,0000;0,0000;0,0000;-0,3443;1,6100;0,3100;0;0,0169;59,2200;0;1;1;8;0;0
31,2917;174,1252;12,0000;-1,3145;-0,2748;0,0000;0,0000;0,0000;0,0000;0,0000;-0,3435;1,6200;0,3100;0;0,0169;59,2500;0;1;1;8;0;0
31,3056;174,0789;12,0000;-1,3164;-0,2742;0,0000;0,0000;0,0000;0,0000;0,0000;-0,3427;1,6200;0,3100;0;0,0169;59,2800;0;1;1;8;0;0
31,3195;174,0654;12,0000;-1,3168;-0,2735;0,0000;0,0000;0,0000;0,0000;0,0000;-0,3418;1,6000;0,2800;0;0,0169;59,2900;0;1;1;8;0;0
31,3334;174,0654;12,0000;-1,3303;-0,2727;0,0000;0,0000;0,0000;0,0000;0,0000;-0,3409;1,5600;0,2300;0;0,0169;59,2900;0;1;1;8;0;0
31,3473;174,0654;12,0000;-1,3483;-0,2721;0,0000;0,0000;0,0000;0,0000;0,0000;-0,3401;1,5200;0,1700;0;0,0169;59,2900;0;1;1;8;0;0
31,3611;174,0654;12,0000;-1,3629;-0,2714;0,0000;0,0000;0,0000;0,0000;0,0000;-0,3393;1,4700;0,1100;0;0,0169;59,2900;0;1;1;8;0;0
31,3750;174,0654;12,0000;-1,3862;-0,2708;0,0000;0,0000;0,0000;0,0000;0,0000;-0,3385;1,4300;0,0400;0;0,0169;59,2900;0;1;1;8;0;0
31,3889;173,7985;12,0000;-1,4043;-0,2694;0,0000;0,0000;0,0000;0,0000;0,0000;-0,3368;1,6400;0,2400;0;0,0168;59,4600;0;1;1;8;0;0
31,4028;173,7522;12,0000;-1,4154;-0,2687;0,0000;0,0000;0,0000;0,0000;0,0000;-0,3359;1,6500;0,2300;0;0,0168;59,4900;0;1;1;8;0;0
31,4167;173,7059;12,0000;-1,4224;-0,2681;0,0000;0,0000;0,0000;0,0000;0,0000;-0,3351;1,6500;0,2300;0;0,0168;59,5100;0;1;1;8;0;0
31,4306;173,6597;12,0000;-1,4256;-0,2674;0,0000;0,0000;0,0000;0,0000;0,0000;-0,3343;1,6500;0,2200;0;0,0168;59,5400;0;1;1;8;0;0
31,4445;173,6134;12,0000;-1,4229;-0,2668;0,0000;0,0000;0,0000;0,0000;0,0000;-0,3335;1,6500;0,2300;0;0,0168;59,5700;0;1;1;8;0;0
31,4584;173,6097;12,0000;-1,4143;-0,2661;0,0000;0,0000;0,0000;0,0000;0,0000;-0,3326;1,6100;0,2000;0;0,0168;59,5700;0;1;1;8;0;0
31,4723;173,6097;12,0000;-1,4126;-0,2654;0,0000;0,0000;0,0000;0,0000;0,0000;-0,3317;1,5700;0,1500;0;0,0168;59,5700;0;1;1;8;0;0
31,4861;173,6097;12,0000;-1,3719;-0,2647;0,0000;0,0000;0,0000;0,0000;0,0000;-0,3309;1,5300;0,1500;0;0,0168;59,5700;0;1;1;8;0;0
31,5000;173,6097;12,0000;-1,3446;-0,2640;0,0000;0,0000;0,0000;0,0000;0,0000;-0,3300;1,4900;0,1400;0;0,0168;59,5700;0;1;1;8;0;0
31,5139;173,3794;12,0000;-1,2979;-0,2627;0,0000;0,0000;0,0000;0,0000;0,0000;-0,3284;1,6700;0,3700;0;0,0168;59,7000;0;1;1;8;0;0
31,5278;173,3331;12,0000;-1,2523;-0,2619;0,0000;0,0000;0,0000;0,0000;0,0000;-0,3274;1,6700;0,4200;0;0,0167;59,7200;0;1;1;8;0;0
31,5417;173,2868;12,0000;-1,2070;-0,2611;0,0000;0,0000;0,0000;0,0000;0,0000;-0,3264;1,6800;0,4800;0;0,0167;59,7500;0;1;1;8;0;0
31,5556;173,2405;12,0000;-1,1701;-0,2604;0,0000;0,0000;0,0000;0,0000;0,0000;-0,3255;1,6900;0,5200;0;0,0167;59,7700;0;1;1;8;0;0
31,5695;173,1942;12,0000;-1,1340;-0,2597;0,0000;0,0000;0,0000;0,0000;0,0000;-0,3246;1,7000;0,5700;0;0,0167;59,8000;0;1;1;8;0;0
31,5834;173,1540;12,0000;-1,1003;-0,2589;0,0000;0,0000;0,0000;0,0000;0,0000;-0,3236;1,7000;0,6000;0;0,0167;59,8200;0;1;1;8;0;0
31,5973;173,1540;12,0000;-1,0716;-0,2581;0,0000;0,0000;0,0000;0,0000;0,0000;-0,3226;1,6700;0,6000;0;0,0167;59,8200;0;1;1;8;0;0
31,6111;173,1540;12,0000;-1,0591;-0,2572;0,0000;0,0000;0,0000;0,0000;0,0000;-0,3215;1,6400;0,5800;0;0,0167;59,8200;0;1;1;8;0;0
31,6250;173,1540;12,0000;-1,0566;-0,2564;0,0000;0,0000;0,0000;0,0000;0,0000;-0,3205;1,6100;0,5500;0;0,0167;59,8200;0;1;1;8;0;0
31,6389;173,1540;12,0000;-1,0552;-0,2556;0,0000;0,0000;0,0000;0,0000;0,0000;-0,3195;1,5800;0,5200;0;0,0167;59,8200;0;1;1;8;0;0
31,6528;172,9141;12,0000;-1,0583;-0,2542;0,0000;0,0000;0,0000;0,0000;0,0000;-0,3177;1,7700;0,7200;0;0,0167;59,9300;0;1;1;8;0;0
31,6667;172,8678;12,0000;-1,0592;-0,2533;0,0000;0,0000;0,0000;0,0000;0,0000;-0,3166;1,7800;0,7300;0;0,0167;59,9500;0;1;1;8;0;0
31,6806;172,8215;12,0000;-1,0562;-0,2524;0,0000;0,0000;0,0000;0,0000;0,0000;-0,3155;1,8000;0,7400;0;0,0167;59,9700;0;1;1;8;0;0
31,6945;172,7752;12,0000;-1,0510;-0,2516;0,0000;0,0000;0,0000;0,0000;0,0000;-0,3145;1,8100;0,7600;0;0,0167;59,9900;0;1;1;8;0;0
31,7084;172,7289;12,0000;-1,0485;-0,2508;0,0000;0,0000;0,0000;0,0000;0,0000;-0,3135;1,8200;0,7700;0;0,0167;60,0200;0;1;1;8;0;0
31,7223;172,6984;12,0000;-1,0486;-0,2499;0,0000;0,0000;0,0000;0,0000;0,0000;-0,3124;1,8200;0,7700;0;0,0167;60,0300;0;1;1;8;0;0
31,7361;172,6984;12,0000;-1,0507;-0,2490;0,0000;0,0000;0,0000;0,0000;0,0000;-0,3113;1,7800;0,7300;0;0,0167;60,0300;0;1;1;8;0;0
31,7500;172,6984;12,0000;-1,0521;-0,2481;0,0000;0,0000;0,0000;0,0000;0,0000;-0,3102;1,7500;0,7000;0;0,0167;60,0300;0;1;1;8;0;0
31,7639;172,6984;12,0000;-1,0523;-0,2473;0,0000;0,0000;0,0000;0,0000;0,0000;-0,3091;1,7200;0,6700;0;0,0167;60,0300;0;1;1;8;0;0
31,7778;172,6984;12,0000;-1,0522;-0,2464;0,0000;0,0000;0,0000;0,0000;0,0000;-0,3080;1,6900;0,6400;0;0,0167;60,0300;0;1;1;8;0;0
31,7917;172,4489;12,0000;-1,0620;-0,2448;0,0000;0,0000;0,0000;0,0000;0,0000;-0,3060;1,8900;0,8300;0;0,0166;60,1200;0;1;1;8;0;0
31,8056;172,4026;12,0000;-1,0794;-0,2439;0,0000;0,0000;0,0000;0,0000;0,0000;-0,3048;1,9100;0,8300;0;0,0166;60,1400;0;1;1;8;0;0
31,8195;172,3563;12,0000;-1,1011;-0,2429;0,0000;0,0000;0,0000;0,0000;0,0000;-0,3037;1,9200;0,8200;0;0,0166;60,1600;0;1;1;8;0;0
31,8334;172,3100;12,0000;-1,1237;-0,2420;0,0000;0,0000;0,0000;0,0000;0,0000;-0,3025;1,9300;0,8000;0;0,0166;60,1800;0;1;1;8;0;0
31,8473;172,2637;12,0000;-1,1614;-0,2411;0,0000;0,0000;0,0000;0,0000;0,0000;-0,3014;1,9400;0,7800;0;0,0166;60,2000;0;1;1;8;0;0
31,8611;172,2426;12,0000;-1,1967;-0,2402;0,0000;0,0000;0,0000;0,0000;0,0000;-0,3003;1,9200;0,7200;0;0,0166;60,2000;0;1;1;8;0;0
31,8750;172,2426;12,0000;-1,2405;-0,2393;0,0000;0,0000;0,0000;0,0000;0,0000;-0,2991;1,8800;0,6400;0;0,0166;60,2000;0;1;1;8;0;0
31,8889;172,2426;12,0000;-1,2978;-0,2384;0,0000;0,0000;0,0000;0,0000;0,0000;-0,2980;1,8400;0,5400;0;0,0166;60,2000;0;1;1;8;0;0
31,9028;172,2426;12,0000;-1,3418;-0,2375;0,0000;0,0000;0,0000;0,0000;0,0000;-0,2969;1,8000;0,4600;0;0,0166;60,2000;0;1;1;8;0;0
31,9167;172,2426;12,0000;-1,3969;-0,2367;0,0000;0,0000;0,0000;0,0000;0,0000;-0,2959;1,7600;0,3600;0;0,0166;60,2000;0;1;1;8;0;0
31,9306;171,9837;12,0000;-1,4079;-0,2351;0,0000;0,0000;0,0000;0,0000;0,0000;-0,2939;1,9600;0,5600;0;0,0166;60,2800;0;1;1;8;0;0
31,9445;171,9375;12,0000;-1,4768;-0,2342;0,0000;0,0000;0,0000;0,0000;0,0000;-0,2928;1,9600;0,4900;0;0,0166;60,2900;0;1;1;8;0;0
31,9584;171,8912;12,0000;-1,5240;-0,2334;0,0000;0,0000;0,0000;0,0000;0,0000;-0,2917;1,9600;0,4400;0;0,0166;60,3100;0;1;1;8;0;0
31,9723;171,8449;12,0000;-1,5571;-0,2326;0,0000;0,0000;0,0000;0,0000;0,0000;-0,2907;1,9500;0,4000;0;0,0166;60,3200;0;1;1;8;0;0
31,9861;171,7986;12,0000;-1,5842;-0,2318;0,0000;0,0000;0,0000;0,0000;0,0000;-0,2898;1,9500;0,3700;0;0,0166;60,3400;0;1;1;8;0;0
32,0000;171,7871;12,0000;-1,6300;-0,2310;0,0000;0,0000;0,0000;0,0000;0,0000;-0,2887;1,9100;0,2800;0;0,0166;60,3400;0;1;1;8;0;0
32,0139;171,7871;12,0000;-1,6741;-0,2301;0,0000;0,0000;0,0000;0,0000;0,0000;-0,2877;1,8600;0,1800;0;0,0166;60,3400;0;1;1;8;0;0
32,0278;171,7871;12,0000;-1,7135;-0,2294;0,0000;0,0000;0,0000;0,0000;0,0000;-0,2867;1,8100;0,0900;0;0,0166;60,3400;0;1;1;8;0;0
32,0417;171,7871;12,0000;-1,7496;-0,2286;0,0000;0,0000;0,0000;0,0000;0,0000;-0,2858;1,7500;0,0000;0;0,0166;60,3400;0;1;1;8;0;0
32,0556;171,7871;12,0000;-1,7910;-0,2279;0,0000;0,0000;0,0000;0,0000;0,0000;-0,2849;1,7000;-0,0900;0;0,0166;60,3400;0;1;1;8;0;0
32,0695;171,5187;12,0000;-1,8373;-0,2265;0,0000;0,0000;0,0000;0,0000;0,0000;-0,2831;1,9000;0,0600;0;0,0166;60,4000;0;1;1;8;0;0
32,0834;171,4724;12,0000;-1,8466;-0,2257;0,0000;0,0000;0,0000;0,0000;0,0000;-0,2822;1,8800;0,0400;0;0,0166;60,4100;0;1;1;8;0;0
32,0973;171,4261;12,0000;-1,9651;-0,2250;0,0000;0,0000;0,0000;0,0000;0,0000;-0,2813;1,8700;-0,0900;0;0,0166;60,4200;0;1;1;8;0;0
32,1111;171,3798;12,0000;-2,0476;-0,2244;0,0000;0,0000;0,0000;0,0000;0,0000;-0,2805;1,8500;-0,2000;0;0,0165;60,4300;0;1;1;8;0;0
32,1250;171,3335;12,0000;-2,0991;-0,2239;0,0000;0,0000;0,0000;0,0000;0,0000;-0,2798;1,8300;-0,2700;0;0,0165;60,4400;0;1;1;8;0;0
32,1389;171,3312;12,0000;-2,1619;-0,2232;0,0000;0,0000;0,0000;0,0000;0,0000;-0,2790;1,7700;-0,4000;0;0,0165;60,4400;0;1;1;8;0;0
32,1528;171,3312;12,0000;-2,2090;-0,2226;0,0000;0,0000;0,0000;0,0000;0,0000;-0,2783;1,7000;-0,5100;0;0,0165;60,4400;0;1;1;6;0;0
32,1667;171,3312;12,0000;-2,2575;-0,2221;0,0000;0,0000;0,0000;0,0000;0,0000;-0,2776;1,6300;-0,6300;0;0,0165;60,4400;0;1;1;6;0;0
32,1806;171,3312;12,0000;-2,3043;-0,2216;0,0000;0,0000;0,0000;0,0000;0,0000;-0,2770;1,5600;-0,7500;0;0,0165;60,4400;0;1;1;6;0;0
32,1945;171,1000;12,0000;-2,3514;-0,2205;0,0000;0,0000;0,0000;0,0000;0,0000;-0,2756;1,7000;-0,6400;0;0,0165;60,4700;0;1;1;6;0;0
32,2084;171,0537;12,0000;-2,4057;-0,2200;0,0000;0,0000;0,0000;0,0000;0,0000;-0,2750;1,6700;-0,7300;0;0,0165;60,4700;0;1;1;6;0;0
32,2223;171,0074;12,0000;-2,4425;-0,2195;0,0000;0,0000;0,0000;0,0000;0,0000;-0,2744;1,6400;-0,8000;0;0,0165;60,4800;0;1;1;6;0;0
32,2361;170,9611;11,8000;-2,4499;-0,2191;0,0000;0,0000;0,0000;0,0000;0,0000;-0,2739;1,6100;-0,8400;0;0,0165;60,4800;0;1;1;6;0;0
32,2500;170,9155;11,8000;-2,4720;-0,2188;0,0000;0,0000;0,0000;0,0000;0,0000;-0,2735;1,5800;-0,8900;0;0,0165;60,4900;0;1;1;6;0;0
32,2639;170,8757;11,8000;-2,4756;-0,2185;0,0000;0,0000;0,0000;0,0000;0,0000;-0,2731;1,5400;-0,9300;0;0,0165;60,5000;0;1;1;6;0;0
32,2778;170,8757;11,8000;-2,4678;-0,2181;0,0000;0,0000;0,0000;0,0000;0,0000;-0,2726;1,4700;-1,0000;0;0,0165;60,5000;0;1;1;6;0;0
32,2917;170,8757;11,8000;-2,4590;-0,2178;0,0000;0,0000;0,0000;0,0000;0,0000;-0,2722;1,3900;-1,0700;0;0,0165;60,5000;0;1;1;6;0;0
32,3056;170,8757;11,8000;-2,4415;-0,2175;0,0000;0,0000;0,0000;0,0000;0,0000;-0,2719;1,3200;-1,1200;0;0,0165;60,5000;0;1;1;6;0;0
32,3195;170,8757;11,8000;-2,4113;-0,2173;0,0000;0,0000;0,0000;0,0000;0,0000;-0,2716;1,2500;-1,1600;0;0,0165;60,5000;0;1;1;6;0;0
32,3334;170,6403;11,8000;-2,3749;-0,2164;0,0000;0,0000;0,0000;0,0000;0,0000;-0,2705;1,4000;-0,9700;0;0,0165;60,5100;0;1;1;6;0;0
32,3473;170,5948;11,8000;-2,3225;-0,2161;0,0000;0,0000;0,0000;0,0000;0,0000;-0,2701;1,3700;-0,9500;0;0,0165;60,5100;0;1;1;6;0;0
32,3611;170,5493;11,8000;-2,2742;-0,2158;0,0000;0,0000;0,0000;0,0000;0,0000;-0,2698;1,3500;-0,9300;0;0,0165;60,5100;0;1;1;6;0;0
32,3750;170,5037;11,8000;-2,2187;-0,2156;0,0000;0,0000;0,0000;0,0000;0,0000;-0,2695;1,3200;-0,8900;0;0,0165;60,5100;0;1;1;6;0;0
32,3889;170,4582;11,8000;-2,2076;-0,2154;0,0000;0,0000;0,0000;0,0000;0,0000;-0,2693;1,3000;-0,9100;0;0,0165;60,5100;0;1;1;6;0;0
32,4028;170,4199;11,8000;-2,1225;-0,2152;0,0000;0,0000;0,0000;0,0000;0,0000;-0,2690;1,2700;-0,8500;0;0,0165;60,5200;0;1;1;6;0;0
32,4167;170,4199;11,8000;-2,0742;-0,2149;0,0000;0,0000;0,0000;0,0000;0,0000;-0,2687;1,2100;-0,8600;0;0,0165;60,5200;0;1;1;6;0;0
32,4306;170,4199;11,8000;-2,0333;-0,2147;0,0000;0,0000;0,0000;0,0000;0,0000;-0,2683;1,1500;-0,8800;0;0,0165;60,5200;0;1;1;6;0;0
32,4445;170,4199;11,8000;-1,9956;-0,2144;0,0000;0,0000;0,0000;0,0000;0,0000;-0,2681;1,0900;-0,9100;0;0,0165;60,5200;0;1;1;6;0;0
32,4584;170,4199;11,8000;-1,9658;-0,2143;0,0000;0,0000;0,0000;0,0000;0,0000;-0,2678;1,0300;-0,9400;0;0,0165;60,5200;0;1;1;6;0;0
32,4723;170,1830;11,8000;-1,9411;-0,2134;0,0000;0,0000;0,0000;0,0000;0,0000;-0,2667;1,2000;-0,7400;0;0,0165;60,5100;0;1;1;6;0;0
32,4861;170,1375;11,8000;-1,9182;-0,2131;0,0000;0,0000;0,0000;0,0000;0,0000;-0,2664;1,1800;-0,7400;0;0,0165;60,5000;0;1;1;6;0;0
32,5000;170,0919;11,8000;-1,9074;-0,2129;0,0000;0,0000;0,0000;0,0000;0,0000;-0,2661;1,1700;-0,7400;0;0,0165;60,5000;0;1;1;6;0;0
32,5139;170,0464;11,8000;-1,9000;-0,2127;0,0000;0,0000;0,0000;0,0000;0,0000;-0,2659;1,1500;-0,7500;0;0,0165;60,5000;0;1;1;6;0;0
32,5278;170,0009;11,8000;-1,8979;-0,2125;0,0000;0,0000;0,0000;0,0000;0,0000;-0,2656;1,1400;-0,7600;0;0,0165;60,5000;0;1;1;6;0;0
32,5417;169,9642;11,8000;-1,8975;-0,2124;0,0000;0,0000;0,0000;0,0000;0,0000;-0,2655;1,1200;-0,7800;0;0,0165;60,5000;0;1;1;6;0;0
32,5556;169,9642;11,8000;-1,9058;-0,2121;0,0000;0,0000;0,0000;0,0000;0,0000;-0,2652;1,0600;-0,8500;0;0,0165;60,5000;0;1;1;6;0;0
32,5695;169,9642;11,8000;-1,9201;-0,2120;0,0000;0,0000;0,0000;0,0000;0,0000;-0,2649;1,0000;-0,9200;0;0,0165;60,5000;0;1;1;6;0;0
32,5834;169,9642;11,8000;-1,9414;-0,2118;0,0000;0,0000;0,0000;0,0000;0,0000;-0,2648;0,9400;-1,0000;0;0,0165;60,5000;0;1;1;6;0;0
32,5973;169,9642;11,8000;-1,9684;-0,2117;0,0000;0,0000;0,0000;0,0000;0,0000;-0,2646;0,8800;-1,0800;0;0,0165;60,5000;0;1;1;6;0;0
32,6111;169,7257;11,8000;-1,9893;-0,2109;0,0000;0,0000;0,0000;0,0000;0,0000;-0,2637;1,0500;-0,9400;0;0,0165;60,4600;0;1;1;6;0;0
32,6250;169,6802;11,8000;-2,0003;-0,2108;0,0000;0,0000;0,0000;0,0000;0,0000;-0,2635;1,0300;-0,9700;0;0,0165;60,4600;0;1;1;6;0;0
32,6389;169,6347;11,8000;-2,0090;-0,2107;0,0000;0,0000;0,0000;0,0000;0,0000;-0,2633;1,0200;-0,9900;0;0,0165;60,4500;0;1;1;6;0;0
32,6528;169,5892;11,8000;-2,0119;-0,2106;0,0000;0,0000;0,0000;0,0000;0,0000;-0,2632;1,0000;-1,0100;0;0,0165;60,4500;0;1;1;6;0;0
32,6667;169,5436;11,8000;-2,0091;-0,2106;0,0000;0,0000;0,0000;0,0000;0,0000;-0,2632;0,9800;-1,0300;0;0,0165;60,4400;0;1;1;6;0;0
32,6806;169,5086;11,8000;-2,0021;-0,2105;0,0000;0,0000;0,0000;0,0000;0,0000;-0,2632;0,9500;-1,0500;0;0,0165;60,4400;0;1;1;6;0;0
32,6945;169,5086;11,8000;-2,0007;-0,2104;0,0000;0,0000;0,0000;0,0000;0,0000;-0,2630;0,8900;-1,1100;0;0,0165;60,4400;0;1;1;6;0;0
32,7084;169,5086;11,8000;-1,9537;-0,2104;0,0000;0,0000;0,0000;0,0000;0,0000;-0,2629;0,8400;-1,1200;0;0,0165;60,4400;0;1;1;6;0;0
32,7223;169,5086;11,8000;-1,9235;-0,2103;0,0000;0,0000;0,0000;0,0000;0,0000;-0,2629;0,7800;-1,1500;0;0,0165;60,4400;0;1;1;6;0;0
32,7361;169,5086;12,1000;-1,8990;-0,2103;0,0000;0,0000;0,0000;0,0000;0,0000;-0,2629;0,7200;-1,1800;0;0,0165;60,4400;0;1;1;6;0;0
32,7500;169,2673;12,1000;-1,8825;-0,2096;0,0000;0,0000;0,0000;0,0000;0,0000;-0,2620;0,8900;-0,9900;0;0,0166;60,3800;0;1;1;6;0;0
32,7639;169,2206;12,1000;-1,8661;-0,2095;0,0000;0,0000;0,0000;0,0000;0,0000;-0,2619;0,8800;-0,9900;0;0,0166;60,3700;0;1;1;6;0;0
32,7778;169,1740;12,1000;-1,8550;-0,2095;0,0000;0,0000;0,0000;0,0000;0,0000;-0,2618;0,8600;-0,9900;0;0,0166;60,3600;0;1;1;6;0;0
32,7917;169,1273;12,1000;-1,8438;-0,2095;0,0000;0,0000;0,0000;0,0000;0,0000;-0,2618;0,8500;-0,9900;0;0,0166;60,3500;0;1;1;6;0;0
32,8056;169,0806;12,1000;-1,8385;-0,2095;0,0000;0,0000;0,0000;0,0000;0,0000;-0,2619;0,8400;-1,0000;0;0,0166;60,3400;0;1;1;6;0;0
32,8195;169,0528;12,1000;-1,8412;-0,2095;0,0000;0,0000;0,0000;0,0000;0,0000;-0,2619;0,8000;-1,0400;0;0,0166;60,3300;0;1;1;6;0;0
32,8334;169,0528;12,1000;-1,8578;-0,2095;0,0000;0,0000;0,0000;0,0000;0,0000;-0,2618;0,7500;-1,1100;0;0,0166;60,3300;0;1;1;6;0;0
32,8473;169,0528;12,1000;-1,8612;-0,2095;0,0000;0,0000;0,0000;0,0000;0,0000;-0,2618;0,6900;-1,1700;0;0,0166;60,3300;0;1;1;6;0;0
32,8611;169,0528;12,1000;-1,9192;-0,2095;0,0000;0,0000;0,0000;0,0000;0,0000;-0,2619;0,6300;-1,2900;0;0,0166;60,3300;0;1;1;6;0;0
32,8750;169,0528;12,1000;-1,9607;-0,2096;0,0000;0,0000;0,0000;0,0000;0,0000;-0,2620;0,5700;-1,3900;0;0,0166;60,3300;0;1;1;6;0;0
32,8889;168,7985;12,1000;-1,9817;-0,2090;0,0000;0,0000;0,0000;0,0000;0,0000;-0,2612;0,7500;-1,2300;0;0,0166;60,2500;0;1;1;6;0;0
32,9028;168,7518;12,1000;-2,0050;-0,2090;0,0000;0,0000;0,0000;0,0000;0,0000;-0,2612;0,7300;-1,2700;0;0,0166;60,2400;0;1;1;6;0;0
32,9167;168,7051;12,1000;-2,0317;-0,2091;0,0000;0,0000;0,0000;0,0000;0,0000;-0,2613;0,7100;-1,3200;0;0,0166;60,2300;0;1;1;6;0;0
32,9306;168,6584;12,1000;-2,0548;-0,2092;0,0000;0,0000;0,0000;0,0000;0,0000;-0,2615;0,6900;-1,3600;0;0,0166;60,2100;0;1;1;6;0;0
32,9445;168,6117;12,1000;-2,0767;-0,2093;0,0000;0,0000;0,0000;0,0000;0,0000;-0,2617;0,6700;-1,4000;0;0,0166;60,2000;0;1;1;6;0;0
32,9584;168,5974;12,1000;-2,0913;-0,2095;0,0000;0,0000;0,0000;0,0000;0,0000;-0,2618;0,6200;-1,4700;0;0,0166;60,1900;0;1;1;6;0;0
32,9723;168,5974;12,1000;-2,1040;-0,2096;0,0000;0,0000;0,0000;0,0000;0,0000;-0,2620;0,5600;-1,5500;0;0,0166;60,1900;0;1;1;6;0;0
32,9861;168,5974;12,1000;-2,1124;-0,2097;0,0000;0,0000;0,0000;0,0000;0,0000;-0,2622;0,4900;-1,6200;0;0,0166;60,1900;0;1;1;6;0;0
33,0000;168,5974;12,0000;-2,1141;-0,2099;0,0000;0,0000;0,0000;0,0000;0,0000;-0,2624;0,4300;-1,6900;0;0,0166;60,1900;0;1;1;6;0;0
33,0139;168,5974;12,0000;-2,1096;-0,2102;0,0000;0,0000;0,0000;0,0000;0,0000;-0,2627;0,3600;-1,7500;0;0,0166;60,1900;0;1;1;6;0;0
33,0278;168,3304;12,0000;-2,1025;-0,2096;0,0000;0,0000;0,0000;0,0000;0,0000;-0,2620;0,5500;-1,5500;0;0,0166;60,0800;0;1;1;6;0;0
33,0417;168,2841;12,0000;-2,0828;-0,2098;0,0000;0,0000;0,0000;0,0000;0,0000;-0,2623;0,5300;-1,5500;0;0,0166;60,0700;0;1;1;6;0;0
33,0556;168,2378;12,0000;-2,0527;-0,2100;0,0000;0,0000;0,0000;0,0000;0,0000;-0,2625;0,5200;-1,5400;0;0,0167;60,0500;0;1;1;6;0;0
33,0695;168,1915;12,0000;-1,9981;-0,2103;0,0000;0,0000;0,0000;0,0000;0,0000;-0,2628;0,5000;-1,5000;0;0,0167;60,0300;0;1;1;6;0;0
33,0834;168,1452;12,0000;-1,9323;-0,2105;0,0000;0,0000;0,0000;0,0000;0,0000;-0,2632;0,4800;-1,4500;0;0,0167;60,0100;0;1;1;6;0;0
33,0973;168,1414;12,0000;-1,8722;-0,2107;0,0000;0,0000;0,0000;0,0000;0,0000;-0,2633;0,4300;-1,4400;0;0,0167;60,0100;0;1;1;6;0;0
33,1111;168,1414;12,0000;-1,8601;-0,2108;0,0000;0,0000;0,0000;0,0000;0,0000;-0,2636;0,3700;-1,4900;0;0,0167;60,0100;0;1;1;6;0;0
33,1250;168,1414;12,0000;-1,7428;-0,2110;0,0000;0,0000;0,0000;0,0000;0,0000;-0,2638;0,3200;-1,4200;0;0,0167;60,0100;0;1;1;6;0;0
33,1389;168,1414;12,0000;-1,6649;-0,2112;0,0000;0,0000;0,0000;0,0000;0,0000;-0,2640;0,2700;-1,4000;0;0,0167;60,0100;0;1;1;6;0;0
33,1528;167,9117;12,0000;-1,6493;-0,2108;0,0000;0,0000;0,0000;0,0000;0,0000;-0,2635;0,4400;-1,2100;0;0,0167;59,8900;0;1;1;3;0;0
33,1667;167,8654;12,0000;-1,4965;-0,2108;0,0000;0,0000;0,0000;0,0000;0,0000;-0,2636;0,4400;-1,0600;0;0,0167;59,8700;0;1;1;3;0;0
33,1806;167,8191;12,0000;-1,4135;-0,2109;0,0000;0,0000;0,0000;0,0000;0,0000;-0,2637;0,4400;-0,9700;0;0,0167;59,8500;0;1;1;3;0;0
33,1945;167,7728;12,0000;-1,3582;-0,2110;0,0000;0,0000;0,0000;0,0000;0,0000;-0,2638;0,4400;-0,9200;0;0,0167;59,8300;0;1;1;3;0;0
33,2084;167,7265;12,0000;-1,3130;-0,2111;0,0000;0,0000;0,0000;0,0000;0,0000;-0,2639;0,4500;-0,8700;0;0,0167;59,8000;0;1;1;3;0;0
33,2223;167,6863;12,0000;-1,3040;-0,2113;0,0000;0,0000;0,0000;0,0000;0,0000;-0,2641;0,4400;-0,8600;0;0,0167;59,7800;0;1;1;3;0;0
33,2361;167,6863;12,0000;-1,2394;-0,2113;0,0000;0,0000;0,0000;0,0000;0,0000;-0,2641;0,4100;-0,8300;0;0,0167;59,7800;0;1;1;3;0;0
33,2500;167,6863;12,0000;-1,2077;-0,2113;0,0000;0,0000;0,0000;0,0000;0,0000;-0,2641;0,3700;-0,8400;0;0,0167;59,7800;0;1;1;3;0;0
33,2639;167,6863;12,0000;-1,1910;-0,2113;0,0000;0,0000;0,0000;0,0000;0,0000;-0,2642;0,3300;-0,8600;0;0,0167;59,7800;0;1;1;3;0;0
33,2778;167,6863;12,0000;-1,1824;-0,2114;0,0000;0,0000;0,0000;0,0000;0,0000;-0,2643;0,3000;-0,8800;0;0,0167;59,7800;0;1;1;3;0;0
33,2917;167,4467;12,0000;-1,1807;-0,2108;0,0000;0,0000;0,0000;0,0000;0,0000;-0,2635;0,4900;-0,6900;0;0,0168;59,6400;0;1;1;3;0;0
33,3056;167,4004;12,0000;-1,1824;-0,2107;0,0000;0,0000;0,0000;0,0000;0,0000;-0,2634;0,5000;-0,6800;0;0,0168;59,6200;0;1;1;3;0;0
33,3195;167,3541;12,0000;-1,2079;-0,2108;0,0000;0,0000;0,0000;0,0000;0,0000;-0,2634;0,5100;-0,7000;0;0,0168;59,5900;0;1;1;3;0;0
33,3334;167,3078;12,0000;-1,2132;-0,2108;0,0000;0,0000;0,0000;0,0000;0,0000;-0,2635;0,5200;-0,7000;0;0,0168;59,5600;0;1;1;3;0;0
33,3473;167,2615;12,0000;-1,2264;-0,2109;0,0000;0,0000;0,0000;0,0000;0,0000;-0,2636;0,5200;-0,7000;0;0,0168;59,5300;0;1;1;3;0;0
33,3611;167,2300;12,0000;-1,2394;-0,2109;0,0000;0,0000;0,0000;0,0000;0,0000;-0,2636;0,5100;-0,7200;0;0,0168;59,5200;0;1;1;3;0;0
33,3750;167,2300;12,0000;-1,2507;-0,2109;0,0000;0,0000;0,0000;0,0000;0,0000;-0,2636;0,4800;-0,7700;0;0,0168;59,5200;0;1;1;3;0;0
33,3889;167,2300;12,0000;-1,2530;-0,2109;0,0000;0,0000;0,0000;0,0000;0,0000;-0,2636;0,4400;-0,8100;0;0,0168;59,5200;0;1;1;3;0;0
33,4028;167,2300;12,0000;-1,2445;-0,2109;0,0000;0,0000;0,0000;0,0000;0,0000;-0,2636;0,4000;-0,8400;0;0,0168;59,5200;0;1;1;3;0;0
33,4167;167,2300;12,0000;-1,2215;-0,2109;0,0000;0,0000;0,0000;0,0000;0,0000;-0,2636;0,3600;-0,8600;0;0,0168;59,5200;0;1;1;3;0;0
33,4306;166,9817;12,0000;-1,1907;-0,2102;0,0000;0,0000;0,0000;0,0000;0,0000;-0,2628;0,5700;-0,6200;0;0,0168;59,3500;0;1;1;3;0;0
33,4445;166,9354;12,0000;-1,1496;-0,2101;0,0000;0,0000;0,0000;0,0000;0,0000;-0,2627;0,5800;-0,5700;0;0,0169;59,3200;0;1;1;3;0;0
33,4584;166,8891;12,0000;-1,1109;-0,2101;0,0000;0,0000;0,0000;0,0000;0,0000;-0,2626;0,5900;-0,5200;0;0,0169;59,2900;0;1;1;3;0;0
33,4723;166,8428;12,0000;-1,0798;-0,2100;0,0000;0,0000;0,0000;0,0000;0,0000;-0,2625;0,6000;-0,4800;0;0,0169;59,2500;0;1;1;3;0;0
33,4861;166,7965;12,0000;-1,0507;-0,2100;0,0000;0,0000;0,0000;0,0000;0,0000;-0,2624;0,6100;-0,4400;0;0,0169;59,2200;0;1;1;3;0;0
33,5000;166,7748;12,3000;-1,0202;-0,2099;0,0000;0,0000;0,0000;0,0000;0,0000;-0,2623;0,6000;-0,4200;0;0,0169;59,2100;0;1;1;3;0;0
33,5139;166,7748;12,3000;-0,9896;-0,2097;0,0000;0,0000;0,0000;0,0000;0,0000;-0,2621;0,5700;-0,4200;0;0,0169;59,2100;0;1;1;3;0;0
33,5278;166,7748;12,3000;-0,9764;-0,2096;0,0000;0,0000;0,0000;0,0000;0,0000;-0,2619;0,5400;-0,4400;0;0,0169;59,2100;0;1;1;3;0;0
33,5417;166,7748;12,3000;-0,9630;-0,2094;0,0000;0,0000;0,0000;0,0000;0,0000;-0,2618;0,5100;-0,4500;0;0,0169;59,2100;0;1;1;3;0;0
33,5556;166,7748;12,3000;-0,9521;-0,2093;0,0000;0,0000;0,0000;0,0000;0,0000;-0,2617;0,4800;-0,4700;0;0,0169;59,2100;0;1;1;3;0;0
33,5695;166,5110;12,3000;-0,9444;-0,2084;0,0000;0,0000;0,0000;0,0000;0,0000;-0,2605;0,7100;-0,2300;0;0,0169;59,0000;0;1;1;3;0;0
33,5834;166,4635;12,3000;-0,9390;-0,2082;0,0000;0,0000;0,0000;0,0000;0,0000;-0,2602;0,7300;-0,2100;0;0,0170;58,9700;0;1;1;3;0;0
33,5973;166,4161;12,3000;-0,9391;-0,2080;0,0000;0,0000;0,0000;0,0000;0,0000;-0,2600;0,7400;-0,1900;0;0,0170;58,9300;0;1;1;3;0;0
33,6111;166,3686;12,3000;-0,9434;-0,2078;0,0000;0,0000;0,0000;0,0000;0,0000;-0,2598;0,7600;-0,1800;0;0,0170;58,9000;0;1;1;3;0;0
33,6250;166,3212;12,3000;-0,9480;-0,2077;0,0000;0,0000;0,0000;0,0000;0,0000;-0,2596;0,7800;-0,1700;0;0,0170;58,8600;0;1;1;3;0;0
33,6389;166,3186;12,3000;-0,9558;-0,2074;0,0000;0,0000;0,0000;0,0000;0,0000;-0,2593;0,7500;-0,2100;0;0,0170;58,8600;0;1;1;3;0;0
33,6528;166,3186;12,3000;-0,9652;-0,2072;0,0000;0,0000;0,0000;0,0000;0,0000;-0,2589;0,7200;-0,2500;0;0,0170;58,8600;0;1;1;3;0;0
33,6667;166,3186;12,3000;-0,9850;-0,2069;0,0000;0,0000;0,0000;0,0000;0,0000;-0,2586;0,6900;-0,3000;0;0,0170;58,8600;0;1;1;3;0;0
33,6806;166,3186;12,3000;-1,0187;-0,2067;0,0000;0,0000;0,0000;0,0000;0,0000;-0,2584;0,6600;-0,3600;0;0,0170;58,8600;0;1;1;3;0;0
33,6945;166,0819;12,3000;-1,0872;-0,2058;0,0000;0,0000;0,0000;0,0000;0,0000;-0,2573;0,8500;-0,2300;0;0,0170;58,6500;0;1;1;3;0;0
33,7084;166,0344;12,3000;-1,1573;-0,2055;0,0000;0,0000;0,0000;0,0000;0,0000;-0,2569;0,8600;-0,2900;0;0,0171;58,6100;0;1;1;3;0;0
33,7223;165,9870;12,3000;-1,2142;-0,2053;0,0000;0,0000;0,0000;0,0000;0,0000;-0,2566;0,8700;-0,3400;0;0,0171;58,5700;0;1;1;3;0;0
33,7361;165,9395;12,3000;-1,2770;-0,2051;0,0000;0,0000;0,0000;0,0000;0,0000;-0,2564;0,8800;-0,4000;0;0,0171;58,5300;0;1;1;3;0;0
33,7500;165,8921;12,3000;-1,3295;-0,2050;0,0000;0,0000;0,0000;0,0000;0,0000;-0,2562;0,8800;-0,4500;0;0,0171;58,4900;0;1;1;3;0;0
33,7639;165,8633;12,3000;-1,3723;-0,2048;0,0000;0,0000;0,0000;0,0000;0,0000;-0,2560;0,8700;-0,5000;0;0,0171;58,4700;0;1;1;3;0;0
33,7778;165,8633;12,3000;-1,4424;-0,2046;0,0000;0,0000;0,0000;0,0000;0,0000;-0,2557;0,8200;-0,6200;0;0,0171;58,4700;0;1;1;3;0;0
33,7917;165,8633;12,3000;-1,5111;-0,2044;0,0000;0,0000;0,0000;0,0000;0,0000;-0,2555;0,7700;-0,7400;0;0,0171;58,4700;0;1;1;3;0;0
33,8056;165,8633;12,3000;-1,5923;-0,2043;0,0000;0,0000;0,0000;0,0000;0,0000;-0,2554;0,7200;-0,8700;0;0,0171;58,4700;0;1;1;3;0;0
33,8195;165,8633;12,3000;-1,6609;-0,2043;0,0000;0,0000;0,0000;0,0000;0,0000;-0,2553;0,6700;-0,9900;0;0,0171;58,4700;0;1;1;3;0;0
33,8334;165,6053;12,3000;-1,7375;-0,2035;0,0000;0,0000;0,0000;0,0000;0,0000;-0,2543;0,8700;-0,8700;0;0,0172;58,2200;0;1;1;3;0;0
33,8473;165,5579;12,3000;-1,8411;-0,2034;0,0000;0,0000;0,0000;0,0000;0,0000;-0,2542;0,8600;-0,9800;0;0,0172;58,1700;0;1;1;3;0;0
33,8611;165,5104;12,3000;-1,9803;-0,2034;0,0000;0,0000;0,0000;0,0000;0,0000;-0,2542;0,8400;-1,1400;0;0,0172;58,1300;0;1;1;3;0;0
33,8750;165,4630;12,3000;-2,1217;-0,2035;0,0000;0,0000;0,0000;0,0000;0,0000;-0,2543;0,8200;-1,3000;0;0,0172;58,0800;0;1;1;3;0;0
33,8889;165,4155;12,3000;-2,3227;-0,2036;0,0000;0,0000;0,0000;0,0000;0,0000;-0,2545;0,7900;-1,5300;0;0,0172;58,0400;0;1;1;3;0;0
33,9028;165,4073;12,3000;-2,4944;-0,2038;0,0000;0,0000;0,0000;0,0000;0,0000;-0,2547;0,7200;-1,7700;0;0,0172;58,0300;0;1;1;3;0;0
33,9167;165,4073;12,3000;-2,6321;-0,2040;0,0000;0,0000;0,0000;0,0000;0,0000;-0,2550;0,6400;-1,9900;0;0,0172;58,0300;0;1;1;3;0;0
33,9306;165,4073;12,3000;-2,8000;-0,2043;0,0000;0,0000;0,0000;0,0000;0,0000;-0,2553;0,5500;-2,2500;0;0,0172;58,0300;0;1;1;3;0;0
33,9445;165,4073;12,3000;-2,9911;-0,2047;0,0000;0,0000;0,0000;0,0000;0,0000;-0,2558;0,4500;-2,5400;0;0,0172;58,0300;0;1;1;3;0;0
33,9584;165,1762;12,3000;-3,1132;-0,2045;0,0000;0,0000;0,0000;0,0000;0,0000;-0,2556;0,5800;-2,5300;0;0,0173;57,7900;0;1;1;3;0;0
33,9723;165,1287;12,3000;-3,2210;-0,2049;0,0000;0,0000;0,0000;0,0000;0,0000;-0,2561;0,5300;-2,6900;0;0,0173;57,7400;0;1;1;3;0;0
33,9861;165,0813;12,3000;-3,2770;-0,2054;0,0000;0,0000;0,0000;0,0000;0,0000;-0,2568;0,4700;-2,8000;0;0,0173;57,6900;0;1;1;3;0;0
34,0000;165,0338;12,6000;-3,3197;-0,2061;0,0000;0,0000;0,0000;0,0000;0,0000;-0,2576;0,4100;-2,9100;0;0,0173;57,6400;0;1;1;3;0;0
34,0139;164,9852;12,6000;-3,3167;-0,2068;0,0000;0,0000;0,0000;0,0000;0,0000;-0,2585;0,3500;-2,9600;0;0,0174;57,5900;0;1;1;3;0;0
34,0278;164,9518;12,6000;-3,3031;-0,2075;0,0000;0,0000;0,0000;0,0000;0,0000;-0,2594;0,2800;-3,0200;0;0,0174;57,5500;0;1;1;3;0;0
34,0417;164,9518;12,6000;-3,2940;-0,2082;0,0000;0,0000;0,0000;0,0000;0,0000;-0,2602;0,1700;-3,1200;0;0,0174;57,5500;0;1;1;3;0;0
34,0556;164,9518;12,6000;-3,2841;-0,2090;0,0000;0,0000;0,0000;0,0000;0,0000;-0,2612;0,0700;-3,2200;0;0,0174;57,5500;0;1;1;3;0;0
34,0695;164,9518;12,6000;-3,2426;-0,2098;0,0000;0,0000;0,0000;0,0000;0,0000;-0,2622;-0,0400;-3,2800;0;0,0174;57,5500;0;1;1;3;0;0
34,0834;164,9518;12,6000;-3,1620;-0,2107;0,0000;0,0000;0,0000;0,0000;0,0000;-0,2633;-0,1400;-3,3000;0;0,0174;57,5500;0;1;1;3;0;0
34,0973;164,6915;12,6000;-3,0557;-0,2108;0,0000;0,0000;0,0000;0,0000;0,0000;-0,2634;0,0200;-3,0300;0;0,0175;57,2600;0;1;1;3;0;0
34,1111;164,6429;12,6000;-2,9280;-0,2115;0,0000;0,0000;0,0000;0,0000;0,0000;-0,2644;-0,0300;-2,9500;0;0,0175;57,2000;0;1;1;3;0;0
34,1250;164,5942;12,6000;-2,7727;-0,2124;0,0000;0,0000;0,0000;0,0000;0,0000;-0,2655;-0,0600;-2,8400;0;0,0175;57,1500;0;1;1;3;0;0
34,1389;164,5456;12,6000;-2,5680;-0,2132;0,0000;0,0000;0,0000;0,0000;0,0000;-0,2665;-0,1000;-2,6700;0;0,0175;57,0900;0;1;1;3;0;0
34,1528;164,4970;12,6000;-2,3569;-0,2140;0,0000;0,0000;0,0000;0,0000;0,0000;-0,2675;-0,1300;-2,4800;0;0,0175;57,0400;0;1;1;3;0;0
34,1667;164,4960;12,6000;-2,1017;-0,2147;0,0000;0,0000;0,0000;0,0000;0,0000;-0,2683;-0,1900;-2,2900;0;0,0175;57,0400;0;1;1;8;0;0
34,1806;164,4960;12,6000;-1,9327;-0,2153;0,0000;0,0000;0,0000;0,0000;0,0000;-0,2692;-0,2500;-2,1900;0;0,0175;57,0400;0;1;1;8;0;0
34,1945;164,4960;12,6000;-1,7995;-0,2160;0,0000;0,0000;0,0000;0,0000;0,0000;-0,2700;-0,3100;-2,1100;0;0,0175;57,0400;0;1;1;8;0;0
34,2084;164,4960;12,6000;-1,6685;-0,2167;0,0000;0,0000;0,0000;0,0000;0,0000;-0,2708;-0,3700;-2,0300;0;0,0175;57,0400;0;1;1;8;0;0
34,2223;164,2518;12,6000;-1,5013;-0,2165;0,0000;0,0000;0,0000;0,0000;0,0000;-0,2707;-0,1700;-1,6700;0;0,0176;56,7400;0;1;1;8;0;0
34,2361;164,2032;12,6000;-1,3221;-0,2170;0,0000;0,0000;0,0000;0,0000;0,0000;-0,2713;-0,1600;-1,4800;0;0,0176;56,6800;0;1;1;8;0;0
34,2500;164,1546;12,6000;-1,1921;-0,2175;0,0000;0,0000;0,0000;0,0000;0,0000;-0,2719;-0,1500;-1,3400;0;0,0177;56,6200;0;1;1;8;0;0
34,2639;164,1060;12,6000;-1,0959;-0,2180;0,0000;0,0000;0,0000;0,0000;0,0000;-0,2725;-0,1400;-1,2300;0;0,0177;56,5600;0;1;1;8;0;0
34,2778;164,0574;12,6000;-0,9824;-0,2184;0,0000;0,0000;0,0000;0,0000;0,0000;-0,2730;-0,1200;-1,1000;0;0,0177;56,5000;0;1;1;8;0;0
34,2917;164,0403;12,6000;-0,8975;-0,2188;0,0000;0,0000;0,0000;0,0000;0,0000;-0,2735;-0,1300;-1,0300;0;0,0177;56,4800;0;1;1;8;0;0
34,3056;164,0403;12,6000;-0,8301;-0,2191;0,0000;0,0000;0,0000;0,0000;0,0000;-0,2739;-0,1600;-0,9900;0;0,0177;56,4800;0;1;1;8;0;0
34,3195;164,0403;12,6000;-0,7486;-0,2195;0,0000;0,0000;0,0000;0,0000;0,0000;-0,2743;-0,1800;-0,9300;0;0,0177;56,4800;0;1;1;8;0;0
34,3334;164,0403;12,6000;-0,6960;-0,2198;0,0000;0,0000;0,0000;0,0000;0,0000;-0,2747;-0,2100;-0,9000;0;0,0177;56,4800;0;1;1;8;0;0
34,3473;163,8121;12,6000;-0,6313;-0,2194;0,0000;0,0000;0,0000;0,0000;0,0000;-0,2742;0,0000;-0,6200;0;0,0178;56,1800;0;1;1;8;0;0
34,3611;163,7635;12,6000;-0,5578;-0,2196;0,0000;0,0000;0,0000;0,0000;0,0000;-0,2744;0,0300;-0,5200;0;0,0178;56,1100;0;1;1;8;0;0
34,3750;163,7149;12,6000;-0,5392;-0,2197;0,0000;0,0000;0,0000;0,0000;0,0000;-0,2747;0,0700;-0,4700;0;0,0178;56,0500;0;1;1;8;0;0
34,3889;163,6663;12,6000;-0,5180;-0,2199;0,0000;0,0000;0,0000;0,0000;0,0000;-0,2749;0,1000;-0,4200;0;0,0179;55,9900;0;1;1;8;0;0
34,4028;163,6177;12,6000;-0,5011;-0,2201;0,0000;0,0000;0,0000;0,0000;0,0000;-0,2751;0,1300;-0,3700;0;0,0179;55,9200;0;1;1;8;0;0
34,4167;163,5848;12,6000;-0,4876;-0,2202;0,0000;0,0000;0,0000;0,0000;0,0000;-0,2753;0,1500;-0,3400;0;0,0179;55,8800;0;1;1;8;0;0
34,4306;163,5848;12,6000;-0,4776;-0,2203;0,0000;0,0000;0,0000;0,0000;0,0000;-0,2753;0,1300;-0,3400;0;0,0179;55,8800;0;1;1;8;0;0
34,4445;163,5848;12,6000;-0,4749;-0,2203;0,0000;0,0000;0,0000;0,0000;0,0000;-0,2754;0,1200;-0,3600;0;0,0179;55,8800;0;1;1;8;0;0
34,4584;163,5848;12,6000;-0,4797;-0,2204;0,0000;0,0000;0,0000;0,0000;0,0000;-0,2755;0,1000;-0,3800;0;0,0179;55,8800;0;1;1;8;0;0
34,4723;163,5848;12,6000;-0,4974;-0,2205;0,0000;0,0000;0,0000;0,0000;0,0000;-0,2756;0,0800;-0,4100;0;0,0179;55,8800;0;1;1;8;0;0
34,4861;163,3238;12,6000;-0,5341;-0,2197;0,0000;0,0000;0,0000;0,0000;0,0000;-0,2747;0,3400;-0,2000;0;0,0180;55,5100;0;1;1;8;0;0
34,5000;163,2752;12,6000;-0,5770;-0,2197;0,0000;0,0000;0,0000;0,0000;0,0000;-0,2746;0,3700;-0,2100;0;0,0180;55,4500;0;1;1;8;0;0
34,5139;163,2265;12,6000;-0,6640;-0,2197;0,0000;0,0000;0,0000;0,0000;0,0000;-0,2746;0,4000;-0,2700;0;0,0181;55,3800;0;1;1;8;0;0
34,5278;163,1779;12,6000;-0,7570;-0,2197;0,0000;0,0000;0,0000;0,0000;0,0000;-0,2747;0,4200;-0,3400;0;0,0181;55,3100;0;1;1;8;0;0
34,5417;163,1293;12,6000;-0,8223;-0,2198;0,0000;0,0000;0,0000;0,0000;0,0000;-0,2747;0,4400;-0,3800;0;0,0181;55,2400;0;1;1;8;0;0
34,5556;163,1289;12,6000;-0,8816;-0,2197;0,0000;0,0000;0,0000;0,0000;0,0000;-0,2747;0,4200;-0,4700;0;0,0181;55,2400;0;1;1;8;0;0
34,5695;163,1289;12,6000;-0,9528;-0,2197;0,0000;0,0000;0,0000;0,0000;0,0000;-0,2746;0,3800;-0,5700;0;0,0181;55,2400;0;1;1;8;0;0
34,5834;163,1289;12,6000;-1,0356;-0,2197;0,0000;0,0000;0,0000;0,0000;0,0000;-0,2746;0,3500;-0,6800;0;0,0181;55,2400;0;1;1;8;0;0
34,5973;163,1289;12,6000;-1,1234;-0,2198;0,0000;0,0000;0,0000;0,0000;0,0000;-0,2747;0,3100;-0,8100;0;0,0181;55,2400;0;1;1;8;0;0
34,6111;162,8840;12,6000;-1,1814;-0,2191;0,0000;0,0000;0,0000;0,0000;0,0000;-0,2739;0,5300;-0,6500;0;0,0182;54,8800;0;1;1;8;0;0
34,6250;162,8354;12,6000;-1,2130;-0,2191;0,0000;0,0000;0,0000;0,0000;0,0000;-0,2739;0,5400;-0,6700;0;0,0182;54,8000;0;1;1;8;0;0
34,6389;162,7868;12,6000;-1,2532;-0,2191;0,0000;0,0000;0,0000;0,0000;0,0000;-0,2739;0,5500;-0,7000;0;0,0183;54,7300;0;1;1;8;0;0
34,6528;162,7382;12,6000;-1,2967;-0,2192;0,0000;0,0000;0,0000;0,0000;0,0000;-0,2740;0,5600;-0,7300;0;0,0183;54,6600;0;1;1;8;0;0
34,6667;162,6896;12,6000;-1,3417;-0,2193;0,0000;0,0000;0,0000;0,0000;0,0000;-0,2741;0,5700;-0,7700;0;0,0183;54,5900;0;1;1;8;0;0
34,6806;162,6736;12,6000;-1,3627;-0,2193;0,0000;0,0000;0,0000;0,0000;0,0000;-0,2741;0,5400;-0,8200;0;0,0183;54,5700;0;1;1;8;0;0
34,6945;162,6736;12,6000;-1,3862;-0,2193;0,0000;0,0000;0,0000;0,0000;0,0000;-0,2742;0,5000;-0,8900;0;0,0183;54,5700;0;1;1;8;0;0
34,7084;162,6736;12,6000;-1,4115;-0,2194;0,0000;0,0000;0,0000;0,0000;0,0000;-0,2742;0,4500;-0,9600;0;0,0183;54,5700;0;1;1;8;0;0
34,7223;162,6736;12,6000;-1,4294;-0,2195;0,0000;0,0000;0,0000;0,0000;0,0000;-0,2743;0,4100;-1,0200;0;0,0183;54,5700;0;1;1;8;0;0
34,7361;162,4442;12,5000;-1,4507;-0,2188;0,0000;0,0000;0,0000;0,0000;0,0000;-0,2735;0,6000;-0,8500;0;0,0184;54,2000;0;1;1;8;0;0
34,7500;162,3960;12,5000;-1,4653;-0,2188;0,0000;0,0000;0,0000;0,0000;0,0000;-0,2735;0,6100;-0,8600;0;0,0185;54,1300;0;1;1;8;0;0
34,7639;162,3478;12,5000;-1,4857;-0,2188;0,0000;0,0000;0,0000;0,0000;0,0000;-0,2735;0,6100;-0,8700;0;0,0185;54,0500;0;1;1;8;0;0
34,7778;162,2995;12,5000;-1,5116;-0,2189;0,0000;0,0000;0,0000;0,0000;0,0000;-0,2736;0,6100;-0,9000;0;0,0185;53,9800;0;1;1;8;0;0
34,7917;162,2513;12,5000;-1,5307;-0,2190;0,0000;0,0000;0,0000;0,0000;0,0000;-0,2737;0,6200;-0,9100;0;0,0186;53,9000;0;1;1;8;0;0
34,8056;162,2175;12,5000;-1,5432;-0,2191;0,0000;0,0000;0,0000;0,0000;0,0000;-0,2739;0,6000;-0,9400;0;0,0186;53,8500;0;1;1;8;0;0
34,8195;162,2175;12,5000;-1,5475;-0,2191;0,0000;0,0000;0,0000;0,0000;0,0000;-0,2739;0,5500;-0,9900;0;0,0186;53,8500;0;1;1;8;0;0
34,8334;162,2175;12,5000;-1,5504;-0,2191;0,0000;0,0000;0,0000;0,0000;0,0000;-0,2739;0,5000;-1,0500;0;0,0186;53,8500;0;1;1;8;0;0
34,8473;162,2175;12,5000;-1,5578;-0,2192;0,0000;0,0000;0,0000;0,0000;0,0000;-0,2740;0,4600;-1,1000;0;0,0186;53,8500;0;1;1;8;0;0
34,8611;162,2175;12,5000;-1,5695;-0,2193;0,0000;0,0000;0,0000;0,0000;0,0000;-0,2742;0,4100;-1,1600;0;0,0186;53,8500;0;1;1;8;0;0
34,8750;161,9596;12,5000;-1,5762;-0,2186;0,0000;0,0000;0,0000;0,0000;0,0000;-0,2733;0,6300;-0,9400;0;0,0187;53,4200;0;1;1;8;0;0
34,8889;161,9114;12,5000;-1,5797;-0,2186;0,0000;0,0000;0,0000;0,0000;0,0000;-0,2733;0,6300;-0,9400;0;0,0187;53,3400;0;1;1;8;0;0
34,9028;161,8632;12,5000;-1,5836;-0,2187;0,0000;0,0000;0,0000;0,0000;0,0000;-0,2734;0,6300;-0,9500;0;0,0188;53,2600;0;1;1;8;0;0
34,9167;161,8149;12,5000;-1,5887;-0,2188;0,0000;0,0000;0,0000;0,0000;0,0000;-0,2735;0,6400;-0,9500;0;0,0188;53,1800;0;1;1;8;0;0
34,9306;161,7667;12,5000;-1,6038;-0,2189;0,0000;0,0000;0,0000;0,0000;0,0000;-0,2736;0,6400;-0,9700;0;0,0188;53,1000;0;1;1;8;0;0
34,9445;161,7625;12,5000;-1,6218;-0,2189;0,0000;0,0000;0,0000;0,0000;0,0000;-0,2737;0,5900;-1,0300;0;0,0188;53,0900;0;1;1;8;0;0
34,9584;161,7625;12,5000;-1,6406;-0,2190;0,0000;0,0000;0,0000;0,0000;0,0000;-0,2737;0,5400;-1,1000;0;0,0188;53,0900;0;1;1;8;0;0
34,9723;161,7625;12,5000;-1,6726;-0,2191;0,0000;0,0000;0,0000;0,0000;0,0000;-0,2738;0,4800;-1,1900;0;0,0188;53,0900;0;1;1;8;0;0
34,9861;161,7625;12,5000;-1,7156;-0,2192;0,0000;0,0000;0,0000;0,0000;0,0000;-0,2740;0,4300;-1,2900;0;0,0188;53,0900;0;1;1;8;0;0
35,0000;161,5232;12,5000;-1,7593;-0,2186;0,0000;0,0000;0,0000;0,0000;0,0000;-0,2732;0,6300;-1,1200;0;0,0190;52,6800;0;1;1;8;0;0
35,0139;161,4750;12,5000;-1,8069;-0,2186;0,0000;0,0000;0,0000;0,0000;0,0000;-0,2733;0,6300;-1,1800;0;0,0190;52,5900;0;1;1;8;0;0
35,0278;161,4268;12,5000;-1,8755;-0,2188;0,0000;0,0000;0,0000;0,0000;0,0000;-0,2734;0,6200;-1,2500;0;0,0190;52,5100;0;1;1;8;0;0
35,0417;161,3785;12,5000;-1,9505;-0,2189;0,0000;0,0000;0,0000;0,0000;0,0000;-0,2737;0,6100;-1,3400;0;0,0191;52,4300;0;1;1;8;0;0
35,0556;161,3303;12,5000;-2,0526;-0,2192;0,0000;0,0000;0,0000;0,0000;0,0000;-0,2740;0,6000;-1,4500;0;0,0191;52,3400;0;1;1;8;0;0
35,0695;161,3060;12,5000;-2,1576;-0,2194;0,0000;0,0000;0,0000;0,0000;0,0000;-0,2743;0,5600;-1,6000;0;0,0191;52,3000;0;1;1;8;0;0
35,0834;161,3060;12,5000;-2,2374;-0,2197;0,0000;0,0000;0,0000;0,0000;0,0000;-0,2746;0,4800;-1,7500;0;0,0191;52,3000;0;1;1;8;0;0
35,0973;161,3060;12,5000;-2,2932;-0,2199;0,0000;0,0000;0,0000;0,0000;0,0000;-0,2749;0,4100;-1,8800;0;0,0191;52,3000;0;1;1;8;0;0
35,1111;161,3060;12,5000;-2,3528;-0,2203;0,0000;0,0000;0,0000;0,0000;0,0000;-0,2754;0,3400;-2,0200;0;0,0191;52,3000;0;1;1;8;0;0
35,1250;161,3060;12,5000;-2,3893;-0,2207;0,0000;0,0000;0,0000;0,0000;0,0000;-0,2759;0,2600;-2,1300;0;0,0191;52,3000;0;1;1;8;0;0
35,1389;161,0385;12,5000;-2,4369;-0,2203;0,0000;0,0000;0,0000;0,0000;0,0000;-0,2753;0,4800;-1,9600;0;0,0193;51,8100;0;1;1;8;0;0
35,1528;160,9903;12,5000;-2,4764;-0,2206;0,0000;0,0000;0,0000;0,0000;0,0000;-0,2758;0,4500;-2,0200;0;0,0193;51,7200;0;1;1;8;0;0
35,1667;160,9421;12,5000;-2,5396;-0,2211;0,0000;0,0000;0,0000;0,0000;0,0000;-0,2764;0,4200;-2,1200;0;0,0194;51,6400;0;1;1;5;0;0
35,1806;160,8939;12,5000;-2,6095;-0,2216;0,0000;0,0000;0,0000;0,0000;0,0000;-0,2770;0,3900;-2,2200;0;0,0194;51,5500;0;1;1;5;0;0
35,1945;160,8513;12,5000;-2,6912;-0,2222;0,0000;0,0000;0,0000;0,0000;0,0000;-0,2777;0,3500;-2,3400;0;0,0194;51,4700;0;1;1;5;0;0
35,2084;160,8513;12,5000;-2,7691;-0,2227;0,0000;0,0000;0,0000;0,0000;0,0000;-0,2783;0,2600;-2,5100;0;0,0194;51,4700;0;1;1;5;0;0
35,2223;160,8513;12,5000;-2,8572;-0,2232;0,0000;0,0000;0,0000;0,0000;0,0000;-0,2790;0,1700;-2,6900;0;0,0194;51,4700;0;1;1;5;0;0
35,2361;160,8513;12,6000;-2,9252;-0,2239;0,0000;0,0000;0,0000;0,0000;0,0000;-0,2798;0,0700;-2,8500;0;0,0194;51,4700;0;1;1;5;0;0
35,2500;160,8513;12,6000;-3,0125;-0,2246;0,0000;0,0000;0,0000;0,0000;0,0000;-0,2808;-0,0200;-3,0300;0;0,0194;51,4700;0;1;1;5;0;0
35,2639;160,6012;12,6000;-3,0969;-0,2245;0,0000;0,0000;0,0000;0,0000;0,0000;-0,2807;0,1600;-2,9400;0;0,0196;51,0000;0;1;1;5;0;0
35,2778;160,5526;12,6000;-3,1508;-0,2253;0,0000;0,0000;0,0000;0,0000;0,0000;-0,2816;0,1100;-3,0400;0;0,0196;50,9000;0;1;1;5;0;0
35,2917;160,5040;12,6000;-3,1648;-0,2261;0,0000;0,0000;0,0000;0,0000;0,0000;-0,2826;0,0700;-3,1000;0;0,0197;50,8100;0;1;1;5;0;0
35,3056;160,4554;12,6000;-3,1699;-0,2269;0,0000;0,0000;0,0000;0,0000;0,0000;-0,2837;0,0000;-3,1500;0;0,0197;50,7200;0;1;1;5;0;0
35,3195;160,4068;12,6000;-3,1701;-0,2279;0,0000;0,0000;0,0000;0,0000;0,0000;-0,2849;-0,0300;-3,2000;0;0,0198;50,6300;0;1;1;5;0;0
35,3334;160,3946;12,6000;-3,1643;-0,2288;0,0000;0,0000;0,0000;0,0000;0,0000;-0,2860;-0,1200;-3,2800;0;0,0198;50,6100;0;1;1;5;0;0
35,3473;160,3946;12,6000;-3,1492;-0,2297;0,0000;0,0000;0,0000;0,0000;0,0000;-0,2871;-0,2200;-3,3700;0;0,0198;50,6100;0;1;1;5;0;0
35,3611;160,3946;12,6000;-3,1240;-0,2306;0,0000;0,0000;0,0000;0,0000;0,0000;-0,2883;-0,3200;-3,4400;0;0,0198;50,6100;0;1;1;5;0;0
35,3750;160,3946;12,6000;-3,0820;-0,2316;0,0000;0,0000;0,0000;0,0000;0,0000;-0,2896;-0,4200;-3,5000;0;0,0198;50,6100;0;1;1;5;0;0
35,3889;160,1612;12,6000;-2,9976;-0,2319;0,0000;0,0000;0,0000;0,0000;0,0000;-0,2898;-0,2500;-3,2500;0;0,0199;50,1400;0;1;1;5;0;0
35,4028;160,1126;12,6000;-2,8863;-0,2328;0,0000;0,0000;0,0000;0,0000;0,0000;-0,2910;-0,2900;-3,1700;0;0,0200;50,0500;0;1;1;5;0;0
35,4167;160,0640;12,6000;-2,7885;-0,2338;0,0000;0,0000;0,0000;0,0000;0,0000;-0,2922;-0,3200;-3,1100;0;0,0200;49,9500;0;1;1;5;0;0
35,4306;160,0154;12,6000;-2,7143;-0,2348;0,0000;0,0000;0,0000;0,0000;0,0000;-0,2935;-0,3500;-3,0700;0;0,0201;49,8600;0;1;1;5;0;0
35,4445;159,9668;12,6000;-2,6458;-0,2358;0,0000;0,0000;0,0000;0,0000;0,0000;-0,2948;-0,3800;-3,0300;0;0,0201;49,7600;0;1;1;5;0;0
35,4584;159,9401;12,6000;-2,5376;-0,2368;0,0000;0,0000;0,0000;0,0000;0,0000;-0,2960;-0,4300;-2,9700;0;0,0201;49,7100;0;1;1;5;0;0
35,4723;159,9401;12,6000;-2,4486;-0,2377;0,0000;0,0000;0,0000;0,0000;0,0000;-0,2972;-0,5100;-2,9600;0;0,0201;49,7100;0;1;1;5;0;0
35,4861;159,9401;12,6000;-2,3673;-0,2387;0,0000;0,0000;0,0000;0,0000;0,0000;-0,2984;-0,5900;-2,9600;0;0,0201;49,7100;0;1;1;5;0;0
35,5000;159,9401;12,6000;-2,2850;-0,2397;0,0000;0,0000;0,0000;0,0000;0,0000;-0,2996;-0,6600;-2,9500;0;0,0201;49,7100;0;1;1;5;0;0
35,5139;159,9401;12,6000;-2,1942;-0,2407;0,0000;0,0000;0,0000;0,0000;0,0000;-0,3009;-0,7300;-2,9300;0;0,0201;49,7100;0;1;1;5;0;0
35,5278;159,6724;12,6000;-2,1177;-0,2408;0,0000;0,0000;0,0000;0,0000;0,0000;-0,3010;-0,4900;-2,6100;0;0,0203;49,1600;0;1;1;5;0;0
35,5417;159,6238;12,6000;-2,0607;-0,2417;0,0000;0,0000;0,0000;0,0000;0,0000;-0,3021;-0,5000;-2,5600;0;0,0204;49,0600;0;1;1;5;0;0
35,5556;159,5752;12,6000;-1,9811;-0,2426;0,0000;0,0000;0,0000;0,0000;0,0000;-0,3033;-0,5100;-2,4900;0;0,0204;48,9700;0;1;1;5;0;0
35,5695;159,5266;12,6000;-1,9134;-0,2435;0,0000;0,0000;0,0000;0,0000;0,0000;-0,3044;-0,5100;-2,4200;0;0,0205;48,8700;0;1;1;5;0;0
35,5834;159,4832;12,6000;-1,8404;-0,2445;0,0000;0,0000;0,0000;0,0000;0,0000;-0,3056;-0,5200;-2,3600;0;0,0205;48,7800;0;1;1;5;0;0
35,5973;159,4832;12,6000;-1,7442;-0,2453;0,0000;0,0000;0,0000;0,0000;0,0000;-0,3066;-0,5800;-2,3200;0;0,0205;48,7800;0;1;1;5;0;0
35,6111;159,4832;12,6000;-1,6695;-0,2461;0,0000;0,0000;0,0000;0,0000;0,0000;-0,3077;-0,6300;-2,3000;0;0,0205;48,7800;0;1;1;5;0;0
35,6250;159,4832;12,6000;-1,6040;-0,2470;0,0000;0,0000;0,0000;0,0000;0,0000;-0,3087;-0,6800;-2,2900;0;0,0205;48,7800;0;1;1;5;0;0
35,6389;159,4832;12,6000;-1,5470;-0,2478;0,0000;0,0000;0,0000;0,0000;0,0000;-0,3098;-0,7300;-2,2800;0;0,0205;48,7800;0;1;1;5;0;0
35,6528;159,2321;12,6000;-1,4819;-0,2478;0,0000;0,0000;0,0000;0,0000;0,0000;-0,3097;-0,4800;-1,9600;0;0,0207;48,2400;0;1;1;5;0;0
35,6667;159,1835;12,6000;-1,4067;-0,2485;0,0000;0,0000;0,0000;0,0000;0,0000;-0,3106;-0,4700;-1,8700;0;0,0208;48,1400;0;1;1;5;0;0
35,6806;159,1349;12,6000;-1,3201;-0,2492;0,0000;0,0000;0,0000;0,0000;0,0000;-0,3115;-0,4500;-1,7700;0;0,0208;48,0400;0;1;1;5;0;0
35,6945;159,0863;12,6000;-1,2184;-0,2499;0,0000;0,0000;0,0000;0,0000;0,0000;-0,3124;-0,4300;-1,6500;0;0,0209;47,9400;0;1;1;5;0;0
35,7084;159,0377;12,6000;-1,1572;-0,2506;0,0000;0,0000;0,0000;0,0000;0,0000;-0,3133;-0,4100;-1,5700;0;0,0209;47,8400;0;1;1;5;0;0
35,7223;159,0289;12,6000;-1,0982;-0,2512;0,0000;0,0000;0,0000;0,0000;0,0000;-0,3140;-0,4400;-1,5400;0;0,0209;47,8200;0;1;1;5;0;0
35,7361;159,0289;12,6000;-1,0501;-0,2517;0,0000;0,0000;0,0000;0,0000;0,0000;-0,3147;-0,4700;-1,5200;0;0,0209;47,8200;0;1;1;5;0;0
35,7500;159,0289;12,6000;-1,0175;-0,2523;0,0000;0,0000;0,0000;0,0000;0,0000;-0,3154;-0,5000;-1,5200;0;0,0209;47,8200;0;1;1;5;0;0
35,7639;159,0289;12,6000;-1,0109;-0,2529;0,0000;0,0000;0,0000;0,0000;0,0000;-0,3161;-0,5400;-1,5500;0;0,0209;47,8200;0;1;1;5;0;0
35,7778;158,7917;12,6000;-0,9949;-0,2526;0,0000;0,0000;0,0000;0,0000;0,0000;-0,3158;-0,2800;-1,2700;0;0,0211;47,3000;0;1;1;5;0;0
35,7917;158,7431;12,6000;-0,9910;-0,2531;0,0000;0,0000;0,0000;0,0000;0,0000;-0,3163;-0,2500;-1,2400;0;0,0212;47,1900;0;1;1;5;0;0
35,8056;158,6945;12,6000;-1,0115;-0,2535;0,0000;0,0000;0,0000;0,0000;0,0000;-0,3169;-0,2300;-1,2400;0;0,0212;47,0900;0;1;1;5;0;0
35,8195;158,6459;12,6000;-1,0636;-0,2541;0,0000;0,0000;0,0000;0,0000;0,0000;-0,3176;-0,2000;-1,2700;0;0,0213;46,9800;0;1;1;5;0;0
35,8334;158,5972;12,6000;-1,1366;-0,2546;0,0000;0,0000;0,0000;0,0000;0,0000;-0,3183;-0,1800;-1,3200;0;0,0213;46,8800;0;1;1;5;0;0
35,8473;158,5719;12,6000;-1,2310;-0,2551;0,0000;0,0000;0,0000;0,0000;0,0000;-0,3189;-0,1900;-1,4200;0;0,0214;46,8200;0;1;1;5;0;0
35,8611;158,5719;12,6000;-1,3414;-0,2556;0,0000;0,0000;0,0000;0,0000;0,0000;-0,3195;-0,2300;-1,5700;0;0,0214;46,8200;0;1;1;5;0;0
35,8750;158,5719;12,6000;-1,4366;-0,2561;0,0000;0,0000;0,0000;0,0000;0,0000;-0,3202;-0,2800;-1,7200;0;0,0214;46,8200;0;1;1;5;0;0
35,8889;158,5719;12,6000;-1,5647;-0,2567;0,0000;0,0000;0,0000;0,0000;0,0000;-0,3209;-0,3300;-1,8900;0;0,0214;46,8200;0;1;1;5;0;0
35,9028;158,5719;12,6000;-1,6791;-0,2574;0,0000;0,0000;0,0000;0,0000;0,0000;-0,3218;-0,3800;-2,0600;0;0,0214;46,8200;0;1;1;5;0;0
35,9167;158,3025;12,6000;-1,7494;-0,2571;0,0000;0,0000;0,0000;0,0000;0,0000;-0,3213;-0,1100;-1,8500;0;0,0216;46,2100;0;1;1;5;0;0
35,9306;158,2539;12,6000;-1,7944;-0,2576;0,0000;0,0000;0,0000;0,0000;0,0000;-0,3220;-0,1000;-1,9000;0;0,0217;46,1100;0;1;1;5;0;0
35,9445;158,2053;12,6000;-1,8198;-0,2582;0,0000;0,0000;0,0000;0,0000;0,0000;-0,3228;-0,1000;-1,9200;0;0,0217;46,0000;0;1;1;5;0;0
35,9584;158,1566;12,6000;-1,8334;-0,2589;0,0000;0,0000;0,0000;0,0000;0,0000;-0,3236;-0,1000;-1,9300;0;0,0218;45,8900;0;1;1;5;0;0
35,9723;158,1176;12,6000;-1,8483;-0,2596;0,0000;0,0000;0,0000;0,0000;0,0000;-0,3245;-0,1100;-1,9600;0;0,0218;45,8000;0;1;1;5;0;0
35,9861;158,1176;12,6000;-1,8529;-0,2601;0,0000;0,0000;0,0000;0,0000;0,0000;-0,3251;-0,1700;-2,0200;0;0,0218;45,8000;0;1;1;5;0;0
36,0000;158,1176;12,6000;-1,8525;-0,2607;0,0000;0,0000;0,0000;0,0000;0,0000;-0,3259;-0,2300;-2,0800;0;0,0218;45,8000;0;1;1;5;0;0
36,0139;158,1176;12,6000;-1,8483;-0,2613;0,0000;0,0000;0,0000;0,0000;0,0000;-0,3267;-0,2900;-2,1400;0;0,0218;45,8000;0;1;1;5;0;0
36,0278;158,1176;12,6000;-1,8430;-0,2620;0,0000;0,0000;0,0000;0,0000;0,0000;-0,3275;-0,3500;-2,1900;0;0,0218;45,8000;0;1;1;5;0;0
36,0417;157,8618;12,6000;-1,8393;-0,2617;0,0000;0,0000;0,0000;0,0000;0,0000;-0,3271;-0,0800;-1,9200;0;0,0221;45,2100;0;1;1;5;0;0
36,0556;157,8132;12,6000;-1,8317;-0,2622;0,0000;0,0000;0,0000;0,0000;0,0000;-0,3278;-0,0800;-1,9100;0;0,0222;45,1000;0;1;1;5;0;0
36,0695;157,7645;12,6000;-1,8302;-0,2628;0,0000;0,0000;0,0000;0,0000;0,0000;-0,3285;-0,0800;-1,9100;0;0,0222;44,9900;0;1;1;5;0;0
36,0834;157,7159;12,6000;-1,8016;-0,2635;0,0000;0,0000;0,0000;0,0000;0,0000;-0,3293;-0,0700;-1,8800;0;0,0223;44,8800;0;1;1;5;0;0
36,0973;157,6673;12,6000;-1,7810;-0,2641;0,0000;0,0000;0,0000;0,0000;0,0000;-0,3301;-0,0700;-1,8500;0;0,0223;44,7700;0;1;1;5;0;0
36,1111;157,6605;12,6000;-1,7568;-0,2646;0,0000;0,0000;0,0000;0,0000;0,0000;-0,3308;-0,1200;-1,8800;0;0,0223;44,7500;0;1;1;5;0;0
36,1250;157,6605;12,6000;-1,7283;-0,2652;0,0000;0,0000;0,0000;0,0000;0,0000;-0,3315;-0,1700;-1,9000;0;0,0223;44,7500;0;1;1;5;0;0
36,1389;157,6605;12,6000;-1,7005;-0,2657;0,0000;0,0000;0,0000;0,0000;0,0000;-0,3322;-0,2300;-1,9300;0;0,0223;44,7500;0;1;1;5;0;0
36,1528;157,6605;12,6000;-1,6696;-0,2663;0,0000;0,0000;0,0000;0,0000;0,0000;-0,3329;-0,2800;-1,9500;0;0,0223;44,7500;0;1;1;5;0;0
36,1667;157,4209;12,6000;-1,6457;-0,2660;0,0000;0,0000;0,0000;0,0000;0,0000;-0,3324;-0,0200;-1,6700;0;0,0226;44,1800;0;1;1;2;0;0
36,1806;157,3723;12,6000;-1,6240;-0,2664;0,0000;0,0000;0,0000;0,0000;0,0000;-0,3330;-0,0200;-1,6400;0;0,0227;44,0700;0;1;1;2;0;0
36,1945;157,3237;12,6000;-1,5980;-0,2669;0,0000;0,0000;0,0000;0,0000;0,0000;-0,3336;0,0000;-1,6000;0;0,0228;43,9500;0;1;1;2;0;0
36,2084;157,2751;12,6000;-1,5718;-0,2674;0,0000;0,0000;0,0000;0,0000;0,0000;-0,3342;0,0000;-1,5600;0;0,0228;43,8400;0;1;1;2;0;0
36,2223;157,2265;12,6000;-1,5665;-0,2679;0,0000;0,0000;0,0000;0,0000;0,0000;-0,3349;0,0000;-1,5400;0;0,0229;43,7300;0;1;1;2;0;0
36,2361;157,2063;12,6000;-1,5268;-0,2684;0,0000;0,0000;0,0000;0,0000;0,0000;-0,3354;0,0000;-1,5300;0;0,0229;43,6800;0;1;1;2;0;0
36,2500;157,2063;12,6000;-1,4986;-0,2687;0,0000;0,0000;0,0000;0,0000;0,0000;-0,3359;-0,0400;-1,5500;0;0,0229;43,6800;0;1;1;2;0;0
36,2639;157,2063;12,6000;-1,4748;-0,2692;0,0000;0,0000;0,0000;0,0000;0,0000;-0,3365;-0,0900;-1,5700;0;0,0229;43,6800;0;1;1;2;0;0
36,2778;157,2063;12,6000;-1,4577;-0,2696;0,0000;0,0000;0,0000;0,0000;0,0000;-0,3370;-0,1400;-1,6000;0;0,0229;43,6800;0;1;1;2;0;0
36,2917;157,2063;12,6000;-1,4543;-0,2701;0,0000;0,0000;0,0000;0,0000;0,0000;-0,3376;-0,1900;-1,6400;0;0,0229;43,6800;0;1;1;2;0;0
36,3056;156,9313;12,6000;-1,4305;-0,2694;0,0000;0,0000;0,0000;0,0000;0,0000;-0,3368;0,1300;-1,3000;0;0,0233;43,0100;0;1;1;2;0;0
36,3195;156,8827;12,6000;-1,4167;-0,2698;0,0000;0,0000;0,0000;0,0000;0,0000;-0,3372;0,1500;-1,2700;0;0,0233;42,8900;0;1;1;2;0;0
36,3334;156,8341;12,6000;-1,4106;-0,2701;0,0000;0,0000;0,0000;0,0000;0,0000;-0,3376;0,1700;-1,2400;0;0,0234;42,7800;0;1;1;2;0;0
36,3473;156,7855;12,6000;-1,4113;-0,2705;0,0000;0,0000;0,0000;0,0000;0,0000;-0,3381;0,1900;-1,2200;0;0,0234;42,6600;0;1;1;2;0;0
36,3611;156,7491;12,6000;-1,4185;-0,2708;0,0000;0,0000;0,0000;0,0000;0,0000;-0,3385;0,1900;-1,2300;0;0,0235;42,5800;0;1;1;2;0;0
36,3750;156,7491;12,6000;-1,4199;-0,2710;0,0000;0,0000;0,0000;0,0000;0,0000;-0,3388;0,1400;-1,2800;0;0,0235;42,5800;0;1;1;2;0;0
36,3889;156,7491;12,6000;-1,4504;-0,2713;0,0000;0,0000;0,0000;0,0000;0,0000;-0,3391;0,1000;-1,3500;0;0,0235;42,5800;0;1;1;2;0;0
36,4028;156,7491;12,6000;-1,4831;-0,2716;0,0000;0,0000;0,0000;0,0000;0,0000;-0,3395;0,0500;-1,4300;0;0,0235;42,5800;0;1;1;2;0;0
36,4167;156,7491;12,6000;-1,5254;-0,2720;0,0000;0,0000;0,0000;0,0000;0,0000;-0,3400;0,0000;-1,5300;0;0,0235;42,5800;0;1;1;2;0;0
36,4306;156,4902;12,6000;-1,5728;-0,2713;0,0000;0,0000;0,0000;0,0000;0,0000;-0,3391;0,3000;-1,2700;0;0,0238;41,9300;0;1;1;2;0;0
36,4445;156,4416;12,6000;-1,6001;-0,2715;0,0000;0,0000;0,0000;0,0000;0,0000;-0,3394;0,3100;-1,2800;0;0,0239;41,8100;0;1;1;2;0;0
36,4584;156,3930;12,6000;-1,6363;-0,2718;0,0000;0,0000;0,0000;0,0000;0,0000;-0,3398;0,3300;-1,3100;0;0,0240;41,6900;0;1;1;2;0;0
36,4723;156,3443;12,6000;-1,6717;-0,2722;0,0000;0,0000;0,0000;0,0000;0,0000;-0,3402;0,3400;-1,3300;0;0,0241;41,5800;0;1;1;2;0;0
36,4861;156,2957;12,6000;-1,7128;-0,2726;0,0000;0,0000;0,0000;0,0000;0,0000;-0,3407;0,3500;-1,3600;0;0,0241;41,4600;0;1;1;2;0;0
36,5000;156,2948;12,5000;-1,7644;-0,2728;0,0000;0,0000;0,0000;0,0000;0,0000;-0,3410;0,2900;-1,4700;0;0,0241;41,4600;0;1;1;2;0;0
36,5139;156,2948;12,5000;-1,8044;-0,2731;0,0000;0,0000;0,0000;0,0000;0,0000;-0,3413;0,2400;-1,5700;0;0,0241;41,4600;0;1;1;2;0;0
36,5278;156,2948;12,5000;-1,8124;-0,2734;0,0000;0,0000;0,0000;0,0000;0,0000;-0,3417;0,1800;-1,6300;0;0,0241;41,4600;0;1;1;2;0;0
36,5417;156,2948;12,5000;-1,8477;-0,2737;0,0000;0,0000;0,0000;0,0000;0,0000;-0,3422;0,1200;-1,7300;0;0,0241;41,4600;0;1;1;2;0;0
36,5556;156,0504;12,5000;-1,8693;-0,2731;0,0000;0,0000;0,0000;0,0000;0,0000;-0,3413;0,4000;-1,4700;0;0,0245;40,8400;0;1;1;2;0;0
36,5695;156,0022;12,5000;-1,8871;-0,2733;0,0000;0,0000;0,0000;0,0000;0,0000;-0,3417;0,4100;-1,4800;0;0,0246;40,7200;0;1;1;2;0;0
36,5834;155,9540;12,5000;-1,9015;-0,2736;0,0000;0,0000;0,0000;0,0000;0,0000;-0,3420;0,4200;-1,4800;0;0,0246;40,6000;0;1;1;2;0;0
36,5973;155,9058;12,5000;-1,9092;-0,2740;0,0000;0,0000;0,0000;0,0000;0,0000;-0,3425;0,4200;-1,4800;0;0,0247;40,4800;0;1;1;2;0;0
36,6111;155,8575;12,5000;-1,9133;-0,2743;0,0000;0,0000;0,0000;0,0000;0,0000;-0,3429;0,4300;-1,4800;0;0,0248;40,3600;0;1;1;2;0;0
36,6250;155,8377;12,5000;-1,9107;-0,2746;0,0000;0,0000;0,0000;0,0000;0,0000;-0,3433;0,4000;-1,5100;0;0,0248;40,3100;0;1;1;2;0;0
36,6389;155,8377;12,5000;-1,9075;-0,2749;0,0000;0,0000;0,0000;0,0000;0,0000;-0,3436;0,3400;-1,5700;0;0,0248;40,3100;0;1;1;2;0;0
36,6528;155,8377;12,5000;-1,9016;-0,2752;0,0000;0,0000;0,0000;0,0000;0,0000;-0,3440;0,2800;-1,6300;0;0,0248;40,3100;0;1;1;2;0;0
36,6667;155,8377;12,5000;-1,8888;-0,2755;0,0000;0,0000;0,0000;0,0000;0,0000;-0,3444;0,2100;-1,6700;0;0,0248;40,3100;0;1;1;2;0;0
36,6806;155,8377;12,5000;-1,8863;-0,2759;0,0000;0,0000;0,0000;0,0000;0,0000;-0,3448;0,1500;-1,7300;0;0,0248;40,3100;0;1;1;2;0;0
36,6945;155,5643;12,5000;-1,8568;-0,2750;0,0000;0,0000;0,0000;0,0000;0,0000;-0,3438;0,4900;-1,3600;0;0,0252;39,6000;0;1;1;2;0;0
36,7084;155,5161;12,5000;-1,8351;-0,2752;0,0000;0,0000;0,0000;0,0000;0,0000;-0,3440;0,5000;-1,3300;0;0,0253;39,4800;0;1;1;2;0;0
36,7223;155,4678;12,5000;-1,8182;-0,2755;0,0000;0,0000;0,0000;0,0000;0,0000;-0,3443;0,5100;-1,3000;0;0,0254;39,3600;0;1;1;2;0;0
36,7361;155,4196;12,1000;-1,8023;-0,2757;0,0000;0,0000;0,0000;0,0000;0,0000;-0,3446;0,5300;-1,2700;0;0,0255;39,2400;0;1;1;2;0;0
36,7500;155,3832;12,1000;-1,7832;-0,2760;0,0000;0,0000;0,0000;0,0000;0,0000;-0,3450;0,5300;-1,2600;0;0,0255;39,1500;0;1;1;2;0;0
36,7639;155,3832;12,1000;-1,7555;-0,2761;0,0000;0,0000;0,0000;0,0000;0,0000;-0,3451;0,4700;-1,2800;0;0,0255;39,1500;0;1;1;2;0;0
36,7778;155,3832;12,1000;-1,7436;-0,2762;0,0000;0,0000;0,0000;0,0000;0,0000;-0,3453;0,4200;-1,3300;0;0,0255;39,1500;0;1;1;2;0;0
36,7917;155,3832;12,1000;-1,7392;-0,2764;0,0000;0,0000;0,0000;0,0000;0,0000;-0,3455;0,3600;-1,3800;0;0,0255;39,1500;0;1;1;2;0;0
36,8056;155,3832;12,1000;-1,7479;-0,2766;0,0000;0,0000;0,0000;0,0000;0,0000;-0,3458;0,3100;-1,4400;0;0,0255;39,1500;0;1;1;2;0;0
36,8195;155,1355;12,1000;-1,7579;-0,2757;0,0000;0,0000;0,0000;0,0000;0,0000;-0,3447;0,6200;-1,1300;0;0,0260;38,5000;0;1;1;2;0;0
36,8334;155,0888;12,1000;-1,7600;-0,2758;0,0000;0,0000;0,0000;0,0000;0,0000;-0,3447;0,6400;-1,1200;0;0,0261;38,3800;0;1;1;2;0;0
36,8473;155,0421;12,1000;-1,7756;-0,2759;0,0000;0,0000;0,0000;0,0000;0,0000;-0,3449;0,6500;-1,1200;0;0,0261;38,2600;0;1;1;2;0;0
36,8611;154,9954;12,1000;-1,7892;-0,2761;0,0000;0,0000;0,0000;0,0000;0,0000;-0,3451;0,6700;-1,1200;0;0,0262;38,1400;0;1;1;2;0;0
36,8750;154,9487;12,1000;-1,8013;-0,2762;0,0000;0,0000;0,0000;0,0000;0,0000;-0,3453;0,6800;-1,1200;0;0,0263;38,0300;0;1;1;2;0;0
36,8889;154,9264;12,1000;-1,8126;-0,2764;0,0000;0,0000;0,0000;0,0000;0,0000;-0,3454;0,6600;-1,1500;0;0,0263;37,9700;0;1;1;2;0;0
36,9028;154,9264;12,1000;-1,8201;-0,2764;0,0000;0,0000;0,0000;0,0000;0,0000;-0,3455;0,6000;-1,2200;0;0,0263;37,9700;0;1;1;2;0;0
36,9167;154,9264;12,1000;-1,8235;-0,2765;0,0000;0,0000;0,0000;0,0000;0,0000;-0,3456;0,5500;-1,2800;0;0,0263;37,9700;0;1;1;2;0;0
36,9306;154,9264;12,1000;-1,8266;-0,2766;0,0000;0,0000;0,0000;0,0000;0,0000;-0,3458;0,4900;-1,3400;0;0,0263;37,9700;0;1;1;2;0;0
36,9445;154,9264;12,1000;-1,8296;-0,2768;0,0000;0,0000;0,0000;0,0000;0,0000;-0,3459;0,4300;-1,4000;0;0,0263;37,9700;0;1;1;2;0;0
36,9584;154,6645;12,1000;-1,8287;-0,2757;0,0000;0,0000;0,0000;0,0000;0,0000;-0,3446;0,7800;-1,0500;0;0,0265;37,6800;0;1;1;2;0;0
36,9723;154,6178;12,1000;-1,8262;-0,2757;0,0000;0,0000;0,0000;0,0000;0,0000;-0,3446;0,7900;-1,0300;0;0,0266;37,6200;0;1;1;2;0;0
36,9861;154,5711;12,1000;-1,8257;-0,2757;0,0000;0,0000;0,0000;0,0000;0,0000;-0,3447;0,8100;-1,0100;0;0,0266;37,5700;0;1;1;2;0;0
37,0000;154,5244;12,1000;-1,8003;-0,2758;0,0000;0,0000;0,0000;0,0000;0,0000;-0,3448;0,8200;-0,9700;0;0,0267;37,5200;0;1;1;2;0;0
37,0139;154,4777;12,1000;-1,7756;-0,2759;0,0000;0,0000;0,0000;0,0000;0,0000;-0,3449;0,8400;-0,9300;0;0,0267;37,4700;0;1;1;2;0;0
37,0278;154,4734;12,1000;-1,7486;-0,2758;0,0000;0,0000;0,0000;0,0000;0,0000;-0,3448;0,7900;-0,9500;0;0,0267;37,4700;0;1;1;2;0;0
37,0417;154,4734;12,1000;-1,7257;-0,2758;0,0000;0,0000;0,0000;0,0000;0,0000;-0,3447;0,7400;-0,9800;0;0,0267;37,4700;0;1;1;2;0;0
37,0556;154,4734;12,1000;-1,6983;-0,2757;0,0000;0,0000;0,0000;0,0000;0,0000;-0,3447;0,6900;-1,0100;0;0,0267;37,4700;0;1;1;2;0;0
37,0695;154,4734;12,1000;-1,6816;-0,2757;0,0000;0,0000;0,0000;0,0000;0,0000;-0,3446;0,6400;-1,0400;0;0,0267;37,4700;0;1;1;2;0;0
37,0834;154,2402;12,1000;-1,6680;-0,2746;0,0000;0,0000;0,0000;0,0000;0,0000;-0,3433;0,9400;-0,7300;0;0,0263;38,0600;0;1;1;2;0;0
37,0973;154,1935;12,1000;-1,6602;-0,2744;0,0000;0,0000;0,0000;0,0000;0,0000;-0,3430;0,9600;-0,7000;0;0,0262;38,1800;0;1;1;2;0;0
37,1111;154,1468;12,1000;-1,6667;-0,2743;0,0000;0,0000;0,0000;0,0000;0,0000;-0,3429;0,9700;-0,6900;0;0,0261;38,3100;0;1;1;2;0;0
37,1250;154,1001;12,1000;-1,6936;-0,2742;0,0000;0,0000;0,0000;0,0000;0,0000;-0,3427;0,9900;-0,7000;0;0,0260;38,4300;0;1;1;2;0;0
37,1389;154,0534;12,1000;-1,6988;-0,2741;0,0000;0,0000;0,0000;0,0000;0,0000;-0,3426;1,0100;-0,6900;0;0,0259;38,5600;0;1;1;2;0;0
37,1528;154,0184;12,1000;-1,8069;-0,2740;0,0000;0,0000;0,0000;0,0000;0,0000;-0,3426;1,0100;-0,8000;0;0,0259;38,6500;0;1;1;2;0;0
37,1667;154,0184;12,1000;-1,8918;-0,2739;0,0000;0,0000;0,0000;0,0000;0,0000;-0,3424;0,9500;-0,9400;0;0,0259;38,6500;0;1;1;0;0;0
37,1806;154,0184;12,1000;-1,9887;-0,2738;0,0000;0,0000;0,0000;0,0000;0,0000;-0,3422;0,8900;-1,1000;0;0,0259;38,6500;0;1;1;0;0;0
37,1945;154,0184;12,1000;-2,0995;-0,2738;0,0000;0,0000;0,0000;0,0000;0,0000;-0,3422;0,8200;-1,2800;0;0,0259;38,6500;0;1;1;0;0;0
37,2084;154,0184;12,1000;-2,1826;-0,2738;0,0000;0,0000;0,0000;0,0000;0,0000;-0,3422;0,7500;-1,4300;0;0,0259;38,6500;0;1;1;0;0;0
37,2223;153,7693;12,1000;-2,2488;-0,2727;0,0000;0,0000;0,0000;0,0000;0,0000;-0,3409;1,0500;-1,2000;0;0,0255;39,2800;0;1;1;0;0;0
37,2361;153,7226;12,1000;-2,2959;-0,2726;0,0000;0,0000;0,0000;0,0000;0,0000;-0,3408;1,0500;-1,2500;0;0,0254;39,4000;0;1;1;0;0;0
37,2500;153,6759;12,1000;-2,3287;-0,2726;0,0000;0,0000;0,0000;0,0000;0,0000;-0,3408;1,0400;-1,2800;0;0,0253;39,5200;0;1;1;0;0;0
37,2639;153,6292;12,1000;-2,3353;-0,2727;0,0000;0,0000;0,0000;0,0000;0,0000;-0,3408;1,0400;-1,2900;0;0,0252;39,6400;0;1;1;0;0;0
37,2778;153,5825;12,1000;-2,3568;-0,2728;0,0000;0,0000;0,0000;0,0000;0,0000;-0,3409;1,0300;-1,3200;0;0,0251;39,7700;0;1;1;0;0;0
37,2917;153,5623;12,1000;-2,3611;-0,2728;0,0000;0,0000;0,0000;0,0000;0,0000;-0,3410;0,9900;-1,3700;0;0,0251;39,8200;0;1;1;0;0;0
37,3056;153,5623;12,1000;-2,3682;-0,2727;0,0000;0,0000;0,0000;0,0000;0,0000;-0,3409;0,9200;-1,4500;0;0,0251;39,8200;0;1;1;0;0;0
37,3195;153,5623;12,1000;-2,3661;-0,2727;0,0000;0,0000;0,0000;0,0000;0,0000;-0,3409;0,8400;-1,5200;0;0,0251;39,8200;0;1;1;0;0;0
37,3334;153,5623;12,1000;-2,3559;-0,2728;0,0000;0,0000;0,0000;0,0000;0,0000;-0,3410;0,7700;-1,5800;0;0,0251;39,8200;0;1;1;0;0;0
37,3473;153,5623;12,1000;-2,3363;-0,2729;0,0000;0,0000;0,0000;0,0000;0,0000;-0,3411;0,7000;-1,6400;0;0,0251;39,8200;0;1;1;0;0;0
37,3611;153,2985;12,1000;-2,3110;-0,2719;0,0000;0,0000;0,0000;0,0000;0,0000;-0,3398;1,0000;-1,3100;0;0,0247;40,4800;0;1;1;0;0;0
37,3750;153,2518;12,1000;-2,2835;-0,2718;0,0000;0,0000;0,0000;0,0000;0,0000;-0,3398;1,0000;-1,2800;0;0,0246;40,6000;0;1;1;0;0;0
37,3889;153,2051;12,1000;-2,2341;-0,2718;0,0000;0,0000;0,0000;0,0000;0,0000;-0,3398;0,9900;-1,2400;0;0,0246;40,7200;0;1;1;0;0;0
37,4028;153,1584;12,1000;-2,1827;-0,2719;0,0000;0,0000;0,0000;0,0000;0,0000;-0,3398;0,9900;-1,1900;0;0,0245;40,8400;0;1;1;0;0;0
37,4167;153,1117;12,1000;-2,1451;-0,2719;0,0000;0,0000;0,0000;0,0000;0,0000;-0,3399;0,9900;-1,1500;0;0,0244;40,9600;0;1;1;0;0;0
37,4306;153,1069;12,1000;-2,1019;-0,2718;0,0000;0,0000;0,0000;0,0000;0,0000;-0,3398;0,9300;-1,1700;0;0,0244;40,9700;0;1;1;0;0;0
37,4445;153,1069;12,1000;-2,0933;-0,2718;0,0000;0,0000;0,0000;0,0000;0,0000;-0,3397;0,8700;-1,2200;0;0,0244;40,9700;0;1;1;0;0;0
37,4584;153,1069;12,1000;-2,0560;-0,2717;0,0000;0,0000;0,0000;0,0000;0,0000;-0,3396;0,8100;-1,2500;0;0,0244;40,9700;0;1;1;0;0;0
37,4723;153,1069;12,1000;-2,0302;-0,2717;0,0000;0,0000;0,0000;0,0000;0,0000;-0,3396;0,7400;-1,2900;0;0,0244;40,9700;0;1;1;0;0;0
37,4861;152,8745;12,1000;-1,9962;-0,2707;0,0000;0,0000;0,0000;0,0000;0,0000;-0,3383;1,0000;-0,9900;0;0,0241;41,5400;0;1;1;0;0;0
37,5000;152,8279;12,1000;-1,9715;-0,2705;0,0000;0,0000;0,0000;0,0000;0,0000;-0,3381;1,0100;-0,9600;0;0,0240;41,6600;0;1;1;0;0;0
37,5139;152,7812;12,1000;-1,9486;-0,2704;0,0000;0,0000;0,0000;0,0000;0,0000;-0,3380;1,0100;-0,9400;0;0,0239;41,7700;0;1;1;0;0;0
37,5278;152,7345;12,1000;-1,9366;-0,2703;0,0000;0,0000;0,0000;0,0000;0,0000;-0,3378;1,0100;-0,9200;0;0,0239;41,8900;0;1;1;0;0;0
37,5417;152,6878;12,1000;-1,9173;-0,2702;0,0000;0,0000;0,0000;0,0000;0,0000;-0,3378;1,0200;-0,9000;0;0,0238;42,0100;0;1;1;0;0;0
37,5556;152,6511;12,1000;-1,8950;-0,2701;0,0000;0,0000;0,0000;0,0000;0,0000;-0,3377;1,0100;-0,8800;0;0,0238;42,1000;0;1;1;0;0;0
37,5695;152,6511;12,1000;-1,8600;-0,2699;0,0000;0,0000;0,0000;0,0000;0,0000;-0,3374;0,9500;-0,9000;0;0,0238;42,1000;0;1;1;0;0;0
37,5834;152,6511;12,1000;-1,8265;-0,2698;0,0000;0,0000;0,0000;0,0000;0,0000;-0,3372;0,9000;-0,9300;0;0,0238;42,1000;0;1;1;0;0;0
37,5973;152,6511;12,1000;-1,8198;-0,2696;0,0000;0,0000;0,0000;0,0000;0,0000;-0,3370;0,8400;-0,9800;0;0,0238;42,1000;0;1;1;0;0;0
37,6111;152,6511;12,1000;-1,7521;-0,2695;0,0000;0,0000;0,0000;0,0000;0,0000;-0,3369;0,7900;-0,9600;0;0,0238;42,1000;0;1;1;0;0;0
37,6250;152,4040;12,1000;-1,7130;-0,2684;0,0000;0,0000;0,0000;0,0000;0,0000;-0,3354;1,0700;-0,6400;0;0,0234;42,7000;0;1;1;0;0;0
37,6389;152,3574;12,1000;-1,6714;-0,2681;0,0000;0,0000;0,0000;0,0000;0,0000;-0,3351;1,0800;-0,5900;0;0,0234;42,8100;0;1;1;0;0;0
37,6528;152,3107;12,1000;-1,6448;-0,2679;0,0000;0,0000;0,0000;0,0000;0,0000;-0,3348;1,0900;-0,5500;0;0,0233;42,9300;0;1;1;0;0;0
37,6667;152,2640;12,1000;-1,6186;-0,2677;0,0000;0,0000;0,0000;0,0000;0,0000;-0,3346;1,1000;-0,5100;0;0,0232;43,0400;0;1;1;0;0;0
37,6806;152,2173;12,1000;-1,6008;-0,2675;0,0000;0,0000;0,0000;0,0000;0,0000;-0,3343;1,1200;-0,4800;0;0,0232;43,1600;0;1;1;0;0;0
37,6945;152,1954;12,1000;-1,5925;-0,2672;0,0000;0,0000;0,0000;0,0000;0,0000;-0,3340;1,1000;-0,5000;0;0,0231;43,2100;0;1;1;0;0;0
37,7084;152,1954;12,1000;-1,5837;-0,2669;0,0000;0,0000;0,0000;0,0000;0,0000;-0,3336;1,0500;-0,5400;0;0,0231;43,2100;0;1;1;0;0;0
37,7223;152,1954;12,1000;-1,5801;-0,2666;0,0000;0,0000;0,0000;0,0000;0,0000;-0,3332;1,0000;-0,5800;0;0,0231;43,2100;0;1;1;0;0;0
37,7361;152,1954;12,1000;-1,5806;-0,2663;0,0000;0,0000;0,0000;0,0000;0,0000;-0,3329;0,9500;-0,6300;0;0,0231;43,2100;0;1;1;0;0;0
37,7500;152,1954;12,1000;-1,5806;-0,2661;0,0000;0,0000;0,0000;0,0000;0,0000;-0,3326;0,9000;-0,6800;0;0,0231;43,2100;0;1;1;0;0;0
37,7639;151,9337;12,1000;-1,5793;-0,2648;0,0000;0,0000;0,0000;0,0000;0,0000;-0,3310;1,2000;-0,3800;0;0,0228;43,8300;0;1;1;0;0;0
37,7778;151,8870;12,1000;-1,5795;-0,2644;0,0000;0,0000;0,0000;0,0000;0,0000;-0,3305;1,2100;-0,3700;0;0,0228;43,9400;0;1;1;0;0;0
37,7917;151,8403;12,1000;-1,5816;-0,2641;0,0000;0,0000;0,0000;0,0000;0,0000;-0,3301;1,2200;-0,3600;0;0,0227;44,0500;0;1;1;0;0;0
37,8056;151,7936;12,1000;-1,5956;-0,2638;0,0000;0,0000;0,0000;0,0000;0,0000;-0,3297;1,2300;-0,3600;0;0,0226;44,1700;0;1;1;0;0;0
37,8195;151,7469;12,1000;-1,6255;-0,2635;0,0000;0,0000;0,0000;0,0000;0,0000;-0,3294;1,2400;-0,3800;0;0,0226;44,2800;0;1;1;0;0;0
37,8334;151,7398;12,1000;-1,6613;-0,2632;0,0000;0,0000;0,0000;0,0000;0,0000;-0,3289;1,2000;-0,4600;0;0,0226;44,3000;0;1;1;0;0;0
37,8473;151,7398;12,1000;-1,6971;-0,2628;0,0000;0,0000;0,0000;0,0000;0,0000;-0,3285;1,1500;-0,5500;0;0,0226;44,3000;0;1;1;0;0;0
37,8611;151,7398;12,1000;-1,7365;-0,2625;0,0000;0,0000;0,0000;0,0000;0,0000;-0,3281;1,1000;-0,6400;0;0,0226;44,3000;0;1;1;0;0;0
37,8750;151,7398;12,1000;-1,7621;-0,2622;0,0000;0,0000;0,0000;0,0000;0,0000;-0,3277;1,0400;-0,7200;0;0,0226;44,3000;0;1;1;0;0;0
37,8889;151,5102;12,1000;-1,7841;-0,2610;0,0000;0,0000;0,0000;0,0000;0,0000;-0,3263;1,2800;-0,5000;0;0,0223;44,8300;0;1;1;0;0;0
37,9028;151,4635;12,1000;-1,7885;-0,2606;0,0000;0,0000;0,0000;0,0000;0,0000;-0,3258;1,2900;-0,5000;0;0,0223;44,9400;0;1;1;0;0;0
37,9167;151,4168;12,1000;-1,8493;-0,2603;0,0000;0,0000;0,0000;0,0000;0,0000;-0,3254;1,2900;-0,5600;0;0,0222;45,0400;0;1;1;0;0;0
37,9306;151,3701;12,1000;-1,8997;-0,2600;0,0000;0,0000;0,0000;0,0000;0,0000;-0,3250;1,2900;-0,6100;0;0,0221;45,1500;0;1;1;0;0;0
37,9445;151,3234;12,1000;-1,9598;-0,2598;0,0000;0,0000;0,0000;0,0000;0,0000;-0,3247;1,2900;-0,6700;0;0,0221;45,2700;0;1;1;0;0;0
37,9584;151,2840;12,1000;-2,0057;-0,2596;0,0000;0,0000;0,0000;0,0000;0,0000;-0,3245;1,2800;-0,7300;0;0,0220;45,3600;0;1;1;0;0;0
37,9723;151,2840;12,1000;-2,0395;-0,2593;0,0000;0,0000;0,0000;0,0000;0,0000;-0,3241;1,2100;-0,8300;0;0,0220;45,3600;0;1;1;0;0;0
37,9861;151,2840;12,1000;-2,0808;-0,2590;0,0000;0,0000;0,0000;0,0000;0,0000;-0,3237;1,1500;-0,9300;0;0,0220;45,3600;0;1;1;0;0;0
38,0000;151,2840;12,1000;-2,1219;-0,2588;0,0000;0,0000;0,0000;0,0000;0,0000;-0,3235;1,0800;-1,0400;0;0,0220;45,3600;0;1;1;0;0;0
38,0139;151,2840;12,1000;-2,1961;-0,2586;0,0000;0,0000;0,0000;0,0000;0,0000;-0,3233;1,0100;-1,1800;0;0,0220;45,3600;0;1;1;0;0;0
38,0278;151,0401;12,1000;-2,2824;-0,2575;0,0000;0,0000;0,0000;0,0000;0,0000;-0,3219;1,2500;-1,0300;0;0,0218;45,9100;0;1;1;0;0;0
38,0417;150,9934;12,1000;-2,3742;-0,2573;0,0000;0,0000;0,0000;0,0000;0,0000;-0,3217;1,2300;-1,1400;0;0,0217;46,0100;0;1;1;0;0;0
38,0556;150,9467;12,1000;-2,3925;-0,2572;0,0000;0,0000;0,0000;0,0000;0,0000;-0,3215;1,2200;-1,1700;0;0,0217;46,1200;0;1;1;0;0;0
38,0695;150,9000;12,1000;-2,5812;-0,2571;0,0000;0,0000;0,0000;0,0000;0,0000;-0,3214;1,2000;-1,3800;0;0,0216;46,2300;0;1;1;0;0;0
38,0834;150,8533;12,1000;-2,7360;-0,2571;0,0000;0,0000;0,0000;0,0000;0,0000;-0,3214;1,1700;-1,5600;0;0,0216;46,3400;0;1;1;0;0;0
38,0973;150,8284;12,1000;-2,8571;-0,2572;0,0000;0,0000;0,0000;0,0000;0,0000;-0,3214;1,1100;-1,7400;0;0,0216;46,3900;0;1;1;0;0;0
38,1111;150,8284;12,1000;-2,9936;-0,2572;0,0000;0,0000;0,0000;0,0000;0,0000;-0,3215;1,0200;-1,9700;0;0,0216;46,3900;0;1;1;0;0;0
38,1250;150,8284;12,1000;-3,1010;-0,2573;0,0000;0,0000;0,0000;0,0000;0,0000;-0,3216;0,9200;-2,1800;0;0,0216;46,3900;0;1;1;0;0;0
38,1389;150,8284;12,1000;-3,1796;-0,2575;0,0000;0,0000;0,0000;0,0000;0,0000;-0,3218;0,8300;-2,3500;0;0,0216;46,3900;0;1;1;0;0;0
38,1528;150,8284;12,1000;-3,2614;-0,2578;0,0000;0,0000;0,0000;0,0000;0,0000;-0,3222;0,7300;-2,5400;0;0,0216;46,3900;0;1;1;0;0;0
38,1667;150,5700;12,1000;-3,3351;-0,2571;0,0000;0,0000;0,0000;0,0000;0,0000;-0,3214;0,9400;-2,4000;0;0,0213;46,9600;0;1;1;3;0;0
38,1806;150,5233;12,1000;-3,3672;-0,2574;0,0000;0,0000;0,0000;0,0000;0,0000;-0,3217;0,8900;-2,4800;0;0,0212;47,0600;0;1;1;3;0;0
38,1945;150,4766;12,1000;-3,3881;-0,2577;0,0000;0,0000;0,0000;0,0000;0,0000;-0,3221;0,8400;-2,5400;0;0,0212;47,1700;0;1;1;3;0;0
38,2084;150,4299;12,1000;-3,3922;-0,2581;0,0000;0,0000;0,0000;0,0000;0,0000;-0,3226;0,7900;-2,6000;0;0,0212;47,2700;0;1;1;3;0;0
38,2223;150,3832;12,1000;-3,4155;-0,2586;0,0000;0,0000;0,0000;0,0000;0,0000;-0,3232;0,7400;-2,6700;0;0,0211;47,3800;0;1;1;3;0;0
38,2361;150,3727;12,1000;-3,4214;-0,2590;0,0000;0,0000;0,0000;0,0000;0,0000;-0,3237;0,6500;-2,7700;0;0,0211;47,4000;0;1;1;3;0;0
38,2500;150,3727;12,1000;-3,4226;-0,2594;0,0000;0,0000;0,0000;0,0000;0,0000;-0,3243;0,5500;-2,8800;0;0,0211;47,4000;0;1;1;3;0;0
38,2639;150,3727;12,1000;-3,3617;-0,2599;0,0000;0,0000;0,0000;0,0000;0,0000;-0,3249;0,4400;-2,9200;0;0,0211;47,4000;0;1;1;3;0;0
38,2778;150,3727;12,1000;-3,2702;-0,2605;0,0000;0,0000;0,0000;0,0000;0,0000;-0,3256;0,3400;-2,9300;0;0,0211;47,4000;0;1;1;3;0;0
38,2917;150,3727;12,1000;-3,1661;-0,2610;0,0000;0,0000;0,0000;0,0000;0,0000;-0,3263;0,2400;-2,9200;0;0,0211;47,4000;0;1;1;3;0;0
38,3056;150,1000;12,1000;-3,0533;-0,2606;0,0000;0,0000;0,0000;0,0000;0,0000;-0,3258;0,4700;-2,5800;0;0,0208;47,9800;0;1;1;3;0;0
38,3195;150,0533;12,1000;-2,9405;-0,2611;0,0000;0,0000;0,0000;0,0000;0,0000;-0,3263;0,4400;-2,5000;0;0,0208;48,0800;0;1;1;3;0;0
38,3334;150,0066;12,1000;-2,7930;-0,2615;0,0000;0,0000;0,0000;0,0000;0,0000;-0,3269;0,4100;-2,3800;0;0,0208;48,1800;0;1;1;3;0;0
38,3473;149,9599;12,1000;-2,6631;-0,2621;0,0000;0,0000;0,0000;0,0000;0,0000;-0,3276;0,3800;-2,2800;0;0,0207;48,2800;0;1;1;3;0;0
38,3611;149,9171;12,1000;-2,6371;-0,2626;0,0000;0,0000;0,0000;0,0000;0,0000;-0,3282;0,3500;-2,2900;0;0,0207;48,3700;0;1;1;3;0;0
38,3750;149,9171;12,1000;-2,4282;-0,2630;0,0000;0,0000;0,0000;0,0000;0,0000;-0,3287;0,2800;-2,1500;0;0,0207;48,3700;0;1;1;3;0;0
38,3889;149,9171;12,1000;-2,3296;-0,2634;0,0000;0,0000;0,0000;0,0000;0,0000;-0,3292;0,2000;-2,1300;0;0,0207;48,3700;0;1;1;3;0;0
38,4028;149,9171;12,1000;-2,2303;-0,2638;0,0000;0,0000;0,0000;0,0000;0,0000;-0,3297;0,1300;-2,1000;0;0,0207;48,3700;0;1;1;3;0;0
38,4167;149,9171;12,1000;-2,1494;-0,2642;0,0000;0,0000;0,0000;0,0000;0,0000;-0,3303;0,0700;-2,0800;0;0,0207;48,3700;0;1;1;3;0;0
38,4306;149,6767;12,1000;-2,0918;-0,2638;0,0000;0,0000;0,0000;0,0000;0,0000;-0,3298;0,2900;-1,8000;0;0,0205;48,8700;0;1;1;3;0;0
38,4445;149,6301;12,1000;-2,0236;-0,2641;0,0000;0,0000;0,0000;0,0000;0,0000;-0,3302;0,2800;-1,7400;0;0,0204;48,9700;0;1;1;3;0;0
38,4584;149,5834;12,1000;-1,9703;-0,2645;0,0000;0,0000;0,0000;0,0000;0,0000;-0,3306;0,2700;-1,7000;0;0,0204;49,0600;0;1;1;3;0;0
38,4723;149,5367;12,1000;-1,9343;-0,2649;0,0000;0,0000;0,0000;0,0000;0,0000;-0,3311;0,2700;-1,6700;0;0,0203;49,1600;0;1;1;3;0;0
38,4861;149,4900;12,5000;-1,8997;-0,2653;0,0000;0,0000;0,0000;0,0000;0,0000;-0,3317;0,2600;-1,6400;0;0,0203;49,2600;0;1;1;3;0;0
38,5000;149,4613;12,5000;-1,8659;-0,2657;0,0000;0,0000;0,0000;0,0000;0,0000;-0,3321;0,2300;-1,6300;0;0,0203;49,3200;0;1;1;3;0;0
38,5139;149,4613;12,5000;-1,8591;-0,2660;0,0000;0,0000;0,0000;0,0000;0,0000;-0,3325;0,1700;-1,6800;0;0,0203;49,3200;0;1;1;3;0;0
38,5278;149,4613;12,5000;-1,7930;-0,2664;0,0000;0,0000;0,0000;0,0000;0,0000;-0,3330;0,1200;-1,6700;0;0,0203;49,3200;0;1;1;3;0;0
38,5417;149,4613;12,5000;-1,7333;-0,2667;0,0000;0,0000;0,0000;0,0000;0,0000;-0,3334;0,0600;-1,6700;0;0,0203;49,3200;0;1;1;3;0;0
38,5556;149,4613;12,5000;-1,6783;-0,2671;0,0000;0,0000;0,0000;0,0000;0,0000;-0,3339;0,0000;-1,6700;0;0,0203;49,3200;0;1;1;3;0;0
38,5695;149,1976;12,5000;-1,6257;-0,2665;0,0000;0,0000;0,0000;0,0000;0,0000;-0,3332;0,2600;-1,3600;0;0,0201;49,8400;0;1;1;3;0;0
38,5834;149,1493;12,5000;-1,5942;-0,2668;0,0000;0,0000;0,0000;0,0000;0,0000;-0,3335;0,2700;-1,3300;0;0,0200;49,9400;0;1;1;3;0;0
38,5973;149,1011;12,5000;-1,5671;-0,2671;0,0000;0,0000;0,0000;0,0000;0,0000;-0,3339;0,2700;-1,2900;0;0,0200;50,0400;0;1;1;3;0;0
38,6111;149,0529;12,5000;-1,5353;-0,2674;0,0000;0,0000;0,0000;0,0000;0,0000;-0,3342;0,2800;-1,2500;0;0,0199;50,1400;0;1;1;3;0;0
38,6250;149,0056;12,5000;-1,4966;-0,2677;0,0000;0,0000;0,0000;0,0000;0,0000;-0,3347;0,2900;-1,2100;0;0,0199;50,2300;0;1;1;3;0;0
38,6389;149,0056;12,5000;-1,4533;-0,2679;0,0000;0,0000;0,0000;0,0000;0,0000;-0,3349;0,2400;-1,2200;0;0,0199;50,2300;0;1;1;3;0;0
38,6528;149,0056;12,5000;-1,4117;-0,2681;0,0000;0,0000;0,0000;0,0000;0,0000;-0,3351;0,1900;-1,2200;0;0,0199;50,2300;0;1;1;3;0;0
38,6667;149,0056;12,5000;-1,4035;-0,2683;0,0000;0,0000;0,0000;0,0000;0,0000;-0,3354;0,1500;-1,2600;0;0,0199;50,2300;0;1;1;3;0;0
38,6806;149,0056;12,5000;-1,3850;-0,2686;0,0000;0,0000;0,0000;0,0000;0,0000;-0,3358;0,1000;-1,2800;0;0,0199;50,2300;0;1;1;3;0;0
38,6945;148,7605;12,5000;-1,3717;-0,2680;0,0000;0,0000;0,0000;0,0000;0,0000;-0,3350;0,3300;-1,0400;0;0,0197;50,7000;0;1;1;3;0;0
38,7084;148,7122;12,5000;-1,3609;-0,2682;0,0000;0,0000;0,0000;0,0000;0,0000;-0,3352;0,3400;-1,0100;0;0,0197;50,7900;0;1;1;3;0;0
38,7223;148,6640;12,5000;-1,3539;-0,2684;0,0000;0,0000;0,0000;0,0000;0,0000;-0,3354;0,3600;-0,9900;0;0,0197;50,8900;0;1;1;3;0;0
38,7361;148,6158;12,5000;-1,3408;-0,2686;0,0000;0,0000;0,0000;0,0000;0,0000;-0,3357;0,3700;-0,9700;0;0,0196;50,9800;0;1;1;3;0;0
38,7500;148,5676;12,5000;-1,3266;-0,2688;0,0000;0,0000;0,0000;0,0000;0,0000;-0,3360;0,3800;-0,9400;0;0,0196;51,0800;0;1;1;3;0;0
38,7639;148,5500;12,5000;-1,3165;-0,2689;0,0000;0,0000;0,0000;0,0000;0,0000;-0,3362;0,3600;-0,9600;0;0,0196;51,1100;0;1;1;3;0;0
38,7778;148,5500;12,5000;-1,3089;-0,2691;0,0000;0,0000;0,0000;0,0000;0,0000;-0,3363;0,3200;-0,9900;0;0,0196;51,1100;0;1;1;3;0;0
38,7917;148,5500;12,5000;-1,3078;-0,2692;0,0000;0,0000;0,0000;0,0000;0,0000;-0,3365;0,2800;-1,0300;0;0,0196;51,1100;0;1;1;3;0;0
38,8056;148,5500;12,5000;-1,3163;-0,2694;0,0000;0,0000;0,0000;0,0000;0,0000;-0,3367;0,2300;-1,0800;0;0,0196;51,1100;0;1;1;3;0;0
38,8195;148,5500;12,5000;-1,3179;-0,2696;0,0000;0,0000;0,0000;0,0000;0,0000;-0,3370;0,1900;-0,8700;0;0,0196;51,1100;0;1;1;3;0;0
38,8334;148,2752;12,5000;-1,3391;-0,2688;0,0000;0,0000;0,0000;0,0000;0,0000;-0,3360;0,4600;-0,8800;0;0,0194;51,6200;0;1;1;3;0;0
38,8473;148,2270;12,5000;-1,3441;-0,2689;0,0000;0,0000;0,0000;0,0000;0,0000;-0,3361;0,4700;-0,8700;0;0,0193;51,7000;0;1;1;3;0;0
38,8611;148,1788;12,5000;-1,3429;-0,2690;0,0000;0,0000;0,0000;0,0000;0,0000;-0,3363;0,4800;-0,8600;0;0,0193;51,7900;0;1;1;3;0;0
38,8750;148,1305;12,5000;-1,3304;-0,2692;0,0000;0,0000;0,0000;0,0000;0,0000;-0,3365;0,4900;-0,8400;0;0,0193;51,8900;0;1;1;3;0;0
38,8889;148,0942;12,5000;-1,3191;-0,2693;0,0000;0,0000;0,0000;0,0000;0,0000;-0,3366;0,4900;-0,8300;0;0,0192;51,9500;0;1;1;3;0;0
38,9028;148,0942;12,5000;-1,3051;-0,2693;0,0000;0,0000;0,0000;0,0000;0,0000;-0,3367;0,4500;-0,8600;0;0,0192;51,9500;0;1;1;3;0;0
38,9167;148,0942;12,5000;-1,2895;-0,2694;0,0000;0,0000;0,0000;0,0000;0,0000;-0,3367;0,4100;-0,8800;0;0,0192;51,9500;0;1;1;3;0;0
38,9306;148,0942;12,5000;-1,2683;-0,2694;0,0000;0,0000;0,0000;0,0000;0,0000;-0,3368;0,3700;-0,9000;0;0,0192;51,9500;0;1;1;3;0;0
38,9445;148,0942;12,5000;-1,2451;-0,2695;0,0000;0,0000;0,0000;0,0000;0,0000;-0,3369;0,3300;-0,9200;0;0,0192;51,9500;0;1;1;3;0;0
38,9584;147,8382;12,5000;-1,2196;-0,2688;0,0000;0,0000;0,0000;0,0000;0,0000;-0,3359;0,5700;-0,6500;0;0,0191;52,4000;0;1;1;3;0;0
38,9723;147,7900;12,5000;-1,2144;-0,2687;0,0000;0,0000;0,0000;0,0000;0,0000;-0,3359;0,5800;-0,6300;0;0,0191;52,4900;0;1;1;3;0;0
38,9861;147,7417;12,5000;-1,1804;-0,2687;0,0000;0,0000;0,0000;0,0000;0,0000;-0,3359;0,6000;-0,5800;0;0,0190;52,5800;0;1;1;3;0;0
39,0000;147,6935;12,5000;-1,1661;-0,2687;0,0000;0,0000;0,0000;0,0000;0,0000;-0,3359;0,6100;-0,5500;0;0,0190;52,6600;0;1;1;3;0;0
39,0139;147,6453;12,5000;-1,1575;-0,2687;0,0000;0,0000;0,0000;0,0000;0,0000;-0,3359;0,6300;-0,5300;0;0,0190;52,7500;0;1;1;3;0;0
39,0278;147,6387;12,5000;-1,1472;-0,2686;0,0000;0,0000;0,0000;0,0000;0,0000;-0,3358;0,6000;-0,5500;0;0,0190;52,7600;0;1;1;3;0;0
39,0417;147,6387;12,5000;-1,1330;-0,2685;0,0000;0,0000;0,0000;0,0000;0,0000;-0,3357;0,5600;-0,5700;0;0,0190;52,7600;0;1;1;3;0;0
39,0556;147,6387;12,5000;-1,1128;-0,2684;0,0000;0,0000;0,0000;0,0000;0,0000;-0,3356;0,5300;-0,5800;0;0,0190;52,7600;0;1;1;3;0;0
39,0695;147,6387;12,5000;-1,0991;-0,2684;0,0000;0,0000;0,0000;0,0000;0,0000;-0,3355;0,4900;-0,6100;0;0,0190;52,7600;0;1;1;3;0;0
39,0834;147,4013;12,5000;-1,0916;-0,2675;0,0000;0,0000;0,0000;0,0000;0,0000;-0,3344;0,7100;-0,3700;0;0,0188;53,1600;0;1;1;3;0;0
39,0973;147,3530;12,5000;-1,0908;-0,2674;0,0000;0,0000;0,0000;0,0000;0,0000;-0,3342;0,7300;-0,3600;0;0,0188;53,2400;0;1;1;3;0;0
39,1111;147,3048;12,5000;-1,0907;-0,2672;0,0000;0,0000;0,0000;0,0000;0,0000;-0,3340;0,7500;-0,3400;0;0,0188;53,3200;0;1;1;3;0;0
39,1250;147,2566;12,5000;-1,0984;-0,2671;0,0000;0,0000;0,0000;0,0000;0,0000;-0,3338;0,7700;-0,3300;0;0,0187;53,4100;0;1;1;3;0;0
39,1389;147,2084;12,5000;-1,1069;-0,2670;0,0000;0,0000;0,0000;0,0000;0,0000;-0,3337;0,7800;-0,3200;0;0,0187;53,4900;0;1;1;3;0;0
39,1528;147,1828;12,5000;-1,1514;-0,2668;0,0000;0,0000;0,0000;0,0000;0,0000;-0,3335;0,7700;-0,3800;0;0,0187;53,5300;0;1;1;3;0;0
39,1667;147,1828;12,5000;-1,2130;-0,2666;0,0000;0,0000;0,0000;0,0000;0,0000;-0,3333;0,7300;-0,4800;0;0,0187;53,5300;0;1;1;3;0;0
39,1806;147,1828;12,5000;-1,2254;-0,2665;0,0000;0,0000;0,0000;0,0000;0,0000;-0,3331;0,6900;-0,5300;0;0,0187;53,5300;0;1;1;2;0;0
39,1945;147,1828;12,5000;-1,2897;-0,2664;0,0000;0,0000;0,0000;0,0000;0,0000;-0,3330;0,6500;-0,6400;0;0,0187;53,5300;0;1;1;2;0;0
39,2084;147,1828;12,5000;-1,3450;-0,2663;0,0000;0,0000;0,0000;0,0000;0,0000;-0,3329;0,6100;-0,7400;0;0,0187;53,5300;0;1;1;2;0;0
39,2223;146,9162;12,5000;-1,3844;-0,2654;0,0000;0,0000;0,0000;0,0000;0,0000;-0,3317;0,8500;-0,5300;0;0,0185;53,9600;0;1;1;2;0;0
39,2361;146,8679;12,5000;-1,4105;-0,2652;0,0000;0,0000;0,0000;0,0000;0,0000;-0,3315;0,8500;-0,5500;0;0,0185;54,0400;0;1;1;2;0;0
39,2500;146,8197;12,5000;-1,4501;-0,2651;0,0000;0,0000;0,0000;0,0000;0,0000;-0,3314;0,8600;-0,5900;0;0,0185;54,1100;0;1;1;2;0;0
39,2639;146,7715;12,5000;-1,4882;-0,2650;0,0000;0,0000;0,0000;0,0000;0,0000;-0,3313;0,8600;-0,6200;0;0,0185;54,1900;0;1;1;2;0;0
39,2778;146,7274;12,5000;-1,5353;-0,2650;0,0000;0,0000;0,0000;0,0000;0,0000;-0,3312;0,8600;-0,6700;0;0,0184;54,2600;0;1;1;2;0;0
39,2917;146,7274;12,5000;-1,5896;-0,2648;0,0000;0,0000;0,0000;0,0000;0,0000;-0,3310;0,8100;-0,7800;0;0,0184;54,2600;0;1;1;2;0;0
39,3056;146,7274;12,7000;-1,6207;-0,2647;0,0000;0,0000;0,0000;0,0000;0,0000;-0,3309;0,7600;-0,8600;0;0,0184;54,2600;0;1;1;2;0;0
39,3195;146,7274;12,7000;-1,6362;-0,2646;0,0000;0,0000;0,0000;0,0000;0,0000;-0,3308;0,7100;-0,9300;0;0,0184;54,2600;0;1;1;2;0;0
39,3334;146,7274;12,7000;-1,6405;-0,2646;0,0000;0,0000;0,0000;0,0000;0,0000;-0,3307;0,6500;-0,9900;0;0,0184;54,2600;0;1;1;2;0;0
39,3473;146,4770;12,7000;-1,6445;-0,2637;0,0000;0,0000;0,0000;0,0000;0,0000;-0,3297;0,8600;-0,7800;0;0,0183;54,6400;0;1;1;2;0;0
39,3611;146,4280;12,7000;-1,6448;-0,2636;0,0000;0,0000;0,0000;0,0000;0,0000;-0,3295;0,8600;-0,7800;0;0,0183;54,7200;0;1;1;2;0;0
39,3750;146,3790;12,7000;-1,6487;-0,2635;0,0000;0,0000;0,0000;0,0000;0,0000;-0,3294;0,8600;-0,7900;0;0,0183;54,7900;0;1;1;2;0;0
39,3889;146,3300;12,7000;-1,6515;-0,2635;0,0000;0,0000;0,0000;0,0000;0,0000;-0,3294;0,8600;-0,7900;0;0,0182;54,8700;0;1;1;2;0;0
39,4028;146,2810;12,7000;-1,6508;-0,2635;0,0000;0,0000;0,0000;0,0000;0,0000;-0,3293;0,8500;-0,7900;0;0,0182;54,9400;0;1;1;2;0;0
39,4167;146,2713;12,7000;-1,6423;-0,2634;0,0000;0,0000;0,0000;0,0000;0,0000;-0,3292;0,8100;-0,8300;0;0,0182;54,9600;0;1;1;2;0;0
39,4306;146,2713;12,7000;-1,6429;-0,2633;0,0000;0,0000;0,0000;0,0000;0,0000;-0,3291;0,7600;-0,8800;0;0,0182;54,9600;0;1;1;2;0;0
39,4445;146,2713;12,7000;-1,6524;-0,2632;0,0000;0,0000;0,0000;0,0000;0,0000;-0,3290;0,7000;-0,9500;0;0,0182;54,9600;0;1;1;2;0;0
39,4584;146,2713;12,7000;-1,6738;-0,2632;0,0000;0,0000;0,0000;0,0000;0,0000;-0,3290;0,6500;-1,0200;0;0,0182;54,9600;0;1;1;2;0;0
39,4723;146,0333;12,7000;-1,6957;-0,2624;0,0000;0,0000;0,0000;0,0000;0,0000;-0,3280;0,8400;-0,8500;0;0,0181;55,3000;0;1;1;2;0;0
39,4861;145,9843;12,7000;-1,7137;-0,2623;0,0000;0,0000;0,0000;0,0000;0,0000;-0,3279;0,8400;-0,8700;0;0,0181;55,3700;0;1;1;2;0;0
39,5000;145,9353;12,7000;-1,7359;-0,2622;0,0000;0,0000;0,0000;0,0000;0,0000;-0,3278;0,8300;-0,9000;0;0,0180;55,4400;0;1;1;2;0;0
39,5139;145,8863;12,7000;-1,7560;-0,2622;0,0000;0,0000;0,0000;0,0000;0,0000;-0,3278;0,8300;-0,9300;0;0,0180;55,5100;0;1;1;2;0;0
39,5278;145,8373;12,7000;-1,7811;-0,2622;0,0000;0,0000;0,0000;0,0000;0,0000;-0,3278;0,8200;-0,9600;0;0,0180;55,5800;0;1;1;2;0;0
39,5417;145,8161;12,7000;-1,8093;-0,2622;0,0000;0,0000;0,0000;0,0000;0,0000;-0,3278;0,7800;-1,0300;0;0,0180;55,6100;0;1;1;2;0;0
39,5556;145,8161;12,7000;-1,8228;-0,2622;0,0000;0,0000;0,0000;0,0000;0,0000;-0,3278;0,7200;-1,1000;0;0,0180;55,6100;0;1;1;2;0;0
39,5695;145,8161;12,7000;-1,8398;-0,2622;0,0000;0,0000;0,0000;0,0000;0,0000;-0,3278;0,6600;-1,1800;0;0,0180;55,6100;0;1;1;2;0;0
39,5834;145,8161;12,7000;-1,8652;-0,2623;0,0000;0,0000;0,0000;0,0000;0,0000;-0,3278;0,6000;-1,2600;0;0,0180;55,6100;0;1;1;2;0;0
39,5973;145,8161;12,7000;-1,8914;-0,2624;0,0000;0,0000;0,0000;0,0000;0,0000;-0,3280;0,5400;-1,3500;0;0,0180;55,6100;0;1;1;2;0;0
39,6111;145,5406;12,7000;-1,9298;-0,2616;0,0000;0,0000;0,0000;0,0000;0,0000;-0,3270;0,7600;-1,1700;0;0,0179;55,9800;0;1;1;2;0;0
39,6250;145,4916;12,7000;-1,9789;-0,2617;0,0000;0,0000;0,0000;0,0000;0,0000;-0,3271;0,7500;-1,2300;0;0,0178;56,0500;0;1;1;2;0;0
39,6389;145,4426;12,7000;-2,0133;-0,2618;0,0000;0,0000;0,0000;0,0000;0,0000;-0,3272;0,7300;-1,2800;0;0,0178;56,1200;0;1;1;2;0;0
39,6528;145,3936;12,7000;-2,0489;-0,2619;0,0000;0,0000;0,0000;0,0000;0,0000;-0,3274;0,7200;-1,3300;0;0,0178;56,1800;0;1;1;2;0;0
39,6667;145,3598;12,7000;-2,0753;-0,2621;0,0000;0,0000;0,0000;0,0000;0,0000;-0,3276;0,6800;-1,3900;0;0,0178;56,2300;0;1;1;2;0;0
39,6806;145,3598;12,7000;-2,1042;-0,2622;0,0000;0,0000;0,0000;0,0000;0,0000;-0,3278;0,6200;-1,4900;0;0,0178;56,2300;0;1;1;2;0;0
39,6945;145,3598;12,7000;-2,1301;-0,2624;0,0000;0,0000;0,0000;0,0000;0,0000;-0,3280;0,5500;-1,5800;0;0,0178;56,2300;0;1;1;2;0;0
39,7084;145,3598;12,7000;-2,1709;-0,2626;0,0000;0,0000;0,0000;0,0000;0,0000;-0,3282;0,4800;-1,6900;0;0,0178;56,2300;0;1;1;2;0;0
39,7223;145,3598;12,7000;-2,2102;-0,2628;0,0000;0,0000;0,0000;0,0000;0,0000;-0,3285;0,4000;-1,8100;0;0,0178;56,2300;0;1;1;2;0;0
39,7361;145,0970;12,7000;-2,2436;-0,2623;0,0000;0,0000;0,0000;0,0000;0,0000;-0,3279;0,6000;-1,6400;0;0,0177;56,5600;0;1;1;2;0;0
39,7500;145,0480;12,7000;-2,2593;-0,2625;0,0000;0,0000;0,0000;0,0000;0,0000;-0,3281;0,5700;-1,6800;0;0,0177;56,6200;0;1;1;2;0;0
39,7639;144,9989;12,7000;-2,2699;-0,2628;0,0000;0,0000;0,0000;0,0000;0,0000;-0,3285;0,5500;-1,7200;0;0,0176;56,6900;0;1;1;2;0;0
39,7778;144,9500;12,7000;-2,2783;-0,2631;0,0000;0,0000;0,0000;0,0000;0,0000;-0,3289;0,5200;-1,7500;0;0,0176;56,7500;0;1;1;2;0;0
39,7917;144,9048;12,7000;-2,2751;-0,2634;0,0000;0,0000;0,0000;0,0000;0,0000;-0,3293;0,5000;-1,7800;0;0,0176;56,8100;0;1;1;2;0;0
39,8056;144,9048;12,9000;-2,2659;-0,2637;0,0000;0,0000;0,0000;0,0000;0,0000;-0,3296;0,4200;-1,8400;0;0,0176;56,8100;0;1;1;2;0;0
39,8195;144,9048;12,9000;-2,2345;-0,2640;0,0000;0,0000;0,0000;0,0000;0,0000;-0,3300;0,3500;-1,8900;0;0,0176;56,8100;0;1;1;2;0;0
39,8334;144,9048;12,9000;-2,1776;-0,2643;0,0000;0,0000;0,0000;0,0000;0,0000;-0,3304;0,2800;-1,9000;0;0,0176;56,8100;0;1;1;2;0;0
39,8473;144,9048;12,9000;-2,1069;-0,2647;0,0000;0,0000;0,0000;0,0000;0,0000;-0,3309;0,2100;-1,9000;0;0,0176;56,8100;0;1;1;2;0;0
39,8611;144,6502;12,9000;-1,9985;-0,2643;0,0000;0,0000;0,0000;0,0000;0,0000;-0,3303;0,4000;-1,6000;0;0,0175;57,1000;0;1;1;2;0;0
39,8750;144,6004;12,9000;-1,9059;-0,2645;0,0000;0,0000;0,0000;0,0000;0,0000;-0,3306;0,3900;-1,5200;0;0,0175;57,1600;0;1;1;2;0;0
39,8889;144,5507;12,9000;-1,8357;-0,2648;0,0000;0,0000;0,0000;0,0000;0,0000;-0,3310;0,3800;-1,4600;0;0,0175;57,2200;0;1;1;2;0;0
39,9028;144,5009;12,9000;-1,7552;-0,2650;0,0000;0,0000;0,0000;0,0000;0,0000;-0,3313;0,3700;-1,3900;0;0,0175;57,2800;0;1;1;2;0;0
39,9167;144,4511;12,9000;-1,6187;-0,2653;0,0000;0,0000;0,0000;0,0000;0,0000;-0,3317;0,3600;-1,2500;0;0,0174;57,3400;0;1;1;2;0;0
39,9306;144,4482;12,9000;-1,4698;-0,2655;0,0000;0,0000;0,0000;0,0000;0,0000;-0,3318;0,3200;-1,1500;0;0,0174;57,3400;0;1;1;2;0;0
39,9445;144,4482;12,9000;-1,3917;-0,2656;0,0000;0,0000;0,0000;0,0000;0,0000;-0,3320;0,2700;-1,1200;0;0,0174;57,3400;0;1;1;2;0;0
39,9584;144,4482;12,9000;-1,3328;-0,2658;0,0000;0,0000;0,0000;0,0000;0,0000;-0,3322;0,2300;-1,1000;0;0,0174;57,3400;0;1;1;2;0;0
39,9723;144,4482;12,9000;-1,2597;-0,2660;0,0000;0,0000;0,0000;0,0000;0,0000;-0,3324;0,1900;-1,0700;0;0,0174;57,3400;0;1;1;2;0;0
39,9861;144,1996;12,9000;-1,1842;-0,2654;0,0000;0,0000;0,0000;0,0000;0,0000;-0,3317;0,4000;-0,7900;0;0,0174;57,6100;0;1;1;2;0;0
40,0000;144,1499;12,9000;-1,1085;-0,2654;0,0000;0,0000;0,0000;0,0000;0,0000;-0,3318;0,4100;-0,7000;0;0,0173;57,6600;0;1;1;2;0;0
40,0139;144,1001;12,9000;-1,0585;-0,2655;0,0000;0,0000;0,0000;0,0000;0,0000;-0,3318;0,4200;-0,6300;0;0,0173;57,7200;0;1;1;2;0;0
40,0278;144,0503;12,9000;-1,0153;-0,2655;0,0000;0,0000;0,0000;0,0000;0,0000;-0,3319;0,4400;-0,5700;0;0,0173;57,7700;0;1;1;2;0;0
40,0417;144,0006;12,9000;-0,9659;-0,2656;0,0000;0,0000;0,0000;0,0000;0,0000;-0,3319;0,4600;-0,5100;0;0,0173;57,8300;0;1;1;2;0;0
40,0556;143,9934;12,9000;-0,9139;-0,2655;0,0000;0,0000;0,0000;0,0000;0,0000;-0,3319;0,4300;-0,4800;0;0,0173;57,8300;0;1;1;2;0;0
40,0695;143,9934;12,9000;-0,8569;-0,2654;0,0000;0,0000;0,0000;0,0000;0,0000;-0,3318;0,4100;-0,4500;0;0,0173;57,8300;0;1;1;2;0;0
40,0834;143,9934;12,9000;-0,7923;-0,2654;0,0000;0,0000;0,0000;0,0000;0,0000;-0,3317;0,3800;-0,4100;0;0,0173;57,8300;0;1;1;2;0;0
40,0973;143,9934;12,9000;-0,7707;-0,2653;0,0000;0,0000;0,0000;0,0000;0,0000;-0,3316;0,3500;-0,4200;0;0,0173;57,8300;0;1;1;2;0;0
40,1111;143,7491;12,9000;-0,7154;-0,2644;0,0000;0,0000;0,0000;0,0000;0,0000;-0,3306;0,5700;-0,1400;0;0,0172;58,0700;0;1;1;2;0;0
40,1250;143,6993;12,9000;-0,6344;-0,2642;0,0000;0,0000;0,0000;0,0000;0,0000;-0,3303;0,6000;-0,0300;0;0,0172;58,1200;0;1;1;2;0;0
40,1389;143,6496;12,9000;-0,5774;-0,2640;0,0000;0,0000;0,0000;0,0000;0,0000;-0,3300;0,6300;0,0600;0;0,0172;58,1700;0;1;1;2;0;0
40,1528;143,5998;12,9000;-0,5299;-0,2638;0,0000;0,0000;0,0000;0,0000;0,0000;-0,3297;0,6600;0,1300;0;0,0172;58,2200;0;1;1;2;0;0
40,1667;143,5500;12,9000;-0,4818;-0,2635;0,0000;0,0000;0,0000;0,0000;0,0000;-0,3294;0,7000;0,2200;0;0,0172;58,2700;0;1;1;2;0;0
40,1806;143,5370;12,9000;-0,4586;-0,2632;0,0000;0,0000;0,0000;0,0000;0,0000;-0,3290;0,7000;0,2400;0;0,0172;58,2900;0;1;1;4;0;0
40,1945;143,5370;12,9000;-0,4293;-0,2628;0,0000;0,0000;0,0000;0,0000;0,0000;-0,3285;0,6800;0,2500;0;0,0172;58,2900;0;1;1;4;0;0
40,2084;143,5370;12,9000;-0,4049;-0,2624;0,0000;0,0000;0,0000;0,0000;0,0000;-0,3280;0,6700;0,2600;0;0,0172;58,2900;0;1;1;4;0;0
40,2223;143,5370;12,9000;-0,3849;-0,2620;0,0000;0,0000;0,0000;0,0000;0,0000;-0,3275;0,6600;0,2700;0;0,0172;58,2900;0;1;1;4;0;0
40,2361;143,2986;13,1000;-0,3742;-0,2609;0,0000;0,0000;0,0000;0,0000;0,0000;-0,3262;0,8800;0,5100;0;0,0171;58,5000;0;1;1;4;0;0
40,2500;143,2481;13,1000;-0,3650;-0,2604;0,0000;0,0000;0,0000;0,0000;0,0000;-0,3255;0,9200;0,5500;0;0,0171;58,5500;0;1;1;4;0;0
40,2639;143,1976;13,1000;-0,3626;-0,2599;0,0000;0,0000;0,0000;0,0000;0,0000;-0,3248;0,9500;0,5900;0;0,0171;58,5900;0;1;1;4;0;0
40,2778;143,1470;13,1000;-0,3690;-0,2594;0,0000;0,0000;0,0000;0,0000;0,0000;-0,3242;0,9900;0,6200;0;0,0171;58,6400;0;1;1;4;0;0
40,2917;143,0965;13,1000;-0,3800;-0,2589;0,0000;0,0000;0,0000;0,0000;0,0000;-0,3236;1,0300;0,6500;0;0,0170;58,6800;0;1;1;4;0;0
40,3056;143,0820;13,1000;-0,3916;-0,2583;0,0000;0,0000;0,0000;0,0000;0,0000;-0,3228;1,0300;0,6400;0;0,0170;58,7000;0;1;1;4;0;0
40,3195;143,0820;13,1000;-0,3986;-0,2576;0,0000;0,0000;0,0000;0,0000;0,0000;-0,3220;1,0200;0,6200;0;0,0170;58,7000;0;1;1;4;0;0
40,3334;143,0820;13,1000;-0,4051;-0,2570;0,0000;0,0000;0,0000;0,0000;0,0000;-0,3212;1,0100;0,6000;0;0,0170;58,7000;0;1;1;4;0;0
40,3473;143,0820;13,1000;-0,4217;-0,2564;0,0000;0,0000;0,0000;0,0000;0,0000;-0,3205;0,9900;0,5700;0;0,0170;58,7000;0;1;1;4;0;0
40,3611;142,8413;13,1000;-0,4401;-0,2550;0,0000;0,0000;0,0000;0,0000;0,0000;-0,3188;1,2100;0,7700;0;0,0170;58,8900;0;1;1;4;0;0
40,3750;142,7908;13,1000;-0,4691;-0,2543;0,0000;0,0000;0,0000;0,0000;0,0000;-0,3179;1,2500;0,7800;0;0,0170;58,9300;0;1;1;4;0;0
40,3889;142,7403;13,1000;-0,5030;-0,2536;0,0000;0,0000;0,0000;0,0000;0,0000;-0,3170;1,2800;0,7800;0;0,0170;58,9700;0;1;1;4;0;0
40,4028;142,6897;13,1000;-0,5375;-0,2529;0,0000;0,0000;0,0000;0,0000;0,0000;-0,3161;1,3100;0,7700;0;0,0169;59,0100;0;1;1;4;0;0
40,4167;142,6392;13,1000;-0,5812;-0,2522;0,0000;0,0000;0,0000;0,0000;0,0000;-0,3153;1,3400;0,7600;0;0,0169;59,0500;0;1;1;4;0;0
40,4306;142,6259;13,1000;-0,6259;-0,2515;0,0000;0,0000;0,0000;0,0000;0,0000;-0,3143;1,3300;0,7100;0;0,0169;59,0600;0;1;1;4;0;0
40,4445;142,6259;13,1000;-0,6723;-0,2507;0,0000;0,0000;0,0000;0,0000;0,0000;-0,3134;1,3100;0,6400;0;0,0169;59,0600;0;1;1;4;0;0
40,4584;142,6259;13,1000;-0,7228;-0,2500;0,0000;0,0000;0,0000;0,0000;0,0000;-0,3124;1,2900;0,5600;0;0,0169;59,0600;0;1;1;4;0;0
40,4723;142,6259;13,1000;-0,7741;-0,2492;0,0000;0,0000;0,0000;0,0000;0,0000;-0,3116;1,2600;0,4900;0;0,0169;59,0600;0;1;1;4;0;0
40,4861;142,3841;13,1000;-0,8328;-0,2478;0,0000;0,0000;0,0000;0,0000;0,0000;-0,3098;1,4700;0,6400;0;0,0169;59,2400;0;1;1;4;0;0
40,5000;142,3336;13,1000;-0,8917;-0,2471;0,0000;0,0000;0,0000;0,0000;0,0000;-0,3088;1,4900;0,6000;0;0,0169;59,2700;0;1;1;4;0;0
40,5139;142,2831;13,1000;-0,9482;-0,2463;0,0000;0,0000;0,0000;0,0000;0,0000;-0,3079;1,5000;0,5600;0;0,0169;59,3100;0;1;1;4;0;0
40,5278;142,2325;13,1000;-0,9845;-0,2456;0,0000;0,0000;0,0000;0,0000;0,0000;-0,3070;1,5200;0,5300;0;0,0169;59,3500;0;1;1;4;0;0
40,5417;142,1820;13,1000;-1,0322;-0,2449;0,0000;0,0000;0,0000;0,0000;0,0000;-0,3062;1,5300;0,5000;0;0,0168;59,3800;0;1;1;4;0;0
40,5556;142,1705;13,1000;-1,0608;-0,2442;0,0000;0,0000;0,0000;0,0000;0,0000;-0,3052;1,5100;0,4500;0;0,0168;59,3900;0;1;1;4;0;0
40,5695;142,1705;13,1000;-1,0858;-0,2434;0,0000;0,0000;0,0000;0,0000;0,0000;-0,3042;1,4700;0,3800;0;0,0168;59,3900;0;1;1;4;0;0
40,5834;142,1705;13,1000;-1,1143;-0,2427;0,0000;0,0000;0,0000;0,0000;0,0000;-0,3033;1,4300;0,3200;0;0,0168;59,3900;0;1;1;4;0;0
40,5973;142,1705;13,1000;-1,1563;-0,2420;0,0000;0,0000;0,0000;0,0000;0,0000;-0,3025;1,3900;0,2400;0;0,0168;59,3900;0;1;1;4;0;0
40,6111;141,9270;13,1000;-1,1816;-0,2406;0,0000;0,0000;0,0000;0,0000;0,0000;-0,3007;1,5900;0,4100;0;0,0168;59,5400;0;1;1;4;0;0
40,6250;141,8765;13,1000;-1,2022;-0,2398;0,0000;0,0000;0,0000;0,0000;0,0000;-0,2998;1,6000;0,4000;0;0,0168;59,5700;0;1;1;4;0;0
40,6389;141,8259;13,1000;-1,2160;-0,2391;0,0000;0,0000;0,0000;0,0000;0,0000;-0,2988;1,6100;0,3900;0;0,0168;59,6100;0;1;1;4;0;0
40,6528;141,7754;13,1000;-1,2298;-0,2384;0,0000;0,0000;0,0000;0,0000;0,0000;-0,2980;1,6100;0,3900;0;0,0168;59,6400;0;1;1;4;0;0
40,6667;141,7249;13,1000;-1,2457;-0,2377;0,0000;0,0000;0,0000;0,0000;0,0000;-0,2971;1,6200;0,3800;0;0,0168;59,6700;0;1;1;4;0;0
40,6806;141,7147;13,1000;-1,2631;-0,2369;0,0000;0,0000;0,0000;0,0000;0,0000;-0,2962;1,5900;0,3300;0;0,0168;59,6800;0;1;1;4;0;0
40,6945;141,7147;13,1000;-1,2727;-0,2362;0,0000;0,0000;0,0000;0,0000;0,0000;-0,2952;1,5500;0,2700;0;0,0168;59,6800;0;1;1;4;0;0
40,7084;141,7147;13,1000;-1,2796;-0,2354;0,0000;0,0000;0,0000;0,0000;0,0000;-0,2943;1,5100;0,2200;0;0,0168;59,6800;0;1;1;4;0;0
40,7223;141,7147;13,1000;-1,2852;-0,2347;0,0000;0,0000;0,0000;0,0000;0,0000;-0,2934;1,4600;0,1800;0;0,0168;59,6800;0;1;1;4;0;0
40,7361;141,4699;13,1000;-1,2907;-0,2333;0,0000;0,0000;0,0000;0,0000;0,0000;-0,2917;1,6500;0,3600;0;0,0167;59,8100;0;1;1;4;0;0
40,7500;141,4194;13,1000;-1,2987;-0,2325;0,0000;0,0000;0,0000;0,0000;0,0000;-0,2907;1,6600;0,3600;0;0,0167;59,8300;0;1;1;4;0;0
40,7639;141,3689;13,1000;-1,3108;-0,2318;0,0000;0,0000;0,0000;0,0000;0,0000;-0,2897;1,6600;0,3500;0;0,0167;59,8600;0;1;1;4;0;0
40,7778;141,3183;13,1000;-1,3201;-0,2311;0,0000;0,0000;0,0000;0,0000;0,0000;-0,2888;1,6700;0,3500;0;0,0167;59,8900;0;1;1;4;0;0
40,7917;141,2678;13,1000;-1,3334;-0,2304;0,0000;0,0000;0,0000;0,0000;0,0000;-0,2880;1,6700;0,3400;0;0,0167;59,9100;0;1;1;4;0;0
40,8056;141,2591;13,1000;-1,3438;-0,2296;0,0000;0,0000;0,0000;0,0000;0,0000;-0,2870;1,6400;0,2900;0;0,0167;59,9200;0;1;1;4;0;0
40,8195;141,2591;13,1000;-1,3560;-0,2288;0,0000;0,0000;0,0000;0,0000;0,0000;-0,2860;1,5900;0,2300;0;0,0167;59,9200;0;1;1;4;0;0
40,8334;141,2591;13,1000;-1,3754;-0,2281;0,0000;0,0000;0,0000;0,0000;0,0000;-0,2851;1,5400;0,1700;0;0,0167;59,9200;0;1;1;4;0;0
40,8473;141,2591;13,1000;-1,3932;-0,2274;0,0000;0,0000;0,0000;0,0000;0,0000;-0,2842;1,5000;0,1000;0;0,0167;59,9200;0;1;1;4;0;0
40,8611;141,0130;13,1000;-1,4104;-0,2260;0,0000;0,0000;0,0000;0,0000;0,0000;-0,2825;1,6900;0,2800;0;0,0167;60,0300;0;1;1;4;0;0
40,8750;140,9624;13,1000;-1,4267;-0,2252;0,0000;0,0000;0,0000;0,0000;0,0000;-0,2815;1,6900;0,2600;0;0,0167;60,0500;0;1;1;4;0;0
40,8889;140,9119;13,1000;-1,4458;-0,2245;0,0000;0,0000;0,0000;0,0000;0,0000;-0,2806;1,6900;0,2400;0;0,0166;60,0700;0;1;1;4;0;0
40,9028;140,8614;13,1000;-1,4615;-0,2238;0,0000;0,0000;0,0000;0,0000;0,0000;-0,2797;1,6900;0,2300;0;0,0166;60,0900;0;1;1;4;0;0
40,9167;140,8108;13,1000;-1,4876;-0,2231;0,0000;0,0000;0,0000;0,0000;0,0000;-0,2789;1,6800;0,2000;0;0,0166;60,1200;0;1;1;4;0;0
40,9306;140,8035;13,1000;-1,5177;-0,2224;0,0000;0,0000;0,0000;0,0000;0,0000;-0,2780;1,6400;0,1200;0;0,0166;60,1200;0;1;1;4;0;0
40,9445;140,8035;13,1000;-1,5502;-0,2217;0,0000;0,0000;0,0000;0,0000;0,0000;-0,2771;1,5900;0,0400;0;0,0166;60,1200;0;1;1;4;0;0
40,9584;140,8035;13,1000;-1,5866;-0,2210;0,0000;0,0000;0,0000;0,0000;0,0000;-0,2762;1,5400;-0,0500;0;0,0166;60,1200;0;1;1;4;0;0
40,9723;140,8035;13,1000;-1,6266;-0,2204;0,0000;0,0000;0,0000;0,0000;0,0000;-0,2754;1,4800;-0,1400;0;0,0166;60,1200;0;1;1;4;0;0
40,9861;140,5560;13,1000;-1,6602;-0,2190;0,0000;0,0000;0,0000;0,0000;0,0000;-0,2738;1,6600;0,0000;0;0,0166;60,2100;0;1;1;4;0;0
41,0000;140,5055;12,8000;-1,6991;-0,2183;0,0000;0,0000;0,0000;0,0000;0,0000;-0,2729;1,6600;-0,0400;0;0,0166;60,2200;0;1;1;4;0;0
41,0139;140,4561;12,8000;-1,7458;-0,2177;0,0000;0,0000;0,0000;0,0000;0,0000;-0,2721;1,6400;-0,1000;0;0,0166;60,2400;0;1;1;4;0;0
41,0278;140,4068;12,8000;-1,7959;-0,2172;0,0000;0,0000;0,0000;0,0000;0,0000;-0,2714;1,6300;-0,1600;0;0,0166;60,2600;0;1;1;4;0;0
41,0417;140,3574;12,8000;-1,8459;-0,2167;0,0000;0,0000;0,0000;0,0000;0,0000;-0,2708;1,6200;-0,2300;0;0,0166;60,2800;0;1;1;4;0;0
41,0556;140,3476;12,8000;-1,8845;-0,2161;0,0000;0,0000;0,0000;0,0000;0,0000;-0,2701;1,5600;-0,3200;0;0,0166;60,2800;0;1;1;4;0;0
41,0695;140,3476;12,8000;-1,9338;-0,2156;0,0000;0,0000;0,0000;0,0000;0,0000;-0,2694;1,5000;-0,4300;0;0,0166;60,2800;0;1;1;4;0;0
41,0834;140,3476;12,8000;-1,9883;-0,2151;0,0000;0,0000;0,0000;0,0000;0,0000;-0,2688;1,4300;-0,5500;0;0,0166;60,2800;0;1;1;4;0;0
41,0973;140,3476;12,8000;-2,0355;-0,2146;0,0000;0,0000;0,0000;0,0000;0,0000;-0,2683;1,3700;-0,6700;0;0,0166;60,2800;0;1;1;4;0;0
41,1111;140,1084;12,8000;-2,0728;-0,2136;0,0000;0,0000;0,0000;0,0000;0,0000;-0,2670;1,5200;-0,5500;0;0,0166;60,3400;0;1;1;4;0;0
41,1250;140,0590;12,8000;-2,0960;-0,2131;0,0000;0,0000;0,0000;0,0000;0,0000;-0,2664;1,5000;-0,5900;0;0,0166;60,3500;0;1;1;4;0;0
41,1389;140,0097;12,8000;-2,1139;-0,2127;0,0000;0,0000;0,0000;0,0000;0,0000;-0,2659;1,4800;-0,6300;0;0,0166;60,3700;0;1;1;4;0;0
41,1528;139,9603;12,8000;-2,1276;-0,2123;0,0000;0,0000;0,0000;0,0000;0,0000;-0,2654;1,4500;-0,6700;0;0,0166;60,3800;0;1;1;4;0;0
41,1667;139,9109;12,8000;-2,1347;-0,2120;0,0000;0,0000;0,0000;0,0000;0,0000;-0,2650;1,4300;-0,7000;0;0,0166;60,3900;0;1;1;4;0;0
41,1806;139,8922;12,8000;-2,1385;-0,2117;0,0000;0,0000;0,0000;0,0000;0,0000;-0,2646;1,3800;-0,7600;0;0,0166;60,4000;0;1;1;4;0;0
41,1945;139,8922;12,8000;-2,1400;-0,2113;0,0000;0,0000;0,0000;0,0000;0,0000;-0,2641;1,3100;-0,8300;0;0,0166;60,4000;0;1;1;9;0;0
41,2084;139,8922;12,8000;-2,1390;-0,2109;0,0000;0,0000;0,0000;0,0000;0,0000;-0,2637;1,2400;-0,9000;0;0,0166;60,4000;0;1;1;9;0;0
41,2223;139,8922;12,8000;-2,1348;-0,2106;0,0000;0,0000;0,0000;0,0000;0,0000;-0,2633;1,1700;-0,9700;0;0,0166;60,4000;0;1;1;9;0;0
41,2361;139,6620;12,8000;-2,1259;-0,2097;0,0000;0,0000;0,0000;0,0000;0,0000;-0,2621;1,3200;-0,8100;0;0,0165;60,4400;0;1;1;9;0;0
41,2500;139,6126;12,8000;-2,1190;-0,2094;0,0000;0,0000;0,0000;0,0000;0,0000;-0,2617;1,3000;-0,8200;0;0,0165;60,4400;0;1;1;9;0;0
41,2639;139,5632;12,8000;-2,1117;-0,2091;0,0000;0,0000;0,0000;0,0000;0,0000;-0,2613;1,2700;-0,8400;0;0,0165;60,4500;0;1;1;9;0;0
41,2778;139,5138;12,8000;-2,1092;-0,2088;0,0000;0,0000;0,0000;0,0000;0,0000;-0,2610;1,2500;-0,8600;0;0,0165;60,4600;0;1;1;9;0;0
41,2917;139,4644;12,8000;-2,1099;-0,2086;0,0000;0,0000;0,0000;0,0000;0,0000;-0,2607;1,2300;-0,8800;0;0,0165;60,4700;0;1;1;9;0;0
41,3056;139,4362;12,8000;-2,1153;-0,2084;0,0000;0,0000;0,0000;0,0000;0,0000;-0,2605;1,1900;-0,9300;0;0,0165;60,4800;0;1;1;9;0;0
41,3195;139,4362;12,8000;-2,1296;-0,2081;0,0000;0,0000;0,0000;0,0000;0,0000;-0,2601;1,1200;-1,0100;0;0,0165;60,4800;0;1;1;9;0;0
41,3334;139,4362;12,8000;-2,1395;-0,2079;0,0000;0,0000;0,0000;0,0000;0,0000;-0,2599;1,0500;-1,0900;0;0,0165;60,4800;0;1;1;9;0;0
41,3473;139,4362;12,8000;-2,1476;-0,2077;0,0000;0,0000;0,0000;0,0000;0,0000;-0,2597;0,9800;-1,1700;0;0,0165;60,4800;0;1;1;9;0;0
41,3611;139,4362;12,8000;-2,1386;-0,2076;0,0000;0,0000;0,0000;0,0000;0,0000;-0,2595;0,9100;-1,2300;0;0,0165;60,4800;0;1;1;9;0;0
41,3750;139,1661;12,8000;-2,1179;-0,2067;0,0000;0,0000;0,0000;0,0000;0,0000;-0,2584;1,0900;-1,0200;0;0,0165;60,5000;0;1;1;9;0;0
41,3889;139,1167;12,8000;-2,0829;-0,2066;0,0000;0,0000;0,0000;0,0000;0,0000;-0,2582;1,0700;-1,0100;0;0,0165;60,5000;0;1;1;9;0;0
41,4028;139,0674;12,8000;-2,0363;-0,2065;0,0000;0,0000;0,0000;0,0000;0,0000;-0,2581;1,0500;-0,9800;0;0,0165;60,5100;0;1;1;9;0;0
41,4167;139,0180;12,8000;-1,9638;-0,2063;0,0000;0,0000;0,0000;0,0000;0,0000;-0,2579;1,0300;-0,9300;0;0,0165;60,5100;0;1;1;9;0;0
41,4306;138,9808;12,8000;-1,8376;-0,2062;0,0000;0,0000;0,0000;0,0000;0,0000;-0,2578;1,0100;-0,8300;0;0,0165;60,5100;0;1;1;9;0;0
41,4445;138,9808;12,8000;-1,7235;-0,2060;0,0000;0,0000;0,0000;0,0000;0,0000;-0,2575;0,9500;-0,7700;0;0,0165;60,5100;0;1;1;9;0;0
41,4584;138,9808;12,8000;-1,6376;-0,2058;0,0000;0,0000;0,0000;0,0000;0,0000;-0,2572;0,9000;-0,7400;0;0,0165;60,5100;0;1;1;9;0;0
41,4723;138,9808;12,8000;-1,5585;-0,2056;0,0000;0,0000;0,0000;0,0000;0,0000;-0,2570;0,8500;-0,7100;0;0,0165;60,5100;0;1;1;9;0;0
41,4861;138,9808;12,8000;-1,4782;-0,2054;0,0000;0,0000;0,0000;0,0000;0,0000;-0,2568;0,8000;-0,6800;0;0,0165;60,5100;0;1;1;9;0;0
41,5000;138,7197;12,7000;-1,4349;-0,2045;0,0000;0,0000;0,0000;0,0000;0,0000;-0,2556;1,0000;-0,4400;0;0,0165;60,5100;0;1;1;9;0;0
41,5139;138,6707;12,7000;-1,3765;-0,2042;0,0000;0,0000;0,0000;0,0000;0,0000;-0,2552;1,0000;-0,3800;0;0,0165;60,5100;0;1;1;9;0;0
41,5278;138,6217;12,7000;-1,3512;-0,2039;0,0000;0,0000;0,0000;0,0000;0,0000;-0,2549;1,0000;-0,3500;0;0,0165;60,5100;0;1;1;9;0;0
41,5417;138,5727;12,7000;-1,3423;-0,2037;0,0000;0,0000;0,0000;0,0000;0,0000;-0,2546;1,0000;-0,3400;0;0,0165;60,5100;0;1;1;9;0;0
41,5556;138,5248;12,7000;-1,3263;-0,2035;0,0000;0,0000;0,0000;0,0000;0,0000;-0,2543;1,0100;-0,3200;0;0,0165;60,5100;0;1;1;9;0;0
41,5695;138,5248;12,7000;-1,3179;-0,2031;0,0000;0,0000;0,0000;0,0000;0,0000;-0,2539;0,9600;-0,3500;0;0,0165;60,5100;0;1;1;9;0;0
41,5834;138,5248;12,7000;-1,3133;-0,2028;0,0000;0,0000;0,0000;0,0000;0,0000;-0,2535;0,9200;-0,3900;0;0,0165;60,5100;0;1;1;9;0;0
41,5973;138,5248;12,7000;-1,3110;-0,2026;0,0000;0,0000;0,0000;0,0000;0,0000;-0,2532;0,8800;-0,4300;0;0,0165;60,5100;0;1;1;9;0;0
41,6111;138,5248;12,7000;-1,3105;-0,2023;0,0000;0,0000;0,0000;0,0000;0,0000;-0,2529;0,8400;-0,4700;0;0,0165;60,5100;0;1;1;9;0;0
41,6250;138,2768;12,7000;-1,3184;-0,2014;0,0000;0,0000;0,0000;0,0000;0,0000;-0,2517;1,0300;-0,2900;0;0,0165;60,4900;0;1;1;9;0;0
41,6389;138,2278;12,7000;-1,3350;-0,2010;0,0000;0,0000;0,0000;0,0000;0,0000;-0,2513;1,0300;-0,3000;0;0,0165;60,4800;0;1;1;9;0;0
41,6528;138,1788;12,7000;-1,3562;-0,2008;0,0000;0,0000;0,0000;0,0000;0,0000;-0,2509;1,0300;-0,3200;0;0,0165;60,4800;0;1;1;9;0;0
41,6667;138,1298;12,7000;-1,3859;-0,2005;0,0000;0,0000;0,0000;0,0000;0,0000;-0,2506;1,0400;-0,3500;0;0,0165;60,4700;0;1;1;9;0;0
41,6806;138,0808;12,7000;-1,3995;-0,2003;0,0000;0,0000;0,0000;0,0000;0,0000;-0,2504;1,0400;-0,3600;0;0,0165;60,4700;0;1;1;9;0;0
41,6945;138,0694;12,7000;-1,4112;-0,2000;0,0000;0,0000;0,0000;0,0000;0,0000;-0,2500;1,0000;-0,4100;0;0,0165;60,4700;0;1;1;9;0;0
41,7084;138,0694;12,7000;-1,4166;-0,1997;0,0000;0,0000;0,0000;0,0000;0,0000;-0,2496;0,9600;-0,4600;0;0,0165;60,4700;0;1;1;9;0;0
41,7223;138,0694;12,6000;-1,4334;-0,1994;0,0000;0,0000;0,0000;0,0000;0,0000;-0,2493;0,9100;-0,5200;0;0,0165;60,4700;0;1;1;9;0;0
41,7361;138,0694;12,6000;-1,4683;-0,1992;0,0000;0,0000;0,0000;0,0000;0,0000;-0,2490;0,8600;-0,6000;0;0,0165;60,4700;0;1;1;9;0;0
41,7500;137,8347;12,6000;-1,5359;-0,1983;0,0000;0,0000;0,0000;0,0000;0,0000;-0,2479;1,0400;-0,5000;0;0,0165;60,4200;0;1;1;9;0;0
41,7639;137,7861;12,6000;-1,5990;-0,1980;0,0000;0,0000;0,0000;0,0000;0,0000;-0,2476;1,0300;-0,5700;0;0,0166;60,4200;0;1;1;9;0;0
41,7778;137,7375;12,6000;-1,6462;-0,1978;0,0000;0,0000;0,0000;0,0000;0,0000;-0,2473;1,0200;-0,6200;0;0,0166;60,4100;0;1;1;9;0;0
41,7917;137,6889;12,6000;-1,7007;-0,1977;0,0000;0,0000;0,0000;0,0000;0,0000;-0,2471;1,0200;-0,6800;0;0,0166;60,4000;0;1;1;9;0;0
41,8056;137,6403;12,6000;-1,7783;-0,1975;0,0000;0,0000;0,0000;0,0000;0,0000;-0,2469;1,0000;-0,7700;0;0,0166;60,3900;0;1;1;9;0;0
41,8195;137,6136;12,6000;-1,8538;-0,1974;0,0000;0,0000;0,0000;0,0000;0,0000;-0,2468;0,9700;-0,8800;0;0,0166;60,3900;0;1;1;9;0;0
41,8334;137,6136;12,6000;-1,9159;-0,1973;0,0000;0,0000;0,0000;0,0000;0,0000;-0,2466;0,9100;-1,0100;0;0,0166;60,3900;0;1;1;9;0;0
41,8473;137,6136;12,6000;-1,9428;-0,1972;0,0000;0,0000;0,0000;0,0000;0,0000;-0,2465;0,8500;-1,1000;0;0,0166;60,3900;0;1;1;9;0;0
41,8611;137,6136;12,6000;-1,9522;-0,1972;0,0000;0,0000;0,0000;0,0000;0,0000;-0,2464;0,7800;-1,1700;0;0,0166;60,3900;0;1;1;9;0;0
41,8750;137,6136;12,6000;-1,9541;-0,1971;0,0000;0,0000;0,0000;0,0000;0,0000;-0,2464;0,7200;-1,2300;0;0,0166;60,3900;0;1;1;9;0;0
41,8889;137,3467;12,6000;-1,9544;-0,1964;0,0000;0,0000;0,0000;0,0000;0,0000;-0,2455;0,9100;-1,0400;0;0,0166;60,3200;0;1;1;9;0;0
41,9028;137,2981;12,6000;-1,9532;-0,1963;0,0000;0,0000;0,0000;0,0000;0,0000;-0,2454;0,9000;-1,0600;0;0,0166;60,3000;0;1;1;9;0;0
41,9167;137,2495;12,6000;-1,9351;-0,1963;0,0000;0,0000;0,0000;0,0000;0,0000;-0,2454;0,8800;-1,0500;0;0,0166;60,2900;0;1;1;9;0;0
41,9306;137,2009;12,6000;-1,9110;-0,1963;0,0000;0,0000;0,0000;0,0000;0,0000;-0,2454;0,8600;-1,0500;0;0,0166;60,2800;0;1;1;9;0;0
41,9445;137,1580;12,6000;-1,8745;-0,1963;0,0000;0,0000;0,0000;0,0000;0,0000;-0,2454;0,8400;-1,0300;0;0,0166;60,2700;0;1;1;9;0;0
41,9584;137,1580;12,6000;-1,8316;-0,1962;0,0000;0,0000;0,0000;0,0000;0,0000;-0,2452;0,7900;-1,0500;0;0,0166;60,2700;0;1;1;9;0;0
41,9723;137,1580;12,6000;-1,7836;-0,1961;0,0000;0,0000;0,0000;0,0000;0,0000;-0,2451;0,7300;-1,0600;0;0,0166;60,2700;0;1;1;9;0;0
41,9861;137,1580;12,6000;-1,7317;-0,1961;0,0000;0,0000;0,0000;0,0000;0,0000;-0,2451;0,6700;-1,0600;0;0,0166;60,2700;0;1;1;9;0;0
42,0000;137,1580;12,6000;-1,6936;-0,1960;0,0000;0,0000;0,0000;0,0000;0,0000;-0,2451;0,6200;-1,0800;0;0,0166;60,2700;0;1;1;9;0;0
42,0139;136,9074;12,6000;-1,6672;-0,1953;0,0000;0,0000;0,0000;0,0000;0,0000;-0,2441;0,8000;-0,8600;0;0,0166;60,1800;0;1;1;9;0;0
42,0278;136,8587;12,6000;-1,6472;-0,1952;0,0000;0,0000;0,0000;0,0000;0,0000;-0,2440;0,8000;-0,8500;0;0,0166;60,1600;0;1;1;9;0;0
42,0417;136,8102;12,6000;-1,6433;-0,1951;0,0000;0,0000;0,0000;0,0000;0,0000;-0,2439;0,7900;-0,8500;0;0,0166;60,1500;0;1;1;9;0;0
42,0556;136,7615;12,6000;-1,6416;-0,1951;0,0000;0,0000;0,0000;0,0000;0,0000;-0,2438;0,7800;-0,8600;0;0,0166;60,1300;0;1;1;9;0;0
42,0695;136,7129;12,6000;-1,6561;-0,1951;0,0000;0,0000;0,0000;0,0000;0,0000;-0,2438;0,7800;-0,8800;0;0,0166;60,1100;0;1;1;9;0;0
42,0834;136,7023;12,6000;-1,6819;-0,1950;0,0000;0,0000;0,0000;0,0000;0,0000;-0,2438;0,7300;-0,9500;0;0,0166;60,1100;0;1;1;9;0;0
42,0973;136,7023;12,6000;-1,7223;-0,1950;0,0000;0,0000;0,0000;0,0000;0,0000;-0,2437;0,6800;-1,0400;0;0,0166;60,1100;0;1;1;9;0;0
42,1111;136,7023;12,6000;-1,7629;-0,1950;0,0000;0,0000;0,0000;0,0000;0,0000;-0,2437;0,6200;-1,1400;0;0,0166;60,1100;0;1;1;9;0;0
42,1250;136,7023;12,6000;-1,7891;-0,1950;0,0000;0,0000;0,0000;0,0000;0,0000;-0,2438;0,5600;-1,2300;0;0,0166;60,1100;0;1;1;9;0;0
42,1389;136,4680;12,6000;-1,8096;-0,1944;0,0000;0,0000;0,0000;0,0000;0,0000;-0,2430;0,7300;-1,0800;0;0,0167;60,0100;0;1;1;9;0;0
42,1528;136,4194;12,6000;-1,8223;-0,1944;0,0000;0,0000;0,0000;0,0000;0,0000;-0,2430;0,7200;-1,1000;0;0,0167;59,9900;0;1;1;9;0;0
42,1667;136,3708;12,6000;-1,8321;-0,1944;0,0000;0,0000;0,0000;0,0000;0,0000;-0,2430;0,7000;-1,1300;0;0,0167;59,9700;0;1;1;9;0;0
42,1806;136,3222;12,6000;-1,8389;-0,1944;0,0000;0,0000;0,0000;0,0000;0,0000;-0,2431;0,6900;-1,1500;0;0,0167;59,9500;0;1;1;9;0;0
42,1945;136,2735;12,6000;-1,8402;-0,1945;0,0000;0,0000;0,0000;0,0000;0,0000;-0,2432;0,6800;-1,1600;0;0,0167;59,9300;0;1;1;2;0;0
42,2084;136,2466;12,6000;-1,8363;-0,1946;0,0000;0,0000;0,0000;0,0000;0,0000;-0,2433;0,6500;-1,1900;0;0,0167;59,9100;0;1;1;2;0;0
42,2223;136,2466;12,6000;-1,8103;-0,1947;0,0000;0,0000;0,0000;0,0000;0,0000;-0,2433;0,5900;-1,2200;0;0,0167;59,9100;0;1;1;2;0;0
42,2361;136,2466;12,3000;-1,7598;-0,1947;0,0000;0,0000;0,0000;0,0000;0,0000;-0,2434;0,5300;-1,2300;0;0,0167;59,9100;0;1;1;2;0;0
42,2500;136,2466;12,3000;-1,7090;-0,1948;0,0000;0,0000;0,0000;0,0000;0,0000;-0,2435;0,4800;-1,2300;0;0,0167;59,9100;0;1;1;2;0;0
42,2639;136,2466;12,3000;-1,6528;-0,1949;0,0000;0,0000;0,0000;0,0000;0,0000;-0,2436;0,4300;-1,2300;0;0,0167;59,9100;0;1;1;2;0;0
42,2778;135,9835;12,3000;-1,6160;-0,1942;0,0000;0,0000;0,0000;0,0000;0,0000;-0,2428;0,6300;-0,9900;0;0,0167;59,7800;0;1;1;2;0;0
42,2917;135,9360;12,3000;-1,5777;-0,1942;0,0000;0,0000;0,0000;0,0000;0,0000;-0,2428;0,6200;-0,9500;0;0,0167;59,7600;0;1;1;2;0;0
42,3056;135,8886;12,3000;-1,5700;-0,1943;0,0000;0,0000;0,0000;0,0000;0,0000;-0,2428;0,6200;-0,9500;0;0,0167;59,7300;0;1;1;2;0;0
42,3195;135,8411;12,3000;-1,4965;-0,1943;0,0000;0,0000;0,0000;0,0000;0,0000;-0,2429;0,6200;-0,8800;0;0,0167;59,7100;0;1;1;2;0;0
42,3334;135,7937;12,3000;-1,4638;-0,1944;0,0000;0,0000;0,0000;0,0000;0,0000;-0,2430;0,6100;-0,8500;0;0,0168;59,6800;0;1;1;2;0;0
42,3473;135,7910;12,3000;-1,4573;-0,1944;0,0000;0,0000;0,0000;0,0000;0,0000;-0,2430;0,5700;-0,8900;0;0,0168;59,6800;0;1;1;2;0;0
42,3611;135,7910;12,3000;-1,4329;-0,1944;0,0000;0,0000;0,0000;0,0000;0,0000;-0,2430;0,5300;-0,9100;0;0,0168;59,6800;0;1;1;2;0;0
42,3750;135,7910;12,3000;-1,4269;-0,1944;0,0000;0,0000;0,0000;0,0000;0,0000;-0,2430;0,4800;-0,9500;0;0,0168;59,6800;0;1;1;2;0;0
42,3889;135,7910;12,3000;-1,4321;-0,1945;0,0000;0,0000;0,0000;0,0000;0,0000;-0,2431;0,4400;-1,0000;0;0,0168;59,6800;0;1;1;2;0;0
42,4028;135,5545;12,3000;-1,4502;-0,1938;0,0000;0,0000;0,0000;0,0000;0,0000;-0,2423;0,6200;-0,8300;0;0,0168;59,5400;0;1;1;2;0;0
42,4167;135,5071;12,3000;-1,4778;-0,1938;0,0000;0,0000;0,0000;0,0000;0,0000;-0,2423;0,6200;-0,8600;0;0,0168;59,5200;0;1;1;2;0;0
42,4306;135,4596;12,3000;-1,5076;-0,1938;0,0000;0,0000;0,0000;0,0000;0,0000;-0,2423;0,6200;-0,8900;0;0,0168;59,4900;0;1;1;2;0;0
42,4445;135,4122;12,3000;-1,5501;-0,1939;0,0000;0,0000;0,0000;0,0000;0,0000;-0,2424;0,6100;-0,9300;0;0,0168;59,4600;0;1;1;2;0;0
42,4584;135,3647;12,3000;-1,5976;-0,1940;0,0000;0,0000;0,0000;0,0000;0,0000;-0,2425;0,6100;-0,9900;0;0,0168;59,4300;0;1;1;2;0;0
42,4723;135,3353;12,3000;-1,6423;-0,1941;0,0000;0,0000;0,0000;0,0000;0,0000;-0,2427;0,5900;-1,0600;0;0,0168;59,4200;0;1;1;2;0;0
42,4861;135,3353;12,3000;-1,6802;-0,1942;0,0000;0,0000;0,0000;0,0000;0,0000;-0,2427;0,5300;-1,1500;0;0,0168;59,4200;0;1;1;2;0;0
42,5000;135,3353;12,3000;-1,6878;-0,1943;0,0000;0,0000;0,0000;0,0000;0,0000;-0,2429;0,4800;-1,2100;0;0,0168;59,4200;0;1;1;2;0;0
42,5139;135,3353;12,3000;-1,7541;-0,1944;0,0000;0,0000;0,0000;0,0000;0,0000;-0,2430;0,4300;-1,3300;0;0,0168;59,4200;0;1;1;2;0;0
42,5278;135,3353;12,3000;-1,7963;-0,1946;0,0000;0,0000;0,0000;0,0000;0,0000;-0,2433;0,3700;-1,4300;0;0,0168;59,4200;0;1;1;2;0;0
42,5417;135,0781;12,3000;-1,8443;-0,1941;0,0000;0,0000;0,0000;0,0000;0,0000;-0,2426;0,5600;-1,2800;0;0,0169;59,2500;0;1;1;2;0;0
42,5556;135,0307;12,3000;-1,8915;-0,1942;0,0000;0,0000;0,0000;0,0000;0,0000;-0,2427;0,5500;-1,3400;0;0,0169;59,2200;0;1;1;2;0;0
42,5695;134,9832;12,3000;-1,9355;-0,1944;0,0000;0,0000;0,0000;0,0000;0,0000;-0,2430;0,5300;-1,4000;0;0,0169;59,1800;0;1;1;2;0;0
42,5834;134,9357;12,3000;-1,9735;-0,1946;0,0000;0,0000;0,0000;0,0000;0,0000;-0,2433;0,5100;-1,4600;0;0,0169;59,1500;0;1;1;2;0;0
42,5973;134,8883;12,3000;-1,9968;-0,1949;0,0000;0,0000;0,0000;0,0000;0,0000;-0,2437;0,5000;-1,5000;0;0,0169;59,1200;0;1;1;2;0;0
42,6111;134,8796;12,3000;-2,0202;-0,1952;0,0000;0,0000;0,0000;0,0000;0,0000;-0,2440;0,4400;-1,5800;0;0,0169;59,1200;0;1;1;2;0;0
42,6250;134,8796;12,3000;-2,0290;-0,1954;0,0000;0,0000;0,0000;0,0000;0,0000;-0,2443;0,3800;-1,6500;0;0,0169;59,1200;0;1;1;2;0;0
42,6389;134,8796;12,3000;-2,0360;-0,1957;0,0000;0,0000;0,0000;0,0000;0,0000;-0,2446;0,3200;-1,7200;0;0,0169;59,1200;0;1;1;2;0;0
42,6528;134,8796;12,3000;-2,0374;-0,1960;0,0000;0,0000;0,0000;0,0000;0,0000;-0,2450;0,2500;-1,7900;0;0,0169;59,1200;0;1;1;2;0;0
42,6667;134,6491;12,3000;-2,0388;-0,1957;0,0000;0,0000;0,0000;0,0000;0,0000;-0,2446;0,4100;-1,6200;0;0,0170;58,9500;0;1;1;2;0;0
42,6806;134,6017;12,3000;-2,0294;-0,1960;0,0000;0,0000;0,0000;0,0000;0,0000;-0,2449;0,4000;-1,6300;0;0,0170;58,9100;0;1;1;2;0;0
42,6945;134,5542;12,3000;-2,0128;-0,1963;0,0000;0,0000;0,0000;0,0000;0,0000;-0,2453;0,3800;-1,6300;0;0,0170;58,8800;0;1;1;2;0;0
42,7084;134,5068;12,3000;-1,9986;-0,1966;0,0000;0,0000;0,0000;0,0000;0,0000;-0,2458;0,3600;-1,6400;0;0,0170;58,8400;0;1;1;2;0;0
42,7223;134,4593;12,3000;-1,9873;-0,1970;0,0000;0,0000;0,0000;0,0000;0,0000;-0,2462;0,3400;-1,6400;0;0,0170;58,8100;0;1;1;2;0;0
42,7361;134,4239;12,2000;-1,9797;-0,1974;0,0000;0,0000;0,0000;0,0000;0,0000;-0,2467;0,3200;-1,6600;0;0,0170;58,7800;0;1;1;2;0;0
42,7500;134,4239;12,2000;-1,9798;-0,1977;0,0000;0,0000;0,0000;0,0000;0,0000;-0,2471;0,2600;-1,7200;0;0,0170;58,7800;0;1;1;2;0;0
42,7639;134,4239;12,2000;-1,9816;-0,1980;0,0000;0,0000;0,0000;0,0000;0,0000;-0,2475;0,1900;-1,7900;0;0,0170;58,7800;0;1;1;2;0;0
42,7778;134,4239;12,2000;-1,9884;-0,1984;0,0000;0,0000;0,0000;0,0000;0,0000;-0,2480;0,1300;-1,8600;0;0,0170;58,7800;0;1;1;2;0;0
42,7917;134,4239;12,2000;-2,0031;-0,1989;0,0000;0,0000;0,0000;0,0000;0,0000;-0,2486;0,0700;-1,9300;0;0,0170;58,7800;0;1;1;2;0;0
42,8056;134,1746;12,2000;-2,0060;-0,1986;0,0000;0,0000;0,0000;0,0000;0,0000;-0,2482;0,2500;-1,7500;0;0,0171;58,5800;0;1;1;2;0;0
42,8195;134,1275;12,2000;-2,0481;-0,1990;0,0000;0,0000;0,0000;0,0000;0,0000;-0,2487;0,2300;-1,8100;0;0,0171;58,5400;0;1;1;2;0;0
42,8334;134,0804;12,2000;-2,0777;-0,1994;0,0000;0,0000;0,0000;0,0000;0,0000;-0,2492;0,2100;-1,8600;0;0,0171;58,5000;0;1;1;2;0;0
42,8473;134,0334;12,2000;-2,1017;-0,1999;0,0000;0,0000;0,0000;0,0000;0,0000;-0,2499;0,1900;-1,9100;0;0,0171;58,4700;0;1;1;2;0;0
42,8611;133,9863;12,2000;-2,1140;-0,2004;0,0000;0,0000;0,0000;0,0000;0,0000;-0,2505;0,1700;-1,9400;0;0,0171;58,4300;0;1;1;2;0;0
42,8750;133,9682;12,2000;-2,1239;-0,2009;0,0000;0,0000;0,0000;0,0000;0,0000;-0,2512;0,1200;-2,0000;0;0,0171;58,4100;0;1;1;2;0;0
42,8889;133,9682;12,2000;-2,1284;-0,2014;0,0000;0,0000;0,0000;0,0000;0,0000;-0,2518;0,0500;-2,0700;0;0,0171;58,4100;0;1;1;2;0;0
42,9028;133,9682;12,2000;-2,1233;-0,2019;0,0000;0,0000;0,0000;0,0000;0,0000;-0,2524;0,0000;-2,1400;0;0,0171;58,4100;0;1;1;2;0;0
42,9167;133,9682;12,2000;-2,1033;-0,2025;0,0000;0,0000;0,0000;0,0000;0,0000;-0,2531;-0,0800;-2,1800;0;0,0171;58,4100;0;1;1;2;0;0
42,9306;133,9682;12,2000;-2,0713;-0,2031;0,0000;0,0000;0,0000;0,0000;0,0000;-0,2539;-0,1400;-2,2200;0;0,0171;58,4100;0;1;1;2;0;0
42,9445;133,7019;12,2000;-2,0127;-0,2029;0,0000;0,0000;0,0000;0,0000;0,0000;-0,2536;0,0500;-1,9600;0;0,0172;58,1800;0;1;1;2;0;0
42,9584;133,6548;12,2000;-2,0006;-0,2034;0,0000;0,0000;0,0000;0,0000;0,0000;-0,2542;0,0300;-1,9600;0;0,0172;58,1400;0;1;1;2;0;0
42,9723;133,6078;12,2000;-1,9208;-0,2039;0,0000;0,0000;0,0000;0,0000;0,0000;-0,2549;0,0200;-1,8900;0;0,0172;58,1000;0;1;1;2;0;0
42,9861;133,5607;12,2000;-1,8710;-0,2044;0,0000;0,0000;0,0000;0,0000;0,0000;-0,2555;0,0000;-1,8600;0;0,0172;58,0600;0;1;1;2;0;0
43,0000;133,5137;12,2000;-1,8118;-0,2050;0,0000;0,0000;0,0000;0,0000;0,0000;-0,2563;0,0000;-1,8100;0;0,0172;58,0100;0;1;1;2;0;0
43,0139;133,5126;12,2000;-1,7726;-0,2055;0,0000;0,0000;0,0000;0,0000;0,0000;-0,2568;-0,0500;-1,8200;0;0,0172;58,0100;0;1;1;2;0;0
43,0278;133,5126;12,2000;-1,7444;-0,2059;0,0000;0,0000;0,0000;0,0000;0,0000;-0,2574;-0,1100;-1,8500;0;0,0172;58,0100;0;1;1;2;0;0
43,0417;133,5126;12,2000;-1,7239;-0,2064;0,0000;0,0000;0,0000;0,0000;0,0000;-0,2580;-0,1600;-1,8800;0;0,0172;58,0100;0;1;1;2;0;0
43,0556;133,5126;12,2000;-1,7135;-0,2070;0,0000;0,0000;0,0000;0,0000;0,0000;-0,2587;-0,2100;-1,9300;0;0,0172;58,0100;0;1;1;2;0;0
43,0695;133,2763;12,2000;-1,7004;-0,2068;0,0000;0,0000;0,0000;0,0000;0,0000;-0,2585;-0,0300;-1,7300;0;0,0173;57,7900;0;1;1;2;0;0
43,0834;133,2292;12,2000;-1,6816;-0,2072;0,0000;0,0000;0,0000;0,0000;0,0000;-0,2590;-0,0300;-1,7200;0;0,0173;57,7400;0;1;1;2;0;0
43,0973;133,1822;12,2000;-1,6626;-0,2077;0,0000;0,0000;0,0000;0,0000;0,0000;-0,2596;-0,0400;-1,7000;0;0,0173;57,7000;0;1;1;2;0;0
43,1111;133,1351;12,2000;-1,6589;-0,2082;0,0000;0,0000;0,0000;0,0000;0,0000;-0,2603;-0,0400;-1,7100;0;0,0173;57,6600;0;1;1;2;0;0
43,1250;133,0880;12,2000;-1,6098;-0,2088;0,0000;0,0000;0,0000;0,0000;0,0000;-0,2610;-0,0500;-1,6600;0;0,0174;57,6100;0;1;1;2;0;0
43,1389;133,0568;12,2000;-1,5710;-0,2093;0,0000;0,0000;0,0000;0,0000;0,0000;-0,2616;-0,0700;-1,6400;0;0,0174;57,5800;0;1;1;2;0;0
43,1528;133,0568;12,2000;-1,5480;-0,2097;0,0000;0,0000;0,0000;0,0000;0,0000;-0,2621;-0,1200;-1,6700;0;0,0174;57,5800;0;1;1;2;0;0
43,1667;133,0568;12,2000;-1,5267;-0,2101;0,0000;0,0000;0,0000;0,0000;0,0000;-0,2627;-0,1600;-1,6900;0;0,0174;57,5800;0;1;1;2;0;0
43,1806;133,0568;12,2000;-1,5056;-0,2106;0,0000;0,0000;0,0000;0,0000;0,0000;-0,2633;-0,2100;-1,7200;0;0,0174;57,5800;0;1;1;2;0;0
43,1945;133,0568;12,2000;-1,4915;-0,2111;0,0000;0,0000;0,0000;0,0000;0,0000;-0,2639;-0,2600;-1,7500;0;0,0174;57,5800;0;1;1;0;0;0
43,2084;132,8035;12,2000;-1,4749;-0,2109;0,0000;0,0000;0,0000;0,0000;0,0000;-0,2636;-0,0500;-1,5200;0;0,0174;57,3300;0;1;1;0;0;0
43,2223;132,7565;12,2000;-1,4598;-0,2113;0,0000;0,0000;0,0000;0,0000;0,0000;-0,2641;-0,0500;-1,5100;0;0,0175;57,2800;0;1;1;0;0;0
43,2361;132,7094;12,2000;-1,4480;-0,2117;0,0000;0,0000;0,0000;0,0000;0,0000;-0,2646;-0,0400;-1,4900;0;0,0175;57,2300;0;1;1;0;0;0
43,2500;132,6623;12,2000;-1,4364;-0,2122;0,0000;0,0000;0,0000;0,0000;0,0000;-0,2652;-0,0400;-1,4800;0;0,0175;57,1800;0;1;1;0;0;0
43,2639;132,6153;12,2000;-1,4341;-0,2127;0,0000;0,0000;0,0000;0,0000;0,0000;-0,2658;-0,0400;-1,4700;0;0,0175;57,1400;0;1;1;0;0;0
43,2778;132,6013;12,2000;-1,4294;-0,2131;0,0000;0,0000;0,0000;0,0000;0,0000;-0,2664;-0,0700;-1,5000;0;0,0175;57,1200;0;1;1;0;0;0
43,2917;132,6013;12,2000;-1,4241;-0,2135;0,0000;0,0000;0,0000;0,0000;0,0000;-0,2668;-0,1200;-1,5400;0;0,0175;57,1200;0;1;1;0;0;0
43,3056;132,6013;12,2000;-1,4251;-0,2139;0,0000;0,0000;0,0000;0,0000;0,0000;-0,2674;-0,1600;-1,5900;0;0,0175;57,1200;0;1;1;0;0;0
43,3195;132,6013;12,2000;-1,4326;-0,2144;0,0000;0,0000;0,0000;0,0000;0,0000;-0,2679;-0,2000;-1,6400;0;0,0175;57,1200;0;1;1;0;0;0
43,3334;132,6013;12,2000;-1,4433;-0,2148;0,0000;0,0000;0,0000;0,0000;0,0000;-0,2686;-0,2500;-1,6900;0;0,0175;57,1200;0;1;1;0;0;0
43,3473;132,3307;12,2000;-1,4633;-0,2145;0,0000;0,0000;0,0000;0,0000;0,0000;-0,2681;-0,0200;-1,4800;0;0,0176;56,8300;0;1;1;0;0;0
43,3611;132,2837;12,2000;-1,4874;-0,2149;0,0000;0,0000;0,0000;0,0000;0,0000;-0,2686;-0,0200;-1,5100;0;0,0176;56,7800;0;1;1;0;0;0
43,3750;132,2366;12,2000;-1,5281;-0,2154;0,0000;0,0000;0,0000;0,0000;0,0000;-0,2692;-0,0200;-1,5500;0;0,0176;56,7300;0;1;1;0;0;0
43,3889;132,1895;12,2000;-1,5686;-0,2158;0,0000;0,0000;0,0000;0,0000;0,0000;-0,2698;-0,0200;-1,5900;0;0,0176;56,6800;0;1;1;0;0;0
43,4028;132,1455;12,2000;-1,6034;-0,2164;0,0000;0,0000;0,0000;0,0000;0,0000;-0,2705;-0,0300;-1,6300;0;0,0177;56,6300;0;1;1;0;0;0
43,4167;132,1455;12,2000;-1,6104;-0,2168;0,0000;0,0000;0,0000;0,0000;0,0000;-0,2710;-0,0700;-1,6900;0;0,0177;56,6300;0;1;1;0;0;0
43,4306;132,1455;12,2000;-1,6812;-0,2173;0,0000;0,0000;0,0000;0,0000;0,0000;-0,2716;-0,1300;-1,8100;0;0,0177;56,6300;0;1;1;0;0;0
43,4445;132,1455;12,2000;-1,7308;-0,2178;0,0000;0,0000;0,0000;0,0000;0,0000;-0,2722;-0,1800;-1,9100;0;0,0177;56,6300;0;1;1;0;0;0
43,4584;132,1455;12,2000;-1,7691;-0,2183;0,0000;0,0000;0,0000;0,0000;0,0000;-0,2729;-0,2400;-2,0100;0;0,0177;56,6300;0;1;1;0;0;0
43,4723;131,9050;12,2000;-1,8143;-0,2182;0,0000;0,0000;0,0000;0,0000;0,0000;-0,2727;-0,0500;-1,8600;0;0,0177;56,3600;0;1;1;0;0;0
43,4861;131,8579;12,2000;-1,8498;-0,2187;0,0000;0,0000;0,0000;0,0000;0,0000;-0,2733;-0,0600;-1,9100;0;0,0178;56,3000;0;1;1;0;0;0
43,5000;131,8108;12,2000;-1,8906;-0,2192;0,0000;0,0000;0,0000;0,0000;0,0000;-0,2740;-0,0700;-1,9600;0;0,0178;56,2500;0;1;1;0;0;0
43,5139;131,7638;12,2000;-1,9333;-0,2198;0,0000;0,0000;0,0000;0,0000;0,0000;-0,2748;-0,0800;-2,0200;0;0,0178;56,2000;0;1;1;0;0;0
43,5278;131,7167;12,2000;-1,9706;-0,2205;0,0000;0,0000;0,0000;0,0000;0,0000;-0,2756;-0,1000;-2,0700;0;0,0178;56,1400;0;1;1;0;0;0
43,5417;131,6898;12,2000;-2,0181;-0,2211;0,0000;0,0000;0,0000;0,0000;0,0000;-0,2764;-0,1300;-2,1500;0;0,0178;56,1100;0;1;1;0;0;0
43,5556;131,6898;12,2000;-2,0668;-0,2217;0,0000;0,0000;0,0000;0,0000;0,0000;-0,2772;-0,2000;-2,2600;0;0,0178;56,1100;0;1;1;0;0;0
43,5695;131,6898;12,2000;-2,0765;-0,2224;0,0000;0,0000;0,0000;0,0000;0,0000;-0,2780;-0,2600;-2,3400;0;0,0178;56,1100;0;1;1;0;0;0
43,5834;131,6898;12,2000;-2,1720;-0,2231;0,0000;0,0000;0,0000;0,0000;0,0000;-0,2789;-0,3300;-2,5000;0;0,0178;56,1100;0;1;1;0;0;0
43,5973;131,6898;12,2000;-2,2312;-0,2239;0,0000;0,0000;0,0000;0,0000;0,0000;-0,2799;-0,4000;-2,6300;0;0,0178;56,1100;0;1;1;0;0;0
43,6111;131,4320;12,2000;-2,2839;-0,2239;0,0000;0,0000;0,0000;0,0000;0,0000;-0,2799;-0,2100;-2,4900;0;0,0179;55,8100;0;1;1;0;0;0
43,6250;131,3850;12,2000;-2,3278;-0,2246;0,0000;0,0000;0,0000;0,0000;0,0000;-0,2808;-0,2300;-2,5600;0;0,0179;55,7500;0;1;1;0;0;0
43,6389;131,3379;12,2000;-2,3640;-0,2254;0,0000;0,0000;0,0000;0,0000;0,0000;-0,2818;-0,2600;-2,6200;0;0,0180;55,6900;0;1;1;0;0;0
43,6528;131,2908;12,2000;-2,3782;-0,2263;0,0000;0,0000;0,0000;0,0000;0,0000;-0,2829;-0,2800;-2,6600;0;0,0180;55,6400;0;1;1;0;0;0
43,6667;131,2438;12,2000;-2,3993;-0,2272;0,0000;0,0000;0,0000;0,0000;0,0000;-0,2840;-0,3100;-2,7100;0;0,0180;55,5800;0;1;1;0;0;0
43,6806;131,2342;12,2000;-2,4096;-0,2280;0,0000;0,0000;0,0000;0,0000;0,0000;-0,2850;-0,3700;-2,7800;0;0,0180;55,5700;0;1;1;0;0;0
43,6945;131,2342;12,2000;-2,4142;-0,2289;0,0000;0,0000;0,0000;0,0000;0,0000;-0,2861;-0,4500;-2,8600;0;0,0180;55,5700;0;1;1;0;0;0
43,7084;131,2342;12,2000;-2,4141;-0,2298;0,0000;0,0000;0,0000;0,0000;0,0000;-0,2872;-0,5200;-2,9400;0;0,0180;55,5700;0;1;1;0;0;0
43,7223;131,2342;12,2000;-2,4141;-0,2307;0,0000;0,0000;0,0000;0,0000;0,0000;-0,2884;-0,6000;-3,0100;0;0,0180;55,5700;0;1;1;0;0;0
43,7361;131,0061;12,2000;-2,3578;-0,2310;0,0000;0,0000;0,0000;0,0000;0,0000;-0,2887;-0,4400;-2,7900;0;0,0181;55,2800;0;1;1;0;0;0
43,7500;130,9591;12,2000;-2,3081;-0,2318;0,0000;0,0000;0,0000;0,0000;0,0000;-0,2898;-0,4600;-2,7700;0;0,0181;55,2200;0;1;1;0;0;0
43,7639;130,9120;12,2000;-2,2219;-0,2327;0,0000;0,0000;0,0000;0,0000;0,0000;-0,2909;-0,4800;-2,7000;0;0,0181;55,1700;0;1;1;0;0;0
43,7778;130,8650;12,2000;-2,1010;-0,2337;0,0000;0,0000;0,0000;0,0000;0,0000;-0,2921;-0,5000;-2,6000;0;0,0181;55,1100;0;1;1;0;0;0
43,7917;130,8179;12,2000;-2,0351;-0,2346;0,0000;0,0000;0,0000;0,0000;0,0000;-0,2933;-0,5100;-2,5500;0;0,0182;55,0500;0;1;1;0;0;0
43,8056;130,7784;12,2000;-1,9644;-0,2355;0,0000;0,0000;0,0000;0,0000;0,0000;-0,2944;-0,5300;-2,5000;0;0,0182;55,0000;0;1;1;0;0;0
43,8195;130,7784;12,2000;-1,8872;-0,2364;0,0000;0,0000;0,0000;0,0000;0,0000;-0,2954;-0,5900;-2,4800;0;0,0182;55,0000;0;1;1;0;0;0
43,8334;130,7784;12,2000;-1,7989;-0,2372;0,0000;0,0000;0,0000;0,0000;0,0000;-0,2965;-0,6500;-2,4500;0;0,0182;55,0000;0;1;1;0;0;0
43,8473;130,7784;12,2000;-1,6763;-0,2380;0,0000;0,0000;0,0000;0,0000;0,0000;-0,2975;-0,7000;-2,3800;0;0,0182;55,0000;0;1;1;0;0;0
43,8611;130,7784;12,2000;-1,5529;-0,2389;0,0000;0,0000;0,0000;0,0000;0,0000;-0,2986;-0,7500;-2,3000;0;0,0182;55,0000;0;1;1;0;0;0
43,8750;130,5331;12,2000;-1,5286;-0,2390;0,0000;0,0000;0,0000;0,0000;0,0000;-0,2987;-0,5400;-2,0700;0;0,0183;54,6800;0;1;1;0;0;0
43,8889;130,4860;12,2000;-1,4150;-0,2397;0,0000;0,0000;0,0000;0,0000;0,0000;-0,2997;-0,5400;-1,9500;0;0,0183;54,6200;0;1;1;0;0;0
43,9028;130,4390;12,2000;-1,3394;-0,2405;0,0000;0,0000;0,0000;0,0000;0,0000;-0,3006;-0,5300;-1,8700;0;0,0183;54,5600;0;1;1;0;0;0
43,9167;130,3919;12,2000;-1,2660;-0,2413;0,0000;0,0000;0,0000;0,0000;0,0000;-0,3016;-0,5200;-1,7800;0;0,0184;54,4900;0;1;1;0;0;0
43,9306;130,3449;12,2000;-1,2112;-0,2420;0,0000;0,0000;0,0000;0,0000;0,0000;-0,3025;-0,5100;-1,7200;0;0,0184;54,4300;0;1;1;0;0;0
43,9445;130,3229;12,2000;-1,1299;-0,2427;0,0000;0,0000;0,0000;0,0000;0,0000;-0,3034;-0,5200;-1,6500;0;0,0184;54,4000;0;1;1;0;0;0
43,9584;130,3229;12,2000;-1,0765;-0,2433;0,0000;0,0000;0,0000;0,0000;0,0000;-0,3042;-0,5600;-1,6300;0;0,0184;54,4000;0;1;1;0;0;0
43,9723;130,3229;12,2000;-1,0032;-0,2440;0,0000;0,0000;0,0000;0,0000;0,0000;-0,3049;-0,5900;-1,5900;0;0,0184;54,4000;0;1;1;0;0;0
43,9861;130,3229;12,5000;-0,9389;-0,2446;0,0000;0,0000;0,0000;0,0000;0,0000;-0,3057;-0,6200;-1,5600;0;0,0184;54,4000;0;1;1;0;0;0
44,0000;130,3229;12,5000;-0,8833;-0,2452;0,0000;0,0000;0,0000;0,0000;0,0000;-0,3065;-0,6500;-1,5300;0;0,0184;54,4000;0;1;1;0;0;0
44,0139;130,0576;12,5000;-0,8249;-0,2450;0,0000;0,0000;0,0000;0,0000;0,0000;-0,3062;-0,3900;-1,2200;0;0,0185;54,0400;0;1;1;0;0;0
44,0278;130,0094;12,5000;-0,8133;-0,2455;0,0000;0,0000;0,0000;0,0000;0,0000;-0,3069;-0,3700;-1,1800;0;0,0185;53,9800;0;1;1;0;0;0
44,0417;129,9612;12,5000;-0,6969;-0,2460;0,0000;0,0000;0,0000;0,0000;0,0000;-0,3075;-0,3400;-1,0300;0;0,0185;53,9100;0;1;1;0;0;0
44,0556;129,9129;12,5000;-0,5822;-0,2465;0,0000;0,0000;0,0000;0,0000;0,0000;-0,3081;-0,3100;-0,8900;0;0,0186;53,8500;0;1;1;0;0;0
44,0695;129,8670;12,5000;-0,4642;-0,2469;0,0000;0,0000;0,0000;0,0000;0,0000;-0,3087;-0,2700;-0,7400;0;0,0186;53,7900;0;1;1;0;0;0
44,0834;129,8670;12,5000;-0,3530;-0,2472;0,0000;0,0000;0,0000;0,0000;0,0000;-0,3090;-0,2800;-0,6400;0;0,0186;53,7900;0;1;1;0;0;0
44,0973;129,8670;12,5000;-0,2742;-0,2475;0,0000;0,0000;0,0000;0,0000;0,0000;-0,3093;-0,2900;-0,5700;0;0,0186;53,7900;0;1;1;0;0;0
44,1111;129,8670;12,5000;-0,1679;-0,2477;0,0000;0,0000;0,0000;0,0000;0,0000;-0,3097;-0,3000;-0,4600;0;0,0186;53,7900;0;1;1;0;0;0
44,1250;129,8670;12,5000;-0,0786;-0,2480;0,0000;0,0000;0,0000;0,0000;0,0000;-0,3099;-0,3000;-0,3800;0;0,0186;53,7900;0;1;1;0;0;0
44,1389;129,6210;12,5000;0,0415;-0,2473;0,0000;0,0000;0,0000;0,0000;0,0000;-0,3091;-0,0300;0,0000;0;0,0187;53,4400;0;1;1;0;0;0
44,1528;129,5728;12,5000;0,1545;-0,2473;0,0000;0,0000;0,0000;0,0000;0,0000;-0,3092;0,0200;0,1800;0;0,0187;53,3700;0;1;1;0;0;0
44,1667;129,5246;12,5000;0,2150;-0,2473;0,0000;0,0000;0,0000;0,0000;0,0000;-0,3091;0,0800;0,3000;0;0,0188;53,3000;0;1;1;0;0;0
44,1806;129,4763;12,5000;0,2270;-0,2473;0,0000;0,0000;0,0000;0,0000;0,0000;-0,3091;0,1400;0,3700;0;0,0188;53,2400;0;1;1;0;0;0
44,1945;129,4281;12,5000;0,3123;-0,2472;0,0000;0,0000;0,0000;0,0000;0,0000;-0,3090;0,2000;0,5200;0;0,0188;53,1700;0;1;1;7;0;0
44,2084;129,4117;12,5000;0,3437;-0,2470;0,0000;0,0000;0,0000;0,0000;0,0000;-0,3088;0,2300;0,5800;0;0,0188;53,1500;0;1;1;7;0;0
44,2223;129,4117;12,5000;0,3761;-0,2468;0,0000;0,0000;0,0000;0,0000;0,0000;-0,3085;0,2500;0,6200;0;0,0188;53,1500;0;1;1;7;0;0
44,2361;129,4117;12,5000;0,4008;-0,2465;0,0000;0,0000;0,0000;0,0000;0,0000;-0,3082;0,2600;0,6600;0;0,0188;53,1500;0;1;1;7;0;0
44,2500;129,4117;12,5000;0,4186;-0,2462;0,0000;0,0000;0,0000;0,0000;0,0000;-0,3078;0,2700;0,6900;0;0,0188;53,1500;0;1;1;7;0;0
44,2639;129,4117;12,5000;0,4225;-0,2459;0,0000;0,0000;0,0000;0,0000;0,0000;-0,3074;0,2900;0,9600;0;0,0188;53,1500;0;1;1;7;0;0
44,2778;129,1361;12,5000;0,4241;-0,2447;0,0000;0,0000;0,0000;0,0000;0,0000;-0,3059;0,6000;1,0300;0;0,0190;52,7400;0;1;1;7;0;0
44,2917;129,0879;12,5000;0,4061;-0,2442;0,0000;0,0000;0,0000;0,0000;0,0000;-0,3053;0,6700;1,0700;0;0,0190;52,6700;0;1;1;7;0;0
44,3056;129,0397;12,5000;0,3658;-0,2438;0,0000;0,0000;0,0000;0,0000;0,0000;-0,3047;0,7300;1,1000;0;0,0190;52,6000;0;1;1;7;0;0
44,3195;128,9915;12,5000;0,3003;-0,2433;0,0000;0,0000;0,0000;0,0000;0,0000;-0,3041;0,7900;1,0900;0;0,0190;52,5300;0;1;1;7;0;0
44,3334;128,9556;12,5000;0,2872;-0,2428;0,0000;0,0000;0,0000;0,0000;0,0000;-0,3035;0,8400;1,1300;0;0,0191;52,4800;0;1;1;7;0;0
44,3473;128,9556;12,5000;0,0600;-0,2422;0,0000;0,0000;0,0000;0,0000;0,0000;-0,3028;0,8400;0,9000;0;0,0191;52,4800;0;1;1;7;0;0
44,3611;128,9556;12,5000;-0,0895;-0,2417;0,0000;0,0000;0,0000;0,0000;0,0000;-0,3021;0,8400;0,7500;0;0,0191;52,4800;0;1;1;7;0;0
44,3750;128,9556;12,5000;-0,2168;-0,2412;0,0000;0,0000;0,0000;0,0000;0,0000;-0,3015;0,8300;0,6200;0;0,0191;52,4800;0;1;1;7;0;0
44,3889;128,9556;12,5000;-0,3532;-0,2407;0,0000;0,0000;0,0000;0,0000;0,0000;-0,3009;0,8200;0,4700;0;0,0191;52,4800;0;1;1;7;0;0
44,4028;128,6995;12,5000;-0,5498;-0,2394;0,0000;0,0000;0,0000;0,0000;0,0000;-0,2993;1,0900;0,5400;0;0,0192;52,1000;0;1;1;7;0;0
44,4167;128,6513;12,5000;-0,7515;-0,2389;0,0000;0,0000;0,0000;0,0000;0,0000;-0,2987;1,1200;0,3700;0;0,0192;52,0200;0;1;1;7;0;0
44,4306;128,6031;12,5000;-0,8679;-0,2385;0,0000;0,0000;0,0000;0,0000;0,0000;-0,2981;1,1400;0,2800;0;0,0192;51,9500;0;1;1;7;0;0
44,4445;128,5549;12,5000;-0,9704;-0,2381;0,0000;0,0000;0,0000;0,0000;0,0000;-0,2976;1,1600;0,2000;0;0,0193;51,8800;0;1;1;7;0;0
44,4584;128,5066;12,5000;-1,1197;-0,2377;0,0000;0,0000;0,0000;0,0000;0,0000;-0,2971;1,1800;0,0600;0;0,0193;51,8100;0;1;1;7;0;0
44,4723;128,5004;12,5000;-1,2375;-0,2373;0,0000;0,0000;0,0000;0,0000;0,0000;-0,2966;1,1500;-0,0900;0;0,0193;51,8000;0;1;1;7;0;0
44,4861;128,5004;12,5000;-1,2610;-0,2368;0,0000;0,0000;0,0000;0,0000;0,0000;-0,2960;1,1100;-0,1500;0;0,0193;51,8000;0;1;1;7;0;0
44,5000;128,5004;12,5000;-1,3929;-0,2365;0,0000;0,0000;0,0000;0,0000;0,0000;-0,2956;1,0700;-0,3300;0;0,0193;51,8000;0;1;1;7;0;0
44,5139;128,5004;12,5000;-1,4089;-0,2361;0,0000;0,0000;0,0000;0,0000;0,0000;-0,2951;1,0200;-0,3900;0;0,0193;51,8000;0;1;1;7;0;0
44,5278;128,2629;12,5000;-1,4572;-0,2350;0,0000;0,0000;0,0000;0,0000;0,0000;-0,2937;1,2400;-0,2200;0;0,0194;51,4300;0;1;1;7;0;0
44,5417;128,2147;12,5000;-1,4985;-0,2346;0,0000;0,0000;0,0000;0,0000;0,0000;-0,2932;1,2500;-0,2500;0;0,0195;51,3600;0;1;1;7;0;0
44,5556;128,1665;12,5000;-1,5068;-0,2342;0,0000;0,0000;0,0000;0,0000;0,0000;-0,2927;1,2500;-0,2500;0;0,0195;51,2800;0;1;1;7;0;0
44,5695;128,1182;12,5000;-1,5294;-0,2338;0,0000;0,0000;0,0000;0,0000;0,0000;-0,2923;1,2600;-0,2700;0;0,0195;51,2100;0;1;1;7;0;0
44,5834;128,0700;12,5000;-1,5504;-0,2335;0,0000;0,0000;0,0000;0,0000;0,0000;-0,2919;1,2600;-0,2900;0;0,0196;51,1400;0;1;1;7;0;0
44,5973;128,0443;12,5000;-1,5717;-0,2332;0,0000;0,0000;0,0000;0,0000;0,0000;-0,2914;1,2400;-0,3300;0;0,0196;51,1000;0;1;1;7;0;0
44,6111;128,0443;12,5000;-1,6126;-0,2327;0,0000;0,0000;0,0000;0,0000;0,0000;-0,2909;1,1900;-0,4200;0;0,0196;51,1000;0;1;1;7;0;0
44,6250;128,0443;12,5000;-1,6495;-0,2324;0,0000;0,0000;0,0000;0,0000;0,0000;-0,2905;1,1400;-0,5100;0;0,0196;51,1000;0;1;1;7;0;0
44,6389;128,0443;12,5000;-1,6569;-0,2321;0,0000;0,0000;0,0000;0,0000;0,0000;-0,2901;1,0800;-0,5800;0;0,0196;51,1000;0;1;1;7;0;0
44,6528;128,0443;12,5000;-1,7116;-0,2318;0,0000;0,0000;0,0000;0,0000;0,0000;-0,2897;1,0300;-0,6800;0;0,0196;51,1000;0;1;1;7;0;0
44,6667;127,7780;12,5000;-1,7501;-0,2306;0,0000;0,0000;0,0000;0,0000;0,0000;-0,2883;1,2700;-0,4800;0;0,0197;50,6700;0;1;1;7;0;0
44,6806;127,7298;12,5000;-1,7968;-0,2303;0,0000;0,0000;0,0000;0,0000;0,0000;-0,2878;1,2700;-0,5300;0;0,0198;50,6000;0;1;1;7;0;0
44,6945;127,6816;12,5000;-1,8621;-0,2300;0,0000;0,0000;0,0000;0,0000;0,0000;-0,2875;1,2600;-0,6000;0;0,0198;50,5200;0;1;1;7;0;0
44,7084;127,6333;12,5000;-1,9406;-0,2298;0,0000;0,0000;0,0000;0,0000;0,0000;-0,2872;1,2500;-0,6800;0;0,0198;50,4500;0;1;1;7;0;0
44,7223;127,5889;12,2000;-2,0247;-0,2296;0,0000;0,0000;0,0000;0,0000;0,0000;-0,2869;1,2400;-0,7800;0;0,0198;50,3800;0;1;1;7;0;0
44,7361;127,5889;12,2000;-2,1073;-0,2293;0,0000;0,0000;0,0000;0,0000;0,0000;-0,2866;1,1700;-0,9300;0;0,0198;50,3800;0;1;1;7;0;0
44,7500;127,5889;12,2000;-2,1902;-0,2291;0,0000;0,0000;0,0000;0,0000;0,0000;-0,2864;1,1100;-1,0800;0;0,0198;50,3800;0;1;1;7;0;0
44,7639;127,5889;12,2000;-2,2528;-0,2290;0,0000;0,0000;0,0000;0,0000;0,0000;-0,2862;1,0300;-1,2200;0;0,0198;50,3800;0;1;1;7;0;0
44,7778;127,5889;12,2000;-2,3425;-0,2289;0,0000;0,0000;0,0000;0,0000;0,0000;-0,2861;0,9600;-1,3800;0;0,0198;50,3800;0;1;1;7;0;0
44,7917;127,3472;12,2000;-2,3603;-0,2280;0,0000;0,0000;0,0000;0,0000;0,0000;-0,2850;1,1600;-1,1900;0;0,0200;49,9900;0;1;1;7;0;0
44,8056;127,3001;12,2000;-2,4846;-0,2279;0,0000;0,0000;0,0000;0,0000;0,0000;-0,2849;1,1400;-1,3400;0;0,0200;49,9100;0;1;1;7;0;0
44,8195;127,2530;12,2000;-2,5454;-0,2278;0,0000;0,0000;0,0000;0,0000;0,0000;-0,2848;1,1100;-1,4300;0;0,0201;49,8300;0;1;1;7;0;0
44,8334;127,2060;12,2000;-2,5995;-0,2279;0,0000;0,0000;0,0000;0,0000;0,0000;-0,2848;1,0900;-1,5100;0;0,0201;49,7600;0;1;1;7;0;0
44,8473;127,1589;12,2000;-2,6558;-0,2280;0,0000;0,0000;0,0000;0,0000;0,0000;-0,2850;1,0600;-1,6000;0;0,0201;49,6800;0;1;1;7;0;0
44,8611;127,1330;12,2000;-2,7208;-0,2280;0,0000;0,0000;0,0000;0,0000;0,0000;-0,2851;1,0000;-1,7200;0;0,0201;49,6400;0;1;1;7;0;0
44,8750;127,1330;12,2000;-2,7844;-0,2281;0,0000;0,0000;0,0000;0,0000;0,0000;-0,2851;0,9100;-1,8700;0;0,0201;49,6400;0;1;1;7;0;0
44,8889;127,1330;12,2000;-2,8519;-0,2282;0,0000;0,0000;0,0000;0,0000;0,0000;-0,2853;0,8200;-2,0300;0;0,0201;49,6400;0;1;1;7;0;0
44,9028;127,1330;12,2000;-2,9119;-0,2285;0,0000;0,0000;0,0000;0,0000;0,0000;-0,2856;0,7300;-2,1800;0;0,0201;49,6400;0;1;1;7;0;0
44,9167;127,1330;12,2000;-2,9686;-0,2287;0,0000;0,0000;0,0000;0,0000;0,0000;-0,2859;0,6400;-2,3300;0;0,0201;49,6400;0;1;1;7;0;0
44,9306;126,8738;12,2000;-3,0276;-0,2281;0,0000;0,0000;0,0000;0,0000;0,0000;-0,2852;0,8500;-2,1800;0;0,0203;49,2100;0;1;1;7;0;0
44,9445;126,8267;12,2000;-3,0393;-0,2284;0,0000;0,0000;0,0000;0,0000;0,0000;-0,2855;0,8000;-2,2300;0;0,0204;49,1300;0;1;1;7;0;0
44,9584;126,7796;12,2000;-3,1606;-0,2287;0,0000;0,0000;0,0000;0,0000;0,0000;-0,2859;0,7600;-2,4000;0;0,0204;49,0600;0;1;1;7;0;0
44,9723;126,7326;12,2000;-3,2622;-0,2292;0,0000;0,0000;0,0000;0,0000;0,0000;-0,2865;0,7100;-2,5500;0;0,0204;48,9800;0;1;1;7;0;0
44,9861;126,6855;12,2000;-3,3410;-0,2297;0,0000;0,0000;0,0000;0,0000;0,0000;-0,2871;0,6600;-2,6800;0;0,0204;48,9000;0;1;1;7;0;0
45,0000;126,6774;12,2000;-3,4214;-0,2302;0,0000;0,0000;0,0000;0,0000;0,0000;-0,2877;0,5600;-2,8600;0;0,0205;48,8900;0;1;1;7;0;0
45,0139;126,6774;12,2000;-3,4374;-0,2307;0,0000;0,0000;0,0000;0,0000;0,0000;-0,2883;0,4600;-2,9800;0;0,0205;48,8900;0;1;1;7;0;0
45,0278;126,6774;12,2000;-3,5421;-0,2313;0,0000;0,0000;0,0000;0,0000;0,0000;-0,2891;0,3400;-3,2000;0;0,0205;48,8900;0;1;1;7;0;0
45,0417;126,6774;12,2000;-3,6006;-0,2320;0,0000;0,0000;0,0000;0,0000;0,0000;-0,2900;0,2300;-3,3700;0;0,0205;48,8900;0;1;1;7;0;0
45,0556;126,4474;12,2000;-3,6274;-0,2319;0,0000;0,0000;0,0000;0,0000;0,0000;-0,2898;0,3900;-3,2400;0;0,0206;48,5000;0;1;1;7;0;0
45,0695;126,4004;12,2000;-3,6407;-0,2326;0,0000;0,0000;0,0000;0,0000;0,0000;-0,2907;0,3300;-3,3100;0;0,0207;48,4200;0;1;1;7;0;0
45,0834;126,3533;12,2000;-3,6434;-0,2333;0,0000;0,0000;0,0000;0,0000;0,0000;-0,2916;0,2700;-3,3700;0;0,0207;48,3400;0;1;1;7;0;0
45,0973;126,3062;12,2000;-3,6442;-0,2341;0,0000;0,0000;0,0000;0,0000;0,0000;-0,2927;0,2100;-3,4300;0;0,0207;48,2700;0;1;1;7;0;0
45,1111;126,2592;12,2000;-3,6217;-0,2350;0,0000;0,0000;0,0000;0,0000;0,0000;-0,2938;0,1600;-3,4600;0;0,0208;48,1900;0;1;1;7;0;0
45,1250;126,2217;12,2000;-3,5579;-0,2359;0,0000;0,0000;0,0000;0,0000;0,0000;-0,2949;0,0900;-3,4700;0;0,0208;48,1300;0;1;1;7;0;0
45,1389;126,2217;12,2000;-3,4310;-0,2367;0,0000;0,0000;0,0000;0,0000;0,0000;-0,2959;0,0000;-3,4500;0;0,0208;48,1300;0;1;1;7;0;0
45,1528;126,2217;12,2000;-3,2925;-0,2376;0,0000;0,0000;0,0000;0,0000;0,0000;-0,2970;-0,1200;-3,4100;0;0,0208;48,1300;0;1;1;7;0;0
45,1667;126,2217;12,2000;-3,1421;-0,2385;0,0000;0,0000;0,0000;0,0000;0,0000;-0,2981;-0,2200;-3,3600;0;0,0208;48,1300;0;1;1;7;0;0
45,1806;126,2217;12,2000;-3,0049;-0,2394;0,0000;0,0000;0,0000;0,0000;0,0000;-0,2992;-0,3100;-3,3200;0;0,0208;48,1300;0;1;1;7;0;0
45,1945;125,9740;12,2000;-2,9313;-0,2394;0,0000;0,0000;0,0000;0,0000;0,0000;-0,2992;-0,1100;-3,0400;0;0,0210;47,7000;0;1;1;7;0;0
45,2084;125,9269;12,2000;-2,8673;-0,2402;0,0000;0,0000;0,0000;0,0000;0,0000;-0,3002;-0,1400;-3,0100;0;0,0210;47,6200;0;1;1;9;0;0
45,2223;125,8798;12,2000;-2,7949;-0,2410;0,0000;0,0000;0,0000;0,0000;0,0000;-0,3013;-0,1700;-2,9600;0;0,0210;47,5400;0;1;1;9;0;0
45,2361;125,8328;12,0000;-2,7030;-0,2419;0,0000;0,0000;0,0000;0,0000;0,0000;-0,3024;-0,2000;-2,9000;0;0,0211;47,4600;0;1;1;9;0;0
45,2500;125,7865;12,0000;-2,6489;-0,2428;0,0000;0,0000;0,0000;0,0000;0,0000;-0,3035;-0,2200;-2,8700;0;0,0211;47,3800;0;1;1;9;0;0
45,2639;125,7660;12,0000;-2,6157;-0,2437;0,0000;0,0000;0,0000;0,0000;0,0000;-0,3046;-0,2800;-2,9000;0;0,0211;47,3500;0;1;1;9;0;0
45,2778;125,7660;12,0000;-2,6007;-0,2445;0,0000;0,0000;0,0000;0,0000;0,0000;-0,3056;-0,3600;-2,9600;0;0,0211;47,3500;0;1;1;9;0;0
45,2917;125,7660;12,0000;-2,5888;-0,2454;0,0000;0,0000;0,0000;0,0000;0,0000;-0,3067;-0,4400;-3,0300;0;0,0211;47,3500;0;1;1;9;0;0
45,3056;125,7660;12,0000;-2,5808;-0,2463;0,0000;0,0000;0,0000;0,0000;0,0000;-0,3079;-0,5200;-3,1000;0;0,0211;47,3500;0;1;1;9;0;0
45,3195;125,7660;12,0000;-2,5681;-0,2473;0,0000;0,0000;0,0000;0,0000;0,0000;-0,3091;-0,6000;-3,1700;0;0,0211;47,3500;0;1;1;9;0;0
45,3334;125,5058;12,0000;-2,5527;-0,2473;0,0000;0,0000;0,0000;0,0000;0,0000;-0,3092;-0,3600;-2,9100;0;0,0213;46,8900;0;1;1;9;0;0
45,3473;125,4595;12,0000;-2,5384;-0,2482;0,0000;0,0000;0,0000;0,0000;0,0000;-0,3103;-0,3800;-2,9200;0;0,0214;46,8100;0;1;1;9;0;0
45,3611;125,4132;12,0000;-2,5341;-0,2491;0,0000;0,0000;0,0000;0,0000;0,0000;-0,3114;-0,4000;-2,9300;0;0,0214;46,7300;0;1;1;9;0;0
45,3750;125,3669;12,0000;-2,5474;-0,2501;0,0000;0,0000;0,0000;0,0000;0,0000;-0,3127;-0,4200;-2,9700;0;0,0214;46,6500;0;1;1;9;0;0
45,3889;125,3206;12,0000;-2,6018;-0,2512;0,0000;0,0000;0,0000;0,0000;0,0000;-0,3140;-0,4500;-3,0500;0;0,0215;46,5700;0;1;1;9;0;0
45,4028;125,3105;12,0000;-2,6960;-0,2522;0,0000;0,0000;0,0000;0,0000;0,0000;-0,3152;-0,5200;-3,2100;0;0,0215;46,5600;0;1;1;9;0;0
45,4167;125,3105;12,0000;-2,7734;-0,2532;0,0000;0,0000;0,0000;0,0000;0,0000;-0,3165;-0,6000;-3,3700;0;0,0215;46,5600;0;1;1;9;0;0
45,4306;125,3105;12,0000;-2,8071;-0,2543;0,0000;0,0000;0,0000;0,0000;0,0000;-0,3179;-0,6900;-3,5000;0;0,0215;46,5600;0;1;1;9;0;0
45,4445;125,3105;12,0000;-2,8498;-0,2555;0,0000;0,0000;0,0000;0,0000;0,0000;-0,3193;-0,7800;-3,6300;0;0,0215;46,5600;0;1;1;9;0;0
45,4584;125,3105;12,0000;-2,8988;-0,2567;0,0000;0,0000;0,0000;0,0000;0,0000;-0,3209;-0,8700;-3,7600;0;0,0215;46,5600;0;1;1;9;0;0
45,4723;125,0398;12,0000;-2,9799;-0,2569;0,0000;0,0000;0,0000;0,0000;0,0000;-0,3212;-0,6200;-3,6000;0;0,0217;46,0800;0;1;1;9;0;0
45,4861;124,9936;12,0000;-3,0423;-0,2581;0,0000;0,0000;0,0000;0,0000;0,0000;-0,3226;-0,6600;-3,7000;0;0,0217;46,0000;0;1;1;9;0;0
45,5000;124,9473;12,0000;-3,0837;-0,2594;0,0000;0,0000;0,0000;0,0000;0,0000;-0,3242;-0,6900;-3,7800;0;0,0218;45,9200;0;1;1;9;0;0
45,5139;124,9010;12,0000;-3,1112;-0,2607;0,0000;0,0000;0,0000;0,0000;0,0000;-0,3259;-0,7300;-3,8400;0;0,0218;45,8300;0;1;1;9;0;0
45,5278;124,8547;12,0000;-3,1463;-0,2621;0,0000;0,0000;0,0000;0,0000;0,0000;-0,3276;-0,7700;-3,9200;0;0,0219;45,7500;0;1;1;9;0;0
45,5417;124,8546;12,0000;-3,1887;-0,2634;0,0000;0,0000;0,0000;0,0000;0,0000;-0,3293;-0,8700;-4,0600;0;0,0219;45,7500;0;1;1;9;0;0
45,5556;124,8546;12,0000;-3,2333;-0,2648;0,0000;0,0000;0,0000;0,0000;0,0000;-0,3310;-0,9700;-4,2000;0;0,0219;45,7500;0;1;1;9;0;0
45,5695;124,8546;12,0000;-3,2946;-0,2662;0,0000;0,0000;0,0000;0,0000;0,0000;-0,3328;-1,0700;-4,3700;0;0,0219;45,7500;0;1;1;9;0;0
45,5834;124,8546;12,0000;-3,3560;-0,2678;0,0000;0,0000;0,0000;0,0000;0,0000;-0,3347;-1,1700;-4,5300;0;0,0219;45,7500;0;1;1;9;0;0
45,5973;124,6201;12,0000;-3,3860;-0,2684;0,0000;0,0000;0,0000;0,0000;0,0000;-0,3355;-0,9800;-4,3700;0;0,0221;45,3300;0;1;1;9;0;0
45,6111;124,5738;12,0000;-3,4008;-0,2699;0,0000;0,0000;0,0000;0,0000;0,0000;-0,3374;-1,0300;-4,4300;0;0,0221;45,2500;0;1;1;9;0;0
45,6250;124,5275;12,0000;-3,4014;-0,2715;0,0000;0,0000;0,0000;0,0000;0,0000;-0,3393;-1,0700;-4,4700;0;0,0221;45,1700;0;1;1;9;0;0
45,6389;124,4813;12,0000;-3,4049;-0,2731;0,0000;0,0000;0,0000;0,0000;0,0000;-0,3414;-1,1200;-4,5200;0;0,0222;45,0900;0;1;1;9;0;0
45,6528;124,4350;12,0000;-3,4097;-0,2748;0,0000;0,0000;0,0000;0,0000;0,0000;-0,3435;-1,1700;-4,5700;0;0,0222;45,0100;0;1;1;9;0;0
45,6667;124,3994;12,0000;-3,2438;-0,2764;0,0000;0,0000;0,0000;0,0000;0,0000;-0,3456;-1,2200;-4,4600;0;0,0222;44,9400;0;1;1;9;0;0
45,6806;124,3994;12,0000;-2,9971;-0,2780;0,0000;0,0000;0,0000;0,0000;0,0000;-0,3475;-1,3100;-4,3100;0;0,0222;44,9400;0;1;1;9;0;0
45,6945;124,3994;12,0000;-2,6587;-0,2795;0,0000;0,0000;0,0000;0,0000;0,0000;-0,3494;-1,3900;-4,0500;0;0,0222;44,9400;0;1;1;9;0;0
45,7084;124,3994;12,0000;-2,3604;-0,2810;0,0000;0,0000;0,0000;0,0000;0,0000;-0,3512;-1,4700;-3,8300;0;0,0222;44,9400;0;1;1;9;0;0
45,7223;124,3994;12,0000;-2,1724;-0,2825;0,0000;0,0000;0,0000;0,0000;0,0000;-0,3531;-1,5300;-3,7100;0;0,0222;44,9400;0;1;1;9;0;0
45,7361;124,1539;11,4000;-1,9453;-0,2829;0,0000;0,0000;0,0000;0,0000;0,0000;-0,3536;-1,2700;-3,2200;0;0,0225;44,5000;0;1;1;9;0;0
45,7500;124,1099;11,4000;-1,7730;-0,2841;0,0000;0,0000;0,0000;0,0000;0,0000;-0,3552;-1,2700;-3,0400;0;0,0225;44,4200;0;1;1;9;0;0
45,7639;124,0660;11,4000;-1,6629;-0,2854;0,0000;0,0000;0,0000;0,0000;0,0000;-0,3567;-1,2600;-2,9200;0;0,0226;44,3400;0;1;1;9;0;0
45,7778;124,0220;11,4000;-1,6232;-0,2866;0,0000;0,0000;0,0000;0,0000;0,0000;-0,3583;-1,2500;-2,8700;0;0,0226;44,2600;0;1;1;9;0;0
45,7917;123,9781;11,4000;-1,5538;-0,2879;0,0000;0,0000;0,0000;0,0000;0,0000;-0,3598;-1,2400;-2,7900;0;0,0226;44,1900;0;1;1;9;0;0
45,8056;123,9432;11,4000;-1,3430;-0,2891;0,0000;0,0000;0,0000;0,0000;0,0000;-0,3613;-1,2400;-2,5800;0;0,0227;44,1200;0;1;1;9;0;0
45,8195;123,9432;11,4000;-1,2927;-0,2902;0,0000;0,0000;0,0000;0,0000;0,0000;-0,3627;-1,2700;-2,5700;0;0,0227;44,1200;0;1;1;9;0;0
45,8334;123,9432;11,4000;-1,3531;-0,2913;0,0000;0,0000;0,0000;0,0000;0,0000;-0,3641;-1,3100;-2,6700;0;0,0227;44,1200;0;1;1;9;0;0
45,8473;123,9432;11,4000;-1,4194;-0,2924;0,0000;0,0000;0,0000;0,0000;0,0000;-0,3655;-1,3500;-2,7700;0;0,0227;44,1200;0;1;1;9;0;0
45,8611;123,9432;11,4000;-1,4563;-0,2936;0,0000;0,0000;0,0000;0,0000;0,0000;-0,3670;-1,4000;-2,8500;0;0,0227;44,1200;0;1;1;9;0;0
45,8750;123,7106;11,4000;-1,4605;-0,2939;0,0000;0,0000;0,0000;0,0000;0,0000;-0,3673;-1,1300;-2,5900;0;0,0229;43,7000;0;1;1;9;0;0
45,8889;123,6666;11,4000;-1,4504;-0,2949;0,0000;0,0000;0,0000;0,0000;0,0000;-0,3686;-1,1200;-2,5700;0;0,0229;43,6200;0;1;1;9;0;0
45,9028;123,6226;11,4000;-1,4250;-0,2960;0,0000;0,0000;0,0000;0,0000;0,0000;-0,3700;-1,1000;-2,5300;0;0,0230;43,5400;0;1;1;9;0;0
45,9167;123,5787;11,4000;-1,3941;-0,2971;0,0000;0,0000;0,0000;0,0000;0,0000;-0,3713;-1,0900;-2,4800;0;0,0230;43,4600;0;1;1;9;0;0
45,9306;123,5347;11,4000;-1,3533;-0,2982;0,0000;0,0000;0,0000;0,0000;0,0000;-0,3727;-1,0700;-2,4200;0;0,0231;43,3800;0;1;1;9;0;0
45,9445;123,4907;11,4000;-1,2676;-0,2993;0,0000;0,0000;0,0000;0,0000;0,0000;-0,3741;-1,0500;-2,3100;0;0,0231;43,3000;0;1;1;9;0;0
45,9584;123,4882;11,4000;-1,1341;-0,3002;0,0000;0,0000;0,0000;0,0000;0,0000;-0,3753;-1,0800;-2,2100;0;0,0231;43,3000;0;1;1;9;0;0
45,9723;123,4882;11,4000;-0,9402;-0,3011;0,0000;0,0000;0,0000;0,0000;0,0000;-0,3764;-1,1000;-2,0400;0;0,0231;43,3000;0;1;1;9;0;0
45,9861;123,4882;11,4000;-0,7384;-0,3020;0,0000;0,0000;0,0000;0,0000;0,0000;-0,3775;-1,1300;-1,8600;0;0,0231;43,3000;0;1;1;9;0;0
46,0000;123,4882;10,9000;-0,4739;-0,3028;0,0000;0,0000;0,0000;0,0000;0,0000;-0,3785;-1,1400;-1,6100;0;0,0231;43,3000;0;1;1;9;0;0
46,0139;123,4882;10,9000;-0,1897;-0,3035;0,0000;0,0000;0,0000;0,0000;0,0000;-0,3794;-1,1400;-1,3300;0;0,0231;43,3000;0;1;1;9;0;0
46,0278;123,2268;10,9000;0,0585;-0,3031;0,0000;0,0000;0,0000;0,0000;0,0000;-0,3788;-0,7900;-0,7300;0;0,0234;42,8200;0;1;1;9;0;0
46,0417;123,1848;10,9000;0,2722;-0,3035;0,0000;0,0000;0,0000;0,0000;0,0000;-0,3794;-0,7300;-0,4500;0;0,0234;42,7400;0;1;1;9;0;0
46,0556;123,1427;10,9000;0,4369;-0,3039;0,0000;0,0000;0,0000;0,0000;0,0000;-0,3798;-0,6600;-0,2200;0;0,0234;42,6700;0;1;1;9;0;0
46,0695;123,1007;10,9000;0,5742;-0,3042;0,0000;0,0000;0,0000;0,0000;0,0000;-0,3803;-0,5900;0,0000;0;0,0235;42,5900;0;1;1;9;0;0
46,0834;123,0586;10,9000;0,6902;-0,3045;0,0000;0,0000;0,0000;0,0000;0,0000;-0,3807;-0,5100;0,1800;0;0,0235;42,5200;0;1;1;9;0;0
46,0973;123,0318;10,9000;0,7997;-0,3048;0,0000;0,0000;0,0000;0,0000;0,0000;-0,3810;-0,4500;0,3500;0;0,0235;42,4700;0;1;1;9;0;0
46,1111;123,0318;10,9000;0,8490;-0,3048;0,0000;0,0000;0,0000;0,0000;0,0000;-0,3811;-0,4300;0,4200;0;0,0235;42,4700;0;1;1;9;0;0
46,1250;123,0318;10,9000;0,8562;-0,3049;0,0000;0,0000;0,0000;0,0000;0,0000;-0,3811;-0,4000;0,4500;0;0,0235;42,4700;0;1;1;9;0;0
46,1389;123,0318;10,9000;0,8273;-0,3050;0,0000;0,0000;0,0000;0,0000;0,0000;-0,3812;-0,3800;0,4500;0;0,0235;42,4700;0;1;1;9;0;0
46,1528;123,0318;10,9000;0,7972;-0,3050;0,0000;0,0000;0,0000;0,0000;0,0000;-0,3813;-0,3500;0,4400;0;0,0235;42,4700;0;1;1;9;0;0
46,1667;122,8022;10,9000;0,7479;-0,3041;0,0000;0,0000;0,0000;0,0000;0,0000;-0,3801;0,0000;0,7300;0;0,0238;42,0400;0;1;1;9;0;0
46,1806;122,7602;10,9000;0,6176;-0,3039;0,0000;0,0000;0,0000;0,0000;0,0000;-0,3799;0,0500;0,6700;0;0,0238;41,9600;0;1;1;9;0;0
46,1945;122,7181;10,9000;0,4552;-0,3038;0,0000;0,0000;0,0000;0,0000;0,0000;-0,3798;0,1200;0,5800;0;0,0239;41,8900;0;1;1;9;0;0
46,2084;122,6761;10,9000;0,2486;-0,3038;0,0000;0,0000;0,0000;0,0000;0,0000;-0,3797;0,1900;0,4400;0;0,0239;41,8100;0;1;1;5;0;0
46,2223;122,6340;10,9000;0,0312;-0,3038;0,0000;0,0000;0,0000;0,0000;0,0000;-0,3797;0,2500;0,2800;0;0,0240;41,7400;0;1;1;5;0;0
46,2361;122,5920;10,9000;-0,2033;-0,3038;0,0000;0,0000;0,0000;0,0000;0,0000;-0,3798;0,3000;0,1000;0;0,0240;41,6600;0;1;1;5;0;0
46,2500;122,5769;10,9000;-0,4530;-0,3038;0,0000;0,0000;0,0000;0,0000;0,0000;-0,3798;0,3100;-0,1400;0;0,0240;41,6300;0;1;1;5;0;0
46,2639;122,5769;10,9000;-0,7316;-0,3038;0,0000;0,0000;0,0000;0,0000;0,0000;-0,3798;0,2900;-0,4400;0;0,0240;41,6300;0;1;1;5;0;0
46,2778;122,5769;10,9000;-1,0223;-0,3039;0,0000;0,0000;0,0000;0,0000;0,0000;-0,3799;0,2600;-0,7600;0;0,0240;41,6300;0;1;1;5;0;0
46,2917;122,5769;10,9000;-1,2763;-0,3040;0,0000;0,0000;0,0000;0,0000;0,0000;-0,3800;0,2200;-1,0500;0;0,0240;41,6300;0;1;1;5;0;0
46,3056;122,5769;10,9000;-1,5237;-0,3043;0,0000;0,0000;0,0000;0,0000;0,0000;-0,3803;0,1800;-1,3400;0;0,0240;41,6300;0;1;1;5;0;0
46,3195;122,3355;10,9000;-1,6954;-0,3035;0,0000;0,0000;0,0000;0,0000;0,0000;-0,3793;0,4700;-1,2200;0;0,0243;41,1800;0;1;1;5;0;0
46,3334;122,2934;10,9000;-1,8034;-0,3036;0,0000;0,0000;0,0000;0,0000;0,0000;-0,3796;0,4800;-1,3200;0;0,0243;41,1100;0;1;1;5;0;0
46,3473;122,2514;10,9000;-1,7745;-0,3038;0,0000;0,0000;0,0000;0,0000;0,0000;-0,3798;0,4900;-1,2900;0;0,0244;41,0300;0;1;1;5;0;0
46,3611;122,2093;10,9000;-1,7357;-0,3040;0,0000;0,0000;0,0000;0,0000;0,0000;-0,3801;0,4900;-1,2400;0;0,0244;40,9500;0;1;1;5;0;0
46,3750;122,1673;10,9000;-1,6805;-0,3043;0,0000;0,0000;0,0000;0,0000;0,0000;-0,3803;0,5100;-1,1700;0;0,0245;40,8800;0;1;1;5;0;0
46,3889;122,1252;10,9000;-1,6800;-0,3045;0,0000;0,0000;0,0000;0,0000;0,0000;-0,3806;0,5200;-1,1600;0;0,0245;40,8000;0;1;1;5;0;0
46,4028;122,1205;10,9000;-1,6895;-0,3046;0,0000;0,0000;0,0000;0,0000;0,0000;-0,3807;0,4800;-1,2100;0;0,0245;40,7900;0;1;1;5;0;0
46,4167;122,1205;10,9000;-1,7170;-0,3047;0,0000;0,0000;0,0000;0,0000;0,0000;-0,3808;0,4300;-1,2900;0;0,0245;40,7900;0;1;1;5;0;0
46,4306;122,1205;10,9000;-1,7558;-0,3048;0,0000;0,0000;0,0000;0,0000;0,0000;-0,3810;0,3800;-1,3700;0;0,0245;40,7900;0;1;1;5;0;0
46,4445;122,1205;10,9000;-1,7849;-0,3050;0,0000;0,0000;0,0000;0,0000;0,0000;-0,3812;0,3300;-1,4500;0;0,0245;40,7900;0;1;1;5;0;0
46,4584;122,1205;10,9000;-1,7928;-0,3052;0,0000;0,0000;0,0000;0,0000;0,0000;-0,3815;0,2800;-1,5100;0;0,0245;40,7900;0;1;1;5;0;0
46,4723;121,8686;10,9000;-1,7869;-0,3043;0,0000;0,0000;0,0000;0,0000;0,0000;-0,3804;0,5900;-1,2000;0;0,0248;40,3200;0;1;1;5;0;0
46,4861;121,8266;10,9000;-1,7564;-0,3044;0,0000;0,0000;0,0000;0,0000;0,0000;-0,3804;0,6000;-1,1500;0;0,0248;40,2400;0;1;1;5;0;0
46,5000;121,7845;10,8000;-1,6898;-0,3044;0,0000;0,0000;0,0000;0,0000;0,0000;-0,3805;0,6100;-1,0700;0;0,0249;40,1700;0;1;1;5;0;0
46,5139;121,7428;10,8000;-1,6088;-0,3045;0,0000;0,0000;0,0000;0,0000;0,0000;-0,3806;0,6300;-0,9800;0;0,0249;40,0900;0;1;1;5;0;0
46,5278;121,7012;10,8000;-1,5121;-0,3046;0,0000;0,0000;0,0000;0,0000;0,0000;-0,3808;0,6500;-0,8600;0;0,0250;40,0200;0;1;1;5;0;0
46,5417;121,6654;10,8000;-1,4543;-0,3047;0,0000;0,0000;0,0000;0,0000;0,0000;-0,3809;0,6600;-0,8000;0;0,0250;39,9500;0;1;1;5;0;0
46,5556;121,6654;10,8000;-1,3833;-0,3046;0,0000;0,0000;0,0000;0,0000;0,0000;-0,3808;0,6200;-0,7600;0;0,0250;39,9500;0;1;1;5;0;0
46,5695;121,6654;10,8000;-1,2794;-0,3045;0,0000;0,0000;0,0000;0,0000;0,0000;-0,3807;0,5800;-0,7000;0;0,0250;39,9500;0;1;1;5;0;0
46,5834;121,6654;10,8000;-1,1619;-0,3044;0,0000;0,0000;0,0000;0,0000;0,0000;-0,3805;0,5500;-0,6100;0;0,0250;39,9500;0;1;1;5;0;0
46,5973;121,6654;10,8000;-1,0631;-0,3043;0,0000;0,0000;0,0000;0,0000;0,0000;-0,3804;0,5200;-0,5400;0;0,0250;39,9500;0;1;1;5;0;0
46,6111;121,6654;10,8000;-0,9745;-0,3042;0,0000;0,0000;0,0000;0,0000;0,0000;-0,3803;0,5000;-0,4800;0;0,0250;39,9500;0;1;1;5;0;0
46,6250;121,4052;10,8000;-0,9163;-0,3029;0,0000;0,0000;0,0000;0,0000;0,0000;-0,3787;0,8500;-0,0600;0;0,0253;39,4600;0;1;1;5;0;0
46,6389;121,3635;10,8000;-0,8261;-0,3027;0,0000;0,0000;0,0000;0,0000;0,0000;-0,3783;0,8900;0,0600;0;0,0254;39,3900;0;1;1;5;0;0
46,6528;121,3218;10,8000;-0,7595;-0,3024;0,0000;0,0000;0,0000;0,0000;0,0000;-0,3780;0,9300;0,1700;0;0,0254;39,3100;0;1;1;5;0;0
46,6667;121,2802;10,8000;-0,6936;-0,3021;0,0000;0,0000;0,0000;0,0000;0,0000;-0,3776;0,9700;0,2800;0;0,0255;39,2400;0;1;1;5;0;0
46,6806;121,2385;10,8000;-0,6284;-0,3018;0,0000;0,0000;0,0000;0,0000;0,0000;-0,3773;1,0100;0,3800;0;0,0255;39,1600;0;1;1;5;0;0
46,6945;121,2091;10,8000;-0,5931;-0,3015;0,0000;0,0000;0,0000;0,0000;0,0000;-0,3769;1,0300;0,4400;0;0,0256;39,1100;0;1;1;5;0;0
46,7084;121,2091;10,8000;-0,5858;-0,3011;0,0000;0,0000;0,0000;0,0000;0,0000;-0,3763;1,0200;0,4300;0;0,0256;39,1100;0;1;1;5;0;0
46,7223;121,2091;10,8000;-0,5933;-0,3006;0,0000;0,0000;0,0000;0,0000;0,0000;-0,3758;1,0000;0,4100;0;0,0256;39,1100;0;1;1;5;0;0
46,7361;121,2091;10,8000;-0,6207;-0,3002;0,0000;0,0000;0,0000;0,0000;0,0000;-0,3752;0,9800;0,3600;0;0,0256;39,1100;0;1;1;5;0;0
46,7500;121,2091;10,8000;-0,6881;-0,2997;0,0000;0,0000;0,0000;0,0000;0,0000;-0,3747;0,9600;0,2800;0;0,0256;39,1100;0;1;1;5;0;0
46,7639;121,2091;10,8000;-0,7546;-0,2993;0,0000;0,0000;0,0000;0,0000;0,0000;-0,3742;0,9400;0,1900;0;0,0256;39,1100;0;1;1;5;0;0
46,7778;120,9425;10,8000;-0,8375;-0,2977;0,0000;0,0000;0,0000;0,0000;0,0000;-0,3722;1,3100;0,4800;0;0,0259;38,6100;0;1;1;5;0;0
46,7917;120,9008;10,8000;-0,9142;-0,2972;0,0000;0,0000;0,0000;0,0000;0,0000;-0,3715;1,3500;0,4400;0;0,0260;38,5300;0;1;1;5;0;0
46,8056;120,8592;10,8000;-1,0001;-0,2967;0,0000;0,0000;0,0000;0,0000;0,0000;-0,3709;1,3800;0,3900;0;0,0260;38,4600;0;1;1;5;0;0
46,8195;120,8175;10,8000;-1,0884;-0,2962;0,0000;0,0000;0,0000;0,0000;0,0000;-0,3703;1,4100;0,3300;0;0,0261;38,3800;0;1;1;5;0;0
46,8334;120,7758;10,8000;-1,1730;-0,2958;0,0000;0,0000;0,0000;0,0000;0,0000;-0,3698;1,4400;0,2700;0;0,0261;38,3000;0;1;1;5;0;0
46,8473;120,7540;10,8000;-1,2488;-0,2954;0,0000;0,0000;0,0000;0,0000;0,0000;-0,3692;1,4400;0,1900;0;0,0261;38,2600;0;1;1;5;0;0
46,8611;120,7540;10,8000;-1,3050;-0,2948;0,0000;0,0000;0,0000;0,0000;0,0000;-0,3685;1,4000;0,1000;0;0,0261;38,2600;0;1;1;5;0;0
46,8750;120,7540;10,8000;-1,3199;-0,2943;0,0000;0,0000;0,0000;0,0000;0,0000;-0,3679;1,3700;0,0400;0;0,0261;38,2600;0;1;1;5;0;0
46,8889;120,7540;10,8000;-1,3316;-0,2938;0,0000;0,0000;0,0000;0,0000;0,0000;-0,3672;1,3300;0,0000;0;0,0261;38,2600;0;1;1;5;0;0
46,9028;120,7540;10,8000;-1,3431;-0,2933;0,0000;0,0000;0,0000;0,0000;0,0000;-0,3666;1,2900;-0,0500;0;0,0261;38,2600;0;1;1;5;0;0
46,9167;120,5215;10,8000;-1,3428;-0,2917;0,0000;0,0000;0,0000;0,0000;0,0000;-0,3647;1,6100;0,2700;0;0,0264;37,8300;0;1;1;5;0;0
46,9306;120,4798;10,8000;-1,3374;-0,2911;0,0000;0,0000;0,0000;0,0000;0,0000;-0,3639;1,6300;0,3000;0;0,0265;37,7500;0;1;1;5;0;0
46,9445;120,4381;10,8000;-1,3269;-0,2905;0,0000;0,0000;0,0000;0,0000;0,0000;-0,3631;1,6600;0,3400;0;0,0265;37,6800;0;1;1;5;0;0
46,9584;120,3965;10,8000;-1,3089;-0,2899;0,0000;0,0000;0,0000;0,0000;0,0000;-0,3623;1,6900;0,3800;0;0,0266;37,6000;0;1;1;5;0;0
46,9723;120,3548;10,8000;-1,2729;-0,2893;0,0000;0,0000;0,0000;0,0000;0,0000;-0,3616;1,7200;0,4500;0;0,0266;37,5200;0;1;1;5;0;0
46,9861;120,3132;10,8000;-1,2244;-0,2887;0,0000;0,0000;0,0000;0,0000;0,0000;-0,3609;1,7500;0,5200;0;0,0267;37,4500;0;1;1;5;0;0
47,0000;120,2978;10,8000;-1,1795;-0,2880;0,0000;0,0000;0,0000;0,0000;0,0000;-0,3600;1,7400;0,5600;0;0,0267;37,4200;0;1;1;5;0;0
47,0139;120,2978;10,8000;-1,1316;-0,2872;0,0000;0,0000;0,0000;0,0000;0,0000;-0,3590;1,7100;0,5700;0;0,0267;37,4200;0;1;1;5;0;0
47,0278;120,2978;10,8000;-1,1071;-0,2865;0,0000;0,0000;0,0000;0,0000;0,0000;-0,3581;1,6800;0,5700;0;0,0267;37,4200;0;1;1;5;0;0
47,0417;120,2978;10,8000;-1,0955;-0,2858;0,0000;0,0000;0,0000;0,0000;0,0000;-0,3572;1,6400;0,5500;0;0,0267;37,4200;0;1;1;5;0;0
47,0556;120,2978;10,8000;-1,0873;-0,2851;0,0000;0,0000;0,0000;0,0000;0,0000;-0,3563;1,6200;0,5300;0;0,0267;37,4200;0;1;1;5;0;0
47,0695;120,0589;10,8000;-1,0918;-0,2832;0,0000;0,0000;0,0000;0,0000;0,0000;-0,3540;1,9600;0,8700;0;0,0270;36,9800;0;1;1;5;0;0
47,0834;120,0172;10,8000;-1,1034;-0,2823;0,0000;0,0000;0,0000;0,0000;0,0000;-0,3529;1,9900;0,8900;0;0,0271;36,9000;0;1;1;5;0;0
47,0973;119,9755;10,8000;-1,1256;-0,2815;0,0000;0,0000;0,0000;0,0000;0,0000;-0,3519;2,0200;0,9000;0;0,0272;36,8200;0;1;1;5;0;0
47,1111;119,9339;10,8000;-1,1849;-0,2807;0,0000;0,0000;0,0000;0,0000;0,0000;-0,3509;2,0600;0,8700;0;0,0272;36,7500;0;1;1;5;0;0
47,1250;119,8922;10,8000;-1,2508;-0,2799;0,0000;0,0000;0,0000;0,0000;0,0000;-0,3499;2,0900;0,8400;0;0,0273;36,6700;0;1;1;5;0;0
47,1389;119,8506;10,8000;-1,3432;-0,2792;0,0000;0,0000;0,0000;0,0000;0,0000;-0,3490;2,1100;0,7700;0;0,0273;36,6000;0;1;1;5;0;0
47,1528;119,8426;10,8000;-1,4429;-0,2783;0,0000;0,0000;0,0000;0,0000;0,0000;-0,3479;2,0900;0,6400;0;0,0273;36,5800;0;1;1;5;0;0
47,1667;119,8426;10,8000;-1,5502;-0,2774;0,0000;0,0000;0,0000;0,0000;0,0000;-0,3468;2,0400;0,4900;0;0,0273;36,5800;0;1;1;5;0;0
47,1806;119,8426;10,8000;-1,6801;-0,2766;0,0000;0,0000;0,0000;0,0000;0,0000;-0,3458;2,0000;0,3200;0;0,0273;36,5800;0;1;1;5;0;0
47,1945;119,8426;10,8000;-1,8455;-0,2759;0,0000;0,0000;0,0000;0,0000;0,0000;-0,3449;1,9500;0,1000;0;0,0273;36,5800;0;1;1;5;0;0
47,2084;119,8426;10,8000;-1,9923;-0,2752;0,0000;0,0000;0,0000;0,0000;0,0000;-0,3441;1,8900;-0,1000;0;0,0273;36,5800;0;1;1;4;0;0
47,2223;119,5963;10,8000;-2,0717;-0,2734;0,0000;0,0000;0,0000;0,0000;0,0000;-0,3417;2,2300;0,1600;0;0,0277;36,1300;0;1;1;4;0;0
47,2361;119,5547;12,0000;-2,1421;-0,2726;0,0000;0,0000;0,0000;0,0000;0,0000;-0,3408;2,2300;0,0800;0;0,0277;36,0500;0;1;1;4;0;0
47,2500;119,5084;12,0000;-2,1911;-0,2718;0,0000;0,0000;0,0000;0,0000;0,0000;-0,3398;2,2300;0,0400;0;0,0278;35,9700;0;1;1;4;0;0
47,2639;119,4621;12,0000;-2,2347;-0,2710;0,0000;0,0000;0,0000;0,0000;0,0000;-0,3388;2,2400;0,0000;0;0,0279;35,8800;0;1;1;4;0;0
47,2778;119,4158;12,0000;-2,2781;-0,2703;0,0000;0,0000;0,0000;0,0000;0,0000;-0,3379;2,2400;-0,0300;0;0,0279;35,8000;0;1;1;4;0;0
47,2917;119,3865;12,0000;-2,2986;-0,2695;0,0000;0,0000;0,0000;0,0000;0,0000;-0,3369;2,2200;-0,0800;0;0,0280;35,7500;0;1;1;4;0;0
47,3056;119,3865;12,0000;-2,3243;-0,2687;0,0000;0,0000;0,0000;0,0000;0,0000;-0,3359;2,1400;-0,1800;0;0,0280;35,7500;0;1;1;4;0;0
47,3195;119,3865;12,0000;-2,3269;-0,2679;0,0000;0,0000;0,0000;0,0000;0,0000;-0,3348;2,0700;-0,2500;0;0,0280;35,7500;0;1;1;4;0;0
47,3334;119,3865;12,0000;-2,3204;-0,2671;0,0000;0,0000;0,0000;0,0000;0,0000;-0,3339;2,0000;-0,3200;0;0,0280;35,7500;0;1;1;4;0;0
47,3473;119,3865;12,0000;-2,2715;-0,2664;0,0000;0,0000;0,0000;0,0000;0,0000;-0,3330;1,9300;-0,3400;0;0,0280;35,7500;0;1;1;4;0;0
47,3611;119,1338;12,0000;-2,1788;-0,2643;0,0000;0,0000;0,0000;0,0000;0,0000;-0,3304;2,2800;0,1000;0;0,0283;35,2800;0;1;1;4;0;0
47,3750;119,0875;12,0000;-2,0833;-0,2634;0,0000;0,0000;0,0000;0,0000;0,0000;-0,3293;2,2900;0,2100;0;0,0284;35,2000;0;1;1;4;0;0
47,3889;119,0412;12,0000;-1,9694;-0,2625;0,0000;0,0000;0,0000;0,0000;0,0000;-0,3281;2,3000;0,3400;0;0,0285;35,1100;0;1;1;4;0;0
47,4028;118,9949;12,0000;-1,8840;-0,2616;0,0000;0,0000;0,0000;0,0000;0,0000;-0,3270;2,3200;0,4400;0;0,0285;35,0300;0;1;1;4;0;0
47,4167;118,9486;12,0000;-1,8056;-0,2607;0,0000;0,0000;0,0000;0,0000;0,0000;-0,3259;2,3400;0,5400;0;0,0286;34,9500;0;1;1;4;0;0
47,4306;118,9311;12,0000;-1,6568;-0,2597;0,0000;0,0000;0,0000;0,0000;0,0000;-0,3246;2,3200;0,6600;0;0,0286;34,9200;0;1;1;4;0;0
47,4445;118,9311;12,0000;-1,4769;-0,2585;0,0000;0,0000;0,0000;0,0000;0,0000;-0,3231;2,2700;0,8000;0;0,0286;34,9200;0;1;1;4;0;0
47,4584;118,9311;12,0000;-1,3441;-0,2574;0,0000;0,0000;0,0000;0,0000;0,0000;-0,3217;2,2300;0,8900;0;0,0286;34,9200;0;1;1;4;0;0
47,4723;118,9311;12,0000;-1,2445;-0,2562;0,0000;0,0000;0,0000;0,0000;0,0000;-0,3203;2,1900;0,9500;0;0,0286;34,9200;0;1;1;4;0;0
47,4861;118,9311;12,0000;-1,1604;-0,2551;0,0000;0,0000;0,0000;0,0000;0,0000;-0,3189;2,1600;1,0000;0;0,0286;34,9200;0;1;1;4;0;0
47,5000;118,6668;12,0000;-1,1046;-0,2526;0,0000;0,0000;0,0000;0,0000;0,0000;-0,3158;2,5600;1,4600;0;0,0290;34,4300;0;1;1;4;0;0
47,5139;118,6205;12,0000;-1,0579;-0,2513;0,0000;0,0000;0,0000;0,0000;0,0000;-0,3141;2,6100;1,5500;0;0,0291;34,3500;0;1;1;4;0;0
47,5278;118,5742;12,0000;-1,0272;-0,2499;0,0000;0,0000;0,0000;0,0000;0,0000;-0,3124;2,6500;1,6300;0;0,0292;34,2700;0;1;1;4;0;0
47,5417;118,5280;12,0000;-1,0166;-0,2486;0,0000;0,0000;0,0000;0,0000;0,0000;-0,3107;2,7000;1,6800;0;0,0293;34,1800;0;1;1;4;0;0
47,5556;118,4817;12,0000;-1,0082;-0,2473;0,0000;0,0000;0,0000;0,0000;0,0000;-0,3091;2,7400;1,7400;0;0,0293;34,1000;0;1;1;4;0;0
47,5695;118,4752;12,0000;-1,0076;-0,2458;0,0000;0,0000;0,0000;0,0000;0,0000;-0,3072;2,7200;1,7200;0;0,0293;34,0900;0;1;1;4;0;0
47,5834;118,4752;12,0000;-1,0270;-0,2443;0,0000;0,0000;0,0000;0,0000;0,0000;-0,3053;2,6900;1,6700;0;0,0293;34,0900;0;1;1;4;0;0
47,5973;118,4752;12,0000;-1,0687;-0,2428;0,0000;0,0000;0,0000;0,0000;0,0000;-0,3035;2,6600;1,5900;0;0,0293;34,0900;0;1;1;4;0;0
47,6111;118,4752;12,0000;-1,1180;-0,2414;0,0000;0,0000;0,0000;0,0000;0,0000;-0,3017;2,6300;1,5100;0;0,0293;34,0900;0;1;1;4;0;0
47,6250;118,2463;12,0000;-1,1715;-0,2388;0,0000;0,0000;0,0000;0,0000;0,0000;-0,2985;2,9800;1,8100;0;0,0297;33,6700;0;1;1;4;0;0
47,6389;118,2001;12,0000;-1,2075;-0,2372;0,0000;0,0000;0,0000;0,0000;0,0000;-0,2964;3,0200;1,8200;0;0,0298;33,5900;0;1;1;4;0;0
47,6528;118,1538;12,0000;-1,2536;-0,2356;0,0000;0,0000;0,0000;0,0000;0,0000;-0,2945;3,0600;1,8100;0;0,0298;33,5100;0;1;1;4;0;0
47,6667;118,1076;12,0000;-1,2939;-0,2340;0,0000;0,0000;0,0000;0,0000;0,0000;-0,2926;3,1000;1,8100;0;0,0299;33,4300;0;1;1;4;0;0
47,6806;118,0613;12,0000;-1,3348;-0,2325;0,0000;0,0000;0,0000;0,0000;0,0000;-0,2907;3,1400;1,8100;0;0,0300;33,3400;0;1;1;4;0;0
47,6945;118,0198;12,0000;-1,3937;-0,2311;0,0000;0,0000;0,0000;0,0000;0,0000;-0,2888;3,1700;1,7700;0;0,0301;33,2700;0;1;1;4;0;0
47,7084;118,0198;12,0000;-1,4055;-0,2294;0,0000;0,0000;0,0000;0,0000;0,0000;-0,2867;3,1300;1,7200;0;0,0301;33,2700;0;1;1;4;0;0
47,7223;118,0198;12,0000;-1,4805;-0,2277;0,0000;0,0000;0,0000;0,0000;0,0000;-0,2847;3,0800;1,6000;0;0,0301;33,2700;0;1;1;4;0;0
47,7361;118,0198;12,3000;-1,5303;-0,2261;0,0000;0,0000;0,0000;0,0000;0,0000;-0,2827;3,0300;1,5000;0;0,0301;33,2700;0;1;1;4;0;0
47,7500;118,0198;12,3000;-1,5810;-0,2246;0,0000;0,0000;0,0000;0,0000;0,0000;-0,2807;2,9800;1,4000;0;0,0301;33,2700;0;1;1;4;0;0
47,7639;117,7776;12,3000;-1,6279;-0,2217;0,0000;0,0000;0,0000;0,0000;0,0000;-0,2771;3,3500;1,7300;0;0,0305;32,8400;0;1;1;4;0;0
47,7778;117,7302;12,3000;-1,6985;-0,2199;0,0000;0,0000;0,0000;0,0000;0,0000;-0,2749;3,3800;1,6900;0;0,0305;32,7500;0;1;1;4;0;0
47,7917;117,6828;12,3000;-1,8284;-0,2182;0,0000;0,0000;0,0000;0,0000;0,0000;-0,2728;3,4100;1,5800;0;0,0306;32,6700;0;1;1;4;0;0
47,8056;117,6354;12,3000;-1,9560;-0,2166;0,0000;0,0000;0,0000;0,0000;0,0000;-0,2708;3,4300;1,4800;0;0,0307;32,5800;0;1;1;4;0;0
47,8195;117,5880;12,3000;-2,1325;-0,2151;0,0000;0,0000;0,0000;0,0000;0,0000;-0,2689;3,4400;1,3200;0;0,0308;32,5000;0;1;1;4;0;0
47,8334;117,5639;12,3000;-2,3048;-0,2135;0,0000;0,0000;0,0000;0,0000;0,0000;-0,2669;3,4100;1,1100;0;0,0308;32,4600;0;1;1;4;0;0
47,8473;117,5639;12,3000;-2,4814;-0,2119;0,0000;0,0000;0,0000;0,0000;0,0000;-0,2649;3,3400;0,8600;0;0,0308;32,4600;0;1;1;4;0;0
47,8611;117,5639;12,3000;-2,5168;-0,2104;0,0000;0,0000;0,0000;0,0000;0,0000;-0,2630;3,2600;0,7400;0;0,0308;32,4600;0;1;1;4;0;0
47,8750;117,5639;12,3000;-2,8550;-0,2090;0,0000;0,0000;0,0000;0,0000;0,0000;-0,2612;3,1700;0,3100;0;0,0308;32,4600;0;1;1;4;0;0
47,8889;117,5639;12,3000;-3,0287;-0,2077;0,0000;0,0000;0,0000;0,0000;0,0000;-0,2596;3,0700;0,0400;0;0,0308;32,4600;0;1;1;4;0;0
47,9028;117,2997;12,3000;-3,2139;-0,2050;0,0000;0,0000;0,0000;0,0000;0,0000;-0,2562;3,4400;0,2300;0;0,0313;31,9900;0;1;1;4;0;0
47,9167;117,2523;12,3000;-3,4409;-0,2036;0,0000;0,0000;0,0000;0,0000;0,0000;-0,2545;3,4200;0,0000;0;0,0313;31,9100;0;1;1;4;0;0
47,9306;117,2048;12,3000;-3,6590;-0,2024;0,0000;0,0000;0,0000;0,0000;0,0000;-0,2530;3,3900;-0,2700;0;0,0314;31,8200;0;1;1;4;0;0
47,9445;117,1574;12,3000;-3,8926;-0,2014;0,0000;0,0000;0,0000;0,0000;0,0000;-0,2517;3,3500;-0,5400;0;0,0315;31,7400;0;1;1;4;0;0
47,9584;117,1099;12,3000;-4,1097;-0,2004;0,0000;0,0000;0,0000;0,0000;0,0000;-0,2505;3,3100;-0,8000;0;0,0316;31,6600;0;1;1;4;0;0
47,9723;117,1084;12,3000;-4,3026;-0,1994;0,0000;0,0000;0,0000;0,0000;0,0000;-0,2492;3,1700;-1,1300;0;0,0316;31,6600;0;1;1;4;0;0
47,9861;117,1084;12,3000;-4,4701;-0,1984;0,0000;0,0000;0,0000;0,0000;0,0000;-0,2481;3,0300;-1,4400;0;0,0316;31,6600;0;1;1;4;0;0
48,0000;117,1084;12,3000;-4,6147;-0,1976;0,0000;0,0000;0,0000;0,0000;0,0000;-0,2471;2,8900;-1,7300;0;0,0316;31,6600;0;1;1;4;0;0
48,0139;117,1084;12,3000;-4,6437;-0,1970;0,0000;0,0000;0,0000;0,0000;0,0000;-0,2462;2,7400;-1,9000;0;0,0316;31,6600;0;1;1;4;0;0
48,0278;116,8690;12,3000;-4,8388;-0,1950;0,0000;0,0000;0,0000;0,0000;0,0000;-0,2438;3,0300;-1,8100;0;0,0320;31,2400;0;1;1;4;0;0
48,0417;116,8216;12,3000;-4,9325;-0,1943;0,0000;0,0000;0,0000;0,0000;0,0000;-0,2429;2,9600;-1,9700;0;0,0321;31,1600;0;1;1;4;0;0
48,0556;116,7741;12,3000;-4,9735;-0,1937;0,0000;0,0000;0,0000;0,0000;0,0000;-0,2422;2,8900;-2,0800;0;0,0322;31,0700;0;1;1;4;0;0
48,0695;116,7266;12,3000;-4,9955;-0,1933;0,0000;0,0000;0,0000;0,0000;0,0000;-0,2416;2,8200;-2,1800;0;0,0323;30,9900;0;1;1;4;0;0
48,0834;116,6791;12,3000;-4,9980;-0,1929;0,0000;0,0000;0,0000;0,0000;0,0000;-0,2411;2,7400;-2,2500;0;0,0324;30,9100;0;1;1;4;0;0
48,0973;116,6526;12,3000;-5,0120;-0,1925;0,0000;0,0000;0,0000;0,0000;0,0000;-0,2406;2,6300;-2,3800;0;0,0324;30,8700;0;1;1;4;0;0
48,1111;116,6526;12,3000;-5,0232;-0,1921;0,0000;0,0000;0,0000;0,0000;0,0000;-0,2401;2,4700;-2,5500;0;0,0324;30,8700;0;1;1;4;0;0
48,1250;116,6526;12,3000;-5,0268;-0,1917;0,0000;0,0000;0,0000;0,0000;0,0000;-0,2396;2,3200;-2,7100;0;0,0324;30,8700;0;1;1;4;0;0
48,1389;116,6526;12,3000;-5,0247;-0,1915;0,0000;0,0000;0,0000;0,0000;0,0000;-0,2393;2,1600;-2,8700;0;0,0324;30,8700;0;1;1;4;0;0
48,1528;116,6526;12,3000;-4,9969;-0,1913;0,0000;0,0000;0,0000;0,0000;0,0000;-0,2392;2,0000;-3,0000;0;0,0324;30,8700;0;1;1;4;0;0
48,1667;116,3907;12,3000;-4,9915;-0,1898;0,0000;0,0000;0,0000;0,0000;0,0000;-0,2372;2,3300;-2,6600;0;0,0329;30,4100;0;1;1;4;0;0
48,1806;116,3433;12,3000;-4,8858;-0,1895;0,0000;0,0000;0,0000;0,0000;0,0000;-0,2369;2,2700;-2,6200;0;0,0330;30,3300;0;1;1;4;0;0
48,1945;116,2958;12,3000;-4,7987;-0,1893;0,0000;0,0000;0,0000;0,0000;0,0000;-0,2367;2,2100;-2,5900;0;0,0331;30,2500;0;1;1;4;0;0
48,2084;116,2483;12,3000;-4,7083;-0,1892;0,0000;0,0000;0,0000;0,0000;0,0000;-0,2366;2,1500;-2,5600;0;0,0331;30,1700;0;1;1;2;0;0
48,2223;116,2008;12,3000;-4,5935;-0,1892;0,0000;0,0000;0,0000;0,0000;0,0000;-0,2365;2,0900;-2,5000;0;0,0332;30,0900;0;1;1;2;0;0
48,2361;116,1971;12,5000;-4,4726;-0,1890;0,0000;0,0000;0,0000;0,0000;0,0000;-0,2363;1,9500;-2,5200;0;0,0332;30,0900;0;1;1;2;0;0
48,2500;116,1971;12,5000;-4,3521;-0,1888;0,0000;0,0000;0,0000;0,0000;0,0000;-0,2360;1,8100;-2,5400;0;0,0332;30,0900;0;1;1;2;0;0
48,2639;116,1971;12,5000;-4,2520;-0,1887;0,0000;0,0000;0,0000;0,0000;0,0000;-0,2359;1,6800;-2,5700;0;0,0332;30,0900;0;1;1;2;0;0
48,2778;116,1971;12,5000;-4,1679;-0,1887;0,0000;0,0000;0,0000;0,0000;0,0000;-0,2358;1,5400;-2,6200;0;0,0332;30,0900;0;1;1;2;0;0
48,2917;115,9568;12,5000;-4,0841;-0,1873;0,0000;0,0000;0,0000;0,0000;0,0000;-0,2341;1,8800;-2,2000;0;0,0337;29,6800;0;1;1;2;0;0
48,3056;115,9086;12,5000;-4,0031;-0,1871;0,0000;0,0000;0,0000;0,0000;0,0000;-0,2339;1,8400;-2,1600;0;0,0338;29,6000;0;1;1;2;0;0
48,3195;115,8603;12,5000;-3,9871;-0,1870;0,0000;0,0000;0,0000;0,0000;0,0000;-0,2337;1,8100;-2,1800;0;0,0339;29,5100;0;1;1;2;0;0
48,3334;115,8121;12,5000;-3,8657;-0,1869;0,0000;0,0000;0,0000;0,0000;0,0000;-0,2337;1,7800;-2,0900;0;0,0340;29,4300;0;1;1;2;0;0
48,3473;115,7639;12,5000;-3,8186;-0,1870;0,0000;0,0000;0,0000;0,0000;0,0000;-0,2337;1,7500;-2,0700;0;0,0341;29,3600;0;1;1;2;0;0
48,3611;115,7413;12,5000;-3,7886;-0,1869;0,0000;0,0000;0,0000;0,0000;0,0000;-0,2336;1,6700;-2,1200;0;0,0341;29,3200;0;1;1;2;0;0
48,3750;115,7413;12,5000;-3,7755;-0,1868;0,0000;0,0000;0,0000;0,0000;0,0000;-0,2335;1,5500;-2,2300;0;0,0341;29,3200;0;1;1;2;0;0
48,3889;115,7413;12,5000;-3,7746;-0,1868;0,0000;0,0000;0,0000;0,0000;0,0000;-0,2334;1,4300;-2,3500;0;0,0341;29,3200;0;1;1;2;0;0
48,4028;115,7413;12,5000;-3,8028;-0,1868;0,0000;0,0000;0,0000;0,0000;0,0000;-0,2335;1,3100;-2,5000;0;0,0341;29,3200;0;1;1;2;0;0
48,4167;115,7413;12,5000;-3,8947;-0,1870;0,0000;0,0000;0,0000;0,0000;0,0000;-0,2337;1,1800;-2,7100;0;0,0341;29,3200;0;1;1;2;0;0
48,4306;115,4708;12,5000;-4,0061;-0,1855;0,0000;0,0000;0,0000;0,0000;0,0000;-0,2319;1,5900;-2,4200;0;0,0346;28,8700;0;1;1;2;0;0
48,4445;115,4225;12,5000;-4,0944;-0,1856;0,0000;0,0000;0,0000;0,0000;0,0000;-0,2320;1,5500;-2,5400;0;0,0347;28,7900;0;1;1;2;0;0
48,4584;115,3743;12,5000;-4,1496;-0,1858;0,0000;0,0000;0,0000;0,0000;0,0000;-0,2323;1,5100;-2,6300;0;0,0348;28,7100;0;1;1;2;0;0
48,4723;115,3260;12,5000;-4,1606;-0,1861;0,0000;0,0000;0,0000;0,0000;0,0000;-0,2326;1,4800;-2,6800;0;0,0349;28,6300;0;1;1;2;0;0
48,4861;115,2858;12,5000;-4,2544;-0,1864;0,0000;0,0000;0,0000;0,0000;0,0000;-0,2330;1,4200;-2,8400;0;0,0350;28,5600;0;1;1;2;0;0
48,5000;115,2858;13,0000;-4,3125;-0,1866;0,0000;0,0000;0,0000;0,0000;0,0000;-0,2333;1,2700;-3,0400;0;0,0350;28,5600;0;1;1;2;0;0
48,5139;115,2858;13,0000;-4,3304;-0,1870;0,0000;0,0000;0,0000;0,0000;0,0000;-0,2337;1,1300;-3,2000;0;0,0350;28,5600;0;1;1;2;0;0
48,5278;115,2858;13,0000;-4,3359;-0,1874;0,0000;0,0000;0,0000;0,0000;0,0000;-0,2342;0,9900;-3,3500;0;0,0350;28,5600;0;1;1;2;0;0
48,5417;115,2858;13,0000;-4,3346;-0,1879;0,0000;0,0000;0,0000;0,0000;0,0000;-0,2348;0,8400;-3,4900;0;0,0350;28,5600;0;1;1;2;0;0
48,5556;115,0251;13,0000;-4,3152;-0,1868;0,0000;0,0000;0,0000;0,0000;0,0000;-0,2335;1,2300;-3,0900;0;0,0355;28,1300;0;1;1;2;0;0
48,5695;114,9750;13,0000;-4,2707;-0,1872;0,0000;0,0000;0,0000;0,0000;0,0000;-0,2339;1,1900;-3,0800;0;0,0356;28,0500;0;1;1;2;0;0
48,5834;114,9248;13,0000;-4,1749;-0,1876;0,0000;0,0000;0,0000;0,0000;0,0000;-0,2345;1,1500;-3,0200;0;0,0357;27,9700;0;1;1;2;0;0
48,5973;114,8746;13,0000;-4,0289;-0,1880;0,0000;0,0000;0,0000;0,0000;0,0000;-0,2351;1,1200;-2,9100;0;0,0359;27,8900;0;1;1;2;0;0
48,6111;114,8300;13,0000;-3,9096;-0,1885;0,0000;0,0000;0,0000;0,0000;0,0000;-0,2357;1,0800;-2,8300;0;0,0359;27,8200;0;1;1;2;0;0
48,6250;114,8300;13,0000;-3,8857;-0,1888;0,0000;0,0000;0,0000;0,0000;0,0000;-0,2361;0,9500;-2,9400;0;0,0359;27,8200;0;1;1;2;0;0
48,6389;114,8300;13,0000;-3,6976;-0,1892;0,0000;0,0000;0,0000;0,0000;0,0000;-0,2365;0,8200;-2,8700;0;0,0359;27,8200;0;1;1;2;0;0
48,6528;114,8300;13,0000;-3,5380;-0,1896;0,0000;0,0000;0,0000;0,0000;0,0000;-0,2369;0,7100;-2,8300;0;0,0359;27,8200;0;1;1;2;0;0
48,6667;114,8300;13,0000;-3,3708;-0,1900;0,0000;0,0000;0,0000;0,0000;0,0000;-0,2375;0,5900;-2,7800;0;0,0359;27,8200;0;1;1;2;0;0
48,6806;114,5698;13,0000;-3,2986;-0,1888;0,0000;0,0000;0,0000;0,0000;0,0000;-0,2359;1,0300;-2,2700;0;0,0365;27,4000;0;1;1;2;0;0
48,6945;114,5196;13,0000;-3,2424;-0,1890;0,0000;0,0000;0,0000;0,0000;0,0000;-0,2362;1,0200;-2,2200;0;0,0366;27,3200;0;1;1;2;0;0
48,7084;114,4695;13,0000;-3,1688;-0,1893;0,0000;0,0000;0,0000;0,0000;0,0000;-0,2366;1,0200;-2,1400;0;0,0367;27,2500;0;1;1;2;0;0
48,7223;114,4193;13,0000;-3,1359;-0,1896;0,0000;0,0000;0,0000;0,0000;0,0000;-0,2370;1,0200;-2,1100;0;0,0368;27,1700;0;1;1;2;0;0
48,7361;114,3746;13,0000;-3,0914;-0,1900;0,0000;0,0000;0,0000;0,0000;0,0000;-0,2375;1,0100;-2,0800;0;0,0369;27,1000;0;1;1;2;0;0
48,7500;114,3746;13,0000;-3,0639;-0,1901;0,0000;0,0000;0,0000;0,0000;0,0000;-0,2376;0,9100;-2,1500;0;0,0369;27,1000;0;1;1;2;0;0
48,7639;114,3746;13,0000;-3,0565;-0,1903;0,0000;0,0000;0,0000;0,0000;0,0000;-0,2379;0,8100;-2,2500;0;0,0369;27,1000;0;1;1;2;0;0
48,7778;114,3746;13,0000;-3,0551;-0,1906;0,0000;0,0000;0,0000;0,0000;0,0000;-0,2382;0,7100;-2,3500;0;0,0369;27,1000;0;1;1;2;0;0
48,7917;114,3746;13,0000;-3,0312;-0,1909;0,0000;0,0000;0,0000;0,0000;0,0000;-0,2387;0,6100;-2,4300;0;0,0369;27,1000;0;1;1;2;0;0
48,8056;114,1143;13,0000;-3,0236;-0,1896;0,0000;0,0000;0,0000;0,0000;0,0000;-0,2370;1,0600;-1,9600;0;0,0375;26,6900;0;1;1;2;0;0
48,8195;114,0642;13,0000;-3,0067;-0,1898;0,0000;0,0000;0,0000;0,0000;0,0000;-0,2372;1,0700;-1,9400;0;0,0376;26,6100;0;1;1;2;0;0
48,8334;114,0140;13,0000;-2,9796;-0,1900;0,0000;0,0000;0,0000;0,0000;0,0000;-0,2375;1,0800;-1,9000;0;0,0377;26,5300;0;1;1;2;0;0
48,8473;113,9638;13,0000;-2,9433;-0,1902;0,0000;0,0000;0,0000;0,0000;0,0000;-0,2378;1,0800;-1,8600;0;0,0378;26,4600;0;1;1;2;0;0
48,8611;113,9186;13,0000;-2,8918;-0,1905;0,0000;0,0000;0,0000;0,0000;0,0000;-0,2381;1,0800;-1,8100;0;0,0379;26,3900;0;1;1;2;0;0
48,8750;113,9186;13,0000;-2,8303;-0,1905;0,0000;0,0000;0,0000;0,0000;0,0000;-0,2382;0,9900;-1,8400;0;0,0379;26,3900;0;1;1;2;0;0
48,8889;113,9186;13,0000;-2,7607;-0,1906;0,0000;0,0000;0,0000;0,0000;0,0000;-0,2382;0,9000;-1,8600;0;0,0379;26,3900;0;1;1;2;0;0
48,9028;113,9186;13,0000;-2,6860;-0,1907;0,0000;0,0000;0,0000;0,0000;0,0000;-0,2384;0,8100;-1,8800;0;0,0379;26,3900;0;1;1;2;0;0
48,9167;113,9186;13,0000;-2,6106;-0,1909;0,0000;0,0000;0,0000;0,0000;0,0000;-0,2386;0,7200;-1,8900;0;0,0379;26,3900;0;1;1;2;0;0
48,9306;113,6587;13,0000;-2,5955;-0,1893;0,0000;0,0000;0,0000;0,0000;0,0000;-0,2366;1,2000;-1,3900;0;0,0385;25,9900;0;1;1;2;0;0
48,9445;113,6086;13,0000;-2,5373;-0,1892;0,0000;0,0000;0,0000;0,0000;0,0000;-0,2365;1,2300;-1,3000;0;0,0386;25,9100;0;1;1;2;0;0
48,9584;113,5584;13,0000;-2,5204;-0,1891;0,0000;0,0000;0,0000;0,0000;0,0000;-0,2364;1,2600;-1,2600;0;0,0387;25,8400;0;1;1;2;0;0
48,9723;113,5083;13,0000;-2,5146;-0,1891;0,0000;0,0000;0,0000;0,0000;0,0000;-0,2364;1,2800;-1,2300;0;0,0388;25,7600;0;1;1;2;0;0
48,9861;113,4634;13,0000;-2,5126;-0,1891;0,0000;0,0000;0,0000;0,0000;0,0000;-0,2364;1,3000;-1,2100;0;0,0389;25,7000;0;1;1;2;0;0
49,0000;113,4634;13,0000;-2,5188;-0,1889;0,0000;0,0000;0,0000;0,0000;0,0000;-0,2361;1,2100;-1,3000;0;0,0389;25,7000;0;1;1;2;0;0
49,0139;113,4634;13,0000;-2,5342;-0,1887;0,0000;0,0000;0,0000;0,0000;0,0000;-0,2359;1,1300;-1,4000;0;0,0389;25,7000;0;1;1;2;0;0
49,0278;113,4634;12,8000;-2,5561;-0,1886;0,0000;0,0000;0,0000;0,0000;0,0000;-0,2358;1,0500;-1,5100;0;0,0389;25,7000;0;1;1;2;0;0
49,0417;113,4634;12,8000;-2,5897;-0,1886;0,0000;0,0000;0,0000;0,0000;0,0000;-0,2358;0,9600;-1,6300;0;0,0389;25,7000;0;1;1;2;0;0
49,0556;113,2047;12,8000;-2,6278;-0,1868;0,0000;0,0000;0,0000;0,0000;0,0000;-0,2335;1,4600;-1,1700;0;0,0395;25,3100;0;1;1;2;0;0
49,0695;113,1553;12,8000;-2,6759;-0,1865;0,0000;0,0000;0,0000;0,0000;0,0000;-0,2332;1,4800;-1,1900;0;0,0396;25,2400;0;1;1;2;0;0
49,0834;113,1059;12,8000;-2,6856;-0,1864;0,0000;0,0000;0,0000;0,0000;0,0000;-0,2329;1,5100;-1,1800;0;0,0397;25,1600;0;1;1;2;0;0
49,0973;113,0565;12,8000;-2,7552;-0,1862;0,0000;0,0000;0,0000;0,0000;0,0000;-0,2328;1,5300;-1,2200;0;0,0399;25,0900;0;1;1;2;0;0
49,1111;113,0073;12,8000;-2,8249;-0,1862;0,0000;0,0000;0,0000;0,0000;0,0000;-0,2328;1,5500;-1,2800;0;0,0400;25,0200;0;1;1;2;0;0
49,1250;113,0073;12,8000;-2,8812;-0,1859;0,0000;0,0000;0,0000;0,0000;0,0000;-0,2324;1,4500;-1,4300;0;0,0400;25,0200;0;1;1;2;0;0
49,1389;113,0073;12,8000;-2,9169;-0,1857;0,0000;0,0000;0,0000;0,0000;0,0000;-0,2321;1,3600;-1,5600;0;0,0400;25,0200;0;1;1;2;0;0
49,1528;113,0073;12,8000;-2,9563;-0,1856;0,0000;0,0000;0,0000;0,0000;0,0000;-0,2319;1,2600;-1,7000;0;0,0400;25,0200;0;1;1;2;0;0
49,1667;113,0073;12,8000;-3,0131;-0,1855;0,0000;0,0000;0,0000;0,0000;0,0000;-0,2319;1,1600;-1,8500;0;0,0400;25,0200;0;1;1;2;0;0
49,1806;112,7559;12,8000;-3,0634;-0,1837;0,0000;0,0000;0,0000;0,0000;0,0000;-0,2296;1,6400;-1,4200;0;0,0406;24,6600;0;1;1;2;0;0
49,1945;112,7065;12,8000;-3,1296;-0,1835;0,0000;0,0000;0,0000;0,0000;0,0000;-0,2293;1,6500;-1,4700;0;0,0407;24,5900;0;1;1;2;0;0
49,2084;112,6571;12,8000;-3,2153;-0,1833;0,0000;0,0000;0,0000;0,0000;0,0000;-0,2292;1,6600;-1,5500;0;0,0408;24,5100;0;1;1;2;0;0
49,2223;112,6077;12,8000;-3,3376;-0,1833;0,0000;0,0000;0,0000;0,0000;0,0000;-0,2291;1,6700;-1,6700;0;0,0409;24,4500;0;1;1;8;0;0
49,2361;112,5584;12,8000;-3,3620;-0,1833;0,0000;0,0000;0,0000;0,0000;0,0000;-0,2292;1,6700;-1,6900;0;0,0410;24,3800;0;1;1;8;0;0
49,2500;112,5522;12,8000;-3,5018;-0,1832;0,0000;0,0000;0,0000;0,0000;0,0000;-0,2290;1,5700;-1,9300;0;0,0410;24,3700;0;1;1;8;0;0
49,2639;112,5522;12,8000;-3,5659;-0,1831;0,0000;0,0000;0,0000;0,0000;0,0000;-0,2288;1,4600;-2,1100;0;0,0410;24,3700;0;1;1;8;0;0
49,2778;112,5522;12,8000;-3,6223;-0,1830;0,0000;0,0000;0,0000;0,0000;0,0000;-0,2288;1,3400;-2,2900;0;0,0410;24,3700;0;1;1;8;0;0
49,2917;112,5522;12,8000;-3,6935;-0,1831;0,0000;0,0000;0,0000;0,0000;0,0000;-0,2289;1,2200;-2,4800;0;0,0410;24,3700;0;1;1;8;0;0
49,3056;112,3071;12,8000;-3,7077;-0,1815;0,0000;0,0000;0,0000;0,0000;0,0000;-0,2268;1,6800;-2,0300;0;0,0416;24,0200;0;1;1;8;0;0
49,3195;112,2577;12,8000;-3,8216;-0,1814;0,0000;0,0000;0,0000;0,0000;0,0000;-0,2267;1,6700;-2,1500;0;0,0417;23,9500;0;1;1;8;0;0
49,3334;112,2083;12,8000;-3,8441;-0,1814;0,0000;0,0000;0,0000;0,0000;0,0000;-0,2267;1,6600;-2,1800;0;0,0419;23,8800;0;1;1;8;0;0
49,3473;112,1589;12,8000;-3,9444;-0,1815;0,0000;0,0000;0,0000;0,0000;0,0000;-0,2269;1,6500;-2,2900;0;0,0420;23,8200;0;1;1;8;0;0
49,3611;112,1095;12,8000;-3,9947;-0,1817;0,0000;0,0000;0,0000;0,0000;0,0000;-0,2271;1,6300;-2,3600;0;0,0421;23,7500;0;1;1;8;0;0
49,3750;112,0960;12,8000;-4,0349;-0,1817;0,0000;0,0000;0,0000;0,0000;0,0000;-0,2272;1,5300;-2,5000;0;0,0421;23,7300;0;1;1;8;0;0
49,3889;112,0960;12,8000;-4,0429;-0,1818;0,0000;0,0000;0,0000;0,0000;0,0000;-0,2272;1,4000;-2,6400;0;0,0421;23,7300;0;1;1;8;0;0
49,4028;112,0960;12,8000;-4,0874;-0,1819;0,0000;0,0000;0,0000;0,0000;0,0000;-0,2274;1,2700;-2,8200;0;0,0421;23,7300;0;1;1;8;0;0
49,4167;112,0960;12,8000;-4,1161;-0,1822;0,0000;0,0000;0,0000;0,0000;0,0000;-0,2277;1,1300;-2,9900;0;0,0421;23,7300;0;1;1;8;0;0
49,4306;111,8581;12,8000;-4,1334;-0,1807;0,0000;0,0000;0,0000;0,0000;0,0000;-0,2259;1,5800;-2,5500;0;0,0427;23,4100;0;1;1;8;0;0
49,4445;111,8087;12,8000;-4,1480;-0,1808;0,0000;0,0000;0,0000;0,0000;0,0000;-0,2260;1,5600;-2,5800;0;0,0428;23,3400;0;1;1;8;0;0
49,4584;111,7593;12,8000;-4,1559;-0,1809;0,0000;0,0000;0,0000;0,0000;0,0000;-0,2261;1,5500;-2,6100;0;0,0430;23,2700;0;1;1;8;0;0
49,4723;111,7099;12,8000;-4,1615;-0,1812;0,0000;0,0000;0,0000;0,0000;0,0000;-0,2265;1,5300;-2,6300;0;0,0431;23,2100;0;1;1;8;0;0
49,4861;111,6605;12,8000;-4,1608;-0,1815;0,0000;0,0000;0,0000;0,0000;0,0000;-0,2269;1,5100;-2,6400;0;0,0432;23,1400;0;1;1;8;0;0
49,5000;111,6410;12,8000;-4,1534;-0,1817;0,0000;0,0000;0,0000;0,0000;0,0000;-0,2272;1,4200;-2,7300;0;0,0433;23,1200;0;1;1;8;0;0
49,5139;111,6410;12,8000;-4,1339;-0,1819;0,0000;0,0000;0,0000;0,0000;0,0000;-0,2273;1,2900;-2,8500;0;0,0433;23,1200;0;1;1;8;0;0
49,5278;111,6410;12,8000;-4,1208;-0,1821;0,0000;0,0000;0,0000;0,0000;0,0000;-0,2276;1,1500;-2,9700;0;0,0433;23,1200;0;1;1;8;0;0
49,5417;111,6410;12,5000;-4,1183;-0,1824;0,0000;0,0000;0,0000;0,0000;0,0000;-0,2280;1,0200;-3,1000;0;0,0433;23,1200;0;1;1;8;0;0
49,5556;111,4102;12,5000;-4,0833;-0,1810;0,0000;0,0000;0,0000;0,0000;0,0000;-0,2262;1,4700;-2,6100;0;0,0438;22,8100;0;1;1;8;0;0
49,5695;111,3620;12,5000;-4,0652;-0,1811;0,0000;0,0000;0,0000;0,0000;0,0000;-0,2263;1,4600;-2,6000;0;0,0440;22,7500;0;1;1;8;0;0
49,5834;111,3137;12,5000;-4,0532;-0,1812;0,0000;0,0000;0,0000;0,0000;0,0000;-0,2266;1,4500;-2,6000;0;0,0441;22,6900;0;1;1;8;0;0
49,5973;111,2655;12,5000;-4,0405;-0,1815;0,0000;0,0000;0,0000;0,0000;0,0000;-0,2269;1,4400;-2,5900;0;0,0442;22,6300;0;1;1;8;0;0
49,6111;111,2173;12,5000;-4,0318;-0,1819;0,0000;0,0000;0,0000;0,0000;0,0000;-0,2273;1,4300;-2,5900;0;0,0443;22,5700;0;1;1;8;0;0
49,6250;111,1847;12,5000;-4,0256;-0,1822;0,0000;0,0000;0,0000;0,0000;0,0000;-0,2277;1,3900;-2,6400;0;0,0444;22,5200;0;1;1;8;0;0
49,6389;111,1847;12,5000;-4,0278;-0,1823;0,0000;0,0000;0,0000;0,0000;0,0000;-0,2279;1,2600;-2,7700;0;0,0444;22,5200;0;1;1;8;0;0
49,6528;111,1847;12,5000;-4,0390;-0,1825;0,0000;0,0000;0,0000;0,0000;0,0000;-0,2282;1,1300;-2,9100;0;0,0444;22,5200;0;1;1;8;0;0
49,6667;111,1847;12,5000;-4,0609;-0,1828;0,0000;0,0000;0,0000;0,0000;0,0000;-0,2285;1,0000;-3,0600;0;0,0444;22,5200;0;1;1;8;0;0
49,6806;111,1847;12,5000;-4,0792;-0,1832;0,0000;0,0000;0,0000;0,0000;0,0000;-0,2290;0,8700;-3,2100;0;0,0444;22,5200;0;1;1;8;0;0
49,6945;110,9232;12,5000;-4,0828;-0,1816;0,0000;0,0000;0,0000;0,0000;0,0000;-0,2269;1,4100;-2,6700;0;0,0451;22,1900;0;1;1;8;0;0
49,7084;110,8750;12,5000;-4,1043;-0,1817;0,0000;0,0000;0,0000;0,0000;0,0000;-0,2272;1,4000;-2,7000;0;0,0452;22,1300;0;1;1;8;0;0
49,7223;110,8267;12,5000;-4,1150;-0,1820;0,0000;0,0000;0,0000;0,0000;0,0000;-0,2275;1,4000;-2,7200;0;0,0453;22,0700;0;1;1;8;0;0
49,7361;110,7785;12,5000;-4,1200;-0,1824;0,0000;0,0000;0,0000;0,0000;0,0000;-0,2279;1,3900;-2,7300;0;0,0454;22,0200;0;1;1;8;0;0
49,7500;110,7302;12,5000;-4,1247;-0,1828;0,0000;0,0000;0,0000;0,0000;0,0000;-0,2285;1,3800;-2,7400;0;0,0455;21,9600;0;1;1;8;0;0
49,7639;110,7299;12,5000;-4,1265;-0,1830;0,0000;0,0000;0,0000;0,0000;0,0000;-0,2287;1,2500;-2,8800;0;0,0455;21,9600;0;1;1;8;0;0
49,7778;110,7299;12,5000;-4,1180;-0,1832;0,0000;0,0000;0,0000;0,0000;0,0000;-0,2290;1,1200;-3,0000;0;0,0455;21,9600;0;1;1;8;0;0
49,7917;110,7299;11,9000;-4,0964;-0,1835;0,0000;0,0000;0,0000;0,0000;0,0000;-0,2293;0,9900;-3,1100;0;0,0455;21,9600;0;1;1;8;0;0
49,8056;110,7299;11,9000;-4,0412;-0,1838;0,0000;0,0000;0,0000;0,0000;0,0000;-0,2298;0,8700;-3,1700;0;0,0455;21,9600;0;1;1;8;0;0
49,8195;110,4889;11,9000;-3,9621;-0,1822;0,0000;0,0000;0,0000;0,0000;0,0000;-0,2278;1,3800;-2,5700;0;0,0462;21,6600;0;1;1;8;0;0
49,8334;110,4430;11,9000;-3,8909;-0,1823;0,0000;0,0000;0,0000;0,0000;0,0000;-0,2279;1,3900;-2,5000;0;0,0463;21,6100;0;1;1;8;0;0
49,8473;110,3971;11,9000;-3,8766;-0,1825;0,0000;0,0000;0,0000;0,0000;0,0000;-0,2281;1,3900;-2,4800;0;0,0464;21,5500;0;1;1;8;0;0
49,8611;110,3511;11,9000;-3,7602;-0,1827;0,0000;0,0000;0,0000;0,0000;0,0000;-0,2284;1,4000;-2,3600;0;0,0465;21,5000;0;1;1;8;0;0
49,8750;110,3052;11,9000;-3,6980;-0,1830;0,0000;0,0000;0,0000;0,0000;0,0000;-0,2288;1,4000;-2,2900;0;0,0466;21,4500;0;1;1;8;0;0
49,8889;110,2734;11,9000;-3,6255;-0,1832;0,0000;0,0000;0,0000;0,0000;0,0000;-0,2290;1,3800;-2,2500;0;0,0467;21,4100;0;1;1;8;0;0
49,9028;110,2734;11,9000;-3,5728;-0,1832;0,0000;0,0000;0,0000;0,0000;0,0000;-0,2290;1,2700;-2,3000;0;0,0467;21,4100;0;1;1;8;0;0
49,9167;110,2734;11,9000;-3,5289;-0,1833;0,0000;0,0000;0,0000;0,0000;0,0000;-0,2291;1,1600;-2,3700;0;0,0467;21,4100;0;1;1;8;0;0
49,9306;110,2734;11,9000;-3,4843;-0,1834;0,0000;0,0000;0,0000;0,0000;0,0000;-0,2292;1,0500;-2,4300;0;0,0467;21,4100;0;1;1;8;0;0
49,9445;110,2734;11,9000;-3,4598;-0,1836;0,0000;0,0000;0,0000;0,0000;0,0000;-0,2294;0,9500;-2,5100;0;0,0467;21,4100;0;1;1;8;0;0
49,9584;110,0248;11,9000;-3,4300;-0,1817;0,0000;0,0000;0,0000;0,0000;0,0000;-0,2271;1,5200;-1,9100;0;0,0473;21,1200;0;1;1;8;0;0
49,9723;109,9789;11,9000;-3,4028;-0,1816;0,0000;0,0000;0,0000;0,0000;0,0000;-0,2270;1,5400;-1,8600;0;0,0475;21,0700;0;1;1;8;0;0
49,9861;109,9330;11,9000;-3,3777;-0,1816;0,0000;0,0000;0,0000;0,0000;0,0000;-0,2270;1,5600;-1,8100;0;0,0476;21,0200;0;1;1;8;0;0
50,0000;109,8870;11,9000;-3,3725;-0,1816;0,0000;0,0000;0,0000;0,0000;0,0000;-0,2270;1,5800;-1,7900;0;0,0477;20,9600;0;1;1;8;0;0
50,0139;109,8411;11,9000;-3,3312;-0,1817;0,0000;0,0000;0,0000;0,0000;0,0000;-0,2272;1,6000;-1,7300;0;0,0478;20,9100;0;1;1;8;0;0
50,0278;109,8184;11,9000;-3,2909;-0,1817;0,0000;0,0000;0,0000;0,0000;0,0000;-0,2272;1,5600;-1,7300;0;0,0479;20,8900;0;1;1;8;0;0
50,0417;109,8184;11,9000;-3,2367;-0,1815;0,0000;0,0000;0,0000;0,0000;0,0000;-0,2269;1,4600;-1,7700;0;0,0479;20,8900;0;1;1;8;0;0
50,0556;109,8184;11,9000;-3,1901;-0,1814;0,0000;0,0000;0,0000;0,0000;0,0000;-0,2268;1,3600;-1,8300;0;0,0479;20,8900;0;1;1;8;0;0
50,0695;109,8184;11,9000;-3,1257;-0,1813;0,0000;0,0000;0,0000;0,0000;0,0000;-0,2267;1,2700;-1,8600;0;0,0479;20,8900;0;1;1;8;0;0
50,0834;109,8184;11,9000;-3,0640;-0,1813;0,0000;0,0000;0,0000;0,0000;0,0000;-0,2266;1,1700;-1,8900;0;0,0479;20,8900;0;1;1;8;0;0
50,0973;109,5607;11,9000;-2,9857;-0,1790;0,0000;0,0000;0,0000;0,0000;0,0000;-0,2238;1,8000;-1,1800;0;0,0485;20,6000;0;1;1;8;0;0
50,1111;109,5148;11,9000;-2,8877;-0,1787;0,0000;0,0000;0,0000;0,0000;0,0000;-0,2233;1,8400;-1,0500;0;0,0487;20,5500;0;1;1;8;0;0
50,1250;109,4688;11,9000;-2,7955;-0,1783;0,0000;0,0000;0,0000;0,0000;0,0000;-0,2229;1,8800;-0,9100;0;0,0488;20,5000;0;1;1;8;0;0
50,1389;109,4229;11,9000;-2,7022;-0,1780;0,0000;0,0000;0,0000;0,0000;0,0000;-0,2225;1,9200;-0,7800;0;0,0489;20,4500;0;1;1;8;0;0
50,1528;109,3770;11,9000;-2,6835;-0,1777;0,0000;0,0000;0,0000;0,0000;0,0000;-0,2222;1,9700;-0,7100;0;0,0490;20,4000;0;1;1;8;0;0
50,1667;109,3622;11,9000;-2,6394;-0,1772;0,0000;0,0000;0,0000;0,0000;0,0000;-0,2215;1,9300;-0,7100;0;0,0490;20,3900;0;1;1;8;0;0
50,1806;109,3622;11,9000;-2,6370;-0,1766;0,0000;0,0000;0,0000;0,0000;0,0000;-0,2208;1,8500;-0,7900;0;0,0490;20,3900;0;1;1;8;0;0
50,1945;109,3622;11,9000;-2,6416;-0,1761;0,0000;0,0000;0,0000;0,0000;0,0000;-0,2201;1,7600;-0,8800;0;0,0490;20,3900;0;1;1;8;0;0
50,2084;109,3622;11,9000;-2,6749;-0,1756;0,0000;0,0000;0,0000;0,0000;0,0000;-0,2196;1,6800;-0,9900;0;0,0490;20,3900;0;1;1;8;0;0
50,2223;109,3622;11,9000;-2,7425;-0,1752;0,0000;0,0000;0,0000;0,0000;0,0000;-0,2191;1,6000;-1,1500;0;0,0490;20,3900;0;1;1;5;0;0
50,2361;109,0966;11,9000;-2,8699;-0,1726;0,0000;0,0000;0,0000;0,0000;0,0000;-0,2157;2,2600;-0,6000;0;0,0497;20,1100;0;1;1;5;0;0
50,2500;109,0507;11,9000;-2,9880;-0,1719;0,0000;0,0000;0,0000;0,0000;0,0000;-0,2149;2,3000;-0,6800;0;0,0498;20,0600;0;1;1;5;0;0
50,2639;109,0048;11,9000;-3,1072;-0,1714;0,0000;0,0000;0,0000;0,0000;0,0000;-0,2142;2,3400;-0,7700;0;0,0500;20,0200;0;1;1;5;0;0
50,2778;108,9589;11,9000;-3,1310;-0,1709;0,0000;0,0000;0,0000;0,0000;0,0000;-0,2136;2,3700;-0,7600;0;0,0501;19,9700;0;1;1;5;0;0
50,2917;108,9129;11,9000;-3,2425;-0,1705;0,0000;0,0000;0,0000;0,0000;0,0000;-0,2131;2,4000;-0,8400;0;0,0502;19,9200;0;1;1;5;0;0
50,3056;108,9069;11,3000;-3,3436;-0,1698;0,0000;0,0000;0,0000;0,0000;0,0000;-0,2122;2,3200;-1,0200;0;0,0502;19,9200;0;1;1;5;0;0
50,3195;108,9069;11,3000;-3,6122;-0,1692;0,0000;0,0000;0,0000;0,0000;0,0000;-0,2115;2,2100;-1,4000;0;0,0502;19,9200;0;1;1;5;0;0
50,3334;108,9069;11,3000;-3,7208;-0,1688;0,0000;0,0000;0,0000;0,0000;0,0000;-0,2110;2,1100;-1,6100;0;0,0502;19,9200;0;1;1;5;0;0
50,3473;108,9069;11,3000;-3,7442;-0,1684;0,0000;0,0000;0,0000;0,0000;0,0000;-0,2105;2,0000;-1,7500;0;0,0502;19,9200;0;1;1;5;0;0
50,3611;108,9069;11,3000;-3,8022;-0,1680;0,0000;0,0000;0,0000;0,0000;0,0000;-0,2101;1,8900;-1,9200;0;0,0502;19,9200;0;1;1;5;0;0
50,3750;108,6442;11,3000;-3,8779;-0,1654;0,0000;0,0000;0,0000;0,0000;0,0000;-0,2067;2,5400;-1,3400;0;0,0509;19,6600;0;1;1;5;0;0
50,3889;108,6006;11,3000;-3,9744;-0,1649;0,0000;0,0000;0,0000;0,0000;0,0000;-0,2061;2,5500;-1,4200;0;0,0510;19,6200;0;1;1;5;0;0
50,4028;108,5570;11,3000;-4,0931;-0,1644;0,0000;0,0000;0,0000;0,0000;0,0000;-0,2055;2,5500;-1,5300;0;0,0511;19,5700;0;1;1;5;0;0
50,4167;108,5134;11,3000;-4,1902;-0,1641;0,0000;0,0000;0,0000;0,0000;0,0000;-0,2051;2,5600;-1,6300;0;0,0512;19,5300;0;1;1;5;0;0
50,4306;108,4697;11,3000;-4,2820;-0,1638;0,0000;0,0000;0,0000;0,0000;0,0000;-0,2048;2,5600;-1,7200;0;0,0513;19,4900;0;1;1;5;0;0
50,4445;108,4511;11,3000;-4,3494;-0,1634;0,0000;0,0000;0,0000;0,0000;0,0000;-0,2043;2,4900;-1,8600;0;0,0514;19,4700;0;1;1;5;0;0
50,4584;108,4511;11,3000;-4,3629;-0,1629;0,0000;0,0000;0,0000;0,0000;0,0000;-0,2037;2,3600;-2,0000;0;0,0514;19,4700;0;1;1;5;0;0
50,4723;108,4511;11,3000;-4,4553;-0,1626;0,0000;0,0000;0,0000;0,0000;0,0000;-0,2032;2,2300;-2,2300;0;0,0514;19,4700;0;1;1;5;0;0
50,4861;108,4511;11,3000;-4,5164;-0,1623;0,0000;0,0000;0,0000;0,0000;0,0000;-0,2028;2,1000;-2,4200;0;0,0514;19,4700;0;1;1;5;0;0
50,5000;108,4511;11,3000;-4,5981;-0,1621;0,0000;0,0000;0,0000;0,0000;0,0000;-0,2026;1,9600;-2,6400;0;0,0514;19,4700;0;1;1;5;0;0
50,5139;108,2033;11,3000;-4,6682;-0,1597;0,0000;0,0000;0,0000;0,0000;0,0000;-0,1996;2,5600;-2,1000;0;0,0520;19,2400;0;1;1;5;0;0
50,5278;108,1597;11,3000;-4,7309;-0,1593;0,0000;0,0000;0,0000;0,0000;0,0000;-0,1991;2,5500;-2,1700;0;0,0521;19,2000;0;1;1;5;0;0
50,5417;108,1161;11,3000;-4,7686;-0,1590;0,0000;0,0000;0,0000;0,0000;0,0000;-0,1987;2,5400;-2,2200;0;0,0522;19,1600;0;1;1;5;0;0
50,5556;108,0725;11,3000;-4,8183;-0,1587;0,0000;0,0000;0,0000;0,0000;0,0000;-0,1984;2,5300;-2,2800;0;0,0523;19,1200;0;1;1;5;0;0
50,5695;108,0289;11,3000;-4,8696;-0,1586;0,0000;0,0000;0,0000;0,0000;0,0000;-0,1983;2,5200;-2,3400;0;0,0524;19,0800;0;1;1;5;0;0
50,5834;107,9956;11,3000;-4,9278;-0,1585;0,0000;0,0000;0,0000;0,0000;0,0000;-0,1981;2,4800;-2,4500;0;0,0525;19,0500;0;1;1;5;0;0
50,5973;107,9956;11,3000;-4,9974;-0,1582;0,0000;0,0000;0,0000;0,0000;0,0000;-0,1977;2,3300;-2,6700;0;0,0525;19,0500;0;1;1;5;0;0
50,6111;107,9956;11,3000;-5,0113;-0,1579;0,0000;0,0000;0,0000;0,0000;0,0000;-0,1974;2,1900;-2,8200;0;0,0525;19,0500;0;1;1;5;0;0
50,6250;107,9956;11,3000;-5,0811;-0,1578;0,0000;0,0000;0,0000;0,0000;0,0000;-0,1973;2,0400;-3,0400;0;0,0525;19,0500;0;1;1;5;0;0
50,6389;107,9956;11,3000;-5,1744;-0,1578;0,0000;0,0000;0,0000;0,0000;0,0000;-0,1972;1,8900;-3,2900;0;0,0525;19,0500;0;1;1;5;0;0
50,6528;107,7624;11,3000;-5,2929;-0,1556;0,0000;0,0000;0,0000;0,0000;0,0000;-0,1946;2,4400;-2,8400;0;0,0530;18,8500;0;1;1;5;0;0
50,6667;107,7188;11,3000;-5,3688;-0,1554;0,0000;0,0000;0,0000;0,0000;0,0000;-0,1943;2,4200;-2,9400;0;0,0531;18,8200;0;1;1;5;0;0
50,6806;107,6752;11,3000;-5,4375;-0,1553;0,0000;0,0000;0,0000;0,0000;0,0000;-0,1942;2,4000;-3,0400;0;0,0533;18,7800;0;1;1;5;0;0
50,6945;107,6316;11,3000;-5,4978;-0,1553;0,0000;0,0000;0,0000;0,0000;0,0000;-0,1942;2,3700;-3,1300;0;0,0534;18,7400;0;1;1;5;0;0
50,7084;107,5879;11,3000;-5,5099;-0,1555;0,0000;0,0000;0,0000;0,0000;0,0000;-0,1943;2,3400;-3,1700;0;0,0535;18,7000;0;1;1;5;0;0
50,7223;107,5443;11,3000;-5,5634;-0,1557;0,0000;0,0000;0,0000;0,0000;0,0000;-0,1946;2,3100;-3,2500;0;0,0536;18,6700;0;1;1;5;0;0
50,7361;107,5399;11,3000;-5,5902;-0,1556;0,0000;0,0000;0,0000;0,0000;0,0000;-0,1945;2,1600;-3,4300;0;0,0536;18,6600;0;1;1;5;0;0
50,7500;107,5399;11,3000;-5,6779;-0,1556;0,0000;0,0000;0,0000;0,0000;0,0000;-0,1946;2,0000;-3,6800;0;0,0536;18,6600;0;1;1;5;0;0
50,7639;107,5399;11,3000;-5,6955;-0,1558;0,0000;0,0000;0,0000;0,0000;0,0000;-0,1947;1,8300;-3,8600;0;0,0536;18,6600;0;1;1;5;0;0
50,7778;107,5399;11,3000;-5,7340;-0,1560;0,0000;0,0000;0,0000;0,0000;0,0000;-0,1950;1,6700;-4,0700;0;0,0536;18,6600;0;1;1;5;0;0
50,7917;107,5399;11,3000;-5,7780;-0,1564;0,0000;0,0000;0,0000;0,0000;0,0000;-0,1954;1,5000;-4,2800;0;0,0536;18,6600;0;1;1;5;0;0
50,8056;107,2778;11,3000;-5,8116;-0,1543;0,0000;0,0000;0,0000;0,0000;0,0000;-0,1928;2,1400;-3,6700;0;0,0542;18,4500;0;1;1;5;0;0
50,8195;107,2342;11,3000;-5,8372;-0,1544;0,0000;0,0000;0,0000;0,0000;0,0000;-0,1930;2,1100;-3,7300;0;0,0543;18,4200;0;1;1;5;0;0
50,8334;107,1906;11,3000;-5,8538;-0,1547;0,0000;0,0000;0,0000;0,0000;0,0000;-0,1933;2,0700;-3,7800;0;0,0544;18,3900;0;1;1;5;0;0
50,8473;107,1469;11,3000;-5,8640;-0,1550;0,0000;0,0000;0,0000;0,0000;0,0000;-0,1938;2,0400;-3,8300;0;0,0545;18,3500;0;1;1;5;0;0
50,8611;107,1033;11,3000;-5,8648;-0,1555;0,0000;0,0000;0,0000;0,0000;0,0000;-0,1944;2,0000;-3,8600;0;0,0546;18,3200;0;1;1;5;0;0
50,8750;107,0843;11,3000;-5,8550;-0,1558;0,0000;0,0000;0,0000;0,0000;0,0000;-0,1948;1,8900;-3,9700;0;0,0546;18,3000;0;1;1;5;0;0
50,8889;107,0843;11,3000;-5,8169;-0,1561;0,0000;0,0000;0,0000;0,0000;0,0000;-0,1951;1,7200;-4,1000;0;0,0546;18,3000;0;1;1;5;0;0
50,9028;107,0843;11,3000;-5,7526;-0,1564;0,0000;0,0000;0,0000;0,0000;0,0000;-0,1955;1,5500;-4,2000;0;0,0546;18,3000;0;1;1;5;0;0
50,9167;107,0843;11,3000;-5,6626;-0,1568;0,0000;0,0000;0,0000;0,0000;0,0000;-0,1960;1,3900;-4,2700;0;0,0546;18,3000;0;1;1;5;0;0
50,9306;107,0843;11,3000;-5,5916;-0,1572;0,0000;0,0000;0,0000;0,0000;0,0000;-0,1966;1,2300;-4,3700;0;0,0546;18,3000;0;1;1;5;0;0
50,9445;106,8367;11,3000;-5,5224;-0,1553;0,0000;0,0000;0,0000;0,0000;0,0000;-0,1942;1,8500;-3,6700;0;0,0552;18,1200;0;1;1;5;0;0
50,9584;106,7931;11,3000;-5,4341;-0,1555;0,0000;0,0000;0,0000;0,0000;0,0000;-0,1944;1,8300;-3,6000;0;0,0553;18,0900;0;1;1;5;0;0
50,9723;106,7495;11,3000;-5,3462;-0,1558;0,0000;0,0000;0,0000;0,0000;0,0000;-0,1948;1,8100;-3,5300;0;0,0554;18,0600;0;1;1;5;0;0
50,9861;106,7059;11,3000;-5,2682;-0,1561;0,0000;0,0000;0,0000;0,0000;0,0000;-0,1952;1,7900;-3,4700;0;0,0555;18,0300;0;1;1;5;0;0
51,0000;106,6622;11,3000;-5,2044;-0,1566;0,0000;0,0000;0,0000;0,0000;0,0000;-0,1957;1,7800;-3,4200;0;0,0556;17,9900;0;1;1;5;0;0
51,0139;106,6287;11,3000;-5,1639;-0,1570;0,0000;0,0000;0,0000;0,0000;0,0000;-0,1962;1,7400;-3,4300;0;0,0556;17,9700;0;1;1;5;0;0
51,0278;106,6287;11,3000;-5,1166;-0,1571;0,0000;0,0000;0,0000;0,0000;0,0000;-0,1964;1,5900;-3,5300;0;0,0556;17,9700;0;1;1;5;0;0
51,0417;106,6287;11,9000;-5,0884;-0,1574;0,0000;0,0000;0,0000;0,0000;0,0000;-0,1968;1,4300;-3,6600;0;0,0556;17,9700;0;1;1;5;0;0
51,0556;106,6287;11,9000;-5,0702;-0,1578;0,0000;0,0000;0,0000;0,0000;0,0000;-0,1972;1,2800;-3,7900;0;0,0556;17,9700;0;1;1;5;0;0
51,0695;106,6287;11,9000;-5,0608;-0,1582;0,0000;0,0000;0,0000;0,0000;0,0000;-0,1977;1,1200;-3,9400;0;0,0556;17,9700;0;1;1;5;0;0
51,0834;106,3886;11,9000;-5,0490;-0,1563;0,0000;0,0000;0,0000;0,0000;0,0000;-0,1954;1,7400;-3,3000;0;0,0562;17,8100;0;1;1;5;0;0
51,0973;106,3427;11,9000;-5,0448;-0,1565;0,0000;0,0000;0,0000;0,0000;0,0000;-0,1956;1,7300;-3,3100;0;0,0562;17,7800;0;1;1;5;0;0
51,1111;106,2967;11,9000;-5,0395;-0,1567;0,0000;0,0000;0,0000;0,0000;0,0000;-0,1959;1,7300;-3,3100;0;0,0563;17,7500;0;1;1;5;0;0
51,1250;106,2508;11,9000;-5,0346;-0,1571;0,0000;0,0000;0,0000;0,0000;0,0000;-0,1963;1,7200;-3,3100;0;0,0564;17,7200;0;1;1;5;0;0
51,1389;106,2049;11,9000;-5,0321;-0,1575;0,0000;0,0000;0,0000;0,0000;0,0000;-0,1969;1,7200;-3,3100;0;0,0565;17,6900;0;1;1;5;0;0
51,1528;106,1730;11,9000;-5,0274;-0,1580;0,0000;0,0000;0,0000;0,0000;0,0000;-0,1974;1,6600;-3,3600;0;0,0566;17,6700;0;1;1;5;0;0
51,1667;106,1730;11,9000;-5,0254;-0,1581;0,0000;0,0000;0,0000;0,0000;0,0000;-0,1977;1,5100;-3,5100;0;0,0566;17,6700;0;1;1;5;0;0
51,1806;106,1730;11,9000;-5,0207;-0,1584;0,0000;0,0000;0,0000;0,0000;0,0000;-0,1980;1,3600;-3,6600;0;0,0566;17,6700;0;1;1;5;0;0
51,1945;106,1730;11,9000;-5,0134;-0,1588;0,0000;0,0000;0,0000;0,0000;0,0000;-0,1985;1,2000;-3,8100;0;0,0566;17,6700;0;1;1;5;0;0
51,2084;106,1730;11,9000;-5,0099;-0,1593;0,0000;0,0000;0,0000;0,0000;0,0000;-0,1991;1,0500;-3,9600;0;0,0566;17,6700;0;1;1;5;0;0
51,2223;105,9242;11,9000;-5,0039;-0,1573;0,0000;0,0000;0,0000;0,0000;0,0000;-0,1967;1,7100;-3,2900;0;0,0571;17,5200;0;1;1;5;0;0
51,2361;105,8782;11,9000;-5,0007;-0,1575;0,0000;0,0000;0,0000;0,0000;0,0000;-0,1969;1,7100;-3,2900;0;0,0572;17,4900;0;1;1;9;0;0
51,2500;105,8323;11,9000;-4,9949;-0,1578;0,0000;0,0000;0,0000;0,0000;0,0000;-0,1973;1,7000;-3,2900;0;0,0573;17,4600;0;1;1;9;0;0
51,2639;105,7864;11,9000;-4,9827;-0,1582;0,0000;0,0000;0,0000;0,0000;0,0000;-0,1977;1,7000;-3,2800;0;0,0574;17,4300;0;1;1;9;0;0
51,2778;105,7404;11,9000;-4,9567;-0,1587;0,0000;0,0000;0,0000;0,0000;0,0000;-0,1983;1,7000;-3,2500;0;0,0574;17,4100;0;1;1;9;0;0
51,2917;105,7175;11,9000;-4,8943;-0,1590;0,0000;0,0000;0,0000;0,0000;0,0000;-0,1987;1,6300;-3,2700;0;0,0575;17,3900;0;1;1;9;0;0
51,3056;105,7175;11,9000;-4,8049;-0,1592;0,0000;0,0000;0,0000;0,0000;0,0000;-0,1989;1,4800;-3,3300;0;0,0575;17,3900;0;1;1;9;0;0
51,3195;105,7175;11,9000;-4,6744;-0,1594;0,0000;0,0000;0,0000;0,0000;0,0000;-0,1992;1,3400;-3,3400;0;0,0575;17,3900;0;1;1;9;0;0
51,3334;105,7175;11,9000;-4,5410;-0,1596;0,0000;0,0000;0,0000;0,0000;0,0000;-0,1995;1,2000;-3,3400;0;0,0575;17,3900;0;1;1;9;0;0
51,3473;105,7175;11,9000;-4,4047;-0,1600;0,0000;0,0000;0,0000;0,0000;0,0000;-0,2000;1,0600;-3,3400;0;0,0575;17,3900;0;1;1;9;0;0
51,3611;105,4597;11,9000;-4,2996;-0,1576;0,0000;0,0000;0,0000;0,0000;0,0000;-0,1971;1,7900;-2,5100;0;0,0580;17,2600;0;1;1;9;0;0
51,3750;105,4137;11,9000;-4,2119;-0,1576;0,0000;0,0000;0,0000;0,0000;0,0000;-0,1970;1,8100;-2,4000;0;0,0580;17,2300;0;1;1;9;0;0
51,3889;105,3678;11,9000;-4,1162;-0,1576;0,0000;0,0000;0,0000;0,0000;0,0000;-0,1971;1,8400;-2,2800;0;0,0581;17,2100;0;1;1;9;0;0
51,4028;105,3219;11,9000;-4,0373;-0,1577;0,0000;0,0000;0,0000;0,0000;0,0000;-0,1972;1,8700;-2,1700;0;0,0582;17,1800;0;1;1;9;0;0
51,4167;105,2760;11,9000;-3,9522;-0,1579;0,0000;0,0000;0,0000;0,0000;0,0000;-0,1973;1,9000;-2,0500;0;0,0583;17,1600;0;1;1;9;0;0
51,4306;105,2619;11,9000;-3,8924;-0,1577;0,0000;0,0000;0,0000;0,0000;0,0000;-0,1972;1,8200;-2,0700;0;0,0583;17,1500;0;1;1;9;0;0
51,4445;105,2619;11,9000;-3,8597;-0,1575;0,0000;0,0000;0,0000;0,0000;0,0000;-0,1969;1,7100;-2,1500;0;0,0583;17,1500;0;1;1;9;0;0
51,4584;105,2619;11,9000;-3,8493;-0,1574;0,0000;0,0000;0,0000;0,0000;0,0000;-0,1967;1,5900;-2,2600;0;0,0583;17,1500;0;1;1;9;0;0
51,4723;105,2619;11,9000;-3,8429;-0,1573;0,0000;0,0000;0,0000;0,0000;0,0000;-0,1967;1,4700;-2,3700;0;0,0583;17,1500;0;1;1;9;0;0
51,4861;105,2619;11,9000;-3,8420;-0,1574;0,0000;0,0000;0,0000;0,0000;0,0000;-0,1967;1,3500;-2,4900;0;0,0583;17,1500;0;1;1;9;0;0
51,5000;104,9952;11,9000;-3,8514;-0,1546;0,0000;0,0000;0,0000;0,0000;0,0000;-0,1933;2,1300;-1,7100;0;0,0587;17,0300;0;1;1;9;0;0
51,5139;104,9493;11,9000;-3,8888;-0,1543;0,0000;0,0000;0,0000;0,0000;0,0000;-0,1929;2,1700;-1,7200;0;0,0588;17,0100;0;1;1;9;0;0
51,5278;104,9033;12,6000;-3,9443;-0,1542;0,0000;0,0000;0,0000;0,0000;0,0000;-0,1927;2,1900;-1,7500;0;0,0589;16,9900;0;1;1;9;0;0
51,5417;104,8547;12,6000;-4,0606;-0,1540;0,0000;0,0000;0,0000;0,0000;0,0000;-0,1925;2,2300;-1,8300;0;0,0590;16,9600;0;1;1;9;0;0
51,5556;104,8063;12,6000;-4,1676;-0,1540;0,0000;0,0000;0,0000;0,0000;0,0000;-0,1925;2,2500;-1,9100;0;0,0590;16,9400;0;1;1;9;0;0
51,5695;104,8063;12,6000;-4,2719;-0,1536;0,0000;0,0000;0,0000;0,0000;0,0000;-0,1920;2,1200;-2,1600;0;0,0590;16,9400;0;1;1;9;0;0
51,5834;104,8063;12,6000;-4,3673;-0,1533;0,0000;0,0000;0,0000;0,0000;0,0000;-0,1917;1,9700;-2,3900;0;0,0590;16,9400;0;1;1;9;0;0
51,5973;104,8063;12,6000;-4,4804;-0,1532;0,0000;0,0000;0,0000;0,0000;0,0000;-0,1915;1,8300;-2,6500;0;0,0590;16,9400;0;1;1;9;0;0
51,6111;104,8063;12,6000;-4,5904;-0,1532;0,0000;0,0000;0,0000;0,0000;0,0000;-0,1914;1,6800;-2,9100;0;0,0590;16,9400;0;1;1;9;0;0
51,6250;104,5578;12,6000;-4,6993;-0,1506;0,0000;0,0000;0,0000;0,0000;0,0000;-0,1882;2,3700;-2,3200;0;0,0594;16,8400;0;1;1;9;0;0
51,6389;104,5091;12,6000;-4,7571;-0,1503;0,0000;0,0000;0,0000;0,0000;0,0000;-0,1879;2,3800;-2,3700;0;0,0594;16,8200;0;1;1;9;0;0
51,6528;104,4605;12,6000;-4,7721;-0,1501;0,0000;0,0000;0,0000;0,0000;0,0000;-0,1876;2,3900;-2,3700;0;0,0595;16,8000;0;1;1;9;0;0
51,6667;104,4119;12,6000;-4,7802;-0,1500;0,0000;0,0000;0,0000;0,0000;0,0000;-0,1875;2,4000;-2,3700;0;0,0596;16,7800;0;1;1;9;0;0
51,6806;104,3632;12,6000;-4,8149;-0,1500;0,0000;0,0000;0,0000;0,0000;0,0000;-0,1876;2,4100;-2,4000;0;0,0596;16,7700;0;1;1;9;0;0
51,6945;104,3507;12,6000;-4,8409;-0,1498;0,0000;0,0000;0,0000;0,0000;0,0000;-0,1872;2,3000;-2,5400;0;0,0597;16,7600;0;1;1;9;0;0
51,7084;104,3507;12,6000;-4,8821;-0,1495;0,0000;0,0000;0,0000;0,0000;0,0000;-0,1869;2,1400;-2,7400;0;0,0597;16,7600;0;1;1;9;0;0
51,7223;104,3507;12,6000;-4,9428;-0,1494;0,0000;0,0000;0,0000;0,0000;0,0000;-0,1867;1,9800;-2,9600;0;0,0597;16,7600;0;1;1;9;0;0
51,7361;104,3507;12,6000;-4,9976;-0,1493;0,0000;0,0000;0,0000;0,0000;0,0000;-0,1867;1,8200;-3,1800;0;0,0597;16,7600;0;1;1;9;0;0
51,7500;104,1150;12,6000;-5,0518;-0,1469;0,0000;0,0000;0,0000;0,0000;0,0000;-0,1836;2,4600;-2,5800;0;0,0599;16,6800;0;1;1;9;0;0
51,7639;104,0664;12,6000;-5,0954;-0,1466;0,0000;0,0000;0,0000;0,0000;0,0000;-0,1832;2,4700;-2,6300;0;0,0600;16,6700;0;1;1;9;0;0
51,7778;104,0177;12,6000;-5,1107;-0,1464;0,0000;0,0000;0,0000;0,0000;0,0000;-0,1830;2,4700;-2,6400;0;0,0601;16,6500;0;1;1;9;0;0
51,7917;103,9691;12,6000;-5,1317;-0,1463;0,0000;0,0000;0,0000;0,0000;0,0000;-0,1829;2,4700;-2,6600;0;0,0601;16,6400;0;1;1;9;0;0
51,8056;103,9204;12,6000;-5,1513;-0,1463;0,0000;0,0000;0,0000;0,0000;0,0000;-0,1829;2,4700;-2,6800;0;0,0602;16,6200;0;1;1;9;0;0
51,8195;103,8951;12,6000;-5,1772;-0,1462;0,0000;0,0000;0,0000;0,0000;0,0000;-0,1828;2,3900;-2,7900;0;0,0602;16,6100;0;1;1;9;0;0
51,8334;103,8951;12,6000;-5,2029;-0,1460;0,0000;0,0000;0,0000;0,0000;0,0000;-0,1825;2,2200;-2,9800;0;0,0602;16,6100;0;1;1;9;0;0
51,8473;103,8951;12,6000;-5,2193;-0,1459;0,0000;0,0000;0,0000;0,0000;0,0000;-0,1823;2,0500;-3,1700;0;0,0602;16,6100;0;1;1;9;0;0
51,8611;103,8951;12,6000;-5,2365;-0,1459;0,0000;0,0000;0,0000;0,0000;0,0000;-0,1823;1,8800;-3,3600;0;0,0602;16,6100;0;1;1;9;0;0
51,8750;103,8951;12,6000;-5,2544;-0,1460;0,0000;0,0000;0,0000;0,0000;0,0000;-0,1824;1,7100;-3,5400;0;0,0602;16,6100;0;1;1;9;0;0
51,8889;103,6236;12,6000;-5,2746;-0,1432;0,0000;0,0000;0,0000;0,0000;0,0000;-0,1790;2,4800;-2,7900;0;0,0604;16,5400;0;1;1;9;0;0
51,9028;103,5750;12,6000;-5,3046;-0,1430;0,0000;0,0000;0,0000;0,0000;0,0000;-0,1788;2,4800;-2,8200;0;0,0605;16,5300;0;1;1;9;0;0
51,9167;103,5263;12,6000;-5,3358;-0,1430;0,0000;0,0000;0,0000;0,0000;0,0000;-0,1787;2,4700;-2,8600;0;0,0605;16,5200;0;1;1;9;0;0
51,9306;103,4777;12,6000;-5,3585;-0,1430;0,0000;0,0000;0,0000;0,0000;0,0000;-0,1788;2,4700;-2,8900;0;0,0606;16,5100;0;1;1;9;0;0
51,9445;103,4395;12,6000;-5,3786;-0,1431;0,0000;0,0000;0,0000;0,0000;0,0000;-0,1789;2,4200;-2,9500;0;0,0606;16,5000;0;1;1;9;0;0
51,9584;103,4395;12,6000;-5,3971;-0,1429;0,0000;0,0000;0,0000;0,0000;0,0000;-0,1786;2,2500;-3,1500;0;0,0606;16,5000;0;1;1;9;0;0
51,9723;103,4395;12,6000;-5,4110;-0,1428;0,0000;0,0000;0,0000;0,0000;0,0000;-0,1785;2,0700;-3,3400;0;0,0606;16,5000;0;1;1;9;0;0
51,9861;103,4395;12,6000;-5,4164;-0,1428;0,0000;0,0000;0,0000;0,0000;0,0000;-0,1785;1,9000;-3,5200;0;0,0606;16,5000;0;1;1;9;0;0
52,0000;103,4395;12,6000;-5,4153;-0,1429;0,0000;0,0000;0,0000;0,0000;0,0000;-0,1787;1,7200;-3,6900;0;0,0606;16,5000;0;1;1;9;0;0
52,0139;103,1809;12,6000;-5,4034;-0,1403;0,0000;0,0000;0,0000;0,0000;0,0000;-0,1754;2,4500;-2,9500;0;0,0608;16,4500;0;1;1;9;0;0
52,0278;103,1323;12,6000;-5,3860;-0,1402;0,0000;0,0000;0,0000;0,0000;0,0000;-0,1752;2,4400;-2,9400;0;0,0608;16,4400;0;1;1;9;0;0
52,0417;103,0837;13,2000;-5,3644;-0,1402;0,0000;0,0000;0,0000;0,0000;0,0000;-0,1752;2,4300;-2,9300;0;0,0609;16,4300;0;1;1;9;0;0
52,0556;103,0327;13,2000;-5,3248;-0,1402;0,0000;0,0000;0,0000;0,0000;0,0000;-0,1753;2,4300;-2,8900;0;0,0609;16,4200;0;1;1;9;0;0
52,0695;102,9840;13,2000;-5,2805;-0,1404;0,0000;0,0000;0,0000;0,0000;0,0000;-0,1755;2,4200;-2,8600;0;0,0609;16,4100;0;1;1;9;0;0
52,0834;102,9840;13,2000;-5,2188;-0,1401;0,0000;0,0000;0,0000;0,0000;0,0000;-0,1752;2,2400;-2,9800;0;0,0609;16,4100;0;1;1;9;0;0
52,0973;102,9840;13,2000;-5,1636;-0,1400;0,0000;0,0000;0,0000;0,0000;0,0000;-0,1750;2,0600;-3,1000;0;0,0609;16,4100;0;1;1;9;0;0
52,1111;102,9840;13,2000;-5,0969;-0,1399;0,0000;0,0000;0,0000;0,0000;0,0000;-0,1749;1,8900;-3,2100;0;0,0609;16,4100;0;1;1;9;0;0
52,1250;102,9840;13,2000;-5,0387;-0,1400;0,0000;0,0000;0,0000;0,0000;0,0000;-0,1749;1,7200;-3,3200;0;0,0609;16,4100;0;1;1;9;0;0
52,1389;102,7221;13,2000;-4,9700;-0,1372;0,0000;0,0000;0,0000;0,0000;0,0000;-0,1715;2,4700;-2,5000;0;0,0610;16,3900;0;1;1;9;0;0
52,1528;102,6712;13,2000;-4,9016;-0,1369;0,0000;0,0000;0,0000;0,0000;0,0000;-0,1711;2,4800;-2,4200;0;0,0611;16,3800;0;1;1;9;0;0
52,1667;102,6202;13,2000;-4,8428;-0,1367;0,0000;0,0000;0,0000;0,0000;0,0000;-0,1708;2,4900;-2,3400;0;0,0611;16,3700;0;1;1;9;0;0
52,1806;102,5693;13,2000;-4,7905;-0,1366;0,0000;0,0000;0,0000;0,0000;0,0000;-0,1707;2,5100;-2,2800;0;0,0611;16,3700;0;1;1;9;0;0
52,1945;102,5282;13,2000;-4,7084;-0,1364;0,0000;0,0000;0,0000;0,0000;0,0000;-0,1705;2,4900;-2,2100;0;0,0611;16,3600;0;1;1;9;0;0
52,2084;102,5282;13,2000;-4,6297;-0,1359;0,0000;0,0000;0,0000;0,0000;0,0000;-0,1699;2,3400;-2,2900;0;0,0611;16,3600;0;1;1;9;0;0
52,2223;102,5282;13,2000;-4,5415;-0,1355;0,0000;0,0000;0,0000;0,0000;0,0000;-0,1694;2,1800;-2,3600;0;0,0611;16,3600;0;1;1;9;0;0
52,2361;102,5282;13,2000;-4,4834;-0,1352;0,0000;0,0000;0,0000;0,0000;0,0000;-0,1690;2,0300;-2,4500;0;0,0611;16,3600;0;1;1;4;0;0
52,2500;102,5282;13,2000;-4,4432;-0,1350;0,0000;0,0000;0,0000;0,0000;0,0000;-0,1688;1,8800;-2,5600;0;0,0611;16,3600;0;1;1;4;0;0
52,2639;102,2589;13,2000;-4,4233;-0,1319;0,0000;0,0000;0,0000;0,0000;0,0000;-0,1649;2,6700;-1,7400;0;0,0611;16,3500;0;1;1;4;0;0
52,2778;102,2080;13,2000;-4,4028;-0,1313;0,0000;0,0000;0,0000;0,0000;0,0000;-0,1641;2,7000;-1,7000;0;0,0612;16,3500;0;1;1;4;0;0
52,2917;102,1570;13,6000;-4,3858;-0,1309;0,0000;0,0000;0,0000;0,0000;0,0000;-0,1636;2,7300;-1,6500;0;0,0612;16,3500;0;1;1;4;0;0
52,3056;102,1045;13,6000;-4,3725;-0,1305;0,0000;0,0000;0,0000;0,0000;0,0000;-0,1631;2,7600;-1,6100;0;0,0612;16,3500;0;1;1;4;0;0
52,3195;102,0729;13,6000;-4,3647;-0,1300;0,0000;0,0000;0,0000;0,0000;0,0000;-0,1625;2,7200;-1,6500;0;0,0612;16,3500;0;1;1;4;0;0
52,3334;102,0729;13,6000;-4,3623;-0,1292;0,0000;0,0000;0,0000;0,0000;0,0000;-0,1615;2,5600;-1,8000;0;0,0612;16,3500;0;1;1;4;0;0
52,3473;102,0729;13,6000;-4,3623;-0,1286;0,0000;0,0000;0,0000;0,0000;0,0000;-0,1607;2,4100;-1,9500;0;0,0612;16,3500;0;1;1;4;0;0
52,3611;102,0729;13,6000;-4,3653;-0,1281;0,0000;0,0000;0,0000;0,0000;0,0000;-0,1601;2,2600;-2,1100;0;0,0612;16,3500;0;1;1;4;0;0
52,3750;101,8376;13,6000;-4,3702;-0,1250;0,0000;0,0000;0,0000;0,0000;0,0000;-0,1563;2,9300;-1,4300;0;0,0611;16,3500;0;1;1;4;0;0
52,3889;101,7852;13,6000;-4,3780;-0,1242;0,0000;0,0000;0,0000;0,0000;0,0000;-0,1552;2,9600;-1,4100;0;0,0611;16,3600;0;1;1;4;0;0
52,4028;101,7327;13,6000;-4,3797;-0,1234;0,0000;0,0000;0,0000;0,0000;0,0000;-0,1542;2,9900;-1,3800;0;0,0611;16,3600;0;1;1;4;0;0
52,4167;101,6802;13,6000;-4,3804;-0,1227;0,0000;0,0000;0,0000;0,0000;0,0000;-0,1534;3,0200;-1,3500;0;0,0611;16,3600;0;1;1;4;0;0
52,4306;101,6277;13,6000;-4,3857;-0,1222;0,0000;0,0000;0,0000;0,0000;0,0000;-0,1527;3,0500;-1,3300;0;0,0611;16,3600;0;1;1;4;0;0
52,4445;101,6168;13,6000;-4,3917;-0,1213;0,0000;0,0000;0,0000;0,0000;0,0000;-0,1516;2,9400;-1,4500;0;0,0611;16,3600;0;1;1;4;0;0
52,4584;101,6168;13,6000;-4,3997;-0,1204;0,0000;0,0000;0,0000;0,0000;0,0000;-0,1504;2,7900;-1,6100;0;0,0611;16,3600;0;1;1;4;0;0
52,4723;101,6168;13,6000;-4,4027;-0,1196;0,0000;0,0000;0,0000;0,0000;0,0000;-0,1495;2,6300;-1,7700;0;0,0611;16,3600;0;1;1;4;0;0
52,4861;101,6168;13,6000;-4,4047;-0,1189;0,0000;0,0000;0,0000;0,0000;0,0000;-0,1486;2,4800;-1,9300;0;0,0611;16,3600;0;1;1;4;0;0
52,5000;101,3612;13,6000;-4,4204;-0,1155;0,0000;0,0000;0,0000;0,0000;0,0000;-0,1444;3,2200;-1,2000;0;0,0610;16,3900;0;1;1;4;0;0
52,5139;101,3087;13,6000;-4,4522;-0,1145;0,0000;0,0000;0,0000;0,0000;0,0000;-0,1432;3,2400;-1,2000;0;0,0610;16,3900;0;1;1;4;0;0
52,5278;101,2562;13,6000;-4,5074;-0,1136;0,0000;0,0000;0,0000;0,0000;0,0000;-0,1420;3,2700;-1,2300;0;0,0610;16,4000;0;1;1;4;0;0
52,5417;101,2037;13,6000;-4,5841;-0,1129;0,0000;0,0000;0,0000;0,0000;0,0000;-0,1411;3,2900;-1,2800;0;0,0610;16,4100;0;1;1;4;0;0
52,5556;101,1619;13,6000;-4,6265;-0,1121;0,0000;0,0000;0,0000;0,0000;0,0000;-0,1402;3,2800;-1,3500;0;0,0609;16,4100;0;1;1;4;0;0
52,5695;101,1619;13,6000;-4,6618;-0,1110;0,0000;0,0000;0,0000;0,0000;0,0000;-0,1388;3,1200;-1,5500;0;0,0609;16,4100;0;1;1;4;0;0
52,5834;101,1619;13,6000;-4,6898;-0,1101;0,0000;0,0000;0,0000;0,0000;0,0000;-0,1376;2,9500;-1,7400;0;0,0609;16,4100;0;1;1;4;0;0
52,5973;101,1619;13,6000;-4,7079;-0,1093;0,0000;0,0000;0,0000;0,0000;0,0000;-0,1366;2,7900;-1,9200;0;0,0609;16,4100;0;1;1;4;0;0
52,6111;101,1619;13,6000;-4,7228;-0,1086;0,0000;0,0000;0,0000;0,0000;0,0000;-0,1357;2,6200;-2,1000;0;0,0609;16,4100;0;1;1;4;0;0
52,6250;100,8850;13,6000;-4,7277;-0,1049;0,0000;0,0000;0,0000;0,0000;0,0000;-0,1312;3,4200;-1,3000;0;0,0608;16,4600;0;1;1;4;0;0
52,6389;100,8326;13,6000;-4,7153;-0,1039;0,0000;0,0000;0,0000;0,0000;0,0000;-0,1299;3,4400;-1,2700;0;0,0607;16,4700;0;1;1;4;0;0
52,6528;100,7801;13,6000;-4,6603;-0,1030;0,0000;0,0000;0,0000;0,0000;0,0000;-0,1287;3,4600;-1,2000;0;0,0607;16,4800;0;1;1;4;0;0
52,6667;100,7276;13,6000;-4,5736;-0,1021;0,0000;0,0000;0,0000;0,0000;0,0000;-0,1276;3,4800;-1,0900;0;0,0606;16,4900;0;1;1;4;0;0
52,6806;100,7053;13,6000;-4,4671;-0,1010;0,0000;0,0000;0,0000;0,0000;0,0000;-0,1263;3,4000;-1,0600;0;0,0606;16,4900;0;1;1;4;0;0
52,6945;100,7053;13,6000;-4,3826;-0,0998;0,0000;0,0000;0,0000;0,0000;0,0000;-0,1247;3,2500;-1,1300;0;0,0606;16,4900;0;1;1;4;0;0
52,7084;100,7053;13,6000;-4,3123;-0,0987;0,0000;0,0000;0,0000;0,0000;0,0000;-0,1233;3,1000;-1,2100;0;0,0606;16,4900;0;1;1;4;0;0
52,7223;100,7053;13,6000;-4,2404;-0,0976;0,0000;0,0000;0,0000;0,0000;0,0000;-0,1221;2,9500;-1,2900;0;0,0606;16,4900;0;1;1;4;0;0
52,7361;100,4632;13,6000;-4,1371;-0,0963;0,0000;0,0000;0,0000;0,0000;0,0000;-0,1204;2,8600;-1,2800;0;0,0283;35,3200;0;1;1;4;0;0
52,7500;100,4108;13,6000;-4,0699;-0,0954;0,0000;0,0000;0,0000;0,0000;0,0000;-0,1192;2,7300;-1,3400;0;0,0213;46,9300;0;1;1;4;0;0
52,7639;100,3583;13,6000;-4,0098;-0,0945;0,0000;0,0000;0,0000;0,0000;0,0000;-0,1182;2,6000;-1,4100;0;0,0143;0,0000;0;1;1;4;0;0
52,7778;100,3058;13,6000;-3,9672;-0,0938;0,0000;0,0000;0,0000;0,0000;0,0000;-0,1172;2,4700;-1,4900;0;0,0073;0,0000;0;1;1;4;0;0
52,7917;100,2533;13,6000;-3,9090;-0,0930;0,0000;0,0000;0,0000;0,0000;0,0000;-0,1163;2,3500;-1,5600;0;0,0003;0,0000;0;1;1;4;0;0
52,8056;100,2512;13,6000;-3,8546;-0,0924;0,0000;0,0000;0,0000;0,0000;0,0000;-0,1155;2,2100;-1,6400;0;0,0000;0,0000;0;1;1;4;0;0
52,8195;100,2512;13,6000;-3,7902;-0,0919;0,0000;0,0000;0,0000;0,0000;0,0000;-0,1149;2,0800;-1,7100;0;0,0000;0,0000;0;1;1;4;0;0
52,8334;100,2512;13,6000;-3,7541;-0,0914;0,0000;0,0000;0,0000;0,0000;0,0000;-0,1143;1,9500;-1,8100;0;0,0000;0,0000;0;1;1;4;0;0
52,8473;100,2512;13,6000;-3,7103;-0,0911;0,0000;0,0000;0,0000;0,0000;0,0000;-0,1138;1,8200;-1,8900;0;0,0000;0,0000;0;1;1;4;0;0
52,8611;99,9909;13,6000;-3,6694;-0,0908;0,0000;0,0000;0,0000;0,0000;0,0000;-0,1135;1,6900;-1,9800;0;0,0001;0,0000;0;1;1;4;0;0
52,8750;99,9385;13,6000;-3,6250;-0,0906;0,0000;0,0000;0,0000;0,0000;0,0000;-0,1132;1,5600;-2,0600;0;0,0001;0,0000;0;1;1;4;0;0
52,8889;99,8860;13,6000;-3,5895;-0,0905;0,0000;0,0000;0,0000;0,0000;0,0000;-0,1131;1,4400;-2,1500;0;0,0001;0,0000;0;1;1;4;0;0
52,9028;99,8335;13,6000;-3,5306;-0,0904;0,0000;0,0000;0,0000;0,0000;0,0000;-0,1130;1,3100;-2,2200;1;0,0001;0,0000;0;1;1;4;0;0
52,9167;99,8022;13,6000;-3,4432;-0,0904;0,0000;0,0000;0,0000;0,0000;0,0000;-0,1130;1,1900;-2,2500;1;0,0001;0,0000;0;1;1;4;0;0
52,9306;99,8022;13,6000;-3,3432;-0,0905;0,0000;0,0000;0,0000;0,0000;0,0000;-0,1131;1,0700;-2,2700;1;0,0001;0,0000;0;1;1;4;0;0
52,9445;99,8022;13,6000;-3,2313;-0,0906;0,0000;0,0000;0,0000;0,0000;0,0000;-0,1133;0,9600;-2,2700;1;0,0001;0,0000;0;1;1;4;0;0
52,9584;99,8022;13,6000;-3,1306;-0,0908;0,0000;0,0000;0,0000;0,0000;0,0000;-0,1135;0,8500;-2,2800;1;0,0001;0,0000;0;1;1;4;0;0
52,9723;99,5711;13,6000;-3,0342;-0,0911;0,0000;0,0000;0,0000;0,0000;0,0000;-0,1138;0,7400;-2,2900;1;0,0001;0,0000;0;1;1;4;0;0
52,9861;99,5186;13,6000;-2,9073;-0,0914;0,0000;0,0000;0,0000;0,0000;0,0000;-0,1142;0,6400;-2,2600;1;0,0001;0,0000;0;1;1;4;0;0
53,0000;99,4661;13,6000;-2,8336;-0,0917;0,0000;0,0000;0,0000;0,0000;0,0000;-0,1146;0,5400;-2,2900;1;0,0000;0,0000;0;1;1;4;0;0
53,0139;99,4137;13,6000;-2,7444;-0,0921;0,0000;0,0000;0,0000;0,0000;0,0000;-0,1151;0,4500;-2,3000;1;0,0000;0,0000;0;1;1;4;0;0
53,0278;99,3612;13,6000;-2,6301;-0,0925;0,0000;0,0000;0,0000;0,0000;0,0000;-0,1156;0,3600;-2,2700;1;0,0000;0,0000;0;1;1;4;0;0
53,0417;99,3456;13,6000;-2,5552;-0,0930;0,0000;0,0000;0,0000;0,0000;0,0000;-0,1162;0,2700;-2,2900;1;0,0000;0,0000;0;1;1;4;0;0
53,0556;99,3456;13,6000;-2,4852;-0,0935;0,0000;0,0000;0,0000;0,0000;0,0000;-0,1168;0,1800;-2,3100;1;0,0000;0,0000;0;1;1;4;0;0
53,0695;99,3456;13,6000;-2,4125;-0,0940;0,0000;0,0000;0,0000;0,0000;0,0000;-0,1175;0,0900;-2,3200;1;0,0000;0,0000;0;1;1;4;0;0
53,0834;99,3456;13,6000;-2,3759;-0,0947;0,0000;0,0000;0,0000;0,0000;0,0000;-0,1183;0,0000;-2,3600;1;0,0000;0,0000;0;1;1;4;0;0
53,0973;99,0988;13,6000;-2,3092;-0,0953;0,0000;0,0000;0,0000;0,0000;0,0000;-0,1191;-0,0700;-2,3800;1;0,0000;0,0000;0;1;1;4;0;0
53,1111;99,0464;13,6000;-2,2331;-0,0960;0,0000;0,0000;0,0000;0,0000;0,0000;-0,1200;-0,1400;-2,3800;1;0,0000;0,0000;0;1;1;4;0;0
53,1250;98,9939;13,6000;-2,1300;-0,0967;0,0000;0,0000;0,0000;0,0000;0,0000;-0,1209;-0,2200;-2,3500;1;0,0000;0,0000;0;1;1;4;0;0
53,1389;98,9414;13,6000;-2,0198;-0,0975;0,0000;0,0000;0,0000;0,0000;0,0000;-0,1219;-0,2900;-2,3100;1;0,0000;0,0000;0;1;1;4;0;0
53,1528;98,8893;13,6000;-1,9186;-0,0983;0,0000;0,0000;0,0000;0,0000;0,0000;-0,1228;-0,3500;-2,2700;1;0,0000;0,0000;0;1;1;4;0;0
53,1667;98,8893;13,6000;-1,8120;-0,0990;0,0000;0,0000;0,0000;0,0000;0,0000;-0,1238;-0,4200;-2,2300;1;0,0000;0,0000;0;1;1;4;0;0
53,1806;98,8893;13,6000;-1,7377;-0,0998;0,0000;0,0000;0,0000;0,0000;0,0000;-0,1248;-0,4800;-2,2200;1;0,0000;0,0000;0;1;1;4;0;0
53,1945;98,8893;13,6000;-1,6498;-0,1006;0,0000;0,0000;0,0000;0,0000;0,0000;-0,1258;-0,5400;-2,1900;1;0,0000;0,0000;0;1;1;4;0;0
53,2084;98,8893;13,6000;-1,5620;-0,1014;0,0000;0,0000;0,0000;0,0000;0,0000;-0,1268;-0,5900;-2,1500;1;0,0000;0,0000;0;1;1;4;0;0
53,2223;98,6266;13,6000;-1,4558;-0,1023;0,0000;0,0000;0,0000;0,0000;0,0000;-0,1278;-0,6400;-2,1000;1;0,0000;0,0000;0;1;1;4;0;0
53,2361;98,5742;13,6000;-1,3568;-0,1031;0,0000;0,0000;0,0000;0,0000;0,0000;-0,1289;-0,6900;-2,0400;1;0,0000;0,0000;0;1;1;3;0;0
53,2500;98,5217;13,6000;-1,3008;-0,1040;0,0000;0,0000;0,0000;0,0000;0,0000;-0,1300;-0,7300;-2,0300;1;0,0000;0,0000;0;1;1;3;0;0
53,2639;98,4693;13,6000;-1,2705;-0,1049;0,0000;0,0000;0,0000;0,0000;0,0000;-0,1311;-0,7800;-2,0500;1;0,0000;0,0000;0;1;1;3;0;0
53,2778;98,4327;13,6000;-1,2359;-0,1058;0,0000;0,0000;0,0000;0,0000;0,0000;-0,1323;-0,8200;-2,0600;1;0,0000;0,0000;0;1;1;3;0;0
53,2917;98,4327;13,6000;-1,1992;-0,1067;0,0000;0,0000;0,0000;0,0000;0,0000;-0,1334;-0,8600;-2,0600;1;0,0000;0,0000;0;1;1;3;0;0
53,3056;98,4327;13,6000;-1,1648;-0,1077;0,0000;0,0000;0,0000;0,0000;0,0000;-0,1346;-0,9000;-2,0700;1;0,0000;0,0000;0;1;1;3;0;0
53,3195;98,4327;13,6000;-1,1211;-0,1087;0,0000;0,0000;0,0000;0,0000;0,0000;-0,1358;-0,9400;-2,0600;1;0,0000;0,0000;0;1;1;3;0;0
53,3334;98,4327;13,6000;-1,0904;-0,1096;0,0000;0,0000;0,0000;0,0000;0,0000;-0,1371;-0,9800;-2,0700;1;0,0000;0,0000;0;1;1;3;0;0
53,3473;98,1545;13,6000;-1,0842;-0,1107;0,0000;0,0000;0,0000;0,0000;0,0000;-0,1383;-1,0200;-2,1000;1;0,0000;0,0000;0;1;1;3;0;0
53,3611;98,1021;13,6000;-1,0642;-0,1117;0,0000;0,0000;0,0000;0,0000;0,0000;-0,1396;-1,0500;-2,1200;1;0,0000;0,0000;0;1;1;3;0;0
53,3750;98,0496;13,6000;-1,0642;-0,1128;0,0000;0,0000;0,0000;0,0000;0,0000;-0,1410;-1,0900;-2,1500;1;0,0000;0,0000;0;1;1;3;0;0
53,3889;97,9972;13,6000;-1,0759;-0,1139;0,0000;0,0000;0,0000;0,0000;0,0000;-0,1423;-1,1300;-2,2000;1;0,0000;0,0000;0;1;1;3;0;0
53,4028;97,9750;13,6000;-1,0890;-0,1150;0,0000;0,0000;0,0000;0,0000;0,0000;-0,1437;-1,1600;-2,2500;1;0,0000;0,0000;0;1;1;3;0;0
53,4167;97,9750;13,6000;-1,1108;-0,1161;0,0000;0,0000;0,0000;0,0000;0,0000;-0,1452;-1,2000;-2,3100;1;0,0000;0,0000;0;1;1;3;0;0
53,4306;97,9750;13,6000;-1,1422;-0,1173;0,0000;0,0000;0,0000;0,0000;0,0000;-0,1467;-1,2400;-2,3800;1;0,0000;0,0000;0;1;1;3;0;0
53,4445;97,9750;13,6000;-1,1776;-0,1186;0,0000;0,0000;0,0000;0,0000;0,0000;-0,1482;-1,2800;-2,4600;1;0,0000;0,0000;0;1;1;3;0;0
53,4584;97,7349;13,6000;-1,2210;-0,1198;0,0000;0,0000;0,0000;0,0000;0,0000;-0,1498;-1,3200;-2,5500;1;0,0000;0,0000;0;1;1;3;0;0
53,4723;97,6825;13,6000;-1,2701;-0,1212;0,0000;0,0000;0,0000;0,0000;0,0000;-0,1515;-1,3700;-2,6400;1;0,0000;0,0000;0;1;1;3;0;0
53,4861;97,6300;13,6000;-1,3326;-0,1225;0,0000;0,0000;0,0000;0,0000;0,0000;-0,1532;-1,4100;-2,7500;1;0,0000;0,0000;0;1;1;3;0;0
53,5000;97,5776;13,6000;-1,3661;-0,1239;0,0000;0,0000;0,0000;0,0000;0,0000;-0,1549;-1,4600;-2,8300;1;0,0000;0,0000;0;1;1;3;0;0
53,5139;97,5252;13,6000;-1,3844;-0,1254;0,0000;0,0000;0,0000;0,0000;0,0000;-0,1567;-1,5100;-2,8900;1;0,0000;0,0000;0;1;1;3;0;0
53,5278;97,5158;13,6000;-1,3990;-0,1269;0,0000;0,0000;0,0000;0,0000;0,0000;-0,1586;-1,5600;-2,9600;1;0,0000;0,0000;0;1;1;3;0;0
53,5417;97,5158;13,7000;-1,4084;-0,1284;0,0000;0,0000;0,0000;0,0000;0,0000;-0,1605;-1,6100;-3,0200;1;0,0000;0,0000;0;1;1;3;0;0
53,5556;97,5158;13,7000;-1,4150;-0,1300;0,0000;0,0000;0,0000;0,0000;0,0000;-0,1625;-1,6600;-3,0700;1;0,0000;0,0000;0;1;1;3;0;0
53,5695;97,5158;13,7000;-1,4184;-0,1316;0,0000;0,0000;0,0000;0,0000;0,0000;-0,1645;-1,7100;-3,1200;1;0,0000;0,0000;0;1;1;3;0;0
53,5834;97,2618;13,7000;-1,4185;-0,1333;0,0000;0,0000;0,0000;0,0000;0,0000;-0,1666;-1,7600;-3,1700;1;0,0000;0,0000;0;1;1;3;0;0
53,5973;97,2090;13,7000;-1,4082;-0,1350;0,0000;0,0000;0,0000;0,0000;0,0000;-0,1687;-1,8000;-3,2100;1;0,0000;0,0000;0;1;1;3;0;0
53,6111;97,1562;13,7000;-1,3793;-0,1367;0,0000;0,0000;0,0000;0,0000;0,0000;-0,1709;-1,8500;-3,2300;1;0,0000;0,0000;0;1;1;3;0;0
53,6250;97,1034;13,7000;-1,3367;-0,1384;0,0000;0,0000;0,0000;0,0000;0,0000;-0,1730;-1,9000;-3,2400;1;0,0000;0,0000;0;1;1;3;0;0
53,6389;97,0632;13,7000;-1,2950;-0,1402;0,0000;0,0000;0,0000;0,0000;0,0000;-0,1752;-1,9400;-3,2400;1;0,0000;0,0000;0;1;1;3;0;0
53,6528;97,0632;13,7000;-1,2642;-0,1420;0,0000;0,0000;0,0000;0,0000;0,0000;-0,1775;-1,9900;-3,2500;1;0,0000;0,0000;0;1;1;3;0;0
53,6667;97,0632;13,7000;-1,2296;-0,1438;0,0000;0,0000;0,0000;0,0000;0,0000;-0,1797;-2,0300;-3,2600;1;0,0000;0,0000;0;1;1;3;0;0
53,6806;97,0632;13,7000;-1,2227;-0,1456;0,0000;0,0000;0,0000;0,0000;0,0000;-0,1820;-2,0700;-3,3000;1;0,0000;0,0000;0;1;1;3;0;0
53,6945;97,0632;13,7000;-1,1584;-0,1475;0,0000;0,0000;0,0000;0,0000;0,0000;-0,1843;-2,1100;-3,2700;1;0,0000;0,0000;0;1;1;3;0;0
53,7084;96,7865;13,7000;-1,1200;-0,1493;0,0000;0,0000;0,0000;0,0000;0,0000;-0,1867;-2,1500;-3,2700;1;0,0000;0,0000;0;1;1;3;0;0
53,7223;96,7337;13,7000;-1,0951;-0,1512;0,0000;0,0000;0,0000;0,0000;0,0000;-0,1890;-2,1900;-3,2900;1;0,0000;0,0000;0;1;1;3;0;0
53,7361;96,6809;13,7000;-1,0770;-0,1531;0,0000;0,0000;0,0000;0,0000;0,0000;-0,1914;-2,2300;-3,3000;1;0,0000;0,0000;0;1;1;3;0;0
53,7500;96,6281;13,7000;-1,0573;-0,1551;0,0000;0,0000;0,0000;0,0000;0,0000;-0,1938;-2,2600;-3,3200;1;0,0000;0,0000;0;1;1;3;0;0
53,7639;96,6077;13,7000;-1,0391;-0,1570;0,0000;0,0000;0,0000;0,0000;0,0000;-0,1963;-2,3000;-3,3400;1;0,0000;0,0000;0;1;1;3;0;0
53,7778;96,6077;13,7000;-1,0031;-0,1590;0,0000;0,0000;0,0000;0,0000;0,0000;-0,1988;-2,3400;-3,3400;1;0,0000;0,0000;0;1;1;3;0;0
53,7917;96,6077;13,7000;-0,9649;-0,1610;0,0000;0,0000;0,0000;0,0000;0,0000;-0,2013;-2,3700;-3,3300;1;0,0000;0,0000;0;1;1;3;0;0
53,8056;96,6077;13,7000;-0,9217;-0,1630;0,0000;0,0000;0,0000;0,0000;0,0000;-0,2038;-2,4000;-3,3200;1;0,0000;0,0000;0;1;1;3;0;0
53,8195;96,3641;13,7000;-0,8654;-0,1650;0,0000;0,0000;0,0000;0,0000;0,0000;-0,2063;-2,4300;-3,3000;1;0,0000;0,0000;0;1;1;3;0;0
53,8334;96,3114;13,7000;-0,8542;-0,1670;0,0000;0,0000;0,0000;0,0000;0,0000;-0,2088;-2,4600;-3,3200;1;0,0000;0,0000;0;1;1;3;0;0
53,8473;96,2586;13,7000;-0,6992;-0,1690;0,0000;0,0000;0,0000;0,0000;0,0000;-0,2113;-2,4900;-3,1800;1;0,0000;0,0000;0;1;1;3;0;0
53,8611;96,2058;13,7000;-0,5553;-0,1710;0,0000;0,0000;0,0000;0,0000;0,0000;-0,2138;-2,5000;-3,0600;1;0,0000;0,0000;0;1;1;3;0;0
53,8750;96,1530;13,7000;-0,3743;-0,1729;0,0000;0,0000;0,0000;0,0000;0,0000;-0,2162;-2,5200;-2,8900;1;0,0000;0,0000;0;1;1;3;0;0
53,8889;96,1499;13,7000;-0,1824;-0,1748;0,0000;0,0000;0,0000;0,0000;0,0000;-0,2186;-2,5200;-2,7000;1;0,0000;0,0000;0;1;1;3;0;0
53,9028;96,1499;13,7000;-0,0182;-0,1767;0,0000;0,0000;0,0000;0,0000;0,0000;-0,2209;-2,5200;-2,5400;1;0,0000;0,0000;0;1;1;3;0;0
53,9167;96,1499;13,7000;0,1460;-0,1785;0,0000;0,0000;0,0000;0,0000;0,0000;-0,2231;-2,5200;-2,3700;1;0,0000;0,0000;0;1;1;3;0;0
53,9306;96,1499;13,7000;0,2926;-0,1803;0,0000;0,0000;0,0000;0,0000;0,0000;-0,2253;-2,5100;-2,2100;1;0,0000;0,0000;0;1;1;3;0;0
53,9445;95,8889;13,7000;0,4766;-0,1820;0,0000;0,0000;0,0000;0,0000;0,0000;-0,2274;-2,4900;-2,0100;1;0,0000;0,0000;0;1;1;3;0;0
53,9584;95,8361;13,7000;0,6361;-0,1836;0,0000;0,0000;0,0000;0,0000;0,0000;-0,2295;-2,4700;-1,8300;1;0,0000;0,0000;0;1;1;3;0;0
53,9723;95,7833;13,7000;0,7634;-0,1852;0,0000;0,0000;0,0000;0,0000;0,0000;-0,2315;-2,4400;-1,6700;1;0,0000;0,0000;0;1;1;3;0;0
53,9861;95,7305;13,7000;0,7889;-0,1867;0,0000;0,0000;0,0000;0,0000;0,0000;-0,2334;-2,4100;-1,6200;1;0,0000;0,0000;0;1;1;3;0;0
54,0000;95,6946;13,7000;0,9044;-0,1882;0,0000;0,0000;0,0000;0,0000;0,0000;-0,2353;-2,3800;-1,4700;1;0,0000;0,0000;0;1;1;3;0;0
54,0139;95,6946;13,7000;0,9224;-0,1897;0,0000;0,0000;0,0000;0,0000;0,0000;-0,2371;-2,3400;-1,4200;1;0,0000;0,0000;0;1;1;3;0;0
54,0278;95,6946;13,7000;0,9134;-0,1911;0,0000;0,0000;0,0000;0,0000;0,0000;-0,2389;-2,3100;-1,4000;1;0,0000;0,0000;0;1;1;3;0;0
54,0417;95,6946;13,7000;0,9082;-0,1926;0,0000;0,0000;0,0000;0,0000;0,0000;-0,2407;-2,2800;-1,3700;1;0,0000;0,0000;0;1;1;3;0;0
54,0556;95,4664;13,7000;0,9160;-0,1940;0,0000;0,0000;0,0000;0,0000;0,0000;-0,2425;-2,2500;-1,3300;1;0,0000;0,0000;0;1;1;3;0;0
54,0695;95,4135;13,7000;0,9138;-0,1954;0,0000;0,0000;0,0000;0,0000;0,0000;-0,2442;-2,2100;-1,3000;1;0,0000;0,0000;0;1;1;3;0;0
54,0834;95,3607;13,7000;0,8716;-0,1968;0,0000;0,0000;0,0000;0,0000;0,0000;-0,2460;-2,1800;-1,3100;1;0,0000;0,0000;0;1;1;3;0;0
54,0973;95,3079;13,7000;0,7416;-0,1982;0,0000;0,0000;0,0000;0,0000;0,0000;-0,2477;-2,1600;-1,4200;1;0,0000;0,0000;0;1;1;3;0;0
54,1111;95,2551;13,7000;0,5536;-0,1996;0,0000;0,0000;0,0000;0,0000;0,0000;-0,2495;-2,1400;-1,5800;1;0,0000;0,0000;0;1;1;3;0;0
54,1250;95,2391;13,7000;0,3094;-0,2011;0,0000;0,0000;0,0000;0,0000;0,0000;-0,2513;-2,1300;-1,8200;1;0,0000;0,0000;0;1;1;3;0;0
54,1389;95,2391;13,7000;0,2604;-0,2026;0,0000;0,0000;0,0000;0,0000;0,0000;-0,2532;-2,1200;-1,8600;1;0,0000;0,0000;0;1;1;3;0;0
54,1528;95,2391;13,7000;-0,0164;-0,2041;0,0000;0,0000;0,0000;0,0000;0,0000;-0,2552;-2,1200;-2,1300;1;0,0000;0,0000;0;1;1;3;0;0
54,1667;95,2391;13,7000;-0,0715;-0,2057;0,0000;0,0000;0,0000;0,0000;0,0000;-0,2571;-2,1200;-2,1900;1;0,0000;0,0000;0;1;1;3;0;0
54,1806;94,9910;13,7000;-0,6118;-0,2074;0,0000;0,0000;0,0000;0,0000;0,0000;-0,2593;-2,1400;-2,7500;1;0,0000;0,0000;0;1;1;3;0;0
54,1945;94,9382;13,7000;-1,2465;-0,2093;0,0000;0,0000;0,0000;0,0000;0,0000;-0,2617;-2,1800;-3,4300;1;0,0000;0,0000;0;1;1;3;0;0
54,2084;94,8854;13,7000;-1,6721;-0,2114;0,0000;0,0000;0,0000;0,0000;0,0000;-0,2643;-2,2400;-3,9100;1;0,0000;0,0000;0;1;1;3;0;0
54,2223;94,8326;13,7000;-2,0795;-0,2137;0,0000;0,0000;0,0000;0,0000;0,0000;-0,2671;-2,3100;-4,3900;1;0,0000;0,0000;0;1;1;3;0;0
54,2361;94,7821;13,7000;-2,4883;-0,2161;0,0000;0,0000;0,0000;0,0000;0,0000;-0,2701;-2,4000;-4,8900;1;0,0000;0,0000;0;1;1;8;0;0
54,2500;94,7821;13,7000;-2,8816;-0,2187;0,0000;0,0000;0,0000;0,0000;0,0000;-0,2733;-2,5000;-5,3800;1;0,0000;0,0000;0;1;1;8;0;0
54,2639;94,7821;13,7000;-3,2117;-0,2214;0,0000;0,0000;0,0000;0,0000;0,0000;-0,2768;-2,6200;-5,8300;1;0,0000;0,0000;0;1;1;8;0;0
54,2778;94,7821;13,7000;-3,5326;-0,2243;0,0000;0,0000;0,0000;0,0000;0,0000;-0,2804;-2,7400;-6,2700;1;0,0000;0,0000;0;1;1;8;0;0
54,2917;94,7821;13,7000;-3,5968;-0,2274;0,0000;0,0000;0,0000;0,0000;0,0000;-0,2842;-2,8700;-6,4600;1;0,0000;0,0000;0;1;1;8;0;0
54,3056;94,5161;13,7000;-4,0598;-0,2307;0,0000;0,0000;0,0000;0,0000;0,0000;-0,2883;-3,0100;-7,0700;1;0,0000;0,0000;0;1;1;8;0;0
54,3195;94,4634;13,7000;-4,3004;-0,2341;0,0000;0,0000;0,0000;0,0000;0,0000;-0,2926;-3,1600;-7,4600;1;0,0000;0,0000;0;1;1;8;0;0
54,3334;94,4107;13,7000;-4,3485;-0,2377;0,0000;0,0000;0,0000;0,0000;0,0000;-0,2971;-3,3100;-7,6600;1;0,0000;0,0000;0;1;1;8;0;0
54,3473;94,3580;13,7000;-4,4637;-0,2414;0,0000;0,0000;0,0000;0,0000;0,0000;-0,3018;-3,4700;-7,9300;1;0,0000;0,0000;0;1;1;8;0;0
54,3611;94,3267;13,7000;-4,3985;-0,2452;0,0000;0,0000;0,0000;0,0000;0,0000;-0,3065;-3,6200;-8,0200;1;0,0000;0,0000;0;1;1;8;0;0
54,3750;94,3267;13,7000;-4,2722;-0,2491;0,0000;0,0000;0,0000;0,0000;0,0000;-0,3114;-3,7700;-8,0500;1;0,0000;0,0000;0;1;1;8;0;0
54,3889;94,3267;13,7000;-4,2012;-0,2531;0,0000;0,0000;0,0000;0,0000;0,0000;-0,3164;-3,9200;-8,1200;1;0,0000;0,0000;0;1;1;8;0;0
54,4028;94,3267;13,7000;-4,1344;-0,2572;0,0000;0,0000;0,0000;0,0000;0,0000;-0,3215;-4,0700;-8,2000;1;0,0000;0,0000;0;1;1;8;0;0
54,4167;94,0948;13,7000;-3,9807;-0,2613;0,0000;0,0000;0,0000;0,0000;0,0000;-0,3266;-4,2100;-8,1900;1;0,0000;0,0000;0;1;1;8;0;0
54,4306;94,0422;13,7000;-3,7581;-0,2655;0,0000;0,0000;0,0000;0,0000;0,0000;-0,3318;-4,3400;-8,1000;1;0,0000;0,0000;0;1;1;8;0;0
54,4445;93,9896;13,7000;-3,7135;-0,2697;0,0000;0,0000;0,0000;0,0000;0,0000;-0,3372;-4,4700;-8,1800;1;0,0000;0,0000;0;1;1;8;0;0
54,4584;93,9370;13,7000;-3,3134;-0,2740;0,0000;0,0000;0,0000;0,0000;0,0000;-0,3425;-4,5900;-7,9000;1;0,0000;0,0000;0;1;1;8;0;0
54,4723;93,8844;13,7000;-3,0673;-0,2782;0,0000;0,0000;0,0000;0,0000;0,0000;-0,3478;-4,6900;-7,7600;1;0,0000;0,0000;0;1;1;8;0;0
54,4861;93,8705;13,7000;-2,9230;-0,2825;0,0000;0,0000;0,0000;0,0000;0,0000;-0,3531;-4,8000;-7,7200;1;0,0000;0,0000;0;1;1;8;0;0
54,5000;93,8705;13,7000;-2,8324;-0,2868;0,0000;0,0000;0,0000;0,0000;0,0000;-0,3585;-4,9000;-7,7300;1;0,0000;0,0000;0;1;1;8;0;0
54,5139;93,8705;13,7000;-2,7502;-0,2912;0,0000;0,0000;0,0000;0,0000;0,0000;-0,3640;-4,9900;-7,7400;1;0,0000;0,0000;0;1;1;8;0;0
54,5278;93,8705;13,6000;-2,6855;-0,2957;0,0000;0,0000;0,0000;0,0000;0,0000;-0,3696;-5,0800;-7,7700;1;0,0000;0,0000;0;1;1;8;0;0
54,5417;93,6219;13,6000;-2,6393;-0,3001;0,0000;0,0000;0,0000;0,0000;0,0000;-0,3751;-5,1800;-7,8200;1;0,0000;0,0000;0;1;1;8;0;0
54,5556;93,5697;13,6000;-2,6177;-0,3046;0,0000;0,0000;0,0000;0,0000;0,0000;-0,3808;-5,2700;-7,8900;1;0,0000;0,0000;0;1;1;8;0;0
54,5695;93,5176;13,6000;-2,6081;-0,3092;0,0000;0,0000;0,0000;0,0000;0,0000;-0,3865;-5,3600;-7,9700;1;0,0000;0,0000;0;1;1;8;0;0
54,5834;93,4654;13,6000;-2,5943;-0,3139;0,0000;0,0000;0,0000;0,0000;0,0000;-0,3923;-5,4500;-8,0400;1;0,0000;0,0000;0;1;1;8;0;0
54,5973;93,4147;13,6000;-2,5914;-0,3186;0,0000;0,0000;0,0000;0,0000;0,0000;-0,3982;-5,5400;-8,1300;1;0,0000;0,0000;0;1;1;8;0;0
54,6111;93,4147;13,6000;-2,5735;-0,3234;0,0000;0,0000;0,0000;0,0000;0,0000;-0,4042;-5,6300;-8,2000;1;0,0000;0,0000;0;1;1;8;0;0
54,6250;93,4147;13,6000;-2,5652;-0,3282;0,0000;0,0000;0,0000;0,0000;0,0000;-0,4102;-5,7200;-8,2800;1;0,0000;0,0000;0;1;1;8;0;0
54,6389;93,4147;13,6000;-2,5624;-0,3331;0,0000;0,0000;0,0000;0,0000;0,0000;-0,4164;-5,8100;-8,3700;1;0,0000;0,0000;0;1;1;8;0;0
54,6528;93,4147;13,6000;-2,5591;-0,3380;0,0000;0,0000;0,0000;0,0000;0,0000;-0,4226;-5,9000;-8,4500;1;0,0000;0,0000;0;1;1;8;0;0
54,6667;93,1527;13,6000;-2,5537;-0,3431;0,0000;0,0000;0,0000;0,0000;0,0000;-0,4289;-5,9900;-8,5400;1;0,0000;0,0000;0;1;1;8;0;0
54,6806;93,1006;13,6000;-2,5373;-0,3482;0,0000;0,0000;0,0000;0,0000;0,0000;-0,4352;-6,0700;-8,6100;1;0,0000;0,0000;0;1;1;8;0;0
54,6945;93,0485;13,6000;-2,5018;-0,3533;0,0000;0,0000;0,0000;0,0000;0,0000;-0,4416;-6,1600;-8,6600;1;0,0000;0,0000;0;1;1;8;0;0
54,7084;92,9964;13,6000;-2,4367;-0,3585;0,0000;0,0000;0,0000;0,0000;0,0000;-0,4481;-6,2500;-8,6800;1;0,0000;0,0000;0;1;1;8;0;0
54,7223;92,9584;13,6000;-2,3424;-0,3637;0,0000;0,0000;0,0000;0,0000;0,0000;-0,4546;-6,3300;-8,6700;1;0,0000;0,0000;0;1;1;8;0;0
54,7361;92,9584;13,6000;-2,2535;-0,3690;0,0000;0,0000;0,0000;0,0000;0,0000;-0,4612;-6,4000;-8,6600;1;0,0000;0,0000;0;1;1;8;0;0
54,7500;92,9584;13,6000;-2,2357;-0,3743;0,0000;0,0000;0,0000;0,0000;0,0000;-0,4678;-6,4800;-8,7200;1;0,0000;0,0000;0;1;1;8;0;0
54,7639;92,9584;13,6000;-2,0779;-0,3796;0,0000;0,0000;0,0000;0,0000;0,0000;-0,4745;-6,5600;-8,6300;1;0,0000;0,0000;0;1;1;8;0;0
54,7778;92,9584;13,6000;-1,9736;-0,3849;0,0000;0,0000;0,0000;0,0000;0,0000;-0,4812;-6,6200;-8,6000;1;0,0000;0,0000;0;1;1;8;0;0
54,7917;92,6841;13,6000;-1,8467;-0,3903;0,0000;0,0000;0,0000;0,0000;0,0000;-0,4879;-6,6900;-8,5400;1;0,0000;0,0000;0;1;1;8;0;0
54,8056;92,6321;13,6000;-1,7220;-0,3957;0,0000;0,0000;0,0000;0,0000;0,0000;-0,4946;-6,7500;-8,4700;1;0,0000;0,0000;0;1;1;8;0;0
54,8195;92,5801;13,6000;-1,5893;-0,4011;0,0000;0,0000;-0,0579;-0,0018;-0,1119;-0,5013;-6,8000;-8,3900;1;0,0000;0,0000;1;1;0;8;0;0
54,8334;92,5280;13,1000;-1,4720;-0,4064;0,0000;0,0000;-0,0590;-0,0107;-0,1111;-0,5081;-6,8500;-8,3300;1;0,0000;0,0000;1;1;0;8;0;0
54,8473;92,5021;13,1000;-1,3970;-0,4116;0,0000;0,0000;-0,0596;-0,0194;-0,1108;-0,5145;-6,9000;-8,3000;1;0,0000;0,0000;1;1;0;8;0;0
54,8611;92,5021;13,1000;-1,3460;-0,4168;0,0000;0,0000;-0,0600;-0,0281;-0,1109;-0,5211;-6,9400;-8,2900;1;0,0000;0,0000;1;1;0;8;0;0
54,8750;92,5021;13,1000;-1,2835;-0,4221;0,0000;0,0000;-0,0604;-0,0368;-0,1109;-0,5276;-6,9900;-8,2700;1;0,0000;0,0000;1;1;0;8;0;0
54,8889;92,5021;13,1000;-1,1883;-0,4274;0,0000;0,0000;-0,0611;-0,0456;-0,1105;-0,5342;-7,0300;-8,2200;1;0,0000;0,0000;1;1;0;8;0;0
54,9028;92,5021;13,1000;-1,1693;-0,4326;0,0000;0,0000;-0,0612;-0,0544;-0,1112;-0,5408;-7,0700;-8,2400;1;0,0000;0,0000;1;1;0;8;0;0
54,9167;92,2273;13,1000;-1,0260;-0,4379;0,0000;0,0000;-0,0622;-0,0632;-0,1102;-0,5474;-7,1000;-8,1300;1;0,0000;0,0000;1;1;0;8;0;0
54,9306;92,1772;13,1000;-0,9497;-0,4432;0,0000;0,0000;-0,0626;-0,0720;-0,1102;-0,5540;-7,1400;-8,0900;1;0,0000;0,0000;1;1;0;8;0;0
54,9445;92,1271;13,1000;-0,9077;-0,4484;0,0000;0,0000;-0,0628;-0,0807;-0,1107;-0,5606;-7,1700;-8,0700;1;0,0000;0,0000;1;1;0;8;0;0
54,9584;92,0770;13,1000;-0,8316;-0,4537;0,0000;0,0000;-0,0632;-0,0895;-0,1108;-0,5672;-7,1900;-8,0300;1;0,0000;0,0000;1;1;0;8;0;0
54,9723;92,0478;13,1000;-0,7176;-0,4590;0,0000;0,0000;-0,0639;-0,0983;-0,1104;-0,5737;-7,2200;-7,9400;1;0,0000;0,0000;1;1;0;8;0;0
54,9861;92,0478;13,1000;-0,6210;-0,4642;0,0000;0,0000;-0,0644;-0,1070;-0,1103;-0,5803;-7,2400;-7,8600;1;0,0000;0,0000;1;1;0;8;0;0
55,0000;92,0478;13,1000;-0,4591;-0,4694;0,0000;0,0000;-0,0654;-0,1157;-0,1094;-0,5868;-7,2600;-7,7200;1;0,0000;0,0000;1;1;0;8;0;0
55,0139;92,0478;13,1000;-0,2834;-0,4746;0,0000;0,0000;-0,0663;-0,1244;-0,1082;-0,5933;-7,2700;-7,5500;1;0,0000;0,0000;1;1;0;8;0;0
55,0278;92,0478;13,1000;-0,0424;-0,4797;0,0000;0,0000;-0,0675;-0,1329;-0,1061;-0,5997;-7,2700;-7,3100;1;0,0000;0,0000;1;1;0;8;0;0
55,0417;91,7763;13,1000;0,2317;-0,4848;0,0000;0,0000;-0,0688;-0,1413;-0,1036;-0,6060;-7,2600;-7,0300;1;0,0000;0,0000;1;1;0;8;0;0
55,0556;91,7261;13,1000;0,2865;-0,4898;0,0000;0,0000;-0,0681;-0,1497;-0,1040;-0,6123;-7,2500;-6,9600;1;0,0000;0,0000;1;1;0;8;0;0
55,0695;91,6760;13,1000;0,6087;-0,4948;0,0000;0,0000;-0,0696;-0,1579;-0,1007;-0,6184;-7,2300;-6,6200;1;0,0000;0,0000;1;1;0;8;0;0
55,0834;91,6258;13,1000;0,7758;-0,4996;0,0000;0,0000;-0,0695;-0,1661;-0,0995;-0,6245;-7,2000;-6,4300;1;0,0000;0,0000;1;1;0;8;0;0
55,0973;91,5899;13,1000;0,8267;-0,5045;0,0000;0,0000;-0,0685;-0,1741;-0,0999;-0,6306;-7,1800;-6,3500;1;0,0000;0,0000;1;1;0;8;0;0
55,1111;91,5899;13,1000;0,8348;-0,5093;0,0000;0,0000;-0,0673;-0,1822;-0,1010;-0,6366;-7,1500;-6,3100;1;0,0000;0,0000;1;1;0;8;0;0
55,1250;91,5899;13,1000;0,8628;-0,5141;0,0000;0,0000;-0,0665;-0,1901;-0,1018;-0,6426;-7,1200;-6,2600;1;0,0000;0,0000;1;1;0;8;0;0
55,1389;91,5899;13,1000;0,9056;-0,5188;0,0000;0,0000;-0,0660;-0,1981;-0,1025;-0,6485;-7,0900;-6,1800;1;0,0000;0,0000;1;1;0;8;0;0
55,1528;91,5899;13,1000;0,9511;-0,5236;0,0000;0,0000;-0,0655;-0,2059;-0,1032;-0,6544;-7,0600;-6,1100;1;0,0000;0,0000;1;1;0;8;0;0
55,1667;91,3246;13,1000;0,9933;-0,5282;0,0000;0,0000;-0,0652;-0,2137;-0,1039;-0,6603;-7,0300;-6,0300;1;0,0000;0,0000;1;1;0;8;0;0
55,1806;91,2744;13,1000;1,0433;-0,5329;0,0000;0,0000;-0,0650;-0,2215;-0,1046;-0,6661;-6,9900;-5,9500;1;0,0000;0,0000;1;1;0;8;0;0
55,1945;91,2242;13,1000;1,0924;-0,5375;0,0000;0,0000;-0,0648;-0,2292;-0,1054;-0,6719;-6,9500;-5,8600;1;0,0000;0,0000;1;1;0;8;0;0
55,2084;91,1740;13,1000;1,1022;-0,5421;0,0000;0,0000;-0,0645;-0,2368;-0,1067;-0,6776;-6,9200;-5,8200;1;0,0000;0,0000;1;1;0;8;0;0
55,2223;91,1336;13,1000;1,2691;-0,5466;0,0000;0,0000;-0,0654;-0,2443;-0,1059;-0,6832;-6,8700;-5,6100;1;0,0000;0,0000;1;1;0;8;0;0
55,2361;91,1336;13,1000;1,3707;-0,5510;0,0000;0,0000;-0,0657;-0,2517;-0,1059;-0,6888;-6,8300;-5,4600;1;0,0000;0,0000;1;1;0;3;1;0
55,2500;91,1336;13,1000;1,4461;-0,5554;0,0000;0,0000;-0,0658;-0,2591;-0,1063;-0,6943;-6,7800;-5,3300;1;0,0000;0,0000;1;1;0;3;1;0
55,2639;91,1336;13,1000;1,4840;-0,5598;0,0000;0,0000;-0,0656;-0,2663;-0,1072;-0,6997;-6,7300;-5,2400;1;0,0000;0,0000;1;1;0;3;1;0
55,2778;91,1336;13,1000;1,5207;-0,5641;0,0000;0,0000;-0,0655;-0,2735;-0,1082;-0,7051;-6,6800;-5,1600;1;0,0000;0,0000;1;1;0;3;1;0
55,2917;90,8725;12,5000;1,5622;-0,5684;0,0000;0,0000;-0,0655;-0,2806;-0,1091;-0,7105;-6,6300;-5,0600;1;0,0000;0,0000;1;1;0;3;1;0
55,3056;90,8246;12,5000;1,6312;-0,5724;0,0000;0,0000;-0,0657;-0,2874;-0,1096;-0,7155;-6,5700;-4,9400;1;0,0000;0,0000;1;1;0;3;1;0
55,3195;90,7766;12,5000;1,6450;-0,5764;0,0000;0,0000;-0,0655;-0,2940;-0,1109;-0,7205;-6,5200;-4,8800;1;0,0000;0,0000;1;1;0;3;1;0
55,3334;90,7286;12,5000;1,7495;-0,5803;0,0000;0,0000;-0,0661;-0,3005;-0,1109;-0,7254;-6,4600;-4,7100;1;0,0000;0,0000;1;1;0;3;1;0
55,3473;90,6806;12,5000;1,8911;-0,5842;0,0000;0,0000;-0,0669;-0,3070;-0,1104;-0,7302;-6,4000;-4,5100;1;0,0000;0,0000;1;1;0;3;1;0
55,3611;90,6804;12,5000;1,9193;-0,5880;0,0000;0,0000;-0,0667;-0,3133;-0,1114;-0,7350;-6,3400;-4,4200;1;0,0000;0,0000;1;1;0;3;1;0
55,3750;90,6804;12,5000;1,9927;-0,5917;0,0000;0,0000;-0,0669;-0,3195;-0,1118;-0,7396;-6,2800;-4,2800;1;0,0000;0,0000;1;1;0;3;1;0
55,3889;90,6804;12,5000;2,0460;-0,5954;0,0000;0,0000;-0,0670;-0,3256;-0,1124;-0,7442;-6,2100;-4,1600;1;0,0000;0,0000;1;1;0;3;1;0
55,4028;90,6804;12,5000;2,0945;-0,5990;0,0000;0,0000;-0,0670;-0,3316;-0,1131;-0,7487;-6,1400;-4,0500;1;0,0000;0,0000;1;1;0;3;1;0
55,4167;90,4406;12,5000;2,1438;-0,6025;0,0000;0,0000;-0,0671;-0,3376;-0,1137;-0,7532;-6,0700;-3,9300;1;0,0000;0,0000;1;1;0;3;1;0
55,4306;90,3925;12,5000;2,1705;-0,6060;0,0000;0,0000;-0,0670;-0,3434;-0,1147;-0,7575;-6,0000;-3,8300;1;0,0000;0,0000;1;1;0;3;1;0
55,4445;90,3445;12,5000;2,1974;-0,6095;0,0000;0,0000;-0,0670;-0,3492;-0,1156;-0,7619;-5,9300;-3,7300;1;0,0000;0,0000;1;1;0;3;1;0
55,4584;90,2965;12,5000;2,2341;-0,6129;0,0000;0,0000;-0,0671;-0,3548;-0,1164;-0,7661;-5,8600;-3,6200;1;0,0000;0,0000;1;1;0;3;1;0
55,4723;90,2484;12,5000;2,2947;-0,6162;0,0000;0,0000;-0,0674;-0,3603;-0,1169;-0,7702;-5,7800;-3,4900;1;0,0000;0,0000;1;1;0;3;1;0
55,4861;90,2222;12,5000;2,3801;-0,6194;0,0000;0,0000;-0,0678;-0,3657;-0,1169;-0,7743;-5,7100;-3,3300;1;0,0000;0,0000;1;1;0;3;1;0
55,5000;90,2222;12,5000;2,4543;-0,6226;0,0000;0,0000;-0,0681;-0,3710;-0,1171;-0,7783;-5,6300;-3,1700;1;0,0000;0,0000;1;1;0;3;1;0
55,5139;90,2222;12,5000;2,4689;-0,6258;0,0000;0,0000;-0,0680;-0,3763;-0,1181;-0,7822;-5,5500;-3,0800;1;0,0000;0,0000;1;1;0;3;1;0
55,5278;90,2222;12,5000;2,4982;-0,6288;0,0000;0,0000;-0,0680;-0,3814;-0,1188;-0,7860;-5,4700;-2,9700;1;0,0000;0,0000;1;1;0;3;1;0
55,5417;90,2222;12,5000;2,5032;-0,6318;0,0000;0,0000;-0,0678;-0,3864;-0,1199;-0,7898;-5,3900;-2,8800;1;0,0000;0,0000;1;1;0;3;1;0
55,5556;89,9600;12,5000;2,5025;-0,6348;0,0000;0,0000;-0,0677;-0,3913;-0,1210;-0,7935;-5,3100;-2,8000;1;0,0000;0,0000;1;1;0;3;1;0
55,5695;89,9119;12,5000;2,5014;-0,6377;0,0000;0,0000;-0,0676;-0,3961;-0,1221;-0,7971;-5,2300;-2,7200;1;0,0000;0,0000;1;1;0;3;1;0
55,5834;89,8638;12,5000;2,5046;-0,6405;0,0000;0,0000;-0,0676;-0,4009;-0,1232;-0,8006;-5,1400;-2,6400;1;0,0000;0,0000;1;1;0;3;1;0
55,5973;89,8156;12,5000;2,5110;-0,6433;0,0000;0,0000;-0,0677;-0,4055;-0,1242;-0,8041;-5,0600;-2,5500;1;0,0000;0,0000;1;1;0;3;1;0
55,6111;89,7675;12,5000;2,5137;-0,6460;0,0000;0,0000;-0,0678;-0,4100;-0,1252;-0,8075;-4,9800;-2,4700;1;0,0000;0,0000;1;1;0;3;1;0
55,6250;89,7646;12,5000;2,5137;-0,6487;0,0000;0,0000;-0,0679;-0,4145;-0,1262;-0,8109;-4,9000;-2,3900;1;0,0000;0,0000;1;1;0;3;1;0
55,6389;89,7646;12,5000;2,5118;-0,6513;0,0000;0,0000;-0,0680;-0,4189;-0,1273;-0,8142;-4,8200;-2,3100;1;0,0000;0,0000;1;1;0;3;1;0
55,6528;89,7646;12,5000;2,5266;-0,6539;0,0000;0,0000;-0,0683;-0,4232;-0,1281;-0,8174;-4,7400;-2,2100;1;0,0000;0,0000;1;1;0;3;1;0
55,6667;89,7646;12,5000;2,5296;-0,6564;0,0000;0,0000;-0,0685;-0,4273;-0,1290;-0,8205;-4,6500;-2,1300;1;0,0000;0,0000;1;1;0;3;1;0
55,6806;89,5269;12,5000;2,6407;-0,6588;0,0000;0,0000;-0,0695;-0,4314;-0,1284;-0,8235;-4,5700;-1,9300;1;0,0000;0,0000;1;1;0;3;1;0
55,6945;89,4788;12,5000;2,7369;-0,6612;0,0000;0,0000;-0,0702;-0,4353;-0,1279;-0,8265;-4,4800;-1,7500;1;0,0000;0,0000;1;1;0;3;1;0
55,7084;89,4306;12,5000;2,8280;-0,6634;0,0000;0,0000;-0,0708;-0,4391;-0,1274;-0,8293;-4,3900;-1,5600;1;0,0000;0,0000;1;1;0;3;1;0
55,7223;89,3825;12,5000;2,9481;-0,6656;0,0000;0,0000;-0,0714;-0,4427;-0,1263;-0,8320;-4,3000;-1,3500;1;0,0000;0,0000;1;1;0;3;1;0
55,7361;89,3343;12,5000;3,1105;-0,6677;0,0000;0,0000;-0,0722;-0,4461;-0,1246;-0,8346;-4,1900;-1,0800;1;0,0000;0,0000;1;1;0;3;1;0
55,7500;89,3090;12,5000;3,2937;-0,6696;0,0000;0,0000;-0,0728;-0,4493;-0,1224;-0,8370;-4,0900;-0,7900;1;0,0000;0,0000;1;1;0;3;1;0
55,7639;89,3090;12,5000;3,4508;-0,6714;0,0000;0,0000;-0,0731;-0,4524;-0,1204;-0,8393;-3,9800;-0,5200;1;0,0000;0,0000;1;1;0;3;1;0
55,7778;89,3090;12,5000;3,5553;-0,6732;0,0000;0,0000;-0,0727;-0,4553;-0,1190;-0,8414;-3,8600;-0,3100;1;0,0000;0,0000;1;1;0;3;1;0
55,7917;89,3090;11,6000;3,6198;-0,6749;0,0000;0,0000;-0,0720;-0,4581;-0,1182;-0,8436;-3,7500;-0,1300;1;0,0000;0,0000;1;1;0;3;1;0
55,8056;89,3090;11,6000;3,6918;-0,6763;0,0000;0,0000;-0,0713;-0,4605;-0,1171;-0,8454;-3,6400;0,0500;1;0,0000;0,0000;1;1;0;3;1;0
55,8195;89,0521;11,6000;3,7065;-0,6776;0,0000;0,0000;-0,0702;-0,4627;-0,1166;-0,8470;-3,5300;0,1700;1;0,0000;0,0000;1;1;0;3;1;0
55,8334;89,0073;11,6000;3,7975;-0,6789;0,0000;0,0000;-0,0696;-0,4648;-0,1150;-0,8486;-3,4200;0,3800;1;0,0000;0,0000;1;1;0;3;1;0
55,8473;88,9626;11,6000;3,8510;-0,6801;0,0000;0,0000;-0,0687;-0,4668;-0,1138;-0,8501;-3,3000;0,5500;1;0,0000;0,0000;1;1;0;3;1;0
55,8611;88,9179;11,6000;3,8981;-0,6812;0,0000;0,0000;-0,0678;-0,4686;-0,1126;-0,8515;-3,1800;0,7100;1;0,0000;0,0000;1;1;0;3;1;0
55,8750;88,8731;11,6000;3,9558;-0,6822;0,0000;0,0000;-0,0669;-0,4703;-0,1112;-0,8527;-3,0700;0,8900;1;0,0000;0,0000;1;1;0;3;1;0
55,8889;88,8547;11,6000;4,0005;-0,6831;0,0000;0,0000;-0,0658;-0,4718;-0,1098;-0,8539;-2,9500;1,0500;1;0,0000;0,0000;1;1;0;3;1;0
55,9028;88,8547;11,6000;4,0659;-0,6839;0,0000;0,0000;-0,0650;-0,4732;-0,1081;-0,8549;-2,8200;1,2400;1;0,0000;0,0000;1;1;0;3;1;0
55,9167;88,8547;11,6000;4,1238;-0,6847;0,0000;0,0000;-0,0640;-0,4744;-0,1064;-0,8558;-2,7000;1,4200;1;0,0000;0,0000;1;1;0;3;1;0
55,9306;88,8547;11,6000;4,1848;-0,6853;0,0000;0,0000;-0,0630;-0,4755;-0,1045;-0,8566;-2,5700;1,6100;1;0,0000;0,0000;1;1;0;3;1;0
55,9445;88,8547;11,6000;4,2354;-0,6859;0,0000;0,0000;-0,0618;-0,4764;-0,1026;-0,8573;-2,4500;1,7900;1;0,0000;0,0000;1;1;0;3;1;0
55,9584;88,6045;11,6000;4,2960;-0,6863;0,0000;0,0000;-0,0607;-0,4772;-0,1005;-0,8579;-2,3200;1,9800;1;0,0000;0,0000;1;1;0;3;1;0
55,9723;88,5598;11,6000;4,3080;-0,6867;0,0000;0,0000;-0,0592;-0,4778;-0,0990;-0,8584;-2,1900;2,1200;1;0,0000;0,0000;1;1;0;3;1;0
55,9861;88,5150;11,6000;4,4425;-0,6870;0,0000;0,0000;-0,0587;-0,4783;-0,0956;-0,8587;-2,0600;2,3900;1;0,0000;0,0000;1;1;0;3;1;0
56,0000;88,4702;11,6000;4,5450;-0,6871;0,0000;0,0000;-0,0577;-0,4785;-0,0926;-0,8589;-1,9200;2,6300;1;0,0000;0,0000;1;1;0;3;1;0
56,0139;88,4254;11,6000;4,6161;-0,6872;0,0000;0,0000;-0,0564;-0,4786;-0,0899;-0,8590;-1,7800;2,8300;1;0,0000;0,0000;1;1;0;3;1;0
56,0278;88,4000;11,1000;4,6954;-0,6872;0,0000;0,0000;-0,0551;-0,4787;-0,0871;-0,8590;-1,6500;3,0500;1;0,0000;0,0000;1;1;0;3;1;0
56,0417;88,4000;11,1000;4,7724;-0,6870;0,0000;0,0000;-0,0537;-0,4784;-0,0841;-0,8588;-1,5100;3,2600;1;0,0000;0,0000;1;1;0;3;1;0
56,0556;88,4000;11,1000;4,8463;-0,6868;0,0000;0,0000;-0,0522;-0,4780;-0,0810;-0,8585;-1,3700;3,4800;1;0,0000;0,0000;1;1;0;3;1;0
56,0695;88,4000;11,1000;4,9626;-0,6864;0,0000;0,0000;-0,0510;-0,4774;-0,0772;-0,8580;-1,2300;3,7300;1;0,0000;0,0000;1;1;0;3;1;0
56,0834;88,4000;11,1000;5,0953;-0,6860;0,0000;0,0000;-0,0497;-0,4766;-0,0730;-0,8575;-1,0800;4,0100;1;0,0000;0,0000;1;1;0;3;1;0
56,0973;88,1664;11,1000;5,1935;-0,6854;0,0000;0,0000;-0,0480;-0,4756;-0,0692;-0,8567;-0,9300;4,2600;1;0,0001;0,0000;1;1;0;3;1;0
56,1111;88,1236;11,1000;5,3122;-0,6847;0,0000;0,0000;-0,0464;-0,4745;-0,0650;-0,8559;-0,7800;4,5300;1;0,0001;0,0000;1;1;0;3;1;0
56,1250;88,0808;11,1000;5,3359;-0,6839;0,0000;0,0000;-0,0440;-0,4732;-0,0619;-0,8549;-0,6300;4,7100;1;0,0001;0,0000;1;1;0;3;1;0
56,1389;88,0379;11,1000;5,5759;-0,6830;0,0000;0,0000;-0,0432;-0,4716;-0,0557;-0,8537;-0,4700;5,1100;1;0,0001;0,0000;1;1;0;3;1;0
56,1528;87,9951;11,1000;5,7133;-0,6819;0,0000;0,0000;-0,0413;-0,4698;-0,0507;-0,8524;-0,3100;5,4100;1;0,0001;0,0000;1;1;0;3;1;0
56,1667;87,9523;11,1000;5,8462;-0,6807;0,0000;0,0000;-0,0392;-0,4678;-0,0456;-0,8509;-0,1400;5,7100;1;0,0001;0,0000;1;1;0;3;1;0
56,1806;87,9424;11,1000;5,9294;-0,6794;0,0000;0,0000;-0,0366;-0,4656;-0,0410;-0,8492;0,0300;5,9600;1;0,0001;0,0000;1;1;0;3;1;0
56,1945;87,9424;11,1000;6,0129;-0,6780;0,0000;0,0000;-0,0340;-0,4633;-0,0363;-0,8474;0,2000;6,2200;1;0,0001;0,0000;1;1;0;3;1;0
56,2084;87,9424;11,1000;6,1058;-0,6764;0,0000;0,0000;-0,0314;-0,4606;-0,0313;-0,8455;0,3800;6,4900;1;0,0001;0,0000;1;1;0;3;1;0
56,2223;87,9424;11,1000;6,1869;-0,6747;0,0000;0,0000;-0,0287;-0,4578;-0,0264;-0,8434;0,5600;6,7400;1;0,0001;0,0000;1;1;0;3;1;0
56,2361;87,9424;11,1000;6,2438;-0,6729;0,0000;0,0000;-0,0257;-0,4548;-0,0216;-0,8411;0,7400;6,9800;1;0,0001;0,0000;1;1;0;9;0;0
56,2500;87,6954;11,1000;6,2987;-0,6710;0,0000;0,0000;-0,0228;-0,4516;-0,0168;-0,8387;0,9200;7,2200;1;0,0001;0,0000;1;1;0;9;0;0
56,2639;87,6526;11,1000;6,3245;-0,6689;0,0000;0,0000;-0,0196;-0,4482;-0,0122;-0,8361;1,1000;7,4200;1;0,0000;0,0000;1;1;0;9;0;0
56,2778;87,6098;11,1000;6,3299;-0,6667;0,0000;0,0000;-0,0163;-0,4446;-0,0079;-0,8334;1,2800;7,6100;1;0,0000;0,0000;1;1;0;9;0;0
56,2917;87,5671;11,1000;6,3690;-0,6645;0,0000;0,0000;-0,0133;-0,4408;-0,0030;-0,8306;1,4600;7,8300;1;0,0000;0,0000;1;1;0;9;0;0
56,3056;87,5243;11,1000;6,4145;-0,6621;0,0000;0,0000;-0,0104;-0,4368;0,0021;-0,8276;1,6500;8,0600;1;0,0000;0,0000;1;1;0;9;0;0
56,3195;87,4822;11,1000;6,4987;-0,6596;0,0000;0,0000;-0,0077;-0,4326;0,0079;-0,8245;1,8300;8,3300;1;0,0000;0,0000;1;1;0;9;0;0
56,3334;87,4822;11,1000;6,5571;-0,6569;0,0000;0,0000;-0,0048;-0,4282;0,0134;-0,8211;2,0200;8,5800;1;0,0000;0,0000;1;1;0;9;0;0
56,3473;87,4822;11,1000;6,5890;-0,6541;0,0000;0,0000;-0,0016;-0,4235;0,0186;-0,8177;2,2100;8,8000;1;0,0000;0,0000;1;1;0;9;0;0
56,3611;87,4822;11,1000;6,6255;-0,6512;0,0000;0,0000;0,0015;-0,4187;0,0240;-0,8140;2,4000;9,0300;1;0,0000;0,0000;1;1;1;9;0;0
56,3750;87,4822;11,1000;6,6639;-0,6482;0,0000;0,0000;0,0046;-0,4137;0,0295;-0,8103;2,6000;9,2600;1;0,0000;0,0000;1;1;1;9;0;0
56,3889;87,4822;11,1000;6,7155;-0,6451;0,0000;0,0000;0,0076;-0,4084;0,0352;-0,8063;2,7900;9,5000;1;0,0000;0,0000;1;1;1;9;0;0
56,4028;87,2253;11,1000;6,7853;-0,6418;0,0000;0,0000;0,0105;-0,4030;0,0413;-0,8022;2,9800;9,7700;1;0,0000;0,0000;1;1;1;9;0;0
56,4167;87,1827;11,1000;6,8215;-0,6384;0,0000;0,0000;0,0137;-0,3973;0,0470;-0,7980;3,1800;10,0000;1;0,0000;0,0000;1;1;1;9;0;0
56,4306;87,1400;11,1000;6,8288;-0,6349;0,0000;0,0000;0,0171;-0,3914;0,0524;-0,7936;3,3800;10,2000;1;0,0000;0,0000;1;1;1;9;0;0
56,4445;87,0974;11,1000;6,8369;-0,6312;0,0000;0,0000;0,0205;-0,3854;0,0578;-0,7891;3,5700;10,4100;1;0,0000;0,0000;1;1;1;9;0;0
56,4584;87,0548;11,1000;6,8304;-0,6275;0,0000;0,0000;0,0239;-0,3791;0,0630;-0,7844;3,7700;10,6000;1;0,0000;0,0000;1;1;1;9;0;0
56,4723;87,0249;11,1000;6,8135;-0,6236;0,0000;0,0000;0,0274;-0,3727;0,0682;-0,7795;3,9600;10,7800;1;0,0000;0,0000;1;1;1;9;0;0
56,4861;87,0249;11,1000;6,7832;-0,6196;0,0000;0,0000;0,0308;-0,3661;0,0732;-0,7745;4,1600;10,9400;1;0,0000;0,0000;1;1;1;9;0;0
56,5000;87,0249;11,1000;6,7771;-0,6155;0,0000;0,0000;0,0340;-0,3592;0,0785;-0,7694;4,3500;11,1300;1;0,0000;0,0000;1;1;1;9;0;0
56,5139;87,0249;11,1000;6,6790;-0,6114;0,0000;0,0000;0,0379;-0,3523;0,0826;-0,7642;4,5500;11,2300;1;0,0000;0,0000;1;1;1;9;0;0
56,5278;87,0249;11,1000;6,5914;-0,6071;0,0000;0,0000;0,0414;-0,3451;0,0868;-0,7589;4,7400;11,3300;1;0,0000;0,0000;1;1;1;9;0;0
56,5417;86,7995;10,2000;6,5739;-0,6028;0,0000;0,0000;0,0442;-0,3380;0,0916;-0,7535;4,9100;11,4800;1;0,0001;0,0000;1;1;1;9;0;0
56,5556;86,7604;10,2000;6,4791;-0,5987;0,0000;0,0000;0,0474;-0,3312;0,0952;-0,7484;5,0800;11,5600;1;0,0001;0,0000;1;1;1;9;0;0
56,5695;86,7214;10,2000;6,4095;-0,5945;0,0000;0,0000;0,0502;-0,3242;0,0991;-0,7432;5,2500;11,6600;1;0,0002;0,0000;1;1;1;9;0;0
56,5834;86,6823;10,2000;6,3956;-0,5902;0,0000;0,0000;0,0526;-0,3171;0,1038;-0,7378;5,4200;11,8200;1;0,0002;0,0000;1;1;1;9;0;0
56,5973;86,6433;10,2000;6,2901;-0,5859;0,0000;0,0000;0,0556;-0,3099;0,1071;-0,7324;5,5900;11,8800;1;0,0002;0,0000;1;1;1;9;0;0
56,6111;86,6043;10,2000;6,2215;-0,5815;0,0000;0,0000;0,0581;-0,3025;0,1109;-0,7269;5,7500;11,9700;1;0,0002;0,0000;1;1;1;9;0;0
56,6250;86,5815;10,2000;6,1478;-0,5770;0,0000;0,0000;0,0607;-0,2950;0,1146;-0,7213;5,9100;12,0600;1;0,0002;0,0000;1;1;1;9;0;0
56,6389;86,5815;10,2000;6,1332;-0,5724;0,0000;0,0000;0,0626;-0,2874;0,1190;-0,7155;6,0700;12,2100;1;0,0002;0,0000;1;1;1;9;0;0
56,6528;86,5815;10,2000;6,0809;-0,5678;0,0000;0,0000;0,0649;-0,2796;0,1229;-0,7097;6,2400;12,3200;1;0,0002;0,0000;1;1;1;9;0;0
56,6667;86,5815;10,2000;6,0258;-0,5631;0,0000;0,0000;0,0672;-0,2718;0,1267;-0,7038;6,3900;12,4200;1;0,0002;0,0000;1;1;1;9;0;0
56,6806;86,5815;10,2000;5,9487;-0,5583;0,0000;0,0000;0,0695;-0,2638;0,1301;-0,6978;6,5500;12,5000;1;0,0002;0,0000;1;1;1;9;0;0
56,6945;86,5815;10,2000;5,8590;-0,5534;0,0000;0,0000;0,0718;-0,2557;0,1333;-0,6917;6,7100;12,5700;1;0,0002;0,0000;1;1;1;9;0;0
56,7084;86,3318;10,2000;5,7763;-0,5485;0,0000;0,0000;0,0740;-0,2474;0,1365;-0,6856;6,8600;12,6400;1;0,0001;0,0000;1;1;1;9;0;0
56,7223;86,2929;10,2000;5,6826;-0,5435;0,0000;0,0000;0,0762;-0,2391;0,1395;-0,6793;7,0100;12,6900;1;0,0001;0,0000;1;1;1;9;0;0
56,7361;86,2540;10,2000;5,5881;-0,5384;0,0000;0,0000;0,0782;-0,2307;0,1424;-0,6730;7,1600;12,7400;1;0,0001;0,0000;1;1;1;9;0;0
56,7500;86,2151;10,2000;5,3717;-0,5334;0,0000;0,0000;0,0811;-0,2223;0,1434;-0,6667;7,3000;12,6700;1;0,0000;0,0000;1;1;1;9;0;0
56,7639;86,1763;10,2000;5,3284;-0,5282;0,0000;0,0000;0,0823;-0,2137;0,1467;-0,6603;7,4400;12,7700;1;0,0000;0,0000;1;1;1;9;0;0
56,7778;86,1375;10,2000;5,1867;-0,5230;0,0000;0,0000;0,0843;-0,2050;0,1486;-0,6538;7,5800;12,7600;1;0,0000;0,0000;1;1;1;9;0;0
56,7917;86,1263;10,2000;5,0739;-0,5178;0,0000;0,0000;0,0860;-0,1963;0,1508;-0,6472;7,7100;12,7800;1;0,0000;0,0000;1;1;1;9;0;0
56,8056;86,1263;10,2000;4,9786;-0,5125;0,0000;0,0000;0,0873;-0,1875;0,1531;-0,6406;7,8400;12,8200;1;0,0000;0,0000;1;1;1;9;0;0
56,8195;86,1263;10,2000;4,8865;-0,5071;0,0000;0,0000;0,0886;-0,1785;0,1553;-0,6339;7,9700;12,8600;1;0,0000;0,0000;1;1;1;9;0;0
56,8334;86,1263;10,2000;4,8167;-0,5017;0,0000;0,0000;0,0897;-0,1695;0,1577;-0,6271;8,1000;12,9100;1;0,0000;0,0000;1;1;1;9;0;0
56,8473;86,1263;10,2000;4,7357;-0,4963;0,0000;0,0000;0,0907;-0,1604;0,1599;-0,6203;8,2200;12,9600;1;0,0000;0,0000;1;1;1;9;0;0
56,8611;86,1263;10,2000;4,6640;-0,4907;0,0000;0,0000;0,0917;-0,1512;0,1621;-0,6134;8,3400;13,0100;1;0,0000;0,0000;1;1;1;9;0;0
56,8750;85,8659;10,2000;4,5853;-0,4852;0,0000;0,0000;0,0927;-0,1420;0,1641;-0,6065;8,4700;13,0500;1;0,0000;0,0000;1;1;1;9;0;0
56,8889;85,8272;10,2000;4,4773;-0,4796;0,0000;0,0000;0,0939;-0,1326;0,1655;-0,5995;8,5800;13,0600;1;0,0000;0,0000;1;1;1;9;0;0
56,9028;85,7885;10,2000;4,3704;-0,4739;0,0000;0,0000;0,0949;-0,1232;0,1669;-0,5924;8,7000;13,0700;1;0,0000;0,0000;1;1;1;9;0;0
56,9167;85,7497;10,2000;4,2827;-0,4682;0,0000;0,0000;0,0957;-0,1137;0,1684;-0,5853;8,8100;13,1000;1;0,0000;0,0000;1;1;1;9;0;0
56,9306;85,7110;10,2000;4,1759;-0,4625;0,0000;0,0000;0,0966;-0,1042;0,1695;-0,5781;8,9200;13,1000;1;0,0000;0,0000;1;1;1;9;0;0
56,9445;85,6723;10,2000;4,0302;-0,4567;0,0000;0,0000;0,0976;-0,0946;0,1699;-0,5709;9,0300;13,0600;1;0,0000;0,0000;1;1;1;9;0;0
56,9584;85,6699;10,2000;3,8856;-0,4510;0,0000;0,0000;0,0985;-0,0849;0,1702;-0,5637;9,1300;13,0200;1;0,0001;0,0000;1;1;1;9;0;0
56,9723;85,6699;10,2000;3,7265;-0,4452;0,0000;0,0000;0,0994;-0,0753;0,1701;-0,5565;9,2300;12,9600;1;0,0001;0,0000;1;1;1;9;0;0
56,9861;85,6699;10,2000;3,5600;-0,4394;0,0000;0,0000;0,1002;-0,0656;0,1698;-0,5492;9,3200;12,8800;1;0,0001;0,0000;1;1;1;9;0;0
57,0000;85,6699;10,2000;3,4013;-0,4335;0,0000;0,0000;0,1007;-0,0559;0,1695;-0,5419;9,4100;12,8100;1;0,0001;0,0000;1;1;1;9;0;0
57,0139;85,6699;10,2000;3,2318;-0,4277;0,0000;0,0000;0,1012;-0,0461;0,1688;-0,5346;9,5000;12,7300;1;0,0001;0,0000;1;1;1;9;0;0
57,0278;85,4402;10,2000;3,0128;-0,4218;0,0000;0,0000;0,1018;-0,0364;0,1673;-0,5273;9,5800;12,5900;1;0,0000;0,0000;1;1;1;9;0;0
57,0417;85,4015;9,7000;2,7897;-0,4160;0,0000;0,0000;0,1023;-0,0267;0,1655;-0,5201;9,6500;12,4400;1;0,0000;0,0000;1;1;1;9;0;0
57,0556;85,3648;9,7000;2,6053;-0,4105;0,0000;0,0000;0,1023;-0,0175;0,1641;-0,5131;9,7100;12,3200;1;0,0000;0,0000;1;1;1;9;0;0
57,0695;85,3280;9,7000;2,4616;-0,4049;0,0000;0,0000;0,1018;-0,0082;0,1631;-0,5061;9,7800;12,2400;1;0,0000;0,0000;1;1;1;9;0;0
57,0834;85,2912;9,7000;2,3827;-0,3993;0,0000;0,0000;0,1007;0,0000;0,1629;-0,4992;9,8400;12,2200;1;0,0000;0,0000;1;1;1;9;0;0
57,0973;85,2544;9,7000;2,3386;-0,3937;0,0000;0,0000;0,0995;0,0000;0,1631;-0,4922;9,8900;12,2300;1;0,0000;0,0000;1;1;1;9;0;0
57,1111;85,2177;9,7000;2,2679;-0,3881;0,0000;0,0000;0,0986;0,0000;0,1629;-0,4851;9,9500;12,2200;1;0,0000;0,0000;1;1;1;9;0;0
57,1250;85,2153;9,7000;2,1854;-0,3825;0,0000;0,0000;0,0979;0,0000;0,1626;-0,4781;10,0100;12,1900;1;0,0000;0,0000;1;1;1;9;0;0
57,1389;85,2153;9,7000;2,0896;-0,3768;0,0000;0,0000;0,0973;0,0000;0,1620;-0,4710;10,0600;12,1500;1;0,0000;0,0000;1;1;1;9;0;0
57,1528;85,2153;9,7000;1,9955;-0,3712;0,0000;0,0000;0,0967;0,0000;0,1614;-0,4640;10,1100;12,1100;1;0,0000;0,0000;1;1;1;9;0;0
57,1667;85,2153;9,7000;1,9079;-0,3655;0,0000;0,0000;0,0961;0,0000;0,1609;-0,4569;10,1600;12,0700;1;0,0000;0,0000;1;1;1;9;0;0
57,1806;85,2153;9,7000;1,8096;-0,3599;0,0000;0,0000;0,0956;0,0000;0,1602;-0,4498;10,2000;12,0100;1;0,0000;0,0000;1;1;1;9;0;0
57,1945;85,2153;9,7000;1,7162;-0,3542;0,0000;0,0000;0,0950;0,0000;0,1595;-0,4428;10,2500;11,9600;1;0,0000;0,0000;1;1;1;9;0;0
57,2084;84,9604;9,7000;1,5936;-0,3486;0,0000;0,0000;0,0947;0,0000;0,1584;-0,4357;10,2900;11,8800;1;0,0000;0,0000;1;1;1;9;0;0
57,2223;84,9237;9,7000;1,4683;-0,3429;0,0000;0,0000;0,0943;0,0000;0,1572;-0,4286;10,3200;11,7900;1;0,0000;0,0000;1;1;1;9;0;0
57,2361;84,8869;9,7000;1,3362;-0,3373;0,0000;0,0000;0,0940;0,0000;0,1559;-0,4216;10,3600;11,6900;1;0,0000;0,0000;1;1;1;9;0;0
57,2500;84,8501;9,7000;1,2091;-0,3316;0,0000;0,0000;0,0936;0,0000;0,1546;-0,4145;10,3900;11,6000;1;0,0000;0,0000;1;1;1;8;0;0
57,2639;84,8134;9,7000;1,0726;-0,3260;0,0000;0,0000;0,0932;0,0000;0,1532;-0,4075;10,4200;11,4900;1;0,0000;0,0000;1;1;1;8;0;0
57,2778;84,7766;9,7000;0,9338;-0,3204;0,0000;0,0000;0,0927;0,0000;0,1516;-0,4005;10,4400;11,3700;1;0,0000;0,0000;1;1;1;8;0;0
57,2917;84,7584;9,7000;0,7662;-0,3148;0,0000;0,0000;0,0925;0,0000;0,1497;-0,3935;10,4600;11,2300;1;0,0000;0,0000;1;1;1;8;0;0
57,3056;84,7584;9,1000;0,5995;-0,3092;0,0000;0,0000;0,0921;0,0000;0,1476;-0,3865;10,4700;11,0700;1;0,0000;0,0000;1;1;1;8;0;0
57,3195;84,7584;9,1000;0,4039;-0,3041;0,0000;0,0000;0,0918;0,0000;0,1451;-0,3801;10,4800;10,8900;1;0,0000;0,0000;1;1;1;8;0;0
57,3334;84,7584;9,1000;0,2485;-0,2989;0,0000;0,0000;0,0918;0,0000;0,0000;-0,3736;10,4900;10,7400;1;0,0000;0,0000;0;1;1;8;0;0
57,3473;84,7584;9,1000;0,1297;-0,2938;0,0000;0,0000;0,0918;0,0000;0,0000;-0,3672;10,4900;10,6200;1;0,0000;0,0000;0;1;1;8;0;0
57,3611;84,7584;9,1000;-0,0061;-0,2887;0,0000;0,0000;0,0918;0,0000;0,0000;-0,3609;10,4900;10,4800;1;0,0000;0,0000;0;1;1;8;0;0
57,3750;84,7584;9,1000;-0,2296;-0,2836;0,0000;0,0000;0,0918;0,0000;0,0000;-0,3545;10,4800;10,2500;1;0,0000;0,0000;0;1;1;8;0;0
57,3889;84,4960;9,1000;-0,4537;-0,2786;0,0000;0,0000;0,0918;0,0000;0,0000;-0,3483;10,4700;10,0200;1;0,0000;0,0000;0;1;1;8;0;0
57,4028;84,4614;9,1000;-0,8279;-0,2737;0,0000;0,0000;0,0918;0,0000;0,0000;-0,3421;10,4500;9,6300;1;0,0000;0,0000;0;1;1;8;0;0
57,4167;84,4268;9,1000;-1,1774;-0,2688;0,0000;0,0000;0,0918;0,0000;0,0000;-0,3360;10,4300;9,2500;1;0,0000;0,0000;0;1;1;8;0;0
57,4306;84,3922;9,1000;-1,6269;-0,2640;0,0000;0,0000;0,0918;0,0000;0,0000;-0,3300;10,3900;8,7600;1;0,0000;0,0000;0;1;1;8;0;0
57,4445;84,3576;9,1000;-2,0518;-0,2593;0,0000;0,0000;0,0918;0,0000;0,0000;-0,3242;10,3400;8,2900;1;0,0000;0,0000;0;1;1;8;0;0
57,4584;84,3230;9,1000;-2,3493;-0,2547;0,0000;0,0000;0,0918;0,0000;0,0000;-0,3184;10,2800;7,9300;1;0,0000;0,0000;0;1;1;8;0;0
57,4723;84,3025;9,1000;-2,7263;-0,2502;0,0000;0,0000;0,0918;0,0000;0,0000;-0,3128;10,2200;7,4900;1;0,0000;0,0000;0;1;1;8;0;0
57,4861;84,3025;9,1000;-3,1340;-0,2458;0,0000;0,0000;0,0918;0,0000;0,0000;-0,3073;10,1500;7,0100;1;0,0000;0,0000;0;1;1;8;0;0
57,5000;84,3025;9,1000;-3,6030;-0,2416;0,0000;0,0000;0,0918;0,0000;0,0000;-0,3019;10,0600;6,4600;1;0,0000;0,0000;0;1;1;8;0;0
57,5139;84,3025;9,1000;-4,1626;-0,2374;0,0000;0,0000;0,0918;0,0000;0,0000;-0,2968;9,9600;5,8000;1;0,0000;0,0000;0;1;1;8;0;0
57,5278;84,3025;9,1000;-4,6806;-0,2335;0,0000;0,0000;0,0918;0,0000;0,0000;-0,2918;9,8500;5,1700;1;0,0000;0,0000;0;1;1;8;0;0
57,5417;84,3025;9,1000;-5,1035;-0,2296;0,0000;0,0000;0,0918;0,0000;0,0000;-0,2870;9,7300;4,6300;1;0,0000;0,0000;0;1;1;8;0;0
57,5556;84,3025;9,1000;-5,4716;-0,2259;0,0000;0,0000;0,0918;0,0000;0,0000;-0,2824;9,6000;4,1300;1;0,0000;0,0000;0;1;1;8;0;0
57,5695;84,0449;9,1000;-5,7259;-0,2223;0,0000;0,0000;0,0918;0,0000;0,0000;-0,2779;9,4700;3,7400;1;0,0000;0,0000;0;1;1;8;0;0
57,5834;84,0101;9,1000;-5,9858;-0,2188;0,0000;0,0000;0,0918;0,0000;0,0000;-0,2735;9,3300;3,3400;1;0,0000;0,0000;0;1;1;8;0;0
57,5973;83,9752;9,1000;-6,2170;-0,2154;0,0000;0,0000;0,0918;0,0000;0,0000;-0,2693;9,1800;2,9600;1;0,0000;0,0000;0;1;1;8;0;0
57,6111;83,9403;9,1000;-6,3654;-0,2121;0,0000;0,0000;0,0918;0,0000;0,0000;-0,2652;9,0300;2,6700;1;0,0000;0,0000;0;1;1;8;0;0
57,6250;83,9054;9,1000;-6,4746;-0,2089;0,0000;0,0000;0,0918;0,0000;0,0000;-0,2612;8,8800;2,4100;1;0,0000;0,0000;0;1;1;8;0;0
57,6389;83,8705;9,1000;-6,4887;-0,2058;0,0000;0,0000;0,0918;0,0000;0,0000;-0,2573;8,7300;2,2400;1;0,0000;0,0000;0;1;1;8;0;0
57,6528;83,8467;9,1000;-6,3528;-0,2028;0,0000;0,0000;0,0918;0,0000;0,0000;-0,2534;8,5800;2,2300;1;0,0000;0,0000;0;1;1;8;0;0
57,6667;83,8467;9,1000;-6,2520;-0,1998;0,0000;0,0000;0,0918;0,0000;0,0000;-0,2497;8,4300;2,1800;1;0,0000;0,0000;0;1;1;8;0;0
57,6806;83,8467;9,1000;-6,2125;-0,1968;0,0000;0,0000;0,0918;0,0000;0,0000;-0,2460;8,2900;2,0700;1;0,0000;0,0000;0;1;1;8;0;0
57,6945;83,8467;9,1000;-6,1881;-0,1940;0,0000;0,0000;0,0918;0,0000;0,0000;-0,2424;8,1400;1,9500;1;0,0000;0,0000;0;1;1;8;0;0
57,7084;83,8467;9,1000;-6,1247;-0,1911;0,0000;0,0000;0,0918;0,0000;0,0000;-0,2389;8,0000;1,8700;1;0,0000;0,0000;0;1;1;8;0;0
57,7223;83,8467;9,1000;-6,0343;-0,1884;0,0000;0,0000;0,0918;0,0000;0,0000;-0,2355;7,8600;1,8200;1;0,0000;0,0000;0;1;1;8;0;0
57,7361;83,8467;9,1000;-5,8981;-0,1856;0,0000;0,0000;0,0918;0,0000;0,0000;-0,2321;7,7200;1,8200;1;0,0000;0,0000;0;1;1;8;0;0
57,7500;83,5908;9,1000;-5,6952;-0,1829;0,0000;0,0000;0,0918;0,0000;0,0000;-0,2287;7,5800;1,8900;1;0,0000;0,0000;0;1;1;8;0;0
57,7639;83,5558;9,1000;-5,4822;-0,1803;0,0000;0,0000;0,0918;0,0000;0,0000;-0,2254;7,4600;1,9700;1;0,0000;0,0000;0;1;1;8;0;0
57,7778;83,5209;9,1000;-5,1691;-0,1776;0,0000;0,0000;0,0918;0,0000;0,0000;-0,2220;7,3400;2,1700;1;0,0000;0,0000;0;1;1;8;0;0
57,7917;83,4859;9,1000;-4,8835;-0,1750;0,0000;0,0000;0,0918;0,0000;0,0000;-0,2187;7,2200;2,3400;1;0,0000;0,0000;0;1;1;8;0;0
57,8056;83,4509;8,6000;-4,6360;-0,1723;0,0000;0,0000;0,0918;0,0000;0,0000;-0,2153;7,1200;2,4800;1;0,0000;0,0000;0;1;1;8;0;0
57,8195;83,4179;8,6000;-4,4142;-0,1698;0,0000;0,0000;0,0918;0,0000;0,0000;-0,2122;7,0200;2,6100;1;0,0000;0,0000;0;1;1;8;0;0
57,8334;83,3906;8,6000;-4,1910;-0,1673;0,0000;0,0000;0,0918;0,0000;0,0000;-0,2091;6,9300;2,7400;1;0,0000;0,0000;0;1;1;8;0;0
57,8473;83,3906;8,6000;-3,9711;-0,1648;0,0000;0,0000;0,0918;0,0000;0,0000;-0,2060;6,8400;2,8700;1;0,0000;0,0000;0;1;1;8;0;0
57,8611;83,3906;8,6000;-3,7608;-0,1624;0,0000;0,0000;0,0918;0,0000;0,0000;-0,2030;6,7600;3,0000;1;0,0000;0,0000;0;1;1;8;0;0
57,8750;83,3906;8,6000;-3,5657;-0,1599;0,0000;0,0000;0,0918;0,0000;0,0000;-0,1999;6,6800;3,1100;1;0,0000;0,0000;0;1;1;8;0;0
57,8889;83,3906;8,6000;-3,4264;-0,1574;0,0000;0,0000;0,0918;0,0000;0,0000;-0,1968;6,6000;3,1800;1;0,0000;0,0000;0;1;1;8;0;0
57,9028;83,3906;8,6000;-3,3166;-0,1550;0,0000;0,0000;0,0918;0,0000;0,0000;-0,1937;6,5300;3,2100;1;0,0000;0,0000;0;1;1;8;0;0
57,9167;83,3906;8,6000;-3,2623;-0,1526;0,0000;0,0000;0,0918;0,0000;0,0000;-0,1907;6,4600;3,2000;1;0,0000;0,0000;0;1;1;8;0;0
57,9306;83,1535;8,6000;-3,2570;-0,1502;0,0000;0,0000;0,0918;0,0000;0,0000;-0,1877;6,3900;3,1300;1;0,0000;0,0000;0;1;1;8;0;0
57,9445;83,1205;8,6000;-3,2684;-0,1478;0,0000;0,0000;0,0918;0,0000;0,0000;-0,1848;6,3200;3,0500;1;0,0000;0,0000;0;1;1;8;0;0
57,9584;83,0874;8,6000;-3,2774;-0,1455;0,0000;0,0000;0,0918;0,0000;0,0000;-0,1819;6,2400;2,9700;1;0,0000;0,0000;0;1;1;8;0;0
57,9723;83,0543;8,6000;-3,2781;-0,1432;0,0000;0,0000;0,0918;0,0000;0,0000;-0,1790;6,1700;2,8900;1;0,0000;0,0000;0;1;1;8;0;0
57,9861;83,0213;8,6000;-3,2533;-0,1409;0,0000;0,0000;0,0918;0,0000;0,0000;-0,1762;6,1000;2,8500;1;0,0000;0,0000;0;1;1;8;0;0
58,0000;82,9882;8,6000;-3,2102;-0,1387;0,0000;0,0000;0,0918;0,0000;0,0000;-0,1734;6,0300;2,8200;1;0,0000;0,0000;0;1;1;8;0;0
58,0139;82,9551;8,6000;-3,1675;-0,1365;0,0000;0,0000;0,0918;0,0000;0,0000;-0,1706;5,9600;2,7900;1;0,0000;0,0000;0;1;1;8;0;0
58,0278;82,9348;8,6000;-3,1345;-0,1343;0,0000;0,0000;0,0918;0,0000;0,0000;-0,1678;5,8900;2,7600;1;0,0000;0,0000;0;1;1;8;0;0
58,0417;82,9348;8,6000;-3,1134;-0,1321;0,0000;0,0000;0,0918;0,0000;0,0000;-0,1651;5,8200;2,7100;1;0,0000;0,0000;0;1;1;8;0;0
58,0556;82,9348;8,6000;-3,0939;-0,1299;0,0000;0,0000;0,0918;0,0000;0,0000;-0,1624;5,7600;2,6600;1;0,0000;0,0000;0;1;1;8;0;0
58,0695;82,9348;8,6000;-3,0862;-0,1278;0,0000;0,0000;0,0918;0,0000;0,0000;-0,1598;5,6900;2,6000;1;0,0000;0,0000;0;1;1;8;0;0
58,0834;82,9348;8,6000;-3,0878;-0,1257;0,0000;0,0000;0,0918;0,0000;0,0000;-0,1572;5,6200;2,5300;1;0,0000;0,0000;0;1;1;8;0;0
58,0973;82,9348;8,6000;-3,1047;-0,1237;0,0000;0,0000;0,0918;0,0000;0,0000;-0,1546;5,5500;2,4500;1;0,0000;0,0000;0;1;1;8;0;0
58,1111;82,9348;8,6000;-3,1303;-0,1216;0,0000;0,0000;0,0918;0,0000;0,0000;-0,1521;5,4800;2,3500;1;0,0000;0,0000;0;1;1;8;0;0
58,1250;82,6905;8,6000;-3,1651;-0,1197;0,0000;0,0000;0,0918;0,0000;0,0000;-0,1496;5,4100;2,2500;1;0,0000;0,0000;0;1;1;8;0;0
58,1389;82,6574;8,6000;-3,2026;-0,1177;0,0000;0,0000;0,0918;0,0000;0,0000;-0,1472;5,3400;2,1400;1;0,0000;0,0000;0;1;1;8;0;0
58,1528;82,6243;8,6000;-3,2282;-0,1158;0,0000;0,0000;0,0918;0,0000;0,0000;-0,1448;5,2700;2,0400;1;0,0000;0,0000;0;1;1;8;0;0
58,1667;82,5912;8,6000;-3,2441;-0,1140;0,0000;0,0000;0,0918;0,0000;0,0000;-0,1425;5,2000;1,9600;1;0,0000;0,0000;0;1;1;8;0;0
58,1806;82,5581;8,6000;-3,2560;-0,1122;0,0000;0,0000;0,0918;0,0000;0,0000;-0,1402;5,1300;1,8700;1;0,0000;0,0000;0;1;1;8;0;0
58,1945;82,5249;8,6000;-3,2651;-0,1104;0,0000;0,0000;0,0918;0,0000;0,0000;-0,1380;5,0600;1,7900;1;0,0000;0,0000;0;1;1;8;0;0
58,2084;82,4918;8,6000;-3,2715;-0,1086;0,0000;0,0000;0,0918;0,0000;0,0000;-0,1357;4,9800;1,7100;1;0,0000;0,0000;0;1;1;8;0;0
58,2223;82,4782;8,6000;-3,2718;-0,1069;0,0000;0,0000;0,0918;0,0000;0,0000;-0,1336;4,9100;1,6400;1;0,0000;0,0000;0;1;1;8;0;0
58,2361;82,4782;8,6000;-3,2396;-0,1052;0,0000;0,0000;0,0918;0,0000;0,0000;-0,1314;4,8400;1,6000;1;0,0000;0,0000;0;1;1;8;0;0
58,2500;82,4782;8,6000;-3,1846;-0,1035;0,0000;0,0000;0,0918;0,0000;0,0000;-0,1294;4,7700;1,5900;1;0,0000;0,0000;0;1;1;4;0;0
58,2639;82,4782;8,6000;-3,0807;-0,1018;0,0000;0,0000;0,0918;0,0000;0,0000;-0,1273;4,7000;1,6200;1;0,0000;0,0000;0;1;1;4;0;0
58,2778;82,4782;8,6000;-2,9855;-0,1002;0,0000;0,0000;0,0918;0,0000;0,0000;-0,1252;4,6400;1,6500;1;0,0000;0,0000;0;1;1;4;0;0
58,2917;82,4782;9,1000;-2,9341;-0,0986;0,0000;0,0000;0,0918;0,0000;0,0000;-0,1232;4,5700;1,6400;1;0,0000;0,0000;0;1;1;4;0;0
58,3056;82,4782;9,1000;-2,8814;-0,0969;0,0000;0,0000;0,0918;0,0000;0,0000;-0,1211;4,5000;1,6200;1;0,0000;0,0000;0;1;1;4;0;0
58,3195;82,2230;9,1000;-2,8235;-0,0952;0,0000;0,0000;0,0918;0,0000;0,0000;-0,1190;4,4400;1,6100;1;0,0000;0,0000;0;1;1;4;0;0
58,3334;82,1880;9,1000;-2,7414;-0,0936;0,0000;0,0000;0,0918;0,0000;0,0000;-0,1170;4,3700;1,6300;1;0,0000;0,0000;0;1;1;4;0;0
58,3473;82,1529;9,1000;-2,6345;-0,0919;0,0000;0,0000;0,0918;0,0000;0,0000;-0,1149;4,3100;1,6800;1;0,0000;0,0000;0;1;1;4;0;0
58,3611;82,1178;9,1000;-2,5437;-0,0903;0,0000;0,0000;0,0918;0,0000;0,0000;-0,1128;4,2500;1,7100;1;0,0000;0,0000;0;1;1;4;0;0
58,3750;82,0828;9,1000;-2,4369;-0,0886;0,0000;0,0000;0,0918;0,0000;0,0000;-0,1108;4,2000;1,7600;1;0,0000;0,0000;0;1;1;4;0;0
58,3889;82,0477;9,1000;-2,3071;-0,0870;0,0000;0,0000;0,0918;0,0000;0,0000;-0,1088;4,1400;1,8400;1;0,0000;0,0000;0;1;1;4;0;0
58,4028;82,0224;9,1000;-2,1928;-0,0854;0,0000;0,0000;0,0918;0,0000;0,0000;-0,1067;4,0900;1,9000;1;0,0000;0,0000;0;1;1;4;0;0
58,4167;82,0224;9,1000;-2,0489;-0,0838;0,0000;0,0000;0,0918;0,0000;0,0000;-0,1047;4,0400;2,0000;1;0,0000;0,0000;0;1;1;4;0;0
58,4306;82,0224;9,1000;-1,9007;-0,0821;0,0000;0,0000;0,0918;0,0000;0,0000;-0,1027;4,0000;2,1000;1;0,0000;0,0000;0;1;1;4;0;0
58,4445;82,0224;9,1000;-1,7817;-0,0805;0,0000;0,0000;0,0918;0,0000;0,0000;-0,1006;3,9600;2,1800;1;0,0000;0,0000;0;1;1;4;0;0
58,4584;82,0224;9,1000;-1,6834;-0,0789;0,0000;0,0000;0,0918;0,0000;0,0000;-0,0986;3,9200;2,2400;1;0,0000;0,0000;0;1;1;4;0;0
58,4723;82,0224;9,1000;-1,5754;-0,0772;0,0000;0,0000;0,0918;0,0000;0,0000;-0,0965;3,8800;2,3100;1;0,0000;0,0000;0;1;1;4;0;0
58,4861;82,0224;9,1000;-1,4437;-0,0756;0,0000;0,0000;0,0918;0,0000;0,0000;-0,0945;3,8500;2,4100;1;0,0000;0,0000;0;1;1;4;0;0
58,5000;81,7673;9,1000;-1,3104;-0,0739;0,0000;0,0000;0,0918;0,0000;0,0000;-0,0924;3,8200;2,5100;1;0,0000;0,0000;0;1;1;4;0;0
58,5139;81,7323;9,1000;-1,1849;-0,0723;0,0000;0,0000;0,0918;0,0000;0,0000;-0,0903;3,7900;2,6100;1;0,0000;0,0000;0;1;1;4;0;0
58,5278;81,6973;9,1000;-1,0383;-0,0706;0,0000;0,0000;0,0918;0,0000;0,0000;-0,0882;3,7700;2,7300;1;0,0000;0,0000;0;1;1;4;0;0
58,5417;81,6622;9,8000;-0,9256;-0,0689;0,0000;0,0000;0,0918;0,0000;0,0000;-0,0862;3,7500;2,8200;1;0,0000;0,0000;0;1;1;4;0;0
58,5556;81,6245;9,8000;-0,8569;-0,0671;0,0000;0,0000;0,0918;0,0000;0,0000;-0,0839;3,7300;2,8700;1;0,0000;0,0000;0;1;1;4;0;0
58,5695;81,5867;9,8000;-0,7573;-0,0653;0,0000;0,0000;0,0918;0,0000;0,0000;-0,0816;3,7100;2,9500;1;0,0000;0,0000;0;1;1;4;0;0
58,5834;81,5665;9,8000;-0,6756;-0,0635;0,0000;0,0000;0,0918;0,0000;0,0000;-0,0793;3,6900;3,0200;1;0,0000;0,0000;0;1;1;4;0;0
58,5973;81,5665;9,8000;-0,5956;-0,0616;0,0000;0,0000;0,0918;0,0000;0,0000;-0,0770;3,6800;3,0800;1;0,0000;0,0000;0;1;1;4;0;0
58,6111;81,5665;9,8000;-0,4914;-0,0598;0,0000;0,0000;0,0918;0,0000;0,0000;-0,0747;3,6700;3,1700;1;0,0000;0,0000;0;1;1;4;0;0
58,6250;81,5665;9,8000;-0,3973;-0,0579;0,0000;0,0000;0,0918;0,0000;0,0000;-0,0724;3,6600;3,2600;1;0,0000;0,0000;0;1;1;4;0;0
58,6389;81,5665;9,8000;-0,3256;-0,0560;0,0000;0,0000;0,0918;0,0000;0,0000;-0,0700;3,6500;3,3200;1;0,0000;0,0000;0;1;1;4;0;0
58,6528;81,5665;9,8000;-0,2763;-0,0542;0,0000;0,0000;0,0918;0,0000;0,0000;-0,0677;3,6400;3,3600;1;0,0000;0,0000;0;1;1;4;0;0
58,6667;81,3226;9,8000;-0,2103;-0,0523;0,0000;0,0000;0,0918;0,0000;0,0000;-0,0653;3,6400;3,4300;1;0,0000;0,0000;0;1;1;4;0;0
58,6806;81,2848;9,8000;-0,1376;-0,0504;0,0000;0,0000;0,0918;0,0000;0,0000;-0,0630;3,6300;3,4900;1;0,0000;0,0000;0;1;1;4;0;0
58,6945;81,2471;9,8000;-0,0461;-0,0485;0,0000;0,0000;0,0918;0,0000;0,0000;-0,0606;3,6300;3,5900;1;0,0000;0,0000;0;1;1;4;0;0
58,7084;81,2094;9,8000;0,0327;-0,0465;0,0000;0,0000;0,0918;0,0000;0,0000;-0,0582;3,6300;3,6700;1;0,0000;0,0000;0;1;1;4;0;0
58,7223;81,1716;9,8000;0,1119;-0,0446;0,0000;0,0000;0,0918;0,0000;0,0000;-0,0557;3,6400;3,7500;1;0,0000;0,0000;0;1;1;4;0;0
58,7361;81,1339;9,8000;0,1679;-0,0426;0,0000;0,0000;0,0918;0,0000;0,0000;-0,0532;3,6400;3,8100;1;0,0000;0,0000;0;1;1;4;0;0
58,7500;81,1105;9,8000;0,2332;-0,0406;0,0000;0,0000;0,0918;0,0000;0,0000;-0,0508;3,6500;3,8800;1;0,0000;0,0000;0;1;1;4;0;0
58,7639;81,1105;9,8000;0,3082;-0,0386;0,0000;0,0000;0,0918;0,0000;0,0000;-0,0483;3,6600;3,9600;1;0,0000;0,0000;0;1;1;4;0;0
58,7778;81,1105;9,8000;0,3685;-0,0366;0,0000;0,0000;0,0918;0,0000;0,0000;-0,0457;3,6700;4,0300;1;0,0000;0,0000;0;1;1;4;0;0
58,7917;81,1105;9,8000;0,4314;-0,0345;0,0000;0,0000;0,0918;0,0000;0,0000;-0,0432;3,6800;4,1100;1;0,0000;0,0000;0;1;1;4;0;0
58,8056;81,1105;9,8000;0,4717;-0,0325;0,0000;0,0000;0,0918;0,0000;0,0000;-0,0406;3,6900;4,1600;1;0,0000;0,0000;0;1;1;4;0;0
58,8195;81,1105;9,8000;0,5093;-0,0304;0,0000;0,0000;0,0918;0,0000;0,0000;-0,0380;3,7000;4,2100;1;0,0000;0,0000;0;1;1;4;0;0
58,8334;80,8698;9,8000;0,5259;-0,0283;0,0000;0,0000;0,0918;0,0000;0,0000;-0,0354;3,7200;4,2400;1;0,0001;0,0000;0;1;1;4;0;0
58,8473;80,8321;9,8000;0,5320;-0,0263;0,0000;0,0000;0,0918;0,0000;0,0000;-0,0328;3,7300;4,2600;1;0,0001;0,0000;0;1;1;4;0;0
58,8611;80,7944;9,8000;0,5347;-0,0242;0,0000;0,0000;0,0918;0,0000;0,0000;-0,0302;3,7400;4,2800;1;0,0001;0,0000;0;1;1;4;0;0
58,8750;80,7567;9,8000;0,5288;-0,0221;0,0000;0,0000;0,0918;0,0000;0,0000;-0,0276;3,7600;4,2900;1;0,0001;0,0000;0;1;1;4;0;0
58,8889;80,7190;9,8000;0,5016;-0,0200;0,0000;0,0000;0,0918;0,0000;0,0000;-0,0250;3,7700;4,2700;1;0,0002;0,0000;0;1;1;4;0;0
58,9028;80,6813;9,8000;0,4677;-0,0179;0,0000;0,0000;0,0918;0,0000;0,0000;-0,0224;3,7800;4,2500;1;0,0002;0,0000;0;1;1;4;0;0
58,9167;80,6536;9,8000;0,4322;-0,0158;0,0000;0,0000;0,0918;0,0000;0,0000;-0,0197;3,7900;4,2300;1;0,0002;0,0000;0;1;1;4;0;0
58,9306;80,6536;9,8000;0,3932;-0,0137;0,0000;0,0000;0,0918;0,0000;0,0000;-0,0171;3,8000;4,2000;1;0,0002;0,0000;0;1;1;4;0;0
58,9445;80,6536;9,8000;0,3628;-0,0116;0,0000;0,0000;0,0918;0,0000;0,0000;-0,0145;3,8100;4,1800;1;0,0002;0,0000;0;1;1;4;0;0
58,9584;80,6536;9,8000;0,3427;-0,0095;0,0000;0,0000;0,0918;0,0000;0,0000;-0,0119;3,8200;4,1600;1;0,0002;0,0000;0;1;1;4;0;0
58,9723;80,6536;9,8000;0,3339;-0,0074;0,0000;0,0000;0,0918;0,0000;0,0000;-0,0093;3,8300;4,1600;1;0,0002;0,0000;0;1;1;4;0;0
58,9861;80,6536;9,8000;0,3323;-0,0053;0,0000;0,0000;0,0918;0,0000;0,0000;-0,0067;3,8400;4,1700;1;0,0002;0,0000;0;1;1;4;0;0
59,0000;80,4172;9,8000;0,3319;-0,0032;0,0000;0,0000;0,0918;0,0000;0,0000;-0,0040;3,8500;4,1800;1;0,0005;0,0000;0;1;1;4;0;0
59,0139;80,3795;9,8000;0,3574;-0,0011;0,0000;0,0000;0,0918;0,0000;0,0000;-0,0014;3,8600;4,2100;1;0,0006;0,0000;0;1;1;4;0;0
59,0278;80,3418;11,8000;0,3812;0,0010;0,0000;0,0000;0,0918;0,0000;0,0000;0,0013;3,8700;4,2500;1;0,0007;0,0000;0;1;1;4;0;0
59,0417;80,2964;11,8000;0,4111;0,0036;0,0000;0,0000;0,0918;0,0000;0,0000;0,0045;3,8800;4,2900;1;0,0007;0,0000;0;1;1;4;0;0
59,0556;80,2510;11,8000;0,4671;0,0062;0,0000;0,0000;0,0918;0,0000;0,0000;0,0077;3,9000;4,3600;1;0,0008;0,0000;0;1;1;4;0;0
59,0695;80,2056;11,8000;0,5414;0,0088;0,0000;0,0000;0,0918;0,0000;0,0000;0,0110;3,9100;4,4500;1;0,0009;0,0000;0;1;1;4;0;0
59,0834;80,1961;11,8000;0,6112;0,0115;0,0000;0,0000;0,0918;0,0000;0,0000;0,0143;3,9300;4,5400;1;0,0009;0,0000;0;1;1;4;0;0
59,0973;80,1961;11,8000;0,7153;0,0142;0,0000;0,0000;0,0918;0,0000;0,0000;0,0177;3,9500;4,6700;1;0,0009;0,0000;0;1;1;4;0;0
59,1111;80,1961;11,8000;0,8259;0,0169;0,0000;0,0000;0,0918;0,0000;0,0000;0,0211;3,9800;4,8100;1;0,0009;0,0000;0;1;1;4;0;0
59,1250;80,1961;11,8000;0,9423;0,0197;0,0000;0,0000;0,0918;0,0000;0,0000;0,0246;4,0100;4,9500;1;0,0009;0,0000;0;1;1;4;0;0
59,1389;80,1961;11,8000;1,0920;0,0225;0,0000;0,0000;0,0918;0,0000;0,0000;0,0281;4,0400;5,1400;1;0,0009;0,0000;0;1;1;4;0;0
59,1528;79,9331;11,8000;1,2245;0,0248;0,0000;0,0000;0,0918;0,0000;0,0000;0,0310;3,8100;5,0300;1;0,0162;61,7500;0;1;1;4;0;0
59,1667;79,8877;11,8000;1,3968;0,0276;0,0000;0,0000;0,0918;0,0000;0,0000;0,0346;3,8000;5,2000;1;0,0188;53,0900;0;1;1;4;0;0
59,1806;79,8423;11,8000;1,5881;0,0306;0,0000;0,0000;0,0918;0,0000;0,0000;0,0382;3,8000;5,3900;1;0,0215;46,5600;0;1;1;4;0;0
59,1945;79,7970;11,8000;1,6263;0,0335;0,0000;0,0000;0,0918;0,0000;0,0000;0,0419;3,8100;5,4300;1;0,0241;41,4600;0;1;1;4;0;0
59,2084;79,7516;11,8000;2,0116;0,0366;0,0000;0,0000;0,0918;0,0000;0,0000;0,0458;3,8200;5,8300;1;0,0268;37,3700;0;1;1;4;0;0
59,2223;79,7410;11,8000;2,2516;0,0397;0,0000;0,0000;0,0918;0,0000;0,0000;0,0496;3,8800;6,1300;1;0,0274;36,5300;0;1;1;4;0;0
59,2361;79,7410;11,8000;2,4686;0,0428;0,0000;0,0000;0,0918;0,0000;0,0000;0,0534;3,9500;6,4200;1;0,0274;36,5300;0;1;1;4;0;0
59,2500;79,7410;11,8000;2,6784;0,0459;0,0000;0,0000;0,0918;0,0000;0,0000;0,0574;4,0400;6,7100;1;0,0274;36,5300;0;1;1;4;0;0
59,2639;79,7410;11,8000;2,8878;0,0492;0,0000;0,0000;0,0918;0,0000;0,0000;0,0616;4,1200;7,0100;1;0,0274;36,5300;0;1;1;5;0;0
59,2778;79,7410;11,8000;3,0603;0,0526;0,0000;0,0000;0,0918;0,0000;0,0000;0,0658;4,2200;7,2800;1;0,0274;36,5300;0;1;1;5;0;0
59,2917;79,4788;11,8000;3,1981;0,0548;0,0000;0,0000;0,0918;0,0000;0,0000;0,0685;3,8900;7,0900;0;0,0285;35,1400;0;1;1;5;0;0
59,3056;79,4334;11,8000;3,2122;0,0581;0,0000;0,0000;0,0918;0,0000;0,0000;0,0727;3,9200;7,1300;0;0,0286;34,9100;0;1;1;5;0;0
59,3195;79,3881;11,8000;3,1846;0,0615;0,0000;0,0000;0,0918;0,0000;0,0000;0,0769;3,9400;7,1200;0;0,0288;34,6900;0;1;1;5;0;0
59,3334;79,3428;11,8000;3,1541;0,0649;0,0000;0,0000;0,0918;0,0000;0,0000;0,0812;3,9600;7,1200;0;0,0290;34,4600;0;1;1;5;0;0
59,3473;79,2974;11,8000;3,1480;0,0684;0,0000;0,0000;0,0918;0,0000;0,0000;0,0855;3,9800;7,1300;0;0,0292;34,2400;0;1;1;5;0;0
59,3611;79,2860;11,8000;3,1138;0,0718;0,0000;0,0000;0,0918;0,0000;0,0000;0,0898;4,0600;7,1800;0;0,0293;34,1900;0;1;1;5;0;0
59,3750;79,2860;11,8000;3,0527;0,0752;0,0000;0,0000;0,0918;0,0000;0,0000;0,0940;4,1500;7,2100;0;0,0293;34,1900;0;1;1;5;0;0
59,3889;79,2860;11,8000;2,9426;0,0786;0,0000;0,0000;0,0918;0,0000;0,0000;0,0982;4,2400;7,1900;0;0,0293;34,1900;0;1;1;5;0;0
59,4028;79,2860;11,8000;2,7981;0,0820;0,0000;0,0000;0,0918;0,0000;0,0000;0,1025;4,3300;7,1300;0;0,0293;34,1900;0;1;1;5;0;0
59,4167;79,2860;11,8000;2,6484;0,0854;0,0000;0,0000;0,0918;0,0000;0,0000;0,1067;4,4100;7,0600;0;0,0293;34,1900;0;1;1;5;0;0
59,4306;79,0241;11,8000;2,5388;0,0874;0,0000;0,0000;0,0918;0,0000;0,0000;0,1093;4,0400;6,5700;0;0,0304;32,8600;0;1;1;5;0;0
59,4445;78,9787;11,8000;2,3869;0,0906;0,0000;0,0000;0,0918;0,0000;0,0000;0,1133;4,0300;6,4200;0;0,0306;32,6500;0;1;1;5;0;0
59,4584;78,9334;11,8000;2,2308;0,0938;0,0000;0,0000;0,0918;0,0000;0,0000;0,1173;4,0200;6,2500;0;0,0308;32,4300;0;1;1;5;0;0
59,4723;78,8880;11,8000;2,1104;0,0971;0,0000;0,0000;0,0918;0,0000;0,0000;0,1213;4,0100;6,1100;0;0,0310;32,2200;0;1;1;5;0;0
59,4861;78,8427;11,8000;2,0219;0,1003;0,0000;0,0000;0,0918;0,0000;0,0000;0,1254;3,9900;6,0100;0;0,0312;32,0100;0;1;1;5;0;0
59,5000;78,8306;11,8000;2,0042;0,1034;0,0000;0,0000;0,0918;0,0000;0,0000;0,1293;4,0300;6,0300;0;0,0313;31,9500;0;1;1;5;0;0
59,5139;78,8306;11,8000;1,9522;0,1065;0,0000;0,0000;0,0918;0,0000;0,0000;0,1331;4,0900;6,0400;0;0,0313;31,9500;0;1;1;5;0;0
59,5278;78,8306;12,3000;1,8845;0,1096;0,0000;0,0000;0,0918;0,0000;0,0000;0,1370;4,1500;6,0300;0;0,0313;31,9500;0;1;1;5;0;0
59,5417;78,8306;12,3000;1,7915;0,1128;0,0000;0,0000;0,0918;0,0000;0,0000;0,1410;4,2100;6,0000;0;0,0313;31,9500;0;1;1;5;0;0
59,5556;78,8306;12,3000;1,7383;0,1160;0,0000;0,0000;0,0918;0,0000;0,0000;0,1451;4,2600;6,0000;0;0,0313;31,9500;0;1;1;5;0;0
59,5695;78,5628;12,3000;1,7101;0,1177;0,0000;0,0000;0,0918;0,0000;0,0000;0,1472;3,8200;5,5300;0;0,0326;30,6700;0;1;1;5;0;0
59,5834;78,5155;12,3000;1,6713;0,1208;0,0000;0,0000;0,0918;0,0000;0,0000;0,1510;3,7800;5,4500;0;0,0328;30,4500;0;1;1;5;0;0
59,5973;78,4682;12,3000;1,6325;0,1238;0,0000;0,0000;0,0918;0,0000;0,0000;0,1548;3,7500;5,3800;0;0,0331;30,2400;0;1;1;5;0;0
59,6111;78,4209;12,3000;1,5647;0,1269;0,0000;0,0000;0,0918;0,0000;0,0000;0,1586;3,7100;5,2700;0;0,0333;30,0300;0;1;1;5;0;0
59,6250;78,3742;12,3000;1,4873;0,1300;0,0000;0,0000;0,0918;0,0000;0,0000;0,1625;3,6700;5,1600;0;0,0335;29,8200;0;1;1;5;0;0
59,6389;78,3742;12,3000;1,4102;0,1328;0,0000;0,0000;0,0918;0,0000;0,0000;0,1660;3,7200;5,1300;0;0,0335;29,8200;0;1;1;5;0;0
59,6528;78,3742;12,3000;1,3947;0,1356;0,0000;0,0000;0,0918;0,0000;0,0000;0,1695;3,7600;5,1600;0;0,0335;29,8200;0;1;1;5;0;0
59,6667;78,3742;12,3000;1,3197;0,1385;0,0000;0,0000;0,0918;0,0000;0,0000;0,1731;3,8000;5,1200;0;0,0335;29,8200;0;1;1;5;0;0
59,6806;78,3742;12,3000;1,2814;0,1413;0,0000;0,0000;0,0918;0,0000;0,0000;0,1767;3,8400;5,1300;0;0,0335;29,8200;0;1;1;5;0;0
59,6945;78,1344;12,3000;1,2612;0,1427;0,0000;0,0000;0,0918;0,0000;0,0000;0,1784;3,4100;4,6700;0;0,0348;28,7300;0;1;1;5;0;0
59,7084;78,0870;12,3000;1,2370;0,1453;0,0000;0,0000;0,0918;0,0000;0,0000;0,1817;3,3500;4,5900;0;0,0351;28,5200;0;1;1;5;0;0
59,7223;78,0397;12,3000;1,2148;0,1480;0,0000;0,0000;0,0918;0,0000;0,0000;0,1850;3,3000;4,5100;0;0,0353;28,3100;0;1;1;5;0;0
59,7361;77,9923;12,6000;1,1970;0,1506;0,0000;0,0000;0,0918;0,0000;0,0000;0,1883;3,2400;4,4400;0;0,0356;28,1100;0;1;1;5;0;0
59,7500;77,9438;12,6000;1,1859;0,1534;0,0000;0,0000;0,0918;0,0000;0,0000;0,1917;3,1900;4,3700;0;0,0358;27,9100;0;1;1;5;0;0
59,7639;77,9200;12,6000;1,1782;0,1560;0,0000;0,0000;0,0918;0,0000;0,0000;0,1950;3,1800;4,3500;0;0,0360;27,8100;0;1;1;5;0;0
59,7778;77,9200;12,6000;1,1800;0,1585;0,0000;0,0000;0,0918;0,0000;0,0000;0,1981;3,2200;4,4000;0;0,0360;27,8100;0;1;1;5;0;0
59,7917;77,9200;12,6000;1,1928;0,1610;0,0000;0,0000;0,0918;0,0000;0,0000;0,2012;3,2500;4,4500;0;0,0360;27,8100;0;1;1;5;0;0
59,8056;77,9200;12,6000;1,1951;0,1635;0,0000;0,0000;0,0918;0,0000;0,0000;0,2044;3,2900;4,4900;0;0,0360;27,8100;0;1;1;5;0;0
59,8195;77,9200;12,6000;1,2510;0,1661;0,0000;0,0000;0,0918;0,0000;0,0000;0,2076;3,3300;4,5900;0;0,0360;27,8100;0;1;1;5;0;0
59,8334;77,6495;12,6000;1,3296;0,1669;0,0000;0,0000;0,0918;0,0000;0,0000;0,2086;2,8000;4,1300;0;0,0375;26,6400;0;1;1;5;0;0
59,8473;77,6010;12,6000;1,3898;0,1692;0,0000;0,0000;0,0918;0,0000;0,0000;0,2115;2,7400;4,1300;0;0,0378;26,4400;0;1;1;5;0;0
59,8611;77,5524;12,6000;1,4343;0,1716;0,0000;0,0000;0,0918;0,0000;0,0000;0,2145;2,6800;4,1200;0;0,0381;26,2500;0;1;1;5;0;0
59,8750;77,5039;12,6000;1,4825;0,1740;0,0000;0,0000;0,0918;0,0000;0,0000;0,2175;2,6300;4,1100;0;0,0384;26,0500;0;1;1;5;0;0
59,8889;77,4629;12,6000;1,5338;0,1764;0,0000;0,0000;0,0918;0,0000;0,0000;0,2205;2,5900;4,1200;0;0,0386;25,8900;0;1;1;5;0;0
59,9028;77,4629;12,6000;1,5841;0,1786;0,0000;0,0000;0,0918;0,0000;0,0000;0,2232;2,6400;4,2200;0;0,0386;25,8900;0;1;1;5;0;0
59,9167;77,4629;12,6000;1,6459;0,1808;0,0000;0,0000;0,0918;0,0000;0,0000;0,2260;2,6900;4,3400;0;0,0386;25,8900;0;1;1;5;0;0
59,9306;77,4629;12,6000;1,7077;0,1831;0,0000;0,0000;0,0918;0,0000;0,0000;0,2288;2,7500;4,4600;0;0,0386;25,8900;0;1;1;5;0;0
59,9445;77,4629;12,6000;1,7471;0,1854;0,0000;0,0000;0,0918;0,0000;0,0000;0,2317;2,8100;4,5500;0;0,0386;25,8900;0;1;1;5;0;0
59,9584;77,2088;12,6000;1,7553;0,1860;0,0000;0,0000;0,0918;0,0000;0,0000;0,2324;2,2800;4,0300;0;0,0402;24,8500;0;1;1;5;0;0
59,9723;77,1602;12,6000;1,8730;0,1881;0,0000;0,0000;0,0918;0,0000;0,0000;0,2351;2,2300;4,1000;0;0,0405;24,6600;0;1;1;5;0;0
59,9861;77,1117;12,6000;1,9497;0,1902;0,0000;0,0000;0,0918;0,0000;0,0000;0,2378;2,1800;4,1300;0;0,0409;24,4800;0;1;1;5;0;0
60,0000;77,0631;12,6000;2,0214;0,1924;0,0000;0,0000;0,0918;0,0000;0,0000;0,2405;2,1300;4,1500;0;0,0412;24,2900;0;1;1;5;0;0
60,0139;77,0146;12,6000;2,1054;0,1947;0,0000;0,0000;0,0918;0,0000;0,0000;0,2434;2,0900;4,1900;0;0,0415;24,1100;0;1;1;5;0;0
60,0278;77,0088;12,6000;2,1791;0,1967;0,0000;0,0000;0,0918;0,0000;0,0000;0,2459;2,1500;4,3300;0;0,0415;24,0900;0;1;1;5;0;0
60,0417;77,0088;12,6000;2,2747;0,1988;0,0000;0,0000;0,0918;0,0000;0,0000;0,2485;2,2200;4,4900;0;0,0415;24,0900;0;1;1;5;0;0
60,0556;77,0088;12,6000;2,3921;0,2010;0,0000;0,0000;0,0918;0,0000;0,0000;0,2512;2,3000;4,6900;0;0,0415;24,0900;0;1;1;5;0;0
60,0695;77,0088;12,6000;2,5112;0,2032;0,0000;0,0000;0,0918;0,0000;0,0000;0,2540;2,3800;4,8900;0;0,0415;24,0900;0;1;1;5;0;0
60,0834;76,7672;12,6000;2,6504;0,2037;0,0000;0,0000;0,0918;0,0000;0,0000;0,2546;1,8700;4,5200;0;0,0432;23,1600;0;1;1;5;0;0
60,0973;76,7186;12,6000;2,7991;0,2057;0,0000;0,0000;0,0918;0,0000;0,0000;0,2571;1,8400;4,6400;0;0,0435;22,9800;0;1;1;5;0;0
60,1111;76,6701;12,6000;2,8289;0,2078;0,0000;0,0000;0,0918;0,0000;0,0000;0,2598;1,8100;4,6400;0;0,0439;22,8000;0;1;1;5;0;0
60,1250;76,6215;12,6000;3,1087;0,2101;0,0000;0,0000;0,0918;0,0000;0,0000;0,2626;1,7900;4,9000;0;0,0442;22,6300;0;1;1;5;0;0
60,1389;76,5730;12,6000;3,2514;0,2125;0,0000;0,0000;0,0918;0,0000;0,0000;0,2656;1,7800;5,0300;0;0,0445;22,4600;0;1;1;5;0;0
60,1528;76,5519;12,6000;3,3663;0,2147;0,0000;0,0000;0,0918;0,0000;0,0000;0,2684;1,8400;5,2000;0;0,0447;22,3800;0;1;1;5;0;0
60,1667;76,5519;12,6000;3,5322;0,2169;0,0000;0,0000;0,0918;0,0000;0,0000;0,2711;1,9500;5,4800;0;0,0447;22,3800;0;1;1;5;0;0
60,1806;76,5519;12,6000;3,6551;0,2192;0,0000;0,0000;0,0918;0,0000;0,0000;0,2740;2,0700;5,7300;0;0,0447;22,3800;0;1;1;5;0;0
60,1945;76,5519;12,6000;3,7552;0,2216;0,0000;0,0000;0,0918;0,0000;0,0000;0,2770;2,1900;5,9500;0;0,0447;22,3800;0;1;1;5;0;0
60,2084;76,5519;12,6000;3,8219;0,2241;0,0000;0,0000;0,0918;0,0000;0,0000;0,2801;2,3200;5,5300;0;0,0447;22,3800;0;1;1;5;0;0
60,2223;76,2762;12,6000;3,9459;0,2244;0,0000;0,0000;0,0918;0,0000;0,0000;0,2806;1,7100;5,6600;0;0,0468;21,3800;0;1;1;5;0;0
60,2361;76,2276;12,6000;4,0303;0,2268;0,0000;0,0000;0,0918;0,0000;0,0000;0,2835;1,7200;5,7400;0;0,0471;21,2200;0;1;1;5;0;0
60,2500;76,1791;12,6000;4,1264;0,2292;0,0000;0,0000;0,0918;0,0000;0,0000;0,2865;1,7200;5,8500;0;0,0475;21,0500;0;1;1;5;0;0
60,2639;76,1306;12,6000;4,1457;0,2317;0,0000;0,0000;0,0918;0,0000;0,0000;0,2897;1,7300;5,8700;0;0,0479;20,8900;0;1;1;9;0;0
60,2778;76,0972;12,6000;4,2322;0,2342;0,0000;0,0000;0,0918;0,0000;0,0000;0,2928;1,7800;6,0100;0;0,0481;20,7800;0;1;1;9;0;0
60,2917;76,0972;12,8000;4,2654;0,2366;0,0000;0,0000;0,0918;0,0000;0,0000;0,2957;1,9200;6,1800;0;0,0481;20,7800;0;1;1;9;0;0
60,3056;76,0972;12,8000;4,3077;0,2391;0,0000;0,0000;0,0918;0,0000;0,0000;0,2988;2,0600;6,3700;0;0,0481;20,7800;0;1;1;9;0;0
60,3195;76,0972;12,8000;4,3604;0,2417;0,0000;0,0000;0,0918;0,0000;0,0000;0,3021;2,2000;6,5600;0;0,0481;20,7800;0;1;1;9;0;0
60,3334;76,0972;12,8000;4,4596;0,2444;0,0000;0,0000;0,0918;0,0000;0,0000;0,3055;2,3500;6,8100;0;0,0481;20,7800;0;1;1;9;0;0
60,3473;75,8298;12,8000;4,4795;0,2448;0,0000;0,0000;0,0918;0,0000;0,0000;0,3060;1,7300;6,2100;0;0,0503;19,8700;0;1;1;9;0;0
60,3611;75,7805;12,8000;4,6908;0,2474;0,0000;0,0000;0,0918;0,0000;0,0000;0,3092;1,7500;6,4400;0;0,0507;19,7200;0;1;1;9;0;0
60,3750;75,7312;12,8000;4,8506;0,2501;0,0000;0,0000;0,0918;0,0000;0,0000;0,3126;1,7700;6,6200;0;0,0511;19,5600;0;1;1;9;0;0
60,3889;75,6819;12,8000;5,0141;0,2529;0,0000;0,0000;0,0918;0,0000;0,0000;0,3161;1,7900;6,8100;0;0,0515;19,4000;0;1;1;9;0;0
60,4028;75,6413;12,8000;5,1573;0,2558;0,0000;0,0000;0,0918;0,0000;0,0000;0,3198;1,8500;7,0100;0;0,0519;19,2800;0;1;1;9;0;0
60,4167;75,6413;12,8000;5,1861;0,2585;0,0000;0,0000;0,0918;0,0000;0,0000;0,3232;2,0200;7,2100;0;0,0519;19,2800;0;1;1;9;0;0
60,4306;75,6413;12,8000;5,4042;0,2614;0,0000;0,0000;0,0918;0,0000;0,0000;0,3268;2,2000;7,6000;0;0,0519;19,2800;0;1;1;9;0;0
60,4445;75,6413;12,8000;5,5270;0,2644;0,0000;0,0000;0,0918;0,0000;0,0000;0,3305;2,3800;7,9100;0;0,0519;19,2800;0;1;1;9;0;0
60,4584;75,6413;12,8000;5,6103;0,2676;0,0000;0,0000;0,0918;0,0000;0,0000;0,3345;2,5700;8,1800;0;0,0519;19,2800;0;1;1;9;0;0
60,4723;75,3785;12,8000;5,6398;0,2684;0,0000;0,0000;0,0918;0,0000;0,0000;0,3355;1,9400;7,5800;0;0,0542;18,4400;0;1;1;9;0;0
60,4861;75,3292;12,8000;5,6468;0,2714;0,0000;0,0000;0,0918;0,0000;0,0000;0,3392;1,9800;7,6200;0;0,0547;18,3000;0;1;1;9;0;0
60,5000;75,2800;12,8000;5,6645;0,2744;0,0000;0,0000;0,0918;0,0000;0,0000;0,3431;2,0100;7,6800;0;0,0551;18,1500;0;1;1;9;0;0
60,5139;75,2307;12,8000;5,6866;0,2777;0,0000;0,0000;0,0918;0,0000;0,0000;0,3471;2,0500;7,7400;0;0,0555;18,0100;0;1;1;9;0;0
60,5278;75,1853;12,8000;5,7139;0,2810;0,0000;0,0000;0,0918;0,0000;0,0000;0,3512;2,1000;7,8100;0;0,0559;17,8800;0;1;1;9;0;0
60,5417;75,1853;12,8000;5,7301;0,2840;0,0000;0,0000;0,0918;0,0000;0,0000;0,3550;2,2900;8,0200;0;0,0559;17,8800;0;1;1;9;0;0
60,5556;75,1853;12,8000;5,7372;0,2871;0,0000;0,0000;0,0918;0,0000;0,0000;0,3589;2,4800;8,2100;0;0,0559;17,8800;0;1;1;9;0;0
60,5695;75,1853;12,8000;5,7386;0,2904;0,0000;0,0000;0,0918;0,0000;0,0000;0,3630;2,6700;8,4100;0;0,0559;17,8800;0;1;1;9;0;0
60,5834;75,1853;12,8000;5,6994;0,2938;0,0000;0,0000;0,0918;0,0000;0,0000;0,3672;2,8600;8,5500;0;0,0559;17,8800;0;1;1;9;0;0
60,5973;74,9260;12,8000;5,6473;0,2946;0,0000;0,0000;0,0918;0,0000;0,0000;0,3683;2,1800;7,8300;0;0,0585;17,1100;0;1;1;9;0;0
60,6111;74,8768;12,8000;5,5882;0,2977;0,0000;0,0000;0,0918;0,0000;0,0000;0,3722;2,2000;7,7900;0;0,0589;16,9700;0;1;1;9;0;0
60,6250;74,8275;12,8000;5,5451;0,3009;0,0000;0,0000;0,0918;0,0000;0,0000;0,3762;2,2200;7,7700;0;0,0594;16,8300;0;1;1;9;0;0
60,6389;74,7783;12,8000;5,5046;0,3043;0,0000;0,0000;0,0918;0,0000;0,0000;0,3803;2,2400;7,7400;0;0,0599;16,7000;0;1;1;9;0;0
60,6528;74,7313;12,8000;5,4610;0,3077;0,0000;0,0000;0,0918;0,0000;0,0000;0,3846;2,2600;7,7200;0;0,0603;16,5700;0;1;1;9;0;0
60,6667;74,7313;12,8000;5,4074;0,3107;0,0000;0,0000;0,0918;0,0000;0,0000;0,3883;2,4400;7,8500;0;0,0603;16,5700;0;1;1;9;0;0
60,6806;74,7313;12,8000;5,3472;0,3138;0,0000;0,0000;0,0918;0,0000;0,0000;0,3922;2,6200;7,9700;0;0,0603;16,5700;0;1;1;9;0;0
60,6945;74,7313;12,8000;5,3027;0,3170;0,0000;0,0000;0,0918;0,0000;0,0000;0,3963;2,8000;8,1000;0;0,0603;16,5700;0;1;1;9;0;0
60,7084;74,7313;12,8000;5,2689;0,3204;0,0000;0,0000;0,0918;0,0000;0,0000;0,4005;2,9700;8,2400;0;0,0603;16,5700;0;1;1;9;0;0
60,7223;74,4720;12,8000;5,2623;0,3209;0,0000;0,0000;0,0918;0,0000;0,0000;0,4012;2,2100;7,4700;0;0,0630;15,8600;0;1;1;9;0;0
60,7361;74,4227;12,3000;5,2435;0,3239;0,0000;0,0000;0,0918;0,0000;0,0000;0,4049;2,2000;7,4500;0;0,0635;15,7400;0;1;1;9;0;0
60,7500;74,3754;12,3000;5,2359;0,3270;0,0000;0,0000;0,0918;0,0000;0,0000;0,4087;2,2000;7,4400;0;0,0640;15,6100;0;1;1;9;0;0
60,7639;74,3281;12,3000;5,2367;0,3301;0,0000;0,0000;0,0918;0,0000;0,0000;0,4126;2,2000;7,4300;0;0,0645;15,5000;0;1;1;9;0;0
60,7778;74,2807;12,3000;5,2429;0,3333;0,0000;0,0000;0,0918;0,0000;0,0000;0,4167;2,1900;7,4400;0;0,0650;15,3800;0;1;1;9;0;0
60,7917;74,2737;12,3000;5,2637;0,3362;0,0000;0,0000;0,0918;0,0000;0,0000;0,4203;2,3300;7,6000;0;0,0651;15,3600;0;1;1;9;0;0
60,8056;74,2737;12,3000;5,3125;0,3392;0,0000;0,0000;0,0918;0,0000;0,0000;0,4240;2,5000;7,8200;0;0,0651;15,3600;0;1;1;9;0;0
60,8195;74,2737;12,3000;5,3843;0,3422;0,0000;0,0000;0,0918;0,0000;0,0000;0,4278;2,6700;8,0600;0;0,0651;15,3600;0;1;1;9;0;0
60,8334;74,2737;12,3000;5,4903;0,3455;0,0000;0,0000;0,0918;0,0000;0,0000;0,4318;2,8500;8,3400;0;0,0651;15,3600;0;1;1;9;0;0
60,8473;74,0315;12,3000;5,5657;0,3459;0,0000;0,0000;0,0918;0,0000;0,0000;0,4324;2,0900;7,6500;0;0,0678;14,7500;0;1;1;9;0;0
60,8611;73,9842;12,3000;5,6688;0,3488;0,0000;0,0000;0,0918;0,0000;0,0000;0,4360;2,0900;7,7500;0;0,0683;14,6400;0;1;1;9;0;0
60,8750;73,9368;12,3000;5,6896;0,3519;0,0000;0,0000;0,0918;0,0000;0,0000;0,4398;2,0800;7,7700;0;0,0689;14,5200;0;1;1;9;0;0
60,8889;73,8895;12,3000;5,9507;0,3551;0,0000;0,0000;0,0918;0,0000;0,0000;0,4439;2,0900;8,0400;0;0,0694;14,4100;0;1;1;9;0;0
60,9028;73,8422;12,3000;6,0912;0,3585;0,0000;0,0000;0,0918;0,0000;0,0000;0,4481;2,1000;8,1900;0;0,0699;14,3000;0;1;1;9;0;0
60,9167;73,8214;12,3000;6,2037;0,3617;0,0000;0,0000;0,0918;0,0000;0,0000;0,4521;2,2200;8,4200;0;0,0701;14,2600;0;1;1;9;0;0
60,9306;73,8214;12,3000;6,2977;0,3648;0,0000;0,0000;0,0918;0,0000;0,0000;0,4560;2,4200;8,7200;0;0,0701;14,2600;0;1;1;9;0;0
60,9445;73,8214;12,3000;6,3991;0,3681;0,0000;0,0000;0,0918;0,0000;0,0000;0,4601;2,6200;9,0200;0;0,0701;14,2600;0;1;1;9;0;0
60,9584;73,8214;12,3000;6,5120;0,3715;0,0000;0,0000;0,0918;0,0000;0,0000;0,4644;2,8300;9,3400;0;0,0701;14,2600;0;1;1;9;0;0
60,9723;73,5910;12,3000;6,6616;0,3722;0,0000;0,0000;0,0918;0,0000;0,0000;0,4652;2,0800;8,7400;0;0,0729;13,7200;0;1;1;9;0;0
60,9861;73,5436;11,8000;6,7782;0,3753;0,0000;0,0000;0,0918;0,0000;0,0000;0,4691;2,0900;8,8700;0;0,0734;13,6200;0;1;1;9;0;0
61,0000;73,4982;11,8000;6,8833;0,3785;0,0000;0,0000;0,0918;0,0000;0,0000;0,4731;2,1100;9,0000;0;0,0740;13,5200;0;1;1;9;0;0
61,0139;73,4529;11,8000;6,9702;0,3818;0,0000;0,0000;0,0918;0,0000;0,0000;0,4773;2,1300;9,1100;0;0,0745;13,4200;0;1;1;9;0;0
61,0278;73,4075;11,8000;6,9875;0,3853;0,0000;0,0000;0,0918;0,0000;0,0000;0,4816;2,1600;9,1500;0;0,0750;13,3300;0;1;1;9;0;0
61,0417;73,3630;11,8000;7,1146;0,3889;0,0000;0,0000;0,0918;0,0000;0,0000;0,4862;2,1900;9,3100;0;0,0756;13,2300;0;1;1;9;0;0
61,0556;73,3630;11,8000;7,2230;0,3921;0,0000;0,0000;0,0918;0,0000;0,0000;0,4902;2,4100;9,6300;0;0,0756;13,2300;0;1;1;9;0;0
61,0695;73,3630;11,8000;7,3050;0,3955;0,0000;0,0000;0,0918;0,0000;0,0000;0,4944;2,6300;9,9400;0;0,0756;13,2300;0;1;1;9;0;0
61,0834;73,3630;11,8000;7,3955;0,3990;0,0000;0,0000;0,0918;0,0000;0,0000;0,4988;2,8600;10,2600;0;0,0756;13,2300;0;1;1;9;0;0
61,0973;73,3630;11,8000;7,4868;0,4027;0,0000;0,0000;0,0692;0,0045;0,1410;0,5034;3,0900;10,5800;0;0,0756;13,2300;1;1;1;9;0;0
61,1111;73,1182;11,8000;7,5898;0,4032;0,0000;0,0000;0,0628;0,0053;0,1309;0,5040;2,2200;9,8200;0;0,0786;12,7200;1;1;1;9;0;0
61,1250;73,0728;11,8000;7,6610;0,4066;0,0000;0,0000;0,0628;0,0109;0,1323;0,5082;2,2500;9,9200;0;0,0792;12,6300;1;1;1;9;0;0
61,1389;73,0274;11,8000;7,6897;0,4101;0,0000;0,0000;0,0632;0,0168;0,1332;0,5126;2,2800;9,9800;0;0,0797;12,5400;1;1;1;9;0;0
61,1528;72,9821;11,8000;7,6857;0,4137;0,0000;0,0000;0,0638;0,0229;0,1336;0,5172;2,3100;10,0100;0;0,0803;12,4600;1;1;1;9;0;0
61,1667;72,9367;11,8000;7,6860;0,4176;0,0000;0,0000;0,0644;0,0293;0,1342;0,5220;2,3500;10,0400;0;0,0808;12,3700;1;1;1;9;0;0
61,1806;72,9081;11,8000;7,6861;0,4213;0,0000;0,0000;0,0655;0,0355;0,1357;0,5266;2,4500;10,1400;0;0,0812;12,3200;1;1;1;9;0;0
61,1945;72,9081;11,8000;7,6730;0,4248;0,0000;0,0000;0,0675;0,0413;0,1389;0,5310;2,6900;10,3600;0;0,0812;12,3200;1;1;1;9;0;0
61,2084;72,9081;11,8000;7,6400;0,4284;0,0000;0,0000;0,0697;0,0473;0,1418;0,5355;2,9200;10,5600;0;0,0812;12,3200;1;1;1;9;0;0
61,2223;72,9081;11,8000;7,5653;0,4322;0,0000;0,0000;0,0721;0,0536;0,1441;0,5402;3,1500;10,7100;0;0,0812;12,3200;1;1;1;9;0;0
61,2361;72,9081;11,8000;7,4714;0,4360;0,0000;0,0000;0,0745;0,0601;0,1463;0,5451;3,3800;10,8500;0;0,0812;12,3200;1;1;1;9;0;0
61,2500;72,6449;11,8000;7,3750;0,4361;0,0000;0,0000;0,0683;0,0602;0,1311;0,5452;2,3300;9,7100;0;0,0846;11,8300;1;1;1;9;0;0
61,2639;72,5995;11,8000;7,2713;0,4396;0,0000;0,0000;0,0690;0,0659;0,1301;0,5494;2,3300;9,6100;0;0,0851;11,7400;1;1;1;3;0;0
61,2778;72,5542;11,8000;7,1861;0,4431;0,0000;0,0000;0,0695;0,0718;0,1294;0,5539;2,3400;9,5300;0;0,0857;11,6700;1;1;1;3;0;0
61,2917;72,5088;11,8000;7,1190;0,4468;0,0000;0,0000;0,0698;0,0779;0,1290;0,5584;2,3400;9,4600;0;0,0863;11,5900;1;1;1;3;0;0
61,3056;72,4635;11,8000;7,0332;0,4505;0,0000;0,0000;0,0702;0,0842;0,1283;0,5631;2,3300;9,3700;0;0,0869;11,5100;1;1;1;3;0;0
61,3195;72,4536;11,8000;6,9420;0,4539;0,0000;0,0000;0,0717;0,0898;0,1296;0,5673;2,5000;9,4400;0;0,0870;11,4900;1;1;1;3;0;0
61,3334;72,4536;11,8000;6,9239;0,4572;0,0000;0,0000;0,0729;0,0953;0,1327;0,5715;2,7100;9,6300;0;0,0870;11,4900;1;1;1;3;0;0
61,3473;72,4536;11,8000;6,8392;0,4606;0,0000;0,0000;0,0746;0,1011;0,1350;0,5758;2,9200;9,7600;0;0,0870;11,4900;1;1;1;3;0;0
61,3611;72,4536;11,8000;6,7788;0,4642;0,0000;0,0000;0,0761;0,1070;0,1375;0,5803;3,1200;9,9000;0;0,0870;11,4900;1;1;1;3;0;0
61,3750;72,2139;11,8000;6,7385;0,4641;0,0000;0,0000;0,0689;0,1068;0,1233;0,5801;2,0900;8,8400;0;0,0901;11,1000;1;1;1;3;0;0
61,3889;72,1685;11,8000;6,7021;0,4672;0,0000;0,0000;0,0686;0,1119;0,1230;0,5839;2,0700;8,7700;0;0,0907;11,0200;1;1;1;3;0;0
61,4028;72,1231;11,8000;6,6495;0,4703;0,0000;0,0000;0,0684;0,1172;0,1225;0,5879;2,0300;8,6900;0;0,0913;10,9500;1;1;1;3;0;0
61,4167;72,0777;11,8000;6,5883;0,4736;0,0000;0,0000;0,0684;0,1226;0,1219;0,5920;2,0000;8,5900;0;0,0919;10,8800;1;1;1;3;0;0
61,4306;72,0324;11,8000;6,5235;0,4770;0,0000;0,0000;0,0683;0,1283;0,1213;0,5962;1,9700;8,4900;0;0,0925;10,8100;1;1;1;3;0;0
61,4445;71,9965;11,8000;6,4615;0,4803;0,0000;0,0000;0,0685;0,1338;0,1213;0,6004;1,9800;8,4400;0;0,0929;10,7600;1;1;1;3;0;0
61,4584;71,9965;11,8000;6,3878;0,4832;0,0000;0,0000;0,0700;0,1386;0,1236;0,6040;2,1700;8,5600;0;0,0929;10,7600;1;1;1;3;0;0
61,4723;71,9965;11,8000;6,2736;0,4861;0,0000;0,0000;0,0718;0,1436;0,1254;0,6077;2,3700;8,6400;0;0,0929;10,7600;1;1;1;3;0;0
61,4861;71,9965;11,1000;6,2508;0,4891;0,0000;0,0000;0,0727;0,1485;0,1282;0,6114;2,5500;8,8000;0;0,0929;10,7600;1;1;1;3;0;0
61,5000;71,9965;11,1000;5,9558;0,4920;0,0000;0,0000;0,0757;0,1534;0,1273;0,6151;2,7200;8,6700;0;0,0929;10,7600;1;1;1;3;0;0
61,5139;71,7396;11,1000;5,7660;0,4907;0,0000;0,0000;0,0676;0,1512;0,1079;0,6134;1,4700;7,2400;0;0,0962;10,3900;1;1;1;3;0;0
61,5278;71,6969;11,1000;5,6160;0,4930;0,0000;0,0000;0,0672;0,1550;0,1055;0,6163;1,4000;7,0100;0;0,0968;10,3300;1;1;1;3;0;0
61,5417;71,6541;11,1000;5,5199;0,4954;0,0000;0,0000;0,0664;0,1590;0,1038;0,6193;1,3200;6,8400;0;0,0973;10,2800;1;1;1;3;0;0
61,5556;71,6114;11,1000;5,4359;0,4978;0,0000;0,0000;0,0655;0,1631;0,1024;0,6223;1,2400;6,6800;0;0,0979;10,2200;1;1;1;3;0;0
61,5695;71,5686;11,1000;5,3571;0,5003;0,0000;0,0000;0,0646;0,1672;0,1010;0,6254;1,1600;6,5200;0;0,0984;10,1600;1;1;1;3;0;0
61,5834;71,5420;11,1000;5,2826;0,5026;0,0000;0,0000;0,0642;0,1711;0,1007;0,6283;1,1700;6,4500;0;0,0988;10,1300;1;1;1;3;0;0
61,5973;71,5420;11,1000;5,1930;0,5046;0,0000;0,0000;0,0649;0,1743;0,1021;0,6307;1,3200;6,5100;0;0,0988;10,1300;1;1;1;3;0;0
61,6111;71,5420;11,1000;5,1233;0,5066;0,0000;0,0000;0,0654;0,1776;0,1038;0,6332;1,4600;6,5900;0;0,0988;10,1300;1;1;1;3;0;0
61,6250;71,5420;11,1000;5,0858;0,5087;0,0000;0,0000;0,0657;0,1811;0,1059;0,6358;1,6100;6,7000;0;0,0988;10,1300;1;1;1;3;0;0
61,6389;71,5420;11,1000;5,0783;0,5108;0,0000;0,0000;0,0659;0,1847;0,1084;0,6386;1,7600;6,8300;0;0,0988;10,1300;1;1;1;3;0;0
61,6528;71,2836;11,1000;5,0720;0,5085;0,0000;0,0000;0,0554;0,1808;0,0894;0,6356;0,4000;5,4700;0;0,1019;9,8100;1;1;1;3;0;0
61,6667;71,2408;11,1000;5,0673;0,5100;0,0000;0,0000;0,0540;0,1834;0,0885;0,6375;0,2900;5,3600;0;0,1024;9,7600;1;1;1;3;0;0
61,6806;71,1980;11,1000;5,0641;0,5117;0,0000;0,0000;0,0527;0,1861;0,0876;0,6396;0,1900;5,2500;0;0,1030;9,7100;1;1;1;3;0;0
61,6945;71,1552;11,1000;5,0635;0,5134;0,0000;0,0000;0,0515;0,1890;0,0868;0,6417;0,0900;5,1500;0;0,1035;9,6600;1;1;1;3;0;0
61,7084;71,1124;11,1000;5,0620;0,5151;0,0000;0,0000;0,0504;0,1919;0,0860;0,6439;0,0000;5,0400;0;0,1040;9,6100;1;1;1;3;0;0
61,7223;71,0867;11,1000;5,0626;0,5167;0,0000;0,0000;0,0500;0,1945;0,0865;0,6459;0,0000;5,0400;0;0,1043;9,5800;1;1;1;3;0;0
61,7361;71,0867;11,1000;5,0592;0,5179;0,0000;0,0000;0,0506;0,1964;0,0888;0,6473;0,1200;5,1800;0;0,1043;9,5800;1;1;1;3;0;0
61,7500;71,0867;11,1000;5,0478;0,5191;0,0000;0,0000;0,0514;0,1985;0,0910;0,6489;0,2700;5,3200;0;0,1043;9,5800;1;1;1;3;0;0
61,7639;71,0867;11,1000;5,0313;0,5204;0,0000;0,0000;0,0522;0,2007;0,0932;0,6506;0,4100;5,4400;0;0,1043;9,5800;1;1;1;3;0;0
61,7778;71,0867;11,1000;4,9840;0,5219;0,0000;0,0000;0,0533;0,2031;0,0949;0,6523;0,5500;5,5400;0;0,1043;9,5800;1;1;1;3;0;0
61,7917;70,8247;11,1000;4,9745;0,5184;0,0000;0,0000;0,0425;0,1973;0,0740;0,6480;-0,9100;4,0600;0;0,1073;9,3200;1;1;1;3;0;0
61,8056;70,7819;11,1000;4,8389;0,5191;0,0000;0,0000;0,0423;0,1985;0,0708;0,6489;-1,0300;3,8000;0;0,1077;9,2800;1;1;1;3;0;0
61,8195;70,7390;11,1000;4,7346;0,5199;0,0000;0,0000;0,0418;0,1998;0,0680;0,6498;-1,1600;3,5700;0;0,1082;9,2400;1;1;1;3;0;0
61,8334;70,6962;11,1000;4,6472;0,5207;0,0000;0,0000;0,0411;0,2011;0,0653;0,6508;-1,2900;3,3500;0;0,1087;9,2000;1;1;1;3;0;0
61,8473;70,6534;11,1000;4,5939;0,5215;0,0000;0,0000;0,0400;0,2025;0,0632;0,6519;-1,4200;3,1700;0;0,1092;9,1600;1;1;1;3;0;0
61,8611;70,6304;11,1000;4,5338;0,5221;0,0000;0,0000;0,0398;0,2035;0,0625;0,6526;-1,4300;3,1000;0;0,1094;9,1400;1;1;1;3;0;0
61,8750;70,6304;11,1000;4,4858;0,5223;0,0000;0,0000;0,0403;0,2038;0,0637;0,6528;-1,3000;3,1800;0;0,1094;9,1400;1;1;1;3;0;0
61,8889;70,6304;11,1000;4,4181;0,5225;0,0000;0,0000;0,0410;0,2042;0,0646;0,6532;-1,1800;3,2400;0;0,1094;9,1400;1;1;1;3;0;0
61,9028;70,6304;11,1000;4,3559;0,5228;0,0000;0,0000;0,0416;0,2047;0,0655;0,6536;-1,0500;3,3000;0;0,1094;9,1400;1;1;1;3;0;0
61,9167;70,6304;11,1000;4,3094;0,5232;0,0000;0,0000;0,0421;0,2054;0,0667;0,6540;-0,9300;3,3800;0;0,1094;9,1400;1;1;1;3;0;0
61,9306;70,3638;11,1000;4,2815;0,5185;0,0000;0,0000;0,0300;0,1974;0,0434;0,6481;-2,5100;1,7600;0;0,1120;8,9300;1;1;1;3;0;0
61,9445;70,3210;11,1000;4,2759;0,5181;0,0000;0,0000;0,0283;0,1968;0,0411;0,6476;-2,6600;1,6000;0;0,1124;8,9000;1;1;1;3;0;0
61,9584;70,2782;11,1000;4,2498;0,5178;0,0000;0,0000;0,0267;0,1963;0,0387;0,6472;-2,8200;1,4300;0;0,1128;8,8600;1;1;1;3;0;0
61,9723;70,2353;11,1000;4,2368;0,5175;0,0000;0,0000;0,0251;0,1958;0,0364;0,6469;-2,9700;1,2600;0;0,1132;8,8300;1;1;1;3;0;0
61,9861;70,1925;10,4000;4,2187;0,5173;0,0000;0,0000;0,0235;0,1954;0,0339;0,6466;-3,1300;1,0800;0;0,1137;8,8000;1;1;1;3;0;0
62,0000;70,1755;10,4000;4,2030;0,5167;0,0000;0,0000;0,0231;0,1945;0,0337;0,6459;-3,1200;1,0800;0;0,1138;8,7900;1;1;1;3;0;0
62,0139;70,1755;10,4000;4,1925;0,5159;0,0000;0,0000;0,0233;0,1931;0,0347;0,6448;-3,0100;1,1800;0;0,1138;8,7900;1;1;1;3;0;0
62,0278;70,1755;10,4000;4,1896;0,5151;0,0000;0,0000;0,0234;0,1918;0,0359;0,6439;-2,9000;1,2900;0;0,1138;8,7900;1;1;1;3;0;0
62,0417;70,1755;10,4000;4,1987;0,5144;0,0000;0,0000;0,0235;0,1906;0,0373;0,6430;-2,7900;1,4100;0;0,1138;8,7900;1;1;1;3;0;0
62,0556;70,1755;10,4000;4,2126;0,5137;0,0000;0,0000;0,0237;0,1895;0,0388;0,6422;-2,6700;1,5400;0;0,1138;8,7900;1;1;1;3;0;0
62,0695;69,9185;10,4000;4,2282;0,5079;0,0000;0,0000;0,0116;0,1799;0,0158;0,6349;-4,2600;-0,0400;0;0,1158;8,6400;1;1;1;3;0;0
62,0834;69,8784;10,4000;4,2432;0,5066;0,0000;0,0000;0,0100;0,1776;0,0135;0,6332;-4,4100;-0,1800;0;0,1161;8,6200;1;1;1;3;0;0
62,0973;69,8382;10,4000;4,2464;0,5053;0,0000;0,0000;0,0085;0,1755;0,0111;0,6316;-4,5600;-0,3300;0;0,1164;8,5900;1;1;1;3;0;0
62,1111;69,7981;10,4000;4,2630;0,5040;0,0000;0,0000;0,0070;0,1734;0,0089;0,6300;-4,7200;-0,4600;0;0,1167;8,5700;1;1;1;3;0;0
62,1250;69,7580;10,4000;4,2660;0,5028;0,0000;0,0000;0,0056;0,1714;0,0066;0,6285;-4,8700;-0,6100;0;0,1170;8,5500;1;1;1;3;0;0
62,1389;69,7204;10,4000;4,2622;0,5017;0,0000;0,0000;0,0045;0,1694;0,0046;0,6271;-5,0000;-0,7400;0;0,1172;8,5300;1;1;1;3;0;0
62,1528;69,7204;10,4000;4,2501;0,4998;0,0000;0,0000;0,0050;0,1663;0,0054;0,6247;-4,8900;-0,6400;0;0,1172;8,5300;1;1;1;3;0;0
62,1667;69,7204;10,4000;4,2316;0,4980;0,0000;0,0000;0,0055;0,1633;0,0061;0,6225;-4,7700;-0,5400;0;0,1172;8,5300;1;1;1;3;0;0
62,1806;69,7204;10,4000;4,2070;0,4962;0,0000;0,0000;0,0060;0,1604;0,0068;0,6203;-4,6600;-0,4500;0;0,1172;8,5300;1;1;1;3;0;0
62,1945;69,7204;10,4000;4,1657;0,4945;0,0000;0,0000;0,0067;0,1576;0,0073;0,6182;-4,5500;-0,3800;0;0,1172;8,5300;1;1;1;3;0;0
62,2084;69,4844;10,4000;4,1175;0,4880;0,0000;0,0000;-0,0041;0,1466;-0,0152;0,6100;-6,0400;-1,9400;0;0,1184;8,4400;1;1;0;3;0;0
62,2223;69,4444;9,7000;4,0581;0,4854;0,0000;0,0000;-0,0053;0,1424;-0,0189;0,6068;-6,2100;-2,1700;0;0,1186;8,4300;1;1;0;3;0;0
62,2361;69,4071;9,7000;4,0211;0,4832;0,0000;0,0000;-0,0066;0,1386;-0,0220;0,6040;-6,3600;-2,3600;0;0,1188;8,4200;1;1;0;3;0;0
62,2500;69,3697;9,7000;4,0135;0,4809;0,0000;0,0000;-0,0082;0,1349;-0,0246;0,6012;-6,5200;-2,5200;0;0,1190;8,4000;1;1;0;3;0;0
62,2639;69,3324;9,7000;3,9761;0,4787;0,0000;0,0000;-0,0095;0,1312;-0,0277;0,5984;-6,6700;-2,7100;0;0,1192;8,3900;1;1;0;4;0;0
62,2778;69,2951;9,7000;3,9656;0,4766;0,0000;0,0000;-0,0110;0,1276;-0,0304;0,5957;-6,8200;-2,8700;0;0,1194;8,3800;1;1;0;4;0;0
62,2917;69,2644;9,7000;3,9701;0,4743;0,0000;0,0000;-0,0122;0,1239;-0,0320;0,5929;-6,9300;-2,9600;0;0,1195;8,3700;1;1;0;4;0;0
62,3056;69,2644;9,7000;3,9890;0,4715;0,0000;0,0000;-0,0123;0,1192;-0,0310;0,5894;-6,8300;-2,8400;0;0,1195;8,3700;1;1;0;4;0;0
62,3195;69,2644;9,7000;3,9928;0,4688;0,0000;0,0000;-0,0122;0,1146;-0,0302;0,5860;-6,7300;-2,7400;0;0,1195;8,3700;1;1;0;4;0;0
62,3334;69,2644;9,7000;4,0818;0,4661;0,0000;0,0000;-0,0126;0,1101;-0,0281;0,5826;-6,6300;-2,5500;0;0,1195;8,3700;1;1;0;4;0;0
62,3473;69,2644;9,7000;4,1674;0,4635;0,0000;0,0000;-0,0129;0,1058;-0,0261;0,5793;-6,5200;-2,3600;0;0,1195;8,3700;1;1;0;4;0;0
62,3611;69,2644;9,7000;4,2337;0,4610;0,0000;0,0000;-0,0233;0,1016;-0,0451;0,5762;-6,4200;-3,7500;0;0,1195;8,3700;1;1;0;4;0;0
62,3750;69,0023;9,7000;4,3261;0,4530;0,0000;0,0000;-0,0255;0,0883;-0,0471;0,5662;-8,1100;-3,8100;0;0,1201;8,3300;1;1;0;4;0;0
62,3889;68,9651;9,7000;4,3447;0,4497;0,0000;0,0000;-0,0265;0,0829;-0,0493;0,5622;-8,2600;-3,9400;0;0,1202;8,3200;1;1;0;4;0;0
62,4028;68,9279;9,7000;4,3810;0,4466;0,0000;0,0000;-0,0277;0,0776;-0,0511;0,5582;-8,4100;-4,0500;0;0,1202;8,3200;1;1;0;4;0;0
62,4167;68,8906;9,7000;4,5189;0,4435;0,0000;0,0000;-0,0296;0,0725;-0,0516;0,5544;-8,5500;-4,0500;0;0,1203;8,3100;1;1;0;4;0;0
62,4306;68,8534;9,7000;4,5464;0,4405;0,0000;0,0000;-0,0305;0,0675;-0,0534;0,5506;-8,6900;-4,1600;0;0,1204;8,3100;1;1;0;4;0;0
62,4445;68,8161;9,7000;4,6574;0,4375;0,0000;0,0000;-0,0320;0,0625;-0,0541;0,5469;-8,8300;-4,1900;0;0,1205;8,3000;1;1;0;4;0;0
62,4584;68,8092;9,7000;4,7526;0,4340;0,0000;0,0000;-0,0317;0,0567;-0,0520;0,5425;-8,7600;-4,0100;0;0,1205;8,3000;1;1;0;4;0;0
62,4723;68,8092;9,7000;4,8713;0,4305;0,0000;0,0000;-0,0313;0,0508;-0,0491;0,5381;-8,6400;-3,7700;0;0,1205;8,3000;1;1;0;4;0;0
62,4861;68,8092;9,7000;5,0222;0,4270;0,0000;0,0000;-0,0310;0,0450;-0,0456;0,5337;-8,5100;-3,4900;0;0,1205;8,3000;1;1;0;4;0;0
62,5000;68,8092;9,7000;5,1822;0,4236;0,0000;0,0000;-0,0306;0,0394;-0,0420;0,5295;-8,3800;-3,2000;0;0,1205;8,3000;1;1;0;4;0;0
62,5139;68,8092;9,7000;5,3462;0,4203;0,0000;0,0000;-0,0300;0,0339;-0,0382;0,5254;-8,2500;-2,9000;0;0,1205;8,3000;1;1;0;4;0;0
62,5278;68,5637;9,7000;5,4775;0,4119;0,0000;0,0000;-0,0406;0,0199;-0,0579;0,5149;-9,8000;-4,3500;0;0,1203;8,3100;1;1;0;4;0;0
62,5417;68,5266;9,7000;5,5644;0,4080;0,0000;0,0000;-0,0408;0,0133;-0,0584;0,5100;-9,9200;-4,3800;0;0,1203;8,3200;1;1;0;4;0;0
62,5556;68,4894;9,7000;5,6280;0,4042;0,0000;0,0000;-0,0409;0,0069;-0,0591;0,5052;-10,0400;-4,4300;0;0,1202;8,3200;1;1;0;4;0;0
62,5695;68,4523;9,7000;5,7140;0,4004;0,0000;0,0000;-0,0411;0,0007;-0,0595;0,5005;-10,1500;-4,4600;0;0,1202;8,3200;1;1;0;4;0;0
62,5834;68,4151;9,7000;5,8267;0,3968;0,0000;0,0000;-0,0415;0,0000;-0,0594;0,4960;-10,2600;-4,4600;0;0,1202;8,3200;1;1;0;4;0;0
62,5973;68,3779;9,7000;5,9508;0,3932;0,0000;0,0000;-0,0419;0,0000;-0,0592;0,4915;-10,3700;-4,4400;0;0,1201;8,3200;1;1;0;4;0;0
62,6111;68,3536;9,7000;6,0770;0,3895;0,0000;0,0000;-0,0415;0,0000;-0,0574;0,4868;-10,3800;-4,3100;0;0,1201;8,3300;1;1;0;4;0;0
62,6250;68,3536;9,7000;6,2011;0,3853;0,0000;0,0000;-0,0401;0,0000;-0,0537;0,4817;-10,2300;-4,0300;0;0,1201;8,3300;1;1;0;4;0;0
62,6389;68,3536;9,7000;7,4923;0,3816;0,0000;0,0000;-0,0474;0,0000;-0,0339;0,4770;-10,0400;-2,5500;0;0,1201;8,3300;1;1;0;4;0;0
62,6528;68,3536;9,7000;7,6642;0,3779;0,0000;0,0000;-0,0443;0,0000;-0,0291;0,4724;-9,8500;-2,1800;0;0,1201;8,3300;1;1;0;4;0;0
62,6667;68,3536;9,7000;8,4440;0,3745;0,0000;0,0000;-0,0459;0,0000;-0,0159;0,4681;-9,6300;-1,1900;0;0,1201;8,3300;1;1;0;4;0;0
62,6806;68,3536;9,7000;9,0260;0,3713;0,0000;0,0000;-0,0555;0,0000;-0,0260;0,4642;-9,4100;-1,9500;0;0,1201;8,3300;1;1;0;4;0;0
62,6945;68,0916;9,7000;9,4108;0,3628;0,0000;0,0000;-0,0542;0,0000;-0,0211;0,4535;-10,9600;-1,5800;0;0,1191;8,4000;1;1;0;4;0;0
62,7084;68,0543;9,7000;9,9261;0,3593;0,0000;0,0000;-0,0538;0,0000;-0,0142;0,4491;-10,9600;-1,0700;0;0,1190;8,4100;1;1;0;4;0;0
62,7223;68,0171;9,7000;10,4661;0,3559;0,0000;0,0000;-0,0532;0,0000;-0,0069;0,4449;-10,9600;-0,5200;0;0,1188;8,4200;1;1;0;4;0;0
62,7361;67,9798;9,2000;10,7813;0,3527;0,0000;0,0000;-0,0505;0,0000;-0,0027;0,4409;-10,9500;-0,2000;0;0,1187;8,4300;1;1;0;4;0;0
62,7500;67,9443;9,2000;10,9002;0,3499;0,0000;0,0000;-0,0463;0,0000;-0,0007;0,4374;-10,9300;-0,0600;0;0,1185;8,4400;1;1;0;4;0;0
62,7639;67,9089;9,2000;10,8557;0,3472;0,0000;0,0000;-0,0412;0,0000;-0,0011;0,4340;-10,9100;-0,0800;0;0,1184;8,4400;1;1;0;4;0;0
62,7778;67,8983;9,2000;10,6176;0,3440;0,0000;0,0000;-0,0338;0,0000;-0,0016;0,4301;-10,7300;-0,1200;0;0,1184;8,4500;1;1;0;4;0;0
62,7917;67,8983;9,2000;10,4464;0,3408;0,0000;0,0000;-0,0274;0,0000;-0,0005;0,4260;-10,4800;-0,0300;0;0,1184;8,4500;1;1;0;4;0;0
62,8056;67,8983;9,2000;10,3946;0,3377;0,0000;0,0000;-0,0226;0,0000;0,0022;0,4221;-10,2300;0,1600;0;0,1184;8,4500;1;1;0;4;0;0
62,8195;67,8983;9,2000;10,3643;0,3346;0,0000;0,0000;-0,0182;0,0000;0,0051;0,4183;-9,9800;0,3800;0;0,1184;8,4500;1;1;0;4;0;0
62,8334;67,8983;9,2000;10,2905;0,3317;0,0000;0,0000;-0,0139;0,0000;0,0074;0,4146;-9,7400;0,5500;0;0,1184;8,4500;1;1;0;4;0;0
62,8473;67,8983;9,2000;10,1239;0,3289;0,0000;0,0000;-0,0194;0,0000;-0,0121;0,4111;-9,5000;-0,9100;0;0,1184;8,4500;1;1;0;4;0;0
62,8611;67,6387;9,2000;9,8313;0,3207;0,0000;0,0000;-0,0157;0,0000;-0,0160;0,4008;-11,0000;-1,2000;0;0,1167;8,5700;1;1;0;4;0;0
62,8750;67,6034;9,2000;9,5466;0,3172;0,0000;0,0000;-0,0127;0,0000;-0,0199;0,3965;-11,0100;-1,4900;0;0,1165;8,5900;1;1;0;4;0;0
62,8889;67,5681;9,2000;9,4498;0,3138;0,0000;0,0000;-0,0117;0,0000;-0,0213;0,3923;-11,0200;-1,6000;0;0,1162;8,6000;1;1;0;4;0;0
62,9028;67,5328;9,2000;9,4759;0,3106;0,0000;0,0000;-0,0118;0,0000;-0,0211;0,3882;-11,0300;-1,5800;0;0,1160;8,6200;1;1;0;4;0;0
62,9167;67,4974;9,2000;9,5425;0,3074;0,0000;0,0000;-0,0121;0,0000;-0,0203;0,3843;-11,0400;-1,5200;0;0,1158;8,6400;1;1;0;4;0;0
62,9306;67,4620;9,2000;9,5760;0,3044;0,0000;0,0000;-0,0122;0,0000;-0,0199;0,3805;-11,0500;-1,5000;0;0,1155;8,6500;1;1;0;4;0;0
62,9445;67,4433;9,2000;9,5910;0,3011;0,0000;0,0000;-0,0111;0,0000;-0,0180;0,3764;-10,9400;-1,3500;0;0,1154;8,6600;1;1;0;4;0;0
62,9584;67,4433;9,2000;9,5969;0,2976;0,0000;0,0000;-0,0111;0,0000;0,0000;0,3720;-10,7100;-1,1200;0;0,1154;8,6600;0;1;0;4;0;0
62,9723;67,4433;9,2000;9,6065;0,2942;0,0000;0,0000;-0,0111;0,0000;0,0000;0,3677;-10,4800;-0,8800;0;0,1154;8,6600;0;1;0;4;0;0
62,9861;67,4433;9,2000;9,6442;0,2909;0,0000;0,0000;-0,0111;0,0000;0,0000;0,3636;-10,2500;-0,6100;0;0,1154;8,6600;0;1;0;4;0;0
63,0000;67,4433;9,2000;9,7415;0,2877;0,0000;0,0000;-0,0111;0,0000;0,0000;0,3597;-10,0200;-0,2800;0;0,1154;8,6600;0;1;0;4;0;0
63,0139;67,4433;9,2000;9,9191;0,2847;0,0000;0,0000;-0,0111;0,0000;0,0000;0,3559;-9,7800;0,1400;0;0,1154;8,6600;0;1;0;4;0;0
63,0278;67,1955;9,2000;10,0779;0,2768;0,0000;0,0000;-0,0111;0,0000;0,0000;0,3460;-11,1500;-1,1000;0;0,1132;8,8300;0;1;0;4;0;0
63,0417;67,1602;9,2000;10,2038;0,2733;0,0000;0,0000;-0,0111;0,0000;0,0000;0,3416;-11,1400;-0,9600;0;0,1129;8,8500;0;1;0;4;0;0
63,0556;67,1249;9,2000;10,2828;0,2700;0,0000;0,0000;-0,0111;0,0000;0,0000;0,3375;-11,1200;-0,8700;0;0,1126;8,8800;0;1;0;4;0;0
63,0695;67,0895;9,2000;10,3598;0,2668;0,0000;0,0000;-0,0111;0,0000;0,0000;0,3335;-11,1000;-0,7700;0;0,1123;8,9000;0;1;0;4;0;0
63,0834;67,0541;9,2000;10,4387;0,2637;0,0000;0,0000;-0,0111;0,0000;0,0000;0,3297;-11,0800;-0,6700;0;0,1120;8,9300;0;1;0;4;0;0
63,0973;67,0187;9,2000;10,5065;0,2608;0,0000;0,0000;-0,0111;0,0000;0,0000;0,3260;-11,0600;-0,5800;0;0,1117;8,9500;0;1;0;4;0;0
63,1111;66,9873;9,2000;10,5680;0,2580;0,0000;0,0000;-0,0111;0,0000;0,0000;0,3224;-11,0100;-0,4400;0;0,1114;8,9800;0;1;0;4;0;0
63,1250;66,9873;9,2000;10,6029;0,2546;0,0000;0,0000;-0,0111;0,0000;0,0000;0,3182;-10,7600;-0,1500;0;0,1114;8,9800;0;1;0;4;0;0
63,1389;66,9873;9,2000;10,6174;0,2514;0,0000;0,0000;-0,0111;0,0000;0,0000;0,3142;-10,5000;0,1200;0;0,1114;8,9800;0;1;0;4;0;0
63,1528;66,9873;9,2000;10,6204;0,2483;0,0000;0,0000;-0,0111;0,0000;0,0000;0,3103;-10,2500;0,3700;0;0,1114;8,9800;0;1;0;4;0;0
63,1667;66,9873;9,2000;10,6216;0,2453;0,0000;0,0000;-0,0111;0,0000;0,0000;0,3066;-9,9900;0,6300;0;0,1114;8,9800;0;1;0;4;0;0
63,1806;66,9873;9,2000;10,6134;0,2424;0,0000;0,0000;-0,0111;0,0000;0,0000;0,3030;-9,7400;0,8800;0;0,1114;8,9800;0;1;0;4;0;0
63,1945;66,7553;9,2000;10,5781;0,2351;0,0000;0,0000;-0,0111;0,0000;0,0000;0,2939;-10,9300;-0,3800;0;0,1090;9,1800;0;1;0;4;0;0
63,2084;66,7200;9,2000;10,5078;0,2318;0,0000;0,0000;-0,0111;0,0000;0,0000;0,2897;-10,9000;-0,4200;0;0,1086;9,2100;0;1;0;4;0;0
63,2223;66,6846;9,2000;10,3847;0,2285;0,0000;0,0000;-0,0111;0,0000;0,0000;0,2857;-10,8700;-0,5200;0;0,1082;9,2400;0;1;0;4;0;0
63,2361;66,6493;8,5000;10,2102;0,2252;0,0000;0,0000;-0,0111;0,0000;0,0000;0,2815;-10,8700;-0,6800;0;0,1078;9,2700;0;1;0;4;0;0
63,2500;66,6166;8,5000;10,0683;0,2224;0,0000;0,0000;-0,0111;0,0000;0,0000;0,2780;-10,8500;-0,8100;0;0,1075;9,3000;0;1;0;4;0;0
63,2639;66,5839;8,5000;9,9397;0,2196;0,0000;0,0000;-0,0111;0,0000;0,0000;0,2745;-10,8300;-0,9200;0;0,1071;9,3300;0;1;0;4;0;0
63,2778;66,5512;8,5000;9,8064;0,2169;0,0000;0,0000;-0,0111;0,0000;0,0000;0,2712;-10,8200;-1,0400;0;0,1068;9,3600;0;1;0;1;0;0
63,2917;66,5317;8,5000;9,6839;0,2140;0,0000;0,0000;-0,0111;0,0000;0,0000;0,2675;-10,7300;-1,0500;0;0,1066;9,3800;0;1;0;1;0;0
63,3056;66,5317;8,5000;9,5278;0,2109;0,0000;0,0000;-0,0111;0,0000;0,0000;0,2636;-10,5200;-0,9900;0;0,1066;9,3800;0;1;0;1;0;0
63,3195;66,5317;8,5000;9,3934;0,2077;0,0000;0,0000;-0,0111;0,0000;0,0000;0,2597;-10,3100;-0,9200;0;0,1066;9,3800;0;1;0;1;0;0
63,3334;66,5317;8,5000;9,3188;0,2047;0,0000;0,0000;-0,0111;0,0000;0,0000;0,2559;-10,1100;-0,7900;0;0,1066;9,3800;0;1;0;1;0;0
63,3473;66,5317;8,5000;9,2566;0,2018;0,0000;0,0000;-0,0111;0,0000;0,0000;0,2522;-9,9000;-0,6400;0;0,1066;9,3800;0;1;0;1;0;0
63,3611;66,5317;8,5000;9,2181;0,1989;0,0000;0,0000;-0,0111;0,0000;0,0000;0,2486;-9,7000;-0,4800;0;0,1066;9,3800;0;1;0;1;0;0
63,3750;66,5317;8,5000;9,1783;0,1961;0,0000;0,0000;-0,0111;0,0000;0,0000;0,2452;-9,5000;-0,3200;0;0,1066;9,3800;0;1;0;1;0;0
63,3889;66,2777;8,5000;9,1328;0,1886;0,0000;0,0000;-0,0111;0,0000;0,0000;0,2358;-10,8100;-1,7000;0;0,1036;9,6500;0;1;0;1;0;0
63,4028;66,2451;8,5000;9,0739;0,1854;0,0000;0,0000;-0,0111;0,0000;0,0000;0,2317;-10,8000;-1,7500;0;0,1032;9,6900;0;1;0;1;0;0
63,4167;66,2125;8,5000;9,0526;0,1822;0,0000;0,0000;-0,0111;0,0000;0,0000;0,2277;-10,8000;-1,7700;0;0,1028;9,7300;0;1;0;1;0;0
63,4306;66,1799;8,5000;9,0214;0,1791;0,0000;0,0000;-0,0111;0,0000;0,0000;0,2239;-10,7900;-1,8000;0;0,1024;9,7600;0;1;0;1;0;0
63,4445;66,1472;8,5000;8,9924;0,1761;0,0000;0,0000;-0,0111;0,0000;0,0000;0,2201;-10,7900;-1,8200;0;0,1020;9,8000;0;1;0;1;0;0
63,4584;66,1146;8,5000;8,9722;0,1732;0,0000;0,0000;-0,0111;0,0000;0,0000;0,2165;-10,7900;-1,8400;0;0,1016;9,8400;0;1;0;1;0;0
63,4723;66,0819;8,5000;8,9512;0,1704;0,0000;0,0000;-0,0111;0,0000;0,0000;0,2130;-10,7800;-1,8600;0;0,1013;9,8800;0;1;0;1;0;0
63,4861;66,0772;8,5000;8,9404;0,1671;0,0000;0,0000;-0,0111;0,0000;0,0000;0,2089;-10,6200;-1,6700;0;0,1012;9,8800;0;1;0;1;0;0
63,5000;66,0772;7,9000;8,9436;0,1638;0,0000;0,0000;-0,0111;0,0000;0,0000;0,2047;-10,4300;-1,4900;0;0,1012;9,8800;0;1;0;1;0;0
63,5139;66,0772;7,9000;8,9589;0,1609;0,0000;0,0000;-0,0111;0,0000;0,0000;0,2011;-10,2500;-1,2900;0;0,1012;9,8800;0;1;0;1;0;0
63,5278;66,0772;7,9000;8,9872;0,1580;0,0000;0,0000;-0,0111;0,0000;0,0000;0,1975;-10,0700;-1,0800;0;0,1012;9,8800;0;1;0;1;0;0
63,5417;66,0772;7,9000;9,0392;0,1553;0,0000;0,0000;-0,0111;0,0000;0,0000;0,1941;-9,8800;-0,8400;0;0,1012;9,8800;0;1;0;1;0;0
63,5556;66,0772;7,9000;9,0690;0,1526;0,0000;0,0000;-0,0111;0,0000;0,0000;0,1907;-9,7000;-0,6300;0;0,1012;9,8800;0;1;0;1;0;0
63,5695;66,0772;7,9000;9,1091;0,1500;0,0000;0,0000;-0,0111;0,0000;0,0000;0,1875;-9,5100;-0,4000;0;0,1012;9,8800;0;1;0;1;0;0
63,5834;65,8256;7,9000;9,1480;0,1430;0,0000;0,0000;-0,0111;0,0000;0,0000;0,1787;-10,7400;-1,6200;0;0,0980;10,2000;0;1;0;1;0;0
63,5973;65,7953;7,9000;9,2040;0,1400;0,0000;0,0000;-0,0111;0,0000;0,0000;0,1750;-10,7200;-1,5400;0;0,0976;10,2400;0;1;0;1;0;0
63,6111;65,7650;7,9000;9,2717;0,1371;0,0000;0,0000;-0,0111;0,0000;0,0000;0,1714;-10,7000;-1,4600;0;0,0973;10,2800;0;1;0;1;0;0
63,6250;65,7346;7,9000;9,3331;0,1343;0,0000;0,0000;-0,0111;0,0000;0,0000;0,1679;-10,6800;-1,3800;0;0,0969;10,3200;0;1;0;1;0;0
63,6389;65,7043;7,9000;9,3875;0,1316;0,0000;0,0000;-0,0111;0,0000;0,0000;0,1645;-10,6600;-1,3000;0;0,0965;10,3600;0;1;0;1;0;0
63,6528;65,6739;7,9000;9,4287;0,1290;0,0000;0,0000;-0,0111;0,0000;0,0000;0,1613;-10,6400;-1,2400;0;0,0961;10,4000;0;1;0;1;0;0
63,6667;65,6435;7,9000;9,4721;0,1265;0,0000;0,0000;-0,0111;0,0000;0,0000;0,1581;-10,6200;-1,1700;0;0,0957;10,4500;0;1;0;1;0;0
63,6806;65,6209;7,9000;9,5148;0,1239;0,0000;0,0000;-0,0111;0,0000;0,0000;0,1549;-10,5500;-1,0400;0;0,0954;10,4800;0;1;0;1;0;0
63,6945;65,6209;7,9000;9,5621;0,1211;0,0000;0,0000;-0,0111;0,0000;0,0000;0,1513;-10,3600;-0,7900;0;0,0954;10,4800;0;1;0;1;0;0
63,7084;65,6209;7,9000;9,6088;0,1183;0,0000;0,0000;-0,0111;0,0000;0,0000;0,1479;-10,1600;-0,5500;0;0,0954;10,4800;0;1;0;1;0;0
63,7223;65,6209;7,9000;9,6510;0,1156;0,0000;0,0000;-0,0111;0,0000;0,0000;0,1445;-9,9600;-0,3100;0;0,0954;10,4800;0;1;0;1;0;0
63,7361;65,6209;7,9000;9,6921;0,1130;0,0000;0,0000;-0,0111;0,0000;0,0000;0,1413;-9,7600;-0,0700;0;0,0954;10,4800;0;1;0;1;0;0
63,7500;65,6209;7,9000;9,6679;0,1105;0,0000;0,0000;-0,0111;0,0000;0,0000;0,1381;-9,5600;0,1000;0;0,0954;10,4800;0;1;0;1;0;0
63,7639;65,6209;7,9000;9,6547;0,1081;0,0000;0,0000;-0,0111;0,0000;0,0000;0,1351;-9,3600;0,2900;0;0,0954;10,4800;0;1;0;1;0;0
63,7778;65,6209;7,9000;9,7374;0,1057;0,0000;0,0000;-0,0111;0,0000;0,0000;0,1322;-9,1600;-0,6500;0;0,0954;10,4800;0;1;0;1;0;0
63,7917;65,3640;7,9000;9,7586;0,0991;0,0000;0,0000;-0,0111;0,0000;0,0000;0,1239;-10,3200;-0,5900;0;0,0921;10,8600;0;1;0;1;0;0
63,8056;65,3336;7,9000;9,7687;0,0965;0,0000;0,0000;-0,0111;0,0000;0,0000;0,1206;-10,2800;-0,5400;0;0,0917;10,9000;0;1;0;1;0;0
63,8195;65,3032;7,9000;9,7753;0,0939;0,0000;0,0000;-0,0111;0,0000;0,0000;0,1173;-10,2400;-0,4900;0;0,0913;10,9500;0;1;0;1;0;0
63,8334;65,2729;7,9000;9,7843;0,0913;0,0000;0,0000;-0,0111;0,0000;0,0000;0,1142;-10,2000;-0,4400;0;0,0909;11,0000;0;1;0;1;0;0
63,8473;65,2425;7,9000;9,7954;0,0889;0,0000;0,0000;-0,0111;0,0000;0,0000;0,1111;-10,1600;-0,3900;0;0,0905;11,0400;0;1;0;1;0;0
63,8611;65,2120;7,9000;9,8099;0,0866;0,0000;0,0000;-0,0111;0,0000;0,0000;0,1082;-10,1200;-0,3300;0;0,0902;11,0900;0;1;0;1;0;0
63,8750;65,1816;7,9000;9,8202;0,0843;0,0000;0,0000;-0,0111;0,0000;0,0000;0,1054;-10,0800;-0,2800;0;0,0898;11,1400;0;1;0;1;0;0
63,8889;65,1652;7,9000;9,8277;0,0819;0,0000;0,0000;-0,0111;0,0000;0,0000;0,1024;-9,9700;-0,1400;0;0,0895;11,1700;0;1;0;1;0;0
63,9028;65,1652;7,9000;9,8318;0,0793;0,0000;0,0000;-0,0111;0,0000;0,0000;0,0991;-9,7700;0,0700;0;0,0895;11,1700;0;1;0;1;0;0
63,9167;65,1652;7,9000;9,8354;0,0768;0,0000;0,0000;-0,0111;0,0000;0,0000;0,0960;-9,5600;0,2700;0;0,0895;11,1700;0;1;0;1;0;0
63,9306;65,1652;7,9000;9,8428;0,0744;0,0000;0,0000;-0,0111;0,0000;0,0000;0,0930;-9,3600;0,4800;0;0,0895;11,1700;0;1;0;1;0;0
63,9445;65,1652;7,9000;9,8539;0,0721;0,0000;0,0000;-0,0111;0,0000;0,0000;0,0901;-9,1600;0,6900;0;0,0895;11,1700;0;1;0;1;0;0
63,9584;65,1652;7,9000;9,8672;0,0698;0,0000;0,0000;-0,0111;0,0000;0,0000;0,0873;-8,9600;0,9100;0;0,0895;11,1700;0;1;0;1;0;0
63,9723;65,1652;7,9000;9,8799;0,0677;0,0000;0,0000;-0,0111;0,0000;0,0000;0,0846;-8,7500;1,1300;0;0,0895;11,1700;0;1;0;1;0;0
63,9861;64,9347;7,5000;9,8921;0,0619;0,0000;0,0000;-0,0111;0,0000;0,0000;0,0773;-9,7000;0,1700;0;0,0866;11,5500;0;1;0;1;0;0
64,0000;64,9058;7,5000;9,9055;0,0595;0,0000;0,0000;-0,0111;0,0000;0,0000;0,0744;-9,6500;0,2300;0;0,0862;11,6000;0;1;0;1;0;0
64,0139;64,8770;7,5000;9,9207;0,0572;0,0000;0,0000;-0,0111;0,0000;0,0000;0,0716;-9,6000;0,3000;0;0,0858;11,6500;0;1;0;1;0;0
64,0278;64,8481;7,5000;9,9374;0,0551;0,0000;0,0000;-0,0111;0,0000;0,0000;0,0688;-9,5500;0,3700;0;0,0855;11,7000;0;1;0;1;0;0
64,0417;64,8192;7,5000;9,9495;0,0530;0,0000;0,0000;-0,0111;0,0000;0,0000;0,0662;-9,5000;0,4300;0;0,0851;11,7500;0;1;0;1;0;0
64,0556;64,7903;7,5000;9,9204;0,0509;0,0000;0,0000;-0,0111;0,0000;0,0000;0,0637;-9,4500;0,4500;0;0,0847;11,8000;0;1;0;1;0;0
64,0695;64,7614;7,5000;9,9139;0,0490;0,0000;0,0000;-0,0111;0,0000;0,0000;0,0612;-9,4000;0,4900;0;0,0843;11,8600;0;1;0;1;0;0
64,0834;64,7325;7,5000;9,9132;0,0471;0,0000;0,0000;-0,0111;0,0000;0,0000;0,0589;-9,3500;0,5400;0;0,0840;11,9100;0;1;0;1;0;0
64,0973;64,7111;7,5000;9,9723;0,0452;0,0000;0,0000;-0,0111;0,0000;0,0000;0,0565;-9,2600;0,7100;0;0,0837;11,9500;0;1;0;1;0;0
64,1111;64,7111;7,5000;9,9888;0,0431;0,0000;0,0000;-0,0111;0,0000;0,0000;0,0538;-9,0700;0,9200;0;0,0837;11,9500;0;1;0;1;0;0
64,1250;64,7111;7,5000;9,9931;0,0410;0,0000;0,0000;-0,0111;0,0000;0,0000;0,0513;-8,8700;1,1200;0;0,0837;11,9500;0;1;0;1;0;0
64,1389;64,7111;7,5000;9,9935;0,0390;0,0000;0,0000;-0,0111;0,0000;0,0000;0,0488;-8,6800;1,3100;0;0,0837;11,9500;0;1;0;1;0;0
64,1528;64,7111;7,5000;9,9953;0,0371;0,0000;0,0000;-0,0111;0,0000;0,0000;0,0464;-8,4800;1,5100;0;0,0837;11,9500;0;1;0;1;0;0
64,1667;64,7111;7,5000;10,0020;0,0352;0,0000;0,0000;-0,0111;0,0000;0,0000;0,0441;-8,2900;1,7100;0;0,0837;11,9500;0;1;0;1;0;0
64,1806;64,7111;7,5000;10,0137;0,0335;0,0000;0,0000;-0,0111;0,0000;0,0000;0,0419;-8,0900;1,9200;0;0,0837;11,9500;0;1;0;1;0;0
64,1945;64,7111;7,5000;10,0313;0,0318;0,0000;0,0000;-0,0111;0,0000;0,0000;0,0398;-7,9000;2,1300;0;0,0837;11,9500;0;1;0;1;0;0
64,2084;64,4706;7,5000;10,0487;0,0266;0,0000;0,0000;-0,0111;0,0000;0,0000;0,0333;-8,8100;1,2200;0;0,0807;12,4000;0;1;0;1;0;0
64,2223;64,4417;7,5000;10,0647;0,0247;0,0000;0,0000;-0,0111;0,0000;0,0000;0,0309;-8,7500;1,3000;0;0,0803;12,4500;0;1;0;1;0;0
64,2361;64,4128;7,5000;10,0862;0,0228;0,0000;0,0000;-0,0111;0,0000;0,0000;0,0285;-8,6900;1,3800;0;0,0799;12,5100;0;1;0;1;0;0
64,2500;64,3839;7,5000;10,1152;0,0210;0,0000;0,0000;-0,0111;0,0000;0,0000;0,0263;-8,6200;1,4800;0;0,0796;12,5700;0;1;0;1;0;0
64,2639;64,3550;7,5000;10,1365;0,0193;0,0000;0,0000;-0,0111;0,0000;0,0000;0,0242;-8,5600;1,5600;0;0,0792;12,6300;0;1;0;1;0;0
64,2778;64,3260;7,5000;10,1611;0,0177;0,0000;0,0000;-0,0111;0,0000;0,0000;0,0222;-8,5000;1,6500;0;0,0788;12,6800;0;1;0;5;0;0
64,2917;64,2971;7,5000;10,1926;0,0162;0,0000;0,0000;-0,0111;0,0000;0,0000;0,0203;-8,4300;1,7500;0;0,0785;12,7400;0;1;0;5;0;0
64,3056;64,2682;7,5000;10,2187;0,0148;0,0000;0,0000;-0,0111;0,0000;0,0000;0,0185;-8,3600;1,8400;0;0,0781;12,8000;0;1;0;5;0;0
64,3195;64,2535;7,5000;10,2476;0,0132;0,0000;0,0000;-0,0111;0,0000;0,0000;0,0165;-8,2300;2,0200;0;0,0779;12,8300;0;1;0;5;0;0
64,3334;64,2535;7,5000;10,2806;0,0115;0,0000;0,0000;-0,0111;0,0000;0,0000;0,0144;-8,0300;2,2500;0;0,0779;12,8300;0;1;0;5;0;0
64,3473;64,2535;7,5000;10,3024;0,0099;0,0000;0,0000;-0,0111;0,0000;0,0000;0,0124;-7,8300;2,4700;0;0,0779;12,8300;0;1;0;5;0;0
64,3611;64,2535;7,5000;10,3156;0,0084;0,0000;0,0000;-0,0111;0,0000;0,0000;0,0105;-7,6300;2,6900;0;0,0779;12,8300;0;1;0;5;0;0
64,3750;64,2535;7,5000;10,3210;0,0069;0,0000;0,0000;-0,0111;0,0000;0,0000;0,0087;-7,4300;2,8900;0;0,0779;12,8300;0;1;0;5;0;0
64,3889;64,2535;7,5000;10,3193;0,0056;0,0000;0,0000;-0,0111;0,0000;0,0000;0,0070;-7,2200;3,1000;0;0,0779;12,8300;0;1;0;5;0;0
64,4028;64,2535;7,5000;10,3120;0,0043;0,0000;0,0000;-0,0111;0,0000;0,0000;0,0054;-7,0200;3,2900;0;0,0779;12,8300;0;1;0;5;0;0
64,4167;64,2535;7,5000;10,3010;0,0031;0,0000;0,0000;-0,0111;0,0000;0,0000;0,0039;-6,8200;3,4800;0;0,0779;12,8300;0;1;0;5;0;0
64,4306;64,0073;7,5000;10,2852;-0,0014;0,0000;0,0000;-0,0111;0,0000;0,0000;-0,0018;-7,6800;2,5900;0;0,0750;13,3400;0;1;0;5;0;0
64,4445;63,9783;7,5000;10,2107;-0,0029;0,0000;0,0000;-0,0111;0,0000;0,0000;-0,0036;-7,6100;2,5900;0;0,0746;13,4000;0;1;0;5;0;0
64,4584;63,9494;7,5000;10,2114;-0,0043;0,0000;0,0000;-0,0111;0,0000;0,0000;-0,0053;-7,5300;2,6700;0;0,0743;13,4700;0;1;0;5;0;0
64,4723;63,9204;7,5000;10,2217;-0,0056;0,0000;0,0000;-0,0111;0,0000;0,0000;-0,0069;-7,4600;2,7600;0;0,0739;13,5300;0;1;0;5;0;0
64,4861;63,8915;7,5000;10,2558;-0,0068;0,0000;0,0000;-0,0111;0,0000;0,0000;-0,0084;-7,3800;2,8700;0;0,0736;13,6000;0;1;0;5;0;0
64,5000;63,8625;6,9000;10,2895;-0,0080;0,0000;0,0000;-0,0111;0,0000;0,0000;-0,0100;-7,3200;2,9600;0;0,0732;13,6600;0;1;0;5;0;0
64,5139;63,8359;6,9000;10,3071;-0,0089;0,0000;0,0000;-0,0111;0,0000;0,0000;-0,0112;-7,2500;3,0500;0;0,0729;13,7200;0;1;0;5;0;0
64,5278;63,8092;6,9000;10,3256;-0,0098;0,0000;0,0000;-0,0111;0,0000;0,0000;-0,0123;-7,1800;3,1400;0;0,0726;13,7800;0;1;0;5;0;0
64,5417;63,7995;6,9000;10,3394;-0,0109;0,0000;0,0000;-0,0111;0,0000;0,0000;-0,0136;-7,0300;3,3100;0;0,0724;13,8000;0;1;0;5;0;0
64,5556;63,7995;6,9000;10,3293;-0,0120;0,0000;0,0000;-0,0111;0,0000;0,0000;-0,0150;-6,8500;3,4800;0;0,0724;13,8000;0;1;0;5;0;0
64,5695;63,7995;6,9000;10,3003;-0,0130;0,0000;0,0000;-0,0111;0,0000;0,0000;-0,0163;-6,6600;3,6400;0;0,0724;13,8000;0;1;0;5;0;0
64,5834;63,7995;6,9000;10,2440;-0,0140;0,0000;0,0000;-0,0111;0,0000;0,0000;-0,0175;-6,4800;3,7600;0;0,0724;13,8000;0;1;0;5;0;0
64,5973;63,7995;6,9000;10,1803;-0,0149;0,0000;0,0000;-0,0111;0,0000;0,0000;-0,0186;-6,3000;3,8800;0;0,0724;13,8000;0;1;0;5;0;0
64,6111;63,7995;6,9000;10,1172;-0,0158;0,0000;0,0000;-0,0111;0,0000;0,0000;-0,0197;-6,1100;4,0000;0;0,0724;13,8000;0;1;0;5;0;0
64,6250;63,7995;6,9000;10,0480;-0,0166;0,0000;0,0000;-0,0111;0,0000;0,0000;-0,0207;-5,9300;4,1100;0;0,0724;13,8000;0;1;0;5;0;0
64,6389;63,7995;6,9000;9,9877;-0,0173;0,0000;0,0000;-0,0111;0,0000;0,0000;-0,0217;-5,7500;4,2300;0;0,0724;13,8000;0;1;0;5;0;0
64,6528;63,5699;6,9000;9,9200;-0,0210;0,0000;0,0000;-0,0111;0,0000;0,0000;-0,0262;-6,4900;3,4200;0;0,0698;14,3200;0;1;0;5;0;0
64,6667;63,5432;6,9000;9,8166;-0,0220;0,0000;0,0000;-0,0111;0,0000;0,0000;-0,0275;-6,4200;3,3800;0;0,0695;14,3900;0;1;0;5;0;0
64,6806;63,5166;6,9000;9,6646;-0,0229;0,0000;0,0000;-0,0111;0,0000;0,0000;-0,0286;-6,3600;3,3000;0;0,0692;14,4500;0;1;0;5;0;0
64,6945;63,4899;6,9000;9,5078;-0,0238;0,0000;0,0000;-0,0111;0,0000;0,0000;-0,0298;-6,2900;3,2100;0;0,0689;14,5100;0;1;0;5;0;0
64,7084;63,4633;6,9000;9,3582;-0,0247;0,0000;0,0000;-0,0111;0,0000;0,0000;-0,0308;-6,2300;3,1200;0;0,0686;14,5800;0;1;0;5;0;0
64,7223;63,4366;6,9000;9,2484;-0,0255;0,0000;0,0000;-0,0111;0,0000;0,0000;-0,0318;-6,1700;3,0700;0;0,0683;14,6400;0;1;0;5;0;0
64,7361;63,4100;6,5000;9,1139;-0,0263;0,0000;0,0000;-0,0111;0,0000;0,0000;-0,0329;-6,1300;2,9800;0;0,0680;14,7100;0;1;0;5;0;0
64,7500;63,3849;6,5000;8,9962;-0,0270;0,0000;0,0000;-0,0111;0,0000;0,0000;-0,0337;-6,0700;2,9200;0;0,0677;14,7700;0;1;0;5;0;0
64,7639;63,3598;6,5000;8,9107;-0,0276;0,0000;0,0000;-0,0111;0,0000;0,0000;-0,0345;-6,0200;2,8800;0;0,0674;14,8300;0;1;0;5;0;0
64,7778;63,3442;6,5000;8,8324;-0,0284;0,0000;0,0000;-0,0111;0,0000;0,0000;-0,0354;-5,9400;2,9000;0;0,0672;14,8700;0;1;0;5;0;0
64,7917;63,3442;6,5000;8,7924;-0,0292;0,0000;0,0000;-0,0111;0,0000;0,0000;-0,0365;-5,7900;3,0000;0;0,0672;14,8700;0;1;0;5;0;0
64,8056;63,3442;6,5000;8,7679;-0,0300;0,0000;0,0000;-0,0111;0,0000;0,0000;-0,0376;-5,6400;3,1300;0;0,0672;14,8700;0;1;0;5;0;0
64,8195;63,3442;6,5000;8,7335;-0,0308;0,0000;0,0000;-0,0111;0,0000;0,0000;-0,0385;-5,4900;3,2400;0;0,0672;14,8700;0;1;0;5;0;0
64,8334;63,3442;6,5000;8,7024;-0,0316;0,0000;0,0000;-0,0111;0,0000;0,0000;-0,0394;-5,3400;3,3600;0;0,0672;14,8700;0;1;0;5;0;0
64,8473;63,3442;6,5000;8,6871;-0,0322;0,0000;0,0000;-0,0111;0,0000;0,0000;-0,0403;-5,2000;3,4900;0;0,0672;14,8700;0;1;0;5;0;0
64,8611;63,3442;6,5000;8,6843;-0,0328;0,0000;0,0000;-0,0111;0,0000;0,0000;-0,0411;-5,0500;3,6300;0;0,0672;14,8700;0;1;0;5;0;0
64,8750;63,3442;6,5000;8,6773;-0,0334;0,0000;0,0000;-0,0111;0,0000;0,0000;-0,0418;-4,9100;3,7700;0;0,0672;14,8700;0;1;0;5;0;0
64,8889;63,3442;6,5000;8,7048;-0,0339;0,0000;0,0000;-0,0111;0,0000;0,0000;-0,0424;-4,7600;3,9500;0;0,0672;14,8700;0;1;0;5;0;0
64,9028;63,1099;6,5000;8,7518;-0,0372;0,0000;0,0000;-0,0111;0,0000;0,0000;-0,0465;-5,4800;3,2700;0;0,0647;15,4500;0;1;0;5;0;0
64,9167;63,0848;6,5000;8,7968;-0,0379;0,0000;0,0000;-0,0111;0,0000;0,0000;-0,0474;-5,4200;3,3700;0;0,0644;15,5200;0;1;0;5;0;0
64,9306;63,0597;6,5000;8,8326;-0,0386;0,0000;0,0000;-0,0111;0,0000;0,0000;-0,0482;-5,3700;3,4600;0;0,0642;15,5800;0;1;0;5;0;0
64,9445;63,0346;6,5000;8,8537;-0,0392;0,0000;0,0000;-0,0111;0,0000;0,0000;-0,0490;-5,3100;3,5400;0;0,0639;15,6500;0;1;0;5;0;0
64,9584;63,0095;6,5000;8,8781;-0,0397;0,0000;0,0000;-0,0111;0,0000;0,0000;-0,0496;-5,2500;3,6200;0;0,0636;15,7100;0;1;0;5;0;0
64,9723;62,9844;6,5000;8,9073;-0,0402;0,0000;0,0000;-0,0111;0,0000;0,0000;-0,0502;-5,2000;3,7000;0;0,0634;15,7800;0;1;0;5;0;0
64,9861;62,9593;6,5000;8,9426;-0,0406;0,0000;0,0000;-0,0111;0,0000;0,0000;-0,0507;-5,1400;3,8000;0;0,0631;15,8500;0;1;0;5;0;0
65,0000;62,9341;6,5000;8,9813;-0,0410;0,0000;0,0000;-0,0111;0,0000;0,0000;-0,0512;-5,0800;3,8900;0;0,0628;15,9200;0;1;0;5;0;0
65,0139;62,9090;6,5000;9,0007;-0,0413;0,0000;0,0000;-0,0111;0,0000;0,0000;-0,0516;-5,0200;3,9700;0;0,0626;15,9800;0;1;0;5;0;0
65,0278;62,8868;6,5000;9,0040;-0,0416;0,0000;0,0000;-0,0111;0,0000;0,0000;-0,0519;-4,9500;4,0500;0;0,0623;16,0400;0;1;0;5;0;0
65,0417;62,8868;6,5000;8,9987;-0,0421;0,0000;0,0000;-0,0111;0,0000;0,0000;-0,0526;-4,8000;4,2000;0;0,0623;16,0400;0;1;0;5;0;0
65,0556;62,8868;6,5000;8,9830;-0,0425;0,0000;0,0000;-0,0111;0,0000;0,0000;-0,0531;-4,6500;4,3300;0;0,0623;16,0400;0;1;0;5;0;0
65,0695;62,8868;6,5000;8,9605;-0,0429;0,0000;0,0000;-0,0111;0,0000;0,0000;-0,0536;-4,5000;4,4600;0;0,0623;16,0400;0;1;0;5;0;0
65,0834;62,8868;6,5000;8,9298;-0,0432;0,0000;0,0000;-0,0111;0,0000;0,0000;-0,0541;-4,3500;4,5800;0;0,0623;16,0400;0;1;0;5;0;0
65,0973;62,8868;6,5000;8,8839;-0,0435;0,0000;0,0000;-0,0111;0,0000;0,0000;-0,0544;-4,2000;4,6900;0;0,0623;16,0400;0;1;0;5;0;0
65,1111;62,8868;6,5000;8,8392;-0,0438;0,0000;0,0000;-0,0111;0,0000;0,0000;-0,0548;-4,0500;4,7900;0;0,0623;16,0400;0;1;0;5;0;0
65,1250;62,8868;6,5000;8,8027;-0,0440;0,0000;0,0000;-0,0111;0,0000;0,0000;-0,0550;-3,9000;4,9000;0;0,0623;16,0400;0;1;0;5;0;0
65,1389;62,8868;6,5000;8,7829;-0,0442;0,0000;0,0000;-0,0111;0,0000;0,0000;-0,0552;-3,7500;5,0300;0;0,0623;16,0400;0;1;0;5;0;0
65,1528;62,6594;6,5000;8,7707;-0,0468;0,0000;0,0000;-0,0111;0,0000;0,0000;-0,0585;-4,3800;4,3800;0;0,0601;16,6500;0;1;0;5;0;0
65,1667;62,6343;6,5000;8,7682;-0,0471;0,0000;0,0000;-0,0111;0,0000;0,0000;-0,0589;-4,3200;4,4400;0;0,0598;16,7200;0;1;0;5;0;0
65,1806;62,6092;6,5000;8,7585;-0,0474;0,0000;0,0000;-0,0111;0,0000;0,0000;-0,0593;-4,2600;4,4900;0;0,0596;16,7900;0;1;0;5;0;0
65,1945;62,5840;6,5000;8,7563;-0,0476;0,0000;0,0000;-0,0111;0,0000;0,0000;-0,0596;-4,2000;4,5500;0;0,0593;16,8600;0;1;0;5;0;0
65,2084;62,5589;6,5000;8,7607;-0,0478;0,0000;0,0000;-0,0111;0,0000;0,0000;-0,0598;-4,1400;4,6200;0;0,0590;16,9400;0;1;0;5;0;0
65,2223;62,5338;6,5000;8,7651;-0,0480;0,0000;0,0000;-0,0111;0,0000;0,0000;-0,0599;-4,0700;4,6900;0;0,0588;17,0100;0;1;0;5;0;0
65,2361;62,5087;6,5000;8,7666;-0,0480;0,0000;0,0000;-0,0111;0,0000;0,0000;-0,0600;-4,0100;4,7500;0;0,0585;17,0800;0;1;0;5;0;0
65,2500;62,4836;6,5000;8,7661;-0,0480;0,0000;0,0000;-0,0111;0,0000;0,0000;-0,0601;-3,9500;4,8100;0;0,0583;17,1500;0;1;0;5;0;0
65,2639;62,4585;6,5000;8,7709;-0,0480;0,0000;0,0000;-0,0111;0,0000;0,0000;-0,0600;-3,8900;4,8800;0;0,0580;17,2300;0;1;0;5;0;0
65,2778;62,4337;6,5000;8,7766;-0,0479;0,0000;0,0000;-0,0111;0,0000;0,0000;-0,0599;-3,8300;4,9500;0;0,0578;17,3000;0;1;0;8;0;0
65,2917;62,4337;6,5000;8,7813;-0,0481;0,0000;0,0000;-0,0111;0,0000;0,0000;-0,0601;-3,6800;5,1000;0;0,0578;17,3000;0;1;0;8;0;0
65,3056;62,4337;6,5000;8,7731;-0,0481;0,0000;0,0000;-0,0111;0,0000;0,0000;-0,0602;-3,5300;5,2400;0;0,0578;17,3000;0;1;0;8;0;0
65,3195;62,4337;6,5000;8,7714;-0,0482;0,0000;0,0000;-0,0111;0,0000;0,0000;-0,0602;-3,3800;5,3900;0;0,0578;17,3000;0;1;0;8;0;0
65,3334;62,4337;6,5000;8,7102;-0,0482;0,0000;0,0000;-0,0111;0,0000;0,0000;-0,0602;-3,2400;5,4700;0;0,0578;17,3000;0;1;0;8;0;0
65,3473;62,4337;6,5000;8,6335;-0,0481;0,0000;0,0000;-0,0111;0,0000;0,0000;-0,0601;-3,0900;5,5400;0;0,0578;17,3000;0;1;0;8;0;0
65,3611;62,4337;6,5000;8,5345;-0,0480;0,0000;0,0000;-0,0111;0,0000;0,0000;-0,0600;-2,9500;5,5900;0;0,0578;17,3000;0;1;0;8;0;0
65,3750;62,4337;6,5000;8,3819;-0,0479;0,0000;0,0000;-0,0111;0,0000;0,0000;-0,0599;-2,8100;5,5800;0;0,0578;17,3000;0;1;0;8;0;0
65,3889;62,4337;6,5000;8,3515;-0,0477;0,0000;0,0000;-0,0111;0,0000;0,0000;-0,0597;-2,6700;5,6900;0;0,0578;17,3000;0;1;0;8;0;0
65,4028;62,4337;6,5000;8,0002;-0,0476;0,0000;0,0000;-0,0111;0,0000;0,0000;-0,0594;-2,5300;5,4700;0;0,0578;17,3000;0;1;0;8;0;0
65,4167;62,1837;6,5000;7,7934;-0,0500;0,0000;0,0000;-0,0111;0,0000;0,0000;-0,0625;-3,2000;4,5900;0;0,0555;18,0200;0;1;0;8;0;0
65,4306;62,1586;6,5000;7,6058;-0,0500;0,0000;0,0000;-0,0111;0,0000;0,0000;-0,0625;-3,1500;4,4500;0;0,0553;18,1000;0;1;0;8;0;0
65,4445;62,1335;6,5000;7,4438;-0,0501;0,0000;0,0000;-0,0111;0,0000;0,0000;-0,0626;-3,1000;4,3400;0;0,0550;18,1700;0;1;0;8;0;0
65,4584;62,1084;6,5000;7,3269;-0,0501;0,0000;0,0000;-0,0111;0,0000;0,0000;-0,0626;-3,0600;4,2600;0;0,0548;18,2500;0;1;0;8;0;0
65,4723;62,0833;6,5000;7,3035;-0,0500;0,0000;0,0000;-0,0111;0,0000;0,0000;-0,0625;-3,0200;4,2800;0;0,0546;18,3300;0;1;0;8;0;0
65,4861;62,0582;6,5000;7,0968;-0,0500;0,0000;0,0000;-0,0111;0,0000;0,0000;-0,0625;-2,9800;4,1100;0;0,0543;18,4100;0;1;0;8;0;0
65,5000;62,0331;6,5000;6,9660;-0,0499;0,0000;0,0000;-0,0111;0,0000;0,0000;-0,0624;-2,9400;4,0200;0;0,0541;18,4900;0;1;0;8;0;0
65,5139;62,0080;6,5000;6,8510;-0,0498;0,0000;0,0000;-0,0111;0,0000;0,0000;-0,0623;-2,9100;3,9400;0;0,0539;18,5700;0;1;0;8;0;0
65,5278;61,9829;6,5000;6,7854;-0,0497;0,0000;0,0000;-0,0111;0,0000;0,0000;-0,0621;-2,8700;3,9100;0;0,0536;18,6500;0;1;0;8;0;0
65,5417;61,9741;6,5000;6,7184;-0,0497;0,0000;0,0000;-0,0111;0,0000;0,0000;-0,0621;-2,7900;3,9300;0;0,0535;18,6700;0;1;0;8;0;0
65,5556;61,9741;6,5000;6,6446;-0,0498;0,0000;0,0000;-0,0111;0,0000;0,0000;-0,0622;-2,6800;3,9700;0;0,0535;18,6700;0;1;0;8;0;0
65,5695;61,9741;6,5000;6,5324;-0,0498;0,0000;0,0000;-0,0111;0,0000;0,0000;-0,0623;-2,5700;3,9700;0;0,0535;18,6700;0;1;0;8;0;0
65,5834;61,9741;6,5000;6,4172;-0,0498;0,0000;0,0000;-0,0111;0,0000;0,0000;-0,0623;-2,4600;3,9600;0;0,0535;18,6700;0;1;0;8;0;0
65,5973;61,9741;6,5000;6,2927;-0,0498;0,0000;0,0000;-0,0111;0,0000;0,0000;-0,0623;-2,3500;3,9400;0;0,0535;18,6700;0;1;0;8;0;0
65,6111;61,9741;6,5000;6,1830;-0,0498;0,0000;0,0000;-0,0111;0,0000;0,0000;-0,0622;-2,2500;3,9300;0;0,0535;18,6700;0;1;0;8;0;0
65,6250;61,9741;6,5000;6,1611;-0,0497;0,0000;0,0000;-0,0111;0,0000;0,0000;-0,0622;-2,1500;4,0200;0;0,0535;18,6700;0;1;0;8;0;0
65,6389;61,9741;6,5000;5,9114;-0,0497;0,0000;0,0000;-0,0111;0,0000;0,0000;-0,0621;-2,0500;3,8700;0;0,0535;18,6700;0;1;0;8;0;0
65,6528;61,9741;6,5000;5,7993;-0,0496;0,0000;0,0000;-0,0111;0,0000;0,0000;-0,0620;-1,9500;3,8500;0;0,0535;18,6700;0;1;0;8;0;0
65,6667;61,7334;6,5000;5,7487;-0,0518;0,0000;0,0000;-0,0111;0,0000;0,0000;-0,0647;-2,5600;3,1800;0;0,0515;19,4200;0;1;0;8;0;0
65,6806;61,7083;6,5000;5,7113;-0,0519;0,0000;0,0000;-0,0111;0,0000;0,0000;-0,0648;-2,5400;3,1700;0;0,0513;19,5000;0;1;0;8;0;0
65,6945;61,6832;6,5000;5,6669;-0,0519;0,0000;0,0000;-0,0111;0,0000;0,0000;-0,0649;-2,5200;3,1400;0;0,0511;19,5800;0;1;0;8;0;0
65,7084;61,6581;6,5000;5,6482;-0,0520;0,0000;0,0000;-0,0111;0,0000;0,0000;-0,0650;-2,5000;3,1400;0;0,0509;19,6600;0;1;0;8;0;0
65,7223;61,6330;6,5000;5,6255;-0,0520;0,0000;0,0000;-0,0111;0,0000;0,0000;-0,0650;-2,4800;3,1400;0;0,0506;19,7500;0;1;0;8;0;0
65,7361;61,6079;8,1000;5,6084;-0,0518;0,0000;0,0000;-0,0111;0,0000;0,0000;-0,0648;-2,4400;3,1700;0;0,0504;19,8300;0;1;0;8;0;0
65,7500;61,5766;8,1000;5,5877;-0,0517;0,0000;0,0000;-0,0111;0,0000;0,0000;-0,0647;-2,4100;3,1700;0;0,0502;19,9400;0;1;0;8;0;0
65,7639;61,5454;8,1000;5,5759;-0,0516;0,0000;0,0000;-0,0111;0,0000;0,0000;-0,0645;-2,3900;3,1800;0;0,0499;20,0400;0;1;0;8;0;0
65,7778;61,5227;8,1000;5,5737;-0,0515;0,0000;0,0000;-0,0111;0,0000;0,0000;-0,0644;-2,3400;3,2300;0;0,0497;20,1200;0;1;0;8;0;0
65,7917;61,5227;8,1000;5,6147;-0,0516;0,0000;0,0000;-0,0111;0,0000;0,0000;-0,0645;-2,2200;3,3900;0;0,0497;20,1200;0;1;0;8;0;0
65,8056;61,5227;8,1000;5,6899;-0,0516;0,0000;0,0000;-0,0111;0,0000;0,0000;-0,0645;-2,1000;3,5900;0;0,0497;20,1200;0;1;0;8;0;0
65,8195;61,5227;8,1000;5,7643;-0,0515;0,0000;0,0000;-0,0111;0,0000;0,0000;-0,0644;-1,9800;3,7800;0;0,0497;20,1200;0;1;0;8;0;0
65,8334;61,5227;8,1000;5,8333;-0,0514;0,0000;0,0000;-0,0111;0,0000;0,0000;-0,0642;-1,8600;3,9700;0;0,0497;20,1200;0;1;0;8;0;0
65,8473;61,5227;8,1000;5,8915;-0,0512;0,0000;0,0000;-0,0111;0,0000;0,0000;-0,0640;-1,7400;4,1500;0;0,0497;20,1200;0;1;0;8;0;0
65,8611;61,5227;8,1000;5,9528;-0,0509;0,0000;0,0000;-0,0111;0,0000;0,0000;-0,0637;-1,6100;4,3400;0;0,0497;20,1200;0;1;0;8;0;0
65,8750;61,5227;8,1000;6,0047;-0,0506;0,0000;0,0000;-0,0111;0,0000;0,0000;-0,0632;-1,4900;4,5200;0;0,0497;20,1200;0;1;0;8;0;0
65,8889;61,2653;8,1000;6,0431;-0,0525;0,0000;0,0000;-0,0111;0,0000;0,0000;-0,0656;-2,0700;3,9700;0;0,0477;20,9700;0;1;0;8;0;0
65,9028;61,2340;8,1000;6,0738;-0,0523;0,0000;0,0000;-0,0111;0,0000;0,0000;-0,0654;-2,0300;4,0400;0;0,0474;21,0800;0;1;0;8;0;0
65,9167;61,2028;8,1000;6,0935;-0,0521;0,0000;0,0000;-0,0111;0,0000;0,0000;-0,0651;-1,9800;4,1100;0;0,0472;21,1900;0;1;0;8;0;0
65,9306;61,1715;8,1000;6,0975;-0,0518;0,0000;0,0000;-0,0111;0,0000;0,0000;-0,0648;-1,9400;4,1500;0;0,0469;21,3000;0;1;0;8;0;0
65,9445;61,1402;8,1000;6,0945;-0,0515;0,0000;0,0000;-0,0111;0,0000;0,0000;-0,0643;-1,9000;4,1900;0;0,0467;21,4100;0;1;0;8;0;0
65,9584;61,1089;8,1000;6,0707;-0,0511;0,0000;0,0000;-0,0111;0,0000;0,0000;-0,0638;-1,8600;4,2100;0;0,0465;21,5300;0;1;0;8;0;0
65,9723;61,0776;8,1000;6,0364;-0,0506;0,0000;0,0000;-0,0111;0,0000;0,0000;-0,0633;-1,8200;4,2100;0;0,0462;21,6400;0;1;0;8;0;0
65,9861;61,0641;10,0000;5,9830;-0,0500;0,0000;0,0000;-0,0111;0,0000;0,0000;-0,0625;-1,7000;4,2800;0;0,0461;21,6900;0;1;0;8;0;0
66,0000;61,0641;10,0000;5,9250;-0,0497;0,0000;0,0000;-0,0111;0,0000;0,0000;-0,0621;-1,5500;4,3700;0;0,0461;21,6900;0;1;0;8;0;0
66,0139;61,0641;10,0000;5,8785;-0,0493;0,0000;0,0000;-0,0111;0,0000;0,0000;-0,0616;-1,4000;4,4800;0;0,0461;21,6900;0;1;0;8;0;0
66,0278;61,0641;10,0000;5,8279;-0,0488;0,0000;0,0000;-0,0111;0,0000;0,0000;-0,0610;-1,2500;4,5800;0;0,0461;21,6900;0;1;0;8;0;0
66,0417;61,0641;10,0000;5,7711;-0,0482;0,0000;0,0000;-0,0111;0,0000;0,0000;-0,0603;-1,1000;4,6700;0;0,0461;21,6900;0;1;0;8;0;0
66,0556;61,0641;10,0000;5,7204;-0,0476;0,0000;0,0000;-0,0111;0,0000;0,0000;-0,0595;-0,9600;4,7600;0;0,0461;21,6900;0;1;0;8;0;0
66,0695;60,8161;10,0000;5,6426;-0,0489;0,0000;0,0000;-0,0111;0,0000;0,0000;-0,0612;-1,4400;4,2000;0;0,0443;22,5700;0;1;0;8;0;0
66,0834;60,7775;10,0000;5,6270;-0,0485;0,0000;0,0000;-0,0111;0,0000;0,0000;-0,0606;-1,4000;4,2300;0;0,0440;22,7100;0;1;0;8;0;0
66,0973;60,7389;10,0000;5,5127;-0,0480;0,0000;0,0000;-0,0111;0,0000;0,0000;-0,0600;-1,3500;4,1600;0;0,0438;22,8500;0;1;0;8;0;0
66,1111;60,7003;10,0000;5,4530;-0,0474;0,0000;0,0000;-0,0111;0,0000;0,0000;-0,0593;-1,3100;4,1400;0;0,0435;23,0000;0;1;0;8;0;0
66,1250;60,6617;10,0000;5,3756;-0,0468;0,0000;0,0000;-0,0111;0,0000;0,0000;-0,0585;-1,2700;4,1000;0;0,0432;23,1500;0;1;0;8;0;0
66,1389;60,6231;10,0000;5,3057;-0,0461;0,0000;0,0000;-0,0111;0,0000;0,0000;-0,0576;-1,2300;4,0700;0;0,0429;23,3000;0;1;0;8;0;0
66,1528;60,6114;10,0000;5,2229;-0,0456;0,0000;0,0000;-0,0111;0,0000;0,0000;-0,0570;-1,1300;4,0900;0;0,0428;23,3400;0;1;0;8;0;0
66,1667;60,6114;10,0000;5,1272;-0,0451;0,0000;0,0000;-0,0111;0,0000;0,0000;-0,0564;-1,0000;4,1300;0;0,0428;23,3400;0;1;0;8;0;0
66,1806;60,6114;10,0000;5,0183;-0,0446;0,0000;0,0000;-0,0111;0,0000;0,0000;-0,0557;-0,8700;4,1500;0;0,0428;23,3400;0;1;0;8;0;0
66,1945;60,6114;10,0000;4,9142;-0,0440;0,0000;0,0000;-0,0111;0,0000;0,0000;-0,0550;-0,7400;4,1700;0;0,0428;23,3400;0;1;0;8;0;0
66,2084;60,6114;10,0000;4,8221;-0,0434;0,0000;0,0000;-0,0111;0,0000;0,0000;-0,0542;-0,6200;4,2000;0;0,0428;23,3400;0;1;0;8;0;0
66,2223;60,6114;10,0000;4,7121;-0,0427;0,0000;0,0000;-0,0111;0,0000;0,0000;-0,0534;-0,5000;4,2100;0;0,0428;23,3400;0;1;0;8;0;0
66,2361;60,3540;10,0000;4,6900;-0,0439;0,0000;0,0000;-0,0111;0,0000;0,0000;-0,0549;-0,9900;3,7000;0;0,0411;24,3100;0;1;0;8;0;0
66,2500;60,3154;10,0000;4,5236;-0,0435;0,0000;0,0000;-0,0111;0,0000;0,0000;-0,0543;-0,9600;3,5600;0;0,0409;24,4600;0;1;0;8;0;0
66,2639;60,2768;10,0000;4,4027;-0,0430;0,0000;0,0000;-0,0111;0,0000;0,0000;-0,0537;-0,9400;3,4600;0;0,0406;24,6100;0;1;0;8;0;0
66,2778;60,2383;10,0000;4,3009;-0,0424;0,0000;0,0000;-0,0111;0,0000;0,0000;-0,0530;-0,9200;3,3800;0;0,0404;24,7700;0;1;0;2;0;0
66,2917;60,1997;10,0000;4,1977;-0,0418;0,0000;0,0000;-0,0111;0,0000;0,0000;-0,0523;-0,9100;3,2900;0;0,0401;24,9200;0;1;0;2;0;0
66,3056;60,1611;10,0000;4,0956;-0,0412;0,0000;0,0000;-0,0111;0,0000;0,0000;-0,0515;-0,8900;3,2000;0;0,0399;25,0800;0;1;0;2;0;0
66,3195;60,1533;10,0000;3,9413;-0,0408;0,0000;0,0000;-0,0111;0,0000;0,0000;-0,0510;-0,8100;3,1300;0;0,0398;25,1100;0;1;0;2;0;0
66,3334;60,1533;10,0000;3,8241;-0,0404;0,0000;0,0000;-0,0111;0,0000;0,0000;-0,0505;-0,7100;3,1100;0;0,0398;25,1100;0;1;0;2;0;0
66,3473;60,1533;10,0000;3,7313;-0,0400;0,0000;0,0000;-0,0111;0,0000;0,0000;-0,0500;-0,6200;3,1100;0;0,0398;25,1100;0;1;0;2;0;0
66,3611;60,1533;10,0000;3,7127;-0,0396;0,0000;0,0000;-0,0111;0,0000;0,0000;-0,0495;-0,5200;3,1900;0;0,0398;25,1100;0;1;0;2;0;0
66,3750;60,1533;10,0000;3,5655;-0,0391;0,0000;0,0000;-0,0111;0,0000;0,0000;-0,0489;-0,4300;3,1400;0;0,0398;25,1100;0;1;0;2;0;0
66,3889;60,1533;10,0000;3,5361;-0,0386;0,0000;0,0000;-0,0111;0,0000;0,0000;-0,0482;-0,3400;3,2000;0;0,0398;25,1100;0;1;0;2;0;0
66,4028;59,8919;10,0000;3,4007;-0,0399;0,0000;0,0000;-0,0111;0,0000;0,0000;-0,0498;-0,8300;2,5700;0;0,0382;26,1500;0;1;0;2;0;0
66,4167;59,8533;10,0000;3,3397;-0,0396;0,0000;0,0000;-0,0111;0,0000;0,0000;-0,0494;-0,8300;2,5100;0;0,0380;26,3100;0;1;0;2;0;0
66,4306;59,8147;10,0000;3,3140;-0,0392;0,0000;0,0000;-0,0111;0,0000;0,0000;-0,0490;-0,8300;2,4800;0;0,0378;26,4800;0;1;0;2;0;0
66,4445;59,7761;10,0000;3,2771;-0,0388;0,0000;0,0000;-0,0111;0,0000;0,0000;-0,0485;-0,8300;2,4400;0;0,0375;26,6400;0;1;0;2;0;0
66,4584;59,7376;10,0000;3,2397;-0,0384;0,0000;0,0000;-0,0111;0,0000;0,0000;-0,0480;-0,8300;2,4100;0;0,0373;26,8100;0;1;0;2;0;0
66,4723;59,7003;10,0000;3,2179;-0,0379;0,0000;0,0000;-0,0111;0,0000;0,0000;-0,0474;-0,8300;2,3900;0;0,0371;26,9700;0;1;0;2;0;0
66,4861;59,7003;10,2000;3,2074;-0,0377;0,0000;0,0000;-0,0111;0,0000;0,0000;-0,0471;-0,7500;2,4600;0;0,0371;26,9700;0;1;0;2;0;0
66,5000;59,7003;10,2000;3,2058;-0,0374;0,0000;0,0000;-0,0111;0,0000;0,0000;-0,0468;-0,6600;2,5400;0;0,0371;26,9700;0;1;0;2;0;0
66,5139;59,7003;10,2000;3,2153;-0,0371;0,0000;0,0000;-0,0111;0,0000;0,0000;-0,0463;-0,5800;2,6300;0;0,0371;26,9700;0;1;0;2;0;0
66,5278;59,7003;10,2000;3,2465;-0,0367;0,0000;0,0000;-0,0111;0,0000;0,0000;-0,0458;-0,5000;2,7500;0;0,0371;26,9700;0;1;0;2;0;0
66,5417;59,7003;10,2000;3,2527;-0,0362;0,0000;0,0000;-0,0111;0,0000;0,0000;-0,0453;-0,4100;2,8400;0;0,0371;26,9700;0;1;0;2;0;0
66,5556;59,4644;10,2000;3,3304;-0,0373;0,0000;0,0000;-0,0111;0,0000;0,0000;-0,0466;-0,8100;2,5200;0;0,0358;27,9600;0;1;0;2;0;0
66,5695;59,4250;10,2000;3,3754;-0,0370;0,0000;0,0000;-0,0111;0,0000;0,0000;-0,0463;-0,8000;2,5700;0;0,0356;28,1300;0;1;0;2;0;0
66,5834;59,3857;10,2000;3,4019;-0,0367;0,0000;0,0000;-0,0111;0,0000;0,0000;-0,0458;-0,7900;2,6100;0;0,0353;28,3000;0;1;0;2;0;0
66,5973;59,3463;10,2000;3,4190;-0,0363;0,0000;0,0000;-0,0111;0,0000;0,0000;-0,0453;-0,7800;2,6300;0;0,0351;28,4800;0;1;0;2;0;0
66,6111;59,3070;10,2000;3,4347;-0,0358;0,0000;0,0000;-0,0111;0,0000;0,0000;-0,0448;-0,7700;2,6600;0;0,0349;28,6600;0;1;0;2;0;0
66,6250;59,2676;10,2000;3,4361;-0,0353;0,0000;0,0000;-0,0111;0,0000;0,0000;-0,0441;-0,7700;2,6700;0;0,0347;28,8400;0;1;0;2;0;0
66,6389;59,2418;10,2000;3,4235;-0,0348;0,0000;0,0000;-0,0111;0,0000;0,0000;-0,0435;-0,7300;2,6900;0;0,0345;28,9500;0;1;0;2;0;0
66,6528;59,2418;10,2000;3,3903;-0,0345;0,0000;0,0000;-0,0111;0,0000;0,0000;-0,0431;-0,6400;2,7500;0;0,0345;28,9500;0;1;0;2;0;0
66,6667;59,2418;10,2000;3,3331;-0,0341;0,0000;0,0000;-0,0111;0,0000;0,0000;-0,0427;-0,5500;2,7800;0;0,0345;28,9500;0;1;0;2;0;0
66,6806;59,2418;10,2000;3,2878;-0,0337;0,0000;0,0000;-0,0111;0,0000;0,0000;-0,0421;-0,4700;2,8200;0;0,0345;28,9500;0;1;0;2;0;0
66,6945;59,2418;10,2000;3,2788;-0,0333;0,0000;0,0000;-0,0111;0,0000;0,0000;-0,0416;-0,3800;2,9000;0;0,0345;28,9500;0;1;0;2;0;0
66,7084;59,2418;10,2000;3,1969;-0,0328;0,0000;0,0000;-0,0111;0,0000;0,0000;-0,0410;-0,3000;2,9000;0;0,0345;28,9500;0;1;0;2;0;0
66,7223;58,9928;10,2000;3,1470;-0,0338;0,0000;0,0000;-0,0111;0,0000;0,0000;-0,0422;-0,6900;2,4500;0;0,0333;30,0600;0;1;0;2;0;0
66,7361;58,9534;10,2000;3,1090;-0,0335;0,0000;0,0000;-0,0111;0,0000;0,0000;-0,0418;-0,6900;2,4200;0;0,0331;30,2400;0;1;0;2;0;0
66,7500;58,9141;10,2000;3,0506;-0,0331;0,0000;0,0000;-0,0111;0,0000;0,0000;-0,0414;-0,6800;2,3600;0;0,0329;30,4200;0;1;0;2;0;0
66,7639;58,8747;10,2000;3,0167;-0,0327;0,0000;0,0000;-0,0111;0,0000;0,0000;-0,0409;-0,6800;2,3300;0;0,0327;30,6100;0;1;0;2;0;0
66,7778;58,8354;10,2000;2,9853;-0,0323;0,0000;0,0000;-0,0111;0,0000;0,0000;-0,0404;-0,6800;2,3000;0;0,0325;30,8000;0;1;0;2;0;0
66,7917;58,7960;10,2000;2,9561;-0,0318;0,0000;0,0000;-0,0111;0,0000;0,0000;-0,0398;-0,6800;2,2800;0;0,0323;30,9900;0;1;0;2;0;0
66,8056;58,7893;10,2000;2,9334;-0,0315;0,0000;0,0000;-0,0111;0,0000;0,0000;-0,0394;-0,6100;2,3200;0;0,0322;31,0200;0;1;0;2;0;0
66,8195;58,7893;10,2000;2,9119;-0,0312;0,0000;0,0000;-0,0111;0,0000;0,0000;-0,0390;-0,5400;2,3800;0;0,0322;31,0200;0;1;0;2;0;0
66,8334;58,7893;10,2000;2,8901;-0,0309;0,0000;0,0000;-0,0111;0,0000;0,0000;-0,0386;-0,4600;2,4300;0;0,0322;31,0200;0;1;0;2;0;0
66,8473;58,7893;10,2000;2,8854;-0,0306;0,0000;0,0000;-0,0111;0,0000;0,0000;-0,0382;-0,3800;2,5000;0;0,0322;31,0200;0;1;0;2;0;0
66,8611;58,7893;10,2000;2,8824;-0,0302;0,0000;0,0000;-0,0111;0,0000;0,0000;-0,0377;-0,3100;2,5800;0;0,0322;31,0200;0;1;0;2;0;0
66,8750;58,7893;10,2000;2,8928;-0,0297;0,0000;0,0000;-0,0111;0,0000;0,0000;-0,0371;-0,2300;2,2500;0;0,0322;31,0200;0;1;0;2;0;0
66,8889;58,5211;10,2000;2,9166;-0,0308;0,0000;0,0000;-0,0111;0,0000;0,0000;-0,0385;-0,6300;2,2800;0;0,0310;32,2700;0;1;0;2;0;0
66,9028;58,4817;10,2000;2,9442;-0,0305;0,0000;0,0000;-0,0111;0,0000;0,0000;-0,0381;-0,6200;2,3200;0;0,0308;32,4600;0;1;0;2;0;0
66,9167;58,4424;10,2000;2,9737;-0,0301;0,0000;0,0000;-0,0111;0,0000;0,0000;-0,0376;-0,6200;2,3600;0;0,0306;32,6600;0;1;0;2;0;0
66,9306;58,4030;10,2000;3,0112;-0,0297;0,0000;0,0000;-0,0111;0,0000;0,0000;-0,0371;-0,6100;2,4000;0;0,0304;32,8500;0;1;0;2;0;0
66,9445;58,3637;10,2000;3,0522;-0,0292;0,0000;0,0000;-0,0111;0,0000;0,0000;-0,0365;-0,6000;2,4500;0;0,0303;33,0500;0;1;0;2;0;0
66,9584;58,3296;10,2000;3,0923;-0,0287;0,0000;0,0000;-0,0111;0,0000;0,0000;-0,0359;-0,5800;2,5200;0;0,0301;33,2300;0;1;0;2;0;0
66,9723;58,3296;10,2000;3,1375;-0,0283;0,0000;0,0000;-0,0111;0,0000;0,0000;-0,0354;-0,4900;2,6400;0;0,0301;33,2300;0;1;0;2;0;0
66,9861;58,3296;10,2000;3,1716;-0,0279;0,0000;0,0000;-0,0111;0,0000;0,0000;-0,0349;-0,4100;2,7600;0;0,0301;33,2300;0;1;0;2;0;0
67,0000;58,3296;10,6000;3,1782;-0,0275;0,0000;0,0000;-0,0111;0,0000;0,0000;-0,0343;-0,3200;2,8600;0;0,0301;33,2300;0;1;0;2;0;0
67,0139;58,3296;10,6000;3,1969;-0,0269;0,0000;0,0000;-0,0111;0,0000;0,0000;-0,0337;-0,2300;2,9600;0;0,0301;33,2300;0;1;0;2;0;0
67,0278;58,3296;10,6000;3,1953;-0,0264;0,0000;0,0000;-0,0111;0,0000;0,0000;-0,0330;-0,1500;3,0500;0;0,0301;33,2300;0;1;0;2;0;0
67,0417;58,0840;10,6000;3,1753;-0,0271;0,0000;0,0000;-0,0111;0,0000;0,0000;-0,0338;-0,4700;2,7000;0;0,0290;34,4300;0;1;0;2;0;0
67,0556;58,0431;10,6000;3,1404;-0,0266;0,0000;0,0000;-0,0111;0,0000;0,0000;-0,0333;-0,4500;2,6900;0;0,0289;34,6400;0;1;0;2;0;0
67,0695;58,0022;10,6000;3,0997;-0,0261;0,0000;0,0000;-0,0111;0,0000;0,0000;-0,0327;-0,4300;2,6600;0;0,0287;34,8500;0;1;0;2;0;0
67,0834;57,9613;10,6000;3,0503;-0,0256;0,0000;0,0000;-0,0111;0,0000;0,0000;-0,0320;-0,4200;2,6300;0;0,0285;35,0600;0;1;0;2;0;0
67,0973;57,9204;10,6000;2,9703;-0,0251;0,0000;0,0000;-0,0111;0,0000;0,0000;-0,0313;-0,4100;2,5600;0;0,0283;35,2800;0;1;0;2;0;0
67,1111;57,8795;10,6000;2,8983;-0,0245;0,0000;0,0000;-0,0111;0,0000;0,0000;-0,0306;-0,4000;2,5000;0;0,0282;35,5000;0;1;0;2;0;0
67,1250;57,8783;10,6000;2,8278;-0,0240;0,0000;0,0000;-0,0111;0,0000;0,0000;-0,0301;-0,3200;2,5100;0;0,0282;35,5100;0;1;0;2;0;0
67,1389;57,8783;10,6000;2,7387;-0,0236;0,0000;0,0000;-0,0111;0,0000;0,0000;-0,0295;-0,2400;2,4900;0;0,0282;35,5100;0;1;0;2;0;0
67,1528;57,8783;10,6000;2,7206;-0,0232;0,0000;0,0000;-0,0111;0,0000;0,0000;-0,0290;-0,1700;2,5500;0;0,0282;35,5100;0;1;0;2;0;0
67,1667;57,8783;10,6000;2,5973;-0,0227;0,0000;0,0000;-0,0111;0,0000;0,0000;-0,0284;-0,1000;2,5000;0;0,0282;35,5100;0;1;0;2;0;0
67,1806;57,8783;10,6000;2,5036;-0,0222;0,0000;0,0000;-0,0111;0,0000;0,0000;-0,0277;-0,0300;2,4700;0;0,0282;35,5100;0;1;0;2;0;0
67,1945;57,6345;10,6000;2,4388;-0,0229;0,0000;0,0000;-0,0111;0,0000;0,0000;-0,0286;-0,3400;2,0900;0;0,0272;36,7600;0;1;0;2;0;0
67,2084;57,5936;10,6000;2,3964;-0,0225;0,0000;0,0000;-0,0111;0,0000;0,0000;-0,0282;-0,3400;2,0500;0;0,0270;36,9800;0;1;0;2;0;0
67,2223;57,5527;10,6000;2,3239;-0,0222;0,0000;0,0000;-0,0111;0,0000;0,0000;-0,0277;-0,3400;1,9800;0;0,0269;37,2000;0;1;0;2;0;0
67,2361;57,5118;10,6000;2,2318;-0,0218;0,0000;0,0000;-0,0111;0,0000;0,0000;-0,0272;-0,3400;1,8900;0;0,0267;37,4200;0;1;0;2;0;0
67,2500;57,4709;10,6000;2,1388;-0,0214;0,0000;0,0000;-0,0111;0,0000;0,0000;-0,0267;-0,3500;1,7900;0;0,0266;37,6500;0;1;0;2;0;0
67,2639;57,4300;10,6000;2,0356;-0,0210;0,0000;0,0000;-0,0111;0,0000;0,0000;-0,0262;-0,3600;1,6800;0;0,0264;37,8800;0;1;0;2;0;0
67,2778;57,4182;10,6000;1,9183;-0,0207;0,0000;0,0000;-0,0111;0,0000;0,0000;-0,0259;-0,3200;1,6000;0;0,0264;37,9400;0;1;0;2;0;0
67,2917;57,4182;10,6000;1,8101;-0,0205;0,0000;0,0000;-0,0111;0,0000;0,0000;-0,0256;-0,2700;1,5400;0;0,0264;37,9400;0;1;0;6;0;0
67,3056;57,4182;10,6000;1,7885;-0,0203;0,0000;0,0000;-0,0111;0,0000;0,0000;-0,0253;-0,2200;1,5600;0;0,0264;37,9400;0;1;0;6;0;0
67,3195;57,4182;10,6000;1,6106;-0,0201;0,0000;0,0000;-0,0111;0,0000;0,0000;-0,0251;-0,1800;1,4300;0;0,0264;37,9400;0;1;0;6;0;0
67,3334;57,4182;10,6000;1,4876;-0,0198;0,0000;0,0000;-0,0111;0,0000;0,0000;-0,0248;-0,1400;1,3500;0;0,0264;37,9400;0;1;0;6;0;0
67,3473;57,1849;10,6000;1,4630;-0,0198;0,0000;0,0000;-0,0111;0,0000;0,0000;-0,0247;-0,1300;1,3300;0;0,0129;0,0000;0;1;0;6;0;0
67,3611;57,1440;10,6000;1,1960;-0,0196;0,0000;0,0000;-0,0111;0,0000;0,0000;-0,0245;-0,1000;1,0900;0;0,0105;0,0000;0;1;0;6;0;0
67,3750;57,1031;10,6000;0,9491;-0,0195;0,0000;0,0000;-0,0111;0,0000;0,0000;-0,0244;-0,0800;0,8600;0;0,0081;0,0000;0;1;0;6;0;0
67,3889;57,0622;10,6000;0,8169;-0,0194;0,0000;0,0000;-0,0111;0,0000;0,0000;-0,0242;-0,0700;0,7500;0;0,0058;0,0000;0;1;0;6;0;0
67,4028;57,0213;10,6000;0,7320;-0,0193;0,0000;0,0000;-0,0111;0,0000;0,0000;-0,0241;-0,0500;0,6800;0;0,0034;0,0000;0;1;0;6;0;0
67,4167;56,9804;10,6000;0,6480;-0,0192;0,0000;0,0000;-0,0111;0,0000;0,0000;-0,0240;-0,0400;0,6100;0;0,0011;0,0000;0;1;0;6;0;0
67,4306;56,9652;10,6000;0,5514;-0,0191;0,0000;0,0000;-0,0111;0,0000;0,0000;-0,0239;-0,0300;0,5200;0;0,0002;0,0000;0;1;0;6;0;0
67,4445;56,9652;10,6000;0,4587;-0,0190;0,0000;0,0000;-0,0111;0,0000;0,0000;-0,0238;0,0000;0,4400;0;0,0002;0,0000;0;1;0;6;0;0
67,4584;56,9652;10,6000;0,4402;-0,0189;0,0000;0,0000;-0,0111;0,0000;0,0000;-0,0237;0,0000;0,4400;0;0,0002;0,0000;0;1;0;6;0;0
67,4723;56,9652;10,6000;0,2782;-0,0189;0,0000;0,0000;-0,0111;0,0000;0,0000;-0,0236;0,0000;0,2800;0;0,0002;0,0000;0;1;0;6;0;0
67,4861;56,9652;10,7000;0,1820;-0,0188;0,0000;0,0000;-0,0111;0,0000;0,0000;-0,0235;0,0000;0,1900;1;0,0002;0,0000;0;1;0;6;0;0
67,5000;56,7346;10,7000;0,0887;-0,0188;0,0000;0,0000;-0,0111;0,0000;0,0000;-0,0235;0,0000;0,1000;1;0,0001;0,0000;0;1;0;6;0;0
67,5139;56,6934;10,7000;0,0275;-0,0188;0,0000;0,0000;-0,0111;0,0000;0,0000;-0,0235;0,0000;0,0400;1;0,0001;0,0000;0;1;0;6;0;0
67,5278;56,6521;10,7000;-0,0117;-0,0188;0,0000;0,0000;-0,0111;0,0000;0,0000;-0,0235;0,0000;0,0000;1;0,0001;0,0000;0;1;0;6;0;0
67,5417;56,6108;10,7000;-0,0481;-0,0188;0,0000;0,0000;-0,0111;0,0000;0,0000;-0,0235;0,0000;-0,0300;1;0,0000;0,0000;0;1;0;6;0;0
67,5556;56,5695;10,7000;-0,1025;-0,0189;0,0000;0,0000;-0,0111;0,0000;0,0000;-0,0236;0,0000;-0,0900;1;0,0000;0,0000;0;1;0;6;0;0
67,5695;56,5282;10,7000;-0,1489;-0,0189;0,0000;0,0000;-0,0111;0,0000;0,0000;-0,0236;0,0000;-0,1400;1;0,0000;0,0000;0;1;0;6;0;0
67,5834;56,5093;10,7000;-0,1995;-0,0189;0,0000;0,0000;-0,0111;0,0000;0,0000;-0,0237;0,0000;-0,1900;1;0,0000;0,0000;0;1;0;6;0;0
67,5973;56,5093;10,7000;-0,2383;-0,0190;0,0000;0,0000;-0,0111;0,0000;0,0000;-0,0237;0,0000;-0,2400;1;0,0000;0,0000;0;1;0;6;0;0
67,6111;56,5093;10,7000;-0,2462;-0,0191;0,0000;0,0000;-0,0111;0,0000;0,0000;-0,0238;0,0000;-0,2500;1;0,0000;0,0000;0;1;0;6;0;0
67,6250;56,5093;10,7000;-0,3020;-0,0191;0,0000;0,0000;-0,0111;0,0000;0,0000;-0,0239;0,0000;-0,3200;1;0,0000;0,0000;0;1;0;6;0;0
67,6389;56,5093;10,7000;-0,3520;-0,0192;0,0000;0,0000;-0,0111;0,0000;0,0000;-0,0240;-0,0200;-0,3800;1;0,0000;0,0000;0;1;0;6;0;0
67,6528;56,5093;10,7000;-0,4079;-0,0193;0,0000;0,0000;-0,0111;0,0000;0,0000;-0,0242;-0,0300;-0,4400;1;0,0000;0,0000;0;1;0;6;0;0
67,6667;56,2393;10,7000;-0,4429;-0,0195;0,0000;0,0000;-0,0111;0,0000;0,0000;-0,0243;-0,0500;-0,4900;1;0,0000;0,0000;0;1;0;6;0;0
67,6806;56,1980;10,7000;-0,4846;-0,0196;0,0000;0,0000;-0,0111;0,0000;0,0000;-0,0245;-0,0600;-0,5500;1;0,0001;0,0000;0;1;0;6;0;0
67,6945;56,1567;10,7000;-0,5213;-0,0198;0,0000;0,0000;-0,0111;0,0000;0,0000;-0,0247;-0,0700;-0,6000;1;0,0001;0,0000;0;1;0;6;0;0
67,7084;56,1154;10,7000;-0,5569;-0,0199;0,0000;0,0000;-0,0111;0,0000;0,0000;-0,0249;-0,0900;-0,6500;1;0,0001;0,0000;0;1;0;6;0;0
67,7223;56,0741;10,8000;-0,6003;-0,0201;0,0000;0,0000;-0,0111;0,0000;0,0000;-0,0252;-0,1000;-0,7100;1;0,0001;0,0000;0;1;0;6;0;0
67,7361;56,0516;10,8000;-0,6420;-0,0204;0,0000;0,0000;-0,0111;0,0000;0,0000;-0,0254;-0,1200;-0,7600;1;0,0001;0,0000;0;1;0;6;0;0
67,7500;56,0516;10,8000;-0,6900;-0,0206;0,0000;0,0000;-0,0111;0,0000;0,0000;-0,0257;-0,1400;-0,8300;1;0,0001;0,0000;0;1;0;6;0;0
67,7639;56,0516;10,8000;-0,6996;-0,0208;0,0000;0,0000;-0,0111;0,0000;0,0000;-0,0260;-0,1600;-0,8600;1;0,0001;0,0000;0;1;0;6;0;0
67,7778;56,0516;10,8000;-0,8078;-0,0211;0,0000;0,0000;-0,0111;0,0000;0,0000;-0,0264;-0,1800;-0,9900;1;0,0001;0,0000;0;1;0;6;0;0
67,7917;56,0516;10,8000;-0,8717;-0,0214;0,0000;0,0000;-0,0111;0,0000;0,0000;-0,0267;-0,2100;-1,0800;1;0,0001;0,0000;0;1;0;6;0;0
67,8056;56,0516;10,8000;-0,9265;-0,0217;0,0000;0,0000;-0,0111;0,0000;0,0000;-0,0272;-0,2300;-1,1600;1;0,0001;0,0000;0;1;0;6;0;0
67,8195;55,7825;10,8000;-0,9566;-0,0221;0,0000;0,0000;-0,0111;0,0000;0,0000;-0,0276;-0,2600;-1,2200;1;0,0000;0,0000;0;1;0;6;0;0
67,8334;55,7408;10,8000;-0,9990;-0,0225;0,0000;0,0000;-0,0111;0,0000;0,0000;-0,0281;-0,2900;-1,2900;1;0,0000;0,0000;0;1;0;6;0;0
67,8473;55,6992;10,8000;-1,0564;-0,0229;0,0000;0,0000;-0,0111;0,0000;0,0000;-0,0286;-0,3200;-1,3700;1;0,0000;0,0000;0;1;0;6;0;0
67,8611;55,6575;10,8000;-1,1133;-0,0233;0,0000;0,0000;-0,0111;0,0000;0,0000;-0,0291;-0,3500;-1,4600;1;0,0000;0,0000;0;1;0;6;0;0
67,8750;55,6158;10,8000;-1,1663;-0,0238;0,0000;0,0000;-0,0111;0,0000;0,0000;-0,0297;-0,3800;-1,5500;1;0,0000;0,0000;0;1;0;6;0;0
67,8889;55,5966;10,8000;-1,2281;-0,0243;0,0000;0,0000;-0,0111;0,0000;0,0000;-0,0303;-0,4200;-1,6400;1;0,0000;0,0000;0;1;0;6;0;0
67,9028;55,5966;10,8000;-1,2810;-0,0248;0,0000;0,0000;-0,0111;0,0000;0,0000;-0,0310;-0,4500;-1,7300;1;0,0000;0,0000;0;1;0;6;0;0
67,9167;55,5966;10,8000;-1,2914;-0,0253;0,0000;0,0000;-0,0111;0,0000;0,0000;-0,0317;-0,4900;-1,7800;1;0,0000;0,0000;0;1;0;6;0;0
67,9306;55,5966;10,8000;-1,3866;-0,0259;0,0000;0,0000;-0,0111;0,0000;0,0000;-0,0324;-0,5300;-1,9100;1;0,0000;0,0000;0;1;0;6;0;0
67,9445;55,5966;10,8000;-1,4420;-0,0266;0,0000;0,0000;-0,0111;0,0000;0,0000;-0,0332;-0,5700;-2,0100;1;0,0000;0,0000;0;1;0;6;0;0
67,9584;55,3659;10,8000;-1,4887;-0,0272;0,0000;0,0000;-0,0111;0,0000;0,0000;-0,0340;-0,6100;-2,1000;1;0,0000;0,0000;0;1;0;6;0;0
67,9723;55,3242;10,8000;-1,5297;-0,0279;0,0000;0,0000;-0,0111;0,0000;0,0000;-0,0349;-0,6500;-2,1800;1;0,0000;0,0000;0;1;0;6;0;0
67,9861;55,2825;10,8000;-1,5613;-0,0286;0,0000;0,0000;-0,0111;0,0000;0,0000;-0,0358;-0,7000;-2,2600;1;0,0000;0,0000;0;1;0;6;0;0
68,0000;55,2409;10,8000;-1,5811;-0,0294;0,0000;0,0000;-0,0111;0,0000;0,0000;-0,0367;-0,7400;-2,3200;1;0,0000;0,0000;0;1;0;6;0;0
68,0139;55,1992;10,8000;-1,5943;-0,0302;0,0000;0,0000;-0,0111;0,0000;0,0000;-0,0377;-0,7900;-2,3800;1;0,0000;0,0000;0;1;0;6;0;0
68,0278;55,1576;10,8000;-1,5872;-0,0310;0,0000;0,0000;-0,0111;0,0000;0,0000;-0,0387;-0,8300;-2,4200;1;0,0000;0,0000;0;1;0;6;0;0
68,0417;55,1393;10,8000;-1,5537;-0,0318;0,0000;0,0000;-0,0111;0,0000;0,0000;-0,0398;-0,8800;-2,4300;1;0,0000;0,0000;0;1;0;6;0;0
68,0556;55,1393;10,8000;-1,5470;-0,0327;0,0000;0,0000;-0,0111;0,0000;0,0000;-0,0408;-0,9200;-2,4700;1;0,0000;0,0000;0;1;0;6;0;0
68,0695;55,1393;10,8000;-1,4637;-0,0335;0,0000;0,0000;-0,0111;0,0000;0,0000;-0,0419;-0,9600;-2,4200;1;0,0000;0,0000;0;1;0;6;0;0
68,0834;55,1393;10,8000;-1,2884;-0,0344;0,0000;0,0000;-0,0111;0,0000;0,0000;-0,0429;-1,0000;-2,2900;1;0,0000;0,0000;0;1;0;6;0;0
68,0973;55,1393;10,8000;-1,1690;-0,0352;0,0000;0,0000;-0,0111;0,0000;0,0000;-0,0440;-1,0300;-2,2000;1;0,0000;0,0000;0;1;0;6;0;0
68,1111;54,9076;10,8000;-1,0766;-0,0360;0,0000;0,0000;-0,0111;0,0000;0,0000;-0,0450;-1,0600;-2,1400;1;0,0000;0,0000;0;1;0;6;0;0
68,1250;54,8660;10,8000;-0,9896;-0,0369;0,0000;0,0000;-0,0111;0,0000;0,0000;-0,0461;-1,0900;-2,0800;1;0,0000;0,0000;0;1;0;6;0;0
68,1389;54,8243;10,8000;-0,8898;-0,0377;0,0000;0,0000;-0,0111;0,0000;0,0000;-0,0471;-1,1100;-2,0000;1;0,0000;0,0000;0;1;0;6;0;0
68,1528;54,7827;10,8000;-0,8407;-0,0385;0,0000;0,0000;-0,0111;0,0000;0,0000;-0,0481;-1,1400;-1,9800;1;0,0000;0,0000;0;1;0;6;0;0
68,1667;54,7410;10,8000;-0,8092;-0,0393;0,0000;0,0000;-0,0111;0,0000;0,0000;-0,0492;-1,1600;-1,9700;1;0,0000;0,0000;0;1;0;6;0;0
68,1806;54,6994;10,8000;-0,7613;-0,0402;0,0000;0,0000;-0,0111;0,0000;0,0000;-0,0502;-1,1800;-1,9400;1;0,0000;0,0000;0;1;0;6;0;0
68,1945;54,6842;10,8000;-0,7127;-0,0410;0,0000;0,0000;-0,0111;0,0000;0,0000;-0,0513;-1,2000;-1,9200;1;0,0000;0,0000;0;1;0;6;0;0
68,2084;54,6842;10,8000;-0,7030;-0,0419;0,0000;0,0000;-0,0111;0,0000;0,0000;-0,0523;-1,2200;-1,9300;1;0,0000;0,0000;0;1;0;6;0;0
68,2223;54,6842;10,7000;-0,6672;-0,0427;0,0000;0,0000;-0,0111;0,0000;0,0000;-0,0534;-1,2400;-1,9100;1;0,0000;0,0000;0;1;0;6;0;0
68,2361;54,6842;10,7000;-0,5852;-0,0436;0,0000;0,0000;-0,0111;0,0000;0,0000;-0,0545;-1,2600;-1,8400;1;0,0000;0,0000;0;1;0;6;0;0
68,2500;54,6842;10,7000;-0,5158;-0,0444;0,0000;0,0000;-0,0111;0,0000;0,0000;-0,0555;-1,2700;-1,7900;1;0,0000;0,0000;0;1;0;6;0;0
68,2639;54,4506;10,7000;-0,4405;-0,0452;0,0000;0,0000;-0,0111;0,0000;0,0000;-0,0565;-1,2900;-1,7300;1;0,0000;0,0000;0;1;0;6;0;0
68,2778;54,4094;10,7000;-0,3608;-0,0460;0,0000;0,0000;-0,0111;0,0000;0,0000;-0,0576;-1,3000;-1,6600;1;0,0000;0,0000;0;1;0;6;0;0
68,2917;54,3681;10,7000;-0,3450;-0,0469;0,0000;0,0000;-0,0111;0,0000;0,0000;-0,0586;-1,3100;-1,6500;1;0,0000;0,0000;0;1;0;6;0;0
68,3056;54,3268;10,7000;-0,2922;-0,0477;0,0000;0,0000;-0,0111;0,0000;0,0000;-0,0596;-1,3100;-1,6100;1;0,0000;0,0000;0;1;0;0;0;0
68,3195;54,2856;10,7000;-0,2198;-0,0485;0,0000;0,0000;-0,0111;0,0000;0,0000;-0,0606;-1,3200;-1,5400;1;0,0000;0,0000;0;1;0;0;0;0
68,3334;54,2443;10,7000;-0,1216;-0,0493;0,0000;0,0000;-0,0111;0,0000;0,0000;-0,0616;-1,3300;-1,4500;1;0,0000;0,0000;0;1;0;0;0;0
68,3473;54,2281;10,7000;-0,1019;-0,0500;0,0000;0,0000;-0,0111;0,0000;0,0000;-0,0625;-1,3300;-1,4300;1;0,0000;0,0000;0;1;0;0;0;0
68,3611;54,2281;10,7000;-0,0586;-0,0508;0,0000;0,0000;-0,0111;0,0000;0,0000;-0,0635;-1,3300;-1,3900;1;0,0000;0,0000;0;1;0;0;0;0
68,3750;54,2281;10,7000;-0,0377;-0,0516;0,0000;0,0000;-0,0111;0,0000;0,0000;-0,0645;-1,3300;-1,3700;1;0,0000;0,0000;0;1;0;0;0;0
68,3889;54,2281;10,7000;-0,0074;-0,0523;0,0000;0,0000;-0,0111;0,0000;0,0000;-0,0654;-1,3300;-1,3400;1;0,0000;0,0000;0;1;0;0;0;0
68,4028;54,2281;10,7000;0,0200;-0,0531;0,0000;0,0000;-0,0111;0,0000;0,0000;-0,0664;-1,3300;-1,3100;1;0,0000;0,0000;0;1;0;0;0;0
68,4167;53,9967;10,7000;0,0450;-0,0539;0,0000;0,0000;-0,0111;0,0000;0,0000;-0,0673;-1,3300;-1,2900;1;0,0000;0,0000;0;1;0;0;0;0
68,4306;53,9554;10,7000;0,0718;-0,0546;0,0000;0,0000;-0,0111;0,0000;0,0000;-0,0683;-1,3300;-1,2600;1;0,0000;0,0000;0;1;0;0;0;0
68,4445;53,9141;10,7000;0,0909;-0,0553;0,0000;0,0000;-0,0111;0,0000;0,0000;-0,0692;-1,3300;-1,2400;1;0,0000;0,0000;0;1;0;0;0;0
68,4584;53,8729;10,7000;0,0996;-0,0561;0,0000;0,0000;-0,0111;0,0000;0,0000;-0,0701;-1,3300;-1,2300;1;0,0000;0,0000;0;1;0;0;0;0
68,4723;53,8316;10,7000;0,1035;-0,0568;0,0000;0,0000;-0,0111;0,0000;0,0000;-0,0710;-1,3200;-1,2200;1;0,0000;0,0000;0;1;0;0;0;0
68,4861;53,7903;10,7000;0,1022;-0,0575;0,0000;0,0000;-0,0111;0,0000;0,0000;-0,0719;-1,3200;-1,2200;1;0,0000;0,0000;0;1;0;0;0;0
68,5000;53,7721;10,7000;0,0994;-0,0583;0,0000;0,0000;-0,0111;0,0000;0,0000;-0,0728;-1,3200;-1,2200;1;0,0000;0,0000;0;1;0;0;0;0
68,5139;53,7721;10,7000;0,0994;-0,0590;0,0000;0,0000;-0,0111;0,0000;0,0000;-0,0737;-1,3200;-1,2200;1;0,0000;0,0000;0;1;0;0;0;0
68,5278;53,7721;10,7000;0,0952;-0,0597;0,0000;0,0000;-0,0111;0,0000;0,0000;-0,0746;-1,3200;-1,2200;1;0,0000;0,0000;0;1;0;0;0;0
68,5417;53,7721;10,7000;0,0864;-0,0604;0,0000;0,0000;-0,0111;0,0000;0,0000;-0,0756;-1,3100;-1,2300;1;0,0000;0,0000;0;1;0;0;0;0
68,5556;53,7721;10,7000;0,0778;-0,0612;0,0000;0,0000;-0,0111;0,0000;0,0000;-0,0765;-1,3100;-1,2300;1;0,0000;0,0000;0;1;0;0;0;0
68,5695;53,5427;10,7000;0,0720;-0,0619;0,0000;0,0000;-0,0111;0,0000;0,0000;-0,0774;-1,3100;-1,2400;1;0,0000;0,0000;0;1;0;0;0;0
68,5834;53,5015;10,7000;0,0651;-0,0626;0,0000;0,0000;-0,0111;0,0000;0,0000;-0,0783;-1,3100;-1,2400;1;0,0000;0,0000;0;1;0;0;0;0
68,5973;53,4602;10,7000;0,0584;-0,0634;0,0000;0,0000;-0,0111;0,0000;0,0000;-0,0792;-1,3100;-1,2500;1;0,0000;0,0000;0;1;0;0;0;0
68,6111;53,4189;10,7000;0,0506;-0,0641;0,0000;0,0000;-0,0111;0,0000;0,0000;-0,0801;-1,3100;-1,2600;1;0,0000;0,0000;0;1;0;0;0;0
68,6250;53,3777;10,7000;0,0326;-0,0648;0,0000;0,0000;-0,0111;0,0000;0,0000;-0,0810;-1,3100;-1,2700;1;0,0000;0,0000;0;1;0;0;0;0
68,6389;53,3364;10,7000;0,0077;-0,0656;0,0000;0,0000;-0,0111;0,0000;0,0000;-0,0820;-1,3100;-1,3000;1;0,0000;0,0000;0;1;0;0;0;0
68,6528;53,3159;10,7000;-0,0297;-0,0663;0,0000;0,0000;-0,0111;0,0000;0,0000;-0,0829;-1,3100;-1,3400;1;0,0000;0,0000;0;1;0;0;0;0
68,6667;53,3159;10,7000;-0,0702;-0,0671;0,0000;0,0000;-0,0111;0,0000;0,0000;-0,0839;-1,3100;-1,3800;1;0,0000;0,0000;0;1;0;0;0;0
68,6806;53,3159;10,7000;-0,1097;-0,0679;0,0000;0,0000;-0,0111;0,0000;0,0000;-0,0848;-1,3100;-1,4200;1;0,0000;0,0000;0;1;0;0;0;0
68,6945;53,3159;10,7000;-0,1582;-0,0686;0,0000;0,0000;-0,0111;0,0000;0,0000;-0,0858;-1,3200;-1,4800;1;0,0000;0,0000;0;1;0;0;0;0
68,7084;53,3159;10,7000;-0,2094;-0,0694;0,0000;0,0000;-0,0111;0,0000;0,0000;-0,0868;-1,3300;-1,5400;1;0,0000;0,0000;0;1;0;0;0;0
68,7223;53,3159;10,7000;-0,2788;-0,0702;0,0000;0,0000;-0,0111;0,0000;0,0000;-0,0878;-1,3300;-1,6100;1;0,0000;0,0000;0;1;0;0;0;0
68,7361;53,0475;10,7000;-0,3547;-0,0711;0,0000;0,0000;-0,0111;0,0000;0,0000;-0,0889;-1,3400;-1,7000;1;0,0000;0,0000;0;1;0;0;0;0
68,7500;53,0063;10,7000;-0,4674;-0,0720;0,0000;0,0000;-0,0111;0,0000;0,0000;-0,0900;-1,3600;-1,8200;1;0,0000;0,0000;0;1;0;0;0;0
68,7639;52,9650;10,7000;-0,5532;-0,0729;0,0000;0,0000;-0,0111;0,0000;0,0000;-0,0911;-1,3700;-1,9300;1;0,0000;0,0000;0;1;0;0;0;0
68,7778;52,9237;10,7000;-0,6462;-0,0738;0,0000;0,0000;-0,0111;0,0000;0,0000;-0,0922;-1,3900;-2,0400;1;0,0000;0,0000;0;1;0;0;0;0
68,7917;52,8825;10,7000;-0,7181;-0,0747;0,0000;0,0000;-0,0111;0,0000;0,0000;-0,0934;-1,4100;-2,1300;1;0,0000;0,0000;0;1;0;0;0;0
68,8056;52,8596;10,4000;-0,7758;-0,0757;0,0000;0,0000;-0,0111;0,0000;0,0000;-0,0947;-1,4300;-2,2100;1;0,0000;0,0000;0;1;0;0;0;0
68,8195;52,8596;10,4000;-0,8559;-0,0767;0,0000;0,0000;-0,0111;0,0000;0,0000;-0,0959;-1,4600;-2,3100;1;0,0000;0,0000;0;1;0;0;0;0
68,8334;52,8596;10,4000;-0,9237;-0,0777;0,0000;0,0000;-0,0111;0,0000;0,0000;-0,0971;-1,4800;-2,4100;1;0,0000;0,0000;0;1;0;0;0;0
68,8473;52,8596;10,4000;-0,9636;-0,0787;0,0000;0,0000;-0,0111;0,0000;0,0000;-0,0984;-1,5100;-2,4700;1;0,0000;0,0000;0;1;0;0;0;0
68,8611;52,8596;10,4000;-0,9940;-0,0798;0,0000;0,0000;-0,0111;0,0000;0,0000;-0,0997;-1,5400;-2,5300;1;0,0000;0,0000;0;1;0;0;0;0
68,8750;52,8596;10,4000;-1,0137;-0,0809;0,0000;0,0000;-0,0111;0,0000;0,0000;-0,1011;-1,5600;-2,5800;1;0,0000;0,0000;0;1;0;0;0;0
68,8889;52,6006;10,4000;-1,0260;-0,0820;0,0000;0,0000;-0,0111;0,0000;0,0000;-0,1025;-1,5900;-2,6200;1;0,0000;0,0000;0;1;0;0;0;0
68,9028;52,5605;10,4000;-1,0306;-0,0831;0,0000;0,0000;-0,0111;0,0000;0,0000;-0,1038;-1,6200;-2,6500;1;0,0000;0,0000;0;1;0;0;0;0
68,9167;52,5204;10,4000;-1,0255;-0,0842;0,0000;0,0000;-0,0111;0,0000;0,0000;-0,1052;-1,6500;-2,6700;1;0,0000;0,0000;0;1;0;0;0;0
68,9306;52,4803;10,4000;-0,9968;-0,0853;0,0000;0,0000;-0,0111;0,0000;0,0000;-0,1067;-1,6700;-2,6700;1;0,0000;0,0000;0;1;0;0;0;0
68,9445;52,4402;10,4000;-0,9598;-0,0865;0,0000;0,0000;-0,0111;0,0000;0,0000;-0,1081;-1,7000;-2,6600;1;0,0000;0,0000;0;1;0;0;0;0
68,9584;52,4048;10,4000;-0,9059;-0,0876;0,0000;0,0000;-0,0111;0,0000;0,0000;-0,1095;-1,7300;-2,6300;1;0,0000;0,0000;0;1;0;0;0;0
68,9723;52,4048;10,4000;-0,8418;-0,0887;0,0000;0,0000;-0,0111;0,0000;0,0000;-0,1109;-1,7500;-2,5900;1;0,0000;0,0000;0;1;0;0;0;0
68,9861;52,4048;10,7000;-0,7767;-0,0899;0,0000;0,0000;-0,0111;0,0000;0,0000;-0,1124;-1,7700;-2,5500;1;0,0000;0,0000;0;1;0;0;0;0
69,0000;52,4048;10,7000;-0,7036;-0,0911;0,0000;0,0000;-0,0111;0,0000;0,0000;-0,1138;-1,7900;-2,4900;1;0,0000;0,0000;0;1;0;0;0;0
69,0139;52,4048;10,7000;-0,6326;-0,0922;0,0000;0,0000;-0,0111;0,0000;0,0000;-0,1153;-1,8100;-2,4400;1;0,0000;0,0000;0;1;0;0;0;0
69,0278;52,4048;10,7000;-0,5685;-0,0934;0,0000;0,0000;-0,0111;0,0000;0,0000;-0,1167;-1,8200;-2,3900;1;0,0000;0,0000;0;1;0;0;0;0
69,0417;52,1549;10,7000;-0,5059;-0,0946;0,0000;0,0000;-0,0111;0,0000;0,0000;-0,1182;-1,8400;-2,3400;1;0,0000;0,0000;0;1;0;0;0;0
69,0556;52,1136;10,7000;-0,4655;-0,0957;0,0000;0,0000;-0,0111;0,0000;0,0000;-0,1196;-1,8500;-2,3200;1;0,0000;0,0000;0;1;0;0;0;0
69,0695;52,0724;10,7000;-0,4231;-0,0969;0,0000;0,0000;-0,0111;0,0000;0,0000;-0,1211;-1,8600;-2,2900;1;0,0000;0,0000;0;1;0;0;0;0
69,0834;52,0311;10,7000;-0,3794;-0,0980;0,0000;0,0000;-0,0111;0,0000;0,0000;-0,1225;-1,8700;-2,2500;1;0,0000;0,0000;0;1;0;0;0;0
69,0973;51,9899;10,7000;-0,3438;-0,0992;0,0000;0,0000;-0,0111;0,0000;0,0000;-0,1239;-1,8900;-2,2300;1;0,0000;0,0000;0;1;0;0;0;0
69,1111;51,9486;10,7000;-0,3201;-0,1003;0,0000;0,0000;-0,0111;0,0000;0,0000;-0,1254;-1,8900;-2,2100;1;0,0000;0,0000;0;1;0;0;0;0
69,1250;51,9471;10,7000;-0,3090;-0,1015;0,0000;0,0000;-0,0111;0,0000;0,0000;-0,1268;-1,9000;-2,2100;1;0,0000;0,0000;0;1;0;0;0;0
69,1389;51,9471;10,7000;-0,3047;-0,1026;0,0000;0,0000;-0,0111;0,0000;0,0000;-0,1283;-1,9100;-2,2200;1;0,0000;0,0000;0;1;0;0;0;0
69,1528;51,9471;10,7000;-0,3109;-0,1038;0,0000;0,0000;-0,0111;0,0000;0,0000;-0,1297;-1,9200;-2,2300;1;0,0000;0,0000;0;1;0;0;0;0
69,1667;51,9471;10,7000;-0,3304;-0,1049;0,0000;0,0000;-0,0111;0,0000;0,0000;-0,1312;-1,9300;-2,2600;1;0,0000;0,0000;0;1;0;0;0;0
69,1806;51,9471;10,7000;-0,3548;-0,1061;0,0000;0,0000;-0,0111;0,0000;0,0000;-0,1327;-1,9400;-2,3000;1;0,0000;0,0000;0;1;0;0;0;0
69,1945;51,7011;10,7000;-0,3877;-0,1073;0,0000;0,0000;-0,0111;0,0000;0,0000;-0,1342;-1,9500;-2,3400;1;0,0000;0,0000;0;1;0;0;0;0
69,2084;51,6598;10,7000;-0,4518;-0,1085;0,0000;0,0000;-0,0111;0,0000;0,0000;-0,1357;-1,9700;-2,4200;1;0,0000;0,0000;0;1;0;0;0;0
69,2223;51,6186;10,7000;-0,5179;-0,1098;0,0000;0,0000;-0,0111;0,0000;0,0000;-0,1372;-1,9800;-2,5000;1;0,0000;0,0000;0;1;0;0;0;0
69,2361;51,5773;10,7000;-0,5844;-0,1110;0,0000;0,0000;-0,0111;0,0000;0,0000;-0,1388;-2,0000;-2,5800;1;0,0000;0,0000;0;1;0;0;0;0
69,2500;51,5361;10,7000;-0,6558;-0,1123;0,0000;0,0000;-0,0111;0,0000;0,0000;-0,1404;-2,0200;-2,6700;1;0,0000;0,0000;0;1;0;0;0;0
69,2639;51,4948;10,7000;-0,7535;-0,1137;0,0000;0,0000;-0,0111;0,0000;0,0000;-0,1421;-2,0400;-2,7900;1;0,0000;0,0000;0;1;0;0;0;0
69,2778;51,4933;10,7000;-0,8401;-0,1150;0,0000;0,0000;-0,0111;0,0000;0,0000;-0,1438;-2,0600;-2,9000;1;0,0000;0,0000;0;1;0;0;0;0
69,2917;51,4933;10,7000;-0,9301;-0,1164;0,0000;0,0000;-0,0111;0,0000;0,0000;-0,1455;-2,0900;-3,0200;1;0,0000;0,0000;0;1;0;0;0;0
69,3056;51,4933;10,7000;-1,0015;-0,1178;0,0000;0,0000;-0,0111;0,0000;0,0000;-0,1473;-2,1100;-3,1200;1;0,0000;0,0000;0;1;0;5;0;0
69,3195;51,4933;10,7000;-1,0528;-0,1193;0,0000;0,0000;-0,0111;0,0000;0,0000;-0,1491;-2,1400;-3,2000;1;0,0000;0,0000;0;1;0;5;0;0
69,3334;51,4933;10,7000;-1,1064;-0,1208;0,0000;0,0000;-0,0111;0,0000;0,0000;-0,1509;-2,1800;-3,2800;1;0,0000;0,0000;0;1;0;5;0;0
69,3473;51,2474;10,7000;-1,1947;-0,1223;0,0000;0,0000;-0,0111;0,0000;0,0000;-0,1528;-2,2100;-3,4000;1;0,0001;0,0000;0;1;0;5;0;0
69,3611;51,2061;10,7000;-1,2602;-0,1238;0,0000;0,0000;-0,0111;0,0000;0,0000;-0,1548;-2,2400;-3,5000;1;0,0002;0,0000;0;1;0;5;0;0
69,3750;51,1649;10,7000;-1,3357;-0,1254;0,0000;0,0000;-0,0111;0,0000;0,0000;-0,1568;-2,2800;-3,6200;1;0,0002;0,0000;0;1;0;5;0;0
69,3889;51,1237;10,7000;-1,4085;-0,1270;0,0000;0,0000;-0,0111;0,0000;0,0000;-0,1588;-2,3200;-3,7300;1;0,0002;0,0000;0;1;0;5;0;0
69,4028;51,0824;10,7000;-1,4849;-0,1287;0,0000;0,0000;-0,0111;0,0000;0,0000;-0,1609;-2,3600;-3,8500;1;0,0002;0,0000;0;1;0;5;0;0
69,4167;51,0412;10,7000;-1,5504;-0,1304;0,0000;0,0000;-0,0111;0,0000;0,0000;-0,1630;-2,4000;-3,9500;1;0,0002;0,0000;0;1;0;5;0;0
69,4306;51,0380;10,7000;-1,5955;-0,1322;0,0000;0,0000;-0,0111;0,0000;0,0000;-0,1652;-2,4500;-4,0400;1;0,0002;0,0000;0;1;0;5;0;0
69,4445;51,0380;10,7000;-1,6390;-0,1340;0,0000;0,0000;-0,0111;0,0000;0,0000;-0,1675;-2,4900;-4,1300;1;0,0002;0,0000;0;1;0;5;0;0
69,4584;51,0380;10,7000;-1,7012;-0,1358;0,0000;0,0000;-0,0111;0,0000;0,0000;-0,1697;-2,5400;-4,2400;1;0,0002;0,0000;0;1;0;5;0;0
69,4723;51,0380;10,7000;-1,7594;-0,1377;0,0000;0,0000;-0,0111;0,0000;0,0000;-0,1721;-2,5900;-4,3500;1;0,0002;0,0000;0;1;0;5;0;0
69,4861;51,0380;10,7000;-1,7925;-0,1396;0,0000;0,0000;-0,0111;0,0000;0,0000;-0,1744;-2,6300;-4,4300;1;0,0002;0,0000;0;1;0;5;0;0
69,5000;50,7939;11,0000;-1,8119;-0,1415;0,0000;0,0000;-0,0111;0,0000;0,0000;-0,1769;-2,6900;-4,5000;1;0,0001;0,0000;0;1;0;5;0;0
69,5139;50,7515;11,0000;-1,8240;-0,1435;0,0000;0,0000;-0,0111;0,0000;0,0000;-0,1794;-2,7400;-4,5600;1;0,0001;0,0000;0;1;0;5;0;0
69,5278;50,7092;11,0000;-1,8252;-0,1456;0,0000;0,0000;-0,0111;0,0000;0,0000;-0,1820;-2,7900;-4,6100;1;0,0001;0,0000;0;1;0;5;0;0
69,5417;50,6668;11,0000;-1,8158;-0,1477;0,0000;0,0000;-0,0111;0,0000;0,0000;-0,1846;-2,8400;-4,6500;1;0,0000;0,0000;0;1;0;5;0;0
69,5556;50,6245;11,0000;-1,8019;-0,1498;0,0000;0,0000;-0,0111;0,0000;0,0000;-0,1872;-2,8900;-4,6900;1;0,0000;0,0000;0;1;0;5;0;0
69,5695;50,5821;11,0000;-1,7878;-0,1519;0,0000;0,0000;-0,0111;0,0000;0,0000;-0,1899;-2,9400;-4,7300;1;0,0000;0,0000;0;1;0;5;0;0
69,5834;50,5801;11,0000;-1,7753;-0,1540;0,0000;0,0000;-0,0111;0,0000;0,0000;-0,1925;-2,9900;-4,7700;1;0,0000;0,0000;0;1;0;5;0;0
69,5973;50,5801;11,0000;-1,7627;-0,1562;0,0000;0,0000;-0,0111;0,0000;0,0000;-0,1953;-3,0400;-4,8000;1;0,0000;0,0000;0;1;0;5;0;0
69,6111;50,5801;11,0000;-1,7499;-0,1584;0,0000;0,0000;-0,0111;0,0000;0,0000;-0,1981;-3,0900;-4,8400;1;0,0000;0,0000;0;1;0;5;0;0
69,6250;50,5801;11,0000;-1,7442;-0,1607;0,0000;0,0000;-0,0111;0,0000;0,0000;-0,2008;-3,1400;-4,8800;1;0,0000;0,0000;0;1;0;5;0;0
69,6389;50,5801;11,0000;-1,7424;-0,1629;0,0000;0,0000;-0,0111;0,0000;0,0000;-0,2037;-3,1900;-4,9300;1;0,0000;0,0000;0;1;0;5;0;0
69,6528;50,3222;11,0000;-1,7445;-0,1595;0,0000;0,0000;-0,0111;0,0000;0,0000;-0,1993;-1,4600;-3,1900;1;0,0486;20,5700;0;1;0;5;0;0
69,6667;50,2798;11,0000;-1,7488;-0,1608;0,0000;0,0000;-0,0111;0,0000;0,0000;-0,2010;-1,2100;-2,9500;1;0,0566;17,6700;0;1;0;5;0;0
69,6806;50,2374;11,0000;-1,7606;-0,1622;0,0000;0,0000;-0,0111;0,0000;0,0000;-0,2028;-0,9700;-2,7200;1;0,0646;15,4800;0;1;0;5;0;0
69,6945;50,1950;11,0000;-1,8025;-0,1636;0,0000;0,0000;-0,0111;0,0000;0,0000;-0,2046;-0,7300;-2,5200;1;0,0726;13,7700;0;1;0;5;0;0
69,7084;50,1526;11,0000;-1,8671;-0,1651;0,0000;0,0000;-0,0111;0,0000;0,0000;-0,2064;-0,4800;-2,3400;1;0,0806;12,4100;0;1;0;5;0;0
69,7223;50,1330;11,0000;-1,9562;-0,1662;0,0000;0,0000;-0,0111;0,0000;0,0000;-0,2077;-0,4000;-2,3600;1;0,0843;11,8600;0;1;0;5;0;0
69,7361;50,1330;11,0000;-2,0587;-0,1669;0,0000;0,0000;-0,0111;0,0000;0,0000;-0,2086;-0,4600;-2,5200;1;0,0843;11,8600;0;1;0;5;0;0
69,7500;50,1330;11,0000;-2,1736;-0,1677;0,0000;0,0000;-0,0111;0,0000;0,0000;-0,2096;-0,5200;-2,7000;1;0,0843;11,8600;0;1;0;5;0;0
69,7639;50,1330;11,0000;-2,3191;-0,1685;0,0000;0,0000;-0,0111;0,0000;0,0000;-0,2107;-0,5900;-2,9100;1;0,0843;11,8600;0;1;0;5;0;0
69,7778;50,1330;11,0000;-2,5032;-0,1695;0,0000;0,0000;-0,0111;0,0000;0,0000;-0,2118;-0,6600;-3,1600;1;0,0843;11,8600;0;1;0;5;0;0
69,7917;49,8891;11,0000;-2,6992;-0,1672;0,0000;0,0000;-0,0111;0,0000;0,0000;-0,2090;0,2800;-2,4100;0;0,0741;13,4900;0;1;0;5;0;0
69,8056;49,8467;11,0000;-2,8886;-0,1677;0,0000;0,0000;-0,0111;0,0000;0,0000;-0,2096;0,3800;-2,5100;0;0,0724;13,8200;0;1;0;5;0;0
69,8195;49,8042;11,0000;-3,0431;-0,1683;0,0000;0,0000;-0,0111;0,0000;0,0000;-0,2104;0,4700;-2,5700;0;0,0706;14,1600;0;1;0;5;0;0
69,8334;49,7618;11,0000;-3,2021;-0,1690;0,0000;0,0000;-0,0111;0,0000;0,0000;-0,2112;0,5500;-2,6400;0;0,0688;14,5300;0;1;0;5;0;0
69,8473;49,7193;11,0000;-3,3748;-0,1698;0,0000;0,0000;-0,0111;0,0000;0,0000;-0,2122;0,6400;-2,7300;0;0,0671;14,9100;0;1;0;5;0;0
69,8611;49,6787;11,0000;-3,5701;-0,1706;0,0000;0,0000;-0,0111;0,0000;0,0000;-0,2133;0,7000;-2,8700;0;0,0654;15,2900;0;1;0;5;0;0
69,8750;49,6787;11,0000;-3,7655;-0,1711;0,0000;0,0000;-0,0111;0,0000;0,0000;-0,2139;0,6000;-3,1700;0;0,0654;15,2900;0;1;0;5;0;0
69,8889;49,6787;11,0000;-4,0039;-0,1717;0,0000;0,0000;-0,0111;0,0000;0,0000;-0,2146;0,4800;-3,5200;0;0,0654;15,2900;0;1;0;5;0;0
69,9028;49,6787;11,0000;-4,2352;-0,1724;0,0000;0,0000;-0,0111;0,0000;0,0000;-0,2155;0,3600;-3,8700;0;0,0654;15,2900;0;1;0;5;0;0
69,9167;49,6787;11,0000;-4,4460;-0,1732;0,0000;0,0000;-0,0111;0,0000;0,0000;-0,2165;0,2400;-4,2100;0;0,0654;15,2900;0;1;0;5;0;0
69,9306;49,6787;11,0000;-4,6536;-0,1742;0,0000;0,0000;-0,0111;0,0000;0,0000;-0,2177;0,1100;-4,5500;0;0,0654;15,2900;0;1;0;5;0;0
69,9445;49,4158;11,0000;-4,8356;-0,1722;0,0000;0,0000;-0,0111;0,0000;0,0000;-0,2153;0,9000;-3,9300;0;0,0617;16,2000;0;1;0;5;0;0
69,9584;49,3733;11,0000;-4,9930;-0,1729;0,0000;0,0000;-0,0111;0,0000;0,0000;-0,2162;0,9100;-4,0800;0;0,0611;16,3600;0;1;0;5;0;0
69,9723;49,3309;11,0000;-5,1474;-0,1737;0,0000;0,0000;-0,0111;0,0000;0,0000;-0,2172;0,9100;-4,2300;0;0,0605;16,5200;0;1;0;5;0;0
69,9861;49,2884;11,0000;-5,2607;-0,1747;0,0000;0,0000;-0,0111;0,0000;0,0000;-0,2183;0,9200;-4,3400;0;0,0600;16,6800;0;1;0;5;0;0
70,0000;49,2460;11,5000;-5,3472;-0,1758;0,0000;0,0000;-0,0111;0,0000;0,0000;-0,2197;0,9100;-4,4400;0;0,0594;16,8400;0;1;0;5;0;0
70,0139;49,2235;11,5000;-5,3782;-0,1767;0,0000;0,0000;-0,0111;0,0000;0,0000;-0,2209;0,8300;-4,5500;0;0,0591;16,9300;0;1;0;5;0;0
70,0278;49,2235;11,5000;-5,4464;-0,1775;0,0000;0,0000;-0,0111;0,0000;0,0000;-0,2219;0,6700;-4,7800;0;0,0591;16,9300;0;1;0;5;0;0
70,0417;49,2235;11,5000;-5,4814;-0,1785;0,0000;0,0000;-0,0111;0,0000;0,0000;-0,2231;0,5100;-4,9800;0;0,0591;16,9300;0;1;0;5;0;0
70,0556;49,2235;11,5000;-5,5328;-0,1795;0,0000;0,0000;-0,0111;0,0000;0,0000;-0,2244;0,3400;-5,1900;0;0,0591;16,9300;0;1;0;5;0;0
70,0695;49,2235;11,5000;-5,5611;-0,1807;0,0000;0,0000;-0,0111;0,0000;0,0000;-0,2258;0,1800;-5,3800;0;0,0591;16,9300;0;1;0;5;0;0
70,0834;48,9736;11,5000;-5,6233;-0,1793;0,0000;0,0000;-0,0111;0,0000;0,0000;-0,2241;0,8300;-4,7900;0;0,0575;17,3800;0;1;0;5;0;0
70,0973;48,9293;11,5000;-5,6835;-0,1802;0,0000;0,0000;-0,0111;0,0000;0,0000;-0,2253;0,8100;-4,8700;0;0,0573;17,4600;0;1;0;5;0;0
70,1111;48,8849;11,5000;-5,7464;-0,1813;0,0000;0,0000;-0,0111;0,0000;0,0000;-0,2266;0,7900;-4,9600;0;0,0570;17,5500;0;1;0;5;0;0
70,1250;48,8405;11,5000;-5,7875;-0,1824;0,0000;0,0000;-0,0111;0,0000;0,0000;-0,2280;0,7600;-5,0200;0;0,0567;17,6300;0;1;0;5;0;0
70,1389;48,7961;11,5000;-5,8132;-0,1836;0,0000;0,0000;-0,0111;0,0000;0,0000;-0,2296;0,7400;-5,0700;0;0,0565;17,7100;0;1;0;5;0;0
70,1528;48,7671;11,5000;-5,8237;-0,1848;0,0000;0,0000;-0,0111;0,0000;0,0000;-0,2311;0,6600;-5,1600;0;0,0563;17,7700;0;1;0;5;0;0
70,1667;48,7671;11,5000;-5,8288;-0,1859;0,0000;0,0000;-0,0111;0,0000;0,0000;-0,2323;0,4900;-5,3400;0;0,0563;17,7700;0;1;0;5;0;0
70,1806;48,7671;11,5000;-5,8253;-0,1870;0,0000;0,0000;-0,0111;0,0000;0,0000;-0,2337;0,3100;-5,5100;0;0,0563;17,7700;0;1;0;5;0;0
70,1945;48,7671;11,5000;-5,7960;-0,1882;0,0000;0,0000;-0,0111;0,0000;0,0000;-0,2353;0,1400;-5,6500;0;0,0563;17,7700;0;1;0;5;0;0
70,2084;48,7671;11,5000;-5,7365;-0,1895;0,0000;0,0000;-0,0111;0,0000;0,0000;-0,2369;-0,0300;-5,7600;0;0,0563;17,7700;0;1;0;5;0;0
70,2223;48,5239;11,5000;-5,6293;-0,1885;0,0000;0,0000;-0,0111;0,0000;0,0000;-0,2356;0,5800;-5,0500;0;0,0557;17,9700;0;1;0;5;0;0
70,2361;48,4795;11,5000;-5,5140;-0,1895;0,0000;0,0000;-0,0111;0,0000;0,0000;-0,2368;0,5600;-4,9500;0;0,0555;18,0000;0;1;0;5;0;0
70,2500;48,4351;11,5000;-5,4208;-0,1906;0,0000;0,0000;-0,0111;0,0000;0,0000;-0,2382;0,5400;-4,8800;0;0,0554;18,0400;0;1;0;5;0;0
70,2639;48,3907;11,5000;-5,3001;-0,1917;0,0000;0,0000;-0,0111;0,0000;0,0000;-0,2397;0,5300;-4,7700;0;0,0553;18,0800;0;1;0;5;0;0
70,2778;48,3464;11,5000;-5,1396;-0,1929;0,0000;0,0000;-0,0111;0,0000;0,0000;-0,2412;0,5100;-4,6200;0;0,0552;18,1200;0;1;0;5;0;0
70,2917;48,3099;11,5000;-5,0093;-0,1941;0,0000;0,0000;-0,0111;0,0000;0,0000;-0,2426;0,4800;-4,5300;0;0,0551;18,1500;0;1;0;5;0;0
70,3056;48,3099;11,5000;-4,8856;-0,1950;0,0000;0,0000;-0,0111;0,0000;0,0000;-0,2437;0,3400;-4,5500;0;0,0551;18,1500;0;1;0;8;0;0
70,3195;48,3099;11,5000;-4,7825;-0,1959;0,0000;0,0000;-0,0111;0,0000;0,0000;-0,2449;0,2000;-4,5900;0;0,0551;18,1500;0;1;0;8;0;0
70,3334;48,3099;11,5000;-4,6938;-0,1969;0,0000;0,0000;-0,0111;0,0000;0,0000;-0,2462;0,0500;-4,6400;0;0,0551;18,1500;0;1;0;8;0;0
70,3473;48,3099;11,5000;-4,6033;-0,1980;0,0000;0,0000;-0,0111;0,0000;0,0000;-0,2475;-0,0700;-4,6800;0;0,0551;18,1500;0;1;0;8;0;0
70,3611;48,0740;11,5000;-4,4968;-0,1968;0,0000;0,0000;-0,0111;0,0000;0,0000;-0,2460;0,5300;-3,9600;0;0,0550;18,1900;0;1;0;8;0;0
70,3750;48,0296;11,5000;-4,4194;-0,1975;0,0000;0,0000;-0,0111;0,0000;0,0000;-0,2469;0,5400;-3,8700;0;0,0550;18,2000;0;1;0;8;0;0
70,3889;47,9852;11,5000;-4,3277;-0,1983;0,0000;0,0000;-0,0111;0,0000;0,0000;-0,2479;0,5500;-3,7700;0;0,0549;18,2100;0;1;0;8;0;0
70,4028;47,9409;11,5000;-4,2054;-0,1992;0,0000;0,0000;-0,0111;0,0000;0,0000;-0,2490;0,5700;-3,6300;0;0,0549;18,2100;0;1;0;8;0;0
70,4167;47,8965;11,5000;-4,1130;-0,2001;0,0000;0,0000;-0,0111;0,0000;0,0000;-0,2501;0,5900;-3,5200;0;0,0549;18,2200;0;1;0;8;0;0
70,4306;47,8521;11,5000;-4,0139;-0,2010;0,0000;0,0000;-0,0111;0,0000;0,0000;-0,2513;0,6100;-3,4000;0;0,0549;18,2300;0;1;0;8;0;0
70,4445;47,8512;11,5000;-3,9270;-0,2016;0,0000;0,0000;-0,0111;0,0000;0,0000;-0,2520;0,4900;-3,4300;0;0,0549;18,2300;0;1;0;8;0;0
70,4584;47,8512;11,5000;-3,8620;-0,2022;0,0000;0,0000;-0,0111;0,0000;0,0000;-0,2527;0,3800;-3,4800;0;0,0549;18,2300;0;1;0;8;0;0
70,4723;47,8512;11,5000;-3,8119;-0,2029;0,0000;0,0000;-0,0111;0,0000;0,0000;-0,2536;0,2700;-3,5400;0;0,0549;18,2300;0;1;0;8;0;0
70,4861;47,8512;11,5000;-3,7729;-0,2036;0,0000;0,0000;-0,0111;0,0000;0,0000;-0,2545;0,1600;-3,6200;0;0,0549;18,2300;0;1;0;8;0;0
70,5000;47,8512;11,5000;-3,7399;-0,2044;0,0000;0,0000;-0,0111;0,0000;0,0000;-0,2555;0,0400;-2,9700;0;0,0549;18,2300;0;1;0;8;0;0
70,5139;47,5795;11,5000;-3,7085;-0,2026;0,0000;0,0000;-0,0111;0,0000;0,0000;-0,2532;0,7900;-2,9100;0;0,0550;18,1700;0;1;0;8;0;0
70,5278;47,5352;11,5000;-3,6786;-0,2031;0,0000;0,0000;-0,0111;0,0000;0,0000;-0,2538;0,8200;-2,8500;0;0,0551;18,1600;0;1;0;8;0;0
70,5417;47,4908;11,5000;-3,6624;-0,2036;0,0000;0,0000;-0,0111;0,0000;0,0000;-0,2545;0,8600;-2,8000;0;0,0551;18,1400;0;1;0;8;0;0
70,5556;47,4464;11,5000;-3,6526;-0,2042;0,0000;0,0000;-0,0111;0,0000;0,0000;-0,2553;0,8900;-2,7600;0;0,0551;18,1300;0;1;0;8;0;0
70,5695;47,4021;11,5000;-3,6512;-0,2049;0,0000;0,0000;-0,0111;0,0000;0,0000;-0,2561;0,9200;-2,7300;0;0,0552;18,1200;0;1;0;8;0;0
70,5834;47,3957;11,5000;-3,6638;-0,2053;0,0000;0,0000;-0,0111;0,0000;0,0000;-0,2566;0,8300;-2,8300;0;0,0552;18,1200;0;1;0;8;0;0
70,5973;47,3957;11,5000;-3,7034;-0,2056;0,0000;0,0000;-0,0111;0,0000;0,0000;-0,2570;0,7200;-2,9800;0;0,0552;18,1200;0;1;0;8;0;0
70,6111;47,3957;11,5000;-3,7391;-0,2061;0,0000;0,0000;-0,0111;0,0000;0,0000;-0,2576;0,6100;-3,1300;0;0,0552;18,1200;0;1;0;8;0;0
70,6250;47,3957;11,5000;-3,7828;-0,2066;0,0000;0,0000;-0,0111;0,0000;0,0000;-0,2582;0,5000;-3,2800;0;0,0552;18,1200;0;1;0;8;0;0
70,6389;47,3957;11,5000;-3,8489;-0,2072;0,0000;0,0000;-0,0111;0,0000;0,0000;-0,2590;0,3900;-3,4600;0;0,0552;18,1200;0;1;0;8;0;0
70,6528;47,1294;11,5000;-3,9120;-0,2052;0,0000;0,0000;-0,0111;0,0000;0,0000;-0,2565;1,1200;-2,7900;0;0,0556;17,9800;0;1;0;8;0;0
70,6667;47,0850;11,5000;-3,9798;-0,2056;0,0000;0,0000;-0,0111;0,0000;0,0000;-0,2570;1,1400;-2,8300;0;0,0557;17,9600;0;1;0;8;0;0
70,6806;47,0406;11,5000;-4,0387;-0,2060;0,0000;0,0000;-0,0111;0,0000;0,0000;-0,2575;1,1600;-2,8700;0;0,0558;17,9300;0;1;0;8;0;0
70,6945;46,9962;11,5000;-4,1102;-0,2065;0,0000;0,0000;-0,0111;0,0000;0,0000;-0,2582;1,1800;-2,9200;0;0,0558;17,9100;0;1;0;8;0;0
70,7084;46,9519;11,5000;-4,2048;-0,2071;0,0000;0,0000;-0,0111;0,0000;0,0000;-0,2589;1,2000;-3,0000;0;0,0559;17,8900;0;1;0;8;0;0
70,7223;46,9424;11,5000;-4,2850;-0,2075;0,0000;0,0000;-0,0111;0,0000;0,0000;-0,2594;1,1000;-3,1800;0;0,0559;17,8800;0;1;0;8;0;0
70,7361;46,9424;11,9000;-4,3839;-0,2079;0,0000;0,0000;-0,0111;0,0000;0,0000;-0,2599;0,9700;-3,4100;0;0,0559;17,8800;0;1;0;8;0;0
70,7500;46,9424;11,9000;-4,4747;-0,2084;0,0000;0,0000;-0,0111;0,0000;0,0000;-0,2605;0,8300;-3,6400;0;0,0559;17,8800;0;1;0;8;0;0
70,7639;46,9424;11,9000;-4,5689;-0,2090;0,0000;0,0000;-0,0111;0,0000;0,0000;-0,2612;0,6900;-3,8700;0;0,0559;17,8800;0;1;0;8;0;0
70,7778;46,9424;11,9000;-4,7034;-0,2097;0,0000;0,0000;-0,0111;0,0000;0,0000;-0,2621;0,5500;-4,1500;0;0,0559;17,8800;0;1;0;8;0;0
70,7917;46,6727;11,9000;-4,8006;-0,2078;0,0000;0,0000;-0,0111;0,0000;0,0000;-0,2597;1,2800;-3,5200;0;0,0566;17,6800;0;1;0;8;0;0
70,8056;46,6268;11,9000;-4,9139;-0,2083;0,0000;0,0000;-0,0111;0,0000;0,0000;-0,2604;1,2700;-3,6400;0;0,0567;17,6500;0;1;0;8;0;0
70,8195;46,5809;11,9000;-5,0154;-0,2089;0,0000;0,0000;-0,0111;0,0000;0,0000;-0,2611;1,2700;-3,7400;0;0,0568;17,6200;0;1;0;8;0;0
70,8334;46,5350;11,9000;-5,0357;-0,2096;0,0000;0,0000;-0,0111;0,0000;0,0000;-0,2620;1,2600;-3,7700;0;0,0569;17,5800;0;1;0;8;0;0
70,8473;46,4890;11,9000;-5,1855;-0,2104;0,0000;0,0000;-0,0111;0,0000;0,0000;-0,2631;1,2500;-3,9300;0;0,0570;17,5500;0;1;0;8;0;0
70,8611;46,4855;11,9000;-5,3239;-0,2110;0,0000;0,0000;-0,0111;0,0000;0,0000;-0,2637;1,1000;-4,2200;0;0,0570;17,5500;0;1;0;8;0;0
70,8750;46,4855;11,9000;-5,4652;-0,2116;0,0000;0,0000;-0,0111;0,0000;0,0000;-0,2646;0,9400;-4,5300;0;0,0570;17,5500;0;1;0;8;0;0
70,8889;46,4855;11,9000;-5,5898;-0,2124;0,0000;0,0000;-0,0111;0,0000;0,0000;-0,2655;0,7600;-4,8200;0;0,0570;17,5500;0;1;0;8;0;0
70,9028;46,4855;11,9000;-5,7171;-0,2134;0,0000;0,0000;-0,0111;0,0000;0,0000;-0,2667;0,5900;-5,1300;0;0,0570;17,5500;0;1;0;8;0;0
70,9167;46,2525;11,9000;-5,8227;-0,2120;0,0000;0,0000;-0,0111;0,0000;0,0000;-0,2650;1,1800;-4,6400;0;0,0577;17,3400;0;1;0;8;0;0
70,9306;46,2065;11,9000;-5,9807;-0,2128;0,0000;0,0000;-0,0111;0,0000;0,0000;-0,2660;1,1500;-4,8300;0;0,0578;17,3000;0;1;0;8;0;0
70,9445;46,1606;11,9000;-6,0763;-0,2137;0,0000;0,0000;-0,0111;0,0000;0,0000;-0,2671;1,1100;-4,9600;0;0,0579;17,2600;0;1;0;8;0;0
70,9584;46,1147;11,9000;-6,1353;-0,2147;0,0000;0,0000;-0,0111;0,0000;0,0000;-0,2683;1,0800;-5,0500;0;0,0581;17,2200;0;1;0;8;0;0
70,9723;46,0687;11,9000;-6,1852;-0,2158;0,0000;0,0000;-0,0111;0,0000;0,0000;-0,2698;1,0400;-5,1400;0;0,0582;17,1800;0;1;0;8;0;0
70,9861;46,0271;11,9000;-6,1951;-0,2170;0,0000;0,0000;-0,0111;0,0000;0,0000;-0,2713;0,9900;-5,2100;0;0,0583;17,1500;0;1;0;8;0;0
71,0000;46,0271;11,9000;-6,3483;-0,2180;0,0000;0,0000;-0,0111;0,0000;0,0000;-0,2725;0,7900;-5,5500;0;0,0583;17,1500;0;1;0;8;0;0
71,0139;46,0271;11,9000;-6,4358;-0,2191;0,0000;0,0000;-0,0111;0,0000;0,0000;-0,2739;0,6000;-5,8400;0;0,0583;17,1500;0;1;0;8;0;0
71,0278;46,0271;11,9000;-6,5044;-0,2203;0,0000;0,0000;-0,0111;0,0000;0,0000;-0,2754;0,4000;-6,1100;0;0,0583;17,1500;0;1;0;8;0;0
71,0417;46,0271;11,9000;-6,5533;-0,2217;0,0000;0,0000;-0,0111;0,0000;0,0000;-0,2771;0,2000;-6,3600;0;0,0583;17,1500;0;1;0;8;0;0
71,0556;45,7859;11,9000;-6,5844;-0,2207;0,0000;0,0000;-0,0111;0,0000;0,0000;-0,2758;0,8100;-5,7700;0;0,0591;16,9100;0;1;0;8;0;0
71,0695;45,7399;11,9000;-6,6229;-0,2218;0,0000;0,0000;-0,0111;0,0000;0,0000;-0,2773;0,7600;-5,8600;0;0,0593;16,8700;0;1;0;8;0;0
71,0834;45,6940;11,9000;-6,6727;-0,2232;0,0000;0,0000;-0,0111;0,0000;0,0000;-0,2789;0,7100;-5,9600;0;0,0594;16,8200;0;1;0;8;0;0
71,0973;45,6481;11,9000;-6,7356;-0,2246;0,0000;0,0000;-0,0111;0,0000;0,0000;-0,2808;0,6600;-6,0700;0;0,0596;16,7800;0;1;0;8;0;0
71,1111;45,6022;11,9000;-6,8211;-0,2262;0,0000;0,0000;-0,0111;0,0000;0,0000;-0,2828;0,6100;-6,2100;0;0,0598;16,7300;0;1;0;8;0;0
71,1250;45,5743;11,9000;-6,8943;-0,2278;0,0000;0,0000;-0,0111;0,0000;0,0000;-0,2847;0,4900;-6,4000;0;0,0598;16,7100;0;1;0;8;0;0
71,1389;45,5743;11,9000;-6,9090;-0,2292;0,0000;0,0000;-0,0111;0,0000;0,0000;-0,2865;0,2800;-6,6300;0;0,0598;16,7100;0;1;0;8;0;0
71,1528;45,5743;11,9000;-6,9573;-0,2308;0,0000;0,0000;-0,0111;0,0000;0,0000;-0,2884;0,0600;-6,8900;0;0,0598;16,7100;0;1;0;8;0;0
71,1667;45,5743;11,9000;-6,9655;-0,2324;0,0000;0,0000;-0,0111;0,0000;0,0000;-0,2906;-0,1500;-7,1100;0;0,0598;16,7100;0;1;0;8;0;0
71,1806;45,5743;11,9000;-6,9658;-0,2343;0,0000;0,0000;-0,0111;0,0000;0,0000;-0,2929;-0,3600;-7,3300;0;0,0598;16,7100;0;1;0;8;0;0
71,1945;45,3188;11,9000;-6,9599;-0,2335;0,0000;0,0000;-0,0111;0,0000;0,0000;-0,2918;0,3100;-6,6400;0;0,0608;16,4400;0;1;0;8;0;0
71,2084;45,2729;11,9000;-6,9460;-0,2350;0,0000;0,0000;-0,0111;0,0000;0,0000;-0,2938;0,2600;-6,6800;0;0,0610;16,4000;0;1;0;8;0;0
71,2223;45,2270;11,9000;-6,8947;-0,2368;0,0000;0,0000;-0,0111;0,0000;0,0000;-0,2960;0,2100;-6,6800;0;0,0612;16,3500;0;1;0;8;0;0
71,2361;45,1811;11,8000;-6,8080;-0,2386;0,0000;0,0000;-0,0111;0,0000;0,0000;-0,2982;0,1600;-6,6500;0;0,0613;16,3100;0;1;0;8;0;0
71,2500;45,1356;11,8000;-6,6831;-0,2405;0,0000;0,0000;-0,0111;0,0000;0,0000;-0,3006;0,1200;-6,5700;0;0,0615;16,2600;0;1;0;8;0;0
71,2639;45,1172;11,8000;-6,5790;-0,2422;0,0000;0,0000;-0,0111;0,0000;0,0000;-0,3027;0,0000;-6,6000;0;0,0616;16,2400;0;1;0;8;0;0
71,2778;45,1172;11,8000;-6,5294;-0,2438;0,0000;0,0000;-0,0111;0,0000;0,0000;-0,3048;-0,2200;-6,7500;0;0,0616;16,2400;0;1;0;8;0;0
71,2917;45,1172;11,8000;-6,5195;-0,2456;0,0000;0,0000;-0,0111;0,0000;0,0000;-0,3070;-0,4100;-6,9300;0;0,0616;16,2400;0;1;0;8;0;0
71,3056;45,1172;11,8000;-6,4479;-0,2475;0,0000;0,0000;-0,0111;0,0000;0,0000;-0,3093;-0,6100;-7,0600;0;0,0616;16,2400;0;1;0;9;0;0
71,3195;45,1172;11,8000;-6,3995;-0,2495;0,0000;0,0000;-0,0111;0,0000;0,0000;-0,3118;-0,8100;-7,2100;0;0,0616;16,2400;0;1;0;9;0;0
71,3334;44,8539;11,8000;-6,3170;-0,2486;0,0000;0,0000;-0,0111;0,0000;0,0000;-0,3107;-0,0600;-6,3700;0;0,0626;15,9600;0;1;0;9;0;0
71,3473;44,8084;11,8000;-6,3010;-0,2503;0,0000;0,0000;-0,0111;0,0000;0,0000;-0,3128;-0,0800;-6,3800;0;0,0628;15,9100;0;1;0;9;0;0
71,3611;44,7629;11,8000;-6,2873;-0,2520;0,0000;0,0000;-0,0111;0,0000;0,0000;-0,3151;-0,1100;-6,4000;0;0,0630;15,8700;0;1;0;9;0;0
71,3750;44,7174;11,8000;-6,3114;-0,2540;0,0000;0,0000;-0,0111;0,0000;0,0000;-0,3175;-0,1400;-6,4500;0;0,0632;15,8200;0;1;0;9;0;0
71,3889;44,6719;11,8000;-6,3949;-0,2560;0,0000;0,0000;-0,0111;0,0000;0,0000;-0,3200;-0,1700;-6,5700;0;0,0634;15,7700;0;1;0;9;0;0
71,4028;44,6612;11,8000;-6,4116;-0,2578;0,0000;0,0000;-0,0111;0,0000;0,0000;-0,3223;-0,3300;-6,7400;0;0,0634;15,7600;0;1;0;9;0;0
71,4167;44,6612;11,8000;-6,4693;-0,2596;0,0000;0,0000;-0,0111;0,0000;0,0000;-0,3245;-0,5300;-7,0000;0;0,0634;15,7600;0;1;0;9;0;0
71,4306;44,6612;11,8000;-6,5188;-0,2616;0,0000;0,0000;-0,0111;0,0000;0,0000;-0,3270;-0,7200;-7,2400;0;0,0634;15,7600;0;1;0;9;0;0
71,4445;44,6612;11,8000;-6,5287;-0,2636;0,0000;0,0000;-0,0111;0,0000;0,0000;-0,3296;-0,9200;-7,4500;0;0,0634;15,7600;0;1;0;9;0;0
71,4584;44,6612;11,8000;-6,7178;-0,2659;0,0000;0,0000;-0,0111;0,0000;0,0000;-0,3324;-1,1300;-7,8400;0;0,0634;15,7600;0;1;0;9;0;0
71,4723;44,3895;11,8000;-6,8195;-0,2652;0,0000;0,0000;-0,0111;0,0000;0,0000;-0,3314;-0,3300;-7,1500;0;0,0646;15,4700;0;1;0;9;0;0
71,4861;44,3440;11,8000;-6,8795;-0,2672;0,0000;0,0000;-0,0111;0,0000;0,0000;-0,3340;-0,3700;-7,2500;0;0,0648;15,4300;0;1;0;9;0;0
71,5000;44,2985;11,3000;-6,9254;-0,2693;0,0000;0,0000;-0,0111;0,0000;0,0000;-0,3366;-0,4100;-7,3300;0;0,0650;15,3800;0;1;0;9;0;0
71,5139;44,2549;11,3000;-6,9585;-0,2715;0,0000;0,0000;-0,0111;0,0000;0,0000;-0,3393;-0,4500;-7,4100;0;0,0652;15,3300;0;1;0;9;0;0
71,5278;44,2114;11,3000;-7,0198;-0,2738;0,0000;0,0000;-0,0111;0,0000;0,0000;-0,3423;-0,4900;-7,5100;0;0,0654;15,2900;0;1;0;9;0;0
71,5417;44,2065;11,3000;-7,0806;-0,2758;0,0000;0,0000;-0,0111;0,0000;0,0000;-0,3448;-0,6800;-7,7600;0;0,0654;15,2800;0;1;0;9;0;0
71,5556;44,2065;11,3000;-7,1263;-0,2780;0,0000;0,0000;-0,0111;0,0000;0,0000;-0,3475;-0,8900;-8,0200;0;0,0654;15,2800;0;1;0;9;0;0
71,5695;44,2065;11,3000;-7,1519;-0,2802;0,0000;0,0000;-0,0111;0,0000;0,0000;-0,3503;-1,1000;-8,2500;0;0,0654;15,2800;0;1;0;9;0;0
71,5834;44,2065;11,3000;-7,1648;-0,2826;0,0000;0,0000;-0,0111;0,0000;0,0000;-0,3533;-1,3100;-8,4700;0;0,0654;15,2800;0;1;0;9;0;0
71,5973;44,2065;11,3000;-7,1674;-0,2852;0,0000;0,0000;-0,0111;0,0000;0,0000;-0,3564;-1,5200;-8,6800;0;0,0654;15,2800;0;1;0;9;0;0
71,6111;43,9397;11,3000;-7,1776;-0,2846;0,0000;0,0000;-0,0111;0,0000;0,0000;-0,3557;-0,7100;-7,8900;0;0,0667;15,0000;0;1;0;9;0;0
71,6250;43,8961;11,3000;-7,1760;-0,2869;0,0000;0,0000;-0,0111;0,0000;0,0000;-0,3586;-0,7500;-7,9300;0;0,0669;14,9600;0;1;0;9;0;0
71,6389;43,8526;11,3000;-7,1603;-0,2892;0,0000;0,0000;-0,0111;0,0000;0,0000;-0,3615;-0,7900;-7,9600;0;0,0671;14,9100;0;1;0;9;0;0
71,6528;43,8090;11,3000;-7,1226;-0,2917;0,0000;0,0000;-0,0111;0,0000;0,0000;-0,3646;-0,8400;-7,9600;0;0,0673;14,8700;0;1;0;9;0;0
71,6667;43,7655;11,3000;-7,0598;-0,2943;0,0000;0,0000;-0,0111;0,0000;0,0000;-0,3679;-0,8800;-7,9400;0;0,0675;14,8200;0;1;0;9;0;0
71,6806;43,7479;11,3000;-6,9781;-0,2967;0,0000;0,0000;-0,0111;0,0000;0,0000;-0,3708;-1,0100;-7,9900;0;0,0675;14,8100;0;1;0;9;0;0
71,6945;43,7479;11,3000;-6,8844;-0,2990;0,0000;0,0000;-0,0111;0,0000;0,0000;-0,3737;-1,2100;-8,1000;0;0,0675;14,8100;0;1;0;9;0;0
71,7084;43,7479;11,3000;-6,8114;-0,3013;0,0000;0,0000;-0,0111;0,0000;0,0000;-0,3767;-1,4100;-8,2200;0;0,0675;14,8100;0;1;0;9;0;0
71,7223;43,7479;11,3000;-6,7036;-0,3038;0,0000;0,0000;-0,0111;0,0000;0,0000;-0,3798;-1,6100;-8,3100;0;0,0675;14,8100;0;1;0;9;0;0
71,7361;43,7479;11,3000;-6,5712;-0,3064;0,0000;0,0000;-0,0111;0,0000;0,0000;-0,3830;-1,8000;-8,3700;0;0,0675;14,8100;0;1;0;9;0;0
71,7500;43,4927;11,3000;-6,5447;-0,3059;0,0000;0,0000;-0,0111;0,0000;0,0000;-0,3824;-0,9900;-7,5300;0;0,0688;14,5400;0;1;0;9;0;0
71,7639;43,4492;11,3000;-6,2871;-0,3081;0,0000;0,0000;-0,0111;0,0000;0,0000;-0,3851;-1,0000;-7,2800;0;0,0690;14,5000;0;1;0;9;0;0
71,7778;43,4056;11,3000;-6,1600;-0,3104;0,0000;0,0000;-0,0111;0,0000;0,0000;-0,3880;-1,0100;-7,1700;0;0,0692;14,4600;0;1;0;9;0;0
71,7917;43,3621;11,3000;-6,0779;-0,3127;0,0000;0,0000;-0,0111;0,0000;0,0000;-0,3909;-1,0100;-7,0900;0;0,0694;14,4100;0;1;0;9;0;0
71,8056;43,3186;11,3000;-6,0032;-0,3151;0,0000;0,0000;-0,0111;0,0000;0,0000;-0,3939;-1,0100;-7,0200;0;0,0696;14,3700;0;1;0;9;0;0
71,8195;43,2948;11,3000;-5,9431;-0,3174;0,0000;0,0000;-0,0111;0,0000;0,0000;-0,3968;-1,0900;-7,0400;0;0,0697;14,3500;0;1;0;9;0;0
71,8334;43,2948;11,3000;-5,8872;-0,3195;0,0000;0,0000;-0,0111;0,0000;0,0000;-0,3994;-1,2700;-7,1500;0;0,0697;14,3500;0;1;0;9;0;0
71,8473;43,2948;11,3000;-5,8532;-0,3217;0,0000;0,0000;-0,0111;0,0000;0,0000;-0,4021;-1,4400;-7,2900;0;0,0697;14,3500;0;1;0;9;0;0
71,8611;43,2948;11,3000;-5,8141;-0,3240;0,0000;0,0000;-0,0111;0,0000;0,0000;-0,4050;-1,6000;-7,4200;0;0,0697;14,3500;0;1;0;9;0;0
71,8750;43,2948;11,3000;-5,7649;-0,3263;0,0000;0,0000;-0,0111;0,0000;0,0000;-0,4079;-1,7700;-7,5400;0;0,0697;14,3500;0;1;0;9;0;0
71,8889;43,0446;11,3000;-5,7254;-0,3256;0,0000;0,0000;-0,0111;0,0000;0,0000;-0,4070;-0,9200;-6,6500;0;0,0709;14,1000;0;1;0;9;0;0
71,9028;43,0011;11,3000;-5,7175;-0,3276;0,0000;0,0000;-0,0111;0,0000;0,0000;-0,4095;-0,9100;-6,6300;0;0,0711;14,0600;0;1;0;9;0;0
71,9167;42,9575;11,3000;-5,6669;-0,3297;0,0000;0,0000;-0,0111;0,0000;0,0000;-0,4121;-0,9000;-6,5700;0;0,0713;14,0200;0;1;0;9;0;0
71,9306;42,9140;11,3000;-5,6418;-0,3318;0,0000;0,0000;-0,0111;0,0000;0,0000;-0,4148;-0,8900;-6,5300;0;0,0716;13,9800;0;1;0;9;0;0
71,9445;42,8704;11,3000;-5,6188;-0,3341;0,0000;0,0000;-0,0111;0,0000;0,0000;-0,4176;-0,8700;-6,4900;0;0,0718;13,9300;0;1;0;9;0;0
71,9584;42,8378;11,3000;-5,6046;-0,3363;0,0000;0,0000;-0,0111;0,0000;0,0000;-0,4204;-0,9100;-6,5100;0;0,0719;13,9000;0;1;0;9;0;0
71,9723;42,8378;11,3000;-5,5916;-0,3382;0,0000;0,0000;-0,0111;0,0000;0,0000;-0,4228;-1,0700;-6,6600;0;0,0719;13,9000;0;1;0;9;0;0
71,9861;42,8378;11,3000;-5,5710;-0,3402;0,0000;0,0000;-0,0111;0,0000;0,0000;-0,4253;-1,2300;-6,8000;0;0,0719;13,9000;0;1;0;9;0;0
72,0000;42,8378;11,3000;-5,5471;-0,3423;0,0000;0,0000;-0,0111;0,0000;0,0000;-0,4279;-1,3900;-6,9400;0;0,0719;13,9000;0;1;0;9;0;0
72,0139;42,8378;11,3000;-5,5204;-0,3445;0,0000;0,0000;-0,0111;0,0000;0,0000;-0,4306;-1,5500;-7,0700;0;0,0719;13,9000;0;1;0;9;0;0
72,0278;42,5952;11,3000;-5,4825;-0,3436;0,0000;0,0000;-0,0111;0,0000;0,0000;-0,4295;-0,7000;-6,1800;0;0,0731;13,6800;0;1;0;9;0;0
72,0417;42,5516;11,3000;-5,4430;-0,3453;0,0000;0,0000;-0,0111;0,0000;0,0000;-0,4317;-0,6700;-6,1100;0;0,0733;13,6400;0;1;0;9;0;0
72,0556;42,5081;11,3000;-5,4351;-0,3472;0,0000;0,0000;-0,0111;0,0000;0,0000;-0,4340;-0,6500;-6,0800;0;0,0735;13,6000;0;1;0;9;0;0
72,0695;42,4645;11,3000;-5,3949;-0,3492;0,0000;0,0000;-0,0111;0,0000;0,0000;-0,4364;-0,6200;-6,0200;0;0,0738;13,5600;0;1;0;9;0;0
72,0834;42,4210;11,3000;-5,3559;-0,3512;0,0000;0,0000;-0,0111;0,0000;0,0000;-0,4390;-0,6000;-5,9500;0;0,0740;13,5200;0;1;0;9;0;0
72,0973;42,3829;11,3000;-5,3318;-0,3532;0,0000;0,0000;-0,0111;0,0000;0,0000;-0,4415;-0,5900;-5,9200;0;0,0742;13,4800;0;1;0;9;0;0
72,1111;42,3829;11,3000;-5,3120;-0,3549;0,0000;0,0000;-0,0111;0,0000;0,0000;-0,4436;-0,7500;-6,0600;0;0,0742;13,4800;0;1;0;9;0;0
72,1250;42,3829;11,3000;-5,2854;-0,3566;0,0000;0,0000;-0,0111;0,0000;0,0000;-0,4458;-0,9000;-6,1900;0;0,0742;13,4800;0;1;0;9;0;0
72,1389;42,3829;11,3000;-5,2692;-0,3584;0,0000;0,0000;-0,0111;0,0000;0,0000;-0,4481;-1,0600;-6,3300;0;0,0742;13,4800;0;1;0;9;0;0
72,1528;42,3829;11,3000;-5,2471;-0,3604;0,0000;0,0000;-0,0111;0,0000;0,0000;-0,4505;-1,2100;-6,4600;0;0,0742;13,4800;0;1;0;9;0;0
72,1667;42,1445;11,3000;-5,2352;-0,3592;0,0000;0,0000;-0,0111;0,0000;0,0000;-0,4490;-0,3300;-5,5700;0;0,0753;13,2800;0;1;0;9;0;0
72,1806;42,1009;11,3000;-5,2269;-0,3606;0,0000;0,0000;-0,0111;0,0000;0,0000;-0,4508;-0,3000;-5,5200;0;0,0755;13,2400;0;1;0;9;0;0
72,1945;42,0574;11,3000;-5,2254;-0,3622;0,0000;0,0000;-0,0111;0,0000;0,0000;-0,4527;-0,2600;-5,4900;0;0,0757;13,2000;0;1;0;9;0;0
72,2084;42,0138;11,3000;-5,2251;-0,3638;0,0000;0,0000;-0,0111;0,0000;0,0000;-0,4548;-0,2300;-5,4500;0;0,0760;13,1700;0;1;0;9;0;0
72,2223;41,9702;11,3000;-5,2219;-0,3656;0,0000;0,0000;-0,0111;0,0000;0,0000;-0,4569;-0,1900;-5,4100;0;0,0762;13,1300;0;1;0;9;0;0
72,2361;41,9270;11,3000;-5,2158;-0,3674;0,0000;0,0000;-0,0111;0,0000;0,0000;-0,4592;-0,1500;-5,3700;0;0,0764;13,0900;0;1;0;9;0;0
72,2500;41,9270;11,3000;-5,2112;-0,3687;0,0000;0,0000;-0,0111;0,0000;0,0000;-0,4609;-0,3100;-5,5200;0;0,0764;13,0900;0;1;0;9;0;0
72,2639;41,9270;11,3000;-5,2031;-0,3701;0,0000;0,0000;-0,0111;0,0000;0,0000;-0,4626;-0,4600;-5,6600;0;0,0764;13,0900;0;1;0;9;0;0
72,2778;41,9270;11,3000;-5,2010;-0,3716;0,0000;0,0000;-0,0111;0,0000;0,0000;-0,4645;-0,6100;-5,8100;0;0,0764;13,0900;0;1;0;9;0;0
72,2917;41,9270;11,3000;-5,2066;-0,3732;0,0000;0,0000;-0,0111;0,0000;0,0000;-0,4665;-0,7600;-5,9700;0;0,0764;13,0900;0;1;0;9;0;0
72,3056;41,6927;11,3000;-5,2124;-0,3717;0,0000;0,0000;-0,0111;0,0000;0,0000;-0,4646;0,1300;-5,0800;0;0,0775;12,9100;0;1;0;7;0;0
72,3195;41,6491;11,3000;-5,2207;-0,3729;0,0000;0,0000;-0,0111;0,0000;0,0000;-0,4661;0,1700;-5,0500;0;0,0777;12,8700;0;1;0;7;0;0
72,3334;41,6055;11,3000;-5,2257;-0,3742;0,0000;0,0000;-0,0111;0,0000;0,0000;-0,4677;0,2100;-5,0100;0;0,0779;12,8400;0;1;0;7;0;0
72,3473;41,5619;11,3000;-5,2166;-0,3756;0,0000;0,0000;-0,0111;0,0000;0,0000;-0,4695;0,2500;-4,9600;0;0,0781;12,8000;0;1;0;7;0;0
72,3611;41,5183;11,3000;-5,2148;-0,3770;0,0000;0,0000;-0,0111;0,0000;0,0000;-0,4713;0,2900;-4,9200;0;0,0783;12,7700;0;1;0;7;0;0
72,3750;41,4747;11,3000;-5,1883;-0,3786;0,0000;0,0000;-0,0111;0,0000;0,0000;-0,4732;0,3300;-4,8500;0;0,0785;12,7400;0;1;0;7;0;0
72,3889;41,4709;11,3000;-5,1134;-0,3796;0,0000;0,0000;-0,0111;0,0000;0,0000;-0,4745;0,2000;-4,9100;0;0,0785;12,7300;0;1;0;7;0;0
72,4028;41,4709;11,3000;-5,0449;-0,3807;0,0000;0,0000;-0,0111;0,0000;0,0000;-0,4759;0,0600;-4,9900;0;0,0785;12,7300;0;1;0;7;0;0
72,4167;41,4709;11,3000;-4,9900;-0,3819;0,0000;0,0000;-0,0111;0,0000;0,0000;-0,4773;-0,0900;-5,0800;0;0,0785;12,7300;0;1;0;7;0;0
72,4306;41,4709;11,3000;-4,9347;-0,3831;0,0000;0,0000;-0,0111;0,0000;0,0000;-0,4789;-0,2300;-5,1700;0;0,0785;12,7300;0;1;0;7;0;0
72,4445;41,2397;11,3000;-4,8879;-0,3811;0,0000;0,0000;-0,0111;0,0000;0,0000;-0,4764;0,6800;-4,2100;0;0,0796;12,5700;0;1;0;7;0;0
72,4584;41,1961;11,3000;-4,8615;-0,3819;0,0000;0,0000;-0,0111;0,0000;0,0000;-0,4774;0,7300;-4,1200;0;0,0798;12,5300;0;1;0;7;0;0
72,4723;41,1525;11,3000;-4,8366;-0,3827;0,0000;0,0000;-0,0111;0,0000;0,0000;-0,4784;0,7900;-4,0400;0;0,0800;12,5000;0;1;0;7;0;0
72,4861;41,1089;11,3000;-4,8193;-0,3836;0,0000;0,0000;-0,0111;0,0000;0,0000;-0,4795;0,8500;-3,9700;0;0,0802;12,4700;0;1;0;7;0;0
72,5000;41,0653;11,3000;-4,8174;-0,3846;0,0000;0,0000;-0,0111;0,0000;0,0000;-0,4808;0,9100;-3,9100;0;0,0804;12,4400;0;1;0;7;0;0
72,5139;41,0217;11,3000;-4,8170;-0,3857;0,0000;0,0000;-0,0111;0,0000;0,0000;-0,4821;0,9700;-3,8500;0;0,0806;12,4100;0;1;0;7;0;0
72,5278;41,0159;11,3000;-4,8584;-0,3863;0,0000;0,0000;-0,0111;0,0000;0,0000;-0,4829;0,8500;-4,0100;0;0,0806;12,4100;0;1;0;7;0;0
72,5417;41,0159;11,3000;-4,9120;-0,3870;0,0000;0,0000;-0,0111;0,0000;0,0000;-0,4837;0,7100;-4,2000;0;0,0806;12,4100;0;1;0;7;0;0
72,5556;41,0159;11,3000;-4,9829;-0,3877;0,0000;0,0000;-0,0111;0,0000;0,0000;-0,4847;0,5600;-4,4200;0;0,0806;12,4100;0;1;0;7;0;0
72,5695;41,0159;11,3000;-5,0588;-0,3886;0,0000;0,0000;-0,0111;0,0000;0,0000;-0,4857;0,4200;-4,6400;0;0,0806;12,4100;0;1;0;7;0;0
72,5834;40,7859;11,3000;-5,1350;-0,3862;0,0000;0,0000;-0,0111;0,0000;0,0000;-0,4828;1,3400;-3,7900;0;0,0816;12,2600;0;1;0;7;0;0
72,5973;40,7423;11,3000;-5,1794;-0,3866;0,0000;0,0000;-0,0111;0,0000;0,0000;-0,4833;1,3900;-3,7800;0;0,0818;12,2300;0;1;0;7;0;0
72,6111;40,6987;11,3000;-5,2289;-0,3871;0,0000;0,0000;-0,0111;0,0000;0,0000;-0,4839;1,4500;-3,7800;0;0,0819;12,2000;0;1;0;7;0;0
72,6250;40,6551;11,3000;-5,2624;-0,3877;0,0000;0,0000;-0,0111;0,0000;0,0000;-0,4847;1,5000;-3,7600;0;0,0821;12,1800;0;1;0;7;0;0
72,6389;40,6115;11,3000;-5,3137;-0,3885;0,0000;0,0000;-0,0111;0,0000;0,0000;-0,4856;1,5500;-3,7600;0;0,0823;12,1500;0;1;0;7;0;0
72,6528;40,5679;11,3000;-5,3572;-0,3893;0,0000;0,0000;-0,0111;0,0000;0,0000;-0,4866;1,5900;-3,7600;0;0,0825;12,1200;0;1;0;7;0;0
72,6667;40,5591;11,3000;-5,3660;-0,3897;0,0000;0,0000;-0,0111;0,0000;0,0000;-0,4871;1,4800;-3,8900;0;0,0825;12,1200;0;1;0;7;0;0
72,6806;40,5591;11,3000;-5,4099;-0,3901;0,0000;0,0000;-0,0111;0,0000;0,0000;-0,4876;1,3200;-4,0900;0;0,0825;12,1200;0;1;0;7;0;0
72,6945;40,5591;11,3000;-5,4392;-0,3906;0,0000;0,0000;-0,0111;0,0000;0,0000;-0,4882;1,1600;-4,2800;0;0,0825;12,1200;0;1;0;7;0;0
72,7084;40,5591;11,3000;-5,4618;-0,3912;0,0000;0,0000;-0,0111;0,0000;0,0000;-0,4890;1,0100;-4,4600;0;0,0825;12,1200;0;1;0;7;0;0
72,7223;40,3314;11,3000;-5,4795;-0,3885;0,0000;0,0000;-0,0111;0,0000;0,0000;-0,4857;1,9300;-3,5400;0;0,0834;11,9900;0;1;0;7;0;0
72,7361;40,2878;11,7000;-5,4931;-0,3887;0,0000;0,0000;-0,0111;0,0000;0,0000;-0,4859;1,9800;-3,5100;0;0,0836;11,9700;0;1;0;7;0;0
72,7500;40,2426;11,7000;-5,5083;-0,3890;0,0000;0,0000;-0,0111;0,0000;0,0000;-0,4862;2,0300;-3,4800;0;0,0837;11,9400;0;1;0;7;0;0
72,7639;40,1975;11,7000;-5,5258;-0,3893;0,0000;0,0000;-0,0111;0,0000;0,0000;-0,4867;2,0800;-3,4400;0;0,0839;11,9200;0;1;0;7;0;0
72,7778;40,1523;11,7000;-5,5441;-0,3898;0,0000;0,0000;-0,0111;0,0000;0,0000;-0,4872;2,1300;-3,4100;0;0,0841;11,8900;0;1;0;7;0;0
72,7917;40,1071;11,7000;-5,5586;-0,3903;0,0000;0,0000;-0,0111;0,0000;0,0000;-0,4879;2,1700;-3,3800;0;0,0842;11,8700;0;1;0;7;0;0
72,8056;40,1048;11,7000;-5,5728;-0,3904;0,0000;0,0000;-0,0111;0,0000;0,0000;-0,4880;2,0200;-3,5600;0;0,0843;11,8700;0;1;0;7;0;0
72,8195;40,1048;11,7000;-5,5755;-0,3905;0,0000;0,0000;-0,0111;0,0000;0,0000;-0,4881;1,8500;-3,7300;0;0,0843;11,8700;0;1;0;7;0;0
72,8334;40,1048;11,7000;-5,6052;-0,3907;0,0000;0,0000;-0,0111;0,0000;0,0000;-0,4884;1,6800;-3,9300;0;0,0843;11,8700;0;1;0;7;0;0
72,8473;40,1048;11,7000;-5,6330;-0,3910;0,0000;0,0000;-0,0111;0,0000;0,0000;-0,4888;1,5100;-4,1200;0;0,0843;11,8700;0;1;0;7;0;0
72,8611;39,8626;11,7000;-5,6518;-0,3878;0,0000;0,0000;-0,0111;0,0000;0,0000;-0,4847;2,5200;-3,1200;0;0,0851;11,7600;0;1;0;7;0;0
72,8750;39,8174;11,7000;-5,6723;-0,3876;0,0000;0,0000;-0,0111;0,0000;0,0000;-0,4845;2,5700;-3,1000;0;0,0852;11,7400;0;1;0;7;0;0
72,8889;39,7722;11,7000;-5,7000;-0,3876;0,0000;0,0000;-0,0111;0,0000;0,0000;-0,4845;2,6200;-3,0800;0;0,0854;11,7200;0;1;0;7;0;0
72,9028;39,7270;11,7000;-5,7274;-0,3876;0,0000;0,0000;-0,0111;0,0000;0,0000;-0,4846;2,6700;-3,0600;0;0,0855;11,7000;0;1;0;7;0;0
72,9167;39,6819;11,7000;-5,7711;-0,3878;0,0000;0,0000;-0,0111;0,0000;0,0000;-0,4848;2,7100;-3,0500;0;0,0856;11,6800;0;1;0;7;0;0
72,9306;39,6473;11,7000;-5,8307;-0,3880;0,0000;0,0000;-0,0111;0,0000;0,0000;-0,4850;2,7000;-3,1300;0;0,0858;11,6600;0;1;0;7;0;0
72,9445;39,6473;11,7000;-5,8888;-0,3877;0,0000;0,0000;-0,0111;0,0000;0,0000;-0,4846;2,5300;-3,3600;0;0,0858;11,6600;0;1;0;7;0;0
72,9584;39,6473;11,7000;-5,9297;-0,3876;0,0000;0,0000;-0,0111;0,0000;0,0000;-0,4844;2,3500;-3,5800;0;0,0858;11,6600;0;1;0;7;0;0
72,9723;39,6473;11,7000;-5,9378;-0,3875;0,0000;0,0000;-0,0111;0,0000;0,0000;-0,4844;2,1700;-3,7700;0;0,0858;11,6600;0;1;0;7;0;0
72,9861;39,6473;11,7000;-5,9970;-0,3876;0,0000;0,0000;-0,0111;0,0000;0,0000;-0,4845;1,9900;-4,0100;0;0,0858;11,6600;0;1;0;7;0;0
73,0000;39,3920;11,7000;-6,0500;-0,3840;0,0000;0,0000;-0,0111;0,0000;0,0000;-0,4799;3,0700;-2,9700;0;0,0865;11,5700;0;1;0;7;0;0
73,0139;39,3468;11,7000;-6,0830;-0,3836;0,0000;0,0000;-0,0111;0,0000;0,0000;-0,4795;3,1100;-2,9700;0;0,0866;11,5500;0;1;0;7;0;0
73,0278;39,3016;11,7000;-6,1121;-0,3834;0,0000;0,0000;-0,0111;0,0000;0,0000;-0,4792;3,1500;-2,9600;0;0,0867;11,5300;0;1;0;7;0;0
73,0417;39,2564;11,7000;-6,1492;-0,3832;0,0000;0,0000;-0,0111;0,0000;0,0000;-0,4790;3,1900;-2,9500;0;0,0868;11,5200;0;1;0;7;0;0
73,0556;39,2113;11,7000;-6,1888;-0,3832;0,0000;0,0000;-0,0111;0,0000;0,0000;-0,4790;3,2300;-2,9600;0;0,0869;11,5000;0;1;0;7;0;0
73,0695;39,1937;11,7000;-6,2204;-0,3829;0,0000;0,0000;-0,0111;0,0000;0,0000;-0,4787;3,1300;-3,0900;0;0,0870;11,5000;0;1;0;7;0;0
73,0834;39,1937;11,7000;-6,2533;-0,3825;0,0000;0,0000;-0,0111;0,0000;0,0000;-0,4781;2,9400;-3,3200;0;0,0870;11,5000;0;1;0;7;0;0
73,0973;39,1937;11,7000;-6,3029;-0,3822;0,0000;0,0000;-0,0111;0,0000;0,0000;-0,4777;2,7500;-3,5600;0;0,0870;11,5000;0;1;0;7;0;0
73,1111;39,1937;11,7000;-6,3512;-0,3820;0,0000;0,0000;-0,0111;0,0000;0,0000;-0,4775;2,5600;-3,8000;0;0,0870;11,5000;0;1;0;7;0;0
73,1250;39,1937;11,7000;-6,3609;-0,3820;0,0000;0,0000;-0,0111;0,0000;0,0000;-0,4775;2,3600;-4,0000;0;0,0870;11,5000;0;1;0;7;0;0
73,1389;38,9213;11,7000;-6,4533;-0,3778;0,0000;0,0000;-0,0111;0,0000;0,0000;-0,4722;3,5400;-2,9100;0;0,0875;11,4200;0;1;0;7;0;0
73,1528;38,8761;11,7000;-6,5082;-0,3773;0,0000;0,0000;-0,0111;0,0000;0,0000;-0,4716;3,5600;-2,9400;0;0,0876;11,4100;0;1;0;7;0;0
73,1667;38,8309;11,7000;-6,5428;-0,3769;0,0000;0,0000;-0,0111;0,0000;0,0000;-0,4712;3,5900;-2,9400;0;0,0877;11,4000;0;1;0;7;0;0
73,1806;38,7858;11,7000;-6,5863;-0,3767;0,0000;0,0000;-0,0111;0,0000;0,0000;-0,4709;3,6200;-2,9600;0;0,0878;11,3900;0;1;0;7;0;0
73,1945;38,7406;11,7000;-6,6134;-0,3766;0,0000;0,0000;-0,0111;0,0000;0,0000;-0,4707;3,6500;-2,9600;0;0,0879;11,3700;0;1;0;7;0;0
73,2084;38,7358;11,7000;-6,6372;-0,3759;0,0000;0,0000;-0,0111;0,0000;0,0000;-0,4699;3,4700;-3,1600;0;0,0879;11,3700;0;1;0;7;0;0
73,2223;38,7358;11,7000;-6,6570;-0,3754;0,0000;0,0000;-0,0111;0,0000;0,0000;-0,4692;3,2700;-3,3800;0;0,0879;11,3700;0;1;0;7;0;0
73,2361;38,7358;11,8000;-6,6719;-0,3750;0,0000;0,0000;-0,0111;0,0000;0,0000;-0,4687;3,0700;-3,6000;0;0,0879;11,3700;0;1;0;7;0;0
73,2500;38,7358;11,8000;-6,6822;-0,3747;0,0000;0,0000;-0,0111;0,0000;0,0000;-0,4683;2,8700;-3,8200;0;0,0879;11,3700;0;1;0;7;0;0
73,2639;38,4951;11,8000;-6,6888;-0,3707;0,0000;0,0000;-0,0111;0,0000;0,0000;-0,4634;3,8800;-2,8000;0;0,0882;11,3300;0;1;0;7;0;0
73,2778;38,4496;11,8000;-6,6901;-0,3700;0,0000;0,0000;-0,0111;0,0000;0,0000;-0,4624;3,9100;-2,7700;0;0,0883;11,3300;0;1;0;7;0;0
73,2917;38,4040;11,8000;-6,6918;-0,3693;0,0000;0,0000;-0,0111;0,0000;0,0000;-0,4616;3,9300;-2,7500;0;0,0884;11,3200;0;1;0;7;0;0
73,3056;38,3585;11,8000;-6,6885;-0,3688;0,0000;0,0000;-0,0111;0,0000;0,0000;-0,4610;3,9600;-2,7200;0;0,0884;11,3100;0;1;0;8;0;0
73,3195;38,3129;11,8000;-6,6812;-0,3684;0,0000;0,0000;-0,0111;0,0000;0,0000;-0,4605;3,9900;-2,6900;0;0,0885;11,3000;0;1;0;8;0;0
73,3334;38,2827;11,8000;-6,6712;-0,3679;0,0000;0,0000;-0,0111;0,0000;0,0000;-0,4599;3,9400;-2,7300;0;0,0885;11,3000;0;1;0;8;0;0
73,3473;38,2827;11,8000;-6,6579;-0,3671;0,0000;0,0000;-0,0111;0,0000;0,0000;-0,4589;3,7400;-2,9200;0;0,0885;11,3000;0;1;0;8;0;0
73,3611;38,2827;11,8000;-6,6553;-0,3664;0,0000;0,0000;-0,0111;0,0000;0,0000;-0,4580;3,5300;-3,1200;0;0,0885;11,3000;0;1;0;8;0;0
73,3750;38,2827;11,8000;-6,6477;-0,3658;0,0000;0,0000;-0,0111;0,0000;0,0000;-0,4573;3,3300;-3,3200;0;0,0885;11,3000;0;1;0;8;0;0
73,3889;38,2827;11,8000;-6,6491;-0,3654;0,0000;0,0000;-0,0111;0,0000;0,0000;-0,4567;3,1300;-3,5200;0;0,0885;11,3000;0;1;0;8;0;0
73,4028;38,0211;11,8000;-6,6577;-0,3609;0,0000;0,0000;-0,0111;0,0000;0,0000;-0,4511;4,2600;-2,3900;0;0,0886;11,2800;0;1;0;8;0;0
73,4167;37,9756;11,8000;-6,6694;-0,3600;0,0000;0,0000;-0,0111;0,0000;0,0000;-0,4500;4,2800;-2,3800;0;0,0887;11,2800;0;1;0;8;0;0
73,4306;37,9300;11,8000;-6,6717;-0,3592;0,0000;0,0000;-0,0111;0,0000;0,0000;-0,4490;4,3100;-2,3500;0;0,0887;11,2800;0;1;0;8;0;0
73,4445;37,8844;11,8000;-6,6949;-0,3585;0,0000;0,0000;-0,0111;0,0000;0,0000;-0,4481;4,3400;-2,3500;0;0,0887;11,2700;0;1;0;8;0;0
73,4584;37,8389;11,8000;-6,7245;-0,3579;0,0000;0,0000;-0,0111;0,0000;0,0000;-0,4474;4,3700;-2,3500;0;0,0887;11,2700;0;1;0;8;0;0
73,4723;37,8246;11,8000;-6,7742;-0,3570;0,0000;0,0000;-0,0111;0,0000;0,0000;-0,4463;4,2300;-2,5400;0;0,0887;11,2700;0;1;0;8;0;0
73,4861;37,8246;11,8000;-6,8413;-0,3561;0,0000;0,0000;-0,0111;0,0000;0,0000;-0,4451;4,0300;-2,8200;0;0,0887;11,2700;0;1;0;8;0;0
73,5000;37,8246;11,8000;-6,9104;-0,3552;0,0000;0,0000;-0,0111;0,0000;0,0000;-0,4441;3,8200;-3,1000;0;0,0887;11,2700;0;1;0;8;0;0
73,5139;37,8246;11,8000;-7,0175;-0,3546;0,0000;0,0000;-0,0111;0,0000;0,0000;-0,4432;3,6000;-3,4200;0;0,0887;11,2700;0;1;0;8;0;0
73,5278;37,5931;11,8000;-7,1263;-0,3504;0,0000;0,0000;-0,0111;0,0000;0,0000;-0,4381;4,5600;-2,5600;0;0,0887;11,2800;0;1;0;8;0;0
73,5417;37,5476;11,8000;-7,2330;-0,3494;0,0000;0,0000;-0,0111;0,0000;0,0000;-0,4367;4,5700;-2,6500;0;0,0887;11,2800;0;1;0;8;0;0
73,5556;37,5020;11,8000;-7,4062;-0,3485;0,0000;0,0000;-0,0111;0,0000;0,0000;-0,4356;4,5800;-2,8200;0;0,0886;11,2800;0;1;0;8;0;0
73,5695;37,4564;11,8000;-7,5917;-0,3478;0,0000;0,0000;-0,0111;0,0000;0,0000;-0,4347;4,5800;-3,0000;0;0,0886;11,2800;0;1;0;8;0;0
73,5834;37,4108;11,8000;-7,6288;-0,3472;0,0000;0,0000;-0,0111;0,0000;0,0000;-0,4341;4,5800;-3,0400;0;0,0886;11,2900;0;1;0;8;0;0
73,5973;37,3718;11,8000;-7,9503;-0,3468;0,0000;0,0000;-0,0111;0,0000;0,0000;-0,4335;4,5400;-3,4100;0;0,0886;11,2900;0;1;0;8;0;0
73,6111;37,3718;11,8000;-8,1680;-0,3460;0,0000;0,0000;-0,0111;0,0000;0,0000;-0,4325;4,2900;-3,8800;0;0,0886;11,2900;0;1;0;8;0;0
73,6250;37,3718;11,8000;-8,3258;-0,3454;0,0000;0,0000;-0,0111;0,0000;0,0000;-0,4317;4,0300;-4,2900;0;0,0886;11,2900;0;1;0;8;0;0
73,6389;37,3718;11,8000;-8,4917;-0,3449;0,0000;0,0000;-0,0111;0,0000;0,0000;-0,4312;3,7700;-4,7200;0;0,0886;11,2900;0;1;0;8;0;0
73,6528;37,3718;11,8000;-8,6910;-0,3447;0,0000;0,0000;-0,0111;0,0000;0,0000;-0,4309;3,5100;-5,1800;0;0,0886;11,2900;0;1;0;8;0;0
73,6667;37,1199;11,8000;-8,8416;-0,3407;0,0000;0,0000;-0,0111;0,0000;0,0000;-0,4259;4,5100;-4,3200;0;0,0883;11,3200;0;1;0;8;0;0
73,6806;37,0743;11,8000;-9,0028;-0,3402;0,0000;0,0000;-0,0111;0,0000;0,0000;-0,4252;4,4700;-4,5300;0;0,0883;11,3300;0;1;0;8;0;0
73,6945;37,0287;11,8000;-9,1288;-0,3398;0,0000;0,0000;-0,0111;0,0000;0,0000;-0,4248;4,4200;-4,7000;0;0,0882;11,3400;0;1;0;8;0;0
73,7084;36,9831;11,8000;-9,1738;-0,3397;0,0000;0,0000;-0,0111;0,0000;0,0000;-0,4246;4,3700;-4,8000;0;0,0882;11,3400;0;1;0;8;0;0
73,7223;36,9375;11,8000;-9,2175;-0,3397;0,0000;0,0000;-0,0111;0,0000;0,0000;-0,4247;4,3200;-4,8900;0;0,0881;11,3500;0;1;0;8;0;0
73,7361;36,9138;11,9000;-9,2263;-0,3396;0,0000;0,0000;-0,0111;0,0000;0,0000;-0,4245;4,1600;-5,0700;0;0,0881;11,3500;0;1;0;8;0;0
73,7500;36,9138;11,9000;-9,2441;-0,3393;0,0000;0,0000;-0,0111;0,0000;0,0000;-0,4241;3,8700;-5,3700;0;0,0881;11,3500;0;1;0;8;0;0
73,7639;36,9138;11,9000;-9,2690;-0,3392;0,0000;0,0000;-0,0111;0,0000;0,0000;-0,4240;3,5900;-5,6800;0;0,0881;11,3500;0;1;0;8;0;0
73,7778;36,9138;11,9000;-9,2919;-0,3392;0,0000;0,0000;-0,0111;0,0000;0,0000;-0,4240;3,3000;-5,9900;0;0,0881;11,3500;0;1;0;8;0;0
73,7917;36,9138;11,9000;-9,3109;-0,3395;0,0000;0,0000;-0,0111;0,0000;0,0000;-0,4243;3,0100;-6,3000;0;0,0881;11,3500;0;1;0;8;0;0
73,8056;36,6449;11,9000;-9,3147;-0,3357;0,0000;0,0000;-0,0111;0,0000;0,0000;-0,4196;4,0800;-5,2300;0;0,0876;11,4200;0;1;0;8;0;0
73,8195;36,5989;11,9000;-9,3373;-0,3356;0,0000;0,0000;-0,0111;0,0000;0,0000;-0,4195;4,0200;-5,3100;0;0,0875;11,4300;0;1;0;8;0;0
73,8334;36,5529;11,9000;-9,3557;-0,3357;0,0000;0,0000;-0,0111;0,0000;0,0000;-0,4196;3,9600;-5,3900;0;0,0874;11,4400;0;1;0;8;0;0
73,8473;36,5069;11,9000;-9,3654;-0,3359;0,0000;0,0000;-0,0111;0,0000;0,0000;-0,4199;3,9000;-5,4600;0;0,0873;11,4500;0;1;0;8;0;0
73,8611;36,4609;11,9000;-9,3571;-0,3363;0,0000;0,0000;-0,0111;0,0000;0,0000;-0,4204;3,8500;-5,5100;0;0,0872;11,4700;0;1;0;8;0;0
73,8750;36,4607;11,9000;-9,3386;-0,3362;0,0000;0,0000;-0,0111;0,0000;0,0000;-0,4202;3,5600;-5,7800;0;0,0872;11,4700;0;1;0;8;0;0
73,8889;36,4607;11,9000;-9,3155;-0,3362;0,0000;0,0000;-0,0111;0,0000;0,0000;-0,4203;3,2700;-6,0400;0;0,0872;11,4700;0;1;0;8;0;0
73,9028;36,4607;11,9000;-9,3109;-0,3365;0,0000;0,0000;-0,0111;0,0000;0,0000;-0,4206;2,9900;-6,3200;0;0,0872;11,4700;0;1;0;8;0;0
73,9167;36,4607;11,9000;-9,2325;-0,3369;0,0000;0,0000;-0,0111;0,0000;0,0000;-0,4211;2,7000;-6,5300;0;0,0872;11,4700;0;1;0;8;0;0
73,9306;36,2143;11,9000;-9,1274;-0,3336;0,0000;0,0000;-0,0111;0,0000;0,0000;-0,4170;3,6400;-5,4800;0;0,0866;11,5500;0;1;0;8;0;0
73,9445;36,1683;11,9000;-9,0586;-0,3336;0,0000;0,0000;-0,0111;0,0000;0,0000;-0,4170;3,5900;-5,4600;0;0,0864;11,5700;0;1;0;8;0;0
73,9584;36,1223;11,9000;-8,9855;-0,3337;0,0000;0,0000;-0,0111;0,0000;0,0000;-0,4172;3,5500;-5,4400;0;0,0863;11,5800;0;1;0;8;0;0
73,9723;36,0763;11,9000;-8,9297;-0,3340;0,0000;0,0000;-0,0111;0,0000;0,0000;-0,4175;3,5000;-5,4300;0;0,0862;11,6000;0;1;0;8;0;0
73,9861;36,0304;12,0000;-8,8483;-0,3345;0,0000;0,0000;-0,0111;0,0000;0,0000;-0,4181;3,4500;-5,3900;0;0,0861;11,6200;0;1;0;8;0;0
74,0000;36,0037;12,0000;-8,7294;-0,3348;0,0000;0,0000;-0,0111;0,0000;0,0000;-0,4185;3,3100;-5,4200;0;0,0860;11,6300;0;1;0;8;0;0
74,0139;36,0037;12,0000;-8,6391;-0,3349;0,0000;0,0000;-0,0111;0,0000;0,0000;-0,4186;3,0500;-5,5900;0;0,0860;11,6300;0;1;0;8;0;0
74,0278;36,0037;12,0000;-8,4446;-0,3351;0,0000;0,0000;-0,0111;0,0000;0,0000;-0,4188;2,7800;-5,6600;0;0,0860;11,6300;0;1;0;8;0;0
74,0417;36,0037;12,0000;-8,4055;-0,3354;0,0000;0,0000;-0,0111;0,0000;0,0000;-0,4193;2,5200;-5,8800;0;0,0860;11,6300;0;1;0;8;0;0
74,0556;36,0037;12,0000;-8,2365;-0,3359;0,0000;0,0000;-0,0111;0,0000;0,0000;-0,4198;2,2700;-5,9700;0;0,0860;11,6300;0;1;0;8;0;0
74,0695;35,7358;12,0000;-8,1030;-0,3324;0,0000;0,0000;-0,0111;0,0000;0,0000;-0,4155;3,3200;-4,7700;0;0,0851;11,7500;0;1;0;8;0;0
74,0834;35,6894;12,0000;-8,1225;-0,3324;0,0000;0,0000;-0,0111;0,0000;0,0000;-0,4155;3,3000;-4,8200;0;0,0850;11,7700;0;1;0;8;0;0
74,0973;35,6430;12,0000;-8,1264;-0,3326;0,0000;0,0000;-0,0111;0,0000;0,0000;-0,4158;3,2700;-4,8500;0;0,0848;11,7900;0;1;0;8;0;0
74,1111;35,5967;12,0000;-8,0610;-0,3330;0,0000;0,0000;-0,0111;0,0000;0,0000;-0,4162;3,2500;-4,8100;0;0,0846;11,8100;0;1;0;8;0;0
74,1250;35,5503;12,0000;-7,8162;-0,3334;0,0000;0,0000;-0,0111;0,0000;0,0000;-0,4168;3,2300;-4,5800;0;0,0845;11,8400;0;1;0;8;0;0
74,1389;35,5492;12,0000;-7,7670;-0,3333;0,0000;0,0000;-0,0111;0,0000;0,0000;-0,4166;3,0000;-4,7700;0;0,0845;11,8400;0;1;0;8;0;0
74,1528;35,5492;12,0000;-7,5907;-0,3333;0,0000;0,0000;-0,0111;0,0000;0,0000;-0,4166;2,7600;-4,8300;0;0,0845;11,8400;0;1;0;8;0;0
74,1667;35,5492;12,0000;-7,5557;-0,3335;0,0000;0,0000;-0,0111;0,0000;0,0000;-0,4168;2,5300;-5,0300;0;0,0845;11,8400;0;1;0;8;0;0
74,1806;35,5492;12,0000;-7,5012;-0,3337;0,0000;0,0000;-0,0111;0,0000;0,0000;-0,4172;2,3000;-5,2000;0;0,0845;11,8400;0;1;0;8;0;0
74,1945;35,3026;12,0000;-7,3693;-0,3304;0,0000;0,0000;-0,0111;0,0000;0,0000;-0,4130;3,2500;-4,1100;0;0,0835;11,9800;0;1;0;8;0;0
74,2084;35,2562;12,0000;-7,2705;-0,3302;0,0000;0,0000;-0,0111;0,0000;0,0000;-0,4127;3,2500;-4,0200;0;0,0833;12,0000;0;1;0;8;0;0
74,2223;35,2099;12,0000;-7,2494;-0,3301;0,0000;0,0000;-0,0111;0,0000;0,0000;-0,4127;3,2400;-4,0000;0;0,0831;12,0300;0;1;0;8;0;0
74,2361;35,1635;12,0000;-7,2473;-0,3302;0,0000;0,0000;-0,0111;0,0000;0,0000;-0,4127;3,2400;-4,0000;0;0,0830;12,0500;0;1;0;8;0;0
74,2500;35,1172;12,0000;-7,2403;-0,3304;0,0000;0,0000;-0,0111;0,0000;0,0000;-0,4130;3,2400;-4,0000;0;0,0828;12,0800;0;1;0;8;0;0
74,2639;35,0940;12,0000;-7,2413;-0,3304;0,0000;0,0000;-0,0111;0,0000;0,0000;-0,4130;3,1300;-4,1200;0;0,0827;12,1000;0;1;0;8;0;0
74,2778;35,0940;12,0000;-7,2433;-0,3302;0,0000;0,0000;-0,0111;0,0000;0,0000;-0,4128;2,9000;-4,3400;0;0,0827;12,1000;0;1;0;8;0;0
74,2917;35,0940;12,0000;-7,2579;-0,3302;0,0000;0,0000;-0,0111;0,0000;0,0000;-0,4127;2,6800;-4,5800;0;0,0827;12,1000;0;1;0;8;0;0
74,3056;35,0940;12,0000;-7,2805;-0,3303;0,0000;0,0000;-0,0111;0,0000;0,0000;-0,4129;2,4500;-4,8300;0;0,0827;12,1000;0;1;0;8;0;0
74,3195;35,0940;12,0000;-7,3247;-0,3305;0,0000;0,0000;-0,0111;0,0000;0,0000;-0,4132;2,2200;-5,1000;0;0,0827;12,1000;0;1;0;7;1;0
74,3334;34,8235;12,0000;-7,3788;-0,3270;0,0000;0,0000;-0,0111;0,0000;0,0000;-0,4087;3,2600;-4,1100;0;0,0815;12,2800;0;1;0;7;1;0
74,3473;34,7772;12,0000;-7,4427;-0,3269;0,0000;0,0000;-0,0111;0,0000;0,0000;-0,4086;3,2500;-4,1900;0;0,0813;12,3100;0;1;0;7;1;0
74,3611;34,7308;12,0000;-7,5027;-0,3269;0,0000;0,0000;-0,0111;0,0000;0,0000;-0,4086;3,2300;-4,2700;0;0,0810;12,3400;0;1;0;7;1;0
74,3750;34,6845;12,0000;-7,5712;-0,3271;0,0000;0,0000;-0,0111;0,0000;0,0000;-0,4089;3,2200;-4,3500;0;0,0808;12,3700;0;1;0;7;1;0
74,3889;34,6381;12,0000;-7,6292;-0,3275;0,0000;0,0000;-0,0111;0,0000;0,0000;-0,4093;3,2000;-4,4300;0;0,0806;12,4000;0;1;0;7;1;0
74,4028;34,6365;12,0000;-7,6901;-0,3274;0,0000;0,0000;-0,0111;0,0000;0,0000;-0,4092;2,9700;-4,7200;0;0,0806;12,4000;0;1;0;7;1;0
74,4167;34,6365;12,0000;-7,7581;-0,3274;0,0000;0,0000;-0,0111;0,0000;0,0000;-0,4093;2,7200;-5,0300;0;0,0806;12,4000;0;1;0;7;1;0
74,4306;34,6365;12,0000;-7,8346;-0,3277;0,0000;0,0000;-0,0111;0,0000;0,0000;-0,4096;2,4800;-5,3500;0;0,0806;12,4000;0;1;0;7;1;0
74,4445;34,6365;12,0000;-7,9086;-0,3281;0,0000;0,0000;-0,0111;0,0000;0,0000;-0,4101;2,2400;-5,6700;0;0,0806;12,4000;0;1;0;7;1;0
74,4584;34,3913;12,0000;-7,9784;-0,3252;0,0000;0,0000;-0,0111;0,0000;0,0000;-0,4065;3,1100;-4,8700;0;0,0794;12,5900;0;1;0;7;1;0
74,4723;34,3450;12,0000;-8,0599;-0,3253;0,0000;0,0000;-0,0111;0,0000;0,0000;-0,4066;3,0700;-4,9900;0;0,0792;12,6300;0;1;0;7;1;0
74,4861;34,2986;12,0000;-8,1267;-0,3256;0,0000;0,0000;-0,0111;0,0000;0,0000;-0,4070;3,0300;-5,1000;0;0,0790;12,6600;0;1;0;7;1;0
74,5000;34,2522;11,9000;-8,1846;-0,3260;0,0000;0,0000;-0,0111;0,0000;0,0000;-0,4075;2,9800;-5,2000;0;0,0787;12,7000;0;1;0;7;1;0
74,5139;34,2063;11,9000;-8,2378;-0,3266;0,0000;0,0000;-0,0111;0,0000;0,0000;-0,4083;2,9400;-5,2900;0;0,0785;12,7400;0;1;0;7;1;0
74,5278;34,1843;11,9000;-8,2875;-0,3271;0,0000;0,0000;-0,0111;0,0000;0,0000;-0,4088;2,7900;-5,5000;0;0,0784;12,7500;0;1;0;7;1;0
74,5417;34,1843;11,9000;-8,3446;-0,3274;0,0000;0,0000;-0,0111;0,0000;0,0000;-0,4093;2,5300;-5,8200;0;0,0784;12,7500;0;1;0;7;1;0
74,5556;34,1843;11,9000;-8,3808;-0,3279;0,0000;0,0000;-0,0111;0,0000;0,0000;-0,4099;2,2700;-6,1100;0;0,0784;12,7500;0;1;0;7;1;0
74,5695;34,1843;11,9000;-8,4073;-0,3286;0,0000;0,0000;-0,0111;0,0000;0,0000;-0,4108;2,0100;-6,4000;0;0,0784;12,7500;0;1;0;7;1;0
74,5834;34,1843;11,9000;-8,4301;-0,3295;0,0000;0,0000;-0,0111;0,0000;0,0000;-0,4118;1,7500;-6,6800;0;0,0784;12,7500;0;1;0;7;1;0
74,5973;33,9158;11,9000;-8,4439;-0,3267;0,0000;0,0000;-0,0111;0,0000;0,0000;-0,4084;2,6800;-5,7600;0;0,0770;12,9900;0;1;0;7;1;0
74,6111;33,8698;11,9000;-8,4496;-0,3272;0,0000;0,0000;-0,0111;0,0000;0,0000;-0,4090;2,6200;-5,8300;0;0,0767;13,0300;0;1;0;7;1;0
74,6250;33,8238;11,9000;-8,4460;-0,3279;0,0000;0,0000;-0,0111;0,0000;0,0000;-0,4098;2,5600;-5,8800;0;0,0765;13,0700;0;1;0;7;1;0
74,6389;33,7778;11,9000;-8,4250;-0,3287;0,0000;0,0000;-0,0111;0,0000;0,0000;-0,4109;2,5100;-5,9200;0;0,0763;13,1100;0;1;0;7;1;0
74,6528;33,7319;11,9000;-8,3763;-0,3297;0,0000;0,0000;-0,0111;0,0000;0,0000;-0,4121;2,4500;-5,9200;0;0,0760;13,1500;0;1;0;7;1;0
74,6667;33,7224;11,9000;-8,2731;-0,3303;0,0000;0,0000;-0,0111;0,0000;0,0000;-0,4129;2,2400;-6,0300;0;0,0760;13,1600;0;1;0;7;1;0
74,6806;33,7224;11,9000;-8,1756;-0,3309;0,0000;0,0000;-0,0111;0,0000;0,0000;-0,4137;1,9900;-6,1900;0;0,0760;13,1600;0;1;0;7;1;0
74,6945;33,7224;11,9000;-8,0487;-0,3317;0,0000;0,0000;-0,0111;0,0000;0,0000;-0,4146;1,7400;-6,3100;0;0,0760;13,1600;0;1;0;7;1;0
74,7084;33,7224;11,9000;-7,9720;-0,3326;0,0000;0,0000;-0,0111;0,0000;0,0000;-0,4157;1,4900;-6,4800;0;0,0760;13,1600;0;1;0;7;1;0
74,7223;33,4877;11,9000;-7,8557;-0,3304;0,0000;0,0000;-0,0111;0,0000;0,0000;-0,4131;2,2600;-5,6000;0;0,0747;13,3900;0;1;0;7;1;0
74,7361;33,4418;11,9000;-7,7011;-0,3310;0,0000;0,0000;-0,0111;0,0000;0,0000;-0,4137;2,2200;-5,4800;0;0,0744;13,4400;0;1;0;7;1;0
74,7500;33,3958;11,9000;-7,5546;-0,3316;0,0000;0,0000;-0,0111;0,0000;0,0000;-0,4145;2,1800;-5,3700;0;0,0742;13,4800;0;1;0;7;1;0
74,7639;33,3498;11,9000;-7,4224;-0,3323;0,0000;0,0000;-0,0111;0,0000;0,0000;-0,4154;2,1500;-5,2700;0;0,0739;13,5300;0;1;0;7;1;0
74,7778;33,3039;11,9000;-7,3570;-0,3332;0,0000;0,0000;-0,0111;0,0000;0,0000;-0,4165;2,1200;-5,2300;0;0,0737;13,5700;0;1;0;7;1;0
74,7917;33,2735;11,9000;-7,2866;-0,3340;0,0000;0,0000;-0,0111;0,0000;0,0000;-0,4174;2,0300;-5,2600;0;0,0735;13,6100;0;1;0;7;1;0
74,8056;33,2735;11,9000;-7,1936;-0,3345;0,0000;0,0000;-0,0111;0,0000;0,0000;-0,4181;1,8100;-5,3900;0;0,0735;13,6100;0;1;0;7;1;0
74,8195;33,2735;11,9000;-7,0958;-0,3351;0,0000;0,0000;-0,0111;0,0000;0,0000;-0,4189;1,5900;-5,5100;0;0,0735;13,6100;0;1;0;7;1;0
74,8334;33,2735;11,9000;-7,0155;-0,3358;0,0000;0,0000;-0,0111;0,0000;0,0000;-0,4198;1,3700;-5,6400;0;0,0735;13,6100;0;1;0;7;1;0
74,8473;33,2735;11,9000;-6,9615;-0,3367;0,0000;0,0000;-0,0111;0,0000;0,0000;-0,4209;1,1600;-5,8000;0;0,0735;13,6100;0;1;0;7;1;0
74,8611;33,0143;11,9000;-6,9020;-0,3343;0,0000;0,0000;-0,0111;0,0000;0,0000;-0,4179;2,0200;-4,8800;0;0,0720;13,8800;0;1;0;7;1;0
74,8750;32,9683;11,9000;-6,8019;-0,3348;0,0000;0,0000;-0,0111;0,0000;0,0000;-0,4185;2,0000;-4,8000;0;0,0718;13,9300;0;1;0;7;1;0
74,8889;32,9223;11,9000;-6,7252;-0,3354;0,0000;0,0000;-0,0111;0,0000;0,0000;-0,4192;1,9800;-4,7400;0;0,0715;13,9800;0;1;0;7;1;0
74,9028;32,8764;11,9000;-6,6272;-0,3361;0,0000;0,0000;-0,0111;0,0000;0,0000;-0,4201;1,9700;-4,6500;0;0,0712;14,0400;0;1;0;7;1;0
74,9167;32,8305;11,9000;-6,5838;-0,3369;0,0000;0,0000;-0,0111;0,0000;0,0000;-0,4211;1,9600;-4,6200;0;0,0710;14,0900;0;1;0;7;1;0
74,9306;32,8159;11,9000;-6,5357;-0,3374;0,0000;0,0000;-0,0111;0,0000;0,0000;-0,4218;1,8200;-4,7200;0;0,0709;14,1000;0;1;0;7;1;0
74,9445;32,8159;11,9000;-6,5036;-0,3379;0,0000;0,0000;-0,0111;0,0000;0,0000;-0,4223;1,6200;-4,8800;0;0,0709;14,1000;0;1;0;7;1;0
74,9584;32,8159;11,9000;-6,4696;-0,3384;0,0000;0,0000;-0,0111;0,0000;0,0000;-0,4231;1,4200;-5,0500;0;0,0709;14,1000;0;1;0;7;1;0
74,9723;32,8159;11,9000;-6,4455;-0,3391;0,0000;0,0000;-0,0111;0,0000;0,0000;-0,4239;1,2200;-5,2200;0;0,0709;14,1000;0;1;0;7;1;0
74,9861;32,5870;11,9000;-6,4251;-0,3371;0,0000;0,0000;-0,0111;0,0000;0,0000;-0,4214;1,9400;-4,4800;0;0,0696;14,3700;0;1;0;7;1;0
75,0000;32,5411;12,2000;-6,4078;-0,3375;0,0000;0,0000;-0,0111;0,0000;0,0000;-0,4219;1,9200;-4,4800;0;0,0693;14,4300;0;1;0;7;1;0
75,0139;32,4940;12,2000;-6,3944;-0,3380;0,0000;0,0000;-0,0111;0,0000;0,0000;-0,4225;1,9100;-4,4800;0;0,0691;14,4800;0;1;0;7;1;0
75,0278;32,4469;12,2000;-6,3895;-0,3386;0,0000;0,0000;-0,0111;0,0000;0,0000;-0,4233;1,9000;-4,4900;0;0,0688;14,5400;0;1;0;7;1;0
75,0417;32,3998;12,2000;-6,3904;-0,3394;0,0000;0,0000;-0,0111;0,0000;0,0000;-0,4242;1,8800;-4,5100;0;0,0685;14,6000;0;1;0;7;1;0
75,0556;32,3596;12,2000;-6,3899;-0,3402;0,0000;0,0000;-0,0111;0,0000;0,0000;-0,4252;1,8400;-4,5500;0;0,0683;14,6500;0;1;0;7;1;0
75,0695;32,3596;12,2000;-6,3903;-0,3406;0,0000;0,0000;-0,0111;0,0000;0,0000;-0,4258;1,6400;-4,7500;0;0,0683;14,6500;0;1;0;7;1;0
75,0834;32,3596;12,2000;-6,3879;-0,3412;0,0000;0,0000;-0,0111;0,0000;0,0000;-0,4265;1,4400;-4,9500;0;0,0683;14,6500;0;1;0;7;1;0
75,0973;32,3596;12,2000;-6,3777;-0,3419;0,0000;0,0000;-0,0111;0,0000;0,0000;-0,4274;1,2400;-5,1400;0;0,0683;14,6500;0;1;0;7;1;0
75,1111;32,3596;12,2000;-6,3608;-0,3428;0,0000;0,0000;-0,0111;0,0000;0,0000;-0,4285;1,0400;-5,3300;0;0,0683;14,6500;0;1;0;7;1;0
75,1250;32,1040;12,2000;-6,3305;-0,3407;0,0000;0,0000;-0,0111;0,0000;0,0000;-0,4258;1,8200;-4,5100;0;0,0668;14,9700;0;1;0;7;1;0
75,1389;32,0569;12,2000;-6,2940;-0,3412;0,0000;0,0000;-0,0111;0,0000;0,0000;-0,4264;1,8000;-4,4900;0;0,0665;15,0300;0;1;0;7;1;0
75,1528;32,0098;12,2000;-6,2416;-0,3418;0,0000;0,0000;-0,0111;0,0000;0,0000;-0,4272;1,7800;-4,4600;0;0,0663;15,0900;0;1;0;7;1;0
75,1667;31,9627;12,2000;-6,1634;-0,3425;0,0000;0,0000;-0,0111;0,0000;0,0000;-0,4281;1,7700;-4,3900;0;0,0660;15,1600;0;1;0;7;1;0
75,1806;31,9156;12,2000;-6,0770;-0,3433;0,0000;0,0000;-0,0111;0,0000;0,0000;-0,4291;1,7600;-4,3200;0;0,0657;15,2200;0;1;0;7;1;0
75,1945;31,9079;12,2000;-5,9778;-0,3437;0,0000;0,0000;-0,0111;0,0000;0,0000;-0,4297;1,6000;-4,3800;0;0,0657;15,2300;0;1;0;7;1;0
75,2084;31,9079;12,2000;-5,8547;-0,3442;0,0000;0,0000;-0,0111;0,0000;0,0000;-0,4302;1,4100;-4,4400;0;0,0657;15,2300;0;1;0;7;1;0
75,2223;31,9079;12,2000;-5,8095;-0,3448;0,0000;0,0000;-0,0111;0,0000;0,0000;-0,4310;1,2300;-4,5800;0;0,0657;15,2300;0;1;0;7;1;0
75,2361;31,9079;12,2000;-5,7042;-0,3454;0,0000;0,0000;-0,0111;0,0000;0,0000;-0,4318;1,0500;-4,6500;0;0,0657;15,2300;0;1;0;7;1;0
75,2500;31,6672;12,2000;-5,5658;-0,3433;0,0000;0,0000;-0,0111;0,0000;0,0000;-0,4291;1,7600;-3,8000;0;0,0643;15,5600;0;1;0;7;1;0
75,2639;31,6201;12,2000;-5,4502;-0,3436;0,0000;0,0000;-0,0111;0,0000;0,0000;-0,4294;1,7600;-3,6800;0;0,0640;15,6200;0;1;0;7;1;0
75,2778;31,5730;12,2000;-5,3649;-0,3439;0,0000;0,0000;-0,0111;0,0000;0,0000;-0,4299;1,7700;-3,5900;0;0,0637;15,6900;0;1;0;7;1;0
75,2917;31,5259;12,2000;-5,3047;-0,3443;0,0000;0,0000;-0,0111;0,0000;0,0000;-0,4304;1,7800;-3,5200;0;0,0635;15,7500;0;1;0;7;1;0
75,3056;31,4788;12,2000;-5,2829;-0,3449;0,0000;0,0000;-0,0111;0,0000;0,0000;-0,4311;1,7800;-3,5000;0;0,0632;15,8200;0;1;0;7;1;0
75,3195;31,4457;12,2000;-5,2680;-0,3454;0,0000;0,0000;-0,0111;0,0000;0,0000;-0,4317;1,7400;-3,5300;0;0,0630;15,8700;0;1;0;0;0;0
75,3334;31,4457;12,2000;-5,2846;-0,3456;0,0000;0,0000;-0,0111;0,0000;0,0000;-0,4320;1,5700;-3,7100;0;0,0630;15,8700;0;1;0;0;0;0
75,3473;31,4457;12,2000;-5,2652;-0,3459;0,0000;0,0000;-0,0111;0,0000;0,0000;-0,4324;1,4100;-3,8600;0;0,0630;15,8700;0;1;0;0;0;0
75,3611;31,4457;12,2000;-5,2650;-0,3463;0,0000;0,0000;-0,0111;0,0000;0,0000;-0,4329;1,2400;-4,0200;0;0,0630;15,8700;0;1;0;0;0;0
75,3750;31,4457;12,2000;-5,2675;-0,3469;0,0000;0,0000;-0,0111;0,0000;0,0000;-0,4336;1,0800;-4,1900;0;0,0630;15,8700;0;1;0;0;0;0
75,3889;31,1838;12,2000;-5,2734;-0,3446;0,0000;0,0000;-0,0111;0,0000;0,0000;-0,4307;1,8400;-3,4300;0;0,0615;16,2500;0;1;0;0;0;0
75,4028;31,1367;12,2000;-5,2822;-0,3448;0,0000;0,0000;-0,0111;0,0000;0,0000;-0,4310;1,8400;-3,4400;0;0,0613;16,3200;0;1;0;0;0;0
75,4167;31,0896;12,2000;-5,2892;-0,3452;0,0000;0,0000;-0,0111;0,0000;0,0000;-0,4315;1,8400;-3,4400;0;0,0610;16,3900;0;1;0;0;0;0
75,4306;31,0426;12,2000;-5,3092;-0,3456;0,0000;0,0000;-0,0111;0,0000;0,0000;-0,4321;1,8400;-3,4600;0;0,0607;16,4700;0;1;0;0;0;0
75,4445;30,9956;12,2000;-5,3390;-0,3462;0,0000;0,0000;-0,0111;0,0000;0,0000;-0,4328;1,8400;-3,5000;0;0,0605;16,5400;0;1;0;0;0;0
75,4584;30,9956;12,2000;-5,3861;-0,3464;0,0000;0,0000;-0,0111;0,0000;0,0000;-0,4330;1,6700;-3,7200;0;0,0605;16,5400;0;1;0;0;0;0
75,4723;30,9956;12,2000;-5,4706;-0,3467;0,0000;0,0000;-0,0111;0,0000;0,0000;-0,4334;1,5000;-3,9700;0;0,0605;16,5400;0;1;0;0;0;0
75,4861;30,9956;12,2000;-5,5462;-0,3472;0,0000;0,0000;-0,0111;0,0000;0,0000;-0,4340;1,3200;-4,2200;0;0,0605;16,5400;0;1;0;0;0;0
75,5000;30,9956;12,2000;-5,6242;-0,3478;0,0000;0,0000;-0,0111;0,0000;0,0000;-0,4347;1,1500;-4,4800;0;0,0605;16,5400;0;1;0;0;0;0
75,5139;30,7481;12,2000;-5,6733;-0,3459;0,0000;0,0000;-0,0111;0,0000;0,0000;-0,4323;1,8100;-3,8600;0;0,0591;16,9200;0;1;0;0;0;0
75,5278;30,7010;12,2000;-5,7383;-0,3462;0,0000;0,0000;-0,0111;0,0000;0,0000;-0,4327;1,7900;-3,9500;0;0,0588;17,0000;0;1;0;0;0;0
75,5417;30,6539;12,2000;-5,8157;-0,3467;0,0000;0,0000;-0,0111;0,0000;0,0000;-0,4333;1,7700;-4,0500;0;0,0586;17,0700;0;1;0;0;0;0
75,5556;30,6068;12,2000;-5,9244;-0,3473;0,0000;0,0000;-0,0111;0,0000;0,0000;-0,4341;1,7400;-4,1800;0;0,0583;17,1500;0;1;0;0;0;0
75,5695;30,5597;12,2000;-6,0031;-0,3480;0,0000;0,0000;-0,0111;0,0000;0,0000;-0,4350;1,7100;-4,2900;0;0,0580;17,2300;0;1;0;0;0;0
75,5834;30,5413;12,2000;-6,0795;-0,3486;0,0000;0,0000;-0,0111;0,0000;0,0000;-0,4357;1,5800;-4,5000;0;0,0579;17,2600;0;1;0;0;0;0
75,5973;30,5413;12,2000;-6,1691;-0,3491;0,0000;0,0000;-0,0111;0,0000;0,0000;-0,4364;1,3900;-4,7800;0;0,0579;17,2600;0;1;0;0;0;0
75,6111;30,5413;12,2000;-6,2433;-0,3498;0,0000;0,0000;-0,0111;0,0000;0,0000;-0,4373;1,1900;-5,0500;0;0,0579;17,2600;0;1;0;0;0;0
75,6250;30,5413;12,2000;-6,3469;-0,3507;0,0000;0,0000;-0,0111;0,0000;0,0000;-0,4383;0,9900;-5,3500;0;0,0579;17,2600;0;1;0;0;0;0
75,6389;30,5413;12,2000;-6,4256;-0,3517;0,0000;0,0000;-0,0111;0,0000;0,0000;-0,4396;0,7900;-5,6300;0;0,0579;17,2600;0;1;0;0;0;0
75,6528;30,2655;12,2000;-6,4915;-0,3499;0,0000;0,0000;-0,0111;0,0000;0,0000;-0,4374;1,4800;-5,0100;0;0,0565;17,7100;0;1;0;0;0;0
75,6667;30,2184;12,2000;-6,5797;-0,3507;0,0000;0,0000;-0,0111;0,0000;0,0000;-0,4384;1,4300;-5,1500;0;0,0562;17,7900;0;1;0;0;0;0
75,6806;30,1713;12,2000;-6,6645;-0,3517;0,0000;0,0000;-0,0111;0,0000;0,0000;-0,4396;1,3700;-5,2900;0;0,0560;17,8700;0;1;0;0;0;0
75,6945;30,1242;12,2000;-6,7471;-0,3528;0,0000;0,0000;-0,0111;0,0000;0,0000;-0,4410;1,3100;-5,4300;0;0,0557;17,9500;0;1;0;0;0;0
75,7084;30,0772;12,2000;-6,8360;-0,3541;0,0000;0,0000;-0,0111;0,0000;0,0000;-0,4426;1,2500;-5,5800;0;0,0554;18,0300;0;1;0;0;0;0
75,7223;30,0763;12,2000;-6,9304;-0,3550;0,0000;0,0000;-0,0111;0,0000;0,0000;-0,4438;1,0400;-5,8900;0;0,0554;18,0400;0;1;0;0;0;0
75,7361;30,0763;12,2000;-7,0019;-0,3562;0,0000;0,0000;-0,0111;0,0000;0,0000;-0,4452;0,8100;-6,1900;0;0,0554;18,0400;0;1;0;0;0;0
75,7500;30,0763;12,2000;-7,0575;-0,3574;0,0000;0,0000;-0,0111;0,0000;0,0000;-0,4468;0,5900;-6,4600;0;0,0554;18,0400;0;1;0;0;0;0
75,7639;30,0763;12,2000;-7,1056;-0,3589;0,0000;0,0000;-0,0111;0,0000;0,0000;-0,4486;0,3700;-6,7400;0;0,0554;18,0400;0;1;0;0;0;0
75,7778;29,8304;12,2000;-7,1291;-0,3581;0,0000;0,0000;-0,0111;0,0000;0,0000;-0,4476;0,9100;-6,2200;0;0,0542;18,4600;0;1;0;0;0;0
75,7917;29,7833;12,2000;-7,1371;-0,3594;0,0000;0,0000;-0,0111;0,0000;0,0000;-0,4493;0,8300;-6,3100;0;0,0539;18,5500;0;1;0;0;0;0
75,8056;29,7363;12,2000;-7,1616;-0,3608;0,0000;0,0000;-0,0111;0,0000;0,0000;-0,4510;0,7500;-6,4100;0;0,0537;18,6300;0;1;0;0;0;0
75,8195;29,6892;12,2000;-7,1710;-0,3624;0,0000;0,0000;-0,0111;0,0000;0,0000;-0,4530;0,6700;-6,5000;0;0,0534;18,7200;0;1;0;0;0;0
75,8334;29,6421;12,2000;-7,1810;-0,3641;0,0000;0,0000;-0,0111;0,0000;0,0000;-0,4552;0,5900;-6,5900;0;0,0532;18,8000;0;1;0;0;0;0
75,8473;29,6302;12,2000;-7,1801;-0,3657;0,0000;0,0000;-0,0111;0,0000;0,0000;-0,4571;0,4000;-6,7800;0;0,0531;18,8300;0;1;0;0;0;0
75,8611;29,6302;12,2000;-7,1616;-0,3673;0,0000;0,0000;-0,0111;0,0000;0,0000;-0,4591;0,1800;-6,9800;0;0,0531;18,8300;0;1;0;0;0;0
75,8750;29,6302;12,2000;-7,1179;-0,3690;0,0000;0,0000;-0,0111;0,0000;0,0000;-0,4612;-0,0400;-7,1600;0;0,0531;18,8300;0;1;0;0;0;0
75,8889;29,6302;12,2000;-7,0551;-0,3708;0,0000;0,0000;-0,0111;0,0000;0,0000;-0,4635;-0,2700;-7,3200;0;0,0531;18,8300;0;1;0;0;0;0
75,9028;29,3957;12,2000;-6,9864;-0,3706;0,0000;0,0000;-0,0111;0,0000;0,0000;-0,4633;0,2100;-6,7800;0;0,0519;19,2500;0;1;0;0;0;0
75,9167;29,3487;12,2000;-6,8839;-0,3723;0,0000;0,0000;-0,0111;0,0000;0,0000;-0,4653;0,1300;-6,7500;0;0,0517;19,3400;0;1;0;0;0;0
75,9306;29,3016;12,2000;-6,8243;-0,3740;0,0000;0,0000;-0,0111;0,0000;0,0000;-0,4675;0,0600;-6,7700;0;0,0515;19,4300;0;1;0;0;0;0
75,9445;29,2545;12,2000;-6,7493;-0,3759;0,0000;0,0000;-0,0111;0,0000;0,0000;-0,4699;0,0000;-6,7600;0;0,0512;19,5200;0;1;0;0;0;0
75,9584;29,2075;12,2000;-6,6562;-0,3779;0,0000;0,0000;-0,0111;0,0000;0,0000;-0,4724;-0,0800;-6,7400;0;0,0510;19,6100;0;1;0;0;0;0
75,9723;29,1750;12,2000;-6,5615;-0,3799;0,0000;0,0000;-0,0111;0,0000;0,0000;-0,4748;-0,1900;-6,7500;0;0,0508;19,6700;0;1;0;0;0;0
75,9861;29,1750;12,2000;-6,5044;-0,3817;0,0000;0,0000;-0,0111;0,0000;0,0000;-0,4771;-0,4000;-6,9000;0;0,0508;19,6700;0;1;0;0;0;0
76,0000;29,1750;12,2000;-6,4680;-0,3836;0,0000;0,0000;-0,0111;0,0000;0,0000;-0,4795;-0,6000;-7,0700;0;0,0508;19,6700;0;1;0;0;0;0
76,0139;29,1750;12,2000;-6,4129;-0,3856;0,0000;0,0000;-0,0111;0,0000;0,0000;-0,4821;-0,8000;-7,2200;0;0,0508;19,6700;0;1;0;0;0;0
76,0278;29,1750;12,2000;-6,3745;-0,3878;0,0000;0,0000;-0,0111;0,0000;0,0000;-0,4848;-1,0000;-7,3800;0;0,0508;19,6700;0;1;0;0;0;0
76,0417;28,9140;12,2000;-6,3145;-0,3877;0,0000;0,0000;-0,0111;0,0000;0,0000;-0,4846;-0,4600;-6,7700;0;0,0496;20,1700;0;1;0;0;0;0
76,0556;28,8670;12,2000;-6,2903;-0,3897;0,0000;0,0000;-0,0111;0,0000;0,0000;-0,4871;-0,5200;-6,8100;0;0,0494;20,2600;0;1;0;0;0;0
76,0695;28,8199;12,2000;-6,2502;-0,3917;0,0000;0,0000;-0,0111;0,0000;0,0000;-0,4897;-0,5900;-6,8300;0;0,0491;20,3600;0;1;0;0;0;0
76,0834;28,7729;12,2000;-6,2145;-0,3939;0,0000;0,0000;-0,0111;0,0000;0,0000;-0,4924;-0,6500;-6,8600;0;0,0489;20,4500;0;1;0;0;0;0
76,0973;28,7259;12,2000;-6,1653;-0,3962;0,0000;0,0000;-0,0111;0,0000;0,0000;-0,4953;-0,7100;-6,8700;0;0,0487;20,5500;0;1;0;0;0;0
76,1111;28,7094;12,2000;-6,1308;-0,3984;0,0000;0,0000;-0,0111;0,0000;0,0000;-0,4980;-0,8500;-6,9800;0;0,0486;20,5800;0;1;0;0;0;0
76,1250;28,7094;12,2000;-6,0818;-0,4005;0,0000;0,0000;-0,0482;-0,0008;-0,0950;-0,5006;-1,0400;-7,1200;0;0,0486;20,5800;1;1;0;0;0;0
76,1389;28,7094;12,2000;-6,0345;-0,4027;0,0000;0,0000;-0,0498;-0,0045;-0,0969;-0,5034;-1,2300;-7,2700;0;0,0486;20,5800;1;1;0;0;0;0
76,1528;28,7094;12,2000;-5,9796;-0,4051;0,0000;0,0000;-0,0514;-0,0084;-0,0987;-0,5063;-1,4200;-7,4000;0;0,0486;20,5800;1;1;0;0;0;0
76,1667;28,7094;12,2000;-5,9298;-0,4075;0,0000;0,0000;-0,0528;-0,0125;-0,1005;-0,5094;-1,6100;-7,5400;0;0,0486;20,5800;1;1;0;0;0;0
76,1806;28,4323;12,2000;-5,8811;-0,4075;0,0000;0,0000;-0,0489;-0,0126;-0,0919;-0,5094;-1,0000;-6,8800;0;0,0498;20,0800;1;1;0;0;0;0
76,1945;28,3852;12,2000;-5,8445;-0,4098;0,0000;0,0000;-0,0493;-0,0163;-0,0921;-0,5122;-1,0500;-6,9000;0;0,0500;20,0000;1;1;0;0;0;0
76,2084;28,3382;12,2000;-5,7221;-0,4121;0,0000;0,0000;-0,0503;-0,0202;-0,0911;-0,5152;-1,1000;-6,8200;0;0,0502;19,9200;1;1;0;0;0;0
76,2223;28,2912;12,2000;-5,6078;-0,4146;0,0000;0,0000;-0,0510;-0,0243;-0,0903;-0,5182;-1,1400;-6,7500;0;0,0504;19,8400;1;1;0;0;0;0
76,2361;28,2442;12,0000;-5,5409;-0,4170;0,0000;0,0000;-0,0513;-0,0284;-0,0900;-0,5213;-1,1800;-6,7200;0;0,0506;19,7600;1;1;0;0;0;0
76,2500;28,2428;12,0000;-5,4911;-0,4192;0,0000;0,0000;-0,0522;-0,0320;-0,0916;-0,5240;-1,3500;-6,8400;0;0,0506;19,7600;1;1;0;0;0;0
76,2639;28,2428;12,0000;-5,4748;-0,4214;0,0000;0,0000;-0,0529;-0,0357;-0,0938;-0,5268;-1,5200;-6,9900;0;0,0506;19,7600;1;1;0;0;0;0
76,2778;28,2428;12,0000;-5,4277;-0,4238;0,0000;0,0000;-0,0539;-0,0396;-0,0955;-0,5297;-1,6800;-7,1100;0;0,0506;19,7600;1;1;0;0;0;0
76,2917;28,2428;12,0000;-5,3165;-0,4262;0,0000;0,0000;-0,0553;-0,0437;-0,0964;-0,5328;-1,8500;-7,1600;0;0,0506;19,7600;1;1;0;0;0;0
76,3056;28,0007;12,0000;-5,1144;-0,4264;0,0000;0,0000;-0,0525;-0,0441;-0,0862;-0,5331;-1,2900;-6,4000;0;0,0518;19,2900;1;1;0;0;0;0
76,3195;27,9545;12,0000;-4,8041;-0,4285;0,0000;0,0000;-0,0541;-0,0475;-0,0824;-0,5356;-1,3000;-6,1000;0;0,0521;19,2100;1;1;0;3;0;0
76,3334;27,9082;12,0000;-4,5042;-0,4306;0,0000;0,0000;-0,0553;-0,0510;-0,0785;-0,5382;-1,3000;-5,8000;0;0,0523;19,1200;1;1;0;3;0;0
76,3473;27,8620;12,0000;-4,2500;-0,4327;0,0000;0,0000;-0,0557;-0,0545;-0,0752;-0,5409;-1,2900;-5,5400;0;0,0525;19,0400;1;1;0;3;0;0
76,3611;27,8158;12,0000;-4,0241;-0,4348;0,0000;0,0000;-0,0557;-0,0580;-0,0722;-0,5435;-1,2800;-5,3000;0;0,0528;18,9600;1;1;0;3;0;0
76,3750;27,7866;12,0000;-3,8558;-0,4368;0,0000;0,0000;-0,0554;-0,0614;-0,0706;-0,5460;-1,3100;-5,1700;0;0,0529;18,9000;1;1;0;3;0;0
76,3889;27,7866;12,0000;-3,7074;-0,4386;0,0000;0,0000;-0,0554;-0,0643;-0,0703;-0,5482;-1,4300;-5,1300;0;0,0529;18,9000;1;1;0;3;0;0
76,4028;27,7866;12,0000;-3,5973;-0,4404;0,0000;0,0000;-0,0551;-0,0673;-0,0705;-0,5505;-1,5400;-5,1300;0;0,0529;18,9000;1;1;0;3;0;0
76,4167;27,7866;12,0000;-3,5062;-0,4423;0,0000;0,0000;-0,0547;-0,0704;-0,0710;-0,5528;-1,6400;-5,1500;0;0,0529;18,9000;1;1;0;3;0;0
76,4306;27,7866;12,0000;-3,4880;-0,4442;0,0000;0,0000;-0,0538;-0,0737;-0,0724;-0,5552;-1,7500;-5,2400;0;0,0529;18,9000;1;1;0;3;0;0
76,4445;27,5252;12,0000;-3,3597;-0,4437;0,0000;0,0000;-0,0483;-0,0728;-0,0612;-0,5546;-1,0500;-4,4000;0;0,0543;18,4300;1;1;0;3;0;0
76,4584;27,4789;12,0000;-3,2755;-0,4453;0,0000;0,0000;-0,0470;-0,0755;-0,0597;-0,5566;-1,0000;-4,2800;0;0,0545;18,3500;1;1;0;3;0;0
76,4723;27,4326;12,0000;-3,2101;-0,4469;0,0000;0,0000;-0,0456;-0,0782;-0,0584;-0,5586;-0,9600;-4,1700;0;0,0547;18,2700;1;1;0;3;0;0
76,4861;27,3864;11,7000;-3,1359;-0,4485;0,0000;0,0000;-0,0444;-0,0809;-0,0570;-0,5607;-0,9100;-4,0400;0;0,0550;18,1900;1;1;0;3;0;0
76,5000;27,3413;11,7000;-3,1118;-0,4502;0,0000;0,0000;-0,0428;-0,0837;-0,0562;-0,5628;-0,8600;-3,9700;0;0,0552;18,1100;1;1;0;3;0;0
76,5139;27,3405;11,7000;-3,0882;-0,4515;0,0000;0,0000;-0,0423;-0,0858;-0,0573;-0,5644;-0,9500;-4,0400;0;0,0552;18,1100;1;1;0;3;0;0
76,5278;27,3405;11,7000;-3,0361;-0,4528;0,0000;0,0000;-0,0421;-0,0881;-0,0581;-0,5660;-1,0400;-4,0800;0;0,0552;18,1100;1;1;0;3;0;0
76,5417;27,3405;11,7000;-2,9686;-0,4542;0,0000;0,0000;-0,0420;-0,0903;-0,0585;-0,5678;-1,1300;-4,1000;0;0,0552;18,1100;1;1;0;3;0;1
76,5556;27,3405;11,7000;-2,9020;-0,4556;0,0000;0,0000;-0,0420;-0,0927;-0,0590;-0,5696;-1,2200;-4,1200;0;0,0552;18,1100;1;1;0;3;0;1
76,5695;27,1015;11,7000;-2,8300;-0,4546;0,0000;0,0000;-0,0366;-0,0911;-0,0487;-0,5683;-0,5300;-3,3600;0;0,0565;17,7000;1;1;0;3;0;1
76,5834;27,0563;11,7000;-2,7757;-0,4557;0,0000;0,0000;-0,0355;-0,0928;-0,0473;-0,5696;-0,4700;-3,2400;0;0,0567;17,6200;1;1;0;3;0;1
76,5973;27,0112;11,7000;-2,7662;-0,4567;0,0000;0,0000;-0,0341;-0,0946;-0,0465;-0,5709;-0,4100;-3,1700;0;0,0570;17,5500;1;1;0;3;0;1
76,6111;26,9661;11,7000;-2,7545;-0,4578;0,0000;0,0000;-0,0328;-0,0964;-0,0457;-0,5723;-0,3400;-3,0900;0;0,0572;17,4700;1;1;0;3;0;1
76,6250;26,9210;11,7000;-2,7504;-0,4590;0,0000;0,0000;-0,0316;-0,0983;-0,0449;-0,5738;-0,2800;-3,0300;0;0,0575;17,4000;1;1;0;3;0;1
76,6389;26,8765;11,7000;-2,7131;-0,4602;0,0000;0,0000;-0,0307;-0,1003;-0,0438;-0,5752;-0,2100;-2,9300;0;0,0577;17,3300;1;1;0;3;0;1
76,6528;26,8765;11,7000;-2,6209;-0,4610;0,0000;0,0000;-0,0312;-0,1016;-0,0438;-0,5762;-0,2900;-2,9100;0;0,0577;17,3300;1;1;0;3;0;1
76,6667;26,8765;11,7000;-2,4755;-0,4617;0,0000;0,0000;-0,0320;-0,1029;-0,0430;-0,5772;-0,3700;-2,8400;0;0,0577;17,3300;1;1;0;3;0;1
76,6806;26,8765;11,7000;-2,2623;-0,4625;0,0000;0,0000;-0,0331;-0,1042;-0,0412;-0,5782;-0,4400;-2,7000;0;0,0577;17,3300;1;1;0;3;0;1
76,6945;26,8765;11,7000;-2,1598;-0,4633;0,0000;0,0000;-0,0332;-0,1055;-0,0408;-0,5791;-0,5000;-2,6600;0;0,0577;17,3300;1;1;0;3;0;1
76,7084;26,6349;11,7000;-2,0986;-0,4616;0,0000;0,0000;-0,0273;-0,1027;-0,0296;-0,5770;0,2500;-1,8400;0;0,0590;16,9400;1;1;0;3;0;1
76,7223;26,5898;11,7000;-2,0901;-0,4620;0,0000;0,0000;-0,0255;-0,1033;-0,0283;-0,5775;0,3400;-1,7400;0;0,0593;16,8700;1;1;0;3;0;0
76,7361;26,5446;11,7000;-2,0409;-0,4624;0,0000;0,0000;-0,0243;-0,1039;-0,0265;-0,5779;0,4400;-1,6000;0;0,0595;16,8000;1;1;0;3;0;0
76,7500;26,4995;11,7000;-2,0140;-0,4628;0,0000;0,0000;-0,0228;-0,1047;-0,0250;-0,5785;0,5300;-1,4800;0;0,0598;16,7300;1;1;0;3;0;0
76,7639;26,4543;11,7000;-1,9833;-0,4632;0,0000;0,0000;-0,0215;-0,1054;-0,0234;-0,5790;0,6200;-1,3600;0;0,0600;16,6600;1;1;0;3;0;0
76,7778;26,4211;11,7000;-1,9605;-0,4636;0,0000;0,0000;-0,0204;-0,1060;-0,0225;-0,5795;0,6700;-1,2900;0;0,0602;16,6100;1;1;0;3;0;0
76,7917;26,4211;11,7000;-1,9468;-0,4636;0,0000;0,0000;-0,0201;-0,1060;-0,0231;-0,5795;0,6200;-1,3300;0;0,0602;16,6100;1;1;0;3;0;0
76,8056;26,4211;11,7000;-1,9440;-0,4637;0,0000;0,0000;-0,0197;-0,1062;-0,0239;-0,5796;0,5600;-1,3900;0;0,0602;16,6100;1;1;0;3;0;0
76,8195;26,4211;11,7000;-1,9445;-0,4638;0,0000;0,0000;-0,0193;-0,1063;-0,0247;-0,5798;0,5000;-1,4400;0;0,0602;16,6100;1;1;0;3;0;0
76,8334;26,4211;11,7000;-1,9463;-0,4640;0,0000;0,0000;-0,0191;-0,1066;-0,0255;-0,5800;0,4400;-1,5000;0;0,0602;16,6100;1;1;0;3;0;0
76,8473;26,1677;11,7000;-1,9442;-0,4614;0,0000;0,0000;-0,0127;-0,1024;-0,0138;-0,5768;1,2800;-0,6600;0;0,0617;16,2200;1;1;0;3;0;0
76,8611;26,1226;11,7000;-1,9256;-0,4611;0,0000;0,0000;-0,0116;-0,1019;-0,0122;-0,5764;1,3800;-0,5400;0;0,0619;16,1500;1;1;0;3;0;0
76,8750;26,0774;11,7000;-1,9218;-0,4609;0,0000;0,0000;-0,0104;-0,1015;-0,0107;-0,5761;1,4800;-0,4400;0;0,0622;16,0900;1;1;0;3;0;0
76,8889;26,0323;11,7000;-1,8909;-0,4607;0,0000;0,0000;-0,0095;-0,1011;-0,0089;-0,5758;1,5800;-0,3000;0;0,0624;16,0200;1;1;0;3;0;0
76,9028;25,9872;11,7000;-1,7880;-0,4605;0,0000;0,0000;-0,0091;-0,1008;-0,0061;-0,5756;1,6900;-0,0900;0;0,0627;15,9600;1;1;0;3;0;0
76,9167;25,9728;11,7000;-1,7313;-0,4599;0,0000;0,0000;-0,0090;-0,0999;-0,0053;-0,5749;1,6900;-0,0400;0;0,0628;15,9300;1;1;0;3;0;0
76,9306;25,9728;11,7000;-1,6875;-0,4593;0,0000;0,0000;-0,0090;-0,0988;-0,0052;-0,5741;1,6400;-0,0400;0;0,0628;15,9300;1;1;0;3;0;0
76,9445;25,9728;11,7000;-1,6674;-0,4586;0,0000;0,0000;-0,0089;-0,0977;-0,0056;-0,5733;1,5900;-0,0800;0;0,0628;15,9300;1;1;0;3;0;0
76,9584;25,9728;11,7000;-1,6634;-0,4580;0,0000;0,0000;-0,0086;-0,0967;-0,0061;-0,5725;1,5400;-0,1200;0;0,0628;15,9300;1;1;0;3;0;0
76,9723;25,9728;11,7000;-1,6257;-0,4574;0,0000;0,0000;-0,0087;-0,0957;-0,0061;-0,5718;1,4900;-0,1300;0;0,0628;15,9300;1;1;0;3;0;0
76,9861;25,7000;11,7000;-1,6049;-0,4537;0,0000;0,0000;-0,0016;-0,0895;0,0075;-0,5671;2,4400;0,8500;0;0,0643;15,5500;1;1;0;3;0;0
77,0000;25,6549;11,6000;-1,5871;-0,4526;0,0000;0,0000;-0,0004;-0,0877;0,0095;-0,5658;2,5600;0,9800;0;0,0646;15,4800;1;1;0;3;0;0
77,0139;25,6101;11,6000;-1,5826;-0,4516;0,0000;0,0000;0,0009;-0,0860;0,0112;-0,5645;2,6800;1,1000;0;0,0648;15,4200;1;1;1;3;0;0
77,0278;25,5654;11,6000;-1,6038;-0,4506;0,0000;0,0000;0,0023;-0,0844;0,0126;-0,5633;2,7900;1,2000;0;0,0651;15,3600;1;1;1;3;0;0
77,0417;25,5206;11,6000;-1,6688;-0,4497;0,0000;0,0000;0,0040;-0,0828;0,0134;-0,5621;2,9100;1,2500;0;0,0654;15,3000;1;1;1;3;0;0
77,0556;25,5096;11,6000;-1,7175;-0,4483;0,0000;0,0000;0,0046;-0,0806;0,0127;-0,5604;2,9000;1,1800;0;0,0654;15,2900;1;1;1;3;0;0
77,0695;25,5096;11,6000;-1,7273;-0,4469;0,0000;0,0000;0,0045;-0,0782;0,0121;-0,5587;2,8500;1,1200;0;0,0654;15,2900;1;1;1;3;0;0
77,0834;25,5096;11,6000;-1,8267;-0,4456;0,0000;0,0000;0,0052;-0,0760;0,0102;-0,5570;2,7900;0,9700;0;0,0654;15,2900;1;1;1;3;0;0
77,0973;25,5096;11,6000;-1,8969;-0,4443;0,0000;0,0000;0,0054;-0,0738;0,0087;-0,5554;2,7400;0,8400;0;0,0654;15,2900;1;1;1;3;0;0
77,1111;25,2803;11,6000;-1,9109;-0,4403;0,0000;0,0000;0,0111;-0,0672;0,0200;-0,5504;3,5600;1,6500;0;0,0667;14,9800;1;1;1;3;0;0
77,1250;25,2356;11,6000;-2,0031;-0,4386;0,0000;0,0000;0,0125;-0,0643;0,0204;-0,5482;3,6700;1,6700;0;0,0670;14,9300;1;1;1;3;0;0
77,1389;25,1909;11,6000;-2,0786;-0,4369;0,0000;0,0000;0,0136;-0,0616;0,0210;-0,5462;3,7800;1,7100;0;0,0673;14,8700;1;1;1;3;0;0
77,1528;25,1462;11,6000;-2,1508;-0,4353;0,0000;0,0000;0,0146;-0,0588;0,0217;-0,5441;3,8900;1,7400;0;0,0675;14,8100;1;1;1;3;0;0
77,1667;25,1015;11,6000;-2,2471;-0,4337;0,0000;0,0000;0,0157;-0,0562;0,0219;-0,5421;3,9900;1,7500;0;0,0678;14,7600;1;1;1;3;0;0
77,1806;25,0569;11,6000;-2,4090;-0,4322;0,0000;0,0000;0,0171;-0,0537;0,0211;-0,5403;4,0900;1,6800;0;0,0680;14,7000;1;1;1;3;0;0
77,1945;25,0569;11,6000;-2,5840;-0,4303;0,0000;0,0000;0,0173;-0,0505;0,0179;-0,5378;4,0100;1,4300;0;0,0680;14,7000;1;1;1;3;0;0
77,2084;25,0569;11,6000;-2,8580;-0,4285;0,0000;0,0000;0,0181;-0,0474;0,0133;-0,5356;3,9300;1,0700;0;0,0680;14,7000;1;1;1;3;0;0
77,2223;25,0569;11,6000;-3,1211;-0,4267;0,0000;0,0000;0,0184;-0,0446;0,0087;-0,5334;3,8400;0,7100;0;0,0680;14,7000;1;1;1;3;0;0
77,2361;25,0569;11,6000;-3,3496;-0,4252;0,0000;0,0000;0,0181;-0,0419;0,0044;-0,5314;3,7400;0,3900;0;0,0680;14,7000;1;1;1;3;0;0
77,2500;24,8167;11,6000;-3,5445;-0,4207;0,0000;0,0000;0,0238;-0,0345;0,0135;-0,5259;4,5900;1,0500;0;0,0694;14,4100;1;1;1;3;0;0
77,2639;24,7720;11,6000;-3,5835;-0,4187;0,0000;0,0000;0,0229;-0,0312;0,0140;-0,5234;4,6600;1,0800;0;0,0697;14,3500;1;1;1;3;0;0
77,2778;24,7273;11,6000;-3,6930;-0,4169;0,0000;0,0000;0,0226;-0,0281;0,0135;-0,5211;4,7200;1,0400;0;0,0699;14,3000;1;1;1;3;0;0
77,2917;24,6826;11,6000;-3,6706;-0,4151;0,0000;0,0000;0,0213;-0,0251;0,0148;-0,5188;4,7900;1,1300;0;0,0702;14,2500;1;1;1;3;0;0
77,3056;24,6379;11,6000;-3,6580;-0,4133;0,0000;0,0000;0,0203;-0,0222;0,0159;-0,5166;4,8600;1,2100;0;0,0704;14,2000;1;1;1;3;0;0
77,3195;24,6022;11,6000;-3,6384;-0,4115;0,0000;0,0000;0,0190;-0,0191;0,0166;-0,5144;4,9000;1,2600;0;0,0707;14,1500;1;1;1;3;0;0
77,3334;24,6022;11,6000;-3,6443;-0,4093;0,0000;0,0000;0,0173;-0,0155;0,0151;-0,5116;4,7900;1,1400;0;0,0707;14,1500;1;1;1;9;0;0
77,3473;24,6022;11,6000;-3,6452;-0,4072;0,0000;0,0000;0,0156;-0,0120;0,0137;-0,5090;4,6800;1,0300;0;0,0707;14,1500;1;1;1;9;0;0
77,3611;24,6022;11,6000;-3,6440;-0,4052;0,0000;0,0000;0,0139;-0,0086;0,0123;-0,5064;4,5700;0,9300;0;0,0707;14,1500;1;1;1;9;0;0
77,3750;24,6022;11,6000;-3,6522;-0,4032;0,0000;0,0000;0,0125;-0,0053;0,0108;-0,5040;4,4600;0,8100;0;0,0707;14,1500;1;1;1;9;0;0
77,3889;24,3533;11,6000;-3,6816;-0,3981;0,0000;0,0000;0,0181;0,0000;0,0227;-0,4976;5,3800;1,7100;0;0,0721;13,8800;1;1;1;9;0;0
77,4028;24,3087;11,6000;-3,7237;-0,3957;0,0000;0,0000;0,0182;0,0000;0,0232;-0,4946;5,4500;1,7400;0;0,0723;13,8300;1;1;1;9;0;0
77,4167;24,2640;11,6000;-3,7321;-0,3933;0,0000;0,0000;0,0181;0,0000;0,0240;-0,4916;5,5200;1,8000;0;0,0726;13,7800;1;1;1;9;0;0
77,4306;24,2193;11,6000;-3,8413;-0,3911;0,0000;0,0000;0,0187;0,0000;0,0235;-0,4888;5,5900;1,7600;0;0,0728;13,7300;1;1;1;9;0;0
77,4445;24,1746;11,6000;-3,9609;-0,3889;0,0000;0,0000;0,0194;0,0000;0,0228;-0,4861;5,6600;1,7100;0;0,0731;13,6800;1;1;1;9;0;0
77,4584;24,1436;11,6000;-4,0497;-0,3867;0,0000;0,0000;0,0192;0,0000;0,0216;-0,4833;5,6700;1,6200;0;0,0733;13,6500;1;1;1;9;0;0
77,4723;24,1436;11,6000;-4,1988;-0,3842;0,0000;0,0000;0,0187;0,0000;0,0179;-0,4802;5,5400;1,3400;0;0,0733;13,6500;1;1;1;9;0;0
77,4861;24,1436;11,4000;-4,2583;-0,3817;0,0000;0,0000;0,0173;0,0000;0,0155;-0,4771;5,4200;1,1600;0;0,0733;13,6500;1;1;1;9;0;0
77,5000;24,1436;11,4000;-4,3515;-0,3794;0,0000;0,0000;0,0162;0,0000;0,0125;-0,4743;5,2900;0,9400;0;0,0733;13,6500;1;1;1;9;0;0
77,5139;24,1436;11,4000;-4,4082;-0,3773;0,0000;0,0000;0,0147;0,0000;0,0100;-0,4716;5,1600;0,7500;0;0,0733;13,6500;1;1;1;9;0;0
77,5278;23,8931;11,4000;-4,4576;-0,3719;0,0000;0,0000;0,0204;0,0000;0,0220;-0,4649;6,1000;1,6500;0;0,0746;13,4000;1;1;1;9;0;0
77,5417;23,8492;11,4000;-4,4762;-0,3693;0,0000;0,0000;0,0200;0,0000;0,0225;-0,4616;6,1500;1,6900;0;0,0749;13,3500;1;1;1;9;0;0
77,5556;23,8053;11,4000;-4,4989;-0,3668;0,0000;0,0000;0,0196;0,0000;0,0229;-0,4585;6,2100;1,7200;0;0,0751;13,3100;1;1;1;9;0;0
77,5695;23,7614;11,4000;-4,5035;-0,3644;0,0000;0,0000;0,0191;0,0000;0,0236;-0,4554;6,2600;1,7700;0;0,0754;13,2700;1;1;1;9;0;0
77,5834;23,7175;11,4000;-4,5092;-0,3620;0,0000;0,0000;0,0188;0,0000;0,0243;-0,4525;6,3200;1,8200;0;0,0756;13,2300;1;1;1;9;0;0
77,5973;23,6949;11,4000;-4,5182;-0,3594;0,0000;0,0000;0,0178;0,0000;0,0235;-0,4493;6,2800;1,7600;0;0,0757;13,2000;1;1;1;9;0;0
77,6111;23,6949;11,4000;-4,5268;-0,3567;0,0000;0,0000;0,0164;0,0000;0,0216;-0,4458;6,1500;1,6200;0;0,0757;13,2000;1;1;1;9;0;0
77,6250;23,6949;11,4000;-4,5475;-0,3540;0,0000;0,0000;0,0151;0,0000;0,0195;-0,4425;6,0100;1,4700;0;0,0757;13,2000;1;1;1;9;0;0
77,6389;23,6949;11,4000;-4,5969;-0,3514;0,0000;0,0000;0,0140;0,0000;0,0171;-0,4392;5,8800;1,2800;0;0,0757;13,2000;1;1;1;9;0;0
77,6528;23,6949;11,4000;-4,6663;-0,3489;0,0000;0,0000;0,0130;0,0000;0,0143;-0,4361;5,7400;1,0700;0;0,0757;13,2000;1;1;1;9;0;0
77,6667;23,4390;11,4000;-4,8140;-0,3430;0,0000;0,0000;0,0202;0,0000;0,0257;-0,4287;6,7300;1,9200;0;0,0771;12,9700;1;1;1;9;0;0
77,6806;23,3952;11,4000;-4,9575;-0,3401;0,0000;0,0000;0,0208;0,0000;0,0244;-0,4251;6,7700;1,8300;0;0,0773;12,9300;1;1;1;9;0;0
77,6945;23,3513;11,4000;-5,0808;-0,3373;0,0000;0,0000;0,0212;0,0000;0,0233;-0,4216;6,8200;1,7500;0;0,0776;12,8900;1;1;1;9;0;0
77,7084;23,3074;11,4000;-5,2546;-0,3347;0,0000;0,0000;0,0218;0,0000;0,0215;-0,4184;6,8600;1,6100;0;0,0778;12,8600;1;1;1;9;0;0
77,7223;23,2635;11,4000;-5,2894;-0,3322;0,0000;0,0000;0,0212;0,0000;0,0215;-0,4152;6,8900;1,6100;0;0,0780;12,8200;1;1;1;9;0;0
77,7361;23,2332;11,4000;-5,9953;-0,3297;0,0000;0,0000;0,0252;0,0000;0,0114;-0,4121;6,8500;0,8500;0;0,0782;12,7900;1;1;1;9;0;0
77,7500;23,2332;11,4000;-6,4924;-0,3271;0,0000;0,0000;0,0258;0,0000;0,0022;-0,4088;6,6600;0,1700;0;0,0782;12,7900;1;1;1;9;0;0
77,7639;23,2332;11,4000;-6,8793;-0,3246;0,0000;0,0000;0,0249;0,0000;-0,0057;-0,4058;6,4600;-0,4200;0;0,0782;12,7900;1;1;1;9;0;0
77,7778;23,2332;11,4000;-7,1376;-0,3224;0,0000;0,0000;0,0227;0,0000;-0,0119;-0,4029;6,2400;-0,8900;0;0,0782;12,7900;1;1;1;9;0;0
77,7917;23,2332;11,3000;-7,2130;-0,3202;0,0000;0,0000;0,0190;0,0000;-0,0157;-0,4003;6,0300;-1,1800;0;0,0782;12,7900;1;1;1;9;0;0
77,8056;22,9858;11,3000;-7,3395;-0,3148;0,0000;0,0000;0,0234;0,0000;-0,0051;-0,3935;6,9400;-0,3900;0;0,0794;12,5900;1;1;1;9;0;0
77,8195;22,9423;11,3000;-7,4536;-0,3125;0,0000;0,0000;0,0215;0,0000;-0,0069;-0,3906;6,9200;-0,5200;0;0,0796;12,5600;1;1;1;9;0;0
77,8334;22,8987;11,3000;-7,5856;-0,3102;0,0000;0,0000;0,0198;0,0000;-0,0090;-0,3878;6,9000;-0,6800;0;0,0798;12,5300;1;1;1;9;0;0
77,8473;22,8551;11,3000;-7,6314;-0,3081;0,0000;0,0000;0,0175;0,0000;-0,0100;-0,3852;6,8700;-0,7500;0;0,0801;12,4900;1;1;1;9;0;0
77,8611;22,8115;11,3000;-7,5319;-0,3062;0,0000;0,0000;0,0143;0,0000;-0,0089;-0,3827;6,8500;-0,6700;0;0,0803;12,4600;1;1;1;9;0;0
77,8750;22,7801;11,3000;-7,5120;-0,3041;0,0000;0,0000;0,0117;0,0000;-0,0099;-0,3802;6,7700;-0,7400;0;0,0804;12,4300;1;1;1;9;0;0
77,8889;22,7801;11,3000;-7,4350;-0,3018;0,0000;0,0000;0,0079;0,0000;-0,0117;-0,3772;6,5500;-0,8800;0;0,0804;12,4300;1;1;1;9;0;0
77,9028;22,7801;11,3000;-7,4135;-0,2996;0,0000;0,0000;0,0079;0,0000;0,0000;-0,3744;6,3400;-1,0800;0;0,0804;12,4300;0;1;1;9;0;0
77,9167;22,7801;11,3000;-7,4151;-0,2975;0,0000;0,0000;0,0079;0,0000;0,0000;-0,3718;6,1200;-1,2900;0;0,0804;12,4300;0;1;1;9;0;0
77,9306;22,7801;11,3000;-7,4514;-0,2955;0,0000;0,0000;0,0079;0,0000;0,0000;-0,3694;5,9000;-1,5500;0;0,0804;12,4300;0;1;1;9;0;0
77,9445;22,5365;11,3000;-7,6028;-0,2902;0,0000;0,0000;0,0079;0,0000;0,0000;-0,3627;6,8200;-0,7700;0;0,0815;12,2700;0;1;1;9;0;0
77,9584;22,4929;11,3000;-8,0796;-0,2880;0,0000;0,0000;0,0079;0,0000;0,0000;-0,3600;6,7800;-1,2800;0;0,0817;12,2400;0;1;1;9;0;0
77,9723;22,4493;11,3000;-8,6576;-0,2861;0,0000;0,0000;0,0079;0,0000;0,0000;-0,3576;6,7300;-1,9100;0;0,0819;12,2100;0;1;1;9;0;0
77,9861;22,4056;11,3000;-9,3813;-0,2846;0,0000;0,0000;0,0079;0,0000;0,0000;-0,3557;6,6600;-2,7100;0;0,0821;12,1800;0;1;1;9;0;0
78,0000;22,3620;11,3000;-9,9908;-0,2833;0,0000;0,0000;0,0079;0,0000;0,0000;-0,3541;6,5700;-3,4100;0;0,0823;12,1500;0;1;1;9;0;0
78,0139;22,3238;11,3000;-10,4009;-0,2822;0,0000;0,0000;0,0079;0,0000;0,0000;-0,3528;6,4400;-3,9600;0;0,0825;12,1200;0;1;1;9;0;0
78,0278;22,3238;11,3000;-10,4829;-0,2808;0,0000;0,0000;0,0079;0,0000;0,0000;-0,3510;6,1300;-4,3500;0;0,0825;12,1200;0;1;1;9;0;0
78,0417;22,3238;11,3000;-11,1106;-0,2798;0,0000;0,0000;0,0079;0,0000;0,0000;-0,3497;5,8100;-5,3000;0;0,0825;12,1200;0;1;1;9;0;0
78,0556;22,3238;11,3000;-11,5998;-0,2790;0,0000;0,0000;0,0079;0,0000;0,0000;-0,3488;5,4600;-6,1400;0;0,0825;12,1200;0;1;1;9;0;0
78,0695;22,3238;11,3000;-12,0702;-0,2786;0,0000;0,0000;0,0079;0,0000;0,0000;-0,3482;5,1100;-6,9600;0;0,0825;12,1200;0;1;1;9;0;0
78,0834;22,0866;11,3000;-12,3541;-0,2749;0,0000;0,0000;0,0079;0,0000;0,0000;-0,3436;5,8800;-6,4700;0;0,0834;11,9800;0;1;1;9;0;0
78,0973;22,0428;11,3000;-12,5832;-0,2744;0,0000;0,0000;0,0079;0,0000;0,0000;-0,3430;5,7200;-6,8600;0;0,0836;11,9600;0;1;1;9;0;0
78,1111;21,9991;11,3000;-12,7827;-0,2741;0,0000;0,0000;0,0079;0,0000;0,0000;-0,3426;5,5500;-7,2300;0;0,0838;11,9300;0;1;1;9;0;0
78,1250;21,9553;11,3000;-12,9678;-0,2742;0,0000;0,0000;0,0079;0,0000;0,0000;-0,3427;5,3700;-7,5900;0;0,0840;11,9100;0;1;1;9;0;0
78,1389;21,9116;11,3000;-13,2678;-0,2745;0,0000;0,0000;0,0079;0,0000;0,0000;-0,3431;5,1900;-8,0800;0;0,0841;11,8800;0;1;1;9;0;0
78,1528;21,8678;11,3000;-13,4935;-0,2751;0,0000;0,0000;0,0079;0,0000;0,0000;-0,3439;5,0000;-8,4900;0;0,0843;11,8600;0;1;1;9;0;0
78,1667;21,8677;11,3000;-13,6799;-0,2753;0,0000;0,0000;0,0079;0,0000;0,0000;-0,3442;4,6000;-9,0800;0;0,0843;11,8600;0;1;1;9;0;0
78,1806;21,8677;11,3000;-13,7172;-0,2759;0,0000;0,0000;0,0079;0,0000;0,0000;-0,3448;4,1900;-9,5300;0;0,0843;11,8600;0;1;1;9;0;0
78,1945;21,8677;11,3000;-13,8841;-0,2767;0,0000;0,0000;0,0079;0,0000;0,0000;-0,3458;3,7800;-10,1000;0;0,0843;11,8600;0;1;1;9;0;0
78,2084;21,8677;11,3000;-13,9650;-0,2777;0,0000;0,0000;0,0079;0,0000;0,0000;-0,3472;3,3700;-10,6000;0;0,0843;11,8600;0;1;1;9;0;0
78,2223;21,6357;11,3000;-13,9251;-0,2755;0,0000;0,0000;0,0079;0,0000;0,0000;-0,3444;4,0900;-9,8400;0;0,0851;11,7500;0;1;1;9;0;0
78,2361;21,5920;11,3000;-13,9544;-0,2764;0,0000;0,0000;0,0079;0,0000;0,0000;-0,3455;3,8900;-10,0700;0;0,0853;11,7300;0;1;1;9;0;0
78,2500;21,5482;11,3000;-14,1515;-0,2776;0,0000;0,0000;0,0079;0,0000;0,0000;-0,3471;3,6800;-10,4800;0;0,0854;11,7100;0;1;1;9;0;0
78,2639;21,5044;11,3000;-14,3710;-0,2792;0,0000;0,0000;0,0079;0,0000;0,0000;-0,3489;3,4700;-10,9100;0;0,0856;11,6900;0;1;1;9;0;0
78,2778;21,4607;11,3000;-14,5544;-0,2810;0,0000;0,0000;0,0079;0,0000;0,0000;-0,3512;3,2500;-11,3200;0;0,0857;11,6700;0;1;1;9;0;0
78,2917;21,4170;11,3000;-14,7372;-0,2831;0,0000;0,0000;0,0079;0,0000;0,0000;-0,3539;3,0200;-11,7300;0;0,0859;11,6500;0;1;1;9;0;0
78,3056;21,4142;11,3000;-14,8215;-0,2849;0,0000;0,0000;0,0079;0,0000;0,0000;-0,3562;2,6000;-12,2200;0;0,0859;11,6500;0;1;1;9;0;0
78,3195;21,4142;11,3000;-14,7574;-0,2869;0,0000;0,0000;0,0079;0,0000;0,0000;-0,3587;2,1600;-12,6000;0;0,0859;11,6500;0;1;1;9;0;0
78,3334;21,4142;11,3000;-14,7445;-0,2892;0,0000;0,0000;0,0079;0,0000;0,0000;-0,3615;1,7200;-13,0200;0;0,0859;11,6500;0;1;1;4;0;0
78,3473;21,4142;11,3000;-14,6277;-0,2917;0,0000;0,0000;0,0079;0,0000;0,0000;-0,3646;1,2900;-13,3400;0;0,0859;11,6500;0;1;1;4;0;0
78,3611;21,1843;11,3000;-14,4575;-0,2908;0,0000;0,0000;0,0079;0,0000;0,0000;-0,3635;2,0000;-13,6000;0;0,0865;11,5600;0;1;1;4;0;0
78,3750;21,1406;11,3000;-14,0462;-0,2930;0,0000;0,0000;0,0079;0,0000;0,0000;-0,3663;1,8000;-12,2600;0;0,0866;11,5500;0;1;1;4;0;0
78,3889;21,0969;11,3000;-13,5801;-0,2953;0,0000;0,0000;0,0079;0,0000;0,0000;-0,3692;1,6100;-11,9800;0;0,0867;11,5300;0;1;1;4;0;0
78,4028;21,0533;11,3000;-13,4868;-0,2979;0,0000;0,0000;0,0079;0,0000;0,0000;-0,3723;1,4300;-12,0700;0;0,0869;11,5100;0;1;1;4;0;0
78,4167;21,0097;11,3000;-12,6927;-0,3004;0,0000;0,0000;0,0079;0,0000;0,0000;-0,3756;1,2700;-11,4300;0;0,0870;11,5000;0;1;1;4;0;0
78,4306;20,9661;11,3000;-12,1123;-0,3031;0,0000;0,0000;0,0079;0,0000;0,0000;-0,3789;1,1300;-10,9900;0;0,0871;11,4800;0;1;1;4;0;0
78,4445;20,9564;11,3000;-11,6002;-0,3053;0,0000;0,0000;0,0079;0,0000;0,0000;-0,3817;0,8400;-10,7600;0;0,0871;11,4800;0;1;1;4;0;0
78,4584;20,9564;11,3000;-11,1123;-0,3075;0,0000;0,0000;0,0079;0,0000;0,0000;-0,3844;0,5100;-10,6000;0;0,0871;11,4800;0;1;1;4;0;0
78,4723;20,9564;11,3000;-10,7267;-0,3098;0,0000;0,0000;0,0079;0,0000;0,0000;-0,3872;0,2000;-10,5300;0;0,0871;11,4800;0;1;1;4;0;0
78,4861;20,9564;11,3000;-10,6496;-0,3122;0,0000;0,0000;0,0079;0,0000;0,0000;-0,3902;-0,1100;-10,7600;0;0,0871;11,4800;0;1;1;4;0;0
78,5000;20,9564;11,3000;-10,3198;-0,3148;0,0000;0,0000;0,0079;0,0000;0,0000;-0,3934;-0,4200;-10,7400;0;0,0871;11,4800;0;1;1;4;0;0
78,5139;20,6891;11,3000;-10,1308;-0,3133;0,0000;0,0000;0,0079;0,0000;0,0000;-0,3916;0,6300;-9,5100;0;0,0877;11,4100;0;1;1;4;0;0
78,5278;20,6455;11,3000;-9,9486;-0,3154;0,0000;0,0000;0,0079;0,0000;0,0000;-0,3943;0,5500;-9,4000;0;0,0877;11,4000;0;1;1;4;0;0
78,5417;20,6019;11,3000;-9,7886;-0,3177;0,0000;0,0000;0,0079;0,0000;0,0000;-0,3971;0,4800;-9,3100;0;0,0878;11,3900;0;1;1;4;0;0
78,5556;20,5583;11,3000;-9,7533;-0,3201;0,0000;0,0000;0,0079;0,0000;0,0000;-0,4001;0,4200;-9,3400;0;0,0879;11,3800;0;1;1;4;0;0
78,5695;20,5148;11,3000;-9,9128;-0,3227;0,0000;0,0000;0,0079;0,0000;0,0000;-0,4034;0,3500;-9,5700;0;0,0880;11,3600;0;1;1;4;0;0
78,5834;20,5041;11,3000;-10,0477;-0,3250;0,0000;0,0000;0,0079;0,0000;0,0000;-0,4063;0,1000;-9,9400;0;0,0880;11,3600;0;1;1;4;0;0
78,5973;20,5041;11,3000;-10,0829;-0,3274;0,0000;0,0000;0,0079;0,0000;0,0000;-0,4092;-0,1900;-10,2700;0;0,0880;11,3600;0;1;1;4;0;0
78,6111;20,5041;11,3000;-10,0961;-0,3299;0,0000;0,0000;0,0079;0,0000;0,0000;-0,4124;-0,4900;-10,5800;0;0,0880;11,3600;0;1;1;4;0;0
78,6250;20,5041;11,3000;-10,1036;-0,3326;0,0000;0,0000;0,0079;0,0000;0,0000;-0,4158;-0,7800;-10,8900;0;0,0880;11,3600;0;1;1;4;0;0
78,6389;20,5041;11,3000;-10,1050;-0,3355;0,0000;0,0000;0,0079;0,0000;0,0000;-0,4194;-1,0800;-11,1800;0;0,0880;11,3600;0;1;1;4;0;0
78,6528;20,2368;11,3000;-10,1958;-0,3344;0,0000;0,0000;0,0079;0,0000;0,0000;-0,4180;-0,0200;-10,2300;0;0,0883;11,3200;0;1;1;4;0;0
78,6667;20,1933;11,3000;-10,3079;-0,3370;0,0000;0,0000;0,0079;0,0000;0,0000;-0,4212;-0,1100;-10,4200;0;0,0884;11,3100;0;1;1;4;0;0
78,6806;20,1497;11,3000;-10,3876;-0,3398;0,0000;0,0000;0,0079;0,0000;0,0000;-0,4247;-0,1900;-10,5900;0;0,0884;11,3100;0;1;1;4;0;0
78,6945;20,1062;11,3000;-10,4321;-0,3428;0,0000;0,0000;0,0079;0,0000;0,0000;-0,4285;-0,2800;-10,7200;0;0,0885;11,3000;0;1;1;4;0;0
78,7084;20,0627;11,3000;-10,4623;-0,3459;0,0000;0,0000;0,0079;0,0000;0,0000;-0,4324;-0,3600;-10,8400;0;0,0885;11,2900;0;1;1;4;0;0
78,7223;20,0454;11,3000;-10,4617;-0,3489;0,0000;0,0000;0,0079;0,0000;0,0000;-0,4361;-0,5800;-11,0500;0;0,0886;11,2900;0;1;1;4;0;0
78,7361;20,0454;11,2000;-10,4458;-0,3517;0,0000;0,0000;0,0079;0,0000;0,0000;-0,4396;-0,8900;-11,3300;0;0,0886;11,2900;0;1;1;4;0;0
78,7500;20,0454;11,2000;-10,3908;-0,3547;0,0000;0,0000;0,0079;0,0000;0,0000;-0,4434;-1,1900;-11,5800;0;0,0886;11,2900;0;1;1;4;0;0
78,7639;20,0454;11,2000;-10,2933;-0,3579;0,0000;0,0000;0,0079;0,0000;0,0000;-0,4473;-1,4900;-11,7800;0;0,0886;11,2900;0;1;1;4;0;0
78,7778;20,0454;11,2000;-10,1284;-0,3612;0,0000;0,0000;0,0079;0,0000;0,0000;-0,4515;-1,7800;-11,9100;0;0,0886;11,2900;0;1;1;4;0;0
78,7917;19,7852;11,2000;-10,0954;-0,3605;0,0000;0,0000;0,0079;0,0000;0,0000;-0,4507;-0,7500;-10,8600;0;0,0887;11,2800;0;1;1;4;0;0
78,8056;19,7421;11,2000;-9,5397;-0,3633;0,0000;0,0000;0,0079;0,0000;0,0000;-0,4542;-0,8100;-10,3600;0;0,0887;11,2800;0;1;1;4;0;0
78,8195;19,6989;11,2000;-9,1895;-0,3662;0,0000;0,0000;0,0079;0,0000;0,0000;-0,4578;-0,8600;-10,0600;0;0,0887;11,2700;0;1;1;4;0;0
78,8334;19,6558;11,2000;-8,8875;-0,3692;0,0000;0,0000;0,0079;0,0000;0,0000;-0,4615;-0,9000;-9,7900;0;0,0887;11,2700;0;1;1;4;0;0
78,8473;19,6127;11,2000;-8,5812;-0,3722;0,0000;0,0000;0,0079;0,0000;0,0000;-0,4653;-0,9300;-9,5200;0;0,0887;11,2700;0;1;1;4;0;0
78,8611;19,5933;11,2000;-8,3283;-0,3750;0,0000;0,0000;0,0079;0,0000;0,0000;-0,4688;-1,0700;-9,4000;0;0,0887;11,2700;0;1;1;4;0;0
78,8750;19,5933;11,2000;-8,1112;-0,3776;0,0000;0,0000;0,0079;0,0000;0,0000;-0,4720;-1,3000;-9,4100;0;0,0887;11,2700;0;1;1;4;0;0
78,8889;19,5933;11,2000;-7,9132;-0,3802;0,0000;0,0000;0,0079;0,0000;0,0000;-0,4753;-1,5300;-9,4500;0;0,0887;11,2700;0;1;1;4;0;0
78,9028;19,5933;11,2000;-7,7019;-0,3830;0,0000;0,0000;0,0079;0,0000;0,0000;-0,4787;-1,7500;-9,4600;0;0,0887;11,2700;0;1;1;4;0;0
78,9167;19,5933;11,2000;-7,5114;-0,3858;0,0000;0,0000;0,0079;0,0000;0,0000;-0,4823;-1,9700;-9,4800;0;0,0887;11,2700;0;1;1;4;0;0
78,9306;19,3348;11,2000;-7,3077;-0,3846;0,0000;0,0000;0,0079;0,0000;0,0000;-0,4808;-0,8700;-8,1800;0;0,0886;11,2800;0;1;1;4;0;0
78,9445;19,2916;11,2000;-7,2671;-0,3869;0,0000;0,0000;0,0079;0,0000;0,0000;-0,4837;-0,8600;-8,1300;0;0,0886;11,2900;0;1;1;4;0;0
78,9584;19,2485;11,2000;-7,0276;-0,3893;0,0000;0,0000;0,0079;0,0000;0,0000;-0,4866;-0,8400;-7,8700;0;0,0886;11,2900;0;1;1;4;0;0
78,9723;19,2053;11,2000;-6,9116;-0,3918;0,0000;0,0000;0,0079;0,0000;0,0000;-0,4897;-0,8300;-7,7400;0;0,0886;11,2900;0;1;1;4;0;0
78,9861;19,1622;11,6000;-6,9326;-0,3944;0,0000;0,0000;0,0079;0,0000;0,0000;-0,4931;-0,8100;-7,7500;0;0,0886;11,2900;0;1;1;4;0;0
79,0000;19,1345;11,6000;-6,8614;-0,3970;0,0000;0,0000;0,0079;0,0000;0,0000;-0,4962;-0,8800;-7,7400;0;0,0885;11,2900;0;1;1;4;0;0
79,0139;19,1345;11,6000;-6,7983;-0,3992;0,0000;0,0000;0,0079;0,0000;0,0000;-0,4990;-1,0800;-7,8800;0;0,0885;11,2900;0;1;1;4;0;0
79,0278;19,1345;11,6000;-6,7335;-0,4015;0,0000;0,0000;-0,0544;-0,0025;-0,1069;-0,5019;-1,2800;-8,0200;0;0,0885;11,2900;1;1;0;4;0;0
79,0417;19,1345;11,6000;-6,6773;-0,4039;0,0000;0,0000;-0,0561;-0,0065;-0,1088;-0,5049;-1,4800;-8,1600;0;0,0885;11,2900;1;1;0;4;0;0
79,0556;19,1345;11,6000;-6,6925;-0,4065;0,0000;0,0000;-0,0572;-0,0108;-0,1117;-0,5081;-1,6800;-8,3800;0;0,0885;11,2900;1;1;0;4;0;0
79,0695;18,8738;11,6000;-6,7059;-0,4050;0,0000;0,0000;-0,0495;-0,0084;-0,0970;-0,5063;-0,5600;-7,2700;0;0,0882;11,3300;1;1;0;4;0;0
79,0834;18,8291;11,6000;-6,7132;-0,4071;0,0000;0,0000;-0,0492;-0,0119;-0,0967;-0,5089;-0,5400;-7,2500;0;0,0882;11,3400;1;1;0;4;0;0
79,0973;18,7844;11,6000;-6,7146;-0,4093;0,0000;0,0000;-0,0490;-0,0156;-0,0965;-0,5117;-0,5100;-7,2300;0;0,0881;11,3500;1;1;0;4;0;0
79,1111;18,7397;11,6000;-6,6858;-0,4117;0,0000;0,0000;-0,0490;-0,0194;-0,0958;-0,5146;-0,4900;-7,1700;0;0,0881;11,3600;1;1;0;4;0;0
79,1250;18,6950;11,6000;-6,6114;-0,4141;0,0000;0,0000;-0,0493;-0,0235;-0,0945;-0,5176;-0,4600;-7,0700;0;0,0880;11,3600;1;1;0;4;0;0
79,1389;18,6821;11,6000;-6,5210;-0,4161;0,0000;0,0000;-0,0507;-0,0268;-0,0951;-0,5201;-0,5900;-7,1100;0;0,0880;11,3600;1;1;0;4;0;0
79,1528;18,6821;11,6000;-6,4635;-0,4180;0,0000;0,0000;-0,0522;-0,0301;-0,0970;-0,5225;-0,7800;-7,2400;0;0,0880;11,3600;1;1;0;4;0;0
79,1667;18,6821;11,6000;-6,4344;-0,4201;0,0000;0,0000;-0,0534;-0,0335;-0,0992;-0,5251;-0,9700;-7,4100;0;0,0880;11,3600;1;1;0;4;0;0
79,1806;18,6821;11,6000;-6,3910;-0,4223;0,0000;0,0000;-0,0547;-0,0371;-0,1013;-0,5278;-1,1600;-7,5500;0;0,0880;11,3600;1;1;0;4;0;0
79,1945;18,4504;11,6000;-6,3529;-0,4209;0,0000;0,0000;-0,0481;-0,0348;-0,0878;-0,5261;-0,1900;-6,5400;0;0,0875;11,4200;1;1;0;4;0;0
79,2084;18,4057;11,6000;-6,2885;-0,4226;0,0000;0,0000;-0,0480;-0,0376;-0,0865;-0,5282;-0,1500;-6,4400;0;0,0875;11,4300;1;1;0;4;0;0
79,2223;18,3609;11,6000;-6,2139;-0,4243;0,0000;0,0000;-0,0480;-0,0405;-0,0851;-0,5304;-0,1100;-6,3300;0;0,0874;11,4500;1;1;0;4;0;0
79,2361;18,3162;11,6000;-6,1731;-0,4262;0,0000;0,0000;-0,0476;-0,0436;-0,0841;-0,5327;-0,0800;-6,2500;0;0,0873;11,4600;1;1;0;4;0;0
79,2500;18,2715;11,6000;-6,1651;-0,4281;0,0000;0,0000;-0,0469;-0,0469;-0,0836;-0,5352;-0,0300;-6,2000;0;0,0872;11,4700;1;1;0;4;0;0
79,2639;18,2268;11,6000;-6,1273;-0,4302;0,0000;0,0000;-0,0465;-0,0503;-0,0827;-0,5377;0,0000;-6,1200;0;0,0871;11,4800;1;1;0;4;0;0
79,2778;18,2236;11,6000;-6,1114;-0,4317;0,0000;0,0000;-0,0473;-0,0528;-0,0849;-0,5396;-0,1600;-6,2700;0;0,0871;11,4800;1;1;0;4;0;0
79,2917;18,2236;11,6000;-6,0815;-0,4333;0,0000;0,0000;-0,0484;-0,0554;-0,0870;-0,5416;-0,3400;-6,4200;0;0,0871;11,4800;1;1;0;4;0;0
79,3056;18,2236;11,6000;-6,0468;-0,4350;0,0000;0,0000;-0,0495;-0,0583;-0,0891;-0,5437;-0,5200;-6,5700;0;0,0871;11,4800;1;1;0;4;0;0
79,3195;18,2236;11,6000;-6,0144;-0,4368;0,0000;0,0000;-0,0506;-0,0613;-0,0913;-0,5460;-0,7000;-6,7200;0;0,0871;11,4800;1;1;0;4;0;0
79,3334;17,9816;11,6000;-5,9805;-0,4349;0,0000;0,0000;-0,0435;-0,0582;-0,0770;-0,5437;0,3200;-5,6600;0;0,0865;11,5700;1;1;0;6;0;0
79,3473;17,9368;11,6000;-5,9483;-0,4363;0,0000;0,0000;-0,0430;-0,0604;-0,0761;-0,5453;0,3600;-5,5800;0;0,0863;11,5800;1;1;0;6;0;0
79,3611;17,8921;11,6000;-5,9066;-0,4376;0,0000;0,0000;-0,0427;-0,0627;-0,0751;-0,5471;0,4100;-5,5000;0;0,0862;11,6000;1;1;0;6;0;0
79,3750;17,8473;11,6000;-5,8354;-0,4391;0,0000;0,0000;-0,0425;-0,0652;-0,0737;-0,5489;0,4500;-5,3800;0;0,0861;11,6100;1;1;0;6;0;0
79,3889;17,8026;11,6000;-5,7843;-0,4407;0,0000;0,0000;-0,0422;-0,0679;-0,0725;-0,5509;0,5000;-5,2800;0;0,0860;11,6300;1;1;0;6;0;0
79,4028;17,7705;11,6000;-5,7741;-0,4422;0,0000;0,0000;-0,0419;-0,0703;-0,0728;-0,5527;0,4900;-5,2900;0;0,0859;11,6400;1;1;0;6;0;0
79,4167;17,7705;11,6000;-5,7609;-0,4433;0,0000;0,0000;-0,0427;-0,0722;-0,0750;-0,5541;0,3200;-5,4400;0;0,0859;11,6400;1;1;0;6;0;0
79,4306;17,7705;11,6000;-5,7556;-0,4445;0,0000;0,0000;-0,0435;-0,0742;-0,0774;-0,5556;0,1400;-5,6100;0;0,0859;11,6400;1;1;0;6;0;0
79,4445;17,7705;11,6000;-5,7556;-0,4458;0,0000;0,0000;-0,0443;-0,0764;-0,0798;-0,5573;-0,0300;-5,7800;0;0,0859;11,6400;1;1;0;6;0;0
79,4584;17,7705;11,6000;-5,7547;-0,4472;0,0000;0,0000;-0,0451;-0,0787;-0,0823;-0,5591;-0,2000;-5,9500;0;0,0859;11,6400;1;1;0;6;0;0
79,4723;17,5123;11,6000;-5,7264;-0,4448;0,0000;0,0000;-0,0376;-0,0747;-0,0670;-0,5560;0,8900;-4,8300;0;0,0851;11,7600;1;1;0;6;0;0
79,4861;17,4676;11,7000;-5,7208;-0,4458;0,0000;0,0000;-0,0370;-0,0763;-0,0665;-0,5572;0,9300;-4,7800;0;0,0849;11,7800;1;1;0;6;0;0
79,5000;17,4224;11,7000;-5,6723;-0,4468;0,0000;0,0000;-0,0368;-0,0780;-0,0653;-0,5585;0,9800;-4,6900;0;0,0848;11,8000;1;1;0;6;0;0
79,5139;17,3773;11,7000;-5,6571;-0,4479;0,0000;0,0000;-0,0363;-0,0798;-0,0646;-0,5598;1,0300;-4,6200;0;0,0846;11,8200;1;1;0;6;0;0
79,5278;17,3321;11,7000;-5,6544;-0,4491;0,0000;0,0000;-0,0357;-0,0818;-0,0640;-0,5614;1,0800;-4,5700;0;0,0845;11,8400;1;1;0;6;0;0
79,5417;17,3124;11,7000;-5,6678;-0,4501;0,0000;0,0000;-0,0359;-0,0834;-0,0654;-0,5626;1,0100;-4,6600;0;0,0844;11,8500;1;1;0;6;0;0
79,5556;17,3124;11,7000;-5,6705;-0,4508;0,0000;0,0000;-0,0368;-0,0847;-0,0678;-0,5635;0,8400;-4,8300;0;0,0844;11,8500;1;1;0;6;0;0
79,5695;17,3124;11,7000;-5,7065;-0,4517;0,0000;0,0000;-0,0375;-0,0862;-0,0707;-0,5646;0,6600;-5,0400;0;0,0844;11,8500;1;1;0;6;0;0
79,5834;17,3124;11,7000;-5,7274;-0,4527;0,0000;0,0000;-0,0384;-0,0879;-0,0734;-0,5659;0,4900;-5,2400;0;0,0844;11,8500;1;1;0;6;0;0
79,5973;17,0847;11,7000;-5,7407;-0,4504;0,0000;0,0000;-0,0319;-0,0841;-0,0610;-0,5630;1,4100;-4,3300;0;0,0835;11,9700;1;1;0;6;0;0
79,6111;17,0395;11,7000;-5,7474;-0,4510;0,0000;0,0000;-0,0315;-0,0850;-0,0606;-0,5637;1,4500;-4,2900;0;0,0834;11,9900;1;1;0;6;0;0
79,6250;16,9943;11,7000;-5,7356;-0,4516;0,0000;0,0000;-0,0313;-0,0860;-0,0600;-0,5645;1,4900;-4,2400;0;0,0832;12,0200;1;1;0;6;0;0
79,6389;16,9492;11,7000;-5,6518;-0,4523;0,0000;0,0000;-0,0316;-0,0872;-0,0583;-0,5654;1,5400;-4,1100;0;0,0830;12,0400;1;1;0;6;0;0
79,6528;16,9040;11,7000;-5,4992;-0,4531;0,0000;0,0000;-0,0323;-0,0885;-0,0558;-0,5664;1,5900;-3,9000;0;0,0829;12,0700;1;1;0;6;0;0
79,6667;16,8589;11,7000;-5,2721;-0,4539;0,0000;0,0000;-0,0334;-0,0899;-0,0521;-0,5674;1,6500;-3,6200;0;0,0827;12,0900;1;1;0;6;0;0
79,6806;16,8587;11,7000;-5,0831;-0,4542;0,0000;0,0000;-0,0352;-0,0903;-0,0517;-0,5677;1,4900;-3,5900;0;0,0827;12,0900;1;1;0;6;0;0
79,6945;16,8587;11,7000;-4,9017;-0,4545;0,0000;0,0000;-0,0368;-0,0908;-0,0513;-0,5681;1,3500;-3,5600;0;0,0827;12,0900;1;1;0;6;0;0
79,7084;16,8587;11,7000;-4,8654;-0,4548;0,0000;0,0000;-0,0370;-0,0913;-0,0528;-0,5685;1,2000;-3,6700;0;0,0827;12,0900;1;1;0;6;0;0
79,7223;16,8587;11,7000;-4,8057;-0,4553;0,0000;0,0000;-0,0375;-0,0921;-0,0540;-0,5691;1,0500;-3,7500;0;0,0827;12,0900;1;1;0;6;0;0
79,7361;16,6117;11,7000;-4,8315;-0,4522;0,0000;0,0000;-0,0293;-0,0869;-0,0403;-0,5652;2,0700;-2,7600;0;0,0817;12,2400;1;1;0;6;0;0
79,7500;16,5665;11,7000;-4,8856;-0,4521;0,0000;0,0000;-0,0276;-0,0869;-0,0402;-0,5652;2,1300;-2,7500;0;0,0815;12,2700;1;1;0;6;0;0
79,7639;16,5214;11,7000;-4,9710;-0,4522;0,0000;0,0000;-0,0258;-0,0870;-0,0405;-0,5652;2,1900;-2,7700;0;0,0813;12,3000;1;1;0;6;0;0
79,7778;16,4762;11,7000;-5,0627;-0,4524;0,0000;0,0000;-0,0243;-0,0873;-0,0410;-0,5655;2,2500;-2,8100;0;0,0811;12,3300;1;1;0;6;0;0
79,7917;16,4310;11,7000;-5,1202;-0,4527;0,0000;0,0000;-0,0231;-0,0878;-0,0411;-0,5658;2,3100;-2,8100;0;0,0809;12,3600;1;1;0;6;0;0
79,8056;16,4013;11,7000;-5,1542;-0,4528;0,0000;0,0000;-0,0228;-0,0881;-0,0418;-0,5661;2,2900;-2,8600;0;0,0808;12,3800;1;1;0;6;0;0
79,8195;16,4013;11,7000;-5,1974;-0,4527;0,0000;0,0000;-0,0234;-0,0879;-0,0445;-0,5659;2,1300;-3,0700;0;0,0808;12,3800;1;1;0;6;0;0
79,8334;16,4013;11,7000;-5,2584;-0,4527;0,0000;0,0000;-0,0240;-0,0878;-0,0474;-0,5659;1,9700;-3,2900;0;0,0808;12,3800;1;1;0;6;0;0
79,8473;16,4013;11,7000;-5,3062;-0,4528;0,0000;0,0000;-0,0247;-0,0880;-0,0502;-0,5660;1,8100;-3,4900;0;0,0808;12,3800;1;1;0;6;0;0
79,8611;16,4013;11,7000;-5,3158;-0,4530;0,0000;0,0000;-0,0258;-0,0883;-0,0525;-0,5662;1,6500;-3,6700;0;0,0808;12,3800;1;1;0;6;0;0
79,8750;16,1392;11,7000;-5,3097;-0,4495;0,0000;0,0000;-0,0188;-0,0825;-0,0380;-0,5619;2,6900;-2,6100;0;0,0796;12,5600;1;1;0;6;0;0
79,8889;16,0941;11,7000;-5,1674;-0,4492;0,0000;0,0000;-0,0196;-0,0820;-0,0354;-0,5615;2,7400;-2,4200;0;0,0794;12,5900;1;1;0;6;0;0
79,9028;16,0489;11,7000;-5,0243;-0,4490;0,0000;0,0000;-0,0202;-0,0816;-0,0328;-0,5612;2,7900;-2,2300;0;0,0792;12,6300;1;1;0;6;0;0
79,9167;16,0037;11,7000;-4,9957;-0,4488;0,0000;0,0000;-0,0198;-0,0813;-0,0317;-0,5610;2,8500;-2,1400;0;0,0790;12,6600;1;1;0;6;0;0
79,9306;15,9586;11,7000;-4,8349;-0,4487;0,0000;0,0000;-0,0203;-0,0811;-0,0287;-0,5608;2,9100;-1,9200;0;0,0788;12,6900;1;1;0;6;0;0
79,9445;15,9467;11,7000;-4,4994;-0,4481;0,0000;0,0000;-0,0229;-0,0801;-0,0253;-0,5601;2,8300;-1,6700;0;0,0787;12,7000;1;1;0;6;0;0
79,9584;15,9467;11,7000;-4,4322;-0,4474;0,0000;0,0000;-0,0233;-0,0790;-0,0261;-0,5592;2,6900;-1,7400;0;0,0787;12,7000;1;1;0;6;0;0
79,9723;15,9467;11,7000;-4,3314;-0,4468;0,0000;0,0000;-0,0240;-0,0779;-0,0264;-0,5585;2,5600;-1,7700;0;0,0787;12,7000;1;1;0;6;0;0
79,9861;15,9467;11,7000;-4,3111;-0,4462;0,0000;0,0000;-0,0239;-0,0770;-0,0278;-0,5578;2,4300;-1,8800;0;0,0787;12,7000;1;1;0;6;0;0
80,0000;15,7128;11,7000;-4,2996;-0,4425;0,0000;0,0000;-0,0167;-0,0708;-0,0150;-0,5531;3,3400;-0,9500;0;0,0776;12,8800;1;1;0;6;0;0
80,0139;15,6677;11,7000;-4,3562;-0,4415;0,0000;0,0000;-0,0149;-0,0691;-0,0147;-0,5519;3,4100;-0,9400;0;0,0774;12,9200;1;1;0;6;0;0
80,0278;15,6225;11,7000;-4,3740;-0,4406;0,0000;0,0000;-0,0136;-0,0676;-0,0139;-0,5507;3,4800;-0,8900;0;0,0772;12,9500;1;1;0;6;0;0
80,0417;15,5774;11,7000;-4,3808;-0,4397;0,0000;0,0000;-0,0124;-0,0662;-0,0130;-0,5497;3,5500;-0,8300;0;0,0770;12,9900;1;1;0;6;0;0
80,0556;15,5322;11,7000;-4,3878;-0,4390;0,0000;0,0000;-0,0114;-0,0649;-0,0121;-0,5487;3,6200;-0,7600;0;0,0768;13,0200;1;1;0;6;0;0
80,0695;15,4901;11,7000;-4,4052;-0,4382;0,0000;0,0000;-0,0104;-0,0637;-0,0116;-0,5478;3,6700;-0,7300;0;0,0766;13,0600;1;1;0;6;0;0
80,0834;15,4901;11,7000;-4,4267;-0,4370;0,0000;0,0000;-0,0107;-0,0617;-0,0136;-0,5462;3,5400;-0,8900;0;0,0766;13,0600;1;1;0;6;0;0
80,0973;15,4901;11,7000;-4,4465;-0,4359;0,0000;0,0000;-0,0111;-0,0598;-0,0155;-0,5449;3,4000;-1,0400;0;0,0766;13,0600;1;1;0;6;0;0
80,1111;15,4901;11,7000;-4,4781;-0,4348;0,0000;0,0000;-0,0114;-0,0581;-0,0176;-0,5435;3,2700;-1,2100;0;0,0766;13,0600;1;1;0;6;0;0
80,1250;15,4901;11,7000;-4,4761;-0,4339;0,0000;0,0000;-0,0121;-0,0565;-0,0193;-0,5424;3,1300;-1,3400;0;0,0766;13,0600;1;1;0;6;0;0
80,1389;15,2424;11,7000;-4,4635;-0,4296;0,0000;0,0000;-0,0055;-0,0494;-0,0062;-0,5371;4,0700;-0,3900;0;0,0754;13,2700;1;1;0;6;0;0
80,1528;15,1973;11,7000;-4,4038;-0,4282;0,0000;0,0000;-0,0054;-0,0471;-0,0045;-0,5353;4,1300;-0,2600;0;0,0752;13,3000;1;1;0;6;0;0
80,1667;15,1522;11,7000;-4,3004;-0,4269;0,0000;0,0000;-0,0054;-0,0448;-0,0021;-0,5336;4,2000;-0,0900;0;0,0749;13,3400;1;1;0;6;0;0
80,1806;15,1070;11,7000;-4,1669;-0,4255;0,0000;0,0000;-0,0056;-0,0426;0,0006;-0,5319;4,2700;0,1100;0;0,0747;13,3800;1;1;0;6;0;0
80,1945;15,0619;11,7000;-4,0403;-0,4243;0,0000;0,0000;-0,0055;-0,0404;0,0034;-0,5303;4,3400;0,3100;0;0,0745;13,4200;1;1;0;6;0;0
80,2084;15,0347;11,7000;-3,8769;-0,4228;0,0000;0,0000;-0,0061;-0,0380;0,0056;-0,5285;4,3400;0,4600;0;0,0744;13,4500;1;1;0;6;0;0
80,2223;15,0347;11,7000;-3,7301;-0,4210;0,0000;0,0000;-0,0071;-0,0349;0,0061;-0,5262;4,2300;0,5000;0;0,0744;13,4500;1;1;0;6;0;0
80,2361;15,0347;11,6000;-3,5780;-0,4192;0,0000;0,0000;-0,0080;-0,0320;0,0068;-0,5240;4,1200;0,5400;0;0,0744;13,4500;1;1;0;6;0;0
80,2500;15,0347;11,6000;-3,4937;-0,4175;0,0000;0,0000;-0,0083;-0,0291;0,0066;-0,5219;4,0200;0,5200;0;0,0744;13,4500;1;1;0;6;0;0
80,2639;15,0347;11,6000;-3,4146;-0,4158;0,0000;0,0000;-0,0084;-0,0264;0,0064;-0,5198;3,9100;0,5000;0;0,0744;13,4500;1;1;0;6;0;0
80,2778;14,7748;11,6000;-3,4198;-0,4108;0,0000;0,0000;-0,0006;-0,0180;0,0197;-0,5135;4,9000;1,4900;0;0,0731;13,6800;1;1;0;6;0;0
80,2917;14,7301;11,6000;-3,3735;-0,4087;0,0000;0,0000;0,0006;-0,0144;0,0216;-0,5108;4,9900;1,6200;0;0,0729;13,7200;1;1;1;6;0;0
80,3056;14,6854;11,6000;-3,3510;-0,4066;0,0000;0,0000;0,0020;-0,0110;0,0230;-0,5082;5,0700;1,7300;0;0,0727;13,7600;1;1;1;6;0;0
80,3195;14,6407;11,6000;-3,2752;-0,4045;0,0000;0,0000;0,0029;-0,0076;0,0253;-0,5057;5,1600;1,9000;0;0,0724;13,8000;1;1;1;6;0;0
80,3334;14,5960;11,6000;-3,2062;-0,4025;0,0000;0,0000;0,0039;-0,0042;0,0274;-0,5032;5,2600;2,0600;0;0,0722;13,8500;1;1;1;6;0;0
80,3473;14,5792;11,6000;-3,1643;-0,4002;0,0000;0,0000;0,0043;-0,0003;0,0276;-0,5002;5,2300;2,0700;0;0,0721;13,8600;1;1;1;7;0;0
80,3611;14,5792;11,6000;-3,1423;-0,3977;0,0000;0,0000;0,0044;0,0000;0,0266;-0,4971;5,1400;2,0000;0;0,0721;13,8600;1;1;1;7;0;0
80,3750;14,5792;11,6000;-3,1244;-0,3952;0,0000;0,0000;0,0045;0,0000;0,0256;-0,4941;5,0400;1,9200;0;0,0721;13,8600;1;1;1;7;0;0
80,3889;14,5792;11,6000;-3,1017;-0,3929;0,0000;0,0000;0,0044;0,0000;0,0247;-0,4911;4,9500;1,8500;0;0,0721;13,8600;1;1;1;7;0;0
80,4028;14,5792;11,6000;-3,0651;-0,3905;0,0000;0,0000;0,0043;0,0000;0,0239;-0,4881;4,8600;1,8000;0;0,0721;13,8600;1;1;1;7;0;0
80,4167;14,3118;11,6000;-3,0315;-0,3848;0,0000;0,0000;0,0114;0,0000;0,0378;-0,4810;5,8600;2,8400;0;0,0708;14,1200;1;1;1;7;0;0
80,4306;14,2672;11,6000;-3,0091;-0,3820;0,0000;0,0000;0,0126;0,0000;0,0393;-0,4775;5,9500;2,9500;0;0,0706;14,1600;1;1;1;7;0;0
80,4445;14,2226;11,6000;-2,9968;-0,3792;0,0000;0,0000;0,0137;0,0000;0,0407;-0,4740;6,0400;3,0500;0;0,0704;14,2000;1;1;1;7;0;0
80,4584;14,1779;11,6000;-2,9922;-0,3765;0,0000;0,0000;0,0149;0,0000;0,0420;-0,4706;6,1400;3,1500;0;0,0702;14,2500;1;1;1;7;0;0
80,4723;14,1333;11,6000;-2,9996;-0,3738;0,0000;0,0000;0,0162;0,0000;0,0432;-0,4672;6,2300;3,2400;0;0,0700;14,2900;1;1;1;7;0;0
80,4861;14,1226;11,6000;-3,0239;-0,3708;0,0000;0,0000;0,0165;0,0000;0,0421;-0,4635;6,1800;3,1600;0;0,0699;14,3000;1;1;1;7;0;0
80,5000;14,1226;11,6000;-3,0726;-0,3677;0,0000;0,0000;0,0166;0,0000;0,0402;-0,4596;6,0900;3,0200;0;0,0699;14,3000;1;1;1;7;0;0
80,5139;14,1226;11,6000;-3,1279;-0,3646;0,0000;0,0000;0,0167;0,0000;0,0383;-0,4558;6,0000;2,8700;0;0,0699;14,3000;1;1;1;7;0;0
80,5278;14,1226;11,6000;-3,2011;-0,3617;0,0000;0,0000;0,0169;0,0000;0,0360;-0,4521;5,9000;2,7000;0;0,0699;14,3000;1;1;1;7;0;0
80,5417;14,1226;11,6000;-3,2805;-0,3588;0,0000;0,0000;0,0229;0,0000;0,0457;-0,4485;5,8000;3,4300;0;0,0699;14,3000;1;1;1;7;0;0
80,5556;13,8512;11,6000;-3,3461;-0,3526;0,0000;0,0000;0,0239;0,0000;0,0458;-0,4408;6,7700;3,4400;0;0,0686;14,5700;1;1;1;7;0;0
80,5695;13,8066;11,6000;-3,3905;-0,3493;0,0000;0,0000;0,0245;0,0000;0,0462;-0,4366;6,8500;3,4700;0;0,0684;14,6200;1;1;1;7;0;0
80,5834;13,7620;11,6000;-3,4292;-0,3461;0,0000;0,0000;0,0251;0,0000;0,0467;-0,4326;6,9200;3,5000;0;0,0682;14,6700;1;1;1;7;0;0
80,5973;13,7174;11,6000;-3,4823;-0,3429;0,0000;0,0000;0,0258;0,0000;0,0469;-0,4286;6,9900;3,5200;0;0,0680;14,7100;1;1;1;7;0;0
80,6111;13,6728;11,6000;-3,5374;-0,3398;0,0000;0,0000;0,0264;0,0000;0,0471;-0,4248;7,0600;3,5300;0;0,0678;14,7600;1;1;1;7;0;0
80,6250;13,6688;11,6000;-3,6159;-0,3363;0,0000;0,0000;0,0260;0,0000;0,0447;-0,4204;6,9700;3,3500;0;0,0677;14,7600;1;1;1;7;0;0
80,6389;13,6688;11,6000;-3,6316;-0,3329;0,0000;0,0000;0,0250;0,0000;0,0430;-0,4161;6,8600;3,2300;0;0,0677;14,7600;1;1;1;7;0;0
80,6528;13,6688;11,6000;-3,8277;-0,3295;0,0000;0,0000;0,0253;0,0000;0,0389;-0,4119;6,7400;2,9200;0;0,0677;14,7600;1;1;1;7;0;0
80,6667;13,6688;11,6000;-4,0073;-0,3263;0,0000;0,0000;0,0253;0,0000;0,0349;-0,4079;6,6200;2,6200;0;0,0677;14,7600;1;1;1;7;0;0
80,6806;13,4372;11,6000;-4,0434;-0,3203;0,0000;0,0000;0,0299;0,0000;0,0447;-0,4004;7,3900;3,3500;0;0,0667;15,0000;1;1;1;7;0;0
80,6945;13,3927;11,6000;-4,2193;-0,3168;0,0000;0,0000;0,0307;0,0000;0,0430;-0,3959;7,4300;3,2200;0;0,0665;15,0500;1;1;1;7;0;0
80,7084;13,3481;11,6000;-4,2543;-0,3133;0,0000;0,0000;0,0303;0,0000;0,0431;-0,3916;7,4700;3,2300;0;0,0663;15,0900;1;1;1;7;0;0
80,7223;13,3035;11,6000;-4,2613;-0,3098;0,0000;0,0000;0,0297;0,0000;0,0435;-0,3873;7,5200;3,2600;0;0,0661;15,1400;1;1;1;7;0;0
80,7361;13,2590;11,4000;-4,2626;-0,3065;0,0000;0,0000;0,0292;0,0000;0,0441;-0,3831;7,5600;3,3100;0;0,0658;15,1900;1;1;1;7;0;0
80,7500;13,2151;11,4000;-4,2777;-0,3033;0,0000;0,0000;0,0288;0,0000;0,0445;-0,3791;7,6000;3,3400;0;0,0656;15,2300;1;1;1;7;0;0
80,7639;13,2107;11,4000;-4,3359;-0,2997;0,0000;0,0000;0,0288;0,0000;0,0000;-0,3746;7,4900;3,1600;0;0,0656;15,2400;0;1;1;7;0;0
80,7778;13,2107;11,4000;-4,3475;-0,2962;0,0000;0,0000;0,0288;0,0000;0,0000;-0,3702;7,3700;3,0200;0;0,0656;15,2400;0;1;1;7;0;0
80,7917;13,2107;11,4000;-4,4102;-0,2927;0,0000;0,0000;0,0288;0,0000;0,0000;-0,3659;7,2400;2,8300;0;0,0656;15,2400;0;1;1;7;0;0
80,8056;13,2107;11,4000;-4,4615;-0,2894;0,0000;0,0000;0,0288;0,0000;0,0000;-0,3617;7,1000;2,6400;0;0,0656;15,2400;0;1;1;7;0;0
80,8195;13,2107;11,4000;-4,5714;-0,2861;0,0000;0,0000;0,0288;0,0000;0,0000;-0,3576;6,9700;3,2400;0;0,0656;15,2400;0;1;1;7;0;0
80,8334;12,9414;11,4000;-4,9777;-0,2799;0,0000;0,0000;0,0288;0,0000;0,0000;-0,3498;7,8200;2,8500;0;0,0644;15,5200;0;1;1;7;0;0
80,8473;12,8976;11,4000;-5,5630;-0,2765;0,0000;0,0000;0,0288;0,0000;0,0000;-0,3456;7,8200;2,2700;0;0,0642;15,5600;0;1;1;7;0;0
80,8611;12,8538;11,4000;-6,0891;-0,2734;0,0000;0,0000;0,0288;0,0000;0,0000;-0,3417;7,8000;1,7200;0;0,0641;15,6100;0;1;1;7;0;0
80,8750;12,8099;11,4000;-6,3849;-0,2704;0,0000;0,0000;0,0288;0,0000;0,0000;-0,3380;7,7800;1,4000;0;0,0639;15,6600;0;1;1;7;0;0
80,8889;12,7660;11,4000;-6,7198;-0,2677;0,0000;0,0000;0,0288;0,0000;0,0000;-0,3346;7,7400;1,0300;0;0,0637;15,7100;0;1;1;7;0;0
80,9028;12,7567;11,4000;-6,9584;-0,2647;0,0000;0,0000;0,0288;0,0000;0,0000;-0,3308;7,5700;0,6100;0;0,0636;15,7200;0;1;1;7;0;0
80,9167;12,7567;11,4000;-7,1948;-0,2618;0,0000;0,0000;0,0288;0,0000;0,0000;-0,3272;7,3600;0,1600;0;0,0636;15,7200;0;1;1;7;0;0
80,9306;12,7567;11,4000;-7,2422;-0,2590;0,0000;0,0000;0,0288;0,0000;0,0000;-0,3237;7,1500;-0,0900;0;0,0636;15,7200;0;1;1;7;0;0
80,9445;12,7567;11,4000;-7,4639;-0,2564;0,0000;0,0000;0,0288;0,0000;0,0000;-0,3205;6,9300;-0,5400;0;0,0636;15,7200;0;1;1;7;0;0
80,9584;12,7567;11,4000;-7,6217;-0,2540;0,0000;0,0000;0,0288;0,0000;0,0000;-0,3175;6,7000;-0,9200;0;0,0636;15,7200;0;1;1;7;0;0
80,9723;12,4932;11,4000;-7,4481;-0,2487;0,0000;0,0000;0,0288;0,0000;0,0000;-0,3109;7,4300;0,0000;0;0,0625;15,9900;0;1;1;7;0;0
80,9861;12,4493;11,4000;-7,3342;-0,2460;0,0000;0,0000;0,0288;0,0000;0,0000;-0,3075;7,3700;0,0400;0;0,0624;16,0400;0;1;1;7;0;0
81,0000;12,4054;11,4000;-7,2797;-0,2434;0,0000;0,0000;0,0288;0,0000;0,0000;-0,3042;7,3200;0,0400;0;0,0622;16,0800;0;1;1;7;0;0
81,0139;12,3614;11,4000;-7,2688;-0,2409;0,0000;0,0000;0,0288;0,0000;0,0000;-0,3012;7,2600;0,0000;0;0,0620;16,1300;0;1;1;7;0;0
81,0278;12,3175;11,4000;-7,2471;-0,2386;0,0000;0,0000;0,0288;0,0000;0,0000;-0,2982;7,2000;-0,0300;0;0,0618;16,1800;0;1;1;7;0;0
81,0417;12,2997;11,4000;-7,2469;-0,2361;0,0000;0,0000;0,0288;0,0000;0,0000;-0,2951;7,0500;-0,1900;0;0,0617;16,2000;0;1;1;7;0;0
81,0556;12,2997;11,4000;-7,2533;-0,2335;0,0000;0,0000;0,0288;0,0000;0,0000;-0,2919;6,8400;-0,4100;0;0,0617;16,2000;0;1;1;7;0;0
81,0695;12,2997;11,4000;-7,2509;-0,2311;0,0000;0,0000;0,0288;0,0000;0,0000;-0,2888;6,6300;-0,6200;0;0,0617;16,2000;0;1;1;7;0;0
81,0834;12,2997;11,4000;-7,2504;-0,2288;0,0000;0,0000;0,0288;0,0000;0,0000;-0,2859;6,4100;-0,8400;0;0,0617;16,2000;0;1;1;7;0;0
81,0973;12,2997;11,4000;-7,2443;-0,2266;0,0000;0,0000;0,0288;0,0000;0,0000;-0,2832;6,2000;-1,0400;0;0,0617;16,2000;0;1;1;7;0;0
81,1111;12,0458;11,4000;-7,2749;-0,2217;0,0000;0,0000;0,0288;0,0000;0,0000;-0,2771;6,8700;-0,4000;0;0,0608;16,4500;0;1;1;7;0;0
81,1250;12,0018;11,4000;-7,3505;-0,2193;0,0000;0,0000;0,0288;0,0000;0,0000;-0,2742;6,8100;-0,5400;0;0,0606;16,5000;0;1;1;7;0;0
81,1389;11,9579;11,4000;-7,4700;-0,2171;0,0000;0,0000;0,0288;0,0000;0,0000;-0,2714;6,7400;-0,7200;0;0,0604;16,5400;0;1;1;7;0;0
81,1528;11,9139;11,4000;-7,5407;-0,2150;0,0000;0,0000;0,0288;0,0000;0,0000;-0,2688;6,6700;-0,8600;0;0,0603;16,5900;0;1;1;7;0;0
81,1667;11,8700;11,4000;-7,5548;-0,2131;0,0000;0,0000;0,0288;0,0000;0,0000;-0,2664;6,6000;-0,9500;0;0,0601;16,6400;0;1;1;7;0;0
81,1806;11,8432;11,4000;-7,5707;-0,2111;0,0000;0,0000;0,0288;0,0000;0,0000;-0,2639;6,4700;-1,1000;0;0,0600;16,6600;0;1;1;7;0;0
81,1945;11,8432;11,4000;-7,5943;-0,2090;0,0000;0,0000;0,0288;0,0000;0,0000;-0,2612;6,2500;-1,3500;0;0,0600;16,6600;0;1;1;7;0;0
81,2084;11,8432;11,4000;-7,6303;-0,2070;0,0000;0,0000;0,0288;0,0000;0,0000;-0,2587;6,0200;-1,6100;0;0,0600;16,6600;0;1;1;7;0;0
81,2223;11,8432;11,4000;-7,6375;-0,2051;0,0000;0,0000;0,0288;0,0000;0,0000;-0,2564;5,8000;-1,8400;0;0,0600;16,6600;0;1;1;7;0;0
81,2361;11,8432;11,6000;-7,6659;-0,2035;0,0000;0,0000;0,0288;0,0000;0,0000;-0,2543;5,5700;-2,1000;0;0,0600;16,6600;0;1;1;7;0;0
81,2500;11,5983;11,6000;-7,6982;-0,1992;0,0000;0,0000;0,0288;0,0000;0,0000;-0,2491;6,1700;-1,5200;0;0,0592;16,9000;0;1;1;7;0;0
81,2639;11,5535;11,6000;-7,7229;-0,1973;0,0000;0,0000;0,0288;0,0000;0,0000;-0,2467;6,0900;-1,6300;0;0,0590;16,9400;0;1;1;7;0;0
81,2778;11,5088;11,6000;-7,7369;-0,1956;0,0000;0,0000;0,0288;0,0000;0,0000;-0,2444;6,0100;-1,7200;0;0,0589;16,9900;0;1;1;7;0;0
81,2917;11,4640;11,6000;-7,7303;-0,1939;0,0000;0,0000;0,0288;0,0000;0,0000;-0,2424;5,9300;-1,8000;0;0,0587;17,0300;0;1;1;7;0;0
81,3056;11,4192;11,6000;-7,7016;-0,1924;0,0000;0,0000;0,0288;0,0000;0,0000;-0,2405;5,8500;-1,8500;0;0,0586;17,0800;0;1;1;7;0;0
81,3195;11,3910;11,6000;-7,6647;-0,1909;0,0000;0,0000;0,0288;0,0000;0,0000;-0,2386;5,7100;-1,9500;0;0,0585;17,1000;0;1;1;7;0;0
81,3334;11,3910;11,6000;-7,6499;-0,1892;0,0000;0,0000;0,0288;0,0000;0,0000;-0,2365;5,4800;-2,1700;0;0,0585;17,1000;0;1;1;7;0;0
81,3473;11,3910;11,6000;-7,6355;-0,1877;0,0000;0,0000;0,0288;0,0000;0,0000;-0,2346;5,2500;-2,3800;0;0,0585;17,1000;0;1;1;7;0;0
81,3611;11,3910;11,6000;-7,6248;-0,1863;0,0000;0,0000;0,0288;0,0000;0,0000;-0,2328;5,0300;-2,6000;0;0,0585;17,1000;0;1;1;4;0;0
81,3750;11,3910;11,6000;-7,6194;-0,1850;0,0000;0,0000;0,0288;0,0000;0,0000;-0,2312;4,8000;-2,8200;0;0,0585;17,1000;0;1;1;4;0;0
81,3889;11,1443;11,6000;-7,6056;-0,1812;0,0000;0,0000;0,0288;0,0000;0,0000;-0,2266;5,3800;-2,2100;0;0,0577;17,3200;0;1;1;4;0;0
81,4028;11,0996;11,6000;-7,5788;-0,1798;0,0000;0,0000;0,0288;0,0000;0,0000;-0,2247;5,3100;-2,2700;0;0,0576;17,3600;0;1;1;4;0;0
81,4167;11,0548;11,6000;-7,5571;-0,1784;0,0000;0,0000;0,0288;0,0000;0,0000;-0,2230;5,2300;-2,3200;0;0,0575;17,4000;0;1;1;4;0;0
81,4306;11,0100;11,6000;-7,5456;-0,1772;0,0000;0,0000;0,0288;0,0000;0,0000;-0,2215;5,1500;-2,3900;0;0,0573;17,4400;0;1;1;4;0;0
81,4445;10,9652;11,6000;-7,5496;-0,1762;0,0000;0,0000;0,0288;0,0000;0,0000;-0,2202;5,0700;-2,4700;0;0,0572;17,4800;0;1;1;4;0;0
81,4584;10,9314;11,6000;-7,5663;-0,1751;0,0000;0,0000;0,0288;0,0000;0,0000;-0,2189;4,9600;-2,6100;0;0,0571;17,5100;0;1;1;4;0;0
81,4723;10,9314;11,6000;-7,5871;-0,1739;0,0000;0,0000;0,0288;0,0000;0,0000;-0,2174;4,7300;-2,8600;0;0,0571;17,5100;0;1;1;4;0;0
81,4861;10,9314;11,6000;-7,6056;-0,1728;0,0000;0,0000;0,0288;0,0000;0,0000;-0,2160;4,5000;-3,1000;0;0,0571;17,5100;0;1;1;4;0;0
81,5000;10,9314;11,6000;-7,6188;-0,1719;0,0000;0,0000;0,0288;0,0000;0,0000;-0,2148;4,2700;-3,3500;0;0,0571;17,5100;0;1;1;4;0;0
81,5139;10,9314;11,6000;-7,6245;-0,1710;0,0000;0,0000;0,0288;0,0000;0,0000;-0,2138;4,0400;-3,5800;0;0,0571;17,5100;0;1;1;4;0;0
81,5278;10,6909;11,6000;-7,6258;-0,1679;0,0000;0,0000;0,0288;0,0000;0,0000;-0,2099;4,6000;-3,0200;0;0,0565;17,6900;0;1;1;4;0;0
81,5417;10,6461;11,6000;-7,6233;-0,1669;0,0000;0,0000;0,0288;0,0000;0,0000;-0,2086;4,5100;-3,1100;0;0,0564;17,7200;0;1;1;4;0;0
81,5556;10,6013;11,6000;-7,6237;-0,1661;0,0000;0,0000;0,0288;0,0000;0,0000;-0,2076;4,4300;-3,1900;0;0,0563;17,7600;0;1;1;4;0;0
81,5695;10,5565;11,6000;-7,6175;-0,1654;0,0000;0,0000;0,0288;0,0000;0,0000;-0,2067;4,3500;-3,2700;0;0,0562;17,7900;0;1;1;4;0;0
81,5834;10,5117;11,6000;-7,5962;-0,1648;0,0000;0,0000;0,0288;0,0000;0,0000;-0,2060;4,2600;-3,3300;0;0,0561;17,8200;0;1;1;4;0;0
81,5973;10,4752;11,6000;-7,5621;-0,1643;0,0000;0,0000;0,0288;0,0000;0,0000;-0,2053;4,1500;-3,4100;0;0,0560;17,8500;0;1;1;4;0;0
81,6111;10,4752;11,6000;-7,5043;-0,1635;0,0000;0,0000;0,0288;0,0000;0,0000;-0,2044;3,9300;-3,5700;0;0,0560;17,8500;0;1;1;4;0;0
81,6250;10,4752;11,6000;-7,4652;-0,1629;0,0000;0,0000;0,0288;0,0000;0,0000;-0,2036;3,7100;-3,7600;0;0,0560;17,8500;0;1;1;4;0;0
81,6389;10,4752;11,6000;-7,4209;-0,1624;0,0000;0,0000;0,0288;0,0000;0,0000;-0,2030;3,4800;-3,9400;0;0,0560;17,8500;0;1;1;4;0;0
81,6528;10,4752;11,6000;-7,3845;-0,1620;0,0000;0,0000;0,0288;0,0000;0,0000;-0,2025;3,2600;-4,1200;0;0,0560;17,8500;0;1;1;4;0;0
81,6667;10,2377;11,6000;-7,3372;-0,1594;0,0000;0,0000;0,0288;0,0000;0,0000;-0,1992;3,8000;-3,5300;0;0,0556;17,9800;0;1;1;4;0;0
81,6806;10,1929;11,6000;-7,2894;-0,1588;0,0000;0,0000;0,0288;0,0000;0,0000;-0,1985;3,7200;-3,5600;0;0,0555;18,0100;0;1;1;4;0;0
81,6945;10,1482;11,6000;-7,2408;-0,1583;0,0000;0,0000;0,0288;0,0000;0,0000;-0,1979;3,6500;-3,5900;0;0,0555;18,0300;0;1;1;4;0;0
81,7084;10,1033;11,6000;-7,1998;-0,1580;0,0000;0,0000;0,0288;0,0000;0,0000;-0,1975;3,5800;-3,6200;0;0,0554;18,0600;0;1;1;4;0;0
81,7223;10,0585;11,6000;-7,1509;-0,1578;0,0000;0,0000;0,0288;0,0000;0,0000;-0,1972;3,5100;-3,6400;0;0,0553;18,0800;0;1;1;4;0;0
81,7361;10,0230;11,6000;-7,1000;-0,1576;0,0000;0,0000;0,0288;0,0000;0,0000;-0,1970;3,4100;-3,6900;0;0,0552;18,1000;0;1;1;4;0;0
81,7500;10,0230;11,6000;-7,0466;-0,1572;0,0000;0,0000;0,0288;0,0000;0,0000;-0,1965;3,2000;-3,8500;0;0,0552;18,1000;0;1;1;4;0;0
81,7639;10,0230;11,6000;-6,9787;-0,1569;0,0000;0,0000;0,0288;0,0000;0,0000;-0,1962;2,9900;-3,9900;0;0,0552;18,1000;0;1;1;4;0;0
81,7778;10,0230;11,6000;-6,8708;-0,1568;0,0000;0,0000;0,0288;0,0000;0,0000;-0,1959;2,7800;-4,0900;0;0,0552;18,1000;0;1;1;4;0;0
81,7917;10,0230;11,6000;-6,7659;-0,1567;0,0000;0,0000;0,0288;0,0000;0,0000;-0,1958;2,5800;-4,1900;0;0,0552;18,1000;0;1;1;4;0;0
81,8056;9,7848;11,6000;-6,6289;-0,1543;0,0000;0,0000;0,0288;0,0000;0,0000;-0,1928;3,1300;-3,4900;0;0,0550;18,1700;0;1;1;4;0;0
81,8195;9,7400;11,6000;-6,5013;-0,1539;0,0000;0,0000;0,0288;0,0000;0,0000;-0,1924;3,0800;-3,4200;0;0,0550;18,1800;0;1;1;4;0;0
81,8334;9,6952;11,6000;-6,3513;-0,1537;0,0000;0,0000;0,0288;0,0000;0,0000;-0,1921;3,0300;-3,3200;0;0,0550;18,1900;0;1;1;4;0;0
81,8473;9,6505;11,6000;-6,2585;-0,1535;0,0000;0,0000;0,0288;0,0000;0,0000;-0,1918;2,9800;-3,2700;0;0,0549;18,2000;0;1;1;4;0;0
81,8611;9,6057;11,6000;-6,1370;-0,1534;0,0000;0,0000;0,0288;0,0000;0,0000;-0,1917;2,9400;-3,1900;0;0,0549;18,2200;0;1;1;4;0;0
81,8750;9,5650;11,6000;-5,9897;-0,1533;0,0000;0,0000;0,0288;0,0000;0,0000;-0,1916;2,8900;-3,1000;0;0,0549;18,2300;0;1;1;4;0;0
81,8889;9,5650;11,6000;-5,8468;-0,1529;0,0000;0,0000;0,0288;0,0000;0,0000;-0,1912;2,7200;-3,1300;0;0,0549;18,2300;0;1;1;4;0;0
81,9028;9,5650;11,6000;-5,7213;-0,1526;0,0000;0,0000;0,0288;0,0000;0,0000;-0,1908;2,5500;-3,1800;0;0,0549;18,2300;0;1;1;4;0;0
81,9167;9,5650;11,6000;-5,5757;-0,1524;0,0000;0,0000;0,0288;0,0000;0,0000;-0,1905;2,3800;-3,2000;0;0,0549;18,2300;0;1;1;4;0;0
81,9306;9,5650;11,6000;-5,4804;-0,1522;0,0000;0,0000;0,0288;0,0000;0,0000;-0,1903;2,2200;-3,2600;0;0,0549;18,2300;0;1;1;4;0;0
81,9445;9,3322;11,6000;-5,3241;-0,1498;0,0000;0,0000;0,0288;0,0000;0,0000;-0,1873;2,7900;-2,5300;0;0,0550;18,2000;0;1;1;4;0;0
81,9584;9,2874;11,6000;-5,2219;-0,1494;0,0000;0,0000;0,0288;0,0000;0,0000;-0,1867;2,7700;-2,4400;0;0,0550;18,1900;0;1;1;4;0;0
81,9723;9,2427;11,6000;-5,1067;-0,1490;0,0000;0,0000;0,0288;0,0000;0,0000;-0,1862;2,7600;-2,3400;0;0,0550;18,1800;0;1;1;4;0;0
81,9861;9,1979;11,6000;-5,0344;-0,1486;0,0000;0,0000;0,0288;0,0000;0,0000;-0,1858;2,7500;-2,2800;0;0,0550;18,1800;0;1;1;4;0;0
82,0000;9,1531;11,9000;-4,9708;-0,1484;0,0000;0,0000;0,0288;0,0000;0,0000;-0,1855;2,7400;-2,2200;0;0,0550;18,1700;0;1;1;4;0;0
82,0139;9,1072;11,9000;-4,9080;-0,1483;0,0000;0,0000;0,0288;0,0000;0,0000;-0,1853;2,7400;-2,1700;0;0,0551;18,1600;0;1;1;4;0;0
82,0278;9,1068;11,9000;-4,8635;-0,1477;0,0000;0,0000;0,0288;0,0000;0,0000;-0,1847;2,5900;-2,2700;0;0,0551;18,1600;0;1;1;4;0;0
82,0417;9,1068;11,9000;-4,8190;-0,1473;0,0000;0,0000;0,0288;0,0000;0,0000;-0,1841;2,4400;-2,3800;0;0,0551;18,1600;0;1;1;4;0;0
82,0556;9,1068;11,9000;-4,7849;-0,1469;0,0000;0,0000;0,0288;0,0000;0,0000;-0,1836;2,3000;-2,4900;0;0,0551;18,1600;0;1;1;4;0;0
82,0695;9,1068;11,9000;-4,7359;-0,1466;0,0000;0,0000;0,0288;0,0000;0,0000;-0,1833;2,1500;-2,5900;0;0,0551;18,1600;0;1;1;4;0;0
82,0834;8,8729;11,9000;-4,6980;-0,1441;0,0000;0,0000;0,0288;0,0000;0,0000;-0,1801;2,7500;-1,9400;0;0,0556;17,9900;0;1;1;4;0;0
82,0973;8,8269;11,9000;-4,6799;-0,1435;0,0000;0,0000;0,0288;0,0000;0,0000;-0,1794;2,7500;-1,9200;0;0,0557;17,9500;0;1;1;4;0;0
82,1111;8,7810;11,9000;-4,6620;-0,1430;0,0000;0,0000;0,0288;0,0000;0,0000;-0,1787;2,7600;-1,9000;0;0,0558;17,9200;0;1;1;4;0;0
82,1250;8,7351;11,9000;-4,6557;-0,1426;0,0000;0,0000;0,0288;0,0000;0,0000;-0,1782;2,7600;-1,8900;0;0,0559;17,8800;0;1;1;4;0;0
82,1389;8,6891;11,9000;-4,6557;-0,1422;0,0000;0,0000;0,0288;0,0000;0,0000;-0,1778;2,7600;-1,8900;0;0,0560;17,8500;0;1;1;4;0;0
82,1528;8,6501;11,9000;-4,6603;-0,1420;0,0000;0,0000;0,0288;0,0000;0,0000;-0,1774;2,7500;-1,9100;0;0,0561;17,8200;0;1;1;4;0;0
82,1667;8,6501;11,9000;-4,6753;-0,1414;0,0000;0,0000;0,0288;0,0000;0,0000;-0,1767;2,6000;-2,0700;0;0,0561;17,8200;0;1;1;4;0;0
82,1806;8,6501;11,9000;-4,6903;-0,1409;0,0000;0,0000;0,0288;0,0000;0,0000;-0,1761;2,4600;-2,2300;0;0,0561;17,8200;0;1;1;4;0;0
82,1945;8,6501;11,9000;-4,7105;-0,1405;0,0000;0,0000;0,0288;0,0000;0,0000;-0,1756;2,3100;-2,4000;0;0,0561;17,8200;0;1;1;4;0;0
82,2084;8,6501;11,9000;-4,7387;-0,1402;0,0000;0,0000;0,0288;0,0000;0,0000;-0,1752;2,1700;-2,5700;0;0,0561;17,8200;0;1;1;4;0;0
82,2223;8,4091;11,9000;-4,7604;-0,1375;0,0000;0,0000;0,0288;0,0000;0,0000;-0,1718;2,8100;-1,9400;0;0,0575;17,4000;0;1;1;4;0;0
82,2361;8,3631;11,9000;-4,7915;-0,1369;0,0000;0,0000;0,0288;0,0000;0,0000;-0,1711;2,8200;-1,9700;0;0,0577;17,3200;0;1;1;4;0;0
82,2500;8,3172;11,9000;-4,8339;-0,1364;0,0000;0,0000;0,0288;0,0000;0,0000;-0,1705;2,8200;-2,0100;0;0,0580;17,2400;0;1;1;4;0;0
82,2639;8,2713;11,9000;-4,8727;-0,1360;0,0000;0,0000;0,0288;0,0000;0,0000;-0,1700;2,8200;-2,0400;0;0,0582;17,1700;0;1;1;4;0;0
82,2778;8,2253;11,9000;-4,9144;-0,1357;0,0000;0,0000;0,0288;0,0000;0,0000;-0,1697;2,8200;-2,0900;0;0,0585;17,0900;0;1;1;4;0;0
82,2917;8,1938;11,9000;-4,9530;-0,1354;0,0000;0,0000;0,0288;0,0000;0,0000;-0,1693;2,7800;-2,1800;0;0,0587;17,0400;0;1;1;4;0;0
82,3056;8,1938;11,9000;-4,9996;-0,1349;0,0000;0,0000;0,0288;0,0000;0,0000;-0,1686;2,6200;-2,3800;0;0,0587;17,0400;0;1;1;4;0;0
82,3195;8,1938;11,9000;-5,0516;-0,1345;0,0000;0,0000;0,0288;0,0000;0,0000;-0,1681;2,4700;-2,5800;0;0,0587;17,0400;0;1;1;4;0;0
82,3334;8,1938;11,9000;-5,1109;-0,1342;0,0000;0,0000;0,0288;0,0000;0,0000;-0,1677;2,3100;-2,8000;0;0,0587;17,0400;0;1;1;4;0;0
82,3473;8,1938;11,9000;-5,2025;-0,1340;0,0000;0,0000;0,0288;0,0000;0,0000;-0,1675;2,1500;-3,0500;0;0,0587;17,0400;0;1;1;4;0;0
82,3611;7,9452;11,9000;-5,2856;-0,1312;0,0000;0,0000;0,0288;0,0000;0,0000;-0,1641;2,8600;-2,4200;0;0,0619;16,1600;0;1;1;8;0;0
82,3750;7,8993;11,9000;-5,3560;-0,1308;0,0000;0,0000;0,0288;0,0000;0,0000;-0,1635;2,8600;-2,4900;0;0,0624;16,0100;0;1;1;8;0;0
82,3889;7,8534;11,9000;-5,4092;-0,1305;0,0000;0,0000;0,0288;0,0000;0,0000;-0,1631;2,8600;-2,5500;0;0,0630;15,8600;0;1;1;8;0;0
82,4028;7,8074;11,9000;-5,4629;-0,1302;0,0000;0,0000;0,0288;0,0000;0,0000;-0,1628;2,8500;-2,6100;0;0,0636;15,7200;0;1;1;8;0;0
82,4167;7,7615;11,9000;-5,4910;-0,1301;0,0000;0,0000;0,0288;0,0000;0,0000;-0,1627;2,8400;-2,6400;0;0,0642;15,5700;0;1;1;8;0;0
82,4306;7,7375;11,9000;-5,5210;-0,1299;0,0000;0,0000;0,0288;0,0000;0,0000;-0,1624;2,7600;-2,7600;0;0,0645;15,5000;0;1;1;8;0;0
82,4445;7,7375;11,9000;-5,5362;-0,1295;0,0000;0,0000;0,0288;0,0000;0,0000;-0,1619;2,5900;-2,9500;0;0,0645;15,5000;0;1;1;8;0;0
82,4584;7,7375;11,9000;-5,5540;-0,1292;0,0000;0,0000;0,0288;0,0000;0,0000;-0,1615;2,4200;-3,1300;0;0,0645;15,5000;0;1;1;8;0;0
82,4723;7,7375;11,9000;-5,5686;-0,1291;0,0000;0,0000;0,0288;0,0000;0,0000;-0,1614;2,2500;-3,3200;0;0,0645;15,5000;0;1;1;8;0;0
82,4861;7,7375;11,9000;-5,5695;-0,1290;0,0000;0,0000;0,0288;0,0000;0,0000;-0,1613;2,0800;-3,4900;0;0,0645;15,5000;0;1;1;8;0;0
82,5000;7,4811;12,5000;-5,5579;-0,1260;0,0000;0,0000;0,0288;0,0000;0,0000;-0,1575;2,9400;-2,6100;0;0,0738;13,5600;0;1;1;8;0;0
82,5139;7,4328;12,5000;-5,5177;-0,1256;0,0000;0,0000;0,0288;0,0000;0,0000;-0,1570;2,9600;-2,5500;0;0,0755;13,2400;0;1;1;8;0;0
82,5278;7,3846;12,5000;-5,4611;-0,1253;0,0000;0,0000;0,0288;0,0000;0,0000;-0,1566;2,9800;-2,4700;0;0,0772;12,9500;0;1;1;8;0;0
82,5417;7,3363;12,5000;-5,4171;-0,1251;0,0000;0,0000;0,0288;0,0000;0,0000;-0,1563;3,0000;-2,4100;0;0,0790;12,6600;0;1;1;8;0;0
82,5556;7,2898;12,5000;-5,3662;-0,1249;0,0000;0,0000;0,0288;0,0000;0,0000;-0,1562;3,0200;-2,3500;0;0,0807;12,4000;0;1;1;8;0;0
82,5695;7,2898;12,5000;-5,3103;-0,1243;0,0000;0,0000;0,0288;0,0000;0,0000;-0,1553;2,8500;-2,4600;0;0,0807;12,4000;0;1;1;8;0;0
82,5834;7,2898;12,5000;-5,2563;-0,1237;0,0000;0,0000;0,0288;0,0000;0,0000;-0,1547;2,6800;-2,5800;0;0,0807;12,4000;0;1;1;8;0;0
82,5973;7,2898;12,5000;-5,1981;-0,1233;0,0000;0,0000;0,0288;0,0000;0,0000;-0,1541;2,5100;-2,6900;0;0,0807;12,4000;0;1;1;8;0;0
82,6111;7,2898;12,5000;-5,1310;-0,1229;0,0000;0,0000;0,0288;0,0000;0,0000;-0,1537;2,3500;-2,7800;0;0,0807;12,4000;0;1;1;8;0;0
82,6250;7,0407;12,5000;-5,0828;-0,1180;0,0000;0,0000;0,0288;0,0000;0,0000;-0,1475;4,0200;-1,0500;0;0,0375;26,6800;0;1;1;8;0;0
82,6389;6,9925;12,5000;-5,0339;-0,1170;0,0000;0,0000;0,0288;0,0000;0,0000;-0,1462;4,2100;-0,8100;0;0,0291;34,3300;0;1;1;8;0;0
82,6528;6,9442;12,5000;-4,9633;-0,1160;0,0000;0,0000;0,0288;0,0000;0,0000;-0,1450;4,4000;-0,5500;0;0,0208;48,1500;0;1;1;8;0;0
82,6667;6,8960;12,5000;-4,9081;-0,1151;0,0000;0,0000;0,0288;0,0000;0,0000;-0,1438;4,6000;-0,3000;0;0,0124;0,0000;0;1;1;8;0;0
82,6806;6,8478;12,5000;-4,8406;-0,1142;0,0000;0,0000;0,0288;0,0000;0,0000;-0,1428;4,8000;-0,0300;0;0,0040;0,0000;0;1;1;8;0;0
82,6945;6,8386;12,5000;-4,7654;-0,1125;0,0000;0,0000;0,0288;0,0000;0,0000;-0,1406;4,7100;-0,0500;0;0,0025;0,0000;0;1;1;8;0;0
82,7084;6,8386;12,5000;-4,6842;-0,1105;0,0000;0,0000;0,0288;0,0000;0,0000;-0,1381;4,5600;-0,1200;0;0,0025;0,0000;0;1;1;8;0;0
82,7223;6,8386;12,5000;-4,6062;-0,1087;0,0000;0,0000;0,0288;0,0000;0,0000;-0,1358;4,4100;-0,1900;0;0,0025;0,0000;0;1;1;8;0;0
82,7361;6,8386;12,3000;-4,5253;-0,1069;0,0000;0,0000;0,0288;0,0000;0,0000;-0,1336;4,2700;-0,2500;0;0,0025;0,0000;0;1;1;8;0;0
82,7500;6,6027;12,3000;-4,4467;-0,1052;0,0000;0,0000;0,0288;0,0000;0,0000;-0,1314;4,1300;-0,3200;0;0,0012;0,0000;0;1;1;8;0;0
82,7639;6,5553;12,3000;-4,3677;-0,1035;0,0000;0,0000;0,0288;0,0000;0,0000;-0,1294;3,9900;-0,3700;0;0,0009;0,0000;0;1;1;8;0;0
82,7778;6,5078;12,3000;-4,2846;-0,1020;0,0000;0,0000;0,0288;0,0000;0,0000;-0,1275;3,8600;-0,4300;0;0,0007;0,0000;0;1;1;8;0;0
82,7917;6,4604;12,3000;-4,1930;-0,1005;0,0000;0,0000;0,0288;0,0000;0,0000;-0,1256;3,7300;-0,4700;0;0,0004;0,0000;0;1;1;8;0;0
82,8056;6,4129;12,3000;-4,0691;-0,0991;0,0000;0,0000;0,0288;0,0000;0,0000;-0,1239;3,6000;-0,4700;1;0,0002;0,0000;0;1;1;8;0;0
82,8195;6,3822;12,3000;-3,8929;-0,0977;0,0000;0,0000;0,0288;0,0000;0,0000;-0,1222;3,4700;-0,4200;1;0,0000;0,0000;0;1;1;8;0;0
82,8334;6,3822;12,3000;-3,7303;-0,0964;0,0000;0,0000;0,0288;0,0000;0,0000;-0,1205;3,3600;-0,3700;1;0,0000;0,0000;0;1;1;8;0;0
82,8473;6,3822;12,3000;-3,5387;-0,0951;0,0000;0,0000;0,0288;0,0000;0,0000;-0,1188;3,2400;-0,2900;1;0,0000;0,0000;0;1;1;8;0;0
82,8611;6,3822;12,3000;-3,3339;-0,0938;0,0000;0,0000;0,0288;0,0000;0,0000;-0,1172;3,1400;-0,1900;1;0,0000;0,0000;0;1;1;8;0;0
82,8750;6,3822;12,3000;-3,1426;-0,0925;0,0000;0,0000;0,0288;0,0000;0,0000;-0,1156;3,0400;-0,1000;1;0,0000;0,0000;0;1;1;8;0;0
82,8889;6,1283;12,3000;-2,9497;-0,0912;0,0000;0,0000;0,0288;0,0000;0,0000;-0,1140;2,9500;0,0000;1;0,0000;0,0000;0;1;1;8;0;0
82,9028;6,0809;12,3000;-2,7241;-0,0900;0,0000;0,0000;0,0288;0,0000;0,0000;-0,1124;2,8600;0,1400;1;0,0001;0,0000;0;1;1;8;0;0
82,9167;6,0334;12,3000;-2,5288;-0,0887;0,0000;0,0000;0,0288;0,0000;0,0000;-0,1109;2,7800;0,2500;1;0,0001;0,0000;0;1;1;8;0;0
82,9306;5,9860;12,3000;-2,3330;-0,0874;0,0000;0,0000;0,0288;0,0000;0,0000;-0,1093;2,7100;0,3800;1;0,0001;0,0000;0;1;1;8;0;0
82,9445;5,9386;12,3000;-2,1491;-0,0862;0,0000;0,0000;0,0288;0,0000;0,0000;-0,1077;2,6400;0,4900;1;0,0001;0,0000;0;1;1;8;0;0
82,9584;5,9257;12,3000;-1,9697;-0,0849;0,0000;0,0000;0,0288;0,0000;0,0000;-0,1062;2,5800;0,6100;1;0,0001;0,0000;0;1;1;8;0;0
82,9723;5,9257;12,3000;-1,8200;-0,0837;0,0000;0,0000;0,0288;0,0000;0,0000;-0,1046;2,5200;0,7000;1;0,0001;0,0000;0;1;1;8;0;0
82,9861;5,9257;12,3000;-1,7103;-0,0824;0,0000;0,0000;0,0288;0,0000;0,0000;-0,1030;2,4700;0,7600;1;0,0001;0,0000;0;1;1;8;0;0
83,0000;5,9257;12,3000;-1,6014;-0,0812;0,0000;0,0000;0,0288;0,0000;0,0000;-0,1015;2,4200;0,8200;1;0,0001;0,0000;0;1;1;8;0;0
83,0139;5,9257;12,3000;-1,5295;-0,0800;0,0000;0,0000;0,0288;0,0000;0,0000;-0,1000;2,3700;0,8400;1;0,0001;0,0000;0;1;1;8;0;0
83,0278;5,6540;12,3000;-1,4591;-0,0788;0,0000;0,0000;0,0288;0,0000;0,0000;-0,0985;2,3300;0,8700;1;0,0000;0,0000;0;1;1;8;0;0
83,0417;5,6065;12,3000;-1,3399;-0,0776;0,0000;0,0000;0,0288;0,0000;0,0000;-0,0969;2,2800;0,9400;1;0,0000;0,0000;0;1;1;8;0;0
83,0556;5,5591;12,3000;-1,2356;-0,0763;0,0000;0,0000;0,0288;0,0000;0,0000;-0,0954;2,2500;1,0100;1;0,0000;0,0000;0;1;1;8;0;0
83,0695;5,5117;12,3000;-1,1124;-0,0751;0,0000;0,0000;0,0288;0,0000;0,0000;-0,0939;2,2100;1,1000;1;0,0000;0,0000;0;1;1;8;0;0
83,0834;5,4702;12,3000;-1,0879;-0,0740;0,0000;0,0000;0,0288;0,0000;0,0000;-0,0924;2,1800;1,0900;1;0,0000;0,0000;0;1;1;8;0;0
83,0973;5,4702;12,3000;-0,8671;-0,0727;0,0000;0,0000;0,0288;0,0000;0,0000;-0,0909;2,1500;1,2800;1;0,0000;0,0000;0;1;1;8;0;0
83,1111;5,4702;12,3000;-0,7397;-0,0715;0,0000;0,0000;0,0288;0,0000;0,0000;-0,0894;2,1300;1,3900;1;0,0000;0,0000;0;1;1;8;0;0
83,1250;5,4702;12,3000;-0,5969;-0,0702;0,0000;0,0000;0,0288;0,0000;0,0000;-0,0878;2,1100;1,5100;1;0,0000;0,0000;0;1;1;8;0;0
83,1389;5,4702;12,3000;-0,4482;-0,0689;0,0000;0,0000;0,0288;0,0000;0,0000;-0,0862;2,0900;1,6500;1;0,0000;0,0000;0;1;1;8;0;0
83,1528;5,2271;12,3000;-0,3078;-0,0676;0,0000;0,0000;0,0288;0,0000;0,0000;-0,0845;2,0900;1,7800;1;0,0000;0,0000;0;1;1;8;0;0
83,1667;5,1797;12,3000;-0,1353;-0,0662;0,0000;0,0000;0,0288;0,0000;0,0000;-0,0828;2,0800;1,9500;1;0,0000;0,0000;0;1;1;8;0;0
83,1806;5,1323;12,3000;0,0328;-0,0648;0,0000;0,0000;0,0288;0,0000;0,0000;-0,0810;2,0800;2,1200;1;0,0000;0,0000;0;1;1;8;0;0
83,1945;5,0848;12,3000;0,1819;-0,0634;0,0000;0,0000;0,0288;0,0000;0,0000;-0,0792;2,0900;2,2700;1;0,0000;0,0000;0;1;1;8;0;0
83,2084;5,0374;12,3000;0,3207;-0,0619;0,0000;0,0000;0,0288;0,0000;0,0000;-0,0774;2,1000;2,4200;1;0,0000;0,0000;0;1;1;8;0;0
83,2223;5,0127;12,3000;0,4353;-0,0604;0,0000;0,0000;0,0288;0,0000;0,0000;-0,0755;2,1200;2,5500;1;0,0000;0,0000;0;1;1;8;0;0
83,2361;5,0127;12,5000;0,4582;-0,0588;0,0000;0,0000;0,0288;0,0000;0,0000;-0,0736;2,1300;2,5900;1;0,0000;0,0000;0;1;1;8;0;0
83,2500;5,0127;12,5000;0,6306;-0,0572;0,0000;0,0000;0,0288;0,0000;0,0000;-0,0715;2,1500;2,7800;1;0,0000;0,0000;0;1;1;8;0;0
83,2639;5,0127;12,5000;0,7474;-0,0556;0,0000;0,0000;0,0288;0,0000;0,0000;-0,0695;2,1800;2,9200;1;0,0000;0,0000;0;1;1;8;0;0
83,2778;5,0127;12,5000;0,8045;-0,0539;0,0000;0,0000;0,0288;0,0000;0,0000;-0,0673;2,2000;3,0100;1;0,0000;0,0000;0;1;1;8;0;0
83,2917;4,7498;12,5000;0,8907;-0,0521;0,0000;0,0000;0,0288;0,0000;0,0000;-0,0652;2,2300;3,1200;1;0,0000;0,0000;0;1;1;8;0;0
83,3056;4,7017;12,5000;0,9190;-0,0504;0,0000;0,0000;0,0288;0,0000;0,0000;-0,0630;2,2600;3,1800;1;0,0000;0,0000;0;1;1;8;0;0
83,3195;4,6535;12,5000;0,9298;-0,0486;0,0000;0,0000;0,0288;0,0000;0,0000;-0,0607;2,2900;3,2200;1;0,0000;0,0000;0;1;1;8;0;0
83,3334;4,6053;12,5000;0,9363;-0,0468;0,0000;0,0000;0,0288;0,0000;0,0000;-0,0585;2,3200;3,2600;1;0,0000;0,0000;0;1;1;8;0;0
83,3473;4,5575;12,5000;0,9437;-0,0450;0,0000;0,0000;0,0288;0,0000;0,0000;-0,0562;2,3500;3,3000;1;0,0000;0,0000;0;1;1;8;0;0
83,3611;4,5575;12,5000;0,9456;-0,0431;0,0000;0,0000;0,0288;0,0000;0,0000;-0,0539;2,3800;3,3300;1;0,0000;0,0000;0;1;1;8;0;0
83,3750;4,5575;12,5000;0,9397;-0,0412;0,0000;0,0000;0,0288;0,0000;0,0000;-0,0515;2,4200;3,3600;1;0,0000;0,0000;0;1;1;5;0;0
83,3889;4,5575;12,5000;0,9385;-0,0393;0,0000;0,0000;0,0288;0,0000;0,0000;-0,0492;2,4500;3,3900;1;0,0000;0,0000;0;1;1;5;0;0
83,4028;4,5575;12,5000;0,8477;-0,0375;0,0000;0,0000;0,0288;0,0000;0,0000;-0,0468;2,4700;3,3200;1;0,0000;0,0000;0;1;1;5;0;0
83,4167;4,3163;12,5000;0,7535;-0,0356;0,0000;0,0000;0,0288;0,0000;0,0000;-0,0445;2,5000;3,2500;1;0,0000;0,0000;0;1;1;5;0;0
83,4306;4,2681;12,5000;0,7346;-0,0337;0,0000;0,0000;0,0288;0,0000;0,0000;-0,0421;2,5200;3,2600;1;0,0000;0,0000;0;1;1;5;0;0
83,4445;4,2200;12,5000;0,5995;-0,0318;0,0000;0,0000;0,0288;0,0000;0,0000;-0,0398;2,5400;3,1400;1;0,0000;0,0000;0;1;1;5;0;0
83,4584;4,1718;12,5000;0,5118;-0,0300;0,0000;0,0000;0,0288;0,0000;0,0000;-0,0375;2,5600;3,0700;1;0,0000;0,0000;0;1;1;5;0;0
83,4723;4,1236;12,5000;0,4300;-0,0282;0,0000;0,0000;0,0288;0,0000;0,0000;-0,0352;2,5800;3,0100;1;0,0000;0,0000;0;1;1;5;0;0
83,4861;4,1016;12,5000;0,3122;-0,0264;0,0000;0,0000;0,0288;0,0000;0,0000;-0,0329;2,5900;2,9000;1;0,0000;0,0000;0;1;1;5;0;0
83,5000;4,1016;12,5000;0,2248;-0,0246;0,0000;0,0000;0,0288;0,0000;0,0000;-0,0307;2,5900;2,8200;1;0,0000;0,0000;0;1;1;5;0;0
83,5139;4,1016;12,5000;0,1244;-0,0228;0,0000;0,0000;0,0288;0,0000;0,0000;-0,0285;2,6000;2,7200;1;0,0000;0,0000;0;1;1;5;0;0
83,5278;4,1016;12,5000;0,0592;-0,0210;0,0000;0,0000;0,0288;0,0000;0,0000;-0,0263;2,6000;2,6600;1;0,0000;0,0000;0;1;1;5;0;0
83,5417;4,1016;12,5000;0,0461;-0,0193;0,0000;0,0000;0,0288;0,0000;0,0000;-0,0241;2,6000;2,6500;1;0,0000;0,0000;0;1;1;5;0;0
83,5556;3,8346;12,5000;-0,0823;-0,0176;0,0000;0,0000;0,0288;0,0000;0,0000;-0,0219;2,6000;2,5200;1;0,0000;0,0000;0;1;1;5;0;0
83,5695;3,7864;12,5000;-0,1835;-0,0159;0,0000;0,0000;0,0288;0,0000;0,0000;-0,0198;2,6000;2,4100;1;0,0000;0,0000;0;1;1;5;0;0
83,5834;3,7382;12,5000;-0,3114;-0,0142;0,0000;0,0000;0,0288;0,0000;0,0000;-0,0178;2,5900;2,2700;1;0,0000;0,0000;0;1;1;5;0;0
83,5973;3,6900;12,5000;-0,4316;-0,0126;0,0000;0,0000;0,0288;0,0000;0,0000;-0,0157;2,5700;2,1400;1;0,0000;0,0000;0;1;1;5;0;0
83,6111;3,6453;12,5000;-0,5793;-0,0110;0,0000;0,0000;0,0288;0,0000;0,0000;-0,0138;2,5500;1,9800;1;0,0000;0,0000;0;1;1;5;0;0
83,6250;3,6453;12,5000;-0,6810;-0,0095;0,0000;0,0000;0,0288;0,0000;0,0000;-0,0118;2,5300;1,8500;1;0,0000;0,0000;0;1;1;5;0;0
83,6389;3,6453;12,5000;-0,7495;-0,0080;0,0000;0,0000;0,0288;0,0000;0,0000;-0,0100;2,5100;1,7600;1;0,0000;0,0000;0;1;1;5;0;0
83,6528;3,6453;12,5000;-0,7974;-0,0065;0,0000;0,0000;0,0288;0,0000;0,0000;-0,0081;2,4800;1,6900;1;0,0000;0,0000;0;1;1;5;0;0
83,6667;3,6453;12,5000;-0,8455;-0,0051;0,0000;0,0000;0,0288;0,0000;0,0000;-0,0063;2,4600;1,6100;1;0,0000;0,0000;0;1;1;5;0;0
83,6806;3,4009;12,5000;-0,9381;-0,0037;0,0000;0,0000;0,0288;0,0000;0,0000;-0,0046;2,4300;1,4900;1;0,0000;0,0000;0;1;1;5;0;0
83,6945;3,3527;12,5000;-0,9566;-0,0023;0,0000;0,0000;0,0288;0,0000;0,0000;-0,0029;2,4000;1,4400;1;0,0000;0,0000;0;1;1;5;0;0
83,7084;3,3045;12,5000;-1,1213;-0,0010;0,0000;0,0000;0,0288;0,0000;0,0000;-0,0012;2,3600;1,2400;1;0,0000;0,0000;0;1;1;5;0;0
83,7223;3,2563;12,5000;-1,2611;0,0003;0,0000;0,0000;0,0288;0,0000;0,0000;0,0003;2,3200;1,0600;1;0,0000;0,0000;0;1;1;5;0;0
83,7361;3,2081;12,3000;-1,3431;0,0015;0,0000;0,0000;0,0288;0,0000;0,0000;0,0019;2,2800;0,9400;1;0,0000;0,0000;0;1;1;5;0;0
83,7500;3,1893;12,3000;-1,3774;0,0027;0,0000;0,0000;0,0288;0,0000;0,0000;0,0033;2,2400;0,8600;1;0,0000;0,0000;0;1;1;5;0;0
83,7639;3,1893;12,3000;-1,4199;0,0038;0,0000;0,0000;0,0288;0,0000;0,0000;0,0047;2,1900;0,7700;1;0,0000;0,0000;0;1;1;5;0;0
83,7778;3,1893;12,3000;-1,4633;0,0049;0,0000;0,0000;0,0288;0,0000;0,0000;0,0061;2,1500;0,6800;1;0,0000;0,0000;0;1;1;5;0;0
83,7917;3,1893;12,3000;-1,4830;0,0059;0,0000;0,0000;0,0288;0,0000;0,0000;0,0074;2,1000;0,6200;1;0,0000;0,0000;0;1;1;5;0;0
83,8056;3,1893;12,3000;-1,5035;0,0070;0,0000;0,0000;0,0288;0,0000;0,0000;0,0087;2,0500;0,5500;1;0,0000;0,0000;0;1;1;5;0;0
83,8195;2,9235;12,3000;-1,5098;0,0079;0,0000;0,0000;0,0288;0,0000;0,0000;0,0099;2,0100;0,5000;1;0,0000;0,0000;0;1;1;5;0;0
83,8334;2,8760;12,3000;-1,4989;0,0089;0,0000;0,0000;0,0288;0,0000;0,0000;0,0111;1,9600;0,4600;1;0,0000;0,0000;0;1;1;5;0;0
83,8473;2,8286;12,3000;-1,4969;0,0098;0,0000;0,0000;0,0288;0,0000;0,0000;0,0122;1,9100;0,4100;1;0,0000;0,0000;0;1;1;5;0;0
83,8611;2,7812;12,3000;-1,2898;0,0107;0,0000;0,0000;0,0288;0,0000;0,0000;0,0134;1,8700;0,5800;1;0,0000;0,0000;0;1;1;5;0;0
83,8750;2,7337;12,3000;-1,1057;0,0117;0,0000;0,0000;0,0288;0,0000;0,0000;0,0146;1,8400;0,7300;1;0,0000;0,0000;0;1;1;5;0;0
83,8889;2,7330;12,3000;-0,9403;0,0126;0,0000;0,0000;0,0288;0,0000;0,0000;0,0158;1,8100;0,8700;1;0,0000;0,0000;0;1;1;5;0;0
83,9028;2,7330;12,3000;-0,7454;0,0136;0,0000;0,0000;0,0288;0,0000;0,0000;0,0170;1,7800;1,0400;1;0,0000;0,0000;0;1;1;5;0;0
83,9167;2,7330;12,3000;-0,5498;0,0146;0,0000;0,0000;0,0288;0,0000;0,0000;0,0183;1,7700;1,2200;1;0,0000;0,0000;0;1;1;5;0;0
83,9306;2,7330;12,3000;-0,3760;0,0157;0,0000;0,0000;0,0288;0,0000;0,0000;0,0196;1,7600;1,3800;1;0,0000;0,0000;0;1;1;5;0;0
83,9445;2,4965;12,3000;-0,2805;0,0168;0,0000;0,0000;0,0288;0,0000;0,0000;0,0210;1,7500;1,4700;1;0,0000;0,0000;0;1;1;5;0;0
83,9584;2,4491;12,3000;-0,2165;0,0179;0,0000;0,0000;0,0288;0,0000;0,0000;0,0224;1,7400;1,5200;1;0,0000;0,0000;0;1;1;5;0;0
83,9723;2,4017;12,3000;-0,1677;0,0190;0,0000;0,0000;0,0288;0,0000;0,0000;0,0237;1,7400;1,5700;1;0,0000;0,0000;0;1;1;5;0;0
83,9861;2,3542;12,3000;-0,1022;0,0201;0,0000;0,0000;0,0288;0,0000;0,0000;0,0251;1,7300;1,6300;1;0,0000;0,0000;0;1;1;5;0;0
84,0000;2,3068;12,3000;-0,0891;0,0212;0,0000;0,0000;0,0288;0,0000;0,0000;0,0265;1,7300;1,6400;1;0,0000;0,0000;0;1;1;5;0;0
84,0139;2,2775;12,3000;0,0125;0,0223;0,0000;0,0000;0,0288;0,0000;0,0000;0,0279;1,7300;1,7400;1;0,0000;0,0000;0;1;1;5;0;0
84,0278;2,2775;12,3000;0,0568;0,0235;0,0000;0,0000;0,0288;0,0000;0,0000;0,0294;1,7300;1,7900;1;0,0000;0,0000;0;1;1;5;0;0
84,0417;2,2775;12,3000;0,0996;0,0246;0,0000;0,0000;0,0288;0,0000;0,0000;0,0308;1,7300;1,8300;1;0,0000;0,0000;0;1;1;5;0;0
84,0556;2,2775;12,3000;0,1424;0,0258;0,0000;0,0000;0,0288;0,0000;0,0000;0,0323;1,7400;1,8800;1;0,0000;0,0000;0;1;1;5;0;0
84,0695;2,2775;12,3000;0,1778;0,0270;0,0000;0,0000;0,0288;0,0000;0,0000;0,0338;1,7400;1,9200;1;0,0000;0,0000;0;1;1;5;0;0
84,0834;2,0222;12,3000;0,2051;0,0282;0,0000;0,0000;0,0288;0,0000;0,0000;0,0353;1,7500;1,9500;1;0,0000;0,0000;0;1;1;5;0;0
84,0973;1,9748;12,3000;0,2267;0,0294;0,0000;0,0000;0,0288;0,0000;0,0000;0,0368;1,7600;1,9800;1;0,0000;0,0000;0;1;1;5;0;0
84,1111;1,9273;12,3000;0,2512;0,0307;0,0000;0,0000;0,0288;0,0000;0,0000;0,0383;1,7600;2,0200;1;0,0000;0,0000;0;1;1;5;0;0
84,1250;1,8799;12,3000;0,2650;0,0319;0,0000;0,0000;0,0288;0,0000;0,0000;0,0399;1,7700;2,0400;1;0,0000;0,0000;0;1;1;5;0;0
84,1389;1,8325;12,3000;0,2725;0,0331;0,0000;0,0000;0,0288;0,0000;0,0000;0,0414;1,7800;2,0500;1;0,0000;0,0000;0;1;1;5;0;0
84,1528;1,8212;12,3000;0,2741;0,0344;0,0000;0,0000;0,0288;0,0000;0,0000;0,0430;1,7900;2,0600;1;0,0000;0,0000;0;1;1;5;0;0
84,1667;1,8212;12,3000;0,2184;0,0356;0,0000;0,0000;0,0288;0,0000;0,0000;0,0445;1,8000;2,0200;1;0,0000;0,0000;0;1;1;5;0;0
84,1806;1,8212;12,3000;0,1527;0,0369;0,0000;0,0000;0,0288;0,0000;0,0000;0,0461;1,8000;1,9500;1;0,0000;0,0000;0;1;1;5;0;0
84,1945;1,8212;12,3000;0,0593;0,0381;0,0000;0,0000;0,0288;0,0000;0,0000;0,0476;1,8000;1,8600;1;0,0000;0,0000;0;1;1;5;0;0
84,2084;1,8212;12,3000;-0,0186;0,0393;0,0000;0,0000;0,0288;0,0000;0,0000;0,0491;1,8000;1,7900;1;0,0000;0,0000;0;1;1;5;0;0
84,2223;1,5479;12,3000;-0,0670;0,0405;0,0000;0,0000;0,0288;0,0000;0,0000;0,0506;1,8000;1,7300;1;0,0000;0,0000;0;1;1;5;0;0
84,2361;1,5005;12,3000;-0,1161;0,0417;0,0000;0,0000;0,0288;0,0000;0,0000;0,0521;1,8000;1,6800;1;0,0000;0,0000;0;1;1;5;0;0
84,2500;1,4530;12,3000;-0,1767;0,0428;0,0000;0,0000;0,0288;0,0000;0,0000;0,0535;1,7900;1,6200;1;0,0000;0,0000;0;1;1;5;0;0
84,2639;1,4056;12,3000;-0,2113;0,0439;0,0000;0,0000;0,0288;0,0000;0,0000;0,0549;1,7900;1,5800;1;0,0000;0,0000;0;1;1;5;0;0
84,2778;1,3648;12,3000;-0,2266;0,0451;0,0000;0,0000;0,0288;0,0000;0,0000;0,0563;1,7800;1,5500;1;0,0000;0,0000;0;1;1;5;0;0
84,2917;1,3648;12,3000;-0,2427;0,0462;0,0000;0,0000;0,0288;0,0000;0,0000;0,0577;1,7700;1,5300;1;0,0000;0,0000;0;1;1;5;0;0
84,3056;1,3648;12,3000;-0,2459;0,0473;0,0000;0,0000;0,0288;0,0000;0,0000;0,0591;1,7600;1,5200;1;0,0000;0,0000;0;1;1;5;0;0
84,3195;1,3648;12,3000;-0,2232;0,0484;0,0000;0,0000;0,0288;0,0000;0,0000;0,0605;1,7600;1,5300;1;0,0000;0,0000;0;1;1;5;0;0
84,3334;1,3648;12,3000;-0,1815;0,0495;0,0000;0,0000;0,0288;0,0000;0,0000;0,0619;1,7500;1,5700;1;0,0000;0,0000;0;1;1;5;0;0
84,3473;1,1210;12,3000;-0,1732;0,0507;0,0000;0,0000;0,0288;0,0000;0,0000;0,0633;1,7500;1,5700;1;0,0001;0,0000;0;1;1;5;0;0
84,3611;1,0736;12,3000;-0,0351;0,0518;0,0000;0,0000;0,0288;0,0000;0,0000;0,0648;1,7500;1,7100;1;0,0001;0,0000;0;1;1;5;0;0
84,3750;1,0261;12,3000;0,0767;0,0530;0,0000;0,0000;0,0288;0,0000;0,0000;0,0663;1,7500;1,8300;1;0,0001;0,0000;0;1;1;4;0;0
84,3889;0,9787;12,3000;0,1596;0,0542;0,0000;0,0000;0,0288;0,0000;0,0000;0,0678;1,7600;1,9100;1;0,0001;0,0000;0;1;1;4;0;0
84,4028;0,9313;12,3000;0,2538;0,0555;0,0000;0,0000;0,0288;0,0000;0,0000;0,0694;1,7600;2,0200;1;0,0001;0,0000;0;1;1;4;0;0
84,4167;0,9081;12,3000;0,3671;0,0568;0,0000;0,0000;0,0288;0,0000;0,0000;0,0710;1,7800;2,1400;1;0,0001;0,0000;0;1;1;4;0;0
84,4306;0,9081;12,3000;0,4283;0,0581;0,0000;0,0000;0,0288;0,0000;0,0000;0,0726;1,7900;2,2200;1;0,0001;0,0000;0;1;1;4;0;0
84,4445;0,9081;12,3000;0,4773;0,0594;0,0000;0,0000;0,0288;0,0000;0,0000;0,0743;1,8100;2,2800;1;0,0001;0,0000;0;1;1;4;0;0
84,4584;0,9081;12,3000;0,4871;0,0607;0,0000;0,0000;0,0288;0,0000;0,0000;0,0759;1,8200;2,3100;1;0,0001;0,0000;0;1;1;4;0;0
84,4723;0,9081;12,3000;0,5288;0,0621;0,0000;0,0000;0,0288;0,0000;0,0000;0,0776;1,8400;2,3700;1;0,0001;0,0000;0;1;1;4;0;0
84,4861;0,6467;12,3000;0,5660;0,0635;0,0000;0,0000;0,0288;0,0000;0,0000;0,0794;1,8600;2,4200;1;0,0001;0,0000;0;1;1;4;0;0
84,5000;0,5993;12,3000;0,6070;0,0649;0,0000;0,0000;0,0288;0,0000;0,0000;0,0811;1,8800;2,4800;1;0,0001;0,0000;0;1;1;4;0;0
84,5139;0,5519;12,3000;0,6426;0,0663;0,0000;0,0000;0,0288;0,0000;0,0000;0,0829;1,9000;2,5400;1;0,0002;0,0000;0;1;1;4;0;0
84,5278;0,5044;12,3000;0,6497;0,0678;0,0000;0,0000;0,0288;0,0000;0,0000;0,0847;1,9200;2,5700;1;0,0002;0,0000;0;1;1;4;0;0
84,5417;0,4570;12,3000;0,6697;0,0692;0,0000;0,0000;0,0288;0,0000;0,0000;0,0865;1,9400;2,6100;1;0,0002;0,0000;0;1;1;4;0;0
84,5556;0,4514;12,3000;0,6782;0,0707;0,0000;0,0000;0,0288;0,0000;0,0000;0,0884;1,9600;2,6400;1;0,0002;0,0000;0;1;1;4;0;0
84,5695;0,4514;12,3000;0,6869;0,0722;0,0000;0,0000;0,0288;0,0000;0,0000;0,0903;1,9900;2,6700;1;0,0002;0,0000;0;1;1;4;0;0
84,5834;0,4514;12,3000;0,6934;0,0737;0,0000;0,0000;0,0288;0,0000;0,0000;0,0921;2,0100;2,7000;1;0,0002;0,0000;0;1;1;4;0;0
84,5973;0,4514;12,3000;0,6950;0,0752;0,0000;0,0000;0,0288;0,0000;0,0000;0,0941;2,0300;2,7300;1;0,0002;0,0000;0;1;1;4;0;0
84,6111;0,2200;12,3000;0,6954;0,0768;0,0000;0,0000;0,0288;0,0000;0,0000;0,0960;2,0500;2,7500;1;0,0001;0,0000;0;1;1;4;0;0
84,6250;0,1725;12,3000;0,6879;0,0783;0,0000;0,0000;0,0288;0,0000;0,0000;0,0979;2,0800;2,7600;1;0,0001;0,0000;0;1;1;4;0;0
84,6389;0,1251;12,3000;0,6783;0,0799;0,0000;0,0000;0,0288;0,0000;0,0000;0,0999;2,1000;2,7800;1;0,0000;0,0000;0;1;1;4;0;0
84,6528;0,0777;12,3000;0,6734;0,0815;0,0000;0,0000;0,0288;0,0000;0,0000;0,1019;2,1200;2,7900;1;0,0000;0,0000;0;1;1;4;0;0
84,6667;0,0303;12,3000;0,6671;0,0831;0,0000;0,0000;0,0288;0,0000;0,0000;0,1039;2,1400;2,8100;1;0,0000;0,0000;0;1;1;4;0;0
84,6806;0,0000;12,3000;0,6603;0,0000;0,0000;0,0000;0,0288;0,0000;0,0000;0,0000;0,0000;0,0000;1;0,0000;0,0000;0;1;1;4;0;0
84,6945;0,0000;12,3000;0,6524;0,0000;0,0000;0,0000;0,0288;0,0000;0,0000;0,0000;0,0000;0,0000;1;0,0000;0,0000;0;1;1;4;0;0
84,7084;0,0000;12,3000;0,6443;0,0000;0,0000;0,0000;0,0288;0,0000;0,0000;0,0000;0,0000;0,0000;1;0,0000;0,0000;0;1;1;4;0;0
84,7223;0,0000;12,3000;0,6269;0,0000;0,0000;0,0000;0,0288;0,0000;0,0000;0,0000;0,0000;0,0000;1;0,0000;0,0000;0;1;1;4;0;0
84,7361;0,0000;12,5000;0,5932;0,0000;0,0000;0,0000;0,0288;0,0000;0,0000;0,0000;0,0000;0,0000;1;0,0000;0,0000;0;1;1;4;0;0
84,7500;364,2693;12,5000;0,5499;0,0929;0,0000;0,0000;0,0288;0,0000;0,0000;0,1161;2,2600;2,8100;1;0,0002;0,0000;0;1;1;4;0;0
84,7639;364,2212;12,5000;0,5413;0,0946;0,0000;0,0000;0,0288;0,0000;0,0000;0,1182;2,2800;2,8200;1;0,0002;0,0000;0;1;1;4;0;0
84,7778;364,1730;12,5000;0,4146;0,0962;0,0000;0,0000;0,0288;0,0000;0,0000;0,1203;2,2900;2,7100;1;0,0002;0,0000;0;1;1;4;0;0
84,7917;364,1248;12,5000;0,3122;0,0979;0,0000;0,0000;0,0288;0,0000;0,0000;0,1223;2,3100;2,6200;1;0,0003;0,0000;0;1;1;4;0;0
84,8056;364,0766;12,5000;0,2095;0,0995;0,0000;0,0000;0,0288;0,0000;0,0000;0,1244;2,3100;2,5200;1;0,0003;0,0000;0;1;1;4;0;0
84,8195;364,0737;12,5000;0,0886;0,1011;0,0000;0,0000;0,0288;0,0000;0,0000;0,1264;2,3200;2,4000;1;0,0003;0,0000;0;1;1;4;0;0
84,8334;364,0737;12,5000;-0,0539;0,1027;0,0000;0,0000;0,0288;0,0000;0,0000;0,1283;2,3200;2,2600;1;0,0003;0,0000;0;1;1;4;0;0
84,8473;364,0737;12,5000;-0,1833;0,1042;0,0000;0,0000;0,0288;0,0000;0,0000;0,1302;2,3100;2,1300;1;0,0003;0,0000;0;1;1;4;0;0
84,8611;364,0737;12,5000;-0,2867;0,1057;0,0000;0,0000;0,0288;0,0000;0,0000;0,1321;2,3000;2,0100;1;0,0003;0,0000;0;1;1;4;0;0
84,8750;363,8357;12,5000;-0,4140;0,1071;0,0000;0,0000;0,0288;0,0000;0,0000;0,1339;2,2900;1,8700;1;0,0002;0,0000;0;1;1;4;0;0
84,8889;363,7875;12,5000;-0,5760;0,1085;0,0000;0,0000;0,0288;0,0000;0,0000;0,1357;2,2700;1,6900;1;0,0002;0,0000;0;1;1;4;0;0
84,9028;363,7393;12,5000;-0,7341;0,1099;0,0000;0,0000;0,0288;0,0000;0,0000;0,1374;2,2500;1,5100;1;0,0001;0,0000;0;1;1;4;0;0
84,9167;363,6911;12,5000;-0,7657;0,1112;0,0000;0,0000;0,0288;0,0000;0,0000;0,1390;2,2200;1,4600;1;0,0001;0,0000;0;1;1;4;0;0
84,9306;363,6429;12,5000;-1,0555;0,1125;0,0000;0,0000;0,0288;0,0000;0,0000;0,1406;2,1900;1,1300;1;0,0001;0,0000;0;1;1;4;0;0
84,9445;363,6182;12,5000;-1,2552;0,1136;0,0000;0,0000;0,0288;0,0000;0,0000;0,1420;2,1500;0,9000;1;0,0001;0,0000;0;1;1;4;0;0
84,9584;363,6182;12,5000;-1,3915;0,1147;0,0000;0,0000;0,0288;0,0000;0,0000;0,1434;2,1100;0,7100;1;0,0001;0,0000;0;1;1;4;0;0
84,9723;363,6182;12,5000;-1,5401;0,1157;0,0000;0,0000;0,0288;0,0000;0,0000;0,1447;2,0600;0,5200;1;0,0001;0,0000;0;1;1;4;0;0
84,9861;363,6182;12,3000;-1,6373;0,1167;0,0000;0,0000;0,0288;0,0000;0,0000;0,1459;2,0100;0,3700;1;0,0001;0,0000;0;1;1;4;0;0
85,0000;363,6182;12,3000;-1,6738;0,1176;0,0000;0,0000;0,0288;0,0000;0,0000;0,1470;1,9500;0,2800;1;0,0001;0,0000;0;1;1;4;0;0
85,0139;363,3552;12,3000;-1,7063;0,1185;0,0000;0,0000;0,0288;0,0000;0,0000;0,1481;1,9000;0,1900;1;0,0001;0,0000;0;1;1;4;0;0
85,0278;363,3077;12,3000;-1,7467;0,1193;0,0000;0,0000;0,0288;0,0000;0,0000;0,1491;1,8500;0,1000;1;0,0001;0,0000;0;1;1;4;0;0
85,0417;363,2603;12,3000;-1,7826;0,1201;0,0000;0,0000;0,0288;0,0000;0,0000;0,1501;1,7900;0,0000;1;0,0001;0,0000;0;1;1;4;0;0
85,0556;363,2128;12,3000;-1,8033;0,1208;0,0000;0,0000;0,0288;0,0000;0,0000;0,1510;1,7300;-0,0700;1;0,0001;0,0000;0;1;1;4;0;0
85,0695;363,1654;12,3000;-1,8072;0,1215;0,0000;0,0000;0,0288;0,0000;0,0000;0,1519;1,6800;-0,1300;1;0,0001;0,0000;0;1;1;4;0;0
85,0834;363,1621;12,3000;-1,8197;0,1222;0,0000;0,0000;0,0288;0,0000;0,0000;0,1527;1,6200;-0,2000;1;0,0001;0,0000;0;1;1;4;0;0
85,0973;363,1621;12,3000;-1,8257;0,1228;0,0000;0,0000;0,0288;0,0000;0,0000;0,1535;1,5600;-0,2600;1;0,0001;0,0000;0;1;1;4;0;0
85,1111;363,1621;12,3000;-1,8213;0,1234;0,0000;0,0000;0,0288;0,0000;0,0000;0,1542;1,5100;-0,3200;1;0,0001;0,0000;0;1;1;4;0;0
85,1250;363,1621;12,3000;-1,8152;0,1239;0,0000;0,0000;0,0288;0,0000;0,0000;0,1549;1,4500;-0,3700;1;0,0001;0,0000;0;1;1;4;0;0
85,1389;362,9281;12,3000;-1,7950;0,1244;0,0000;0,0000;0,0288;0,0000;0,0000;0,1555;1,3900;-0,4000;1;0,0001;0,0000;0;1;1;4;0;0
85,1528;362,8807;12,3000;-1,7621;0,1249;0,0000;0,0000;0,0288;0,0000;0,0000;0,1561;1,3400;-0,4300;1;0,0001;0,0000;0;1;1;4;0;0
85,1667;362,8332;12,3000;-1,6971;0,1253;0,0000;0,0000;0,0288;0,0000;0,0000;0,1567;1,2800;-0,4100;1;0,0001;0,0000;0;1;1;4;0;0
85,1806;362,7858;12,3000;-1,6101;0,1258;0,0000;0,0000;0,0288;0,0000;0,0000;0,1572;1,2300;-0,3800;1;0,0001;0,0000;0;1;1;4;0;0
85,1945;362,7383;12,3000;-1,5192;0,1262;0,0000;0,0000;0,0288;0,0000;0,0000;0,1578;1,1800;-0,3300;1;0,0001;0,0000;0;1;1;4;0;0
85,2084;362,7026;12,3000;-1,4605;0,1266;0,0000;0,0000;0,0288;0,0000;0,0000;0,1583;1,1400;-0,3200;1;0,0001;0,0000;0;1;1;4;0;0
85,2223;362,7026;12,3000;-1,4487;0,1271;0,0000;0,0000;0,0288;0,0000;0,0000;0,1588;1,0900;-0,3500;1;0,0001;0,0000;0;1;1;4;0;0
85,2361;362,7026;12,3000;-1,3152;0,1274;0,0000;0,0000;0,0288;0,0000;0,0000;0,1593;1,0500;-0,2600;1;0,0001;0,0000;0;1;1;4;0;0
85,2500;362,7026;12,3000;-1,2397;0,1278;0,0000;0,0000;0,0288;0,0000;0,0000;0,1598;1,0100;-0,2300;1;0,0001;0,0000;0;1;1;4;0;0
85,2639;362,7026;12,3000;-1,1627;0,1282;0,0000;0,0000;0,0288;0,0000;0,0000;0,1602;0,9800;-0,1900;1;0,0001;0,0000;0;1;1;4;0;0
85,2778;362,4536;12,3000;-1,1096;0,1286;0,0000;0,0000;0,0288;0,0000;0,0000;0,1607;0,9400;-0,1700;1;0,0000;0,0000;0;1;1;4;0;0
85,2917;362,4061;12,3000;-1,0643;0,1289;0,0000;0,0000;0,0288;0,0000;0,0000;0,1612;0,9100;-0,1500;1;0,0000;0,0000;0;1;1;4;0;0
85,3056;362,3587;12,3000;-1,0173;0,1293;0,0000;0,0000;0,0288;0,0000;0,0000;0,1616;0,8800;-0,1400;1;0,0000;0,0000;0;1;1;4;0;0
85,3195;362,3112;12,3000;-0,9689;0,1296;0,0000;0,0000;0,0288;0,0000;0,0000;0,1620;0,8500;-0,1200;1;0,0000;0,0000;0;1;1;4;0;0
85,3334;362,2638;12,3000;-0,9445;0,1300;0,0000;0,0000;0,0288;0,0000;0,0000;0,1625;0,8200;-0,1300;1;0,0000;0,0000;0;1;1;4;0;0
85,3473;362,2511;12,3000;-0,9143;0,1303;0,0000;0,0000;0,0288;0,0000;0,0000;0,1628;0,7900;-0,1200;1;0,0000;0,0000;0;1;1;4;0;0
85,3611;362,2511;12,3000;-0,8900;0,1306;0,0000;0,0000;0,0288;0,0000;0,0000;0,1632;0,7600;-0,1300;1;0,0000;0,0000;0;1;1;4;0;0
85,3750;362,2511;12,3000;-0,8851;0,1309;0,0000;0,0000;0,0288;0,0000;0,0000;0,1636;0,7400;-0,1500;1;0,0000;0,0000;0;1;1;6;0;0
85,3889;362,2511;12,3000;-0,8666;0,1312;0,0000;0,0000;0,0288;0,0000;0,0000;0,1639;0,7100;-0,1600;1;0,0000;0,0000;0;1;1;6;0;0
85,4028;362,2511;12,3000;-0,8579;0,1314;0,0000;0,0000;0,0288;0,0000;0,0000;0,1643;0,6800;-0,1800;1;0,0000;0,0000;0;1;1;6;0;0
85,4167;361,9791;12,3000;-0,8548;0,1317;0,0000;0,0000;0,0288;0,0000;0,0000;0,1646;0,6600;-0,2000;1;0,0000;0,0000;0;1;1;6;0;0
85,4306;361,9316;12,3000;-0,8606;0,1319;0,0000;0,0000;0,0288;0,0000;0,0000;0,1649;0,6300;-0,2300;1;0,0000;0,0000;0;1;1;6;0;0
85,4445;361,8842;12,3000;-0,8655;0,1321;0,0000;0,0000;0,0288;0,0000;0,0000;0,1651;0,6000;-0,2600;1;0,0000;0,0000;0;1;1;6;0;0
85,4584;361,8367;12,3000;-0,8717;0,1323;0,0000;0,0000;0,0288;0,0000;0,0000;0,1654;0,5800;-0,3000;1;0,0000;0,0000;0;1;1;6;0;0
85,4723;361,7975;12,3000;-0,8742;0,1324;0,0000;0,0000;0,0288;0,0000;0,0000;0,1656;0,5500;-0,3300;1;0,0000;0,0000;0;1;1;6;0;0
85,4861;361,7975;12,3000;-0,8741;0,1326;0,0000;0,0000;0,0288;0,0000;0,0000;0,1658;0,5200;-0,3500;1;0,0000;0,0000;0;1;1;6;0;0
85,5000;361,7975;12,8000;-0,8741;0,1327;0,0000;0,0000;0,0288;0,0000;0,0000;0,1659;0,4900;-0,3800;1;0,0000;0,0000;0;1;1;6;0;0
85,5139;361,7975;12,8000;-0,8746;0,1329;0,0000;0,0000;0,0288;0,0000;0,0000;0,1661;0,4600;-0,4100;1;0,0000;0,0000;0;1;1;6;0;0
85,5278;361,7975;12,8000;-0,8747;0,1330;0,0000;0,0000;0,0288;0,0000;0,0000;0,1662;0,4400;-0,4400;1;0,0000;0,0000;0;1;1;6;0;0
85,5417;361,5462;12,8000;-0,8823;0,1330;0,0000;0,0000;0,0288;0,0000;0,0000;0,1663;0,4100;-0,4700;1;0,0000;0,0000;0;1;1;6;0;0
85,5556;361,4968;12,8000;-0,8920;0,1331;0,0000;0,0000;0,0288;0,0000;0,0000;0,1664;0,3800;-0,5100;1;0,0000;0,0000;0;1;1;6;0;0
85,5695;361,4474;12,8000;-0,9067;0,1331;0,0000;0,0000;0,0288;0,0000;0,0000;0,1664;0,3500;-0,5600;1;0,0000;0,0000;0;1;1;6;0;0
85,5834;361,3980;12,8000;-0,9281;0,1331;0,0000;0,0000;0,0288;0,0000;0,0000;0,1664;0,3200;-0,6100;1;0,0000;0,0000;0;1;1;6;0;0
85,5973;361,3486;12,8000;-0,9560;0,1331;0,0000;0,0000;0,0288;0,0000;0,0000;0,1664;0,2900;-0,6700;1;0,0000;0,0000;0;1;1;6;0;0
85,6111;361,3389;12,8000;-0,9893;0,1331;0,0000;0,0000;0,0288;0,0000;0,0000;0,1663;0,2600;-0,7300;1;0,0000;0,0000;0;1;1;6;0;0
85,6250;361,3389;12,8000;-1,0220;0,1330;0,0000;0,0000;0,0288;0,0000;0,0000;0,1662;0,2200;-0,8000;1;0,0000;0,0000;0;1;1;6;0;0
85,6389;361,3389;12,8000;-1,0509;0,1329;0,0000;0,0000;0,0288;0,0000;0,0000;0,1661;0,1900;-0,8600;1;0,0000;0,0000;0;1;1;6;0;0
85,6528;361,3389;12,8000;-1,0781;0,1327;0,0000;0,0000;0,0288;0,0000;0,0000;0,1659;0,1600;-0,9200;1;0,0000;0,0000;0;1;1;6;0;0
85,6667;361,1017;12,8000;-1,0994;0,1326;0,0000;0,0000;0,0288;0,0000;0,0000;0,1657;0,1200;-0,9800;1;0,0000;0,0000;0;1;1;6;0;0
85,6806;361,0523;12,8000;-1,1038;0,1323;0,0000;0,0000;0,0288;0,0000;0,0000;0,1654;0,0800;-1,0200;1;0,0000;0,0000;0;1;1;6;0;0
85,6945;361,0029;12,8000;-1,1278;0,1321;0,0000;0,0000;0,0288;0,0000;0,0000;0,1651;0,0400;-1,0800;1;0,0000;0,0000;0;1;1;6;0;0
85,7084;360,9536;12,8000;-1,1565;0,1318;0,0000;0,0000;0,0288;0,0000;0,0000;0,1648;0,0000;-1,1500;1;0,0000;0,0000;0;1;1;6;0;0
85,7223;360,9042;12,8000;-1,1532;0,1315;0,0000;0,0000;0,0288;0,0000;0,0000;0,1644;-0,0300;-1,1800;1;0,0000;0,0000;0;1;1;6;0;0
85,7361;360,8819;12,9000;-1,1527;0,1312;0,0000;0,0000;0,0288;0,0000;0,0000;0,1640;-0,0700;-1,2200;1;0,0000;0,0000;0;1;1;6;0;0
85,7500;360,8819;12,9000;-1,0931;0,1308;0,0000;0,0000;0,0288;0,0000;0,0000;0,1636;-0,1000;-1,2000;1;0,0000;0,0000;0;1;1;6;0;0
85,7639;360,8819;12,9000;-1,0423;0,1305;0,0000;0,0000;0,0288;0,0000;0,0000;0,1631;-0,1400;-1,1800;1;0,0000;0,0000;0;1;1;6;0;0
85,7778;360,8819;12,9000;-1,0320;0,1301;0,0000;0,0000;0,0288;0,0000;0,0000;0,1627;-0,1700;-1,2000;1;0,0000;0,0000;0;1;1;6;0;0
85,7917;360,8819;12,9000;-0,9859;0,1297;0,0000;0,0000;0,0288;0,0000;0,0000;0,1622;-0,2000;-1,1900;1;0,0000;0,0000;0;1;1;6;0;0
85,8056;360,6060;12,9000;-0,8436;0,1293;0,0000;0,0000;0,0288;0,0000;0,0000;0,1617;-0,2300;-1,0700;1;0,0000;0,0000;0;1;1;6;0;0
85,8195;360,5562;12,9000;-0,7649;0,1290;0,0000;0,0000;0,0288;0,0000;0,0000;0,1612;-0,2500;-1,0200;1;0,0000;0,0000;0;1;1;6;0;0
85,8334;360,5064;12,9000;-0,7492;0,1286;0,0000;0,0000;0,0288;0,0000;0,0000;0,1607;-0,2800;-1,0300;1;0,0000;0,0000;0;1;1;6;0;0
85,8473;360,4567;12,9000;-0,6825;0,1282;0,0000;0,0000;0,0288;0,0000;0,0000;0,1602;-0,3000;-0,9800;1;0,0000;0,0000;0;1;1;6;0;0
85,8611;360,4285;12,9000;-0,5301;0,1278;0,0000;0,0000;0,0288;0,0000;0,0000;0,1598;-0,3200;-0,8500;1;0,0000;0,0000;0;1;1;6;0;0
85,8750;360,4285;12,9000;-0,4339;0,1275;0,0000;0,0000;0,0288;0,0000;0,0000;0,1594;-0,3300;-0,7700;1;0,0000;0,0000;0;1;1;6;0;0
85,8889;360,4285;12,9000;-0,3661;0,1271;0,0000;0,0000;0,0288;0,0000;0,0000;0,1589;-0,3400;-0,7100;1;0,0000;0,0000;0;1;1;6;0;0
85,9028;360,4285;12,9000;-0,2856;0,1268;0,0000;0,0000;0,0288;0,0000;0,0000;0,1585;-0,3500;-0,6400;1;0,0000;0,0000;0;1;1;6;0;0
85,9167;360,4285;12,9000;-0,1983;0,1265;0,0000;0,0000;0,0288;0,0000;0,0000;0,1582;-0,3600;-0,5600;1;0,0000;0,0000;0;1;1;6;0;0
85,9306;360,1581;12,9000;-0,1810;0,1262;0,0000;0,0000;0,0288;0,0000;0,0000;0,1578;-0,3600;-0,5500;1;0,0000;0,0000;0;1;1;6;0;0
85,9445;360,1083;12,9000;-0,1019;0,1259;0,0000;0,0000;0,0288;0,0000;0,0000;0,1574;-0,3700;-0,4700;1;0,0000;0,0000;0;1;1;6;0;0
85,9584;360,0585;12,9000;-0,0219;0,1257;0,0000;0,0000;0,0288;0,0000;0,0000;0,1571;-0,3700;-0,3900;1;0,0000;0,0000;0;1;1;6;0;0
85,9723;360,0088;12,9000;0,0593;0,1254;0,0000;0,0000;0,0288;0,0000;0,0000;0,1568;-0,3700;-0,3100;1;0,0000;0,0000;0;1;1;6;0;0
85,9861;359,9693;12,9000;0,1390;0,1252;0,0000;0,0000;0,0288;0,0000;0,0000;0,1565;-0,3600;-0,2200;1;0,0000;0,0000;0;1;1;6;0;0
86,0000;359,9693;12,9000;0,2472;0,1250;0,0000;0,0000;0,0288;0,0000;0,0000;0,1563;-0,3500;-0,1000;1;0,0000;0,0000;0;1;1;6;0;0
86,0139;359,9693;12,9000;0,3422;0,1248;0,0000;0,0000;0,0288;0,0000;0,0000;0,1561;-0,3400;0,0000;1;0,0000;0,0000;0;1;1;6;0;0
86,0278;359,9693;12,9000;0,4226;0,1247;0,0000;0,0000;0,0288;0,0000;0,0000;0,1559;-0,3300;0,1000;1;0,0000;0,0000;0;1;1;6;0;0
86,0417;359,9693;12,9000;0,4941;0,1246;0,0000;0,0000;0,0288;0,0000;0,0000;0,1558;-0,3100;0,1900;1;0,0000;0,0000;0;1;1;6;0;0
86,0556;359,7101;12,9000;0,5548;0,1246;0,0000;0,0000;0,0288;0,0000;0,0000;0,1557;-0,2900;0,2700;1;0,0000;0,0000;0;1;1;6;0;0
86,0695;359,6604;12,9000;0,6507;0,1246;0,0000;0,0000;0,0288;0,0000;0,0000;0,1557;-0,2700;0,3800;1;0,0000;0,0000;0;1;1;6;0;0
86,0834;359,6106;12,9000;0,6988;0,1246;0,0000;0,0000;0,0288;0,0000;0,0000;0,1558;-0,2400;0,4600;1;0,0000;0,0000;0;1;1;6;0;0
86,0973;359,5608;12,9000;0,7599;0,1247;0,0000;0,0000;0,0288;0,0000;0,0000;0,1558;-0,2200;0,5400;1;0,0000;0,0000;0;1;1;6;0;0
86,1111;359,5156;12,9000;0,7923;0,1247;0,0000;0,0000;0,0288;0,0000;0,0000;0,1559;-0,1900;0,6000;1;0,0000;0,0000;0;1;1;6;0;0
86,1250;359,5156;12,9000;0,8171;0,1248;0,0000;0,0000;0,0288;0,0000;0,0000;0,1561;-0,1600;0,6500;1;0,0000;0,0000;0;1;1;6;0;0
86,1389;359,5156;12,9000;0,8341;0,1250;0,0000;0,0000;0,0288;0,0000;0,0000;0,1562;-0,1300;0,7000;1;0,0000;0,0000;0;1;1;6;0;0
86,1528;359,5156;12,9000;0,8392;0,1251;0,0000;0,0000;0,0288;0,0000;0,0000;0,1564;-0,1100;0,7300;1;0,0000;0,0000;0;1;1;6;0;0
86,1667;359,5156;12,9000;0,8387;0,1252;0,0000;0,0000;0,0288;0,0000;0,0000;0,1566;-0,0800;0,7600;1;0,0000;0,0000;0;1;1;6;0;0
86,1806;359,2622;12,9000;0,8190;0,1254;0,0000;0,0000;0,0288;0,0000;0,0000;0,1568;-0,0500;0,7700;1;0,0000;0,0000;0;1;1;6;0;0
86,1945;359,2125;12,9000;0,7690;0,1256;0,0000;0,0000;0,0288;0,0000;0,0000;0,1570;-0,0200;0,7400;1;0,0000;0,0000;0;1;1;6;0;0
86,2084;359,1627;12,9000;0,6858;0,1258;0,0000;0,0000;0,0288;0,0000;0,0000;0,1572;0,0000;0,6800;1;0,0000;0,0000;0;1;1;6;0;0
86,2223;359,1129;12,9000;0,5444;0,1259;0,0000;0,0000;0,0288;0,0000;0,0000;0,1574;0,0000;0,5600;1;0,0000;0,0000;0;1;1;6;0;0
86,2361;359,0632;12,7000;0,3849;0,1260;0,0000;0,0000;0,0288;0,0000;0,0000;0,1575;0,0300;0,4100;1;0,0000;0,0000;0;1;1;6;0;0
86,2500;359,0589;12,7000;0,2202;0,1261;0,0000;0,0000;0,0288;0,0000;0,0000;0,1576;0,0300;0,2600;1;0,0000;0,0000;0;1;1;6;0;0
86,2639;359,0589;12,7000;-0,0471;0,1261;0,0000;0,0000;0,0288;0,0000;0,0000;0,1576;0,0300;0,0000;1;0,0000;0,0000;0;1;1;6;0;0
86,2778;359,0589;12,7000;-0,3057;0,1260;0,0000;0,0000;0,0288;0,0000;0,0000;0,1575;0,0200;-0,2800;1;0,0000;0,0000;0;1;1;6;0;0
86,2917;359,0589;12,7000;-0,5584;0,1258;0,0000;0,0000;0,0288;0,0000;0,0000;0,1573;0,0000;-0,5500;1;0,0000;0,0000;0;1;1;6;0;0
86,3056;358,8182;12,7000;-0,7595;0,1256;0,0000;0,0000;0,0288;0,0000;0,0000;0,1570;-0,0200;-0,7800;1;0,0000;0,0000;0;1;1;6;0;0
86,3195;358,7692;12,7000;-0,9489;0,1254;0,0000;0,0000;0,0288;0,0000;0,0000;0,1567;-0,0500;-1,0000;1;0,0000;0,0000;0;1;1;6;0;0
86,3334;358,7202;12,7000;-1,1536;0,1250;0,0000;0,0000;0,0288;0,0000;0,0000;0,1563;-0,0900;-1,2400;1;0,0000;0,0000;0;1;1;6;0;0
86,3473;358,6712;12,7000;-1,3626;0,1246;0,0000;0,0000;0,0288;0,0000;0,0000;0,1557;-0,1300;-1,5000;1;0,0000;0,0000;0;1;1;6;0;0
86,3611;358,6222;12,7000;-1,5773;0,1240;0,0000;0,0000;0,0288;0,0000;0,0000;0,1551;-0,1800;-1,7600;1;0,0000;0,0000;0;1;1;6;0;0
86,3750;358,6026;12,7000;-1,7839;0,1234;0,0000;0,0000;0,0288;0,0000;0,0000;0,1543;-0,2400;-2,0300;1;0,0000;0,0000;0;1;1;6;0;0
86,3889;358,6026;12,7000;-1,9661;0,1227;0,0000;0,0000;0,0288;0,0000;0,0000;0,1534;-0,3100;-2,2700;1;0,0000;0,0000;0;1;1;7;0;0
86,4028;358,6026;12,7000;-2,0957;0,1219;0,0000;0,0000;0,0288;0,0000;0,0000;0,1524;-0,3700;-2,4700;1;0,0000;0,0000;0;1;1;7;0;0
86,4167;358,6026;12,7000;-2,1390;0,1211;0,0000;0,0000;0,0288;0,0000;0,0000;0,1514;-0,4400;-2,5800;1;0,0000;0,0000;0;1;1;7;0;0
86,4306;358,6026;12,7000;-2,1061;0,1203;0,0000;0,0000;0,0288;0,0000;0,0000;0,1503;-0,5100;-2,6200;1;0,0000;0,0000;0;1;1;7;0;0
86,4445;358,3282;12,7000;-2,0704;0,1193;0,0000;0,0000;0,0288;0,0000;0,0000;0,1492;-0,5800;-2,6500;1;0,0000;0,0000;0;1;1;7;0;0
86,4584;358,2792;12,7000;-2,0718;0,1184;0,0000;0,0000;0,0288;0,0000;0,0000;0,1480;-0,6500;-2,7200;1;0,0000;0,0000;0;1;1;7;0;0
86,4723;358,2303;12,7000;-2,0707;0,1174;0,0000;0,0000;0,0288;0,0000;0,0000;0,1468;-0,7200;-2,7900;1;0,0000;0,0000;0;1;1;7;0;0
86,4861;358,1813;12,6000;-2,0690;0,1164;0,0000;0,0000;0,0288;0,0000;0,0000;0,1455;-0,7800;-2,8500;1;0,0000;0,0000;0;1;1;7;0;0
86,5000;358,1472;12,6000;-2,0601;0,1153;0,0000;0,0000;0,0288;0,0000;0,0000;0,1441;-0,8500;-2,9100;1;0,0000;0,0000;0;1;1;7;0;0
86,5139;358,1472;12,6000;-2,0236;0,1142;0,0000;0,0000;0,0288;0,0000;0,0000;0,1428;-0,9100;-2,9400;1;0,0000;0,0000;0;1;1;7;0;0
86,5278;358,1472;12,6000;-1,9302;0,1131;0,0000;0,0000;0,0288;0,0000;0,0000;0,1413;-0,9800;-2,9100;1;0,0000;0,0000;0;1;1;7;0;0
86,5417;358,1472;12,6000;-1,8347;0,1119;0,0000;0,0000;0,0288;0,0000;0,0000;0,1399;-1,0400;-2,8700;1;0,0000;0,0000;0;1;1;7;0;0
86,5556;358,1472;12,6000;-1,7237;0,1108;0,0000;0,0000;0,0288;0,0000;0,0000;0,1385;-1,0900;-2,8200;1;0,0000;0,0000;0;1;1;7;0;0
86,5695;357,8897;12,6000;-1,6022;0,1096;0,0000;0,0000;0,0288;0,0000;0,0000;0,1370;-1,1400;-2,7500;1;0,0000;0,0000;0;1;1;7;0;0
86,5834;357,8411;12,6000;-1,4624;0,1085;0,0000;0,0000;0,0288;0,0000;0,0000;0,1356;-1,1900;-2,6500;1;0,0000;0,0000;0;1;1;7;0;0
86,5973;357,7925;12,6000;-1,3184;0,1073;0,0000;0,0000;0,0288;0,0000;0,0000;0,1342;-1,2300;-2,5500;1;0,0000;0,0000;0;1;1;7;0;0
86,6111;357,7439;12,6000;-1,1145;0,1062;0,0000;0,0000;0,0288;0,0000;0,0000;0,1328;-1,2700;-2,3800;1;0,0000;0,0000;0;1;1;7;0;0
86,6250;357,6953;12,6000;-0,9475;0,1051;0,0000;0,0000;0,0288;0,0000;0,0000;0,1314;-1,3000;-2,2500;1;0,0000;0,0000;0;1;1;7;0;0
86,6389;357,6902;12,6000;-0,8170;0,1040;0,0000;0,0000;0,0288;0,0000;0,0000;0,1300;-1,3300;-2,1400;1;0,0000;0,0000;0;1;1;7;0;0
86,6528;357,6902;12,6000;-0,7247;0,1029;0,0000;0,0000;0,0288;0,0000;0,0000;0,1287;-1,3500;-2,0700;1;0,0000;0,0000;0;1;1;7;0;0
86,6667;357,6902;12,6000;-0,6115;0,1019;0,0000;0,0000;0,0288;0,0000;0,0000;0,1274;-1,3700;-1,9800;1;0,0000;0,0000;0;1;1;7;0;0
86,6806;357,6902;12,6000;-0,5390;0,1008;0,0000;0,0000;0,0288;0,0000;0,0000;0,1260;-1,3800;-1,9200;1;0,0000;0,0000;0;1;1;7;0;0
86,6945;357,4524;12,6000;-0,4623;0,0998;0,0000;0,0000;0,0288;0,0000;0,0000;0,1247;-1,4000;-1,8600;1;0,0000;0,0000;0;1;1;7;0;0
86,7084;357,4038;12,6000;-0,3983;0,0987;0,0000;0,0000;0,0288;0,0000;0,0000;0,1234;-1,4100;-1,8100;1;0,0000;0,0000;0;1;1;7;0;0
86,7223;357,3552;12,6000;-0,3319;0,0977;0,0000;0,0000;0,0288;0,0000;0,0000;0,1221;-1,4200;-1,7500;1;0,0000;0,0000;0;1;1;7;0;0
86,7361;357,3066;12,6000;-0,2675;0,0967;0,0000;0,0000;0,0288;0,0000;0,0000;0,1208;-1,4300;-1,7000;1;0,0000;0,0000;0;1;1;7;0;0
86,7500;357,2580;12,6000;-0,1988;0,0957;0,0000;0,0000;0,0288;0,0000;0,0000;0,1196;-1,4400;-1,6300;1;0,0000;0,0000;0;1;1;7;0;0
86,7639;357,2350;12,6000;-0,1183;0,0947;0,0000;0,0000;0,0288;0,0000;0,0000;0,1183;-1,4400;-1,5600;1;0,0000;0,0000;0;1;1;7;0;0
86,7778;357,2350;12,6000;-0,0689;0,0937;0,0000;0,0000;0,0288;0,0000;0,0000;0,1171;-1,4400;-1,5100;1;0,0000;0,0000;0;1;1;7;0;0
86,7917;357,2350;12,6000;-0,0275;0,0927;0,0000;0,0000;0,0288;0,0000;0,0000;0,1159;-1,4400;-1,4700;1;0,0000;0,0000;0;1;1;7;0;0
86,8056;357,2350;12,6000;0,0081;0,0918;0,0000;0,0000;0,0288;0,0000;0,0000;0,1147;-1,4400;-1,4300;1;0,0000;0,0000;0;1;1;7;0;0
86,8195;357,2350;12,6000;0,0521;0,0908;0,0000;0,0000;0,0288;0,0000;0,0000;0,1135;-1,4400;-1,3900;1;0,0000;0,0000;0;1;1;7;0;0
86,8334;356,9664;12,6000;0,1006;0,0899;0,0000;0,0000;0,0288;0,0000;0,0000;0,1124;-1,4300;-1,3300;1;0,0000;0,0000;0;1;1;7;0;0
86,8473;356,9178;12,6000;0,1419;0,0890;0,0000;0,0000;0,0288;0,0000;0,0000;0,1112;-1,4300;-1,2900;1;0,0000;0,0000;0;1;1;7;0;0
86,8611;356,8692;12,6000;0,1926;0,0881;0,0000;0,0000;0,0288;0,0000;0,0000;0,1101;-1,4200;-1,2300;1;0,0000;0,0000;0;1;1;7;0;0
86,8750;356,8206;12,6000;0,2624;0,0872;0,0000;0,0000;0,0288;0,0000;0,0000;0,1090;-1,4100;-1,1500;1;0,0000;0,0000;0;1;1;7;0;0
86,8889;356,7784;12,6000;0,3311;0,0863;0,0000;0,0000;0,0288;0,0000;0,0000;0,1079;-1,4000;-1,0700;1;0,0000;0,0000;0;1;1;7;0;0
86,9028;356,7784;12,6000;0,3881;0,0854;0,0000;0,0000;0,0288;0,0000;0,0000;0,1068;-1,3900;-1,0000;1;0,0000;0,0000;0;1;1;7;0;0
86,9167;356,7784;12,6000;0,4589;0,0846;0,0000;0,0000;0,0288;0,0000;0,0000;0,1058;-1,3700;-0,9200;1;0,0000;0,0000;0;1;1;7;0;0
86,9306;356,7784;12,6000;0,5141;0,0839;0,0000;0,0000;0,0288;0,0000;0,0000;0,1048;-1,3600;-0,8400;1;0,0000;0,0000;0;1;1;7;0;0
86,9445;356,7784;12,6000;0,6093;0,0831;0,0000;0,0000;0,0288;0,0000;0,0000;0,1039;-1,3400;-0,7300;1;0,0000;0,0000;0;1;1;7;0;0
86,9584;356,5290;12,6000;0,6895;0,0824;0,0000;0,0000;0,0288;0,0000;0,0000;0,1030;-1,3100;-0,6200;1;0,0000;0,0000;0;1;1;7;0;0
86,9723;356,4804;12,6000;0,7583;0,0817;0,0000;0,0000;0,0288;0,0000;0,0000;0,1022;-1,2900;-0,5300;1;0,0000;0,0000;0;1;1;7;0;0
86,9861;356,4318;12,6000;0,8043;0,0811;0,0000;0,0000;0,0288;0,0000;0,0000;0,1014;-1,2600;-0,4600;1;0,0000;0,0000;0;1;1;7;0;0
87,0000;356,3832;12,7000;0,8313;0,0805;0,0000;0,0000;0,0288;0,0000;0,0000;0,1006;-1,2300;-0,4000;1;0,0000;0,0000;0;1;1;7;0;0
87,0139;356,3342;12,7000;0,8560;0,0799;0,0000;0,0000;0,0288;0,0000;0,0000;0,0998;-1,2100;-0,3500;1;0,0000;0,0000;0;1;1;7;0;0
87,0278;356,3227;12,7000;0,8704;0,0793;0,0000;0,0000;0,0288;0,0000;0,0000;0,0991;-1,1800;-0,3100;1;0,0000;0,0000;0;1;1;7;0;0
87,0417;356,3227;12,7000;0,8811;0,0787;0,0000;0,0000;0,0288;0,0000;0,0000;0,0984;-1,1500;-0,2700;1;0,0000;0,0000;0;1;1;7;0;0
87,0556;356,3227;12,7000;0,8843;0,0782;0,0000;0,0000;0,0288;0,0000;0,0000;0,0978;-1,1200;-0,2300;1;0,0000;0,0000;0;1;1;7;0;0
87,0695;356,3227;12,7000;0,8758;0,0777;0,0000;0,0000;0,0288;0,0000;0,0000;0,0971;-1,0900;-0,2100;1;0,0000;0,0000;0;1;1;7;0;0
87,0834;356,0892;12,7000;0,8605;0,0772;0,0000;0,0000;0,0288;0,0000;0,0000;0,0965;-1,0600;-0,2000;1;0,0000;0,0000;0;1;1;7;0;0
87,0973;356,0402;12,7000;0,8345;0,0767;0,0000;0,0000;0,0288;0,0000;0,0000;0,0959;-1,0300;-0,2000;1;0,0000;0,0000;0;1;1;7;0;0
87,1111;355,9912;12,7000;0,7893;0,0762;0,0000;0,0000;0,0288;0,0000;0,0000;0,0953;-1,0100;-0,2200;1;0,0000;0,0000;0;1;1;7;0;0
87,1250;355,9422;12,7000;0,7376;0,0758;0,0000;0,0000;0,0288;0,0000;0,0000;0,0947;-0,9800;-0,2400;1;0,0000;0,0000;0;1;1;7;0;0
87,1389;355,8932;12,7000;0,6975;0,0753;0,0000;0,0000;0,0288;0,0000;0,0000;0,0941;-0,9600;-0,2600;1;0,0000;0,0000;0;1;1;7;0;0
87,1528;355,8668;12,7000;0,6607;0,0748;0,0000;0,0000;0,0288;0,0000;0,0000;0,0935;-0,9400;-0,2700;1;0,0000;0,0000;0;1;1;7;0;0
87,1667;355,8668;12,7000;0,6369;0,0744;0,0000;0,0000;0,0288;0,0000;0,0000;0,0930;-0,9100;-0,2800;1;0,0000;0,0000;0;1;1;7;0;0
87,1806;355,8668;12,7000;0,6194;0,0739;0,0000;0,0000;0,0288;0,0000;0,0000;0,0924;-0,8900;-0,2700;1;0,0000;0,0000;0;1;1;7;0;0
87,1945;355,8668;12,7000;0,6051;0,0735;0,0000;0,0000;0,0288;0,0000;0,0000;0,0919;-0,8700;-0,2700;1;0,0000;0,0000;0;1;1;7;0;0
87,2084;355,8668;12,7000;0,6035;0,0731;0,0000;0,0000;0,0288;0,0000;0,0000;0,0914;-0,8500;-0,2500;1;0,0000;0,0000;0;1;1;7;0;0
87,2223;355,5993;12,7000;0,6387;0,0727;0,0000;0,0000;0,0288;0,0000;0,0000;0,0909;-0,8300;-0,1900;1;0,0000;0,0000;0;1;1;7;0;0
87,2361;355,5503;12,7000;0,7150;0,0723;0,0000;0,0000;0,0288;0,0000;0,0000;0,0904;-0,8100;-0,0900;1;0,0000;0,0000;0;1;1;7;0;0
87,2500;355,5013;12,7000;0,8752;0,0720;0,0000;0,0000;0,0288;0,0000;0,0000;0,0900;-0,7800;0,1000;1;0,0000;0,0000;0;1;1;7;0;0
87,2639;355,4523;12,7000;1,0979;0,0718;0,0000;0,0000;0,0288;0,0000;0,0000;0,0897;-0,7400;0,3500;1;0,0000;0,0000;0;1;1;7;0;0
87,2778;355,4105;12,7000;1,2781;0,0716;0,0000;0,0000;0,0288;0,0000;0,0000;0,0895;-0,7000;0,5800;1;0,0000;0,0000;0;1;1;7;0;0
87,2917;355,4105;12,7000;1,4788;0,0716;0,0000;0,0000;0,0288;0,0000;0,0000;0,0894;-0,6500;0,8300;1;0,0000;0,0000;0;1;1;7;0;0
87,3056;355,4105;12,7000;1,7641;0,0716;0,0000;0,0000;0,0288;0,0000;0,0000;0,0895;-0,5900;1,1700;1;0,0000;0,0000;0;1;1;7;0;0
87,3195;355,4105;12,7000;1,9971;0,0717;0,0000;0,0000;0,0288;0,0000;0,0000;0,0897;-0,5300;1,4700;1;0,0000;0,0000;0;1;1;7;0;0
87,3334;355,4105;12,7000;2,2108;0,0720;0,0000;0,0000;0,0288;0,0000;0,0000;0,0900;-0,4500;1,7600;1;0,0000;0,0000;0;1;1;7;0;0
87,3473;355,1583;12,7000;2,3578;0,0723;0,0000;0,0000;0,0288;0,0000;0,0000;0,0904;-0,3800;1,9800;1;0,0000;0,0000;0;1;1;7;0;0
87,3611;355,1093;12,7000;2,5089;0,0728;0,0000;0,0000;0,0288;0,0000;0,0000;0,0909;-0,2900;2,2100;1;0,0000;0,0000;0;1;1;7;0;0
87,3750;355,0603;12,7000;2,6102;0,0733;0,0000;0,0000;0,0288;0,0000;0,0000;0,0916;-0,2100;2,4000;1;0,0000;0,0000;0;1;1;7;0;0
87,3889;355,0113;12,7000;2,7213;0,0739;0,0000;0,0000;0,0288;0,0000;0,0000;0,0923;-0,1200;2,6000;1;0,0000;0,0000;0;1;1;2;0;0
87,4028;354,9623;12,7000;2,8042;0,0746;0,0000;0,0000;0,0288;0,0000;0,0000;0,0932;-0,0300;2,7800;1;0,0000;0,0000;0;1;1;2;0;0
87,4167;354,9547;12,7000;2,8286;0,0753;0,0000;0,0000;0,0288;0,0000;0,0000;0,0942;0,0700;2,8900;1;0,0000;0,0000;0;1;1;2;0;0
87,4306;354,9547;12,7000;2,8305;0,0761;0,0000;0,0000;0,0288;0,0000;0,0000;0,0952;0,1600;2,9900;1;0,0000;0,0000;0;1;1;2;0;0
87,4445;354,9547;12,7000;2,8272;0,0770;0,0000;0,0000;0,0288;0,0000;0,0000;0,0963;0,2500;3,0800;1;0,0000;0,0000;0;1;1;2;0;0
87,4584;354,9547;12,7000;2,8238;0,0780;0,0000;0,0000;0,0288;0,0000;0,0000;0,0975;0,3400;3,1700;1;0,0000;0,0000;0;1;1;2;0;0
87,4723;354,7173;12,7000;2,8160;0,0790;0,0000;0,0000;0,0288;0,0000;0,0000;0,0987;0,4400;3,2500;1;0,0000;0,0000;0;1;1;2;0;0
87,4861;354,6683;12,7000;2,7791;0,0800;0,0000;0,0000;0,0288;0,0000;0,0000;0,1001;0,5300;3,3100;1;0,0000;0,0000;0;1;1;2;0;0
87,5000;354,6193;12,7000;2,6999;0,0811;0,0000;0,0000;0,0288;0,0000;0,0000;0,1014;0,6200;3,3200;1;0,0000;0,0000;0;1;1;2;0;0
87,5139;354,5703;12,7000;2,5421;0,0823;0,0000;0,0000;0,0288;0,0000;0,0000;0,1028;0,7000;3,2400;1;0,0000;0,0000;0;1;1;2;0;0
87,5278;354,5214;12,7000;2,3745;0,0834;0,0000;0,0000;0,0288;0,0000;0,0000;0,1042;0,7800;3,1500;1;0,0000;0,0000;0;1;1;2;0;0
87,5417;354,4985;12,7000;2,1812;0,0845;0,0000;0,0000;0,0288;0,0000;0,0000;0,1057;0,8500;3,0300;1;0,0000;0,0000;0;1;1;2;0;0
87,5556;354,4985;12,7000;1,9859;0,0857;0,0000;0,0000;0,0288;0,0000;0,0000;0,1071;0,9200;2,9000;1;0,0000;0,0000;0;1;1;2;0;0
87,5695;354,4985;12,7000;1,7249;0,0868;0,0000;0,0000;0,0288;0,0000;0,0000;0,1085;0,9700;2,7000;1;0,0000;0,0000;0;1;1;2;0;0
87,5834;354,4985;12,7000;1,4693;0,0878;0,0000;0,0000;0,0288;0,0000;0,0000;0,1098;1,0200;2,4900;1;0,0000;0,0000;0;1;1;2;0;0
87,5973;354,4985;12,7000;1,2820;0,0889;0,0000;0,0000;0,0288;0,0000;0,0000;0,1111;1,0700;2,3500;1;0,0000;0,0000;0;1;1;2;0;0
87,6111;354,2275;12,7000;1,1416;0,0899;0,0000;0,0000;0,0288;0,0000;0,0000;0,1124;1,1000;2,2400;1;0,0000;0,0000;0;1;1;2;0;0
87,6250;354,1785;12,7000;1,0737;0,0910;0,0000;0,0000;0,0288;0,0000;0,0000;0,1137;1,1400;2,2100;1;0,0000;0,0000;0;1;1;2;0;0
87,6389;354,1295;12,7000;0,9671;0,0920;0,0000;0,0000;0,0288;0,0000;0,0000;0,1150;1,1700;2,1400;1;0,0000;0,0000;0;1;1;2;0;0
87,6528;354,0805;12,7000;0,8135;0,0931;0,0000;0,0000;0,0288;0,0000;0,0000;0,1163;1,2000;2,0100;1;0,0000;0,0000;0;1;1;2;0;0
87,6667;354,0421;12,7000;0,6608;0,0941;0,0000;0,0000;0,0288;0,0000;0,0000;0,1176;1,2200;1,8800;1;0,0000;0,0000;0;1;1;2;0;0
87,6806;354,0421;12,7000;0,4927;0,0951;0,0000;0,0000;0,0288;0,0000;0,0000;0,1188;1,2400;1,7300;1;0,0000;0,0000;0;1;1;2;0;0
87,6945;354,0421;12,7000;0,4061;0,0960;0,0000;0,0000;0,0288;0,0000;0,0000;0,1200;1,2500;1,6600;1;0,0000;0,0000;0;1;1;2;0;0
87,7084;354,0421;12,7000;0,3215;0,0970;0,0000;0,0000;0,0288;0,0000;0,0000;0,1212;1,2600;1,5800;1;0,0000;0,0000;0;1;1;2;0;0
87,7223;354,0421;12,7000;0,2527;0,0979;0,0000;0,0000;0,0288;0,0000;0,0000;0,1224;1,2700;1,5200;1;0,0000;0,0000;0;1;1;2;0;0
87,7361;353,7866;12,7000;0,1858;0,0988;0,0000;0,0000;0,0288;0,0000;0,0000;0,1236;1,2800;1,4600;1;0,0000;0,0000;0;1;1;2;0;0
87,7500;353,7376;12,7000;0,1188;0,0997;0,0000;0,0000;0,0288;0,0000;0,0000;0,1247;1,2800;1,4000;1;0,0000;0,0000;0;1;1;2;0;0
87,7639;353,6887;12,7000;0,0665;0,1007;0,0000;0,0000;0,0288;0,0000;0,0000;0,1258;1,2800;1,3500;1;0,0000;0,0000;0;1;1;2;0;0
87,7778;353,6397;12,7000;0,0103;0,1016;0,0000;0,0000;0,0288;0,0000;0,0000;0,1270;1,2800;1,2900;1;0,0000;0,0000;0;1;1;2;0;0
87,7917;353,5907;12,7000;-0,0685;0,1024;0,0000;0,0000;0,0288;0,0000;0,0000;0,1280;1,2800;1,2100;1;0,0000;0,0000;0;1;1;2;0;0
87,8056;353,5873;12,7000;-0,1716;0,1033;0,0000;0,0000;0,0288;0,0000;0,0000;0,1291;1,2800;1,1000;1;0,0000;0,0000;0;1;1;2;0;0
87,8195;353,5873;12,7000;-0,2619;0,1041;0,0000;0,0000;0,0288;0,0000;0,0000;0,1301;1,2700;1,0100;1;0,0000;0,0000;0;1;1;2;0;0
87,8334;353,5873;12,7000;-0,4101;0,1049;0,0000;0,0000;0,0288;0,0000;0,0000;0,1311;1,2500;0,8400;1;0,0000;0,0000;0;1;1;2;0;0
87,8473;353,5873;12,7000;-0,5891;0,1056;0,0000;0,0000;0,0288;0,0000;0,0000;0,1320;1,2400;0,6500;1;0,0000;0,0000;0;1;1;2;0;0
87,8611;353,3457;12,7000;-0,7936;0,1062;0,0000;0,0000;0,0288;0,0000;0,0000;0,1328;1,2100;0,4200;1;0,0000;0,0000;0;1;1;2;0;0
87,8750;353,2967;12,7000;-1,0487;0,1068;0,0000;0,0000;0,0288;0,0000;0,0000;0,1335;1,1800;0,1300;1;0,0000;0,0000;0;1;1;2;0;0
87,8889;353,2477;12,7000;-1,2708;0,1073;0,0000;0,0000;0,0288;0,0000;0,0000;0,1341;1,1400;-0,1300;1;0,0000;0,0000;0;1;1;2;0;0
87,9028;353,1987;12,7000;-1,5122;0,1077;0,0000;0,0000;0,0288;0,0000;0,0000;0,1346;1,0900;-0,4200;1;0,0000;0,0000;0;1;1;2;0;0
87,9167;353,1497;12,7000;-1,7591;0,1079;0,0000;0,0000;0,0288;0,0000;0,0000;0,1349;1,0300;-0,7300;1;0,0000;0,0000;0;1;1;2;0;0
87,9306;353,1293;12,7000;-1,9847;0,1081;0,0000;0,0000;0,0288;0,0000;0,0000;0,1352;0,9700;-1,0200;1;0,0000;0,0000;0;1;1;2;0;0
87,9445;353,1293;12,7000;-2,1765;0,1082;0,0000;0,0000;0,0288;0,0000;0,0000;0,1353;0,9000;-1,2800;1;0,0000;0,0000;0;1;1;2;0;0
87,9584;353,1293;12,7000;-2,3277;0,1082;0,0000;0,0000;0,0288;0,0000;0,0000;0,1353;0,8200;-1,5100;1;0,0000;0,0000;0;1;1;2;0;0
87,9723;353,1293;12,7000;-2,3963;0,1081;0,0000;0,0000;0,0288;0,0000;0,0000;0,1352;0,7400;-1,6500;1;0,0000;0,0000;0;1;1;2;0;0
87,9861;353,1293;12,7000;-2,4017;0,1080;0,0000;0,0000;0,0288;0,0000;0,0000;0,1350;0,6600;-1,7400;1;0,0000;0,0000;0;1;1;2;0;0
88,0000;352,8557;12,7000;-2,4062;0,1078;0,0000;0,0000;0,0288;0,0000;0,0000;0,1347;0,5900;-1,8200;1;0,0000;0,0000;0;1;1;2;0;0
88,0139;352,8067;12,7000;-2,4025;0,1076;0,0000;0,0000;0,0288;0,0000;0,0000;0,1344;0,5100;-1,8900;1;0,0000;0,0000;0;1;1;2;0;0
88,0278;352,7577;12,7000;-2,3905;0,1072;0,0000;0,0000;0,0288;0,0000;0,0000;0,1341;0,4300;-1,9600;1;0,0000;0,0000;0;1;1;2;0;0
88,0417;352,7087;12,7000;-2,3800;0,1069;0,0000;0,0000;0,0288;0,0000;0,0000;0,1336;0,3500;-2,0300;1;0,0000;0,0000;0;1;1;2;0;0
88,0556;352,6772;12,7000;-2,3748;0,1065;0,0000;0,0000;0,0288;0,0000;0,0000;0,1331;0,2800;-2,1000;1;0,0000;0,0000;0;1;1;2;0;0
88,0695;352,6772;12,7000;-2,3484;0,1060;0,0000;0,0000;0,0288;0,0000;0,0000;0,1326;0,2000;-2,1500;1;0,0000;0,0000;0;1;1;2;0;0
88,0834;352,6772;12,7000;-2,2920;0,1056;0,0000;0,0000;0,0288;0,0000;0,0000;0,1320;0,1300;-2,1700;1;0,0000;0,0000;0;1;1;2;0;0
88,0973;352,6772;12,7000;-2,2041;0,1050;0,0000;0,0000;0,0288;0,0000;0,0000;0,1313;0,0500;-2,1500;1;0,0000;0,0000;0;1;1;2;0;0
88,1111;352,6772;12,7000;-2,0668;0,1045;0,0000;0,0000;0,0288;0,0000;0,0000;0,1306;0,0000;-2,0800;1;0,0000;0,0000;0;1;1;2;0;0
88,1250;352,4148;12,7000;-1,9515;0,1040;0,0000;0,0000;0,0288;0,0000;0,0000;0,1300;-0,0800;-2,0300;1;0,0000;0,0000;0;1;1;2;0;0
88,1389;352,3658;12,7000;-1,8109;0,1034;0,0000;0,0000;0,0288;0,0000;0,0000;0,1293;-0,1400;-1,9500;1;0,0000;0,0000;0;1;1;2;0;0
88,1528;352,3168;12,7000;-1,6572;0,1029;0,0000;0,0000;0,0288;0,0000;0,0000;0,1286;-0,1900;-1,8500;1;0,0000;0,0000;0;1;1;2;0;0
88,1667;352,2678;12,7000;-1,5022;0,1024;0,0000;0,0000;0,0288;0,0000;0,0000;0,1280;-0,2400;-1,7400;1;0,0000;0,0000;0;1;1;2;0;0
88,1806;352,2188;12,7000;-1,3291;0,1018;0,0000;0,0000;0,0288;0,0000;0,0000;0,1273;-0,2800;-1,6100;1;0,0000;0,0000;0;1;1;2;0;0
88,1945;352,2172;12,7000;-1,2134;0,1013;0,0000;0,0000;0,0288;0,0000;0,0000;0,1267;-0,3200;-1,5300;1;0,0000;0,0000;0;1;1;2;0;0
88,2084;352,2172;12,7000;-1,0892;0,1008;0,0000;0,0000;0,0288;0,0000;0,0000;0,1260;-0,3600;-1,4500;1;0,0000;0,0000;0;1;1;2;0;0
88,2223;352,2172;12,7000;-0,9451;0,1003;0,0000;0,0000;0,0288;0,0000;0,0000;0,1254;-0,3900;-1,3300;1;0,0000;0,0000;0;1;1;2;0;0
88,2361;352,2172;12,5000;-0,7939;0,0998;0,0000;0,0000;0,0288;0,0000;0,0000;0,1248;-0,4100;-1,2100;1;0,0000;0,0000;0;1;1;2;0;0
88,2500;351,9746;12,5000;-0,6829;0,0994;0,0000;0,0000;0,0288;0,0000;0,0000;0,1242;-0,4300;-1,1200;1;0,0000;0,0000;0;1;1;2;0;0
88,2639;351,9263;12,5000;-0,5870;0,0990;0,0000;0,0000;0,0288;0,0000;0,0000;0,1237;-0,4500;-1,0400;1;0,0000;0,0000;0;1;1;2;0;0
88,2778;351,8781;12,5000;-0,5290;0,0985;0,0000;0,0000;0,0288;0,0000;0,0000;0,1232;-0,4700;-1,0000;1;0,0000;0,0000;0;1;1;2;0;0
88,2917;351,8299;12,5000;-0,4947;0,0981;0,0000;0,0000;0,0288;0,0000;0,0000;0,1226;-0,4800;-0,9800;1;0,0000;0,0000;0;1;1;2;0;0
88,3056;351,7817;12,5000;-0,4697;0,0977;0,0000;0,0000;0,0288;0,0000;0,0000;0,1221;-0,5000;-0,9700;1;0,0000;0,0000;0;1;1;2;0;0
88,3195;351,7617;12,5000;-0,4627;0,0972;0,0000;0,0000;0,0288;0,0000;0,0000;0,1215;-0,5100;-0,9700;1;0,0000;0,0000;0;1;1;2;0;0
88,3334;351,7617;12,5000;-0,4512;0,0968;0,0000;0,0000;0,0288;0,0000;0,0000;0,1210;-0,5300;-0,9800;1;0,0000;0,0000;0;1;1;2;0;0
88,3473;351,7617;12,5000;-0,4295;0,0963;0,0000;0,0000;0,0288;0,0000;0,0000;0,1204;-0,5400;-0,9700;1;0,0000;0,0000;0;1;1;2;0;0
88,3611;351,7617;12,5000;-0,4097;0,0959;0,0000;0,0000;0,0288;0,0000;0,0000;0,1198;-0,5500;-0,9600;1;0,0000;0,0000;0;1;1;2;0;0
88,3750;351,7617;12,5000;-0,3924;0,0954;0,0000;0,0000;0,0288;0,0000;0,0000;0,1192;-0,5600;-0,9600;1;0,0000;0,0000;0;1;1;2;0;0
88,3889;351,4923;12,5000;-0,3767;0,0949;0,0000;0,0000;0,0288;0,0000;0,0000;0,1186;-0,5800;-0,9500;1;0,0000;0,0000;0;1;1;4;0;0
88,4028;351,4441;12,5000;-0,3683;0,0944;0,0000;0,0000;0,0288;0,0000;0,0000;0,1180;-0,5900;-0,9600;1;0,0000;0,0000;0;1;1;4;0;0
88,4167;351,3959;12,5000;-0,3606;0,0939;0,0000;0,0000;0,0288;0,0000;0,0000;0,1174;-0,6000;-0,9600;1;0,0000;0,0000;0;1;1;4;0;0
88,4306;351,3476;12,5000;-0,3540;0,0934;0,0000;0,0000;0,0288;0,0000;0,0000;0,1167;-0,6100;-0,9600;1;0,0000;0,0000;0;1;1;4;0;0
88,4445;351,3086;12,5000;-0,3527;0,0929;0,0000;0,0000;0,0288;0,0000;0,0000;0,1161;-0,6200;-0,9700;1;0,0000;0,0000;0;1;1;4;0;0
88,4584;351,3086;12,5000;-0,3464;0,0924;0,0000;0,0000;0,0288;0,0000;0,0000;0,1155;-0,6300;-0,9800;1;0,0000;0,0000;0;1;1;4;0;0
88,4723;351,3086;12,5000;-0,3364;0,0919;0,0000;0,0000;0,0288;0,0000;0,0000;0,1148;-0,6400;-0,9800;1;0,0000;0,0000;0;1;1;4;0;0
88,4861;351,3086;12,5000;-0,3307;0,0913;0,0000;0,0000;0,0288;0,0000;0,0000;0,1141;-0,6500;-0,9800;1;0,0000;0,0000;0;1;1;4;0;0
88,5000;351,3086;12,5000;-0,3276;0,0908;0,0000;0,0000;0,0288;0,0000;0,0000;0,1135;-0,6600;-0,9900;1;0,0000;0,0000;0;1;1;4;0;0
88,5139;351,0583;12,5000;-0,3263;0,0903;0,0000;0,0000;0,0288;0,0000;0,0000;0,1128;-0,6700;-1,0000;1;0,0000;0,0000;0;1;1;4;0;0
88,5278;351,0101;12,5000;-0,3234;0,0897;0,0000;0,0000;0,0288;0,0000;0,0000;0,1121;-0,6800;-1,0100;1;0,0000;0,0000;0;1;1;4;0;0
88,5417;350,9619;12,5000;-0,3194;0,0892;0,0000;0,0000;0,0288;0,0000;0,0000;0,1115;-0,7000;-1,0100;1;0,0000;0,0000;0;1;1;4;0;0
88,5556;350,9136;12,5000;-0,3040;0,0886;0,0000;0,0000;0,0288;0,0000;0,0000;0,1108;-0,7000;-1,0100;1;0,0000;0,0000;0;1;1;4;0;0
88,5695;350,8654;12,5000;-0,2909;0,0881;0,0000;0,0000;0,0288;0,0000;0,0000;0,1101;-0,7100;-1,0100;1;0,0000;0,0000;0;1;1;4;0;0
88,5834;350,8482;12,5000;-0,2782;0,0875;0,0000;0,0000;0,0288;0,0000;0,0000;0,1094;-0,7200;-1,0000;1;0,0000;0,0000;0;1;1;4;0;0
88,5973;350,8482;12,5000;-0,2757;0,0869;0,0000;0,0000;0,0288;0,0000;0,0000;0,1087;-0,7300;-1,0100;1;0,0000;0,0000;0;1;1;4;0;0
88,6111;350,8482;12,5000;-0,2577;0,0864;0,0000;0,0000;0,0288;0,0000;0,0000;0,1079;-0,7400;-1,0000;1;0,0000;0,0000;0;1;1;4;0;0
88,6250;350,8482;12,5000;-0,2484;0,0858;0,0000;0,0000;0,0288;0,0000;0,0000;0,1072;-0,7500;-1,0000;1;0,0000;0,0000;0;1;1;4;0;0
88,6389;350,8482;12,5000;-0,2330;0,0852;0,0000;0,0000;0,0288;0,0000;0,0000;0,1065;-0,7600;-0,9900;1;0,0000;0,0000;0;1;1;4;0;0
88,6528;350,5761;12,5000;-0,2127;0,0847;0,0000;0,0000;0,0288;0,0000;0,0000;0,1058;-0,7600;-0,9800;1;0,0000;0,0000;0;1;1;4;0;0
88,6667;350,5279;12,5000;-0,1888;0,0841;0,0000;0,0000;0,0288;0,0000;0,0000;0,1051;-0,7700;-0,9600;1;0,0000;0,0000;0;1;1;4;0;0
88,6806;350,4796;12,5000;-0,1572;0,0836;0,0000;0,0000;0,0288;0,0000;0,0000;0,1044;-0,7700;-0,9300;1;0,0000;0,0000;0;1;1;4;0;0
88,6945;350,4314;12,5000;-0,1251;0,0830;0,0000;0,0000;0,0288;0,0000;0,0000;0,1038;-0,7800;-0,9000;1;0,0001;0,0000;0;1;1;4;0;0
88,7084;350,3922;12,5000;-0,0959;0,0825;0,0000;0,0000;0,0288;0,0000;0,0000;0,1031;-0,7800;-0,8800;1;0,0001;0,0000;0;1;1;4;0;0
88,7223;350,3922;12,5000;-0,0682;0,0819;0,0000;0,0000;0,0288;0,0000;0,0000;0,1024;-0,7800;-0,8500;1;0,0001;0,0000;0;1;1;4;0;0
88,7361;350,3922;12,5000;-0,0119;0,0814;0,0000;0,0000;0,0288;0,0000;0,0000;0,1018;-0,7800;-0,7900;1;0,0001;0,0000;0;1;1;4;0;0
88,7500;350,3922;12,2000;-0,0006;0,0809;0,0000;0,0000;0,0288;0,0000;0,0000;0,1011;-0,7800;-0,7800;1;0,0001;0,0000;0;1;1;4;0;0
88,7639;350,3922;12,2000;0,1244;0,0804;0,0000;0,0000;0,0288;0,0000;0,0000;0,1005;-0,7800;-0,6500;1;0,0001;0,0000;0;1;1;4;0;0
88,7778;350,1444;12,2000;0,2096;0,0800;0,0000;0,0000;0,0288;0,0000;0,0000;0,1000;-0,7700;-0,5600;1;0,0000;0,0000;0;1;1;4;0;0
88,7917;350,0974;12,2000;0,2657;0,0796;0,0000;0,0000;0,0288;0,0000;0,0000;0,0995;-0,7600;-0,5000;1;0,0000;0,0000;0;1;1;4;0;0
88,8056;350,0503;12,2000;0,2975;0,0792;0,0000;0,0000;0,0288;0,0000;0,0000;0,0990;-0,7500;-0,4500;1;0,0000;0,0000;0;1;1;4;0;0
88,8195;350,0032;12,2000;0,3318;0,0788;0,0000;0,0000;0,0288;0,0000;0,0000;0,0985;-0,7400;-0,4100;1;0,0000;0,0000;0;1;1;4;0;0
88,8334;349,9562;12,2000;0,3415;0,0784;0,0000;0,0000;0,0288;0,0000;0,0000;0,0980;-0,7300;-0,3900;1;0,0000;0,0000;0;1;1;4;0;0
88,8473;349,9395;12,2000;0,3438;0,0780;0,0000;0,0000;0,0288;0,0000;0,0000;0,0975;-0,7200;-0,3700;1;0,0000;0,0000;0;1;1;4;0;0
88,8611;349,9395;12,2000;0,3408;0,0777;0,0000;0,0000;0,0288;0,0000;0,0000;0,0971;-0,7100;-0,3700;1;0,0000;0,0000;0;1;1;4;0;0
88,8750;349,9395;12,2000;0,3270;0,0773;0,0000;0,0000;0,0288;0,0000;0,0000;0,0966;-0,7000;-0,3700;1;0,0000;0,0000;0;1;1;4;0;0
88,8889;349,9395;12,2000;0,2991;0,0769;0,0000;0,0000;0,0288;0,0000;0,0000;0,0962;-0,6900;-0,3900;1;0,0000;0,0000;0;1;1;4;0;0
88,9028;349,9395;12,2000;0,2935;0,0766;0,0000;0,0000;0,0288;0,0000;0,0000;0,0957;-0,6800;-0,3800;1;0,0000;0,0000;0;1;1;4;0;0
88,9167;349,6738;12,2000;0,2477;0,0762;0,0000;0,0000;0,0288;0,0000;0,0000;0,0952;-0,6700;-0,4200;1;0,0000;0,0000;0;1;1;4;0;0
88,9306;349,6267;12,2000;0,2323;0,0758;0,0000;0,0000;0,0288;0,0000;0,0000;0,0948;-0,6600;-0,4300;1;0,0000;0,0000;0;1;1;4;0;0
88,9445;349,5797;12,2000;0,2267;0,0755;0,0000;0,0000;0,0288;0,0000;0,0000;0,0943;-0,6500;-0,4300;1;0,0000;0,0000;0;1;1;4;0;0
88,9584;349,5326;12,2000;0,2153;0,0751;0,0000;0,0000;0,0288;0,0000;0,0000;0,0939;-0,6400;-0,4300;1;0,0000;0,0000;0;1;1;4;0;0
88,9723;349,4874;12,2000;0,1756;0,0748;0,0000;0,0000;0,0288;0,0000;0,0000;0,0935;-0,6400;-0,4600;1;0,0000;0,0000;0;1;1;4;0;0
88,9861;349,4874;12,2000;0,1303;0,0744;0,0000;0,0000;0,0288;0,0000;0,0000;0,0930;-0,6300;-0,5000;1;0,0000;0,0000;0;1;1;4;0;0
89,0000;349,4874;12,2000;0,1120;0,0740;0,0000;0,0000;0,0288;0,0000;0,0000;0,0925;-0,6300;-0,5200;1;0,0000;0,0000;0;1;1;4;0;0
89,0139;349,4874;12,2000;0,0999;0,0736;0,0000;0,0000;0,0288;0,0000;0,0000;0,0920;-0,6300;-0,5300;1;0,0000;0,0000;0;1;1;4;0;0
89,0278;349,4874;12,2000;0,0936;0,0732;0,0000;0,0000;0,0288;0,0000;0,0000;0,0916;-0,6200;-0,5300;1;0,0000;0,0000;0;1;1;4;0;0
89,0417;349,2502;12,2000;0,0698;0,0729;0,0000;0,0000;0,0288;0,0000;0,0000;0,0911;-0,6200;-0,5500;1;0,0000;0,0000;0;1;1;4;0;0
89,0556;349,2031;12,2000;0,0651;0,0725;0,0000;0,0000;0,0288;0,0000;0,0000;0,0906;-0,6200;-0,5500;1;0,0000;0,0000;0;1;1;4;0;0
89,0695;349,1560;12,2000;0,0153;0,0721;0,0000;0,0000;0,0288;0,0000;0,0000;0,0901;-0,6200;-0,6000;1;0,0000;0,0000;0;1;1;4;0;0
89,0834;349,1090;12,2000;-0,0016;0,0717;0,0000;0,0000;0,0288;0,0000;0,0000;0,0896;-0,6200;-0,6200;1;0,0000;0,0000;0;1;1;4;0;0
89,0973;349,0619;12,2000;-0,0113;0,0713;0,0000;0,0000;0,0288;0,0000;0,0000;0,0892;-0,6200;-0,6300;1;0,0000;0,0000;0;1;1;4;0;0
89,1111;349,0300;12,2000;-0,0156;0,0709;0,0000;0,0000;0,0288;0,0000;0,0000;0,0887;-0,6200;-0,6300;1;0,0000;0,0000;0;1;1;4;0;0
89,1250;349,0300;12,2000;-0,0176;0,0705;0,0000;0,0000;0,0288;0,0000;0,0000;0,0882;-0,6200;-0,6300;1;0,0000;0,0000;0;1;1;4;0;0
89,1389;349,0300;12,2000;-0,0176;0,0701;0,0000;0,0000;0,0288;0,0000;0,0000;0,0877;-0,6200;-0,6300;1;0,0000;0,0000;0;1;1;4;0;0
89,1528;349,0300;12,2000;-0,0226;0,0698;0,0000;0,0000;0,0288;0,0000;0,0000;0,0872;-0,6200;-0,6400;1;0,0000;0,0000;0;1;1;4;0;0
89,1667;349,0300;12,2000;-0,0243;0,0694;0,0000;0,0000;0,0288;0,0000;0,0000;0,0867;-0,6200;-0,6400;1;0,0000;0,0000;0;1;1;4;0;0
89,1806;348,7795;12,2000;-0,0239;0,0690;0,0000;0,0000;0,0288;0,0000;0,0000;0,0862;-0,6200;-0,6400;1;0,0000;0,0000;0;1;1;4;0;0
89,1945;348,7325;12,2000;-0,0267;0,0686;0,0000;0,0000;0,0288;0,0000;0,0000;0,0857;-0,6200;-0,6400;1;0,0000;0,0000;0;1;1;4;0;0
89,2084;348,6854;12,2000;-0,0273;0,0682;0,0000;0,0000;0,0288;0,0000;0,0000;0,0852;-0,6200;-0,6500;1;0,0000;0,0000;0;1;1;4;0;0
89,2223;348,6383;12,2000;-0,0897;0,0677;0,0000;0,0000;0,0288;0,0000;0,0000;0,0847;-0,6200;-0,7100;1;0,0000;0,0000;0;1;1;4;0;0
89,2361;348,5913;12,5000;-0,1504;0,0673;0,0000;0,0000;0,0288;0,0000;0,0000;0,0841;-0,6200;-0,7800;1;0,0000;0,0000;0;1;1;4;0;0
89,2500;348,5649;12,5000;-0,2037;0,0669;0,0000;0,0000;0,0288;0,0000;0,0000;0,0836;-0,6300;-0,8300;1;0,0000;0,0000;0;1;1;4;0;0
89,2639;348,5649;12,5000;-0,2659;0,0664;0,0000;0,0000;0,0288;0,0000;0,0000;0,0830;-0,6400;-0,9000;1;0,0000;0,0000;0;1;1;4;0;0
89,2778;348,5649;12,5000;-0,3376;0,0659;0,0000;0,0000;0,0288;0,0000;0,0000;0,0823;-0,6500;-0,9900;1;0,0000;0,0000;0;1;1;4;0;0
89,2917;348,5649;12,5000;-0,4016;0,0654;0,0000;0,0000;0,0288;0,0000;0,0000;0,0817;-0,6600;-1,0600;1;0,0000;0,0000;0;1;1;4;0;0
89,3056;348,5649;12,5000;-0,4464;0,0648;0,0000;0,0000;0,0288;0,0000;0,0000;0,0810;-0,6700;-1,1200;1;0,0000;0,0000;0;1;1;4;0;0
89,3195;348,3019;12,5000;-0,5012;0,0642;0,0000;0,0000;0,0288;0,0000;0,0000;0,0803;-0,6900;-1,1900;1;0,0000;0,0000;0;1;1;4;0;0
89,3334;348,2537;12,5000;-0,5406;0,0636;0,0000;0,0000;0,0288;0,0000;0,0000;0,0796;-0,7100;-1,2500;1;0,0000;0,0000;0;1;1;4;0;0
89,3473;348,2055;12,5000;-0,5693;0,0630;0,0000;0,0000;0,0288;0,0000;0,0000;0,0788;-0,7300;-1,2900;1;0,0000;0,0000;0;1;1;4;0;0
89,3611;348,1573;12,5000;-0,5751;0,0624;0,0000;0,0000;0,0288;0,0000;0,0000;0,0780;-0,7400;-1,3200;1;0,0000;0,0000;0;1;1;4;0;0
89,3750;348,1301;12,5000;-0,5917;0,0618;0,0000;0,0000;0,0288;0,0000;0,0000;0,0772;-0,7600;-1,3500;1;0,0000;0,0000;0;1;1;4;0;0
89,3889;348,1301;12,5000;-0,5959;0,0611;0,0000;0,0000;0,0288;0,0000;0,0000;0,0764;-0,7800;-1,3800;1;0,0000;0,0000;0;1;1;9;0;0
89,4028;348,1301;12,5000;-0,5904;0,0605;0,0000;0,0000;0,0288;0,0000;0,0000;0,0756;-0,8000;-1,3900;1;0,0000;0,0000;0;1;1;9;0;0
89,4167;348,1301;12,5000;-0,5767;0,0598;0,0000;0,0000;0,0288;0,0000;0,0000;0,0747;-0,8200;-1,3900;1;0,0000;0,0000;0;1;1;9;0;0
89,4306;348,1301;12,5000;-0,5537;0,0591;0,0000;0,0000;0,0288;0,0000;0,0000;0,0739;-0,8300;-1,3900;1;0,0000;0,0000;0;1;1;9;0;0
89,4445;347,8680;12,5000;-0,5492;0,0584;0,0000;0,0000;0,0288;0,0000;0,0000;0,0730;-0,8500;-1,4000;1;0,0000;0,0000;0;1;1;9;0;0
89,4584;347,8198;12,5000;-0,4325;0,0577;0,0000;0,0000;0,0288;0,0000;0,0000;0,0722;-0,8600;-1,3000;1;0,0000;0,0000;0;1;1;9;0;0
89,4723;347,7715;12,5000;-0,3468;0,0571;0,0000;0,0000;0,0288;0,0000;0,0000;0,0714;-0,8700;-1,2200;1;0,0000;0,0000;0;1;1;9;0;0
89,4861;347,7233;12,3000;-0,2679;0,0564;0,0000;0,0000;0,0288;0,0000;0,0000;0,0706;-0,8800;-1,1500;1;0,0000;0,0000;0;1;1;9;0;0
89,5000;347,6759;12,3000;-0,1908;0,0558;0,0000;0,0000;0,0288;0,0000;0,0000;0,0698;-0,8900;-1,0800;1;0,0000;0,0000;0;1;1;9;0;0
89,5139;347,6710;12,3000;-0,1753;0,0552;0,0000;0,0000;0,0288;0,0000;0,0000;0,0690;-0,8900;-1,0700;1;0,0000;0,0000;0;1;1;9;0;0
89,5278;347,6710;12,3000;-0,0064;0,0546;0,0000;0,0000;0,0288;0,0000;0,0000;0,0683;-0,8900;-0,9000;1;0,0000;0,0000;0;1;1;9;0;0
89,5417;347,6710;12,3000;0,1262;0,0541;0,0000;0,0000;0,0288;0,0000;0,0000;0,0676;-0,8900;-0,7600;1;0,0000;0,0000;0;1;1;9;0;0
89,5556;347,6710;12,3000;0,2344;0,0536;0,0000;0,0000;0,0288;0,0000;0,0000;0,0670;-0,8800;-0,6400;1;0,0000;0,0000;0;1;1;9;0;0
89,5695;347,4386;12,3000;0,3347;0,0531;0,0000;0,0000;0,0288;0,0000;0,0000;0,0664;-0,8700;-0,5300;1;0,0000;0,0000;0;1;1;9;0;0
89,5834;347,3912;12,3000;0,4366;0,0527;0,0000;0,0000;0,0288;0,0000;0,0000;0,0658;-0,8500;-0,4200;1;0,0000;0,0000;0;1;1;9;0;0
89,5973;347,3437;12,3000;0,5189;0,0522;0,0000;0,0000;0,0288;0,0000;0,0000;0,0653;-0,8400;-0,3200;1;0,0000;0,0000;0;1;1;9;0;0
89,6111;347,2963;12,3000;0,6024;0,0519;0,0000;0,0000;0,0288;0,0000;0,0000;0,0648;-0,8200;-0,2100;1;0,0000;0,0000;0;1;1;9;0;0
89,6250;347,2488;12,3000;0,6601;0,0515;0,0000;0,0000;0,0288;0,0000;0,0000;0,0644;-0,8000;-0,1400;1;0,0000;0,0000;0;1;1;9;0;0
89,6389;347,2148;12,3000;0,7197;0,0512;0,0000;0,0000;0,0288;0,0000;0,0000;0,0640;-0,7700;-0,0500;1;0,0000;0,0000;0;1;1;9;0;0
89,6528;347,2148;12,3000;0,7648;0,0509;0,0000;0,0000;0,0288;0,0000;0,0000;0,0636;-0,7500;0,0200;1;0,0000;0,0000;0;1;1;9;0;0
89,6667;347,2148;12,3000;0,7738;0,0506;0,0000;0,0000;0,0288;0,0000;0,0000;0,0632;-0,7200;0,0500;1;0,0000;0,0000;0;1;1;9;0;0
89,6806;347,2148;12,3000;0,8285;0,0504;0,0000;0,0000;0,0288;0,0000;0,0000;0,0629;-0,7000;0,1300;1;0,0000;0,0000;0;1;1;9;0;0
89,6945;347,2148;12,3000;0,8617;0,0501;0,0000;0,0000;0,0288;0,0000;0,0000;0,0627;-0,6700;0,1900;1;0,0000;0,0000;0;1;1;9;0;0
89,7084;346,9641;12,3000;0,8889;0,0499;0,0000;0,0000;0,0288;0,0000;0,0000;0,0624;-0,6400;0,2500;1;0,0000;0,0000;0;1;1;9;0;0
89,7223;346,9166;12,3000;0,9011;0,0498;0,0000;0,0000;0,0288;0,0000;0,0000;0,0622;-0,6100;0,2900;1;0,0000;0,0000;0;1;1;9;0;0
89,7361;346,8692;12,3000;0,9086;0,0496;0,0000;0,0000;0,0288;0,0000;0,0000;0,0620;-0,5800;0,3300;1;0,0000;0,0000;0;1;1;9;0;0
89,7500;346,8217;12,3000;0,9078;0,0495;0,0000;0,0000;0,0288;0,0000;0,0000;0,0619;-0,5500;0,3600;1;0,0001;0,0000;0;1;1;9;0;0
89,7639;346,7743;12,3000;0,9007;0,0494;0,0000;0,0000;0,0288;0,0000;0,0000;0,0617;-0,5200;0,3800;1;0,0001;0,0000;0;1;1;9;0;0
89,7778;346,7606;12,3000;0,8900;0,0493;0,0000;0,0000;0,0288;0,0000;0,0000;0,0616;-0,4900;0,4000;1;0,0001;0,0000;0;1;1;9;0;0
89,7917;346,7606;12,3000;0,8678;0,0492;0,0000;0,0000;0,0288;0,0000;0,0000;0,0615;-0,4700;0,4000;1;0,0001;0,0000;0;1;1;9;0;0
89,8056;346,7606;12,3000;0,8393;0,0491;0,0000;0,0000;0,0288;0,0000;0,0000;0,0614;-0,4400;0,4000;1;0,0001;0,0000;0;1;1;9;0;0
89,8195;346,7606;12,3000;0,8336;0,0490;0,0000;0,0000;0,0288;0,0000;0,0000;0,0613;-0,4100;0,4200;1;0,0001;0,0000;0;1;1;9;0;0
89,8334;346,7606;12,3000;0,7859;0,0490;0,0000;0,0000;0,0288;0,0000;0,0000;0,0612;-0,3900;0,4000;1;0,0001;0,0000;0;1;1;9;0;0
89,8473;346,4896;12,3000;0,7615;0,0489;0,0000;0,0000;0,0288;0,0000;0,0000;0,0612;-0,3600;0,4000;1;0,0000;0,0000;0;1;1;9;0;0
89,8611;346,4421;12,3000;0,7397;0,0489;0,0000;0,0000;0,0288;0,0000;0,0000;0,0611;-0,3400;0,4000;1;0,0000;0,0000;0;1;1;9;0;0
89,8750;346,3947;12,3000;0,7206;0,0489;0,0000;0,0000;0,0288;0,0000;0,0000;0,0611;-0,3100;0,4100;1;0,0000;0,0000;0;1;1;9;0;0
89,8889;346,3472;12,3000;0,7041;0,0489;0,0000;0,0000;0,0288;0,0000;0,0000;0,0611;-0,2900;0,4100;1;0,0000;0,0000;0;1;1;9;0;0
89,9028;346,3045;12,3000;0,7057;0,0489;0,0000;0,0000;0,0288;0,0000;0,0000;0,0611;-0,2700;0,4400;1;0,0000;0,0000;0;1;1;9;0;0
89,9167;346,3045;12,3000;0,7187;0,0489;0,0000;0,0000;0,0288;0,0000;0,0000;0,0611;-0,2400;0,4700;1;0,0000;0,0000;0;1;1;9;0;0
89,9306;346,3045;12,3000;0,7493;0,0490;0,0000;0,0000;0,0288;0,0000;0,0000;0,0612;-0,2200;0,5300;1;0,0000;0,0000;0;1;1;9;0;0
89,9445;346,3045;12,3000;0,8042;0,0490;0,0000;0,0000;0,0288;0,0000;0,0000;0,0613;-0,1900;0,6100;1;0,0000;0,0000;0;1;1;9;0;0
89,9584;346,3045;12,3000;0,8456;0,0492;0,0000;0,0000;0,0288;0,0000;0,0000;0,0614;-0,1700;0,6800;1;0,0000;0,0000;0;1;1;9;0;0
89,9723;346,0624;12,3000;0,8539;0,0493;0,0000;0,0000;0,0288;0,0000;0,0000;0,0616;-0,1400;0,7100;1;0,0000;0,0000;0;1;1;9;0;0
89,9861;346,0150;12,0000;0,9139;0,0494;0,0000;0,0000;0,0288;0,0000;0,0000;0,0618;-0,1100;0,8000;1;0,0000;0,0000;0;1;1;9;0;0
90,0000;345,9687;12,0000;0,9486;0,0496;0,0000;0,0000;0,0288;0,0000;0,0000;0,0620;-0,0800;0,8700;1;0,0000;0,0000;0;1;1;9;0;0
90,0139;345,9224;12,0000;0,9710;0,0498;0,0000;0,0000;0,0288;0,0000;0,0000;0,0622;-0,0500;0,9200;1;0,0000;0,0000;0;1;1;9;0;0
90,0278;345,8761;12,0000;0,9832;0,0500;0,0000;0,0000;0,0288;0,0000;0,0000;0,0625;-0,0200;0,9600;1;0,0000;0,0000;0;1;1;9;0;0
90,0417;345,8475;12,0000;0,9889;0,0503;0,0000;0,0000;0,0288;0,0000;0,0000;0,0628;0,0000;1,0000;1;0,0000;0,0000;0;1;1;9;0;0
90,0556;345,8475;12,0000;0,9822;0,0505;0,0000;0,0000;0,0288;0,0000;0,0000;0,0632;0,0400;1,0200;1;0,0000;0,0000;0;1;1;9;0;0
90,0695;345,8475;12,0000;0,9597;0,0508;0,0000;0,0000;0,0288;0,0000;0,0000;0,0635;0,0700;1,0300;1;0,0000;0,0000;0;1;1;9;0;0
90,0834;345,8475;12,0000;0,9203;0,0511;0,0000;0,0000;0,0288;0,0000;0,0000;0,0639;0,1000;1,0200;1;0,0000;0,0000;0;1;1;9;0;0
90,0973;345,8475;12,0000;0,8441;0,0514;0,0000;0,0000;0,0288;0,0000;0,0000;0,0643;0,1300;0,9700;1;0,0000;0,0000;0;1;1;9;0;0
90,1111;345,5984;12,0000;0,7532;0,0517;0,0000;0,0000;0,0288;0,0000;0,0000;0,0646;0,1500;0,9000;1;0,0000;0,0000;0;1;1;9;0;0
90,1250;345,5521;12,0000;0,7350;0,0520;0,0000;0,0000;0,0288;0,0000;0,0000;0,0650;0,1700;0,9100;1;0,0000;0,0000;0;1;1;9;0;0
90,1389;345,5057;12,0000;0,5943;0,0523;0,0000;0,0000;0,0288;0,0000;0,0000;0,0653;0,1900;0,7900;1;0,0000;0,0000;0;1;1;9;0;0
90,1528;345,4594;12,0000;0,5151;0,0525;0,0000;0,0000;0,0288;0,0000;0,0000;0,0657;0,2100;0,7200;1;0,0000;0,0000;0;1;1;9;0;0
90,1667;345,4131;12,0000;0,4443;0,0528;0,0000;0,0000;0,0288;0,0000;0,0000;0,0660;0,2200;0,6700;1;0,0000;0,0000;0;1;1;9;0;0
90,1806;345,3892;12,0000;0,3672;0,0531;0,0000;0,0000;0,0288;0,0000;0,0000;0,0663;0,2300;0,6000;1;0,0000;0,0000;0;1;1;9;0;0
90,1945;345,3892;12,0000;0,3080;0,0533;0,0000;0,0000;0,0288;0,0000;0,0000;0,0666;0,2400;0,5500;1;0,0000;0,0000;0;1;1;9;0;0
90,2084;345,3892;12,0000;0,2649;0,0535;0,0000;0,0000;0,0288;0,0000;0,0000;0,0669;0,2500;0,5200;1;0,0000;0,0000;0;1;1;9;0;0
90,2223;345,3892;12,0000;0,2294;0,0538;0,0000;0,0000;0,0288;0,0000;0,0000;0,0672;0,2600;0,4900;1;0,0000;0,0000;0;1;1;9;0;0
90,2361;345,3892;12,0000;0,1978;0,0540;0,0000;0,0000;0,0288;0,0000;0,0000;0,0675;0,2700;0,4700;1;0,0000;0,0000;0;1;1;9;0;0
90,2500;345,1354;12,0000;0,1660;0,0542;0,0000;0,0000;0,0288;0,0000;0,0000;0,0677;0,2700;0,4400;1;0,0000;0,0000;0;1;1;9;0;0
90,2639;345,0891;12,0000;0,1415;0,0544;0,0000;0,0000;0,0288;0,0000;0,0000;0,0680;0,2800;0,4200;1;0,0000;0,0000;0;1;1;9;0;0
90,2778;345,0428;12,0000;0,1366;0,0546;0,0000;0,0000;0,0288;0,0000;0,0000;0,0682;0,2800;0,4200;1;0,0000;0,0000;0;1;1;9;0;0
90,2917;344,9965;12,0000;0,1257;0,0548;0,0000;0,0000;0,0288;0,0000;0,0000;0,0685;0,2900;0,4100;1;0,0000;0,0000;0;1;1;9;0;0
90,3056;344,9502;12,0000;0,1222;0,0550;0,0000;0,0000;0,0288;0,0000;0,0000;0,0688;0,2900;0,4100;1;0,0000;0,0000;0;1;1;9;0;0
90,3195;344,9340;12,0000;0,1258;0,0552;0,0000;0,0000;0,0288;0,0000;0,0000;0,0690;0,3000;0,4200;1;0,0000;0,0000;0;1;1;9;0;0
90,3334;344,9340;12,0000;0,1377;0,0554;0,0000;0,0000;0,0288;0,0000;0,0000;0,0693;0,3000;0,4400;1;0,0000;0,0000;0;1;1;9;0;0
90,3473;344,9340;12,0000;0,1500;0,0557;0,0000;0,0000;0,0288;0,0000;0,0000;0,0696;0,3100;0,4600;1;0,0000;0,0000;0;1;1;9;0;0
90,3611;344,9340;12,0000;0,1644;0,0559;0,0000;0,0000;0,0288;0,0000;0,0000;0,0699;0,3100;0,4800;1;0,0000;0,0000;0;1;1;9;0;0
90,3750;344,9340;12,0000;0,1804;0,0561;0,0000;0,0000;0,0288;0,0000;0,0000;0,0702;0,3200;0,5000;1;0,0000;0,0000;0;1;1;9;0;0
90,3889;344,6724;12,0000;0,1897;0,0564;0,0000;0,0000;0,0288;0,0000;0,0000;0,0705;0,3300;0,5100;1;0,0000;0,0000;0;1;1;7;0;0
90,4028;344,6261;12,0000;0,1949;0,0566;0,0000;0,0000;0,0288;0,0000;0,0000;0,0708;0,3300;0,5300;1;0,0000;0,0000;0;1;1;7;0;0
90,4167;344,5798;12,0000;0,1932;0,0569;0,0000;0,0000;0,0288;0,0000;0,0000;0,0711;0,3400;0,5300;1;0,0000;0,0000;0;1;1;7;0;0
90,4306;344,5335;12,0000;0,1929;0,0571;0,0000;0,0000;0,0288;0,0000;0,0000;0,0714;0,3400;0,5400;1;0,0000;0,0000;0;1;1;7;0;0
90,4445;344,4873;12,0000;0,1579;0,0574;0,0000;0,0000;0,0288;0,0000;0,0000;0,0717;0,3500;0,5100;1;0,0000;0,0000;0;1;1;7;0;0
90,4584;344,4807;12,0000;0,1105;0,0576;0,0000;0,0000;0,0288;0,0000;0,0000;0,0721;0,3500;0,4600;1;0,0000;0,0000;0;1;1;7;0;0
90,4723;344,4807;12,0000;0,0815;0,0579;0,0000;0,0000;0,0288;0,0000;0,0000;0,0724;0,3600;0,4400;1;0,0000;0,0000;0;1;1;7;0;0
90,4861;344,4807;12,0000;0,0581;0,0581;0,0000;0,0000;0,0288;0,0000;0,0000;0,0727;0,3600;0,4200;1;0,0000;0,0000;0;1;1;7;0;0
90,5000;344,4807;12,0000;0,0371;0,0584;0,0000;0,0000;0,0288;0,0000;0,0000;0,0730;0,3600;0,4000;1;0,0000;0,0000;0;1;1;7;0;0
90,5139;344,4807;12,0000;0,0151;0,0586;0,0000;0,0000;0,0288;0,0000;0,0000;0,0732;0,3600;0,3800;1;0,0000;0,0000;0;1;1;7;0;0
90,5278;344,2095;12,0000;-0,0037;0,0588;0,0000;0,0000;0,0288;0,0000;0,0000;0,0735;0,3600;0,3600;1;0,0000;0,0000;0;1;1;7;0;0
90,5417;344,1632;12,0000;-0,0073;0,0591;0,0000;0,0000;0,0288;0,0000;0,0000;0,0739;0,3600;0,3500;1;0,0000;0,0000;0;1;1;7;0;0
90,5556;344,1169;12,0000;-0,0158;0,0593;0,0000;0,0000;0,0288;0,0000;0,0000;0,0742;0,3600;0,3500;1;0,0000;0,0000;0;1;1;7;0;0
90,5695;344,0706;12,0000;-0,0116;0,0596;0,0000;0,0000;0,0288;0,0000;0,0000;0,0745;0,3600;0,3500;1;0,0000;0,0000;0;1;1;7;0;0
90,5834;344,0243;12,0000;-0,0108;0,0598;0,0000;0,0000;0,0288;0,0000;0,0000;0,0748;0,3600;0,3500;1;0,0000;0,0000;0;1;1;7;0;0
90,5973;344,0243;12,0000;0,0110;0,0601;0,0000;0,0000;0,0288;0,0000;0,0000;0,0751;0,3600;0,3700;1;0,0000;0,0000;0;1;1;7;0;0
90,6111;344,0243;12,0000;0,0292;0,0603;0,0000;0,0000;0,0288;0,0000;0,0000;0,0754;0,3700;0,3900;1;0,0000;0,0000;0;1;1;7;0;0
90,6250;344,0243;12,0000;0,0412;0,0606;0,0000;0,0000;0,0288;0,0000;0,0000;0,0757;0,3700;0,4100;1;0,0000;0,0000;0;1;1;7;0;0
90,6389;344,0243;12,0000;0,0505;0,0608;0,0000;0,0000;0,0288;0,0000;0,0000;0,0761;0,3700;0,4200;1;0,0000;0,0000;0;1;1;7;0;0
90,6528;343,7928;12,0000;0,0568;0,0611;0,0000;0,0000;0,0288;0,0000;0,0000;0,0764;0,3700;0,4300;1;0,0000;0,0000;0;1;1;7;0;0
90,6667;343,7466;12,0000;0,0626;0,0613;0,0000;0,0000;0,0288;0,0000;0,0000;0,0767;0,3700;0,4400;1;0,0000;0,0000;0;1;1;7;0;0
90,6806;343,7003;12,0000;0,0720;0,0616;0,0000;0,0000;0,0288;0,0000;0,0000;0,0770;0,3800;0,4500;1;0,0000;0,0000;0;1;1;7;0;0
90,6945;343,6540;12,0000;0,0807;0,0618;0,0000;0,0000;0,0288;0,0000;0,0000;0,0773;0,3800;0,4600;1;0,0000;0,0000;0;1;1;7;0;0
90,7084;343,6077;12,0000;0,0854;0,0621;0,0000;0,0000;0,0288;0,0000;0,0000;0,0776;0,3800;0,4700;1;0,0000;0,0000;0;1;1;7;0;0
90,7223;343,5648;12,0000;0,0892;0,0623;0,0000;0,0000;0,0288;0,0000;0,0000;0,0779;0,3800;0,4700;1;0,0000;0,0000;0;1;1;7;0;0
90,7361;343,5648;12,0000;0,0899;0,0626;0,0000;0,0000;0,0288;0,0000;0,0000;0,0783;0,3900;0,4800;1;0,0000;0,0000;0;1;1;7;0;0
90,7500;343,5648;12,0000;0,0902;0,0629;0,0000;0,0000;0,0288;0,0000;0,0000;0,0786;0,3900;0,4800;1;0,0000;0,0000;0;1;1;7;0;0
90,7639;343,5648;12,0000;0,0878;0,0631;0,0000;0,0000;0,0288;0,0000;0,0000;0,0789;0,3900;0,4800;1;0,0000;0,0000;0;1;1;7;0;0
90,7778;343,5648;12,0000;0,0852;0,0634;0,0000;0,0000;0,0288;0,0000;0,0000;0,0792;0,4000;0,4800;1;0,0000;0,0000;0;1;1;7;0;0
90,7917;343,3299;12,0000;0,0818;0,0636;0,0000;0,0000;0,0288;0,0000;0,0000;0,0796;0,4000;0,4800;1;0,0000;0,0000;0;1;1;7;0;0
90,8056;343,2836;12,0000;0,0769;0,0639;0,0000;0,0000;0,0288;0,0000;0,0000;0,0799;0,4000;0,4800;1;0,0000;0,0000;0;1;1;7;0;0
90,8195;343,2373;12,0000;0,0750;0,0642;0,0000;0,0000;0,0288;0,0000;0,0000;0,0802;0,4000;0,4800;1;0,0000;0,0000;0;1;1;7;0;0
90,8334;343,1910;12,0000;0,0750;0,0644;0,0000;0,0000;0,0288;0,0000;0,0000;0,0806;0,4000;0,4800;1;0,0000;0,0000;0;1;1;7;0;0
90,8473;343,1447;12,0000;0,0776;0,0647;0,0000;0,0000;0,0288;0,0000;0,0000;0,0809;0,4100;0,4800;1;0,0000;0,0000;0;1;1;7;0;0
90,8611;343,1127;12,0000;0,0809;0,0650;0,0000;0,0000;0,0288;0,0000;0,0000;0,0812;0,4100;0,4900;1;0,0000;0,0000;0;1;1;7;0;0
90,8750;343,1127;12,0000;0,0840;0,0653;0,0000;0,0000;0,0288;0,0000;0,0000;0,0816;0,4100;0,4900;1;0,0000;0,0000;0;1;1;7;0;0
90,8889;343,1127;12,0000;0,0847;0,0656;0,0000;0,0000;0,0288;0,0000;0,0000;0,0820;0,4100;0,5000;1;0,0000;0,0000;0;1;1;7;0;0
90,9028;343,1127;12,0000;0,1009;0,0659;0,0000;0,0000;0,0288;0,0000;0,0000;0,0823;0,4200;0,5200;1;0,0000;0,0000;0;1;1;7;0;0
90,9167;343,1127;12,0000;0,1163;0,0662;0,0000;0,0000;0,0288;0,0000;0,0000;0,0827;0,4200;0,5400;1;0,0000;0,0000;0;1;1;7;0;0
90,9306;342,8669;12,0000;0,1303;0,0665;0,0000;0,0000;0,0288;0,0000;0,0000;0,0831;0,4200;0,5500;1;0,0000;0,0000;0;1;1;7;0;0
90,9445;342,8206;12,0000;0,1390;0,0668;0,0000;0,0000;0,0288;0,0000;0,0000;0,0835;0,4300;0,5700;1;0,0000;0,0000;0;1;1;7;0;0
90,9584;342,7744;12,0000;0,1380;0,0671;0,0000;0,0000;0,0288;0,0000;0,0000;0,0839;0,4300;0,5700;1;0,0000;0,0000;0;1;1;7;0;0
90,9723;342,7281;12,0000;0,1227;0,0674;0,0000;0,0000;0,0288;0,0000;0,0000;0,0843;0,4400;0,5600;1;0,0000;0,0000;0;1;1;7;0;0
90,9861;342,6818;12,0000;0,0918;0,0677;0,0000;0,0000;0,0288;0,0000;0,0000;0,0847;0,4400;0,5300;1;0,0000;0,0000;0;1;1;7;0;0
91,0000;342,6564;12,0000;0,0507;0,0680;0,0000;0,0000;0,0288;0,0000;0,0000;0,0851;0,4400;0,4900;1;0,0000;0,0000;0;1;1;7;0;0
91,0139;342,6564;12,0000;0,0163;0,0683;0,0000;0,0000;0,0288;0,0000;0,0000;0,0854;0,4400;0,4600;1;0,0000;0,0000;0;1;1;7;0;0
91,0278;342,6564;12,0000;-0,0234;0,0686;0,0000;0,0000;0,0288;0,0000;0,0000;0,0858;0,4400;0,4200;1;0,0000;0,0000;0;1;1;7;0;0
91,0417;342,6564;12,0000;-0,0313;0,0689;0,0000;0,0000;0,0288;0,0000;0,0000;0,0862;0,4400;0,4100;1;0,0000;0,0000;0;1;1;7;0;0
91,0556;342,6564;12,0000;-0,0770;0,0692;0,0000;0,0000;0,0288;0,0000;0,0000;0,0865;0,4400;0,3600;1;0,0000;0,0000;0;1;1;7;0;0
91,0695;342,4040;12,0000;-0,1047;0,0695;0,0000;0,0000;0,0288;0,0000;0,0000;0,0869;0,4400;0,3300;1;0,0000;0,0000;0;1;1;7;0;0
91,0834;342,3577;12,0000;-0,1254;0,0697;0,0000;0,0000;0,0288;0,0000;0,0000;0,0872;0,4300;0,3100;1;0,0000;0,0000;0;1;1;7;0;0
91,0973;342,3114;12,0000;-0,1377;0,0700;0,0000;0,0000;0,0288;0,0000;0,0000;0,0875;0,4300;0,2900;1;0,0000;0,0000;0;1;1;7;0;0
91,1111;342,2651;12,0000;-0,1420;0,0703;0,0000;0,0000;0,0288;0,0000;0,0000;0,0878;0,4300;0,2800;1;0,0000;0,0000;0;1;1;7;0;0
91,1250;342,2188;12,0000;-0,1325;0,0705;0,0000;0,0000;0,0288;0,0000;0,0000;0,0881;0,4200;0,2900;1;0,0000;0,0000;0;1;1;7;0;0
91,1389;342,1988;12,0000;-0,0796;0,0708;0,0000;0,0000;0,0288;0,0000;0,0000;0,0885;0,4200;0,3400;1;0,0000;0,0000;0;1;1;7;0;0
91,1528;342,1988;12,0000;-0,0121;0,0711;0,0000;0,0000;0,0288;0,0000;0,0000;0,0888;0,4200;0,4100;1;0,0000;0,0000;0;1;1;7;0;0
91,1667;342,1988;12,0000;0,0716;0,0714;0,0000;0,0000;0,0288;0,0000;0,0000;0,0892;0,4200;0,4900;1;0,0000;0,0000;0;1;1;7;0;0
91,1806;342,1988;12,0000;0,1920;0,0717;0,0000;0,0000;0,0288;0,0000;0,0000;0,0896;0,4300;0,6200;1;0,0000;0,0000;0;1;1;7;0;0
91,1945;342,1988;12,0000;0,2161;0,0721;0,0000;0,0000;0,0288;0,0000;0,0000;0,0901;0,4400;0,6500;1;0,0000;0,0000;0;1;1;7;0;0
91,2084;341,9410;12,0000;0,3708;0,0724;0,0000;0,0000;0,0288;0,0000;0,0000;0,0906;0,4500;0,8200;1;0,0000;0,0000;0;1;1;7;0;0
91,2223;341,8947;12,2000;0,6546;0,0729;0,0000;0,0000;0,0288;0,0000;0,0000;0,0911;0,4700;1,1200;1;0,0000;0,0000;0;1;1;7;0;0
91,2361;341,8477;12,2000;0,8569;0,0735;0,0000;0,0000;0,0288;0,0000;0,0000;0,0918;0,5000;1,3500;1;0,0000;0,0000;0;1;1;7;0;0
91,2500;341,8006;12,2000;0,9995;0,0741;0,0000;0,0000;0,0288;0,0000;0,0000;0,0926;0,5300;1,5300;1;0,0000;0,0000;0;1;1;7;0;0
91,2639;341,7536;12,2000;1,1143;0,0747;0,0000;0,0000;0,0288;0,0000;0,0000;0,0934;0,5600;1,6800;1;0,0000;0,0000;0;1;1;7;0;0
91,2778;341,7452;12,2000;1,1922;0,0754;0,0000;0,0000;0,0288;0,0000;0,0000;0,0942;0,6000;1,7900;1;0,0000;0,0000;0;1;1;7;0;0
91,2917;341,7452;12,2000;1,2411;0,0761;0,0000;0,0000;0,0288;0,0000;0,0000;0,0952;0,6400;1,8800;1;0,0000;0,0000;0;1;1;7;0;0
91,3056;341,7452;12,2000;1,2743;0,0769;0,0000;0,0000;0,0288;0,0000;0,0000;0,0961;0,6800;1,9600;1;0,0000;0,0000;0;1;1;7;0;0
91,3195;341,7452;12,2000;1,2955;0,0777;0,0000;0,0000;0,0288;0,0000;0,0000;0,0971;0,7200;2,0200;1;0,0000;0,0000;0;1;1;7;0;0
91,3334;341,7452;12,2000;1,2987;0,0785;0,0000;0,0000;0,0288;0,0000;0,0000;0,0981;0,7600;2,0600;1;0,0000;0,0000;0;1;1;7;0;0
91,3473;341,4712;12,2000;1,2993;0,0793;0,0000;0,0000;0,0288;0,0000;0,0000;0,0991;0,8000;2,1000;1;0,0000;0,0000;0;1;1;7;0;0
91,3611;341,4241;12,2000;1,3081;0,0802;0,0000;0,0000;0,0288;0,0000;0,0000;0,1003;0,8500;2,1500;1;0,0000;0,0000;0;1;1;7;0;0
91,3750;341,3771;12,2000;1,3046;0,0811;0,0000;0,0000;0,0288;0,0000;0,0000;0,1014;0,8900;2,1900;1;0,0000;0,0000;0;1;1;7;0;0
91,3889;341,3300;12,2000;1,2904;0,0820;0,0000;0,0000;0,0288;0,0000;0,0000;0,1025;0,9300;2,2200;1;0,0000;0,0000;0;1;1;8;0;0
91,4028;341,2877;12,2000;1,2694;0,0830;0,0000;0,0000;0,0288;0,0000;0,0000;0,1037;0,9700;2,2400;1;0,0000;0,0000;0;1;1;8;0;0
91,4167;341,2877;12,2000;1,2419;0,0839;0,0000;0,0000;0,0288;0,0000;0,0000;0,1049;1,0100;2,2500;1;0,0000;0,0000;0;1;1;8;0;0
91,4306;341,2877;12,2000;1,2363;0,0849;0,0000;0,0000;0,0288;0,0000;0,0000;0,1061;1,0500;2,2800;1;0,0000;0,0000;0;1;1;8;0;0
91,4445;341,2877;12,2000;1,1977;0,0859;0,0000;0,0000;0,0288;0,0000;0,0000;0,1074;1,0900;2,2800;1;0,0000;0,0000;0;1;1;8;0;0
91,4584;341,2877;12,2000;1,1901;0,0870;0,0000;0,0000;0,0288;0,0000;0,0000;0,1087;1,1200;2,3100;1;0,0000;0,0000;0;1;1;8;0;0
91,4723;341,0477;12,2000;1,1712;0,0880;0,0000;0,0000;0,0288;0,0000;0,0000;0,1100;1,1600;2,3300;1;0,0000;0,0000;0;1;1;8;0;0
91,4861;341,0007;12,2000;1,1086;0,0891;0,0000;0,0000;0,0288;0,0000;0,0000;0,1114;1,2000;2,3000;1;0,0000;0,0000;0;1;1;8;0;0
91,5000;340,9536;12,2000;1,0961;0,0902;0,0000;0,0000;0,0288;0,0000;0,0000;0,1127;1,2300;2,3300;1;0,0000;0,0000;0;1;1;8;0;0
91,5139;340,9066;12,2000;1,0529;0,0913;0,0000;0,0000;0,0288;0,0000;0,0000;0,1141;1,2600;2,3200;1;0,0000;0,0000;0;1;1;8;0;0
91,5278;340,8595;12,2000;0,9704;0,0924;0,0000;0,0000;0,0288;0,0000;0,0000;0,1155;1,3000;2,2700;1;0,0000;0,0000;0;1;1;8;0;0
91,5417;340,8329;12,2000;0,9538;0,0935;0,0000;0,0000;0,0288;0,0000;0,0000;0,1169;1,3300;2,2800;1;0,0000;0,0000;0;1;1;8;0;0
91,5556;340,8329;12,2000;0,9171;0,0946;0,0000;0,0000;0,0288;0,0000;0,0000;0,1183;1,3600;2,2700;1;0,0000;0,0000;0;1;1;8;0;0
91,5695;340,8329;12,2000;0,8543;0,0957;0,0000;0,0000;0,0288;0,0000;0,0000;0,1197;1,3800;2,2400;1;0,0000;0,0000;0;1;1;8;0;0
91,5834;340,8329;12,2000;0,8061;0,0968;0,0000;0,0000;0,0288;0,0000;0,0000;0,1210;1,4100;2,2100;1;0,0000;0,0000;0;1;1;8;0;0
91,5973;340,8329;12,2000;0,7657;0,0980;0,0000;0,0000;0,0288;0,0000;0,0000;0,1225;1,4300;2,2000;1;0,0000;0,0000;0;1;1;8;0;0
91,6111;340,5772;12,2000;0,7261;0,0991;0,0000;0,0000;0,0288;0,0000;0,0000;0,1239;1,4600;2,1800;1;0,0000;0,0000;0;1;1;8;0;0
91,6250;340,5302;12,2000;0,6904;0,1003;0,0000;0,0000;0,0288;0,0000;0,0000;0,1254;1,4800;2,1700;1;0,0000;0,0000;0;1;1;8;0;0
91,6389;340,4832;12,2000;0,6644;0,1014;0,0000;0,0000;0,0288;0,0000;0,0000;0,1268;1,5000;2,1600;1;0,0000;0,0000;0;1;1;8;0;0
91,6528;340,4361;12,2000;0,6441;0,1026;0,0000;0,0000;0,0288;0,0000;0,0000;0,1282;1,5200;2,1600;1;0,0000;0,0000;0;1;1;8;0;0
91,6667;340,3891;12,2000;0,6293;0,1038;0,0000;0,0000;0,0288;0,0000;0,0000;0,1297;1,5400;2,1700;1;0,0000;0,0000;0;1;1;8;0;0
91,6806;340,3770;12,2000;0,6165;0,1050;0,0000;0,0000;0,0288;0,0000;0,0000;0,1312;1,5600;2,1800;1;0,0000;0,0000;0;1;1;8;0;0
91,6945;340,3770;12,2000;0,5980;0,1062;0,0000;0,0000;0,0288;0,0000;0,0000;0,1327;1,5800;2,1800;1;0,0000;0,0000;0;1;1;8;0;0
91,7084;340,3770;12,2000;0,5800;0,1073;0,0000;0,0000;0,0288;0,0000;0,0000;0,1342;1,6000;2,1800;1;0,0000;0,0000;0;1;1;8;0;0
91,7223;340,3770;12,2000;0,5628;0,1085;0,0000;0,0000;0,0288;0,0000;0,0000;0,1357;1,6200;2,1800;1;0,0000;0,0000;0;1;1;8;0;0
91,7361;340,3770;12,2000;0,5541;0,1097;0,0000;0,0000;0,0288;0,0000;0,0000;0,1372;1,6300;2,1900;1;0,0000;0,0000;0;1;1;8;0;0
91,7500;340,1068;12,2000;0,5483;0,1110;0,0000;0,0000;0,0288;0,0000;0,0000;0,1387;1,6500;2,2000;1;0,0000;0,0000;0;1;1;8;0;0
91,7639;340,0598;12,2000;0,5479;0,1122;0,0000;0,0000;0,0288;0,0000;0,0000;0,1403;1,6700;2,2200;1;0,0000;0,0000;0;1;1;8;0;0
91,7778;340,0127;12,2000;0,5528;0,1135;0,0000;0,0000;0,0288;0,0000;0,0000;0,1418;1,6900;2,2400;1;0,0000;0,0000;0;1;1;8;0;0
91,7917;339,9657;12,6000;0,5564;0,1147;0,0000;0,0000;0,0288;0,0000;0,0000;0,1434;1,7000;2,2600;1;0,0000;0,0000;0;1;1;8;0;0
91,8056;339,9206;12,6000;0,5391;0,1161;0,0000;0,0000;0,0288;0,0000;0,0000;0,1451;1,7200;2,2600;1;0,0000;0,0000;0;1;1;8;0;0
91,8195;339,9206;12,6000;0,5356;0,1174;0,0000;0,0000;0,0288;0,0000;0,0000;0,1467;1,7400;2,2800;1;0,0000;0,0000;0;1;1;8;0;0
91,8334;339,9206;12,6000;0,5316;0,1187;0,0000;0,0000;0,0288;0,0000;0,0000;0,1484;1,7600;2,2900;1;0,0000;0,0000;0;1;1;8;0;0
91,8473;339,9206;12,6000;0,5278;0,1201;0,0000;0,0000;0,0288;0,0000;0,0000;0,1501;1,7800;2,3000;1;0,0000;0,0000;0;1;1;8;0;0
91,8611;339,9206;12,6000;0,5276;0,1214;0,0000;0,0000;0,0288;0,0000;0,0000;0,1518;1,7900;2,3200;1;0,0000;0,0000;0;1;1;8;0;0
91,8750;339,6742;12,6000;0,5270;0,1228;0,0000;0,0000;0,0288;0,0000;0,0000;0,1535;1,8100;2,3400;1;0,0000;0,0000;0;1;1;8;0;0
91,8889;339,6256;12,6000;0,5315;0,1242;0,0000;0,0000;0,0288;0,0000;0,0000;0,1552;1,8300;2,3600;1;0,0000;0,0000;0;1;1;8;0;0
91,9028;339,5770;12,6000;0,5376;0,1256;0,0000;0,0000;0,0288;0,0000;0,0000;0,1570;1,8500;2,3800;1;0,0000;0,0000;0;1;1;8;0;0
91,9167;339,5284;12,6000;0,5486;0,1270;0,0000;0,0000;0,0288;0,0000;0,0000;0,1587;1,8600;2,4100;1;0,0000;0,0000;0;1;1;8;0;0
91,9306;339,4799;12,6000;0,5589;0,1284;0,0000;0,0000;0,0288;0,0000;0,0000;0,1605;1,8800;2,4400;1;0,0000;0,0000;0;1;1;8;0;0
91,9445;339,4655;12,6000;0,5655;0,1298;0,0000;0,0000;0,0288;0,0000;0,0000;0,1623;1,9000;2,4700;1;0,0000;0,0000;0;1;1;8;0;0
91,9584;339,4655;12,6000;0,5688;0,1313;0,0000;0,0000;0,0288;0,0000;0,0000;0,1641;1,9200;2,4900;1;0,0000;0,0000;0;1;1;8;0;0
91,9723;339,4655;12,6000;0,5642;0,1328;0,0000;0,0000;0,0288;0,0000;0,0000;0,1660;1,9400;2,5000;1;0,0000;0,0000;0;1;1;8;0;0
91,9861;339,4655;12,6000;0,5560;0,1342;0,0000;0,0000;0,0288;0,0000;0,0000;0,1678;1,9600;2,5100;1;0,0000;0,0000;0;1;1;8;0;0
92,0000;339,4655;12,6000;0,5384;0,1357;0,0000;0,0000;0,0288;0,0000;0,0000;0,1696;1,9700;2,5100;1;0,0000;0,0000;0;1;1;8;0;0
92,0139;339,1884;12,6000;0,5176;0,1372;0,0000;0,0000;0,0288;0,0000;0,0000;0,1715;1,9900;2,5100;1;0,0000;0,0000;0;1;1;8;0;0
92,0278;339,1398;12,6000;0,5011;0,1387;0,0000;0,0000;0,0288;0,0000;0,0000;0,1734;2,0100;2,5100;1;0,0000;0,0000;0;1;1;8;0;0
92,0417;339,0912;12,6000;0,4637;0,1402;0,0000;0,0000;0,0288;0,0000;0,0000;0,1753;2,0200;2,4900;1;0,0000;0,0000;0;1;1;8;0;0
92,0556;339,0427;12,6000;0,4355;0,1417;0,0000;0,0000;0,0288;0,0000;0,0000;0,1771;2,0400;2,4700;1;0,0000;0,0000;0;1;1;8;0;0
92,0695;339,0084;12,6000;0,3782;0,1432;0,0000;0,0000;0,0288;0,0000;0,0000;0,1790;2,0500;2,4300;1;0,0000;0,0000;0;1;1;8;0;0
92,0834;339,0084;12,6000;0,2775;0,1447;0,0000;0,0000;0,0288;0,0000;0,0000;0,1809;2,0600;2,3400;1;0,0000;0,0000;0;1;1;8;0;0
92,0973;339,0084;12,6000;0,1796;0,1462;0,0000;0,0000;0,0288;0,0000;0,0000;0,1827;2,0700;2,2500;1;0,0000;0,0000;0;1;1;8;0;0
92,1111;339,0084;12,6000;0,0502;0,1476;0,0000;0,0000;0,0288;0,0000;0,0000;0,1845;2,0700;2,1200;1;0,0000;0,0000;0;1;1;8;0;0
92,1250;339,0084;12,6000;-0,0678;0,1490;0,0000;0,0000;0,0288;0,0000;0,0000;0,1862;2,0700;2,0000;1;0,0000;0,0000;0;1;1;8;0;0
92,1389;338,7512;12,6000;-0,2086;0,1504;0,0000;0,0000;0,0288;0,0000;0,0000;0,1880;2,0600;1,8500;1;0,0000;0,0000;0;1;1;8;0;0
92,1528;338,7026;12,6000;-0,3310;0,1517;0,0000;0,0000;0,0288;0,0000;0,0000;0,1896;2,0500;1,7200;1;0,0000;0,0000;0;1;1;8;0;0
92,1667;338,6541;12,6000;-0,4405;0,1530;0,0000;0,0000;0,0288;0,0000;0,0000;0,1912;2,0400;1,6000;1;0,0000;0,0000;0;1;1;8;0;0
92,1806;338,6055;12,6000;-0,5626;0,1542;0,0000;0,0000;0,0288;0,0000;0,0000;0,1928;2,0200;1,4600;1;0,0000;0,0000;0;1;1;8;0;0
92,1945;338,5569;12,6000;-0,7058;0,1554;0,0000;0,0000;0,0288;0,0000;0,0000;0,1943;2,0000;1,2900;1;0,0000;0,0000;0;1;1;8;0;0
92,2084;338,5538;12,6000;-0,8453;0,1566;0,0000;0,0000;0,0288;0,0000;0,0000;0,1957;1,9700;1,1300;1;0,0000;0,0000;0;1;1;8;0;0
92,2223;338,5538;12,6000;-0,9617;0,1577;0,0000;0,0000;0,0288;0,0000;0,0000;0,1971;1,9400;0,9800;1;0,0000;0,0000;0;1;1;8;0;0
92,2361;338,5538;12,6000;-1,0493;0,1587;0,0000;0,0000;0,0288;0,0000;0,0000;0,1984;1,9100;0,8600;1;0,0000;0,0000;0;1;1;8;0;0
92,2500;338,5538;12,6000;-1,1054;0,1597;0,0000;0,0000;0,0288;0,0000;0,0000;0,1997;1,8700;0,7700;1;0,0000;0,0000;0;1;1;8;0;0
92,2639;338,3139;12,6000;-1,1532;0,1607;0,0000;0,0000;0,0288;0,0000;0,0000;0,2009;1,8400;0,6800;1;0,0000;0,0000;0;1;1;8;0;0
92,2778;338,2653;12,6000;-1,2024;0,1616;0,0000;0,0000;0,0288;0,0000;0,0000;0,2020;1,8000;0,5900;1;0,0000;0,0000;0;1;1;8;0;0
92,2917;338,2167;12,6000;-1,2095;0,1625;0,0000;0,0000;0,0288;0,0000;0,0000;0,2032;1,7600;0,5500;1;0,0000;0,0000;0;1;1;8;0;0
92,3056;338,1681;12,6000;-1,2125;0,1634;0,0000;0,0000;0,0288;0,0000;0,0000;0,2043;1,7200;0,5100;1;0,0000;0,0000;0;1;1;8;0;0
92,3195;338,1195;12,6000;-1,2141;0,1643;0,0000;0,0000;0,0288;0,0000;0,0000;0,2054;1,6800;0,4700;1;0,0000;0,0000;0;1;1;8;0;0
92,3334;338,0973;12,6000;-1,2140;0,1651;0,0000;0,0000;0,0288;0,0000;0,0000;0,2064;1,6400;0,4300;1;0,0000;0,0000;0;1;1;8;0;0
92,3473;338,0973;12,6000;-1,2034;0,1659;0,0000;0,0000;0,0288;0,0000;0,0000;0,2074;1,6000;0,4000;1;0,0000;0,0000;0;1;1;8;0;0
92,3611;338,0973;12,6000;-1,1778;0,1667;0,0000;0,0000;0,0288;0,0000;0,0000;0,2084;1,5600;0,3900;1;0,0000;0,0000;0;1;1;8;0;0
92,3750;338,0973;12,6000;-1,1269;0,1675;0,0000;0,0000;0,0288;0,0000;0,0000;0,2094;1,5300;0,4000;1;0,0000;0,0000;0;1;1;8;0;0
92,3889;338,0973;12,6000;-1,0617;0,1682;0,0000;0,0000;0,0288;0,0000;0,0000;0,2103;1,4900;0,4300;1;0,0000;0,0000;0;1;1;8;0;0
92,4028;337,8279;12,6000;-1,0129;0,1690;0,0000;0,0000;0,0288;0,0000;0,0000;0,2112;1,4600;0,4500;1;0,0000;0,0000;0;1;1;5;0;0
92,4167;337,7793;12,6000;-0,9552;0,1697;0,0000;0,0000;0,0288;0,0000;0,0000;0,2122;1,4300;0,4800;1;0,0000;0,0000;0;1;1;5;0;0
92,4306;337,7307;12,6000;-0,9138;0,1705;0,0000;0,0000;0,0288;0,0000;0,0000;0,2131;1,4000;0,4900;1;0,0000;0,0000;0;1;1;5;0;0
92,4445;337,6821;12,6000;-0,8682;0,1712;0,0000;0,0000;0,0288;0,0000;0,0000;0,2140;1,3700;0,5100;1;0,0000;0,0000;0;1;1;5;0;0
92,4584;337,6420;12,6000;-0,8352;0,1720;0,0000;0,0000;0,0288;0,0000;0,0000;0,2149;1,3500;0,5100;1;0,0000;0,0000;0;1;1;5;0;0
92,4723;337,6420;12,6000;-0,8089;0,1727;0,0000;0,0000;0,0288;0,0000;0,0000;0,2158;1,3200;0,5100;1;0,0000;0,0000;0;1;1;5;0;0
92,4861;337,6420;12,6000;-0,8027;0,1734;0,0000;0,0000;0,0288;0,0000;0,0000;0,2167;1,3000;0,4900;1;0,0000;0,0000;0;1;1;5;0;0
92,5000;337,6420;13,0000;-0,8120;0,1740;0,0000;0,0000;0,0288;0,0000;0,0000;0,2176;1,2700;0,4600;1;0,0000;0,0000;0;1;1;5;0;0
92,5139;337,6420;13,0000;-0,8246;0,1747;0,0000;0,0000;0,0288;0,0000;0,0000;0,2184;1,2400;0,4200;1;0,0000;0,0000;0;1;1;5;0;0
92,5278;337,3874;13,0000;-0,8476;0,1754;0,0000;0,0000;0,0288;0,0000;0,0000;0,2192;1,2200;0,3700;1;0,0000;0,0000;0;1;1;5;0;0
92,5417;337,3372;13,0000;-0,8742;0,1760;0,0000;0,0000;0,0288;0,0000;0,0000;0,2200;1,1900;0,3100;1;0,0000;0,0000;0;1;1;5;0;0
92,5556;337,2871;13,0000;-0,9062;0,1766;0,0000;0,0000;0,0288;0,0000;0,0000;0,2208;1,1600;0,2500;1;0,0000;0,0000;0;1;1;5;0;0
92,5695;337,2369;13,0000;-0,9389;0,1772;0,0000;0,0000;0,0288;0,0000;0,0000;0,2215;1,1300;0,1900;1;0,0000;0,0000;0;1;1;5;0;0
92,5834;337,1868;13,0000;-0,9800;0,1777;0,0000;0,0000;0,0288;0,0000;0,0000;0,2221;1,0900;0,1100;1;0,0000;0,0000;0;1;1;5;0;0
92,5973;337,1859;13,0000;-1,0180;0,1782;0,0000;0,0000;0,0288;0,0000;0,0000;0,2227;1,0600;0,0400;1;0,0000;0,0000;0;1;1;5;0;0
92,6111;337,1859;13,0000;-1,0334;0,1786;0,0000;0,0000;0,0288;0,0000;0,0000;0,2233;1,0300;0,0000;1;0,0000;0,0000;0;1;1;5;0;0
92,6250;337,1859;13,0000;-1,0392;0,1790;0,0000;0,0000;0,0288;0,0000;0,0000;0,2238;0,9900;-0,0400;1;0,0000;0,0000;0;1;1;5;0;0
92,6389;337,1859;13,0000;-1,0326;0,1795;0,0000;0,0000;0,0288;0,0000;0,0000;0,2243;0,9600;-0,0700;1;0,0000;0,0000;0;1;1;5;0;0
92,6528;336,9360;13,0000;-1,0060;0,1798;0,0000;0,0000;0,0288;0,0000;0,0000;0,2248;0,9200;-0,0800;1;0,0000;0,0000;0;1;1;5;0;0
92,6667;336,8859;13,0000;-0,9679;0,1802;0,0000;0,0000;0,0288;0,0000;0,0000;0,2253;0,8900;-0,0700;1;0,0000;0,0000;0;1;1;5;0;0
92,6806;336,8357;13,0000;-0,9130;0,1806;0,0000;0,0000;0,0288;0,0000;0,0000;0,2257;0,8600;-0,0500;1;0,0000;0,0000;0;1;1;5;0;0
92,6945;336,7856;13,0000;-0,8847;0,1809;0,0000;0,0000;0,0288;0,0000;0,0000;0,2262;0,8300;-0,0500;1;0,0000;0,0000;0;1;1;5;0;0
92,7084;336,7354;13,0000;-0,8412;0,1813;0,0000;0,0000;0,0288;0,0000;0,0000;0,2266;0,8100;-0,0300;1;0,0000;0,0000;0;1;1;5;0;0
92,7223;336,7303;13,0000;-0,8173;0,1816;0,0000;0,0000;0,0288;0,0000;0,0000;0,2270;0,7800;-0,0400;1;0,0000;0,0000;0;1;1;5;0;0
92,7361;336,7303;13,0000;-0,8057;0,1819;0,0000;0,0000;0,0288;0,0000;0,0000;0,2274;0,7500;-0,0500;1;0,0000;0,0000;0;1;1;5;0;0
92,7500;336,7303;13,0000;-0,8026;0,1822;0,0000;0,0000;0,0288;0,0000;0,0000;0,2278;0,7300;-0,0800;1;0,0000;0,0000;0;1;1;5;0;0
92,7639;336,7303;13,0000;-0,8167;0,1825;0,0000;0,0000;0,0288;0,0000;0,0000;0,2281;0,7000;-0,1200;1;0,0000;0,0000;0;1;1;5;0;0
92,7778;336,4846;13,0000;-0,8592;0,1828;0,0000;0,0000;0,0288;0,0000;0,0000;0,2284;0,6700;-0,1900;1;0,0000;0,0000;0;1;1;5;0;0
92,7917;336,4345;13,0000;-0,9266;0,1830;0,0000;0,0000;0,0288;0,0000;0,0000;0,2287;0,6400;-0,2900;1;0,0000;0,0000;0;1;1;5;0;0
92,8056;336,3843;13,0000;-1,0227;0,1831;0,0000;0,0000;0,0288;0,0000;0,0000;0,2289;0,6100;-0,4200;1;0,0000;0,0000;0;1;1;5;0;0
92,8195;336,3342;13,0000;-1,1466;0,1832;0,0000;0,0000;0,0288;0,0000;0,0000;0,2290;0,5700;-0,5800;1;0,0000;0,0000;0;1;1;5;0;0
92,8334;336,2840;13,0000;-1,2407;0,1833;0,0000;0,0000;0,0288;0,0000;0,0000;0,2291;0,5300;-0,7100;1;0,0000;0,0000;0;1;1;5;0;0
92,8473;336,2743;13,0000;-1,3353;0,1833;0,0000;0,0000;0,0288;0,0000;0,0000;0,2291;0,4800;-0,8500;1;0,0000;0,0000;0;1;1;5;0;0
92,8611;336,2743;13,0000;-1,4700;0,1832;0,0000;0,0000;0,0288;0,0000;0,0000;0,2291;0,4300;-1,0300;1;0,0000;0,0000;0;1;1;5;0;0
92,8750;336,2743;13,0000;-1,5605;0,1831;0,0000;0,0000;0,0288;0,0000;0,0000;0,2289;0,3800;-1,1800;1;0,0000;0,0000;0;1;1;5;0;0
92,8889;336,2743;13,0000;-1,6613;0,1830;0,0000;0,0000;0,0288;0,0000;0,0000;0,2287;0,3300;-1,3300;1;0,0000;0,0000;0;1;1;5;0;0
92,9028;336,0332;13,0000;-1,6664;0,1827;0,0000;0,0000;0,0288;0,0000;0,0000;0,2284;0,2700;-1,3900;1;0,0000;0,0000;0;1;1;5;0;0
92,9167;335,9831;13,0000;-1,6618;0,1825;0,0000;0,0000;0,0288;0,0000;0,0000;0,2281;0,2200;-1,4400;1;0,0000;0,0000;0;1;1;5;0;0
92,9306;335,9329;13,0000;-1,6586;0,1822;0,0000;0,0000;0,0288;0,0000;0,0000;0,2278;0,1600;-1,5000;1;0,0000;0,0000;0;1;1;5;0;0
92,9445;335,8828;13,0000;-1,6702;0,1819;0,0000;0,0000;0,0288;0,0000;0,0000;0,2273;0,1100;-1,5600;1;0,0000;0,0000;0;1;1;5;0;0
92,9584;335,8326;13,0000;-1,7044;0,1815;0,0000;0,0000;0,0288;0,0000;0,0000;0,2268;0,0500;-1,6500;1;0,0000;0,0000;0;1;1;5;0;0
92,9723;335,8186;13,0000;-1,7327;0,1810;0,0000;0,0000;0,0288;0,0000;0,0000;0,2263;0,0000;-1,7400;1;0,0000;0,0000;0;1;1;5;0;0
92,9861;335,8186;13,0000;-1,7389;0,1805;0,0000;0,0000;0,0288;0,0000;0,0000;0,2257;-0,0600;-1,8000;1;0,0000;0,0000;0;1;1;5;0;0
93,0000;335,8186;12,8000;-1,7348;0,1800;0,0000;0,0000;0,0288;0,0000;0,0000;0,2250;-0,1200;-1,8600;1;0,0000;0,0000;0;1;1;5;0;0
93,0139;335,8186;12,8000;-1,7054;0,1795;0,0000;0,0000;0,0288;0,0000;0,0000;0,2243;-0,1800;-1,8800;1;0,0000;0,0000;0;1;1;5;0;0
93,0278;335,5834;12,8000;-1,6730;0,1789;0,0000;0,0000;0,0288;0,0000;0,0000;0,2236;-0,2300;-1,9100;1;0,0000;0,0000;0;1;1;5;0;0
93,0417;335,5340;12,8000;-1,6385;0,1783;0,0000;0,0000;0,0288;0,0000;0,0000;0,2228;-0,2900;-1,9200;1;0,0000;0,0000;0;1;1;5;0;0
93,0556;335,4846;12,8000;-1,5679;0,1776;0,0000;0,0000;0,0288;0,0000;0,0000;0,2221;-0,3400;-1,9100;1;0,0000;0,0000;0;1;1;5;0;0
93,0695;335,4352;12,8000;-1,4789;0,1770;0,0000;0,0000;0,0288;0,0000;0,0000;0,2213;-0,3900;-1,8700;1;0,0000;0,0000;0;1;1;5;0;0
93,0834;335,3859;12,8000;-1,4057;0,1763;0,0000;0,0000;0,0288;0,0000;0,0000;0,2204;-0,4300;-1,8400;1;0,0000;0,0000;0;1;1;5;0;0
93,0973;335,3625;12,8000;-1,2991;0,1757;0,0000;0,0000;0,0288;0,0000;0,0000;0,2196;-0,4800;-1,7800;1;0,0000;0,0000;0;1;1;5;0;0
93,1111;335,3625;12,8000;-1,1875;0,1750;0,0000;0,0000;0,0288;0,0000;0,0000;0,2188;-0,5200;-1,7000;1;0,0000;0,0000;0;1;1;5;0;0
93,1250;335,3625;12,8000;-1,0696;0,1744;0,0000;0,0000;0,0288;0,0000;0,0000;0,2179;-0,5500;-1,6200;1;0,0000;0,0000;0;1;1;5;0;0
93,1389;335,3625;12,8000;-0,9813;0,1737;0,0000;0,0000;0,0288;0,0000;0,0000;0,2171;-0,5800;-1,5700;1;0,0000;0,0000;0;1;1;5;0;0
93,1528;335,3625;12,8000;-0,8914;0,1731;0,0000;0,0000;0,0288;0,0000;0,0000;0,2163;-0,6100;-1,5000;1;0,0000;0,0000;0;1;1;5;0;0
93,1667;335,0896;12,8000;-0,8315;0,1724;0,0000;0,0000;0,0288;0,0000;0,0000;0,2155;-0,6400;-1,4700;1;0,0000;0,0000;0;1;1;5;0;0
93,1806;335,0402;12,8000;-0,7592;0,1717;0,0000;0,0000;0,0288;0,0000;0,0000;0,2147;-0,6700;-1,4300;1;0,0000;0,0000;0;1;1;5;0;0
93,1945;334,9908;12,8000;-0,6857;0,1711;0,0000;0,0000;0,0288;0,0000;0,0000;0,2139;-0,6900;-1,3700;1;0,0000;0,0000;0;1;1;5;0;0
93,2084;334,9415;12,8000;-0,6272;0,1705;0,0000;0,0000;0,0288;0,0000;0,0000;0,2131;-0,7100;-1,3400;1;0,0000;0,0000;0;1;1;5;0;0
93,2223;334,9073;12,8000;-0,5887;0,1698;0,0000;0,0000;0,0288;0,0000;0,0000;0,2123;-0,7300;-1,3200;1;0,0000;0,0000;0;1;1;5;0;0
93,2361;334,9073;12,8000;-0,5515;0,1692;0,0000;0,0000;0,0288;0,0000;0,0000;0,2115;-0,7500;-1,3000;1;0,0000;0,0000;0;1;1;5;0;0
93,2500;334,9073;12,8000;-0,5022;0,1685;0,0000;0,0000;0,0288;0,0000;0,0000;0,2107;-0,7600;-1,2700;1;0,0000;0,0000;0;1;1;5;0;0
93,2639;334,9073;12,8000;-0,4596;0,1679;0,0000;0,0000;0,0288;0,0000;0,0000;0,2098;-0,7800;-1,2400;1;0,0000;0,0000;0;1;1;5;0;0
93,2778;334,9073;12,8000;-0,4291;0,1672;0,0000;0,0000;0,0288;0,0000;0,0000;0,2090;-0,7900;-1,2200;1;0,0000;0,0000;0;1;1;5;0;0
93,2917;334,6452;12,8000;-0,3925;0,1666;0,0000;0,0000;0,0288;0,0000;0,0000;0,2082;-0,8100;-1,2000;1;0,0000;0,0000;0;1;1;5;0;0
93,3056;334,5958;12,8000;-0,3687;0,1659;0,0000;0,0000;0,0288;0,0000;0,0000;0,2074;-0,8200;-1,1900;1;0,0000;0,0000;0;1;1;5;0;0
93,3195;334,5464;12,8000;-0,3480;0,1653;0,0000;0,0000;0,0288;0,0000;0,0000;0,2066;-0,8300;-1,1800;1;0,0000;0,0000;0;1;1;5;0;0
93,3334;334,4971;12,8000;-0,3317;0,1647;0,0000;0,0000;0,0288;0,0000;0,0000;0,2058;-0,8400;-1,1700;1;0,0000;0,0000;0;1;1;5;0;0
93,3473;334,4507;12,8000;-0,3146;0,1640;0,0000;0,0000;0,0288;0,0000;0,0000;0,2050;-0,8500;-1,1600;1;0,0000;0,0000;0;1;1;5;0;0
93,3611;334,4507;12,8000;-0,3004;0,1634;0,0000;0,0000;0,0288;0,0000;0,0000;0,2042;-0,8600;-1,1600;1;0,0000;0,0000;0;1;1;5;0;0
93,3750;334,4507;12,8000;-0,2905;0,1627;0,0000;0,0000;0,0288;0,0000;0,0000;0,2034;-0,8700;-1,1600;1;0,0000;0,0000;0;1;1;5;0;0
93,3889;334,4507;12,8000;-0,2753;0,1621;0,0000;0,0000;0,0288;0,0000;0,0000;0,2026;-0,8700;-1,1500;1;0,0000;0,0000;0;1;1;5;0;0
93,4028;334,4507;12,8000;-0,2617;0,1614;0,0000;0,0000;0,0288;0,0000;0,0000;0,2017;-0,8800;-1,1400;1;0,0000;0,0000;0;1;1;5;0;0
93,4167;334,2008;12,8000;-0,2457;0,1607;0,0000;0,0000;0,0288;0,0000;0,0000;0,2009;-0,8900;-1,1400;1;0,0000;0,0000;0;1;1;3;0;0
93,4306;334,1514;12,8000;-0,2333;0,1601;0,0000;0,0000;0,0288;0,0000;0,0000;0,2001;-0,9000;-1,1300;1;0,0000;0,0000;0;1;1;3;0;0
93,4445;334,1021;12,8000;-0,2240;0,1594;0,0000;0,0000;0,0288;0,0000;0,0000;0,1993;-0,9000;-1,1300;1;0,0000;0,0000;0;1;1;3;0;0
93,4584;334,0527;12,8000;-0,2196;0,1587;0,0000;0,0000;0,0288;0,0000;0,0000;0,1984;-0,9100;-1,1300;1;0,0000;0,0000;0;1;1;3;0;0
93,4723;334,0033;12,8000;-0,2189;0,1581;0,0000;0,0000;0,0288;0,0000;0,0000;0,1976;-0,9200;-1,1400;1;0,0000;0,0000;0;1;1;3;0;0
93,4861;333,9960;12,8000;-0,2189;0,1574;0,0000;0,0000;0,0288;0,0000;0,0000;0,1967;-0,9200;-1,1400;1;0,0000;0,0000;0;1;1;3;0;0
93,5000;333,9960;12,8000;-0,2132;0,1567;0,0000;0,0000;0,0288;0,0000;0,0000;0,1959;-0,9300;-1,1400;1;0,0000;0,0000;0;1;1;3;0;0
93,5139;333,9960;12,8000;-0,2053;0,1560;0,0000;0,0000;0,0288;0,0000;0,0000;0,1951;-0,9400;-1,1400;1;0,0000;0,0000;0;1;1;3;0;0
93,5278;333,9960;12,8000;-0,1893;0,1554;0,0000;0,0000;0,0288;0,0000;0,0000;0,1942;-0,9400;-1,1300;1;0,0000;0,0000;0;1;1;3;0;0
93,5417;333,7564;12,8000;-0,1696;0,1547;0,0000;0,0000;0,0288;0,0000;0,0000;0,1934;-0,9500;-1,1200;1;0,0000;0,0000;0;1;1;3;0;0
93,5556;333,7070;12,8000;-0,1414;0,1540;0,0000;0,0000;0,0288;0,0000;0,0000;0,1925;-0,9500;-1,0900;1;0,0000;0,0000;0;1;1;3;0;0
93,5695;333,6577;12,8000;-0,1015;0,1533;0,0000;0,0000;0,0288;0,0000;0,0000;0,1917;-0,9500;-1,0600;1;0,0000;0,0000;0;1;1;3;0;0
93,5834;333,6083;12,8000;-0,0395;0,1527;0,0000;0,0000;0,0288;0,0000;0,0000;0,1909;-0,9500;-0,9900;1;0,0000;0,0000;0;1;1;3;0;0
93,5973;333,5589;12,8000;0,0187;0,1521;0,0000;0,0000;0,0288;0,0000;0,0000;0,1901;-0,9500;-0,9300;1;0,0000;0,0000;0;1;1;3;0;0
93,6111;333,5390;12,8000;0,0926;0,1514;0,0000;0,0000;0,0288;0,0000;0,0000;0,1893;-0,9500;-0,8600;1;0,0000;0,0000;0;1;1;3;0;0
93,6250;333,5390;12,8000;0,1829;0,1509;0,0000;0,0000;0,0288;0,0000;0,0000;0,1886;-0,9400;-0,7600;1;0,0000;0,0000;0;1;1;3;0;0
93,6389;333,5390;12,8000;0,2622;0,1503;0,0000;0,0000;0,0288;0,0000;0,0000;0,1879;-0,9300;-0,6700;1;0,0000;0,0000;0;1;1;3;0;0
93,6528;333,5390;12,8000;0,3568;0,1498;0,0000;0,0000;0,0288;0,0000;0,0000;0,1872;-0,9200;-0,5600;1;0,0000;0,0000;0;1;1;3;0;0
93,6667;333,5390;12,8000;0,4308;0,1492;0,0000;0,0000;0,0288;0,0000;0,0000;0,1866;-0,9100;-0,4800;1;0,0000;0,0000;0;1;1;3;0;0
93,6806;333,2626;12,8000;0,4894;0,1488;0,0000;0,0000;0,0288;0,0000;0,0000;0,1859;-0,8900;-0,4000;1;0,0000;0,0000;0;1;1;3;0;0
93,6945;333,2133;12,8000;0,5618;0,1483;0,0000;0,0000;0,0288;0,0000;0,0000;0,1854;-0,8700;-0,3100;1;0,0000;0,0000;0;1;1;3;0;0
93,7084;333,1639;12,8000;0,6083;0,1479;0,0000;0,0000;0,0288;0,0000;0,0000;0,1849;-0,8500;-0,2400;1;0,0000;0,0000;0;1;1;3;0;0
93,7223;333,1145;12,8000;0,6431;0,1475;0,0000;0,0000;0,0288;0,0000;0,0000;0,1844;-0,8300;-0,1900;1;0,0000;0,0000;0;1;1;3;0;0
93,7361;333,0838;12,7000;0,6779;0,1471;0,0000;0,0000;0,0288;0,0000;0,0000;0,1839;-0,8100;-0,1300;1;0,0000;0,0000;0;1;1;3;0;0
93,7500;333,0838;12,7000;0,6989;0,1468;0,0000;0,0000;0,0288;0,0000;0,0000;0,1835;-0,7800;-0,0800;1;0,0000;0,0000;0;1;1;3;0;0
93,7639;333,0838;12,7000;0,7110;0,1464;0,0000;0,0000;0,0288;0,0000;0,0000;0,1831;-0,7600;-0,0500;1;0,0000;0,0000;0;1;1;3;0;0
93,7778;333,0838;12,7000;0,7215;0,1461;0,0000;0,0000;0,0288;0,0000;0,0000;0,1827;-0,7400;0,0000;1;0,0000;0,0000;0;1;1;3;0;0
93,7917;333,0838;12,7000;0,7296;0,1458;0,0000;0,0000;0,0288;0,0000;0,0000;0,1823;-0,7100;0,0200;1;0,0000;0,0000;0;1;1;3;0;0
93,8056;332,8201;12,7000;0,7309;0,1455;0,0000;0,0000;0,0288;0,0000;0,0000;0,1819;-0,6900;0,0400;1;0,0000;0,0000;0;1;1;3;0;0
93,8195;332,7711;12,7000;0,7255;0,1453;0,0000;0,0000;0,0288;0,0000;0,0000;0,1816;-0,6600;0,0600;1;0,0000;0,0000;0;1;1;3;0;0
93,8334;332,7221;12,7000;0,7111;0,1451;0,0000;0,0000;0,0288;0,0000;0,0000;0,1813;-0,6400;0,0700;1;0,0000;0,0000;0;1;1;3;0;0
93,8473;332,6732;12,7000;0,6877;0,1448;0,0000;0,0000;0,0288;0,0000;0,0000;0,1810;-0,6200;0,0700;1;0,0000;0,0000;0;1;1;3;0;0
93,8611;332,6276;12,7000;0,6466;0,1445;0,0000;0,0000;0,0288;0,0000;0,0000;0,1807;-0,6000;0,0500;1;0,0000;0,0000;0;1;1;3;0;0
93,8750;332,6276;12,7000;0,5968;0,1443;0,0000;0,0000;0,0288;0,0000;0,0000;0,1804;-0,5800;0,0200;1;0,0000;0,0000;0;1;1;3;0;0
93,8889;332,6276;12,7000;0,5527;0,1441;0,0000;0,0000;0,0288;0,0000;0,0000;0,1801;-0,5600;0,0000;1;0,0000;0,0000;0;1;1;3;0;0
93,9028;332,6276;12,7000;0,5042;0,1438;0,0000;0,0000;0,0288;0,0000;0,0000;0,1798;-0,5400;-0,0300;1;0,0000;0,0000;0;1;1;3;0;0
93,9167;332,6276;12,7000;0,4583;0,1436;0,0000;0,0000;0,0288;0,0000;0,0000;0,1795;-0,5300;-0,0700;1;0,0000;0,0000;0;1;1;3;0;0
93,9306;332,3792;12,7000;0,4270;0,1433;0,0000;0,0000;0,0288;0,0000;0,0000;0,1791;-0,5100;-0,0800;1;0,0000;0,0000;0;1;1;3;0;0
93,9445;332,3302;12,7000;0,3865;0,1431;0,0000;0,0000;0,0288;0,0000;0,0000;0,1789;-0,5000;-0,1100;1;0,0000;0,0000;0;1;1;3;0;0
93,9584;332,2812;12,7000;0,3786;0,1429;0,0000;0,0000;0,0288;0,0000;0,0000;0,1786;-0,4900;-0,1100;1;0,0000;0,0000;0;1;1;3;0;0
93,9723;332,2322;12,7000;0,3380;0,1426;0,0000;0,0000;0,0288;0,0000;0,0000;0,1783;-0,4700;-0,1400;1;0,0000;0,0000;0;1;1;3;0;0
93,9861;332,1832;12,7000;0,3220;0,1424;0,0000;0,0000;0,0288;0,0000;0,0000;0,1780;-0,4600;-0,1400;1;0,0000;0,0000;0;1;1;3;0;0
94,0000;332,1714;12,7000;0,3154;0,1422;0,0000;0,0000;0,0288;0,0000;0,0000;0,1777;-0,4500;-0,1400;1;0,0000;0,0000;0;1;1;3;0;0
94,0139;332,1714;12,7000;0,3121;0,1420;0,0000;0,0000;0,0288;0,0000;0,0000;0,1775;-0,4400;-0,1300;1;0,0000;0,0000;0;1;1;3;0;0
94,0278;332,1714;12,7000;0,3028;0,1418;0,0000;0,0000;0,0288;0,0000;0,0000;0,1772;-0,4300;-0,1300;1;0,0000;0,0000;0;1;1;3;0;0
94,0417;332,1714;12,7000;0,2817;0,1415;0,0000;0,0000;0,0288;0,0000;0,0000;0,1769;-0,4200;-0,1400;1;0,0000;0,0000;0;1;1;3;0;0
94,0556;331,9382;12,7000;0,2577;0,1413;0,0000;0,0000;0,0288;0,0000;0,0000;0,1767;-0,4100;-0,1600;1;0,0000;0,0000;0;1;1;3;0;0
94,0695;331,8892;12,7000;0,2410;0,1411;0,0000;0,0000;0,0288;0,0000;0,0000;0,1764;-0,4100;-0,1600;1;0,0000;0,0000;0;1;1;3;0;0
94,0834;331,8402;12,7000;0,2288;0,1409;0,0000;0,0000;0,0288;0,0000;0,0000;0,1762;-0,4000;-0,1700;1;0,0000;0,0000;0;1;1;3;0;0
94,0973;331,7912;12,7000;0,2207;0,1407;0,0000;0,0000;0,0288;0,0000;0,0000;0,1759;-0,3900;-0,1700;1;0,0000;0,0000;0;1;1;3;0;0
94,1111;331,7422;12,7000;0,2191;0,1405;0,0000;0,0000;0,0288;0,0000;0,0000;0,1757;-0,3800;-0,1600;1;0,0000;0,0000;0;1;1;3;0;0
94,1250;331,7170;12,7000;0,2025;0,1404;0,0000;0,0000;0,0288;0,0000;0,0000;0,1754;-0,3700;-0,1700;1;0,0000;0,0000;0;1;1;3;0;0
94,1389;331,7170;12,7000;0,1976;0,1402;0,0000;0,0000;0,0288;0,0000;0,0000;0,1752;-0,3700;-0,1700;1;0,0000;0,0000;0;1;1;3;0;0
94,1528;331,7170;12,7000;0,1947;0,1400;0,0000;0,0000;0,0288;0,0000;0,0000;0,1750;-0,3600;-0,1700;1;0,0000;0,0000;0;1;1;3;0;0
94,1667;331,7170;12,7000;0,1917;0,1398;0,0000;0,0000;0,0288;0,0000;0,0000;0,1748;-0,3500;-0,1600;1;0,0000;0,0000;0;1;1;3;0;0
94,1806;331,7170;12,7000;0,1839;0,1396;0,0000;0,0000;0,0288;0,0000;0,0000;0,1745;-0,3500;-0,1600;1;0,0000;0,0000;0;1;1;3;0;0
94,1945;331,4482;12,7000;0,1658;0,1395;0,0000;0,0000;0,0288;0,0000;0,0000;0,1743;-0,3400;-0,1700;1;0,0000;0,0000;0;1;1;3;0;0
94,2084;331,3992;12,7000;0,1365;0,1393;0,0000;0,0000;0,0288;0,0000;0,0000;0,1741;-0,3400;-0,2000;1;0,0000;0,0000;0;1;1;3;0;0
94,2223;331,3503;12,7000;0,0787;0,1391;0,0000;0,0000;0,0288;0,0000;0,0000;0,1739;-0,3300;-0,2500;1;0,0000;0,0000;0;1;1;3;0;0
94,2361;331,3012;12,5000;0,0232;0,1389;0,0000;0,0000;0,0288;0,0000;0,0000;0,1736;-0,3300;-0,3100;1;0,0000;0,0000;0;1;1;3;0;0
94,2500;331,2593;12,5000;-0,0571;0,1387;0,0000;0,0000;0,0288;0,0000;0,0000;0,1733;-0,3300;-0,3900;1;0,0000;0,0000;0;1;1;3;0;0
94,2639;331,2593;12,5000;-0,0731;0,1384;0,0000;0,0000;0,0288;0,0000;0,0000;0,1730;-0,3300;-0,4100;1;0,0000;0,0000;0;1;1;3;0;0
94,2778;331,2593;12,5000;-0,2301;0,1382;0,0000;0,0000;0,0288;0,0000;0,0000;0,1727;-0,3400;-0,5700;1;0,0000;0,0000;0;1;1;3;0;0
94,2917;331,2593;12,5000;-0,3737;0,1378;0,0000;0,0000;0,0288;0,0000;0,0000;0,1723;-0,3500;-0,7300;1;0,0000;0,0000;0;1;1;3;0;0
94,3056;331,2593;12,5000;-0,4770;0,1375;0,0000;0,0000;0,0288;0,0000;0,0000;0,1719;-0,3700;-0,8400;1;0,0000;0,0000;0;1;1;3;0;0
94,3195;331,0119;12,5000;-0,6005;0,1371;0,0000;0,0000;0,0288;0,0000;0,0000;0,1714;-0,3900;-0,9900;1;0,0000;0,0000;0;1;1;3;0;0
94,3334;330,9637;12,5000;-0,6519;0,1367;0,0000;0,0000;0,0288;0,0000;0,0000;0,1709;-0,4100;-1,0600;1;0,0000;0,0000;0;1;1;3;0;0
94,3473;330,9155;12,5000;-0,6908;0,1362;0,0000;0,0000;0,0288;0,0000;0,0000;0,1703;-0,4300;-1,1200;1;0,0000;0,0000;0;1;1;3;0;0
94,3611;330,8672;12,5000;-0,7027;0,1358;0,0000;0,0000;0,0288;0,0000;0,0000;0,1697;-0,4500;-1,1500;1;0,0000;0,0000;0;1;1;3;0;0
94,3750;330,8190;12,5000;-0,7293;0,1353;0,0000;0,0000;0,0288;0,0000;0,0000;0,1691;-0,4700;-1,2000;1;0,0000;0,0000;0;1;1;3;0;0
94,3889;330,8055;12,5000;-0,7451;0,1348;0,0000;0,0000;0,0288;0,0000;0,0000;0,1685;-0,5000;-1,2400;1;0,0000;0,0000;0;1;1;3;0;0
94,4028;330,8055;12,5000;-0,7533;0,1343;0,0000;0,0000;0,0288;0,0000;0,0000;0,1678;-0,5200;-1,2700;1;0,0000;0,0000;0;1;1;3;0;0
94,4167;330,8055;12,5000;-0,7548;0,1337;0,0000;0,0000;0,0288;0,0000;0,0000;0,1672;-0,5500;-1,3000;1;0,0000;0,0000;0;1;1;8;0;0
94,4306;330,8055;12,5000;-0,7244;0,1332;0,0000;0,0000;0,0288;0,0000;0,0000;0,1665;-0,5700;-1,2900;1;0,0000;0,0000;0;1;1;8;0;0
94,4445;330,8055;12,5000;-0,6845;0,1326;0,0000;0,0000;0,0288;0,0000;0,0000;0,1658;-0,5900;-1,2700;1;0,0000;0,0000;0;1;1;8;0;0
94,4584;330,5297;12,5000;-0,6310;0,1321;0,0000;0,0000;0,0288;0,0000;0,0000;0,1651;-0,6100;-1,2400;1;0,0000;0,0000;0;1;1;8;0;0
94,4723;330,4815;12,5000;-0,5685;0,1315;0,0000;0,0000;0,0288;0,0000;0,0000;0,1644;-0,6300;-1,2000;1;0,0000;0,0000;0;1;1;8;0;0
94,4861;330,4333;12,5000;-0,5558;0,1310;0,0000;0,0000;0,0288;0,0000;0,0000;0,1637;-0,6400;-1,2000;1;0,0000;0,0000;0;1;1;8;0;0
94,5000;330,3850;12,3000;-0,4377;0,1304;0,0000;0,0000;0,0288;0,0000;0,0000;0,1630;-0,6600;-1,1000;1;0,0000;0,0000;0;1;1;8;0;0
94,5139;330,3482;12,3000;-0,3505;0,1299;0,0000;0,0000;0,0288;0,0000;0,0000;0,1624;-0,6700;-1,0200;1;0,0000;0,0000;0;1;1;8;0;0
94,5278;330,3482;12,3000;-0,2784;0,1294;0,0000;0,0000;0,0288;0,0000;0,0000;0,1618;-0,6800;-0,9600;1;0,0000;0,0000;0;1;1;8;0;0
94,5417;330,3482;12,3000;-0,1939;0,1289;0,0000;0,0000;0,0288;0,0000;0,0000;0,1612;-0,6800;-0,8800;1;0,0000;0,0000;0;1;1;8;0;0
94,5556;330,3482;12,3000;-0,1326;0,1285;0,0000;0,0000;0,0288;0,0000;0,0000;0,1606;-0,6900;-0,8200;1;0,0000;0,0000;0;1;1;8;0;0
94,5695;330,3482;12,3000;-0,1204;0,1280;0,0000;0,0000;0,0288;0,0000;0,0000;0,1600;-0,6900;-0,8100;1;0,0000;0,0000;0;1;1;8;0;0
94,5834;330,1003;12,3000;-0,0547;0,1276;0,0000;0,0000;0,0288;0,0000;0,0000;0,1594;-0,6900;-0,7400;1;0,0000;0,0000;0;1;1;8;0;0
94,5973;330,0529;12,3000;-0,0143;0,1271;0,0000;0,0000;0,0288;0,0000;0,0000;0,1589;-0,6900;-0,7000;1;0,0000;0,0000;0;1;1;8;0;0
94,6111;330,0054;12,3000;0,0365;0,1267;0,0000;0,0000;0,0288;0,0000;0,0000;0,1583;-0,6900;-0,6500;1;0,0000;0,0000;0;1;1;8;0;0
94,6250;329,9580;12,3000;0,0713;0,1262;0,0000;0,0000;0,0288;0,0000;0,0000;0,1578;-0,6900;-0,6100;1;0,0000;0,0000;0;1;1;8;0;0
94,6389;329,9105;12,3000;0,1044;0,1258;0,0000;0,0000;0,0288;0,0000;0,0000;0,1573;-0,6800;-0,5800;1;0,0000;0,0000;0;1;1;8;0;0
94,6528;329,8968;12,3000;0,1282;0,1254;0,0000;0,0000;0,0288;0,0000;0,0000;0,1568;-0,6800;-0,5500;1;0,0000;0,0000;0;1;1;8;0;0
94,6667;329,8968;12,3000;0,1425;0,1250;0,0000;0,0000;0,0288;0,0000;0,0000;0,1563;-0,6700;-0,5300;1;0,0000;0,0000;0;1;1;8;0;0
94,6806;329,8968;12,3000;0,1533;0,1247;0,0000;0,0000;0,0288;0,0000;0,0000;0,1558;-0,6700;-0,5100;1;0,0000;0,0000;0;1;1;8;0;0
94,6945;329,8968;12,3000;0,1663;0,1243;0,0000;0,0000;0,0288;0,0000;0,0000;0,1553;-0,6600;-0,4900;1;0,0000;0,0000;0;1;1;8;0;0
94,7084;329,8968;12,3000;0,1757;0,1239;0,0000;0,0000;0,0288;0,0000;0,0000;0,1549;-0,6500;-0,4800;1;0,0000;0,0000;0;1;1;8;0;0
94,7223;329,6258;12,3000;0,1776;0,1235;0,0000;0,0000;0,0288;0,0000;0,0000;0,1544;-0,6500;-0,4700;1;0,0000;0,0000;0;1;1;8;0;0
94,7361;329,5784;12,3000;0,1928;0,1232;0,0000;0,0000;0,0288;0,0000;0,0000;0,1540;-0,6400;-0,4500;1;0,0000;0,0000;0;1;1;8;0;0
94,7500;329,5309;12,3000;0,2009;0,1228;0,0000;0,0000;0,0288;0,0000;0,0000;0,1535;-0,6300;-0,4300;1;0,0000;0,0000;0;1;1;8;0;0
94,7639;329,4835;12,3000;0,2084;0,1224;0,0000;0,0000;0,0288;0,0000;0,0000;0,1531;-0,6300;-0,4200;1;0,0000;0,0000;0;1;1;8;0;0
94,7778;329,4412;12,3000;0,2161;0,1221;0,0000;0,0000;0,0288;0,0000;0,0000;0,1526;-0,6200;-0,4000;1;0,0000;0,0000;0;1;1;8;0;0
94,7917;329,4412;12,3000;0,2291;0,1217;0,0000;0,0000;0,0288;0,0000;0,0000;0,1522;-0,6100;-0,3800;1;0,0000;0,0000;0;1;1;8;0;0
94,8056;329,4412;12,3000;0,2507;0,1214;0,0000;0,0000;0,0288;0,0000;0,0000;0,1517;-0,6000;-0,3500;1;0,0000;0,0000;0;1;1;8;0;0
94,8195;329,4412;12,3000;0,2673;0,1210;0,0000;0,0000;0,0288;0,0000;0,0000;0,1513;-0,6000;-0,3300;1;0,0000;0,0000;0;1;1;8;0;0
94,8334;329,4412;12,3000;0,2818;0,1207;0,0000;0,0000;0,0288;0,0000;0,0000;0,1509;-0,5900;-0,3000;1;0,0000;0,0000;0;1;1;8;0;0
94,8473;329,1988;12,3000;0,2959;0,1204;0,0000;0,0000;0,0288;0,0000;0,0000;0,1505;-0,5800;-0,2800;1;0,0000;0,0000;0;1;1;8;0;0
94,8611;329,1513;12,3000;0,3056;0,1201;0,0000;0,0000;0,0288;0,0000;0,0000;0,1501;-0,5700;-0,2600;1;0,0000;0,0000;0;1;1;8;0;0
94,8750;329,1039;12,3000;0,3079;0,1198;0,0000;0,0000;0,0288;0,0000;0,0000;0,1497;-0,5600;-0,2500;1;0,0000;0,0000;0;1;1;8;0;0
94,8889;329,0564;12,3000;0,3136;0,1195;0,0000;0,0000;0,0288;0,0000;0,0000;0,1493;-0,5500;-0,2300;1;0,0000;0,0000;0;1;1;8;0;0
94,9028;329,0090;12,3000;0,3131;0,1192;0,0000;0,0000;0,0288;0,0000;0,0000;0,1490;-0,5400;-0,2200;1;0,0000;0,0000;0;1;1;8;0;0
94,9167;328,9853;12,3000;0,3118;0,1189;0,0000;0,0000;0,0288;0,0000;0,0000;0,1486;-0,5200;-0,2100;1;0,0000;0,0000;0;1;1;8;0;0
94,9306;328,9853;12,3000;0,3087;0,1186;0,0000;0,0000;0,0288;0,0000;0,0000;0,1483;-0,5100;-0,2100;1;0,0000;0,0000;0;1;1;8;0;0
94,9445;328,9853;12,3000;0,3040;0,1184;0,0000;0,0000;0,0288;0,0000;0,0000;0,1479;-0,5000;-0,2000;1;0,0000;0,0000;0;1;1;8;0;0
94,9584;328,9853;12,3000;0,3066;0,1181;0,0000;0,0000;0,0288;0,0000;0,0000;0,1476;-0,4900;-0,1900;1;0,0000;0,0000;0;1;1;8;0;0
94,9723;328,9853;12,3000;0,3084;0,1178;0,0000;0,0000;0,0288;0,0000;0,0000;0,1473;-0,4800;-0,1700;1;0,0000;0,0000;0;1;1;8;0;0
94,9861;328,7243;12,5000;0,3079;0,1176;0,0000;0,0000;0,0288;0,0000;0,0000;0,1470;-0,4700;-0,1700;1;0,0000;0,0000;0;1;1;8;0;0
95,0000;328,6760;12,5000;0,3103;0,1173;0,0000;0,0000;0,0288;0,0000;0,0000;0,1467;-0,4600;-0,1500;1;0,0000;0,0000;0;1;1;8;0;0
95,0139;328,6278;12,5000;0,3145;0,1171;0,0000;0,0000;0,0288;0,0000;0,0000;0,1464;-0,4500;-0,1400;1;0,0000;0,0000;0;1;1;8;0;0
95,0278;328,5796;12,5000;0,3154;0,1169;0,0000;0,0000;0,0288;0,0000;0,0000;0,1461;-0,4400;-0,1300;1;0,0000;0,0000;0;1;1;8;0;0
95,0417;328,5314;12,5000;0,3377;0,1167;0,0000;0,0000;0,0288;0,0000;0,0000;0,1458;-0,4300;-0,0900;1;0,0000;0,0000;0;1;1;8;0;0
95,0556;328,5300;12,5000;0,3550;0,1165;0,0000;0,0000;0,0288;0,0000;0,0000;0,1456;-0,4200;-0,0600;1;0,0000;0,0000;0;1;1;8;0;0
95,0695;328,5300;12,5000;0,3714;0,1163;0,0000;0,0000;0,0288;0,0000;0,0000;0,1454;-0,4000;-0,0300;1;0,0000;0,0000;0;1;1;8;0;0
95,0834;328,5300;12,5000;0,3849;0,1161;0,0000;0,0000;0,0288;0,0000;0,0000;0,1452;-0,3900;0,0000;1;0,0000;0,0000;0;1;1;8;0;0
95,0973;328,5300;12,5000;0,3929;0,1160;0,0000;0,0000;0,0288;0,0000;0,0000;0,1450;-0,3800;0,0000;1;0,0000;0,0000;0;1;1;8;0;0
95,1111;328,2903;12,5000;0,4055;0,1159;0,0000;0,0000;0,0288;0,0000;0,0000;0,1448;-0,3700;0,0400;1;0,0000;0,0000;0;1;1;8;0;0
95,1250;328,2420;12,5000;0,4224;0,1157;0,0000;0,0000;0,0288;0,0000;0,0000;0,1447;-0,3500;0,0700;1;0,0000;0,0000;0;1;1;8;0;0
95,1389;328,1938;12,5000;0,4468;0,1156;0,0000;0,0000;0,0288;0,0000;0,0000;0,1445;-0,3400;0,1100;1;0,0000;0,0000;0;1;1;8;0;0
95,1528;328,1456;12,5000;0,4910;0,1156;0,0000;0,0000;0,0288;0,0000;0,0000;0,1444;-0,3200;0,1700;1;0,0000;0,0000;0;1;1;8;0;0
95,1667;328,0974;12,5000;0,5631;0,1155;0,0000;0,0000;0,0288;0,0000;0,0000;0,1443;-0,3000;0,2600;1;0,0000;0,0000;0;1;1;8;0;0
95,1806;328,0737;12,5000;0,5772;0,1154;0,0000;0,0000;0,0288;0,0000;0,0000;0,1443;-0,2800;0,2900;1;0,0000;0,0000;0;1;1;8;0;0
95,1945;328,0737;12,5000;0,7988;0,1154;0,0000;0,0000;0,0288;0,0000;0,0000;0,1443;-0,2600;0,5400;1;0,0000;0,0000;0;1;1;8;0;0
95,2084;328,0737;12,5000;0,9047;0,1155;0,0000;0,0000;0,0288;0,0000;0,0000;0,1444;-0,2300;0,6800;1;0,0000;0,0000;0;1;1;8;0;0
95,2223;328,0737;12,5000;1,0010;0,1156;0,0000;0,0000;0,0288;0,0000;0,0000;0,1445;-0,2000;0,8100;1;0,0000;0,0000;0;1;1;8;0;0
95,2361;328,0737;12,5000;1,0721;0,1158;0,0000;0,0000;0,0288;0,0000;0,0000;0,1447;-0,1600;0,9100;1;0,0000;0,0000;0;1;1;8;0;0
95,2500;327,8080;12,5000;1,1022;0,1159;0,0000;0,0000;0,0288;0,0000;0,0000;0,1449;-0,1300;0,9800;1;0,0000;0,0000;0;1;1;8;0;0
95,2639;327,7597;12,5000;1,1152;0,1162;0,0000;0,0000;0,0288;0,0000;0,0000;0,1452;-0,0900;1,0300;1;0,0000;0,0000;0;1;1;8;0;0
95,2778;327,7115;12,5000;1,1168;0,1164;0,0000;0,0000;0,0288;0,0000;0,0000;0,1455;-0,0500;1,0600;1;0,0000;0,0000;0;1;1;8;0;0
95,2917;327,6633;12,5000;1,1139;0,1166;0,0000;0,0000;0,0288;0,0000;0,0000;0,1458;-0,0200;1,1000;1;0,0000;0,0000;0;1;1;8;0;0
95,3056;327,6189;12,5000;1,1028;0,1169;0,0000;0,0000;0,0288;0,0000;0,0000;0,1461;0,0200;1,1200;1;0,0000;0,0000;0;1;1;8;0;0
95,3195;327,6189;12,5000;1,0540;0,1172;0,0000;0,0000;0,0288;0,0000;0,0000;0,1465;0,0500;1,1000;1;0,0000;0,0000;0;1;1;8;0;0
95,3334;327,6189;12,5000;1,0442;0,1175;0,0000;0,0000;0,0288;0,0000;0,0000;0,1469;0,0800;1,1300;1;0,0000;0,0000;0;1;1;8;0;0
95,3473;327,6189;12,5000;0,9182;0,1178;0,0000;0,0000;0,0288;0,0000;0,0000;0,1472;0,1100;1,0300;1;0,0000;0,0000;0;1;1;8;0;0
95,3611;327,6189;12,5000;0,8163;0,1181;0,0000;0,0000;0,0288;0,0000;0,0000;0,1476;0,1400;0,9600;1;0,0000;0,0000;0;1;1;8;0;0
95,3750;327,3739;12,5000;0,7508;0,1183;0,0000;0,0000;0,0288;0,0000;0,0000;0,1479;0,1600;0,9100;1;0,0000;0,0000;0;1;1;8;0;0
95,3889;327,3257;12,5000;0,7057;0,1186;0,0000;0,0000;0,0288;0,0000;0,0000;0,1483;0,1900;0,8900;1;0,0000;0,0000;0;1;1;8;0;0
95,4028;327,2775;12,5000;0,6747;0,1189;0,0000;0,0000;0,0288;0,0000;0,0000;0,1487;0,2100;0,8800;1;0,0000;0,0000;0;1;1;8;0;0
95,4167;327,2293;12,5000;0,6718;0,1193;0,0000;0,0000;0,0288;0,0000;0,0000;0,1491;0,2300;0,9000;1;0,0000;0,0000;0;1;1;0;0;0
95,4306;327,1810;12,5000;0,6599;0,1196;0,0000;0,0000;0,0288;0,0000;0,0000;0,1495;0,2500;0,9100;1;0,0000;0,0000;0;1;1;0;0;0
95,4445;327,1619;12,5000;0,6488;0,1199;0,0000;0,0000;0,0288;0,0000;0,0000;0,1499;0,2700;0,9200;1;0,0000;0,0000;0;1;1;0;0;0
95,4584;327,1619;12,5000;0,6490;0,1203;0,0000;0,0000;0,0288;0,0000;0,0000;0,1504;0,2900;0,9400;1;0,0000;0,0000;0;1;1;0;0;0
95,4723;327,1619;12,5000;0,6508;0,1207;0,0000;0,0000;0,0288;0,0000;0,0000;0,1508;0,3100;0,9600;1;0,0000;0,0000;0;1;1;0;0;0
95,4861;327,1619;12,6000;0,6511;0,1211;0,0000;0,0000;0,0288;0,0000;0,0000;0,1513;0,3300;0,9900;1;0,0000;0,0000;0;1;1;0;0;0
95,5000;327,1619;12,6000;0,7478;0,1215;0,0000;0,0000;0,0288;0,0000;0,0000;0,1519;0,3600;1,1100;1;0,0000;0,0000;0;1;1;0;0;0
95,5139;326,8909;12,6000;0,8526;0,1220;0,0000;0,0000;0,0288;0,0000;0,0000;0,1524;0,3900;1,2400;1;0,0000;0,0000;0;1;1;0;0;0
95,5278;326,8423;12,6000;0,9104;0,1225;0,0000;0,0000;0,0288;0,0000;0,0000;0,1531;0,4200;1,3300;1;0,0000;0,0000;0;1;1;0;0;0
95,5417;326,7937;12,6000;0,9236;0,1230;0,0000;0,0000;0,0288;0,0000;0,0000;0,1538;0,4500;1,3700;1;0,0000;0,0000;0;1;1;0;0;0
95,5556;326,7451;12,6000;0,9200;0,1236;0,0000;0,0000;0,0288;0,0000;0,0000;0,1545;0,4800;1,4000;1;0,0000;0,0000;0;1;1;0;0;0
95,5695;326,7076;12,6000;0,9193;0,1242;0,0000;0,0000;0,0288;0,0000;0,0000;0,1552;0,5100;1,4300;1;0,0000;0,0000;0;1;1;0;0;0
95,5834;326,7076;12,6000;0,8765;0,1247;0,0000;0,0000;0,0288;0,0000;0,0000;0,1559;0,5400;1,4100;1;0,0000;0,0000;0;1;1;0;0;0
95,5973;326,7076;12,6000;0,8332;0,1254;0,0000;0,0000;0,0288;0,0000;0,0000;0,1567;0,5600;1,4000;1;0,0000;0,0000;0;1;1;0;0;0
95,6111;326,7076;12,6000;0,7252;0,1259;0,0000;0,0000;0,0288;0,0000;0,0000;0,1574;0,5900;1,3100;1;0,0000;0,0000;0;1;1;0;0;0
95,6250;326,7076;12,6000;0,6061;0,1265;0,0000;0,0000;0,0288;0,0000;0,0000;0,1581;0,6100;1,2100;1;0,0000;0,0000;0;1;1;0;0;0
95,6389;326,4534;12,6000;0,5824;0,1271;0,0000;0,0000;0,0288;0,0000;0,0000;0,1589;0,6300;1,2100;1;0,0000;0,0000;0;1;1;0;0;0
95,6528;326,4048;12,6000;0,3201;0,1276;0,0000;0,0000;0,0288;0,0000;0,0000;0,1595;0,6400;0,9600;1;0,0000;0,0000;0;1;1;0;0;0
95,6667;326,3562;12,6000;0,1754;0,1281;0,0000;0,0000;0,0288;0,0000;0,0000;0,1601;0,6400;0,8200;1;0,0000;0,0000;0;1;1;0;0;0
95,6806;326,3076;12,6000;0,1060;0,1286;0,0000;0,0000;0,0288;0,0000;0,0000;0,1607;0,6500;0,7500;1;0,0000;0,0000;0;1;1;0;0;0
95,6945;326,2590;12,6000;0,0378;0,1291;0,0000;0,0000;0,0288;0,0000;0,0000;0,1613;0,6500;0,6900;1;0,0000;0,0000;0;1;1;0;0;0
95,7084;326,2506;12,6000;-0,0271;0,1295;0,0000;0,0000;0,0288;0,0000;0,0000;0,1619;0,6500;0,6200;1;0,0000;0,0000;0;1;1;0;0;0
95,7223;326,2506;12,6000;-0,1628;0,1299;0,0000;0,0000;0,0288;0,0000;0,0000;0,1624;0,6500;0,4800;1;0,0000;0,0000;0;1;1;0;0;0
95,7361;326,2506;13,5000;-0,2861;0,1303;0,0000;0,0000;0,0288;0,0000;0,0000;0,1629;0,6400;0,3500;1;0,0000;0,0000;0;1;1;0;0;0
95,7500;326,2506;13,5000;-0,4865;0,1306;0,0000;0,0000;0,0288;0,0000;0,0000;0,1633;0,6200;0,1300;1;0,0000;0,0000;0;1;1;0;0;0
95,7639;326,0090;13,5000;-0,6527;0,1309;0,0000;0,0000;0,0288;0,0000;0,0000;0,1636;0,6000;-0,0500;1;0,0000;0,0000;0;1;1;0;0;0
95,7778;325,9569;13,5000;-0,8598;0,1311;0,0000;0,0000;0,0288;0,0000;0,0000;0,1639;0,5700;-0,2900;1;0,0000;0,0000;0;1;1;0;0;0
95,7917;325,9048;13,5000;-0,9012;0,1313;0,0000;0,0000;0,0288;0,0000;0,0000;0,1641;0,5400;-0,3600;1;0,0000;0,0000;0;1;1;0;0;0
95,8056;325,8528;13,5000;-1,1713;0,1314;0,0000;0,0000;0,0288;0,0000;0,0000;0,1642;0,5000;-0,6700;1;0,0000;0,0000;0;1;1;0;0;0
95,8195;325,8007;13,5000;-1,2832;0,1314;0,0000;0,0000;0,0288;0,0000;0,0000;0,1642;0,4500;-0,8300;1;0,0000;0,0000;0;1;1;0;0;0
95,8334;325,7962;13,5000;-1,3625;0,1313;0,0000;0,0000;0,0288;0,0000;0,0000;0,1642;0,4100;-0,9600;1;0,0000;0,0000;0;1;1;0;0;0
95,8473;325,7962;13,5000;-1,4549;0,1312;0,0000;0,0000;0,0288;0,0000;0,0000;0,1640;0,3600;-1,1000;1;0,0000;0,0000;0;1;1;0;0;0
95,8611;325,7962;13,5000;-1,5847;0,1310;0,0000;0,0000;0,0288;0,0000;0,0000;0,1638;0,3000;-1,2800;1;0,0000;0,0000;0;1;1;0;0;0
95,8750;325,7962;13,5000;-1,6744;0,1308;0,0000;0,0000;0,0288;0,0000;0,0000;0,1635;0,2400;-1,4300;1;0,0000;0,0000;0;1;1;0;0;0
95,8889;325,5403;13,5000;-1,7170;0,1305;0,0000;0,0000;0,0288;0,0000;0,0000;0,1631;0,1800;-1,5300;1;0,0000;0,0000;0;1;1;0;0;0
95,9028;325,4882;13,5000;-1,7687;0,1301;0,0000;0,0000;0,0288;0,0000;0,0000;0,1627;0,1200;-1,6400;1;0,0000;0,0000;0;1;1;0;0;0
95,9167;325,4361;13,5000;-1,8009;0,1297;0,0000;0,0000;0,0288;0,0000;0,0000;0,1621;0,0600;-1,7400;1;0,0000;0,0000;0;1;1;0;0;0
95,9306;325,3840;13,5000;-1,8059;0,1293;0,0000;0,0000;0,0288;0,0000;0,0000;0,1616;0,0000;-1,8100;1;0,0000;0,0000;0;1;1;0;0;0
95,9445;325,3399;13,5000;-1,8069;0,1288;0,0000;0,0000;0,0288;0,0000;0,0000;0,1609;-0,0600;-1,8700;1;0,0000;0,0000;0;1;1;0;0;0
95,9584;325,3399;13,5000;-1,7608;0,1282;0,0000;0,0000;0,0288;0,0000;0,0000;0,1603;-0,1200;-1,8800;1;0,0000;0,0000;0;1;1;0;0;0
95,9723;325,3399;13,5000;-1,6919;0,1277;0,0000;0,0000;0,0288;0,0000;0,0000;0,1596;-0,1800;-1,8700;1;0,0000;0,0000;0;1;1;0;0;0
95,9861;325,3399;13,5000;-1,6781;0,1271;0,0000;0,0000;0,0288;0,0000;0,0000;0,1589;-0,2400;-1,9200;1;0,0000;0,0000;0;1;1;0;0;0
96,0000;325,3399;13,5000;-1,5492;0,1265;0,0000;0,0000;0,0288;0,0000;0,0000;0,1581;-0,2900;-1,8400;1;0,0000;0,0000;0;1;1;0;0;0
96,0139;325,0715;13,5000;-1,1671;0,1260;0,0000;0,0000;0,0288;0,0000;0,0000;0,1574;-0,3300;-1,5000;1;0,0000;0,0000;0;1;1;0;0;0
96,0278;325,0195;13,5000;-0,8884;0,1255;0,0000;0,0000;0,0288;0,0000;0,0000;0,1568;-0,3600;-1,2500;1;0,0000;0,0000;0;1;1;0;0;0
96,0417;324,9674;13,5000;-0,6843;0,1250;0,0000;0,0000;0,0288;0,0000;0,0000;0,1563;-0,3900;-1,0700;1;0,0000;0,0000;0;1;1;0;0;0
96,0556;324,9153;13,5000;-0,5037;0,1246;0,0000;0,0000;0,0288;0,0000;0,0000;0,1558;-0,4000;-0,9100;1;0,0000;0,0000;0;1;1;0;0;0
96,0695;324,8847;13,5000;-0,4572;0,1242;0,0000;0,0000;0,0288;0,0000;0,0000;0,1553;-0,4200;-0,8700;1;0,0000;0,0000;0;1;1;0;0;0
96,0834;324,8847;13,5000;-0,5374;0,1238;0,0000;0,0000;0,0288;0,0000;0,0000;0,1547;-0,4400;-0,9700;1;0,0000;0,0000;0;1;1;0;0;0
96,0973;324,8847;13,5000;-0,5535;0,1233;0,0000;0,0000;0,0288;0,0000;0,0000;0,1542;-0,4500;-1,0100;1;0,0000;0,0000;0;1;1;0;0;0
96,1111;324,8847;13,5000;-0,6621;0,1228;0,0000;0,0000;0,0288;0,0000;0,0000;0,1535;-0,4800;-1,1400;1;0,0000;0,0000;0;1;1;0;0;0
96,1250;324,6549;13,5000;-0,7325;0,1223;0,0000;0,0000;0,0288;0,0000;0,0000;0,1528;-0,5000;-1,2300;1;0,0000;0,0000;0;1;1;0;0;0
96,1389;324,6028;13,5000;-0,7841;0,1217;0,0000;0,0000;0,0288;0,0000;0,0000;0,1521;-0,5300;-1,3100;1;0,0000;0,0000;0;1;1;0;0;0
96,1528;324,5508;13,5000;-0,8659;0,1211;0,0000;0,0000;0,0288;0,0000;0,0000;0,1514;-0,5600;-1,4200;1;0,0000;0,0000;0;1;1;0;0;0
96,1667;324,4987;13,5000;-1,0175;0,1204;0,0000;0,0000;0,0288;0,0000;0,0000;0,1505;-0,5900;-1,6100;1;0,0000;0,0000;0;1;1;0;0;0
96,1806;324,4466;13,5000;-1,2012;0,1197;0,0000;0,0000;0,0288;0,0000;0,0000;0,1496;-0,6300;-1,8300;1;0,0000;0,0000;0;1;1;0;0;0
96,1945;324,4290;13,5000;-1,3902;0,1188;0,0000;0,0000;0,0288;0,0000;0,0000;0,1485;-0,6800;-2,0700;1;0,0000;0,0000;0;1;1;0;0;0
96,2084;324,4290;13,5000;-1,5311;0,1179;0,0000;0,0000;0,0288;0,0000;0,0000;0,1473;-0,7300;-2,2700;1;0,0000;0,0000;0;1;1;0;0;0
96,2223;324,4290;14,2000;-1,6432;0,1169;0,0000;0,0000;0,0288;0,0000;0,0000;0,1461;-0,7900;-2,4400;1;0,0000;0,0000;0;1;1;0;0;0
96,2361;324,4290;14,2000;-1,7333;0,1157;0,0000;0,0000;0,0288;0,0000;0,0000;0,1447;-0,8600;-2,5900;1;0,0000;0,0000;0;1;1;0;0;0
96,2500;324,1808;14,2000;-1,7512;0,1146;0,0000;0,0000;0,0288;0,0000;0,0000;0,1432;-0,9200;-2,6700;1;0,0000;0,0000;0;1;1;0;0;0
96,2639;324,1261;14,2000;-1,7253;0,1134;0,0000;0,0000;0,0288;0,0000;0,0000;0,1417;-0,9800;-2,7100;1;0,0000;0,0000;0;1;1;0;0;0
96,2778;324,0713;14,2000;-1,7097;0,1121;0,0000;0,0000;0,0288;0,0000;0,0000;0,1401;-1,0400;-2,7500;1;0,0000;0,0000;0;1;1;0;0;0
96,2917;324,0165;14,2000;-1,6197;0,1108;0,0000;0,0000;0,0288;0,0000;0,0000;0,1385;-1,1000;-2,7200;1;0,0000;0,0000;0;1;1;0;0;0
96,3056;323,9730;14,2000;-1,4692;0,1096;0,0000;0,0000;0,0288;0,0000;0,0000;0,1370;-1,1600;-2,6300;1;0,0000;0,0000;0;1;1;0;0;0
96,3195;323,9730;14,2000;-1,2659;0,1083;0,0000;0,0000;0,0288;0,0000;0,0000;0,1354;-1,2000;-2,4700;1;0,0000;0,0000;0;1;1;0;0;0
96,3334;323,9730;14,2000;-1,0282;0,1071;0,0000;0,0000;0,0288;0,0000;0,0000;0,1339;-1,2400;-2,2700;1;0,0000;0,0000;0;1;1;0;0;0
96,3473;323,9730;14,2000;-0,8061;0,1059;0,0000;0,0000;0,0288;0,0000;0,0000;0,1324;-1,2700;-2,0800;1;0,0000;0,0000;0;1;1;0;0;0
96,3611;323,7427;14,2000;-0,5698;0,1048;0,0000;0,0000;0,0288;0,0000;0,0000;0,1310;-1,2900;-1,8600;1;0,0000;0,0000;0;1;1;0;0;0
96,3750;323,6880;14,2000;-0,3036;0,1037;0,0000;0,0000;0,0288;0,0000;0,0000;0,1296;-1,3000;-1,6000;1;0,0000;0,0000;0;1;1;0;0;0
96,3889;323,6332;14,2000;-0,0480;0,1027;0,0000;0,0000;0,0288;0,0000;0,0000;0,1284;-1,3000;-1,3500;1;0,0000;0,0000;0;1;1;0;0;0
96,4028;323,5784;14,2000;0,0033;0,1017;0,0000;0,0000;0,0288;0,0000;0,0000;0,1272;-1,3000;-1,3000;1;0,0000;0,0000;0;1;1;0;0;0
96,4167;323,5237;14,2000;0,3824;0,1009;0,0000;0,0000;0,0288;0,0000;0,0000;0,1261;-1,2900;-0,9000;1;0,0000;0,0000;0;1;1;6;0;0
96,4306;323,5179;14,2000;0,5625;0,1001;0,0000;0,0000;0,0288;0,0000;0,0000;0,1251;-1,2700;-0,7000;1;0,0000;0,0000;0;1;1;6;0;0
96,4445;323,5179;14,2000;0,6708;0,0993;0,0000;0,0000;0,0288;0,0000;0,0000;0,1241;-1,2400;-0,5700;1;0,0000;0,0000;0;1;1;6;0;0
96,4584;323,5179;14,2000;0,6401;0,0986;0,0000;0,0000;0,0288;0,0000;0,0000;0,1232;-1,2200;-0,5800;1;0,0000;0,0000;0;1;1;6;0;0
96,4723;323,5179;14,2000;0,5669;0,0978;0,0000;0,0000;0,0288;0,0000;0,0000;0,1223;-1,2000;-0,6300;1;0,0000;0,0000;0;1;1;6;0;0
96,4861;323,2498;14,2000;0,5235;0,0971;0,0000;0,0000;0,0288;0,0000;0,0000;0,1214;-1,1800;-0,6500;1;0,0000;0,0000;0;1;1;6;0;0
96,5000;323,1950;14,2000;0,4930;0,0964;0,0000;0,0000;0,0288;0,0000;0,0000;0,1204;-1,1600;-0,6600;1;0,0000;0,0000;0;1;1;6;0;0
96,5139;323,1402;14,2000;0,4479;0,0956;0,0000;0,0000;0,0288;0,0000;0,0000;0,1195;-1,1400;-0,6900;1;0,0000;0,0000;0;1;1;6;0;0
96,5278;323,0854;14,2000;0,3515;0,0949;0,0000;0,0000;0,0288;0,0000;0,0000;0,1186;-1,1300;-0,7800;1;0,0000;0,0000;0;1;1;6;0;0
96,5417;323,0611;14,2000;0,2070;0,0941;0,0000;0,0000;0,0288;0,0000;0,0000;0,1176;-1,1200;-0,9100;1;0,0000;0,0000;0;1;1;6;0;0
96,5556;323,0611;14,2000;0,1781;0,0933;0,0000;0,0000;0,0288;0,0000;0,0000;0,1166;-1,1100;-0,9300;1;0,0000;0,0000;0;1;1;6;0;0
96,5695;323,0611;14,2000;-0,0336;0,0925;0,0000;0,0000;0,0288;0,0000;0,0000;0,1156;-1,1100;-1,1500;1;0,0000;0,0000;0;1;1;6;0;0
96,5834;323,0611;14,2000;-0,1383;0,0916;0,0000;0,0000;0,0288;0,0000;0,0000;0,1145;-1,1200;-1,2600;1;0,0000;0,0000;0;1;1;6;0;0
96,5973;322,8116;14,2000;-0,1958;0,0907;0,0000;0,0000;0,0288;0,0000;0,0000;0,1133;-1,1200;-1,3200;1;0,0000;0,0000;0;1;1;6;0;0
96,6111;322,7568;14,2000;-0,2034;0,0898;0,0000;0,0000;0,0288;0,0000;0,0000;0,1122;-1,1300;-1,3300;1;0,0000;0,0000;0;1;1;6;0;0
96,6250;322,7020;14,2000;-0,1964;0,0889;0,0000;0,0000;0,0288;0,0000;0,0000;0,1111;-1,1400;-1,3300;1;0,0000;0,0000;0;1;1;6;0;0
96,6389;322,6472;14,2000;-0,1970;0,0879;0,0000;0,0000;0,0288;0,0000;0,0000;0,1099;-1,1400;-1,3400;1;0,0000;0,0000;0;1;1;6;0;0
96,6528;322,6067;14,2000;-0,2013;0,0870;0,0000;0,0000;0,0288;0,0000;0,0000;0,1088;-1,1500;-1,3500;1;0,0000;0,0000;0;1;1;6;0;0
96,6667;322,6067;14,2000;-0,1873;0,0861;0,0000;0,0000;0,0288;0,0000;0,0000;0,1076;-1,1600;-1,3500;1;0,0000;0,0000;0;1;1;6;0;0
96,6806;322,6067;14,2000;-0,1738;0,0852;0,0000;0,0000;0,0288;0,0000;0,0000;0,1065;-1,1600;-1,3400;1;0,0000;0,0000;0;1;1;6;0;0
96,6945;322,6067;14,2000;-0,1534;0,0842;0,0000;0,0000;0,0288;0,0000;0,0000;0,1053;-1,1700;-1,3200;1;0,0000;0,0000;0;1;1;6;0;0
96,7084;322,3734;14,2000;-0,1493;0,0833;0,0000;0,0000;0,0288;0,0000;0,0000;0,1042;-1,1700;-1,3200;1;0,0000;0,0000;0;1;1;6;0;0
96,7223;322,3186;14,2000;-0,1340;0,0824;0,0000;0,0000;0,0288;0,0000;0,0000;0,1030;-1,1800;-1,3100;1;0,0000;0,0000;0;1;1;6;0;0
96,7361;322,2639;14,2000;-0,1285;0,0815;0,0000;0,0000;0,0288;0,0000;0,0000;0,1018;-1,1800;-1,3100;1;0,0000;0,0000;0;1;1;6;0;0
96,7500;322,2091;14,2000;-0,1318;0,0805;0,0000;0,0000;0,0288;0,0000;0,0000;0,1007;-1,1900;-1,3200;1;0,0000;0,0000;0;1;1;6;0;0
96,7639;322,1543;14,2000;-0,1624;0,0796;0,0000;0,0000;0,0288;0,0000;0,0000;0,0995;-1,1900;-1,3500;1;0,0000;0,0000;0;1;1;6;0;0
96,7778;322,1501;14,2000;-0,2273;0,0786;0,0000;0,0000;0,0288;0,0000;0,0000;0,0983;-1,2000;-1,4300;1;0,0000;0,0000;0;1;1;6;0;0
96,7917;322,1501;14,2000;-0,3045;0,0776;0,0000;0,0000;0,0288;0,0000;0,0000;0,0971;-1,2100;-1,5100;1;0,0000;0,0000;0;1;1;6;0;0
96,8056;322,1501;14,2000;-0,4285;0,0766;0,0000;0,0000;0,0288;0,0000;0,0000;0,0957;-1,2300;-1,6500;1;0,0000;0,0000;0;1;1;6;0;0
96,8195;322,1501;14,2000;-0,5841;0,0755;0,0000;0,0000;0,0288;0,0000;0,0000;0,0944;-1,2500;-1,8300;1;0,0000;0,0000;0;1;1;6;0;0
96,8334;321,8805;14,2000;-0,7235;0,0743;0,0000;0,0000;0,0288;0,0000;0,0000;0,0929;-1,2700;-2,0000;1;0,0000;0,0000;0;1;1;6;0;0
96,8473;321,8257;14,2000;-0,8536;0,0731;0,0000;0,0000;0,0288;0,0000;0,0000;0,0914;-1,3000;-2,1600;1;0,0000;0,0000;0;1;1;6;0;0
96,8611;321,7709;14,2000;-0,8796;0,0719;0,0000;0,0000;0,0288;0,0000;0,0000;0,0899;-1,3300;-2,2100;1;0,0000;0,0000;0;1;1;6;0;0
96,8750;321,7162;14,2000;-1,0125;0,0706;0,0000;0,0000;0,0288;0,0000;0,0000;0,0882;-1,3700;-2,3800;1;0,0000;0,0000;0;1;1;6;0;0
96,8889;321,6952;14,2000;-1,1117;0,0692;0,0000;0,0000;0,0288;0,0000;0,0000;0,0864;-1,4100;-2,5200;1;0,0000;0,0000;0;1;1;6;0;0
96,9028;321,6952;14,2000;-1,1317;0,0677;0,0000;0,0000;0,0288;0,0000;0,0000;0,0847;-1,4500;-2,5800;1;0,0000;0,0000;0;1;1;6;0;0
96,9167;321,6952;14,2000;-1,0868;0,0663;0,0000;0,0000;0,0288;0,0000;0,0000;0,0829;-1,4900;-2,5800;1;0,0000;0,0000;0;1;1;6;0;0
96,9306;321,6952;14,2000;-1,0473;0,0648;0,0000;0,0000;0,0288;0,0000;0,0000;0,0810;-1,5300;-2,5800;1;0,0000;0,0000;0;1;1;6;0;0
96,9445;321,4424;14,2000;-1,0063;0,0634;0,0000;0,0000;0,0288;0,0000;0,0000;0,0792;-1,5600;-2,5700;1;0,0000;0,0000;0;1;1;6;0;0
96,9584;321,3877;14,2000;-0,9981;0,0618;0,0000;0,0000;0,0288;0,0000;0,0000;0,0773;-1,6000;-2,6000;1;0,0000;0,0000;0;1;1;6;0;0
96,9723;321,3329;14,2000;-0,8808;0,0604;0,0000;0,0000;0,0288;0,0000;0,0000;0,0755;-1,6300;-2,5100;1;0,0000;0,0000;0;1;1;6;0;0
96,9861;321,2782;14,2000;-0,8085;0,0589;0,0000;0,0000;0,0288;0,0000;0,0000;0,0736;-1,6600;-2,4700;1;0,0000;0,0000;0;1;1;6;0;0
97,0000;321,2393;14,2000;-0,7417;0,0574;0,0000;0,0000;0,0288;0,0000;0,0000;0,0717;-1,6900;-2,4300;1;0,0000;0,0000;0;1;1;6;0;0
97,0139;321,2393;14,2000;-0,7283;0,0558;0,0000;0,0000;0,0288;0,0000;0,0000;0,0698;-1,7100;-2,4400;1;0,0000;0,0000;0;1;1;6;0;0
97,0278;321,2393;14,2000;-0,6357;0,0543;0,0000;0,0000;0,0288;0,0000;0,0000;0,0679;-1,7400;-2,3700;1;0,0000;0,0000;0;1;1;6;0;0
97,0417;321,2393;14,2000;-0,3034;0,0529;0,0000;0,0000;0,0288;0,0000;0,0000;0,0661;-1,7500;-2,0500;1;0,0000;0,0000;0;1;1;6;0;0
97,0556;321,0044;14,2000;-0,0653;0,0516;0,0000;0,0000;0,0288;0,0000;0,0000;0,0644;-1,7500;-1,8100;1;0,0000;0,0000;0;1;1;6;0;0
97,0695;320,9496;14,2000;0,1269;0,0503;0,0000;0,0000;0,0288;0,0000;0,0000;0,0628;-1,7400;-1,6200;1;0,0000;0,0000;0;1;1;6;0;0
97,0834;320,8949;14,2000;0,1654;0,0490;0,0000;0,0000;0,0288;0,0000;0,0000;0,0612;-1,7400;-1,5700;1;0,0000;0,0000;0;1;1;6;0;0
97,0973;320,8401;14,2000;0,3291;0,0477;0,0000;0,0000;0,0288;0,0000;0,0000;0,0597;-1,7300;-1,4000;1;0,0000;0,0000;0;1;1;6;0;0
97,1111;320,7853;14,2000;0,3618;0,0465;0,0000;0,0000;0,0288;0,0000;0,0000;0,0582;-1,7100;-1,3500;1;0,0000;0,0000;0;1;1;6;0;0
97,1250;320,7835;14,2000;0,4744;0,0454;0,0000;0,0000;0,0288;0,0000;0,0000;0,0567;-1,6900;-1,2200;1;0,0000;0,0000;0;1;1;6;0;0
97,1389;320,7835;14,2000;0,5773;0,0443;0,0000;0,0000;0,0288;0,0000;0,0000;0,0553;-1,6700;-1,1000;1;0,0000;0,0000;0;1;1;6;0;0
97,1528;320,7835;14,2000;0,6936;0,0432;0,0000;0,0000;0,0288;0,0000;0,0000;0,0540;-1,6500;-0,9500;1;0,0000;0,0000;0;1;1;6;0;0
97,1667;320,7835;14,2000;0,7996;0,0422;0,0000;0,0000;0,0288;0,0000;0,0000;0,0527;-1,6200;-0,8200;1;0,0000;0,0000;0;1;1;6;0;0
97,1806;320,5115;14,2000;0,8993;0,0412;0,0000;0,0000;0,0288;0,0000;0,0000;0,0516;-1,5800;-0,6800;1;0,0000;0,0000;0;1;1;6;0;0
97,1945;320,4567;14,2000;1,0269;0,0404;0,0000;0,0000;0,0288;0,0000;0,0000;0,0504;-1,5500;-0,5200;1;0,0000;0,0000;0;1;1;6;0;0
97,2084;320,4019;14,2000;1,1639;0,0395;0,0000;0,0000;0,0288;0,0000;0,0000;0,0494;-1,5000;-0,3400;1;0,0000;0,0000;0;1;1;6;0;0
97,2223;320,3472;14,2000;1,3129;0,0388;0,0000;0,0000;0,0288;0,0000;0,0000;0,0485;-1,4500;-0,1400;1;0,0000;0,0000;0;1;1;6;0;0
97,2361;320,3284;14,2000;1,4671;0,0381;0,0000;0,0000;0,0288;0,0000;0,0000;0,0476;-1,4000;0,0700;1;0,0000;0,0000;0;1;1;6;0;0
97,2500;320,3284;14,2000;1,6241;0,0375;0,0000;0,0000;0,0288;0,0000;0,0000;0,0469;-1,3400;0,2800;1;0,0000;0,0000;0;1;1;6;0;0
97,2639;320,3284;14,2000;1,8061;0,0370;0,0000;0,0000;0,0288;0,0000;0,0000;0,0463;-1,2800;0,5300;1;0,0000;0,0000;0;1;1;6;0;0
97,2778;320,3284;14,2000;2,0137;0,0367;0,0000;0,0000;0,0288;0,0000;0,0000;0,0458;-1,2000;0,8100;1;0,0000;0,0000;0;1;1;6;0;0
97,2917;320,0732;14,2000;2,1543;0,0364;0,0000;0,0000;0,0288;0,0000;0,0000;0,0455;-1,1200;1,0300;1;0,0000;0,0000;0;1;1;6;0;0
97,3056;320,0184;14,2000;2,2534;0,0362;0,0000;0,0000;0,0288;0,0000;0,0000;0,0452;-1,0400;1,2100;1;0,0000;0,0000;0;1;1;6;0;0
97,3195;319,9637;14,2000;2,3436;0,0361;0,0000;0,0000;0,0288;0,0000;0,0000;0,0451;-0,9500;1,3900;1;0,0000;0,0000;0;1;1;6;0;0
97,3334;319,9089;14,2000;2,4190;0,0361;0,0000;0,0000;0,0288;0,0000;0,0000;0,0451;-0,8700;1,5500;1;0,0000;0,0000;0;1;1;6;0;0
97,3473;319,8715;14,2000;2,4556;0,0361;0,0000;0,0000;0,0288;0,0000;0,0000;0,0452;-0,7800;1,6800;1;0,0000;0,0000;0;1;1;6;0;0
97,3611;319,8715;14,2000;2,4590;0,0363;0,0000;0,0000;0,0288;0,0000;0,0000;0,0453;-0,6900;1,7700;1;0,0000;0,0000;0;1;1;6;0;0
97,3750;319,8715;14,2000;2,4611;0,0365;0,0000;0,0000;0,0288;0,0000;0,0000;0,0456;-0,6000;1,8600;1;0,0000;0,0000;0;1;1;6;0;0
97,3889;319,8715;14,2000;2,4703;0,0367;0,0000;0,0000;0,0288;0,0000;0,0000;0,0459;-0,5100;1,9600;1;0,0000;0,0000;0;1;1;6;0;0
97,4028;319,6349;14,2000;2,4741;0,0371;0,0000;0,0000;0,0288;0,0000;0,0000;0,0463;-0,4200;2,0600;1;0,0000;0,0000;0;1;1;6;0;0
97,4167;319,5801;14,2000;2,4778;0,0375;0,0000;0,0000;0,0288;0,0000;0,0000;0,0469;-0,3300;2,1500;1;0,0000;0,0000;0;1;1;6;0;0
97,4306;319,5253;14,2000;2,4685;0,0380;0,0000;0,0000;0,0288;0,0000;0,0000;0,0475;-0,2400;2,2300;1;0,0000;0,0000;0;1;1;2;0;0
97,4445;319,4706;14,2000;2,4407;0,0385;0,0000;0,0000;0,0288;0,0000;0,0000;0,0482;-0,1500;2,2900;1;0,0000;0,0000;0;1;1;2;0;0
97,4584;319,4171;14,2000;2,3621;0,0391;0,0000;0,0000;0,0288;0,0000;0,0000;0,0489;-0,0600;2,3000;1;0,0000;0,0000;0;1;1;2;0;0
97,4723;319,4171;14,2000;2,2537;0,0398;0,0000;0,0000;0,0288;0,0000;0,0000;0,0497;0,0200;2,2800;1;0,0000;0,0000;0;1;1;2;0;0
97,4861;319,4171;14,2000;2,1514;0,0404;0,0000;0,0000;0,0288;0,0000;0,0000;0,0505;0,1000;2,2500;1;0,0000;0,0000;0;1;1;2;0;0
97,5000;319,4171;14,3000;2,0168;0,0411;0,0000;0,0000;0,0288;0,0000;0,0000;0,0514;0,1700;2,1900;1;0,0000;0,0000;0;1;1;2;0;0
97,5139;319,4171;14,3000;1,8459;0,0418;0,0000;0,0000;0,0288;0,0000;0,0000;0,0523;0,2400;2,0900;1;0,0000;0,0000;0;1;1;2;0;0
97,5278;319,1411;14,3000;1,5748;0,0425;0,0000;0,0000;0,0288;0,0000;0,0000;0,0531;0,3000;1,8800;1;0,0000;0,0000;0;1;1;2;0;0
97,5417;319,0859;14,3000;1,2373;0,0431;0,0000;0,0000;0,0288;0,0000;0,0000;0,0539;0,3500;1,5800;1;0,0000;0,0000;0;1;1;2;0;0
97,5556;319,0308;14,3000;0,9997;0,0437;0,0000;0,0000;0,0288;0,0000;0,0000;0,0547;0,3800;1,3800;1;0,0000;0,0000;0;1;1;2;0;0
97,5695;318,9756;14,3000;0,7847;0,0443;0,0000;0,0000;0,0288;0,0000;0,0000;0,0554;0,4100;1,2000;1;0,0000;0,0000;0;1;1;2;0;0
97,5834;318,9607;14,3000;0,5781;0,0448;0,0000;0,0000;0,0288;0,0000;0,0000;0,0560;0,4400;1,0100;1;0,0000;0,0000;0;1;1;2;0;0
97,5973;318,9607;14,3000;0,4016;0,0453;0,0000;0,0000;0,0288;0,0000;0,0000;0,0566;0,4500;0,8500;1;0,0000;0,0000;0;1;1;2;0;0
97,6111;318,9607;14,3000;0,2332;0,0457;0,0000;0,0000;0,0288;0,0000;0,0000;0,0571;0,4600;0,6900;1;0,0000;0,0000;0;1;1;2;0;0
97,6250;318,9607;14,3000;0,0706;0,0461;0,0000;0,0000;0,0288;0,0000;0,0000;0,0576;0,4600;0,5300;1;0,0000;0,0000;0;1;1;2;0;0
97,6389;318,6997;14,3000;-0,0989;0,0464;0,0000;0,0000;0,0288;0,0000;0,0000;0,0580;0,4600;0,3600;1;0,0000;0,0000;0;1;1;2;0;0
97,6528;318,6446;14,3000;-0,2884;0,0467;0,0000;0,0000;0,0288;0,0000;0,0000;0,0584;0,4500;0,1600;1;0,0000;0,0000;0;1;1;2;0;0
97,6667;318,5894;14,3000;-0,4807;0,0469;0,0000;0,0000;0,0288;0,0000;0,0000;0,0587;0,4300;-0,0500;1;0,0000;0,0000;0;1;1;2;0;0
97,6806;318,5342;14,3000;-0,6443;0,0471;0,0000;0,0000;0,0288;0,0000;0,0000;0,0589;0,4100;-0,2300;1;0,0000;0,0000;0;1;1;2;0;0
97,6945;318,5055;14,3000;-0,7968;0,0472;0,0000;0,0000;0,0288;0,0000;0,0000;0,0590;0,3800;-0,4200;1;0,0000;0,0000;0;1;1;2;0;0
97,7084;318,5055;14,3000;-0,9065;0,0472;0,0000;0,0000;0,0288;0,0000;0,0000;0,0590;0,3500;-0,5600;1;0,0000;0,0000;0;1;1;2;0;0
97,7223;318,5055;14,3000;-0,8966;0,0472;0,0000;0,0000;0,0288;0,0000;0,0000;0,0590;0,3200;-0,5800;1;0,0000;0,0000;0;1;1;2;0;0
97,7361;318,5055;14,3000;-0,8913;0,0472;0,0000;0,0000;0,0288;0,0000;0,0000;0,0590;0,2800;-0,6100;1;0,0000;0,0000;0;1;1;2;0;0
97,7500;318,2584;14,3000;-0,8877;0,0472;0,0000;0,0000;0,0288;0,0000;0,0000;0,0590;0,2500;-0,6400;1;0,0000;0,0000;0;1;1;2;0;0
97,7639;318,2032;14,3000;-0,8982;0,0471;0,0000;0,0000;0,0288;0,0000;0,0000;0,0589;0,2200;-0,6800;1;0,0000;0,0000;0;1;1;2;0;0
97,7778;318,1480;14,3000;-0,9023;0,0470;0,0000;0,0000;0,0288;0,0000;0,0000;0,0588;0,1900;-0,7200;1;0,0000;0,0000;0;1;1;2;0;0
97,7917;318,0929;14,3000;-0,9144;0,0469;0,0000;0,0000;0,0288;0,0000;0,0000;0,0586;0,1500;-0,7600;1;0,0000;0,0000;0;1;1;2;0;0
97,8056;318,0499;14,3000;-0,9341;0,0468;0,0000;0,0000;0,0288;0,0000;0,0000;0,0585;0,1200;-0,8100;1;0,0000;0,0000;0;1;1;2;0;0
97,8195;318,0499;14,3000;-0,9494;0,0466;0,0000;0,0000;0,0288;0,0000;0,0000;0,0582;0,0800;-0,8600;1;0,0000;0,0000;0;1;1;2;0;0
97,8334;318,0499;14,3000;-0,9628;0,0464;0,0000;0,0000;0,0288;0,0000;0,0000;0,0580;0,0500;-0,9100;1;0,0000;0,0000;0;1;1;2;0;0
97,8473;318,0499;14,3000;-0,9685;0,0461;0,0000;0,0000;0,0288;0,0000;0,0000;0,0577;0,0000;-0,9500;1;0,0000;0,0000;0;1;1;2;0;0
97,8611;317,8170;14,3000;-0,9689;0,0459;0,0000;0,0000;0,0288;0,0000;0,0000;0,0573;-0,0200;-0,9900;1;0,0000;0,0000;0;1;1;2;0;0
97,8750;317,7618;14,3000;-0,9525;0,0456;0,0000;0,0000;0,0288;0,0000;0,0000;0,0570;-0,0500;-1,0100;1;0,0000;0,0000;0;1;1;2;0;0
97,8889;317,7067;14,3000;-0,9139;0,0453;0,0000;0,0000;0,0288;0,0000;0,0000;0,0566;-0,0900;-1,0000;1;0,0000;0,0000;0;1;1;2;0;0
97,9028;317,6515;14,3000;-0,8769;0,0450;0,0000;0,0000;0,0288;0,0000;0,0000;0,0562;-0,1200;-1,0000;1;0,0000;0,0000;0;1;1;2;0;0
97,9167;317,5963;14,3000;-0,8468;0,0446;0,0000;0,0000;0,0288;0,0000;0,0000;0,0558;-0,1500;-1,0000;1;0,0000;0,0000;0;1;1;2;0;0
97,9306;317,5936;14,3000;-0,8341;0,0443;0,0000;0,0000;0,0288;0,0000;0,0000;0,0553;-0,1800;-1,0100;1;0,0000;0,0000;0;1;1;2;0;0
97,9445;317,5936;14,3000;-0,8322;0,0439;0,0000;0,0000;0,0288;0,0000;0,0000;0,0549;-0,2100;-1,0400;1;0,0000;0,0000;0;1;1;2;0;0
97,9584;317,5936;14,3000;-0,8242;0,0435;0,0000;0,0000;0,0288;0,0000;0,0000;0,0544;-0,2400;-1,0600;1;0,0000;0,0000;0;1;1;2;0;0
97,9723;317,5936;14,3000;-0,8062;0,0431;0,0000;0,0000;0,0288;0,0000;0,0000;0,0539;-0,2700;-1,0700;1;0,0000;0,0000;0;1;1;2;0;0
97,9861;317,3205;14,3000;-0,7881;0,0427;0,0000;0,0000;0,0288;0,0000;0,0000;0,0533;-0,3000;-1,0800;1;0,0000;0,0000;0;1;1;2;0;0
98,0000;317,2654;14,1000;-0,7822;0,0422;0,0000;0,0000;0,0288;0,0000;0,0000;0,0528;-0,3200;-1,1100;1;0,0000;0,0000;0;1;1;2;0;0
98,0139;317,2109;14,1000;-0,7878;0,0418;0,0000;0,0000;0,0288;0,0000;0,0000;0,0522;-0,3500;-1,1400;1;0,0000;0,0000;0;1;1;2;0;0
98,0278;317,1566;14,1000;-0,8084;0,0413;0,0000;0,0000;0,0288;0,0000;0,0000;0,0516;-0,3800;-1,1900;1;0,0000;0,0000;0;1;1;2;0;0
98,0417;317,1388;14,1000;-0,8327;0,0408;0,0000;0,0000;0,0288;0,0000;0,0000;0,0509;-0,4100;-1,2400;1;0,0000;0,0000;0;1;1;2;0;0
98,0556;317,1388;14,1000;-0,8514;0,0402;0,0000;0,0000;0,0288;0,0000;0,0000;0,0503;-0,4400;-1,2900;1;0,0000;0,0000;0;1;1;2;0;0
98,0695;317,1388;14,1000;-0,8635;0,0396;0,0000;0,0000;0,0288;0,0000;0,0000;0,0495;-0,4700;-1,3300;1;0,0000;0,0000;0;1;1;2;0;0
98,0834;317,1388;14,1000;-0,8696;0,0390;0,0000;0,0000;0,0288;0,0000;0,0000;0,0488;-0,5000;-1,3700;1;0,0000;0,0000;0;1;1;2;0;0
98,0973;316,8846;14,1000;-0,8690;0,0384;0,0000;0,0000;0,0288;0,0000;0,0000;0,0480;-0,5300;-1,4000;1;0,0000;0,0000;0;1;1;2;0;0
98,1111;316,8302;14,1000;-0,8659;0,0378;0,0000;0,0000;0,0288;0,0000;0,0000;0,0472;-0,5600;-1,4300;1;0,0000;0,0000;0;1;1;2;0;0
98,1250;316,7758;14,1000;-0,8596;0,0371;0,0000;0,0000;0,0288;0,0000;0,0000;0,0464;-0,5900;-1,4500;1;0,0000;0,0000;0;1;1;2;0;0
98,1389;316,7214;14,1000;-0,8458;0,0364;0,0000;0,0000;0,0288;0,0000;0,0000;0,0455;-0,6200;-1,4700;1;0,0000;0,0000;0;1;1;2;0;0
98,1528;316,6822;14,1000;-0,8115;0,0357;0,0000;0,0000;0,0288;0,0000;0,0000;0,0446;-0,6500;-1,4600;1;0,0000;0,0000;0;1;1;2;0;0
98,1667;316,6822;14,1000;-0,7788;0,0350;0,0000;0,0000;0,0288;0,0000;0,0000;0,0437;-0,6800;-1,4600;1;0,0000;0,0000;0;1;1;2;0;0
98,1806;316,6822;14,1000;-0,7200;0,0343;0,0000;0,0000;0,0288;0,0000;0,0000;0,0429;-0,7100;-1,4300;1;0,0000;0,0000;0;1;1;2;0;0
98,1945;316,6822;14,1000;-0,6602;0,0336;0,0000;0,0000;0,0288;0,0000;0,0000;0,0420;-0,7300;-1,3900;1;0,0000;0,0000;0;1;1;2;0;0
98,2084;316,4494;14,1000;-0,5841;0,0329;0,0000;0,0000;0,0288;0,0000;0,0000;0,0411;-0,7500;-1,3300;1;0,0000;0,0000;0;1;1;2;0;0
98,2223;316,3951;14,1000;-0,4903;0,0322;0,0000;0,0000;0,0288;0,0000;0,0000;0,0402;-0,7700;-1,2600;1;0,0000;0,0000;0;1;1;2;0;0
98,2361;316,3407;14,0000;-0,3799;0,0315;0,0000;0,0000;0,0288;0,0000;0,0000;0,0393;-0,7800;-1,1600;1;0,0000;0,0000;0;1;1;2;0;0
98,2500;316,2867;14,0000;-0,2788;0,0308;0,0000;0,0000;0,0288;0,0000;0,0000;0,0385;-0,7900;-1,0700;1;0,0000;0,0000;0;1;1;2;0;0
98,2639;316,2326;14,0000;-0,1583;0,0302;0,0000;0,0000;0,0288;0,0000;0,0000;0,0378;-0,8000;-0,9500;1;0,0000;0,0000;0;1;1;2;0;0
98,2778;316,2273;14,0000;-0,0262;0,0296;0,0000;0,0000;0,0288;0,0000;0,0000;0,0370;-0,8000;-0,8200;1;0,0000;0,0000;0;1;1;2;0;0
98,2917;316,2273;14,0000;0,0587;0,0290;0,0000;0,0000;0,0288;0,0000;0,0000;0,0363;-0,7900;-0,7300;1;0,0000;0,0000;0;1;1;2;0;0
98,3056;316,2273;14,0000;0,1422;0,0285;0,0000;0,0000;0,0288;0,0000;0,0000;0,0356;-0,7900;-0,6400;1;0,0000;0,0000;0;1;1;2;0;0
98,3195;316,2273;14,0000;0,2089;0,0280;0,0000;0,0000;0,0288;0,0000;0,0000;0,0350;-0,7800;-0,5700;1;0,0000;0,0000;0;1;1;2;0;0
98,3334;315,9626;14,0000;0,2816;0,0275;0,0000;0,0000;0,0288;0,0000;0,0000;0,0344;-0,7700;-0,4900;1;0,0000;0,0000;0;1;1;2;0;0
98,3473;315,9086;14,0000;0,3645;0,0270;0,0000;0,0000;0,0288;0,0000;0,0000;0,0338;-0,7500;-0,3900;1;0,0000;0,0000;0;1;1;2;0;0
98,3611;315,8546;14,0000;0,4350;0,0266;0,0000;0,0000;0,0288;0,0000;0,0000;0,0333;-0,7400;-0,3000;1;0,0000;0,0000;0;1;1;2;0;0
98,3750;315,8006;14,0000;0,5009;0,0262;0,0000;0,0000;0,0288;0,0000;0,0000;0,0328;-0,7200;-0,2200;1;0,0000;0,0000;0;1;1;2;0;0
98,3889;315,7715;14,0000;0,5550;0,0258;0,0000;0,0000;0,0288;0,0000;0,0000;0,0323;-0,7000;-0,1400;1;0,0000;0,0000;0;1;1;2;0;0
98,4028;315,7715;14,0000;0,6085;0,0255;0,0000;0,0000;0,0288;0,0000;0,0000;0,0319;-0,6800;-0,0700;1;0,0000;0,0000;0;1;1;2;0;0
98,4167;315,7715;14,0000;0,6519;0,0252;0,0000;0,0000;0,0288;0,0000;0,0000;0,0315;-0,6500;0,0000;1;0,0000;0,0000;0;1;1;2;0;0
98,4306;315,7715;14,0000;0,6879;0,0249;0,0000;0,0000;0,0288;0,0000;0,0000;0,0312;-0,6300;0,0600;1;0,0000;0,0000;0;1;1;6;1;0
98,4445;315,5305;14,0000;0,7384;0,0247;0,0000;0,0000;0,0288;0,0000;0,0000;0,0309;-0,6000;0,1400;1;0,0000;0,0000;0;1;1;6;1;0
98,4584;315,4765;14,0000;0,7946;0,0245;0,0000;0,0000;0,0288;0,0000;0,0000;0,0306;-0,5700;0,2200;1;0,0000;0,0000;0;1;1;6;1;0
98,4723;315,4225;14,0000;0,8425;0,0243;0,0000;0,0000;0,0288;0,0000;0,0000;0,0304;-0,5400;0,3000;1;0,0000;0,0000;0;1;1;6;1;0
98,4861;315,3685;14,0000;0,8844;0,0242;0,0000;0,0000;0,0288;0,0000;0,0000;0,0302;-0,5100;0,3800;1;0,0000;0,0000;0;1;1;6;1;0
98,5000;315,3155;14,0000;0,9277;0,0241;0,0000;0,0000;0,0288;0,0000;0,0000;0,0301;-0,4700;0,4500;1;0,0000;0,0000;0;1;1;6;1;0
98,5139;315,3155;14,0000;0,9500;0,0240;0,0000;0,0000;0,0288;0,0000;0,0000;0,0300;-0,4400;0,5100;1;0,0000;0,0000;0;1;1;6;1;0
98,5278;315,3155;14,0000;0,9764;0,0240;0,0000;0,0000;0,0288;0,0000;0,0000;0,0300;-0,4000;0,5700;1;0,0000;0,0000;0;1;1;6;1;0
98,5417;315,3155;14,0000;0,9929;0,0240;0,0000;0,0000;0,0288;0,0000;0,0000;0,0300;-0,3700;0,6200;1;0,0000;0,0000;0;1;1;6;1;0
98,5556;315,3155;14,0000;1,0058;0,0240;0,0000;0,0000;0,0288;0,0000;0,0000;0,0300;-0,3300;0,6700;1;0,0000;0,0000;0;1;1;6;1;0
98,5695;315,0444;14,0000;1,0147;0,0240;0,0000;0,0000;0,0288;0,0000;0,0000;0,0301;-0,3000;0,7200;1;0,0000;0,0000;0;1;1;6;1;0
98,5834;314,9904;14,0000;1,0230;0,0241;0,0000;0,0000;0,0288;0,0000;0,0000;0,0301;-0,2600;0,7600;1;0,0000;0,0000;0;1;1;6;1;0
98,5973;314,9364;14,0000;1,0294;0,0242;0,0000;0,0000;0,0288;0,0000;0,0000;0,0303;-0,2200;0,8100;1;0,0000;0,0000;0;1;1;6;1;0
98,6111;314,8824;14,0000;1,0297;0,0244;0,0000;0,0000;0,0288;0,0000;0,0000;0,0305;-0,1800;0,8500;1;0,0000;0,0000;0;1;1;6;1;0
98,6250;314,8605;14,0000;1,0250;0,0246;0,0000;0,0000;0,0288;0,0000;0,0000;0,0307;-0,1500;0,8800;1;0,0000;0,0000;0;1;1;6;1;0
98,6389;314,8605;14,0000;1,0052;0,0247;0,0000;0,0000;0,0288;0,0000;0,0000;0,0309;-0,1100;0,9000;1;0,0000;0,0000;0;1;1;6;1;0
98,6528;314,8605;14,0000;0,9808;0,0250;0,0000;0,0000;0,0288;0,0000;0,0000;0,0312;-0,0700;0,9100;1;0,0000;0,0000;0;1;1;6;1;0
98,6667;314,8605;14,0000;0,9557;0,0252;0,0000;0,0000;0,0288;0,0000;0,0000;0,0315;-0,0400;0,9200;1;0,0000;0,0000;0;1;1;6;1;0
98,6806;314,6123;14,0000;0,9367;0,0255;0,0000;0,0000;0,0288;0,0000;0,0000;0,0318;0,0000;0,9300;1;0,0000;0,0000;0;1;1;6;1;0
98,6945;314,5583;14,0000;0,9165;0,0258;0,0000;0,0000;0,0288;0,0000;0,0000;0,0322;0,0300;0,9500;1;0,0000;0,0000;0;1;1;6;1;0
98,7084;314,5042;14,0000;0,8887;0,0260;0,0000;0,0000;0,0288;0,0000;0,0000;0,0326;0,0600;0,9500;1;0,0000;0,0000;0;1;1;6;1;0
98,7223;314,4502;14,0000;0,8531;0,0264;0,0000;0,0000;0,0288;0,0000;0,0000;0,0330;0,0900;0,9500;1;0,0000;0,0000;0;1;1;6;1;0
98,7361;314,4039;14,0000;0,7972;0,0267;0,0000;0,0000;0,0288;0,0000;0,0000;0,0333;0,1200;0,9200;1;0,0000;0,0000;0;1;1;6;1;0
98,7500;314,4039;14,0000;0,7314;0,0270;0,0000;0,0000;0,0288;0,0000;0,0000;0,0338;0,1500;0,8800;1;0,0000;0,0000;0;1;1;6;1;0
98,7639;314,4039;14,0000;0,6819;0,0273;0,0000;0,0000;0,0288;0,0000;0,0000;0,0342;0,1700;0,8600;1;0,0000;0,0000;0;1;1;6;1;0
98,7778;314,4039;14,0000;0,5909;0,0276;0,0000;0,0000;0,0288;0,0000;0,0000;0,0346;0,1900;0,7900;1;0,0000;0,0000;0;1;1;6;1;0
98,7917;314,4039;14,0000;0,4980;0,0280;0,0000;0,0000;0,0288;0,0000;0,0000;0,0350;0,2100;0,7100;1;0,0000;0,0000;0;1;1;6;1;0
98,8056;314,1262;14,0000;0,4115;0,0283;0,0000;0,0000;0,0288;0,0000;0,0000;0,0353;0,2300;0,6400;1;0,0000;0,0000;0;1;1;6;1;0
98,8195;314,0721;14,0000;0,3210;0,0285;0,0000;0,0000;0,0288;0,0000;0,0000;0,0357;0,2400;0,5600;1;0,0000;0,0000;0;1;1;6;1;0
98,8334;314,0181;14,0000;0,2709;0,0288;0,0000;0,0000;0,0288;0,0000;0,0000;0,0360;0,2500;0,5200;1;0,0000;0,0000;0;1;1;6;1;0
98,8473;313,9641;14,0000;0,2304;0,0290;0,0000;0,0000;0,0288;0,0000;0,0000;0,0363;0,2600;0,4900;1;0,0000;0,0000;0;1;1;6;1;0
98,8611;313,9490;14,0000;0,1668;0,0293;0,0000;0,0000;0,0288;0,0000;0,0000;0,0366;0,2700;0,4300;1;0,0000;0,0000;0;1;1;6;1;0
98,8750;313,9490;14,0000;0,1036;0,0295;0,0000;0,0000;0,0288;0,0000;0,0000;0,0369;0,2700;0,3700;1;0,0000;0,0000;0;1;1;6;1;0
98,8889;313,9490;14,0000;0,0464;0,0297;0,0000;0,0000;0,0288;0,0000;0,0000;0,0371;0,2700;0,3200;1;0,0000;0,0000;0;1;1;6;1;0
98,9028;313,9490;14,0000;0,0036;0,0299;0,0000;0,0000;0,0288;0,0000;0,0000;0,0374;0,2700;0,2800;1;0,0000;0,0000;0;1;1;6;1;0
98,9167;313,6941;14,0000;-0,0383;0,0301;0,0000;0,0000;0,0288;0,0000;0,0000;0,0376;0,2700;0,2300;1;0,0000;0,0000;0;1;1;6;1;0
98,9306;313,6401;14,0000;-0,0796;0,0303;0,0000;0,0000;0,0288;0,0000;0,0000;0,0378;0,2700;0,1900;1;0,0000;0,0000;0;1;1;6;1;0
98,9445;313,5861;14,0000;-0,1257;0,0304;0,0000;0,0000;0,0288;0,0000;0,0000;0,0380;0,2700;0,1400;1;0,0000;0,0000;0;1;1;6;1;0
98,9584;313,5320;14,0000;-0,1707;0,0306;0,0000;0,0000;0,0288;0,0000;0,0000;0,0382;0,2600;0,0900;1;0,0000;0,0000;0;1;1;6;1;0
98,9723;313,4933;14,0000;-0,2166;0,0307;0,0000;0,0000;0,0288;0,0000;0,0000;0,0384;0,2500;0,0300;1;0,0000;0,0000;0;1;1;6;1;0
98,9861;313,4933;14,0000;-0,2673;0,0308;0,0000;0,0000;0,0288;0,0000;0,0000;0,0385;0,2500;-0,0200;1;0,0000;0,0000;0;1;1;6;1;0
99,0000;313,4933;14,0000;-0,3125;0,0309;0,0000;0,0000;0,0288;0,0000;0,0000;0,0386;0,2300;-0,0800;1;0,0000;0,0000;0;1;1;6;1;0
99,0139;313,4933;14,0000;-0,3855;0,0309;0,0000;0,0000;0,0288;0,0000;0,0000;0,0387;0,2200;-0,1600;1;0,0000;0,0000;0;1;1;6;1;0
99,0278;313,2620;14,0000;-0,4489;0,0309;0,0000;0,0000;0,0288;0,0000;0,0000;0,0387;0,2100;-0,2400;1;0,0000;0,0000;0;1;1;6;1;0
99,0417;313,2080;14,0000;-0,5068;0,0309;0,0000;0,0000;0,0288;0,0000;0,0000;0,0387;0,1900;-0,3200;1;0,0000;0,0000;0;1;1;6;1;0
99,0556;313,1540;14,0000;-0,5740;0,0309;0,0000;0,0000;0,0288;0,0000;0,0000;0,0386;0,1700;-0,4100;1;0,0000;0,0000;0;1;1;6;1;0
99,0695;313,0999;14,0000;-0,6371;0,0308;0,0000;0,0000;0,0288;0,0000;0,0000;0,0386;0,1500;-0,4900;1;0,0000;0,0000;0;1;1;6;1;0
99,0834;313,0459;14,0000;-0,6983;0,0307;0,0000;0,0000;0,0288;0,0000;0,0000;0,0384;0,1200;-0,5800;1;0,0000;0,0000;0;1;1;6;1;0
99,0973;313,0372;14,0000;-0,7620;0,0306;0,0000;0,0000;0,0288;0,0000;0,0000;0,0383;0,0900;-0,6700;1;0,0000;0,0000;0;1;1;6;1;0
99,1111;313,0372;14,0000;-0,8027;0,0305;0,0000;0,0000;0,0288;0,0000;0,0000;0,0381;0,0700;-0,7400;1;0,0000;0,0000;0;1;1;6;1;0
99,1250;313,0372;14,0000;-0,8377;0,0303;0,0000;0,0000;0,0288;0,0000;0,0000;0,0379;0,0300;-0,8000;1;0,0000;0,0000;0;1;1;6;1;0
99,1389;313,0372;14,0000;-0,8540;0,0301;0,0000;0,0000;0,0288;0,0000;0,0000;0,0376;0,0000;-0,8500;1;0,0000;0,0000;0;1;1;6;1;0
99,1528;312,7759;14,0000;-0,8724;0,0298;0,0000;0,0000;0,0288;0,0000;0,0000;0,0373;-0,0200;-0,9000;1;0,0000;0,0000;0;1;1;6;1;0
99,1667;312,7219;14,0000;-0,8764;0,0296;0,0000;0,0000;0,0288;0,0000;0,0000;0,0370;-0,0600;-0,9300;1;0,0000;0,0000;0;1;1;6;1;0
99,1806;312,6678;14,0000;-0,8768;0,0293;0,0000;0,0000;0,0288;0,0000;0,0000;0,0366;-0,0900;-0,9600;1;0,0000;0,0000;0;1;1;6;1;0
99,1945;312,6138;14,0000;-0,8662;0,0290;0,0000;0,0000;0,0288;0,0000;0,0000;0,0362;-0,1200;-0,9800;1;0,0000;0,0000;0;1;1;6;1;0
99,2084;312,5822;14,0000;-0,8309;0,0286;0,0000;0,0000;0,0288;0,0000;0,0000;0,0358;-0,1500;-0,9800;1;0,0000;0,0000;0;1;1;6;1;0
99,2223;312,5822;14,0000;-0,7910;0,0283;0,0000;0,0000;0,0288;0,0000;0,0000;0,0354;-0,1800;-0,9700;1;0,0000;0,0000;0;1;1;6;1;0
99,2361;312,5822;14,0000;-0,7181;0,0279;0,0000;0,0000;0,0288;0,0000;0,0000;0,0349;-0,2000;-0,9200;1;0,0000;0,0000;0;1;1;6;1;0
99,2500;312,5822;14,0000;-0,6518;0,0276;0,0000;0,0000;0,0288;0,0000;0,0000;0,0345;-0,2300;-0,8800;1;0,0000;0,0000;0;1;1;6;1;0
99,2639;312,3438;14,0000;-0,6080;0,0272;0,0000;0,0000;0,0288;0,0000;0,0000;0,0340;-0,2500;-0,8600;1;0,0000;0,0000;0;1;1;6;1;0
99,2778;312,2898;14,0000;-0,5580;0,0269;0,0000;0,0000;0,0288;0,0000;0,0000;0,0336;-0,2700;-0,8200;1;0,0000;0,0000;0;1;1;6;1;0
99,2917;312,2357;14,0000;-0,5067;0,0265;0,0000;0,0000;0,0288;0,0000;0,0000;0,0331;-0,2800;-0,7900;1;0,0000;0,0000;0;1;1;6;1;0
99,3056;312,1817;14,0000;-0,4556;0,0262;0,0000;0,0000;0,0288;0,0000;0,0000;0,0327;-0,3000;-0,7600;1;0,0000;0,0000;0;1;1;6;1;0
99,3195;312,1277;14,0000;-0,4040;0,0258;0,0000;0,0000;0,0288;0,0000;0,0000;0,0323;-0,3200;-0,7200;1;0,0000;0,0000;0;1;1;6;1;0
99,3334;312,1257;14,0000;-0,3646;0,0255;0,0000;0,0000;0,0288;0,0000;0,0000;0,0318;-0,3300;-0,6900;1;0,0000;0,0000;0;1;1;6;1;0
99,3473;312,1257;14,0000;-0,3321;0,0251;0,0000;0,0000;0,0288;0,0000;0,0000;0,0314;-0,3400;-0,6700;1;0,0000;0,0000;0;1;1;6;1;0
99,3611;312,1257;14,0000;-0,3069;0,0247;0,0000;0,0000;0,0288;0,0000;0,0000;0,0309;-0,3500;-0,6600;1;0,0000;0,0000;0;1;1;6;1;0
99,3750;312,1257;14,0000;-0,2818;0,0244;0,0000;0,0000;0,0288;0,0000;0,0000;0,0305;-0,3600;-0,6400;1;0,0000;0,0000;0;1;1;6;1;0
99,3889;311,8577;14,0000;-0,2576;0,0240;0,0000;0,0000;0,0288;0,0000;0,0000;0,0300;-0,3700;-0,6300;1;0,0000;0,0000;0;1;1;6;1;0
99,4028;311,8036;14,0000;-0,2255;0,0237;0,0000;0,0000;0,0288;0,0000;0,0000;0,0296;-0,3800;-0,6100;1;0,0000;0,0000;0;1;1;6;1;0
99,4167;311,7496;14,0000;-0,1889;0,0233;0,0000;0,0000;0,0288;0,0000;0,0000;0,0292;-0,3900;-0,5800;1;0,0000;0,0000;0;1;1;6;1;0
99,4306;311,6956;14,0000;-0,1555;0,0230;0,0000;0,0000;0,0288;0,0000;0,0000;0,0287;-0,3900;-0,5500;1;0,0000;0,0000;0;1;1;9;0;0
99,4445;311,6707;14,0000;-0,1249;0,0227;0,0000;0,0000;0,0288;0,0000;0,0000;0,0283;-0,4000;-0,5200;1;0,0000;0,0000;0;1;1;9;0;0
99,4584;311,6707;14,0000;-0,0852;0,0223;0,0000;0,0000;0,0288;0,0000;0,0000;0,0279;-0,4000;-0,4900;1;0,0000;0,0000;0;1;1;9;0;0
99,4723;311,6707;14,0000;-0,0532;0,0220;0,0000;0,0000;0,0288;0,0000;0,0000;0,0275;-0,4000;-0,4600;1;0,0000;0,0000;0;1;1;9;0;0
99,4861;311,6707;14,0000;-0,0468;0,0217;0,0000;0,0000;0,0288;0,0000;0,0000;0,0272;-0,4000;-0,4500;1;0,0000;0,0000;0;1;1;9;0;0
99,5000;311,4256;14,0000;0,0261;0,0214;0,0000;0,0000;0,0288;0,0000;0,0000;0,0268;-0,4000;-0,3800;1;0,0000;0,0000;0;1;1;9;0;0
99,5139;311,3716;14,0000;0,0688;0,0212;0,0000;0,0000;0,0288;0,0000;0,0000;0,0265;-0,4000;-0,3300;1;0,0000;0,0000;0;1;1;9;0;0
99,5278;311,3175;14,0000;0,1118;0,0209;0,0000;0,0000;0,0288;0,0000;0,0000;0,0261;-0,4000;-0,2800;1;0,0000;0,0000;0;1;1;9;0;0
99,5417;311,2635;14,0000;0,1550;0,0207;0,0000;0,0000;0,0288;0,0000;0,0000;0,0258;-0,3900;-0,2300;1;0,0000;0,0000;0;1;1;9;0;0
99,5556;311,2150;14,0000;0,1706;0,0204;0,0000;0,0000;0,0288;0,0000;0,0000;0,0256;-0,3800;-0,2100;1;0,0000;0,0000;0;1;1;9;0;0
99,5695;311,2150;14,0000;0,1976;0,0202;0,0000;0,0000;0,0288;0,0000;0,0000;0,0253;-0,3700;-0,1800;1;0,0000;0,0000;0;1;1;9;0;0
99,5834;311,2150;14,0000;0,2169;0,0200;0,0000;0,0000;0,0288;0,0000;0,0000;0,0250;-0,3700;-0,1500;1;0,0000;0,0000;0;1;1;9;0;0
99,5973;311,2150;14,0000;0,2524;0,0199;0,0000;0,0000;0,0288;0,0000;0,0000;0,0248;-0,3600;-0,1000;1;0,0000;0,0000;0;1;1;9;0;0
99,6111;311,2150;14,0000;0,2930;0,0197;0,0000;0,0000;0,0288;0,0000;0,0000;0,0246;-0,3500;-0,0500;1;0,0000;0,0000;0;1;1;9;0;0
99,6250;310,9395;14,0000;0,3832;0,0195;0,0000;0,0000;0,0288;0,0000;0,0000;0,0244;-0,3300;0,0500;1;0,0000;0,0000;0;1;1;9;0;0
99,6389;310,8855;14,0000;0,4014;0,0194;0,0000;0,0000;0,0288;0,0000;0,0000;0,0243;-0,3200;0,0800;1;0,0000;0,0000;0;1;1;9;0;0
99,6528;310,8315;14,0000;0,5560;0,0194;0,0000;0,0000;0,0288;0,0000;0,0000;0,0242;-0,3000;0,2600;1;0,0000;0,0000;0;1;1;9;0;0
99,6667;310,7774;14,0000;0,6558;0,0194;0,0000;0,0000;0,0288;0,0000;0,0000;0,0242;-0,2700;0,3800;1;0,0000;0,0000;0;1;1;9;0;0
99,6806;310,7589;14,0000;0,7552;0,0194;0,0000;0,0000;0,0288;0,0000;0,0000;0,0242;-0,2400;0,5100;1;0,0000;0,0000;0;1;1;9;0;0
99,6945;310,7589;14,0000;0,8571;0,0195;0,0000;0,0000;0,0288;0,0000;0,0000;0,0244;-0,2100;0,6400;1;0,0000;0,0000;0;1;1;9;0;0
99,7084;310,7589;14,0000;0,9122;0,0196;0,0000;0,0000;0,0288;0,0000;0,0000;0,0245;-0,1800;0,7300;1;0,0000;0,0000;0;1;1;9;0;0
99,7223;310,7589;14,0000;0,9581;0,0198;0,0000;0,0000;0,0288;0,0000;0,0000;0,0247;-0,1400;0,8100;1;0,0000;0,0000;0;1;1;9;0;0
99,7361;310,5074;14,0000;0,9729;0,0199;0,0000;0,0000;0,0288;0,0000;0,0000;0,0249;-0,1100;0,8600;1;0,0000;0,0000;0;1;1;9;0;0
99,7500;310,4533;14,0000;1,0121;0,0202;0,0000;0,0000;0,0288;0,0000;0,0000;0,0252;-0,0700;0,9400;1;0,0000;0,0000;0;1;1;9;0;0
99,7639;310,3993;14,0000;1,0301;0,0204;0,0000;0,0000;0,0288;0,0000;0,0000;0,0256;-0,0300;1,0000;1;0,0000;0,0000;0;1;1;9;0;0
99,7778;310,3453;14,0000;1,0426;0,0207;0,0000;0,0000;0,0288;0,0000;0,0000;0,0259;0,0000;1,0500;1;0,0000;0,0000;0;1;1;9;0;0
99,7917;310,3039;14,0000;1,0451;0,0211;0,0000;0,0000;0,0288;0,0000;0,0000;0,0263;0,0400;1,0900;1;0,0000;0,0000;0;1;1;9;0;0
99,8056;310,3039;14,0000;1,0584;0,0214;0,0000;0,0000;0,0288;0,0000;0,0000;0,0268;0,0800;1,1400;1;0,0000;0,0000;0;1;1;9;0;0
99,8195;310,3039;14,0000;1,0689;0,0218;0,0000;0,0000;0,0288;0,0000;0,0000;0,0273;0,1200;1,1900;1;0,0000;0,0000;0;1;1;9;0;0
99,8334;310,3039;14,0000;1,0711;0,0222;0,0000;0,0000;0,0288;0,0000;0,0000;0,0278;0,1600;1,2300;1;0,0000;0,0000;0;1;1;9;0;0
99,8473;310,0753;14,0000;1,0684;0,0227;0,0000;0,0000;0,0288;0,0000;0,0000;0,0284;0,2000;1,2700;1;0,0000;0,0000;0;1;1;9;0;0
99,8611;310,0212;14,0000;1,0426;0,0232;0,0000;0,0000;0,0288;0,0000;0,0000;0,0289;0,2400;1,2800;1;0,0000;0,0000;0;1;1;9;0;0
99,8750;309,9673;14,0000;0,9765;0,0236;0,0000;0,0000;0,0288;0,0000;0,0000;0,0295;0,2700;1,2500;1;0,0000;0,0000;0;1;1;9;0;0
99,8889;309,9132;14,0000;0,9181;0,0241;0,0000;0,0000;0,0288;0,0000;0,0000;0,0301;0,3000;1,2200;1;0,0000;0,0000;0;1;1;9;0;0
99,9028;309,8592;14,0000;0,8100;0,0246;0,0000;0,0000;0,0288;0,0000;0,0000;0,0308;0,3300;1,1400;1;0,0000;0,0000;0;1;1;9;0;0
99,9167;309,8476;14,0000;0,7087;0,0251;0,0000;0,0000;0,0288;0,0000;0,0000;0,0313;0,3600;1,0700;1;0,0000;0,0000;0;1;1;9;0;0
99,9306;309,8476;14,0000;0,6683;0,0256;0,0000;0,0000;0,0288;0,0000;0,0000;0,0320;0,3900;1,0500;1;0,0000;0,0000;0;1;1;9;0;0
99,9445;309,8476;14,0000;0,6601;0,0261;0,0000;0,0000;0,0288;0,0000;0,0000;0,0326;0,4100;1,0700;1;0,0000;0,0000;0;1;1;9;0;0
99,9584;309,8476;14,0000;0,5029;0,0265;0,0000;0,0000;0,0288;0,0000;0,0000;0,0332;0,4300;0,9300;1;0,0000;0,0000;0;1;1;9;0;0
99,9723;309,5892;14,0000;0,3221;0,0270;0,0000;0,0000;0,0288;0,0000;0,0000;0,0337;0,4400;0,7600;1;0,0000;0,0000;0;1;1;9;0;0
99,9861;309,5352;14,0000;0,0557;0,0273;0,0000;0,0000;0,0288;0,0000;0,0000;0,0342;0,4400;0,5000;1;0,0000;0,0000;0;1;1;9;0;0
100,0000;309,4811;13,8000;-0,2661;0,0276;0,0000;0,0000;0,0288;0,0000;0,0000;0,0345;0,4300;0,1700;1;0,0000;0,0000;0;1;1;9;0;0
100,0139;309,4279;13,8000;-0,5065;0,0278;0,0000;0,0000;0,0288;0,0000;0,0000;0,0348;0,4200;-0,0900;1;0,0000;0,0000;0;1;1;9;0;0
100,0278;309,3923;13,8000;-0,7637;0,0279;0,0000;0,0000;0,0288;0,0000;0,0000;0,0349;0,3900;-0,3700;1;0,0000;0,0000;0;1;1;9;0;0
100,0417;309,3923;13,8000;-1,0349;0,0279;0,0000;0,0000;0,0288;0,0000;0,0000;0,0349;0,3500;-0,6800;1;0,0000;0,0000;0;1;1;9;0;0
100,0556;309,3923;13,8000;-1,2273;0,0278;0,0000;0,0000;0,0288;0,0000;0,0000;0,0348;0,3100;-0,9200;1;0,0000;0,0000;0;1;1;9;0;0
100,0695;309,3923;13,8000;-1,4569;0,0276;0,0000;0,0000;0,0288;0,0000;0,0000;0,0345;0,2600;-1,2000;1;0,0000;0,0000;0;1;1;9;0;0
100,0834;309,1617;13,8000;-1,6413;0,0274;0,0000;0,0000;0,0288;0,0000;0,0000;0,0342;0,2000;-1,4400;1;0,0000;0,0000;0;1;1;9;0;0
100,0973;309,1084;13,8000;-1,6781;0,0270;0,0000;0,0000;0,0288;0,0000;0,0000;0,0338;0,1400;-1,5400;1;0,0000;0,0000;0;1;1;9;0;0
100,1111;309,0552;13,8000;-1,9626;0,0266;0,0000;0,0000;0,0288;0,0000;0,0000;0,0332;0,0700;-1,8900;1;0,0000;0,0000;0;1;1;9;0;0
100,1250;309,0020;13,8000;-2,1601;0,0260;0,0000;0,0000;0,0288;0,0000;0,0000;0,0325;0,0000;-2,1600;1;0,0000;0,0000;0;1;1;9;0;0
100,1389;308,9487;13,8000;-2,3195;0,0254;0,0000;0,0000;0,0288;0,0000;0,0000;0,0317;-0,0800;-2,4000;1;0,0000;0,0000;0;1;1;9;0;0
100,1528;308,9368;13,8000;-2,4617;0,0246;0,0000;0,0000;0,0288;0,0000;0,0000;0,0308;-0,1700;-2,6300;1;0,0000;0,0000;0;1;1;9;0;0
100,1667;308,9368;13,8000;-2,5240;0,0237;0,0000;0,0000;0,0288;0,0000;0,0000;0,0297;-0,2600;-2,7900;1;0,0000;0,0000;0;1;1;9;0;0
100,1806;308,9368;13,8000;-2,5166;0,0228;0,0000;0,0000;0,0288;0,0000;0,0000;0,0285;-0,3500;-2,8700;1;0,0000;0,0000;0;1;1;9;0;0
100,1945;308,9368;13,8000;-2,5717;0,0218;0,0000;0,0000;0,0288;0,0000;0,0000;0,0273;-0,4400;-3,0100;1;0,0000;0,0000;0;1;1;9;0;0
100,2084;308,6826;13,8000;-2,5849;0,0208;0,0000;0,0000;0,0288;0,0000;0,0000;0,0260;-0,5300;-3,1200;1;0,0000;0,0000;0;1;1;9;0;0
100,2223;308,6293;13,8000;-2,6096;0,0196;0,0000;0,0000;0,0288;0,0000;0,0000;0,0245;-0,6200;-3,2300;1;0,0000;0,0000;0;1;1;9;0;0
100,2361;308,5761;13,8000;-2,6271;0,0184;0,0000;0,0000;0,0288;0,0000;0,0000;0,0230;-0,7200;-3,3400;1;0,0000;0,0000;0;1;1;9;0;0
100,2500;308,5229;13,8000;-2,6307;0,0171;0,0000;0,0000;0,0288;0,0000;0,0000;0,0214;-0,8100;-3,4400;1;0,0000;0,0000;0;1;1;9;0;0
100,2639;308,4803;13,8000;-2,6132;0,0157;0,0000;0,0000;0,0288;0,0000;0,0000;0,0197;-0,9000;-3,5200;1;0,0000;0,0000;0;1;1;9;0;0
100,2778;308,4803;13,8000;-2,5520;0,0143;0,0000;0,0000;0,0288;0,0000;0,0000;0,0179;-0,9900;-3,5500;1;0,0000;0,0000;0;1;1;9;0;0
100,2917;308,4803;13,8000;-2,5143;0,0129;0,0000;0,0000;0,0288;0,0000;0,0000;0,0161;-1,0800;-3,6000;1;0,0000;0,0000;0;1;1;9;0;0
100,3056;308,4803;13,8000;-2,4623;0,0114;0,0000;0,0000;0,0288;0,0000;0,0000;0,0142;-1,1700;-3,6300;1;0,0000;0,0000;0;1;1;9;0;0
100,3195;308,4803;13,8000;-2,4407;0,0098;0,0000;0,0000;0,0288;0,0000;0,0000;0,0122;-1,2600;-3,7000;1;0,0000;0,0000;0;1;1;9;0;0
100,3334;308,2036;13,8000;-2,3993;0,0082;0,0000;0,0000;0,0288;0,0000;0,0000;0,0102;-1,3400;-3,7400;1;0,0000;0,0000;0;1;1;9;0;0
100,3473;308,1504;13,8000;-2,3353;0,0065;0,0000;0,0000;0,0288;0,0000;0,0000;0,0081;-1,4200;-3,7600;1;0,0000;0,0000;0;1;1;9;0;0
100,3611;308,0972;13,8000;-2,2125;0,0048;0,0000;0,0000;0,0288;0,0000;0,0000;0,0060;-1,5000;-3,7100;1;0,0000;0,0000;0;1;1;9;0;0
100,3750;308,0439;13,8000;-1,9576;0,0031;0,0000;0,0000;0,0288;0,0000;0,0000;0,0039;-1,5700;-3,5300;1;0,0000;0,0000;0;1;1;9;0;0
100,3889;308,0256;13,8000;-1,7098;0,0015;0,0000;0,0000;0,0288;0,0000;0,0000;0,0019;-1,6300;-3,3400;1;0,0000;0,0000;0;1;1;9;0;0
100,4028;308,0256;13,8000;-1,6601;-0,0002;0,0000;0,0000;0,0288;0,0000;0,0000;-0,0002;-1,6900;-3,3500;1;0,0000;0,0000;0;1;1;9;0;0
100,4167;308,0256;13,8000;-1,1889;-0,0018;0,0000;0,0000;0,0288;0,0000;0,0000;-0,0022;-1,7300;-2,9200;1;0,0000;0,0000;0;1;1;9;0;0
100,4306;308,0256;13,8000;-0,8488;-0,0033;0,0000;0,0000;0,0288;0,0000;0,0000;-0,0041;-1,7600;-2,6100;1;0,0000;0,0000;0;1;1;1;0;0
100,4445;307,7779;13,8000;-0,4882;-0,0047;0,0000;0,0000;0,0288;0,0000;0,0000;-0,0059;-1,7800;-2,2700;1;0,0000;0,0000;0;1;1;1;0;0
100,4584;307,7247;13,8000;-0,1105;-0,0061;0,0000;0,0000;0,0288;0,0000;0,0000;-0,0076;-1,7800;-1,8900;1;0,0000;0,0000;0;1;1;1;0;0
100,4723;307,6715;13,8000;0,3470;-0,0073;0,0000;0,0000;0,0288;0,0000;0,0000;-0,0091;-1,7700;-1,4200;1;0,0000;0,0000;0;1;1;1;0;0
100,4861;307,6183;13,8000;0,4386;-0,0085;0,0000;0,0000;0,0288;0,0000;0,0000;-0,0106;-1,7500;-1,3100;1;0,0000;0,0000;0;1;1;1;0;0
100,5000;307,5695;13,8000;1,0897;-0,0094;0,0000;0,0000;0,0288;0,0000;0,0000;-0,0118;-1,7100;-0,6200;1;0,0000;0,0000;0;1;1;1;0;0
100,5139;307,5695;13,8000;1,4220;-0,0103;0,0000;0,0000;0,0288;0,0000;0,0000;-0,0128;-1,6600;-0,2400;1;0,0000;0,0000;0;1;1;1;0;0
100,5278;307,5695;13,8000;1,6998;-0,0110;0,0000;0,0000;0,0288;0,0000;0,0000;-0,0137;-1,6000;0,1000;1;0,0000;0,0000;0;1;1;1;0;0
100,5417;307,5695;13,8000;1,9065;-0,0116;0,0000;0,0000;0,0288;0,0000;0,0000;-0,0145;-1,5300;0,3700;1;0,0000;0,0000;0;1;1;1;0;0
100,5556;307,5695;13,8000;1,9478;-0,0122;0,0000;0,0000;0,0288;0,0000;0,0000;-0,0152;-1,4600;0,4900;1;0,0000;0,0000;0;1;1;1;0;0
100,5695;307,2989;13,8000;2,1271;-0,0126;0,0000;0,0000;0,0288;0,0000;0,0000;-0,0157;-1,3900;0,7400;1;0,0000;0,0000;0;1;1;1;0;0
100,5834;307,2456;13,8000;2,1308;-0,0130;0,0000;0,0000;0,0288;0,0000;0,0000;-0,0162;-1,3100;0,8200;1;0,0000;0,0000;0;1;1;1;0;0
100,5973;307,1924;13,8000;2,0534;-0,0133;0,0000;0,0000;0,0288;0,0000;0,0000;-0,0167;-1,2400;0,8200;1;0,0000;0,0000;0;1;1;1;0;0
100,6111;307,1391;13,8000;2,0301;-0,0137;0,0000;0,0000;0,0288;0,0000;0,0000;-0,0171;-1,1600;0,8700;1;0,0000;0,0000;0;1;1;1;0;0
100,6250;307,1138;13,8000;2,0356;-0,0139;0,0000;0,0000;0,0288;0,0000;0,0000;-0,0174;-1,0900;0,9400;1;0,0000;0,0000;0;1;1;1;0;0
100,6389;307,1138;13,8000;2,0263;-0,0141;0,0000;0,0000;0,0288;0,0000;0,0000;-0,0177;-1,0200;1,0100;1;0,0000;0,0000;0;1;1;1;0;0
100,6528;307,1138;13,8000;2,0184;-0,0143;0,0000;0,0000;0,0288;0,0000;0,0000;-0,0179;-0,9500;1,0700;1;0,0000;0,0000;0;1;1;1;0;0
100,6667;307,1138;13,8000;1,9721;-0,0144;0,0000;0,0000;0,0288;0,0000;0,0000;-0,0180;-0,8800;1,1000;1;0,0000;0,0000;0;1;1;1;0;0
100,6806;306,8729;13,8000;1,8828;-0,0145;0,0000;0,0000;0,0288;0,0000;0,0000;-0,0181;-0,8100;1,0700;1;0,0000;0,0000;0;1;1;1;0;0
100,6945;306,8196;13,8000;1,8144;-0,0145;0,0000;0,0000;0,0288;0,0000;0,0000;-0,0182;-0,7400;1,0700;1;0,0000;0,0000;0;1;1;1;0;0
100,7084;306,7664;13,8000;1,8007;-0,0146;0,0000;0,0000;0,0288;0,0000;0,0000;-0,0182;-0,6800;1,1200;1;0,0000;0,0000;0;1;1;1;0;0
100,7223;306,7132;13,8000;1,7013;-0,0145;0,0000;0,0000;0,0288;0,0000;0,0000;-0,0182;-0,6200;1,0800;1;0,0000;0,0000;0;1;1;1;0;0
100,7361;306,6599;13,7000;1,6141;-0,0145;0,0000;0,0000;0,0288;0,0000;0,0000;-0,0181;-0,5600;1,0500;1;0,0000;0,0000;0;1;1;1;0;0
100,7500;306,6586;13,7000;1,5060;-0,0145;0,0000;0,0000;0,0288;0,0000;0,0000;-0,0181;-0,5100;1,0000;1;0,0000;0,0000;0;1;1;1;0;0
100,7639;306,6586;13,7000;1,4075;-0,0144;0,0000;0,0000;0,0288;0,0000;0,0000;-0,0181;-0,4600;0,9500;1;0,0000;0,0000;0;1;1;1;0;0
100,7778;306,6586;13,7000;1,3061;-0,0144;0,0000;0,0000;0,0288;0,0000;0,0000;-0,0180;-0,4100;0,9000;1;0,0000;0,0000;0;1;1;1;0;0
100,7917;306,6586;13,7000;1,2348;-0,0143;0,0000;0,0000;0,0288;0,0000;0,0000;-0,0179;-0,3700;0,8700;1;0,0000;0,0000;0;1;1;1;0;0
100,8056;306,3956;13,7000;1,1277;-0,0142;0,0000;0,0000;0,0288;0,0000;0,0000;-0,0178;-0,3300;0,8000;1;0,0000;0,0000;0;1;1;1;0;0
100,8195;306,3428;13,7000;1,0452;-0,0142;0,0000;0,0000;0,0288;0,0000;0,0000;-0,0177;-0,2900;0,7600;1;0,0000;0,0000;0;1;1;1;0;0
100,8334;306,2899;13,7000;0,9455;-0,0141;0,0000;0,0000;0,0288;0,0000;0,0000;-0,0177;-0,2600;0,6900;1;0,0000;0,0000;0;1;1;1;0;0
100,8473;306,2371;13,7000;0,8324;-0,0141;0,0000;0,0000;0,0288;0,0000;0,0000;-0,0176;-0,2300;0,6100;1;0,0000;0,0000;0;1;1;1;0;0
100,8611;306,2021;13,7000;0,8095;-0,0140;0,0000;0,0000;0,0288;0,0000;0,0000;-0,0175;-0,2000;0,6100;1;0,0000;0,0000;0;1;1;1;0;0
100,8750;306,2021;13,7000;0,5758;-0,0140;0,0000;0,0000;0,0288;0,0000;0,0000;-0,0175;-0,1800;0,4000;1;0,0000;0,0000;0;1;1;1;0;0
100,8889;306,2021;13,7000;0,4248;-0,0140;0,0000;0,0000;0,0288;0,0000;0,0000;-0,0175;-0,1600;0,2600;1;0,0000;0,0000;0;1;1;1;0;0
100,9028;306,2021;13,7000;0,3081;-0,0141;0,0000;0,0000;0,0288;0,0000;0,0000;-0,0176;-0,1500;0,1600;1;0,0000;0,0000;0;1;1;1;0;0
100,9167;305,9728;13,7000;0,2306;-0,0141;0,0000;0,0000;0,0288;0,0000;0,0000;-0,0176;-0,1400;0,0900;1;0,0000;0,0000;0;1;1;1;0;0
100,9306;305,9200;13,7000;0,1522;-0,0142;0,0000;0,0000;0,0288;0,0000;0,0000;-0,0177;-0,1300;0,0200;1;0,0000;0,0000;0;1;1;1;0;0
100,9445;305,8671;13,7000;0,1339;-0,0142;0,0000;0,0000;0,0288;0,0000;0,0000;-0,0178;-0,1300;0,0000;1;0,0000;0,0000;0;1;1;1;0;0
100,9584;305,8142;13,7000;0,1389;-0,0143;0,0000;0,0000;0,0288;0,0000;0,0000;-0,0179;-0,1200;0,0000;1;0,0000;0,0000;0;1;1;1;0;0
100,9723;305,7614;13,7000;0,1432;-0,0144;0,0000;0,0000;0,0288;0,0000;0,0000;-0,0179;-0,1200;0,0200;1;0,0000;0,0000;0;1;1;1;0;0
100,9861;305,7472;13,7000;0,1536;-0,0144;0,0000;0,0000;0,0288;0,0000;0,0000;-0,0180;-0,1100;0,0400;1;0,0000;0,0000;0;1;1;1;0;0
101,0000;305,7472;13,7000;0,1872;-0,0144;0,0000;0,0000;0,0288;0,0000;0,0000;-0,0180;-0,1100;0,0800;1;0,0000;0,0000;0;1;1;1;0;0
101,0139;305,7472;13,7000;0,1940;-0,0144;0,0000;0,0000;0,0288;0,0000;0,0000;-0,0181;-0,1000;0,0900;1;0,0000;0,0000;0;1;1;1;0;0
101,0278;305,7472;13,7000;0,3062;-0,0144;0,0000;0,0000;0,0288;0,0000;0,0000;-0,0181;-0,0900;0,2200;1;0,0000;0,0000;0;1;1;1;0;0
101,0417;305,4971;13,7000;0,4065;-0,0144;0,0000;0,0000;0,0288;0,0000;0,0000;-0,0180;-0,0700;0,3300;1;0,0000;0,0000;0;1;1;1;0;0
101,0556;305,4443;13,7000;0,4720;-0,0143;0,0000;0,0000;0,0288;0,0000;0,0000;-0,0179;-0,0600;0,4200;1;0,0000;0,0000;0;1;1;1;0;0
101,0695;305,3914;13,7000;0,5777;-0,0142;0,0000;0,0000;0,0288;0,0000;0,0000;-0,0178;-0,0300;0,5400;1;0,0000;0,0000;0;1;1;1;0;0
101,0834;305,3386;13,7000;0,7175;-0,0140;0,0000;0,0000;0,0288;0,0000;0,0000;-0,0175;0,0000;0,7100;1;0,0000;0,0000;0;1;1;1;0;0
101,0973;305,2915;13,7000;0,8808;-0,0138;0,0000;0,0000;0,0288;0,0000;0,0000;-0,0172;0,0200;0,9000;1;0,0000;0,0000;0;1;1;1;0;0
101,1111;305,2915;13,7000;0,9865;-0,0135;0,0000;0,0000;0,0288;0,0000;0,0000;-0,0168;0,0600;1,0400;1;0,0000;0,0000;0;1;1;1;0;0
101,1250;305,2915;13,7000;1,0912;-0,0131;0,0000;0,0000;0,0288;0,0000;0,0000;-0,0163;0,0900;1,1900;1;0,0000;0,0000;0;1;1;1;0;0
101,1389;305,2915;13,7000;1,1503;-0,0127;0,0000;0,0000;0,0288;0,0000;0,0000;-0,0158;0,1400;1,2900;1;0,0000;0,0000;0;1;1;1;0;0
101,1528;305,2915;13,7000;1,2110;-0,0122;0,0000;0,0000;0,0288;0,0000;0,0000;-0,0152;0,1800;1,3900;1;0,0000;0,0000;0;1;1;1;0;0
101,1667;305,0214;13,7000;1,2231;-0,0117;0,0000;0,0000;0,0288;0,0000;0,0000;-0,0146;0,2200;1,4500;1;0,0000;0,0000;0;1;1;1;0;0
101,1806;304,9686;13,7000;1,2633;-0,0111;0,0000;0,0000;0,0288;0,0000;0,0000;-0,0139;0,2700;1,5300;1;0,0000;0,0000;0;1;1;1;0;0
101,1945;304,9157;13,7000;1,3031;-0,0105;0,0000;0,0000;0,0288;0,0000;0,0000;-0,0132;0,3200;1,6200;1;0,0000;0,0000;0;1;1;1;0;0
101,2084;304,8629;13,7000;1,3409;-0,0099;0,0000;0,0000;0,0288;0,0000;0,0000;-0,0124;0,3600;1,7000;1;0,0000;0,0000;0;1;1;1;0;0
101,2223;304,8353;13,7000;1,3707;-0,0092;0,0000;0,0000;0,0288;0,0000;0,0000;-0,0116;0,4100;1,7800;1;0,0000;0,0000;0;1;1;1;0;0
101,2361;304,8353;13,4000;1,3966;-0,0086;0,0000;0,0000;0,0288;0,0000;0,0000;-0,0107;0,4600;1,8600;1;0,0000;0,0000;0;1;1;1;0;0
101,2500;304,8353;13,4000;1,4066;-0,0078;0,0000;0,0000;0,0288;0,0000;0,0000;-0,0098;0,5100;1,9200;1;0,0000;0,0000;0;1;1;1;0;0
101,2639;304,8353;13,4000;1,4061;-0,0071;0,0000;0,0000;0,0288;0,0000;0,0000;-0,0089;0,5600;1,9600;1;0,0000;0,0000;0;1;1;1;0;0
101,2778;304,6021;13,4000;1,3911;-0,0063;0,0000;0,0000;0,0288;0,0000;0,0000;-0,0079;0,6100;2,0000;1;0,0000;0,0000;0;1;1;1;0;0
101,2917;304,5504;13,4000;1,3339;-0,0055;0,0000;0,0000;0,0288;0,0000;0,0000;-0,0069;0,6500;1,9900;1;0,0000;0,0000;0;1;1;1;0;0
101,3056;304,4987;13,4000;1,2576;-0,0047;0,0000;0,0000;0,0288;0,0000;0,0000;-0,0058;0,7000;1,9500;1;0,0000;0,0000;0;1;1;1;0;0
101,3195;304,4470;13,4000;1,2424;-0,0038;0,0000;0,0000;0,0288;0,0000;0,0000;-0,0048;0,7400;1,9800;1;0,0000;0,0000;0;1;1;1;0;0
101,3334;304,3953;13,4000;1,1107;-0,0030;0,0000;0,0000;0,0288;0,0000;0,0000;-0,0038;0,7800;1,8900;1;0,0000;0,0000;0;1;1;1;0;0
101,3473;304,3803;13,4000;1,0085;-0,0022;0,0000;0,0000;0,0288;0,0000;0,0000;-0,0027;0,8100;1,8200;1;0,0000;0,0000;0;1;1;1;0;0
101,3611;304,3803;13,4000;0,9597;-0,0013;0,0000;0,0000;0,0288;0,0000;0,0000;-0,0017;0,8400;1,8000;1;0,0000;0,0000;0;1;1;1;0;0
101,3750;304,3803;13,4000;0,8639;-0,0005;0,0000;0,0000;0,0288;0,0000;0,0000;-0,0006;0,8700;1,7400;1;0,0000;0,0000;0;1;1;1;0;0
101,3889;304,3803;13,4000;0,7485;0,0003;0,0000;0,0000;0,0288;0,0000;0,0000;0,0004;0,9000;1,6500;1;0,0000;0,0000;0;1;1;1;0;0
101,4028;304,1369;13,4000;0,6614;0,0012;0,0000;0,0000;0,0288;0,0000;0,0000;0,0015;0,9200;1,5800;1;0,0000;0,0000;0;1;1;1;0;0
101,4167;304,0852;13,4000;0,5975;0,0020;0,0000;0,0000;0,0288;0,0000;0,0000;0,0025;0,9400;1,5400;1;0,0000;0,0000;0;1;1;1;0;0
101,4306;304,0335;13,4000;0,5651;0,0028;0,0000;0,0000;0,0288;0,0000;0,0000;0,0035;0,9600;1,5300;1;0,0000;0,0000;0;1;1;7;0;0
101,4445;303,9818;13,4000;0,5078;0,0037;0,0000;0,0000;0,0288;0,0000;0,0000;0,0046;0,9800;1,4900;1;0,0000;0,0000;0;1;1;7;0;0
101,4584;303,9301;13,4000;0,4922;0,0045;0,0000;0,0000;0,0288;0,0000;0,0000;0,0056;1,0000;1,4900;1;0,0000;0,0000;0;1;1;7;0;0
101,4723;303,9243;13,4000;0,4893;0,0054;0,0000;0,0000;0,0288;0,0000;0,0000;0,0067;1,0100;1,5000;1;0,0000;0,0000;0;1;1;7;0;0
101,4861;303,9243;13,4000;0,4692;0,0062;0,0000;0,0000;0,0288;0,0000;0,0000;0,0078;1,0300;1,5000;1;0,0000;0,0000;0;1;1;7;0;0
101,5000;303,9243;13,4000;0,4594;0,0071;0,0000;0,0000;0,0288;0,0000;0,0000;0,0089;1,0400;1,5000;1;0,0000;0,0000;0;1;1;7;0;0
101,5139;303,9243;13,4000;0,4468;0,0080;0,0000;0,0000;0,0288;0,0000;0,0000;0,0100;1,0600;1,5100;1;0,0000;0,0000;0;1;1;7;0;0
101,5278;303,6717;13,4000;0,4412;0,0089;0,0000;0,0000;0,0288;0,0000;0,0000;0,0111;1,0800;1,5200;1;0,0000;0,0000;0;1;1;7;0;0
101,5417;303,6200;13,4000;0,4289;0,0098;0,0000;0,0000;0,0288;0,0000;0,0000;0,0123;1,0900;1,5200;1;0,0000;0,0000;0;1;1;7;0;0
101,5556;303,5684;13,4000;0,4312;0,0108;0,0000;0,0000;0,0288;0,0000;0,0000;0,0134;1,1100;1,5400;1;0,0000;0,0000;0;1;1;7;0;0
101,5695;303,5167;13,4000;0,4352;0,0117;0,0000;0,0000;0,0288;0,0000;0,0000;0,0146;1,1200;1,5600;1;0,0000;0,0000;0;1;1;7;0;0
101,5834;303,4687;13,4000;0,4358;0,0126;0,0000;0,0000;0,0288;0,0000;0,0000;0,0158;1,1400;1,5700;1;0,0000;0,0000;0;1;1;7;0;0
101,5973;303,4687;13,4000;0,4568;0,0136;0,0000;0,0000;0,0288;0,0000;0,0000;0,0170;1,1500;1,6100;1;0,0000;0,0000;0;1;1;7;0;0
101,6111;303,4687;13,4000;0,4656;0,0146;0,0000;0,0000;0,0288;0,0000;0,0000;0,0182;1,1700;1,6400;1;0,0000;0,0000;0;1;1;7;0;0
101,6250;303,4687;13,4000;0,4674;0,0156;0,0000;0,0000;0,0288;0,0000;0,0000;0,0194;1,1900;1,6500;1;0,0000;0,0000;0;1;1;7;0;0
101,6389;303,4687;13,4000;0,5135;0,0166;0,0000;0,0000;0,0288;0,0000;0,0000;0,0207;1,2000;1,7200;1;0,0000;0,0000;0;1;1;7;0;0
101,6528;303,2066;13,4000;0,5948;0,0176;0,0000;0,0000;0,0288;0,0000;0,0000;0,0220;1,2300;1,8200;1;0,0000;0,0000;0;1;1;7;0;0
101,6667;303,1549;13,4000;0,6639;0,0187;0,0000;0,0000;0,0288;0,0000;0,0000;0,0234;1,2500;1,9100;1;0,0000;0,0000;0;1;1;7;0;0
101,6806;303,1032;13,4000;0,7286;0,0198;0,0000;0,0000;0,0288;0,0000;0,0000;0,0248;1,2700;2,0000;1;0,0000;0,0000;0;1;1;7;0;0
101,6945;303,0515;13,4000;0,8182;0,0210;0,0000;0,0000;0,0288;0,0000;0,0000;0,0263;1,3000;2,1200;1;0,0000;0,0000;0;1;1;7;0;0
101,7084;303,0134;13,4000;0,8603;0,0222;0,0000;0,0000;0,0288;0,0000;0,0000;0,0278;1,3300;2,1900;1;0,0000;0,0000;0;1;1;7;0;0
101,7223;303,0134;13,4000;0,9486;0,0235;0,0000;0,0000;0,0288;0,0000;0,0000;0,0293;1,3700;2,3200;1;0,0000;0,0000;0;1;1;7;0;0
101,7361;303,0134;13,3000;1,0238;0,0248;0,0000;0,0000;0,0288;0,0000;0,0000;0,0310;1,4000;2,4300;1;0,0000;0,0000;0;1;1;7;0;0
101,7500;303,0134;13,3000;1,0824;0,0261;0,0000;0,0000;0,0288;0,0000;0,0000;0,0326;1,4400;2,5200;1;0,0000;0,0000;0;1;1;7;0;0
101,7639;303,0134;13,3000;1,1164;0,0275;0,0000;0,0000;0,0288;0,0000;0,0000;0,0343;1,4800;2,6000;1;0,0000;0,0000;0;1;1;7;0;0
101,7778;302,7426;13,3000;1,1233;0,0288;0,0000;0,0000;0,0288;0,0000;0,0000;0,0361;1,5200;2,6400;1;0,0000;0,0000;0;1;1;7;0;0
101,7917;302,6914;13,3000;1,1582;0,0303;0,0000;0,0000;0,0288;0,0000;0,0000;0,0378;1,5600;2,7200;1;0,0000;0,0000;0;1;1;7;0;0
101,8056;302,6401;13,3000;1,1700;0,0317;0,0000;0,0000;0,0288;0,0000;0,0000;0,0397;1,6000;2,7700;1;0,0000;0,0000;0;1;1;7;0;0
101,8195;302,5888;13,3000;1,1871;0,0332;0,0000;0,0000;0,0288;0,0000;0,0000;0,0415;1,6400;2,8300;1;0,0000;0,0000;0;1;1;7;0;0
101,8334;302,5569;13,3000;1,2106;0,0348;0,0000;0,0000;0,0288;0,0000;0,0000;0,0434;1,6800;2,8900;1;0,0000;0,0000;0;1;1;7;0;0
101,8473;302,5569;13,3000;1,2389;0,0363;0,0000;0,0000;0,0288;0,0000;0,0000;0,0454;1,7300;2,9600;1;0,0000;0,0000;0;1;1;7;0;0
101,8611;302,5569;13,3000;1,2886;0,0379;0,0000;0,0000;0,0288;0,0000;0,0000;0,0474;1,7700;3,0600;1;0,0000;0,0000;0;1;1;7;0;0
101,8750;302,5569;13,3000;1,3479;0,0396;0,0000;0,0000;0,0288;0,0000;0,0000;0,0495;1,8200;3,1700;1;0,0000;0,0000;0;1;1;7;0;0
101,8889;302,5569;13,3000;1,4339;0,0413;0,0000;0,0000;0,0288;0,0000;0,0000;0,0517;1,8700;3,3000;1;0,0000;0,0000;0;1;1;7;0;0
101,9028;302,2812;13,3000;1,5067;0,0431;0,0000;0,0000;0,0288;0,0000;0,0000;0,0539;1,9200;3,4300;1;0,0000;0,0000;0;1;1;7;0;0
101,9167;302,2299;13,3000;1,5784;0,0449;0,0000;0,0000;0,0288;0,0000;0,0000;0,0562;1,9700;3,5500;1;0,0000;0,0000;0;1;1;7;0;0
101,9306;302,1786;13,3000;1,5932;0,0468;0,0000;0,0000;0,0288;0,0000;0,0000;0,0585;2,0300;3,6200;1;0,0000;0,0000;0;1;1;7;0;0
101,9445;302,1274;13,3000;1,6512;0,0487;0,0000;0,0000;0,0288;0,0000;0,0000;0,0609;2,0900;3,7400;1;0,0000;0,0000;0;1;1;7;0;0
101,9584;302,1020;13,3000;1,6691;0,0507;0,0000;0,0000;0,0288;0,0000;0,0000;0,0634;2,1400;3,8100;1;0,0000;0,0000;0;1;1;7;0;0
101,9723;302,1020;13,3000;1,6659;0,0527;0,0000;0,0000;0,0288;0,0000;0,0000;0,0659;2,2000;3,8700;1;0,0000;0,0000;0;1;1;7;0;0
101,9861;302,1020;13,1000;1,6701;0,0548;0,0000;0,0000;0,0288;0,0000;0,0000;0,0684;2,2600;3,9300;1;0,0000;0,0000;0;1;1;7;0;0
102,0000;302,1020;13,1000;1,6751;0,0568;0,0000;0,0000;0,0288;0,0000;0,0000;0,0710;2,3100;3,9900;1;0,0000;0,0000;0;1;1;7;0;0
102,0139;301,8727;13,1000;1,6831;0,0589;0,0000;0,0000;0,0288;0,0000;0,0000;0,0737;2,3700;4,0500;1;0,0000;0,0000;0;1;1;7;0;0
102,0278;301,8222;13,1000;1,6634;0,0611;0,0000;0,0000;0,0288;0,0000;0,0000;0,0764;2,4300;4,0900;1;0,0000;0,0000;0;1;1;7;0;0
102,0417;301,7717;13,1000;1,6237;0,0633;0,0000;0,0000;0,0288;0,0000;0,0000;0,0791;2,4800;4,1100;1;0,0000;0,0000;0;1;1;7;0;0
102,0556;301,7213;13,1000;1,5235;0,0654;0,0000;0,0000;0,0288;0,0000;0,0000;0,0818;2,5300;4,0600;1;0,0000;0,0000;0;1;1;7;0;0
102,0695;301,6708;13,1000;1,3864;0,0676;0,0000;0,0000;0,0288;0,0000;0,0000;0,0845;2,5800;3,9700;1;0,0000;0,0000;0;1;1;7;0;0
102,0834;301,6463;13,1000;1,3592;0,0698;0,0000;0,0000;0,0288;0,0000;0,0000;0,0873;2,6300;3,9900;1;0,0000;0,0000;0;1;1;7;0;0
102,0973;301,6463;13,1000;1,3016;0,0720;0,0000;0,0000;0,0288;0,0000;0,0000;0,0900;2,6700;3,9700;1;0,0000;0,0000;0;1;1;7;0;0
102,1111;301,6463;13,1000;1,2770;0,0743;0,0000;0,0000;0,0288;0,0000;0,0000;0,0928;2,7100;3,9900;1;0,0000;0,0000;0;1;1;7;0;0
102,1250;301,6463;13,1000;1,2481;0,0766;0,0000;0,0000;0,0288;0,0000;0,0000;0,0957;2,7600;4,0100;1;0,0000;0,0000;0;1;1;7;0;0
102,1389;301,6463;13,1000;1,1900;0,0788;0,0000;0,0000;0,0288;0,0000;0,0000;0,0986;2,8000;3,9900;1;0,0000;0,0000;0;1;1;7;0;0
102,1528;301,3680;13,1000;1,1386;0,0812;0,0000;0,0000;0,0288;0,0000;0,0000;0,1014;2,8400;3,9800;1;0,0000;0,0000;0;1;1;7;0;0
102,1667;301,3175;13,1000;1,1197;0,0835;0,0000;0,0000;0,0288;0,0000;0,0000;0,1043;2,8800;3,9900;1;0,0000;0,0000;0;1;1;7;0;0
102,1806;301,2671;13,1000;1,1037;0,0858;0,0000;0,0000;0,0288;0,0000;0,0000;0,1073;2,9100;4,0200;1;0,0000;0,0000;0;1;1;7;0;0
102,1945;301,2166;13,1000;1,0984;0,0882;0,0000;0,0000;0,0288;0,0000;0,0000;0,1102;2,9500;4,0500;1;0,0000;0,0000;0;1;1;7;0;0
102,2084;301,1900;13,1000;1,0829;0,0906;0,0000;0,0000;0,0288;0,0000;0,0000;0,1132;2,9900;4,0700;1;0,0000;0,0000;0;1;1;7;0;0
102,2223;301,1900;13,1000;1,0786;0,0930;0,0000;0,0000;0,0288;0,0000;0,0000;0,1163;3,0200;4,1000;1;0,0000;0,0000;0;1;1;7;0;0
102,2361;301,1900;13,1000;1,0777;0,0955;0,0000;0,0000;0,0288;0,0000;0,0000;0,1193;3,0600;4,1400;1;0,0000;0,0000;0;1;1;7;0;0
102,2500;301,1900;13,1000;1,0606;0,0979;0,0000;0,0000;0,0288;0,0000;0,0000;0,1224;3,1000;4,1600;1;0,0000;0,0000;0;1;1;7;0;0
102,2639;301,1900;13,1000;1,0525;0,1004;0,0000;0,0000;0,0288;0,0000;0,0000;0,1255;3,1300;4,1900;1;0,0000;0,0000;0;1;1;7;0;0
102,2778;300,9139;13,1000;1,0476;0,1029;0,0000;0,0000;0,0288;0,0000;0,0000;0,1287;3,1700;4,2200;1;0,0000;0,0000;0;1;1;7;0;0
102,2917;300,8635;13,1000;1,0710;0,1055;0,0000;0,0000;0,0288;0,0000;0,0000;0,1319;3,2100;4,2800;1;0,0000;0,0000;0;1;1;7;0;0
102,3056;300,8131;13,1000;1,1077;0,1081;0,0000;0,0000;0,0288;0,0000;0,0000;0,1351;3,2400;4,3500;1;0,0000;0,0000;0;1;1;7;0;0
102,3195;300,7626;13,1000;1,1564;0,1107;0,0000;0,0000;0,0288;0,0000;0,0000;0,1384;3,2800;4,4400;1;0,0000;0,0000;0;1;1;7;0;0
102,3334;300,7351;13,1000;1,1732;0,1134;0,0000;0,0000;0,0288;0,0000;0,0000;0,1417;3,3200;4,5000;1;0,0000;0,0000;0;1;1;7;0;0
102,3473;300,7351;13,1000;1,1732;0,1160;0,0000;0,0000;0,0288;0,0000;0,0000;0,1451;3,3600;4,5400;1;0,0000;0,0000;0;1;1;7;0;0
102,3611;300,7351;13,1000;1,1527;0,1188;0,0000;0,0000;0,0288;0,0000;0,0000;0,1484;3,4000;4,5600;1;0,0000;0,0000;0;1;1;7;0;0
102,3750;300,7351;13,1000;1,0965;0,1215;0,0000;0,0000;0,0288;0,0000;0,0000;0,1518;3,4400;4,5400;1;0,0000;0,0000;0;1;1;7;0;0
102,3889;300,7351;13,1000;1,0853;0,1242;0,0000;0,0000;0,0288;0,0000;0,0000;0,1553;3,4800;4,5600;1;0,0000;0,0000;0;1;1;7;0;0
102,4028;300,4601;13,1000;0,9564;0,1269;0,0000;0,0000;0,0288;0,0000;0,0000;0,1587;3,5100;4,4700;1;0,0000;0,0000;0;1;1;7;0;0
102,4167;300,4096;13,1000;0,8731;0,1297;0,0000;0,0000;0,0288;0,0000;0,0000;0,1621;3,5400;4,4100;1;0,0000;0,0000;0;1;1;7;0;0
102,4306;300,3592;13,1000;0,7416;0,1324;0,0000;0,0000;0,0288;0,0000;0,0000;0,1655;3,5700;4,3100;1;0,0000;0,0000;0;1;1;8;0;0
102,4445;300,3088;13,1000;0,5844;0,1351;0,0000;0,0000;0,0288;0,0000;0,0000;0,1689;3,5900;4,1700;1;0,0000;0,0000;0;1;1;8;0;0
102,4584;300,2791;13,1000;0,3171;0,1377;0,0000;0,0000;0,0288;0,0000;0,0000;0,1721;3,6000;3,9200;1;0,0000;0,0000;0;1;1;8;0;0
102,4723;300,2791;13,1000;0,1503;0,1403;0,0000;0,0000;0,0288;0,0000;0,0000;0,1754;3,6000;3,7500;1;0,0000;0,0000;0;1;1;8;0;0
102,4861;300,2791;12,9000;-0,0454;0,1429;0,0000;0,0000;0,0288;0,0000;0,0000;0,1786;3,6000;3,5600;1;0,0000;0,0000;0;1;1;8;0;0
102,5000;300,2791;12,9000;-0,3371;0,1453;0,0000;0,0000;0,0288;0,0000;0,0000;0,1816;3,5900;3,2500;1;0,0000;0,0000;0;1;1;8;0;0
102,5139;300,2791;12,9000;-0,5796;0,1476;0,0000;0,0000;0,0288;0,0000;0,0000;0,1845;3,5700;2,9900;1;0,0000;0,0000;0;1;1;8;0;0
102,5278;300,0085;12,9000;-0,8401;0,1499;0,0000;0,0000;0,0288;0,0000;0,0000;0,1874;3,5500;2,7100;1;0,0000;0,0000;0;1;1;8;0;0
102,5417;299,9587;12,9000;-0,8920;0,1521;0,0000;0,0000;0,0288;0,0000;0,0000;0,1901;3,5200;2,6200;1;0,0000;0,0000;0;1;1;8;0;0
102,5556;299,9091;12,9000;-1,0832;0,1543;0,0000;0,0000;0,0288;0,0000;0,0000;0,1929;3,4800;2,4000;1;0,0000;0,0000;0;1;1;8;0;0
102,5695;299,8593;12,9000;-1,4219;0,1563;0,0000;0,0000;0,0288;0,0000;0,0000;0,1954;3,4300;2,0100;1;0,0000;0,0000;0;1;1;8;0;0
102,5834;299,8234;12,9000;-1,5983;0,1583;0,0000;0,0000;0,0288;0,0000;0,0000;0,1979;3,3800;1,7800;1;0,0000;0,0000;0;1;1;8;0;0
102,5973;299,8234;12,9000;-1,6472;0,1602;0,0000;0,0000;0,0288;0,0000;0,0000;0,2002;3,3300;1,6800;1;0,0000;0,0000;0;1;1;8;0;0
102,6111;299,8234;12,9000;-1,6179;0,1621;0,0000;0,0000;0,0288;0,0000;0,0000;0,2026;3,2700;1,6600;1;0,0000;0,0000;0;1;1;8;0;0
102,6250;299,8234;12,9000;-1,5702;0,1640;0,0000;0,0000;0,0288;0,0000;0,0000;0,2049;3,2200;1,6500;1;0,0000;0,0000;0;1;1;8;0;0
102,6389;299,8234;12,9000;-1,5474;0,1658;0,0000;0,0000;0,0288;0,0000;0,0000;0,2072;3,1700;1,6200;1;0,0000;0,0000;0;1;1;8;0;0
102,6528;299,5610;12,9000;-1,5376;0,1676;0,0000;0,0000;0,0288;0,0000;0,0000;0,2095;3,1200;1,5800;1;0,0000;0,0000;0;1;1;8;0;0
102,6667;299,5113;12,9000;-1,5304;0,1693;0,0000;0,0000;0,0288;0,0000;0,0000;0,2117;3,0700;1,5400;1;0,0000;0,0000;0;1;1;8;0;0
102,6806;299,4616;12,9000;-1,4979;0,1711;0,0000;0,0000;0,0288;0,0000;0,0000;0,2139;3,0200;1,5200;1;0,0000;0,0000;0;1;1;8;0;0
102,6945;299,4119;12,9000;-1,4914;0,1728;0,0000;0,0000;0,0288;0,0000;0,0000;0,2160;2,9700;1,4800;1;0,0000;0,0000;0;1;1;8;0;0
102,7084;299,3681;12,9000;-1,3238;0,1745;0,0000;0,0000;0,0288;0,0000;0,0000;0,2181;2,9300;1,6100;1;0,0000;0,0000;0;1;1;8;0;0
102,7223;299,3681;12,9000;-1,2103;0,1762;0,0000;0,0000;0,0288;0,0000;0,0000;0,2203;2,8900;1,6800;1;0,0000;0,0000;0;1;1;8;0;0
102,7361;299,3681;12,9000;-1,1451;0,1779;0,0000;0,0000;0,0288;0,0000;0,0000;0,2224;2,8500;1,7100;1;0,0000;0,0000;0;1;1;8;0;0
102,7500;299,3681;12,9000;-1,0531;0,1797;0,0000;0,0000;0,0288;0,0000;0,0000;0,2246;2,8200;1,7700;1;0,0000;0,0000;0;1;1;8;0;0
102,7639;299,3681;12,9000;-0,9883;0,1814;0,0000;0,0000;0,0288;0,0000;0,0000;0,2267;2,7900;1,8000;1;0,0000;0,0000;0;1;1;8;0;0
102,7778;299,1135;12,9000;-0,8971;0,1831;0,0000;0,0000;0,0288;0,0000;0,0000;0,2289;2,7600;1,8600;1;0,0000;0,0000;0;1;1;8;0;0
102,7917;299,0638;12,9000;-0,8194;0,1848;0,0000;0,0000;0,0288;0,0000;0,0000;0,2310;2,7300;1,9100;1;0,0000;0,0000;0;1;1;8;0;0
102,8056;299,0141;12,9000;-0,7812;0,1865;0,0000;0,0000;0,0288;0,0000;0,0000;0,2331;2,7100;1,9200;1;0,0000;0,0000;0;1;1;8;0;0
102,8195;298,9644;12,9000;-0,7557;0,1882;0,0000;0,0000;0,0288;0,0000;0,0000;0,2352;2,6800;1,9200;1;0,0000;0,0000;0;1;1;8;0;0
102,8334;298,9146;12,9000;-0,6823;0,1898;0,0000;0,0000;0,0288;0,0000;0,0000;0,2373;2,6600;1,9800;1;0,0000;0,0000;0;1;1;8;0;0
102,8473;298,9119;12,9000;-0,6676;0,1915;0,0000;0,0000;0,0288;0,0000;0,0000;0,2394;2,6400;1,9700;1;0,0000;0,0000;0;1;1;8;0;0
102,8611;298,9119;12,9000;-0,6241;0,1932;0,0000;0,0000;0,0288;0,0000;0,0000;0,2415;2,6200;1,9900;1;0,0000;0,0000;0;1;1;8;0;0
102,8750;298,9119;12,9000;-0,5176;0,1949;0,0000;0,0000;0,0288;0,0000;0,0000;0,2436;2,6000;2,0800;1;0,0000;0,0000;0;1;1;8;0;0
102,8889;298,9119;12,9000;-0,4245;0,1966;0,0000;0,0000;0,0288;0,0000;0,0000;0,2457;2,5800;2,1600;1;0,0000;0,0000;0;1;1;8;0;0
102,9028;298,6660;12,9000;-0,3918;0,1983;0,0000;0,0000;0,0288;0,0000;0,0000;0,2478;2,5700;2,1800;1;0,0000;0,0000;0;1;1;8;0;0
102,9167;298,6163;12,9000;-0,3847;0,2000;0,0000;0,0000;0,0288;0,0000;0,0000;0,2499;2,5600;2,1700;1;0,0000;0,0000;0;1;1;8;0;0
102,9306;298,5666;12,9000;-0,3833;0,2016;0,0000;0,0000;0,0288;0,0000;0,0000;0,2521;2,5500;2,1600;1;0,0000;0,0000;0;1;1;8;0;0
102,9445;298,5168;12,9000;-0,4495;0,2033;0,0000;0,0000;0,0288;0,0000;0,0000;0,2541;2,5300;2,0800;1;0,0000;0,0000;0;1;1;8;0;0
102,9584;298,4671;12,9000;-0,4627;0,2050;0,0000;0,0000;0,0288;0,0000;0,0000;0,2562;2,5200;2,0600;1;0,0000;0,0000;0;1;1;8;0;0
102,9723;298,4566;12,9000;-0,5381;0,2066;0,0000;0,0000;0,0288;0,0000;0,0000;0,2582;2,5000;1,9600;1;0,0000;0,0000;0;1;1;8;0;0
102,9861;298,4566;12,9000;-0,6106;0,2082;0,0000;0,0000;0,0288;0,0000;0,0000;0,2602;2,4800;1,8700;1;0,0000;0,0000;0;1;1;8;0;0
103,0000;298,4566;12,9000;-0,6712;0,2097;0,0000;0,0000;0,0288;0,0000;0,0000;0,2621;2,4600;1,7900;1;0,0000;0,0000;0;1;1;8;0;0
103,0139;298,4566;12,9000;-0,7495;0,2112;0,0000;0,0000;0,0288;0,0000;0,0000;0,2641;2,4400;1,6900;1;0,0000;0,0000;0;1;1;8;0;0
103,0278;298,2184;12,9000;-0,8170;0,2127;0,0000;0,0000;0,0288;0,0000;0,0000;0,2659;2,4100;1,5900;1;0,0000;0,0000;0;1;1;8;0;0
103,0417;298,1687;12,9000;-0,9162;0,2142;0,0000;0,0000;0,0288;0,0000;0,0000;0,2677;2,3800;1,4600;1;0,0000;0,0000;0;1;1;8;0;0
103,0556;298,1190;12,9000;-0,9905;0,2155;0,0000;0,0000;0,0288;0,0000;0,0000;0,2694;2,3500;1,3600;1;0,0000;0,0000;0;1;1;8;0;0
103,0695;298,0692;12,9000;-1,0509;0,2169;0,0000;0,0000;0,0288;0,0000;0,0000;0,2711;2,3100;1,2600;1;0,0000;0,0000;0;1;1;8;0;0
103,0834;298,0195;12,9000;-1,0668;0,2182;0,0000;0,0000;0,0288;0,0000;0,0000;0,2727;2,2800;1,2100;1;0,0000;0,0000;0;1;1;8;0;0
103,0973;298,0011;12,9000;-1,0632;0,2195;0,0000;0,0000;0,0288;0,0000;0,0000;0,2743;2,2400;1,1800;1;0,0000;0,0000;0;1;1;8;0;0
103,1111;298,0011;12,9000;-1,0487;0,2207;0,0000;0,0000;0,0288;0,0000;0,0000;0,2759;2,2100;1,1600;1;0,0000;0,0000;0;1;1;8;0;0
103,1250;298,0011;12,9000;-1,0113;0,2220;0,0000;0,0000;0,0288;0,0000;0,0000;0,2775;2,1800;1,1700;1;0,0000;0,0000;0;1;1;8;0;0
103,1389;298,0011;12,9000;-0,9409;0,2232;0,0000;0,0000;0,0288;0,0000;0,0000;0,2790;2,1500;1,2100;1;0,0000;0,0000;0;1;1;8;0;0
103,1528;297,7708;12,9000;-0,8700;0,2245;0,0000;0,0000;0,0288;0,0000;0,0000;0,2806;2,1200;1,2500;1;0,0000;0,0000;0;1;1;8;0;0
103,1667;297,7210;12,9000;-0,7932;0,2257;0,0000;0,0000;0,0288;0,0000;0,0000;0,2822;2,0900;1,3000;1;0,0000;0,0000;0;1;1;8;0;0
103,1806;297,6713;12,9000;-0,7348;0,2270;0,0000;0,0000;0,0288;0,0000;0,0000;0,2837;2,0700;1,3300;1;0,0000;0,0000;0;1;1;8;0;0
103,1945;297,6216;12,9000;-0,6850;0,2282;0,0000;0,0000;0,0288;0,0000;0,0000;0,2853;2,0400;1,3600;1;0,0000;0,0000;0;1;1;8;0;0
103,2084;297,5718;12,9000;-0,6352;0,2295;0,0000;0,0000;0,0288;0,0000;0,0000;0,2868;2,0200;1,3900;1;0,0000;0,0000;0;1;1;8;0;0
103,2223;297,5447;12,9000;-0,5934;0,2307;0,0000;0,0000;0,0288;0,0000;0,0000;0,2884;2,0000;1,4100;1;0,0000;0,0000;0;1;1;8;0;0
103,2361;297,5447;13,2000;-0,5569;0,2319;0,0000;0,0000;0,0288;0,0000;0,0000;0,2899;1,9900;1,4300;1;0,0000;0,0000;0;1;1;8;0;0
103,2500;297,5447;13,2000;-0,5497;0,2332;0,0000;0,0000;0,0288;0,0000;0,0000;0,2915;1,9700;1,4200;1;0,0000;0,0000;0;1;1;8;0;0
103,2639;297,5447;13,2000;-0,5417;0,2344;0,0000;0,0000;0,0288;0,0000;0,0000;0,2930;1,9500;1,4100;1;0,0000;0,0000;0;1;1;8;0;0
103,2778;297,5447;13,2000;-0,5478;0,2356;0,0000;0,0000;0,0288;0,0000;0,0000;0,2945;1,9300;1,3800;1;0,0000;0,0000;0;1;1;8;0;0
103,2917;297,2687;13,2000;-0,5537;0,2368;0,0000;0,0000;0,0288;0,0000;0,0000;0,2960;1,9100;1,3600;1;0,0000;0,0000;0;1;1;8;0;0
103,3056;297,2178;13,2000;-0,5657;0,2380;0,0000;0,0000;0,0288;0,0000;0,0000;0,2975;1,9000;1,3300;1;0,0000;0,0000;0;1;1;8;0;0
103,3195;297,1669;13,2000;-0,5773;0,2392;0,0000;0,0000;0,0288;0,0000;0,0000;0,2990;1,8800;1,3000;1;0,0000;0,0000;0;1;1;8;0;0
103,3334;297,1160;13,2000;-0,5930;0,2404;0,0000;0,0000;0,0288;0,0000;0,0000;0,3005;1,8600;1,2600;1;0,0000;0,0000;0;1;1;8;0;0
103,3473;297,0938;13,2000;-0,6101;0,2415;0,0000;0,0000;0,0288;0,0000;0,0000;0,3019;1,8400;1,2300;1;0,0000;0,0000;0;1;1;8;0;0
103,3611;297,0938;13,2000;-0,6268;0,2427;0,0000;0,0000;0,0288;0,0000;0,0000;0,3034;1,8200;1,1900;1;0,0000;0,0000;0;1;1;8;0;0
103,3750;297,0938;13,2000;-0,6457;0,2438;0,0000;0,0000;0,0288;0,0000;0,0000;0,3048;1,7900;1,1500;1;0,0000;0,0000;0;1;1;8;0;0
103,3889;297,0938;13,2000;-0,6574;0,2449;0,0000;0,0000;0,0288;0,0000;0,0000;0,3062;1,7700;1,1100;1;0,0000;0,0000;0;1;1;8;0;0
103,4028;296,8615;13,2000;-0,6646;0,2460;0,0000;0,0000;0,0288;0,0000;0,0000;0,3075;1,7500;1,0900;1;0,0000;0,0000;0;1;1;8;0;0
103,4167;296,8105;13,2000;-0,6667;0,2471;0,0000;0,0000;0,0288;0,0000;0,0000;0,3088;1,7300;1,0600;1;0,0000;0,0000;0;1;1;8;0;0
103,4306;296,7596;13,2000;-0,6601;0,2481;0,0000;0,0000;0,0288;0,0000;0,0000;0,3102;1,7100;1,0500;1;0,0000;0,0000;0;1;1;8;0;0
103,4445;296,7087;13,2000;-0,6356;0,2492;0,0000;0,0000;0,0288;0,0000;0,0000;0,3115;1,6800;1,0500;1;0,0000;0,0000;0;1;1;3;0;0
103,4584;296,6578;13,2000;-0,5814;0,2502;0,0000;0,0000;0,0288;0,0000;0,0000;0,3127;1,6700;1,0800;1;0,0000;0,0000;0;1;1;3;0;0
103,4723;296,6379;13,2000;-0,5196;0,2512;0,0000;0,0000;0,0288;0,0000;0,0000;0,3140;1,6500;1,1300;1;0,0000;0,0000;0;1;1;3;0;0
103,4861;296,6379;13,2000;-0,4345;0,2523;0,0000;0,0000;0,0288;0,0000;0,0000;0,3153;1,6300;1,2000;1;0,0000;0,0000;0;1;1;3;0;0
103,5000;296,6379;13,2000;-0,3917;0,2533;0,0000;0,0000;0,0288;0,0000;0,0000;0,3166;1,6200;1,2300;1;0,0000;0,0000;0;1;1;3;0;0
103,5139;296,6379;13,2000;-0,3556;0,2544;0,0000;0,0000;0,0288;0,0000;0,0000;0,3179;1,6100;1,2500;1;0,0000;0,0000;0;1;1;3;0;0
103,5278;296,4033;13,2000;-0,3102;0,2554;0,0000;0,0000;0,0288;0,0000;0,0000;0,3192;1,6000;1,2900;1;0,0000;0,0000;0;1;1;3;0;0
103,5417;296,3524;13,2000;-0,2653;0,2565;0,0000;0,0000;0,0288;0,0000;0,0000;0,3206;1,5900;1,3200;1;0,0000;0,0000;0;1;1;3;0;0
103,5556;296,3015;13,2000;-0,2214;0,2575;0,0000;0,0000;0,0288;0,0000;0,0000;0,3219;1,5800;1,3600;1;0,0000;0,0000;0;1;1;3;0;0
103,5695;296,2505;13,2000;-0,1835;0,2586;0,0000;0,0000;0,0288;0,0000;0,0000;0,3232;1,5800;1,3900;1;0,0000;0,0000;0;1;1;3;0;0
103,5834;296,1996;13,2000;-0,1551;0,2596;0,0000;0,0000;0,0288;0,0000;0,0000;0,3245;1,5700;1,4100;1;0,0000;0,0000;0;1;1;3;0;0
103,5973;296,1780;13,2000;-0,1381;0,2607;0,0000;0,0000;0,0288;0,0000;0,0000;0,3259;1,5600;1,4300;1;0,0000;0,0000;0;1;1;3;0;0
103,6111;296,1780;13,2000;-0,1199;0,2618;0,0000;0,0000;0,0288;0,0000;0,0000;0,3272;1,5600;1,4400;1;0,0000;0,0000;0;1;1;3;0;0
103,6250;296,1780;13,2000;-0,1106;0,2628;0,0000;0,0000;0,0288;0,0000;0,0000;0,3285;1,5600;1,4500;1;0,0000;0,0000;0;1;1;3;0;0
103,6389;296,1780;13,2000;-0,1066;0,2639;0,0000;0,0000;0,0288;0,0000;0,0000;0,3299;1,5500;1,4500;1;0,0000;0,0000;0;1;1;3;0;0
103,6528;295,9451;13,2000;-0,1129;0,2650;0,0000;0,0000;0,0288;0,0000;0,0000;0,3312;1,5500;1,4400;1;0,0000;0,0000;0;1;1;3;0;0
103,6667;295,8942;13,2000;-0,1277;0,2660;0,0000;0,0000;0,0288;0,0000;0,0000;0,3325;1,5400;1,4200;1;0,0000;0,0000;0;1;1;3;0;0
103,6806;295,8433;13,2000;-0,1464;0,2671;0,0000;0,0000;0,0288;0,0000;0,0000;0,3338;1,5400;1,3900;1;0,0000;0,0000;0;1;1;3;0;0
103,6945;295,7924;13,2000;-0,1740;0,2681;0,0000;0,0000;0,0288;0,0000;0,0000;0,3351;1,5300;1,3600;1;0,0000;0,0000;0;1;1;3;0;0
103,7084;295,7415;13,2000;-0,2001;0,2692;0,0000;0,0000;0,0288;0,0000;0,0000;0,3364;1,5300;1,3300;1;0,0000;0,0000;0;1;1;3;0;0
103,7223;295,7260;13,2000;-0,2248;0,2702;0,0000;0,0000;0,0288;0,0000;0,0000;0,3377;1,5200;1,2900;1;0,0000;0,0000;0;1;1;3;0;0
103,7361;295,7260;13,3000;-0,2652;0,2712;0,0000;0,0000;0,0288;0,0000;0,0000;0,3390;1,5100;1,2400;1;0,0000;0,0000;0;1;1;3;0;0
103,7500;295,7260;13,3000;-0,3170;0,2722;0,0000;0,0000;0,0288;0,0000;0,0000;0,3402;1,5000;1,1800;1;0,0000;0,0000;0;1;1;3;0;0
103,7639;295,7260;13,3000;-0,4053;0,2732;0,0000;0,0000;0,0288;0,0000;0,0000;0,3414;1,4900;1,0800;1;0,0000;0,0000;0;1;1;3;0;0
103,7778;295,4858;13,3000;-0,4796;0,2741;0,0000;0,0000;0,0288;0,0000;0,0000;0,3426;1,4700;0,9900;1;0,0000;0,0000;0;1;1;3;0;0
103,7917;295,4345;13,3000;-0,5706;0,2750;0,0000;0,0000;0,0288;0,0000;0,0000;0,3438;1,4500;0,8800;1;0,0000;0,0000;0;1;1;3;0;0
103,8056;295,3832;13,3000;-0,6554;0,2759;0,0000;0,0000;0,0288;0,0000;0,0000;0,3448;1,4300;0,7700;1;0,0000;0,0000;0;1;1;3;0;0
103,8195;295,3319;13,3000;-0,7484;0,2767;0,0000;0,0000;0,0288;0,0000;0,0000;0,3459;1,4000;0,6600;1;0,0000;0,0000;0;1;1;3;0;0
103,8334;295,2806;13,3000;-0,8220;0,2775;0,0000;0,0000;0,0288;0,0000;0,0000;0,3469;1,3800;0,5500;1;0,0000;0,0000;0;1;1;3;0;0
103,8473;295,2693;13,3000;-0,8911;0,2782;0,0000;0,0000;0,0288;0,0000;0,0000;0,3478;1,3500;0,4500;1;0,0000;0,0000;0;1;1;3;0;0
103,8611;295,2693;13,3000;-0,9474;0,2789;0,0000;0,0000;0,0288;0,0000;0,0000;0,3487;1,3100;0,3700;1;0,0000;0,0000;0;1;1;3;0;0
103,8750;295,2693;13,3000;-1,0203;0,2796;0,0000;0,0000;0,0288;0,0000;0,0000;0,3495;1,2800;0,2600;1;0,0000;0,0000;0;1;1;3;0;0
103,8889;295,2693;13,3000;-1,0799;0,2802;0,0000;0,0000;0,0288;0,0000;0,0000;0,3503;1,2400;0,1600;1;0,0000;0,0000;0;1;1;3;0;0
103,9028;295,0240;13,3000;-1,1424;0,2808;0,0000;0,0000;0,0288;0,0000;0,0000;0,3510;1,2000;0,0600;1;0,0000;0,0000;0;1;1;3;0;0
103,9167;294,9727;13,3000;-1,2273;0,2813;0,0000;0,0000;0,0288;0,0000;0,0000;0,3516;1,1600;-0,0700;1;0,0000;0,0000;0;1;1;3;0;0
103,9306;294,9214;13,3000;-1,3048;0,2818;0,0000;0,0000;0,0288;0,0000;0,0000;0,3522;1,1200;-0,1900;1;0,0000;0,0000;0;1;1;3;0;0
103,9445;294,8701;13,3000;-1,3685;0,2822;0,0000;0,0000;0,0288;0,0000;0,0000;0,3528;1,0700;-0,3000;1;0,0000;0,0000;0;1;1;3;0;0
103,9584;294,8188;13,3000;-1,4076;0,2826;0,0000;0,0000;0,0288;0,0000;0,0000;0,3532;1,0200;-0,3900;1;0,0000;0,0000;0;1;1;3;0;0
103,9723;294,8126;13,3000;-1,4526;0,2829;0,0000;0,0000;0,0288;0,0000;0,0000;0,3537;0,9700;-0,4800;1;0,0000;0,0000;0;1;1;3;0;0
103,9861;294,8126;13,3000;-1,4980;0,2832;0,0000;0,0000;0,0288;0,0000;0,0000;0,3540;0,9200;-0,5800;1;0,0000;0,0000;0;1;1;3;0;0
104,0000;294,8126;13,3000;-1,5252;0,2835;0,0000;0,0000;0,0288;0,0000;0,0000;0,3543;0,8700;-0,6500;1;0,0000;0,0000;0;1;1;3;0;0
104,0139;294,8126;13,3000;-1,5519;0,2837;0,0000;0,0000;0,0288;0,0000;0,0000;0,3546;0,8200;-0,7300;1;0,0000;0,0000;0;1;1;3;0;0
104,0278;294,5623;13,3000;-1,5713;0,2838;0,0000;0,0000;0,0288;0,0000;0,0000;0,3548;0,7600;-0,8100;1;0,0000;0,0000;0;1;1;3;0;0
104,0417;294,5109;13,3000;-1,5861;0,2839;0,0000;0,0000;0,0288;0,0000;0,0000;0,3549;0,7100;-0,8800;1;0,0000;0,0000;0;1;1;3;0;0
104,0556;294,4596;13,3000;-1,6097;0,2840;0,0000;0,0000;0,0288;0,0000;0,0000;0,3550;0,6600;-0,9500;1;0,0000;0,0000;0;1;1;3;0;0
104,0695;294,4083;13,3000;-1,6275;0,2840;0,0000;0,0000;0,0288;0,0000;0,0000;0,3550;0,6000;-1,0300;1;0,0000;0,0000;0;1;1;3;0;0
104,0834;294,3583;13,3000;-1,6349;0,2840;0,0000;0,0000;0,0288;0,0000;0,0000;0,3550;0,5500;-1,0900;1;0,0000;0,0000;0;1;1;3;0;0
104,0973;294,3583;13,3000;-1,6393;0,2840;0,0000;0,0000;0,0288;0,0000;0,0000;0,3549;0,4900;-1,1500;1;0,0000;0,0000;0;1;1;3;0;0
104,1111;294,3583;13,3000;-1,6392;0,2839;0,0000;0,0000;0,0288;0,0000;0,0000;0,3548;0,4300;-1,2000;1;0,0000;0,0000;0;1;1;3;0;0
104,1250;294,3583;13,3000;-1,6346;0,2837;0,0000;0,0000;0,0288;0,0000;0,0000;0,3547;0,3800;-1,2600;1;0,0000;0,0000;0;1;1;3;0;0
104,1389;294,3583;13,3000;-1,6247;0,2836;0,0000;0,0000;0,0288;0,0000;0,0000;0,3545;0,3200;-1,3000;1;0,0000;0,0000;0;1;1;3;0;0
104,1528;294,1004;13,3000;-1,6115;0,2834;0,0000;0,0000;0,0288;0,0000;0,0000;0,3542;0,2700;-1,3400;1;0,0000;0,0000;0;1;1;3;0;0
104,1667;294,0491;13,3000;-1,5980;0,2831;0,0000;0,0000;0,0288;0,0000;0,0000;0,3539;0,2100;-1,3800;1;0,0000;0,0000;0;1;1;3;0;0
104,1806;293,9978;13,3000;-1,5863;0,2828;0,0000;0,0000;0,0288;0,0000;0,0000;0,3535;0,1600;-1,4300;1;0,0000;0,0000;0;1;1;3;0;0
104,1945;293,9465;13,3000;-1,5746;0,2825;0,0000;0,0000;0,0288;0,0000;0,0000;0,3532;0,1100;-1,4700;1;0,0000;0,0000;0;1;1;3;0;0
104,2084;293,8998;13,3000;-1,5407;0,2822;0,0000;0,0000;0,0288;0,0000;0,0000;0,3527;0,0600;-1,4900;1;0,0000;0,0000;0;1;1;3;0;0
104,2223;293,8998;13,3000;-1,5154;0,2818;0,0000;0,0000;0,0288;0,0000;0,0000;0,3523;0,0000;-1,5100;1;0,0000;0,0000;0;1;1;3;0;0
104,2361;293,8998;13,3000;-1,4896;0,2814;0,0000;0,0000;0,0288;0,0000;0,0000;0,3518;-0,0400;-1,5400;1;0,0000;0,0000;0;1;1;3;0;0
104,2500;293,8998;13,3000;-1,4678;0,2810;0,0000;0,0000;0,0288;0,0000;0,0000;0,3512;-0,0900;-1,5600;1;0,0000;0,0000;0;1;1;3;0;0
104,2639;293,8998;13,3000;-1,4452;0,2805;0,0000;0,0000;0,0288;0,0000;0,0000;0,3507;-0,1400;-1,5900;1;0,0000;0,0000;0;1;1;3;0;0
104,2778;293,6386;13,3000;-1,4197;0,2800;0,0000;0,0000;0,0288;0,0000;0,0000;0,3501;-0,1900;-1,6100;1;0,0000;0,0000;0;1;1;3;0;0
104,2917;293,5873;13,3000;-1,3900;0,2795;0,0000;0,0000;0,0288;0,0000;0,0000;0,3494;-0,2400;-1,6300;1;0,0000;0,0000;0;1;1;3;0;0
104,3056;293,5360;13,3000;-1,3524;0,2790;0,0000;0,0000;0,0288;0,0000;0,0000;0,3487;-0,2800;-1,6400;1;0,0000;0,0000;0;1;1;3;0;0
104,3195;293,4847;13,3000;-1,3195;0,2784;0,0000;0,0000;0,0288;0,0000;0,0000;0,3481;-0,3300;-1,6500;1;0,0000;0,0000;0;1;1;3;0;0
104,3334;293,4464;13,3000;-1,2792;0,2779;0,0000;0,0000;0,0288;0,0000;0,0000;0,3473;-0,3700;-1,6500;1;0,0000;0,0000;0;1;1;3;0;0
104,3473;293,4464;13,3000;-1,2274;0,2773;0,0000;0,0000;0,0288;0,0000;0,0000;0,3466;-0,4100;-1,6400;1;0,0000;0,0000;0;1;1;3;0;0
104,3611;293,4464;13,3000;-1,1696;0,2767;0,0000;0,0000;0,0288;0,0000;0,0000;0,3458;-0,4500;-1,6200;1;0,0000;0,0000;0;1;1;3;0;0
104,3750;293,4464;13,3000;-1,1115;0,2760;0,0000;0,0000;0,0288;0,0000;0,0000;0,3450;-0,4900;-1,6000;1;0,0000;0,0000;0;1;1;3;0;0
104,3889;293,4464;13,3000;-1,0518;0,2754;0,0000;0,0000;0,0288;0,0000;0,0000;0,3443;-0,5300;-1,5800;1;0,0000;0,0000;0;1;1;3;0;0
104,4028;293,1769;13,3000;-0,9901;0,2748;0,0000;0,0000;0,0288;0,0000;0,0000;0,3434;-0,5600;-1,5500;1;0,0000;0,0000;0;1;1;3;0;0
104,4167;293,1255;13,3000;-0,9330;0,2741;0,0000;0,0000;0,0288;0,0000;0,0000;0,3426;-0,5900;-1,5200;1;0,0000;0,0000;0;1;1;3;0;0
104,4306;293,0742;13,3000;-0,8862;0,2735;0,0000;0,0000;0,0288;0,0000;0,0000;0,3418;-0,6200;-1,5100;1;0,0000;0,0000;0;1;1;3;0;0
104,4445;293,0229;13,3000;-0,8500;0,2728;0,0000;0,0000;0,0288;0,0000;0,0000;0,3410;-0,6500;-1,5000;1;0,0000;0,0000;0;1;1;3;0;0
104,4584;292,9893;13,3000;-0,8113;0,2721;0,0000;0,0000;0,0288;0,0000;0,0000;0,3401;-0,6800;-1,4900;1;0,0000;0,0000;0;1;1;4;0;0
104,4723;292,9893;13,3000;-0,7741;0,2714;0,0000;0,0000;0,0288;0,0000;0,0000;0,3393;-0,7000;-1,4800;1;0,0000;0,0000;0;1;1;4;0;0
104,4861;292,9893;13,3000;-0,7361;0,2707;0,0000;0,0000;0,0288;0,0000;0,0000;0,3384;-0,7300;-1,4600;1;0,0000;0,0000;0;1;1;4;0;0
104,5000;292,9893;13,3000;-0,6954;0,2701;0,0000;0,0000;0,0288;0,0000;0,0000;0,3376;-0,7500;-1,4500;1;0,0000;0,0000;0;1;1;4;0;0
104,5139;292,9893;13,3000;-0,6555;0,2693;0,0000;0,0000;0,0288;0,0000;0,0000;0,3367;-0,7700;-1,4300;1;0,0000;0,0000;0;1;1;4;0;0
104,5278;292,7151;13,3000;-0,6110;0,2686;0,0000;0,0000;0,0288;0,0000;0,0000;0,3358;-0,7900;-1,4000;1;0,0000;0,0000;0;1;1;4;0;0
104,5417;292,6638;13,3000;-0,5692;0,2679;0,0000;0,0000;0,0288;0,0000;0,0000;0,3349;-0,8100;-1,3800;1;0,0000;0,0000;0;1;1;4;0;0
104,5556;292,6125;13,3000;-0,5029;0,2672;0,0000;0,0000;0,0288;0,0000;0,0000;0,3340;-0,8300;-1,3300;1;0,0000;0,0000;0;1;1;4;0;0
104,5695;292,5612;13,3000;-0,4380;0,2665;0,0000;0,0000;0,0288;0,0000;0,0000;0,3331;-0,8400;-1,2800;1;0,0000;0,0000;0;1;1;4;0;0
104,5834;292,5343;13,3000;-0,3234;0,2658;0,0000;0,0000;0,0288;0,0000;0,0000;0,3323;-0,8500;-1,1800;1;0,0000;0,0000;0;1;1;4;0;0
104,5973;292,5343;13,3000;-0,1947;0,2651;0,0000;0,0000;0,0288;0,0000;0,0000;0,3314;-0,8600;-1,0500;1;0,0000;0,0000;0;1;1;4;0;0
104,6111;292,5343;13,3000;-0,0453;0,2645;0,0000;0,0000;0,0288;0,0000;0,0000;0,3307;-0,8600;-0,9100;1;0,0000;0,0000;0;1;1;4;0;0
104,6250;292,5343;13,3000;0,0650;0,2639;0,0000;0,0000;0,0288;0,0000;0,0000;0,3299;-0,8600;-0,7900;1;0,0000;0,0000;0;1;1;4;0;0
104,6389;292,3047;13,3000;0,2677;0,2634;0,0000;0,0000;0,0288;0,0000;0,0000;0,3293;-0,8500;-0,5800;1;0,0000;0,0000;0;1;1;4;0;0
104,6528;292,2534;13,3000;0,4379;0,2629;0,0000;0,0000;0,0288;0,0000;0,0000;0,3287;-0,8300;-0,4000;1;0,0000;0,0000;0;1;1;4;0;0
104,6667;292,2021;13,3000;0,6361;0,2625;0,0000;0,0000;0,0288;0,0000;0,0000;0,3282;-0,8100;-0,1800;1;0,0000;0,0000;0;1;1;4;0;0
104,6806;292,1508;13,3000;0,8305;0,2622;0,0000;0,0000;0,0288;0,0000;0,0000;0,3278;-0,7800;0,0500;1;0,0000;0,0000;0;1;1;4;0;0
104,6945;292,0995;13,3000;0,9741;0,2619;0,0000;0,0000;0,0288;0,0000;0,0000;0,3274;-0,7500;0,2300;1;0,0000;0,0000;0;1;1;4;0;0
104,7084;292,0781;13,3000;1,0520;0,2617;0,0000;0,0000;0,0288;0,0000;0,0000;0,3271;-0,7100;0,3400;1;0,0000;0,0000;0;1;1;4;0;0
104,7223;292,0781;13,3000;1,1043;0,2615;0,0000;0,0000;0,0288;0,0000;0,0000;0,3269;-0,6700;0,4300;1;0,0000;0,0000;0;1;1;4;0;0
104,7361;292,0781;13,3000;1,1484;0,2614;0,0000;0,0000;0,0288;0,0000;0,0000;0,3267;-0,6300;0,5100;1;0,0000;0,0000;0;1;1;4;0;0
104,7500;292,0781;13,3000;1,1962;0,2613;0,0000;0,0000;0,0288;0,0000;0,0000;0,3266;-0,5900;0,6000;1;0,0000;0,0000;0;1;1;4;0;0
104,7639;291,8429;13,3000;1,2251;0,2612;0,0000;0,0000;0,0288;0,0000;0,0000;0,3265;-0,5500;0,6800;1;0,0000;0,0000;0;1;1;4;0;0
104,7778;291,7916;13,3000;1,2392;0,2612;0,0000;0,0000;0,0288;0,0000;0,0000;0,3265;-0,5100;0,7300;1;0,0000;0,0000;0;1;1;4;0;0
104,7917;291,7403;13,3000;1,2591;0,2612;0,0000;0,0000;0,0288;0,0000;0,0000;0,3265;-0,4600;0,8000;1;0,0000;0,0000;0;1;1;4;0;0
104,8056;291,6889;13,3000;1,2766;0,2613;0,0000;0,0000;0,0288;0,0000;0,0000;0,3266;-0,4200;0,8600;1;0,0000;0,0000;0;1;1;4;0;0
104,8195;291,6376;13,3000;1,2887;0,2613;0,0000;0,0000;0,0288;0,0000;0,0000;0,3267;-0,3700;0,9100;1;0,0000;0,0000;0;1;1;4;0;0
104,8334;291,6222;13,3000;1,2938;0,2615;0,0000;0,0000;0,0288;0,0000;0,0000;0,3268;-0,3300;0,9600;1;0,0000;0,0000;0;1;1;4;0;0
104,8473;291,6222;13,3000;1,2846;0,2616;0,0000;0,0000;0,0288;0,0000;0,0000;0,3270;-0,2800;1,0000;1;0,0000;0,0000;0;1;1;4;0;0
104,8611;291,6222;13,3000;1,2633;0,2618;0,0000;0,0000;0,0288;0,0000;0,0000;0,3272;-0,2400;1,0200;1;0,0000;0,0000;0;1;1;4;0;0
104,8750;291,6222;13,3000;1,2243;0,2619;0,0000;0,0000;0,0288;0,0000;0,0000;0,3274;-0,2000;1,0300;1;0,0000;0,0000;0;1;1;4;0;0
104,8889;291,3810;13,3000;1,1672;0,2621;0,0000;0,0000;0,0288;0,0000;0,0000;0,3277;-0,1600;1,0100;1;0,0000;0,0000;0;1;1;4;0;0
104,9028;291,3297;13,3000;1,0899;0,2624;0,0000;0,0000;0,0288;0,0000;0,0000;0,3279;-0,1200;0,9700;1;0,0000;0,0000;0;1;1;4;0;0
104,9167;291,2784;13,3000;0,9972;0,2626;0,0000;0,0000;0,0288;0,0000;0,0000;0,3282;-0,0800;0,9100;1;0,0000;0,0000;0;1;1;4;0;0
104,9306;291,2271;13,3000;0,8714;0,2628;0,0000;0,0000;0,0288;0,0000;0,0000;0,3285;-0,0500;0,8200;1;0,0000;0,0000;0;1;1;4;0;0
104,9445;291,1758;13,3000;0,7516;0,2630;0,0000;0,0000;0,0288;0,0000;0,0000;0,3287;-0,0300;0,7200;1;0,0000;0,0000;0;1;1;4;0;0
104,9584;291,1664;13,3000;0,6233;0,2631;0,0000;0,0000;0,0288;0,0000;0,0000;0,3289;0,0000;0,6200;1;0,0000;0,0000;0;1;1;4;0;0
104,9723;291,1664;13,3000;0,4670;0,2633;0,0000;0,0000;0,0288;0,0000;0,0000;0,3291;0,0000;0,4800;1;0,0000;0,0000;0;1;1;4;0;0
104,9861;291,1664;13,3000;0,2959;0,2634;0,0000;0,0000;0,0288;0,0000;0,0000;0,3292;0,0200;0,3200;1;0,0000;0,0000;0;1;1;4;0;0
105,0000;291,1664;13,3000;0,1838;0,2635;0,0000;0,0000;0,0288;0,0000;0,0000;0,3293;0,0300;0,2100;1;0,0000;0,0000;0;1;1;4;0;0
105,0139;290,9193;13,3000;0,0648;0,2635;0,0000;0,0000;0,0288;0,0000;0,0000;0,3294;0,0300;0,0900;1;0,0000;0,0000;0;1;1;4;0;0
105,0278;290,8679;13,3000;-0,0531;0,2635;0,0000;0,0000;0,0288;0,0000;0,0000;0,3294;0,0300;-0,0200;1;0,0000;0,0000;0;1;1;4;0;0
105,0417;290,8166;13,3000;-0,1671;0,2635;0,0000;0,0000;0,0288;0,0000;0,0000;0,3294;0,0200;-0,1400;1;0,0000;0,0000;0;1;1;4;0;0
105,0556;290,7653;13,3000;-0,2657;0,2635;0,0000;0,0000;0,0288;0,0000;0,0000;0,3293;0,0000;-0,2500;1;0,0000;0,0000;0;1;1;4;0;0
105,0695;290,7140;13,3000;-0,3266;0,2634;0,0000;0,0000;0,0288;0,0000;0,0000;0,3293;0,0000;-0,3200;1;0,0000;0,0000;0;1;1;4;0;0
105,0834;290,7104;13,3000;-0,3692;0,2633;0,0000;0,0000;0,0288;0,0000;0,0000;0,3292;0,0000;-0,3800;1;0,0000;0,0000;0;1;1;4;0;0
105,0973;290,7104;13,3000;-0,4135;0,2632;0,0000;0,0000;0,0288;0,0000;0,0000;0,3290;-0,0200;-0,4300;1;0,0000;0,0000;0;1;1;4;0;0
105,1111;290,7104;13,3000;-0,4664;0,2631;0,0000;0,0000;0,0288;0,0000;0,0000;0,3288;-0,0300;-0,5000;1;0,0000;0,0000;0;1;1;4;0;0
105,1250;290,7104;13,3000;-0,5311;0,2629;0,0000;0,0000;0,0288;0,0000;0,0000;0,3287;-0,0500;-0,5900;1;0,0000;0,0000;0;1;1;4;0;0
105,1389;290,4574;13,3000;-0,5660;0,2627;0,0000;0,0000;0,0288;0,0000;0,0000;0,3284;-0,0700;-0,6400;1;0,0000;0,0000;0;1;1;4;0;0
105,1528;290,4061;13,3000;-0,5911;0,2625;0,0000;0,0000;0,0288;0,0000;0,0000;0,3282;-0,0900;-0,6800;1;0,0000;0,0000;0;1;1;4;0;0
105,1667;290,3548;13,3000;-0,6054;0,2623;0,0000;0,0000;0,0288;0,0000;0,0000;0,3279;-0,1100;-0,7200;1;0,0000;0,0000;0;1;1;4;0;0
105,1806;290,3035;13,3000;-0,6173;0,2621;0,0000;0,0000;0,0288;0,0000;0,0000;0,3276;-0,1300;-0,7500;1;0,0000;0,0000;0;1;1;4;0;0
105,1945;290,2546;13,3000;-0,6226;0,2618;0,0000;0,0000;0,0288;0,0000;0,0000;0,3273;-0,1500;-0,7800;1;0,0000;0,0000;0;1;1;4;0;0
105,2084;290,2546;13,3000;-0,6229;0,2615;0,0000;0,0000;0,0288;0,0000;0,0000;0,3269;-0,1700;-0,8000;1;0,0000;0,0000;0;1;1;4;0;0
105,2223;290,2546;13,3000;-0,6158;0,2612;0,0000;0,0000;0,0288;0,0000;0,0000;0,3265;-0,2000;-0,8100;1;0,0000;0,0000;0;1;1;4;0;0
105,2361;290,2546;13,3000;-0,6044;0,2609;0,0000;0,0000;0,0288;0,0000;0,0000;0,3261;-0,2200;-0,8200;1;0,0000;0,0000;0;1;1;4;0;0
105,2500;290,2546;13,3000;-0,5870;0,2606;0,0000;0,0000;0,0288;0,0000;0,0000;0,3257;-0,2400;-0,8200;1;0,0000;0,0000;0;1;1;4;0;0
105,2639;289,9957;13,3000;-0,5658;0,2602;0,0000;0,0000;0,0288;0,0000;0,0000;0,3253;-0,2500;-0,8200;1;0,0000;0,0000;0;1;1;4;0;0
105,2778;289,9443;13,3000;-0,5336;0,2599;0,0000;0,0000;0,0288;0,0000;0,0000;0,3249;-0,2700;-0,8100;1;0,0000;0,0000;0;1;1;4;0;0
105,2917;289,8930;13,3000;-0,5123;0,2595;0,0000;0,0000;0,0288;0,0000;0,0000;0,3244;-0,2900;-0,8000;1;0,0000;0,0000;0;1;1;4;0;0
105,3056;289,8417;13,3000;-0,4880;0,2592;0,0000;0,0000;0,0288;0,0000;0,0000;0,3240;-0,3100;-0,7900;1;0,0000;0,0000;0;1;1;4;0;0
105,3195;289,7988;13,3000;-0,4681;0,2588;0,0000;0,0000;0,0288;0,0000;0,0000;0,3235;-0,3200;-0,7900;1;0,0000;0,0000;0;1;1;4;0;0
105,3334;289,7988;13,3000;-0,4509;0,2585;0,0000;0,0000;0,0288;0,0000;0,0000;0,3231;-0,3400;-0,7900;1;0,0000;0,0000;0;1;1;4;0;0
105,3473;289,7988;13,3000;-0,4350;0,2581;0,0000;0,0000;0,0288;0,0000;0,0000;0,3226;-0,3500;-0,7900;1;0,0000;0,0000;0;1;1;4;0;0
105,3611;289,7988;13,3000;-0,4190;0,2577;0,0000;0,0000;0,0288;0,0000;0,0000;0,3222;-0,3600;-0,7800;1;0,0000;0,0000;0;1;1;4;0;0
105,3750;289,7988;13,3000;-0,4013;0,2573;0,0000;0,0000;0,0288;0,0000;0,0000;0,3217;-0,3800;-0,7800;1;0,0000;0,0000;0;1;1;4;0;0
105,3889;289,5339;13,3000;-0,3866;0,2570;0,0000;0,0000;0,0288;0,0000;0,0000;0,3212;-0,3900;-0,7800;1;0,0000;0,0000;0;1;1;4;0;0
105,4028;289,4826;13,3000;-0,3704;0,2566;0,0000;0,0000;0,0288;0,0000;0,0000;0,3207;-0,4000;-0,7700;1;0,0000;0,0000;0;1;1;4;0;0
105,4167;289,4313;13,3000;-0,3530;0,2562;0,0000;0,0000;0,0288;0,0000;0,0000;0,3202;-0,4100;-0,7700;1;0,0000;0,0000;0;1;1;4;0;0
105,4306;289,3799;13,3000;-0,3406;0,2558;0,0000;0,0000;0,0288;0,0000;0,0000;0,3197;-0,4300;-0,7700;1;0,0000;0,0000;0;1;1;4;0;0
105,4445;289,3428;13,3000;-0,3282;0,2554;0,0000;0,0000;0,0288;0,0000;0,0000;0,3192;-0,4400;-0,7600;1;0,0000;0,0000;0;1;1;4;0;0
105,4584;289,3428;13,3000;-0,3257;0,2550;0,0000;0,0000;0,0288;0,0000;0,0000;0,3187;-0,4500;-0,7700;1;0,0000;0,0000;0;1;1;2;0;0
105,4723;289,3428;13,3000;-0,3016;0,2546;0,0000;0,0000;0,0288;0,0000;0,0000;0,3182;-0,4600;-0,7600;1;0,0000;0,0000;0;1;1;2;0;0
105,4861;289,3428;13,3000;-0,2886;0,2542;0,0000;0,0000;0,0288;0,0000;0,0000;0,3177;-0,4700;-0,7600;1;0,0000;0,0000;0;1;1;2;0;0
105,5000;289,3428;13,2000;-0,2732;0,2538;0,0000;0,0000;0,0288;0,0000;0,0000;0,3172;-0,4800;-0,7500;1;0,0000;0,0000;0;1;1;2;0;0
105,5139;289,0725;13,2000;-0,2550;0,2534;0,0000;0,0000;0,0288;0,0000;0,0000;0,3167;-0,4800;-0,7400;1;0,0000;0,0000;0;1;1;2;0;0
105,5278;289,0216;13,2000;-0,2515;0,2530;0,0000;0,0000;0,0288;0,0000;0,0000;0,3162;-0,4900;-0,7400;1;0,0000;0,0000;0;1;1;2;0;0
105,5417;288,9706;13,2000;-0,1983;0,2526;0,0000;0,0000;0,0288;0,0000;0,0000;0,3157;-0,5000;-0,7000;1;0,0000;0,0000;0;1;1;2;0;0
105,5556;288,9197;13,2000;-0,1644;0,2522;0,0000;0,0000;0,0288;0,0000;0,0000;0,3152;-0,5000;-0,6700;1;0,0000;0,0000;0;1;1;2;0;0
105,5695;288,8875;13,2000;-0,1401;0,2518;0,0000;0,0000;0,0288;0,0000;0,0000;0,3148;-0,5100;-0,6500;1;0,0000;0,0000;0;1;1;2;0;0
105,5834;288,8875;13,2000;-0,1209;0,2514;0,0000;0,0000;0,0288;0,0000;0,0000;0,3143;-0,5100;-0,6300;1;0,0000;0,0000;0;1;1;2;0;0
105,5973;288,8875;13,2000;-0,1093;0,2510;0,0000;0,0000;0,0288;0,0000;0,0000;0,3137;-0,5200;-0,6300;1;0,0000;0,0000;0;1;1;2;0;0
105,6111;288,8875;13,2000;-0,1070;0,2506;0,0000;0,0000;0,0288;0,0000;0,0000;0,3132;-0,5200;-0,6300;1;0,0000;0,0000;0;1;1;2;0;0
105,6250;288,8875;13,2000;-0,0909;0,2502;0,0000;0,0000;0,0288;0,0000;0,0000;0,3127;-0,5200;-0,6100;1;0,0000;0,0000;0;1;1;2;0;0
105,6389;288,6142;13,2000;-0,0874;0,2498;0,0000;0,0000;0,0288;0,0000;0,0000;0,3122;-0,5200;-0,6100;1;0,0000;0,0000;0;1;1;2;0;0
105,6528;288,5633;13,2000;-0,0890;0,2494;0,0000;0,0000;0,0288;0,0000;0,0000;0,3117;-0,5300;-0,6200;1;0,0000;0,0000;0;1;1;2;0;0
105,6667;288,5123;13,2000;-0,1060;0,2490;0,0000;0,0000;0,0288;0,0000;0,0000;0,3112;-0,5300;-0,6400;1;0,0000;0,0000;0;1;1;2;0;0
105,6806;288,4614;13,2000;-0,1326;0,2486;0,0000;0,0000;0,0288;0,0000;0,0000;0,3107;-0,5300;-0,6700;1;0,0000;0,0000;0;1;1;2;0;0
105,6945;288,4309;13,2000;-0,1660;0,2481;0,0000;0,0000;0,0288;0,0000;0,0000;0,3102;-0,5400;-0,7100;1;0,0000;0,0000;0;1;1;2;0;0
105,7084;288,4309;13,2000;-0,1990;0,2477;0,0000;0,0000;0,0288;0,0000;0,0000;0,3096;-0,5500;-0,7500;1;0,0000;0,0000;0;1;1;2;0;0
105,7223;288,4309;13,2000;-0,2186;0,2472;0,0000;0,0000;0,0288;0,0000;0,0000;0,3090;-0,5600;-0,7700;1;0,0000;0,0000;0;1;1;2;0;0
105,7361;288,4309;13,3000;-0,2368;0,2467;0,0000;0,0000;0,0288;0,0000;0,0000;0,3084;-0,5600;-0,8000;1;0,0000;0,0000;0;1;1;2;0;0
105,7500;288,4309;13,3000;-0,2528;0,2463;0,0000;0,0000;0,0288;0,0000;0,0000;0,3078;-0,5700;-0,8300;1;0,0000;0,0000;0;1;1;2;0;0
105,7639;288,1551;13,3000;-0,2560;0,2458;0,0000;0,0000;0,0288;0,0000;0,0000;0,3072;-0,5800;-0,8400;1;0,0000;0,0000;0;1;1;2;0;0
105,7778;288,1038;13,3000;-0,2789;0,2453;0,0000;0,0000;0,0288;0,0000;0,0000;0,3066;-0,5900;-0,8700;1;0,0000;0,0000;0;1;1;2;0;0
105,7917;288,0525;13,3000;-0,2914;0,2448;0,0000;0,0000;0,0288;0,0000;0,0000;0,3060;-0,6000;-0,8900;1;0,0000;0,0000;0;1;1;2;0;0
105,8056;288,0012;13,3000;-0,2999;0,2442;0,0000;0,0000;0,0288;0,0000;0,0000;0,3053;-0,6100;-0,9100;1;0,0000;0,0000;0;1;1;2;0;0
105,8195;287,9758;13,3000;-0,3020;0,2437;0,0000;0,0000;0,0288;0,0000;0,0000;0,3046;-0,6200;-0,9200;1;0,0000;0,0000;0;1;1;2;0;0
105,8334;287,9758;13,3000;-0,3039;0,2432;0,0000;0,0000;0,0288;0,0000;0,0000;0,3040;-0,6300;-0,9400;1;0,0000;0,0000;0;1;1;2;0;0
105,8473;287,9758;13,3000;-0,3054;0,2427;0,0000;0,0000;0,0288;0,0000;0,0000;0,3033;-0,6400;-0,9500;1;0,0000;0,0000;0;1;1;2;0;0
105,8611;287,9758;13,3000;-0,3085;0,2421;0,0000;0,0000;0,0288;0,0000;0,0000;0,3026;-0,6500;-0,9600;1;0,0000;0,0000;0;1;1;2;0;0
105,8750;287,7446;13,3000;-0,3114;0,2416;0,0000;0,0000;0,0288;0,0000;0,0000;0,3019;-0,6600;-0,9800;1;0,0000;0,0000;0;1;1;2;0;0
105,8889;287,6933;13,3000;-0,3117;0,2410;0,0000;0,0000;0,0288;0,0000;0,0000;0,3012;-0,6700;-0,9900;1;0,0000;0,0000;0;1;1;2;0;0
105,9028;287,6420;13,3000;-0,3096;0,2404;0,0000;0,0000;0,0288;0,0000;0,0000;0,3006;-0,6800;-0,9900;1;0,0000;0,0000;0;1;1;2;0;0
105,9167;287,5907;13,3000;-0,3091;0,2399;0,0000;0,0000;0,0288;0,0000;0,0000;0,2998;-0,6900;-1,0000;1;0,0000;0,0000;0;1;1;2;0;0
105,9306;287,5394;13,3000;-0,2889;0,2393;0,0000;0,0000;0,0288;0,0000;0,0000;0,2991;-0,7000;-0,9900;1;0,0000;0,0000;0;1;1;2;0;0
105,9445;287,5191;13,3000;-0,2742;0,2387;0,0000;0,0000;0,0288;0,0000;0,0000;0,2984;-0,7100;-0,9900;1;0,0000;0,0000;0;1;1;2;0;0
105,9584;287,5191;13,3000;-0,2619;0,2382;0,0000;0,0000;0,0288;0,0000;0,0000;0,2977;-0,7200;-0,9800;1;0,0000;0,0000;0;1;1;2;0;0
105,9723;287,5191;13,3000;-0,2415;0,2376;0,0000;0,0000;0,0288;0,0000;0,0000;0,2970;-0,7300;-0,9700;1;0,0000;0,0000;0;1;1;2;0;0
105,9861;287,5191;13,3000;-0,2115;0,2370;0,0000;0,0000;0,0288;0,0000;0,0000;0,2963;-0,7400;-0,9500;1;0,0000;0,0000;0;1;1;2;0;0
106,0000;287,2829;13,3000;-0,1426;0,2365;0,0000;0,0000;0,0288;0,0000;0,0000;0,2956;-0,7400;-0,8800;1;0,0000;0,0000;0;1;1;2;0;0
106,0139;287,2316;13,3000;-0,0890;0,2359;0,0000;0,0000;0,0288;0,0000;0,0000;0,2949;-0,7400;-0,8300;1;0,0000;0,0000;0;1;1;2;0;0
106,0278;287,1803;13,3000;-0,0423;0,2354;0,0000;0,0000;0,0288;0,0000;0,0000;0,2943;-0,7400;-0,7900;1;0,0000;0,0000;0;1;1;2;0;0
106,0417;287,1289;13,3000;0,0087;0,2349;0,0000;0,0000;0,0288;0,0000;0,0000;0,2936;-0,7400;-0,7300;1;0,0000;0,0000;0;1;1;2;0;0
106,0556;287,0776;13,3000;0,0588;0,2344;0,0000;0,0000;0,0288;0,0000;0,0000;0,2930;-0,7400;-0,6800;1;0,0000;0,0000;0;1;1;2;0;0
106,0695;287,0637;13,3000;0,0688;0,2339;0,0000;0,0000;0,0288;0,0000;0,0000;0,2924;-0,7400;-0,6700;1;0,0000;0,0000;0;1;1;2;0;0
106,0834;287,0637;13,3000;0,1559;0,2334;0,0000;0,0000;0,0288;0,0000;0,0000;0,2918;-0,7300;-0,5800;1;0,0000;0,0000;0;1;1;2;0;0
106,0973;287,0637;13,3000;0,1981;0,2330;0,0000;0,0000;0,0288;0,0000;0,0000;0,2912;-0,7200;-0,5300;1;0,0000;0,0000;0;1;1;2;0;0
106,1111;287,0637;13,3000;0,2208;0,2326;0,0000;0,0000;0,0288;0,0000;0,0000;0,2907;-0,7200;-0,4900;1;0,0000;0,0000;0;1;1;2;0;0
106,1250;286,8211;13,3000;0,2405;0,2321;0,0000;0,0000;0,0288;0,0000;0,0000;0,2902;-0,7100;-0,4700;1;0,0000;0,0000;0;1;1;2;0;0
106,1389;286,7698;13,3000;0,2526;0,2317;0,0000;0,0000;0,0288;0,0000;0,0000;0,2896;-0,7000;-0,4400;1;0,0000;0,0000;0;1;1;2;0;0
106,1528;286,7185;13,3000;0,2575;0,2313;0,0000;0,0000;0,0288;0,0000;0,0000;0,2891;-0,6900;-0,4300;1;0,0000;0,0000;0;1;1;2;0;0
106,1667;286,6672;13,3000;0,2446;0,2309;0,0000;0,0000;0,0288;0,0000;0,0000;0,2886;-0,6800;-0,4300;1;0,0000;0,0000;0;1;1;2;0;0
106,1806;286,6159;13,3000;0,2085;0,2305;0,0000;0,0000;0,0288;0,0000;0,0000;0,2881;-0,6700;-0,4600;1;0,0000;0,0000;0;1;1;2;0;0
106,1945;286,6077;13,3000;0,1623;0,2300;0,0000;0,0000;0,0288;0,0000;0,0000;0,2876;-0,6600;-0,5000;1;0,0000;0,0000;0;1;1;2;0;0
106,2084;286,6077;13,3000;0,1018;0,2296;0,0000;0,0000;0,0288;0,0000;0,0000;0,2870;-0,6600;-0,5600;1;0,0000;0,0000;0;1;1;2;0;0
106,2223;286,6077;13,3000;0,0895;0,2291;0,0000;0,0000;0,0288;0,0000;0,0000;0,2864;-0,6600;-0,5700;1;0,0000;0,0000;0;1;1;2;0;0
106,2361;286,6077;13,2000;-0,0016;0,2287;0,0000;0,0000;0,0288;0,0000;0,0000;0,2859;-0,6600;-0,6600;1;0,0000;0,0000;0;1;1;2;0;0
106,2500;286,3597;13,2000;-0,0427;0,2282;0,0000;0,0000;0,0288;0,0000;0,0000;0,2853;-0,6600;-0,7000;1;0,0000;0,0000;0;1;1;2;0;0
106,2639;286,3088;13,2000;-0,0715;0,2278;0,0000;0,0000;0,0288;0,0000;0,0000;0,2847;-0,6600;-0,7300;1;0,0000;0,0000;0;1;1;2;0;0
106,2778;286,2579;13,2000;-0,1004;0,2273;0,0000;0,0000;0,0288;0,0000;0,0000;0,2841;-0,6600;-0,7600;1;0,0000;0,0000;0;1;1;2;0;0
106,2917;286,2070;13,2000;-0,1304;0,2268;0,0000;0,0000;0,0288;0,0000;0,0000;0,2835;-0,6700;-0,8000;1;0,0000;0,0000;0;1;1;2;0;0
106,3056;286,1560;13,2000;-0,1508;0,2263;0,0000;0,0000;0,0288;0,0000;0,0000;0,2829;-0,6700;-0,8200;1;0,0000;0,0000;0;1;1;2;0;0
106,3195;286,1515;13,2000;-0,1598;0,2258;0,0000;0,0000;0,0288;0,0000;0,0000;0,2822;-0,6800;-0,8400;1;0,0000;0,0000;0;1;1;2;0;0
106,3334;286,1515;13,2000;-0,1633;0,2252;0,0000;0,0000;0,0288;0,0000;0,0000;0,2815;-0,6800;-0,8500;1;0,0000;0,0000;0;1;1;2;0;0
106,3473;286,1515;13,2000;-0,1705;0,2247;0,0000;0,0000;0,0288;0,0000;0,0000;0,2809;-0,6900;-0,8600;1;0,0000;0,0000;0;1;1;2;0;0
106,3611;286,1515;13,2000;-0,1901;0,2242;0,0000;0,0000;0,0288;0,0000;0,0000;0,2802;-0,6900;-0,8800;1;0,0000;0,0000;0;1;1;2;0;0
106,3750;285,9014;13,2000;-0,1940;0,2237;0,0000;0,0000;0,0288;0,0000;0,0000;0,2796;-0,7000;-0,8900;1;0,0000;0,0000;0;1;1;2;0;0
106,3889;285,8505;13,2000;-0,2816;0,2231;0,0000;0,0000;0,0288;0,0000;0,0000;0,2789;-0,7100;-0,9900;1;0,0000;0,0000;0;1;1;2;0;0
106,4028;285,7996;13,2000;-0,3441;0,2225;0,0000;0,0000;0,0288;0,0000;0,0000;0,2781;-0,7200;-1,0600;1;0,0000;0,0000;0;1;1;2;0;0
106,4167;285,7487;13,2000;-0,3995;0,2219;0,0000;0,0000;0,0288;0,0000;0,0000;0,2773;-0,7300;-1,1300;1;0,0000;0,0000;0;1;1;2;0;0
106,4306;285,6977;13,2000;-0,4511;0,2212;0,0000;0,0000;0,0288;0,0000;0,0000;0,2765;-0,7500;-1,2000;1;0,0000;0,0000;0;1;1;2;0;0
106,4445;285,6967;13,2000;-0,4947;0,2206;0,0000;0,0000;0,0288;0,0000;0,0000;0,2757;-0,7600;-1,2600;1;0,0000;0,0000;0;1;1;2;0;0
106,4584;285,6967;13,2000;-0,5395;0,2199;0,0000;0,0000;0,0288;0,0000;0,0000;0,2749;-0,7800;-1,3200;1;0,0000;0,0000;0;1;1;3;0;0
106,4723;285,6967;13,2000;-0,5968;0,2192;0,0000;0,0000;0,0288;0,0000;0,0000;0,2740;-0,8000;-1,4000;1;0,0000;0,0000;0;1;1;3;0;0
106,4861;285,6967;13,2000;-0,6430;0,2185;0,0000;0,0000;0,0288;0,0000;0,0000;0,2731;-0,8200;-1,4700;1;0,0000;0,0000;0;1;1;3;0;0
106,5000;285,4431;13,2000;-0,6911;0,2177;0,0000;0,0000;0,0288;0,0000;0,0000;0,2721;-0,8500;-1,5400;1;0,0000;0,0000;0;1;1;3;0;0
106,5139;285,3922;13,2000;-0,7299;0,2169;0,0000;0,0000;0,0288;0,0000;0,0000;0,2711;-0,8700;-1,6000;1;0,0000;0,0000;0;1;1;3;0;0
106,5278;285,3413;13,2000;-0,7377;0,2161;0,0000;0,0000;0,0288;0,0000;0,0000;0,2701;-0,9000;-1,6300;1;0,0000;0,0000;0;1;1;3;0;0
106,5417;285,2904;13,2000;-0,8041;0,2153;0,0000;0,0000;0,0288;0,0000;0,0000;0,2691;-0,9200;-1,7300;1;0,0000;0,0000;0;1;1;3;0;0
106,5556;285,2395;13,2000;-0,8583;0,2144;0,0000;0,0000;0,0288;0,0000;0,0000;0,2680;-0,9500;-1,8100;1;0,0000;0,0000;0;1;1;3;0;0
106,5695;285,2391;13,2000;-0,9037;0,2135;0,0000;0,0000;0,0288;0,0000;0,0000;0,2669;-0,9800;-1,8800;1;0,0000;0,0000;0;1;1;3;0;0
106,5834;285,2391;13,2000;-0,9483;0,2125;0,0000;0,0000;0,0288;0,0000;0,0000;0,2657;-1,0100;-1,9600;1;0,0000;0,0000;0;1;1;3;0;0
106,5973;285,2391;13,2000;-0,9812;0,2116;0,0000;0,0000;0,0288;0,0000;0,0000;0,2645;-1,0400;-2,0300;1;0,0000;0,0000;0;1;1;3;0;0
106,6111;285,2391;13,2000;-0,9878;0,2106;0,0000;0,0000;0,0288;0,0000;0,0000;0,2632;-1,0800;-2,0700;1;0,0000;0,0000;0;1;1;3;0;0
106,6250;284,9849;13,2000;-1,0023;0,2095;0,0000;0,0000;0,0288;0,0000;0,0000;0,2619;-1,1100;-2,1100;1;0,0000;0,0000;0;1;1;3;0;0
106,6389;284,9340;13,2000;-1,0093;0,2085;0,0000;0,0000;0,0288;0,0000;0,0000;0,2606;-1,1500;-2,1500;1;0,0000;0,0000;0;1;1;3;0;0
106,6528;284,8831;13,2000;-1,0140;0,2074;0,0000;0,0000;0,0288;0,0000;0,0000;0,2592;-1,1800;-2,1900;1;0,0000;0,0000;0;1;1;3;0;0
106,6667;284,8322;13,2000;-1,0155;0,2063;0,0000;0,0000;0,0288;0,0000;0,0000;0,2578;-1,2100;-2,2300;1;0,0000;0,0000;0;1;1;3;0;0
106,6806;284,7862;13,2000;-1,0160;0,2051;0,0000;0,0000;0,0288;0,0000;0,0000;0,2564;-1,2500;-2,2600;1;0,0000;0,0000;0;1;1;3;0;0
106,6945;284,7862;13,2000;-1,0072;0,2040;0,0000;0,0000;0,0288;0,0000;0,0000;0,2550;-1,2800;-2,2900;1;0,0000;0,0000;0;1;1;3;0;0
106,7084;284,7862;13,2000;-0,9894;0,2028;0,0000;0,0000;0,0288;0,0000;0,0000;0,2535;-1,3100;-2,3000;1;0,0000;0,0000;0;1;1;3;0;0
106,7223;284,7862;13,2000;-0,9613;0,2016;0,0000;0,0000;0,0288;0,0000;0,0000;0,2520;-1,3500;-2,3100;1;0,0000;0,0000;0;1;1;3;0;0
106,7361;284,7862;13,0000;-0,9357;0,2004;0,0000;0,0000;0,0288;0,0000;0,0000;0,2505;-1,3800;-2,3100;1;0,0000;0,0000;0;1;1;3;0;0
106,7500;284,5275;13,0000;-0,8928;0,1992;0,0000;0,0000;0,0288;0,0000;0,0000;0,2490;-1,4100;-2,3000;1;0,0000;0,0000;0;1;1;3;0;0
106,7639;284,4774;13,0000;-0,8601;0,1980;0,0000;0,0000;0,0288;0,0000;0,0000;0,2475;-1,4300;-2,2900;1;0,0000;0,0000;0;1;1;3;0;0
106,7778;284,4273;13,0000;-0,8074;0,1968;0,0000;0,0000;0,0288;0,0000;0,0000;0,2460;-1,4600;-2,2700;1;0,0000;0,0000;0;1;1;3;0;0
106,7917;284,3771;13,0000;-0,7634;0,1956;0,0000;0,0000;0,0288;0,0000;0,0000;0,2445;-1,4900;-2,2500;1;0,0000;0,0000;0;1;1;3;0;0
106,8056;284,3275;13,0000;-0,7145;0,1944;0,0000;0,0000;0,0288;0,0000;0,0000;0,2430;-1,5100;-2,2200;1;0,0000;0,0000;0;1;1;3;0;0
106,8195;284,3275;13,0000;-0,6604;0,1932;0,0000;0,0000;0,0288;0,0000;0,0000;0,2414;-1,5300;-2,1900;1;0,0000;0,0000;0;1;1;3;0;0
106,8334;284,3275;13,0000;-0,6495;0,1919;0,0000;0,0000;0,0288;0,0000;0,0000;0,2399;-1,5500;-2,2000;1;0,0000;0,0000;0;1;1;3;0;0
106,8473;284,3275;13,0000;-0,5789;0,1907;0,0000;0,0000;0,0288;0,0000;0,0000;0,2384;-1,5700;-2,1500;1;0,0000;0,0000;0;1;1;3;0;0
106,8611;284,3275;13,0000;-0,5181;0,1895;0,0000;0,0000;0,0288;0,0000;0,0000;0,2368;-1,5900;-2,1000;1;0,0000;0,0000;0;1;1;3;0;0
106,8750;284,0764;13,0000;-0,4583;0,1882;0,0000;0,0000;0,0288;0,0000;0,0000;0,2353;-1,6000;-2,0600;1;0,0000;0,0000;0;1;1;3;0;0
106,8889;284,0262;13,0000;-0,3985;0,1870;0,0000;0,0000;0,0288;0,0000;0,0000;0,2338;-1,6100;-2,0100;1;0,0000;0,0000;0;1;1;3;0;0
106,9028;283,9761;13,0000;-0,3312;0,1858;0,0000;0,0000;0,0288;0,0000;0,0000;0,2323;-1,6200;-1,9600;1;0,0000;0,0000;0;1;1;3;0;0
106,9167;283,9260;13,0000;-0,2851;0,1846;0,0000;0,0000;0,0288;0,0000;0,0000;0,2308;-1,6300;-1,9200;1;0,0000;0,0000;0;1;1;3;0;0
106,9306;283,8758;13,0000;-0,2341;0,1834;0,0000;0,0000;0,0288;0,0000;0,0000;0,2293;-1,6400;-1,8800;1;0,0000;0,0000;0;1;1;3;0;0
106,9445;283,8720;13,0000;-0,1896;0,1822;0,0000;0,0000;0,0288;0,0000;0,0000;0,2278;-1,6500;-1,8400;1;0,0000;0,0000;0;1;1;3;0;0
106,9584;283,8720;13,0000;-0,1301;0,1811;0,0000;0,0000;0,0288;0,0000;0,0000;0,2263;-1,6500;-1,7800;1;0,0000;0,0000;0;1;1;3;0;0
106,9723;283,8720;13,0000;-0,0697;0,1799;0,0000;0,0000;0,0288;0,0000;0,0000;0,2249;-1,6500;-1,7200;1;0,0000;0,0000;0;1;1;3;0;0
106,9861;283,8720;12,9000;-0,0576;0,1787;0,0000;0,0000;0,0288;0,0000;0,0000;0,2234;-1,6500;-1,7100;1;0,0000;0,0000;0;1;1;3;0;0
107,0000;283,6255;12,9000;0,0413;0,1776;0,0000;0,0000;0,0288;0,0000;0,0000;0,2220;-1,6500;-1,6100;1;0,0000;0,0000;0;1;1;3;0;0
107,0139;283,5758;12,9000;0,1184;0,1765;0,0000;0,0000;0,0288;0,0000;0,0000;0,2207;-1,6500;-1,5300;1;0,0000;0,0000;0;1;1;3;0;0
107,0278;283,5260;12,9000;0,1939;0,1754;0,0000;0,0000;0,0288;0,0000;0,0000;0,2193;-1,6400;-1,4500;1;0,0000;0,0000;0;1;1;3;0;0
107,0417;283,4763;12,9000;0,2519;0,1744;0,0000;0,0000;0,0288;0,0000;0,0000;0,2180;-1,6300;-1,3800;1;0,0000;0,0000;0;1;1;3;0;0
107,0556;283,4265;12,9000;0,3276;0,1733;0,0000;0,0000;0,0288;0,0000;0,0000;0,2167;-1,6200;-1,2900;1;0,0000;0,0000;0;1;1;3;0;0
107,0695;283,4182;12,9000;0,3813;0,1723;0,0000;0,0000;0,0288;0,0000;0,0000;0,2154;-1,6100;-1,2300;1;0,0000;0,0000;0;1;1;3;0;0
107,0834;283,4182;12,9000;0,4306;0,1714;0,0000;0,0000;0,0288;0,0000;0,0000;0,2142;-1,5900;-1,1600;1;0,0000;0,0000;0;1;1;3;0;0
107,0973;283,4182;12,9000;0,4881;0,1704;0,0000;0,0000;0,0288;0,0000;0,0000;0,2130;-1,5800;-1,0900;1;0,0000;0,0000;0;1;1;3;0;0
107,1111;283,4182;12,9000;0,5496;0,1695;0,0000;0,0000;0,0288;0,0000;0,0000;0,2119;-1,5600;-1,0100;1;0,0000;0,0000;0;1;1;3;0;0
107,1250;283,1778;12,9000;0,5820;0,1686;0,0000;0,0000;0,0288;0,0000;0,0000;0,2107;-1,5400;-0,9500;1;0,0000;0,0000;0;1;1;3;0;0
107,1389;283,1280;12,9000;0,5885;0,1677;0,0000;0,0000;0,0288;0,0000;0,0000;0,2096;-1,5200;-0,9300;1;0,0000;0,0000;0;1;1;3;0;0
107,1528;283,0782;12,9000;0,6575;0,1668;0,0000;0,0000;0,0288;0,0000;0,0000;0,2085;-1,4900;-0,8400;1;0,0000;0,0000;0;1;1;3;0;0
107,1667;283,0285;12,9000;0,6913;0,1660;0,0000;0,0000;0,0288;0,0000;0,0000;0,2075;-1,4700;-0,7800;1;0,0000;0,0000;0;1;1;3;0;0
107,1806;282,9787;12,9000;0,7182;0,1652;0,0000;0,0000;0,0288;0,0000;0,0000;0,2065;-1,4500;-0,7300;1;0,0000;0,0000;0;1;1;3;0;0
107,1945;282,9592;12,9000;0,7263;0,1644;0,0000;0,0000;0,0288;0,0000;0,0000;0,2055;-1,4200;-0,7000;1;0,0000;0,0000;0;1;1;3;0;0
107,2084;282,9592;12,9000;0,7335;0,1636;0,0000;0,0000;0,0288;0,0000;0,0000;0,2045;-1,4000;-0,6600;1;0,0000;0,0000;0;1;1;3;0;0
107,2223;282,9592;12,9000;0,7358;0,1629;0,0000;0,0000;0,0288;0,0000;0,0000;0,2036;-1,3700;-0,6400;1;0,0000;0,0000;0;1;1;3;0;0
107,2361;282,9592;12,9000;0,7390;0,1621;0,0000;0,0000;0,0288;0,0000;0,0000;0,2027;-1,3500;-0,6100;1;0,0000;0,0000;0;1;1;3;0;0
107,2500;282,7299;12,9000;0,7422;0,1614;0,0000;0,0000;0,0288;0,0000;0,0000;0,2018;-1,3200;-0,5800;1;0,0000;0,0000;0;1;1;3;0;0
107,2639;282,6802;12,9000;0,7443;0,1607;0,0000;0,0000;0,0288;0,0000;0,0000;0,2009;-1,3000;-0,5500;1;0,0000;0,0000;0;1;1;3;0;0
107,2778;282,6304;12,9000;0,7446;0,1600;0,0000;0,0000;0,0288;0,0000;0,0000;0,2000;-1,2700;-0,5300;1;0,0000;0,0000;0;1;1;3;0;0
107,2917;282,5807;12,9000;0,7446;0,1593;0,0000;0,0000;0,0288;0,0000;0,0000;0,1992;-1,2500;-0,5000;1;0,0000;0,0000;0;1;1;3;0;0
107,3056;282,5309;12,9000;0,7323;0,1586;0,0000;0,0000;0,0288;0,0000;0,0000;0,1983;-1,2200;-0,4900;1;0,0000;0,0000;0;1;1;3;0;0
107,3195;282,5042;12,9000;0,7247;0,1580;0,0000;0,0000;0,0288;0,0000;0,0000;0,1975;-1,2000;-0,4700;1;0,0000;0,0000;0;1;1;3;0;0
107,3334;282,5042;12,9000;0,7163;0,1573;0,0000;0,0000;0,0288;0,0000;0,0000;0,1967;-1,1700;-0,4500;1;0,0000;0,0000;0;1;1;3;0;0
107,3473;282,5042;12,9000;0,7112;0,1567;0,0000;0,0000;0,0288;0,0000;0,0000;0,1959;-1,1500;-0,4400;1;0,0000;0,0000;0;1;1;3;0;0
107,3611;282,5042;12,9000;0,7073;0,1561;0,0000;0,0000;0,0288;0,0000;0,0000;0,1951;-1,1200;-0,4200;1;0,0000;0,0000;0;1;1;3;0;0
107,3750;282,5042;12,9000;0,7048;0,1555;0,0000;0,0000;0,0288;0,0000;0,0000;0,1944;-1,1000;-0,3900;1;0,0000;0,0000;0;1;1;3;0;0
107,3889;282,2323;12,9000;0,7040;0,1549;0,0000;0,0000;0,0288;0,0000;0,0000;0,1936;-1,0800;-0,3700;1;0,0000;0,0000;0;1;1;3;0;0
107,4028;282,1826;12,9000;0,7032;0,1544;0,0000;0,0000;0,0288;0,0000;0,0000;0,1929;-1,0500;-0,3500;1;0,0000;0,0000;0;1;1;3;0;0
107,4167;282,1328;12,9000;0,7029;0,1538;0,0000;0,0000;0,0288;0,0000;0,0000;0,1923;-1,0300;-0,3300;1;0,0000;0,0000;0;1;1;3;0;0
107,4306;282,0830;12,9000;0,7012;0,1533;0,0000;0,0000;0,0288;0,0000;0,0000;0,1916;-1,0100;-0,3000;1;0,0000;0,0000;0;1;1;3;0;0
107,4445;282,0524;12,9000;0,7010;0,1528;0,0000;0,0000;0,0288;0,0000;0,0000;0,1910;-0,9800;-0,2800;1;0,0000;0,0000;0;1;1;3;0;0
107,4584;282,0524;12,9000;0,6987;0,1523;0,0000;0,0000;0,0288;0,0000;0,0000;0,1903;-0,9600;-0,2600;1;0,0000;0,0000;0;1;1;6;0;0
107,4723;282,0524;12,9000;0,6931;0,1518;0,0000;0,0000;0,0288;0,0000;0,0000;0,1897;-0,9300;-0,2400;1;0,0000;0,0000;0;1;1;6;0;0
107,4861;282,0524;12,7000;0,6778;0,1513;0,0000;0,0000;0,0288;0,0000;0,0000;0,1891;-0,9100;-0,2300;1;0,0000;0,0000;0;1;1;6;0;0
107,5000;282,0524;12,7000;0,6534;0,1509;0,0000;0,0000;0,0288;0,0000;0,0000;0,1886;-0,8900;-0,2400;1;0,0000;0,0000;0;1;1;6;0;0
107,5139;281,7860;12,7000;0,6136;0,1504;0,0000;0,0000;0,0288;0,0000;0,0000;0,1880;-0,8700;-0,2600;1;0,0000;0,0000;0;1;1;6;0;0
107,5278;281,7370;12,7000;0,5710;0,1500;0,0000;0,0000;0,0288;0,0000;0,0000;0,1875;-0,8500;-0,2800;1;0,0000;0,0000;0;1;1;6;0;0
107,5417;281,6880;12,7000;0,5209;0,1495;0,0000;0,0000;0,0288;0,0000;0,0000;0,1869;-0,8300;-0,3100;1;0,0000;0,0000;0;1;1;6;0;0
107,5556;281,6390;12,7000;0,4644;0,1491;0,0000;0,0000;0,0288;0,0000;0,0000;0,1863;-0,8200;-0,3500;1;0,0000;0,0000;0;1;1;6;0;0
107,5695;281,5925;12,7000;0,4089;0,1486;0,0000;0,0000;0,0288;0,0000;0,0000;0,1858;-0,8000;-0,3900;1;0,0000;0,0000;0;1;1;6;0;0
107,5834;281,5925;12,7000;0,3566;0,1482;0,0000;0,0000;0,0288;0,0000;0,0000;0,1852;-0,7900;-0,4300;1;0,0000;0,0000;0;1;1;6;0;0
107,5973;281,5925;12,7000;0,3461;0,1477;0,0000;0,0000;0,0288;0,0000;0,0000;0,1847;-0,7800;-0,4300;1;0,0000;0,0000;0;1;1;6;0;0
107,6111;281,5925;12,7000;0,2495;0,1473;0,0000;0,0000;0,0288;0,0000;0,0000;0,1841;-0,7700;-0,5200;1;0,0000;0,0000;0;1;1;6;0;0
107,6250;281,5925;12,7000;0,1702;0,1468;0,0000;0,0000;0,0288;0,0000;0,0000;0,1835;-0,7700;-0,6000;1;0,0000;0,0000;0;1;1;6;0;0
107,6389;281,3450;12,7000;0,1013;0,1463;0,0000;0,0000;0,0288;0,0000;0,0000;0,1829;-0,7600;-0,6600;1;0,0001;0,0000;0;1;1;6;0;0
107,6528;281,2960;12,7000;0,0426;0,1458;0,0000;0,0000;0,0288;0,0000;0,0000;0,1823;-0,7600;-0,7200;1;0,0001;0,0000;0;1;1;6;0;0
107,6667;281,2470;12,7000;0,0048;0,1453;0,0000;0,0000;0,0288;0,0000;0,0000;0,1816;-0,7600;-0,7500;1;0,0001;0,0000;0;1;1;6;0;0
107,6806;281,1981;12,7000;-0,0260;0,1448;0,0000;0,0000;0,0288;0,0000;0,0000;0,1810;-0,7600;-0,7900;1;0,0001;0,0000;0;1;1;6;0;0
107,6945;281,1490;12,7000;-0,0497;0,1442;0,0000;0,0000;0,0288;0,0000;0,0000;0,1803;-0,7600;-0,8100;1;0,0001;0,0000;0;1;1;6;0;0
107,7084;281,1349;12,7000;-0,0822;0,1437;0,0000;0,0000;0,0288;0,0000;0,0000;0,1796;-0,7600;-0,8500;1;0,0001;0,0000;0;1;1;6;0;0
107,7223;281,1349;12,7000;-0,1182;0,1431;0,0000;0,0000;0,0288;0,0000;0,0000;0,1789;-0,7700;-0,8900;1;0,0001;0,0000;0;1;1;6;0;0
107,7361;281,1349;12,7000;-0,1477;0,1425;0,0000;0,0000;0,0288;0,0000;0,0000;0,1782;-0,7700;-0,9200;1;0,0001;0,0000;0;1;1;6;0;0
107,7500;281,1349;12,7000;-0,1536;0,1420;0,0000;0,0000;0,0288;0,0000;0,0000;0,1775;-0,7800;-0,9300;1;0,0001;0,0000;0;1;1;6;0;0
107,7639;280,9041;12,7000;-0,1713;0,1414;0,0000;0,0000;0,0288;0,0000;0,0000;0,1767;-0,7800;-0,9500;1;0,0000;0,0000;0;1;1;6;0;0
107,7778;280,8551;12,7000;-0,1779;0,1408;0,0000;0,0000;0,0288;0,0000;0,0000;0,1760;-0,7900;-0,9700;1;0,0000;0,0000;0;1;1;6;0;0
107,7917;280,8061;12,7000;-0,1802;0,1402;0,0000;0,0000;0,0288;0,0000;0,0000;0,1753;-0,7900;-0,9700;1;0,0000;0,0000;0;1;1;6;0;0
107,8056;280,7571;12,7000;-0,1802;0,1396;0,0000;0,0000;0,0288;0,0000;0,0000;0,1745;-0,8000;-0,9800;1;0,0000;0,0000;0;1;1;6;0;0
107,8195;280,7082;12,7000;-0,1787;0,1390;0,0000;0,0000;0,0288;0,0000;0,0000;0,1738;-0,8100;-0,9800;1;0,0000;0,0000;0;1;1;6;0;0
107,8334;280,6786;12,7000;-0,1740;0,1384;0,0000;0,0000;0,0288;0,0000;0,0000;0,1730;-0,8100;-0,9800;1;0,0000;0,0000;0;1;1;6;0;0
107,8473;280,6786;12,7000;-0,1647;0,1378;0,0000;0,0000;0,0288;0,0000;0,0000;0,1723;-0,8200;-0,9800;1;0,0000;0,0000;0;1;1;6;0;0
107,8611;280,6786;12,7000;-0,1537;0,1372;0,0000;0,0000;0,0288;0,0000;0,0000;0,1715;-0,8200;-0,9800;1;0,0000;0,0000;0;1;1;6;0;0
107,8750;280,6786;12,7000;-0,1452;0,1366;0,0000;0,0000;0,0288;0,0000;0,0000;0,1707;-0,8300;-0,9700;1;0,0000;0,0000;0;1;1;6;0;0
107,8889;280,6786;12,7000;-0,1339;0,1360;0,0000;0,0000;0,0288;0,0000;0,0000;0,1700;-0,8300;-0,9700;1;0,0000;0,0000;0;1;1;6;0;0
107,9028;280,4142;12,7000;-0,1316;0,1354;0,0000;0,0000;0,0288;0,0000;0,0000;0,1692;-0,8400;-0,9700;1;0,0000;0,0000;0;1;1;6;0;0
107,9167;280,3652;12,7000;-0,1066;0,1348;0,0000;0,0000;0,0288;0,0000;0,0000;0,1684;-0,8400;-0,9500;1;0,0000;0,0000;0;1;1;6;0;0
107,9306;280,3162;12,7000;-0,0931;0,1342;0,0000;0,0000;0,0288;0,0000;0,0000;0,1677;-0,8400;-0,9400;1;0,0000;0,0000;0;1;1;6;0;0
107,9445;280,2672;12,7000;-0,0860;0,1336;0,0000;0,0000;0,0288;0,0000;0,0000;0,1669;-0,8500;-0,9300;1;0,0000;0,0000;0;1;1;6;0;0
107,9584;280,2224;12,7000;-0,0806;0,1330;0,0000;0,0000;0,0288;0,0000;0,0000;0,1662;-0,8500;-0,9300;1;0,0000;0,0000;0;1;1;6;0;0
107,9723;280,2224;12,7000;-0,0759;0,1324;0,0000;0,0000;0,0288;0,0000;0,0000;0,1655;-0,8500;-0,9300;1;0,0000;0,0000;0;1;1;6;0;0
107,9861;280,2224;12,5000;-0,0676;0,1318;0,0000;0,0000;0,0288;0,0000;0,0000;0,1647;-0,8500;-0,9200;1;0,0000;0,0000;0;1;1;6;0;0
108,0000;280,2224;12,5000;-0,0573;0,1312;0,0000;0,0000;0,0288;0,0000;0,0000;0,1640;-0,8500;-0,9100;1;0,0000;0,0000;0;1;1;6;0;0
108,0139;280,2224;12,5000;-0,0470;0,1306;0,0000;0,0000;0,0288;0,0000;0,0000;0,1633;-0,8500;-0,9000;1;0,0000;0,0000;0;1;1;6;0;0
108,0278;279,9756;12,5000;-0,0407;0,1301;0,0000;0,0000;0,0288;0,0000;0,0000;0,1626;-0,8600;-0,9000;1;0,0000;0,0000;0;1;1;6;0;0
