# Study: LKA_Haptics | Participant: 14 | Condition: HapticsAdaptiveCW | Init: 20260129_132352 | Roadwidth_halfmeters: 1.25 | LKA_deadzone: 0.4 | Min_Vib_Pecentage: 0.2 | Max_Vib_Percentage: 0.4
Timestamp;Trackposition;Speed_KmH;SteerAngle;CTE_Norm;Haptic_L_Norm;Haptic_R_Norm;LkaPIDError;LkaNormEffort;LkaNormCTE;CTE_Meters;B_HeadingError_Deg;W_HeadingError_Deg;IsOnStraight;TrackCurvature_1/Meters;TrackRadius_Meters;LKA_Engaged;LKA_Switch;MotorDir;SecTaskNum;SecTaskIsTarget;SecTaskPressed;MotorPWM;HapticLeftPWM;HapticRightPWM
131,3056;278,1021;5,20;2,6521;-0,0021;0,0000;0,0000;0,0000;0,0000;0,0000;-0,0027;-0,05;2,60;1;0,0001;0,00;0;1;1;7;0;0;410;2048;2048
131,3194;278,1221;5,20;2,6310;-0,0019;0,0000;0,0000;0,0000;0,0000;0,0000;-0,0023;0,00;2,62;1;0,0001;0,00;0;1;1;7;0;0;410;2048;2048
131,3333;278,1422;5,20;2,6131;-0,0016;0,0000;0,0000;0,0000;0,0000;0,0000;-0,0020;0,02;2,64;1;0,0001;0,00;0;1;1;7;0;0;410;2048;2048
131,3472;278,1623;5,20;2,6061;-0,0013;0,0000;0,0000;0,0000;0,0000;0,0000;-0,0016;0,06;2,67;1;0,0000;0,00;0;1;1;7;0;0;410;2048;2048
131,3611;278,4088;5,20;2,5885;-0,0010;0,0000;0,0000;0,0000;0,0000;0,0000;-0,0013;0,09;2,68;1;0,0000;0,00;0;1;1;7;0;0;410;2048;2048
131,3750;278,4088;7,00;2,5623;-0,0006;0,0000;0,0000;0,0000;0,0000;0,0000;-0,0008;0,14;2,70;1;0,0000;0,00;0;1;1;7;0;0;410;2048;2048
131,3889;278,4088;7,00;2,5495;-0,0002;0,0000;0,0000;0,0000;0,0000;0,0000;-0,0003;0,19;2,74;1;0,0000;0,00;0;1;1;7;0;0;410;2048;2048
131,4028;278,4088;7,00;2,5442;0,0002;0,0000;0,0000;0,0000;0,0000;0,0000;0,0003;0,23;2,78;1;0,0000;0,00;0;1;1;7;0;0;410;2048;2048
131,4167;278,4088;7,00;2,5474;0,0007;0,0000;0,0000;0,0000;0,0000;0,0000;0,0009;0,28;2,83;1;0,0000;0,00;0;1;1;7;0;0;410;2048;2048
131,4306;278,4088;7,00;2,5581;0,0012;0,0000;0,0000;0,0000;0,0000;0,0000;0,0015;0,33;2,89;1;0,0000;0,00;0;1;1;7;0;0;410;2048;2048
131,4444;278,4088;7,00;2,5729;0,0017;0,0000;0,0000;0,0000;0,0000;0,0000;0,0021;0,37;2,95;1;0,0000;0,00;0;1;1;7;0;0;410;2048;2048
131,4583;278,4088;7,00;2,5973;0,0022;0,0000;0,0000;0,0000;0,0000;0,0000;0,0027;0,42;3,02;1;0,0000;0,00;0;1;1;7;0;0;410;2048;2048
131,4722;278,4088;7,00;2,6208;0,0027;0,0000;0,0000;0,0000;0,0000;0,0000;0,0034;0,47;3,09;1;0,0000;0,00;0;1;1;7;0;0;410;2048;2048
131,4861;278,4184;7,00;2,6590;0,0033;0,0000;0,0000;0,0000;0,0000;0,0000;0,0041;0,52;3,18;1;0,0001;0,00;0;1;1;7;0;0;410;2048;2048
131,5000;278,4454;7,00;2,7149;0,0039;0,0000;0,0000;0,0000;0,0000;0,0000;0,0049;0,57;3,28;1;0,0001;0,00;0;1;1;7;0;0;410;2048;2048
131,5139;278,4724;7,00;2,7759;0,0045;0,0000;0,0000;0,0000;0,0000;0,0000;0,0056;0,62;3,39;1;0,0002;0,00;0;1;1;7;0;0;410;2048;2048
131,5278;278,4994;7,00;2,8238;0,0052;0,0000;0,0000;0,0000;0,0000;0,0000;0,0064;0,67;3,49;1;0,0003;0,00;0;1;1;7;0;0;410;2048;2048
131,5417;278,5264;7,00;2,8860;0,0058;0,0000;0,0000;0,0000;0,0000;0,0000;0,0073;0,72;3,61;1;0,0004;0,00;0;1;1;7;0;0;410;2048;2048
131,5556;278,5534;7,00;2,9368;0,0065;0,0000;0,0000;0,0000;0,0000;0,0000;0,0082;0,77;3,71;1;0,0005;0,00;0;1;1;7;0;0;410;2048;2048
131,5694;278,5804;7,00;2,9718;0,0073;0,0000;0,0000;0,0000;0,0000;0,0000;0,0091;0,83;3,80;1;0,0006;0,00;0;1;1;7;0;0;410;2048;2048
131,5833;278,6074;7,00;2,9933;0,0080;0,0000;0,0000;0,0000;0,0000;0,0000;0,0100;0,88;3,87;1;0,0006;0,00;0;1;1;7;0;0;410;2048;2048
131,5972;278,6344;7,00;3,0013;0,0088;0,0000;0,0000;0,0000;0,0000;0,0000;0,0110;0,94;3,94;1;0,0007;0,00;0;1;1;7;0;0;410;2048;2048
131,6111;278,8654;7,00;3,0039;0,0096;0,0000;0,0000;0,0000;0,0000;0,0000;0,0120;0,99;3,99;1;0,0014;0,00;0;1;1;7;0;0;410;2048;2048
131,6250;278,8654;7,00;3,0029;0,0104;0,0000;0,0000;0,0000;0,0000;0,0000;0,0130;1,04;4,05;1;0,0014;0,00;0;1;1;7;0;0;410;2048;2048
131,6389;278,8654;8,10;2,9914;0,0113;0,0000;0,0000;0,0000;0,0000;0,0000;0,0141;1,11;4,10;1;0,0014;0,00;0;1;1;7;0;0;410;2048;2048
131,6528;278,8654;8,10;2,9755;0,0123;0,0000;0,0000;0,0000;0,0000;0,0000;0,0153;1,17;4,15;1;0,0014;0,00;0;1;1;7;0;0;410;2048;2048
131,6667;278,8654;8,10;2,9634;0,0133;0,0000;0,0000;0,0000;0,0000;0,0000;0,0166;1,23;4,20;1;0,0014;0,00;0;1;1;7;0;0;410;2048;2048
131,6806;278,8654;8,10;2,9582;0,0143;0,0000;0,0000;0,0000;0,0000;0,0000;0,0179;1,30;4,25;1;0,0014;0,00;0;1;1;7;0;0;410;2048;2048
131,6944;278,8654;8,10;2,9596;0,0154;0,0000;0,0000;0,0000;0,0000;0,0000;0,0192;1,36;4,32;1;0,0014;0,00;0;1;1;7;0;0;410;2048;2048
131,7083;278,8715;8,10;2,9757;0,0165;0,0000;0,0000;0,0000;0,0000;0,0000;0,0206;1,42;4,40;1;0,0014;0,00;0;1;1;7;0;0;410;2048;2048
131,7222;278,9027;8,10;3,0018;0,0176;0,0000;0,0000;0,0000;0,0000;0,0000;0,0220;1,48;4,48;1;0,0013;0,00;0;1;1;7;0;0;410;2048;2048
131,7361;278,9339;8,10;3,0269;0,0188;0,0000;0,0000;0,0000;0,0000;0,0000;0,0234;1,55;4,57;1;0,0012;0,00;0;1;1;7;0;0;410;2048;2048
131,7500;278,9651;8,10;3,0558;0,0200;0,0000;0,0000;0,0000;0,0000;0,0000;0,0249;1,61;4,67;1;0,0011;0,00;0;1;1;7;0;0;410;2048;2048
131,7639;278,9964;8,10;3,0613;0,0212;0,0000;0,0000;0,0000;0,0000;0,0000;0,0265;1,67;4,74;1;0,0011;0,00;0;1;1;7;0;0;410;2048;2048
131,7778;279,0276;8,10;3,0684;0,0224;0,0000;0,0000;0,0000;0,0000;0,0000;0,0280;1,74;4,81;1;0,0010;0,00;0;1;1;7;0;0;410;2048;2048
131,7917;279,0588;8,10;3,0549;0,0237;0,0000;0,0000;0,0000;0,0000;0,0000;0,0296;1,80;4,86;1;0,0009;0,00;0;1;1;7;0;0;410;2048;2048
131,8056;279,3112;8,10;3,0310;0,0250;0,0000;0,0000;0,0000;0,0000;0,0000;0,0312;1,87;4,90;1;0,0002;0,00;0;1;1;7;0;0;410;2048;2048
131,8194;279,3112;8,10;3,0008;0,0263;0,0000;0,0000;0,0000;0,0000;0,0000;0,0329;1,93;4,93;1;0,0002;0,00;0;1;1;7;0;0;410;2048;2048
131,8333;279,3112;8,10;2,9596;0,0277;0,0000;0,0000;0,0000;0,0000;0,0000;0,0346;1,99;4,95;1;0,0002;0,00;0;1;1;7;0;0;410;2048;2048
131,8472;279,3112;8,10;2,9292;0,0290;0,0000;0,0000;0,0000;0,0000;0,0000;0,0363;2,05;4,98;1;0,0002;0,00;0;1;1;7;0;0;410;2048;2048
131,8611;279,3112;8,10;2,8981;0,0304;0,0000;0,0000;0,0000;0,0000;0,0000;0,0380;2,11;5,01;1;0,0002;0,00;0;1;1;7;0;0;410;2048;2048
131,8750;279,3112;8,10;2,8658;0,0318;0,0000;0,0000;0,0000;0,0000;0,0000;0,0398;2,17;5,04;1;0,0002;0,00;0;1;1;7;0;0;410;2048;2048
131,8889;279,3112;8,10;2,8282;0,0332;0,0000;0,0000;0,0000;0,0000;0,0000;0,0415;2,23;5,06;1;0,0002;0,00;0;1;1;7;0;0;410;2048;2048
131,9028;279,3112;8,10;2,7699;0,0347;0,0000;0,0000;0,0000;0,0000;0,0000;0,0433;2,29;5,06;1;0,0002;0,00;0;1;1;7;0;0;410;2048;2048
131,9167;279,3397;8,10;2,7333;0,0361;0,0000;0,0000;0,0000;0,0000;0,0000;0,0452;2,35;5,08;1;0,0002;0,00;0;1;1;7;0;0;410;2048;2048
131,9306;279,3708;8,10;2,6856;0,0376;0,0000;0,0000;0,0000;0,0000;0,0000;0,0470;2,41;5,09;1;0,0002;0,00;0;1;1;7;0;0;410;2048;2048
131,9444;279,4021;8,10;2,6532;0,0391;0,0000;0,0000;0,0000;0,0000;0,0000;0,0489;2,46;5,12;1;0,0001;0,00;0;1;1;7;0;0;410;2048;2048
131,9583;279,4333;8,10;2,6134;0,0406;0,0000;0,0000;0,0000;0,0000;0,0000;0,0508;2,52;5,13;1;0,0001;0,00;0;1;1;7;0;0;410;2048;2048
131,9722;279,4644;8,10;2,5727;0,0422;0,0000;0,0000;0,0000;0,0000;0,0000;0,0527;2,57;5,14;1;0,0001;0,00;0;1;1;7;0;0;410;2048;2048
131,9861;279,4956;8,10;2,5429;0,0437;0,0000;0,0000;0,0000;0,0000;0,0000;0,0546;2,62;5,17;1;0,0001;0,00;0;1;1;7;0;0;410;2048;2048
132,0000;279,5268;8,10;2,5197;0,0453;0,0000;0,0000;0,0000;0,0000;0,0000;0,0566;2,68;5,20;1;0,0001;0,00;0;1;1;7;0;0;410;2048;2048
132,0139;279,7672;8,10;2,4914;0,0469;0,0000;0,0000;0,0000;0,0000;0,0000;0,0586;2,73;5,22;1;0,0000;0,00;0;1;1;7;0;0;410;2048;2048
132,0278;279,7672;8,10;2,4643;0,0485;0,0000;0,0000;0,0000;0,0000;0,0000;0,0606;2,78;5,25;1;0,0000;0,00;0;1;1;7;0;0;410;2048;2048
132,0417;279,7672;8,10;2,4308;0,0501;0,0000;0,0000;0,0000;0,0000;0,0000;0,0626;2,83;5,26;1;0,0000;0,00;0;1;1;7;0;0;410;2048;2048
132,0556;279,7672;8,10;2,3962;0,0517;0,0000;0,0000;0,0000;0,0000;0,0000;0,0647;2,88;5,28;1;0,0000;0,00;0;1;1;7;0;0;410;2048;2048
132,0694;279,7672;8,10;2,3585;0,0534;0,0000;0,0000;0,0000;0,0000;0,0000;0,0667;2,93;5,29;1;0,0000;0,00;0;1;1;7;0;0;410;2048;2048
132,0833;279,7672;8,10;2,3081;0,0551;0,0000;0,0000;0,0000;0,0000;0,0000;0,0688;2,98;5,29;1;0,0000;0,00;0;1;1;7;0;0;410;2048;2048
132,0972;279,7672;8,10;2,2227;0,0567;0,0000;0,0000;0,0000;0,0000;0,0000;0,0709;3,03;5,25;1;0,0000;0,00;0;1;1;7;0;0;410;2048;2048
132,1111;279,7763;8,10;2,1726;0,0584;0,0000;0,0000;0,0000;0,0000;0,0000;0,0730;3,07;5,25;1;0,0000;0,00;0;1;1;7;0;0;410;2048;2048
132,1250;279,8075;8,10;2,0295;0,0601;0,0000;0,0000;0,0000;0,0000;0,0000;0,0751;3,12;5,15;1;0,0000;0,00;0;1;1;7;0;0;410;2048;2048
132,1389;279,8387;8,50;1,8291;0,0618;0,0000;0,0000;0,0000;0,0000;0,0000;0,0772;3,16;4,98;1;0,0000;0,00;0;1;1;7;0;0;410;2048;2048
132,1528;279,8714;8,50;1,6302;0,0635;0,0000;0,0000;0,0000;0,0000;0,0000;0,0794;3,19;4,82;1;0,0000;0,00;0;1;1;7;0;0;410;2048;2048
132,1667;279,9041;8,50;1,3729;0,0652;0,0000;0,0000;0,0000;0,0000;0,0000;0,0815;3,22;4,59;1;0,0000;0,00;0;1;1;7;0;0;410;2048;2048
132,1806;279,9369;8,50;1,1609;0,0669;0,0000;0,0000;0,0000;0,0000;0,0000;0,0837;3,25;4,41;1;0,0000;0,00;0;1;1;7;0;0;410;2048;2048
132,1944;279,9696;8,50;0,9867;0,0686;0,0000;0,0000;0,0000;0,0000;0,0000;0,0858;3,27;4,26;1;0,0000;0,00;0;1;1;7;0;0;410;2048;2048
132,2083;280,2224;8,50;0,8715;0,0703;0,0000;0,0000;0,0000;0,0000;0,0000;0,0879;3,29;4,16;1;0,0000;0,00;0;1;1;7;0;0;410;2048;2048
132,2222;280,2224;8,50;0,7043;0,0719;0,0000;0,0000;0,0000;0,0000;0,0000;0,0899;3,31;4,01;1;0,0000;0,00;0;1;1;7;0;0;410;2048;2048
132,2361;280,2224;8,50;0,5945;0,0736;0,0000;0,0000;0,0000;0,0000;0,0000;0,0920;3,32;3,91;1;0,0000;0,00;0;1;1;7;0;0;410;2048;2048
132,2500;280,2224;8,50;0,4346;0,0752;0,0000;0,0000;0,0000;0,0000;0,0000;0,0940;3,33;3,76;1;0,0000;0,00;0;1;1;7;0;0;410;2048;2048
132,2639;280,2224;8,50;0,2897;0,0768;0,0000;0,0000;0,0000;0,0000;0,0000;0,0960;3,34;3,63;1;0,0000;0,00;0;1;1;7;0;0;410;2048;2048
132,2778;280,2224;8,50;0,1718;0,0783;0,0000;0,0000;0,0000;0,0000;0,0000;0,0979;3,34;3,51;1;0,0000;0,00;0;1;1;7;0;0;410;2048;2048
132,2917;280,2224;8,50;0,0415;0,0799;0,0000;0,0000;0,0000;0,0000;0,0000;0,0999;3,34;3,38;1;0,0000;0,00;0;1;1;7;0;0;410;2048;2048
132,3056;280,2314;8,50;-0,0502;0,0814;0,0000;0,0000;0,0000;0,0000;0,0000;0,1018;3,34;3,29;1;0,0000;0,00;0;1;1;1;0;0;410;2048;2048
132,3194;280,2642;8,50;-0,1418;0,0829;0,0000;0,0000;0,0000;0,0000;0,0000;0,1036;3,34;3,20;1;0,0000;0,00;0;1;1;1;0;0;410;2048;2048
132,3333;280,2969;8,50;-0,2396;0,0844;0,0000;0,0000;0,0000;0,0000;0,0000;0,1055;3,33;3,09;1;0,0000;0,00;0;1;1;1;0;0;410;2048;2048
132,3472;280,3297;8,50;-0,2873;0,0859;0,0000;0,0000;0,0000;0,0000;0,0000;0,1074;3,33;3,04;1;0,0000;0,00;0;1;1;1;0;0;410;2048;2048
132,3611;280,3624;8,50;-0,3501;0,0874;0,0000;0,0000;0,0000;0,0000;0,0000;0,1092;3,32;2,97;1;0,0000;0,00;0;1;1;1;0;0;410;2048;2048
132,3750;280,3951;8,50;-0,4161;0,0888;0,0000;0,0000;0,0000;0,0000;0,0000;0,1110;3,31;2,89;1;0,0000;0,00;0;1;1;1;0;0;410;2048;2048
132,3889;280,4279;8,50;-0,4684;0,0903;0,0000;0,0000;0,0000;0,0000;0,0000;0,1128;3,30;2,83;1;0,0000;0,00;0;1;1;1;0;0;410;2048;2048
132,4028;280,6786;8,50;-0,5208;0,0917;0,0000;0,0000;0,0000;0,0000;0,0000;0,1146;3,29;2,77;1;0,0000;0,00;0;1;1;1;0;0;410;2048;2048
132,4167;280,6786;8,50;-0,5508;0,0931;0,0000;0,0000;0,0000;0,0000;0,0000;0,1164;3,28;2,73;1;0,0000;0,00;0;1;1;1;0;0;410;2048;2048
132,4306;280,6786;8,50;-0,5803;0,0945;0,0000;0,0000;0,0000;0,0000;0,0000;0,1182;3,27;2,69;1;0,0000;0,00;0;1;1;1;0;0;410;2048;2048
132,4444;280,6786;8,50;-0,5955;0,0960;0,0000;0,0000;0,0000;0,0000;0,0000;0,1199;3,25;2,66;1;0,0000;0,00;0;1;1;1;0;0;410;2048;2048
132,4583;280,6786;8,50;-0,6106;0,0974;0,0000;0,0000;0,0000;0,0000;0,0000;0,1217;3,24;2,63;1;0,0000;0,00;0;1;1;1;0;0;410;2048;2048
132,4722;280,6786;8,50;-0,6286;0,0987;0,0000;0,0000;0,0000;0,0000;0,0000;0,1234;3,23;2,60;1;0,0000;0,00;0;1;1;1;0;0;410;2048;2048
132,4861;280,6786;8,50;-0,6349;0,1001;0,0000;0,0000;0,0000;0,0000;0,0000;0,1252;3,22;2,58;1;0,0000;0,00;0;1;1;1;0;0;410;2048;2048
132,5000;280,6898;8,50;-0,6269;0,1015;0,0000;0,0000;0,0000;0,0000;0,0000;0,1269;3,20;2,58;1;0,0000;0,00;0;1;1;1;0;0;410;2048;2048
132,5139;280,7226;8,50;-0,5997;0,1029;0,0000;0,0000;0,0000;0,0000;0,0000;0,1286;3,19;2,59;1;0,0000;0,00;0;1;1;1;0;0;410;2048;2048
132,5278;280,7553;8,50;-0,5613;0,1042;0,0000;0,0000;0,0000;0,0000;0,0000;0,1303;3,18;2,62;1;0,0000;0,00;0;1;1;1;0;0;410;2048;2048
132,5417;280,7881;8,50;-0,5320;0,1056;0,0000;0,0000;0,0000;0,0000;0,0000;0,1320;3,17;2,64;1;0,0000;0,00;0;1;1;1;0;0;410;2048;2048
132,5556;280,8209;8,50;-0,5146;0,1070;0,0000;0,0000;0,0000;0,0000;0,0000;0,1337;3,16;2,64;1;0,0000;0,00;0;1;1;1;0;0;410;2048;2048
132,5694;280,8536;8,50;-0,5052;0,1084;0,0000;0,0000;0,0000;0,0000;0,0000;0,1355;3,15;2,64;1;0,0000;0,00;0;1;1;1;0;0;410;2048;2048
132,5833;280,8864;8,50;-0,5120;0,1097;0,0000;0,0000;0,0000;0,0000;0,0000;0,1372;3,14;2,62;1;0,0000;0,00;0;1;1;1;0;0;410;2048;2048
132,5972;281,1349;8,50;-0,5613;0,1111;0,0000;0,0000;0,0000;0,0000;0,0000;0,1389;3,12;2,56;1;0,0001;0,00;0;1;1;1;0;0;410;2048;2048
132,6111;281,1349;8,50;-0,5957;0,1124;0,0000;0,0000;0,0000;0,0000;0,0000;0,1405;3,11;2,52;1;0,0001;0,00;0;1;1;1;0;0;410;2048;2048
132,6250;281,1349;8,50;-0,6265;0,1138;0,0000;0,0000;0,0000;0,0000;0,0000;0,1422;3,10;2,47;1;0,0001;0,00;0;1;1;1;0;0;410;2048;2048
132,6389;281,1349;9,10;-0,6823;0,1151;0,0000;0,0000;0,0000;0,0000;0,0000;0,1438;3,08;2,40;1;0,0001;0,00;0;1;1;1;0;0;410;2048;2048
132,6528;281,1349;9,10;-0,8578;0,1164;0,0000;0,0000;0,0000;0,0000;0,0000;0,1455;3,06;2,21;1;0,0001;0,00;0;1;1;1;0;0;410;2048;2048
132,6667;281,1349;9,10;-0,8646;0,1178;0,0000;0,0000;0,0000;0,0000;0,0000;0,1472;3,04;2,18;1;0,0001;0,00;0;1;1;1;0;0;410;2048;2048
132,6806;281,1349;9,10;-0,8463;0,1191;0,0000;0,0000;0,0000;0,0000;0,0000;0,1489;3,02;2,18;1;0,0001;0,00;0;1;1;1;0;0;410;2048;2048
132,6944;281,1576;9,10;-0,8350;0,1204;0,0000;0,0000;0,0000;0,0000;0,0000;0,1506;3,01;2,17;1;0,0001;0,00;0;1;1;1;0;0;410;2048;2048
132,7083;281,1927;9,10;-0,8445;0,1218;0,0000;0,0000;0,0000;0,0000;0,0000;0,1522;2,98;2,14;1;0,0001;0,00;0;1;1;1;0;0;410;2048;2048
132,7222;281,2278;9,10;-0,8460;0,1231;0,0000;0,0000;0,0000;0,0000;0,0000;0,1538;2,96;2,12;1;0,0001;0,00;0;1;1;1;0;0;410;2048;2048
132,7361;281,2628;9,10;-0,8313;0,1244;0,0000;0,0000;0,0000;0,0000;0,0000;0,1554;2,94;2,11;1;0,0001;0,00;0;1;1;1;0;0;410;2048;2048
132,7500;281,2979;9,10;-0,8146;0,1257;0,0000;0,0000;0,0000;0,0000;0,0000;0,1571;2,93;2,11;1;0,0001;0,00;0;1;1;1;0;0;410;2048;2048
132,7639;281,3330;9,10;-0,7963;0,1269;0,0000;0,0000;0,0000;0,0000;0,0000;0,1587;2,91;2,11;1;0,0001;0,00;0;1;1;1;0;0;410;2048;2048
132,7778;281,5925;9,10;-0,7825;0,1282;0,0000;0,0000;0,0000;0,0000;0,0000;0,1603;2,89;2,10;1;0,0000;0,00;0;1;1;1;0;0;410;2048;2048
132,7917;281,5925;9,10;-0,7566;0,1295;0,0000;0,0000;0,0000;0,0000;0,0000;0,1619;2,87;2,11;1;0,0000;0,00;0;1;1;1;0;0;410;2048;2048
132,8056;281,5925;9,10;-0,7030;0,1308;0,0000;0,0000;0,0000;0,0000;0,0000;0,1635;2,85;2,15;1;0,0000;0,00;0;1;1;1;0;0;410;2048;2048
132,8194;281,5925;9,10;-0,6889;0,1320;0,0000;0,0000;0,0000;0,0000;0,0000;0,1650;2,84;2,15;1;0,0000;0,00;0;1;1;1;0;0;410;2048;2048
132,8333;281,5925;9,10;-0,6637;0,1333;0,0000;0,0000;0,0000;0,0000;0,0000;0,1666;2,82;2,16;1;0,0000;0,00;0;1;1;1;0;0;410;2048;2048
132,8472;281,5925;9,10;-0,6749;0,1346;0,0000;0,0000;0,0000;0,0000;0,0000;0,1682;2,81;2,13;1;0,0000;0,00;0;1;1;1;0;0;410;2048;2048
132,8611;281,5925;9,10;-0,7010;0,1358;0,0000;0,0000;0,0000;0,0000;0,0000;0,1698;2,79;2,09;1;0,0000;0,00;0;1;1;1;0;0;410;2048;2048
132,8750;281,6136;9,10;-0,7114;0,1370;0,0000;0,0000;0,0000;0,0000;0,0000;0,1713;2,77;2,06;1;0,0000;0,00;0;1;1;1;0;0;410;2048;2048
132,8889;281,6486;9,10;-0,7051;0,1383;0,0000;0,0000;0,0000;0,0000;0,0000;0,1728;2,76;2,05;1;0,0000;0,00;0;1;1;1;0;0;410;2048;2048
132,9028;281,6837;9,10;-0,6959;0,1395;0,0000;0,0000;0,0000;0,0000;0,0000;0,1744;2,74;2,04;1;0,0000;0,00;0;1;1;1;0;0;410;2048;2048
132,9167;281,7188;9,10;-0,6932;0,1407;0,0000;0,0000;0,0000;0,0000;0,0000;0,1759;2,72;2,03;1;0,0000;0,00;0;1;1;1;0;0;410;2048;2048
132,9306;281,7539;9,10;-0,7148;0,1419;0,0000;0,0000;0,0000;0,0000;0,0000;0,1774;2,71;1,99;1;0,0000;0,00;0;1;1;1;0;0;410;2048;2048
132,9444;281,7889;9,10;-0,7734;0,1430;0,0000;0,0000;0,0000;0,0000;0,0000;0,1788;2,69;1,92;1;0,0000;0,00;0;1;1;1;0;0;410;2048;2048
132,9583;282,0524;9,10;-0,8399;0,1442;0,0000;0,0000;0,0000;0,0000;0,0000;0,1803;2,67;1,83;1;0,0000;0,00;0;1;1;1;0;0;410;2048;2048
132,9722;282,0524;9,10;-0,8874;0,1453;0,0000;0,0000;0,0000;0,0000;0,0000;0,1817;2,65;1,76;1;0,0000;0,00;0;1;1;1;0;0;410;2048;2048
132,9861;282,0524;9,10;-0,9240;0,1465;0,0000;0,0000;0,0000;0,0000;0,0000;0,1831;2,63;1,70;1;0,0000;0,00;0;1;1;1;0;0;410;2048;2048
133,0000;282,0524;9,10;-0,9530;0,1476;0,0000;0,0000;0,0000;0,0000;0,0000;0,1845;2,61;1,65;1;0,0000;0,00;0;1;1;1;0;0;410;2048;2048
133,0139;282,0524;9,10;-1,0080;0,1486;0,0000;0,0000;0,0000;0,0000;0,0000;0,1858;2,58;1,57;1;0,0000;0,00;0;1;1;1;0;0;410;2048;2048
133,0278;282,0524;9,10;-1,0565;0,1497;0,0000;0,0000;0,0000;0,0000;0,0000;0,1871;2,56;1,50;1;0,0000;0,00;0;1;1;1;0;0;410;2048;2048
133,0417;282,0524;9,10;-1,1022;0,1507;0,0000;0,0000;0,0000;0,0000;0,0000;0,1884;2,53;1,43;1;0,0000;0,00;0;1;1;1;0;0;410;2048;2048
133,0556;282,0696;9,10;-1,1237;0,1517;0,0000;0,0000;0,0000;0,0000;0,0000;0,1897;2,51;1,38;1;0,0000;0,00;0;1;1;1;0;0;410;2048;2048
133,0694;282,1047;9,10;-1,1287;0,1528;0,0000;0,0000;0,0000;0,0000;0,0000;0,1909;2,48;1,35;1;0,0000;0,00;0;1;1;1;0;0;410;2048;2048
133,0833;282,1398;9,10;-1,1213;0,1537;0,0000;0,0000;0,0000;0,0000;0,0000;0,1922;2,46;1,33;1;0,0000;0,00;0;1;1;1;0;0;410;2048;2048
133,0972;282,1749;9,10;-1,0737;0,1547;0,0000;0,0000;0,0000;0,0000;0,0000;0,1934;2,43;1,36;1;0,0000;0,00;0;1;1;1;0;0;410;2048;2048
133,1111;282,2100;9,10;-0,9767;0,1557;0,0000;0,0000;0,0000;0,0000;0,0000;0,1947;2,41;1,43;1;0,0000;0,00;0;1;1;1;0;0;410;2048;2048
133,1250;282,2451;9,10;-0,8684;0,1567;0,0000;0,0000;0,0000;0,0000;0,0000;0,1959;2,39;1,52;1;0,0000;0,00;0;1;1;1;0;0;410;2048;2048
133,1389;282,5042;9,10;-0,7914;0,1577;0,0000;0,0000;0,0000;0,0000;0,0000;0,1972;2,37;1,58;1;0,0000;0,00;0;1;1;1;0;0;410;2048;2048
133,1528;282,5042;9,10;-0,7040;0,1588;0,0000;0,0000;0,0000;0,0000;0,0000;0,1984;2,36;1,65;1;0,0000;0,00;0;1;1;1;0;0;410;2048;2048
133,1667;282,5042;9,10;-0,6355;0,1598;0,0000;0,0000;0,0000;0,0000;0,0000;0,1997;2,34;1,71;1;0,0000;0,00;0;1;1;1;0;0;410;2048;2048
133,1806;282,5042;9,10;-0,5786;0,1608;0,0000;0,0000;0,0000;0,0000;0,0000;0,2010;2,33;1,75;1;0,0000;0,00;0;1;1;1;0;0;410;2048;2048
133,1944;282,5042;9,10;-0,5281;0,1618;0,0000;0,0000;0,0000;0,0000;0,0000;0,2023;2,32;1,79;1;0,0000;0,00;0;1;1;1;0;0;410;2048;2048
133,2083;282,5042;9,10;-0,5052;0,1629;0,0000;0,0000;0,0000;0,0000;0,0000;0,2036;2,31;1,80;1;0,0000;0,00;0;1;1;1;0;0;410;2048;2048
133,2222;282,5042;9,10;-0,4741;0,1639;0,0000;0,0000;0,0000;0,0000;0,0000;0,2049;2,29;1,82;1;0,0000;0,00;0;1;1;1;0;0;410;2048;2048
133,2361;282,5257;9,10;-0,4454;0,1649;0,0000;0,0000;0,0000;0,0000;0,0000;0,2061;2,28;1,84;1;0,0000;0,00;0;1;1;1;0;0;410;2048;2048
133,2500;282,5608;9,10;-0,4216;0,1659;0,0000;0,0000;0,0000;0,0000;0,0000;0,2074;2,28;1,85;1;0,0000;0,00;0;1;1;1;0;0;410;2048;2048
133,2639;282,5959;9,10;-0,4104;0,1670;0,0000;0,0000;0,0000;0,0000;0,0000;0,2087;2,27;1,86;1;0,0000;0,00;0;1;1;1;0;0;410;2048;2048
133,2778;282,6310;9,10;-0,4018;0,1680;0,0000;0,0000;0,0000;0,0000;0,0000;0,2100;2,26;1,86;1;0,0000;0,00;0;1;1;1;0;0;410;2048;2048
133,2917;282,6660;9,10;-0,3990;0,1690;0,0000;0,0000;0,0000;0,0000;0,0000;0,2113;2,25;1,85;1;0,0000;0,00;0;1;1;1;0;0;410;2048;2048
133,3056;282,7011;9,10;-0,4002;0,1700;0,0000;0,0000;0,0000;0,0000;0,0000;0,2125;2,24;1,84;1;0,0000;0,00;0;1;1;5;0;0;410;2048;2048
133,3194;282,9592;9,10;-0,4049;0,1711;0,0000;0,0000;0,0000;0,0000;0,0000;0,2138;2,23;1,83;1;0,0000;0,00;0;1;1;5;0;0;410;2048;2048
133,3333;282,9592;9,10;-0,4110;0,1721;0,0000;0,0000;0,0000;0,0000;0,0000;0,2151;2,22;1,81;1;0,0000;0,00;0;1;1;5;0;0;410;2048;2048
133,3472;282,9592;9,10;-0,4135;0,1731;0,0000;0,0000;0,0000;0,0000;0,0000;0,2163;2,21;1,80;1;0,0000;0,00;0;1;1;5;0;0;410;2048;2048
133,3611;282,9592;9,10;-0,4036;0,1741;0,0000;0,0000;0,0000;0,0000;0,0000;0,2176;2,20;1,80;1;0,0000;0,00;0;1;1;5;0;0;410;2048;2048
133,3750;282,9592;10,10;-0,3850;0,1750;0,0000;0,0000;0,0000;0,0000;0,0000;0,2188;2,19;1,81;1;0,0000;0,00;0;1;1;5;0;0;410;2048;2048
133,3889;282,9592;10,10;-0,3650;0,1762;0,0000;0,0000;0,0000;0,0000;0,0000;0,2202;2,19;1,82;1;0,0000;0,00;0;1;1;5;0;0;410;2048;2048
133,4028;282,9592;10,10;-0,3549;0,1773;0,0000;0,0000;0,0000;0,0000;0,0000;0,2216;2,18;1,82;1;0,0000;0,00;0;1;1;5;0;0;410;2048;2048
133,4167;282,9934;10,10;-0,3690;0,1784;0,0000;0,0000;0,0000;0,0000;0,0000;0,2229;2,17;1,80;1;0,0000;0,00;0;1;1;5;0;0;410;2048;2048
133,4306;283,0323;10,10;-0,4342;0,1794;0,0000;0,0000;0,0000;0,0000;0,0000;0,2243;2,16;1,72;1;0,0000;0,00;0;1;1;5;0;0;410;2048;2048
133,4444;283,0713;10,10;-0,5796;0,1805;0,0000;0,0000;0,0000;0,0000;0,0000;0,2256;2,14;1,56;1;0,0000;0,00;0;1;1;5;0;0;410;2048;2048
133,4583;283,1102;10,10;-0,7927;0,1815;0,0000;0,0000;0,0000;0,0000;0,0000;0,2268;2,12;1,33;1;0,0000;0,00;0;1;1;5;0;0;410;2048;2048
133,4722;283,1492;10,10;-0,9845;0,1824;0,0000;0,0000;0,0000;0,0000;0,0000;0,2280;2,09;1,11;1;0,0000;0,00;0;1;1;5;0;0;410;2048;2048
133,4861;283,1881;10,10;-1,2700;0,1832;0,0000;0,0000;0,0000;0,0000;0,0000;0,2290;2,06;0,79;1;0,0000;0,00;0;1;1;5;0;0;410;2048;2048
133,5000;283,4182;10,10;-1,5198;0,1840;0,0000;0,0000;0,0000;0,0000;0,0000;0,2300;2,02;0,50;1;0,0000;0,00;0;1;1;5;0;0;410;2048;2048
133,5139;283,4182;10,10;-1,7015;0,1848;0,0000;0,0000;0,0000;0,0000;0,0000;0,2310;1,98;0,27;1;0,0000;0,00;0;1;1;5;0;0;410;2048;2048
133,5278;283,4182;10,10;-1,8492;0,1854;0,0000;0,0000;0,0000;0,0000;0,0000;0,2318;1,93;0,08;1;0,0000;0,00;0;1;1;5;0;0;410;2048;2048
133,5417;283,4182;10,10;-1,7368;0,1861;0,0000;0,0000;0,0000;0,0000;0,0000;0,2326;1,88;0,14;1;0,0000;0,00;0;1;1;5;0;0;410;2048;2048
133,5556;283,4182;10,10;-1,6626;0,1868;0,0000;0,0000;0,0000;0,0000;0,0000;0,2334;1,84;0,17;1;0,0000;0,00;0;1;1;5;0;0;410;2048;2048
133,5694;283,4219;10,10;-1,6026;0,1874;0,0000;0,0000;0,0000;0,0000;0,0000;0,2342;1,80;0,19;1;0,0000;0,00;0;1;1;5;0;0;410;2048;2048
133,5833;283,4608;10,10;-1,5876;0,1880;0,0000;0,0000;0,0000;0,0000;0,0000;0,2350;1,75;0,17;1;0,0000;0,00;0;1;1;5;0;0;410;2048;2048
133,5972;283,4998;10,10;-1,6805;0,1886;0,0000;0,0000;0,0000;0,0000;0,0000;0,2358;1,71;0,03;1;0,0000;0,00;0;1;1;5;0;0;410;2048;2048
133,6111;283,5388;10,10;-1,6551;0,1892;0,0000;0,0000;0,0000;0,0000;0,0000;0,2365;1,67;0,00;1;0,0000;0,00;0;1;1;5;0;0;410;2048;2048
133,6250;283,5777;10,10;-1,6339;0,1898;0,0000;0,0000;0,0000;0,0000;0,0000;0,2372;1,62;0,00;1;0,0000;0,00;0;1;1;5;0;0;410;2048;2048
133,6389;283,6167;10,10;-1,6081;0,1903;0,0000;0,0000;0,0000;0,0000;0,0000;0,2378;1,58;-0,03;1;0,0000;0,00;0;1;1;5;0;0;410;2048;2048
133,6528;283,8720;10,10;-1,6040;0,1908;0,0000;0,0000;0,0000;0,0000;0,0000;0,2385;1,54;-0,06;1;0,0000;0,00;0;1;1;5;0;0;410;2048;2048
133,6667;283,8720;10,10;-1,5947;0,1913;0,0000;0,0000;0,0000;0,0000;0,0000;0,2391;1,50;-0,10;1;0,0000;0,00;0;1;1;5;0;0;410;2048;2048
133,6806;283,8720;10,10;-1,5949;0,1917;0,0000;0,0000;0,0000;0,0000;0,0000;0,2397;1,46;-0,14;1;0,0000;0,00;0;1;1;5;0;0;410;2048;2048
133,6944;283,8720;10,10;-1,6092;0,1922;0,0000;0,0000;0,0000;0,0000;0,0000;0,2402;1,41;-0,20;1;0,0000;0,00;0;1;1;5;0;0;410;2048;2048
133,7083;283,8720;10,10;-1,6355;0,1926;0,0000;0,0000;0,0000;0,0000;0,0000;0,2407;1,37;-0,27;1;0,0000;0,00;0;1;1;5;0;0;410;2048;2048
133,7222;283,8720;10,10;-1,7120;0,1929;0,0000;0,0000;0,0000;0,0000;0,0000;0,2411;1,32;-0,39;1;0,0000;0,00;0;1;1;5;0;0;410;2048;2048
133,7361;283,8894;10,10;-1,9457;0,1932;0,0000;0,0000;0,0000;0,0000;0,0000;0,2415;1,27;-0,67;1;0,0000;0,00;0;1;1;5;0;0;410;2048;2048
133,7500;283,9284;10,10;-2,1547;0,1934;0,0000;0,0000;0,0000;0,0000;0,0000;0,2418;1,22;-0,94;1;0,0000;0,00;0;1;1;5;0;0;410;2048;2048
133,7639;283,9674;10,10;-2,3818;0,1936;0,0000;0,0000;0,0000;0,0000;0,0000;0,2419;1,15;-1,23;1;0,0000;0,00;0;1;1;5;0;0;410;2048;2048
133,7778;284,0063;10,10;-2,6893;0,1936;0,0000;0,0000;0,0000;0,0000;0,0000;0,2420;1,08;-1,61;1;0,0000;0,00;0;1;1;5;0;0;410;2048;2048
133,7917;284,0453;10,10;-3,0208;0,1935;0,0000;0,0000;0,0000;0,0000;0,0000;0,2419;1,00;-2,02;1;0,0000;0,00;0;1;1;5;0;0;410;2048;2048
133,8056;284,0843;10,10;-3,3689;0,1934;0,0000;0,0000;0,0000;0,0000;0,0000;0,2417;0,92;-2,45;1;0,0000;0,00;0;1;1;5;0;0;410;2048;2048
133,8194;284,3275;10,10;-3,6786;0,1931;0,0000;0,0000;0,0000;0,0000;0,0000;0,2414;0,82;-2,86;1;0,0000;0,00;0;1;1;5;0;0;410;2048;2048
133,8333;284,3275;10,10;-3,9603;0,1927;0,0000;0,0000;0,0000;0,0000;0,0000;0,2409;0,72;-3,24;1;0,0000;0,00;0;1;1;5;0;0;410;2048;2048
133,8472;284,3275;10,10;-4,2067;0,1922;0,0000;0,0000;0,0000;0,0000;0,0000;0,2403;0,61;-3,60;1;0,0000;0,00;0;1;1;5;0;0;410;2048;2048
133,8611;284,3275;10,10;-4,4431;0,1916;0,0000;0,0000;0,0000;0,0000;0,0000;0,2395;0,49;-3,95;1;0,0000;0,00;0;1;1;5;0;0;410;2048;2048
133,8750;284,3275;9,90;-4,6428;0,1909;0,0000;0,0000;0,0000;0,0000;0,0000;0,2387;0,38;-4,27;1;0,0000;0,00;0;1;1;5;0;0;410;2048;2048
133,8889;284,3275;9,90;-4,7624;0,1901;0,0000;0,0000;0,0000;0,0000;0,0000;0,2377;0,26;-4,51;1;0,0000;0,00;0;1;1;5;0;0;410;2048;2048
133,9028;284,3556;9,90;-4,8151;0,1893;0,0000;0,0000;0,0000;0,0000;0,0000;0,2366;0,13;-4,68;1;0,0000;0,00;0;1;1;5;0;0;410;2048;2048
133,9167;284,3938;9,90;-4,7711;0,1884;0,0000;0,0000;0,0000;0,0000;0,0000;0,2355;0,00;-4,76;1;0,0000;0,00;0;1;1;5;0;0;410;2048;2048
133,9306;284,4320;9,90;-4,6884;0,1874;0,0000;0,0000;0,0000;0,0000;0,0000;0,2342;-0,11;-4,80;1;0,0000;0,00;0;1;1;5;0;0;410;2048;2048
133,9444;284,4702;9,90;-4,6455;0,1864;0,0000;0,0000;0,0000;0,0000;0,0000;0,2330;-0,22;-4,87;1;0,0000;0,00;0;1;1;5;0;0;410;2048;2048
133,9583;284,5084;9,90;-4,6257;0,1853;0,0000;0,0000;0,0000;0,0000;0,0000;0,2316;-0,34;-4,97;1;0,0000;0,00;0;1;1;5;0;0;410;2048;2048
133,9722;284,5465;9,90;-4,5778;0,1842;0,0000;0,0000;0,0000;0,0000;0,0000;0,2302;-0,46;-5,04;1;0,0000;0,00;0;1;1;5;0;0;410;2048;2048
133,9861;284,7862;9,90;-4,4387;0,1830;0,0000;0,0000;0,0000;0,0000;0,0000;0,2288;-0,57;-5,01;1;0,0000;0,00;0;1;1;5;0;0;410;2048;2048
134,0000;284,7862;9,90;-4,2623;0,1818;0,0000;0,0000;0,0000;0,0000;0,0000;0,2273;-0,68;-4,94;1;0,0000;0,00;0;1;1;5;0;0;410;2048;2048
134,0139;284,7862;9,90;-4,0418;0,1806;0,0000;0,0000;0,0000;0,0000;0,0000;0,2258;-0,78;-4,82;1;0,0000;0,00;0;1;1;5;0;0;410;2048;2048
134,0278;284,7862;9,90;-3,7449;0,1795;0,0000;0,0000;0,0000;0,0000;0,0000;0,2243;-0,88;-4,62;1;0,0000;0,00;0;1;1;5;0;0;410;2048;2048
134,0417;284,7862;9,90;-3,4403;0,1783;0,0000;0,0000;0,0000;0,0000;0,0000;0,2229;-0,96;-4,40;1;0,0000;0,00;0;1;1;5;0;0;410;2048;2048
134,0556;284,7862;9,90;-3,1695;0,1771;0,0000;0,0000;0,0000;0,0000;0,0000;0,2214;-1,04;-4,21;1;0,0000;0,00;0;1;1;5;0;0;410;2048;2048
134,0694;284,8138;9,90;-2,9134;0,1760;0,0000;0,0000;0,0000;0,0000;0,0000;0,2200;-1,12;-4,03;1;0,0000;0,00;0;1;1;5;0;0;410;2048;2048
134,0833;284,8520;9,90;-2,6995;0,1748;0,0000;0,0000;0,0000;0,0000;0,0000;0,2185;-1,19;-3,89;1;0,0000;0,00;0;1;1;5;0;0;410;2048;2048
134,0972;284,8901;9,90;-2,4961;0,1737;0,0000;0,0000;0,0000;0,0000;0,0000;0,2171;-1,25;-3,75;1;0,0000;0,00;0;1;1;5;0;0;410;2048;2048
134,1111;284,9283;9,90;-2,3121;0,1725;0,0000;0,0000;0,0000;0,0000;0,0000;0,2157;-1,31;-3,62;1;0,0000;0,00;0;1;1;5;0;0;410;2048;2048
134,1250;284,9665;10,40;-2,1556;0,1714;0,0000;0,0000;0,0000;0,0000;0,0000;0,2142;-1,37;-3,52;1;0,0000;0,00;0;1;1;5;0;0;410;2048;2048
134,1389;285,0066;10,40;-2,0248;0,1702;0,0000;0,0000;0,0000;0,0000;0,0000;0,2128;-1,42;-3,44;1;0,0000;0,00;0;1;1;5;0;0;410;2048;2048
134,1528;285,2391;10,40;-1,9966;0,1690;0,0000;0,0000;0,0000;0,0000;0,0000;0,2112;-1,47;-3,47;1;0,0000;0,00;0;1;1;5;0;0;410;2048;2048
134,1667;285,2391;10,40;-2,0109;0,1677;0,0000;0,0000;0,0000;0,0000;0,0000;0,2097;-1,53;-3,54;1;0,0000;0,00;0;1;1;5;0;0;410;2048;2048
134,1806;285,2391;10,40;-2,0620;0,1664;0,0000;0,0000;0,0000;0,0000;0,0000;0,2081;-1,58;-3,64;1;0,0000;0,00;0;1;1;5;0;0;410;2048;2048
134,1944;285,2391;10,40;-2,0893;0,1651;0,0000;0,0000;0,0000;0,0000;0,0000;0,2064;-1,63;-3,72;1;0,0000;0,00;0;1;1;5;0;0;410;2048;2048
134,2083;285,2391;10,40;-2,1001;0,1638;0,0000;0,0000;0,0000;0,0000;0,0000;0,2047;-1,69;-3,79;1;0,0000;0,00;0;1;1;5;0;0;410;2048;2048
134,2222;285,2471;10,40;-2,1112;0,1624;0,0000;0,0000;0,0000;0,0000;0,0000;0,2030;-1,75;-3,86;1;0,0000;0,00;0;1;1;5;0;0;410;2048;2048
134,2361;285,2872;10,40;-2,1261;0,1609;0,0000;0,0000;0,0000;0,0000;0,0000;0,2012;-1,80;-3,93;1;0,0000;0,00;0;1;1;5;0;0;410;2048;2048
134,2500;285,3273;10,40;-2,1397;0,1595;0,0000;0,0000;0,0000;0,0000;0,0000;0,1993;-1,86;-4,00;1;0,0000;0,00;0;1;1;5;0;0;410;2048;2048
134,2639;285,3674;10,40;-2,1448;0,1580;0,0000;0,0000;0,0000;0,0000;0,0000;0,1975;-1,92;-4,06;1;0,0000;0,00;0;1;1;5;0;0;410;2048;2048
134,2778;285,4075;10,40;-2,1429;0,1565;0,0000;0,0000;0,0000;0,0000;0,0000;0,1956;-1,97;-4,12;1;0,0000;0,00;0;1;1;5;0;0;410;2048;2048
134,2917;285,4475;10,40;-2,1310;0,1549;0,0000;0,0000;0,0000;0,0000;0,0000;0,1936;-2,03;-4,16;1;0,0000;0,00;0;1;1;5;0;0;410;2048;2048
134,3056;285,6967;10,40;-2,1154;0,1533;0,0000;0,0000;0,0000;0,0000;0,0000;0,1917;-2,09;-4,20;1;0,0000;0,00;0;1;1;3;0;0;410;2048;2048
134,3194;285,6967;10,40;-2,0852;0,1517;0,0000;0,0000;0,0000;0,0000;0,0000;0,1896;-2,14;-4,23;1;0,0000;0,00;0;1;1;3;0;0;410;2048;2048
134,3333;285,6967;10,40;-2,0372;0,1501;0,0000;0,0000;0,0000;0,0000;0,0000;0,1876;-2,19;-4,23;1;0,0000;0,00;0;1;1;3;0;0;410;2048;2048
134,3472;285,6967;10,40;-1,9698;0,1484;0,0000;0,0000;0,0000;0,0000;0,0000;0,1856;-2,25;-4,22;1;0,0000;0,00;0;1;1;3;0;0;410;2048;2048
134,3611;285,6967;10,40;-1,8829;0,1468;0,0000;0,0000;0,0000;0,0000;0,0000;0,1835;-2,30;-4,18;1;0,0000;0,00;0;1;1;3;0;0;410;2048;2048
134,3750;285,6967;10,40;-1,7819;0,1451;0,0000;0,0000;0,0000;0,0000;0,0000;0,1814;-2,34;-4,13;1;0,0000;0,00;0;1;1;3;0;0;410;2048;2048
134,3889;285,7281;10,40;-1,6579;0,1435;0,0000;0,0000;0,0000;0,0000;0,0000;0,1793;-2,39;-4,04;1;0,0000;0,00;0;1;1;3;0;0;410;2048;2048
134,4028;285,7682;10,40;-1,5197;0,1418;0,0000;0,0000;0,0000;0,0000;0,0000;0,1773;-2,43;-3,95;1;0,0000;0,00;0;1;1;3;0;0;410;2048;2048
134,4167;285,8082;10,40;-1,4161;0,1401;0,0000;0,0000;0,0000;0,0000;0,0000;0,1752;-2,46;-3,88;1;0,0000;0,00;0;1;1;3;0;0;410;2048;2048
134,4306;285,8483;10,40;-1,3593;0,1384;0,0000;0,0000;0,0000;0,0000;0,0000;0,1731;-2,50;-3,86;1;0,0000;0,00;0;1;1;3;0;0;410;2048;2048
134,4444;285,8884;10,40;-1,2901;0,1368;0,0000;0,0000;0,0000;0,0000;0,0000;0,1710;-2,54;-3,83;1;0,0000;0,00;0;1;1;3;0;0;410;2048;2048
134,4583;286,1515;10,40;-1,2108;0,1351;0,0000;0,0000;0,0000;0,0000;0,0000;0,1688;-2,57;-3,78;1;0,0000;0,00;0;1;1;3;0;0;410;2048;2048
134,4722;286,1515;10,40;-1,1251;0,1334;0,0000;0,0000;0,0000;0,0000;0,0000;0,1667;-2,60;-3,72;1;0,0000;0,00;0;1;1;3;0;0;410;2048;2048
134,4861;286,1515;10,40;-0,9816;0,1317;0,0000;0,0000;0,0000;0,0000;0,0000;0,1646;-2,62;-3,60;1;0,0000;0,00;0;1;1;3;0;0;410;2048;2048
134,5000;286,1515;10,40;-0,8285;0,1300;0,0000;0,0000;0,0000;0,0000;0,0000;0,1625;-2,64;-3,47;1;0,0000;0,00;0;1;1;3;0;0;410;2048;2048
134,5139;286,1515;10,40;-0,6487;0,1284;0,0000;0,0000;0,0000;0,0000;0,0000;0,1605;-2,66;-3,31;1;0,0000;0,00;0;1;1;3;0;0;410;2048;2048
134,5278;286,1515;10,40;-0,4313;0,1268;0,0000;0,0000;0,0000;0,0000;0,0000;0,1585;-2,67;-3,10;1;0,0000;0,00;0;1;1;3;0;0;410;2048;2048
134,5417;286,1689;10,40;-0,2229;0,1253;0,0000;0,0000;0,0000;0,0000;0,0000;0,1566;-2,68;-2,90;1;0,0000;0,00;0;1;1;3;0;0;410;2048;2048
134,5556;286,2089;10,40;-0,0760;0,1237;0,0000;0,0000;0,0000;0,0000;0,0000;0,1547;-2,68;-2,76;1;0,0000;0,00;0;1;1;3;0;0;410;2048;2048
134,5694;286,2490;10,40;0,1179;0,1223;0,0000;0,0000;0,0000;0,0000;0,0000;0,1528;-2,68;-2,56;1;0,0000;0,00;0;1;1;3;0;0;410;2048;2048
134,5833;286,2891;10,40;0,2835;0,1208;0,0000;0,0000;0,0000;0,0000;0,0000;0,1510;-2,67;-2,38;1;0,0000;0,00;0;1;1;3;0;0;410;2048;2048
134,5972;286,3292;10,40;0,4172;0,1194;0,0000;0,0000;0,0000;0,0000;0,0000;0,1493;-2,66;-2,24;1;0,0000;0,00;0;1;1;3;0;0;410;2048;2048
134,6111;286,3693;10,40;0,5673;0,1180;0,0000;0,0000;0,0000;0,0000;0,0000;0,1475;-2,64;-2,07;1;0,0000;0,00;0;1;1;3;0;0;410;2048;2048
134,6250;286,6077;10,40;0,7041;0,1167;0,0000;0,0000;0,0000;0,0000;0,0000;0,1459;-2,62;-1,92;1;0,0000;0,00;0;1;1;3;0;0;410;2048;2048
134,6389;286,6077;10,40;0,7775;0,1154;0,0000;0,0000;0,0000;0,0000;0,0000;0,1443;-2,60;-1,82;1;0,0000;0,00;0;1;1;3;0;0;410;2048;2048
134,6528;286,6077;10,40;0,8176;0,1141;0,0000;0,0000;0,0000;0,0000;0,0000;0,1426;-2,58;-1,76;1;0,0000;0,00;0;1;1;3;0;0;410;2048;2048
134,6667;286,6077;10,50;0,8706;0,1129;0,0000;0,0000;0,0000;0,0000;0,0000;0,1411;-2,55;-1,68;1;0,0000;0,00;0;1;1;3;0;0;410;2048;2048
134,6806;286,6077;10,50;0,8629;0,1116;0,0000;0,0000;0,0000;0,0000;0,0000;0,1395;-2,53;-1,67;1;0,0000;0,00;0;1;1;3;0;0;410;2048;2048
134,6944;286,6106;10,50;0,8367;0,1104;0,0000;0,0000;0,0000;0,0000;0,0000;0,1379;-2,51;-1,67;1;0,0000;0,00;0;1;1;3;0;0;410;2048;2048
134,7083;286,6511;10,50;0,8169;0,1091;0,0000;0,0000;0,0000;0,0000;0,0000;0,1364;-2,48;-1,67;1;0,0000;0,00;0;1;1;3;0;0;410;2048;2048
134,7222;286,6916;10,50;0,7877;0,1079;0,0000;0,0000;0,0000;0,0000;0,0000;0,1348;-2,46;-1,68;1;0,0000;0,00;0;1;1;3;0;0;410;2048;2048
134,7361;286,7320;10,50;0,7256;0,1066;0,0000;0,0000;0,0000;0,0000;0,0000;0,1333;-2,44;-1,72;1;0,0000;0,00;0;1;1;3;0;0;410;2048;2048
134,7500;286,7725;10,50;0,6512;0,1054;0,0000;0,0000;0,0000;0,0000;0,0000;0,1317;-2,42;-1,77;1;0,0000;0,00;0;1;1;3;0;0;410;2048;2048
134,7639;286,8130;10,50;0,6036;0,1041;0,0000;0,0000;0,0000;0,0000;0,0000;0,1302;-2,41;-1,80;1;0,0000;0,00;0;1;1;3;0;0;410;2048;2048
134,7778;287,0637;10,50;0,5609;0,1029;0,0000;0,0000;0,0000;0,0000;0,0000;0,1286;-2,39;-1,83;1;0,0000;0,00;0;1;1;3;0;0;410;2048;2048
134,7917;287,0637;10,50;0,5066;0,1017;0,0000;0,0000;0,0000;0,0000;0,0000;0,1271;-2,38;-1,87;1;0,0000;0,00;0;1;1;3;0;0;410;2048;2048
134,8056;287,0637;10,50;0,4459;0,1004;0,0000;0,0000;0,0000;0,0000;0,0000;0,1255;-2,37;-1,92;1;0,0000;0,00;0;1;1;3;0;0;410;2048;2048
134,8194;287,0637;10,50;0,3639;0,0991;0,0000;0,0000;0,0000;0,0000;0,0000;0,1239;-2,36;-1,99;1;0,0000;0,00;0;1;1;3;0;0;410;2048;2048
134,8333;287,0637;10,50;0,2989;0,0979;0,0000;0,0000;0,0000;0,0000;0,0000;0,1223;-2,35;-2,05;1;0,0000;0,00;0;1;1;3;0;0;410;2048;2048
134,8472;287,0637;10,50;0,2393;0,0966;0,0000;0,0000;0,0000;0,0000;0,0000;0,1207;-2,34;-2,10;1;0,0000;0,00;0;1;1;3;0;0;410;2048;2048
134,8611;287,0963;10,50;0,1972;0,0953;0,0000;0,0000;0,0000;0,0000;0,0000;0,1191;-2,33;-2,14;1;0,0000;0,00;0;1;1;3;0;0;410;2048;2048
134,8750;287,1368;10,50;0,1707;0,0940;0,0000;0,0000;0,0000;0,0000;0,0000;0,1175;-2,33;-2,16;1;0,0000;0,00;0;1;1;3;0;0;410;2048;2048
134,8889;287,1773;10,50;0,1642;0,0927;0,0000;0,0000;0,0000;0,0000;0,0000;0,1159;-2,33;-2,16;1;0,0000;0,00;0;1;1;3;0;0;410;2048;2048
134,9028;287,2178;10,50;0,1584;0,0915;0,0000;0,0000;0,0000;0,0000;0,0000;0,1143;-2,32;-2,16;1;0,0000;0,00;0;1;1;3;0;0;410;2048;2048
134,9167;287,2582;10,50;0,1612;0,0902;0,0000;0,0000;0,0000;0,0000;0,0000;0,1127;-2,32;-2,15;1;0,0000;0,00;0;1;1;3;0;0;410;2048;2048
134,9306;287,5191;10,50;0,1840;0,0889;0,0000;0,0000;0,0000;0,0000;0,0000;0,1111;-2,31;-2,13;1;0,0000;0,00;0;1;1;3;0;0;410;2048;2048
134,9444;287,5191;10,50;0,2138;0,0876;0,0000;0,0000;0,0000;0,0000;0,0000;0,1095;-2,30;-2,09;1;0,0000;0,00;0;1;1;3;0;0;410;2048;2048
134,9583;287,5191;10,50;0,2728;0,0864;0,0000;0,0000;0,0000;0,0000;0,0000;0,1080;-2,30;-2,02;1;0,0000;0,00;0;1;1;3;0;0;410;2048;2048
134,9722;287,5191;10,50;0,3495;0,0851;0,0000;0,0000;0,0000;0,0000;0,0000;0,1064;-2,29;-1,94;1;0,0000;0,00;0;1;1;3;0;0;410;2048;2048
134,9861;287,5191;10,50;0,4240;0,0839;0,0000;0,0000;0,0000;0,0000;0,0000;0,1049;-2,27;-1,85;1;0,0000;0,00;0;1;1;3;0;0;410;2048;2048
135,0000;287,5191;10,50;0,5051;0,0828;0,0000;0,0000;0,0000;0,0000;0,0000;0,1034;-2,26;-1,75;1;0,0000;0,00;0;1;1;3;0;0;410;2048;2048
135,0139;287,5416;10,50;0,5744;0,0816;0,0000;0,0000;0,0000;0,0000;0,0000;0,1020;-2,24;-1,67;1;0,0000;0,00;0;1;1;3;0;0;410;2048;2048
135,0278;287,5821;10,50;0,6796;0,0805;0,0000;0,0000;0,0000;0,0000;0,0000;0,1006;-2,22;-1,54;1;0,0000;0,00;0;1;1;3;0;0;410;2048;2048
135,0417;287,6226;10,50;0,8092;0,0794;0,0000;0,0000;0,0000;0,0000;0,0000;0,0992;-2,20;-1,39;1;0,0000;0,00;0;1;1;3;0;0;410;2048;2048
135,0556;287,6631;10,50;0,9893;0,0784;0,0000;0,0000;0,0000;0,0000;0,0000;0,0980;-2,17;-1,19;1;0,0000;0,00;0;1;1;3;0;0;410;2048;2048
135,0694;287,7036;10,50;1,1260;0,0774;0,0000;0,0000;0,0000;0,0000;0,0000;0,0968;-2,14;-1,02;1;0,0000;0,00;0;1;1;3;0;0;410;2048;2048
135,0833;287,7440;10,50;1,2734;0,0765;0,0000;0,0000;0,0000;0,0000;0,0000;0,0956;-2,11;-0,84;1;0,0000;0,00;0;1;1;3;0;0;410;2048;2048
135,0972;287,9758;10,50;1,4409;0,0756;0,0000;0,0000;0,0000;0,0000;0,0000;0,0945;-2,07;-0,63;1;0,0000;0,00;0;1;1;3;0;0;410;2048;2048
135,1111;287,9758;10,50;1,5643;0,0748;0,0000;0,0000;0,0000;0,0000;0,0000;0,0935;-2,03;-0,46;1;0,0000;0,00;0;1;1;3;0;0;410;2048;2048
135,1250;287,9758;10,50;1,6817;0,0741;0,0000;0,0000;0,0000;0,0000;0,0000;0,0926;-1,98;-0,30;1;0,0000;0,00;0;1;1;3;0;0;410;2048;2048
135,1389;287,9758;10,50;1,7809;0,0734;0,0000;0,0000;0,0000;0,0000;0,0000;0,0917;-1,93;-0,15;1;0,0000;0,00;0;1;1;3;0;0;410;2048;2048
135,1528;287,9758;10,50;1,8984;0,0727;0,0000;0,0000;0,0000;0,0000;0,0000;0,0909;-1,88;0,00;1;0,0000;0,00;0;1;1;3;0;0;410;2048;2048
135,1667;287,9871;10,60;2,0138;0,0721;0,0000;0,0000;0,0000;0,0000;0,0000;0,0901;-1,82;0,19;1;0,0000;0,00;0;1;1;3;0;0;410;2048;2048
135,1806;288,0280;10,60;2,1000;0,0715;0,0000;0,0000;0,0000;0,0000;0,0000;0,0894;-1,77;0,33;1;0,0000;0,00;0;1;1;3;0;0;410;2048;2048
135,1944;288,0688;10,60;2,2109;0,0710;0,0000;0,0000;0,0000;0,0000;0,0000;0,0888;-1,71;0,50;1;0,0000;0,00;0;1;1;3;0;0;410;2048;2048
135,2083;288,1097;10,60;2,3025;0,0706;0,0000;0,0000;0,0000;0,0000;0,0000;0,0882;-1,64;0,66;1;0,0000;0,00;0;1;1;3;0;0;410;2048;2048
135,2222;288,1506;10,60;2,3796;0,0702;0,0000;0,0000;0,0000;0,0000;0,0000;0,0877;-1,58;0,80;1;0,0000;0,00;0;1;1;3;0;0;410;2048;2048
135,2361;288,1916;10,60;2,4391;0,0698;0,0000;0,0000;0,0000;0,0000;0,0000;0,0873;-1,51;0,93;1;0,0000;0,00;0;1;1;3;0;0;410;2048;2048
135,2500;288,4309;10,60;2,4475;0,0695;0,0000;0,0000;0,0000;0,0000;0,0000;0,0869;-1,44;1,00;1;0,0000;0,00;0;1;1;3;0;0;410;2048;2048
135,2639;288,4309;10,60;2,4335;0,0693;0,0000;0,0000;0,0000;0,0000;0,0000;0,0866;-1,38;1,06;1;0,0000;0,00;0;1;1;3;0;0;410;2048;2048
135,2778;288,4309;10,60;2,4286;0,0690;0,0000;0,0000;0,0000;0,0000;0,0000;0,0863;-1,31;1,12;1;0,0000;0,00;0;1;1;3;0;0;410;2048;2048
135,2917;288,4309;10,60;2,4096;0,0688;0,0000;0,0000;0,0000;0,0000;0,0000;0,0860;-1,24;1,16;1;0,0000;0,00;0;1;1;3;0;0;410;2048;2048
135,3056;288,4309;10,60;2,3680;0,0687;0,0000;0,0000;0,0000;0,0000;0,0000;0,0858;-1,18;1,19;1;0,0000;0,00;0;1;1;8;0;0;410;2048;2048
135,3194;288,4370;10,60;2,3267;0,0685;0,0000;0,0000;0,0000;0,0000;0,0000;0,0856;-1,12;1,21;1;0,0000;0,00;0;1;1;8;0;0;410;2048;2048
135,3333;288,4778;10,60;2,2759;0,0684;0,0000;0,0000;0,0000;0,0000;0,0000;0,0855;-1,05;1,22;1;0,0000;0,00;0;1;1;8;0;0;410;2048;2048
135,3472;288,5187;10,60;2,2296;0,0683;0,0000;0,0000;0,0000;0,0000;0,0000;0,0854;-0,99;1,24;1;0,0000;0,00;0;1;1;8;0;0;410;2048;2048
135,3611;288,5596;10,60;2,2022;0,0682;0,0000;0,0000;0,0000;0,0000;0,0000;0,0853;-0,93;1,27;1;0,0000;0,00;0;1;1;8;0;0;410;2048;2048
135,3750;288,6005;10,60;2,1512;0,0682;0,0000;0,0000;0,0000;0,0000;0,0000;0,0853;-0,87;1,28;1;0,0000;0,00;0;1;1;8;0;0;410;2048;2048
135,3889;288,6414;10,60;2,1131;0,0682;0,0000;0,0000;0,0000;0,0000;0,0000;0,0852;-0,81;1,30;1;0,0000;0,00;0;1;1;8;0;0;410;2048;2048
135,4028;288,8875;10,60;2,0779;0,0682;0,0000;0,0000;0,0000;0,0000;0,0000;0,0853;-0,76;1,32;1;0,0000;0,00;0;1;1;8;0;0;410;2048;2048
135,4167;288,8875;10,60;2,0617;0,0683;0,0000;0,0000;0,0000;0,0000;0,0000;0,0853;-0,70;1,36;1;0,0000;0,00;0;1;1;8;0;0;410;2048;2048
135,4306;288,8875;10,60;2,0644;0,0683;0,0000;0,0000;0,0000;0,0000;0,0000;0,0854;-0,64;1,42;1;0,0000;0,00;0;1;1;8;0;0;410;2048;2048
135,4444;288,8875;10,60;2,0931;0,0685;0,0000;0,0000;0,0000;0,0000;0,0000;0,0856;-0,59;1,51;1;0,0000;0,00;0;1;1;8;0;0;410;2048;2048
135,4583;288,8875;10,60;2,1420;0,0686;0,0000;0,0000;0,0000;0,0000;0,0000;0,0858;-0,53;1,62;1;0,0000;0,00;0;1;1;8;0;0;410;2048;2048
135,4722;288,8875;10,60;2,1917;0,0688;0,0000;0,0000;0,0000;0,0000;0,0000;0,0860;-0,47;1,73;1;0,0000;0,00;0;1;1;8;0;0;410;2048;2048
135,4861;288,9277;10,60;2,2295;0,0691;0,0000;0,0000;0,0000;0,0000;0,0000;0,0863;-0,40;1,82;1;0,0000;0,00;0;1;1;8;0;0;410;2048;2048
135,5000;288,9686;10,60;2,2352;0,0693;0,0000;0,0000;0,0000;0,0000;0,0000;0,0867;-0,34;1,89;1;0,0000;0,00;0;1;1;8;0;0;410;2048;2048
135,5139;289,0095;10,60;2,2365;0,0697;0,0000;0,0000;0,0000;0,0000;0,0000;0,0871;-0,28;1,95;1;0,0000;0,00;0;1;1;8;0;0;410;2048;2048
135,5278;289,0504;10,60;2,2283;0,0700;0,0000;0,0000;0,0000;0,0000;0,0000;0,0875;-0,22;2,01;1;0,0000;0,00;0;1;1;8;0;0;410;2048;2048
135,5417;289,0913;10,60;2,1955;0,0704;0,0000;0,0000;0,0000;0,0000;0,0000;0,0880;-0,16;2,03;1;0,0000;0,00;0;1;1;8;0;0;410;2048;2048
135,5556;289,3428;10,60;2,1469;0,0708;0,0000;0,0000;0,0000;0,0000;0,0000;0,0885;-0,10;2,04;1;0,0000;0,00;0;1;1;8;0;0;410;2048;2048
135,5694;289,3428;10,60;2,0672;0,0712;0,0000;0,0000;0,0000;0,0000;0,0000;0,0890;-0,05;2,02;1;0,0000;0,00;0;1;1;8;0;0;410;2048;2048
135,5833;289,3428;10,60;1,9359;0,0716;0,0000;0,0000;0,0000;0,0000;0,0000;0,0895;0,00;1,94;1;0,0000;0,00;0;1;1;8;0;0;410;2048;2048
135,5972;289,3428;10,60;1,7758;0,0720;0,0000;0,0000;0,0000;0,0000;0,0000;0,0900;0,05;1,83;1;0,0000;0,00;0;1;1;8;0;0;410;2048;2048
135,6111;289,3428;10,60;1,6185;0,0724;0,0000;0,0000;0,0000;0,0000;0,0000;0,0905;0,09;1,71;1;0,0000;0,00;0;1;1;8;0;0;410;2048;2048
135,6250;289,3428;10,60;1,3276;0,0727;0,0000;0,0000;0,0000;0,0000;0,0000;0,0909;0,13;1,46;1;0,0000;0,00;0;1;1;8;0;0;410;2048;2048
135,6389;289,3776;10,60;1,0027;0,0730;0,0000;0,0000;0,0000;0,0000;0,0000;0,0913;0,16;1,16;1;0,0000;0,00;0;1;1;8;0;0;410;2048;2048
135,6528;289,4185;10,60;0,6299;0,0733;0,0000;0,0000;0,0000;0,0000;0,0000;0,0916;0,18;0,81;1;0,0000;0,00;0;1;1;8;0;0;410;2048;2048
135,6667;289,4594;10,60;0,3187;0,0734;0,0000;0,0000;0,0000;0,0000;0,0000;0,0918;0,19;0,50;1;0,0000;0,00;0;1;1;8;0;0;410;2048;2048
135,6806;289,5003;10,60;-0,0041;0,0735;0,0000;0,0000;0,0000;0,0000;0,0000;0,0919;0,19;0,18;1;0,0000;0,00;0;1;1;8;0;0;410;2048;2048
135,6944;289,5412;10,60;-0,3445;0,0735;0,0000;0,0000;0,0000;0,0000;0,0000;0,0919;0,18;-0,17;1;0,0000;0,00;0;1;1;8;0;0;410;2048;2048
135,7083;289,7988;10,60;-0,6991;0,0735;0,0000;0,0000;0,0000;0,0000;0,0000;0,0918;0,16;-0,54;1;0,0000;0,00;0;1;1;8;0;0;410;2048;2048
135,7222;289,7988;10,60;-1,0746;0,0733;0,0000;0,0000;0,0000;0,0000;0,0000;0,0917;0,13;-0,94;1;0,0000;0,00;0;1;1;8;0;0;410;2048;2048
135,7361;289,7988;10,60;-1,4605;0,0731;0,0000;0,0000;0,0000;0,0000;0,0000;0,0913;0,09;-1,37;1;0,0000;0,00;0;1;1;8;0;0;410;2048;2048
135,7500;289,7988;10,60;-1,8589;0,0727;0,0000;0,0000;0,0000;0,0000;0,0000;0,0909;0,04;-1,82;1;0,0000;0,00;0;1;1;8;0;0;410;2048;2048
135,7639;289,7988;10,60;-2,2764;0,0722;0,0000;0,0000;0,0000;0,0000;0,0000;0,0903;-0,02;-2,30;1;0,0000;0,00;0;1;1;8;0;0;410;2048;2048
135,7778;289,7988;10,60;-2,7257;0,0716;0,0000;0,0000;0,0000;0,0000;0,0000;0,0895;-0,09;-2,82;1;0,0000;0,00;0;1;1;8;0;0;410;2048;2048
135,7917;289,8274;10,60;-3,1582;0,0708;0,0000;0,0000;0,0000;0,0000;0,0000;0,0885;-0,18;-3,34;1;0,0000;0,00;0;1;1;8;0;0;410;2048;2048
135,8056;289,8683;10,60;-3,5732;0,0699;0,0000;0,0000;0,0000;0,0000;0,0000;0,0874;-0,28;-3,85;1;0,0000;0,00;0;1;1;8;0;0;410;2048;2048
135,8194;289,9092;10,60;-3,9467;0,0688;0,0000;0,0000;0,0000;0,0000;0,0000;0,0861;-0,38;-4,33;1;0,0000;0,00;0;1;1;8;0;0;410;2048;2048
135,8333;289,9501;10,60;-4,3166;0,0677;0,0000;0,0000;0,0000;0,0000;0,0000;0,0846;-0,50;-4,82;1;0,0000;0,00;0;1;1;8;0;0;410;2048;2048
135,8472;289,9910;10,60;-4,6166;0,0663;0,0000;0,0000;0,0000;0,0000;0,0000;0,0829;-0,63;-5,24;1;0,0000;0,00;0;1;1;8;0;0;410;2048;2048
135,8611;290,2546;10,90;-4,9080;0,0648;0,0000;0,0000;0,0000;0,0000;0,0000;0,0810;-0,76;-5,67;1;0,0000;0,00;0;1;1;8;0;0;410;2048;2048
135,8750;290,2546;10,90;-5,1420;0,0632;0,0000;0,0000;0,0000;0,0000;0,0000;0,0790;-0,91;-6,05;1;0,0000;0,00;0;1;1;8;0;0;410;2048;2048
135,8889;290,2546;10,90;-5,1885;0,0615;0,0000;0,0000;0,0000;0,0000;0,0000;0,0768;-1,06;-6,24;1;0,0000;0,00;0;1;1;8;0;0;410;2048;2048
135,9028;290,2546;10,90;-5,3980;0,0596;0,0000;0,0000;0,0000;0,0000;0,0000;0,0745;-1,21;-6,60;1;0,0000;0,00;0;1;1;8;0;0;410;2048;2048
135,9167;290,2546;10,90;-5,4822;0,0576;0,0000;0,0000;0,0000;0,0000;0,0000;0,0720;-1,36;-6,84;1;0,0000;0,00;0;1;1;8;0;0;410;2048;2048
135,9306;290,2546;10,90;-5,4599;0,0555;0,0000;0,0000;0,0000;0,0000;0,0000;0,0694;-1,51;-6,97;1;0,0000;0,00;0;1;1;8;0;0;410;2048;2048
135,9444;290,2839;10,90;-5,4554;0,0534;0,0000;0,0000;0,0000;0,0000;0,0000;0,0667;-1,67;-7,12;1;0,0000;0,00;0;1;1;8;0;0;410;2048;2048
135,9583;290,3259;10,90;-5,3268;0,0512;0,0000;0,0000;0,0000;0,0000;0,0000;0,0640;-1,82;-7,14;1;0,0000;0,00;0;1;1;8;0;0;410;2048;2048
135,9722;290,3679;10,90;-5,2822;0,0489;0,0000;0,0000;0,0000;0,0000;0,0000;0,0611;-1,96;-7,25;1;0,0000;0,00;0;1;1;8;0;0;410;2048;2048
135,9861;290,4098;10,90;-5,2133;0,0465;0,0000;0,0000;0,0000;0,0000;0,0000;0,0582;-2,11;-7,32;1;0,0000;0,00;0;1;1;8;0;0;410;2048;2048
136,0000;290,4518;10,90;-5,1094;0,0441;0,0000;0,0000;0,0000;0,0000;0,0000;0,0551;-2,25;-7,36;1;0,0000;0,00;0;1;1;8;0;0;410;2048;2048
136,0139;290,7104;10,90;-4,9078;0,0416;0,0000;0,0000;0,0000;0,0000;0,0000;0,0520;-2,39;-7,30;1;0,0000;0,00;0;1;1;8;0;0;410;2048;2048
136,0278;290,7104;10,90;-4,8675;0,0391;0,0000;0,0000;0,0000;0,0000;0,0000;0,0489;-2,53;-7,40;1;0,0000;0,00;0;1;1;8;0;0;410;2048;2048
136,0417;290,7104;10,90;-4,6442;0,0365;0,0000;0,0000;0,0000;0,0000;0,0000;0,0457;-2,66;-7,30;1;0,0000;0,00;0;1;1;8;0;0;410;2048;2048
136,0556;290,7104;10,90;-4,3084;0,0340;0,0000;0,0000;0,0000;0,0000;0,0000;0,0425;-2,78;-7,09;1;0,0000;0,00;0;1;1;8;0;0;410;2048;2048
136,0694;290,7104;10,90;-4,0314;0,0314;0,0000;0,0000;0,0000;0,0000;0,0000;0,0393;-2,89;-6,92;1;0,0000;0,00;0;1;1;8;0;0;410;2048;2048
136,0833;290,7104;10,90;-3,7299;0,0289;0,0000;0,0000;0,0000;0,0000;0,0000;0,0361;-2,99;-6,72;1;0,0000;0,00;0;1;1;8;0;0;410;2048;2048
136,0972;290,7455;10,90;-3,1084;0,0264;0,0000;0,0000;0,0000;0,0000;0,0000;0,0330;-3,08;-6,19;1;0,0000;0,00;0;1;1;8;0;0;410;2048;2048
136,1111;290,7874;10,90;-2,9841;0,0239;0,0000;0,0000;0,0000;0,0000;0,0000;0,0298;-3,17;-6,15;1;0,0000;0,00;0;1;1;8;0;0;410;2048;2048
136,1250;290,8293;10,90;-2,6440;0,0214;0,0000;0,0000;0,0000;0,0000;0,0000;0,0267;-3,24;-5,88;1;0,0000;0,00;0;1;1;8;0;0;410;2048;2048
136,1389;290,8713;10,90;-2,2813;0,0189;0,0000;0,0000;0,0000;0,0000;0,0000;0,0237;-3,31;-5,59;1;0,0000;0,00;0;1;1;8;0;0;410;2048;2048
136,1528;290,9132;10,90;-1,9226;0,0165;0,0000;0,0000;0,0000;0,0000;0,0000;0,0207;-3,36;-5,28;1;0,0000;0,00;0;1;1;8;0;0;410;2048;2048
136,1667;291,1664;10,90;-1,5708;0,0142;0,0000;0,0000;0,0000;0,0000;0,0000;0,0177;-3,40;-4,98;1;0,0000;0,00;0;1;1;8;0;0;410;2048;2048
136,1806;291,1664;10,90;-1,2436;0,0119;0,0000;0,0000;0,0000;0,0000;0,0000;0,0149;-3,44;-4,68;1;0,0000;0,00;0;1;1;8;0;0;410;2048;2048
136,1944;291,1664;10,90;-0,9295;0,0096;0,0000;0,0000;0,0000;0,0000;0,0000;0,0121;-3,47;-4,40;1;0,0000;0,00;0;1;1;8;0;0;410;2048;2048
136,2083;291,1664;10,90;-0,6295;0,0075;0,0000;0,0000;0,0000;0,0000;0,0000;0,0093;-3,48;-4,11;1;0,0000;0,00;0;1;1;8;0;0;410;2048;2048
136,2222;291,1664;10,90;-0,3575;0,0053;0,0000;0,0000;0,0000;0,0000;0,0000;0,0067;-3,49;-3,85;1;0,0000;0,00;0;1;1;8;0;0;410;2048;2048
136,2361;291,1664;10,90;-0,0735;0,0032;0,0000;0,0000;0,0000;0,0000;0,0000;0,0041;-3,50;-3,57;1;0,0000;0,00;0;1;1;8;0;0;410;2048;2048
136,2500;291,2070;10,90;0,2056;0,0012;0,0000;0,0000;0,0000;0,0000;0,0000;0,0015;-3,49;-3,29;1;0,0000;0,00;0;1;1;8;0;0;410;2048;2048
136,2639;291,2490;10,90;0,4735;-0,0007;0,0000;0,0000;0,0000;0,0000;0,0000;-0,0009;-3,48;-3,01;1;0,0000;0,00;0;1;1;8;0;0;410;2048;2048
136,2778;291,2910;10,90;0,7335;-0,0026;0,0000;0,0000;0,0000;0,0000;0,0000;-0,0033;-3,46;-2,73;1;0,0000;0,00;0;1;1;8;0;0;410;2048;2048
136,2917;291,3329;10,90;0,9794;-0,0044;0,0000;0,0000;0,0000;0,0000;0,0000;-0,0055;-3,43;-2,45;1;0,0000;0,00;0;1;1;8;0;0;410;2048;2048
136,3056;291,3749;10,90;1,2079;-0,0062;0,0000;0,0000;0,0000;0,0000;0,0000;-0,0077;-3,40;-2,19;1;0,0000;0,00;0;1;1;8;0;0;410;2048;2048
136,3194;291,6222;10,90;1,4215;-0,0078;0,0000;0,0000;0,0000;0,0000;0,0000;-0,0098;-3,36;-1,94;1;0,0000;0,00;0;1;1;3;1;0;410;2048;2048
136,3333;291,6222;10,90;1,6519;-0,0094;0,0000;0,0000;0,0000;0,0000;0,0000;-0,0118;-3,31;-1,66;1;0,0000;0,00;0;1;1;3;1;0;410;2048;2048
136,3472;291,6222;10,90;1,8548;-0,0110;0,0000;0,0000;0,0000;0,0000;0,0000;-0,0137;-3,26;-1,41;1;0,0000;0,00;0;1;1;3;1;0;410;2048;2048
136,3611;291,6222;10,90;2,0559;-0,0124;0,0000;0,0000;0,0000;0,0000;0,0000;-0,0155;-3,20;-1,15;1;0,0000;0,00;0;1;1;3;1;0;410;2048;2048
136,3750;291,6222;11,00;2,2382;-0,0138;0,0000;0,0000;0,0000;0,0000;0,0000;-0,0172;-3,14;-0,90;1;0,0000;0,00;0;1;1;3;1;0;410;2048;2048
136,3889;291,6274;11,00;2,3517;-0,0151;0,0000;0,0000;0,0000;0,0000;0,0000;-0,0189;-3,07;-0,72;1;0,0000;0,00;0;1;1;3;1;0;410;2048;2048
136,4028;291,6698;11,00;2,4768;-0,0163;0,0000;0,0000;0,0000;0,0000;0,0000;-0,0204;-3,00;-0,53;1;0,0000;0,00;0;1;1;3;1;0;410;2048;2048
136,4167;291,7122;11,00;2,4962;-0,0175;0,0000;0,0000;0,0000;0,0000;0,0000;-0,0219;-2,93;-0,44;1;0,0000;0,00;0;1;1;3;1;0;410;2048;2048
136,4306;291,7547;11,00;2,5340;-0,0186;0,0000;0,0000;0,0000;0,0000;0,0000;-0,0233;-2,86;-0,33;1;0,0000;0,00;0;1;1;3;1;0;410;2048;2048
136,4444;291,7971;11,00;2,5701;-0,0197;0,0000;0,0000;0,0000;0,0000;0,0000;-0,0247;-2,79;-0,22;1;0,0000;0,00;0;1;1;3;1;0;410;2048;2048
136,4583;291,8395;11,00;2,5901;-0,0208;0,0000;0,0000;0,0000;0,0000;0,0000;-0,0259;-2,71;-0,12;1;0,0000;0,00;0;1;1;3;1;0;410;2048;2048
136,4722;292,0781;11,00;2,5983;-0,0217;0,0000;0,0000;0,0000;0,0000;0,0000;-0,0272;-2,64;-0,04;1;0,0000;0,00;0;1;1;3;1;0;410;2048;2048
136,4861;292,0781;11,00;2,6191;-0,0227;0,0000;0,0000;0,0000;0,0000;0,0000;-0,0284;-2,56;0,06;1;0,0000;0,00;0;1;1;3;1;0;410;2048;2048
136,5000;292,0781;11,00;2,6284;-0,0236;0,0000;0,0000;0,0000;0,0000;0,0000;-0,0295;-2,49;0,14;1;0,0000;0,00;0;1;1;3;1;0;410;2048;2048
136,5139;292,0781;11,00;2,6310;-0,0244;0,0000;0,0000;0,0000;0,0000;0,0000;-0,0306;-2,41;0,22;1;0,0000;0,00;0;1;1;3;1;0;410;2048;2048
136,5278;292,0781;11,00;2,6301;-0,0252;0,0000;0,0000;0,0000;0,0000;0,0000;-0,0316;-2,34;0,29;1;0,0000;0,00;0;1;1;3;1;0;410;2048;2048
136,5417;292,0941;11,00;2,6093;-0,0260;0,0000;0,0000;0,0000;0,0000;0,0000;-0,0325;-2,26;0,34;1;0,0000;0,00;0;1;1;3;1;0;410;2048;2048
136,5556;292,1365;11,00;2,5741;-0,0267;0,0000;0,0000;0,0000;0,0000;0,0000;-0,0334;-2,19;0,38;1;0,0000;0,00;0;1;1;3;1;0;410;2048;2048
136,5694;292,1790;11,00;2,5356;-0,0274;0,0000;0,0000;0,0000;0,0000;0,0000;-0,0343;-2,12;0,42;1;0,0000;0,00;0;1;1;3;1;0;410;2048;2048
136,5833;292,2214;11,00;2,4961;-0,0281;0,0000;0,0000;0,0000;0,0000;0,0000;-0,0351;-2,05;0,45;1;0,0000;0,00;0;1;1;3;1;0;410;2048;2048
136,5972;292,2639;11,00;2,4587;-0,0287;0,0000;0,0000;0,0000;0,0000;0,0000;-0,0359;-1,98;0,48;1;0,0000;0,00;0;1;1;3;1;0;410;2048;2048
136,6111;292,5343;11,00;2,4240;-0,0293;0,0000;0,0000;0,0000;0,0000;0,0000;-0,0366;-1,91;0,52;1;0,0000;0,00;0;1;1;3;1;0;410;2048;2048
136,6250;292,5343;11,00;2,4043;-0,0299;0,0000;0,0000;0,0000;0,0000;0,0000;-0,0373;-1,84;0,56;1;0,0000;0,00;0;1;1;3;1;0;410;2048;2048
136,6389;292,5343;11,10;2,3821;-0,0304;0,0000;0,0000;0,0000;0,0000;0,0000;-0,0380;-1,77;0,61;1;0,0000;0,00;0;1;1;3;1;0;410;2048;2048
136,6528;292,5343;11,10;2,3651;-0,0309;0,0000;0,0000;0,0000;0,0000;0,0000;-0,0386;-1,70;0,66;1;0,0000;0,00;0;1;1;3;1;0;410;2048;2048
136,6667;292,5343;11,10;2,3303;-0,0313;0,0000;0,0000;0,0000;0,0000;0,0000;-0,0392;-1,64;0,69;1;0,0000;0,00;0;1;1;3;1;0;410;2048;2048
136,6806;292,5343;11,10;2,3011;-0,0318;0,0000;0,0000;0,0000;0,0000;0,0000;-0,0397;-1,57;0,73;1;0,0000;0,00;0;1;1;3;1;0;410;2048;2048
136,6944;292,5625;11,10;2,2612;-0,0322;0,0000;0,0000;0,0000;0,0000;0,0000;-0,0402;-1,50;0,76;1;0,0000;0,00;0;1;1;3;1;0;410;2048;2048
136,7083;292,6053;11,10;2,2334;-0,0325;0,0000;0,0000;0,0000;0,0000;0,0000;-0,0407;-1,44;0,79;1;0,0000;0,00;0;1;1;3;1;0;410;2048;2048
136,7222;292,6481;11,10;2,1708;-0,0329;0,0000;0,0000;0,0000;0,0000;0,0000;-0,0411;-1,38;0,79;1;0,0000;0,00;0;1;1;3;1;0;410;2048;2048
136,7361;292,6909;11,10;2,1042;-0,0332;0,0000;0,0000;0,0000;0,0000;0,0000;-0,0415;-1,32;0,79;1;0,0000;0,00;0;1;1;3;1;0;410;2048;2048
136,7500;292,7338;11,10;1,9820;-0,0335;0,0000;0,0000;0,0000;0,0000;0,0000;-0,0419;-1,26;0,72;1;0,0000;0,00;0;1;1;3;1;0;410;2048;2048
136,7639;292,9893;11,10;1,8405;-0,0338;0,0000;0,0000;0,0000;0,0000;0,0000;-0,0423;-1,21;0,63;1;0,0000;0,00;0;1;1;3;1;0;410;2048;2048
136,7778;292,9893;11,10;1,7334;-0,0341;0,0000;0,0000;0,0000;0,0000;0,0000;-0,0426;-1,16;0,58;1;0,0000;0,00;0;1;1;3;1;0;410;2048;2048
136,7917;292,9893;11,10;1,5908;-0,0344;0,0000;0,0000;0,0000;0,0000;0,0000;-0,0430;-1,11;0,48;1;0,0000;0,00;0;1;1;3;1;0;410;2048;2048
136,8056;292,9893;11,10;1,4685;-0,0347;0,0000;0,0000;0,0000;0,0000;0,0000;-0,0434;-1,07;0,40;1;0,0000;0,00;0;1;1;3;1;0;410;2048;2048
136,8194;292,9893;11,10;1,2751;-0,0351;0,0000;0,0000;0,0000;0,0000;0,0000;-0,0439;-1,03;0,24;1;0,0000;0,00;0;1;1;3;1;0;410;2048;2048
136,8333;292,9907;11,10;1,1048;-0,0354;0,0000;0,0000;0,0000;0,0000;0,0000;-0,0443;-1,00;0,10;1;0,0000;0,00;0;1;1;3;1;0;410;2048;2048
136,8472;293,0335;11,10;0,9829;-0,0358;0,0000;0,0000;0,0000;0,0000;0,0000;-0,0447;-0,97;0,00;1;0,0000;0,00;0;1;1;3;1;0;410;2048;2048
136,8611;293,0764;11,10;0,8675;-0,0361;0,0000;0,0000;0,0000;0,0000;0,0000;-0,0452;-0,95;-0,08;1;0,0000;0,00;0;1;1;3;1;0;410;2048;2048
136,8750;293,1192;11,10;0,7478;-0,0365;0,0000;0,0000;0,0000;0,0000;0,0000;-0,0456;-0,93;-0,18;1;0,0000;0,00;0;1;1;3;1;0;410;2048;2048
136,8889;293,1620;11,10;0,6396;-0,0369;0,0000;0,0000;0,0000;0,0000;0,0000;-0,0461;-0,91;-0,27;1;0,0000;0,00;0;1;1;3;1;0;410;2048;2048
136,9028;293,2048;11,10;0,5348;-0,0373;0,0000;0,0000;0,0000;0,0000;0,0000;-0,0466;-0,89;-0,36;1;0,0000;0,00;0;1;1;3;1;0;410;2048;2048
136,9167;293,4464;11,10;0,4878;-0,0377;0,0000;0,0000;0,0000;0,0000;0,0000;-0,0471;-0,88;-0,39;1;0,0000;0,00;0;1;1;3;1;0;410;2048;2048
136,9306;293,4464;11,10;0,4510;-0,0381;0,0000;0,0000;0,0000;0,0000;0,0000;-0,0477;-0,86;-0,41;1;0,0000;0,00;0;1;1;3;1;0;410;2048;2048
136,9444;293,4464;11,10;0,4245;-0,0385;0,0000;0,0000;0,0000;0,0000;0,0000;-0,0482;-0,85;-0,43;1;0,0000;0,00;0;1;1;3;1;0;410;2048;2048
136,9583;293,4464;11,10;0,3807;-0,0389;0,0000;0,0000;0,0000;0,0000;0,0000;-0,0487;-0,84;-0,46;1;0,0000;0,00;0;1;1;3;1;0;410;2048;2048
136,9722;293,4464;11,10;0,3624;-0,0393;0,0000;0,0000;0,0000;0,0000;0,0000;-0,0492;-0,83;-0,47;1;0,0000;0,00;0;1;1;3;1;0;410;2048;2048
136,9861;293,4617;11,10;0,3331;-0,0398;0,0000;0,0000;0,0000;0,0000;0,0000;-0,0497;-0,82;-0,49;1;0,0000;0,00;0;1;1;3;1;0;410;2048;2048
137,0000;293,5046;11,10;0,3153;-0,0402;0,0000;0,0000;0,0000;0,0000;0,0000;-0,0502;-0,81;-0,50;1;0,0000;0,00;0;1;1;3;1;0;410;2048;2048
137,0139;293,5474;11,10;0,2949;-0,0406;0,0000;0,0000;0,0000;0,0000;0,0000;-0,0507;-0,80;-0,51;1;0,0000;0,00;0;1;1;3;1;0;410;2048;2048
137,0278;293,5902;11,10;0,2694;-0,0410;0,0000;0,0000;0,0000;0,0000;0,0000;-0,0512;-0,79;-0,52;1;0,0000;0,00;0;1;1;3;1;0;410;2048;2048
137,0417;293,6330;11,10;0,2484;-0,0414;0,0000;0,0000;0,0000;0,0000;0,0000;-0,0517;-0,79;-0,54;1;0,0000;0,00;0;1;1;3;1;0;410;2048;2048
137,0556;293,8998;11,10;0,2256;-0,0418;0,0000;0,0000;0,0000;0,0000;0,0000;-0,0523;-0,78;-0,55;1;0,0000;0,00;0;1;1;3;1;0;410;2048;2048
137,0694;293,8998;11,10;0,2071;-0,0422;0,0000;0,0000;0,0000;0,0000;0,0000;-0,0528;-0,77;-0,57;1;0,0000;0,00;0;1;1;3;1;0;410;2048;2048
137,0833;293,8998;11,10;0,1946;-0,0426;0,0000;0,0000;0,0000;0,0000;0,0000;-0,0533;-0,77;-0,57;1;0,0000;0,00;0;1;1;3;1;0;410;2048;2048
137,0972;293,8998;11,10;0,1821;-0,0431;0,0000;0,0000;0,0000;0,0000;0,0000;-0,0538;-0,76;-0,58;1;0,0000;0,00;0;1;1;3;1;0;410;2048;2048
137,1111;293,8998;11,10;0,1631;-0,0435;0,0000;0,0000;0,0000;0,0000;0,0000;-0,0544;-0,76;-0,59;1;0,0000;0,00;0;1;1;3;1;0;410;2048;2048
137,1250;293,8998;11,10;0,1490;-0,0439;0,0000;0,0000;0,0000;0,0000;0,0000;-0,0549;-0,75;-0,60;1;0,0000;0,00;0;1;1;3;1;0;410;2048;2048
137,1389;293,9328;11,40;0,1273;-0,0443;0,0000;0,0000;0,0000;0,0000;0,0000;-0,0554;-0,75;-0,62;1;0,0000;0,00;0;1;1;3;1;0;410;2048;2048
137,1528;293,9767;11,40;0,1056;-0,0448;0,0000;0,0000;0,0000;0,0000;0,0000;-0,0560;-0,75;-0,64;1;0,0000;0,00;0;1;1;3;1;0;410;2048;2048
137,1667;294,0207;11,40;0,0659;-0,0452;0,0000;0,0000;0,0000;0,0000;0,0000;-0,0565;-0,74;-0,68;1;0,0000;0,00;0;1;1;3;1;0;410;2048;2048
137,1806;294,0647;11,40;0,0287;-0,0457;0,0000;0,0000;0,0000;0,0000;0,0000;-0,0571;-0,74;-0,71;1;0,0000;0,00;0;1;1;3;1;0;410;2048;2048
137,1944;294,1087;11,40;-0,0209;-0,0462;0,0000;0,0000;0,0000;0,0000;0,0000;-0,0577;-0,74;-0,76;1;0,0000;0,00;0;1;1;3;1;0;410;2048;2048
137,2083;294,3583;11,40;-0,0653;-0,0467;0,0000;0,0000;0,0000;0,0000;0,0000;-0,0583;-0,74;-0,81;1;0,0000;0,00;0;1;1;3;1;0;410;2048;2048
137,2222;294,3583;11,40;-0,1349;-0,0472;0,0000;0,0000;0,0000;0,0000;0,0000;-0,0589;-0,75;-0,88;1;0,0000;0,00;0;1;1;3;1;0;410;2048;2048
137,2361;294,3583;11,40;-0,1955;-0,0477;0,0000;0,0000;0,0000;0,0000;0,0000;-0,0596;-0,75;-0,95;1;0,0000;0,00;0;1;1;3;1;0;410;2048;2048
137,2500;294,3583;11,40;-0,2550;-0,0482;0,0000;0,0000;0,0000;0,0000;0,0000;-0,0602;-0,76;-1,01;1;0,0000;0,00;0;1;1;3;1;0;410;2048;2048
137,2639;294,3583;11,40;-0,3074;-0,0487;0,0000;0,0000;0,0000;0,0000;0,0000;-0,0609;-0,77;-1,07;1;0,0000;0,00;0;1;1;3;1;0;410;2048;2048
137,2778;294,3725;11,40;-0,3489;-0,0493;0,0000;0,0000;0,0000;0,0000;0,0000;-0,0616;-0,78;-1,13;1;0,0000;0,00;0;1;1;3;1;0;410;2048;2048
137,2917;294,4165;11,40;-0,3860;-0,0499;0,0000;0,0000;0,0000;0,0000;0,0000;-0,0624;-0,79;-1,17;1;0,0000;0,00;0;1;1;3;1;0;410;2048;2048
137,3056;294,4605;11,40;-0,4233;-0,0505;0,0000;0,0000;0,0000;0,0000;0,0000;-0,0631;-0,80;-1,22;1;0,0000;0,00;0;1;1;3;1;0;410;2048;2048
137,3194;294,5045;11,40;-0,4565;-0,0511;0,0000;0,0000;0,0000;0,0000;0,0000;-0,0639;-0,81;-1,27;1;0,0000;0,00;0;1;1;9;0;0;410;2048;2048
137,3333;294,5484;11,40;-0,4950;-0,0517;0,0000;0,0000;0,0000;0,0000;0,0000;-0,0646;-0,83;-1,32;1;0,0000;0,00;0;1;1;9;0;0;410;2048;2048
137,3472;294,8126;11,40;-0,5173;-0,0523;0,0000;0,0000;0,0000;0,0000;0,0000;-0,0654;-0,84;-1,36;1;0,0000;0,00;0;1;1;9;0;0;410;2048;2048
137,3611;294,8126;11,40;-0,5321;-0,0530;0,0000;0,0000;0,0000;0,0000;0,0000;-0,0662;-0,86;-1,39;1;0,0000;0,00;0;1;1;9;0;0;410;2048;2048
137,3750;294,8126;11,40;-0,5531;-0,0537;0,0000;0,0000;0,0000;0,0000;0,0000;-0,0671;-0,87;-1,42;1;0,0000;0,00;0;1;1;9;0;0;410;2048;2048
137,3889;294,8126;11,40;-0,5752;-0,0543;0,0000;0,0000;0,0000;0,0000;0,0000;-0,0679;-0,89;-1,46;1;0,0000;0,00;0;1;1;9;0;0;410;2048;2048
137,4028;294,8126;11,40;-0,5997;-0,0550;0,0000;0,0000;0,0000;0,0000;0,0000;-0,0688;-0,90;-1,50;1;0,0000;0,00;0;1;1;9;0;0;410;2048;2048
137,4167;294,8126;11,40;-0,6271;-0,0557;0,0000;0,0000;0,0000;0,0000;0,0000;-0,0697;-0,92;-1,55;1;0,0000;0,00;0;1;1;9;0;0;410;2048;2048
137,4306;294,8562;11,40;-0,6514;-0,0565;0,0000;0,0000;0,0000;0,0000;0,0000;-0,0706;-0,94;-1,59;1;0,0000;0,00;0;1;1;9;0;0;410;2048;2048
137,4444;294,9002;11,40;-0,6920;-0,0572;0,0000;0,0000;0,0000;0,0000;0,0000;-0,0715;-0,96;-1,65;1;0,0000;0,00;0;1;1;9;0;0;410;2048;2048
137,4583;294,9442;11,40;-0,7273;-0,0580;0,0000;0,0000;0,0000;0,0000;0,0000;-0,0725;-0,98;-1,71;1;0,0000;0,00;0;1;1;9;0;0;410;2048;2048
137,4722;294,9882;11,40;-0,7561;-0,0588;0,0000;0,0000;0,0000;0,0000;0,0000;-0,0735;-1,00;-1,76;1;0,0000;0,00;0;1;1;9;0;0;410;2048;2048
137,4861;295,0321;11,40;-0,7709;-0,0596;0,0000;0,0000;0,0000;0,0000;0,0000;-0,0745;-1,03;-1,80;1;0,0000;0,00;0;1;1;9;0;0;410;2048;2048
137,5000;295,2693;11,40;-0,7742;-0,0604;0,0000;0,0000;0,0000;0,0000;0,0000;-0,0755;-1,05;-1,82;1;0,0000;0,00;0;1;1;9;0;0;410;2048;2048
137,5139;295,2693;11,40;-0,7631;-0,0613;0,0000;0,0000;0,0000;0,0000;0,0000;-0,0766;-1,07;-1,83;1;0,0000;0,00;0;1;1;9;0;0;410;2048;2048
137,5278;295,2693;11,40;-0,7351;-0,0621;0,0000;0,0000;0,0000;0,0000;0,0000;-0,0776;-1,09;-1,83;1;0,0000;0,00;0;1;1;9;0;0;410;2048;2048
137,5417;295,2693;11,40;-0,6918;-0,0630;0,0000;0,0000;0,0000;0,0000;0,0000;-0,0787;-1,11;-1,80;1;0,0000;0,00;0;1;1;9;0;0;410;2048;2048
137,5556;295,2693;11,40;-0,6419;-0,0638;0,0000;0,0000;0,0000;0,0000;0,0000;-0,0798;-1,13;-1,77;1;0,0000;0,00;0;1;1;9;0;0;410;2048;2048
137,5694;295,2959;11,40;-0,5976;-0,0646;0,0000;0,0000;0,0000;0,0000;0,0000;-0,0808;-1,15;-1,74;1;0,0000;0,00;0;1;1;9;0;0;410;2048;2048
137,5833;295,3399;11,40;-0,5493;-0,0655;0,0000;0,0000;0,0000;0,0000;0,0000;-0,0819;-1,16;-1,71;1;0,0000;0,00;0;1;1;9;0;0;410;2048;2048
137,5972;295,3839;11,40;-0,4886;-0,0663;0,0000;0,0000;0,0000;0,0000;0,0000;-0,0829;-1,18;-1,66;1;0,0000;0,00;0;1;1;9;0;0;410;2048;2048
137,6111;295,4278;11,40;-0,4168;-0,0672;0,0000;0,0000;0,0000;0,0000;0,0000;-0,0839;-1,19;-1,60;1;0,0000;0,00;0;1;1;9;0;0;410;2048;2048
137,6250;295,4718;11,40;-0,3095;-0,0679;0,0000;0,0000;0,0000;0,0000;0,0000;-0,0849;-1,20;-1,50;1;0,0000;0,00;0;1;1;9;0;0;410;2048;2048
137,6389;295,7260;11,20;-0,2019;-0,0687;0,0000;0,0000;0,0000;0,0000;0,0000;-0,0859;-1,20;-1,40;1;0,0000;0,00;0;1;1;9;0;0;410;2048;2048
137,6528;295,7260;11,20;-0,0425;-0,0694;0,0000;0,0000;0,0000;0,0000;0,0000;-0,0868;-1,20;-1,24;1;0,0000;0,00;0;1;1;9;0;0;410;2048;2048
137,6667;295,7260;11,20;0,1193;-0,0701;0,0000;0,0000;0,0000;0,0000;0,0000;-0,0876;-1,20;-1,08;1;0,0000;0,00;0;1;1;9;0;0;410;2048;2048
137,6806;295,7260;11,20;0,3474;-0,0707;0,0000;0,0000;0,0000;0,0000;0,0000;-0,0884;-1,19;-0,84;1;0,0000;0,00;0;1;1;9;0;0;410;2048;2048
137,6944;295,7260;11,20;0,5900;-0,0713;0,0000;0,0000;0,0000;0,0000;0,0000;-0,0891;-1,17;-0,58;1;0,0000;0,00;0;1;1;9;0;0;410;2048;2048
137,7083;295,7318;11,20;0,8351;-0,0718;0,0000;0,0000;0,0000;0,0000;0,0000;-0,0897;-1,14;-0,31;1;0,0000;0,00;0;1;1;9;0;0;410;2048;2048
137,7222;295,7750;11,20;1,0504;-0,0722;0,0000;0,0000;0,0000;0,0000;0,0000;-0,0903;-1,11;-0,06;1;0,0000;0,00;0;1;1;9;0;0;410;2048;2048
137,7361;295,8182;11,20;1,3193;-0,0726;0,0000;0,0000;0,0000;0,0000;0,0000;-0,0907;-1,08;0,24;1;0,0000;0,00;0;1;1;9;0;0;410;2048;2048
137,7500;295,8614;11,20;1,5695;-0,0728;0,0000;0,0000;0,0000;0,0000;0,0000;-0,0910;-1,03;0,54;1;0,0000;0,00;0;1;1;9;0;0;410;2048;2048
137,7639;295,9046;11,20;1,8363;-0,0730;0,0000;0,0000;0,0000;0,0000;0,0000;-0,0913;-0,98;0,86;1;0,0000;0,00;0;1;1;9;0;0;410;2048;2048
137,7778;295,9478;11,20;2,1088;-0,0731;0,0000;0,0000;0,0000;0,0000;0,0000;-0,0914;-0,92;1,19;1;0,0000;0,00;0;1;1;9;0;0;410;2048;2048
137,7917;296,1780;11,20;2,3687;-0,0731;0,0000;0,0000;0,0000;0,0000;0,0000;-0,0914;-0,85;1,52;1;0,0000;0,00;0;1;1;9;0;0;410;2048;2048
137,8056;296,1780;11,20;2,6215;-0,0730;0,0000;0,0000;0,0000;0,0000;0,0000;-0,0912;-0,77;1,85;1;0,0000;0,00;0;1;1;9;0;0;410;2048;2048
137,8194;296,1780;11,20;2,8488;-0,0728;0,0000;0,0000;0,0000;0,0000;0,0000;-0,0910;-0,69;2,16;1;0,0000;0,00;0;1;1;9;0;0;410;2048;2048
137,8333;296,1780;11,20;3,0352;-0,0724;0,0000;0,0000;0,0000;0,0000;0,0000;-0,0906;-0,60;2,43;1;0,0000;0,00;0;1;1;9;0;0;410;2048;2048
137,8472;296,1780;11,20;3,1999;-0,0720;0,0000;0,0000;0,0000;0,0000;0,0000;-0,0900;-0,51;2,69;1;0,0000;0,00;0;1;1;9;0;0;410;2048;2048
137,8611;296,2071;11,20;3,3795;-0,0715;0,0000;0,0000;0,0000;0,0000;0,0000;-0,0894;-0,41;2,97;1;0,0000;0,00;0;1;1;9;0;0;410;2048;2048
137,8750;296,2503;11,40;3,5259;-0,0709;0,0000;0,0000;0,0000;0,0000;0,0000;-0,0886;-0,31;3,22;1;0,0000;0,00;0;1;1;9;0;0;410;2048;2048
137,8889;296,2943;11,40;3,6460;-0,0702;0,0000;0,0000;0,0000;0,0000;0,0000;-0,0877;-0,20;3,45;1;0,0000;0,00;0;1;1;9;0;0;410;2048;2048
137,9028;296,3383;11,40;3,6928;-0,0694;0,0000;0,0000;0,0000;0,0000;0,0000;-0,0867;-0,09;3,60;1;0,0000;0,00;0;1;1;9;0;0;410;2048;2048
137,9167;296,3823;11,40;3,7098;-0,0685;0,0000;0,0000;0,0000;0,0000;0,0000;-0,0857;0,02;3,73;1;0,0000;0,00;0;1;1;9;0;0;410;2048;2048
137,9306;296,6379;11,40;3,7210;-0,0676;0,0000;0,0000;0,0000;0,0000;0,0000;-0,0845;0,13;3,85;1;0,0000;0,00;0;1;1;9;0;0;410;2048;2048
137,9444;296,6379;11,40;3,7060;-0,0666;0,0000;0,0000;0,0000;0,0000;0,0000;-0,0833;0,24;3,95;1;0,0000;0,00;0;1;1;9;0;0;410;2048;2048
137,9583;296,6379;11,40;3,6835;-0,0656;0,0000;0,0000;0,0000;0,0000;0,0000;-0,0820;0,35;4,03;1;0,0000;0,00;0;1;1;9;0;0;410;2048;2048
137,9722;296,6379;11,40;3,6728;-0,0645;0,0000;0,0000;0,0000;0,0000;0,0000;-0,0806;0,46;4,13;1;0,0000;0,00;0;1;1;9;0;0;410;2048;2048
137,9861;296,6379;11,40;3,6415;-0,0633;0,0000;0,0000;0,0000;0,0000;0,0000;-0,0791;0,56;4,21;1;0,0000;0,00;0;1;1;9;0;0;410;2048;2048
138,0000;296,6461;11,40;3,5788;-0,0621;0,0000;0,0000;0,0000;0,0000;0,0000;-0,0776;0,67;4,25;1;0,0000;0,00;0;1;1;9;0;0;410;2048;2048
138,0139;296,6901;11,40;3,4802;-0,0608;0,0000;0,0000;0,0000;0,0000;0,0000;-0,0761;0,77;4,25;1;0,0000;0,00;0;1;1;9;0;0;410;2048;2048
138,0278;296,7341;11,40;3,3748;-0,0596;0,0000;0,0000;0,0000;0,0000;0,0000;-0,0744;0,87;4,24;1;0,0000;0,00;0;1;1;9;0;0;410;2048;2048
138,0417;296,7780;11,40;3,2824;-0,0582;0,0000;0,0000;0,0000;0,0000;0,0000;-0,0728;0,97;4,25;1;0,0000;0,00;0;1;1;9;0;0;410;2048;2048
138,0556;296,8220;11,40;3,1349;-0,0569;0,0000;0,0000;0,0000;0,0000;0,0000;-0,0711;1,06;4,19;1;0,0000;0,00;0;1;1;9;0;0;410;2048;2048
138,0694;297,0938;11,40;2,9783;-0,0555;0,0000;0,0000;0,0000;0,0000;0,0000;-0,0694;1,15;4,12;1;0,0000;0,00;0;1;1;9;0;0;410;2048;2048
138,0833;297,0938;11,40;2,8184;-0,0541;0,0000;0,0000;0,0000;0,0000;0,0000;-0,0676;1,23;4,05;1;0,0000;0,00;0;1;1;9;0;0;410;2048;2048
138,0972;297,0938;11,40;2,7131;-0,0527;0,0000;0,0000;0,0000;0,0000;0,0000;-0,0659;1,31;4,02;1;0,0000;0,00;0;1;1;9;0;0;410;2048;2048
138,1111;297,0938;11,40;2,6132;-0,0513;0,0000;0,0000;0,0000;0,0000;0,0000;-0,0641;1,38;4,00;1;0,0000;0,00;0;1;1;9;0;1;410;2048;2048
138,1250;297,0938;11,40;2,5546;-0,0498;0,0000;0,0000;0,0000;0,0000;0,0000;-0,0622;1,46;4,01;1;0,0000;0,00;0;1;1;9;0;1;410;2048;2048
138,1389;297,0938;11,40;2,4763;-0,0483;0,0000;0,0000;0,0000;0,0000;0,0000;-0,0604;1,53;4,01;1;0,0000;0,00;0;1;1;9;0;1;410;2048;2048
138,1528;297,1296;11,40;2,4098;-0,0468;0,0000;0,0000;0,0000;0,0000;0,0000;-0,0585;1,60;4,01;1;0,0000;0,00;0;1;1;9;0;1;410;2048;2048
138,1667;297,1736;11,40;2,3428;-0,0453;0,0000;0,0000;0,0000;0,0000;0,0000;-0,0566;1,67;4,01;1;0,0000;0,00;0;1;1;9;0;1;410;2048;2048
138,1806;297,2175;11,40;2,2278;-0,0437;0,0000;0,0000;0,0000;0,0000;0,0000;-0,0546;1,74;3,97;1;0,0000;0,00;0;1;1;9;0;1;410;2048;2048
138,1944;297,2615;11,40;2,0534;-0,0421;0,0000;0,0000;0,0000;0,0000;0,0000;-0,0527;1,80;3,85;1;0,0000;0,00;0;1;1;9;0;1;410;2048;2048
138,2083;297,3054;11,40;1,9409;-0,0406;0,0000;0,0000;0,0000;0,0000;0,0000;-0,0507;1,86;3,80;1;0,0000;0,00;0;1;1;9;0;1;410;2048;2048
138,2222;297,5447;11,40;1,8460;-0,0390;0,0000;0,0000;0,0000;0,0000;0,0000;-0,0488;1,91;3,76;1;0,0000;0,00;0;1;1;9;0;1;410;2048;2048
138,2361;297,5447;11,40;1,7825;-0,0374;0,0000;0,0000;0,0000;0,0000;0,0000;-0,0468;1,96;3,75;1;0,0000;0,00;0;1;1;9;0;1;410;2048;2048
138,2500;297,5447;11,40;1,7351;-0,0358;0,0000;0,0000;0,0000;0,0000;0,0000;-0,0447;2,02;3,75;1;0,0000;0,00;0;1;1;9;0;0;410;2048;2048
138,2639;297,5447;11,40;1,6145;-0,0342;0,0000;0,0000;0,0000;0,0000;0,0000;-0,0427;2,06;3,68;1;0,0000;0,00;0;1;1;9;0;0;410;2048;2048
138,2778;297,5447;11,40;1,5336;-0,0325;0,0000;0,0000;0,0000;0,0000;0,0000;-0,0406;2,11;3,64;1;0,0000;0,00;0;1;1;9;0;0;410;2048;2048
138,2917;297,5690;11,40;1,4192;-0,0309;0,0000;0,0000;0,0000;0,0000;0,0000;-0,0386;2,15;3,57;1;0,0000;0,00;0;1;1;9;0;0;410;2048;2048
138,3056;297,6130;11,40;1,3008;-0,0293;0,0000;0,0000;0,0000;0,0000;0,0000;-0,0366;2,19;3,49;1;0,0000;0,00;0;1;1;9;0;0;410;2048;2048
138,3194;297,6569;11,40;1,1989;-0,0276;0,0000;0,0000;0,0000;0,0000;0,0000;-0,0345;2,22;3,42;1;0,0000;0,00;0;1;1;4;0;0;410;2048;2048
138,3333;297,7008;11,40;1,0919;-0,0260;0,0000;0,0000;0,0000;0,0000;0,0000;-0,0325;2,25;3,35;1;0,0000;0,00;0;1;1;4;0;0;410;2048;2048
138,3472;297,7448;11,40;0,9997;-0,0244;0,0000;0,0000;0,0000;0,0000;0,0000;-0,0305;2,28;3,28;1;0,0000;0,00;0;1;1;4;0;0;410;2048;2048
138,3611;298,0011;11,40;0,8964;-0,0227;0,0000;0,0000;0,0000;0,0000;0,0000;-0,0284;2,31;3,21;1;0,0000;0,00;0;1;1;4;0;0;410;2048;2048
138,3750;298,0011;11,40;0,7908;-0,0211;0,0000;0,0000;0,0000;0,0000;0,0000;-0,0264;2,33;3,13;1;0,0000;0,00;0;1;1;4;0;0;410;2048;2048
138,3889;298,0011;11,40;0,6961;-0,0195;0,0000;0,0000;0,0000;0,0000;0,0000;-0,0244;2,35;3,05;1;0,0000;0,00;0;1;1;4;0;0;410;2048;2048
138,4028;298,0011;11,40;0,6461;-0,0180;0,0000;0,0000;0,0000;0,0000;0,0000;-0,0224;2,37;3,02;1;0,0000;0,00;0;1;1;4;0;0;410;2048;2048
138,4167;298,0011;11,40;0,5324;-0,0164;0,0000;0,0000;0,0000;0,0000;0,0000;-0,0205;2,39;2,92;1;0,0000;0,00;0;1;1;4;0;0;410;2048;2048
138,4306;298,0084;11,40;0,4405;-0,0148;0,0000;0,0000;0,0000;0,0000;0,0000;-0,0185;2,40;2,84;1;0,0000;0,00;0;1;1;4;0;0;410;2048;2048
138,4444;298,0523;11,40;0,3438;-0,0133;0,0000;0,0000;0,0000;0,0000;0,0000;-0,0166;2,41;2,76;1;0,0000;0,00;0;1;1;4;0;0;410;2048;2048
138,4583;298,0963;11,40;0,2216;-0,0117;0,0000;0,0000;0,0000;0,0000;0,0000;-0,0147;2,42;2,64;1;0,0000;0,00;0;1;1;4;0;0;410;2048;2048
138,4722;298,1402;11,40;0,1150;-0,0102;0,0000;0,0000;0,0000;0,0000;0,0000;-0,0128;2,43;2,54;1;0,0000;0,00;0;1;1;4;0;0;410;2048;2048
138,4861;298,1841;11,40;0,0044;-0,0087;0,0000;0,0000;0,0000;0,0000;0,0000;-0,0109;2,43;2,43;1;0,0000;0,00;0;1;1;4;0;0;410;2048;2048
138,5000;298,2281;11,40;-0,1198;-0,0073;0,0000;0,0000;0,0000;0,0000;0,0000;-0,0091;2,42;2,30;1;0,0000;0,00;0;1;1;4;0;0;410;2048;2048
138,5139;298,4566;11,40;-0,2952;-0,0059;0,0000;0,0000;0,0000;0,0000;0,0000;-0,0073;2,41;2,12;1;0,0000;0,00;0;1;1;4;0;0;410;2048;2048
138,5278;298,4566;11,40;-0,4089;-0,0045;0,0000;0,0000;0,0000;0,0000;0,0000;-0,0056;2,40;1,99;1;0,0000;0,00;0;1;1;4;0;0;410;2048;2048
138,5417;298,4566;11,40;-0,5288;-0,0032;0,0000;0,0000;0,0000;0,0000;0,0000;-0,0040;2,39;1,86;1;0,0000;0,00;0;1;1;4;0;0;410;2048;2048
138,5556;298,4566;11,40;-0,6416;-0,0019;0,0000;0,0000;0,0000;0,0000;0,0000;-0,0023;2,37;1,73;1;0,0000;0,00;0;1;1;4;0;0;410;2048;2048
138,5694;298,4566;11,40;-0,7307;-0,0006;0,0000;0,0000;0,0000;0,0000;0,0000;-0,0008;2,35;1,62;1;0,0000;0,00;0;1;1;4;0;0;410;2048;2048
138,5833;298,4918;11,40;-0,8237;0,0006;0,0000;0,0000;0,0000;0,0000;0,0000;0,0008;2,32;1,50;1;0,0000;0,00;0;1;1;4;0;0;410;2048;2048
138,5972;298,5358;11,40;-0,9150;0,0018;0,0000;0,0000;0,0000;0,0000;0,0000;0,0023;2,29;1,38;1;0,0000;0,00;0;1;1;4;0;0;410;2048;2048
138,6111;298,5797;11,40;-0,9569;0,0030;0,0000;0,0000;0,0000;0,0000;0,0000;0,0038;2,27;1,31;1;0,0000;0,00;0;1;1;4;0;0;410;2048;2048
138,6250;298,6237;11,40;-0,9934;0,0041;0,0000;0,0000;0,0000;0,0000;0,0000;0,0052;2,24;1,24;1;0,0000;0,00;0;1;1;4;0;0;410;2048;2048
138,6389;298,6676;11,40;-1,0204;0,0052;0,0000;0,0000;0,0000;0,0000;0,0000;0,0066;2,21;1,19;1;0,0000;0,00;0;1;1;4;0;0;410;2048;2048
138,6528;298,9119;11,40;-1,0610;0,0064;0,0000;0,0000;0,0000;0,0000;0,0000;0,0079;2,17;1,11;1;0,0000;0,00;0;1;1;4;0;0;410;2048;2048
138,6667;298,9119;11,40;-1,0804;0,0074;0,0000;0,0000;0,0000;0,0000;0,0000;0,0093;2,14;1,06;1;0,0000;0,00;0;1;1;4;0;0;410;2048;2048
138,6806;298,9119;11,40;-1,0798;0,0085;0,0000;0,0000;0,0000;0,0000;0,0000;0,0106;2,11;1,03;1;0,0000;0,00;0;1;1;4;0;0;410;2048;2048
138,6944;298,9119;11,40;-1,0543;0,0095;0,0000;0,0000;0,0000;0,0000;0,0000;0,0118;2,08;1,02;1;0,0000;0,00;0;1;1;4;0;0;410;2048;2048
138,7083;298,9119;11,40;-0,9609;0,0105;0,0000;0,0000;0,0000;0,0000;0,0000;0,0131;2,05;1,09;1;0,0000;0,00;0;1;1;4;0;0;410;2048;2048
138,7222;298,9314;11,40;-0,8385;0,0115;0,0000;0,0000;0,0000;0,0000;0,0000;0,0144;2,02;1,19;1;0,0000;0,00;0;1;1;4;0;0;410;2048;2048
138,7361;298,9754;11,40;-0,6838;0,0126;0,0000;0,0000;0,0000;0,0000;0,0000;0,0158;2,00;1,32;1;0,0000;0,00;0;1;1;4;0;0;410;2048;2048
138,7500;299,0193;11,40;-0,5765;0,0137;0,0000;0,0000;0,0000;0,0000;0,0000;0,0171;1,99;1,41;1;0,0000;0,00;0;1;1;4;0;0;410;2048;2048
138,7639;299,0633;11,40;-0,3160;0,0148;0,0000;0,0000;0,0000;0,0000;0,0000;0,0185;1,98;1,66;1;0,0000;0,00;0;1;1;4;0;0;410;2048;2048
138,7778;299,1073;11,40;-0,0607;0,0160;0,0000;0,0000;0,0000;0,0000;0,0000;0,0200;1,97;1,91;1;0,0000;0,00;0;1;1;4;0;0;410;2048;2048
138,7917;299,3681;11,40;-0,0097;0,0172;0,0000;0,0000;0,0000;0,0000;0,0000;0,0215;1,97;1,96;1;0,0000;0,00;0;1;1;4;0;0;410;2048;2048
138,8056;299,3681;11,40;0,2118;0,0185;0,0000;0,0000;0,0000;0,0000;0,0000;0,0231;1,98;2,19;1;0,0000;0,00;0;1;1;4;0;0;410;2048;2048
138,8194;299,3681;11,40;0,5278;0,0198;0,0000;0,0000;0,0000;0,0000;0,0000;0,0247;1,99;2,52;1;0,0000;0,00;0;1;1;4;0;0;410;2048;2048
138,8333;299,3681;11,40;0,6268;0,0211;0,0000;0,0000;0,0000;0,0000;0,0000;0,0264;2,01;2,64;1;0,0000;0,00;0;1;1;4;0;0;410;2048;2048
138,8472;299,3681;11,40;0,7193;0,0225;0,0000;0,0000;0,0000;0,0000;0,0000;0,0282;2,03;2,75;1;0,0000;0,00;0;1;1;4;0;0;410;2048;2048
138,8611;299,3710;11,40;0,7639;0,0239;0,0000;0,0000;0,0000;0,0000;0,0000;0,0299;2,05;2,82;1;0,0000;0,00;0;1;1;4;0;0;410;2048;2048
138,8750;299,4149;11,60;0,7971;0,0254;0,0000;0,0000;0,0000;0,0000;0,0000;0,0317;2,08;2,87;1;0,0000;0,00;0;1;1;4;0;0;410;2048;2048
138,8889;299,4596;11,60;0,8703;0,0269;0,0000;0,0000;0,0000;0,0000;0,0000;0,0336;2,10;2,97;1;0,0000;0,00;0;1;1;4;0;0;410;2048;2048
138,9028;299,5044;11,60;0,8937;0,0284;0,0000;0,0000;0,0000;0,0000;0,0000;0,0355;2,13;3,02;1;0,0000;0,00;0;1;1;4;0;0;410;2048;2048
138,9167;299,5491;11,60;0,9128;0,0300;0,0000;0,0000;0,0000;0,0000;0,0000;0,0375;2,16;3,07;1;0,0000;0,00;0;1;1;4;0;0;410;2048;2048
138,9306;299,5938;11,60;0,9167;0,0316;0,0000;0,0000;0,0000;0,0000;0,0000;0,0395;2,19;3,10;1;0,0000;0,00;0;1;1;4;0;0;410;2048;2048
138,9444;299,8234;11,60;0,9297;0,0332;0,0000;0,0000;0,0000;0,0000;0,0000;0,0415;2,21;3,14;1;0,0000;0,00;0;1;1;4;0;0;410;2048;2048
138,9583;299,8234;11,60;0,9341;0,0348;0,0000;0,0000;0,0000;0,0000;0,0000;0,0435;2,24;3,18;1;0,0000;0,00;0;1;1;4;0;0;410;2048;2048
138,9722;299,8234;11,60;0,9332;0,0365;0,0000;0,0000;0,0000;0,0000;0,0000;0,0456;2,27;3,20;1;0,0000;0,00;0;1;1;4;0;0;410;2048;2048
138,9861;299,8234;11,60;0,9165;0,0381;0,0000;0,0000;0,0000;0,0000;0,0000;0,0477;2,30;3,22;1;0,0000;0,00;0;1;1;4;0;0;410;2048;2048
139,0000;299,8234;11,60;0,8884;0,0398;0,0000;0,0000;0,0000;0,0000;0,0000;0,0498;2,33;3,21;1;0,0000;0,00;0;1;1;4;0;0;410;2048;2048
139,0139;299,8620;11,60;0,8828;0,0415;0,0000;0,0000;0,0000;0,0000;0,0000;0,0519;2,35;3,24;1;0,0000;0,00;0;1;1;4;0;0;410;2048;2048
139,0278;299,9067;11,60;0,8337;0,0432;0,0000;0,0000;0,0000;0,0000;0,0000;0,0540;2,38;3,21;1;0,0000;0,00;0;1;1;4;0;0;410;2048;2048
139,0417;299,9514;11,60;0,8071;0,0449;0,0000;0,0000;0,0000;0,0000;0,0000;0,0561;2,40;3,21;1;0,0000;0,00;0;1;1;4;0;0;410;2048;2048
139,0556;299,9961;11,60;0,7802;0,0466;0,0000;0,0000;0,0000;0,0000;0,0000;0,0582;2,43;3,21;1;0,0000;0,00;0;1;1;4;0;0;410;2048;2048
139,0694;300,0408;11,60;0,7500;0,0483;0,0000;0,0000;0,0000;0,0000;0,0000;0,0604;2,45;3,20;1;0,0000;0,00;0;1;1;4;0;0;410;2048;2048
139,0833;300,2791;11,60;0,7082;0,0500;0,0000;0,0000;0,0000;0,0000;0,0000;0,0625;2,47;3,18;1;0,0000;0,00;0;1;1;4;0;0;410;2048;2048
139,0972;300,2791;11,60;0,6682;0,0517;0,0000;0,0000;0,0000;0,0000;0,0000;0,0647;2,49;3,16;1;0,0000;0,00;0;1;1;4;0;0;410;2048;2048
139,1111;300,2791;11,60;0,6154;0,0534;0,0000;0,0000;0,0000;0,0000;0,0000;0,0668;2,51;3,12;1;0,0000;0,00;0;1;1;4;0;0;410;2048;2048
139,1250;300,2791;11,70;0,5711;0,0552;0,0000;0,0000;0,0000;0,0000;0,0000;0,0690;2,53;3,10;1;0,0000;0,00;0;1;1;4;0;0;410;2048;2048
139,1389;300,2791;11,70;0,5187;0,0569;0,0000;0,0000;0,0000;0,0000;0,0000;0,0711;2,54;3,06;1;0,0000;0,00;0;1;1;4;0;0;410;2048;2048
139,1528;300,3098;11,70;0,4725;0,0586;0,0000;0,0000;0,0000;0,0000;0,0000;0,0733;2,56;3,03;1;0,0000;0,00;0;1;1;4;0;0;410;2048;2048
139,1667;300,3549;11,70;0,4333;0,0604;0,0000;0,0000;0,0000;0,0000;0,0000;0,0755;2,57;3,01;1;0,0000;0,00;0;1;1;4;0;0;410;2048;2048
139,1806;300,4000;11,70;0,3795;0,0621;0,0000;0,0000;0,0000;0,0000;0,0000;0,0776;2,58;2,96;1;0,0000;0,00;0;1;1;4;0;0;410;2048;2048
139,1944;300,4451;11,70;0,3237;0,0638;0,0000;0,0000;0,0000;0,0000;0,0000;0,0798;2,59;2,92;1;0,0000;0,00;0;1;1;4;0;0;410;2048;2048
139,2083;300,4901;11,70;0,2712;0,0656;0,0000;0,0000;0,0000;0,0000;0,0000;0,0819;2,60;2,87;1;0,0000;0,00;0;1;1;4;0;0;410;2048;2048
139,2222;300,7351;11,70;0,2241;0,0673;0,0000;0,0000;0,0000;0,0000;0,0000;0,0841;2,61;2,83;1;0,0000;0,00;0;1;1;4;0;0;410;2048;2048
139,2361;300,7351;11,70;0,1798;0,0690;0,0000;0,0000;0,0000;0,0000;0,0000;0,0862;2,62;2,80;1;0,0000;0,00;0;1;1;4;0;0;410;2048;2048
139,2500;300,7351;11,70;0,1558;0,0707;0,0000;0,0000;0,0000;0,0000;0,0000;0,0883;2,62;2,78;1;0,0000;0,00;0;1;1;4;0;0;410;2048;2048
139,2639;300,7351;11,70;0,1363;0,0724;0,0000;0,0000;0,0000;0,0000;0,0000;0,0905;2,63;2,76;1;0,0000;0,00;0;1;1;4;0;0;410;2048;2048
139,2778;300,7351;11,70;0,1152;0,0741;0,0000;0,0000;0,0000;0,0000;0,0000;0,0926;2,63;2,75;1;0,0000;0,00;0;1;1;4;0;0;410;2048;2048
139,2917;300,7607;11,70;0,1052;0,0758;0,0000;0,0000;0,0000;0,0000;0,0000;0,0947;2,63;2,74;1;0,0000;0,00;0;1;1;4;0;0;410;2048;2048
139,3056;300,8058;11,70;0,1055;0,0775;0,0000;0,0000;0,0000;0,0000;0,0000;0,0968;2,64;2,74;1;0,0000;0,00;0;1;1;4;0;0;410;2048;2048
139,3194;300,8509;11,70;0,1086;0,0791;0,0000;0,0000;0,0000;0,0000;0,0000;0,0989;2,64;2,75;1;0,0000;0,00;0;1;1;6;0;0;410;2048;2048
139,3333;300,8960;11,70;0,1283;0,0808;0,0000;0,0000;0,0000;0,0000;0,0000;0,1010;2,64;2,77;1;0,0000;0,00;0;1;1;6;0;0;410;2048;2048
139,3472;300,9410;11,70;0,1429;0,0826;0,0000;0,0000;0,0000;0,0000;0,0000;0,1032;2,65;2,79;1;0,0000;0,00;0;1;1;6;0;0;410;2048;2048
139,3611;301,1900;11,70;0,1587;0,0843;0,0000;0,0000;0,0000;0,0000;0,0000;0,1053;2,65;2,81;1;0,0000;0,00;0;1;1;6;0;0;410;2048;2048
139,3750;301,1900;11,70;0,1887;0,0860;0,0000;0,0000;0,0000;0,0000;0,0000;0,1075;2,66;2,85;1;0,0000;0,00;0;1;1;6;0;0;410;2048;2048
139,3889;301,1900;11,70;0,2177;0,0878;0,0000;0,0000;0,0000;0,0000;0,0000;0,1097;2,67;2,89;1;0,0000;0,00;0;1;1;6;0;0;410;2048;2048
139,4028;301,1900;11,70;0,2858;0,0895;0,0000;0,0000;0,0000;0,0000;0,0000;0,1119;2,68;2,96;1;0,0000;0,00;0;1;1;6;0;0;410;2048;2048
139,4167;301,1900;11,70;0,3207;0,0913;0,0000;0,0000;0,0000;0,0000;0,0000;0,1141;2,69;3,01;1;0,0000;0,00;0;1;1;6;0;0;410;2048;2048
139,4306;301,2115;11,70;0,3704;0,0931;0,0000;0,0000;0,0000;0,0000;0,0000;0,1163;2,70;3,07;1;0,0000;0,00;0;1;1;6;0;0;410;2048;2048
139,4444;301,2567;11,70;0,3993;0,0949;0,0000;0,0000;0,0000;0,0000;0,0000;0,1186;2,71;3,11;1;0,0000;0,00;0;1;1;6;0;0;410;2048;2048
139,4583;301,3017;11,70;0,4546;0,0967;0,0000;0,0000;0,0000;0,0000;0,0000;0,1209;2,73;3,18;1;0,0000;0,00;0;1;1;6;0;0;410;2048;2048
139,4722;301,3468;11,70;0,5242;0,0986;0,0000;0,0000;0,0000;0,0000;0,0000;0,1232;2,74;3,27;1;0,0000;0,00;0;1;1;6;0;0;410;2048;2048
139,4861;301,3919;11,70;0,6003;0,1005;0,0000;0,0000;0,0000;0,0000;0,0000;0,1256;2,76;3,36;1;0,0000;0,00;0;1;1;6;0;0;410;2048;2048
139,5000;301,6463;11,70;0,6958;0,1024;0,0000;0,0000;0,0000;0,0000;0,0000;0,1280;2,78;3,48;1;0,0000;0,00;0;1;1;6;0;0;410;2048;2048
139,5139;301,6463;11,70;0,7831;0,1043;0,0000;0,0000;0,0000;0,0000;0,0000;0,1304;2,80;3,59;1;0,0000;0,00;0;1;1;6;0;0;410;2048;2048
139,5278;301,6463;11,70;0,8858;0,1063;0,0000;0,0000;0,0000;0,0000;0,0000;0,1329;2,83;3,72;1;0,0000;0,00;0;1;1;6;0;0;410;2048;2048
139,5417;301,6463;11,70;0,9508;0,1083;0,0000;0,0000;0,0000;0,0000;0,0000;0,1354;2,86;3,81;1;0,0000;0,00;0;1;1;6;0;0;410;2048;2048
139,5556;301,6463;11,70;0,9984;0,1104;0,0000;0,0000;0,0000;0,0000;0,0000;0,1380;2,89;3,89;1;0,0000;0,00;0;1;1;6;0;0;410;2048;2048
139,5694;301,6623;11,70;1,0281;0,1125;0,0000;0,0000;0,0000;0,0000;0,0000;0,1406;2,92;3,95;1;0,0000;0,00;0;1;1;6;0;0;410;2048;2048
139,5833;301,7074;11,70;1,0519;0,1146;0,0000;0,0000;0,0000;0,0000;0,0000;0,1432;2,95;4,01;1;0,0000;0,00;0;1;1;6;0;0;410;2048;2048
139,5972;301,7524;11,70;1,0727;0,1167;0,0000;0,0000;0,0000;0,0000;0,0000;0,1458;2,99;4,06;1;0,0000;0,00;0;1;1;6;0;0;410;2048;2048
139,6111;301,7975;11,70;1,0980;0,1188;0,0000;0,0000;0,0000;0,0000;0,0000;0,1485;3,02;4,12;1;0,0000;0,00;0;1;1;6;0;0;410;2048;2048
139,6250;301,8425;11,70;1,1275;0,1210;0,0000;0,0000;0,0000;0,0000;0,0000;0,1512;3,06;4,18;1;0,0000;0,00;0;1;1;6;0;0;410;2048;2048
139,6389;302,1020;11,70;1,1651;0,1232;0,0000;0,0000;0,0000;0,0000;0,0000;0,1540;3,09;4,26;1;0,0000;0,00;0;1;1;6;0;0;410;2048;2048
139,6528;302,1020;11,70;1,1999;0,1254;0,0000;0,0000;0,0000;0,0000;0,0000;0,1568;3,13;4,33;1;0,0000;0,00;0;1;1;6;0;0;410;2048;2048
139,6667;302,1020;11,70;1,2199;0,1277;0,0000;0,0000;0,0000;0,0000;0,0000;0,1596;3,16;4,38;1;0,0000;0,00;0;1;1;6;0;0;410;2048;2048
139,6806;302,1020;11,70;1,2421;0,1300;0,0000;0,0000;0,0000;0,0000;0,0000;0,1625;3,20;4,44;1;0,0000;0,00;0;1;1;6;0;0;410;2048;2048
139,6944;302,1020;11,70;1,2521;0,1323;0,0000;0,0000;0,0000;0,0000;0,0000;0,1654;3,24;4,49;1;0,0000;0,00;0;1;1;6;0;0;410;2048;2048
139,7083;302,1129;11,70;1,2470;0,1347;0,0000;0,0000;0,0000;0,0000;0,0000;0,1683;3,28;4,53;1;0,0000;0,00;0;1;1;6;0;0;410;2048;2048
139,7222;302,1579;11,70;1,2264;0,1370;0,0000;0,0000;0,0000;0,0000;0,0000;0,1713;3,32;4,54;1;0,0000;0,00;0;1;1;6;0;0;410;2048;2048
139,7361;302,2029;11,70;1,1941;0,1394;0,0000;0,0000;0,0000;0,0000;0,0000;0,1742;3,35;4,55;1;0,0000;0,00;0;1;1;6;0;0;410;2048;2048
139,7500;302,2480;11,70;1,1693;0,1418;0,0000;0,0000;0,0000;0,0000;0,0000;0,1772;3,39;4,56;1;0,0000;0,00;0;1;1;6;0;0;410;2048;2048
139,7639;302,2930;11,70;1,1494;0,1442;0,0000;0,0000;0,0000;0,0000;0,0000;0,1803;3,42;4,57;1;0,0000;0,00;0;1;1;6;0;0;410;2048;2048
139,7778;302,5569;11,70;1,1365;0,1466;0,0000;0,0000;0,0000;0,0000;0,0000;0,1833;3,46;4,59;1;0,0000;0,00;0;1;1;6;0;0;410;2048;2048
139,7917;302,5569;11,70;1,1308;0,1491;0,0000;0,0000;0,0000;0,0000;0,0000;0,1864;3,49;4,62;1;0,0000;0,00;0;1;1;6;0;0;410;2048;2048
139,8056;302,5569;11,70;1,1306;0,1516;0,0000;0,0000;0,0000;0,0000;0,0000;0,1895;3,53;4,66;1;0,0000;0,00;0;1;1;6;0;0;410;2048;2048
139,8194;302,5569;11,70;1,1292;0,1541;0,0000;0,0000;0,0000;0,0000;0,0000;0,1926;3,56;4,69;1;0,0000;0,00;0;1;1;6;0;0;410;2048;2048
139,8333;302,5569;11,70;1,1267;0,1566;0,0000;0,0000;0,0000;0,0000;0,0000;0,1957;3,60;4,72;1;0,0000;0,00;0;1;1;6;0;0;410;2048;2048
139,8472;302,5632;11,70;1,1234;0,1591;0,0000;0,0000;0,0000;0,0000;0,0000;0,1989;3,63;4,75;1;0,0000;0,00;0;1;1;6;0;0;410;2048;2048
139,8611;302,6082;11,70;1,1127;0,1617;0,0000;0,0000;0,0000;0,0000;0,0000;0,2021;3,66;4,78;1;0,0000;0,00;0;1;1;6;0;0;410;2048;2048
139,8750;302,6533;11,70;1,1019;0,1642;0,0000;0,0000;0,0000;0,0000;0,0000;0,2053;3,70;4,80;1;0,0000;0,00;0;1;1;6;0;0;410;2048;2048
139,8889;302,6983;11,70;1,0930;0,1668;0,0000;0,0000;0,0000;0,0000;0,0000;0,2085;3,73;4,83;1;0,0000;0,00;0;1;1;6;0;0;410;2048;2048
139,9028;302,7433;11,70;1,0750;0,1694;0,0000;0,0000;0,0000;0,0000;0,0000;0,2118;3,77;4,84;1;0,0000;0,00;0;1;1;6;0;0;410;2048;2048
139,9167;303,0134;11,70;1,0622;0,1720;0,0000;0,0000;0,0000;0,0000;0,0000;0,2151;3,80;4,86;1;0,0000;0,00;0;1;1;6;0;0;410;2048;2048
139,9306;303,0134;11,70;1,0448;0,1747;0,0000;0,0000;0,0000;0,0000;0,0000;0,2184;3,83;4,87;1;0,0000;0,00;0;1;1;6;0;0;410;2048;2048
139,9444;303,0134;11,70;1,0251;0,1773;0,0000;0,0000;0,0000;0,0000;0,0000;0,2217;3,86;4,89;1;0,0000;0,00;0;1;1;6;0;0;410;2048;2048
139,9583;303,0134;11,70;0,9881;0,1800;0,0000;0,0000;0,0000;0,0000;0,0000;0,2250;3,89;4,88;1;0,0000;0,00;0;1;1;6;0;0;410;2048;2048
139,9722;303,0134;11,70;0,9650;0,1827;0,0000;0,0000;0,0000;0,0000;0,0000;0,2284;3,92;4,88;1;0,0000;0,00;0;1;1;6;0;0;410;2048;2048
139,9861;303,0134;11,70;0,9352;0,1854;0,0000;0,0000;0,0000;0,0000;0,0000;0,2317;3,95;4,88;1;0,0000;0,00;0;1;1;6;0;0;410;2048;2048
140,0000;303,0584;11,70;0,9232;0,1881;0,0000;0,0000;0,0000;0,0000;0,0000;0,2351;3,98;4,90;1;0,0000;0,00;0;1;1;6;0;0;410;2048;2048
140,0139;303,1035;11,70;0,9219;0,1908;0,0000;0,0000;0,0000;0,0000;0,0000;0,2385;4,01;4,93;1;0,0000;0,00;0;1;1;6;0;0;410;2048;2048
140,0278;303,1485;11,70;0,9282;0,1936;0,0000;0,0000;0,0000;0,0000;0,0000;0,2419;4,03;4,96;1;0,0000;0,00;0;1;1;6;0;0;410;2048;2048
140,0417;303,1935;11,70;0,9497;0,1963;0,0000;0,0000;0,0000;0,0000;0,0000;0,2454;4,06;5,01;1;0,0000;0,00;0;1;1;6;0;0;410;2048;2048
140,0556;303,2385;11,70;0,9660;0,1991;0,0000;0,0000;0,0000;0,0000;0,0000;0,2489;4,09;5,06;1;0,0000;0,00;0;1;1;6;0;0;410;2048;2048
140,0694;303,4687;11,70;0,9782;0,2019;0,0000;0,0000;0,0000;0,0000;0,0000;0,2524;4,12;5,10;1;0,0000;0,00;0;1;1;6;0;0;410;2048;2048
140,0833;303,4687;11,70;0,9909;0,2048;0,0000;0,0061;0,0000;0,0000;0,0000;0,2560;4,15;5,14;1;0,0000;0,00;0;1;1;6;0;0;410;2048;2036
140,0972;303,4687;11,70;1,0027;0,2076;0,0000;0,0248;0,0000;0,0000;0,0000;0,2596;4,18;5,19;1;0,0000;0,00;0;1;1;6;0;0;410;2048;1997
140,1111;303,4687;11,70;1,0268;0,2106;0,0000;0,0536;0,0000;0,0000;0,0000;0,2632;4,21;5,24;1;0,0000;0,00;0;1;1;6;0;0;410;2048;1938
140,1250;303,4687;11,70;1,0522;0,2135;0,0000;0,0861;0,0000;0,0000;0,0000;0,2669;4,25;5,30;1;0,0000;0,00;0;1;1;6;0;0;410;2048;1872
140,1389;303,5085;11,70;1,0768;0,2164;0,0000;0,1177;0,0000;0,0000;0,0000;0,2706;4,28;5,36;1;0,0000;0,00;0;1;1;6;0;0;410;2048;1807
140,1528;303,5534;11,70;1,0842;0,2194;0,0000;0,1472;0,0000;0,0000;0,0000;0,2743;4,31;5,40;1;0,0000;0,00;0;1;1;6;0;0;410;2048;1747
140,1667;303,5984;11,70;1,0782;0,2224;0,0000;0,1742;0,0000;0,0000;0,0000;0,2780;4,35;5,42;1;0,0000;0,00;0;1;1;6;0;0;410;2048;1691
140,1806;303,6434;11,70;1,0219;0,2254;0,0000;0,1989;0,0000;0,0000;0,0000;0,2818;4,38;5,40;1;0,0000;0,00;0;1;1;6;0;0;410;2048;1641
140,1944;303,6884;11,70;0,9236;0,2284;0,0000;0,2216;0,0000;0,0000;0,0000;0,2855;4,41;5,33;1;0,0000;0,00;0;1;1;6;0;0;410;2048;1594
140,2083;303,9243;11,70;0,8273;0,2314;0,0000;0,2426;0,0000;0,0000;0,0000;0,2893;4,43;5,26;1;0,0000;0,00;0;1;1;6;0;0;410;2048;1551
140,2222;303,9243;11,70;0,7238;0,2344;0,0000;0,2622;0,0000;0,0000;0,0000;0,2930;4,45;5,18;1;0,0000;0,00;0;1;1;6;0;0;410;2048;1511
140,2361;303,9243;11,70;0,5849;0,2373;0,0000;0,2808;0,0000;0,0000;0,0000;0,2967;4,47;5,06;1;0,0000;0,00;0;1;1;6;0;0;410;2048;1473
140,2500;303,9243;11,70;0,3880;0,2403;0,0000;0,2988;0,0000;0,0000;0,0000;0,3003;4,48;4,87;1;0,0000;0,00;0;1;1;6;0;0;410;2048;1436
140,2639;303,9243;11,70;0,1403;0,2431;0,0000;0,3162;0,0000;0,0000;0,0000;0,3039;4,49;4,63;1;0,0000;0,00;0;1;1;6;0;0;410;2048;1400
140,2778;303,9583;11,70;-0,0738;0,2459;0,0000;0,3333;0,0000;0,0000;0,0000;0,3074;4,49;4,41;1;0,0000;0,00;0;1;1;6;0;0;410;2048;1365
140,2917;304,0033;11,70;-0,1606;0,2487;0,0000;0,3502;0,0000;0,0000;0,0000;0,3109;4,48;4,32;1;0,0000;0,00;0;1;1;6;0;0;410;2048;1331
140,3056;304,0483;11,70;-0,3470;0,2515;0,0000;0,3670;0,0000;0,0000;0,0000;0,3144;4,47;4,12;1;0,0000;0,00;0;1;1;6;0;0;410;2048;1296
140,3194;304,0933;11,70;-0,5313;0,2542;0,0000;0,3837;0,0000;0,0000;0,0000;0,3178;4,46;3,93;1;0,0000;0,00;0;1;1;0;0;0;410;2048;1262
140,3333;304,1384;11,70;-0,7626;0,2568;0,0000;0,4003;0,0000;0,0000;0,0000;0,3211;4,43;3,67;1;0,0000;0,00;0;1;1;0;0;0;410;2048;1228
140,3472;304,3803;11,70;-0,8375;0,2594;0,0000;0,4168;0,0000;0,0000;0,0000;0,3243;4,41;3,57;1;0,0000;0,00;0;1;1;0;0;0;410;2048;1194
140,3611;304,3803;11,70;-0,9383;0,2620;0,0000;0,4331;0,0000;0,0000;0,0000;0,3275;4,38;3,44;1;0,0000;0,00;0;1;1;0;0;0;410;2048;1161
140,3750;304,3803;11,60;-1,1067;0,2645;0,0000;0,4493;0,0000;0,0000;0,0000;0,3306;4,35;3,24;1;0,0000;0,00;0;1;1;0;0;0;410;2048;1128
140,3889;304,3803;11,60;-1,2399;0,2669;0,0000;0,4651;0,0000;0,0000;0,0000;0,3337;4,31;3,07;1;0,0000;0,00;0;1;1;0;0;0;410;2048;1095
140,4028;304,3803;11,60;-1,4096;0,2693;0,0000;0,4806;0,0000;0,0000;0,0000;0,3366;4,27;2,86;1;0,0000;0,00;0;1;1;0;0;0;410;2048;1064
140,4167;304,4074;11,60;-1,5771;0,2716;0,0000;0,4957;0,0000;0,0000;0,0000;0,3394;4,22;2,65;1;0,0000;0,00;0;1;1;0;0;0;410;2048;1033
140,4306;304,4521;11,60;-1,7830;0,2738;0,0000;0,5104;0,0000;0,0000;0,0000;0,3422;4,17;2,39;1;0,0000;0,00;0;1;1;0;0;0;410;2048;1003
140,4444;304,4968;11,60;-1,9723;0,2759;0,0000;0,5244;0,0000;0,0000;0,0000;0,3449;4,11;2,14;1;0,0000;0,00;0;1;1;0;0;0;410;2048;974
140,4583;304,5415;11,60;-2,1093;0,2780;0,0000;0,5378;0,0000;0,0000;0,0000;0,3475;4,05;1,94;1;0,0000;0,00;0;1;1;0;0;0;410;2048;947
140,4722;304,5862;11,60;-2,2630;0,2800;0,0000;0,5505;0,0000;0,0000;0,0000;0,3500;3,98;1,72;1;0,0000;0,00;0;1;1;0;0;0;410;2048;920
140,4861;304,8353;11,60;-2,4307;0,2818;0,0000;0,5626;0,0000;0,0000;0,0000;0,3523;3,91;1,48;1;0,0000;0,00;0;1;1;0;0;0;410;2048;896
140,5000;304,8353;11,60;-2,5512;0,2837;0,0000;0,5741;0,0000;0,0000;0,0000;0,3546;3,83;1,28;1;0,0000;0,00;0;1;1;0;0;0;410;2048;872
140,5139;304,8353;11,60;-2,6820;0,2854;0,0000;0,5849;0,0000;0,0000;0,0000;0,3568;3,76;1,07;1;0,0000;0,00;0;1;1;0;0;0;410;2048;850
140,5278;304,8353;11,60;-2,8202;0,2871;0,0000;0,5951;0,0000;0,0000;0,0000;0,3589;3,67;0,85;1;0,0000;0,00;0;1;1;0;0;0;410;2048;829
140,5417;304,8353;11,60;-2,9314;0,2887;0,0000;0,6048;0,0000;0,0000;0,0000;0,3609;3,58;0,65;1;0,0000;0,00;0;1;1;0;0;0;410;2048;809
140,5556;304,8544;11,60;-3,0679;0,2902;0,0000;0,6139;0,0000;0,0000;0,0000;0,3627;3,49;0,42;1;0,0000;0,00;0;1;1;0;0;0;410;2048;791
140,5694;304,8991;11,60;-3,1768;0,2916;0,0000;0,6225;0,0000;0,0000;0,0000;0,3645;3,40;0,22;1;0,0000;0,00;0;1;1;0;0;0;410;2048;773
140,5833;304,9438;11,60;-3,2644;0,2929;0,0000;0,6306;0,0000;0,0000;0,0000;0,3662;3,30;0,03;1;0,0000;0,00;0;1;1;0;0;0;410;2048;757
140,5972;304,9886;11,60;-3,3464;0,2942;0,0000;0,6382;0,0000;0,0000;0,0000;0,3677;3,20;-0,15;1;0,0000;0,00;0;1;1;0;0;0;410;2048;741
140,6111;305,0333;11,60;-3,4587;0,2953;0,0000;0,6453;0,0000;0,0000;0,0000;0,3692;3,10;-0,36;1;0,0000;0,00;0;1;1;0;0;0;410;2048;726
140,6250;305,2915;11,60;-3,5107;0,2964;0,0000;0,6521;0,0000;0,0000;0,0000;0,3705;2,99;-0,52;1;0,0000;0,00;0;1;1;0;0;0;410;2048;713
140,6389;305,2915;11,60;-3,5925;0,2974;0,0000;0,6584;0,0000;0,0000;0,0000;0,3718;2,88;-0,71;1;0,0000;0,00;0;1;1;0;0;0;410;2048;700
140,6528;305,2915;11,60;-3,6666;0,2983;0,0000;0,6643;0,0000;0,0000;0,0000;0,3729;2,77;-0,89;1;0,0000;0,00;0;1;1;0;0;0;410;2048;687
140,6667;305,2915;11,60;-3,7102;0,2992;0,0000;0,6698;0,0000;0,0000;0,0000;0,3739;2,66;-1,05;1;0,0000;0,00;0;1;1;0;0;0;410;2048;676
140,6806;305,2915;11,60;-3,7751;0,2999;0,0000;0,6750;0,0000;0,0000;0,0000;0,3749;2,55;-1,23;1;0,0000;0,00;0;1;1;0;0;0;410;2048;666
140,6944;305,3019;11,60;-3,7971;0,3006;0,0000;0,6798;0,0000;0,0000;0,0000;0,3757;2,44;-1,36;1;0,0000;0,00;0;1;1;0;0;0;410;2048;656
140,7083;305,3466;11,60;-3,8016;0,3012;0,0000;0,6842;0,0000;0,0000;0,0000;0,3764;2,32;-1,48;1;0,0000;0,00;0;1;1;0;0;0;410;2048;647
140,7222;305,3914;11,60;-3,8074;0,3017;0,0000;0,6884;0,0000;0,0000;0,0000;0,3771;2,21;-1,60;1;0,0000;0,00;0;1;1;0;0;0;410;2048;638
140,7361;305,4362;11,60;-3,7981;0,3021;0,0000;0,6921;0,0000;0,0000;0,0000;0,3776;2,10;-1,70;1;0,0000;0,00;0;1;1;0;0;0;410;2048;631
140,7500;305,4809;11,60;-3,7767;0,3025;0,0000;0,6956;0,0000;0,0000;0,0000;0,3781;1,98;-1,79;1;0,0000;0,00;0;1;1;0;0;0;410;2048;623
140,7639;305,7472;11,60;-3,7308;0,3028;0,0000;0,6988;0,0000;0,0000;0,0000;0,3785;1,87;-1,86;1;0,0000;0,00;0;1;1;0;0;0;410;2048;617
140,7778;305,7472;11,60;-3,6810;0,3031;0,0000;0,7016;0,0000;0,0000;0,0000;0,3788;1,76;-1,92;1;0,0000;0,00;0;1;1;0;0;0;410;2048;611
140,7917;305,7472;11,60;-3,5811;0,3033;0,0000;0,7042;0,0000;0,0000;0,0000;0,3791;1,66;-1,92;1;0,0000;0,00;0;1;1;0;0;0;410;2048;606
140,8056;305,7472;11,60;-3,5019;0,3035;0,0000;0,7065;0,0000;0,0000;0,0000;0,3793;1,55;-1,95;1;0,0000;0,00;0;1;1;0;0;0;410;2048;601
140,8194;305,7472;11,60;-3,3733;0,3036;0,0000;0,7086;0,0000;0,0000;0,0000;0,3795;1,45;-1,92;1;0,0000;0,00;0;1;1;0;0;0;410;2048;597
140,8333;305,7495;11,60;-3,2659;0,3037;0,0000;0,7104;0,0000;0,0000;0,0000;0,3796;1,36;-1,91;1;0,0000;0,00;0;1;1;0;0;0;410;2048;593
140,8472;305,7943;11,60;-3,1010;0,3038;0,0000;0,7120;0,0000;0,0000;0,0000;0,3797;1,26;-1,84;1;0,0000;0,00;0;1;1;0;0;0;410;2048;590
140,8611;305,8390;11,60;-2,9395;0,3038;0,0000;0,7134;0,0000;0,0000;0,0000;0,3798;1,18;-1,76;1;0,0000;0,00;0;1;1;0;0;0;410;2048;587
140,8750;305,8838;11,80;-2,6990;0,3039;0,0000;0,7146;0,0000;0,0000;0,0000;0,3799;1,10;-1,60;1;0,0000;0,00;0;1;1;0;0;0;410;2048;584
140,8889;305,9293;11,80;-2,5297;0,3040;0,0000;0,7157;0,0000;0,0000;0,0000;0,3799;1,02;-1,51;1;0,0000;0,00;0;1;1;0;0;0;410;2048;582
140,9028;306,2021;11,80;-2,2698;0,3040;0,0000;0,7166;0,0000;0,0000;0,0000;0,3800;0,95;-1,32;1;0,0000;0,00;0;1;1;0;0;0;410;2048;580
140,9167;306,2021;11,80;-2,0722;0,3041;0,0000;0,7174;0,0000;0,0000;0,0000;0,3801;0,89;-1,18;1;0,0000;0,00;0;1;1;0;0;0;410;2048;579
140,9306;306,2021;11,80;-1,8620;0,3042;0,0000;0,7181;0,0000;0,0000;0,0000;0,3802;0,83;-1,03;1;0,0000;0,00;0;1;1;0;0;0;410;2048;577
140,9444;306,2021;11,80;-1,6379;0,3043;0,0000;0,7187;0,0000;0,0000;0,0000;0,3804;0,78;-0,85;1;0,0000;0,00;0;1;1;0;0;0;410;2048;576
140,9583;306,2021;11,80;-1,4059;0,3045;0,0000;0,7192;0,0000;0,0000;0,0000;0,3806;0,74;-0,66;1;0,0000;0,00;0;1;1;0;0;0;410;2048;575
140,9722;306,2025;11,80;-1,1703;0,3046;0,0000;0,7197;0,0000;0,0000;0,0000;0,3808;0,71;-0,46;1;0,0000;0,00;0;1;1;0;0;0;410;2048;574
140,9861;306,2480;11,80;-0,9655;0,3048;0,0000;0,7202;0,0000;0,0000;0,0000;0,3811;0,68;-0,29;1;0,0000;0,00;0;1;1;0;0;0;410;2048;573
141,0000;306,2935;11,80;-0,8035;0,3051;0,0000;0,7206;0,0000;0,0000;0,0000;0,3813;0,65;-0,15;1;0,0000;0,00;0;1;1;0;0;0;410;2048;572
141,0139;306,3391;11,80;-0,6449;0,3053;0,0000;0,7211;0,0000;0,0000;0,0000;0,3816;0,63;0,00;1;0,0000;0,00;0;1;1;0;0;0;410;2048;571
141,0278;306,3846;11,80;-0,5494;0,3056;0,0000;0,7216;0,0000;0,0000;0,0000;0,3820;0,62;0,07;1;0,0000;0,00;0;1;1;0;0;0;410;2048;570
141,0417;306,4301;11,80;-0,4913;0,3058;0,0000;0,7222;0,0000;0,0000;0,0000;0,3823;0,60;0,11;1;0,0000;0,00;0;1;1;0;0;0;410;2048;569
141,0556;306,6586;11,80;-0,4269;0,3061;0,0000;0,7227;0,0000;0,0000;0,0000;0,3826;0,59;0,16;1;0,0000;0,00;0;1;1;0;0;0;410;2048;568
141,0694;306,6586;11,80;-0,3645;0,3064;0,0000;0,7233;0,0000;0,0000;0,0000;0,3830;0,58;0,22;1;0,0000;0,00;0;1;1;0;0;0;410;2048;567
141,0833;306,6586;11,80;-0,3084;0,3067;0,0000;0,7240;0,0000;0,0000;0,0000;0,3833;0,57;0,26;1;0,0000;0,00;0;1;1;0;0;0;410;2048;565
141,0972;306,6586;11,80;-0,2421;0,3069;0,0000;0,7247;0,0000;0,0000;0,0000;0,3837;0,56;0,32;1;0,0000;0,00;0;1;1;0;0;0;410;2048;564
141,1111;306,6586;11,80;-0,1905;0,3072;0,0000;0,7254;0,0000;0,0000;0,0000;0,3840;0,56;0,37;1;0,0000;0,00;0;1;1;0;0;0;410;2048;562
141,1250;306,7032;11,80;-0,1751;0,3075;0,0000;0,7262;0,0000;0,0000;0,0000;0,3844;0,55;0,38;1;0,0000;0,00;0;1;1;0;0;0;410;2048;561
141,1389;306,7487;11,80;-0,1600;0,3078;0,0000;0,7269;0,0000;0,0000;0,0000;0,3848;0,55;0,39;1;0,0000;0,00;0;1;1;0;0;0;410;2048;559
141,1528;306,7943;11,80;-0,1596;0,3081;0,0000;0,7278;0,0000;0,0000;0,0000;0,3851;0,54;0,38;1;0,0000;0,00;0;1;1;0;0;0;410;2048;558
141,1667;306,8398;11,80;-0,1606;0,3084;0,0000;0,7286;0,0000;0,0000;0,0000;0,3855;0,54;0,38;1;0,0000;0,00;0;1;1;0;0;0;410;2048;556
141,1806;306,8853;11,80;-0,1691;0,3087;0,0000;0,7294;0,0000;0,0000;0,0000;0,3859;0,53;0,36;1;0,0000;0,00;0;1;1;0;0;0;410;2048;554
141,1944;307,1138;11,80;-0,2208;0,3090;0,0000;0,7303;0,0000;0,0000;0,0000;0,3862;0,52;0,30;1;0,0000;0,00;0;1;1;0;0;0;410;2048;552
141,2083;307,1138;11,80;-0,2700;0,3092;0,0000;0,7312;0,0000;0,0000;0,0000;0,3865;0,51;0,24;1;0,0000;0,00;0;1;1;0;0;0;410;2048;551
141,2222;307,1138;11,80;-0,3251;0,3095;0,0000;0,7321;0,0000;0,0000;0,0000;0,3868;0,50;0,18;1;0,0000;0,00;0;1;1;0;0;0;410;2048;549
141,2361;307,1138;11,80;-0,4092;0,3097;0,0000;0,7330;0,0000;0,0000;0,0000;0,3871;0,49;0,08;1;0,0000;0,00;0;1;1;0;0;0;410;2048;547
141,2500;307,1138;11,80;-0,4968;0,3098;0,0000;0,7338;0,0000;0,0000;0,0000;0,3873;0,48;-0,02;1;0,0000;0,00;0;1;1;0;0;0;410;2048;545
141,2639;307,1584;11,80;-0,6232;0,3100;0,0000;0,7347;0,0000;0,0000;0,0000;0,3875;0,46;-0,17;1;0,0000;0,00;0;1;1;0;0;0;410;2048;543
141,2778;307,2040;11,80;-0,7892;0,3101;0,0000;0,7355;0,0000;0,0000;0,0000;0,3876;0,43;-0,36;1;0,0000;0,00;0;1;1;0;0;0;410;2048;542
141,2917;307,2495;11,80;-0,9555;0,3101;0,0000;0,7362;0,0000;0,0000;0,0000;0,3876;0,40;-0,55;1;0,0000;0,00;0;1;1;0;0;0;410;2048;540
141,3056;307,2950;11,80;-1,0480;0,3101;0,0000;0,7369;0,0000;0,0000;0,0000;0,3876;0,37;-0,68;1;0,0000;0,00;0;1;1;0;0;0;410;2048;539
141,3194;307,3405;11,80;-1,1501;0,3100;0,0000;0,7376;0,0000;0,0000;0,0000;0,3875;0,34;-0,81;1;0,0000;0,00;0;1;1;5;0;0;410;2048;537
141,3333;307,5695;11,80;-1,2743;0,3099;0,0000;0,7381;0,0000;0,0000;0,0000;0,3874;0,30;-0,98;1;0,0000;0,00;0;1;1;5;0;0;410;2048;536
141,3472;307,5695;11,80;-1,3548;0,3097;0,0000;0,7386;0,0000;0,0000;0,0000;0,3872;0,25;-1,10;1;0,0000;0,00;0;1;1;5;0;0;410;2048;535
141,3611;307,5695;12,00;-1,4364;0,3095;0,0000;0,7389;0,0000;0,0000;0,0000;0,3869;0,21;-1,23;1;0,0000;0,00;0;1;1;5;0;0;410;2048;535
141,3750;307,5695;12,00;-1,4825;0,3093;0,0000;0,7390;0,0000;0,0000;0,0000;0,3866;0,16;-1,32;1;0,0000;0,00;0;1;1;5;0;0;410;2048;535
141,3889;307,5698;12,00;-1,5213;0,3090;0,0000;0,7390;0,0000;0,0000;0,0000;0,3862;0,12;-1,41;1;0,0000;0,00;0;1;1;5;0;0;410;2048;535
141,4028;307,6161;12,00;-1,5402;0,3087;0,0000;0,7389;0,0000;0,0000;0,0000;0,3858;0,07;-1,47;1;0,0000;0,00;0;1;1;5;0;0;410;2048;535
141,4167;307,6624;12,00;-1,5888;0,3083;0,0000;0,7387;0,0000;0,0000;0,0000;0,3854;0,00;-1,57;1;0,0000;0,00;0;1;1;5;0;0;410;2048;535
141,4306;307,7086;12,00;-1,5947;0,3079;0,0000;0,7384;0,0000;0,0000;0,0000;0,3849;-0,03;-1,62;1;0,0000;0,00;0;1;1;5;0;0;410;2048;536
141,4444;307,7549;12,00;-1,6092;0,3075;0,0000;0,7380;0,0000;0,0000;0,0000;0,3844;-0,08;-1,69;1;0,0000;0,00;0;1;1;5;0;0;410;2048;537
141,4583;308,0256;12,00;-1,5965;0,3071;0,0000;0,7375;0,0000;0,0000;0,0000;0,3839;-0,13;-1,72;1;0,0000;0,00;0;1;1;5;0;0;410;2048;538
141,4722;308,0256;12,00;-1,5541;0,3066;0,0000;0,7369;0,0000;0,0000;0,0000;0,3833;-0,17;-1,73;1;0,0000;0,00;0;1;1;5;0;0;410;2048;539
141,4861;308,0256;12,00;-1,4550;0,3061;0,0000;0,7361;0,0000;0,0000;0,0000;0,3827;-0,22;-1,67;1;0,0000;0,00;0;1;1;5;0;0;410;2048;540
141,5000;308,0256;12,00;-1,4354;0,3056;0,0000;0,7353;0,0000;0,0000;0,0000;0,3820;-0,26;-1,70;1;0,0000;0,00;0;1;1;5;0;0;410;2048;542
141,5139;308,0256;12,00;-1,4315;0,3051;0,0000;0,7343;0,0000;0,0000;0,0000;0,3814;-0,31;-1,74;1;0,0000;0,00;0;1;1;5;0;0;410;2048;544
141,5278;308,0327;12,00;-1,4307;0,3045;0,0000;0,7332;0,0000;0,0000;0,0000;0,3807;-0,35;-1,78;1;0,0000;0,00;0;1;1;5;0;0;410;2048;546
141,5417;308,0790;12,00;-1,1509;0,3040;0,0000;0,7321;0,0000;0,0000;0,0000;0,3800;-0,39;-1,54;1;0,0000;0,00;0;1;1;5;0;0;410;2048;549
141,5556;308,1253;12,00;-0,5809;0,3036;0,0000;0,7308;0,0000;0,0000;0,0000;0,3796;-0,40;-0,99;1;0,0000;0,00;0;1;1;5;0;0;410;2048;551
141,5694;308,1716;12,00;-0,4667;0,3033;0,0000;0,7295;0,0000;0,0000;0,0000;0,3791;-0,42;-0,88;1;0,0000;0,00;0;1;1;5;0;0;410;2048;554
141,5833;308,2179;12,00;-0,0464;0,3030;0,0000;0,7281;0,0000;0,0000;0,0000;0,3788;-0,42;-0,47;1;0,0000;0,00;0;1;1;5;0;0;410;2048;557
141,5972;308,4803;12,00;0,2528;0,3028;0,0000;0,7267;0,0000;0,0000;0,0000;0,3785;-0,41;-0,16;1;0,0000;0,00;0;1;1;5;0;0;410;2048;560
141,6111;308,4803;12,00;0,5384;0,3027;0,0000;0,7254;0,0000;0,0000;0,0000;0,3784;-0,39;0,14;1;0,0000;0,00;0;1;1;5;0;0;410;2048;562
141,6250;308,4803;12,30;0,5956;0,3026;0,0000;0,7241;0,0000;0,0000;0,0000;0,3783;-0,37;0,22;1;0,0000;0,00;0;1;1;5;0;0;410;2048;565
141,6389;308,4803;12,30;1,0629;0,3027;0,0000;0,7230;0,0000;0,0000;0,0000;0,3783;-0,34;0,72;1;0,0000;0,00;0;1;1;5;0;0;410;2048;567
141,6528;308,4803;12,30;1,3692;0,3028;0,0000;0,7219;0,0000;0,0000;0,0000;0,3785;-0,30;1,07;1;0,0000;0,00;0;1;1;5;0;0;410;2048;569
141,6667;308,4991;12,30;1,4305;0,3030;0,0000;0,7211;0,0000;0,0000;0,0000;0,3788;-0,25;1,18;1;0,0000;0,00;0;1;1;5;0;0;410;2048;571
141,6806;308,5466;12,30;1,8566;0,3033;0,0000;0,7203;0,0000;0,0000;0,0000;0,3792;-0,19;1,67;1;0,0000;0,00;0;1;1;5;0;0;410;2048;573
141,6944;308,5941;12,30;2,0799;0,3038;0,0000;0,7198;0,0000;0,0000;0,0000;0,3797;-0,13;1,96;1;0,0000;0,00;0;1;1;5;0;0;410;2048;574
141,7083;308,6415;12,30;2,2328;0,3043;0,0000;0,7195;0,0000;0,0000;0,0000;0,3803;-0,05;2,18;1;0,0000;0,00;0;1;1;5;0;0;410;2048;574
141,7222;308,6890;12,30;2,3296;0,3049;0,0000;0,7194;0,0000;0,0000;0,0000;0,3811;0,02;2,35;1;0,0000;0,00;0;1;1;5;0;0;410;2048;575
141,7361;308,9368;12,30;2,3489;0,3055;0,0000;0,7196;0,0000;0,0000;0,0000;0,3819;0,09;2,44;1;0,0000;0,00;0;1;1;5;0;0;410;2048;574
141,7500;308,9368;12,30;2,3813;0,3062;0,0000;0,7200;0,0000;0,0000;0,0000;0,3827;0,17;2,55;1;0,0000;0,00;0;1;1;5;0;0;410;2048;573
141,7639;308,9368;12,30;2,3497;0,3069;0,0000;0,7207;0,0000;0,0000;0,0000;0,3837;0,25;2,60;1;0,0000;0,00;0;1;1;5;0;0;410;2048;572
141,7778;308,9368;12,30;2,3090;0,3077;0,0000;0,7216;0,0000;0,0000;0,0000;0,3847;0,32;2,63;1;0,0000;0,00;0;1;1;5;0;0;410;2048;570
141,7917;308,9368;12,30;2,3009;0,3086;0,0000;0,7227;0,0000;0,0000;0,0000;0,3857;0,39;2,69;1;0,0000;0,00;0;1;1;5;0;0;410;2048;568
141,8056;308,9737;12,30;2,2939;0,3094;0,0000;0,7241;0,0000;0,0000;0,0000;0,3868;0,47;2,76;1;0,0000;0,00;0;1;1;5;0;0;410;2048;565
141,8194;309,0211;12,30;2,2423;0,3103;0,0000;0,7256;0,0000;0,0000;0,0000;0,3879;0,54;2,78;1;0,0000;0,00;0;1;1;5;0;0;410;2048;562
141,8333;309,0685;12,30;2,2320;0,3113;0,0000;0,7274;0,0000;0,0000;0,0000;0,3891;0,61;2,84;1;0,0000;0,00;0;1;1;5;0;0;410;2048;558
141,8472;309,1160;12,30;2,1368;0,3123;0,0000;0,7293;0,0000;0,0000;0,0000;0,3903;0,68;2,82;1;0,0000;0,00;0;1;1;5;0;0;410;2048;554
141,8611;309,1635;12,30;2,0381;0,3133;0,0000;0,7314;0,0000;0,0000;0,0000;0,3916;0,74;2,78;1;0,0000;0,00;0;1;1;5;0;0;410;2048;550
141,8750;309,3923;12,30;1,9448;0,3143;0,0000;0,7337;0,0000;0,0000;0,0000;0,3928;0,81;2,75;1;0,0000;0,00;0;1;1;5;0;0;410;2048;545
141,8889;309,3923;12,30;1,8689;0,3153;0,0000;0,7361;0,0000;0,0000;0,0000;0,3941;0,87;2,73;1;0,0000;0,00;0;1;1;5;0;0;410;2048;541
141,9028;309,3923;12,30;1,7320;0,3163;0,0000;0,7386;0,0000;0,0000;0,0000;0,3954;0,92;2,65;1;0,0000;0,00;0;1;1;5;0;0;410;2048;535
141,9167;309,3923;12,30;1,5897;0,3173;0,0000;0,7412;0,0000;0,0000;0,0000;0,3967;0,97;2,56;1;0,0000;0,00;0;1;1;5;0;0;410;2048;530
141,9306;309,4006;12,30;1,4128;0,3183;0,0000;0,7440;0,0000;0,0000;0,0000;0,3979;1,02;2,43;1;0,0000;0,00;0;1;1;5;0;0;410;2048;524
141,9444;309,4481;12,30;1,1985;0,3193;0,0000;0,7468;0,0000;0,0000;0,0000;0,3991;1,06;2,25;1;0,0000;0,00;0;1;1;5;0;0;410;2048;519
141,9583;309,4955;12,30;1,0266;0,3203;0,0000;0,7496;0,0000;0,0000;0,0000;0,4003;1,09;2,12;1;0,0000;0,00;0;1;1;5;0;0;410;2048;513
141,9722;309,5429;12,30;0,8263;0,3212;0,0000;0,7525;0,0000;0,0000;0,0000;0,4015;1,11;1,94;1;0,0000;0,00;0;1;1;5;0;0;410;2048;507
141,9861;309,5904;12,30;0,6496;0,3221;0,0000;0,7554;0,0000;0,0000;0,0000;0,4026;1,14;1,79;1;0,0000;0,00;0;1;1;5;0;0;410;2048;501
142,0000;309,8476;12,30;0,4212;0,3229;0,0000;0,7583;0,0000;0,0000;0,0000;0,4037;1,15;1,57;1;0,0000;0,00;0;1;1;5;0;0;410;2048;495
142,0139;309,8476;12,30;0,2108;0,3238;0,0000;0,7612;0,0000;0,0000;0,0000;0,4047;1,16;1,37;1;0,0000;0,00;0;1;1;5;0;0;410;2048;489
142,0278;309,8476;12,30;0,0097;0,3245;0,0000;0,7641;0,0000;0,0000;0,0000;0,4056;1,16;1,17;1;0,0000;0,00;0;1;1;5;0;0;410;2048;483
142,0417;309,8476;12,30;-0,2270;0,3252;0,0000;0,7669;0,0000;0,0000;0,0000;0,4065;1,15;0,92;1;0,0000;0,00;0;1;1;5;0;0;410;2048;477
142,0556;309,8476;12,30;-0,3998;0,3259;0,0000;0,7696;0,0000;0,0000;0,0000;0,4073;1,14;0,74;1;0,0000;0,00;0;1;1;5;0;0;410;2048;472
142,0694;309,8751;12,30;-0,6008;0,3265;0,0000;0,7723;0,0000;0,0000;0,0000;0,4081;1,12;0,52;1;0,0000;0,00;0;1;1;5;0;0;410;2048;466
142,0833;309,9225;12,30;-0,7857;0,3270;0,0000;0,7749;0,0000;0,0000;0,0000;0,4087;1,10;0,31;1;0,0000;0,00;0;1;1;5;0;0;410;2048;461
142,0972;309,9700;12,30;-0,9683;0,3275;0,0000;0,7773;0,0000;0,0000;0,0000;0,4093;1,07;0,10;1;0,0000;0,00;0;1;1;5;0;0;410;2048;456
142,1111;310,0174;12,30;-1,1761;0,3279;0,0000;0,7796;0,0000;0,0000;0,0000;0,4098;1,03;-0,15;1;0,0000;0,00;0;1;1;5;0;0;410;2048;451
142,1250;310,0649;12,30;-1,3497;0,3282;0,0000;0,7818;0,0000;0,0000;0,0000;0,4102;0,99;-0,36;1;0,0000;0,00;0;1;1;5;0;0;410;2048;447
142,1389;310,3039;12,70;-1,4604;0,3284;0,0000;0,7839;0,0000;0,0000;0,0000;0,4105;0,94;-0,52;1;0,0000;0,00;0;1;1;5;0;0;410;2048;443
142,1528;310,3039;12,70;-1,5931;0,3286;0,0000;0,7858;0,0000;0,0000;0,0000;0,4108;0,89;-0,70;1;0,0000;0,00;0;1;1;5;0;0;410;2048;439
142,1667;310,3039;12,70;-1,6992;0,3288;0,0000;0,7875;0,0000;0,0000;0,0000;0,4110;0,83;-0,86;1;0,0000;0,00;0;1;1;5;0;0;410;2048;435
142,1806;310,3039;12,70;-1,8132;0,3289;0,0000;0,7891;0,0000;0,0000;0,0000;0,4111;0,78;-1,04;1;0,0000;0,00;0;1;1;5;0;0;410;2048;432
142,1944;310,3083;12,70;-1,9247;0,3289;0,0000;0,7905;0,0000;0,0000;0,0000;0,4111;0,71;-1,21;1;0,0000;0,00;0;1;1;5;0;0;410;2048;429
142,2083;310,3573;12,70;-1,9867;0,3288;0,0000;0,7917;0,0000;0,0000;0,0000;0,4110;0,65;-1,34;1;0,0000;0,00;0;1;1;5;0;0;410;2048;427
142,2222;310,4063;12,70;-2,0074;0,3287;0,0000;0,7928;0,0000;0,0000;0,0000;0,4109;0,58;-1,42;1;0,0000;0,00;0;1;1;5;0;0;410;2048;424
142,2361;310,4553;12,70;-2,0534;0,3286;0,0000;0,7937;0,0000;0,0000;0,0000;0,4107;0,52;-1,54;1;0,0000;0,00;0;1;1;5;0;0;410;2048;423
142,2500;310,5043;12,70;-2,0745;0,3284;0,0000;0,7944;0,0000;0,0000;0,0000;0,4104;0,45;-1,62;1;0,0000;0,00;0;1;1;5;0;0;410;2048;421
142,2639;310,7589;12,70;-2,1257;0,3281;0,0000;0,7949;0,0000;0,0000;0,0000;0,4101;0,38;-1,74;1;0,0000;0,00;0;1;1;5;0;0;410;2048;420
142,2778;310,7589;12,70;-2,1380;0,3278;0,0000;0,7953;0,0000;0,0000;0,0000;0,4097;0,31;-1,83;1;0,0000;0,00;0;1;1;5;0;0;410;2048;419
142,2917;310,7589;12,70;-2,1413;0,3274;0,0000;0,7955;0,0000;0,0000;0,0000;0,4092;0,24;-1,90;1;0,0000;0,00;0;1;1;5;0;0;410;2048;419
142,3056;310,7589;12,70;-2,1408;0,3270;0,0000;0,7955;0,0000;0,0000;0,0000;0,4087;0,17;-1,97;1;0,0000;0,00;0;1;1;5;0;0;410;2048;419
142,3194;310,7589;12,70;-2,1185;0,3265;0,0000;0,7953;0,0000;0,0000;0,0000;0,4082;0,10;-2,01;1;0,0000;0,00;0;1;1;5;0;0;410;2048;419
142,3333;310,7983;12,70;-2,0794;0,3260;0,0000;0,7950;0,0000;0,0000;0,0000;0,4075;0,03;-2,04;1;0,0000;0,00;0;1;1;4;0;0;410;2048;420
142,3472;310,8473;12,70;-2,0306;0,3255;0,0000;0,7946;0,0000;0,0000;0,0000;0,4069;-0,03;-2,06;1;0,0000;0,00;0;1;1;4;0;0;410;2048;421
142,3611;310,8963;12,70;-1,9723;0,3250;0,0000;0,7939;0,0000;0,0000;0,0000;0,4062;-0,09;-2,07;1;0,0000;0,00;0;1;1;4;0;0;410;2048;422
142,3750;310,9453;12,70;-1,9357;0,3244;0,0000;0,7932;0,0000;0,0000;0,0000;0,4055;-0,16;-2,09;1;0,0000;0,00;0;1;1;4;0;0;410;2048;424
142,3889;311,2150;12,70;-1,8943;0,3237;0,0000;0,7923;0,0000;0,0000;0,0000;0,4047;-0,22;-2,11;1;0,0000;0,00;0;1;1;4;0;0;410;2048;425
142,4028;311,2150;12,70;-1,8773;0,3231;0,0000;0,7913;0,0000;0,0000;0,0000;0,4039;-0,28;-2,16;1;0,0000;0,00;0;1;1;4;0;0;410;2048;427
142,4167;311,2150;12,70;-1,8500;0,3224;0,0000;0,7901;0,0000;0,0000;0,0000;0,4030;-0,34;-2,19;1;0,0000;0,00;0;1;1;4;0;0;410;2048;430
142,4306;311,2150;12,70;-1,8127;0,3217;0,0000;0,7888;0,0000;0,0000;0,0000;0,4021;-0,40;-2,21;1;0,0000;0,00;0;1;1;4;0;0;410;2048;432
142,4444;311,2150;12,70;-1,7841;0,3210;0,0000;0,7874;0,0000;0,0000;0,0000;0,4012;-0,46;-2,24;1;0,0000;0,00;0;1;1;4;0;0;410;2048;435
142,4583;311,2393;12,70;-1,7569;0,3202;0,0000;0,7859;0,0000;0,0000;0,0000;0,4003;-0,51;-2,27;1;0,0000;0,00;0;1;1;4;0;0;410;2048;438
142,4722;311,2883;12,70;-1,7115;0,3194;0,0000;0,7843;0,0000;0,0000;0,0000;0,3993;-0,57;-2,28;1;0,0000;0,00;0;1;1;4;0;0;410;2048;442
142,4861;311,3372;12,70;-1,6667;0,3186;0,0000;0,7826;0,0000;0,0000;0,0000;0,3982;-0,62;-2,29;1;0,0000;0,00;0;1;1;4;0;0;410;2048;445
142,5000;311,3862;12,70;-1,6066;0,3177;0,0000;0,7808;0,0000;0,0000;0,0000;0,3972;-0,67;-2,28;1;0,0000;0,00;0;1;1;4;0;0;410;2048;449
142,5139;311,4352;12,70;-1,5876;0,3169;0,0000;0,7788;0,0000;0,0000;0,0000;0,3961;-0,72;-2,31;1;0,0000;0,00;0;1;1;4;0;0;410;2048;453
142,5278;311,6707;12,70;-1,5452;0,3160;0,0000;0,7768;0,0000;0,0000;0,0000;0,3950;-0,77;-2,32;1;0,0000;0,00;0;1;1;4;0;0;410;2048;457
142,5417;311,6707;12,70;-1,5244;0,3151;0,0000;0,7747;0,0000;0,0000;0,0000;0,3938;-0,82;-2,35;1;0,0000;0,00;0;1;1;4;0;0;410;2048;461
142,5556;311,6707;12,70;-1,5138;0,3141;0,0000;0,7725;0,0000;0,0000;0,0000;0,3926;-0,87;-2,39;1;0,0000;0,00;0;1;1;4;0;0;410;2048;466
142,5694;311,6707;12,70;-1,4996;0,3131;0,0000;0,7702;0,0000;0,0000;0,0000;0,3914;-0,92;-2,42;1;0,0000;0,00;0;1;1;4;0;0;410;2048;471
142,5833;311,6801;12,70;-1,4684;0,3121;0,0000;0,7677;0,0000;0,0000;0,0000;0,3901;-0,97;-2,44;1;0,0000;0,00;0;1;1;4;0;0;410;2048;476
142,5972;311,7291;12,70;-1,4571;0,3111;0,0000;0,7652;0,0000;0,0000;0,0000;0,3888;-1,02;-2,47;1;0,0000;0,00;0;1;1;4;0;0;410;2048;481
142,6111;311,7781;12,70;-1,4274;0,3100;0,0000;0,7626;0,0000;0,0000;0,0000;0,3875;-1,06;-2,49;1;0,0000;0,00;0;1;1;4;0;0;410;2048;486
142,6250;311,8271;12,70;-1,3927;0,3089;0,0000;0,7599;0,0000;0,0000;0,0000;0,3862;-1,11;-2,50;1;0,0000;0,00;0;1;1;4;0;0;410;2048;492
142,6389;311,8761;12,60;-1,3558;0,3078;0,0000;0,7571;0,0000;0,0000;0,0000;0,3848;-1,15;-2,51;1;0,0000;0,00;0;1;1;4;0;0;410;2048;497
142,6528;312,1257;12,60;-1,3222;0,3067;0,0000;0,7542;0,0000;0,0000;0,0000;0,3834;-1,19;-2,51;1;0,0000;0,00;0;1;1;4;0;0;410;2048;503
142,6667;312,1257;12,60;-1,2911;0,3056;0,0000;0,7512;0,0000;0,0000;0,0000;0,3820;-1,23;-2,52;1;0,0000;0,00;0;1;1;4;0;0;410;2048;510
142,6806;312,1257;12,60;-1,2663;0,3044;0,0000;0,7481;0,0000;0,0000;0,0000;0,3805;-1,27;-2,54;1;0,0000;0,00;0;1;1;4;0;0;410;2048;516
142,6944;312,1257;12,60;-1,2378;0,3032;0,0000;0,7450;0,0000;0,0000;0,0000;0,3790;-1,31;-2,55;1;0,0000;0,00;0;1;1;4;0;0;410;2048;522
142,7083;312,1257;12,60;-1,2071;0,3020;0,0000;0,7417;0,0000;0,0000;0,0000;0,3775;-1,35;-2,56;1;0,0000;0,00;0;1;1;4;0;0;410;2048;529
142,7222;312,1676;12,60;-1,1935;0,3008;0,0000;0,7383;0,0000;0,0000;0,0000;0,3760;-1,39;-2,58;1;0,0000;0,00;0;1;1;4;0;0;410;2048;536
142,7361;312,2162;12,60;-1,1703;0,2995;0,0000;0,7348;0,0000;0,0000;0,0000;0,3744;-1,43;-2,60;1;0,0000;0,00;0;1;1;4;0;0;410;2048;543
142,7500;312,2648;12,60;-1,1392;0,2983;0,0000;0,7313;0,0000;0,0000;0,0000;0,3728;-1,46;-2,60;1;0,0000;0,00;0;1;1;4;0;0;410;2048;550
142,7639;312,3134;12,60;-1,0871;0,2970;0,0000;0,7276;0,0000;0,0000;0,0000;0,3713;-1,50;-2,59;1;0,0000;0,00;0;1;1;4;0;0;410;2048;558
142,7778;312,5822;12,60;-0,9981;0,2957;0,0000;0,7239;0,0000;0,0000;0,0000;0,3697;-1,53;-2,53;1;0,0000;0,00;0;1;1;4;0;0;410;2048;565
142,7917;312,5822;12,60;-0,9274;0,2945;0,0000;0,7201;0,0000;0,0000;0,0000;0,3681;-1,56;-2,49;1;0,0000;0,00;0;1;1;4;0;0;410;2048;573
142,8056;312,5822;12,60;-0,8600;0,2932;0,0000;0,7161;0,0000;0,0000;0,0000;0,3665;-1,59;-2,45;1;0,0000;0,00;0;1;1;4;0;0;410;2048;581
142,8194;312,5822;12,60;-0,7683;0,2919;0,0000;0,7121;0,0000;0,0000;0,0000;0,3649;-1,61;-2,38;1;0,0000;0,00;0;1;1;4;0;0;410;2048;590
142,8333;312,5822;12,60;-0,6427;0,2907;0,0000;0,7081;0,0000;0,0000;0,0000;0,3633;-1,63;-2,28;1;0,0000;0,00;0;1;1;4;0;0;410;2048;598
142,8472;312,6049;12,60;-0,5314;0,2894;0,0000;0,7039;0,0000;0,0000;0,0000;0,3618;-1,65;-2,18;1;0,0000;0,00;0;1;1;4;0;0;410;2048;606
142,8611;312,6535;12,60;-0,4079;0,2882;0,0000;0,6997;0,0000;0,0000;0,0000;0,3603;-1,66;-2,07;1;0,0000;0,00;0;1;1;4;0;0;410;2048;615
142,8750;312,7021;12,60;-0,2453;0,2870;0,0000;0,6954;0,0000;0,0000;0,0000;0,3588;-1,67;-1,92;1;0,0000;0,00;0;1;1;4;0;0;410;2048;624
142,8889;312,7506;12,60;-0,1485;0,2859;0,0000;0,6912;0,0000;0,0000;0,0000;0,3573;-1,68;-1,83;1;0,0000;0,00;0;1;1;4;0;0;410;2048;632
142,9028;312,7992;12,60;0,0031;0,2847;0,0000;0,6869;0,0000;0,0000;0,0000;0,3559;-1,68;-1,67;1;0,0000;0,00;0;1;1;4;0;0;410;2048;641
142,9167;313,0372;12,60;0,0981;0,2836;0,0000;0,6825;0,0000;0,0000;0,0000;0,3545;-1,68;-1,58;1;0,0000;0,00;0;1;1;4;0;0;410;2048;650
142,9306;313,0372;12,60;0,2267;0,2826;0,0000;0,6782;0,0000;0,0000;0,0000;0,3532;-1,67;-1,44;1;0,0000;0,00;0;1;1;4;0;0;410;2048;659
142,9444;313,0372;12,60;0,3578;0,2815;0,0000;0,6739;0,0000;0,0000;0,0000;0,3519;-1,66;-1,30;1;0,0000;0,00;0;1;1;4;0;0;410;2048;668
142,9583;313,0372;12,60;0,4598;0,2805;0,0000;0,6697;0,0000;0,0000;0,0000;0,3507;-1,64;-1,18;1;0,0000;0,00;0;1;1;4;0;0;410;2048;677
142,9722;313,0422;12,60;0,5402;0,2796;0,0000;0,6654;0,0000;0,0000;0,0000;0,3495;-1,62;-1,08;1;0,0000;0,00;0;1;1;4;0;0;410;2048;685
142,9861;313,0908;12,60;0,5938;0,2786;0,0000;0,6612;0,0000;0,0000;0,0000;0,3483;-1,60;-1,01;1;0,0000;0,00;0;1;1;4;0;0;410;2048;694
143,0000;313,1394;12,60;0,6714;0,2777;0,0000;0,6571;0,0000;0,0000;0,0000;0,3471;-1,58;-0,91;1;0,0000;0,00;0;1;1;4;0;0;410;2048;702
143,0139;313,1880;12,60;0,7281;0,2768;0,0000;0,6530;0,0000;0,0000;0,0000;0,3460;-1,56;-0,83;1;0,0000;0,00;0;1;1;4;0;0;410;2048;711
143,0278;313,2366;12,60;0,7714;0,2760;0,0000;0,6490;0,0000;0,0000;0,0000;0,3450;-1,53;-0,76;1;0,0000;0,00;0;1;1;4;0;0;410;2048;719
143,0417;313,4933;12,60;0,7975;0,2751;0,0000;0,6451;0,0000;0,0000;0,0000;0,3439;-1,51;-0,71;1;0,0000;0,00;0;1;1;4;0;0;410;2048;727
143,0556;313,4933;12,60;0,8053;0,2743;0,0000;0,6413;0,0000;0,0000;0,0000;0,3429;-1,48;-0,67;1;0,0000;0,00;0;1;1;4;0;0;410;2048;735
143,0694;313,4933;12,60;0,8191;0,2735;0,0000;0,6375;0,0000;0,0000;0,0000;0,3419;-1,45;-0,63;1;0,0000;0,00;0;1;1;4;0;0;410;2048;742
143,0833;313,4933;12,60;0,8314;0,2727;0,0000;0,6338;0,0000;0,0000;0,0000;0,3409;-1,43;-0,59;1;0,0000;0,00;0;1;1;4;0;0;410;2048;750
143,0972;313,4933;12,60;0,8379;0,2720;0,0000;0,6301;0,0000;0,0000;0,0000;0,3400;-1,40;-0,56;1;0,0000;0,00;0;1;1;4;0;0;410;2048;758
143,1111;313,5282;12,60;0,8388;0,2712;0,0000;0,6265;0,0000;0,0000;0,0000;0,3391;-1,37;-0,53;1;0,0000;0,00;0;1;1;4;0;0;410;2048;765
143,1250;313,5768;12,60;0,8350;0,2705;0,0000;0,6230;0,0000;0,0000;0,0000;0,3382;-1,34;-0,51;1;0,0000;0,00;0;1;1;4;0;0;410;2048;772
143,1389;313,6255;12,60;0,8251;0,2698;0,0000;0,6196;0,0000;0,0000;0,0000;0,3373;-1,31;-0,49;1;0,0000;0,00;0;1;1;4;0;0;410;2048;779
143,1528;313,6740;12,60;0,8169;0,2691;0,0000;0,6161;0,0000;0,0000;0,0000;0,3364;-1,29;-0,47;1;0,0000;0,00;0;1;1;4;0;0;410;2048;786
143,1667;313,9490;12,60;0,8066;0,2685;0,0000;0,6128;0,0000;0,0000;0,0000;0,3356;-1,26;-0,45;1;0,0000;0,00;0;1;1;4;0;0;410;2048;793
143,1806;313,9490;12,60;0,7988;0,2678;0,0000;0,6094;0,0000;0,0000;0,0000;0,3348;-1,23;-0,44;1;0,0000;0,00;0;1;1;4;0;0;410;2048;800
143,1944;313,9490;12,60;0,7788;0,2672;0,0000;0,6061;0,0000;0,0000;0,0000;0,3340;-1,21;-0,43;1;0,0000;0,00;0;1;1;4;0;0;410;2048;807
143,2083;313,9490;12,60;0,7378;0,2666;0,0000;0,6028;0,0000;0,0000;0,0000;0,3332;-1,18;-0,45;1;0,0000;0,00;0;1;1;4;0;0;410;2048;813
143,2222;313,9490;12,60;0,6946;0,2659;0,0000;0,5996;0,0000;0,0000;0,0000;0,3324;-1,16;-0,47;1;0,0000;0,00;0;1;1;4;0;0;410;2048;820
143,2361;313,9657;12,60;0,6579;0,2653;0,0000;0,5964;0,0000;0,0000;0,0000;0,3316;-1,14;-0,48;1;0,0000;0,00;0;1;1;4;0;0;410;2048;827
143,2500;314,0143;12,60;0,6031;0,2647;0,0000;0,5932;0,0000;0,0000;0,0000;0,3309;-1,12;-0,52;1;0,0000;0,00;0;1;1;4;0;0;410;2048;833
143,2639;314,0629;12,60;0,5613;0,2641;0,0000;0,5900;0,0000;0,0000;0,0000;0,3301;-1,10;-0,54;1;0,0000;0,00;0;1;1;4;0;0;410;2048;840
143,2778;314,1115;12,60;0,4928;0,2635;0,0000;0,5868;0,0000;0,0000;0,0000;0,3293;-1,08;-0,59;1;0,0000;0,00;0;1;1;4;0;0;410;2048;846
143,2917;314,1601;12,60;0,4067;0,2628;0,0000;0,5836;0,0000;0,0000;0,0000;0,3285;-1,07;-0,66;1;0,0000;0,00;0;1;1;4;0;0;410;2048;853
143,3056;314,4039;12,60;0,3035;0,2622;0,0000;0,5804;0,0000;0,0000;0,0000;0,3277;-1,06;-0,76;1;0,0000;0,00;0;1;1;4;0;0;410;2048;859
143,3194;314,4039;12,60;0,1840;0,2615;0,0000;0,5772;0,0000;0,0000;0,0000;0,3269;-1,05;-0,87;1;0,0000;0,00;0;1;1;4;0;0;410;2048;866
143,3333;314,4039;12,60;0,0338;0,2608;0,0000;0,5740;0,0000;0,0000;0,0000;0,3260;-1,05;-1,02;1;0,0000;0,00;0;1;1;1;0;0;410;2048;873
143,3472;314,4039;12,60;-0,1463;0,2600;0,0000;0,5707;0,0000;0,0000;0,0000;0,3250;-1,06;-1,20;1;0,0000;0,00;0;1;1;1;0;0;410;2048;879
143,3611;314,4039;12,60;-0,3245;0,2592;0,0000;0,5673;0,0000;0,0000;0,0000;0,3240;-1,07;-1,39;1;0,0000;0,00;0;1;1;1;0;0;410;2048;886
143,3750;314,4517;12,70;-0,5454;0,2583;0,0000;0,5639;0,0000;0,0000;0,0000;0,3229;-1,08;-1,63;1;0,0000;0,00;0;1;1;1;0;0;410;2048;893
143,3889;314,5007;12,70;-0,6441;0,2574;0,0000;0,5603;0,0000;0,0000;0,0000;0,3217;-1,11;-1,75;1;0,0000;0,00;0;1;1;1;0;0;410;2048;901
143,4028;314,5497;12,70;-0,7386;0,2564;0,0000;0,5565;0,0000;0,0000;0,0000;0,3205;-1,13;-1,87;1;0,0000;0,00;0;1;1;1;0;0;410;2048;908
143,4167;314,5987;12,70;-0,8190;0,2554;0,0000;0,5525;0,0000;0,0000;0,0000;0,3193;-1,16;-1,98;1;0,0000;0,00;0;1;1;1;0;0;410;2048;916
143,4306;314,8605;12,70;-0,8152;0,2544;0,0000;0,5484;0,0000;0,0000;0,0000;0,3180;-1,19;-2,00;1;0,0000;0,00;0;1;1;1;0;0;410;2048;925
143,4444;314,8605;12,70;-0,9019;0,2533;0,0000;0,5440;0,0000;0,0000;0,0000;0,3167;-1,22;-2,12;1;0,0000;0,00;0;1;1;1;0;0;410;2048;934
143,4583;314,8605;12,70;-0,8591;0,2523;0,0000;0,5394;0,0000;0,0000;0,0000;0,3153;-1,24;-2,10;1;0,0000;0,00;0;1;1;1;0;0;410;2048;943
143,4722;314,8605;12,70;-0,8600;0,2512;0,0000;0,5345;0,0000;0,0000;0,0000;0,3139;-1,27;-2,13;1;0,0000;0,00;0;1;1;1;0;0;410;2048;953
143,4861;314,8605;12,70;-0,8123;0,2501;0,0000;0,5294;0,0000;0,0000;0,0000;0,3126;-1,30;-2,11;1;0,0000;0,00;0;1;1;1;0;0;410;2048;964
143,5000;314,8925;12,70;-0,6985;0,2490;0,0000;0,5242;0,0000;0,0000;0,0000;0,3112;-1,32;-2,02;1;0,0000;0,00;0;1;1;1;0;0;410;2048;975
143,5139;314,9415;12,70;-0,6213;0,2479;0,0000;0,5187;0,0000;0,0000;0,0000;0,3099;-1,34;-1,96;1;0,0000;0,00;0;1;1;1;0;0;410;2048;986
143,5278;314,9905;12,70;-0,5250;0,2468;0,0000;0,5131;0,0000;0,0000;0,0000;0,3085;-1,36;-1,89;1;0,0000;0,00;0;1;1;1;0;0;410;2048;997
143,5417;315,0395;12,70;-0,4150;0,2458;0,0000;0,5073;0,0000;0,0000;0,0000;0,3073;-1,37;-1,79;1;0,0000;0,00;0;1;1;1;0;0;410;2048;1009
143,5556;315,3155;12,70;-0,3746;0,2448;0,0000;0,5014;0,0000;0,0000;0,0000;0,3059;-1,39;-1,76;1;0,0000;0,00;0;1;1;1;0;0;410;2048;1021
143,5694;315,3155;12,70;-0,2799;0,2437;0,0000;0,4954;0,0000;0,0000;0,0000;0,3047;-1,40;-1,68;1;0,0000;0,00;0;1;1;1;0;0;410;2048;1033
143,5833;315,3155;12,70;-0,2329;0,2427;0,0000;0,4894;0,0000;0,0000;0,0000;0,3034;-1,40;-1,64;1;0,0000;0,00;0;1;1;1;0;0;410;2048;1046
143,5972;315,3155;12,70;-0,1517;0,2417;0,0000;0,4834;0,0000;0,0000;0,0000;0,3021;-1,41;-1,56;1;0,0000;0,00;0;1;1;1;0;0;410;2048;1058
143,6111;315,3155;12,70;-0,1204;0,2407;0,0000;0,4773;0,0000;0,0000;0,0000;0,3008;-1,41;-1,53;1;0,0000;0,00;0;1;1;1;0;0;410;2048;1071
143,6250;315,3334;12,70;-0,0592;0,2397;0,0000;0,4712;0,0000;0,0000;0,0000;0,2996;-1,42;-1,48;1;0,0000;0,00;0;1;1;1;0;0;410;2048;1083
143,6389;315,3824;12,70;-0,0234;0,2387;0,0000;0,4651;0,0000;0,0000;0,0000;0,2984;-1,42;-1,44;1;0,0000;0,00;0;1;1;1;0;0;410;2048;1095
143,6528;315,4314;12,70;0,0359;0,2378;0,0000;0,4591;0,0000;0,0000;0,0000;0,2972;-1,42;-1,38;1;0,0000;0,00;0;1;1;1;0;0;410;2048;1108
143,6667;315,4803;12,70;0,0675;0,2368;0,0000;0,4531;0,0000;0,0000;0,0000;0,2960;-1,41;-1,34;1;0,0000;0,00;0;1;1;1;0;0;410;2048;1120
143,6806;315,5293;12,70;0,1159;0,2359;0,0000;0,4472;0,0000;0,0000;0,0000;0,2949;-1,41;-1,29;1;0,0000;0,00;0;1;1;1;0;0;410;2048;1132
143,6944;315,7715;12,70;0,1547;0,2350;0,0000;0,4414;0,0000;0,0000;0,0000;0,2937;-1,40;-1,25;1;0,0000;0,00;0;1;1;1;0;0;410;2048;1144
143,7083;315,7715;12,70;0,1813;0,2341;0,0000;0,4356;0,0000;0,0000;0,0000;0,2926;-1,40;-1,21;1;0,0000;0,00;0;1;1;1;0;0;410;2048;1156
143,7222;315,7715;12,70;0,2270;0,2332;0,0000;0,4299;0,0000;0,0000;0,0000;0,2915;-1,39;-1,16;1;0,0000;0,00;0;1;1;1;0;0;410;2048;1167
143,7361;315,7715;12,70;0,2474;0,2323;0,0000;0,4244;0,0000;0,0000;0,0000;0,2904;-1,38;-1,13;1;0,0000;0,00;0;1;1;1;0;0;410;2048;1179
143,7500;315,7742;12,70;0,2757;0,2315;0,0000;0,4189;0,0000;0,0000;0,0000;0,2893;-1,37;-1,09;1;0,0000;0,00;0;1;1;1;0;0;410;2048;1190
143,7639;315,8232;12,70;0,3161;0,2306;0,0000;0,4136;0,0000;0,0000;0,0000;0,2883;-1,36;-1,04;1;0,0000;0,00;0;1;1;1;0;0;410;2048;1201
143,7778;315,8722;12,70;0,3637;0,2298;0,0000;0,4084;0,0000;0,0000;0,0000;0,2873;-1,35;-0,98;1;0,0000;0,00;0;1;1;1;0;0;410;2048;1212
143,7917;315,9212;12,70;0,4256;0,2290;0,0000;0,4033;0,0000;0,0000;0,0000;0,2863;-1,33;-0,91;1;0,0000;0,00;0;1;1;1;0;0;410;2048;1222
143,8056;315,9702;12,70;0,4871;0,2283;0,0000;0,3983;0,0000;0,0000;0,0000;0,2853;-1,32;-0,83;1;0,0000;0,00;0;1;1;1;0;0;410;2048;1232
143,8194;316,2273;12,70;0,5243;0,2275;0,0000;0,3935;0,0000;0,0000;0,0000;0,2844;-1,30;-0,77;1;0,0000;0,00;0;1;1;1;0;0;410;2048;1242
143,8333;316,2273;12,70;0,5697;0,2268;0,0000;0,3888;0,0000;0,0000;0,0000;0,2835;-1,28;-0,71;1;0,0000;0,00;0;1;1;1;0;0;410;2048;1252
143,8472;316,2273;12,70;0,6018;0,2261;0,0000;0,3843;0,0000;0,0000;0,0000;0,2826;-1,26;-0,66;1;0,0000;0,00;0;1;1;1;0;0;410;2048;1261
143,8611;316,2273;12,70;0,6380;0,2254;0,0000;0,3799;0,0000;0,0000;0,0000;0,2817;-1,24;-0,60;1;0,0000;0,00;0;1;1;1;0;0;410;2048;1270
143,8750;316,2273;12,60;0,6514;0,2247;0,0000;0,3757;0,0000;0,0000;0,0000;0,2809;-1,22;-0,57;1;0,0000;0,00;0;1;1;1;0;0;410;2048;1279
143,8889;316,2637;12,60;0,6631;0,2241;0,0000;0,3716;0,0000;0,0000;0,0000;0,2801;-1,19;-0,53;1;0,0000;0,00;0;1;1;1;0;0;410;2048;1287
143,9028;316,3123;12,60;0,6680;0,2235;0,0000;0,3677;0,0000;0,0000;0,0000;0,2794;-1,17;-0,50;1;0,0000;0,00;0;1;1;1;0;0;410;2048;1295
143,9167;316,3610;12,60;0,6617;0,2229;0,0000;0,3639;0,0000;0,0000;0,0000;0,2786;-1,15;-0,49;1;0,0000;0,00;0;1;1;1;0;0;410;2048;1303
143,9306;316,4095;12,60;0,6431;0,2223;0,0000;0,3603;0,0000;0,0000;0,0000;0,2779;-1,13;-0,49;1;0,0000;0,00;0;1;1;1;0;0;410;2048;1310
143,9444;316,6822;12,60;0,6102;0,2217;0,0000;0,3569;0,0000;0,0000;0,0000;0,2771;-1,11;-0,50;1;0,0000;0,00;0;1;1;1;0;0;410;2048;1317
143,9583;316,6822;12,60;0,5489;0,2211;0,0000;0,3536;0,0000;0,0000;0,0000;0,2764;-1,09;-0,54;1;0,0000;0,00;0;1;1;1;0;0;410;2048;1324
143,9722;316,6822;12,60;0,4650;0,2205;0,0000;0,3504;0,0000;0,0000;0,0000;0,2756;-1,07;-0,61;1;0,0000;0,00;0;1;1;1;0;0;410;2048;1330
143,9861;316,6822;12,60;0,3953;0,2199;0,0000;0,3474;0,0000;0,0000;0,0000;0,2749;-1,06;-0,67;1;0,0000;0,00;0;1;1;1;0;0;410;2048;1337
144,0000;316,6822;12,60;0,3149;0,2193;0,0000;0,3444;0,0000;0,0000;0,0000;0,2741;-1,05;-0,74;1;0,0000;0,00;0;1;1;1;0;0;410;2048;1343
144,0139;316,7012;12,60;0,2079;0,2186;0,0000;0,3416;0,0000;0,0000;0,0000;0,2733;-1,04;-0,84;1;0,0000;0,00;0;1;1;1;0;0;410;2048;1348
144,0278;316,7498;12,60;0,1114;0,2180;0,0000;0,3388;0,0000;0,0000;0,0000;0,2725;-1,04;-0,93;1;0,0000;0,00;0;1;1;1;0;0;410;2048;1354
144,0417;316,7984;12,60;-0,0384;0,2173;0,0000;0,3362;0,0000;0,0000;0,0000;0,2716;-1,04;-1,08;1;0,0000;0,00;0;1;1;1;0;0;410;2048;1360
144,0556;316,8470;12,60;-0,1856;0,2165;0,0000;0,3335;0,0000;0,0000;0,0000;0,2706;-1,05;-1,23;1;0,0000;0,00;0;1;1;1;0;0;410;2048;1365
144,0694;316,8956;12,60;-0,2877;0,2157;0,0000;0,3310;0,0000;0,0000;0,0000;0,2697;-1,05;-1,34;1;0,0000;0,00;0;1;1;1;0;0;410;2048;1370
144,0833;317,1388;12,60;-0,3561;0,2149;0,0000;0,3284;0,0000;0,0000;0,0000;0,2687;-1,07;-1,42;1;0,0000;0,00;0;1;1;1;0;0;410;2048;1375
144,0972;317,1388;12,60;-0,3722;0,2141;0,0000;0,3259;0,0000;0,0000;0,0000;0,2677;-1,08;-1,45;1;0,0000;0,00;0;1;1;1;0;0;410;2048;1381
144,1111;317,1388;12,60;-0,3859;0,2133;0,0000;0,3234;0,0000;0,0000;0,0000;0,2667;-1,09;-1,47;1;0,0000;0,00;0;1;1;1;0;0;410;2048;1386
144,1250;317,1388;12,60;-0,3854;0,2125;0,0000;0,3209;0,0000;0,0000;0,0000;0,2656;-1,10;-1,49;1;0,0000;0,00;0;1;1;1;0;0;410;2048;1391
144,1389;317,1388;12,60;-0,3776;0,2116;0,0000;0,3184;0,0000;0,0000;0,0000;0,2646;-1,11;-1,49;1;0,0000;0,00;0;1;1;1;0;0;410;2048;1396
144,1528;317,1872;12,60;-0,3570;0,2108;0,0000;0,3161;0,0000;0,0000;0,0000;0,2635;-1,12;-1,48;1;0,0000;0,00;0;1;1;1;0;0;410;2048;1401
144,1667;317,2358;12,60;-0,2969;0,2099;0,0000;0,3142;0,0000;0,0000;0,0000;0,2624;-1,13;-1,43;1;0,0000;0,00;0;1;1;1;0;0;410;2048;1405
144,1806;317,2844;12,60;-0,2356;0,2091;0,0000;0,3130;0,0000;0,0000;0,0000;0,2614;-1,14;-1,37;1;0,0000;0,00;0;1;1;1;0;0;410;2048;1407
144,1944;317,3330;12,60;-0,1629;0,2083;0,0000;0,3129;0,0000;0,0000;0,0000;0,2603;-1,14;-1,31;1;0,0000;0,00;0;1;1;1;0;0;410;2048;1407
144,2083;317,5936;12,60;-0,1052;0,2075;0,0000;0,3139;0,0000;0,0000;0,0000;0,2593;-1,15;-1,25;1;0,0000;0,00;0;1;1;1;0;0;410;2048;1405
144,2222;317,5936;12,60;-0,0418;0,2067;0,0000;0,3159;0,0000;0,0000;0,0000;0,2583;-1,15;-1,19;1;0,0000;0,00;0;1;1;1;0;0;410;2048;1401
144,2361;317,5936;12,60;0,0137;0,2059;0,0000;0,3186;0,0000;0,0000;0,0000;0,2573;-1,15;-1,13;1;0,0000;0,00;0;1;1;1;0;0;410;2048;1395
144,2500;317,5936;12,60;0,0614;0,2051;0,0000;0,3216;0,0000;0,0000;0,0000;0,2564;-1,14;-1,08;1;0,0000;0,00;0;1;1;1;0;0;410;2048;1389
144,2639;317,5936;12,60;0,0710;0,2043;0,0000;0,3241;0,0000;0,0000;0,0000;0,2554;-1,14;-1,07;1;0,0000;0,00;0;1;1;1;0;0;410;2048;1384
144,2778;317,6246;12,60;0,0893;0,2036;0,0000;0,3256;0,0000;0,0000;0,0000;0,2545;-1,14;-1,05;1;0,0000;0,00;0;1;1;1;0;0;410;2048;1381
144,2917;317,6732;12,60;0,0866;0,2028;0,0000;0,3251;0,0000;0,0000;0,0000;0,2535;-1,13;-1,05;1;0,0000;0,00;0;1;1;1;0;0;410;2048;1382
144,3056;317,7218;12,60;0,0782;0,2021;0,0000;0,3216;0,0000;0,0000;0,0000;0,2526;-1,13;-1,05;1;0,0000;0,00;0;1;1;1;0;0;410;2048;1389
144,3194;317,7704;12,60;0,0860;0,2013;0,0000;0,3140;0,0000;0,0000;0,0000;0,2516;-1,13;-1,04;1;0,0000;0,00;0;1;1;1;0;0;410;2048;1405
144,3333;317,8190;12,60;0,1580;0,2006;0,0000;0,3013;0,0000;0,0000;0,0000;0,2507;-1,12;-0,96;1;0,0000;0,00;0;1;1;7;0;0;410;2048;1431
144,3472;318,0499;12,60;0,2910;0,1999;0,0000;0,2830;0,0000;0,0000;0,0000;0,2499;-1,11;-0,82;1;0,0000;0,00;0;1;1;7;0;0;410;2048;1468
144,3611;318,0499;12,60;0,4508;0,1993;0,0000;0,0000;0,0000;0,0000;0,0000;0,2491;-1,10;-0,65;1;0,0000;0,00;0;1;1;7;0;0;410;2048;2048
144,3750;318,0499;12,60;0,5713;0,1987;0,0000;0,0000;0,0000;0,0000;0,0000;0,2483;-1,08;-0,51;1;0,0000;0,00;0;1;1;7;0;0;410;2048;2048
144,3889;318,0499;12,60;0,6742;0,1981;0,0000;0,0000;0,0000;0,0000;0,0000;0,2476;-1,06;-0,38;1;0,0000;0,00;0;1;1;7;0;0;410;2048;2048
144,4028;318,0620;12,60;0,7219;0,1976;0,0000;0,0000;0,0000;0,0000;0,0000;0,2469;-1,03;-0,31;1;0,0000;0,00;0;1;1;7;0;0;410;2048;2048
144,4167;318,1107;12,60;0,7483;0,1970;0,0000;0,0000;0,0000;0,0000;0,0000;0,2463;-1,01;-0,26;1;0,0000;0,00;0;1;1;7;0;0;410;2048;2048
144,4306;318,1592;12,60;0,7638;0,1966;0,0000;0,0000;0,0000;0,0000;0,0000;0,2457;-0,98;-0,22;1;0,0000;0,00;0;1;1;7;0;0;410;2048;2048
144,4444;318,2079;12,60;0,7702;0,1961;0,0000;0,0000;0,0000;0,0000;0,0000;0,2451;-0,96;-0,19;1;0,0000;0,00;0;1;1;7;0;0;410;2048;2048
144,4583;318,2565;12,60;0,7871;0,1957;0,0000;0,0000;0,0000;0,0000;0,0000;0,2446;-0,93;-0,14;1;0,0000;0,00;0;1;1;7;0;0;410;2048;2048
144,4722;318,5055;12,60;0,7923;0,1952;0,0000;0,0000;0,0000;0,0000;0,0000;0,2441;-0,90;-0,11;1;0,0000;0,00;0;1;1;7;0;0;410;2048;2048
144,4861;318,5055;12,60;0,7942;0,1948;0,0000;0,0000;0,0000;0,0000;0,0000;0,2435;-0,88;-0,08;1;0,0000;0,00;0;1;1;7;0;0;410;2048;2048
144,5000;318,5055;12,60;0,7978;0,1944;0,0000;0,0000;0,0000;0,0000;0,0000;0,2430;-0,85;-0,05;1;0,0000;0,00;0;1;1;7;0;0;410;2048;2048
144,5139;318,5055;12,60;0,8159;0,1941;0,0000;0,0000;0,0000;0,0000;0,0000;0,2426;-0,83;0,00;1;0,0000;0,00;0;1;1;7;0;0;410;2048;2048
144,5278;318,5055;12,60;0,8331;0,1937;0,0000;0,0000;0,0000;0,0000;0,0000;0,2421;-0,80;0,03;1;0,0000;0,00;0;1;1;7;0;0;410;2048;2048
144,5417;318,5481;12,60;0,8514;0,1934;0,0000;0,0000;0,0000;0,0000;0,0000;0,2418;-0,77;0,08;1;0,0000;0,00;0;1;1;7;0;0;410;2048;2048
144,5556;318,5967;12,60;0,8529;0,1931;0,0000;0,0000;0,0000;0,0000;0,0000;0,2414;-0,74;0,11;1;0,0000;0,00;0;1;1;7;0;0;410;2048;2048
144,5694;318,6454;12,60;0,8386;0,1928;0,0000;0,0000;0,0000;0,0000;0,0000;0,2410;-0,71;0,12;1;0,0000;0,00;0;1;1;7;0;0;410;2048;2048
144,5833;318,6939;12,60;0,8063;0,1925;0,0000;0,0000;0,0000;0,0000;0,0000;0,2407;-0,69;0,12;1;0,0000;0,00;0;1;1;7;0;0;410;2048;2048
144,5972;318,9607;12,60;0,7681;0,1923;0,0000;0,0000;0,0000;0,0000;0,0000;0,2403;-0,66;0,10;1;0,0000;0,00;0;1;1;7;0;0;410;2048;2048
144,6111;318,9607;12,60;0,7100;0,1920;0,0000;0,0000;0,0000;0,0000;0,0000;0,2400;-0,64;0,07;1;0,0000;0,00;0;1;1;7;0;0;410;2048;2048
144,6250;318,9607;12,60;0,6726;0,1917;0,0000;0,0000;0,0000;0,0000;0,0000;0,2397;-0,62;0,05;1;0,0000;0,00;0;1;1;7;0;0;410;2048;2048
144,6389;318,9607;12,70;0,6087;0,1915;0,0000;0,0000;0,0000;0,0000;0,0000;0,2394;-0,60;0,00;1;0,0000;0,00;0;1;1;7;0;0;410;2048;2048
144,6528;318,9607;12,70;0,5486;0,1912;0,0000;0,0000;0,0000;0,0000;0,0000;0,2391;-0,58;-0,03;1;0,0000;0,00;0;1;1;7;0;0;410;2048;2048
144,6667;318,9864;12,70;0,5399;0,1910;0,0000;0,0000;0,0000;0,0000;0,0000;0,2388;-0,56;-0,02;1;0,0000;0,00;0;1;1;7;0;0;410;2048;2048
144,6806;319,0354;12,70;0,4789;0,1908;0,0000;0,0000;0,0000;0,0000;0,0000;0,2385;-0,54;-0,06;1;0,0000;0,00;0;1;1;7;0;0;410;2048;2048
144,6944;319,0844;12,70;0,3942;0,1905;0,0000;0,0000;0,0000;0,0000;0,0000;0,2382;-0,53;-0,14;1;0,0000;0,00;0;1;1;7;0;0;410;2048;2048
144,7083;319,1334;12,70;0,2888;0,1903;0,0000;0,0000;0,0000;0,0000;0,0000;0,2378;-0,52;-0,23;1;0,0000;0,00;0;1;1;7;0;0;410;2048;2048
144,7222;319,1824;12,70;0,1960;0,1900;0,0000;0,0000;0,0000;0,0000;0,0000;0,2375;-0,51;-0,32;1;0,0000;0,00;0;1;1;7;0;0;410;2048;2048
144,7361;319,4171;12,70;0,1609;0,1897;0,0000;0,0000;0,0000;0,0000;0,0000;0,2371;-0,51;-0,35;1;0,0000;0,00;0;1;1;7;0;0;410;2048;2048
144,7500;319,4171;12,70;0,1644;0,1894;0,0000;0,0000;0,0000;0,0000;0,0000;0,2367;-0,50;-0,34;1;0,0000;0,00;0;1;1;7;0;0;410;2048;2048
144,7639;319,4171;12,70;0,1635;0,1891;0,0000;0,0000;0,0000;0,0000;0,0000;0,2364;-0,50;-0,33;1;0,0000;0,00;0;1;1;7;0;0;410;2048;2048
144,7778;319,4171;12,70;0,1783;0,1888;0,0000;0,0000;0,0000;0,0000;0,0000;0,2361;-0,49;-0,31;1;0,0000;0,00;0;1;1;7;0;0;410;2048;2048
144,7917;319,4274;12,70;0,2468;0,1886;0,0000;0,0000;0,0000;0,0000;0,0000;0,2357;-0,48;-0,23;1;0,0000;0,00;0;1;1;7;0;0;410;2048;2048
144,8056;319,4763;12,70;0,3854;0,1884;0,0000;0,0000;0,0000;0,0000;0,0000;0,2355;-0,47;-0,08;1;0,0000;0,00;0;1;1;7;0;0;410;2048;2048
144,8194;319,5254;12,70;0,4941;0,1882;0,0000;0,0000;0,0000;0,0000;0,0000;0,2353;-0,45;0,04;1;0,0000;0,00;0;1;1;7;0;0;410;2048;2048
144,8333;319,5743;12,70;0,6139;0,1881;0,0000;0,0000;0,0000;0,0000;0,0000;0,2351;-0,43;0,18;1;0,0000;0,00;0;1;1;7;0;0;410;2048;2048
144,8472;319,6234;12,70;0,7779;0,1880;0,0000;0,0000;0,0000;0,0000;0,0000;0,2350;-0,40;0,37;1;0,0000;0,00;0;1;1;7;0;0;410;2048;2048
144,8611;319,8715;12,70;0,9872;0,1880;0,0000;0,0000;0,0000;0,0000;0,0000;0,2350;-0,37;0,62;1;0,0000;0,00;0;1;1;7;0;0;410;2048;2048
144,8750;319,8715;12,70;1,2634;0,1881;0,0000;0,0000;0,0000;0,0000;0,0000;0,2351;-0,33;0,93;1;0,0000;0,00;0;1;1;7;0;0;410;2048;2048
144,8889;319,8715;12,70;1,5153;0,1883;0,0000;0,0000;0,0000;0,0000;0,0000;0,2353;-0,28;1,23;1;0,0000;0,00;0;1;1;7;0;0;410;2048;2048
144,9028;319,8715;12,70;1,7879;0,1886;0,0000;0,0000;0,0000;0,0000;0,0000;0,2357;-0,22;1,57;1;0,0000;0,00;0;1;1;7;0;0;410;2048;2048
144,9167;319,8715;12,70;2,0230;0,1890;0,0000;0,0000;0,0000;0,0000;0,0000;0,2362;-0,15;1,87;1;0,0000;0,00;0;1;1;7;0;0;410;2048;2048
144,9306;319,9173;12,70;2,2369;0,1895;0,0000;0,0000;0,0000;0,0000;0,0000;0,2368;-0,08;2,16;1;0,0000;0,00;0;1;1;7;0;0;410;2048;2048
144,9444;319,9663;12,70;2,4142;0,1901;0,0000;0,0000;0,0000;0,0000;0,0000;0,2376;0,00;2,41;1;0,0000;0,00;0;1;1;7;0;0;410;2048;2048
144,9583;320,0153;12,70;2,4105;0,1908;0,0000;0,0000;0,0000;0,0000;0,0000;0,2384;0,08;2,49;1;0,0000;0,00;0;1;1;7;0;0;410;2048;2048
144,9722;320,0643;12,70;2,3049;0,1914;0,0000;0,0000;0,0000;0,0000;0,0000;0,2393;0,15;2,46;1;0,0000;0,00;0;1;1;7;0;0;410;2048;2048
144,9861;320,3284;12,70;2,2564;0,1922;0,0000;0,0000;0,0000;0,0000;0,0000;0,2402;0,23;2,48;1;0,0000;0,00;0;1;1;7;0;0;410;2048;2048
145,0000;320,3284;12,70;2,2337;0,1929;0,0000;0,0000;0,0000;0,0000;0,0000;0,2412;0,30;2,53;1;0,0000;0,00;0;1;1;7;0;0;410;2048;2048
145,0139;320,3284;12,70;2,2296;0,1938;0,0000;0,0000;0,0000;0,0000;0,0000;0,2422;0,37;2,60;1;0,0000;0,00;0;1;1;7;0;0;410;2048;2048
145,0278;320,3284;12,70;2,2276;0,1946;0,0000;0,0000;0,0000;0,0000;0,0000;0,2432;0,45;2,68;1;0,0000;0,00;0;1;1;7;0;0;410;2048;2048
145,0417;320,3284;12,70;2,2287;0,1955;0,0000;0,0000;0,0000;0,0000;0,0000;0,2444;0,52;2,75;1;0,0000;0,00;0;1;1;7;0;0;410;2048;2048
145,0556;320,3582;12,70;2,2332;0,1965;0,0000;0,0000;0,0000;0,0000;0,0000;0,2456;0,59;2,83;1;0,0000;0,00;0;1;1;7;0;0;410;2048;2048
145,0694;320,4073;12,70;2,2378;0,1975;0,0000;0,0000;0,0000;0,0000;0,0000;0,2469;0,67;2,90;1;0,0000;0,00;0;1;1;7;0;0;410;2048;2048
145,0833;320,4562;12,70;2,2380;0,1986;0,0000;0,0000;0,0000;0,0000;0,0000;0,2482;0,74;2,98;1;0,0000;0,00;0;1;1;7;0;0;410;2048;2048
145,0972;320,5052;12,70;2,2280;0,1997;0,0000;0,0000;0,0000;0,0000;0,0000;0,2496;0,81;3,04;1;0,0000;0,00;0;1;1;7;0;0;410;2048;2048
145,1111;320,5542;12,70;2,2109;0,2008;0,0000;0,0000;0,0000;0,0000;0,0000;0,2510;0,88;3,09;1;0,0000;0,00;0;1;1;7;0;0;410;2048;2048
145,1250;320,7835;12,70;2,1926;0,2020;0,0000;0,0035;0,0000;0,0000;0,0000;0,2525;0,95;3,15;1;0,0000;0,00;0;1;1;7;0;0;410;2048;2041
145,1389;320,7835;12,70;2,1616;0,2033;0,0000;0,0145;0,0000;0,0000;0,0000;0,2541;1,03;3,19;1;0,0000;0,00;0;1;1;7;0;0;410;2048;2018
145,1528;320,7835;12,70;2,1278;0,2045;0,0000;0,0343;0,0000;0,0000;0,0000;0,2557;1,09;3,22;1;0,0000;0,00;0;1;1;7;0;0;410;2048;1978
145,1667;320,7835;12,70;2,0523;0,2059;0,0000;0,0612;0,0000;0,0000;0,0000;0,2573;1,16;3,21;1;0,0000;0,00;0;1;1;7;0;0;410;2048;1923
145,1806;320,7991;12,70;1,9480;0,2072;0,0000;0,0927;0,0000;0,0000;0,0000;0,2590;1,23;3,17;1;0,0000;0,00;0;1;1;7;0;0;410;2048;1858
145,1944;320,8481;12,70;1,8016;0,2085;0,0000;0,1253;0,0000;0,0000;0,0000;0,2606;1,28;3,09;1;0,0000;0,00;0;1;1;7;0;0;410;2048;1791
145,2083;320,8970;12,70;1,6233;0,2098;0,0000;0,1565;0,0000;0,0000;0,0000;0,2622;1,34;2,96;1;0,0000;0,00;0;1;1;7;0;0;410;2048;1727
145,2222;320,9460;12,70;1,3937;0,2111;0,0000;0,1843;0,0000;0,0000;0,0000;0,2638;1,38;2,78;1;0,0000;0,00;0;1;1;7;0;0;410;2048;1671
145,2361;320,9950;12,70;1,1805;0,2123;0,0000;0,2078;0,0000;0,0000;0,0000;0,2654;1,42;2,60;1;0,0000;0,00;0;1;1;7;0;0;410;2048;1622
145,2500;321,2393;12,70;1,0094;0,2136;0,0000;0,2269;0,0000;0,0000;0,0000;0,2670;1,46;2,47;1;0,0000;0,00;0;1;1;7;0;0;410;2048;1583
145,2639;321,2393;12,70;0,8921;0,2148;0,0000;0,2424;0,0000;0,0000;0,0000;0,2685;1,49;2,38;1;0,0000;0,00;0;1;1;7;0;0;410;2048;1552
145,2778;321,2393;12,70;0,8370;0,2160;0,0000;0,2551;0,0000;0,0000;0,0000;0,2701;1,51;2,35;1;0,0000;0,00;0;1;1;7;0;0;410;2048;1526
145,2917;321,2393;12,70;0,7971;0,2173;0,0000;0,2657;0,0000;0,0000;0,0000;0,2716;1,54;2,34;1;0,0000;0,00;0;1;1;7;0;0;410;2048;1504
145,3056;321,2398;12,70;0,7550;0,2185;0,0000;0,2746;0,0000;0,0000;0,0000;0,2732;1,56;2,32;1;0,0000;0,00;0;1;1;7;0;0;410;2048;1486
145,3194;321,2888;12,70;0,7421;0,2198;0,0000;0,2824;0,0000;0,0000;0,0000;0,2747;1,59;2,33;1;0,0000;0,00;0;1;1;7;0;0;410;2048;1470
145,3333;321,3378;12,70;0,7117;0,2211;0,0000;0,2892;0,0000;0,0000;0,0000;0,2763;1,61;2,33;1;0,0000;0,00;0;1;1;9;0;0;410;2048;1456
145,3472;321,3867;12,70;0,6628;0,2223;0,0000;0,2955;0,0000;0,0000;0,0000;0,2779;1,64;2,30;1;0,0000;0,00;0;1;1;9;0;0;410;2048;1443
145,3611;321,4357;12,70;0,5984;0,2236;0,0000;0,3013;0,0000;0,0000;0,0000;0,2795;1,66;2,25;1;0,0000;0,00;0;1;1;9;0;0;410;2048;1431
145,3750;321,6952;12,60;0,5284;0,2249;0,0000;0,3069;0,0000;0,0000;0,0000;0,2811;1,67;2,20;1;0,0000;0,00;0;1;1;9;0;0;410;2048;1420
145,3889;321,6952;12,60;0,4561;0,2261;0,0000;0,3122;0,0000;0,0000;0,0000;0,2827;1,69;2,15;1;0,0000;0,00;0;1;1;9;0;0;410;2048;1409
145,4028;321,6952;12,60;0,3865;0,2274;0,0000;0,3176;0,0000;0,0000;0,0000;0,2842;1,70;2,09;1;0,0000;0,00;0;1;1;9;0;0;410;2048;1398
145,4167;321,6952;12,60;0,2838;0,2286;0,0000;0,3229;0,0000;0,0000;0,0000;0,2857;1,71;2,00;1;0,0000;0,00;0;1;1;9;0;0;410;2048;1387
145,4306;321,6952;12,60;0,1742;0,2298;0,0000;0,3282;0,0000;0,0000;0,0000;0,2872;1,72;1,89;1;0,0000;0,00;0;1;1;9;0;0;410;2048;1376
145,4444;321,7276;12,60;-0,0213;0,2309;0,0000;0,3336;0,0000;0,0000;0,0000;0,2887;1,72;1,70;1;0,0000;0,00;0;1;1;9;0;0;410;2048;1365
145,4583;321,7762;12,60;-0,1460;0,2321;0,0000;0,3390;0,0000;0,0000;0,0000;0,2901;1,71;1,57;1;0,0000;0,00;0;1;1;9;0;0;410;2048;1354
145,4722;321,8248;12,60;-0,2750;0,2331;0,0000;0,3446;0,0000;0,0000;0,0000;0,2914;1,71;1,43;1;0,0000;0,00;0;1;1;9;0;0;410;2048;1342
145,4861;321,8734;12,60;-0,3612;0,2342;0,0000;0,3501;0,0000;0,0000;0,0000;0,2927;1,69;1,33;1;0,0000;0,00;0;1;1;9;0;0;410;2048;1331
145,5000;321,9220;12,60;-0,4404;0,2352;0,0000;0,3557;0,0000;0,0000;0,0000;0,2940;1,68;1,24;1;0,0000;0,00;0;1;1;9;0;0;410;2048;1319
145,5139;322,1501;12,60;-0,5084;0,2362;0,0000;0,3614;0,0000;0,0000;0,0000;0,2953;1,67;1,16;1;0,0000;0,00;0;1;1;9;0;0;410;2048;1308
145,5278;322,1501;12,60;-0,5720;0,2372;0,0000;0,3670;0,0000;0,0000;0,0000;0,2965;1,65;1,08;1;0,0000;0,00;0;1;1;9;0;0;410;2048;1296
145,5417;322,1501;12,60;-0,6337;0,2381;0,0000;0,3727;0,0000;0,0000;0,0000;0,2977;1,63;0,99;1;0,0000;0,00;0;1;1;9;0;0;410;2048;1285
145,5556;322,1501;12,60;-0,6596;0,2390;0,0000;0,3783;0,0000;0,0000;0,0000;0,2988;1,61;0,95;1;0,0000;0,00;0;1;1;9;0;0;410;2048;1273
145,5694;322,1650;12,60;-0,6799;0,2399;0,0000;0,3839;0,0000;0,0000;0,0000;0,2999;1,58;0,90;1;0,0000;0,00;0;1;1;9;0;0;410;2048;1262
145,5833;322,2136;12,60;-0,6977;0,2408;0,0000;0,3895;0,0000;0,0000;0,0000;0,3010;1,56;0,86;1;0,0000;0,00;0;1;1;9;0;0;410;2048;1250
145,5972;322,2622;12,60;-0,7141;0,2416;0,0000;0,3950;0,0000;0,0000;0,0000;0,3021;1,54;0,82;1;0,0000;0,00;0;1;1;9;0;0;410;2048;1239
145,6111;322,3108;12,60;-0,7176;0,2425;0,0000;0,4004;0,0000;0,0000;0,0000;0,3031;1,51;0,79;1;0,0000;0,00;0;1;1;9;0;0;410;2048;1228
145,6250;322,3594;12,60;-0,6998;0,2433;0,0000;0,4058;0,0000;0,0000;0,0000;0,3042;1,49;0,79;1;0,0000;0,00;0;1;1;9;0;0;410;2048;1217
145,6389;322,6067;12,60;-0,6563;0,2441;0,0000;0,4111;0,0000;0,0000;0,0000;0,3052;1,47;0,81;1;0,0000;0,00;0;1;1;9;0;0;410;2048;1206
145,6528;322,6067;12,60;-0,5635;0,2450;0,0000;0,4164;0,0000;0,0000;0,0000;0,3062;1,45;0,88;1;0,0000;0,00;0;1;1;9;0;0;410;2048;1195
145,6667;322,6067;12,60;-0,4847;0,2458;0,0000;0,4216;0,0000;0,0000;0,0000;0,3073;1,43;0,95;1;0,0000;0,00;0;1;1;9;0;0;410;2048;1185
145,6806;322,6067;12,60;-0,4174;0,2467;0,0000;0,4267;0,0000;0,0000;0,0000;0,3083;1,42;1,00;1;0,0000;0,00;0;1;1;9;0;0;410;2048;1174
145,6944;322,6067;12,60;-0,3687;0,2475;0,0000;0,4319;0,0000;0,0000;0,0000;0,3094;1,41;1,04;1;0,0000;0,00;0;1;1;9;0;0;410;2048;1164
145,7083;322,6510;12,60;-0,3117;0,2484;0,0000;0,4370;0,0000;0,0000;0,0000;0,3105;1,40;1,08;1;0,0000;0,00;0;1;1;9;0;0;410;2048;1153
145,7222;322,6996;12,60;-0,2631;0,2492;0,0000;0,4421;0,0000;0,0000;0,0000;0,3116;1,39;1,12;1;0,0000;0,00;0;1;1;9;0;0;410;2048;1143
145,7361;322,7482;12,60;-0,2156;0,2501;0,0000;0,4471;0,0000;0,0000;0,0000;0,3126;1,38;1,16;1;0,0000;0,00;0;1;1;9;0;0;410;2048;1132
145,7500;322,7968;12,60;-0,1985;0,2510;0,0000;0,4522;0,0000;0,0000;0,0000;0,3137;1,37;1,17;1;0,0000;0,00;0;1;1;9;0;0;410;2048;1122
145,7639;323,0611;12,60;-0,1887;0,2518;0,0000;0,4573;0,0000;0,0000;0,0000;0,3148;1,37;1,18;1;0,0000;0,00;0;1;1;9;0;0;410;2048;1111
145,7778;323,0611;12,60;-0,1796;0,2527;0,0000;0,4624;0,0000;0,0000;0,0000;0,3159;1,36;1,18;1;0,0000;0,00;0;1;1;9;0;0;410;2048;1101
145,7917;323,0611;12,60;-0,1821;0,2536;0,0000;0,4675;0,0000;0,0000;0,0000;0,3170;1,35;1,17;1;0,0000;0,00;0;1;1;9;0;0;410;2048;1091
145,8056;323,0611;12,60;-0,1850;0,2544;0,0000;0,4726;0,0000;0,0000;0,0000;0,3180;1,35;1,16;1;0,0000;0,00;0;1;1;9;0;0;410;2048;1080
145,8194;323,0611;12,60;-0,1900;0,2553;0,0000;0,4777;0,0000;0,0000;0,0000;0,3191;1,34;1,15;1;0,0000;0,00;0;1;1;9;0;0;410;2048;1070
145,8333;323,0883;12,60;-0,1988;0,2561;0,0000;0,4828;0,0000;0,0000;0,0000;0,3201;1,33;1,13;1;0,0000;0,00;0;1;1;9;0;0;410;2048;1059
145,8472;323,1370;12,60;-0,2044;0,2569;0,0000;0,4879;0,0000;0,0000;0,0000;0,3212;1,32;1,12;1;0,0000;0,00;0;1;1;9;0;0;410;2048;1049
145,8611;323,1856;12,60;-0,2057;0,2578;0,0000;0,4929;0,0000;0,0000;0,0000;0,3222;1,32;1,11;1;0,0000;0,00;0;1;1;9;0;0;410;2048;1039
145,8750;323,2342;12,90;-0,1891;0,2586;0,0000;0,4979;0,0000;0,0000;0,0000;0,3233;1,31;1,12;1;0,0000;0,00;0;1;1;9;0;0;410;2048;1028
145,8889;323,2839;12,90;-0,1647;0,2595;0,0000;0,5029;0,0000;0,0000;0,0000;0,3244;1,31;1,14;1;0,0000;0,00;0;1;1;9;0;0;410;2048;1018
145,9028;323,5179;12,90;-0,1367;0,2604;0,0000;0,5078;0,0000;0,0000;0,0000;0,3255;1,30;1,17;1;0,0000;0,00;0;1;1;9;0;0;410;2048;1008
145,9167;323,5179;12,90;-0,1208;0,2612;0,0000;0,5128;0,0000;0,0000;0,0000;0,3266;1,30;1,18;1;0,0000;0,00;0;1;1;9;0;0;410;2048;998
145,9306;323,5179;12,90;-0,1083;0,2621;0,0000;0,5177;0,0000;0,0000;0,0000;0,3277;1,29;1,19;1;0,0000;0,00;0;1;1;9;0;0;410;2048;988
145,9444;323,5179;12,90;-0,1032;0,2630;0,0000;0,5226;0,0000;0,0000;0,0000;0,3288;1,29;1,19;1;0,0000;0,00;0;1;1;9;0;0;410;2048;978
145,9583;323,5327;12,90;-0,1005;0,2639;0,0000;0,5275;0,0000;0,0000;0,0000;0,3299;1,29;1,19;1;0,0000;0,00;0;1;1;9;0;0;410;2048;968
145,9722;323,5825;12,90;-0,0983;0,2648;0,0000;0,5323;0,0000;0,0000;0,0000;0,3310;1,29;1,19;1;0,0000;0,00;0;1;1;9;0;0;410;2048;958
145,9861;323,6322;12,90;-0,1052;0,2657;0,0000;0,5372;0,0000;0,0000;0,0000;0,3321;1,28;1,18;1;0,0000;0,00;0;1;1;9;0;0;410;2048;948
146,0000;323,6820;12,90;-0,1183;0,2665;0,0000;0,5420;0,0000;0,0000;0,0000;0,3332;1,28;1,16;1;0,0000;0,00;0;1;1;9;0;0;410;2048;938
146,0139;323,7318;12,90;-0,1446;0,2674;0,0000;0,5467;0,0000;0,0000;0,0000;0,3343;1,28;1,13;1;0,0000;0,00;0;1;1;9;0;0;410;2048;928
146,0278;323,9730;12,90;-0,1705;0,2683;0,0000;0,5514;0,0000;0,0000;0,0000;0,3353;1,27;1,10;1;0,0000;0,00;0;1;1;9;0;0;410;2048;919
146,0417;323,9730;12,90;-0,2262;0,2691;0,0000;0,5561;0,0000;0,0000;0,0000;0,3364;1,26;1,04;1;0,0000;0,00;0;1;1;9;0;0;410;2048;909
146,0556;323,9730;12,90;-0,2527;0,2699;0,0000;0,5607;0,0000;0,0000;0,0000;0,3374;1,26;1,00;1;0,0000;0,00;0;1;1;9;0;0;410;2048;900
146,0694;323,9730;12,90;-0,2974;0,2707;0,0000;0,5651;0,0000;0,0000;0,0000;0,3384;1,25;0,95;1;0,0000;0,00;0;1;1;9;0;0;410;2048;891
146,0833;323,9805;12,90;-0,3110;0,2715;0,0000;0,5695;0,0000;0,0000;0,0000;0,3394;1,24;0,93;1;0,0000;0,00;0;1;1;9;0;0;410;2048;882
146,0972;324,0303;12,90;-0,3269;0,2723;0,0000;0,5738;0,0000;0,0000;0,0000;0,3404;1,23;0,90;1;0,0000;0,00;0;1;1;9;0;0;410;2048;873
146,1111;324,0800;12,90;-0,3389;0,2731;0,0000;0,5780;0,0000;0,0000;0,0000;0,3414;1,22;0,88;1;0,0000;0,00;0;1;1;9;0;0;410;2048;864
146,1250;324,1298;12,90;-0,3460;0,2739;0,0000;0,5821;0,0000;0,0000;0,0000;0,3423;1,21;0,86;1;0,0000;0,00;0;1;1;9;0;0;410;2048;856
146,1389;324,1796;12,90;-0,3505;0,2746;0,0000;0,5861;0,0000;0,0000;0,0000;0,3433;1,19;0,84;1;0,0000;0,00;0;1;1;9;0;0;410;2048;848
146,1528;324,4290;12,90;-0,3360;0,2754;0,0000;0,5899;0,0000;0,0000;0,0000;0,3442;1,18;0,85;1;0,0000;0,00;0;1;1;9;0;0;410;2048;840
146,1667;324,4290;12,90;-0,3010;0,2761;0,0000;0,5937;0,0000;0,0000;0,0000;0,3452;1,17;0,87;1;0,0000;0,00;0;1;1;9;0;0;410;2048;832
146,1806;324,4290;12,90;-0,2449;0,2769;0,0000;0,5973;0,0000;0,0000;0,0000;0,3461;1,17;0,92;1;0,0000;0,00;0;1;1;9;0;0;410;2048;825
146,1944;324,4290;12,90;-0,1494;0,2777;0,0000;0,6008;0,0000;0,0000;0,0000;0,3471;1,16;1,01;1;0,0000;0,00;0;1;1;9;0;0;410;2048;817
146,2083;324,4290;12,90;-0,0199;0,2785;0,0000;0,6043;0,0000;0,0000;0,0000;0,3481;1,16;1,14;1;0,0000;0,00;0;1;1;9;0;0;410;2048;810
146,2222;324,4781;12,90;0,0486;0,2793;0,0000;0,6077;0,0000;0,0000;0,0000;0,3492;1,16;1,21;1;0,0000;0,00;0;1;1;9;0;0;410;2048;803
146,2361;324,5279;12,90;0,1242;0,2802;0,0000;0,6110;0,0000;0,0000;0,0000;0,3503;1,17;1,29;1;0,0000;0,00;0;1;1;9;0;0;410;2048;797
146,2500;324,5776;12,90;0,2339;0,2811;0,0000;0,6143;0,0000;0,0000;0,0000;0,3513;1,18;1,41;1;0,0000;0,00;0;1;1;9;0;0;410;2048;790
146,2639;324,6274;12,90;0,3555;0,2820;0,0000;0,6176;0,0000;0,0000;0,0000;0,3525;1,19;1,55;1;0,0000;0,00;0;1;1;9;0;0;410;2048;783
146,2778;324,8847;12,90;0,4374;0,2830;0,0000;0,6209;0,0000;0,0000;0,0000;0,3537;1,20;1,64;1;0,0000;0,00;0;1;1;9;0;0;410;2048;776
146,2917;324,8847;12,90;0,4895;0,2840;0,0000;0,6243;0,0000;0,0000;0,0000;0,3549;1,22;1,71;1;0,0000;0,00;0;1;1;9;0;0;410;2048;770
146,3056;324,8847;12,90;0,4678;0,2849;0,0000;0,6276;0,0000;0,0000;0,0000;0,3562;1,24;1,71;1;0,0000;0,00;0;1;1;9;0;0;410;2048;763
146,3194;324,8847;12,90;0,4927;0,2860;0,0000;0,6310;0,0000;0,0000;0,0000;0,3575;1,25;1,75;1;0,0000;0,00;0;1;1;9;0;0;410;2048;756
146,3333;324,8847;12,90;0,4822;0,2870;0,0000;0,6345;0,0000;0,0000;0,0000;0,3587;1,27;1,75;1;0,0000;0,00;0;1;1;1;0;0;410;2048;749
146,3472;324,9259;12,90;0,4599;0,2880;0,0000;0,6379;0,0000;0,0000;0,0000;0,3600;1,29;1,75;1;0,0000;0,00;0;1;1;1;0;0;410;2048;741
146,3611;324,9756;12,90;0,4153;0,2890;0,0000;0,6415;0,0000;0,0000;0,0000;0,3612;1,30;1,72;1;0,0000;0,00;0;1;1;1;0;0;410;2048;734
146,3750;325,0254;12,90;0,3633;0,2900;0,0000;0,6450;0,0000;0,0000;0,0000;0,3625;1,31;1,68;1;0,0000;0,00;0;1;1;1;0;0;410;2048;727
146,3889;325,0752;12,90;0,3324;0,2910;0,0000;0,6486;0,0000;0,0000;0,0000;0,3637;1,33;1,66;1;0,0000;0,00;0;1;1;1;0;0;410;2048;720
146,4028;325,3399;12,90;0,2887;0,2920;0,0000;0,6522;0,0000;0,0000;0,0000;0,3650;1,34;1,62;1;0,0000;0,00;0;1;1;1;0;0;410;2048;712
146,4167;325,3399;12,90;0,2069;0,2929;0,0000;0,6558;0,0000;0,0000;0,0000;0,3662;1,34;1,55;1;0,0000;0,00;0;1;1;1;0;0;410;2048;705
146,4306;325,3399;12,90;0,1164;0,2939;0,0000;0,6594;0,0000;0,0000;0,0000;0,3674;1,35;1,46;1;0,0000;0,00;0;1;1;1;0;0;410;2048;698
146,4444;325,3399;12,90;0,0334;0,2948;0,0000;0,6630;0,0000;0,0000;0,0000;0,3686;1,35;1,38;1;0,0000;0,00;0;1;1;1;0;0;410;2048;690
146,4583;325,3399;12,90;-0,0899;0,2957;0,0000;0,6665;0,0000;0,0000;0,0000;0,3697;1,35;1,26;1;0,0000;0,00;0;1;1;1;0;0;410;2048;683
146,4722;325,3737;12,90;-0,2373;0,2966;0,0000;0,6700;0,0000;0,0000;0,0000;0,3708;1,34;1,10;1;0,0000;0,00;0;1;1;1;0;0;410;2048;676
146,4861;325,4234;12,90;-0,2873;0,2975;0,0000;0,6735;0,0000;0,0000;0,0000;0,3718;1,33;1,04;1;0,0000;0,00;0;1;1;1;0;0;410;2048;669
146,5000;325,4732;12,90;-0,3673;0,2983;0,0000;0,6769;0,0000;0,0000;0,0000;0,3728;1,32;0,95;1;0,0000;0,00;0;1;1;1;0;0;410;2048;662
146,5139;325,5229;12,90;-0,4357;0,2991;0,0000;0,6803;0,0000;0,0000;0,0000;0,3738;1,31;0,87;1;0,0000;0,00;0;1;1;1;0;0;410;2048;655
146,5278;325,7962;12,90;-0,4819;0,2998;0,0000;0,6836;0,0000;0,0000;0,0000;0,3748;1,29;0,81;1;0,0000;0,00;0;1;1;1;0;0;410;2048;648
146,5417;325,7962;12,90;-0,5071;0,3006;0,0000;0,6868;0,0000;0,0000;0,0000;0,3757;1,27;0,77;1;0,0000;0,00;0;1;1;1;0;0;410;2048;641
146,5556;325,7962;12,90;-0,5133;0,3013;0,0000;0,6899;0,0000;0,0000;0,0000;0,3766;1,26;0,74;1;0,0000;0,00;0;1;1;1;0;0;410;2048;635
146,5694;325,7962;12,90;-0,5297;0,3020;0,0000;0,6929;0,0000;0,0000;0,0000;0,3775;1,24;0,71;1;0,0000;0,00;0;1;1;1;0;0;410;2048;629
146,5833;325,7962;12,90;-0,5837;0,3027;0,0000;0,6959;0,0000;0,0000;0,0000;0,3784;1,22;0,64;1;0,0000;0,00;0;1;1;1;0;0;410;2048;623
146,5972;325,8215;12,90;-0,6120;0,3034;0,0000;0,6987;0,0000;0,0000;0,0000;0,3793;1,20;0,59;1;0,0000;0,00;0;1;1;1;0;0;410;2048;617
146,6111;325,8712;12,90;-0,6368;0,3041;0,0000;0,7015;0,0000;0,0000;0,0000;0,3801;1,18;0,54;1;0,0000;0,00;0;1;1;1;0;0;410;2048;611
146,6250;325,9210;12,90;-0,6490;0,3047;0,0000;0,7042;0,0000;0,0000;0,0000;0,3809;1,16;0,51;1;0,0000;0,00;0;1;1;1;0;0;410;2048;606
146,6389;325,9708;12,90;-0,6467;0,3053;0,0000;0,7068;0,0000;0,0000;0,0000;0,3817;1,14;0,49;1;0,0000;0,00;0;1;1;1;0;0;410;2048;600
146,6528;326,0205;12,90;-0,5966;0,3060;0,0000;0,7094;0,0000;0,0000;0,0000;0,3824;1,12;0,52;1;0,0000;0,00;0;1;1;1;0;0;410;2048;595
146,6667;326,2506;12,90;-0,5489;0,3066;0,0000;0,7119;0,0000;0,0000;0,0000;0,3832;1,10;0,55;1;0,0000;0,00;0;1;1;1;0;0;410;2048;590
146,6806;326,2506;12,90;-0,4950;0,3072;0,0000;0,7143;0,0000;0,0000;0,0000;0,3840;1,08;0,59;1;0,0000;0,00;0;1;1;1;0;0;410;2048;585
146,6944;326,2506;12,90;-0,4747;0,3078;0,0000;0,7166;0,0000;0,0000;0,0000;0,3848;1,07;0,59;1;0,0000;0,00;0;1;1;1;0;0;410;2048;580
146,7083;326,2506;12,90;-0,4693;0,3084;0,0000;0,7189;0,0000;0,0000;0,0000;0,3855;1,05;0,59;1;0,0000;0,00;0;1;1;1;0;0;410;2048;576
146,7222;326,2693;12,90;-0,4682;0,3090;0,0000;0,7211;0,0000;0,0000;0,0000;0,3863;1,04;0,57;1;0,0000;0,00;0;1;1;1;0;0;410;2048;571
146,7361;326,3191;12,90;-0,4636;0,3096;0,0000;0,7233;0,0000;0,0000;0,0000;0,3870;1,02;0,56;1;0,0000;0,00;0;1;1;1;0;0;410;2048;567
146,7500;326,3689;12,90;-0,4559;0,3102;0,0000;0,7254;0,0000;0,0000;0,0000;0,3877;1,01;0,55;1;0,0000;0,00;0;1;1;1;0;0;410;2048;562
146,7639;326,4186;12,90;-0,4559;0,3108;0,0000;0,7275;0,0000;0,0000;0,0000;0,3885;1,00;0,54;1;0,0000;0,00;0;1;1;1;0;0;410;2048;558
146,7778;326,4684;12,90;-0,4667;0,3113;0,0000;0,7296;0,0000;0,0000;0,0000;0,3892;0,98;0,51;1;0,0000;0,00;0;1;1;1;0;0;410;2048;554
146,7917;326,7076;12,90;-0,4777;0,3119;0,0000;0,7316;0,0000;0,0000;0,0000;0,3898;0,97;0,49;1;0,0000;0,00;0;1;1;1;0;0;410;2048;550
146,8056;326,7076;12,90;-0,4679;0,3124;0,0000;0,7336;0,0000;0,0000;0,0000;0,3905;0,95;0,48;1;0,0000;0,00;0;1;1;1;0;0;410;2048;546
146,8194;326,7076;12,90;-0,4334;0,3129;0,0000;0,7355;0,0000;0,0000;0,0000;0,3912;0,94;0,50;1;0,0000;0,00;0;1;1;1;0;0;410;2048;542
146,8333;326,7076;12,90;-0,3892;0,3135;0,0000;0,7374;0,0000;0,0000;0,0000;0,3918;0,92;0,53;1;0,0000;0,00;0;1;1;1;0;0;410;2048;538
146,8472;326,7173;12,90;-0,3512;0,3140;0,0000;0,7393;0,0000;0,0000;0,0000;0,3925;0,91;0,56;1;0,0000;0,00;0;1;1;1;0;0;410;2048;534
146,8611;326,7670;13,00;-0,3226;0,3145;0,0000;0,7412;0,0000;0,0000;0,0000;0,3932;0,90;0,58;1;0,0000;0,00;0;1;1;1;0;0;410;2048;530
146,8750;326,8172;13,00;-0,3088;0,3151;0,0000;0,7430;0,0000;0,0000;0,0000;0,3939;0,89;0,58;1;0,0000;0,00;0;1;1;1;0;0;410;2048;526
146,8889;326,8673;13,00;-0,2949;0,3157;0,0000;0,7447;0,0000;0,0000;0,0000;0,3946;0,88;0,59;1;0,0000;0,00;0;1;1;1;0;0;410;2048;523
146,9028;326,9174;13,00;-0,2884;0,3162;0,0000;0,7465;0,0000;0,0000;0,0000;0,3953;0,87;0,58;1;0,0000;0,00;0;1;1;1;0;0;410;2048;519
146,9167;327,1619;13,00;-0,2797;0,3168;0,0000;0,7483;0,0000;0,0000;0,0000;0,3959;0,86;0,58;1;0,0000;0,00;0;1;1;1;0;0;410;2048;516
146,9306;327,1619;13,00;-0,2681;0,3173;0,0000;0,7500;0,0000;0,0000;0,0000;0,3966;0,85;0,59;1;0,0000;0,00;0;1;1;1;0;0;410;2048;512
146,9444;327,1619;13,00;-0,2441;0,3178;0,0000;0,7518;0,0000;0,0000;0,0000;0,3973;0,85;0,60;1;0,0000;0,00;0;1;1;1;0;0;410;2048;508
146,9583;327,1619;13,00;-0,2260;0,3184;0,0000;0,7535;0,0000;0,0000;0,0000;0,3980;0,84;0,61;1;0,0000;0,00;0;1;1;1;0;0;410;2048;505
146,9722;327,1682;13,00;-0,2115;0,3189;0,0000;0,7552;0,0000;0,0000;0,0000;0,3987;0,83;0,62;1;0,0000;0,00;0;1;1;1;0;0;410;2048;501
146,9861;327,2184;13,00;-0,1993;0,3195;0,0000;0,7569;0,0000;0,0000;0,0000;0,3993;0,83;0,63;1;0,0000;0,00;0;1;1;1;0;0;410;2048;498
147,0000;327,2685;13,00;-0,1929;0,3200;0,0000;0,7586;0,0000;0,0000;0,0000;0,4000;0,82;0,63;1;0,0000;0,00;0;1;1;1;0;0;410;2048;494
147,0139;327,3187;13,00;-0,1907;0,3205;0,0000;0,7603;0,0000;0,0000;0,0000;0,4007;0,82;0,62;1;0,0000;0,00;0;1;1;1;0;0;410;2048;491
147,0278;327,3688;13,00;-0,1905;0,3211;0,0000;0,7620;0,0000;0,0000;0,0000;0,4013;0,81;0,62;1;0,0000;0,00;0;1;1;1;0;0;410;2048;488
147,0417;327,6189;13,00;-0,1872;0,3216;0,0000;0,7636;0,0000;0,0000;0,0000;0,4020;0,80;0,62;1;0,0000;0,00;0;1;1;1;0;0;410;2048;484
147,0556;327,6189;13,00;-0,1774;0,3221;0,0000;0,7653;0,0000;0,0000;0,0000;0,4027;0,80;0,62;1;0,0000;0,00;0;1;1;1;0;0;410;2048;481
147,0694;327,6189;13,00;-0,1670;0,3227;0,0000;0,7669;0,0000;0,0000;0,0000;0,4033;0,79;0,63;1;0,0000;0,00;0;1;1;1;0;0;410;2048;477
147,0833;327,6189;13,00;-0,1635;0,3232;0,0000;0,7686;0,0000;0,0000;0,0000;0,4040;0,79;0,63;1;0,0000;0,00;0;1;1;1;0;0;410;2048;474
147,0972;327,6195;13,00;-0,1588;0,3237;0,0000;0,7702;0,0000;0,0000;0,0000;0,4047;0,78;0,63;1;0,0000;0,00;0;1;1;1;0;0;410;2048;471
147,1111;327,6697;13,00;-0,1576;0,3242;0,0000;0,7718;0,0000;0,0000;0,0000;0,4053;0,78;0,62;1;0,0000;0,00;0;1;1;1;0;0;410;2048;467
147,1250;327,7198;13,10;-0,1541;0,3248;0,0000;0,7735;0,0000;0,0000;0,0000;0,4060;0,78;0,62;1;0,0000;0,00;0;1;1;1;0;0;410;2048;464
147,1389;327,7704;13,10;-0,1543;0,3253;0,0000;0,7751;0,0000;0,0000;0,0000;0,4066;0,77;0,62;1;0,0000;0,00;0;1;1;1;0;0;410;2048;461
147,1528;327,8209;13,10;-0,1575;0,3258;0,0000;0,7767;0,0000;0,0000;0,0000;0,4073;0,77;0,61;1;0,0000;0,00;0;1;1;1;0;0;410;2048;457
147,1667;328,0737;13,10;-0,1613;0,3263;0,0000;0,7783;0,0000;0,0000;0,0000;0,4079;0,76;0,60;1;0,0000;0,00;0;1;1;1;0;0;410;2048;454
147,1806;328,0737;13,10;-0,1651;0,3268;0,0000;0,7798;0,0000;0,0000;0,0000;0,4085;0,76;0,59;1;0,0000;0,00;0;1;1;1;0;0;410;2048;451
147,1944;328,0737;13,10;-0,1616;0,3273;0,0000;0,7814;0,0000;0,0000;0,0000;0,4091;0,75;0,59;1;0,0000;0,00;0;1;1;1;0;0;410;2048;448
147,2083;328,0737;13,10;-0,1631;0,3278;0,0000;0,7830;0,0000;0,0000;0,0000;0,4097;0,74;0,58;1;0,0000;0,00;0;1;1;1;0;0;410;2048;445
147,2222;328,0737;13,10;-0,1618;0,3283;0,0000;0,7845;0,0000;0,0000;0,0000;0,4104;0,74;0,58;1;0,0000;0,00;0;1;1;1;0;0;410;2048;441
147,2361;328,1241;13,10;-0,1688;0,3288;0,0000;0,7860;0,0000;0,0000;0,0000;0,4110;0,73;0,57;1;0,0000;0,00;0;1;1;1;0;0;410;2048;438
147,2500;328,1747;13,10;-0,1662;0,3293;0,0000;0,7875;0,0000;0,0000;0,0000;0,4116;0,73;0,56;1;0,0000;0,00;0;1;1;1;0;0;410;2048;435
147,2639;328,2252;13,10;-0,1697;0,3298;0,0000;0,7890;0,0000;0,0000;0,0000;0,4122;0,72;0,56;1;0,0000;0,00;0;1;1;1;0;0;410;2048;432
147,2778;328,2758;13,10;-0,1616;0,3302;0,0000;0,7905;0,0000;0,0000;0,0000;0,4128;0,72;0,56;1;0,0000;0,00;0;1;1;1;0;0;410;2048;429
147,2917;328,5300;13,10;-0,1575;0,3307;0,0000;0,7920;0,0000;0,0000;0,0000;0,4134;0,71;0,56;1;0,0000;0,00;0;1;1;1;0;0;410;2048;426
147,3056;328,5300;13,10;-0,1451;0,3312;0,0000;0,7935;0,0000;0,0000;0,0000;0,4140;0,71;0,56;1;0,0000;0,00;0;1;1;1;0;0;410;2048;423
147,3194;328,5300;13,10;-0,1329;0,3317;0,0000;0,7949;0,0000;0,0000;0,0000;0,4146;0,70;0,57;1;0,0000;0,00;0;1;1;1;0;0;410;2048;420
147,3333;328,5300;13,10;-0,1190;0,3321;0,0000;0,7964;0,0000;0,0000;0,0000;0,4152;0,70;0,58;1;0,0000;0,00;0;1;1;8;0;0;410;2048;417
147,3472;328,5300;13,10;-0,1121;0,3326;0,0000;0,7978;0,0000;0,0000;0,0000;0,4158;0,70;0,58;1;0,0000;0,00;0;1;1;8;0;0;410;2048;414
147,3611;328,5790;13,10;-0,1025;0,3331;0,0000;0,7992;0,0000;0,0000;0,0000;0,4163;0,69;0,59;1;0,0000;0,00;0;1;1;8;0;0;410;2048;411
147,3750;328,6295;13,10;-0,0842;0,3335;0,0000;0,8006;0,0000;0,0000;0,0000;0,4169;0,69;0,60;1;0,0000;0,00;0;1;1;8;0;0;410;2048;408
147,3889;328,6801;13,10;-0,0501;0,3340;0,0000;0,8020;0,0000;0,0000;0,0000;0,4175;0,69;0,64;1;0,0000;0,00;0;1;1;8;0;0;410;2048;405
147,4028;328,7306;13,10;0,0126;0,3345;0,0000;0,8034;0,0000;0,0000;0,0000;0,4181;0,69;0,70;1;0,0000;0,00;0;1;1;8;0;0;410;2048;403
147,4167;328,9853;13,10;0,0727;0,3350;0,0000;0,8048;0,0000;0,0000;0,0000;0,4188;0,69;0,76;1;0,0000;0,00;0;1;1;8;0;0;410;2048;400
147,4306;328,9853;13,10;0,1918;0,3356;0,0000;0,8062;0,0000;0,0000;0,0000;0,4194;0,70;0,89;1;0,0000;0,00;0;1;1;8;0;0;410;2048;397
147,4444;328,9853;13,10;0,2808;0,3361;0,0000;0,8075;0,0000;0,0000;0,0000;0,4201;0,71;0,99;1;0,0000;0,00;0;1;1;8;0;0;410;2048;394
147,4583;328,9853;13,10;0,3539;0,3367;0,0000;0,8090;0,0000;0,0000;0,0000;0,4209;0,72;1,07;1;0,0000;0,00;0;1;1;8;0;0;410;2048;391
147,4722;328,9853;13,10;0,4498;0,3373;0,0000;0,8104;0,0000;0,0000;0,0000;0,4217;0,74;1,19;1;0,0000;0,00;0;1;1;8;0;0;410;2048;388
147,4861;329,0338;13,10;0,4690;0,3380;0,0000;0,8118;0,0000;0,0000;0,0000;0,4225;0,75;1,22;1;0,0000;0,00;0;1;1;8;0;0;410;2048;385
147,5000;329,0844;13,10;0,5790;0,3387;0,0000;0,8133;0,0000;0,0000;0,0000;0,4233;0,77;1,35;1;0,0000;0,00;0;1;1;8;0;0;410;2048;382
147,5139;329,1349;13,10;0,6759;0,3394;0,0000;0,8149;0,0000;0,0000;0,0000;0,4242;0,80;1,47;1;0,0000;0,00;0;1;1;8;0;0;410;2048;379
147,5278;329,1854;13,10;0,8374;0,3402;0,0000;0,8165;0,0000;0,0000;0,0000;0,4252;0,82;1,66;1;0,0000;0,00;0;1;1;8;0;0;410;2048;376
147,5417;329,4412;13,10;0,9425;0,3410;0,0000;0,8181;0,0000;0,0000;0,0000;0,4262;0,86;1,80;1;0,0000;0,00;0;1;1;8;0;0;410;2048;373
147,5556;329,4412;13,10;1,0578;0,3419;0,0000;0,8198;0,0000;0,0000;0,0000;0,4273;0,89;1,95;1;0,0000;0,00;0;1;1;8;0;0;410;2048;369
147,5694;329,4412;13,10;1,1168;0,3428;0,0000;0,8216;0,0000;0,0000;0,0000;0,4285;0,93;2,05;1;0,0000;0,00;0;1;1;8;0;0;410;2048;365
147,5833;329,4412;13,10;1,1274;0,3438;0,0000;0,8235;0,0000;0,0000;0,0000;0,4297;0,97;2,10;1;0,0000;0,00;0;1;1;8;0;0;410;2048;361
147,5972;329,4412;13,10;1,1620;0,3448;0,0000;0,8255;0,0000;0,0000;0,0000;0,4310;1,01;2,17;1;0,0000;0,00;0;1;1;8;0;0;410;2048;357
147,6111;329,4886;13,10;1,1692;0,3458;0,0000;0,8276;0,0000;0,0000;0,0000;0,4323;1,05;2,22;1;0,0000;0,00;0;1;1;8;0;0;410;2048;353
147,6250;329,5391;13,00;1,1708;0,3469;0,0000;0,8298;0,0000;0,0000;0,0000;0,4336;1,09;2,26;1;0,0000;0,00;0;1;1;8;0;0;410;2048;349
147,6389;329,5892;13,00;1,1479;0,3479;0,0000;0,8321;0,0000;0,0000;0,0000;0,4349;1,13;2,28;1;0,0000;0,00;0;1;1;8;0;0;410;2048;344
147,6528;329,6393;13,00;1,0685;0,3490;0,0000;0,8345;0,0000;0,0000;0,0000;0,4362;1,16;2,23;1;0,0000;0,00;0;1;1;8;0;0;410;2048;339
147,6667;329,8968;13,00;0,9521;0,3501;0,0000;0,8370;0,0000;0,0000;0,0000;0,4376;1,20;2,15;1;0,0000;0,00;0;1;1;8;0;0;410;2048;334
147,6806;329,8968;13,00;0,8222;0,3511;0,0000;0,8396;0,0000;0,0000;0,0000;0,4389;1,22;2,05;1;0,0000;0,00;0;1;1;8;0;0;410;2048;329
147,6944;329,8968;13,00;0,6747;0,3522;0,0000;0,8422;0,0000;0,0000;0,0000;0,4402;1,25;1,92;1;0,0000;0,00;0;1;1;8;0;0;410;2048;323
147,7083;329,8968;13,00;0,4907;0,3532;0,0000;0,8449;0,0000;0,0000;0,0000;0,4415;1,26;1,76;1;0,0000;0,00;0;1;1;8;0;0;410;2048;318
147,7222;329,8968;13,00;0,4538;0,3542;0,0000;0,8476;0,0000;0,0000;0,0000;0,4427;1,28;1,73;1;0,0000;0,00;0;1;1;8;0;0;410;2048;312
147,7361;329,9402;13,00;0,2167;0,3551;0,0000;0,8504;0,0000;0,0000;0,0000;0,4439;1,29;1,50;1;0,0000;0,00;0;1;1;8;0;0;410;2048;306
147,7500;329,9903;13,00;0,1365;0,3561;0,0000;0,8531;0,0000;0,0000;0,0000;0,4451;1,29;1,43;1;0,0000;0,00;0;1;1;8;0;0;410;2048;301
147,7639;330,0405;13,00;-0,0981;0,3569;0,0000;0,8559;0,0000;0,0000;0,0000;0,4462;1,29;1,19;1;0,0000;0,00;0;1;1;8;0;0;410;2048;295
147,7778;330,0906;13,00;0,0132;0,3578;0,0000;0,8586;0,0000;0,0000;0,0000;0,4473;1,29;1,30;1;0,0000;0,00;0;1;1;8;0;0;410;2048;290
147,7917;330,3482;13,00;0,0474;0,3587;0,0000;0,8613;0,0000;0,0000;0,0000;0,4484;1,29;1,34;1;0,0000;0,00;0;1;1;8;0;0;410;2048;284
147,8056;330,3482;13,00;0,0479;0,3596;0,0000;0,8640;0,0000;0,0000;0,0000;0,4495;1,29;1,34;1;0,0000;0,00;0;1;1;8;0;0;410;2048;279
147,8194;330,3482;13,00;0,0389;0,3605;0,0000;0,8667;0,0000;0,0000;0,0000;0,4507;1,29;1,33;1;0,0000;0,00;0;1;1;8;0;0;410;2048;273
147,8333;330,3482;13,00;0,0172;0,3614;0,0000;0,8693;0,0000;0,0000;0,0000;0,4518;1,29;1,31;1;0,0000;0,00;0;1;1;8;0;0;410;2048;268
147,8472;330,3482;13,00;0,0243;0,3623;0,0000;0,8719;0,0000;0,0000;0,0000;0,4529;1,29;1,32;1;0,0000;0,00;0;1;1;8;0;0;410;2048;262
147,8611;330,3914;13,00;0,0104;0,3632;0,0000;0,8745;0,0000;0,0000;0,0000;0,4540;1,29;1,30;1;0,0000;0,00;0;1;1;8;0;0;410;2048;257
147,8750;330,4416;13,00;-0,0027;0,3641;0,0000;0,8770;0,0000;0,0000;0,0000;0,4551;1,29;1,29;1;0,0000;0,00;0;1;1;8;0;0;410;2048;252
147,8889;330,4917;13,00;-0,0863;0,3650;0,0000;0,8796;0,0000;0,0000;0,0000;0,4562;1,29;1,20;1;0,0000;0,00;0;1;1;8;0;0;410;2048;247
147,9028;330,5419;13,00;-0,1189;0,3658;0,0000;0,8821;0,0000;0,0000;0,0000;0,4573;1,29;1,17;1;0,0000;0,00;0;1;1;8;0;0;410;2048;241
147,9167;330,8055;13,00;-0,1828;0,3667;0,0000;0,8846;0,0000;0,0000;0,0000;0,4583;1,28;1,10;1;0,0000;0,00;0;1;1;8;0;0;410;2048;236
147,9306;330,8055;13,00;-0,1925;0,3675;0,0000;0,8871;0,0000;0,0000;0,0000;0,4594;1,27;1,08;1;0,0000;0,00;0;1;1;8;0;0;410;2048;231
147,9444;330,8055;13,00;-0,2434;0,3683;0,0000;0,8896;0,0000;0,0000;0,0000;0,4604;1,26;1,02;1;0,0000;0,00;0;1;1;8;0;0;410;2048;226
147,9583;330,8055;13,00;-0,3494;0,3691;0,0000;0,8920;0,0000;0,0000;0,0000;0,4613;1,25;0,90;1;0,0000;0,00;0;1;1;8;0;0;410;2048;221
147,9722;330,8055;13,00;-0,4187;0,3698;0,0000;0,8944;0,0000;0,0000;0,0000;0,4623;1,24;0,82;1;0,0000;0,00;0;1;1;8;0;0;410;2048;216
147,9861;330,8427;13,00;-0,4426;0,3706;0,0000;0,8968;0,0000;0,0000;0,0000;0,4632;1,22;0,78;1;0,0000;0,00;0;1;1;8;0;0;410;2048;211
148,0000;330,8929;13,00;-0,5598;0,3712;0,0000;0,8991;0,0000;0,0000;0,0000;0,4640;1,20;0,64;1;0,0000;0,00;0;1;1;8;0;0;410;2048;207
148,0139;330,9430;13,00;-0,6439;0,3719;0,0000;0,9014;0,0000;0,0000;0,0000;0,4649;1,18;0,53;1;0,0000;0,00;0;1;1;8;0;0;410;2048;202
148,0278;330,9932;13,00;-0,6692;0,3725;0,0000;0,9037;0,0000;0,0000;0,0000;0,4657;1,16;0,49;1;0,0000;0,00;0;1;1;8;0;0;410;2048;197
148,0417;331,2593;13,00;-0,7885;0,3731;0,0000;0,9059;0,0000;0,0000;0,0000;0,4664;1,13;0,34;1;0,0000;0,00;0;1;1;8;0;0;410;2048;193
148,0556;331,2593;13,00;-0,8012;0,3737;0,0000;0,9080;0,0000;0,0000;0,0000;0,4671;1,10;0,30;1;0,0000;0,00;0;1;1;8;0;0;410;2048;188
148,0694;331,2593;13,00;-0,8359;0,3742;0,0000;0,9101;0,0000;0,0000;0,0000;0,4678;1,07;0,24;1;0,0000;0,00;0;1;1;8;0;0;410;2048;184
148,0833;331,2593;13,00;-0,9216;0,3747;0,0000;0,9121;0,0000;0,0000;0,0000;0,4684;1,04;0,12;1;0,0000;0,00;0;1;1;8;0;0;410;2048;180
148,0972;331,2593;13,00;-0,9094;0,3752;0,0000;0,9140;0,0000;0,0000;0,0000;0,4690;1,01;0,10;1;0,0000;0,00;0;1;1;8;0;0;410;2048;176
148,1111;331,2941;13,00;-0,9170;0,3757;0,0000;0,9159;0,0000;0,0000;0,0000;0,4696;0,98;0,07;1;0,0000;0,00;0;1;1;8;0;0;410;2048;172
148,1250;331,3442;13,00;-0,9936;0,3761;0,0000;0,9176;0,0000;0,0000;0,0000;0,4702;0,95;-0,04;1;0,0000;0,00;0;1;1;8;0;0;410;2048;169
148,1389;331,3944;13,60;-1,0332;0,3765;0,0000;0,9194;0,0000;0,0000;0,0000;0,4706;0,92;-0,12;1;0,0000;0,00;0;1;1;8;0;0;410;2048;165
148,1528;331,4469;13,60;-1,0967;0,3769;0,0000;0,9210;0,0000;0,0000;0,0000;0,4711;0,88;-0,22;1;0,0000;0,00;0;1;1;8;0;0;410;2048;162
148,1667;331,7170;13,60;-1,1591;0,3772;0,0000;0,9226;0,0000;0,0000;0,0000;0,4715;0,84;-0,32;1;0,0000;0,00;0;1;1;8;0;0;410;2048;159
148,1806;331,7170;13,60;-1,1674;0,3775;0,0000;0,9241;0,0000;0,0000;0,0000;0,4719;0,80;-0,37;1;0,0000;0,00;0;1;1;8;0;0;410;2048;156
148,1944;331,7170;13,60;-1,1837;0,3778;0,0000;0,9255;0,0000;0,0000;0,0000;0,4722;0,76;-0,43;1;0,0000;0,00;0;1;1;8;0;0;410;2048;153
148,2083;331,7170;13,60;-1,2522;0,3780;0,0000;0,9268;0,0000;0,0000;0,0000;0,4725;0,71;-0,54;1;0,0000;0,00;0;1;1;8;0;0;410;2048;150
148,2222;331,7170;13,60;-1,2603;0,3781;0,0000;0,9280;0,0000;0,0000;0,0000;0,4727;0,67;-0,59;1;0,0000;0,00;0;1;1;8;0;0;410;2048;147
148,2361;331,7617;13,60;-1,2710;0,3783;0,0000;0,9292;0,0000;0,0000;0,0000;0,4728;0,63;-0,65;1;0,0000;0,00;0;1;1;8;0;0;410;2048;145
148,2500;331,8141;13,60;-1,2952;0,3784;0,0000;0,9302;0,0000;0,0000;0,0000;0,4730;0,58;-0,71;1;0,0000;0,00;0;1;1;8;0;0;410;2048;143
148,2639;331,8666;13,60;-1,3622;0,3784;0,0000;0,9312;0,0000;0,0000;0,0000;0,4730;0,53;-0,83;1;0,0000;0,00;0;1;1;8;0;0;410;2048;141
148,2778;331,9191;13,60;-1,4423;0,3784;0,0000;0,9320;0,0000;0,0000;0,0000;0,4730;0,48;-0,96;1;0,0000;0,00;0;1;1;8;0;0;410;2048;139
148,2917;332,1714;13,60;-1,6358;0,3783;0,0000;0,9328;0,0000;0,0000;0,0000;0,4729;0,43;-1,21;1;0,0000;0,00;0;1;1;8;0;0;410;2048;138
148,3056;332,1714;13,60;-1,7000;0,3782;0,0000;0,9334;0,0000;0,0000;0,0000;0,4727;0,37;-1,33;1;0,0000;0,00;0;1;1;8;0;0;410;2048;136
148,3194;332,1714;13,60;-1,8434;0,3779;0,0000;0,9339;0,0000;0,0000;0,0000;0,4724;0,30;-1,54;1;0,0000;0,00;0;1;1;8;0;0;410;2048;135
148,3333;332,1714;13,60;-1,9515;0,3776;0,0000;0,9343;0,0000;0,0000;0,0000;0,4720;0,24;-1,71;1;0,0000;0,00;0;1;1;8;0;0;410;2048;135
148,3472;332,1814;13,60;-1,9467;0,3772;0,0000;0,9345;0,0000;0,0000;0,0000;0,4715;0,17;-1,78;1;0,0000;0,00;0;1;1;2;0;0;410;2048;134
148,3611;332,2339;13,60;-1,9479;0,3768;0,0000;0,9346;0,0000;0,0000;0,0000;0,4710;0,10;-1,85;1;0,0000;0,00;0;1;1;2;0;0;410;2048;134
148,3750;332,2864;14,80;-1,9453;0,3763;0,0000;0,9345;0,0000;0,0000;0,0000;0,4704;0,03;-1,92;1;0,0000;0,00;0;1;1;2;0;0;410;2048;134
148,3889;332,3435;14,80;-1,9416;0,3757;0,0000;0,9343;0,0000;0,0000;0,0000;0,4696;-0,04;-1,99;1;0,0000;0,00;0;1;1;2;0;0;410;2048;135
148,4028;332,6276;14,80;-1,9239;0,3751;0,0000;0,9338;0,0000;0,0000;0,0000;0,4688;-0,12;-2,04;1;0,0000;0,00;0;1;1;2;0;0;410;2048;136
148,4167;332,6276;14,80;-1,8271;0,3744;0,0000;0,9332;0,0000;0,0000;0,0000;0,4680;-0,19;-2,02;1;0,0000;0,00;0;1;1;2;0;0;410;2048;137
148,4306;332,6276;14,80;-1,7999;0,3737;0,0000;0,9325;0,0000;0,0000;0,0000;0,4671;-0,26;-2,06;1;0,0000;0,00;0;1;1;2;0;0;410;2048;138
148,4444;332,6276;14,80;-1,6447;0,3730;0,0000;0,9315;0,0000;0,0000;0,0000;0,4662;-0,32;-1,96;1;0,0000;0,00;0;1;1;2;0;0;410;2048;140
148,4583;332,6290;14,80;-1,5661;0,3722;0,0000;0,9304;0,0000;0,0000;0,0000;0,4653;-0,38;-1,94;1;0,0000;0,00;0;1;1;2;0;0;410;2048;142
148,4722;332,6860;14,80;-1,4831;0,3715;0,0000;0,9292;0,0000;0,0000;0,0000;0,4644;-0,43;-1,92;1;0,0000;0,00;0;1;1;2;0;0;410;2048;145
148,4861;332,7431;14,80;-1,4121;0,3707;0,0000;0,9278;0,0000;0,0000;0,0000;0,4634;-0,49;-1,90;1;0,0000;0,00;0;1;1;2;0;0;410;2048;148
148,5000;332,8002;14,80;-1,2742;0,3699;0,0000;0,9263;0,0000;0,0000;0,0000;0,4624;-0,54;-1,81;1;0,0000;0,00;0;1;1;2;0;0;410;2048;151
148,5139;333,0838;14,80;-1,1621;0,3691;0,0000;0,9247;0,0000;0,0000;0,0000;0,4614;-0,58;-1,74;1;0,0000;0,00;0;1;1;2;0;0;410;2048;154
148,5278;333,0838;14,80;-0,9863;0,3683;0,0000;0,9230;0,0000;0,0000;0,0000;0,4604;-0,62;-1,60;1;0,0000;0,00;0;1;1;2;0;0;410;2048;158
148,5417;333,0838;14,80;-0,8921;0,3675;0,0000;0,9212;0,0000;0,0000;0,0000;0,4594;-0,65;-1,54;1;0,0000;0,00;0;1;1;2;0;0;410;2048;161
148,5556;333,0838;14,80;-0,7891;0,3668;0,0000;0,9193;0,0000;0,0000;0,0000;0,4585;-0,68;-1,47;1;0,0000;0,00;0;1;1;2;0;0;410;2048;165
148,5694;333,0857;14,80;-0,6453;0,3660;0,0000;0,9174;0,0000;0,0000;0,0000;0,4575;-0,70;-1,35;1;0,0000;0,00;0;1;1;2;0;0;410;2048;169
148,5833;333,1428;14,80;-0,5883;0,3652;0,0000;0,9154;0,0000;0,0000;0,0000;0,4566;-0,72;-1,31;1;0,0000;0,00;0;1;1;2;0;0;410;2048;173
148,5972;333,1999;14,80;-0,5730;0,3645;0,0000;0,9134;0,0000;0,0000;0,0000;0,4556;-0,75;-1,32;1;0,0000;0,00;0;1;1;2;0;0;410;2048;177
148,6111;333,2570;14,80;-0,4434;0,3637;0,0000;0,9114;0,0000;0,0000;0,0000;0,4547;-0,76;-1,21;1;0,0000;0,00;0;1;1;2;0;0;410;2048;181
148,6250;333,5390;14,80;-0,3004;0,3630;0,0000;0,9093;0,0000;0,0000;0,0000;0,4538;-0,77;-1,07;1;0,0000;0,00;0;1;1;2;0;0;410;2048;186
148,6389;333,5390;14,80;-0,1345;0,3624;0,0000;0,9073;0,0000;0,0000;0,0000;0,4529;-0,78;-0,91;1;0,0000;0,00;0;1;1;2;0;0;410;2048;190
148,6528;333,5390;14,80;0,0803;0,3618;0,0000;0,9052;0,0000;0,0000;0,0000;0,4522;-0,77;-0,69;1;0,0000;0,00;0;1;1;2;0;0;410;2048;194
148,6667;333,5390;14,80;0,1571;0,3612;0,0000;0,9032;0,0000;0,0000;0,0000;0,4515;-0,77;-0,61;1;0,0000;0,00;0;1;1;2;0;0;410;2048;198
148,6806;333,5424;14,80;0,3694;0,3607;0,0000;0,9012;0,0000;0,0000;0,0000;0,4509;-0,75;-0,38;1;0,0000;0,00;0;1;1;2;0;0;410;2048;202
148,6944;333,5995;14,80;0,4100;0,3602;0,0000;0,8993;0,0000;0,0000;0,0000;0,4503;-0,74;-0,33;1;0,0000;0,00;0;1;1;2;0;0;410;2048;206
148,7083;333,6566;14,80;0,3967;0,3597;0,0000;0,8974;0,0000;0,0000;0,0000;0,4497;-0,72;-0,32;1;0,0000;0,00;0;1;1;2;0;0;410;2048;210
148,7222;333,7137;14,80;0,4425;0,3593;0,0000;0,8956;0,0000;0,0000;0,0000;0,4491;-0,70;-0,26;1;0,0000;0,00;0;1;1;2;0;0;410;2048;214
148,7361;333,9960;14,80;0,3988;0,3588;0,0000;0,8939;0,0000;0,0000;0,0000;0,4485;-0,69;-0,29;1;0,0000;0,00;0;1;1;2;0;0;410;2048;217
148,7500;333,9960;14,80;0,4158;0,3584;0,0000;0,8922;0,0000;0,0000;0,0000;0,4480;-0,67;-0,25;1;0,0000;0,00;0;1;1;2;0;0;410;2048;221
148,7639;333,9960;14,80;0,4077;0,3580;0,0000;0,8906;0,0000;0,0000;0,0000;0,4475;-0,65;-0,25;1;0,0000;0,00;0;1;1;2;0;0;410;2048;224
148,7778;333,9960;14,80;0,3770;0,3576;0,0000;0,8891;0,0000;0,0000;0,0000;0,4470;-0,64;-0,26;1;0,0000;0,00;0;1;1;2;0;0;410;2048;227
148,7917;333,9992;14,80;0,3363;0,3572;0,0000;0,8876;0,0000;0,0000;0,0000;0,4464;-0,63;-0,29;1;0,0000;0,00;0;1;1;2;0;0;410;2048;230
148,8056;334,0563;14,80;0,3306;0,3568;0,0000;0,8862;0,0000;0,0000;0,0000;0,4459;-0,61;-0,28;1;0,0000;0,00;0;1;1;2;0;0;410;2048;233
148,8194;334,1134;14,80;0,2918;0,3564;0,0000;0,8848;0,0000;0,0000;0,0000;0,4454;-0,60;-0,31;1;0,0000;0,00;0;1;1;2;0;0;410;2048;236
148,8333;334,1705;14,80;0,2519;0,3559;0,0000;0,8835;0,0000;0,0000;0,0000;0,4449;-0,59;-0,34;1;0,0000;0,00;0;1;1;2;0;0;410;2048;239
148,8472;334,4507;14,80;0,1657;0,3555;0,0000;0,8822;0,0000;0,0000;0,0000;0,4444;-0,58;-0,42;1;0,0000;0,00;0;1;1;2;0;0;410;2048;241
148,8611;334,4507;14,80;0,1174;0,3551;0,0000;0,8809;0,0000;0,0000;0,0000;0,4438;-0,58;-0,46;1;0,0000;0,00;0;1;1;2;0;0;410;2048;244
148,8750;334,4507;15,60;0,0597;0,3546;0,0000;0,8797;0,0000;0,0000;0,0000;0,4433;-0,58;-0,52;1;0,0000;0,00;0;1;1;2;0;0;410;2048;246
148,8889;334,4507;15,60;-0,0601;0,3541;0,0000;0,8784;0,0000;0,0000;0,0000;0,4426;-0,58;-0,64;1;0,0000;0,00;0;1;1;2;0;0;410;2048;249
148,9028;334,4622;15,60;-0,1289;0,3536;0,0000;0,8772;0,0000;0,0000;0,0000;0,4420;-0,58;-0,71;1;0,0000;0,00;0;1;1;2;0;0;410;2048;251
148,9167;334,5223;15,60;-0,1861;0,3530;0,0000;0,8760;0,0000;0,0000;0,0000;0,4413;-0,59;-0,78;1;0,0000;0,00;0;1;1;2;0;0;410;2048;254
148,9306;334,5825;15,60;-0,2497;0,3525;0,0000;0,8747;0,0000;0,0000;0,0000;0,4406;-0,60;-0,85;1;0,0000;0,00;0;1;1;2;0;0;410;2048;257
148,9444;334,6427;15,60;-0,3020;0,3519;0,0000;0,8734;0,0000;0,0000;0,0000;0,4398;-0,61;-0,91;1;0,0000;0,00;0;1;1;2;0;0;410;2048;259
148,9583;334,9073;15,60;-0,3224;0,3513;0,0000;0,8721;0,0000;0,0000;0,0000;0,4391;-0,62;-0,95;1;0,0000;0,00;0;1;1;2;0;0;410;2048;262
148,9722;334,9073;15,60;-0,3533;0,3506;0,0000;0,8707;0,0000;0,0000;0,0000;0,4383;-0,64;-0,99;1;0,0000;0,00;0;1;1;2;0;0;410;2048;265
148,9861;334,9073;15,60;-0,3744;0,3500;0,0000;0,8693;0,0000;0,0000;0,0000;0,4375;-0,65;-1,03;1;0,0000;0,00;0;1;1;2;0;0;410;2048;268
149,0000;334,9073;15,60;-0,3950;0,3493;0,0000;0,8678;0,0000;0,0000;0,0000;0,4367;-0,67;-1,06;1;0,0000;0,00;0;1;1;2;0;0;410;2048;271
149,0139;334,9436;15,60;-0,4115;0,3487;0,0000;0,8664;0,0000;0,0000;0,0000;0,4358;-0,68;-1,09;1;0,0000;0,00;0;1;1;2;0;0;410;2048;274
149,0278;335,0038;15,60;-0,4311;0,3480;0,0000;0,8648;0,0000;0,0000;0,0000;0,4350;-0,70;-1,13;1;0,0000;0,00;0;1;1;2;0;0;410;2048;277
149,0417;335,0639;15,60;-0,4168;0,3473;0,0000;0,8632;0,0000;0,0000;0,0000;0,4341;-0,72;-1,13;1;0,0000;0,00;0;1;1;2;0;0;410;2048;280
149,0556;335,1241;15,60;-0,3985;0,3465;0,0000;0,8616;0,0000;0,0000;0,0000;0,4332;-0,73;-1,13;1;0,0000;0,00;0;1;1;2;0;0;410;2048;284
149,0694;335,3625;15,60;-0,3980;0,3458;0,0000;0,8599;0,0000;0,0000;0,0000;0,4323;-0,75;-1,14;1;0,0000;0,00;0;1;1;2;0;0;410;2048;287
149,0833;335,3625;15,60;-0,3689;0,3451;0,0000;0,8581;0,0000;0,0000;0,0000;0,4313;-0,76;-1,13;1;0,0000;0,00;0;1;1;2;0;0;410;2048;291
149,0972;335,3625;15,60;-0,3396;0,3443;0,0000;0,8563;0,0000;0,0000;0,0000;0,4304;-0,77;-1,11;1;0,0000;0,00;0;1;1;2;0;0;410;2048;294
149,1111;335,3648;15,60;-0,3272;0,3436;0,0000;0,8545;0,0000;0,0000;0,0000;0,4295;-0,79;-1,11;1;0,0000;0,00;0;1;1;2;0;0;410;2048;298
149,1250;335,4250;15,60;-0,2300;0,3429;0,0000;0,8527;0,0000;0,0000;0,0000;0,4286;-0,80;-1,03;1;0,0000;0,00;0;1;1;2;0;0;410;2048;302
149,1389;335,4852;15,60;-0,2137;0,3422;0,0000;0,8508;0,0000;0,0000;0,0000;0,4277;-0,80;-1,02;1;0,0000;0,00;0;1;1;2;0;0;410;2048;306
149,1528;335,5453;15,60;-0,1245;0,3415;0,0000;0,8488;0,0000;0,0000;0,0000;0,4268;-0,81;-0,93;1;0,0000;0,00;0;1;1;2;0;0;410;2048;310
149,1667;335,8186;15,60;-0,0517;0,3408;0,0000;0,8469;0,0000;0,0000;0,0000;0,4260;-0,81;-0,86;1;0,0000;0,00;0;1;1;2;0;0;410;2048;314
149,1806;335,8186;15,60;0,0443;0,3401;0,0000;0,8450;0,0000;0,0000;0,0000;0,4252;-0,81;-0,76;1;0,0000;0,00;0;1;1;2;0;0;410;2048;318
149,1944;335,8186;15,60;0,1534;0,3395;0,0000;0,8430;0,0000;0,0000;0,0000;0,4244;-0,80;-0,65;1;0,0000;0,00;0;1;1;2;0;0;410;2048;322
149,2083;335,8186;15,60;0,1856;0,3389;0,0000;0,8411;0,0000;0,0000;0,0000;0,4237;-0,79;-0,61;1;0,0000;0,00;0;1;1;2;0;0;410;2048;325
149,2222;335,8463;15,60;0,2203;0,3384;0,0000;0,8392;0,0000;0,0000;0,0000;0,4229;-0,78;-0,56;1;0,0000;0,00;0;1;1;2;0;0;410;2048;329
149,2361;335,9064;15,60;0,2234;0,3378;0,0000;0,8373;0,0000;0,0000;0,0000;0,4222;-0,77;-0,55;1;0,0000;0,00;0;1;1;2;0;0;410;2048;333
149,2500;335,9666;15,60;0,2652;0,3372;0,0000;0,8354;0,0000;0,0000;0,0000;0,4215;-0,76;-0,50;1;0,0000;0,00;0;1;1;2;0;0;410;2048;337
149,2639;336,0268;15,60;0,2737;0,3367;0,0000;0,8336;0,0000;0,0000;0,0000;0,4209;-0,75;-0,48;1;0,0000;0,00;0;1;1;2;0;0;410;2048;341
149,2778;336,2743;15,60;0,2857;0,3362;0,0000;0,8318;0,0000;0,0000;0,0000;0,4202;-0,74;-0,45;1;0,0000;0,00;0;1;1;2;0;0;410;2048;345
149,2917;336,2743;15,60;0,2696;0,3357;0,0000;0,8300;0,0000;0,0000;0,0000;0,4196;-0,73;-0,46;1;0,0000;0,00;0;1;1;2;0;0;410;2048;348
149,3056;336,2743;15,60;0,2513;0,3351;0,0000;0,8283;0,0000;0,0000;0,0000;0,4189;-0,72;-0,47;1;0,0000;0,00;0;1;1;2;0;0;410;2048;352
149,3194;336,2743;15,60;0,2469;0,3346;0,0000;0,8266;0,0000;0,0000;0,0000;0,4183;-0,71;-0,46;1;0,0000;0,00;0;1;1;2;0;0;410;2048;355
149,3333;336,3277;15,60;0,2191;0,3341;0,0000;0,8250;0,0000;0,0000;0,0000;0,4176;-0,70;-0,48;1;0,0000;0,00;0;1;1;2;0;0;410;2048;358
149,3472;336,3879;15,60;0,1596;0,3336;0,0000;0,8234;0,0000;0,0000;0,0000;0,4170;-0,69;-0,53;1;0,0000;0,00;0;1;1;9;0;0;410;2048;362
149,3611;336,4481;15,60;0,0927;0,3330;0,0000;0,8218;0,0000;0,0000;0,0000;0,4163;-0,69;-0,60;1;0,0000;0,00;0;1;1;9;0;0;410;2048;365
149,3750;336,7303;15,70;0,0493;0,3325;0,0000;0,8202;0,0000;0,0000;0,0000;0,4156;-0,69;-0,64;1;0,0000;0,00;0;1;1;9;0;0;410;2048;368
149,3889;336,7303;15,70;0,0084;0,3319;0,0000;0,8186;0,0000;0,0000;0,0000;0,4149;-0,69;-0,68;1;0,0000;0,00;0;1;1;9;0;0;410;2048;371
149,4028;336,7303;15,70;-0,0282;0,3313;0,0000;0,8171;0,0000;0,0000;0,0000;0,4141;-0,69;-0,72;1;0,0000;0,00;0;1;1;9;0;0;410;2048;375
149,4167;336,7303;15,70;-0,0380;0,3307;0,0000;0,8155;0,0000;0,0000;0,0000;0,4134;-0,69;-0,73;1;0,0000;0,00;0;1;1;9;0;0;410;2048;378
149,4306;336,7505;15,70;-0,0540;0,3301;0,0000;0,8139;0,0000;0,0000;0,0000;0,4126;-0,69;-0,75;1;0,0000;0,00;0;1;1;9;0;0;410;2048;381
149,4444;336,8111;15,70;-0,0624;0,3295;0,0000;0,8123;0,0000;0,0000;0,0000;0,4119;-0,69;-0,76;1;0,0000;0,00;0;1;1;9;0;0;410;2048;384
149,4583;336,8717;15,70;-0,0588;0,3289;0,0000;0,8107;0,0000;0,0000;0,0000;0,4111;-0,70;-0,75;1;0,0000;0,00;0;1;1;9;0;0;410;2048;388
149,4722;336,9323;15,70;-0,0569;0,3283;0,0000;0,8090;0,0000;0,0000;0,0000;0,4103;-0,70;-0,76;1;0,0000;0,00;0;1;1;9;0;0;410;2048;391
149,4861;337,1859;15,70;-0,0551;0,3276;0,0000;0,8074;0,0000;0,0000;0,0000;0,4095;-0,70;-0,76;1;0,0000;0,00;0;1;1;9;0;0;410;2048;394
149,5000;337,1859;15,70;-0,0604;0,3270;0,0000;0,8057;0,0000;0,0000;0,0000;0,4088;-0,70;-0,76;1;0,0000;0,00;0;1;1;9;0;0;410;2048;398
149,5139;337,1859;15,70;-0,0697;0,3264;0,0000;0,8040;0,0000;0,0000;0,0000;0,4080;-0,70;-0,77;1;0,0000;0,00;0;1;1;9;0;0;410;2048;401
149,5278;337,1859;15,70;-0,0825;0,3258;0,0000;0,8023;0,0000;0,0000;0,0000;0,4072;-0,71;-0,79;1;0,0000;0,00;0;1;1;9;0;0;410;2048;405
149,5417;337,2351;15,70;-0,0951;0,3251;0,0000;0,8005;0,0000;0,0000;0,0000;0,4064;-0,71;-0,81;1;0,0000;0,00;0;1;1;9;0;0;410;2048;408
149,5556;337,2956;15,70;-0,1180;0,3245;0,0000;0,7988;0,0000;0,0000;0,0000;0,4056;-0,71;-0,83;1;0,0000;0,00;0;1;1;9;0;0;410;2048;412
149,5694;337,3562;15,70;-0,1284;0,3238;0,0000;0,7970;0,0000;0,0000;0,0000;0,4048;-0,72;-0,85;1;0,0000;0,00;0;1;1;9;0;0;410;2048;416
149,5833;337,6420;15,70;-0,1534;0,3232;0,0000;0,7952;0,0000;0,0000;0,0000;0,4040;-0,72;-0,88;1;0,0000;0,00;0;1;1;9;0;0;410;2048;419
149,5972;337,6420;15,70;-0,1652;0,3225;0,0000;0,7934;0,0000;0,0000;0,0000;0,4031;-0,73;-0,90;1;0,0000;0,00;0;1;1;9;0;0;410;2048;423
149,6111;337,6420;15,70;-0,1810;0,3218;0,0000;0,7916;0,0000;0,0000;0,0000;0,4023;-0,74;-0,92;1;0,0000;0,00;0;1;1;9;0;0;410;2048;427
149,6250;337,6420;15,70;-0,1737;0,3211;0,0000;0,7897;0,0000;0,0000;0,0000;0,4014;-0,75;-0,92;1;0,0000;0,00;0;1;1;9;0;0;410;2048;431
149,6389;337,6590;15,50;-0,1694;0,3204;0,0000;0,7878;0,0000;0,0000;0,0000;0,4005;-0,75;-0,92;1;0,0000;0,00;0;1;1;9;0;0;410;2048;435
149,6528;337,7188;15,50;-0,1440;0,3198;0,0000;0,7859;0,0000;0,0000;0,0000;0,3997;-0,76;-0,90;1;0,0000;0,00;0;1;1;9;0;0;410;2048;438
149,6667;337,7786;15,50;-0,1161;0,3191;0,0000;0,7840;0,0000;0,0000;0,0000;0,3988;-0,76;-0,88;1;0,0000;0,00;0;1;1;9;0;0;410;2048;442
149,6806;337,8384;15,50;-0,0738;0,3184;0,0000;0,7820;0,0000;0,0000;0,0000;0,3980;-0,76;-0,84;1;0,0000;0,00;0;1;1;9;0;0;410;2048;446
149,6944;338,0973;15,50;-0,0437;0,3178;0,0000;0,7801;0,0000;0,0000;0,0000;0,3972;-0,76;-0,81;1;0,0000;0,00;0;1;1;9;0;0;410;2048;450
149,7083;338,0973;15,50;0,0276;0,3171;0,0000;0,7781;0,0000;0,0000;0,0000;0,3964;-0,76;-0,74;1;0,0000;0,00;0;1;1;9;0;0;410;2048;455
149,7222;338,0973;15,50;0,0860;0,3165;0,0000;0,7761;0,0000;0,0000;0,0000;0,3956;-0,76;-0,68;1;0,0000;0,00;0;1;1;9;0;0;410;2048;459
149,7361;338,0973;15,50;0,1780;0,3159;0,0000;0,7741;0,0000;0,0000;0,0000;0,3949;-0,75;-0,58;1;0,0000;0,00;0;1;1;9;0;0;410;2048;463
149,7500;338,1374;15,50;0,2442;0,3153;0,0000;0,7721;0,0000;0,0000;0,0000;0,3941;-0,75;-0,50;1;0,0000;0,00;0;1;1;9;0;0;410;2048;467
149,7639;338,1972;15,50;0,3357;0,3148;0,0000;0,7701;0,0000;0,0000;0,0000;0,3935;-0,73;-0,40;1;0,0000;0,00;0;1;1;9;0;0;410;2048;471
149,7778;338,2570;15,50;0,4276;0,3143;0,0000;0,7682;0,0000;0,0000;0,0000;0,3929;-0,72;-0,29;1;0,0000;0,00;0;1;1;9;0;0;410;2048;475
149,7917;338,3168;15,50;0,4884;0,3138;0,0000;0,7663;0,0000;0,0000;0,0000;0,3923;-0,70;-0,21;1;0,0000;0,00;0;1;1;9;0;0;410;2048;479
149,8056;338,5538;15,50;0,5353;0,3134;0,0000;0,7644;0,0000;0,0000;0,0000;0,3918;-0,68;-0,14;1;0,0000;0,00;0;1;1;9;0;0;410;2048;482
149,8194;338,5538;15,50;0,5605;0,3130;0,0000;0,7626;0,0000;0,0000;0,0000;0,3913;-0,66;-0,09;1;0,0000;0,00;0;1;1;9;0;0;410;2048;486
149,8333;338,5538;15,50;0,5813;0,3126;0,0000;0,7609;0,0000;0,0000;0,0000;0,3908;-0,63;-0,05;1;0,0000;0,00;0;1;1;9;0;0;410;2048;490
149,8472;338,5559;15,50;0,5897;0,3123;0,0000;0,7592;0,0000;0,0000;0,0000;0,3904;-0,61;-0,02;1;0,0000;0,00;0;1;1;9;0;0;410;2048;493
149,8611;338,6158;15,50;0,5991;0,3120;0,0000;0,7576;0,0000;0,0000;0,0000;0,3899;-0,59;0,00;1;0,0000;0,00;0;1;1;9;0;0;410;2048;496
149,8750;338,6755;15,50;0,6061;0,3117;0,0000;0,7561;0,0000;0,0000;0,0000;0,3896;-0,56;0,04;1;0,0000;0,00;0;1;1;9;0;0;410;2048;500
149,8889;338,7354;15,50;0,6066;0,3114;0,0000;0,7546;0,0000;0,0000;0,0000;0,3892;-0,54;0,07;1;0,0000;0,00;0;1;1;9;0;0;410;2048;503
149,9028;339,0084;15,50;0,6019;0,3111;0,0000;0,7532;0,0000;0,0000;0,0000;0,3889;-0,52;0,08;1;0,0000;0,00;0;1;1;9;0;0;410;2048;505
149,9167;339,0084;15,50;0,5909;0,3109;0,0000;0,7519;0,0000;0,0000;0,0000;0,3886;-0,49;0,10;1;0,0000;0,00;0;1;1;9;0;0;410;2048;508
149,9306;339,0084;15,50;0,5712;0,3107;0,0000;0,7506;0,0000;0,0000;0,0000;0,3883;-0,47;0,10;1;0,0000;0,00;0;1;1;9;0;0;410;2048;511
149,9444;339,0084;15,50;0,5629;0,3105;0,0000;0,7495;0,0000;0,0000;0,0000;0,3881;-0,45;0,12;1;0,0000;0,00;0;1;1;9;0;0;410;2048;513
149,9583;339,0343;15,50;0,5492;0,3103;0,0000;0,7484;0,0000;0,0000;0,0000;0,3879;-0,42;0,13;1;0,0000;0,00;0;1;1;9;0;0;410;2048;515
149,9722;339,0941;15,50;0,5429;0,3101;0,0000;0,7474;0,0000;0,0000;0,0000;0,3877;-0,40;0,14;1;0,0000;0,00;0;1;1;9;0;0;410;2048;517
149,9861;339,1539;15,50;0,5320;0,3100;0,0000;0,7464;0,0000;0,0000;0,0000;0,3875;-0,38;0,15;1;0,0000;0,00;0;1;1;9;0;0;410;2048;519
150,0000;339,2137;15,50;0,5255;0,3099;0,0000;0,7455;0,0000;0,0000;0,0000;0,3873;-0,36;0,17;1;0,0000;0,00;0;1;1;9;0;0;410;2048;521
150,0139;339,4655;15,50;0,5107;0,3097;0,0000;0,7447;0,0000;0,0000;0,0000;0,3872;-0,34;0,17;1;0,0000;0,00;0;1;1;9;0;0;410;2048;523
150,0278;339,4655;15,50;0,5034;0,3096;0,0000;0,7439;0,0000;0,0000;0,0000;0,3871;-0,32;0,19;1;0,0000;0,00;0;1;1;9;0;0;410;2048;524
150,0417;339,4655;15,50;0,4868;0,3096;0,0000;0,7432;0,0000;0,0000;0,0000;0,3869;-0,30;0,19;1;0,0000;0,00;0;1;1;9;0;0;410;2048;526
150,0556;339,4655;15,50;0,4801;0,3095;0,0000;0,7426;0,0000;0,0000;0,0000;0,3869;-0,28;0,20;1;0,0000;0,00;0;1;1;9;0;0;410;2048;527
150,0694;339,5127;15,50;0,4700;0,3094;0,0000;0,7420;0,0000;0,0000;0,0000;0,3868;-0,26;0,21;1;0,0000;0,00;0;1;1;9;0;0;410;2048;528
150,0833;339,5725;15,50;0,4679;0,3094;0,0000;0,7415;0,0000;0,0000;0,0000;0,3867;-0,24;0,23;1;0,0000;0,00;0;1;1;9;0;0;410;2048;529
150,0972;339,6323;15,50;0,4654;0,3093;0,0000;0,7410;0,0000;0,0000;0,0000;0,3867;-0,22;0,25;1;0,0000;0,00;0;1;1;9;0;0;410;2048;530
150,1111;339,6921;15,50;0,4766;0,3093;0,0000;0,7406;0,0000;0,0000;0,0000;0,3867;-0,20;0,28;1;0,0000;0,00;0;1;1;9;0;0;410;2048;531
150,1250;339,9206;15,50;0,4820;0,3093;0,0000;0,7402;0,0000;0,0000;0,0000;0,3867;-0,18;0,30;1;0,0000;0,00;0;1;1;9;0;0;410;2048;532
150,1389;339,9206;15,30;0,4934;0,3094;0,0000;0,7399;0,0000;0,0000;0,0000;0,3867;-0,16;0,33;1;0,0000;0,00;0;1;1;9;0;0;410;2048;533
150,1528;339,9206;15,30;0,4966;0,3094;0,0000;0,7396;0,0000;0,0000;0,0000;0,3868;-0,14;0,36;1;0,0000;0,00;0;1;1;9;0;0;410;2048;533
150,1667;339,9298;15,30;0,4962;0,3095;0,0000;0,7394;0,0000;0,0000;0,0000;0,3868;-0,12;0,38;1;0,0000;0,00;0;1;1;9;0;0;410;2048;534
150,1806;339,9888;15,30;0,4891;0,3095;0,0000;0,7393;0,0000;0,0000;0,0000;0,3869;-0,10;0,39;1;0,0000;0,00;0;1;1;9;0;0;410;2048;534
150,1944;340,0479;15,30;0,4848;0,3096;0,0000;0,7391;0,0000;0,0000;0,0000;0,3870;-0,08;0,40;1;0,0000;0,00;0;1;1;9;0;0;410;2048;534
150,2083;340,1069;15,30;0,4861;0,3097;0,0000;0,7391;0,0000;0,0000;0,0000;0,3872;-0,06;0,43;1;0,0000;0,00;0;1;1;9;0;0;410;2048;534
150,2222;340,3770;15,30;0,4980;0,3099;0,0000;0,7391;0,0000;0,0000;0,0000;0,3873;-0,04;0,46;1;0,0000;0,00;0;1;1;9;0;0;410;2048;534
150,2361;340,3770;15,30;0,5123;0,3100;0,0000;0,7391;0,0000;0,0000;0,0000;0,3875;0,00;0,49;1;0,0000;0,00;0;1;1;9;0;0;410;2048;534
150,2500;340,3770;15,30;0,5172;0,3102;0,0000;0,7392;0,0000;0,0000;0,0000;0,3877;0,00;0,52;1;0,0000;0,00;0;1;1;9;0;0;410;2048;534
150,2639;340,3770;15,30;0,5216;0,3104;0,0000;0,7393;0,0000;0,0000;0,0000;0,3879;0,02;0,54;1;0,0000;0,00;0;1;1;9;0;0;410;2048;534
150,2778;340,4020;15,30;0,5129;0,3106;0,0000;0,7395;0,0000;0,0000;0,0000;0,3882;0,04;0,56;1;0,0000;0,00;0;1;1;9;0;0;410;2048;533
150,2917;340,4610;15,30;0,5018;0,3108;0,0000;0,7398;0,0000;0,0000;0,0000;0,3885;0,06;0,57;1;0,0000;0,00;0;1;1;9;0;0;410;2048;533
150,3056;340,5201;15,30;0,4707;0,3110;0,0000;0,7401;0,0000;0,0000;0,0000;0,3888;0,08;0,55;1;0,0000;0,00;0;1;1;9;0;0;410;2048;532
150,3194;340,5791;15,30;0,4392;0,3112;0,0000;0,7405;0,0000;0,0000;0,0000;0,3890;0,10;0,54;1;0,0000;0,00;0;1;1;9;0;0;410;2048;531
150,3333;340,8329;15,30;0,3584;0,3114;0,0000;0,7409;0,0000;0,0000;0,0000;0,3893;0,12;0,47;1;0,0000;0,00;0;1;1;9;0;0;410;2048;531
150,3472;340,8329;15,30;0,3045;0,3116;0,0000;0,7414;0,0000;0,0000;0,0000;0,3895;0,13;0,43;1;0,0000;0,00;0;1;1;5;0;0;410;2048;530
150,3611;340,8329;15,30;0,2253;0,3118;0,0000;0,7419;0,0000;0,0000;0,0000;0,3897;0,14;0,36;1;0,0000;0,00;0;1;1;5;0;0;410;2048;529
150,3750;340,8329;15,30;0,1631;0,3119;0,0000;0,7424;0,0000;0,0000;0,0000;0,3899;0,14;0,31;1;0,0000;0,00;0;1;1;5;0;0;410;2048;528
150,3889;340,8742;15,30;0,0831;0,3121;0,0000;0,7429;0,0000;0,0000;0,0000;0,3901;0,15;0,23;1;0,0000;0,00;0;1;1;5;0;0;410;2048;527
150,4028;340,9333;15,30;0,0245;0,3122;0,0000;0,7434;0,0000;0,0000;0,0000;0,3902;0,15;0,17;1;0,0000;0,00;0;1;1;5;0;0;410;2048;525
150,4167;340,9923;15,30;-0,0490;0,3123;0,0000;0,7440;0,0000;0,0000;0,0000;0,3904;0,15;0,10;1;0,0000;0,00;0;1;1;5;0;0;410;2048;524
150,4306;341,0513;15,30;-0,0905;0,3124;0,0000;0,7445;0,0000;0,0000;0,0000;0,3905;0,15;0,05;1;0,0000;0,00;0;1;1;5;0;0;410;2048;523
150,4444;341,2877;15,30;-0,1395;0,3124;0,0000;0,7450;0,0000;0,0000;0,0000;0,3905;0,14;0,00;1;0,0000;0,00;0;1;1;5;0;0;410;2048;522
150,4583;341,2877;15,30;-0,1644;0,3125;0,0000;0,7454;0,0000;0,0000;0,0000;0,3906;0,13;-0,03;1;0,0000;0,00;0;1;1;5;0;0;410;2048;521
150,4722;341,2877;15,30;-0,2000;0,3125;0,0000;0,7459;0,0000;0,0000;0,0000;0,3907;0,13;-0,07;1;0,0000;0,00;0;1;1;5;0;0;410;2048;520
150,4861;341,2877;15,30;-0,2269;0,3126;0,0000;0,7463;0,0000;0,0000;0,0000;0,3907;0,12;-0,11;1;0,0000;0,00;0;1;1;5;0;0;410;2048;520
150,5000;341,3464;15,30;-0,2446;0,3126;0,0000;0,7466;0,0000;0,0000;0,0000;0,3907;0,11;-0,14;1;0,0000;0,00;0;1;1;5;0;0;410;2048;519
150,5139;341,4055;15,30;-0,2596;0,3126;0,0000;0,7470;0,0000;0,0000;0,0000;0,3907;0,10;-0,16;1;0,0000;0,00;0;1;1;5;0;0;410;2048;518
150,5278;341,4645;15,30;-0,2775;0,3126;0,0000;0,7472;0,0000;0,0000;0,0000;0,3907;0,09;-0,19;1;0,0000;0,00;0;1;1;5;0;0;410;2048;518
150,5417;341,7452;15,30;-0,2897;0,3125;0,0000;0,7475;0,0000;0,0000;0,0000;0,3907;0,08;-0,21;1;0,0000;0,00;0;1;1;5;0;0;410;2048;517
150,5556;341,7452;15,30;-0,2992;0,3125;0,0000;0,7477;0,0000;0,0000;0,0000;0,3906;0,07;-0,23;1;0,0000;0,00;0;1;1;5;0;0;410;2048;517
150,5694;341,7452;15,30;-0,3069;0,3125;0,0000;0,7479;0,0000;0,0000;0,0000;0,3906;0,05;-0,25;1;0,0000;0,00;0;1;1;5;0;0;410;2048;516
150,5833;341,7452;15,30;-0,3049;0,3124;0,0000;0,7480;0,0000;0,0000;0,0000;0,3905;0,04;-0,26;1;0,0000;0,00;0;1;1;5;0;0;410;2048;516
150,5972;341,7597;15,30;-0,3034;0,3123;0,0000;0,7480;0,0000;0,0000;0,0000;0,3904;0,03;-0,27;1;0,0000;0,00;0;1;1;5;0;0;410;2048;516
150,6111;341,8187;15,30;-0,2891;0,3122;0,0000;0,7480;0,0000;0,0000;0,0000;0,3903;0,02;-0,27;1;0,0000;0,00;0;1;1;5;0;0;410;2048;516
150,6250;341,8777;15,30;-0,2713;0,3122;0,0000;0,7480;0,0000;0,0000;0,0000;0,3902;0,00;-0,26;1;0,0000;0,00;0;1;1;5;0;0;410;2048;516
150,6389;341,9368;14,90;-0,2544;0,3121;0,0000;0,7480;0,0000;0,0000;0,0000;0,3901;0,00;-0,25;1;0,0000;0,00;0;1;1;5;0;0;410;2048;516
150,6528;342,1988;14,90;-0,2544;0,3120;0,0000;0,7479;0,0000;0,0000;0,0000;0,3900;0,00;-0,26;1;0,0000;0,00;0;1;1;5;0;0;410;2048;516
150,6667;342,1988;14,90;-0,2605;0,3119;0,0000;0,7478;0,0000;0,0000;0,0000;0,3899;0,00;-0,28;1;0,0000;0,00;0;1;1;5;0;0;410;2048;517
150,6806;342,1988;14,90;-0,2905;0,3118;0,0000;0,7477;0,0000;0,0000;0,0000;0,3897;-0,03;-0,32;1;0,0000;0,00;0;1;1;5;0;0;410;2048;517
150,6944;342,1988;14,90;-0,3104;0,3117;0,0000;0,7475;0,0000;0,0000;0,0000;0,3896;-0,04;-0,35;1;0,0000;0,00;0;1;1;5;0;0;410;2048;517
150,7083;342,2242;14,90;-0,3494;0,3115;0,0000;0,7473;0,0000;0,0000;0,0000;0,3894;-0,05;-0,40;1;0,0000;0,00;0;1;1;5;0;0;410;2048;517
150,7222;342,2816;14,90;-0,3891;0,3113;0,0000;0,7471;0,0000;0,0000;0,0000;0,3892;-0,07;-0,45;1;0,0000;0,00;0;1;1;5;0;0;410;2048;518
150,7361;342,3391;14,90;-0,4474;0,3111;0,0000;0,7469;0,0000;0,0000;0,0000;0,3889;-0,08;-0,53;1;0,0000;0,00;0;1;1;5;0;0;410;2048;518
150,7500;342,3966;14,90;-0,5220;0,3109;0,0000;0,7466;0,0000;0,0000;0,0000;0,3886;-0,10;-0,62;1;0,0000;0,00;0;1;1;5;0;0;410;2048;519
150,7639;342,6564;14,90;-0,6061;0,3107;0,0000;0,7462;0,0000;0,0000;0,0000;0,3883;-0,12;-0,73;1;0,0000;0,00;0;1;1;5;0;0;410;2048;520
150,7778;342,6564;14,90;-0,7168;0,3104;0,0000;0,7459;0,0000;0,0000;0,0000;0,3879;-0,15;-0,87;1;0,0000;0,00;0;1;1;5;0;0;410;2048;520
150,7917;342,6564;14,90;-0,7888;0,3100;0,0000;0,7454;0,0000;0,0000;0,0000;0,3875;-0,18;-0,97;1;0,0000;0,00;0;1;1;5;0;0;410;2048;521
150,8056;342,6564;14,90;-0,9236;0,3096;0,0000;0,7449;0,0000;0,0000;0,0000;0,3870;-0,22;-1,14;1;0,0000;0,00;0;1;1;5;0;0;410;2048;522
150,8194;342,6840;14,90;-0,9752;0,3091;0,0000;0,7443;0,0000;0,0000;0,0000;0,3864;-0,25;-1,23;1;0,0000;0,00;0;1;1;5;0;0;410;2048;524
150,8333;342,7415;14,90;-1,0245;0,3086;0,0000;0,7436;0,0000;0,0000;0,0000;0,3858;-0,29;-1,32;1;0,0000;0,00;0;1;1;5;0;0;410;2048;525
150,8472;342,7990;14,90;-1,0708;0,3081;0,0000;0,7428;0,0000;0,0000;0,0000;0,3851;-0,33;-1,40;1;0,0000;0,00;0;1;1;5;0;0;410;2048;527
150,8611;342,8564;14,90;-1,0894;0,3075;0,0000;0,7419;0,0000;0,0000;0,0000;0,3843;-0,37;-1,46;1;0,0000;0,00;0;1;1;5;0;0;410;2048;529
150,8750;343,1127;14,20;-1,1121;0,3069;0,0000;0,7409;0,0000;0,0000;0,0000;0,3836;-0,41;-1,53;1;0,0000;0,00;0;1;1;5;0;0;410;2048;531
150,8889;343,1127;14,20;-1,1135;0,3062;0,0000;0,7397;0,0000;0,0000;0,0000;0,3828;-0,45;-1,57;1;0,0000;0,00;0;1;1;5;0;0;410;2048;533
150,9028;343,1127;14,20;-1,1273;0,3056;0,0000;0,7385;0,0000;0,0000;0,0000;0,3820;-0,49;-1,62;1;0,0000;0,00;0;1;1;5;0;0;410;2048;536
150,9167;343,1127;14,20;-1,1268;0,3049;0,0000;0,7371;0,0000;0,0000;0,0000;0,3811;-0,53;-1,66;1;0,0000;0,00;0;1;1;5;0;0;410;2048;538
150,9306;343,1331;14,20;-1,1379;0,3041;0,0000;0,7356;0,0000;0,0000;0,0000;0,3802;-0,57;-1,71;1;0,0000;0,00;0;1;1;5;0;0;410;2048;542
150,9444;343,1878;14,20;-1,1475;0,3034;0,0000;0,7339;0,0000;0,0000;0,0000;0,3792;-0,62;-1,76;1;0,0000;0,00;0;1;1;5;0;0;410;2048;545
150,9583;343,2426;14,20;-1,1680;0,3026;0,0000;0,7322;0,0000;0,0000;0,0000;0,3782;-0,66;-1,83;1;0,0000;0,00;0;1;1;5;0;0;410;2048;548
150,9722;343,2974;14,20;-1,1966;0,3017;0,0000;0,7303;0,0000;0,0000;0,0000;0,3771;-0,70;-1,90;1;0,0000;0,00;0;1;1;5;0;0;410;2048;552
150,9861;343,5648;14,20;-1,2343;0,3008;0,0000;0,7283;0,0000;0,0000;0,0000;0,3760;-0,75;-1,98;1;0,0000;0,00;0;1;1;5;0;0;410;2048;556
151,0000;343,5648;14,20;-1,2705;0,2999;0,0000;0,7262;0,0000;0,0000;0,0000;0,3748;-0,79;-2,06;1;0,0000;0,00;0;1;1;5;0;0;410;2048;561
151,0139;343,5648;14,20;-1,3434;0,2989;0,0000;0,7240;0,0000;0,0000;0,0000;0,3736;-0,84;-2,18;1;0,0000;0,00;0;1;1;5;0;0;410;2048;565
151,0278;343,5648;14,20;-1,4417;0,2978;0,0000;0,7216;0,0000;0,0000;0,0000;0,3723;-0,89;-2,33;1;0,0000;0,00;0;1;1;5;0;0;410;2048;570
151,0417;343,5713;14,20;-1,5472;0,2967;0,0000;0,7191;0,0000;0,0000;0,0000;0,3709;-0,95;-2,50;1;0,0000;0,00;0;1;1;5;0;0;410;2048;575
151,0556;343,6260;14,20;-1,6693;0,2955;0,0000;0,7164;0,0000;0,0000;0,0000;0,3693;-1,01;-2,68;1;0,0000;0,00;0;1;1;5;0;0;410;2048;581
151,0694;343,6808;14,20;-1,8060;0,2942;0,0000;0,7136;0,0000;0,0000;0,0000;0,3677;-1,07;-2,88;1;0,0000;0,00;0;1;1;5;0;0;410;2048;587
151,0833;343,7355;14,20;-1,8796;0,2928;0,0000;0,7106;0,0000;0,0000;0,0000;0,3660;-1,14;-3,02;1;0,0000;0,00;0;1;1;5;0;0;410;2048;593
151,0972;343,7903;14,20;-1,9294;0,2914;0,0000;0,7073;0,0000;0,0000;0,0000;0,3642;-1,21;-3,14;1;0,0000;0,00;0;1;1;5;0;0;410;2048;599
151,1111;344,0243;14,20;-1,9520;0,2899;0,0000;0,7039;0,0000;0,0000;0,0000;0,3623;-1,28;-3,24;1;0,0000;0,00;0;1;1;5;0;0;410;2048;606
151,1250;344,0243;14,20;-1,9602;0,2883;0,0000;0,7002;0,0000;0,0000;0,0000;0,3604;-1,36;-3,32;1;0,0000;0,00;0;1;1;5;0;0;410;2048;614
151,1389;344,0243;14,20;-1,9817;0,2867;0,0000;0,6963;0,0000;0,0000;0,0000;0,3583;-1,43;-3,41;1;0,0000;0,00;0;1;1;5;0;0;410;2048;622
151,1528;344,0243;14,20;-1,9802;0,2850;0,0000;0,6921;0,0000;0,0000;0,0000;0,3562;-1,50;-3,48;1;0,0000;0,00;0;1;1;5;0;0;410;2048;631
151,1667;344,0641;14,20;-1,9687;0,2833;0,0000;0,6876;0,0000;0,0000;0,0000;0,3541;-1,57;-3,54;1;0,0000;0,00;0;1;1;5;0;0;410;2048;640
151,1806;344,1188;14,20;-1,9450;0,2815;0,0000;0,6829;0,0000;0,0000;0,0000;0,3518;-1,64;-3,59;1;0,0000;0,00;0;1;1;5;0;0;410;2048;649
151,1944;344,1735;14,20;-1,8890;0,2796;0,0000;0,6780;0,0000;0,0000;0,0000;0,3496;-1,71;-3,60;1;0,0000;0,00;0;1;1;5;0;0;410;2048;660
151,2083;344,2283;14,20;-1,8089;0,2778;0,0000;0,6727;0,0000;0,0000;0,0000;0,3472;-1,78;-3,59;1;0,0000;0,00;0;1;1;5;0;0;410;2048;670
151,2222;344,4807;14,20;-1,7164;0,2759;0,0000;0,6672;0,0000;0,0000;0,0000;0,3449;-1,84;-3,56;1;0,0000;0,00;0;1;1;5;0;0;410;2048;682
151,2361;344,4807;14,20;-1,6037;0,2740;0,0000;0,6615;0,0000;0,0000;0,0000;0,3425;-1,90;-3,50;1;0,0000;0,00;0;1;1;5;0;0;410;2048;693
151,2500;344,4807;14,20;-1,4942;0,2721;0,0000;0,6555;0,0000;0,0000;0,0000;0,3402;-1,95;-3,45;1;0,0000;0,00;0;1;1;5;0;0;410;2048;706
151,2639;344,4807;14,20;-1,3161;0,2702;0,0000;0,6492;0,0000;0,0000;0,0000;0,3378;-2,00;-3,32;1;0,0000;0,00;0;1;1;5;0;0;410;2048;718
151,2778;344,5020;14,20;-1,1296;0,2683;0,0000;0,6427;0,0000;0,0000;0,0000;0,3354;-2,04;-3,17;1;0,0000;0,00;0;1;1;5;0;0;410;2048;732
151,2917;344,5567;14,20;-1,0019;0,2665;0,0000;0,6359;0,0000;0,0000;0,0000;0,3331;-2,08;-3,08;1;0,0000;0,00;0;1;1;5;0;0;410;2048;746
151,3056;344,6114;14,20;-0,9047;0,2646;0,0000;0,6288;0,0000;0,0000;0,0000;0,3308;-2,11;-3,02;1;0,0000;0,00;0;1;1;5;0;0;410;2048;760
151,3194;344,6662;14,20;-0,8688;0,2627;0,0000;0,6215;0,0000;0,0000;0,0000;0,3284;-2,14;-3,01;1;0,0000;0,00;0;1;1;5;0;0;410;2048;775
151,3333;344,9340;14,20;-0,7907;0,2609;0,0000;0,6138;0,0000;0,0000;0,0000;0,3261;-2,17;-2,96;1;0,0000;0,00;0;1;1;5;0;0;410;2048;791
151,3472;344,9340;14,20;-0,7649;0,2590;0,0000;0,6058;0,0000;0,0000;0,0000;0,3237;-2,20;-2,96;1;0,0000;0,00;0;1;1;6;0;0;410;2048;807
151,3611;344,9340;14,20;-0,7170;0,2570;0,0000;0,5975;0,0000;0,0000;0,0000;0,3213;-2,22;-2,94;1;0,0000;0,00;0;1;1;6;0;0;410;2048;824
151,3750;344,9340;13,70;-0,6834;0,2551;0,0000;0,5889;0,0000;0,0000;0,0000;0,3189;-2,25;-2,93;1;0,0000;0,00;0;1;1;6;0;0;410;2048;842
151,3889;344,9379;13,70;-0,5914;0,2533;0,0000;0,5800;0,0000;0,0000;0,0000;0,3166;-2,27;-2,86;1;0,0000;0,00;0;1;1;6;0;0;410;2048;860
151,4028;344,9907;13,70;-0,4956;0,2515;0,0000;0,5708;0,0000;0,0000;0,0000;0,3144;-2,28;-2,78;1;0,0000;0,00;0;1;1;6;0;0;410;2048;879
151,4167;345,0435;13,70;-0,4762;0,2497;0,0000;0,5613;0,0000;0,0000;0,0000;0,3121;-2,30;-2,78;1;0,0000;0,00;0;1;1;6;0;0;410;2048;898
151,4306;345,0963;13,70;-0,3048;0,2479;0,0000;0,5516;0,0000;0,0000;0,0000;0,3098;-2,31;-2,62;1;0,0000;0,00;0;1;1;6;0;0;410;2048;918
151,4444;345,1491;13,70;-0,1622;0,2461;0,0000;0,5417;0,0000;0,0000;0,0000;0,3076;-2,32;-2,48;1;0,0000;0,00;0;1;1;6;0;0;410;2048;939
151,4583;345,3892;13,70;-0,0259;0,2444;0,0000;0,5316;0,0000;0,0000;0,0000;0,3055;-2,32;-2,34;1;0,0000;0,00;0;1;1;6;0;0;410;2048;959
151,4722;345,3892;13,70;0,0629;0,2427;0,0000;0,5215;0,0000;0,0000;0,0000;0,3034;-2,31;-2,25;1;0,0000;0,00;0;1;1;6;0;0;410;2048;980
151,4861;345,3892;13,70;0,1556;0,2410;0,0000;0,5113;0,0000;0,0000;0,0000;0,3013;-2,31;-2,15;1;0,0000;0,00;0;1;1;6;0;0;410;2048;1001
151,5000;345,3892;13,70;0,2282;0,2394;0,0000;0,5011;0,0000;0,0000;0,0000;0,2992;-2,30;-2,07;1;0,0000;0,00;0;1;1;6;0;0;410;2048;1022
151,5139;345,4132;13,70;0,3495;0,2378;0,0000;0,4909;0,0000;0,0000;0,0000;0,2972;-2,29;-1,94;1;0,0000;0,00;0;1;1;6;0;0;410;2048;1043
151,5278;345,4660;13,70;0,4418;0,2362;0,0000;0,4808;0,0000;0,0000;0,0000;0,2953;-2,27;-1,83;1;0,0000;0,00;0;1;1;6;0;0;410;2048;1063
151,5417;345,5188;13,70;0,5696;0,2347;0,0000;0,4707;0,0000;0,0000;0,0000;0,2934;-2,25;-1,68;1;0,0000;0,00;0;1;1;6;0;0;410;2048;1084
151,5556;345,5717;13,70;0,6392;0,2332;0,0000;0,4608;0,0000;0,0000;0,0000;0,2915;-2,23;-1,59;1;0,0000;0,00;0;1;1;6;0;0;410;2048;1104
151,5694;345,8475;13,70;0,7631;0,2318;0,0000;0,4511;0,0000;0,0000;0,0000;0,2898;-2,20;-1,44;1;0,0000;0,00;0;1;1;6;0;0;410;2048;1124
151,5833;345,8475;13,70;0,8132;0,2304;0,0000;0,4416;0,0000;0,0000;0,0000;0,2880;-2,17;-1,36;1;0,0000;0,00;0;1;1;6;0;0;410;2048;1144
151,5972;345,8475;13,70;0,8720;0,2290;0,0000;0,4324;0,0000;0,0000;0,0000;0,2863;-2,14;-1,27;1;0,0000;0,00;0;1;1;6;0;0;410;2048;1162
151,6111;345,8475;13,70;0,9315;0,2277;0,0000;0,4234;0,0000;0,0000;0,0000;0,2847;-2,11;-1,18;1;0,0000;0,00;0;1;1;6;0;0;410;2048;1181
151,6250;345,8475;13,70;0,9589;0,2264;0,0000;0,4147;0,0000;0,0000;0,0000;0,2830;-2,08;-1,12;1;0,0000;0,00;0;1;1;6;0;0;410;2048;1199
151,6389;345,8886;13,70;0,9848;0,2252;0,0000;0,4064;0,0000;0,0000;0,0000;0,2815;-2,04;-1,06;1;0,0000;0,00;0;1;1;6;0;0;410;2048;1216
151,6528;345,9415;13,70;1,0194;0,2240;0,0000;0,3983;0,0000;0,0000;0,0000;0,2800;-2,01;-0,99;1;0,0000;0,00;0;1;1;6;0;0;410;2048;1232
151,6667;345,9943;13,70;1,0455;0,2228;0,0000;0,3906;0,0000;0,0000;0,0000;0,2785;-1,97;-0,92;1;0,0000;0,00;0;1;1;6;0;0;410;2048;1248
151,6806;346,0471;13,70;1,0720;0,2216;0,0000;0,3832;0,0000;0,0000;0,0000;0,2770;-1,93;-0,86;1;0,0000;0,00;0;1;1;6;0;0;410;2048;1263
151,6944;346,3045;13,70;1,1130;0,2205;0,0000;0,3761;0,0000;0,0000;0,0000;0,2756;-1,89;-0,78;1;0,0000;0,00;0;1;1;6;0;0;410;2048;1278
151,7083;346,3045;13,70;1,1574;0,2194;0,0000;0,3693;0,0000;0,0000;0,0000;0,2743;-1,85;-0,70;1;0,0000;0,00;0;1;1;6;0;0;410;2048;1292
151,7222;346,3045;13,70;1,1977;0,2184;0,0000;0,3629;0,0000;0,0000;0,0000;0,2730;-1,81;-0,61;1;0,0000;0,00;0;1;1;6;0;0;410;2048;1305
151,7361;346,3045;13,70;1,2534;0,2174;0,0000;0,3569;0,0000;0,0000;0,0000;0,2717;-1,77;-0,51;1;0,0000;0,00;0;1;1;6;0;0;410;2048;1317
151,7500;346,3113;13,70;1,2805;0,2164;0,0000;0,3511;0,0000;0,0000;0,0000;0,2705;-1,72;-0,44;1;0,0000;0,00;0;1;1;6;0;0;410;2048;1329
151,7639;346,3642;13,70;1,2883;0,2155;0,0000;0,3457;0,0000;0,0000;0,0000;0,2694;-1,68;-0,39;1;0,0000;0,00;0;1;1;6;0;0;410;2048;1340
151,7778;346,4170;13,70;1,2856;0,2146;0,0000;0,3407;0,0000;0,0000;0,0000;0,2683;-1,63;-0,35;1;0,0000;0,00;0;1;1;6;0;0;410;2048;1350
151,7917;346,4699;13,70;1,2902;0,2138;0,0000;0,3359;0,0000;0,0000;0,0000;0,2672;-1,59;-0,30;1;0,0000;0,00;0;1;1;6;0;0;410;2048;1360
151,8056;346,5227;13,70;1,3027;0,2130;0,0000;0,3315;0,0000;0,0000;0,0000;0,2662;-1,54;-0,24;1;0,0000;0,00;0;1;1;6;0;0;410;2048;1369
151,8194;346,7606;13,70;1,3228;0,2122;0,0000;0,3274;0,0000;0,0000;0,0000;0,2652;-1,50;-0,17;1;0,0001;0,00;0;1;1;6;0;0;410;2048;1378
151,8333;346,7606;13,70;1,3641;0,2115;0,0000;0,3236;0,0000;0,0000;0,0000;0,2644;-1,45;-0,08;1;0,0001;0,00;0;1;1;6;0;0;410;2048;1385
151,8472;346,7606;13,70;1,4034;0,2109;0,0000;0,3202;0,0000;0,0000;0,0000;0,2636;-1,40;0,00;1;0,0001;0,00;0;1;1;6;0;0;410;2048;1392
151,8611;346,7606;13,70;1,4951;0,2103;0,0000;0,3174;0,0000;0,0000;0,0000;0,2628;-1,35;0,15;1;0,0001;0,00;0;1;1;6;0;0;410;2048;1398
151,8750;346,7870;13,20;1,6108;0,2097;0,0000;0,3154;0,0000;0,0000;0,0000;0,2621;-1,29;0,32;1;0,0001;0,00;0;1;1;6;0;0;410;2048;1402
151,8889;346,8379;13,20;1,7852;0,2093;0,0000;0,3144;0,0000;0,0000;0,0000;0,2616;-1,23;0,55;1;0,0000;0,00;0;1;1;6;0;0;410;2048;1404
151,9028;346,8889;13,20;1,8804;0,2090;0,0000;0,3142;0,0000;0,0000;0,0000;0,2612;-1,17;0,71;1;0,0000;0,00;0;1;1;6;0;0;410;2048;1404
151,9167;346,9398;13,20;2,0482;0,2087;0,0000;0,3148;0,0000;0,0000;0,0000;0,2609;-1,10;0,95;1;0,0000;0,00;0;1;1;6;0;0;410;2048;1403
151,9306;347,2148;13,20;2,1513;0,2086;0,0000;0,3160;0,0000;0,0000;0,0000;0,2607;-1,02;1,13;1;0,0000;0,00;0;1;1;6;0;0;410;2048;1401
151,9444;347,2148;13,20;2,3636;0,2085;0,0000;0,3176;0,0000;0,0000;0,0000;0,2606;-0,94;1,42;1;0,0000;0,00;0;1;1;6;0;0;410;2048;1398
151,9583;347,2148;13,20;2,5519;0,2085;0,0000;0,3194;0,0000;0,0000;0,0000;0,2607;-0,86;1,70;1;0,0000;0,00;0;1;1;6;0;0;410;2048;1394
151,9722;347,2148;13,20;2,6742;0,2087;0,0000;0,3211;0,0000;0,0000;0,0000;0,2609;-0,76;1,91;1;0,0000;0,00;0;1;1;6;0;0;410;2048;1390
151,9861;347,2148;13,20;2,8560;0,2090;0,0000;0,3228;0,0000;0,0000;0,0000;0,2612;-0,67;2,19;1;0,0000;0,00;0;1;1;6;0;0;410;2048;1387
152,0000;347,2454;13,20;2,9120;0,2093;0,0000;0,3241;0,0000;0,0000;0,0000;0,2616;-0,57;2,34;1;0,0000;0,00;0;1;1;6;0;0;410;2048;1384
152,0139;347,2963;13,20;2,9776;0,2098;0,0000;0,3250;0,0000;0,0000;0,0000;0,2622;-0,47;2,51;1;0,0000;0,00;0;1;1;6;0;0;410;2048;1382
152,0278;347,3472;13,20;2,9377;0,2103;0,0000;0,3252;0,0000;0,0000;0,0000;0,2628;-0,36;2,57;1;0,0000;0,00;0;1;1;6;0;0;410;2048;1382
152,0417;347,3982;13,20;2,9072;0,2108;0,0000;0,3249;0,0000;0,0000;0,0000;0,2635;-0,27;2,64;1;0,0000;0,00;0;1;1;6;0;0;410;2048;1383
152,0556;347,6710;13,20;2,8889;0,2115;0,0000;0,3238;0,0000;0,0000;0,0000;0,2643;-0,17;2,72;1;0,0000;0,00;0;1;1;6;0;0;410;2048;1385
152,0694;347,6710;13,20;2,7904;0,2121;0,0000;0,3222;0,0000;0,0000;0,0000;0,2652;-0,07;2,72;1;0,0000;0,00;0;1;1;6;0;0;410;2048;1388
152,0833;347,6710;13,20;2,6632;0,2128;0,0000;0,3201;0,0000;0,0000;0,0000;0,2661;0,00;2,68;1;0,0000;0,00;0;1;1;6;0;0;410;2048;1392
152,0972;347,6710;13,20;2,4465;0,2135;0,0000;0,3179;0,0000;0,0000;0,0000;0,2669;0,10;2,55;1;0,0000;0,00;0;1;1;6;0;0;410;2048;1397
152,1111;347,6710;13,20;2,2503;0,2142;0,0000;0,3158;0,0000;0,0000;0,0000;0,2678;0,18;2,43;1;0,0000;0,00;0;1;1;6;0;0;410;2048;1401
152,1250;347,7037;13,10;1,9435;0,2149;0,0000;0,3141;0,0000;0,0000;0,0000;0,2687;0,24;2,19;1;0,0000;0,00;0;1;1;6;0;0;410;2048;1405
152,1389;347,7543;13,10;1,7258;0,2156;0,0000;0,3127;0,0000;0,0000;0,0000;0,2695;0,30;2,03;1;0,0000;0,00;0;1;1;6;0;0;410;2048;1408
152,1528;347,8048;13,10;1,4393;0,2162;0,0000;0,3118;0,0000;0,0000;0,0000;0,2703;0,35;1,79;1;0,0000;0,00;0;1;1;6;0;0;410;2048;1409
152,1667;347,8553;13,10;1,1887;0,2168;0,0000;0,3113;0,0000;0,0000;0,0000;0,2710;0,39;1,58;1;0,0000;0,00;0;1;1;6;0;0;410;2048;1410
152,1806;348,1301;13,10;0,9382;0,2173;0,0000;0,3112;0,0000;0,0000;0,0000;0,2717;0,42;1,36;1;0,0000;0,00;0;1;1;6;0;0;410;2048;1411
152,1944;348,1301;13,10;0,6737;0,2178;0,0000;0,3114;0,0000;0,0000;0,0000;0,2723;0,45;1,12;1;0,0000;0,00;0;1;1;6;0;0;410;2048;1410
152,2083;348,1301;13,10;0,3874;0,2183;0,0000;0,3119;0,0000;0,0000;0,0000;0,2729;0,46;0,85;1;0,0000;0,00;0;1;1;6;0;0;410;2048;1409
152,2222;348,1301;13,10;0,1088;0,2186;0,0000;0,3126;0,0000;0,0000;0,0000;0,2733;0,47;0,57;1;0,0000;0,00;0;1;1;6;0;0;410;2048;1408
152,2361;348,1301;13,10;-0,1956;0,2189;0,0000;0,3135;0,0000;0,0000;0,0000;0,2737;0,46;0,26;1;0,0000;0,00;0;1;1;6;0;0;410;2048;1406
152,2500;348,1586;13,10;-0,5138;0,2191;0,0000;0,3146;0,0000;0,0000;0,0000;0,2739;0,44;-0,07;1;0,0000;0,00;0;1;1;6;0;0;410;2048;1404
152,2639;348,2091;13,10;-0,8788;0,2192;0,0000;0,3156;0,0000;0,0000;0,0000;0,2740;0,41;-0,46;1;0,0000;0,00;0;1;1;6;0;0;410;2048;1402
152,2778;348,2596;13,10;-1,2190;0,2192;0,0000;0,3167;0,0000;0,0000;0,0000;0,2740;0,37;-0,85;1;0,0000;0,00;0;1;1;6;0;0;410;2048;1399
152,2917;348,3102;13,10;-1,5583;0,2190;0,0000;0,3177;0,0000;0,0000;0,0000;0,2738;0,32;-1,24;1;0,0000;0,00;0;1;1;6;0;0;410;2048;1397
152,3056;348,5649;13,10;-1,8373;0,2188;0,0000;0,3186;0,0000;0,0000;0,0000;0,2734;0,26;-1,58;1;0,0000;0,00;0;1;1;6;0;0;410;2048;1395
152,3194;348,5649;13,10;-2,0782;0,2183;0,0000;0,3193;0,0000;0,0000;0,0000;0,2729;0,19;-1,89;1;0,0000;0,00;0;1;1;6;0;0;410;2048;1394
152,3333;348,5649;13,10;-2,2570;0,2178;0,0000;0,3199;0,0000;0,0000;0,0000;0,2723;0,12;-2,14;1;0,0000;0,00;0;1;1;6;0;0;410;2048;1393
152,3472;348,5649;13,10;-2,3630;0,2173;0,0000;0,3201;0,0000;0,0000;0,0000;0,2716;0,03;-2,33;1;0,0000;0,00;0;1;1;3;0;0;410;2048;1392
152,3611;348,5649;13,10;-2,4517;0,2166;0,0000;0,3201;0,0000;0,0000;0,0000;0,2708;-0,04;-2,50;1;0,0000;0,00;0;1;1;3;0;0;410;2048;1392
152,3750;348,6134;13,10;-2,4589;0,2159;0,0000;0,3199;0,0000;0,0000;0,0000;0,2699;-0,13;-2,59;1;0,0000;0,00;0;1;1;3;0;0;410;2048;1393
152,3889;348,6640;13,10;-2,4324;0,2151;0,0000;0,3193;0,0000;0,0000;0,0000;0,2689;-0,21;-2,64;1;0,0000;0,00;0;1;1;3;0;0;410;2048;1394
152,4028;348,7145;13,10;-2,4352;0,2143;0,0000;0,3185;0,0000;0,0000;0,0000;0,2679;-0,29;-2,73;1;0,0000;0,00;0;1;1;3;0;0;410;2048;1396
152,4167;348,7650;13,10;-2,4310;0,2134;0,0000;0,3174;0,0000;0,0000;0,0000;0,2668;-0,37;-2,81;1;0,0000;0,00;0;1;1;3;0;0;410;2048;1398
152,4306;349,0300;13,10;-2,4210;0,2125;0,0000;0,3162;0,0000;0,0000;0,0000;0,2656;-0,46;-2,88;1;0,0000;0,00;0;1;1;3;0;0;410;2048;1401
152,4444;349,0300;13,10;-2,4039;0,2115;0,0000;0,3147;0,0000;0,0000;0,0000;0,2644;-0,54;-2,94;1;0,0000;0,00;0;1;1;3;0;0;410;2048;1404
152,4583;349,0300;13,10;-2,3788;0,2104;0,0000;0,3132;0,0000;0,0000;0,0000;0,2631;-0,62;-2,99;1;0,0000;0,00;0;1;1;3;0;0;410;2048;1407
152,4722;349,0300;13,10;-2,2914;0,2094;0,0000;0,3120;0,0000;0,0000;0,0000;0,2617;-0,69;-2,98;1;0,0000;0,00;0;1;1;3;0;0;410;2048;1409
152,4861;349,0300;13,10;-2,1632;0,2083;0,0000;0,3117;0,0000;0,0000;0,0000;0,2604;-0,77;-2,93;1;0,0000;0,00;0;1;1;3;0;0;410;2048;1410
152,5000;349,0682;13,10;-1,9501;0,2072;0,0000;0,3125;0,0000;0,0000;0,0000;0,2590;-0,83;-2,78;1;0,0000;0,00;0;1;1;3;0;0;410;2048;1408
152,5139;349,1187;13,10;-1,6141;0,2061;0,0000;0,3146;0,0000;0,0000;0,0000;0,2577;-0,88;-2,50;1;0,0000;0,00;0;1;1;3;0;0;410;2048;1404
152,5278;349,1693;13,10;-1,3117;0,2052;0,0000;0,3174;0,0000;0,0000;0,0000;0,2564;-0,93;-2,24;1;0,0000;0,00;0;1;1;3;0;0;410;2048;1398
152,5417;349,2198;13,10;-0,9567;0,2042;0,0000;0,3202;0,0000;0,0000;0,0000;0,2553;-0,96;-1,92;1;0,0000;0,00;0;1;1;3;0;0;410;2048;1392
152,5556;349,4874;13,10;-0,6372;0,2034;0,0000;0,3220;0,0000;0,0000;0,0000;0,2542;-0,98;-1,62;1;0,0000;0,00;0;1;1;3;0;0;410;2048;1389
152,5694;349,4874;13,10;-0,3298;0,2026;0,0000;0,3215;0,0000;0,0000;0,0000;0,2532;-0,99;-1,32;1;0,0000;0,00;0;1;1;3;0;0;410;2048;1390
152,5833;349,4874;13,10;-0,0283;0,2019;0,0000;0,3174;0,0000;0,0000;0,0000;0,2523;-0,99;-1,02;1;0,0000;0,00;0;1;1;3;0;0;410;2048;1398
152,5972;349,4874;13,10;0,2465;0,2012;0,0000;0,3088;0,0000;0,0000;0,0000;0,2515;-0,98;-0,74;1;0,0000;0,00;0;1;1;3;0;0;410;2048;1415
152,6111;349,4874;13,10;0,4983;0,2007;0,0000;0,2952;0,0000;0,0000;0,0000;0,2508;-0,97;-0,47;1;0,0000;0,00;0;1;1;3;0;0;410;2048;1443
152,6250;349,5230;13,20;0,7033;0,2002;0,0000;0,2768;0,0000;0,0000;0,0000;0,2502;-0,94;-0,24;1;0,0000;0,00;0;1;1;3;0;0;410;2048;1481
152,6389;349,5739;13,20;0,9000;0,1997;0,0000;0,2543;0,0000;0,0000;0,0000;0,2497;-0,91;0,00;1;0,0000;0,00;0;1;1;3;0;0;410;2048;1527
152,6528;349,6248;13,20;1,0689;0,1994;0,0000;0,0000;0,0000;0,0000;0,0000;0,2492;-0,87;0,20;1;0,0000;0,00;0;1;1;3;0;0;410;2048;2048
152,6667;349,6758;13,20;1,2037;0,1991;0,0000;0,0000;0,0000;0,0000;0,0000;0,2488;-0,83;0,37;1;0,0000;0,00;0;1;1;3;0;0;410;2048;2048
152,6806;349,9395;13,20;1,3308;0,1989;0,0000;0,0000;0,0000;0,0000;0,0000;0,2486;-0,79;0,55;1;0,0000;0,00;0;1;1;3;0;0;410;2048;2048
152,6944;349,9395;13,20;1,3466;0,1987;0,0000;0,0000;0,0000;0,0000;0,0000;0,2483;-0,74;0,61;1;0,0000;0,00;0;1;1;3;0;0;410;2048;2048
152,7083;349,9395;13,20;1,3634;0,1985;0,0000;0,0000;0,0000;0,0000;0,0000;0,2481;-0,69;0,67;1;0,0000;0,00;0;1;1;3;0;0;410;2048;2048
152,7222;349,9395;13,20;1,3037;0,1984;0,0000;0,0000;0,0000;0,0000;0,0000;0,2480;-0,65;0,66;1;0,0000;0,00;0;1;1;3;0;0;410;2048;2048
152,7361;349,9395;13,20;1,2890;0,1983;0,0000;0,0000;0,0000;0,0000;0,0000;0,2478;-0,60;0,69;1;0,0000;0,00;0;1;1;3;0;0;410;2048;2048
152,7500;349,9813;13,20;1,2871;0,1982;0,0000;0,0000;0,0000;0,0000;0,0000;0,2477;-0,56;0,73;1;0,0000;0,00;0;1;1;3;0;0;410;2048;2048
152,7639;350,0323;13,20;1,2833;0,1981;0,0000;0,0000;0,0000;0,0000;0,0000;0,2477;-0,51;0,77;1;0,0000;0,00;0;1;1;3;0;0;410;2048;2048
152,7778;350,0832;13,20;1,2829;0,1981;0,0000;0,0000;0,0000;0,0000;0,0000;0,2477;-0,47;0,81;1;0,0000;0,00;0;1;1;3;0;0;410;2048;2048
152,7917;350,1341;13,20;1,2807;0,1981;0,0000;0,0000;0,0000;0,0000;0,0000;0,2477;-0,43;0,85;1;0,0000;0,00;0;1;1;3;0;0;410;2048;2048
152,8056;350,3922;13,20;1,2905;0,1982;0,0000;0,0000;0,0000;0,0000;0,0000;0,2478;-0,38;0,91;1;0,0001;0,00;0;1;1;3;0;0;410;2048;2048
152,8194;350,3922;13,20;1,2940;0,1983;0,0000;0,0000;0,0000;0,0000;0,0000;0,2479;-0,34;0,96;1;0,0001;0,00;0;1;1;3;0;0;410;2048;2048
152,8333;350,3922;13,20;1,2983;0,1985;0,0000;0,0000;0,0000;0,0000;0,0000;0,2481;-0,29;1,01;1;0,0001;0,00;0;1;1;3;0;0;410;2048;2048
152,8472;350,3922;13,20;1,2822;0,1986;0,0000;0,0000;0,0000;0,0000;0,0000;0,2483;-0,25;1,03;1;0,0001;0,00;0;1;1;3;0;0;410;2048;2048
152,8611;350,3922;13,20;1,2584;0,1988;0,0000;0,0000;0,0000;0,0000;0,0000;0,2485;-0,20;1,05;1;0,0001;0,00;0;1;1;3;0;0;410;2048;2048
152,8750;350,4397;13,20;1,2184;0,1990;0,0000;0,0000;0,0000;0,0000;0,0000;0,2488;-0,16;1,06;1;0,0001;0,00;0;1;1;3;0;0;410;2048;2048
152,8889;350,4906;13,20;1,1953;0,1993;0,0000;0,0000;0,0000;0,0000;0,0000;0,2491;-0,12;1,07;1;0,0000;0,00;0;1;1;3;0;0;410;2048;2048
152,9028;350,5415;13,20;1,1786;0,1995;0,0000;0,0000;0,0000;0,0000;0,0000;0,2494;-0,08;1,10;1;0,0000;0,00;0;1;1;3;0;0;410;2048;2048
152,9167;350,5925;13,20;1,1605;0,1998;0,0000;0,0000;0,0000;0,0000;0,0000;0,2498;-0,04;1,12;1;0,0000;0,00;0;1;1;3;0;0;410;2048;2048
152,9306;350,8482;13,20;1,1434;0,2001;0,0000;0,0000;0,0000;0,0000;0,0000;0,2502;0,00;1,14;1;0,0000;0,00;0;1;1;3;0;0;410;2048;2048
152,9444;350,8482;13,20;1,1081;0,2004;0,0000;0,0017;0,0000;0,0000;0,0000;0,2506;0,03;1,14;1;0,0000;0,00;0;1;1;3;0;0;410;2048;2045
152,9583;350,8482;13,20;1,0854;0,2008;0,0000;0,0065;0,0000;0,0000;0,0000;0,2510;0,07;1,16;1;0,0000;0,00;0;1;1;3;0;0;410;2048;2035
152,9722;350,8482;13,20;1,0561;0,2011;0,0000;0,0143;0,0000;0,0000;0,0000;0,2514;0,11;1,17;1;0,0000;0,00;0;1;1;3;0;0;410;2048;2019
152,9861;350,8482;13,20;1,0210;0,2015;0,0000;0,0250;0,0000;0,0000;0,0000;0,2519;0,15;1,17;1;0,0000;0,00;0;1;1;3;0;0;410;2048;1997
153,0000;350,8980;13,20;0,9837;0,2019;0,0000;0,0384;0,0000;0,0000;0,0000;0,2524;0,18;1,16;1;0,0000;0,00;0;1;1;3;0;0;410;2048;1969
153,0139;350,9489;13,20;0,9328;0,2023;0,0000;0,0544;0,0000;0,0000;0,0000;0,2529;0,21;1,14;1;0,0000;0,00;0;1;1;3;0;0;410;2048;1937
153,0278;350,9998;13,20;0,8797;0,2028;0,0000;0,0726;0,0000;0,0000;0,0000;0,2534;0,24;1,12;1;0,0000;0,00;0;1;1;3;0;0;410;2048;1899
153,0417;351,0508;13,20;0,8056;0,2032;0,0000;0,0926;0,0000;0,0000;0,0000;0,2540;0,27;1,08;1;0,0000;0,00;0;1;1;3;0;0;410;2048;1858
153,0556;351,3086;13,20;0,7355;0,2036;0,0000;0,1140;0,0000;0,0000;0,0000;0,2545;0,30;1,03;1;0,0000;0,00;0;1;1;3;0;0;410;2048;1815
153,0694;351,3086;13,20;0,6352;0,2040;0,0000;0,1362;0,0000;0,0000;0,0000;0,2550;0,32;0,95;1;0,0000;0,00;0;1;1;3;0;0;410;2048;1769
153,0833;351,3086;13,20;0,5453;0,2044;0,0000;0,1585;0,0000;0,0000;0,0000;0,2555;0,34;0,88;1;0,0000;0,00;0;1;1;3;0;0;410;2048;1723
153,0972;351,3086;13,20;0,4180;0,2047;0,0000;0,1803;0,0000;0,0000;0,0000;0,2559;0,35;0,77;1;0,0000;0,00;0;1;1;3;0;0;410;2048;1679
153,1111;351,3086;13,20;0,2971;0,2051;0,0000;0,2012;0,0000;0,0000;0,0000;0,2564;0,36;0,66;1;0,0000;0,00;0;1;1;3;0;0;410;2048;1636
153,1250;351,3564;13,30;0,1630;0,2054;0,0000;0,2207;0,0000;0,0000;0,0000;0,2568;0,37;0,53;1;0,0000;0,00;0;1;1;3;0;0;410;2048;1596
153,1389;351,4077;13,30;0,0306;0,2057;0,0000;0,2386;0,0000;0,0000;0,0000;0,2571;0,37;0,40;1;0,0000;0,00;0;1;1;3;0;0;410;2048;1559
153,1528;351,4590;13,30;-0,0617;0,2060;0,0000;0,2547;0,0000;0,0000;0,0000;0,2575;0,37;0,31;1;0,0000;0,00;0;1;1;3;0;0;410;2048;1526
153,1667;351,5103;13,30;-0,1278;0,2062;0,0000;0,2690;0,0000;0,0000;0,0000;0,2578;0,37;0,24;1;0,0000;0,00;0;1;1;3;0;0;410;2048;1497
153,1806;351,7617;13,30;-0,1783;0,2064;0,0000;0,2816;0,0000;0,0000;0,0000;0,2580;0,36;0,18;1;0,0000;0,00;0;1;1;3;0;0;410;2048;1471
153,1944;351,7617;13,30;-0,2657;0,2066;0,0000;0,2924;0,0000;0,0000;0,0000;0,2583;0,35;0,08;1;0,0000;0,00;0;1;1;3;0;0;410;2048;1449
153,2083;351,7617;13,30;-0,3011;0,2068;0,0000;0,3016;0,0000;0,0000;0,0000;0,2585;0,34;0,03;1;0,0000;0,00;0;1;1;3;0;0;410;2048;1430
153,2222;351,7617;13,30;-0,3497;0,2069;0,0000;0,3093;0,0000;0,0000;0,0000;0,2587;0,33;-0,02;1;0,0000;0,00;0;1;1;3;0;0;410;2048;1414
153,2361;351,7668;13,30;-0,3645;0,2071;0,0000;0,3158;0,0000;0,0000;0,0000;0,2589;0,31;-0,05;1;0,0000;0,00;0;1;1;3;0;0;410;2048;1401
153,2500;351,8182;13,30;-0,3919;0,2072;0,0000;0,3211;0,0000;0,0000;0,0000;0,2590;0,30;-0,09;1;0,0000;0,00;0;1;1;3;0;0;410;2048;1390
153,2639;351,8695;13,30;-0,4102;0,2073;0,0000;0,3254;0,0000;0,0000;0,0000;0,2591;0,29;-0,12;1;0,0000;0,00;0;1;1;3;0;0;410;2048;1382
153,2778;351,9208;13,30;-0,4101;0,2074;0,0000;0,3289;0,0000;0,0000;0,0000;0,2592;0,27;-0,14;1;0,0000;0,00;0;1;1;3;0;0;410;2048;1374
153,2917;351,9721;13,30;-0,4120;0,2075;0,0000;0,3316;0,0000;0,0000;0,0000;0,2593;0,26;-0,15;1;0,0000;0,00;0;1;1;3;0;0;410;2048;1369
153,3056;352,2172;13,30;-0,4000;0,2075;0,0000;0,3338;0,0000;0,0000;0,0000;0,2594;0,24;-0,16;1;0,0000;0,00;0;1;1;3;0;0;410;2048;1364
153,3194;352,2172;13,30;-0,3899;0,2076;0,0000;0,3354;0,0000;0,0000;0,0000;0,2595;0,23;-0,16;1;0,0000;0,00;0;1;1;3;0;0;410;2048;1361
153,3333;352,2172;13,30;-0,3804;0,2077;0,0000;0,3367;0,0000;0,0000;0,0000;0,2596;0,22;-0,16;1;0,0000;0,00;0;1;1;3;0;0;410;2048;1359
153,3472;352,2172;13,30;-0,3613;0,2077;0,0000;0,3376;0,0000;0,0000;0,0000;0,2597;0,21;-0,15;1;0,0000;0,00;0;1;1;9;0;0;410;2048;1357
153,3611;352,2287;13,50;-0,3273;0,2078;0,0000;0,3382;0,0000;0,0000;0,0000;0,2597;0,20;-0,13;1;0,0000;0,00;0;1;1;9;0;0;410;2048;1355
153,3750;352,2807;13,50;-0,2692;0,2078;0,0000;0,3386;0,0000;0,0000;0,0000;0,2598;0,19;-0,08;1;0,0000;0,00;0;1;1;9;0;0;410;2048;1354
153,3889;352,3328;13,50;-0,2116;0,2079;0,0000;0,3387;0,0000;0,0000;0,0000;0,2599;0,18;-0,03;1;0,0000;0,00;0;1;1;9;0;0;410;2048;1354
153,4028;352,3849;13,50;-0,1382;0,2080;0,0000;0,3387;0,0000;0,0000;0,0000;0,2600;0,18;0,03;1;0,0000;0,00;0;1;1;9;0;0;410;2048;1354
153,4167;352,4370;13,50;-0,0932;0,2081;0,0000;0,3386;0,0000;0,0000;0,0000;0,2601;0,17;0,08;1;0,0000;0,00;0;1;1;9;0;0;410;2048;1354
153,4306;352,6772;13,50;-0,0840;0,2082;0,0000;0,3385;0,0000;0,0000;0,0000;0,2602;0,17;0,08;1;0,0000;0,00;0;1;1;9;0;0;410;2048;1355
153,4444;352,6772;13,50;-0,0126;0,2083;0,0000;0,3383;0,0000;0,0000;0,0000;0,2604;0,17;0,16;1;0,0000;0,00;0;1;1;9;0;0;410;2048;1355
153,4583;352,6772;13,50;0,0253;0,2084;0,0000;0,3380;0,0000;0,0000;0,0000;0,2605;0,17;0,20;1;0,0000;0,00;0;1;1;9;0;0;410;2048;1356
153,4722;352,6772;13,50;0,0407;0,2086;0,0000;0,3376;0,0000;0,0000;0,0000;0,2607;0,17;0,21;1;0,0000;0,00;0;1;1;9;0;0;410;2048;1357
153,4861;352,6974;13,50;0,0502;0,2087;0,0000;0,3371;0,0000;0,0000;0,0000;0,2609;0,17;0,22;1;0,0000;0,00;0;1;1;9;0;0;410;2048;1358
153,5000;352,7495;13,50;0,0500;0,2088;0,0000;0,3365;0,0000;0,0000;0,0000;0,2610;0,18;0,23;1;0,0000;0,00;0;1;1;9;0;0;410;2048;1359
153,5139;352,8016;13,50;0,0390;0,2090;0,0000;0,3357;0,0000;0,0000;0,0000;0,2612;0,18;0,22;1;0,0000;0,00;0;1;1;9;0;0;410;2048;1360
153,5278;352,8537;13,50;0,0294;0,2091;0,0000;0,3349;0,0000;0,0000;0,0000;0,2614;0,18;0,21;1;0,0000;0,00;0;1;1;9;0;0;410;2048;1362
153,5417;353,1293;13,50;0,0210;0,2092;0,0000;0,3339;0,0000;0,0000;0,0000;0,2615;0,18;0,20;1;0,0000;0,00;0;1;1;9;0;0;410;2048;1364
153,5556;353,1293;13,50;0,0193;0,2094;0,0000;0,3329;0,0000;0,0000;0,0000;0,2617;0,18;0,20;1;0,0000;0,00;0;1;1;9;0;0;410;2048;1366
153,5694;353,1293;13,50;0,0142;0,2095;0,0000;0,3318;0,0000;0,0000;0,0000;0,2618;0,18;0,20;1;0,0000;0,00;0;1;1;9;0;0;410;2048;1368
153,5833;353,1293;13,50;0,0126;0,2096;0,0000;0,3307;0,0000;0,0000;0,0000;0,2620;0,18;0,20;1;0,0000;0,00;0;1;1;9;0;0;410;2048;1371
153,5972;353,1293;13,50;0,0103;0,2097;0,0000;0,3294;0,0000;0,0000;0,0000;0,2622;0,19;0,20;1;0,0000;0,00;0;1;1;9;0;0;410;2048;1373
153,6111;353,1662;13,50;0,0098;0,2099;0,0000;0,3282;0,0000;0,0000;0,0000;0,2623;0,19;0,20;1;0,0000;0,00;0;1;1;9;0;0;410;2048;1376
153,6250;353,2183;13,50;0,0158;0,2100;0,0000;0,3269;0,0000;0,0000;0,0000;0,2625;0,19;0,20;1;0,0000;0,00;0;1;1;9;0;0;410;2048;1379
153,6389;353,2704;13,50;0,0358;0,2101;0,0000;0,3256;0,0000;0,0000;0,0000;0,2627;0,19;0,23;1;0,0000;0,00;0;1;1;9;0;0;410;2048;1381
153,6528;353,3224;13,50;0,0650;0,2103;0,0000;0,3242;0,0000;0,0000;0,0000;0,2629;0,19;0,26;1;0,0000;0,00;0;1;1;9;0;0;410;2048;1384
153,6667;353,5873;13,50;0,1152;0,2105;0,0000;0,3229;0,0000;0,0000;0,0000;0,2631;0,20;0,31;1;0,0000;0,00;0;1;1;9;0;0;410;2048;1387
153,6806;353,5873;13,50;0,1430;0,2106;0,0000;0,3215;0,0000;0,0000;0,0000;0,2633;0,20;0,34;1;0,0000;0,00;0;1;1;9;0;0;410;2048;1390
153,6944;353,5873;13,50;0,1776;0,2108;0,0000;0,3200;0,0000;0,0000;0,0000;0,2635;0,21;0,38;1;0,0000;0,00;0;1;1;9;0;0;410;2048;1393
153,7083;353,5873;13,50;0,2313;0,2110;0,0000;0,3186;0,0000;0,0000;0,0000;0,2638;0,21;0,45;1;0,0000;0,00;0;1;1;9;0;0;410;2048;1396
153,7222;353,5873;13,50;0,2533;0,2113;0,0000;0,3171;0,0000;0,0000;0,0000;0,2641;0,22;0,48;1;0,0000;0,00;0;1;1;9;0;0;410;2048;1399
153,7361;353,6349;13,50;0,3060;0,2115;0,0000;0,3155;0,0000;0,0000;0,0000;0,2644;0,23;0,54;1;0,0000;0,00;0;1;1;9;0;0;410;2048;1402
153,7500;353,6870;13,50;0,3222;0,2118;0,0000;0,3140;0,0000;0,0000;0,0000;0,2647;0,24;0,57;1;0,0000;0,00;0;1;1;9;0;0;410;2048;1405
153,7639;353,7391;13,50;0,3496;0,2120;0,0000;0,3125;0,0000;0,0000;0,0000;0,2650;0,25;0,60;1;0,0000;0,00;0;1;1;9;0;0;410;2048;1408
153,7778;353,7912;13,50;0,3566;0,2123;0,0000;0,3110;0,0000;0,0000;0,0000;0,2654;0,27;0,62;1;0,0000;0,00;0;1;1;9;0;0;410;2048;1411
153,7917;354,0421;13,50;0,3554;0,2126;0,0000;0,3097;0,0000;0,0000;0,0000;0,2657;0,28;0,63;1;0,0000;0,00;0;1;1;9;0;0;410;2048;1414
153,8056;354,0421;13,50;0,3233;0,2128;0,0000;0,3085;0,0000;0,0000;0,0000;0,2661;0,29;0,61;1;0,0000;0,00;0;1;1;9;0;0;410;2048;1416
153,8194;354,0421;13,50;0,2416;0,2131;0,0000;0,3074;0,0000;0,0000;0,0000;0,2664;0,30;0,54;1;0,0000;0,00;0;1;1;9;0;0;410;2048;1418
153,8333;354,0421;13,50;0,1661;0,2134;0,0000;0,3066;0,0000;0,0000;0,0000;0,2667;0,30;0,47;1;0,0000;0,00;0;1;1;9;0;0;410;2048;1420
153,8472;354,0516;13,50;0,0922;0,2136;0,0000;0,3060;0,0000;0,0000;0,0000;0,2670;0,30;0,40;1;0,0000;0,00;0;1;1;9;0;0;410;2048;1421
153,8611;354,1037;13,50;0,0600;0,2138;0,0000;0,3056;0,0000;0,0000;0,0000;0,2673;0,31;0,37;1;0,0000;0,00;0;1;1;9;0;0;410;2048;1422
153,8750;354,1558;13,50;0,0225;0,2140;0,0000;0,3054;0,0000;0,0000;0,0000;0,2675;0,31;0,33;1;0,0000;0,00;0;1;1;9;0;0;410;2048;1423
153,8889;354,2079;13,50;-0,0023;0,2142;0,0000;0,3053;0,0000;0,0000;0,0000;0,2678;0,31;0,30;1;0,0000;0,00;0;1;1;9;0;0;410;2048;1423
153,9028;354,2599;13,50;-0,0343;0,2145;0,0000;0,3054;0,0000;0,0000;0,0000;0,2681;0,31;0,27;1;0,0000;0,00;0;1;1;9;0;0;410;2048;1423
153,9167;354,4985;13,50;-0,0668;0,2146;0,0000;0,3055;0,0000;0,0000;0,0000;0,2683;0,30;0,24;1;0,0000;0,00;0;1;1;9;0;0;410;2048;1422
153,9306;354,4985;13,50;-0,0828;0,2148;0,0000;0,3058;0,0000;0,0000;0,0000;0,2685;0,30;0,22;1;0,0000;0,00;0;1;1;9;0;0;410;2048;1422
153,9444;354,4985;13,50;-0,0920;0,2150;0,0000;0,3061;0,0000;0,0000;0,0000;0,2688;0,30;0,20;1;0,0000;0,00;0;1;1;9;0;0;410;2048;1421
153,9583;354,4985;13,50;-0,1000;0,2152;0,0000;0,3064;0,0000;0,0000;0,0000;0,2691;0,29;0,19;1;0,0000;0,00;0;1;1;9;0;0;410;2048;1420
153,9722;354,5204;13,50;-0,1045;0,2154;0,0000;0,3068;0,0000;0,0000;0,0000;0,2693;0,29;0,18;1;0,0000;0,00;0;1;1;9;0;0;410;2048;1420
153,9861;354,5725;13,50;-0,1081;0,2156;0,0000;0,3073;0,0000;0,0000;0,0000;0,2695;0,29;0,18;1;0,0000;0,00;0;1;1;9;0;0;410;2048;1419
154,0000;354,6245;13,50;-0,1106;0,2158;0,0000;0,3077;0,0000;0,0000;0,0000;0,2698;0,28;0,17;1;0,0000;0,00;0;1;1;9;0;0;410;2048;1418
154,0139;354,6766;13,50;-0,1227;0,2160;0,0000;0,3082;0,0000;0,0000;0,0000;0,2700;0,28;0,16;1;0,0000;0,00;0;1;1;9;0;0;410;2048;1417
154,0278;354,9547;13,50;-0,1440;0,2162;0,0000;0,3088;0,0000;0,0000;0,0000;0,2702;0,27;0,13;1;0,0000;0,00;0;1;1;9;0;0;410;2048;1416
154,0417;354,9547;13,50;-0,1944;0,2163;0,0000;0,3093;0,0000;0,0000;0,0000;0,2704;0,27;0,07;1;0,0000;0,00;0;1;1;9;0;0;410;2048;1415
154,0556;354,9547;13,50;-0,2402;0,2165;0,0000;0,3098;0,0000;0,0000;0,0000;0,2706;0,26;0,02;1;0,0000;0,00;0;1;1;9;0;0;410;2048;1413
154,0694;354,9547;13,50;-0,2846;0,2166;0,0000;0,3104;0,0000;0,0000;0,0000;0,2708;0,25;-0,03;1;0,0000;0,00;0;1;1;9;0;0;410;2048;1412
154,0833;354,9547;13,50;-0,3291;0,2167;0,0000;0,3109;0,0000;0,0000;0,0000;0,2709;0,24;-0,09;1;0,0000;0,00;0;1;1;9;0;0;410;2048;1411
154,0972;354,9892;13,50;-0,4446;0,2168;0,0000;0,3114;0,0000;0,0000;0,0000;0,2710;0,23;-0,22;1;0,0000;0,00;0;1;1;9;0;0;410;2048;1410
154,1111;355,0413;13,50;-0,5660;0,2168;0,0000;0,3119;0,0000;0,0000;0,0000;0,2710;0,21;-0,36;1;0,0000;0,00;0;1;1;9;0;0;410;2048;1409
154,1250;355,0934;13,50;-0,6730;0,2168;0,0000;0,3124;0,0000;0,0000;0,0000;0,2710;0,18;-0,49;1;0,0000;0,00;0;1;1;9;0;0;410;2048;1408
154,1389;355,1454;13,50;-0,7749;0,2167;0,0000;0,3128;0,0000;0,0000;0,0000;0,2709;0,16;-0,62;1;0,0000;0,00;0;1;1;9;0;0;410;2048;1407
154,1528;355,4105;13,50;-0,8808;0,2166;0,0000;0,3132;0,0000;0,0000;0,0000;0,2707;0,13;-0,75;1;0,0000;0,00;0;1;1;9;0;0;410;2048;1407
154,1667;355,4105;13,50;-0,9822;0,2164;0,0000;0,3135;0,0000;0,0000;0,0000;0,2705;0,09;-0,89;1;0,0000;0,00;0;1;1;9;0;0;410;2048;1406
154,1806;355,4105;13,50;-1,0283;0,2162;0,0000;0,3137;0,0000;0,0000;0,0000;0,2703;0,06;-0,97;1;0,0000;0,00;0;1;1;9;0;0;410;2048;1406
154,1944;355,4105;13,50;-1,0836;0,2160;0,0000;0,3138;0,0000;0,0000;0,0000;0,2700;0,02;-1,06;1;0,0000;0,00;0;1;1;9;0;0;410;2048;1405
154,2083;355,4105;13,50;-1,1014;0,2157;0,0000;0,3138;0,0000;0,0000;0,0000;0,2696;0,00;-1,12;1;0,0000;0,00;0;1;1;9;0;0;410;2048;1405
154,2222;355,4579;13,50;-1,1435;0,2154;0,0000;0,3137;0,0000;0,0000;0,0000;0,2692;-0,05;-1,20;1;0,0000;0,00;0;1;1;9;0;0;410;2048;1406
154,2361;355,5100;13,50;-1,1635;0,2150;0,0000;0,3134;0,0000;0,0000;0,0000;0,2688;-0,09;-1,26;1;0,0000;0,00;0;1;1;9;0;0;410;2048;1406
154,2500;355,5621;13,50;-1,1904;0,2146;0,0000;0,3131;0,0000;0,0000;0,0000;0,2683;-0,13;-1,33;1;0,0000;0,00;0;1;1;9;0;0;410;2048;1407
154,2639;355,6142;13,50;-1,1905;0,2142;0,0000;0,3126;0,0000;0,0000;0,0000;0,2678;-0,17;-1,37;1;0,0000;0,00;0;1;1;9;0;0;410;2048;1408
154,2778;355,8668;13,50;-1,1789;0,2138;0,0000;0,3121;0,0000;0,0000;0,0000;0,2672;-0,22;-1,39;1;0,0000;0,00;0;1;1;9;0;0;410;2048;1409
154,2917;355,8668;13,50;-1,1417;0,2133;0,0000;0,3114;0,0000;0,0000;0,0000;0,2666;-0,25;-1,40;1;0,0000;0,00;0;1;1;9;0;0;410;2048;1410
154,3056;355,8668;13,50;-1,0919;0,2128;0,0000;0,3107;0,0000;0,0000;0,0000;0,2660;-0,29;-1,38;1;0,0000;0,00;0;1;1;9;0;0;410;2048;1412
154,3194;355,8668;13,50;-1,0121;0,2123;0,0000;0,3099;0,0000;0,0000;0,0000;0,2654;-0,33;-1,34;1;0,0000;0,00;0;1;1;9;0;0;410;2048;1413
154,3333;355,8746;13,50;-0,8964;0,2118;0,0000;0,3090;0,0000;0,0000;0,0000;0,2648;-0,36;-1,25;1;0,0000;0,00;0;1;1;9;0;0;410;2048;1415
154,3472;355,9267;13,50;-0,8358;0,2114;0,0000;0,3080;0,0000;0,0000;0,0000;0,2642;-0,39;-1,22;1;0,0000;0,00;0;1;1;9;0;0;410;2048;1417
154,3611;355,9788;13,50;-0,7287;0,2109;0,0000;0,3073;0,0000;0,0000;0,0000;0,2636;-0,41;-1,14;1;0,0000;0,00;0;1;1;8;0;0;410;2048;1419
154,3750;356,0309;13,50;-0,6118;0,2104;0,0000;0,3068;0,0000;0,0000;0,0000;0,2630;-0,43;-1,04;1;0,0000;0,00;0;1;1;8;0;0;410;2048;1420
154,3889;356,0829;13,50;-0,4983;0,2100;0,0000;0,3067;0,0000;0,0000;0,0000;0,2625;-0,45;-0,95;1;0,0000;0,00;0;1;1;8;0;0;410;2048;1420
154,4028;356,3227;13,50;-0,4635;0,2096;0,0000;0,3070;0,0000;0,0000;0,0000;0,2620;-0,46;-0,93;1;0,0000;0,00;0;1;1;8;0;0;410;2048;1419
154,4167;356,3227;13,50;-0,3756;0,2091;0,0000;0,3080;0,0000;0,0000;0,0000;0,2614;-0,48;-0,85;1;0,0000;0,00;0;1;1;8;0;0;410;2048;1417
154,4306;356,3227;13,50;-0,3682;0,2087;0,0000;0,3094;0,0000;0,0000;0,0000;0,2608;-0,49;-0,86;1;0,0000;0,00;0;1;1;8;0;0;410;2048;1414
154,4444;356,3227;13,60;-0,3490;0,2082;0,0000;0,3114;0,0000;0,0000;0,0000;0,2602;-0,50;-0,85;1;0,0000;0,00;0;1;1;8;0;0;410;2048;1410
154,4583;356,3437;13,60;-0,3582;0,2077;0,0000;0,3139;0,0000;0,0000;0,0000;0,2596;-0,51;-0,87;1;0,0000;0,00;0;1;1;8;0;0;410;2048;1405
154,4722;356,3962;13,60;-0,4176;0,2072;0,0000;0,3167;0,0000;0,0000;0,0000;0,2590;-0,53;-0,94;1;0,0000;0,00;0;1;1;8;0;0;410;2048;1399
154,4861;356,4486;13,60;-0,5013;0,2067;0,0000;0,3197;0,0000;0,0000;0,0000;0,2584;-0,54;-1,04;1;0,0000;0,00;0;1;1;8;0;0;410;2048;1393
154,5000;356,5011;13,60;-0,6336;0,2061;0,0000;0,3228;0,0000;0,0000;0,0000;0,2576;-0,57;-1,20;1;0,0000;0,00;0;1;1;8;0;0;410;2048;1387
154,5139;356,7784;13,60;-0,6816;0,2055;0,0000;0,3258;0,0000;0,0000;0,0000;0,2569;-0,59;-1,27;1;0,0000;0,00;0;1;1;8;0;0;410;2048;1381
154,5278;356,7784;13,60;-0,7382;0,2048;0,0000;0,3284;0,0000;0,0000;0,0000;0,2561;-0,61;-1,35;1;0,0000;0,00;0;1;1;8;0;0;410;2048;1376
154,5417;356,7784;13,60;-0,7661;0,2042;0,0000;0,3300;0,0000;0,0000;0,0000;0,2552;-0,64;-1,41;1;0,0000;0,00;0;1;1;8;0;0;410;2048;1372
154,5556;356,7784;13,60;-0,7870;0,2035;0,0000;0,3304;0,0000;0,0000;0,0000;0,2543;-0,67;-1,45;1;0,0000;0,00;0;1;1;8;0;0;410;2048;1371
154,5694;356,7784;13,60;-0,7998;0,2027;0,0000;0,3286;0,0000;0,0000;0,0000;0,2534;-0,69;-1,49;1;0,0000;0,00;0;1;1;8;0;0;410;2048;1375
154,5833;356,8159;13,60;-0,8054;0,2020;0,0000;0,3239;0,0000;0,0000;0,0000;0,2525;-0,72;-1,53;1;0,0000;0,00;0;1;1;8;0;0;410;2048;1385
154,5972;356,8683;13,60;-0,8079;0,2012;0,0000;0,3150;0,0000;0,0000;0,0000;0,2515;-0,75;-1,56;1;0,0000;0,00;0;1;1;8;0;0;410;2048;1403
154,6111;356,9208;13,60;-0,7941;0,2004;0,0000;0,3011;0,0000;0,0000;0,0000;0,2505;-0,78;-1,57;1;0,0000;0,00;0;1;1;8;0;0;410;2048;1431
154,6250;356,9733;13,60;-0,7703;0,1996;0,0000;0,2816;0,0000;0,0000;0,0000;0,2495;-0,80;-1,57;1;0,0000;0,00;0;1;1;8;0;0;410;2048;1471
154,6389;357,2350;13,80;-0,7308;0,1988;0,0000;0,0000;0,0000;0,0000;0,0000;0,2485;-0,83;-1,56;1;0,0000;0,00;0;1;1;8;0;0;410;2048;2048
154,6528;357,2350;13,80;-0,6968;0,1980;0,0000;0,0000;0,0000;0,0000;0,0000;0,2475;-0,85;-1,55;1;0,0000;0,00;0;1;1;8;0;0;410;2048;2048
154,6667;357,2350;13,80;-0,6411;0,1972;0,0000;0,0000;0,0000;0,0000;0,0000;0,2465;-0,87;-1,52;1;0,0000;0,00;0;1;1;8;0;0;410;2048;2048
154,6806;357,2350;13,80;-0,5753;0,1963;0,0000;0,0000;0,0000;0,0000;0,0000;0,2454;-0,89;-1,47;1;0,0000;0,00;0;1;1;8;0;0;410;2048;2048
154,6944;357,2387;13,80;-0,5394;0,1955;0,0000;0,0000;0,0000;0,0000;0,0000;0,2444;-0,91;-1,45;1;0,0000;0,00;0;1;1;8;0;0;410;2048;2048
154,7083;357,2919;13,80;-0,5123;0,1947;0,0000;0,0000;0,0000;0,0000;0,0000;0,2433;-0,93;-1,44;1;0,0000;0,00;0;1;1;8;0;0;410;2048;2048
154,7222;357,3451;13,80;-0,4880;0,1938;0,0000;0,0000;0,0000;0,0000;0,0000;0,2423;-0,95;-1,44;1;0,0000;0,00;0;1;1;8;0;0;410;2048;2048
154,7361;357,3983;13,80;-0,4715;0,1930;0,0000;0,0000;0,0000;0,0000;0,0000;0,2412;-0,96;-1,44;1;0,0000;0,00;0;1;1;8;0;0;410;2048;2048
154,7500;357,4516;13,80;-0,4536;0,1921;0,0000;0,0000;0,0000;0,0000;0,0000;0,2402;-0,98;-1,43;1;0,0000;0,00;0;1;1;8;0;0;410;2048;2048
154,7639;357,6902;13,80;-0,4331;0,1913;0,0000;0,0000;0,0000;0,0000;0,0000;0,2391;-0,99;-1,43;1;0,0000;0,00;0;1;1;8;0;0;410;2048;2048
154,7778;357,6902;13,80;-0,4090;0,1904;0,0000;0,0000;0,0000;0,0000;0,0000;0,2380;-1,01;-1,42;1;0,0000;0,00;0;1;1;8;0;0;410;2048;2048
154,7917;357,6902;13,80;-0,3920;0,1895;0,0000;0,0000;0,0000;0,0000;0,0000;0,2369;-1,02;-1,41;1;0,0000;0,00;0;1;1;8;0;0;410;2048;2048
154,8056;357,6902;13,80;-0,3748;0,1887;0,0000;0,0000;0,0000;0,0000;0,0000;0,2358;-1,03;-1,41;1;0,0000;0,00;0;1;1;8;0;0;410;2048;2048
154,8194;357,7177;13,80;-0,3693;0,1878;0,0000;0,0000;0,0000;0,0000;0,0000;0,2347;-1,05;-1,42;1;0,0000;0,00;0;1;1;8;0;0;410;2048;2048
154,8333;357,7709;13,80;-0,3710;0,1869;0,0000;0,0000;0,0000;0,0000;0,0000;0,2336;-1,06;-1,43;1;0,0000;0,00;0;1;1;8;0;0;410;2048;2048
154,8472;357,8242;13,80;-0,3853;0,1860;0,0000;0,0000;0,0000;0,0000;0,0000;0,2325;-1,07;-1,46;1;0,0000;0,00;0;1;1;8;0;0;410;2048;2048
154,8611;357,8774;13,80;-0,3948;0,1851;0,0000;0,0000;0,0000;0,0000;0,0000;0,2313;-1,09;-1,48;1;0,0000;0,00;0;1;1;8;0;0;410;2048;2048
154,8750;358,1472;13,80;-0,4041;0,1841;0,0000;0,0000;0,0000;0,0000;0,0000;0,2301;-1,10;-1,50;1;0,0000;0,00;0;1;1;8;0;0;410;2048;2048
154,8889;358,1472;13,80;-0,4055;0,1832;0,0000;0,0000;0,0000;0,0000;0,0000;0,2290;-1,11;-1,52;1;0,0000;0,00;0;1;1;8;0;0;410;2048;2048
154,9028;358,1472;13,80;-0,3924;0,1823;0,0000;0,0000;0,0000;0,0000;0,0000;0,2279;-1,13;-1,52;1;0,0000;0,00;0;1;1;8;0;0;410;2048;2048
154,9167;358,1472;13,80;-0,3623;0,1814;0,0000;0,0000;0,0000;0,0000;0,0000;0,2267;-1,14;-1,50;1;0,0000;0,00;0;1;1;8;0;0;410;2048;2048
154,9306;358,1472;13,80;-0,3347;0,1804;0,0000;0,0000;0,0000;0,0000;0,0000;0,2255;-1,15;-1,49;1;0,0000;0,00;0;1;1;8;0;0;410;2048;2048
154,9444;358,1968;13,80;-0,3128;0,1795;0,0000;0,0000;0,0000;0,0000;0,0000;0,2244;-1,16;-1,47;1;0,0000;0,00;0;1;1;8;0;0;410;2048;2048
154,9583;358,2500;13,80;-0,2968;0,1786;0,0000;0,0000;0,0000;0,0000;0,0000;0,2232;-1,17;-1,47;1;0,0000;0,00;0;1;1;8;0;0;410;2048;2048
154,9722;358,3032;13,80;-0,3092;0,1776;0,0000;0,0000;0,0000;0,0000;0,0000;0,2220;-1,18;-1,49;1;0,0000;0,00;0;1;1;8;0;0;410;2048;2048
154,9861;358,3564;13,80;-0,3341;0,1767;0,0000;0,0000;0,0000;0,0000;0,0000;0,2208;-1,19;-1,53;1;0,0000;0,00;0;1;1;8;0;0;410;2048;2048
155,0000;358,6026;13,80;-0,2735;0,1757;0,0000;0,0000;0,0000;0,0000;0,0000;0,2196;-1,20;-1,48;1;0,0000;0,00;0;1;1;8;0;0;410;2048;2048
155,0139;358,6026;13,80;-0,1703;0,1748;0,0000;0,0000;0,0000;0,0000;0,0000;0,2185;-1,21;-1,38;1;0,0000;0,00;0;1;1;8;0;0;410;2048;2048
155,0278;358,6026;13,80;-0,0311;0,1739;0,0000;0,0000;0,0000;0,0000;0,0000;0,2174;-1,21;-1,24;1;0,0000;0,00;0;1;1;8;0;0;410;2048;2048
155,0417;358,6026;13,80;0,1083;0,1730;0,0000;0,0000;0,0000;0,0000;0,0000;0,2163;-1,20;-1,10;1;0,0000;0,00;0;1;1;8;0;0;410;2048;2048
155,0556;358,6226;13,80;0,3111;0,1722;0,0000;0,0000;0,0000;0,0000;0,0000;0,2153;-1,19;-0,88;1;0,0000;0,00;0;1;1;8;0;0;410;2048;2048
155,0694;358,6758;13,80;0,4895;0,1715;0,0000;0,0000;0,0000;0,0000;0,0000;0,2144;-1,17;-0,68;1;0,0000;0,00;0;1;1;8;0;0;410;2048;2048
155,0833;358,7291;13,80;0,6532;0,1709;0,0000;0,0000;0,0000;0,0000;0,0000;0,2136;-1,15;-0,50;1;0,0000;0,00;0;1;1;8;0;0;410;2048;2048
155,0972;358,7823;13,80;0,8117;0,1703;0,0000;0,0000;0,0000;0,0000;0,0000;0,2128;-1,12;-0,31;1;0,0000;0,00;0;1;1;8;0;0;410;2048;2048
155,1111;359,0589;13,80;1,0491;0,1697;0,0000;0,0000;0,0000;0,0000;0,0000;0,2122;-1,08;-0,03;1;0,0000;0,00;0;1;1;8;0;0;410;2048;2048
155,1250;359,0589;13,80;1,1597;0,1693;0,0000;0,0000;0,0000;0,0000;0,0000;0,2116;-1,04;0,12;1;0,0000;0,00;0;1;1;8;0;0;410;2048;2048
155,1389;359,0589;13,80;1,1999;0,1689;0,0000;0,0000;0,0000;0,0000;0,0000;0,2111;-1,00;0,20;1;0,0000;0,00;0;1;1;8;0;0;410;2048;2048
155,1528;359,0589;13,80;1,2209;0,1685;0,0000;0,0000;0,0000;0,0000;0,0000;0,2106;-0,95;0,27;1;0,0000;0,00;0;1;1;8;0;0;410;2048;2048
155,1667;359,0589;13,80;1,2125;0,1682;0,0000;0,0000;0,0000;0,0000;0,0000;0,2102;-0,91;0,30;1;0,0000;0,00;0;1;1;8;0;0;410;2048;2048
155,1806;359,1017;13,80;1,2363;0,1679;0,0000;0,0000;0,0000;0,0000;0,0000;0,2098;-0,87;0,37;1;0,0000;0,00;0;1;1;8;0;0;410;2048;2048
155,1944;359,1550;13,80;1,2866;0,1676;0,0000;0,0000;0,0000;0,0000;0,0000;0,2095;-0,82;0,47;1;0,0000;0,00;0;1;1;8;0;0;410;2048;2048
155,2083;359,2082;13,80;1,3417;0,1674;0,0000;0,0000;0,0000;0,0000;0,0000;0,2093;-0,77;0,57;1;0,0000;0,00;0;1;1;8;0;0;410;2048;2048
155,2222;359,2615;13,80;1,3807;0,1673;0,0000;0,0000;0,0000;0,0000;0,0000;0,2091;-0,72;0,66;1;0,0000;0,00;0;1;1;8;0;0;410;2048;2048
155,2361;359,5156;13,80;1,3968;0,1671;0,0000;0,0000;0,0000;0,0000;0,0000;0,2089;-0,67;0,72;1;0,0000;0,00;0;1;1;8;0;0;410;2048;2048
155,2500;359,5156;13,80;1,4416;0,1671;0,0000;0,0000;0,0000;0,0000;0,0000;0,2088;-0,62;0,82;1;0,0000;0,00;0;1;1;8;0;0;410;2048;2048
155,2639;359,5156;13,80;1,4553;0,1670;0,0000;0,0000;0,0000;0,0000;0,0000;0,2088;-0,57;0,88;1;0,0000;0,00;0;1;1;8;0;0;410;2048;2048
155,2778;359,5156;13,80;1,4376;0,1670;0,0000;0,0000;0,0000;0,0000;0,0000;0,2088;-0,52;0,92;1;0,0000;0,00;0;1;1;8;0;0;410;2048;2048
155,2917;359,5277;13,80;1,4316;0,1671;0,0000;0,0000;0,0000;0,0000;0,0000;0,2089;-0,47;0,96;1;0,0000;0,00;0;1;1;8;0;0;410;2048;2048
155,3056;359,5809;13,80;1,4056;0,1672;0,0000;0,0000;0,0000;0,0000;0,0000;0,2089;-0,42;0,99;1;0,0000;0,00;0;1;1;8;0;0;410;2048;2048
155,3194;359,6342;13,80;1,3821;0,1673;0,0000;0,0000;0,0000;0,0000;0,0000;0,2091;-0,37;1,01;1;0,0000;0,00;0;1;1;8;0;0;410;2048;2048
155,3333;359,6874;13,80;1,3338;0,1674;0,0000;0,0000;0,0000;0,0000;0,0000;0,2092;-0,32;1,01;1;0,0000;0,00;0;1;1;8;0;0;410;2048;2048
155,3472;359,7407;13,80;1,2821;0,1675;0,0000;0,0000;0,0000;0,0000;0,0000;0,2094;-0,28;1,00;1;0,0000;0,00;0;1;1;8;0;0;410;2048;2048
155,3611;359,9693;13,80;1,1587;0,1677;0,0000;0,0000;0,0000;0,0000;0,0000;0,2096;-0,24;0,92;1;0,0000;0,00;0;1;1;4;0;0;410;2048;2048
155,3750;359,9693;13,80;1,0319;0,1678;0,0000;0,0000;0,0000;0,0000;0,0000;0,2097;-0,20;0,83;1;0,0000;0,00;0;1;1;4;0;0;410;2048;2048
155,3889;359,9693;13,80;0,8631;0,1679;0,0000;0,0000;0,0000;0,0000;0,0000;0,2098;-0,17;0,69;1;0,0000;0,00;0;1;1;4;0;0;410;2048;2048
155,4028;359,9693;13,80;0,6748;0,1679;0,0000;0,0000;0,0000;0,0000;0,0000;0,2099;-0,14;0,53;1;0,0000;0,00;0;1;1;4;0;0;410;2048;2048
155,4167;360,0069;13,80;0,4359;0,1680;0,0000;0,0000;0,0000;0,0000;0,0000;0,2099;-0,13;0,31;1;0,0000;0,00;0;1;1;4;0;0;410;2048;2048
155,4306;360,0601;13,80;0,2398;0,1679;0,0000;0,0000;0,0000;0,0000;0,0000;0,2099;-0,12;0,12;1;0,0000;0,00;0;1;1;4;0;0;410;2048;2048
155,4444;360,1133;13,80;-0,0098;0,1678;0,0000;0,0000;0,0000;0,0000;0,0000;0,2098;-0,12;-0,13;1;0,0000;0,00;0;1;1;4;0;0;410;2048;2048
155,4583;360,1666;13,80;-0,1258;0,1677;0,0000;0,0000;0,0000;0,0000;0,0000;0,2096;-0,12;-0,25;1;0,0000;0,00;0;1;1;4;0;0;410;2048;2048
155,4722;360,4285;13,80;-0,2036;0,1675;0,0000;0,0000;0,0000;0,0000;0,0000;0,2094;-0,13;-0,33;1;0,0000;0,00;0;1;1;4;0;0;410;2048;2048
155,4861;360,4285;13,80;-0,2492;0,1674;0,0000;0,0000;0,0000;0,0000;0,0000;0,2092;-0,14;-0,39;1;0,0000;0,00;0;1;1;4;0;0;410;2048;2048
155,5000;360,4285;13,80;-0,3014;0,1672;0,0000;0,0000;0,0000;0,0000;0,0000;0,2090;-0,15;-0,45;1;0,0000;0,00;0;1;1;4;0;0;410;2048;2048
155,5139;360,4285;13,80;-0,3231;0,1670;0,0000;0,0000;0,0000;0,0000;0,0000;0,2087;-0,16;-0,48;1;0,0000;0,00;0;1;1;4;0;0;410;2048;2048
155,5278;360,4328;13,80;-0,3709;0,1667;0,0000;0,0000;0,0000;0,0000;0,0000;0,2084;-0,17;-0,54;1;0,0000;0,00;0;1;1;4;0;0;410;2048;2048
155,5417;360,4860;13,80;-0,3932;0,1665;0,0000;0,0000;0,0000;0,0000;0,0000;0,2081;-0,19;-0,58;1;0,0000;0,00;0;1;1;4;0;0;410;2048;2048
155,5556;360,5392;13,80;-0,4258;0,1662;0,0000;0,0000;0,0000;0,0000;0,0000;0,2077;-0,20;-0,63;1;0,0000;0,00;0;1;1;4;0;0;410;2048;2048
155,5694;360,5925;13,80;-0,4279;0,1659;0,0000;0,0000;0,0000;0,0000;0,0000;0,2074;-0,22;-0,64;1;0,0000;0,00;0;1;1;4;0;0;410;2048;2048
155,5833;360,6457;13,80;-0,4292;0,1656;0,0000;0,0000;0,0000;0,0000;0,0000;0,2070;-0,23;-0,66;1;0,0000;0,00;0;1;1;4;0;0;410;2048;2048
155,5972;360,8819;13,80;-0,4233;0,1653;0,0000;0,0000;0,0000;0,0000;0,0000;0,2066;-0,25;-0,67;1;0,0000;0,00;0;1;1;4;0;0;410;2048;2048
155,6111;360,8819;13,80;-0,4061;0,1650;0,0000;0,0000;0,0000;0,0000;0,0000;0,2063;-0,26;-0,67;1;0,0000;0,00;0;1;1;4;0;0;410;2048;2048
155,6250;360,8819;13,80;-0,3907;0,1647;0,0000;0,0000;0,0000;0,0000;0,0000;0,2059;-0,27;-0,66;1;0,0000;0,00;0;1;1;4;0;0;410;2048;2048
155,6389;360,8819;13,70;-0,3476;0,1644;0,0000;0,0000;0,0000;0,0000;0,0000;0,2055;-0,28;-0,63;1;0,0000;0,00;0;1;1;4;0;0;410;2048;2048
155,6528;360,9115;13,70;-0,3288;0,1641;0,0000;0,0000;0,0000;0,0000;0,0000;0,2051;-0,29;-0,62;1;0,0000;0,00;0;1;1;4;0;0;410;2048;2048
155,6667;360,9644;13,70;-0,2716;0,1638;0,0000;0,0000;0,0000;0,0000;0,0000;0,2047;-0,30;-0,58;1;0,0000;0,00;0;1;1;4;0;0;410;2048;2048
155,6806;361,0172;13,70;-0,2567;0,1635;0,0000;0,0000;0,0000;0,0000;0,0000;0,2043;-0,31;-0,57;1;0,0000;0,00;0;1;1;4;0;0;410;2048;2048
155,6944;361,0701;13,70;-0,2146;0,1632;0,0000;0,0000;0,0000;0,0000;0,0000;0,2039;-0,32;-0,53;1;0,0000;0,00;0;1;1;4;0;0;410;2048;2048
155,7083;361,3389;13,70;-0,2018;0,1629;0,0000;0,0000;0,0000;0,0000;0,0000;0,2036;-0,33;-0,53;1;0,0000;0,00;0;1;1;4;0;0;410;2048;2048
155,7222;361,3389;13,70;-0,1872;0,1625;0,0000;0,0000;0,0000;0,0000;0,0000;0,2032;-0,33;-0,52;1;0,0000;0,00;0;1;1;4;0;0;410;2048;2048
155,7361;361,3389;13,70;-0,1828;0,1622;0,0000;0,0000;0,0000;0,0000;0,0000;0,2028;-0,34;-0,52;1;0,0000;0,00;0;1;1;4;0;0;410;2048;2048
155,7500;361,3389;13,70;-0,1927;0,1619;0,0000;0,0000;0,0000;0,0000;0,0000;0,2024;-0,35;-0,54;1;0,0000;0,00;0;1;1;4;0;0;410;2048;2048
155,7639;361,3389;13,70;-0,2223;0,1616;0,0000;0,0000;0,0000;0,0000;0,0000;0,2020;-0,36;-0,58;1;0,0000;0,00;0;1;1;4;0;0;410;2048;2048
155,7778;361,3872;13,70;-0,2799;0,1612;0,0000;0,0000;0,0000;0,0000;0,0000;0,2015;-0,37;-0,65;1;0,0000;0,00;0;1;1;4;0;0;410;2048;2048
155,7917;361,4401;13,70;-0,3582;0,1608;0,0000;0,0000;0,0000;0,0000;0,0000;0,2010;-0,38;-0,74;1;0,0000;0,00;0;1;1;4;0;0;410;2048;2048
155,8056;361,4930;13,70;-0,4077;0,1604;0,0000;0,0000;0,0000;0,0000;0,0000;0,2005;-0,40;-0,80;1;0,0000;0,00;0;1;1;4;0;0;410;2048;2048
155,8194;361,5458;13,70;-0,4510;0,1600;0,0000;0,0000;0,0000;0,0000;0,0000;0,2000;-0,41;-0,86;1;0,0000;0,00;0;1;1;4;0;0;410;2048;2048
155,8333;361,7975;13,70;-0,5141;0,1595;0,0000;0,0000;0,0000;0,0000;0,0000;0,1994;-0,43;-0,94;1;0,0000;0,00;0;1;1;4;0;0;410;2048;2048
155,8472;361,7975;13,70;-0,5556;0,1590;0,0000;0,0000;0,0000;0,0000;0,0000;0,1988;-0,45;-1,01;1;0,0000;0,00;0;1;1;4;0;0;410;2048;2048
155,8611;361,7975;13,70;-0,6294;0,1585;0,0000;0,0000;0,0000;0,0000;0,0000;0,1981;-0,47;-1,10;1;0,0000;0,00;0;1;1;4;0;0;410;2048;2048
155,8750;361,7975;14,00;-0,7124;0,1579;0,0000;0,0000;0,0000;0,0000;0,0000;0,1974;-0,50;-1,21;1;0,0000;0,00;0;1;1;4;0;0;410;2048;2048
155,8889;361,8112;14,00;-0,7974;0,1573;0,0000;0,0000;0,0000;0,0000;0,0000;0,1966;-0,53;-1,33;1;0,0000;0,00;0;1;1;4;0;0;410;2048;2048
155,9028;361,8652;14,00;-0,8919;0,1566;0,0000;0,0000;0,0000;0,0000;0,0000;0,1957;-0,56;-1,45;1;0,0000;0,00;0;1;1;4;0;0;410;2048;2048
155,9167;361,9193;14,00;-0,9191;0,1559;0,0000;0,0000;0,0000;0,0000;0,0000;0,1949;-0,60;-1,51;1;0,0000;0,00;0;1;1;4;0;0;410;2048;2048
155,9306;361,9732;14,00;-0,9754;0,1551;0,0000;0,0000;0,0000;0,0000;0,0000;0,1939;-0,63;-1,61;1;0,0000;0,00;0;1;1;4;0;0;410;2048;2048
155,9444;362,2511;14,00;-1,0038;0,1543;0,0000;0,0000;0,0000;0,0000;0,0000;0,1929;-0,67;-1,67;1;0,0000;0,00;0;1;1;4;0;0;410;2048;2048
155,9583;362,2511;14,00;-1,0264;0,1535;0,0000;0,0000;0,0000;0,0000;0,0000;0,1919;-0,71;-1,73;1;0,0000;0,00;0;1;1;4;0;0;410;2048;2048
155,9722;362,2511;14,00;-0,9915;0,1527;0,0000;0,0000;0,0000;0,0000;0,0000;0,1909;-0,74;-1,73;1;0,0000;0,00;0;1;1;4;0;0;410;2048;2048
155,9861;362,2511;14,00;-0,9594;0,1519;0,0000;0,0000;0,0000;0,0000;0,0000;0,1898;-0,78;-1,73;1;0,0000;0,00;0;1;1;4;0;0;410;2048;2048
156,0000;362,2511;14,00;-0,8814;0,1510;0,0000;0,0000;0,0000;0,0000;0,0000;0,1888;-0,81;-1,69;1;0,0000;0,00;0;1;1;4;0;0;410;2048;2048
156,0139;362,2973;14,00;-0,8029;0,1502;0,0000;0,0000;0,0000;0,0000;0,0000;0,1877;-0,83;-1,64;1;0,0000;0,00;0;1;1;4;0;0;410;2048;2048
156,0278;362,3513;14,00;-0,7839;0,1493;0,0000;0,0000;0,0000;0,0000;0,0000;0,1867;-0,86;-1,65;1;0,0000;0,00;0;1;1;4;0;0;410;2048;2048
156,0417;362,4053;14,00;-0,7672;0,1485;0,0000;0,0000;0,0000;0,0000;0,0000;0,1856;-0,89;-1,66;1;0,0000;0,00;0;1;1;4;0;0;410;2048;2048
156,0556;362,4593;14,00;-0,7750;0,1476;0,0000;0,0000;0,0000;0,0000;0,0000;0,1845;-0,92;-1,69;1;0,0000;0,00;0;1;1;4;0;0;410;2048;2048
156,0694;362,7026;14,00;-0,7841;0,1467;0,0000;0,0000;0,0000;0,0000;0,0000;0,1834;-0,94;-1,73;1;0,0001;0,00;0;1;1;4;0;0;410;2048;2048
156,0833;362,7026;14,00;-0,8133;0,1458;0,0000;0,0000;0,0000;0,0000;0,0000;0,1822;-0,97;-1,79;1;0,0001;0,00;0;1;1;4;0;0;410;2048;2048
156,0972;362,7026;14,00;-0,8096;0,1448;0,0000;0,0000;0,0000;0,0000;0,0000;0,1810;-1,00;-1,81;1;0,0001;0,00;0;1;1;4;0;0;410;2048;2048
156,1111;362,7026;14,00;-0,8157;0,1438;0,0000;0,0000;0,0000;0,0000;0,0000;0,1797;-1,03;-1,85;1;0,0001;0,00;0;1;1;4;0;0;410;2048;2048
156,1250;362,7293;14,00;-0,8190;0,1428;0,0000;0,0000;0,0000;0,0000;0,0000;0,1785;-1,06;-1,88;1;0,0001;0,00;0;1;1;4;0;0;410;2048;2048
156,1389;362,7833;14,00;-0,8098;0,1418;0,0000;0,0000;0,0000;0,0000;0,0000;0,1772;-1,09;-1,90;1;0,0001;0,00;0;1;1;4;0;0;410;2048;2048
156,1528;362,8373;14,00;-0,8000;0,1407;0,0000;0,0000;0,0000;0,0000;0,0000;0,1759;-1,12;-1,92;1;0,0001;0,00;0;1;1;4;0;0;410;2048;2048
156,1667;362,8913;14,00;-0,7823;0,1397;0,0000;0,0000;0,0000;0,0000;0,0000;0,1746;-1,14;-1,93;1;0,0001;0,00;0;1;1;4;0;0;410;2048;2048
156,1806;363,1621;14,00;-0,7566;0,1386;0,0000;0,0000;0,0000;0,0000;0,0000;0,1732;-1,17;-1,93;1;0,0001;0,00;0;1;1;4;0;0;410;2048;2048
156,1944;363,1621;14,00;-0,7112;0,1375;0,0000;0,0000;0,0000;0,0000;0,0000;0,1719;-1,20;-1,91;1;0,0001;0,00;0;1;1;4;0;0;410;2048;2048
156,2083;363,1621;14,00;-0,6599;0,1364;0,0000;0,0000;0,0000;0,0000;0,0000;0,1705;-1,22;-1,88;1;0,0001;0,00;0;1;1;4;0;0;410;2048;2048
156,2222;363,1621;14,00;-0,5665;0,1353;0,0000;0,0000;0,0000;0,0000;0,0000;0,1692;-1,24;-1,81;1;0,0001;0,00;0;1;1;4;0;0;410;2048;2048
156,2361;363,1621;14,00;-0,4672;0,1343;0,0000;0,0000;0,0000;0,0000;0,0000;0,1679;-1,26;-1,72;1;0,0001;0,00;0;1;1;4;0;0;410;2048;2048
156,2500;363,2153;14,00;-0,3325;0,1333;0,0000;0,0000;0,0000;0,0000;0,0000;0,1666;-1,27;-1,60;1;0,0001;0,00;0;1;1;4;0;0;410;2048;2048
156,2639;363,2693;14,00;-0,2111;0,1323;0,0000;0,0000;0,0000;0,0000;0,0000;0,1653;-1,27;-1,49;1;0,0001;0,00;0;1;1;4;0;0;410;2048;2048
156,2778;363,3232;14,00;-0,0367;0,1313;0,0000;0,0000;0,0000;0,0000;0,0000;0,1641;-1,28;-1,31;1;0,0001;0,00;0;1;1;4;0;0;410;2048;2048
156,2917;363,3773;14,00;0,1051;0,1304;0,0000;0,0000;0,0000;0,0000;0,0000;0,1630;-1,27;-1,17;1;0,0001;0,00;0;1;1;4;0;0;410;2048;2048
156,3056;363,6182;14,00;0,2932;0,1295;0,0000;0,0000;0,0000;0,0000;0,0000;0,1619;-1,26;-0,97;1;0,0001;0,00;0;1;1;4;0;0;410;2048;2048
156,3194;363,6182;14,00;0,4787;0,1287;0,0000;0,0000;0,0000;0,0000;0,0000;0,1609;-1,24;-0,76;1;0,0001;0,00;0;1;1;4;0;0;410;2048;2048
156,3333;363,6182;14,00;0,6277;0,1280;0,0000;0,0000;0,0000;0,0000;0,0000;0,1600;-1,22;-0,59;1;0,0001;0,00;0;1;1;4;0;0;410;2048;2048
156,3472;363,6182;14,00;0,7481;0,1273;0,0000;0,0000;0,0000;0,0000;0,0000;0,1591;-1,19;-0,44;1;0,0001;0,00;0;1;1;4;0;0;410;2048;2048
156,3611;363,6473;14,00;0,8271;0,1267;0,0000;0,0000;0,0000;0,0000;0,0000;0,1583;-1,16;-0,33;1;0,0001;0,00;0;1;1;7;0;0;410;2048;2048
156,3750;363,7013;14,10;0,9215;0,1261;0,0000;0,0000;0,0000;0,0000;0,0000;0,1576;-1,13;-0,21;1;0,0001;0,00;0;1;1;7;0;0;410;2048;2048
156,3889;363,7557;14,10;0,9374;0,1255;0,0000;0,0000;0,0000;0,0000;0,0000;0,1569;-1,09;-0,16;1;0,0002;0,00;0;1;1;7;0;0;410;2048;2048
156,4028;363,8101;14,10;0,9797;0,1250;0,0000;0,0000;0,0000;0,0000;0,0000;0,1562;-1,06;-0,08;1;0,0002;0,00;0;1;1;7;0;0;410;2048;2048
156,4167;364,0737;14,10;0,9588;0,1245;0,0000;0,0000;0,0000;0,0000;0,0000;0,1556;-1,02;-0,06;1;0,0003;0,00;0;1;1;7;0;0;410;2048;2048
156,4306;364,0737;14,10;0,9823;0,1240;0,0000;0,0000;0,0000;0,0000;0,0000;0,1550;-0,99;0,00;1;0,0003;0,00;0;1;1;7;0;0;410;2048;2048
156,4444;364,0737;14,10;0,9815;0,1236;0,0000;0,0000;0,0000;0,0000;0,0000;0,1545;-0,95;0,03;1;0,0003;0,00;0;1;1;7;0;0;410;2048;2048
156,4583;364,0737;14,10;0,9853;0,1231;0,0000;0,0000;0,0000;0,0000;0,0000;0,1539;-0,91;0,07;1;0,0003;0,00;0;1;1;7;0;0;410;2048;2048
156,4722;364,0821;14,10;0,9856;0,1227;0,0000;0,0000;0,0000;0,0000;0,0000;0,1534;-0,88;0,11;1;0,0003;0,00;0;1;1;7;0;0;410;2048;2048
156,4861;364,1364;14,10;0,9804;0,1223;0,0000;0,0000;0,0000;0,0000;0,0000;0,1529;-0,84;0,14;1;0,0002;0,00;0;1;1;7;0;0;410;2048;2048
156,5000;364,1909;14,10;0,9627;0,1220;0,0000;0,0000;0,0000;0,0000;0,0000;0,1525;-0,81;0,16;1;0,0002;0,00;0;1;1;7;0;0;410;2048;2048
156,5139;364,2452;14,10;0,9241;0,1216;0,0000;0,0000;0,0000;0,0000;0,0000;0,1521;-0,77;0,15;1;0,0002;0,00;0;1;1;7;0;0;410;2048;2048
156,5278;0,0000;14,10;0,8685;0,0000;0,0000;0,0000;0,0000;0,0000;0,0000;0,0000;0,00;0,00;1;0,0000;0,00;0;1;1;7;0;0;410;2048;2048
156,5417;0,0000;14,10;0,7969;0,0000;0,0000;0,0000;0,0000;0,0000;0,0000;0,0000;0,00;0,00;1;0,0000;0,00;0;1;1;7;0;0;410;2048;2048
156,5556;0,0000;14,10;0,7406;0,0000;0,0000;0,0000;0,0000;0,0000;0,0000;0,0000;0,00;0,00;1;0,0000;0,00;0;1;1;7;0;0;410;2048;2048
156,5694;0,0000;14,10;0,6955;0,0000;0,0000;0,0000;0,0000;0,0000;0,0000;0,0000;0,00;0,00;1;0,0000;0,00;0;1;1;7;0;0;410;2048;2048
156,5833;0,0000;14,10;0,6770;0,0000;0,0000;0,0000;0,0000;0,0000;0,0000;0,0000;0,00;0,00;1;0,0000;0,00;0;1;1;7;0;0;410;2048;2048
156,5972;0,0473;14,10;0,6578;0,1198;0,0000;0,0000;0,0000;0,0000;0,0000;0,1497;-0,61;0,05;1;0,0000;0,00;0;1;1;7;0;0;410;2048;2048
156,6111;0,1017;14,10;0,6271;0,1195;0,0000;0,0000;0,0000;0,0000;0,0000;0,1493;-0,59;0,04;1;0,0000;0,00;0;1;1;7;0;0;410;2048;2048
156,6250;0,1561;14,10;0,6038;0,1192;0,0000;0,0000;0,0000;0,0000;0,0000;0,1490;-0,56;0,04;1;0,0001;0,00;0;1;1;7;0;0;410;2048;2048
156,6389;0,2105;14,10;0,5910;0,1189;0,0000;0,0000;0,0000;0,0000;0,0000;0,1487;-0,54;0,05;1;0,0001;0,00;0;1;1;7;0;0;410;2048;2048
156,6528;0,4514;14,10;0,5725;0,1187;0,0000;0,0000;0,0000;0,0000;0,0000;0,1484;-0,52;0,05;1;0,0002;0,00;0;1;1;7;0;0;410;2048;2048
156,6667;0,4514;14,10;0,5796;0,1185;0,0000;0,0000;0,0000;0,0000;0,0000;0,1481;-0,50;0,08;1;0,0002;0,00;0;1;1;7;0;0;410;2048;2048
156,6806;0,4514;14,10;0,5758;0,1183;0,0000;0,0000;0,0000;0,0000;0,0000;0,1478;-0,48;0,10;1;0,0002;0,00;0;1;1;7;0;0;410;2048;2048
156,6944;0,4514;14,10;0,5750;0,1181;0,0000;0,0000;0,0000;0,0000;0,0000;0,1476;-0,46;0,12;1;0,0002;0,00;0;1;1;7;0;0;410;2048;2048
156,7083;0,4825;14,10;0,5494;0,1179;0,0000;0,0000;0,0000;0,0000;0,0000;0,1473;-0,44;0,11;1;0,0002;0,00;0;1;1;7;0;0;410;2048;2048
156,7222;0,5369;14,10;0,5245;0,1177;0,0000;0,0000;0,0000;0,0000;0,0000;0,1471;-0,42;0,11;1;0,0002;0,00;0;1;1;7;0;0;410;2048;2048
156,7361;0,5913;14,10;0,4973;0,1175;0,0000;0,0000;0,0000;0,0000;0,0000;0,1469;-0,40;0,10;1;0,0001;0,00;0;1;1;7;0;0;410;2048;2048
156,7500;0,6457;14,10;0,5013;0,1173;0,0000;0,0000;0,0000;0,0000;0,0000;0,1467;-0,38;0,12;1;0,0001;0,00;0;1;1;7;0;0;410;2048;2048
156,7639;0,9081;14,10;0,5742;0,1172;0,0000;0,0000;0,0000;0,0000;0,0000;0,1465;-0,36;0,22;1;0,0001;0,00;0;1;1;7;0;0;410;2048;2048
156,7778;0,9081;14,10;0,6578;0,1171;0,0000;0,0000;0,0000;0,0000;0,0000;0,1464;-0,33;0,32;1;0,0001;0,00;0;1;1;7;0;0;410;2048;2048
156,7917;0,9081;14,10;0,7121;0,1171;0,0000;0,0000;0,0000;0,0000;0,0000;0,1464;-0,31;0,40;1;0,0001;0,00;0;1;1;7;0;0;410;2048;2048
156,8056;0,9081;14,10;0,8127;0,1171;0,0000;0,0000;0,0000;0,0000;0,0000;0,1464;-0,28;0,54;1;0,0001;0,00;0;1;1;7;0;0;410;2048;2048
156,8194;0,9177;14,10;0,8832;0,1171;0,0000;0,0000;0,0000;0,0000;0,0000;0,1464;-0,24;0,64;1;0,0001;0,00;0;1;1;7;0;0;410;2048;2048
156,8333;0,9721;14,10;0,9332;0,1172;0,0000;0,0000;0,0000;0,0000;0,0000;0,1465;-0,21;0,72;1;0,0001;0,00;0;1;1;7;0;0;410;2048;2048
156,8472;1,0265;14,10;1,0578;0,1174;0,0000;0,0000;0,0000;0,0000;0,0000;0,1467;-0,17;0,89;1;0,0001;0,00;0;1;1;7;0;0;410;2048;2048
156,8611;1,0809;14,10;1,1448;0,1176;0,0000;0,0000;0,0000;0,0000;0,0000;0,1470;-0,13;1,02;1;0,0001;0,00;0;1;1;7;0;0;410;2048;2048
156,8750;1,1353;14,20;1,2447;0,1178;0,0000;0,0000;0,0000;0,0000;0,0000;0,1473;-0,08;1,16;1;0,0001;0,00;0;1;1;7;0;0;410;2048;2048
156,8889;1,3648;14,20;1,2821;0,1182;0,0000;0,0000;0,0000;0,0000;0,0000;0,1477;-0,03;1,25;1;0,0000;0,00;0;1;1;7;0;0;410;2048;2048
156,9028;1,3648;14,20;1,3684;0,1185;0,0000;0,0000;0,0000;0,0000;0,0000;0,1482;0,00;1,38;1;0,0000;0,00;0;1;1;7;0;0;410;2048;2048
156,9167;1,3648;14,20;1,3989;0,1190;0,0000;0,0000;0,0000;0,0000;0,0000;0,1488;0,07;1,46;1;0,0000;0,00;0;1;1;7;0;0;410;2048;2048
156,9306;1,3648;14,20;1,4691;0,1195;0,0000;0,0000;0,0000;0,0000;0,0000;0,1494;0,12;1,59;1;0,0000;0,00;0;1;1;7;0;0;410;2048;2048
156,9444;1,4092;14,20;1,4977;0,1201;0,0000;0,0000;0,0000;0,0000;0,0000;0,1501;0,17;1,67;1;0,0000;0,00;0;1;1;7;0;0;410;2048;2048
156,9583;1,4640;14,20;1,5117;0,1207;0,0000;0,0000;0,0000;0,0000;0,0000;0,1508;0,23;1,74;1;0,0000;0,00;0;1;1;7;0;0;410;2048;2048
156,9722;1,5188;14,20;1,5039;0,1213;0,0000;0,0000;0,0000;0,0000;0,0000;0,1516;0,29;1,79;1;0,0000;0,00;0;1;1;7;0;0;410;2048;2048
156,9861;1,5736;14,20;1,5051;0,1220;0,0000;0,0000;0,0000;0,0000;0,0000;0,1525;0,34;1,85;1;0,0000;0,00;0;1;1;7;0;0;410;2048;2048
157,0000;1,8212;14,20;1,6804;0,1228;0,0000;0,0000;0,0000;0,0000;0,0000;0,1535;0,40;2,08;1;0,0000;0,00;0;1;1;7;0;0;410;2048;2048
157,0139;1,8212;14,20;1,6453;0,1236;0,0000;0,0000;0,0000;0,0000;0,0000;0,1545;0,46;2,11;1;0,0000;0,00;0;1;1;7;0;0;410;2048;2048
157,0278;1,8212;14,20;1,7225;0,1245;0,0000;0,0000;0,0000;0,0000;0,0000;0,1556;0,53;2,25;1;0,0000;0,00;0;1;1;7;0;0;410;2048;2048
157,0417;1,8212;14,20;1,7001;0,1254;0,0000;0,0000;0,0000;0,0000;0,0000;0,1567;0,59;2,29;1;0,0000;0,00;0;1;1;7;0;0;410;2048;2048
157,0556;1,8475;14,20;1,7764;0,1264;0,0000;0,0000;0,0000;0,0000;0,0000;0,1580;0,66;2,43;1;0,0000;0,00;0;1;1;7;0;0;410;2048;2048
157,0694;1,9022;14,20;1,8049;0,1275;0,0000;0,0000;0,0000;0,0000;0,0000;0,1593;0,72;2,53;1;0,0000;0,00;0;1;1;7;0;0;410;2048;2048
157,0833;1,9570;14,20;1,8504;0,1286;0,0000;0,0000;0,0000;0,0000;0,0000;0,1607;0,79;2,64;1;0,0000;0,00;0;1;1;7;0;0;410;2048;2048
157,0972;2,0118;14,20;1,8917;0,1298;0,0000;0,0000;0,0000;0,0000;0,0000;0,1622;0,86;2,75;1;0,0000;0,00;0;1;1;7;0;0;410;2048;2048
157,1111;2,2775;14,20;1,9596;0,1310;0,0000;0,0000;0,0000;0,0000;0,0000;0,1638;0,93;2,89;1;0,0000;0,00;0;1;1;7;0;0;410;2048;2048
157,1250;2,2775;14,50;1,9772;0,1324;0,0000;0,0000;0,0000;0,0000;0,0000;0,1655;1,01;2,98;1;0,0000;0,00;0;1;1;7;0;0;410;2048;2048
157,1389;2,2775;14,50;2,0096;0,1338;0,0000;0,0000;0,0000;0,0000;0,0000;0,1672;1,08;3,09;1;0,0000;0,00;0;1;1;7;0;0;410;2048;2048
157,1528;2,2775;14,50;2,0203;0,1353;0,0000;0,0000;0,0000;0,0000;0,0000;0,1691;1,16;3,18;1;0,0000;0,00;0;1;1;7;0;0;410;2048;2048
157,1667;2,2891;14,50;2,0234;0,1368;0,0000;0,0000;0,0000;0,0000;0,0000;0,1710;1,23;3,26;1;0,0000;0,00;0;1;1;7;0;0;410;2048;2048
157,1806;2,3450;14,50;2,0259;0,1384;0,0000;0,0000;0,0000;0,0000;0,0000;0,1730;1,31;3,34;1;0,0000;0,00;0;1;1;7;0;0;410;2048;2048
157,1944;2,4009;14,50;2,0099;0,1401;0,0000;0,0000;0,0000;0,0000;0,0000;0,1751;1,39;3,40;1;0,0000;0,00;0;1;1;7;0;0;410;2048;2048
157,2083;2,4568;14,50;1,9837;0,1418;0,0000;0,0000;0,0000;0,0000;0,0000;0,1772;1,46;3,44;1;0,0000;0,00;0;1;1;7;0;0;410;2048;2048
157,2222;2,7330;14,50;1,9294;0,1435;0,0000;0,0000;0,0000;0,0000;0,0000;0,1794;1,53;3,46;1;0,0000;0,00;0;1;1;7;0;0;410;2048;2048
157,2361;2,7330;14,50;1,8740;0,1453;0,0000;0,0000;0,0000;0,0000;0,0000;0,1816;1,60;3,48;1;0,0000;0,00;0;1;1;7;0;0;410;2048;2048
157,2500;2,7330;14,50;1,7944;0,1471;0,0000;0,0000;0,0000;0,0000;0,0000;0,1838;1,67;3,46;1;0,0000;0,00;0;1;1;7;0;0;410;2048;2048
157,2639;2,7330;14,50;1,7519;0,1489;0,0000;0,0000;0,0000;0,0000;0,0000;0,1862;1,73;3,49;1;0,0000;0,00;0;1;1;7;0;0;410;2048;2048
157,2778;2,7363;14,50;1,6901;0,1508;0,0000;0,0000;0,0000;0,0000;0,0000;0,1885;1,80;3,49;1;0,0000;0,00;0;1;1;7;0;0;410;2048;2048
157,2917;2,7922;14,50;1,6672;0,1527;0,0000;0,0000;0,0000;0,0000;0,0000;0,1909;1,86;3,53;1;0,0000;0,00;0;1;1;7;0;0;410;2048;2048
157,3056;2,8481;14,50;1,6308;0,1547;0,0000;0,0000;0,0000;0,0000;0,0000;0,1934;1,92;3,55;1;0,0000;0,00;0;1;1;7;0;0;410;2048;2048
157,3194;2,9039;14,50;1,6151;0,1567;0,0000;0,0000;0,0000;0,0000;0,0000;0,1959;1,98;3,59;1;0,0000;0,00;0;1;1;7;0;0;410;2048;2048
157,3333;2,9598;14,50;1,6030;0,1587;0,0000;0,0000;0,0000;0,0000;0,0000;0,1984;2,04;3,64;1;0,0000;0,00;0;1;1;7;0;0;410;2048;2048
157,3472;3,1893;14,50;1,5987;0,1608;0,0000;0,0000;0,0000;0,0000;0,0000;0,2010;2,10;3,70;1;0,0000;0,00;0;1;1;7;0;0;410;2048;2048
157,3611;3,1893;14,50;1,6060;0,1630;0,0000;0,0000;0,0000;0,0000;0,0000;0,2037;2,16;3,76;1;0,0000;0,00;0;1;1;9;0;0;410;2048;2048
157,3750;3,1893;14,50;1,6123;0,1651;0,0000;0,0000;0,0000;0,0000;0,0000;0,2064;2,22;3,83;1;0,0000;0,00;0;1;1;9;0;0;410;2048;2048
157,3889;3,1893;14,50;1,6369;0,1674;0,0000;0,0000;0,0000;0,0000;0,0000;0,2092;2,28;3,92;1;0,0000;0,00;0;1;1;9;0;0;410;2048;2048
157,4028;3,2392;14,50;1,6540;0,1696;0,0000;0,0000;0,0000;0,0000;0,0000;0,2121;2,34;4,00;1;0,0000;0,00;0;1;1;9;0;0;410;2048;2048
157,4167;3,2951;14,50;1,7045;0,1720;0,0000;0,0000;0,0000;0,0000;0,0000;0,2150;2,41;4,11;1;0,0000;0,00;0;1;1;9;0;0;410;2048;2048
157,4306;3,3510;14,50;1,7279;0,1744;0,0000;0,0000;0,0000;0,0000;0,0000;0,2180;2,47;4,20;1;0,0000;0,00;0;1;1;9;0;0;410;2048;2048
157,4444;3,4068;14,50;1,7702;0,1768;0,0000;0,0000;0,0000;0,0000;0,0000;0,2211;2,54;4,31;1;0,0000;0,00;0;1;1;9;0;0;410;2048;2048
157,4583;3,6453;14,50;1,7896;0,1794;0,0000;0,0000;0,0000;0,0000;0,0000;0,2242;2,61;4,40;1;0,0000;0,00;0;1;1;9;0;0;410;2048;2048
157,4722;3,6453;14,50;1,8076;0,1820;0,0000;0,0000;0,0000;0,0000;0,0000;0,2274;2,67;4,48;1;0,0000;0,00;0;1;1;9;0;0;410;2048;2048
157,4861;3,6453;14,50;1,8200;0,1846;0,0000;0,0000;0,0000;0,0000;0,0000;0,2307;2,74;4,56;1;0,0000;0,00;0;1;1;9;0;0;410;2048;2048
157,5000;3,6453;14,50;1,8310;0,1873;0,0000;0,0000;0,0000;0,0000;0,0000;0,2341;2,81;4,64;1;0,0000;0,00;0;1;1;9;0;0;410;2048;2048
157,5139;3,6861;14,50;1,8343;0,1901;0,0000;0,0000;0,0000;0,0000;0,0000;0,2376;2,88;4,71;1;0,0000;0,00;0;1;1;9;0;0;410;2048;2048
157,5278;3,7419;14,50;1,8221;0,1928;0,0000;0,0000;0,0000;0,0000;0,0000;0,2411;2,95;4,77;1;0,0000;0,00;0;1;1;9;0;0;410;2048;2048
157,5417;3,7977;14,50;1,8123;0,1957;0,0000;0,0000;0,0000;0,0000;0,0000;0,2446;3,02;4,83;1;0,0000;0,00;0;1;1;9;0;0;410;2048;2048
157,5556;3,8536;14,50;1,8023;0,1986;0,0000;0,0000;0,0000;0,0000;0,0000;0,2483;3,08;4,89;1;0,0000;0,00;0;1;1;9;0;0;410;2048;2048
157,5694;4,1016;14,50;1,7882;0,2015;0,0000;0,0000;0,0000;0,0000;0,0000;0,2519;3,15;4,94;1;0,0000;0,00;0;1;1;9;0;0;410;2048;2048
157,5833;4,1016;14,50;1,7657;0,2045;0,0000;0,0052;0,0000;0,0000;0,0000;0,2557;3,22;4,98;1;0,0000;0,00;0;1;1;9;0;0;410;2048;2037
157,5972;4,1016;14,50;1,7383;0,2076;0,0000;0,0225;0,0000;0,0000;0,0000;0,2595;3,28;5,02;1;0,0000;0,00;0;1;1;9;0;0;410;2048;2002
157,6111;4,1016;14,50;1,7023;0,2107;0,0000;0,0507;0,0000;0,0000;0,0000;0,2633;3,35;5,05;1;0,0000;0,00;0;1;1;9;0;0;410;2048;1944
157,6250;4,1327;14,30;1,6587;0,2138;0,0000;0,0828;0,0000;0,0000;0,0000;0,2672;3,41;5,07;1;0,0000;0,00;0;1;1;9;0;0;410;2048;1878
157,6389;4,1877;14,30;1,6200;0,2169;0,0000;0,1145;0,0000;0,0000;0,0000;0,2711;3,47;5,09;1;0,0000;0,00;0;1;1;9;0;0;410;2048;1813
157,6528;4,2427;14,30;1,5707;0,2200;0,0000;0,1442;0,0000;0,0000;0,0000;0,2750;3,53;5,10;1;0,0000;0,00;0;1;1;9;0;0;410;2048;1753
157,6667;4,2978;14,30;1,5095;0,2232;0,0000;0,1717;0,0000;0,0000;0,0000;0,2789;3,58;5,09;1;0,0000;0,00;0;1;1;9;0;0;410;2048;1696
157,6806;4,5575;14,30;1,4190;0,2263;0,0000;0,1970;0,0000;0,0000;0,0000;0,2829;3,64;5,05;1;0,0000;0,00;0;1;1;9;0;0;410;2048;1645
157,6944;4,5575;14,30;1,3365;0,2295;0,0000;0,2203;0,0000;0,0000;0,0000;0,2869;3,68;5,02;1;0,0000;0,00;0;1;1;9;0;0;410;2048;1597
157,7083;4,5575;14,30;1,2508;0,2327;0,0000;0,2420;0,0000;0,0000;0,0000;0,2909;3,73;4,98;1;0,0000;0,00;0;1;1;9;0;0;410;2048;1552
157,7222;4,5575;14,30;1,2048;0,2359;0,0000;0,2625;0,0000;0,0000;0,0000;0,2949;3,77;4,98;1;0,0000;0,00;0;1;1;9;0;0;410;2048;1510
157,7361;4,5729;14,30;1,1100;0,2391;0,0000;0,2820;0,0000;0,0000;0,0000;0,2989;3,81;4,92;1;0,0000;0,00;0;1;1;9;0;0;410;2048;1470
157,7500;4,6279;14,30;1,0290;0,2424;0,0000;0,3009;0,0000;0,0000;0,0000;0,3030;3,85;4,88;1;0,0000;0,00;0;1;1;9;0;0;410;2048;1432
157,7639;4,6829;14,30;0,9025;0,2456;0,0000;0,3195;0,0000;0,0000;0,0000;0,3070;3,88;4,79;1;0,0000;0,00;0;1;1;9;0;0;410;2048;1394
157,7778;4,7380;14,30;0,7986;0,2488;0,0000;0,3379;0,0000;0,0000;0,0000;0,3111;3,91;4,71;1;0,0000;0,00;0;1;1;9;0;0;410;2048;1356
157,7917;5,0127;14,30;0,5910;0,2520;0,0000;0,3562;0,0000;0,0000;0,0000;0,3150;3,93;4,53;1;0,0000;0,00;0;1;1;9;0;0;410;2048;1319
157,8056;5,0127;14,30;0,4348;0,2552;0,0000;0,3745;0,0000;0,0000;0,0000;0,3190;3,95;4,38;1;0,0000;0,00;0;1;1;9;0;0;410;2048;1281
157,8194;5,0127;14,30;0,2082;0,2583;0,0000;0,3929;0,0000;0,0000;0,0000;0,3228;3,96;4,17;1;0,0000;0,00;0;1;1;9;0;0;410;2048;1243
157,8333;5,0127;14,30;0,0478;0,2613;0,0000;0,4112;0,0000;0,0000;0,0000;0,3267;3,96;4,01;1;0,0000;0,00;0;1;1;9;0;0;410;2048;1206
157,8472;5,0131;14,30;-0,1090;0,2643;0,0000;0,4295;0,0000;0,0000;0,0000;0,3304;3,95;3,85;1;0,0000;0,00;0;1;1;9;0;0;410;2048;1168
157,8611;5,0682;14,30;-0,1792;0,2673;0,0000;0,4476;0,0000;0,0000;0,0000;0,3341;3,95;3,77;1;0,0000;0,00;0;1;1;9;0;0;410;2048;1131
157,8750;5,1232;14,30;-0,3473;0,2702;0,0000;0,4655;0,0000;0,0000;0,0000;0,3378;3,93;3,59;1;0,0000;0,00;0;1;1;9;0;0;410;2048;1095
157,8889;5,1783;14,30;-0,3347;0,2731;0,0000;0,4830;0,0000;0,0000;0,0000;0,3414;3,92;3,59;1;0,0000;0,00;0;1;1;9;0;0;410;2048;1059
157,9028;5,2333;14,30;-0,4307;0,2760;0,0000;0,5001;0,0000;0,0000;0,0000;0,3450;3,90;3,47;1;0,0000;0,00;0;1;1;9;0;0;410;2048;1024
157,9167;5,4702;14,30;-0,4169;0,2789;0,0000;0,5166;0,0000;0,0000;0,0000;0,3486;3,89;3,47;1;0,0000;0,00;0;1;1;9;0;0;410;2048;990
157,9306;5,4702;14,30;-0,4623;0,2817;0,0000;0,5325;0,0000;0,0000;0,0000;0,3521;3,87;3,41;1;0,0000;0,00;0;1;1;9;0;0;410;2048;957
157,9444;5,4702;14,30;-0,4564;0,2845;0,0000;0,5478;0,0000;0,0000;0,0000;0,3557;3,85;3,40;1;0,0000;0,00;0;1;1;9;0;0;410;2048;926
157,9583;5,4702;14,30;-0,4564;0,2874;0,0000;0,5624;0,0000;0,0000;0,0000;0,3592;3,84;3,38;1;0,0000;0,00;0;1;1;9;0;0;410;2048;896
157,9722;5,5086;14,30;-0,4638;0,2902;0,0000;0,5765;0,0000;0,0000;0,0000;0,3627;3,82;3,36;1;0,0000;0,00;0;1;1;9;0;0;410;2048;867
157,9861;5,5636;14,30;-0,4580;0,2930;0,0000;0,5900;0,0000;0,0000;0,0000;0,3662;3,80;3,34;1;0,0000;0,00;0;1;1;9;0;0;410;2048;840
158,0000;5,6187;14,30;-0,4477;0,2958;0,0000;0,6029;0,0000;0,0000;0,0000;0,3698;3,79;3,34;1;0,0000;0,00;0;1;1;9;0;0;410;2048;813
158,0139;5,6738;14,30;-0,4061;0,2986;0,0000;0,6154;0,0000;0,0000;0,0000;0,3733;3,77;3,37;1;0,0000;0,00;0;1;1;9;0;0;410;2048;788
158,0278;5,9257;14,30;-0,3648;0,3014;0,0000;0,6275;0,0000;0,0000;0,0000;0,3768;3,76;3,39;1;0,0001;0,00;0;1;1;9;0;0;410;2048;763
158,0417;5,9257;14,30;-0,2885;0,3042;0,0000;0,6391;0,0000;0,0000;0,0000;0,3803;3,75;3,46;1;0,0001;0,00;0;1;1;9;0;0;410;2048;739
158,0556;5,9257;14,30;-0,2483;0,3071;0,0000;0,6504;0,0000;0,0000;0,0000;0,3838;3,74;3,49;1;0,0001;0,00;0;1;1;9;0;0;410;2048;716
158,0694;5,9257;14,30;-0,2270;0,3099;0,0000;0,6614;0,0000;0,0000;0,0000;0,3874;3,73;3,51;1;0,0001;0,00;0;1;1;9;0;0;410;2048;693
158,0833;5,9491;14,30;-0,2232;0,3127;0,0000;0,6721;0,0000;0,0000;0,0000;0,3909;3,73;3,50;1;0,0001;0,00;0;1;1;9;0;0;410;2048;672
158,0972;6,0041;14,30;-0,2516;0,3155;0,0000;0,6825;0,0000;0,0000;0,0000;0,3944;3,72;3,47;1;0,0001;0,00;0;1;1;9;0;0;410;2048;650
158,1111;6,0592;14,30;-0,3159;0,3183;0,0000;0,6927;0,0000;0,0000;0,0000;0,3979;3,71;3,39;1;0,0001;0,00;0;1;1;9;0;0;410;2048;629
158,1250;6,1142;14,30;-0,4309;0,3210;0,0000;0,7026;0,0000;0,0000;0,0000;0,4013;3,69;3,26;1;0,0001;0,00;0;1;1;9;0;0;410;2048;609
158,1389;6,3822;14,30;-0,5329;0,3237;0,0000;0,7123;0,0000;0,0000;0,0000;0,4047;3,67;3,14;1;0,0000;0,00;0;1;1;9;0;0;410;2048;589
158,1528;6,3822;14,30;-0,6072;0,3264;0,0000;0,7218;0,0000;0,0000;0,0000;0,4080;3,65;3,04;1;0,0000;0,00;0;1;1;9;0;0;410;2048;570
158,1667;6,3822;14,30;-0,6978;0,3290;0,0000;0,7311;0,0000;0,0000;0,0000;0,4113;3,62;2,93;1;0,0000;0,00;0;1;1;9;0;0;410;2048;551
158,1806;6,3822;14,30;-0,7734;0,3316;0,0000;0,7401;0,0000;0,0000;0,0000;0,4145;3,60;2,82;1;0,0000;0,00;0;1;1;9;0;0;410;2048;532
158,1944;6,3896;14,30;-0,8766;0,3341;0,0000;0,7490;0,0000;0,0000;0,0000;0,4176;3,57;2,69;1;0,0000;0,00;0;1;1;9;0;0;410;2048;514
158,2083;6,4447;14,30;-0,9464;0,3366;0,0000;0,7576;0,0000;0,0000;0,0000;0,4207;3,53;2,58;1;0,0003;0,00;0;1;1;9;0;0;410;2048;496
158,2222;6,4998;14,30;-0,9254;0,3390;0,0000;0,7660;0,0000;0,0000;0,0000;0,4238;3,50;2,57;1;0,0006;0,00;0;1;1;9;0;0;410;2048;479
158,2361;6,5549;14,30;-0,9433;0,3415;0,0000;0,7743;0,0000;0,0000;0,0000;0,4268;3,46;2,52;1;0,0009;0,00;0;1;1;9;0;0;410;2048;462
158,2500;6,6099;14,30;-0,9435;0,3439;0,0000;0,7823;0,0000;0,0000;0,0000;0,4298;3,43;2,48;1;0,0012;0,00;0;1;1;9;0;0;410;2048;446
158,2639;6,8386;14,30;-0,9434;0,3462;0,0000;0,7901;0,0000;0,0000;0,0000;0,4328;3,39;2,45;1;0,0025;0,00;0;1;1;9;0;0;410;2048;430
158,2778;6,8386;14,30;-0,9364;0,3486;0,0000;0,7978;0,0000;0,0000;0,0000;0,4357;3,36;2,42;1;0,0025;0,00;0;1;1;9;0;0;410;2048;414
158,2917;6,8386;14,30;-0,8827;0,3509;0,0000;0,8053;0,0000;0,0000;0,0000;0,4386;3,33;2,45;1;0,0025;0,00;0;1;1;9;0;0;410;2048;399
158,3056;6,8454;14,30;-0,7095;0,3531;0,0000;0,8127;0,0000;0,0000;0,0000;0,4414;3,25;2,53;1;0,0036;0,00;0;1;1;9;0;0;410;2048;384
158,3194;6,9006;14,30;-0,3981;0,3541;0,0000;0,8198;0,0000;0,0000;0,0000;0,4426;2,83;2,42;1;0,0132;0,00;0;1;1;9;0;0;410;2048;369
158,3333;6,9557;14,30;-0,1708;0,3551;0,0000;0,8268;0,0000;0,0000;0,0000;0,4439;2,42;2,24;1;0,0228;43,93;0;1;1;9;0;0;410;2048;355
158,3472;7,0109;14,30;0,1393;0,3562;0,0000;0,8333;0,0000;0,0000;0,0000;0,4453;2,02;2,15;1;0,0323;30,94;0;1;1;9;0;0;410;2048;341
158,3611;7,2898;14,30;0,4210;0,3616;0,0000;0,8394;0,0000;0,0000;0,0000;0,4520;0,00;0,41;1;0,0807;12,40;0;1;1;4;0;0;410;2048;329
158,3750;7,2898;14,30;0,7943;0,3618;0,0000;0,8455;0,0000;0,0000;0,0000;0,4523;0,00;0,81;1;0,0807;12,40;0;1;1;4;0;0;410;2048;316
158,3889;7,2898;14,30;1,1060;0,3622;0,0000;0,8515;0,0000;0,0000;0,0000;0,4527;0,06;1,16;1;0,0807;12,40;0;1;1;4;0;0;410;2048;304
158,4028;7,2898;14,30;1,4302;0,3627;0,0000;0,8573;0,0000;0,0000;0,0000;0,4533;0,11;1,54;1;0,0807;12,40;0;1;1;4;0;0;410;2048;292
158,4167;7,3048;14,30;1,6420;0,3631;0,0000;0,8627;0,0000;0,0000;0,0000;0,4538;0,11;1,75;1;0,0801;12,48;0;1;1;4;0;0;410;2048;281
158,4306;7,3600;14,30;1,8883;0,3630;0,0000;0,8675;0,0000;0,0000;0,0000;0,4538;-0,04;1,84;1;0,0781;12,80;0;1;1;4;0;0;410;2048;271
158,4444;7,4152;14,30;2,1594;0,3632;0,0000;0,8719;0,0000;0,0000;0,0000;0,4539;-0,19;1,97;1;0,0761;13,13;0;1;1;4;0;0;410;2048;262
158,4583;7,4704;14,30;2,4546;0,3634;0,0000;0,8756;0,0000;0,0000;0,0000;0,4543;-0,32;2,13;1;0,0741;13,49;0;1;1;4;0;0;410;2048;255
158,4722;7,7375;14,30;2,6559;0,3664;0,0000;0,8789;0,0000;0,0000;0,0000;0,4580;-1,31;1,35;0;0,0645;15,50;0;1;1;4;0;0;410;2048;248
158,4861;7,7375;14,30;2,7945;0,3662;0,0000;0,8819;0,0000;0,0000;0,0000;0,4578;-1,21;1,59;0;0,0645;15,50;0;1;1;4;0;0;410;2048;242
158,5000;7,7375;14,30;2,9574;0,3662;0,0000;0,8849;0,0000;0,0000;0,0000;0,4577;-1,10;1,86;0;0,0645;15,50;0;1;1;4;0;0;410;2048;236
158,5139;7,7375;14,30;3,1811;0,3663;0,0000;0,8876;0,0000;0,0000;0,0000;0,4578;-0,98;2,20;0;0,0645;15,50;0;1;1;4;0;0;410;2048;230
158,5278;7,7597;14,30;3,3664;0,3663;0,0000;0,8900;0,0000;0,0000;0,0000;0,4579;-0,93;2,43;0;0,0642;15,57;0;1;1;4;0;0;410;2048;225
158,5417;7,8149;14,30;3,4130;0,3660;0,0000;0,8921;0,0000;0,0000;0,0000;0,4575;-1,00;2,41;0;0,0635;15,74;0;1;1;4;0;0;410;2048;221
158,5556;7,8701;14,30;3,5553;0,3659;0,0000;0,8939;0,0000;0,0000;0,0000;0,4574;-1,06;2,49;0;0,0628;15,92;0;1;1;4;0;0;410;2048;217
158,5694;7,9253;14,30;3,5764;0,3659;0,0000;0,8954;0,0000;0,0000;0,0000;0,4574;-1,12;2,45;0;0,0621;16,10;0;1;1;4;0;0;410;2048;214
158,5833;8,1938;14,30;3,5693;0,3683;0,0000;0,8966;0,0000;0,0000;0,0000;0,4604;-1,93;1,64;0;0,0587;17,04;0;1;1;4;0;0;410;2048;212
158,5972;8,1938;14,30;3,6129;0,3679;0,0000;0,8978;0,0000;0,0000;0,0000;0,4599;-1,80;1,81;0;0,0587;17,04;0;1;1;4;0;0;410;2048;209
158,6111;8,1938;14,30;3,6073;0,3676;0,0000;0,8991;0,0000;0,0000;0,0000;0,4595;-1,67;1,94;0;0,0587;17,04;0;1;1;4;0;0;410;2048;207
158,6250;8,1938;14,30;3,6099;0,3674;0,0000;0,9002;0,0000;0,0000;0,0000;0,4593;-1,53;2,08;0;0,0587;17,04;0;1;1;4;0;0;410;2048;204
158,6389;8,2135;14,30;3,5979;0,3671;0,0000;0,9012;0,0000;0,0000;0,0000;0,4589;-1,46;2,13;0;0,0586;17,07;0;1;1;4;0;0;410;2048;202
158,6528;8,2687;14,30;3,5787;0,3666;0,0000;0,9020;0,0000;0,0000;0,0000;0,4582;-1,51;2,06;0;0,0583;17,16;0;1;1;4;0;0;410;2048;201
158,6667;8,3239;14,30;3,5521;0,3661;0,0000;0,9026;0,0000;0,0000;0,0000;0,4576;-1,56;1,99;0;0,0580;17,26;0;1;1;4;0;0;410;2048;199
158,6806;8,3791;14,30;3,4573;0,3657;0,0000;0,9029;0,0000;0,0000;0,0000;0,4571;-1,62;1,84;0;0,0576;17,35;0;1;1;4;0;0;410;2048;199
158,6944;8,6501;14,30;3,3091;0,3675;0,0000;0,9030;0,0000;0,0000;0,0000;0,4594;-2,38;0,93;0;0,0561;17,82;0;1;1;4;0;0;410;2048;199
158,7083;8,6501;14,30;3,2698;0,3667;0,0000;0,9031;0,0000;0,0000;0,0000;0,4583;-2,26;1,01;0;0,0561;17,82;0;1;1;4;0;0;410;2048;198
158,7222;8,6501;14,30;3,1830;0,3659;0,0000;0,9033;0,0000;0,0000;0,0000;0,4573;-2,14;1,04;0;0,0561;17,82;0;1;1;4;0;0;410;2048;198
158,7361;8,6501;14,30;3,1237;0,3652;0,0000;0,9033;0,0000;0,0000;0,0000;0,4564;-2,03;1,10;0;0,0561;17,82;0;1;1;4;0;0;410;2048;198
158,7500;8,6667;14,30;2,9937;0,3643;0,0000;0,9031;0,0000;0,0000;0,0000;0,4554;-1,97;1,02;0;0,0561;17,83;0;1;1;4;0;0;410;2048;198
158,7639;8,7218;14,30;2,9133;0,3632;0,0000;0,9027;0,0000;0,0000;0,0000;0,4540;-2,04;0,87;0;0,0559;17,87;0;1;1;4;0;0;410;2048;199
158,7778;8,7770;14,30;2,8846;0,3621;0,0000;0,9021;0,0000;0,0000;0,0000;0,4526;-2,11;0,77;0;0,0558;17,92;0;1;1;4;0;0;410;2048;201
158,7917;8,8322;14,30;2,8668;0,3611;0,0000;0,9011;0,0000;0,0000;0,0000;0,4514;-2,18;0,69;0;0,0557;17,96;0;1;1;4;0;0;410;2048;202
158,8056;9,1068;14,30;2,8971;0,3624;0,0000;0,8999;0,0000;0,0000;0,0000;0,4530;-2,94;-0,04;0;0,0551;18,16;0;1;1;4;0;0;410;2048;205
158,8194;9,1068;14,30;2,9047;0,3610;0,0000;0,8986;0,0000;0,0000;0,0000;0,4512;-2,83;0,07;0;0,0551;18,16;0;1;1;4;0;0;410;2048;208
158,8333;9,1068;14,30;2,9509;0,3597;0,0000;0,8973;0,0000;0,0000;0,0000;0,4496;-2,73;0,22;0;0,0551;18,16;0;1;1;4;0;0;410;2048;210
158,8472;9,1068;14,30;3,0299;0,3585;0,0000;0,8959;0,0000;0,0000;0,0000;0,4481;-2,61;0,42;0;0,0551;18,16;0;1;1;4;0;0;410;2048;213
158,8611;9,1193;14,50;3,1892;0,3573;0,0000;0,8943;0,0000;0,0000;0,0000;0,4466;-2,53;0,65;0;0,0550;18,17;0;1;1;4;0;0;410;2048;216
158,8750;9,1752;14,50;3,1971;0,3558;0,0000;0,8925;0,0000;0,0000;0,0000;0,4447;-2,59;0,60;0;0,0550;18,17;0;1;1;4;0;0;410;2048;220
158,8889;9,2312;14,50;3,2622;0,3544;0,0000;0,8905;0,0000;0,0000;0,0000;0,4430;-2,65;0,61;0;0,0550;18,18;0;1;1;4;0;0;410;2048;224
158,9028;9,2871;14,50;3,3601;0,3531;0,0000;0,8882;0,0000;0,0000;0,0000;0,4414;-2,70;0,66;0;0,0550;18,19;0;1;1;4;0;0;410;2048;229
158,9167;9,5650;14,50;3,4543;0,3541;0,0000;0,8857;0,0000;0,0000;0,0000;0,4427;-3,44;0,00;0;0,0549;18,23;0;1;1;4;0;0;410;2048;234
158,9306;9,5650;14,50;3,6450;0,3526;0,0000;0,8832;0,0000;0,0000;0,0000;0,4407;-3,30;0,34;0;0,0549;18,23;0;1;1;4;0;0;410;2048;239
158,9444;9,5650;14,50;3,7238;0,3512;0,0000;0,8808;0,0000;0,0000;0,0000;0,4390;-3,16;0,56;0;0,0549;18,23;0;1;1;4;0;0;410;2048;244
158,9583;9,5650;14,50;3,7777;0,3499;0,0000;0,8783;0,0000;0,0000;0,0000;0,4373;-3,02;0,76;0;0,0549;18,23;0;1;1;4;0;0;410;2048;249
158,9722;9,5778;14,50;3,9292;0,3486;0,0000;0,8757;0,0000;0,0000;0,0000;0,4358;-2,91;1,01;0;0,0549;18,22;0;1;1;4;0;0;410;2048;254
158,9861;9,6337;14,50;4,0478;0,3471;0,0000;0,8731;0,0000;0,0000;0,0000;0,4338;-2,94;1,10;0;0,0549;18,21;0;1;1;4;0;0;410;2048;260
159,0000;9,6896;14,50;4,3364;0,3457;0,0000;0,8703;0,0000;0,0000;0,0000;0,4322;-2,95;1,38;0;0,0550;18,19;0;1;1;4;0;0;410;2048;266
159,0139;9,7456;14,50;4,3982;0,3445;0,0000;0,8673;0,0000;0,0000;0,0000;0,4307;-2,96;1,43;0;0,0550;18,18;0;1;1;4;0;0;410;2048;272
159,0278;10,0230;14,50;4,5393;0,3457;0,0000;0,8642;0,0000;0,0000;0,0000;0,4322;-3,67;0,87;0;0,0552;18,10;0;1;1;4;0;0;410;2048;278
159,0417;10,0230;14,50;4,7962;0,3443;0,0000;0,8613;0,0000;0,0000;0,0000;0,4304;-3,49;1,31;0;0,0552;18,10;0;1;1;4;0;0;410;2048;284
159,0556;10,0230;14,50;5,0612;0,3432;0,0000;0,8586;0,0000;0,0000;0,0000;0,4290;-3,30;1,76;0;0,0552;18,10;0;1;1;4;0;0;410;2048;290
159,0694;10,0230;14,50;5,2154;0,3422;0,0000;0,8559;0,0000;0,0000;0,0000;0,4278;-3,10;2,11;0;0,0552;18,10;0;1;1;4;0;0;410;2048;295
159,0833;10,0362;14,50;5,5351;0,3414;0,0000;0,8533;0,0000;0,0000;0,0000;0,4267;-2,94;2,59;0;0,0553;18,10;0;1;1;4;0;0;410;2048;301
159,0972;10,0921;14,50;5,6857;0,3403;0,0000;0,8507;0,0000;0,0000;0,0000;0,4254;-2,90;2,78;0;0,0554;18,06;0;1;1;4;0;0;410;2048;306
159,1111;10,1481;14,50;5,8805;0,3395;0,0000;0,8481;0,0000;0,0000;0,0000;0,4244;-2,86;3,02;0;0,0555;18,03;0;1;1;4;0;0;410;2048;311
159,1250;10,2041;14,50;6,0334;0,3389;0,0000;0,8455;0,0000;0,0000;0,0000;0,4236;-2,81;3,22;0;0,0555;18,00;0;1;1;4;0;0;410;2048;316
159,1389;10,4752;14,50;6,2207;0,3406;0,0000;0,8429;0,0000;0,0000;0,0000;0,4258;-3,44;2,78;0;0,0560;17,85;0;1;1;4;0;0;410;2048;322
159,1528;10,4752;14,50;6,3493;0,3399;0,0000;0,8406;0,0000;0,0000;0,0000;0,4249;-3,21;3,14;0;0,0560;17,85;0;1;1;4;0;0;410;2048;326
159,1667;10,4752;14,50;6,4126;0,3394;0,0000;0,8387;0,0000;0,0000;0,0000;0,4242;-2,96;3,45;0;0,0560;17,85;0;1;1;4;0;0;410;2048;330
159,1806;10,4752;14,50;6,5291;0,3391;0,0000;0,8370;0,0000;0,0000;0,0000;0,4239;-2,72;3,81;0;0,0560;17,85;0;1;1;4;0;0;410;2048;334
159,1944;10,4948;14,50;6,6880;0,3388;0,0000;0,8355;0,0000;0,0000;0,0000;0,4236;-2,53;4,15;0;0,0561;17,84;0;1;1;4;0;0;410;2048;337
159,2083;10,5508;14,50;6,7967;0,3385;0,0000;0,8341;0,0000;0,0000;0,0000;0,4231;-2,46;4,33;0;0,0562;17,80;0;1;1;4;0;0;410;2048;340
159,2222;10,6068;14,50;6,8270;0,3383;0,0000;0,8328;0,0000;0,0000;0,0000;0,4228;-2,38;4,44;0;0,0563;17,75;0;1;1;4;0;0;410;2048;342
159,2361;10,6628;14,50;6,8328;0,3383;0,0000;0,8316;0,0000;0,0000;0,0000;0,4228;-2,31;4,52;0;0,0565;17,71;0;1;1;4;0;0;410;2048;345
159,2500;10,9314;14,50;6,9638;0,3407;0,0000;0,8305;0,0000;0,0000;0,0000;0,4259;-2,92;4,05;0;0,0571;17,51;0;1;1;4;0;0;410;2048;347
159,2639;10,9314;14,50;7,1120;0,3406;0,0000;0,8297;0,0000;0,0000;0,0000;0,4258;-2,65;4,46;0;0,0571;17,51;0;1;1;4;0;0;410;2048;349
159,2778;10,9314;14,50;7,2027;0,3408;0,0000;0,8294;0,0000;0,0000;0,0000;0,4259;-2,38;4,82;0;0,0571;17,51;0;1;1;4;0;0;410;2048;349
159,2917;10,9314;14,50;7,3915;0,3412;0,0000;0,8293;0,0000;0,0000;0,0000;0,4265;-2,10;5,29;0;0,0571;17,51;0;1;1;4;0;0;410;2048;350
159,3056;10,9540;14,50;7,4292;0,3416;0,0000;0,8295;0,0000;0,0000;0,0000;0,4270;-1,90;5,53;0;0,0572;17,49;0;1;1;4;0;0;410;2048;349
159,3194;11,0100;14,50;7,4358;0,3419;0,0000;0,8298;0,0000;0,0000;0,0000;0,4274;-1,80;5,63;0;0,0573;17,44;0;1;1;4;0;0;410;2048;349
159,3333;11,0660;14,50;7,4215;0,3424;0,0000;0,8303;0,0000;0,0000;0,0000;0,4280;-1,71;5,71;0;0,0575;17,39;0;1;1;4;0;1;410;2048;348
159,3472;11,1220;14,50;7,4185;0,3431;0,0000;0,8309;0,0000;0,0000;0,0000;0,4289;-1,62;5,80;0;0,0577;17,34;0;1;1;4;0;1;410;2048;346
159,3611;11,3910;14,50;7,4715;0,3463;0,0000;0,8316;0,0000;0,0000;0,0000;0,4329;-2,23;5,24;0;0,0585;17,10;0;1;1;1;0;1;410;2048;345
159,3750;11,3910;14,50;7,4072;0,3468;0,0000;0,8327;0,0000;0,0000;0,0000;0,4336;-1,95;5,46;0;0,0585;17,10;0;1;1;1;0;1;410;2048;343
159,3889;11,3910;14,50;7,2872;0,3476;0,0000;0,8342;0,0000;0,0000;0,0000;0,4345;-1,68;5,61;0;0,0585;17,10;0;1;1;1;0;1;410;2048;340
159,4028;11,3910;14,50;7,0661;0,3485;0,0000;0,8360;0,0000;0,0000;0,0000;0,4356;-1,41;5,66;0;0,0585;17,10;0;1;1;1;0;1;410;2048;336
159,4167;11,4135;14,50;6,8419;0,3493;0,0000;0,8380;0,0000;0,0000;0,0000;0,4366;-1,23;5,61;0;0,0585;17,08;0;1;1;1;0;1;410;2048;332
159,4306;11,4695;14,50;6,7971;0,3499;0,0000;0,8401;0,0000;0,0000;0,0000;0,4373;-1,16;5,63;0;0,0587;17,03;0;1;1;1;0;1;410;2048;327
159,4444;11,5255;14,50;6,4059;0,3506;0,0000;0,8423;0,0000;0,0000;0,0000;0,4382;-1,11;5,29;0;0,0589;16,97;0;1;1;1;0;1;410;2048;323
159,4583;11,5815;14,50;6,3277;0,3514;0,0000;0,8444;0,0000;0,0000;0,0000;0,4393;-1,07;5,26;0;0,0591;16,92;0;1;1;1;0;1;410;2048;319
159,4722;11,8432;14,50;6,1381;0,3546;0,0000;0,8466;0,0000;0,0000;0,0000;0,4433;-1,72;4,41;0;0,0600;16,66;0;1;1;1;0;1;410;2048;314
159,4861;11,8432;14,50;5,8607;0,3551;0,0000;0,8490;0,0000;0,0000;0,0000;0,4438;-1,50;4,36;0;0,0600;16,66;0;1;1;1;0;1;410;2048;309
159,5000;11,8432;14,50;5,6031;0,3556;0,0000;0,8517;0,0000;0,0000;0,0000;0,4445;-1,29;4,31;0;0,0600;16,66;0;1;1;1;0;1;410;2048;304
159,5139;11,8432;14,50;5,3210;0,3563;0,0000;0,8545;0,0000;0,0000;0,0000;0,4453;-1,09;4,23;0;0,0600;16,66;0;1;1;1;0;0;410;2048;298
159,5278;11,8734;14,50;5,0947;0,3567;0,0000;0,8572;0,0000;0,0000;0,0000;0,4458;-1,01;4,08;0;0,0601;16,63;0;1;1;1;0;0;410;2048;292
159,5417;11,9294;14,50;4,7816;0,3568;0,0000;0,8598;0,0000;0,0000;0,0000;0,4460;-1,03;3,75;0;0,0603;16,57;0;1;1;1;0;0;410;2048;287
159,5556;11,9854;14,50;4,5139;0,3570;0,0000;0,8623;0,0000;0,0000;0,0000;0,4463;-1,05;3,46;0;0,0605;16,52;0;1;1;1;0;0;410;2048;282
159,5694;12,0413;14,50;4,2473;0,3573;0,0000;0,8646;0,0000;0,0000;0,0000;0,4466;-1,09;3,15;0;0,0608;16,46;0;1;1;1;0;0;410;2048;277
159,5833;12,2997;14,50;4,0761;0,3598;0,0000;0,8666;0,0000;0,0000;0,0000;0,4498;-1,84;2,24;0;0,0617;16,20;0;1;1;1;0;0;410;2048;273
159,5972;12,2997;14,50;3,6298;0,3595;0,0000;0,8687;0,0000;0,0000;0,0000;0,4494;-1,70;1,93;0;0,0617;16,20;0;1;1;1;0;0;410;2048;269
159,6111;12,2997;14,50;3,3621;0,3592;0,0000;0,8708;0,0000;0,0000;0,0000;0,4490;-1,58;1,78;0;0,0617;16,20;0;1;1;1;0;0;410;2048;265
159,6250;12,2997;14,50;3,4729;0,3591;0,0000;0,8727;0,0000;0,0000;0,0000;0,4488;-1,45;2,02;0;0,0617;16,20;0;1;1;1;0;0;410;2048;261
159,6389;12,3338;14,50;3,4951;0,3586;0,0000;0,8744;0,0000;0,0000;0,0000;0,4483;-1,44;2,05;0;0,0619;16,16;0;1;1;1;0;0;410;2048;257
159,6528;12,3897;14,50;3,4995;0,3581;0,0000;0,8758;0,0000;0,0000;0,0000;0,4476;-1,51;1,98;0;0,0621;16,10;0;1;1;1;0;0;410;2048;254
159,6667;12,4457;14,50;3,5515;0,3576;0,0000;0,8769;0,0000;0,0000;0,0000;0,4470;-1,58;1,97;0;0,0623;16,04;0;1;1;1;0;0;410;2048;252
159,6806;12,5017;14,50;3,5537;0,3572;0,0000;0,8777;0,0000;0,0000;0,0000;0,4465;-1,65;1,90;0;0,0626;15,98;0;1;1;1;0;0;410;2048;251
159,6944;12,7567;14,50;3,5541;0,3592;0,0000;0,8781;0,0000;0,0000;0,0000;0,4490;-2,43;1,12;0;0,0636;15,72;0;1;1;1;0;0;410;2048;250
159,7083;12,7567;14,50;3,6081;0,3584;0,0000;0,8785;0,0000;0,0000;0,0000;0,4480;-2,30;1,31;0;0,0636;15,72;0;1;1;1;0;0;410;2048;249
159,7222;12,7567;14,50;3,6529;0,3577;0,0000;0,8789;0,0000;0,0000;0,0000;0,4472;-2,16;1,49;0;0,0636;15,72;0;1;1;1;0;0;410;2048;248
159,7361;12,7567;14,50;3,6943;0,3572;0,0000;0,8789;0,0000;0,0000;0,0000;0,4465;-2,02;1,67;0;0,0636;15,72;0;1;1;1;0;0;410;2048;248
159,7500;12,7944;14,50;3,7609;0,3563;0,0000;0,8789;0,0000;0,0000;0,0000;0,4454;-2,02;1,73;0;0,0638;15,68;0;1;1;1;0;0;410;2048;248
159,7639;12,8503;14,50;3,8134;0,3554;0,0000;0,8787;0,0000;0,0000;0,0000;0,4443;-2,09;1,72;0;0,0640;15,62;0;1;1;1;0;0;410;2048;248
159,7778;12,9063;14,50;3,8610;0,3546;0,0000;0,8783;0,0000;0,0000;0,0000;0,4432;-2,15;1,71;0;0,0643;15,56;0;1;1;1;0;0;410;2048;249
159,7917;12,9622;14,50;3,8745;0,3539;0,0000;0,8776;0,0000;0,0000;0,0000;0,4423;-2,21;1,66;0;0,0645;15,50;0;1;1;1;0;0;410;2048;251
159,8056;13,2107;14,50;3,8846;0,3555;0,0000;0,8768;0,0000;0,0000;0,0000;0,4444;-2,99;0,90;0;0,0656;15,24;0;1;1;1;0;0;410;2048;252
159,8194;13,2107;14,50;3,8928;0,3544;0,0000;0,8759;0,0000;0,0000;0,0000;0,4430;-2,84;1,05;0;0,0656;15,24;0;1;1;1;0;0;410;2048;254
159,8333;13,2107;14,50;3,8400;0,3533;0,0000;0,8751;0,0000;0,0000;0,0000;0,4416;-2,70;1,14;0;0,0656;15,24;0;1;1;1;0;0;410;2048;256
159,8472;13,2107;14,50;3,8085;0,3524;0,0000;0,8743;0,0000;0,0000;0,0000;0,4405;-2,55;1,26;0;0,0656;15,24;0;1;1;1;0;0;410;2048;258
159,8611;13,2552;14,20;3,7943;0,3510;0,0000;0,8732;0,0000;0,0000;0,0000;0,4387;-2,58;1,20;0;0,0658;15,19;0;1;1;1;0;0;410;2048;260
159,8750;13,3099;14,20;3,7798;0,3496;0,0000;0,8720;0,0000;0,0000;0,0000;0,4370;-2,65;1,12;0;0,0661;15,13;0;1;1;1;0;0;410;2048;262
159,8889;13,3647;14,20;3,7503;0,3483;0,0000;0,8704;0,0000;0,0000;0,0000;0,4354;-2,73;1,02;0;0,0663;15,07;0;1;1;1;0;0;410;2048;265
159,9028;13,4195;14,20;3,7733;0,3472;0,0000;0,8686;0,0000;0,0000;0,0000;0,4339;-2,80;0,97;0;0,0666;15,02;0;1;1;1;0;0;410;2048;269
159,9167;13,6688;14,20;3,7761;0,3484;0,0000;0,8666;0,0000;0,0000;0,0000;0,4355;-3,61;0,17;0;0,0677;14,76;0;1;1;1;0;0;410;2048;273
159,9306;13,6688;14,20;3,8164;0,3468;0,0000;0,8645;0,0000;0,0000;0,0000;0,4335;-3,47;0,35;0;0,0677;14,76;0;1;1;1;0;0;410;2048;278
159,9444;13,6688;14,20;3,9552;0,3453;0,0000;0,8625;0,0000;0,0000;0,0000;0,4317;-3,32;0,63;0;0,0677;14,76;0;1;1;1;0;0;410;2048;282
159,9583;13,6688;14,20;4,0191;0,3440;0,0000;0,8604;0,0000;0,0000;0,0000;0,4300;-3,18;0,84;0;0,0677;14,76;0;1;1;1;0;0;410;2048;286
159,9722;13,7067;14,20;4,1071;0,3423;0,0000;0,8581;0,0000;0,0000;0,0000;0,4279;-3,18;0,92;0;0,0679;14,72;0;1;1;1;0;0;410;2048;291
159,9861;13,7615;14,20;4,2349;0,3406;0,0000;0,8557;0,0000;0,0000;0,0000;0,4257;-3,24;0,99;0;0,0682;14,67;0;1;1;1;0;0;410;2048;296
160,0000;13,8162;14,20;4,4403;0,3390;0,0000;0,8530;0,0000;0,0000;0,0000;0,4238;-3,29;1,14;0;0,0684;14,61;0;1;1;1;0;0;410;2048;301
160,0139;13,8710;14,20;4,7211;0,3377;0,0000;0,8500;0,0000;0,0000;0,0000;0,4221;-3,34;1,38;0;0,0687;14,55;0;1;1;1;0;0;410;2048;307
160,0278;14,1226;14,20;5,0677;0,3390;0,0000;0,8468;0,0000;0,0000;0,0000;0,4237;-4,14;0,92;0;0,0699;14,30;0;1;1;1;0;0;410;2048;314
160,0417;14,1226;14,20;5,3566;0,3374;0,0000;0,8437;0,0000;0,0000;0,0000;0,4217;-3,95;1,41;0;0,0699;14,30;0;1;1;1;0;0;410;2048;320
160,0556;14,1226;14,20;5,5720;0,3360;0,0000;0,8408;0,0000;0,0000;0,0000;0,4200;-3,75;1,83;0;0,0699;14,30;0;1;1;1;0;0;410;2048;326
160,0694;14,1226;14,20;5,8144;0,3349;0,0000;0,8379;0,0000;0,0000;0,0000;0,4186;-3,53;2,28;0;0,0699;14,30;0;1;1;1;0;0;410;2048;332
160,0833;14,1584;14,20;6,1424;0,3336;0,0000;0,8350;0,0000;0,0000;0,0000;0,4170;-3,45;2,68;0;0,0701;14,27;0;1;1;1;0;0;410;2048;338
160,0972;14,2132;14,20;6,3571;0,3322;0,0000;0,8320;0,0000;0,0000;0,0000;0,4153;-3,44;2,91;0;0,0704;14,21;0;1;1;1;0;0;410;2048;344
160,1111;14,2680;14,20;6,5654;0,3311;0,0000;0,8290;0,0000;0,0000;0,0000;0,4139;-3,43;3,13;0;0,0706;14,16;0;1;1;1;0;0;410;2048;350
160,1250;14,3228;14,30;6,7490;0,3303;0,0000;0,8259;0,0000;0,0000;0,0000;0,4129;-3,40;3,34;0;0,0709;14,11;0;1;1;1;0;0;410;2048;357
160,1389;14,5792;14,30;6,9788;0,3323;0,0000;0,8228;0,0000;0,0000;0,0000;0,4154;-4,19;2,79;0;0,0721;13,86;0;1;1;1;0;0;410;2048;363
160,1528;14,5792;14,30;7,1591;0,3312;0,0000;0,8199;0,0000;0,0000;0,0000;0,4140;-3,92;3,24;0;0,0721;13,86;0;1;1;1;0;0;410;2048;369
160,1667;14,5792;14,30;7,3117;0,3304;0,0000;0,8175;0,0000;0,0000;0,0000;0,4130;-3,65;3,66;0;0,0721;13,86;0;1;1;1;0;0;410;2048;374
160,1806;14,5792;14,30;7,3253;0,3298;0,0000;0,8152;0,0000;0,0000;0,0000;0,4122;-3,38;3,94;0;0,0721;13,86;0;1;1;1;0;0;410;2048;378
160,1944;14,6125;14,30;7,4113;0,3290;0,0000;0,8131;0,0000;0,0000;0,0000;0,4112;-3,25;4,15;0;0,0723;13,83;0;1;1;1;0;0;410;2048;383
160,2083;14,6677;14,30;7,3737;0,3281;0,0000;0,8111;0,0000;0,0000;0,0000;0,4101;-3,21;4,16;0;0,0726;13,78;0;1;1;1;0;0;410;2048;387
160,2222;14,7230;14,30;7,4387;0,3274;0,0000;0,8091;0,0000;0,0000;0,0000;0,4093;-3,17;4,27;0;0,0728;13,73;0;1;1;1;0;0;410;2048;391
160,2361;14,7782;14,30;7,4420;0,3270;0,0000;0,8071;0,0000;0,0000;0,0000;0,4087;-3,12;4,31;0;0,0731;13,68;0;1;1;1;0;0;410;2048;395
160,2500;15,0347;14,30;7,5181;0,3294;0,0000;0,8051;0,0000;0,0000;0,0000;0,4117;-3,92;3,60;0;0,0744;13,45;0;1;1;1;0;0;410;2048;399
160,2639;15,0347;14,30;7,5562;0,3287;0,0000;0,8034;0,0000;0,0000;0,0000;0,4108;-3,64;3,91;0;0,0744;13,45;0;1;1;1;0;0;410;2048;403
160,2778;15,0347;14,30;7,5930;0,3281;0,0000;0,8021;0,0000;0,0000;0,0000;0,4102;-3,36;4,23;0;0,0744;13,45;0;1;1;1;0;0;410;2048;405
160,2917;15,0347;14,30;7,6666;0,3279;0,0000;0,8010;0,0000;0,0000;0,0000;0,4098;-3,08;4,59;0;0,0744;13,45;0;1;1;1;0;0;410;2048;407
160,3056;15,0682;14,30;7,7098;0,3274;0,0000;0,8001;0,0000;0,0000;0,0000;0,4092;-2,94;4,76;0;0,0745;13,42;0;1;1;1;0;0;410;2048;409
160,3194;15,1235;14,30;7,7246;0,3268;0,0000;0,7992;0,0000;0,0000;0,0000;0,4085;-2,89;4,83;0;0,0748;13,37;0;1;1;1;0;0;410;2048;411
160,3333;15,1787;14,30;7,7507;0,3265;0,0000;0,7983;0,0000;0,0000;0,0000;0,4081;-2,85;4,90;0;0,0751;13,32;0;1;1;1;0;0;410;2048;413
160,3472;15,2339;14,30;7,7585;0,3263;0,0000;0,7973;0,0000;0,0000;0,0000;0,4079;-2,80;4,96;0;0,0753;13,27;0;1;1;1;0;0;410;2048;415
160,3611;15,4901;14,30;7,7652;0,3292;0,0000;0,7964;0,0000;0,0000;0,0000;0,4114;-3,62;4,15;0;0,0766;13,06;0;1;1;1;0;0;410;2048;417
160,3750;15,4901;14,30;7,7687;0,3287;0,0000;0,7958;0,0000;0,0000;0,0000;0,4109;-3,33;4,44;0;0,0766;13,06;0;1;1;3;0;0;410;2048;418
160,3889;15,4901;14,30;7,7591;0,3285;0,0000;0,7955;0,0000;0,0000;0,0000;0,4106;-3,05;4,71;0;0,0766;13,06;0;1;1;3;0;0;410;2048;419
160,4028;15,4901;14,30;7,7504;0,3285;0,0000;0,7955;0,0000;0,0000;0,0000;0,4106;-2,76;4,99;0;0,0766;13,06;0;1;1;3;0;0;410;2048;419
160,4167;15,5245;14,30;7,7160;0,3282;0,0000;0,7955;0,0000;0,0000;0,0000;0,4102;-2,63;5,08;0;0,0767;13,03;0;1;1;3;0;0;410;2048;419
160,4306;15,5797;14,30;7,6822;0,3278;0,0000;0,7956;0,0000;0,0000;0,0000;0,4098;-2,59;5,09;0;0,0770;12,99;0;1;1;3;0;0;410;2048;419
160,4444;15,6349;14,30;7,6482;0,3277;0,0000;0,7956;0,0000;0,0000;0,0000;0,4096;-2,55;5,09;0;0,0773;12,94;0;1;1;3;0;0;410;2048;419
160,4583;15,6902;14,30;7,5577;0,3277;0,0000;0,7955;0,0000;0,0000;0,0000;0,4097;-2,52;5,04;0;0,0775;12,90;0;1;1;3;0;0;410;2048;419
160,4722;15,9467;14,30;7,4734;0,3308;0,0000;0,7954;0,0000;0,0000;0,0000;0,4135;-3,38;4,09;0;0,0787;12,70;0;1;1;3;0;0;410;2048;419
160,4861;15,9467;14,30;7,3104;0,3304;0,0000;0,7956;0,0000;0,0000;0,0000;0,4130;-3,11;4,20;0;0,0787;12,70;0;1;1;3;0;0;410;2048;419
160,5000;15,9467;14,30;7,2013;0,3302;0,0000;0,7961;0,0000;0,0000;0,0000;0,4127;-2,84;4,36;0;0,0787;12,70;0;1;1;3;0;0;410;2048;418
160,5139;15,9467;14,30;7,0488;0,3301;0,0000;0,7967;0,0000;0,0000;0,0000;0,4126;-2,58;4,46;0;0,0787;12,70;0;1;1;3;0;0;410;2048;416
160,5278;15,9811;14,30;6,9056;0,3297;0,0000;0,7974;0,0000;0,0000;0,0000;0,4121;-2,49;4,41;0;0,0789;12,67;0;1;1;3;0;0;410;2048;415
160,5417;16,0363;14,30;6,7598;0,3292;0,0000;0,7979;0,0000;0,0000;0,0000;0,4115;-2,49;4,27;0;0,0791;12,64;0;1;1;3;0;0;410;2048;414
160,5556;16,0915;14,30;6,6200;0,3288;0,0000;0,7983;0,0000;0,0000;0,0000;0,4110;-2,49;4,12;0;0,0794;12,60;0;1;1;3;0;0;410;2048;413
160,5694;16,1467;14,30;6,4532;0,3285;0,0000;0,7986;0,0000;0,0000;0,0000;0,4107;-2,51;3,94;0;0,0796;12,56;0;1;1;3;0;0;410;2048;413
160,5833;16,4013;14,30;6,4198;0,3313;0,0000;0,7986;0,0000;0,0000;0,0000;0,4141;-3,43;2,99;0;0,0808;12,38;0;1;1;3;0;0;410;2048;412
160,5972;16,4013;14,30;6,1986;0,3305;0,0000;0,7988;0,0000;0,0000;0,0000;0,4132;-3,20;2,99;0;0,0808;12,38;0;1;1;3;0;0;410;2048;412
160,6111;16,4013;14,30;6,0226;0,3299;0,0000;0,7991;0,0000;0,0000;0,0000;0,4123;-2,98;3,04;0;0,0808;12,38;0;1;1;3;0;0;410;2048;411
160,6250;16,4013;14,30;5,8788;0,3294;0,0000;0,7995;0,0000;0,0000;0,0000;0,4117;-2,76;3,11;0;0,0808;12,38;0;1;1;3;0;0;410;2048;411
160,6389;16,4380;14,30;5,8504;0,3285;0,0000;0,7997;0,0000;0,0000;0,0000;0,4106;-2,72;3,12;0;0,0809;12,35;0;1;1;3;0;0;410;2048;410
160,6528;16,4931;14,30;5,7377;0,3274;0,0000;0,7998;0,0000;0,0000;0,0000;0,4093;-2,77;2,96;0;0,0812;12,32;0;1;1;3;0;0;410;2048;410
160,6667;16,5484;14,30;5,6760;0,3265;0,0000;0,7995;0,0000;0,0000;0,0000;0,4082;-2,82;2,85;0;0,0814;12,28;0;1;1;3;0;0;410;2048;411
160,6806;16,6036;14,30;5,6585;0,3258;0,0000;0,7989;0,0000;0,0000;0,0000;0,4073;-2,87;2,79;0;0,0816;12,25;0;1;1;3;0;0;410;2048;412
160,6944;16,8587;14,30;5,6522;0,3282;0,0000;0,7980;0,0000;0,0000;0,0000;0,4102;-3,85;1,80;0;0,0827;12,09;0;1;1;3;0;0;410;2048;414
160,7083;16,8587;14,30;5,6394;0,3269;0,0000;0,7972;0,0000;0,0000;0,0000;0,4086;-3,64;2,00;0;0,0827;12,09;0;1;1;3;0;0;410;2048;415
160,7222;16,8587;14,30;5,6205;0,3258;0,0000;0,7965;0,0000;0,0000;0,0000;0,4072;-3,43;2,19;0;0,0827;12,09;0;1;1;3;0;0;410;2048;417
160,7361;16,8587;14,30;5,6304;0,3248;0,0000;0,7958;0,0000;0,0000;0,0000;0,4060;-3,23;2,40;0;0,0827;12,09;0;1;1;3;0;0;410;2048;418
160,7500;16,8948;14,30;5,6518;0,3235;0,0000;0,7948;0,0000;0,0000;0,0000;0,4044;-3,19;2,45;0;0,0828;12,07;0;1;1;3;0;0;410;2048;420
160,7639;16,9500;14,30;5,7292;0,3221;0,0000;0,7936;0,0000;0,0000;0,0000;0,4026;-3,24;2,48;0;0,0830;12,04;0;1;1;3;0;0;410;2048;423
160,7778;17,0052;14,30;5,8447;0,3209;0,0000;0,7921;0,0000;0,0000;0,0000;0,4011;-3,29;2,54;0;0,0833;12,01;0;1;1;3;0;0;410;2048;426
160,7917;17,0604;14,30;5,9543;0,3199;0,0000;0,7903;0,0000;0,0000;0,0000;0,3998;-3,34;2,61;0;0,0835;11,98;0;1;1;3;0;0;410;2048;429
160,8056;17,3124;14,30;6,0301;0,3220;0,0000;0,7882;0,0000;0,0000;0,0000;0,4025;-4,32;1,71;0;0,0844;11,85;0;1;1;3;0;0;410;2048;434
160,8194;17,3124;14,30;6,1018;0,3205;0,0000;0,7862;0,0000;0,0000;0,0000;0,4006;-4,09;2,01;0;0,0844;11,85;0;1;1;3;0;0;410;2048;438
160,8333;17,3124;14,30;6,1990;0,3192;0,0000;0,7844;0,0000;0,0000;0,0000;0,3990;-3,86;2,33;0;0,0844;11,85;0;1;1;3;0;0;410;2048;442
160,8472;17,3124;14,30;6,2931;0,3181;0,0000;0,7826;0,0000;0,0000;0,0000;0,3977;-3,63;2,66;0;0,0844;11,85;0;1;1;3;0;0;410;2048;445
160,8611;17,3517;14,30;6,4154;0,3167;0,0000;0,7806;0,0000;0,0000;0,0000;0,3959;-3,59;2,82;0;0,0845;11,83;0;1;1;3;0;0;410;2048;449
160,8750;17,4069;14,10;6,4894;0,3152;0,0000;0,7785;0,0000;0,0000;0,0000;0,3939;-3,62;2,86;0;0,0847;11,80;0;1;1;3;0;0;410;2048;454
160,8889;17,4613;14,10;6,6136;0,3139;0,0000;0,7761;0,0000;0,0000;0,0000;0,3924;-3,64;2,96;0;0,0849;11,78;0;1;1;3;0;0;410;2048;459
160,9028;17,5157;14,10;6,6948;0,3128;0,0000;0,7735;0,0000;0,0000;0,0000;0,3910;-3,66;3,02;0;0,0851;11,76;0;1;1;3;0;0;410;2048;464
160,9167;17,7705;14,10;6,7919;0,3151;0,0000;0,7706;0,0000;0,0000;0,0000;0,3938;-4,66;2,13;0;0,0859;11,64;0;1;1;3;0;0;410;2048;470
160,9306;17,7705;14,10;6,8433;0,3136;0,0000;0,7680;0,0000;0,0000;0,0000;0,3919;-4,41;2,44;0;0,0859;11,64;0;1;1;3;0;0;410;2048;475
160,9444;17,7705;14,10;6,9080;0,3123;0,0000;0,7656;0,0000;0,0000;0,0000;0,3903;-4,16;2,75;0;0,0859;11,64;0;1;1;3;0;0;410;2048;480
160,9583;17,7705;14,10;6,9742;0,3112;0,0000;0,7633;0,0000;0,0000;0,0000;0,3890;-3,90;3,07;0;0,0859;11,64;0;1;1;3;0;0;410;2048;485
160,9722;17,8032;14,10;7,0251;0,3098;0,0000;0,7610;0,0000;0,0000;0,0000;0,3873;-3,81;3,21;0;0,0860;11,63;0;1;1;3;0;0;410;2048;490
160,9861;17,8576;14,10;7,0839;0,3083;0,0000;0,7585;0,0000;0,0000;0,0000;0,3854;-3,82;3,26;0;0,0861;11,61;0;1;1;3;0;0;410;2048;495
161,0000;17,9120;14,10;7,1148;0,3070;0,0000;0,7558;0,0000;0,0000;0,0000;0,3838;-3,83;3,28;0;0,0863;11,59;0;1;1;3;0;0;410;2048;500
161,0139;17,9665;14,10;7,1479;0,3059;0,0000;0,7530;0,0000;0,0000;0,0000;0,3824;-3,84;3,30;0;0,0864;11,57;0;1;1;3;0;0;410;2048;506
161,0278;18,2236;14,10;7,1841;0,3082;0,0000;0,7499;0,0000;0,0000;0,0000;0,3852;-4,85;2,34;0;0,0871;11,48;0;1;1;3;0;0;410;2048;512
161,0417;18,2236;14,10;7,1959;0,3066;0,0000;0,7470;0,0000;0,0000;0,0000;0,3833;-4,58;2,61;0;0,0871;11,48;0;1;1;3;0;0;410;2048;518
161,0556;18,2236;14,10;7,2101;0,3053;0,0000;0,7445;0,0000;0,0000;0,0000;0,3816;-4,32;2,89;0;0,0871;11,48;0;1;1;3;0;0;410;2048;523
161,0694;18,2236;14,10;7,2259;0,3042;0,0000;0,7421;0,0000;0,0000;0,0000;0,3802;-4,06;3,17;0;0,0871;11,48;0;1;1;3;0;0;410;2048;528
161,0833;18,2538;14,10;7,2354;0,3028;0,0000;0,7395;0,0000;0,0000;0,0000;0,3785;-3,95;3,28;0;0,0872;11,47;0;1;1;3;0;0;410;2048;533
161,0972;18,3082;14,10;7,2617;0,3012;0,0000;0,7369;0,0000;0,0000;0,0000;0,3765;-3,95;3,30;0;0,0873;11,46;0;1;1;3;0;0;410;2048;539
161,1111;18,3627;14,10;7,2896;0,2999;0,0000;0,7341;0,0000;0,0000;0,0000;0,3748;-3,96;3,32;0;0,0874;11,45;0;1;1;3;0;0;410;2048;545
161,1250;18,4171;14,10;7,3156;0,2987;0,0000;0,7310;0,0000;0,0000;0,0000;0,3734;-3,97;3,34;0;0,0875;11,43;0;1;1;3;0;0;410;2048;551
161,1389;18,6821;14,10;7,3340;0,3011;0,0000;0,7277;0,0000;0,0000;0,0000;0,3764;-5,03;2,31;0;0,0880;11,36;0;1;1;3;0;0;410;2048;558
161,1528;18,6821;14,10;7,3632;0,2995;0,0000;0,7246;0,0000;0,0000;0,0000;0,3744;-4,76;2,60;0;0,0880;11,36;0;1;1;3;0;0;410;2048;564
161,1667;18,6821;14,10;7,3868;0,2981;0,0000;0,7219;0,0000;0,0000;0,0000;0,3726;-4,49;2,90;0;0,0880;11,36;0;1;1;3;0;0;410;2048;569
161,1806;18,6821;14,10;7,4202;0,2969;0,0000;0,7193;0,0000;0,0000;0,0000;0,3711;-4,22;3,20;0;0,0880;11,36;0;1;1;3;0;0;410;2048;575
161,1944;18,7042;14,10;7,4552;0,2956;0,0000;0,7166;0,0000;0,0000;0,0000;0,3695;-4,06;3,39;0;0,0880;11,36;0;1;1;3;0;0;410;2048;580
161,2083;18,7586;14,10;7,4984;0,2940;0,0000;0,7138;0,0000;0,0000;0,0000;0,3675;-4,06;3,43;0;0,0881;11,35;0;1;1;3;0;0;410;2048;586
161,2222;18,8131;14,10;7,5578;0,2926;0,0000;0,7107;0,0000;0,0000;0,0000;0,3657;-4,06;3,49;0;0,0882;11,34;0;1;1;3;0;0;410;2048;592
161,2361;18,8675;14,10;7,6049;0,2914;0,0000;0,7074;0,0000;0,0000;0,0000;0,3643;-4,06;3,54;0;0,0882;11,34;0;1;1;3;0;0;410;2048;599
161,2500;19,1345;14,10;7,6758;0,2938;0,0000;0,7039;0,0000;0,0000;0,0000;0,3672;-5,13;2,55;0;0,0885;11,29;0;1;1;3;0;0;410;2048;606
161,2639;19,1345;14,10;7,7700;0,2922;0,0000;0,7007;0,0000;0,0000;0,0000;0,3653;-4,84;2,93;0;0,0885;11,29;0;1;1;3;0;0;410;2048;613
161,2778;19,1345;14,10;7,8625;0,2909;0,0000;0,6978;0,0000;0,0000;0,0000;0,3636;-4,56;3,31;0;0,0885;11,29;0;1;1;3;0;0;410;2048;619
161,2917;19,1345;14,10;7,9562;0,2898;0,0000;0,6949;0,0000;0,0000;0,0000;0,3623;-4,26;3,69;0;0,0885;11,29;0;1;1;3;0;0;410;2048;625
161,3056;19,1544;14,10;8,0254;0,2887;0,0000;0,6921;0,0000;0,0000;0,0000;0,3609;-4,07;3,94;0;0,0886;11,29;0;1;1;3;0;0;410;2048;631
161,3194;19,2089;14,10;8,0865;0,2872;0,0000;0,6892;0,0000;0,0000;0,0000;0,3590;-4,05;4,02;0;0,0886;11,29;0;1;1;3;0;0;410;2048;637
161,3333;19,2633;14,10;8,1482;0,2860;0,0000;0,6861;0,0000;0,0000;0,0000;0,3575;-4,03;4,11;0;0,0886;11,29;0;1;1;3;0;0;410;2048;643
161,3472;19,3178;14,10;8,1780;0,2850;0,0000;0,6828;0,0000;0,0000;0,0000;0,3563;-4,01;4,16;0;0,0886;11,28;0;1;1;3;0;0;410;2048;650
161,3611;19,5933;14,10;8,2157;0,2878;0,0000;0,6794;0,0000;0,0000;0,0000;0,3598;-5,11;3,11;0;0,0887;11,27;0;1;1;3;0;0;410;2048;657
161,3750;19,5933;14,10;8,2292;0,2864;0,0000;0,6763;0,0000;0,0000;0,0000;0,3580;-4,81;3,42;0;0,0887;11,27;0;1;1;3;0;0;410;2048;663
161,3889;19,5933;14,10;8,2407;0,2853;0,0000;0,6737;0,0000;0,0000;0,0000;0,3566;-4,51;3,73;0;0,0887;11,27;0;1;1;5;0;0;410;2048;668
161,4028;19,5933;14,10;8,2358;0,2843;0,0000;0,6712;0,0000;0,0000;0,0000;0,3554;-4,21;4,03;0;0,0887;11,27;0;1;1;5;0;0;410;2048;673
161,4167;19,6045;14,10;8,2153;0,2834;0,0000;0,6688;0,0000;0,0000;0,0000;0,3543;-3,96;4,24;0;0,0887;11,27;0;1;1;5;0;0;410;2048;678
161,4306;19,6589;14,10;8,1793;0,2821;0,0000;0,6663;0,0000;0,0000;0,0000;0,3526;-3,94;4,23;0;0,0887;11,27;0;1;1;5;0;0;410;2048;683
161,4444;19,7133;14,10;8,1179;0,2809;0,0000;0,6637;0,0000;0,0000;0,0000;0,3512;-3,92;4,19;0;0,0887;11,27;0;1;1;5;0;0;410;2048;689
161,4583;19,7678;14,10;8,0516;0,2800;0,0000;0,6608;0,0000;0,0000;0,0000;0,3500;-3,90;4,14;0;0,0887;11,28;0;1;1;5;0;0;410;2048;695
161,4722;20,0454;14,10;7,9885;0,2827;0,0000;0,6578;0,0000;0,0000;0,0000;0,3534;-5,02;2,97;0;0,0886;11,29;0;1;1;5;0;0;410;2048;701
161,4861;20,0454;14,10;7,9378;0,2813;0,0000;0,6551;0,0000;0,0000;0,0000;0,3516;-4,73;3,21;0;0,0886;11,29;0;1;1;5;0;0;410;2048;706
161,5000;20,0454;14,10;7,8415;0,2801;0,0000;0,6529;0,0000;0,0000;0,0000;0,3501;-4,44;3,40;0;0,0886;11,29;0;1;1;5;0;0;410;2048;711
161,5139;20,0454;14,10;7,7626;0,2790;0,0000;0,6507;0,0000;0,0000;0,0000;0,3488;-4,16;3,60;0;0,0886;11,29;0;1;1;5;0;0;410;2048;715
161,5278;20,0542;14,10;7,6482;0,2781;0,0000;0,6484;0,0000;0,0000;0,0000;0,3476;-3,92;3,71;0;0,0886;11,29;0;1;1;5;0;0;410;2048;720
161,5417;20,1086;14,10;7,5711;0,2765;0,0000;0,6461;0,0000;0,0000;0,0000;0,3457;-3,92;3,64;0;0,0885;11,30;0;1;1;5;0;0;410;2048;725
161,5556;20,1630;14,10;7,4599;0,2752;0,0000;0,6434;0,0000;0,0000;0,0000;0,3440;-3,93;3,53;0;0,0884;11,31;0;1;1;5;0;0;410;2048;730
161,5694;20,2174;14,10;7,3757;0,2740;0,0000;0,6405;0,0000;0,0000;0,0000;0,3425;-3,93;3,44;0;0,0884;11,32;0;1;1;5;0;0;410;2048;736
161,5833;20,2719;14,10;7,2640;0,2730;0,0000;0,6372;0,0000;0,0000;0,0000;0,3412;-3,94;3,31;0;0,0883;11,33;0;1;1;5;0;0;410;2048;743
161,5972;20,5041;14,10;7,1992;0,2749;0,0000;0,6337;0,0000;0,0000;0,0000;0,3437;-4,85;2,34;0;0,0880;11,36;0;1;1;5;0;0;410;2048;750
161,6111;20,5041;14,10;7,1576;0,2734;0,0000;0,6305;0,0000;0,0000;0,0000;0,3418;-4,59;2,56;0;0,0880;11,36;0;1;1;5;0;0;410;2048;757
161,6250;20,5041;14,10;7,1019;0,2721;0,0000;0,6275;0,0000;0,0000;0,0000;0,3401;-4,33;2,77;0;0,0880;11,36;0;1;1;5;0;0;410;2048;763
161,6389;20,5041;14,10;7,0438;0,2709;0,0000;0,6245;0,0000;0,0000;0,0000;0,3386;-4,08;2,96;0;0,0880;11,36;0;1;1;5;0;0;410;2048;769
161,6528;20,5577;14,10;6,9802;0,2691;0,0000;0,6215;0,0000;0,0000;0,0000;0,3363;-4,09;2,88;0;0,0879;11,38;0;1;1;5;0;0;410;2048;775
161,6667;20,6121;14,10;6,9573;0,2674;0,0000;0,6181;0,0000;0,0000;0,0000;0,3343;-4,11;2,84;0;0,0878;11,39;0;1;1;5;0;0;410;2048;782
161,6806;20,6665;14,10;6,9253;0,2659;0,0000;0,6143;0,0000;0,0000;0,0000;0,3324;-4,13;2,79;0;0,0877;11,40;0;1;1;5;0;0;410;2048;790
161,6944;20,7209;14,10;6,9184;0,2646;0,0000;0,6100;0,0000;0,0000;0,0000;0,3308;-4,15;2,76;0;0,0876;11,42;0;1;1;5;0;0;410;2048;799
161,7083;20,9564;14,10;6,9059;0,2663;0,0000;0,6052;0,0000;0,0000;0,0000;0,3329;-5,08;1,83;0;0,0871;11,48;0;1;1;5;0;0;410;2048;808
161,7222;20,9564;14,10;6,9150;0,2646;0,0000;0,6006;0,0000;0,0000;0,0000;0,3307;-4,83;2,09;0;0,0871;11,48;0;1;1;5;0;0;410;2048;818
161,7361;20,9564;14,10;6,9185;0,2630;0,0000;0,5963;0,0000;0,0000;0,0000;0,3287;-4,57;2,34;0;0,0871;11,48;0;1;1;5;0;0;410;2048;827
161,7500;20,9564;14,10;6,9257;0,2616;0,0000;0,5919;0,0000;0,0000;0,0000;0,3270;-4,32;2,60;0;0,0871;11,48;0;1;1;5;0;0;410;2048;836
161,7639;21,0060;14,10;6,9321;0,2596;0,0000;0,5873;0,0000;0,0000;0,0000;0,3245;-4,31;2,61;0;0,0870;11,50;0;1;1;5;0;0;410;2048;845
161,7778;21,0605;14,10;6,9302;0,2578;0,0000;0,5822;0,0000;0,0000;0,0000;0,3222;-4,33;2,59;0;0,0868;11,52;0;1;1;5;0;0;410;2048;856
161,7917;21,1149;14,10;6,9244;0,2561;0,0000;0,5766;0,0000;0,0000;0,0000;0,3201;-4,35;2,57;0;0,0867;11,54;0;1;1;5;0;0;410;2048;867
161,8056;21,1693;14,10;6,9152;0,2546;0,0000;0,5704;0,0000;0,0000;0,0000;0,3183;-4,37;2,54;0;0,0865;11,56;0;1;1;5;0;0;410;2048;880
161,8194;21,4142;14,10;6,9232;0,2563;0,0000;0,5637;0,0000;0,0000;0,0000;0,3204;-5,33;1,60;0;0,0859;11,65;0;1;1;5;0;0;410;2048;894
161,8333;21,4142;14,10;6,9110;0,2543;0,0000;0,5572;0,0000;0,0000;0,0000;0,3179;-5,07;1,84;0;0,0859;11,65;0;1;1;5;0;0;410;2048;907
161,8472;21,4142;14,10;6,9237;0,2526;0,0000;0,5510;0,0000;0,0000;0,0000;0,3157;-4,82;2,10;0;0,0859;11,65;0;1;1;5;0;0;410;2048;919
161,8611;21,4142;14,10;6,9294;0,2510;0,0000;0,5449;0,0000;0,0000;0,0000;0,3137;-4,57;2,36;0;0,0859;11,65;0;1;1;5;0;0;410;2048;932
161,8750;21,4537;14,30;6,9327;0,2491;0,0000;0,5384;0,0000;0,0000;0,0000;0,3113;-4,50;2,42;0;0,0857;11,66;0;1;1;5;0;0;410;2048;945
161,8889;21,5089;14,30;6,9384;0,2470;0,0000;0,5316;0,0000;0,0000;0,0000;0,3088;-4,52;2,41;0;0,0855;11,69;0;1;1;5;0;0;410;2048;959
161,9028;21,5640;14,30;6,9631;0,2452;0,0000;0,5243;0,0000;0,0000;0,0000;0,3065;-4,53;2,43;0;0,0854;11,72;0;1;1;5;0;0;410;2048;974
161,9167;21,6192;14,30;6,9748;0,2435;0,0000;0,5165;0,0000;0,0000;0,0000;0,3044;-4,54;2,43;0;0,0852;11,74;0;1;1;5;0;0;410;2048;990
161,9306;21,8677;14,30;6,9969;0,2450;0,0000;0,5081;0,0000;0,0000;0,0000;0,3063;-5,49;1,51;0;0,0843;11,86;0;1;1;5;0;0;410;2048;1007
161,9444;21,8677;14,30;7,0240;0,2429;0,0000;0,5001;0,0000;0,0000;0,0000;0,3037;-5,23;1,79;0;0,0843;11,86;0;1;1;5;0;0;410;2048;1024
161,9583;21,8677;14,30;7,0441;0,2411;0,0000;0,4925;0,0000;0,0000;0,0000;0,3013;-4,97;2,08;0;0,0843;11,86;0;1;1;5;0;0;410;2048;1039
161,9722;21,8677;14,30;7,0659;0,2394;0,0000;0,4849;0,0000;0,0000;0,0000;0,2992;-4,71;2,36;0;0,0843;11,86;0;1;1;5;0;0;410;2048;1055
161,9861;21,9067;14,30;7,0812;0,2373;0,0000;0,4772;0,0000;0,0000;0,0000;0,2967;-4,63;2,44;0;0,0842;11,88;0;1;1;5;0;0;410;2048;1071
162,0000;21,9619;14,30;7,0975;0,2353;0,0000;0,4692;0,0000;0,0000;0,0000;0,2941;-4,63;2,46;0;0,0839;11,91;0;1;1;5;0;0;410;2048;1087
162,0139;22,0170;14,30;7,1066;0,2334;0,0000;0,4608;0,0000;0,0000;0,0000;0,2917;-4,63;2,46;0;0,0837;11,94;0;1;1;5;0;0;410;2048;1104
162,0278;22,0722;14,30;7,1243;0,2317;0,0000;0,4521;0,0000;0,0000;0,0000;0,2896;-4,63;2,48;0;0,0835;11,98;0;1;1;5;0;0;410;2048;1122
162,0417;22,3238;14,30;7,1409;0,2332;0,0000;0,4431;0,0000;0,0000;0,0000;0,2914;-5,57;1,57;0;0,0825;12,12;0;1;1;5;0;0;410;2048;1140
162,0556;22,3238;14,30;7,1799;0,2311;0,0000;0,4345;0,0000;0,0000;0,0000;0,2888;-5,30;1,88;0;0,0825;12,12;0;1;1;5;0;0;410;2048;1158
162,0694;22,3238;14,30;7,2354;0,2292;0,0000;0,4265;0,0000;0,0000;0,0000;0,2865;-5,04;2,20;0;0,0825;12,12;0;1;1;5;0;0;410;2048;1174
162,0833;22,3238;14,30;7,3056;0,2275;0,0000;0,4187;0,0000;0,0000;0,0000;0,2844;-4,77;2,54;0;0,0825;12,12;0;1;1;5;0;0;410;2048;1190
162,0972;22,3589;14,30;7,3824;0,2256;0,0000;0,4110;0,0000;0,0000;0,0000;0,2820;-4,66;2,72;0;0,0823;12,15;0;1;1;5;0;0;410;2048;1206
162,1111;22,4141;14,30;7,4764;0,2236;0,0000;0,4032;0,0000;0,0000;0,0000;0,2795;-4,64;2,83;0;0,0821;12,18;0;1;1;5;0;0;410;2048;1222
162,1250;22,4693;14,30;7,4986;0,2218;0,0000;0,3953;0,0000;0,0000;0,0000;0,2772;-4,62;2,87;0;0,0818;12,22;0;1;1;5;0;0;410;2048;1238
162,1389;22,5245;14,50;7,5216;0,2202;0,0000;0,3874;0,0000;0,0000;0,0000;0,2753;-4,59;2,92;0;0,0816;12,26;0;1;1;5;0;0;410;2048;1255
162,1528;22,7801;14,50;7,5344;0,2218;0,0000;0,3795;0,0000;0,0000;0,0000;0,2772;-5,50;2,03;0;0,0804;12,43;0;1;1;5;0;0;410;2048;1271
162,1667;22,7801;14,50;7,5259;0,2198;0,0000;0,3721;0,0000;0,0000;0,0000;0,2748;-5,22;2,30;0;0,0804;12,43;0;1;1;5;0;0;410;2048;1286
162,1806;22,7801;14,50;7,5041;0,2181;0,0000;0,3653;0,0000;0,0000;0,0000;0,2726;-4,94;2,57;0;0,0804;12,43;0;1;1;5;0;0;410;2048;1300
162,1944;22,7801;14,50;7,4687;0,2165;0,0000;0,3589;0,0000;0,0000;0,0000;0,2707;-4,66;2,81;0;0,0804;12,43;0;1;1;5;0;0;410;2048;1313
162,2083;22,8143;14,50;7,4296;0,2147;0,0000;0,3528;0,0000;0,0000;0,0000;0,2684;-4,53;2,89;0;0,0803;12,46;0;1;1;5;0;0;410;2048;1326
162,2222;22,8703;14,50;7,4032;0,2128;0,0000;0,3468;0,0000;0,0000;0,0000;0,2660;-4,51;2,88;0;0,0800;12,50;0;1;1;5;0;0;410;2048;1338
162,2361;22,9263;14,50;7,3922;0,2111;0,0000;0,3409;0,0000;0,0000;0,0000;0,2639;-4,49;2,90;0;0,0797;12,55;0;1;1;5;0;0;410;2048;1350
162,2500;22,9822;14,50;7,3745;0,2096;0,0000;0,3354;0,0000;0,0000;0,0000;0,2620;-4,46;2,90;0;0,0794;12,59;0;1;1;5;0;0;410;2048;1361
162,2639;23,2332;14,50;7,3734;0,2111;0,0000;0,3311;0,0000;0,0000;0,0000;0,2638;-5,33;2,05;0;0,0782;12,79;0;1;1;5;0;0;410;2048;1370
162,2778;23,2332;14,50;7,3703;0,2092;0,0000;0,3275;0,0000;0,0000;0,0000;0,2615;-5,05;2,32;0;0,0782;12,79;0;1;1;5;0;0;410;2048;1377
162,2917;23,2332;14,50;7,3765;0,2075;0,0000;0,3255;0,0000;0,0000;0,0000;0,2594;-4,77;2,60;0;0,0782;12,79;0;1;1;5;0;0;410;2048;1381
162,3056;23,2332;14,50;7,3891;0,2061;0,0000;0,3260;0,0000;0,0000;0,0000;0,2576;-4,50;2,89;0;0,0782;12,79;0;1;1;5;0;0;410;2048;1380
162,3194;23,2714;14,50;7,4142;0,2043;0,0000;0,3272;0,0000;0,0000;0,0000;0,2554;-4,39;3,02;0;0,0780;12,82;0;1;1;5;0;0;410;2048;1378
162,3333;23,3273;14,50;7,4349;0,2025;0,0000;0,3279;0,0000;0,0000;0,0000;0,2531;-4,35;3,07;0;0,0777;12,87;0;1;1;5;0;0;410;2048;1376
162,3472;23,3833;14,50;7,4497;0,2009;0,0000;0,3249;0,0000;0,0000;0,0000;0,2511;-4,32;3,12;0;0,0774;12,92;0;1;1;5;0;0;410;2048;1383
162,3611;23,4393;14,50;7,4477;0,1996;0,0000;0,3140;0,0000;0,0000;0,0000;0,2494;-4,29;3,15;0;0,0771;12,97;0;1;1;5;0;0;410;2048;1405
162,3750;23,6949;14,50;7,4500;0,2012;0,0000;0,0000;0,0000;0,0000;0,0000;0,2515;-5,14;2,31;0;0,0757;13,20;0;1;1;5;0;0;410;2048;2048
162,3889;23,6949;14,50;7,4344;0,1995;0,0000;0,0044;0,0000;0,0000;0,0000;0,2494;-4,86;2,58;0;0,0757;13,20;0;1;1;8;0;0;410;2048;2039
162,4028;23,6949;14,50;7,4066;0,1980;0,0000;0,0000;0,0000;0,0000;0,0000;0,2475;-4,58;2,83;0;0,0757;13,20;0;1;1;8;0;0;410;2048;2048
162,4167;23,6949;14,50;7,3472;0,1967;0,0000;0,0000;0,0000;0,0000;0,0000;0,2459;-4,30;3,04;0;0,0757;13,20;0;1;1;8;0;0;410;2048;2048
162,4306;23,7277;14,50;7,2803;0,1951;0,0000;0,0000;0,0000;0,0000;0,0000;0,2439;-4,17;3,10;0;0,0756;13,24;0;1;1;8;0;0;410;2048;2048
162,4444;23,7837;14,50;7,1724;0,1935;0,0000;0,0000;0,0000;0,0000;0,0000;0,2418;-4,14;3,02;0;0,0752;13,29;0;1;1;8;0;0;410;2048;2048
162,4583;23,8397;14,50;7,0769;0,1920;0,0000;0,0000;0,0000;0,0000;0,0000;0,2400;-4,11;2,96;0;0,0749;13,34;0;1;1;8;0;0;410;2048;2048
162,4722;23,8956;14,50;6,9923;0,1907;0,0000;0,0000;0,0000;0,0000;0,0000;0,2383;-4,09;2,89;0;0,0746;13,40;0;1;1;8;0;0;410;2048;2048
162,4861;24,1436;14,50;6,9218;0,1920;0,0000;0,0000;0,0000;0,0000;0,0000;0,2401;-4,89;2,03;0;0,0733;13,65;0;1;1;8;0;0;410;2048;2048
162,5000;24,1436;14,50;6,8676;0,1903;0,0000;0,0000;0,0000;0,0000;0,0000;0,2379;-4,63;2,23;0;0,0733;13,65;0;1;1;8;0;0;410;2048;2048
162,5139;24,1436;14,50;6,8605;0,1888;0,0000;0,0000;0,0000;0,0000;0,0000;0,2361;-4,38;2,48;0;0,0733;13,65;0;1;1;8;0;0;410;2048;2048
162,5278;24,1436;14,50;6,8531;0,1875;0,0000;0,0000;0,0000;0,0000;0,0000;0,2344;-4,12;2,73;0;0,0733;13,65;0;1;1;8;0;0;410;2048;2048
162,5417;24,1833;14,50;6,8656;0,1859;0,0000;0,0000;0,0000;0,0000;0,0000;0,2324;-4,03;2,83;0;0,0730;13,69;0;1;1;8;0;0;410;2048;2048
162,5556;24,2393;14,50;6,8944;0,1843;0,0000;0,0000;0,0000;0,0000;0,0000;0,2303;-4,00;2,89;0;0,0727;13,75;0;1;1;8;0;0;410;2048;2048
162,5694;24,2953;14,50;6,9410;0,1829;0,0000;0,0000;0,0000;0,0000;0,0000;0,2286;-3,97;2,96;0;0,0724;13,81;0;1;1;8;0;0;410;2048;2048
162,5833;24,3512;14,50;6,9614;0,1817;0,0000;0,0000;0,0000;0,0000;0,0000;0,2271;-3,94;3,01;0;0,0721;13,87;0;1;1;8;0;0;410;2048;2048
162,5972;24,6022;14,50;6,9676;0,1832;0,0000;0,0000;0,0000;0,0000;0,0000;0,2290;-4,72;2,25;0;0,0707;14,15;0;1;1;8;0;0;410;2048;2048
162,6111;24,6022;14,50;6,9720;0,1817;0,0000;0,0000;0,0000;0,0000;0,0000;0,2271;-4,46;2,52;0;0,0707;14,15;0;1;1;8;0;0;410;2048;2048
162,6250;24,6022;14,50;6,9552;0,1803;0,0000;0,0000;0,0000;0,0000;0,0000;0,2254;-4,19;2,76;0;0,0707;14,15;0;1;1;8;0;0;410;2048;2048
162,6389;24,6022;14,50;6,9216;0,1792;0,0000;0,0000;0,0000;0,0000;0,0000;0,2240;-3,94;2,99;0;0,0707;14,15;0;1;1;8;0;0;410;2048;2048
162,6528;24,6384;14,50;6,8559;0,1778;0,0000;0,0000;0,0000;0,0000;0,0000;0,2222;-3,82;3,03;0;0,0704;14,20;0;1;1;8;0;0;410;2048;2048
162,6667;24,6944;14,50;6,7539;0,1763;0,0000;0,0000;0,0000;0,0000;0,0000;0,2203;-3,79;2,95;0;0,0701;14,26;0;1;1;8;0;0;410;2048;2048
162,6806;24,7503;14,50;6,6450;0,1749;0,0000;0,0000;0,0000;0,0000;0,0000;0,2187;-3,77;2,87;0;0,0698;14,33;0;1;1;8;0;0;410;2048;2048
162,6944;24,8063;14,50;6,5255;0,1737;0,0000;0,0000;0,0000;0,0000;0,0000;0,2172;-3,75;2,77;0;0,0695;14,39;0;1;1;8;0;0;410;2048;2048
162,7083;25,0569;14,50;6,3124;0,1751;0,0000;0,0000;0,0000;0,0000;0,0000;0,2189;-4,51;1,81;0;0,0680;14,70;0;1;1;8;0;0;410;2048;2048
162,7222;25,0569;14,50;6,1062;0,1735;0,0000;0,0000;0,0000;0,0000;0,0000;0,2169;-4,28;1,83;0;0,0680;14,70;0;1;1;8;0;0;410;2048;2048
162,7361;25,0569;14,50;5,9096;0,1720;0,0000;0,0000;0,0000;0,0000;0,0000;0,2150;-4,06;1,85;0;0,0680;14,70;0;1;1;8;0;0;410;2048;2048
162,7500;25,0569;14,50;5,7081;0,1705;0,0000;0,0000;0,0000;0,0000;0,0000;0,2132;-3,84;1,86;0;0,0680;14,70;0;1;1;8;0;0;410;2048;2048
162,7639;25,0927;14,50;5,6124;0,1688;0,0000;0,0000;0,0000;0,0000;0,0000;0,2111;-3,77;1,83;0;0,0678;14,74;0;1;1;8;0;0;410;2048;2048
162,7778;25,1486;14,50;5,4744;0,1670;0,0000;0,0000;0,0000;0,0000;0,0000;0,2088;-3,78;1,69;0;0,0675;14,81;0;1;1;8;0;0;410;2048;2048
162,7917;25,2046;14,50;5,3942;0,1653;0,0000;0,0000;0,0000;0,0000;0,0000;0,2067;-3,79;1,59;0;0,0672;14,89;0;1;1;8;0;0;410;2048;2048
162,8056;25,2605;14,50;5,3081;0,1638;0,0000;0,0000;0,0000;0,0000;0,0000;0,2047;-3,81;1,49;0;0,0669;14,96;0;1;1;8;0;0;410;2048;2048
162,8194;25,5096;14,50;5,2747;0,1646;0,0000;0,0000;0,0000;0,0000;0,0000;0,2058;-4,56;0,71;0;0,0654;15,29;0;1;1;8;0;0;410;2048;2048
162,8333;25,5096;14,50;5,2004;0,1627;0,0000;0,0000;0,0000;0,0000;0,0000;0,2033;-4,37;0,83;0;0,0654;15,29;0;1;1;8;0;0;410;2048;2048
162,8472;25,5096;14,50;5,1511;0,1609;0,0000;0,0000;0,0000;0,0000;0,0000;0,2011;-4,18;0,97;0;0,0654;15,29;0;1;1;8;0;0;410;2048;2048
162,8611;25,5096;14,50;5,0975;0,1592;0,0000;0,0000;0,0000;0,0000;0,0000;0,1990;-3,99;1,11;0;0,0654;15,29;0;1;1;8;0;0;410;2048;2048
162,8750;25,5462;14,50;5,0616;0,1572;0,0000;0,0000;0,0000;0,0000;0,0000;0,1965;-3,94;1,12;0;0,0652;15,34;0;1;1;8;0;0;410;2048;2048
162,8889;25,6021;14,50;5,0244;0,1551;0,0000;0,0000;0,0000;0,0000;0,0000;0,1939;-3,95;1,07;0;0,0649;15,41;0;1;1;8;0;0;410;2048;2048
162,9028;25,6580;14,50;4,9785;0,1532;0,0000;0,0000;0,0000;0,0000;0,0000;0,1915;-3,97;1,00;0;0,0646;15,49;0;1;1;8;0;0;410;2048;2048
162,9167;25,7140;14,50;4,9692;0,1514;0,0000;0,0000;0,0000;0,0000;0,0000;0,1892;-3,99;0,97;0;0,0642;15,57;0;1;1;8;0;0;410;2048;2048
162,9306;25,9728;14,50;4,9527;0,1521;0,0000;0,0000;0,0000;0,0000;0,0000;0,1901;-4,75;0,20;0;0,0628;15,93;0;1;1;8;0;0;410;2048;2048
162,9444;25,9728;14,50;4,9579;0,1499;0,0000;0,0000;0,0000;0,0000;0,0000;0,1874;-4,57;0,39;0;0,0628;15,93;0;1;1;8;0;0;410;2048;2048
162,9583;25,9728;14,50;4,9604;0,1479;0,0000;0,0000;0,0000;0,0000;0,0000;0,1848;-4,38;0,58;0;0,0628;15,93;0;1;1;8;0;0;410;2048;2048
162,9722;25,9728;14,50;4,9785;0,1460;0,0000;0,0000;0,0000;0,0000;0,0000;0,1825;-4,20;0,78;0;0,0628;15,93;0;1;1;8;0;0;410;2048;2048
162,9861;25,9988;14,50;5,0057;0,1440;0,0000;0,0000;0,0000;0,0000;0,0000;0,1800;-4,10;0,90;0;0,0626;15,97;0;1;1;8;0;0;410;2048;2048
163,0000;26,0547;14,50;5,0664;0,1418;0,0000;0,0000;0,0000;0,0000;0,0000;0,1772;-4,11;0,95;0;0,0623;16,05;0;1;1;8;0;0;410;2048;2048
163,0139;26,1107;14,50;5,1347;0,1398;0,0000;0,0000;0,0000;0,0000;0,0000;0,1747;-4,11;1,02;0;0,0620;16,14;0;1;1;8;0;0;410;2048;2048
163,0278;26,1666;14,50;5,2234;0,1380;0,0000;0,0000;0,0000;0,0000;0,0000;0,1724;-4,11;1,10;0;0,0617;16,22;0;1;1;8;0;0;410;2048;2048
163,0417;26,4211;14,50;5,3138;0,1384;0,0000;0,0000;0,0000;0,0000;0,0000;0,1731;-4,81;0,50;0;0,0602;16,61;0;1;1;8;0;0;410;2048;2048
163,0556;26,4211;14,50;5,4112;0,1363;0,0000;0,0000;0,0000;0,0000;0,0000;0,1704;-4,61;0,80;0;0,0602;16,61;0;1;1;8;0;0;410;2048;2048
163,0694;26,4211;14,50;5,5359;0,1345;0,0000;0,0000;0,0000;0,0000;0,0000;0,1681;-4,40;1,14;0;0,0602;16,61;0;1;1;8;0;0;410;2048;2048
163,0833;26,4211;14,50;5,6620;0,1328;0,0000;0,0000;0,0000;0,0000;0,0000;0,1660;-4,19;1,47;0;0,0602;16,61;0;1;1;8;0;0;410;2048;2048
163,0972;26,4508;14,50;5,7738;0,1310;0,0000;0,0000;0,0000;0,0000;0,0000;0,1637;-4,07;1,70;0;0,0601;16,65;0;1;1;8;0;0;410;2048;2048
163,1111;26,5067;14,50;5,8284;0,1291;0,0000;0,0000;0,0000;0,0000;0,0000;0,1613;-4,04;1,78;0;0,0597;16,74;0;1;1;8;0;0;410;2048;2048
163,1250;26,5627;14,50;5,9182;0,1274;0,0000;0,0000;0,0000;0,0000;0,0000;0,1592;-4,01;1,90;0;0,0594;16,82;0;1;1;8;0;0;410;2048;2048
163,1389;26,6186;14,50;5,9700;0,1258;0,0000;0,0000;0,0000;0,0000;0,0000;0,1573;-3,97;1,99;0;0,0591;16,91;0;1;1;8;0;0;410;2048;2048
163,1528;26,8765;14,50;6,0391;0,1266;0,0000;0,0000;0,0000;0,0000;0,0000;0,1583;-4,62;1,42;0;0,0577;17,33;0;1;1;8;0;0;410;2048;2048
163,1667;26,8765;14,50;6,0834;0,1249;0,0000;0,0000;0,0000;0,0000;0,0000;0,1561;-4,39;1,69;0;0,0577;17,33;0;1;1;8;0;0;410;2048;2048
163,1806;26,8765;14,50;6,1299;0,1233;0,0000;0,0000;0,0000;0,0000;0,0000;0,1541;-4,16;1,97;0;0,0577;17,33;0;1;1;8;0;0;410;2048;2048
163,1944;26,8765;14,50;6,1428;0,1219;0,0000;0,0000;0,0000;0,0000;0,0000;0,1524;-3,93;2,21;0;0,0577;17,33;0;1;1;8;0;0;410;2048;2048
163,2083;26,9025;14,50;6,1588;0,1205;0,0000;0,0000;0,0000;0,0000;0,0000;0,1506;-3,79;2,37;0;0,0576;17,37;0;1;1;8;0;0;410;2048;2048
163,2222;26,9584;14,50;6,1625;0,1189;0,0000;0,0000;0,0000;0,0000;0,0000;0,1486;-3,73;2,42;0;0,0573;17,46;0;1;1;8;0;0;410;2048;2048
163,2361;27,0144;14,50;6,1586;0,1175;0,0000;0,0000;0,0000;0,0000;0,0000;0,1468;-3,68;2,47;0;0,0570;17,55;0;1;1;8;0;0;410;2048;2048
163,2500;27,0704;14,50;6,1445;0,1162;0,0000;0,0000;0,0000;0,0000;0,0000;0,1453;-3,64;2,50;0;0,0567;17,65;0;1;1;8;0;0;410;2048;2048
163,2639;27,3405;14,50;6,1244;0,1174;0,0000;0,0000;0,0000;0,0000;0,0000;0,1467;-4,28;1,85;0;0,0552;18,11;0;1;1;8;0;0;410;2048;2048
163,2778;27,3405;14,50;6,1083;0,1159;0,0000;0,0000;0,0000;0,0000;0,0000;0,1449;-4,05;2,06;0;0,0552;18,11;0;1;1;8;0;0;410;2048;2048
163,2917;27,3405;14,50;6,0929;0,1146;0,0000;0,0000;0,0000;0,0000;0,0000;0,1433;-3,82;2,27;0;0,0552;18,11;0;1;1;8;0;0;410;2048;2048
163,3056;27,3405;14,50;6,0809;0,1135;0,0000;0,0000;0,0000;0,0000;0,0000;0,1419;-3,59;2,49;0;0,0552;18,11;0;1;1;8;0;0;410;2048;2048
163,3194;27,3538;14,50;6,0706;0,1124;0,0000;0,0000;0,0000;0,0000;0,0000;0,1405;-3,41;2,66;0;0,0551;18,13;0;1;1;8;0;0;410;2048;2048
163,3333;27,4097;14,50;6,0653;0,1111;0,0000;0,0000;0,0000;0,0000;0,0000;0,1389;-3,35;2,71;0;0,0549;18,23;0;1;1;8;0;0;410;2048;2048
163,3472;27,4657;14,50;6,0629;0,1100;0,0000;0,0000;0,0000;0,0000;0,0000;0,1375;-3,30;2,76;0;0,0546;18,33;0;1;1;8;0;0;410;2048;2048
163,3611;27,5217;14,50;6,0661;0,1090;0,0000;0,0000;0,0000;0,0000;0,0000;0,1363;-3,24;2,82;0;0,0543;18,42;0;1;1;8;0;0;410;2048;2048
163,3750;27,7866;14,50;6,0804;0,1102;0,0000;0,0000;0,0000;0,0000;0,0000;0,1378;-3,84;2,24;0;0,0529;18,90;0;1;1;8;0;0;410;2048;2048
163,3889;27,7866;14,50;6,1024;0,1091;0,0000;0,0000;0,0000;0,0000;0,0000;0,1364;-3,61;2,49;0;0,0529;18,90;0;1;1;3;0;0;410;2048;2048
163,4028;27,7866;14,50;6,1389;0,1082;0,0000;0,0000;0,0000;0,0000;0,0000;0,1352;-3,38;2,76;0;0,0529;18,90;0;1;1;3;0;0;410;2048;2048
163,4167;27,7866;14,50;6,1817;0,1074;0,0000;0,0000;0,0000;0,0000;0,0000;0,1343;-3,15;3,04;0;0,0529;18,90;0;1;1;3;0;0;410;2048;2048
163,4306;27,8048;14,50;6,2198;0,1067;0,0000;0,0000;0,0000;0,0000;0,0000;0,1334;-2,97;3,25;0;0,0528;18,94;0;1;1;3;0;0;410;2048;2048
163,4444;27,8607;14,50;6,2317;0,1058;0,0000;0,0000;0,0000;0,0000;0,0000;0,1322;-2,90;3,33;0;0,0525;19,04;0;1;1;3;0;0;410;2048;2048
163,4583;27,9167;14,50;6,2418;0,1051;0,0000;0,0000;0,0000;0,0000;0,0000;0,1313;-2,83;3,41;0;0,0522;19,14;0;1;1;3;0;0;410;2048;2048
163,4722;27,9727;14,50;6,2300;0,1045;0,0000;0,0000;0,0000;0,0000;0,0000;0,1307;-2,76;3,46;0;0,0520;19,24;0;1;1;3;0;0;410;2048;2048
163,4861;28,2428;14,50;6,2234;0,1062;0,0000;0,0000;0,0000;0,0000;0,0000;0,1328;-3,33;2,89;0;0,0506;19,76;0;1;1;3;0;0;410;2048;2048
163,5000;28,2428;14,50;6,1900;0,1055;0,0000;0,0000;0,0000;0,0000;0,0000;0,1319;-3,10;3,09;0;0,0506;19,76;0;1;1;3;0;0;410;2048;2048
163,5139;28,2428;14,50;6,1605;0,1050;0,0000;0,0000;0,0000;0,0000;0,0000;0,1312;-2,87;3,29;0;0,0506;19,76;0;1;1;3;0;0;410;2048;2048
163,5278;28,2428;14,50;6,1170;0,1046;0,0000;0,0000;0,0000;0,0000;0,0000;0,1307;-2,64;3,48;0;0,0506;19,76;0;1;1;3;0;0;410;2048;2048
163,5417;28,2557;14,50;6,0704;0,1043;0,0000;0,0000;0,0000;0,0000;0,0000;0,1303;-2,45;3,62;0;0,0506;19,78;0;1;1;3;0;0;410;2048;2048
163,5556;28,3117;14,50;6,0341;0,1037;0,0000;0,0000;0,0000;0,0000;0,0000;0,1297;-2,38;3,65;0;0,0503;19,87;0;1;1;3;0;0;410;2048;2048
163,5694;28,3676;14,50;6,0126;0,1033;0,0000;0,0000;0,0000;0,0000;0,0000;0,1292;-2,31;3,70;0;0,0501;19,97;0;1;1;3;0;0;410;2048;2048
163,5833;28,4236;14,50;5,9773;0,1031;0,0000;0,0000;0,0000;0,0000;0,0000;0,1289;-2,25;3,73;0;0,0498;20,07;0;1;1;3;0;0;410;2048;2048
163,5972;28,7094;14,50;5,9704;0,1052;0,0000;0,0000;0,0000;0,0000;0,0000;0,1315;-2,83;3,14;0;0,0486;20,58;0;1;1;3;0;0;410;2048;2048
163,6111;28,7094;14,50;5,9560;0,1048;0,0000;0,0000;0,0000;0,0000;0,0000;0,1310;-2,61;3,35;0;0,0486;20,58;0;1;1;3;0;0;410;2048;2048
163,6250;28,7094;14,50;5,9658;0,1046;0,0000;0,0000;0,0000;0,0000;0,0000;0,1308;-2,38;3,58;0;0,0486;20,58;0;1;1;3;0;0;410;2048;2048
163,6389;28,7094;14,50;5,9632;0,1046;0,0000;0,0000;0,0000;0,0000;0,0000;0,1308;-2,16;3,80;0;0,0486;20,58;0;1;1;3;0;0;410;2048;2048
163,6528;28,7094;14,50;5,9808;0,1048;0,0000;0,0000;0,0000;0,0000;0,0000;0,1310;-1,94;4,04;0;0,0486;20,58;0;1;1;3;0;0;410;2048;2048
163,6667;28,7625;14,50;5,9922;0,1047;0,0000;0,0000;0,0000;0,0000;0,0000;0,1308;-1,86;4,13;0;0,0488;20,47;0;1;1;3;0;0;410;2048;2048
163,6806;28,8185;14,50;6,0151;0,1047;0,0000;0,0000;0,0000;0,0000;0,0000;0,1308;-1,80;4,21;0;0,0491;20,36;0;1;1;3;0;0;410;2048;2048
163,6944;28,8745;14,50;6,0265;0,1048;0,0000;0,0000;0,0000;0,0000;0,0000;0,1310;-1,73;4,29;0;0,0494;20,25;0;1;1;3;0;0;410;2048;2048
163,7083;28,9305;14,50;6,0524;0,1052;0,0000;0,0000;0,0000;0,0000;0,0000;0,1315;-1,66;4,39;0;0,0497;20,14;0;1;1;3;0;0;410;2048;2048
163,7222;29,1750;14,50;6,0732;0,1075;0,0000;0,0000;0,0000;0,0000;0,0000;0,1344;-2,13;3,94;0;0,0508;19,67;0;1;1;3;0;0;410;2048;2048
163,7361;29,1750;14,50;6,0980;0,1077;0,0000;0,0000;0,0000;0,0000;0,0000;0,1346;-1,90;4,19;0;0,0508;19,67;0;1;1;3;0;0;410;2048;2048
163,7500;29,1750;14,50;6,1172;0,1081;0,0000;0,0000;0,0000;0,0000;0,0000;0,1351;-1,67;4,44;0;0,0508;19,67;0;1;1;3;0;0;410;2048;2048
163,7639;29,1750;14,50;6,1217;0,1087;0,0000;0,0000;0,0000;0,0000;0,0000;0,1359;-1,44;4,68;0;0,0508;19,67;0;1;1;3;0;0;410;2048;2048
163,7778;29,2136;14,50;6,1131;0,1091;0,0000;0,0000;0,0000;0,0000;0,0000;0,1364;-1,33;4,78;0;0,0510;19,60;0;1;1;3;0;0;410;2048;2048
163,7917;29,2695;14,50;6,0653;0,1095;0,0000;0,0000;0,0000;0,0000;0,0000;0,1369;-1,27;4,79;0;0,0513;19,49;0;1;1;3;0;0;410;2048;2048
163,8056;29,3255;14,50;5,9927;0,1100;0,0000;0,0000;0,0000;0,0000;0,0000;0,1376;-1,21;4,78;0;0,0516;19,38;0;1;1;3;0;0;410;2048;2048
163,8194;29,3815;14,50;5,9022;0,1108;0,0000;0,0000;0,0000;0,0000;0,0000;0,1384;-1,16;4,74;0;0,0519;19,28;0;1;1;3;0;0;410;2048;2048
163,8333;29,6302;14,50;5,8197;0,1134;0,0000;0,0000;0,0000;0,0000;0,0000;0,1418;-1,68;4,14;0;0,0531;18,83;0;1;1;3;0;0;410;2048;2048
163,8472;29,6302;14,50;5,7322;0,1139;0,0000;0,0000;0,0000;0,0000;0,0000;0,1424;-1,46;4,27;0;0,0531;18,83;0;1;1;3;0;0;410;2048;2048
163,8611;29,6302;14,50;5,6607;0,1145;0,0000;0,0000;0,0000;0,0000;0,0000;0,1431;-1,25;4,41;0;0,0531;18,83;0;1;1;3;0;0;410;2048;2048
163,8750;29,6302;14,60;5,6292;0,1153;0,0000;0,0000;0,0000;0,0000;0,0000;0,1441;-1,04;4,59;0;0,0531;18,83;0;1;1;3;0;0;410;2048;2048
163,8889;29,6652;14,60;5,5920;0,1159;0,0000;0,0000;0,0000;0,0000;0,0000;0,1449;-0,94;4,65;0;0,0533;18,76;0;1;1;3;0;0;410;2048;2048
163,9028;29,7215;14,60;5,5503;0,1164;0,0000;0,0000;0,0000;0,0000;0,0000;0,1455;-0,90;4,65;0;0,0536;18,66;0;1;1;3;0;0;410;2048;2048
163,9167;29,7779;14,60;5,5289;0,1171;0,0000;0,0000;0,0000;0,0000;0,0000;0,1464;-0,87;4,66;0;0,0539;18,56;0;1;1;3;0;0;410;2048;2048
163,9306;29,8343;14,60;5,4905;0,1180;0,0000;0,0000;0,0000;0,0000;0,0000;0,1475;-0,84;4,65;0;0,0542;18,46;0;1;1;3;0;0;410;2048;2048
163,9444;30,0763;14,60;5,4610;0,1208;0,0000;0,0000;0,0000;0,0000;0,0000;0,1510;-1,38;4,08;0;0,0554;18,04;0;1;1;3;0;0;410;2048;2048
163,9583;30,0763;14,60;5,4292;0,1214;0,0000;0,0000;0,0000;0,0000;0,0000;0,1518;-1,18;4,25;0;0,0554;18,04;0;1;1;3;0;0;410;2048;2048
163,9722;30,0763;14,60;5,3954;0,1222;0,0000;0,0000;0,0000;0,0000;0,0000;0,1527;-0,97;4,42;0;0,0554;18,04;0;1;1;3;0;0;410;2048;2048
163,9861;30,0763;14,60;5,3740;0,1231;0,0000;0,0000;0,0000;0,0000;0,0000;0,1538;-0,77;4,60;0;0,0554;18,04;0;1;1;3;0;0;410;2048;2048
164,0000;30,1199;14,60;5,3268;0,1237;0,0000;0,0000;0,0000;0,0000;0,0000;0,1546;-0,71;4,61;0;0,0557;17,96;0;1;1;3;0;0;410;2048;2048
164,0139;30,1762;14,60;5,3134;0,1243;0,0000;0,0000;0,0000;0,0000;0,0000;0,1554;-0,69;4,62;0;0,0560;17,86;0;1;1;3;0;0;410;2048;2048
164,0278;30,2326;14,60;5,2846;0,1251;0,0000;0,0000;0,0000;0,0000;0,0000;0,1564;-0,68;4,60;0;0,0563;17,77;0;1;1;3;0;0;410;2048;2048
164,0417;30,2889;14,60;5,2903;0,1260;0,0000;0,0000;0,0000;0,0000;0,0000;0,1575;-0,66;4,63;0;0,0566;17,67;0;1;1;3;0;0;410;2048;2048
164,0556;30,5413;14,60;5,2843;0,1291;0,0000;0,0000;0,0000;0,0000;0,0000;0,1614;-1,28;4,00;0;0,0579;17,26;0;1;1;3;0;0;410;2048;2048
164,0694;30,5413;14,60;5,3024;0,1298;0,0000;0,0000;0,0000;0,0000;0,0000;0,1622;-1,08;4,22;0;0,0579;17,26;0;1;1;3;0;0;410;2048;2048
164,0833;30,5413;14,60;5,3066;0,1306;0,0000;0,0000;0,0000;0,0000;0,0000;0,1632;-0,88;4,43;0;0,0579;17,26;0;1;1;3;0;0;410;2048;2048
164,0972;30,5413;14,60;5,3149;0,1315;0,0000;0,0000;0,0000;0,0000;0,0000;0,1644;-0,68;4,64;0;0,0579;17,26;0;1;1;3;0;0;410;2048;2048
164,1111;30,5750;14,60;5,3062;0,1323;0,0000;0,0000;0,0000;0,0000;0,0000;0,1654;-0,59;4,71;0;0,0581;17,20;0;1;1;3;0;0;410;2048;2048
164,1250;30,6314;14,60;5,2930;0,1330;0,0000;0,0000;0,0000;0,0000;0,0000;0,1662;-0,58;4,70;0;0,0584;17,11;0;1;1;3;0;0;410;2048;2048
164,1389;30,6877;14,60;5,2732;0,1338;0,0000;0,0000;0,0000;0,0000;0,0000;0,1672;-0,58;4,69;0;0,0588;17,02;0;1;1;3;0;0;410;2048;2048
164,1528;30,7441;14,60;5,2640;0,1348;0,0000;0,0000;0,0000;0,0000;0,0000;0,1685;-0,57;4,69;0;0,0591;16,93;0;1;1;3;0;0;410;2048;2048
164,1667;30,9956;14,60;5,2656;0,1380;0,0000;0,0000;0,0000;0,0000;0,0000;0,1725;-1,23;4,04;0;0,0605;16,54;0;1;1;3;0;0;410;2048;2048
164,1806;30,9956;14,60;5,2761;0,1387;0,0000;0,0000;0,0000;0,0000;0,0000;0,1733;-1,03;4,25;0;0,0605;16,54;0;1;1;3;0;0;410;2048;2048
164,1944;30,9956;14,60;5,2914;0,1395;0,0000;0,0000;0,0000;0,0000;0,0000;0,1744;-0,83;4,47;0;0,0605;16,54;0;1;1;3;0;0;410;2048;2048
164,2083;30,9956;14,60;5,2910;0,1405;0,0000;0,0000;0,0000;0,0000;0,0000;0,1756;-0,63;4,66;0;0,0605;16,54;0;1;1;3;0;0;410;2048;2048
164,2222;31,0306;14,60;5,2806;0,1413;0,0000;0,0000;0,0000;0,0000;0,0000;0,1766;-0,55;4,73;0;0,0607;16,48;0;1;1;3;0;0;410;2048;2048
164,2361;31,0869;14,60;5,2468;0,1420;0,0000;0,0000;0,0000;0,0000;0,0000;0,1775;-0,55;4,69;0;0,0610;16,40;0;1;1;3;0;0;410;2048;2048
164,2500;31,1433;14,60;5,2266;0,1428;0,0000;0,0000;0,0000;0,0000;0,0000;0,1785;-0,55;4,67;0;0,0613;16,31;0;1;1;3;0;0;410;2048;2048
164,2639;31,1996;14,60;5,2056;0,1438;0,0000;0,0000;0,0000;0,0000;0,0000;0,1797;-0,56;4,65;0;0,0616;16,23;0;1;1;3;0;0;410;2048;2048
164,2778;31,4457;14,60;5,2006;0,1470;0,0000;0,0000;0,0000;0,0000;0,0000;0,1838;-1,23;3,97;0;0,0630;15,87;0;1;1;3;0;0;410;2048;2048
164,2917;31,4457;14,60;5,2040;0,1477;0,0000;0,0000;0,0000;0,0000;0,0000;0,1846;-1,03;4,17;0;0,0630;15,87;0;1;1;3;0;0;410;2048;2048
164,3056;31,4457;14,60;5,2120;0,1485;0,0000;0,0000;0,0000;0,0000;0,0000;0,1856;-0,84;4,38;0;0,0630;15,87;0;1;1;3;0;0;410;2048;2048
164,3194;31,4457;14,60;5,2227;0,1495;0,0000;0,0000;0,0000;0,0000;0,0000;0,1868;-0,64;4,58;0;0,0630;15,87;0;1;1;3;0;0;410;2048;2048
164,3333;31,4867;14,60;5,2395;0,1501;0,0000;0,0000;0,0000;0,0000;0,0000;0,1877;-0,59;4,64;0;0,0632;15,81;0;1;1;3;0;0;410;2048;2048
164,3472;31,5430;14,60;5,2612;0,1508;0,0000;0,0000;0,0000;0,0000;0,0000;0,1885;-0,60;4,66;0;0,0636;15,73;0;1;1;3;0;0;410;2048;2048
164,3611;31,5994;14,60;5,2852;0,1516;0,0000;0,0000;0,0000;0,0000;0,0000;0,1895;-0,61;4,67;0;0,0639;15,65;0;1;1;3;0;0;410;2048;2048
164,3750;31,6557;14,60;5,3242;0,1525;0,0000;0,0000;0,0000;0,0000;0,0000;0,1907;-0,62;4,70;0;0,0642;15,57;0;1;1;3;0;0;410;2048;2048
164,3889;31,9079;14,60;5,3601;0,1560;0,0000;0,0000;0,0000;0,0000;0,0000;0,1950;-1,34;4,02;0;0,0657;15,23;0;1;1;2;0;0;410;2048;2048
164,4028;31,9079;14,60;5,3784;0,1566;0,0000;0,0000;0,0000;0,0000;0,0000;0,1958;-1,14;4,24;0;0,0657;15,23;0;1;1;2;0;0;410;2048;2048
164,4167;31,9079;14,60;5,4221;0,1574;0,0000;0,0000;0,0000;0,0000;0,0000;0,1968;-0,94;4,49;0;0,0657;15,23;0;1;1;2;0;0;410;2048;2048
164,4306;31,9079;14,60;5,4464;0,1584;0,0000;0,0000;0,0000;0,0000;0,0000;0,1980;-0,73;4,72;0;0,0657;15,23;0;1;1;2;0;0;410;2048;2048
164,4444;31,9434;14,60;5,4820;0,1591;0,0000;0,0000;0,0000;0,0000;0,0000;0,1988;-0,66;4,82;0;0,0659;15,18;0;1;1;2;0;0;410;2048;2048
164,4583;31,9997;14,60;5,5025;0,1597;0,0000;0,0000;0,0000;0,0000;0,0000;0,1996;-0,67;4,83;0;0,0662;15,11;0;1;1;2;0;0;410;2048;2048
164,4722;32,0561;14,60;5,5180;0,1605;0,0000;0,0000;0,0000;0,0000;0,0000;0,2006;-0,68;4,84;0;0,0665;15,03;0;1;1;2;0;0;410;2048;2048
164,4861;32,1124;14,60;5,5276;0,1614;0,0000;0,0000;0,0000;0,0000;0,0000;0,2018;-0,68;4,84;0;0,0668;14,96;0;1;1;2;0;0;410;2048;2048
164,5000;32,3596;14,60;5,5387;0,1649;0,0000;0,0000;0,0000;0,0000;0,0000;0,2061;-1,42;4,11;0;0,0683;14,65;0;1;1;2;0;0;410;2048;2048
164,5139;32,3596;14,60;5,5550;0,1655;0,0000;0,0000;0,0000;0,0000;0,0000;0,2068;-1,21;4,34;0;0,0683;14,65;0;1;1;2;0;0;410;2048;2048
164,5278;32,3596;14,60;5,5652;0,1663;0,0000;0,0000;0,0000;0,0000;0,0000;0,2078;-1,00;4,56;0;0,0683;14,65;0;1;1;2;0;0;410;2048;2048
164,5417;32,3596;14,60;5,5761;0,1672;0,0000;0,0000;0,0000;0,0000;0,0000;0,2090;-0,79;4,78;0;0,0683;14,65;0;1;1;2;0;0;410;2048;2048
164,5556;32,4006;14,60;5,5752;0,1678;0,0000;0,0000;0,0000;0,0000;0,0000;0,2097;-0,75;4,82;0;0,0685;14,60;0;1;1;2;0;0;410;2048;2048
164,5694;32,4570;14,60;5,5801;0,1684;0,0000;0,0000;0,0000;0,0000;0,0000;0,2105;-0,76;4,82;0;0,0688;14,53;0;1;1;2;0;0;410;2048;2048
164,5833;32,5133;14,60;5,5727;0,1691;0,0000;0,0000;0,0000;0,0000;0,0000;0,2114;-0,78;4,79;0;0,0692;14,46;0;1;1;2;0;0;410;2048;2048
164,5972;32,5697;14,60;5,5634;0,1700;0,0000;0,0000;0,0000;0,0000;0,0000;0,2125;-0,79;4,77;0;0,0695;14,39;0;1;1;2;0;0;410;2048;2048
164,6111;32,8159;14,60;5,5328;0,1735;0,0000;0,0000;0,0000;0,0000;0,0000;0,2168;-1,56;3,97;0;0,0709;14,10;0;1;1;2;0;0;410;2048;2048
164,6250;32,8159;14,60;5,5186;0,1740;0,0000;0,0000;0,0000;0,0000;0,0000;0,2174;-1,35;4,16;0;0,0709;14,10;0;1;1;2;0;0;410;2048;2048
164,6389;32,8159;14,60;5,5035;0,1746;0,0000;0,0000;0,0000;0,0000;0,0000;0,2183;-1,15;4,36;0;0,0709;14,10;0;1;1;2;0;0;410;2048;2048
164,6528;32,8159;14,60;5,5030;0,1754;0,0000;0,0000;0,0000;0,0000;0,0000;0,2193;-0,94;4,56;0;0,0709;14,10;0;1;1;2;0;0;410;2048;2048
164,6667;32,8585;14,60;5,5177;0,1759;0,0000;0,0000;0,0000;0,0000;0,0000;0,2198;-0,91;4,61;0;0,0711;14,06;0;1;1;2;0;0;410;2048;2048
164,6806;32,9149;14,60;5,5641;0,1763;0,0000;0,0000;0,0000;0,0000;0,0000;0,2203;-0,93;4,63;0;0,0715;13,99;0;1;1;2;0;0;410;2048;2048
164,6944;32,9713;14,60;5,5938;0,1769;0,0000;0,0000;0,0000;0,0000;0,0000;0,2211;-0,95;4,64;0;0,0718;13,93;0;1;1;2;0;0;410;2048;2048
164,7083;33,0276;14,60;5,6620;0,1777;0,0000;0,0000;0,0000;0,0000;0,0000;0,2221;-0,97;4,68;0;0,0721;13,87;0;1;1;2;0;0;410;2048;2048
164,7222;33,2735;14,60;5,7075;0,1811;0,0000;0,0000;0,0000;0,0000;0,0000;0,2264;-1,78;3,93;0;0,0735;13,61;0;1;1;2;0;0;410;2048;2048
164,7361;33,2735;14,60;5,7757;0,1815;0,0000;0,0000;0,0000;0,0000;0,0000;0,2269;-1,56;4,22;0;0,0735;13,61;0;1;1;2;0;0;410;2048;2048
164,7500;33,2735;14,60;5,8865;0,1821;0,0000;0,0000;0,0000;0,0000;0,0000;0,2276;-1,34;4,55;0;0,0735;13,61;0;1;1;2;0;0;410;2048;2048
164,7639;33,2735;14,60;5,9757;0,1829;0,0000;0,0000;0,0000;0,0000;0,0000;0,2286;-1,11;4,86;0;0,0735;13,61;0;1;1;2;0;0;410;2048;2048
164,7778;33,3170;14,60;6,0996;0,1834;0,0000;0,0000;0,0000;0,0000;0,0000;0,2292;-1,07;5,03;0;0,0737;13,56;0;1;1;2;0;0;410;2048;2048
164,7917;33,3733;14,60;6,1751;0,1838;0,0000;0,0000;0,0000;0,0000;0,0000;0,2298;-1,08;5,09;0;0,0741;13,50;0;1;1;2;0;0;410;2048;2048
164,8056;33,4297;14,60;6,3332;0,1845;0,0000;0,0000;0,0000;0,0000;0,0000;0,2307;-1,08;5,25;0;0,0744;13,45;0;1;1;2;0;0;410;2048;2048
164,8194;33,4861;14,60;6,4118;0,1855;0,0000;0,0000;0,0000;0,0000;0,0000;0,2318;-1,08;5,33;0;0,0747;13,39;0;1;1;2;0;0;410;2048;2048
164,8333;33,7224;14,60;6,5633;0,1890;0,0000;0,0000;0,0000;0,0000;0,0000;0,2363;-1,85;4,72;0;0,0760;13,16;0;1;1;2;0;0;410;2048;2048
164,8472;33,7224;14,60;6,6500;0,1896;0,0000;0,0000;0,0000;0,0000;0,0000;0,2371;-1,60;5,05;0;0,0760;13,16;0;1;1;2;0;0;410;2048;2048
164,8611;33,7224;14,60;6,7737;0,1905;0,0000;0,0000;0,0000;0,0000;0,0000;0,2381;-1,34;5,43;0;0,0760;13,16;0;1;1;2;0;0;410;2048;2048
164,8750;33,7224;14,60;6,8752;0,1916;0,0000;0,0000;0,0000;0,0000;0,0000;0,2395;-1,08;5,80;0;0,0760;13,16;0;1;1;2;0;0;410;2048;2048
164,8889;33,7762;14,60;6,9454;0,1922;0,0000;0,0000;0,0000;0,0000;0,0000;0,2402;-1,05;5,89;0;0,0763;13,11;0;1;1;2;0;0;410;2048;2048
164,9028;33,8325;14,60;7,0088;0,1929;0,0000;0,0000;0,0000;0,0000;0,0000;0,2411;-1,04;5,97;0;0,0766;13,06;0;1;1;2;0;0;410;2048;2048
164,9167;33,8889;14,60;7,0680;0,1939;0,0000;0,0000;0,0000;0,0000;0,0000;0,2424;-1,02;6,04;0;0,0768;13,01;0;1;1;2;0;0;410;2048;2048
164,9306;33,9453;14,60;7,1433;0,1951;0,0000;0,0000;0,0000;0,0000;0,0000;0,2439;-1,00;6,14;0;0,0771;12,96;0;1;1;2;0;0;410;2048;2048
164,9444;34,1843;14,60;7,1642;0,1991;0,0000;0,0000;0,0000;0,0000;0,0000;0,2489;-1,79;5,38;0;0,0784;12,75;0;1;1;2;0;0;410;2048;2048
164,9583;34,1843;14,60;7,1793;0,1999;0,0000;0,0000;0,0000;0,0000;0,0000;0,2499;-1,52;5,66;0;0,0784;12,75;0;1;1;2;0;0;410;2048;2048
164,9722;34,1843;14,60;7,1782;0,2010;0,0000;0,0000;0,0000;0,0000;0,0000;0,2512;-1,24;5,93;0;0,0784;12,75;0;1;1;2;0;0;410;2048;2048
164,9861;34,1843;14,60;7,1720;0,2023;0,0000;0,0038;0,0000;0,0000;0,0000;0,2528;-0,97;6,20;0;0,0784;12,75;0;1;1;2;0;0;410;2048;2040
165,0000;34,2361;14,60;7,1066;0,2030;0,0000;0,0159;0,0000;0,0000;0,0000;0,2537;-0,94;6,16;0;0,0787;12,71;0;1;1;2;0;0;410;2048;2015
165,0139;34,2925;14,60;7,0330;0,2038;0,0000;0,0361;0,0000;0,0000;0,0000;0,2548;-0,93;6,10;0;0,0789;12,67;0;1;1;2;0;0;410;2048;1974
165,0278;34,3489;14,60;6,9075;0,2048;0,0000;0,0621;0,0000;0,0000;0,0000;0,2560;-0,93;5,98;0;0,0792;12,62;0;1;1;2;0;0;410;2048;1921
165,0417;34,4052;14,60;6,8642;0,2060;0,0000;0,0919;0,0000;0,0000;0,0000;0,2575;-0,92;5,94;0;0,0795;12,58;0;1;1;2;0;0;410;2048;1860
165,0556;34,6365;14,60;6,7846;0,2099;0,0000;0,1233;0,0000;0,0000;0,0000;0,2623;-1,72;5,06;0;0,0806;12,40;0;1;1;2;0;0;410;2048;1795
165,0694;34,6365;14,60;6,7451;0,2106;0,0000;0,1534;0,0000;0,0000;0,0000;0,2633;-1,47;5,28;0;0,0806;12,40;0;1;1;2;0;0;410;2048;1734
165,0833;34,6365;14,60;6,7118;0,2116;0,0000;0,1801;0,0000;0,0000;0,0000;0,2645;-1,21;5,50;0;0,0806;12,40;0;1;1;2;0;0;410;2048;1679
165,0972;34,6404;14,60;6,6879;0,2126;0,0000;0,2028;0,0000;0,0000;0,0000;0,2658;-0,98;5,70;0;0,0806;12,40;0;1;1;2;0;0;410;2048;1633
165,1111;34,6967;14,60;6,6878;0,2131;0,0000;0,2218;0,0000;0,0000;0,0000;0,2664;-0,99;5,69;0;0,0809;12,36;0;1;1;2;0;0;410;2048;1594
165,1250;34,7531;14,60;6,6895;0,2138;0,0000;0,2374;0,0000;0,0000;0,0000;0,2673;-1,00;5,68;0;0,0811;12,32;0;1;1;2;0;0;410;2048;1562
165,1389;34,8095;14,60;6,7458;0,2147;0,0000;0,2504;0,0000;0,0000;0,0000;0,2684;-1,01;5,73;0;0,0814;12,28;0;1;1;2;0;0;410;2048;1535
165,1528;35,0940;14,60;6,7976;0,2192;0,0000;0,2612;0,0000;0,0000;0,0000;0,2740;-2,09;4,71;0;0,0827;12,10;0;1;1;2;0;0;410;2048;1513
165,1667;35,0940;14,60;6,9203;0,2197;0,0000;0,2707;0,0000;0,0000;0,0000;0,2746;-1,82;5,10;0;0,0827;12,10;0;1;1;2;0;0;410;2048;1494
165,1806;35,0940;14,60;6,9606;0,2204;0,0000;0,2792;0,0000;0,0000;0,0000;0,2755;-1,56;5,40;0;0,0827;12,10;0;1;1;2;0;0;410;2048;1476
165,1944;35,0940;14,60;6,9687;0,2213;0,0000;0,2870;0,0000;0,0000;0,0000;0,2767;-1,30;5,67;0;0,0827;12,10;0;1;1;2;0;0;410;2048;1460
165,2083;35,1017;14,60;7,0974;0,2224;0,0000;0,2939;0,0000;0,0000;0,0000;0,2780;-1,07;6,03;0;0,0827;12,09;0;1;1;2;0;0;410;2048;1446
165,2222;35,1581;14,60;7,2433;0,2230;0,0000;0,3003;0,0000;0,0000;0,0000;0,2787;-1,06;6,18;0;0,0829;12,06;0;1;1;2;0;0;410;2048;1433
165,2361;35,2145;14,60;7,3496;0,2238;0,0000;0,3061;0,0000;0,0000;0,0000;0,2798;-1,05;6,29;0;0,0832;12,03;0;1;1;2;0;0;410;2048;1421
165,2500;35,2709;14,60;7,4601;0,2249;0,0000;0,3115;0,0000;0,0000;0,0000;0,2811;-1,04;6,42;0;0,0834;11,99;0;1;1;2;0;0;410;2048;1410
165,2639;35,5492;14,60;7,5167;0,2296;0,0000;0,3165;0,0000;0,0000;0,0000;0,2869;-2,09;5,43;0;0,0845;11,84;0;1;1;2;0;0;410;2048;1400
165,2778;35,5492;14,60;7,6318;0,2303;0,0000;0,3219;0,0000;0,0000;0,0000;0,2878;-1,80;5,83;0;0,0845;11,84;0;1;1;2;0;0;410;2048;1389
165,2917;35,5492;14,60;7,6549;0,2312;0,0000;0,3279;0,0000;0,0000;0,0000;0,2890;-1,51;6,14;0;0,0845;11,84;0;1;1;2;0;0;410;2048;1376
165,3056;35,5492;14,60;7,8413;0,2325;0,0000;0,3342;0,0000;0,0000;0,0000;0,2906;-1,21;6,63;0;0,0845;11,84;0;1;1;2;0;0;410;2048;1364
165,3194;35,5639;14,60;7,8787;0,2337;0,0000;0,3405;0,0000;0,0000;0,0000;0,2921;-0,99;6,89;0;0,0845;11,83;0;1;1;2;0;0;410;2048;1351
165,3333;35,6203;14,60;7,9569;0,2346;0,0000;0,3470;0,0000;0,0000;0,0000;0,2932;-0,96;6,99;0;0,0847;11,80;0;1;1;2;0;0;410;2048;1337
165,3472;35,6766;14,60;7,9991;0,2357;0,0000;0,3534;0,0000;0,0000;0,0000;0,2947;-0,93;7,06;0;0,0849;11,78;0;1;1;2;0;0;410;2048;1324
165,3611;35,7330;14,60;8,0847;0,2371;0,0000;0,3598;0,0000;0,0000;0,0000;0,2964;-0,90;7,18;0;0,0851;11,75;0;1;1;2;0;0;410;2048;1311
165,3750;36,0037;14,60;8,1514;0,2421;0,0000;0,3663;0,0000;0,0000;0,0000;0,3026;-1,92;6,23;0;0,0860;11,63;0;1;1;2;0;0;410;2048;1298
165,3889;36,0037;14,60;8,2435;0,2431;0,0000;0,3734;0,0000;0,0000;0,0000;0,3039;-1,60;6,64;0;0,0860;11,63;0;1;1;2;0;0;410;2048;1283
165,4028;36,0037;14,60;8,3357;0,2444;0,0000;0,3816;0,0000;0,0000;0,0000;0,3055;-1,29;7,05;0;0,0860;11,63;0;1;1;1;0;0;410;2048;1267
165,4167;36,0037;14,60;8,3541;0,2460;0,0000;0,3902;0,0000;0,0000;0,0000;0,3075;-0,97;7,38;0;0,0860;11,63;0;1;1;1;0;1;410;2048;1249
165,4306;36,0269;14,60;8,3865;0,2474;0,0000;0,3991;0,0000;0,0000;0,0000;0,3093;-0,77;7,62;0;0,0861;11,62;0;1;1;1;0;1;410;2048;1231
165,4444;36,0833;14,60;8,3863;0,2487;0,0000;0,4082;0,0000;0,0000;0,0000;0,3108;-0,73;7,65;0;0,0862;11,60;0;1;1;1;0;1;410;2048;1212
165,4583;36,1396;14,60;8,3833;0,2501;0,0000;0,4173;0,0000;0,0000;0,0000;0,3126;-0,69;7,69;0;0,0864;11,58;0;1;1;1;0;1;410;2048;1193
165,4722;36,1960;14,60;8,3606;0,2518;0,0000;0,4263;0,0000;0,0000;0,0000;0,3148;-0,66;7,70;0;0,0865;11,56;0;1;1;1;0;1;410;2048;1175
165,4861;36,4607;14,60;8,2801;0,2570;0,0000;0,4354;0,0000;0,0000;0,0000;0,3212;-1,66;6,62;0;0,0872;11,47;0;1;1;1;0;1;410;2048;1156
165,5000;36,4607;14,60;8,2042;0,2582;0,0000;0,4451;0,0000;0,0000;0,0000;0,3228;-1,35;6,86;0;0,0872;11,47;0;1;1;1;0;1;410;2048;1136
165,5139;36,4607;14,60;8,1455;0,2597;0,0000;0,4557;0,0000;0,0000;0,0000;0,3246;-1,04;7,11;0;0,0872;11,47;0;1;1;1;0;1;410;2048;1115
165,5278;36,4607;14,60;8,0923;0,2613;0,0000;0,4666;0,0000;0,0000;0,0000;0,3267;-0,73;7,36;0;0,0872;11,47;0;1;1;1;0;1;410;2048;1092
165,5417;36,4907;14,60;8,0460;0,2628;0,0000;0,4776;0,0000;0,0000;0,0000;0,3285;-0,58;7,46;0;0,0873;11,46;0;1;1;1;0;0;410;2048;1070
165,5556;36,5471;14,60;7,9865;0,2640;0,0000;0,4885;0,0000;0,0000;0,0000;0,3300;-0,56;7,42;0;0,0874;11,44;0;1;1;1;0;0;410;2048;1048
165,5694;36,6035;14,60;7,8955;0,2655;0,0000;0,4990;0,0000;0,0000;0,0000;0,3318;-0,55;7,35;0;0,0875;11,43;0;1;1;1;0;0;410;2048;1026
165,5833;36,6598;14,60;7,8381;0,2671;0,0000;0,5092;0,0000;0,0000;0,0000;0,3339;-0,54;7,30;0;0,0876;11,42;0;1;1;1;0;0;410;2048;1005
165,5972;36,9138;14,60;7,8099;0,2721;0,0000;0,5190;0,0000;0,0000;0,0000;0,3401;-1,52;6,29;0;0,0881;11,35;0;1;1;1;0;0;410;2048;985
165,6111;36,9138;14,60;7,7690;0,2733;0,0000;0,5291;0,0000;0,0000;0,0000;0,3416;-1,23;6,54;0;0,0881;11,35;0;1;1;1;0;0;410;2048;964
165,6250;36,9138;14,60;7,7170;0,2747;0,0000;0,5394;0,0000;0,0000;0,0000;0,3434;-0,93;6,78;0;0,0881;11,35;0;1;1;1;0;0;410;2048;943
165,6389;36,9138;14,50;7,6539;0,2763;0,0000;0,5495;0,0000;0,0000;0,0000;0,3454;-0,65;7,01;0;0,0881;11,35;0;1;1;1;0;0;410;2048;923
165,6528;36,9550;14,50;7,5978;0,2775;0,0000;0,5594;0,0000;0,0000;0,0000;0,3469;-0,57;7,02;0;0,0881;11,35;0;1;1;1;0;0;410;2048;902
165,6667;37,0110;14,50;7,5314;0,2787;0,0000;0,5689;0,0000;0,0000;0,0000;0,3483;-0,57;6,96;0;0,0882;11,34;0;1;1;1;0;0;410;2048;883
165,6806;37,0670;14,50;7,4633;0,2800;0,0000;0,5778;0,0000;0,0000;0,0000;0,3500;-0,58;6,89;0;0,0883;11,33;0;1;1;1;0;0;410;2048;865
165,6944;37,1230;14,50;7,4010;0,2816;0,0000;0,5861;0,0000;0,0000;0,0000;0,3520;-0,58;6,82;0;0,0883;11,32;0;1;1;1;0;0;410;2048;848
165,7083;37,3718;14,50;7,3400;0,2864;0,0000;0,5940;0,0000;0,0000;0,0000;0,3580;-1,56;5,78;0;0,0886;11,29;0;1;1;1;0;0;410;2048;831
165,7222;37,3718;14,50;7,2823;0,2874;0,0000;0,6019;0,0000;0,0000;0,0000;0,3592;-1,29;5,99;0;0,0886;11,29;0;1;1;1;0;0;410;2048;815
165,7361;37,3718;14,50;7,2441;0,2886;0,0000;0,6100;0,0000;0,0000;0,0000;0,3608;-1,02;6,23;0;0,0886;11,29;0;1;1;1;0;0;410;2048;799
165,7500;37,3718;14,50;7,1617;0,2900;0,0000;0,6179;0,0000;0,0000;0,0000;0,3626;-0,75;6,41;0;0,0886;11,29;0;1;1;1;0;0;410;2048;783
165,7639;37,4174;14,50;7,1121;0,2909;0,0000;0,6255;0,0000;0,0000;0,0000;0,3637;-0,72;6,39;0;0,0886;11,28;0;1;1;1;0;0;410;2048;767
165,7778;37,4734;14,50;7,0392;0,2919;0,0000;0,6328;0,0000;0,0000;0,0000;0,3648;-0,74;6,30;0;0,0886;11,28;0;1;1;1;0;0;410;2048;752
165,7917;37,5293;14,50;6,9867;0,2930;0,0000;0,6396;0,0000;0,0000;0,0000;0,3662;-0,76;6,23;0;0,0886;11,28;0;1;1;1;0;0;410;2048;738
165,8056;37,5853;14,50;6,8949;0,2943;0,0000;0,6460;0,0000;0,0000;0,0000;0,3678;-0,78;6,11;0;0,0887;11,28;0;1;1;1;0;0;410;2048;725
165,8194;37,8246;14,50;6,8676;0,2986;0,0000;0,6520;0,0000;0,0000;0,0000;0,3733;-1,74;5,13;0;0,0887;11,27;0;1;1;1;0;0;410;2048;713
165,8333;37,8246;14,50;6,8631;0,2994;0,0000;0,6581;0,0000;0,0000;0,0000;0,3742;-1,48;5,38;0;0,0887;11,27;0;1;1;1;0;0;410;2048;700
165,8472;37,8246;14,50;6,8560;0,3003;0,0000;0,6643;0,0000;0,0000;0,0000;0,3754;-1,23;5,63;0;0,0887;11,27;0;1;1;1;0;0;410;2048;688
165,8611;37,8246;14,50;6,8519;0,3015;0,0000;0,6704;0,0000;0,0000;0,0000;0,3769;-0,97;5,88;0;0,0887;11,27;0;1;1;1;0;0;410;2048;675
165,8750;37,8804;14,50;6,8470;0,3020;0,0000;0,6763;0,0000;0,0000;0,0000;0,3775;-1,00;5,85;0;0,0887;11,27;0;1;1;1;0;0;410;2048;663
165,8889;37,9364;14,50;6,8760;0,3027;0,0000;0,6818;0,0000;0,0000;0,0000;0,3783;-1,02;5,85;0;0,0887;11,28;0;1;1;1;0;0;410;2048;652
165,9028;37,9923;14,50;6,8744;0,3035;0,0000;0,6870;0,0000;0,0000;0,0000;0,3794;-1,05;5,82;0;0,0887;11,28;0;1;1;1;0;0;410;2048;641
165,9167;38,0483;14,50;6,8993;0,3046;0,0000;0,6918;0,0000;0,0000;0,0000;0,3808;-1,07;5,82;0;0,0886;11,28;0;1;1;1;0;0;410;2048;631
165,9306;38,2827;14,50;6,9101;0,3087;0,0000;0,6963;0,0000;0,0000;0,0000;0,3859;-2,00;4,91;0;0,0885;11,30;0;1;1;1;0;0;410;2048;622
165,9444;38,2827;14,50;6,9213;0,3093;0,0000;0,7009;0,0000;0,0000;0,0000;0,3866;-1,74;5,18;0;0,0885;11,30;0;1;1;1;0;0;410;2048;613
165,9583;38,2827;14,50;6,9219;0,3101;0,0000;0,7057;0,0000;0,0000;0,0000;0,3876;-1,48;5,44;0;0,0885;11,30;0;1;1;1;0;0;410;2048;603
165,9722;38,2878;14,50;6,9152;0,3110;0,0000;0,7104;0,0000;0,0000;0,0000;0,3888;-1,25;5,66;0;0,0885;11,30;0;1;1;1;0;0;410;2048;593
165,9861;38,3438;14,50;6,8897;0,3113;0,0000;0,7150;0,0000;0,0000;0,0000;0,3891;-1,28;5,61;0;0,0884;11,31;0;1;1;1;0;0;410;2048;584
166,0000;38,3998;14,50;6,8554;0,3118;0,0000;0,7194;0,0000;0,0000;0,0000;0,3898;-1,30;5,55;0;0,0884;11,32;0;1;1;1;0;0;410;2048;575
166,0139;38,4558;14,50;6,8177;0,3125;0,0000;0,7234;0,0000;0,0000;0,0000;0,3906;-1,33;5,49;0;0,0883;11,33;0;1;1;1;0;0;410;2048;566
166,0278;38,7358;14,50;6,7760;0,3169;0,0000;0,7271;0,0000;0,0000;0,0000;0,3961;-2,49;4,29;0;0,0879;11,37;0;1;1;1;0;0;410;2048;559
166,0417;38,7358;14,50;6,7340;0,3170;0,0000;0,7309;0,0000;0,0000;0,0000;0,3962;-2,24;4,50;0;0,0879;11,37;0;1;1;1;0;0;410;2048;551
166,0556;38,7358;14,50;6,6551;0,3173;0,0000;0,7350;0,0000;0,0000;0,0000;0,3966;-1,99;4,67;0;0,0879;11,37;0;1;1;1;0;0;410;2048;543
166,0694;38,7358;14,50;6,5806;0,3178;0,0000;0,7389;0,0000;0,0000;0,0000;0,3973;-1,74;4,84;0;0,0879;11,37;0;1;1;1;0;0;410;2048;535
166,0833;38,7517;14,50;6,4864;0,3182;0,0000;0,7427;0,0000;0,0000;0,0000;0,3978;-1,58;4,90;0;0,0879;11,38;0;1;1;1;0;0;410;2048;527
166,0972;38,8076;14,50;6,4043;0,3182;0,0000;0,7461;0,0000;0,0000;0,0000;0,3977;-1,62;4,78;0;0,0878;11,39;0;1;1;1;0;0;410;2048;520
166,1111;38,8636;14,50;6,2830;0,3183;0,0000;0,7493;0,0000;0,0000;0,0000;0,3978;-1,66;4,62;0;0,0877;11,41;0;1;1;1;0;0;410;2048;513
166,1250;38,9196;14,50;6,2116;0,3185;0,0000;0,7521;0,0000;0,0000;0,0000;0,3981;-1,71;4,50;0;0,0875;11,42;0;1;1;1;0;0;410;2048;508
166,1389;39,1937;14,50;6,0886;0,3223;0,0000;0,7546;0,0000;0,0000;0,0000;0,4029;-2,85;3,24;0;0,0870;11,50;0;1;1;1;0;0;410;2048;503
166,1528;39,1937;14,50;6,0337;0,3219;0,0000;0,7571;0,0000;0,0000;0,0000;0,4024;-2,63;3,41;0;0,0870;11,50;0;1;1;1;0;0;410;2048;498
166,1667;39,1937;14,50;5,9188;0,3217;0,0000;0,7597;0,0000;0,0000;0,0000;0,4022;-2,40;3,51;0;0,0870;11,50;0;1;1;1;0;0;410;2048;492
166,1806;39,1937;14,50;5,8423;0,3217;0,0000;0,7623;0,0000;0,0000;0,0000;0,4021;-2,19;3,66;0;0,0870;11,50;0;1;1;1;0;0;410;2048;487
166,1944;39,2155;14,50;5,7498;0,3214;0,0000;0,7646;0,0000;0,0000;0,0000;0,4018;-2,08;3,66;0;0,0869;11,50;0;1;1;1;0;0;410;2048;482
166,2083;39,2714;14,50;5,7083;0,3208;0,0000;0,7666;0,0000;0,0000;0,0000;0,4010;-2,14;3,56;0;0,0868;11,52;0;1;1;1;0;0;410;2048;478
166,2222;39,3274;14,50;5,6824;0,3203;0,0000;0,7682;0,0000;0,0000;0,0000;0,4004;-2,20;3,47;0;0,0866;11,54;0;1;1;1;0;0;410;2048;475
166,2361;39,3834;14,50;5,6746;0,3200;0,0000;0,7694;0,0000;0,0000;0,0000;0,4000;-2,27;3,40;0;0,0865;11,56;0;1;1;1;0;0;410;2048;472
166,2500;39,6473;14,50;5,6665;0,3230;0,0000;0,7702;0,0000;0,0000;0,0000;0,4038;-3,36;2,30;0;0,0858;11,66;0;1;1;1;0;0;410;2048;471
166,2639;39,6473;14,50;5,6659;0,3222;0,0000;0,7711;0,0000;0,0000;0,0000;0,4027;-3,15;2,52;0;0,0858;11,66;0;1;1;1;0;0;410;2048;469
166,2778;39,6473;14,50;5,6922;0,3215;0,0000;0,7721;0,0000;0,0000;0,0000;0,4018;-2,94;2,76;0;0,0858;11,66;0;1;1;1;0;0;410;2048;467
166,2917;39,6473;14,50;5,7289;0,3210;0,0000;0,7729;0,0000;0,0000;0,0000;0,4012;-2,72;3,01;0;0,0858;11,66;0;1;1;1;0;0;410;2048;465
166,3056;39,6790;14,50;5,8128;0,3202;0,0000;0,7735;0,0000;0,0000;0,0000;0,4002;-2,66;3,15;0;0,0857;11,67;0;1;1;1;0;0;410;2048;464
166,3194;39,7349;14,50;5,8917;0,3192;0,0000;0,7738;0,0000;0,0000;0,0000;0,3990;-2,71;3,17;0;0,0855;11,70;0;1;1;1;0;0;410;2048;463
166,3333;39,7909;14,50;5,9749;0,3184;0,0000;0,7738;0,0000;0,0000;0,0000;0,3980;-2,76;3,21;0;0,0853;11,72;0;1;1;1;0;0;410;2048;463
166,3472;39,8469;14,50;6,0218;0,3178;0,0000;0,7734;0,0000;0,0000;0,0000;0,3972;-2,80;3,21;0;0,0851;11,75;0;1;1;1;0;0;410;2048;464
166,3611;40,1048;14,50;6,1184;0,3205;0,0000;0,7728;0,0000;0,0000;0,0000;0,4006;-3,83;2,29;0;0,0843;11,87;0;1;1;1;0;0;410;2048;465
166,3750;40,1048;14,60;6,1861;0,3194;0,0000;0,7722;0,0000;0,0000;0,0000;0,3992;-3,60;2,59;0;0,0843;11,87;0;1;1;1;0;0;410;2048;467
166,3889;40,1048;14,60;6,2785;0,3185;0,0000;0,7718;0,0000;0,0000;0,0000;0,3982;-3,36;2,92;0;0,0843;11,87;0;1;1;1;0;0;410;2048;467
166,4028;40,1048;14,60;6,3090;0,3179;0,0000;0,7713;0,0000;0,0000;0,0000;0,3973;-3,12;3,19;0;0,0843;11,87;0;1;1;0;0;0;410;2048;468
166,4167;40,1432;14,60;6,3548;0,3168;0,0000;0,7707;0,0000;0,0000;0,0000;0,3960;-3,07;3,28;0;0,0841;11,89;0;1;1;0;0;0;410;2048;470
166,4306;40,1996;14,60;6,3982;0,3157;0,0000;0,7700;0,0000;0,0000;0,0000;0,3947;-3,09;3,30;0;0,0839;11,92;0;1;1;0;0;0;410;2048;471
166,4444;40,2560;14,60;6,4990;0,3148;0,0000;0,7689;0,0000;0,0000;0,0000;0,3935;-3,12;3,38;0;0,0837;11,95;0;1;1;0;0;0;410;2048;473
166,4583;40,3123;14,60;6,5529;0,3141;0,0000;0,7677;0,0000;0,0000;0,0000;0,3927;-3,14;3,41;0;0,0835;11,98;0;1;1;0;0;0;410;2048;476
166,4722;40,5591;14,60;6,6108;0,3165;0,0000;0,7661;0,0000;0,0000;0,0000;0,3956;-4,07;2,54;0;0,0825;12,12;0;1;1;0;0;0;410;2048;479
166,4861;40,5591;14,60;6,7260;0,3154;0,0000;0,7648;0,0000;0,0000;0,0000;0,3942;-3,81;2,91;0;0,0825;12,12;0;1;1;0;0;0;410;2048;482
166,5000;40,5591;14,60;6,7871;0,3145;0,0000;0,7636;0,0000;0,0000;0,0000;0,3931;-3,56;3,23;0;0,0825;12,12;0;1;1;0;0;0;410;2048;484
166,5139;40,5591;14,60;6,9095;0,3138;0,0000;0,7625;0,0000;0,0000;0,0000;0,3923;-3,30;3,61;0;0,0825;12,12;0;1;1;0;0;0;410;2048;486
166,5278;40,6090;14,60;7,0284;0,3127;0,0000;0,7613;0,0000;0,0000;0,0000;0,3908;-3,26;3,76;0;0,0823;12,15;0;1;1;0;0;0;410;2048;489
166,5417;40,6654;14,60;7,1835;0,3117;0,0000;0,7600;0,0000;0,0000;0,0000;0,3896;-3,26;3,92;0;0,0821;12,18;0;1;1;0;0;0;410;2048;491
166,5556;40,7217;14,60;7,2857;0,3110;0,0000;0,7585;0,0000;0,0000;0,0000;0,3887;-3,24;4,03;0;0,0818;12,22;0;1;1;0;0;0;410;2048;495
166,5694;40,7781;14,60;7,4105;0,3105;0,0000;0,7569;0,0000;0,0000;0,0000;0,3881;-3,23;4,18;0;0,0816;12,26;0;1;1;0;0;0;410;2048;498
166,5833;41,0159;14,60;7,4528;0,3129;0,0000;0,7551;0,0000;0,0000;0,0000;0,3911;-4,06;3,40;0;0,0806;12,41;0;1;1;0;0;0;410;2048;502
166,5972;41,0159;14,60;7,4915;0,3120;0,0000;0,7535;0,0000;0,0000;0,0000;0,3900;-3,77;3,72;0;0,0806;12,41;0;1;1;0;0;0;410;2048;505
166,6111;41,0159;14,60;7,5151;0,3114;0,0000;0,7523;0,0000;0,0000;0,0000;0,3892;-3,49;4,03;0;0,0806;12,41;0;1;1;0;0;0;410;2048;507
166,6250;41,0180;14,60;7,5421;0,3110;0,0000;0,7512;0,0000;0,0000;0,0000;0,3887;-3,21;4,32;0;0,0806;12,41;0;1;1;0;0;0;410;2048;510
166,6389;41,0744;14,60;7,5649;0,3100;0,0000;0,7502;0,0000;0,0000;0,0000;0,3875;-3,18;4,37;0;0,0803;12,45;0;1;1;0;0;0;410;2048;512
166,6528;41,1307;14,60;7,5810;0,3093;0,0000;0,7491;0,0000;0,0000;0,0000;0,3866;-3,15;4,42;0;0,0801;12,49;0;1;1;0;0;0;410;2048;514
166,6667;41,1871;14,60;7,5915;0,3088;0,0000;0,7479;0,0000;0,0000;0,0000;0,3860;-3,12;4,46;0;0,0798;12,53;0;1;1;0;0;0;410;2048;516
166,6806;41,4709;14,60;7,5908;0,3117;0,0000;0,7466;0,0000;0,0000;0,0000;0,3896;-4,13;3,46;0;0,0785;12,73;0;1;1;0;0;0;410;2048;519
166,6944;41,4709;14,60;7,5808;0,3108;0,0000;0,7459;0,0000;0,0000;0,0000;0,3885;-3,84;3,74;0;0,0785;12,73;0;1;1;0;0;0;410;2048;520
166,7083;41,4709;14,60;7,5522;0,3101;0,0000;0,7458;0,0000;0,0000;0,0000;0,3877;-3,56;3,99;0;0,0785;12,73;0;1;1;0;0;0;410;2048;521
166,7222;41,4709;14,60;7,5299;0,3097;0,0000;0,7455;0,0000;0,0000;0,0000;0,3871;-3,27;4,26;0;0,0785;12,73;0;1;1;0;0;0;410;2048;521
166,7361;41,4830;14,60;7,4807;0,3093;0,0000;0,7450;0,0000;0,0000;0,0000;0,3866;-3,04;4,43;0;0,0785;12,74;0;1;1;0;0;0;410;2048;522
166,7500;41,5393;14,60;7,4445;0,3085;0,0000;0,7444;0,0000;0,0000;0,0000;0,3856;-3,01;4,43;0;0,0782;12,79;0;1;1;0;0;0;410;2048;523
166,7639;41,5957;14,60;7,3961;0,3079;0,0000;0,7436;0,0000;0,0000;0,0000;0,3848;-2,98;4,41;0;0,0779;12,83;0;1;1;0;0;0;410;2048;525
166,7778;41,6521;14,60;7,3580;0,3075;0,0000;0,7426;0,0000;0,0000;0,0000;0,3843;-2,95;4,40;0;0,0777;12,87;0;1;1;0;0;0;410;2048;527
166,7917;41,9270;14,60;7,3125;0,3103;0,0000;0,7414;0,0000;0,0000;0,0000;0,3878;-3,90;3,42;0;0,0764;13,09;0;1;1;0;0;0;410;2048;530
166,8056;41,9270;14,60;7,2703;0,3095;0,0000;0,7414;0,0000;0,0000;0,0000;0,3868;-3,62;3,65;0;0,0764;13,09;0;1;1;0;0;0;410;2048;530
166,8194;41,9270;14,60;7,2170;0,3089;0,0000;0,7413;0,0000;0,0000;0,0000;0,3861;-3,35;3,87;0;0,0764;13,09;0;1;1;0;0;0;410;2048;530
166,8333;41,9270;14,60;7,1813;0,3084;0,0000;0,7410;0,0000;0,0000;0,0000;0,3856;-3,08;4,10;0;0,0764;13,09;0;1;1;0;0;0;410;2048;530
166,8472;41,9475;14,60;7,1552;0,3080;0,0000;0,7406;0,0000;0,0000;0,0000;0,3850;-2,90;4,25;0;0,0763;13,11;0;1;1;0;0;0;410;2048;531
166,8611;42,0039;14,60;7,1441;0,3072;0,0000;0,7400;0,0000;0,0000;0,0000;0,3841;-2,87;4,27;0;0,0760;13,16;0;1;1;0;0;0;410;2048;532
166,8750;42,0602;14,50;7,1211;0,3067;0,0000;0,7392;0,0000;0,0000;0,0000;0,3833;-2,85;4,27;0;0,0757;13,21;0;1;1;0;0;0;410;2048;534
166,8889;42,1162;14,50;7,1139;0,3063;0,0000;0,7383;0,0000;0,0000;0,0000;0,3829;-2,82;4,29;0;0,0755;13,25;0;1;1;0;0;0;410;2048;536
166,9028;42,3829;14,50;7,1042;0,3090;0,0000;0,7372;0,0000;0,0000;0,0000;0,3863;-3,70;3,40;0;0,0742;13,48;0;1;1;0;0;0;410;2048;538
166,9167;42,3829;14,50;7,0935;0,3083;0,0000;0,7364;0,0000;0,0000;0,0000;0,3854;-3,44;3,65;0;0,0742;13,48;0;1;1;0;0;0;410;2048;540
166,9306;42,3829;14,50;7,0779;0,3078;0,0000;0,7359;0,0000;0,0000;0,0000;0,3848;-3,17;3,90;0;0,0742;13,48;0;1;1;0;0;0;410;2048;541
166,9444;42,3829;14,50;7,0517;0,3075;0,0000;0,7355;0,0000;0,0000;0,0000;0,3844;-2,91;4,14;0;0,0742;13,48;0;1;1;0;0;0;410;2048;542
166,9583;42,4092;14,50;7,0328;0,3071;0,0000;0,7351;0,0000;0,0000;0,0000;0,3838;-2,76;4,27;0;0,0740;13,51;0;1;1;0;0;0;410;2048;542
166,9722;42,4652;14,50;7,0012;0,3064;0,0000;0,7347;0,0000;0,0000;0,0000;0,3830;-2,73;4,27;0;0,0738;13,56;0;1;1;0;0;0;410;2048;543
166,9861;42,5212;14,50;6,9967;0,3060;0,0000;0,7342;0,0000;0,0000;0,0000;0,3825;-2,70;4,29;0;0,0735;13,61;0;1;1;0;0;0;410;2048;544
167,0000;42,5772;14,50;6,9840;0,3057;0,0000;0,7336;0,0000;0,0000;0,0000;0,3822;-2,68;4,30;0;0,0732;13,66;0;1;1;0;0;0;410;2048;546
167,0139;42,8378;14,50;6,9786;0,3083;0,0000;0,7328;0,0000;0,0000;0,0000;0,3854;-3,50;3,47;0;0,0719;13,90;0;1;1;0;0;0;410;2048;547
167,0278;42,8378;14,50;6,9802;0,3078;0,0000;0,7323;0,0000;0,0000;0,0000;0,3847;-3,24;3,74;0;0,0719;13,90;0;1;1;0;0;0;410;2048;548
167,0417;42,8378;14,50;6,9833;0,3074;0,0000;0,7321;0,0000;0,0000;0,0000;0,3842;-2,98;4,00;0;0,0719;13,90;0;1;1;0;0;0;410;2048;549
167,0556;42,8378;14,50;6,9887;0,3072;0,0000;0,7321;0,0000;0,0000;0,0000;0,3840;-2,72;4,27;0;0,0719;13,90;0;1;1;0;0;0;410;2048;549
167,0694;42,8698;14,50;6,9816;0,3068;0,0000;0,7321;0,0000;0,0000;0,0000;0,3835;-2,59;4,39;0;0,0718;13,93;0;1;1;0;0;0;410;2048;549
167,0833;42,9258;14,50;6,9742;0,3063;0,0000;0,7320;0,0000;0,0000;0,0000;0,3829;-2,55;4,42;0;0,0715;13,99;0;1;1;0;0;0;410;2048;549
167,0972;42,9818;14,50;6,9480;0,3061;0,0000;0,7318;0,0000;0,0000;0,0000;0,3826;-2,52;4,42;0;0,0712;14,04;0;1;1;0;0;0;410;2048;549
167,1111;43,0378;14,50;6,9389;0,3060;0,0000;0,7315;0,0000;0,0000;0,0000;0,3825;-2,49;4,45;0;0,0710;14,09;0;1;1;0;0;0;410;2048;550
167,1250;43,2948;14,50;6,9107;0,3086;0,0000;0,7311;0,0000;0,0000;0,0000;0,3858;-3,27;3,64;0;0,0697;14,35;0;1;1;0;0;0;410;2048;551
167,1389;43,2948;14,50;6,9011;0,3082;0,0000;0,7309;0,0000;0,0000;0,0000;0,3852;-3,01;3,89;0;0,0697;14,35;0;1;1;0;0;0;410;2048;551
167,1528;43,2948;14,50;6,8662;0,3079;0,0000;0,7311;0,0000;0,0000;0,0000;0,3849;-2,75;4,11;0;0,0697;14,35;0;1;1;0;0;0;410;2048;551
167,1667;43,2948;14,50;6,8391;0,3079;0,0000;0,7314;0,0000;0,0000;0,0000;0,3849;-2,50;4,34;0;0,0697;14,35;0;1;1;0;0;0;410;2048;550
167,1806;43,3299;14,50;6,7998;0,3076;0,0000;0,7317;0,0000;0,0000;0,0000;0,3845;-2,38;4,41;0;0,0695;14,38;0;1;1;0;0;0;410;2048;550
167,1944;43,3859;14,50;6,7556;0,3072;0,0000;0,7319;0,0000;0,0000;0,0000;0,3840;-2,35;4,40;0;0,0693;14,44;0;1;1;0;0;0;410;2048;549
167,2083;43,4419;14,50;6,7007;0,3070;0,0000;0,7321;0,0000;0,0000;0,0000;0,3838;-2,31;4,38;0;0,0690;14,49;0;1;1;0;0;0;410;2048;549
167,2222;43,4979;14,50;6,6500;0,3070;0,0000;0,7321;0,0000;0,0000;0,0000;0,3838;-2,28;4,36;0;0,0687;14,55;0;1;1;0;0;0;410;2048;549
167,2361;43,7479;14,50;6,5829;0,3096;0,0000;0,7321;0,0000;0,0000;0,0000;0,3870;-3,02;3,56;0;0,0675;14,81;0;1;1;0;0;0;410;2048;549
167,2500;43,7479;14,50;6,4728;0,3092;0,0000;0,7323;0,0000;0,0000;0,0000;0,3865;-2,78;3,69;0;0,0675;14,81;0;1;1;0;0;0;410;2048;548
167,2639;43,7479;14,50;6,3677;0,3090;0,0000;0,7327;0,0000;0,0000;0,0000;0,3863;-2,54;3,83;0;0,0675;14,81;0;1;1;0;0;0;410;2048;547
167,2778;43,7479;14,50;6,2526;0,3090;0,0000;0,7333;0,0000;0,0000;0,0000;0,3862;-2,30;3,95;0;0,0675;14,81;0;1;1;0;0;0;410;2048;546
167,2917;43,7897;14,50;6,1407;0,3086;0,0000;0,7338;0,0000;0,0000;0,0000;0,3857;-2,23;3,90;0;0,0673;14,85;0;1;1;0;0;0;410;2048;545
167,3056;43,8457;14,50;5,9913;0,3081;0,0000;0,7343;0,0000;0,0000;0,0000;0,3851;-2,22;3,76;0;0,0671;14,91;0;1;1;0;0;0;410;2048;544
167,3194;43,9017;14,50;5,8946;0,3078;0,0000;0,7345;0,0000;0,0000;0,0000;0,3848;-2,21;3,68;0;0,0668;14,96;0;1;1;0;0;0;410;2048;544
167,3333;43,9577;14,50;5,8045;0,3077;0,0000;0,7344;0,0000;0,0000;0,0000;0,3846;-2,21;3,59;0;0,0666;15,02;0;1;1;0;0;0;410;2048;544
167,3472;44,2065;14,50;5,6811;0,3099;0,0000;0,7344;0,0000;0,0000;0,0000;0,3874;-2,94;2,74;0;0,0654;15,28;0;1;1;0;0;0;410;2048;544
167,3611;44,2065;14,50;5,5692;0,3093;0,0000;0,7345;0,0000;0,0000;0,0000;0,3867;-2,74;2,83;0;0,0654;15,28;0;1;1;0;0;0;410;2048;544
167,3750;44,2065;14,30;5,4198;0,3089;0,0000;0,7348;0,0000;0,0000;0,0000;0,3861;-2,53;2,88;0;0,0654;15,28;0;1;1;0;0;0;410;2048;543
167,3889;44,2065;14,30;5,3709;0,3086;0,0000;0,7352;0,0000;0,0000;0,0000;0,3857;-2,34;3,03;0;0,0654;15,28;0;1;1;0;0;0;410;2048;542
167,4028;44,2475;14,30;5,2036;0,3079;0,0000;0,7354;0,0000;0,0000;0,0000;0,3849;-2,30;2,90;0;0,0652;15,33;0;1;1;7;0;0;410;2048;542
167,4167;44,3027;14,30;5,1536;0,3072;0,0000;0,7355;0,0000;0,0000;0,0000;0,3840;-2,31;2,84;0;0,0650;15,38;0;1;1;7;0;0;410;2048;542
167,4306;44,3579;14,30;5,0290;0,3066;0,0000;0,7354;0,0000;0,0000;0,0000;0,3832;-2,33;2,70;0;0,0648;15,44;0;1;1;7;0;0;410;2048;542
167,4444;44,4131;14,30;4,9993;0,3061;0,0000;0,7351;0,0000;0,0000;0,0000;0,3826;-2,34;2,65;0;0,0645;15,50;0;1;1;7;0;0;410;2048;543
167,4583;44,6612;14,30;4,9421;0,3079;0,0000;0,7345;0,0000;0,0000;0,0000;0,3849;-3,08;1,86;0;0,0634;15,76;0;1;1;7;0;0;410;2048;544
167,4722;44,6612;14,30;4,9456;0,3071;0,0000;0,7340;0,0000;0,0000;0,0000;0,3839;-2,89;2,05;0;0,0634;15,76;0;1;1;7;0;0;410;2048;545
167,4861;44,6612;14,30;4,9341;0,3064;0,0000;0,7336;0,0000;0,0000;0,0000;0,3829;-2,71;2,22;0;0,0634;15,76;0;1;1;7;0;0;410;2048;546
167,5000;44,6612;14,30;4,9295;0,3058;0,0000;0,7331;0,0000;0,0000;0,0000;0,3822;-2,53;2,40;0;0,0634;15,76;0;1;1;7;0;0;410;2048;547
167,5139;44,7001;14,30;4,9354;0,3049;0,0000;0,7325;0,0000;0,0000;0,0000;0,3811;-2,49;2,44;0;0,0633;15,80;0;1;1;7;0;0;410;2048;548
167,5278;44,7553;14,30;4,9637;0,3039;0,0000;0,7318;0,0000;0,0000;0,0000;0,3799;-2,50;2,46;0;0,0631;15,86;0;1;1;7;0;0;410;2048;549
167,5417;44,8105;14,30;5,0144;0,3032;0,0000;0,7308;0,0000;0,0000;0,0000;0,3789;-2,51;2,49;0;0,0628;15,92;0;1;1;7;0;0;410;2048;551
167,5556;44,8657;14,30;5,0668;0,3025;0,0000;0,7296;0,0000;0,0000;0,0000;0,3782;-2,52;2,54;0;0,0626;15,97;0;1;1;7;0;0;410;2048;554
167,5694;45,1172;14,30;5,1147;0,3042;0,0000;0,7281;0,0000;0,0000;0,0000;0,3803;-3,24;1,88;0;0,0616;16,24;0;1;1;7;0;0;410;2048;557
167,5833;45,1172;14,30;5,1547;0,3033;0,0000;0,7268;0,0000;0,0000;0,0000;0,3791;-3,05;2,11;0;0,0616;16,24;0;1;1;7;0;0;410;2048;560
167,5972;45,1172;14,30;5,2079;0,3025;0,0000;0,7256;0,0000;0,0000;0,0000;0,3782;-2,85;2,35;0;0,0616;16,24;0;1;1;7;0;0;410;2048;562
167,6111;45,1172;14,30;5,2423;0,3019;0,0000;0,7245;0,0000;0,0000;0,0000;0,3774;-2,66;2,58;0;0,0616;16,24;0;1;1;7;0;0;410;2048;564
167,6250;45,1523;14,30;5,3168;0,3011;0,0000;0,7233;0,0000;0,0000;0,0000;0,3764;-2,59;2,72;0;0,0614;16,28;0;1;1;7;0;0;410;2048;567
167,6389;45,2075;14,10;5,3782;0,3002;0,0000;0,7220;0,0000;0,0000;0,0000;0,3753;-2,58;2,79;0;0,0612;16,33;0;1;1;7;0;0;410;2048;569
167,6528;45,2619;14,10;5,4552;0,2995;0,0000;0,7205;0,0000;0,0000;0,0000;0,3744;-2,58;2,87;0;0,0610;16,39;0;1;1;7;0;0;410;2048;572
167,6667;45,3163;14,10;5,5167;0,2990;0,0000;0,7189;0,0000;0,0000;0,0000;0,3738;-2,56;2,95;0;0,0608;16,44;0;1;1;7;0;0;410;2048;576
167,6806;45,5743;14,10;5,5877;0,3009;0,0000;0,7171;0,0000;0,0000;0,0000;0,3761;-3,26;2,33;0;0,0598;16,71;0;1;1;7;0;0;410;2048;579
167,6944;45,5743;14,10;5,6347;0,3001;0,0000;0,7156;0,0000;0,0000;0,0000;0,3751;-3,05;2,58;0;0,0598;16,71;0;1;1;7;0;0;410;2048;582
167,7083;45,5743;14,10;5,6597;0,2995;0,0000;0,7143;0,0000;0,0000;0,0000;0,3744;-2,85;2,81;0;0,0598;16,71;0;1;1;7;0;0;410;2048;585
167,7222;45,5743;14,10;5,6785;0,2990;0,0000;0,7132;0,0000;0,0000;0,0000;0,3738;-2,64;3,04;0;0,0598;16,71;0;1;1;7;0;0;410;2048;587
167,7361;45,5987;14,10;5,6885;0,2985;0,0000;0,7121;0,0000;0,0000;0,0000;0,3731;-2,51;3,17;0;0,0598;16,73;0;1;1;7;0;0;410;2048;590
167,7500;45,6531;14,10;5,6921;0,2978;0,0000;0,7109;0,0000;0,0000;0,0000;0,3723;-2,49;3,20;0;0,0596;16,78;0;1;1;7;0;0;410;2048;592
167,7639;45,7075;14,10;5,6775;0,2972;0,0000;0,7097;0,0000;0,0000;0,0000;0,3716;-2,47;3,21;0;0,0594;16,84;0;1;1;7;0;0;410;2048;595
167,7778;45,7620;14,10;5,6347;0,2968;0,0000;0,7084;0,0000;0,0000;0,0000;0,3710;-2,45;3,18;0;0,0592;16,89;0;1;1;7;0;0;410;2048;597
167,7917;46,0271;14,10;5,5404;0,2988;0,0000;0,7070;0,0000;0,0000;0,0000;0,3735;-3,14;2,40;0;0,0583;17,15;0;1;1;7;0;0;410;2048;600
167,8056;46,0271;14,10;5,4611;0,2980;0,0000;0,7058;0,0000;0,0000;0,0000;0,3725;-2,94;2,52;0;0,0583;17,15;0;1;1;7;0;0;410;2048;602
167,8194;46,0271;14,10;5,3783;0,2974;0,0000;0,7049;0,0000;0,0000;0,0000;0,3717;-2,75;2,63;0;0,0583;17,15;0;1;1;7;0;0;410;2048;604
167,8333;46,0271;14,10;5,2711;0,2969;0,0000;0,7041;0,0000;0,0000;0,0000;0,3711;-2,55;2,72;0;0,0583;17,15;0;1;1;7;0;0;410;2048;606
167,8472;46,0440;14,10;5,1536;0,2963;0,0000;0,7033;0,0000;0,0000;0,0000;0,3704;-2,42;2,73;0;0,0583;17,16;0;1;1;7;0;0;410;2048;608
167,8611;46,0984;14,10;5,0200;0,2955;0,0000;0,7024;0,0000;0,0000;0,0000;0,3694;-2,42;2,60;0;0,0581;17,21;0;1;1;7;0;0;410;2048;609
167,8750;46,1528;14,10;4,9096;0,2947;0,0000;0,7014;0,0000;0,0000;0,0000;0,3684;-2,42;2,49;0;0,0580;17,25;0;1;1;7;0;0;410;2048;612
167,8889;46,2073;14,10;4,8567;0,2941;0,0000;0,7002;0,0000;0,0000;0,0000;0,3676;-2,42;2,43;0;0,0578;17,30;0;1;1;7;0;0;410;2048;614
167,9028;46,4855;14,10;4,8081;0,2959;0,0000;0,6988;0,0000;0,0000;0,0000;0,3699;-3,16;1,64;0;0,0570;17,55;0;1;1;7;0;0;410;2048;617
167,9167;46,4855;14,10;4,7430;0,2950;0,0000;0,6975;0,0000;0,0000;0,0000;0,3687;-2,99;1,75;0;0,0570;17,55;0;1;1;7;0;0;410;2048;619
167,9306;46,4855;14,10;4,6476;0,2941;0,0000;0,6965;0,0000;0,0000;0,0000;0,3676;-2,82;1,82;0;0,0570;17,55;0;1;1;7;0;0;410;2048;622
167,9444;46,4855;14,10;4,5877;0,2933;0,0000;0,6954;0,0000;0,0000;0,0000;0,3667;-2,66;1,93;0;0,0570;17,55;0;1;1;7;0;0;410;2048;624
167,9583;46,4889;14,10;4,5532;0,2927;0,0000;0,6943;0,0000;0,0000;0,0000;0,3658;-2,50;2,05;0;0,0570;17,55;0;1;1;7;0;0;410;2048;626
167,9722;46,5433;14,10;4,4962;0,2916;0,0000;0,6930;0,0000;0,0000;0,0000;0,3645;-2,51;1,98;0;0,0569;17,59;0;1;1;7;0;0;410;2048;629
167,9861;46,5978;14,10;4,4592;0,2906;0,0000;0,6915;0,0000;0,0000;0,0000;0,3633;-2,53;1,93;0;0,0567;17,63;0;1;1;7;0;0;410;2048;632
168,0000;46,6522;14,10;4,4044;0,2897;0,0000;0,6898;0,0000;0,0000;0,0000;0,3622;-2,54;1,86;0;0,0566;17,67;0;1;1;7;0;0;410;2048;635
168,0139;46,7066;14,10;4,3916;0,2890;0,0000;0,6878;0,0000;0,0000;0,0000;0,3612;-2,56;1,83;0;0,0565;17,71;0;1;1;7;0;0;410;2048;639
168,0278;46,9424;14,10;4,3537;0,2902;0,0000;0,6857;0,0000;0,0000;0,0000;0,3627;-3,16;1,19;0;0,0559;17,88;0;1;1;7;0;0;410;2048;644
168,0417;46,9424;14,10;4,3394;0,2891;0,0000;0,6836;0,0000;0,0000;0,0000;0,3614;-3,00;1,34;0;0,0559;17,88;0;1;1;7;0;0;410;2048;648
168,0556;46,9424;14,10;4,3160;0,2881;0,0000;0,6817;0,0000;0,0000;0,0000;0,3601;-2,84;1,47;0;0,0559;17,88;0;1;1;7;0;0;410;2048;652
168,0694;46,9424;14,10;4,3231;0,2873;0,0000;0,6798;0,0000;0,0000;0,0000;0,3591;-2,69;1,64;0;0,0559;17,88;0;1;1;7;0;0;410;2048;656
168,0833;46,9878;14,10;4,3320;0,2861;0,0000;0,6778;0,0000;0,0000;0,0000;0,3576;-2,67;1,65;0;0,0558;17,91;0;1;1;7;0;0;410;2048;660
168,0972;47,0422;14,10;4,4104;0,2849;0,0000;0,6756;0,0000;0,0000;0,0000;0,3561;-2,69;1,72;0;0,0558;17,93;0;1;1;7;0;0;410;2048;664
168,1111;47,0966;14,10;4,4650;0,2839;0,0000;0,6732;0,0000;0,0000;0,0000;0,3549;-2,70;1,76;0;0,0557;17,96;0;1;1;7;0;0;410;2048;669
168,1250;47,1510;14,10;4,5820;0,2831;0,0000;0,6706;0,0000;0,0000;0,0000;0,3538;-2,70;1,87;0;0,0556;17,99;0;1;1;7;0;0;410;2048;675
168,1389;47,3957;14,50;4,6092;0,2843;0,0000;0,6679;0,0000;0,0000;0,0000;0,3554;-3,31;1,30;0;0,0552;18,12;0;1;1;7;0;0;410;2048;680
168,1528;47,3957;14,50;4,6451;0,2832;0,0000;0,6652;0,0000;0,0000;0,0000;0,3539;-3,13;1,51;0;0,0552;18,12;0;1;1;7;0;0;410;2048;686
168,1667;47,3957;14,50;4,6648;0,2821;0,0000;0,6628;0,0000;0,0000;0,0000;0,3527;-2,96;1,71;0;0,0552;18,12;0;1;1;7;0;0;410;2048;691
168,1806;47,3957;14,50;4,6718;0,2813;0,0000;0,6603;0,0000;0,0000;0,0000;0,3516;-2,78;1,89;0;0,0552;18,12;0;1;1;7;0;0;410;2048;696
168,1944;47,4381;14,50;4,6800;0,2802;0,0000;0,6579;0,0000;0,0000;0,0000;0,3502;-2,74;1,93;0;0,0551;18,13;0;1;1;7;0;0;410;2048;701
168,2083;47,4941;14,50;4,6492;0,2790;0,0000;0,6553;0,0000;0,0000;0,0000;0,3488;-2,74;1,90;0;0,0551;18,15;0;1;1;7;0;0;410;2048;706
168,2222;47,5500;14,50;4,6159;0,2780;0,0000;0,6526;0,0000;0,0000;0,0000;0,3475;-2,75;1,86;0;0,0551;18,16;0;1;1;7;0;0;410;2048;712
168,2361;47,6060;14,50;4,5416;0,2770;0,0000;0,6496;0,0000;0,0000;0,0000;0,3463;-2,75;1,78;0;0,0550;18,17;0;1;1;7;0;0;410;2048;718
168,2500;47,8512;14,50;4,4907;0,2781;0,0000;0,6465;0,0000;0,0000;0,0000;0,3476;-3,36;1,13;0;0,0549;18,23;0;1;1;7;0;0;410;2048;724
168,2639;47,8512;14,50;4,4293;0,2769;0,0000;0,6436;0,0000;0,0000;0,0000;0,3461;-3,19;1,24;0;0,0549;18,23;0;1;1;7;0;0;410;2048;730
168,2778;47,8512;14,50;4,3899;0,2757;0,0000;0,6408;0,0000;0,0000;0,0000;0,3447;-3,03;1,36;0;0,0549;18,23;0;1;1;7;0;0;410;2048;736
168,2917;47,8512;14,50;4,5333;0,2748;0,0000;0,6380;0,0000;0,0000;0,0000;0,3434;-2,86;1,68;0;0,0549;18,23;0;1;1;7;0;0;410;2048;741
168,3056;47,8944;14,50;4,3837;0,2735;0,0000;0,6352;0,0000;0,0000;0,0000;0,3418;-2,83;1,55;0;0,0549;18,22;0;1;1;7;0;0;410;2048;747
168,3194;47,9503;14,50;4,3434;0,2721;0,0000;0,6322;0,0000;0,0000;0,0000;0,3402;-2,84;1,50;0;0,0549;18,21;0;1;1;7;0;0;410;2048;753
168,3333;48,0063;14,50;4,3107;0,2709;0,0000;0,6290;0,0000;0,0000;0,0000;0,3387;-2,86;1,45;0;0,0549;18,20;0;1;1;7;0;0;410;2048;760
168,3472;48,0622;14,50;4,3105;0,2699;0,0000;0,6255;0,0000;0,0000;0,0000;0,3373;-2,87;1,43;0;0,0550;18,19;0;1;1;7;0;0;410;2048;767
168,3611;48,3099;14,50;4,3239;0,2708;0,0000;0,6218;0,0000;0,0000;0,0000;0,3386;-3,49;0,84;0;0,0551;18,15;0;1;1;7;0;0;410;2048;775
168,3750;48,3099;14,50;4,3711;0,2695;0,0000;0,6181;0,0000;0,0000;0,0000;0,3368;-3,32;1,05;0;0,0551;18,15;0;1;1;7;0;0;410;2048;782
168,3889;48,3099;14,50;4,3937;0,2682;0,0000;0,6147;0,0000;0,0000;0,0000;0,3353;-3,16;1,23;0;0,0551;18,15;0;1;1;7;0;0;410;2048;789
168,4028;48,3099;14,50;4,4121;0,2671;0,0000;0,6112;0,0000;0,0000;0,0000;0,3339;-2,99;1,42;0;0,0551;18,15;0;1;1;1;0;0;410;2048;796
168,4167;48,3504;14,50;4,4105;0,2658;0,0000;0,6076;0,0000;0,0000;0,0000;0,3322;-2,96;1,45;0;0,0552;18,11;0;1;1;1;0;0;410;2048;804
168,4306;48,4064;14,50;4,3703;0,2644;0,0000;0,6037;0,0000;0,0000;0,0000;0,3304;-2,97;1,39;0;0,0554;18,06;0;1;1;1;0;0;410;2048;812
168,4444;48,4623;14,50;4,2933;0,2630;0,0000;0,5995;0,0000;0,0000;0,0000;0,3288;-2,99;1,30;0;0,0555;18,02;0;1;1;1;0;0;410;2048;820
168,4583;48,5182;14,50;4,1948;0,2618;0,0000;0,5950;0,0000;0,0000;0,0000;0,3272;-3,01;1,18;0;0,0556;17,97;0;1;1;1;0;0;410;2048;829
168,4722;48,7671;14,50;4,0687;0,2626;0,0000;0,5901;0,0000;0,0000;0,0000;0,3283;-3,65;0,42;0;0,0563;17,77;0;1;1;1;0;0;410;2048;839
168,4861;48,7671;14,50;3,9597;0,2610;0,0000;0,5853;0,0000;0,0000;0,0000;0,3262;-3,50;0,46;0;0,0563;17,77;0;1;1;1;0;0;410;2048;849
168,5000;48,7671;14,50;3,8508;0,2594;0,0000;0,5807;0,0000;0,0000;0,0000;0,3243;-3,36;0,49;0;0,0563;17,77;0;1;1;1;0;0;410;2048;859
168,5139;48,7671;14,50;3,5941;0,2579;0,0000;0,5759;0,0000;0,0000;0,0000;0,3224;-3,22;0,37;0;0,0563;17,77;0;1;1;1;0;0;410;2048;869
168,5278;48,8062;14,50;3,4972;0,2561;0,0000;0,5708;0,0000;0,0000;0,0000;0,3201;-3,22;0,27;0;0,0565;17,69;0;1;1;1;0;0;410;2048;879
168,5417;48,8621;14,50;3,2860;0,2541;0,0000;0,5652;0,0000;0,0000;0,0000;0,3177;-3,28;0,00;0;0,0569;17,59;0;1;1;1;0;0;410;2048;890
168,5556;48,9180;14,50;3,2261;0,2522;0,0000;0,5591;0,0000;0,0000;0,0000;0,3153;-3,35;-0,13;0;0,0572;17,48;0;1;1;1;0;0;410;2048;903
168,5694;48,9739;14,50;3,1137;0,2504;0,0000;0,5524;0,0000;0,0000;0,0000;0,3130;-3,41;-0,31;0;0,0575;17,38;0;1;1;1;0;0;410;2048;917
168,5833;49,2235;14,50;3,0541;0,2507;0,0000;0,5450;0,0000;0,0000;0,0000;0,3133;-4,12;-1,07;0;0,0591;16,93;0;1;1;1;0;0;410;2048;932
168,5972;49,2235;14,50;2,9142;0,2484;0,0000;0,5375;0,0000;0,0000;0,0000;0,3105;-4,01;-1,10;0;0,0591;16,93;0;1;1;1;0;0;410;2048;947
168,6111;49,2235;14,50;2,8462;0,2461;0,0000;0,5300;0,0000;0,0000;0,0000;0,3076;-3,90;-1,06;0;0,0591;16,93;0;1;1;1;0;0;410;2048;963
168,6250;49,2235;14,20;2,8438;0,2439;0,0000;0,5220;0,0000;0,0000;0,0000;0,3049;-3,80;-0,96;0;0,0591;16,93;0;1;1;1;0;0;410;2048;979
168,6389;49,2605;14,20;2,8106;0,2415;0,0000;0,5136;0,0000;0,0000;0,0000;0,3018;-3,83;-1,02;0;0,0596;16,79;0;1;1;1;0;0;410;2048;996
168,6528;49,3152;14,20;2,8079;0,2389;0,0000;0,5045;0,0000;0,0000;0,0000;0,2986;-3,92;-1,12;0;0,0603;16,58;0;1;1;1;0;0;410;2048;1015
168,6667;49,3699;14,20;2,8002;0,2364;0,0000;0,4948;0,0000;0,0000;0,0000;0,2955;-4,01;-1,22;0;0,0611;16,37;0;1;1;1;0;0;410;2048;1035
168,6806;49,4246;14,20;2,8197;0,2340;0,0000;0,4843;0,0000;0,0000;0,0000;0,2925;-4,10;-1,29;0;0,0619;16,17;0;1;1;1;0;0;410;2048;1056
168,6944;49,6787;14,20;2,8461;0,2339;0,0000;0,4733;0,0000;0,0000;0,0000;0,2924;-4,90;-2,05;0;0,0654;15,29;0;1;1;1;0;0;410;2048;1079
168,7083;49,6787;14,20;2,9059;0,2310;0,0000;0,4622;0,0000;0,0000;0,0000;0,2887;-4,79;-1,88;0;0,0654;15,29;0;1;1;1;0;0;410;2048;1101
168,7222;49,6787;14,20;2,9618;0,2282;0,0000;0,4513;0,0000;0,0000;0,0000;0,2852;-4,68;-1,72;0;0,0654;15,29;0;1;1;1;0;0;410;2048;1124
168,7361;49,6787;14,20;3,0426;0,2255;0,0000;0,4402;0,0000;0,0000;0,0000;0,2819;-4,57;-1,53;0;0,0654;15,29;0;1;1;1;0;0;410;2048;1147
168,7500;49,7067;14,20;3,1423;0,2226;0,0000;0,4288;0,0000;0,0000;0,0000;0,2782;-4,57;-1,44;0;0,0665;15,03;0;1;1;1;0;0;410;2048;1170
168,7639;49,7613;14,20;3,2435;0,2194;0,0000;0,4172;0,0000;0,0000;0,0000;0,2743;-4,68;-1,45;0;0,0688;14,53;0;1;1;1;0;0;410;2048;1193
168,7778;49,8160;14,20;3,3626;0,2164;0,0000;0,4055;0,0000;0,0000;0,0000;0,2705;-4,79;-1,44;0;0,0711;14,07;0;1;1;1;0;0;410;2048;1218
168,7917;49,8706;14,20;3,5570;0,2135;0,0000;0,3936;0,0000;0,0000;0,0000;0,2669;-4,89;-1,34;0;0,0734;13,63;0;1;1;1;0;0;410;2048;1242
168,8056;50,1330;14,20;3,7028;0,2136;0,0000;0,3819;0,0000;0,0000;0,0000;0,2671;-5,85;-2,14;0;0,0843;11,86;0;1;1;1;0;0;410;2048;1266
168,8194;50,1330;14,20;3,8520;0,2103;0,0000;0,3706;0,0000;0,0000;0,0000;0,2629;-5,71;-1,86;0;0,0843;11,86;0;1;1;1;0;0;410;2048;1289
168,8333;50,1330;14,20;4,0495;0,2071;0,0000;0,3606;0,0000;0,0000;0,0000;0,2589;-5,56;-1,51;0;0,0843;11,86;0;1;1;1;0;0;410;2048;1310
168,8472;50,1330;14,20;4,2260;0,2041;0,0000;0,3530;0,0000;0,0000;0,0000;0,2552;-5,41;-1,18;0;0,0843;11,86;0;1;1;1;0;0;410;2048;1325
168,8611;50,1550;14,20;4,3930;0,2009;0,0000;0,3470;0,0000;0,0000;0,0000;0,2511;-5,40;-1,02;0;0,0801;12,48;0;1;1;1;0;0;410;2048;1337
168,8750;50,2096;14,30;4,5147;0,1971;0,0000;0,3350;0,0000;0,0000;0,0000;0,2464;-5,61;-1,11;0;0,0699;14,32;0;1;1;1;0;0;410;2048;1362
168,8889;50,2646;14,30;4,6662;0,1935;0,0000;0,0000;0,0000;0,0000;0,0000;0,2418;-5,82;-1,17;0;0,0595;16,81;0;1;1;1;0;0;410;2048;2048
168,9028;50,3196;14,30;4,8153;0,1900;0,0000;0,0000;0,0000;0,0000;0,0000;0,2375;-6,02;-1,22;0;0,0491;20,36;0;1;1;1;0;0;410;2048;2048
168,9167;50,5801;14,30;4,9489;0,1913;0,0000;0,0000;0,0000;0,0000;0,0000;0,2391;-7,64;-2,69;0;0,0000;0,00;0;1;1;1;0;0;410;2048;2048
168,9306;50,5801;14,30;5,0182;0,1869;0,0000;0,0000;0,0000;0,0000;0,0000;0,2336;-7,45;-2,43;0;0,0000;0,00;0;1;1;1;0;0;410;2048;2048
168,9444;50,5801;14,30;5,1121;0,1827;0,0000;0,0000;0,0000;0,0000;0,0000;0,2284;-7,26;-2,15;0;0,0000;0,00;0;1;1;1;0;0;410;2048;2048
168,9583;50,5801;14,30;5,0572;0,1786;0,0000;0,0000;0,0000;0,0000;0,0000;0,2233;-7,08;-2,02;0;0,0000;0,00;0;1;1;1;0;0;410;2048;2048
168,9722;50,6011;14,30;5,0846;0,1747;0,0000;0,0000;0,0000;0,0000;0,0000;0,2183;-6,89;-1,81;0;0,0000;0,00;0;1;1;1;0;0;410;2048;2048
168,9861;50,6561;14,30;5,0996;0,1709;0,0000;0,0000;0,0000;0,0000;0,0000;0,2136;-6,71;-1,61;0;0,0000;0,00;0;1;1;1;0;0;410;2048;2048
169,0000;50,7111;14,30;5,1229;0,1673;0,0000;0,0000;0,0000;0,0000;0,0000;0,2091;-6,52;-1,39;0;0,0001;0,00;0;1;1;1;0;0;410;2048;2048
169,0139;50,7661;14,30;5,1275;0,1638;0,0000;0,0000;0,0000;0,0000;0,0000;0,2047;-6,33;-1,20;0;0,0001;0,00;0;1;1;1;0;0;410;2048;2048
169,0278;51,0380;14,30;5,1094;0,1604;0,0000;0,0000;0,0000;0,0000;0,0000;0,2005;-6,14;-1,03;0;0,0002;0,00;0;1;1;1;0;0;410;2048;2048
169,0417;51,0380;14,30;5,0675;0,1572;0,0000;0,0000;0,0000;0,0000;0,0000;0,1965;-5,95;-0,89;0;0,0002;0,00;0;1;1;1;0;0;410;2048;2048
169,0556;51,0380;14,30;5,0531;0,1541;0,0000;0,0000;0,0000;0,0000;0,0000;0,1927;-5,77;-0,72;1;0,0002;0,00;0;1;1;1;0;0;410;2048;2048
169,0694;51,0380;14,30;5,0330;0,1512;0,0000;0,0000;0,0000;0,0000;0,0000;0,1890;-5,58;-0,55;1;0,0002;0,00;0;1;1;1;0;0;410;2048;2048
169,0833;51,0414;14,30;5,0064;0,1484;0,0000;0,0000;0,0000;0,0000;0,0000;0,1855;-5,40;-0,39;1;0,0002;0,00;0;1;1;1;0;0;410;2048;2048
169,0972;51,0965;14,30;4,9926;0,1457;0,0000;0,0000;0,0000;0,0000;0,0000;0,1821;-5,22;-0,22;1;0,0002;0,00;0;1;1;1;0;0;410;2048;2048
169,1111;51,1516;14,30;4,9470;0,1432;0,0000;0,0000;0,0000;0,0000;0,0000;0,1789;-5,04;-0,09;1;0,0002;0,00;0;1;1;1;0;0;410;2048;2048
169,1250;51,2067;14,30;4,8918;0,1407;0,0000;0,0000;0,0000;0,0000;0,0000;0,1759;-4,86;0,03;1;0,0002;0,00;0;1;1;1;0;0;410;2048;2048
169,1389;51,2619;14,30;4,8491;0,1385;0,0000;0,0000;0,0000;0,0000;0,0000;0,1731;-4,68;0,17;1;0,0001;0,00;0;1;1;1;0;0;410;2048;2048
169,1528;51,4933;14,30;4,7966;0,1363;0,0000;0,0000;0,0000;0,0000;0,0000;0,1703;-4,50;0,29;1;0,0000;0,00;0;1;1;1;0;0;410;2048;2048
169,1667;51,4933;14,30;4,7332;0,1342;0,0000;0,0000;0,0000;0,0000;0,0000;0,1678;-4,33;0,40;1;0,0000;0,00;0;1;1;1;0;0;410;2048;2048
169,1806;51,4933;14,30;4,6525;0,1323;0,0000;0,0000;0,0000;0,0000;0,0000;0,1653;-4,16;0,49;1;0,0000;0,00;0;1;1;1;0;0;410;2048;2048
169,1944;51,4933;14,30;4,5955;0,1304;0,0000;0,0000;0,0000;0,0000;0,0000;0,1631;-3,99;0,61;1;0,0000;0,00;0;1;1;1;0;0;410;2048;2048
169,2083;51,5376;14,30;4,5701;0,1288;0,0000;0,0000;0,0000;0,0000;0,0000;0,1609;-3,82;0,75;1;0,0000;0,00;0;1;1;1;0;0;410;2048;2048
169,2222;51,5927;14,30;4,5454;0,1272;0,0000;0,0000;0,0000;0,0000;0,0000;0,1589;-3,65;0,89;1;0,0000;0,00;0;1;1;1;0;0;410;2048;2048
169,2361;51,6479;14,30;4,5233;0,1257;0,0000;0,0000;0,0000;0,0000;0,0000;0,1571;-3,49;1,04;1;0,0000;0,00;0;1;1;1;0;0;410;2048;2048
169,2500;51,7030;14,30;4,4821;0,1243;0,0000;0,0000;0,0000;0,0000;0,0000;0,1554;-3,32;1,16;1;0,0000;0,00;0;1;1;1;0;0;410;2048;2048
169,2639;51,9471;14,30;4,4616;0,1231;0,0000;0,0000;0,0000;0,0000;0,0000;0,1539;-3,16;1,30;1;0,0000;0,00;0;1;1;1;0;0;410;2048;2048
169,2778;51,9471;14,30;4,4446;0,1220;0,0000;0,0000;0,0000;0,0000;0,0000;0,1525;-3,00;1,45;1;0,0000;0,00;0;1;1;1;0;0;410;2048;2048
169,2917;51,9471;14,30;4,4068;0,1210;0,0000;0,0000;0,0000;0,0000;0,0000;0,1513;-2,83;1,57;1;0,0000;0,00;0;1;1;1;0;0;410;2048;2048
169,3056;51,9471;14,30;4,3981;0,1202;0,0000;0,0000;0,0000;0,0000;0,0000;0,1502;-2,67;1,73;1;0,0000;0,00;0;1;1;1;0;0;410;2048;2048
169,3194;51,9789;14,30;4,3477;0,1194;0,0000;0,0000;0,0000;0,0000;0,0000;0,1493;-2,51;1,84;1;0,0000;0,00;0;1;1;1;0;0;410;2048;2048
169,3333;52,0341;14,30;4,3040;0,1187;0,0000;0,0000;0,0000;0,0000;0,0000;0,1484;-2,35;1,95;1;0,0000;0,00;0;1;1;1;0;0;410;2048;2048
169,3472;52,0893;14,30;4,2191;0,1182;0,0000;0,0000;0,0000;0,0000;0,0000;0,1478;-2,20;2,02;1;0,0000;0,00;0;1;1;1;0;0;410;2048;2048
169,3611;52,1445;14,30;4,1363;0,1178;0,0000;0,0000;0,0000;0,0000;0,0000;0,1472;-2,05;2,09;1;0,0000;0,00;0;1;1;1;0;0;410;2048;2048
169,3750;52,4048;14,20;4,0091;0,1174;0,0000;0,0000;0,0000;0,0000;0,0000;0,1468;-1,90;2,11;1;0,0000;0,00;0;1;1;1;0;0;410;2048;2048
169,3889;52,4048;14,20;3,8984;0,1172;0,0000;0,0000;0,0000;0,0000;0,0000;0,1465;-1,76;2,14;1;0,0000;0,00;0;1;1;1;0;0;410;2048;2048
169,4028;52,4048;14,20;3,7370;0,1170;0,0000;0,0000;0,0000;0,0000;0,0000;0,1462;-1,62;2,12;1;0,0000;0,00;0;1;1;3;0;0;410;2048;2048
169,4167;52,4048;14,20;3,5405;0,1168;0,0000;0,0000;0,0000;0,0000;0,0000;0,1460;-1,49;2,05;1;0,0000;0,00;0;1;1;3;0;0;410;2048;2048
169,4306;52,4189;14,20;3,2962;0,1167;0,0000;0,0000;0,0000;0,0000;0,0000;0,1458;-1,37;1,93;1;0,0000;0,00;0;1;1;3;0;0;410;2048;2048
169,4444;52,4737;14,20;3,0841;0,1166;0,0000;0,0000;0,0000;0,0000;0,0000;0,1457;-1,25;1,83;1;0,0000;0,00;0;1;1;3;0;0;410;2048;2048
169,4583;52,5285;14,20;2,8731;0,1165;0,0000;0,0000;0,0000;0,0000;0,0000;0,1456;-1,15;1,72;1;0,0000;0,00;0;1;1;3;0;0;410;2048;2048
169,4722;52,5832;14,20;2,6553;0,1164;0,0000;0,0000;0,0000;0,0000;0,0000;0,1455;-1,05;1,60;1;0,0000;0,00;0;1;1;3;0;0;410;2048;2048
169,4861;52,8596;14,20;2,4318;0,1164;0,0000;0,0000;0,0000;0,0000;0,0000;0,1454;-0,96;1,47;1;0,0000;0,00;0;1;1;3;0;0;410;2048;2048
169,5000;52,8596;14,20;2,1966;0,1163;0,0000;0,0000;0,0000;0,0000;0,0000;0,1453;-0,88;1,31;1;0,0000;0,00;0;1;1;3;0;0;410;2048;2048
169,5139;52,8596;14,20;1,9926;0,1162;0,0000;0,0000;0,0000;0,0000;0,0000;0,1452;-0,81;1,18;1;0,0000;0,00;0;1;1;3;0;0;410;2048;2048
169,5278;52,8596;14,20;1,7913;0,1161;0,0000;0,0000;0,0000;0,0000;0,0000;0,1452;-0,74;1,05;1;0,0000;0,00;0;1;1;3;0;0;410;2048;2048
169,5417;52,8596;14,20;1,5981;0,1161;0,0000;0,0000;0,0000;0,0000;0,0000;0,1451;-0,68;0,91;1;0,0000;0,00;0;1;1;3;0;0;410;2048;2048
169,5556;52,9120;14,20;1,3930;0,1160;0,0000;0,0000;0,0000;0,0000;0,0000;0,1450;-0,63;0,76;1;0,0000;0,00;0;1;1;3;0;0;410;2048;2048
169,5694;52,9668;14,20;1,1785;0,1159;0,0000;0,0000;0,0000;0,0000;0,0000;0,1448;-0,59;0,59;1;0,0000;0,00;0;1;1;3;0;0;410;2048;2048
169,5833;53,0215;14,20;0,9991;0,1157;0,0000;0,0000;0,0000;0,0000;0,0000;0,1446;-0,55;0,45;1;0,0000;0,00;0;1;1;3;0;0;410;2048;2048
169,5972;53,0763;14,20;0,8098;0,1156;0,0000;0,0000;0,0000;0,0000;0,0000;0,1444;-0,52;0,29;1;0,0000;0,00;0;1;1;3;0;0;410;2048;2048
169,6111;53,3159;14,20;0,6900;0,1154;0,0000;0,0000;0,0000;0,0000;0,0000;0,1442;-0,50;0,19;1;0,0000;0,00;0;1;1;3;0;0;410;2048;2048
169,6250;53,3159;14,20;0,5468;0,1152;0,0000;0,0000;0,0000;0,0000;0,0000;0,1439;-0,48;0,07;1;0,0000;0,00;0;1;1;3;0;0;410;2048;2048
169,6389;53,3159;14,20;0,5017;0,1149;0,0000;0,0000;0,0000;0,0000;0,0000;0,1437;-0,46;0,04;1;0,0000;0,00;0;1;1;3;0;0;410;2048;2048
169,6528;53,3159;14,20;0,4002;0,1147;0,0000;0,0000;0,0000;0,0000;0,0000;0,1434;-0,44;-0,04;1;0,0000;0,00;0;1;1;3;0;0;410;2048;2048
169,6667;53,3502;14,20;0,3411;0,1145;0,0000;0,0000;0,0000;0,0000;0,0000;0,1431;-0,43;-0,09;1;0,0000;0,00;0;1;1;3;0;0;410;2048;2048
169,6806;53,4050;14,20;0,2110;0,1142;0,0000;0,0000;0,0000;0,0000;0,0000;0,1428;-0,42;-0,21;1;0,0000;0,00;0;1;1;3;0;0;410;2048;2048
169,6944;53,4598;14,20;0,1320;0,1140;0,0000;0,0000;0,0000;0,0000;0,0000;0,1425;-0,42;-0,28;1;0,0000;0,00;0;1;1;3;0;0;410;2048;2048
169,7083;53,5146;14,20;0,0520;0,1137;0,0000;0,0000;0,0000;0,0000;0,0000;0,1421;-0,41;-0,36;1;0,0000;0,00;0;1;1;3;0;0;410;2048;2048
169,7222;53,7721;14,20;-0,0193;0,1134;0,0000;0,0000;0,0000;0,0000;0,0000;0,1417;-0,41;-0,43;1;0,0000;0,00;0;1;1;3;0;0;410;2048;2048
169,7361;53,7721;14,20;-0,0369;0,1130;0,0000;0,0000;0,0000;0,0000;0,0000;0,1413;-0,42;-0,45;1;0,0000;0,00;0;1;1;3;0;0;410;2048;2048
169,7500;53,7721;14,20;-0,1138;0,1127;0,0000;0,0000;0,0000;0,0000;0,0000;0,1409;-0,42;-0,53;1;0,0000;0,00;0;1;1;3;0;0;410;2048;2048
169,7639;53,7721;14,20;-0,1148;0,1124;0,0000;0,0000;0,0000;0,0000;0,0000;0,1405;-0,42;-0,54;1;0,0000;0,00;0;1;1;3;0;0;410;2048;2048
169,7778;53,7884;14,20;-0,1346;0,1120;0,0000;0,0000;0,0000;0,0000;0,0000;0,1400;-0,43;-0,56;1;0,0000;0,00;0;1;1;3;0;0;410;2048;2048
169,7917;53,8432;14,20;-0,1183;0,1117;0,0000;0,0000;0,0000;0,0000;0,0000;0,1396;-0,43;-0,55;1;0,0000;0,00;0;1;1;3;0;0;410;2048;2048
169,8056;53,8980;14,20;-0,0951;0,1113;0,0000;0,0000;0,0000;0,0000;0,0000;0,1392;-0,43;-0,53;1;0,0000;0,00;0;1;1;3;0;0;410;2048;2048
169,8194;53,9528;14,20;-0,0119;0,1110;0,0000;0,0000;0,0000;0,0000;0,0000;0,1388;-0,43;-0,45;1;0,0000;0,00;0;1;1;3;0;0;410;2048;2048
169,8333;54,2281;14,20;0,1201;0,1107;0,0000;0,0000;0,0000;0,0000;0,0000;0,1384;-0,43;-0,31;1;0,0000;0,00;0;1;1;3;0;0;410;2048;2048
169,8472;54,2281;14,20;0,2818;0,1105;0,0000;0,0000;0,0000;0,0000;0,0000;0,1381;-0,42;-0,14;1;0,0000;0,00;0;1;1;3;0;0;410;2048;2048
169,8611;54,2281;14,20;0,4351;0,1103;0,0000;0,0000;0,0000;0,0000;0,0000;0,1379;-0,40;0,03;1;0,0000;0,00;0;1;1;3;0;0;410;2048;2048
169,8750;54,2281;14,10;0,6187;0,1102;0,0000;0,0000;0,0000;0,0000;0,0000;0,1378;-0,38;0,24;1;0,0000;0,00;0;1;1;3;0;0;410;2048;2048
169,8889;54,2281;14,10;0,7887;0,1102;0,0000;0,0000;0,0000;0,0000;0,0000;0,1377;-0,35;0,44;1;0,0000;0,00;0;1;1;3;0;0;410;2048;2048
169,9028;54,2807;14,10;0,9865;0,1102;0,0000;0,0000;0,0000;0,0000;0,0000;0,1378;-0,31;0,67;1;0,0000;0,00;0;1;1;3;0;0;410;2048;2048
169,9167;54,3351;14,10;1,1326;0,1103;0,0000;0,0000;0,0000;0,0000;0,0000;0,1379;-0,27;0,86;1;0,0000;0,00;0;1;1;3;0;0;410;2048;2048
169,9306;54,3895;14,10;1,1863;0,1105;0,0000;0,0000;0,0000;0,0000;0,0000;0,1381;-0,23;0,96;1;0,0000;0,00;0;1;1;3;0;0;410;2048;2048
169,9444;54,4439;14,10;1,2576;0,1107;0,0000;0,0000;0,0000;0,0000;0,0000;0,1384;-0,18;1,07;1;0,0000;0,00;0;1;1;3;0;0;410;2048;2048
169,9583;54,6842;14,10;1,3406;0,1110;0,0000;0,0000;0,0000;0,0000;0,0000;0,1387;-0,13;1,21;1;0,0000;0,00;0;1;1;3;0;0;410;2048;2048
169,9722;54,6842;14,10;1,4151;0,1113;0,0000;0,0000;0,0000;0,0000;0,0000;0,1391;-0,08;1,33;1;0,0000;0,00;0;1;1;3;0;0;410;2048;2048
169,9861;54,6842;14,10;1,4783;0,1117;0,0000;0,0000;0,0000;0,0000;0,0000;0,1396;-0,03;1,45;1;0,0000;0,00;0;1;1;3;0;0;410;2048;2048
170,0000;54,6842;14,10;1,5433;0,1122;0,0000;0,0000;0,0000;0,0000;0,0000;0,1402;0,03;1,57;1;0,0000;0,00;0;1;1;3;0;0;410;2048;2048
170,0139;54,7159;14,10;1,6128;0,1127;0,0000;0,0000;0,0000;0,0000;0,0000;0,1408;0,09;1,70;1;0,0000;0,00;0;1;1;3;0;0;410;2048;2048
170,0278;54,7703;14,10;1,6495;0,1133;0,0000;0,0000;0,0000;0,0000;0,0000;0,1416;0,15;1,80;1;0,0000;0,00;0;1;1;3;0;0;410;2048;2048
170,0417;54,8247;14,10;1,6937;0,1139;0,0000;0,0000;0,0000;0,0000;0,0000;0,1424;0,21;1,90;1;0,0000;0,00;0;1;1;3;0;0;410;2048;2048
170,0556;54,8791;14,10;1,6957;0,1146;0,0000;0,0000;0,0000;0,0000;0,0000;0,1432;0,27;1,97;1;0,0000;0,00;0;1;1;3;0;0;410;2048;2048
170,0694;55,1393;14,10;1,6963;0,1153;0,0000;0,0000;0,0000;0,0000;0,0000;0,1441;0,33;2,03;1;0,0000;0,00;0;1;1;3;0;0;410;2048;2048
170,0833;55,1393;14,10;1,6878;0,1161;0,0000;0,0000;0,0000;0,0000;0,0000;0,1451;0,40;2,08;1;0,0000;0,00;0;1;1;3;0;0;410;2048;2048
170,0972;55,1393;14,10;1,6507;0,1169;0,0000;0,0000;0,0000;0,0000;0,0000;0,1461;0,46;2,11;1;0,0000;0,00;0;1;1;3;0;0;410;2048;2048
170,1111;55,1393;14,10;1,5690;0,1177;0,0000;0,0000;0,0000;0,0000;0,0000;0,1471;0,51;2,08;1;0,0000;0,00;0;1;1;3;0;0;410;2048;2048
170,1250;55,1510;14,10;1,4252;0,1185;0,0000;0,0000;0,0000;0,0000;0,0000;0,1482;0,57;1,99;1;0,0000;0,00;0;1;1;3;0;0;410;2048;2048
170,1389;55,2054;14,10;1,2630;0,1193;0,0000;0,0000;0,0000;0,0000;0,0000;0,1492;0,61;1,87;1;0,0000;0,00;0;1;1;3;0;0;410;2048;2048
170,1528;55,2598;14,10;1,1084;0,1201;0,0000;0,0000;0,0000;0,0000;0,0000;0,1502;0,65;1,76;1;0,0000;0,00;0;1;1;3;0;0;410;2048;2048
170,1667;55,3142;14,10;0,9417;0,1209;0,0000;0,0000;0,0000;0,0000;0,0000;0,1511;0,69;1,63;1;0,0000;0,00;0;1;1;3;0;0;410;2048;2048
170,1806;55,5966;14,10;0,7110;0,1217;0,0000;0,0000;0,0000;0,0000;0,0000;0,1521;0,71;1,42;1;0,0000;0,00;0;1;1;3;0;0;410;2048;2048
170,1944;55,5966;14,10;0,4397;0,1223;0,0000;0,0000;0,0000;0,0000;0,0000;0,1529;0,73;1,17;1;0,0000;0,00;0;1;1;3;0;0;410;2048;2048
170,2083;55,5966;14,10;0,3208;0,1230;0,0000;0,0000;0,0000;0,0000;0,0000;0,1538;0,74;1,06;1;0,0000;0,00;0;1;1;3;0;0;410;2048;2048
170,2222;55,5966;14,10;0,2347;0,1236;0,0000;0,0000;0,0000;0,0000;0,0000;0,1546;0,75;0,98;1;0,0000;0,00;0;1;1;3;0;0;410;2048;2048
170,2361;55,5966;14,10;0,1197;0,1243;0,0000;0,0000;0,0000;0,0000;0,0000;0,1553;0,75;0,87;1;0,0000;0,00;0;1;1;3;0;0;410;2048;2048
170,2500;55,6405;14,10;0,0254;0,1249;0,0000;0,0000;0,0000;0,0000;0,0000;0,1561;0,76;0,78;1;0,0000;0,00;0;1;1;3;0;0;410;2048;2048
170,2639;55,6949;14,10;-0,0514;0,1254;0,0000;0,0000;0,0000;0,0000;0,0000;0,1568;0,75;0,70;1;0,0000;0,00;0;1;1;3;0;0;410;2048;2048
170,2778;55,7493;14,10;-0,0695;0,1260;0,0000;0,0000;0,0000;0,0000;0,0000;0,1575;0,75;0,68;1;0,0000;0,00;0;1;1;3;0;0;410;2048;2048
170,2917;55,8037;14,10;-0,1611;0,1265;0,0000;0,0000;0,0000;0,0000;0,0000;0,1582;0,75;0,59;1;0,0000;0,00;0;1;1;3;0;0;410;2048;2048
170,3056;56,0516;14,10;-0,2196;0,1270;0,0000;0,0000;0,0000;0,0000;0,0000;0,1588;0,74;0,52;1;0,0001;0,00;0;1;1;3;0;0;410;2048;2048
170,3194;56,0516;14,10;-0,2620;0,1275;0,0000;0,0000;0,0000;0,0000;0,0000;0,1594;0,73;0,47;1;0,0001;0,00;0;1;1;3;0;0;410;2048;2048
170,3333;56,0516;14,10;-0,2817;0,1280;0,0000;0,0000;0,0000;0,0000;0,0000;0,1600;0,72;0,44;1;0,0001;0,00;0;1;1;3;0;0;410;2048;2048
170,3472;56,0516;14,10;-0,3043;0,1285;0,0000;0,0000;0,0000;0,0000;0,0000;0,1606;0,71;0,41;1;0,0001;0,00;0;1;1;3;0;0;410;2048;2048
170,3611;56,0757;14,10;-0,3453;0,1289;0,0000;0,0000;0,0000;0,0000;0,0000;0,1612;0,70;0,35;1;0,0001;0,00;0;1;1;3;0;0;410;2048;2048
170,3750;56,1301;14,10;-0,3537;0,1294;0,0000;0,0000;0,0000;0,0000;0,0000;0,1617;0,68;0,33;1;0,0001;0,00;0;1;1;3;0;0;410;2048;2048
170,3889;56,1845;14,10;-0,3960;0,1298;0,0000;0,0000;0,0000;0,0000;0,0000;0,1622;0,67;0,27;1;0,0001;0,00;0;1;1;3;0;0;410;2048;2048
170,4028;56,2389;14,10;-0,5234;0,1301;0,0000;0,0000;0,0000;0,0000;0,0000;0,1627;0,65;0,13;1;0,0000;0,00;0;1;1;1;1;0;410;2048;2048
170,4167;56,5093;14,10;-0,6131;0,1305;0,0000;0,0000;0,0000;0,0000;0,0000;0,1631;0,63;0,02;1;0,0000;0,00;0;1;1;1;1;0;410;2048;2048
170,4306;56,5093;14,10;-0,7205;0,1308;0,0000;0,0000;0,0000;0,0000;0,0000;0,1634;0,60;-0,12;1;0,0000;0,00;0;1;1;1;1;0;410;2048;2048
170,4444;56,5093;14,10;-0,8310;0,1310;0,0000;0,0000;0,0000;0,0000;0,0000;0,1637;0,58;-0,26;1;0,0000;0,00;0;1;1;1;1;0;410;2048;2048
170,4583;56,5093;14,10;-0,9437;0,1312;0,0000;0,0000;0,0000;0,0000;0,0000;0,1639;0,54;-0,40;1;0,0000;0,00;0;1;1;1;1;0;410;2048;2048
170,4722;56,5109;14,10;-1,1124;0,1313;0,0000;0,0000;0,0000;0,0000;0,0000;0,1641;0,50;-0,61;1;0,0000;0,00;0;1;1;1;1;0;410;2048;2048
170,4861;56,5653;14,10;-1,2479;0,1313;0,0000;0,0000;0,0000;0,0000;0,0000;0,1641;0,46;-0,79;1;0,0000;0,00;0;1;1;1;1;0;410;2048;2048
170,5000;56,6197;14,10;-1,4612;0,1312;0,0000;0,0000;0,0000;0,0000;0,0000;0,1640;0,40;-1,06;1;0,0000;0,00;0;1;1;1;1;0;410;2048;2048
170,5139;56,6741;14,10;-1,5572;0,1311;0,0000;0,0000;0,0000;0,0000;0,0000;0,1638;0,35;-1,21;1;0,0001;0,00;0;1;1;1;1;0;410;2048;2048
170,5278;56,7285;14,10;-1,7509;0,1308;0,0000;0,0000;0,0000;0,0000;0,0000;0,1635;0,28;-1,47;1;0,0001;0,00;0;1;1;1;1;0;410;2048;2048
170,5417;56,9652;14,10;-1,8992;0,1305;0,0000;0,0000;0,0000;0,0000;0,0000;0,1631;0,22;-1,68;1;0,0002;0,00;0;1;1;1;1;0;410;2048;2048
170,5556;56,9652;14,10;-2,0782;0,1300;0,0000;0,0000;0,0000;0,0000;0,0000;0,1625;0,14;-1,94;1;0,0002;0,00;0;1;1;1;1;0;410;2048;2048
170,5694;56,9652;14,10;-2,2674;0,1295;0,0000;0,0000;0,0000;0,0000;0,0000;0,1619;0,06;-2,21;1;0,0002;0,00;0;1;1;1;1;0;410;2048;2048
170,5833;56,9652;14,10;-2,3711;0,1288;0,0000;0,0000;0,0000;0,0000;0,0000;0,1610;-0,02;-2,40;1;0,0002;0,00;0;1;1;1;1;0;410;2048;2048
170,5972;57,0005;14,10;-2,5023;0,1281;0,0000;0,0000;0,0000;0,0000;0,0000;0,1601;-0,11;-2,61;1;0,0022;0,00;0;1;1;1;1;0;410;2048;2048
170,6111;57,0549;14,10;-2,5473;0,1273;0,0000;0,0000;0,0000;0,0000;0,0000;0,1591;-0,19;-2,74;1;0,0054;0,00;0;1;1;1;1;0;410;2048;2048
170,6250;57,1092;14,10;-2,6513;0,1263;0,0000;0,0000;0,0000;0,0000;0,0000;0,1579;-0,28;-2,93;1;0,0085;0,00;0;1;1;1;1;0;410;2048;2048
170,6389;57,1636;14,10;-2,6486;0,1252;0,0000;0,0000;0,0000;0,0000;0,0000;0,1566;-0,37;-3,02;1;0,0116;0,00;0;1;1;1;1;0;410;2048;2048
170,6528;57,4182;14,10;-2,6248;0,1240;0,0000;0,0000;0,0000;0,0000;0,0000;0,1549;-0,43;-3,06;1;0,0264;37,94;0;1;1;1;1;0;410;2048;2048
170,6667;57,4182;14,10;-2,8254;0,1228;0,0000;0,0000;0,0000;0,0000;0,0000;0,1535;-0,53;-3,36;1;0,0264;37,94;0;1;1;1;1;0;410;2048;2048
170,6806;57,4182;14,10;-2,9785;0,1214;0,0000;0,0000;0,0000;0,0000;0,0000;0,1518;-0,64;-3,62;1;0,0264;37,94;0;1;1;1;1;0;410;2048;2048
170,6944;57,4182;14,10;-3,0787;0,1200;0,0000;0,0000;0,0000;0,0000;0,0000;0,1500;-0,75;-3,83;1;0,0264;37,94;0;1;1;1;1;0;410;2048;2048
170,7083;57,4344;14,10;-3,1679;0,1186;0,0000;0,0000;0,0000;0,0000;0,0000;0,1482;-0,84;-4,01;1;0,0264;37,85;0;1;1;1;1;0;410;2048;2048
170,7222;57,4888;14,10;-3,2773;0,1172;0,0000;0,0000;0,0000;0,0000;0,0000;0,1465;-0,88;-4,15;1;0,0266;37,55;0;1;1;1;1;0;410;2048;2048
170,7361;57,5432;14,10;-3,4015;0,1157;0,0000;0,0000;0,0000;0,0000;0,0000;0,1446;-0,92;-4,32;1;0,0268;37,25;0;1;1;1;1;0;410;2048;2048
170,7500;57,5976;14,10;-3,4791;0,1141;0,0000;0,0000;0,0000;0,0000;0,0000;0,1426;-0,96;-4,44;1;0,0271;36,95;0;1;1;1;1;0;410;2048;2048
170,7639;57,8783;14,10;-3,5504;0,1111;0,0000;0,0000;0,0000;0,0000;0,0000;0,1389;-0,65;-4,20;1;0,0282;35,51;0;1;1;1;1;0;410;2048;2048
170,7778;57,8783;14,10;-3,6551;0,1095;0,0000;0,0000;0,0000;0,0000;0,0000;0,1369;-0,79;-4,44;1;0,0282;35,51;0;1;1;1;1;0;410;2048;2048
170,7917;57,8783;14,10;-3,7312;0,1078;0,0000;0,0000;0,0000;0,0000;0,0000;0,1348;-0,92;-4,65;0;0,0282;35,51;0;1;1;1;1;0;410;2048;2048
170,8056;57,8783;14,10;-3,8516;0,1059;0,0000;0,0000;0,0000;0,0000;0,0000;0,1324;-1,06;-4,91;0;0,0282;35,51;0;1;1;1;1;0;410;2048;2048
170,8194;57,8783;14,10;-3,8757;0,1039;0,0000;0,0000;0,0000;0,0000;0,0000;0,1299;-1,20;-5,08;0;0,0282;35,51;0;1;1;1;1;0;410;2048;2048
170,8333;57,9220;14,10;-3,9954;0,1020;0,0000;0,0000;0,0000;0,0000;0,0000;0,1276;-1,28;-5,27;0;0,0284;35,27;0;1;1;1;1;0;410;2048;2048
170,8472;57,9764;14,10;-4,0744;0,1001;0,0000;0,0000;0,0000;0,0000;0,0000;0,1251;-1,34;-5,41;0;0,0286;34,98;0;1;1;1;1;0;410;2048;2048
170,8611;58,0307;14,10;-4,0902;0,0980;0,0000;0,0000;0,0000;0,0000;0,0000;0,1225;-1,39;-5,48;0;0,0288;34,70;0;1;1;1;1;0;410;2048;2048
170,8750;58,0851;14,10;-4,1640;0,0957;0,0000;0,0000;0,0000;0,0000;0,0000;0,1197;-1,46;-5,62;0;0,0290;34,42;0;1;1;1;1;0;410;2048;2048
170,8889;58,3296;14,10;-4,1819;0,0924;0,0000;0,0000;0,0000;0,0000;0,0000;0,1155;-1,20;-5,38;0;0,0301;33,23;0;1;1;1;1;0;410;2048;2048
170,9028;58,3296;14,10;-4,1947;0,0902;0,0000;0,0000;0,0000;0,0000;0,0000;0,1127;-1,35;-5,55;0;0,0301;33,23;0;1;1;1;1;0;410;2048;2048
170,9167;58,3296;14,10;-4,1989;0,0879;0,0000;0,0000;0,0000;0,0000;0,0000;0,1099;-1,51;-5,70;0;0,0301;33,23;0;1;1;1;1;0;410;2048;2048
170,9306;58,3296;14,10;-4,1956;0,0855;0,0000;0,0000;0,0000;0,0000;0,0000;0,1069;-1,66;-5,85;0;0,0301;33,23;0;1;1;1;1;0;410;2048;2048
170,9444;58,3553;14,10;-4,1507;0,0831;0,0000;0,0000;0,0000;0,0000;0,0000;0,1039;-1,76;-5,91;0;0,0302;33,10;0;1;1;1;1;0;410;2048;2048
170,9583;58,4096;14,10;-4,0704;0,0808;0,0000;0,0000;0,0000;0,0000;0,0000;0,1010;-1,82;-5,88;0;0,0305;32,82;0;1;1;1;1;0;410;2048;2048
170,9722;58,4639;14,10;-3,9098;0,0785;0,0000;0,0000;0,0000;0,0000;0,0000;0,0981;-1,86;-5,77;0;0,0307;32,55;0;1;1;1;1;0;410;2048;2048
170,9861;58,5183;14,10;-3,7894;0,0760;0,0000;0,0000;0,0000;0,0000;0,0000;0,0950;-1,90;-5,69;0;0,0310;32,28;0;1;1;1;1;0;410;2048;2048
171,0000;58,7893;14,10;-3,5971;0,0723;0,0000;0,0000;0,0000;0,0000;0,0000;0,0903;-1,55;-5,15;0;0,0322;31,02;0;1;1;1;1;0;410;2048;2048
171,0139;58,7893;14,10;-3,3360;0,0701;0,0000;0,0000;0,0000;0,0000;0,0000;0,0876;-1,67;-5,01;0;0,0322;31,02;0;1;1;1;1;0;410;2048;2048
171,0278;58,7893;14,10;-2,9942;0,0679;0,0000;0,0000;0,0000;0,0000;0,0000;0,0849;-1,78;-4,78;0;0,0322;31,02;0;1;1;1;1;0;410;2048;2048
171,0417;58,7893;14,10;-2,7185;0,0657;0,0000;0,0000;0,0000;0,0000;0,0000;0,0821;-1,88;-4,60;0;0,0322;31,02;0;1;1;1;1;0;410;2048;2048
171,0556;58,7893;14,10;-2,4895;0,0635;0,0000;0,0000;0,0000;0,0000;0,0000;0,0794;-1,97;-4,46;0;0,0322;31,02;0;1;1;1;1;0;410;2048;2048
171,0694;58,8431;14,10;-2,2286;0,0617;0,0000;0,0000;0,0000;0,0000;0,0000;0,0771;-1,95;-4,18;0;0,0325;30,76;0;1;1;1;1;0;410;2048;2048
171,0833;58,8974;14,10;-1,9958;0,0598;0,0000;0,0000;0,0000;0,0000;0,0000;0,0748;-1,92;-3,91;0;0,0328;30,50;0;1;1;1;1;0;410;2048;2048
171,0972;58,9518;14,10;-1,7551;0,0580;0,0000;0,0000;0,0000;0,0000;0,0000;0,0725;-1,88;-3,63;0;0,0331;30,25;0;1;1;1;1;0;410;2048;2048
171,1111;59,0061;14,10;-1,7069;0,0561;0,0000;0,0000;0,0000;0,0000;0,0000;0,0701;-1,84;-3,54;0;0,0333;29,99;0;1;1;1;1;0;410;2048;2048
171,1250;59,2418;14,10;-1,3908;0,0532;0,0000;0,0000;0,0000;0,0000;0,0000;0,0665;-1,44;-2,83;0;0,0345;28,95;0;1;1;1;1;0;410;2048;2048
171,1389;59,2418;14,20;-1,3277;0,0517;0,0000;0,0000;0,0000;0,0000;0,0000;0,0646;-1,49;-2,82;0;0,0345;28,95;0;1;1;1;1;0;410;2048;2048
171,1528;59,2418;14,20;-1,1209;0,0502;0,0000;0,0000;0,0000;0,0000;0,0000;0,0627;-1,53;-2,65;0;0,0345;28,95;0;1;1;1;1;0;410;2048;2048
171,1667;59,2418;14,20;-1,0761;0,0487;0,0000;0,0000;0,0000;0,0000;0,0000;0,0608;-1,57;-2,65;0;0,0345;28,95;0;1;1;1;1;0;410;2048;2048
171,1806;59,2781;14,20;-1,0670;0,0474;0,0000;0,0000;0,0000;0,0000;0,0000;0,0592;-1,53;-2,60;0;0,0347;28,79;0;1;1;1;1;0;410;2048;2048
171,1944;59,3329;14,20;-1,0598;0,0462;0,0000;0,0000;0,0000;0,0000;0,0000;0,0577;-1,46;-2,52;0;0,0350;28,54;0;1;1;1;1;0;410;2048;2048
171,2083;59,3876;14,20;-1,0871;0,0449;0,0000;0,0000;0,0000;0,0000;0,0000;0,0562;-1,39;-2,47;0;0,0353;28,29;0;1;1;1;1;0;410;2048;2048
171,2222;59,4424;14,20;-1,1023;0,0437;0,0000;0,0000;0,0000;0,0000;0,0000;0,0546;-1,32;-2,42;0;0,0356;28,05;0;1;1;1;1;0;410;2048;2048
171,2361;59,7003;14,20;-1,1113;0,0410;0,0000;0,0000;0,0000;0,0000;0,0000;0,0512;-0,83;-1,94;0;0,0371;26,97;0;1;1;1;1;0;410;2048;2048
171,2500;59,7003;14,20;-1,1148;0,0400;0,0000;0,0000;0,0000;0,0000;0,0000;0,0500;-0,87;-1,99;0;0,0371;26,97;0;1;1;1;1;0;410;2048;2048
171,2639;59,7003;14,20;-1,1763;0,0389;0,0000;0,0000;0,0000;0,0000;0,0000;0,0487;-0,92;-2,09;0;0,0371;26,97;0;1;1;1;1;0;410;2048;2048
171,2778;59,7003;14,20;-1,1884;0,0379;0,0000;0,0000;0,0000;0,0000;0,0000;0,0474;-0,96;-2,15;0;0,0371;26,97;0;1;1;1;1;0;410;2048;2048
171,2917;59,7154;14,20;-1,2739;0,0368;0,0000;0,0000;0,0000;0,0000;0,0000;0,0461;-0,97;-2,24;0;0,0372;26,90;0;1;1;1;1;0;410;2048;2048
171,3056;59,7702;14,20;-1,3708;0,0361;0,0000;0,0000;0,0000;0,0000;0,0000;0,0451;-0,90;-2,27;0;0,0375;26,67;0;1;1;1;1;0;410;2048;2048
171,3194;59,8249;14,20;-1,4389;0,0352;0,0000;0,0000;0,0000;0,0000;0,0000;0,0440;-0,83;-2,27;0;0,0378;26,43;0;1;1;1;1;0;410;2048;2048
171,3333;59,8797;14,20;-1,5220;0,0343;0,0000;0,0000;0,0000;0,0000;0,0000;0,0428;-0,77;-2,29;0;0,0382;26,20;0;1;1;1;1;0;410;2048;2048
171,3472;60,1533;14,20;-1,6209;0,0317;0,0000;0,0000;0,0000;0,0000;0,0000;0,0397;-0,22;-1,85;0;0,0398;25,11;0;1;1;1;1;0;410;2048;2048
171,3611;60,1533;14,20;-1,7616;0,0310;0,0000;0,0000;0,0000;0,0000;0,0000;0,0388;-0,29;-2,05;0;0,0398;25,11;0;1;1;1;1;0;410;2048;2048
171,3750;60,1533;14,30;-1,9488;0,0302;0,0000;0,0000;0,0000;0,0000;0,0000;0,0378;-0,36;-2,31;0;0,0398;25,11;0;1;1;1;1;1;410;2048;2048
171,3889;60,1533;14,30;-2,1573;0,0293;0,0000;0,0000;0,0000;0,0000;0,0000;0,0367;-0,44;-2,60;0;0,0398;25,11;0;1;1;1;1;1;410;2048;2048
171,4028;60,1537;14,30;-3,0138;0,0281;0,0000;0,0000;0,0000;0,0000;0,0000;0,0351;-0,55;-3,56;0;0,0398;25,11;0;1;1;1;1;1;410;2048;2048
171,4167;60,2088;14,30;-3,1865;0,0271;0,0000;0,0000;0,0000;0,0000;0,0000;0,0339;-0,54;-3,72;0;0,0402;24,89;0;1;1;0;0;1;410;2048;2048
171,4306;60,2640;14,30;-3,4153;0,0260;0,0000;0,0000;0,0000;0,0000;0,0000;0,0325;-0,53;-3,94;0;0,0405;24,66;0;1;1;0;0;1;410;2048;2048
171,4444;60,3192;14,30;-3,6238;0,0247;0,0000;0,0000;0,0000;0,0000;0,0000;0,0309;-0,53;-4,16;0;0,0409;24,44;0;1;1;0;0;1;410;2048;2048
171,4583;60,3743;14,30;-3,9309;0,0232;0,0000;0,0000;0,0000;0,0000;0,0000;0,0290;-0,55;-4,48;0;0,0413;24,23;0;1;1;0;0;1;410;2048;2048
171,4722;60,6114;14,30;-4,1883;0,0201;0,0000;0,0000;0,0000;0,0000;0,0000;0,0252;-0,14;-4,33;0;0,0428;23,34;0;1;1;0;0;1;410;2048;2048
171,4861;60,6114;14,30;-4,4726;0,0187;0,0000;0,0000;0,0000;0,0000;0,0000;0,0234;-0,31;-4,78;0;0,0428;23,34;0;1;1;0;0;1;410;2048;2048
171,5000;60,6114;14,30;-4,7073;0,0170;0,0000;0,0000;0,0000;0,0000;0,0000;0,0213;-0,48;-5,19;0;0,0428;23,34;0;1;1;0;0;1;410;2048;2048
171,5139;60,6114;14,30;-4,9286;0,0152;0,0000;0,0000;0,0000;0,0000;0,0000;0,0190;-0,66;-5,59;0;0,0428;23,34;0;1;1;0;0;1;410;2048;2048
171,5278;60,6497;14,30;-5,1139;0,0134;0,0000;0,0000;0,0000;0,0000;0,0000;0,0168;-0,75;-5,86;0;0,0431;23,19;0;1;1;0;0;0;410;2048;2048
171,5417;60,7048;14,30;-5,2706;0,0116;0,0000;0,0000;0,0000;0,0000;0,0000;0,0145;-0,80;-6,07;0;0,0435;22,98;0;1;1;0;0;0;410;2048;2048
171,5556;60,7600;14,30;-5,4122;0,0096;0,0000;0,0000;0,0000;0,0000;0,0000;0,0120;-0,86;-6,28;0;0,0439;22,77;0;1;1;0;0;0;410;2048;2048
171,5694;60,8151;14,30;-5,5179;0,0074;0,0000;0,0000;0,0000;0,0000;0,0000;0,0093;-0,93;-6,44;0;0,0443;22,57;0;1;1;0;0;0;410;2048;2048
171,5833;61,0641;14,30;-5,4958;0,0035;0,0000;0,0000;0,0000;0,0000;0,0000;0,0044;-0,50;-5,99;0;0,0461;21,69;0;1;1;0;0;0;410;2048;2048
171,5972;61,0641;14,30;-5,5751;0,0015;0,0000;0,0000;0,0000;0,0000;0,0000;0,0018;-0,70;-6,28;0;0,0461;21,69;0;1;1;0;0;0;410;2048;2048
171,6111;61,0641;14,30;-5,5162;-0,0008;0,0000;0,0000;0,0000;0,0000;0,0000;-0,0009;-0,90;-6,42;0;0,0461;21,69;0;1;1;0;0;0;410;2048;2048
171,6250;61,0641;14,30;-5,5902;-0,0031;0,0000;0,0000;0,0000;0,0000;0,0000;-0,0039;-1,11;-6,70;0;0,0461;21,69;0;1;1;0;0;0;410;2048;2048
171,6389;61,0908;14,30;-5,6668;-0,0055;0,0000;0,0000;0,0000;0,0000;0,0000;-0,0068;-1,25;-6,91;0;0,0463;21,59;0;1;1;0;0;0;410;2048;2048
171,6528;61,1459;14,30;-5,6770;-0,0077;0,0000;0,0000;0,0000;0,0000;0,0000;-0,0097;-1,30;-6,98;0;0,0467;21,39;0;1;1;0;0;0;410;2048;2048
171,6667;61,2010;14,30;-5,7421;-0,0102;0,0000;0,0000;0,0000;0,0000;0,0000;-0,0127;-1,37;-7,11;0;0,0472;21,20;0;1;1;0;0;0;410;2048;2048
171,6806;61,2562;14,30;-5,7865;-0,0128;0,0000;0,0000;0,0000;0,0000;0,0000;-0,0160;-1,43;-7,21;0;0,0476;21,01;0;1;1;0;0;0;410;2048;2048
171,6944;61,5227;14,30;-5,8795;-0,0175;0,0000;0,0000;0,0000;0,0000;0,0000;-0,0219;-0,92;-6,79;0;0,0497;20,12;0;1;1;0;0;0;410;2048;2048
171,7083;61,5227;14,30;-5,9734;-0,0201;0,0000;0,0000;0,0000;0,0000;0,0000;-0,0251;-1,14;-7,11;0;0,0497;20,12;0;1;1;0;0;0;410;2048;2048
171,7222;61,5227;14,30;-6,0814;-0,0228;0,0000;0,0000;0,0000;0,0000;0,0000;-0,0285;-1,36;-7,44;0;0,0497;20,12;0;1;1;0;0;0;410;2048;2048
171,7361;61,5227;14,30;-6,1511;-0,0257;0,0000;0,0000;0,0000;0,0000;0,0000;-0,0321;-1,59;-7,74;0;0,0497;20,12;0;1;1;0;0;0;410;2048;2048
171,7500;61,5323;14,30;-6,2475;-0,0288;0,0000;0,0000;0,0000;0,0000;0,0000;-0,0360;-1,79;-8,04;0;0,0498;20,09;0;1;1;0;0;0;410;2048;2048
171,7639;61,5874;14,30;-6,3013;-0,0316;0,0000;0,0000;0,0000;0,0000;0,0000;-0,0395;-1,86;-8,16;0;0,0502;19,90;0;1;1;0;0;0;410;2048;2048
171,7778;61,6425;14,30;-6,3360;-0,0346;0,0000;0,0000;0,0000;0,0000;0,0000;-0,0432;-1,93;-8,27;0;0,0507;19,72;0;1;1;0;0;0;410;2048;2048
171,7917;61,6976;14,30;-6,3914;-0,0378;0,0000;0,0000;0,0000;0,0000;0,0000;-0,0473;-2,01;-8,40;0;0,0512;19,54;0;1;1;0;0;0;410;2048;2048
171,8056;61,9741;14,30;-6,4184;-0,0433;0,0000;0,0000;0,0000;0,0000;0,0000;-0,0541;-1,43;-7,85;0;0,0535;18,67;0;1;1;0;0;0;410;2048;2048
171,8194;61,9741;14,30;-6,4387;-0,0463;0,0000;0,0000;0,0000;0,0000;0,0000;-0,0579;-1,67;-8,10;0;0,0535;18,67;0;1;1;0;0;0;410;2048;2048
171,8333;61,9741;14,30;-6,4508;-0,0496;0,0000;0,0000;0,0000;0,0000;0,0000;-0,0620;-1,90;-8,36;0;0,0535;18,67;0;1;1;0;0;0;410;2048;2048
171,8472;61,9741;14,30;-6,4624;-0,0530;0,0000;0,0000;0,0000;0,0000;0,0000;-0,0663;-2,14;-8,61;0;0,0535;18,67;0;1;1;0;0;0;410;2048;2048
171,8611;61,9744;14,30;-6,4610;-0,0567;0,0000;0,0000;0,0000;0,0000;0,0000;-0,0708;-2,38;-8,84;0;0,0536;18,67;0;1;1;0;0;0;410;2048;2048
171,8750;62,0295;14,20;-6,4514;-0,0599;0,0000;0,0000;0,0000;0,0000;0,0000;-0,0749;-2,44;-8,90;0;0,0541;18,50;0;1;1;0;0;0;410;2048;2048
171,8889;62,0841;14,20;-6,4106;-0,0633;0,0000;0,0000;0,0000;0,0000;0,0000;-0,0791;-2,51;-8,92;0;0,0546;18,33;0;1;1;0;0;0;410;2048;2048
171,9028;62,1388;14,20;-6,3527;-0,0668;0,0000;0,0000;0,0000;0,0000;0,0000;-0,0835;-2,56;-8,92;0;0,0551;18,16;0;1;1;0;0;0;410;2048;2048
171,9167;62,1934;14,20;-6,2575;-0,0705;0,0000;0,0000;0,0000;0,0000;0,0000;-0,0881;-2,62;-8,88;0;0,0556;17,99;0;1;1;0;0;0;410;2048;2048
171,9306;62,4337;14,20;-6,1266;-0,0763;0,0000;0,0000;0,0000;0,0000;0,0000;-0,0954;-2,08;-8,20;0;0,0578;17,30;0;1;1;0;0;0;410;2048;2048
171,9444;62,4337;14,20;-5,9793;-0,0797;0,0000;0,0000;0,0000;0,0000;0,0000;-0,0996;-2,30;-8,28;0;0,0578;17,30;0;1;1;0;0;0;410;2048;2048
171,9583;62,4337;14,20;-5,8149;-0,0832;0,0000;0,0000;0,0000;0,0000;0,0000;-0,1040;-2,51;-8,33;0;0,0578;17,30;0;1;1;0;0;0;410;2048;2048
171,9722;62,4337;14,20;-5,6212;-0,0868;0,0000;0,0000;0,0000;0,0000;0,0000;-0,1086;-2,72;-8,34;0;0,0578;17,30;0;1;1;0;0;0;410;2048;2048
171,9861;62,4693;14,20;-5,3193;-0,0902;0,0000;0,0000;0,0000;0,0000;0,0000;-0,1127;-2,79;-8,11;0;0,0582;17,20;0;1;1;0;0;0;410;2048;2048
172,0000;62,5240;14,20;-5,0981;-0,0933;0,0000;0,0000;0,0000;0,0000;0,0000;-0,1167;-2,79;-7,89;0;0,0587;17,04;0;1;1;0;0;0;410;2048;2048
172,0139;62,5787;14,20;-4,8427;-0,0966;0,0000;0,0000;0,0000;0,0000;0,0000;-0,1207;-2,78;-7,62;0;0,0592;16,88;0;1;1;0;0;0;410;2048;2048
172,0278;62,6333;14,20;-4,6866;-0,0999;0,0000;0,0000;0,0000;0,0000;0,0000;-0,1249;-2,76;-7,45;0;0,0598;16,72;0;1;1;0;0;0;410;2048;2048
172,0417;62,8868;14,20;-4,4736;-0,1055;0,0000;0,0000;0,0000;0,0000;0,0000;-0,1319;-2,06;-6,53;0;0,0623;16,04;0;1;1;0;0;0;410;2048;2048
172,0556;62,8868;14,20;-4,3239;-0,1084;0,0000;0,0000;0,0000;0,0000;0,0000;-0,1355;-2,22;-6,54;0;0,0623;16,04;0;1;1;0;0;0;410;2048;2048
172,0694;62,8868;14,20;-4,1270;-0,1114;0,0000;0,0000;0,0000;0,0000;0,0000;-0,1392;-2,37;-6,49;0;0,0623;16,04;0;1;1;0;0;0;410;2048;2048
172,0833;62,8868;14,20;-3,9810;-0,1144;0,0000;0,0000;0,0000;0,0000;0,0000;-0,1430;-2,51;-6,49;0;0,0623;16,04;0;1;1;0;0;0;410;2048;2048
172,0972;62,9106;14,20;-3,8117;-0,1172;0,0000;0,0000;0,0000;0,0000;0,0000;-0,1465;-2,57;-6,37;0;0,0626;15,98;0;1;1;0;0;0;410;2048;2048
172,1111;62,9653;14,20;-3,6705;-0,1197;0,0000;0,0000;0,0000;0,0000;0,0000;-0,1496;-2,50;-6,16;0;0,0632;15,83;0;1;1;0;0;0;410;2048;2048
172,1250;63,0200;14,20;-3,5324;-0,1223;0,0000;0,0000;0,0000;0,0000;0,0000;-0,1528;-2,42;-5,95;0;0,0638;15,69;0;1;1;0;0;0;410;2048;2048
172,1389;63,0747;14,20;-3,4035;-0,1249;0,0000;0,0000;0,0000;0,0000;0,0000;-0,1561;-2,35;-5,75;0;0,0643;15,54;0;1;1;0;0;0;410;2048;2048
172,1528;63,3442;14,20;-3,3374;-0,1302;0,0000;0,0000;0,0000;0,0000;0,0000;-0,1627;-1,47;-4,81;0;0,0672;14,87;0;1;1;0;0;0;410;2048;2048
172,1667;63,3442;14,20;-3,2490;-0,1323;0,0000;0,0000;0,0000;0,0000;0,0000;-0,1653;-1,59;-4,84;0;0,0672;14,87;0;1;1;0;0;0;410;2048;2048
172,1806;63,3442;14,20;-3,1977;-0,1345;0,0000;0,0000;0,0000;0,0000;0,0000;-0,1681;-1,71;-4,90;0;0,0672;14,87;0;1;1;0;0;0;410;2048;2048
172,1944;63,3442;14,20;-3,1551;-0,1367;0,0000;0,0000;0,0000;0,0000;0,0000;-0,1709;-1,82;-4,98;0;0,0672;14,87;0;1;1;0;0;0;410;2048;2048
172,2083;63,3534;14,20;-3,1469;-0,1390;0,0000;0,0000;0,0000;0,0000;0,0000;-0,1737;-1,90;-5,04;0;0,0673;14,85;0;1;1;0;0;0;410;2048;2048
172,2222;63,4082;14,20;-3,1475;-0,1407;0,0000;0,0000;0,0000;0,0000;0,0000;-0,1759;-1,80;-4,94;0;0,0680;14,71;0;1;1;0;0;0;410;2048;2048
172,2361;63,4629;14,20;-3,1413;-0,1426;0,0000;0,0000;0,0000;0,0000;0,0000;-0,1782;-1,69;-4,83;0;0,0686;14,58;0;1;1;0;0;0;410;2048;2048
172,2500;63,5177;14,20;-3,1340;-0,1445;0,0000;0,0000;0,0000;0,0000;0,0000;-0,1806;-1,59;-4,72;0;0,0692;14,45;0;1;1;0;0;0;410;2048;2048
172,2639;63,7995;14,20;-3,1325;-0,1494;0,0000;0,0000;0,0000;0,0000;0,0000;-0,1868;-0,58;-3,71;0;0,0724;13,80;0;1;1;0;0;0;410;2048;2048
172,2778;63,7995;14,20;-3,1425;-0,1508;0,0000;0,0000;0,0000;0,0000;0,0000;-0,1885;-0,69;-3,83;0;0,0724;13,80;0;1;1;0;0;0;410;2048;2048
172,2917;63,7995;14,20;-3,1527;-0,1523;0,0000;0,0000;0,0000;0,0000;0,0000;-0,1904;-0,81;-3,96;0;0,0724;13,80;0;1;1;0;0;0;410;2048;2048
172,3056;63,7995;14,20;-3,1726;-0,1539;0,0000;0,0000;0,0000;0,0000;0,0000;-0,1924;-0,92;-4,10;0;0,0724;13,80;0;1;1;0;0;0;410;2048;2048
172,3194;63,7995;14,20;-3,1956;-0,1556;0,0000;0,0000;0,0000;0,0000;0,0000;-0,1945;-1,04;-4,24;0;0,0724;13,80;0;1;1;0;0;0;410;2048;2048
172,3333;63,8525;14,20;-3,2286;-0,1566;0,0000;0,0000;0,0000;0,0000;0,0000;-0,1958;-0,93;-4,16;0;0,0731;13,68;0;1;1;0;0;0;410;2048;2048
172,3472;63,9073;14,20;-3,3127;-0,1578;0,0000;0,0000;0,0000;0,0000;0,0000;-0,1973;-0,82;-4,13;0;0,0737;13,56;0;1;1;0;0;0;410;2048;2048
172,3611;63,9620;14,20;-3,4618;-0,1591;0,0000;0,0000;0,0000;0,0000;0,0000;-0,1989;-0,71;-4,17;0;0,0744;13,44;0;1;1;0;0;0;410;2048;2048
172,3750;64,0168;14,20;-3,5739;-0,1606;0,0000;0,0000;0,0000;0,0000;0,0000;-0,2007;-0,60;-4,17;0;0,0751;13,32;0;1;1;0;0;0;410;2048;2048
172,3889;64,2535;14,20;-3,6015;-0,1646;0,0000;0,0000;0,0000;0,0000;0,0000;-0,2057;0,28;-3,32;0;0,0779;12,83;0;1;1;0;0;0;410;2048;2048
172,4028;64,2535;14,20;-3,6795;-0,1655;0,0000;0,0000;0,0000;0,0000;0,0000;-0,2069;0,15;-3,53;0;0,0779;12,83;0;1;1;0;0;0;410;2048;2048
172,4167;64,2535;14,20;-3,8011;-0,1666;0,0000;0,0000;0,0000;0,0000;0,0000;-0,2082;0,00;-3,79;0;0,0779;12,83;0;1;1;5;0;0;410;2048;2048
172,4306;64,2535;14,20;-3,9280;-0,1677;0,0000;0,0000;0,0000;0,0000;0,0000;-0,2097;-0,14;-4,06;0;0,0779;12,83;0;1;1;5;0;0;410;2048;2048
172,4444;64,2981;14,20;-4,1062;-0,1685;0,0000;0,0000;0,0000;0,0000;0,0000;-0,2106;-0,08;-4,18;0;0,0785;12,74;0;1;1;5;0;0;410;2048;2048
172,4583;64,3529;14,20;-4,2627;-0,1692;0,0000;0,0000;0,0000;0,0000;0,0000;-0,2115;0,00;-4,24;0;0,0792;12,63;0;1;1;5;0;0;410;2048;2048
172,4722;64,4077;14,20;-4,4610;-0,1701;0,0000;0,0000;0,0000;0,0000;0,0000;-0,2126;0,10;-4,35;0;0,0799;12,52;0;1;1;5;0;0;410;2048;2048
172,4861;64,4625;14,20;-4,7242;-0,1712;0,0000;0,0000;0,0000;0,0000;0,0000;-0,2140;0,19;-4,53;0;0,0806;12,41;0;1;1;5;0;0;410;2048;2048
172,5000;64,7111;14,20;-4,9556;-0,1754;0,0000;0,0000;0,0000;0,0000;0,0000;-0,2192;1,15;-3,80;0;0,0837;11,95;0;1;1;5;0;0;410;2048;2048
172,5139;64,7111;14,20;-5,2488;-0,1761;0,0000;0,0000;0,0000;0,0000;0,0000;-0,2201;0,96;-4,29;0;0,0837;11,95;0;1;1;5;0;0;410;2048;2048
172,5278;64,7111;14,20;-5,5171;-0,1770;0,0000;0,0000;0,0000;0,0000;0,0000;-0,2212;0,76;-4,76;0;0,0837;11,95;0;1;1;5;0;0;410;2048;2048
172,5417;64,7111;14,20;-5,8071;-0,1781;0,0000;0,0000;0,0000;0,0000;0,0000;-0,2226;0,55;-5,26;0;0,0837;11,95;0;1;1;5;0;0;410;2048;2048
172,5556;64,7449;14,20;-6,1135;-0,1790;0,0000;0,0000;0,0000;0,0000;0,0000;-0,2238;0,49;-5,62;0;0,0841;11,89;0;1;1;5;0;0;410;2048;2048
172,5694;64,7997;14,20;-6,4552;-0,1798;0,0000;0,0000;0,0000;0,0000;0,0000;-0,2248;0,53;-5,92;0;0,0848;11,79;0;1;1;5;0;0;410;2048;2048
172,5833;64,8545;14,20;-6,8155;-0,1810;0,0000;0,0000;0,0000;0,0000;0,0000;-0,2262;0,55;-6,26;0;0,0855;11,69;0;1;1;5;0;0;410;2048;2048
172,5972;64,9094;14,20;-7,1831;-0,1824;0,0000;0,0000;0,0000;0,0000;0,0000;-0,2280;0,56;-6,62;0;0,0862;11,59;0;1;1;5;0;0;410;2048;2048
172,6111;65,1652;14,20;-7,5420;-0,1873;0,0000;0,0000;0,0000;0,0000;0,0000;-0,2341;1,55;-5,99;0;0,0895;11,17;0;1;1;5;0;0;410;2048;2048
172,6250;65,1652;14,20;-7,9052;-0,1885;0,0000;0,0000;0,0000;0,0000;0,0000;-0,2357;1,26;-6,64;0;0,0895;11,17;0;1;1;5;0;0;410;2048;2048
172,6389;65,1652;14,20;-8,2713;-0,1901;0,0000;0,0000;0,0000;0,0000;0,0000;-0,2376;0,96;-7,32;0;0,0895;11,17;0;1;1;5;0;0;410;2048;2048
172,6528;65,1652;14,20;-8,5846;-0,1919;0,0000;0,0000;0,0000;0,0000;0,0000;-0,2399;0,64;-7,94;0;0,0895;11,17;0;1;1;5;0;0;410;2048;2048
172,6667;65,1931;14,20;-8,9019;-0,1937;0,0000;0,0000;0,0000;0,0000;0,0000;-0,2421;0,46;-8,44;0;0,0899;11,12;0;1;1;5;0;0;410;2048;2048
172,6806;65,2480;14,20;-9,1855;-0,1954;0,0000;0,0000;0,0000;0,0000;0,0000;-0,2442;0,41;-8,78;0;0,0906;11,04;0;1;1;5;0;0;410;2048;2048
172,6944;65,3028;14,20;-9,4554;-0,1974;0,0000;0,0000;0,0000;0,0000;0,0000;-0,2467;0,35;-9,11;0;0,0913;10,95;0;1;1;5;0;0;410;2048;2048
172,7083;65,3576;14,20;-9,6596;-0,1997;0,0000;0,0000;0,0000;0,0000;0,0000;-0,2496;0,29;-9,38;0;0,0920;10,87;0;1;1;5;0;0;410;2048;2048
172,7222;65,6209;14,20;-9,8708;-0,2059;0,0000;0,0000;0,0000;0,0000;0,0000;-0,2573;1,32;-8,55;0;0,0954;10,48;0;1;1;5;0;0;410;2048;2048
172,7361;65,6209;14,20;-10,0876;-0,2079;0,0109;0,0000;0,0000;0,0000;0,0000;-0,2599;0,94;-9,14;0;0,0954;10,48;0;1;1;5;0;0;410;2026;2048
172,7500;65,6209;14,20;-10,2890;-0,2104;0,0364;0,0000;0,0000;0,0000;0,0000;-0,2629;0,56;-9,73;0;0,0954;10,48;0;1;1;5;0;0;410;1973;2048
172,7639;65,6209;14,20;-10,4122;-0,2131;0,0680;0,0000;0,0000;0,0000;0,0000;-0,2664;0,18;-10,23;0;0,0954;10,48;0;1;1;5;0;0;410;1909;2048
172,7778;65,6431;14,20;-10,5873;-0,2158;0,1002;0,0000;0,0000;0,0000;0,0000;-0,2698;-0,09;-10,68;0;0,0957;10,45;0;1;1;5;0;0;410;1843;2048
172,7917;65,6980;14,20;-10,6856;-0,2183;0,1309;0,0000;0,0000;0,0000;0,0000;-0,2729;-0,17;-10,87;0;0,0964;10,37;0;1;1;5;0;0;410;1780;2048
172,8056;65,7528;14,20;-10,7572;-0,2211;0,1594;0,0000;0,0000;0,0000;0,0000;-0,2763;-0,26;-11,03;0;0,0971;10,30;0;1;1;5;0;0;410;1722;2048
172,8194;65,8076;14,20;-10,7954;-0,2242;0,1856;0,0000;0,0000;0,0000;0,0000;-0,2802;-0,35;-11,16;0;0,0978;10,22;0;1;1;5;0;0;410;1668;2048
172,8333;66,0772;14,20;-10,8005;-0,2314;0,2095;0,0000;0,0000;0,0000;0,0000;-0,2893;0,76;-10,04;0;0,1012;9,88;0;1;1;5;0;0;410;1619;2048
172,8472;66,0772;14,20;-10,8094;-0,2341;0,2323;0,0000;0,0000;0,0000;0,0000;-0,2927;0,36;-10,44;0;0,1012;9,88;0;1;1;5;0;0;410;1572;2048
172,8611;66,0772;14,20;-10,7999;-0,2371;0,2544;0,0000;0,0000;0,0000;0,0000;-0,2964;-0,03;-10,84;0;0,1012;9,88;0;1;1;5;0;0;410;1527;2048
172,8750;66,0772;14,20;-10,8179;-0,2405;0,2758;0,0000;0,0000;0,0000;0,0000;-0,3006;-0,44;-11,25;0;0,1012;9,88;0;1;1;5;0;0;410;1483;2048
172,8889;66,0951;14,20;-10,8292;-0,2438;0,2966;0,0000;0,0000;0,0000;0,0000;-0,3047;-0,73;-11,57;0;0,1014;9,86;0;1;1;5;0;0;410;1441;2048
172,9028;66,1499;14,20;-10,8472;-0,2467;0,3169;0,0000;0,0000;0,0000;0,0000;-0,3084;-0,81;-11,66;0;0,1021;9,80;0;1;1;5;0;0;410;1399;2048
172,9167;66,2047;14,20;-10,8461;-0,2499;0,3369;0,0000;0,0000;0,0000;0,0000;-0,3124;-0,88;-11,74;0;0,1027;9,74;0;1;1;5;0;0;410;1358;2048
172,9306;66,2594;14,20;-10,8350;-0,2535;0,3566;0,0000;0,0000;0,0000;0,0000;-0,3168;-0,95;-11,80;0;0,1034;9,67;0;1;1;5;0;0;410;1318;2048
172,9444;66,5317;14,20;-10,7986;-0,2613;0,3761;0,0000;0,0000;0,0000;0,0000;-0,3267;0,27;-10,53;0;0,1066;9,38;0;1;1;5;0;0;410;1278;2048
172,9583;66,5317;14,20;-10,7572;-0,2644;0,3964;0,0000;0,0000;0,0000;0,0000;-0,3305;-0,13;-10,88;0;0,1066;9,38;0;1;1;5;0;0;410;1236;2048
172,9722;66,5317;14,20;-10,6940;-0,2677;0,4176;0,0000;0,0000;0,0000;0,0000;-0,3346;-0,52;-11,22;0;0,1066;9,38;0;1;1;5;0;0;410;1193;2048
172,9861;66,5317;14,20;-10,6519;-0,2713;0,4391;0,0000;0,0000;0,0000;0,0000;-0,3391;-0,91;-11,57;0;0,1066;9,38;0;1;1;5;0;0;410;1149;2048
173,0000;66,5493;14,20;-10,5690;-0,2749;0,4605;0,0000;0,0000;0,0000;0,0000;-0,3436;-1,19;-11,77;0;0,1068;9,37;0;1;1;5;0;0;410;1105;2048
173,0139;66,6041;14,20;-10,5047;-0,2780;0,4814;0,0000;0,0000;0,0000;0,0000;-0,3475;-1,24;-11,76;0;0,1074;9,31;0;1;1;5;0;0;410;1062;2048
173,0278;66,6588;14,20;-10,4325;-0,2814;0,5017;0,0000;0,0000;0,0000;0,0000;-0,3517;-1,28;-11,73;0;0,1079;9,26;0;1;1;5;0;0;410;1021;2048
173,0417;66,7136;14,20;-10,3078;-0,2850;0,5212;0,0000;0,0000;0,0000;0,0000;-0,3562;-1,32;-11,64;0;0,1085;9,22;0;1;1;5;0;0;410;981;2048
173,0556;66,9873;14,20;-10,1472;-0,2932;0,5398;0,0000;0,0000;0,0000;0,0000;-0,3665;0,00;-10,13;0;0,1114;8,98;0;1;1;5;0;0;410;942;2048
173,0694;66,9873;14,20;-10,0108;-0,2962;0,5582;0,0000;0,0000;0,0000;0,0000;-0,3702;-0,35;-10,37;0;0,1114;8,98;0;1;1;5;0;0;410;905;2048
173,0833;66,9873;14,20;-9,8784;-0,2994;0,5765;0,0000;0,0000;0,0000;0,0000;-0,3743;-0,72;-10,60;0;0,1114;8,98;0;1;1;5;0;0;410;867;2048
173,0972;66,9873;14,20;-9,7041;-0,3029;0,5943;0,0000;0,0000;0,0000;0,0000;-0,3786;-1,08;-10,78;0;0,1114;8,98;0;1;1;5;0;0;410;831;2048
173,1111;67,0061;14,20;-9,5879;-0,3063;0,6114;0,0000;0,0000;0,0000;0,0000;-0,3828;-1,31;-10,90;0;0,1116;8,96;0;1;1;5;0;0;410;796;2048
173,1250;67,0609;14,20;-9,4150;-0,3091;0,6278;0,0000;0,0000;0,0000;0,0000;-0,3864;-1,30;-10,72;0;0,1121;8,92;0;1;1;5;0;0;410;762;2048
173,1389;67,1157;14,20;-9,2509;-0,3122;0,6435;0,0000;0,0000;0,0000;0,0000;-0,3902;-1,29;-10,55;0;0,1125;8,89;0;1;1;5;0;0;410;730;2048
173,1528;67,1704;14,20;-9,0130;-0,3154;0,6583;0,0000;0,0000;0,0000;0,0000;-0,3943;-1,26;-10,28;0;0,1130;8,85;0;1;1;5;0;0;410;700;2048
173,1667;67,4433;14,20;-8,8156;-0,3233;0,6723;0,0000;0,0000;0,0000;0,0000;-0,4041;0,19;-8,63;0;0,1154;8,66;0;1;1;5;0;0;410;671;2048
173,1806;67,4433;14,30;-8,6348;-0,3257;0,6862;0,0000;0,0000;0,0000;0,0000;-0,4072;-0,13;-8,77;0;0,1154;8,66;0;1;1;5;0;0;410;643;2048
173,1944;67,4433;14,30;-8,4494;-0,3284;0,6999;0,0000;0,0000;0,0000;0,0000;-0,4105;-0,45;-8,90;0;0,1154;8,66;0;1;1;5;0;0;410;615;2048
173,2083;67,4433;14,30;-8,3070;-0,3313;0,7133;0,0000;0,0000;0,0000;0,0000;-0,4141;-0,76;-9,06;0;0,1154;8,66;0;1;1;5;0;0;410;587;2048
173,2222;67,4668;14,30;-8,0815;-0,3338;0,7261;0,0000;0,0000;0,0000;0,0000;-0,4172;-0,90;-8,98;0;0,1156;8,65;0;1;1;5;0;0;410;561;2048
173,2361;67,5220;14,30;-8,0192;-0,3359;0,7383;0,0000;0,0000;0,0000;0,0000;-0,4199;-0,82;-8,84;0;0,1159;8,63;0;1;1;5;0;0;410;536;2048
173,2500;67,5772;14,30;-7,8171;-0,3382;0,7498;0,0000;0,0000;0,0000;0,0000;-0,4227;-0,74;-8,56;0;0,1163;8,60;0;1;1;5;0;0;410;512;2048
173,2639;67,6324;14,30;-7,7018;-0,3406;0,7606;0,0000;0,0000;0,0000;0,0000;-0,4258;-0,66;-8,36;0;0,1166;8,57;0;1;1;5;0;0;410;490;2048
173,2778;67,8983;14,30;-7,5747;-0,3476;0,7708;0,0000;0,0000;0,0000;0,0000;-0,4345;0,85;-6,73;0;0,1184;8,45;0;1;1;5;0;0;410;469;2048
173,2917;67,8983;14,30;-7,5020;-0,3492;0,7808;0,0000;0,0000;0,0000;0,0000;-0,4365;0,57;-6,93;0;0,1184;8,45;0;1;1;5;0;0;410;449;2048
173,3056;67,8983;14,30;-7,3451;-0,3510;0,7908;0,0000;0,0000;0,0000;0,0000;-0,4387;0,30;-7,05;0;0,1184;8,45;0;1;1;5;0;0;410;428;2048
173,3194;67,8983;14,30;-7,2916;-0,3530;0,8005;0,0000;0,0000;0,0000;0,0000;-0,4412;0,03;-7,26;0;0,1184;8,45;0;1;1;5;0;0;410;409;2048
173,3333;67,9318;14,30;-7,1495;-0,3544;0,8098;0,0000;0,0000;0,0000;0,0000;-0,4430;0,00;-7,15;0;0,1185;8,44;0;1;1;5;0;0;410;390;2048
173,3472;67,9870;14,30;-7,0886;-0,3556;0,8185;0,0000;0,0000;0,0000;0,0000;-0,4444;0,11;-6,98;0;0,1187;8,42;0;1;1;5;0;0;410;372;2048
173,3611;68,0422;14,30;-7,0177;-0,3569;0,8266;0,0000;0,0000;0,0000;0,0000;-0,4461;0,23;-6,79;0;0,1189;8,41;0;1;1;5;0;0;410;355;2048
173,3750;68,0974;14,30;-6,9174;-0,3584;0,8341;0,0000;0,0000;0,0000;0,0000;-0,4480;0,35;-6,56;0;0,1191;8,39;0;1;1;5;0;0;410;340;2048
173,3889;68,3536;14,30;-6,8732;-0,3643;0,8410;0,0000;0,0000;0,0000;0,0000;-0,4553;1,85;-5,02;0;0,1201;8,33;0;1;1;5;0;0;410;326;2048
173,4028;68,3536;14,30;-6,8041;-0,3649;0,8478;0,0000;0,0000;0,0000;0,0000;-0,4561;1,60;-5,20;0;0,1201;8,33;0;1;1;5;0;0;410;312;2048
173,4167;68,3536;14,30;-6,7643;-0,3657;0,8547;0,0000;0,0000;0,0000;0,0000;-0,4571;1,35;-5,41;0;0,1201;8,33;0;1;1;3;0;0;410;298;2048
173,4306;68,3536;14,30;-6,7120;-0,3667;0,8613;0,0000;0,0000;0,0000;0,0000;-0,4584;1,10;-5,61;0;0,1201;8,33;0;1;1;3;0;0;410;284;2048
173,4444;68,3983;14,30;-6,6943;-0,3669;0,8675;0,0000;0,0000;0,0000;0,0000;-0,4586;1,16;-5,52;0;0,1201;8,32;0;1;1;3;0;0;410;271;2048
173,4583;68,4535;14,30;-6,6974;-0,3671;0,8732;0,0000;0,0000;0,0000;0,0000;-0,4589;1,30;-5,39;0;0,1202;8,32;0;1;1;3;0;0;410;260;2048
173,4722;68,5088;14,30;-6,6938;-0,3675;0,8783;0,0000;0,0000;0,0000;0,0000;-0,4593;1,43;-5,25;0;0,1202;8,32;0;1;1;3;0;0;410;249;2048
173,4861;68,5640;14,30;-6,7141;-0,3680;0,8828;0,0000;0,0000;0,0000;0,0000;-0,4600;1,57;-5,14;0;0,1203;8,31;0;1;1;3;0;0;410;240;2048
173,5000;68,8092;14,30;-6,7876;-0,3728;0,8868;0,0000;0,0000;0,0000;0,0000;-0,4660;3,01;-3,78;0;0,1205;8,30;0;1;1;3;0;0;410;232;2048
173,5139;68,8092;14,30;-6,8432;-0,3725;0,8907;0,0000;0,0000;0,0000;0,0000;-0,4657;2,76;-4,09;0;0,1205;8,30;0;1;1;3;0;0;410;224;2048
173,5278;68,8092;14,30;-6,9240;-0,3725;0,8947;0,0000;0,0000;0,0000;0,0000;-0,4656;2,50;-4,42;0;0,1205;8,30;0;1;1;3;0;0;410;216;2048
173,5417;68,8104;14,30;-7,0624;-0,3727;0,8985;0,0000;0,0000;0,0000;0,0000;-0,4658;2,25;-4,80;0;0,1205;8,30;0;1;1;3;0;0;410;208;2048
173,5556;68,8656;14,30;-7,2373;-0,3720;0,9019;0,0000;0,0000;0,0000;0,0000;-0,4649;2,36;-4,87;0;0,1204;8,31;0;1;1;3;0;0;410;201;2048
173,5694;68,9208;14,30;-7,3183;-0,3715;0,9049;0,0000;0,0000;0,0000;0,0000;-0,4643;2,47;-4,84;0;0,1203;8,32;0;1;1;3;0;0;410;195;2048
173,5833;68,9761;14,30;-7,5685;-0,3713;0,9073;0,0000;0,0000;0,0000;0,0000;-0,4641;2,57;-4,99;0;0,1201;8,32;0;1;1;3;0;0;410;190;2048
173,5972;69,0313;14,30;-7,7051;-0,3713;0,9093;0,0000;0,0000;0,0000;0,0000;-0,4641;2,67;-5,03;0;0,1200;8,33;0;1;1;3;0;0;410;186;2048
173,6111;69,2644;14,30;-7,8549;-0,3753;0,9108;0,0000;0,0000;0,0000;0,0000;-0,4691;3,98;-3,87;0;0,1195;8,37;0;1;1;3;0;0;410;183;2048
173,6250;69,2644;14,30;-8,0303;-0,3747;0,9124;0,0000;0,0000;0,0000;0,0000;-0,4683;3,69;-4,34;0;0,1195;8,37;0;1;1;3;0;0;410;179;2048
173,6389;69,2644;14,20;-8,1389;-0,3743;0,9141;0,0000;0,0000;0,0000;0,0000;-0,4678;3,39;-4,75;0;0,1195;8,37;0;1;1;3;0;0;410;176;2048
173,6528;69,2773;14,20;-8,2173;-0,3739;0,9158;0,0000;0,0000;0,0000;0,0000;-0,4674;3,17;-5,03;0;0,1195;8,37;0;1;1;3;0;0;410;173;2048
173,6667;69,3322;14,20;-8,4187;-0,3729;0,9172;0,0000;0,0000;0,0000;0,0000;-0,4661;3,24;-5,17;0;0,1192;8,39;0;1;1;3;0;0;410;170;2048
173,6806;69,3870;14,20;-8,4884;-0,3722;0,9183;0,0000;0,0000;0,0000;0,0000;-0,4652;3,30;-5,18;0;0,1189;8,41;0;1;1;3;0;0;410;167;2048
173,6944;69,4419;14,20;-8,6477;-0,3717;0,9189;0,0000;0,0000;0,0000;0,0000;-0,4647;3,35;-5,29;0;0,1186;8,43;0;1;1;3;0;0;410;166;2048
173,7083;69,7204;14,20;-8,7780;-0,3762;0,9189;0,0000;0,0000;0,0000;0,0000;-0,4703;4,92;-3,86;0;0,1172;8,53;0;1;1;3;0;0;410;166;2048
173,7222;69,7204;14,20;-9,0116;-0,3752;0,9192;0,0000;0,0000;0,0000;0,0000;-0,4690;4,59;-4,42;0;0,1172;8,53;0;1;1;3;0;0;410;166;2048
173,7361;69,7204;14,20;-9,1241;-0,3744;0,9199;0,0000;0,0000;0,0000;0,0000;-0,4680;4,25;-4,87;0;0,1172;8,53;0;1;1;3;0;0;410;164;2048
173,7500;69,7204;14,20;-9,2677;-0,3739;0,9207;0,0000;0,0000;0,0000;0,0000;-0,4674;3,91;-5,36;0;0,1172;8,53;0;1;1;3;0;0;410;162;2048
173,7639;69,7412;14,20;-9,2983;-0,3733;0,9214;0,0000;0,0000;0,0000;0,0000;-0,4666;3,71;-5,58;0;0,1171;8,54;0;1;1;3;0;0;410;161;2048
173,7778;69,7961;14,20;-9,4647;-0,3723;0,9218;0,0000;0,0000;0,0000;0,0000;-0,4654;3,72;-5,73;0;0,1167;8,57;0;1;1;3;0;0;410;160;2048
173,7917;69,8510;14,20;-9,5884;-0,3716;0,9220;0,0000;0,0000;0,0000;0,0000;-0,4645;3,73;-5,85;0;0,1163;8,60;0;1;1;3;0;0;410;160;2048
173,8056;69,9059;14,20;-9,8961;-0,3713;0,9219;0,0000;0,0000;0,0000;0,0000;-0,4641;3,73;-6,16;0;0,1158;8,63;0;1;1;3;0;0;410;160;2048
173,8194;70,1755;14,20;-9,9917;-0,3756;0,9216;0,0000;0,0000;0,0000;0,0000;-0,4695;5,15;-4,84;0;0,1138;8,79;0;1;1;3;0;0;410;161;2048
173,8333;70,1755;14,20;-10,1443;-0,3747;0,9214;0,0000;0,0000;0,0000;0,0000;-0,4684;4,78;-5,37;0;0,1138;8,79;0;1;1;3;0;0;410;161;2048
173,8472;70,1755;14,20;-10,2221;-0,3741;0,9217;0,0000;0,0000;0,0000;0,0000;-0,4677;4,40;-5,82;0;0,1138;8,79;0;1;1;3;0;0;410;160;2048
173,8611;70,1755;14,20;-10,4956;-0,3739;0,9220;0,0000;0,0000;0,0000;0,0000;-0,4674;4,01;-6,48;0;0,1138;8,79;0;1;1;3;0;0;410;160;2048
173,8750;70,2046;14,10;-10,5860;-0,3735;0,9224;0,0000;0,0000;0,0000;0,0000;-0,4668;3,81;-6,77;0;0,1135;8,81;0;1;1;3;0;0;410;159;2048
173,8889;70,2591;14,10;-10,6409;-0,3728;0,9225;0,0000;0,0000;0,0000;0,0000;-0,4660;3,77;-6,86;0;0,1130;8,85;0;1;1;3;0;0;410;159;2048
173,9028;70,3136;14,10;-10,6413;-0,3725;0,9224;0,0000;0,0000;0,0000;0,0000;-0,4656;3,73;-6,91;0;0,1125;8,89;0;1;1;3;0;0;410;159;2048
173,9167;70,3682;14,10;-10,7440;-0,3724;0,9222;0,0000;0,0000;0,0000;0,0000;-0,4655;3,68;-7,06;0;0,1120;8,93;0;1;1;3;0;0;410;159;2048
173,9306;70,6304;14,10;-10,7652;-0,3767;0,9220;0,0000;0,0000;0,0000;0,0000;-0,4709;4,97;-5,80;0;0,1094;9,14;0;1;1;3;0;0;410;160;2048
173,9444;70,6304;14,10;-10,8285;-0,3762;0,9221;0,0000;0,0000;0,0000;0,0000;-0,4702;4,57;-6,26;0;0,1094;9,14;0;1;1;3;0;0;410;160;2048
173,9583;70,6304;14,10;-10,8204;-0,3760;0,9226;0,0000;0,0000;0,0000;0,0000;-0,4699;4,17;-6,65;0;0,1094;9,14;0;1;1;3;0;0;410;158;2048
173,9722;70,6304;14,10;-10,8481;-0,3760;0,9234;0,0000;0,0000;0,0000;0,0000;-0,4700;3,78;-7,07;0;0,1094;9,14;0;1;1;3;0;0;410;157;2048
173,9861;70,6642;14,10;-10,8614;-0,3758;0,9242;0,0000;0,0000;0,0000;0,0000;-0,4697;3,59;-7,27;0;0,1091;9,17;0;1;1;3;0;0;410;155;2048
174,0000;70,7188;14,10;-10,8464;-0,3754;0,9249;0,0000;0,0000;0,0000;0,0000;-0,4693;3,52;-7,32;0;0,1084;9,22;0;1;1;3;0;0;410;154;2048
174,0139;70,7733;14,10;-10,8192;-0,3754;0,9256;0,0000;0,0000;0,0000;0,0000;-0,4692;3,46;-7,36;0;0,1078;9,27;0;1;1;3;0;0;410;152;2048
174,0278;70,8278;14,10;-10,7251;-0,3755;0,9261;0,0000;0,0000;0,0000;0,0000;-0,4694;3,40;-7,32;0;0,1072;9,33;0;1;1;3;0;0;410;151;2048
174,0417;71,0867;14,10;-10,7090;-0,3799;0,9265;0,0000;0,0000;0,0000;0,0000;-0,4748;4,60;-6,11;0;0,1043;9,58;0;1;1;3;0;0;410;151;2048
174,0556;71,0867;14,10;-10,6388;-0,3796;0,9272;0,0000;0,0000;0,0000;0,0000;-0,4744;4,21;-6,43;0;0,1043;9,58;0;1;1;3;0;0;410;149;2048
174,0694;71,0867;14,10;-10,5979;-0,3795;0,9284;0,0000;0,0000;0,0000;0,0000;-0,4744;3,82;-6,78;0;0,1043;9,58;0;1;1;3;0;0;410;147;2048
174,0833;71,0867;14,10;-10,5906;-0,3798;0,9297;0,0000;0,0000;0,0000;0,0000;-0,4747;3,43;-7,16;0;0,1043;9,58;0;1;1;3;0;0;410;144;2048
174,0972;71,1230;14,10;-10,5293;-0,3797;0,9311;0,0000;0,0000;0,0000;0,0000;-0,4746;3,26;-7,27;0;0,1039;9,63;0;1;1;3;0;0;410;141;2048
174,1111;71,1775;14,10;-10,4802;-0,3795;0,9324;0,0000;0,0000;0,0000;0,0000;-0,4744;3,19;-7,29;0;0,1032;9,69;0;1;1;3;0;0;410;138;2048
174,1250;71,2321;14,10;-10,3982;-0,3797;0,9336;0,0000;0,0000;0,0000;0,0000;-0,4746;3,12;-7,27;0;0,1026;9,75;0;1;1;3;0;0;410;136;2048
174,1389;71,2866;14,10;-10,3959;-0,3801;0,9347;0,0000;0,0000;0,0000;0,0000;-0,4751;3,06;-7,33;0;0,1019;9,81;0;1;1;3;0;0;410;134;2048
174,1528;71,5420;14,10;-10,3092;-0,3843;0,9356;0,0000;0,0000;0,0000;0,0000;-0,4803;4,17;-6,14;0;0,0988;10,13;0;1;1;3;0;0;410;132;2048
174,1667;71,5420;14,10;-10,2923;-0,3842;0,9369;0,0000;0,0000;0,0000;0,0000;-0,4802;3,79;-6,50;0;0,0988;10,13;0;1;1;3;0;0;410;129;2048
174,1806;71,5420;14,10;-10,2651;-0,3844;0,9385;0,0000;0,0000;0,0000;0,0000;-0,4805;3,42;-6,85;0;0,0988;10,13;0;1;1;3;0;0;410;126;2048
174,1944;71,5420;14,10;-10,2255;-0,3848;0,9404;0,0000;0,0000;0,0000;0,0000;-0,4810;3,04;-7,18;0;0,0988;10,13;0;1;1;3;0;0;410;122;2048
174,2083;71,5807;14,10;-10,1420;-0,3849;0,9422;0,0000;0,0000;0,0000;0,0000;-0,4811;2,88;-7,25;0;0,0983;10,18;0;1;1;3;0;0;410;118;2048
174,2222;71,6352;14,10;-10,0925;-0,3850;0,9440;0,0000;0,0000;0,0000;0,0000;-0,4812;2,81;-7,27;0;0,0976;10,25;0;1;1;3;0;0;410;115;2048
174,2361;71,6897;14,10;-10,0167;-0,3853;0,9457;0,0000;0,0000;0,0000;0,0000;-0,4816;2,75;-7,27;0;0,0969;10,32;0;1;1;3;0;0;410;111;2048
174,2500;71,7443;14,10;-9,8670;-0,3858;0,9473;0,0000;0,0000;0,0000;0,0000;-0,4822;2,69;-7,18;0;0,0962;10,40;0;1;1;3;0;0;410;108;2048
174,2639;71,9965;14,10;-9,6404;-0,3899;0,9487;0,0000;0,0000;0,0000;0,0000;-0,4873;3,72;-5,92;0;0,0929;10,76;0;1;1;3;0;0;410;105;2048
174,2778;71,9965;14,10;-9,5491;-0,3899;0,9505;0,0000;0,0000;0,0000;0,0000;-0,4874;3,37;-6,18;0;0,0929;10,76;0;1;1;3;0;0;410;101;2048
174,2917;71,9965;14,10;-9,2699;-0,3901;0,9526;0,0000;0,0000;0,0000;0,0000;-0,4876;3,03;-6,24;0;0,0929;10,76;0;1;1;3;0;0;410;97;2048
174,3056;71,9965;14,10;-8,9670;-0,3905;0,9548;0,0000;0,0000;0,0000;0,0000;-0,4881;2,70;-6,27;0;0,0929;10,76;0;1;1;3;0;0;410;93;2048
174,3194;72,0374;14,10;-8,7697;-0,3904;0,9570;0,0000;0,0000;0,0000;0,0000;-0,4880;2,59;-6,17;0;0,0924;10,82;0;1;1;3;0;0;410;88;2048
174,3333;72,0918;14,10;-8,4779;-0,3903;0,9591;0,0000;0,0000;0,0000;0,0000;-0,4879;2,56;-5,91;0;0,0917;10,90;0;1;1;3;0;0;410;84;2048
174,3472;72,1463;14,10;-8,1666;-0,3902;0,9610;0,0000;0,0000;0,0000;0,0000;-0,4878;2,55;-5,62;0;0,0910;10,99;0;1;1;3;0;0;410;80;2048
174,3611;72,2008;14,10;-7,8764;-0,3903;0,9627;0,0000;0,0000;0,0000;0,0000;-0,4879;2,54;-5,33;0;0,0903;11,08;0;1;1;3;0;0;410;76;2048
174,3750;72,4536;14,50;-7,5852;-0,3938;0,9641;0,0000;0,0000;0,0000;0,0000;-0,4922;3,56;-4,03;0;0,0870;11,49;0;1;1;3;0;0;410;73;2048
174,3889;72,4536;14,50;-7,2008;-0,3932;0,9657;0,0000;0,0000;0,0000;0,0000;-0,4915;3,29;-3,91;0;0,0870;11,49;0;1;1;3;0;0;410;70;2048
174,4028;72,4536;14,50;-6,9741;-0,3927;0,9674;0,0000;0,0000;0,0000;0,0000;-0,4909;3,03;-3,94;0;0,0870;11,49;0;1;1;3;0;0;410;67;2048
174,4167;72,4536;14,50;-6,6536;-0,3924;0,9690;0,0000;0,0000;0,0000;0,0000;-0,4905;2,78;-3,87;0;0,0870;11,49;0;1;1;7;0;0;410;63;2048
174,4306;72,4987;14,50;-6,4108;-0,3915;0,9705;0,0000;0,0000;0,0000;0,0000;-0,4894;2,76;-3,64;0;0,0864;11,57;0;1;1;7;0;0;410;60;2048
174,4444;72,5546;14,50;-6,1987;-0,3906;0,9716;0,0000;0,0000;0,0000;0,0000;-0,4882;2,80;-3,39;0;0,0857;11,67;0;1;1;7;0;0;410;58;2048
174,4583;72,6106;14,50;-5,9382;-0,3897;0,9723;0,0000;0,0000;0,0000;0,0000;-0,4872;2,84;-3,09;0;0,0850;11,76;0;1;1;7;0;0;410;57;2048
174,4722;72,6666;14,50;-5,7395;-0,3890;0,9726;0,0000;0,0000;0,0000;0,0000;-0,4863;2,90;-2,83;0;0,0843;11,86;0;1;1;7;0;0;410;56;2048
174,4861;72,9081;14,50;-5,6078;-0,3911;0,9725;0,0000;0,0000;0,0000;0,0000;-0,4889;3,85;-1,75;0;0,0812;12,32;0;1;1;7;0;0;410;56;2048
174,5000;72,9081;14,50;-5,5421;-0,3898;0,9723;0,0000;0,0000;0,0000;0,0000;-0,4873;3,65;-1,90;0;0,0812;12,32;0;1;1;7;0;0;410;57;2048
174,5139;72,9081;14,50;-5,4065;-0,3886;0,9722;0,0000;0,0000;0,0000;0,0000;-0,4857;3,44;-1,96;0;0,0812;12,32;0;1;1;7;0;0;410;57;2048
174,5278;72,9084;14,50;-5,3984;-0,3876;0,9718;0,0000;0,0000;0,0000;0,0000;-0,4844;3,24;-2,15;0;0,0812;12,32;0;1;1;7;0;0;410;58;2048
174,5417;72,9643;14,50;-5,4076;-0,3859;0,9711;0,0000;0,0000;0,0000;0,0000;-0,4824;3,29;-2,11;0;0,0805;12,42;0;1;1;7;0;0;410;59;2048
174,5556;73,0202;14,50;-5,3679;-0,3844;0,9701;0,0000;0,0000;0,0000;0,0000;-0,4804;3,34;-2,01;0;0,0798;12,53;0;1;1;7;0;0;410;61;2048
174,5694;73,0762;14,50;-5,3309;-0,3830;0,9686;0,0000;0,0000;0,0000;0,0000;-0,4787;3,40;-1,93;0;0,0791;12,64;0;1;1;7;0;0;410;64;2048
174,5833;73,1321;14,50;-5,3643;-0,3817;0,9668;0,0000;0,0000;0,0000;0,0000;-0,4771;3,45;-1,91;0;0,0784;12,75;0;1;1;7;0;0;410;68;2048
174,5972;73,3630;14,50;-5,3510;-0,3830;0,9646;0,0000;0,0000;0,0000;0,0000;-0,4788;4,29;-1,07;0;0,0756;13,23;0;1;1;7;0;0;410;73;2048
174,6111;73,3630;14,50;-5,3538;-0,3813;0,9623;0,0000;0,0000;0,0000;0,0000;-0,4766;4,09;-1,27;0;0,0756;13,23;0;1;1;7;0;0;410;77;2048
174,6250;73,3630;14,50;-5,3891;-0,3798;0,9601;0,0000;0,0000;0,0000;0,0000;-0,4747;3,88;-1,50;0;0,0756;13,23;0;1;1;7;0;0;410;82;2048
174,6389;73,3723;14,50;-5,4639;-0,3783;0,9578;0,0000;0,0000;0,0000;0,0000;-0,4728;3,72;-1,74;0;0,0754;13,25;0;1;1;7;0;0;410;86;2048
174,6528;73,4282;14,50;-5,4815;-0,3763;0,9553;0,0000;0,0000;0,0000;0,0000;-0,4704;3,75;-1,72;0;0,0748;13,37;0;1;1;7;0;0;410;91;2048
174,6667;73,4842;14,50;-5,5299;-0,3746;0,9526;0,0000;0,0000;0,0000;0,0000;-0,4682;3,78;-1,75;0;0,0741;13,49;0;1;1;7;0;0;410;97;2048
174,6806;73,5401;14,50;-5,5604;-0,3729;0,9496;0,0000;0,0000;0,0000;0,0000;-0,4662;3,80;-1,75;0;0,0735;13,61;0;1;1;7;0;0;410;103;2048
174,6944;73,8214;14,50;-5,5596;-0,3744;0,9463;0,0000;0,0000;0,0000;0,0000;-0,4680;4,77;-0,79;0;0,0701;14,26;0;1;1;7;0;0;410;110;2048
174,7083;73,8214;14,50;-5,5882;-0,3724;0,9430;0,0000;0,0000;0,0000;0,0000;-0,4655;4,56;-1,03;0;0,0701;14,26;0;1;1;7;0;0;410;117;2048
174,7222;73,8214;14,50;-5,5614;-0,3705;0,9399;0,0000;0,0000;0,0000;0,0000;-0,4631;4,35;-1,21;0;0,0701;14,26;0;1;1;7;0;0;410;123;2048
174,7361;73,8214;14,50;-5,5415;-0,3688;0,9368;0,0000;0,0000;0,0000;0,0000;-0,4610;4,14;-1,40;0;0,0701;14,26;0;1;1;7;0;0;410;129;2048
174,7500;73,8346;14,50;-5,4748;-0,3671;0,9335;0,0000;0,0000;0,0000;0,0000;-0,4589;3,99;-1,48;0;0,0700;14,29;0;1;1;7;0;0;410;136;2048
174,7639;73,8905;14,50;-5,4021;-0,3650;0,9301;0,0000;0,0000;0,0000;0,0000;-0,4563;4,00;-1,39;0;0,0694;14,42;0;1;1;7;0;0;410;143;2048
174,7778;73,9464;14,50;-5,3461;-0,3631;0,9264;0,0000;0,0000;0,0000;0,0000;-0,4538;4,02;-1,32;0;0,0687;14,55;0;1;1;7;0;0;410;151;2048
174,7917;74,0023;14,50;-5,3044;-0,3612;0,9225;0,0000;0,0000;0,0000;0,0000;-0,4515;4,04;-1,26;0;0,0681;14,68;0;1;1;7;0;0;410;159;2048
174,8056;74,2737;14,50;-5,2630;-0,3621;0,9184;0,0000;0,0000;0,0000;0,0000;-0,4527;4,89;-0,37;0;0,0651;15,36;0;1;1;7;0;0;410;167;2048
174,8194;74,2737;14,50;-5,2306;-0,3599;0,9144;0,0000;0,0000;0,0000;0,0000;-0,4499;4,70;-0,53;0;0,0651;15,36;0;1;1;7;0;0;410;175;2048
174,8333;74,2737;14,50;-5,1892;-0,3578;0,9105;0,0000;0,0000;0,0000;0,0000;-0,4473;4,50;-0,68;0;0,0651;15,36;0;1;1;7;0;0;410;183;2048
174,8472;74,2737;14,50;-5,1607;-0,3559;0,9066;0,0000;0,0000;0,0000;0,0000;-0,4449;4,31;-0,85;0;0,0651;15,36;0;1;1;7;0;0;410;191;2048
174,8611;74,2952;14,50;-5,1278;-0,3539;0,9026;0,0000;0,0000;0,0000;0,0000;-0,4423;4,20;-0,92;0;0,0649;15,41;0;1;1;7;0;0;410;200;2048
174,8750;74,3511;14,50;-5,1027;-0,3516;0,8984;0,0000;0,0000;0,0000;0,0000;-0,4395;4,21;-0,89;0;0,0643;15,55;0;1;1;7;0;0;410;208;2048
174,8889;74,4070;14,50;-5,1128;-0,3495;0,8940;0,0000;0,0000;0,0000;0,0000;-0,4368;4,22;-0,89;0;0,0637;15,70;0;1;1;7;0;0;410;217;2048
174,9028;74,4629;14,50;-5,1163;-0,3475;0,8894;0,0000;0,0000;0,0000;0,0000;-0,4343;4,23;-0,88;0;0,0631;15,84;0;1;1;7;0;0;410;226;2048
174,9167;74,7313;14,50;-5,1120;-0,3480;0,8847;0,0000;0,0000;0,0000;0,0000;-0,4350;5,00;-0,11;0;0,0603;16,57;0;1;1;7;0;0;410;236;2048
174,9306;74,7313;14,50;-5,0943;-0,3457;0,8800;0,0000;0,0000;0,0000;0,0000;-0,4321;4,81;-0,28;0;0,0603;16,57;0;1;1;7;0;0;410;246;2048
174,9444;74,7313;14,50;-5,0791;-0,3435;0,8754;0,0000;0,0000;0,0000;0,0000;-0,4293;4,62;-0,46;0;0,0603;16,57;0;1;1;7;0;0;410;255;2048
174,9583;74,7313;14,50;-5,0321;-0,3414;0,8708;0,0000;0,0000;0,0000;0,0000;-0,4268;4,44;-0,60;0;0,0603;16,57;0;1;1;7;0;0;410;265;2048
174,9722;74,7543;14,50;-4,9696;-0,3392;0,8662;0,0000;0,0000;0,0000;0,0000;-0,4240;4,33;-0,64;0;0,0601;16,64;0;1;1;7;0;0;410;274;2048
174,9861;74,8102;14,50;-4,8582;-0,3368;0,8614;0,0000;0,0000;0,0000;0,0000;-0,4210;4,33;-0,52;0;0,0596;16,79;0;1;1;7;0;0;410;284;2048
175,0000;74,8660;14,50;-4,6514;-0,3345;0,8564;0,0000;0,0000;0,0000;0,0000;-0,4181;4,34;-0,30;0;0,0590;16,94;0;1;1;7;0;0;410;294;2048
175,0139;74,9219;14,50;-4,4924;-0,3322;0,8513;0,0000;0,0000;0,0000;0,0000;-0,4153;4,36;-0,12;0;0,0585;17,10;0;1;1;7;0;0;410;305;2048
175,0278;75,1853;14,50;-4,1282;-0,3321;0,8459;0,0000;0,0000;0,0000;0,0000;-0,4152;5,09;0,96;0;0,0559;17,88;0;1;1;7;0;0;410;316;2048
175,0417;75,1853;14,50;-3,9001;-0,3294;0,8406;0,0000;0,0000;0,0000;0,0000;-0,4117;4,94;1,04;0;0,0559;17,88;0;1;1;7;0;0;410;326;2048
175,0556;75,1853;14,50;-3,5796;-0,3266;0,8353;0,0000;0,0000;0,0000;0,0000;-0,4083;4,81;1,23;0;0,0559;17,88;0;1;1;7;0;0;410;337;2048
175,0694;75,1853;14,50;-3,3221;-0,3239;0,8299;0,0000;0,0000;0,0000;0,0000;-0,4049;4,69;1,36;0;0,0559;17,88;0;1;1;7;0;0;410;348;2048
175,0833;75,2116;14,50;-3,0299;-0,3209;0,8243;0,0000;0,0000;0,0000;0,0000;-0,4011;4,65;1,63;0;0,0557;17,95;0;1;1;7;0;0;410;360;2048
175,0972;75,2674;14,50;-2,7881;-0,3176;0,8183;0,0000;0,0000;0,0000;0,0000;-0,3971;4,72;1,94;0;0,0552;18,11;0;1;1;7;0;0;410;372;2048
175,1111;75,3232;14,50;-2,5836;-0,3144;0,8120;0,0000;0,0000;0,0000;0,0000;-0,3930;4,80;2,22;0;0,0547;18,28;0;1;1;7;0;0;410;385;2048
175,1250;75,3790;14,70;-2,4351;-0,3112;0,8053;0,0000;0,0000;0,0000;0,0000;-0,3890;4,88;2,45;0;0,0542;18,45;0;1;1;7;0;0;410;399;2048
175,1389;75,6413;14,70;-2,3228;-0,3100;0,7981;0,0000;0,0000;0,0000;0,0000;-0,3874;5,60;3,28;0;0,0519;19,28;0;1;1;7;0;0;410;414;2048
175,1528;75,6413;14,70;-2,2333;-0,3062;0,7907;0,0000;0,0000;0,0000;0,0000;-0,3828;5,52;3,28;0;0,0519;19,28;0;1;1;7;0;0;410;429;2048
175,1667;75,6413;14,70;-2,3491;-0,3026;0,7831;0,0000;0,0000;0,0000;0,0000;-0,3783;5,43;3,08;0;0,0519;19,28;0;1;1;7;0;0;410;444;2048
175,1806;75,6413;14,70;-2,3911;-0,2991;0,7751;0,0000;0,0000;0,0000;0,0000;-0,3738;5,34;2,94;0;0,0519;19,28;0;1;1;7;0;0;410;461;2048
175,1944;75,6707;14,70;-2,3995;-0,2953;0,7667;0,0000;0,0000;0,0000;0,0000;-0,3692;5,33;2,94;0;0,0516;19,37;0;1;1;7;0;0;410;478;2048
175,2083;75,7272;14,70;-2,4331;-0,2915;0,7579;0,0000;0,0000;0,0000;0,0000;-0,3643;5,40;2,97;0;0,0512;19,55;0;1;1;7;0;0;410;496;2048
175,2222;75,7837;14,70;-2,4566;-0,2876;0,7485;0,0000;0,0000;0,0000;0,0000;-0,3596;5,47;3,02;0;0,0507;19,73;0;1;1;7;0;0;410;515;2048
175,2361;75,8403;14,70;-2,5238;-0,2839;0,7385;0,0000;0,0000;0,0000;0,0000;-0,3549;5,53;3,01;0;0,0502;19,91;0;1;1;7;0;0;410;536;2048
175,2500;76,0972;14,70;-2,6611;-0,2821;0,7280;0,0000;0,0000;0,0000;0,0000;-0,3526;6,17;3,51;0;0,0481;20,78;0;1;1;7;0;0;410;557;2048
175,2639;76,0972;14,70;-2,7356;-0,2780;0,7172;0,0000;0,0000;0,0000;0,0000;-0,3475;6,06;3,33;0;0,0481;20,78;0;1;1;7;0;0;410;579;2048
175,2778;76,0972;14,70;-2,8131;-0,2741;0,7061;0,0000;0,0000;0,0000;0,0000;-0,3426;5,96;3,15;0;0,0481;20,78;0;1;1;7;0;0;410;602;2048
175,2917;76,0972;14,70;-2,9183;-0,2703;0,6947;0,0000;0,0000;0,0000;0,0000;-0,3378;5,85;2,93;0;0,0481;20,78;0;1;1;7;0;0;410;625;2048
175,3056;76,1304;14,70;-3,0368;-0,2663;0,6827;0,0000;0,0000;0,0000;0,0000;-0,3328;5,82;2,79;0;0,0479;20,89;0;1;1;7;0;0;410;650;2048
175,3194;76,1869;14,70;-3,1229;-0,2622;0,6702;0,0000;0,0000;0,0000;0,0000;-0,3278;5,86;2,74;0;0,0474;21,08;0;1;1;7;0;0;410;675;2048
175,3333;76,2434;14,70;-3,1838;-0,2583;0,6568;0,0000;0,0000;0,0000;0,0000;-0,3228;5,89;2,71;0;0,0470;21,27;0;1;1;7;0;0;410;703;2048
175,3472;76,2999;14,70;-3,2549;-0,2544;0,6425;0,0000;0,0000;0,0000;0,0000;-0,3180;5,91;2,66;0;0,0466;21,47;0;1;1;7;0;0;410;732;2048
175,3611;76,5519;14,70;-3,2987;-0,2523;0,6272;0,0000;0,0000;0,0000;0,0000;-0,3154;6,46;3,16;0;0,0447;22,38;0;1;1;7;0;0;410;764;2048
175,3750;76,5519;14,70;-3,3648;-0,2483;0,6112;0,0000;0,0000;0,0000;0,0000;-0,3103;6,33;2,97;0;0,0447;22,38;0;1;1;7;0;0;410;796;2048
175,3889;76,5519;14,70;-3,3974;-0,2443;0,5948;0,0000;0,0000;0,0000;0,0000;-0,3054;6,20;2,80;0;0,0447;22,38;0;1;1;7;0;0;410;830;2048
175,4028;76,5519;14,70;-3,4426;-0,2405;0,5775;0,0000;0,0000;0,0000;0,0000;-0,3006;6,07;2,63;0;0,0447;22,38;0;1;1;7;0;0;410;865;2048
175,4167;76,5887;14,70;-3,4714;-0,2364;0,5596;0,0000;0,0000;0,0000;0,0000;-0,2955;6,03;2,57;0;0,0444;22,51;0;1;1;1;0;0;410;902;2048
175,4306;76,6452;14,70;-3,5112;-0,2324;0,5408;0,0000;0,0000;0,0000;0,0000;-0,2904;6,04;2,53;0;0,0440;22,71;0;1;1;1;0;0;410;940;2048
175,4444;76,7017;14,70;-3,5856;-0,2284;0,5215;0,0000;0,0000;0,0000;0,0000;-0,2855;6,04;2,46;0;0,0436;22,92;0;1;1;1;0;0;410;980;2048
175,4583;76,7583;14,70;-3,7103;-0,2246;0,5016;0,0000;0,0000;0,0000;0,0000;-0,2808;6,04;2,34;0;0,0432;23,12;0;1;1;1;0;0;410;1021;2048
175,4722;77,0088;14,70;-3,7966;-0,2224;0,4816;0,0000;0,0000;0,0000;0,0000;-0,2780;6,52;2,72;0;0,0415;24,09;0;1;1;1;0;0;410;1062;2048
175,4861;77,0088;14,70;-3,9197;-0,2185;0,4618;0,0000;0,0000;0,0000;0,0000;-0,2731;6,37;2,45;0;0,0415;24,09;0;1;1;1;0;0;410;1102;2048
175,5000;77,0088;14,70;-4,0169;-0,2147;0,4426;0,0000;0,0000;0,0000;0,0000;-0,2683;6,22;2,20;0;0,0415;24,09;0;1;1;1;0;0;410;1142;2048
175,5139;77,0088;14,70;-4,2012;-0,2110;0,4240;0,0000;0,0000;0,0000;0,0000;-0,2638;6,06;1,86;0;0,0415;24,09;0;1;1;1;0;0;410;1180;2048
175,5278;77,0460;14,70;-4,2682;-0,2073;0,4065;0,0000;0,0000;0,0000;0,0000;-0,2591;5,98;1,72;0;0,0413;24,23;0;1;1;1;0;0;410;1216;2048
175,5417;77,1026;14,70;-4,3660;-0,2035;0,3917;0,0000;0,0000;0,0000;0,0000;-0,2544;5,95;1,59;0;0,0409;24,44;0;1;1;1;0;0;410;1246;2048
175,5556;77,1591;14,70;-4,4001;-0,1999;0,3786;0,0000;0,0000;0,0000;0,0000;-0,2499;5,91;1,52;0;0,0406;24,66;0;1;1;1;0;0;410;1273;2048
175,5694;77,2157;14,70;-4,4462;-0,1965;0,0000;0,0000;0,0000;0,0000;0,0000;-0,2456;5,88;1,43;0;0,0402;24,88;0;1;1;1;0;0;410;2048;2048
175,5833;77,4629;14,70;-4,4779;-0,1945;0,0000;0,0000;0,0000;0,0000;0,0000;-0,2431;6,27;1,80;0;0,0386;25,89;0;1;1;1;0;0;410;2048;2048
175,5972;77,4629;14,70;-4,4812;-0,1909;0,0000;0,0000;0,0000;0,0000;0,0000;-0,2387;6,10;1,62;0;0,0386;25,89;0;1;1;1;0;0;410;2048;2048
175,6111;77,4629;14,70;-4,4949;-0,1875;0,0000;0,0000;0,0000;0,0000;0,0000;-0,2344;5,93;1,44;0;0,0386;25,89;0;1;1;1;0;0;410;2048;2048
175,6250;77,4629;14,70;-4,4646;-0,1842;0,0000;0,0000;0,0000;0,0000;0,0000;-0,2302;5,76;1,30;0;0,0386;25,89;0;1;1;1;0;0;410;2048;2048
175,6389;77,5027;14,70;-4,4160;-0,1807;0,0000;0,0000;0,0000;0,0000;0,0000;-0,2259;5,68;1,27;0;0,0384;26,05;0;1;1;1;0;0;410;2048;2048
175,6528;77,5593;14,70;-4,3282;-0,1772;0,0000;0,0000;0,0000;0,0000;0,0000;-0,2215;5,64;1,32;0;0,0381;26,28;0;1;1;1;0;0;410;2048;2048
175,6667;77,6159;14,70;-4,2226;-0,1738;0,0000;0,0000;0,0000;0,0000;0,0000;-0,2173;5,60;1,38;0;0,0377;26,50;0;1;1;1;0;0;410;2048;2048
175,6806;77,6724;14,70;-4,0948;-0,1705;0,0000;0,0000;0,0000;0,0000;0,0000;-0,2131;5,57;1,48;0;0,0374;26,74;0;1;1;1;0;0;410;2048;2048
175,6944;77,9200;14,70;-4,0080;-0,1686;0,0000;0,0000;0,0000;0,0000;0,0000;-0,2107;5,95;1,94;0;0,0360;27,81;0;1;1;1;0;0;410;2048;2048
175,7083;77,9200;14,70;-3,8756;-0,1650;0,0000;0,0000;0,0000;0,0000;0,0000;-0,2063;5,80;1,92;0;0,0360;27,81;0;1;1;1;0;0;410;2048;2048
175,7222;77,9200;14,70;-3,7039;-0,1616;0,0000;0,0000;0,0000;0,0000;0,0000;-0,2020;5,66;1,96;0;0,0360;27,81;0;1;1;1;0;0;410;2048;2048
175,7361;77,9200;14,70;-3,5348;-0,1582;0,0000;0,0000;0,0000;0,0000;0,0000;-0,1977;5,53;1,99;0;0,0360;27,81;0;1;1;1;0;0;410;2048;2048
175,7500;77,9586;14,70;-3,3768;-0,1546;0,0000;0,0000;0,0000;0,0000;0,0000;-0,1933;5,47;2,10;0;0,0358;27,97;0;1;1;1;0;0;410;2048;2048
175,7639;78,0151;14,70;-3,2672;-0,1510;0,0000;0,0000;0,0000;0,0000;0,0000;-0,1887;5,46;2,20;0;0,0354;28,21;0;1;1;1;0;0;410;2048;2048
175,7778;78,0717;14,70;-3,1521;-0,1474;0,0000;0,0000;0,0000;0,0000;0,0000;-0,1843;5,45;2,31;0;0,0351;28,45;0;1;1;1;0;0;410;2048;2048
175,7917;78,1283;14,70;-3,0919;-0,1439;0,0000;0,0000;0,0000;0,0000;0,0000;-0,1799;5,45;2,36;0;0,0348;28,70;0;1;1;1;0;0;410;2048;2048
175,8056;78,3742;14,70;-3,0071;-0,1417;0,0000;0,0000;0,0000;0,0000;0,0000;-0,1771;5,82;2,82;0;0,0335;29,82;0;1;1;1;0;0;410;2048;2048
175,8194;78,3742;14,70;-2,9639;-0,1380;0,0000;0,0000;0,0000;0,0000;0,0000;-0,1725;5,71;2,75;0;0,0335;29,82;0;1;1;1;0;0;410;2048;2048
175,8333;78,3742;14,70;-2,9012;-0,1344;0,0000;0,0000;0,0000;0,0000;0,0000;-0,1680;5,60;2,70;0;0,0335;29,82;0;1;1;1;0;0;410;2048;2048
175,8472;78,3742;14,70;-2,8863;-0,1309;0,0000;0,0000;0,0000;0,0000;0,0000;-0,1636;5,49;2,61;0;0,0335;29,82;0;1;1;1;0;0;410;2048;2048
175,8611;78,4136;14,70;-2,8586;-0,1272;0,0000;0,0000;0,0000;0,0000;0,0000;-0,1589;5,46;2,60;0;0,0333;29,99;0;1;1;1;0;0;410;2048;2048
175,8750;78,4701;14,70;-2,8487;-0,1234;0,0000;0,0000;0,0000;0,0000;0,0000;-0,1543;5,45;2,61;0;0,0331;30,25;0;1;1;1;0;0;410;2048;2048
175,8889;78,5266;14,70;-2,8345;-0,1198;0,0000;0,0000;0,0000;0,0000;0,0000;-0,1497;5,45;2,62;0;0,0328;30,50;0;1;1;1;0;0;410;2048;2048
175,9028;78,5832;14,70;-2,8316;-0,1162;0,0000;0,0000;0,0000;0,0000;0,0000;-0,1453;5,45;2,62;0;0,0325;30,76;0;1;1;1;0;0;410;2048;2048
175,9167;78,8306;14,70;-2,8506;-0,1139;0,0000;0,0000;0,0000;0,0000;0,0000;-0,1423;5,80;2,95;0;0,0313;31,95;0;1;1;1;0;0;410;2048;2048
175,9306;78,8306;14,70;-2,9166;-0,1102;0,0000;0,0000;0,0000;0,0000;0,0000;-0,1377;5,69;2,78;0;0,0313;31,95;0;1;1;1;0;0;410;2048;2048
175,9444;78,8306;14,70;-2,9752;-0,1066;0,0000;0,0000;0,0000;0,0000;0,0000;-0,1332;5,58;2,60;0;0,0313;31,95;0;1;1;1;0;0;410;2048;2048
175,9583;78,8306;14,70;-3,0477;-0,1031;0,0000;0,0000;0,0000;0,0000;0,0000;-0,1289;5,47;2,42;0;0,0313;31,95;0;1;1;1;0;0;410;2048;2048
175,9722;78,8678;14,70;-3,0843;-0,0995;0,0000;0,0000;0,0000;0,0000;0,0000;-0,1244;5,41;2,33;0;0,0311;32,12;0;1;1;1;0;0;410;2048;2048
175,9861;78,9244;14,70;-3,1124;-0,0959;0,0000;0,0000;0,0000;0,0000;0,0000;-0,1199;5,39;2,29;0;0,0309;32,39;0;1;1;1;0;0;410;2048;2048
176,0000;78,9809;14,70;-3,1382;-0,0924;0,0000;0,0000;0,0000;0,0000;0,0000;-0,1155;5,37;2,24;0;0,0306;32,66;0;1;1;1;0;0;410;2048;2048
176,0139;79,0375;14,70;-3,1491;-0,0890;0,0000;0,0000;0,0000;0,0000;0,0000;-0,1113;5,35;2,21;0;0,0304;32,93;0;1;1;1;0;0;410;2048;2048
176,0278;79,2860;14,70;-3,1518;-0,0868;0,0000;0,0000;0,0000;0,0000;0,0000;-0,1085;5,66;2,51;0;0,0293;34,19;0;1;1;1;0;0;410;2048;2048
176,0417;79,2860;14,70;-3,1360;-0,0833;0,0000;0,0000;0,0000;0,0000;0,0000;-0,1041;5,55;2,41;0;0,0293;34,19;0;1;1;1;0;0;410;2048;2048
176,0556;79,2860;14,70;-3,0991;-0,0798;0,0000;0,0000;0,0000;0,0000;0,0000;-0,0998;5,43;2,33;0;0,0293;34,19;0;1;1;1;0;0;410;2048;2048
176,0694;79,2860;14,70;-3,0340;-0,0764;0,0000;0,0000;0,0000;0,0000;0,0000;-0,0956;5,32;2,28;0;0,0293;34,19;0;1;1;1;0;0;410;2048;2048
176,0833;79,3217;14,70;-2,9640;-0,0730;0,0000;0,0000;0,0000;0,0000;0,0000;-0,0912;5,26;2,30;0;0,0291;34,36;0;1;1;1;0;0;410;2048;2048
176,0972;79,3782;14,70;-2,9160;-0,0695;0,0000;0,0000;0,0000;0,0000;0,0000;-0,0868;5,24;2,33;0;0,0289;34,64;0;1;1;1;0;0;410;2048;2048
176,1111;79,4348;14,70;-2,8739;-0,0660;0,0000;0,0000;0,0000;0,0000;0,0000;-0,0825;5,23;2,36;0;0,0286;34,92;0;1;1;1;0;0;410;2048;2048
176,1250;79,4914;14,60;-2,8364;-0,0626;0,0000;0,0000;0,0000;0,0000;0,0000;-0,0783;5,21;2,38;0;0,0284;35,21;0;1;1;1;0;0;410;2048;2048
176,1389;79,7410;14,60;-2,8052;-0,0603;0,0000;0,0000;0,0000;0,0000;0,0000;-0,0754;5,51;2,71;0;0,0274;36,53;0;1;1;1;0;0;410;2048;2048
176,1528;79,7410;14,60;-2,7610;-0,0568;0,0000;0,0000;0,0000;0,0000;0,0000;-0,0710;5,41;2,65;0;0,0274;36,53;0;1;1;1;0;0;410;2048;2048
176,1667;79,7410;14,60;-2,7558;-0,0534;0,0000;0,0000;0,0000;0,0000;0,0000;-0,0668;5,31;2,55;0;0,0274;36,53;0;1;1;1;0;0;410;2048;2048
176,1806;79,7410;14,60;-2,7386;-0,0501;0,0000;0,0000;0,0000;0,0000;0,0000;-0,0626;5,20;2,46;0;0,0274;36,53;0;1;1;1;0;0;410;2048;2048
176,1944;79,7731;14,60;-2,7215;-0,0467;0,0000;0,0000;0,0000;0,0000;0,0000;-0,0584;5,13;2,41;0;0,0255;39,20;0;1;1;1;0;0;410;2048;2048
176,2083;79,8292;14,60;-2,6938;-0,0433;0,0000;0,0000;0,0000;0,0000;0,0000;-0,0541;5,09;2,40;0;0,0222;44,97;0;1;1;1;0;0;410;2048;2048
176,2222;79,8854;14,60;-2,6723;-0,0399;0,0000;0,0000;0,0000;0,0000;0,0000;-0,0499;5,05;2,38;0;0,0190;52,72;0;1;1;1;0;0;410;2048;2048
176,2361;79,9416;14,60;-2,6537;-0,0366;0,0000;0,0000;0,0000;0,0000;0,0000;-0,0457;5,01;2,36;0;0,0157;63,70;0;1;1;1;0;0;410;2048;2048
176,2500;80,1961;14,60;-2,6304;-0,0338;0,0000;0,0000;0,0000;0,0000;0,0000;-0,0423;5,18;2,55;0;0,0009;0,00;0;1;1;1;0;0;410;2048;2048
176,2639;80,1961;14,60;-2,6166;-0,0305;0,0000;0,0000;0,0000;0,0000;0,0000;-0,0382;5,08;2,46;0;0,0009;0,00;0;1;1;1;0;0;410;2048;2048
176,2778;80,1961;14,60;-2,6101;-0,0273;0,0000;0,0000;0,0000;0,0000;0,0000;-0,0342;4,98;2,37;0;0,0009;0,00;0;1;1;1;0;0;410;2048;2048
176,2917;80,1961;14,60;-2,5917;-0,0242;0,0000;0,0000;0,0000;0,0000;0,0000;-0,0303;4,88;2,29;0;0,0009;0,00;0;1;1;1;0;0;410;2048;2048
176,3056;80,2227;14,60;-2,5724;-0,0211;0,0000;0,0000;0,0000;0,0000;0,0000;-0,0264;4,79;2,21;0;0,0008;0,00;0;1;1;1;0;0;410;2048;2048
176,3194;80,2789;14,60;-2,5571;-0,0182;0,0000;0,0000;0,0000;0,0000;0,0000;-0,0227;4,69;2,13;0;0,0008;0,00;0;1;1;1;0;0;410;2048;2048
176,3333;80,3351;14,60;-2,5322;-0,0153;0,0000;0,0000;0,0000;0,0000;0,0000;-0,0191;4,60;2,06;0;0,0007;0,00;0;1;1;1;0;0;410;2048;2048
176,3472;80,3913;14,60;-2,5195;-0,0124;0,0000;0,0000;0,0000;0,0000;0,0000;-0,0155;4,50;1,98;0;0,0006;0,00;0;1;1;1;0;0;410;2048;2048
176,3611;80,6536;14,50;-2,5057;-0,0096;0,0000;0,0000;0,0000;0,0000;0,0000;-0,0120;4,41;1,90;0;0,0002;0,00;0;1;1;1;0;0;410;2048;2048
176,3750;80,6536;14,50;-2,4895;-0,0069;0,0000;0,0000;0,0000;0,0000;0,0000;-0,0087;4,32;1,83;0;0,0002;0,00;0;1;1;1;0;0;410;2048;2048
176,3889;80,6536;14,50;-2,4802;-0,0043;0,0000;0,0000;0,0000;0,0000;0,0000;-0,0054;4,22;1,74;1;0,0002;0,00;0;1;1;1;0;0;410;2048;2048
176,4028;80,6536;14,50;-2,4692;-0,0017;0,0000;0,0000;0,0000;0,0000;0,0000;-0,0022;4,13;1,66;1;0,0002;0,00;0;1;1;1;0;0;410;2048;2048
176,4167;80,6710;14,50;-2,4658;0,0007;0,0000;0,0000;0,0000;0,0000;0,0000;0,0009;4,04;1,58;1;0,0002;0,00;0;1;1;0;0;0;410;2048;2048
176,4306;80,7269;14,50;-2,4613;0,0032;0,0000;0,0000;0,0000;0,0000;0,0000;0,0039;3,95;1,49;1;0,0002;0,00;0;1;1;0;0;0;410;2048;2048
176,4444;80,7827;14,50;-2,4611;0,0055;0,0000;0,0000;0,0000;0,0000;0,0000;0,0069;3,86;1,40;1;0,0001;0,00;0;1;1;0;0;0;410;2048;2048
176,4583;80,8386;14,50;-2,4544;0,0078;0,0000;0,0000;0,0000;0,0000;0,0000;0,0097;3,77;1,31;1;0,0001;0,00;0;1;1;0;0;0;410;2048;2048
176,4722;81,1105;14,50;-2,4506;0,0100;0,0000;0,0000;0,0000;0,0000;0,0000;0,0125;3,68;1,23;1;0,0000;0,00;0;1;1;0;0;0;410;2048;2048
176,4861;81,1105;14,50;-2,4356;0,0121;0,0000;0,0000;0,0000;0,0000;0,0000;0,0152;3,59;1,15;1;0,0000;0,00;0;1;1;0;0;0;410;2048;2048
176,5000;81,1105;14,50;-2,4240;0,0142;0,0000;0,0000;0,0000;0,0000;0,0000;0,0177;3,50;1,07;1;0,0000;0,00;0;1;1;0;0;0;410;2048;2048
176,5139;81,1105;14,50;-2,3831;0,0162;0,0000;0,0000;0,0000;0,0000;0,0000;0,0203;3,41;1,02;1;0,0000;0,00;0;1;1;0;0;0;410;2048;2048
176,5278;81,1181;14,50;-2,3527;0,0182;0,0000;0,0000;0,0000;0,0000;0,0000;0,0227;3,32;0,97;1;0,0000;0,00;0;1;1;0;0;0;410;2048;2048
176,5417;81,1739;14,50;-2,2944;0,0201;0,0000;0,0000;0,0000;0,0000;0,0000;0,0251;3,24;0,94;1;0,0000;0,00;0;1;1;0;0;0;410;2048;2048
176,5556;81,2298;14,50;-2,2072;0,0219;0,0000;0,0000;0,0000;0,0000;0,0000;0,0274;3,15;0,95;1;0,0000;0,00;0;1;1;0;0;0;410;2048;2048
176,5694;81,2857;14,50;-2,0721;0,0238;0,0000;0,0000;0,0000;0,0000;0,0000;0,0297;3,08;1,01;1;0,0000;0,00;0;1;1;0;0;0;410;2048;2048
176,5833;81,5665;14,50;-1,9301;0,0256;0,0000;0,0000;0,0000;0,0000;0,0000;0,0320;3,01;1,08;1;0,0000;0,00;0;1;1;0;0;0;410;2048;2048
176,5972;81,5665;14,50;-1,8111;0,0274;0,0000;0,0000;0,0000;0,0000;0,0000;0,0343;2,94;1,13;1;0,0000;0,00;0;1;1;0;0;0;410;2048;2048
176,6111;81,5665;14,50;-1,6228;0,0292;0,0000;0,0000;0,0000;0,0000;0,0000;0,0365;2,88;1,26;1;0,0000;0,00;0;1;1;0;0;0;410;2048;2048
176,6250;81,5665;14,50;-1,4499;0,0310;0,0000;0,0000;0,0000;0,0000;0,0000;0,0388;2,82;1,37;1;0,0000;0,00;0;1;1;0;0;0;410;2048;2048
176,6389;81,5665;14,50;-1,2372;0,0329;0,0000;0,0000;0,0000;0,0000;0,0000;0,0411;2,78;1,54;1;0,0000;0,00;0;1;1;0;0;0;410;2048;2048
176,6528;81,6211;14,50;-1,0941;0,0347;0,0000;0,0000;0,0000;0,0000;0,0000;0,0434;2,74;1,64;1;0,0000;0,00;0;1;1;0;0;0;410;2048;2048
176,6667;81,6770;14,50;-0,9151;0,0366;0,0000;0,0000;0,0000;0,0000;0,0000;0,0457;2,71;1,79;1;0,0000;0,00;0;1;1;0;0;0;410;2048;2048
176,6806;81,7329;14,50;-0,7693;0,0385;0,0000;0,0000;0,0000;0,0000;0,0000;0,0481;2,68;1,91;1;0,0000;0,00;0;1;1;0;0;0;410;2048;2048
176,6944;81,7888;14,50;-0,5343;0,0404;0,0000;0,0000;0,0000;0,0000;0,0000;0,0505;2,66;2,12;1;0,0000;0,00;0;1;1;0;0;0;410;2048;2048
176,7083;82,0224;14,50;-0,3863;0,0424;0,0000;0,0000;0,0000;0,0000;0,0000;0,0530;2,64;2,26;1;0,0000;0,00;0;1;1;0;0;0;410;2048;2048
176,7222;82,0224;14,50;-0,2457;0,0444;0,0000;0,0000;0,0000;0,0000;0,0000;0,0555;2,64;2,39;1;0,0000;0,00;0;1;1;0;0;0;410;2048;2048
176,7361;82,0224;14,50;-0,0986;0,0464;0,0000;0,0000;0,0000;0,0000;0,0000;0,0580;2,63;2,53;1;0,0000;0,00;0;1;1;0;0;0;410;2048;2048
176,7500;82,0224;14,50;-0,0348;0,0484;0,0000;0,0000;0,0000;0,0000;0,0000;0,0605;2,63;2,60;1;0,0000;0,00;0;1;1;0;0;0;410;2048;2048
176,7639;82,0682;14,50;0,1255;0,0505;0,0000;0,0000;0,0000;0,0000;0,0000;0,0631;2,64;2,76;1;0,0000;0,00;0;1;1;0;0;0;410;2048;2048
176,7778;82,1241;14,50;0,1644;0,0526;0,0000;0,0000;0,0000;0,0000;0,0000;0,0658;2,64;2,81;1;0,0000;0,00;0;1;1;0;0;0;410;2048;2048
176,7917;82,1800;14,50;0,2865;0,0547;0,0000;0,0000;0,0000;0,0000;0,0000;0,0684;2,65;2,94;1;0,0000;0,00;0;1;1;0;0;0;410;2048;2048
176,8056;82,2359;14,50;0,3377;0,0569;0,0000;0,0000;0,0000;0,0000;0,0000;0,0711;2,67;3,01;1;0,0000;0,00;0;1;1;0;0;0;410;2048;2048
176,8194;82,4782;14,50;0,4217;0,0591;0,0000;0,0000;0,0000;0,0000;0,0000;0,0739;2,68;3,11;1;0,0000;0,00;0;1;1;0;0;0;410;2048;2048
176,8333;82,4782;14,50;0,4802;0,0613;0,0000;0,0000;0,0000;0,0000;0,0000;0,0767;2,70;3,18;1;0,0000;0,00;0;1;1;0;0;0;410;2048;2048
176,8472;82,4782;14,50;0,4919;0,0636;0,0000;0,0000;0,0000;0,0000;0,0000;0,0795;2,72;3,21;1;0,0000;0,00;0;1;1;0;0;0;410;2048;2048
176,8611;82,4782;14,10;0,5817;0,0659;0,0000;0,0000;0,0000;0,0000;0,0000;0,0824;2,74;3,33;1;0,0000;0,00;0;1;1;0;0;0;410;2048;2048
176,8750;82,5137;14,10;0,6530;0,0682;0,0000;0,0000;0,0000;0,0000;0,0000;0,0852;2,77;3,42;1;0,0000;0,00;0;1;1;0;0;0;410;2048;2048
176,8889;82,5680;14,10;0,7106;0,0705;0,0000;0,0000;0,0000;0,0000;0,0000;0,0881;2,79;3,51;1;0,0000;0,00;0;1;1;0;0;0;410;2048;2048
176,9028;82,6223;14,10;0,7221;0,0728;0,0000;0,0000;0,0000;0,0000;0,0000;0,0910;2,82;3,54;1;0,0000;0,00;0;1;1;0;0;0;410;2048;2048
176,9167;82,6766;14,10;0,7525;0,0752;0,0000;0,0000;0,0000;0,0000;0,0000;0,0939;2,85;3,60;1;0,0000;0,00;0;1;1;0;0;0;410;2048;2048
176,9306;82,9348;14,10;0,8016;0,0776;0,0000;0,0000;0,0000;0,0000;0,0000;0,0969;2,88;3,68;1;0,0000;0,00;0;1;1;0;0;0;410;2048;2048
176,9444;82,9348;14,10;0,8116;0,0800;0,0000;0,0000;0,0000;0,0000;0,0000;0,1000;2,91;3,72;1;0,0000;0,00;0;1;1;0;0;0;410;2048;2048
176,9583;82,9348;14,10;0,8302;0,0824;0,0000;0,0000;0,0000;0,0000;0,0000;0,1030;2,94;3,77;1;0,0000;0,00;0;1;1;0;0;0;410;2048;2048
176,9722;82,9348;14,10;0,8291;0,0849;0,0000;0,0000;0,0000;0,0000;0,0000;0,1061;2,97;3,80;1;0,0000;0,00;0;1;1;0;0;0;410;2048;2048
176,9861;82,9482;14,10;0,8288;0,0874;0,0000;0,0000;0,0000;0,0000;0,0000;0,1092;3,00;3,83;1;0,0000;0,00;0;1;1;0;0;0;410;2048;2048
177,0000;83,0025;14,10;0,7934;0,0899;0,0000;0,0000;0,0000;0,0000;0,0000;0,1124;3,03;3,82;1;0,0000;0,00;0;1;1;0;0;0;410;2048;2048
177,0139;83,0568;14,10;0,7441;0,0924;0,0000;0,0000;0,0000;0,0000;0,0000;0,1155;3,06;3,80;1;0,0000;0,00;0;1;1;0;0;0;410;2048;2048
177,0278;83,1111;14,10;0,6941;0,0949;0,0000;0,0000;0,0000;0,0000;0,0000;0,1187;3,08;3,78;1;0,0000;0,00;0;1;1;0;0;0;410;2048;2048
177,0417;83,3906;14,10;0,6304;0,0975;0,0000;0,0000;0,0000;0,0000;0,0000;0,1218;3,11;3,74;1;0,0000;0,00;0;1;1;0;0;0;410;2048;2048
177,0556;83,3906;14,10;0,5780;0,1000;0,0000;0,0000;0,0000;0,0000;0,0000;0,1250;3,13;3,71;1;0,0000;0,00;0;1;1;0;0;0;410;2048;2048
177,0694;83,3906;14,10;0,5241;0,1025;0,0000;0,0000;0,0000;0,0000;0,0000;0,1281;3,15;3,67;1;0,0000;0,00;0;1;1;0;0;0;410;2048;2048
177,0833;83,3906;14,10;0,4315;0,1050;0,0000;0,0000;0,0000;0,0000;0,0000;0,1313;3,16;3,59;1;0,0000;0,00;0;1;1;0;0;0;410;2048;2048
177,0972;83,3906;14,10;0,3360;0,1076;0,0000;0,0000;0,0000;0,0000;0,0000;0,1344;3,17;3,51;1;0,0000;0,00;0;1;1;0;0;0;410;2048;2048
177,1111;83,4370;14,10;0,2166;0,1100;0,0000;0,0000;0,0000;0,0000;0,0000;0,1375;3,18;3,40;1;0,0000;0,00;0;1;1;0;0;0;410;2048;2048
177,1250;83,4913;14,10;0,0698;0,1125;0,0000;0,0000;0,0000;0,0000;0,0000;0,1406;3,18;3,25;1;0,0000;0,00;0;1;1;0;0;0;410;2048;2048
177,1389;83,5456;14,10;-0,0821;0,1149;0,0000;0,0000;0,0000;0,0000;0,0000;0,1436;3,18;3,10;1;0,0000;0,00;0;1;1;0;0;0;410;2048;2048
177,1528;83,5999;14,10;-0,2759;0,1172;0,0000;0,0000;0,0000;0,0000;0,0000;0,1465;3,17;2,89;1;0,0000;0,00;0;1;1;0;0;0;410;2048;2048
177,1667;83,8467;14,10;-0,4410;0,1195;0,0000;0,0000;0,0000;0,0000;0,0000;0,1494;3,15;2,71;1;0,0000;0,00;0;1;1;0;0;0;410;2048;2048
177,1806;83,8467;14,10;-0,6221;0,1217;0,0000;0,0000;0,0000;0,0000;0,0000;0,1522;3,13;2,51;1;0,0000;0,00;0;1;1;0;0;0;410;2048;2048
177,1944;83,8467;14,10;-0,7665;0,1239;0,0000;0,0000;0,0000;0,0000;0,0000;0,1549;3,10;2,34;1;0,0000;0,00;0;1;1;0;0;0;410;2048;2048
177,2083;83,8467;14,10;-0,8701;0,1260;0,0000;0,0000;0,0000;0,0000;0,0000;0,1575;3,07;2,20;1;0,0000;0,00;0;1;1;0;0;0;410;2048;2048
177,2222;83,8716;14,10;-0,9738;0,1281;0,0000;0,0000;0,0000;0,0000;0,0000;0,1601;3,04;2,06;1;0,0000;0,00;0;1;1;0;0;0;410;2048;2048
177,2361;83,9259;14,10;-1,0313;0,1301;0,0000;0,0000;0,0000;0,0000;0,0000;0,1626;3,00;1,97;1;0,0000;0,00;0;1;1;0;0;0;410;2048;2048
177,2500;83,9803;14,10;-1,1098;0,1320;0,0000;0,0000;0,0000;0,0000;0,0000;0,1650;2,96;1,85;1;0,0000;0,00;0;1;1;0;0;0;410;2048;2048
177,2639;84,0346;14,10;-1,1153;0,1339;0,0000;0,0000;0,0000;0,0000;0,0000;0,1674;2,92;1,80;1;0,0000;0,00;0;1;1;0;0;0;410;2048;2048
177,2778;84,3025;14,10;-1,1811;0,1358;0,0000;0,0000;0,0000;0,0000;0,0000;0,1698;2,88;1,70;1;0,0000;0,00;0;1;1;0;0;0;410;2048;2048
177,2917;84,3025;14,10;-1,1791;0,1376;0,0000;0,0000;0,0000;0,0000;0,0000;0,1721;2,83;1,66;1;0,0000;0,00;0;1;1;0;0;0;410;2048;2048
177,3056;84,3025;14,10;-1,2452;0,1394;0,0000;0,0000;0,0000;0,0000;0,0000;0,1743;2,79;1,54;1;0,0000;0,00;0;1;1;0;0;0;410;2048;2048
177,3194;84,3025;14,10;-1,2336;0,1412;0,0000;0,0000;0,0000;0,0000;0,0000;0,1765;2,74;1,51;1;0,0000;0,00;0;1;1;0;0;0;410;2048;2048
177,3333;84,3064;14,10;-1,2459;0,1429;0,0000;0,0000;0,0000;0,0000;0,0000;0,1786;2,70;1,45;1;0,0000;0,00;0;1;1;0;0;0;410;2048;2048
177,3472;84,3607;14,10;-1,2405;0,1446;0,0000;0,0000;0,0000;0,0000;0,0000;0,1808;2,66;1,41;1;0,0000;0,00;0;1;1;0;0;0;410;2048;2048
177,3611;84,4151;14,10;-1,2242;0,1463;0,0000;0,0000;0,0000;0,0000;0,0000;0,1829;2,61;1,39;1;0,0000;0,00;0;1;1;0;0;0;410;2048;2048
177,3750;84,4694;14,00;-1,2064;0,1479;0,0000;0,0000;0,0000;0,0000;0,0000;0,1849;2,57;1,36;1;0,0000;0,00;0;1;1;0;0;0;410;2048;2048
177,3889;84,5234;14,00;-1,1663;0,1495;0,0000;0,0000;0,0000;0,0000;0,0000;0,1869;2,53;1,36;1;0,0000;0,00;0;1;1;0;0;0;410;2048;2048
177,4028;84,7584;14,00;-1,1320;0,1511;0,0000;0,0000;0,0000;0,0000;0,0000;0,1889;2,49;1,36;1;0,0000;0,00;0;1;1;0;0;0;410;2048;2048
177,4167;84,7584;14,00;-1,0929;0,1527;0,0000;0,0000;0,0000;0,0000;0,0000;0,1908;2,45;1,35;1;0,0000;0,00;0;1;1;0;0;0;410;2048;2048
177,4306;84,7584;14,00;-1,0616;0,1542;0,0000;0,0000;0,0000;0,0000;0,0000;0,1928;2,41;1,35;1;0,0000;0,00;0;1;1;6;0;0;410;2048;2048
177,4444;84,7584;14,00;-1,0176;0,1558;0,0000;0,0000;0,0000;0,0000;0,0000;0,1947;2,37;1,36;1;0,0000;0,00;0;1;1;6;0;0;410;2048;2048
177,4583;84,7933;14,00;-0,9897;0,1573;0,0000;0,0000;0,0000;0,0000;0,0000;0,1966;2,34;1,35;1;0,0000;0,00;0;1;1;6;0;0;410;2048;2048
177,4722;84,8473;14,00;-0,9536;0,1588;0,0000;0,0000;0,0000;0,0000;0,0000;0,1984;2,30;1,35;1;0,0000;0,00;0;1;1;6;0;0;410;2048;2048
177,4861;84,9013;14,00;-0,9298;0,1602;0,0000;0,0000;0,0000;0,0000;0,0000;0,2003;2,27;1,34;1;0,0000;0,00;0;1;1;6;0;0;410;2048;2048
177,5000;84,9553;14,00;-0,9120;0,1617;0,0000;0,0000;0,0000;0,0000;0,0000;0,2021;2,24;1,33;1;0,0000;0,00;0;1;1;6;0;0;410;2048;2048
177,5139;85,2153;14,00;-0,8960;0,1631;0,0000;0,0000;0,0000;0,0000;0,0000;0,2039;2,21;1,31;1;0,0000;0,00;0;1;1;6;0;0;410;2048;2048
177,5278;85,2153;14,00;-0,8900;0,1646;0,0000;0,0000;0,0000;0,0000;0,0000;0,2057;2,18;1,29;1;0,0000;0,00;0;1;1;6;0;0;410;2048;2048
177,5417;85,2153;14,00;-0,8891;0,1659;0,0000;0,0000;0,0000;0,0000;0,0000;0,2074;2,14;1,25;1;0,0000;0,00;0;1;1;6;0;0;410;2048;2048
177,5556;85,2153;14,00;-0,9043;0,1673;0,0000;0,0000;0,0000;0,0000;0,0000;0,2091;2,11;1,21;1;0,0000;0,00;0;1;1;6;0;0;410;2048;2048
177,5694;85,2252;14,00;-0,9205;0,1686;0,0000;0,0000;0,0000;0,0000;0,0000;0,2108;2,08;1,16;1;0,0000;0,00;0;1;1;6;0;0;410;2048;2048
177,5833;85,2792;14,00;-0,9497;0,1699;0,0000;0,0000;0,0000;0,0000;0,0000;0,2124;2,04;1,09;1;0,0000;0,00;0;1;1;6;0;0;410;2048;2048
177,5972;85,3332;14,00;-0,9769;0,1712;0,0000;0,0000;0,0000;0,0000;0,0000;0,2139;2,01;1,03;1;0,0000;0,00;0;1;1;6;0;0;410;2048;2048
177,6111;85,3872;14,00;-1,0095;0,1724;0,0000;0,0000;0,0000;0,0000;0,0000;0,2155;1,97;0,96;1;0,0000;0,00;0;1;1;6;0;0;410;2048;2048
177,6250;85,4412;14,00;-1,0430;0,1736;0,0000;0,0000;0,0000;0,0000;0,0000;0,2170;1,93;0,89;1;0,0000;0,00;0;1;1;6;0;0;410;2048;2048
177,6389;85,6699;14,10;-1,0721;0,1747;0,0000;0,0000;0,0000;0,0000;0,0000;0,2184;1,89;0,82;1;0,0001;0,00;0;1;1;6;0;0;410;2048;2048
177,6528;85,6699;14,10;-1,1009;0,1758;0,0000;0,0000;0,0000;0,0000;0,0000;0,2198;1,85;0,75;1;0,0001;0,00;0;1;1;6;0;0;410;2048;2048
177,6667;85,6699;14,10;-1,1178;0,1769;0,0000;0,0000;0,0000;0,0000;0,0000;0,2211;1,81;0,69;1;0,0001;0,00;0;1;1;6;0;0;410;2048;2048
177,6806;85,6699;14,10;-1,1400;0,1779;0,0000;0,0000;0,0000;0,0000;0,0000;0,2224;1,77;0,63;1;0,0001;0,00;0;1;1;6;0;0;410;2048;2048
177,6944;85,7127;14,10;-1,1496;0,1790;0,0000;0,0000;0,0000;0,0000;0,0000;0,2237;1,73;0,58;1;0,0000;0,00;0;1;1;6;0;0;410;2048;2048
177,7083;85,7671;14,10;-1,1703;0,1799;0,0000;0,0000;0,0000;0,0000;0,0000;0,2249;1,68;0,51;1;0,0000;0,00;0;1;1;6;0;0;410;2048;2048
177,7222;85,8215;14,10;-1,1728;0,1809;0,0000;0,0000;0,0000;0,0000;0,0000;0,2261;1,64;0,47;1;0,0000;0,00;0;1;1;6;0;0;410;2048;2048
177,7361;85,8759;14,10;-1,1763;0,1818;0,0000;0,0000;0,0000;0,0000;0,0000;0,2272;1,60;0,42;1;0,0000;0,00;0;1;1;6;0;0;410;2048;2048
177,7500;86,1263;14,10;-1,1734;0,1826;0,0000;0,0000;0,0000;0,0000;0,0000;0,2283;1,56;0,38;1;0,0000;0,00;0;1;1;6;0;0;410;2048;2048
177,7639;86,1263;14,10;-1,1728;0,1835;0,0000;0,0000;0,0000;0,0000;0,0000;0,2294;1,51;0,34;1;0,0000;0,00;0;1;1;6;0;0;410;2048;2048
177,7778;86,1263;14,10;-1,1737;0,1843;0,0000;0,0000;0,0000;0,0000;0,0000;0,2304;1,47;0,30;1;0,0000;0,00;0;1;1;6;0;0;410;2048;2048
177,7917;86,1263;14,10;-1,1686;0,1851;0,0000;0,0000;0,0000;0,0000;0,0000;0,2314;1,43;0,26;1;0,0000;0,00;0;1;1;6;0;0;410;2048;2048
177,8056;86,1478;14,10;-1,1684;0,1858;0,0000;0,0000;0,0000;0,0000;0,0000;0,2323;1,39;0,22;1;0,0000;0,00;0;1;1;6;0;0;410;2048;2048
177,8194;86,2022;14,10;-1,1551;0,1866;0,0000;0,0000;0,0000;0,0000;0,0000;0,2332;1,35;0,19;1;0,0000;0,00;0;1;1;6;0;0;410;2048;2048
177,8333;86,2566;14,10;-1,1406;0,1873;0,0000;0,0000;0,0000;0,0000;0,0000;0,2341;1,31;0,16;1;0,0001;0,00;0;1;1;6;0;0;410;2048;2048
177,8472;86,3110;14,10;-1,0999;0,1879;0,0000;0,0000;0,0000;0,0000;0,0000;0,2349;1,27;0,17;1;0,0001;0,00;0;1;1;6;0;0;410;2048;2048
177,8611;86,5815;14,10;-1,0710;0,1886;0,0000;0,0000;0,0000;0,0000;0,0000;0,2357;1,23;0,16;1;0,0002;0,00;0;1;1;6;0;0;410;2048;2048
177,8750;86,5815;14,10;-1,0257;0,1892;0,0000;0,0000;0,0000;0,0000;0,0000;0,2365;1,19;0,16;1;0,0002;0,00;0;1;1;6;0;0;410;2048;2048
177,8889;86,5815;14,10;-0,9877;0,1899;0,0000;0,0000;0,0000;0,0000;0,0000;0,2373;1,16;0,17;1;0,0002;0,00;0;1;1;6;0;0;410;2048;2048
177,9028;86,5815;14,10;-0,9483;0,1905;0,0000;0,0000;0,0000;0,0000;0,0000;0,2381;1,12;0,17;1;0,0002;0,00;0;1;1;6;0;0;410;2048;2048
177,9167;86,5830;14,10;-0,9142;0,1911;0,0000;0,0000;0,0000;0,0000;0,0000;0,2388;1,09;0,17;1;0,0002;0,00;0;1;1;6;0;0;410;2048;2048
177,9306;86,6373;14,10;-0,8771;0,1916;0,0000;0,0000;0,0000;0,0000;0,0000;0,2396;1,06;0,18;1;0,0002;0,00;0;1;1;6;0;0;410;2048;2048
177,9444;86,6917;14,10;-0,8363;0,1922;0,0000;0,0000;0,0000;0,0000;0,0000;0,2403;1,03;0,19;1;0,0002;0,00;0;1;1;6;0;0;410;2048;2048
177,9583;86,7461;14,10;-0,7980;0,1928;0,0000;0,0000;0,0000;0,0000;0,0000;0,2410;1,00;0,20;1;0,0002;0,00;0;1;1;6;0;0;410;2048;2048
177,9722;86,8005;14,10;-0,7664;0,1933;0,0000;0,0000;0,0000;0,0000;0,0000;0,2417;0,97;0,21;1;0,0001;0,00;0;1;1;6;0;0;410;2048;2048
177,9861;87,0249;14,10;-0,7444;0,1939;0,0000;0,0000;0,0000;0,0000;0,0000;0,2423;0,95;0,20;1;0,0000;0,00;0;1;1;6;0;0;410;2048;2048
178,0000;87,0249;14,10;-0,7220;0,1944;0,0000;0,0000;0,0000;0,0000;0,0000;0,2430;0,92;0,20;1;0,0000;0,00;0;1;1;6;0;0;410;2048;2048
178,0139;87,0249;14,10;-0,6970;0,1949;0,0000;0,0000;0,0000;0,0000;0,0000;0,2436;0,90;0,20;1;0,0000;0,00;0;1;1;6;0;0;410;2048;2048
178,0278;87,0249;14,10;-0,6676;0,1954;0,0000;0,0000;0,0000;0,0000;0,0000;0,2442;0,87;0,20;1;0,0000;0,00;0;1;1;6;0;0;410;2048;2048
178,0417;87,0725;14,10;-0,6422;0,1959;0,0000;0,0000;0,0000;0,0000;0,0000;0,2448;0,85;0,21;1;0,0000;0,00;0;1;1;6;0;0;410;2048;2048
178,0556;87,1269;14,10;-0,6099;0,1964;0,0000;0,0000;0,0000;0,0000;0,0000;0,2454;0,83;0,22;1;0,0000;0,00;0;1;1;6;0;0;410;2048;2048
178,0694;87,1813;14,10;-0,5854;0,1968;0,0000;0,0000;0,0000;0,0000;0,0000;0,2460;0,81;0,22;1;0,0000;0,00;0;1;1;6;0;0;410;2048;2048
178,0833;87,2357;14,10;-0,5668;0,1973;0,0000;0,0000;0,0000;0,0000;0,0000;0,2466;0,79;0,22;1;0,0000;0,00;0;1;1;6;0;0;410;2048;2048
178,0972;87,4822;14,10;-0,5296;0,1977;0,0000;0,0000;0,0000;0,0000;0,0000;0,2472;0,77;0,24;1;0,0000;0,00;0;1;1;6;0;0;410;2048;2048
178,1111;87,4822;14,10;-0,5067;0,1982;0,0000;0,0000;0,0000;0,0000;0,0000;0,2477;0,75;0,24;1;0,0000;0,00;0;1;1;6;0;0;410;2048;2048
178,1250;87,4822;14,10;-0,4635;0,1986;0,0000;0,0000;0,0000;0,0000;0,0000;0,2483;0,73;0,27;1;0,0000;0,00;0;1;1;6;0;0;410;2048;2048
178,1389;87,4822;14,00;-0,4351;0,1991;0,0000;0,0000;0,0000;0,0000;0,0000;0,2489;0,72;0,28;1;0,0000;0,00;0;1;1;6;0;0;410;2048;2048
178,1528;87,5073;14,00;-0,3970;0,1995;0,0000;0,0000;0,0000;0,0000;0,0000;0,2494;0,71;0,31;1;0,0000;0,00;0;1;1;6;0;0;410;2048;2048
178,1667;87,5613;14,00;-0,3675;0,2000;0,0000;0,0000;0,0000;0,0000;0,0000;0,2500;0,69;0,33;1;0,0000;0,00;0;1;1;6;0;0;410;2048;2048
178,1806;87,6153;14,00;-0,3353;0,2004;0,0000;0,0000;0,0000;0,0000;0,0000;0,2505;0,68;0,35;1;0,0000;0,00;0;1;1;6;0;0;410;2048;2048
178,1944;87,6693;14,00;-0,3087;0,2009;0,0000;0,0024;0,0000;0,0000;0,0000;0,2511;0,67;0,36;1;0,0001;0,00;0;1;1;6;0;0;410;2048;2043
178,2083;87,9424;14,00;-0,2711;0,2013;0,0000;0,0092;0,0000;0,0000;0,0000;0,2516;0,66;0,39;1;0,0001;0,00;0;1;1;6;0;0;410;2048;2029
178,2222;87,9424;14,00;-0,2434;0,2017;0,0000;0,0201;0,0000;0,0000;0,0000;0,2522;0,65;0,41;1;0,0001;0,00;0;1;1;6;0;0;410;2048;2007
178,2361;87,9424;14,00;-0,1991;0,2022;0,0000;0,0348;0,0000;0,0000;0,0000;0,2527;0,65;0,45;1;0,0001;0,00;0;1;1;6;0;0;410;2048;1977
178,2500;87,9424;14,00;-0,1582;0,2026;0,0000;0,0527;0,0000;0,0000;0,0000;0,2533;0,64;0,48;1;0,0001;0,00;0;1;1;6;0;0;410;2048;1940
178,2639;87,9424;14,00;-0,1186;0,2031;0,0000;0,0732;0,0000;0,0000;0,0000;0,2539;0,64;0,52;1;0,0001;0,00;0;1;1;6;0;0;410;2048;1898
178,2778;87,9934;14,00;-0,0988;0,2036;0,0000;0,0958;0,0000;0,0000;0,0000;0,2545;0,64;0,54;1;0,0001;0,00;0;1;1;6;0;0;410;2048;1852
178,2917;88,0474;14,00;-0,0758;0,2040;0,0000;0,1196;0,0000;0,0000;0,0000;0,2551;0,63;0,56;1;0,0001;0,00;0;1;1;6;0;0;410;2048;1803
178,3056;88,1014;14,00;-0,0566;0,2045;0,0000;0,1439;0,0000;0,0000;0,0000;0,2557;0,63;0,58;1;0,0001;0,00;0;1;1;6;0;0;410;2048;1753
178,3194;88,1554;14,00;-0,0456;0,2050;0,0000;0,1679;0,0000;0,0000;0,0000;0,2563;0,63;0,59;1;0,0001;0,00;0;1;1;6;0;0;410;2048;1704
178,3333;88,4000;14,00;-0,0324;0,2055;0,0000;0,1909;0,0000;0,0000;0,0000;0,2569;0,63;0,60;1;0,0000;0,00;0;1;1;6;0;0;410;2048;1657
178,3472;88,4000;14,00;-0,0382;0,2060;0,0000;0,2126;0,0000;0,0000;0,0000;0,2575;0,63;0,59;1;0,0000;0,00;0;1;1;6;0;0;410;2048;1613
178,3611;88,4000;14,00;-0,0445;0,2065;0,0000;0,2326;0,0000;0,0000;0,0000;0,2581;0,63;0,58;1;0,0000;0,00;0;1;1;6;0;0;410;2048;1572
178,3750;88,4000;14,00;-0,0499;0,2069;0,0000;0,2505;0,0000;0,0000;0,0000;0,2587;0,63;0,58;1;0,0000;0,00;0;1;1;6;0;0;410;2048;1535
178,3889;88,4254;14,00;-0,0450;0,2074;0,0000;0,2662;0,0000;0,0000;0,0000;0,2592;0,63;0,58;1;0,0000;0,00;0;1;1;6;0;0;410;2048;1503
178,4028;88,4795;14,00;-0,0340;0,2079;0,0000;0,2797;0,0000;0,0000;0,0000;0,2598;0,62;0,59;1;0,0000;0,00;0;1;1;6;0;0;410;2048;1475
178,4167;88,5335;14,00;-0,0228;0,2083;0,0000;0,2910;0,0000;0,0000;0,0000;0,2604;0,62;0,60;1;0,0000;0,00;0;1;1;6;0;0;410;2048;1452
178,4306;88,5875;14,00;0,0031;0,2088;0,0000;0,3001;0,0000;0,0000;0,0000;0,2610;0,62;0,63;1;0,0000;0,00;0;1;1;5;0;0;410;2048;1433
178,4444;88,8547;14,00;0,0127;0,2093;0,0000;0,3073;0,0000;0,0000;0,0000;0,2616;0,63;0,64;1;0,0000;0,00;0;1;1;5;0;0;410;2048;1419
178,4583;88,8547;14,00;0,0153;0,2098;0,0000;0,3125;0,0000;0,0000;0,0000;0,2622;0,63;0,64;1;0,0000;0,00;0;1;1;5;0;0;410;2048;1408
178,4722;88,8547;14,00;-0,0038;0,2103;0,0000;0,3160;0,0000;0,0000;0,0000;0,2628;0,63;0,62;1;0,0000;0,00;0;1;1;5;0;0;410;2048;1401
178,4861;88,8547;14,00;-0,0182;0,2108;0,0000;0,3180;0,0000;0,0000;0,0000;0,2635;0,63;0,61;1;0,0000;0,00;0;1;1;5;0;0;410;2048;1397
178,5000;88,8575;14,00;-0,0497;0,2112;0,0000;0,3187;0,0000;0,0000;0,0000;0,2640;0,63;0,58;1;0,0000;0,00;0;1;1;5;0;0;410;2048;1395
178,5139;88,9115;14,00;-0,0737;0,2117;0,0000;0,3185;0,0000;0,0000;0,0000;0,2646;0,62;0,55;1;0,0000;0,00;0;1;1;5;0;0;410;2048;1396
178,5278;88,9655;14,00;-0,1473;0,2121;0,0000;0,3175;0,0000;0,0000;0,0000;0,2652;0,62;0,47;1;0,0000;0,00;0;1;1;5;0;0;410;2048;1398
178,5417;89,0195;14,00;-0,1717;0,2126;0,0000;0,3160;0,0000;0,0000;0,0000;0,2657;0,61;0,44;1;0,0000;0,00;0;1;1;5;0;0;410;2048;1401
178,5556;89,0736;14,00;-0,2337;0,2130;0,0000;0,3144;0,0000;0,0000;0,0000;0,2662;0,61;0,37;1;0,0000;0,00;0;1;1;5;0;0;410;2048;1404
178,5694;89,3090;14,00;-0,2689;0,2134;0,0000;0,3128;0,0000;0,0000;0,0000;0,2667;0,60;0,33;1;0,0000;0,00;0;1;1;5;0;0;410;2048;1407
178,5833;89,3090;14,00;-0,3015;0,2138;0,0000;0,3114;0,0000;0,0000;0,0000;0,2672;0,59;0,28;1;0,0000;0,00;0;1;1;5;0;0;410;2048;1410
178,5972;89,3090;14,00;-0,3372;0,2141;0,0000;0,3102;0,0000;0,0000;0,0000;0,2676;0,57;0,24;1;0,0000;0,00;0;1;1;5;0;0;410;2048;1413
178,6111;89,3090;14,00;-0,3680;0,2145;0,0000;0,3093;0,0000;0,0000;0,0000;0,2681;0,56;0,19;1;0,0000;0,00;0;1;1;5;0;0;410;2048;1415
178,6250;89,3436;14,00;-0,3990;0,2148;0,0000;0,3087;0,0000;0,0000;0,0000;0,2685;0,55;0,15;1;0,0000;0,00;0;1;1;5;0;0;410;2048;1416
178,6389;89,3976;14,00;-0,4205;0,2151;0,0000;0,3083;0,0000;0,0000;0,0000;0,2689;0,53;0,11;1;0,0000;0,00;0;1;1;5;0;0;410;2048;1417
178,6528;89,4516;14,00;-0,4476;0,2154;0,0000;0,3081;0,0000;0,0000;0,0000;0,2692;0,52;0,07;1;0,0000;0,00;0;1;1;5;0;0;410;2048;1417
178,6667;89,5056;14,00;-0,4530;0,2156;0,0000;0,3081;0,0000;0,0000;0,0000;0,2696;0,50;0,05;1;0,0000;0,00;0;1;1;5;0;0;410;2048;1417
178,6806;89,7646;14,00;-0,4539;0,2159;0,0000;0,3083;0,0000;0,0000;0,0000;0,2699;0,49;0,03;1;0,0000;0,00;0;1;1;5;0;0;410;2048;1417
178,6944;89,7646;14,00;-0,4268;0,2162;0,0000;0,3086;0,0000;0,0000;0,0000;0,2702;0,47;0,04;1;0,0000;0,00;0;1;1;5;0;0;410;2048;1416
178,7083;89,7646;14,00;-0,3916;0,2164;0,0000;0,3090;0,0000;0,0000;0,0000;0,2705;0,46;0,07;1;0,0000;0,00;0;1;1;5;0;0;410;2048;1415
178,7222;89,7646;14,00;-0,3471;0,2166;0,0000;0,3095;0,0000;0,0000;0,0000;0,2708;0,45;0,10;1;0,0000;0,00;0;1;1;5;0;0;410;2048;1414
178,7361;89,7757;14,00;-0,3216;0,2168;0,0000;0,3101;0,0000;0,0000;0,0000;0,2711;0,43;0,11;1;0,0000;0,00;0;1;1;5;0;0;410;2048;1413
178,7500;89,8297;14,00;-0,2997;0,2171;0,0000;0,3107;0,0000;0,0000;0,0000;0,2713;0,42;0,13;1;0,0000;0,00;0;1;1;5;0;0;410;2048;1412
178,7639;89,8837;14,00;-0,2924;0,2173;0,0000;0,3113;0,0000;0,0000;0,0000;0,2716;0,41;0,12;1;0,0000;0,00;0;1;1;5;0;0;410;2048;1410
178,7778;89,9377;14,00;-0,2952;0,2175;0,0000;0,3120;0,0000;0,0000;0,0000;0,2719;0,40;0,11;1;0,0000;0,00;0;1;1;5;0;0;410;2048;1409
178,7917;89,9917;14,00;-0,3045;0,2177;0,0000;0,3126;0,0000;0,0000;0,0000;0,2722;0,39;0,09;1;0,0000;0,00;0;1;1;5;0;0;410;2048;1408
178,8056;90,2222;14,00;-0,3194;0,2179;0,0000;0,3133;0,0000;0,0000;0,0000;0,2724;0,38;0,06;1;0,0000;0,00;0;1;1;5;0;0;410;2048;1406
178,8194;90,2222;14,00;-0,3297;0,2181;0,0000;0,3140;0,0000;0,0000;0,0000;0,2726;0,37;0,04;1;0,0000;0,00;0;1;1;5;0;0;410;2048;1405
178,8333;90,2222;14,00;-0,3372;0,2183;0,0000;0,3147;0,0000;0,0000;0,0000;0,2729;0,36;0,02;1;0,0000;0,00;0;1;1;5;0;0;410;2048;1403
178,8472;90,2222;14,00;-0,3371;0,2184;0,0000;0,3155;0,0000;0,0000;0,0000;0,2731;0,35;0,00;1;0,0000;0,00;0;1;1;5;0;0;410;2048;1402
178,8611;90,2618;14,00;-0,3239;0,2186;0,0000;0,3162;0,0000;0,0000;0,0000;0,2733;0,34;0,00;1;0,0000;0,00;0;1;1;5;0;0;410;2048;1401
178,8750;90,3158;14,00;-0,2908;0,2188;0,0000;0,3168;0,0000;0,0000;0,0000;0,2735;0,33;0,03;1;0,0000;0,00;0;1;1;5;0;0;410;2048;1399
178,8889;90,3698;14,00;-0,2608;0,2189;0,0000;0,3175;0,0000;0,0000;0,0000;0,2737;0,32;0,06;1;0,0000;0,00;0;1;1;5;0;0;410;2048;1398
178,9028;90,4238;14,00;-0,2256;0,2191;0,0000;0,3182;0,0000;0,0000;0,0000;0,2739;0,31;0,08;1;0,0000;0,00;0;1;1;5;0;0;410;2048;1396
178,9167;90,6804;14,00;-0,1692;0,2193;0,0000;0,3188;0,0000;0,0000;0,0000;0,2741;0,30;0,13;1;0,0000;0,00;0;1;1;5;0;0;410;2048;1395
178,9306;90,6804;14,00;-0,1321;0,2195;0,0000;0,3195;0,0000;0,0000;0,0000;0,2743;0,30;0,17;1;0,0000;0,00;0;1;1;5;0;0;410;2048;1394
178,9444;90,6804;14,00;-0,0645;0,2197;0,0000;0,3201;0,0000;0,0000;0,0000;0,2746;0,30;0,23;1;0,0000;0,00;0;1;1;5;0;0;410;2048;1392
178,9583;90,6804;14,00;-0,0113;0,2199;0,0000;0,3208;0,0000;0,0000;0,0000;0,2748;0,30;0,29;1;0,0000;0,00;0;1;1;5;0;0;410;2048;1391
178,9722;90,6939;14,00;0,0695;0,2201;0,0000;0,3214;0,0000;0,0000;0,0000;0,2752;0,30;0,37;1;0,0000;0,00;0;1;1;5;0;0;410;2048;1390
178,9861;90,7479;14,00;0,1308;0,2204;0,0000;0,3221;0,0000;0,0000;0,0000;0,2755;0,31;0,44;1;0,0000;0,00;0;1;1;5;0;0;410;2048;1388
179,0000;90,8019;14,00;0,2429;0,2207;0,0000;0,3228;0,0000;0,0000;0,0000;0,2758;0,32;0,56;1;0,0000;0,00;0;1;1;5;0;0;410;2048;1387
179,0139;90,8559;14,00;0,3064;0,2210;0,0000;0,3236;0,0000;0,0000;0,0000;0,2762;0,33;0,63;1;0,0000;0,00;0;1;1;5;0;0;410;2048;1385
179,0278;91,1336;14,00;0,4504;0,2214;0,0000;0,3244;0,0000;0,0000;0,0000;0,2767;0,34;0,79;1;0,0000;0,00;0;1;1;5;0;0;410;2048;1384
179,0417;91,1336;14,00;0,5949;0,2218;0,0000;0,3252;0,0000;0,0000;0,0000;0,2773;0,36;0,96;1;0,0000;0,00;0;1;1;5;0;0;410;2048;1382
179,0556;91,1336;14,00;0,8060;0,2223;0,0000;0,3262;0,0000;0,0000;0,0000;0,2779;0,39;1,20;1;0,0000;0,00;0;1;1;5;0;0;410;2048;1380
179,0694;91,1336;14,00;0,9759;0,2229;0,0000;0,3272;0,0000;0,0000;0,0000;0,2787;0,43;1,40;1;0,0000;0,00;0;1;1;5;0;0;410;2048;1378
179,0833;91,1336;14,00;1,2051;0,2236;0,0000;0,3284;0,0000;0,0000;0,0000;0,2795;0,47;1,68;1;0,0000;0,00;0;1;1;5;0;0;410;2048;1375
179,0972;91,1800;14,00;1,3763;0,2244;0,0000;0,3298;0,0000;0,0000;0,0000;0,2805;0,52;1,90;1;0,0000;0,00;0;1;1;5;0;0;410;2048;1373
179,1111;91,2340;14,00;1,5515;0,2252;0,0000;0,3314;0,0000;0,0000;0,0000;0,2815;0,57;2,13;1;0,0000;0,00;0;1;1;5;0;0;410;2048;1369
179,1250;91,2880;14,00;1,7285;0,2262;0,0000;0,3332;0,0000;0,0000;0,0000;0,2827;0,64;2,36;1;0,0000;0,00;0;1;1;5;0;0;410;2048;1366
179,1389;91,3420;14,20;1,8734;0,2272;0,0000;0,3352;0,0000;0,0000;0,0000;0,2841;0,70;2,58;1;0,0000;0,00;0;1;1;5;0;0;410;2048;1361
179,1528;91,5899;14,20;2,0107;0,2284;0,0000;0,3376;0,0000;0,0000;0,0000;0,2855;0,78;2,79;1;0,0000;0,00;0;1;1;5;0;0;410;2048;1357
179,1667;91,5899;14,20;2,0450;0,2296;0,0000;0,3404;0,0000;0,0000;0,0000;0,2870;0,85;2,90;1;0,0000;0,00;0;1;1;5;0;0;410;2048;1351
179,1806;91,5899;14,20;2,0779;0,2309;0,0000;0,3435;0,0000;0,0000;0,0000;0,2886;0,93;3,01;1;0,0000;0,00;0;1;1;5;0;0;410;2048;1344
179,1944;91,5899;14,20;2,0920;0,2322;0,0000;0,3471;0,0000;0,0000;0,0000;0,2903;1,00;3,10;1;0,0000;0,00;0;1;1;5;0;0;410;2048;1337
179,2083;91,6158;14,20;2,0874;0,2336;0,0000;0,3510;0,0000;0,0000;0,0000;0,2921;1,08;3,17;1;0,0000;0,00;0;1;1;5;0;0;410;2048;1329
179,2222;91,6706;14,20;2,0966;0,2351;0,0000;0,3555;0,0000;0,0000;0,0000;0,2939;1,16;3,26;1;0,0000;0,00;0;1;1;5;0;0;410;2048;1320
179,2361;91,7253;14,20;2,0964;0,2367;0,0000;0,3603;0,0000;0,0000;0,0000;0,2958;1,24;3,33;1;0,0000;0,00;0;1;1;5;0;0;410;2048;1310
179,2500;91,7801;14,20;2,0907;0,2382;0,0000;0,3657;0,0000;0,0000;0,0000;0,2978;1,31;3,40;1;0,0000;0,00;0;1;1;5;0;0;410;2048;1299
179,2639;92,0478;14,20;2,0528;0,2399;0,0000;0,3715;0,0000;0,0000;0,0000;0,2998;1,39;3,44;1;0,0000;0,00;0;1;1;5;0;0;410;2048;1287
179,2778;92,0478;14,20;1,9892;0,2415;0,0000;0,3777;0,0000;0,0000;0,0000;0,3019;1,46;3,45;1;0,0000;0,00;0;1;1;5;0;0;410;2048;1274
179,2917;92,0478;14,20;1,8830;0,2432;0,0000;0,3845;0,0000;0,0000;0,0000;0,3040;1,53;3,41;1;0,0000;0,00;0;1;1;5;0;0;410;2048;1261
179,3056;92,0478;14,20;1,8190;0,2449;0,0000;0,3916;0,0000;0,0000;0,0000;0,3062;1,60;3,42;1;0,0000;0,00;0;1;1;5;0;0;410;2048;1246
179,3194;92,0538;14,20;1,7086;0,2467;0,0000;0,3992;0,0000;0,0000;0,0000;0,3083;1,66;3,37;1;0,0000;0,00;0;1;1;5;0;0;410;2048;1230
179,3333;92,1086;14,20;1,6096;0,2484;0,0000;0,4072;0,0000;0,0000;0,0000;0,3105;1,72;3,33;1;0,0000;0,00;0;1;1;5;0;0;410;2048;1214
179,3472;92,1633;14,20;1,4308;0,2502;0,0000;0,4156;0,0000;0,0000;0,0000;0,3127;1,77;3,20;1;0,0000;0,00;0;1;1;5;0;0;410;2048;1197
179,3611;92,2181;14,20;1,2912;0,2519;0,0000;0,4243;0,0000;0,0000;0,0000;0,3149;1,82;3,11;1;0,0000;0,00;0;1;1;5;0;0;410;2048;1179
179,3750;92,2728;14,30;1,1221;0,2537;0,0000;0,4333;0,0000;0,0000;0,0000;0,3171;1,86;2,98;1;0,0000;0,00;0;1;1;5;0;0;410;2048;1161
179,3889;92,5021;14,30;1,0000;0,2554;0,0000;0,4426;0,0000;0,0000;0,0000;0,3193;1,90;2,90;1;0,0000;0,00;0;1;1;5;0;0;410;2048;1142
179,4028;92,5021;14,30;0,8700;0,2572;0,0000;0,4520;0,0000;0,0000;0,0000;0,3215;1,93;2,80;1;0,0000;0,00;0;1;1;5;0;0;410;2048;1122
179,4167;92,5021;14,30;0,7417;0,2589;0,0000;0,4616;0,0000;0,0000;0,0000;0,3236;1,96;2,70;1;0,0000;0,00;0;1;1;5;0;0;410;2048;1103
179,4306;92,5021;14,30;0,5979;0,2606;0,0000;0,4713;0,0000;0,0000;0,0000;0,3258;1,98;2,58;1;0,0000;0,00;0;1;1;9;0;0;410;2048;1083
179,4444;92,5484;14,30;0,4642;0,2623;0,0000;0,4811;0,0000;0,0000;0,0000;0,3279;2,00;2,46;1;0,0000;0,00;0;1;1;9;0;0;410;2048;1063
179,4583;92,6036;14,30;0,3613;0,2640;0,0000;0,4908;0,0000;0,0000;0,0000;0,3299;2,01;2,37;1;0,0000;0,00;0;1;1;9;0;0;410;2048;1043
179,4722;92,6587;14,30;0,2564;0,2656;0,0000;0,5006;0,0000;0,0000;0,0000;0,3320;2,02;2,28;1;0,0000;0,00;0;1;1;9;0;0;410;2048;1023
179,4861;92,7138;14,30;0,1604;0,2672;0,0000;0,5102;0,0000;0,0000;0,0000;0,3340;2,03;2,19;1;0,0000;0,00;0;1;1;9;0;0;410;2048;1003
179,5000;92,9584;14,30;0,0317;0,2688;0,0000;0,5197;0,0000;0,0000;0,0000;0,3360;2,03;2,06;1;0,0000;0,00;0;1;1;9;0;0;410;2048;984
179,5139;92,9584;14,30;0,0094;0,2704;0,0000;0,5290;0,0000;0,0000;0,0000;0,3380;2,03;2,04;1;0,0000;0,00;0;1;1;9;0;0;410;2048;965
179,5278;92,9584;14,30;-0,0478;0,2719;0,0000;0,5381;0,0000;0,0000;0,0000;0,3399;2,03;1,98;1;0,0000;0,00;0;1;1;9;0;0;410;2048;946
179,5417;92,9584;14,30;-0,0771;0,2735;0,0000;0,5469;0,0000;0,0000;0,0000;0,3418;2,02;1,95;1;0,0000;0,00;0;1;1;9;0;0;410;2048;928
179,5556;92,9895;14,30;-0,1115;0,2750;0,0000;0,5555;0,0000;0,0000;0,0000;0,3438;2,02;1,91;1;0,0000;0,00;0;1;1;9;0;0;410;2048;910
179,5694;93,0447;14,30;-0,1622;0,2765;0,0000;0,5638;0,0000;0,0000;0,0000;0,3456;2,01;1,85;1;0,0000;0,00;0;1;1;9;0;0;410;2048;893
179,5833;93,0998;14,30;-0,2061;0,2780;0,0000;0,5719;0,0000;0,0000;0,0000;0,3475;2,00;1,80;1;0,0000;0,00;0;1;1;9;0;0;410;2048;877
179,5972;93,1549;14,30;-0,2154;0,2795;0,0000;0,5796;0,0000;0,0000;0,0000;0,3494;2,00;1,78;1;0,0000;0,00;0;1;1;9;0;0;410;2048;861
179,6111;93,4147;14,30;-0,2437;0,2810;0,0000;0,5870;0,0000;0,0000;0,0000;0,3512;1,99;1,74;1;0,0000;0,00;0;1;1;9;0;0;410;2048;846
179,6250;93,4147;14,30;-0,2442;0,2824;0,0000;0,5942;0,0000;0,0000;0,0000;0,3530;1,98;1,73;1;0,0000;0,00;0;1;1;9;0;0;410;2048;831
179,6389;93,4147;14,30;-0,2568;0,2839;0,0000;0,6012;0,0000;0,0000;0,0000;0,3549;1,97;1,71;1;0,0000;0,00;0;1;1;9;0;0;410;2048;817
179,6528;93,4147;14,30;-0,2611;0,2853;0,0000;0,6079;0,0000;0,0000;0,0000;0,3567;1,96;1,69;1;0,0000;0,00;0;1;1;9;0;0;410;2048;803
179,6667;93,4306;14,30;-0,2699;0,2868;0,0000;0,6144;0,0000;0,0000;0,0000;0,3585;1,95;1,68;1;0,0000;0,00;0;1;1;9;0;0;410;2048;790
179,6806;93,4858;14,30;-0,2769;0,2882;0,0000;0,6208;0,0000;0,0000;0,0000;0,3602;1,93;1,66;1;0,0000;0,00;0;1;1;9;0;0;410;2048;777
179,6944;93,5409;14,30;-0,2784;0,2896;0,0000;0,6270;0,0000;0,0000;0,0000;0,3620;1,92;1,64;1;0,0000;0,00;0;1;1;9;0;0;410;2048;764
179,7083;93,5961;14,30;-0,2750;0,2910;0,0000;0,6330;0,0000;0,0000;0,0000;0,3638;1,91;1,64;1;0,0000;0,00;0;1;1;9;0;0;410;2048;752
179,7222;93,8705;14,30;-0,2556;0,2924;0,0000;0,6389;0,0000;0,0000;0,0000;0,3656;1,90;1,65;1;0,0000;0,00;0;1;1;9;0;0;410;2048;740
179,7361;93,8705;14,30;-0,2456;0,2939;0,0000;0,6446;0,0000;0,0000;0,0000;0,3673;1,90;1,65;1;0,0000;0,00;0;1;1;9;0;0;410;2048;728
179,7500;93,8705;14,30;-0,2334;0,2953;0,0000;0,6503;0,0000;0,0000;0,0000;0,3691;1,89;1,65;1;0,0000;0,00;0;1;1;9;0;0;410;2048;716
179,7639;93,8705;14,30;-0,2330;0,2967;0,0000;0,6558;0,0000;0,0000;0,0000;0,3708;1,88;1,65;1;0,0000;0,00;0;1;1;9;0;0;410;2048;705
179,7778;93,8718;14,30;-0,2355;0,2980;0,0000;0,6612;0,0000;0,0000;0,0000;0,3726;1,87;1,64;1;0,0000;0,00;0;1;1;9;0;0;410;2048;694
179,7917;93,9269;14,30;-0,2465;0,2994;0,0000;0,6665;0,0000;0,0000;0,0000;0,3743;1,86;1,62;1;0,0000;0,00;0;1;1;9;0;0;410;2048;683
179,8056;93,9820;14,30;-0,2561;0,3008;0,0000;0,6718;0,0000;0,0000;0,0000;0,3760;1,85;1,60;1;0,0000;0,00;0;1;1;9;0;0;410;2048;672
179,8194;94,0372;14,30;-0,2720;0,3022;0,0000;0,6769;0,0000;0,0000;0,0000;0,3777;1,84;1,57;1;0,0000;0,00;0;1;1;9;0;0;410;2048;662
179,8333;94,0923;14,30;-0,2872;0,3035;0,0000;0,6820;0,0000;0,0000;0,0000;0,3794;1,83;1,55;1;0,0000;0,00;0;1;1;9;0;0;410;2048;651
179,8472;94,3267;14,30;-0,3067;0,3049;0,0000;0,6870;0,0000;0,0000;0,0000;0,3811;1,82;1,52;1;0,0000;0,00;0;1;1;9;0;0;410;2048;641
179,8611;94,3267;14,30;-0,3308;0,3062;0,0000;0,6919;0,0000;0,0000;0,0000;0,3827;1,81;1,48;1;0,0000;0,00;0;1;1;9;0;0;410;2048;631
179,8750;94,3267;14,30;-0,3667;0,3075;0,0000;0,6968;0,0000;0,0000;0,0000;0,3843;1,80;1,43;1;0,0000;0,00;0;1;1;9;0;0;410;2048;621
179,8889;94,3267;14,30;-0,4179;0,3088;0,0000;0,7015;0,0000;0,0000;0,0000;0,3859;1,78;1,37;1;0,0000;0,00;0;1;1;9;0;0;410;2048;611
179,9028;94,3681;14,30;-0,4649;0,3100;0,0000;0,7062;0,0000;0,0000;0,0000;0,3875;1,77;1,30;1;0,0000;0,00;0;1;1;9;0;0;410;2048;602
179,9167;94,4232;14,30;-0,5438;0,3112;0,0000;0,7108;0,0000;0,0000;0,0000;0,3890;1,75;1,21;1;0,0000;0,00;0;1;1;9;0;0;410;2048;592
179,9306;94,4784;14,30;-0,6027;0,3124;0,0000;0,7153;0,0000;0,0000;0,0000;0,3905;1,73;1,12;1;0,0000;0,00;0;1;1;9;0;0;410;2048;583
179,9444;94,5335;14,30;-0,6883;0,3135;0,0000;0,7197;0,0000;0,0000;0,0000;0,3919;1,70;1,01;1;0,0000;0,00;0;1;1;9;0;0;410;2048;574
179,9583;94,7821;14,30;-0,7569;0,3146;0,0000;0,7240;0,0000;0,0000;0,0000;0,3933;1,68;0,92;1;0,0000;0,00;0;1;1;9;0;0;410;2048;565
179,9722;94,7821;14,30;-0,8837;0,3157;0,0000;0,7282;0,0000;0,0000;0,0000;0,3946;1,64;0,76;1;0,0000;0,00;0;1;1;9;0;0;410;2048;557
179,9861;94,7821;14,30;-0,9301;0,3167;0,0000;0,7323;0,0000;0,0000;0,0000;0,3958;1,61;0,68;1;0,0000;0,00;0;1;1;9;0;0;410;2048;548
180,0000;94,7821;14,30;-1,0319;0,3176;0,0000;0,7363;0,0000;0,0000;0,0000;0,3970;1,57;0,54;1;0,0000;0,00;0;1;1;9;0;0;410;2048;540
180,0139;94,8093;14,30;-1,0835;0,3185;0,0000;0,7401;0,0000;0,0000;0,0000;0,3981;1,53;0,45;1;0,0000;0,00;0;1;1;9;0;0;410;2048;532
180,0278;94,8645;14,30;-1,1855;0,3194;0,0000;0,7438;0,0000;0,0000;0,0000;0,3992;1,49;0,30;1;0,0000;0,00;0;1;1;9;0;0;410;2048;525
180,0417;94,9196;14,30;-1,2296;0,3201;0,0000;0,7474;0,0000;0,0000;0,0000;0,4002;1,45;0,22;1;0,0000;0,00;0;1;1;9;0;0;410;2048;517
180,0556;94,9748;14,30;-1,3108;0,3209;0,0000;0,7508;0,0000;0,0000;0,0000;0,4011;1,40;0,09;1;0,0000;0,00;0;1;1;9;0;0;410;2048;510
180,0694;95,2391;14,30;-1,3399;0,3216;0,0000;0,7541;0,0000;0,0000;0,0000;0,4019;1,35;0,00;1;0,0000;0,00;0;1;1;9;0;0;410;2048;504
180,0833;95,2391;14,30;-1,3797;0,3222;0,0000;0,7572;0,0000;0,0000;0,0000;0,4027;1,30;-0,08;1;0,0000;0,00;0;1;1;9;0;0;410;2048;497
180,0972;95,2391;14,30;-1,4010;0,3228;0,0000;0,7602;0,0000;0,0000;0,0000;0,4034;1,25;-0,15;1;0,0000;0,00;0;1;1;9;0;0;410;2048;491
180,1111;95,2391;14,30;-1,4088;0,3233;0,0000;0,7630;0,0000;0,0000;0,0000;0,4041;1,19;-0,21;1;0,0000;0,00;0;1;1;9;0;0;410;2048;485
180,1250;95,2506;14,30;-1,4236;0,3238;0,0000;0,7656;0,0000;0,0000;0,0000;0,4048;1,14;-0,28;1;0,0000;0,00;0;1;1;9;0;0;410;2048;480
180,1389;95,3058;14,30;-1,4206;0,3243;0,0000;0,7681;0,0000;0,0000;0,0000;0,4054;1,09;-0,33;1;0,0000;0,00;0;1;1;9;0;0;410;2048;475
180,1528;95,3610;14,30;-1,4136;0,3247;0,0000;0,7705;0,0000;0,0000;0,0000;0,4059;1,04;-0,37;1;0,0000;0,00;0;1;1;9;0;0;410;2048;470
180,1667;95,4161;14,30;-1,3972;0,3251;0,0000;0,7727;0,0000;0,0000;0,0000;0,4064;0,99;-0,41;1;0,0000;0,00;0;1;1;9;0;0;410;2048;466
180,1806;95,6946;14,30;-1,3787;0,3255;0,0000;0,7747;0,0000;0,0000;0,0000;0,4068;0,94;-0,44;1;0,0000;0,00;0;1;1;9;0;0;410;2048;461
180,1944;95,6946;14,30;-1,3552;0,3258;0,0000;0,7766;0,0000;0,0000;0,0000;0,4072;0,89;-0,47;1;0,0000;0,00;0;1;1;9;0;0;410;2048;457
180,2083;95,6946;14,30;-1,3319;0,3261;0,0000;0,7784;0,0000;0,0000;0,0000;0,4076;0,84;-0,49;1;0,0000;0,00;0;1;1;9;0;0;410;2048;454
180,2222;95,6946;14,30;-1,2976;0,3263;0,0000;0,7801;0,0000;0,0000;0,0000;0,4079;0,79;-0,50;1;0,0000;0,00;0;1;1;9;0;0;410;2048;450
180,2361;95,6946;14,30;-1,2646;0,3266;0,0000;0,7816;0,0000;0,0000;0,0000;0,4082;0,75;-0,52;1;0,0000;0,00;0;1;1;9;0;0;410;2048;447
180,2500;95,7472;14,30;-1,2517;0,3268;0,0000;0,7831;0,0000;0,0000;0,0000;0,4085;0,70;-0,55;1;0,0000;0,00;0;1;1;9;0;0;410;2048;444
180,2639;95,8023;14,30;-1,2220;0,3270;0,0000;0,7844;0,0000;0,0000;0,0000;0,4087;0,66;-0,57;1;0,0000;0,00;0;1;1;9;0;0;410;2048;442
180,2778;95,8575;14,30;-1,2113;0,3271;0,0000;0,7855;0,0000;0,0000;0,0000;0,4089;0,61;-0,60;1;0,0000;0,00;0;1;1;9;0;0;410;2048;439
180,2917;95,9127;14,30;-1,2000;0,3272;0,0000;0,7866;0,0000;0,0000;0,0000;0,4091;0,57;-0,63;1;0,0000;0,00;0;1;1;9;0;0;410;2048;437
180,3056;96,1499;14,30;-1,1973;0,3273;0,0000;0,7876;0,0000;0,0000;0,0000;0,4092;0,52;-0,67;1;0,0000;0,00;0;1;1;9;0;0;410;2048;435
180,3194;96,1499;14,30;-1,2004;0,3274;0,0000;0,7885;0,0000;0,0000;0,0000;0,4092;0,48;-0,72;1;0,0000;0,00;0;1;1;9;0;0;410;2048;433
180,3333;96,1499;14,30;-1,2130;0,3274;0,0000;0,7893;0,0000;0,0000;0,0000;0,4092;0,44;-0,78;1;0,0000;0,00;0;1;1;9;0;0;410;2048;431
180,3472;96,1499;14,30;-1,2247;0,3273;0,0000;0,7900;0,0000;0,0000;0,0000;0,4092;0,39;-0,83;1;0,0000;0,00;0;1;1;9;0;0;410;2048;430
180,3611;96,1885;14,30;-1,2565;0,3273;0,0000;0,7906;0,0000;0,0000;0,0000;0,4091;0,34;-0,91;1;0,0000;0,00;0;1;1;9;0;0;410;2048;429
180,3750;96,2437;14,30;-1,2695;0,3271;0,0000;0,7911;0,0000;0,0000;0,0000;0,4089;0,30;-0,97;1;0,0000;0,00;0;1;1;9;0;0;410;2048;428
180,3889;96,2989;14,30;-1,3002;0,3270;0,0000;0,7915;0,0000;0,0000;0,0000;0,4087;0,25;-1,05;1;0,0000;0,00;0;1;1;9;0;0;410;2048;427
180,4028;96,3540;14,30;-1,3123;0,3268;0,0000;0,7918;0,0000;0,0000;0,0000;0,4085;0,20;-1,11;1;0,0000;0,00;0;1;1;9;0;0;410;2048;426
180,4167;96,6077;14,30;-1,3197;0,3266;0,0000;0,7919;0,0000;0,0000;0,0000;0,4082;0,15;-1,17;1;0,0000;0,00;0;1;1;9;0;0;410;2048;426
180,4306;96,6077;14,30;-1,3159;0,3263;0,0000;0,7920;0,0000;0,0000;0,0000;0,4079;0,10;-1,21;1;0,0000;0,00;0;1;1;3;0;0;410;2048;426
180,4444;96,6077;14,30;-1,3143;0,3260;0,0000;0,7919;0,0000;0,0000;0,0000;0,4075;0,06;-1,26;1;0,0000;0,00;0;1;1;3;0;0;410;2048;426
180,4583;96,6077;14,30;-1,2954;0,3257;0,0000;0,7918;0,0000;0,0000;0,0000;0,4071;0,00;-1,28;1;0,0000;0,00;0;1;1;3;0;0;410;2048;426
180,4722;96,6299;14,30;-1,2634;0,3253;0,0000;0,7915;0,0000;0,0000;0,0000;0,4067;-0,03;-1,30;1;0,0000;0,00;0;1;1;3;0;0;410;2048;427
180,4861;96,6851;14,30;-1,2278;0,3249;0,0000;0,7912;0,0000;0,0000;0,0000;0,4062;-0,08;-1,31;1;0,0000;0,00;0;1;1;3;0;0;410;2048;428
180,5000;96,7402;14,30;-1,1550;0,3246;0,0000;0,7907;0,0000;0,0000;0,0000;0,4057;-0,12;-1,28;1;0,0000;0,00;0;1;1;3;0;0;410;2048;429
180,5139;96,7954;14,30;-1,0735;0,3241;0,0000;0,7901;0,0000;0,0000;0,0000;0,4052;-0,16;-1,23;1;0,0000;0,00;0;1;1;3;0;0;410;2048;430
180,5278;97,0632;14,30;-1,0258;0,3237;0,0000;0,7895;0,0000;0,0000;0,0000;0,4047;-0,20;-1,22;1;0,0000;0,00;0;1;1;3;0;0;410;2048;431
180,5417;97,0632;14,30;-1,0055;0,3233;0,0000;0,7887;0,0000;0,0000;0,0000;0,4041;-0,23;-1,24;1;0,0000;0,00;0;1;1;3;0;0;410;2048;433
180,5556;97,0632;14,30;-0,9436;0,3228;0,0000;0,7879;0,0000;0,0000;0,0000;0,4036;-0,27;-1,21;1;0,0000;0,00;0;1;1;3;0;0;410;2048;434
180,5694;97,0632;14,30;-0,8706;0,3224;0,0000;0,7870;0,0000;0,0000;0,0000;0,4030;-0,30;-1,17;1;0,0000;0,00;0;1;1;3;0;0;410;2048;436
180,5833;97,0712;14,30;-0,8537;0,3219;0,0000;0,7860;0,0000;0,0000;0,0000;0,4024;-0,33;-1,18;1;0,0000;0,00;0;1;1;3;0;0;410;2048;438
180,5972;97,1264;14,30;-0,8504;0,3214;0,0000;0,7850;0,0000;0,0000;0,0000;0,4018;-0,36;-1,21;1;0,0000;0,00;0;1;1;3;0;0;410;2048;440
180,6111;97,1816;14,30;-0,8330;0,3209;0,0000;0,7839;0,0000;0,0000;0,0000;0,4012;-0,39;-1,22;1;0,0000;0,00;0;1;1;3;0;0;410;2048;443
180,6250;97,2367;14,50;-0,8114;0,3204;0,0000;0,7827;0,0000;0,0000;0,0000;0,4005;-0,42;-1,23;1;0,0000;0,00;0;1;1;3;0;0;410;2048;445
180,6389;97,5158;14,50;-0,7844;0,3198;0,0000;0,7815;0,0000;0,0000;0,0000;0,3998;-0,45;-1,23;1;0,0000;0,00;0;1;1;3;0;0;410;2048;447
180,6528;97,5158;14,50;-0,7846;0,3192;0,0000;0,7803;0,0000;0,0000;0,0000;0,3990;-0,48;-1,26;1;0,0000;0,00;0;1;1;3;0;0;410;2048;450
180,6667;97,5158;14,50;-0,7670;0,3186;0,0000;0,7789;0,0000;0,0000;0,0000;0,3983;-0,51;-1,27;1;0,0000;0,00;0;1;1;3;0;0;410;2048;453
180,6806;97,5158;14,50;-0,7598;0,3180;0,0000;0,7775;0,0000;0,0000;0,0000;0,3975;-0,53;-1,29;1;0,0000;0,00;0;1;1;3;0;0;410;2048;456
180,6944;97,5164;14,50;-0,7386;0,3173;0,0000;0,7761;0,0000;0,0000;0,0000;0,3967;-0,56;-1,30;1;0,0000;0,00;0;1;1;3;0;0;410;2048;459
180,7083;97,5724;14,50;-0,7218;0,3167;0,0000;0,7745;0,0000;0,0000;0,0000;0,3959;-0,59;-1,31;1;0,0000;0,00;0;1;1;3;0;0;410;2048;462
180,7222;97,6283;14,50;-0,6932;0,3160;0,0000;0,7729;0,0000;0,0000;0,0000;0,3950;-0,61;-1,31;1;0,0000;0,00;0;1;1;3;0;0;410;2048;465
180,7361;97,6842;14,50;-0,6494;0,3153;0,0000;0,7713;0,0000;0,0000;0,0000;0,3941;-0,64;-1,29;1;0,0000;0,00;0;1;1;3;0;0;410;2048;468
180,7500;97,7402;14,50;-0,6214;0,3146;0,0000;0,7695;0,0000;0,0000;0,0000;0,3933;-0,66;-1,28;1;0,0000;0,00;0;1;1;3;0;0;410;2048;472
180,7639;97,9750;14,50;-0,5661;0,3139;0,0000;0,7678;0,0000;0,0000;0,0000;0,3924;-0,68;-1,25;1;0,0000;0,00;0;1;1;3;0;0;410;2048;476
180,7778;97,9750;14,50;-0,5000;0,3132;0,0000;0,7659;0,0000;0,0000;0,0000;0,3915;-0,70;-1,20;1;0,0000;0,00;0;1;1;3;0;0;410;2048;479
180,7917;97,9750;14,50;-0,4364;0,3125;0,0000;0,7640;0,0000;0,0000;0,0000;0,3907;-0,71;-1,15;1;0,0000;0,00;0;1;1;3;0;0;410;2048;483
180,8056;97,9750;14,50;-0,3924;0,3119;0,0000;0,7621;0,0000;0,0000;0,0000;0,3898;-0,73;-1,12;1;0,0000;0,00;0;1;1;3;0;0;410;2048;487
180,8194;98,0198;14,50;-0,2550;0,3112;0,0000;0,7601;0,0000;0,0000;0,0000;0,3890;-0,74;-0,99;1;0,0000;0,00;0;1;1;3;0;0;410;2048;491
180,8333;98,0758;14,50;-0,1926;0,3106;0,0000;0,7581;0,0000;0,0000;0,0000;0,3882;-0,74;-0,94;1;0,0000;0,00;0;1;1;3;0;0;410;2048;495
180,8472;98,1317;14,50;-0,0363;0,3100;0,0000;0,7561;0,0000;0,0000;0,0000;0,3875;-0,75;-0,78;1;0,0000;0,00;0;1;1;3;0;0;410;2048;500
180,8611;98,1876;14,50;0,0551;0,3094;0,0000;0,7540;0,0000;0,0000;0,0000;0,3868;-0,74;-0,69;1;0,0000;0,00;0;1;1;3;0;0;410;2048;504
180,8750;98,4327;14,50;0,2392;0,3089;0,0000;0,7520;0,0000;0,0000;0,0000;0,3861;-0,73;-0,49;1;0,0000;0,00;0;1;1;3;0;0;410;2048;508
180,8889;98,4327;14,50;0,3156;0,3084;0,0000;0,7500;0,0000;0,0000;0,0000;0,3855;-0,72;-0,41;1;0,0000;0,00;0;1;1;3;0;0;410;2048;512
180,9028;98,4327;14,50;0,4355;0,3080;0,0000;0,7480;0,0000;0,0000;0,0000;0,3850;-0,70;-0,27;1;0,0000;0,00;0;1;1;3;0;0;410;2048;516
180,9167;98,4327;14,50;0,5051;0,3076;0,0000;0,7461;0,0000;0,0000;0,0000;0,3845;-0,69;-0,18;1;0,0000;0,00;0;1;1;3;0;0;410;2048;520
180,9306;98,4673;14,50;0,5853;0,3072;0,0000;0,7443;0,0000;0,0000;0,0000;0,3840;-0,66;-0,08;1;0,0000;0,00;0;1;1;3;0;0;410;2048;524
180,9444;98,5233;14,50;0,6683;0,3069;0,0000;0,7425;0,0000;0,0000;0,0000;0,3836;-0,64;0,03;1;0,0000;0,00;0;1;1;3;0;0;410;2048;527
180,9583;98,5792;14,50;0,7666;0,3066;0,0000;0,7408;0,0000;0,0000;0,0000;0,3833;-0,61;0,16;1;0,0000;0,00;0;1;1;3;0;0;410;2048;531
180,9722;98,6352;14,50;0,8719;0,3064;0,0000;0,7392;0,0000;0,0000;0,0000;0,3830;-0,58;0,29;1;0,0000;0,00;0;1;1;3;0;0;410;2048;534
180,9861;98,8893;14,50;0,9224;0,3063;0,0000;0,7377;0,0000;0,0000;0,0000;0,3828;-0,54;0,38;1;0,0000;0,00;0;1;1;3;0;0;410;2048;537
181,0000;98,8893;14,50;1,0119;0,3061;0,0000;0,7363;0,0000;0,0000;0,0000;0,3827;-0,51;0,51;1;0,0000;0,00;0;1;1;3;0;0;410;2048;540
181,0139;98,8893;14,50;1,0717;0,3061;0,0000;0,7350;0,0000;0,0000;0,0000;0,3826;-0,47;0,61;1;0,0000;0,00;0;1;1;3;0;0;410;2048;543
181,0278;98,8893;14,50;1,1397;0,3061;0,0000;0,7339;0,0000;0,0000;0,0000;0,3826;-0,42;0,72;1;0,0000;0,00;0;1;1;3;0;0;410;2048;545
181,0417;98,9149;14,50;1,1685;0,3061;0,0000;0,7329;0,0000;0,0000;0,0000;0,3826;-0,38;0,79;1;0,0000;0,00;0;1;1;3;0;0;410;2048;547
181,0556;98,9708;14,50;1,2195;0,3062;0,0000;0,7320;0,0000;0,0000;0,0000;0,3828;-0,34;0,88;1;0,0000;0,00;0;1;1;3;0;0;410;2048;549
181,0694;99,0268;14,50;1,2635;0,3063;0,0000;0,7313;0,0000;0,0000;0,0000;0,3829;-0,29;0,97;1;0,0000;0,00;0;1;1;3;0;0;410;2048;550
181,0833;99,0827;14,50;1,3041;0,3065;0,0000;0,7307;0,0000;0,0000;0,0000;0,3831;-0,24;1,06;1;0,0000;0,00;0;1;1;3;0;0;410;2048;552
181,0972;99,3456;14,50;1,3331;0,3067;0,0000;0,7303;0,0000;0,0000;0,0000;0,3834;-0,19;1,14;1;0,0000;0,00;0;1;1;3;0;0;410;2048;552
181,1111;99,3456;14,50;1,3683;0,3070;0,0000;0,7300;0,0000;0,0000;0,0000;0,3838;-0,14;1,23;1;0,0000;0,00;0;1;1;3;0;0;410;2048;553
181,1250;99,3456;14,60;1,3923;0,3073;0,0000;0,7301;0,0000;0,0000;0,0000;0,3842;-0,09;1,30;1;0,0000;0,00;0;1;1;3;0;0;410;2048;553
181,1389;99,3456;14,60;1,4119;0,3077;0,0000;0,7302;0,0000;0,0000;0,0000;0,3847;-0,03;1,38;1;0,0000;0,00;0;1;1;3;0;0;410;2048;553
181,1528;99,3632;14,60;1,4211;0,3081;0,0000;0,7304;0,0000;0,0000;0,0000;0,3852;0,00;1,44;1;0,0000;0,00;0;1;1;3;0;0;410;2048;552
181,1667;99,4195;14,60;1,4155;0,3086;0,0000;0,7307;0,0000;0,0000;0,0000;0,3858;0,07;1,49;1;0,0000;0,00;0;1;1;3;0;0;410;2048;552
181,1806;99,4758;14,60;1,4086;0,3091;0,0000;0,7312;0,0000;0,0000;0,0000;0,3864;0,13;1,53;1;0,0000;0,00;0;1;1;3;0;0;410;2048;551
181,1944;99,5322;14,60;1,3862;0,3097;0,0000;0,7318;0,0000;0,0000;0,0000;0,3871;0,18;1,57;1;0,0001;0,00;0;1;1;3;0;0;410;2048;549
181,2083;99,8022;14,60;1,3760;0,3102;0,0000;0,7325;0,0000;0,0000;0,0000;0,3878;0,23;1,61;1;0,0001;0,00;0;1;1;3;0;0;410;2048;548
181,2222;99,8022;14,60;1,3362;0,3108;0,0000;0,7334;0,0000;0,0000;0,0000;0,3886;0,28;1,62;1;0,0001;0,00;0;1;1;3;0;0;410;2048;546
181,2361;99,8022;14,60;1,3243;0,3115;0,0000;0,7345;0,0000;0,0000;0,0000;0,3894;0,33;1,66;1;0,0001;0,00;0;1;1;3;0;0;410;2048;544
181,2500;99,8022;14,60;1,2961;0,3122;0,0000;0,7356;0,0000;0,0000;0,0000;0,3902;0,38;1,68;1;0,0001;0,00;0;1;1;3;0;0;410;2048;541
181,2639;99,8138;14,60;1,2851;0,3129;0,0000;0,7369;0,0000;0,0000;0,0000;0,3911;0,43;1,71;1;0,0001;0,00;0;1;1;3;0;0;410;2048;539
181,2778;99,8701;14,60;1,2789;0,3136;0,0000;0,7384;0,0000;0,0000;0,0000;0,3920;0,48;1,76;1;0,0001;0,00;0;1;1;3;0;0;410;2048;536
181,2917;99,9264;14,60;1,2805;0,3144;0,0000;0,7399;0,0000;0,0000;0,0000;0,3930;0,53;1,81;1;0,0001;0,00;0;1;1;3;0;0;410;2048;533
181,3056;99,9827;14,60;1,3209;0,3153;0,0000;0,7416;0,0000;0,0000;0,0000;0,3941;0,58;1,90;1;0,0001;0,00;0;1;1;3;0;0;410;2048;529
181,3194;100,2512;14,60;1,4008;0,3162;0,0000;0,7434;0,0000;0,0000;0,0000;0,3952;0,63;2,03;1;0,0000;0,00;0;1;1;3;0;0;410;2048;526
181,3333;100,2512;14,60;1,4940;0,3171;0,0000;0,7453;0,0000;0,0000;0,0000;0,3964;0,69;2,18;1;0,0000;0,00;0;1;1;3;0;0;410;2048;522
181,3472;100,2512;14,60;1,6146;0,3182;0,0000;0,7474;0,0000;0,0000;0,0000;0,3977;0,75;2,36;1;0,0000;0,00;0;1;1;3;0;0;410;2048;517
181,3611;100,2512;14,60;1,7908;0,3194;0,0000;0,7495;0,0000;0,0000;0,0000;0,3992;0,82;2,61;1;0,0000;0,00;0;1;1;3;0;0;410;2048;513
181,3750;100,2643;14,30;1,9868;0,3206;0,0000;0,7519;0,0000;0,0000;0,0000;0,4008;0,89;2,87;1;0,0018;0,00;0;1;1;3;0;0;410;2048;508
181,3889;100,3195;14,30;2,2382;0,3220;0,0000;0,7544;0,0000;0,0000;0,0000;0,4025;0,96;3,19;1;0,0091;0,00;0;1;1;3;0;0;410;2048;503
181,4028;100,3746;14,30;2,4125;0,3235;0,0000;0,7570;0,0000;0,0000;0,0000;0,4043;1,03;3,45;1;0,0165;60,66;0;1;1;3;0;0;410;2048;498
181,4167;100,4298;14,30;2,5810;0,3251;0,0000;0,7599;0,0000;0,0000;0,0000;0,4064;1,11;3,70;1;0,0238;41,93;0;1;1;3;0;0;410;2048;492
181,4306;100,7053;14,30;2,7210;0,3271;0,0000;0,7630;0,0000;0,0000;0,0000;0,4089;1,15;3,87;1;0,0606;16,49;0;1;1;5;0;0;410;2048;485
181,4444;100,7053;14,30;2,8584;0,3289;0,0000;0,7664;0,0000;0,0000;0,0000;0,4111;1,25;4,11;1;0,0606;16,49;0;1;1;5;0;0;410;2048;478
181,4583;100,7053;14,30;3,0191;0,3308;0,0000;0,7700;0,0000;0,0000;0,0000;0,4134;1,37;4,38;1;0,0606;16,49;0;1;1;5;0;0;410;2048;471
181,4722;100,7053;14,30;3,1140;0,3328;0,0000;0,7739;0,0000;0,0000;0,0000;0,4159;1,48;4,59;1;0,0606;16,49;0;1;1;5;0;0;410;2048;463
181,4861;100,7120;14,30;3,2443;0,3348;0,0000;0,7780;0,0000;0,0000;0,0000;0,4185;1,58;4,82;1;0,0606;16,49;0;1;1;5;0;0;410;2048;455
181,5000;100,7671;14,30;3,3531;0,3365;0,0000;0,7824;0,0000;0,0000;0,0000;0,4206;1,51;4,86;1;0,0607;16,48;0;1;1;5;0;0;410;2048;446
181,5139;100,8223;14,30;3,4920;0,3382;0,0000;0,7870;0,0000;0,0000;0,0000;0,4228;1,44;4,93;1;0,0607;16,47;0;1;1;5;0;0;410;2048;436
181,5278;100,8774;14,30;3,5718;0,3401;0,0000;0,7917;0,0000;0,0000;0,0000;0,4252;1,38;4,95;1;0,0607;16,46;0;1;1;5;0;0;410;2048;427
181,5417;100,9325;14,30;3,6779;0,3422;0,0000;0,7965;0,0000;0,0000;0,0000;0,4277;1,33;5,00;0;0,0608;16,45;0;1;1;5;0;0;410;2048;417
181,5556;101,1619;14,30;3,7255;0,3462;0,0000;0,8014;0,0000;0,0000;0,0000;0,4328;0,66;4,39;0;0,0609;16,41;0;1;1;5;0;0;410;2048;407
181,5694;101,1619;14,30;3,8131;0,3479;0,0000;0,8066;0,0000;0,0000;0,0000;0,4349;0,80;4,62;0;0,0609;16,41;0;1;1;5;0;0;410;2048;396
181,5833;101,1619;14,30;3,8797;0,3497;0,0000;0,8121;0,0000;0,0000;0,0000;0,4371;0,95;4,83;0;0,0609;16,41;0;1;1;5;0;0;410;2048;385
181,5972;101,1651;14,30;3,9573;0,3516;0,0000;0,8177;0,0000;0,0000;0,0000;0,4395;1,08;5,03;0;0,0609;16,41;0;1;1;5;0;0;410;2048;373
181,6111;101,2203;14,30;4,0289;0,3531;0,0000;0,8234;0,0000;0,0000;0,0000;0,4413;1,03;5,06;0;0,0610;16,40;0;1;1;5;0;0;410;2048;362
181,6250;101,2755;14,30;4,0835;0,3547;0,0000;0,8291;0,0000;0,0000;0,0000;0,4433;0,99;5,07;0;0,0610;16,40;0;1;1;5;0;0;410;2048;350
181,6389;101,3306;14,30;4,0895;0,3564;0,0000;0,8347;0,0000;0,0000;0,0000;0,4455;0,95;5,04;0;0,0610;16,39;0;1;1;5;0;0;410;2048;339
181,6528;101,3857;14,30;4,0964;0,3582;0,0000;0,8401;0,0000;0,0000;0,0000;0,4478;0,91;5,00;0;0,0610;16,39;0;1;1;5;0;0;410;2048;327
181,6667;101,6168;14,30;4,0876;0,3621;0,0000;0,8454;0,0000;0,0000;0,0000;0,4526;0,25;4,34;0;0,0611;16,36;0;1;1;5;0;0;410;2048;317
181,6806;101,6168;14,30;4,0828;0,3635;0,0000;0,8509;0,0000;0,0000;0,0000;0,4544;0,40;4,48;0;0,0611;16,36;0;1;1;5;0;0;410;2048;305
181,6944;101,6168;14,30;4,0213;0,3651;0,0000;0,8565;0,0000;0,0000;0,0000;0,4563;0,55;4,57;0;0,0611;16,36;0;1;1;5;0;0;410;2048;294
181,7083;101,6190;14,30;3,9312;0,3667;0,0000;0,8621;0,0000;0,0000;0,0000;0,4583;0,69;4,62;0;0,0611;16,36;0;1;1;5;0;0;410;2048;282
181,7222;101,6742;14,30;3,8259;0,3678;0,0000;0,8676;0,0000;0,0000;0,0000;0,4597;0,64;4,46;0;0,0611;16,36;0;1;1;5;0;0;410;2048;271
181,7361;101,7294;14,30;3,7159;0,3689;0,0000;0,8730;0,0000;0,0000;0,0000;0,4612;0,58;4,29;0;0,0611;16,36;0;1;1;5;0;0;410;2048;260
181,7500;101,7845;14,30;3,6015;0,3702;0,0000;0,8782;0,0000;0,0000;0,0000;0,4627;0,52;4,12;0;0,0611;16,36;0;1;1;5;0;0;410;2048;250
181,7639;101,8397;14,30;3,5614;0,3715;0,0000;0,8831;0,0000;0,0000;0,0000;0,4644;0,46;4,02;0;0,0611;16,35;0;1;1;5;0;0;410;2048;239
181,7778;102,0729;14,30;3,5559;0,3749;0,0000;0,8878;0,0000;0,0000;0,0000;0,4686;-0,23;3,33;0;0,0612;16,35;0;1;1;5;0;0;410;2048;230
181,7917;102,0729;14,30;3,5264;0,3758;0,0000;0,8926;0,0000;0,0000;0,0000;0,4698;-0,10;3,43;0;0,0612;16,35;0;1;1;5;0;0;410;2048;220
181,8056;102,0729;14,30;3,5506;0,3768;0,0000;0,8973;0,0000;0,0000;0,0000;0,4710;0,03;3,58;0;0,0612;16,35;0;1;1;5;0;0;410;2048;210
181,8194;102,0734;14,30;3,5494;0,3779;0,0000;0,9021;0,0000;0,0000;0,0000;0,4724;0,16;3,71;0;0,0612;16,35;0;1;1;5;0;0;410;2048;201
181,8333;102,1286;14,30;3,6818;0,3786;0,0000;0,9066;0,0000;0,0000;0,0000;0,4732;0,11;3,78;0;0,0612;16,35;0;1;1;5;0;0;410;2048;191
181,8472;102,1838;14,30;3,7503;0,3794;0,0000;0,9109;0,0000;0,0000;0,0000;0,4742;0,05;3,80;0;0,0612;16,35;0;1;1;5;0;0;410;2048;182
181,8611;102,2390;14,30;3,8378;0,3803;0,0000;0,9150;0,0000;0,0000;0,0000;0,4753;0,00;3,83;0;0,0612;16,35;0;1;1;5;0;0;410;2048;174
181,8750;102,2942;14,30;3,8601;0,3813;0,0000;0,9189;0,0000;0,0000;0,0000;0,4766;-0,04;3,81;0;0,0611;16,35;0;1;1;5;0;0;410;2048;166
181,8889;102,5282;14,30;3,9443;0,3844;0,0000;0,9225;0,0000;0,0000;0,0000;0,4805;-0,72;3,22;0;0,0611;16,36;0;1;1;5;0;0;410;2048;159
181,9028;102,5282;14,30;3,9153;0,3850;0,0000;0,9262;0,0000;0,0000;0,0000;0,4813;-0,58;3,34;0;0,0611;16,36;0;1;1;5;0;0;410;2048;151
181,9167;102,5282;14,30;3,9441;0,3858;0,0000;0,9300;0,0000;0,0000;0,0000;0,4823;-0,43;3,51;0;0,0611;16,36;0;1;1;5;0;0;410;2048;143
181,9306;102,5283;14,30;3,9730;0,3867;0,0000;0,9337;0,0000;0,0000;0,0000;0,4834;-0,29;3,68;0;0,0611;16,36;0;1;1;5;0;0;410;2048;136
181,9444;102,5834;14,30;3,9225;0,3871;0,0000;0,9373;0,0000;0,0000;0,0000;0,4838;-0,33;3,58;0;0,0611;16,37;0;1;1;5;0;0;410;2048;128
181,9583;102,6386;14,30;3,9350;0,3876;0,0000;0,9408;0,0000;0,0000;0,0000;0,4845;-0,38;3,55;0;0,0611;16,38;0;1;1;5;0;0;410;2048;121
181,9722;102,6938;14,30;3,9079;0,3882;0,0000;0,9440;0,0000;0,0000;0,0000;0,4852;-0,43;3,47;0;0,0610;16,38;0;1;1;5;0;0;410;2048;115
181,9861;102,7490;14,30;3,8404;0,3888;0,0000;0,9470;0,0000;0,0000;0,0000;0,4861;-0,48;3,36;0;0,0610;16,39;0;1;1;5;0;0;410;2048;108
182,0000;102,9840;14,30;3,8157;0,3916;0,0000;0,9499;0,0000;0,0000;0,0000;0,4895;-1,16;2,65;0;0,0609;16,41;0;1;1;5;0;0;410;2048;103
182,0139;102,9840;14,30;3,7963;0,3918;0,0000;0,9527;0,0000;0,0000;0,0000;0,4898;-1,02;2,77;0;0,0609;16,41;0;1;1;5;0;0;410;2048;97
182,0278;102,9840;14,30;3,7824;0,3922;0,0000;0,9557;0,0000;0,0000;0,0000;0,4903;-0,88;2,90;0;0,0609;16,41;0;1;1;5;0;0;410;2048;91
182,0417;102,9840;14,30;3,7616;0,3927;0,0000;0,9585;0,0000;0,0000;0,0000;0,4909;-0,74;3,02;0;0,0609;16,41;0;1;1;5;0;0;410;2048;85
182,0556;103,0385;14,30;3,7549;0,3927;0,0000;0,9613;0,0000;0,0000;0,0000;0,4908;-0,79;2,96;0;0,0609;16,42;0;1;1;5;0;0;410;2048;79
182,0694;103,0937;14,30;3,7570;0,3928;0,0000;0,9638;0,0000;0,0000;0,0000;0,4910;-0,85;2,91;0;0,0608;16,43;0;1;1;5;0;0;410;2048;74
182,0833;103,1489;14,30;3,7576;0,3930;0,0000;0,9661;0,0000;0,0000;0,0000;0,4912;-0,90;2,85;0;0,0608;16,44;0;1;1;5;0;0;410;2048;69
182,0972;103,2041;14,30;3,7832;0,3933;0,0000;0,9682;0,0000;0,0000;0,0000;0,4916;-0,95;2,83;0;0,0608;16,45;0;1;1;5;0;0;410;2048;65
182,1111;103,4395;14,30;3,8393;0,3956;0,0000;0,9700;0,0000;0,0000;0,0000;0,4945;-1,63;2,21;0;0,0606;16,50;0;1;1;5;0;0;410;2048;62
182,1250;103,4395;14,30;3,8606;0,3955;0,0000;0,9718;0,0000;0,0000;0,0000;0,4944;-1,49;2,37;0;0,0606;16,50;0;1;1;5;0;0;410;2048;58
182,1389;103,4395;14,30;3,8753;0,3956;0,0000;0,9737;0,0000;0,0000;0,0000;0,4945;-1,34;2,53;0;0,0606;16,50;0;1;1;5;0;0;410;2048;54
182,1528;103,4395;14,30;3,9018;0,3957;0,0000;0,9756;0,0000;0,0000;0,0000;0,4947;-1,20;2,70;0;0,0606;16,50;0;1;1;5;0;0;410;2048;50
182,1667;103,4936;14,30;3,9198;0,3954;0,0000;0,9773;0,0000;0,0000;0,0000;0,4943;-1,24;2,67;0;0,0606;16,51;0;1;1;5;0;0;410;2048;47
182,1806;103,5488;14,30;3,9195;0,3952;0,0000;0,9788;0,0000;0,0000;0,0000;0,4941;-1,29;2,63;0;0,0605;16,52;0;1;1;5;0;0;410;2048;43
182,1944;103,6040;14,30;3,9312;0,3951;0,0000;0,9801;0,0000;0,0000;0,0000;0,4939;-1,33;2,59;0;0,0605;16,54;0;1;1;5;0;0;410;2048;41
182,2083;103,6592;14,30;3,9151;0,3951;0,0000;0,9812;0,0000;0,0000;0,0000;0,4939;-1,38;2,53;0;0,0604;16,55;0;1;1;5;0;0;410;2048;39
182,2222;103,8951;14,30;3,9068;0,3972;0,0000;0,9820;0,0000;0,0000;0,0000;0,4965;-2,05;1,85;0;0,0602;16,61;0;1;1;5;0;0;410;2048;37
182,2361;103,8951;14,30;3,8574;0,3968;0,0000;0,9829;0,0000;0,0000;0,0000;0,4960;-1,91;1,95;0;0,0602;16,61;0;1;1;5;0;0;410;2048;35
182,2500;103,8951;14,30;3,8421;0,3965;0,0000;0,9838;0,0000;0,0000;0,0000;0,4957;-1,77;2,07;0;0,0602;16,61;0;1;1;5;0;0;410;2048;33
182,2639;103,8951;14,30;3,8080;0,3963;0,0000;0,9847;0,0000;0,0000;0,0000;0,4954;-1,63;2,18;0;0,0602;16,61;0;1;1;5;0;0;410;2048;31
182,2778;103,9487;14,30;3,7708;0,3957;0,0000;0,9855;0,0000;0,0000;0,0000;0,4946;-1,67;2,09;0;0,0601;16,63;0;1;1;5;0;0;410;2048;30
182,2917;104,0039;14,30;3,7452;0,3951;0,0000;0,9861;0,0000;0,0000;0,0000;0,4938;-1,72;2,02;0;0,0601;16,65;0;1;1;5;0;0;410;2048;29
182,3056;104,0591;14,30;3,7573;0,3946;0,0000;0,9864;0,0000;0,0000;0,0000;0,4932;-1,77;1,98;0;0,0600;16,67;0;1;1;5;0;0;410;2048;28
182,3194;104,1143;14,30;3,7459;0,3942;0,0000;0,9864;0,0000;0,0000;0,0000;0,4927;-1,82;1,92;0;0,0599;16,68;0;1;1;5;0;0;410;2048;28
182,3333;104,3507;14,30;3,7693;0,3959;0,0000;0,9863;0,0000;0,0000;0,0000;0,4948;-2,50;1,27;0;0,0597;16,76;0;1;1;5;0;0;410;2048;28
182,3472;104,3507;14,30;3,7766;0,3951;0,0000;0,9861;0,0000;0,0000;0,0000;0,4939;-2,36;1,42;0;0,0597;16,76;0;1;1;5;0;0;410;2048;28
182,3611;104,3507;14,50;3,7950;0,3944;0,0000;0,9860;0,0000;0,0000;0,0000;0,4931;-2,22;1,58;0;0,0597;16,76;0;1;1;5;0;0;410;2048;29
182,3750;104,3507;14,50;3,8260;0,3939;0,0000;0,9858;0,0000;0,0000;0,0000;0,4924;-2,07;1,75;0;0,0597;16,76;0;1;1;5;0;0;410;2048;29
182,3889;104,4051;14,50;3,8323;0,3929;0,0000;0,9855;0,0000;0,0000;0,0000;0,4911;-2,11;1,71;0;0,0596;16,78;0;1;1;5;0;0;410;2048;30
182,4028;104,4611;14,50;3,8691;0,3920;0,0000;0,9850;0,0000;0,0000;0,0000;0,4900;-2,16;1,71;0;0,0595;16,80;0;1;1;5;0;0;410;2048;31
182,4167;104,5170;14,50;3,9009;0,3912;0,0000;0,9842;0,0000;0,0000;0,0000;0,4890;-2,20;1,69;0;0,0594;16,83;0;1;1;5;0;0;410;2048;32
182,4306;104,5730;14,50;3,9241;0,3906;0,0000;0,9832;0,0000;0,0000;0,0000;0,4882;-2,25;1,67;0;0,0594;16,85;0;1;1;4;0;0;410;2048;34
182,4444;104,8063;14,50;3,9849;0,3919;0,0000;0,9820;0,0000;0,0000;0,0000;0,4899;-2,89;1,10;0;0,0590;16,94;0;1;1;4;0;0;410;2048;37
182,4583;104,8063;14,50;4,0114;0,3909;0,0000;0,9808;0,0000;0,0000;0,0000;0,4886;-2,74;1,27;0;0,0590;16,94;0;1;1;4;0;0;410;2048;39
182,4722;104,8063;14,50;4,0432;0,3900;0,0000;0,9798;0,0000;0,0000;0,0000;0,4875;-2,59;1,46;0;0,0590;16,94;0;1;1;4;0;0;410;2048;41
182,4861;104,8099;14,50;4,0351;0,3892;0,0000;0,9786;0,0000;0,0000;0,0000;0,4865;-2,45;1,58;0;0,0590;16,94;0;1;1;4;0;0;410;2048;44
182,5000;104,8658;14,50;4,0833;0,3880;0,0000;0,9774;0,0000;0,0000;0,0000;0,4850;-2,48;1,59;0;0,0589;16,97;0;1;1;4;0;0;410;2048;46
182,5139;104,9218;14,50;4,0696;0,3869;0,0000;0,9760;0,0000;0,0000;0,0000;0,4836;-2,52;1,54;0;0,0588;16,99;0;1;1;4;0;0;410;2048;49
182,5278;104,9777;14,50;4,0864;0,3859;0,0000;0,9744;0,0000;0,0000;0,0000;0,4824;-2,55;1,53;0;0,0588;17,02;0;1;1;4;0;0;410;2048;52
182,5417;105,0337;14,50;4,0767;0,3850;0,0000;0,9726;0,0000;0,0000;0,0000;0,4813;-2,59;0,72;0;0,0587;17,05;0;1;1;4;0;0;410;2048;56
182,5556;105,2619;14,50;4,0766;0,3860;0,0000;0,9706;0,0000;0,0000;0,0000;0,4826;-3,20;0,87;0;0,0583;17,15;0;1;1;4;0;0;410;2048;60
182,5694;105,2619;14,50;4,0593;0,3848;0,0000;0,9686;0,0000;0,0000;0,0000;0,4810;-3,05;1,01;0;0,0583;17,15;0;1;1;4;0;0;410;2048;64
182,5833;105,2619;14,50;4,0515;0,3837;0,0000;0,9668;0,0000;0,0000;0,0000;0,4796;-2,90;1,15;0;0,0583;17,15;0;1;1;4;0;0;410;2048;68
182,5972;105,2702;14,50;4,0314;0,3826;0,0000;0,9649;0,0000;0,0000;0,0000;0,4782;-2,78;1,25;0;0,0583;17,16;0;1;1;4;0;0;410;2048;72
182,6111;105,3261;14,50;4,0269;0,3811;0,0000;0,9630;0,0000;0,0000;0,0000;0,4764;-2,81;1,21;0;0,0582;17,19;0;1;1;4;0;0;410;2048;76
182,6250;105,3820;14,50;4,0209;0,3797;0,0000;0,9608;0,0000;0,0000;0,0000;0,4746;-2,85;1,17;0;0,0581;17,22;0;1;1;4;0;0;410;2048;80
182,6389;105,4380;14,30;4,0195;0,3784;0,0000;0,9585;0,0000;0,0000;0,0000;0,4730;-2,88;1,13;0;0,0580;17,24;0;1;1;4;0;0;410;2048;85
182,6528;105,7175;14,30;4,0155;0,3796;0,0000;0,9560;0,0000;0,0000;0,0000;0,4745;-3,66;0,35;0;0,0575;17,39;0;1;1;4;0;0;410;2048;90
182,6667;105,7175;14,30;4,0171;0,3780;0,0000;0,9535;0,0000;0,0000;0,0000;0,4725;-3,51;0,50;0;0,0575;17,39;0;1;1;4;0;0;410;2048;95
182,6806;105,7175;14,30;4,0343;0,3765;0,0000;0,9511;0,0000;0,0000;0,0000;0,4706;-3,37;0,67;0;0,0575;17,39;0;1;1;4;0;0;410;2048;100
182,6944;105,7175;14,30;4,0391;0,3751;0,0000;0,9487;0,0000;0,0000;0,0000;0,4689;-3,22;0,82;0;0,0575;17,39;0;1;1;4;0;0;410;2048;105
182,7083;105,7261;14,30;4,0259;0,3738;0,0000;0,9461;0,0000;0,0000;0,0000;0,4672;-3,10;0,92;0;0,0575;17,40;0;1;1;4;0;0;410;2048;110
182,7222;105,7812;14,30;4,0296;0,3720;0,0000;0,9434;0,0000;0,0000;0,0000;0,4651;-3,13;0,90;0;0,0574;17,43;0;1;1;4;0;0;410;2048;116
182,7361;105,8364;14,30;4,0280;0,3705;0,0000;0,9405;0,0000;0,0000;0,0000;0,4631;-3,16;0,86;0;0,0573;17,46;0;1;1;4;0;0;410;2048;122
182,7500;105,8916;14,30;4,0371;0,3690;0,0000;0,9374;0,0000;0,0000;0,0000;0,4612;-3,19;0,84;0;0,0572;17,50;0;1;1;4;0;0;410;2048;128
182,7639;106,1730;14,30;4,0420;0,3699;0,0000;0,9342;0,0000;0,0000;0,0000;0,4624;-3,96;0,08;0;0,0566;17,67;0;1;1;4;0;0;410;2048;135
182,7778;106,1730;14,30;4,0519;0,3681;0,0000;0,9309;0,0000;0,0000;0,0000;0,4601;-3,81;0,24;0;0,0566;17,67;0;1;1;4;0;0;410;2048;141
182,7917;106,1730;14,30;4,0644;0,3664;0,0000;0,9279;0,0000;0,0000;0,0000;0,4580;-3,66;0,40;0;0,0566;17,67;0;1;1;4;0;0;410;2048;148
182,8056;106,1730;14,30;4,0747;0,3648;0,0000;0,9247;0,0000;0,0000;0,0000;0,4560;-3,51;0,56;0;0,0566;17,67;0;1;1;4;0;0;410;2048;154
182,8194;106,1791;14,30;4,0767;0,3633;0,0000;0,9215;0,0000;0,0000;0,0000;0,4541;-3,38;0,69;0;0,0566;17,67;0;1;1;4;0;0;410;2048;161
182,8333;106,2343;14,30;4,0472;0,3614;0,0000;0,9182;0,0000;0,0000;0,0000;0,4517;-3,41;0,63;0;0,0565;17,71;0;1;1;4;0;0;410;2048;168
182,8472;106,2894;14,30;4,0578;0,3596;0,0000;0,9147;0,0000;0,0000;0,0000;0,4494;-3,44;0,61;0;0,0564;17,74;0;1;1;4;0;0;410;2048;175
182,8611;106,3445;14,30;4,0647;0,3579;0,0000;0,9110;0,0000;0,0000;0,0000;0,4473;-3,47;0,59;0;0,0562;17,78;0;1;1;4;0;0;410;2048;182
182,8750;106,3997;14,30;4,0479;0,3563;0,0000;0,9072;0,0000;0,0000;0,0000;0,4454;-3,50;-0,18;0;0,0561;17,82;0;1;1;4;0;0;410;2048;190
182,8889;106,6287;14,30;4,0808;0,3566;0,0000;0,9032;0,0000;0,0000;0,0000;0,4457;-4,08;0,00;0;0,0556;17,97;0;1;1;4;0;0;410;2048;198
182,9028;106,6287;14,30;4,0833;0,3547;0,0000;0,8992;0,0000;0,0000;0,0000;0,4433;-3,93;0,15;0;0,0556;17,97;0;1;1;4;0;0;410;2048;206
182,9167;106,6287;14,30;4,0836;0,3529;0,0000;0,8954;0,0000;0,0000;0,0000;0,4411;-3,78;0,30;0;0,0556;17,97;0;1;1;4;0;0;410;2048;214
182,9306;106,6315;14,30;4,1028;0,3512;0,0000;0,8916;0,0000;0,0000;0,0000;0,4390;-3,64;0,45;0;0,0556;17,97;0;1;1;4;0;0;410;2048;222
182,9444;106,6866;14,30;4,1344;0,3491;0,0000;0,8877;0,0000;0,0000;0,0000;0,4364;-3,66;0,46;0;0,0555;18,01;0;1;1;4;0;0;410;2048;230
182,9583;106,7418;14,30;4,1857;0,3471;0,0000;0,8838;0,0000;0,0000;0,0000;0,4339;-3,68;0,50;0;0,0554;18,05;0;1;1;4;0;0;410;2048;238
182,9722;106,7969;14,30;4,1863;0,3453;0,0000;0,8796;0,0000;0,0000;0,0000;0,4316;-3,70;0,48;0;0,0553;18,09;0;1;1;4;0;0;410;2048;247
182,9861;106,8520;14,30;4,2162;0,3436;0,0000;0,8753;0,0000;0,0000;0,0000;0,4295;-3,72;0,49;0;0,0552;18,13;0;1;1;4;0;0;410;2048;255
183,0000;107,0843;14,30;4,2595;0,3437;0,0000;0,8709;0,0000;0,0000;0,0000;0,4297;-4,30;-0,04;0;0,0546;18,30;0;1;1;4;0;0;410;2048;264
183,0139;107,0843;14,30;4,2964;0,3417;0,0000;0,8665;0,0000;0,0000;0,0000;0,4272;-4,14;0,15;0;0,0546;18,30;0;1;1;4;0;0;410;2048;273
183,0278;107,0843;14,30;4,3373;0,3399;0,0000;0,8623;0,0000;0,0000;0,0000;0,4248;-3,98;0,35;0;0,0546;18,30;0;1;1;4;0;0;410;2048;282
183,0417;107,0843;14,30;4,3861;0,3381;0,0000;0,8580;0,0000;0,0000;0,0000;0,4227;-3,82;0,56;0;0,0546;18,30;0;1;1;4;0;0;410;2048;291
183,0556;107,1383;14,30;4,4132;0,3360;0,0000;0,8537;0,0000;0,0000;0,0000;0,4200;-3,83;0,58;0;0,0545;18,35;0;1;1;4;0;0;410;2048;300
183,0694;107,1935;14,30;4,4472;0,3340;0,0000;0,8494;0,0000;0,0000;0,0000;0,4175;-3,83;0,61;0;0,0544;18,39;0;1;1;4;0;0;410;2048;308
183,0833;107,2486;14,30;4,4924;0,3321;0,0000;0,8448;0,0000;0,0000;0,0000;0,4151;-3,84;0,65;0;0,0543;18,43;0;1;1;4;0;0;410;2048;318
183,0972;107,3038;14,30;4,5262;0,3304;0,0000;0,8402;0,0000;0,0000;0,0000;0,4130;-3,84;0,68;0;0,0541;18,48;0;1;1;4;0;0;410;2048;327
183,1111;107,5399;14,30;4,5699;0,3305;0,0000;0,8354;0,0000;0,0000;0,0000;0,4132;-4,41;0,16;0;0,0536;18,66;0;1;1;4;0;0;410;2048;337
183,1250;107,5399;14,30;4,5862;0,3285;0,0000;0,8307;0,0000;0,0000;0,0000;0,4107;-4,24;0,35;0;0,0536;18,66;0;1;1;4;0;0;410;2048;347
183,1389;107,5399;14,20;4,6296;0,3267;0,0000;0,8262;0,0000;0,0000;0,0000;0,4083;-4,07;0,56;0;0,0536;18,66;0;1;1;4;0;0;410;2048;356
183,1528;107,5399;14,20;4,6626;0,3250;0,0000;0,8217;0,0000;0,0000;0,0000;0,4062;-3,90;0,76;0;0,0536;18,66;0;1;1;4;0;0;410;2048;365
183,1667;107,5887;14,20;4,6726;0,3229;0,0000;0,8172;0,0000;0,0000;0,0000;0,4037;-3,88;0,79;0;0,0535;18,71;0;1;1;4;0;0;410;2048;374
183,1806;107,6435;14,20;4,6938;0,3210;0,0000;0,8126;0,0000;0,0000;0,0000;0,4012;-3,87;0,81;0;0,0533;18,75;0;1;1;4;0;0;410;2048;384
183,1944;107,6982;14,20;4,7395;0,3192;0,0000;0,8078;0,0000;0,0000;0,0000;0,3989;-3,87;0,87;0;0,0532;18,80;0;1;1;4;0;0;410;2048;394
183,2083;107,7530;14,20;4,7611;0,3175;0,0000;0,8030;0,0000;0,0000;0,0000;0,3968;-3,86;0,89;0;0,0531;18,85;0;1;1;4;0;0;410;2048;403
183,2222;107,9956;14,20;4,7706;0,3177;0,0000;0,7980;0,0000;0,0000;0,0000;0,3971;-4,42;0,35;0;0,0525;19,05;0;1;1;4;0;0;410;2048;414
183,2361;107,9956;14,20;4,8135;0,3158;0,0000;0,7932;0,0000;0,0000;0,0000;0,3947;-4,25;0,57;0;0,0525;19,05;0;1;1;4;0;0;410;2048;424
183,2500;107,9956;14,20;4,8287;0,3140;0,0000;0,7886;0,0000;0,0000;0,0000;0,3925;-4,07;0,76;0;0,0525;19,05;0;1;1;4;0;0;410;2048;433
183,2639;107,9956;14,20;4,8498;0,3123;0,0000;0,7840;0,0000;0,0000;0,0000;0,3904;-3,89;0,96;0;0,0525;19,05;0;1;1;4;0;0;410;2048;442
183,2778;108,0362;14,20;4,8600;0,3105;0,0000;0,7793;0,0000;0,0000;0,0000;0,3881;-3,84;1,02;0;0,0524;19,09;0;1;1;4;0;0;410;2048;452
183,2917;108,0910;14,20;4,8891;0,3086;0,0000;0,7746;0,0000;0,0000;0,0000;0,3857;-3,82;1,06;0;0,0522;19,14;0;1;1;4;0;0;410;2048;462
183,3056;108,1458;14,20;4,9064;0,3068;0,0000;0,7698;0,0000;0,0000;0,0000;0,3835;-3,81;1,09;0;0,0521;19,19;0;1;1;4;0;0;410;2048;471
183,3194;108,2006;14,20;4,9275;0,3052;0,0000;0,7649;0,0000;0,0000;0,0000;0,3816;-3,79;1,13;0;0,0520;19,24;0;1;1;4;0;0;410;2048;481
183,3333;108,4511;14,20;4,9430;0,3056;0,0000;0,7599;0,0000;0,0000;0,0000;0,3820;-4,35;0,59;0;0,0514;19,47;0;1;1;4;0;0;410;2048;492
183,3472;108,4511;14,20;4,9609;0,3038;0,0000;0,7550;0,0000;0,0000;0,0000;0,3797;-4,17;0,79;0;0,0514;19,47;0;1;1;4;0;0;410;2048;502
183,3611;108,4511;14,20;4,9804;0,3021;0,0000;0,7503;0,0000;0,0000;0,0000;0,3776;-3,99;0,99;0;0,0514;19,47;0;1;1;4;0;0;410;2048;511
183,3750;108,4511;14,20;4,9910;0,3006;0,0000;0,7457;0,0000;0,0000;0,0000;0,3757;-3,80;1,19;0;0,0514;19,47;0;1;1;4;0;0;410;2048;521
183,3889;108,4833;14,20;5,0419;0,2989;0,0000;0,7411;0,0000;0,0000;0,0000;0,3736;-3,71;1,32;0;0,0513;19,50;0;1;1;4;0;0;410;2048;530
183,4028;108,5380;14,20;5,0859;0,2971;0,0000;0,7364;0,0000;0,0000;0,0000;0,3714;-3,69;1,40;0;0,0511;19,56;0;1;1;4;0;0;410;2048;540
183,4167;108,5928;14,20;5,1517;0,2956;0,0000;0,7316;0,0000;0,0000;0,0000;0,3695;-3,66;1,49;0;0,0510;19,61;0;1;1;4;0;0;410;2048;550
183,4306;108,6476;14,20;5,2083;0,2942;0,0000;0,7267;0,0000;0,0000;0,0000;0,3677;-3,62;1,58;0;0,0509;19,66;0;1;1;4;0;0;410;2048;560
183,4444;108,9069;14,20;5,2916;0,2948;0,0000;0,7217;0,0000;0,0000;0,0000;0,3685;-4,18;1,11;0;0,0502;19,92;0;1;1;8;0;0;410;2048;570
183,4583;108,9069;14,20;5,3612;0,2932;0,0000;0,7170;0,0000;0,0000;0,0000;0,3665;-3,99;1,37;0;0,0502;19,92;0;1;1;8;0;0;410;2048;580
183,4722;108,9069;14,20;5,4476;0,2918;0,0000;0,7124;0,0000;0,0000;0,0000;0,3648;-3,79;1,66;0;0,0502;19,92;0;1;1;8;0;0;410;2048;589
183,4861;108,9069;14,20;5,5237;0,2906;0,0000;0,7080;0,0000;0,0000;0,0000;0,3633;-3,58;1,94;0;0,0502;19,92;0;1;1;8;0;0;410;2048;598
183,5000;108,9299;14,20;5,5787;0,2893;0,0000;0,7037;0,0000;0,0000;0,0000;0,3617;-3,44;2,13;0;0,0501;19,94;0;1;1;8;0;0;410;2048;607
183,5139;108,9847;14,20;5,6630;0,2880;0,0000;0,6994;0,0000;0,0000;0,0000;0,3600;-3,39;2,26;0;0,0500;20,00;0;1;1;8;0;0;410;2048;616
183,5278;109,0395;14,20;5,7073;0,2868;0,0000;0,6951;0,0000;0,0000;0,0000;0,3585;-3,34;2,36;0;0,0499;20,05;0;1;1;8;0;0;410;2048;625
183,5417;109,0943;14,20;5,7856;0,2858;0,0000;0,6907;0,0000;0,0000;0,0000;0,3572;-3,29;2,50;0;0,0497;20,11;0;1;1;8;0;0;410;2048;633
183,5556;109,3622;14,20;5,8209;0,2868;0,0000;0,6863;0,0000;0,0000;0,0000;0,3585;-3,83;1,99;0;0,0490;20,39;0;1;1;8;0;0;410;2048;642
183,5694;109,3622;14,20;5,9030;0,2857;0,0000;0,6823;0,0000;0,0000;0,0000;0,3571;-3,62;2,28;0;0,0490;20,39;0;1;1;8;0;0;410;2048;651
183,5833;109,3622;14,20;5,9356;0,2847;0,0000;0,6786;0,0000;0,0000;0,0000;0,3559;-3,40;2,53;0;0,0490;20,39;0;1;1;8;0;0;410;2048;658
183,5972;109,3622;14,20;5,9921;0,2839;0,0000;0,6751;0,0000;0,0000;0,0000;0,3549;-3,18;2,81;0;0,0490;20,39;0;1;1;8;0;0;410;2048;665
183,6111;109,3764;14,20;6,0352;0,2832;0,0000;0,6717;0,0000;0,0000;0,0000;0,3540;-3,00;3,03;0;0,0490;20,40;0;1;1;8;0;0;410;2048;672
183,6250;109,4312;14,20;6,0882;0,2823;0,0000;0,6684;0,0000;0,0000;0,0000;0,3528;-2,93;3,15;0;0,0489;20,46;0;1;1;8;0;0;410;2048;679
183,6389;109,4860;14,00;6,1339;0,2815;0,0000;0,6652;0,0000;0,0000;0,0000;0,3519;-2,86;3,27;0;0,0487;20,52;0;1;1;8;0;0;410;2048;686
183,6528;109,5400;14,00;6,1531;0,2810;0,0000;0,6621;0,0000;0,0000;0,0000;0,3512;-2,79;3,36;0;0,0486;20,58;0;1;1;8;0;0;410;2048;692
183,6667;109,8184;14,00;6,1786;0,2826;0,0000;0,6590;0,0000;0,0000;0,0000;0,3532;-3,34;2,84;0;0,0479;20,89;0;1;1;8;0;0;410;2048;698
183,6806;109,8184;14,00;6,1801;0,2819;0,0000;0,6562;0,0000;0,0000;0,0000;0,3524;-3,12;3,06;0;0,0479;20,89;0;1;1;8;0;0;410;2048;704
183,6944;109,8184;14,00;6,1847;0,2814;0,0000;0,6539;0,0000;0,0000;0,0000;0,3517;-2,89;3,29;0;0,0479;20,89;0;1;1;8;0;0;410;2048;709
183,7083;109,8184;14,00;6,1882;0,2811;0,0000;0,6519;0,0000;0,0000;0,0000;0,3513;-2,67;3,52;0;0,0479;20,89;0;1;1;8;0;0;410;2048;713
183,7222;109,8184;14,00;6,1900;0,2809;0,0000;0,6501;0,0000;0,0000;0,0000;0,3511;-2,45;3,74;0;0,0479;20,89;0;1;1;8;0;0;410;2048;717
183,7361;109,8720;14,00;6,2099;0,2804;0,0000;0,6484;0,0000;0,0000;0,0000;0,3505;-2,37;3,84;0;0,0477;20,95;0;1;1;8;0;0;410;2048;720
183,7500;109,9261;14,00;6,2208;0,2801;0,0000;0,6468;0,0000;0,0000;0,0000;0,3502;-2,29;3,93;0;0,0476;21,01;0;1;1;8;0;0;410;2048;723
183,7639;109,9802;14,00;6,2482;0,2800;0,0000;0,6453;0,0000;0,0000;0,0000;0,3500;-2,21;4,03;0;0,0475;21,07;0;1;1;8;0;0;410;2048;726
183,7778;110,0342;14,00;6,2838;0,2801;0,0000;0,6439;0,0000;0,0000;0,0000;0,3501;-2,13;4,15;0;0,0473;21,13;0;1;1;8;0;0;410;2048;729
183,7917;110,2734;14,00;6,3316;0,2819;0,0000;0,6426;0,0000;0,0000;0,0000;0,3524;-2,55;3,78;0;0,0467;21,41;0;1;1;8;0;0;410;2048;732
183,8056;110,2734;14,00;6,3868;0,2819;0,0000;0,6417;0,0000;0,0000;0,0000;0,3524;-2,32;4,06;0;0,0467;21,41;0;1;1;8;0;0;410;2048;734
183,8194;110,2734;14,00;6,4425;0,2821;0,0000;0,6412;0,0000;0,0000;0,0000;0,3526;-2,09;4,35;0;0,0467;21,41;0;1;1;8;0;0;410;2048;735
183,8333;110,2734;14,00;6,4826;0,2824;0,0000;0,6411;0,0000;0,0000;0,0000;0,3530;-1,86;4,63;0;0,0467;21,41;0;1;1;8;0;0;410;2048;735
183,8472;110,3120;14,00;6,5176;0,2827;0,0000;0,6412;0,0000;0,0000;0,0000;0,3533;-1,72;4,79;0;0,0466;21,45;0;1;1;8;0;0;410;2048;735
183,8611;110,3661;14,00;6,5383;0,2829;0,0000;0,6415;0,0000;0,0000;0,0000;0,3537;-1,63;4,91;0;0,0465;21,52;0;1;1;8;0;0;410;2048;734
183,8750;110,4201;14,10;6,5575;0,2834;0,0000;0,6420;0,0000;0,0000;0,0000;0,3543;-1,53;5,02;0;0,0463;21,58;0;1;1;8;0;0;410;2048;733
183,8889;110,4746;14,10;6,5593;0,2840;0,0000;0,6426;0,0000;0,0000;0,0000;0,3551;-1,44;5,12;0;0,0462;21,65;0;1;1;8;0;0;410;2048;732
183,9028;110,7299;14,10;6,5483;0,2865;0,0000;0,6433;0,0000;0,0000;0,0000;0,3582;-1,88;4,67;0;0,0455;21,96;0;1;1;8;0;0;410;2048;730
183,9167;110,7299;14,10;6,5178;0,2871;0,0000;0,6445;0,0000;0,0000;0,0000;0,3588;-1,64;4,88;0;0,0455;21,96;0;1;1;8;0;0;410;2048;728
183,9306;110,7299;14,10;6,4732;0,2878;0,0000;0,6462;0,0000;0,0000;0,0000;0,3597;-1,40;5,07;0;0,0455;21,96;0;1;1;8;0;0;410;2048;725
183,9444;110,7299;14,10;6,4143;0,2886;0,0000;0,6482;0,0000;0,0000;0,0000;0,3608;-1,17;5,24;0;0,0455;21,96;0;1;1;8;0;0;410;2048;721
183,9583;110,7542;14,10;6,3550;0,2894;0,0000;0,6504;0,0000;0,0000;0,0000;0,3618;-1,00;5,35;0;0,0455;21,99;0;1;1;8;0;0;410;2048;716
183,9722;110,8087;14,10;6,2744;0,2902;0,0000;0,6528;0,0000;0,0000;0,0000;0,3627;-0,91;5,36;0;0,0453;22,05;0;1;1;8;0;0;410;2048;711
183,9861;110,8631;14,10;6,1290;0,2910;0,0000;0,6553;0,0000;0,0000;0,0000;0,3638;-0,83;5,30;0;0,0452;22,12;0;1;1;8;0;0;410;2048;706
184,0000;110,9175;14,10;6,0387;0,2920;0,0000;0,6579;0,0000;0,0000;0,0000;0,3650;-0,75;5,29;0;0,0451;22,19;0;1;1;8;0;0;410;2048;701
184,0139;111,1847;14,10;5,7910;0,2949;0,0000;0,6606;0,0000;0,0000;0,0000;0,3686;-1,23;4,56;0;0,0444;22,52;0;1;1;8;0;0;410;2048;695
184,0278;111,1847;14,10;5,5964;0,2956;0,0000;0,6636;0,0000;0,0000;0,0000;0,3695;-1,02;4,57;0;0,0444;22,52;0;1;1;8;0;0;410;2048;689
184,0417;111,1847;14,10;5,2960;0,2964;0,0000;0,6670;0,0000;0,0000;0,0000;0,3705;-0,83;4,47;0;0,0444;22,52;0;1;1;8;0;0;410;2048;682
184,0556;111,1847;14,10;5,1620;0,2973;0,0000;0,6705;0,0000;0,0000;0,0000;0,3717;-0,64;4,52;0;0,0444;22,52;0;1;1;8;0;0;410;2048;675
184,0694;111,1971;14,10;4,9266;0,2983;0,0000;0,6741;0,0000;0,0000;0,0000;0,3728;-0,49;4,43;0;0,0444;22,54;0;1;1;8;0;0;410;2048;667
184,0833;111,2515;14,10;4,7844;0,2989;0,0000;0,6778;0,0000;0,0000;0,0000;0,3736;-0,46;4,33;0;0,0442;22,61;0;1;1;8;0;0;410;2048;660
184,0972;111,3060;14,10;4,6349;0,2997;0,0000;0,6813;0,0000;0,0000;0,0000;0,3746;-0,42;4,21;0;0,0441;22,68;0;1;1;8;0;0;410;2048;653
184,1111;111,3604;14,10;4,5420;0,3005;0,0000;0,6848;0,0000;0,0000;0,0000;0,3756;-0,39;4,15;0;0,0440;22,75;0;1;1;8;0;0;410;2048;646
184,1250;111,6410;14,10;4,4454;0,3032;0,0000;0,6881;0,0000;0,0000;0,0000;0,3791;-0,94;3,51;0;0,0433;23,12;0;1;1;8;0;0;410;2048;639
184,1389;111,6410;14,10;4,3610;0,3039;0,0000;0,6916;0,0000;0,0000;0,0000;0,3798;-0,78;3,58;0;0,0433;23,12;0;1;1;8;0;0;410;2048;632
184,1528;111,6410;14,10;4,3000;0,3046;0,0000;0,6952;0,0000;0,0000;0,0000;0,3807;-0,62;3,68;0;0,0433;23,12;0;1;1;8;0;0;410;2048;624
184,1667;111,6410;14,10;4,2220;0,3054;0,0000;0,6989;0,0000;0,0000;0,0000;0,3817;-0,47;3,76;0;0,0433;23,12;0;1;1;8;0;0;410;2048;617
184,1806;111,6410;14,10;4,2008;0,3063;0,0000;0,7025;0,0000;0,0000;0,0000;0,3829;-0,31;3,89;0;0,0433;23,12;0;1;1;8;0;0;410;2048;609
184,1944;111,6943;14,10;4,0943;0,3069;0,0000;0,7060;0,0000;0,0000;0,0000;0,3836;-0,29;3,80;0;0,0431;23,19;0;1;1;8;0;0;410;2048;602
184,2083;111,7487;14,10;4,0385;0,3075;0,0000;0,7094;0,0000;0,0000;0,0000;0,3844;-0,28;3,76;0;0,0430;23,26;0;1;1;8;0;0;410;2048;595
184,2222;111,8032;14,10;3,9820;0,3083;0,0000;0,7127;0,0000;0,0000;0,0000;0,3854;-0,27;3,71;0;0,0429;23,33;0;1;1;8;0;0;410;2048;588
184,2361;111,8576;14,10;3,9639;0,3092;0,0000;0,7158;0,0000;0,0000;0,0000;0,3865;-0,26;3,70;0;0,0427;23,41;0;1;1;8;0;0;410;2048;582
184,2500;112,0960;14,10;3,9438;0,3116;0,0000;0,7188;0,0000;0,0000;0,0000;0,3894;-0,70;3,25;0;0,0421;23,73;0;1;1;8;0;0;410;2048;576
184,2639;112,0960;14,10;3,9284;0,3122;0,0000;0,7219;0,0000;0,0000;0,0000;0,3903;-0,55;3,37;0;0,0421;23,73;0;1;1;8;0;0;410;2048;570
184,2778;112,0960;14,10;3,9316;0,3130;0,0000;0,7251;0,0000;0,0000;0,0000;0,3912;-0,41;3,52;0;0,0421;23,73;0;1;1;8;0;0;410;2048;563
184,2917;112,0960;14,10;3,9338;0,3138;0,0000;0,7283;0,0000;0,0000;0,0000;0,3923;-0,27;3,67;0;0,0421;23,73;0;1;1;8;0;0;410;2048;556
184,3056;112,1371;14,10;3,9502;0,3145;0,0000;0,7316;0,0000;0,0000;0,0000;0,3931;-0,22;3,73;0;0,0420;23,79;0;1;1;8;0;0;410;2048;550
184,3194;112,1915;14,10;3,9669;0,3152;0,0000;0,7347;0,0000;0,0000;0,0000;0,3940;-0,21;3,76;0;0,0419;23,86;0;1;1;8;0;0;410;2048;543
184,3333;112,2459;14,10;4,0002;0,3160;0,0000;0,7377;0,0000;0,0000;0,0000;0,3950;-0,19;3,81;0;0,0418;23,94;0;1;1;8;0;0;410;2048;537
184,3472;112,3003;14,10;4,0237;0,3169;0,0000;0,7407;0,0000;0,0000;0,0000;0,3962;-0,17;3,85;0;0,0416;24,01;0;1;1;8;0;0;410;2048;531
184,3611;112,5522;14,10;4,0860;0,3195;0,0000;0,7436;0,0000;0,0000;0,0000;0,3994;-0,62;3,46;0;0,0410;24,37;0;1;1;8;0;0;410;2048;525
184,3750;112,5522;14,00;4,1444;0,3202;0,0000;0,7466;0,0000;0,0000;0,0000;0,4003;-0,47;3,67;0;0,0410;24,37;0;1;1;8;0;0;410;2048;519
184,3889;112,5522;14,00;4,2956;0,3212;0,0000;0,7497;0,0000;0,0000;0,0000;0,4015;-0,32;3,98;0;0,0410;24,37;0;1;1;8;0;0;410;2048;513
184,4028;112,5522;14,00;4,4928;0,3223;0,0000;0,7529;0,0000;0,0000;0,0000;0,4028;-0,16;4,34;0;0,0410;24,37;0;1;1;8;0;0;410;2048;506
184,4167;112,5787;14,00;4,6134;0,3233;0,0000;0,7562;0,0000;0,0000;0,0000;0,4042;-0,05;4,56;0;0,0410;24,40;0;1;1;8;0;0;410;2048;499
184,4306;112,6327;14,00;4,7724;0,3244;0,0000;0,7595;0,0000;0,0000;0,0000;0,4055;0,00;4,77;0;0,0408;24,48;0;1;1;8;0;0;410;2048;493
184,4444;112,6867;14,00;4,8670;0,3256;0,0000;0,7627;0,0000;0,0000;0,0000;0,4070;0,04;4,91;0;0,0407;24,56;0;1;1;6;0;0;410;2048;486
184,4583;112,7408;14,00;4,8839;0,3269;0,0000;0,7660;0,0000;0,0000;0,0000;0,4086;0,09;4,98;0;0,0406;24,63;0;1;1;6;0;0;410;2048;479
184,4722;113,0073;14,00;4,9244;0,3299;0,0000;0,7693;0,0000;0,0000;0,0000;0,4124;-0,34;4,58;0;0,0400;25,02;0;1;1;6;0;0;410;2048;473
184,4861;113,0073;14,00;4,9294;0,3311;0,0000;0,7728;0,0000;0,0000;0,0000;0,4139;-0,16;4,77;0;0,0400;25,02;0;1;1;6;0;0;410;2048;465
184,5000;113,0073;14,00;4,9201;0,3325;0,0000;0,7766;0,0000;0,0000;0,0000;0,4156;0,00;4,93;0;0,0400;25,02;0;1;1;6;0;0;410;2048;458
184,5139;113,0073;14,00;4,9192;0,3340;0,0000;0,7805;0,0000;0,0000;0,0000;0,4175;0,19;5,11;0;0,0400;25,02;0;1;1;6;0;0;410;2048;450
184,5278;113,0184;14,00;4,8841;0,3355;0,0000;0,7845;0,0000;0,0000;0,0000;0,4194;0,34;5,23;0;0,0399;25,04;0;1;1;6;0;0;410;2048;441
184,5417;113,0724;14,00;4,8258;0,3368;0,0000;0,7886;0,0000;0,0000;0,0000;0,4211;0,40;5,22;0;0,0398;25,12;0;1;1;6;0;0;410;2048;433
184,5556;113,1264;14,00;4,7675;0,3383;0,0000;0,7927;0,0000;0,0000;0,0000;0,4229;0,45;5,21;0;0,0397;25,19;0;1;1;6;0;0;410;2048;424
184,5694;113,1804;14,00;4,7138;0,3399;0,0000;0,7969;0,0000;0,0000;0,0000;0,4248;0,50;5,21;0;0,0396;25,27;0;1;1;6;0;0;410;2048;416
184,5833;113,2344;14,00;4,6355;0,3415;0,0000;0,8010;0,0000;0,0000;0,0000;0,4269;0,54;5,18;0;0,0394;25,35;0;1;1;6;0;0;410;2048;407
184,5972;113,4634;14,00;4,5114;0,3445;0,0000;0,8052;0,0000;0,0000;0,0000;0,4307;0,19;4,70;0;0,0389;25,70;0;1;1;6;0;0;410;2048;399
184,6111;113,4634;14,00;4,4077;0,3460;0,0000;0,8096;0,0000;0,0000;0,0000;0,4325;0,35;4,75;0;0,0389;25,70;0;1;1;6;0;0;410;2048;390
184,6250;113,4634;14,00;4,2304;0,3475;0,0000;0,8141;0,0000;0,0000;0,0000;0,4344;0,50;4,73;0;0,0389;25,70;0;1;1;6;0;0;410;2048;381
184,6389;113,4634;14,00;4,0523;0,3491;0,0000;0,8188;0,0000;0,0000;0,0000;0,4364;0,65;4,70;0;0,0389;25,70;0;1;1;6;0;0;410;2048;371
184,6528;113,5121;14,00;3,9206;0,3504;0,0000;0,8235;0,0000;0,0000;0,0000;0,4380;0,68;4,60;0;0,0388;25,77;0;1;1;6;0;0;410;2048;362
184,6667;113,5661;14,00;3,7923;0,3518;0,0000;0,8281;0,0000;0,0000;0,0000;0,4397;0,70;4,49;0;0,0387;25,85;0;1;1;6;0;0;410;2048;352
184,6806;113,6201;14,00;3,5833;0,3532;0,0000;0,8327;0,0000;0,0000;0,0000;0,4415;0,71;4,29;0;0,0386;25,93;0;1;1;6;0;0;410;2048;343
184,6944;113,6740;14,00;3,4069;0,3546;0,0000;0,8372;0,0000;0,0000;0,0000;0,4433;0,72;4,12;0;0,0384;26,01;0;1;1;6;0;0;410;2048;333
184,7083;113,9186;14,00;3,2159;0,3574;0,0000;0,8416;0,0000;0,0000;0,0000;0,4468;0,29;3,51;0;0,0379;26,39;0;1;1;6;0;0;410;2048;324
184,7222;113,9186;14,00;3,0553;0,3586;0,0000;0,8461;0,0000;0,0000;0,0000;0,4482;0,40;3,46;0;0,0379;26,39;0;1;1;6;0;0;410;2048;315
184,7361;113,9186;14,00;2,9627;0,3597;0,0000;0,8506;0,0000;0,0000;0,0000;0,4497;0,51;3,47;0;0,0379;26,39;0;1;1;6;0;0;410;2048;306
184,7500;113,9186;14,00;2,8443;0,3610;0,0000;0,8551;0,0000;0,0000;0,0000;0,4512;0,61;3,46;0;0,0379;26,39;0;1;1;6;0;0;410;2048;297
184,7639;113,9518;14,00;2,8382;0,3621;0,0000;0,8596;0,0000;0,0000;0,0000;0,4526;0,65;3,48;0;0,0378;26,44;0;1;1;6;0;0;410;2048;288
184,7778;114,0058;14,00;2,6161;0,3630;0,0000;0,8638;0,0000;0,0000;0,0000;0,4538;0,62;3,24;0;0,0377;26,52;0;1;1;6;0;0;410;2048;279
184,7917;114,0598;14,00;2,4386;0,3640;0,0000;0,8680;0,0000;0,0000;0,0000;0,4550;0,60;3,03;0;0,0376;26,60;0;1;1;6;0;0;410;2048;270
184,8056;114,1138;14,00;2,2672;0,3650;0,0000;0,8719;0,0000;0,0000;0,0000;0,4563;0,56;2,83;0;0,0375;26,69;0;1;1;6;0;0;410;2048;262
184,8194;114,3746;14,00;2,0352;0,3674;0,0000;0,8757;0,0000;0,0000;0,0000;0,4593;0,08;2,11;0;0,0369;27,10;0;1;1;6;0;0;410;2048;255
184,8333;114,3746;14,00;1,8896;0,3680;0,0000;0,8795;0,0000;0,0000;0,0000;0,4601;0,15;2,04;0;0,0369;27,10;0;1;1;6;0;0;410;2048;247
184,8472;114,3746;14,00;1,6404;0,3687;0,0000;0,8832;0,0000;0,0000;0,0000;0,4608;0,21;1,85;0;0,0369;27,10;0;1;1;6;0;0;410;2048;239
184,8611;114,3746;14,00;1,4103;0,3692;0,0000;0,8869;0,0000;0,0000;0,0000;0,4616;0,26;1,67;0;0,0369;27,10;0;1;1;6;0;0;410;2048;232
184,8750;114,3916;14,00;1,0868;0,3697;0,0000;0,8903;0,0000;0,0000;0,0000;0,4621;0,26;1,35;0;0,0369;27,12;0;1;1;6;0;0;410;2048;225
184,8889;114,4456;14,00;0,8437;0,3698;0,0000;0,8935;0,0000;0,0000;0,0000;0,4622;0,18;1,02;0;0,0368;27,21;0;1;1;6;0;0;410;2048;218
184,9028;114,4996;14,00;0,5889;0,3699;0,0000;0,8964;0,0000;0,0000;0,0000;0,4623;0,09;0,67;0;0,0366;27,29;0;1;1;6;0;0;410;2048;212
184,9167;114,5536;14,00;0,3715;0,3699;0,0000;0,8991;0,0000;0,0000;0,0000;0,4624;-0,02;0,36;0;0,0365;27,38;0;1;1;6;0;0;410;2048;207
184,9306;114,8300;14,00;0,1003;0,3713;0,0000;0,9013;0,0000;0,0000;0,0000;0,4641;-0,58;-0,48;0;0,0359;27,82;0;1;1;6;0;0;410;2048;202
184,9444;114,8300;14,00;-0,0757;0,3708;0,0000;0,9034;0,0000;0,0000;0,0000;0,4636;-0,59;-0,66;0;0,0359;27,82;0;1;1;6;0;0;410;2048;198
184,9583;114,8300;14,00;-0,2022;0,3703;0,0000;0,9054;0,0000;0,0000;0,0000;0,4629;-0,59;-0,80;0;0,0359;27,82;0;1;1;6;0;0;410;2048;194
184,9722;114,8300;14,00;-0,2058;0,3698;0,0000;0,9070;0,0000;0,0000;0,0000;0,4623;-0,60;-0,81;0;0,0359;27,82;0;1;1;6;0;0;410;2048;190
184,9861;114,8313;14,00;-0,1009;0,3694;0,0000;0,9083;0,0000;0,0000;0,0000;0,4617;-0,61;-0,71;0;0,0359;27,82;0;1;1;6;0;0;410;2048;188
185,0000;114,8853;14,00;-0,1056;0,3685;0,0000;0,9092;0,0000;0,0000;0,0000;0,4607;-0,72;-0,83;0;0,0358;27,91;0;1;1;6;0;0;410;2048;186
185,0139;114,9393;14,00;0,0146;0,3677;0,0000;0,9098;0,0000;0,0000;0,0000;0,4596;-0,83;-0,82;0;0,0357;28,00;0;1;1;6;0;0;410;2048;185
185,0278;114,9933;14,00;0,1120;0,3669;0,0000;0,9100;0,0000;0,0000;0,0000;0,4587;-0,94;-0,83;0;0,0356;28,08;0;1;1;6;0;0;410;2048;184
185,0417;115,0473;14,00;0,1526;0,3662;0,0000;0,9098;0,0000;0,0000;0,0000;0,4577;-1,04;-0,89;0;0,0355;28,17;0;1;1;6;0;0;410;2048;185
185,0556;115,2858;14,00;0,4086;0,3667;0,0000;0,9093;0,0000;0,0000;0,0000;0,4583;-1,51;-1,10;0;0,0350;28,56;0;1;1;6;0;0;410;2048;186
185,0694;115,2858;14,00;0,5826;0,3657;0,0000;0,9087;0,0000;0,0000;0,0000;0,4571;-1,49;-0,91;0;0,0350;28,56;0;1;1;6;0;0;410;2048;187
185,0833;115,2858;14,00;0,7371;0,3648;0,0000;0,9079;0,0000;0,0000;0,0000;0,4560;-1,46;-0,72;0;0,0350;28,56;0;1;1;6;0;0;410;2048;189
185,0972;115,2858;14,00;1,0967;0,3640;0,0000;0,9070;0,0000;0,0000;0,0000;0,4550;-1,42;-0,32;0;0,0350;28,56;0;1;1;6;0;0;410;2048;191
185,1111;115,3246;14,00;1,3785;0,3631;0,0000;0,9059;0,0000;0,0000;0,0000;0,4538;-1,45;-0,07;0;0,0349;28,63;0;1;1;6;0;0;410;2048;193
185,1250;115,3786;14,00;1,5261;0,3621;0,0000;0,9046;0,0000;0,0000;0,0000;0,4527;-1,50;0,03;0;0,0348;28,71;0;1;1;6;0;0;410;2048;195
185,1389;115,4326;14,10;1,7233;0,3613;0,0000;0,9031;0,0000;0,0000;0,0000;0,4516;-1,54;0,18;0;0,0347;28,80;0;1;1;6;0;0;410;2048;198
185,1528;115,4870;14,10;1,8961;0,3606;0,0000;0,9015;0,0000;0,0000;0,0000;0,4507;-1,58;0,31;0;0,0346;28,89;0;1;1;6;0;0;410;2048;202
185,1667;115,7413;14,10;2,0719;0,3612;0,0000;0,8997;0,0000;0,0000;0,0000;0,4515;-2,01;0,06;0;0,0341;29,32;0;1;1;6;0;0;410;2048;205
185,1806;115,7413;14,10;2,1664;0,3603;0,0000;0,8980;0,0000;0,0000;0,0000;0,4504;-1,93;0,24;0;0,0341;29,32;0;1;1;6;0;0;410;2048;209
185,1944;115,7413;14,10;2,3179;0,3595;0,0000;0,8964;0,0000;0,0000;0,0000;0,4494;-1,85;0,47;0;0,0341;29,32;0;1;1;6;0;0;410;2048;212
185,2083;115,7413;14,10;2,5417;0,3589;0,0000;0,8948;0,0000;0,0000;0,0000;0,4486;-1,75;0,79;0;0,0341;29,32;0;1;1;6;0;0;410;2048;216
185,2222;115,7659;14,10;2,6575;0,3582;0,0000;0,8931;0,0000;0,0000;0,0000;0,4477;-1,70;0,95;0;0,0341;29,36;0;1;1;6;0;0;410;2048;219
185,2361;115,8203;14,10;2,8368;0,3574;0,0000;0,8915;0,0000;0,0000;0,0000;0,4468;-1,70;1,13;0;0,0340;29,45;0;1;1;6;0;0;410;2048;222
185,2500;115,8747;14,10;3,0855;0,3568;0,0000;0,8898;0,0000;0,0000;0,0000;0,4460;-1,70;1,39;0;0,0339;29,54;0;1;1;6;0;0;410;2048;226
185,2639;115,9292;14,10;3,2781;0,3564;0,0000;0,8881;0,0000;0,0000;0,0000;0,4454;-1,68;1,59;0;0,0337;29,63;0;1;1;6;0;0;410;2048;229
185,2778;116,1971;14,10;3,4551;0,3573;0,0000;0,8864;0,0000;0,0000;0,0000;0,4467;-2,07;1,38;0;0,0332;30,09;0;1;1;6;0;0;410;2048;233
185,2917;116,1971;14,10;3,5663;0,3568;0,0000;0,8848;0,0000;0,0000;0,0000;0,4460;-1,94;1,62;0;0,0332;30,09;0;1;1;6;0;0;410;2048;236
185,3056;116,1971;14,10;3,6629;0,3564;0,0000;0,8835;0,0000;0,0000;0,0000;0,4455;-1,81;1,85;0;0,0332;30,09;0;1;1;6;0;0;410;2048;239
185,3194;116,1971;14,10;3,5768;0,3561;0,0000;0,8822;0,0000;0,0000;0,0000;0,4451;-1,68;1,90;0;0,0332;30,09;0;1;1;6;0;0;410;2048;241
185,3333;116,2080;14,10;3,6165;0,3558;0,0000;0,8811;0,0000;0,0000;0,0000;0,4448;-1,57;2,04;0;0,0332;30,10;0;1;1;6;0;0;410;2048;244
185,3472;116,2624;14,10;3,7732;0,3555;0,0000;0,8800;0,0000;0,0000;0,0000;0,4443;-1,53;2,24;0;0,0331;30,20;0;1;1;6;0;0;410;2048;246
185,3611;116,3168;14,10;3,7382;0,3552;0,0000;0,8790;0,0000;0,0000;0,0000;0,4439;-1,50;2,23;0;0,0330;30,29;0;1;1;6;0;0;410;2048;248
185,3750;116,3712;14,10;3,7064;0,3549;0,0000;0,8780;0,0000;0,0000;0,0000;0,4437;-1,47;2,23;0;0,0329;30,38;0;1;1;6;0;0;410;2048;250
185,3889;116,6526;14,10;3,6773;0,3562;0,0000;0,8770;0,0000;0,0000;0,0000;0,4452;-1,87;1,81;0;0,0324;30,87;0;1;1;6;0;0;410;2048;252
185,4028;116,6526;14,10;3,5925;0,3558;0,0000;0,8763;0,0000;0,0000;0,0000;0,4448;-1,74;1,86;0;0,0324;30,87;0;1;1;6;0;0;410;2048;253
185,4167;116,6526;14,10;3,4590;0,3555;0,0000;0,8757;0,0000;0,0000;0,0000;0,4444;-1,61;1,85;0;0,0324;30,87;0;1;1;6;0;0;410;2048;255
185,4306;116,6526;14,10;3,1922;0,3552;0,0000;0,8752;0,0000;0,0000;0,0000;0,4440;-1,50;1,70;0;0,0324;30,87;0;1;1;6;0;0;410;2048;256
185,4444;116,6526;14,10;2,8407;0,3549;0,0000;0,8748;0,0000;0,0000;0,0000;0,4436;-1,39;1,45;0;0,0324;30,87;0;1;1;8;1;0;410;2048;256
185,4583;116,7042;14,10;2,6087;0,3543;0,0000;0,8743;0,0000;0,0000;0,0000;0,4429;-1,39;1,21;0;0,0323;30,95;0;1;1;8;1;0;410;2048;257
185,4722;116,7586;14,10;2,3086;0,3537;0,0000;0,8738;0,0000;0,0000;0,0000;0,4421;-1,41;0,90;0;0,0322;31,05;0;1;1;8;1;0;410;2048;258
185,4861;116,8130;14,10;1,9119;0,3530;0,0000;0,8732;0,0000;0,0000;0,0000;0,4413;-1,44;0,47;0;0,0321;31,14;0;1;1;8;1;0;410;2048;260
185,5000;116,8674;14,10;1,5729;0,3523;0,0000;0,8725;0,0000;0,0000;0,0000;0,4403;-1,48;0,09;0;0,0320;31,23;0;1;1;8;1;0;410;2048;261
185,5139;117,1084;14,10;1,3630;0,3526;0,0000;0,8716;0,0000;0,0000;0,0000;0,4407;-1,88;-0,51;0;0,0316;31,66;0;1;1;8;1;0;410;2048;263
185,5278;117,1084;14,10;1,1812;0,3515;0,0000;0,8707;0,0000;0,0000;0,0000;0,4394;-1,84;-0,65;0;0,0316;31,66;0;1;1;8;1;0;410;2048;265
185,5417;117,1084;14,10;0,9540;0,3504;0,0000;0,8697;0,0000;0,0000;0,0000;0,4380;-1,80;-0,85;0;0,0316;31,66;0;1;1;8;1;0;410;2048;267
185,5556;117,1084;14,10;0,8507;0,3492;0,0000;0,8686;0,0000;0,0000;0,0000;0,4365;-1,77;-0,92;0;0,0316;31,66;0;1;1;8;1;0;410;2048;269
185,5694;117,1456;14,10;0,8762;0,3479;0,0000;0,8672;0,0000;0,0000;0,0000;0,4349;-1,81;-0,93;0;0,0315;31,72;0;1;1;8;1;0;410;2048;272
185,5833;117,2000;14,10;0,9368;0,3466;0,0000;0,8656;0,0000;0,0000;0,0000;0,4332;-1,87;-0,94;0;0,0314;31,82;0;1;1;8;1;0;410;2048;275
185,5972;117,2544;14,10;0,8584;0,3452;0,0000;0,8638;0,0000;0,0000;0,0000;0,4315;-1,94;-1,08;0;0,0313;31,91;0;1;1;8;1;0;410;2048;279
185,6111;117,3087;14,10;0,9309;0,3439;0,0000;0,8617;0,0000;0,0000;0,0000;0,4299;-2,00;-1,07;0;0,0312;32,01;0;1;1;8;1;0;410;2048;283
185,6250;117,5639;14,00;0,9407;0,3438;0,0000;0,8593;0,0000;0,0000;0,0000;0,4298;-2,42;-1,48;0;0,0308;32,46;0;1;1;8;1;0;410;2048;288
185,6389;117,5639;14,00;1,0056;0,3423;0,0000;0,8569;0,0000;0,0000;0,0000;0,4278;-2,38;-1,38;0;0,0308;32,46;0;1;1;8;1;0;410;2048;293
185,6528;117,5639;14,00;1,0575;0,3408;0,0000;0,8544;0,0000;0,0000;0,0000;0,4260;-2,35;-1,29;0;0,0308;32,46;0;1;1;8;1;0;410;2048;298
185,6667;117,5639;14,00;1,1461;0,3394;0,0000;0,8517;0,0000;0,0000;0,0000;0,4242;-2,30;-1,16;0;0,0308;32,46;0;1;1;8;1;0;410;2048;304
185,6806;117,5850;14,00;1,2151;0,3379;0,0000;0,8489;0,0000;0,0000;0,0000;0,4224;-2,30;-1,08;0;0,0308;32,50;0;1;1;8;1;0;410;2048;309
185,6944;117,6390;14,00;1,3356;0,3363;0,0000;0,8459;0,0000;0,0000;0,0000;0,4204;-2,34;-1,01;0;0,0307;32,59;0;1;1;8;1;0;410;2048;316
185,7083;117,6930;14,00;1,5260;0,3348;0,0000;0,8427;0,0000;0,0000;0,0000;0,4185;-2,38;-0,86;0;0,0306;32,69;0;1;1;8;1;0;410;2048;322
185,7222;117,7470;14,00;1,7447;0,3334;0,0000;0,8394;0,0000;0,0000;0,0000;0,4168;-2,41;-0,67;0;0,0305;32,78;0;1;1;8;1;0;410;2048;329
185,7361;118,0198;14,00;1,7604;0,3333;0,0000;0,8359;0,0000;0,0000;0,0000;0,4166;-2,82;-1,06;0;0,0301;33,27;0;1;1;8;1;0;410;2048;336
185,7500;118,0198;14,00;1,7944;0,3317;0,0000;0,8324;0,0000;0,0000;0,0000;0,4146;-2,76;-0,96;0;0,0301;33,27;0;1;1;8;1;0;410;2048;343
185,7639;118,0198;14,00;1,8079;0,3302;0,0000;0,8290;0,0000;0,0000;0,0000;0,4127;-2,69;-0,88;0;0,0301;33,27;0;1;1;8;1;0;410;2048;350
185,7778;118,0198;14,00;1,8556;0,3287;0,0000;0,8256;0,0000;0,0000;0,0000;0,4109;-2,62;-0,77;0;0,0301;33,27;0;1;1;8;1;0;410;2048;357
185,7917;118,0226;14,00;1,9255;0,3273;0,0000;0,8220;0,0000;0,0000;0,0000;0,4091;-2,56;-0,64;0;0,0301;33,28;0;1;1;8;1;0;410;2048;364
185,8056;118,0765;14,00;1,9269;0,3257;0,0000;0,8184;0,0000;0,0000;0,0000;0,4071;-2,58;-0,66;0;0,0300;33,37;0;1;1;8;1;0;410;2048;372
185,8194;118,1305;14,00;1,8925;0,3241;0,0000;0,8147;0,0000;0,0000;0,0000;0,4051;-2,60;-0,71;0;0,0299;33,47;0;1;1;8;1;0;410;2048;379
185,8333;118,1845;14,00;1,8771;0,3226;0,0000;0,8109;0,0000;0,0000;0,0000;0,4032;-2,63;-0,75;0;0,0298;33,56;0;1;1;8;1;0;410;2048;387
185,8472;118,2385;14,00;1,8958;0,3211;0,0000;0,8070;0,0000;0,0000;0,0000;0,4013;-2,65;-0,76;0;0,0297;33,66;0;1;1;8;1;0;410;2048;395
185,8611;118,4752;14,00;1,9240;0,3206;0,0000;0,8029;0,0000;0,0000;0,0000;0,4008;-2,98;-1,06;0;0,0293;34,09;0;1;1;8;1;0;410;2048;404
185,8750;118,4752;14,00;1,9422;0,3190;0,0000;0,7989;0,0000;0,0000;0,0000;0,3987;-2,91;-0,97;0;0,0293;34,09;0;1;1;8;1;0;410;2048;412
185,8889;118,4752;14,00;1,9859;0,3174;0,0000;0,7949;0,0000;0,0000;0,0000;0,3967;-2,84;-0,85;0;0,0293;34,09;0;1;1;8;1;0;410;2048;420
185,9028;118,4752;14,00;2,0544;0,3159;0,0000;0,7909;0,0000;0,0000;0,0000;0,3948;-2,77;-0,71;0;0,0293;34,09;0;1;1;8;1;0;410;2048;428
185,9167;118,5137;14,00;2,1372;0,3142;0,0000;0,7869;0,0000;0,0000;0,0000;0,3928;-2,75;-0,62;0;0,0293;34,16;0;1;1;8;1;0;410;2048;436
185,9306;118,5677;14,00;2,2537;0,3126;0,0000;0,7828;0,0000;0,0000;0,0000;0,3907;-2,76;-0,51;0;0,0292;34,25;0;1;1;8;1;0;410;2048;445
185,9444;118,6217;14,00;2,3960;0,3110;0,0000;0,7785;0,0000;0,0000;0,0000;0,3888;-2,76;-0,37;0;0,0291;34,35;0;1;1;8;1;0;410;2048;454
185,9583;118,6757;14,00;2,5404;0,3096;0,0000;0,7742;0,0000;0,0000;0,0000;0,3870;-2,76;-0,22;0;0,0290;34,45;0;1;1;8;1;0;410;2048;463
185,9722;118,9311;14,00;2,6545;0,3093;0,0000;0,7697;0,0000;0,0000;0,0000;0,3867;-3,09;-0,44;0;0,0286;34,92;0;1;1;8;1;0;410;2048;472
185,9861;118,9311;14,00;2,7866;0,3079;0,0000;0,7654;0,0000;0,0000;0,0000;0,3848;-2,99;-0,20;0;0,0286;34,92;0;1;1;8;1;0;410;2048;480
186,0000;118,9311;14,00;2,8616;0,3065;0,0000;0,7611;0,0000;0,0000;0,0000;0,3831;-2,89;0,00;0;0,0286;34,92;0;1;1;8;1;0;410;2048;489
186,0139;118,9311;14,00;2,8686;0,3052;0,0000;0,7570;0,0000;0,0000;0,0000;0,3814;-2,78;0,09;0;0,0286;34,92;0;1;1;8;1;0;410;2048;498
186,0278;118,9506;14,00;2,9379;0,3038;0,0000;0,7528;0,0000;0,0000;0,0000;0,3798;-2,71;0,23;0;0,0286;34,95;0;1;1;8;1;0;410;2048;506
186,0417;119,0046;14,00;2,9696;0,3025;0,0000;0,7486;0,0000;0,0000;0,0000;0,3781;-2,69;0,28;0;0,0285;35,05;0;1;1;8;1;0;410;2048;515
186,0556;119,0586;14,00;2,9842;0,3011;0,0000;0,7444;0,0000;0,0000;0,0000;0,3764;-2,67;0,32;0;0,0285;35,14;0;1;1;8;1;0;410;2048;523
186,0694;119,1126;14,00;3,0235;0,2999;0,0000;0,7402;0,0000;0,0000;0,0000;0,3749;-2,64;0,38;0;0,0284;35,24;0;1;1;8;1;0;410;2048;532
186,0833;119,3865;14,00;3,0901;0,2999;0,0000;0,7360;0,0000;0,0000;0,0000;0,3749;-2,98;0,11;0;0,0280;35,75;0;1;1;8;1;0;410;2048;541
186,0972;119,3865;14,00;3,1588;0,2986;0,0000;0,7319;0,0000;0,0000;0,0000;0,3733;-2,86;0,30;0;0,0280;35,75;0;1;1;8;1;0;410;2048;549
186,1111;119,3865;14,00;3,2465;0,2975;0,0000;0,7279;0,0000;0,0000;0,0000;0,3718;-2,74;0,50;0;0,0280;35,75;0;1;1;8;1;0;410;2048;557
186,1250;119,3865;14,00;3,3731;0,2964;0,0000;0,7241;0,0000;0,0000;0,0000;0,3705;-2,62;0,75;0;0,0280;35,75;0;1;1;8;1;0;410;2048;565
186,1389;119,3874;14,00;3,5227;0,2955;0,0000;0,7203;0,0000;0,0000;0,0000;0,3693;-2,50;1,02;0;0,0280;35,75;0;1;1;8;1;0;410;2048;573
186,1528;119,4414;14,00;3,6686;0,2944;0,0000;0,7166;0,0000;0,0000;0,0000;0,3680;-2,45;1,22;0;0,0279;35,84;0;1;1;8;1;0;410;2048;580
186,1667;119,4954;14,00;3,8145;0,2935;0,0000;0,7129;0,0000;0,0000;0,0000;0,3669;-2,40;1,41;0;0,0278;35,94;0;1;1;8;1;0;410;2048;588
186,1806;119,5495;14,00;3,9713;0,2927;0,0000;0,7092;0,0000;0,0000;0,0000;0,3659;-2,34;1,63;0;0,0277;36,04;0;1;1;8;1;0;410;2048;595
186,1944;119,6035;14,00;4,1476;0,2921;0,0000;0,7057;0,0000;0,0000;0,0000;0,3652;-2,27;1,87;0;0,0277;36,14;0;1;1;8;1;0;410;2048;603
186,2083;119,8426;14,00;4,3496;0,2926;0,0000;0,7022;0,0000;0,0000;0,0000;0,3658;-2,50;1,85;0;0,0273;36,58;0;1;1;8;1;0;410;2048;610
186,2222;119,8426;14,00;4,5494;0,2921;0,0000;0,6990;0,0000;0,0000;0,0000;0,3651;-2,33;2,22;0;0,0273;36,58;0;1;1;8;1;0;410;2048;616
186,2361;119,8426;14,00;4,7067;0,2918;0,0000;0,6961;0,0000;0,0000;0,0000;0,3647;-2,16;2,55;0;0,0273;36,58;0;1;1;8;1;0;410;2048;622
186,2500;119,8426;14,00;4,8128;0,2916;0,0000;0,6935;0,0000;0,0000;0,0000;0,3645;-1,99;2,83;0;0,0273;36,58;0;1;1;8;1;0;410;2048;628
186,2639;119,8782;14,00;4,8709;0,2914;0,0000;0,6911;0,0000;0,0000;0,0000;0,3642;-1,87;3,00;0;0,0273;36,65;0;1;1;8;1;0;410;2048;633
186,2778;119,9322;14,00;4,8817;0,2912;0,0000;0,6890;0,0000;0,0000;0,0000;0,3640;-1,77;3,11;0;0,0272;36,74;0;1;1;8;1;0;410;2048;637
186,2917;119,9863;14,00;4,8662;0,2912;0,0000;0,6871;0,0000;0,0000;0,0000;0,3640;-1,68;3,18;0;0,0271;36,84;0;1;1;8;1;0;410;2048;641
186,3056;120,0403;14,00;4,8521;0,2913;0,0000;0,6855;0,0000;0,0000;0,0000;0,3641;-1,59;3,26;0;0,0271;36,94;0;1;1;8;1;0;410;2048;644
186,3194;120,2978;14,00;4,8335;0,2925;0,0000;0,6840;0,0000;0,0000;0,0000;0,3656;-1,81;3,02;0;0,0267;37,42;0;1;1;8;1;0;410;2048;647
186,3333;120,2978;14,00;4,8250;0,2926;0,0000;0,6829;0,0000;0,0000;0,0000;0,3657;-1,64;3,19;0;0,0267;37,42;0;1;1;8;1;0;410;2048;649
186,3472;120,2978;14,00;4,8105;0,2928;0,0000;0,6823;0,0000;0,0000;0,0000;0,3660;-1,46;3,35;0;0,0267;37,42;0;1;1;8;1;0;410;2048;651
186,3611;120,2978;14,00;4,7602;0,2931;0,0000;0,6819;0,0000;0,0000;0,0000;0,3664;-1,29;3,47;0;0,0267;37,42;0;1;1;8;1;0;410;2048;652
186,3750;120,3150;14,00;4,6720;0,2934;0,0000;0,6818;0,0000;0,0000;0,0000;0,3668;-1,15;3,52;0;0,0267;37,45;0;1;1;8;1;0;410;2048;652
186,3889;120,3690;14,00;4,5973;0,2937;0,0000;0,6818;0,0000;0,0000;0,0000;0,3671;-1,06;3,53;0;0,0266;37,55;0;1;1;8;1;0;410;2048;652
186,4028;120,4230;14,00;4,4919;0,2941;0,0000;0,6821;0,0000;0,0000;0,0000;0,3676;-0,98;3,51;0;0,0266;37,65;0;1;1;8;1;0;410;2048;651
186,4167;120,4771;14,00;4,4049;0,2945;0,0000;0,6826;0,0000;0,0000;0,0000;0,3682;-0,90;3,50;0;0,0265;37,75;0;1;1;8;1;0;410;2048;650
186,4306;120,7540;14,00;4,3017;0,2962;0,0000;0,6831;0,0000;0,0000;0,0000;0,3702;-1,17;3,13;0;0,0261;38,26;0;1;1;8;1;0;410;2048;649
186,4444;120,7540;14,00;4,2859;0,2965;0,0000;0,6840;0,0000;0,0000;0,0000;0,3707;-1,01;3,27;0;0,0261;38,26;0;1;1;2;0;0;410;2048;647
186,4583;120,7540;14,00;4,2924;0,2971;0,0000;0,6852;0,0000;0,0000;0,0000;0,3713;-0,86;3,44;0;0,0261;38,26;0;1;1;2;0;0;410;2048;645
186,4722;120,7540;14,00;4,2451;0,2977;0,0000;0,6865;0,0000;0,0000;0,0000;0,3721;-0,70;3,54;0;0,0261;38,26;0;1;1;2;0;0;410;2048;642
186,4861;120,7540;14,00;4,2247;0,2984;0,0000;0,6880;0,0000;0,0000;0,0000;0,3731;-0,55;3,67;0;0,0261;38,26;0;1;1;2;0;0;410;2048;639
186,5000;120,8057;14,00;4,2069;0,2991;0,0000;0,6897;0,0000;0,0000;0,0000;0,3738;-0,47;3,73;0;0,0261;38,36;0;1;1;2;0;0;410;2048;636
186,5139;120,8597;14,00;4,1893;0,2998;0,0000;0,6914;0,0000;0,0000;0,0000;0,3747;-0,40;3,79;0;0,0260;38,46;0;1;1;2;0;0;410;2048;632
186,5278;120,9137;14,00;4,1621;0,3005;0,0000;0,6933;0,0000;0,0000;0,0000;0,3757;-0,33;3,83;0;0,0259;38,56;0;1;1;2;0;0;410;2048;628
186,5417;120,9678;14,00;4,1278;0,3015;0,0000;0,6953;0,0000;0,0000;0,0000;0,3768;-0,26;3,86;0;0,0259;38,66;0;1;1;2;0;0;410;2048;624
186,5556;121,2091;14,00;4,0774;0,3033;0,0000;0,6973;0,0000;0,0000;0,0000;0,3792;-0,47;3,60;0;0,0256;39,11;0;1;1;2;0;0;410;2048;620
186,5694;121,2091;14,00;4,0184;0,3042;0,0000;0,6996;0,0000;0,0000;0,0000;0,3802;-0,33;3,69;0;0,0256;39,11;0;1;1;2;0;0;410;2048;615
186,5833;121,2091;14,00;3,9139;0,3051;0,0000;0,7021;0,0000;0,0000;0,0000;0,3814;-0,19;3,73;0;0,0256;39,11;0;1;1;2;0;0;410;2048;610
186,5972;121,2091;14,00;3,8099;0,3061;0,0000;0,7048;0,0000;0,0000;0,0000;0,3826;-0,05;3,76;0;0,0256;39,11;0;1;1;2;0;0;410;2048;605
186,6111;121,2423;14,00;3,6493;0,3070;0,0000;0,7077;0,0000;0,0000;0,0000;0,3837;0,03;3,68;0;0,0255;39,17;0;1;1;2;0;0;410;2048;599
186,6250;121,2963;14,00;3,3624;0,3078;0,0000;0,7106;0,0000;0,0000;0,0000;0,3848;0,08;3,44;0;0,0255;39,26;0;1;1;2;0;0;410;2048;593
186,6389;121,3503;14,00;3,0547;0,3086;0,0000;0,7135;0,0000;0,0000;0,0000;0,3858;0,11;3,16;0;0,0254;39,36;0;1;1;2;0;0;410;2048;587
186,6528;121,4043;14,00;2,7808;0,3095;0,0000;0,7164;0,0000;0,0000;0,0000;0,3868;0,13;2,91;0;0,0253;39,46;0;1;1;2;0;0;410;2048;581
186,6667;121,6654;14,00;2,5016;0,3112;0,0000;0,7194;0,0000;0,0000;0,0000;0,3890;-0,15;2,35;0;0,0250;39,95;0;1;1;2;0;0;410;2048;575
186,6806;121,6654;14,00;2,2393;0,3118;0,0000;0,7224;0,0000;0,0000;0,0000;0,3897;-0,07;2,17;0;0,0250;39,95;0;1;1;2;0;0;410;2048;569
186,6944;121,6654;14,00;1,9828;0,3123;0,0000;0,7254;0,0000;0,0000;0,0000;0,3904;0,00;1,98;0;0,0250;39,95;0;1;1;2;0;0;410;2048;562
186,7083;121,6654;14,00;1,7508;0,3128;0,0000;0,7285;0,0000;0,0000;0,0000;0,3911;0,06;1,81;0;0,0250;39,95;0;1;1;2;0;0;410;2048;556
186,7222;121,6788;14,00;1,5682;0,3133;0,0000;0,7314;0,0000;0,0000;0,0000;0,3916;0,10;1,66;0;0,0250;39,97;0;1;1;2;0;0;410;2048;550
186,7361;121,7328;14,00;1,3974;0,3136;0,0000;0,7342;0,0000;0,0000;0,0000;0,3920;0,07;1,47;0;0,0250;40,07;0;1;1;2;0;0;410;2048;544
186,7500;121,7868;14,00;1,2660;0,3138;0,0000;0,7368;0,0000;0,0000;0,0000;0,3923;0,04;1,30;0;0,0249;40,17;0;1;1;2;0;0;410;2048;539
186,7639;121,8409;14,00;1,1792;0,3141;0,0000;0,7392;0,0000;0,0000;0,0000;0,3926;0,00;1,18;0;0,0248;40,27;0;1;1;2;0;0;410;2048;534
186,7778;122,1205;14,00;1,1623;0,3154;0,0000;0,7414;0,0000;0,0000;0,0000;0,3943;-0,35;0,81;0;0,0245;40,79;0;1;1;2;0;0;410;2048;530
186,7917;122,1205;14,00;1,1654;0,3155;0,0000;0,7435;0,0000;0,0000;0,0000;0,3944;-0,31;0,86;0;0,0245;40,79;0;1;1;2;0;0;410;2048;525
186,8056;122,1205;14,00;1,1777;0,3156;0,0000;0,7455;0,0000;0,0000;0,0000;0,3945;-0,27;0,91;0;0,0245;40,79;0;1;1;2;0;0;410;2048;521
186,8194;122,1205;14,00;1,1748;0,3158;0,0000;0,7474;0,0000;0,0000;0,0000;0,3947;-0,22;0,95;0;0,0245;40,79;0;1;1;2;0;0;410;2048;517
186,8333;122,1205;14,00;1,1627;0,3160;0,0000;0,7491;0,0000;0,0000;0,0000;0,3949;-0,18;0,98;0;0,0245;40,79;0;1;1;2;0;0;410;2048;514
186,8472;122,1694;14,00;1,1667;0,3159;0,0000;0,7507;0,0000;0,0000;0,0000;0,3949;-0,21;0,95;0;0,0245;40,88;0;1;1;2;0;0;410;2048;511
186,8611;122,2234;14,00;1,1714;0,3160;0,0000;0,7521;0,0000;0,0000;0,0000;0,3949;-0,24;0,93;0;0,0244;40,98;0;1;1;2;0;0;410;2048;508
186,8750;122,2774;14,10;1,2021;0,3160;0,0000;0,7533;0,0000;0,0000;0,0000;0,3950;-0,28;0,92;0;0,0243;41,08;0;1;1;2;0;0;410;2048;505
186,8889;122,3318;14,10;1,2653;0,3161;0,0000;0,7543;0,0000;0,0000;0,0000;0,3951;-0,31;0,96;0;0,0243;41,18;0;1;1;2;0;0;410;2048;503
186,9028;122,5769;14,10;1,3230;0,3171;0,0000;0,7552;0,0000;0,0000;0,0000;0,3964;-0,60;0,72;0;0,0240;41,63;0;1;1;2;0;0;410;2048;501
186,9167;122,5769;14,10;1,3759;0,3170;0,0000;0,7561;0,0000;0,0000;0,0000;0,3963;-0,55;0,83;0;0,0240;41,63;0;1;1;2;0;0;410;2048;499
186,9306;122,5769;14,10;1,4111;0,3171;0,0000;0,7570;0,0000;0,0000;0,0000;0,3963;-0,50;0,91;0;0,0240;41,63;0;1;1;2;0;0;410;2048;498
186,9444;122,5769;14,10;1,4562;0,3171;0,0000;0,7578;0,0000;0,0000;0,0000;0,3964;-0,44;1,01;0;0,0240;41,63;0;1;1;2;0;0;410;2048;496
186,9583;122,6081;14,10;1,4968;0,3171;0,0000;0,7586;0,0000;0,0000;0,0000;0,3964;-0,43;1,06;0;0,0240;41,69;0;1;1;2;0;0;410;2048;494
186,9722;122,6625;14,10;1,5413;0,3171;0,0000;0,7593;0,0000;0,0000;0,0000;0,3963;-0,45;1,09;0;0,0239;41,79;0;1;1;2;0;0;410;2048;493
186,9861;122,7169;14,10;1,5631;0,3170;0,0000;0,7598;0,0000;0,0000;0,0000;0,3963;-0,47;1,09;0;0,0239;41,89;0;1;1;2;0;0;410;2048;492
187,0000;122,7713;14,10;1,5664;0,3171;0,0000;0,7603;0,0000;0,0000;0,0000;0,3963;-0,48;1,08;0;0,0238;41,99;0;1;1;2;0;0;410;2048;491
187,0139;123,0318;14,10;1,5685;0,3180;0,0000;0,7607;0,0000;0,0000;0,0000;0,3975;-0,78;0,79;0;0,0235;42,47;0;1;1;2;0;0;410;2048;490
187,0278;123,0318;14,10;1,5600;0,3179;0,0000;0,7612;0,0000;0,0000;0,0000;0,3974;-0,72;0,83;0;0,0235;42,47;0;1;1;2;0;0;410;2048;489
187,0417;123,0318;14,10;1,5374;0,3178;0,0000;0,7617;0,0000;0,0000;0,0000;0,3973;-0,67;0,87;0;0,0235;42,47;0;1;1;2;0;0;410;2048;488
187,0556;123,0318;14,10;1,5080;0,3178;0,0000;0,7621;0,0000;0,0000;0,0000;0,3972;-0,61;0,89;0;0,0235;42,47;0;1;1;2;0;0;410;2048;487
187,0694;123,0476;14,10;1,4621;0,3177;0,0000;0,7626;0,0000;0,0000;0,0000;0,3971;-0,58;0,88;0;0,0235;42,50;0;1;1;2;0;0;410;2048;486
187,0833;123,1020;14,10;1,3893;0,3175;0,0000;0,7629;0,0000;0,0000;0,0000;0,3968;-0,60;0,78;0;0,0235;42,59;0;1;1;2;0;0;410;2048;486
187,0972;123,1564;14,10;1,3269;0,3173;0,0000;0,7632;0,0000;0,0000;0,0000;0,3966;-0,63;0,70;0;0,0234;42,69;0;1;1;2;0;0;410;2048;485
187,1111;123,2108;14,10;1,2951;0,3171;0,0000;0,7634;0,0000;0,0000;0,0000;0,3963;-0,65;0,64;0;0,0234;42,79;0;1;1;2;0;0;410;2048;485
187,1250;123,4882;14,10;1,2733;0,3178;0,0000;0,7634;0,0000;0,0000;0,0000;0,3973;-0,98;0,30;0;0,0231;43,30;0;1;1;2;0;0;410;2048;484
187,1389;123,4882;14,10;1,2531;0,3174;0,0000;0,7635;0,0000;0,0000;0,0000;0,3968;-0,93;0,32;0;0,0231;43,30;0;1;1;2;0;0;410;2048;484
187,1528;123,4882;14,10;1,2435;0,3171;0,0000;0,7636;0,0000;0,0000;0,0000;0,3964;-0,88;0,36;0;0,0231;43,30;0;1;1;2;0;0;410;2048;484
187,1667;123,4882;14,10;1,2369;0,3168;0,0000;0,7636;0,0000;0,0000;0,0000;0,3960;-0,84;0,40;0;0,0231;43,30;0;1;1;2;0;0;410;2048;484
187,1806;123,4882;14,10;1,2355;0,3166;0,0000;0,7635;0,0000;0,0000;0,0000;0,3957;-0,79;0,44;0;0,0231;43,30;0;1;1;2;0;0;410;2048;484
187,1944;123,5414;14,10;1,2462;0,3161;0,0000;0,7634;0,0000;0,0000;0,0000;0,3952;-0,82;0,43;0;0,0230;43,40;0;1;1;2;0;0;410;2048;485
187,2083;123,5958;14,10;1,2536;0,3157;0,0000;0,7631;0,0000;0,0000;0,0000;0,3947;-0,84;0,41;0;0,0230;43,49;0;1;1;2;0;0;410;2048;485
187,2222;123,6502;14,10;1,2673;0,3153;0,0000;0,7627;0,0000;0,0000;0,0000;0,3942;-0,87;0,40;0;0,0229;43,59;0;1;1;2;0;0;410;2048;486
187,2361;123,7046;14,10;1,2811;0,3150;0,0000;0,7622;0,0000;0,0000;0,0000;0,3938;-0,89;0,39;0;0,0229;43,69;0;1;1;2;0;0;410;2048;487
187,2500;123,9432;14,10;1,2974;0,3155;0,0000;0,7615;0,0000;0,0000;0,0000;0,3944;-1,16;0,14;0;0,0227;44,12;0;1;1;2;0;0;410;2048;488
187,2639;123,9432;14,10;1,3145;0,3150;0,0000;0,7609;0,0000;0,0000;0,0000;0,3938;-1,11;0,20;0;0,0227;44,12;0;1;1;2;0;0;410;2048;490
187,2778;123,9432;14,10;1,3334;0,3146;0,0000;0,7603;0,0000;0,0000;0,0000;0,3932;-1,06;0,27;0;0,0227;44,12;0;1;1;2;0;0;410;2048;491
187,2917;123,9432;14,10;1,3520;0,3142;0,0000;0,7597;0,0000;0,0000;0,0000;0,3927;-1,01;0,34;0;0,0227;44,12;0;1;1;2;0;0;410;2048;492
187,3056;123,9806;14,10;1,3716;0,3137;0,0000;0,7590;0,0000;0,0000;0,0000;0,3921;-1,01;0,36;0;0,0226;44,19;0;1;1;2;0;0;410;2048;494
187,3194;124,0350;14,10;1,3824;0,3131;0,0000;0,7583;0,0000;0,0000;0,0000;0,3914;-1,03;0,35;0;0,0226;44,29;0;1;1;2;0;0;410;2048;495
187,3333;124,0894;14,10;1,3935;0,3127;0,0000;0,7574;0,0000;0,0000;0,0000;0,3908;-1,05;0,34;0;0,0225;44,38;0;1;1;2;0;0;410;2048;497
187,3472;124,1438;14,10;1,3972;0,3122;0,0000;0,7565;0,0000;0,0000;0,0000;0,3903;-1,07;0,33;0;0,0225;44,48;0;1;1;2;0;0;410;2048;499
187,3611;124,3994;14,10;1,3907;0,3126;0,0000;0,7554;0,0000;0,0000;0,0000;0,3908;-1,35;0,04;0;0,0222;44,94;0;1;1;2;0;0;410;2048;501
187,3750;124,3994;14,10;1,3867;0,3120;0,0000;0,7544;0,0000;0,0000;0,0000;0,3900;-1,29;0,09;0;0,0222;44,94;0;1;1;2;0;0;410;2048;503
187,3889;124,3994;14,10;1,3769;0,3115;0,0000;0,7534;0,0000;0,0000;0,0000;0,3893;-1,24;0,13;0;0,0222;44,94;0;1;1;2;0;0;410;2048;505
187,4028;124,3994;14,10;1,3434;0,3109;0,0000;0,7524;0,0000;0,0000;0,0000;0,3887;-1,20;0,15;0;0,0222;44,94;0;1;1;2;0;0;410;2048;507
187,4167;124,4197;14,10;1,2974;0,3103;0,0000;0,7514;0,0000;0,0000;0,0000;0,3879;-1,17;0,12;0;0,0222;44,98;0;1;1;2;0;0;410;2048;509
187,4306;124,4741;14,10;1,2292;0,3096;0,0000;0,7503;0,0000;0,0000;0,0000;0,3870;-1,20;0,03;0;0,0222;45,08;0;1;1;2;0;0;410;2048;511
187,4444;124,5285;14,10;1,1611;0,3089;0,0000;0,7490;0,0000;0,0000;0,0000;0,3862;-1,22;-0,06;0;0,0221;45,17;0;1;1;1;0;0;410;2048;514
187,4583;124,5829;14,10;1,1184;0,3083;0,0000;0,7477;0,0000;0,0000;0,0000;0,3853;-1,25;-0,13;0;0,0221;45,27;0;1;1;1;0;0;410;2048;517
187,4722;124,8546;14,10;1,0509;0,3085;0,0000;0,7462;0,0000;0,0000;0,0000;0,3856;-1,55;-0,50;0;0,0219;45,75;0;1;1;1;0;0;410;2048;520
187,4861;124,8546;14,10;0,9387;0,3076;0,0000;0,7447;0,0000;0,0000;0,0000;0,3845;-1,52;-0,58;0;0,0219;45,75;0;1;1;1;0;0;410;2048;523
187,5000;124,8546;14,10;0,8041;0,3067;0,0000;0,7433;0,0000;0,0000;0,0000;0,3833;-1,49;-0,69;0;0,0219;45,75;0;1;1;1;0;0;410;2048;526
187,5139;124,8546;14,10;0,7050;0,3058;0,0000;0,7417;0,0000;0,0000;0,0000;0,3822;-1,47;-0,76;0;0,0219;45,75;0;1;1;1;0;0;410;2048;529
187,5278;124,8587;14,10;0,5457;0,3048;0,0000;0,7400;0,0000;0,0000;0,0000;0,3810;-1,45;-0,91;0;0,0219;45,76;0;1;1;1;0;0;410;2048;532
187,5417;124,9130;14,10;0,4035;0,3036;0,0000;0,7382;0,0000;0,0000;0,0000;0,3795;-1,50;-1,10;0;0,0218;45,86;0;1;1;1;0;0;410;2048;536
187,5556;124,9674;14,10;0,2314;0,3024;0,0000;0,7361;0,0000;0,0000;0,0000;0,3780;-1,56;-1,33;0;0,0218;45,95;0;1;1;1;0;0;410;2048;540
187,5694;125,0218;14,10;0,1243;0,3012;0,0000;0,7339;0,0000;0,0000;0,0000;0,3764;-1,62;-1,50;0;0,0217;46,05;0;1;1;1;0;0;410;2048;545
187,5833;125,0762;14,10;0,0514;0,2999;0,0000;0,7314;0,0000;0,0000;0,0000;0,3749;-1,69;-1,64;0;0,0217;46,14;0;1;1;1;0;0;410;2048;550
187,5972;125,3105;14,10;0,0132;0,2993;0,0000;0,7287;0,0000;0,0000;0,0000;0,3742;-1,98;-1,97;0;0,0215;46,56;0;1;1;1;0;0;410;2048;556
187,6111;125,3105;14,10;0,0096;0,2978;0,0000;0,7258;0,0000;0,0000;0,0000;0,3723;-1,98;-1,97;0;0,0215;46,56;0;1;1;1;0;0;410;2048;562
187,6250;125,3105;14,10;0,0124;0,2963;0,0000;0,7228;0,0000;0,0000;0,0000;0,3704;-1,98;-1,97;0;0,0215;46,56;0;1;1;1;0;0;410;2048;568
187,6389;125,3105;14,10;0,0050;0,2949;0,0000;0,7196;0,0000;0,0000;0,0000;0,3686;-1,98;-1,97;0;0,0215;46,56;0;1;1;1;0;0;410;2048;574
187,6528;125,3516;14,10;-0,0043;0,2932;0,0000;0,7162;0,0000;0,0000;0,0000;0,3665;-2,03;-2,04;0;0,0214;46,63;0;1;1;1;0;0;410;2048;581
187,6667;125,4060;14,10;-0,0074;0,2915;0,0000;0,7125;0,0000;0,0000;0,0000;0,3644;-2,10;-2,10;0;0,0214;46,72;0;1;1;1;0;0;410;2048;589
187,6806;125,4604;14,10;0,0006;0,2898;0,0000;0,7085;0,0000;0,0000;0,0000;0,3623;-2,16;-2,16;0;0,0214;46,81;0;1;1;1;0;0;410;2048;597
187,6944;125,5147;14,10;0,0275;0,2881;0,0000;0,7043;0,0000;0,0000;0,0000;0,3602;-2,23;-2,20;0;0,0213;46,91;0;1;1;1;0;0;410;2048;606
187,7083;125,7660;14,10;0,0886;0,2872;0,0000;0,6998;0,0000;0,0000;0,0000;0,3590;-2,53;-2,44;0;0,0211;47,35;0;1;1;1;0;0;410;2048;615
187,7222;125,7660;14,10;0,1603;0,2854;0,0000;0,6951;0,0000;0,0000;0,0000;0,3567;-2,52;-2,36;0;0,0211;47,35;0;1;1;1;0;0;410;2048;624
187,7361;125,7660;14,10;0,2498;0,2835;0,0000;0,6903;0,0000;0,0000;0,0000;0,3544;-2,51;-2,26;0;0,0211;47,35;0;1;1;1;0;0;410;2048;634
187,7500;125,7660;14,10;0,3222;0,2818;0,0000;0,6853;0,0000;0,0000;0,0000;0,3522;-2,50;-2,18;0;0,0211;47,35;0;1;1;1;0;0;410;2048;644
187,7639;125,7899;14,10;0,3939;0,2799;0,0000;0,6801;0,0000;0,0000;0,0000;0,3499;-2,51;-2,12;0;0,0211;47,39;0;1;1;1;0;0;410;2048;655
187,7778;125,8442;14,10;0,5053;0,2780;0,0000;0,6747;0,0000;0,0000;0,0000;0,3474;-2,56;-2,06;0;0,0211;47,48;0;1;1;1;0;0;410;2048;666
187,7917;125,8986;14,10;0,6488;0,2761;0,0000;0,6690;0,0000;0,0000;0,0000;0,3451;-2,60;-1,96;0;0,0210;47,57;0;1;1;1;0;0;410;2048;678
187,8056;125,9529;14,10;0,7630;0,2742;0,0000;0,6630;0,0000;0,0000;0,0000;0,3428;-2,64;-1,88;0;0,0210;47,66;0;1;1;1;0;0;410;2048;690
187,8194;126,2217;14,10;0,8420;0,2733;0,0000;0,6569;0,0000;0,0000;0,0000;0,3416;-2,93;-2,09;0;0,0208;48,13;0;1;1;1;0;0;410;2048;703
187,8333;126,2217;14,10;0,9344;0,2713;0,0000;0,6506;0,0000;0,0000;0,0000;0,3392;-2,90;-1,96;0;0,0208;48,13;0;1;1;1;0;0;410;2048;716
187,8472;126,2217;14,10;0,9974;0,2695;0,0000;0,6443;0,0000;0,0000;0,0000;0,3368;-2,86;-1,86;0;0,0208;48,13;0;1;1;1;0;0;410;2048;728
187,8611;126,2217;14,20;1,0806;0,2676;0,0000;0,6379;0,0000;0,0000;0,0000;0,3345;-2,82;-1,74;0;0,0208;48,13;0;1;1;1;0;0;410;2048;742
187,8750;126,2282;14,20;1,1588;0,2658;0,0000;0,6312;0,0000;0,0000;0,0000;0,3323;-2,79;-1,63;0;0,0208;48,14;0;1;1;1;0;0;410;2048;755
187,8889;126,2830;14,20;1,2393;0,2639;0,0000;0,6242;0,0000;0,0000;0,0000;0,3298;-2,80;-1,57;0;0,0207;48,23;0;1;1;1;0;0;410;2048;770
187,9028;126,3377;14,20;1,2985;0,2620;0,0000;0,6170;0,0000;0,0000;0,0000;0,3275;-2,82;-1,52;0;0,0207;48,32;0;1;1;1;0;0;410;2048;784
187,9167;126,3925;14,20;1,3645;0,2601;0,0000;0,6095;0,0000;0,0000;0,0000;0,3252;-2,84;-1,47;0;0,0207;48,41;0;1;1;1;0;0;410;2048;800
187,9306;126,4472;14,20;1,4051;0,2584;0,0000;0,6016;0,0000;0,0000;0,0000;0,3229;-2,85;-1,44;0;0,0206;48,50;0;1;1;1;0;0;410;2048;816
187,9444;126,6774;14,20;1,4609;0,2573;0,0000;0,5934;0,0000;0,0000;0,0000;0,3216;-3,07;-1,60;0;0,0205;48,89;0;1;1;1;0;0;410;2048;833
187,9583;126,6774;14,20;1,5081;0,2554;0,0000;0,5850;0,0000;0,0000;0,0000;0,3193;-3,01;-1,50;0;0,0205;48,89;0;1;1;1;0;0;410;2048;850
187,9722;126,6774;14,20;1,5593;0,2536;0,0000;0,5765;0,0000;0,0000;0,0000;0,3170;-2,95;-1,39;0;0,0205;48,89;0;1;1;1;0;0;410;2048;867
187,9861;126,6774;14,20;1,6364;0,2518;0,0000;0,5678;0,0000;0,0000;0,0000;0,3148;-2,89;-1,26;0;0,0205;48,89;0;1;1;1;0;0;410;2048;885
188,0000;126,7239;14,20;1,6990;0,2500;0,0000;0,5590;0,0000;0,0000;0,0000;0,3125;-2,88;-1,19;0;0,0204;48,97;0;1;1;1;0;0;410;2048;903
188,0139;126,7786;14,20;1,7812;0,2482;0,0000;0,5499;0,0000;0,0000;0,0000;0,3102;-2,88;-1,10;0;0,0204;49,06;0;1;1;1;0;0;410;2048;922
188,0278;126,8333;14,20;1,8878;0,2464;0,0000;0,5405;0,0000;0,0000;0,0000;0,3080;-2,88;-0,99;0;0,0203;49,15;0;1;1;1;0;0;410;2048;941
188,0417;126,8881;14,20;2,0093;0,2448;0,0000;0,5310;0,0000;0,0000;0,0000;0,3060;-2,87;-0,86;0;0,0203;49,24;0;1;1;1;0;0;410;2048;961
188,0556;127,1330;14,20;2,1371;0,2439;0,0000;0,5213;0,0000;0,0000;0,0000;0,3049;-3,07;-0,93;0;0,0201;49,64;0;1;1;1;0;0;410;2048;980
188,0694;127,1330;14,20;2,2922;0,2423;0,0000;0,5116;0,0000;0,0000;0,0000;0,3029;-2,99;-0,69;0;0,0201;49,64;0;1;1;1;0;0;410;2048;1000
188,0833;127,1330;14,20;2,4451;0,2408;0,0000;0,5021;0,0000;0,0000;0,0000;0,3010;-2,90;-0,45;0;0,0201;49,64;0;1;1;1;0;0;410;2048;1020
188,0972;127,1330;14,20;2,6006;0,2393;0,0000;0,4928;0,0000;0,0000;0,0000;0,2992;-2,80;-0,20;0;0,0201;49,64;0;1;1;1;0;0;410;2048;1039
188,1111;127,1647;14,20;2,6935;0,2379;0,0000;0,4835;0,0000;0,0000;0,0000;0,2974;-2,74;-0,04;0;0,0201;49,69;0;1;1;1;0;0;410;2048;1058
188,1250;127,2194;14,50;2,8282;0,2365;0,0000;0,4743;0,0000;0,0000;0,0000;0,2956;-2,70;0,13;0;0,0201;49,78;0;1;1;1;0;0;410;2048;1077
188,1389;127,2753;14,50;2,8922;0,2352;0,0000;0,4653;0,0000;0,0000;0,0000;0,2939;-2,66;0,23;0;0,0201;49,87;0;1;1;1;0;0;410;2048;1095
188,1528;127,3313;14,50;3,0199;0,2339;0,0000;0,4564;0,0000;0,0000;0,0000;0,2924;-2,61;0,41;0;0,0200;49,96;0;1;1;1;0;0;410;2048;1113
188,1667;127,5889;14,50;3,1303;0,2336;0,0000;0,4478;0,0000;0,0000;0,0000;0,2920;-2,79;0,34;0;0,0198;50,38;0;1;1;1;0;0;410;2048;1131
188,1806;127,5889;14,50;3,2418;0,2324;0,0000;0,4395;0,0000;0,0000;0,0000;0,2905;-2,66;0,58;0;0,0198;50,38;0;1;1;1;0;0;410;2048;1148
188,1944;127,5889;14,50;3,2930;0,2313;0,0000;0,4316;0,0000;0,0000;0,0000;0,2892;-2,54;0,75;0;0,0198;50,38;0;1;1;1;0;0;410;2048;1164
188,2083;127,5889;14,50;3,3633;0,2304;0,0000;0,4242;0,0000;0,0000;0,0000;0,2880;-2,42;0,95;0;0,0198;50,38;0;1;1;1;0;0;410;2048;1179
188,2222;127,6136;14,50;3,4066;0,2295;0,0000;0,4170;0,0000;0,0000;0,0000;0,2868;-2,32;1,09;0;0,0198;50,42;0;1;1;1;0;0;410;2048;1194
188,2361;127,6695;14,50;3,4457;0,2285;0,0000;0,4102;0,0000;0,0000;0,0000;0,2856;-2,25;1,19;0;0,0198;50,50;0;1;1;1;0;0;410;2048;1208
188,2500;127,7255;14,50;3,4535;0,2277;0,0000;0,4038;0,0000;0,0000;0,0000;0,2846;-2,19;1,27;0;0,0198;50,59;0;1;1;1;0;0;410;2048;1221
188,2639;127,7814;14,50;3,4690;0,2270;0,0000;0,3976;0,0000;0,0000;0,0000;0,2837;-2,12;1,35;0;0,0197;50,68;0;1;1;1;0;0;410;2048;1234
188,2778;128,0443;14,50;3,4622;0,2271;0,0000;0,3917;0,0000;0,0000;0,0000;0,2839;-2,29;1,17;0;0,0196;51,10;0;1;1;1;0;0;410;2048;1246
188,2917;128,0443;14,50;3,4516;0,2263;0,0000;0,3863;0,0000;0,0000;0,0000;0,2829;-2,16;1,29;0;0,0196;51,10;0;1;1;1;0;0;410;2048;1257
188,3056;128,0443;14,50;3,4280;0,2257;0,0000;0,3814;0,0000;0,0000;0,0000;0,2821;-2,03;1,40;0;0,0196;51,10;0;1;1;1;0;0;410;2048;1267
188,3194;128,0443;14,50;3,3944;0,2252;0,0000;0,3769;0,0000;0,0000;0,0000;0,2814;-1,90;1,49;0;0,0196;51,10;0;1;1;1;0;0;410;2048;1276
188,3333;128,0637;14,50;3,3236;0,2246;0,0000;0,3726;0,0000;0,0000;0,0000;0,2808;-1,80;1,52;0;0,0196;51,13;0;1;1;1;0;0;410;2048;1285
188,3472;128,1196;14,50;3,2436;0,2240;0,0000;0,3687;0,0000;0,0000;0,0000;0,2800;-1,74;1,50;0;0,0195;51,21;0;1;1;1;0;0;410;2048;1293
188,3611;128,1756;14,50;3,1388;0,2235;0,0000;0,3650;0,0000;0,0000;0,0000;0,2793;-1,68;1,45;0;0,0195;51,30;0;1;1;1;0;0;410;2048;1300
188,3750;128,2316;14,50;3,0607;0,2230;0,0000;0,3615;0,0000;0,0000;0,0000;0,2787;-1,63;1,43;0;0,0195;51,38;0;1;1;1;0;0;410;2048;1308
188,3889;128,5004;14,50;2,9488;0,2233;0,0000;0,3582;0,0000;0,0000;0,0000;0,2792;-1,82;1,13;0;0,0193;51,80;0;1;1;1;0;0;410;2048;1314
188,4028;128,5004;14,50;2,9264;0,2228;0,0000;0,3552;0,0000;0,0000;0,0000;0,2785;-1,71;1,22;0;0,0193;51,80;0;1;1;1;0;0;410;2048;1320
188,4167;128,5004;14,50;2,7616;0,2223;0,0000;0,3526;0,0000;0,0000;0,0000;0,2779;-1,61;1,15;0;0,0193;51,80;0;1;1;1;0;0;410;2048;1326
188,4306;128,5004;14,50;2,7286;0,2219;0,0000;0,3501;0,0000;0,0000;0,0000;0,2773;-1,51;1,22;0;0,0193;51,80;0;1;1;1;0;0;410;2048;1331
188,4444;128,5137;14,50;2,6732;0,2215;0,0000;0,3478;0,0000;0,0000;0,0000;0,2768;-1,42;1,25;0;0,0193;51,82;0;1;1;1;0;0;410;2048;1336
188,4583;128,5697;14,50;2,6274;0,2210;0,0000;0,3456;0,0000;0,0000;0,0000;0,2762;-1,38;1,24;0;0,0193;51,90;0;1;1;3;0;0;410;2048;1340
188,4722;128,6256;14,50;2,5873;0,2205;0,0000;0,3435;0,0000;0,0000;0,0000;0,2757;-1,35;1,24;0;0,0192;51,99;0;1;1;3;0;0;410;2048;1345
188,4861;128,6816;14,50;2,5333;0,2202;0,0000;0,3414;0,0000;0,0000;0,0000;0,2752;-1,31;1,22;0;0,0192;52,07;0;1;1;3;0;0;410;2048;1349
188,5000;128,9556;14,50;2,5144;0,2206;0,0000;0,3395;0,0000;0,0000;0,0000;0,2758;-1,52;0,99;0;0,0191;52,48;0;1;1;3;0;0;410;2048;1353
188,5139;128,9556;14,50;2,5022;0,2202;0,0000;0,3377;0,0000;0,0000;0,0000;0,2752;-1,43;1,08;0;0,0191;52,48;0;1;1;3;0;0;410;2048;1356
188,5278;128,9556;14,50;2,4920;0,2198;0,0000;0,3361;0,0000;0,0000;0,0000;0,2748;-1,33;1,16;0;0,0191;52,48;0;1;1;3;0;0;410;2048;1360
188,5417;128,9556;14,50;2,4967;0,2195;0,0000;0,3346;0,0000;0,0000;0,0000;0,2744;-1,24;1,26;0;0,0191;52,48;0;1;1;3;0;0;410;2048;1363
188,5556;128,9637;14,50;2,5232;0,2193;0,0000;0,3332;0,0000;0,0000;0,0000;0,2741;-1,16;1,36;0;0,0190;52,49;0;1;1;3;0;0;410;2048;1366
188,5694;129,0196;14,50;2,5765;0,2189;0,0000;0,3318;0,0000;0,0000;0,0000;0,2737;-1,12;1,45;0;0,0190;52,57;0;1;1;3;0;0;410;2048;1368
188,5833;129,0756;14,50;2,6435;0,2187;0,0000;0,3306;0,0000;0,0000;0,0000;0,2734;-1,08;1,56;0;0,0190;52,65;0;1;1;3;0;0;410;2048;1371
188,5972;129,1315;14,50;2,7218;0,2186;0,0000;0,3293;0,0000;0,0000;0,0000;0,2732;-1,04;1,68;0;0,0190;52,74;0;1;1;3;0;0;410;2048;1374
188,6111;129,4117;14,50;2,8195;0,2193;0,0000;0,3282;0,0000;0,0000;0,0000;0,2742;-1,24;1,58;0;0,0188;53,15;0;1;1;3;0;0;410;2048;1376
188,6250;129,4117;14,50;2,9028;0,2192;0,0000;0,3272;0,0000;0,0000;0,0000;0,2740;-1,14;1,77;0;0,0188;53,15;0;1;1;3;0;0;410;2048;1378
188,6389;129,4117;14,50;2,9760;0,2192;0,0000;0,3264;0,0000;0,0000;0,0000;0,2740;-1,03;1,95;0;0,0188;53,15;0;1;1;3;0;0;410;2048;1380
188,6528;129,4117;14,50;3,0496;0,2194;0,0000;0,3258;0,0000;0,0000;0,0000;0,2742;-0,91;2,14;0;0,0188;53,15;0;1;1;3;0;0;410;2048;1381
188,6667;129,4136;14,50;3,1295;0,2196;0,0000;0,3253;0,0000;0,0000;0,0000;0,2745;-0,80;2,33;0;0,0188;53,15;0;1;1;3;0;0;410;2048;1382
188,6806;129,4696;14,50;3,2019;0,2197;0,0000;0,3250;0,0000;0,0000;0,0000;0,2747;-0,74;2,46;0;0,0188;53,23;0;1;1;3;0;0;410;2048;1382
188,6944;129,5255;14,50;3,2334;0,2200;0,0000;0,3249;0,0000;0,0000;0,0000;0,2750;-0,68;2,55;0;0,0188;53,30;0;1;1;3;0;0;410;2048;1383
188,7083;129,5815;14,50;3,2495;0,2203;0,0000;0,3248;0,0000;0,0000;0,0000;0,2754;-0,62;2,63;0;0,0187;53,38;0;1;1;3;0;0;410;2048;1383
188,7222;129,6374;14,50;3,2677;0,2208;0,0000;0,3250;0,0000;0,0000;0,0000;0,2760;-0,56;2,71;0;0,0187;53,46;0;1;1;3;0;0;410;2048;1382
188,7361;129,8670;14,50;3,2786;0,2219;0,0000;0,3253;0,0000;0,0000;0,0000;0,2774;-0,68;2,60;0;0,0186;53,79;0;1;1;3;0;0;410;2048;1382
188,7500;129,8670;14,50;3,2893;0,2224;0,0000;0,3258;0,0000;0,0000;0,0000;0,2780;-0,56;2,73;0;0,0186;53,79;0;1;1;3;0;0;410;2048;1381
188,7639;129,8670;14,50;3,2954;0,2229;0,0000;0,3267;0,0000;0,0000;0,0000;0,2786;-0,44;2,86;0;0,0186;53,79;0;1;1;3;0;0;410;2048;1379
188,7778;129,8670;14,50;3,2936;0,2236;0,0000;0,3278;0,0000;0,0000;0,0000;0,2795;-0,31;2,98;0;0,0186;53,79;0;1;1;3;0;0;410;2048;1377
188,7917;129,9195;14,50;3,2848;0,2241;0,0000;0,3292;0,0000;0,0000;0,0000;0,2802;-0,25;3,04;0;0,0186;53,86;0;1;1;3;0;0;410;2048;1374
188,8056;129,9754;14,50;3,2659;0,2248;0,0000;0,3307;0,0000;0,0000;0,0000;0,2810;-0,19;3,08;0;0,0185;53,93;0;1;1;3;0;0;410;2048;1371
188,8194;130,0314;14,50;3,2388;0,2256;0,0000;0,3325;0,0000;0,0000;0,0000;0,2819;-0,12;3,11;0;0,0185;54,01;0;1;1;3;0;0;410;2048;1367
188,8333;130,0873;14,50;3,2044;0,2264;0,0000;0,3344;0,0000;0,0000;0,0000;0,2830;-0,06;3,14;0;0,0185;54,08;0;1;1;3;0;0;410;2048;1363
188,8472;130,3229;14,50;3,1413;0,2279;0,0000;0,3366;0,0000;0,0000;0,0000;0,2848;-0,20;2,94;0;0,0184;54,40;0;1;1;3;0;0;410;2048;1359
188,8611;130,3229;14,50;3,0667;0,2287;0,0000;0,3391;0,0000;0,0000;0,0000;0,2858;-0,08;2,98;0;0,0184;54,40;0;1;1;3;0;0;410;2048;1354
188,8750;130,3229;14,50;2,9980;0,2295;0,0000;0,3419;0,0000;0,0000;0,0000;0,2869;0,03;3,03;0;0,0184;54,40;0;1;1;3;0;0;410;2048;1348
188,8889;130,3229;14,50;2,9322;0,2304;0,0000;0,3450;0,0000;0,0000;0,0000;0,2880;0,14;3,07;0;0,0184;54,40;0;1;1;3;0;0;410;2048;1341
188,9028;130,3695;14,50;2,8384;0,2312;0,0000;0,3484;0,0000;0,0000;0,0000;0,2890;0,19;3,03;0;0,0184;54,46;0;1;1;3;0;0;410;2048;1335
188,9167;130,4254;14,50;2,7438;0,2320;0,0000;0,3519;0,0000;0,0000;0,0000;0,2900;0,24;2,98;0;0,0183;54,54;0;1;1;3;0;0;410;2048;1327
188,9306;130,4813;14,50;2,6390;0,2329;0,0000;0,3556;0,0000;0,0000;0,0000;0,2911;0,28;2,91;0;0,0183;54,61;0;1;1;3;0;0;410;2048;1320
188,9444;130,5373;14,50;2,5318;0,2338;0,0000;0,3594;0,0000;0,0000;0,0000;0,2923;0,31;2,84;0;0,0183;54,68;0;1;1;3;0;0;410;2048;1312
188,9583;130,7784;14,50;2,4420;0,2354;0,0000;0,3634;0,0000;0,0000;0,0000;0,2942;0,15;2,59;0;0,0182;55,00;0;1;1;3;0;0;410;2048;1304
188,9722;130,7784;14,50;2,3237;0,2362;0,0000;0,3676;0,0000;0,0000;0,0000;0,2952;0,24;2,56;0;0,0182;55,00;0;1;1;3;0;0;410;2048;1295
188,9861;130,7784;14,50;2,1648;0,2370;0,0000;0,3721;0,0000;0,0000;0,0000;0,2963;0,32;2,48;0;0,0182;55,00;0;1;1;3;0;0;410;2048;1286
189,0000;130,7784;14,50;2,0172;0,2379;0,0000;0,3767;0,0000;0,0000;0,0000;0,2973;0,39;2,41;0;0,0182;55,00;0;1;1;3;0;0;410;2048;1276
189,0139;130,8194;14,50;1,8112;0,2386;0,0000;0,3815;0,0000;0,0000;0,0000;0,2982;0,41;2,22;0;0,0182;55,05;0;1;1;3;0;0;410;2048;1267
189,0278;130,8753;14,50;1,6450;0,2392;0,0000;0,3862;0,0000;0,0000;0,0000;0,2990;0,42;2,06;0;0,0181;55,12;0;1;1;3;0;0;410;2048;1257
189,0417;130,9313;14,50;1,5638;0,2399;0,0000;0,3910;0,0000;0,0000;0,0000;0,2999;0,42;1,98;0;0,0181;55,19;0;1;1;3;0;0;410;2048;1247
189,0556;130,9872;14,50;1,4898;0,2406;0,0000;0,3957;0,0000;0,0000;0,0000;0,3008;0,41;1,90;0;0,0181;55,26;0;1;1;3;0;0;410;2048;1238
189,0694;131,2342;14,50;1,4675;0,2420;0,0000;0,4003;0,0000;0,0000;0,0000;0,3025;0,21;1,68;0;0,0180;55,57;0;1;1;3;0;0;410;2048;1228
189,0833;131,2342;14,50;1,4403;0,2426;0,0000;0,4049;0,0000;0,0000;0,0000;0,3033;0,27;1,71;0;0,0180;55,57;0;1;1;3;0;0;410;2048;1219
189,0972;131,2342;14,50;1,4237;0,2433;0,0000;0,4096;0,0000;0,0000;0,0000;0,3041;0,32;1,74;0;0,0180;55,57;0;1;1;3;0;0;410;2048;1209
189,1111;131,2342;14,50;1,4138;0,2440;0,0000;0,4144;0,0000;0,0000;0,0000;0,3050;0,37;1,79;0;0,0180;55,57;0;1;1;3;0;0;410;2048;1199
189,1250;131,2694;14,50;1,4247;0,2446;0,0000;0,4191;0,0000;0,0000;0,0000;0,3057;0,39;1,81;0;0,0180;55,61;0;1;1;3;0;0;410;2048;1190
189,1389;131,3253;14,50;1,4436;0,2452;0,0000;0,4237;0,0000;0,0000;0,0000;0,3065;0,39;1,83;0;0,0180;55,68;0;1;1;3;0;0;410;2048;1180
189,1528;131,3813;14,50;1,4877;0,2458;0,0000;0,4282;0,0000;0,0000;0,0000;0,3073;0,38;1,87;0;0,0179;55,74;0;1;1;3;0;0;410;2048;1171
189,1667;131,4372;14,50;1,5611;0,2466;0,0000;0,4326;0,0000;0,0000;0,0000;0,3082;0,38;1,94;0;0,0179;55,81;0;1;1;3;0;0;410;2048;1162
189,1806;131,6898;14,50;1,6386;0,2480;0,0000;0,4370;0,0000;0,0000;0,0000;0,3100;0,19;1,82;0;0,0178;56,11;0;1;1;3;0;0;410;2048;1153
189,1944;131,6898;14,50;1,7391;0,2487;0,0000;0,4414;0,0000;0,0000;0,0000;0,3108;0,25;1,99;0;0,0178;56,11;0;1;1;3;0;0;410;2048;1144
189,2083;131,6898;14,50;1,8207;0,2494;0,0000;0,4460;0,0000;0,0000;0,0000;0,3118;0,32;2,14;0;0,0178;56,11;0;1;1;3;0;0;410;2048;1135
189,2222;131,6898;14,50;1,8982;0,2503;0,0000;0,4506;0,0000;0,0000;0,0000;0,3128;0,39;2,29;0;0,0178;56,11;0;1;1;3;0;0;410;2048;1125
189,2361;131,7194;14,50;1,9525;0,2511;0,0000;0,4553;0,0000;0,0000;0,0000;0,3138;0,43;2,38;0;0,0178;56,15;0;1;1;3;0;0;410;2048;1116
189,2500;131,7754;14,50;2,0153;0,2519;0,0000;0,4600;0,0000;0,0000;0,0000;0,3148;0,45;2,46;0;0,0178;56,21;0;1;1;3;0;0;410;2048;1106
189,2639;131,8313;14,50;2,0600;0,2528;0,0000;0,4647;0,0000;0,0000;0,0000;0,3160;0,47;2,53;0;0,0178;56,27;0;1;1;3;0;0;410;2048;1096
189,2778;131,8872;14,50;2,0814;0,2537;0,0000;0,4695;0,0000;0,0000;0,0000;0,3171;0,49;2,57;0;0,0178;56,34;0;1;1;3;0;0;410;2048;1086
189,2917;132,1455;14,50;2,0746;0,2554;0,0000;0,4744;0,0000;0,0000;0,0000;0,3192;0,31;2,38;0;0,0177;56,63;0;1;1;3;0;0;410;2048;1077
189,3056;132,1455;14,50;2,0586;0,2563;0,0000;0,4794;0,0000;0,0000;0,0000;0,3203;0,38;2,44;0;0,0177;56,63;0;1;1;3;0;0;410;2048;1066
189,3194;132,1455;14,50;2,0119;0,2572;0,0000;0,4847;0,0000;0,0000;0,0000;0,3215;0,46;2,47;0;0,0177;56,63;0;1;1;3;0;0;410;2048;1055
189,3333;132,1455;14,50;1,9620;0,2582;0,0000;0,4901;0,0000;0,0000;0,0000;0,3227;0,53;2,50;0;0,0177;56,63;0;1;1;3;0;0;410;2048;1044
189,3472;132,1695;14,50;1,8909;0,2591;0,0000;0,4956;0,0000;0,0000;0,0000;0,3239;0,58;2,47;0;0,0176;56,66;0;1;1;3;0;0;410;2048;1033
189,3611;132,2254;14,50;1,8436;0,2600;0,0000;0,5012;0,0000;0,0000;0,0000;0,3250;0,59;2,44;0;0,0176;56,72;0;1;1;3;0;0;410;2048;1022
189,3750;132,2814;14,50;1,8111;0,2609;0,0000;0,5067;0,0000;0,0000;0,0000;0,3261;0,60;2,41;0;0,0176;56,78;0;1;1;3;0;0;410;2048;1010
189,3889;132,3373;14,50;1,7719;0,2618;0,0000;0,5122;0,0000;0,0000;0,0000;0,3273;0,62;2,39;0;0,0176;56,84;0;1;1;3;0;0;410;2048;999
189,4028;132,6013;14,50;1,7400;0,2635;0,0000;0,5177;0,0000;0,0000;0,0000;0,3294;0,41;2,15;0;0,0175;57,12;0;1;1;3;0;0;410;2048;988
189,4167;132,6013;14,50;1,7160;0,2644;0,0000;0,5232;0,0000;0,0000;0,0000;0,3305;0,48;2,20;0;0,0175;57,12;0;1;1;3;0;0;410;2048;977
189,4306;132,6013;14,50;1,7039;0,2653;0,0000;0,5288;0,0000;0,0000;0,0000;0,3316;0,54;2,25;0;0,0175;57,12;0;1;1;3;0;0;410;2048;965
189,4444;132,6013;14,50;1,6974;0,2662;0,0000;0,5344;0,0000;0,0000;0,0000;0,3328;0,61;2,30;0;0,0175;57,12;0;1;1;3;0;0;410;2048;954
189,4583;132,6196;14,50;1,6969;0,2672;0,0000;0,5400;0,0000;0,0000;0,0000;0,3340;0,65;2,35;0;0,0175;57,14;0;1;1;4;0;0;410;2048;942
189,4722;132,6755;14,50;1,7056;0,2681;0,0000;0,5455;0,0000;0,0000;0,0000;0,3351;0,66;2,36;0;0,0175;57,20;0;1;1;4;0;0;410;2048;931
189,4861;132,7315;14,50;1,7175;0,2690;0,0000;0,5509;0,0000;0,0000;0,0000;0,3363;0,67;2,39;0;0,0175;57,25;0;1;1;4;0;0;410;2048;920
189,5000;132,7874;14,50;1,7380;0,2700;0,0000;0,5561;0,0000;0,0000;0,0000;0,3375;0,68;2,42;0;0,0174;57,31;0;1;1;4;0;0;410;2048;909
189,5139;133,0568;14,50;1,7640;0,2717;0,0000;0,5613;0,0000;0,0000;0,0000;0,3397;0,48;2,24;0;0,0174;57,58;0;1;1;4;0;0;410;2048;898
189,5278;133,0568;14,50;1,7949;0,2727;0,0000;0,5665;0,0000;0,0000;0,0000;0,3408;0,54;2,34;0;0,0174;57,58;0;1;1;4;0;0;410;2048;888
189,5417;133,0568;14,50;1,8263;0,2737;0,0000;0,5717;0,0000;0,0000;0,0000;0,3421;0,61;2,44;0;0,0174;57,58;0;1;1;4;0;0;410;2048;877
189,5556;133,0568;14,50;1,8431;0,2747;0,0000;0,5768;0,0000;0,0000;0,0000;0,3434;0,68;2,52;0;0,0174;57,58;0;1;1;4;0;0;410;2048;867
189,5694;133,0697;14,50;1,8632;0,2758;0,0000;0,5819;0,0000;0,0000;0,0000;0,3447;0,74;2,60;0;0,0174;57,59;0;1;1;4;0;0;410;2048;856
189,5833;133,1257;14,50;1,8797;0,2768;0,0000;0,5868;0,0000;0,0000;0,0000;0,3460;0,75;2,63;0;0,0173;57,65;0;1;1;4;0;0;410;2048;846
189,5972;133,1816;14,50;1,8918;0,2779;0,0000;0,5917;0,0000;0,0000;0,0000;0,3473;0,77;2,66;0;0,0173;57,70;0;1;1;4;0;0;410;2048;836
189,6111;133,2375;14,50;1,9117;0,2790;0,0000;0,5965;0,0000;0,0000;0,0000;0,3487;0,79;2,70;0;0,0173;57,75;0;1;1;4;0;0;410;2048;826
189,6250;133,5126;14,50;1,9220;0,2808;0,0000;0,6012;0,0000;0,0000;0,0000;0,3510;0,58;2,51;0;0,0172;58,01;0;1;1;4;0;0;410;2048;817
189,6389;133,5126;14,50;1,9298;0,2819;0,0000;0,6059;0,0000;0,0000;0,0000;0,3523;0,66;2,59;0;0,0172;58,01;0;1;1;4;0;0;410;2048;807
189,6528;133,5126;14,50;1,9257;0,2830;0,0000;0,6106;0,0000;0,0000;0,0000;0,3537;0,73;2,65;0;0,0172;58,01;0;1;1;4;0;0;410;2048;797
189,6667;133,5126;14,50;1,9190;0,2841;0,0000;0,6154;0,0000;0,0000;0,0000;0,3552;0,80;2,72;0;0,0172;58,01;0;1;1;4;0;0;410;2048;788
189,6806;133,5200;14,50;1,9026;0,2854;0,0000;0,6201;0,0000;0,0000;0,0000;0,3567;0,87;2,77;0;0,0172;58,02;0;1;1;4;0;0;410;2048;778
189,6944;133,5759;14,50;1,8867;0,2865;0,0000;0,6248;0,0000;0,0000;0,0000;0,3581;0,88;2,77;0;0,0172;58,07;0;1;1;4;0;0;410;2048;768
189,7083;133,6318;14,50;1,8572;0,2876;0,0000;0,6294;0,0000;0,0000;0,0000;0,3595;0,90;2,75;0;0,0172;58,12;0;1;1;4;0;0;410;2048;759
189,7222;133,6877;14,50;1,8241;0,2888;0,0000;0,6340;0,0000;0,0000;0,0000;0,3610;0,91;2,73;0;0,0172;58,17;0;1;1;4;0;0;410;2048;750
189,7361;133,9682;14,50;1,7933;0,2907;0,0000;0,6386;0,0000;0,0000;0,0000;0,3634;0,70;2,49;0;0,0171;58,41;0;1;1;4;0;0;410;2048;740
189,7500;133,9682;14,50;1,7619;0,2918;0,0000;0,6432;0,0000;0,0000;0,0000;0,3648;0,77;2,53;0;0,0171;58,41;0;1;1;4;0;0;410;2048;731
189,7639;133,9682;14,50;1,7253;0,2929;0,0000;0,6478;0,0000;0,0000;0,0000;0,3662;0,83;2,56;0;0,0171;58,41;0;1;1;4;0;0;410;2048;721
189,7778;133,9682;14,50;1,6858;0,2941;0,0000;0,6525;0,0000;0,0000;0,0000;0,3677;0,89;2,58;0;0,0171;58,41;0;1;1;4;0;0;410;2048;712
189,7917;133,9702;14,50;1,6321;0,2953;0,0000;0,6571;0,0000;0,0000;0,0000;0,3692;0,95;2,58;0;0,0171;58,41;0;1;1;4;0;0;410;2048;702
189,8056;134,0262;14,50;1,5843;0,2964;0,0000;0,6617;0,0000;0,0000;0,0000;0,3705;0,96;2,54;0;0,0171;58,46;0;1;1;4;0;0;410;2048;693
189,8194;134,0821;14,50;1,5200;0,2975;0,0000;0,6662;0,0000;0,0000;0,0000;0,3719;0,96;2,48;0;0,0171;58,50;0;1;1;4;0;0;410;2048;684
189,8333;134,1380;14,50;1,4612;0,2986;0,0000;0,6706;0,0000;0,0000;0,0000;0,3733;0,96;2,42;0;0,0171;58,55;0;1;1;4;0;0;410;2048;675
189,8472;134,1939;14,50;1,4094;0,2998;0,0000;0,6750;0,0000;0,0000;0,0000;0,3748;0,96;2,37;0;0,0171;58,59;0;1;1;4;0;0;410;2048;666
189,8611;134,4239;14,50;1,3718;0,3015;0,0000;0,6793;0,0000;0,0000;0,0000;0,3769;0,79;2,16;0;0,0170;58,78;0;1;1;4;0;0;410;2048;657
189,8750;134,4239;14,70;1,3292;0,3026;0,0000;0,6835;0,0000;0,0000;0,0000;0,3782;0,84;2,17;0;0,0170;58,78;0;1;1;4;0;0;410;2048;648
189,8889;134,4239;14,70;1,2951;0,3037;0,0000;0,6878;0,0000;0,0000;0,0000;0,3796;0,89;2,18;0;0,0170;58,78;0;1;1;4;0;0;410;2048;639
189,9028;134,4239;14,70;1,2294;0,3048;0,0000;0,6921;0,0000;0,0000;0,0000;0,3810;0,93;2,16;0;0,0170;58,78;0;1;1;4;0;0;410;2048;631
189,9167;134,4788;14,70;1,1659;0,3057;0,0000;0,6963;0,0000;0,0000;0,0000;0,3821;0,93;2,09;0;0,0170;58,82;0;1;1;4;0;0;410;2048;622
189,9306;134,5355;14,70;1,0993;0,3067;0,0000;0,7004;0,0000;0,0000;0,0000;0,3833;0,91;2,01;0;0,0170;58,86;0;1;1;4;0;0;410;2048;614
189,9444;134,5923;14,70;1,0381;0,3077;0,0000;0,7044;0,0000;0,0000;0,0000;0,3846;0,90;1,93;0;0,0170;58,90;0;1;1;4;0;0;410;2048;605
189,9583;134,6489;14,70;0,9499;0,3086;0,0000;0,7083;0,0000;0,0000;0,0000;0,3858;0,88;1,83;0;0,0170;58,95;0;1;1;4;0;0;410;2048;597
189,9722;134,8796;14,70;0,8997;0,3102;0,0000;0,7121;0,0000;0,0000;0,0000;0,3877;0,69;1,59;0;0,0169;59,12;0;1;1;4;0;0;410;2048;590
189,9861;134,8796;14,70;0,8463;0,3110;0,0000;0,7158;0,0000;0,0000;0,0000;0,3887;0,72;1,57;0;0,0169;59,12;0;1;1;4;0;0;410;2048;582
190,0000;134,8796;14,70;0,8111;0,3118;0,0000;0,7195;0,0000;0,0000;0,0000;0,3897;0,75;1,56;0;0,0169;59,12;0;1;1;4;0;0;410;2048;574
190,0139;134,8796;14,70;0,7942;0,3126;0,0000;0,7231;0,0000;0,0000;0,0000;0,3908;0,78;1,58;0;0,0169;59,12;0;1;1;4;0;0;410;2048;567
190,0278;134,9355;14,70;0,7622;0,3133;0,0000;0,7267;0,0000;0,0000;0,0000;0,3916;0,76;1,52;0;0,0169;59,15;0;1;1;4;0;0;410;2048;560
190,0417;134,9922;14,70;0,7342;0,3140;0,0000;0,7300;0,0000;0,0000;0,0000;0,3925;0,73;1,47;0;0,0169;59,19;0;1;1;4;0;0;410;2048;553
190,0556;135,0489;14,70;0,7109;0,3147;0,0000;0,7333;0,0000;0,0000;0,0000;0,3934;0,71;1,42;0;0,0169;59,23;0;1;1;4;0;0;410;2048;546
190,0694;135,1056;14,70;0,6993;0,3154;0,0000;0,7364;0,0000;0,0000;0,0000;0,3943;0,68;1,38;0;0,0169;59,26;0;1;1;4;0;0;410;2048;540
190,0833;135,3353;14,70;0,6902;0,3167;0,0000;0,7393;0,0000;0,0000;0,0000;0,3959;0,48;1,17;0;0,0168;59,42;0;1;1;4;0;0;410;2048;534
190,0972;135,3353;14,70;0,6831;0,3173;0,0000;0,7422;0,0000;0,0000;0,0000;0,3966;0,51;1,19;0;0,0168;59,42;0;1;1;4;0;0;410;2048;528
190,1111;135,3353;14,70;0,6743;0,3179;0,0000;0,7450;0,0000;0,0000;0,0000;0,3974;0,53;1,21;0;0,0168;59,42;0;1;1;4;0;0;410;2048;522
190,1250;135,3355;14,70;0,6586;0,3185;0,0000;0,7478;0,0000;0,0000;0,0000;0,3982;0,56;1,22;0;0,0168;59,42;0;1;1;4;0;0;410;2048;516
190,1389;135,3922;14,70;0,6518;0,3190;0,0000;0,7505;0,0000;0,0000;0,0000;0,3988;0,53;1,18;0;0,0168;59,45;0;1;1;4;0;0;410;2048;511
190,1528;135,4489;14,70;0,6477;0,3195;0,0000;0,7530;0,0000;0,0000;0,0000;0,3994;0,50;1,15;0;0,0168;59,48;0;1;1;4;0;0;410;2048;506
190,1667;135,5056;14,70;0,6443;0,3201;0,0000;0,7554;0,0000;0,0000;0,0000;0,4001;0,47;1,12;0;0,0168;59,52;0;1;1;4;0;0;410;2048;501
190,1806;135,5623;14,70;0,6562;0,3206;0,0000;0,7577;0,0000;0,0000;0,0000;0,4008;0,44;0,88;0;0,0168;59,55;0;1;1;4;0;0;410;2048;496
190,1944;135,7910;14,70;0,6891;0,3217;0,0000;0,7599;0,0000;0,0000;0,0000;0,4022;0,25;0,94;0;0,0168;59,68;0;1;1;4;0;0;410;2048;492
190,2083;135,7910;14,70;0,7227;0,3222;0,0000;0,7621;0,0000;0,0000;0,0000;0,4027;0,28;1,00;0;0,0168;59,68;0;1;1;4;0;0;410;2048;487
190,2222;135,7910;14,70;0,8116;0,3227;0,0000;0,7642;0,0000;0,0000;0,0000;0,4033;0,31;1,12;0;0,0168;59,68;0;1;1;4;0;0;410;2048;483
190,2361;135,7922;14,70;0,8742;0,3232;0,0000;0,7663;0,0000;0,0000;0,0000;0,4040;0,34;1,21;0;0,0168;59,68;0;1;1;4;0;0;410;2048;479
190,2500;135,8489;14,70;0,9266;0,3236;0,0000;0,7683;0,0000;0,0000;0,0000;0,4045;0,32;1,25;0;0,0167;59,71;0;1;1;4;0;0;410;2048;474
190,2639;135,9056;14,70;0,9673;0,3240;0,0000;0,7703;0,0000;0,0000;0,0000;0,4050;0,30;1,27;0;0,0167;59,74;0;1;1;4;0;0;410;2048;470
190,2778;135,9623;14,70;1,0016;0,3245;0,0000;0,7721;0,0000;0,0000;0,0000;0,4056;0,29;1,29;0;0,0167;59,77;0;1;1;4;0;0;410;2048;467
190,2917;136,2466;14,70;1,0381;0,3257;0,0000;0,7739;0,0000;0,0000;0,0000;0,4072;0,06;1,09;0;0,0167;59,91;0;1;1;4;0;0;410;2048;463
190,3056;136,2466;14,70;1,0678;0,3261;0,0000;0,7757;0,0000;0,0000;0,0000;0,4076;0,09;1,16;0;0,0167;59,91;0;1;1;4;0;0;410;2048;459
190,3194;136,2466;14,70;1,0934;0,3265;0,0000;0,7775;0,0000;0,0000;0,0000;0,4082;0,14;1,23;0;0,0167;59,91;0;1;1;4;0;0;410;2048;456
190,3333;136,2466;14,70;1,1125;0,3270;0,0000;0,7793;0,0000;0,0000;0,0000;0,4087;0,18;1,29;0;0,0167;59,91;0;1;1;4;0;0;410;2048;452
190,3472;136,2490;14,70;1,1312;0,3275;0,0000;0,7811;0,0000;0,0000;0,0000;0,4093;0,22;1,35;0;0,0167;59,91;0;1;1;4;0;0;410;2048;448
190,3611;136,3057;14,70;1,1462;0,3278;0,0000;0,7828;0,0000;0,0000;0,0000;0,4098;0,21;1,36;0;0,0167;59,94;0;1;1;4;0;0;410;2048;445
190,3750;136,3624;14,50;1,1604;0,3282;0,0000;0,7844;0,0000;0,0000;0,0000;0,4103;0,20;1,36;0;0,0167;59,96;0;1;1;4;0;0;410;2048;442
190,3889;136,4184;14,50;1,1741;0,3286;0,0000;0,7860;0,0000;0,0000;0,0000;0,4108;0,19;1,36;0;0,0167;59,99;0;1;1;4;0;0;410;2048;438
190,4028;136,4743;14,50;1,1907;0,3291;0,0000;0,7875;0,0000;0,0000;0,0000;0,4114;0,18;1,16;0;0,0167;60,01;0;1;1;4;0;0;410;2048;435
190,4167;136,7023;14,50;1,2132;0,3301;0,0000;0,7890;0,0000;0,0000;0,0000;0,4127;0,00;1,22;0;0,0166;60,11;0;1;1;4;0;0;410;2048;432
190,4306;136,7023;14,50;1,2480;0,3305;0,0000;0,7905;0,0000;0,0000;0,0000;0,4131;0,06;1,30;0;0,0166;60,11;0;1;1;4;0;0;410;2048;429
190,4444;136,7023;14,50;1,2976;0,3309;0,0000;0,7921;0,0000;0,0000;0,0000;0,4137;0,10;1,40;0;0,0166;60,11;0;1;1;4;0;0;410;2048;426
190,4583;136,7023;14,50;1,3386;0,3314;0,0000;0,7936;0,0000;0,0000;0,0000;0,4143;0,15;1,49;0;0,0166;60,11;0;1;1;1;0;0;410;2048;423
190,4722;136,7572;14,50;1,3820;0,3318;0,0000;0,7951;0,0000;0,0000;0,0000;0,4147;0,15;1,53;0;0,0166;60,13;0;1;1;1;0;0;410;2048;420
190,4861;136,8131;14,50;1,4360;0,3322;0,0000;0,7966;0,0000;0,0000;0,0000;0,4153;0,15;1,59;0;0,0166;60,15;0;1;1;1;0;0;410;2048;417
190,5000;136,8690;14,50;1,4895;0,3327;0,0000;0,7981;0,0000;0,0000;0,0000;0,4159;0,16;1,64;0;0,0166;60,17;0;1;1;1;0;0;410;2048;414
190,5139;136,9250;14,50;1,5507;0,3333;0,0000;0,7995;0,0000;0,0000;0,0000;0,4166;0,16;1,71;0;0,0166;60,19;0;1;1;1;0;0;410;2048;411
190,5278;137,1580;14,50;1,6186;0,3344;0,0000;0,8009;0,0000;0,0000;0,0000;0,4180;0,00;1,62;0;0,0166;60,27;0;1;1;1;0;0;410;2048;408
190,5417;137,1580;14,50;1,6594;0,3350;0,0000;0,8024;0,0000;0,0000;0,0000;0,4187;0,06;1,72;0;0,0166;60,27;0;1;1;1;0;0;410;2048;405
190,5556;137,1580;14,50;1,6979;0,3355;0,0000;0,8040;0,0000;0,0000;0,0000;0,4194;0,12;1,82;0;0,0166;60,27;0;1;1;1;0;0;410;2048;401
190,5694;137,1580;14,50;1,7449;0,3362;0,0000;0,8056;0,0000;0,0000;0,0000;0,4202;0,19;1,93;0;0,0166;60,27;0;1;1;1;0;0;410;2048;398
190,5833;137,2079;14,50;1,7880;0,3367;0,0000;0,8073;0,0000;0,0000;0,0000;0,4209;0,21;2,00;0;0,0166;60,28;0;1;1;1;0;0;410;2048;395
190,5972;137,2638;14,50;1,8274;0,3373;0,0000;0,8090;0,0000;0,0000;0,0000;0,4217;0,22;2,05;0;0,0166;60,29;0;1;1;1;0;0;410;2048;391
190,6111;137,3197;14,50;1,8655;0,3380;0,0000;0,8106;0,0000;0,0000;0,0000;0,4225;0,24;2,10;0;0,0166;60,31;0;1;1;1;0;0;410;2048;388
190,6250;137,3757;14,50;1,9202;0,3387;0,0000;0,8123;0,0000;0,0000;0,0000;0,4234;0,26;2,18;0;0,0166;60,32;0;1;1;1;0;0;410;2048;384
190,6389;137,6136;14,60;1,9566;0,3401;0,0000;0,8141;0,0000;0,0000;0,0000;0,4251;0,11;2,06;0;0,0166;60,39;0;1;1;1;0;0;410;2048;381
190,6528;137,6136;14,60;1,9921;0,3408;0,0000;0,8159;0,0000;0,0000;0,0000;0,4260;0,18;2,18;0;0,0166;60,39;0;1;1;1;0;0;410;2048;377
190,6667;137,6136;14,60;2,0205;0,3416;0,0000;0,8178;0,0000;0,0000;0,0000;0,4270;0,26;2,28;0;0,0166;60,39;0;1;1;1;0;0;410;2048;373
190,6806;137,6136;14,60;2,0499;0,3425;0,0000;0,8198;0,0000;0,0000;0,0000;0,4281;0,34;2,39;0;0,0166;60,39;0;1;1;1;0;0;410;2048;369
190,6944;137,6601;14,60;2,0737;0,3432;0,0000;0,8219;0,0000;0,0000;0,0000;0,4290;0,37;2,44;0;0,0166;60,39;0;1;1;1;0;0;410;2048;365
190,7083;137,7164;14,60;2,0998;0,3441;0,0000;0,8240;0,0000;0,0000;0,0000;0,4301;0,40;2,50;0;0,0166;60,40;0;1;1;1;0;0;410;2048;360
190,7222;137,7728;14,60;2,1184;0,3450;0,0000;0,8261;0,0000;0,0000;0,0000;0,4312;0,42;2,54;0;0,0166;60,41;0;1;1;1;0;0;410;2048;356
190,7361;137,8291;14,60;2,1341;0,3459;0,0000;0,8283;0,0000;0,0000;0,0000;0,4324;0,45;2,59;0;0,0165;60,42;0;1;1;1;0;0;410;2048;352
190,7500;138,0694;14,60;2,1505;0,3475;0,0000;0,8306;0,0000;0,0000;0,0000;0,4344;0,31;2,46;0;0,0165;60,47;0;1;1;1;0;0;410;2048;347
190,7639;138,0694;14,60;2,1595;0,3484;0,0000;0,8329;0,0000;0,0000;0,0000;0,4355;0,39;2,55;0;0,0165;60,47;0;1;1;1;0;0;410;2048;342
190,7778;138,0694;14,60;2,1715;0,3494;0,0000;0,8354;0,0000;0,0000;0,0000;0,4368;0,47;2,64;0;0,0165;60,47;0;1;1;1;0;0;410;2048;337
190,7917;138,0694;14,60;2,1844;0,3505;0,0000;0,8379;0,0000;0,0000;0,0000;0,4381;0,55;2,74;0;0,0165;60,47;0;1;1;1;0;0;410;2048;332
190,8056;138,1140;14,60;2,2013;0,3515;0,0000;0,8405;0,0000;0,0000;0,0000;0,4393;0,59;2,79;0;0,0165;60,47;0;1;1;1;0;0;410;2048;327
190,8194;138,1703;14,60;2,2191;0,3525;0,0000;0,8432;0,0000;0,0000;0,0000;0,4406;0,62;2,84;0;0,0165;60,48;0;1;1;1;0;0;410;2048;321
190,8333;138,2266;14,60;2,2247;0,3536;0,0000;0,8459;0,0000;0,0000;0,0000;0,4420;0,65;2,88;0;0,0165;60,48;0;1;1;1;0;0;410;2048;316
190,8472;138,2829;14,60;2,2493;0,3547;0,0000;0,8486;0,0000;0,0000;0,0000;0,4434;0,69;2,93;0;0,0165;60,49;0;1;1;1;0;0;410;2048;310
190,8611;138,5248;14,60;2,2438;0,3565;0,0000;0,8514;0,0000;0,0000;0,0000;0,4457;0,54;2,79;0;0,0165;60,51;0;1;1;1;0;0;410;2048;304
190,8750;138,5248;14,60;2,2426;0,3577;0,0000;0,8543;0,0000;0,0000;0,0000;0,4471;0,63;2,87;0;0,0165;60,51;0;1;1;1;0;0;410;2048;298
190,8889;138,5248;14,60;2,2319;0,3589;0,0000;0,8573;0,0000;0,0000;0,0000;0,4486;0,71;2,94;0;0,0165;60,51;0;1;1;1;0;0;410;2048;292
190,9028;138,5248;14,60;2,1925;0,3601;0,0000;0,8604;0,0000;0,0000;0,0000;0,4502;0,79;2,99;0;0,0165;60,51;0;1;1;1;0;0;410;2048;286
190,9167;138,5678;14,60;2,1607;0,3613;0,0000;0,8635;0,0000;0,0000;0,0000;0,4516;0,83;2,99;0;0,0165;60,51;0;1;1;1;0;0;410;2048;280
190,9306;138,6241;14,60;2,1303;0,3625;0,0000;0,8667;0,0000;0,0000;0,0000;0,4531;0,86;2,99;0;0,0165;60,51;0;1;1;1;0;0;410;2048;273
190,9444;138,6805;14,60;2,0823;0,3637;0,0000;0,8700;0,0000;0,0000;0,0000;0,4546;0,89;2,97;0;0,0165;60,51;0;1;1;1;0;0;410;2048;266
190,9583;138,7368;14,60;2,0472;0,3650;0,0000;0,8732;0,0000;0,0000;0,0000;0,4562;0,91;2,96;0;0,0165;60,51;0;1;1;1;0;0;410;2048;260
190,9722;138,9808;14,60;1,9720;0,3669;0,0000;0,8765;0,0000;0,0000;0,0000;0,4586;0,75;2,73;0;0,0165;60,51;0;1;1;1;0;0;410;2048;253
190,9861;138,9808;14,60;1,9091;0,3681;0,0000;0,8799;0,0000;0,0000;0,0000;0,4601;0,83;2,74;0;0,0165;60,51;0;1;1;1;0;0;410;2048;246
191,0000;138,9808;14,60;1,9165;0,3693;0,0000;0,8833;0,0000;0,0000;0,0000;0,4617;0,90;2,82;0;0,0165;60,51;0;1;1;1;0;0;410;2048;239
191,0139;138,9808;14,60;1,8795;0,3706;0,0000;0,8869;0,0000;0,0000;0,0000;0,4633;0,97;2,85;0;0,0165;60,51;0;1;1;1;0;0;410;2048;232
191,0278;139,0218;14,60;1,7742;0,3718;0,0000;0,8904;0,0000;0,0000;0,0000;0,4648;1,00;2,77;0;0,0165;60,51;0;1;1;1;0;0;410;2048;224
191,0417;139,0781;14,60;1,6666;0,3730;0,0000;0,8940;0,0000;0,0000;0,0000;0,4663;1,01;2,67;0;0,0165;60,50;0;1;1;1;0;0;410;2048;217
191,0556;139,1344;14,60;1,6491;0,3742;0,0000;0,8975;0,0000;0,0000;0,0000;0,4678;1,02;2,66;0;0,0165;60,50;0;1;1;1;0;0;410;2048;210
191,0694;139,1907;14,60;1,6996;0,3755;0,0000;0,9011;0,0000;0,0000;0,0000;0,4694;1,03;2,73;0;0,0165;60,50;0;1;1;1;0;0;410;2048;203
191,0833;139,4362;14,60;1,6859;0,3774;0,0000;0,9046;0,0000;0,0000;0,0000;0,4718;0,86;2,55;0;0,0165;60,48;0;1;1;1;0;0;410;2048;195
191,0972;139,4362;14,60;1,7052;0,3786;0,0000;0,9082;0,0000;0,0000;0,0000;0,4733;0,92;2,63;0;0,0165;60,48;0;1;1;1;0;0;410;2048;188
191,1111;139,4362;14,60;1,7221;0,3799;0,0000;0,9119;0,0000;0,0000;0,0000;0,4749;0,99;2,71;0;0,0165;60,48;0;1;1;1;0;0;410;2048;180
191,1250;139,4362;14,60;1,7327;0,3812;0,0000;0,9156;0,0000;0,0000;0,0000;0,4765;1,05;2,79;0;0,0165;60,48;0;1;1;1;0;0;410;2048;173
191,1389;139,4758;14,70;1,7718;0,3825;0,0000;0,9193;0,0000;0,0000;0,0000;0,4781;1,08;2,85;0;0,0165;60,47;0;1;1;1;0;0;410;2048;165
191,1528;139,5325;14,70;1,8401;0,3838;0,0000;0,9230;0,0000;0,0000;0,0000;0,4798;1,10;2,94;0;0,0165;60,46;0;1;1;1;0;0;410;2048;158
191,1667;139,5892;14,70;1,8449;0,3852;0,0000;0,9267;0,0000;0,0000;0,0000;0,4815;1,12;2,96;0;0,0165;60,45;0;1;1;1;0;0;410;2048;150
191,1806;139,6459;14,70;1,8303;0,3866;0,0000;0,9305;0,0000;0,0000;0,0000;0,4832;1,13;2,96;0;0,0165;60,44;0;1;1;1;0;0;410;2048;142
191,1944;139,8922;14,70;1,8362;0,3886;0,0000;0,9343;0,0000;0,0000;0,0000;0,4858;0,97;2,80;0;0,0166;60,40;0;1;1;1;0;0;410;2048;135
191,2083;139,8922;14,70;1,8242;0,3899;0,0000;0,9381;0,0000;0,0000;0,0000;0,4874;1,04;2,86;0;0,0166;60,40;0;1;1;1;0;0;410;2048;127
191,2222;139,8922;14,70;1,8170;0,3913;0,0000;0,9421;0,0000;0,0000;0,0000;0,4892;1,10;2,92;0;0,0166;60,40;0;1;1;1;0;0;410;2048;119
191,2361;139,8922;14,70;1,7792;0,3928;0,0000;0,9461;0,0000;0,0000;0,0000;0,4910;1,17;2,95;0;0,0166;60,40;0;1;1;1;0;0;410;2048;110
191,2500;139,9330;14,70;1,7281;0,3941;0,0000;0,9502;0,0000;0,0000;0,0000;0,4927;1,20;2,93;0;0,0166;60,39;0;1;1;1;0;0;410;2048;102
191,2639;139,9897;14,70;1,6192;0,3955;0,0000;0,9543;0,0000;0,0000;0,0000;0,4943;1,21;2,82;0;0,0166;60,37;0;1;1;1;0;0;410;2048;94
191,2778;140,0464;14,70;1,5389;0,3968;0,0000;0,9584;0,0000;0,0000;0,0000;0,4960;1,21;2,75;0;0,0166;60,36;0;1;1;1;0;0;410;2048;85
191,2917;140,1031;14,70;1,5580;0,3982;0,0000;0,9625;0,0000;0,0000;0,0000;0,4978;1,22;2,77;0;0,0166;60,34;0;1;1;1;0;0;410;2048;77
191,3056;140,3476;14,70;1,5435;0,4002;0,0000;0,9667;0,0175;0,0004;0,0345;0,5003;1,04;2,59;0;0,0166;60,28;1;1;1;1;0;0;467;2048;68
191,3194;140,3476;14,70;1,4588;0,4015;0,0000;0,9709;0,0185;0,0026;0,0341;0,5019;1,10;2,56;0;0,0166;60,28;1;1;1;1;0;0;471;2048;60
191,3333;140,3476;14,70;1,4056;0,4029;0,0000;0,9750;0,0191;0,0048;0,0341;0,5036;1,15;2,56;0;0,0166;60,28;1;1;1;1;0;0;473;2048;51
191,3472;140,3476;14,70;1,4389;0,4042;0,0000;0,9788;0,0190;0,0071;0,0353;0,5053;1,21;2,65;0;0,0166;60,28;1;1;1;1;0;0;472;2048;43
191,3611;140,3904;14,70;1,3909;0,4055;0,0000;0,9823;0,0194;0,0092;0,0348;0,5069;1,22;2,61;0;0,0166;60,26;1;1;1;1;0;0;473;2048;36
191,3750;140,4471;14,70;1,3611;0,4068;0,0000;0,9853;0,0194;0,0113;0,0344;0,5085;1,22;2,58;0;0,0166;60,24;1;1;1;1;0;0;474;2048;30
191,3889;140,5038;14,70;1,2827;0,4081;0,0000;0,9879;0,0198;0,0134;0,0333;0,5101;1,21;2,50;0;0,0166;60,22;1;1;1;1;0;0;475;2048;25
191,4028;140,5604;14,70;1,0765;0,4093;0,0000;0,9901;0,0210;0,0155;0,0304;0,5116;1,20;2,28;0;0,0166;60,20;1;1;1;1;0;0;479;2048;20
191,4167;140,8035;14,70;0,9604;0,4111;0,0000;0,9919;0,0200;0,0185;0,0264;0,5139;1,01;1,97;0;0,0166;60,12;1;1;1;1;0;0;476;2048;17
191,4306;140,8035;14,70;0,9557;0,4122;0,0000;0,9935;0,0197;0,0203;0,0268;0,5152;1,04;2,00;0;0,0166;60,12;1;1;1;1;0;0;474;2048;13
191,4444;140,8035;14,70;0,8458;0,4133;0,0000;0,9947;0,0201;0,0222;0,0258;0,5166;1,07;1,92;0;0,0166;60,12;1;1;1;1;0;0;476;2048;11
191,4583;140,8035;14,70;0,6969;0,4144;0,0000;0,9958;0,0208;0,0240;0,0242;0,5180;1,10;1,80;0;0,0166;60,12;1;1;1;7;0;0;478;2048;9
191,4722;140,8478;14,70;0,6485;0,4153;0,0000;0,9966;0,0202;0,0256;0,0234;0,5192;1,08;1,73;0;0,0166;60,10;1;1;1;7;0;0;476;2048;7
191,4861;140,9045;14,70;0,5772;0,4163;0,0000;0,9973;0,0197;0,0271;0,0220;0,5203;1,05;1,63;0;0,0166;60,07;1;1;1;7;0;0;474;2048;6
191,5000;140,9612;14,70;0,5274;0,4172;0,0000;0,9978;0,0190;0,0286;0,0209;0,5215;1,02;1,55;0;0,0167;60,05;1;1;1;7;0;0;472;2048;4
191,5139;141,0179;14,70;0,4616;0,4181;0,0000;0,9983;0,0185;0,0301;0,0196;0,5226;0,98;1,44;0;0,0167;60,02;1;1;1;7;0;0;470;2048;4
191,5278;141,2591;14,70;0,4919;0,4196;0,0000;0,9986;0,0160;0,0326;0,0173;0,5245;0,77;1,26;0;0,0167;59,92;1;1;1;7;0;0;462;2048;3
191,5417;141,2591;14,70;0,4700;0,4203;0,0000;0,9989;0,0156;0,0338;0,0173;0,5254;0,79;1,26;0;0,0167;59,92;1;1;1;7;0;0;461;2048;2
191,5556;141,2591;14,70;0,4101;0,4211;0,0000;0,9991;0,0155;0,0351;0,0167;0,5263;0,81;1,22;0;0,0167;59,92;1;1;1;7;0;0;461;2048;2
191,5694;141,2591;14,70;0,4145;0,4218;0,0000;0,9993;0,0149;0,0364;0,0171;0,5273;0,82;1,24;0;0,0167;59,92;1;1;1;7;0;0;459;2048;1
191,5833;141,3055;14,70;0,4052;0,4224;0,0000;0,9995;0,0141;0,0374;0,0166;0,5280;0,79;1,20;0;0,0167;59,89;1;1;1;7;0;0;456;2048;1
191,5972;141,3622;14,70;0,3443;0,4230;0,0000;0,9996;0,0138;0,0384;0,0153;0,5288;0,75;1,10;0;0,0167;59,86;1;1;1;7;0;0;455;2048;1
191,6111;141,4189;14,70;0,3608;0,4236;0,0000;0,9997;0,0128;0,0394;0,0150;0,5295;0,71;1,07;0;0,0167;59,83;1;1;1;7;0;0;452;2048;1
191,6250;141,4756;14,70;0,3501;0,4242;0,0000;0,9997;0,0121;0,0404;0,0143;0,5303;0,67;1,02;0;0,0167;59,80;1;1;1;7;0;0;450;2048;1
191,6389;141,7147;14,70;0,2810;0,4254;0,0000;0,9998;0,0107;0,0423;0,0106;0,5318;0,45;0,74;0;0,0168;59,68;1;1;1;7;0;0;445;2048;0
191,6528;141,7147;14,70;0,2851;0,4259;0,0000;0,9998;0,0103;0,0431;0,0108;0,5323;0,46;0,75;0;0,0168;59,68;1;1;1;7;0;0;444;2048;0
191,6667;141,7147;14,70;0,2698;0,4263;0,0000;0,9999;0,0100;0,0439;0,0108;0,5329;0,48;0,75;0;0,0168;59,68;1;1;1;7;0;0;443;2048;0
191,6806;141,7147;14,70;0,2209;0,4268;0,0000;0,9999;0,0100;0,0446;0,0103;0,5335;0,48;0,71;0;0,0168;59,68;1;1;1;7;0;0;443;2048;0
191,6944;141,7632;14,70;0,2146;0,4271;0,0000;0,9999;0,0093;0,0452;0,0097;0,5339;0,45;0,66;0;0,0168;59,64;1;1;1;7;0;0;441;2048;0
191,7083;141,8199;14,70;0,1878;0,4274;0,0000;0,9999;0,0088;0,0456;0,0087;0,5342;0,40;0,59;0;0,0168;59,61;1;1;1;7;0;0;439;2048;0
191,7222;141,8766;14,70;0,1145;0,4277;0,0000;1,0000;0,0086;0,0461;0,0071;0,5346;0,35;0,46;0;0,0168;59,57;1;1;1;7;0;0;438;2048;0
191,7361;141,9333;14,70;0,0014;0,4279;0,0000;1,0000;0,0086;0,0465;0,0049;0,5349;0,30;0,30;0;0,0168;59,54;1;1;1;7;0;0;438;2048;0
191,7500;142,1705;14,70;0,0025;0,4287;0,0000;1,0000;0,0065;0,0478;0,0020;0,5359;0,07;0,07;0;0,0168;59,39;1;1;1;7;0;0;431;2048;0
191,7639;142,1705;14,70;-0,0806;0,4287;0,0000;1,0000;0,0067;0,0479;0,0010;0,5359;0,07;0,00;0;0,0168;59,39;1;1;1;7;0;0;432;2048;0
191,7778;142,1705;14,70;-0,1219;0,4288;0,0000;1,0000;0,0063;0,0480;0,0002;0,5360;0,06;-0,06;0;0,0168;59,39;1;1;1;7;0;0;431;2048;0
191,7917;142,1705;14,70;-0,2381;0,4288;0,0000;1,0000;0,0065;0,0480;-0,0014;0,5360;0,05;-0,18;0;0,0168;59,39;1;1;1;7;0;0;431;2048;0
191,8056;142,2210;14,70;-0,2428;0,4286;0,0000;1,0000;0,0055;0,0476;-0,0023;0,5357;0,00;-0,25;0;0,0168;59,35;1;1;1;7;0;0;428;2048;0
191,8194;142,2777;14,70;-0,3152;0,4284;0,0000;1,0000;0,0049;0,0473;-0,0042;0,5355;-0,07;-0,39;0;0,0169;59,31;1;1;1;7;0;0;426;2048;0
191,8333;142,3344;14,70;-0,2923;0,4281;0,0000;1,0000;0,0036;0,0469;-0,0048;0,5352;-0,14;-0,43;0;0,0169;59,27;1;1;1;7;0;0;422;2048;0
191,8472;142,3911;14,70;-0,2932;0,4279;0,0000;1,0000;0,0026;0,0465;-0,0057;0,5348;-0,20;-0,50;0;0,0169;59,23;1;1;1;7;0;0;418;2048;0
191,8611;142,6259;14,70;-0,3287;0,4281;0,0000;1,0000;0,0007;0,0469;-0,0093;0,5352;-0,44;-0,77;0;0,0169;59,06;1;1;1;7;0;0;412;2048;0
191,8750;142,6259;14,70;-0,3369;0,4277;0,0000;1,0000;0,0002;0,0461;-0,0096;0,5346;-0,45;-0,79;0;0,0169;59,06;1;1;1;7;0;0;411;2048;0
191,8889;142,6259;14,70;-0,3115;0,4272;0,0000;1,0000;-0,0006;0,0454;-0,0094;0,5340;-0,47;-0,78;0;0,0169;59,06;1;1;0;7;0;0;412;2048;0
191,9028;142,6259;14,70;-0,3316;0,4268;0,0000;1,0000;-0,0010;0,0446;-0,0099;0,5334;-0,48;-0,81;0;0,0169;59,06;1;1;0;7;0;0;413;2048;0
191,9167;142,6788;14,70;-0,3159;0,4261;0,0000;1,0000;-0,0019;0,0435;-0,0106;0,5326;-0,54;-0,86;0;0,0169;59,02;1;1;0;7;0;0;416;2048;0
191,9306;142,7355;14,60;-0,3186;0,4254;0,0000;1,0000;-0,0027;0,0424;-0,0116;0,5318;-0,61;-0,93;0;0,0170;58,98;1;1;0;7;0;0;419;2048;0
191,9444;142,7918;14,60;-0,3549;0,4248;0,0000;1,0000;-0,0032;0,0413;-0,0130;0,5310;-0,68;-1,03;0;0,0170;58,93;1;1;0;7;0;0;420;2048;0
191,9583;142,8481;14,60;-0,3320;0,4241;0,0000;1,0000;-0,0042;0,0401;-0,0136;0,5301;-0,74;-1,08;0;0,0170;58,88;1;1;0;7;0;0;424;2048;0
191,9722;143,0820;14,60;-0,3266;0,4239;0,0000;1,0000;-0,0061;0,0399;-0,0168;0,5299;-0,98;-1,31;0;0,0170;58,70;1;1;0;7;0;0;430;2048;0
191,9861;143,0820;14,60;-0,3373;0,4230;0,0000;1,0000;-0,0063;0,0384;-0,0171;0,5288;-0,99;-1,33;0;0,0170;58,70;1;1;0;7;0;0;431;2048;0
192,0000;143,0820;14,60;-0,3194;0,4221;0,0000;1,0000;-0,0068;0,0369;-0,0171;0,5277;-1,01;-1,33;0;0,0170;58,70;1;1;0;7;0;0;432;2048;0
192,0139;143,0820;14,60;-0,2632;0,4213;0,0000;1,0000;-0,0075;0,0354;-0,0165;0,5266;-1,02;-1,28;0;0,0170;58,70;1;1;0;7;0;0;435;2048;0
192,0278;143,1339;14,60;-0,2338;0,4202;0,0000;1,0000;-0,0082;0,0337;-0,0170;0,5253;-1,08;-1,31;0;0,0171;58,65;1;1;0;7;0;0;437;2048;0
192,0417;143,1902;14,60;-0,1451;0,4192;0,0000;1,0000;-0,0094;0,0320;-0,0167;0,5240;-1,14;-1,28;0;0,0171;58,60;1;1;0;7;0;0;441;2048;0
192,0556;143,2465;14,60;-0,0944;0,4182;0,0000;1,0000;-0,0101;0,0303;-0,0168;0,5228;-1,20;-1,29;0;0,0171;58,55;1;1;0;7;0;0;443;2048;0
192,0694;143,3028;14,60;0,1379;0,4173;0,0000;1,0000;-0,0120;0,0288;-0,0144;0,5216;-1,25;-1,11;0;0,0171;58,50;1;1;0;7;0;0;449;2048;0
192,0833;143,5370;14,60;0,1582;0,4169;0,0000;1,0000;-0,0132;0,0282;-0,0171;0,5211;-1,47;-1,31;0;0,0172;58,29;1;1;0;7;0;0;453;2048;0
192,0972;143,5370;14,60;0,1685;0,4158;0,0000;1,0000;-0,0128;0,0263;-0,0170;0,5198;-1,46;-1,29;0;0,0172;58,29;1;1;0;7;0;0;452;2048;0
192,1111;143,5370;14,60;0,3158;0,4148;0,0000;1,0000;-0,0134;0,0246;-0,0149;0,5185;-1,45;-1,13;0;0,0172;58,29;1;1;0;7;0;0;454;2048;0
192,1250;143,5370;14,60;0,3489;0,4137;0,0000;1,0000;-0,0130;0,0229;-0,0143;0,5172;-1,44;-1,09;0;0,0172;58,29;1;1;0;7;0;0;453;2048;0
192,1389;143,5884;14,60;0,3936;0,4126;0,0000;1,0000;-0,0130;0,0210;-0,0142;0,5157;-1,47;-1,08;0;0,0172;58,23;1;1;0;7;0;0;453;2048;0
192,1528;143,6447;14,60;0,4501;0,4114;0,0000;1,0000;-0,0131;0,0191;-0,0140;0,5143;-1,51;-1,06;0;0,0172;58,18;1;1;0;7;0;0;453;2048;0
192,1667;143,7010;14,60;0,4926;0,4103;0,0000;1,0000;-0,0131;0,0172;-0,0139;0,5129;-1,55;-1,05;0;0,0172;58,12;1;1;0;7;0;0;453;2048;0
192,1806;143,7573;14,60;0,5414;0,4093;0,0000;1,0000;-0,0131;0,0154;-0,0138;0,5116;-1,58;-1,04;0;0,0172;58,07;1;1;0;7;0;0;453;2048;0
192,1944;143,9934;14,60;0,6532;0,4088;0,0000;1,0000;-0,0147;0,0146;-0,0151;0,5110;-1,79;-1,14;0;0,0173;57,83;1;1;0;7;0;0;458;2048;0
192,2083;143,9934;14,60;0,7057;0,4076;0,0000;1,0000;-0,0142;0,0127;-0,0140;0,5095;-1,76;-1,06;0;0,0173;57,83;1;1;0;7;0;0;457;2048;0
192,2222;143,9934;14,60;0,6966;0,4064;0,0000;1,0000;-0,0133;0,0107;-0,0138;0,5081;-1,74;-1,04;0;0,0173;57,83;1;1;0;7;0;0;454;2048;0
192,2361;143,9934;14,60;0,7662;0,4053;0,0000;1,0000;-0,0130;0,0089;-0,0125;0,5066;-1,71;-0,94;0;0,0173;57,83;1;1;0;7;0;0;453;2048;0
192,2500;144,0429;14,60;0,7702;0,4041;0,0000;1,0000;-0,0125;0,0068;-0,0128;0,5051;-1,73;-0,96;0;0,0173;57,78;1;1;0;7;0;0;451;2048;0
192,2639;144,0992;14,60;0,8079;0,4028;0,0000;1,0000;-0,0124;0,0047;-0,0126;0,5036;-1,75;-0,94;0;0,0173;57,72;1;1;0;7;0;0;450;2048;0
192,2778;144,1555;14,60;0,8960;0,4017;0,0000;1,0000;-0,0126;0,0028;-0,0117;0,5021;-1,77;-0,88;0;0,0173;57,66;1;1;0;7;0;0;451;2048;0
192,2917;144,2118;14,60;0,9557;0,4005;0,0000;1,0000;-0,0125;0,0009;-0,0112;0,5007;-1,79;-0,84;0;0,0174;57,60;1;1;0;7;0;0;451;2048;0
192,3056;144,4482;14,60;0,9777;0,4000;0,0000;1,0000;-0,0133;0,0000;-0,0135;0,5000;-1,99;-1,01;0;0,0174;57,34;1;1;0;7;0;0;454;2048;0
192,3194;144,4482;14,60;1,0638;0,3988;0,0000;1,0000;-0,0130;0,0000;-0,0118;0,4985;-1,95;-0,89;0;0,0174;57,34;1;1;0;7;0;0;453;2048;0
192,3333;144,4482;14,60;1,1154;0,3976;0,0000;0,9999;-0,0124;0,0000;-0,0106;0,4970;-1,91;-0,79;0;0,0174;57,34;1;1;0;7;0;0;451;2048;0
192,3472;144,4482;14,60;1,2039;0,3965;0,0000;0,9995;-0,0121;0,0000;-0,0088;0,4956;-1,86;-0,66;0;0,0174;57,34;1;1;0;7;0;0;450;2048;1
192,3611;144,4973;14,60;1,2363;0,3952;0,0000;0,9987;-0,0116;0,0000;-0,0084;0,4941;-1,87;-0,63;0;0,0175;57,28;1;1;0;7;0;0;448;2048;3
192,3750;144,5536;14,60;1,2849;0,3941;0,0000;0,9976;-0,0113;0,0000;-0,0079;0,4926;-1,87;-0,59;0;0,0175;57,22;1;1;0;7;0;0;447;2048;5
192,3889;144,6099;14,60;1,3923;0,3929;0,0000;0,9962;-0,0114;0,0000;-0,0065;0,4912;-1,88;-0,49;0;0,0175;57,15;1;1;0;7;0;0;447;2048;8
192,4028;144,6662;14,60;1,3766;0,3918;0,0000;0,9944;-0,0105;0,0000;-0,0067;0,4898;-1,88;-0,51;0;0,0175;57,08;1;1;0;7;0;0;444;2048;11
192,4167;144,9048;14,60;1,4424;0,3914;0,0000;0,9923;-0,0115;0,0000;-0,0083;0,4892;-2,07;-0,62;0;0,0176;56,81;1;1;0;7;0;0;448;2048;16
192,4306;144,9048;14,30;1,4530;0,3902;0,0000;0,9901;-0,0105;0,0000;-0,0075;0,4877;-2,01;-0,56;0;0,0176;56,81;1;1;0;7;0;0;444;2048;20
192,4444;144,9048;14,30;1,4293;0,3891;0,0000;0,9878;-0,0093;0,0000;-0,0071;0,4863;-1,96;-0,53;0;0,0176;56,81;1;1;0;7;0;0;440;2048;25
192,4583;144,9048;14,30;1,4510;0,3880;0,0000;0,9853;-0,0085;0,0000;-0,0061;0,4850;-1,91;-0,45;0;0,0176;56,81;1;1;0;6;0;0;438;2048;30
192,4722;144,9482;14,30;1,4752;0,3869;0,0000;0,9827;-0,0081;0,0000;-0,0056;0,4836;-1,90;-0,42;0;0,0176;56,75;1;1;0;6;0;0;437;2048;35
192,4861;145,0034;14,30;1,4648;0,3857;0,0000;0,9800;-0,0075;0,0000;-0,0058;0,4822;-1,90;-0,43;0;0,0176;56,68;1;1;0;6;0;0;435;2048;41
192,5000;145,0585;14,30;1,4913;0,3846;0,0000;0,9773;-0,0072;0,0000;-0,0054;0,4808;-1,90;-0,41;0;0,0177;56,61;1;1;0;6;0;0;434;2048;47
192,5139;145,1137;14,30;1,5827;0,3836;0,0000;0,9744;-0,0075;0,0000;-0,0042;0,4795;-1,89;-0,31;0;0,0177;56,54;1;1;0;6;0;0;434;2048;52
192,5278;145,3598;14,30;1,5884;0,3833;0,0000;0,9715;-0,0082;0,0000;-0,0066;0,4791;-2,08;-0,50;0;0,0178;56,23;1;1;0;6;0;0;437;2048;58
192,5417;145,3598;14,30;1,6892;0,3822;0,0000;0,9686;-0,0081;0,0000;-0,0044;0,4777;-2,02;-0,33;0;0,0178;56,23;1;1;0;6;0;0;437;2048;64
192,5556;145,3598;14,30;1,8862;0,3812;0,0000;0,9658;-0,0086;0,0000;-0,0009;0,4765;-1,95;-0,07;0;0,0178;56,23;1;1;0;6;0;0;438;2048;70
192,5694;145,3598;14,30;1,9624;0,3803;0,0000;0,9629;-0,0079;0,0000;0,0011;0,4754;-1,88;0,08;0;0,0178;56,23;1;1;0;6;0;0;436;2048;76
192,5833;145,3934;14,30;2,0800;0,3794;0,0000;0,9602;-0,0077;0,0000;0,0032;0,4743;-1,84;0,24;0;0,0178;56,18;1;1;0;6;0;0;435;2048;82
192,5972;145,4485;14,30;2,2160;0,3785;0,0000;0,9574;-0,0076;0,0000;0,0054;0,4732;-1,81;0,40;0;0,0178;56,11;1;1;0;6;0;0;435;2048;87
192,6111;145,5037;14,30;2,4514;0,3778;0,0000;0,9547;-0,0082;0,0000;0,0090;0,4722;-1,78;0,67;0;0,0178;56,03;1;1;0;6;0;0;437;2048;93
192,6250;145,5589;14,30;2,5849;0,3772;0,0000;0,9520;-0,0077;0,0000;0,0113;0,4714;-1,74;0,85;0;0,0179;55,96;1;1;0;6;0;0;435;2048;98
192,6389;145,8161;14,30;2,5248;0,3772;0,0000;0,9494;-0,0070;0,0000;0,0082;0,4715;-1,91;0,62;0;0,0180;55,61;1;1;0;6;0;0;433;2048;104
192,6528;145,8161;14,30;2,6737;0,3766;0,0000;0,9469;-0,0064;0,0000;0,0115;0,4707;-1,81;0,87;0;0,0180;55,61;1;1;0;6;0;0;431;2048;109
192,6667;145,8161;14,30;2,7219;0,3760;0,0000;0,9446;-0,0049;0,0000;0,0135;0,4700;-1,71;1,01;0;0,0180;55,61;1;1;0;6;0;0;426;2048;113
192,6806;145,8161;14,30;2,7294;0,3756;0,0000;0,9425;-0,0031;0,0000;0,0150;0,4695;-1,61;1,12;0;0,0180;55,61;1;1;0;6;0;0;420;2048;118
192,6944;145,8386;14,30;2,7337;0,3751;0,0000;0,9405;-0,0015;0,0000;0,0160;0,4689;-1,53;1,20;0;0,0180;55,58;1;1;0;6;0;0;415;2048;122
192,7083;145,8938;14,30;2,7577;0,3746;0,0000;0,9385;-0,0005;0,0000;0,0170;0,4683;-1,48;1,27;0;0,0180;55,50;1;1;0;6;0;0;412;2048;126
192,7222;145,9489;14,30;2,7878;0,3742;0,0000;0,9367;0,0005;0,0000;0,0180;0,4678;-1,44;1,35;0;0,0180;55,42;1;1;1;6;0;0;412;2048;130
192,7361;146,0041;14,30;2,7978;0,3739;0,0000;0,9350;0,0016;0,0000;0,0187;0,4674;-1,39;1,41;0;0,0181;55,34;1;1;1;6;0;0;415;2048;133
192,7500;146,2713;14,30;2,8228;0,3743;0,0000;0,9334;0,0010;0,0000;0,0168;0,4679;-1,56;1,26;0;0,0182;54,96;1;1;1;6;0;0;413;2048;136
192,7639;146,2713;14,30;2,8360;0,3740;0,0000;0,9319;0,0024;0,0000;0,0184;0,4675;-1,46;1,38;0;0,0182;54,96;1;1;1;6;0;0;418;2048;139
192,7778;146,2713;14,30;2,7988;0,3738;0,0000;0,9306;0,0040;0,0000;0,0192;0,4672;-1,35;1,44;0;0,0182;54,96;1;1;1;6;0;0;423;2048;142
192,7917;146,2713;14,30;2,7158;0,3736;0,0000;0,9295;0,0059;0,0000;0,0195;0,4669;-1,25;1,46;0;0,0182;54,96;1;1;1;6;0;0;429;2048;144
192,8056;146,2839;14,30;2,7038;0,3734;0,0000;0,9284;0,0070;0,0000;0,0205;0,4667;-1,17;1,53;0;0,0182;54,94;1;1;1;6;0;0;433;2048;147
192,8194;146,3391;14,30;2,6724;0,3731;0,0000;0,9275;0,0078;0,0000;0,0206;0,4664;-1,13;1,54;0;0,0182;54,86;1;1;1;6;0;0;436;2048;148
192,8333;146,3942;14,30;2,6331;0,3729;0,0000;0,9266;0,0086;0,0000;0,0206;0,4662;-1,09;1,54;0;0,0183;54,77;1;1;1;6;0;0;438;2048;150
192,8472;146,4494;14,30;2,5468;0,3728;0,0000;0,9258;0,0097;0,0000;0,0199;0,4660;-1,05;1,49;0;0,0183;54,69;1;1;1;6;0;0;442;2048;152
192,8611;146,7274;14,30;2,5021;0,3735;0,0000;0,9250;0,0088;0,0000;0,0167;0,4668;-1,25;1,25;0;0,0184;54,26;1;1;1;6;0;0;439;2048;154
192,8750;146,7274;14,20;2,5062;0,3733;0,0000;0,9244;0,0093;0,0000;0,0180;0,4666;-1,16;1,35;0;0,0184;54,26;1;1;1;6;0;0;441;2048;155
192,8889;146,7274;14,20;2,4637;0,3732;0,0000;0,9239;0,0102;0,0000;0,0186;0,4664;-1,07;1,40;0;0,0184;54,26;1;1;1;6;0;0;444;2048;156
192,9028;146,7274;14,20;2,3874;0,3731;0,0000;0,9235;0,0113;0,0000;0,0188;0,4663;-0,98;1,41;0;0,0184;54,26;1;1;1;6;0;0;447;2048;157
192,9167;146,7281;14,20;2,3837;0,3730;0,0000;0,9232;0,0117;0,0000;0,0199;0,4663;-0,89;1,49;0;0,0184;54,26;1;1;1;6;0;0;448;2048;157
192,9306;146,7829;14,20;2,3409;0,3729;0,0000;0,9228;0,0121;0,0000;0,0197;0,4661;-0,87;1,47;0;0,0185;54,17;1;1;1;6;0;0;450;2048;158
192,9444;146,8376;14,20;2,3003;0,3728;0,0000;0,9226;0,0124;0,0000;0,0195;0,4660;-0,84;1,46;0;0,0185;54,09;1;1;1;6;0;0;450;2048;159
192,9583;146,8924;14,20;2,2223;0,3727;0,0000;0,9223;0,0129;0,0000;0,0187;0,4659;-0,82;1,40;0;0,0185;54,00;1;1;1;6;0;0;452;2048;159
192,9722;146,9472;14,20;2,0974;0,3727;0,0000;0,9220;0,0136;0,0000;0,0173;0,4659;-0,80;1,30;0;0,0185;53,91;1;1;1;6;0;0;455;2048;160
192,9861;147,1828;14,20;2,1041;0,3733;0,0000;0,9218;0,0119;0,0000;0,0151;0,4667;-0,97;1,13;0;0,0187;53,53;1;1;1;6;0;0;449;2048;160
193,0000;147,1828;14,20;2,0661;0,3732;0,0000;0,9216;0,0123;0,0000;0,0156;0,4665;-0,89;1,17;0;0,0187;53,53;1;1;1;6;0;0;450;2048;161
193,0139;147,1828;14,20;1,9513;0,3731;0,0000;0,9215;0,0132;0,0000;0,0151;0,4664;-0,82;1,13;0;0,0187;53,53;1;1;1;6;0;0;453;2048;161
193,0278;147,1828;14,20;1,9111;0,3731;0,0000;0,9215;0,0135;0,0000;0,0155;0,4664;-0,75;1,16;0;0,0187;53,53;1;1;1;6;0;0;454;2048;161
193,0417;147,2251;14,20;1,9282;0,3730;0,0000;0,9215;0,0129;0,0000;0,0160;0,4662;-0,73;1,20;0;0,0187;53,46;1;1;1;6;0;0;452;2048;161
193,0556;147,2799;14,20;1,8955;0,3728;0,0000;0,9215;0,0128;0,0000;0,0157;0,4660;-0,72;1,18;0;0,0187;53,37;1;1;1;6;0;0;452;2048;161
193,0694;147,3347;14,20;1,8497;0,3728;0,0000;0,9214;0,0127;0,0000;0,0152;0,4659;-0,71;1,14;0;0,0188;53,27;1;1;1;6;0;0;452;2048;161
193,0833;147,3895;14,20;1,8266;0,3727;0,0000;0,9213;0,0124;0,0000;0,0150;0,4659;-0,70;1,13;0;0,0188;53,18;1;1;1;6;0;0;451;2048;161
193,0972;147,6387;14,20;1,7337;0,3734;0,0000;0,9213;0,0113;0,0000;0,0111;0,4667;-0,90;0,83;0;0,0190;52,76;1;1;1;6;0;0;447;2048;161
193,1111;147,6387;14,20;1,6676;0,3732;0,0000;0,9212;0,0117;0,0000;0,0110;0,4665;-0,84;0,82;0;0,0190;52,76;1;1;1;6;0;0;448;2048;161
193,1250;147,6387;14,30;1,6593;0,3730;0,0000;0,9212;0,0115;0,0000;0,0117;0,4663;-0,78;0,88;0;0,0190;52,76;1;1;1;6;0;0;448;2048;161
193,1389;147,6387;14,30;1,6415;0,3729;0,0000;0,9212;0,0115;0,0000;0,0123;0,4662;-0,72;0,92;0;0,0190;52,76;1;1;1;6;0;0;448;2048;161
193,1528;147,6682;14,30;1,5415;0,3727;0,0000;0,9212;0,0119;0,0000;0,0112;0,4659;-0,70;0,84;0;0,0190;52,71;1;1;1;6;0;0;449;2048;161
193,1667;147,7234;14,30;1,5337;0,3725;0,0000;0,9212;0,0113;0,0000;0,0111;0,4656;-0,70;0,83;0;0,0190;52,61;1;1;1;6;0;0;447;2048;161
193,1806;147,7786;14,30;1,5464;0,3723;0,0000;0,9211;0,0106;0,0000;0,0112;0,4654;-0,70;0,84;0;0,0190;52,51;1;1;1;6;0;0;445;2048;162
193,1944;147,8337;14,30;1,5512;0,3721;0,0000;0,9210;0,0101;0,0000;0,0112;0,4652;-0,71;0,84;0;0,0191;52,41;1;1;1;6;0;0;443;2048;162
193,2083;148,0942;14,30;1,5099;0,3727;0,0000;0,9208;0,0084;0,0000;0,0076;0,4659;-0,94;0,57;0;0,0192;51,95;1;1;1;6;0;0;438;2048;162
193,2222;148,0942;14,30;1,4474;0,3724;0,0000;0,9206;0,0088;0,0000;0,0075;0,4655;-0,89;0,56;0;0,0192;51,95;1;1;1;6;0;0;439;2048;163
193,2361;148,0942;14,30;1,4133;0,3721;0,0000;0,9205;0,0089;0,0000;0,0077;0,4652;-0,83;0,58;0;0,0192;51,95;1;1;1;6;0;0;439;2048;163
193,2500;148,0942;14,30;1,3801;0,3719;0,0000;0,9203;0,0090;0,0000;0,0080;0,4649;-0,78;0,60;0;0,0192;51,95;1;1;1;6;0;0;440;2048;163
193,2639;148,1137;14,30;1,3019;0,3716;0,0000;0,9201;0,0093;0,0000;0,0073;0,4645;-0,76;0,54;0;0,0193;51,92;1;1;1;6;0;0;441;2048;164
193,2778;148,1688;14,30;1,2016;0,3712;0,0000;0,9198;0,0094;0,0000;0,0057;0,4640;-0,77;0,43;0;0,0193;51,81;1;1;1;6;0;0;441;2048;164
193,2917;148,2240;14,30;1,1779;0,3708;0,0000;0,9195;0,0088;0,0000;0,0051;0,4635;-0,79;0,39;0;0,0193;51,71;1;1;1;6;0;0;439;2048;165
193,3056;148,2792;14,30;1,0957;0,3705;0,0000;0,9191;0,0087;0,0000;0,0038;0,4631;-0,81;0,28;0;0,0194;51,61;1;1;1;6;0;0;439;2048;166
193,3194;148,5500;14,30;0,9816;0,3709;0,0000;0,9186;0,0072;0,0000;-0,0012;0,4636;-1,08;-0,09;0;0,0196;51,11;1;1;1;6;0;0;434;2048;167
193,3333;148,5500;14,30;0,9385;0,3703;0,0000;0,9181;0,0070;0,0000;-0,0013;0,4629;-1,04;-0,10;0;0,0196;51,11;1;1;1;6;0;0;433;2048;168
193,3472;148,5500;14,30;0,7643;0,3698;0,0000;0,9175;0,0078;0,0000;-0,0033;0,4622;-1,01;-0,25;0;0,0196;51,11;1;1;1;6;0;0;435;2048;169
193,3611;148,5500;14,30;0,7770;0,3692;0,0000;0,9170;0,0069;0,0000;-0,0027;0,4615;-0,98;-0,21;0;0,0196;51,11;1;1;1;6;0;0;433;2048;170
193,3750;148,5591;14,30;0,7339;0,3687;0,0000;0,9163;0,0065;0,0000;-0,0031;0,4608;-0,97;-0,23;0;0,0196;51,09;1;1;1;6;0;0;431;2048;171
193,3889;148,6143;14,30;0,6789;0,3679;0,0000;0,9156;0,0059;0,0000;-0,0043;0,4599;-1,00;-0,33;0;0,0196;50,98;1;1;1;6;0;0;429;2048;173
193,4028;148,6695;14,30;0,5301;0,3672;0,0000;0,9147;0,0060;0,0000;-0,0069;0,4590;-1,05;-0,52;0;0,0197;50,88;1;1;1;6;0;0;430;2048;175
193,4167;148,7246;14,30;0,5688;0,3665;0,0000;0,9137;0,0045;0,0000;-0,0069;0,4581;-1,09;-0,52;0;0,0197;50,77;1;1;1;6;0;0;425;2048;177
193,4306;149,0056;14,30;0,5073;0,3665;0,0000;0,9125;0,0022;0,0000;-0,0117;0,4582;-1,39;-0,88;0;0,0199;50,23;1;1;1;6;0;0;417;2048;179
193,4444;149,0056;14,30;0,4594;0,3656;0,0000;0,9113;0,0019;0,0000;-0,0121;0,4570;-1,37;-0,91;0;0,0199;50,23;1;1;1;6;0;0;416;2048;182
193,4583;149,0056;14,30;0,3302;0,3647;0,0000;0,9100;0,0022;0,0000;-0,0137;0,4559;-1,36;-1,03;0;0,0199;50,23;1;1;1;8;0;0;417;2048;184
193,4722;149,0056;14,30;0,2954;0,3637;0,0000;0,9087;0,0016;0,0000;-0,0140;0,4547;-1,35;-1,05;0;0,0199;50,23;1;1;1;8;0;0;415;2048;187
193,4861;149,0056;14,30;0,1993;0,3628;0,0000;0,9072;0,0016;0,0000;-0,0152;0,4534;-1,34;-1,14;0;0,0199;50,23;1;1;1;8;0;0;415;2048;190
193,5000;149,0597;14,30;0,1804;0,3616;0,0000;0,9056;0,0004;0,0000;-0,0162;0,4520;-1,39;-1,21;0;0,0200;50,12;1;1;1;8;0;0;411;2048;193
193,5139;149,1149;14,30;0,0968;0,3604;0,0000;0,9038;-0,0002;0,0000;-0,0181;0,4505;-1,45;-1,36;0;0,0200;50,01;1;1;0;8;0;0;411;2048;197
193,5278;149,1700;14,30;-0,0470;0,3591;0,0000;0,9018;-0,0004;0,0000;-0,0209;0,4489;-1,52;-1,57;0;0,0200;49,90;1;1;0;8;0;0;411;2048;201
193,5417;149,2251;14,30;-0,0265;0,3579;0,0000;0,8997;-0,0020;0,0000;-0,0215;0,4474;-1,58;-1,61;0;0,0201;49,79;1;1;0;8;0;0;416;2048;206
193,5556;149,4613;14,30;-0,0784;0,3573;0,0000;0,8973;-0,0043;0,0000;-0,0258;0,4466;-1,86;-1,93;0;0,0203;49,32;1;1;0;8;0;0;424;2048;210
193,5694;149,4613;14,30;-0,1186;0,3558;0,0000;0,8949;-0,0048;0,0000;-0,0264;0,4448;-1,86;-1,98;0;0,0203;49,32;1;1;0;8;0;0;426;2048;215
193,5833;149,4613;14,30;-0,1509;0,3544;0,0000;0,8923;-0,0054;0,0000;-0,0269;0,4430;-1,87;-2,02;0;0,0203;49,32;1;1;0;8;0;0;428;2048;221
193,5972;149,4613;14,30;-0,1779;0,3529;0,0000;0,8896;-0,0061;0,0000;-0,0273;0,4411;-1,87;-2,05;0;0,0203;49,32;1;1;0;8;0;0;430;2048;226
193,6111;149,5049;14,30;-0,1512;0,3512;0,0000;0,8868;-0,0074;0,0000;-0,0278;0,4390;-1,93;-2,08;0;0,0203;49,23;1;1;0;8;0;0;434;2048;232
193,6250;149,5601;14,50;-0,1090;0,3495;0,0000;0,8837;-0,0089;0,0000;-0,0281;0,4369;-2,00;-2,11;0;0,0204;49,11;1;1;0;8;0;0;439;2048;238
193,6389;149,6160;14,50;-0,1110;0,3478;0,0000;0,8805;-0,0098;0,0000;-0,0291;0,4348;-2,07;-2,18;0;0,0204;48,99;1;1;0;8;0;0;442;2048;245
193,6528;149,6719;14,50;-0,0568;0,3461;0,0000;0,8771;-0,0112;0,0000;-0,0293;0,4326;-2,14;-2,19;0;0,0205;48,88;1;1;0;8;0;0;447;2048;252
193,6667;149,9171;14,50;0,0400;0,3451;0,0000;0,8734;-0,0142;0,0000;-0,0318;0,4314;-2,42;-2,38;0;0,0207;48,37;1;1;0;8;0;0;456;2048;259
193,6806;149,9171;14,50;0,1590;0,3433;0,0000;0,8697;-0,0152;0,0000;-0,0301;0,4291;-2,42;-2,26;0;0,0207;48,37;1;1;0;8;0;0;460;2048;267
193,6944;149,9171;14,50;0,4650;0,3415;0,0000;0,8659;-0,0174;0,0000;-0,0258;0,4269;-2,40;-1,93;0;0,0207;48,37;1;1;0;8;0;0;467;2048;275
193,7083;149,9171;14,50;0,5589;0,3398;0,0000;0,8619;-0,0176;0,0000;-0,0243;0,4248;-2,38;-1,82;0;0,0207;48,37;1;1;0;8;0;0;468;2048;283
193,7222;149,9554;14,50;0,7125;0,3381;0,0000;0,8579;-0,0184;0,0000;-0,0225;0,4226;-2,40;-1,69;0;0,0207;48,29;1;1;0;8;0;0;470;2048;291
193,7361;150,0113;14,50;0,7283;0,3363;0,0000;0,8537;-0,0180;0,0000;-0,0228;0,4203;-2,44;-1,71;0;0,0208;48,17;1;1;0;8;0;0;469;2048;300
193,7500;150,0672;14,50;0,7960;0,3345;0,0000;0,8494;-0,0181;0,0000;-0,0224;0,4181;-2,47;-1,68;0;0,0208;48,05;1;1;0;8;0;0;469;2048;308
193,7639;150,1231;14,50;0,8603;0,3328;0,0000;0,8450;-0,0182;0,0000;-0,0220;0,4160;-2,51;-1,65;0;0,0209;47,93;1;1;0;8;0;0;470;2048;317
193,7778;150,3727;14,50;0,8790;0,3318;0,0000;0,8405;-0,0194;0,0000;-0,0253;0,4147;-2,77;-1,89;0;0,0211;47,40;1;1;0;8;0;0;473;2048;327
193,7917;150,3727;14,50;0,8790;0,3299;0,0000;0,8360;-0,0185;0,0000;-0,0248;0,4124;-2,74;-1,86;0;0,0211;47,40;1;1;0;8;0;0;470;2048;336
193,8056;150,3727;14,50;0,8871;0,3280;0,0000;0,8314;-0,0177;0,0000;-0,0243;0,4101;-2,71;-1,82;0;0,0211;47,40;1;1;0;8;0;0;468;2048;345
193,8194;150,3727;14,50;0,8957;0,3262;0,0000;0,8269;-0,0170;0,0000;-0,0237;0,4078;-2,67;-1,78;0;0,0211;47,40;1;1;0;8;0;0;466;2048;355
193,8333;150,4065;14,50;0,9593;0,3243;0,0000;0,8222;-0,0170;0,0000;-0,0229;0,4054;-2,68;-1,72;0;0,0211;47,32;1;1;0;8;0;0;466;2048;364
193,8472;150,4624;14,50;0,9623;0,3224;0,0000;0,8175;-0,0167;0,0000;-0,0233;0,4029;-2,71;-1,75;0;0,0212;47,20;1;1;0;8;0;0;465;2048;374
193,8611;150,5183;14,50;0,9971;0,3204;0,0000;0,8126;-0,0167;0,0000;-0,0233;0,4005;-2,74;-1,74;0;0,0212;47,07;1;1;0;8;0;0;465;2048;384
193,8750;150,5742;14,50;1,0672;0,3186;0,0000;0,8077;-0,0169;0,0000;-0,0227;0,3982;-2,77;-1,70;0;0,0213;46,95;1;1;0;8;0;0;465;2048;394
193,8889;150,8284;14,50;1,1602;0,3175;0,0000;0,8026;-0,0188;0,0000;-0,0250;0,3969;-3,03;-1,87;0;0,0216;46,39;1;1;0;8;0;0;472;2048;404
193,9028;150,8284;14,50;1,2622;0,3156;0,0000;0,7975;-0,0187;0,0000;-0,0230;0,3944;-2,99;-1,72;0;0,0216;46,39;1;1;0;8;0;0;471;2048;415
193,9167;150,8284;14,50;1,3573;0,3137;0,0000;0,7924;-0,0183;0,0000;-0,0210;0,3921;-2,94;-1,58;0;0,0216;46,39;1;1;0;8;0;0;470;2048;425
193,9306;150,8284;14,50;1,4844;0,3118;0,0000;0,7873;-0,0182;0,0000;-0,0186;0,3898;-2,88;-1,40;0;0,0216;46,39;1;1;0;8;0;0;470;2048;436
193,9444;150,8575;14,50;1,5516;0,3100;0,0000;0,7821;-0,0177;0,0000;-0,0174;0,3875;-2,86;-1,31;0;0,0216;46,33;1;1;0;8;0;0;468;2048;446
193,9583;150,9134;14,50;1,6299;0,3081;0,0000;0,7768;-0,0174;0,0000;-0,0165;0,3851;-2,87;-1,24;0;0,0216;46,20;1;1;0;8;0;0;467;2048;457
193,9722;150,9693;14,50;1,6804;0,3062;0,0000;0,7714;-0,0170;0,0000;-0,0159;0,3828;-2,87;-1,19;0;0,0217;46,07;1;1;0;8;0;0;466;2048;468
193,9861;151,0252;14,50;1,7128;0,3044;0,0000;0,7660;-0,0164;0,0000;-0,0156;0,3805;-2,88;-1,17;0;0,0218;45,94;1;1;0;8;0;0;464;2048;479
194,0000;151,2840;14,50;1,7503;0,3035;0,0000;0,7605;-0,0175;0,0000;-0,0185;0,3794;-3,14;-1,38;0;0,0220;45,36;1;1;0;8;0;0;467;2048;491
194,0139;151,2840;14,50;1,7713;0,3016;0,0000;0,7550;-0,0164;0,0000;-0,0173;0,3770;-3,07;-1,30;0;0,0220;45,36;1;1;0;8;0;0;464;2048;502
194,0278;151,2840;14,50;1,8038;0,2998;0,0000;0,7495;-0,0164;0,0000;0,0000;0,3747;-3,00;-1,20;0;0,0220;45,36;0;1;0;8;0;0;410;2048;513
194,0417;151,2840;14,50;1,8472;0,2980;0,0000;0,7441;-0,0164;0,0000;0,0000;0,3725;-2,93;-1,08;0;0,0220;45,36;0;1;0;8;0;0;410;2048;524
194,0556;151,3085;14,50;1,8905;0,2962;0,0000;0,7386;-0,0164;0,0000;0,0000;0,3703;-2,89;-1,00;0;0,0221;45,30;0;1;0;8;0;0;410;2048;535
194,0694;151,3644;14,50;1,9580;0,2944;0,0000;0,7330;-0,0164;0,0000;0,0000;0,3680;-2,89;-0,93;0;0,0221;45,17;0;1;0;8;0;0;410;2048;547
194,0833;151,4203;14,50;2,0849;0,2926;0,0000;0,7274;-0,0164;0,0000;0,0000;0,3658;-2,88;-0,80;0;0,0222;45,04;0;1;0;8;0;0;410;2048;558
194,0972;151,4762;14,50;2,2164;0,2910;0,0000;0,7217;-0,0164;0,0000;0,0000;0,3637;-2,87;-0,66;0;0,0223;44,91;0;1;0;8;0;0;410;2048;570
194,1111;151,7398;14,50;2,4334;0,2903;0,0000;0,7159;-0,0164;0,0000;0,0000;0,3629;-3,12;-0,68;0;0,0226;44,30;0;1;0;8;0;0;410;2048;582
194,1250;151,7398;14,60;2,6301;0,2887;0,0000;0,7102;-0,0164;0,0000;0,0000;0,3609;-3,02;-0,39;0;0,0226;44,30;0;1;0;8;0;0;410;2048;594
194,1389;151,7398;14,60;2,7537;0,2872;0,0000;0,7046;-0,0164;0,0000;0,0000;0,3590;-2,91;-0,16;0;0,0226;44,30;0;1;0;8;0;0;410;2048;605
194,1528;151,7398;14,60;2,9390;0,2858;0,0000;0,6991;-0,0164;0,0000;0,0000;0,3573;-2,80;0,14;0;0,0226;44,30;0;1;0;8;0;0;410;2048;616
194,1667;151,7606;14,60;3,2016;0,2845;0,0000;0,6936;-0,0164;0,0000;0,0000;0,3557;-2,71;0,49;0;0,0226;44,25;0;1;0;8;0;0;410;2048;627
194,1806;151,8170;14,60;3,4348;0,2833;0,0000;0,6882;-0,0164;0,0000;0,0000;0,3541;-2,65;0,78;0;0,0227;44,11;0;1;0;8;0;0;410;2048;639
194,1944;151,8733;14,60;3,6801;0,2822;0,0000;0,6829;-0,0164;0,0000;0,0000;0,3527;-2,59;1,09;0;0,0227;43,97;0;1;0;8;0;0;410;2048;649
194,2083;151,9296;14,60;3,9012;0,2813;0,0000;0,6777;-0,0164;0,0000;0,0000;0,3516;-2,51;1,39;0;0,0228;43,84;0;1;0;8;0;0;410;2048;660
194,2222;152,1954;14,60;4,0634;0,2814;0,0000;0,6726;-0,0164;0,0000;0,0000;0,3518;-2,71;1,35;0;0,0231;43,21;0;1;0;8;0;0;410;2048;671
194,2361;152,1954;14,60;4,1946;0,2806;0,0000;0,6678;-0,0164;0,0000;0,0000;0,3508;-2,55;1,64;0;0,0231;43,21;0;1;0;8;0;0;410;2048;680
194,2500;152,1954;14,60;4,3371;0,2800;0,0000;0,6633;-0,0164;0,0000;0,0000;0,3499;-2,39;1,95;0;0,0231;43,21;0;1;0;8;0;0;410;2048;689
194,2639;152,1954;14,60;4,4413;0,2795;0,0000;0,6592;-0,0164;0,0000;0,0000;0,3493;-2,22;2,22;0;0,0231;43,21;0;1;0;8;0;0;410;2048;698
194,2778;152,2150;14,60;4,5208;0,2791;0,0000;0,6554;-0,0164;0,0000;0,0000;0,3488;-2,07;2,44;0;0,0232;43,16;0;1;0;8;0;0;410;2048;706
194,2917;152,2714;14,60;4,5366;0,2786;0,0000;0,6519;-0,0164;0,0000;0,0000;0,3483;-1,98;2,56;0;0,0232;43,02;0;1;0;8;0;0;410;2048;713
194,3056;152,3277;14,60;4,5557;0,2783;0,0000;0,6486;-0,0164;0,0000;0,0000;0,3479;-1,88;2,67;0;0,0233;42,88;0;1;0;8;0;0;410;2048;720
194,3194;152,3841;14,60;4,5297;0,2782;0,0000;0,6456;-0,0164;0,0000;0,0000;0,3477;-1,79;2,74;0;0,0234;42,75;0;1;0;8;0;0;410;2048;726
194,3333;152,6511;14,60;4,5245;0,2790;0,0000;0,6429;-0,0164;0,0000;0,0000;0,3488;-1,97;2,55;0;0,0238;42,10;0;1;0;8;0;0;410;2048;731
194,3472;152,6511;14,60;4,4793;0,2789;0,0000;0,6406;-0,0164;0,0000;0,0000;0,3486;-1,81;2,67;0;0,0238;42,10;0;1;0;8;0;0;410;2048;736
194,3611;152,6511;14,60;4,4239;0,2788;0,0000;0,6388;-0,0164;0,0000;0,0000;0,3485;-1,64;2,78;0;0,0238;42,10;0;1;0;8;0;0;410;2048;740
194,3750;152,6511;14,50;4,4127;0,2789;0,0000;0,6373;-0,0164;0,0000;0,0000;0,3486;-1,47;2,94;0;0,0238;42,10;0;1;0;8;0;0;410;2048;743
194,3889;152,6692;14,50;4,1831;0,2790;0,0000;0,6360;-0,0164;0,0000;0,0000;0,3487;-1,34;2,84;0;0,0238;42,06;0;1;0;8;0;0;410;2048;745
194,4028;152,7252;14,50;4,1373;0,2790;0,0000;0,6350;-0,0164;0,0000;0,0000;0,3487;-1,26;2,87;0;0,0239;41,91;0;1;0;8;0;0;410;2048;747
194,4167;152,7812;14,50;4,0052;0,2791;0,0000;0,6343;-0,0164;0,0000;0,0000;0,3489;-1,19;2,81;0;0,0239;41,77;0;1;0;8;0;0;410;2048;749
194,4306;152,8371;14,50;3,8665;0,2793;0,0000;0,6337;-0,0164;0,0000;0,0000;0,3491;-1,12;2,74;0;0,0240;41,63;0;1;0;8;0;0;410;2048;750
194,4444;153,1069;14,50;3,7544;0,2804;0,0000;0,6333;-0,0164;0,0000;0,0000;0,3505;-1,35;2,40;0;0,0244;40,97;0;1;0;8;0;0;410;2048;751
194,4583;153,1069;14,50;3,5489;0,2805;0,0000;0,6332;-0,0164;0,0000;0,0000;0,3506;-1,22;2,33;0;0,0244;40,97;0;1;0;8;0;0;410;2048;751
194,4722;153,1069;14,50;3,3842;0,2806;0,0000;0,6333;-0,0164;0,0000;0,0000;0,3507;-1,09;2,29;0;0,0244;40,97;0;1;0;7;0;0;410;2048;751
194,4861;153,1069;14,50;3,2477;0,2807;0,0000;0,6337;-0,0164;0,0000;0,0000;0,3509;-0,97;2,27;0;0,0244;40,97;0;1;0;7;0;0;410;2048;750
194,5000;153,1208;14,50;3,0854;0,2809;0,0000;0,6341;-0,0164;0,0000;0,0000;0,3511;-0,88;2,21;0;0,0244;40,93;0;1;0;7;0;0;410;2048;749
194,5139;153,1767;14,50;2,8851;0,2809;0,0000;0,6347;-0,0164;0,0000;0,0000;0,3511;-0,85;2,04;0;0,0245;40,79;0;1;0;7;0;0;410;2048;748
194,5278;153,2327;14,50;2,7390;0,2809;0,0000;0,6352;-0,0164;0,0000;0,0000;0,3511;-0,82;1,91;0;0,0246;40,65;0;1;0;7;0;0;410;2048;747
194,5417;153,2887;14,50;2,5982;0,2810;0,0000;0,6358;-0,0164;0,0000;0,0000;0,3512;-0,81;1,79;0;0,0247;40,50;0;1;0;7;0;0;410;2048;746
194,5556;153,5623;14,50;2,4220;0,2820;0,0000;0,6363;-0,0164;0,0000;0,0000;0,3525;-1,10;1,32;0;0,0251;39,82;0;1;0;7;0;0;410;2048;745
194,5694;153,5623;14,50;2,3297;0,2819;0,0000;0,6369;-0,0164;0,0000;0,0000;0,3523;-1,02;1,31;0;0,0251;39,82;0;1;0;7;0;0;410;2048;744
194,5833;153,5623;14,50;2,2076;0,2818;0,0000;0,6376;-0,0164;0,0000;0,0000;0,3522;-0,93;1,27;0;0,0251;39,82;0;1;0;7;0;0;410;2048;742
194,5972;153,5623;14,50;2,1472;0,2817;0,0000;0,6383;-0,0164;0,0000;0,0000;0,3521;-0,85;1,29;0;0,0251;39,82;0;1;0;7;0;0;410;2048;741
194,6111;153,5724;14,50;2,0849;0,2816;0,0000;0,6389;-0,0164;0,0000;0,0000;0,3521;-0,79;1,29;0;0,0251;39,79;0;1;0;7;0;0;410;2048;740
194,6250;153,6284;14,50;2,0588;0,2814;0,0000;0,6394;-0,0164;0,0000;0,0000;0,3518;-0,79;1,26;0;0,0252;39,65;0;1;0;7;0;0;410;2048;738
194,6389;153,6843;14,50;2,0429;0,2812;0,0000;0,6398;-0,0164;0,0000;0,0000;0,3515;-0,80;1,24;0;0,0253;39,50;0;1;0;7;0;0;410;2048;738
194,6528;153,7402;14,50;2,0375;0,2811;0,0000;0,6401;-0,0164;0,0000;0,0000;0,3514;-0,81;1,23;0;0,0254;39,35;0;1;0;7;0;0;410;2048;737
194,6667;154,0184;14,50;2,0376;0,2821;0,0000;0,6403;-0,0164;0,0000;0,0000;0,3526;-1,13;0,90;0;0,0259;38,65;0;1;0;7;0;0;410;2048;737
194,6806;154,0184;14,50;2,0383;0,2819;0,0000;0,6405;-0,0164;0,0000;0,0000;0,3523;-1,06;0,98;0;0,0259;38,65;0;1;0;7;0;0;410;2048;736
194,6944;154,0184;14,50;2,0444;0,2817;0,0000;0,6408;-0,0164;0,0000;0,0000;0,3521;-0,98;1,06;0;0,0259;38,65;0;1;0;7;0;0;410;2048;736
194,7083;154,0184;14,50;2,0686;0,2816;0,0000;0,6410;-0,0164;0,0000;0,0000;0,3520;-0,90;1,16;0;0,0259;38,65;0;1;0;7;0;0;410;2048;735
194,7222;154,0241;14,50;2,0997;0,2815;0,0000;0,6412;-0,0164;0,0000;0,0000;0,3519;-0,83;1,26;0;0,0259;38,63;0;1;0;7;0;0;410;2048;735
194,7361;154,0801;14,50;2,1609;0,2813;0,0000;0,6413;-0,0164;0,0000;0,0000;0,3516;-0,84;1,32;0;0,0260;38,48;0;1;0;7;0;0;410;2048;735
194,7500;154,1360;14,50;2,2534;0,2811;0,0000;0,6414;-0,0164;0,0000;0,0000;0,3514;-0,84;1,42;0;0,0261;38,34;0;1;0;7;0;0;410;2048;734
194,7639;154,1920;14,50;2,3571;0,2811;0,0000;0,6413;-0,0164;0,0000;0,0000;0,3514;-0,83;1,52;0;0,0262;38,19;0;1;0;7;0;0;410;2048;735
194,7778;154,4734;14,50;2,4463;0,2822;0,0000;0,6412;-0,0164;0,0000;0,0000;0,3528;-1,16;1,28;0;0,0267;37,47;0;1;0;7;0;0;410;2048;735
194,7917;154,4734;14,50;2,5491;0,2821;0,0000;0,6412;-0,0164;0,0000;0,0000;0,3527;-1,07;1,48;0;0,0267;37,47;0;1;0;7;0;0;410;2048;735
194,8056;154,4734;14,50;2,6851;0,2821;0,0000;0,6413;-0,0164;0,0000;0,0000;0,3527;-0,97;1,72;0;0,0267;37,47;0;1;0;7;0;0;410;2048;735
194,8194;154,4734;14,50;2,7701;0,2822;0,0000;0,6416;-0,0164;0,0000;0,0000;0,3528;-0,86;1,91;0;0,0267;37,47;0;1;0;7;0;0;410;2048;734
194,8333;154,4760;14,50;2,8636;0,2824;0,0000;0,6418;-0,0164;0,0000;0,0000;0,3531;-0,76;2,10;0;0,0267;37,47;0;1;0;7;0;0;410;2048;734
194,8472;154,5319;14,50;2,9074;0,2825;0,0000;0,6422;-0,0164;0,0000;0,0000;0,3531;-0,74;2,17;0;0,0266;37,53;0;1;0;7;0;0;410;2048;733
194,8611;154,5879;14,50;2,9558;0,2826;0,0000;0,6425;-0,0164;0,0000;0,0000;0,3533;-0,71;2,24;0;0,0266;37,59;0;1;0;7;0;0;410;2048;732
194,8750;154,6438;14,60;2,9914;0,2829;0,0000;0,6429;-0,0164;0,0000;0,0000;0,3536;-0,68;2,31;0;0,0266;37,65;0;1;0;7;0;0;410;2048;731
194,8889;154,9264;14,60;3,0291;0,2843;0,0000;0,6433;-0,0164;0,0000;0,0000;0,3554;-1,00;2,03;0;0,0263;37,97;0;1;0;7;0;0;410;2048;731
194,9028;154,9264;14,60;3,0391;0,2845;0,0000;0,6439;-0,0164;0,0000;0,0000;0,3556;-0,89;2,15;0;0,0263;37,97;0;1;0;7;0;0;410;2048;729
194,9167;154,9264;14,60;3,0446;0,2847;0,0000;0,6447;-0,0164;0,0000;0,0000;0,3559;-0,77;2,27;0;0,0263;37,97;0;1;0;7;0;0;410;2048;728
194,9306;154,9264;14,60;3,0455;0,2851;0,0000;0,6457;-0,0164;0,0000;0,0000;0,3563;-0,66;2,39;0;0,0263;37,97;0;1;0;7;0;0;410;2048;726
194,9444;154,9298;14,60;3,0268;0,2854;0,0000;0,6468;-0,0164;0,0000;0,0000;0,3568;-0,55;2,48;0;0,0263;37,98;0;1;0;7;0;0;410;2048;723
194,9583;154,9861;14,60;2,9860;0,2856;0,0000;0,6479;-0,0164;0,0000;0,0000;0,3570;-0,52;2,46;0;0,0262;38,12;0;1;0;7;0;0;410;2048;721
194,9722;155,0424;14,60;2,8970;0,2859;0,0000;0,6490;-0,0164;0,0000;0,0000;0,3574;-0,50;2,40;0;0,0261;38,26;0;1;0;7;0;0;410;2048;719
194,9861;155,0988;14,60;2,8111;0,2862;0,0000;0,6502;-0,0164;0,0000;0,0000;0,3578;-0,48;2,33;0;0,0260;38,41;0;1;0;7;0;0;410;2048;716
195,0000;155,3832;14,60;2,7018;0,2877;0,0000;0,6514;-0,0164;0,0000;0,0000;0,3596;-0,80;1,90;0;0,0255;39,15;0;1;0;7;0;0;410;2048;714
195,0139;155,3832;14,60;2,5638;0,2878;0,0000;0,6526;-0,0164;0,0000;0,0000;0,3598;-0,70;1,86;0;0,0255;39,15;0;1;0;7;0;0;410;2048;711
195,0278;155,3832;14,60;2,4104;0,2880;0,0000;0,6541;-0,0164;0,0000;0,0000;0,3600;-0,61;1,80;0;0,0255;39,15;0;1;0;7;0;0;410;2048;708
195,0417;155,3832;14,60;2,2144;0,2882;0,0000;0,6556;-0,0164;0,0000;0,0000;0,3602;-0,53;1,69;0;0,0255;39,15;0;1;0;7;0;0;410;2048;705
195,0556;155,3846;14,60;2,0155;0,2884;0,0000;0,6571;-0,0164;0,0000;0,0000;0,3605;-0,45;1,56;0;0,0255;39,15;0;1;0;7;0;0;410;2048;702
195,0694;155,4409;14,60;1,8822;0,2883;0,0000;0,6585;-0,0164;0,0000;0,0000;0,3604;-0,47;1,41;0;0,0254;39,29;0;1;0;7;0;0;410;2048;699
195,0833;155,4973;14,60;1,7469;0,2883;0,0000;0,6598;-0,0164;0,0000;0,0000;0,3604;-0,48;1,26;0;0,0254;39,44;0;1;0;7;0;0;410;2048;697
195,0972;155,5536;14,60;1,6096;0,2883;0,0000;0,6609;-0,0164;0,0000;0,0000;0,3603;-0,50;1,10;0;0,0253;39,58;0;1;0;7;0;0;410;2048;694
195,1111;155,6099;14,60;1,4786;0,2882;0,0000;0,6619;-0,0164;0,0000;0,0000;0,3603;-0,53;0,62;0;0,0252;39,72;0;1;0;7;0;0;410;2048;692
195,1250;155,8377;14,60;1,4023;0,2890;0,0000;0,6628;-0,0164;0,0000;0,0000;0,3613;-0,81;0,60;0;0,0248;40,31;0;1;0;7;0;0;410;2048;691
195,1389;155,8377;14,60;1,3228;0,2888;0,0000;0,6636;-0,0164;0,0000;0,0000;0,3610;-0,76;0,57;0;0,0248;40,31;0;1;0;7;0;0;410;2048;689
195,1528;155,8377;14,60;1,2685;0,2886;0,0000;0,6643;-0,0164;0,0000;0,0000;0,3607;-0,71;0,56;0;0,0248;40,31;0;1;0;7;0;0;410;2048;687
195,1667;155,8393;14,60;1,2393;0,2884;0,0000;0,6650;-0,0164;0,0000;0,0000;0,3605;-0,66;0,57;0;0,0248;40,31;0;1;0;7;0;0;410;2048;686
195,1806;155,8956;14,60;1,2181;0,2880;0,0000;0,6655;-0,0164;0,0000;0,0000;0,3600;-0,70;0,52;0;0,0247;40,45;0;1;0;7;0;0;410;2048;685
195,1944;155,9520;14,60;1,2108;0,2877;0,0000;0,6657;-0,0164;0,0000;0,0000;0,3596;-0,73;0,48;0;0,0246;40,59;0;1;0;7;0;0;410;2048;685
195,2083;156,0083;14,60;1,2030;0,2874;0,0000;0,6656;-0,0164;0,0000;0,0000;0,3592;-0,76;0,44;0;0,0246;40,73;0;1;0;7;0;0;410;2048;685
195,2222;156,0646;14,60;1,2041;0,2871;0,0000;0,6655;-0,0164;0,0000;0,0000;0,3588;-0,80;0,40;0;0,0245;40,87;0;1;0;7;0;0;410;2048;685
195,2361;156,2948;14,60;1,2270;0,2876;0,0000;0,6653;-0,0164;0,0000;0,0000;0,3595;-1,07;0,15;0;0,0241;41,46;0;1;0;7;0;0;410;2048;686
195,2500;156,2948;14,60;1,2741;0,2872;0,0000;0,6650;-0,0164;0,0000;0,0000;0,3589;-1,02;0,25;0;0,0241;41,46;0;1;0;7;0;0;410;2048;686
195,2639;156,2948;14,60;1,3670;0,2868;0,0000;0,6648;-0,0164;0,0000;0,0000;0,3585;-0,97;0,39;0;0,0241;41,46;0;1;0;7;0;0;410;2048;687
195,2778;156,2948;14,60;1,4488;0,2865;0,0000;0,6644;-0,0164;0,0000;0,0000;0,3581;-0,92;0,53;0;0,0241;41,46;0;1;0;7;0;0;410;2048;687
195,2917;156,3502;14,60;1,5146;0,2860;0,0000;0,6640;-0,0164;0,0000;0,0000;0,3574;-0,94;0,58;0;0,0240;41,59;0;1;0;7;0;0;410;2048;688
195,3056;156,4065;14,60;1,5976;0,2855;0,0000;0,6635;-0,0164;0,0000;0,0000;0,3569;-0,95;0,64;0;0,0240;41,73;0;1;0;7;0;0;410;2048;689
195,3194;156,4629;14,60;1,7176;0,2852;0,0000;0,6628;-0,0164;0,0000;0,0000;0,3565;-0,97;0,75;0;0,0239;41,86;0;1;0;7;0;0;410;2048;691
195,3333;156,5192;14,60;1,8370;0,2849;0,0000;0,6620;-0,0164;0,0000;0,0000;0,3561;-0,97;0,86;0;0,0238;42,00;0;1;0;7;0;0;410;2048;692
195,3472;156,7491;14,60;1,9533;0,2855;0,0000;0,6611;-0,0164;0,0000;0,0000;0,3568;-1,21;0,74;0;0,0235;42,58;0;1;0;7;0;0;410;2048;694
195,3611;156,7491;14,60;2,0289;0,2851;0,0000;0,6603;-0,0164;0,0000;0,0000;0,3564;-1,14;0,89;0;0,0235;42,58;0;1;0;7;0;0;410;2048;696
195,3750;156,7491;14,50;2,1087;0,2849;0,0000;0,6595;-0,0164;0,0000;0,0000;0,3561;-1,06;1,05;0;0,0235;42,58;0;1;0;7;0;0;410;2048;697
195,3889;156,7491;14,50;2,1497;0,2847;0,0000;0,6588;-0,0164;0,0000;0,0000;0,3559;-0,98;1,17;0;0,0235;42,58;0;1;0;7;0;0;410;2048;699
195,4028;156,8039;14,50;2,2216;0,2844;0,0000;0,6581;-0,0164;0,0000;0,0000;0,3555;-0,97;1,25;0;0,0234;42,71;0;1;0;7;0;0;410;2048;700
195,4167;156,8598;14,50;2,2810;0,2842;0,0000;0,6573;-0,0164;0,0000;0,0000;0,3552;-0,96;1,32;0;0,0233;42,84;0;1;0;7;0;0;410;2048;702
195,4306;156,9158;14,50;2,3181;0,2840;0,0000;0,6566;-0,0164;0,0000;0,0000;0,3550;-0,95;1,37;0;0,0233;42,97;0;1;0;7;0;0;410;2048;703
195,4444;156,9717;14,50;2,3485;0,2839;0,0000;0,6559;-0,0164;0,0000;0,0000;0,3549;-0,93;1,41;0;0,0232;43,11;0;1;0;7;0;0;410;2048;705
195,4583;157,2063;14,50;2,3828;0,2847;0,0000;0,6551;-0,0164;0,0000;0,0000;0,3558;-1,15;1,23;0;0,0229;43,68;0;1;0;7;0;0;410;2048;706
195,4722;157,2063;14,50;2,4159;0,2845;0,0000;0,6545;-0,0164;0,0000;0,0000;0,3556;-1,06;1,35;0;0,0229;43,68;0;1;0;0;0;0;410;2048;708
195,4861;157,2063;14,50;2,4169;0,2844;0,0000;0,6541;-0,0164;0,0000;0,0000;0,3555;-0,97;1,44;0;0,0229;43,68;0;1;0;0;0;0;410;2048;708
195,5000;157,2063;14,50;2,4164;0,2844;0,0000;0,6537;-0,0164;0,0000;0,0000;0,3555;-0,88;1,53;0;0,0229;43,68;0;1;0;0;0;0;410;2048;709
195,5139;157,2552;14,50;2,3998;0,2842;0,0000;0,6534;-0,0164;0,0000;0,0000;0,3553;-0,86;1,54;0;0,0228;43,79;0;1;0;0;0;0;410;2048;710
195,5278;157,3111;14,50;2,3684;0,2841;0,0000;0,6532;-0,0164;0,0000;0,0000;0,3551;-0,84;1,52;0;0,0228;43,92;0;1;0;0;0;0;410;2048;710
195,5417;157,3671;14,50;2,3525;0,2841;0,0000;0,6529;-0,0164;0,0000;0,0000;0,3551;-0,83;1,52;0;0,0227;44,05;0;1;0;0;0;0;410;2048;711
195,5556;157,4230;14,50;2,3134;0,2841;0,0000;0,6527;-0,0164;0,0000;0,0000;0,3551;-0,81;1,50;0;0,0226;44,18;0;1;0;0;0;0;410;2048;711
195,5694;157,6605;14,50;2,2825;0,2849;0,0000;0,6524;-0,0164;0,0000;0,0000;0,3561;-1,03;1,25;0;0,0223;44,75;0;1;0;0;0;0;410;2048;712
195,5833;157,6605;14,50;2,2557;0,2847;0,0000;0,6523;-0,0164;0,0000;0,0000;0,3559;-0,95;1,31;0;0,0223;44,75;0;1;0;0;0;0;410;2048;712
195,5972;157,6605;14,50;2,2287;0,2847;0,0000;0,6523;-0,0164;0,0000;0,0000;0,3559;-0,87;1,36;0;0,0223;44,75;0;1;0;0;0;0;410;2048;712
195,6111;157,6605;14,50;2,2111;0,2847;0,0000;0,6524;-0,0164;0,0000;0,0000;0,3559;-0,78;1,43;0;0,0223;44,75;0;1;0;0;0;0;410;2048;712
195,6250;157,7064;14,50;2,1913;0,2846;0,0000;0,6525;-0,0164;0,0000;0,0000;0,3557;-0,76;1,43;0;0,0223;44,86;0;1;0;0;0;0;410;2048;712
195,6389;157,7623;14,50;2,1824;0,2845;0,0000;0,6526;-0,0164;0,0000;0,0000;0,3556;-0,75;1,43;0;0,0222;44,98;0;1;0;0;0;0;410;2048;711
195,6528;157,8183;14,50;2,1757;0,2845;0,0000;0,6526;-0,0164;0,0000;0,0000;0,3556;-0,74;1,44;0;0,0222;45,11;0;1;0;0;0;0;410;2048;711
195,6667;157,8742;14,50;2,1762;0,2845;0,0000;0,6526;-0,0164;0,0000;0,0000;0,3556;-0,73;1,45;0;0,0221;45,24;0;1;0;0;0;0;410;2048;711
195,6806;158,1176;14,50;2,1850;0,2854;0,0000;0,6526;-0,0164;0,0000;0,0000;0,3567;-0,95;1,23;0;0,0218;45,80;0;1;0;0;0;0;410;2048;711
195,6944;158,1176;14,50;2,2006;0,2853;0,0000;0,6527;-0,0164;0,0000;0,0000;0,3566;-0,87;1,33;0;0,0218;45,80;0;1;0;0;0;0;410;2048;711
195,7083;158,1176;14,50;2,2150;0,2853;0,0000;0,6530;-0,0164;0,0000;0,0000;0,3566;-0,79;1,43;0;0,0218;45,80;0;1;0;0;0;0;410;2048;711
195,7222;158,1176;14,50;2,2239;0,2854;0,0000;0,6533;-0,0164;0,0000;0,0000;0,3567;-0,70;1,52;0;0,0218;45,80;0;1;0;0;0;0;410;2048;710
195,7361;158,1575;14,50;2,2288;0,2854;0,0000;0,6536;-0,0164;0,0000;0,0000;0,3567;-0,67;1,56;0;0,0218;45,89;0;1;0;0;0;0;410;2048;709
195,7500;158,2135;14,50;2,2160;0,2853;0,0000;0,6539;-0,0164;0,0000;0,0000;0,3567;-0,66;1,56;0;0,0217;46,02;0;1;0;0;0;0;410;2048;709
195,7639;158,2694;14,50;2,1963;0,2854;0,0000;0,6542;-0,0164;0,0000;0,0000;0,3567;-0,64;1,55;0;0,0217;46,14;0;1;0;0;0;0;410;2048;708
195,7778;158,3253;14,50;2,1769;0,2855;0,0000;0,6545;-0,0164;0,0000;0,0000;0,3569;-0,63;1,54;0;0,0216;46,27;0;1;0;0;0;0;410;2048;708
195,7917;158,5719;14,50;2,1582;0,2864;0,0000;0,6547;-0,0164;0,0000;0,0000;0,3580;-0,86;1,30;0;0,0214;46,82;0;1;0;0;0;0;410;2048;707
195,8056;158,5719;14,50;2,1306;0,2864;0,0000;0,6551;-0,0164;0,0000;0,0000;0,3580;-0,77;1,36;0;0,0214;46,82;0;1;0;0;0;0;410;2048;706
195,8194;158,5719;14,50;2,1067;0,2865;0,0000;0,6556;-0,0164;0,0000;0,0000;0,3581;-0,70;1,41;0;0,0214;46,82;0;1;0;0;0;0;410;2048;705
195,8333;158,5719;14,50;2,0724;0,2866;0,0000;0,6561;-0,0164;0,0000;0,0000;0,3582;-0,62;1,45;0;0,0214;46,82;0;1;0;0;0;0;410;2048;704
195,8472;158,6086;14,50;2,0390;0,2866;0,0000;0,6566;-0,0164;0,0000;0,0000;0,3582;-0,59;1,45;0;0,0213;46,90;0;1;0;0;0;0;410;2048;703
195,8611;158,6645;14,50;1,9830;0,2866;0,0000;0,6572;-0,0164;0,0000;0,0000;0,3582;-0,58;1,40;0;0,0213;47,02;0;1;0;0;0;0;410;2048;702
195,8750;158,7204;14,50;1,9355;0,2866;0,0000;0,6577;-0,0164;0,0000;0,0000;0,3583;-0,57;1,36;0;0,0212;47,14;0;1;0;0;0;0;410;2048;701
195,8889;158,7764;14,50;1,8678;0,2867;0,0000;0,6581;-0,0164;0,0000;0,0000;0,3583;-0,57;1,30;0;0,0212;47,26;0;1;0;0;0;0;410;2048;700
195,9028;159,0289;14,50;1,7872;0,2875;0,0000;0,6585;-0,0164;0,0000;0,0000;0,3594;-0,81;0,98;0;0,0209;47,82;0;1;0;0;0;0;410;2048;699
195,9167;159,0289;14,50;1,6990;0,2874;0,0000;0,6590;-0,0164;0,0000;0,0000;0,3593;-0,75;0,95;0;0,0209;47,82;0;1;0;0;0;0;410;2048;698
195,9306;159,0289;14,50;1,5646;0,2873;0,0000;0,6595;-0,0164;0,0000;0,0000;0,3592;-0,69;0,88;0;0,0209;47,82;0;1;0;0;0;0;410;2048;697
195,9444;159,0289;14,50;1,4370;0,2873;0,0000;0,6601;-0,0164;0,0000;0,0000;0,3591;-0,63;0,80;0;0,0209;47,82;0;1;0;0;0;0;410;2048;696
195,9583;159,0595;14,50;1,3447;0,2871;0,0000;0,6606;-0,0164;0,0000;0,0000;0,3589;-0,62;0,73;0;0,0209;47,88;0;1;0;0;0;0;410;2048;695
195,9722;159,1155;14,50;1,2383;0,2868;0,0000;0,6610;-0,0164;0,0000;0,0000;0,3585;-0,64;0,60;0;0,0208;48,00;0;1;0;0;0;0;410;2048;694
195,9861;159,1714;14,50;1,1278;0,2866;0,0000;0,6612;-0,0164;0,0000;0,0000;0,3582;-0,66;0,46;0;0,0208;48,12;0;1;0;0;0;0;410;2048;694
196,0000;159,2274;14,50;1,0360;0,2863;0,0000;0,6614;-0,0164;0,0000;0,0000;0,3579;-0,69;0,35;0;0,0207;48,23;0;1;0;0;0;0;410;2048;694
196,0139;159,4832;14,50;0,9468;0,2868;0,0000;0,6614;-0,0164;0,0000;0,0000;0,3585;-0,96;0,00;0;0,0205;48,78;0;1;0;0;0;0;410;2048;694
196,0278;159,4832;14,50;0,9031;0,2863;0,0000;0,6613;-0,0164;0,0000;0,0000;0,3579;-0,92;-0,02;0;0,0205;48,78;0;1;0;0;0;0;410;2048;694
196,0417;159,4832;14,50;0,8773;0,2859;0,0000;0,6612;-0,0164;0,0000;0,0000;0,3574;-0,89;0,00;0;0,0205;48,78;0;1;0;0;0;0;410;2048;694
196,0556;159,4832;14,50;0,8582;0,2855;0,0000;0,6610;-0,0164;0,0000;0,0000;0,3568;-0,86;0,00;0;0,0205;48,78;0;1;0;0;0;0;410;2048;694
196,0694;159,5104;14,50;0,8344;0,2850;0,0000;0,6606;-0,0164;0,0000;0,0000;0,3562;-0,86;-0,02;0;0,0205;48,83;0;1;0;0;0;0;410;2048;695
196,0833;159,5663;14,50;0,8077;0,2844;0,0000;0,6601;-0,0164;0,0000;0,0000;0,3555;-0,89;-0,08;0;0,0204;48,95;0;1;0;0;0;0;410;2048;696
196,0972;159,6223;14,50;0,7923;0,2838;0,0000;0,6594;-0,0164;0,0000;0,0000;0,3548;-0,93;-0,13;0;0,0204;49,06;0;1;0;0;0;0;410;2048;698
196,1111;159,6782;14,50;0,7933;0,2833;0,0000;0,6585;-0,0164;0,0000;0,0000;0,3541;-0,96;-0,17;0;0,0203;49,17;0;1;0;0;0;0;410;2048;699
196,1250;159,9401;14,50;0,8046;0,2835;0,0000;0,6574;-0,0164;0,0000;0,0000;0,3544;-1,23;-0,43;0;0,0201;49,71;0;1;0;0;0;0;410;2048;702
196,1389;159,9401;14,60;0,8239;0,2828;0,0000;0,6563;-0,0164;0,0000;0,0000;0,3535;-1,20;-0,38;0;0,0201;49,71;0;1;0;0;0;0;410;2048;704
196,1528;159,9401;14,60;0,8670;0,2822;0,0000;0,6551;-0,0164;0,0000;0,0000;0,3527;-1,17;-0,30;0;0,0201;49,71;0;1;0;0;0;0;410;2048;706
196,1667;159,9401;14,60;0,9105;0,2815;0,0000;0,6539;-0,0164;0,0000;0,0000;0,3519;-1,14;-0,22;0;0,0201;49,71;0;1;0;0;0;0;410;2048;709
196,1806;159,9623;14,60;0,9783;0,2809;0,0000;0,6525;-0,0164;0,0000;0,0000;0,3511;-1,12;-0,15;0;0,0201;49,76;0;1;0;0;0;0;410;2048;712
196,1944;160,0186;14,60;1,0266;0,2801;0,0000;0,6510;-0,0164;0,0000;0,0000;0,3502;-1,15;-0,12;0;0,0201;49,87;0;1;0;0;0;0;410;2048;715
196,2083;160,0749;14,60;1,0716;0,2794;0,0000;0,6493;-0,0164;0,0000;0,0000;0,3493;-1,17;-0,10;0;0,0200;49,98;0;1;0;0;0;0;410;2048;718
196,2222;160,1313;14,60;1,1196;0,2788;0,0000;0,6475;-0,0164;0,0000;0,0000;0,3485;-1,19;-0,08;0;0,0200;50,09;0;1;0;0;0;0;410;2048;722
196,2361;160,3946;14,60;1,1617;0,2789;0,0000;0,6455;-0,0164;0,0000;0,0000;0,3487;-1,45;-0,29;0;0,0198;50,61;0;1;0;0;0;0;410;2048;726
196,2500;160,3946;14,60;1,1915;0,2782;0,0000;0,6435;-0,0164;0,0000;0,0000;0,3477;-1,41;-0,21;0;0,0198;50,61;0;1;0;0;0;0;410;2048;730
196,2639;160,3946;14,60;1,2305;0,2775;0,0000;0,6416;-0,0164;0,0000;0,0000;0,3468;-1,36;-0,13;0;0,0198;50,61;0;1;0;0;0;0;410;2048;734
196,2778;160,3946;14,60;1,2613;0,2768;0,0000;0,6396;-0,0164;0,0000;0,0000;0,3460;-1,31;-0,05;0;0,0198;50,61;0;1;0;0;0;0;410;2048;738
196,2917;160,4160;14,60;1,2902;0,2761;0,0000;0,6376;-0,0164;0,0000;0,0000;0,3451;-1,29;0,00;0;0,0197;50,65;0;1;0;0;0;0;410;2048;742
196,3056;160,4723;14,60;1,3285;0,2753;0,0000;0,6354;-0,0164;0,0000;0,0000;0,3442;-1,30;0,02;0;0,0197;50,75;0;1;0;0;0;0;410;2048;747
196,3194;160,5286;14,60;1,3803;0,2746;0,0000;0,6332;-0,0164;0,0000;0,0000;0,3433;-1,31;0,07;0;0,0197;50,86;0;1;0;0;0;0;410;2048;751
196,3333;160,5850;14,60;1,4098;0,2740;0,0000;0,6309;-0,0164;0,0000;0,0000;0,3425;-1,32;0,09;0;0,0196;50,97;0;1;0;0;0;0;410;2048;756
196,3472;160,8513;14,60;1,4313;0,2741;0,0000;0,6286;-0,0164;0,0000;0,0000;0,3426;-1,56;-0,13;0;0,0194;51,47;0;1;0;0;0;0;410;2048;761
196,3611;160,8513;14,60;1,4513;0,2733;0,0000;0,6262;-0,0164;0,0000;0,0000;0,3417;-1,51;-0,06;0;0,0194;51,47;0;1;0;0;0;0;410;2048;765
196,3750;160,8513;14,60;1,4625;0,2726;0,0000;0,6240;-0,0164;0,0000;0,0000;0,3408;-1,45;0,00;0;0,0194;51,47;0;1;0;0;0;0;410;2048;770
196,3889;160,8513;14,60;1,4802;0,2720;0,0000;0,6217;-0,0164;0,0000;0,0000;0,3399;-1,40;0,08;0;0,0194;51,47;0;1;0;0;0;0;410;2048;775
196,4028;160,8696;14,60;1,4978;0,2713;0,0000;0,6194;-0,0164;0,0000;0,0000;0,3391;-1,36;0,13;0;0,0194;51,51;0;1;0;0;0;0;410;2048;780
196,4167;160,9259;14,60;1,5123;0,2705;0,0000;0,6170;-0,0164;0,0000;0,0000;0,3381;-1,37;0,14;0;0,0194;51,61;0;1;0;0;0;0;410;2048;784
196,4306;160,9823;14,60;1,5263;0,2698;0,0000;0,6146;-0,0164;0,0000;0,0000;0,3372;-1,37;0,16;0;0,0193;51,71;0;1;0;0;0;0;410;2048;789
196,4444;161,0386;14,60;1,5418;0,2691;0,0000;0,6120;-0,0164;0,0000;0,0000;0,3364;-1,37;0,17;0;0,0193;51,81;0;1;0;0;0;0;410;2048;795
196,4583;161,3060;14,60;1,5662;0,2692;0,0000;0,6094;-0,0164;0,0000;0,0000;0,3365;-1,61;-0,04;0;0,0191;52,30;0;1;0;0;0;0;410;2048;800
196,4722;161,3060;14,60;1,5871;0,2684;0,0000;0,6067;-0,0164;0,0000;0,0000;0,3356;-1,55;0,04;0;0,0191;52,30;0;1;0;5;0;0;410;2048;805
196,4861;161,3060;14,60;1,6235;0,2677;0,0000;0,6042;-0,0164;0,0000;0,0000;0,3347;-1,49;0,13;0;0,0191;52,30;0;1;0;5;0;0;410;2048;811
196,5000;161,3060;14,60;1,6663;0,2671;0,0000;0,6016;-0,0164;0,0000;0,0000;0,3339;-1,43;0,24;0;0,0191;52,30;0;1;0;5;0;0;410;2048;816
196,5139;161,3231;14,60;1,6960;0,2665;0,0000;0,5990;-0,0164;0,0000;0,0000;0,3331;-1,38;0,32;0;0,0191;52,33;0;1;0;5;0;0;410;2048;821
196,5278;161,3794;14,60;1,7252;0,2657;0,0000;0,5964;-0,0164;0,0000;0,0000;0,3322;-1,38;0,35;0;0,0191;52,43;0;1;0;5;0;0;410;2048;827
196,5417;161,4357;14,60;1,7481;0,2651;0,0000;0,5936;-0,0164;0,0000;0,0000;0,3313;-1,37;0,38;0;0,0190;52,52;0;1;0;5;0;0;410;2048;832
196,5556;161,4921;14,60;1,7671;0,2645;0,0000;0,5908;-0,0164;0,0000;0,0000;0,3306;-1,36;0,40;0;0,0190;52,62;0;1;0;5;0;0;410;2048;838
196,5694;161,7625;14,60;1,8016;0,2647;0,0000;0,5879;-0,0164;0,0000;0,0000;0,3309;-1,59;0,21;0;0,0188;53,09;0;1;0;5;0;0;410;2048;844
196,5833;161,7625;14,60;1,8246;0,2640;0,0000;0,5851;-0,0164;0,0000;0,0000;0,3300;-1,52;0,30;0;0,0188;53,09;0;1;0;5;0;0;410;2048;850
196,5972;161,7625;14,60;1,8624;0,2634;0,0000;0,5824;-0,0164;0,0000;0,0000;0,3293;-1,45;0,41;0;0,0188;53,09;0;1;0;5;0;0;410;2048;855
196,6111;161,7625;14,60;1,8868;0,2629;0,0000;0,5797;-0,0164;0,0000;0,0000;0,3286;-1,38;0,51;0;0,0188;53,09;0;1;0;5;0;0;410;2048;861
196,6250;161,7765;14,60;1,8940;0,2623;0,0000;0,5771;-0,0164;0,0000;0,0000;0,3279;-1,32;0,57;0;0,0188;53,12;0;1;0;5;0;0;410;2048;866
196,6389;161,8329;14,60;1,9269;0,2617;0,0000;0,5744;-0,0164;0,0000;0,0000;0,3272;-1,31;0,62;0;0,0188;53,21;0;1;0;5;0;0;410;2048;872
196,6528;161,8892;14,60;1,9541;0,2612;0,0000;0,5717;-0,0164;0,0000;0,0000;0,3265;-1,30;0,66;0;0,0188;53,30;0;1;0;5;0;0;410;2048;877
196,6667;161,9455;14,60;2,0243;0,2607;0,0000;0,5690;-0,0164;0,0000;0,0000;0,3258;-1,28;0,74;0;0,0187;53,39;0;1;0;5;0;0;410;2048;883
196,6806;162,2175;14,60;2,0405;0,2610;0,0000;0,5662;-0,0164;0,0000;0,0000;0,3262;-1,49;0,55;0;0,0186;53,85;0;1;0;5;0;0;410;2048;888
196,6944;162,2175;14,60;2,0565;0,2605;0,0000;0,5635;-0,0164;0,0000;0,0000;0,3256;-1,42;0,64;0;0,0186;53,85;0;1;0;5;0;0;410;2048;894
196,7083;162,2175;14,60;2,0850;0,2600;0,0000;0,5611;-0,0164;0,0000;0,0000;0,3250;-1,34;0,75;0;0,0186;53,85;0;1;0;5;0;0;410;2048;899
196,7222;162,2175;14,60;2,0970;0,2596;0,0000;0,5587;-0,0164;0,0000;0,0000;0,3245;-1,26;0,84;0;0,0186;53,85;0;1;0;5;0;0;410;2048;904
196,7361;162,2299;14,60;2,1096;0,2592;0,0000;0,5564;-0,0164;0,0000;0,0000;0,3241;-1,19;0,92;0;0,0186;53,87;0;1;0;5;0;0;410;2048;909
196,7500;162,2862;14,60;2,1135;0,2588;0,0000;0,5541;-0,0164;0,0000;0,0000;0,3235;-1,17;0,94;0;0,0185;53,95;0;1;0;5;0;0;410;2048;913
196,7639;162,3426;14,60;2,1110;0,2584;0,0000;0,5518;-0,0164;0,0000;0,0000;0,3230;-1,15;0,96;0;0,0185;54,04;0;1;0;5;0;0;410;2048;918
196,7778;162,3989;14,60;2,1061;0,2581;0,0000;0,5496;-0,0164;0,0000;0,0000;0,3226;-1,13;0,97;0;0,0185;54,13;0;1;0;5;0;0;410;2048;922
196,7917;162,6736;14,60;2,1034;0,2586;0,0000;0,5474;-0,0164;0,0000;0,0000;0,3232;-1,34;0,76;0;0,0183;54,57;0;1;0;5;0;0;410;2048;927
196,8056;162,6736;14,60;2,0982;0,2582;0,0000;0,5454;-0,0164;0,0000;0,0000;0,3227;-1,26;0,84;0;0,0183;54,57;0;1;0;5;0;0;410;2048;931
196,8194;162,6736;14,60;2,0877;0,2578;0,0000;0,5435;-0,0164;0,0000;0,0000;0,3223;-1,18;0,90;0;0,0183;54,57;0;1;0;5;0;0;410;2048;935
196,8333;162,6736;14,60;2,0832;0,2575;0,0000;0,5418;-0,0164;0,0000;0,0000;0,3219;-1,11;0,98;0;0,0183;54,57;0;1;0;5;0;0;410;2048;938
196,8472;162,6832;14,60;2,0705;0,2573;0,0000;0,5402;-0,0164;0,0000;0,0000;0,3216;-1,04;1,03;0;0,0183;54,58;0;1;0;5;0;0;410;2048;942
196,8611;162,7396;14,60;2,0604;0,2569;0,0000;0,5386;-0,0164;0,0000;0,0000;0,3212;-1,02;1,04;0;0,0183;54,66;0;1;0;5;0;0;410;2048;945
196,8750;162,7959;14,60;2,0417;0,2566;0,0000;0,5370;-0,0164;0,0000;0,0000;0,3208;-1,00;1,04;0;0,0183;54,75;0;1;0;5;0;0;410;2048;948
196,8889;162,8522;14,60;2,0302;0,2564;0,0000;0,5354;-0,0164;0,0000;0,0000;0,3205;-0,98;1,05;0;0,0182;54,83;0;1;0;5;0;0;410;2048;952
196,9028;163,1289;14,60;2,0084;0,2569;0,0000;0,5338;-0,0164;0,0000;0,0000;0,3212;-1,20;0,81;0;0,0181;55,24;0;1;0;5;0;0;410;2048;955
196,9167;163,1289;14,60;1,9852;0,2566;0,0000;0,5324;-0,0164;0,0000;0,0000;0,3208;-1,12;0,87;0;0,0181;55,24;0;1;0;5;0;0;410;2048;958
196,9306;163,1289;14,60;1,9503;0,2564;0,0000;0,5311;-0,0164;0,0000;0,0000;0,3204;-1,05;0,90;0;0,0181;55,24;0;1;0;5;0;0;410;2048;960
196,9444;163,1289;14,60;1,8901;0,2561;0,0000;0,5300;-0,0164;0,0000;0,0000;0,3202;-0,97;0,92;0;0,0181;55,24;0;1;0;5;0;0;410;2048;963
196,9583;163,1365;14,60;1,8253;0,2559;0,0000;0,5289;-0,0164;0,0000;0,0000;0,3199;-0,91;0,91;0;0,0181;55,25;0;1;0;5;0;0;410;2048;965
196,9722;163,1929;14,60;1,7752;0,2556;0,0000;0,5278;-0,0164;0,0000;0,0000;0,3195;-0,90;0,87;0;0,0181;55,33;0;1;0;5;0;0;410;2048;967
196,9861;163,2492;14,60;1,6946;0,2553;0,0000;0,5267;-0,0164;0,0000;0,0000;0,3191;-0,90;0,79;0;0,0180;55,41;0;1;0;5;0;0;410;2048;969
197,0000;163,3055;14,60;1,6177;0,2550;0,0000;0,5255;-0,0164;0,0000;0,0000;0,3187;-0,90;0,72;0;0,0180;55,49;0;1;0;5;0;0;410;2048;972
197,0139;163,5848;14,60;1,5578;0,2554;0,0000;0,5242;-0,0164;0,0000;0,0000;0,3193;-1,13;0,43;0;0,0179;55,88;0;1;0;5;0;0;410;2048;974
197,0278;163,5848;14,60;1,4942;0,2550;0,0000;0,5231;-0,0164;0,0000;0,0000;0,3188;-1,07;0,43;0;0,0179;55,88;0;1;0;5;0;0;410;2048;977
197,0417;163,5848;14,60;1,4557;0,2547;0,0000;0,5220;-0,0164;0,0000;0,0000;0,3183;-1,01;0,44;0;0,0179;55,88;0;1;0;5;0;0;410;2048;979
197,0556;163,5848;14,60;1,4104;0,2543;0,0000;0,5209;-0,0164;0,0000;0,0000;0,3179;-0,96;0,45;0;0,0179;55,88;0;1;0;5;0;0;410;2048;981
197,0694;163,5898;14,60;1,3793;0,2540;0,0000;0,5198;-0,0164;0,0000;0,0000;0,3175;-0,91;0,46;0;0,0179;55,89;0;1;0;5;0;0;410;2048;983
197,0833;163,6461;14,60;1,3534;0,2535;0,0000;0,5186;-0,0164;0,0000;0,0000;0,3168;-0,92;0,43;0;0,0179;55,96;0;1;0;5;0;0;410;2048;986
197,0972;163,7024;14,60;1,3375;0,2530;0,0000;0,5172;-0,0164;0,0000;0,0000;0,3162;-0,93;0,41;0;0,0178;56,03;0;1;0;5;0;0;410;2048;989
197,1111;163,7587;14,60;1,3237;0,2526;0,0000;0,5157;-0,0164;0,0000;0,0000;0,3157;-0,94;0,39;0;0,0178;56,11;0;1;0;5;0;0;410;2048;992
197,1250;164,0403;14,60;1,3214;0,2529;0,0000;0,5141;-0,0164;0,0000;0,0000;0,3161;-1,18;0,15;0;0,0177;56,48;0;1;0;5;0;0;410;2048;995
197,1389;164,0403;14,60;1,3167;0,2524;0,0000;0,5124;-0,0164;0,0000;0,0000;0,3155;-1,13;0,19;0;0,0177;56,48;0;1;0;5;0;0;410;2048;999
197,1528;164,0403;14,60;1,3248;0,2519;0,0000;0,5108;-0,0164;0,0000;0,0000;0,3148;-1,07;0,25;0;0,0177;56,48;0;1;0;5;0;0;410;2048;1002
197,1667;164,0403;14,60;1,3290;0,2514;0,0000;0,5091;-0,0164;0,0000;0,0000;0,3143;-1,02;0,30;0;0,0177;56,48;0;1;0;5;0;0;410;2048;1005
197,1806;164,0429;14,60;1,3396;0,2510;0,0000;0,5073;-0,0164;0,0000;0,0000;0,3138;-0,98;0,36;0;0,0177;56,48;0;1;0;5;0;0;410;2048;1009
197,1944;164,0992;14,60;1,3460;0,2505;0,0000;0,5055;-0,0164;0,0000;0,0000;0,3131;-0,98;0,36;0;0,0177;56,55;0;1;0;5;0;0;410;2048;1013
197,2083;164,1555;14,60;1,3578;0,2500;0,0000;0,5035;-0,0164;0,0000;0,0000;0,3125;-0,99;0,37;0;0,0177;56,62;0;1;0;5;0;0;410;2048;1017
197,2222;164,2119;14,60;1,3703;0,2495;0,0000;0,5014;-0,0164;0,0000;0,0000;0,3119;-0,99;0,38;0;0,0176;56,69;0;1;0;5;0;0;410;2048;1021
197,2361;164,2682;14,60;1,3820;0,2491;0,0000;0,4992;-0,0164;0,0000;0,0000;0,3114;-1,00;0,15;0;0,0176;56,76;0;1;0;5;0;0;410;2048;1026
197,2500;164,4960;14,60;1,3925;0,2493;0,0000;0,4969;-0,0164;0,0000;0,0000;0,3116;-1,17;0,22;0;0,0175;57,04;0;1;0;5;0;0;410;2048;1030
197,2639;164,4960;14,60;1,4036;0,2488;0,0000;0,4947;-0,0164;0,0000;0,0000;0,3110;-1,12;0,28;0;0,0175;57,04;0;1;0;5;0;0;410;2048;1035
197,2778;164,4960;14,60;1,4199;0,2484;0,0000;0,4925;-0,0164;0,0000;0,0000;0,3105;-1,07;0,35;0;0,0175;57,04;0;1;0;5;0;0;410;2048;1039
197,2917;164,4960;14,60;1,4514;0,2480;0,0000;0,4904;-0,0164;0,0000;0,0000;0,3100;-1,01;0,44;0;0,0175;57,04;0;1;0;5;0;0;410;2048;1044
197,3056;164,5523;14,60;1,4921;0,2474;0,0000;0,4882;-0,0164;0,0000;0,0000;0,3093;-1,01;0,48;0;0,0175;57,10;0;1;0;5;0;0;410;2048;1048
197,3194;164,6086;14,60;1,5597;0,2470;0,0000;0,4861;-0,0164;0,0000;0,0000;0,3087;-1,01;0,55;0;0,0175;57,16;0;1;0;5;0;0;410;2048;1053
197,3333;164,6650;14,60;1,6380;0,2466;0,0000;0,4838;-0,0164;0,0000;0,0000;0,3082;-1,00;0,63;0;0,0175;57,23;0;1;0;5;0;0;410;2048;1057
197,3472;164,7213;14,60;1,7220;0,2463;0,0000;0,4815;-0,0164;0,0000;0,0000;0,3079;-0,99;0,73;0;0,0175;57,29;0;1;0;5;0;0;410;2048;1062
197,3611;164,9518;14,60;1,8161;0,2466;0,0000;0,4792;-0,0164;0,0000;0,0000;0,3083;-1,15;0,66;0;0,0174;57,55;0;1;0;5;0;0;410;2048;1067
197,3750;164,9518;14,60;1,9401;0,2463;0,0000;0,4770;-0,0164;0,0000;0,0000;0,3079;-1,08;0,86;0;0,0174;57,55;0;1;0;5;0;0;410;2048;1071
197,3889;164,9518;14,60;2,0381;0,2461;0,0000;0,4750;-0,0164;0,0000;0,0000;0,3076;-1,00;1,03;0;0,0174;57,55;0;1;0;5;0;0;410;2048;1075
197,4028;164,9518;14,60;2,1012;0,2459;0,0000;0,4732;-0,0164;0,0000;0,0000;0,3074;-0,93;1,18;0;0,0174;57,55;0;1;0;5;0;0;410;2048;1079
197,4167;165,0054;14,60;2,1871;0,2457;0,0000;0,4714;-0,0164;0,0000;0,0000;0,3071;-0,90;1,29;0;0,0174;57,61;0;1;0;5;0;0;410;2048;1083
197,4306;165,0617;14,60;2,2370;0,2455;0,0000;0,4698;-0,0164;0,0000;0,0000;0,3069;-0,87;1,37;0;0,0173;57,67;0;1;0;5;0;0;410;2048;1086
197,4444;165,1180;14,60;2,2844;0,2455;0,0000;0,4683;-0,0164;0,0000;0,0000;0,3068;-0,84;1,44;0;0,0173;57,73;0;1;0;5;0;0;410;2048;1089
197,4583;165,1744;14,60;2,3260;0,2455;0,0000;0,4669;-0,0164;0,0000;0,0000;0,3069;-0,81;1,52;0;0,0173;57,79;0;1;0;5;0;0;410;2048;1092
197,4722;165,4073;14,60;2,3578;0,2461;0,0000;0,4656;-0,0164;0,0000;0,0000;0,3076;-0,95;1,41;0;0,0172;58,03;0;1;0;6;0;0;410;2048;1094
197,4861;165,4073;14,60;2,3705;0,2461;0,0000;0,4646;-0,0164;0,0000;0,0000;0,3076;-0,86;1,51;0;0,0172;58,03;0;1;0;6;0;0;410;2048;1097
197,5000;165,4073;14,60;2,3816;0,2461;0,0000;0,4639;-0,0164;0,0000;0,0000;0,3077;-0,77;1,61;0;0,0172;58,03;0;1;0;6;0;0;410;2048;1098
197,5139;165,4073;14,60;2,3816;0,2463;0,0000;0,4634;-0,0164;0,0000;0,0000;0,3078;-0,68;1,70;0;0,0172;58,03;0;1;0;6;0;0;410;2048;1099
197,5278;165,4585;14,60;2,3665;0,2463;0,0000;0,4631;-0,0164;0,0000;0,0000;0,3079;-0,64;1,72;0;0,0172;58,08;0;1;0;6;0;0;410;2048;1100
197,5417;165,5148;14,60;2,3276;0,2463;0,0000;0,4630;-0,0164;0,0000;0,0000;0,3079;-0,61;1,72;0;0,0172;58,13;0;1;0;6;0;0;410;2048;1100
197,5556;165,5711;14,60;2,2695;0,2465;0,0000;0,4629;-0,0164;0,0000;0,0000;0,3081;-0,58;1,69;0;0,0172;58,19;0;1;0;6;0;0;410;2048;1100
197,5694;165,6275;14,60;2,1997;0,2466;0,0000;0,4630;-0,0164;0,0000;0,0000;0,3083;-0,55;1,65;0;0,0172;58,24;0;1;0;6;0;0;410;2048;1100
197,5833;165,8633;14,60;2,1290;0,2474;0,0000;0,4632;-0,0164;0,0000;0,0000;0,3092;-0,70;1,42;0;0,0171;58,47;0;1;0;6;0;0;410;2048;1099
197,5972;165,8633;14,60;2,0628;0,2475;0,0000;0,4636;-0,0164;0,0000;0,0000;0,3093;-0,63;1,43;0;0,0171;58,47;0;1;0;6;0;0;410;2048;1099
197,6111;165,8633;14,60;2,0077;0,2476;0,0000;0,4642;-0,0164;0,0000;0,0000;0,3095;-0,55;1,46;0;0,0171;58,47;0;1;0;6;0;0;410;2048;1097
197,6250;165,8633;14,60;1,9400;0,2477;0,0000;0,4649;-0,0164;0,0000;0,0000;0,3097;-0,48;1,46;0;0,0171;58,47;0;1;0;6;0;0;410;2048;1096
197,6389;165,9115;14,60;1,8653;0,2478;0,0000;0,4658;-0,0164;0,0000;0,0000;0,3097;-0,46;1,41;0;0,0171;58,51;0;1;0;6;0;0;410;2048;1094
197,6528;165,9678;14,60;1,8094;0,2478;0,0000;0,4666;-0,0164;0,0000;0,0000;0,3098;-0,44;1,36;0;0,0171;58,55;0;1;0;6;0;0;410;2048;1092
197,6667;166,0242;14,60;1,7606;0,2479;0,0000;0,4675;-0,0164;0,0000;0,0000;0,3099;-0,43;1,33;0;0,0171;58,60;0;1;0;6;0;0;410;2048;1091
197,6806;166,0805;14,60;1,7072;0,2480;0,0000;0,4683;-0,0164;0,0000;0,0000;0,3101;-0,42;1,28;0;0,0170;58,65;0;1;0;6;0;0;410;2048;1089
197,6944;166,3186;14,60;1,6755;0,2488;0,0000;0,4691;-0,0164;0,0000;0,0000;0,3110;-0,59;1,08;0;0,0170;58,86;0;1;0;6;0;0;410;2048;1087
197,7083;166,3186;14,60;1,6086;0,2488;0,0000;0,4700;-0,0164;0,0000;0,0000;0,3110;-0,53;1,08;0;0,0170;58,86;0;1;0;6;0;0;410;2048;1085
197,7222;166,3186;14,60;1,5785;0,2489;0,0000;0,4710;-0,0164;0,0000;0,0000;0,3111;-0,47;1,10;0;0,0170;58,86;0;1;0;6;0;0;410;2048;1083
197,7361;166,3186;14,60;1,5376;0,2490;0,0000;0,4721;-0,0164;0,0000;0,0000;0,3112;-0,42;1,12;0;0,0170;58,86;0;1;0;6;0;0;410;2048;1081
197,7500;166,3646;14,60;1,4893;0,2490;0,0000;0,4731;-0,0164;0,0000;0,0000;0,3112;-0,40;1,08;0;0,0170;58,89;0;1;0;6;0;0;410;2048;1079
197,7639;166,4209;14,60;1,4520;0,2490;0,0000;0,4741;-0,0164;0,0000;0,0000;0,3112;-0,40;1,05;0;0,0170;58,94;0;1;0;6;0;0;410;2048;1077
197,7778;166,4772;14,60;1,4194;0,2490;0,0000;0,4750;-0,0164;0,0000;0,0000;0,3113;-0,41;1,01;0;0,0170;58,98;0;1;0;6;0;0;410;2048;1075
197,7917;166,5336;14,60;1,3830;0,2491;0,0000;0,4758;-0,0164;0,0000;0,0000;0,3113;-0,41;0,97;0;0,0169;59,02;0;1;0;6;0;0;410;2048;1074
197,8056;166,7748;14,60;1,3571;0,2497;0,0000;0,4765;-0,0164;0,0000;0,0000;0,3122;-0,59;0,77;0;0,0169;59,21;0;1;0;6;0;0;410;2048;1072
197,8194;166,7748;14,60;1,3471;0,2497;0,0000;0,4772;-0,0164;0,0000;0,0000;0,3121;-0,54;0,81;0;0,0169;59,21;0;1;0;6;0;0;410;2048;1071
197,8333;166,7748;14,60;1,3475;0,2497;0,0000;0,4781;-0,0164;0,0000;0,0000;0,3121;-0,49;0,86;0;0,0169;59,21;0;1;0;6;0;0;410;2048;1069
197,8472;166,7748;14,60;1,3542;0,2497;0,0000;0,4789;-0,0164;0,0000;0,0000;0,3122;-0,44;0,92;0;0,0169;59,21;0;1;0;6;0;0;410;2048;1067
197,8611;166,8176;14,60;1,3635;0,2497;0,0000;0,4797;-0,0164;0,0000;0,0000;0,3121;-0,43;0,93;0;0,0169;59,24;0;1;0;6;0;0;410;2048;1066
197,8750;166,8739;14,60;1,3830;0,2497;0,0000;0,4804;-0,0164;0,0000;0,0000;0,3121;-0,43;0,95;0;0,0169;59,28;0;1;0;6;0;0;410;2048;1064
197,8889;166,9303;14,60;1,4127;0,2497;0,0000;0,4810;-0,0164;0,0000;0,0000;0,3121;-0,43;0,98;0;0,0169;59,31;0;1;0;6;0;0;410;2048;1063
197,9028;166,9866;14,60;1,4530;0,2497;0,0000;0,4815;-0,0164;0,0000;0,0000;0,3122;-0,43;1,02;0;0,0168;59,35;0;1;0;6;0;0;410;2048;1062
197,9167;167,2300;14,60;1,4988;0,2504;0,0000;0,4820;-0,0164;0,0000;0,0000;0,3131;-0,61;0,89;0;0,0168;59,52;0;1;0;6;0;0;410;2048;1061
197,9306;167,2300;14,60;1,5564;0,2505;0,0000;0,4825;-0,0164;0,0000;0,0000;0,3131;-0,55;1,01;0;0,0168;59,52;0;1;0;6;0;0;410;2048;1060
197,9444;167,2300;14,60;1,5904;0,2505;0,0000;0,4831;-0,0164;0,0000;0,0000;0,3132;-0,49;1,10;0;0,0168;59,52;0;1;0;6;0;0;410;2048;1059
197,9583;167,2300;14,60;1,6181;0,2507;0,0000;0,4838;-0,0164;0,0000;0,0000;0,3133;-0,43;1,19;0;0,0168;59,52;0;1;0;6;0;0;410;2048;1057
197,9722;167,2706;14,60;1,6552;0,2507;0,0000;0,4846;-0,0164;0,0000;0,0000;0,3134;-0,40;1,25;0;0,0168;59,54;0;1;0;6;0;0;410;2048;1056
197,9861;167,3270;14,60;1,6891;0,2508;0,0000;0,4853;-0,0164;0,0000;0,0000;0,3135;-0,39;1,29;0;0,0168;59,57;0;1;0;6;0;0;410;2048;1054
198,0000;167,3833;14,60;1,7071;0,2510;0,0000;0,4860;-0,0164;0,0000;0,0000;0,3137;-0,38;1,32;0;0,0168;59,61;0;1;0;6;0;0;410;2048;1053
198,0139;167,4396;14,60;1,7164;0,2511;0,0000;0,4867;-0,0164;0,0000;0,0000;0,3139;-0,37;1,34;0;0,0168;59,64;0;1;0;6;0;0;410;2048;1051
198,0278;167,6863;14,60;1,7183;0,2520;0,0000;0,4875;-0,0164;0,0000;0,0000;0,3150;-0,54;1,17;0;0,0167;59,78;0;1;0;6;0;0;410;2048;1050
198,0417;167,6863;14,60;1,7177;0,2521;0,0000;0,4883;-0,0164;0,0000;0,0000;0,3151;-0,48;1,24;0;0,0167;59,78;0;1;0;6;0;0;410;2048;1048
198,0556;167,6863;14,60;1,7196;0,2523;0,0000;0,4894;-0,0164;0,0000;0,0000;0,3153;-0,41;1,31;0;0,0167;59,78;0;1;0;6;0;0;410;2048;1046
198,0694;167,6863;14,60;1,7171;0,2525;0,0000;0,4905;-0,0164;0,0000;0,0000;0,3156;-0,35;1,37;0;0,0167;59,78;0;1;0;6;0;0;410;2048;1043
198,0833;167,7237;14,60;1,6834;0,2526;0,0000;0,4917;-0,0164;0,0000;0,0000;0,3158;-0,32;1,36;0;0,0167;59,80;0;1;0;6;0;0;410;2048;1041
198,0972;167,7800;14,60;1,6109;0,2527;0,0000;0,4930;-0,0164;0,0000;0,0000;0,3159;-0,31;1,30;0;0,0167;59,83;0;1;0;6;0;0;410;2048;1038
198,1111;167,8363;14,60;1,5457;0,2529;0,0000;0,4942;-0,0164;0,0000;0,0000;0,3161;-0,31;1,24;0;0,0167;59,86;0;1;0;6;0;0;410;2048;1036
198,1250;167,8927;14,70;1,4929;0,2531;0,0000;0,4954;-0,0164;0,0000;0,0000;0,3163;-0,31;1,18;0;0,0167;59,89;0;1;0;6;0;0;410;2048;1033
198,1389;168,1414;14,70;1,4465;0,2538;0,0000;0,4965;-0,0164;0,0000;0,0000;0,3173;-0,49;0,96;0;0,0167;60,01;0;1;0;6;0;0;410;2048;1031
198,1528;168,1414;14,70;1,4022;0,2539;0,0000;0,4978;-0,0164;0,0000;0,0000;0,3174;-0,44;0,97;0;0,0167;60,01;0;1;0;6;0;0;410;2048;1029
198,1667;168,1414;14,70;1,3137;0,2540;0,0000;0,4991;-0,0164;0,0000;0,0000;0,3175;-0,39;0,93;0;0,0167;60,01;0;1;0;6;0;0;410;2048;1026
198,1806;168,1414;14,70;1,2314;0,2541;0,0000;0,5005;-0,0164;0,0000;0,0000;0,3176;-0,34;0,89;0;0,0167;60,01;0;1;0;6;0;0;410;2048;1023
198,1944;168,1787;14,70;1,1524;0,2541;0,0000;0,5018;-0,0164;0,0000;0,0000;0,3176;-0,33;0,82;0;0,0167;60,02;0;1;0;6;0;0;410;2048;1020
198,2083;168,2354;14,70;1,0962;0,2540;0,0000;0,5030;-0,0164;0,0000;0,0000;0,3175;-0,34;0,75;0;0,0167;60,05;0;1;0;6;0;0;410;2048;1018
198,2222;168,2921;14,70;1,0443;0,2540;0,0000;0,5041;-0,0164;0,0000;0,0000;0,3175;-0,35;0,69;0;0,0166;60,07;0;1;0;6;0;0;410;2048;1016
198,2361;168,3488;14,70;0,9988;0,2540;0,0000;0,5050;-0,0164;0,0000;0,0000;0,3175;-0,37;0,63;0;0,0166;60,09;0;1;0;6;0;0;410;2048;1014
198,2500;168,5974;14,70;0,9504;0,2546;0,0000;0,5058;-0,0164;0,0000;0,0000;0,3182;-0,57;0,38;0;0,0166;60,19;0;1;0;6;0;0;410;2048;1012
198,2639;168,5974;14,70;0,9252;0,2544;0,0000;0,5066;-0,0164;0,0000;0,0000;0,3180;-0,54;0,39;0;0,0166;60,19;0;1;0;6;0;0;410;2048;1010
198,2778;168,5974;14,70;0,9106;0,2543;0,0000;0,5074;-0,0164;0,0000;0,0000;0,3179;-0,50;0,41;0;0,0166;60,19;0;1;0;6;0;0;410;2048;1009
198,2917;168,5974;14,70;0,8993;0,2542;0,0000;0,5081;-0,0164;0,0000;0,0000;0,3178;-0,47;0,43;0;0,0166;60,19;0;1;0;6;0;0;410;2048;1007
198,3056;168,6348;14,70;0,8959;0,2540;0,0000;0,5086;-0,0164;0,0000;0,0000;0,3175;-0,47;0,43;0;0,0166;60,20;0;1;0;6;0;0;410;2048;1006
198,3194;168,6915;14,70;0,8973;0,2538;0,0000;0,5090;-0,0164;0,0000;0,0000;0,3172;-0,49;0,41;0;0,0166;60,22;0;1;0;6;0;0;410;2048;1006
198,3333;168,7482;14,70;0,9114;0,2536;0,0000;0,5092;-0,0164;0,0000;0,0000;0,3170;-0,51;0,40;0;0,0166;60,24;0;1;0;6;0;0;410;2048;1005
198,3472;168,8049;14,70;0,9396;0,2534;0,0000;0,5092;-0,0164;0,0000;0,0000;0,3168;-0,52;0,41;0;0,0166;60,26;0;1;0;6;0;0;410;2048;1005
198,3611;169,0528;14,70;0,9881;0,2539;0,0000;0,5091;-0,0164;0,0000;0,0000;0,3173;-0,72;0,26;0;0,0166;60,33;0;1;0;6;0;0;410;2048;1005
198,3750;169,0528;14,70;1,0617;0,2536;0,0000;0,5089;-0,0164;0,0000;0,0000;0,3170;-0,68;0,38;0;0,0166;60,33;0;1;0;6;0;0;410;2048;1006
198,3889;169,0528;14,70;1,1141;0,2534;0,0000;0,5087;-0,0164;0,0000;0,0000;0,3168;-0,64;0,47;0;0,0166;60,33;0;1;0;6;0;0;410;2048;1006
198,4028;169,0528;14,70;1,1736;0,2533;0,0000;0,5085;-0,0164;0,0000;0,0000;0,3167;-0,60;0,58;0;0,0166;60,33;0;1;0;6;0;0;410;2048;1007
198,4167;169,0909;14,70;1,2648;0,2531;0,0000;0,5082;-0,0164;0,0000;0,0000;0,3164;-0,58;0,68;0;0,0166;60,34;0;1;0;6;0;0;410;2048;1007
198,4306;169,1476;14,70;1,3615;0,2530;0,0000;0,5078;-0,0164;0,0000;0,0000;0,3162;-0,58;0,78;0;0,0166;60,36;0;1;0;6;0;0;410;2048;1008
198,4444;169,2043;14,70;1,4563;0,2529;0,0000;0,5074;-0,0164;0,0000;0,0000;0,3161;-0,58;0,87;0;0,0166;60,37;0;1;0;6;0;0;410;2048;1009
198,4583;169,2610;14,70;1,5646;0,2529;0,0000;0,5069;-0,0164;0,0000;0,0000;0,3161;-0,58;0,99;0;0,0166;60,38;0;1;0;6;0;0;410;2048;1010
198,4722;169,5086;14,70;1,6264;0,2535;0,0000;0,5064;-0,0164;0,0000;0,0000;0,3168;-0,75;0,88;0;0,0165;60,44;0;1;0;8;0;0;410;2048;1011
198,4861;169,5086;14,70;1,6939;0,2534;0,0000;0,5062;-0,0164;0,0000;0,0000;0,3168;-0,69;1,01;0;0,0165;60,44;0;1;0;8;0;0;410;2048;1011
198,5000;169,5086;14,70;1,7696;0,2534;0,0000;0,5062;-0,0164;0,0000;0,0000;0,3168;-0,62;1,15;0;0,0165;60,44;0;1;0;8;0;0;410;2048;1011
198,5139;169,5086;14,70;1,8333;0,2535;0,0000;0,5062;-0,0164;0,0000;0,0000;0,3169;-0,55;1,28;0;0,0165;60,44;0;1;0;8;0;0;410;2048;1011
198,5278;169,5470;14,70;1,8899;0,2536;0,0000;0,5062;-0,0164;0,0000;0,0000;0,3170;-0,51;1,37;0;0,0165;60,44;0;1;0;8;0;0;410;2048;1011
198,5417;169,6037;14,70;1,9231;0,2536;0,0000;0,5062;-0,0164;0,0000;0,0000;0,3170;-0,49;1,43;0;0,0165;60,45;0;1;0;8;0;0;410;2048;1011
198,5556;169,6604;14,70;1,9500;0,2538;0,0000;0,5063;-0,0164;0,0000;0,0000;0,3172;-0,47;1,48;0;0,0165;60,46;0;1;0;8;0;0;410;2048;1011
198,5694;169,7172;14,70;1,9572;0,2540;0,0000;0,5064;-0,0164;0,0000;0,0000;0,3175;-0,45;1,50;0;0,0165;60,46;0;1;0;8;0;0;410;2048;1011
198,5833;169,9642;14,70;1,9516;0,2548;0,0000;0,5066;-0,0164;0,0000;0,0000;0,3185;-0,61;1,34;0;0,0165;60,50;0;1;0;8;0;0;410;2048;1010
198,5972;169,9642;14,70;1,9298;0,2549;0,0000;0,5070;-0,0164;0,0000;0,0000;0,3186;-0,54;1,39;0;0,0165;60,50;0;1;0;8;0;0;410;2048;1010
198,6111;169,9642;14,70;1,8785;0,2551;0,0000;0,5077;-0,0164;0,0000;0,0000;0,3189;-0,47;1,41;0;0,0165;60,50;0;1;0;8;0;0;410;2048;1008
198,6250;169,9642;14,60;1,8138;0,2553;0,0000;0,5085;-0,0164;0,0000;0,0000;0,3191;-0,40;1,42;0;0,0165;60,50;0;1;0;8;0;0;410;2048;1007
198,6389;170,0027;14,60;1,7250;0,2554;0,0000;0,5095;-0,0164;0,0000;0,0000;0,3192;-0,37;1,35;0;0,0165;60,50;0;1;0;8;0;0;410;2048;1005
198,6528;170,0591;14,60;1,6257;0,2554;0,0000;0,5104;-0,0164;0,0000;0,0000;0,3193;-0,36;1,26;0;0,0165;60,50;0;1;0;8;0;0;410;2048;1003
198,6667;170,1154;14,60;1,5601;0,2555;0,0000;0,5114;-0,0164;0,0000;0,0000;0,3194;-0,35;1,20;0;0,0165;60,50;0;1;0;8;0;0;410;2048;1001
198,6806;170,1717;14,60;1,5326;0,2556;0,0000;0,5124;-0,0164;0,0000;0,0000;0,3196;-0,35;1,18;0;0,0165;60,50;0;1;0;8;0;0;410;2048;999
198,6944;170,4199;14,60;1,4641;0,2564;0,0000;0,5133;-0,0164;0,0000;0,0000;0,3205;-0,53;0,93;0;0,0165;60,52;0;1;0;8;0;0;410;2048;997
198,7083;170,4199;14,60;1,4158;0,2564;0,0000;0,5143;-0,0164;0,0000;0,0000;0,3205;-0,48;0,94;0;0,0165;60,52;0;1;0;8;0;0;410;2048;995
198,7222;170,4199;14,60;1,3588;0,2565;0,0000;0,5153;-0,0164;0,0000;0,0000;0,3206;-0,43;0,93;0;0,0165;60,52;0;1;0;8;0;0;410;2048;993
198,7361;170,4199;14,60;1,3229;0,2565;0,0000;0,5164;-0,0164;0,0000;0,0000;0,3207;-0,38;0,95;0;0,0165;60,52;0;1;0;8;0;0;410;2048;990
198,7500;170,4558;14,60;1,2755;0,2566;0,0000;0,5175;-0,0164;0,0000;0,0000;0,3207;-0,36;0,91;0;0,0165;60,51;0;1;0;8;0;0;410;2048;988
198,7639;170,5121;14,60;1,2307;0,2565;0,0000;0,5185;-0,0164;0,0000;0,0000;0,3207;-0,37;0,86;0;0,0165;60,51;0;1;0;8;0;0;410;2048;986
198,7778;170,5685;14,60;1,1779;0,2565;0,0000;0,5194;-0,0164;0,0000;0,0000;0,3206;-0,38;0,80;0;0,0165;60,51;0;1;0;8;0;0;410;2048;984
198,7917;170,6248;14,60;1,1190;0,2565;0,0000;0,5202;-0,0164;0,0000;0,0000;0,3207;-0,39;0,73;0;0,0165;60,51;0;1;0;8;0;0;410;2048;983
198,8056;170,8757;14,60;1,0758;0,2571;0,0000;0,5209;-0,0164;0,0000;0,0000;0,3214;-0,58;0,49;0;0,0165;60,50;0;1;0;8;0;0;410;2048;981
198,8194;170,8757;14,60;1,0572;0,2570;0,0000;0,5216;-0,0164;0,0000;0,0000;0,3213;-0,54;0,51;0;0,0165;60,50;0;1;0;8;0;0;410;2048;980
198,8333;170,8757;14,60;1,0292;0,2569;0,0000;0,5223;-0,0164;0,0000;0,0000;0,3211;-0,50;0,52;0;0,0165;60,50;0;1;0;8;0;0;410;2048;978
198,8472;170,8757;14,60;1,0204;0,2568;0,0000;0,5229;-0,0164;0,0000;0,0000;0,3210;-0,47;0,55;0;0,0165;60,50;0;1;0;8;0;0;410;2048;977
198,8611;170,9088;14,60;1,0137;0,2567;0,0000;0,5235;-0,0164;0,0000;0,0000;0,3209;-0,46;0,55;0;0,0165;60,49;0;1;0;8;0;0;410;2048;976
198,8750;170,9652;14,60;1,0035;0,2565;0,0000;0,5239;-0,0164;0,0000;0,0000;0,3206;-0,47;0,53;0;0,0165;60,48;0;1;0;8;0;0;410;2048;975
198,8889;171,0215;14,60;0,9960;0,2564;0,0000;0,5239;-0,0164;0,0000;0,0000;0,3205;-0,49;0,51;0;0,0165;60,48;0;1;0;8;0;0;410;2048;975
198,9028;171,0778;14,60;0,9991;0,2562;0,0000;0,5239;-0,0164;0,0000;0,0000;0,3203;-0,50;0,49;0;0,0165;60,47;0;1;0;8;0;0;410;2048;975
198,9167;171,3312;14,60;0,9944;0,2567;0,0000;0,5238;-0,0164;0,0000;0,0000;0,3209;-0,71;0,29;0;0,0165;60,44;0;1;0;8;0;0;410;2048;975
198,9306;171,3312;14,60;0,9895;0,2565;0,0000;0,5238;-0,0164;0,0000;0,0000;0,3206;-0,67;0,32;0;0,0165;60,44;0;1;0;8;0;0;410;2048;975
198,9444;171,3312;14,60;0,9797;0,2563;0,0000;0,5238;-0,0164;0,0000;0,0000;0,3204;-0,63;0,35;0;0,0165;60,44;0;1;0;8;0;0;410;2048;975
198,9583;171,3312;14,60;0,9567;0,2561;0,0000;0,5238;-0,0164;0,0000;0,0000;0,3202;-0,59;0,36;0;0,0165;60,44;0;1;0;8;0;0;410;2048;975
198,9722;171,3619;14,60;0,9390;0,2559;0,0000;0,5237;-0,0164;0,0000;0,0000;0,3198;-0,59;0,35;0;0,0165;60,43;0;1;0;8;0;0;410;2048;976
198,9861;171,4182;14,60;0,9030;0,2555;0,0000;0,5234;-0,0164;0,0000;0,0000;0,3194;-0,61;0,29;0;0,0166;60,42;0;1;0;8;0;0;410;2048;976
199,0000;171,4745;14,60;0,8836;0,2552;0,0000;0,5231;-0,0164;0,0000;0,0000;0,3191;-0,63;0,25;0;0,0166;60,41;0;1;0;8;0;0;410;2048;977
199,0139;171,5309;14,60;0,8479;0,2550;0,0000;0,5225;-0,0164;0,0000;0,0000;0,3187;-0,65;0,20;0;0,0166;60,39;0;1;0;8;0;0;410;2048;978
199,0278;171,7871;14,60;0,8001;0,2553;0,0000;0,5218;-0,0164;0,0000;0,0000;0,3191;-0,86;-0,06;0;0,0166;60,34;0;1;0;8;0;0;410;2048;979
199,0417;171,7871;14,60;0,7621;0,2548;0,0000;0,5210;-0,0164;0,0000;0,0000;0,3185;-0,83;-0,07;0;0,0166;60,34;0;1;0;8;0;0;410;2048;981
199,0556;171,7871;14,60;0,7188;0,2544;0,0000;0,5203;-0,0164;0,0000;0,0000;0,3180;-0,81;-0,08;0;0,0166;60,34;0;1;0;8;0;0;410;2048;982
199,0694;171,7871;14,60;0,6864;0,2540;0,0000;0,5194;-0,0164;0,0000;0,0000;0,3175;-0,78;-0,09;0;0,0166;60,34;0;1;0;8;0;0;410;2048;984
199,0833;171,8149;14,60;0,6433;0,2535;0,0000;0,5184;-0,0164;0,0000;0,0000;0,3168;-0,78;-0,14;0;0,0166;60,33;0;1;0;8;0;0;410;2048;986
199,0972;171,8712;14,60;0,5982;0,2529;0,0000;0,5171;-0,0164;0,0000;0,0000;0,3161;-0,81;-0,22;0;0,0166;60,31;0;1;0;8;0;0;410;2048;989
199,1111;171,9275;14,60;0,5639;0,2523;0,0000;0,5157;-0,0164;0,0000;0,0000;0,3154;-0,85;-0,28;0;0,0166;60,30;0;1;0;8;0;0;410;2048;992
199,1250;171,9838;14,20;0,5281;0,2518;0,0000;0,5140;-0,0164;0,0000;0,0000;0,3147;-0,88;-0,35;0;0,0166;60,28;0;1;0;8;0;0;410;2048;995
199,1389;172,2426;14,20;0,5060;0,2519;0,0000;0,5121;-0,0164;0,0000;0,0000;0,3148;-1,11;-0,60;0;0,0166;60,20;0;1;0;8;0;0;410;2048;999
199,1528;172,2426;14,20;0,4796;0,2512;0,0000;0,5100;-0,0164;0,0000;0,0000;0,3140;-1,09;-0,61;0;0,0166;60,20;0;1;0;8;0;0;410;2048;1003
199,1667;172,2426;14,20;0,4630;0,2505;0,0000;0,5080;-0,0164;0,0000;0,0000;0,3131;-1,07;-0,61;0;0,0166;60,20;0;1;0;8;0;0;410;2048;1008
199,1806;172,2426;14,20;0,4465;0,2498;0,0000;0,5058;-0,0164;0,0000;0,0000;0,3123;-1,06;-0,61;0;0,0166;60,20;0;1;0;8;0;0;410;2048;1012
199,1944;172,2601;14,20;0,4325;0,2491;0,0000;0,5034;-0,0164;0,0000;0,0000;0,3114;-1,06;-0,63;0;0,0166;60,20;0;1;0;8;0;0;410;2048;1017
199,2083;172,3149;14,20;0,4274;0,2483;0,0000;0,5007;-0,0164;0,0000;0,0000;0,3104;-1,09;-0,67;0;0,0166;60,18;0;1;0;8;0;0;410;2048;1022
199,2222;172,3697;14,20;0,4290;0,2475;0,0000;0,4979;-0,0164;0,0000;0,0000;0,3093;-1,13;-0,70;0;0,0166;60,15;0;1;0;8;0;0;410;2048;1028
199,2361;172,4244;14,20;0,4317;0,2467;0,0000;0,4948;-0,0164;0,0000;0,0000;0,3084;-1,16;-0,73;0;0,0166;60,13;0;1;0;8;0;0;410;2048;1035
199,2500;172,6984;14,20;0,4346;0,2466;0,0000;0,4914;-0,0164;0,0000;0,0000;0,3082;-1,41;-0,97;0;0,0167;60,03;0;1;0;8;0;0;410;2048;1042
199,2639;172,6984;14,20;0,4436;0,2456;0,0000;0,4880;-0,0164;0,0000;0,0000;0,3070;-1,39;-0,95;0;0,0167;60,03;0;1;0;8;0;0;410;2048;1049
199,2778;172,6984;14,20;0,4603;0,2447;0,0000;0,4845;-0,0164;0,0000;0,0000;0,3059;-1,38;-0,92;0;0,0167;60,03;0;1;0;8;0;0;410;2048;1056
199,2917;172,6984;14,20;0,4864;0,2438;0,0000;0,4809;-0,0164;0,0000;0,0000;0,3047;-1,36;-0,87;0;0,0167;60,03;0;1;0;8;0;0;410;2048;1063
199,3056;172,7006;14,20;0,5149;0,2429;0,0000;0,4771;-0,0164;0,0000;0,0000;0,3036;-1,34;-0,83;0;0,0167;60,03;0;1;0;8;0;0;410;2048;1071
199,3194;172,7554;14,20;0,5561;0,2419;0,0000;0,4730;-0,0164;0,0000;0,0000;0,3024;-1,37;-0,82;0;0,0167;60,00;0;1;0;8;0;0;410;2048;1079
199,3333;172,8102;14,20;0,5946;0,2409;0,0000;0,4688;-0,0164;0,0000;0,0000;0,3012;-1,40;-0,81;0;0,0167;59,98;0;1;0;8;0;0;410;2048;1088
199,3472;172,8649;14,20;0,6339;0,2400;0,0000;0,4644;-0,0164;0,0000;0,0000;0,3000;-1,43;-0,80;0;0,0167;59,95;0;1;0;8;0;0;410;2048;1097
199,3611;172,9197;14,50;0,6805;0,2391;0,0000;0,4598;-0,0164;0,0000;0,0000;0,2988;-1,46;-0,78;0;0,0167;59,93;0;1;0;8;0;0;410;2048;1106
199,3750;173,1540;14,50;0,7307;0,2387;0,0000;0,4550;-0,0164;0,0000;0,0000;0,2984;-1,65;-0,92;0;0,0167;59,82;0;1;0;8;0;0;410;2048;1116
199,3889;173,1540;14,50;0,7521;0,2377;0,0000;0,4502;-0,0164;0,0000;0,0000;0,2971;-1,63;-0,87;0;0,0167;59,82;0;1;0;8;0;0;410;2048;1126
199,4028;173,1540;14,50;0,7802;0,2366;0,0000;0,4454;-0,0164;0,0000;0,0000;0,2958;-1,60;-0,82;0;0,0167;59,82;0;1;0;8;0;0;410;2048;1136
199,4167;173,1540;14,50;0,8217;0,2357;0,0000;0,4406;-0,0164;0,0000;0,0000;0,2946;-1,56;-0,74;0;0,0167;59,82;0;1;0;8;0;0;410;2048;1146
199,4306;173,2016;14,50;0,8576;0,2346;0,0000;0,4357;-0,0164;0,0000;0,0000;0,2932;-1,58;-0,72;0;0,0167;59,79;0;1;0;8;0;0;410;2048;1156
199,4444;173,2575;14,50;0,9019;0,2335;0,0000;0,4307;-0,0164;0,0000;0,0000;0,2919;-1,60;-0,70;0;0,0167;59,76;0;1;0;8;0;0;410;2048;1166
199,4583;173,3135;14,50;0,9303;0,2325;0,0000;0,4256;-0,0164;0,0000;0,0000;0,2906;-1,62;-0,69;0;0,0167;59,73;0;1;0;8;0;0;410;2048;1176
199,4722;173,3694;14,50;0,9635;0,2314;0,0000;0,4205;-0,0164;0,0000;0,0000;0,2893;-1,63;-0,67;0;0,0167;59,70;0;1;0;6;1;0;410;2048;1187
199,4861;173,6097;14,50;1,0239;0,2310;0,0000;0,4152;-0,0164;0,0000;0,0000;0,2888;-1,83;-0,80;0;0,0168;59,57;0;1;0;6;1;0;410;2048;1198
199,5000;173,6097;14,50;1,0834;0,2300;0,0000;0,4100;-0,0164;0,0000;0,0000;0,2875;-1,78;-0,70;0;0,0168;59,57;0;1;0;6;1;0;410;2048;1208
199,5139;173,6097;14,50;1,1794;0,2290;0,0000;0,4049;-0,0164;0,0000;0,0000;0,2862;-1,74;-0,56;0;0,0168;59,57;0;1;0;6;1;0;410;2048;1219
199,5278;173,6097;14,50;1,2646;0,2280;0,0000;0,3998;-0,0164;0,0000;0,0000;0,2850;-1,69;-0,43;0;0,0168;59,57;0;1;0;6;1;0;410;2048;1229
199,5417;173,6512;14,50;1,3989;0,2270;0,0000;0,3948;-0,0164;0,0000;0,0000;0,2837;-1,68;-0,28;0;0,0168;59,55;0;1;0;6;1;0;410;2048;1239
199,5556;173,7072;14,50;1,5481;0,2260;0,0000;0,3898;-0,0164;0,0000;0,0000;0,2825;-1,68;-0,13;0;0,0168;59,51;0;1;0;6;1;0;410;2048;1250
199,5694;173,7631;14,50;1,6767;0,2251;0,0000;0,3849;-0,0164;0,0000;0,0000;0,2814;-1,67;0,00;0;0,0168;59,48;0;1;0;6;1;0;410;2048;1260
199,5833;173,8190;14,50;1,8753;0,2244;0,0000;0,3800;-0,0164;0,0000;0,0000;0,2805;-1,65;0,22;0;0,0168;59,44;0;1;0;6;1;0;410;2048;1270
199,5972;174,0654;14,50;2,0083;0,2243;0,0000;0,3752;-0,0164;0,0000;0,0000;0,2804;-1,81;0,20;0;0,0169;59,29;0;1;0;6;1;0;410;2048;1280
199,6111;174,0654;14,50;2,0349;0,2235;0,0000;0,3707;-0,0164;0,0000;0,0000;0,2794;-1,74;0,30;0;0,0169;59,29;0;1;0;6;1;0;410;2048;1289
199,6250;174,0654;14,50;2,1646;0,2228;0,0000;0,3664;-0,0164;0,0000;0,0000;0,2786;-1,65;0,51;0;0,0169;59,29;0;1;0;6;1;0;410;2048;1298
199,6389;174,0654;14,50;2,3772;0,2223;0,0000;0,3624;-0,0164;0,0000;0,0000;0,2779;-1,56;0,81;0;0,0169;59,29;0;1;0;6;1;0;410;2048;1306
199,6528;174,1009;14,50;2,4806;0,2217;0,0000;0,3585;-0,0164;0,0000;0,0000;0,2772;-1,51;0,97;0;0,0169;59,27;0;1;0;6;1;0;410;2048;1314
199,6667;174,1568;14,50;2,5450;0,2212;0,0000;0,3549;-0,0164;0,0000;0,0000;0,2765;-1,46;1,08;0;0,0169;59,23;0;1;0;6;1;0;410;2048;1321
199,6806;174,2128;14,50;2,6373;0,2208;0,0000;0,3515;-0,0164;0,0000;0,0000;0,2760;-1,42;1,22;0;0,0169;59,19;0;1;0;6;1;0;410;2048;1328
199,6944;174,2687;14,50;2,6861;0,2205;0,0000;0,3483;-0,0164;0,0000;0,0000;0,2756;-1,37;1,31;0;0,0169;59,15;0;1;0;6;1;0;410;2048;1335
199,7083;174,5210;14,50;2,7459;0,2208;0,0000;0,3454;-0,0164;0,0000;0,0000;0,2761;-1,51;1,23;0;0,0170;58,98;0;1;0;6;1;0;410;2048;1341
199,7222;174,5210;14,50;2,8346;0,2205;0,0000;0,3427;-0,0164;0,0000;0,0000;0,2757;-1,41;1,43;0;0,0170;58,98;0;1;0;6;1;0;410;2048;1346
199,7361;174,5210;14,50;2,8828;0,2203;0,0000;0,3404;-0,0164;0,0000;0,0000;0,2754;-1,30;1,58;0;0,0170;58,98;0;1;0;6;1;0;410;2048;1351
199,7500;174,5210;14,50;2,9538;0,2202;0,0000;0,3383;-0,0164;0,0000;0,0000;0,2753;-1,19;1,76;0;0,0170;58,98;0;1;0;6;1;0;410;2048;1355
199,7639;174,5506;14,50;2,9680;0,2201;0,0000;0,3365;-0,0164;0,0000;0,0000;0,2751;-1,11;1,86;0;0,0170;58,95;0;1;0;6;1;0;410;2048;1359
199,7778;174,6066;14,50;3,0103;0,2200;0,0000;0,3349;-0,0164;0,0000;0,0000;0,2750;-1,05;1,96;0;0,0170;58,91;0;1;0;6;1;0;410;2048;1362
199,7917;174,6625;14,50;3,0190;0,2200;0,0000;0,3335;-0,0164;0,0000;0,0000;0,2750;-0,99;2,03;0;0,0170;58,87;0;1;0;6;1;0;410;2048;1365
199,8056;174,7185;14,50;3,0404;0,2201;0,0000;0,3323;-0,0164;0,0000;0,0000;0,2752;-0,93;2,11;0;0,0170;58,83;0;1;0;6;1;0;410;2048;1367
199,8194;174,9767;14,50;3,0435;0,2210;0,0000;0,3313;-0,0164;0,0000;0,0000;0,2762;-1,07;1,97;0;0,0171;58,63;0;1;0;6;1;0;410;2048;1370
199,8333;174,9767;14,50;3,0370;0,2211;0,0000;0,3306;-0,0164;0,0000;0,0000;0,2763;-0,96;2,08;0;0,0171;58,63;0;1;0;6;1;0;410;2048;1371
199,8472;174,9767;14,50;3,0233;0,2213;0,0000;0,3301;-0,0164;0,0000;0,0000;0,2766;-0,84;2,18;0;0,0171;58,63;0;1;0;6;1;0;410;2048;1372
199,8611;174,9767;14,60;3,0040;0,2216;0,0000;0,3300;-0,0164;0,0000;0,0000;0,2770;-0,73;2,28;0;0,0171;58,63;0;1;0;6;1;0;410;2048;1372
199,8750;175,0008;14,60;2,9748;0,2219;0,0000;0,3300;-0,0164;0,0000;0,0000;0,2773;-0,64;2,33;0;0,0171;58,61;0;1;0;6;1;0;410;2048;1372
199,8889;175,0571;14,60;2,9360;0,2221;0,0000;0,3302;-0,0164;0,0000;0,0000;0,2776;-0,58;2,35;0;0,0171;58,56;0;1;0;6;1;0;410;2048;1372
199,9028;175,1134;14,60;2,9282;0,2225;0,0000;0,3306;-0,0164;0,0000;0,0000;0,2781;-0,53;2,40;0;0,0171;58,51;0;1;0;6;1;0;410;2048;1371
199,9167;175,1698;14,60;2,8701;0,2229;0,0000;0,3311;-0,0164;0,0000;0,0000;0,2786;-0,47;2,39;0;0,0171;58,47;0;1;0;6;1;0;410;2048;1370
199,9306;175,4324;14,60;2,8283;0,2240;0,0000;0,3318;-0,0164;0,0000;0,0000;0,2800;-0,63;2,20;0;0,0172;58,25;0;1;0;6;1;0;410;2048;1369
199,9444;175,4324;14,60;2,8199;0,2244;0,0000;0,3327;-0,0164;0,0000;0,0000;0,2805;-0,52;2,30;0;0,0172;58,25;0;1;0;6;1;0;410;2048;1367
199,9583;175,4324;14,60;2,7725;0,2249;0,0000;0,3339;-0,0164;0,0000;0,0000;0,2811;-0,41;2,36;0;0,0172;58,25;0;1;0;6;1;0;410;2048;1364
199,9722;175,4324;14,60;2,7057;0,2254;0,0000;0,3353;-0,0164;0,0000;0,0000;0,2817;-0,31;2,39;0;0,0172;58,25;0;1;0;6;1;0;410;2048;1361
199,9861;175,4536;14,60;2,5327;0,2258;0,0000;0,3368;-0,0164;0,0000;0,0000;0,2823;-0,24;2,29;0;0,0172;58,23;0;1;0;6;1;0;410;2048;1358
200,0000;175,5100;14,60;2,4414;0,2262;0,0000;0,3385;-0,0164;0,0000;0,0000;0,2828;-0,20;2,24;0;0,0172;58,18;0;1;0;6;1;0;410;2048;1355
200,0139;175,5663;14,60;2,3644;0,2267;0,0000;0,3403;-0,0164;0,0000;0,0000;0,2834;-0,17;2,20;0;0,0172;58,13;0;1;0;6;1;0;410;2048;1351
200,0278;175,6226;14,60;2,1994;0,2272;0,0000;0,3422;-0,0164;0,0000;0,0000;0,2839;-0,14;2,06;0;0,0172;58,07;0;1;0;6;1;0;410;2048;1347
200,0417;175,8880;14,60;2,0091;0,2283;0,0000;0,3441;-0,0164;0,0000;0,0000;0,2854;-0,32;1,68;0;0,0173;57,83;0;1;0;6;1;0;410;2048;1343
200,0556;175,8880;14,60;1,8564;0,2286;0,0000;0,3461;-0,0164;0,0000;0,0000;0,2857;-0,25;1,60;0;0,0173;57,83;0;1;0;6;1;0;410;2048;1339
200,0694;175,8880;14,60;1,6936;0,2289;0,0000;0,3484;-0,0164;0,0000;0,0000;0,2861;-0,19;1,50;0;0,0173;57,83;0;1;0;6;1;0;410;2048;1335
200,0833;175,8880;14,60;1,6293;0,2293;0,0000;0,3506;-0,0164;0,0000;0,0000;0,2866;-0,13;1,50;0;0,0173;57,83;0;1;0;6;1;0;410;2048;1330
200,0972;175,9065;14,60;1,4948;0,2295;0,0000;0,3529;-0,0164;0,0000;0,0000;0,2869;-0,09;1,40;0;0,0173;57,82;0;1;0;6;1;0;410;2048;1325
200,1111;175,9628;14,60;1,4175;0,2297;0,0000;0,3551;-0,0164;0,0000;0,0000;0,2872;-0,09;1,32;0;0,0173;57,76;0;1;0;6;1;0;410;2048;1321
200,1250;176,0192;14,60;1,3085;0,2300;0,0000;0,3573;-0,0164;0,0000;0,0000;0,2875;-0,10;1,21;0;0,0173;57,71;0;1;0;6;1;0;410;2048;1316
200,1389;176,0755;14,60;1,3273;0,2302;0,0000;0,3593;-0,0164;0,0000;0,0000;0,2878;-0,11;1,22;0;0,0173;57,65;0;1;0;6;1;0;410;2048;1312
200,1528;176,3438;14,60;1,2868;0,2312;0,0000;0,3612;-0,0164;0,0000;0,0000;0,2890;-0,32;0,96;0;0,0174;57,39;0;1;0;6;1;0;410;2048;1308
200,1667;176,3438;14,60;1,2989;0,2313;0,0000;0,3632;-0,0164;0,0000;0,0000;0,2891;-0,28;1,02;0;0,0174;57,39;0;1;0;6;1;0;410;2048;1304
200,1806;176,3438;14,60;1,2610;0,2315;0,0000;0,3652;-0,0164;0,0000;0,0000;0,2893;-0,23;1,03;0;0,0174;57,39;0;1;0;6;1;0;410;2048;1300
200,1944;176,3438;14,60;1,2336;0,2317;0,0000;0,3671;-0,0164;0,0000;0,0000;0,2896;-0,18;1,05;0;0,0174;57,39;0;1;0;6;1;0;410;2048;1296
200,2083;176,3594;14,60;1,1994;0,2318;0,0000;0,3690;-0,0164;0,0000;0,0000;0,2898;-0,15;1,05;0;0,0174;57,37;0;1;0;6;1;0;410;2048;1292
200,2222;176,4158;14,60;1,1465;0,2319;0,0000;0,3707;-0,0164;0,0000;0,0000;0,2899;-0,16;0,98;0;0,0174;57,32;0;1;0;6;1;0;410;2048;1289
200,2361;176,4721;14,60;1,0717;0,2320;0,0000;0,3724;-0,0164;0,0000;0,0000;0,2900;-0,18;0,89;0;0,0175;57,26;0;1;0;6;1;0;410;2048;1285
200,2500;176,5284;14,60;0,9832;0,2320;0,0000;0,3738;-0,0164;0,0000;0,0000;0,2901;-0,20;0,78;0;0,0175;57,20;0;1;0;6;1;0;410;2048;1282
200,2639;176,7993;14,60;0,8943;0,2328;0,0000;0,3752;-0,0164;0,0000;0,0000;0,2910;-0,44;0,46;0;0,0176;56,92;0;1;0;6;1;0;410;2048;1280
200,2778;176,7993;14,60;0,7128;0,2327;0,0000;0,3765;-0,0164;0,0000;0,0000;0,2908;-0,41;0,30;0;0,0176;56,92;0;1;0;6;1;0;410;2048;1277
200,2917;176,7993;14,60;0,5782;0,2325;0,0000;0,3778;-0,0164;0,0000;0,0000;0,2906;-0,39;0,19;0;0,0176;56,92;0;1;0;6;1;0;410;2048;1274
200,3056;176,7993;14,60;0,3640;0,2323;0,0000;0,3790;-0,0164;0,0000;0,0000;0,2904;-0,37;0,00;0;0,0176;56,92;0;1;0;6;1;0;410;2048;1272
200,3194;176,8124;14,60;0,1974;0,2320;0,0000;0,3800;-0,0164;0,0000;0,0000;0,2900;-0,38;-0,18;0;0,0176;56,90;0;1;0;6;1;0;410;2048;1270
200,3333;176,8687;14,60;0,0800;0,2316;0,0000;0,3807;-0,0164;0,0000;0,0000;0,2895;-0,43;-0,35;0;0,0176;56,84;0;1;0;6;1;0;410;2048;1268
200,3472;176,9250;14,60;0,0273;0,2311;0,0000;0,3811;-0,0164;0,0000;0,0000;0,2889;-0,49;-0,46;0;0,0176;56,78;0;1;0;6;1;0;410;2048;1267
200,3611;176,9814;14,60;0,0092;0,2306;0,0000;0,3812;-0,0164;0,0000;0,0000;0,2883;-0,54;-0,53;0;0,0176;56,72;0;1;0;6;1;0;410;2048;1267
200,3750;177,2551;14,60;-0,0019;0,2309;0,0000;0,3810;-0,0164;0,0000;0,0000;0,2886;-0,82;-0,82;0;0,0177;56,42;0;1;0;6;1;0;410;2048;1268
200,3889;177,2551;14,60;-0,0136;0,2302;0,0000;0,3805;-0,0164;0,0000;0,0000;0,2878;-0,82;-0,83;0;0,0177;56,42;0;1;0;6;1;0;410;2048;1269
200,4028;177,2551;14,60;-0,0211;0,2296;0,0000;0,3799;-0,0164;0,0000;0,0000;0,2870;-0,82;-0,84;0;0,0177;56,42;0;1;0;6;1;0;410;2048;1270
200,4167;177,2551;14,60;-0,0171;0,2289;0,0000;0,3790;-0,0164;0,0000;0,0000;0,2861;-0,82;-0,84;0;0,0177;56,42;0;1;0;6;1;0;410;2048;1272
200,4306;177,2653;14,60;-0,0073;0,2282;0,0000;0,3778;-0,0164;0,0000;0,0000;0,2853;-0,83;-0,84;0;0,0177;56,40;0;1;0;6;1;0;410;2048;1274
200,4444;177,3216;14,60;0,0272;0,2274;0,0000;0,3764;-0,0164;0,0000;0,0000;0,2843;-0,89;-0,86;0;0,0178;56,34;0;1;0;6;1;0;410;2048;1277
200,4583;177,3779;14,60;0,0860;0,2266;0,0000;0,3746;-0,0164;0,0000;0,0000;0,2832;-0,94;-0,85;0;0,0178;56,27;0;1;0;6;1;0;410;2048;1281
200,4722;177,4342;14,60;0,1639;0,2258;0,0000;0,3725;-0,0164;0,0000;0,0000;0,2823;-0,99;-0,83;0;0,0178;56,21;0;1;0;6;1;0;410;2048;1285
200,4861;177,7106;14,60;0,2612;0,2258;0,0000;0,3702;-0,0164;0,0000;0,0000;0,2822;-1,26;-1,00;0;0,0179;55,89;0;1;0;2;0;0;410;2048;1290
200,5000;177,7106;14,60;0,3843;0,2249;0,0000;0,3677;-0,0164;0,0000;0,0000;0,2811;-1,25;-0,86;0;0,0179;55,89;0;1;0;2;0;0;410;2048;1295
200,5139;177,7106;14,60;0,4762;0,2241;0,0000;0,3652;-0,0164;0,0000;0,0000;0,2801;-1,23;-0,75;0;0,0179;55,89;0;1;0;2;0;0;410;2048;1300
200,5278;177,7106;14,60;0,6275;0,2233;0,0000;0,3626;-0,0164;0,0000;0,0000;0,2791;-1,20;-0,58;0;0,0179;55,89;0;1;0;2;0;0;410;2048;1305
200,5417;177,7181;14,60;0,7557;0,2225;0,0000;0,3598;-0,0164;0,0000;0,0000;0,2782;-1,18;-0,43;0;0,0179;55,88;0;1;0;2;0;0;410;2048;1311
200,5556;177,7744;14,60;1,6776;0,2219;0,0000;0,3570;-0,0164;0,0000;0,0000;0,2774;-1,18;0,50;0;0,0179;55,81;0;1;0;2;0;0;410;2048;1317
200,5694;177,8307;14,60;1,4989;0,2213;0,0000;0,3541;-0,0164;0,0000;0,0000;0,2767;-1,18;0,32;0;0,0179;55,74;0;1;0;2;0;0;410;2048;1323
200,5833;177,8871;14,60;1,5887;0,2208;0,0000;0,3511;-0,0164;0,0000;0,0000;0,2760;-1,18;0,41;0;0,0180;55,67;0;1;0;2;0;0;410;2048;1329
200,5972;178,1665;14,60;1,6868;0,2211;0,0000;0,3483;-0,0164;0,0000;0,0000;0,2763;-1,40;0,29;0;0,0181;55,33;0;1;0;2;0;0;410;2048;1335
200,6111;178,1665;14,60;1,8942;0,2205;0,0000;0,3455;-0,0164;0,0000;0,0000;0,2757;-1,33;0,56;0;0,0181;55,33;0;1;0;2;0;0;410;2048;1340
200,6250;178,1665;14,60;2,0107;0,2201;0,0000;0,3430;-0,0164;0,0000;0,0000;0,2751;-1,26;0,75;0;0,0181;55,33;0;1;0;2;0;0;410;2048;1345
200,6389;178,1665;14,70;2,2098;0,2198;0,0000;0,3407;-0,0164;0,0000;0,0000;0,2747;-1,17;1,04;0;0,0181;55,33;0;1;0;2;0;0;410;2048;1350
200,6528;178,1714;14,70;2,4246;0,2196;0,0000;0,3385;-0,0164;0,0000;0,0000;0,2745;-1,09;1,34;0;0,0181;55,32;0;1;0;2;0;0;410;2048;1355
200,6667;178,2281;14,70;2,6009;0,2194;0,0000;0,3365;-0,0164;0,0000;0,0000;0,2742;-1,05;1,55;0;0,0181;55,25;0;1;0;2;0;0;410;2048;1359
200,6806;178,2848;14,70;2,7581;0,2192;0,0000;0,3346;-0,0164;0,0000;0,0000;0,2740;-1,00;1,75;0;0,0181;55,18;0;1;0;2;0;0;410;2048;1363
200,6944;178,3415;14,70;2,8674;0,2192;0,0000;0,3329;-0,0164;0,0000;0,0000;0,2740;-0,95;1,91;0;0,0181;55,11;0;1;0;2;0;0;410;2048;1366
200,7083;178,6220;14,70;2,9987;0,2201;0,0000;0,3314;-0,0164;0,0000;0,0000;0,2751;-1,13;1,87;0;0,0183;54,75;0;1;0;2;0;0;410;2048;1369
200,7222;178,6220;14,70;3,1100;0,2201;0,0000;0,3301;-0,0164;0,0000;0,0000;0,2751;-1,02;2,09;0;0,0183;54,75;0;1;0;2;0;0;410;2048;1372
200,7361;178,6220;14,70;3,1989;0,2203;0,0000;0,3292;-0,0164;0,0000;0,0000;0,2753;-0,90;2,30;0;0,0183;54,75;0;1;0;2;0;0;410;2048;1374
200,7500;178,6220;14,70;3,2706;0,2206;0,0000;0,3286;-0,0164;0,0000;0,0000;0,2757;-0,77;2,50;0;0,0183;54,75;0;1;0;2;0;0;410;2048;1375
200,7639;178,6274;14,70;3,3278;0,2210;0,0000;0,3282;-0,0164;0,0000;0,0000;0,2762;-0,65;2,67;0;0,0183;54,74;0;1;0;2;0;0;410;2048;1376
200,7778;178,6841;14,70;3,3753;0,2213;0,0000;0,3281;-0,0164;0,0000;0,0000;0,2766;-0,58;2,79;0;0,0183;54,67;0;1;0;2;0;0;410;2048;1376
200,7917;178,7409;14,70;3,4760;0,2218;0,0000;0,3281;-0,0164;0,0000;0,0000;0,2772;-0,51;2,96;0;0,0183;54,59;0;1;0;2;0;0;410;2048;1376
200,8056;178,7976;14,70;3,5262;0,2224;0,0000;0,3285;-0,0164;0,0000;0,0000;0,2780;-0,44;3,09;0;0,0183;54,51;0;1;0;2;0;0;410;2048;1375
200,8194;179,0778;14,70;3,5430;0,2238;0,0000;0,3290;-0,0164;0,0000;0,0000;0,2798;-0,60;2,94;0;0,0185;54,14;0;1;0;2;0;0;410;2048;1374
200,8333;179,0778;14,70;3,5595;0,2244;0,0000;0,3299;-0,0164;0,0000;0,0000;0,2805;-0,47;3,09;0;0,0185;54,14;0;1;0;2;0;0;410;2048;1372
200,8472;179,0778;14,70;3,5682;0,2252;0,0000;0,3313;-0,0164;0,0000;0,0000;0,2814;-0,33;3,24;0;0,0185;54,14;0;1;0;2;0;0;410;2048;1370
200,8611;179,0778;14,70;3,5782;0,2260;0,0000;0,3330;-0,0164;0,0000;0,0000;0,2825;-0,20;3,38;0;0,0185;54,14;0;1;0;2;0;0;410;2048;1366
200,8750;179,0836;14,70;3,5844;0,2269;0,0000;0,3349;-0,0164;0,0000;0,0000;0,2836;-0,07;3,52;0;0,0185;54,14;0;1;0;2;0;0;410;2048;1362
200,8889;179,1403;14,70;3,5728;0,2278;0,0000;0,3372;-0,0164;0,0000;0,0000;0,2847;0,00;3,58;0;0,0185;54,06;0;1;0;2;0;0;410;2048;1357
200,9028;179,1970;14,70;3,5444;0,2287;0,0000;0,3398;-0,0164;0,0000;0,0000;0,2859;0,08;3,62;0;0,0185;53,98;0;1;0;2;0;0;410;2048;1352
200,9167;179,2537;14,70;3,5105;0,2298;0,0000;0,3426;-0,0164;0,0000;0,0000;0,2872;0,15;3,66;0;0,0186;53,90;0;1;0;2;0;0;410;2048;1346
200,9306;179,5334;14,70;3,4870;0,2317;0,0000;0,3458;-0,0164;0,0000;0,0000;0,2896;0,00;3,47;0;0,0187;53,52;0;1;0;2;0;0;410;2048;1340
200,9444;179,5334;14,70;3,4694;0,2327;0,0000;0,3493;-0,0164;0,0000;0,0000;0,2909;0,12;3,59;0;0,0187;53,52;0;1;0;2;0;1;410;2048;1333
200,9583;179,5334;14,70;3,4912;0,2339;0,0000;0,3534;-0,0164;0,0000;0,0000;0,2924;0,25;3,74;0;0,0187;53,52;0;1;0;2;0;1;410;2048;1324
200,9722;179,5334;14,70;3,5238;0,2352;0,0000;0,3578;-0,0164;0,0000;0,0000;0,2940;0,38;3,91;0;0,0187;53,52;0;1;0;2;0;1;410;2048;1315
200,9861;179,5397;14,70;3,4905;0,2365;0,0000;0,3626;-0,0164;0,0000;0,0000;0,2957;0,51;4,00;0;0,0187;53,51;0;1;0;2;0;1;410;2048;1305
201,0000;179,5964;14,70;3,4814;0,2378;0,0000;0,3677;-0,0164;0,0000;0,0000;0,2973;0,58;4,06;0;0,0187;53,42;0;1;0;2;0;1;410;2048;1295
201,0139;179,6531;14,70;3,4735;0,2392;0,0000;0,3732;-0,0164;0,0000;0,0000;0,2990;0,65;4,12;0;0,0187;53,34;0;1;0;2;0;1;410;2048;1284
201,0278;179,7098;14,70;3,4910;0,2407;0,0000;0,3790;-0,0164;0,0000;0,0000;0,3009;0,72;4,21;0;0,0188;53,26;0;1;0;2;0;1;410;2048;1272
201,0417;179,9891;14,70;3,4475;0,2430;0,0000;0,3851;-0,0164;0,0000;0,0000;0,3038;0,55;3,99;0;0,0189;52,87;0;1;0;2;0;1;410;2048;1259
201,0556;179,9891;14,70;3,4490;0,2445;0,0000;0,3917;-0,0164;0,0000;0,0000;0,3056;0,68;4,13;0;0,0189;52,87;0;1;0;2;0;1;410;2048;1246
201,0694;179,9891;14,70;3,4046;0,2461;0,0000;0,3989;-0,0164;0,0000;0,0000;0,3076;0,81;4,21;0;0,0189;52,87;0;1;0;2;0;1;410;2048;1231
201,0833;179,9891;14,70;3,3950;0,2478;0,0000;0,4065;-0,0164;0,0000;0,0000;0,3097;0,93;4,33;0;0,0189;52,87;0;1;0;2;0;1;410;2048;1215
201,0972;179,9959;14,70;3,3628;0,2495;0,0000;0,4145;-0,0164;0,0000;0,0000;0,3119;1,05;4,41;0;0,0189;52,86;0;1;0;2;0;1;410;2048;1199
201,1111;180,0526;14,70;3,3313;0,2512;0,0000;0,4228;-0,0164;0,0000;0,0000;0,3140;1,12;4,45;0;0,0189;52,77;0;1;0;2;0;1;410;2048;1182
201,1250;180,1093;14,70;3,2715;0,2529;0,0000;0,4314;-0,0164;0,0000;0,0000;0,3161;1,18;4,45;0;0,0190;52,69;0;1;0;2;0;1;410;2048;1164
201,1389;180,1660;14,60;3,1681;0,2547;0,0000;0,4403;-0,0164;0,0000;0,0000;0,3184;1,23;4,40;0;0,0190;52,60;0;1;0;2;0;0;410;2048;1146
201,1528;180,4449;14,60;3,1315;0,2574;0,0000;0,4494;-0,0164;0,0000;0,0000;0,3217;1,05;4,18;0;0,0192;52,19;0;1;0;2;0;0;410;2048;1128
201,1667;180,4449;14,60;3,1067;0,2591;0,0000;0,4589;-0,0164;0,0000;0,0000;0,3239;1,16;4,27;0;0,0192;52,19;0;1;0;2;0;0;410;2048;1108
201,1806;180,4449;14,60;3,1163;0,2610;0,0000;0,4687;-0,0164;0,0000;0,0000;0,3262;1,28;4,40;0;0,0192;52,19;0;1;0;2;0;0;410;2048;1088
201,1944;180,4449;14,60;3,0936;0,2629;0,0000;0,4788;-0,0164;0,0000;0,0000;0,3287;1,40;4,49;0;0,0192;52,19;0;1;0;2;0;0;410;2048;1067
201,2083;180,4503;14,60;3,0642;0,2649;0,0000;0,4891;-0,0164;0,0000;0,0000;0,3312;1,50;4,57;0;0,0192;52,19;0;1;0;2;0;0;410;2048;1046
201,2222;180,5066;14,60;3,0510;0,2669;0,0000;0,4994;-0,0164;0,0000;0,0000;0,3336;1,56;4,61;0;0,0192;52,10;0;1;0;2;0;0;410;2048;1025
201,2361;180,5629;14,60;2,9834;0,2688;0,0000;0,5098;-0,0164;0,0000;0,0000;0,3361;1,61;4,59;0;0,0192;52,01;0;1;0;2;0;0;410;2048;1004
201,2500;180,6191;14,60;2,9508;0,2709;0,0000;0,5202;-0,0164;0,0000;0,0000;0,3387;1,65;4,60;0;0,0193;51,93;0;1;0;2;0;0;410;2048;983
201,2639;180,9003;14,60;2,8611;0,2739;0,0000;0,5305;-0,0164;0,0000;0,0000;0,3424;1,45;4,31;0;0,0194;51,50;0;1;0;2;0;0;410;2048;962
201,2778;180,9003;14,60;2,7878;0,2759;0,0000;0,5408;-0,0164;0,0000;0,0000;0,3449;1,56;4,34;0;0,0194;51,50;0;1;0;2;0;0;410;2048;940
201,2917;180,9003;14,60;2,6960;0,2780;0,0000;0,5512;-0,0164;0,0000;0,0000;0,3475;1,66;4,36;0;0,0194;51,50;0;1;0;2;0;0;410;2048;919
201,3056;180,9003;14,60;2,6182;0,2801;0,0000;0,5614;-0,0164;0,0000;0,0000;0,3501;1,76;4,38;0;0,0194;51,50;0;1;0;2;0;0;410;2048;898
201,3194;180,9036;14,60;2,5397;0,2823;0,0000;0,5714;-0,0164;0,0000;0,0000;0,3528;1,85;4,39;0;0,0194;51,50;0;1;0;2;0;0;410;2048;878
201,3333;180,9599;14,60;2,4060;0,2843;0,0000;0,5812;-0,0164;0,0000;0,0000;0,3554;1,88;4,28;0;0,0195;51,41;0;1;0;2;0;0;410;2048;858
201,3472;181,0161;14,60;2,3246;0,2864;0,0000;0,5908;-0,0164;0,0000;0,0000;0,3579;1,90;4,23;0;0,0195;51,32;0;1;0;2;0;0;410;2048;838
201,3611;181,0724;14,60;2,1701;0,2884;0,0000;0,6001;-0,0164;0,0000;0,0000;0,3606;1,92;4,09;0;0,0195;51,23;0;1;0;2;0;0;410;2048;819
201,3750;181,3563;14,60;2,0516;0,2914;0,0000;0,6092;-0,0164;0,0000;0,0000;0,3642;1,68;3,73;0;0,0197;50,79;0;1;0;2;0;0;410;2048;800
201,3889;181,3563;14,60;1,8005;0,2933;0,0000;0,6182;-0,0164;0,0000;0,0000;0,3666;1,75;3,55;0;0,0197;50,79;0;1;0;2;0;0;410;2048;782
201,4028;181,3563;14,60;1,5557;0,2951;0,0000;0,6270;-0,0164;0,0000;0,0000;0,3689;1,81;3,37;0;0,0197;50,79;0;1;0;2;0;0;410;2048;764
201,4167;181,3563;14,60;1,2784;0,2970;0,0000;0,6357;-0,0164;0,0000;0,0000;0,3712;1,86;3,14;0;0,0197;50,79;0;1;0;2;0;0;410;2048;746
201,4306;181,3571;14,60;1,0862;0,2988;0,0000;0,6441;-0,0164;0,0000;0,0000;0,3735;1,90;2,98;0;0,0197;50,79;0;1;0;2;0;0;410;2048;729
201,4444;181,4134;14,60;0,8974;0,3003;0,0000;0,6523;-0,0164;0,0000;0,0000;0,3754;1,87;2,76;0;0,0197;50,70;0;1;0;2;0;0;410;2048;712
201,4583;181,4697;14,60;0,7260;0,3019;0,0000;0,6602;-0,0164;0,0000;0,0000;0,3774;1,83;2,55;0;0,0198;50,61;0;1;0;2;0;0;410;2048;696
201,4722;181,5260;14,60;0,5243;0,3034;0,0000;0,6677;-0,0164;0,0000;0,0000;0,3793;1,78;2,31;0;0,0198;50,52;0;1;0;2;0;0;410;2048;681
201,4861;181,5823;14,60;0,3478;0,3049;0,0000;0,6749;-0,0164;0,0000;0,0000;0,3811;1,73;2,08;0;0,0198;50,43;0;1;0;4;0;0;410;2048;666
201,5000;181,8115;14,60;0,1466;0,3069;0,0000;0,6818;-0,0164;0,0000;0,0000;0,3836;1,48;1,62;0;0,0200;50,07;0;1;0;4;0;0;410;2048;652
201,5139;181,8115;14,60;-0,0167;0,3081;0,0000;0,6885;-0,0164;0,0000;0,0000;0,3851;1,48;1,46;0;0,0200;50,07;0;1;0;4;0;0;410;2048;638
201,5278;181,8115;14,60;-0,1984;0,3092;0,0000;0,6949;-0,0164;0,0000;0,0000;0,3865;1,47;1,27;0;0,0200;50,07;0;1;0;4;0;0;410;2048;625
201,5417;181,8115;14,60;-0,3619;0,3102;0,0000;0,7010;-0,0164;0,0000;0,0000;0,3878;1,45;1,09;0;0,0200;50,07;0;1;0;4;0;0;410;2048;612
201,5556;181,8673;14,60;-0,5052;0,3110;0,0000;0,7068;-0,0164;0,0000;0,0000;0,3888;1,37;0,86;0;0,0200;49,98;0;1;0;4;0;0;410;2048;601
201,5694;181,9237;14,60;-0,5414;0,3118;0,0000;0,7122;-0,0164;0,0000;0,0000;0,3897;1,28;0,74;0;0,0200;49,88;0;1;0;4;0;0;410;2048;589
201,5833;181,9800;14,60;-0,5526;0,3125;0,0000;0,7172;-0,0164;0,0000;0,0000;0,3907;1,20;0,64;0;0,0201;49,79;0;1;0;4;0;0;410;2048;579
201,5972;182,0363;14,60;-0,5512;0,3133;0,0000;0,7219;-0,0164;0,0000;0,0000;0,3916;1,11;0,56;0;0,0201;49,70;0;1;0;4;0;0;410;2048;570
201,6111;182,2677;14,60;-0,4819;0,3146;0,0000;0,7262;-0,0164;0,0000;0,0000;0,3933;0,83;0,34;0;0,0203;49,32;0;1;0;4;0;0;410;2048;561
201,6250;182,2677;14,60;-0,4519;0,3151;0,0000;0,7302;-0,0164;0,0000;0,0000;0,3939;0,81;0,36;0;0,0203;49,32;0;1;0;4;0;0;410;2048;552
201,6389;182,2677;14,70;-0,4259;0,3157;0,0000;0,7341;-0,0164;0,0000;0,0000;0,3946;0,79;0,37;0;0,0203;49,32;0;1;0;4;0;0;410;2048;545
201,6528;182,2677;14,70;-0,3992;0,3162;0,0000;0,7377;-0,0164;0,0000;0,0000;0,3952;0,78;0,38;0;0,0203;49,32;0;1;0;4;0;0;410;2048;537
201,6667;182,3223;14,70;-0,3335;0,3165;0,0000;0,7410;-0,0164;0,0000;0,0000;0,3956;0,70;0,37;0;0,0203;49,23;0;1;0;4;0;0;410;2048;530
201,6806;182,3790;14,70;-0,2890;0,3168;0,0000;0,7440;-0,0164;0,0000;0,0000;0,3960;0,62;0,33;0;0,0204;49,14;0;1;0;4;0;0;410;2048;524
201,6944;182,4358;14,70;-0,1862;0,3171;0,0000;0,7468;-0,0164;0,0000;0,0000;0,3964;0,55;0,36;0;0,0204;49,04;0;1;0;4;0;0;410;2048;519
201,7083;182,4925;14,70;-0,0665;0,3175;0,0000;0,7493;-0,0164;0,0000;0,0000;0,3969;0,48;0,41;0;0,0204;48,95;0;1;0;4;0;0;410;2048;514
201,7222;182,7228;14,70;0,0577;0,3185;0,0000;0,7515;-0,0164;0,0000;0,0000;0,3982;0,21;0,27;0;0,0206;48,57;0;1;0;4;0;0;410;2048;509
201,7361;182,7228;14,70;0,1707;0,3188;0,0000;0,7536;-0,0164;0,0000;0,0000;0,3985;0,22;0,39;0;0,0206;48,57;0;1;0;4;0;0;410;2048;505
201,7500;182,7228;14,70;0,2486;0,3190;0,0000;0,7557;-0,0164;0,0000;0,0000;0,3988;0,23;0,48;0;0,0206;48,57;0;1;0;4;0;0;410;2048;500
201,7639;182,7231;14,70;0,3165;0,3193;0,0000;0,7576;-0,0164;0,0000;0,0000;0,3991;0,24;0,55;0;0,0206;48,57;0;1;0;4;0;0;410;2048;497
201,7778;182,7798;14,70;0,3466;0,3194;0,0000;0,7593;-0,0164;0,0000;0,0000;0,3993;0,18;0,53;0;0,0206;48,47;0;1;0;4;0;0;410;2048;493
201,7917;182,8365;14,70;0,4095;0,3195;0,0000;0,7609;-0,0164;0,0000;0,0000;0,3994;0,13;0,54;0;0,0207;48,37;0;1;0;4;0;0;410;2048;490
201,8056;182,8932;14,70;0,4957;0,3197;0,0000;0,7624;-0,0164;0,0000;0,0000;0,3996;0,08;0,58;0;0,0207;48,28;0;1;0;4;0;0;410;2048;487
201,8194;182,9499;14,70;0,7272;0,3199;0,0000;0,7637;-0,0164;0,0000;0,0000;0,3999;0,03;0,50;0;0,0208;48,18;0;1;0;4;0;0;410;2048;484
201,8333;183,1790;14,70;1,0547;0,3209;0,0000;0,7649;-0,0164;0,0000;0,0000;0,4012;-0,19;0,86;0;0,0209;47,80;0;1;0;4;0;0;410;2048;482
201,8472;183,1790;14,70;1,3450;0,3212;0,0000;0,7660;-0,0164;0,0000;0,0000;0,4015;-0,14;1,20;0;0,0209;47,80;0;1;0;4;0;0;410;2048;479
201,8611;183,1790;14,70;1,5731;0,3216;0,0000;0,7672;-0,0164;0,0000;0,0000;0,4020;-0,08;1,49;0;0,0209;47,80;0;1;0;4;0;0;410;2048;477
201,8750;183,1806;14,70;1,7925;0,3221;0,0000;0,7684;-0,0164;0,0000;0,0000;0,4027;0,00;1,78;0;0,0209;47,79;0;1;0;4;0;0;410;2048;474
201,8889;183,2373;14,70;1,9531;0,3225;0,0000;0,7696;-0,0164;0,0000;0,0000;0,4032;0,00;1,94;0;0,0210;47,69;0;1;0;4;0;0;410;2048;472
201,9028;183,2940;14,70;2,1127;0,3230;0,0000;0,7708;-0,0164;0,0000;0,0000;0,4038;0,00;2,11;0;0,0210;47,59;0;1;0;4;0;0;410;2048;469
201,9167;183,3507;14,70;2,2845;0,3237;0,0000;0,7720;-0,0164;0,0000;0,0000;0,4046;0,02;2,30;0;0,0211;47,50;0;1;0;4;0;0;410;2048;467
201,9306;183,6343;14,70;2,4716;0,3253;0,0000;0,7733;-0,0164;0,0000;0,0000;0,4066;-0,23;2,24;0;0,0213;47,01;0;1;0;4;0;0;410;2048;464
201,9444;183,6343;14,70;2,6604;0,3260;0,0000;0,7747;-0,0164;0,0000;0,0000;0,4074;-0,13;2,54;0;0,0213;47,01;0;1;0;4;0;0;410;2048;461
201,9583;183,6343;14,70;2,8405;0,3268;0,0000;0,7763;-0,0164;0,0000;0,0000;0,4084;-0,02;2,82;0;0,0213;47,01;0;1;0;4;0;0;410;2048;458
201,9722;183,6343;14,70;2,9838;0,3277;0,0000;0,7781;-0,0164;0,0000;0,0000;0,4096;0,10;3,08;0;0,0213;47,01;0;1;0;4;0;0;410;2048;455
201,9861;183,6383;14,70;3,1084;0,3287;0,0000;0,7800;-0,0164;0,0000;0,0000;0,4109;0,21;3,32;0;0,0213;47,00;0;1;0;4;0;0;410;2048;451
202,0000;183,6950;14,70;3,2334;0,3297;0,0000;0,7820;-0,0164;0,0000;0,0000;0,4121;0,26;3,49;0;0,0213;46,90;0;1;0;4;0;0;410;2048;446
202,0139;183,7517;14,70;3,3698;0,3308;0,0000;0,7841;-0,0164;0,0000;0,0000;0,4135;0,32;3,69;0;0,0214;46,80;0;1;0;4;0;0;410;2048;442
202,0278;183,8084;14,70;3,4454;0,3320;0,0000;0,7864;-0,0164;0,0000;0,0000;0,4150;0,38;3,83;0;0,0214;46,70;0;1;0;4;0;0;410;2048;437
202,0417;184,0903;14,70;3,4662;0,3342;0,0000;0,7888;-0,0164;0,0000;0,0000;0,4178;0,17;3,63;0;0,0216;46,22;0;1;0;4;0;0;410;2048;433
202,0556;184,0903;14,70;3,4732;0,3355;0,0000;0,7915;-0,0164;0,0000;0,0000;0,4193;0,30;3,77;0;0,0216;46,22;0;1;0;4;0;0;410;2048;427
202,0694;184,0903;14,70;3,4535;0,3368;0,0000;0,7944;-0,0164;0,0000;0,0000;0,4210;0,43;3,88;0;0,0216;46,22;0;1;0;4;0;0;410;2048;421
202,0833;184,0903;14,70;3,4928;0,3382;0,0000;0,7975;-0,0164;0,0000;0,0000;0,4228;0,56;4,06;0;0,0216;46,22;0;1;0;4;0;0;410;2048;415
202,0972;184,0961;14,70;3,5218;0,3397;0,0000;0,8007;-0,0164;0,0000;0,0000;0,4247;0,69;4,21;0;0,0216;46,21;0;1;0;4;0;0;410;2048;408
202,1111;184,1528;14,70;3,5423;0,3412;0,0000;0,8042;-0,0164;0,0000;0,0000;0,4265;0,75;4,29;0;0,0217;46,10;0;1;0;4;0;0;410;2048;401
202,1250;184,2094;14,70;3,5790;0,3427;0,0000;0,8077;-0,0164;0,0000;0,0000;0,4284;0,82;4,39;0;0,0217;46,00;0;1;0;4;0;0;410;2048;394
202,1389;184,2661;14,70;3,6078;0,3444;0,0000;0,8113;-0,0164;0,0000;0,0000;0,4305;0,88;4,49;0;0,0218;45,90;0;1;0;4;0;0;410;2048;386
202,1528;184,5458;14,70;3,6547;0,3471;0,0000;0,8151;-0,0164;0,0000;0,0000;0,4338;0,67;4,33;0;0,0220;45,41;0;1;0;4;0;0;410;2048;379
202,1667;184,5458;14,70;3,6790;0,3488;0,0000;0,8191;-0,0164;0,0000;0,0000;0,4360;0,81;4,49;0;0,0220;45,41;0;1;0;4;0;0;410;2048;371
202,1806;184,5458;14,70;3,6713;0,3506;0,0000;0,8233;-0,0164;0,0000;0,0000;0,4382;0,95;4,62;0;0,0220;45,41;0;1;0;4;0;0;410;2048;362
202,1944;184,5458;14,70;3,6619;0,3524;0,0000;0,8277;-0,0164;0,0000;0,0000;0,4406;1,09;4,75;0;0,0220;45,41;0;1;0;4;0;0;410;2048;353
202,2083;184,5540;14,70;3,6343;0,3544;0,0000;0,8322;-0,0164;0,0000;0,0000;0,4430;1,22;4,85;0;0,0220;45,40;0;1;0;4;0;0;410;2048;344
202,2222;184,6106;14,70;3,5787;0,3563;0,0000;0,8369;-0,0164;0,0000;0,0000;0,4453;1,28;4,86;0;0,0221;45,29;0;1;0;4;0;0;410;2048;334
202,2361;184,6673;14,70;3,5186;0,3582;0,0000;0,8416;-0,0164;0,0000;0,0000;0,4478;1,34;4,86;0;0,0221;45,19;0;1;0;4;0;0;410;2048;324
202,2500;184,7240;14,70;3,4632;0,3603;0,0000;0,8465;-0,0164;0,0000;0,0000;0,4503;1,40;4,86;0;0,0222;45,09;0;1;0;4;0;0;410;2048;314
202,2639;185,0016;14,70;3,4115;0,3633;0,0000;0,8514;-0,0164;0,0000;0,0000;0,4541;1,18;4,59;0;0,0224;44,60;0;1;0;4;0;0;410;2048;304
202,2778;185,0016;14,70;3,3502;0,3653;0,0000;0,8566;-0,0164;0,0000;0,0000;0,4566;1,30;4,66;0;0,0224;44,60;0;1;0;4;0;0;410;2048;294
202,2917;185,0016;14,70;3,2981;0,3674;0,0000;0,8619;-0,0164;0,0000;0,0000;0,4592;1,43;4,73;0;0,0224;44,60;0;1;0;4;0;0;410;2048;283
202,3056;185,0016;14,70;3,2456;0,3695;0,0000;0,8674;-0,0164;0,0000;0,0000;0,4619;1,55;4,80;0;0,0224;44,60;0;1;0;4;0;0;410;2048;272
202,3194;185,0120;14,70;3,1921;0,3717;0,0000;0,8729;-0,0164;0,0000;0,0000;0,4647;1,66;4,85;0;0,0224;44,58;0;1;0;4;0;0;410;2048;260
202,3333;185,0686;14,70;3,1444;0,3738;0,0000;0,8786;-0,0164;0,0000;0,0000;0,4672;1,71;4,85;0;0,0225;44,47;0;1;0;4;0;0;410;2048;249
202,3472;185,1253;14,70;3,0956;0,3759;0,0000;0,8843;-0,0164;0,0000;0,0000;0,4699;1,75;4,85;0;0,0225;44,37;0;1;0;4;0;0;410;2048;237
202,3611;185,1820;14,70;3,0717;0,3782;0,0000;0,8901;-0,0164;0,0000;0,0000;0,4727;1,79;4,86;0;0,0226;44,27;0;1;0;4;0;0;410;2048;225
202,3750;185,4572;14,50;2,9705;0,3814;0,0000;0,8959;-0,0164;0,0000;0,0000;0,4767;1,55;4,52;0;0,0228;43,77;0;1;0;4;0;0;410;2048;213
202,3889;185,4572;14,50;2,8905;0,3835;0,0000;0,9019;-0,0164;0,0000;0,0000;0,4793;1,66;4,55;0;0,0228;43,77;0;1;0;4;0;0;410;2048;201
202,4028;185,4572;14,50;2,8107;0,3856;0,0000;0,9080;-0,0164;0,0000;0,0000;0,4820;1,76;4,57;0;0,0228;43,77;0;1;0;4;0;0;410;2048;188
202,4167;185,4572;14,50;2,7385;0,3878;0,0000;0,9143;-0,0164;0,0000;0,0000;0,4848;1,86;4,60;0;0,0228;43,77;0;1;0;4;0;0;410;2048;176
202,4306;185,4672;14,50;2,7005;0,3901;0,0000;0,9206;-0,0164;0,0000;0,0000;0,4876;1,95;4,65;0;0,0229;43,76;0;1;0;4;0;0;410;2048;163
202,4444;185,5231;14,50;2,6337;0,3922;0,0000;0,9269;-0,0164;0,0000;0,0000;0,4903;1,98;4,61;0;0,0229;43,65;0;1;0;4;0;0;410;2048;150
202,4583;185,5789;14,50;2,6024;0,3944;0,0000;0,9333;-0,0164;0,0000;0,0000;0,4930;2,00;4,60;0;0,0230;43,55;0;1;0;4;0;0;410;2048;137
202,4722;185,6348;14,50;2,5316;0,3967;0,0000;0,9397;-0,0164;0,0000;0,0000;0,4958;2,02;4,55;0;0,0230;43,45;0;1;0;4;0;0;410;2048;123
202,4861;185,9128;14,50;2,4281;0,3999;0,0000;0,9462;-0,0164;0,0000;0,0000;0,4999;1,75;4,17;0;0,0233;42,95;0;1;0;5;0;0;410;2048;110
202,5000;185,9128;14,50;2,3555;0,4020;0,0000;0,9528;0,0290;0,0033;0,0559;0,5025;1,83;4,19;0;0,0233;42,95;1;1;1;5;0;0;505;2048;97
202,5139;185,9128;14,50;2,3477;0,4042;0,0000;0,9593;0,0295;0,0069;0,0569;0,5052;1,92;4,27;0;0,0233;42,95;1;1;1;5;0;0;507;2048;83
202,5278;185,9128;14,50;2,3239;0,4064;0,0000;0,9654;0,0302;0,0107;0,0578;0,5080;2,01;4,33;0;0,0233;42,95;1;1;1;5;0;0;509;2048;71
202,5417;185,9196;14,50;2,2675;0,4086;0,0000;0,9710;0,0311;0,0144;0,0581;0,5108;2,09;4,35;0;0,0233;42,93;1;1;1;5;0;0;512;2048;59
202,5556;185,9755;14,50;2,1967;0,4107;0,0000;0,9759;0,0315;0,0179;0,0573;0,5134;2,09;4,29;0;0,0233;42,83;1;1;1;5;0;0;513;2048;49
202,5694;186,0313;14,50;2,1030;0,4129;0,0000;0,9801;0,0320;0,0214;0,0562;0,5161;2,10;4,20;0;0,0234;42,73;1;1;1;5;0;0;515;2048;41
202,5833;186,0872;14,50;1,9751;0,4150;0,0000;0,9837;0,0326;0,0250;0,0545;0,5188;2,10;4,07;0;0,0235;42,62;1;1;1;5;0;0;517;2048;33
202,5972;186,3686;14,50;1,9104;0,4182;0,0000;0,9867;0,0306;0,0303;0,0497;0,5227;1,79;3,70;0;0,0237;42,11;1;1;1;5;0;0;510;2048;27
202,6111;186,3686;14,50;1,5994;0,4201;0,0000;0,9892;0,0329;0,0334;0,0465;0,5251;1,85;3,45;0;0,0237;42,11;1;1;1;5;0;0;518;2048;22
202,6250;186,3686;14,50;1,4277;0,4220;0,0000;0,9913;0,0337;0,0366;0,0450;0,5274;1,90;3,33;0;0,0237;42,11;1;1;1;5;0;0;520;2048;18
202,6389;186,3686;14,50;1,2549;0,4238;0,0000;0,9930;0,0343;0,0397;0,0434;0,5298;1,95;3,20;0;0,0237;42,11;1;1;1;5;0;0;522;2048;14
202,6528;186,3724;14,50;1,3037;0,4258;0,0000;0,9944;0,0330;0,0430;0,0448;0,5322;1,99;3,30;0;0,0238;42,11;1;1;1;5;0;0;518;2048;11
202,6667;186,4283;14,50;1,1986;0,4275;0,0000;0,9955;0,0326;0,0458;0,0430;0,5343;1,96;3,16;0;0,0238;42,00;1;1;1;5;0;0;517;2048;9
202,6806;186,4842;14,50;1,0636;0,4292;0,0000;0,9964;0,0324;0,0486;0,0409;0,5365;1,93;2,99;0;0,0239;41,90;1;1;1;5;0;0;516;2048;7
202,6944;186,5401;14,50;1,0626;0,4309;0,0000;0,9972;0,0311;0,0515;0,0405;0,5386;1,89;2,95;0;0,0239;41,79;1;1;1;5;0;0;512;2048;6
202,7083;186,5960;14,50;1,1032;0,4327;0,0000;0,9978;0,0274;0,0545;0,0366;0,5408;1,85;2,64;0;0,0240;41,69;1;1;1;5;0;0;500;2048;5
202,7222;186,8241;14,50;1,0636;0,4352;0,0000;0,9982;0,0272;0,0587;0,0368;0,5440;1,58;2,65;0;0,0242;41,27;1;1;1;5;0;0;499;2048;4
202,7361;186,8241;14,50;0,9674;0,4368;0,0000;0,9986;0,0274;0,0613;0,0362;0,5460;1,62;2,59;0;0,0242;41,27;1;1;1;5;0;0;500;2048;3
202,7500;186,8241;14,50;1,0417;0,4384;0,0000;0,9989;0,0263;0,0639;0,0379;0,5480;1,66;2,70;0;0,0242;41,27;1;1;1;5;0;0;496;2048;2
202,7639;186,8256;14,50;0,9936;0,4400;0,0000;0,9991;0,0262;0,0666;0,0378;0,5500;1,69;2,68;0;0,0242;41,27;1;1;1;5;0;0;496;2048;2
202,7778;186,8816;14,50;1,0158;0,4414;0,0000;0,9993;0,0252;0,0690;0,0377;0,5517;1,65;2,67;0;0,0243;41,17;1;1;1;5;0;0;492;2048;1
202,7917;186,9375;14,50;1,0207;0,4428;0,0000;0,9995;0,0243;0,0714;0,0374;0,5535;1,61;2,63;0;0,0244;41,06;1;1;1;5;0;0;490;2048;1
202,8056;186,9934;14,50;0,9840;0,4443;0,0000;0,9996;0,0239;0,0738;0,0366;0,5553;1,57;2,55;0;0,0244;40,96;1;1;1;5;0;0;488;2048;1
202,8194;187,0493;14,50;0,9226;0,4457;0,0000;0,9997;0,0236;0,0762;0,0353;0,5572;1,53;2,45;0;0,0245;40,85;1;1;1;5;0;0;487;2048;1
202,8333;187,2800;14,50;0,8499;0,4479;0,0000;0,9997;0,0218;0,0799;0,0308;0,5599;1,24;2,09;0;0,0247;40,43;1;1;1;5;0;0;481;2048;1
202,8472;187,2800;14,50;0,8409;0,4492;0,0000;0,9998;0,0216;0,0820;0,0313;0,5615;1,27;2,11;0;0,0247;40,43;1;1;1;5;0;0;481;2048;0
202,8611;187,2800;14,50;0,7216;0,4504;0,0000;0,9998;0,0222;0,0840;0,0302;0,5630;1,30;2,02;0;0,0247;40,43;1;1;1;5;0;0;483;2048;0
202,8750;187,2800;14,50;0,6541;0,4517;0,0000;0,9999;0,0223;0,0861;0,0298;0,5646;1,32;1,97;0;0,0247;40,43;1;1;1;5;0;0;483;2048;0
202,8889;187,3352;14,50;0,5841;0,4526;0,0000;0,9999;0,0218;0,0877;0,0282;0,5658;1,26;1,85;0;0,0248;40,33;1;1;1;5;0;0;481;2048;0
202,9028;187,3912;14,50;0,4985;0,4536;0,0000;0,9999;0,0213;0,0893;0,0264;0,5670;1,20;1,70;0;0,0249;40,22;1;1;1;5;0;0;480;2048;0
202,9167;187,4471;14,50;0,3849;0,4545;0,0000;0,9999;0,0211;0,0909;0,0242;0,5682;1,14;1,52;0;0,0249;40,12;1;1;1;5;0;0;479;2048;0
202,9306;187,5030;14,50;0,1833;0,4554;0,0000;1,0000;0,0213;0,0924;0,0206;0,5693;1,06;1,25;0;0,0250;40,02;1;1;1;5;0;0;480;2048;0
202,9444;187,7352;14,50;0,1988;0,4571;0,0000;1,0000;0,0181;0,0952;0,0168;0,5714;0,74;0,94;0;0,0253;39,59;1;1;1;5;0;0;469;2048;0
202,9583;187,7352;14,50;0,1642;0,4577;0,0000;1,0000;0,0175;0,0962;0,0165;0,5722;0,75;0,91;0;0,0253;39,59;1;1;1;5;0;0;467;2048;0
202,9722;187,7352;14,50;0,1065;0,4583;0,0000;1,0000;0,0171;0,0972;0,0159;0,5729;0,75;0,86;0;0,0253;39,59;1;1;1;5;0;0;466;2048;0
202,9861;187,7352;14,50;-0,0149;0,4589;0,0000;1,0000;0,0172;0,0982;0,0144;0,5736;0,75;0,74;0;0,0253;39,59;1;1;1;5;0;0;466;2048;0
203,0000;187,7893;14,50;-0,0327;0,4592;0,0000;1,0000;0,0159;0,0987;0,0131;0,5740;0,67;0,64;0;0,0253;39,49;1;1;1;5;0;0;462;2048;0
203,0139;187,8452;14,50;-0,0410;0,4595;0,0000;1,0000;0,0145;0,0992;0,0120;0,5744;0,59;0,55;0;0,0254;39,38;1;1;1;5;0;0;457;2048;0
203,0278;187,9012;14,50;-0,1753;0,4598;0,0000;1,0000;0,0141;0,0997;0,0090;0,5748;0,50;0,32;0;0,0255;39,28;1;1;1;5;0;0;456;2048;0
203,0417;187,9571;14,50;-0,2465;0,4600;0,0000;1,0000;0,0132;0,1001;0,0069;0,5751;0,41;0,16;0;0,0255;39,18;1;1;1;5;0;0;453;2048;0
203,0556;188,1914;14,50;-0,2353;0,4611;0,0000;1,0000;0,0099;0,1018;0,0026;0,5764;0,06;-0,18;0;0,0258;38,75;1;1;1;5;0;0;442;2048;0
203,0694;188,1914;14,50;-0,3113;0,4611;0,0000;1,0000;0,0096;0,1018;0,0014;0,5763;0,05;-0,26;0;0,0258;38,75;1;1;1;5;0;0;441;2048;0
203,0833;188,1914;14,50;-0,4219;0,4610;0,0000;1,0000;0,0094;0,1016;-0,0003;0,5762;0,03;-0,39;0;0,0258;38,75;1;1;1;5;0;0;441;2048;0
203,0972;188,1914;14,50;-0,4112;0,4609;0,0000;1,0000;0,0083;0,1014;-0,0003;0,5761;0,00;-0,39;0;0,0258;38,75;1;1;1;5;0;0;437;2048;0
203,1111;188,2436;14,50;-0,4857;0,4605;0,0000;1,0000;0,0074;0,1008;-0,0027;0,5756;-0,08;-0,57;0;0,0259;38,65;1;1;1;5;0;0;434;2048;0
203,1250;188,2995;14,50;-0,5557;0,4600;0,0000;1,0000;0,0063;0,1001;-0,0051;0,5751;-0,18;-0,74;0;0,0259;38,54;1;1;1;5;0;0;431;2048;0
203,1389;188,3554;14,50;-0,7485;0,4595;0,0000;1,0000;0,0062;0,0992;-0,0092;0,5744;-0,29;-1,04;0;0,0260;38,44;1;1;1;5;0;0;430;2048;0
203,1528;188,4114;14,50;-0,7694;0,4590;0,0000;1,0000;0,0045;0,0984;-0,0111;0,5738;-0,41;-1,18;0;0,0261;38,34;1;1;1;5;0;0;425;2048;0
203,1667;188,6464;14,50;-0,8192;0,4593;0,0000;1,0000;0,0014;0,0988;-0,0168;0,5741;-0,79;-1,61;0;0,0264;37,91;1;1;1;5;0;0;414;2048;0
203,1806;188,6464;14,50;-0,8788;0,4584;0,0000;1,0000;0,0006;0,0974;-0,0181;0,5730;-0,82;-1,70;0;0,0264;37,91;1;1;1;5;0;0;412;2048;0
203,1944;188,6464;14,50;-0,9821;0,4575;0,0000;1,0000;0,0001;0,0958;-0,0201;0,5719;-0,86;-1,84;0;0,0264;37,91;1;1;1;5;0;0;410;2048;0
203,2083;188,6464;14,50;-1,0793;0,4565;0,0000;1,0000;-0,0005;0,0942;-0,0221;0,5707;-0,90;-1,97;0;0,0264;37,91;1;1;0;5;0;0;412;2048;0
203,2222;188,6979;14,50;-1,0824;0,4553;0,0000;1,0000;-0,0024;0,0921;-0,0240;0,5691;-1,01;-2,10;0;0,0264;37,81;1;1;0;5;0;0;418;2048;0
203,2361;188,7538;14,50;-1,1704;0,4539;0,0000;1,0000;-0,0036;0,0898;-0,0271;0,5674;-1,14;-2,32;0;0,0265;37,70;1;1;0;5;0;0;422;2048;0
203,2500;188,8098;14,50;-1,1829;0,4525;0,0000;1,0000;-0,0055;0,0875;-0,0292;0,5656;-1,27;-2,46;0;0,0266;37,60;1;1;0;5;0;0;428;2048;0
203,2639;188,8657;14,50;-1,2178;0,4511;0,0000;1,0000;-0,0071;0,0851;-0,0316;0,5639;-1,40;-2,62;0;0,0267;37,50;1;1;0;5;0;0;433;2048;0
203,2778;189,1028;14,50;-1,2104;0,4505;0,0000;1,0000;-0,0107;0,0841;-0,0370;0,5631;-1,81;-3,02;0;0,0270;37,06;1;1;0;5;0;0;445;2048;0
203,2917;189,1028;14,50;-1,2189;0,4487;0,0000;1,0000;-0,0119;0,0811;-0,0379;0,5609;-1,86;-3,07;0;0,0270;37,06;1;1;0;5;0;0;449;2048;0
203,3056;189,1028;14,50;-1,1930;0,4469;0,0000;1,0000;-0,0132;0,0781;-0,0384;0,5586;-1,90;-3,09;0;0,0270;37,06;1;1;0;5;0;0;453;2048;0
203,3194;189,1028;14,50;-1,0553;0,4451;0,0000;1,0000;-0,0152;0,0751;-0,0373;0,5563;-1,94;-2,99;0;0,0270;37,06;1;1;0;5;0;0;460;2048;0
203,3333;189,1520;14,50;-0,9588;0,4430;0,0000;1,0000;-0,0172;0,0717;-0,0378;0,5538;-2,05;-3,01;0;0,0270;36,97;1;1;0;5;0;0;466;2048;0
203,3472;189,2079;14,50;-0,8835;0,4409;0,0000;1,0000;-0,0188;0,0682;-0,0386;0,5511;-2,17;-3,06;0;0,0271;36,87;1;1;0;5;0;0;472;2048;0
203,3611;189,2638;14,50;-0,5946;0,4389;0,0000;1,0000;-0,0219;0,0648;-0,0364;0,5486;-2,28;-2,88;0;0,0272;36,76;1;1;0;5;0;0;482;2048;0
203,3750;189,3197;14,50;-0,3887;0,4369;0,0000;1,0000;-0,0239;0,0615;-0,0353;0,5461;-2,38;-2,77;0;0,0273;36,66;1;1;0;5;0;0;488;2048;0
203,3889;189,5576;14,50;-0,3074;0,4358;0,0000;1,0000;-0,0265;0,0597;-0,0394;0,5448;-2,77;-3,07;0;0,0276;36,23;1;1;0;5;0;0;497;2048;0
203,4028;189,5576;14,50;-0,2527;0,4336;0,0000;1,0000;-0,0264;0,0560;-0,0390;0,5420;-2,78;-3,03;0;0,0276;36,23;1;1;0;5;0;0;497;2048;0
203,4167;189,5576;14,50;-0,0619;0,4314;0,0000;1,0000;-0,0273;0,0523;-0,0366;0,5392;-2,78;-2,84;0;0,0276;36,23;1;1;0;5;0;0;499;2048;0
203,4306;189,5576;14,50;0,1624;0,4293;0,0000;1,0000;-0,0282;0,0488;-0,0337;0,5366;-2,77;-2,61;0;0,0276;36,23;1;1;0;5;0;0;502;2048;0
203,4444;189,6059;14,50;0,1528;0,4269;0,0000;1,0000;-0,0275;0,0448;-0,0350;0,5336;-2,84;-2,69;0;0,0277;36,14;1;1;0;5;0;0;500;2048;0
203,4583;189,6617;14,50;0,2084;0,4245;0,0000;1,0000;-0,0276;0,0409;-0,0355;0,5306;-2,93;-2,72;0;0,0278;36,03;1;1;0;5;0;0;500;2048;0
203,4722;189,7176;14,50;0,1355;0,4221;0,0000;1,0000;-0,0267;0,0369;-0,0378;0,5276;-3,01;-2,88;0;0,0278;35,93;1;1;0;5;0;0;497;2048;0
203,4861;189,7734;14,50;0,2725;0,4198;0,0000;1,0000;-0,0275;0,0329;-0,0371;0,5247;-3,09;-2,82;0;0,0279;35,83;1;1;0;3;0;0;500;2048;0
203,5000;190,0142;14,50;0,3123;0,4184;0,0000;1,0000;-0,0295;0,0306;-0,0416;0,5230;-3,46;-3,15;0;0,0283;35,39;1;1;0;3;0;0;506;2048;0
203,5139;190,0142;14,50;0,2814;0,4158;0,0000;1,0000;-0,0283;0,0263;-0,0420;0,5197;-3,45;-3,17;0;0,0283;35,39;1;1;0;3;0;0;503;2048;0
203,5278;190,0142;14,50;0,3134;0,4132;0,0000;1,0000;-0,0278;0,0220;-0,0415;0,5165;-3,44;-3,13;0;0,0283;35,39;1;1;0;3;0;0;501;2048;0
203,5417;190,0142;14,50;0,3471;0,4106;0,0000;1,0000;-0,0273;0,0177;-0,0409;0,5133;-3,43;-3,08;0;0,0283;35,39;1;1;0;3;0;0;499;2048;0
203,5556;190,0593;14,50;0,4267;0,4079;0,0000;1,0000;-0,0277;0,0131;-0,0407;0,5098;-3,48;-3,06;0;0,0283;35,31;1;1;0;3;0;0;501;2048;0
203,5694;190,1152;14,50;0,5215;0,4051;0,0000;1,0000;-0,0282;0,0084;-0,0405;0,5063;-3,56;-3,04;0;0,0284;35,20;1;1;0;3;0;0;502;2048;0
203,5833;190,1710;14,50;0,6188;0,4023;0,0000;1,0000;-0,0286;0,0039;-0,0401;0,5029;-3,62;-3,01;0;0,0285;35,10;1;1;0;3;0;0;504;2048;0
203,5972;190,2269;14,50;0,8402;0,3997;0,0000;1,0000;-0,0299;0,0000;-0,0379;0,4996;-3,68;-2,85;0;0,0286;35,00;1;1;0;3;0;0;508;2048;0
203,6111;190,4688;14,50;0,9151;0,3981;0,0000;1,0000;-0,0317;0,0000;-0,0417;0,4976;-4,05;-3,13;0;0,0289;34,56;1;1;0;3;0;0;514;2048;0
203,6250;190,4688;14,20;1,0399;0,3952;0,0000;0,9997;-0,0314;0,0000;-0,0396;0,4941;-4,01;-2,97;0;0,0289;34,56;1;1;0;3;0;0;513;2048;1
203,6389;190,4688;14,20;1,2035;0,3926;0,0000;0,9990;-0,0312;0,0000;-0,0368;0,4907;-3,96;-2,76;0;0,0289;34,56;1;1;0;3;0;0;512;2048;2
203,6528;190,4688;14,20;1,4053;0,3900;0,0000;0,9975;-0,0311;0,0000;-0,0334;0,4875;-3,91;-2,50;0;0,0289;34,56;1;1;0;3;0;0;512;2048;5
203,6667;190,5091;14,20;1,5400;0,3872;0,0000;0,9953;-0,0308;0,0000;-0,0318;0,4841;-3,92;-2,38;0;0,0290;34,49;1;1;0;3;0;0;511;2048;10
203,6806;190,5638;14,20;1,4966;0,3845;0,0000;0,9922;-0,0292;0,0000;-0,0328;0,4806;-3,96;-2,46;0;0,0291;34,39;1;1;0;3;0;0;506;2048;16
203,6944;190,6184;14,20;1,5447;0,3818;0,0000;0,9884;-0,0286;0,0000;-0,0327;0,4772;-3,99;-2,45;0;0,0292;34,29;1;1;0;3;0;0;504;2048;24
203,7083;190,6731;14,20;1,6074;0,3791;0,0000;0,9840;-0,0280;0,0000;-0,0323;0,4739;-4,02;-2,42;0;0,0292;34,19;1;1;0;3;0;0;502;2048;33
203,7222;190,9255;14,20;1,6876;0,3776;0,0000;0,9789;-0,0299;0,0000;-0,0360;0,4720;-4,39;-2,70;0;0,0296;33,74;1;1;0;3;0;0;508;2048;43
203,7361;190,9255;14,20;1,6795;0,3748;0,0000;0,9735;-0,0282;0,0000;-0,0353;0,4684;-4,32;-2,64;0;0,0296;33,74;1;1;0;3;0;0;502;2048;54
203,7500;190,9255;14,20;1,7204;0,3720;0,0000;0,9678;-0,0270;0,0000;-0,0339;0,4650;-4,26;-2,54;0;0,0296;33,74;1;1;0;3;0;0;499;2048;66
203,7639;190,9255;14,20;1,7684;0,3693;0,0000;0,9619;-0,0260;0,0000;-0,0324;0,4616;-4,19;-2,43;0;0,0296;33,74;1;1;0;3;0;0;495;2048;78
203,7778;190,9528;14,20;1,8751;0,3665;0,0000;0,9557;-0,0257;0,0000;-0,0307;0,4581;-4,17;-2,30;0;0,0297;33,69;1;1;0;3;0;0;494;2048;91
203,7917;191,0075;14,20;1,8809;0,3636;0,0000;0,9492;-0,0249;0,0000;-0,0309;0,4545;-4,20;-2,32;0;0,0298;33,59;1;1;0;3;0;0;491;2048;104
203,8056;191,0622;14,20;1,9116;0,3608;0,0000;0,9426;-0,0243;0,0000;-0,0308;0,4510;-4,22;-2,31;0;0,0299;33,49;1;1;0;3;0;0;490;2048;118
203,8194;191,1169;14,20;2,0778;0,3581;0,0000;0,9357;-0,0249;0,0000;-0,0288;0,4477;-4,24;-2,16;0;0,0299;33,39;1;1;0;3;0;0;491;2048;132
203,8333;191,3801;14,20;2,1847;0,3566;0,0000;0,9287;-0,0271;0,0000;-0,0323;0,4458;-4,61;-2,43;0;0,0304;32,93;1;1;0;3;0;0;499;2048;146
203,8472;191,3801;14,20;2,2242;0,3538;0,0000;0,9217;-0,0258;0,0000;-0,0307;0,4422;-4,53;-2,30;0;0,0304;32,93;1;1;0;3;0;0;494;2048;160
203,8611;191,3801;14,20;2,3439;0,3510;0,0000;0,9147;-0,0251;0,0000;-0,0280;0,4388;-4,44;-2,10;0;0,0304;32,93;1;1;0;3;0;0;492;2048;175
203,8750;191,3801;14,20;2,4313;0,3484;0,0000;0,9077;-0,0241;0,0000;-0,0256;0,4355;-4,35;-1,92;0;0,0304;32,93;1;1;0;3;0;0;489;2048;189
203,8889;191,3963;14,20;2,5540;0,3457;0,0000;0,9007;-0,0235;0,0000;-0,0232;0,4322;-4,29;-1,74;0;0,0304;32,90;1;1;0;3;0;0;487;2048;203
203,9028;191,4510;14,20;2,7315;0,3430;0,0000;0,8936;-0,0237;0,0000;-0,0207;0,4288;-4,28;-1,56;0;0,0305;32,80;1;1;0;3;0;0;488;2048;218
203,9167;191,5057;14,20;2,8672;0,3404;0,0000;0,8865;-0,0233;0,0000;-0,0188;0,4255;-4,28;-1,41;0;0,0306;32,70;1;1;0;3;0;0;486;2048;232
203,9306;191,5604;14,20;2,8945;0,3379;0,0000;0,8794;-0,0221;0,0000;-0,0183;0,4224;-4,27;-1,37;0;0,0307;32,60;1;1;0;3;0;0;482;2048;247
203,9444;191,8368;14,20;2,9565;0,3367;0,0000;0,8722;-0,0238;0,0000;-0,0225;0,4209;-4,64;-1,69;0;0,0311;32,12;1;1;0;3;0;0;488;2048;262
203,9583;191,8368;14,20;3,0047;0,3341;0,0000;0,8651;-0,0222;0,0000;-0,0204;0,4176;-4,53;-1,53;0;0,0311;32,12;1;1;0;3;0;0;483;2048;276
203,9722;191,8368;14,20;3,0395;0,3315;0,0000;0,8581;-0,0205;0,0000;-0,0184;0,4144;-4,42;-1,38;0;0,0311;32,12;1;1;0;3;0;0;477;2048;291
203,9861;191,8368;14,20;3,1824;0,3291;0,0000;0,8513;-0,0197;0,0000;-0,0150;0,4114;-4,30;-1,12;0;0,0311;32,12;1;1;0;3;0;0;475;2048;305
204,0000;191,8399;14,20;3,2163;0,3268;0,0000;0,8444;-0,0180;0,0000;-0,0131;0,4085;-4,19;-0,98;0;0,0311;32,11;1;1;0;3;0;0;469;2048;319
204,0139;191,8946;14,20;3,3137;0,3243;0,0000;0,8376;-0,0175;0,0000;-0,0114;0,4054;-4,17;-0,86;0;0,0312;32,01;1;1;0;3;0;0;467;2048;333
204,0278;191,9493;14,20;3,4370;0,3219;0,0000;0,8307;-0,0171;0,0000;-0,0094;0,4024;-4,14;-0,71;0;0,0313;31,92;1;1;0;3;0;0;466;2048;347
204,0417;192,0040;14,20;3,5140;0,3197;0,0000;0,8238;-0,0163;0,0000;-0,0080;0,3996;-4,11;-0,60;0;0,0314;31,82;1;1;0;3;0;0;463;2048;361
204,0556;192,0587;14,20;3,6010;0,3175;0,0000;0,8169;-0,0155;0,0000;-0,0064;0,3969;-4,08;-0,48;0;0,0315;31,72;1;1;0;3;0;0;461;2048;375
204,0694;192,2914;14,20;3,7064;0,3166;0,0000;0,8100;-0,0170;0,0000;-0,0088;0,3957;-4,36;-0,66;0;0,0319;31,32;1;1;0;3;0;0;466;2048;389
204,0833;192,2914;14,20;3,8577;0,3144;0,0000;0,8033;-0,0159;0,0000;-0,0048;0,3930;-4,22;-0,36;0;0,0319;31,32;1;1;0;3;0;0;462;2048;403
204,0972;192,2914;14,20;4,0766;0,3124;0,0000;0,7967;-0,0153;0,0000;0,0000;0,3905;-4,07;0,00;0;0,0319;31,32;1;1;0;3;0;0;460;2048;416
204,1111;192,2914;14,20;4,2251;0,3106;0,0000;0,7902;-0,0139;0,0000;0,0041;0,3882;-3,92;0,31;0;0,0319;31,32;1;1;0;3;0;0;456;2048;430
204,1250;192,3382;14,10;4,3732;0,3086;0,0000;0,7839;-0,0130;0,0000;0,0070;0,3858;-3,84;0,53;0;0,0320;31,24;1;1;0;3;0;0;453;2048;443
204,1389;192,3925;14,10;4,4929;0,3068;0,0000;0,7776;-0,0118;0,0000;0,0095;0,3835;-3,78;0,71;0;0,0321;31,14;1;1;0;3;0;0;449;2048;456
204,1528;192,4469;14,10;4,5970;0,3052;0,0000;0,7713;-0,0106;0,0000;0,0117;0,3814;-3,71;0,88;0;0,0322;31,05;1;1;0;3;0;0;445;2048;468
204,1667;192,5013;14,10;4,6114;0,3036;0,0000;0,7652;-0,0086;0,0000;0,0128;0,3795;-3,65;0,96;0;0,0323;30,95;1;1;0;3;0;0;438;2048;481
204,1806;192,7481;14,10;4,5598;0,3033;0,0000;0,7591;-0,0086;0,0000;0,0083;0,3792;-3,94;0,62;0;0,0328;30,53;1;1;0;3;0;0;438;2048;493
204,1944;192,7481;14,10;4,5207;0,3017;0,0000;0,7533;-0,0059;0,0000;0,0100;0,3772;-3,77;0,75;0;0,0328;30,53;1;1;0;3;0;0;429;2048;505
204,2083;192,7481;14,10;4,4734;0,3002;0,0000;0,7478;-0,0034;0,0000;0,0115;0,3752;-3,61;0,86;0;0,0328;30,53;1;1;0;3;0;0;421;2048;517
204,2222;192,7481;14,10;4,3703;0,2988;0,0000;0,7424;-0,0034;0,0000;0,0000;0,3735;-3,45;0,92;0;0,0328;30,53;0;1;0;3;0;0;410;2048;528
204,2361;192,7789;14,10;4,2643;0,2973;0,0000;0,7372;-0,0034;0,0000;0,0000;0,3716;-3,35;0,91;0;0,0328;30,48;0;1;0;3;0;0;410;2048;538
204,2500;192,8333;14,10;4,2049;0,2957;0,0000;0,7321;-0,0034;0,0000;0,0000;0,3696;-3,30;0,90;0;0,0329;30,39;0;1;0;3;0;0;410;2048;549
204,2639;192,8876;14,10;4,1574;0,2943;0,0000;0,7270;-0,0034;0,0000;0,0000;0,3678;-3,25;0,90;0;0,0330;30,29;0;1;0;3;0;0;410;2048;559
204,2778;192,9420;14,10;4,1040;0,2929;0,0000;0,7219;-0,0034;0,0000;0,0000;0,3661;-3,21;0,89;0;0,0331;30,20;0;1;0;3;0;0;410;2048;570
204,2917;193,2027;14,10;4,0654;0,2929;0,0000;0,7168;-0,0034;0,0000;0,0000;0,3661;-3,56;0,51;0;0,0336;29,76;0;1;0;3;0;0;410;2048;580
204,3056;193,2027;14,10;4,0100;0,2914;0,0000;0,7120;-0,0034;0,0000;0,0000;0,3643;-3,41;0,60;0;0,0336;29,76;0;1;0;3;0;0;410;2048;590
204,3194;193,2027;14,10;3,9470;0,2900;0,0000;0,7073;-0,0034;0,0000;0,0000;0,3625;-3,27;0,68;0;0,0336;29,76;0;1;0;3;0;0;410;2048;599
204,3333;193,2027;14,10;3,9145;0,2887;0,0000;0,7027;-0,0034;0,0000;0,0000;0,3608;-3,12;0,79;0;0,0336;29,76;0;1;0;3;0;0;410;2048;609
204,3472;193,2195;14,10;3,8223;0,2874;0,0000;0,6982;-0,0034;0,0000;0,0000;0,3592;-3,02;0,80;0;0,0336;29,73;0;1;0;3;0;0;410;2048;618
204,3611;193,2739;14,00;3,7931;0,2859;0,0000;0,6937;-0,0034;0,0000;0,0000;0,3574;-2,99;0,80;0;0,0337;29,64;0;1;0;3;0;0;410;2048;627
204,3750;193,3279;14,00;3,8232;0,2846;0,0000;0,6891;-0,0034;0,0000;0,0000;0,3557;-2,95;0,87;0;0,0338;29,55;0;1;0;3;0;0;410;2048;637
204,3889;193,3819;14,00;3,8897;0,2834;0,0000;0,6845;-0,0034;0,0000;0,0000;0,3542;-2,92;0,97;0;0,0340;29,45;0;1;0;3;0;0;410;2048;646
204,4028;193,6595;14,00;3,9809;0,2837;0,0000;0,6799;-0,0034;0,0000;0,0000;0,3546;-3,31;0,67;0;0,0345;28,99;0;1;0;3;0;0;410;2048;656
204,4167;193,6595;14,00;4,1900;0,2824;0,0000;0,6754;-0,0034;0,0000;0,0000;0,3530;-3,16;1,03;0;0,0345;28,99;0;1;0;3;0;0;410;2048;665
204,4306;193,6595;14,00;4,2495;0,2813;0,0000;0,6712;-0,0034;0,0000;0,0000;0,3516;-3,01;1,24;0;0,0345;28,99;0;1;0;3;0;0;410;2048;673
204,4444;193,6595;14,00;4,3026;0,2803;0,0000;0,6670;-0,0034;0,0000;0,0000;0,3504;-2,85;1,45;0;0,0345;28,99;0;1;0;3;0;0;410;2048;682
204,4583;193,6595;14,00;4,2444;0,2794;0,0000;0,6630;-0,0034;0,0000;0,0000;0,3493;-2,70;1,54;0;0,0345;28,99;0;1;0;3;0;0;410;2048;690
204,4722;193,7116;14,00;4,2551;0,2783;0,0000;0,6590;-0,0034;0,0000;0,0000;0,3479;-2,65;1,60;0;0,0346;28,91;0;1;0;3;0;0;410;2048;698
204,4861;193,7656;14,00;4,2672;0,2774;0,0000;0,6551;-0,0034;0,0000;0,0000;0,3467;-2,60;1,66;0;0,0347;28,82;0;1;0;1;0;0;410;2048;706
204,5000;193,8196;14,00;4,2711;0,2765;0,0000;0,6512;-0,0034;0,0000;0,0000;0,3456;-2,56;1,71;0;0,0348;28,73;0;1;0;1;0;0;410;2048;714
204,5139;193,8736;14,00;4,3561;0,2758;0,0000;0,6473;-0,0034;0,0000;0,0000;0,3447;-2,51;1,84;0;0,0349;28,64;0;1;0;1;0;0;410;2048;722
204,5278;194,1141;14,00;4,4511;0,2764;0,0000;0,6435;-0,0034;0,0000;0,0000;0,3455;-2,83;1,62;0;0,0354;28,25;0;1;0;1;0;0;410;2048;730
204,5417;194,1141;14,00;4,5349;0,2756;0,0000;0,6399;-0,0034;0,0000;0,0000;0,3445;-2,66;1,87;0;0,0354;28,25;0;1;0;1;0;0;410;2048;737
204,5556;194,1141;14,00;4,7090;0,2750;0,0000;0,6367;-0,0034;0,0000;0,0000;0,3438;-2,49;2,22;0;0,0354;28,25;0;1;0;1;0;0;410;2048;744
204,5694;194,1141;14,00;4,8922;0,2746;0,0000;0,6337;-0,0034;0,0000;0,0000;0,3432;-2,32;2,58;0;0,0354;28,25;0;1;0;1;0;0;410;2048;750
204,5833;194,1494;14,00;4,9288;0,2741;0,0000;0,6309;-0,0034;0,0000;0,0000;0,3426;-2,21;2,72;0;0,0355;28,19;0;1;0;1;0;0;410;2048;756
204,5972;194,2034;14,00;5,0636;0,2737;0,0000;0,6282;-0,0034;0,0000;0,0000;0,3421;-2,14;2,92;0;0,0356;28,10;0;1;0;1;0;0;410;2048;761
204,6111;194,2574;14,00;5,4162;0,2735;0,0000;0,6257;-0,0034;0,0000;0,0000;0,3418;-2,05;3,36;0;0,0357;28,01;0;1;0;1;0;0;410;2048;767
204,6250;194,3115;14,00;5,5347;0,2734;0,0000;0,6233;-0,0034;0,0000;0,0000;0,3418;-1,96;3,57;0;0,0358;27,92;0;1;0;1;0;0;410;2048;772
204,6389;194,5708;14,00;5,5808;0,2749;0,0000;0,6211;-0,0034;0,0000;0,0000;0,3437;-2,29;3,29;0;0,0363;27,51;0;1;0;1;0;0;410;2048;776
204,6528;194,5708;14,00;5,6038;0,2749;0,0000;0,6194;-0,0034;0,0000;0,0000;0,3436;-2,09;3,51;0;0,0363;27,51;0;1;0;1;0;0;410;2048;780
204,6667;194,5708;14,00;5,6093;0,2750;0,0000;0,6181;-0,0034;0,0000;0,0000;0,3437;-1,89;3,72;0;0,0363;27,51;0;1;0;1;0;0;410;2048;782
204,6806;194,5708;14,00;5,6478;0,2752;0,0000;0,6173;-0,0034;0,0000;0,0000;0,3441;-1,68;3,96;0;0,0363;27,51;0;1;0;1;0;0;410;2048;784
204,6944;194,5874;14,00;5,6620;0,2755;0,0000;0,6168;-0,0034;0,0000;0,0000;0,3444;-1,51;4,15;0;0,0364;27,48;0;1;0;1;0;0;410;2048;785
204,7083;194,6415;14,00;5,6609;0,2758;0,0000;0,6168;-0,0034;0,0000;0,0000;0,3447;-1,42;4,23;0;0,0365;27,40;0;1;0;1;0;0;410;2048;785
204,7222;194,6955;14,00;5,6398;0,2761;0,0000;0,6169;-0,0034;0,0000;0,0000;0,3452;-1,33;4,30;0;0,0366;27,31;0;1;0;1;0;0;410;2048;785
204,7361;194,7496;14,00;5,5600;0,2766;0,0000;0,6172;-0,0034;0,0000;0,0000;0,3458;-1,25;4,31;0;0,0367;27,22;0;1;0;1;0;0;410;2048;784
204,7500;195,0255;14,00;5,3330;0,2787;0,0000;0,6175;-0,0034;0,0000;0,0000;0,3484;-1,63;3,70;0;0,0373;26,79;0;1;0;1;0;0;410;2048;783
204,7639;195,0255;14,00;5,0862;0,2790;0,0000;0,6183;-0,0034;0,0000;0,0000;0,3487;-1,45;3,64;0;0,0373;26,79;0;1;0;1;0;0;410;2048;782
204,7778;195,0255;14,00;4,7743;0,2793;0,0000;0,6195;-0,0034;0,0000;0,0000;0,3491;-1,28;3,50;0;0,0373;26,79;0;1;0;1;0;0;410;2048;779
204,7917;195,0255;14,00;4,4360;0,2797;0,0000;0,6209;-0,0034;0,0000;0,0000;0,3496;-1,12;3,32;0;0,0373;26,79;0;1;0;1;0;0;410;2048;776
204,8056;195,0257;14,00;4,0842;0,2801;0,0000;0,6225;-0,0034;0,0000;0,0000;0,3501;-0,97;3,11;0;0,0373;26,79;0;1;0;1;0;0;410;2048;773
204,8194;195,0797;14,00;3,6946;0,2801;0,0000;0,6241;-0,0034;0,0000;0,0000;0,3501;-0,96;2,74;0;0,0374;26,71;0;1;0;1;0;0;410;2048;770
204,8333;195,1337;14,00;3,2920;0,2800;0,0000;0,6257;-0,0034;0,0000;0,0000;0,3500;-0,95;2,34;0;0,0376;26,62;0;1;0;1;0;0;410;2048;766
204,8472;195,1878;14,00;2,9382;0,2800;0,0000;0,6273;-0,0034;0,0000;0,0000;0,3500;-0,97;1,97;0;0,0377;26,54;0;1;0;1;0;0;410;2048;763
204,8611;195,2418;14,10;2,5887;0,2799;0,0000;0,6286;-0,0034;0,0000;0,0000;0,3499;-0,99;1,60;0;0,0378;26,46;0;1;0;1;0;0;410;2048;761
204,8750;195,4821;14,10;2,2466;0,2811;0,0000;0,6298;-0,0034;0,0000;0,0000;0,3514;-1,43;0,82;0;0,0383;26,09;0;1;0;1;0;0;410;2048;758
204,8889;195,4821;14,10;1,9186;0,2806;0,0000;0,6310;-0,0034;0,0000;0,0000;0,3508;-1,36;0,56;0;0,0383;26,09;0;1;0;1;0;0;410;2048;756
204,9028;195,4821;14,10;1,6117;0,2801;0,0000;0,6321;-0,0034;0,0000;0,0000;0,3501;-1,30;0,31;0;0,0383;26,09;0;1;0;1;0;0;410;2048;753
204,9167;195,4821;14,10;1,3342;0,2795;0,0000;0,6330;-0,0034;0,0000;0,0000;0,3494;-1,25;0,08;0;0,0383;26,09;0;1;0;1;0;0;410;2048;752
204,9306;195,5199;14,10;1,0791;0,2786;0,0000;0,6336;-0,0034;0,0000;0,0000;0,3482;-1,30;-0,22;0;0,0384;26,03;0;1;0;1;0;0;410;2048;750
204,9444;195,5743;14,10;0,8637;0,2776;0,0000;0,6335;-0,0034;0,0000;0,0000;0,3470;-1,39;-0,53;0;0,0385;25,95;0;1;0;1;0;0;410;2048;751
204,9583;195,6286;14,10;0,7164;0,2765;0,0000;0,6331;-0,0034;0,0000;0,0000;0,3456;-1,48;-0,77;0;0,0387;25,87;0;1;0;1;0;0;410;2048;751
204,9722;195,6830;14,10;0,5939;0,2754;0,0000;0,6323;-0,0034;0,0000;0,0000;0,3443;-1,58;-0,99;0;0,0388;25,78;0;1;0;1;0;0;410;2048;753
204,9861;195,9369;14,10;0,5050;0,2758;0,0000;0,6311;-0,0034;0,0000;0,0000;0,3447;-2,13;-1,63;0;0,0394;25,41;0;1;0;1;0;0;410;2048;756
205,0000;195,9369;14,10;0,5095;0,2743;0,0000;0,6297;-0,0034;0,0000;0,0000;0,3429;-2,11;-1,60;0;0,0394;25,41;0;1;0;1;0;0;410;2048;758
205,0139;195,9369;14,10;0,5700;0,2729;0,0000;0,6280;-0,0034;0,0000;0,0000;0,3411;-2,09;-1,52;0;0,0394;25,41;0;1;0;1;0;0;410;2048;762
205,0278;195,9369;14,10;0,6232;0,2715;0,0000;0,6260;-0,0034;0,0000;0,0000;0,3394;-2,07;-1,45;0;0,0394;25,41;0;1;0;1;0;0;410;2048;766
205,0417;195,9610;14,10;0,6605;0,2699;0,0000;0,6235;-0,0034;0,0000;0,0000;0,3374;-2,10;-1,44;0;0,0394;25,37;0;1;0;1;0;0;410;2048;771
205,0556;196,0154;14,10;0,6851;0,2682;0,0000;0,6206;-0,0034;0,0000;0,0000;0,3353;-2,20;-1,52;0;0,0395;25,29;0;1;0;1;0;0;410;2048;777
205,0694;196,0697;14,10;0,7595;0,2665;0,0000;0,6171;-0,0034;0,0000;0,0000;0,3332;-2,30;-1,54;0;0,0397;25,21;0;1;0;1;0;0;410;2048;784
205,0833;196,1241;14,10;0,8823;0,2649;0,0000;0,6130;-0,0034;0,0000;0,0000;0,3311;-2,39;-1,51;0;0,0398;25,13;0;1;0;1;0;0;410;2048;793
205,0972;196,3933;14,10;1,0949;0,2649;0,0000;0,6084;-0,0034;0,0000;0,0000;0,3312;-2,96;-1,87;0;0,0404;24,74;0;1;0;1;0;0;410;2048;802
205,1111;196,3933;14,10;1,3631;0,2631;0,0000;0,6034;-0,0034;0,0000;0,0000;0,3289;-2,91;-1,55;0;0,0404;24,74;0;1;0;1;0;0;410;2048;812
205,1250;196,3933;14,10;1,6687;0,2614;0,0000;0,5984;-0,0034;0,0000;0,0000;0,3268;-2,85;-1,18;0;0,0404;24,74;0;1;0;1;0;0;410;2048;823
205,1389;196,3933;14,10;1,9735;0,2599;0,0000;0,5929;-0,0034;0,0000;0,0000;0,3248;-2,78;-0,81;0;0,0404;24,74;0;1;0;1;0;0;410;2048;834
205,1528;196,4019;14,10;2,2729;0,2584;0,0000;0,5871;-0,0034;0,0000;0,0000;0,3230;-2,72;-0,45;0;0,0404;24,73;0;1;0;1;0;0;410;2048;846
205,1667;196,4563;14,10;2,5738;0,2567;0,0000;0,5809;-0,0034;0,0000;0,0000;0,3209;-2,75;-0,18;0;0,0406;24,65;0;1;0;1;0;0;410;2048;858
205,1806;196,5107;14,10;2,8744;0,2552;0,0000;0,5743;-0,0034;0,0000;0,0000;0,3190;-2,77;0,10;0;0,0407;24,57;0;1;0;1;0;0;410;2048;872
205,1944;196,5650;14,10;3,1603;0,2539;0,0000;0,5673;-0,0034;0,0000;0,0000;0,3173;-2,79;0,37;0;0,0408;24,49;0;1;0;1;0;0;410;2048;886
205,2083;196,6194;14,10;3,4580;0,2527;0,0000;0,5601;-0,0034;0,0000;0,0000;0,3159;-2,79;0,13;0;0,0410;24,41;0;1;0;1;0;0;410;2048;901
205,2222;196,8484;14,10;3,7361;0,2530;0,0000;0,5527;-0,0034;0,0000;0,0000;0,3163;-3,19;0,55;0;0,0415;24,09;0;1;0;1;0;0;410;2048;916
205,2361;196,8484;14,10;3,9592;0,2518;0,0000;0,5455;-0,0034;0,0000;0,0000;0,3147;-3,04;0,92;0;0,0415;24,09;0;1;0;1;0;0;410;2048;931
205,2500;196,8484;14,10;4,1735;0,2507;0,0000;0,5387;-0,0034;0,0000;0,0000;0,3134;-2,89;1,28;0;0,0415;24,09;0;1;0;1;0;0;410;2048;945
205,2639;196,8484;14,10;4,3304;0,2498;0,0000;0,5321;-0,0034;0,0000;0,0000;0,3123;-2,73;1,60;0;0,0415;24,09;0;1;0;1;0;0;410;2048;958
205,2778;196,8974;14,10;4,4865;0,2487;0,0000;0,5257;-0,0034;0,0000;0,0000;0,3109;-2,69;1,79;0;0,0416;24,03;0;1;0;1;0;0;410;2048;971
205,2917;196,9518;14,10;4,5964;0,2477;0,0000;0,5194;-0,0034;0,0000;0,0000;0,3097;-2,65;1,94;0;0,0418;23,95;0;1;0;1;0;0;410;2048;984
205,3056;197,0062;14,10;4,6636;0,2469;0,0000;0,5131;-0,0034;0,0000;0,0000;0,3086;-2,61;2,05;0;0,0419;23,87;0;1;0;1;0;0;410;2048;997
205,3194;197,0606;14,10;4,6679;0,2462;0,0000;0,5070;-0,0034;0,0000;0,0000;0,3078;-2,57;2,09;0;0,0420;23,80;0;1;0;1;0;0;410;2048;1010
205,3333;197,3046;14,10;4,6880;0,2471;0,0000;0,5010;-0,0034;0,0000;0,0000;0,3088;-2,99;1,70;0;0,0426;23,47;0;1;0;1;0;0;410;2048;1022
205,3472;197,3046;14,10;4,6756;0,2462;0,0000;0,4955;-0,0034;0,0000;0,0000;0,3078;-2,82;1,85;0;0,0426;23,47;0;1;0;1;0;0;410;2048;1033
205,3611;197,3046;14,20;4,6942;0,2455;0,0000;0,4906;-0,0034;0,0000;0,0000;0,3069;-2,65;2,04;0;0,0426;23,47;0;1;0;1;0;0;410;2048;1043
205,3750;197,3046;14,20;4,6914;0,2449;0,0000;0,4860;-0,0034;0,0000;0,0000;0,3061;-2,48;2,21;0;0,0426;23,47;0;1;0;1;0;0;410;2048;1053
205,3889;197,3394;14,20;4,7051;0,2441;0,0000;0,4817;-0,0034;0,0000;0,0000;0,3052;-2,39;2,31;0;0,0427;23,42;0;1;0;1;0;0;410;2048;1061
205,4028;197,3942;14,20;4,6951;0,2434;0,0000;0,4775;-0,0034;0,0000;0,0000;0,3042;-2,35;2,34;0;0,0428;23,35;0;1;0;1;0;0;410;2048;1070
205,4167;197,4491;14,20;4,6678;0,2427;0,0000;0,4734;-0,0034;0,0000;0,0000;0,3034;-2,32;2,35;0;0,0430;23,27;0;1;0;1;0;0;410;2048;1078
205,4306;197,5039;14,20;4,6112;0,2422;0,0000;0,4694;-0,0034;0,0000;0,0000;0,3028;-2,28;2,32;0;0,0431;23,20;0;1;0;1;0;0;410;2048;1087
205,4444;197,7598;14,20;4,5103;0,2434;0,0000;0,4654;-0,0034;0,0000;0,0000;0,3042;-2,75;1,76;0;0,0437;22,86;0;1;0;1;0;0;410;2048;1095
205,4583;197,7598;14,20;4,4325;0,2426;0,0000;0,4618;-0,0034;0,0000;0,0000;0,3033;-2,59;1,84;0;0,0437;22,86;0;1;0;1;0;0;410;2048;1102
205,4722;197,7598;14,20;4,3660;0,2420;0,0000;0,4586;-0,0034;0,0000;0,0000;0,3025;-2,43;1,94;0;0,0437;22,86;0;1;0;1;0;0;410;2048;1109
205,4861;197,7598;14,20;4,3041;0,2414;0,0000;0,4558;-0,0034;0,0000;0,0000;0,3018;-2,27;2,03;0;0,0437;22,86;0;1;0;5;0;0;410;2048;1115
205,5000;197,7839;14,20;4,2375;0,2408;0,0000;0,4529;-0,0034;0,0000;0,0000;0,3010;-2,18;2,06;0;0,0438;22,83;0;1;0;5;0;0;410;2048;1120
205,5139;197,8387;14,20;4,1686;0,2400;0,0000;0,4502;-0,0034;0,0000;0,0000;0,3000;-2,16;2,00;0;0,0439;22,76;0;1;0;5;0;0;410;2048;1126
205,5278;197,8935;14,20;4,1274;0,2393;0,0000;0,4473;-0,0034;0,0000;0,0000;0,2991;-2,15;1,97;0;0,0441;22,69;0;1;0;5;0;0;410;2048;1132
205,5417;197,9483;14,20;4,1094;0,2387;0,0000;0,4443;-0,0034;0,0000;0,0000;0,2984;-2,14;1,97;0;0,0442;22,62;0;1;0;5;0;0;410;2048;1138
205,5556;198,2157;14,20;4,0920;0,2400;0,0000;0,4412;-0,0034;0,0000;0,0000;0,3000;-2,67;1,43;0;0,0449;22,28;0;1;0;5;0;0;410;2048;1144
205,5694;198,2157;14,20;4,0755;0,2392;0,0000;0,4384;-0,0034;0,0000;0,0000;0,2990;-2,52;1,56;0;0,0449;22,28;0;1;0;5;0;0;410;2048;1150
205,5833;198,2157;14,20;4,0689;0,2385;0,0000;0,4359;-0,0034;0,0000;0,0000;0,2981;-2,37;1,70;0;0,0449;22,28;0;1;0;5;0;0;410;2048;1155
205,5972;198,2157;14,20;4,0664;0,2379;0,0000;0,4335;-0,0034;0,0000;0,0000;0,2974;-2,22;1,85;0;0,0449;22,28;0;1;0;5;0;0;410;2048;1160
205,6111;198,2284;14,20;4,0687;0,2374;0,0000;0,4312;-0,0034;0,0000;0,0000;0,2967;-2,10;1,96;0;0,0449;22,26;0;1;0;5;0;0;410;2048;1165
205,6250;198,2832;14,30;4,0795;0,2366;0,0000;0,4287;-0,0034;0,0000;0,0000;0,2958;-2,09;1,98;0;0,0451;22,19;0;1;0;5;0;0;410;2048;1170
205,6389;198,3383;14,30;4,0999;0,2359;0,0000;0,4262;-0,0034;0,0000;0,0000;0,2949;-2,08;2,01;0;0,0452;22,13;0;1;0;5;0;0;410;2048;1175
205,6528;198,3935;14,30;4,1192;0,2354;0,0000;0,4235;-0,0034;0,0000;0,0000;0,2942;-2,08;2,04;0;0,0453;22,06;0;1;0;5;0;0;410;2048;1181
205,6667;198,6712;14,30;4,1451;0,2368;0,0000;0,4207;-0,0034;0,0000;0,0000;0,2960;-2,65;1,50;0;0,0460;21,72;0;1;0;5;0;0;410;2048;1186
205,6806;198,6712;14,30;4,1665;0,2360;0,0000;0,4181;-0,0034;0,0000;0,0000;0,2950;-2,49;1,67;0;0,0460;21,72;0;1;0;5;0;0;410;2048;1192
205,6944;198,6712;14,30;4,1810;0,2354;0,0000;0,4159;-0,0034;0,0000;0,0000;0,2942;-2,34;1,84;0;0,0460;21,72;0;1;0;5;0;0;410;2048;1196
205,7083;198,6712;14,30;4,1943;0,2348;0,0000;0,4138;-0,0034;0,0000;0,0000;0,2935;-2,18;2,01;0;0,0460;21,72;0;1;0;5;0;0;410;2048;1200
205,7222;198,6756;14,30;4,1993;0,2344;0,0000;0,4118;-0,0034;0,0000;0,0000;0,2930;-2,04;2,16;0;0,0461;21,71;0;1;0;5;0;0;410;2048;1205
205,7361;198,7308;14,30;4,1970;0,2337;0,0000;0,4096;-0,0034;0,0000;0,0000;0,2921;-2,03;2,16;0;0,0462;21,65;0;1;0;5;0;0;410;2048;1209
205,7500;198,7860;14,30;4,1873;0,2330;0,0000;0,4074;-0,0034;0,0000;0,0000;0,2913;-2,02;2,16;0;0,0463;21,58;0;1;0;5;0;0;410;2048;1214
205,7639;198,8412;14,30;4,1773;0,2325;0,0000;0,4051;-0,0034;0,0000;0,0000;0,2906;-2,02;2,16;0;0,0465;21,52;0;1;0;5;0;0;410;2048;1218
205,7778;198,8963;14,30;4,1668;0,2321;0,0000;0,4026;-0,0034;0,0000;0,0000;0,2901;-2,01;2,15;0;0,0466;21,45;0;1;0;5;0;0;410;2048;1223
205,7917;199,1269;14,30;4,1632;0,2333;0,0000;0,4001;-0,0034;0,0000;0,0000;0,2916;-2,47;1,69;0;0,0472;21,18;0;1;0;5;0;0;410;2048;1229
205,8056;199,1269;14,30;4,1568;0,2326;0,0000;0,3978;-0,0034;0,0000;0,0000;0,2907;-2,32;1,84;0;0,0472;21,18;0;1;0;5;0;0;410;2048;1233
205,8194;199,1269;14,30;4,1606;0,2321;0,0000;0,3958;-0,0034;0,0000;0,0000;0,2901;-2,17;2,00;0;0,0472;21,18;0;1;0;5;0;0;410;2048;1237
205,8333;199,1269;14,30;4,1692;0,2316;0,0000;0,3940;-0,0034;0,0000;0,0000;0,2896;-2,01;2,16;0;0,0472;21,18;0;1;0;5;0;0;410;2048;1241
205,8472;199,1785;14,30;4,1709;0,2309;0,0000;0,3921;-0,0034;0,0000;0,0000;0,2886;-2,00;2,17;0;0,0473;21,12;0;1;0;5;0;0;410;2048;1245
205,8611;199,2337;14,30;4,2499;0,2303;0,0000;0,3903;-0,0034;0,0000;0,0000;0,2878;-1,99;2,25;0;0,0475;21,06;0;1;0;5;0;0;410;2048;1249
205,8750;199,2889;14,30;4,2937;0,2298;0,0000;0,3883;-0,0034;0,0000;0,0000;0,2872;-1,98;2,31;0;0,0476;21,00;0;1;0;5;0;0;410;2048;1253
205,8889;199,3441;14,30;4,3024;0,2294;0,0000;0,3862;-0,0034;0,0000;0,0000;0,2868;-1,98;2,32;0;0,0478;20,94;0;1;0;5;0;0;410;2048;1257
205,9028;199,5826;14,30;4,3553;0,2308;0,0000;0,3840;-0,0034;0,0000;0,0000;0,2885;-2,47;1,89;0;0,0484;20,67;0;1;0;5;0;0;410;2048;1262
205,9167;199,5826;14,30;4,4598;0,2302;0,0000;0,3820;-0,0034;0,0000;0,0000;0,2878;-2,30;2,16;0;0,0484;20,67;0;1;0;5;0;0;410;2048;1266
205,9306;199,5826;14,30;4,4808;0,2298;0,0000;0,3804;-0,0034;0,0000;0,0000;0,2872;-2,14;2,34;0;0,0484;20,67;0;1;0;5;0;0;410;2048;1269
205,9444;199,5826;14,30;4,5217;0,2295;0,0000;0,3790;-0,0034;0,0000;0,0000;0,2869;-1,97;2,55;0;0,0484;20,67;0;1;0;5;0;0;410;2048;1272
205,9583;199,6263;14,30;4,5500;0,2290;0,0000;0,3776;-0,0034;0,0000;0,0000;0,2862;-1,92;2,62;0;0,0485;20,62;0;1;0;5;0;0;410;2048;1275
205,9722;199,6815;14,30;4,5666;0,2285;0,0000;0,3763;-0,0034;0,0000;0,0000;0,2856;-1,91;2,65;0;0,0486;20,56;0;1;0;5;0;0;410;2048;1277
205,9861;199,7367;14,30;4,5770;0,2281;0,0000;0,3748;-0,0034;0,0000;0,0000;0,2851;-1,90;2,68;0;0,0488;20,50;0;1;0;5;0;0;410;2048;1280
206,0000;199,7919;14,30;4,5829;0,2278;0,0000;0,3733;-0,0034;0,0000;0,0000;0,2848;-1,88;2,70;0;0,0489;20,45;0;1;0;5;0;0;410;2048;1284
206,0139;200,0380;14,30;4,5775;0,2294;0,0000;0,3717;-0,0034;0,0000;0,0000;0,2868;-2,40;2,18;0;0,0495;20,19;0;1;0;5;0;0;410;2048;1287
206,0278;200,0380;14,30;4,5544;0,2289;0,0000;0,3704;-0,0034;0,0000;0,0000;0,2862;-2,23;2,32;0;0,0495;20,19;0;1;0;5;0;0;410;2048;1289
206,0417;200,0380;14,30;4,5218;0,2286;0,0000;0,3695;-0,0034;0,0000;0,0000;0,2857;-2,07;2,46;0;0,0495;20,19;0;1;0;5;0;0;410;2048;1291
206,0556;200,0380;14,30;4,4782;0,2283;0,0000;0,3687;-0,0034;0,0000;0,0000;0,2854;-1,90;2,58;0;0,0495;20,19;0;1;0;5;0;0;410;2048;1293
206,0694;200,0743;14,30;4,4219;0,2279;0,0000;0,3680;-0,0034;0,0000;0,0000;0,2849;-1,84;2,58;0;0,0496;20,15;0;1;0;5;0;0;410;2048;1294
206,0833;200,1295;14,30;4,3943;0,2274;0,0000;0,3672;-0,0034;0,0000;0,0000;0,2842;-1,84;2,55;0;0,0498;20,09;0;1;0;5;0;0;410;2048;1296
206,0972;200,1847;14,30;4,3619;0,2270;0,0000;0,3664;-0,0034;0,0000;0,0000;0,2837;-1,83;2,52;0;0,0499;20,04;0;1;0;5;0;0;410;2048;1298
206,1111;200,2399;14,30;4,3293;0,2267;0,0000;0,3653;-0,0034;0,0000;0,0000;0,2833;-1,83;2,49;0;0,0501;19,98;0;1;0;5;0;0;410;2048;1300
206,1250;200,4939;14,30;4,2982;0,2283;0,0000;0,3642;-0,0034;0,0000;0,0000;0,2854;-2,40;1,89;0;0,0507;19,73;0;1;0;5;0;0;410;2048;1302
206,1389;200,4939;14,70;4,2658;0,2278;0,0000;0,3633;-0,0034;0,0000;0,0000;0,2847;-2,24;2,02;0;0,0507;19,73;0;1;0;5;0;0;410;2048;1304
206,1528;200,4939;14,70;4,2513;0,2273;0,0000;0,3627;-0,0034;0,0000;0,0000;0,2842;-2,08;2,17;0;0,0507;19,73;0;1;0;5;0;0;410;2048;1305
206,1667;200,4939;14,70;4,2435;0,2270;0,0000;0,3621;-0,0034;0,0000;0,0000;0,2837;-1,92;2,32;0;0,0507;19,73;0;1;0;5;0;0;410;2048;1306
206,1806;200,5270;14,70;4,2409;0,2265;0,0000;0,3615;-0,0034;0,0000;0,0000;0,2831;-1,86;2,38;0;0,0508;19,69;0;1;0;5;0;0;410;2048;1308
206,1944;200,5837;14,70;4,2386;0,2259;0,0000;0,3608;-0,0034;0,0000;0,0000;0,2823;-1,86;2,37;0;0,0509;19,64;0;1;0;5;0;0;410;2048;1309
206,2083;200,6405;14,70;4,2358;0,2254;0,0000;0,3600;-0,0034;0,0000;0,0000;0,2817;-1,87;2,36;0;0,0511;19,58;0;1;0;5;0;0;410;2048;1311
206,2222;200,6972;14,70;4,2385;0,2250;0,0000;0,3589;-0,0034;0,0000;0,0000;0,2813;-1,87;2,36;0;0,0512;19,53;0;1;0;5;0;0;410;2048;1313
206,2361;200,9491;14,70;4,2477;0,2266;0,0000;0,3577;-0,0034;0,0000;0,0000;0,2832;-2,45;1,79;0;0,0518;19,29;0;1;0;5;0;0;410;2048;1316
206,2500;200,9491;14,70;4,2681;0,2260;0,0000;0,3566;-0,0034;0,0000;0,0000;0,2825;-2,29;1,98;0;0,0518;19,29;0;1;0;5;0;0;410;2048;1318
206,2639;200,9491;14,70;4,3079;0,2255;0,0000;0,3558;-0,0034;0,0000;0,0000;0,2818;-2,13;2,18;0;0,0518;19,29;0;1;0;5;0;0;410;2048;1319
206,2778;200,9491;14,70;4,3454;0,2251;0,0000;0,3550;-0,0034;0,0000;0,0000;0,2814;-1,97;2,38;0;0,0518;19,29;0;1;0;5;0;0;410;2048;1321
206,2917;200,9875;14,70;4,3875;0,2246;0,0000;0,3542;-0,0034;0,0000;0,0000;0,2807;-1,91;2,47;0;0,0519;19,26;0;1;0;5;0;0;410;2048;1323
206,3056;201,0442;14,70;4,4416;0,2240;0,0000;0,3533;-0,0034;0,0000;0,0000;0,2800;-1,92;2,52;0;0,0521;19,21;0;1;0;5;0;0;410;2048;1324
206,3194;201,1010;14,70;4,4911;0,2236;0,0000;0,3523;-0,0034;0,0000;0,0000;0,2794;-1,92;2,57;0;0,0522;19,15;0;1;0;5;0;0;410;2048;1327
206,3333;201,1577;14,70;4,5440;0,2233;0,0000;0,3511;-0,0034;0,0000;0,0000;0,2791;-1,92;2,62;0;0,0523;19,10;0;1;0;5;0;0;410;2048;1329
206,3472;201,4052;14,70;4,6095;0,2249;0,0000;0,3497;-0,0034;0,0000;0,0000;0,2812;-2,48;2,13;0;0,0530;18,89;0;1;0;5;0;0;410;2048;1332
206,3611;201,4052;14,70;4,6818;0,2244;0,0000;0,3486;-0,0034;0,0000;0,0000;0,2805;-2,31;2,37;0;0,0530;18,89;0;1;0;5;0;0;410;2048;1334
206,3750;201,4052;14,70;4,7478;0,2241;0,0000;0,3479;-0,0034;0,0000;0,0000;0,2801;-2,13;2,62;0;0,0530;18,89;0;1;0;5;0;0;410;2048;1336
206,3889;201,4052;14,70;4,8127;0,2239;0,0000;0,3472;-0,0034;0,0000;0,0000;0,2799;-1,94;2,87;0;0,0530;18,89;0;1;0;5;0;0;410;2048;1337
206,4028;201,4482;14,70;4,8997;0,2235;0,0000;0,3465;-0,0034;0,0000;0,0000;0,2793;-1,89;3,00;0;0,0531;18,85;0;1;0;5;0;0;410;2048;1338
206,4167;201,5049;14,70;4,9605;0,2231;0,0000;0,3459;-0,0034;0,0000;0,0000;0,2788;-1,88;3,08;0;0,0532;18,80;0;1;0;5;0;0;410;2048;1340
206,4306;201,5617;14,70;5,0336;0,2228;0,0000;0,3451;-0,0034;0,0000;0,0000;0,2786;-1,86;3,17;0;0,0533;18,75;0;1;0;5;0;0;410;2048;1341
206,4444;201,6184;14,70;5,1034;0,2228;0,0000;0,3443;-0,0034;0,0000;0,0000;0,2785;-1,84;3,26;0;0,0535;18,71;0;1;0;5;0;0;410;2048;1343
206,4583;201,8603;14,70;5,1596;0,2247;0,0000;0,3435;-0,0034;0,0000;0,0000;0,2809;-2,39;2,77;0;0,0540;18,51;0;1;0;5;0;0;410;2048;1345
206,4722;201,8603;14,70;5,2160;0,2244;0,0000;0,3429;-0,0034;0,0000;0,0000;0,2806;-2,19;3,03;0;0,0540;18,51;0;1;0;5;0;0;410;2048;1346
206,4861;201,8603;14,70;5,2677;0,2244;0,0000;0,3428;-0,0034;0,0000;0,0000;0,2804;-1,99;3,28;0;0,0540;18,51;0;1;0;5;0;0;410;2048;1346
206,5000;201,8603;14,70;5,3210;0,2244;0,0000;0,3428;-0,0034;0,0000;0,0000;0,2806;-1,79;3,53;0;0,0540;18,51;0;1;0;0;0;0;410;2048;1346
206,5139;201,9090;14,70;5,3534;0,2242;0,0000;0,3429;-0,0034;0,0000;0,0000;0,2803;-1,74;3,61;0;0,0541;18,47;0;1;0;0;0;0;410;2048;1346
206,5278;201,9658;14,70;5,3788;0,2241;0,0000;0,3431;-0,0034;0,0000;0,0000;0,2801;-1,71;3,67;0;0,0543;18,43;0;1;0;0;0;0;410;2048;1345
206,5417;202,0225;14,70;5,3951;0,2241;0,0000;0,3432;-0,0034;0,0000;0,0000;0,2802;-1,68;3,71;0;0,0544;18,38;0;1;0;0;0;0;410;2048;1345
206,5556;202,0793;14,70;5,4075;0,2243;0,0000;0,3433;-0,0034;0,0000;0,0000;0,2804;-1,65;3,75;0;0,0545;18,34;0;1;0;0;0;0;410;2048;1345
206,5694;202,3163;14,70;5,4171;0,2265;0,0000;0,3434;-0,0034;0,0000;0,0000;0,2831;-2,19;3,23;0;0,0551;18,16;0;1;0;0;0;0;410;2048;1345
206,5833;202,3163;14,70;5,4138;0,2265;0,0000;0,3439;-0,0034;0,0000;0,0000;0,2831;-1,98;3,43;0;0,0551;18,16;0;1;0;0;0;0;410;2048;1344
206,5972;202,3163;14,70;5,4004;0,2266;0,0000;0,3447;-0,0034;0,0000;0,0000;0,2832;-1,78;3,62;0;0,0551;18,16;0;1;0;0;0;0;410;2048;1342
206,6111;202,3163;14,70;5,3695;0,2269;0,0000;0,3458;-0,0034;0,0000;0,0000;0,2836;-1,57;3,80;0;0,0551;18,16;0;1;0;0;0;0;410;2048;1340
206,6250;202,3701;14,70;5,3414;0,2267;0,0000;0,3470;-0,0034;0,0000;0,0000;0,2834;-1,54;3,80;0;0,0552;18,12;0;1;0;0;0;0;410;2048;1337
206,6389;202,4269;14,80;5,3042;0,2268;0,0000;0,3482;-0,0034;0,0000;0,0000;0,2835;-1,52;3,78;0;0,0553;18,08;0;1;0;0;0;0;410;2048;1335
206,6528;202,4840;14,80;5,2783;0,2269;0,0000;0,3493;-0,0034;0,0000;0,0000;0,2837;-1,50;3,77;0;0,0554;18,04;0;1;0;0;0;0;410;2048;1333
206,6667;202,5411;14,80;5,2574;0,2272;0,0000;0,3504;-0,0034;0,0000;0,0000;0,2840;-1,48;3,77;0;0,0556;18,00;0;1;0;0;0;0;410;2048;1330
206,6806;202,7717;14,80;5,2505;0,2294;0,0000;0,3514;-0,0034;0,0000;0,0000;0,2868;-2,02;3,24;0;0,0561;17,84;0;1;0;0;0;0;410;2048;1328
206,6944;202,7717;14,80;5,2570;0,2295;0,0000;0,3527;-0,0034;0,0000;0,0000;0,2869;-1,81;3,44;0;0,0561;17,84;0;1;0;0;0;0;410;2048;1326
206,7083;202,7717;14,80;5,2797;0,2297;0,0000;0,3544;-0,0034;0,0000;0,0000;0,2871;-1,61;3,67;0;0,0561;17,84;0;1;0;0;0;0;410;2048;1322
206,7222;202,7770;14,80;5,3167;0,2301;0,0000;0,3563;-0,0034;0,0000;0,0000;0,2876;-1,43;3,89;0;0,0561;17,83;0;1;0;0;0;0;410;2048;1318
206,7361;202,8341;14,80;5,3875;0,2301;0,0000;0,3582;-0,0034;0,0000;0,0000;0,2876;-1,40;3,98;0;0,0562;17,80;0;1;0;0;0;0;410;2048;1314
206,7500;202,8912;14,80;5,4523;0,2302;0,0000;0,3601;-0,0034;0,0000;0,0000;0,2878;-1,38;4,07;0;0,0563;17,76;0;1;0;0;0;0;410;2048;1310
206,7639;202,9484;14,80;5,4906;0,2306;0,0000;0,3620;-0,0034;0,0000;0,0000;0,2882;-1,36;4,13;0;0,0564;17,72;0;1;0;0;0;0;410;2048;1307
206,7778;203,2275;14,80;5,5394;0,2334;0,0000;0,3637;-0,0034;0,0000;0,0000;0,2918;-2,05;3,49;0;0,0570;17,55;0;1;0;0;0;0;410;2048;1303
206,7917;203,2275;14,80;5,5628;0,2335;0,0000;0,3658;-0,0034;0,0000;0,0000;0,2919;-1,83;3,73;0;0,0570;17,55;0;1;0;0;0;0;410;2048;1299
206,8056;203,2275;14,80;5,5984;0,2339;0,0000;0,3685;-0,0034;0,0000;0,0000;0,2923;-1,62;3,98;0;0,0570;17,55;0;1;0;0;0;0;410;2048;1293
206,8194;203,2275;14,80;5,6336;0,2343;0,0000;0,3713;-0,0034;0,0000;0,0000;0,2929;-1,40;4,23;0;0,0570;17,55;0;1;0;0;0;0;410;2048;1288
206,8333;203,2416;14,80;5,6581;0,2349;0,0000;0,3742;-0,0034;0,0000;0,0000;0,2936;-1,23;4,42;0;0,0570;17,54;0;1;0;0;0;0;410;2048;1282
206,8472;203,2988;14,80;5,6745;0,2351;0,0000;0,3772;-0,0034;0,0000;0,0000;0,2939;-1,21;4,46;0;0,0571;17,51;0;1;0;0;0;0;410;2048;1275
206,8611;203,3559;14,80;5,6737;0,2355;0,0000;0,3801;-0,0034;0,0000;0,0000;0,2944;-1,18;4,49;0;0,0572;17,47;0;1;0;0;0;0;410;2048;1269
206,8750;203,4130;14,60;5,6597;0,2361;0,0000;0,3830;-0,0034;0,0000;0,0000;0,2951;-1,15;4,51;0;0,0573;17,44;0;1;0;0;0;0;410;2048;1264
206,8889;203,6830;14,60;5,6278;0,2391;0,0000;0,3858;-0,0034;0,0000;0,0000;0,2988;-1,83;3,80;0;0,0578;17,29;0;1;0;0;0;0;410;2048;1258
206,9028;203,6830;14,60;5,5838;0,2394;0,0000;0,3891;-0,0034;0,0000;0,0000;0,2992;-1,62;3,97;0;0,0578;17,29;0;1;0;0;0;0;410;2048;1251
206,9167;203,6830;14,60;5,5181;0,2398;0,0000;0,3929;-0,0034;0,0000;0,0000;0,2998;-1,41;4,11;0;0,0578;17,29;0;1;0;0;0;0;410;2048;1243
206,9306;203,6830;14,60;5,4522;0,2404;0,0000;0,3969;-0,0034;0,0000;0,0000;0,3005;-1,20;4,25;0;0,0578;17,29;0;1;0;0;0;0;410;2048;1235
206,9444;203,7027;14,60;5,3590;0,2410;0,0000;0,4010;-0,0034;0,0000;0,0000;0,3012;-1,06;4,29;0;0,0579;17,28;0;1;0;0;0;0;410;2048;1227
206,9583;203,7591;14,60;5,2689;0,2412;0,0000;0,4051;-0,0034;0,0000;0,0000;0,3015;-1,05;4,21;0;0,0580;17,25;0;1;0;0;0;0;410;2048;1218
206,9722;203,8154;14,60;5,1635;0,2416;0,0000;0,4091;-0,0034;0,0000;0,0000;0,3020;-1,05;4,11;0;0,0581;17,22;0;1;0;0;0;0;410;2048;1210
206,9861;203,8718;14,60;5,0611;0,2421;0,0000;0,4129;-0,0034;0,0000;0,0000;0,3026;-1,04;4,01;0;0,0582;17,19;0;1;0;0;0;0;410;2048;1202
207,0000;204,1387;14,60;4,9768;0,2450;0,0000;0,4166;-0,0034;0,0000;0,0000;0,3062;-1,75;3,23;0;0,0586;17,06;0;1;0;0;0;0;410;2048;1195
207,0139;204,1387;14,60;4,9196;0,2451;0,0000;0,4205;-0,0034;0,0000;0,0000;0,3064;-1,56;3,36;0;0,0586;17,06;0;1;0;0;0;0;410;2048;1187
207,0278;204,1387;14,60;4,8655;0,2454;0,0000;0,4248;-0,0034;0,0000;0,0000;0,3068;-1,38;3,49;0;0,0586;17,06;0;1;0;0;0;0;410;2048;1178
207,0417;204,1387;14,60;4,8018;0,2458;0,0000;0,4293;-0,0034;0,0000;0,0000;0,3073;-1,20;3,60;0;0,0586;17,06;0;1;0;0;0;0;410;2048;1169
207,0556;204,1617;14,60;4,7616;0,2461;0,0000;0,4336;-0,0034;0,0000;0,0000;0,3076;-1,10;3,66;0;0,0587;17,05;0;1;0;0;0;0;410;2048;1160
207,0694;204,2181;14,60;4,7220;0,2462;0,0000;0,4377;-0,0034;0,0000;0,0000;0,3077;-1,11;3,61;0;0,0587;17,02;0;1;0;0;0;0;410;2048;1152
207,0833;204,2745;14,60;4,6808;0,2464;0,0000;0,4416;-0,0034;0,0000;0,0000;0,3080;-1,12;3,55;0;0,0588;17,00;0;1;0;0;0;0;410;2048;1144
207,0972;204,3308;14,60;4,6527;0,2467;0,0000;0,4451;-0,0034;0,0000;0,0000;0,3084;-1,14;3,51;0;0,0589;16,97;0;1;0;0;0;0;410;2048;1136
207,1111;204,5942;14,60;4,6235;0,2493;0,0000;0,4483;-0,0034;0,0000;0,0000;0,3117;-1,85;2,77;0;0,0593;16,86;0;1;0;0;0;0;410;2048;1130
207,1250;204,5942;14,60;4,5869;0,2493;0,0000;0,4517;-0,0034;0,0000;0,0000;0,3116;-1,68;2,91;0;0,0593;16,86;0;1;0;0;0;0;410;2048;1123
207,1389;204,5942;14,60;4,5593;0,2494;0,0000;0,4554;-0,0034;0,0000;0,0000;0,3118;-1,51;3,05;0;0,0593;16,86;0;1;0;0;0;0;410;2048;1115
207,1528;204,5942;14,60;4,5249;0,2496;0,0000;0,4591;-0,0034;0,0000;0,0000;0,3120;-1,34;3,19;0;0,0593;16,86;0;1;0;0;0;0;410;2048;1108
207,1667;204,6210;14,60;4,4723;0,2497;0,0000;0,4626;-0,0034;0,0000;0,0000;0,3121;-1,26;3,21;0;0,0593;16,85;0;1;0;0;0;0;410;2048;1101
207,1806;204,6773;14,60;4,4281;0,2496;0,0000;0,4658;-0,0034;0,0000;0,0000;0,3119;-1,29;3,14;0;0,0594;16,83;0;1;0;0;0;0;410;2048;1094
207,1944;204,7337;14,60;4,3802;0,2495;0,0000;0,4688;-0,0034;0,0000;0,0000;0,3119;-1,31;3,06;0;0,0595;16,81;0;1;0;0;0;0;410;2048;1088
207,2083;204,7900;14,60;4,3004;0,2496;0,0000;0,4713;-0,0034;0,0000;0,0000;0,3120;-1,34;2,95;0;0,0596;16,79;0;1;0;0;0;0;410;2048;1083
207,2222;205,0499;14,60;4,2082;0,2520;0,0000;0,4734;-0,0034;0,0000;0,0000;0,3150;-2,07;2,14;0;0,0599;16,69;0;1;0;0;0;0;410;2048;1078
207,2361;205,0499;14,60;4,1012;0,2516;0,0000;0,4757;-0,0034;0,0000;0,0000;0,3145;-1,92;2,18;0;0,0599;16,69;0;1;0;0;0;0;410;2048;1074
207,2500;205,0499;14,60;4,0019;0,2514;0,0000;0,4782;-0,0034;0,0000;0,0000;0,3142;-1,77;2,24;0;0,0599;16,69;0;1;0;0;0;0;410;2048;1069
207,2639;205,0499;14,60;3,9283;0,2512;0,0000;0,4806;-0,0034;0,0000;0,0000;0,3140;-1,62;2,31;0;0,0599;16,69;0;1;0;0;0;0;410;2048;1064
207,2778;205,0803;14,60;3,8483;0,2508;0,0000;0,4827;-0,0034;0,0000;0,0000;0,3135;-1,58;2,26;0;0,0599;16,69;0;1;0;0;0;0;410;2048;1059
207,2917;205,1367;14,60;3,7887;0,2502;0,0000;0,4845;-0,0034;0,0000;0,0000;0,3127;-1,63;2,15;0;0,0600;16,67;0;1;0;0;0;0;410;2048;1056
207,3056;205,1930;14,60;3,7311;0,2497;0,0000;0,4857;-0,0034;0,0000;0,0000;0,3121;-1,69;2,04;0;0,0601;16,65;0;1;0;0;0;0;410;2048;1053
207,3194;205,2494;14,60;3,7166;0,2493;0,0000;0,4864;-0,0034;0,0000;0,0000;0,3116;-1,74;1,97;0;0,0601;16,64;0;1;0;0;0;0;410;2048;1052
207,3333;205,5054;14,60;3,6936;0,2512;0,0000;0,4866;-0,0034;0,0000;0,0000;0,3140;-2,48;1,21;0;0,0604;16,56;0;1;0;0;0;0;410;2048;1052
207,3472;205,5054;14,60;3,6885;0,2504;0,0000;0,4867;-0,0034;0,0000;0,0000;0,3129;-2,35;1,34;0;0,0604;16,56;0;1;0;0;0;0;410;2048;1051
207,3611;205,5054;14,60;3,6888;0,2497;0,0000;0,4870;-0,0034;0,0000;0,0000;0,3121;-2,21;1,48;0;0,0604;16,56;0;1;0;0;0;0;410;2048;1051
207,3750;205,5054;14,80;3,6948;0,2491;0,0000;0,4871;-0,0034;0,0000;0,0000;0,3113;-2,07;1,63;0;0,0604;16,56;0;1;0;0;0;0;410;2048;1050
207,3889;205,5404;14,80;3,7179;0,2482;0,0000;0,4868;-0,0034;0,0000;0,0000;0,3103;-2,05;1,66;0;0,0604;16,55;0;1;0;0;0;0;410;2048;1051
207,4028;205,5975;14,80;3,7861;0,2473;0,0000;0,4861;-0,0034;0,0000;0,0000;0,3091;-2,10;1,68;0;0,0605;16,54;0;1;0;0;0;0;410;2048;1052
207,4167;205,6546;14,80;3,8840;0,2465;0,0000;0,4849;-0,0034;0,0000;0,0000;0,3081;-2,15;1,73;0;0,0605;16,53;0;1;0;0;0;0;410;2048;1055
207,4306;205,7117;14,80;4,0005;0,2458;0,0000;0,4831;-0,0034;0,0000;0,0000;0,3072;-2,20;1,80;0;0,0606;16,51;0;1;0;0;0;0;410;2048;1059
207,4444;205,9613;14,80;4,1129;0,2474;0,0000;0,4809;-0,0034;0,0000;0,0000;0,3092;-2,91;1,21;0;0,0608;16,46;0;1;0;0;0;0;410;2048;1063
207,4583;205,9613;14,80;4,2370;0,2464;0,0000;0,4788;-0,0034;0,0000;0,0000;0,3080;-2,74;1,49;0;0,0608;16,46;0;1;0;0;0;0;410;2048;1068
207,4722;205,9613;14,80;4,3550;0,2456;0,0000;0,4768;-0,0034;0,0000;0,0000;0,3070;-2,58;1,78;0;0,0608;16,46;0;1;0;0;0;0;410;2048;1071
207,4861;205,9613;14,80;4,4584;0,2450;0,0000;0,4748;-0,0034;0,0000;0,0000;0,3062;-2,41;2,05;0;0,0608;16,46;0;1;0;0;0;0;410;2048;1076
207,5000;206,0058;14,80;4,5912;0,2440;0,0000;0,4727;-0,0034;0,0000;0,0000;0,3050;-2,39;2,20;0;0,0608;16,45;0;1;0;2;0;0;410;2048;1080
207,5139;206,0629;14,80;4,6313;0,2431;0,0000;0,4703;-0,0034;0,0000;0,0000;0,3039;-2,41;2,22;0;0,0608;16,44;0;1;0;2;0;0;410;2048;1085
207,5278;206,1200;14,80;4,6459;0,2423;0,0000;0,4675;-0,0034;0,0000;0,0000;0,3028;-2,43;2,21;0;0,0609;16,43;0;1;0;2;0;0;410;2048;1091
207,5417;206,1771;14,80;4,6690;0,2416;0,0000;0,4645;-0,0034;0,0000;0,0000;0,3020;-2,45;2,21;0;0,0609;16,43;0;1;0;2;0;0;410;2048;1097
207,5556;206,4165;14,80;4,6889;0,2431;0,0000;0,4611;-0,0034;0,0000;0,0000;0,3039;-3,11;1,58;0;0,0610;16,39;0;1;0;2;0;0;410;2048;1104
207,5694;206,4165;14,80;4,7083;0,2421;0,0000;0,4580;-0,0034;0,0000;0,0000;0,3027;-2,93;1,78;0;0,0610;16,39;0;1;0;2;0;0;410;2048;1110
207,5833;206,4165;14,80;4,7193;0,2413;0,0000;0,4553;-0,0034;0,0000;0,0000;0,3016;-2,74;1,97;0;0,0610;16,39;0;1;0;2;0;0;410;2048;1116
207,5972;206,4165;14,80;4,7220;0,2406;0,0000;0,4526;-0,0034;0,0000;0,0000;0,3008;-2,56;2,16;0;0,0610;16,39;0;1;0;2;0;0;410;2048;1121
207,6111;206,4711;14,80;4,7154;0,2395;0,0000;0,4498;-0,0034;0,0000;0,0000;0,2993;-2,57;2,13;0;0,0610;16,38;0;1;0;2;0;0;410;2048;1127
207,6250;206,5282;14,80;4,6839;0,2384;0,0000;0,4469;-0,0034;0,0000;0,0000;0,2980;-2,60;2,08;0;0,0611;16,38;0;1;0;2;0;0;410;2048;1133
207,6389;206,5853;14,80;4,6344;0,2375;0,0000;0,4436;-0,0034;0,0000;0,0000;0,2969;-2,62;2,01;0;0,0611;16,38;0;1;0;2;0;0;410;2048;1139
207,6528;206,6425;14,80;4,5768;0,2367;0,0000;0,4401;-0,0034;0,0000;0,0000;0,2959;-2,64;1,93;0;0,0611;16,37;0;1;0;2;0;0;410;2048;1147
207,6667;206,8726;14,80;4,5312;0,2379;0,0000;0,4362;-0,0034;0,0000;0,0000;0,2974;-3,28;1,26;0;0,0612;16,35;0;1;0;2;0;0;410;2048;1155
207,6806;206,8726;14,80;4,4807;0,2367;0,0000;0,4326;-0,0034;0,0000;0,0000;0,2959;-3,10;1,38;0;0,0612;16,35;0;1;0;2;0;0;410;2048;1162
207,6944;206,8726;14,80;4,4126;0,2356;0,0000;0,4292;-0,0034;0,0000;0,0000;0,2946;-2,93;1,48;0;0,0612;16,35;0;1;0;2;0;0;410;2048;1169
207,7083;206,8791;14,80;4,3288;0,2346;0,0000;0,4258;-0,0034;0,0000;0,0000;0,2933;-2,79;1,53;0;0,0612;16,35;0;1;0;2;0;0;410;2048;1176
207,7222;206,9362;14,80;4,2372;0,2331;0,0000;0,4223;-0,0034;0,0000;0,0000;0,2914;-2,83;1,40;0;0,0612;16,35;0;1;0;2;0;0;410;2048;1183
207,7361;206,9933;14,80;4,1572;0,2317;0,0000;0,4184;-0,0034;0,0000;0,0000;0,2897;-2,87;1,28;0;0,0612;16,35;0;1;0;2;0;0;410;2048;1191
207,7500;207,0504;14,80;4,0640;0,2304;0,0000;0,4142;-0,0034;0,0000;0,0000;0,2880;-2,92;1,14;0;0,0612;16,35;0;1;0;2;0;0;410;2048;1200
207,7639;207,3276;14,80;3,9996;0,2317;0,0000;0,4096;-0,0034;0,0000;0,0000;0,2896;-3,73;0,26;0;0,0612;16,35;0;1;0;2;0;0;410;2048;1209
207,7778;207,3276;14,80;3,9604;0,2299;0,0000;0,4051;-0,0034;0,0000;0,0000;0,2874;-3,58;0,38;0;0,0612;16,35;0;1;0;2;0;0;410;2048;1218
207,7917;207,3276;14,80;3,8843;0,2283;0,0000;0,4007;-0,0034;0,0000;0,0000;0,2854;-3,43;0,45;0;0,0612;16,35;0;1;0;2;0;0;410;2048;1227
207,8056;207,3276;14,80;3,8229;0,2268;0,0000;0,3962;-0,0034;0,0000;0,0000;0,2835;-3,29;0,53;0;0,0612;16,35;0;1;0;2;0;0;410;2048;1237
207,8194;207,3438;14,80;3,7516;0,2252;0,0000;0,3915;-0,0034;0,0000;0,0000;0,2815;-3,20;0,54;0;0,0612;16,35;0;1;0;2;0;0;410;2048;1246
207,8333;207,4008;14,80;3,6738;0,2232;0,0000;0,3864;-0,0034;0,0000;0,0000;0,2790;-3,26;0,41;0;0,0611;16,35;0;1;0;2;0;0;410;2048;1257
207,8472;207,4579;14,80;3,5920;0,2213;0,0000;0,3810;-0,0034;0,0000;0,0000;0,2766;-3,32;0,26;0;0,0611;16,36;0;1;0;2;0;0;410;2048;1268
207,8611;207,5149;14,80;3,4881;0,2195;0,0000;0,3752;-0,0034;0,0000;0,0000;0,2744;-3,39;0,09;0;0,0611;16,36;0;1;0;2;0;0;410;2048;1280
207,8750;207,7837;15,10;3,4025;0,2201;0,0000;0,3690;-0,0034;0,0000;0,0000;0,2751;-4,20;-0,80;0;0,0611;16,38;0;1;0;2;0;0;410;2048;1292
207,8889;207,7837;15,10;3,3134;0,2178;0,0000;0,3630;-0,0034;0,0000;0,0000;0,2722;-4,07;-0,76;0;0,0611;16,38;0;1;0;2;0;0;410;2048;1305
207,9028;207,7837;15,10;3,2040;0,2155;0,0000;0,3571;-0,0034;0,0000;0,0000;0,2694;-3,94;-0,74;0;0,0611;16,38;0;1;0;2;0;0;410;2048;1317
207,9167;207,7837;15,10;3,1055;0,2133;0,0000;0,3512;-0,0034;0,0000;0,0000;0,2666;-3,82;-0,72;0;0,0611;16,38;0;1;0;2;0;0;410;2048;1329
207,9306;207,8123;15,10;3,0294;0,2108;0,0000;0,3453;-0,0034;0,0000;0,0000;0,2635;-3,80;-0,78;0;0,0610;16,38;0;1;0;2;0;0;410;2048;1341
207,9444;207,8705;15,10;2,9784;0,2081;0,0000;0,3396;-0,0034;0,0000;0,0000;0,2602;-3,89;-0,92;0;0,0610;16,39;0;1;0;2;0;0;410;2048;1353
207,9583;207,9286;15,10;2,9213;0,2055;0,0000;0,3362;-0,0034;0,0000;0,0000;0,2569;-3,98;-1,07;0;0,0610;16,40;0;1;0;2;0;0;410;2048;1359
207,9722;207,9868;15,10;2,8688;0,2030;0,0000;0,3362;-0,0034;0,0000;0,0000;0,2537;-4,07;-1,21;0;0,0610;16,41;0;1;0;2;0;0;410;2048;1359
207,9861;208,2388;15,10;2,8018;0,2026;0,0000;0,3340;-0,0034;0,0000;0,0000;0,2533;-4,84;-2,04;0;0,0608;16,44;0;1;0;2;0;0;410;2048;1364
208,0000;208,2388;15,10;2,7207;0,1996;0,0000;0,3278;-0,0034;0,0000;0,0000;0,2495;-4,74;-2,02;0;0,0608;16,44;0;1;0;2;0;0;410;2048;1377
208,0139;208,2388;15,10;2,6423;0,1966;0,0000;0,0000;-0,0034;0,0000;0,0000;0,2457;-4,63;-1,99;0;0,0608;16,44;0;1;0;2;0;0;410;2048;2048
208,0278;208,2388;15,10;2,4710;0,1936;0,0000;0,0000;-0,0034;0,0000;0,0000;0,2420;-4,54;-2,07;0;0,0608;16,44;0;1;0;2;0;0;410;2048;2048
208,0417;208,2839;15,10;2,2689;0,1902;0,0000;0,0000;-0,0034;0,0000;0,0000;0,2378;-4,55;-2,29;0;0,0547;18,27;0;1;0;2;0;0;410;2048;2048
208,0556;208,3420;15,10;2,0508;0,1867;0,0000;0,0000;-0,0034;0,0000;0,0000;0,2334;-4,60;-2,56;0;0,0469;21,31;0;1;0;2;0;0;410;2048;2048
208,0694;208,4001;15,10;1,7677;0,1832;0,0000;0,0000;-0,0034;0,0000;0,0000;0,2290;-4,66;-2,90;0;0,0391;25,57;0;1;0;2;0;0;410;2048;2048
208,0833;208,4582;15,10;1,5013;0,1796;0,0000;0,0000;-0,0034;0,0000;0,0000;0,2245;-4,74;-3,24;0;0,0313;31,96;0;1;0;2;0;0;410;2048;2048
208,0972;208,6907;15,10;1,3020;0,1769;0,0000;0,0000;-0,0034;0,0000;0,0000;0,2211;-5,21;-3,91;0;0,0000;0,00;0;1;0;2;0;0;410;2048;2048
208,1111;208,6907;15,10;1,1415;0,1730;0,0000;0,0000;-0,0034;0,0000;0,0000;0,2163;-5,17;-4,02;0;0,0000;0,00;0;1;0;2;0;0;410;2048;2048
208,1250;208,6907;15,10;1,0309;0,1692;0,0000;0,0000;-0,0034;0,0000;0,0000;0,2115;-5,12;-4,09;0;0,0000;0,00;0;1;0;2;0;0;410;2048;2048
208,1389;208,6917;15,10;0,9645;0,1653;0,0000;0,0000;-0,0034;0,0000;0,0000;0,2067;-5,09;-4,12;0;0,0000;0,00;0;1;0;2;0;0;410;2048;2048
208,1528;208,7498;15,10;0,9410;0,1615;0,0000;0,0000;-0,0034;0,0000;0,0000;0,2019;-5,05;-4,11;0;0,0000;0,00;0;1;0;2;0;0;410;2048;2048
208,1667;208,8079;15,10;0,9210;0,1577;0,0000;0,0000;-0,0034;0,0000;0,0000;0,1971;-5,01;-4,09;0;0,0000;0,00;0;1;0;2;0;0;410;2048;2048
208,1806;208,8659;15,10;0,9169;0,1539;0,0000;0,0000;-0,0034;0,0000;0,0000;0,1924;-4,98;-4,06;0;0,0000;0,00;0;1;0;2;0;0;410;2048;2048
208,1944;209,1476;15,10;0,9162;0,1502;0,0000;0,0000;-0,0034;0,0000;0,0000;0,1878;-4,94;-4,02;0;0,0000;0,00;0;1;0;2;0;0;410;2048;2048
208,2083;209,1476;15,10;0,9144;0,1465;0,0000;0,0000;-0,0034;0,0000;0,0000;0,1831;-4,91;-3,99;0;0,0000;0,00;0;1;0;2;0;0;410;2048;2048
208,2222;209,1476;15,10;0,9190;0,1428;0,0000;0,0000;-0,0034;0,0000;0,0000;0,1785;-4,87;-3,95;0;0,0000;0,00;0;1;0;2;0;0;410;2048;2048
208,2361;209,1476;15,10;0,9236;0,1392;0,0000;0,0000;-0,0034;0,0000;0,0000;0,1739;-4,83;-3,91;1;0,0000;0,00;0;1;0;2;0;0;410;2048;2048
208,2500;209,1563;15,10;0,9686;0,1356;0,0000;0,0000;-0,0034;0,0000;0,0000;0,1694;-4,79;-3,83;1;0,0000;0,00;0;1;0;2;0;0;410;2048;2048
208,2639;209,2144;15,10;1,0519;0,1320;0,0000;0,0000;-0,0034;0,0000;0,0000;0,1650;-4,75;-3,70;1;0,0000;0,00;0;1;0;2;0;0;410;2048;2048
208,2778;209,2725;15,10;1,1999;0,1286;0,0000;0,0000;-0,0034;0,0000;0,0000;0,1607;-4,71;-3,51;1;0,0000;0,00;0;1;0;2;0;0;410;2048;2048
208,2917;209,3306;15,10;1,3525;0,1252;0,0000;0,0000;-0,0034;0,0000;0,0000;0,1565;-4,65;-3,30;1;0,0000;0,00;0;1;0;2;0;0;410;2048;2048
208,3056;209,6046;15,10;1,4875;0,1219;0,0000;0,0000;-0,0034;0,0000;0,0000;0,1523;-4,59;-3,11;1;0,0001;0,00;0;1;0;2;0;0;410;2048;2048
208,3194;209,6046;15,10;1,6289;0,1187;0,0000;0,0000;-0,0034;0,0000;0,0000;0,1484;-4,53;-2,90;1;0,0001;0,00;0;1;0;2;0;0;410;2048;2048
208,3333;209,6046;15,10;1,7702;0,1156;0,0000;0,0000;-0,0034;0,0000;0,0000;0,1445;-4,46;-2,69;1;0,0001;0,00;0;1;0;2;0;0;410;2048;2048
208,3472;209,6046;15,10;1,8924;0,1126;0,0000;0,0000;-0,0034;0,0000;0,0000;0,1407;-4,39;-2,49;1;0,0001;0,00;0;1;0;2;0;0;410;2048;2048
208,3611;209,6213;15,10;1,9793;0,1097;0,0000;0,0000;-0,0034;0,0000;0,0000;0,1371;-4,31;-2,33;1;0,0001;0,00;0;1;0;2;0;0;410;2048;2048
208,3750;209,6794;15,20;2,0565;0,1068;0,0000;0,0000;-0,0034;0,0000;0,0000;0,1335;-4,23;-2,17;1;0,0001;0,00;0;1;0;2;0;0;410;2048;2048
208,3889;209,7380;15,20;2,1332;0,1041;0,0000;0,0000;-0,0034;0,0000;0,0000;0,1301;-4,14;-2,01;1;0,0001;0,00;0;1;0;2;0;0;410;2048;2048
208,4028;209,7965;15,20;2,2013;0,1014;0,0000;0,0000;-0,0034;0,0000;0,0000;0,1267;-4,06;-1,86;1;0,0001;0,00;0;1;0;2;0;0;410;2048;2048
208,4167;210,0611;15,20;2,2604;0,0988;0,0000;0,0000;-0,0034;0,0000;0,0000;0,1235;-3,97;-1,71;1;0,0000;0,00;0;1;0;2;0;0;410;2048;2048
208,4306;210,0611;15,20;2,3172;0,0963;0,0000;0,0000;-0,0034;0,0000;0,0000;0,1204;-3,88;-1,56;1;0,0000;0,00;0;1;0;2;0;0;410;2048;2048
208,4444;210,0611;15,20;2,3809;0,0939;0,0000;0,0000;-0,0034;0,0000;0,0000;0,1174;-3,78;-1,40;1;0,0000;0,00;0;1;0;2;0;0;410;2048;2048
208,4583;210,0611;15,20;2,4909;0,0916;0,0000;0,0000;-0,0034;0,0000;0,0000;0,1145;-3,69;-1,20;1;0,0000;0,00;0;1;0;2;0;0;410;2048;2048
208,4722;210,0894;15,20;2,5910;0,0895;0,0000;0,0000;-0,0034;0,0000;0,0000;0,1118;-3,58;-0,99;1;0,0000;0,00;0;1;0;2;0;0;410;2048;2048
208,4861;210,1480;15,20;2,6996;0,0874;0,0000;0,0000;-0,0034;0,0000;0,0000;0,1093;-3,48;-0,78;1;0,0000;0,00;0;1;0;2;0;0;410;2048;2048
208,5000;210,2066;15,20;2,8167;0,0855;0,0000;0,0000;-0,0034;0,0000;0,0000;0,1068;-3,37;-0,55;1;0,0000;0,00;0;1;0;5;0;0;410;2048;2048
208,5139;210,2652;15,20;2,9214;0,0837;0,0000;0,0000;-0,0034;0,0000;0,0000;0,1046;-3,25;-0,33;1;0,0000;0,00;0;1;0;5;0;0;410;2048;2048
208,5278;210,5166;15,20;2,9887;0,0820;0,0000;0,0000;-0,0034;0,0000;0,0000;0,1025;-3,14;-0,15;1;0,0000;0,00;0;1;0;5;0;0;410;2048;2048
208,5417;210,5166;15,20;3,0609;0,0804;0,0000;0,0000;-0,0034;0,0000;0,0000;0,1005;-3,02;0,04;1;0,0000;0,00;0;1;0;5;0;0;410;2048;2048
208,5556;210,5166;15,20;3,1061;0,0789;0,0000;0,0000;-0,0034;0,0000;0,0000;0,0987;-2,89;0,21;1;0,0000;0,00;0;1;0;5;0;0;410;2048;2048
208,5694;210,5166;15,20;3,1577;0,0776;0,0000;0,0000;-0,0034;0,0000;0,0000;0,0970;-2,77;0,39;1;0,0000;0,00;0;1;0;5;0;0;410;2048;2048
208,5833;210,5583;15,20;3,1899;0,0764;0,0000;0,0000;-0,0034;0,0000;0,0000;0,0955;-2,64;0,55;1;0,0000;0,00;0;1;0;5;0;0;410;2048;2048
208,5972;210,6170;15,20;3,2135;0,0752;0,0000;0,0000;-0,0034;0,0000;0,0000;0,0940;-2,52;0,69;1;0,0000;0,00;0;1;0;5;0;0;410;2048;2048
208,6111;210,6756;15,20;3,2375;0,0742;0,0000;0,0000;-0,0034;0,0000;0,0000;0,0928;-2,39;0,85;1;0,0000;0,00;0;1;0;5;0;0;410;2048;2048
208,6250;210,7343;15,20;3,2437;0,0733;0,0000;0,0000;-0,0034;0,0000;0,0000;0,0916;-2,27;0,98;1;0,0000;0,00;0;1;0;5;0;0;410;2048;2048
208,6389;210,9726;15,20;3,2553;0,0725;0,0000;0,0000;-0,0034;0,0000;0,0000;0,0906;-2,14;1,12;1;0,0000;0,00;0;1;0;5;0;0;410;2048;2048
208,6528;210,9726;15,20;3,2592;0,0718;0,0000;0,0000;-0,0034;0,0000;0,0000;0,0897;-2,01;1,25;1;0,0000;0,00;0;1;0;5;0;0;410;2048;2048
208,6667;210,9726;15,20;3,2594;0,0712;0,0000;0,0000;-0,0034;0,0000;0,0000;0,0890;-1,88;1,38;1;0,0000;0,00;0;1;0;5;0;0;410;2048;2048
208,6806;210,9726;15,20;3,2547;0,0707;0,0000;0,0000;-0,0034;0,0000;0,0000;0,0884;-1,75;1,50;1;0,0000;0,00;0;1;0;5;0;0;410;2048;2048
208,6944;211,0275;15,20;3,2583;0,0704;0,0000;0,0000;-0,0034;0,0000;0,0000;0,0879;-1,63;1,63;1;0,0000;0,00;0;1;0;5;0;0;410;2048;2048
208,7083;211,0862;15,20;3,2726;0,0701;0,0000;0,0000;-0,0034;0,0000;0,0000;0,0876;-1,50;1,78;1;0,0000;0,00;0;1;0;5;0;0;410;2048;2048
208,7222;211,1448;15,20;3,3016;0,0700;0,0000;0,0000;-0,0034;0,0000;0,0000;0,0874;-1,37;1,93;1;0,0000;0,00;0;1;0;5;0;0;410;2048;2048
208,7361;211,4292;15,20;3,3379;0,0699;0,0000;0,0000;-0,0034;0,0000;0,0000;0,0874;-1,24;2,10;1;0,0000;0,00;0;1;0;5;0;0;410;2048;2048
208,7500;211,4292;15,20;3,4137;0,0700;0,0000;0,0000;-0,0034;0,0000;0,0000;0,0875;-1,10;2,31;1;0,0000;0,00;0;1;0;5;0;0;410;2048;2048
208,7639;211,4292;15,20;3,5373;0,0703;0,0000;0,0000;-0,0034;0,0000;0,0000;0,0878;-0,96;2,57;1;0,0000;0,00;0;1;0;5;0;0;410;2048;2048
208,7778;211,4292;15,20;3,6872;0,0707;0,0000;0,0000;-0,0034;0,0000;0,0000;0,0884;-0,82;2,87;1;0,0000;0,00;0;1;0;5;0;0;410;2048;2048
208,7917;211,4381;15,20;3,9106;0,0713;0,0000;0,0000;-0,0034;0,0000;0,0000;0,0891;-0,66;3,25;1;0,0000;0,00;0;1;0;5;0;0;410;2048;2048
208,8056;211,4967;15,20;4,0496;0,0721;0,0000;0,0000;-0,0034;0,0000;0,0000;0,0901;-0,50;3,54;1;0,0000;0,00;0;1;0;5;0;0;410;2048;2048
208,8194;211,5554;15,20;4,1253;0,0730;0,0000;0,0000;-0,0034;0,0000;0,0000;0,0912;-0,34;3,78;1;0,0000;0,00;0;1;0;5;0;0;410;2048;2048
208,8333;211,6140;15,20;4,1654;0,0741;0,0000;0,0000;-0,0034;0,0000;0,0000;0,0926;-0,18;3,99;1;0,0000;0,00;0;1;0;5;0;0;410;2048;2048
208,8472;211,8849;15,20;4,1485;0,0753;0,0000;0,0000;-0,0034;0,0000;0,0000;0,0941;0,00;4,13;1;0,0000;0,00;0;1;0;5;0;0;410;2048;2048
208,8611;211,8849;15,20;4,1300;0,0766;0,0000;0,0000;-0,0034;0,0000;0,0000;0,0957;0,14;4,28;1;0,0000;0,00;0;1;0;5;0;0;410;2048;2048
208,8750;211,8849;15,20;4,1131;0,0780;0,0000;0,0000;-0,0034;0,0000;0,0000;0,0975;0,31;4,42;1;0,0000;0,00;0;1;0;5;0;0;410;2048;2048
208,8889;211,8849;15,20;4,0911;0,0796;0,0000;0,0000;-0,0034;0,0000;0,0000;0,0995;0,47;4,56;1;0,0000;0,00;0;1;0;5;0;0;410;2048;2048
208,9028;211,9072;15,20;4,0523;0,0813;0,0000;0,0000;-0,0034;0,0000;0,0000;0,1016;0,63;4,68;1;0,0000;0,00;0;1;0;5;0;0;410;2048;2048
208,9167;211,9658;15,20;3,9537;0,0831;0,0000;0,0000;-0,0034;0,0000;0,0000;0,1039;0,78;4,74;1;0,0000;0,00;0;1;0;5;0;0;410;2048;2048
208,9306;212,0244;15,20;3,8085;0,0850;0,0000;0,0000;-0,0034;0,0000;0,0000;0,1062;0,93;4,74;1;0,0000;0,00;0;1;0;5;0;0;410;2048;2048
208,9444;212,0831;15,20;3,7144;0,0869;0,0000;0,0000;-0,0034;0,0000;0,0000;0,1087;1,08;4,79;1;0,0000;0,00;0;1;0;5;0;0;410;2048;2048
208,9583;212,3410;15,20;3,5673;0,0890;0,0000;0,0000;-0,0034;0,0000;0,0000;0,1112;1,22;4,78;1;0,0000;0,00;0;1;0;5;0;0;410;2048;2048
208,9722;212,3410;15,20;3,4136;0,0911;0,0000;0,0000;-0,0034;0,0000;0,0000;0,1138;1,35;4,76;1;0,0000;0,00;0;1;0;5;0;0;410;2048;2048
208,9861;212,3410;15,20;3,2607;0,0932;0,0000;0,0000;-0,0034;0,0000;0,0000;0,1165;1,48;4,74;1;0,0000;0,00;0;1;0;5;0;0;410;2048;2048
209,0000;212,3410;15,20;3,1266;0,0955;0,0000;0,0000;-0,0034;0,0000;0,0000;0,1193;1,60;4,73;1;0,0000;0,00;0;1;0;5;0;0;410;2048;2048
209,0139;212,3760;15,20;3,1020;0,0978;0,0000;0,0000;-0,0034;0,0000;0,0000;0,1222;1,72;4,83;1;0,0000;0,00;0;1;0;5;0;0;410;2048;2048
209,0278;212,4346;15,20;3,1307;0,1002;0,0000;0,0000;-0,0034;0,0000;0,0000;0,1253;1,85;4,98;1;0,0000;0,00;0;1;0;5;0;0;410;2048;2048
209,0417;212,4932;15,20;3,1028;0,1028;0,0000;0,0000;-0,0034;0,0000;0,0000;0,1284;1,97;5,07;1;0,0000;0,00;0;1;0;5;0;0;410;2048;2048
209,0556;212,5517;15,20;3,0091;0,1053;0,0000;0,0000;-0,0034;0,0000;0,0000;0,1317;2,09;5,10;1;0,0000;0,00;0;1;0;5;0;0;410;2048;2048
209,0694;212,7967;15,20;2,9491;0,1080;0,0000;0,0000;-0,0034;0,0000;0,0000;0,1350;2,20;5,15;1;0,0000;0,00;0;1;0;5;0;0;410;2048;2048
209,0833;212,7967;15,20;2,8702;0,1108;0,0000;0,0000;-0,0034;0,0000;0,0000;0,1385;2,32;5,19;1;0,0000;0,00;0;1;0;5;0;0;410;2048;2048
209,0972;212,7967;15,20;2,7854;0,1136;0,0000;0,0000;-0,0034;0,0000;0,0000;0,1420;2,43;5,21;1;0,0000;0,00;0;1;0;5;0;0;410;2048;2048
209,1111;212,7967;15,20;2,6665;0,1164;0,0000;0,0000;-0,0034;0,0000;0,0000;0,1455;2,53;5,20;1;0,0000;0,00;0;1;0;5;0;0;410;2048;2048
209,1250;212,8445;15,20;2,5328;0,1193;0,0000;0,0000;-0,0034;0,0000;0,0000;0,1491;2,63;5,16;1;0,0000;0,00;0;1;0;5;0;0;410;2048;2048
209,1389;212,9030;15,20;2,3902;0,1222;0,0000;0,0000;-0,0034;0,0000;0,0000;0,1527;2,72;5,11;1;0,0000;0,00;0;1;0;5;0;0;410;2048;2048
209,1528;212,9615;15,20;2,2618;0,1251;0,0000;0,0000;-0,0034;0,0000;0,0000;0,1564;2,81;5,07;1;0,0000;0,00;0;1;0;5;0;0;410;2048;2048
209,1667;213,0201;15,20;2,1488;0,1281;0,0000;0,0000;-0,0034;0,0000;0,0000;0,1602;2,89;5,04;1;0,0000;0,00;0;1;0;5;0;0;410;2048;2048
209,1806;213,2529;15,20;1,9796;0,1311;0,0000;0,0000;-0,0034;0,0000;0,0000;0,1639;2,97;4,95;1;0,0000;0,00;0;1;0;5;0;0;410;2048;2048
209,1944;213,2529;15,20;1,8353;0,1342;0,0000;0,0000;-0,0034;0,0000;0,0000;0,1677;3,04;4,88;1;0,0000;0,00;0;1;0;5;0;0;410;2048;2048
209,2083;213,2529;15,20;1,6397;0,1372;0,0000;0,0000;-0,0034;0,0000;0,0000;0,1715;3,11;4,74;1;0,0000;0,00;0;1;0;5;0;0;410;2048;2048
209,2222;213,2542;15,20;1,4743;0,1402;0,0000;0,0000;-0,0034;0,0000;0,0000;0,1753;3,16;4,64;1;0,0000;0,00;0;1;0;5;0;0;410;2048;2048
209,2361;213,3127;15,20;1,3474;0,1432;0,0000;0,0000;-0,0034;0,0000;0,0000;0,1791;3,21;4,56;1;0,0000;0,00;0;1;0;5;0;0;410;2048;2048
209,2500;213,3712;15,20;1,1593;0,1462;0,0000;0,0000;-0,0034;0,0000;0,0000;0,1828;3,26;4,42;1;0,0000;0,00;0;1;0;5;0;0;410;2048;2048
209,2639;213,4297;15,20;0,9084;0,1492;0,0000;0,0000;-0,0034;0,0000;0,0000;0,1865;3,29;4,20;1;0,0000;0,00;0;1;0;5;0;0;410;2048;2048
209,2778;213,7096;15,20;0,7046;0,1521;0,0000;0,0000;-0,0034;0,0000;0,0000;0,1902;3,32;4,03;1;0,0000;0,00;0;1;0;5;0;0;410;2048;2048
209,2917;213,7096;15,20;0,4889;0,1550;0,0000;0,0000;-0,0034;0,0000;0,0000;0,1938;3,34;3,83;1;0,0000;0,00;0;1;0;5;0;0;410;2048;2048
209,3056;213,7096;15,20;0,3265;0,1579;0,0000;0,0000;-0,0034;0,0000;0,0000;0,1973;3,35;3,68;1;0,0000;0,00;0;1;0;5;0;0;410;2048;2048
209,3194;213,7096;15,20;0,1172;0,1607;0,0000;0,0000;-0,0034;0,0000;0,0000;0,2008;3,36;3,48;1;0,0000;0,00;0;1;0;5;0;0;410;2048;2048
209,3333;213,7224;15,20;-0,0934;0,1634;0,0000;0,0000;-0,0034;0,0000;0,0000;0,2042;3,35;3,26;1;0,0000;0,00;0;1;0;5;0;0;410;2048;2048
209,3472;213,7810;15,20;-0,3218;0,1660;0,0000;0,0000;-0,0034;0,0000;0,0000;0,2075;3,34;3,02;1;0,0000;0,00;0;1;0;5;0;0;410;2048;2048
209,3611;213,8395;15,20;-0,5484;0,1686;0,0000;0,0000;-0,0034;0,0000;0,0000;0,2107;3,32;2,77;1;0,0000;0,00;0;1;0;5;0;0;410;2048;2048
209,3750;213,8981;15,20;-0,7599;0,1711;0,0000;0,0000;-0,0034;0,0000;0,0000;0,2138;3,29;2,53;1;0,0000;0,00;0;1;0;5;0;0;410;2048;2048
209,3889;214,1646;15,20;-0,9046;0,1735;0,0000;0,0000;-0,0034;0,0000;0,0000;0,2168;3,26;2,35;1;0,0001;0,00;0;1;0;5;0;0;410;2048;2048
209,4028;214,1646;15,20;-1,0634;0,1758;0,0000;0,0000;-0,0034;0,0000;0,0000;0,2197;3,21;2,15;1;0,0001;0,00;0;1;0;5;0;0;410;2048;2048
209,4167;214,1646;15,20;-1,2346;0,1780;0,0000;0,0000;-0,0034;0,0000;0,0000;0,2225;3,17;1,93;1;0,0001;0,00;0;1;0;5;0;0;410;2048;2048
209,4306;214,1646;15,20;-1,3945;0,1802;0,0000;0,0000;-0,0034;0,0000;0,0000;0,2252;3,11;1,72;1;0,0001;0,00;0;1;0;5;0;0;410;2048;2048
209,4444;214,1910;15,20;-1,5005;0,1822;0,0000;0,0000;-0,0034;0,0000;0,0000;0,2278;3,05;1,55;1;0,0001;0,00;0;1;0;5;0;0;410;2048;2048
209,4583;214,2496;15,20;-1,5269;0,1842;0,0000;0,0000;-0,0034;0,0000;0,0000;0,2303;3,00;1,47;1;0,0000;0,00;0;1;0;5;0;0;410;2048;2048
209,4722;214,3082;15,20;-1,5148;0,1862;0,0000;0,0000;-0,0034;0,0000;0,0000;0,2327;2,94;1,42;1;0,0000;0,00;0;1;0;5;0;0;410;2048;2048
209,4861;214,3668;15,20;-1,5228;0,1881;0,0000;0,0000;-0,0034;0,0000;0,0000;0,2351;2,88;1,35;1;0,0000;0,00;0;1;0;5;0;0;410;2048;2048
209,5000;214,6202;15,20;-1,5735;0,1899;0,0000;0,0000;-0,0034;0,0000;0,0000;0,2374;2,82;1,24;1;0,0000;0,00;0;1;0;3;0;0;410;2048;2048
209,5139;214,6202;15,20;-1,5930;0,1917;0,0000;0,0000;-0,0034;0,0000;0,0000;0,2397;2,75;1,16;1;0,0000;0,00;0;1;0;3;0;0;410;2048;2048
209,5278;214,6202;15,20;-1,6239;0,1935;0,0000;0,0000;-0,0034;0,0000;0,0000;0,2419;2,69;1,07;1;0,0000;0,00;0;1;0;3;0;0;410;2048;2048
209,5417;214,6202;15,20;-1,6352;0,1952;0,0000;0,0000;-0,0034;0,0000;0,0000;0,2440;2,63;0,99;1;0,0000;0,00;0;1;0;3;0;0;410;2048;2048
209,5556;214,6598;15,20;-1,6567;0,1968;0,0000;0,0000;-0,0034;0,0000;0,0000;0,2460;2,56;0,91;1;0,0000;0,00;0;1;0;3;0;0;410;2048;2048
209,5694;214,7184;15,20;-1,6801;0,1984;0,0000;0,0000;-0,0034;0,0000;0,0000;0,2480;2,50;0,82;1;0,0001;0,00;0;1;0;3;0;0;410;2048;2048
209,5833;214,7770;15,20;-1,6950;0,1999;0,0000;0,0000;-0,0034;0,0000;0,0000;0,2499;2,43;0,74;1;0,0001;0,00;0;1;0;3;0;0;410;2048;2048
209,5972;214,8356;15,20;-1,6978;0,2014;0,0000;0,0000;-0,0034;0,0000;0,0000;0,2517;2,37;0,67;1;0,0001;0,00;0;1;0;3;0;0;410;2048;2048
209,6111;215,0769;15,20;-1,6946;0,2028;0,0000;0,0048;-0,0034;0,0000;0,0000;0,2535;2,30;0,61;1;0,0003;0,00;0;1;0;3;0;0;410;2048;2038
209,6250;215,0769;15,20;-1,6812;0,2041;0,0000;0,0193;-0,0034;0,0000;0,0000;0,2552;2,24;0,55;1;0,0003;0,00;0;1;0;3;0;0;410;2048;2009
209,6389;215,0769;15,20;-1,6519;0,2054;0,0000;0,0430;-0,0034;0,0000;0,0000;0,2568;2,17;0,52;1;0,0003;0,00;0;1;0;3;0;0;410;2048;1960
209,6528;215,0769;15,20;-1,6284;0,2067;0,0000;0,0733;-0,0034;0,0000;0,0000;0,2584;2,11;0,48;1;0,0003;0,00;0;1;0;3;0;0;410;2048;1898
209,6667;215,1287;15,20;-1,6118;0,2079;0,0000;0,1063;-0,0034;0,0000;0,0000;0,2599;2,05;0,43;1;0,0004;0,00;0;1;0;3;0;0;410;2048;1830
209,6806;215,1874;15,20;-1,5980;0,2091;0,0000;0,1390;-0,0034;0,0000;0,0000;0,2614;1,98;0,39;1;0,0004;0,00;0;1;0;3;0;0;410;2048;1763
209,6944;215,2460;15,20;-1,5893;0,2102;0,0000;0,1691;-0,0034;0,0000;0,0000;0,2628;1,92;0,33;1;0,0005;0,00;0;1;0;3;0;0;410;2048;1702
209,7083;215,5222;15,20;-1,5827;0,2113;0,0000;0,1952;-0,0034;0,0000;0,0000;0,2642;1,86;0,28;1;0,0009;0,00;0;1;0;3;0;0;410;2048;1648
209,7222;215,5222;15,20;-1,5813;0,2123;0,0000;0,2169;-0,0034;0,0000;0,0000;0,2654;1,80;0,22;1;0,0009;0,00;0;1;0;3;0;0;410;2048;1604
209,7361;215,5222;15,20;-1,5781;0,2133;0,0000;0,2344;-0,0034;0,0000;0,0000;0,2666;1,74;0,16;1;0,0009;0,00;0;1;0;3;0;0;410;2048;1568
209,7500;215,5222;15,20;-1,5765;0,2143;0,0000;0,2485;-0,0034;0,0000;0,0000;0,2678;1,68;0,10;1;0,0009;0,00;0;1;0;3;0;0;410;2048;1539
209,7639;215,5392;15,20;-1,5701;0,2151;0,0000;0,2600;-0,0034;0,0000;0,0000;0,2689;1,61;0,04;1;0,0008;0,00;0;1;0;3;0;0;410;2048;1516
209,7778;215,5978;15,20;-1,5590;0,2160;0,0000;0,2694;-0,0034;0,0000;0,0000;0,2700;1,55;0,00;1;0,0007;0,00;0;1;0;3;0;0;410;2048;1496
209,7917;215,6564;15,20;-1,5335;0,2168;0,0000;0,2773;-0,0034;0,0000;0,0000;0,2709;1,50;-0,03;1;0,0006;0,00;0;1;0;3;0;0;410;2048;1480
209,8056;215,7151;15,20;-1,4828;0,2175;0,0000;0,2840;-0,0034;0,0000;0,0000;0,2719;1,44;-0,04;1;0,0006;0,00;0;1;0;3;0;0;410;2048;1466
209,8194;215,9814;15,20;-1,4199;0,2183;0,0000;0,2897;-0,0034;0,0000;0,0000;0,2728;1,38;-0,03;1;0,0001;0,00;0;1;0;3;0;0;410;2048;1455
209,8333;215,9814;15,20;-1,3584;0,2190;0,0000;0,2947;-0,0034;0,0000;0,0000;0,2737;1,33;-0,03;1;0,0001;0,00;0;1;0;3;0;0;410;2048;1444
209,8472;215,9814;15,20;-1,2694;0,2197;0,0000;0,2991;-0,0034;0,0000;0,0000;0,2746;1,28;0,00;1;0,0001;0,00;0;1;0;3;0;0;410;2048;1435
209,8611;215,9814;15,20;-1,1959;0,2204;0,0000;0,3031;-0,0034;0,0000;0,0000;0,2754;1,24;0,04;1;0,0001;0,00;0;1;0;3;0;0;410;2048;1427
209,8750;216,0083;15,10;-1,1520;0,2210;0,0000;0,3068;-0,0034;0,0000;0,0000;0,2763;1,19;0,04;1;0,0001;0,00;0;1;0;3;0;0;410;2048;1420
209,8889;216,0665;15,10;-1,0987;0,2217;0,0000;0,3103;-0,0034;0,0000;0,0000;0,2771;1,15;0,05;1;0,0001;0,00;0;1;0;3;0;0;410;2048;1413
209,9028;216,1248;15,10;-1,0475;0,2223;0,0000;0,3135;-0,0034;0,0000;0,0000;0,2778;1,11;0,06;1;0,0001;0,00;0;1;0;3;0;0;410;2048;1406
209,9167;216,1830;15,10;-0,9775;0,2229;0,0000;0,3166;-0,0034;0,0000;0,0000;0,2786;1,07;0,09;1;0,0001;0,00;0;1;0;3;0;0;410;2048;1400
209,9306;216,4361;15,10;-0,9218;0,2235;0,0000;0,3196;-0,0034;0,0000;0,0000;0,2793;1,04;0,11;1;0,0000;0,00;0;1;0;3;0;0;410;2048;1394
209,9444;216,4361;15,10;-0,8645;0,2240;0,0000;0,3224;-0,0034;0,0000;0,0000;0,2800;1,00;0,14;1;0,0000;0,00;0;1;0;3;0;0;410;2048;1388
209,9583;216,4361;15,10;-0,8367;0,2246;0,0000;0,3252;-0,0034;0,0000;0,0000;0,2808;0,97;0,13;1;0,0000;0,00;0;1;0;3;0;0;410;2048;1382
209,9722;216,4361;15,10;-0,7907;0,2252;0,0000;0,3280;-0,0034;0,0000;0,0000;0,2814;0,94;0,15;1;0,0000;0,00;0;1;0;3;0;0;410;2048;1376
209,9861;216,4743;15,10;-0,7645;0,2257;0,0000;0,3307;-0,0034;0,0000;0,0000;0,2821;0,91;0,15;1;0,0000;0,00;0;1;0;3;0;0;410;2048;1371
210,0000;216,5325;15,10;-0,7212;0,2262;0,0000;0,3333;-0,0034;0,0000;0,0000;0,2828;0,88;0,16;1;0,0000;0,00;0;1;0;3;0;0;410;2048;1365
210,0139;216,5908;15,10;-0,6903;0,2267;0,0000;0,3360;-0,0034;0,0000;0,0000;0,2834;0,86;0,17;1;0,0000;0,00;0;1;0;3;0;0;410;2048;1360
210,0278;216,6490;15,10;-0,6531;0,2272;0,0000;0,3385;-0,0034;0,0000;0,0000;0,2840;0,83;0,18;1;0,0000;0,00;0;1;0;3;0;0;410;2048;1355
210,0417;216,8906;15,10;-0,6260;0,2277;0,0000;0,3411;-0,0034;0,0000;0,0000;0,2846;0,81;0,18;1;0,0001;0,00;0;1;0;3;0;0;410;2048;1349
210,0556;216,8906;15,10;-0,6343;0,2282;0,0000;0,3436;-0,0034;0,0000;0,0000;0,2852;0,78;0,15;1;0,0001;0,00;0;1;0;3;0;0;410;2048;1344
210,0694;216,8906;15,10;-0,6635;0,2286;0,0000;0,3461;-0,0034;0,0000;0,0000;0,2858;0,76;0,09;1;0,0001;0,00;0;1;0;3;0;0;410;2048;1339
210,0833;216,8906;15,10;-0,6715;0,2290;0,0000;0,3486;-0,0034;0,0000;0,0000;0,2863;0,73;0,06;1;0,0001;0,00;0;1;0;3;0;0;410;2048;1334
210,0972;216,9403;15,10;-0,7172;0,2294;0,0000;0,3510;-0,0034;0,0000;0,0000;0,2868;0,71;0,00;1;0,0001;0,00;0;1;0;3;0;0;410;2048;1329
210,1111;216,9986;15,10;-0,7768;0,2298;0,0000;0,3534;-0,0034;0,0000;0,0000;0,2872;0,68;-0,10;1;0,0001;0,00;0;1;0;3;0;0;410;2048;1324
210,1250;217,0568;15,10;-0,7771;0,2301;0,0000;0,3557;-0,0034;0,0000;0,0000;0,2876;0,65;-0,13;1;0,0001;0,00;0;1;0;3;0;0;410;2048;1320
210,1389;217,1151;15,10;-0,8004;0,2304;0,0000;0,3579;-0,0034;0,0000;0,0000;0,2880;0,62;-0,18;1;0,0000;0,00;0;1;0;3;0;0;410;2048;1315
210,1528;217,3474;15,10;-0,8097;0,2306;0,0000;0,3601;-0,0034;0,0000;0,0000;0,2883;0,59;-0,22;1;0,0000;0,00;0;1;0;3;0;0;410;2048;1310
210,1667;217,3474;15,10;-0,8212;0,2308;0,0000;0,3622;-0,0034;0,0000;0,0000;0,2886;0,55;-0,27;1;0,0000;0,00;0;1;0;3;0;0;410;2048;1306
210,1806;217,3474;15,10;-0,8303;0,2310;0,0000;0,3642;-0,0034;0,0000;0,0000;0,2888;0,52;-0,31;1;0,0000;0,00;0;1;0;3;0;0;410;2048;1302
210,1944;217,3481;15,10;-0,8374;0,2312;0,0000;0,3660;-0,0034;0,0000;0,0000;0,2890;0,49;-0,35;1;0,0000;0,00;0;1;0;3;0;0;410;2048;1298
210,2083;217,4063;15,10;-0,8442;0,2314;0,0000;0,3678;-0,0034;0,0000;0,0000;0,2892;0,46;-0,39;1;0,0000;0,00;0;1;0;3;0;0;410;2048;1295
210,2222;217,4646;15,10;-0,8526;0,2315;0,0000;0,3694;-0,0034;0,0000;0,0000;0,2893;0,42;-0,43;1;0,0000;0,00;0;1;0;3;0;0;410;2048;1292
210,2361;217,5228;15,10;-0,8668;0,2316;0,0000;0,3709;-0,0034;0,0000;0,0000;0,2894;0,39;-0,47;1;0,0000;0,00;0;1;0;3;0;0;410;2048;1288
210,2500;217,8064;15,10;-0,8854;0,2316;0,0000;0,3722;-0,0034;0,0000;0,0000;0,2895;0,36;-0,53;1;0,0000;0,00;0;1;0;3;0;0;410;2048;1286
210,2639;217,8064;15,10;-0,9085;0,2316;0,0000;0,3735;-0,0034;0,0000;0,0000;0,2895;0,32;-0,59;1;0,0000;0,00;0;1;0;3;0;0;410;2048;1283
210,2778;217,8064;15,10;-0,9416;0,2316;0,0000;0,3746;-0,0034;0,0000;0,0000;0,2895;0,29;-0,65;1;0,0000;0,00;0;1;0;3;0;0;410;2048;1281
210,2917;217,8064;15,10;-0,9761;0,2316;0,0000;0,3755;-0,0034;0,0000;0,0000;0,2894;0,25;-0,73;1;0,0000;0,00;0;1;0;3;0;0;410;2048;1279
210,3056;217,8141;15,10;-1,0309;0,2314;0,0000;0,3763;-0,0034;0,0000;0,0000;0,2893;0,21;-0,82;1;0,0000;0,00;0;1;0;3;0;0;410;2048;1277
210,3194;217,8724;15,10;-1,1326;0,2313;0,0000;0,3769;-0,0034;0,0000;0,0000;0,2891;0,17;-0,97;1;0,0000;0,00;0;1;0;3;0;0;410;2048;1276
210,3333;217,9307;15,10;-1,2187;0,2310;0,0000;0,3774;-0,0034;0,0000;0,0000;0,2888;0,12;-1,10;1;0,0000;0,00;0;1;0;3;0;0;410;2048;1275
210,3472;217,9889;15,10;-1,3543;0,2307;0,0000;0,3777;-0,0034;0,0000;0,0000;0,2884;0,07;-1,29;1;0,0000;0,00;0;1;0;3;0;0;410;2048;1275
210,3611;218,2601;15,00;-1,5089;0,2303;0,0000;0,3777;-0,0034;0,0000;0,0000;0,2878;0,00;-1,50;1;0,0000;0,00;0;1;0;3;0;0;410;2048;1274
210,3750;218,2601;15,00;-1,6505;0,2298;0,0000;0,3775;-0,0034;0,0000;0,0000;0,2872;-0,05;-1,70;1;0,0000;0,00;0;1;0;3;0;0;410;2048;1275
210,3889;218,2601;15,00;-1,7779;0,2292;0,0000;0,3771;-0,0034;0,0000;0,0000;0,2865;-0,12;-1,90;1;0,0000;0,00;0;1;0;3;0;0;410;2048;1276
210,4028;218,2601;15,00;-1,9200;0,2285;0,0000;0,3763;-0,0034;0,0000;0,0000;0,2856;-0,19;-2,12;1;0,0000;0,00;0;1;0;3;0;0;410;2048;1277
210,4167;218,2786;15,00;-2,0438;0,2277;0,0000;0,3753;-0,0034;0,0000;0,0000;0,2846;-0,27;-2,32;1;0,0000;0,00;0;1;0;3;0;0;410;2048;1279
210,4306;218,3365;15,00;-2,1804;0,2268;0,0000;0,3739;-0,0034;0,0000;0,0000;0,2835;-0,36;-2,54;1;0,0000;0,00;0;1;0;3;0;0;410;2048;1282
210,4444;218,3944;15,00;-2,2178;0,2258;0,0000;0,3721;-0,0034;0,0000;0,0000;0,2823;-0,44;-2,66;1;0,0000;0,00;0;1;0;3;0;0;410;2048;1286
210,4583;218,4522;15,00;-2,2711;0,2248;0,0000;0,3700;-0,0034;0,0000;0,0000;0,2810;-0,53;-2,80;1;0,0000;0,00;0;1;0;3;0;0;410;2048;1290
210,4722;218,7127;15,00;-2,3076;0,2236;0,0000;0,3676;-0,0034;0,0000;0,0000;0,2795;-0,62;-2,93;1;0,0000;0,00;0;1;0;3;0;0;410;2048;1295
210,4861;218,7127;15,00;-2,3519;0,2224;0,0000;0,3648;-0,0034;0,0000;0,0000;0,2780;-0,71;-3,06;1;0,0000;0,00;0;1;0;3;0;0;410;2048;1301
210,5000;218,7127;15,00;-2,3671;0,2211;0,0000;0,3616;-0,0034;0,0000;0,0000;0,2763;-0,80;-3,17;1;0,0000;0,00;0;1;0;6;0;0;410;2048;1307
210,5139;218,7127;15,00;-2,3694;0,2197;0,0000;0,3581;-0,0034;0,0000;0,0000;0,2746;-0,89;-3,26;1;0,0000;0,00;0;1;0;6;0;0;410;2048;1315
210,5278;218,7415;15,00;-2,3722;0,2182;0,0000;0,3543;-0,0034;0,0000;0,0000;0,2728;-0,98;-3,35;1;0,0000;0,00;0;1;0;6;0;0;410;2048;1322
210,5417;218,7993;15,00;-2,3534;0,2167;0,0000;0,3503;-0,0034;0,0000;0,0000;0,2709;-1,07;-3,42;1;0,0000;0,00;0;1;0;6;0;0;410;2048;1331
210,5556;218,8572;15,00;-2,3205;0,2151;0,0000;0,3460;-0,0034;0,0000;0,0000;0,2689;-1,16;-3,48;1;0,0000;0,00;0;1;0;6;0;0;410;2048;1339
210,5694;218,9150;15,00;-2,2364;0,2135;0,0000;0,3416;-0,0034;0,0000;0,0000;0,2669;-1,25;-3,48;1;0,0000;0,00;0;1;0;6;0;0;410;2048;1348
210,5833;219,1703;15,00;-2,1417;0,2118;0,0000;0,3370;-0,0034;0,0000;0,0000;0,2648;-1,33;-3,47;1;0,0000;0,00;0;1;0;6;0;0;410;2048;1358
210,5972;219,1703;15,00;-2,0186;0,2101;0,0000;0,3324;-0,0034;0,0000;0,0000;0,2627;-1,41;-3,42;1;0,0000;0,00;0;1;0;6;0;0;410;2048;1367
210,6111;219,1703;15,00;-1,8710;0,2084;0,0000;0,3284;-0,0034;0,0000;0,0000;0,2605;-1,48;-3,35;1;0,0000;0,00;0;1;0;6;0;0;410;2048;1375
210,6250;219,1703;15,00;-1,5968;0,2068;0,0000;0,3259;-0,0034;0,0000;0,0000;0,2584;-1,54;-3,13;1;0,0000;0,00;0;1;0;6;0;0;410;2048;1380
210,6389;219,2042;15,00;-1,3407;0,2051;0,0000;0,3253;-0,0034;0,0000;0,0000;0,2564;-1,59;-2,93;1;0,0000;0,00;0;1;0;6;0;0;410;2048;1382
210,6528;219,2620;15,00;-1,0497;0,2035;0,0000;0,3256;-0,0034;0,0000;0,0000;0,2544;-1,63;-2,68;1;0,0000;0,00;0;1;0;6;0;0;410;2048;1381
210,6667;219,3199;15,00;-0,8025;0,2020;0,0000;0,3248;-0,0034;0,0000;0,0000;0,2524;-1,66;-2,46;1;0,0000;0,00;0;1;0;6;0;0;410;2048;1383
210,6806;219,3777;15,00;-0,5731;0,2004;0,0000;0,3192;-0,0034;0,0000;0,0000;0,2506;-1,68;-2,25;1;0,0000;0,00;0;1;0;6;0;0;410;2048;1394
210,6944;219,6283;15,00;-0,3028;0,1990;0,0000;0,3049;-0,0034;0,0000;0,0000;0,2488;-1,69;-1,99;1;0,0000;0,00;0;1;0;6;0;0;410;2048;1424
210,7083;219,6283;15,00;-0,0359;0,1977;0,0000;0,0000;-0,0034;0,0000;0,0000;0,2471;-1,69;-1,73;1;0,0000;0,00;0;1;0;6;0;0;410;2048;2048
210,7222;219,6283;15,00;0,2126;0,1964;0,0000;0,0000;-0,0034;0,0000;0,0000;0,2455;-1,68;-1,47;1;0,0000;0,00;0;1;0;6;0;0;410;2048;2048
210,7361;219,6283;15,00;0,4518;0,1952;0,0000;0,0000;-0,0034;0,0000;0,0000;0,2440;-1,67;-1,21;1;0,0000;0,00;0;1;0;6;0;0;410;2048;2048
210,7500;219,6670;15,00;0,6722;0,1941;0,0000;0,0000;-0,0034;0,0000;0,0000;0,2426;-1,64;-0,97;1;0,0000;0,00;0;1;0;6;0;0;410;2048;2048
210,7639;219,7248;15,00;0,8890;0,1930;0,0000;0,0000;-0,0034;0,0000;0,0000;0,2413;-1,60;-0,72;1;0,0000;0,00;0;1;0;6;0;0;410;2048;2048
210,7778;219,7827;15,00;1,0835;0,1921;0,0000;0,0000;-0,0034;0,0000;0,0000;0,2401;-1,56;-0,48;1;0,0000;0,00;0;1;0;6;0;0;410;2048;2048
210,7917;219,8405;15,00;1,2168;0,1912;0,0000;0,0000;-0,0034;0,0000;0,0000;0,2390;-1,52;-0,30;1;0,0000;0,00;0;1;0;6;0;0;410;2048;2048
210,8056;220,0802;15,00;1,3288;0,1904;0,0000;0,0000;-0,0034;0,0000;0,0000;0,2380;-1,46;-0,14;1;0,0000;0,00;0;1;0;6;0;0;410;2048;2048
210,8194;220,0802;15,00;1,3875;0,1897;0,0000;0,0000;-0,0034;0,0000;0,0000;0,2371;-1,41;-0,02;1;0,0000;0,00;0;1;0;6;0;0;410;2048;2048
210,8333;220,0802;15,00;1,3766;0,1890;0,0000;0,0000;-0,0034;0,0000;0,0000;0,2363;-1,36;0,02;1;0,0000;0,00;0;1;0;6;0;0;410;2048;2048
210,8472;220,0802;15,00;1,3899;0,1884;0,0000;0,0000;-0,0034;0,0000;0,0000;0,2355;-1,30;0,09;1;0,0000;0,00;0;1;0;6;0;0;410;2048;2048
210,8611;220,1299;15,00;1,4058;0,1878;0,0000;0,0000;-0,0034;0,0000;0,0000;0,2347;-1,25;0,16;1;0,0000;0,00;0;1;0;6;0;0;410;2048;2048
210,8750;220,1877;15,00;1,4085;0,1872;0,0000;0,0000;-0,0034;0,0000;0,0000;0,2340;-1,19;0,22;1;0,0000;0,00;0;1;0;6;0;0;410;2048;2048
210,8889;220,2456;15,00;1,4110;0,1867;0,0000;0,0000;-0,0034;0,0000;0,0000;0,2334;-1,14;0,27;1;0,0000;0,00;0;1;0;6;0;0;410;2048;2048
210,9028;220,3035;15,00;1,4129;0,1863;0,0000;0,0000;-0,0034;0,0000;0,0000;0,2328;-1,08;0,33;1;0,0000;0,00;0;1;0;6;0;0;410;2048;2048
210,9167;220,5401;15,00;1,4081;0,1858;0,0000;0,0000;-0,0034;0,0000;0,0000;0,2323;-1,03;0,38;1;0,0000;0,00;0;1;0;6;0;0;410;2048;2048
210,9306;220,5401;15,00;1,3924;0,1855;0,0000;0,0000;-0,0034;0,0000;0,0000;0,2318;-0,97;0,42;1;0,0000;0,00;0;1;0;6;0;0;410;2048;2048
210,9444;220,5401;15,00;1,3691;0,1851;0,0000;0,0000;-0,0034;0,0000;0,0000;0,2314;-0,92;0,45;1;0,0000;0,00;0;1;0;6;0;0;410;2048;2048
210,9583;220,5401;15,00;1,3315;0,1848;0,0000;0,0000;-0,0034;0,0000;0,0000;0,2310;-0,87;0,46;1;0,0000;0,00;0;1;0;6;0;0;410;2048;2048
210,9722;220,5928;14,90;1,3075;0,1845;0,0000;0,0000;-0,0034;0,0000;0,0000;0,2307;-0,82;0,49;1;0,0000;0,00;0;1;0;6;0;0;410;2048;2048
210,9861;220,6503;14,90;1,2719;0,1843;0,0000;0,0000;-0,0034;0,0000;0,0000;0,2303;-0,77;0,50;1;0,0000;0,00;0;1;0;6;0;0;410;2048;2048
211,0000;220,7078;14,90;1,2481;0,1840;0,0000;0,0000;-0,0034;0,0000;0,0000;0,2300;-0,72;0,53;1;0,0000;0,00;0;1;0;6;0;0;410;2048;2048
211,0139;220,7653;14,90;1,2271;0,1838;0,0000;0,0000;-0,0034;0,0000;0,0000;0,2298;-0,68;0,55;1;0,0000;0,00;0;1;0;6;0;0;410;2048;2048
211,0278;220,9925;14,90;1,2164;0,1837;0,0000;0,0000;-0,0034;0,0000;0,0000;0,2296;-0,63;0,59;1;0,0000;0,00;0;1;0;6;0;0;410;2048;2048
211,0417;220,9925;14,90;1,2081;0,1836;0,0000;0,0000;-0,0034;0,0000;0,0000;0,2295;-0,58;0,62;1;0,0000;0,00;0;1;0;6;0;0;410;2048;2048
211,0556;220,9925;14,90;1,2126;0,1835;0,0000;0,0000;-0,0034;0,0000;0,0000;0,2293;-0,54;0,68;1;0,0000;0,00;0;1;0;6;0;0;410;2048;2048
211,0694;220,9952;14,90;1,2196;0,1834;0,0000;0,0000;-0,0034;0,0000;0,0000;0,2293;-0,49;0,73;1;0,0000;0,00;0;1;0;6;0;0;410;2048;2048
211,0833;221,0527;14,90;1,2248;0,1834;0,0000;0,0000;-0,0034;0,0000;0,0000;0,2293;-0,44;0,78;1;0,0000;0,00;0;1;0;6;0;0;410;2048;2048
211,0972;221,1102;14,90;1,2360;0,1835;0,0000;0,0000;-0,0034;0,0000;0,0000;0,2293;-0,40;0,84;1;0,0000;0,00;0;1;0;6;0;0;410;2048;2048
211,1111;221,1677;14,90;1,2387;0,1835;0,0000;0,0000;-0,0034;0,0000;0,0000;0,2294;-0,35;0,89;1;0,0000;0,00;0;1;0;6;0;0;410;2048;2048
211,1250;221,4496;14,90;1,2564;0,1837;0,0000;0,0000;-0,0034;0,0000;0,0000;0,2296;-0,30;0,96;1;0,0000;0,00;0;1;0;6;0;0;410;2048;2048
211,1389;221,4496;14,90;1,2668;0,1838;0,0000;0,0000;-0,0034;0,0000;0,0000;0,2298;-0,25;1,01;1;0,0000;0,00;0;1;0;6;0;0;410;2048;2048
211,1528;221,4496;14,90;1,2786;0,1840;0,0000;0,0000;-0,0034;0,0000;0,0000;0,2300;-0,20;1,07;1;0,0000;0,00;0;1;0;6;0;0;410;2048;2048
211,1667;221,4496;14,90;1,2929;0,1843;0,0000;0,0000;-0,0034;0,0000;0,0000;0,2303;-0,15;1,14;1;0,0000;0,00;0;1;0;6;0;0;410;2048;2048
211,1806;221,4551;14,90;1,3034;0,1846;0,0000;0,0000;-0,0034;0,0000;0,0000;0,2307;-0,10;1,20;1;0,0000;0,00;0;1;0;6;0;0;410;2048;2048
211,1944;221,5126;14,90;1,3229;0,1849;0,0000;0,0000;-0,0034;0,0000;0,0000;0,2311;-0,05;1,27;1;0,0000;0,00;0;1;0;6;0;0;410;2048;2048
211,2083;221,5701;14,90;1,3392;0,1853;0,0000;0,0000;-0,0034;0,0000;0,0000;0,2316;0,00;1,34;1;0,0000;0,00;0;1;0;6;0;0;410;2048;2048
211,2222;221,6276;14,90;1,3602;0,1857;0,0000;0,0000;-0,0034;0,0000;0,0000;0,2322;0,05;1,41;1;0,0000;0,00;0;1;0;6;0;0;410;2048;2048
211,2361;221,9049;14,90;1,3641;0,1862;0,0000;0,0000;-0,0034;0,0000;0,0000;0,2328;0,10;1,47;1;0,0000;0,00;0;1;0;6;0;0;410;2048;2048
211,2500;221,9049;14,90;1,3774;0,1868;0,0000;0,0000;-0,0034;0,0000;0,0000;0,2334;0,16;1,53;1;0,0000;0,00;0;1;0;6;0;0;410;2048;2048
211,2639;221,9049;14,90;1,3795;0,1873;0,0000;0,0000;-0,0034;0,0000;0,0000;0,2342;0,21;1,59;1;0,0000;0,00;0;1;0;6;0;0;410;2048;2048
211,2778;221,9049;14,90;1,3848;0,1879;0,0000;0,0000;-0,0034;0,0000;0,0000;0,2349;0,26;1,65;1;0,0000;0,00;0;1;0;6;0;0;410;2048;2048
211,2917;221,9150;14,90;1,3836;0,1886;0,0000;0,0000;-0,0034;0,0000;0,0000;0,2357;0,32;1,70;1;0,0000;0,00;0;1;0;6;0;0;410;2048;2048
211,3056;221,9725;14,90;1,3748;0,1892;0,0000;0,0000;-0,0034;0,0000;0,0000;0,2365;0,37;1,75;1;0,0000;0,00;0;1;0;6;0;0;410;2048;2048
211,3194;222,0300;14,90;1,3629;0,1900;0,0000;0,0000;-0,0034;0,0000;0,0000;0,2374;0,42;1,79;1;0,0000;0,00;0;1;0;6;0;0;410;2048;2048
211,3333;222,0874;14,90;1,3288;0,1907;0,0000;0,0000;-0,0034;0,0000;0,0000;0,2384;0,48;1,80;1;0,0000;0,00;0;1;0;6;0;0;410;2048;2048
211,3472;222,3605;14,90;1,2787;0,1915;0,0000;0,0000;-0,0034;0,0000;0,0000;0,2393;0,52;1,80;1;0,0000;0,00;0;1;0;6;0;0;410;2048;2048
211,3611;222,3605;14,90;1,2179;0,1923;0,0000;0,0000;-0,0034;0,0000;0,0000;0,2403;0,57;1,79;1;0,0000;0,00;0;1;0;6;0;0;410;2048;2048
211,3750;222,3605;14,90;1,1669;0,1931;0,0000;0,0000;-0,0034;0,0000;0,0000;0,2414;0,62;1,78;1;0,0000;0,00;0;1;0;6;0;0;410;2048;2048
211,3889;222,3605;14,90;1,0931;0,1940;0,0000;0,0000;-0,0034;0,0000;0,0000;0,2425;0,66;1,75;1;0,0000;0,00;0;1;0;6;0;0;410;2048;2048
211,4028;222,3748;14,90;1,0524;0,1948;0,0000;0,0000;-0,0034;0,0000;0,0000;0,2435;0,70;1,75;1;0,0000;0,00;0;1;0;6;0;0;410;2048;2048
211,4167;222,4323;14,90;0,9931;0,1957;0,0000;0,0000;-0,0034;0,0000;0,0000;0,2446;0,74;1,73;1;0,0000;0,00;0;1;0;6;0;0;410;2048;2048
211,4306;222,4898;14,90;0,9417;0,1966;0,0000;0,0000;-0,0034;0,0000;0,0000;0,2457;0,77;1,72;1;0,0000;0,00;0;1;0;6;0;0;410;2048;2048
211,4444;222,5472;14,90;0,9165;0,1975;0,0000;0,0000;-0,0034;0,0000;0,0000;0,2469;0,81;1,73;1;0,0000;0,00;0;1;0;6;0;0;410;2048;2048
211,4583;222,8167;14,90;0,9112;0,1984;0,0000;0,0000;-0,0034;0,0000;0,0000;0,2481;0,85;1,76;1;0,0000;0,00;0;1;0;6;0;0;410;2048;2048
211,4722;222,8167;14,90;0,9041;0,1994;0,0000;0,0000;-0,0034;0,0000;0,0000;0,2493;0,88;1,78;1;0,0000;0,00;0;1;0;6;0;0;410;2048;2048
211,4861;222,8167;14,90;0,8940;0,2004;0,0000;0,0000;-0,0034;0,0000;0,0000;0,2505;0,92;1,81;1;0,0000;0,00;0;1;0;6;0;0;410;2048;2048
211,5000;222,8167;14,90;0,8753;0,2015;0,0000;0,0025;-0,0034;0,0000;0,0000;0,2518;0,95;1,82;1;0,0000;0,00;0;1;0;1;0;0;410;2048;2043
211,5139;222,8346;14,90;0,8544;0,2025;0,0000;0,0108;-0,0034;0,0000;0,0000;0,2531;0,98;1,84;1;0,0000;0,00;0;1;0;1;0;0;410;2048;2026
211,5278;222,8921;14,90;0,8482;0,2036;0,0000;0,0266;-0,0034;0,0000;0,0000;0,2545;1,02;1,86;1;0,0000;0,00;0;1;0;1;0;0;410;2048;1993
211,5417;222,9495;14,90;0,8408;0,2047;0,0000;0,0497;-0,0034;0,0000;0,0000;0,2559;1,05;1,89;1;0,0000;0,00;0;1;0;1;0;0;410;2048;1946
211,5556;223,0070;14,90;0,8417;0,2058;0,0000;0,0782;-0,0034;0,0000;0,0000;0,2573;1,08;1,92;1;0,0000;0,00;0;1;0;1;0;0;410;2048;1888
211,5694;223,2720;14,90;0,8497;0,2070;0,0000;0,1096;-0,0034;0,0000;0,0000;0,2587;1,11;1,96;1;0,0000;0,00;0;1;0;1;0;0;410;2048;1824
211,5833;223,2720;14,90;0,8633;0,2081;0,0000;0,1412;-0,0034;0,0000;0,0000;0,2602;1,15;2,01;1;0,0000;0,00;0;1;0;1;0;0;410;2048;1759
211,5972;223,2720;14,90;0,8742;0,2094;0,0000;0,1710;-0,0034;0,0000;0,0000;0,2617;1,18;2,06;1;0,0000;0,00;0;1;0;1;0;0;410;2048;1698
211,6111;223,2720;14,90;0,8864;0,2106;0,0000;0,1974;-0,0034;0,0000;0,0000;0,2633;1,22;2,10;1;0,0000;0,00;0;1;0;1;0;0;410;2048;1644
211,6250;223,2943;14,90;0,8958;0,2119;0,0000;0,2195;-0,0034;0,0000;0,0000;0,2649;1,25;2,15;1;0,0000;0,00;0;1;0;1;0;0;410;2048;1598
211,6389;223,3518;14,90;0,8982;0,2132;0,0000;0,2373;-0,0034;0,0000;0,0000;0,2665;1,29;2,19;1;0,0000;0,00;0;1;0;1;0;0;410;2048;1562
211,6528;223,4092;14,90;0,8874;0,2145;0,0000;0,2514;-0,0034;0,0000;0,0000;0,2681;1,32;2,21;1;0,0000;0,00;0;1;0;1;0;0;410;2048;1533
211,6667;223,4667;14,90;0,8653;0,2159;0,0000;0,2627;-0,0034;0,0000;0,0000;0,2698;1,36;2,22;1;0,0000;0,00;0;1;0;1;0;0;410;2048;1510
211,6806;223,7280;14,90;0,8609;0,2172;0,0000;0,2720;-0,0034;0,0000;0,0000;0,2716;1,39;2,25;1;0,0000;0,00;0;1;0;1;0;0;410;2048;1491
211,6944;223,7280;14,90;0,8199;0,2186;0,0000;0,2798;-0,0034;0,0000;0,0000;0,2733;1,42;2,24;1;0,0000;0,00;0;1;0;1;0;0;410;2048;1475
211,7083;223,7280;14,90;0,7701;0,2200;0,0000;0,2866;-0,0034;0,0000;0,0000;0,2750;1,45;2,22;1;0,0000;0,00;0;1;0;1;0;0;410;2048;1461
211,7222;223,7280;15,00;0,6071;0,2214;0,0000;0,2927;-0,0034;0,0000;0,0000;0,2767;1,47;2,08;1;0,0000;0,00;0;1;0;1;0;0;410;2048;1448
211,7361;223,7544;15,00;0,4866;0,2228;0,0000;0,2984;-0,0034;0,0000;0,0000;0,2785;1,49;1,98;1;0,0000;0,00;0;1;0;1;0;0;410;2048;1437
211,7500;223,8122;15,00;0,3884;0,2241;0,0000;0,3038;-0,0034;0,0000;0,0000;0,2801;1,51;1,90;1;0,0000;0,00;0;1;0;1;0;0;410;2048;1426
211,7639;223,8701;15,00;0,3026;0,2254;0,0000;0,3091;-0,0034;0,0000;0,0000;0,2818;1,52;1,82;1;0,0000;0,00;0;1;0;1;0;0;410;2048;1415
211,7778;223,9279;15,00;0,2558;0,2268;0,0000;0,3143;-0,0034;0,0000;0,0000;0,2834;1,53;1,79;1;0,0000;0,00;0;1;0;1;0;0;410;2048;1404
211,7917;224,1839;15,00;0,2466;0,2281;0,0000;0,3196;-0,0034;0,0000;0,0000;0,2851;1,54;1,79;1;0,0000;0,00;0;1;0;1;0;0;410;2048;1393
211,8056;224,1839;15,00;0,1955;0,2294;0,0000;0,3250;-0,0034;0,0000;0,0000;0,2868;1,55;1,75;1;0,0000;0,00;0;1;0;1;0;0;410;2048;1382
211,8194;224,1839;15,00;0,1853;0,2307;0,0000;0,3304;-0,0034;0,0000;0,0000;0,2884;1,56;1,74;1;0,0000;0,00;0;1;0;1;0;0;410;2048;1371
211,8333;224,1839;15,00;0,1710;0,2321;0,0000;0,3360;-0,0034;0,0000;0,0000;0,2901;1,56;1,74;1;0,0000;0,00;0;1;0;1;0;0;410;2048;1360
211,8472;224,2172;15,00;0,1592;0,2334;0,0000;0,3418;-0,0034;0,0000;0,0000;0,2917;1,57;1,73;1;0,0000;0,00;0;1;0;1;0;0;410;2048;1348
211,8611;224,2750;15,00;0,1506;0,2347;0,0000;0,3477;-0,0034;0,0000;0,0000;0,2934;1,58;1,73;1;0,0000;0,00;0;1;0;1;0;0;410;2048;1336
211,8750;224,3329;15,00;0,1486;0,2360;0,0000;0,3537;-0,0034;0,0000;0,0000;0,2951;1,58;1,73;1;0,0000;0,00;0;1;0;1;0;0;410;2048;1324
211,8889;224,3907;15,00;0,1561;0,2374;0,0000;0,3600;-0,0034;0,0000;0,0000;0,2967;1,59;1,75;1;0,0000;0,00;0;1;0;1;0;0;410;2048;1311
211,9028;224,6390;15,00;0,1664;0,2387;0,0000;0,3664;-0,0034;0,0000;0,0000;0,2984;1,60;1,76;1;0,0000;0,00;0;1;0;1;0;0;410;2048;1298
211,9167;224,6390;15,00;0,1767;0,2401;0,0000;0,3730;-0,0034;0,0000;0,0000;0,3001;1,60;1,78;1;0,0000;0,00;0;1;0;1;0;0;410;2048;1284
211,9306;224,6390;15,00;0,1811;0,2415;0,0000;0,3797;-0,0034;0,0000;0,0000;0,3018;1,61;1,79;1;0,0000;0,00;0;1;0;1;0;0;410;2048;1270
211,9444;224,6390;15,00;0,1861;0,2428;0,0000;0,3866;-0,0034;0,0000;0,0000;0,3035;1,62;1,81;1;0,0000;0,00;0;1;0;1;0;0;410;2048;1256
211,9583;224,6799;15,00;0,1912;0,2442;0,0000;0,3937;-0,0034;0,0000;0,0000;0,3053;1,63;1,82;1;0,0000;0,00;0;1;0;1;0;0;410;2048;1242
211,9722;224,7378;15,00;0,1971;0,2456;0,0000;0,4009;-0,0034;0,0000;0,0000;0,3070;1,64;1,83;1;0,0000;0,00;0;1;0;1;0;0;410;2048;1227
211,9861;224,7956;15,00;0,1977;0,2470;0,0000;0,4083;-0,0034;0,0000;0,0000;0,3088;1,64;1,84;1;0,0000;0,00;0;1;0;1;0;0;410;2048;1212
212,0000;224,8535;15,00;0,1903;0,2484;0,0000;0,4158;-0,0034;0,0000;0,0000;0,3105;1,65;1,84;1;0,0000;0,00;0;1;0;1;0;0;410;2048;1196
212,0139;225,0962;15,00;0,1828;0,2498;0,0000;0,4234;-0,0034;0,0000;0,0000;0,3122;1,66;1,84;1;0,0000;0,00;0;1;0;1;0;0;410;2048;1181
212,0278;225,0962;15,00;0,1747;0,2512;0,0000;0,4312;-0,0034;0,0000;0,0000;0,3140;1,67;1,84;1;0,0000;0,00;0;1;0;1;0;0;410;2048;1165
212,0417;225,0962;15,00;0,1724;0,2526;0,0000;0,4390;-0,0034;0,0000;0,0000;0,3158;1,67;1,84;1;0,0000;0,00;0;1;0;1;0;0;410;2048;1149
212,0556;225,0962;15,00;0,1770;0,2540;0,0000;0,4470;-0,0034;0,0000;0,0000;0,3175;1,68;1,86;1;0,0000;0,00;0;1;0;1;0;0;410;2048;1133
212,0694;225,1427;15,00;0,1762;0,2555;0,0000;0,4550;-0,0034;0,0000;0,0000;0,3193;1,69;1,86;1;0,0000;0,00;0;1;0;1;0;0;410;2048;1116
212,0833;225,2005;15,00;0,1705;0,2569;0,0000;0,4630;-0,0034;0,0000;0,0000;0,3211;1,69;1,86;1;0,0000;0,00;0;1;0;1;0;0;410;2048;1100
212,0972;225,2583;15,00;0,1604;0,2583;0,0000;0,4712;-0,0034;0,0000;0,0000;0,3229;1,70;1,86;1;0,0000;0,00;0;1;0;1;0;0;410;2048;1083
212,1111;225,3162;15,00;0,1519;0,2598;0,0000;0,4793;-0,0034;0,0000;0,0000;0,3247;1,71;1,86;1;0,0000;0,00;0;1;0;1;0;0;410;2048;1066
212,1250;225,5501;15,00;0,1443;0,2612;0,0000;0,4875;-0,0034;0,0000;0,0000;0,3265;1,71;1,86;1;0,0000;0,00;0;1;0;1;0;0;410;2048;1050
212,1389;225,5501;15,00;0,1386;0,2626;0,0000;0,4956;-0,0034;0,0000;0,0000;0,3283;1,72;1,86;1;0,0000;0,00;0;1;0;1;0;0;410;2048;1033
212,1528;225,5501;15,00;0,1279;0,2641;0,0000;0,5038;-0,0034;0,0000;0,0000;0,3301;1,72;1,85;1;0,0000;0,00;0;1;0;1;0;0;410;2048;1016
212,1667;225,5501;15,00;0,1060;0,2655;0,0000;0,5119;-0,0034;0,0000;0,0000;0,3319;1,73;1,83;1;0,0000;0,00;0;1;0;1;0;0;410;2048;1000
212,1806;225,6054;15,00;0,0689;0,2669;0,0000;0,5199;-0,0034;0,0000;0,0000;0,3337;1,73;1,80;1;0,0000;0,00;0;1;0;1;0;0;410;2048;983
212,1944;225,6633;15,00;0,0217;0,2684;0,0000;0,5278;-0,0034;0,0000;0,0000;0,3355;1,73;1,75;1;0,0000;0,00;0;1;0;1;0;0;410;2048;967
212,2083;225,7211;15,00;-0,0558;0,2698;0,0000;0,5357;-0,0034;0,0000;0,0000;0,3372;1,73;1,68;1;0,0000;0,00;0;1;0;1;0;0;410;2048;951
212,2222;225,7789;15,00;-0,1645;0,2711;0,0000;0,5434;-0,0034;0,0000;0,0000;0,3389;1,73;1,56;1;0,0000;0,00;0;1;0;1;0;0;410;2048;935
212,2361;226,0090;15,00;-0,3270;0,2724;0,0000;0,5510;-0,0034;0,0000;0,0000;0,3405;1,71;1,39;1;0,0000;0,00;0;1;0;1;0;0;410;2048;920
212,2500;226,0090;15,00;-0,4953;0,2737;0,0000;0,5584;-0,0034;0,0000;0,0000;0,3421;1,69;1,20;1;0,0000;0,00;0;1;0;1;0;0;410;2048;904
212,2639;226,0090;15,00;-0,6458;0,2748;0,0000;0,5655;-0,0034;0,0000;0,0000;0,3435;1,67;1,02;1;0,0000;0,00;0;1;0;1;0;0;410;2048;890
212,2778;226,0103;15,00;-0,7974;0,2759;0,0000;0,5724;-0,0034;0,0000;0,0000;0,3449;1,64;0,84;1;0,0000;0,00;0;1;0;1;0;0;410;2048;876
212,2917;226,0682;15,00;-0,9475;0,2769;0,0000;0,5790;-0,0034;0,0000;0,0000;0,3462;1,60;0,65;1;0,0000;0,00;0;1;0;1;0;0;410;2048;862
212,3056;226,1261;15,00;-1,1530;0,2779;0,0000;0,5853;-0,0034;0,0000;0,0000;0,3474;1,56;0,40;1;0,0000;0,00;0;1;0;1;0;0;410;2048;849
212,3194;226,1839;15,00;-1,2440;0,2788;0,0000;0,5913;-0,0034;0,0000;0,0000;0,3485;1,51;0,27;1;0,0000;0,00;0;1;0;1;0;0;410;2048;837
212,3333;226,4615;15,00;-1,3063;0,2796;0,0000;0,5970;-0,0034;0,0000;0,0000;0,3495;1,46;0,15;1;0,0000;0,00;0;1;0;1;0;0;410;2048;825
212,3472;226,4615;15,00;-1,3439;0,2804;0,0000;0,6023;-0,0034;0,0000;0,0000;0,3505;1,41;0,07;1;0,0000;0,00;0;1;0;1;0;0;410;2048;814
212,3611;226,4615;15,00;-1,3818;0,2811;0,0000;0,6073;-0,0034;0,0000;0,0000;0,3514;1,36;-0,02;1;0,0000;0,00;0;1;0;1;0;0;410;2048;804
212,3750;226,4615;15,10;-1,4144;0,2818;0,0000;0,6120;-0,0034;0,0000;0,0000;0,3522;1,30;-0,11;1;0,0000;0,00;0;1;0;1;0;0;410;2048;795
212,3889;226,4736;15,10;-1,4423;0,2824;0,0000;0,6164;-0,0034;0,0000;0,0000;0,3530;1,25;-0,19;1;0,0000;0,00;0;1;0;1;0;0;410;2048;786
212,4028;226,5319;15,10;-1,4716;0,2829;0,0000;0,6206;-0,0034;0,0000;0,0000;0,3537;1,19;-0,28;1;0,0000;0,00;0;1;0;1;0;0;410;2048;777
212,4167;226,5901;15,10;-1,4807;0,2835;0,0000;0,6244;-0,0034;0,0000;0,0000;0,3543;1,13;-0,35;1;0,0000;0,00;0;1;0;1;0;0;410;2048;769
212,4306;226,6484;15,10;-1,5010;0,2839;0,0000;0,6280;-0,0034;0,0000;0,0000;0,3549;1,08;-0,42;1;0,0000;0,00;0;1;0;1;0;0;410;2048;762
212,4444;226,9201;15,10;-1,5156;0,2843;0,0000;0,6314;-0,0034;0,0000;0,0000;0,3554;1,02;-0,50;1;0,0000;0,00;0;1;0;1;0;0;410;2048;755
212,4583;226,9201;15,10;-1,5274;0,2847;0,0000;0,6344;-0,0034;0,0000;0,0000;0,3558;0,96;-0,57;1;0,0000;0,00;0;1;0;1;0;0;410;2048;749
212,4722;226,9201;15,10;-1,5317;0,2850;0,0000;0,6373;-0,0034;0,0000;0,0000;0,3562;0,90;-0,63;1;0,0000;0,00;0;1;0;1;0;0;410;2048;743
212,4861;226,9201;15,10;-1,5299;0,2852;0,0000;0,6399;-0,0034;0,0000;0,0000;0,3565;0,84;-0,69;1;0,0000;0,00;0;1;0;1;0;0;410;2048;738
212,5000;226,9397;15,10;-1,5291;0,2854;0,0000;0,6423;-0,0034;0,0000;0,0000;0,3567;0,78;-0,75;1;0,0000;0,00;0;1;0;1;0;0;410;2048;733
212,5139;226,9980;15,10;-1,5274;0,2855;0,0000;0,6444;-0,0034;0,0000;0,0000;0,3569;0,72;-0,81;1;0,0000;0,00;0;1;0;2;0;0;410;2048;728
212,5278;227,0562;15,10;-1,5206;0,2857;0,0000;0,6464;-0,0034;0,0000;0,0000;0,3571;0,66;-0,86;1;0,0000;0,00;0;1;0;2;0;0;410;2048;724
212,5417;227,1145;15,10;-1,5063;0,2857;0,0000;0,6481;-0,0034;0,0000;0,0000;0,3572;0,60;-0,90;1;0,0000;0,00;0;1;0;2;0;0;410;2048;721
212,5556;227,3734;15,10;-1,4799;0,2858;0,0000;0,6496;-0,0034;0,0000;0,0000;0,3572;0,55;-0,93;1;0,0000;0,00;0;1;0;2;0;0;410;2048;718
212,5694;227,3734;15,10;-1,4474;0,2858;0,0000;0,6509;-0,0034;0,0000;0,0000;0,3572;0,49;-0,96;1;0,0000;0,00;0;1;0;2;0;0;410;2048;715
212,5833;227,3734;15,10;-1,4171;0,2857;0,0000;0,6521;-0,0034;0,0000;0,0000;0,3572;0,44;-0,98;1;0,0000;0,00;0;1;0;2;0;0;410;2048;713
212,5972;227,3734;15,10;-1,3952;0,2856;0,0000;0,6531;-0,0034;0,0000;0,0000;0,3570;0,38;-1,01;1;0,0000;0,00;0;1;0;2;0;0;410;2048;711
212,6111;227,4058;15,10;-1,3678;0,2855;0,0000;0,6538;-0,0034;0,0000;0,0000;0,3569;0,33;-1,04;1;0,0000;0,00;0;1;0;2;0;0;410;2048;709
212,6250;227,4640;15,10;-1,3520;0,2854;0,0000;0,6545;-0,0034;0,0000;0,0000;0,3567;0,28;-1,07;1;0,0000;0,00;0;1;0;2;0;0;410;2048;708
212,6389;227,5223;15,10;-1,3361;0,2852;0,0000;0,6549;-0,0034;0,0000;0,0000;0,3565;0,23;-1,11;1;0,0000;0,00;0;1;0;2;0;0;410;2048;707
212,6528;227,5806;15,10;-1,3086;0,2850;0,0000;0,6552;-0,0034;0,0000;0,0000;0,3562;0,18;-1,13;1;0,0000;0,00;0;1;0;2;0;0;410;2048;706
212,6667;227,8299;15,10;-1,2847;0,2847;0,0000;0,6554;-0,0034;0,0000;0,0000;0,3559;0,13;-1,16;1;0,0000;0,00;0;1;0;2;0;0;410;2048;706
212,6806;227,8299;15,10;-1,2632;0,2844;0,0000;0,6554;-0,0034;0,0000;0,0000;0,3555;0,08;-1,19;1;0,0000;0,00;0;1;0;2;0;0;410;2048;706
212,6944;227,8299;15,10;-1,2486;0,2841;0,0000;0,6552;-0,0034;0,0000;0,0000;0,3551;0,03;-1,22;1;0,0000;0,00;0;1;0;2;0;0;410;2048;706
212,7083;227,8299;15,10;-1,2256;0,2838;0,0000;0,6550;-0,0034;0,0000;0,0000;0,3547;0,00;-1,24;1;0,0000;0,00;0;1;0;2;0;0;410;2048;707
212,7222;227,8718;15,10;-1,1995;0,2834;0,0000;0,6545;-0,0034;0,0000;0,0000;0,3542;-0,06;-1,26;1;0,0000;0,00;0;1;0;2;0;0;410;2048;708
212,7361;227,9301;15,10;-1,1578;0,2830;0,0000;0,6540;-0,0034;0,0000;0,0000;0,3537;-0,11;-1,27;1;0,0000;0,00;0;1;0;2;0;0;410;2048;709
212,7500;227,9883;15,10;-1,1105;0,2826;0,0000;0,6533;-0,0034;0,0000;0,0000;0,3532;-0,15;-1,26;1;0,0000;0,00;0;1;0;2;0;0;410;2048;710
212,7639;228,0466;15,10;-1,0515;0,2821;0,0000;0,6524;-0,0034;0,0000;0,0000;0,3526;-0,19;-1,24;1;0,0000;0,00;0;1;0;2;0;0;410;2048;712
212,7778;228,2860;15,10;-0,9889;0,2817;0,0000;0,6515;-0,0034;0,0000;0,0000;0,3521;-0,23;-1,22;1;0,0000;0,00;0;1;0;2;0;0;410;2048;714
212,7917;228,2860;15,10;-0,8965;0,2812;0,0000;0,6504;-0,0034;0,0000;0,0000;0,3515;-0,26;-1,16;1;0,0000;0,00;0;1;0;2;0;0;410;2048;716
212,8056;228,2860;15,10;-0,8096;0,2807;0,0000;0,6493;-0,0034;0,0000;0,0000;0,3509;-0,29;-1,10;1;0,0000;0,00;0;1;0;2;0;0;410;2048;718
212,8194;228,2860;15,10;-0,6941;0,2803;0,0000;0,6480;-0,0034;0,0000;0,0000;0,3504;-0,32;-1,01;1;0,0000;0,00;0;1;0;2;0;0;410;2048;721
212,8333;228,3379;15,10;-0,5555;0,2799;0,0000;0,6467;-0,0034;0,0000;0,0000;0,3498;-0,34;-0,90;1;0,0000;0,00;0;1;0;2;0;0;410;2048;724
212,8472;228,3961;15,10;-0,4349;0,2795;0,0000;0,6453;-0,0034;0,0000;0,0000;0,3493;-0,36;-0,79;1;0,0000;0,00;0;1;0;2;0;0;410;2048;727
212,8611;228,4544;15,10;-0,2999;0,2791;0,0000;0,6438;-0,0034;0,0000;0,0000;0,3489;-0,37;-0,67;1;0,0000;0,00;0;1;0;2;0;0;410;2048;729
212,8750;228,5126;15,00;-0,1508;0,2787;0,0000;0,6423;-0,0034;0,0000;0,0000;0,3484;-0,38;-0,53;1;0,0000;0,00;0;1;0;2;0;0;410;2048;733
212,8889;228,7405;15,00;-0,0092;0,2785;0,0000;0,6408;-0,0034;0,0000;0,0000;0,3481;-0,38;-0,39;1;0,0000;0,00;0;1;0;2;0;0;410;2048;736
212,9028;228,7405;15,00;0,1559;0,2782;0,0000;0,6393;-0,0034;0,0000;0,0000;0,3477;-0,37;-0,21;1;0,0000;0,00;0;1;0;2;0;0;410;2048;739
212,9167;228,7405;15,00;0,2828;0,2780;0,0000;0,6378;-0,0034;0,0000;0,0000;0,3475;-0,36;-0,08;1;0,0000;0,00;0;1;0;2;0;0;410;2048;742
212,9306;228,7441;15,00;0,4074;0,2778;0,0000;0,6364;-0,0034;0,0000;0,0000;0,3473;-0,34;0,06;1;0,0000;0,00;0;1;0;2;0;0;410;2048;745
212,9444;228,8020;15,00;0,5156;0,2777;0,0000;0,6351;-0,0034;0,0000;0,0000;0,3472;-0,33;0,19;1;0,0000;0,00;0;1;0;2;0;0;410;2048;747
212,9583;228,8599;15,00;0,5676;0,2777;0,0000;0,6338;-0,0034;0,0000;0,0000;0,3471;-0,30;0,26;1;0,0000;0,00;0;1;0;2;0;0;410;2048;750
212,9722;228,9177;15,00;0,6110;0,2776;0,0000;0,6327;-0,0034;0,0000;0,0000;0,3470;-0,28;0,33;1;0,0000;0,00;0;1;0;2;0;0;410;2048;752
212,9861;229,1993;15,00;0,6449;0,2776;0,0000;0,6316;-0,0034;0,0000;0,0000;0,3470;-0,26;0,39;1;0,0000;0,00;0;1;0;2;0;0;410;2048;754
213,0000;229,1993;15,00;0,6851;0,2776;0,0000;0,6307;-0,0034;0,0000;0,0000;0,3470;-0,23;0,45;1;0,0000;0,00;0;1;0;2;0;0;410;2048;756
213,0139;229,1993;15,00;0,7127;0,2777;0,0000;0,6299;-0,0034;0,0000;0,0000;0,3471;-0,20;0,51;1;0,0000;0,00;0;1;0;2;0;0;410;2048;758
213,0278;229,1993;15,00;0,7276;0,2777;0,0000;0,6292;-0,0034;0,0000;0,0000;0,3471;-0,17;0,55;1;0,0000;0,00;0;1;0;2;0;0;410;2048;759
213,0417;229,2071;15,00;0,7277;0,2778;0,0000;0,6287;-0,0034;0,0000;0,0000;0,3473;-0,15;0,58;1;0,0000;0,00;0;1;0;2;0;0;410;2048;760
213,0556;229,2650;15,00;0,7245;0,2779;0,0000;0,6283;-0,0034;0,0000;0,0000;0,3474;-0,12;0,60;1;0,0000;0,00;0;1;0;2;0;0;410;2048;761
213,0694;229,3228;15,00;0,7065;0,2781;0,0000;0,6280;-0,0034;0,0000;0,0000;0,3476;-0,09;0,61;1;0,0000;0,00;0;1;0;2;0;0;410;2048;762
213,0833;229,3807;15,00;0,6580;0,2782;0,0000;0,6279;-0,0034;0,0000;0,0000;0,3477;-0,07;0,59;1;0,0000;0,00;0;1;0;2;0;0;410;2048;762
213,0972;229,6520;15,00;0,5919;0,2783;0,0000;0,6280;-0,0034;0,0000;0,0000;0,3479;-0,04;0,55;1;0,0000;0,00;0;1;0;2;0;0;410;2048;762
213,1111;229,6520;15,00;0,5042;0,2785;0,0000;0,6280;-0,0034;0,0000;0,0000;0,3481;-0,02;0,48;1;0,0000;0,00;0;1;0;2;0;0;410;2048;762
213,1250;229,6520;15,00;0,4031;0,2786;0,0000;0,6281;-0,0034;0,0000;0,0000;0,3482;0,00;0,40;1;0,0000;0,00;0;1;0;2;0;0;410;2048;762
213,1389;229,6520;15,00;0,2885;0,2786;0,0000;0,6283;-0,0034;0,0000;0,0000;0,3483;0,00;0,29;1;0,0000;0,00;0;1;0;2;0;0;410;2048;761
213,1528;229,6700;15,00;0,1619;0,2787;0,0000;0,6285;-0,0034;0,0000;0,0000;0,3484;0,00;0,17;1;0,0000;0,00;0;1;0;2;0;0;410;2048;761
213,1667;229,7279;15,00;0,0000;0,2787;0,0000;0,6287;-0,0034;0,0000;0,0000;0,3484;0,00;0,00;1;0,0000;0,00;0;1;0;2;0;0;410;2048;760
213,1806;229,7858;15,00;-0,1767;0,2786;0,0000;0,6290;-0,0034;0,0000;0,0000;0,3483;0,00;-0,17;1;0,0000;0,00;0;1;0;2;0;0;410;2048;760
213,1944;229,8436;15,00;-0,3550;0,2785;0,0000;0,6292;-0,0034;0,0000;0,0000;0,3482;0,00;-0,36;1;0,0000;0,00;0;1;0;2;0;0;410;2048;759
213,2083;230,1089;15,00;-0,4931;0,2784;0,0000;0,6293;-0,0034;0,0000;0,0000;0,3479;-0,02;-0,52;1;0,0000;0,00;0;1;0;2;0;0;410;2048;759
213,2222;230,1089;15,00;-0,6340;0,2781;0,0000;0,6294;-0,0034;0,0000;0,0000;0,3477;-0,05;-0,68;1;0,0000;0,00;0;1;0;2;0;0;410;2048;759
213,2361;230,1089;15,00;-0,7800;0,2779;0,0000;0,6295;-0,0034;0,0000;0,0000;0,3473;-0,08;-0,86;1;0,0000;0,00;0;1;0;2;0;0;410;2048;759
213,2500;230,1089;15,00;-0,9138;0,2775;0,0000;0,6294;-0,0034;0,0000;0,0000;0,3469;-0,11;-1,03;1;0,0000;0,00;0;1;0;2;0;0;410;2048;759
213,2639;230,1330;15,00;-1,0213;0,2771;0,0000;0,6291;-0,0034;0,0000;0,0000;0,3464;-0,15;-1,17;1;0,0000;0,00;0;1;0;2;0;0;410;2048;760
213,2778;230,1908;15,00;-1,1413;0,2767;0,0000;0,6288;-0,0034;0,0000;0,0000;0,3458;-0,20;-1,34;1;0,0000;0,00;0;1;0;2;0;0;410;2048;760
213,2917;230,2487;15,00;-1,2206;0,2761;0,0000;0,6283;-0,0034;0,0000;0,0000;0,3452;-0,24;-1,46;1;0,0000;0,00;0;1;0;2;0;0;410;2048;761
213,3056;230,3066;15,00;-1,3294;0,2755;0,0000;0,6275;-0,0034;0,0000;0,0000;0,3444;-0,29;-1,62;1;0,0000;0,00;0;1;0;2;0;0;410;2048;763
213,3194;230,5644;15,00;-1,4306;0,2749;0,0000;0,6266;-0,0034;0,0000;0,0000;0,3436;-0,35;-1,78;1;0,0000;0,00;0;1;0;2;0;0;410;2048;765
213,3333;230,5644;15,00;-1,5726;0,2741;0,0000;0,6255;-0,0034;0,0000;0,0000;0,3426;-0,41;-1,98;1;0,0000;0,00;0;1;0;2;0;0;410;2048;767
213,3472;230,5644;15,00;-1,6423;0,2733;0,0000;0,6242;-0,0034;0,0000;0,0000;0,3416;-0,47;-2,11;1;0,0000;0,00;0;1;0;2;0;0;410;2048;770
213,3611;230,5644;15,00;-1,6865;0,2724;0,0000;0,6226;-0,0034;0,0000;0,0000;0,3405;-0,54;-2,22;1;0,0000;0,00;0;1;0;2;0;0;410;2048;773
213,3750;230,5959;14,90;-1,7024;0,2714;0,0000;0,6208;-0,0034;0,0000;0,0000;0,3393;-0,60;-2,30;1;0,0000;0,00;0;1;0;2;0;0;410;2048;777
213,3889;230,6534;14,90;-1,7216;0,2704;0,0000;0,6187;-0,0034;0,0000;0,0000;0,3380;-0,67;-2,39;1;0,0000;0,00;0;1;0;2;0;0;410;2048;781
213,4028;230,7108;14,90;-1,7116;0,2694;0,0000;0,6163;-0,0034;0,0000;0,0000;0,3367;-0,73;-2,44;1;0,0000;0,00;0;1;0;2;0;0;410;2048;786
213,4167;230,7683;14,90;-1,7033;0,2683;0,0000;0,6136;-0,0034;0,0000;0,0000;0,3353;-0,80;-2,50;1;0,0000;0,00;0;1;0;2;0;0;410;2048;791
213,4306;231,0193;14,90;-1,6833;0,2671;0,0000;0,6106;-0,0034;0,0000;0,0000;0,3339;-0,86;-2,54;1;0,0000;0,00;0;1;0;2;0;0;410;2048;798
213,4444;231,0193;14,90;-1,6542;0,2659;0,0000;0,6073;-0,0034;0,0000;0,0000;0,3324;-0,92;-2,58;1;0,0000;0,00;0;1;0;2;0;0;410;2048;804
213,4583;231,0193;14,90;-1,6063;0,2647;0,0000;0,6036;-0,0034;0,0000;0,0000;0,3309;-0,98;-2,59;1;0,0000;0,00;0;1;0;2;0;0;410;2048;812
213,4722;231,0193;14,90;-1,5326;0,2634;0,0000;0,5996;-0,0034;0,0000;0,0000;0,3293;-1,04;-2,57;1;0,0000;0,00;0;1;0;2;0;0;410;2048;820
213,4861;231,0556;14,90;-1,4794;0,2621;0,0000;0,5953;-0,0034;0,0000;0,0000;0,3277;-1,10;-2,58;1;0,0000;0,00;0;1;0;2;0;0;410;2048;829
213,5000;231,1131;14,90;-1,4457;0,2608;0,0000;0,5907;-0,0034;0,0000;0,0000;0,3260;-1,15;-2,60;1;0,0000;0,00;0;1;0;2;0;0;410;2048;838
213,5139;231,1706;14,90;-1,4165;0,2595;0,0000;0,5857;-0,0034;0,0000;0,0000;0,3243;-1,21;-2,62;1;0,0000;0,00;0;1;0;5;0;0;410;2048;848
213,5278;231,2280;14,90;-1,3742;0,2581;0,0000;0,5804;-0,0034;0,0000;0,0000;0,3226;-1,26;-2,63;1;0,0000;0,00;0;1;0;5;0;0;410;2048;859
213,5417;231,4776;14,90;-1,3234;0,2567;0,0000;0,5748;-0,0034;0,0000;0,0000;0,3208;-1,31;-2,63;1;0,0000;0,00;0;1;0;5;0;0;410;2048;871
213,5556;231,4776;14,90;-1,2929;0,2552;0,0000;0,5688;-0,0034;0,0000;0,0000;0,3190;-1,36;-2,65;1;0,0000;0,00;0;1;0;5;0;0;410;2048;883
213,5694;231,4776;14,90;-1,2616;0,2538;0,0000;0,5625;-0,0034;0,0000;0,0000;0,3172;-1,41;-2,67;1;0,0000;0,00;0;1;0;5;0;0;410;2048;896
213,5833;231,4776;14,90;-1,2384;0,2523;0,0000;0,5560;-0,0034;0,0000;0,0000;0,3153;-1,45;-2,69;1;0,0000;0,00;0;1;0;5;0;0;410;2048;909
213,5972;231,5153;14,90;-1,2215;0,2507;0,0000;0,5491;-0,0034;0,0000;0,0000;0,3134;-1,50;-2,72;1;0,0000;0,00;0;1;0;5;0;0;410;2048;923
213,6111;231,5728;14,90;-1,2039;0,2491;0,0000;0,5419;-0,0034;0,0000;0,0000;0,3114;-1,54;-2,75;1;0,0000;0,00;0;1;0;5;0;0;410;2048;938
213,6250;231,6302;14,90;-1,1873;0,2476;0,0000;0,5345;-0,0034;0,0000;0,0000;0,3094;-1,59;-2,78;1;0,0000;0,00;0;1;0;5;0;0;410;2048;953
213,6389;231,6877;14,90;-1,1720;0,2459;0,0000;0,5267;-0,0034;0,0000;0,0000;0,3074;-1,63;-2,81;1;0,0000;0,00;0;1;0;5;0;0;410;2048;969
213,6528;231,9309;14,90;-1,1431;0,2443;0,0000;0,5187;-0,0034;0,0000;0,0000;0,3053;-1,68;-2,82;1;0,0000;0,00;0;1;0;5;0;0;410;2048;986
213,6667;231,9309;14,90;-1,1192;0,2426;0,0000;0,5104;-0,0034;0,0000;0,0000;0,3032;-1,72;-2,84;1;0,0000;0,00;0;1;0;5;0;0;410;2048;1003
213,6806;231,9309;14,90;-1,0877;0,2409;0,0000;0,5019;-0,0034;0,0000;0,0000;0,3011;-1,76;-2,85;1;0,0000;0,00;0;1;0;5;0;0;410;2048;1020
213,6944;231,9309;14,90;-1,0610;0,2391;0,0000;0,4932;-0,0034;0,0000;0,0000;0,2989;-1,80;-2,86;1;0,0000;0,00;0;1;0;5;0;0;410;2048;1038
213,7083;231,9749;14,90;-1,0164;0,2374;0,0000;0,4842;-0,0034;0,0000;0,0000;0,2967;-1,84;-2,86;1;0,0000;0,00;0;1;0;5;0;0;410;2048;1056
213,7222;232,0323;14,90;-0,9933;0,2356;0,0000;0,4751;-0,0034;0,0000;0,0000;0,2945;-1,88;-2,87;1;0,0000;0,00;0;1;0;5;0;0;410;2048;1075
213,7361;232,0898;14,90;-0,9647;0,2338;0,0000;0,4658;-0,0034;0,0000;0,0000;0,2923;-1,91;-2,88;1;0,0000;0,00;0;1;0;5;0;0;410;2048;1094
213,7500;232,1472;14,90;-0,9436;0,2320;0,0000;0,4563;-0,0034;0,0000;0,0000;0,2900;-1,95;-2,89;1;0,0000;0,00;0;1;0;5;0;0;410;2048;1113
213,7639;232,3872;14,90;-0,9185;0,2302;0,0000;0,4468;-0,0034;0,0000;0,0000;0,2877;-1,98;-2,90;1;0,0000;0,00;0;1;0;5;0;0;410;2048;1133
213,7778;232,3872;14,90;-0,8995;0,2283;0,0000;0,4373;-0,0034;0,0000;0,0000;0,2854;-2,02;-2,92;1;0,0000;0,00;0;1;0;5;0;0;410;2048;1152
213,7917;232,3872;14,90;-0,8705;0,2264;0,0000;0,4277;-0,0034;0,0000;0,0000;0,2830;-2,05;-2,92;1;0,0000;0,00;0;1;0;5;0;0;410;2048;1172
213,8056;232,3872;14,90;-0,8453;0,2245;0,0000;0,4181;-0,0034;0,0000;0,0000;0,2807;-2,08;-2,93;1;0,0000;0,00;0;1;0;5;0;0;410;2048;1192
213,8194;232,4344;14,90;-0,8122;0,2226;0,0000;0,4085;-0,0034;0,0000;0,0000;0,2783;-2,11;-2,93;1;0,0000;0,00;0;1;0;5;0;0;410;2048;1211
213,8333;232,4918;14,90;-0,7831;0,2207;0,0000;0,3991;-0,0034;0,0000;0,0000;0,2759;-2,14;-2,93;1;0,0000;0,00;0;1;0;5;0;0;410;2048;1231
213,8472;232,5493;14,90;-0,7401;0,2188;0,0000;0,3898;-0,0034;0,0000;0,0000;0,2735;-2,17;-2,91;1;0,0000;0,00;0;1;0;5;0;0;410;2048;1250
213,8611;232,6067;14,90;-0,6890;0,2168;0,0000;0,3807;-0,0034;0,0000;0,0000;0,2710;-2,20;-2,88;1;0,0000;0,00;0;1;0;5;0;0;410;2048;1268
213,8750;232,8434;14,90;-0,6301;0,2149;0,0000;0,3717;-0,0034;0,0000;0,0000;0,2686;-2,22;-2,85;1;0,0000;0,00;0;1;0;5;0;0;410;2048;1287
213,8889;232,8434;14,90;-0,5638;0,2129;0,0000;0,3631;-0,0034;0,0000;0,0000;0,2662;-2,24;-2,80;1;0,0000;0,00;0;1;0;5;0;0;410;2048;1304
213,9028;232,8434;14,90;-0,4888;0,2110;0,0000;0,3548;-0,0034;0,0000;0,0000;0,2638;-2,26;-2,75;1;0,0000;0,00;0;1;0;5;0;0;410;2048;1321
213,9167;232,8434;14,90;-0,4109;0,2091;0,0000;0,3471;-0,0034;0,0000;0,0000;0,2613;-2,27;-2,68;1;0,0000;0,00;0;1;0;5;0;0;410;2048;1337
213,9306;232,8939;14,90;-0,3198;0,2072;0,0000;0,3410;-0,0034;0,0000;0,0000;0,2589;-2,29;-2,61;1;0,0000;0,00;0;1;0;5;0;0;410;2048;1350
213,9444;232,9513;14,90;-0,2141;0,2053;0,0000;0,3371;-0,0034;0,0000;0,0000;0,2566;-2,29;-2,51;1;0,0000;0,00;0;1;0;5;0;0;410;2048;1358
213,9583;233,0087;14,90;-0,0702;0,2034;0,0000;0,3350;-0,0034;0,0000;0,0000;0,2543;-2,30;-2,37;1;0,0000;0,00;0;1;0;5;0;0;410;2048;1362
213,9722;233,0662;14,90;0,1144;0,2016;0,0000;0,3322;-0,0034;0,0000;0,0000;0,2520;-2,29;-2,18;1;0,0000;0,00;0;1;0;5;0;0;410;2048;1368
213,9861;233,2980;14,90;0,2975;0,1999;0,0000;0,3241;-0,0034;0,0000;0,0000;0,2499;-2,28;-1,98;1;0,0000;0,00;0;1;0;5;0;0;410;2048;1384
214,0000;233,2980;14,90;0,5050;0,1983;0,0000;0,0000;-0,0034;0,0000;0,0000;0,2478;-2,26;-1,75;1;0,0000;0,00;0;1;0;5;0;0;410;2048;2048
214,0139;233,2980;14,90;0,6544;0,1967;0,0000;0,0000;-0,0034;0,0000;0,0000;0,2458;-2,23;-1,58;1;0,0000;0,00;0;1;0;5;0;0;410;2048;2048
214,0278;233,2980;14,90;0,7803;0,1951;0,0000;0,0000;-0,0034;0,0000;0,0000;0,2439;-2,20;-1,42;1;0,0000;0,00;0;1;0;5;0;0;410;2048;2048
214,0417;233,3534;14,90;0,9399;0,1937;0,0000;0,0000;-0,0034;0,0000;0,0000;0,2421;-2,17;-1,23;1;0,0000;0,00;0;1;0;5;0;0;410;2048;2048
214,0556;233,4109;14,90;1,1592;0,1923;0,0000;0,0000;-0,0034;0,0000;0,0000;0,2404;-2,12;-0,96;1;0,0000;0,00;0;1;0;5;0;0;410;2048;2048
214,0694;233,4684;14,90;1,3509;0,1911;0,0000;0,0000;-0,0034;0,0000;0,0000;0,2388;-2,07;-0,72;1;0,0000;0,00;0;1;0;5;0;0;410;2048;2048
214,0833;233,5258;14,90;1,5523;0,1899;0,0000;0,0000;-0,0034;0,0000;0,0000;0,2374;-2,01;-0,46;1;0,0000;0,00;0;1;0;5;0;0;410;2048;2048
214,0972;233,7552;14,90;1,7334;0,1889;0,0000;0,0000;-0,0034;0,0000;0,0000;0,2361;-1,94;-0,21;1;0,0000;0,00;0;1;0;5;0;0;410;2048;2048
214,1111;233,7552;14,90;1,8981;0,1879;0,0000;0,0000;-0,0034;0,0000;0,0000;0,2349;-1,87;0,03;1;0,0000;0,00;0;1;0;5;0;0;410;2048;2048
214,1250;233,7552;14,90;2,0140;0,1871;0,0000;0,0000;-0,0034;0,0000;0,0000;0,2338;-1,79;0,22;1;0,0000;0,00;0;1;0;5;0;0;410;2048;2048
214,1389;233,7557;15,00;2,1206;0,1863;0,0000;0,0000;-0,0034;0,0000;0,0000;0,2329;-1,71;0,41;1;0,0000;0,00;0;1;0;5;0;0;410;2048;2048
214,1528;233,8136;15,00;2,0892;0,1856;0,0000;0,0000;-0,0034;0,0000;0,0000;0,2320;-1,63;0,46;1;0,0000;0,00;0;1;0;5;0;0;410;2048;2048
214,1667;233,8715;15,00;2,0805;0,1850;0,0000;0,0000;-0,0034;0,0000;0,0000;0,2312;-1,55;0,53;1;0,0000;0,00;0;1;0;5;0;0;410;2048;2048
214,1806;233,9293;15,00;2,0790;0,1844;0,0000;0,0000;-0,0034;0,0000;0,0000;0,2305;-1,47;0,61;1;0,0000;0,00;0;1;0;5;0;0;410;2048;2048
214,1944;234,2099;15,00;2,0827;0,1839;0,0000;0,0000;-0,0034;0,0000;0,0000;0,2299;-1,38;0,70;1;0,0000;0,00;0;1;0;5;0;0;410;2048;2048
214,2083;234,2099;15,00;2,0745;0,1835;0,0000;0,0000;-0,0034;0,0000;0,0000;0,2293;-1,30;0,77;1;0,0000;0,00;0;1;0;5;0;0;410;2048;2048
214,2222;234,2099;15,00;2,0438;0,1831;0,0000;0,0000;-0,0034;0,0000;0,0000;0,2288;-1,22;0,82;1;0,0000;0,00;0;1;0;5;0;0;410;2048;2048
214,2361;234,2099;15,00;1,9794;0,1827;0,0000;0,0000;-0,0034;0,0000;0,0000;0,2284;-1,15;0,83;1;0,0000;0,00;0;1;0;5;0;0;410;2048;2048
214,2500;234,2187;15,00;1,8771;0,1824;0,0000;0,0000;-0,0034;0,0000;0,0000;0,2280;-1,08;0,80;1;0,0000;0,00;0;1;0;5;0;0;410;2048;2048
214,2639;234,2766;15,00;1,7501;0,1821;0,0000;0,0000;-0,0034;0,0000;0,0000;0,2276;-1,01;0,74;1;0,0000;0,00;0;1;0;5;0;0;410;2048;2048
214,2778;234,3344;15,00;1,6163;0,1818;0,0000;0,0000;-0,0034;0,0000;0,0000;0,2272;-0,95;0,67;1;0,0000;0,00;0;1;0;5;0;0;410;2048;2048
214,2917;234,3923;15,00;1,4776;0,1815;0,0000;0,0000;-0,0034;0,0000;0,0000;0,2268;-0,89;0,59;1;0,0000;0,00;0;1;0;5;0;0;410;2048;2048
214,3056;234,6655;15,00;1,2661;0,1812;0,0000;0,0000;-0,0034;0,0000;0,0000;0,2265;-0,84;0,43;1;0,0000;0,00;0;1;0;5;0;0;410;2048;2048
214,3194;234,6655;15,00;1,0385;0,1808;0,0000;0,0000;-0,0034;0,0000;0,0000;0,2261;-0,80;0,24;1;0,0000;0,00;0;1;0;5;0;0;410;2048;2048
214,3333;234,6655;15,00;0,8509;0,1805;0,0000;0,0000;-0,0034;0,0000;0,0000;0,2256;-0,76;0,09;1;0,0000;0,00;0;1;0;5;0;0;410;2048;2048
214,3472;234,6655;15,00;0,6943;0,1801;0,0000;0,0000;-0,0034;0,0000;0,0000;0,2251;-0,74;-0,04;1;0,0000;0,00;0;1;0;5;0;0;410;2048;2048
214,3611;234,6817;15,00;0,4852;0,1797;0,0000;0,0000;-0,0034;0,0000;0,0000;0,2246;-0,72;-0,23;1;0,0000;0,00;0;1;0;5;0;0;410;2048;2048
214,3750;234,7395;15,00;0,2584;0,1792;0,0000;0,0000;-0,0034;0,0000;0,0000;0,2240;-0,71;-0,45;1;0,0000;0,00;0;1;0;5;0;0;410;2048;2048
214,3889;234,7974;15,00;0,0330;0,1787;0,0000;0,0000;-0,0034;0,0000;0,0000;0,2233;-0,71;-0,67;1;0,0000;0,00;0;1;0;5;0;0;410;2048;2048
214,4028;234,8553;15,00;-0,1898;0,1780;0,0000;0,0000;-0,0034;0,0000;0,0000;0,2226;-0,71;-0,90;1;0,0000;0,00;0;1;0;5;0;0;410;2048;2048
214,4167;235,1225;15,00;-0,3739;0,1774;0,0000;0,0000;-0,0034;0,0000;0,0000;0,2217;-0,73;-1,10;1;0,0000;0,00;0;1;0;5;0;0;410;2048;2048
214,4306;235,1225;15,00;-0,5899;0,1766;0,0000;0,0000;-0,0034;0,0000;0,0000;0,2207;-0,75;-1,34;1;0,0000;0,00;0;1;0;5;0;0;410;2048;2048
214,4444;235,1225;15,00;-0,7914;0,1758;0,0000;0,0000;-0,0034;0,0000;0,0000;0,2197;-0,78;-1,57;1;0,0000;0,00;0;1;0;5;0;0;410;2048;2048
214,4583;235,1225;15,00;-0,9575;0,1748;0,0000;0,0000;-0,0034;0,0000;0,0000;0,2186;-0,81;-1,77;1;0,0000;0,00;0;1;0;5;0;0;410;2048;2048
214,4722;235,1446;15,00;-1,0705;0,1739;0,0000;0,0000;-0,0034;0,0000;0,0000;0,2173;-0,86;-1,93;1;0,0000;0,00;0;1;0;5;0;0;410;2048;2048
214,4861;235,2024;15,00;-1,1274;0,1728;0,0000;0,0000;-0,0034;0,0000;0,0000;0,2160;-0,90;-2,03;1;0,0000;0,00;0;1;0;5;0;0;410;2048;2048
214,5000;235,2603;15,00;-1,0796;0,1718;0,0000;0,0000;-0,0034;0,0000;0,0000;0,2147;-0,94;-2,02;1;0,0000;0,00;0;1;0;5;0;0;410;2048;2048
214,5139;235,3181;15,00;-1,1114;0,1706;0,0000;0,0000;-0,0034;0,0000;0,0000;0,2133;-0,98;-2,09;1;0,0000;0,00;0;1;0;8;0;0;410;2048;2048
214,5278;235,5769;15,00;-1,1898;0,1695;0,0000;0,0000;-0,0034;0,0000;0,0000;0,2119;-1,03;-2,22;1;0,0000;0,00;0;1;0;8;0;0;410;2048;2048
214,5417;235,5769;15,00;-1,2279;0,1683;0,0000;0,0000;-0,0034;0,0000;0,0000;0,2104;-1,08;-2,30;1;0,0000;0,00;0;1;0;8;0;0;410;2048;2048
214,5556;235,5769;15,00;-1,2752;0,1670;0,0000;0,0000;-0,0034;0,0000;0,0000;0,2088;-1,12;-2,40;1;0,0000;0,00;0;1;0;8;0;0;410;2048;2048
214,5694;235,5769;15,00;-1,2945;0,1657;0,0000;0,0000;-0,0034;0,0000;0,0000;0,2072;-1,17;-2,47;1;0,0000;0,00;0;1;0;8;0;0;410;2048;2048
214,5833;235,6074;15,00;-1,3070;0,1644;0,0000;0,0000;-0,0034;0,0000;0,0000;0,2055;-1,22;-2,53;1;0,0000;0,00;0;1;0;8;0;0;410;2048;2048
214,5972;235,6652;15,00;-1,2981;0,1630;0,0000;0,0000;-0,0034;0,0000;0,0000;0,2037;-1,27;-2,57;1;0,0000;0,00;0;1;0;8;0;0;410;2048;2048
214,6111;235,7231;15,00;-1,2770;0,1615;0,0000;0,0000;-0,0034;0,0000;0,0000;0,2019;-1,32;-2,60;1;0,0000;0,00;0;1;0;8;0;0;410;2048;2048
214,6250;235,7809;14,90;-1,2198;0,1601;0,0000;0,0000;-0,0034;0,0000;0,0000;0,2001;-1,37;-2,59;1;0,0000;0,00;0;1;0;8;0;0;410;2048;2048
214,6389;236,0330;14,90;-1,0999;0,1587;0,0000;0,0000;-0,0034;0,0000;0,0000;0,1983;-1,41;-2,51;1;0,0000;0,00;0;1;0;8;0;0;410;2048;2048
214,6528;236,0330;14,90;-0,9670;0,1572;0,0000;0,0000;-0,0034;0,0000;0,0000;0,1966;-1,45;-2,41;1;0,0000;0,00;0;1;0;8;0;0;410;2048;2048
214,6667;236,0330;14,90;-0,7939;0,1558;0,0000;0,0000;-0,0034;0,0000;0,0000;0,1948;-1,48;-2,27;1;0,0000;0,00;0;1;0;8;0;0;410;2048;2048
214,6806;236,0330;14,90;-0,6116;0,1545;0,0000;0,0000;-0,0034;0,0000;0,0000;0,1931;-1,50;-2,11;1;0,0000;0,00;0;1;0;8;0;0;410;2048;2048
214,6944;236,0682;14,90;-0,4781;0,1531;0,0000;0,0000;-0,0034;0,0000;0,0000;0,1914;-1,52;-2,00;1;0,0000;0,00;0;1;0;8;0;0;410;2048;2048
214,7083;236,1257;14,90;-0,3423;0,1518;0,0000;0,0000;-0,0034;0,0000;0,0000;0,1898;-1,53;-1,87;1;0,0000;0,00;0;1;0;8;0;0;410;2048;2048
214,7222;236,1832;14,90;-0,2744;0,1505;0,0000;0,0000;-0,0034;0,0000;0,0000;0,1882;-1,54;-1,82;1;0,0000;0,00;0;1;0;8;0;0;410;2048;2048
214,7361;236,2406;14,90;-0,2527;0,1492;0,0000;0,0000;-0,0034;0,0000;0,0000;0,1865;-1,55;-1,80;1;0,0000;0,00;0;1;0;8;0;0;410;2048;2048
214,7500;236,4890;14,90;-0,2490;0,1479;0,0000;0,0000;-0,0034;0,0000;0,0000;0,1848;-1,56;-1,81;1;0,0000;0,00;0;1;0;8;0;0;410;2048;2048
214,7639;236,4890;14,90;-0,2485;0,1465;0,0000;0,0000;-0,0034;0,0000;0,0000;0,1832;-1,57;-1,82;1;0,0000;0,00;0;1;0;8;0;0;410;2048;2048
214,7778;236,4890;14,90;-0,2130;0,1452;0,0000;0,0000;-0,0034;0,0000;0,0000;0,1815;-1,58;-1,79;1;0,0000;0,00;0;1;0;8;0;0;410;2048;2048
214,7917;236,4890;14,90;-0,1962;0,1439;0,0000;0,0000;-0,0034;0,0000;0,0000;0,1799;-1,59;-1,78;1;0,0000;0,00;0;1;0;8;0;0;410;2048;2048
214,8056;236,5279;14,90;-0,1766;0,1426;0,0000;0,0000;-0,0034;0,0000;0,0000;0,1782;-1,59;-1,77;1;0,0000;0,00;0;1;0;8;0;0;410;2048;2048
214,8194;236,5854;14,90;-0,1645;0,1412;0,0000;0,0000;-0,0034;0,0000;0,0000;0,1765;-1,60;-1,77;1;0,0000;0,00;0;1;0;8;0;0;410;2048;2048
214,8333;236,6428;14,90;-0,1527;0,1399;0,0000;0,0000;-0,0034;0,0000;0,0000;0,1749;-1,61;-1,76;1;0,0000;0,00;0;1;0;8;0;0;410;2048;2048
214,8472;236,7003;14,90;-0,1379;0,1386;0,0000;0,0000;-0,0034;0,0000;0,0000;0,1732;-1,61;-1,75;1;0,0000;0,00;0;1;0;8;0;0;410;2048;2048
214,8611;236,9441;14,90;-0,1209;0,1372;0,0000;0,0000;-0,0034;0,0000;0,0000;0,1716;-1,62;-1,74;1;0,0000;0,00;0;1;0;8;0;0;410;2048;2048
214,8750;236,9441;14,90;-0,1034;0,1359;0,0000;0,0000;-0,0034;0,0000;0,0000;0,1699;-1,62;-1,73;1;0,0000;0,00;0;1;0;8;0;0;410;2048;2048
214,8889;236,9441;14,90;-0,0698;0,1346;0,0000;0,0000;-0,0034;0,0000;0,0000;0,1683;-1,63;-1,70;1;0,0000;0,00;0;1;0;8;0;0;410;2048;2048
214,9028;236,9441;14,90;-0,0053;0,1333;0,0000;0,0000;-0,0034;0,0000;0,0000;0,1666;-1,63;-1,63;1;0,0000;0,00;0;1;0;8;0;0;410;2048;2048
214,9167;236,9876;14,90;0,0853;0,1320;0,0000;0,0000;-0,0034;0,0000;0,0000;0,1650;-1,62;-1,54;1;0,0000;0,00;0;1;0;8;0;0;410;2048;2048
214,9306;237,0451;14,90;0,2183;0,1308;0,0000;0,0000;-0,0034;0,0000;0,0000;0,1635;-1,61;-1,40;1;0,0000;0,00;0;1;0;8;0;0;410;2048;2048
214,9444;237,1025;14,90;0,3517;0,1296;0,0000;0,0000;-0,0034;0,0000;0,0000;0,1620;-1,60;-1,25;1;0,0000;0,00;0;1;0;8;0;0;410;2048;2048
214,9583;237,1600;14,90;0,4965;0,1285;0,0000;0,0000;-0,0034;0,0000;0,0000;0,1606;-1,58;-1,09;1;0,0000;0,00;0;1;0;8;0;0;410;2048;2048
214,9722;237,4005;14,90;0,6057;0,1274;0,0000;0,0000;-0,0034;0,0000;0,0000;0,1593;-1,56;-0,95;1;0,0000;0,00;0;1;0;8;0;0;410;2048;2048
214,9861;237,4005;14,90;0,7518;0,1264;0,0000;0,0000;-0,0034;0,0000;0,0000;0,1580;-1,53;-0,78;1;0,0000;0,00;0;1;0;8;0;0;410;2048;2048
215,0000;237,4005;14,90;0,8978;0,1255;0,0000;0,0000;-0,0034;0,0000;0,0000;0,1568;-1,49;-0,60;1;0,0000;0,00;0;1;0;8;0;0;410;2048;2048
215,0139;237,4005;14,90;1,0833;0,1246;0,0000;0,0000;-0,0034;0,0000;0,0000;0,1558;-1,45;-0,37;1;0,0000;0,00;0;1;0;8;0;0;410;2048;2048
215,0278;237,4474;14,90;1,2862;0,1239;0,0000;0,0000;-0,0034;0,0000;0,0000;0,1548;-1,40;-0,12;1;0,0000;0,00;0;1;0;8;0;0;410;2048;2048
215,0417;237,5049;14,90;1,5225;0,1232;0,0000;0,0000;-0,0034;0,0000;0,0000;0,1540;-1,34;0,18;1;0,0000;0,00;0;1;0;8;0;0;410;2048;2048
215,0556;237,5623;14,90;1,7216;0,1227;0,0000;0,0000;-0,0034;0,0000;0,0000;0,1534;-1,28;0,44;1;0,0000;0,00;0;1;0;8;0;0;410;2048;2048
215,0694;237,6198;14,90;1,9067;0,1222;0,0000;0,0000;-0,0034;0,0000;0,0000;0,1528;-1,20;0,70;1;0,0000;0,00;0;1;0;8;0;0;410;2048;2048
215,0833;237,8559;14,90;2,0670;0,1219;0,0000;0,0000;-0,0034;0,0000;0,0000;0,1524;-1,13;0,94;1;0,0000;0,00;0;1;0;8;0;0;410;2048;2048
215,0972;237,8559;14,90;2,2254;0,1217;0,0000;0,0000;-0,0034;0,0000;0,0000;0,1522;-1,04;1,19;1;0,0000;0,00;0;1;0;8;0;0;410;2048;2048
215,1111;237,8559;14,90;2,3474;0,1216;0,0000;0,0000;-0,0034;0,0000;0,0000;0,1520;-0,95;1,40;1;0,0000;0,00;0;1;0;8;0;0;410;2048;2048
215,1250;237,8559;14,90;2,4161;0,1216;0,0000;0,0000;-0,0034;0,0000;0,0000;0,1520;-0,86;1,56;1;0,0000;0,00;0;1;0;8;0;0;410;2048;2048
215,1389;237,9073;14,90;2,4316;0,1217;0,0000;0,0000;-0,0034;0,0000;0,0000;0,1521;-0,76;1,67;1;0,0000;0,00;0;1;0;8;0;0;410;2048;2048
215,1528;237,9648;14,90;2,4353;0,1219;0,0000;0,0000;-0,0034;0,0000;0,0000;0,1523;-0,67;1,77;1;0,0000;0,00;0;1;0;8;0;0;410;2048;2048
215,1667;238,0222;14,90;2,4432;0,1221;0,0000;0,0000;-0,0034;0,0000;0,0000;0,1526;-0,57;1,87;1;0,0000;0,00;0;1;0;8;0;0;410;2048;2048
215,1806;238,0797;14,90;2,4428;0,1224;0,0000;0,0000;-0,0034;0,0000;0,0000;0,1530;-0,48;1,96;1;0,0000;0,00;0;1;0;8;0;0;410;2048;2048
215,1944;238,3115;14,90;2,4413;0,1228;0,0000;0,0000;-0,0034;0,0000;0,0000;0,1535;-0,39;2,06;1;0,0000;0,00;0;1;0;8;0;0;410;2048;2048
215,2083;238,3115;14,90;2,4305;0,1233;0,0000;0,0000;-0,0034;0,0000;0,0000;0,1541;-0,29;2,14;1;0,0000;0,00;0;1;0;8;0;0;410;2048;2048
215,2222;238,3115;14,90;2,3787;0,1238;0,0000;0,0000;-0,0034;0,0000;0,0000;0,1548;-0,20;2,18;1;0,0000;0,00;0;1;0;8;0;0;410;2048;2048
215,2361;238,3115;14,90;2,2658;0,1244;0,0000;0,0000;-0,0034;0,0000;0,0000;0,1555;-0,11;2,15;1;0,0000;0,00;0;1;0;8;0;0;410;2048;2048
215,2500;238,3672;14,90;2,1126;0,1250;0,0000;0,0000;-0,0034;0,0000;0,0000;0,1562;-0,03;2,08;1;0,0000;0,00;0;1;0;8;0;0;410;2048;2048
215,2639;238,4247;14,90;2,0215;0,1256;0,0000;0,0000;-0,0034;0,0000;0,0000;0,1570;0,04;2,07;1;0,0000;0,00;0;1;0;8;0;0;410;2048;2048
215,2778;238,4821;14,90;1,9266;0,1262;0,0000;0,0000;-0,0034;0,0000;0,0000;0,1578;0,12;2,05;1;0,0000;0,00;0;1;0;8;0;0;410;2048;2048
215,2917;238,5396;14,90;1,8432;0,1269;0,0000;0,0000;-0,0034;0,0000;0,0000;0,1586;0,19;2,03;1;0,0000;0,00;0;1;0;8;0;0;410;2048;2048
215,3056;238,7679;14,90;1,7630;0,1276;0,0000;0,0000;-0,0034;0,0000;0,0000;0,1595;0,26;2,02;1;0,0000;0,00;0;1;0;8;0;0;410;2048;2048
215,3194;238,7679;14,90;1,6742;0,1284;0,0000;0,0000;-0,0034;0,0000;0,0000;0,1605;0,32;2,00;1;0,0000;0,00;0;1;0;8;0;0;410;2048;2048
215,3333;238,7679;14,90;1,6510;0,1292;0,0000;0,0000;-0,0034;0,0000;0,0000;0,1615;0,39;2,04;1;0,0000;0,00;0;1;0;8;0;0;410;2048;2048
215,3472;238,7696;14,90;1,6225;0,1300;0,0000;0,0000;-0,0034;0,0000;0,0000;0,1625;0,45;2,07;1;0,0000;0,00;0;1;0;8;0;0;410;2048;2048
215,3611;238,8270;14,90;1,6033;0,1309;0,0000;0,0000;-0,0034;0,0000;0,0000;0,1636;0,51;2,11;1;0,0000;0,00;0;1;0;8;0;0;410;2048;2048
215,3750;238,8845;14,80;1,5831;0,1318;0,0000;0,0000;-0,0034;0,0000;0,0000;0,1648;0,57;2,16;1;0,0000;0,00;0;1;0;8;0;0;410;2048;2048
215,3889;238,9416;14,80;1,5734;0,1328;0,0000;0,0000;-0,0034;0,0000;0,0000;0,1660;0,63;2,21;1;0,0000;0,00;0;1;0;8;0;0;410;2048;2048
215,4028;239,2170;14,80;1,5732;0,1338;0,0000;0,0000;-0,0034;0,0000;0,0000;0,1672;0,69;2,27;1;0,0000;0,00;0;1;0;8;0;0;410;2048;2048
215,4167;239,2170;14,80;1,5919;0,1348;0,0000;0,0000;-0,0034;0,0000;0,0000;0,1686;0,75;2,35;1;0,0000;0,00;0;1;0;8;0;0;410;2048;2048
215,4306;239,2170;14,80;1,6129;0,1360;0,0000;0,0000;-0,0034;0,0000;0,0000;0,1700;0,82;2,43;1;0,0000;0,00;0;1;0;8;0;0;410;2048;2048
215,4444;239,2170;14,80;1,6470;0,1372;0,0000;0,0000;-0,0034;0,0000;0,0000;0,1714;0,88;2,53;1;0,0000;0,00;0;1;0;8;0;0;410;2048;2048
215,4583;239,2270;14,80;1,6686;0,1384;0,0000;0,0000;-0,0034;0,0000;0,0000;0,1730;0,94;2,61;1;0,0000;0,00;0;1;0;8;0;0;410;2048;2048
215,4722;239,2841;14,80;1,6765;0,1397;0,0000;0,0000;-0,0034;0,0000;0,0000;0,1746;1,01;2,68;1;0,0000;0,00;0;1;0;8;0;0;410;2048;2048
215,4861;239,3412;14,80;1,6724;0,1410;0,0000;0,0000;-0,0034;0,0000;0,0000;0,1763;1,07;2,74;1;0,0000;0,00;0;1;0;8;0;0;410;2048;2048
215,5000;239,3983;14,80;1,6562;0,1424;0,0000;0,0000;-0,0034;0,0000;0,0000;0,1780;1,13;2,79;1;0,0000;0,00;0;1;0;8;0;0;410;2048;2048
215,5139;239,6731;14,80;1,6247;0,1438;0,0000;0,0000;-0,0034;0,0000;0,0000;0,1797;1,20;2,82;1;0,0000;0,00;0;1;0;6;0;0;410;2048;2048
215,5278;239,6731;14,80;1,5904;0,1453;0,0000;0,0000;-0,0034;0,0000;0,0000;0,1816;1,26;2,85;1;0,0000;0,00;0;1;0;6;0;0;410;2048;2048
215,5417;239,6731;14,80;1,5567;0,1467;0,0000;0,0000;-0,0034;0,0000;0,0000;0,1834;1,32;2,87;1;0,0000;0,00;0;1;0;6;0;0;410;2048;2048
215,5556;239,6731;14,80;1,5065;0,1483;0,0000;0,0000;-0,0034;0,0000;0,0000;0,1853;1,37;2,88;1;0,0000;0,00;0;1;0;6;0;0;410;2048;2048
215,5694;239,6836;14,80;1,4709;0,1498;0,0000;0,0000;-0,0034;0,0000;0,0000;0,1873;1,43;2,90;1;0,0000;0,00;0;1;0;6;0;0;410;2048;2048
215,5833;239,7407;14,80;1,3879;0,1514;0,0000;0,0000;-0,0034;0,0000;0,0000;0,1893;1,48;2,87;1;0,0000;0,00;0;1;0;6;0;0;410;2048;2048
215,5972;239,7977;14,80;1,3733;0,1531;0,0000;0,0000;-0,0034;0,0000;0,0000;0,1913;1,54;2,91;1;0,0000;0,00;0;1;0;6;0;0;410;2048;2048
215,6111;239,8548;14,80;1,3231;0,1547;0,0000;0,0000;-0,0034;0,0000;0,0000;0,1934;1,59;2,91;1;0,0000;0,00;0;1;0;6;0;0;410;2048;2048
215,6250;240,1343;14,80;1,2491;0,1564;0,0000;0,0000;-0,0034;0,0000;0,0000;0,1955;1,64;2,89;1;0,0000;0,00;0;1;0;6;0;0;410;2048;2048
215,6389;240,1343;14,80;1,1564;0,1581;0,0000;0,0000;-0,0034;0,0000;0,0000;0,1976;1,68;2,84;1;0,0000;0,00;0;1;0;6;0;0;410;2048;2048
215,6528;240,1343;14,80;1,0330;0,1598;0,0000;0,0000;-0,0034;0,0000;0,0000;0,1997;1,72;2,75;1;0,0000;0,00;0;1;0;6;0;0;410;2048;2048
215,6667;240,1343;14,80;0,9280;0,1614;0,0000;0,0000;-0,0034;0,0000;0,0000;0,2018;1,76;2,68;1;0,0000;0,00;0;1;0;6;0;0;410;2048;2048
215,6806;240,1401;14,80;0,8037;0,1631;0,0000;0,0000;-0,0034;0,0000;0,0000;0,2039;1,79;2,59;1;0,0000;0,00;0;1;0;6;0;0;410;2048;2048
215,6944;240,1972;14,80;0,6353;0,1647;0,0000;0,0000;-0,0034;0,0000;0,0000;0,2059;1,81;2,45;1;0,0000;0,00;0;1;0;6;0;0;410;2048;2048
215,7083;240,2542;14,80;0,4042;0,1663;0,0000;0,0000;-0,0034;0,0000;0,0000;0,2079;1,83;2,23;1;0,0000;0,00;0;1;0;6;0;0;410;2048;2048
215,7222;240,3113;14,80;0,0904;0,1678;0,0000;0,0000;-0,0034;0,0000;0,0000;0,2098;1,83;1,92;1;0,0000;0,00;0;1;0;6;0;0;410;2048;2048
215,7361;240,5846;14,80;-0,1551;0,1692;0,0000;0,0000;-0,0034;0,0000;0,0000;0,2115;1,83;1,67;1;0,0000;0,00;0;1;0;6;0;0;410;2048;2048
215,7500;240,5846;14,80;-0,4008;0,1705;0,0000;0,0000;-0,0034;0,0000;0,0000;0,2132;1,81;1,41;1;0,0000;0,00;0;1;0;6;0;0;410;2048;2048
215,7639;240,5846;14,80;-0,6457;0,1718;0,0000;0,0000;-0,0034;0,0000;0,0000;0,2148;1,79;1,14;1;0,0000;0,00;0;1;0;6;0;0;410;2048;2048
215,7778;240,5846;14,80;-0,8730;0,1730;0,0000;0,0000;-0,0034;0,0000;0,0000;0,2162;1,75;0,88;1;0,0000;0,00;0;1;0;6;0;0;410;2048;2048
215,7917;240,5967;14,80;-1,0615;0,1741;0,0000;0,0000;-0,0034;0,0000;0,0000;0,2176;1,71;0,65;1;0,0000;0,00;0;1;0;6;0;0;410;2048;2048
215,8056;240,6538;14,80;-1,2364;0,1750;0,0000;0,0000;-0,0034;0,0000;0,0000;0,2188;1,67;0,43;1;0,0000;0,00;0;1;0;6;0;0;410;2048;2048
215,8194;240,7109;14,80;-1,3741;0,1759;0,0000;0,0000;-0,0034;0,0000;0,0000;0,2199;1,61;0,24;1;0,0000;0,00;0;1;0;6;0;0;410;2048;2048
215,8333;240,7680;14,80;-1,4713;0,1768;0,0000;0,0000;-0,0034;0,0000;0,0000;0,2210;1,56;0,09;1;0,0000;0,00;0;1;0;6;0;0;410;2048;2048
215,8472;241,0432;14,80;-1,5096;0,1775;0,0000;0,0000;-0,0034;0,0000;0,0000;0,2219;1,50;0,00;1;0,0000;0,00;0;1;0;6;0;0;410;2048;2048
215,8611;241,0432;14,80;-1,4580;0,1783;0,0000;0,0000;-0,0034;0,0000;0,0000;0,2229;1,45;0,00;1;0,0000;0,00;0;1;0;6;0;0;410;2048;2048
215,8750;241,0432;14,80;-1,4143;0,1790;0,0000;0,0000;-0,0034;0,0000;0,0000;0,2238;1,39;-0,02;1;0,0000;0,00;0;1;0;6;0;0;410;2048;2048
215,8889;241,0432;14,80;-1,3834;0,1797;0,0000;0,0000;-0,0034;0,0000;0,0000;0,2247;1,34;-0,04;1;0,0000;0,00;0;1;0;6;0;0;410;2048;2048
215,9028;241,0535;14,80;-1,3627;0,1804;0,0000;0,0000;-0,0034;0,0000;0,0000;0,2255;1,29;-0,07;1;0,0000;0,00;0;1;0;6;0;0;410;2048;2048
215,9167;241,1105;14,80;-1,3003;0,1810;0,0000;0,0000;-0,0034;0,0000;0,0000;0,2263;1,24;-0,06;1;0,0000;0,00;0;1;0;6;0;0;410;2048;2048
215,9306;241,1676;14,80;-1,1734;0,1817;0,0000;0,0000;-0,0034;0,0000;0,0000;0,2271;1,20;0,02;1;0,0000;0,00;0;1;0;6;0;0;410;2048;2048
215,9444;241,2247;14,80;-0,9631;0,1824;0,0000;0,0000;-0,0034;0,0000;0,0000;0,2279;1,16;0,20;1;0,0000;0,00;0;1;0;6;0;0;410;2048;2048
215,9583;241,4976;14,80;-0,7512;0,1831;0,0000;0,0000;-0,0034;0,0000;0,0000;0,2288;1,13;0,38;1;0,0000;0,00;0;1;0;6;0;0;410;2048;2048
215,9722;241,4976;14,80;-0,5422;0,1838;0,0000;0,0000;-0,0034;0,0000;0,0000;0,2298;1,11;0,57;1;0,0000;0,00;0;1;0;6;0;0;410;2048;2048
215,9861;241,4976;14,80;-0,2774;0,1846;0,0000;0,0000;-0,0034;0,0000;0,0000;0,2308;1,10;0,83;1;0,0000;0,00;0;1;0;6;0;0;410;2048;2048
216,0000;241,4976;14,80;-0,0358;0,1855;0,0000;0,0000;-0,0034;0,0000;0,0000;0,2319;1,10;1,07;1;0,0000;0,00;0;1;0;6;0;0;410;2048;2048
216,0139;241,5102;14,80;0,2191;0,1865;0,0000;0,0000;-0,0034;0,0000;0,0000;0,2331;1,11;1,33;1;0,0000;0,00;0;1;0;6;0;0;410;2048;2048
216,0278;241,5673;14,80;0,4500;0,1875;0,0000;0,0000;-0,0034;0,0000;0,0000;0,2344;1,13;1,58;1;0,0000;0,00;0;1;0;6;0;0;410;2048;2048
216,0417;241,6243;14,80;0,6551;0,1887;0,0000;0,0000;-0,0034;0,0000;0,0000;0,2358;1,16;1,81;1;0,0000;0,00;0;1;0;6;0;0;410;2048;2048
216,0556;241,6814;14,80;0,8632;0,1899;0,0000;0,0000;-0,0034;0,0000;0,0000;0,2373;1,19;2,05;1;0,0000;0,00;0;1;0;6;0;0;410;2048;2048
216,0694;241,9537;14,80;1,0777;0,1912;0,0000;0,0000;-0,0034;0,0000;0,0000;0,2389;1,23;2,31;1;0,0000;0,00;0;1;0;6;0;0;410;2048;2048
216,0833;241,9537;14,80;1,2840;0,1925;0,0000;0,0000;-0,0034;0,0000;0,0000;0,2407;1,28;2,56;1;0,0000;0,00;0;1;0;6;0;0;410;2048;2048
216,0972;241,9537;14,80;1,4589;0,1940;0,0000;0,0000;-0,0034;0,0000;0,0000;0,2425;1,34;2,79;1;0,0000;0,00;0;1;0;6;0;0;410;2048;2048
216,1111;241,9537;14,80;1,5780;0,1956;0,0000;0,0000;-0,0034;0,0000;0,0000;0,2445;1,40;2,97;1;0,0000;0,00;0;1;0;6;0;0;410;2048;2048
216,1250;241,9668;14,80;1,7048;0,1973;0,0000;0,0000;-0,0034;0,0000;0,0000;0,2466;1,46;3,17;1;0,0000;0,00;0;1;0;6;0;0;410;2048;2048
216,1389;242,0238;14,80;1,7578;0,1990;0,0000;0,0000;-0,0034;0,0000;0,0000;0,2488;1,53;3,29;1;0,0000;0,00;0;1;0;6;0;0;410;2048;2048
216,1528;242,0809;14,80;1,7928;0,2008;0,0000;0,0000;-0,0034;0,0000;0,0000;0,2510;1,60;3,39;1;0,0000;0,00;0;1;0;6;0;0;410;2048;2048
216,1667;242,1380;14,80;1,7870;0,2026;0,0000;0,0034;-0,0034;0,0000;0,0000;0,2533;1,67;3,45;1;0,0000;0,00;0;1;0;6;0;0;410;2048;2041
216,1806;242,4104;14,80;1,7766;0,2045;0,0000;0,0157;-0,0034;0,0000;0,0000;0,2557;1,73;3,51;1;0,0000;0,00;0;1;0;6;0;0;410;2048;2016
216,1944;242,4104;14,80;1,7573;0,2065;0,0000;0,0385;-0,0034;0,0000;0,0000;0,2581;1,80;3,56;1;0,0000;0,00;0;1;0;6;0;0;410;2048;1969
216,2083;242,4104;14,80;1,7435;0,2085;0,0000;0,0689;-0,0034;0,0000;0,0000;0,2606;1,87;3,61;1;0,0000;0,00;0;1;0;6;0;0;410;2048;1907
216,2222;242,4104;14,80;1,7150;0,2105;0,0000;0,1022;-0,0034;0,0000;0,0000;0,2632;1,93;3,65;1;0,0000;0,00;0;1;0;6;0;0;410;2048;1839
216,2361;242,4232;14,80;1,6475;0,2126;0,0000;0,1342;-0,0034;0,0000;0,0000;0,2657;2,00;3,64;1;0,0000;0,00;0;1;0;6;0;0;410;2048;1773
216,2500;242,4803;14,80;1,4888;0,2146;0,0000;0,1626;-0,0034;0,0000;0,0000;0,2683;2,05;3,54;1;0,0000;0,00;0;1;0;6;0;0;410;2048;1715
216,2639;242,5373;14,80;1,3214;0,2167;0,0000;0,1873;-0,0034;0,0000;0,0000;0,2709;2,10;3,43;1;0,0000;0,00;0;1;0;6;0;0;410;2048;1664
216,2778;242,5943;14,80;1,1988;0,2188;0,0000;0,2089;-0,0034;0,0000;0,0000;0,2735;2,15;3,35;1;0,0000;0,00;0;1;0;6;0;0;410;2048;1620
216,2917;242,8652;14,80;1,0115;0,2208;0,0000;0,2277;-0,0034;0,0000;0,0000;0,2760;2,19;3,20;1;0,0000;0,00;0;1;0;6;0;0;410;2048;1582
216,3056;242,8652;14,80;0,8292;0,2229;0,0000;0,2442;-0,0034;0,0000;0,0000;0,2786;2,22;3,05;1;0,0000;0,00;0;1;0;6;0;0;410;2048;1548
216,3194;242,8652;14,80;0,6625;0,2248;0,0000;0,2590;-0,0034;0,0000;0,0000;0,2810;2,25;2,91;1;0,0000;0,00;0;1;0;6;0;0;410;2048;1517
216,3333;242,8652;14,80;0,5039;0,2268;0,0000;0,2725;-0,0034;0,0000;0,0000;0,2835;2,27;2,77;1;0,0000;0,00;0;1;0;6;0;0;410;2048;1490
216,3472;242,8796;14,80;0,3638;0,2287;0,0000;0,2848;-0,0034;0,0000;0,0000;0,2859;2,28;2,65;1;0,0000;0,00;0;1;0;6;0;0;410;2048;1465
216,3611;242,9366;14,80;0,2762;0,2306;0,0000;0,2964;-0,0034;0,0000;0,0000;0,2883;2,29;2,57;1;0,0000;0,00;0;1;0;6;0;0;410;2048;1441
216,3750;242,9937;14,80;0,1604;0,2325;0,0000;0,3073;-0,0034;0,0000;0,0000;0,2907;2,30;2,46;1;0,0000;0,00;0;1;0;6;0;0;410;2048;1419
216,3889;243,0507;14,80;0,0295;0,2344;0,0000;0,3179;-0,0034;0,0000;0,0000;0,2930;2,30;2,33;1;0,0000;0,00;0;1;0;6;0;0;410;2048;1397
216,4028;243,3225;14,80;-0,0626;0,2362;0,0000;0,3283;-0,0034;0,0000;0,0000;0,2953;2,30;2,24;1;0,0000;0,00;0;1;0;6;0;0;410;2048;1376
216,4167;243,3225;14,80;-0,1414;0,2380;0,0000;0,3384;-0,0034;0,0000;0,0000;0,2975;2,29;2,15;1;0,0000;0,00;0;1;0;6;0;0;410;2048;1355
216,4306;243,3225;14,80;-0,2348;0,2398;0,0000;0,3485;-0,0034;0,0000;0,0000;0,2997;2,29;2,05;1;0,0000;0,00;0;1;0;6;0;0;410;2048;1334
216,4444;243,3225;14,80;-0,2900;0,2415;0,0000;0,3585;-0,0034;0,0000;0,0000;0,3019;2,27;1,98;1;0,0000;0,00;0;1;0;6;0;0;410;2048;1314
216,4583;243,3360;14,80;-0,3620;0,2432;0,0000;0,3685;-0,0034;0,0000;0,0000;0,3041;2,26;1,90;1;0,0000;0,00;0;1;0;6;0;0;410;2048;1293
216,4722;243,3931;14,80;-0,3775;0,2450;0,0000;0,3785;-0,0034;0,0000;0,0000;0,3062;2,25;1,87;1;0,0000;0,00;0;1;0;6;0;0;410;2048;1273
216,4861;243,4501;14,80;-0,3961;0,2466;0,0000;0,3885;-0,0034;0,0000;0,0000;0,3083;2,23;1,84;1;0,0000;0,00;0;1;0;6;0;0;410;2048;1252
216,5000;243,5072;14,80;-0,4252;0,2483;0,0000;0,3985;-0,0034;0,0000;0,0000;0,3104;2,22;1,79;1;0,0000;0,00;0;1;0;6;0;0;410;2048;1232
216,5139;243,7771;14,80;-0,4793;0,2499;0,0000;0,4085;-0,0034;0,0000;0,0000;0,3124;2,20;1,72;1;0,0000;0,00;0;1;0;4;0;0;410;2048;1211
216,5278;243,7771;14,80;-0,4980;0,2516;0,0000;0,4185;-0,0034;0,0000;0,0000;0,3144;2,18;1,68;1;0,0000;0,00;0;1;0;4;0;0;410;2048;1191
216,5417;243,7771;14,80;-0,5255;0,2531;0,0000;0,4285;-0,0034;0,0000;0,0000;0,3164;2,16;1,64;1;0,0000;0,00;0;1;0;4;0;0;410;2048;1170
216,5556;243,7771;14,80;-0,5373;0,2547;0,0000;0,4384;-0,0034;0,0000;0,0000;0,3184;2,14;1,61;1;0,0000;0,00;0;1;0;4;0;0;410;2048;1150
216,5694;243,7925;14,80;-0,5515;0,2563;0,0000;0,4483;-0,0034;0,0000;0,0000;0,3203;2,12;1,57;1;0,0000;0,00;0;1;0;4;0;0;410;2048;1130
216,5833;243,8496;14,80;-0,5561;0,2578;0,0000;0,4581;-0,0034;0,0000;0,0000;0,3222;2,10;1,55;1;0,0000;0,00;0;1;0;4;0;0;410;2048;1110
216,5972;243,9066;14,80;-0,5628;0,2593;0,0000;0,4677;-0,0034;0,0000;0,0000;0,3241;2,08;1,52;1;0,0000;0,00;0;1;0;4;0;0;410;2048;1090
216,6111;243,9637;14,80;-0,5631;0,2608;0,0000;0,4773;-0,0034;0,0000;0,0000;0,3260;2,06;1,50;1;0,0000;0,00;0;1;0;4;0;0;410;2048;1070
216,6250;244,2342;14,90;-0,5297;0,2623;0,0000;0,4867;-0,0034;0,0000;0,0000;0,3279;2,04;1,51;1;0,0000;0,00;0;1;0;4;0;0;410;2048;1051
216,6389;244,2342;14,90;-0,4989;0,2638;0,0000;0,4960;-0,0034;0,0000;0,0000;0,3297;2,02;1,52;1;0,0000;0,00;0;1;0;4;0;0;410;2048;1032
216,6528;244,2342;14,90;-0,4855;0,2653;0,0000;0,5051;-0,0034;0,0000;0,0000;0,3316;2,00;1,52;1;0,0000;0,00;0;1;0;4;0;0;410;2048;1014
216,6667;244,2342;14,90;-0,4735;0,2667;0,0000;0,5140;-0,0034;0,0000;0,0000;0,3334;1,98;1,51;1;0,0000;0,00;0;1;0;4;0;0;410;2048;995
216,6806;244,2506;14,90;-0,4761;0,2682;0,0000;0,5228;-0,0034;0,0000;0,0000;0,3352;1,96;1,49;1;0,0000;0,00;0;1;0;4;0;0;410;2048;977
216,6944;244,3081;14,90;-0,4737;0,2696;0,0000;0,5313;-0,0034;0,0000;0,0000;0,3370;1,94;1,47;1;0,0000;0,00;0;1;0;4;0;0;410;2048;960
216,7083;244,3655;14,90;-0,4848;0,2710;0,0000;0,5396;-0,0034;0,0000;0,0000;0,3388;1,93;1,44;1;0,0000;0,00;0;1;0;4;0;0;410;2048;943
216,7222;244,4230;14,90;-0,5196;0,2724;0,0000;0,5478;-0,0034;0,0000;0,0000;0,3405;1,91;1,39;1;0,0000;0,00;0;1;0;4;0;0;410;2048;926
216,7361;244,6891;14,90;-0,5926;0,2738;0,0000;0,5556;-0,0034;0,0000;0,0000;0,3422;1,88;1,29;1;0,0000;0,00;0;1;0;4;0;0;410;2048;910
216,7500;244,6891;14,90;-0,6461;0,2751;0,0000;0,5632;-0,0034;0,0000;0,0000;0,3439;1,86;1,21;1;0,0000;0,00;0;1;0;4;0;0;410;2048;894
216,7639;244,6891;14,90;-0,7200;0,2764;0,0000;0,5706;-0,0034;0,0000;0,0000;0,3454;1,83;1,11;1;0,0000;0,00;0;1;0;4;0;0;410;2048;879
216,7778;244,6891;14,90;-0,7990;0,2776;0,0000;0,5776;-0,0034;0,0000;0,0000;0,3470;1,80;1,00;1;0,0000;0,00;0;1;0;4;0;0;410;2048;865
216,7917;244,7103;14,90;-0,8790;0,2788;0,0000;0,5844;-0,0034;0,0000;0,0000;0,3485;1,76;0,89;1;0,0000;0,00;0;1;0;4;0;0;410;2048;851
216,8056;244,7678;14,90;-0,9797;0,2799;0,0000;0,5909;-0,0034;0,0000;0,0000;0,3499;1,73;0,75;1;0,0000;0,00;0;1;0;4;0;0;410;2048;838
216,8194;244,8253;14,90;-1,0613;0,2810;0,0000;0,5971;-0,0034;0,0000;0,0000;0,3512;1,69;0,63;1;0,0000;0,00;0;1;0;4;0;0;410;2048;825
216,8333;244,8827;14,90;-1,1519;0,2820;0,0000;0,6030;-0,0034;0,0000;0,0000;0,3524;1,64;0,49;1;0,0000;0,00;0;1;0;4;0;0;410;2048;813
216,8472;245,1457;14,90;-1,2527;0,2829;0,0000;0,6086;-0,0034;0,0000;0,0000;0,3536;1,60;0,34;1;0,0000;0,00;0;1;0;4;0;0;410;2048;802
216,8611;245,1457;14,90;-1,3431;0,2837;0,0000;0,6140;-0,0034;0,0000;0,0000;0,3547;1,54;0,20;1;0,0000;0,00;0;1;0;4;0;0;410;2048;790
216,8750;245,1457;14,90;-1,4094;0,2845;0,0000;0,6191;-0,0034;0,0000;0,0000;0,3557;1,49;0,08;1;0,0000;0,00;0;1;0;4;0;0;410;2048;780
216,8889;245,1457;14,90;-1,4893;0,2853;0,0000;0,6239;-0,0034;0,0000;0,0000;0,3566;1,43;-0,06;1;0,0000;0,00;0;1;0;4;0;0;410;2048;770
216,9028;245,1701;14,90;-1,5593;0,2859;0,0000;0,6285;-0,0034;0,0000;0,0000;0,3574;1,37;-0,18;1;0,0000;0,00;0;1;0;4;0;0;410;2048;761
216,9167;245,2276;14,90;-1,6199;0,2865;0,0000;0,6328;-0,0034;0,0000;0,0000;0,3582;1,31;-0,31;1;0,0000;0,00;0;1;0;4;0;0;410;2048;752
216,9306;245,2851;14,90;-1,6842;0,2870;0,0000;0,6368;-0,0034;0,0000;0,0000;0,3588;1,25;-0,43;1;0,0000;0,00;0;1;0;4;0;0;410;2048;744
216,9444;245,3426;14,90;-1,7261;0,2875;0,0000;0,6405;-0,0034;0,0000;0,0000;0,3594;1,18;-0,54;1;0,0000;0,00;0;1;0;4;0;0;410;2048;736
216,9583;245,6011;14,90;-1,7664;0,2879;0,0000;0,6440;-0,0034;0,0000;0,0000;0,3598;1,12;-0,65;1;0,0000;0,00;0;1;0;4;0;0;410;2048;729
216,9722;245,6011;14,90;-1,7840;0,2882;0,0000;0,6472;-0,0034;0,0000;0,0000;0,3603;1,05;-0,74;1;0,0000;0,00;0;1;0;4;0;0;410;2048;723
216,9861;245,6011;14,90;-1,8022;0,2885;0,0000;0,6501;-0,0034;0,0000;0,0000;0,3606;0,98;-0,82;1;0,0000;0,00;0;1;0;4;0;0;410;2048;717
217,0000;245,6011;14,90;-1,8168;0,2887;0,0000;0,6528;-0,0034;0,0000;0,0000;0,3609;0,91;-0,91;1;0,0000;0,00;0;1;0;4;0;0;410;2048;711
217,0139;245,6300;14,90;-1,8186;0,2889;0,0000;0,6552;-0,0034;0,0000;0,0000;0,3611;0,84;-0,98;1;0,0000;0,00;0;1;0;4;0;0;410;2048;706
217,0278;245,6875;14,90;-1,8150;0,2890;0,0000;0,6574;-0,0034;0,0000;0,0000;0,3612;0,77;-1,04;1;0,0000;0,00;0;1;0;4;0;0;410;2048;702
217,0417;245,7450;14,90;-1,8002;0,2891;0,0000;0,6593;-0,0034;0,0000;0,0000;0,3613;0,70;-1,10;1;0,0000;0,00;0;1;0;4;0;0;410;2048;698
217,0556;245,8025;14,90;-1,7725;0,2891;0,0000;0,6610;-0,0034;0,0000;0,0000;0,3613;0,64;-1,14;1;0,0000;0,00;0;1;0;4;0;0;410;2048;694
217,0694;246,0572;14,90;-1,7183;0,2890;0,0000;0,6625;-0,0034;0,0000;0,0000;0,3613;0,57;-1,15;1;0,0000;0,00;0;1;0;4;0;0;410;2048;691
217,0833;246,0572;14,90;-1,6616;0,2890;0,0000;0,6637;-0,0034;0,0000;0,0000;0,3612;0,51;-1,15;1;0,0000;0,00;0;1;0;4;0;0;410;2048;689
217,0972;246,0572;14,90;-1,5864;0,2889;0,0000;0,6648;-0,0034;0,0000;0,0000;0,3611;0,45;-1,14;1;0,0000;0,00;0;1;0;4;0;0;410;2048;686
217,1111;246,0572;14,90;-1,5221;0,2888;0,0000;0,6657;-0,0034;0,0000;0,0000;0,3610;0,39;-1,13;1;0,0000;0,00;0;1;0;4;0;0;410;2048;685
217,1250;246,0899;14,80;-1,4998;0,2886;0,0000;0,6663;-0,0034;0,0000;0,0000;0,3608;0,33;-1,17;1;0,0000;0,00;0;1;0;4;0;0;410;2048;683
217,1389;246,1470;14,80;-1,4548;0,2885;0,0000;0,6668;-0,0034;0,0000;0,0000;0,3606;0,28;-1,18;1;0,0000;0,00;0;1;0;4;0;0;410;2048;682
217,1528;246,2041;14,80;-1,4012;0,2883;0,0000;0,6672;-0,0034;0,0000;0,0000;0,3603;0,22;-1,18;1;0,0000;0,00;0;1;0;4;0;0;410;2048;682
217,1667;246,2612;14,80;-1,3597;0,2880;0,0000;0,6673;-0,0034;0,0000;0,0000;0,3601;0,17;-1,19;1;0,0000;0,00;0;1;0;4;0;0;410;2048;681
217,1806;246,5131;14,80;-1,3307;0,2878;0,0000;0,6674;-0,0034;0,0000;0,0000;0,3597;0,12;-1,21;1;0,0000;0,00;0;1;0;4;0;0;410;2048;681
217,1944;246,5131;14,80;-1,3088;0,2875;0,0000;0,6673;-0,0034;0,0000;0,0000;0,3593;0,07;-1,24;1;0,0000;0,00;0;1;0;4;0;0;410;2048;681
217,2083;246,5131;14,80;-1,3016;0,2871;0,0000;0,6670;-0,0034;0,0000;0,0000;0,3589;0,02;-1,28;1;0,0000;0,00;0;1;0;4;0;0;410;2048;682
217,2222;246,5131;14,80;-1,2919;0,2868;0,0000;0,6667;-0,0034;0,0000;0,0000;0,3585;-0,02;-1,32;1;0,0000;0,00;0;1;0;4;0;0;410;2048;683
217,2361;246,5467;14,80;-1,2889;0,2864;0,0000;0,6662;-0,0034;0,0000;0,0000;0,3580;-0,07;-1,36;1;0,0000;0,00;0;1;0;4;0;0;410;2048;684
217,2500;246,6038;14,80;-1,3010;0,2859;0,0000;0,6655;-0,0034;0,0000;0,0000;0,3574;-0,12;-1,42;1;0,0000;0,00;0;1;0;4;0;0;410;2048;685
217,2639;246,6609;14,80;-1,3131;0,2854;0,0000;0,6648;-0,0034;0,0000;0,0000;0,3568;-0,17;-1,48;1;0,0000;0,00;0;1;0;4;0;0;410;2048;687
217,2778;246,7180;14,80;-1,3344;0,2849;0,0000;0,6639;-0,0034;0,0000;0,0000;0,3561;-0,22;-1,56;1;0,0000;0,00;0;1;0;4;0;0;410;2048;688
217,2917;246,9689;14,80;-1,3503;0,2843;0,0000;0,6629;-0,0034;0,0000;0,0000;0,3554;-0,27;-1,62;1;0,0000;0,00;0;1;0;4;0;0;410;2048;690
217,3056;246,9689;14,80;-1,3793;0,2837;0,0000;0,6617;-0,0034;0,0000;0,0000;0,3546;-0,32;-1,70;1;0,0000;0,00;0;1;0;4;0;0;410;2048;693
217,3194;246,9689;14,80;-1,3967;0,2830;0,0000;0,6604;-0,0034;0,0000;0,0000;0,3538;-0,38;-1,77;1;0,0000;0,00;0;1;0;4;0;0;410;2048;696
217,3333;246,9689;14,80;-1,4117;0,2823;0,0000;0,6589;-0,0034;0,0000;0,0000;0,3529;-0,43;-1,84;1;0,0000;0,00;0;1;0;4;0;0;410;2048;699
217,3472;247,0035;14,80;-1,4405;0,2815;0,0000;0,6573;-0,0034;0,0000;0,0000;0,3519;-0,48;-1,92;1;0,0000;0,00;0;1;0;4;0;0;410;2048;702
217,3611;247,0606;14,80;-1,4668;0,2807;0,0000;0,6555;-0,0034;0,0000;0,0000;0,3509;-0,54;-2,01;1;0,0000;0,00;0;1;0;4;0;0;410;2048;706
217,3750;247,1176;14,80;-1,4873;0,2798;0,0000;0,6535;-0,0034;0,0000;0,0000;0,3497;-0,60;-2,08;1;0,0000;0,00;0;1;0;4;0;0;410;2048;710
217,3889;247,1747;14,80;-1,5013;0,2789;0,0000;0,6514;-0,0034;0,0000;0,0000;0,3486;-0,65;-2,15;1;0,0000;0,00;0;1;0;4;0;0;410;2048;714
217,4028;247,4250;14,80;-1,5037;0,2779;0,0000;0,6491;-0,0034;0,0000;0,0000;0,3473;-0,71;-2,21;1;0,0000;0,00;0;1;0;4;0;0;410;2048;719
217,4167;247,4250;14,80;-1,5041;0,2769;0,0000;0,6466;-0,0034;0,0000;0,0000;0,3461;-0,77;-2,27;1;0,0000;0,00;0;1;0;4;0;0;410;2048;724
217,4306;247,4250;14,80;-1,4746;0,2758;0,0000;0,6439;-0,0034;0,0000;0,0000;0,3448;-0,82;-2,30;1;0,0000;0,00;0;1;0;4;0;0;410;2048;729
217,4444;247,4250;14,80;-1,4183;0,2747;0,0000;0,6410;-0,0034;0,0000;0,0000;0,3434;-0,87;-2,29;1;0,0000;0,00;0;1;0;4;0;0;410;2048;735
217,4583;247,4602;14,80;-1,4070;0,2736;0,0000;0,6379;-0,0034;0,0000;0,0000;0,3420;-0,93;-2,33;1;0,0000;0,00;0;1;0;4;0;0;410;2048;742
217,4722;247,5172;14,80;-1,2880;0,2725;0,0000;0,6346;-0,0034;0,0000;0,0000;0,3406;-0,98;-2,26;1;0,0000;0,00;0;1;0;4;0;0;410;2048;748
217,4861;247,5743;14,80;-1,2050;0,2713;0,0000;0,6311;-0,0034;0,0000;0,0000;0,3391;-1,02;-2,23;1;0,0000;0,00;0;1;0;4;0;0;410;2048;755
217,5000;247,6314;14,80;-1,1272;0,2702;0,0000;0,6275;-0,0034;0,0000;0,0000;0,3377;-1,06;-2,19;1;0,0000;0,00;0;1;0;4;0;0;410;2048;763
217,5139;247,8807;14,80;-1,0446;0,2690;0,0000;0,6236;-0,0034;0,0000;0,0000;0,3363;-1,10;-2,15;1;0,0000;0,00;0;1;0;1;0;0;410;2048;771
217,5278;247,8807;14,80;-0,9382;0,2678;0,0000;0,6196;-0,0034;0,0000;0,0000;0,3348;-1,14;-2,08;1;0,0000;0,00;0;1;0;1;0;0;410;2048;779
217,5417;247,8807;14,80;-0,8426;0,2667;0,0000;0,6153;-0,0034;0,0000;0,0000;0,3334;-1,17;-2,01;1;0,0000;0,00;0;1;0;1;0;0;410;2048;788
217,5556;247,8807;14,80;-0,7821;0,2655;0,0000;0,6109;-0,0034;0,0000;0,0000;0,3319;-1,20;-1,98;1;0,0000;0,00;0;1;0;1;0;0;410;2048;797
217,5694;247,9168;14,80;-0,7700;0,2644;0,0000;0,6063;-0,0034;0,0000;0,0000;0,3304;-1,23;-2,00;1;0,0000;0,00;0;1;0;1;0;0;410;2048;806
217,5833;247,9739;14,80;-0,7114;0,2632;0,0000;0,6015;-0,0034;0,0000;0,0000;0,3290;-1,26;-1,97;1;0,0000;0,00;0;1;0;1;0;0;410;2048;816
217,5972;248,0310;14,80;-0,6344;0,2620;0,0000;0,5965;-0,0034;0,0000;0,0000;0,3275;-1,28;-1,91;1;0,0000;0,00;0;1;0;1;0;0;410;2048;826
217,6111;248,0881;14,80;-0,5314;0,2608;0,0000;0,5914;-0,0034;0,0000;0,0000;0,3260;-1,30;-1,83;1;0,0000;0,00;0;1;0;1;0;0;410;2048;837
217,6250;248,3367;14,80;-0,4372;0,2597;0,0000;0,5860;-0,0034;0,0000;0,0000;0,3246;-1,31;-1,75;1;0,0000;0,00;0;1;0;1;0;0;410;2048;848
217,6389;248,3367;14,80;-0,3660;0,2585;0,0000;0,5806;-0,0034;0,0000;0,0000;0,3232;-1,33;-1,69;1;0,0000;0,00;0;1;0;1;0;0;410;2048;859
217,6528;248,3367;14,80;-0,2875;0,2574;0,0000;0,5749;-0,0034;0,0000;0,0000;0,3217;-1,34;-1,63;1;0,0000;0,00;0;1;0;1;0;0;410;2048;871
217,6667;248,3367;14,80;-0,2158;0,2563;0,0000;0,5692;-0,0034;0,0000;0,0000;0,3203;-1,35;-1,56;1;0,0000;0,00;0;1;0;1;0;0;410;2048;882
217,6806;248,3735;14,80;-0,1596;0,2552;0,0000;0,5633;-0,0034;0,0000;0,0000;0,3190;-1,35;-1,51;1;0,0000;0,00;0;1;0;1;0;0;410;2048;894
217,6944;248,4305;14,80;-0,0954;0,2541;0,0000;0,5573;-0,0034;0,0000;0,0000;0,3176;-1,35;-1,45;1;0,0000;0,00;0;1;0;1;0;0;410;2048;907
217,7083;248,4876;14,80;-0,0140;0,2530;0,0000;0,5513;-0,0034;0,0000;0,0000;0,3163;-1,35;-1,37;1;0,0000;0,00;0;1;0;1;0;0;410;2048;919
217,7222;248,5447;14,80;0,0390;0,2520;0,0000;0,5452;-0,0034;0,0000;0,0000;0,3150;-1,35;-1,31;1;0,0000;0,00;0;1;0;1;0;0;410;2048;931
217,7361;248,7926;14,80;0,0947;0,2509;0,0000;0,5391;-0,0034;0,0000;0,0000;0,3137;-1,35;-1,25;1;0,0000;0,00;0;1;0;1;0;0;410;2048;944
217,7500;248,7926;14,80;0,1305;0,2499;0,0000;0,5329;-0,0034;0,0000;0,0000;0,3124;-1,34;-1,21;1;0,0000;0,00;0;1;0;1;0;0;410;2048;957
217,7639;248,7926;14,80;0,1819;0,2489;0,0000;0,5267;-0,0034;0,0000;0,0000;0,3111;-1,34;-1,15;1;0,0000;0,00;0;1;0;1;0;0;410;2048;969
217,7778;248,7926;14,80;0,2368;0,2479;0,0000;0,5205;-0,0034;0,0000;0,0000;0,3099;-1,33;-1,09;1;0,0000;0,00;0;1;0;1;0;0;410;2048;982
217,7917;248,8301;14,80;0,2549;0,2470;0,0000;0,5144;-0,0034;0,0000;0,0000;0,3087;-1,32;-1,06;1;0,0000;0,00;0;1;0;1;0;0;410;2048;995
217,8056;248,8872;14,80;0,3626;0,2460;0,0000;0,5082;-0,0034;0,0000;0,0000;0,3075;-1,30;-0,94;1;0,0000;0,00;0;1;0;1;0;0;410;2048;1007
217,8194;248,9443;14,80;0,3845;0,2451;0,0000;0,5022;-0,0034;0,0000;0,0000;0,3064;-1,29;-0,90;1;0,0000;0,00;0;1;0;1;0;0;410;2048;1020
217,8333;249,0014;14,80;0,4320;0,2443;0,0000;0,4961;-0,0034;0,0000;0,0000;0,3053;-1,27;-0,84;1;0,0000;0,00;0;1;0;1;0;0;410;2048;1032
217,8472;249,2482;14,80;0,4689;0,2434;0,0000;0,4902;-0,0034;0,0000;0,0000;0,3043;-1,25;-0,78;1;0,0000;0,00;0;1;0;1;0;0;410;2048;1044
217,8611;249,2482;14,80;0,4896;0,2426;0,0000;0,4844;-0,0034;0,0000;0,0000;0,3032;-1,23;-0,74;1;0,0000;0,00;0;1;0;1;0;0;410;2048;1056
217,8750;249,2482;14,90;0,5085;0,2418;0,0000;0,4787;-0,0034;0,0000;0,0000;0,3022;-1,21;-0,70;1;0,0000;0,00;0;1;0;1;0;0;410;2048;1068
217,8889;249,2482;14,90;0,5480;0,2410;0,0000;0,4730;-0,0034;0,0000;0,0000;0,3012;-1,19;-0,64;1;0,0000;0,00;0;1;0;1;0;0;410;2048;1079
217,9028;249,2876;14,90;0,5798;0,2402;0,0000;0,4676;-0,0034;0,0000;0,0000;0,3003;-1,17;-0,59;1;0,0000;0,00;0;1;0;1;0;0;410;2048;1090
217,9167;249,3451;14,90;0,6237;0,2395;0,0000;0,4622;-0,0034;0,0000;0,0000;0,2993;-1,14;-0,52;1;0,0000;0,00;0;1;0;1;0;0;410;2048;1101
217,9306;249,4026;14,90;0,6514;0,2388;0,0000;0,4569;-0,0034;0,0000;0,0000;0,2985;-1,12;-0,47;1;0,0000;0,00;0;1;0;1;0;0;410;2048;1112
217,9444;249,4601;14,90;0,6776;0,2381;0,0000;0,4519;-0,0034;0,0000;0,0000;0,2976;-1,09;-0,41;1;0,0000;0,00;0;1;0;1;0;0;410;2048;1123
217,9583;249,7046;14,90;0,6998;0,2375;0,0000;0,4469;-0,0034;0,0000;0,0000;0,2968;-1,06;-0,36;1;0,0000;0,00;0;1;0;1;0;0;410;2048;1133
217,9722;249,7046;14,90;0,7145;0,2369;0,0000;0,4421;-0,0034;0,0000;0,0000;0,2961;-1,04;-0,32;1;0,0000;0,00;0;1;0;1;0;0;410;2048;1143
217,9861;249,7046;14,90;0,7260;0,2363;0,0000;0,4375;-0,0034;0,0000;0,0000;0,2953;-1,01;-0,28;1;0,0000;0,00;0;1;0;1;0;0;410;2048;1152
218,0000;249,7046;14,90;0,7266;0,2357;0,0000;0,4330;-0,0034;0,0000;0,0000;0,2946;-0,98;-0,25;1;0,0000;0,00;0;1;0;1;0;0;410;2048;1161
218,0139;249,7475;14,90;0,7204;0,2352;0,0000;0,4288;-0,0034;0,0000;0,0000;0,2940;-0,95;-0,23;1;0,0000;0,00;0;1;0;1;0;0;410;2048;1170
218,0278;249,8049;14,90;0,7109;0,2346;0,0000;0,4247;-0,0034;0,0000;0,0000;0,2933;-0,92;-0,21;1;0,0000;0,00;0;1;0;1;0;0;410;2048;1178
218,0417;249,8624;14,90;0,6971;0,2341;0,0000;0,4207;-0,0034;0,0000;0,0000;0,2926;-0,90;-0,20;1;0,0000;0,00;0;1;0;1;0;0;410;2048;1186
218,0556;249,9199;14,90;0,6786;0,2336;0,0000;0,4169;-0,0034;0,0000;0,0000;0,2920;-0,87;-0,19;1;0,0000;0,00;0;1;0;1;0;0;410;2048;1194
218,0694;250,1595;14,90;0,6671;0,2331;0,0000;0,4133;-0,0034;0,0000;0,0000;0,2914;-0,84;-0,18;1;0,0000;0,00;0;1;0;1;0;0;410;2048;1202
218,0833;250,1595;14,90;0,6541;0,2327;0,0000;0,4098;-0,0034;0,0000;0,0000;0,2909;-0,82;-0,16;1;0,0000;0,00;0;1;0;1;0;0;410;2048;1209
218,0972;250,1595;14,90;0,6335;0,2322;0,0000;0,4064;-0,0034;0,0000;0,0000;0,2903;-0,79;-0,16;1;0,0000;0,00;0;1;0;1;0;0;410;2048;1216
218,1111;250,1595;14,90;0,6135;0,2318;0,0000;0,4032;-0,0034;0,0000;0,0000;0,2898;-0,77;-0,16;1;0,0000;0,00;0;1;0;1;0;0;410;2048;1222
218,1250;250,2073;14,90;0,5855;0,2314;0,0000;0,4001;-0,0034;0,0000;0,0000;0,2893;-0,75;-0,16;1;0,0000;0,00;0;1;0;1;0;0;410;2048;1229
218,1389;250,2648;14,90;0,5648;0,2310;0,0000;0,3971;-0,0034;0,0000;0,0000;0,2888;-0,72;-0,16;1;0,0000;0,00;0;1;0;1;0;0;410;2048;1235
218,1528;250,3223;14,90;0,5466;0,2306;0,0000;0,3943;-0,0034;0,0000;0,0000;0,2883;-0,70;-0,16;1;0,0000;0,00;0;1;0;1;0;0;410;2048;1240
218,1667;250,3797;14,90;0,5307;0,2302;0,0000;0,3916;-0,0034;0,0000;0,0000;0,2878;-0,68;-0,15;1;0,0000;0,00;0;1;0;1;0;0;410;2048;1246
218,1806;250,6166;14,90;0,5235;0,2298;0,0000;0,3890;-0,0034;0,0000;0,0000;0,2873;-0,66;-0,14;1;0,0000;0,00;0;1;0;1;0;0;410;2048;1251
218,1944;250,6166;14,90;0,5226;0,2295;0,0000;0,3865;-0,0034;0,0000;0,0000;0,2869;-0,64;-0,12;1;0,0000;0,00;0;1;0;1;0;0;410;2048;1257
218,2083;250,6166;14,90;0,5301;0,2292;0,0000;0,3840;-0,0034;0,0000;0,0000;0,2864;-0,62;-0,09;1;0,0000;0,00;0;1;0;1;0;0;410;2048;1261
218,2222;250,6166;14,90;0,5453;0,2288;0,0000;0,3817;-0,0034;0,0000;0,0000;0,2861;-0,60;-0,05;1;0,0000;0,00;0;1;0;1;0;0;410;2048;1266
218,2361;250,6672;14,90;0,5561;0,2285;0,0000;0,3795;-0,0034;0,0000;0,0000;0,2857;-0,58;-0,02;1;0,0000;0,00;0;1;0;1;0;0;410;2048;1271
218,2500;250,7247;14,90;0,5735;0,2283;0,0000;0,3774;-0,0034;0,0000;0,0000;0,2853;-0,56;0,00;1;0,0000;0,00;0;1;0;1;0;0;410;2048;1275
218,2639;250,7821;14,90;0,5812;0,2280;0,0000;0,3753;-0,0034;0,0000;0,0000;0,2850;-0,53;0,04;1;0,0000;0,00;0;1;0;1;0;0;410;2048;1279
218,2778;250,8396;14,90;0,5770;0,2278;0,0000;0,3734;-0,0034;0,0000;0,0000;0,2847;-0,51;0,07;1;0,0000;0,00;0;1;0;1;0;0;410;2048;1283
218,2917;251,0707;14,90;0,5595;0,2276;0,0000;0,3716;-0,0034;0,0000;0,0000;0,2845;-0,49;0,07;1;0,0000;0,00;0;1;0;1;0;0;410;2048;1287
218,3056;251,0707;14,90;0,5189;0,2274;0,0000;0,3698;-0,0034;0,0000;0,0000;0,2842;-0,47;0,05;1;0,0000;0,00;0;1;0;1;0;0;410;2048;1291
218,3194;251,0707;14,90;0,4812;0,2272;0,0000;0,3682;-0,0034;0,0000;0,0000;0,2840;-0,45;0,03;1;0,0000;0,00;0;1;0;1;0;0;410;2048;1294
218,3333;251,0707;14,90;0,4299;0,2270;0,0000;0,3667;-0,0034;0,0000;0,0000;0,2837;-0,43;0,00;1;0,0000;0,00;0;1;0;1;0;0;410;2048;1297
218,3472;251,1270;14,90;0,3852;0,2268;0,0000;0,3653;-0,0034;0,0000;0,0000;0,2834;-0,42;-0,03;1;0,0000;0,00;0;1;0;1;0;0;410;2048;1300
218,3611;251,1845;14,90;0,3265;0,2265;0,0000;0,3639;-0,0034;0,0000;0,0000;0,2832;-0,40;-0,08;1;0,0000;0,00;0;1;0;1;0;0;410;2048;1303
218,3750;251,2420;14,90;0,2488;0,2263;0,0000;0,3626;-0,0034;0,0000;0,0000;0,2829;-0,39;-0,14;1;0,0000;0,00;0;1;0;1;0;0;410;2048;1305
218,3889;251,2995;14,90;0,1909;0,2261;0,0000;0,3613;-0,0034;0,0000;0,0000;0,2826;-0,39;-0,19;1;0,0000;0,00;0;1;0;1;0;0;410;2048;1308
218,4028;251,5286;14,90;0,1371;0,2258;0,0000;0,3601;-0,0034;0,0000;0,0000;0,2823;-0,38;-0,24;1;0,0000;0,00;0;1;0;1;0;0;410;2048;1310
218,4167;251,5286;14,90;0,0662;0,2256;0,0000;0,3589;-0,0034;0,0000;0,0000;0,2819;-0,38;-0,31;1;0,0000;0,00;0;1;0;1;0;0;410;2048;1313
218,4306;251,5286;14,90;0,0057;0,2253;0,0000;0,3578;-0,0034;0,0000;0,0000;0,2816;-0,38;-0,37;1;0,0000;0,00;0;1;0;1;0;0;410;2048;1315
218,4444;251,5294;14,90;-0,0502;0,2250;0,0000;0,3566;-0,0034;0,0000;0,0000;0,2812;-0,38;-0,43;1;0,0000;0,00;0;1;0;1;0;0;410;2048;1318
218,4583;251,5869;14,90;-0,1205;0,2247;0,0000;0,3554;-0,0034;0,0000;0,0000;0,2808;-0,38;-0,50;1;0,0000;0,00;0;1;0;1;0;0;410;2048;1320
218,4722;251,6444;14,90;-0,1755;0,2243;0,0000;0,3542;-0,0034;0,0000;0,0000;0,2804;-0,39;-0,56;1;0,0000;0,00;0;1;0;1;0;0;410;2048;1323
218,4861;251,7019;14,90;-0,2207;0,2239;0,0000;0,3530;-0,0034;0,0000;0,0000;0,2799;-0,40;-0,62;1;0,0000;0,00;0;1;0;1;0;0;410;2048;1325
218,5000;251,9820;14,90;-0,2406;0,2235;0,0000;0,3517;-0,0034;0,0000;0,0000;0,2794;-0,40;-0,65;1;0,0000;0,00;0;1;0;1;0;0;410;2048;1328
218,5139;251,9820;14,90;-0,2587;0,2231;0,0000;0,3504;-0,0034;0,0000;0,0000;0,2789;-0,41;-0,67;1;0,0000;0,00;0;1;0;1;0;0;410;2048;1330
218,5278;251,9820;14,90;-0,2628;0,2227;0,0000;0,3491;-0,0034;0,0000;0,0000;0,2784;-0,42;-0,69;1;0,0000;0,00;0;1;0;6;0;0;410;2048;1333
218,5417;251,9820;14,90;-0,2634;0,2223;0,0000;0,3477;-0,0034;0,0000;0,0000;0,2779;-0,44;-0,70;1;0,0000;0,00;0;1;0;6;0;0;410;2048;1336
218,5556;251,9893;14,90;-0,2589;0,2219;0,0000;0,3462;-0,0034;0,0000;0,0000;0,2773;-0,45;-0,70;1;0,0000;0,00;0;1;0;6;0;0;410;2048;1339
218,5694;252,0468;14,90;-0,2497;0,2214;0,0000;0,3447;-0,0034;0,0000;0,0000;0,2768;-0,45;-0,70;1;0,0000;0,00;0;1;0;6;0;0;410;2048;1342
218,5833;252,1043;14,90;-0,2355;0,2210;0,0000;0,3431;-0,0034;0,0000;0,0000;0,2762;-0,46;-0,70;1;0,0000;0,00;0;1;0;6;0;0;410;2048;1345
218,5972;252,1617;14,90;-0,2196;0,2206;0,0000;0,3415;-0,0034;0,0000;0,0000;0,2757;-0,47;-0,69;1;0,0000;0,00;0;1;0;6;0;0;410;2048;1349
218,6111;252,4407;14,90;-0,2063;0,2201;0,0000;0,3399;-0,0034;0,0000;0,0000;0,2752;-0,48;-0,69;1;0,0000;0,00;0;1;0;6;0;0;410;2048;1352
218,6250;252,4407;14,90;-0,1840;0,2197;0,0000;0,3382;-0,0034;0,0000;0,0000;0,2746;-0,49;-0,67;1;0,0000;0,00;0;1;0;6;0;0;410;2048;1355
218,6389;252,4407;14,80;-0,1527;0,2193;0,0000;0,3366;-0,0034;0,0000;0,0000;0,2741;-0,50;-0,65;1;0,0000;0,00;0;1;0;6;0;0;410;2048;1359
218,6528;252,4407;14,80;-0,1290;0,2188;0,0000;0,3349;-0,0034;0,0000;0,0000;0,2735;-0,50;-0,63;1;0,0000;0,00;0;1;0;6;0;0;410;2048;1362
218,6667;252,4484;14,80;-0,1031;0,2184;0,0000;0,3333;-0,0034;0,0000;0,0000;0,2730;-0,51;-0,61;1;0,0000;0,00;0;1;0;6;0;0;410;2048;1365
218,6806;252,5055;14,80;-0,0818;0,2180;0,0000;0,3316;-0,0034;0,0000;0,0000;0,2725;-0,51;-0,59;1;0,0000;0,00;0;1;0;6;0;0;410;2048;1369
218,6944;252,5626;14,80;-0,0736;0,2176;0,0000;0,3300;-0,0034;0,0000;0,0000;0,2720;-0,51;-0,59;1;0,0000;0,00;0;1;0;6;0;0;410;2048;1372
218,7083;252,6197;14,80;-0,0614;0,2171;0,0000;0,3283;-0,0034;0,0000;0,0000;0,2714;-0,52;-0,58;1;0,0000;0,00;0;1;0;6;0;0;410;2048;1376
218,7222;252,8935;14,80;-0,0588;0,2167;0,0000;0,3267;-0,0034;0,0000;0,0000;0,2709;-0,52;-0,58;1;0,0000;0,00;0;1;0;6;0;0;410;2048;1379
218,7361;252,8935;14,80;-0,0559;0,2163;0,0000;0,3251;-0,0034;0,0000;0,0000;0,2704;-0,52;-0,58;1;0,0000;0,00;0;1;0;6;0;0;410;2048;1382
218,7500;252,8935;14,80;-0,0572;0,2159;0,0000;0,3236;-0,0034;0,0000;0,0000;0,2699;-0,52;-0,58;1;0,0000;0,00;0;1;0;6;0;0;410;2048;1385
218,7639;252,8935;14,80;-0,0598;0,2155;0,0000;0,3220;-0,0034;0,0000;0,0000;0,2693;-0,52;-0,58;1;0,0000;0,00;0;1;0;6;0;0;410;2048;1388
218,7778;252,9052;14,80;-0,0627;0,2150;0,0000;0,3205;-0,0034;0,0000;0,0000;0,2688;-0,52;-0,59;1;0,0000;0,00;0;1;0;6;0;0;410;2048;1392
218,7917;252,9623;14,80;-0,0648;0,2146;0,0000;0,3191;-0,0034;0,0000;0,0000;0,2683;-0,53;-0,59;1;0,0000;0,00;0;1;0;6;0;0;410;2048;1395
218,8056;253,0193;14,80;-0,0614;0,2142;0,0000;0,3176;-0,0034;0,0000;0,0000;0,2677;-0,53;-0,59;1;0,0000;0,00;0;1;0;6;0;0;410;2048;1398
218,8194;253,0764;14,80;-0,0501;0,2137;0,0000;0,3162;-0,0034;0,0000;0,0000;0,2672;-0,53;-0,58;1;0,0000;0,00;0;1;0;6;0;0;410;2048;1400
218,8333;253,3526;14,80;-0,0436;0,2133;0,0000;0,3148;-0,0034;0,0000;0,0000;0,2666;-0,53;-0,58;1;0,0000;0,00;0;1;0;6;0;0;410;2048;1403
218,8472;253,3526;14,80;-0,0373;0,2128;0,0000;0,3134;-0,0034;0,0000;0,0000;0,2661;-0,53;-0,57;1;0,0000;0,00;0;1;0;6;0;0;410;2048;1406
218,8611;253,3526;14,80;-0,0185;0,2124;0,0000;0,3121;-0,0034;0,0000;0,0000;0,2655;-0,53;-0,55;1;0,0000;0,00;0;1;0;6;0;0;410;2048;1409
218,8750;253,3526;14,80;-0,0145;0,2120;0,0000;0,3107;-0,0034;0,0000;0,0000;0,2650;-0,53;-0,55;1;0,0000;0,00;0;1;0;6;0;0;410;2048;1412
218,8889;253,3619;14,80;-0,0169;0,2115;0,0000;0,3095;-0,0034;0,0000;0,0000;0,2644;-0,53;-0,55;1;0,0000;0,00;0;1;0;6;0;0;410;2048;1414
218,9028;253,4190;14,80;-0,0239;0,2111;0,0000;0,3084;-0,0034;0,0000;0,0000;0,2639;-0,53;-0,56;1;0,0000;0,00;0;1;0;6;0;0;410;2048;1416
218,9167;253,4761;14,80;-0,0249;0,2107;0,0000;0,3076;-0,0034;0,0000;0,0000;0,2633;-0,53;-0,56;1;0,0000;0,00;0;1;0;6;0;0;410;2048;1418
218,9306;253,5332;14,80;-0,0303;0,2102;0,0000;0,3071;-0,0034;0,0000;0,0000;0,2628;-0,54;-0,57;1;0,0000;0,00;0;1;0;6;0;0;410;2048;1419
218,9444;253,8058;14,80;-0,0343;0,2098;0,0000;0,3071;-0,0034;0,0000;0,0000;0,2623;-0,54;-0,57;1;0,0000;0,00;0;1;0;6;0;0;410;2048;1419
218,9583;253,8058;14,80;-0,0370;0,2094;0,0000;0,3077;-0,0034;0,0000;0,0000;0,2617;-0,54;-0,58;1;0,0000;0,00;0;1;0;6;0;0;410;2048;1418
218,9722;253,8058;14,80;-0,0372;0,2089;0,0000;0,3088;-0,0034;0,0000;0,0000;0,2612;-0,54;-0,58;1;0,0000;0,00;0;1;0;6;0;0;410;2048;1416
218,9861;253,8058;14,80;-0,0346;0,2085;0,0000;0,3105;-0,0034;0,0000;0,0000;0,2606;-0,54;-0,58;1;0,0000;0,00;0;1;0;6;0;0;410;2048;1412
219,0000;253,8187;14,80;-0,0179;0,2081;0,0000;0,3126;-0,0034;0,0000;0,0000;0,2601;-0,54;-0,56;1;0,0000;0,00;0;1;0;6;0;0;410;2048;1408
219,0139;253,8758;14,80;0,0106;0,2077;0,0000;0,3152;-0,0034;0,0000;0,0000;0,2596;-0,54;-0,53;1;0,0000;0,00;0;1;0;6;0;0;410;2048;1403
219,0278;253,9329;14,80;0,0731;0,2073;0,0000;0,3180;-0,0034;0,0000;0,0000;0,2591;-0,54;-0,46;1;0,0000;0,00;0;1;0;6;0;0;410;2048;1397
219,0417;253,9900;14,80;0,1524;0,2069;0,0000;0,3210;-0,0034;0,0000;0,0000;0,2586;-0,53;-0,38;1;0,0000;0,00;0;1;0;6;0;0;410;2048;1391
219,0556;254,2644;14,80;0,2500;0,2066;0,0000;0,3239;-0,0034;0,0000;0,0000;0,2582;-0,52;-0,27;1;0,0000;0,00;0;1;0;6;0;0;410;2048;1385
219,0694;254,2644;14,80;0,3509;0,2063;0,0000;0,3268;-0,0034;0,0000;0,0000;0,2579;-0,51;-0,15;1;0,0000;0,00;0;1;0;6;0;0;410;2048;1379
219,0833;254,2644;14,80;0,4631;0,2061;0,0000;0,3294;-0,0034;0,0000;0,0000;0,2576;-0,49;-0,02;1;0,0000;0,00;0;1;0;6;0;0;410;2048;1373
219,0972;254,2644;14,80;0,5465;0,2059;0,0000;0,3317;-0,0034;0,0000;0,0000;0,2573;-0,47;0,08;1;0,0000;0,00;0;1;0;6;0;0;410;2048;1369
219,1111;254,2755;14,80;0,6159;0,2057;0,0000;0,3336;-0,0034;0,0000;0,0000;0,2571;-0,44;0,17;1;0,0000;0,00;0;1;0;6;0;0;410;2048;1365
219,1250;254,3326;14,80;0,6740;0,2056;0,0000;0,3351;-0,0034;0,0000;0,0000;0,2570;-0,42;0,26;1;0,0000;0,00;0;1;0;6;0;0;410;2048;1362
219,1389;254,3896;15,00;0,6948;0,2055;0,0000;0,3362;-0,0034;0,0000;0,0000;0,2569;-0,39;0,31;1;0,0000;0,00;0;1;0;6;0;0;410;2048;1360
219,1528;254,4475;15,00;0,7075;0,2054;0,0000;0,3369;-0,0034;0,0000;0,0000;0,2568;-0,36;0,35;1;0,0000;0,00;0;1;0;6;0;0;410;2048;1358
219,1667;254,7190;15,00;0,7196;0,2054;0,0000;0,3373;-0,0034;0,0000;0,0000;0,2567;-0,33;0,39;1;0,0000;0,00;0;1;0;6;0;0;410;2048;1357
219,1806;254,7190;15,00;0,7209;0,2053;0,0000;0,3375;-0,0034;0,0000;0,0000;0,2567;-0,30;0,42;1;0,0000;0,00;0;1;0;6;0;0;410;2048;1357
219,1944;254,7190;15,00;0,7148;0,2053;0,0000;0,3376;-0,0034;0,0000;0,0000;0,2567;-0,28;0,44;1;0,0000;0,00;0;1;0;6;0;0;410;2048;1357
219,2083;254,7190;15,00;0,6993;0,2053;0,0000;0,3375;-0,0034;0,0000;0,0000;0,2567;-0,25;0,45;1;0,0000;0,00;0;1;0;6;0;0;410;2048;1357
219,2222;254,7369;15,00;0,6834;0,2054;0,0000;0,3373;-0,0034;0,0000;0,0000;0,2567;-0,22;0,46;1;0,0000;0,00;0;1;0;6;0;0;410;2048;1357
219,2361;254,7948;15,00;0,6656;0,2054;0,0000;0,3372;-0,0034;0,0000;0,0000;0,2568;-0,19;0,47;1;0,0000;0,00;0;1;0;6;0;0;410;2048;1358
219,2500;254,8526;15,00;0,6335;0,2055;0,0000;0,3370;-0,0034;0,0000;0,0000;0,2569;-0,17;0,46;1;0,0000;0,00;0;1;0;6;0;0;410;2048;1358
219,2639;254,9105;15,00;0,6126;0,2056;0,0000;0,3370;-0,0034;0,0000;0,0000;0,2570;-0,15;0,47;1;0,0000;0,00;0;1;0;6;0;0;410;2048;1358
219,2778;255,1751;15,00;0,6030;0,2057;0,0000;0,3370;-0,0034;0,0000;0,0000;0,2571;-0,12;0,48;1;0,0000;0,00;0;1;0;6;0;0;410;2048;1358
219,2917;255,1751;15,00;0,6003;0,2058;0,0000;0,3371;-0,0034;0,0000;0,0000;0,2572;-0,10;0,50;1;0,0000;0,00;0;1;0;6;0;0;410;2048;1358
219,3056;255,1751;15,00;0,6001;0,2059;0,0000;0,3374;-0,0034;0,0000;0,0000;0,2574;-0,07;0,53;1;0,0000;0,00;0;1;0;6;0;0;410;2048;1357
219,3194;255,1751;15,00;0,5967;0,2060;0,0000;0,3377;-0,0034;0,0000;0,0000;0,2576;-0,05;0,55;1;0,0000;0,00;0;1;0;6;0;0;410;2048;1356
219,3333;255,1998;15,00;0,5803;0,2062;0,0000;0,3381;-0,0034;0,0000;0,0000;0,2578;-0,03;0,55;1;0,0000;0,00;0;1;0;6;0;0;410;2048;1355
219,3472;255,2577;15,00;0,5553;0,2064;0,0000;0,3386;-0,0034;0,0000;0,0000;0,2579;0,00;0,55;1;0,0000;0,00;0;1;0;6;0;0;410;2048;1354
219,3611;255,3156;15,00;0,5390;0,2065;0,0000;0,3392;-0,0034;0,0000;0,0000;0,2582;0,00;0,55;1;0,0000;0,00;0;1;0;6;0;0;410;2048;1353
219,3750;255,3734;15,00;0,5230;0,2067;0,0000;0,3398;-0,0034;0,0000;0,0000;0,2584;0,03;0,56;1;0,0000;0,00;0;1;0;6;0;0;410;2048;1352
219,3889;255,6326;15,00;0,5146;0,2069;0,0000;0,3403;-0,0034;0,0000;0,0000;0,2587;0,06;0,57;1;0,0000;0,00;0;1;0;6;0;0;410;2048;1351
219,4028;255,6326;15,00;0,4996;0,2072;0,0000;0,3408;-0,0034;0,0000;0,0000;0,2590;0,08;0,58;1;0,0000;0,00;0;1;0;6;0;0;410;2048;1350
219,4167;255,6326;15,00;0,4750;0,2074;0,0000;0,3412;-0,0034;0,0000;0,0000;0,2592;0,09;0,57;1;0,0000;0,00;0;1;0;6;0;0;410;2048;1349
219,4306;255,6326;15,00;0,4386;0,2076;0,0000;0,3415;-0,0034;0,0000;0,0000;0,2595;0,11;0,55;1;0,0000;0,00;0;1;0;6;0;0;410;2048;1349
219,4444;255,6628;15,00;0,4124;0,2079;0,0000;0,3416;-0,0034;0,0000;0,0000;0,2598;0,13;0,54;1;0,0000;0,00;0;1;0;6;0;0;410;2048;1348
219,4583;255,7207;15,00;0,3672;0,2081;0,0000;0,3416;-0,0034;0,0000;0,0000;0,2601;0,14;0,51;1;0,0000;0,00;0;1;0;6;0;0;410;2048;1348
219,4722;255,7785;15,00;0,3308;0,2083;0,0000;0,3413;-0,0034;0,0000;0,0000;0,2604;0,16;0,49;1;0,0000;0,00;0;1;0;6;0;0;410;2048;1349
219,4861;255,8364;15,00;0,2740;0,2085;0,0000;0,3408;-0,0034;0,0000;0,0000;0,2607;0,17;0,44;1;0,0000;0,00;0;1;0;6;0;0;410;2048;1350
219,5000;256,0829;15,00;0,2105;0,2087;0,0000;0,3401;-0,0034;0,0000;0,0000;0,2609;0,17;0,39;1;0,0000;0,00;0;1;0;6;0;0;410;2048;1351
219,5139;256,0829;15,00;0,1471;0,2089;0,0000;0,3392;-0,0034;0,0000;0,0000;0,2612;0,18;0,33;1;0,0000;0,00;0;1;0;6;0;0;410;2048;1353
219,5278;256,0829;15,00;0,0846;0,2091;0,0000;0,3381;-0,0034;0,0000;0,0000;0,2614;0,18;0,27;1;0,0000;0,00;0;1;0;9;0;0;410;2048;1356
219,5417;256,0829;15,00;-0,0086;0,2093;0,0000;0,3368;-0,0034;0,0000;0,0000;0,2616;0,18;0,18;1;0,0000;0,00;0;1;0;9;0;0;410;2048;1358
219,5556;256,1258;15,00;-0,0831;0,2094;0,0000;0,3354;-0,0034;0,0000;0,0000;0,2618;0,18;0,10;1;0,0000;0,00;0;1;0;9;0;0;410;2048;1361
219,5694;256,1836;15,00;-0,1430;0,2095;0,0000;0,3339;-0,0034;0,0000;0,0000;0,2619;0,18;0,03;1;0,0000;0,00;0;1;0;9;0;0;410;2048;1364
219,5833;256,2415;15,00;-0,2075;0,2096;0,0000;0,3324;-0,0034;0,0000;0,0000;0,2620;0,17;-0,03;1;0,0000;0,00;0;1;0;9;0;0;410;2048;1367
219,5972;256,2994;15,00;-0,2629;0,2097;0,0000;0,3308;-0,0034;0,0000;0,0000;0,2621;0,16;-0,10;1;0,0000;0,00;0;1;0;9;0;0;410;2048;1370
219,6111;256,5446;15,00;-0,3095;0,2097;0,0000;0,3293;-0,0034;0,0000;0,0000;0,2622;0,15;-0,16;1;0,0000;0,00;0;1;0;9;0;0;410;2048;1374
219,6250;256,5446;15,00;-0,3438;0,2098;0,0000;0,3279;-0,0034;0,0000;0,0000;0,2622;0,14;-0,21;1;0,0000;0,00;0;1;0;9;0;0;410;2048;1376
219,6389;256,5446;14,80;-0,3538;0,2098;0,0000;0,3266;-0,0034;0,0000;0,0000;0,2622;0,12;-0,23;1;0,0000;0,00;0;1;0;9;0;0;410;2048;1379
219,6528;256,5446;14,80;-0,3707;0,2098;0,0000;0,3253;-0,0034;0,0000;0,0000;0,2622;0,11;-0,26;1;0,0000;0,00;0;1;0;9;0;0;410;2048;1382
219,6667;256,5872;14,80;-0,3947;0,2097;0,0000;0,3243;-0,0034;0,0000;0,0000;0,2622;0,09;-0,30;1;0,0000;0,00;0;1;0;9;0;0;410;2048;1384
219,6806;256,6443;14,80;-0,4178;0,2097;0,0000;0,3234;-0,0034;0,0000;0,0000;0,2621;0,08;-0,34;1;0,0000;0,00;0;1;0;9;0;0;410;2048;1386
219,6944;256,7014;14,80;-0,4363;0,2096;0,0000;0,3226;-0,0034;0,0000;0,0000;0,2620;0,06;-0,37;1;0,0000;0,00;0;1;0;9;0;0;410;2048;1387
219,7083;256,7585;14,80;-0,4500;0,2096;0,0000;0,3220;-0,0034;0,0000;0,0000;0,2620;0,04;-0,40;1;0,0000;0,00;0;1;0;9;0;0;410;2048;1388
219,7222;257,0005;14,80;-0,4652;0,2095;0,0000;0,3216;-0,0034;0,0000;0,0000;0,2618;0,03;-0,44;1;0,0000;0,00;0;1;0;9;0;0;410;2048;1389
219,7361;257,0005;14,80;-0,4800;0,2093;0,0000;0,3214;-0,0034;0,0000;0,0000;0,2617;0,00;-0,47;1;0,0000;0,00;0;1;0;9;0;0;410;2048;1390
219,7500;257,0005;14,80;-0,4979;0,2092;0,0000;0,3214;-0,0034;0,0000;0,0000;0,2615;0,00;-0,51;1;0,0000;0,00;0;1;0;9;0;0;410;2048;1390
219,7639;257,0005;14,80;-0,5296;0,2090;0,0000;0,3216;-0,0034;0,0000;0,0000;0,2613;-0,03;-0,56;1;0,0000;0,00;0;1;0;9;0;0;410;2048;1389
219,7778;257,0440;14,80;-0,5360;0,2089;0,0000;0,3219;-0,0034;0,0000;0,0000;0,2611;-0,04;-0,58;1;0,0000;0,00;0;1;0;9;0;0;410;2048;1389
219,7917;257,1011;14,80;-0,5765;0,2087;0,0000;0,3225;-0,0034;0,0000;0,0000;0,2608;-0,07;-0,64;1;0,0000;0,00;0;1;0;9;0;0;410;2048;1388
219,8056;257,1581;14,80;-0,6220;0,2084;0,0000;0,3233;-0,0034;0,0000;0,0000;0,2606;-0,09;-0,71;1;0,0000;0,00;0;1;0;9;0;0;410;2048;1386
219,8194;257,2152;14,80;-0,7227;0,2082;0,0000;0,3242;-0,0034;0,0000;0,0000;0,2602;-0,12;-0,84;1;0,0000;0,00;0;1;0;9;0;0;410;2048;1384
219,8333;257,4511;14,80;-0,7428;0,2078;0,0000;0,3254;-0,0034;0,0000;0,0000;0,2598;-0,15;-0,89;1;0,0000;0,00;0;1;0;9;0;0;410;2048;1382
219,8472;257,4511;14,80;-0,7794;0,2075;0,0000;0,3268;-0,0034;0,0000;0,0000;0,2594;-0,17;-0,95;1;0,0000;0,00;0;1;0;9;0;0;410;2048;1379
219,8611;257,4511;14,70;-0,8297;0,2071;0,0000;0,3284;-0,0034;0,0000;0,0000;0,2589;-0,21;-1,04;1;0,0000;0,00;0;1;0;9;0;0;410;2048;1376
219,8750;257,4511;14,70;-0,8784;0,2067;0,0000;0,3300;-0,0034;0,0000;0,0000;0,2584;-0,24;-1,12;1;0,0000;0,00;0;1;0;9;0;0;410;2048;1372
219,8889;257,5000;14,70;-0,9196;0,2063;0,0000;0,3318;-0,0034;0,0000;0,0000;0,2578;-0,27;-1,19;1;0,0000;0,00;0;1;0;9;0;0;410;2048;1368
219,9028;257,5567;14,70;-0,9636;0,2057;0,0000;0,3335;-0,0034;0,0000;0,0000;0,2572;-0,31;-1,27;1;0,0000;0,00;0;1;0;9;0;0;410;2048;1365
219,9167;257,6134;14,70;-0,9994;0,2052;0,0000;0,3349;-0,0034;0,0000;0,0000;0,2565;-0,35;-1,35;1;0,0000;0,00;0;1;0;9;0;0;410;2048;1362
219,9306;257,6701;14,70;-1,0178;0,2046;0,0000;0,3358;-0,0034;0,0000;0,0000;0,2558;-0,38;-1,40;1;0,0000;0,00;0;1;0;9;0;0;410;2048;1360
219,9444;257,9091;14,70;-1,0332;0,2040;0,0000;0,3359;-0,0034;0,0000;0,0000;0,2550;-0,42;-1,46;1;0,0000;0,00;0;1;0;9;0;0;410;2048;1360
219,9583;257,9091;14,70;-1,0348;0,2034;0,0000;0,3347;-0,0034;0,0000;0,0000;0,2542;-0,46;-1,50;1;0,0000;0,00;0;1;0;9;0;0;410;2048;1362
219,9722;257,9091;14,70;-1,0352;0,2027;0,0000;0,3317;-0,0034;0,0000;0,0000;0,2534;-0,50;-1,53;1;0,0000;0,00;0;1;0;9;0;0;410;2048;1369
219,9861;257,9091;14,70;-1,0212;0,2020;0,0000;0,3259;-0,0034;0,0000;0,0000;0,2525;-0,54;-1,56;1;0,0000;0,00;0;1;0;9;0;0;410;2048;1381
220,0000;257,9536;14,70;-1,0191;0,2013;0,0000;0,3163;-0,0034;0,0000;0,0000;0,2516;-0,58;-1,60;1;0,0000;0,00;0;1;0;9;0;0;410;2048;1400
220,0139;258,0103;14,70;-0,9956;0,2005;0,0000;0,3021;-0,0034;0,0000;0,0000;0,2506;-0,61;-1,61;1;0,0000;0,00;0;1;0;9;0;0;410;2048;1429
220,0278;258,0670;14,70;-0,9531;0,1997;0,0000;0,2827;-0,0034;0,0000;0,0000;0,2497;-0,65;-1,60;1;0,0000;0,00;0;1;0;9;0;0;410;2048;1469
220,0417;258,1237;14,70;-0,9352;0,1990;0,0000;0,0000;-0,0034;0,0000;0,0000;0,2487;-0,68;-1,62;1;0,0000;0,00;0;1;0;9;0;0;410;2048;2048
220,0556;258,3674;14,70;-0,9070;0,1982;0,0000;0,0000;-0,0034;0,0000;0,0000;0,2477;-0,72;-1,62;1;0,0000;0,00;0;1;0;9;0;0;410;2048;2048
220,0694;258,3674;14,70;-0,8823;0,1973;0,0000;0,0000;-0,0034;0,0000;0,0000;0,2466;-0,75;-1,63;1;0,0000;0,00;0;1;0;9;0;0;410;2048;2048
220,0833;258,3674;14,70;-0,8574;0,1965;0,0000;0,0000;-0,0034;0,0000;0,0000;0,2456;-0,78;-1,64;1;0,0000;0,00;0;1;0;9;0;0;410;2048;2048
220,0972;258,3674;14,70;-0,8301;0,1956;0,0000;0,0000;-0,0034;0,0000;0,0000;0,2445;-0,81;-1,64;1;0,0000;0,00;0;1;0;9;0;0;410;2048;2048
220,1111;258,4073;14,70;-0,8060;0,1947;0,0000;0,0000;-0,0034;0,0000;0,0000;0,2434;-0,84;-1,65;1;0,0000;0,00;0;1;0;9;0;0;410;2048;2048
220,1250;258,4640;14,70;-0,7832;0,1938;0,0000;0,0000;-0,0034;0,0000;0,0000;0,2423;-0,87;-1,66;1;0,0000;0,00;0;1;0;9;0;0;410;2048;2048
220,1389;258,5207;14,70;-0,7630;0,1929;0,0000;0,0000;-0,0034;0,0000;0,0000;0,2411;-0,90;-1,66;1;0,0001;0,00;0;1;0;9;0;0;410;2048;2048
220,1528;258,5774;14,70;-0,7430;0,1920;0,0000;0,0000;-0,0034;0,0000;0,0000;0,2400;-0,93;-1,67;1;0,0001;0,00;0;1;0;9;0;0;410;2048;2048
220,1667;258,8225;14,70;-0,7248;0,1910;0,0000;0,0000;-0,0034;0,0000;0,0000;0,2388;-0,96;-1,68;1;0,0002;0,00;0;1;0;9;0;0;410;2048;2048
220,1806;258,8225;14,70;-0,7099;0,1901;0,0000;0,0000;-0,0034;0,0000;0,0000;0,2376;-0,98;-1,69;1;0,0002;0,00;0;1;0;9;0;0;410;2048;2048
--- END OF LOG ---
