# Study: LKA_Haptics | Participant: 7 | Condition: HapticsFixedCC | Init: 20260128_144935 | Roadwidth_halfmeters: 1.25 | LKA_deadzone: 0.4 | Min_Vib_Pecentage: 0.2 | Max_Vib_Percentage: 0.4
participant_id;condition;trial_order;Timestamp;Trackposition;Speed_KmH;SteerAngle;Haptic_L_Norm;Haptic_R_Norm;LkaNormEffort;CTE_Meters;B_HeadingError_Deg;IsOnStraight;TrackCurvature_1/Meters;LKA_Engaged;LKA_Switch;SecTaskNum;SecTaskIsTarget;SecTaskPressed
7;HapticsFixedCC;4;0,0;260,6377;6,8;-0,6708;0,0;0,0;0,0;-0,0519;-1,35;1;0,0;0;1;4;0;0
7;HapticsFixedCC;4;0,0139;260,6377;6,8;-0,438;0,0;0,0;0,0;-0,0526;-1,36;1;0,0;0;1;4;0;0
7;HapticsFixedCC;4;0,0278;260,6377;6,8;-0,1657;0,0;0,0;0,0;-0,0532;-1,36;1;0,0;0;1;4;0;0
7;HapticsFixedCC;4;0,0417;260,6377;6,8;0,0944;0,0;0,0;0,0;-0,0538;-1,36;1;0,0;0;1;4;0;0
7;HapticsFixedCC;4;0,0555;260,6377;6,8;0,3651;0,0;0,0;0,0;-0,0543;-1,35;1;0,0;0;1;4;0;0
7;HapticsFixedCC;4;0,0694;260,6377;6,8;0,6324;0,0;0,0;0,0;-0,0548;-1,34;1;0,0;0;1;4;0;0
7;HapticsFixedCC;4;0,0833;260,6377;6,8;0,8567;0,0;0,0;0,0;-0,0552;-1,32;1;0,0;0;1;4;0;0
7;HapticsFixedCC;4;0,0972;260,4089;6,8;1,0265;0,0;0,0;0,0;-0,0556;-1,3;1;0,0;0;1;4;0;0
7;HapticsFixedCC;4;0,1111;260,3827;6,8;1,1422;0,0;0,0;0,0;-0,056;-1,28;1;0,0;0;1;4;0;0
7;HapticsFixedCC;4;0,125;260,3565;6,8;1,1875;0,0;0,0;0,0;-0,0563;-1,26;1;0,0;0;1;4;0;0
7;HapticsFixedCC;4;0,1389;260,3302;6,8;1,2172;0,0;0,0;0,0;-0,0567;-1,24;1;0,0;0;1;4;0;0
7;HapticsFixedCC;4;0,1528;260,304;6,5;1,2736;0,0;0,0;0,0;-0,057;-1,22;1;0,0;0;1;4;0;0
7;HapticsFixedCC;4;0,1667;260,2789;6,5;1,2972;0,0;0,0;0,0;-0,0573;-1,19;1;0,0;0;1;4;0;0
7;HapticsFixedCC;4;0,1805;260,2539;6,5;1,289;0,0;0,0;0,0;-0,0576;-1,17;1;0,0;0;1;4;0;0
7;HapticsFixedCC;4;0,1944;260,2288;6,5;1,2874;0,0;0,0;0,0;-0,0578;-1,15;1;0,0;0;1;4;0;0
7;HapticsFixedCC;4;0,2083;260,2037;6,5;1,2793;0,0;0,0;0,0;-0,0581;-1,13;1;0,0;0;1;4;0;0
7;HapticsFixedCC;4;0,2222;260,1814;6,5;1,2684;0,0;0,0;0,0;-0,0584;-1,11;1;0,0;0;1;4;0;0
7;HapticsFixedCC;4;0,2361;260,1814;6,5;1,2341;0,0;0,0;0,0;-0,0586;-1,09;1;0,0;0;1;4;0;0
7;HapticsFixedCC;4;0,25;260,1814;6,5;1,2272;0,0;0,0;0,0;-0,0589;-1,06;1;0,0;0;1;4;0;0
7;HapticsFixedCC;4;0,2639;260,1814;6,5;1,2284;0,0;0,0;0,0;-0,0591;-1,04;1;0,0;0;1;4;0;0
7;HapticsFixedCC;4;0,2778;260,1814;6,5;1,2395;0,0;0,0;0,0;-0,0593;-1,02;1;0,0;0;1;4;0;0
7;HapticsFixedCC;4;0,2917;260,1814;6,5;1,2648;0,0;0,0;0,0;-0,0595;-1,0;1;0,0;0;1;4;0;0
7;HapticsFixedCC;4;0,3055;260,1814;6,5;1,3077;0,0;0,0;0,0;-0,0597;-0,98;1;0,0;0;1;4;0;0
7;HapticsFixedCC;4;0,3194;260,1814;6,5;1,3637;0,0;0,0;0,0;-0,0599;-0,95;1;0,0;0;1;4;0;0
7;HapticsFixedCC;4;0,3333;260,1814;6,5;1,4132;0,0;0,0;0,0;-0,06;-0,93;1;0,0;0;1;4;0;0
7;HapticsFixedCC;4;0,3472;259,953;6,5;1,4635;0,0;0,0;0,0;-0,0602;-0,9;1;0,0;0;1;4;0;0
7;HapticsFixedCC;4;0,3611;259,9279;6,5;1,4999;0,0;0,0;0,0;-0,0603;-0,88;1;0,0;0;1;4;0;0
7;HapticsFixedCC;4;0,375;259,9028;6,5;1,5259;0,0;0,0;0,0;-0,0604;-0,85;1;0,0;0;1;4;0;0
7;HapticsFixedCC;4;0,3889;259,8777;6,5;1,5546;0,0;0,0;0,0;-0,0605;-0,83;1;0,0;0;1;4;0;0
7;HapticsFixedCC;4;0,4028;259,8527;6,5;1,5848;0,0;0,0;0,0;-0,0606;-0,8;1;0,0;0;1;4;0;0
7;HapticsFixedCC;4;0,4167;259,8276;6,5;1,6048;0,0;0,0;0,0;-0,0606;-0,77;1;0,0;0;1;4;0;0
7;HapticsFixedCC;4;0,4305;259,8025;6,5;1,6143;0,0;0,0;0,0;-0,0607;-0,74;1;0,0;0;1;4;0;0
7;HapticsFixedCC;4;0,4444;259,7774;6,5;1,6141;0,0;0,0;0,0;-0,0607;-0,72;1;0,0;0;1;4;0;0
7;HapticsFixedCC;4;0,4583;259,7523;6,5;1,6004;0,0;0,0;0,0;-0,0607;-0,69;1;0,0;0;1;4;0;0
7;HapticsFixedCC;4;0,4722;259,7273;6,5;1,56;0,0;0,0;0,0;-0,0607;-0,66;1;0,0;0;1;4;0;0
7;HapticsFixedCC;4;0,4861;259,7258;6,5;1,5522;0,0;0,0;0,0;-0,0607;-0,64;1;0,0;0;1;4;0;0
7;HapticsFixedCC;4;0,5;259,7258;6,5;1,4417;0,0;0,0;0,0;-0,0607;-0,61;1;0,0;0;1;4;0;0
7;HapticsFixedCC;4;0,5139;259,7258;6,5;1,3746;0,0;0,0;0,0;-0,0608;-0,59;1;0,0;0;1;4;0;0
7;HapticsFixedCC;4;0,5278;259,7258;6,5;1,2928;0,0;0,0;0,0;-0,0608;-0,57;1;0,0;0;1;4;0;0
7;HapticsFixedCC;4;0,5417;259,7258;6,5;1,2224;0,0;0,0;0,0;-0,0608;-0,55;1;0,0;0;1;4;0;0
7;HapticsFixedCC;4;0,5555;259,7258;6,5;1,1197;0,0;0,0;0,0;-0,0609;-0,53;1;0,0;0;1;4;0;0
7;HapticsFixedCC;4;0,5694;259,7258;6,5;1,0992;0,0;0,0;0,0;-0,0609;-0,51;1;0,0;0;1;4;0;0
7;HapticsFixedCC;4;0,5833;259,7258;6,5;0,9877;0,0;0,0;0,0;-0,061;-0,5;1;0,0;0;1;4;0;0
7;HapticsFixedCC;4;0,5972;259,5015;6,5;0,9227;0,0;0,0;0,0;-0,061;-0,48;1;0,0;0;1;4;0;0
7;HapticsFixedCC;4;0,6111;259,4764;6,5;0,8709;0,0;0,0;0,0;-0,0611;-0,47;1;0,0;0;1;4;0;0
7;HapticsFixedCC;4;0,625;259,4514;6,5;0,8163;0,0;0,0;0,0;-0,0611;-0,45;1;0,0;0;1;4;0;0
7;HapticsFixedCC;4;0,6389;259,4263;6,5;0,7669;0,0;0,0;0,0;-0,0612;-0,44;1;0,0;0;1;4;0;0
7;HapticsFixedCC;4;0,6528;259,4012;6,0;0,7313;0,0;0,0;0,0;-0,0612;-0,43;1;0,0;0;1;4;0;0
7;HapticsFixedCC;4;0,6667;259,3781;6,0;0,6928;0,0;0,0;0,0;-0,0613;-0,42;1;0,0;0;1;4;0;0
7;HapticsFixedCC;4;0,6805;259,3549;6,0;0,6582;0,0;0,0;0,0;-0,0614;-0,41;1;0,0;0;1;4;0;0
7;HapticsFixedCC;4;0,6944;259,3318;6,0;0,6395;0,0;0,0;0,0;-0,0614;-0,4;1;0,0;0;1;4;0;0
7;HapticsFixedCC;4;0,7083;259,3086;6,0;0,6167;0,0;0,0;0,0;-0,0615;-0,39;1;0,0;0;1;4;0;0
7;HapticsFixedCC;4;0,7222;259,2855;6,0;0,5991;0,0;0,0;0,0;-0,0615;-0,38;1;0,0;0;1;4;0;0
7;HapticsFixedCC;4;0,7361;259,2782;6,0;0,5842;0,0;0,0;0,0;-0,0616;-0,37;1;0,0;0;1;4;0;0
7;HapticsFixedCC;4;0,75;259,2782;6,0;0,5716;0,0;0,0;0,0;-0,0616;-0,37;1;0,0;0;1;4;0;0
7;HapticsFixedCC;4;0,7639;259,2782;6,0;0,5568;0,0;0,0;0,0;-0,0617;-0,36;1;0,0;0;1;4;0;0
7;HapticsFixedCC;4;0,7778;259,2782;6,0;0,5451;0,0;0,0;0,0;-0,0618;-0,35;1;0,0;0;1;4;0;0
7;HapticsFixedCC;4;0,7917;259,2782;6,0;0,522;0,0;0,0;0,0;-0,0618;-0,34;1;0,0;0;1;4;0;0
7;HapticsFixedCC;4;0,8055;259,2782;6,0;0,485;0,0;0,0;0,0;-0,0619;-0,34;1;0,0;0;1;4;0;0
7;HapticsFixedCC;4;0,8194;259,2782;6,0;0,4263;0,0;0,0;0,0;-0,0619;-0,33;1;0,0;0;1;4;0;0
7;HapticsFixedCC;4;0,8333;259,2782;6,0;0,349;0,0;0,0;0,0;-0,062;-0,32;1;0,0;0;1;4;0;0
7;HapticsFixedCC;4;0,8472;259,2782;6,0;0,2353;0,0;0,0;0,0;-0,0621;-0,32;1;0,0;0;1;4;0;0
7;HapticsFixedCC;4;0,8611;259,2782;6,0;0,0739;0,0;0,0;0,0;-0,0622;-0,32;1;0,0;0;1;4;0;0
7;HapticsFixedCC;4;0,875;259,0308;6,0;-0,0729;0,0;0,0;0,0;-0,0623;-0,32;1;0,0001;0;1;4;0;0
7;HapticsFixedCC;4;0,8889;259,0077;6,0;-0,2656;0,0;0,0;0,0;-0,0625;-0,33;1;0,0001;0;1;4;0;0
7;HapticsFixedCC;4;0,9028;258,9846;6,0;-0,4457;0,0;0,0;0,0;-0,0627;-0,33;1;0,0001;0;1;4;0;0
7;HapticsFixedCC;4;0,9167;258,9614;6,0;-0,5985;0,0;0,0;0,0;-0,0629;-0,34;1;0,0001;0;1;4;0;0
7;HapticsFixedCC;4;0,9305;258,9383;6,0;-0,7659;0,0;0,0;0,0;-0,0631;-0,36;1;0,0001;0;1;4;0;0
7;HapticsFixedCC;4;0,9444;258,9151;6,0;-0,9157;0,0;0,0;0,0;-0,0634;-0,37;1;0,0001;0;1;4;0;0
7;HapticsFixedCC;4;0,9583;258,892;6,0;-0,9778;0,0;0,0;0,0;-0,0637;-0,39;1;0,0001;0;1;4;0;0
7;HapticsFixedCC;4;0,9722;258,8688;6,0;-0,9983;0,0;0,0;0,0;-0,064;-0,4;1;0,0001;0;1;4;0;0
7;HapticsFixedCC;4;0,9861;258,8457;6,0;-1,0163;0,0;0,0;0,0;-0,0643;-0,42;1;0,0001;0;1;4;0;0
7;HapticsFixedCC;4;1,0;258,8225;6,0;-1,0241;0,0;0,0;0,0;-0,0647;-0,43;1;0,0002;0;1;4;0;0
7;HapticsFixedCC;4;1,0139;258,8225;6,0;-1,0298;0,0;0,0;0,0;-0,065;-0,45;1;0,0002;0;1;3;0;0
7;HapticsFixedCC;4;1,0278;258,8225;6,0;-1,0274;0,0;0,0;0,0;-0,0653;-0,47;1;0,0002;0;1;3;0;0
7;HapticsFixedCC;4;1,0417;258,8225;6,0;-1,0164;0,0;0,0;0,0;-0,0657;-0,48;1;0,0002;0;1;3;0;0
7;HapticsFixedCC;4;1,0555;258,8225;6,0;-0,9654;0,0;0,0;0,0;-0,066;-0,5;1;0,0002;0;1;3;0;0
7;HapticsFixedCC;4;1,0694;258,8225;6,0;-0,8791;0,0;0,0;0,0;-0,0663;-0,51;1;0,0002;0;1;3;0;0
7;HapticsFixedCC;4;1,0833;258,8225;6,0;-0,7605;0,0;0,0;0,0;-0,0667;-0,52;1;0,0002;0;1;3;0;0
7;HapticsFixedCC;4;1,0972;258,8225;6,0;-0,6575;0,0;0,0;0,0;-0,067;-0,53;1;0,0002;0;1;3;0;0
7;HapticsFixedCC;4;1,1111;258,8225;6,0;-0,58;0,0;0,0;0,0;-0,0673;-0,54;1;0,0002;0;1;3;0;0
7;HapticsFixedCC;4;1,125;258,8225;6,0;-0,5101;0,0;0,0;0,0;-0,0676;-0,55;1;0,0002;0;1;3;0;0
7;HapticsFixedCC;4;1,1389;258,591;6,0;-0,4685;0,0;0,0;0,0;-0,0679;-0,56;1;0,0001;0;1;3;0;0
7;HapticsFixedCC;4;1,1528;258,5679;5,9;-0,4455;0,0;0,0;0,0;-0,0682;-0,57;1;0,0001;0;1;3;0;0
7;HapticsFixedCC;4;1,1667;258,5451;5,9;-0,4416;0,0;0,0;0,0;-0,0685;-0,57;1;0,0001;0;1;3;0;0
7;HapticsFixedCC;4;1,1805;258,5224;5,9;-0,4463;0,0;0,0;0,0;-0,0688;-0,58;1;0,0001;0;1;3;0;0
7;HapticsFixedCC;4;1,1944;258,4996;5,9;-0,4915;0,0;0,0;0,0;-0,0691;-0,58;1;0,0;0;1;3;0;0
7;HapticsFixedCC;4;1,2083;258,4768;5,9;-0,5627;0,0;0,0;0,0;-0,0694;-0,59;1;0,0;0;1;3;0;0
7;HapticsFixedCC;4;1,2222;258,4541;5,9;-0,6603;0,0;0,0;0,0;-0,0698;-0,6;1;0,0;0;1;3;0;0
7;HapticsFixedCC;4;1,2361;258,4313;5,9;-0,7398;0,0;0,0;0,0;-0,0702;-0,61;1;0,0;0;1;3;0;0
7;HapticsFixedCC;4;1,25;258,4086;5,9;-0,8356;0,0;0,0;0,0;-0,0705;-0,63;1;0,0;0;1;3;0;0
7;HapticsFixedCC;4;1,2639;258,3858;5,9;-0,9063;0,0;0,0;0,0;-0,0709;-0,64;1;0,0;0;1;3;0;0
7;HapticsFixedCC;4;1,2778;258,3674;5,9;-0,9916;0,0;0,0;0,0;-0,0714;-0,65;1;0,0;0;1;3;0;0
7;HapticsFixedCC;4;1,2917;258,3674;5,9;-1,056;0,0;0,0;0,0;-0,0718;-0,67;1;0,0;0;1;3;0;0
7;HapticsFixedCC;4;1,3055;258,3674;5,9;-1,0932;0,0;0,0;0,0;-0,0722;-0,69;1;0,0;0;1;3;0;0
7;HapticsFixedCC;4;1,3194;258,3674;5,9;-1,1361;0,0;0,0;0,0;-0,0727;-0,7;1;0,0;0;1;3;0;0
7;HapticsFixedCC;4;1,3333;258,3674;5,9;-1,1734;0,0;0,0;0,0;-0,0731;-0,72;1;0,0;0;1;3;0;0
7;HapticsFixedCC;4;1,3472;258,3674;5,9;-1,2026;0,0;0,0;0,0;-0,0736;-0,74;1;0,0;0;1;3;0;0
7;HapticsFixedCC;4;1,3611;258,3674;5,9;-1,2279;0,0;0,0;0,0;-0,0741;-0,76;1;0,0;0;1;3;0;0
7;HapticsFixedCC;4;1,375;258,3674;5,9;-1,2401;0,0;0,0;0,0;-0,0746;-0,77;1;0,0;0;1;3;0;0
7;HapticsFixedCC;4;1,3889;258,3674;7,0;-1,2524;0,0;0,0;0,0;-0,0752;-0,8;1;0,0;0;1;3;0;0
7;HapticsFixedCC;4;1,4028;258,3674;7,0;-1,2618;0,0;0,0;0,0;-0,0758;-0,82;1;0,0;0;1;3;0;0
7;HapticsFixedCC;4;1,4167;258,127;7,0;-1,2595;0,0;0,0;0,0;-0,0764;-0,84;1;0,0;0;1;3;0;0
7;HapticsFixedCC;4;1,4305;258,1;7,0;-1,252;0,0;0,0;0,0;-0,0771;-0,86;1;0,0;0;1;3;0;0
7;HapticsFixedCC;4;1,4444;258,073;7,0;-1,24;0,0;0,0;0,0;-0,0777;-0,88;1;0,0;0;1;3;0;0
7;HapticsFixedCC;4;1,4583;258,046;7,0;-1,225;0,0;0,0;0,0;-0,0784;-0,91;1;0,0;0;1;3;0;0
7;HapticsFixedCC;4;1,4722;258,019;7,0;-1,208;0,0;0,0;0,0;-0,079;-0,93;1;0,0;0;1;3;0;0
7;HapticsFixedCC;4;1,4861;257,992;7,0;-1,1829;0,0;0,0;0,0;-0,0797;-0,95;1;0,0;0;1;3;0;0
7;HapticsFixedCC;4;1,5;257,965;7,0;-1,1583;0,0;0,0;0,0;-0,0804;-0,97;1;0,0;0;1;3;0;0
7;HapticsFixedCC;4;1,5139;257,938;7,0;-1,1445;0,0;0,0;0,0;-0,081;-0,99;1;0,0;0;1;3;0;0
7;HapticsFixedCC;4;1,5278;257,9109;7,0;-1,1202;0,0;0,0;0,0;-0,0817;-1,01;1;0,0;0;1;3;0;0
7;HapticsFixedCC;4;1,5417;257,9091;7,0;-1,1009;0,0;0,0;0,0;-0,0824;-1,03;1;0,0;0;1;3;0;0
7;HapticsFixedCC;4;1,5555;257,9091;7,0;-1,0771;0,0;0,0;0,0;-0,0831;-1,05;1;0,0;0;1;3;0;0
7;HapticsFixedCC;4;1,5694;257,9091;7,0;-1,0535;0,0;0,0;0,0;-0,0838;-1,06;1;0,0;0;1;3;0;0
7;HapticsFixedCC;4;1,5833;257,9091;7,0;-1,0274;0,0;0,0;0,0;-0,0845;-1,08;1;0,0;0;1;3;0;0
7;HapticsFixedCC;4;1,5972;257,9091;7,0;-1,0017;0,0;0,0;0,0;-0,0852;-1,1;1;0,0;0;1;3;0;0
7;HapticsFixedCC;4;1,6111;257,9091;7,0;-0,979;0,0;0,0;0,0;-0,0859;-1,12;1;0,0;0;1;3;0;0
7;HapticsFixedCC;4;1,625;257,9091;7,0;-0,961;0,0;0,0;0,0;-0,0866;-1,13;1;0,0;0;1;3;0;0
7;HapticsFixedCC;4;1,6389;257,9091;7,0;-0,9465;0,0;0,0;0,0;-0,0873;-1,15;1;0,0;0;1;3;0;0
7;HapticsFixedCC;4;1,6528;257,668;7,0;-0,9357;0,0;0,0;0,0;-0,0881;-1,17;1;0,0;0;1;3;0;0
7;HapticsFixedCC;4;1,6667;257,641;7,0;-0,9275;0,0;0,0;0,0;-0,0888;-1,18;1;0,0;0;1;3;0;0
7;HapticsFixedCC;4;1,6805;257,614;7,0;-0,9212;0,0;0,0;0,0;-0,0895;-1,2;1;0,0;0;1;3;0;0
7;HapticsFixedCC;4;1,6944;257,587;7,0;-0,9147;0,0;0,0;0,0;-0,0903;-1,21;1;0,0;0;1;3;0;0
7;HapticsFixedCC;4;1,7083;257,56;7,0;-0,909;0,0;0,0;0,0;-0,091;-1,23;1;0,0;0;1;3;0;0
7;HapticsFixedCC;4;1,7222;257,533;7,0;-0,9031;0,0;0,0;0,0;-0,0918;-1,25;1;0,0;0;1;3;0;0
7;HapticsFixedCC;4;1,7361;257,506;7,0;-0,8975;0,0;0,0;0,0;-0,0926;-1,26;1;0,0;0;1;3;0;0
7;HapticsFixedCC;4;1,75;257,479;7,0;-0,8851;0,0;0,0;0,0;-0,0933;-1,28;1;0,0;0;1;3;0;0
7;HapticsFixedCC;4;1,7639;257,452;7,0;-0,8709;0,0;0,0;0,0;-0,0941;-1,29;1;0,0;0;1;3;0;0
7;HapticsFixedCC;4;1,7778;257,4511;7,0;-0,8486;0,0;0,0;0,0;-0,0949;-1,31;1;0,0;0;1;3;0;0
7;HapticsFixedCC;4;1,7917;257,4511;7,0;-0,8198;0,0;0,0;0,0;-0,0956;-1,32;1;0,0;0;1;3;0;0
7;HapticsFixedCC;4;1,8055;257,4511;7,0;-0,7731;0,0;0,0;0,0;-0,0964;-1,33;1;0,0;0;1;3;0;0
7;HapticsFixedCC;4;1,8194;257,4511;7,0;-0,7075;0,0;0,0;0,0;-0,0972;-1,35;1;0,0;0;1;3;0;0
7;HapticsFixedCC;4;1,8333;257,4511;7,0;-0,6091;0,0;0,0;0,0;-0,098;-1,36;1;0,0;0;1;3;0;0
7;HapticsFixedCC;4;1,8472;257,4511;7,0;-0,512;0,0;0,0;0,0;-0,0987;-1,37;1;0,0;0;1;3;0;0
7;HapticsFixedCC;4;1,8611;257,4511;7,0;-0,391;0,0;0,0;0,0;-0,0994;-1,37;1;0,0;0;1;3;0;0
7;HapticsFixedCC;4;1,875;257,4511;7,0;-0,2434;0,0;0,0;0,0;-0,1001;-1,38;1;0,0;0;1;3;0;0
7;HapticsFixedCC;4;1,8889;257,209;7,4;-0,0841;0,0;0,0;0,0;-0,1008;-1,38;1;0,0;0;1;3;0;0
7;HapticsFixedCC;4;1,9028;257,1805;7,4;0,0654;0,0;0,0;0,0;-0,1015;-1,38;1;0,0;0;1;3;0;0
7;HapticsFixedCC;4;1,9167;257,152;7,4;0,224;0,0;0,0;0,0;-0,1021;-1,37;1;0,0;0;1;3;0;0
7;HapticsFixedCC;4;1,9305;257,1234;7,4;0,3542;0,0;0,0;0,0;-0,1027;-1,36;1;0,0;0;1;3;0;0
7;HapticsFixedCC;4;1,9444;257,0949;7,4;0,5308;0,0;0,0;0,0;-0,1033;-1,35;1;0,0;0;1;3;0;0
7;HapticsFixedCC;4;1,9583;257,0663;7,4;0,6645;0,0;0,0;0,0;-0,1039;-1,34;1;0,0;0;1;3;0;0
7;HapticsFixedCC;4;1,9722;257,0378;7,4;0,7485;0,0;0,0;0,0;-0,1044;-1,33;1;0,0;0;1;3;0;0
7;HapticsFixedCC;4;1,9861;257,0092;7,4;0,7905;0,0;0,0;0,0;-0,1049;-1,31;1;0,0;0;1;3;0;0
7;HapticsFixedCC;4;2,0;257,0005;7,4;0,8088;0,0;0,0;0,0;-0,1054;-1,29;1;0,0;0;1;3;0;0
7;HapticsFixedCC;4;2,0139;257,0005;7,4;0,8142;0,0;0,0;0,0;-0,1059;-1,28;1;0,0;0;1;5;0;0
7;HapticsFixedCC;4;2,0278;257,0005;7,4;0,8175;0,0;0,0;0,0;-0,1064;-1,26;1;0,0;0;1;5;0;0
7;HapticsFixedCC;4;2,0417;257,0005;7,4;0,8184;0,0;0,0;0,0;-0,1069;-1,25;1;0,0;0;1;5;0;0
7;HapticsFixedCC;4;2,0555;257,0005;7,4;0,7986;0,0;0,0;0,0;-0,1073;-1,23;1;0,0;0;1;5;0;0
7;HapticsFixedCC;4;2,0694;257,0005;7,4;0,7499;0,0;0,0;0,0;-0,1078;-1,22;1;0,0;0;1;5;0;0
7;HapticsFixedCC;4;2,0833;257,0005;7,4;0,6397;0,0;0,0;0,0;-0,1083;-1,2;1;0,0;0;1;5;0;0
7;HapticsFixedCC;4;2,0972;257,0005;7,4;0,4868;0,0;0,0;0,0;-0,1088;-1,19;1;0,0;0;1;5;0;0
7;HapticsFixedCC;4;2,1111;256,7523;7,4;0,3962;0,0;0,0;0,0;-0,1093;-1,19;1;0,0;0;1;5;0;0
7;HapticsFixedCC;4;2,125;256,7238;7,4;0,2472;0,0;0,0;0,0;-0,1098;-1,18;1;0,0;0;1;5;0;0
7;HapticsFixedCC;4;2,1389;256,6953;7,4;0,1345;0,0;0,0;0,0;-0,1103;-1,18;1;0,0;0;1;5;0;0
7;HapticsFixedCC;4;2,1528;256,6667;7,8;0,0335;0,0;0,0;0,0;-0,1109;-1,18;1;0,0;0;1;5;0;0
7;HapticsFixedCC;4;2,1667;256,6366;7,8;-0,0367;0,0;0,0;0,0;-0,1115;-1,18;1;0,0;0;1;5;0;0
7;HapticsFixedCC;4;2,1805;256,6065;7,8;-0,0468;0,0;0,0;0,0;-0,1121;-1,18;1;0,0;0;1;5;0;0
7;HapticsFixedCC;4;2,1944;256,5764;7,8;-0,0506;0,0;0,0;0,0;-0,1127;-1,18;1;0,0;0;1;5;0;0
7;HapticsFixedCC;4;2,2083;256,5464;7,8;-0,0546;0,0;0,0;0,0;-0,1133;-1,18;1;0,0;0;1;5;0;0
7;HapticsFixedCC;4;2,2222;256,5446;7,8;-0,0523;0,0;0,0;0,0;-0,1139;-1,18;1;0,0;0;1;5;0;0
7;HapticsFixedCC;4;2,2361;256,5446;7,8;-0,0442;0,0;0,0;0,0;-0,1145;-1,18;1;0,0;0;1;5;0;0
7;HapticsFixedCC;4;2,25;256,5446;7,8;-0,0146;0,0;0,0;0,0;-0,1151;-1,18;1;0,0;0;1;5;0;0
7;HapticsFixedCC;4;2,2639;256,5446;7,8;0,0461;0,0;0,0;0,0;-0,1157;-1,18;1;0,0;0;1;5;0;0
7;HapticsFixedCC;4;2,2778;256,5446;7,8;0,1165;0,0;0,0;0,0;-0,1163;-1,17;1;0,0;0;1;5;0;0
7;HapticsFixedCC;4;2,2917;256,5446;7,8;0,1941;0,0;0,0;0,0;-0,1168;-1,17;1;0,0;0;1;5;0;0
7;HapticsFixedCC;4;2,3055;256,5446;7,8;0,2807;0,0;0,0;0,0;-0,1174;-1,16;1;0,0;0;1;5;0;0
7;HapticsFixedCC;4;2,3194;256,3057;7,8;0,3386;0,0;0,0;0,0;-0,1179;-1,16;1;0,0;0;1;5;0;0
7;HapticsFixedCC;4;2,3333;256,2756;7,8;0,4051;0,0;0,0;0,0;-0,1184;-1,15;1;0,0;0;1;5;0;0
7;HapticsFixedCC;4;2,3472;256,2455;7,8;0,4744;0,0;0,0;0,0;-0,1189;-1,14;1;0,0;0;1;5;0;0
7;HapticsFixedCC;4;2,3611;256,2154;7,8;0,5416;0,0;0,0;0,0;-0,1193;-1,13;1;0,0;0;1;5;0;0
7;HapticsFixedCC;4;2,375;256,1853;7,8;0,5962;0,0;0,0;0,0;-0,1198;-1,11;1;0,0;0;1;5;0;0
7;HapticsFixedCC;4;2,3889;256,1552;7,8;0,6342;0,0;0,0;0,0;-0,1202;-1,1;1;0,0;0;1;5;0;0
7;HapticsFixedCC;4;2,4028;256,1251;7,8;0,6678;0,0;0,0;0,0;-0,1206;-1,09;1;0,0;0;1;5;0;0
7;HapticsFixedCC;4;2,4167;256,095;7,8;0,7006;0,0;0,0;0,0;-0,121;-1,07;1;0,0;0;1;5;0;0
7;HapticsFixedCC;4;2,4305;256,0829;7,8;0,7346;0,0;0,0;0,0;-0,1214;-1,06;1;0,0;0;1;5;0;0
7;HapticsFixedCC;4;2,4444;256,0829;7,8;0,7641;0,0;0,0;0,0;-0,1218;-1,04;1;0,0;0;1;5;0;0
7;HapticsFixedCC;4;2,4583;256,0829;7,8;0,7899;0,0;0,0;0,0;-0,1222;-1,02;1;0,0;0;1;5;0;0
7;HapticsFixedCC;4;2,4722;256,0829;7,8;0,8135;0,0;0,0;0,0;-0,1226;-1,01;1;0,0;0;1;5;0;0
7;HapticsFixedCC;4;2,4861;256,0829;7,8;0,8375;0,0;0,0;0,0;-0,1229;-0,99;1;0,0;0;1;5;0;0
7;HapticsFixedCC;4;2,5;256,0829;7,8;0,8576;0,0;0,0;0,0;-0,1232;-0,97;1;0,0;0;1;5;0;0
7;HapticsFixedCC;4;2,5139;256,0829;7,8;0,8776;0,0;0,0;0,0;-0,1235;-0,95;1;0,0;0;1;5;0;0
7;HapticsFixedCC;4;2,5278;255,8543;7,8;0,8955;0,0;0,0;0,0;-0,1238;-0,94;1;0,0;0;1;5;0;0
7;HapticsFixedCC;4;2,5417;255,8242;7,8;0,9111;0,0;0,0;0,0;-0,1241;-0,92;1;0,0;0;1;5;0;0
7;HapticsFixedCC;4;2,5555;255,7941;7,8;0,9245;0,0;0,0;0,0;-0,1244;-0,9;1;0,0;0;1;5;0;0
7;HapticsFixedCC;4;2,5694;255,764;7,8;0,9318;0,0;0,0;0,0;-0,1247;-0,88;1;0,0;0;1;5;0;0
7;HapticsFixedCC;4;2,5833;255,7339;7,8;0,935;0,0;0,0;0,0;-0,1249;-0,86;1;0,0;0;1;5;0;0
7;HapticsFixedCC;4;2,5972;255,7038;7,8;0,9357;0,0;0,0;0,0;-0,1252;-0,84;1;0,0;0;1;5;0;0
7;HapticsFixedCC;4;2,6111;255,6737;7,8;0,9331;0,0;0,0;0,0;-0,1254;-0,82;1;0,0;0;1;5;0;0
7;HapticsFixedCC;4;2,625;255,6436;7,8;0,927;0,0;0,0;0,0;-0,1256;-0,8;1;0,0;0;1;5;0;0
7;HapticsFixedCC;4;2,6389;255,6326;7,8;0,9148;0,0;0,0;0,0;-0,1259;-0,78;1;0,0;0;1;5;0;0
7;HapticsFixedCC;4;2,6528;255,6326;8,5;0,9045;0,0;0,0;0,0;-0,126;-0,76;1;0,0;0;1;5;0;0
7;HapticsFixedCC;4;2,6667;255,6326;8,5;0,9004;0,0;0,0;0,0;-0,1263;-0,74;1;0,0;0;1;5;0;0
7;HapticsFixedCC;4;2,6805;255,6326;8,5;0,9013;0,0;0,0;0,0;-0,1265;-0,72;1;0,0;0;1;5;0;0
7;HapticsFixedCC;4;2,6944;255,6326;8,5;0,9081;0,0;0,0;0,0;-0,1267;-0,7;1;0,0;0;1;5;0;0
7;HapticsFixedCC;4;2,7083;255,6326;8,5;0,9222;0,0;0,0;0,0;-0,1269;-0,68;1;0,0;0;1;5;0;0
7;HapticsFixedCC;4;2,7222;255,6326;8,5;0,9483;0,0;0,0;0,0;-0,127;-0,66;1;0,0;0;1;5;0;0
7;HapticsFixedCC;4;2,7361;255,3867;8,5;0,9931;0,0;0,0;0,0;-0,1272;-0,64;1;0,0;0;1;5;0;0
7;HapticsFixedCC;4;2,75;255,3539;8,5;1,029;0,0;0,0;0,0;-0,1273;-0,62;1;0,0;0;1;5;0;0
7;HapticsFixedCC;4;2,7639;255,3211;8,5;1,0667;0,0;0,0;0,0;-0,1274;-0,59;1;0,0;0;1;5;0;0
7;HapticsFixedCC;4;2,7778;255,2883;8,5;1,0956;0,0;0,0;0,0;-0,1274;-0,57;1;0,0;0;1;5;0;0
7;HapticsFixedCC;4;2,7917;255,2555;8,5;1,122;0,0;0,0;0,0;-0,1275;-0,54;1;0,0;0;1;5;0;0
7;HapticsFixedCC;4;2,8055;255,2227;8,5;1,146;0,0;0,0;0,0;-0,1275;-0,52;1;0,0;0;1;5;0;0
7;HapticsFixedCC;4;2,8194;255,1899;8,5;1,1593;0,0;0,0;0,0;-0,1275;-0,49;1;0,0;0;1;5;0;0
7;HapticsFixedCC;4;2,8333;255,1751;8,5;1,1643;0,0;0,0;0,0;-0,1275;-0,47;1;0,0;0;1;5;0;0
7;HapticsFixedCC;4;2,8472;255,1751;8,5;1,1603;0,0;0,0;0,0;-0,1275;-0,44;1;0,0;0;1;5;0;0
7;HapticsFixedCC;4;2,8611;255,1751;8,5;1,1374;0,0;0,0;0,0;-0,1275;-0,41;1;0,0;0;1;5;0;0
7;HapticsFixedCC;4;2,875;255,1751;8,5;1,1196;0,0;0,0;0,0;-0,1274;-0,39;1;0,0;0;1;5;0;0
7;HapticsFixedCC;4;2,8889;255,1751;8,5;1,0677;0,0;0,0;0,0;-0,1274;-0,36;1;0,0;0;1;5;0;0
7;HapticsFixedCC;4;2,9028;255,1751;8,5;1,0139;0,0;0,0;0,0;-0,1274;-0,34;1;0,0;0;1;5;0;0
7;HapticsFixedCC;4;2,9167;255,1751;8,5;0,9644;0,0;0,0;0,0;-0,1273;-0,32;1;0,0;0;1;5;0;0
7;HapticsFixedCC;4;2,9305;254,9276;8,5;0,9325;0,0;0,0;0,0;-0,1273;-0,3;1;0,0;0;1;5;0;0
7;HapticsFixedCC;4;2,9444;254,8948;8,5;0,8948;0,0;0,0;0,0;-0,1272;-0,28;1;0,0;0;1;5;0;0
7;HapticsFixedCC;4;2,9583;254,862;8,5;0,8433;0,0;0,0;0,0;-0,1272;-0,26;1;0,0;0;1;5;0;0
7;HapticsFixedCC;4;2,9722;254,8292;8,5;0,7873;0,0;0,0;0,0;-0,1271;-0,24;1;0,0;0;1;5;0;0
7;HapticsFixedCC;4;2,9861;254,7964;8,5;0,7639;0,0;0,0;0,0;-0,1271;-0,22;1;0,0;0;1;5;0;0
7;HapticsFixedCC;4;3,0;254,7636;8,5;0,7397;0,0;0,0;0,0;-0,127;-0,21;1;0,0;0;1;5;0;0
7;HapticsFixedCC;4;3,0139;254,7308;8,5;0,7041;0,0;0,0;0,0;-0,1269;-0,19;1;0,0;0;1;7;0;0
7;HapticsFixedCC;4;3,0278;254,719;8,5;0,665;0,0;0,0;0,0;-0,1269;-0,18;1;0,0;0;1;7;0;0
7;HapticsFixedCC;4;3,0417;254,719;8,5;0,6329;0,0;0,0;0,0;-0,1268;-0,16;1;0,0;0;1;7;0;0
7;HapticsFixedCC;4;3,0555;254,719;8,5;0,5985;0,0;0,0;0,0;-0,1268;-0,15;1;0,0;0;1;7;0;0
7;HapticsFixedCC;4;3,0694;254,719;8,5;0,566;0,0;0,0;0,0;-0,1267;-0,14;1;0,0;0;1;7;0;0
7;HapticsFixedCC;4;3,0833;254,719;8,5;0,5236;0,0;0,0;0,0;-0,1267;-0,12;1;0,0;0;1;7;0;0
7;HapticsFixedCC;4;3,0972;254,719;8,5;0,4771;0,0;0,0;0,0;-0,1266;-0,11;1;0,0;0;1;7;0;0
7;HapticsFixedCC;4;3,1111;254,719;8,5;0,4309;0,0;0,0;0,0;-0,1266;-0,1;1;0,0;0;1;7;0;0
7;HapticsFixedCC;4;3,125;254,4685;8,5;0,3807;0,0;0,0;0,0;-0,1266;-0,09;1;0,0;0;1;7;0;0
7;HapticsFixedCC;4;3,1389;254,4357;8,5;0,3706;0,0;0,0;0,0;-0,1265;-0,09;1;0,0;0;1;7;0;0
7;HapticsFixedCC;4;3,1528;254,4029;8,4;0,2822;0,0;0,0;0,0;-0,1265;-0,08;1;0,0;0;1;7;0;0
7;HapticsFixedCC;4;3,1667;254,3705;8,4;0,2096;0,0;0,0;0,0;-0,1265;-0,07;1;0,0;0;1;7;0;0
7;HapticsFixedCC;4;3,1805;254,3381;8,4;0,1339;0,0;0,0;0,0;-0,1265;-0,07;1;0,0;0;1;7;0;0
7;HapticsFixedCC;4;3,1944;254,3057;8,4;0,0285;0,0;0,0;0,0;-0,1265;-0,07;1;0,0;0;1;7;0;0
7;HapticsFixedCC;4;3,2083;254,2733;8,4;-0,1013;0,0;0,0;0,0;-0,1265;-0,07;1;0,0;0;1;7;0;0
7;HapticsFixedCC;4;3,2222;254,2644;8,4;-0,309;0,0;0,0;0,0;-0,1266;-0,08;1;0,0;0;1;7;0;0
7;HapticsFixedCC;4;3,2361;254,2644;8,4;-0,5011;0,0;0,0;0,0;-0,1267;-0,09;1;0,0;0;1;7;0;0
7;HapticsFixedCC;4;3,25;254,2644;8,4;-0,6505;0,0;0,0;0,0;-0,1269;-0,1;1;0,0;0;1;7;0;0
7;HapticsFixedCC;4;3,2639;254,2644;8,4;-0,7776;0,0;0,0;0,0;-0,1271;-0,12;1;0,0;0;1;7;0;0
7;HapticsFixedCC;4;3,2778;254,2644;8,4;-0,868;0,0;0,0;0,0;-0,1274;-0,14;1;0,0;0;1;7;0;0
7;HapticsFixedCC;4;3,2917;254,2644;8,4;-0,9333;0,0;0,0;0,0;-0,1276;-0,16;1;0,0;0;1;7;0;0
7;HapticsFixedCC;4;3,3055;254,2644;8,4;-0,999;0,0;0,0;0,0;-0,1279;-0,18;1;0,0;0;1;7;0;0
7;HapticsFixedCC;4;3,3194;254,014;8,4;-1,0391;0,0;0,0;0,0;-0,1283;-0,2;1;0,0;0;1;7;0;0
7;HapticsFixedCC;4;3,3333;253,9816;8,4;-1,0921;0,0;0,0;0,0;-0,1286;-0,22;1;0,0;0;1;7;0;0
7;HapticsFixedCC;4;3,3472;253,9492;8,4;-1,1728;0,0;0,0;0,0;-0,129;-0,25;1;0,0;0;1;7;0;0
7;HapticsFixedCC;4;3,3611;253,9168;8,4;-1,2325;0,0;0,0;0,0;-0,1294;-0,27;1;0,0;0;1;7;0;0
7;HapticsFixedCC;4;3,375;253,8844;8,4;-1,306;0,0;0,0;0,0;-0,1298;-0,3;1;0,0;0;1;7;0;0
7;HapticsFixedCC;4;3,3889;253,852;9,1;-1,3477;0,0;0,0;0,0;-0,1303;-0,33;1;0,0;0;1;7;0;0
7;HapticsFixedCC;4;3,4028;253,8169;9,1;-1,3747;0,0;0,0;0,0;-0,1308;-0,36;1;0,0;0;1;7;0;0
7;HapticsFixedCC;4;3,4167;253,8058;9,1;-1,39;0,0;0,0;0,0;-0,1313;-0,4;1;0,0;0;1;7;0;0
7;HapticsFixedCC;4;3,4305;253,8058;9,1;-1,3927;0,0;0,0;0,0;-0,1319;-0,43;1;0,0;0;1;7;0;0
7;HapticsFixedCC;4;3,4444;253,8058;9,1;-1,3788;0,0;0,0;0,0;-0,1324;-0,46;1;0,0;0;1;7;0;0
7;HapticsFixedCC;4;3,4583;253,8058;9,1;-1,3354;0,0;0,0;0,0;-0,133;-0,49;1;0,0;0;1;7;0;0
7;HapticsFixedCC;4;3,4722;253,8058;9,1;-1,2645;0,0;0,0;0,0;-0,1336;-0,52;1;0,0;0;1;7;0;0
7;HapticsFixedCC;4;3,4861;253,8058;9,1;-1,1934;0,0;0,0;0,0;-0,1342;-0,55;1;0,0;0;1;7;0;0
7;HapticsFixedCC;4;3,5;253,5712;9,1;-1,1158;0,0;0,0;0,0;-0,1348;-0,57;1;0,0;0;1;7;0;0
7;HapticsFixedCC;4;3,5139;253,5361;9,1;-1,0539;0,0;0,0;0,0;-0,1353;-0,6;1;0,0;0;1;7;0;0
7;HapticsFixedCC;4;3,5278;253,501;9,1;-0,9314;0,0;0,0;0,0;-0,1359;-0,62;1;0,0;0;1;7;0;0
7;HapticsFixedCC;4;3,5417;253,4659;9,1;-0,7595;0,0;0,0;0,0;-0,1365;-0,64;1;0,0;0;1;7;0;0
7;HapticsFixedCC;4;3,5555;253,4308;9,1;-0,5431;0,0;0,0;0,0;-0,137;-0,65;1;0,0;0;1;7;0;0
7;HapticsFixedCC;4;3,5694;253,3956;9,1;-0,3414;0,0;0,0;0,0;-0,1375;-0,66;1;0,0;0;1;7;0;0
7;HapticsFixedCC;4;3,5833;253,3605;9,1;-0,1289;0,0;0,0;0,0;-0,1379;-0,66;1;0,0;0;1;7;0;0
7;HapticsFixedCC;4;3,5972;253,3526;9,1;0,1381;0,0;0,0;0,0;-0,1382;-0,65;1;0,0;0;1;7;0;0
7;HapticsFixedCC;4;3,6111;253,3526;9,1;0,357;0,0;0,0;0,0;-0,1385;-0,65;1;0,0;0;1;7;0;0
7;HapticsFixedCC;4;3,625;253,3526;9,1;0,5444;0,0;0,0;0,0;-0,1388;-0,63;1;0,0;0;1;7;0;0
7;HapticsFixedCC;4;3,6389;253,3526;9,1;0,7346;0,0;0,0;0,0;-0,139;-0,61;1;0,0;0;1;7;0;0
7;HapticsFixedCC;4;3,6528;253,3526;9,1;0,9413;0,0;0,0;0,0;-0,1391;-0,59;1;0,0;0;1;7;0;0
7;HapticsFixedCC;4;3,6667;253,3526;9,1;1,1708;0,0;0,0;0,0;-0,1392;-0,56;1;0,0;0;1;7;0;0
7;HapticsFixedCC;4;3,6805;253,1148;9,1;1,3914;0,0;0,0;0,0;-0,1392;-0,53;1;0,0;0;1;7;0;0
7;HapticsFixedCC;4;3,6944;253,0797;9,1;1,6175;0,0;0,0;0,0;-0,1391;-0,49;1;0,0;0;1;7;0;0
7;HapticsFixedCC;4;3,7083;253,0446;9,1;1,821;0,0;0,0;0,0;-0,1389;-0,45;1;0,0;0;1;7;0;0
7;HapticsFixedCC;4;3,7222;253,0094;9,1;2,0225;0,0;0,0;0,0;-0,1387;-0,4;1;0,0;0;1;7;0;0
7;HapticsFixedCC;4;3,7361;252,9743;9,1;2,2172;0,0;0,0;0,0;-0,1384;-0,35;1;0,0;0;1;7;0;0
7;HapticsFixedCC;4;3,75;252,9392;9,1;2,3775;0,0;0,0;0,0;-0,138;-0,29;1;0,0;0;1;7;0;0
7;HapticsFixedCC;4;3,7639;252,9041;9,1;2,5513;0,0;0,0;0,0;-0,1376;-0,23;1;0,0;0;1;7;0;0
7;HapticsFixedCC;4;3,7778;252,8935;9,1;2,7017;0,0;0,0;0,0;-0,137;-0,17;1;0,0;0;1;7;0;0
7;HapticsFixedCC;4;3,7917;252,8935;9,1;2,8195;0,0;0,0;0,0;-0,1364;-0,1;1;0,0;0;1;7;0;0
7;HapticsFixedCC;4;3,8055;252,8935;9,1;2,8356;0,0;0,0;0,0;-0,1358;-0,03;1;0,0;0;1;7;0;0
7;HapticsFixedCC;4;3,8194;252,8935;9,1;2,7908;0,0;0,0;0,0;-0,1351;0,03;1;0,0;0;1;7;0;0
7;HapticsFixedCC;4;3,8333;252,8935;9,1;2,7462;0,0;0,0;0,0;-0,1344;0,09;1;0,0;0;1;7;0;0
7;HapticsFixedCC;4;3,8472;252,8935;9,1;2,7076;0,0;0,0;0,0;-0,1337;0,16;1;0,0;0;1;7;0;0
7;HapticsFixedCC;4;3,8611;252,6584;9,1;2,6526;0,0;0,0;0,0;-0,133;0,22;1;0,0;0;1;7;0;0
7;HapticsFixedCC;4;3,875;252,6233;9,1;2,5269;0,0;0,0;0,0;-0,1322;0,28;1;0,0;0;1;7;0;0
7;HapticsFixedCC;4;3,8889;252,5882;9,2;2,3826;0,0;0,0;0,0;-0,1315;0,34;1;0,0;0;1;7;0;0
7;HapticsFixedCC;4;3,9028;252,5527;9,2;2,268;0,0;0,0;0,0;-0,1307;0,39;1;0,0;0;1;7;0;0
7;HapticsFixedCC;4;3,9167;252,5172;9,2;2,0887;0,0;0,0;0,0;-0,1299;0,44;1;0,0;0;1;7;0;0
7;HapticsFixedCC;4;3,9305;252,4817;9,2;1,9234;0,0;0,0;0,0;-0,1292;0,49;1;0,0;0;1;7;0;0
7;HapticsFixedCC;4;3,9444;252,4462;9,2;1,744;0,0;0,0;0,0;-0,1285;0,53;1;0,0;0;1;7;0;0
7;HapticsFixedCC;4;3,9583;252,4407;9,2;1,6226;0,0;0,0;0,0;-0,1277;0,57;1;0,0;0;1;7;0;0
7;HapticsFixedCC;4;3,9722;252,4407;9,2;1,4137;0,0;0,0;0,0;-0,127;0,6;1;0,0;0;1;7;0;0
7;HapticsFixedCC;4;3,9861;252,4407;9,2;1,2148;0,0;0,0;0,0;-0,1263;0,63;1;0,0;0;1;7;0;0
7;HapticsFixedCC;4;4,0;252,4407;9,2;1,0142;0,0;0,0;0,0;-0,1257;0,65;1;0,0;0;1;7;0;0
7;HapticsFixedCC;4;4,0139;252,4407;9,2;0,7972;0,0;0,0;0,0;-0,1251;0,67;1;0,0;0;1;6;0;0
7;HapticsFixedCC;4;4,0278;252,4407;9,2;0,6747;0,0;0,0;0,0;-0,1245;0,69;1;0,0;0;1;6;0;0
7;HapticsFixedCC;4;4,0417;252,1978;9,2;0,4681;0,0;0,0;0,0;-0,1239;0,7;1;0,0;0;1;6;0;0
7;HapticsFixedCC;4;4,0555;252,1623;9,2;0,2808;0,0;0,0;0,0;-0,1234;0,71;1;0,0;0;1;6;0;0
7;HapticsFixedCC;4;4,0694;252,1268;9,2;0,1184;0,0;0,0;0,0;-0,1229;0,71;1;0,0;0;1;6;0;0
7;HapticsFixedCC;4;4,0833;252,0913;9,2;-0,0438;0,0;0,0;0,0;-0,1224;0,71;1;0,0;0;1;6;0;0
7;HapticsFixedCC;4;4,0972;252,0558;9,2;-0,1584;0,0;0,0;0,0;-0,122;0,71;1;0,0;0;1;6;0;0
7;HapticsFixedCC;4;4,1111;252,0203;9,2;-0,3331;0,0;0,0;0,0;-0,1216;0,7;1;0,0;0;1;6;0;0
7;HapticsFixedCC;4;4,125;251,9848;9,2;-0,4603;0,0;0,0;0,0;-0,1213;0,69;1;0,0;0;1;6;0;0
7;HapticsFixedCC;4;4,1389;251,982;9,2;-0,5816;0,0;0,0;0,0;-0,121;0,68;1;0,0;0;1;6;0;0
7;HapticsFixedCC;4;4,1528;251,982;9,2;-0,6933;0,0;0,0;0,0;-0,1207;0,66;1;0,0;0;1;6;0;0
7;HapticsFixedCC;4;4,1667;251,982;9,2;-0,7722;0,0;0,0;0,0;-0,1205;0,64;1;0,0;0;1;6;0;0
7;HapticsFixedCC;4;4,1805;251,982;9,2;-0,8692;0,0;0,0;0,0;-0,1203;0,62;1;0,0;0;1;6;0;0
7;HapticsFixedCC;4;4,1944;251,982;9,2;-0,93;0,0;0,0;0,0;-0,1201;0,6;1;0,0;0;1;6;0;0
7;HapticsFixedCC;4;4,2083;251,982;9,2;-0,9466;0,0;0,0;0,0;-0,1199;0,58;1;0,0;0;1;6;0;0
7;HapticsFixedCC;4;4,2222;251,7364;9,2;-0,9724;0,0;0,0;0,0;-0,1198;0,56;1;0,0;0;1;6;0;0
7;HapticsFixedCC;4;4,2361;251,7009;9,2;-0,9889;0,0;0,0;0,0;-0,1197;0,53;1;0,0;0;1;6;0;0
7;HapticsFixedCC;4;4,25;251,6654;9,2;-0,9991;0,0;0,0;0,0;-0,1195;0,51;1;0,0;0;1;6;0;0
7;HapticsFixedCC;4;4,2639;251,6299;9,2;-1,0045;0,0;0,0;0,0;-0,1195;0,49;1;0,0;0;1;6;0;0
7;HapticsFixedCC;4;4,2778;251,5944;9,2;-1,0009;0,0;0,0;0,0;-0,1194;0,46;1;0,0;0;1;6;0;0
7;HapticsFixedCC;4;4,2917;251,5589;9,2;-0,9856;0,0;0,0;0,0;-0,1194;0,44;1;0,0;0;1;6;0;0
7;HapticsFixedCC;4;4,3055;251,5286;9,2;-0,9571;0,0;0,0;0,0;-0,1193;0,42;1;0,0;0;1;6;0;0
7;HapticsFixedCC;4;4,3194;251,5286;9,2;-0,9293;0,0;0,0;0,0;-0,1193;0,39;1;0,0;0;1;6;0;0
7;HapticsFixedCC;4;4,3333;251,5286;9,2;-0,9054;0,0;0,0;0,0;-0,1192;0,37;1;0,0;0;1;6;0;0
7;HapticsFixedCC;4;4,3472;251,5286;9,2;-0,8805;0,0;0,0;0,0;-0,1192;0,35;1;0,0;0;1;6;0;0
7;HapticsFixedCC;4;4,3611;251,5286;9,2;-0,8575;0,0;0,0;0,0;-0,1192;0,33;1;0,0;0;1;6;0;0
7;HapticsFixedCC;4;4,375;251,5286;9,2;-0,8337;0,0;0,0;0,0;-0,1192;0,31;1;0,0;0;1;6;0;0
7;HapticsFixedCC;4;4,3889;251,5286;9,4;-0,8151;0,0;0,0;0,0;-0,1192;0,29;1;0,0;0;1;6;0;0
7;HapticsFixedCC;4;4,4028;251,2742;9,4;-0,7992;0,0;0,0;0,0;-0,1192;0,27;1;0,0;0;1;6;0;0
7;HapticsFixedCC;4;4,4167;251,2379;9,4;-0,7869;0,0;0,0;0,0;-0,1192;0,25;1;0,0;0;1;6;0;0
7;HapticsFixedCC;4;4,4305;251,2017;9,4;-0,782;0,0;0,0;0,0;-0,1193;0,23;1;0,0;0;1;6;0;0
7;HapticsFixedCC;4;4,4444;251,1654;9,4;-0,7784;0,0;0,0;0,0;-0,1193;0,21;1;0,0;0;1;6;0;0
7;HapticsFixedCC;4;4,4583;251,1291;9,4;-0,7764;0,0;0,0;0,0;-0,1193;0,19;1;0,0;0;1;6;0;0
7;HapticsFixedCC;4;4,4722;251,0928;9,4;-0,7688;0,0;0,0;0,0;-0,1194;0,17;1;0,0;0;1;6;0;0
7;HapticsFixedCC;4;4,4861;251,0707;9,4;-0,754;0,0;0,0;0,0;-0,1195;0,15;1;0,0;0;1;6;0;0
7;HapticsFixedCC;4;4,5;251,0707;9,4;-0,7245;0,0;0,0;0,0;-0,1195;0,13;1;0,0;0;1;6;0;0
7;HapticsFixedCC;4;4,5139;251,0707;9,4;-0,6939;0,0;0,0;0,0;-0,1196;0,12;1;0,0;0;1;6;0;0
7;HapticsFixedCC;4;4,5278;251,0707;9,4;-0,6468;0,0;0,0;0,0;-0,1197;0,1;1;0,0;0;1;6;0;0
7;HapticsFixedCC;4;4,5417;251,0707;9,4;-0,5638;0,0;0,0;0,0;-0,1198;0,09;1;0,0;0;1;6;0;0
7;HapticsFixedCC;4;4,5555;251,0707;9,4;-0,4928;0,0;0,0;0,0;-0,1198;0,07;1;0,0;0;1;6;0;0
7;HapticsFixedCC;4;4,5694;250,839;9,4;-0,4288;0,0;0,0;0,0;-0,1199;0,06;1;0,0;0;1;6;0;0
7;HapticsFixedCC;4;4,5833;250,8027;9,4;-0,3509;0,0;0,0;0,0;-0,1199;0,05;1;0,0;0;1;6;0;0
7;HapticsFixedCC;4;4,5972;250,7664;9,4;-0,2598;0,0;0,0;0,0;-0,1199;0,04;1;0,0;0;1;6;0;0
7;HapticsFixedCC;4;4,6111;250,7302;9,4;-0,1652;0,0;0,0;0,0;-0,1199;0,04;1;0,0;0;1;6;0;0
7;HapticsFixedCC;4;4,625;250,6939;9,4;-0,0645;0,0;0,0;0,0;-0,1199;0,04;1;0,0;0;1;6;0;0
7;HapticsFixedCC;4;4,6389;250,6577;9,4;-0,0445;0,0;0,0;0,0;-0,1199;0,04;1;0,0;0;1;6;0;0
7;HapticsFixedCC;4;4,6528;250,6214;9,4;0,0061;0,0;0,0;0,0;-0,1199;0,04;1;0,0;0;1;6;0;0
7;HapticsFixedCC;4;4,6667;250,6166;9,4;0,0462;0,0;0,0;0,0;-0,1199;0,04;1;0,0;0;1;6;0;0
7;HapticsFixedCC;4;4,6805;250,6166;9,4;0,0864;0,0;0,0;0,0;-0,1198;0,04;1;0,0;0;1;6;0;0
7;HapticsFixedCC;4;4,6944;250,6166;9,4;0,1051;0,0;0,0;0,0;-0,1198;0,05;1;0,0;0;1;6;0;0
7;HapticsFixedCC;4;4,7083;250,6166;9,4;0,1088;0,0;0,0;0,0;-0,1198;0,05;1;0,0;0;1;6;0;0
7;HapticsFixedCC;4;4,7222;250,6166;9,4;0,1144;0,0;0,0;0,0;-0,1197;0,06;1;0,0;0;1;6;0;0
7;HapticsFixedCC;4;4,7361;250,6166;9,4;0,1104;0,0;0,0;0,0;-0,1196;0,06;1;0,0;0;1;6;0;0
7;HapticsFixedCC;4;4,75;250,3675;9,4;0,0958;0,0;0,0;0,0;-0,1196;0,06;1;0,0;0;1;6;0;0
7;HapticsFixedCC;4;4,7639;250,3313;9,4;0,0765;0,0;0,0;0,0;-0,1195;0,07;1;0,0;0;1;6;0;0
7;HapticsFixedCC;4;4,7778;250,295;9,4;0,0647;0,0;0,0;0,0;-0,1195;0,07;1;0,0;0;1;6;0;0
7;HapticsFixedCC;4;4,7917;250,2587;9,4;0,0541;0,0;0,0;0,0;-0,1194;0,07;1;0,0;0;1;6;0;0
7;HapticsFixedCC;4;4,8055;250,2225;9,4;0,05;0,0;0,0;0,0;-0,1194;0,07;1;0,0;0;1;6;0;0
7;HapticsFixedCC;4;4,8194;250,1862;9,4;0,0558;0,0;0,0;0,0;-0,1193;0,07;1;0,0;0;1;6;0;0
7;HapticsFixedCC;4;4,8333;250,1595;9,4;0,064;0,0;0,0;0,0;-0,1193;0,07;1;0,0;0;1;6;0;0
7;HapticsFixedCC;4;4,8472;250,1595;9,4;0,0721;0,0;0,0;0,0;-0,1192;0,08;1;0,0;0;1;6;0;0
7;HapticsFixedCC;4;4,8611;250,1595;9,4;0,0802;0,0;0,0;0,0;-0,1192;0,08;1;0,0;0;1;6;0;0
7;HapticsFixedCC;4;4,875;250,1595;9,4;0,0786;0,0;0,0;0,0;-0,1191;0,08;1;0,0;0;1;6;0;0
7;HapticsFixedCC;4;4,8889;250,1595;9,4;0,0759;0,0;0,0;0,0;-0,1191;0,08;1;0,0;0;1;6;0;0
7;HapticsFixedCC;4;4,9028;250,1595;9,4;0,0692;0,0;0,0;0,0;-0,119;0,09;1;0,0;0;1;6;0;0
7;HapticsFixedCC;4;4,9167;250,1595;9,4;0,0759;0,0;0,0;0,0;-0,1189;0,09;1;0,0;0;1;6;0;0
7;HapticsFixedCC;4;4,9305;249,8961;9,4;0,0865;0,0;0,0;0,0;-0,1189;0,09;1;0,0;0;1;6;0;0
7;HapticsFixedCC;4;4,9444;249,8598;9,4;0,1368;0,0;0,0;0,0;-0,1188;0,1;1;0,0;0;1;6;0;0
7;HapticsFixedCC;4;4,9583;249,8235;9,4;0,171;0,0;0,0;0,0;-0,1187;0,1;1;0,0;0;1;6;0;0
7;HapticsFixedCC;4;4,9722;249,7873;9,4;0,2068;0,0;0,0;0,0;-0,1186;0,11;1;0,0;0;1;6;0;0
7;HapticsFixedCC;4;4,9861;249,751;9,4;0,2335;0,0;0,0;0,0;-0,1185;0,11;1;0,0;0;1;6;0;0
7;HapticsFixedCC;4;5,0;249,7147;9,4;0,2565;0,0;0,0;0,0;-0,1183;0,12;1;0,0;0;1;6;0;0
7;HapticsFixedCC;4;5,0139;249,7046;9,4;0,2747;0,0;0,0;0,0;-0,1182;0,13;1;0,0;0;1;6;0;0
7;HapticsFixedCC;4;5,0278;249,7046;9,4;0,2831;0,0;0,0;0,0;-0,1181;0,13;1;0,0;0;1;1;0;0
7;HapticsFixedCC;4;5,0417;249,7046;9,4;0,2855;0,0;0,0;0,0;-0,1179;0,14;1;0,0;0;1;1;0;0
7;HapticsFixedCC;4;5,0555;249,7046;9,4;0,2789;0,0;0,0;0,0;-0,1178;0,15;1;0,0;0;1;1;0;0
7;HapticsFixedCC;4;5,0694;249,7046;9,4;0,2597;0,0;0,0;0,0;-0,1176;0,15;1;0,0;0;1;1;0;0
7;HapticsFixedCC;4;5,0833;249,7046;9,4;0,2308;0,0;0,0;0,0;-0,1175;0,16;1;0,0;0;1;1;0;0
7;HapticsFixedCC;4;5,0972;249,4609;9,4;0,1916;0,0;0,0;0,0;-0,1173;0,17;1;0,0;0;1;1;0;0
7;HapticsFixedCC;4;5,1111;249,4246;9,4;0,1512;0,0;0,0;0,0;-0,1172;0,17;1;0,0;0;1;1;0;0
7;HapticsFixedCC;4;5,125;249,3883;9,4;0,116;0,0;0,0;0,0;-0,1171;0,17;1;0,0;0;1;1;0;0
7;HapticsFixedCC;4;5,1389;249,3521;9,4;0,0765;0,0;0,0;0,0;-0,117;0,18;1;0,0;0;1;1;0;0
7;HapticsFixedCC;4;5,1528;249,3158;9,8;0,0305;0,0;0,0;0,0;-0,1169;0,18;1;0,0;0;1;1;0;0
7;HapticsFixedCC;4;5,1667;249,278;9,8;-0,0269;0,0;0,0;0,0;-0,1168;0,18;1;0,0;0;1;1;0;0
7;HapticsFixedCC;4;5,1805;249,2482;9,8;-0,0838;0,0;0,0;0,0;-0,1167;0,17;1;0,0;0;1;1;0;0
7;HapticsFixedCC;4;5,1944;249,2482;9,8;-0,1442;0,0;0,0;0,0;-0,1166;0,17;1;0,0;0;1;1;0;0
7;HapticsFixedCC;4;5,2083;249,2482;9,8;-0,2141;0,0;0,0;0,0;-0,1165;0,17;1;0,0;0;1;1;0;0
7;HapticsFixedCC;4;5,2222;249,2482;9,8;-0,2607;0,0;0,0;0,0;-0,1165;0,16;1;0,0;0;1;1;0;0
7;HapticsFixedCC;4;5,2361;249,2482;9,8;-0,3105;0,0;0,0;0,0;-0,1165;0,15;1;0,0;0;1;1;0;0
7;HapticsFixedCC;4;5,25;249,2482;9,8;-0,3371;0,0;0,0;0,0;-0,1165;0,14;1;0,0;0;1;1;0;0
7;HapticsFixedCC;4;5,2639;249,0133;9,8;-0,3611;0,0;0,0;0,0;-0,1165;0,14;1;0,0;0;1;1;0;0
7;HapticsFixedCC;4;5,2778;248,9755;9,8;-0,3713;0,0;0,0;0,0;-0,1164;0,13;1;0,0;0;1;1;0;0
7;HapticsFixedCC;4;5,2917;248,9377;9,8;-0,3767;0,0;0,0;0,0;-0,1164;0,12;1;0,0;0;1;1;0;0
7;HapticsFixedCC;4;5,3055;248,8999;9,8;-0,378;0,0;0,0;0,0;-0,1164;0,11;1;0,0;0;1;1;0;0
7;HapticsFixedCC;4;5,3194;248,8621;9,8;-0,3782;0,0;0,0;0,0;-0,1164;0,1;1;0,0;0;1;1;0;0
7;HapticsFixedCC;4;5,3333;248,8243;9,8;-0,3774;0,0;0,0;0,0;-0,1164;0,09;1;0,0;0;1;1;0;0
7;HapticsFixedCC;4;5,3472;248,7926;9,8;-0,3771;0,0;0,0;0,0;-0,1165;0,08;1;0,0;0;1;1;0;0
7;HapticsFixedCC;4;5,3611;248,7926;9,8;-0,3766;0,0;0,0;0,0;-0,1165;0,07;1;0,0;0;1;1;0;0
7;HapticsFixedCC;4;5,375;248,7926;9,8;-0,3742;0,0;0,0;0,0;-0,1166;0,06;1;0,0;0;1;1;0;0
7;HapticsFixedCC;4;5,3889;248,7926;9,8;-0,37;0,0;0,0;0,0;-0,1166;0,05;1;0,0;0;1;1;0;0
7;HapticsFixedCC;4;5,4028;248,7926;9,8;-0,3563;0,0;0,0;0,0;-0,1166;0,04;1;0,0;0;1;1;0;0
7;HapticsFixedCC;4;5,4167;248,7926;9,8;-0,3334;0,0;0,0;0,0;-0,1166;0,03;1;0,0;0;1;1;0;0
7;HapticsFixedCC;4;5,4305;248,5596;9,8;-0,2887;0,0;0,0;0,0;-0,1167;0,03;1;0,0;0;1;1;0;0
7;HapticsFixedCC;4;5,4444;248,5218;9,8;-0,2264;0,0;0,0;0,0;-0,1167;0,03;1;0,0;0;1;1;0;0
7;HapticsFixedCC;4;5,4583;248,484;9,8;-0,1352;0,0;0,0;0,0;-0,1167;0,02;1;0,0;0;1;1;0;0
7;HapticsFixedCC;4;5,4722;248,4462;9,8;-0,0536;0,0;0,0;0,0;-0,1167;0,02;1;0,0;0;1;1;0;0
7;HapticsFixedCC;4;5,4861;248,4084;9,8;0,0318;0,0;0,0;0,0;-0,1166;0,02;1;0,0;0;1;1;0;0
7;HapticsFixedCC;4;5,5;248,3706;9,8;0,1306;0,0;0,0;0,0;-0,1165;0,03;1;0,0;0;1;1;0;0
7;HapticsFixedCC;4;5,5139;248,3367;9,8;0,235;0,0;0,0;0,0;-0,1164;0,03;1;0,0;0;1;1;0;0
7;HapticsFixedCC;4;5,5278;248,3367;9,8;0,3016;0,0;0,0;0,0;-0,1163;0,04;1;0,0;0;1;1;0;0
7;HapticsFixedCC;4;5,5417;248,3367;9,8;0,3556;0,0;0,0;0,0;-0,1162;0,05;1;0,0;0;1;1;0;0
7;HapticsFixedCC;4;5,5555;248,3367;9,8;0,4084;0,0;0,0;0,0;-0,116;0,06;1;0,0;0;1;1;0;0
7;HapticsFixedCC;4;5,5694;248,3367;9,8;0,5021;0,0;0,0;0,0;-0,1158;0,08;1;0,0;0;1;1;0;0
7;HapticsFixedCC;4;5,5833;248,3367;9,8;0,5895;0,0;0,0;0,0;-0,1156;0,09;1;0,0;0;1;1;0;0
7;HapticsFixedCC;4;5,5972;248,106;9,8;0,6443;0,0;0,0;0,0;-0,1154;0,11;1;0,0;0;1;1;0;0
7;HapticsFixedCC;4;5,6111;248,0682;9,8;0,6965;0,0;0,0;0,0;-0,1151;0,13;1;0,0;0;1;1;0;0
7;HapticsFixedCC;4;5,625;248,0303;9,8;0,7475;0,0;0,0;0,0;-0,1148;0,15;1;0,0;0;1;1;0;0
7;HapticsFixedCC;4;5,6389;247,9925;9,8;0,7927;0,0;0,0;0,0;-0,1145;0,17;1;0,0;0;1;1;0;0
7;HapticsFixedCC;4;5,6528;247,9547;9,7;0,8362;0,0;0,0;0,0;-0,1142;0,19;1;0,0;0;1;1;0;0
7;HapticsFixedCC;4;5,6667;247,9173;9,7;0,8746;0,0;0,0;0,0;-0,1138;0,21;1;0,0;0;1;1;0;0
7;HapticsFixedCC;4;5,6805;247,8807;9,7;0,9062;0,0;0,0;0,0;-0,1135;0,23;1;0,0;0;1;1;0;0
7;HapticsFixedCC;4;5,6944;247,8807;9,7;0,9385;0,0;0,0;0,0;-0,1131;0,25;1;0,0;0;1;1;0;0
7;HapticsFixedCC;4;5,7083;247,8807;9,7;0,9611;0,0;0,0;0,0;-0,1126;0,28;1;0,0;0;1;1;0;0
7;HapticsFixedCC;4;5,7222;247,8807;9,7;0,9713;0,0;0,0;0,0;-0,1122;0,3;1;0,0;0;1;1;0;0
7;HapticsFixedCC;4;5,7361;247,8807;9,7;0,9753;0,0;0,0;0,0;-0,1117;0,33;1;0,0;0;1;1;0;0
7;HapticsFixedCC;4;5,75;247,8807;9,7;0,9688;0,0;0,0;0,0;-0,1112;0,35;1;0,0;0;1;1;0;0
7;HapticsFixedCC;4;5,7639;247,8807;9,7;0,9586;0,0;0,0;0,0;-0,1107;0,38;1;0,0;0;1;1;0;0
7;HapticsFixedCC;4;5,7778;247,6179;9,7;0,944;0,0;0,0;0,0;-0,1102;0,4;1;0,0;0;1;1;0;0
7;HapticsFixedCC;4;5,7917;247,5805;9,7;0,9232;0,0;0,0;0,0;-0,1097;0,43;1;0,0;0;1;1;0;0
7;HapticsFixedCC;4;5,8055;247,5431;9,7;0,8979;0,0;0,0;0,0;-0,1092;0,45;1;0,0;0;1;1;0;0
7;HapticsFixedCC;4;5,8194;247,5057;9,7;0,8681;0,0;0,0;0,0;-0,1086;0,47;1;0,0;0;1;1;0;0
7;HapticsFixedCC;4;5,8333;247,4683;9,7;0,8349;0,0;0,0;0,0;-0,1081;0,49;1;0,0;0;1;1;0;0
7;HapticsFixedCC;4;5,8472;247,4308;9,7;0,804;0,0;0,0;0,0;-0,1076;0,51;1;0,0;0;1;1;0;0
7;HapticsFixedCC;4;5,8611;247,425;9,7;0,7859;0,0;0,0;0,0;-0,107;0,53;1;0,0;0;1;1;0;0
7;HapticsFixedCC;4;5,875;247,425;9,7;0,7689;0,0;0,0;0,0;-0,1065;0,55;1;0,0;0;1;1;0;0
7;HapticsFixedCC;4;5,8889;247,425;9,1;0,7587;0,0;0,0;0,0;-0,1059;0,57;1;0,0;0;1;1;0;0
7;HapticsFixedCC;4;5,9028;247,425;9,1;0,7467;0,0;0,0;0,0;-0,1054;0,59;1;0,0;0;1;1;0;0
7;HapticsFixedCC;4;5,9167;247,425;9,1;0,741;0,0;0,0;0,0;-0,1048;0,61;1;0,0;0;1;1;0;0
7;HapticsFixedCC;4;5,9305;247,425;9,1;0,7414;0,0;0,0;0,0;-0,1043;0,62;1;0,0;0;1;1;0;0
7;HapticsFixedCC;4;5,9444;247,1782;9,1;0,7517;0,0;0,0;0,0;-0,1037;0,64;1;0,0;0;1;1;0;0
7;HapticsFixedCC;4;5,9583;247,1431;9,1;0,7657;0,0;0,0;0,0;-0,1031;0,66;1;0,0;0;1;1;0;0
7;HapticsFixedCC;4;5,9722;247,108;9,1;0,7758;0,0;0,0;0,0;-0,1025;0,68;1;0,0;0;1;1;0;0
7;HapticsFixedCC;4;5,9861;247,0728;9,1;0,7822;0,0;0,0;0,0;-0,1019;0,7;1;0,0;0;1;1;0;0
7;HapticsFixedCC;4;6,0;247,0377;9,1;0,782;0,0;0,0;0,0;-0,1013;0,72;1;0,0;0;1;1;0;0
7;HapticsFixedCC;4;6,0139;247,0026;9,1;0,7765;0,0;0,0;0,0;-0,1006;0,73;1;0,0;0;1;1;0;0
7;HapticsFixedCC;4;6,0278;246,9689;9,1;0,763;0,0;0,0;0,0;-0,1;0,75;1;0,0;0;1;2;0;0
7;HapticsFixedCC;4;6,0417;246,9689;9,1;0,7497;0,0;0,0;0,0;-0,0993;0,77;1;0,0;0;1;2;0;0
7;HapticsFixedCC;4;6,0555;246,9689;9,1;0,7389;0,0;0,0;0,0;-0,0986;0,79;1;0,0;0;1;2;0;0
7;HapticsFixedCC;4;6,0694;246,9689;9,1;0,7319;0,0;0,0;0,0;-0,0979;0,81;1;0,0;0;1;2;0;0
7;HapticsFixedCC;4;6,0833;246,9689;9,1;0,7284;0,0;0,0;0,0;-0,0972;0,82;1;0,0;0;1;2;0;0
7;HapticsFixedCC;4;6,0972;246,9689;9,1;0,731;0,0;0,0;0,0;-0,0965;0,84;1;0,0;0;1;2;0;0
7;HapticsFixedCC;4;6,1111;246,9689;9,1;0,7331;0,0;0,0;0,0;-0,0959;0,86;1;0,0;0;1;2;0;0
7;HapticsFixedCC;4;6,125;246,7218;9,1;0,734;0,0;0,0;0,0;-0,0951;0,88;1;0,0;0;1;2;0;0
7;HapticsFixedCC;4;6,1389;246,6867;9,1;0,7347;0,0;0,0;0,0;-0,0944;0,89;1;0,0;0;1;2;0;0
7;HapticsFixedCC;4;6,1528;246,6516;9,1;0,7292;0,0;0,0;0,0;-0,0936;0,91;1;0,0;0;1;2;0;0
7;HapticsFixedCC;4;6,1667;246,6165;9,1;0,7186;0,0;0,0;0,0;-0,0929;0,93;1;0,0;0;1;2;0;0
7;HapticsFixedCC;4;6,1805;246,5814;9,1;0,6897;0,0;0,0;0,0;-0,0922;0,95;1;0,0;0;1;2;0;0
7;HapticsFixedCC;4;6,1944;246,5463;9,1;0,6621;0,0;0,0;0,0;-0,0914;0,96;1;0,0;0;1;2;0;0
7;HapticsFixedCC;4;6,2083;246,5131;9,1;0,6204;0,0;0,0;0,0;-0,0907;0,98;1;0,0;0;1;2;0;0
7;HapticsFixedCC;4;6,2222;246,5131;9,1;0,5442;0,0;0,0;0,0;-0,0899;0,99;1;0,0;0;1;2;0;0
7;HapticsFixedCC;4;6,2361;246,5131;9,1;0,4321;0,0;0,0;0,0;-0,0892;1,0;1;0,0;0;1;2;0;0
7;HapticsFixedCC;4;6,25;246,5131;9,1;0,3154;0,0;0,0;0,0;-0,0885;1,01;1;0,0;0;1;2;0;0
7;HapticsFixedCC;4;6,2639;246,5131;9,1;0,2316;0,0;0,0;0,0;-0,0878;1,01;1;0,0;0;1;2;0;0
7;HapticsFixedCC;4;6,2778;246,5131;9,1;0,1259;0,0;0,0;0,0;-0,0871;1,02;1;0,0;0;1;2;0;0
7;HapticsFixedCC;4;6,2917;246,5131;9,1;0,0509;0,0;0,0;0,0;-0,0865;1,02;1;0,0;0;1;2;0;0
7;HapticsFixedCC;4;6,3055;246,2655;9,1;-0,0535;0,0;0,0;0,0;-0,0858;1,02;1;0,0;0;1;2;0;0
7;HapticsFixedCC;4;6,3194;246,2304;9,1;-0,1686;0,0;0,0;0,0;-0,0852;1,02;1;0,0;0;1;2;0;0
7;HapticsFixedCC;4;6,3333;246,1953;9,1;-0,2493;0,0;0,0;0,0;-0,0846;1,01;1;0,0;0;1;2;0;0
7;HapticsFixedCC;4;6,3472;246,1602;9,1;-0,2943;0,0;0,0;0,0;-0,0841;1,0;1;0,0;0;1;2;0;0
7;HapticsFixedCC;4;6,3611;246,1251;9,1;-0,3241;0,0;0,0;0,0;-0,0835;1,0;1;0,0;0;1;2;0;0
7;HapticsFixedCC;4;6,375;246,09;9,1;-0,3745;0,0;0,0;0,0;-0,083;0,99;1;0,0;0;1;2;0;0
7;HapticsFixedCC;4;6,3889;246,0572;8,6;-0,411;0,0;0,0;0,0;-0,0824;0,98;1;0,0;0;1;2;0;0
7;HapticsFixedCC;4;6,4028;246,0572;8,6;-0,4631;0,0;0,0;0,0;-0,082;0,97;1;0,0;0;1;2;0;0
7;HapticsFixedCC;4;6,4167;246,0572;8,6;-0,5008;0,0;0,0;0,0;-0,0815;0,96;1;0,0;0;1;2;0;0
7;HapticsFixedCC;4;6,4305;246,0572;8,6;-0,52;0,0;0,0;0,0;-0,081;0,95;1;0,0;0;1;2;0;0
7;HapticsFixedCC;4;6,4444;246,0572;8,6;-0,5405;0,0;0,0;0,0;-0,0806;0,94;1;0,0;0;1;2;0;0
7;HapticsFixedCC;4;6,4583;246,0572;8,6;-0,5472;0,0;0,0;0,0;-0,0802;0,92;1;0,0;0;1;2;0;0
7;HapticsFixedCC;4;6,4722;246,0572;8,6;-0,5558;0,0;0,0;0,0;-0,0798;0,91;1;0,0;0;1;2;0;0
7;HapticsFixedCC;4;6,4861;245,8226;8,6;-0,5474;0,0;0,0;0,0;-0,0793;0,9;1;0,0;0;1;2;0;0
7;HapticsFixedCC;4;6,5;245,7895;8,6;-0,5254;0,0;0,0;0,0;-0,0789;0,89;1;0,0;0;1;2;0;0
7;HapticsFixedCC;4;6,5139;245,7563;8,6;-0,4874;0,0;0,0;0,0;-0,0785;0,88;1;0,0;0;1;2;0;0
7;HapticsFixedCC;4;6,5278;245,7231;8,6;-0,4418;0,0;0,0;0,0;-0,0781;0,87;1;0,0;0;1;2;0;0
7;HapticsFixedCC;4;6,5417;245,6899;8,6;-0,3658;0,0;0,0;0,0;-0,0776;0,86;1;0,0;0;1;2;0;0
7;HapticsFixedCC;4;6,5555;245,6568;8,6;-0,3085;0,0;0,0;0,0;-0,0772;0,86;1;0,0;0;1;2;0;0
7;HapticsFixedCC;4;6,5694;245,6236;8,6;-0,2615;0,0;0,0;0,0;-0,0767;0,85;1;0,0;0;1;2;0;0
7;HapticsFixedCC;4;6,5833;245,6011;8,6;-0,2125;0,0;0,0;0,0;-0,0763;0,85;1;0,0;0;1;2;0;0
7;HapticsFixedCC;4;6,5972;245,6011;8,6;-0,1684;0,0;0,0;0,0;-0,0758;0,84;1;0,0;0;1;2;0;0
7;HapticsFixedCC;4;6,6111;245,6011;8,6;-0,1158;0,0;0,0;0,0;-0,0753;0,84;1;0,0;0;1;2;0;0
7;HapticsFixedCC;4;6,625;245,6011;8,6;-0,0758;0,0;0,0;0,0;-0,0748;0,84;1;0,0;0;1;2;0;0
7;HapticsFixedCC;4;6,6389;245,6011;8,6;-0,046;0,0;0,0;0,0;-0,0743;0,84;1;0,0;0;1;2;0;0
7;HapticsFixedCC;4;6,6528;245,6011;8,6;-0,0018;0,0;0,0;0,0;-0,0738;0,84;1;0,0;0;1;2;0;0
7;HapticsFixedCC;4;6,6667;245,6011;8,6;0,0645;0,0;0,0;0,0;-0,0733;0,84;1;0,0;0;1;2;0;0
7;HapticsFixedCC;4;6,6805;245,3582;8,6;0,1056;0,0;0,0;0,0;-0,0728;0,85;1;0,0;0;1;2;0;0
7;HapticsFixedCC;4;6,6944;245,325;8,6;0,1694;0,0;0,0;0,0;-0,0722;0,85;1;0,0;0;1;2;0;0
7;HapticsFixedCC;4;6,7083;245,2918;8,6;0,2406;0,0;0,0;0,0;-0,0717;0,86;1;0,0;0;1;2;0;0
7;HapticsFixedCC;4;6,7222;245,2586;8,6;0,3081;0,0;0,0;0,0;-0,0711;0,86;1;0,0;0;1;2;0;0
7;HapticsFixedCC;4;6,7361;245,2255;8,6;0,4193;0,0;0,0;0,0;-0,0705;0,87;1;0,0;0;1;2;0;0
7;HapticsFixedCC;4;6,75;245,1923;8,6;0,5208;0,0;0,0;0,0;-0,0698;0,88;1;0,0;0;1;2;0;0
7;HapticsFixedCC;4;6,7639;245,1591;8,6;0,6496;0,0;0,0;0,0;-0,0691;0,9;1;0,0;0;1;2;0;0
7;HapticsFixedCC;4;6,7778;245,1457;8,6;0,7939;0,0;0,0;0,0;-0,0684;0,92;1;0,0;0;1;2;0;0
7;HapticsFixedCC;4;6,7917;245,1457;8,6;0,9651;0,0;0,0;0,0;-0,0676;0,94;1;0,0;0;1;2;0;0
7;HapticsFixedCC;4;6,8055;245,1457;8,6;1,103;0,0;0,0;0,0;-0,0668;0,97;1;0,0;0;1;2;0;0
7;HapticsFixedCC;4;6,8194;245,1457;8,6;1,2348;0,0;0,0;0,0;-0,0659;0,99;1;0,0;0;1;2;0;0
7;HapticsFixedCC;4;6,8333;245,1457;8,6;1,4369;0,0;0,0;0,0;-0,065;1,03;1;0,0;0;1;2;0;0
7;HapticsFixedCC;4;6,8472;245,1457;8,6;1,659;0,0;0,0;0,0;-0,064;1,06;1;0,0;0;1;2;0;0
7;HapticsFixedCC;4;6,8611;245,1457;8,6;1,8452;0,0;0,0;0,0;-0,063;1,1;1;0,0;0;1;2;0;0
7;HapticsFixedCC;4;6,875;244,8938;8,6;1,9278;0,0;0,0;0,0;-0,0619;1,15;1;0,0;0;1;2;0;0
7;HapticsFixedCC;4;6,8889;244,8606;8,5;1,9934;0,0;0,0;0,0;-0,0607;1,19;1;0,0;0;1;2;0;0
7;HapticsFixedCC;4;6,9028;244,8278;8,5;1,9667;0,0;0,0;0,0;-0,0596;1,24;1;0,0;0;1;2;0;0
7;HapticsFixedCC;4;6,9167;244,7951;8,5;1,9518;0,0;0,0;0,0;-0,0584;1,28;1;0,0;0;1;2;0;0
7;HapticsFixedCC;4;6,9305;244,7623;8,5;1,9223;0,0;0,0;0,0;-0,0572;1,32;1;0,0;0;1;2;0;0
7;HapticsFixedCC;4;6,9444;244,7295;8,5;1,9038;0,0;0,0;0,0;-0,056;1,36;1;0,0;0;1;2;0;0
7;HapticsFixedCC;4;6,9583;244,6967;8,5;1,8653;0,0;0,0;0,0;-0,0548;1,4;1;0,0;0;1;2;0;0
7;HapticsFixedCC;4;6,9722;244,6891;8,5;1,7815;0,0;0,0;0,0;-0,0536;1,44;1;0,0;0;1;2;0;0
7;HapticsFixedCC;4;6,9861;244,6891;8,5;1,6856;0,0;0,0;0,0;-0,0524;1,48;1;0,0;0;1;2;0;0
7;HapticsFixedCC;4;7,0;244,6891;8,5;1,565;0,0;0,0;0,0;-0,0512;1,52;1;0,0;0;1;2;0;0
7;HapticsFixedCC;4;7,0139;244,6891;8,5;1,4318;0,0;0,0;0,0;-0,0499;1,55;1;0,0;0;1;2;0;0
7;HapticsFixedCC;4;7,0278;244,6891;8,5;1,2648;0,0;0,0;0,0;-0,0487;1,58;1;0,0;0;1;5;0;0
7;HapticsFixedCC;4;7,0417;244,6891;8,5;1,0437;0,0;0,0;0,0;-0,0476;1,6;1;0,0;0;1;5;0;0
7;HapticsFixedCC;4;7,0555;244,6891;8,5;0,8581;0,0;0,0;0,0;-0,0465;1,62;1;0,0;0;1;5;0;0
7;HapticsFixedCC;4;7,0694;244,4346;8,5;0,6333;0,0;0,0;0,0;-0,0454;1,63;1;0,0;0;1;5;0;0
7;HapticsFixedCC;4;7,0833;244,4018;8,5;0,4077;0,0;0,0;0,0;-0,0443;1,64;1;0,0;0;1;5;0;0
7;HapticsFixedCC;4;7,0972;244,369;8,5;0,2382;0,0;0,0;0,0;-0,0434;1,65;1;0,0;0;1;5;0;0
7;HapticsFixedCC;4;7,1111;244,3362;8,5;0,065;0,0;0,0;0,0;-0,0424;1,65;1;0,0;0;1;5;0;0
7;HapticsFixedCC;4;7,125;244,3034;8,5;-0,0552;0,0;0,0;0,0;-0,0414;1,65;1;0,0;0;1;5;0;0
7;HapticsFixedCC;4;7,1389;244,2707;8,5;-0,1919;0,0;0,0;0,0;-0,0405;1,65;1;0,0;0;1;5;0;0
7;HapticsFixedCC;4;7,1528;244,2379;9,2;-0,3345;0,0;0,0;0,0;-0,0396;1,64;1;0,0;0;1;5;0;0
7;HapticsFixedCC;4;7,1667;244,2342;9,2;-0,497;0,0;0,0;0,0;-0,0387;1,63;1;0,0;0;1;5;0;0
7;HapticsFixedCC;4;7,1805;244,2342;9,2;-0,57;0,0;0,0;0,0;-0,0378;1,61;1;0,0;0;1;5;0;0
7;HapticsFixedCC;4;7,1944;244,2342;9,2;-0,6996;0,0;0,0;0,0;-0,037;1,6;1;0,0;0;1;5;0;0
7;HapticsFixedCC;4;7,2083;244,2342;9,2;-0,8044;0,0;0,0;0,0;-0,0362;1,58;1;0,0;0;1;5;0;0
7;HapticsFixedCC;4;7,2222;244,2342;9,2;-0,9724;0,0;0,0;0,0;-0,0354;1,56;1;0,0;0;1;5;0;0
7;HapticsFixedCC;4;7,2361;244,2342;9,2;-1,0608;0,0;0,0;0,0;-0,0347;1,53;1;0,0;0;1;5;0;0
7;HapticsFixedCC;4;7,25;243,9895;9,2;-1,2331;0,0;0,0;0,0;-0,034;1,5;1;0,0;0;1;5;0;0
7;HapticsFixedCC;4;7,2639;243,954;9,2;-1,3168;0,0;0,0;0,0;-0,0334;1,47;1;0,0;0;1;5;0;0
7;HapticsFixedCC;4;7,2778;243,9185;9,2;-1,4532;0,0;0,0;0,0;-0,0328;1,44;1;0,0;0;1;5;0;0
7;HapticsFixedCC;4;7,2917;243,883;9,2;-1,544;0,0;0,0;0,0;-0,0323;1,4;1;0,0;0;1;5;0;0
7;HapticsFixedCC;4;7,3055;243,8475;9,2;-1,6158;0,0;0,0;0,0;-0,0318;1,36;1;0,0;0;1;5;0;0
7;HapticsFixedCC;4;7,3194;243,812;9,2;-1,6289;0,0;0,0;0,0;-0,0313;1,32;1;0,0;0;1;5;0;0
7;HapticsFixedCC;4;7,3333;243,7771;9,2;-1,6633;0,0;0,0;0,0;-0,0309;1,28;1;0,0;0;1;5;0;0
7;HapticsFixedCC;4;7,3472;243,7771;9,2;-1,6676;0,0;0,0;0,0;-0,0305;1,24;1;0,0;0;1;5;0;0
7;HapticsFixedCC;4;7,3611;243,7771;9,2;-1,6748;0,0;0,0;0,0;-0,0301;1,2;1;0,0;0;1;5;0;0
7;HapticsFixedCC;4;7,375;243,7771;9,2;-1,6743;0,0;0,0;0,0;-0,0298;1,16;1;0,0;0;1;5;0;0
7;HapticsFixedCC;4;7,3889;243,7771;9,2;-1,6597;0,0;0,0;0,0;-0,0294;1,12;1;0,0;0;1;5;0;0
7;HapticsFixedCC;4;7,4028;243,7771;9,2;-1,6211;0,0;0,0;0,0;-0,0291;1,08;1;0,0;0;1;5;0;0
7;HapticsFixedCC;4;7,4167;243,7771;9,2;-1,5647;0,0;0,0;0,0;-0,0288;1,05;1;0,0;0;1;5;0;0
7;HapticsFixedCC;4;7,4305;243,528;9,2;-1,5263;0,0;0,0;0,0;-0,0286;1,01;1;0,0;0;1;5;0;0
7;HapticsFixedCC;4;7,4444;243,4926;9,2;-1,5015;0,0;0,0;0,0;-0,0283;0,97;1;0,0;0;1;5;0;0
7;HapticsFixedCC;4;7,4583;243,4571;9,2;-1,4743;0,0;0,0;0,0;-0,028;0,94;1;0,0;0;1;5;0;0
7;HapticsFixedCC;4;7,4722;243,4216;9,2;-1,4647;0,0;0,0;0,0;-0,0278;0,9;1;0,0;0;1;5;0;0
7;HapticsFixedCC;4;7,4861;243,3861;9,2;-1,4505;0,0;0,0;0,0;-0,0276;0,87;1;0,0;0;1;5;0;0
7;HapticsFixedCC;4;7,5;243,3506;9,2;-1,4421;0,0;0,0;0,0;-0,0274;0,83;1;0,0;0;1;5;0;0
7;HapticsFixedCC;4;7,5139;243,3225;9,2;-1,4416;0,0;0,0;0,0;-0,0272;0,8;1;0,0;0;1;5;0;0
7;HapticsFixedCC;4;7,5278;243,3225;9,2;-1,4402;0,0;0,0;0,0;-0,027;0,76;1;0,0;0;1;5;0;0
7;HapticsFixedCC;4;7,5417;243,3225;9,2;-1,4436;0,0;0,0;0,0;-0,0269;0,73;1;0,0;0;1;5;0;0
7;HapticsFixedCC;4;7,5555;243,3225;9,2;-1,4471;0,0;0,0;0,0;-0,0268;0,69;1;0,0;0;1;5;0;0
7;HapticsFixedCC;4;7,5694;243,3225;9,2;-1,4525;0,0;0,0;0,0;-0,0267;0,66;1;0,0;0;1;5;0;0
7;HapticsFixedCC;4;7,5833;243,3225;9,2;-1,4588;0,0;0,0;0,0;-0,0266;0,62;1;0,0;0;1;5;0;0
7;HapticsFixedCC;4;7,5972;243,3225;9,2;-1,4703;0,0;0,0;0,0;-0,0266;0,59;1;0,0;0;1;5;0;0
7;HapticsFixedCC;4;7,6111;243,0666;9,2;-1,4724;0,0;0,0;0,0;-0,0266;0,55;1;0,0;0;1;5;0;0
7;HapticsFixedCC;4;7,625;243,0311;9,2;-1,4721;0,0;0,0;0,0;-0,0266;0,52;1;0,0;0;1;5;0;0
7;HapticsFixedCC;4;7,6389;242,9956;9,2;-1,4641;0,0;0,0;0,0;-0,0266;0,48;1;0,0;0;1;5;0;0
7;HapticsFixedCC;4;7,6528;242,9601;9,4;-1,451;0,0;0,0;0,0;-0,0267;0,45;1;0,0;0;1;5;0;0
7;HapticsFixedCC;4;7,6667;242,9239;9,4;-1,4326;0,0;0,0;0,0;-0,0268;0,41;1;0,0;0;1;5;0;0
7;HapticsFixedCC;4;7,6805;242,8876;9,4;-1,4192;0,0;0,0;0,0;-0,0269;0,38;1;0,0;0;1;5;0;0
7;HapticsFixedCC;4;7,6944;242,8652;9,4;-1,3925;0,0;0,0;0,0;-0,027;0,35;1;0,0;0;1;5;0;0
7;HapticsFixedCC;4;7,7083;242,8652;9,4;-1,3643;0,0;0,0;0,0;-0,0271;0,31;1;0,0;0;1;5;0;0
7;HapticsFixedCC;4;7,7222;242,8652;9,4;-1,3237;0,0;0,0;0,0;-0,0272;0,28;1;0,0;0;1;5;0;0
7;HapticsFixedCC;4;7,7361;242,8652;9,4;-1,2943;0,0;0,0;0,0;-0,0274;0,25;1;0,0;0;1;5;0;0
7;HapticsFixedCC;4;7,75;242,8652;9,4;-1,2511;0,0;0,0;0,0;-0,0276;0,22;1;0,0;0;1;5;0;0
7;HapticsFixedCC;4;7,7639;242,8652;9,4;-1,2121;0,0;0,0;0,0;-0,0277;0,19;1;0,0;0;1;5;0;0
7;HapticsFixedCC;4;7,7778;242,6337;9,4;-1,1718;0,0;0,0;0,0;-0,0279;0,17;1;0,0;0;1;5;0;0
7;HapticsFixedCC;4;7,7917;242,5975;9,4;-1,1393;0,0;0,0;0,0;-0,0281;0,14;1;0,0;0;1;5;0;0
7;HapticsFixedCC;4;7,8055;242,5612;9,4;-1,0746;0,0;0,0;0,0;-0,0283;0,11;1;0,0;0;1;5;0;0
7;HapticsFixedCC;4;7,8194;242,5249;9,4;-1,0153;0,0;0,0;0,0;-0,0285;0,09;1;0,0;0;1;5;0;0
7;HapticsFixedCC;4;7,8333;242,4886;9,4;-0,9275;0,0;0,0;0,0;-0,0287;0,07;1;0,0;0;1;5;0;0
7;HapticsFixedCC;4;7,8472;242,4524;9,4;-0,8382;0,0;0,0;0,0;-0,0288;0,04;1;0,0;0;1;5;0;0
7;HapticsFixedCC;4;7,8611;242,4161;9,4;-0,7515;0,0;0,0;0,0;-0,029;0,03;1;0,0;0;1;5;0;0
7;HapticsFixedCC;4;7,875;242,4104;9,4;-0,6629;0,0;0,0;0,0;-0,0291;0,0;1;0,0;0;1;5;0;0
7;HapticsFixedCC;4;7,8889;242,4104;9,4;-0,5277;0,0;0,0;0,0;-0,0293;0,0;1;0,0;0;1;5;0;0
7;HapticsFixedCC;4;7,9028;242,4104;9,4;-0,4174;0,0;0,0;0,0;-0,0294;0,0;1;0,0;0;1;5;0;0
7;HapticsFixedCC;4;7,9167;242,4104;9,4;-0,3032;0,0;0,0;0,0;-0,0295;0,0;1;0,0;0;1;5;0;0
7;HapticsFixedCC;4;7,9305;242,4104;9,4;-0,192;0,0;0,0;0,0;-0,0295;0,0;1;0,0;0;1;5;0;0
7;HapticsFixedCC;4;7,9444;242,4104;9,4;-0,1134;0,0;0,0;0,0;-0,0296;-0,02;1;0,0;0;1;5;0;0
7;HapticsFixedCC;4;7,9583;242,1623;9,4;-0,0216;0,0;0,0;0,0;-0,0296;-0,02;1;0,0;0;1;5;0;0
7;HapticsFixedCC;4;7,9722;242,126;9,4;0,0562;0,0;0,0;0,0;-0,0296;-0,02;1;0,0;0;1;5;0;0
7;HapticsFixedCC;4;7,9861;242,0897;9,4;0,13;0,0;0,0;0,0;-0,0296;0,0;1;0,0;0;1;5;0;0
7;HapticsFixedCC;4;8,0;242,0535;9,4;0,1875;0,0;0,0;0,0;-0,0296;0,0;1;0,0;0;1;5;0;0
7;HapticsFixedCC;4;8,0139;242,0172;9,4;0,2314;0,0;0,0;0,0;-0,0296;0,0;1;0,0;0;1;5;0;0
7;HapticsFixedCC;4;8,0278;241,9809;9,4;0,2472;0,0;0,0;0,0;-0,0295;0,0;1;0,0;0;1;8;0;0
7;HapticsFixedCC;4;8,0417;241,9537;9,4;0,2629;0,0;0,0;0,0;-0,0294;0,0;1;0,0;0;1;8;0;0
7;HapticsFixedCC;4;8,0555;241,9537;9,4;0,2781;0,0;0,0;0,0;-0,0294;0,0;1;0,0;0;1;8;0;0
7;HapticsFixedCC;4;8,0694;241,9537;9,4;0,2897;0,0;0,0;0,0;-0,0293;0,02;1;0,0;0;1;8;0;0
7;HapticsFixedCC;4;8,0833;241,9537;9,4;0,2976;0,0;0,0;0,0;-0,0292;0,03;1;0,0;0;1;8;0;0
7;HapticsFixedCC;4;8,0972;241,9537;9,4;0,3018;0,0;0,0;0,0;-0,0291;0,04;1;0,0;0;1;8;0;0
7;HapticsFixedCC;4;8,1111;241,9537;9,4;0,2988;0,0;0,0;0,0;-0,0291;0,05;1;0,0;0;1;8;0;0
7;HapticsFixedCC;4;8,125;241,9537;9,4;0,2928;0,0;0,0;0,0;-0,029;0,06;1;0,0;0;1;8;0;0
7;HapticsFixedCC;4;8,1389;241,6908;9,4;0,286;0,0;0,0;0,0;-0,0289;0,06;1;0,0;0;1;8;0;0
7;HapticsFixedCC;4;8,1528;241,6545;10,2;0,2733;0,0;0,0;0,0;-0,0288;0,07;1;0,0;0;1;8;0;0
7;HapticsFixedCC;4;8,1667;241,6152;10,2;0,2573;0,0;0,0;0,0;-0,0287;0,08;1;0,0;0;1;8;0;0
7;HapticsFixedCC;4;8,1805;241,5758;10,2;0,2395;0,0;0,0;0,0;-0,0286;0,08;1;0,0;0;1;8;0;0
7;HapticsFixedCC;4;8,1944;241,5365;10,2;0,2161;0,0;0,0;0,0;-0,0284;0,09;1;0,0;0;1;8;0;0
7;HapticsFixedCC;4;8,2083;241,4976;10,2;0,1975;0,0;0,0;0,0;-0,0283;0,09;1;0,0;0;1;8;0;0
7;HapticsFixedCC;4;8,2222;241,4976;10,2;0,1806;0,0;0,0;0,0;-0,0282;0,1;1;0,0;0;1;8;0;0
7;HapticsFixedCC;4;8,2361;241,4976;10,2;0,1604;0,0;0,0;0,0;-0,0281;0,11;1;0,0;0;1;8;0;0
7;HapticsFixedCC;4;8,25;241,4976;10,2;0,1319;0,0;0,0;0,0;-0,028;0,11;1;0,0;0;1;8;0;0
7;HapticsFixedCC;4;8,2639;241,4976;10,2;0,1126;0,0;0,0;0,0;-0,0279;0,11;1;0,0;0;1;8;0;0
7;HapticsFixedCC;4;8,2778;241,4976;10,2;0,0824;0,0;0,0;0,0;-0,0278;0,12;1;0,0;0;1;8;0;0
7;HapticsFixedCC;4;8,2917;241,261;10,2;0,0552;0,0;0,0;0,0;-0,0278;0,12;1;0,0;0;1;8;0;0
7;HapticsFixedCC;4;8,3055;241,2216;10,2;0,026;0,0;0,0;0,0;-0,0277;0,12;1;0,0;0;1;8;0;0
7;HapticsFixedCC;4;8,3194;241,1823;10,2;-0,0016;0,0;0,0;0,0;-0,0276;0,12;1;0,0;0;1;8;0;0
7;HapticsFixedCC;4;8,3333;241,1429;10,2;-0,0382;0,0;0,0;0,0;-0,0275;0,12;1;0,0;0;1;8;0;0
7;HapticsFixedCC;4;8,3472;241,1036;10,2;-0,0614;0,0;0,0;0,0;-0,0274;0,12;1;0,0;0;1;8;0;0
7;HapticsFixedCC;4;8,3611;241,0642;10,2;-0,0787;0,0;0,0;0,0;-0,0273;0,12;1;0,0;0;1;8;0;0
7;HapticsFixedCC;4;8,375;241,0432;10,2;-0,091;0,0;0,0;0,0;-0,0272;0,12;1;0,0;0;1;8;0;0
7;HapticsFixedCC;4;8,3889;241,0432;10,0;-0,0981;0,0;0,0;0,0;-0,0272;0,11;1;0,0;0;1;8;0;0
7;HapticsFixedCC;4;8,4028;241,0432;10,0;-0,1001;0,0;0,0;0,0;-0,0271;0,11;1;0,0;0;1;8;0;0
7;HapticsFixedCC;4;8,4167;241,0432;10,0;-0,1;0,0;0,0;0,0;-0,027;0,11;1;0,0;0;1;8;0;0
7;HapticsFixedCC;4;8,4305;241,0432;10,0;-0,0965;0,0;0,0;0,0;-0,027;0,11;1;0,0;0;1;8;0;0
7;HapticsFixedCC;4;8,4444;241,0432;10,0;-0,0846;0,0;0,0;0,0;-0,0269;0,11;1;0,0;0;1;8;0;0
7;HapticsFixedCC;4;8,4583;240,7926;10,0;-0,0726;0,0;0,0;0,0;-0,0268;0,1;1;0,0;0;1;8;0;0
7;HapticsFixedCC;4;8,4722;240,754;10,0;-0,0515;0,0;0,0;0,0;-0,0268;0,1;1;0,0;0;1;8;0;0
7;HapticsFixedCC;4;8,4861;240,7155;10,0;-0,0253;0,0;0,0;0,0;-0,0267;0,1;1;0,0;0;1;8;0;0
7;HapticsFixedCC;4;8,5;240,6769;10,0;0,0038;0,0;0,0;0,0;-0,0266;0,1;1;0,0;0;1;8;0;0
7;HapticsFixedCC;4;8,5139;240,6383;10,0;0,0346;0,0;0,0;0,0;-0,0265;0,1;1;0,0;0;1;8;0;0
7;HapticsFixedCC;4;8,5278;240,5997;10,0;0,0636;0,0;0,0;0,0;-0,0264;0,11;1;0,0;0;1;8;0;0
7;HapticsFixedCC;4;8,5417;240,5846;10,0;0,0854;0,0;0,0;0,0;-0,0263;0,11;1;0,0;0;1;8;0;0
7;HapticsFixedCC;4;8,5555;240,5846;10,0;0,0923;0,0;0,0;0,0;-0,0262;0,11;1;0,0;0;1;8;0;0
7;HapticsFixedCC;4;8,5694;240,5846;10,0;0,0996;0,0;0,0;0,0;-0,026;0,12;1;0,0;0;1;8;0;0
7;HapticsFixedCC;4;8,5833;240,5846;10,0;0,0956;0,0;0,0;0,0;-0,0259;0,12;1;0,0;0;1;8;0;0
7;HapticsFixedCC;4;8,5972;240,5846;10,0;0,0837;0,0;0,0;0,0;-0,0258;0,12;1;0,0;0;1;8;0;0
7;HapticsFixedCC;4;8,6111;240,5846;10,0;0,0639;0,0;0,0;0,0;-0,0257;0,12;1;0,0;0;1;8;0;0
7;HapticsFixedCC;4;8,625;240,3296;10,0;0,0394;0,0;0,0;0,0;-0,0256;0,12;1;0,0;0;1;8;0;0
7;HapticsFixedCC;4;8,6389;240,2911;10,0;0,0122;0,0;0,0;0,0;-0,0255;0,13;1;0,0;0;1;8;0;0
7;HapticsFixedCC;4;8,6528;240,2525;10,0;-0,0144;0,0;0,0;0,0;-0,0254;0,13;1;0,0;0;1;8;0;0
7;HapticsFixedCC;4;8,6667;240,2139;10,0;-0,0523;0,0;0,0;0,0;-0,0253;0,12;1;0,0;0;1;8;0;0
7;HapticsFixedCC;4;8,6805;240,1753;10,0;-0,0744;0,0;0,0;0,0;-0,0252;0,12;1;0,0;0;1;8;0;0
7;HapticsFixedCC;4;8,6944;240,1367;10,0;-0,0957;0,0;0,0;0,0;-0,0251;0,12;1;0,0;0;1;8;0;0
7;HapticsFixedCC;4;8,7083;240,1343;10,0;-0,1083;0,0;0,0;0,0;-0,0251;0,12;1;0,0;0;1;8;0;0
7;HapticsFixedCC;4;8,7222;240,1343;10,0;-0,115;0,0;0,0;0,0;-0,025;0,12;1;0,0;0;1;8;0;0
7;HapticsFixedCC;4;8,7361;240,1343;10,0;-0,1139;0,0;0,0;0,0;-0,0249;0,11;1;0,0;0;1;8;0;0
7;HapticsFixedCC;4;8,75;240,1343;10,0;-0,1028;0,0;0,0;0,0;-0,0248;0,11;1;0,0;0;1;8;0;0
7;HapticsFixedCC;4;8,7639;240,1343;10,0;-0,0825;0,0;0,0;0,0;-0,0248;0,11;1;0,0;0;1;8;0;0
7;HapticsFixedCC;4;8,7778;240,1343;10,0;-0,0514;0,0;0,0;0,0;-0,0247;0,11;1;0,0;0;1;8;0;0
7;HapticsFixedCC;4;8,7917;239,8667;10,0;-0,0198;0,0;0,0;0,0;-0,0246;0,11;1;0,0;0;1;8;0;0
7;HapticsFixedCC;4;8,8055;239,8281;10,0;0,0181;0,0;0,0;0,0;-0,0245;0,11;1;0,0;0;1;8;0;0
7;HapticsFixedCC;4;8,8194;239,7895;10,0;0,0654;0,0;0,0;0,0;-0,0244;0,11;1;0,0;0;1;8;0;0
7;HapticsFixedCC;4;8,8333;239,7509;10,0;0,1;0,0;0,0;0,0;-0,0243;0,12;1;0,0;0;1;8;0;0
7;HapticsFixedCC;4;8,8472;239,7123;10,0;0,128;0,0;0,0;0,0;-0,0242;0,12;1;0,0;0;1;8;0;0
7;HapticsFixedCC;4;8,8611;239,6738;10,0;0,1462;0,0;0,0;0,0;-0,0241;0,12;1;0,0;0;1;8;0;0
7;HapticsFixedCC;4;8,875;239,6731;10,0;0,1602;0,0;0,0;0,0;-0,0239;0,13;1;0,0;0;1;8;0;0
7;HapticsFixedCC;4;8,8889;239,6731;10,2;0,1649;0,0;0,0;0,0;-0,0238;0,13;1;0,0;0;1;8;0;0
7;HapticsFixedCC;4;8,9028;239,6731;10,2;0,1638;0,0;0,0;0,0;-0,0236;0,14;1;0,0;0;1;8;0;0
7;HapticsFixedCC;4;8,9167;239,6731;10,2;0,1434;0,0;0,0;0,0;-0,0235;0,14;1;0,0;0;1;8;0;0
7;HapticsFixedCC;4;8,9305;239,6731;10,2;0,1182;0,0;0,0;0,0;-0,0233;0,14;1;0,0;0;1;8;0;0
7;HapticsFixedCC;4;8,9444;239,4392;10,2;0,0805;0,0;0,0;0,0;-0,0232;0,15;1;0,0;0;1;8;0;0
7;HapticsFixedCC;4;8,9583;239,3998;10,2;0,0382;0,0;0,0;0,0;-0,0231;0,15;1;0,0;0;1;8;0;0
7;HapticsFixedCC;4;8,9722;239,3605;10,2;0,0109;0,0;0,0;0,0;-0,023;0,15;1;0,0;0;1;8;0;0
7;HapticsFixedCC;4;8,9861;239,3211;10,2;-0,0031;0,0;0,0;0,0;-0,0229;0,15;1;0,0;0;1;8;0;0
7;HapticsFixedCC;4;9,0;239,2818;10,2;-0,0086;0,0;0,0;0,0;-0,0227;0,15;1;0,0;0;1;8;0;0
7;HapticsFixedCC;4;9,0139;239,2424;10,2;0,0029;0,0;0,0;0,0;-0,0226;0,15;1;0,0;0;1;8;0;0
7;HapticsFixedCC;4;9,0278;239,217;10,2;0,0334;0,0;0,0;0,0;-0,0225;0,15;1;0,0;0;1;3;0;0
7;HapticsFixedCC;4;9,0417;239,217;10,2;0,0645;0,0;0,0;0,0;-0,0224;0,15;1;0,0;0;1;3;0;0
7;HapticsFixedCC;4;9,0555;239,217;10,2;0,0968;0,0;0,0;0,0;-0,0222;0,16;1;0,0;0;1;3;0;0
7;HapticsFixedCC;4;9,0694;239,217;10,2;0,1214;0,0;0,0;0,0;-0,0221;0,16;1;0,0;0;1;3;0;0
7;HapticsFixedCC;4;9,0833;239,217;10,2;0,1383;0,0;0,0;0,0;-0,0219;0,16;1;0,0;0;1;3;0;0
7;HapticsFixedCC;4;9,0972;239,217;10,2;0,1504;0,0;0,0;0,0;-0,0217;0,17;1;0,0;0;1;3;0;0
7;HapticsFixedCC;4;9,1111;238,9669;10,2;0,1549;0,0;0,0;0,0;-0,0215;0,17;1;0,0;0;1;3;0;0
7;HapticsFixedCC;4;9,125;238,9276;10,2;0,1531;0,0;0,0;0,0;-0,0214;0,18;1;0,0;0;1;3;0;0
7;HapticsFixedCC;4;9,1389;238,8882;10,2;0,1459;0,0;0,0;0,0;-0,0212;0,18;1;0,0;0;1;3;0;0
7;HapticsFixedCC;4;9,1528;238,8489;10,2;0,1328;0,0;0,0;0,0;-0,021;0,18;1;0,0;0;1;3;0;0
7;HapticsFixedCC;4;9,1667;238,8095;10,2;0,1197;0,0;0,0;0,0;-0,0209;0,19;1;0,0;0;1;3;0;0
7;HapticsFixedCC;4;9,1805;238,7702;10,2;0,1071;0,0;0,0;0,0;-0,0207;0,19;1;0,0;0;1;3;0;0
7;HapticsFixedCC;4;9,1944;238,7679;10,2;0,0948;0,0;0,0;0,0;-0,0205;0,19;1;0,0;0;1;3;0;0
7;HapticsFixedCC;4;9,2083;238,7679;10,2;0,0882;0,0;0,0;0,0;-0,0204;0,2;1;0,0;0;1;3;0;0
7;HapticsFixedCC;4;9,2222;238,7679;10,2;0,0874;0,0;0,0;0,0;-0,0202;0,2;1;0,0;0;1;3;0;0
7;HapticsFixedCC;4;9,2361;238,7679;10,2;0,0887;0,0;0,0;0,0;-0,02;0,2;1;0,0;0;1;3;0;0
7;HapticsFixedCC;4;9,25;238,7679;10,2;0,0953;0,0;0,0;0,0;-0,0199;0,2;1;0,0;0;1;3;0;0
7;HapticsFixedCC;4;9,2639;238,5341;10,2;0,112;0,0;0,0;0,0;-0,0197;0,21;1;0,0;0;1;3;0;0
7;HapticsFixedCC;4;9,2778;238,4947;10,2;0,151;0,0;0,0;0,0;-0,0195;0,21;1;0,0;0;1;3;0;0
7;HapticsFixedCC;4;9,2917;238,4554;10,2;0,1927;0,0;0,0;0,0;-0,0192;0,22;1;0,0;0;1;3;0;0
7;HapticsFixedCC;4;9,3055;238,416;10,2;0,224;0,0;0,0;0,0;-0,019;0,22;1;0,0;0;1;3;0;0
7;HapticsFixedCC;4;9,3194;238,3767;10,2;0,2455;0,0;0,0;0,0;-0,0188;0,23;1;0,0;0;1;3;0;0
7;HapticsFixedCC;4;9,3333;238,3373;10,2;0,2649;0,0;0,0;0,0;-0,0185;0,24;1;0,0;0;1;3;0;0
7;HapticsFixedCC;4;9,3472;238,3115;10,2;0,2795;0,0;0,0;0,0;-0,0183;0,25;1;0,0;0;1;3;0;0
7;HapticsFixedCC;4;9,3611;238,3115;10,2;0,2886;0,0;0,0;0,0;-0,018;0,25;1;0,0;0;1;3;0;0
7;HapticsFixedCC;4;9,375;238,3115;10,2;0,2931;0,0;0,0;0,0;-0,0177;0,26;1;0,0;0;1;3;0;0
7;HapticsFixedCC;4;9,3889;238,3115;10,1;0,2929;0,0;0,0;0,0;-0,0175;0,27;1;0,0;0;1;3;0;0
7;HapticsFixedCC;4;9,4028;238,3115;10,1;0,2862;0,0;0,0;0,0;-0,0172;0,28;1;0,0;0;1;3;0;0
7;HapticsFixedCC;4;9,4167;238,3115;10,1;0,2757;0,0;0,0;0,0;-0,0169;0,29;1;0,0;0;1;3;0;0
7;HapticsFixedCC;4;9,4305;238,063;10,1;0,2614;0,0;0,0;0,0;-0,0166;0,29;1;0,0;0;1;3;0;0
7;HapticsFixedCC;4;9,4444;238,024;10,1;0,2453;0,0;0,0;0,0;-0,0163;0,3;1;0,0;0;1;3;0;0
7;HapticsFixedCC;4;9,4583;237,9851;10,1;0,2247;0,0;0,0;0,0;-0,0161;0,31;1;0,0;0;1;3;0;0
7;HapticsFixedCC;4;9,4722;237,9461;10,1;0,2004;0,0;0,0;0,0;-0,0158;0,31;1;0,0;0;1;3;0;0
7;HapticsFixedCC;4;9,4861;237,9071;10,1;0,1627;0,0;0,0;0,0;-0,0155;0,32;1;0,0;0;1;3;0;0
7;HapticsFixedCC;4;9,5;237,8682;10,1;0,0902;0,0;0,0;0,0;-0,0153;0,32;1;0,0;0;1;3;0;0
7;HapticsFixedCC;4;9,5139;237,8559;10,1;0,0185;0,0;0,0;0,0;-0,0151;0,32;1;0,0;0;1;3;0;0
7;HapticsFixedCC;4;9,5278;237,8559;10,1;-0,0508;0,0;0,0;0,0;-0,0149;0,32;1;0,0;0;1;3;0;0
7;HapticsFixedCC;4;9,5417;237,8559;10,1;-0,1087;0,0;0,0;0,0;-0,0147;0,32;1;0,0;0;1;3;0;0
7;HapticsFixedCC;4;9,5555;237,8559;10,1;-0,1479;0,0;0,0;0,0;-0,0145;0,31;1;0,0;0;1;3;0;0
7;HapticsFixedCC;4;9,5694;237,8559;10,1;-0,2177;0,0;0,0;0,0;-0,0143;0,31;1;0,0;0;1;3;0;0
7;HapticsFixedCC;4;9,5833;237,8559;10,1;-0,2544;0,0;0,0;0,0;-0,0141;0,3;1;0,0;0;1;3;0;0
7;HapticsFixedCC;4;9,5972;237,5954;10,1;-0,3041;0,0;0,0;0,0;-0,014;0,29;1;0,0;0;1;3;0;0
7;HapticsFixedCC;4;9,6111;237,5564;10,1;-0,324;0,0;0,0;0,0;-0,0138;0,29;1;0,0;0;1;3;0;0
7;HapticsFixedCC;4;9,625;237,5175;10,1;-0,3473;0,0;0,0;0,0;-0,0137;0,28;1;0,0;0;1;3;0;0
7;HapticsFixedCC;4;9,6389;237,4785;10,2;-0,3658;0,0;0,0;0,0;-0,0136;0,27;1;0,0;0;1;3;0;0
7;HapticsFixedCC;4;9,6528;237,4391;10,2;-0,3808;0,0;0,0;0,0;-0,0135;0,26;1;0,0;0;1;3;0;0
7;HapticsFixedCC;4;9,6667;237,4005;10,2;-0,3849;0,0;0,0;0,0;-0,0134;0,25;1;0,0;0;1;3;0;0
7;HapticsFixedCC;4;9,6805;237,4005;10,2;-0,3786;0,0;0,0;0,0;-0,0133;0,24;1;0,0;0;1;3;0;0
7;HapticsFixedCC;4;9,6944;237,4005;10,2;-0,3591;0,0;0,0;0,0;-0,0132;0,23;1;0,0;0;1;3;0;0
7;HapticsFixedCC;4;9,7083;237,4005;10,2;-0,3314;0,0;0,0;0,0;-0,0132;0,22;1;0,0;0;1;3;0;0
7;HapticsFixedCC;4;9,7222;237,4005;10,2;-0,308;0,0;0,0;0,0;-0,0131;0,21;1;0,0;0;1;3;0;0
7;HapticsFixedCC;4;9,7361;237,4005;10,2;-0,2916;0,0;0,0;0,0;-0,013;0,21;1;0,0;0;1;3;0;0
7;HapticsFixedCC;4;9,75;237,1637;10,2;-0,2823;0,0;0,0;0,0;-0,0129;0,2;1;0,0;0;1;3;0;0
7;HapticsFixedCC;4;9,7639;237,1243;10,2;-0,2825;0,0;0,0;0,0;-0,0128;0,19;1;0,0;0;1;3;0;0
7;HapticsFixedCC;4;9,7778;237,0849;10,2;-0,2867;0,0;0,0;0,0;-0,0128;0,19;1;0,0;0;1;3;0;0
7;HapticsFixedCC;4;9,7917;237,0456;10,2;-0,2994;0,0;0,0;0,0;-0,0127;0,18;1;0,0;0;1;3;0;0
7;HapticsFixedCC;4;9,8055;237,0062;10,2;-0,3124;0,0;0,0;0,0;-0,0126;0,17;1;0,0;0;1;3;0;0
7;HapticsFixedCC;4;9,8194;236,9669;10,2;-0,335;0,0;0,0;0,0;-0,0126;0,16;1;0,0;0;1;3;0;0
7;HapticsFixedCC;4;9,8333;236,9441;10,2;-0,3609;0,0;0,0;0,0;-0,0126;0,15;1;0,0;0;1;3;0;0
7;HapticsFixedCC;4;9,8472;236,9441;10,2;-0,3834;0,0;0,0;0,0;-0,0125;0,15;1;0,0;0;1;3;0;0
7;HapticsFixedCC;4;9,8611;236,9441;10,2;-0,4016;0,0;0,0;0,0;-0,0125;0,14;1;0,0;0;1;3;0;0
7;HapticsFixedCC;4;9,875;236,9441;10,2;-0,4131;0,0;0,0;0,0;-0,0125;0,13;1;0,0;0;1;3;0;0
7;HapticsFixedCC;4;9,8889;236,9441;10,2;-0,4172;0,0;0,0;0,0;-0,0125;0,11;1;0,0;0;1;3;0;0
7;HapticsFixedCC;4;9,9028;236,9441;10,2;-0,4228;0,0;0,0;0,0;-0,0125;0,1;1;0,0;0;1;3;0;0
7;HapticsFixedCC;4;9,9167;236,6914;10,2;-0,4194;0,0;0,0;0,0;-0,0125;0,09;1;0,0;0;1;3;0;0
7;HapticsFixedCC;4;9,9305;236,6521;10,2;-0,4152;0,0;0,0;0,0;-0,0126;0,08;1;0,0;0;1;3;0;0
7;HapticsFixedCC;4;9,9444;236,6127;10,2;-0,4059;0,0;0,0;0,0;-0,0126;0,07;1;0,0;0;1;3;0;0
7;HapticsFixedCC;4;9,9583;236,5734;10,2;-0,3952;0,0;0,0;0,0;-0,0126;0,06;1;0,0;0;1;3;0;0
7;HapticsFixedCC;4;9,9722;236,534;10,2;-0,387;0,0;0,0;0,0;-0,0127;0,05;1;0,0;0;1;3;0;0
7;HapticsFixedCC;4;9,9861;236,4947;10,2;-0,364;0,0;0,0;0,0;-0,0127;0,04;1;0,0;0;1;3;0;0
7;HapticsFixedCC;4;10,0;236,489;10,2;-0,3426;0,0;0,0;0,0;-0,0127;0,03;1;0,0;0;1;3;0;0
7;HapticsFixedCC;4;10,0139;236,489;10,2;-0,3234;0,0;0,0;0,0;-0,0128;0,03;1;0,0;0;1;3;0;0
7;HapticsFixedCC;4;10,0278;236,489;10,2;-0,2972;0,0;0,0;0,0;-0,0129;0,02;1;0,0;0;1;6;0;0
7;HapticsFixedCC;4;10,0417;236,489;10,2;-0,2921;0,0;0,0;0,0;-0,0129;0,0;1;0,0;0;1;6;0;0
7;HapticsFixedCC;4;10,0555;236,489;10,2;-0,2515;0,0;0,0;0,0;-0,013;0,0;1;0,0;0;1;6;0;0
7;HapticsFixedCC;4;10,0694;236,2585;10,2;-0,2275;0,0;0,0;0,0;-0,013;0,0;1;0,0;0;1;6;0;0
7;HapticsFixedCC;4;10,0833;236,2192;10,2;-0,2137;0,0;0,0;0,0;-0,013;0,0;1;0,0;0;1;6;0;0
7;HapticsFixedCC;4;10,0972;236,1798;10,2;-0,2114;0,0;0,0;0,0;-0,0131;0,0;1;0,0;0;1;6;0;0
7;HapticsFixedCC;4;10,1111;236,1405;10,2;-0,2257;0,0;0,0;0,0;-0,0132;0,0;1;0,0;0;1;6;0;0
7;HapticsFixedCC;4;10,125;236,1011;10,2;-0,2627;0,0;0,0;0,0;-0,0132;-0,02;1;0,0;0;1;6;0;0
7;HapticsFixedCC;4;10,1389;236,0618;10,2;-0,327;0,0;0,0;0,0;-0,0133;-0,03;1;0,0;0;1;6;0;0
7;HapticsFixedCC;4;10,1528;236,033;10,1;-0,3397;0,0;0,0;0,0;-0,0134;-0,04;1;0,0;0;1;6;0;0
7;HapticsFixedCC;4;10,1667;236,033;10,1;-0,4602;0,0;0,0;0,0;-0,0136;-0,05;1;0,0;0;1;6;0;0
7;HapticsFixedCC;4;10,1805;236,033;10,1;-0,5149;0,0;0,0;0,0;-0,0137;-0,07;1;0,0;0;1;6;0;0
7;HapticsFixedCC;4;10,1944;236,033;10,1;-0,5608;0,0;0,0;0,0;-0,0139;-0,08;1;0,0;0;1;6;0;0
7;HapticsFixedCC;4;10,2083;236,033;10,1;-0,5989;0,0;0,0;0,0;-0,0142;-0,1;1;0,0;0;1;6;0;0
7;HapticsFixedCC;4;10,2222;236,033;10,1;-0,6586;0,0;0,0;0,0;-0,0144;-0,12;1;0,0;0;1;6;0;0
7;HapticsFixedCC;4;10,2361;235,7886;10,1;-0,6704;0,0;0,0;0,0;-0,0146;-0,13;1;0,0;0;1;6;0;0
7;HapticsFixedCC;4;10,25;235,7496;10,1;-0,7114;0,0;0,0;0,0;-0,0149;-0,15;1;0,0;0;1;6;0;0
7;HapticsFixedCC;4;10,2639;235,7107;10,1;-0,7437;0,0;0,0;0,0;-0,0152;-0,17;1;0,0;0;1;6;0;0
7;HapticsFixedCC;4;10,2778;235,6717;10,1;-0,7588;0,0;0,0;0,0;-0,0155;-0,19;1;0,0;0;1;6;0;0
7;HapticsFixedCC;4;10,2917;235,6328;10,1;-0,7661;0,0;0,0;0,0;-0,0158;-0,21;1;0,0;0;1;6;0;0
7;HapticsFixedCC;4;10,3055;235,5938;10,1;-0,7672;0,0;0,0;0,0;-0,0162;-0,23;1;0,0;0;1;6;0;0
7;HapticsFixedCC;4;10,3194;235,5769;10,1;-0,7103;0,0;0,0;0,0;-0,0165;-0,25;1;0,0;0;1;6;0;0
7;HapticsFixedCC;4;10,3333;235,5769;10,1;-0,6989;0,0;0,0;0,0;-0,0169;-0,27;1;0,0;0;1;6;0;0
7;HapticsFixedCC;4;10,3472;235,5769;10,1;-0,5999;0,0;0,0;0,0;-0,0172;-0,29;1;0,0;0;1;6;0;0
7;HapticsFixedCC;4;10,3611;235,5769;10,1;-0,5259;0,0;0,0;0,0;-0,0175;-0,3;1;0,0;0;1;6;0;0
7;HapticsFixedCC;4;10,375;235,5769;10,1;-0,4729;0,0;0,0;0,0;-0,0178;-0,31;1;0,0;0;1;6;0;0
7;HapticsFixedCC;4;10,3889;235,5769;10,1;-0,4623;0,0;0,0;0,0;-0,0182;-0,33;1;0,0;0;1;6;0;0
7;HapticsFixedCC;4;10,4028;235,321;10,1;-0,4308;0,0;0,0;0,0;-0,0185;-0,34;1;0,0;0;1;6;0;0
7;HapticsFixedCC;4;10,4167;235,2821;10,1;-0,3823;0,0;0,0;0,0;-0,0188;-0,35;1;0,0;0;1;6;0;0
7;HapticsFixedCC;4;10,4305;235,2431;10,1;-0,3729;0,0;0,0;0,0;-0,0191;-0,36;1;0,0;0;1;6;0;0
7;HapticsFixedCC;4;10,4444;235,2041;10,1;-0,3475;0,0;0,0;0,0;-0,0195;-0,37;1;0,0;0;1;6;0;0
7;HapticsFixedCC;4;10,4583;235,1652;10,1;-0,311;0,0;0,0;0,0;-0,0198;-0,38;1;0,0;0;1;6;0;0
7;HapticsFixedCC;4;10,4722;235,1262;10,1;-0,2854;0,0;0,0;0,0;-0,0202;-0,38;1;0,0;0;1;6;0;0
7;HapticsFixedCC;4;10,4861;235,1225;10,1;-0,2757;0,0;0,0;0,0;-0,0205;-0,39;1;0,0;0;1;6;0;0
7;HapticsFixedCC;4;10,5;235,1225;10,1;-0,2621;0,0;0,0;0,0;-0,0209;-0,4;1;0,0;0;1;6;0;0
7;HapticsFixedCC;4;10,5139;235,1225;10,1;-0,2499;0,0;0,0;0,0;-0,0212;-0,4;1;0,0;0;1;6;0;0
7;HapticsFixedCC;4;10,5278;235,1225;10,1;-0,2469;0,0;0,0;0,0;-0,0216;-0,41;1;0,0;0;1;6;0;0
7;HapticsFixedCC;4;10,5417;235,1225;10,1;-0,244;0,0;0,0;0,0;-0,0219;-0,41;1;0,0;0;1;6;0;0
7;HapticsFixedCC;4;10,5555;234,8924;10,1;-0,2407;0,0;0,0;0,0;-0,0223;-0,42;1;0,0;0;1;6;0;0
7;HapticsFixedCC;4;10,5694;234,8535;10,1;-0,2324;0,0;0,0;0,0;-0,0226;-0,42;1;0,0;0;1;6;0;0
7;HapticsFixedCC;4;10,5833;234,8145;10,1;-0,21;0,0;0,0;0,0;-0,023;-0,43;1;0,0;0;1;6;0;0
7;HapticsFixedCC;4;10,5972;234,7755;10,1;-0,1785;0,0;0,0;0,0;-0,0233;-0,43;1;0,0;0;1;6;0;0
7;HapticsFixedCC;4;10,6111;234,7366;10,1;-0,1211;0,0;0,0;0,0;-0,0237;-0,44;1;0,0;0;1;6;0;0
7;HapticsFixedCC;4;10,625;234,6976;10,1;-0,0346;0,0;0,0;0,0;-0,024;-0,44;1;0,0;0;1;6;0;0
7;HapticsFixedCC;4;10,6389;234,6655;10,1;0,0644;0,0;0,0;0,0;-0,0242;-0,44;1;0,0;0;1;6;0;0
7;HapticsFixedCC;4;10,6528;234,6655;10,2;0,1489;0,0;0,0;0,0;-0,0245;-0,43;1;0,0;0;1;6;0;0
7;HapticsFixedCC;4;10,6667;234,6655;10,2;0,2826;0,0;0,0;0,0;-0,0247;-0,42;1;0,0;0;1;6;0;0
7;HapticsFixedCC;4;10,6805;234,6655;10,2;0,3933;0,0;0,0;0,0;-0,0249;-0,41;1;0,0;0;1;6;0;0
7;HapticsFixedCC;4;10,6944;234,6655;10,2;0,4774;0,0;0,0;0,0;-0,0251;-0,4;1;0,0;0;1;6;0;0
7;HapticsFixedCC;4;10,7083;234,6655;10,2;0,5655;0,0;0,0;0,0;-0,0252;-0,38;1;0,0;0;1;6;0;0
7;HapticsFixedCC;4;10,7222;234,4229;10,2;0,638;0,0;0,0;0,0;-0,0253;-0,37;1;0,0;0;1;6;0;0
7;HapticsFixedCC;4;10,7361;234,3836;10,2;0,6997;0,0;0,0;0,0;-0,0254;-0,35;1;0,0;0;1;6;0;0
7;HapticsFixedCC;4;10,75;234,3442;10,2;0,7657;0,0;0,0;0,0;-0,0255;-0,33;1;0,0;0;1;6;0;0
7;HapticsFixedCC;4;10,7639;234,3049;10,2;0,8004;0,0;0,0;0,0;-0,0255;-0,3;1;0,0;0;1;6;0;0
7;HapticsFixedCC;4;10,7778;234,2655;10,2;0,8164;0,0;0,0;0,0;-0,0255;-0,28;1;0,0;0;1;6;0;0
7;HapticsFixedCC;4;10,7917;234,2261;10,2;0,8279;0,0;0,0;0,0;-0,0255;-0,26;1;0,0;0;1;6;0;0
7;HapticsFixedCC;4;10,8055;234,2099;10,2;0,8343;0,0;0,0;0,0;-0,0254;-0,24;1;0,0;0;1;6;0;0
7;HapticsFixedCC;4;10,8194;234,2099;10,2;0,8343;0,0;0,0;0,0;-0,0254;-0,22;1;0,0;0;1;6;0;0
7;HapticsFixedCC;4;10,8333;234,2099;10,2;0,8241;0,0;0,0;0,0;-0,0253;-0,19;1;0,0;0;1;6;0;0
7;HapticsFixedCC;4;10,8472;234,2099;10,2;0,8021;0,0;0,0;0,0;-0,0252;-0,17;1;0,0;0;1;6;0;0
7;HapticsFixedCC;4;10,8611;234,2099;10,2;0,7659;0,0;0,0;0,0;-0,0251;-0,15;1;0,0;0;1;6;0;0
7;HapticsFixedCC;4;10,875;234,2099;10,2;0,7161;0,0;0,0;0,0;-0,0251;-0,13;1;0,0;0;1;6;0;0
7;HapticsFixedCC;4;10,8889;233,9507;10,2;0,6229;0,0;0,0;0,0;-0,025;-0,12;1;0,0;0;1;6;0;0
7;HapticsFixedCC;4;10,9028;233,9113;10,2;0,552;0,0;0,0;0,0;-0,0249;-0,1;1;0,0;0;1;6;0;0
7;HapticsFixedCC;4;10,9167;233,872;10,2;0,4817;0,0;0,0;0,0;-0,0249;-0,09;1;0,0;0;1;6;0;0
7;HapticsFixedCC;4;10,9305;233,8326;10,2;0,4162;0,0;0,0;0,0;-0,0248;-0,08;1;0,0;0;1;6;0;0
7;HapticsFixedCC;4;10,9444;233,7933;10,2;0,3188;0,0;0,0;0,0;-0,0248;-0,07;1;0,0;0;1;6;0;0
7;HapticsFixedCC;4;10,9583;233,7552;10,2;0,2052;0,0;0,0;0,0;-0,0248;-0,06;1;0,0;0;1;6;0;0
7;HapticsFixedCC;4;10,9722;233,7552;10,2;0,0983;0,0;0,0;0,0;-0,0249;-0,06;1;0,0;0;1;6;0;0
7;HapticsFixedCC;4;10,9861;233,7552;10,2;0,0051;0,0;0,0;0,0;-0,0249;-0,06;1;0,0;0;1;6;0;0
7;HapticsFixedCC;4;11,0;233,7552;10,2;-0,1372;0,0;0,0;0,0;-0,025;-0,06;1;0,0;0;1;6;0;0
7;HapticsFixedCC;4;11,0139;233,7552;10,2;-0,3022;0,0;0,0;0,0;-0,0251;-0,07;1;0,0;0;1;6;0;0
7;HapticsFixedCC;4;11,0278;233,7552;10,2;-0,4052;0,0;0,0;0,0;-0,0253;-0,08;1;0,0;0;1;6;0;0
7;HapticsFixedCC;4;11,0417;233,5178;10,2;-0,5202;0,0;0,0;0,0;-0,0255;-0,09;1;0,0;0;1;7;0;0
7;HapticsFixedCC;4;11,0555;233,4784;10,2;-0,6271;0,0;0,0;0,0;-0,0257;-0,11;1;0,0;0;1;7;0;0
7;HapticsFixedCC;4;11,0694;233,4391;10,2;-0,7354;0,0;0,0;0,0;-0,026;-0,13;1;0,0;0;1;7;0;0
7;HapticsFixedCC;4;11,0833;233,3997;10,2;-0,8492;0,0;0,0;0,0;-0,0263;-0,15;1;0,0;0;1;7;0;0
7;HapticsFixedCC;4;11,0972;233,3604;10,2;-0,9012;0,0;0,0;0,0;-0,0266;-0,17;1;0,0;0;1;7;0;0
7;HapticsFixedCC;4;11,1111;233,321;10,2;-0,9385;0,0;0,0;0,0;-0,027;-0,19;1;0,0;0;1;7;0;0
7;HapticsFixedCC;4;11,125;233,298;10,2;-0,968;0,0;0,0;0,0;-0,0274;-0,22;1;0,0;0;1;7;0;0
7;HapticsFixedCC;4;11,1389;233,298;10,2;-0,9885;0,0;0,0;0,0;-0,0278;-0,24;1;0,0;0;1;7;0;0
7;HapticsFixedCC;4;11,1528;233,298;10,2;-1,0054;0,0;0,0;0,0;-0,0282;-0,27;1;0,0;0;1;7;0;0
7;HapticsFixedCC;4;11,1667;233,298;10,2;-1,0122;0,0;0,0;0,0;-0,0286;-0,3;1;0,0;0;1;7;0;0
7;HapticsFixedCC;4;11,1805;233,298;10,2;-1,0162;0,0;0,0;0,0;-0,0291;-0,32;1;0,0;0;1;7;0;0
7;HapticsFixedCC;4;11,1944;233,298;10,2;-1,0142;0,0;0,0;0,0;-0,0296;-0,35;1;0,0;0;1;7;0;0
7;HapticsFixedCC;4;11,2083;233,0456;10,2;-1,0049;0,0;0,0;0,0;-0,0301;-0,37;1;0,0;0;1;7;0;0
7;HapticsFixedCC;4;11,2222;233,0062;10,2;-0,9903;0,0;0,0;0,0;-0,0306;-0,4;1;0,0;0;1;7;0;0
7;HapticsFixedCC;4;11,2361;232,9669;10,2;-0,9666;0,0;0,0;0,0;-0,0311;-0,42;1;0,0;0;1;7;0;0
7;HapticsFixedCC;4;11,25;232,9275;10,2;-0,9362;0,0;0,0;0,0;-0,0316;-0,45;1;0,0;0;1;7;0;0
7;HapticsFixedCC;4;11,2639;232,8882;10,2;-0,8957;0,0;0,0;0,0;-0,0322;-0,47;1;0,0;0;1;7;0;0
7;HapticsFixedCC;4;11,2778;232,8488;10,2;-0,8652;0,0;0,0;0,0;-0,0327;-0,5;1;0,0;0;1;7;0;0
7;HapticsFixedCC;4;11,2917;232,8434;10,2;-0,8409;0,0;0,0;0,0;-0,0333;-0,52;1;0,0;0;1;7;0;0
7;HapticsFixedCC;4;11,3055;232,8434;10,2;-0,83;0,0;0,0;0,0;-0,0339;-0,54;1;0,0;0;1;7;0;0
7;HapticsFixedCC;4;11,3194;232,8434;10,2;-0,8198;0,0;0,0;0,0;-0,0344;-0,56;1;0,0;0;1;7;0;0
7;HapticsFixedCC;4;11,3333;232,8434;10,2;-0,815;0,0;0,0;0,0;-0,035;-0,58;1;0,0;0;1;7;0;0
7;HapticsFixedCC;4;11,3472;232,8434;10,2;-0,8165;0,0;0,0;0,0;-0,0356;-0,6;1;0,0;0;1;7;0;0
7;HapticsFixedCC;4;11,3611;232,6128;10,2;-0,8261;0,0;0,0;0,0;-0,0362;-0,62;1;0,0;0;1;7;0;0
7;HapticsFixedCC;4;11,375;232,5734;10,2;-0,8453;0,0;0,0;0,0;-0,0369;-0,64;1;0,0;0;1;7;0;0
7;HapticsFixedCC;4;11,3889;232,5341;10,2;-0,8707;0,0;0,0;0,0;-0,0375;-0,67;1;0,0;0;1;7;0;0
7;HapticsFixedCC;4;11,4028;232,4947;10,2;-0,9001;0,0;0,0;0,0;-0,0382;-0,69;1;0,0;0;1;7;0;0
7;HapticsFixedCC;4;11,4167;232,4554;10,2;-0,9299;0,0;0,0;0,0;-0,0389;-0,71;1;0,0;0;1;7;0;0
7;HapticsFixedCC;4;11,4305;232,416;10,2;-0,9481;0,0;0,0;0,0;-0,0397;-0,74;1;0,0;0;1;7;0;0
7;HapticsFixedCC;4;11,4444;232,3872;10,2;-0,9623;0,0;0,0;0,0;-0,0404;-0,76;1;0,0;0;1;7;0;0
7;HapticsFixedCC;4;11,4583;232,3872;10,2;-0,9684;0,0;0,0;0,0;-0,0412;-0,79;1;0,0;0;1;7;0;0
7;HapticsFixedCC;4;11,4722;232,3872;10,2;-0,966;0,0;0,0;0,0;-0,042;-0,81;1;0,0;0;1;7;0;0
7;HapticsFixedCC;4;11,4861;232,3872;10,2;-0,9507;0,0;0,0;0,0;-0,0428;-0,84;1;0,0;0;1;7;0;0
7;HapticsFixedCC;4;11,5;232,3872;10,2;-0,9205;0,0;0,0;0,0;-0,0436;-0,86;1;0,0;0;1;7;0;0
7;HapticsFixedCC;4;11,5139;232,3872;10,2;-0,8836;0,0;0,0;0,0;-0,0444;-0,89;1;0,0;0;1;7;0;0
7;HapticsFixedCC;4;11,5278;232,1406;10,2;-0,8229;0,0;0,0;0,0;-0,0452;-0,91;1;0,0;0;1;7;0;0
7;HapticsFixedCC;4;11,5417;232,1013;10,2;-0,7541;0,0;0,0;0,0;-0,046;-0,93;1;0,0;0;1;7;0;0
7;HapticsFixedCC;4;11,5555;232,0619;10,2;-0,7033;0,0;0,0;0,0;-0,0469;-0,94;1;0,0;0;1;7;0;0
7;HapticsFixedCC;4;11,5694;232,0226;10,2;-0,6453;0,0;0,0;0,0;-0,0477;-0,96;1;0,0;0;1;7;0;0
7;HapticsFixedCC;4;11,5833;231,9832;10,2;-0,5704;0,0;0,0;0,0;-0,0485;-0,97;1;0,0;0;1;7;0;0
7;HapticsFixedCC;4;11,5972;231,9439;10,2;-0,4888;0,0;0,0;0,0;-0,0492;-0,99;1;0,0;0;1;7;0;0
7;HapticsFixedCC;4;11,6111;231,9309;10,2;-0,4357;0,0;0,0;0,0;-0,05;-1,0;1;0,0;0;1;7;0;0
7;HapticsFixedCC;4;11,625;231,9309;10,2;-0,3963;0,0;0,0;0,0;-0,0508;-1,01;1;0,0;0;1;7;0;0
7;HapticsFixedCC;4;11,6389;231,9309;10,2;-0,3734;0,0;0,0;0,0;-0,0516;-1,02;1;0,0;0;1;7;0;0
7;HapticsFixedCC;4;11,6528;231,9309;10,2;-0,3504;0,0;0,0;0,0;-0,0524;-1,03;1;0,0;0;1;7;0;0
7;HapticsFixedCC;4;11,6667;231,9309;10,2;-0,3373;0,0;0,0;0,0;-0,0531;-1,03;1;0,0;0;1;7;0;0
7;HapticsFixedCC;4;11,6805;231,9309;10,2;-0,3302;0,0;0,0;0,0;-0,0539;-1,04;1;0,0;0;1;7;0;0
7;HapticsFixedCC;4;11,6944;231,6685;10,2;-0,3276;0,0;0,0;0,0;-0,0547;-1,05;1;0,0;0;1;7;0;0
7;HapticsFixedCC;4;11,7083;231,6292;10,2;-0,3307;0,0;0,0;0,0;-0,0555;-1,06;1;0,0;0;1;7;0;0
7;HapticsFixedCC;4;11,7222;231,5898;10,2;-0,3365;0,0;0,0;0,0;-0,0563;-1,07;1;0,0;0;1;7;0;0
7;HapticsFixedCC;4;11,7361;231,5505;10,2;-0,3445;0,0;0,0;0,0;-0,0571;-1,08;1;0,0;0;1;7;0;0
7;HapticsFixedCC;4;11,75;231,5111;10,2;-0,3562;0,0;0,0;0,0;-0,0579;-1,08;1;0,0;0;1;7;0;0
7;HapticsFixedCC;4;11,7639;231,4776;10,2;-0,3684;0,0;0,0;0,0;-0,0587;-1,09;1;0,0;0;1;7;0;0
7;HapticsFixedCC;4;11,7778;231,4776;10,2;-0,3812;0,0;0,0;0,0;-0,0596;-1,1;1;0,0;0;1;7;0;0
7;HapticsFixedCC;4;11,7917;231,4776;10,2;-0,3963;0,0;0,0;0,0;-0,0604;-1,11;1;0,0;0;1;7;0;0
7;HapticsFixedCC;4;11,8055;231,4776;10,2;-0,405;0,0;0,0;0,0;-0,0613;-1,12;1;0,0;0;1;7;0;0
7;HapticsFixedCC;4;11,8194;231,4776;10,2;-0,4109;0,0;0,0;0,0;-0,0622;-1,13;1;0,0;0;1;7;0;0
7;HapticsFixedCC;4;11,8333;231,4776;10,2;-0,4109;0,0;0,0;0,0;-0,063;-1,14;1;0,0;0;1;7;0;0
7;HapticsFixedCC;4;11,8472;231,2357;10,2;-0,3983;0,0;0,0;0,0;-0,0639;-1,15;1;0,0;0;1;7;0;0
7;HapticsFixedCC;4;11,8611;231,1964;10,2;-0,3737;0,0;0,0;0,0;-0,0648;-1,16;1;0,0;0;1;7;0;0
7;HapticsFixedCC;4;11,875;231,157;10,2;-0,3478;0,0;0,0;0,0;-0,0657;-1,17;1;0,0;0;1;7;0;0
7;HapticsFixedCC;4;11,8889;231,1177;9,7;-0,3223;0,0;0,0;0,0;-0,0665;-1,18;1;0,0;0;1;7;0;0
7;HapticsFixedCC;4;11,9028;231,0803;9,7;-0,3051;0,0;0,0;0,0;-0,0674;-1,19;1;0,0;0;1;7;0;0
7;HapticsFixedCC;4;11,9167;231,0429;9,7;-0,2867;0,0;0,0;0,0;-0,0682;-1,19;1;0,0;0;1;7;0;0
7;HapticsFixedCC;4;11,9305;231,0193;9,7;-0,2671;0,0;0,0;0,0;-0,069;-1,2;1;0,0;0;1;7;0;0
7;HapticsFixedCC;4;11,9444;231,0193;9,7;-0,2546;0,0;0,0;0,0;-0,0699;-1,21;1;0,0;0;1;7;0;0
7;HapticsFixedCC;4;11,9583;231,0193;9,7;-0,2443;0,0;0,0;0,0;-0,0707;-1,21;1;0,0;0;1;7;0;0
7;HapticsFixedCC;4;11,9722;231,0193;9,7;-0,2331;0,0;0,0;0,0;-0,0716;-1,22;1;0,0;0;1;7;0;0
7;HapticsFixedCC;4;11,9861;231,0193;9,7;-0,2211;0,0;0,0;0,0;-0,0724;-1,22;1;0,0;0;1;7;0;0
7;HapticsFixedCC;4;12,0;231,0193;9,7;-0,2084;0,0;0,0;0,0;-0,0732;-1,23;1;0,0;0;1;7;0;0
7;HapticsFixedCC;4;12,0139;230,781;9,7;-0,2011;0,0;0,0;0,0;-0,0741;-1,23;1;0,0;0;1;7;0;0
7;HapticsFixedCC;4;12,0278;230,7436;9,7;-0,1924;0,0;0,0;0,0;-0,0749;-1,24;1;0,0;0;1;7;0;0
7;HapticsFixedCC;4;12,0417;230,7062;9,7;-0,1847;0,0;0,0;0,0;-0,0758;-1,24;1;0,0;0;1;2;0;0
7;HapticsFixedCC;4;12,0555;230,6687;9,7;-0,175;0,0;0,0;0,0;-0,0766;-1,25;1;0,0;0;1;2;0;0
7;HapticsFixedCC;4;12,0694;230,6313;9,7;-0,1678;0,0;0,0;0,0;-0,0775;-1,25;1;0,0;0;1;2;0;0
7;HapticsFixedCC;4;12,0833;230,5939;9,7;-0,1616;0,0;0,0;0,0;-0,0783;-1,25;1;0,0;0;1;2;0;0
7;HapticsFixedCC;4;12,0972;230,5644;9,7;-0,158;0,0;0,0;0,0;-0,0792;-1,26;1;0,0;0;1;2;0;0
7;HapticsFixedCC;4;12,1111;230,5644;9,7;-0,1548;0,0;0,0;0,0;-0,08;-1,26;1;0,0;0;1;2;0;0
7;HapticsFixedCC;4;12,125;230,5644;9,7;-0,1551;0,0;0,0;0,0;-0,0809;-1,26;1;0,0;0;1;2;0;0
7;HapticsFixedCC;4;12,1389;230,5644;9,7;-0,1591;0,0;0,0;0,0;-0,0817;-1,27;1;0,0;0;1;2;0;0
7;HapticsFixedCC;4;12,1528;230,5644;9,7;-0,1686;0,0;0,0;0,0;-0,0826;-1,27;1;0,0;0;1;2;0;0
7;HapticsFixedCC;4;12,1667;230,5644;9,7;-0,1846;0,0;0,0;0,0;-0,0834;-1,28;1;0,0;0;1;2;0;0
7;HapticsFixedCC;4;12,1805;230,332;9,7;-0,2033;0,0;0,0;0,0;-0,0843;-1,28;1;0,0;0;1;2;0;0
7;HapticsFixedCC;4;12,1944;230,2946;9,1;-0,2248;0,0;0,0;0,0;-0,0852;-1,28;1;0,0;0;1;2;0;0
7;HapticsFixedCC;4;12,2083;230,2595;9,1;-0,2495;0,0;0,0;0,0;-0,086;-1,29;1;0,0;0;1;2;0;0
7;HapticsFixedCC;4;12,2222;230,2244;9,1;-0,2878;0,0;0,0;0,0;-0,0868;-1,3;1;0,0;0;1;2;0;0
7;HapticsFixedCC;4;12,2361;230,1893;9,1;-0,3191;0,0;0,0;0,0;-0,0877;-1,3;1;0,0;0;1;2;0;0
7;HapticsFixedCC;4;12,25;230,1542;9,1;-0,3503;0,0;0,0;0,0;-0,0886;-1,31;1;0,0;0;1;2;0;0
7;HapticsFixedCC;4;12,2639;230,1191;9,1;-0,3745;0,0;0,0;0,0;-0,0894;-1,32;1;0,0;0;1;2;0;0
7;HapticsFixedCC;4;12,2778;230,1089;9,1;-0,3981;0,0;0,0;0,0;-0,0903;-1,33;1;0,0;0;1;2;0;0
7;HapticsFixedCC;4;12,2917;230,1089;9,1;-0,4184;0,0;0,0;0,0;-0,0912;-1,34;1;0,0;0;1;2;0;0
7;HapticsFixedCC;4;12,3055;230,1089;9,1;-0,4415;0,0;0,0;0,0;-0,0921;-1,35;1;0,0;0;1;2;0;0
7;HapticsFixedCC;4;12,3194;230,1089;9,1;-0,4591;0,0;0,0;0,0;-0,093;-1,36;1;0,0;0;1;2;0;0
7;HapticsFixedCC;4;12,3333;230,1089;9,1;-0,4714;0,0;0,0;0,0;-0,094;-1,37;1;0,0;0;1;2;0;0
7;HapticsFixedCC;4;12,3472;230,1089;9,1;-0,481;0,0;0,0;0,0;-0,0949;-1,38;1;0,0;0;1;2;0;0
7;HapticsFixedCC;4;12,3611;229,8734;9,1;-0,4866;0,0;0,0;0,0;-0,0958;-1,39;1;0,0;0;1;2;0;0
7;HapticsFixedCC;4;12,375;229,8383;9,1;-0,4849;0,0;0,0;0,0;-0,0968;-1,4;1;0,0;0;1;2;0;0
7;HapticsFixedCC;4;12,3889;229,8033;9,1;-0,4826;0,0;0,0;0,0;-0,0977;-1,41;1;0,0;0;1;2;0;0
7;HapticsFixedCC;4;12,4028;229,7682;9,1;-0,4811;0,0;0,0;0,0;-0,0987;-1,42;1;0,0;0;1;2;0;0
7;HapticsFixedCC;4;12,4167;229,7331;9,1;-0,4817;0,0;0,0;0,0;-0,0996;-1,43;1;0,0;0;1;2;0;0
7;HapticsFixedCC;4;12,4305;229,698;9,1;-0,4845;0,0;0,0;0,0;-0,1006;-1,44;1;0,0;0;1;2;0;0
7;HapticsFixedCC;4;12,4444;229,6629;9,1;-0,4874;0,0;0,0;0,0;-0,1016;-1,45;1;0,0;0;1;2;0;0
7;HapticsFixedCC;4;12,4583;229,652;9,1;-0,4886;0,0;0,0;0,0;-0,1026;-1,46;1;0,0;0;1;2;0;0
7;HapticsFixedCC;4;12,4722;229,652;9,1;-0,4881;0,0;0,0;0,0;-0,1036;-1,48;1;0,0;0;1;2;0;0
7;HapticsFixedCC;4;12,4861;229,652;9,1;-0,4868;0,0;0,0;0,0;-0,1046;-1,49;1;0,0;0;1;2;0;0
7;HapticsFixedCC;4;12,5;229,652;9,1;-0,4865;0,0;0,0;0,0;-0,1056;-1,5;1;0,0;0;1;2;0;0
7;HapticsFixedCC;4;12,5139;229,652;9,1;-0,4879;0,0;0,0;0,0;-0,1066;-1,51;1;0,0;0;1;2;0;0
7;HapticsFixedCC;4;12,5278;229,652;9,1;-0,4898;0,0;0,0;0,0;-0,1077;-1,52;1;0,0;0;1;2;0;0
7;HapticsFixedCC;4;12,5417;229,4172;9,1;-0,4928;0,0;0,0;0,0;-0,1087;-1,53;1;0,0;0;1;2;0;0
7;HapticsFixedCC;4;12,5555;229,3821;9,1;-0,4931;0,0;0,0;0,0;-0,1097;-1,54;1;0,0;0;1;2;0;0
7;HapticsFixedCC;4;12,5694;229,347;9,1;-0,4912;0,0;0,0;0,0;-0,1108;-1,55;1;0,0;0;1;2;0;0
7;HapticsFixedCC;4;12,5833;229,312;9,1;-0,4907;0,0;0,0;0,0;-0,1118;-1,56;1;0,0;0;1;2;0;0
7;HapticsFixedCC;4;12,5972;229,2769;9,1;-0,4918;0,0;0,0;0,0;-0,1129;-1,57;1;0,0;0;1;2;0;0
7;HapticsFixedCC;4;12,6111;229,2418;9,1;-0,4949;0,0;0,0;0,0;-0,1139;-1,58;1;0,0;0;1;2;0;0
7;HapticsFixedCC;4;12,625;229,2067;9,1;-0,5002;0,0;0,0;0,0;-0,115;-1,6;1;0,0;0;1;2;0;0
7;HapticsFixedCC;4;12,6389;229,1993;9,1;-0,5088;0,0;0,0;0,0;-0,1161;-1,61;1;0,0;0;1;2;0;0
7;HapticsFixedCC;4;12,6528;229,1993;9,1;-0,5176;0,0;0,0;0,0;-0,1172;-1,62;1;0,0;0;1;2;0;0
7;HapticsFixedCC;4;12,6667;229,1993;9,1;-0,5312;0,0;0,0;0,0;-0,1183;-1,63;1;0,0;0;1;2;0;0
7;HapticsFixedCC;4;12,6805;229,1993;9,1;-0,5494;0,0;0,0;0,0;-0,1194;-1,64;1;0,0;0;1;2;0;0
7;HapticsFixedCC;4;12,6944;229,1993;8,6;-0,572;0,0;0,0;0,0;-0,1205;-1,66;1;0,0;0;1;2;0;0
7;HapticsFixedCC;4;12,7083;229,1993;8,6;-0,5964;0,0;0,0;0,0;-0,1216;-1,67;1;0,0;0;1;2;0;0
7;HapticsFixedCC;4;12,7222;228,9649;8,6;-0,6227;0,0;0,0;0,0;-0,1227;-1,68;1;0,0;0;1;2;0;0
7;HapticsFixedCC;4;12,7361;228,9317;8,6;-0,6511;0,0;0,0;0,0;-0,1238;-1,7;1;0,0;0;1;2;0;0
7;HapticsFixedCC;4;12,75;228,8986;8,6;-0,6883;0,0;0,0;0,0;-0,1249;-1,71;1;0,0;0;1;2;0;0
7;HapticsFixedCC;4;12,7639;228,8654;8,6;-0,7177;0,0;0,0;0,0;-0,1261;-1,73;1;0,0;0;1;2;0;0
7;HapticsFixedCC;4;12,7778;228,8322;8,6;-0,7448;0,0;0,0;0,0;-0,1272;-1,74;1;0,0;0;1;2;0;0
7;HapticsFixedCC;4;12,7917;228,7991;8,6;-0,7752;0,0;0,0;0,0;-0,1284;-1,76;1;0,0;0;1;2;0;0
7;HapticsFixedCC;4;12,8055;228,7659;8,6;-0,8091;0,0;0,0;0,0;-0,1296;-1,78;1;0,0;0;1;2;0;0
7;HapticsFixedCC;4;12,8194;228,7405;8,6;-0,836;0,0;0,0;0,0;-0,1308;-1,79;1;0,0;0;1;2;0;0
7;HapticsFixedCC;4;12,8333;228,7405;8,6;-0,8627;0,0;0,0;0,0;-0,132;-1,81;1;0,0;0;1;2;0;0
7;HapticsFixedCC;4;12,8472;228,7405;8,6;-0,8777;0,0;0,0;0,0;-0,1332;-1,83;1;0,0;0;1;2;0;0
7;HapticsFixedCC;4;12,8611;228,7405;8,6;-0,8972;0,0;0,0;0,0;-0,1344;-1,85;1;0,0;0;1;2;0;0
7;HapticsFixedCC;4;12,875;228,7405;8,6;-0,9168;0,0;0,0;0,0;-0,1357;-1,87;1;0,0;0;1;2;0;0
7;HapticsFixedCC;4;12,8889;228,7405;8,6;-0,9321;0,0;0,0;0,0;-0,137;-1,89;1;0,0;0;1;2;0;0
7;HapticsFixedCC;4;12,9028;228,7405;8,6;-0,945;0,0;0,0;0,0;-0,1383;-1,91;1;0,0;0;1;2;0;0
7;HapticsFixedCC;4;12,9167;228,5007;8,6;-0,9596;0,0;0,0;0,0;-0,1396;-1,93;1;0,0;0;1;2;0;0
7;HapticsFixedCC;4;12,9305;228,4675;8,6;-0,9722;0,0;0,0;0,0;-0,1409;-1,95;1;0,0;0;1;2;0;0
7;HapticsFixedCC;4;12,9444;228,4344;8,6;-0,985;0,0;0,0;0,0;-0,1422;-1,97;1;0,0;0;1;2;0;0
7;HapticsFixedCC;4;12,9583;228,4012;8,6;-0,998;0,0;0,0;0,0;-0,1436;-2,0;1;0,0;0;1;2;0;0
7;HapticsFixedCC;4;12,9722;228,3681;8,6;-1,0111;0,0;0,0;0,0;-0,1449;-2,02;1;0,0;0;1;2;0;0
7;HapticsFixedCC;4;12,9861;228,3349;8,6;-1,0253;0,0;0,0;0,0;-0,1463;-2,04;1;0,0;0;1;2;0;0
7;HapticsFixedCC;4;13,0;228,3018;8,6;-1,045;0,0;0,0;0,0;-0,1477;-2,06;1;0,0;0;1;2;0;0
7;HapticsFixedCC;4;13,0139;228,286;8,6;-1,0612;0,0;0,0;0,0;-0,1492;-2,09;1;0,0;0;1;2;0;0
7;HapticsFixedCC;4;13,0278;228,286;8,6;-1,0776;0,0;0,0;0,0;-0,1506;-2,11;1;0,0;0;1;2;0;0
7;HapticsFixedCC;4;13,0417;228,286;8,6;-1,0969;0,0;0,0;0,0;-0,1521;-2,14;1;0,0;0;1;0;0;0
7;HapticsFixedCC;4;13,0555;228,286;8,6;-1,1091;0,0;0,0;0,0;-0,1536;-2,16;1;0,0;0;1;0;0;0
7;HapticsFixedCC;4;13,0694;228,286;8,6;-1,1182;0,0;0,0;0,0;-0,1551;-2,19;1;0,0;0;1;0;0;0
7;HapticsFixedCC;4;13,0833;228,286;8,6;-1,1315;0,0;0,0;0,0;-0,1566;-2,21;1;0,0;0;1;0;0;0
7;HapticsFixedCC;4;13,0972;228,286;8,6;-1,1346;0,0;0,0;0,0;-0,1581;-2,24;1;0,0;0;1;0;0;0
7;HapticsFixedCC;4;13,1111;228,0366;8,6;-1,1381;0,0;0,0;0,0;-0,1596;-2,26;1;0,0;0;1;0;0;0
7;HapticsFixedCC;4;13,125;228,0035;8,6;-1,1489;0,0;0,0;0,0;-0,1612;-2,29;1;0,0;0;1;0;0;0
7;HapticsFixedCC;4;13,1389;227,9703;8,6;-1,1519;0,0;0,0;0,0;-0,1628;-2,32;1;0,0;0;1;0;0;0
7;HapticsFixedCC;4;13,1528;227,9372;7,9;-1,1548;0,0;0,0;0,0;-0,1643;-2,34;1;0,0;0;1;0;0;0
7;HapticsFixedCC;4;13,1667;227,9068;7,9;-1,1654;0,0;0,0;0,0;-0,1658;-2,36;1;0,0;0;1;0;0;0
7;HapticsFixedCC;4;13,1805;227,8763;7,9;-1,2063;0,0;0,0;0,0;-0,1673;-2,39;1;0,0;0;1;0;0;0
7;HapticsFixedCC;4;13,1944;227,8459;7,9;-1,2207;0,0;0,0;0,0;-0,1688;-2,42;1;0,0;0;1;0;0;0
7;HapticsFixedCC;4;13,2083;227,8299;7,9;-1,2665;0,0;0,0;0,0;-0,1704;-2,44;1;0,0;0;1;0;0;0
7;HapticsFixedCC;4;13,2222;227,8299;7,9;-1,2661;0,0;0,0;0,0;-0,1719;-2,47;1;0,0;0;1;0;0;0
7;HapticsFixedCC;4;13,2361;227,8299;7,9;-1,2645;0,0;0,0;0,0;-0,1735;-2,49;1;0,0;0;1;0;0;0
7;HapticsFixedCC;4;13,25;227,8299;7,9;-1,2571;0,0;0,0;0,0;-0,1751;-2,52;1;0,0;0;1;0;0;0
7;HapticsFixedCC;4;13,2639;227,8299;7,9;-1,2448;0,0;0,0;0,0;-0,1767;-2,55;1;0,0;0;1;0;0;0
7;HapticsFixedCC;4;13,2778;227,8299;7,9;-1,224;0,0;0,0;0,0;-0,1783;-2,57;1;0,0;0;1;0;0;0
7;HapticsFixedCC;4;13,2917;227,8299;7,9;-1,1939;0,0;0,0;0,0;-0,1799;-2,6;1;0,0;0;1;0;0;0
7;HapticsFixedCC;4;13,3055;227,8299;7,9;-1,1734;0,0;0,0;0,0;-0,1815;-2,62;1;0,0;0;1;0;0;0
7;HapticsFixedCC;4;13,3194;227,5719;7,9;-1,168;0,0;0,0;0,0;-0,1831;-2,65;1;0,0;0;1;0;0;0
7;HapticsFixedCC;4;13,3333;227,5415;7,9;-1,1553;0,0;0,0;0,0;-0,1847;-2,67;1;0,0;0;1;0;0;0
7;HapticsFixedCC;4;13,3472;227,5111;7,9;-1,1452;0,0;0,0;0,0;-0,1864;-2,69;1;0,0;0;1;0;0;0
7;HapticsFixedCC;4;13,3611;227,4806;7,9;-1,1264;0,0;0,0;0,0;-0,188;-2,72;1;0,0;0;1;0;0;0
7;HapticsFixedCC;4;13,375;227,4502;7,9;-1,1115;0,0;0,0;0,0;-0,1897;-2,74;1;0,0;0;1;0;0;0
7;HapticsFixedCC;4;13,3889;227,4198;7,5;-1,0899;0,0;0,0;0,0;-0,1914;-2,76;1;0,0;0;1;0;0;0
7;HapticsFixedCC;4;13,4028;227,3909;7,5;-1,0752;0,0;0,0;0,0;-0,193;-2,78;1;0,0;0;1;0;0;0
7;HapticsFixedCC;4;13,4167;227,3734;7,5;-1,0625;0,0;0,0;0,0;-0,1946;-2,8;1;0,0;0;1;0;0;0
7;HapticsFixedCC;4;13,4305;227,3734;7,5;-1,0527;0,0;0,0;0,0;-0,1962;-2,82;1;0,0;0;1;0;0;0
7;HapticsFixedCC;4;13,4444;227,3734;7,5;-1,041;0,0;0,0;0,0;-0,1978;-2,84;1;0,0;0;1;0;0;0
7;HapticsFixedCC;4;13,4583;227,3734;7,5;-1,0317;0,0;0,0;0,0;-0,1994;-2,86;1;0,0;0;1;0;0;0
7;HapticsFixedCC;4;13,4722;227,3734;7,5;-1,0242;0,0;0,0;0,0;-0,2011;-2,88;1;0,0;0;1;0;0;0
7;HapticsFixedCC;4;13,4861;227,3734;7,5;-1,0186;0,0;0,0;0,0;-0,2028;-2,9;1;0,0;0;1;0;0;0
7;HapticsFixedCC;4;13,5;227,3734;7,5;-1,0095;0,0;0,0;0,0;-0,2044;-2,92;1;0,0;0;1;0;0;0
7;HapticsFixedCC;4;13,5139;227,3734;7,5;-1,0029;0,0;0,0;0,0;-0,2061;-2,94;1;0,0;0;1;0;0;0
7;HapticsFixedCC;4;13,5278;227,1309;7,5;-0,9915;0,0;0,0;0,0;-0,2078;-2,96;1;0,0;0;1;0;0;0
7;HapticsFixedCC;4;13,5417;227,102;7,5;-0,9788;0,0;0,0;0,0;-0,2095;-2,98;1;0,0;0;1;0;0;0
7;HapticsFixedCC;4;13,5555;227,0731;7,5;-0,9624;0,0;0,0;0,0;-0,2112;-3,0;1;0,0;0;1;0;0;0
7;HapticsFixedCC;4;13,5694;227,0442;7,5;-0,9367;0,0;0,0;0,0;-0,2129;-3,01;1;0,0;0;1;0;0;0
7;HapticsFixedCC;4;13,5833;227,0153;7,5;-0,9059;0,0;0,0;0,0;-0,2146;-3,03;1;0,0;0;1;0;0;0
7;HapticsFixedCC;4;13,5972;226,9865;7,5;-0,8618;0,0;0,0;0,0;-0,2163;-3,05;1;0,0;0;1;0;0;0
7;HapticsFixedCC;4;13,6111;226,9576;7,5;-0,8139;0,0;0,0;0,0;-0,218;-3,06;1;0,0;0;1;0;0;0
7;HapticsFixedCC;4;13,625;226,9287;7,5;-0,7694;0,0;0,0;0,0;-0,2197;-3,08;1;0,0;0;1;0;0;0
7;HapticsFixedCC;4;13,6389;226,9201;7,5;-0,7239;0,0;0,0;0,0;-0,2214;-3,09;1;0,0;0;1;0;0;0
7;HapticsFixedCC;4;13,6528;226,9201;7,5;-0,6777;0,0;0,0;0,0;-0,2231;-3,1;1;0,0;0;1;0;0;0
7;HapticsFixedCC;4;13,6667;226,9201;7,5;-0,6292;0,0;0,0;0,0;-0,2248;-3,12;1;0,0;0;1;0;0;0
7;HapticsFixedCC;4;13,6805;226,9201;7,5;-0,5786;0,0;0,0;0,0;-0,2265;-3,13;1;0,0;0;1;0;0;0
7;HapticsFixedCC;4;13,6944;226,9201;7,5;-0,5482;0,0;0,0;0,0;-0,2282;-3,14;1;0,0;0;1;0;0;0
7;HapticsFixedCC;4;13,7083;226,9201;7,5;-0,5227;0,0;0,0;0,0;-0,2299;-3,15;1;0,0;0;1;0;0;0
7;HapticsFixedCC;4;13,7222;226,9201;7,5;-0,4926;0,0;0,0;0,0;-0,2316;-3,16;1;0,0;0;1;0;0;0
7;HapticsFixedCC;4;13,7361;226,9201;7,5;-0,4696;0,0;0,0;0,0;-0,2333;-3,16;1;0,0;0;1;0;0;0
7;HapticsFixedCC;4;13,75;226,6687;7,5;-0,4528;0,0;0,0;0,0;-0,235;-3,17;1;0,0;0;1;0;0;0
7;HapticsFixedCC;4;13,7639;226,6398;7,5;-0,4432;0,0;0,0;0,0;-0,2367;-3,18;1;0,0;0;1;0;0;0
7;HapticsFixedCC;4;13,7778;226,6109;7,5;-0,4357;0,0;0,0;0,0;-0,2384;-3,19;1;0,0;0;1;0;0;0
7;HapticsFixedCC;4;13,7917;226,582;7,5;-0,4275;0,0;0,0;0,0;-0,2401;-3,2;1;0,0;0;1;0;0;0
7;HapticsFixedCC;4;13,8055;226,5532;7,5;-0,4159;0,0;0,0;0,0;-0,2418;-3,2;1;0,0;0;1;0;0;0
7;HapticsFixedCC;4;13,8194;226,5243;7,5;-0,4066;0,0;0,0;0,0;-0,2435;-3,21;1;0,0;0;1;0;0;0
7;HapticsFixedCC;4;13,8333;226,4954;7,5;-0,4059;0,0;0,0;0,0;-0,2452;-3,22;1;0,0;0;1;0;0;0
7;HapticsFixedCC;4;13,8472;226,4665;7,5;-0,4097;0,0;0,0;0,0;-0,2469;-3,23;1;0,0;0;1;0;0;0
7;HapticsFixedCC;4;13,8611;226,4615;7,5;-0,4328;0,0;0,0;0,0;-0,2486;-3,23;1;0,0;0;1;0;0;0
7;HapticsFixedCC;4;13,875;226,4615;7,5;-0,457;0,0;0,0;0,0;-0,2504;-3,24;1;0,0;0;1;0;0;0
7;HapticsFixedCC;4;13,8889;226,4615;7,9;-0,4878;1,0;0,0;0,0;-0,2521;-3,25;1;0,0;0;1;0;0;0
7;HapticsFixedCC;4;13,9028;226,4615;7,9;-0,528;1,0;0,0;0,0;-0,254;-3,26;1;0,0;0;1;0;0;0
7;HapticsFixedCC;4;13,9167;226,4615;7,9;-0,5785;1,0;0,0;0,0;-0,2558;-3,27;1;0,0;0;1;0;0;0
7;HapticsFixedCC;4;13,9305;226,4615;7,9;-0,6071;1,0;0,0;0,0;-0,2577;-3,28;1;0,0;0;1;0;0;0
7;HapticsFixedCC;4;13,9444;226,4615;7,9;-0,6374;1,0;0,0;0,0;-0,2596;-3,3;1;0,0;0;1;0;0;0
7;HapticsFixedCC;4;13,9583;226,2278;7,9;-0,6702;1,0;0,0;0,0;-0,2615;-3,31;1;0,0;0;1;0;0;0
7;HapticsFixedCC;4;13,9722;226,1973;7,9;-0,7056;1,0;0,0;0,0;-0,2634;-3,32;1;0,0;0;1;0;0;0
7;HapticsFixedCC;4;13,9861;226,1669;7,9;-0,7292;1,0;0,0;0,0;-0,2654;-3,34;1;0,0;0;1;0;0;0
7;HapticsFixedCC;4;14,0;226,1365;7,9;-0,7408;1,0;0,0;0,0;-0,2673;-3,35;1;0,0;0;1;0;0;0
7;HapticsFixedCC;4;14,0139;226,1061;7,9;-0,748;1,0;0,0;0,0;-0,2692;-3,37;1;0,0;0;1;0;0;0
7;HapticsFixedCC;4;14,0278;226,0757;7,9;-0,75;1,0;0,0;0,0;-0,2712;-3,38;1;0,0;0;1;0;0;0
7;HapticsFixedCC;4;14,0417;226,0453;7,9;-0,7518;1,0;0,0;0,0;-0,2731;-3,4;1;0,0;0;1;6;0;0
7;HapticsFixedCC;4;14,0555;226,0148;7,9;-0,7497;1,0;0,0;0,0;-0,2751;-3,41;1;0,0;0;1;6;0;0
7;HapticsFixedCC;4;14,0694;226,009;7,9;-0,7486;1,0;0,0;0,0;-0,2771;-3,43;1;0,0;0;1;6;0;0
7;HapticsFixedCC;4;14,0833;226,009;7,9;-0,7422;1,0;0,0;0,0;-0,2791;-3,44;1;0,0;0;1;6;0;0
7;HapticsFixedCC;4;14,0972;226,009;7,9;-0,73;1,0;0,0;0,0;-0,2811;-3,46;1;0,0;0;1;6;0;0
7;HapticsFixedCC;4;14,1111;226,009;7,9;-0,7277;1,0;0,0;0,0;-0,2831;-3,47;1;0,0;0;1;6;0;0
7;HapticsFixedCC;4;14,125;226,009;7,9;-0,7201;1,0;0,0;0,0;-0,2851;-3,48;1;0,0;0;1;6;0;0
7;HapticsFixedCC;4;14,1389;226,009;7,9;-0,7239;1,0;0,0;0,0;-0,2871;-3,5;1;0,0;0;1;6;0;0
7;HapticsFixedCC;4;14,1528;226,009;7,9;-0,7277;1,0;0,0;0,0;-0,2891;-3,51;1;0,0;0;1;6;0;0
7;HapticsFixedCC;4;14,1667;225,7715;7,9;-0,7215;1,0;0,0;0,0;-0,2911;-3,53;1;0,0;0;1;6;0;0
7;HapticsFixedCC;4;14,1805;225,7411;7,9;-0,7347;1,0;0,0;0,0;-0,2932;-3,54;1;0,0;0;1;6;0;0
7;HapticsFixedCC;4;14,1944;225,7107;7,9;-0,732;1,0;0,0;0,0;-0,2952;-3,56;1;0,0;0;1;6;0;0
7;HapticsFixedCC;4;14,2083;225,6803;7,9;-0,737;1,0;0,0;0,0;-0,2973;-3,57;1;0,0;0;1;6;0;0
7;HapticsFixedCC;4;14,2222;225,6499;7,9;-0,7458;1,0;0,0;0,0;-0,2993;-3,59;1;0,0;0;1;6;0;0
7;HapticsFixedCC;4;14,2361;225,6195;7,9;-0,7596;1,0;0,0;0,0;-0,3014;-3,6;1;0,0;0;1;6;0;0
7;HapticsFixedCC;4;14,25;225,5891;7,9;-0,7873;1,0;0,0;0,0;-0,3035;-3,62;1;0,0;0;1;6;0;0
7;HapticsFixedCC;4;14,2639;225,5587;7,9;-0,7891;1,0;0,0;0,0;-0,3055;-3,63;1;0,0;0;1;6;0;0
7;HapticsFixedCC;4;14,2778;225,5501;7,9;-0,8222;1,0;0,0;0,0;-0,3076;-3,65;1;0,0;0;1;6;0;0
7;HapticsFixedCC;4;14,2917;225,5501;7,9;-0,8176;1,0;0,0;0,0;-0,3097;-3,67;1;0,0;0;1;6;0;0
7;HapticsFixedCC;4;14,3055;225,5501;7,9;-0,7939;1,0;0,0;0,0;-0,3118;-3,68;1;0,0;0;1;6;0;0
7;HapticsFixedCC;4;14,3194;225,5501;7,9;-0,8005;1,0;0,0;0,0;-0,3139;-3,7;1;0,0;0;1;6;0;0
7;HapticsFixedCC;4;14,3333;225,5501;7,9;-0,768;1,0;0,0;0,0;-0,316;-3,71;1;0,0;0;1;6;0;0
7;HapticsFixedCC;4;14,3472;225,5501;7,9;-0,73;1,0;0,0;0,0;-0,3181;-3,73;1;0,0;0;1;6;0;0
7;HapticsFixedCC;4;14,3611;225,5501;7,9;-0,6828;1,0;0,0;0,0;-0,3203;-3,74;1;0,0;0;1;6;0;0
7;HapticsFixedCC;4;14,375;225,3154;7,9;-0,5593;1,0;0,0;0,0;-0,3223;-3,75;1;0,0;0;1;6;0;0
7;HapticsFixedCC;4;14,3889;225,285;8,3;-0,5743;1,0;0,0;0,0;-0,3244;-3,76;1;0,0;0;1;6;0;0
7;HapticsFixedCC;4;14,4028;225,2531;8,3;-0,5364;1,0;0,0;0,0;-0,3266;-3,77;1;0,0;0;1;6;0;0
7;HapticsFixedCC;4;14,4167;225,2211;8,3;-0,495;1,0;0,0;0,0;-0,3288;-3,78;1;0,0;0;1;6;0;0
7;HapticsFixedCC;4;14,4305;225,1892;8,3;-0,4118;1,0;0,0;0,0;-0,331;-3,79;1;0,0;0;1;6;0;0
7;HapticsFixedCC;4;14,4444;225,1572;8,3;-0,2701;1,0;0,0;0,0;-0,3332;-3,8;1;0,0;0;1;6;0;0
7;HapticsFixedCC;4;14,4583;225,1253;8,3;-0,1805;1,0;0,0;0,0;-0,3353;-3,8;1;0,0;0;1;6;0;0
7;HapticsFixedCC;4;14,4722;225,0962;8,3;-0,1946;1,0;0,0;0,0;-0,3375;-3,8;1;0,0;0;1;6;0;0
7;HapticsFixedCC;4;14,4861;225,0962;8,3;-0,0793;1,0;0,0;0,0;-0,3396;-3,81;1;0,0;0;1;6;0;0
7;HapticsFixedCC;4;14,5;225,0962;8,3;-0,0735;1,0;0,0;0,0;-0,3417;-3,81;1;0,0;0;1;6;0;0
7;HapticsFixedCC;4;14,5139;225,0962;8,3;-0,0149;1,0;0,0;0,0;-0,3438;-3,81;1;0,0;0;1;6;0;0
7;HapticsFixedCC;4;14,5278;225,0962;8,3;0,0474;1,0;0,0;0,0;-0,3459;-3,8;1;0,0;0;1;6;0;0
7;HapticsFixedCC;4;14,5417;225,0962;8,3;0,1174;1,0;0,0;0,0;-0,348;-3,8;1;0,0;0;1;6;0;0
7;HapticsFixedCC;4;14,5555;225,0962;8,3;0,1846;1,0;0,0;0,0;-0,3501;-3,8;1;0,0;0;1;6;0;0
7;HapticsFixedCC;4;14,5694;225,0962;8,3;0,2316;1,0;0,0;0,0;-0,3522;-3,79;1;0,0;0;1;6;0;0
7;HapticsFixedCC;4;14,5833;224,8377;8,3;0,2761;1,0;0,0;0,0;-0,3542;-3,79;1;0,0;0;1;6;0;0
7;HapticsFixedCC;4;14,5972;224,8057;8,3;0,3088;1,0;0,0;0,0;-0,3562;-3,78;1;0,0;0;1;6;0;0
7;HapticsFixedCC;4;14,6111;224,7738;8,3;0,3465;1,0;0,0;0,0;-0,3582;-3,77;1;0,0;0;1;6;0;0
7;HapticsFixedCC;4;14,625;224,7418;8,3;0,3913;1,0;0,0;0,0;-0,3602;-3,76;1;0,0;0;1;6;0;0
7;HapticsFixedCC;4;14,6389;224,7099;8,3;0,4794;1,0;0,0;0,0;-0,3622;-3,75;1;0,0;0;1;6;0;0
7;HapticsFixedCC;4;14,6528;224,6779;8,3;0,5907;1,0;0,0;0,0;-0,3642;-3,74;1;0,0;0;1;6;0;0
7;HapticsFixedCC;4;14,6667;224,646;8,3;0,6789;1,0;0,0;0,0;-0,3661;-3,72;1;0,0;0;1;6;0;0
7;HapticsFixedCC;4;14,6805;224,639;8,3;0,8839;1,0;0,0;0,0;-0,368;-3,7;1;0,0;0;1;6;0;0
7;HapticsFixedCC;4;14,6944;224,639;8,3;1,0688;1,0;0,0;0,0;-0,3698;-3,68;1;0,0;0;1;6;0;0
7;HapticsFixedCC;4;14,7083;224,639;8,3;1,1806;1,0;0,0;0,0;-0,3716;-3,66;1;0,0;0;1;6;0;0
7;HapticsFixedCC;4;14,7222;224,639;8,3;1,2864;1,0;0,0;0,0;-0,3734;-3,63;1;0,0;0;1;6;0;0
7;HapticsFixedCC;4;14,7361;224,639;8,3;1,4019;1,0;0,0;0,0;-0,3751;-3,6;1;0,0;0;1;6;0;0
7;HapticsFixedCC;4;14,75;224,639;8,3;1,6493;1,0;0,0;0,0;-0,3767;-3,56;1;0,0;0;1;6;0;0
7;HapticsFixedCC;4;14,7639;224,639;8,3;1,6878;1,0;0,0;0,0;-0,3783;-3,53;1;0,0;0;1;6;0;0
7;HapticsFixedCC;4;14,7778;224,3901;8,3;1,9467;1,0;0,0;0,0;-0,3798;-3,48;1;0,0;0;1;6;0;0
7;HapticsFixedCC;4;14,7917;224,3581;8,3;2,0976;1,0;0,0;0,0;-0,3813;-3,44;1;0,0;0;1;6;0;0
7;HapticsFixedCC;4;14,8055;224,3261;8,3;2,2425;1,0;0,0;0,0;-0,3827;-3,39;1;0,0;0;1;6;0;0
7;HapticsFixedCC;4;14,8194;224,2941;8,3;2,395;1,0;0,0;0,0;-0,3841;-3,34;1;0,0;0;1;6;0;0
7;HapticsFixedCC;4;14,8333;224,2621;8,3;2,5498;1,0;0,0;0,0;-0,3853;-3,28;1;0,0;0;1;6;0;0
7;HapticsFixedCC;4;14,8472;224,2301;8,3;2,7489;1,0;0,0;0,0;-0,3866;-3,22;1;0,0;0;1;6;0;0
7;HapticsFixedCC;4;14,8611;224,1981;8,3;2,9388;1,0;0,0;0,0;-0,3877;-3,16;1;0,0;0;1;6;0;0
7;HapticsFixedCC;4;14,875;224,1839;8,3;3,1023;1,0;0,0;0,0;-0,3888;-3,09;1;0,0;0;1;6;0;0
7;HapticsFixedCC;4;14,8889;224,1839;8,3;3,2451;1,0;0,0;0,0;-0,3898;-3,02;1;0,0;0;1;6;0;0
7;HapticsFixedCC;4;14,9028;224,1839;8,3;3,2982;1,0;0,0;0,0;-0,3907;-2,95;1;0,0;0;1;6;0;0
7;HapticsFixedCC;4;14,9167;224,1839;8,3;3,3763;1,0;0,0;0,0;-0,3916;-2,88;1;0,0;0;1;6;0;0
7;HapticsFixedCC;4;14,9305;224,1839;8,3;3,6026;1,0;0,0;0,0;-0,3924;-2,8;1;0,0;0;1;6;0;0
7;HapticsFixedCC;4;14,9444;224,1839;8,3;3,6979;1,0;0,0;0,0;-0,3932;-2,72;1;0,0;0;1;6;0;0
7;HapticsFixedCC;4;14,9583;224,1839;8,3;3,8243;1,0;0,0;0,0;-0,3938;-2,64;1;0,0;0;1;6;0;0
7;HapticsFixedCC;4;14,9722;223,942;8,3;3,7988;1,0;0,0;0,0;-0,3944;-2,56;1;0,0;0;1;6;0;0
7;HapticsFixedCC;4;14,9861;223,9099;8,3;3,8829;1,0;0,0;0,0;-0,395;-2,48;1;0,0;0;1;6;0;0
7;HapticsFixedCC;4;15,0;223,8779;8,3;3,8748;1,0;0,0;0,0;-0,3955;-2,39;1;0,0;0;1;6;0;0
7;HapticsFixedCC;4;15,0139;223,8459;8,3;3,9493;1,0;0,0;0,0;-0,396;-2,31;1;0,0;0;1;6;0;0
7;HapticsFixedCC;4;15,0278;223,8138;8,3;3,9594;1,0;0,0;0,0;-0,3964;-2,22;1;0,0;0;1;6;0;0
7;HapticsFixedCC;4;15,0417;223,7818;8,3;3,9678;1,0;0,0;0,0;-0,3967;-2,14;1;0,0;0;1;1;0;0
7;HapticsFixedCC;4;15,0555;223,7498;8,3;3,9416;1,0;0,0;0,0;-0,397;-2,05;1;0,0;0;1;1;0;0
7;HapticsFixedCC;4;15,0694;223,728;8,3;3,9055;1,0;0,0;0,0;-0,3973;-1,97;1;0,0;0;1;1;0;0
7;HapticsFixedCC;4;15,0833;223,728;8,3;3,8319;1,0;0,0;0,0;-0,3975;-1,89;1;0,0;0;1;1;0;0
7;HapticsFixedCC;4;15,0972;223,728;8,3;3,81;1,0;0,0;0,0;-0,3978;-1,8;1;0,0;0;1;1;0;0
7;HapticsFixedCC;4;15,1111;223,728;8,3;3,6945;1,0;0,0;0,0;-0,398;-1,73;1;0,0;0;1;1;0;0
7;HapticsFixedCC;4;15,125;223,728;8,3;3,6162;1,0;0,0;0,0;-0,3981;-1,65;1;0,0;0;1;1;0;0
7;HapticsFixedCC;4;15,1389;223,728;8,4;3,5384;1,0;0,0;0,0;-0,3982;-1,57;1;0,0;0;1;1;0;0
7;HapticsFixedCC;4;15,1528;223,728;8,4;3,5279;1,0;0,0;0,0;-0,3983;-1,49;1;0,0;0;1;1;0;0
7;HapticsFixedCC;4;15,1667;223,4928;8,4;3,384;1,0;0,0;0,0;-0,3984;-1,42;1;0,0;0;1;1;0;0
7;HapticsFixedCC;4;15,1805;223,4604;8,4;3,2335;1,0;0,0;0,0;-0,3985;-1,35;1;0,0;0;1;1;0;0
7;HapticsFixedCC;4;15,1944;223,4279;8,4;3,1267;1,0;0,0;0,0;-0,3985;-1,28;1;0,0;0;1;1;0;0
7;HapticsFixedCC;4;15,2083;223,3955;8,4;3,0816;1,0;0,0;0,0;-0,3986;-1,22;1;0,0;0;1;1;0;0
7;HapticsFixedCC;4;15,2222;223,3631;8,4;2,8963;1,0;0,0;0,0;-0,3986;-1,15;1;0,0;0;1;1;0;0
7;HapticsFixedCC;4;15,2361;223,3307;8,4;2,6907;1,0;0,0;0,0;-0,3986;-1,09;1;0,0;0;1;1;0;0
7;HapticsFixedCC;4;15,25;223,2983;8,4;2,663;1,0;0,0;0,0;-0,3987;-1,04;1;0,0;0;1;1;0;0
7;HapticsFixedCC;4;15,2639;223,272;8,4;2,4833;1,0;0,0;0,0;-0,3987;-0,98;1;0,0;0;1;1;0;0
7;HapticsFixedCC;4;15,2778;223,272;8,4;2,3368;1,0;0,0;0,0;-0,3987;-0,93;1;0,0;0;1;1;0;0
7;HapticsFixedCC;4;15,2917;223,272;8,4;2,1312;1,0;0,0;0,0;-0,3987;-0,88;1;0,0;0;1;1;0;0
7;HapticsFixedCC;4;15,3055;223,272;8,4;1,9805;1,0;0,0;0,0;-0,3987;-0,84;1;0,0;0;1;1;0;0
7;HapticsFixedCC;4;15,3194;223,272;8,4;1,9794;1,0;0,0;0,0;-0,3988;-0,8;1;0,0;0;1;1;0;0
7;HapticsFixedCC;4;15,3333;223,272;8,4;1,8592;1,0;0,0;0,0;-0,3988;-0,76;1;0,0;0;1;1;0;0
7;HapticsFixedCC;4;15,3472;223,272;8,4;1,5853;1,0;0,0;0,0;-0,3988;-0,72;1;0,0;0;1;1;0;0
7;HapticsFixedCC;4;15,3611;223,039;8,4;1,3765;1,0;0,0;0,0;-0,3989;-0,69;1;0,0;0;1;1;0;0
7;HapticsFixedCC;4;15,375;223,0066;8,4;1,3623;1,0;0,0;0,0;-0,399;-0,66;1;0,0;0;1;1;0;0
7;HapticsFixedCC;4;15,3889;222,9742;8,4;1,2147;1,0;0,0;0,0;-0,399;-0,63;1;0,0;0;1;1;0;0
7;HapticsFixedCC;4;15,4028;222,9418;8,4;1,1905;1,0;0,0;0,0;-0,3991;-0,61;1;0,0;0;1;1;0;0
7;HapticsFixedCC;4;15,4167;222,9094;8,4;1,0699;1,0;0,0;0,0;-0,3992;-0,58;1;0,0;0;1;1;0;0
7;HapticsFixedCC;4;15,4305;222,877;8,4;1,0051;1,0;0,0;0,0;-0,3993;-0,56;1;0,0;0;1;1;0;0
7;HapticsFixedCC;4;15,4444;222,8446;8,4;1,0029;1,0;0,0;0,0;-0,3994;-0,54;1;0,0;0;1;1;0;0
7;HapticsFixedCC;4;15,4583;222,8167;8,4;0,9576;1,0;0,0;0,0;-0,3995;-0,52;1;0,0;0;1;1;0;0
7;HapticsFixedCC;4;15,4722;222,8167;8,4;0,9194;1,0;0,0;0,0;-0,3995;-0,5;1;0,0;0;1;1;0;0
7;HapticsFixedCC;4;15,4861;222,8167;8,4;0,8809;1,0;0,0;0,0;-0,3996;-0,48;1;0,0;0;1;1;0;0
7;HapticsFixedCC;4;15,5;222,8167;8,4;0,8494;1,0;0,0;0,0;-0,3996;-0,46;1;0,0;0;1;1;0;0
7;HapticsFixedCC;4;15,5139;222,8167;8,4;0,8359;1,0;0,0;0,0;-0,3997;-0,44;1;0,0;0;1;1;0;0
7;HapticsFixedCC;4;15,5278;222,8167;8,4;0,8287;1,0;0,0;0,0;-0,3997;-0,42;1;0,0;0;1;1;0;0
7;HapticsFixedCC;4;15,5417;222,8167;8,4;0,838;1,0;0,0;0,0;-0,3998;-0,4;1;0,0;0;1;1;0;0
7;HapticsFixedCC;4;15,5555;222,5853;8,4;0,8277;1,0;0,0;0,0;-0,3998;-0,38;1;0,0;0;1;1;0;0
7;HapticsFixedCC;4;15,5694;222,5529;8,4;0,8565;1,0;0,0;0,0;-0,3998;-0,37;1;0,0;0;1;1;0;0
7;HapticsFixedCC;4;15,5833;222,5205;8,4;0,8547;1,0;0,0;0,0;-0,3998;-0,35;1;0,0;0;1;1;0;0
7;HapticsFixedCC;4;15,5972;222,4881;8,4;0,8863;1,0;0,0;0,0;-0,3998;-0,33;1;0,0;0;1;1;0;0
7;HapticsFixedCC;4;15,6111;222,4557;8,4;0,9056;1,0;0,0;0,0;-0,3997;-0,31;1;0,0;0;1;1;0;0
7;HapticsFixedCC;4;15,625;222,4233;8,4;0,9097;1,0;0,0;0,0;-0,3997;-0,29;1;0,0;0;1;1;0;0
7;HapticsFixedCC;4;15,6389;222,3909;7,9;0,9449;1,0;0,0;0,0;-0,3996;-0,27;1;0,0;0;1;1;0;0
7;HapticsFixedCC;4;15,6528;222,3605;7,9;0,9776;1,0;0,0;0,0;-0,3995;-0,25;1;0,0;0;1;1;0;0
7;HapticsFixedCC;4;15,6667;222,3605;7,9;0,9958;1,0;0,0;0,0;-0,3994;-0,22;1;0,0;0;1;1;0;0
7;HapticsFixedCC;4;15,6805;222,3605;7,9;1,0168;1,0;0,0;0,0;-0,3993;-0,2;1;0,0;0;1;1;0;0
7;HapticsFixedCC;4;15,6944;222,3605;7,9;1,011;1,0;0,0;0,0;-0,3992;-0,18;1;0,0;0;1;1;0;0
7;HapticsFixedCC;4;15,7083;222,3605;7,9;1,0048;1,0;0,0;0,0;-0,3991;-0,16;1;0,0;0;1;1;0;0
7;HapticsFixedCC;4;15,7222;222,3605;7,9;1,01;1,0;0,0;0,0;-0,399;-0,14;1;0,0;0;1;1;0;0
7;HapticsFixedCC;4;15,7361;222,3605;7,9;0,9899;1,0;0,0;0,0;-0,3988;-0,12;1;0,0;0;1;1;0;0
7;HapticsFixedCC;4;15,75;222,3605;7,9;0,9808;1,0;0,0;0,0;-0,3987;-0,1;1;0,0;0;1;1;0;0
7;HapticsFixedCC;4;15,7639;222,1166;7,9;0,9905;1,0;0,0;0,0;-0,3985;-0,08;1;0,0;0;1;1;0;0
7;HapticsFixedCC;4;15,7778;222,0861;7,9;0,9733;1,0;0,0;0,0;-0,3983;-0,06;1;0,0;0;1;1;0;0
7;HapticsFixedCC;4;15,7917;222,0556;7,9;0,9655;1,0;0,0;0,0;-0,3981;-0,04;1;0,0;0;1;1;0;0
7;HapticsFixedCC;4;15,8055;222,0251;7,9;0,9575;1,0;0,0;0,0;-0,398;-0,02;1;0,0;0;1;1;0;0
7;HapticsFixedCC;4;15,8194;221,9947;7,9;0,9222;1,0;0,0;0,0;-0,3977;0,0;1;0,0;0;1;1;0;0
7;HapticsFixedCC;4;15,8333;221,9642;7,9;0,9066;1,0;0,0;0,0;-0,3975;0,0;1;0,0;0;1;1;0;0
7;HapticsFixedCC;4;15,8472;221,9337;7,9;0,8805;1,0;0,0;0,0;-0,3973;0,03;1;0,0;0;1;1;0;0
7;HapticsFixedCC;4;15,8611;221,9049;7,9;0,8769;1,0;0,0;0,0;-0,3971;0,05;1;0,0;0;1;1;0;0
7;HapticsFixedCC;4;15,875;221,9049;7,9;0,8767;1,0;0,0;0,0;-0,3969;0,07;1;0,0;0;1;1;0;0
7;HapticsFixedCC;4;15,8889;221,9049;7,3;0,8657;1,0;0,0;0,0;-0,3966;0,09;1;0,0;0;1;1;0;0
7;HapticsFixedCC;4;15,9028;221,9049;7,3;0,877;1,0;0,0;0,0;-0,3964;0,11;1;0,0;0;1;1;0;0
7;HapticsFixedCC;4;15,9167;221,9049;7,3;0,8882;1,0;0,0;0,0;-0,3962;0,12;1;0,0;0;1;1;0;0
7;HapticsFixedCC;4;15,9305;221,9049;7,3;0,8805;1,0;0,0;0,0;-0,3959;0,14;1;0,0;0;1;1;0;0
7;HapticsFixedCC;4;15,9444;221,9049;7,3;0,8998;1,0;0,0;0,0;-0,3957;0,16;1;0,0;0;1;1;0;0
7;HapticsFixedCC;4;15,9583;221,9049;7,3;0,9142;1,0;0,0;0,0;-0,3954;0,18;1;0,0;0;1;1;0;0
7;HapticsFixedCC;4;15,9722;221,6733;7,3;0,9287;1,0;0,0;0,0;-0,3951;0,19;1;0,0;0;1;1;0;0
7;HapticsFixedCC;4;15,9861;221,6451;7,3;0,9453;1,0;0,0;0,0;-0,3948;0,21;1;0,0;0;1;1;0;0
7;HapticsFixedCC;4;16,0;221,6169;7,3;0,9646;1,0;0,0;0,0;-0,3945;0,23;1;0,0;0;1;1;0;0
7;HapticsFixedCC;4;16,0139;221,5888;7,3;0,9888;1,0;0,0;0,0;-0,3942;0,25;1;0,0;0;1;1;0;0
7;HapticsFixedCC;4;16,0278;221,5606;7,3;0,9936;1,0;0,0;0,0;-0,3938;0,27;1;0,0;0;1;1;0;0
7;HapticsFixedCC;4;16,0417;221,5325;7,3;1,0084;1,0;0,0;0,0;-0,3935;0,29;1;0,0;0;1;3;0;0
7;HapticsFixedCC;4;16,0555;221,5043;7,3;1,0306;1,0;0,0;0,0;-0,3931;0,31;1;0,0;0;1;3;0;0
7;HapticsFixedCC;4;16,0694;221,4761;7,3;1,0474;1,0;0,0;0,0;-0,3927;0,33;1;0,0;0;1;3;0;0
7;HapticsFixedCC;4;16,0833;221,4496;7,3;1,0683;1,0;0,0;0,0;-0,3924;0,35;1;0,0;0;1;3;0;0
7;HapticsFixedCC;4;16,0972;221,4496;7,3;1,0621;1,0;0,0;0,0;-0,392;0,37;1;0,0;0;1;3;0;0
7;HapticsFixedCC;4;16,1111;221,4496;7,3;1,1121;1,0;0,0;0,0;-0,3916;0,39;1;0,0;0;1;3;0;0
7;HapticsFixedCC;4;16,125;221,4496;7,3;1,1201;1,0;0,0;0,0;-0,3912;0,41;1;0,0;0;1;3;0;0
7;HapticsFixedCC;4;16,1389;221,4496;7,3;1,1217;1,0;0,0;0,0;-0,3907;0,43;1;0,0;0;1;3;0;0
7;HapticsFixedCC;4;16,1528;221,4496;7,3;1,1005;1,0;0,0;0,0;-0,3903;0,45;1;0,0;0;1;3;0;0
7;HapticsFixedCC;4;16,1667;221,4496;7,3;1,0952;1,0;0,0;0,0;-0,3898;0,48;1;0,0;0;1;3;0;0
7;HapticsFixedCC;4;16,1805;221,4496;7,3;1,0381;1,0;0,0;0,0;-0,3894;0,5;1;0,0;0;1;3;0;0
7;HapticsFixedCC;4;16,1944;221,4496;7,3;1,0267;1,0;0,0;0,0;-0,3889;0,52;1;0,0;0;1;3;0;0
7;HapticsFixedCC;4;16,2083;221,1945;7,3;1,0068;1,0;0,0;0,0;-0,3885;0,53;1;0,0;0;1;3;0;0
7;HapticsFixedCC;4;16,2222;221,1664;7,3;0,965;1,0;0,0;0,0;-0,388;0,55;1;0,0;0;1;3;0;0
7;HapticsFixedCC;4;16,2361;221,1382;7,3;0,9568;1,0;0,0;0,0;-0,3875;0,57;1;0,0;0;1;3;0;0
7;HapticsFixedCC;4;16,25;221,11;7,3;0,9736;1,0;0,0;0,0;-0,3871;0,59;1;0,0;0;1;3;0;0
7;HapticsFixedCC;4;16,2639;221,0819;7,3;0,9884;1,0;0,0;0,0;-0,3865;0,61;1;0,0;0;1;3;0;0
7;HapticsFixedCC;4;16,2778;221,0537;7,3;0,986;1,0;0,0;0,0;-0,386;0,63;1;0,0;0;1;3;0;0
7;HapticsFixedCC;4;16,2917;221,0256;7,3;1,0086;1,0;0,0;0,0;-0,3855;0,65;1;0,0;0;1;3;0;0
7;HapticsFixedCC;4;16,3055;220,9974;7,3;1,023;1,0;0,0;0,0;-0,385;0,67;1;0,0;0;1;3;0;0
7;HapticsFixedCC;4;16,3194;220,9925;7,3;1,0401;1,0;0,0;0,0;-0,3844;0,69;1;0,0;0;1;3;0;0
7;HapticsFixedCC;4;16,3333;220,9925;7,3;1,0642;1,0;0,0;0,0;-0,3839;0,71;1;0,0;0;1;3;0;0
7;HapticsFixedCC;4;16,3472;220,9925;7,3;1,0789;1,0;0,0;0,0;-0,3833;0,73;1;0,0;0;1;3;0;0
7;HapticsFixedCC;4;16,3611;220,9925;7,3;1,1033;1,0;0,0;0,0;-0,3827;0,75;1;0,0;0;1;3;0;0
7;HapticsFixedCC;4;16,375;220,9925;7,3;1,1213;1,0;0,0;0,0;-0,3821;0,77;1;0,0;0;1;3;0;0
7;HapticsFixedCC;4;16,3889;220,9925;6,9;1,1391;1,0;0,0;0,0;-0,3815;0,79;1;0,0;0;1;3;0;0
7;HapticsFixedCC;4;16,4028;220,9925;6,9;1,1308;1,0;0,0;0,0;-0,3809;0,81;1;0,0;0;1;3;0;0
7;HapticsFixedCC;4;16,4167;220,9925;6,9;1,1312;1,0;0,0;0,0;-0,3803;0,83;1;0,0;0;1;3;0;0
7;HapticsFixedCC;4;16,4305;220,7486;6,9;1,1258;1,0;0,0;0,0;-0,3797;0,85;1;0,0;0;1;3;0;0
7;HapticsFixedCC;4;16,4444;220,722;6,9;1,0814;1,0;0,0;0,0;-0,3791;0,87;1;0,0;0;1;3;0;0
7;HapticsFixedCC;4;16,4583;220,6954;6,9;1,0649;1,0;0,0;0,0;-0,3785;0,89;1;0,0;0;1;3;0;0
7;HapticsFixedCC;4;16,4722;220,6688;6,9;1,0122;1,0;0,0;0,0;-0,3778;0,91;1;0,0;0;1;3;0;0
7;HapticsFixedCC;4;16,4861;220,6422;6,9;0,9553;1,0;0,0;0,0;-0,3772;0,93;1;0,0;0;1;3;0;0
7;HapticsFixedCC;4;16,5;220,6155;6,9;0,9392;1,0;0,0;0,0;-0,3766;0,95;1;0,0;0;1;3;0;0
7;HapticsFixedCC;4;16,5139;220,5889;6,9;0,8303;1,0;0,0;0,0;-0,376;0,96;1;0,0;0;1;3;0;0
7;HapticsFixedCC;4;16,5278;220,5623;6,9;0,7269;1,0;0,0;0,0;-0,3754;0,97;1;0,0;0;1;3;0;0
7;HapticsFixedCC;4;16,5417;220,5401;6,9;0,6974;1,0;0,0;0,0;-0,3748;0,99;1;0,0;0;1;3;0;0
7;HapticsFixedCC;4;16,5555;220,5401;6,9;0,548;1,0;0,0;0,0;-0,3742;1,0;1;0,0;0;1;3;0;0
7;HapticsFixedCC;4;16,5694;220,5401;6,9;0,3987;1,0;0,0;0,0;-0,3737;1,01;1;0,0;0;1;3;0;0
7;HapticsFixedCC;4;16,5833;220,5401;6,9;0,3368;1,0;0,0;0,0;-0,3731;1,01;1;0,0;0;1;3;0;0
7;HapticsFixedCC;4;16,5972;220,5401;6,9;0,1607;1,0;0,0;0,0;-0,3726;1,02;1;0,0;0;1;3;0;0
7;HapticsFixedCC;4;16,6111;220,5401;6,9;0,044;1,0;0,0;0,0;-0,3721;1,02;1;0,0;0;1;3;0;0
7;HapticsFixedCC;4;16,625;220,5401;6,9;0,0352;1,0;0,0;0,0;-0,3716;1,02;1;0,0;0;1;3;0;0
7;HapticsFixedCC;4;16,6389;220,5401;6,9;-0,1206;1,0;0,0;0,0;-0,3711;1,02;1;0,0;0;1;3;0;0
7;HapticsFixedCC;4;16,6528;220,5401;6,9;-0,2206;1,0;0,0;0,0;-0,3707;1,01;1;0,0;0;1;3;0;0
7;HapticsFixedCC;4;16,6667;220,2962;6,9;-0,3163;1,0;0,0;0,0;-0,3703;1,01;1;0,0;0;1;3;0;0
7;HapticsFixedCC;4;16,6805;220,2695;6,9;-0,3349;1,0;0,0;0,0;-0,3698;1,0;1;0,0;0;1;3;0;0
7;HapticsFixedCC;4;16,6944;220,2429;6,9;-0,4179;1,0;0,0;0,0;-0,3694;1,0;1;0,0;0;1;3;0;0
7;HapticsFixedCC;4;16,7083;220,2163;6,9;-0,4563;1,0;0,0;0,0;-0,369;0,99;1;0,0;0;1;3;0;0
7;HapticsFixedCC;4;16,7222;220,1897;6,9;-0,4822;1,0;0,0;0,0;-0,3686;0,98;1;0,0;0;1;3;0;0
7;HapticsFixedCC;4;16,7361;220,1631;6,9;-0,513;1,0;0,0;0,0;-0,3683;0,97;1;0,0;0;1;3;0;0
7;HapticsFixedCC;4;16,75;220,1365;6,9;-0,5228;1,0;0,0;0,0;-0,3679;0,96;1;0,0;0;1;3;0;0
7;HapticsFixedCC;4;16,7639;220,1098;6,9;-0,5156;1,0;0,0;0,0;-0,3675;0,95;1;0,0;0;1;3;0;0
7;HapticsFixedCC;4;16,7778;220,0832;6,9;-0,4998;1,0;0,0;0,0;-0,3672;0,94;1;0,0;0;1;3;0;0
7;HapticsFixedCC;4;16,7917;220,0802;6,9;-0,4778;1,0;0,0;0,0;-0,3668;0,93;1;0,0;0;1;3;0;0
7;HapticsFixedCC;4;16,8055;220,0802;6,9;-0,4237;1,0;0,0;0,0;-0,3664;0,92;1;0,0;0;1;3;0;0
7;HapticsFixedCC;4;16,8194;220,0802;6,9;-0,3473;1,0;0,0;0,0;-0,3661;0,92;1;0,0;0;1;3;0;0
7;HapticsFixedCC;4;16,8333;220,0802;6,9;-0,3084;1,0;0,0;0,0;-0,3657;0,91;1;0,0;0;1;3;0;0
7;HapticsFixedCC;4;16,8472;220,0802;6,9;-0,2326;1,0;0,0;0,0;-0,3653;0,9;1;0,0;0;1;3;0;0
7;HapticsFixedCC;4;16,8611;220,0802;6,9;-0,1206;1,0;0,0;0,0;-0,3649;0,9;1;0,0;0;1;3;0;0
7;HapticsFixedCC;4;16,875;220,0802;6,9;-0,0703;1,0;0,0;0,0;-0,3645;0,9;1;0,0;0;1;3;0;0
7;HapticsFixedCC;4;16,8889;220,0802;7,2;0,1148;1,0;0,0;0,0;-0,364;0,9;1;0,0;0;1;3;0;0
7;HapticsFixedCC;4;16,9028;219,8425;7,2;0,2365;1,0;0,0;0,0;-0,3636;0,91;1;0,0;0;1;3;0;0
7;HapticsFixedCC;4;16,9167;219,8147;7,2;0,3128;1,0;0,0;0,0;-0,3631;0,91;1;0,0;0;1;3;0;0
7;HapticsFixedCC;4;16,9305;219,787;7,2;0,3157;1,0;0,0;0,0;-0,3625;0,92;1;0,0;0;1;3;0;0
7;HapticsFixedCC;4;16,9444;219,7592;7,2;0,428;1,0;0,0;0,0;-0,362;0,93;1;0,0;0;1;3;0;0
7;HapticsFixedCC;4;16,9583;219,7314;7,2;0,4812;1,0;0,0;0,0;-0,3615;0,93;1;0,0;0;1;3;0;0
7;HapticsFixedCC;4;16,9722;219,7036;7,2;0,4928;1,0;0,0;0,0;-0,3609;0,94;1;0,0;0;1;3;0;0
7;HapticsFixedCC;4;16,9861;219,6759;7,2;0,5179;1,0;0,0;0,0;-0,3603;0,95;1;0,0;0;1;3;0;0
7;HapticsFixedCC;4;17,0;219,6481;7,2;0,5721;1,0;0,0;0,0;-0,3598;0,96;1;0,0;0;1;3;0;0
7;HapticsFixedCC;4;17,0139;219,6283;7,2;0,5775;1,0;0,0;0,0;-0,3592;0,97;1;0,0;0;1;3;0;0
7;HapticsFixedCC;4;17,0278;219,6283;7,2;0,5939;1,0;0,0;0,0;-0,3586;0,98;1;0,0;0;1;3;0;0
7;HapticsFixedCC;4;17,0417;219,6283;7,2;0,5832;1,0;0,0;0,0;-0,358;0,99;1;0,0;0;1;3;0;0
7;HapticsFixedCC;4;17,0555;219,6283;7,2;0,5844;1,0;0,0;0,0;-0,3574;1,0;1;0,0;0;1;1;1;0
7;HapticsFixedCC;4;17,0694;219,6283;7,2;0,5845;1,0;0,0;0,0;-0,3568;1,01;1;0,0;0;1;1;1;0
7;HapticsFixedCC;4;17,0833;219,6283;7,2;0,5779;1,0;0,0;0,0;-0,3562;1,02;1;0,0;0;1;1;1;0
7;HapticsFixedCC;4;17,0972;219,6283;7,2;0,5653;1,0;0,0;0,0;-0,3556;1,03;1;0,0;0;1;1;1;0
7;HapticsFixedCC;4;17,1111;219,6283;7,2;0,5615;1,0;0,0;0,0;-0,3549;1,04;1;0,0;0;1;1;1;0
7;HapticsFixedCC;4;17,125;219,3982;7,2;0,5489;1,0;0,0;0,0;-0,3543;1,05;1;0,0;0;1;1;1;0
7;HapticsFixedCC;4;17,1389;219,3704;7,2;0,5358;1,0;0,0;0,0;-0,3537;1,06;1;0,0;0;1;1;1;0
7;HapticsFixedCC;4;17,1528;219,3426;7,2;0,5245;1,0;0,0;0,0;-0,3531;1,07;1;0,0;0;1;1;1;0
7;HapticsFixedCC;4;17,1667;219,3148;7,2;0,5182;1,0;0,0;0,0;-0,3524;1,08;1;0,0;0;1;1;1;0
7;HapticsFixedCC;4;17,1805;219,2871;7,2;0,4934;1,0;0,0;0,0;-0,3518;1,09;1;0,0;0;1;1;1;0
7;HapticsFixedCC;4;17,1944;219,2593;7,2;0,4836;1,0;0,0;0,0;-0,3512;1,1;1;0,0;0;1;1;1;0
7;HapticsFixedCC;4;17,2083;219,2315;7,2;0,4505;1,0;0,0;0,0;-0,3506;1,11;1;0,0;0;1;1;1;0
7;HapticsFixedCC;4;17,2222;219,2038;7,2;0,4516;1,0;0,0;0,0;-0,35;1,12;1;0,0;0;1;1;1;0
7;HapticsFixedCC;4;17,2361;219,176;7,2;0,437;1,0;0,0;0,0;-0,3493;1,12;1;0,0;0;1;1;1;0
7;HapticsFixedCC;4;17,25;219,1703;7,2;0,3963;1,0;0,0;0,0;-0,3487;1,13;1;0,0;0;1;1;1;0
7;HapticsFixedCC;4;17,2639;219,1703;7,2;0,3955;1,0;0,0;0,0;-0,3481;1,14;1;0,0;0;1;1;1;0
7;HapticsFixedCC;4;17,2778;219,1703;7,2;0,3654;1,0;0,0;0,0;-0,3475;1,15;1;0,0;0;1;1;1;0
7;HapticsFixedCC;4;17,2917;219,1703;7,2;0,3619;1,0;0,0;0,0;-0,3469;1,15;1;0,0;0;1;1;1;0
7;HapticsFixedCC;4;17,3055;219,1703;7,2;0,3681;1,0;0,0;0,0;-0,3463;1,16;1;0,0;0;1;1;1;0
7;HapticsFixedCC;4;17,3194;219,1703;7,2;0,3645;1,0;0,0;0,0;-0,3456;1,17;1;0,0;0;1;1;1;0
7;HapticsFixedCC;4;17,3333;219,1703;7,2;0,3827;1,0;0,0;0,0;-0,345;1,18;1;0,0;0;1;1;1;0
7;HapticsFixedCC;4;17,3472;219,1703;7,2;0,3969;1,0;0,0;0,0;-0,3444;1,18;1;0,0;0;1;1;1;0
7;HapticsFixedCC;4;17,3611;218,9261;7,2;0,4065;1,0;0,0;0,0;-0,3437;1,19;1;0,0;0;1;1;1;0
7;HapticsFixedCC;4;17,375;218,8983;7,2;0,4413;1,0;0,0;0,0;-0,3431;1,2;1;0,0;0;1;1;1;0
7;HapticsFixedCC;4;17,3889;218,8705;8,1;0,4704;1,0;0,0;0,0;-0,3424;1,21;1;0,0;0;1;1;1;0
7;HapticsFixedCC;4;17,4028;218,8393;8,1;0,5288;1,0;0,0;0,0;-0,3416;1,22;1;0,0;0;1;1;1;0
7;HapticsFixedCC;4;17,4167;218,808;8,1;0,552;1,0;0,0;0,0;-0,3409;1,23;1;0,0;0;1;1;1;0
7;HapticsFixedCC;4;17,4305;218,7768;8,1;0,5584;1,0;0,0;0,0;-0,3401;1,25;1;0,0;0;1;1;1;0
7;HapticsFixedCC;4;17,4444;218,7456;8,1;0,5402;1,0;0,0;0,0;-0,3393;1,26;1;0,0;0;1;1;1;0
7;HapticsFixedCC;4;17,4583;218,7143;8,1;0,5329;1,0;0,0;0,0;-0,3385;1,27;1;0,0;0;1;1;1;0
7;HapticsFixedCC;4;17,4722;218,7127;8,1;0,4968;1,0;0,0;0,0;-0,3377;1,28;1;0,0;0;1;1;1;0
7;HapticsFixedCC;4;17,4861;218,7127;8,1;0,4401;1,0;0,0;0,0;-0,3369;1,29;1;0,0;0;1;1;1;0
7;HapticsFixedCC;4;17,5;218,7127;8,1;0,3873;1,0;0,0;0,0;-0,3361;1,3;1;0,0;0;1;1;1;0
7;HapticsFixedCC;4;17,5139;218,7127;8,1;0,3367;1,0;0,0;0,0;-0,3354;1,31;1;0,0;0;1;1;1;0
7;HapticsFixedCC;4;17,5278;218,7127;8,1;0,2906;1,0;0,0;0,0;-0,3346;1,31;1;0,0;0;1;1;1;0
7;HapticsFixedCC;4;17,5417;218,7127;8,1;0,2541;1,0;0,0;0,0;-0,3338;1,32;1;0,0;0;1;1;1;0
7;HapticsFixedCC;4;17,5555;218,7127;8,1;0,2343;1,0;0,0;0,0;-0,3331;1,32;1;0,0;0;1;1;1;0
7;HapticsFixedCC;4;17,5694;218,4644;8,1;0,2045;1,0;0,0;0,0;-0,3323;1,33;1;0,0;0;1;1;1;0
7;HapticsFixedCC;4;17,5833;218,4332;8,1;0,1855;1,0;0,0;0,0;-0,3316;1,33;1;0,0;0;1;1;1;0
7;HapticsFixedCC;4;17,5972;218,4019;8,1;0,1662;1,0;0,0;0,0;-0,3308;1,34;1;0,0;0;1;1;1;0
7;HapticsFixedCC;4;17,6111;218,3707;8,1;0,1582;1,0;0,0;0,0;-0,3301;1,34;1;0,0;0;1;1;1;0
7;HapticsFixedCC;4;17,625;218,3394;8,1;0,1547;1,0;0,0;0,0;-0,3293;1,35;1;0,0;0;1;1;1;0
7;HapticsFixedCC;4;17,6389;218,3082;8,1;0,1637;1,0;0,0;0,0;-0,3286;1,35;1;0,0;0;1;1;1;0
7;HapticsFixedCC;4;17,6528;218,2769;8,3;0,1702;1,0;0,0;0,0;-0,3278;1,35;1;0,0;0;1;1;1;0
7;HapticsFixedCC;4;17,6667;218,2601;8,3;0,1658;1,0;0,0;0,0;-0,327;1,36;1;0,0;0;1;1;1;0
7;HapticsFixedCC;4;17,6805;218,2601;8,3;0,1771;1,0;0,0;0,0;-0,3262;1,36;1;0,0;0;1;1;1;0
7;HapticsFixedCC;4;17,6944;218,2601;8,3;0,1718;1,0;0,0;0,0;-0,3254;1,37;1;0,0;0;1;1;1;0
7;HapticsFixedCC;4;17,7083;218,2601;8,3;0,1673;1,0;0,0;0,0;-0,3246;1,37;1;0,0;0;1;1;1;0
7;HapticsFixedCC;4;17,7222;218,2601;8,3;0,1626;1,0;0,0;0,0;-0,3238;1,37;1;0,0;0;1;1;1;0
7;HapticsFixedCC;4;17,7361;218,2601;8,3;0,1676;1,0;0,0;0,0;-0,323;1,38;1;0,0;0;1;1;1;0
7;HapticsFixedCC;4;17,75;218,2601;8,3;0,1509;1,0;0,0;0,0;-0,3222;1,38;1;0,0;0;1;1;1;0
7;HapticsFixedCC;4;17,7639;218,0209;8,3;0,1612;1,0;0,0;0,0;-0,3214;1,38;1;0,0;0;1;1;1;0
7;HapticsFixedCC;4;17,7778;217,9888;8,3;0,17;1,0;0,0;0,0;-0,3207;1,39;1;0,0;0;1;1;1;0
7;HapticsFixedCC;4;17,7917;217,9568;8,3;0,1892;1,0;0,0;0,0;-0,3198;1,39;1;0,0;0;1;1;1;0
7;HapticsFixedCC;4;17,8055;217,9248;8,3;0,2051;1,0;0,0;0,0;-0,319;1,4;1;0,0;0;1;1;1;0
7;HapticsFixedCC;4;17,8194;217,8928;8,3;0,2175;1,0;0,0;0,0;-0,3182;1,4;1;0,0;0;1;1;1;0
7;HapticsFixedCC;4;17,8333;217,8608;8,3;0,2152;1,0;0,0;0,0;-0,3174;1,41;1;0,0;0;1;1;1;0
7;HapticsFixedCC;4;17,8472;217,8288;8,3;0,2328;1,0;0,0;0,0;-0,3166;1,41;1;0,0;0;1;1;1;0
7;HapticsFixedCC;4;17,8611;217,8064;8,3;0,2542;1,0;0,0;0,0;-0,3157;1,42;1;0,0;0;1;1;1;0
7;HapticsFixedCC;4;17,875;217,8064;8,3;0,2734;1,0;0,0;0,0;-0,3149;1,42;1;0,0;0;1;1;1;0
7;HapticsFixedCC;4;17,8889;217,8064;8,3;0,2788;1,0;0,0;0,0;-0,314;1,43;1;0,0;0;1;1;1;0
7;HapticsFixedCC;4;17,9028;217,8064;8,3;0,2918;1,0;0,0;0,0;-0,3132;1,44;1;0,0;0;1;1;1;0
7;HapticsFixedCC;4;17,9167;217,8064;8,3;0,3235;1,0;0,0;0,0;-0,3123;1,44;1;0,0;0;1;1;1;0
7;HapticsFixedCC;4;17,9305;217,8064;8,3;0,3137;1,0;0,0;0,0;-0,3114;1,45;1;0,0;0;1;1;1;0
7;HapticsFixedCC;4;17,9444;217,8064;8,3;0,3056;1,0;0,0;0,0;-0,3105;1,46;1;0,0;0;1;1;1;0
7;HapticsFixedCC;4;17,9583;217,5727;8,3;0,2921;1,0;0,0;0,0;-0,3096;1,47;1;0,0;0;1;1;1;0
7;HapticsFixedCC;4;17,9722;217,5407;8,3;0,2289;1,0;0,0;0,0;-0,3087;1,47;1;0,0;0;1;1;1;0
7;HapticsFixedCC;4;17,9861;217,5087;8,3;0,154;1,0;0,0;0,0;-0,3078;1,47;1;0,0;0;1;1;1;0
7;HapticsFixedCC;4;18,0;217,4767;8,3;0,1427;1,0;0,0;0,0;-0,307;1,48;1;0,0;0;1;1;1;0
7;HapticsFixedCC;4;18,0139;217,4447;8,3;0,0554;1,0;0,0;0,0;-0,3061;1,48;1;0,0;0;1;1;1;0
7;HapticsFixedCC;4;18,0278;217,4127;8,3;0,0021;1,0;0,0;0,0;-0,3052;1,48;1;0,0;0;1;1;1;0
7;HapticsFixedCC;4;18,0417;217,3806;8,3;-0,0392;1,0;0,0;0,0;-0,3044;1,48;1;0,0;0;1;1;1;0
7;HapticsFixedCC;4;18,0555;217,3486;8,3;-0,1454;1,0;0,0;0,0;-0,3036;1,48;1;0,0;0;1;7;0;0
7;HapticsFixedCC;4;18,0694;217,3474;8,3;-0,1935;1,0;0,0;0,0;-0,3028;1,47;1;0,0;0;1;7;0;0
7;HapticsFixedCC;4;18,0833;217,3474;8,3;-0,2987;1,0;0,0;0,0;-0,302;1,47;1;0,0;0;1;7;0;0
7;HapticsFixedCC;4;18,0972;217,3474;8,3;-0,3452;1,0;0,0;0,0;-0,3013;1,46;1;0,0;0;1;7;0;0
7;HapticsFixedCC;4;18,1111;217,3474;8,3;-0,3302;1,0;0,0;0,0;-0,3005;1,45;1;0,0;0;1;7;0;0
7;HapticsFixedCC;4;18,125;217,3474;8,3;-0,3793;1,0;0,0;0,0;-0,2998;1,45;1;0,0;0;1;7;0;0
7;HapticsFixedCC;4;18,1389;217,3474;8,3;-0,4004;1,0;0,0;0,0;-0,299;1,44;1;0,0;0;1;7;0;0
7;HapticsFixedCC;4;18,1528;217,3474;9,1;-0,3919;1,0;0,0;0,0;-0,2983;1,43;1;0,0;0;1;7;0;0
7;HapticsFixedCC;4;18,1667;217,0895;9,1;-0,391;1,0;0,0;0,0;-0,2975;1,42;1;0,0;0;1;7;0;0
7;HapticsFixedCC;4;18,1805;217,0544;9,1;-0,3556;1,0;0,0;0,0;-0,2967;1,41;1;0,0001;0;1;7;0;0
7;HapticsFixedCC;4;18,1944;217,0193;9,1;-0,3328;1,0;0,0;0,0;-0,2959;1,41;1;0,0001;0;1;7;0;0
7;HapticsFixedCC;4;18,2083;216,9842;9,1;-0,3089;1,0;0,0;0,0;-0,2951;1,4;1;0,0001;0;1;7;0;0
7;HapticsFixedCC;4;18,2222;216,9491;9,1;-0,2804;1,0;0,0;0,0;-0,2943;1,39;1;0,0001;0;1;7;0;0
7;HapticsFixedCC;4;18,2361;216,914;9,1;-0,2205;1,0;0,0;0,0;-0,2935;1,39;1;0,0001;0;1;7;0;0
7;HapticsFixedCC;4;18,25;216,8906;9,1;-0,1919;1,0;0,0;0,0;-0,2926;1,38;1;0,0001;0;1;7;0;0
7;HapticsFixedCC;4;18,2639;216,8906;9,1;-0,1482;1,0;0,0;0,0;-0,2918;1,38;1;0,0001;0;1;7;0;0
7;HapticsFixedCC;4;18,2778;216,8906;9,1;-0,1524;1,0;0,0;0,0;-0,291;1,38;1;0,0001;0;1;7;0;0
7;HapticsFixedCC;4;18,2917;216,8906;9,1;-0,1358;1,0;0,0;0,0;-0,2901;1,38;1;0,0001;0;1;7;0;0
7;HapticsFixedCC;4;18,3055;216,8906;9,1;-0,1175;1,0;0,0;0,0;-0,2893;1,37;1;0,0001;0;1;7;0;0
7;HapticsFixedCC;4;18,3194;216,8906;9,1;-0,1169;1,0;0,0;0,0;-0,2885;1,37;1;0,0001;0;1;7;0;0
7;HapticsFixedCC;4;18,3333;216,8906;9,1;-0,1187;1,0;0,0;0,0;-0,2877;1,37;1;0,0001;0;1;7;0;0
7;HapticsFixedCC;4;18,3472;216,6332;9,1;-0,1393;1,0;0,0;0,0;-0,2869;1,37;1;0,0;0;1;7;0;0
7;HapticsFixedCC;4;18,3611;216,5981;9,1;-0,1588;1,0;0,0;0,0;-0,286;1,36;1;0,0;0;1;7;0;0
7;HapticsFixedCC;4;18,375;216,563;9,1;-0,1833;1,0;0,0;0,0;-0,2852;1,36;1;0,0;0;1;7;0;0
7;HapticsFixedCC;4;18,3889;216,5279;9,1;-0,2114;1,0;0,0;0,0;-0,2844;1,35;1;0,0;0;1;7;0;0
7;HapticsFixedCC;4;18,4028;216,4928;9,1;-0,2244;1,0;0,0;0,0;-0,2836;1,35;1;0,0;0;1;7;0;0
7;HapticsFixedCC;4;18,4167;216,4577;9,1;-0,2731;1,0;0,0;0,0;-0,2828;1,34;1;0,0;0;1;7;0;0
7;HapticsFixedCC;4;18,4305;216,4361;9,1;-0,2804;1,0;0,0;0,0;-0,2821;1,34;1;0,0;0;1;7;0;0
7;HapticsFixedCC;4;18,4444;216,4361;9,1;-0,276;1,0;0,0;0,0;-0,2813;1,33;1;0,0;0;1;7;0;0
7;HapticsFixedCC;4;18,4583;216,4361;9,1;-0,2878;1,0;0,0;0,0;-0,2805;1,33;1;0,0;0;1;7;0;0
7;HapticsFixedCC;4;18,4722;216,4361;9,1;-0,2866;1,0;0,0;0,0;-0,2798;1,32;1;0,0;0;1;7;0;0
7;HapticsFixedCC;4;18,4861;216,4361;9,1;-0,2874;1,0;0,0;0,0;-0,279;1,31;1;0,0;0;1;7;0;0
7;HapticsFixedCC;4;18,5;216,4361;9,1;-0,2878;1,0;0,0;0,0;-0,2782;1,31;1;0,0;0;1;7;0;0
7;HapticsFixedCC;4;18,5139;216,4361;9,1;-0,2938;1,0;0,0;0,0;-0,2775;1,3;1;0,0;0;1;7;0;0
7;HapticsFixedCC;4;18,5278;216,1769;9,1;-0,289;1,0;0,0;0,0;-0,2767;1,29;1;0,0001;0;1;7;0;0
7;HapticsFixedCC;4;18,5417;216,1418;9,1;-0,2999;1,0;0,0;0,0;-0,276;1,29;1;0,0001;0;1;7;0;0
7;HapticsFixedCC;4;18,5555;216,1067;9,1;-0,2962;1,0;0,0;0,0;-0,2753;1,28;1;0,0001;0;1;7;0;0
7;HapticsFixedCC;4;18,5694;216,0716;9,1;-0,299;1,0;0,0;0,0;-0,2746;1,27;1;0,0001;0;1;7;0;0
7;HapticsFixedCC;4;18,5833;216,0365;9,1;-0,3169;1,0;0,0;0,0;-0,2738;1,27;1;0,0001;0;1;7;0;0
7;HapticsFixedCC;4;18,5972;216,0014;9,1;-0,324;1,0;0,0;0,0;-0,2731;1,26;1;0,0001;0;1;7;0;0
7;HapticsFixedCC;4;18,6111;215,9814;9,1;-0,3448;1,0;0,0;0,0;-0,2724;1,25;1;0,0001;0;1;7;0;0
7;HapticsFixedCC;4;18,625;215,9814;9,1;-0,364;1,0;0,0;0,0;-0,2717;1,25;1;0,0001;0;1;7;0;0
7;HapticsFixedCC;4;18,6389;215,9814;9,1;-0,3935;1,0;0,0;0,0;-0,271;1,24;1;0,0001;0;1;7;0;0
7;HapticsFixedCC;4;18,6528;215,9814;9,0;-0,4155;1,0;0,0;0,0;-0,2703;1,23;1;0,0001;0;1;7;0;0
7;HapticsFixedCC;4;18,6667;215,9814;9,0;-0,4294;1,0;0,0;0,0;-0,2697;1,22;1;0,0001;0;1;7;0;0
7;HapticsFixedCC;4;18,6805;215,9814;9,0;-0,4332;1,0;0,0;0,0;-0,269;1,21;1;0,0001;0;1;7;0;0
7;HapticsFixedCC;4;18,6944;215,9814;9,0;-0,4212;1,0;0,0;0,0;-0,2684;1,2;1;0,0001;0;1;7;0;0
7;HapticsFixedCC;4;18,7083;215,7221;9,0;-0,4021;1,0;0,0;0,0;-0,2677;1,19;1;0,0005;0;1;7;0;0
7;HapticsFixedCC;4;18,7222;215,6874;9,0;-0,3989;1,0;0,0;0,0;-0,2671;1,18;1;0,0006;0;1;7;0;0
7;HapticsFixedCC;4;18,7361;215,6527;9,0;-0,3677;1,0;0,0;0,0;-0,2664;1,17;1;0,0007;0;1;7;0;0
7;HapticsFixedCC;4;18,75;215,618;9,0;-0,3445;1,0;0,0;0,0;-0,2658;1,17;1;0,0007;0;1;7;0;0
7;HapticsFixedCC;4;18,7639;215,5833;9,0;-0,3097;1,0;0,0;0,0;-0,2651;1,16;1;0,0008;0;1;7;0;0
7;HapticsFixedCC;4;18,7778;215,5486;9,0;-0,2514;1,0;0,0;0,0;-0,2644;1,16;1;0,0008;0;1;7;0;0
7;HapticsFixedCC;4;18,7917;215,5222;9,0;-0,2244;1,0;0,0;0,0;-0,2638;1,15;1;0,0009;0;1;7;0;0
7;HapticsFixedCC;4;18,8055;215,5222;9,0;-0,2182;1,0;0,0;0,0;-0,2631;1,15;1;0,0009;0;1;7;0;0
7;HapticsFixedCC;4;18,8194;215,5222;9,0;-0,1946;1,0;0,0;0,0;-0,2625;1,14;1;0,0009;0;1;7;0;0
7;HapticsFixedCC;4;18,8333;215,5222;9,0;-0,1847;1,0;0,0;0,0;-0,2618;1,14;1;0,0009;0;1;7;0;0
7;HapticsFixedCC;4;18,8472;215,5222;9,0;-0,1536;1,0;0,0;0,0;-0,2612;1,13;1;0,0009;0;1;7;0;0
7;HapticsFixedCC;4;18,8611;215,5222;9,0;-0,1504;1,0;0,0;0,0;-0,2605;1,13;1;0,0009;0;1;7;0;0
7;HapticsFixedCC;4;18,875;215,5222;9,0;-0,1574;1,0;0,0;0,0;-0,2598;1,13;1;0,0009;0;1;7;0;0
7;HapticsFixedCC;4;18,8889;215,2708;9,3;-0,1712;1,0;0,0;0,0;-0,2592;1,12;1;0,0005;0;1;7;0;0
7;HapticsFixedCC;4;18,9028;215,2349;9,3;-0,1895;1,0;0,0;0,0;-0,2585;1,12;1;0,0005;0;1;7;0;0
7;HapticsFixedCC;4;18,9167;215,1991;9,3;-0,223;1,0;0,0;0,0;-0,2578;1,12;1;0,0005;0;1;7;0;0
7;HapticsFixedCC;4;18,9305;215,1632;9,3;-0,2765;1,0;0,0;0,0;-0,2572;1,11;1;0,0004;0;1;7;0;0
7;HapticsFixedCC;4;18,9444;215,1273;9,3;-0,3474;1,0;0,0;0,0;-0,2566;1,1;1;0,0004;0;1;7;0;0
7;HapticsFixedCC;4;18,9583;215,0914;9,3;-0,397;1,0;0,0;0,0;-0,2559;1,09;1;0,0003;0;1;7;0;0
7;HapticsFixedCC;4;18,9722;215,0769;9,3;-0,4129;1,0;0,0;0,0;-0,2553;1,08;1;0,0003;0;1;7;0;0
7;HapticsFixedCC;4;18,9861;215,0769;9,3;-0,4368;1,0;0,0;0,0;-0,2547;1,07;1;0,0003;0;1;7;0;0
7;HapticsFixedCC;4;19,0;215,0769;9,3;-0,4729;1,0;0,0;0,0;-0,2542;1,06;1;0,0003;0;1;7;0;0
7;HapticsFixedCC;4;19,0139;215,0769;9,3;-0,4659;1,0;0,0;0,0;-0,2536;1,05;1;0,0003;0;1;7;0;0
7;HapticsFixedCC;4;19,0278;215,0769;9,3;-0,4737;1,0;0,0;0,0;-0,253;1,04;1;0,0003;0;1;7;0;0
7;HapticsFixedCC;4;19,0417;215,0769;9,3;-0,4704;1,0;0,0;0,0;-0,2525;1,03;1;0,0003;0;1;7;0;0
7;HapticsFixedCC;4;19,0555;214,8403;9,3;-0,4472;1,0;0,0;0,0;-0,2519;1,02;1;0,0001;0;1;6;0;0
7;HapticsFixedCC;4;19,0694;214,8044;9,3;-0,455;1,0;0,0;0,0;-0,2514;1,01;1;0,0001;0;1;6;0;0
7;HapticsFixedCC;4;19,0833;214,7686;9,3;-0,4489;1,0;0,0;0,0;-0,2508;1,0;1;0,0001;0;1;6;0;0
7;HapticsFixedCC;4;19,0972;214,7327;9,3;-0,454;1,0;0,0;0,0;-0,2503;0,99;1;0,0001;0;1;6;0;0
7;HapticsFixedCC;4;19,1111;214,6968;9,3;-0,458;1,0;0,0;0,0;-0,2498;0,98;1;0,0;0;1;6;0;0
7;HapticsFixedCC;4;19,125;214,6609;9,3;-0,4618;0,0;0,0;0,0;-0,2492;0,97;1;0,0;0;1;6;0;0
7;HapticsFixedCC;4;19,1389;214,6251;9,3;-0,4633;0,0;0,0;0,0;-0,2488;0,96;1;0,0;0;1;6;0;0
7;HapticsFixedCC;4;19,1528;214,6202;9,3;-0,4428;0,0;0,0;0,0;-0,2483;0,95;1;0,0;0;1;6;0;0
7;HapticsFixedCC;4;19,1667;214,6202;9,3;-0,4242;0,0;0,0;0,0;-0,2478;0,94;1;0,0;0;1;6;0;0
7;HapticsFixedCC;4;19,1805;214,6202;9,3;-0,4101;0,0;0,0;0,0;-0,2472;0,93;1;0,0;0;1;6;0;0
7;HapticsFixedCC;4;19,1944;214,6202;9,3;-0,3629;0,0;0,0;0,0;-0,2467;0,92;1;0,0;0;1;6;0;0
7;HapticsFixedCC;4;19,2083;214,6202;9,3;-0,3229;0,0;0,0;0,0;-0,2462;0,91;1;0,0;0;1;6;0;0
7;HapticsFixedCC;4;19,2222;214,6202;9,3;-0,2547;0,0;0,0;0,0;-0,2457;0,91;1;0,0;0;1;6;0;0
7;HapticsFixedCC;4;19,2361;214,3739;9,3;-0,2238;0,0;0,0;0,0;-0,2451;0,9;1;0,0;0;1;6;0;0
7;HapticsFixedCC;4;19,25;214,3381;9,3;-0,1785;0,0;0,0;0,0;-0,2446;0,9;1;0,0;0;1;6;0;0
7;HapticsFixedCC;4;19,2639;214,3022;9,3;-0,1483;0,0;0,0;0,0;-0,2441;0,9;1;0,0;0;1;6;0;0
7;HapticsFixedCC;4;19,2778;214,2663;9,3;-0,1033;0,0;0,0;0,0;-0,2435;0,89;1;0,0;0;1;6;0;0
7;HapticsFixedCC;4;19,2917;214,2304;9,3;-0,0696;0,0;0,0;0,0;-0,2429;0,89;1;0,0;0;1;6;0;0
7;HapticsFixedCC;4;19,3055;214,1945;9,3;-0,0582;0,0;0,0;0,0;-0,2424;0,89;1;0,0001;0;1;6;0;0
7;HapticsFixedCC;4;19,3194;214,1646;9,3;-0,0378;0,0;0,0;0,0;-0,2418;0,89;1;0,0001;0;1;6;0;0
7;HapticsFixedCC;4;19,3333;214,1646;9,3;-0,0125;0,0;0,0;0,0;-0,2413;0,89;1;0,0001;0;1;6;0;0
7;HapticsFixedCC;4;19,3472;214,1646;9,3;0,008;0,0;0,0;0,0;-0,2407;0,89;1;0,0001;0;1;6;0;0
7;HapticsFixedCC;4;19,3611;214,1646;9,3;0,0153;0,0;0,0;0,0;-0,2401;0,89;1;0,0001;0;1;6;0;0
7;HapticsFixedCC;4;19,375;214,1646;9,3;0,0158;0,0;0,0;0,0;-0,2395;0,89;1;0,0001;0;1;6;0;0
7;HapticsFixedCC;4;19,3889;214,1646;9,2;0,0002;0,0;0,0;0,0;-0,2389;0,89;1;0,0001;0;1;6;0;0
7;HapticsFixedCC;4;19,4028;214,1646;9,2;-0,0144;0,0;0,0;0,0;-0,2384;0,89;1;0,0001;0;1;6;0;0
7;HapticsFixedCC;4;19,4167;213,9083;9,2;-0,0447;0,0;0,0;0,0;-0,2378;0,89;1;0,0;0;1;6;0;0
7;HapticsFixedCC;4;19,4306;213,8728;9,2;-0,0762;0,0;0,0;0,0;-0,2373;0,89;1;0,0;0;1;6;0;0
7;HapticsFixedCC;4;19,4444;213,8373;9,2;-0,1143;0,0;0,0;0,0;-0,2367;0,89;1;0,0;0;1;6;0;0
7;HapticsFixedCC;4;19,4583;213,8018;9,2;-0,1507;0,0;0,0;0,0;-0,2362;0,89;1;0,0;0;1;6;0;0
7;HapticsFixedCC;4;19,4722;213,7664;9,2;-0,1815;0,0;0,0;0,0;-0,2357;0,88;1;0,0;0;1;6;0;0
7;HapticsFixedCC;4;19,4861;213,7309;9,2;-0,2027;0,0;0,0;0,0;-0,2352;0,88;1;0,0;0;1;6;0;0
7;HapticsFixedCC;4;19,5;213,7096;9,2;-0,223;0,0;0,0;0,0;-0,2347;0,87;1;0,0;0;1;6;0;0
7;HapticsFixedCC;4;19,5139;213,7096;9,2;-0,2386;0,0;0,0;0,0;-0,2342;0,87;1;0,0;0;1;6;0;0
7;HapticsFixedCC;4;19,5278;213,7096;9,2;-0,2548;0,0;0,0;0,0;-0,2337;0,86;1;0,0;0;1;6;0;0
7;HapticsFixedCC;4;19,5417;213,7096;9,2;-0,2604;0,0;0,0;0,0;-0,2332;0,86;1;0,0;0;1;6;0;0
7;HapticsFixedCC;4;19,5556;213,7096;9,2;-0,2613;0,0;0,0;0,0;-0,2327;0,85;1;0,0;0;1;6;0;0
7;HapticsFixedCC;4;19,5694;213,7096;9,2;-0,2541;0,0;0,0;0,0;-0,2322;0,85;1;0,0;0;1;6;0;0
7;HapticsFixedCC;4;19,5833;213,7096;9,2;-0,2409;0,0;0,0;0,0;-0,2317;0,84;1;0,0;0;1;6;0;0
7;HapticsFixedCC;4;19,5972;213,4469;9,2;-0,2295;0,0;0,0;0,0;-0,2313;0,84;1;0,0;0;1;6;0;0
7;HapticsFixedCC;4;19,6111;213,4114;9,2;-0,2163;0,0;0,0;0,0;-0,2308;0,83;1;0,0;0;1;6;0;0
7;HapticsFixedCC;4;19,625;213,376;9,2;-0,2089;0,0;0,0;0,0;-0,2303;0,83;1;0,0;0;1;6;0;0
7;HapticsFixedCC;4;19,6389;213,3405;9,2;-0,2014;0,0;0,0;0,0;-0,2298;0,82;1;0,0;0;1;6;0;0
7;HapticsFixedCC;4;19,6528;213,305;9,2;-0,1988;0,0;0,0;0,0;-0,2293;0,82;1;0,0;0;1;6;0;0
7;HapticsFixedCC;4;19,6667;213,2695;9,2;-0,2039;0,0;0,0;0,0;-0,2289;0,81;1;0,0;0;1;6;0;0
7;HapticsFixedCC;4;19,6806;213,2529;9,2;-0,2167;0,0;0,0;0,0;-0,2284;0,81;1;0,0;0;1;6;0;0
7;HapticsFixedCC;4;19,6944;213,2529;9,2;-0,2469;0,0;0,0;0,0;-0,2279;0,8;1;0,0;0;1;6;0;0
7;HapticsFixedCC;4;19,7083;213,2529;9,2;-0,2854;0,0;0,0;0,0;-0,2275;0,8;1;0,0;0;1;6;0;0
7;HapticsFixedCC;4;19,7222;213,2529;9,2;-0,3134;0,0;0,0;0,0;-0,2271;0,79;1;0,0;0;1;6;0;0
7;HapticsFixedCC;4;19,7361;213,2529;9,2;-0,3474;0,0;0,0;0,0;-0,2266;0,78;1;0,0;0;1;6;0;0
7;HapticsFixedCC;4;19,75;213,2529;9,2;-0,3827;0,0;0,0;0,0;-0,2262;0,77;1;0,0;0;1;6;0;0
7;HapticsFixedCC;4;19,7639;213,021;9,2;-0,4196;0,0;0,0;0,0;-0,2258;0,76;1;0,0;0;1;6;0;0
7;HapticsFixedCC;4;19,7778;212,9855;9,2;-0,4772;0,0;0,0;0,0;-0,2255;0,75;1;0,0;0;1;6;0;0
7;HapticsFixedCC;4;19,7917;212,9501;9,2;-0,5384;0,0;0,0;0,0;-0,2251;0,74;1;0,0;0;1;6;0;0
7;HapticsFixedCC;4;19,8056;212,9146;9,2;-0,6097;0,0;0,0;0,0;-0,2248;0,73;1;0,0;0;1;6;0;0
7;HapticsFixedCC;4;19,8194;212,8791;9,2;-0,682;0,0;0,0;0,0;-0,2245;0,71;1;0,0;0;1;6;0;0
7;HapticsFixedCC;4;19,8333;212,8436;9,2;-0,7317;0,0;0,0;0,0;-0,2242;0,7;1;0,0;0;1;6;0;0
7;HapticsFixedCC;4;19,8472;212,8081;9,2;-0,7808;0,0;0,0;0,0;-0,2239;0,68;1;0,0;0;1;6;0;0
7;HapticsFixedCC;4;19,8611;212,7967;9,2;-0,7957;0,0;0,0;0,0;-0,2237;0,66;1;0,0;0;1;6;0;0
7;HapticsFixedCC;4;19,875;212,7967;9,2;-0,8115;0,0;0,0;0,0;-0,2234;0,64;1;0,0;0;1;6;0;0
7;HapticsFixedCC;4;19,8889;212,7967;9,2;-0,8195;0,0;0,0;0,0;-0,2232;0,62;1;0,0;0;1;6;0;0
7;HapticsFixedCC;4;19,9028;212,7967;9,2;-0,8259;0,0;0,0;0,0;-0,223;0,6;1;0,0;0;1;6;0;0
7;HapticsFixedCC;4;19,9167;212,7967;9,2;-0,829;0,0;0,0;0,0;-0,2228;0,58;1;0,0;0;1;6;0;0
7;HapticsFixedCC;4;19,9306;212,7967;9,2;-0,8303;0,0;0,0;0,0;-0,2226;0,57;1;0,0;0;1;6;0;0
7;HapticsFixedCC;4;19,9444;212,5596;9,2;-0,8291;0,0;0,0;0,0;-0,2225;0,54;1;0,0;0;1;6;0;0
7;HapticsFixedCC;4;19,9583;212,5241;9,2;-0,8261;0,0;0,0;0,0;-0,2223;0,52;1;0,0;0;1;6;0;0
7;HapticsFixedCC;4;19,9722;212,4886;9,2;-0,8221;0,0;0,0;0,0;-0,2222;0,5;1;0,0;0;1;6;0;0
7;HapticsFixedCC;4;19,9861;212,4532;9,2;-0,8181;0,0;0,0;0,0;-0,2221;0,48;1;0,0;0;1;6;0;0
7;HapticsFixedCC;4;20,0;212,4177;9,2;-0,8133;0,0;0,0;0,0;-0,2219;0,46;1;0,0;0;1;6;0;0
7;HapticsFixedCC;4;20,0139;212,3822;9,2;-0,8038;0,0;0,0;0,0;-0,2218;0,44;1;0,0;0;1;6;0;0
7;HapticsFixedCC;4;20,0278;212,3467;9,2;-0,7922;0,0;0,0;0,0;-0,2217;0,43;1;0,0;0;1;6;0;0
7;HapticsFixedCC;4;20,0417;212,341;9,2;-0,7709;0,0;0,0;0,0;-0,2217;0,41;1;0,0;0;1;6;0;0
7;HapticsFixedCC;4;20,0556;212,341;9,2;-0,7471;0,0;0,0;0,0;-0,2216;0,39;1;0,0;0;1;5;0;0
7;HapticsFixedCC;4;20,0694;212,341;9,2;-0,7177;0,0;0,0;0,0;-0,2215;0,37;1;0,0;0;1;5;0;0
7;HapticsFixedCC;4;20,0833;212,341;9,2;-0,6735;0,0;0,0;0,0;-0,2214;0,36;1;0,0;0;1;5;0;0
7;HapticsFixedCC;4;20,0972;212,341;9,2;-0,6401;0,0;0,0;0,0;-0,2214;0,34;1;0,0;0;1;5;0;0
7;HapticsFixedCC;4;20,1111;212,341;9,2;-0,6084;0,0;0,0;0,0;-0,2213;0,33;1;0,0;0;1;5;0;0
7;HapticsFixedCC;4;20,125;212,0982;9,2;-0,5774;0,0;0,0;0,0;-0,2212;0,31;1;0,0;0;1;5;0;0
7;HapticsFixedCC;4;20,1389;212,0627;9,2;-0,5515;0,0;0,0;0,0;-0,2211;0,3;1;0,0;0;1;5;0;0
7;HapticsFixedCC;4;20,1528;212,0272;9,4;-0,5358;0,0;0,0;0,0;-0,2211;0,28;1;0,0;0;1;5;0;0
7;HapticsFixedCC;4;20,1667;211,991;9,4;-0,5265;0,0;0,0;0,0;-0,221;0,27;1;0,0;0;1;5;0;0
7;HapticsFixedCC;4;20,1806;211,9547;9,4;-0,5279;0,0;0,0;0,0;-0,221;0,26;1;0,0;0;1;5;0;0
7;HapticsFixedCC;4;20,1944;211,9184;9,4;-0,5406;0,0;0,0;0,0;-0,2209;0,24;1;0,0;0;1;5;0;0
7;HapticsFixedCC;4;20,2083;211,8849;9,4;-0,557;0,0;0,0;0,0;-0,2209;0,23;1;0,0;0;1;5;0;0
7;HapticsFixedCC;4;20,2222;211,8849;9,4;-0,5782;0,0;0,0;0,0;-0,2209;0,22;1;0,0;0;1;5;0;0
7;HapticsFixedCC;4;20,2361;211,8849;9,4;-0,6054;0,0;0,0;0,0;-0,2209;0,2;1;0,0;0;1;5;0;0
7;HapticsFixedCC;4;20,25;211,8849;9,4;-0,645;0,0;0,0;0,0;-0,2209;0,18;1;0,0;0;1;5;0;0
7;HapticsFixedCC;4;20,2639;211,8849;9,4;-0,6937;0,0;0,0;0,0;-0,221;0,17;1;0,0;0;1;5;0;0
7;HapticsFixedCC;4;20,2778;211,8849;9,4;-0,7405;0,0;0,0;0,0;-0,221;0,15;1;0,0;0;1;5;0;0
7;HapticsFixedCC;4;20,2917;211,8849;9,4;-0,776;0,0;0,0;0,0;-0,2211;0,13;1;0,0;0;1;5;0;0
7;HapticsFixedCC;4;20,3056;211,6283;9,4;-0,8059;0,0;0,0;0,0;-0,2212;0,11;1;0,0;0;1;5;0;0
7;HapticsFixedCC;4;20,3194;211,5921;9,4;-0,8297;0,0;0,0;0,0;-0,2214;0,09;1;0,0;0;1;5;0;0
7;HapticsFixedCC;4;20,3333;211,5558;9,4;-0,8542;0,0;0,0;0,0;-0,2215;0,07;1;0,0;0;1;5;0;0
7;HapticsFixedCC;4;20,3472;211,5195;9,4;-0,8705;0,0;0,0;0,0;-0,2217;0,04;1;0,0;0;1;5;0;0
7;HapticsFixedCC;4;20,3611;211,4832;9,4;-0,8849;0,0;0,0;0,0;-0,2219;0,02;1;0,0;0;1;5;0;0
7;HapticsFixedCC;4;20,375;211,447;9,4;-0,894;0,0;0,0;0,0;-0,2221;0,0;1;0,0;0;1;5;0;0
7;HapticsFixedCC;4;20,3889;211,4292;9,4;-0,8994;0,0;0,0;0,0;-0,2224;0,0;1;0,0;0;1;5;0;0
7;HapticsFixedCC;4;20,4028;211,4292;9,4;-0,9103;0,0;0,0;0,0;-0,2226;-0,03;1;0,0;0;1;5;0;0
7;HapticsFixedCC;4;20,4167;211,4292;9,4;-0,926;0,0;0,0;0,0;-0,2229;-0,06;1;0,0;0;1;5;0;0
7;HapticsFixedCC;4;20,4306;211,4292;9,4;-0,9526;0,0;0,0;0,0;-0,2232;-0,08;1;0,0;0;1;5;0;0
7;HapticsFixedCC;4;20,4444;211,4292;9,4;-1,0003;0,0;0,0;0,0;-0,2235;-0,1;1;0,0;0;1;5;0;0
7;HapticsFixedCC;4;20,4583;211,4292;9,4;-1,0651;0,0;0,0;0,0;-0,2238;-0,13;1;0,0;0;1;5;0;0
7;HapticsFixedCC;4;20,4722;211,1931;9,4;-1,116;0,0;0,0;0,0;-0,2242;-0,16;1;0,0;0;1;5;0;0
7;HapticsFixedCC;4;20,4861;211,1569;9,4;-1,1744;0,0;0,0;0,0;-0,2246;-0,18;1;0,0;0;1;5;0;0
7;HapticsFixedCC;4;20,5;211,1206;9,4;-1,2365;0,0;0,0;0,0;-0,225;-0,21;1;0,0;0;1;5;0;0
7;HapticsFixedCC;4;20,5139;211,0844;9,4;-1,2722;0,0;0,0;0,0;-0,2255;-0,24;1;0,0;0;1;5;0;0
7;HapticsFixedCC;4;20,5278;211,0481;9,4;-1,3122;0,0;0,0;0,0;-0,226;-0,27;1;0,0;0;1;5;0;0
7;HapticsFixedCC;4;20,5417;211,0118;9,4;-1,3423;0,0;0,0;0,0;-0,2265;-0,31;1;0,0;0;1;5;0;0
7;HapticsFixedCC;4;20,5556;210,9756;9,4;-1,3735;0,0;0,0;0,0;-0,227;-0,34;1;0,0;0;1;5;0;0
7;HapticsFixedCC;4;20,5694;210,9726;9,4;-1,4172;0,0;0,0;0,0;-0,2276;-0,37;1;0,0;0;1;5;0;0
7;HapticsFixedCC;4;20,5833;210,9726;9,4;-1,4484;0,0;0,0;0,0;-0,2282;-0,41;1;0,0;0;1;5;0;0
7;HapticsFixedCC;4;20,5972;210,9726;9,4;-1,4695;0,0;0,0;0,0;-0,2289;-0,44;1;0,0;0;1;5;0;0
7;HapticsFixedCC;4;20,6111;210,9726;9,4;-1,4992;0,0;0,0;0,0;-0,2295;-0,48;1;0,0;0;1;5;0;0
7;HapticsFixedCC;4;20,625;210,9726;9,4;-1,5229;0,0;0,0;0,0;-0,2302;-0,51;1;0,0;0;1;5;0;0
7;HapticsFixedCC;4;20,6389;210,9726;9,4;-1,5308;0,0;0,0;0,0;-0,2309;-0,55;1;0,0;0;1;5;0;0
7;HapticsFixedCC;4;20,6528;210,7217;9,4;-1,5252;0,0;0,0;0,0;-0,2317;-0,59;1;0,0;0;1;5;0;0
7;HapticsFixedCC;4;20,6667;210,6855;9,4;-1,5105;0,0;0,0;0,0;-0,2324;-0,62;1;0,0;0;1;5;0;0
7;HapticsFixedCC;4;20,6806;210,6492;9,4;-1,4933;0,0;0,0;0,0;-0,2332;-0,66;1;0,0;0;1;5;0;0
7;HapticsFixedCC;4;20,6944;210,6129;9,4;-1,4749;0,0;0,0;0,0;-0,234;-0,69;1;0,0;0;1;5;0;0
7;HapticsFixedCC;4;20,7083;210,5767;9,4;-1,4473;0,0;0,0;0,0;-0,2348;-0,73;1;0,0;0;1;5;0;0
7;HapticsFixedCC;4;20,7222;210,5404;9,4;-1,419;0,0;0,0;0,0;-0,2356;-0,76;1;0,0;0;1;5;0;0
7;HapticsFixedCC;4;20,7361;210,5166;9,4;-1,3885;0,0;0,0;0,0;-0,2364;-0,8;1;0,0;0;1;5;0;0
7;HapticsFixedCC;4;20,75;210,5166;9,4;-1,3548;0,0;0,0;0,0;-0,2373;-0,83;1;0,0;0;1;5;0;0
7;HapticsFixedCC;4;20,7639;210,5166;9,4;-1,3274;0,0;0,0;0,0;-0,2382;-0,86;1;0,0;0;1;5;0;0
7;HapticsFixedCC;4;20,7778;210,5166;9,4;-1,3026;0,0;0,0;0,0;-0,239;-0,89;1;0,0;0;1;5;0;0
7;HapticsFixedCC;4;20,7917;210,5166;9,4;-1,2864;0,0;0,0;0,0;-0,2399;-0,92;1;0,0;0;1;5;0;0
7;HapticsFixedCC;4;20,8056;210,5166;9,4;-1,2707;0,0;0,0;0,0;-0,2408;-0,95;1;0,0;0;1;5;0;0
7;HapticsFixedCC;4;20,8194;210,2866;9,4;-1,2647;0,0;0,0;0,0;-0,2418;-0,98;1;0,0;0;1;5;0;0
7;HapticsFixedCC;4;20,8333;210,2504;9,4;-1,2632;0,0;0,0;0,0;-0,2427;-1,01;1;0,0;0;1;5;0;0
7;HapticsFixedCC;4;20,8472;210,2141;9,4;-1,282;0,0;0,0;0,0;-0,2437;-1,04;1;0,0;0;1;5;0;0
7;HapticsFixedCC;4;20,8611;210,1779;9,4;-1,3142;0,0;0,0;0,0;-0,2447;-1,07;1;0,0;0;1;5;0;0
7;HapticsFixedCC;4;20,875;210,1416;9,4;-1,3685;0,0;0,0;0,0;-0,2457;-1,1;1;0,0;0;1;5;0;0
7;HapticsFixedCC;4;20,8889;210,1054;9,4;-1,4282;0,0;0,0;0,0;-0,2468;-1,14;1;0,0;0;1;5;0;0
7;HapticsFixedCC;4;20,9028;210,0691;9,4;-1,4666;0,0;0,0;0,0;-0,2479;-1,17;1;0,0;0;1;5;0;0
7;HapticsFixedCC;4;20,9167;210,0611;9,4;-1,5009;0,0;0,0;0,0;-0,249;-1,21;1;0,0;0;1;5;0;0
7;HapticsFixedCC;4;20,9306;210,0611;9,4;-1,5384;0,0;0,0;0,0;-0,2501;-1,25;1;0,0;0;1;5;0;0
7;HapticsFixedCC;4;20,9444;210,0611;9,4;-1,5699;1,0;0,0;0,0;-0,2513;-1,29;1;0,0;0;1;5;0;0
7;HapticsFixedCC;4;20,9583;210,0611;9,4;-1,6136;1,0;0,0;0,0;-0,2525;-1,32;1;0,0;0;1;5;0;0
7;HapticsFixedCC;4;20,9722;210,0611;9,4;-1,6614;1,0;0,0;0,0;-0,2537;-1,36;1;0,0;0;1;5;0;0
7;HapticsFixedCC;4;20,9861;210,0611;9,4;-1,7008;1,0;0,0;0,0;-0,255;-1,4;1;0,0;0;1;5;0;0
7;HapticsFixedCC;4;21,0;209,8154;9,4;-1,7473;1,0;0,0;0,0;-0,2563;-1,45;1;0,0;0;1;5;0;0
7;HapticsFixedCC;4;21,0139;209,7791;9,4;-1,793;1,0;0,0;0,0;-0,2576;-1,49;1;0,0001;0;1;5;0;0
7;HapticsFixedCC;4;21,0278;209,7429;9,4;-1,8288;1,0;0,0;0,0;-0,259;-1,53;1;0,0001;0;1;5;0;0
7;HapticsFixedCC;4;21,0417;209,7067;9,4;-1,8682;1,0;0,0;0,0;-0,2604;-1,58;1;0,0001;0;1;5;0;0
7;HapticsFixedCC;4;21,0556;209,6704;9,4;-1,9139;1,0;0,0;0,0;-0,2618;-1,62;1;0,0001;0;1;7;0;0
7;HapticsFixedCC;4;21,0694;209,6342;9,4;-1,9611;1,0;0,0;0,0;-0,2633;-1,67;1;0,0001;0;1;7;0;0
7;HapticsFixedCC;4;21,0833;209,6046;9,4;-2,0074;1,0;0,0;0,0;-0,2649;-1,72;1;0,0001;0;1;7;0;0
7;HapticsFixedCC;4;21,0972;209,6046;9,4;-2,0753;1,0;0,0;0,0;-0,2664;-1,77;1;0,0001;0;1;7;0;0
7;HapticsFixedCC;4;21,1111;209,6046;9,4;-2,1151;1,0;0,0;0,0;-0,2681;-1,82;1;0,0001;0;1;7;0;0
7;HapticsFixedCC;4;21,125;209,6046;9,4;-2,1968;1,0;0,0;0,0;-0,2697;-1,87;1;0,0001;0;1;7;0;0
7;HapticsFixedCC;4;21,1389;209,6046;9,4;-2,2971;1,0;0,0;0,0;-0,2715;-1,92;1;0,0001;0;1;7;0;0
7;HapticsFixedCC;4;21,1528;209,6046;9,4;-2,393;1,0;0,0;0,0;-0,2733;-1,98;1;0,0001;0;1;7;0;0
7;HapticsFixedCC;4;21,1667;209,6046;9,4;-2,4822;1,0;0,0;0,0;-0,2751;-2,04;1;0,0001;0;1;7;0;0
7;HapticsFixedCC;4;21,1806;209,3444;9,4;-2,5837;1,0;0,0;0,0;-0,277;-2,1;1;0,0;0;1;7;0;0
7;HapticsFixedCC;4;21,1944;209,3081;9,4;-2,643;1,0;0,0;0,0;-0,279;-2,17;1;0,0;0;1;7;0;0
7;HapticsFixedCC;4;21,2083;209,2719;9,4;-2,7118;1,0;0,0;0,0;-0,281;-2,23;1;0,0;0;1;7;0;0
7;HapticsFixedCC;4;21,2222;209,2357;9,4;-2,7913;1,0;0,0;0,0;-0,2831;-2,3;1;0,0;0;1;7;0;0
7;HapticsFixedCC;4;21,2361;209,1995;9,4;-2,8815;1,0;0,0;0,0;-0,2852;-2,37;1;0,0;0;1;7;0;0
7;HapticsFixedCC;4;21,25;209,1633;9,4;-2,9209;1,0;0,0;0,0;-0,2874;-2,44;1;0,0;0;1;7;0;0
7;HapticsFixedCC;4;21,2639;209,1476;9,4;-2,987;1,0;0,0;0,0;-0,2897;-2,51;1;0,0;0;1;7;0;0
7;HapticsFixedCC;4;21,2778;209,1476;9,4;-3,0165;1,0;0,0;0,0;-0,292;-2,58;1;0,0;0;1;7;0;0
7;HapticsFixedCC;4;21,2917;209,1476;9,4;-3,0136;1,0;0,0;0,0;-0,2944;-2,65;1;0,0;0;1;7;0;0
7;HapticsFixedCC;4;21,3056;209,1476;9,4;-3,0147;1,0;0,0;0,0;-0,2968;-2,73;1;0,0;0;1;7;0;0
7;HapticsFixedCC;4;21,3194;209,1476;9,4;-3,002;1,0;0,0;0,0;-0,2993;-2,8;1;0,0;0;1;7;0;0
7;HapticsFixedCC;4;21,3333;209,1476;9,4;-2,9586;1,0;0,0;0,0;-0,3017;-2,87;1;0,0;0;1;7;0;0
7;HapticsFixedCC;4;21,3472;208,9099;9,4;-2,936;1,0;0,0;0,0;-0,3043;-2,94;1;0,0;0;1;7;0;0
7;HapticsFixedCC;4;21,3611;208,8738;9,4;-2,9008;1,0;0,0;0,0;-0,3068;-3,01;1;0,0;0;1;7;0;0
7;HapticsFixedCC;4;21,375;208,8376;9,4;-2,8061;1,0;0,0;0,0;-0,3094;-3,08;1;0,0;0;1;7;0;0
7;HapticsFixedCC;4;21,3889;208,8014;10,0;-2,72;1,0;0,0;0,0;-0,312;-3,15;1;0,0;0;1;7;0;0
7;HapticsFixedCC;4;21,4028;208,7629;10,0;-2,695;1,0;0,0;0,0;-0,3149;-3,22;1;0,0;0;1;7;0;0
7;HapticsFixedCC;4;21,4167;208,7244;10,0;-2,6287;1,0;0,0;0,0;-0,3177;-3,28;1;0,0;0;1;7;0;0
7;HapticsFixedCC;4;21,4306;208,6907;10,0;-2,5653;1,0;0,0;0,0;-0,3206;-3,35;1;0,0;0;1;7;0;0
7;HapticsFixedCC;4;21,4444;208,6907;10,0;-2,5581;1,0;0,0;0,0;-0,3235;-3,41;1;0,0;0;1;7;0;0
7;HapticsFixedCC;4;21,4583;208,6907;10,0;-2,5127;1,0;0,0;0,0;-0,3264;-3,48;1;0,0;0;1;7;0;0
7;HapticsFixedCC;4;21,4722;208,6907;10,0;-2,4749;1,0;0,0;0,0;-0,3294;-3,54;1;0,0;0;1;7;0;0
7;HapticsFixedCC;4;21,4861;208,6907;10,0;-2,4327;1,0;0,0;0,0;-0,3325;-3,61;1;0,0;0;1;7;0;0
7;HapticsFixedCC;4;21,5;208,6907;10,0;-2,4122;1,0;0,0;0,0;-0,3355;-3,67;1;0,0;0;1;7;0;0
7;HapticsFixedCC;4;21,5139;208,4532;10,0;-2,408;1,0;0,0;0,0;-0,3372;-3,19;1;0,032;0;1;7;0;0
7;HapticsFixedCC;4;21,5278;208,4147;10,0;-2,4192;1,0;0,0;0,0;-0,3401;-3,17;1;0,0371;0;1;7;0;0
7;HapticsFixedCC;4;21,5417;208,3763;10,0;-2,4312;1,0;0,0;0,0;-0,3431;-3,14;1;0,0423;0;1;7;0;0
7;HapticsFixedCC;4;21,5556;208,3378;10,0;-2,4271;1,0;0,0;0,0;-0,3461;-3,12;1;0,0475;0;1;7;0;0
7;HapticsFixedCC;4;21,5694;208,2993;10,0;-2,4314;1,0;0,0;0,0;-0,3491;-3,09;1;0,0527;0;1;7;0;0
7;HapticsFixedCC;4;21,5833;208,2608;10,0;-2,4294;1,0;0,0;0,0;-0,3522;-3,07;1;0,0579;0;1;7;0;0
7;HapticsFixedCC;4;21,5972;208,2388;10,0;-2,4226;1,0;0,0;0,0;-0,3551;-3,08;1;0,0608;0;1;7;0;0
7;HapticsFixedCC;4;21,6111;208,2388;10,0;-2,3831;1,0;0,0;0,0;-0,3578;-3,14;1;0,0608;0;1;7;0;0
7;HapticsFixedCC;4;21,625;208,2388;10,0;-2,3404;1,0;0,0;0,0;-0,3605;-3,2;1;0,0608;0;1;7;0;0
7;HapticsFixedCC;4;21,6389;208,2388;10,0;-2,3131;1,0;0,0;0,0;-0,3633;-3,26;1;0,0608;0;1;7;0;0
7;HapticsFixedCC;4;21,6528;208,2388;10,0;-2,3086;1,0;0,0;0,0;-0,366;-3,32;0;0,0608;0;1;7;0;0
7;HapticsFixedCC;4;21,6667;208,2388;10,0;-2,2785;1,0;0,0;0,0;-0,3689;-3,38;0;0,0608;0;1;7;0;0
7;HapticsFixedCC;4;21,6806;207,9821;10,0;-2,2312;1,0;0,0;0,0;-0,3682;-2,54;0;0,061;0;1;7;0;0
7;HapticsFixedCC;4;21,6944;207,9436;10,0;-2,1366;1,0;0,0;0,0;-0,3705;-2,46;0;0,061;0;1;7;0;0
7;HapticsFixedCC;4;21,7083;207,9051;10,0;-2,0686;1,0;0,0;0,0;-0,3728;-2,38;0;0,061;0;1;7;0;0
7;HapticsFixedCC;4;21,7222;207,8665;10,0;-1,9905;1,0;0,0;0,0;-0,3752;-2,29;0;0,061;0;1;7;0;0
7;HapticsFixedCC;4;21,7361;207,828;10,0;-1,9274;1,0;0,0;0,0;-0,3776;-2,21;0;0,061;0;1;7;0;0
7;HapticsFixedCC;4;21,75;207,7895;10,0;-1,8785;1,0;0,0;0,0;-0,38;-2,12;0;0,0611;0;1;7;0;0
7;HapticsFixedCC;4;21,7639;207,7837;10,0;-1,7932;1,0;0,0;0,0;-0,3819;-2,15;0;0,0611;0;1;7;0;0
7;HapticsFixedCC;4;21,7778;207,7837;10,0;-1,7688;1,0;0,0;0,0;-0,3838;-2,19;0;0,0611;0;1;7;0;0
7;HapticsFixedCC;4;21,7917;207,7837;10,0;-1,7639;1,0;0,0;0,0;-0,3857;-2,23;0;0,0611;0;1;7;0;0
7;HapticsFixedCC;4;21,8056;207,7837;10,0;-1,7145;1,0;0,0;0,0;-0,3876;-2,28;0;0,0611;0;1;7;0;0
7;HapticsFixedCC;4;21,8194;207,7837;10,0;-1,5989;1,0;0,0;0,0;-0,3896;-2,32;0;0,0611;0;1;7;0;0
7;HapticsFixedCC;4;21,8333;207,5476;10,0;-1,5218;1,0;0,0;0,0;-0,3883;-1,53;0;0,0611;0;1;7;0;0
7;HapticsFixedCC;4;21,8472;207,509;10,0;-1,4806;1,0;0,0;0,0;-0,3897;-1,43;0;0,0611;0;1;7;0;0
7;HapticsFixedCC;4;21,8611;207,4705;10,0;-1,4279;1,0;0,0;0,0;-0,3911;-1,33;0;0,0611;0;1;7;0;0
7;HapticsFixedCC;4;21,875;207,4319;10,0;-1,4173;1,0;0,0;0,0;-0,3926;-1,24;0;0,0611;0;1;7;0;0
7;HapticsFixedCC;4;21,8889;207,3934;10,4;-1,3448;1,0;0,0;0,0;-0,394;-1,14;0;0,0612;0;1;7;0;0
7;HapticsFixedCC;4;21,9028;207,3533;10,4;-1,3123;1,0;0,0;0,0;-0,3955;-1,03;0;0,0612;0;1;7;0;0
7;HapticsFixedCC;4;21,9167;207,3276;10,4;-1,3058;1,0;0,0;0,0;-0,3969;-0,97;0;0,0612;0;1;7;0;0
7;HapticsFixedCC;4;21,9306;207,3276;10,4;-1,2881;1,0;0,0;0,0;-0,3979;-1,01;0;0,0612;0;1;7;0;0
7;HapticsFixedCC;4;21,9444;207,3276;10,4;-1,2743;1,0;0,0;0,0;-0,3989;-1,04;0;0,0612;0;1;7;0;0
7;HapticsFixedCC;4;21,9583;207,3276;10,4;-1,2715;1,0;0,0;0,0;-0,4;-1,07;0;0,0612;0;1;7;0;0
7;HapticsFixedCC;4;21,9722;207,3276;10,4;-1,2765;1,0;0,0;0,0;-0,4011;-1,11;0;0,0612;0;1;7;0;0
7;HapticsFixedCC;4;21,9861;207,3276;10,4;-1,3196;1,0;0,0;0,0;-0,4022;-1,14;0;0,0612;0;1;7;0;0
7;HapticsFixedCC;4;22,0;207,0614;10,4;-1,3281;1,0;0,0;0,0;-0,3996;-0,24;0;0,0612;0;1;7;0;0
7;HapticsFixedCC;4;22,0139;207,0213;10,4;-1,334;1,0;0,0;0,0;-0,4002;-0,14;0;0,0612;0;1;7;0;0
7;HapticsFixedCC;4;22,0278;206,9812;10,4;-1,3964;1,0;0,0;0,0;-0,4009;-0,03;0;0,0612;0;1;7;0;0
7;HapticsFixedCC;4;22,0417;206,941;10,4;-1,4171;1,0;0,0;0,0;-0,4016;0,07;0;0,0612;0;1;7;0;0
7;HapticsFixedCC;4;22,0556;206,9009;10,4;-1,4688;1,0;0,0;0,0;-0,4023;0,17;0;0,0612;0;1;7;0;0
7;HapticsFixedCC;4;22,0694;206,8726;10,4;-1,5586;1,0;0,0;0,0;-0,4029;0,23;0;0,0612;0;1;6;0;0
7;HapticsFixedCC;4;22,0833;206,8726;10,4;-1,5597;1,0;0,0;0,0;-0,4031;0,19;0;0,0612;0;1;6;0;0
7;HapticsFixedCC;4;22,0972;206,8726;10,4;-1,6314;1,0;0,0;0,0;-0,4034;0,14;0;0,0612;0;1;6;0;0
7;HapticsFixedCC;4;22,1111;206,8726;10,4;-1,6784;1,0;0,0;0,0;-0,4038;0,1;0;0,0612;0;1;6;0;0
7;HapticsFixedCC;4;22,125;206,8726;10,4;-1,7357;1,0;0,0;0,0;-0,4041;0,06;0;0,0612;0;1;6;0;0
7;HapticsFixedCC;4;22,1389;206,8726;10,4;-1,7423;1,0;0,0;0,0;-0,4046;0,0;0;0,0612;0;1;6;0;0
7;HapticsFixedCC;4;22,1528;206,6088;10,4;-1,8252;1,0;0,0;0,0;-0,4014;0,88;0;0,0611;0;1;6;0;0
7;HapticsFixedCC;4;22,1667;206,5687;10,4;-1,8923;1,0;0,0;0,0;-0,4014;0,97;0;0,0611;0;1;6;0;0
7;HapticsFixedCC;4;22,1806;206,5286;10,4;-1,9469;1,0;0,0;0,0;-0,4014;1,06;0;0,0611;0;1;6;0;0
7;HapticsFixedCC;4;22,1944;206,4884;10,4;-2,0048;1,0;0,0;0,0;-0,4014;1,15;0;0,061;0;1;6;0;0
7;HapticsFixedCC;4;22,2083;206,4483;10,4;-2,0575;1,0;0,0;0,0;-0,4015;1,24;0;0,061;0;1;6;0;0
7;HapticsFixedCC;4;22,2222;206,4165;10,4;-2,1126;1,0;0,0;0,0;-0,4016;1,29;0;0,061;0;1;6;0;0
7;HapticsFixedCC;4;22,2361;206,4165;10,4;-2,1929;1,0;0,0;0,0;-0,4013;1,23;0;0,061;0;1;6;0;0
7;HapticsFixedCC;4;22,25;206,4165;10,4;-2,2684;1,0;0,0;0,0;-0,401;1,17;0;0,061;0;1;6;0;0
7;HapticsFixedCC;4;22,2639;206,4165;10,4;-2,3008;1,0;0,0;0,0;-0,4008;1,11;0;0,061;0;1;6;0;0
7;HapticsFixedCC;4;22,2778;206,4165;10,4;-2,4321;1,0;0,0;0,0;-0,4006;1,05;0;0,061;0;1;6;0;0
7;HapticsFixedCC;4;22,2917;206,4165;10,4;-2,5313;1,0;0,0;0,0;-0,4006;0,98;0;0,061;0;1;6;0;0
7;HapticsFixedCC;4;22,3056;206,1563;10,4;-2,5688;1,0;0,0;0,0;-0,397;1,82;0;0,0609;0;1;6;0;0
7;HapticsFixedCC;4;22,3194;206,1162;10,4;-2,669;1,0;0,0;0,0;-0,3966;1,89;0;0,0608;0;1;6;0;0
7;HapticsFixedCC;4;22,3333;206,076;10,4;-2,7466;1,0;0,0;0,0;-0,3962;1,96;0;0,0608;0;1;6;0;0
7;HapticsFixedCC;4;22,3472;206,0359;10,4;-2,7756;1,0;0,0;0,0;-0,3958;2,02;0;0,0608;0;1;6;0;0
7;HapticsFixedCC;4;22,3611;205,9958;10,4;-2,9062;1,0;0,0;0,0;-0,3955;2,08;0;0,0608;0;1;6;0;0
7;HapticsFixedCC;4;22,375;205,9613;10,4;-2,992;1,0;0,0;0,0;-0,3952;2,13;0;0,0608;0;1;6;0;0
7;HapticsFixedCC;4;22,3889;205,9613;10,4;-3,0459;1,0;0,0;0,0;-0,3946;2,04;0;0,0608;0;1;6;0;0
7;HapticsFixedCC;4;22,4028;205,9613;10,0;-3,1608;1,0;0,0;0,0;-0,3939;1,96;0;0,0608;0;1;6;0;0
7;HapticsFixedCC;4;22,4167;205,9613;10,0;-3,2382;1,0;0,0;0,0;-0,3935;1,88;0;0,0608;0;1;6;0;0
7;HapticsFixedCC;4;22,4306;205,9613;10,0;-3,275;1,0;0,0;0,0;-0,3931;1,8;0;0,0608;0;1;6;0;0
7;HapticsFixedCC;4;22,4444;205,9613;10,0;-3,3638;1,0;0,0;0,0;-0,3927;1,71;0;0,0608;0;1;6;0;0
7;HapticsFixedCC;4;22,4583;205,7102;10,0;-3,4155;1,0;0,0;0,0;-0,389;2,5;0;0,0606;0;1;6;0;0
7;HapticsFixedCC;4;22,4722;205,6716;10,0;-3,4907;1,0;0,0;0,0;-0,3883;2,54;0;0,0605;0;1;6;0;0
7;HapticsFixedCC;4;22,4861;205,633;10,0;-3,5779;1,0;0,0;0,0;-0,3876;2,58;0;0,0605;0;1;6;0;0
7;HapticsFixedCC;4;22,5;205,5944;10,0;-3,6118;1,0;0,0;0,0;-0,387;2,62;0;0,0605;0;1;6;0;0
7;HapticsFixedCC;4;22,5139;205,5558;10,0;-3,682;1,0;0,0;0,0;-0,3866;2,66;0;0,0604;0;1;6;0;0
7;HapticsFixedCC;4;22,5278;205,5172;10,0;-3,7517;1,0;0,0;0,0;-0,3862;2,7;0;0,0604;0;1;6;0;0
7;HapticsFixedCC;4;22,5417;205,5054;10,0;-3,7708;1,0;0,0;0,0;-0,3855;2,64;0;0,0604;0;1;6;0;0
7;HapticsFixedCC;4;22,5556;205,5054;10,0;-3,8374;1,0;0,0;0,0;-0,3847;2,55;0;0,0604;0;1;6;0;0
7;HapticsFixedCC;4;22,5694;205,5054;10,0;-3,9401;1,0;0,0;0,0;-0,384;2,45;0;0,0604;0;1;6;0;0
7;HapticsFixedCC;4;22,5833;205,5054;10,0;-4,0426;1,0;0,0;0,0;-0,3834;2,34;0;0,0604;0;1;6;0;0
7;HapticsFixedCC;4;22,5972;205,5054;10,0;-4,1139;1,0;0,0;0,0;-0,3829;2,24;0;0,0604;0;1;6;0;0
7;HapticsFixedCC;4;22,6111;205,2752;10,0;-4,2157;1,0;0,0;0,0;-0,3793;2,92;0;0,0601;0;1;6;0;0
7;HapticsFixedCC;4;22,625;205,2366;10,0;-4,3057;1,0;0,0;0,0;-0,3785;2,94;0;0,0601;0;1;6;0;0
7;HapticsFixedCC;4;22,6389;205,198;10,0;-4,35;1,0;0,0;0,0;-0,3777;2,97;0;0,0601;0;1;6;0;0
7;HapticsFixedCC;4;22,6528;205,1594;9,8;-4,4218;1,0;0,0;0,0;-0,377;2,99;0;0,06;0;1;6;0;0
7;HapticsFixedCC;4;22,6667;205,1216;9,8;-4,4518;1,0;0,0;0,0;-0,3765;3,01;0;0,06;0;1;6;0;0
7;HapticsFixedCC;4;22,6806;205,0837;9,8;-4,5284;1,0;0,0;0,0;-0,376;3,02;0;0,0599;0;1;6;0;0
7;HapticsFixedCC;4;22,6944;205,0499;9,8;-4,5602;1,0;0,0;0,0;-0,3756;3,02;0;0,0599;0;1;6;0;0
7;HapticsFixedCC;4;22,7083;205,0499;9,8;-4,6031;1,0;0,0;0,0;-0,3747;2,91;0;0,0599;0;1;6;0;0
7;HapticsFixedCC;4;22,7222;205,0499;9,8;-4,6374;1,0;0,0;0,0;-0,374;2,79;0;0,0599;0;1;6;0;0
7;HapticsFixedCC;4;22,7361;205,0499;9,8;-4,6536;1,0;0,0;0,0;-0,3733;2,67;0;0,0599;0;1;6;0;0
7;HapticsFixedCC;4;22,75;205,0499;9,8;-4,6775;1,0;0,0;0,0;-0,3728;2,56;0;0,0599;0;1;6;0;0
7;HapticsFixedCC;4;22,7639;205,0499;9,8;-4,6923;1,0;0,0;0,0;-0,3723;2,44;0;0,0599;0;1;6;0;0
7;HapticsFixedCC;4;22,7778;204,8088;9,8;-4,7125;1,0;0,0;0,0;-0,3686;3,14;0;0,0596;0;1;6;0;0
7;HapticsFixedCC;4;22,7917;204,771;9,8;-4,71;1,0;0,0;0,0;-0,3678;3,15;0;0,0595;0;1;6;0;0
7;HapticsFixedCC;4;22,8056;204,7332;9,8;-4,7093;1,0;0,0;0,0;-0,367;3,16;0;0,0595;0;1;6;0;0
7;HapticsFixedCC;4;22,8194;204,6954;9,8;-4,7193;1,0;0,0;0,0;-0,3664;3,17;0;0,0594;0;1;6;0;0
7;HapticsFixedCC;4;22,8333;204,6575;9,8;-4,7169;1,0;0,0;0,0;-0,3657;3,19;0;0,0594;0;1;6;0;0
7;HapticsFixedCC;4;22,8472;204,6197;9,8;-4,7312;1,0;0,0;0,0;-0,3652;3,2;0;0,0593;0;1;6;0;0
7;HapticsFixedCC;4;22,8611;204,5942;9,8;-4,7405;1,0;0,0;0,0;-0,3646;3,16;0;0,0593;0;1;6;0;0
7;HapticsFixedCC;4;22,875;204,5942;9,8;-4,7367;1,0;0,0;0,0;-0,3637;3,04;0;0,0593;0;1;6;0;0
7;HapticsFixedCC;4;22,8889;204,5942;9,8;-4,7624;1,0;0,0;0,0;-0,3629;2,92;0;0,0593;0;1;6;0;0
7;HapticsFixedCC;4;22,9028;204,5942;9,8;-4,7806;1,0;0,0;0,0;-0,3622;2,8;0;0,0593;0;1;6;0;0
7;HapticsFixedCC;4;22,9167;204,5942;9,8;-4,797;1,0;0,0;0,0;-0,3616;2,68;0;0,0593;0;1;6;0;0
7;HapticsFixedCC;4;22,9306;204,5942;9,8;-4,8132;1,0;0,0;0,0;-0,361;2,56;0;0,0593;0;1;6;0;0
7;HapticsFixedCC;4;22,9444;204,3452;9,8;-4,8805;1,0;0,0;0,0;-0,3573;3,28;0;0,0589;0;1;6;0;0
7;HapticsFixedCC;4;22,9583;204,3074;9,8;-4,9406;1,0;0,0;0,0;-0,3564;3,28;0;0,0589;0;1;6;0;0
7;HapticsFixedCC;4;22,9722;204,2695;9,8;-4,9826;1,0;0,0;0,0;-0,3557;3,28;0;0,0588;0;1;6;0;0
7;HapticsFixedCC;4;22,9861;204,2317;9,8;-5,0493;1,0;0,0;0,0;-0,355;3,28;0;0,0588;0;1;6;0;0
7;HapticsFixedCC;4;23,0;204,1939;9,8;-5,1462;1,0;0,0;0,0;-0,3545;3,28;0;0,0587;0;1;6;0;0
7;HapticsFixedCC;4;23,0139;204,1561;9,8;-5,2185;1,0;0,0;0,0;-0,354;3,28;0;0,0586;0;1;6;0;0
7;HapticsFixedCC;4;23,0278;204,1387;9,8;-5,3325;1,0;0,0;0,0;-0,3534;3,2;0;0,0586;0;1;6;0;0
7;HapticsFixedCC;4;23,0417;204,1387;9,8;-5,4067;1,0;0,0;0,0;-0,3527;3,06;0;0,0586;0;1;6;0;0
7;HapticsFixedCC;4;23,0556;204,1387;9,8;-5,6085;1,0;0,0;0,0;-0,3521;2,92;0;0,0586;0;1;6;0;0
7;HapticsFixedCC;4;23,0694;204,1387;9,8;-5,7911;1,0;0,0;0,0;-0,3517;2,77;0;0,0586;0;1;5;0;0
7;HapticsFixedCC;4;23,0833;204,1387;9,8;-5,9954;1,0;0,0;0,0;-0,3514;2,62;0;0,0586;0;1;5;0;0
7;HapticsFixedCC;4;23,0972;204,1387;9,8;-6,2224;1,0;0,0;0,0;-0,3513;2,46;0;0,0586;0;1;5;0;0
7;HapticsFixedCC;4;23,1111;203,8818;9,8;-6,3573;1,0;0,0;0,0;-0,3479;3,16;0;0,0582;0;1;5;0;0
7;HapticsFixedCC;4;23,125;203,844;9,8;-6,5907;1,0;0,0;0,0;-0,3476;3,12;0;0,0581;0;1;5;0;0
7;HapticsFixedCC;4;23,1389;203,8061;9,8;-6,717;1,0;0,0;0,0;-0,3474;3,07;0;0,0581;0;1;5;0;0
7;HapticsFixedCC;4;23,1528;203,7683;9,8;-6,964;1,0;0,0;0,0;-0,3474;3,02;0;0,058;0;1;5;0;0
7;HapticsFixedCC;4;23,1667;203,7304;9,8;-7,1284;1,0;0,0;0,0;-0,3475;2,97;0;0,0579;0;1;5;0;0
7;HapticsFixedCC;4;23,1806;203,6926;9,8;-7,3424;1,0;0,0;0,0;-0,3479;2,91;0;0,0579;0;1;5;0;0
7;HapticsFixedCC;4;23,1944;203,683;9,8;-7,5139;1,0;0,0;0,0;-0,348;2,75;0;0,0578;0;1;5;0;0
7;HapticsFixedCC;4;23,2083;203,683;9,8;-7,636;1,0;0,0;0,0;-0,3482;2,55;0;0,0578;0;1;5;0;0
7;HapticsFixedCC;4;23,2222;203,683;9,8;-7,739;1,0;0,0;0,0;-0,3485;2,36;0;0,0578;0;1;5;0;0
7;HapticsFixedCC;4;23,2361;203,683;9,8;-7,9203;1,0;0,0;0,0;-0,349;2,16;0;0,0578;0;1;5;0;0
7;HapticsFixedCC;4;23,25;203,683;9,8;-8,0148;1,0;0,0;0,0;-0,3497;1,95;0;0,0578;0;1;5;0;0
7;HapticsFixedCC;4;23,2639;203,683;9,8;-8,116;1,0;0,0;0,0;-0,3505;1,75;0;0,0578;0;1;5;0;0
7;HapticsFixedCC;4;23,2778;203,4184;9,8;-8,1709;1,0;0,0;0,0;-0,348;2,41;0;0,0573;0;1;5;0;0
7;HapticsFixedCC;4;23,2917;203,3805;9,8;-8,2234;1,0;0,0;0,0;-0,3486;2,33;0;0,0573;0;1;5;0;0
7;HapticsFixedCC;4;23,3056;203,3427;9,8;-8,2604;1,0;0,0;0,0;-0,3494;2,24;0;0,0572;0;1;5;0;0
7;HapticsFixedCC;4;23,3194;203,3048;9,8;-8,2752;1,0;0,0;0,0;-0,3503;2,15;0;0,0571;0;1;5;0;0
7;HapticsFixedCC;4;23,3333;203,267;9,8;-8,2857;1,0;0,0;0,0;-0,3514;2,07;0;0,0571;0;1;5;0;0
7;HapticsFixedCC;4;23,3472;203,2291;9,8;-8,2699;1,0;0,0;0,0;-0,3525;1,98;0;0,057;0;1;5;0;0
7;HapticsFixedCC;4;23,3611;203,2275;9,8;-8,2592;1,0;0,0;0,0;-0,3534;1,78;0;0,057;0;1;5;0;0
7;HapticsFixedCC;4;23,375;203,2275;9,8;-8,2403;1,0;0,0;0,0;-0,3544;1,57;0;0,057;0;1;5;0;0
7;HapticsFixedCC;4;23,3889;203,2275;9,8;-8,1507;1,0;0,0;0,0;-0,3554;1,36;0;0,057;0;1;5;0;0
7;HapticsFixedCC;4;23,4028;203,2275;9,8;-8,0339;1,0;0,0;0,0;-0,3566;1,16;0;0,057;0;1;5;0;0
7;HapticsFixedCC;4;23,4167;203,2275;9,8;-7,8909;1,0;0,0;0,0;-0,3579;0,96;0;0,057;0;1;5;0;0
7;HapticsFixedCC;4;23,4306;202,9928;9,8;-7,7645;1,0;0,0;0,0;-0,3563;1,52;0;0,0565;0;1;5;0;0
7;HapticsFixedCC;4;23,4444;202,955;9,8;-7,6581;1,0;0,0;0,0;-0,3573;1,45;0;0,0564;0;1;5;0;0
7;HapticsFixedCC;4;23,4583;202,9171;9,8;-7,425;1,0;0,0;0,0;-0,3583;1,38;0;0,0564;0;1;5;0;0
7;HapticsFixedCC;4;23,4722;202,8793;9,8;-7,1507;1,0;0,0;0,0;-0,3595;1,32;0;0,0563;0;1;5;0;0
7;HapticsFixedCC;4;23,4861;202,8415;9,8;-6,9472;1,0;0,0;0,0;-0,3606;1,27;0;0,0562;0;1;5;0;0
7;HapticsFixedCC;4;23,5;202,8037;9,8;-6,7858;1,0;0,0;0,0;-0,3619;1,22;0;0,0561;0;1;5;0;0
7;HapticsFixedCC;4;23,5139;202,7717;9,8;-6,5487;1,0;0,0;0,0;-0,3631;1,16;0;0,0561;0;1;5;0;0
7;HapticsFixedCC;4;23,5278;202,7717;9,8;-6,3099;1,0;0,0;0,0;-0,364;1,0;0;0,0561;0;1;5;0;0
7;HapticsFixedCC;4;23,5417;202,7717;9,8;-6,0964;1,0;0,0;0,0;-0,3649;0,85;0;0,0561;0;1;5;0;0
7;HapticsFixedCC;4;23,5556;202,7717;9,8;-5,8832;1,0;0,0;0,0;-0,3659;0,7;0;0,0561;0;1;5;0;0
7;HapticsFixedCC;4;23,5694;202,7717;9,8;-5,6871;1,0;0,0;0,0;-0,367;0,55;0;0,0561;0;1;5;0;0
7;HapticsFixedCC;4;23,5833;202,7717;9,8;-5,4556;1,0;0,0;0,0;-0,368;0,42;0;0,0561;0;1;5;0;0
7;HapticsFixedCC;4;23,5972;202,5296;9,8;-5,2164;1,0;0,0;0,0;-0,366;1,05;0;0,0555;0;1;5;0;0
7;HapticsFixedCC;4;23,6111;202,4917;9,8;-5,0106;1,0;0,0;0,0;-0,3667;1,05;0;0,0555;0;1;5;0;0
7;HapticsFixedCC;4;23,625;202,4539;9,8;-4,7306;1,0;0,0;0,0;-0,3673;1,05;0;0,0554;0;1;5;0;0
7;HapticsFixedCC;4;23,6389;202,4161;9,8;-4,5283;1,0;0,0;0,0;-0,368;1,06;0;0,0553;0;1;5;0;0
7;HapticsFixedCC;4;23,6528;202,3783;9,5;-4,2814;1,0;0,0;0,0;-0,3687;1,07;0;0,0552;0;1;5;0;0
7;HapticsFixedCC;4;23,6667;202,3416;9,5;-4,0636;1,0;0,0;0,0;-0,3693;1,09;0;0,0551;0;1;5;0;0
7;HapticsFixedCC;4;23,6806;202,3163;9,5;-3,9053;1,0;0,0;0,0;-0,3699;1,08;0;0,0551;0;1;5;0;0
7;HapticsFixedCC;4;23,6944;202,3163;9,5;-3,6804;1,0;0,0;0,0;-0,3701;0,99;0;0,0551;0;1;5;0;0
7;HapticsFixedCC;4;23,7083;202,3163;9,5;-3,4693;1,0;0,0;0,0;-0,3704;0,9;0;0,0551;0;1;5;0;0
7;HapticsFixedCC;4;23,7222;202,3163;9,5;-3,2776;1,0;0,0;0,0;-0,3706;0,82;0;0,0551;0;1;5;0;0
7;HapticsFixedCC;4;23,7361;202,3163;9,5;-3,1355;1,0;0,0;0,0;-0,3709;0,75;0;0,0551;0;1;5;0;0
7;HapticsFixedCC;4;23,75;202,3163;9,5;-2,9986;1,0;0,0;0,0;-0,3712;0,67;0;0,0551;0;1;5;0;0
7;HapticsFixedCC;4;23,7639;202,0757;9,5;-2,8728;1,0;0,0;0,0;-0,3685;1,36;0;0,0545;0;1;5;0;0
7;HapticsFixedCC;4;23,7778;202,0391;9,5;-2,7934;1,0;0,0;0,0;-0,3683;1,4;0;0,0544;0;1;5;0;0
7;HapticsFixedCC;4;23,7917;202,0024;9,5;-2,8155;1,0;0,0;0,0;-0,3682;1,45;0;0,0544;0;1;5;0;0
7;HapticsFixedCC;4;23,8056;201,9658;9,5;-2,7408;1,0;0,0;0,0;-0,3681;1,5;0;0,0543;0;1;5;0;0
7;HapticsFixedCC;4;23,8194;201,9291;9,5;-2,7339;1,0;0,0;0,0;-0,3681;1,55;0;0,0542;0;1;5;0;0
7;HapticsFixedCC;4;23,8333;201,8925;9,5;-2,7586;1,0;0,0;0,0;-0,3681;1,59;0;0,0541;0;1;5;0;0
7;HapticsFixedCC;4;23,8472;201,8603;9,5;-2,7319;1,0;0,0;0,0;-0,3681;1,63;0;0,054;0;1;5;0;0
7;HapticsFixedCC;4;23,8611;201,8603;9,5;-2,712;1,0;0,0;0,0;-0,3677;1,56;0;0,054;0;1;5;0;0
7;HapticsFixedCC;4;23,875;201,8603;9,5;-2,7328;1,0;0,0;0,0;-0,3673;1,49;0;0,054;0;1;5;0;0
7;HapticsFixedCC;4;23,8889;201,8603;9,0;-2,7935;1,0;0,0;0,0;-0,367;1,43;0;0,054;0;1;5;0;0
7;HapticsFixedCC;4;23,9028;201,8603;9,0;-2,8291;1,0;0,0;0,0;-0,3668;1,37;0;0,054;0;1;5;0;0
7;HapticsFixedCC;4;23,9167;201,8603;9,0;-2,9238;1,0;0,0;0,0;-0,3667;1,3;0;0,054;0;1;5;0;0
7;HapticsFixedCC;4;23,9306;201,6326;9,0;-2,9761;1,0;0,0;0,0;-0,3638;1,93;0;0,0535;0;1;5;0;0
7;HapticsFixedCC;4;23,9444;201,5979;9,0;-3,0136;1,0;0,0;0,0;-0,3633;1,97;0;0,0534;0;1;5;0;0
7;HapticsFixedCC;4;23,9583;201,5632;9,0;-3,0785;1,0;0,0;0,0;-0,3629;2,0;0;0,0533;0;1;5;0;0
7;HapticsFixedCC;4;23,9722;201,5284;9,0;-3,1313;1,0;0,0;0,0;-0,3626;2,03;0;0,0532;0;1;5;0;0
7;HapticsFixedCC;4;23,9861;201,4937;9,0;-3,1987;1,0;0,0;0,0;-0,3623;2,06;0;0,0532;0;1;5;0;0
7;HapticsFixedCC;4;24,0;201,459;9,0;-3,2997;1,0;0,0;0,0;-0,362;2,09;0;0,0531;0;1;5;0;0
7;HapticsFixedCC;4;24,0139;201,4243;9,0;-3,3642;1,0;0,0;0,0;-0,3619;2,12;0;0,053;0;1;5;0;0
7;HapticsFixedCC;4;24,0278;201,4052;9,0;-3,4164;1,0;0,0;0,0;-0,3616;2,1;0;0,053;0;1;5;0;0
7;HapticsFixedCC;4;24,0417;201,4052;9,0;-3,4588;1,0;0,0;0,0;-0,3611;2,02;0;0,053;0;1;5;0;0
7;HapticsFixedCC;4;24,0556;201,4052;9,0;-3,4876;1,0;0,0;0,0;-0,3607;1,94;0;0,053;0;1;5;0;0
7;HapticsFixedCC;4;24,0694;201,4052;9,0;-3,5319;1,0;0,0;0,0;-0,3604;1,86;0;0,053;0;1;8;0;0
7;HapticsFixedCC;4;24,0833;201,4052;9,0;-3,585;1,0;0,0;0,0;-0,3601;1,77;0;0,053;0;1;8;0;0
7;HapticsFixedCC;4;24,0972;201,4052;9,0;-3,6311;1,0;0,0;0,0;-0,3599;1,69;0;0,053;0;1;8;0;0
7;HapticsFixedCC;4;24,1111;201,1725;9,0;-3,6463;1,0;0,0;0,0;-0,3569;2,3;0;0,0524;0;1;8;0;0
7;HapticsFixedCC;4;24,125;201,1377;9,0;-3,6507;1,0;0,0;0,0;-0,3564;2,32;0;0,0523;0;1;8;0;0
7;HapticsFixedCC;4;24,1389;201,103;9,0;-3,7033;1,0;0,0;0,0;-0,3559;2,34;0;0,0522;0;1;8;0;0
7;HapticsFixedCC;4;24,1528;201,0683;9,0;-3,7087;1,0;0,0;0,0;-0,3555;2,36;0;0,0521;0;1;8;0;0
7;HapticsFixedCC;4;24,1667;201,0335;9,0;-3,7438;1,0;0,0;0,0;-0,3552;2,38;0;0,052;0;1;8;0;0
7;HapticsFixedCC;4;24,1806;200,9988;9,0;-3,7657;1,0;0,0;0,0;-0,3549;2,39;0;0,052;0;1;8;0;0
7;HapticsFixedCC;4;24,1944;200,9641;9,0;-3,7842;1,0;0,0;0,0;-0,3546;2,41;0;0,0519;0;1;8;0;0
7;HapticsFixedCC;4;24,2083;200,9491;9,0;-3,8327;1,0;0,0;0,0;-0,3542;2,36;0;0,0518;0;1;8;0;0
7;HapticsFixedCC;4;24,2222;200,9491;9,0;-3,8401;1,0;0,0;0,0;-0,3537;2,28;0;0,0518;0;1;8;0;0
7;HapticsFixedCC;4;24,2361;200,9491;9,0;-3,9014;1,0;0,0;0,0;-0,3532;2,18;0;0,0518;0;1;8;0;0
7;HapticsFixedCC;4;24,25;200,9491;9,0;-3,9389;1,0;0,0;0,0;-0,3529;2,09;0;0,0518;0;1;8;0;0
7;HapticsFixedCC;4;24,2639;200,9491;9,0;-4,0288;1,0;0,0;0,0;-0,3525;2,0;0;0,0518;0;1;8;0;0
7;HapticsFixedCC;4;24,2778;200,9491;9,0;-4,0446;1,0;0,0;0,0;-0,3523;1,91;0;0,0518;0;1;8;0;0
7;HapticsFixedCC;4;24,2917;200,7126;9,0;-4,1351;1,0;0,0;0,0;-0,3494;2,51;0;0,0512;0;1;8;0;0
7;HapticsFixedCC;4;24,3056;200,6779;9,0;-4,1934;1,0;0,0;0,0;-0,3488;2,51;0;0,0512;0;1;8;0;0
7;HapticsFixedCC;4;24,3194;200,6431;9,0;-4,2527;1,0;0,0;0,0;-0,3484;2,51;0;0,0511;0;1;8;0;0
7;HapticsFixedCC;4;24,3333;200,6084;9,0;-4,2734;1,0;0,0;0,0;-0,348;2,52;0;0,051;0;1;8;0;0
7;HapticsFixedCC;4;24,3472;200,5737;9,0;-4,3156;1,0;0,0;0,0;-0,3477;2,52;0;0,0509;0;1;8;0;0
7;HapticsFixedCC;4;24,3611;200,5389;9,0;-4,3713;1,0;0,0;0,0;-0,3475;2,52;0;0,0508;0;1;8;0;0
7;HapticsFixedCC;4;24,375;200,5042;9,0;-4,3971;1,0;0,0;0,0;-0,3473;2,52;0;0,0507;0;1;8;0;0
7;HapticsFixedCC;4;24,3889;200,4939;8,4;-4,4123;1,0;0,0;0,0;-0,3469;2,45;0;0,0507;0;1;8;0;0
7;HapticsFixedCC;4;24,4028;200,4939;8,4;-4,4367;1,0;0,0;0,0;-0,3465;2,36;0;0,0507;0;1;8;0;0
7;HapticsFixedCC;4;24,4167;200,4939;8,4;-4,4354;1,0;0,0;0,0;-0,3461;2,26;0;0,0507;0;1;8;0;0
7;HapticsFixedCC;4;24,4306;200,4939;8,4;-4,4574;1,0;0,0;0,0;-0,3458;2,17;0;0,0507;0;1;8;0;0
7;HapticsFixedCC;4;24,4444;200,4939;8,4;-4,4656;1,0;0,0;0,0;-0,3456;2,07;0;0,0507;0;1;8;0;0
7;HapticsFixedCC;4;24,4583;200,4939;8,4;-4,5058;1,0;0,0;0,0;-0,3455;1,97;0;0,0507;0;1;8;0;0
7;HapticsFixedCC;4;24,4722;200,4939;8,4;-4,505;1,0;0,0;0,0;-0,3453;1,88;0;0,0507;0;1;8;0;0
7;HapticsFixedCC;4;24,4861;200,2345;8,4;-4,5282;1,0;0,0;0,0;-0,3424;2,52;0;0,05;0;1;8;0;0
7;HapticsFixedCC;4;24,5;200,2021;8,4;-4,5499;1,0;0,0;0,0;-0,342;2,52;0;0,05;0;1;8;0;0
7;HapticsFixedCC;4;24,5139;200,1697;8,4;-4,5606;1,0;0,0;0,0;-0,3417;2,51;0;0,0499;0;1;8;0;0
7;HapticsFixedCC;4;24,5278;200,1373;8,4;-4,5877;1,0;0,0;0,0;-0,3414;2,51;0;0,0498;0;1;8;0;0
7;HapticsFixedCC;4;24,5417;200,1049;8,4;-4,5948;1,0;0,0;0,0;-0,3413;2,5;0;0,0497;0;1;8;0;0
7;HapticsFixedCC;4;24,5556;200,0724;8,4;-4,6481;1,0;0,0;0,0;-0,3411;2,49;0;0,0496;0;1;8;0;0
7;HapticsFixedCC;4;24,5694;200,04;8,4;-4,6628;1,0;0,0;0,0;-0,3411;2,49;0;0,0495;0;1;8;0;0
7;HapticsFixedCC;4;24,5833;200,038;8,4;-4,7262;1,0;0,0;0,0;-0,3408;2,39;0;0,0495;0;1;8;0;0
7;HapticsFixedCC;4;24,5972;200,038;8,4;-4,7613;1,0;0,0;0,0;-0,3405;2,29;0;0,0495;0;1;8;0;0
7;HapticsFixedCC;4;24,6111;200,038;8,4;-4,7891;1,0;0,0;0,0;-0,3403;2,18;0;0,0495;0;1;8;0;0
7;HapticsFixedCC;4;24,625;200,038;8,4;-4,8535;1,0;0,0;0,0;-0,3401;2,08;0;0,0495;0;1;8;0;0
7;HapticsFixedCC;4;24,6389;200,038;8,4;-4,8743;1,0;0,0;0,0;-0,34;1,98;0;0,0495;0;1;8;0;0
7;HapticsFixedCC;4;24,6528;200,038;8,4;-4,8991;1,0;0,0;0,0;-0,34;1,87;0;0,0495;0;1;8;0;0
7;HapticsFixedCC;4;24,6667;199,8054;8,4;-4,9555;1,0;0,0;0,0;-0,3375;2,42;0;0,0489;0;1;8;0;0
7;HapticsFixedCC;4;24,6806;199,7729;8,4;-4,9679;1,0;0,0;0,0;-0,3372;2,4;0;0,0489;0;1;8;0;0
7;HapticsFixedCC;4;24,6944;199,7405;8,4;-5,0323;1,0;0,0;0,0;-0,337;2,38;0;0,0488;0;1;8;0;0
7;HapticsFixedCC;4;24,7083;199,7081;8,4;-5,0946;1,0;0,0;0,0;-0,337;2,36;0;0,0487;0;1;8;0;0
7;HapticsFixedCC;4;24,7222;199,6757;8,4;-5,1699;1,0;0,0;0,0;-0,337;2,34;0;0,0486;0;1;8;0;0
7;HapticsFixedCC;4;24,7361;199,6432;8,4;-5,1941;1,0;0,0;0,0;-0,337;2,32;0;0,0485;0;1;8;0;0
7;HapticsFixedCC;4;24,75;199,6108;8,4;-5,2494;1,0;0,0;0,0;-0,3372;2,29;0;0,0484;0;1;8;0;0
7;HapticsFixedCC;4;24,7639;199,5826;8,4;-5,2556;1,0;0,0;0,0;-0,3373;2,26;0;0,0484;0;1;8;0;0
7;HapticsFixedCC;4;24,7778;199,5826;8,4;-5,3352;1,0;0,0;0,0;-0,3372;2,14;0;0,0484;0;1;8;0;0
7;HapticsFixedCC;4;24,7917;199,5826;8,4;-5,3704;1,0;0,0;0,0;-0,3372;2,02;0;0,0484;0;1;8;0;0
7;HapticsFixedCC;4;24,8056;199,5826;8,4;-5,4159;1,0;0,0;0,0;-0,3373;1,91;0;0,0484;0;1;8;0;0
7;HapticsFixedCC;4;24,8194;199,5826;8,4;-5,4013;1,0;0,0;0,0;-0,3374;1,79;0;0,0484;0;1;8;0;0
7;HapticsFixedCC;4;24,8333;199,5826;8,4;-5,4265;1,0;0,0;0,0;-0,3377;1,67;0;0,0484;0;1;8;0;0
7;HapticsFixedCC;4;24,8472;199,5826;8,4;-5,4663;1,0;0,0;0,0;-0,338;1,55;0;0,0484;0;1;8;0;0
7;HapticsFixedCC;4;24,8611;199,3439;8,4;-5,4758;1,0;0,0;0,0;-0,3357;2,09;0;0,0478;0;1;8;0;0
7;HapticsFixedCC;4;24,875;199,3115;8,4;-5,5126;1,0;0,0;0,0;-0,3358;2,06;0;0,0477;0;1;8;0;0
7;HapticsFixedCC;4;24,8889;199,2791;7,8;-5,5156;1,0;0,0;0,0;-0,3359;2,03;0;0,0476;0;1;8;0;0
7;HapticsFixedCC;4;24,9028;199,249;7,8;-5,5286;1,0;0,0;0,0;-0,3361;2,0;0;0,0475;0;1;8;0;0
7;HapticsFixedCC;4;24,9167;199,2189;7,8;-5,539;1,0;0,0;0,0;-0,3363;1,97;0;0,0474;0;1;8;0;0
7;HapticsFixedCC;4;24,9306;199,1888;7,8;-5,5279;1,0;0,0;0,0;-0,3367;1,94;0;0,0474;0;1;8;0;0
7;HapticsFixedCC;4;24,9444;199,1586;7,8;-5,5245;1,0;0,0;0,0;-0,337;1,92;0;0,0473;0;1;8;0;0
7;HapticsFixedCC;4;24,9583;199,1285;7,8;-5,5147;1,0;0,0;0,0;-0,3374;1,89;0;0,0472;0;1;8;0;0
7;HapticsFixedCC;4;24,9722;199,1269;7,8;-5,4992;1,0;0,0;0,0;-0,3376;1,78;0;0,0472;0;1;8;0;0
7;HapticsFixedCC;4;24,9861;199,1269;7,8;-5,504;1,0;0,0;0,0;-0,3378;1,67;0;0,0472;0;1;8;0;0
7;HapticsFixedCC;4;25,0;199,1269;7,8;-5,5036;1,0;0,0;0,0;-0,3381;1,56;0;0,0472;0;1;8;0;0
7;HapticsFixedCC;4;25,0139;199,1269;7,8;-5,4976;1,0;0,0;0,0;-0,3384;1,45;0;0,0472;0;1;8;0;0
7;HapticsFixedCC;4;25,0278;199,1269;7,8;-5,4843;1,0;0,0;0,0;-0,3388;1,34;0;0,0472;0;1;8;0;0
7;HapticsFixedCC;4;25,0417;199,1269;7,8;-5,4648;1,0;0,0;0,0;-0,3393;1,22;0;0,0472;0;1;8;0;0
7;HapticsFixedCC;4;25,0556;199,1269;7,8;-5,4482;1,0;0,0;0,0;-0,3398;1,11;0;0,0472;0;1;8;0;0
7;HapticsFixedCC;4;25,0694;198,8804;7,8;-5,4432;1,0;0,0;0,0;-0,3377;1,66;0;0,0466;0;1;0;0;0
7;HapticsFixedCC;4;25,0833;198,8503;7,8;-5,4181;1,0;0,0;0,0;-0,338;1,63;0;0,0465;0;1;0;0;0
7;HapticsFixedCC;4;25,0972;198,8201;7,8;-5,4082;1,0;0,0;0,0;-0,3384;1,6;0;0,0464;0;1;0;0;0
7;HapticsFixedCC;4;25,1111;198,79;7,8;-5,3562;1,0;0,0;0,0;-0,3388;1,58;0;0,0463;0;1;0;0;0
7;HapticsFixedCC;4;25,125;198,7599;7,8;-5,3393;1,0;0,0;0,0;-0,3392;1,55;0;0,0463;0;1;0;0;0
7;HapticsFixedCC;4;25,1389;198,7298;7,8;-5,2914;1,0;0,0;0,0;-0,3397;1,52;0;0,0462;0;1;0;0;0
7;HapticsFixedCC;4;25,1528;198,6997;7,3;-5,232;1,0;0,0;0,0;-0,3402;1,5;0;0,0461;0;1;0;0;0
7;HapticsFixedCC;4;25,1667;198,6715;7,3;-5,1912;1,0;0,0;0,0;-0,3407;1,48;0;0,046;0;1;0;0;0
7;HapticsFixedCC;4;25,1806;198,6712;7,3;-5,0991;1,0;0,0;0,0;-0,341;1,38;0;0,046;0;1;0;0;0
7;HapticsFixedCC;4;25,1944;198,6712;7,3;-5,0267;1,0;0,0;0,0;-0,3413;1,29;0;0,046;0;1;0;0;0
7;HapticsFixedCC;4;25,2083;198,6712;7,3;-4,9574;1,0;0,0;0,0;-0,3417;1,2;0;0,046;0;1;0;0;0
7;HapticsFixedCC;4;25,2222;198,6712;7,3;-4,8527;1,0;0,0;0,0;-0,342;1,1;0;0,046;0;1;0;0;0
7;HapticsFixedCC;4;25,2361;198,6712;7,3;-4,7886;1,0;0,0;0,0;-0,3424;1,01;0;0,046;0;1;0;0;0
7;HapticsFixedCC;4;25,25;198,6712;7,3;-4,6354;1,0;0,0;0,0;-0,3429;0,93;0;0,046;0;1;0;0;0
7;HapticsFixedCC;4;25,2639;198,6712;7,3;-4,5477;1,0;0,0;0,0;-0,3433;0,84;0;0,046;0;1;0;0;0
7;HapticsFixedCC;4;25,2778;198,439;7,3;-4,3629;1,0;0,0;0,0;-0,3414;1,36;0;0,0455;0;1;0;0;0
7;HapticsFixedCC;4;25,2917;198,4108;7,3;-4,2115;1,0;0,0;0,0;-0,3415;1,35;0;0,0454;0;1;0;0;0
7;HapticsFixedCC;4;25,3056;198,3826;7,3;-4,0935;1,0;0,0;0,0;-0,3417;1,35;0;0,0453;0;1;0;0;0
7;HapticsFixedCC;4;25,3194;198,3544;7,3;-3,9558;1,0;0,0;0,0;-0,3419;1,35;0;0,0452;0;1;0;0;0
7;HapticsFixedCC;4;25,3333;198,3263;7,3;-3,9069;1,0;0,0;0,0;-0,3422;1,35;0;0,0452;0;1;0;0;0
7;HapticsFixedCC;4;25,3472;198,2981;7,3;-3,6851;1,0;0,0;0,0;-0,3424;1,35;0;0,0451;0;1;0;0;0
7;HapticsFixedCC;4;25,3611;198,2699;7,3;-3,6711;1,0;0,0;0,0;-0,3426;1,36;0;0,045;0;1;0;0;0
7;HapticsFixedCC;4;25,375;198,2418;7,3;-3,4502;1,0;0,0;0,0;-0,3428;1,36;0;0,045;0;1;0;0;0
7;HapticsFixedCC;4;25,3889;198,2157;7,3;-3,2057;1,0;0,0;0,0;-0,343;1,37;0;0,0449;0;1;0;0;0
7;HapticsFixedCC;4;25,4028;198,2157;7,3;-3,2246;1,0;0,0;0,0;-0,343;1,31;0;0,0449;0;1;0;0;0
7;HapticsFixedCC;4;25,4167;198,2157;7,3;-3,0767;1,0;0,0;0,0;-0,3429;1,25;0;0,0449;0;1;0;0;0
7;HapticsFixedCC;4;25,4306;198,2157;7,3;-3,0816;1,0;0,0;0,0;-0,3429;1,19;0;0,0449;0;1;0;0;0
7;HapticsFixedCC;4;25,4444;198,2157;7,3;-3,0345;1,0;0,0;0,0;-0,3429;1,14;0;0,0449;0;1;0;0;0
7;HapticsFixedCC;4;25,4583;198,2157;7,3;-3,0181;1,0;0,0;0,0;-0,343;1,08;0;0,0449;0;1;0;0;0
7;HapticsFixedCC;4;25,4722;198,2157;7,3;-2,9256;1,0;0,0;0,0;-0,343;1,02;0;0,0449;0;1;0;0;0
7;HapticsFixedCC;4;25,4861;198,2157;7,3;-2,8977;1,0;0,0;0,0;-0,3431;0,97;0;0,0449;0;1;0;0;0
7;HapticsFixedCC;4;25,5;197,9812;7,3;-2,9056;1,0;0,0;0,0;-0,3408;1,51;0;0,0443;0;1;0;0;0
7;HapticsFixedCC;4;25,5139;197,953;7,3;-2,907;1,0;0,0;0,0;-0,3407;1,53;0;0,0442;0;1;0;0;0
7;HapticsFixedCC;4;25,5278;197,9249;7,3;-2,9155;1,0;0,0;0,0;-0,3406;1,54;0;0,0442;0;1;0;0;0
7;HapticsFixedCC;4;25,5417;197,8967;7,3;-2,9173;1,0;0,0;0,0;-0,3405;1,56;0;0,0441;0;1;0;0;0
7;HapticsFixedCC;4;25,5556;197,8685;7,3;-2,9443;1,0;0,0;0,0;-0,3404;1,57;0;0,044;0;1;0;0;0
7;HapticsFixedCC;4;25,5694;197,8404;7,3;-3,006;1,0;0,0;0,0;-0,3404;1,59;0;0,0439;0;1;0;0;0
7;HapticsFixedCC;4;25,5833;197,8122;7,3;-3,1066;1,0;0,0;0,0;-0,3404;1,6;0;0,0439;0;1;0;0;0
7;HapticsFixedCC;4;25,5972;197,784;7,3;-3,1742;1,0;0,0;0,0;-0,3404;1,61;0;0,0438;0;1;0;0;0
7;HapticsFixedCC;4;25,6111;197,7598;7,3;-3,2001;1,0;0,0;0,0;-0,3404;1,62;0;0,0437;0;1;0;0;0
7;HapticsFixedCC;4;25,625;197,7598;7,3;-3,2302;1,0;0,0;0,0;-0,3402;1,56;0;0,0437;0;1;0;0;0
7;HapticsFixedCC;4;25,6389;197,7598;7,3;-3,2553;1,0;0,0;0,0;-0,34;1,49;0;0,0437;0;1;0;0;0
7;HapticsFixedCC;4;25,6528;197,7598;6,8;-3,2817;1,0;0,0;0,0;-0,3399;1,44;0;0,0437;0;1;0;0;0
7;HapticsFixedCC;4;25,6667;197,7598;6,8;-3,328;1,0;0,0;0,0;-0,3398;1,38;0;0,0437;0;1;0;0;0
7;HapticsFixedCC;4;25,6806;197,7598;6,8;-3,3049;1,0;0,0;0,0;-0,3398;1,32;0;0,0437;0;1;0;0;0
7;HapticsFixedCC;4;25,6944;197,7598;6,8;-3,316;1,0;0,0;0,0;-0,3397;1,26;0;0,0437;0;1;0;0;0
7;HapticsFixedCC;4;25,7083;197,7598;6,8;-3,3079;1,0;0,0;0,0;-0,3397;1,21;0;0,0437;0;1;0;0;0
7;HapticsFixedCC;4;25,7222;197,7598;6,8;-3,2851;1,0;0,0;0,0;-0,3397;1,15;0;0,0437;0;1;0;0;0
7;HapticsFixedCC;4;25,7361;197,5071;6,8;-3,2585;1,0;0,0;0,0;-0,3373;1,72;0;0,0431;0;1;0;0;0
7;HapticsFixedCC;4;25,75;197,4809;6,8;-3,2557;1,0;0,0;0,0;-0,3371;1,73;0;0,043;0;1;0;0;0
7;HapticsFixedCC;4;25,7639;197,4547;6,8;-3,1989;1,0;0,0;0,0;-0,3369;1,74;0;0,043;0;1;0;0;0
7;HapticsFixedCC;4;25,7778;197,4284;6,8;-3,0926;1,0;0,0;0,0;-0,3367;1,75;0;0,0429;0;1;0;0;0
7;HapticsFixedCC;4;25,7917;197,4022;6,8;-3,0017;1,0;0,0;0,0;-0,3366;1,76;0;0,0429;0;1;0;0;0
7;HapticsFixedCC;4;25,8056;197,3759;6,8;-2,9356;1,0;0,0;0,0;-0,3364;1,78;0;0,0428;0;1;0;0;0
7;HapticsFixedCC;4;25,8194;197,3497;6,8;-2,838;1,0;0,0;0,0;-0,3363;1,79;0;0,0427;0;1;0;0;0
7;HapticsFixedCC;4;25,8333;197,3235;6,8;-2,715;1,0;0,0;0,0;-0,3361;1,81;0;0,0427;0;1;0;0;0
7;HapticsFixedCC;4;25,8472;197,3046;6,8;-2,5978;1,0;0,0;0,0;-0,3359;1,81;0;0,0426;0;1;0;0;0
7;HapticsFixedCC;4;25,8611;197,3046;6,8;-2,4131;1,0;0,0;0,0;-0,3355;1,77;0;0,0426;0;1;0;0;0
7;HapticsFixedCC;4;25,875;197,3046;6,8;-2,291;1,0;0,0;0,0;-0,3351;1,73;0;0,0426;0;1;0;0;0
7;HapticsFixedCC;4;25,8889;197,3046;6,8;-2,0619;1,0;0,0;0,0;-0,3346;1,69;0;0,0426;0;1;0;0;0
7;HapticsFixedCC;4;25,9028;197,3046;6,8;-1,845;1,0;0,0;0,0;-0,3342;1,66;0;0,0426;0;1;0;0;0
7;HapticsFixedCC;4;25,9167;197,3046;6,8;-1,7143;1,0;0,0;0,0;-0,3337;1,63;0;0,0426;0;1;0;0;0
7;HapticsFixedCC;4;25,9306;197,3046;6,8;-1,5425;1,0;0,0;0,0;-0,3332;1,61;0;0,0426;0;1;0;0;0
7;HapticsFixedCC;4;25,9444;197,3046;6,8;-1,3733;1,0;0,0;0,0;-0,3327;1,58;0;0,0426;0;1;0;0;0
7;HapticsFixedCC;4;25,9583;197,3046;6,8;-1,1784;1,0;0,0;0,0;-0,3321;1,56;0;0,0426;0;1;0;0;0
7;HapticsFixedCC;4;25,9722;197,0547;6,8;-0,9977;1,0;0,0;0,0;-0,3292;2,15;0;0,042;0;1;0;0;0
7;HapticsFixedCC;4;25,9861;197,0284;6,8;-0,9082;1,0;0,0;0,0;-0,3284;2,2;0;0,0419;0;1;0;0;0
7;HapticsFixedCC;4;26,0;197,0022;6,8;-0,7297;1,0;0,0;0,0;-0,3275;2,25;0;0,0419;0;1;0;0;0
7;HapticsFixedCC;4;26,0139;196,976;6,8;-0,6856;1,0;0,0;0,0;-0,3267;2,3;0;0,0418;0;1;0;0;0
7;HapticsFixedCC;4;26,0278;196,9498;6,8;-0,4954;1,0;0,0;0,0;-0,3258;2,36;0;0,0417;0;1;0;0;0
7;HapticsFixedCC;4;26,0417;196,9236;6,8;-0,3497;1,0;0,0;0,0;-0,3249;2,41;0;0,0417;0;1;0;0;0
7;HapticsFixedCC;4;26,0556;196,8973;6,8;-0,3112;1,0;0,0;0,0;-0,324;2,47;0;0,0416;0;1;0;0;0
7;HapticsFixedCC;4;26,0694;196,8711;6,8;-0,1344;1,0;0,0;0,0;-0,323;2,53;0;0,0416;0;1;9;0;0
7;HapticsFixedCC;4;26,0833;196,8484;6,8;-0,075;1,0;0,0;0,0;-0,3221;2,59;0;0,0415;0;1;9;0;0
7;HapticsFixedCC;4;26,0972;196,8484;6,8;0,0044;1,0;0,0;0,0;-0,3208;2,59;0;0,0415;0;1;9;0;0
7;HapticsFixedCC;4;26,1111;196,8484;6,8;0,084;1,0;0,0;0,0;-0,3196;2,59;0;0,0415;0;1;9;0;0
7;HapticsFixedCC;4;26,125;196,8484;6,8;0,1348;1,0;0,0;0,0;-0,3184;2,59;0;0,0415;0;1;9;0;0
7;HapticsFixedCC;4;26,1389;196,8484;6,8;0,125;1,0;0,0;0,0;-0,3172;2,6;0;0,0415;0;1;9;0;0
7;HapticsFixedCC;4;26,1528;196,8484;6,8;0,2186;1,0;0,0;0,0;-0,3159;2,6;0;0,0415;0;1;9;0;0
7;HapticsFixedCC;4;26,1667;196,8484;7,6;0,2373;1,0;0,0;0,0;-0,3147;2,61;0;0,0415;0;1;9;0;0
7;HapticsFixedCC;4;26,1806;196,8484;7,6;0,2905;1,0;0,0;0,0;-0,3132;2,61;0;0,0415;0;1;9;0;0
7;HapticsFixedCC;4;26,1944;196,8484;7,6;0,3029;1,0;0,0;0,0;-0,3118;2,62;0;0,0415;0;1;9;0;0
7;HapticsFixedCC;4;26,2083;196,5938;7,6;0,2905;1,0;0,0;0,0;-0,308;3,22;0;0,0409;0;1;9;0;0
7;HapticsFixedCC;4;26,2222;196,5646;7,6;0,2852;1,0;0,0;0,0;-0,3063;3,3;0;0,0408;0;1;9;0;0
7;HapticsFixedCC;4;26,2361;196,5353;7,6;0,256;1,0;0,0;0,0;-0,3046;3,37;0;0,0408;0;1;9;0;0
7;HapticsFixedCC;4;26,25;196,506;7,6;0,2223;1,0;0,0;0,0;-0,3029;3,44;0;0,0407;0;1;9;0;0
7;HapticsFixedCC;4;26,2639;196,4768;7,6;0,1975;1,0;0,0;0,0;-0,3013;3,52;0;0,0406;0;1;9;0;0
7;HapticsFixedCC;4;26,2778;196,4475;7,6;0,1159;1,0;0,0;0,0;-0,2996;3,59;0;0,0405;0;1;9;0;0
7;HapticsFixedCC;4;26,2917;196,4182;7,6;0,0387;1,0;0,0;0,0;-0,2979;3,66;0;0,0405;0;1;9;0;0
7;HapticsFixedCC;4;26,3056;196,3933;7,6;-0,019;1,0;0,0;0,0;-0,2962;3,72;0;0,0404;0;1;9;0;0
7;HapticsFixedCC;4;26,3194;196,3933;7,6;-0,0382;1,0;0,0;0,0;-0,2943;3,72;0;0,0404;0;1;9;0;0
7;HapticsFixedCC;4;26,3333;196,3933;7,6;-0,0761;1,0;0,0;0,0;-0,2924;3,72;0;0,0404;0;1;9;0;0
7;HapticsFixedCC;4;26,3472;196,3933;7,6;-0,1242;1,0;0,0;0,0;-0,2905;3,71;0;0,0404;0;1;9;0;0
7;HapticsFixedCC;4;26,3611;196,3933;7,6;-0,1334;1,0;0,0;0,0;-0,2886;3,71;0;0,0404;0;1;9;0;0
7;HapticsFixedCC;4;26,375;196,3933;7,6;-0,1816;1,0;0,0;0,0;-0,2867;3,71;0;0,0404;0;1;9;0;0
7;HapticsFixedCC;4;26,3889;196,3933;8,9;-0,2068;1,0;0,0;0,0;-0,2849;3,71;0;0,0404;0;1;9;0;0
7;HapticsFixedCC;4;26,4028;196,3933;8,9;-0,2651;1,0;0,0;0,0;-0,2827;3,7;0;0,0404;0;1;9;0;0
7;HapticsFixedCC;4;26,4167;196,1395;8,9;-0,2731;1,0;0,0;0,0;-0,2782;4,27;0;0,0398;0;1;9;0;0
7;HapticsFixedCC;4;26,4306;196,1053;8,9;-0,3006;1,0;0,0;0,0;-0,2757;4,35;0;0,0398;0;1;9;0;0
7;HapticsFixedCC;4;26,4444;196,071;8,9;-0,336;1,0;0,0;0,0;-0,2733;4,42;0;0,0397;0;1;9;0;0
7;HapticsFixedCC;4;26,4583;196,0368;8,9;-0,3585;1,0;0,0;0,0;-0,2708;4,49;0;0,0396;0;1;9;0;0
7;HapticsFixedCC;4;26,4722;196,0025;8,9;-0,3865;1,0;0,0;0,0;-0,2684;4,56;0;0,0395;0;1;9;0;0
7;HapticsFixedCC;4;26,4861;195,9683;8,9;-0,4282;1,0;0,0;0,0;-0,2659;4,63;0;0,0394;0;1;9;0;0
7;HapticsFixedCC;4;26,5;195,9369;8,9;-0,5133;1,0;0,0;0,0;-0,2635;4,69;0;0,0394;0;1;9;0;0
7;HapticsFixedCC;4;26,5139;195,9369;8,9;-0,5606;1,0;0,0;0,0;-0,2608;4,68;0;0,0394;0;1;9;0;0
7;HapticsFixedCC;4;26,5278;195,9369;8,9;-0,6397;1,0;0,0;0,0;-0,2582;4,66;0;0,0394;0;1;9;0;0
7;HapticsFixedCC;4;26,5417;195,9369;8,9;-0,7575;1,0;0,0;0,0;-0,2555;4,64;0;0,0394;0;1;9;0;0
7;HapticsFixedCC;4;26,5556;195,9369;8,9;-0,888;1,0;0,0;0,0;-0,2529;4,63;0;0,0394;0;1;9;0;0
7;HapticsFixedCC;4;26,5694;195,9369;8,9;-1,1015;1,0;0,0;0,0;-0,2504;4,6;0;0,0394;0;1;9;0;0
7;HapticsFixedCC;4;26,5833;195,9369;8,9;-1,2675;1,0;0,0;0,0;-0,2479;4,57;0;0,0394;0;1;9;0;0
7;HapticsFixedCC;4;26,5972;195,6898;8,9;-1,5527;0,0;0,0;0,0;-0,2434;5,09;0;0,0388;0;1;9;0;0
7;HapticsFixedCC;4;26,6111;195,6555;8,9;-1,8263;0,0;0,0;0,0;-0,2408;5,12;0;0,0387;0;1;9;0;0
7;HapticsFixedCC;4;26,625;195,6213;8,9;-2,028;0,0;0,0;0,0;-0,2382;5,15;0;0,0386;0;1;9;0;0
7;HapticsFixedCC;4;26,6389;195,5871;8,9;-2,1934;0,0;0,0;0,0;-0,2357;5,18;0;0,0386;0;1;9;0;0
7;HapticsFixedCC;4;26,6528;195,5528;8,9;-2,3882;0,0;0,0;0,0;-0,2333;5,2;0;0,0385;0;1;9;0;0
7;HapticsFixedCC;4;26,6667;195,5185;8,9;-2,5566;0,0;0,0;0,0;-0,231;5,22;0;0,0384;0;1;9;0;0
7;HapticsFixedCC;4;26,6806;195,4843;8,9;-2,7762;0,0;0,0;0,0;-0,2288;5,23;0;0,0383;0;1;9;0;0
7;HapticsFixedCC;4;26,6944;195,4821;8,9;-2,9813;0,0;0,0;0,0;-0,2263;5,17;0;0,0383;0;1;9;0;0
7;HapticsFixedCC;4;26,7083;195,4821;8,9;-3,2184;0,0;0,0;0,0;-0,224;5,1;0;0,0383;0;1;9;0;0
7;HapticsFixedCC;4;26,7222;195,4821;8,9;-3,4148;0,0;0,0;0,0;-0,2217;5,02;0;0,0383;0;1;9;0;0
7;HapticsFixedCC;4;26,7361;195,4821;8,9;-3,6137;0,0;0,0;0,0;-0,2195;4,94;0;0,0383;0;1;9;0;0
7;HapticsFixedCC;4;26,75;195,4821;8,9;-3,7867;0,0;0,0;0,0;-0,2174;4,85;0;0,0383;0;1;9;0;0
7;HapticsFixedCC;4;26,7639;195,4821;8,9;-3,8487;0,0;0,0;0,0;-0,2154;4,76;0;0,0383;0;1;9;0;0
7;HapticsFixedCC;4;26,7778;195,2405;8,9;-3,8831;0,0;0,0;0,0;-0,2114;5,2;0;0,0378;0;1;9;0;0
7;HapticsFixedCC;4;26,7917;195,2062;8,9;-3,8729;0,0;0,0;0,0;-0,2092;5,18;0;0,0377;0;1;9;0;0
7;HapticsFixedCC;4;26,8056;195,1719;8,9;-3,8774;0,0;0,0;0,0;-0,207;5,17;0;0,0376;0;1;9;0;0
7;HapticsFixedCC;4;26,8194;195,1376;8,9;-3,8889;0,0;0,0;0,0;-0,2049;5,15;0;0,0376;0;1;9;0;0
7;HapticsFixedCC;4;26,8333;195,1034;8,9;-3,9083;0,0;0,0;0,0;-0,2029;5,14;0;0,0375;0;1;9;0;0
7;HapticsFixedCC;4;26,8472;195,0691;8,9;-3,9268;0,0;0,0;0,0;-0,2009;5,12;0;0,0374;0;1;9;0;0
7;HapticsFixedCC;4;26,8611;195,0348;8,9;-3,9516;0,0;0,0;0,0;-0,199;5,11;0;0,0373;0;1;9;0;0
7;HapticsFixedCC;4;26,875;195,0255;8,9;-3,9646;0,0;0,0;0,0;-0,1969;5,04;0;0,0373;0;1;9;0;0
7;HapticsFixedCC;4;26,8889;195,0255;9,0;-3,9781;0,0;0,0;0,0;-0,1948;4,95;0;0,0373;0;1;9;0;0
7;HapticsFixedCC;4;26,9028;195,0255;9,0;-3,9915;0,0;0,0;0,0;-0,1928;4,85;0;0,0373;0;1;9;0;0
7;HapticsFixedCC;4;26,9167;195,0255;9,0;-3,9995;0,0;0,0;0,0;-0,1908;4,76;0;0,0373;0;1;9;0;0
7;HapticsFixedCC;4;26,9306;195,0255;9,0;-3,9978;0,0;0,0;0,0;-0,1889;4,67;0;0,0373;0;1;9;0;0
7;HapticsFixedCC;4;26,9444;195,0255;9,0;-3,9895;0,0;0,0;0,0;-0,187;4,57;0;0,0373;0;1;9;0;0
7;HapticsFixedCC;4;26,9583;194,7896;9,0;-3,9775;0,0;0,0;0,0;-0,1832;4,98;0;0,0368;0;1;9;0;0
7;HapticsFixedCC;4;26,9722;194,7549;9,0;-3,9712;0,0;0,0;0,0;-0,1812;4,96;0;0,0367;0;1;9;0;0
7;HapticsFixedCC;4;26,9861;194,7202;9,0;-3,9675;0,0;0,0;0,0;-0,1792;4,94;0;0,0367;0;1;9;0;0
7;HapticsFixedCC;4;27,0;194,6855;9,0;-3,9713;0,0;0,0;0,0;-0,1772;4,92;0;0,0366;0;1;9;0;0
7;HapticsFixedCC;4;27,0139;194,6508;9,0;-3,9804;0,0;0,0;0,0;-0,1753;4,9;0;0,0365;0;1;9;0;0
7;HapticsFixedCC;4;27,0278;194,6161;9,0;-3,991;0,0;0,0;0,0;-0,1735;4,88;0;0,0364;0;1;9;0;0
7;HapticsFixedCC;4;27,0417;194,5815;9,0;-3,9959;0,0;0,0;0,0;-0,1717;4,86;0;0,0364;0;1;9;0;0
7;HapticsFixedCC;4;27,0556;194,5708;9,0;-4,001;0,0;0,0;0,0;-0,1698;4,79;0;0,0363;0;1;9;0;0
7;HapticsFixedCC;4;27,0694;194,5708;9,0;-4,0082;0,0;0,0;0,0;-0,1678;4,7;0;0,0363;0;1;6;0;0
7;HapticsFixedCC;4;27,0833;194,5708;9,0;-4,0129;0,0;0,0;0,0;-0,1659;4,6;0;0,0363;0;1;6;0;0
7;HapticsFixedCC;4;27,0972;194,5708;9,0;-4,0207;0,0;0,0;0,0;-0,1641;4,51;0;0,0363;0;1;6;0;0
7;HapticsFixedCC;4;27,1111;194,5708;9,0;-4,0269;0,0;0,0;0,0;-0,1623;4,42;0;0,0363;0;1;6;0;0
7;HapticsFixedCC;4;27,125;194,5708;9,0;-4,0322;0,0;0,0;0,0;-0,1605;4,32;0;0,0363;0;1;6;0;0
7;HapticsFixedCC;4;27,1389;194,3359;9,0;-4,0418;0,0;0,0;0,0;-0,157;4,71;0;0,0359;0;1;6;0;0
7;HapticsFixedCC;4;27,1528;194,3013;9,0;-4,0517;0,0;0,0;0,0;-0,1551;4,69;0;0,0358;0;1;6;0;0
7;HapticsFixedCC;4;27,1667;194,2666;9,0;-4,0589;0,0;0,0;0,0;-0,1532;4,67;0;0,0357;0;1;6;0;0
7;HapticsFixedCC;4;27,1806;194,2319;9,0;-4,0676;0,0;0,0;0,0;-0,1514;4,64;0;0,0356;0;1;6;0;0
7;HapticsFixedCC;4;27,1944;194,1972;9,0;-4,0751;0,0;0,0;0,0;-0,1497;4,62;0;0,0356;0;1;6;0;0
7;HapticsFixedCC;4;27,2083;194,1625;9,0;-4,0902;0,0;0,0;0,0;-0,148;4,6;0;0,0355;0;1;6;0;0
7;HapticsFixedCC;4;27,2222;194,1278;9,0;-4,1166;0,0;0,0;0,0;-0,1465;4,57;0;0,0354;0;1;6;0;0
7;HapticsFixedCC;4;27,2361;194,1141;9,0;-4,1464;0,0;0,0;0,0;-0,1448;4,5;0;0,0354;0;1;6;0;0
7;HapticsFixedCC;4;27,25;194,1141;9,0;-4,1765;0,0;0,0;0,0;-0,143;4,41;0;0,0354;0;1;6;0;0
7;HapticsFixedCC;4;27,2639;194,1141;9,0;-4,2217;0,0;0,0;0,0;-0,1413;4,31;0;0,0354;0;1;6;0;0
7;HapticsFixedCC;4;27,2778;194,1141;9,0;-4,259;0,0;0,0;0,0;-0,1397;4,21;0;0,0354;0;1;6;0;0
7;HapticsFixedCC;4;27,2917;194,1141;9,0;-4,2875;0,0;0,0;0,0;-0,1382;4,11;0;0,0354;0;1;6;0;0
7;HapticsFixedCC;4;27,3056;194,1141;9,0;-4,3135;0,0;0,0;0,0;-0,1367;4,01;0;0,0354;0;1;6;0;0
7;HapticsFixedCC;4;27,3194;193,8826;9,0;-4,3338;0,0;0,0;0,0;-0,1334;4,38;0;0,0349;0;1;6;0;0
7;HapticsFixedCC;4;27,3333;193,8479;9,0;-4,3509;0,0;0,0;0,0;-0,1318;4,35;0;0,0349;0;1;6;0;0
7;HapticsFixedCC;4;27,3472;193,8132;9,0;-4,3767;0,0;0,0;0,0;-0,1302;4,31;0;0,0348;0;1;6;0;0
7;HapticsFixedCC;4;27,3611;193,7785;9,0;-4,4108;0,0;0,0;0,0;-0,1287;4,28;0;0,0347;0;1;6;0;0
7;HapticsFixedCC;4;27,375;193,7438;9,0;-4,4649;0,0;0,0;0,0;-0,1273;4,25;0;0,0347;0;1;6;0;0
7;HapticsFixedCC;4;27,3889;193,7091;9,7;-4,5361;0,0;0,0;0,0;-0,1261;4,2;0;0,0346;0;1;6;0;0
7;HapticsFixedCC;4;27,4028;193,6717;9,7;-4,6339;0,0;0,0;0,0;-0,1248;4,16;0;0,0345;0;1;6;0;0
7;HapticsFixedCC;4;27,4167;193,6595;9,7;-4,7263;0,0;0,0;0,0;-0,1233;4,07;0;0,0345;0;1;6;0;0
7;HapticsFixedCC;4;27,4306;193,6595;9,7;-4,8602;0,0;0,0;0,0;-0,1219;3,95;0;0,0345;0;1;6;0;0
7;HapticsFixedCC;4;27,4444;193,6595;9,7;-4,9691;0,0;0,0;0,0;-0,1206;3,82;0;0,0345;0;1;6;0;0
7;HapticsFixedCC;4;27,4583;193,6595;9,7;-5,0695;0,0;0,0;0,0;-0,1195;3,7;0;0,0345;0;1;6;0;0
7;HapticsFixedCC;4;27,4722;193,6595;9,7;-5,1621;0,0;0,0;0,0;-0,1184;3,57;0;0,0345;0;1;6;0;0
7;HapticsFixedCC;4;27,4861;193,6595;9,7;-5,2529;0,0;0,0;0,0;-0,1174;3,44;0;0,0345;0;1;6;0;0
7;HapticsFixedCC;4;27,5;193,4078;9,7;-5,3252;0,0;0,0;0,0;-0,1146;3,8;0;0,034;0;1;6;0;0
7;HapticsFixedCC;4;27,5139;193,3704;9,7;-5,4166;0,0;0,0;0,0;-0,1135;3,74;0;0,0339;0;1;6;0;0
7;HapticsFixedCC;4;27,5278;193,3329;9,7;-5,5453;0,0;0,0;0,0;-0,1126;3,67;0;0,0339;0;1;6;0;0
7;HapticsFixedCC;4;27,5417;193,2955;9,7;-5,6228;0,0;0,0;0,0;-0,1118;3,6;0;0,0338;0;1;6;0;0
7;HapticsFixedCC;4;27,5556;193,2581;9,7;-5,6955;0,0;0,0;0,0;-0,1111;3,53;0;0,0337;0;1;6;0;0
7;HapticsFixedCC;4;27,5694;193,2206;9,7;-5,7679;0,0;0,0;0,0;-0,1105;3,46;0;0,0336;0;1;6;0;0
7;HapticsFixedCC;4;27,5833;193,2027;9,7;-5,8199;0,0;0,0;0,0;-0,1098;3,35;0;0,0336;0;1;6;0;0
7;HapticsFixedCC;4;27,5972;193,2027;9,7;-5,8302;0,0;0,0;0,0;-0,1091;3,21;0;0,0336;0;1;6;0;0
7;HapticsFixedCC;4;27,6111;193,2027;9,7;-5,9082;0,0;0,0;0,0;-0,1085;3,06;0;0,0336;0;1;6;0;0
7;HapticsFixedCC;4;27,625;193,2027;9,7;-5,9317;0,0;0,0;0,0;-0,108;2,91;0;0,0336;0;1;6;0;0
7;HapticsFixedCC;4;27,6389;193,2027;9,4;-5,9543;0,0;0,0;0,0;-0,1076;2,77;0;0,0336;0;1;6;0;0
7;HapticsFixedCC;4;27,6528;193,2027;9,4;-5,9651;0,0;0,0;0,0;-0,1073;2,62;0;0,0336;0;1;6;0;0
7;HapticsFixedCC;4;27,6667;192,9592;9,4;-5,9703;0,0;0,0;0,0;-0,1053;2,94;0;0,0331;0;1;6;0;0
7;HapticsFixedCC;4;27,6806;192,9229;9,4;-5,9702;0,0;0,0;0,0;-0,1049;2,87;0;0,0331;0;1;6;0;0
7;HapticsFixedCC;4;27,6944;192,8866;9,4;-5,9595;0,0;0,0;0,0;-0,1046;2,79;0;0,033;0;1;6;0;0
7;HapticsFixedCC;4;27,7083;192,8503;9,4;-5,9479;0,0;0,0;0,0;-0,1044;2,72;0;0,0329;0;1;6;0;0
7;HapticsFixedCC;4;27,7222;192,814;9,4;-5,9332;0,0;0,0;0,0;-0,1043;2,64;0;0,0329;0;1;6;0;0
7;HapticsFixedCC;4;27,7361;192,7777;9,4;-5,9226;0,0;0,0;0,0;-0,1043;2,57;0;0,0328;0;1;6;0;0
7;HapticsFixedCC;4;27,75;192,7481;9,4;-5,9091;0,0;0,0;0,0;-0,1043;2,48;0;0,0328;0;1;6;0;0
7;HapticsFixedCC;4;27,7639;192,7481;9,4;-5,9063;0,0;0,0;0,0;-0,1041;2,34;0;0,0328;0;1;6;0;0
7;HapticsFixedCC;4;27,7778;192,7481;9,4;-5,87;0,0;0,0;0,0;-0,1041;2,2;0;0,0328;0;1;6;0;0
7;HapticsFixedCC;4;27,7917;192,7481;9,4;-5,8433;0,0;0,0;0,0;-0,1041;2,06;0;0,0328;0;1;6;0;0
7;HapticsFixedCC;4;27,8056;192,7481;9,4;-5,838;0,0;0,0;0,0;-0,1043;1,91;0;0,0328;0;1;6;0;0
7;HapticsFixedCC;4;27,8194;192,7481;9,4;-5,8041;0,0;0,0;0,0;-0,1045;1,77;0;0,0328;0;1;6;0;0
7;HapticsFixedCC;4;27,8333;192,7481;9,4;-5,7702;0,0;0,0;0,0;-0,1048;1,63;0;0,0328;0;1;6;0;0
7;HapticsFixedCC;4;27,8472;192,4858;9,4;-5,7167;0,0;0,0;0,0;-0,1032;1,98;0;0,0323;0;1;6;0;0
7;HapticsFixedCC;4;27,8611;192,4495;9,4;-5,706;0,0;0,0;0,0;-0,1034;1,91;0;0,0322;0;1;6;0;0
7;HapticsFixedCC;4;27,875;192,4132;9,4;-5,6722;0,0;0,0;0,0;-0,1036;1,84;0;0,0321;0;1;6;0;0
7;HapticsFixedCC;4;27,8889;192,3769;9,4;-5,6286;0,0;0,0;0,0;-0,104;1,77;0;0,0321;0;1;6;0;0
7;HapticsFixedCC;4;27,9028;192,3407;9,4;-5,5779;0,0;0,0;0,0;-0,1044;1,71;0;0,032;0;1;6;0;0
7;HapticsFixedCC;4;27,9167;192,3044;9,4;-5,4967;0,0;0,0;0,0;-0,1049;1,64;0;0,032;0;1;6;0;0
7;HapticsFixedCC;4;27,9306;192,2914;9,4;-5,4275;0,0;0,0;0,0;-0,1052;1,53;0;0,0319;0;1;6;0;0
7;HapticsFixedCC;4;27,9444;192,2914;9,4;-5,3182;0,0;0,0;0,0;-0,1056;1,41;0;0,0319;0;1;6;0;0
7;HapticsFixedCC;4;27,9583;192,2914;9,4;-5,1601;0,0;0,0;0,0;-0,1059;1,28;0;0,0319;0;1;6;0;0
7;HapticsFixedCC;4;27,9722;192,2914;9,4;-5,0084;0,0;0,0;0,0;-0,1063;1,16;0;0,0319;0;1;6;0;0
7;HapticsFixedCC;4;27,9861;192,2914;9,4;-4,8355;0,0;0,0;0,0;-0,1068;1,04;0;0,0319;0;1;6;0;0
7;HapticsFixedCC;4;28,0;192,2914;9,4;-4,6507;0,0;0,0;0,0;-0,1073;0,93;0;0,0319;0;1;6;0;0
7;HapticsFixedCC;4;28,0139;192,0489;9,4;-4,4429;0,0;0,0;0,0;-0,106;1,26;0;0,0315;0;1;6;0;0
7;HapticsFixedCC;4;28,0278;192,0126;9,4;-4,2517;0,0;0,0;0,0;-0,1063;1,23;0;0,0314;0;1;6;0;0
7;HapticsFixedCC;4;28,0417;191,9763;9,4;-3,987;0,0;0,0;0,0;-0,1065;1,2;0;0,0314;0;1;6;0;0
7;HapticsFixedCC;4;28,0556;191,94;9,4;-3,7416;0,0;0,0;0,0;-0,1068;1,17;0;0,0313;0;1;6;0;0
7;HapticsFixedCC;4;28,0694;191,9037;9,4;-3,6156;0,0;0,0;0,0;-0,107;1,15;0;0,0313;0;1;6;0;0
7;HapticsFixedCC;4;28,0833;191,8675;9,4;-3,4385;0,0;0,0;0,0;-0,1073;1,13;0;0,0312;0;1;4;0;0
7;HapticsFixedCC;4;28,0972;191,8368;9,4;-3,2672;0,0;0,0;0,0;-0,1076;1,11;0;0,0311;0;1;4;0;0
7;HapticsFixedCC;4;28,1111;191,8368;9,4;-3,01;0,0;0,0;0,0;-0,1076;1,04;0;0,0311;0;1;4;0;0
7;HapticsFixedCC;4;28,125;191,8368;9,4;-2,8166;0,0;0,0;0,0;-0,1076;0,97;0;0,0311;0;1;4;0;0
7;HapticsFixedCC;4;28,1389;191,8368;9,4;-2,7141;0,0;0,0;0,0;-0,1077;0,9;0;0,0311;0;1;4;0;0
7;HapticsFixedCC;4;28,1528;191,8368;8,8;-2,6237;0,0;0,0;0,0;-0,1077;0,85;0;0,0311;0;1;4;0;0
7;HapticsFixedCC;4;28,1667;191,8368;8,8;-2,5863;0,0;0,0;0,0;-0,1077;0,79;0;0,0311;0;1;4;0;0
7;HapticsFixedCC;4;28,1806;191,8368;8,8;-2,6324;0,0;0,0;0,0;-0,1079;0,73;0;0,0311;0;1;4;0;0
7;HapticsFixedCC;4;28,1944;191,5827;8,8;-2,5738;0,0;0,0;0,0;-0,1062;1,12;0;0,0307;0;1;4;0;0
7;HapticsFixedCC;4;28,2083;191,5488;8,8;-2,5797;0,0;0,0;0,0;-0,1062;1,12;0;0,0307;0;1;4;0;0
7;HapticsFixedCC;4;28,2222;191,5148;8,8;-2,5449;0,0;0,0;0,0;-0,1061;1,12;0;0,0306;0;1;4;0;0
7;HapticsFixedCC;4;28,2361;191,4809;8,8;-2,5429;0,0;0,0;0,0;-0,1061;1,13;0;0,0305;0;1;4;0;0
7;HapticsFixedCC;4;28,25;191,4469;8,8;-2,562;0,0;0,0;0,0;-0,1062;1,13;0;0,0305;0;1;4;0;0
7;HapticsFixedCC;4;28,2639;191,413;8,8;-2,58;0,0;0,0;0,0;-0,1062;1,13;0;0,0304;0;1;4;0;0
7;HapticsFixedCC;4;28,2778;191,3801;8,8;-2,6527;0,0;0,0;0,0;-0,1064;1,13;0;0,0304;0;1;4;0;0
7;HapticsFixedCC;4;28,2917;191,3801;8,8;-2,7053;0,0;0,0;0,0;-0,1063;1,07;0;0,0304;0;1;4;0;0
7;HapticsFixedCC;4;28,3056;191,3801;8,8;-2,7597;0,0;0,0;0,0;-0,1063;1,01;0;0,0304;0;1;4;0;0
7;HapticsFixedCC;4;28,3194;191,3801;8,8;-2,8284;0,0;0,0;0,0;-0,1063;0,94;0;0,0304;0;1;4;0;0
7;HapticsFixedCC;4;28,3333;191,3801;8,8;-2,8868;0,0;0,0;0,0;-0,1064;0,88;0;0,0304;0;1;4;0;0
7;HapticsFixedCC;4;28,3472;191,3801;8,8;-3,0149;0,0;0,0;0,0;-0,1066;0,81;0;0,0304;0;1;4;0;0
7;HapticsFixedCC;4;28,3611;191,3801;8,8;-3,0858;0,0;0,0;0,0;-0,1068;0,74;0;0,0304;0;1;4;0;0
7;HapticsFixedCC;4;28,375;191,1398;8,8;-3,1903;0,0;0,0;0,0;-0,1054;1,08;0;0,03;0;1;4;0;0
7;HapticsFixedCC;4;28,3889;191,1059;8,8;-3,262;0,0;0,0;0,0;-0,1056;1,07;0;0,0299;0;1;4;0;0
7;HapticsFixedCC;4;28,4028;191,0719;8,8;-3,3812;0,0;0,0;0,0;-0,1058;1,05;0;0,0299;0;1;4;0;0
7;HapticsFixedCC;4;28,4167;191,0379;8,8;-3,4333;0,0;0,0;0,0;-0,106;1,03;0;0,0298;0;1;4;0;0
7;HapticsFixedCC;4;28,4306;191,004;8,8;-3,4727;0,0;0,0;0,0;-0,1063;1,01;0;0,0298;0;1;4;0;0
7;HapticsFixedCC;4;28,4444;190,97;8,8;-3,5156;0,0;0,0;0,0;-0,1066;0,99;0;0,0297;0;1;4;0;0
7;HapticsFixedCC;4;28,4583;190,9361;8,8;-3,5482;0,0;0,0;0,0;-0,107;0,97;0;0,0297;0;1;4;0;0
7;HapticsFixedCC;4;28,4722;190,9255;8,8;-3,5893;0,0;0,0;0,0;-0,1073;0,91;0;0,0296;0;1;4;0;0
7;HapticsFixedCC;4;28,4861;190,9255;8,8;-3,6043;0,0;0,0;0,0;-0,1076;0,82;0;0,0296;0;1;4;0;0
7;HapticsFixedCC;4;28,5;190,9255;8,8;-3,615;0,0;0,0;0,0;-0,108;0,74;0;0,0296;0;1;4;0;0
7;HapticsFixedCC;4;28,5139;190,9255;8,8;-3,6225;0,0;0,0;0,0;-0,1083;0,66;0;0,0296;0;1;4;0;0
7;HapticsFixedCC;4;28,5278;190,9255;8,8;-3,6256;0,0;0,0;0,0;-0,1088;0,58;0;0,0296;0;1;4;0;0
7;HapticsFixedCC;4;28,5417;190,9255;8,8;-3,6222;0,0;0,0;0,0;-0,1092;0,5;0;0,0296;0;1;4;0;0
7;HapticsFixedCC;4;28,5556;190,6969;8,8;-3,6161;0,0;0,0;0,0;-0,1083;0,8;0;0,0293;0;1;4;0;0
7;HapticsFixedCC;4;28,5694;190,663;8,8;-3,5975;0,0;0,0;0,0;-0,1086;0,78;0;0,0292;0;1;4;0;0
7;HapticsFixedCC;4;28,5833;190,629;8,8;-3,5733;0,0;0,0;0,0;-0,109;0,75;0;0,0292;0;1;4;0;0
7;HapticsFixedCC;4;28,5972;190,595;8,8;-3,5306;0,0;0,0;0,0;-0,1094;0,73;0;0,0291;0;1;4;0;0
7;HapticsFixedCC;4;28,6111;190,5611;8,8;-3,4908;0,0;0,0;0,0;-0,1098;0,71;0;0,0291;0;1;4;0;0
7;HapticsFixedCC;4;28,625;190,5271;8,8;-3,4532;0,0;0,0;0,0;-0,1103;0,69;0;0,029;0;1;4;0;0
7;HapticsFixedCC;4;28,6389;190,4932;8,8;-3,4177;0,0;0,0;0,0;-0,1109;0,67;0;0,029;0;1;4;0;0
7;HapticsFixedCC;4;28,6528;190,4688;8,5;-3,3942;0,0;0,0;0,0;-0,1114;0,64;0;0,0289;0;1;4;0;0
7;HapticsFixedCC;4;28,6667;190,4688;8,5;-3,3604;0,0;0,0;0,0;-0,1117;0,56;0;0,0289;0;1;4;0;0
7;HapticsFixedCC;4;28,6806;190,4688;8,5;-3,3257;0,0;0,0;0,0;-0,1121;0,49;0;0,0289;0;1;4;0;0
7;HapticsFixedCC;4;28,6944;190,4688;8,5;-3,293;0,0;0,0;0,0;-0,1126;0,42;0;0,0289;0;1;4;0;0
7;HapticsFixedCC;4;28,7083;190,4688;8,5;-3,2721;0,0;0,0;0,0;-0,1131;0,35;0;0,0289;0;1;4;0;0
7;HapticsFixedCC;4;28,7222;190,4688;8,5;-3,2415;0,0;0,0;0,0;-0,1136;0,28;0;0,0289;0;1;4;0;0
7;HapticsFixedCC;4;28,7361;190,4688;8,5;-3,2274;0,0;0,0;0,0;-0,1141;0,21;0;0,0289;0;1;4;0;0
7;HapticsFixedCC;4;28,75;190,2282;8,5;-3,208;0,0;0,0;0,0;-0,1131;0,53;0;0,0286;0;1;4;0;0
7;HapticsFixedCC;4;28,7639;190,1954;8,5;-3,1912;0,0;0,0;0,0;-0,1135;0,52;0;0,0285;0;1;4;0;0
7;HapticsFixedCC;4;28,7778;190,1626;8,5;-3,1783;0,0;0,0;0,0;-0,114;0,5;0;0,0285;0;1;4;0;0
7;HapticsFixedCC;4;28,7917;190,1298;8,5;-3,1645;0,0;0,0;0,0;-0,1144;0,49;0;0,0284;0;1;4;0;0
7;HapticsFixedCC;4;28,8056;190,097;8,5;-3,1498;0,0;0,0;0,0;-0,1149;0,47;0;0,0284;0;1;4;0;0
7;HapticsFixedCC;4;28,8194;190,0642;8,5;-3,1185;0,0;0,0;0,0;-0,1155;0,46;0;0,0283;0;1;4;0;0
7;HapticsFixedCC;4;28,8333;190,0314;8,5;-3,075;0,0;0,0;0,0;-0,1161;0,44;0;0,0283;0;1;4;0;0
7;HapticsFixedCC;4;28,8472;190,0142;8,5;-3,0303;0,0;0,0;0,0;-0,1166;0,41;0;0,0283;0;1;4;0;0
7;HapticsFixedCC;4;28,8611;190,0142;8,5;-3,0075;0,0;0,0;0,0;-0,117;0,34;0;0,0283;0;1;4;0;0
7;HapticsFixedCC;4;28,875;190,0142;8,5;-2,998;0,0;0,0;0,0;-0,1174;0,28;0;0,0283;0;1;4;0;0
7;HapticsFixedCC;4;28,8889;190,0142;8,9;-2,9953;0,0;0,0;0,0;-0,118;0,21;0;0,0283;0;1;4;0;0
7;HapticsFixedCC;4;28,9028;190,0142;8,9;-2,9989;0,0;0,0;0,0;-0,1185;0,14;0;0,0283;0;1;4;0;0
7;HapticsFixedCC;4;28,9167;190,0142;8,9;-3,0028;0,0;0,0;0,0;-0,1191;0,07;0;0,0283;0;1;4;0;0
7;HapticsFixedCC;4;28,9306;190,0142;8,9;-3,0058;0,0;0,0;0,0;-0,1198;0,02;0;0,0283;0;1;4;0;0
7;HapticsFixedCC;4;28,9444;189,7613;8,9;-3,0067;0,0;0,0;0,0;-0,1188;0,34;0;0,0279;0;1;4;0;0
7;HapticsFixedCC;4;28,9583;189,727;8,9;-3,0072;0,0;0,0;0,0;-0,1193;0,33;0;0,0278;0;1;4;0;0
7;HapticsFixedCC;4;28,9722;189,6927;8,9;-3,0094;0,0;0,0;0,0;-0,1199;0,31;0;0,0278;0;1;4;0;0
7;HapticsFixedCC;4;28,9861;189,6583;8,9;-3,0127;0,0;0,0;0,0;-0,1205;0,3;0;0,0277;0;1;4;0;0
7;HapticsFixedCC;4;29,0;189,624;8,9;-3,0159;0,0;0,0;0,0;-0,1211;0,29;0;0,0277;0;1;4;0;0
7;HapticsFixedCC;4;29,0139;189,5896;8,9;-3,0168;0,0;0,0;0,0;-0,1218;0,27;0;0,0276;0;1;4;0;0
7;HapticsFixedCC;4;29,0278;189,5576;8,9;-3,0167;0,0;0,0;0,0;-0,1225;0,25;0;0,0276;0;1;4;0;0
7;HapticsFixedCC;4;29,0417;189,5576;8,9;-3,0156;0,0;0,0;0,0;-0,1231;0,18;0;0,0276;0;1;4;0;0
7;HapticsFixedCC;4;29,0556;189,5576;8,9;-3,0122;0,0;0,0;0,0;-0,1237;0,12;0;0,0276;0;1;4;0;0
7;HapticsFixedCC;4;29,0694;189,5576;8,9;-3,0115;0,0;0,0;0,0;-0,1243;0,04;0;0,0276;0;1;4;0;0
7;HapticsFixedCC;4;29,0833;189,5576;8,9;-3,0079;0,0;0,0;0,0;-0,1249;-0,02;0;0,0276;0;1;7;0;0
7;HapticsFixedCC;4;29,0972;189,5576;8,9;-3,0051;0,0;0,0;0,0;-0,1256;-0,09;0;0,0276;0;1;7;0;0
7;HapticsFixedCC;4;29,1111;189,5576;8,9;-3,0023;0,0;0,0;0,0;-0,1264;-0,16;0;0,0276;0;1;7;0;0
7;HapticsFixedCC;4;29,125;189,3134;8,9;-3,0027;0,0;0,0;0,0;-0,1256;0,16;0;0,0273;0;1;7;0;0
7;HapticsFixedCC;4;29,1389;189,2791;8,9;-3,0009;0,0;0,0;0,0;-0,1263;0,14;0;0,0272;0;1;7;0;0
7;HapticsFixedCC;4;29,1528;189,2447;8,9;-2,9983;0,0;0,0;0,0;-0,1269;0,13;0;0,0272;0;1;7;0;0
7;HapticsFixedCC;4;29,1667;189,2104;8,9;-2,9845;0,0;0,0;0,0;-0,1276;0,11;0;0,0271;0;1;7;0;0
7;HapticsFixedCC;4;29,1806;189,176;8,9;-2,9665;0,0;0,0;0,0;-0,1283;0,1;0;0,0271;0;1;7;0;0
7;HapticsFixedCC;4;29,1944;189,1417;8,9;-2,9403;0,0;0,0;0,0;-0,1291;0,09;0;0,027;0;1;7;0;0
7;HapticsFixedCC;4;29,2083;189,1074;8,9;-2,9086;0,0;0,0;0,0;-0,1299;0,07;0;0,027;0;1;7;0;0
7;HapticsFixedCC;4;29,2222;189,1028;8,9;-2,8714;0,0;0,0;0,0;-0,1305;0,0;0;0,027;0;1;7;0;0
7;HapticsFixedCC;4;29,2361;189,1028;8,9;-2,846;0,0;0,0;0,0;-0,1311;-0,05;0;0,027;0;1;7;0;0
7;HapticsFixedCC;4;29,25;189,1028;8,9;-2,8179;0,0;0,0;0,0;-0,1318;-0,11;0;0,027;0;1;7;0;0
7;HapticsFixedCC;4;29,2639;189,1028;8,9;-2,8006;0,0;0,0;0,0;-0,1325;-0,18;0;0,027;0;1;7;0;0
7;HapticsFixedCC;4;29,2778;189,1028;8,9;-2,784;0,0;0,0;0,0;-0,1333;-0,24;0;0,027;0;1;7;0;0
7;HapticsFixedCC;4;29,2917;189,1028;8,9;-2,7617;0,0;0,0;0,0;-0,134;-0,3;0;0,027;0;1;7;0;0
7;HapticsFixedCC;4;29,3056;188,8654;8,9;-2,7279;0,0;0,0;0,0;-0,1334;0,0;0;0,0267;0;1;7;0;0
7;HapticsFixedCC;4;29,3194;188,8311;8,9;-2,7009;0,0;0,0;0,0;-0,134;0,0;0;0,0266;0;1;7;0;0
7;HapticsFixedCC;4;29,3333;188,7967;8,9;-2,6684;0,0;0,0;0,0;-0,1347;0,0;0;0,0266;0;1;7;0;0
7;HapticsFixedCC;4;29,3472;188,7624;8,9;-2,6241;0,0;0,0;0,0;-0,1354;-0,02;0;0,0265;0;1;7;0;0
7;HapticsFixedCC;4;29,3611;188,7281;8,9;-2,5966;0,0;0,0;0,0;-0,1361;-0,03;0;0,0265;0;1;7;0;0
7;HapticsFixedCC;4;29,375;188,6937;8,9;-2,556;0,0;0,0;0,0;-0,1368;-0,04;0;0,0264;0;1;7;0;0
7;HapticsFixedCC;4;29,3889;188,6594;8,9;-2,5222;0,0;0,0;0,0;-0,1376;-0,05;0;0,0264;0;1;7;0;0
7;HapticsFixedCC;4;29,4028;188,6464;8,9;-2,4779;0,0;0,0;0,0;-0,1383;-0,08;0;0,0264;0;1;7;0;0
7;HapticsFixedCC;4;29,4167;188,6464;8,9;-2,4411;0,0;0,0;0,0;-0,1389;-0,14;0;0,0264;0;1;7;0;0
7;HapticsFixedCC;4;29,4306;188,6464;8,9;-2,406;0,0;0,0;0,0;-0,1395;-0,19;0;0,0264;0;1;7;0;0
7;HapticsFixedCC;4;29,4444;188,6464;8,9;-2,3813;0,0;0,0;0,0;-0,1402;-0,25;0;0,0264;0;1;7;0;0
7;HapticsFixedCC;4;29,4583;188,6464;8,9;-2,3587;0,0;0,0;0,0;-0,1409;-0,3;0;0,0264;0;1;7;0;0
7;HapticsFixedCC;4;29,4722;188,6464;8,9;-2,3301;0,0;0,0;0,0;-0,1416;-0,36;0;0,0264;0;1;7;0;0
7;HapticsFixedCC;4;29,4861;188,4174;8,9;-2,3013;0,0;0,0;0,0;-0,141;-0,07;0;0,0261;0;1;7;0;0
7;HapticsFixedCC;4;29,5;188,383;8,9;-2,2801;0,0;0,0;0,0;-0,1416;-0,07;0;0,026;0;1;7;0;0
7;HapticsFixedCC;4;29,5139;188,3487;8,9;-2,2711;0,0;0,0;0,0;-0,1422;-0,07;0;0,026;0;1;7;0;0
7;HapticsFixedCC;4;29,5278;188,3144;8,9;-2,2598;0,0;0,0;0,0;-0,1429;-0,07;0;0,026;0;1;7;0;0
7;HapticsFixedCC;4;29,5417;188,28;8,9;-2,2489;0,0;0,0;0,0;-0,1435;-0,07;0;0,0259;0;1;7;0;0
7;HapticsFixedCC;4;29,5556;188,2457;8,9;-2,2339;0,0;0,0;0,0;-0,1442;-0,07;0;0,0259;0;1;7;0;0
7;HapticsFixedCC;4;29,5694;188,2114;8,9;-2,2135;0,0;0,0;0,0;-0,145;-0,06;0;0,0258;0;1;7;0;0
7;HapticsFixedCC;4;29,5833;188,1914;8,9;-2,184;0,0;0,0;0,0;-0,1456;-0,08;0;0,0258;0;1;7;0;0
7;HapticsFixedCC;4;29,5972;188,1914;8,9;-2,162;0,0;0,0;0,0;-0,1462;-0,13;0;0,0258;0;1;7;0;0
7;HapticsFixedCC;4;29,6111;188,1914;8,9;-2,13;0,0;0,0;0,0;-0,1468;-0,18;0;0,0258;0;1;7;0;0
7;HapticsFixedCC;4;29,625;188,1914;8,9;-2,1036;0,0;0,0;0,0;-0,1474;-0,23;0;0,0258;0;1;7;0;0
7;HapticsFixedCC;4;29,6389;188,1914;8,9;-2,079;0,0;0,0;0,0;-0,148;-0,28;0;0,0258;0;1;7;0;0
7;HapticsFixedCC;4;29,6528;188,1914;8,9;-2,0584;0,0;0,0;0,0;-0,1487;-0,32;0;0,0258;0;1;7;0;0
7;HapticsFixedCC;4;29,6667;188,1914;8,9;-2,0304;0,0;0,0;0,0;-0,1494;-0,37;0;0,0258;0;1;7;0;0
7;HapticsFixedCC;4;29,6806;187,935;8,9;-2,0052;0,0;0,0;0,0;-0,1486;-0,04;0;0,0255;0;1;7;0;0
7;HapticsFixedCC;4;29,6944;187,9006;8,9;-1,9792;0,0;0,0;0,0;-0,1491;-0,03;0;0,0255;0;1;7;0;0
7;HapticsFixedCC;4;29,7083;187,8663;8,9;-1,9469;0,0;0,0;0,0;-0,1496;-0,02;0;0,0254;0;1;7;0;0
7;HapticsFixedCC;4;29,7222;187,832;8,9;-1,9194;0,0;0,0;0,0;-0,1502;-0,03;0;0,0254;0;1;7;0;0
7;HapticsFixedCC;4;29,7361;187,7976;8,9;-1,9007;0,0;0,0;0,0;-0,1508;0,0;0;0,0253;0;1;7;0;0
7;HapticsFixedCC;4;29,75;187,7633;8,9;-1,8946;0,0;0,0;0,0;-0,1514;0,0;0;0,0253;0;1;7;0;0
7;HapticsFixedCC;4;29,7639;187,7352;8,9;-1,8934;0,0;0,0;0,0;-0,152;0,0;0;0,0253;0;1;7;0;0
7;HapticsFixedCC;4;29,7778;187,7352;8,9;-1,8927;0,0;0,0;0,0;-0,1524;-0,05;0;0,0253;0;1;7;0;0
7;HapticsFixedCC;4;29,7917;187,7352;8,9;-1,891;0,0;0,0;0,0;-0,1529;-0,09;0;0,0253;0;1;7;0;0
7;HapticsFixedCC;4;29,8056;187,7352;8,9;-1,8876;0,0;0,0;0,0;-0,1534;-0,14;0;0,0253;0;1;7;0;0
7;HapticsFixedCC;4;29,8194;187,7352;8,9;-1,8862;0,0;0,0;0,0;-0,154;-0,18;0;0,0253;0;1;7;0;0
7;HapticsFixedCC;4;29,8333;187,7352;8,9;-1,885;0,0;0,0;0,0;-0,1545;-0,22;0;0,0253;0;1;7;0;0
7;HapticsFixedCC;4;29,8472;187,7352;8,9;-1,8842;0,0;0,0;0,0;-0,1551;-0,26;0;0,0253;0;1;7;0;0
7;HapticsFixedCC;4;29,8611;187,4869;8,9;-1,8868;0,0;0,0;0,0;-0,1543;0,04;0;0,025;0;1;7;0;0
7;HapticsFixedCC;4;29,875;187,4525;8,9;-1,8948;0,0;0,0;0,0;-0,1548;0,06;0;0,0249;0;1;7;0;0
7;HapticsFixedCC;4;29,8889;187,4182;9,5;-1,9025;0,0;0,0;0,0;-0,1553;0,06;0;0,0249;0;1;7;0;0
7;HapticsFixedCC;4;29,9028;187,3815;9,5;-1,91;0,0;0,0;0,0;-0,1558;0,07;0;0,0248;0;1;7;0;0
7;HapticsFixedCC;4;29,9167;187,3449;9,5;-1,9084;0,0;0,0;0,0;-0,1564;0,07;0;0,0248;0;1;7;0;0
7;HapticsFixedCC;4;29,9306;187,3082;9,5;-1,8986;0,0;0,0;0,0;-0,157;0,08;0;0,0248;0;1;7;0;0
7;HapticsFixedCC;4;29,9444;187,28;9,5;-1,8726;0,0;0,0;0,0;-0,1575;0,07;0;0,0247;0;1;7;0;0
7;HapticsFixedCC;4;29,9583;187,28;9,5;-1,8442;0,0;0,0;0,0;-0,1579;0,03;0;0,0247;0;1;7;0;0
7;HapticsFixedCC;4;29,9722;187,28;9,5;-1,8245;0,0;0,0;0,0;-0,1584;0,0;0;0,0247;0;1;7;0;0
7;HapticsFixedCC;4;29,9861;187,28;9,5;-1,8005;0,0;0,0;0,0;-0,1589;-0,06;0;0,0247;0;1;7;0;0
7;HapticsFixedCC;4;30,0;187,28;9,5;-1,7839;0,0;0,0;0,0;-0,1594;-0,1;0;0,0247;0;1;7;0;0
7;HapticsFixedCC;4;30,0139;187,28;9,5;-1,772;0,0;0,0;0,0;-0,1599;-0,14;0;0,0247;0;1;7;0;0
7;HapticsFixedCC;4;30,0278;187,0499;9,5;-1,7658;0,0;0,0;0,0;-0,1591;0,13;0;0,0245;0;1;7;0;0
7;HapticsFixedCC;4;30,0417;187,0132;9,5;-1,7576;0,0;0,0;0,0;-0,1595;0,14;0;0,0244;0;1;7;0;0
7;HapticsFixedCC;4;30,0556;186,9766;9,5;-1,7514;0,0;0,0;0,0;-0,1599;0,15;0;0,0244;0;1;7;0;0
7;HapticsFixedCC;4;30,0694;186,94;9,5;-1,739;0,0;0,0;0,0;-0,1603;0,16;0;0,0244;0;1;7;0;0
7;HapticsFixedCC;4;30,0833;186,9033;9,5;-1,7302;0,0;0,0;0,0;-0,1608;0,17;0;0,0243;0;1;2;0;0
7;HapticsFixedCC;4;30,0972;186,8667;9,5;-1,7163;0,0;0,0;0,0;-0,1613;0,18;0;0,0243;0;1;2;0;0
7;HapticsFixedCC;4;30,1111;186,83;9,5;-1,7034;0,0;0,0;0,0;-0,1618;0,19;0;0,0242;0;1;2;0;0
7;HapticsFixedCC;4;30,125;186,8241;9,5;-1,6879;0,0;0,0;0,0;-0,1621;0,15;0;0,0242;0;1;2;0;0
7;HapticsFixedCC;4;30,1389;186,8241;9,5;-1,6723;0,0;0,0;0,0;-0,1624;0,11;0;0,0242;0;1;2;0;0
7;HapticsFixedCC;4;30,1528;186,8241;9,8;-1,659;0,0;0,0;0,0;-0,1628;0,07;0;0,0242;0;1;2;0;0
7;HapticsFixedCC;4;30,1667;186,8241;9,8;-1,6502;0,0;0,0;0,0;-0,1632;0,03;0;0,0242;0;1;2;0;0
7;HapticsFixedCC;4;30,1806;186,8241;9,8;-1,6445;0,0;0,0;0,0;-0,1636;0,0;0;0,0242;0;1;2;0;0
7;HapticsFixedCC;4;30,1944;186,8241;9,8;-1,6414;0,0;0,0;0,0;-0,1641;-0,05;0;0,0242;0;1;2;0;0
7;HapticsFixedCC;4;30,2083;186,567;9,8;-1,636;0,0;0,0;0,0;-0,1632;0,26;0;0,024;0;1;2;0;0
7;HapticsFixedCC;4;30,2222;186,5292;9,8;-1,6389;0,0;0,0;0,0;-0,1635;0,27;0;0,0239;0;1;2;0;0
7;HapticsFixedCC;4;30,2361;186,4914;9,8;-1,6461;0,0;0,0;0,0;-0,1638;0,28;0;0,0239;0;1;2;0;0
7;HapticsFixedCC;4;30,25;186,4536;9,8;-1,6535;0,0;0,0;0,0;-0,1641;0,29;0;0,0238;0;1;2;0;0
7;HapticsFixedCC;4;30,2639;186,4158;9,8;-1,66;0,0;0,0;0,0;-0,1645;0,3;0;0,0238;0;1;2;0;0
7;HapticsFixedCC;4;30,2778;186,378;9,8;-1,6622;0,0;0,0;0,0;-0,165;0,3;0;0,0238;0;1;2;0;0
7;HapticsFixedCC;4;30,2917;186,3686;9,8;-1,6632;0,0;0,0;0,0;-0,1652;0,28;0;0,0237;0;1;2;0;0
7;HapticsFixedCC;4;30,3056;186,3686;9,8;-1,6633;0,0;0,0;0,0;-0,1655;0,23;0;0,0237;0;1;2;0;0
7;HapticsFixedCC;4;30,3194;186,3686;9,8;-1,6623;0,0;0,0;0,0;-0,1658;0,19;0;0,0237;0;1;2;0;0
7;HapticsFixedCC;4;30,3333;186,3686;9,8;-1,6561;0,0;0,0;0,0;-0,1661;0,15;0;0,0237;0;1;2;0;0
7;HapticsFixedCC;4;30,3472;186,3686;9,8;-1,6449;0,0;0,0;0,0;-0,1664;0,11;0;0,0237;0;1;2;0;0
7;HapticsFixedCC;4;30,3611;186,3686;9,8;-1,6171;0,0;0,0;0,0;-0,1667;0,07;0;0,0237;0;1;2;0;0
7;HapticsFixedCC;4;30,375;186,1115;9,8;-1,574;0,0;0,0;0,0;-0,1657;0,38;0;0,0235;0;1;2;0;0
7;HapticsFixedCC;4;30,3889;186,0737;9,8;-1,5171;0,0;0,0;0,0;-0,1658;0,39;0;0,0234;0;1;2;0;0
7;HapticsFixedCC;4;30,4028;186,0359;9,8;-1,4482;0,0;0,0;0,0;-0,166;0,4;0;0,0234;0;1;2;0;0
7;HapticsFixedCC;4;30,4167;185,9981;9,8;-1,3659;0,0;0,0;0,0;-0,1662;0,42;0;0,0234;0;1;2;0;0
7;HapticsFixedCC;4;30,4306;185,9603;9,8;-1,2965;0,0;0,0;0,0;-0,1663;0,44;0;0,0233;0;1;2;0;0
7;HapticsFixedCC;4;30,4444;185,9225;9,8;-1,238;0,0;0,0;0,0;-0,1665;0,46;0;0,0233;0;1;2;0;0
7;HapticsFixedCC;4;30,4583;185,9128;9,8;-1,1864;0,0;0,0;0,0;-0,1666;0,44;0;0,0233;0;1;2;0;0
7;HapticsFixedCC;4;30,4722;185,9128;9,8;-1,1502;0,0;0,0;0,0;-0,1666;0,41;0;0,0233;0;1;2;0;0
7;HapticsFixedCC;4;30,4861;185,9128;9,8;-1,1043;0,0;0,0;0,0;-0,1666;0,39;0;0,0233;0;1;2;0;0
7;HapticsFixedCC;4;30,5;185,9128;9,8;-1,071;0,0;0,0;0,0;-0,1666;0,36;0;0,0233;0;1;2;0;0
7;HapticsFixedCC;4;30,5139;185,9128;9,8;-1,047;0,0;0,0;0,0;-0,1666;0,33;0;0,0233;0;1;2;0;0
7;HapticsFixedCC;4;30,5278;185,9128;9,8;-1,0341;0,0;0,0;0,0;-0,1666;0,31;0;0,0233;0;1;2;0;0
7;HapticsFixedCC;4;30,5417;185,656;9,8;-1,0251;0,0;0,0;0,0;-0,1653;0,62;0;0,023;0;1;2;0;0
7;HapticsFixedCC;4;30,5556;185,6182;9,8;-1,0127;0,0;0,0;0,0;-0,1651;0,65;0;0,023;0;1;2;0;0
7;HapticsFixedCC;4;30,5694;185,5804;9,8;-1,0055;0,0;0,0;0,0;-0,165;0,67;0;0,023;0;1;2;0;0
7;HapticsFixedCC;4;30,5833;185,5426;9,8;-1,0064;0,0;0,0;0,0;-0,1649;0,7;0;0,0229;0;1;2;0;0
7;HapticsFixedCC;4;30,5972;185,5048;9,8;-1,0326;0,0;0,0;0,0;-0,1648;0,72;0;0,0229;0;1;2;0;0
7;HapticsFixedCC;4;30,6111;185,467;9,8;-1,0727;0,0;0,0;0,0;-0,1647;0,75;0;0,0229;0;1;2;0;0
7;HapticsFixedCC;4;30,625;185,4572;9,8;-1,1281;0,0;0,0;0,0;-0,1645;0,73;0;0,0228;0;1;2;0;0
7;HapticsFixedCC;4;30,6389;185,4572;9,8;-1,1627;0,0;0,0;0,0;-0,1644;0,7;0;0,0228;0;1;2;0;0
7;HapticsFixedCC;4;30,6528;185,4572;10,4;-1,1882;0,0;0,0;0,0;-0,1642;0,67;0;0,0228;0;1;2;0;0
7;HapticsFixedCC;4;30,6667;185,4572;10,4;-1,2069;0,0;0,0;0,0;-0,1641;0,64;0;0,0228;0;1;2;0;0
7;HapticsFixedCC;4;30,6806;185,4572;10,4;-1,225;0,0;0,0;0,0;-0,1639;0,61;0;0,0228;0;1;2;0;0
7;HapticsFixedCC;4;30,6944;185,4572;10,4;-1,231;0,0;0,0;0,0;-0,1638;0,57;0;0,0228;0;1;2;0;0
7;HapticsFixedCC;4;30,7083;185,1913;10,4;-1,2445;0,0;0,0;0,0;-0,1624;0,89;0;0,0226;0;1;2;0;0
7;HapticsFixedCC;4;30,7222;185,1512;10,4;-1,2482;0,0;0,0;0,0;-0,1621;0,91;0;0,0226;0;1;2;0;0
7;HapticsFixedCC;4;30,7361;185,1111;10,4;-1,2504;0,0;0,0;0,0;-0,1619;0,92;0;0,0225;0;1;2;0;0
7;HapticsFixedCC;4;30,75;185,071;10,4;-1,2469;0,0;0,0;0,0;-0,1616;0,94;0;0,0225;0;1;2;0;0
7;HapticsFixedCC;4;30,7639;185,0309;10,4;-1,246;0,0;0,0;0,0;-0,1614;0,96;0;0,0225;0;1;2;0;0
7;HapticsFixedCC;4;30,7778;185,0016;10,4;-1,2424;0,0;0,0;0,0;-0,1612;0,97;0;0,0224;0;1;2;0;0
7;HapticsFixedCC;4;30,7917;185,0016;10,4;-1,2468;0,0;0,0;0,0;-0,1608;0,94;0;0,0224;0;1;2;0;0
7;HapticsFixedCC;4;30,8056;185,0016;10,4;-1,2547;0,0;0,0;0,0;-0,1605;0,9;0;0,0224;0;1;2;0;0
7;HapticsFixedCC;4;30,8194;185,0016;10,4;-1,2645;0,0;0,0;0,0;-0,1602;0,87;0;0,0224;0;1;2;0;0
7;HapticsFixedCC;4;30,8333;185,0016;10,4;-1,2812;0,0;0,0;0,0;-0,1599;0,84;0;0,0224;0;1;2;0;0
7;HapticsFixedCC;4;30,8472;185,0016;10,4;-1,3045;0,0;0,0;0,0;-0,1597;0,8;0;0,0224;0;1;2;0;0
7;HapticsFixedCC;4;30,8611;184,7484;10,4;-1,3485;0,0;0,0;0,0;-0,1582;1,09;0;0,0222;0;1;2;0;0
7;HapticsFixedCC;4;30,875;184,7082;10,4;-1,4239;0,0;0,0;0,0;-0,1578;1,1;0;0,0222;0;1;2;0;0
7;HapticsFixedCC;4;30,8889;184,6681;10,4;-1,5284;0,0;0,0;0,0;-0,1575;1,11;0;0,0221;0;1;2;0;0
7;HapticsFixedCC;4;30,9028;184,628;10,4;-1,658;0,0;0,0;0,0;-0,1572;1,12;0;0,0221;0;1;2;0;0
7;HapticsFixedCC;4;30,9167;184,5878;10,4;-1,7887;0,0;0,0;0,0;-0,157;1,12;0;0,0221;0;1;2;0;0
7;HapticsFixedCC;4;30,9306;184,5477;10,4;-1,9235;0,0;0,0;0,0;-0,1569;1,12;0;0,022;0;1;2;0;0
7;HapticsFixedCC;4;30,9444;184,5458;10,4;-2,093;0,0;0,0;0,0;-0,1567;1,07;0;0,022;0;1;2;0;0
7;HapticsFixedCC;4;30,9583;184,5458;10,4;-2,245;0,0;0,0;0,0;-0,1566;1,01;0;0,022;0;1;2;0;0
7;HapticsFixedCC;4;30,9722;184,5458;10,4;-2,466;0,0;0,0;0,0;-0,1565;0,95;0;0,022;0;1;2;0;0
7;HapticsFixedCC;4;30,9861;184,5458;10,4;-2,6495;0,0;0,0;0,0;-0,1566;0,88;0;0,022;0;1;2;0;0
7;HapticsFixedCC;4;31,0;184,5458;10,4;-2,9098;0,0;0,0;0,0;-0,1567;0,8;0;0,022;0;1;2;0;0
7;HapticsFixedCC;4;31,0139;184,3054;10,4;-3,0995;0,0;0,0;0,0;-0,1558;1,02;0;0,0218;0;1;2;0;0
7;HapticsFixedCC;4;31,0278;184,2652;10,4;-3,279;0,0;0,0;0,0;-0,156;0,98;0;0,0218;0;1;2;0;0
7;HapticsFixedCC;4;31,0417;184,2251;10,4;-3,4264;0,0;0,0;0,0;-0,1563;0,94;0;0,0218;0;1;2;0;0
7;HapticsFixedCC;4;31,0556;184,185;10,4;-3,5204;0,0;0,0;0,0;-0,1567;0,89;0;0,0217;0;1;2;0;0
7;HapticsFixedCC;4;31,0694;184,1449;10,4;-3,6122;0,0;0,0;0,0;-0,1571;0,85;0;0,0217;0;1;2;0;0
7;HapticsFixedCC;4;31,0833;184,1047;10,4;-3,6459;0,0;0,0;0,0;-0,1577;0,8;0;0,0216;0;1;3;0;0
7;HapticsFixedCC;4;31,0972;184,0903;10,4;-3,6814;0,0;0,0;0,0;-0,1582;0,72;0;0,0216;0;1;3;0;0
7;HapticsFixedCC;4;31,1111;184,0903;10,4;-3,6889;0,0;0,0;0,0;-0,1586;0,62;0;0,0216;0;1;3;0;0
7;HapticsFixedCC;4;31,125;184,0903;10,4;-3,6898;0,0;0,0;0,0;-0,1592;0,52;0;0,0216;0;1;3;0;0
7;HapticsFixedCC;4;31,1389;184,0903;10,4;-3,6966;0,0;0,0;0,0;-0,1598;0,43;0;0,0216;0;1;3;0;0
7;HapticsFixedCC;4;31,1528;184,0903;10,4;-3,7007;0,0;0,0;0,0;-0,1605;0,33;0;0,0216;0;1;3;0;0
7;HapticsFixedCC;4;31,1667;184,0903;10,4;-3,6943;0,0;0,0;0,0;-0,1613;0,23;0;0,0216;0;1;3;0;0
7;HapticsFixedCC;4;31,1806;183,8222;10,4;-3,6547;0,0;0,0;0,0;-0,1608;0,46;0;0,0214;0;1;3;0;0
7;HapticsFixedCC;4;31,1944;183,7821;10,4;-3,5966;0,0;0,0;0,0;-0,1615;0,42;0;0,0214;0;1;3;0;0
7;HapticsFixedCC;4;31,2083;183,742;10,4;-3,5076;0,0;0,0;0,0;-0,1622;0,37;0;0,0214;0;1;3;0;0
7;HapticsFixedCC;4;31,2222;183,7019;10,4;-3,4717;0,0;0,0;0,0;-0,163;0,33;0;0,0213;0;1;3;0;0
7;HapticsFixedCC;4;31,2361;183,6617;10,4;-3,4281;0,0;0,0;0,0;-0,1638;0,28;0;0,0213;0;1;3;0;0
7;HapticsFixedCC;4;31,25;183,6343;10,4;-3,3919;0,0;0,0;0,0;-0,1647;0,23;0;0,0213;0;1;3;0;0
7;HapticsFixedCC;4;31,2639;183,6343;10,4;-3,3338;0,0;0,0;0,0;-0,1654;0,14;0;0,0213;0;1;3;0;0
7;HapticsFixedCC;4;31,2778;183,6343;10,4;-3,2493;0,0;0,0;0,0;-0,1662;0,05;0;0,0213;0;1;3;0;0
7;HapticsFixedCC;4;31,2917;183,6343;10,4;-3,1927;0,0;0,0;0,0;-0,1671;-0,03;0;0,0213;0;1;3;0;0
7;HapticsFixedCC;4;31,3056;183,6343;10,4;-3,1354;0,0;0,0;0,0;-0,1679;-0,12;0;0,0213;0;1;3;0;0
7;HapticsFixedCC;4;31,3194;183,6343;10,4;-3,0679;0,0;0,0;0,0;-0,1688;-0,2;0;0,0213;0;1;3;0;0
7;HapticsFixedCC;4;31,3333;183,3793;10,4;-3,0086;0,0;0,0;0,0;-0,1685;0,03;0;0,0211;0;1;3;0;0
7;HapticsFixedCC;4;31,3472;183,3391;10,4;-2,9505;0,0;0,0;0,0;-0,1693;0,0;0;0,021;0;1;3;0;0
7;HapticsFixedCC;4;31,3611;183,299;10,4;-2,9051;0,0;0,0;0,0;-0,1702;-0,03;0;0,021;0;1;3;0;0
7;HapticsFixedCC;4;31,375;183,2589;10,4;-2,8565;0,0;0,0;0,0;-0,171;-0,06;0;0,021;0;1;3;0;0
7;HapticsFixedCC;4;31,3889;183,2188;10,4;-2,8063;0,0;0,0;0,0;-0,1719;-0,08;0;0,021;0;1;3;0;0
7;HapticsFixedCC;4;31,4028;183,179;10,4;-2,7456;0,0;0,0;0,0;-0,1729;-0,11;0;0,0209;0;1;3;0;0
7;HapticsFixedCC;4;31,4167;183,179;10,4;-2,6582;0,0;0,0;0,0;-0,1737;-0,18;0;0,0209;0;1;3;0;0
7;HapticsFixedCC;4;31,4306;183,179;10,4;-2,5909;0,0;0,0;0,0;-0,1745;-0,24;0;0,0209;0;1;3;0;0
7;HapticsFixedCC;4;31,4444;183,179;10,8;-2,5253;0,0;0,0;0,0;-0,1753;-0,32;0;0,0209;0;1;3;0;0
7;HapticsFixedCC;4;31,4583;183,179;10,8;-2,4719;0,0;0,0;0,0;-0,1763;-0,38;0;0,0209;0;1;3;0;0
7;HapticsFixedCC;4;31,4722;183,179;10,8;-2,4223;0,0;0,0;0,0;-0,1772;-0,45;0;0,0209;0;1;3;0;0
7;HapticsFixedCC;4;31,4861;182,9316;10,8;-2,3943;0,0;0,0;0,0;-0,177;-0,22;0;0,0207;0;1;3;0;0
7;HapticsFixedCC;4;31,5;182,89;10,8;-2,3766;0,0;0,0;0,0;-0,1779;-0,24;0;0,0207;0;1;3;0;0
7;HapticsFixedCC;4;31,5139;182,8483;10,8;-2,3636;0,0;0,0;0,0;-0,1788;-0,25;0;0,0207;0;1;3;0;0
7;HapticsFixedCC;4;31,5278;182,8066;10,8;-2,3492;0,0;0,0;0,0;-0,1797;-0,27;0;0,0207;0;1;3;0;0
7;HapticsFixedCC;4;31,5417;182,765;10,8;-2,3287;0,0;0,0;0,0;-0,1807;-0,28;0;0,0206;0;1;3;0;0
7;HapticsFixedCC;4;31,5556;182,7233;10,8;-2,3019;0,0;0,0;0,0;-0,1817;-0,3;0;0,0206;0;1;3;0;0
7;HapticsFixedCC;4;31,5694;182,7228;10,8;-2,2618;0,0;0,0;0,0;-0,1825;-0,36;0;0,0206;0;1;3;0;0
7;HapticsFixedCC;4;31,5833;182,7228;10,8;-2,2117;0,0;0,0;0,0;-0,1834;-0,42;0;0,0206;0;1;3;0;0
7;HapticsFixedCC;4;31,5972;182,7228;10,8;-2,1612;0,0;0,0;0,0;-0,1843;-0,48;0;0,0206;0;1;3;0;0
7;HapticsFixedCC;4;31,6111;182,7228;10,8;-2,093;0,0;0,0;0,0;-0,1852;-0,54;0;0,0206;0;1;3;0;0
7;HapticsFixedCC;4;31,625;182,7228;10,8;-2,0131;0,0;0,0;0,0;-0,1862;-0,59;0;0,0206;0;1;3;0;0
7;HapticsFixedCC;4;31,6389;182,4716;10,8;-1,9658;0,0;0,0;0,0;-0,186;-0,35;0;0,0204;0;1;3;0;0
7;HapticsFixedCC;4;31,6528;182,43;10,8;-1,905;0,0;0,0;0,0;-0,1868;-0,36;0;0,0204;0;1;3;0;0
7;HapticsFixedCC;4;31,6667;182,3883;10,8;-1,8616;0,0;0,0;0,0;-0,1876;-0,36;0;0,0204;0;1;3;0;0
7;HapticsFixedCC;4;31,6806;182,3466;10,8;-1,82;0,0;0,0;0,0;-0,1885;-0,36;0;0,0203;0;1;3;0;0
7;HapticsFixedCC;4;31,6944;182,305;10,8;-1,798;0,0;0,0;0,0;-0,1894;-0,36;0;0,0203;0;1;3;0;0
7;HapticsFixedCC;4;31,7083;182,2677;10,8;-1,7793;0,0;0,0;0,0;-0,1903;-0,37;0;0,0203;0;1;3;0;0
7;HapticsFixedCC;4;31,7222;182,2677;10,8;-1,7744;0,0;0,0;0,0;-0,1911;-0,42;0;0,0203;0;1;3;0;0
7;HapticsFixedCC;4;31,7361;182,2677;10,8;-1,7733;0,0;0,0;0,0;-0,1919;-0,47;0;0,0203;0;1;3;0;0
7;HapticsFixedCC;4;31,75;182,2677;10,8;-1,7835;0,0;0,0;0,0;-0,1928;-0,52;0;0,0203;0;1;3;0;0
7;HapticsFixedCC;4;31,7639;182,2677;10,8;-1,8;0,0;0,0;0,0;-0,1937;-0,57;0;0,0203;0;1;3;0;0
7;HapticsFixedCC;4;31,7778;182,2677;10,8;-1,8157;0,0;0,0;0,0;-0,1947;-0,62;0;0,0203;0;1;3;0;0
7;HapticsFixedCC;4;31,7917;182,0116;10,8;-1,8335;0,0;0,0;0,0;-0,1944;-0,38;0;0,0201;0;1;3;0;0
7;HapticsFixedCC;4;31,8056;181,9699;10,8;-1,8446;0,0;0,0;0,0;-0,1953;-0,38;0;0,0201;0;1;3;0;0
7;HapticsFixedCC;4;31,8194;181,9283;10,8;-1,8561;0,0;0,0;0,0;-0,1961;-0,38;0;0,0201;0;1;3;0;0
7;HapticsFixedCC;4;31,8333;181,8866;10,8;-1,8756;0,0;0,0;0,0;-0,197;-0,39;0;0,02;0;1;3;0;0
7;HapticsFixedCC;4;31,8472;181,8449;10,8;-1,8911;0,0;0,0;0,0;-0,198;-0,39;0;0,02;0;1;3;0;0
7;HapticsFixedCC;4;31,8611;181,8115;10,8;-1,9102;0,0;0,0;0,0;-0,1989;-0,41;0;0,02;0;1;3;0;0
7;HapticsFixedCC;4;31,875;181,8115;10,8;-1,9262;0,0;0,0;0,0;-0,1998;-0,46;0;0,02;0;1;3;0;0
7;HapticsFixedCC;4;31,8889;181,8115;10,8;-1,9362;0,0;0,0;0,0;-0,2006;-0,52;0;0,02;0;1;3;0;0
7;HapticsFixedCC;4;31,9028;181,8115;10,8;-1,9423;0,0;0,0;0,0;-0,2016;-0,57;0;0,02;0;1;3;0;0
7;HapticsFixedCC;4;31,9167;181,8115;10,8;-1,9502;0,0;0,0;0,0;-0,2025;-0,62;0;0,02;0;1;3;0;0
7;HapticsFixedCC;4;31,9306;181,8115;10,8;-1,9589;0,0;0,0;0,0;-0,2035;-0,68;0;0,02;0;1;3;0;0
7;HapticsFixedCC;4;31,9444;181,5515;10,8;-1,9735;0,0;0,0;0,0;-0,2034;-0,44;0;0,0198;0;1;3;0;0
7;HapticsFixedCC;4;31,9583;181,5098;10,8;-1,9987;0,0;0,0;0,0;-0,2043;-0,45;0;0,0198;0;1;3;0;0
7;HapticsFixedCC;4;31,9722;181,4682;10,8;-2,0203;0,0;0,0;0,0;-0,2053;-0,46;0;0,0198;0;1;3;0;0
7;HapticsFixedCC;4;31,9861;181,4265;10,8;-2,0447;0,0;0,0;0,0;-0,2063;-0,47;0;0,0197;0;1;3;0;0
7;HapticsFixedCC;4;32,0;181,3849;10,8;-2,0649;0,0;0,0;0,0;-0,2073;-0,48;0;0,0197;0;1;3;0;0
7;HapticsFixedCC;4;32,0139;181,3563;10,8;-2,0794;0,0;0,0;0,0;-0,2083;-0,5;0;0,0197;0;1;3;0;0
7;HapticsFixedCC;4;32,0278;181,3563;10,8;-2,0912;0,0;0,0;0,0;-0,2093;-0,56;0;0,0197;0;1;3;0;0
7;HapticsFixedCC;4;32,0417;181,3563;10,8;-2,0957;0,0;0,0;0,0;-0,2103;-0,62;0;0,0197;0;1;3;0;0
7;HapticsFixedCC;4;32,0556;181,3563;10,8;-2,0931;0,0;0,0;0,0;-0,2113;-0,68;0;0,0197;0;1;3;0;0
7;HapticsFixedCC;4;32,0694;181,3563;10,8;-2,0836;0,0;0,0;0,0;-0,2124;-0,74;0;0,0197;0;1;3;0;0
7;HapticsFixedCC;4;32,0833;181,3563;10,8;-2,0755;0,0;0,0;0,0;-0,2135;-0,8;0;0,0197;0;1;8;0;0
7;HapticsFixedCC;4;32,0972;181,0914;10,8;-2,0691;0,0;0,0;0,0;-0,2135;-0,56;0;0,0195;0;1;8;0;0
7;HapticsFixedCC;4;32,1111;181,0497;10,8;-2,0667;0,0;0,0;0,0;-0,2145;-0,57;0;0,0195;0;1;8;0;0
7;HapticsFixedCC;4;32,125;181,0081;10,8;-2,0699;0,0;0,0;0,0;-0,2156;-0,58;0;0,0195;0;1;8;0;0
7;HapticsFixedCC;4;32,1389;180,9664;10,8;-2,0805;0,0;0,0;0,0;-0,2167;-0,59;0;0,0195;0;1;8;0;0
7;HapticsFixedCC;4;32,1528;180,9247;10,8;-2,1007;0,0;0,0;0,0;-0,2179;-0,6;0;0,0194;0;1;8;0;0
7;HapticsFixedCC;4;32,1667;180,9003;10,8;-2,1216;0,0;0,0;0,0;-0,219;-0,64;0;0,0194;0;1;8;0;0
7;HapticsFixedCC;4;32,1806;180,9003;10,8;-2,1341;0,0;0,0;0,0;-0,22;-0,7;0;0,0194;0;1;8;0;0
7;HapticsFixedCC;4;32,1944;180,9003;10,8;-2,1404;0,0;0,0;0,0;-0,2211;-0,76;0;0,0194;0;1;8;0;0
7;HapticsFixedCC;4;32,2083;180,9003;10,8;-2,1297;0,0;0,0;0,0;-0,2223;-0,82;0;0,0194;0;1;8;0;0
7;HapticsFixedCC;4;32,2222;180,9003;10,8;-2,1116;0,0;0,0;0,0;-0,2235;-0,87;0;0,0194;0;1;8;0;0
7;HapticsFixedCC;4;32,2361;180,9003;10,8;-2,057;0,0;0,0;0,0;-0,2247;-0,93;0;0,0194;0;1;8;0;0
7;HapticsFixedCC;4;32,25;180,6312;10,8;-1,9602;0,0;0,0;0,0;-0,2247;-0,69;0;0,0193;0;1;8;0;0
7;HapticsFixedCC;4;32,2639;180,5895;10,8;-1,8509;0,0;0,0;0,0;-0,2258;-0,7;0;0,0192;0;1;8;0;0
7;HapticsFixedCC;4;32,2778;180,5479;10,8;-1,7646;0,0;0,0;0,0;-0,2269;-0,7;0;0,0192;0;1;8;0;0
7;HapticsFixedCC;4;32,2917;180,5062;10,8;-1,6684;0,0;0,0;0,0;-0,2279;-0,7;0;0,0192;0;1;8;0;0
7;HapticsFixedCC;4;32,3056;180,4646;10,8;-1,5889;0,0;0,0;0,0;-0,229;-0,7;0;0,0192;0;1;8;0;0
7;HapticsFixedCC;4;32,3194;180,4449;10,8;-1,36;0,0;0,0;0,0;-0,23;-0,71;0;0,0192;0;1;8;0;0
7;HapticsFixedCC;4;32,3333;180,4449;10,8;-1,2223;0,0;0,0;0,0;-0,2308;-0,75;0;0,0192;0;1;8;0;0
7;HapticsFixedCC;4;32,3472;180,4449;10,8;-1,1031;0,0;0,0;0,0;-0,2317;-0,78;0;0,0192;0;1;8;0;0
7;HapticsFixedCC;4;32,3611;180,4449;10,8;-1,0374;0,0;0,0;0,0;-0,2325;-0,81;0;0,0192;0;1;8;0;0
7;HapticsFixedCC;4;32,375;180,4449;10,8;-0,9443;0,0;0,0;0,0;-0,2333;-0,83;0;0,0192;0;1;8;0;0
7;HapticsFixedCC;4;32,3889;180,2126;11,0;-0,8076;0,0;0,0;0,0;-0,2331;-0,6;0;0,019;0;1;8;0;0
7;HapticsFixedCC;4;32,4028;180,1702;11,0;-0,7108;0,0;0,0;0,0;-0,2338;-0,57;0;0,019;0;1;8;0;0
7;HapticsFixedCC;4;32,4167;180,1277;11,0;-0,6341;0,0;0,0;0,0;-0,2344;-0,55;0;0,019;0;1;8;0;0
7;HapticsFixedCC;4;32,4306;180,0853;11,0;-0,558;0,0;0,0;0,0;-0,235;-0,51;0;0,019;0;1;8;0;0
7;HapticsFixedCC;4;32,4444;180,0429;11,0;-0,4927;0,0;0,0;0,0;-0,2356;-0,48;0;0,0189;0;1;8;0;0
7;HapticsFixedCC;4;32,4583;180,0004;11,0;-0,4164;0,0;0,0;0,0;-0,2362;-0,45;0;0,0189;0;1;8;0;0
7;HapticsFixedCC;4;32,4722;179,9891;11,0;-0,3548;0,0;0,0;0,0;-0,2367;-0,44;0;0,0189;0;1;8;0;0
7;HapticsFixedCC;4;32,4861;179,9891;11,0;-0,2828;0,0;0,0;0,0;-0,2371;-0,45;0;0,0189;0;1;8;0;0
7;HapticsFixedCC;4;32,5;179,9891;11,0;-0,225;0,0;0,0;0,0;-0,2374;-0,46;0;0,0189;0;1;8;0;0
7;HapticsFixedCC;4;32,5139;179,9891;11,0;-0,1664;0,0;0,0;0,0;-0,2378;-0,46;0;0,0189;0;1;8;0;0
7;HapticsFixedCC;4;32,5278;179,9891;11,0;-0,1343;0,0;0,0;0,0;-0,2382;-0,47;0;0,0189;0;1;8;0;0
7;HapticsFixedCC;4;32,5417;179,7438;11,0;-0,0835;0,0;0,0;0,0;-0,2375;-0,2;0;0,0188;0;1;8;0;0
7;HapticsFixedCC;4;32,5556;179,7013;11,0;-0,0449;0,0;0,0;0,0;-0,2377;-0,16;0;0,0188;0;1;8;0;0
7;HapticsFixedCC;4;32,5694;179,6589;11,0;0,0095;0,0;0,0;0,0;-0,2378;-0,11;0;0,0187;0;1;8;0;0
7;HapticsFixedCC;4;32,5833;179,6165;11,0;0,0641;0,0;0,0;0,0;-0,238;-0,06;0;0,0187;0;1;8;0;0
7;HapticsFixedCC;4;32,5972;179,574;11,0;0,1121;0,0;0,0;0,0;-0,2381;-0,02;0;0,0187;0;1;8;0;0
7;HapticsFixedCC;4;32,6111;179,5334;11,0;0,1622;0,0;0,0;0,0;-0,2382;0,03;0;0,0187;0;1;8;0;0
7;HapticsFixedCC;4;32,625;179,5334;11,0;0,2039;0,0;0,0;0,0;-0,2381;0,04;0;0,0187;0;1;8;0;0
7;HapticsFixedCC;4;32,6389;179,5334;10,9;0,2298;0,0;0,0;0,0;-0,238;0,04;0;0,0187;0;1;8;0;0
7;HapticsFixedCC;4;32,6528;179,5334;10,9;0,2447;0,0;0,0;0,0;-0,2379;0,05;0;0,0187;0;1;8;0;0
7;HapticsFixedCC;4;32,6667;179,5334;10,9;0,2657;0,0;0,0;0,0;-0,2378;0,06;0;0,0187;0;1;8;0;0
7;HapticsFixedCC;4;32,6806;179,5334;10,9;0,2851;0,0;0,0;0,0;-0,2377;0,07;0;0,0187;0;1;8;0;0
7;HapticsFixedCC;4;32,6944;179,2765;10,9;0,2925;0,0;0,0;0,0;-0,2365;0,35;0;0,0186;0;1;8;0;0
7;HapticsFixedCC;4;32,7083;179,2344;10,9;0,2996;0,0;0,0;0,0;-0,2361;0,41;0;0,0185;0;1;8;0;0
7;HapticsFixedCC;4;32,7222;179,1924;10,9;0,2961;0,0;0,0;0,0;-0,2358;0,46;0;0,0185;0;1;8;0;0
7;HapticsFixedCC;4;32,7361;179,1503;10,9;0,2763;0,0;0,0;0,0;-0,2355;0,51;0;0,0185;0;1;8;0;0
7;HapticsFixedCC;4;32,75;179,1083;10,9;0,2395;0,0;0,0;0,0;-0,2352;0,57;0;0,0185;0;1;8;0;0
7;HapticsFixedCC;4;32,7639;179,0778;10,9;0,1872;0,0;0,0;0,0;-0,2348;0,6;0;0,0185;0;1;8;0;0
7;HapticsFixedCC;4;32,7778;179,0778;10,9;0,1131;0,0;0,0;0,0;-0,2343;0,61;0;0,0185;0;1;8;0;0
7;HapticsFixedCC;4;32,7917;179,0778;10,9;0,0431;0,0;0,0;0,0;-0,2339;0,61;0;0,0185;0;1;8;0;0
7;HapticsFixedCC;4;32,8056;179,0778;10,9;-0,0053;0,0;0,0;0,0;-0,2335;0,61;0;0,0185;0;1;8;0;0
7;HapticsFixedCC;4;32,8194;179,0778;10,9;-0,0752;0,0;0,0;0,0;-0,233;0,61;0;0,0185;0;1;8;0;0
7;HapticsFixedCC;4;32,8333;179,0778;10,9;-0,1592;0,0;0,0;0,0;-0,2326;0,6;0;0,0185;0;1;8;0;0
7;HapticsFixedCC;4;32,8472;178,812;10,9;-0,2555;0,0;0,0;0,0;-0,2312;0,87;0;0,0184;0;1;8;0;0
7;HapticsFixedCC;4;32,8611;178,7699;10,9;-0,3649;0,0;0,0;0,0;-0,2307;0,91;0;0,0183;0;1;8;0;0
7;HapticsFixedCC;4;32,875;178,7279;10,9;-0,4724;0,0;0,0;0,0;-0,2302;0,94;0;0,0183;0;1;8;0;0
7;HapticsFixedCC;4;32,8889;178,6858;10,9;-0,5673;0,0;0,0;0,0;-0,2298;0,97;0;0,0183;0;1;8;0;0
7;HapticsFixedCC;4;32,9028;178,6438;10,9;-0,7039;0,0;0,0;0,0;-0,2294;1,0;0;0,0183;0;1;8;0;0
7;HapticsFixedCC;4;32,9167;178,622;10,9;-0,8075;0,0;0,0;0,0;-0,229;1,0;0;0,0183;0;1;8;0;0
7;HapticsFixedCC;4;32,9306;178,622;10,9;-0,8566;0,0;0,0;0,0;-0,2285;0,97;0;0,0183;0;1;8;0;0
7;HapticsFixedCC;4;32,9444;178,622;10,9;-0,8999;0,0;0,0;0,0;-0,2281;0,95;0;0,0183;0;1;8;0;0
7;HapticsFixedCC;4;32,9583;178,622;10,9;-0,9353;0,0;0,0;0,0;-0,2277;0,92;0;0,0183;0;1;8;0;0
7;HapticsFixedCC;4;32,9722;178,622;10,9;-0,9816;0,0;0,0;0,0;-0,2273;0,9;0;0,0183;0;1;8;0;0
7;HapticsFixedCC;4;32,9861;178,3896;10,9;-1,0208;0,0;0,0;0,0;-0,226;1,11;0;0,0182;0;1;8;0;0
7;HapticsFixedCC;4;33,0;178,3475;10,9;-1,0571;0,0;0,0;0,0;-0,2255;1,12;0;0,0181;0;1;8;0;0
7;HapticsFixedCC;4;33,0139;178,3055;10,9;-1,0776;0,0;0,0;0,0;-0,225;1,14;0;0,0181;0;1;8;0;0
7;HapticsFixedCC;4;33,0278;178,2634;10,9;-1,1053;0,0;0,0;0,0;-0,2245;1,15;0;0,0181;0;1;8;0;0
7;HapticsFixedCC;4;33,0417;178,2214;10,9;-1,1311;0,0;0,0;0,0;-0,2241;1,16;0;0,0181;0;1;8;0;0
7;HapticsFixedCC;4;33,0556;178,1793;10,9;-1,1611;0,0;0,0;0,0;-0,2237;1,17;0;0,0181;0;1;8;0;0
7;HapticsFixedCC;4;33,0694;178,1665;10,9;-1,1893;0,0;0,0;0,0;-0,2233;1,15;0;0,0181;0;1;8;0;0
7;HapticsFixedCC;4;33,0833;178,1665;10,9;-1,1979;0,0;0,0;0,0;-0,2228;1,12;0;0,0181;0;1;5;0;0
7;HapticsFixedCC;4;33,0972;178,1665;10,9;-1,2023;0,0;0,0;0,0;-0,2223;1,09;0;0,0181;0;1;5;0;0
7;HapticsFixedCC;4;33,1111;178,1665;10,9;-1,1967;0,0;0,0;0,0;-0,2218;1,05;0;0,0181;0;1;5;0;0
7;HapticsFixedCC;4;33,125;178,1665;10,9;-1,188;0,0;0,0;0,0;-0,2214;1,02;0;0,0181;0;1;5;0;0
7;HapticsFixedCC;4;33,1389;177,9252;10,9;-1,1746;0,0;0,0;0,0;-0,22;1,24;0;0,018;0;1;5;0;0
7;HapticsFixedCC;4;33,1528;177,8831;10,9;-1,1659;0,0;0,0;0,0;-0,2195;1,25;0;0,018;0;1;5;0;0
7;HapticsFixedCC;4;33,1667;177,8411;10,9;-1,155;0,0;0,0;0,0;-0,2189;1,26;0;0,0179;0;1;5;0;0
7;HapticsFixedCC;4;33,1806;177,799;10,9;-1,1471;0,0;0,0;0,0;-0,2184;1,27;0;0,0179;0;1;5;0;0
7;HapticsFixedCC;4;33,1944;177,757;10,9;-1,1364;0,0;0,0;0,0;-0,2179;1,28;0;0,0179;0;1;5;0;0
7;HapticsFixedCC;4;33,2083;177,7149;10,9;-1,1212;0,0;0,0;0,0;-0,2175;1,3;0;0,0179;0;1;5;0;0
7;HapticsFixedCC;4;33,2222;177,7106;10,9;-1,108;0,0;0,0;0,0;-0,2169;1,27;0;0,0179;0;1;5;0;0
7;HapticsFixedCC;4;33,2361;177,7106;10,9;-1,092;0,0;0,0;0,0;-0,2163;1,24;0;0,0179;0;1;5;0;0
7;HapticsFixedCC;4;33,25;177,7106;10,9;-1,0836;0,0;0,0;0,0;-0,2157;1,21;0;0,0179;0;1;5;0;0
7;HapticsFixedCC;4;33,2639;177,7106;10,9;-1,0828;0,0;0,0;0,0;-0,2151;1,18;0;0,0179;0;1;5;0;0
7;HapticsFixedCC;4;33,2778;177,7106;10,9;-1,0934;0,0;0,0;0,0;-0,2146;1,15;0;0,0179;0;1;5;0;0
7;HapticsFixedCC;4;33,2917;177,4609;10,9;-1,1203;0,0;0,0;0,0;-0,213;1,37;0;0,0178;0;1;5;0;0
7;HapticsFixedCC;4;33,3056;177,4188;10,9;-1,1843;0,0;0,0;0,0;-0,2124;1,38;0;0,0178;0;1;5;0;0
7;HapticsFixedCC;4;33,3194;177,3768;10,9;-1,2522;0,0;0,0;0,0;-0,2118;1,39;0;0,0178;0;1;5;0;0
7;HapticsFixedCC;4;33,3333;177,3347;10,9;-1,3204;0,0;0,0;0,0;-0,2112;1,4;0;0,0178;0;1;5;0;0
7;HapticsFixedCC;4;33,3472;177,2927;10,9;-1,4028;0,0;0,0;0,0;-0,2107;1,4;0;0,0177;0;1;5;0;0
7;HapticsFixedCC;4;33,3611;177,2551;10,9;-1,4992;0,0;0,0;0,0;-0,2103;1,4;0;0,0177;0;1;5;0;0
7;HapticsFixedCC;4;33,375;177,2551;10,9;-1,643;0,0;0,0;0,0;-0,2097;1,35;0;0,0177;0;1;5;0;0
7;HapticsFixedCC;4;33,3889;177,2551;10,9;-1,8251;0,0;0,0;0,0;-0,2093;1,3;0;0,0177;0;1;5;0;0
7;HapticsFixedCC;4;33,4028;177,2551;10,9;-1,9517;0,0;0,0;0,0;-0,2089;1,25;0;0,0177;0;1;5;0;0
7;HapticsFixedCC;4;33,4167;177,2551;10,9;-2,0844;0,0;0,0;0,0;-0,2086;1,19;0;0,0177;0;1;5;0;0
7;HapticsFixedCC;4;33,4306;177,2551;10,9;-2,1109;0,0;0,0;0,0;-0,2083;1,13;0;0,0177;0;1;5;0;0
7;HapticsFixedCC;4;33,4444;176,9966;10,9;-2,2649;0,0;0,0;0,0;-0,2071;1,33;0;0,0176;0;1;5;0;0
7;HapticsFixedCC;4;33,4583;176,9545;10,9;-2,3453;0,0;0,0;0,0;-0,2069;1,31;0;0,0176;0;1;5;0;0
7;HapticsFixedCC;4;33,4722;176,9125;10,9;-2,4353;0,0;0,0;0,0;-0,2067;1,28;0;0,0176;0;1;5;0;0
7;HapticsFixedCC;4;33,4861;176,8704;10,9;-2,4913;0,0;0,0;0,0;-0,2065;1,26;0;0,0176;0;1;5;0;0
7;HapticsFixedCC;4;33,5;176,8284;10,9;-2,5025;0,0;0,0;0,0;-0,2065;1,23;0;0,0176;0;1;5;0;0
7;HapticsFixedCC;4;33,5139;176,7993;10,9;-2,6298;0,0;0,0;0,0;-0,2064;1,19;0;0,0176;0;1;5;0;0
7;HapticsFixedCC;4;33,5278;176,7993;10,9;-2,6552;0,0;0,0;0,0;-0,2063;1,11;0;0,0176;0;1;5;0;0
7;HapticsFixedCC;4;33,5417;176,7993;10,9;-2,7567;0,0;0,0;0,0;-0,2063;1,03;0;0,0176;0;1;5;0;0
7;HapticsFixedCC;4;33,5556;176,7993;10,9;-2,8132;0,0;0,0;0,0;-0,2064;0,95;0;0,0176;0;1;5;0;0
7;HapticsFixedCC;4;33,5694;176,7993;10,9;-2,8244;0,0;0,0;0,0;-0,2065;0,87;0;0,0176;0;1;5;0;0
7;HapticsFixedCC;4;33,5833;176,7993;10,9;-2,8208;0,0;0,0;0,0;-0,2067;0,79;0;0,0176;0;1;5;0;0
7;HapticsFixedCC;4;33,5972;176,5323;10,9;-2,8227;0,0;0,0;0,0;-0,2059;0,98;0;0,0175;0;1;5;0;0
7;HapticsFixedCC;4;33,6111;176,4902;10,9;-2,811;0,0;0,0;0,0;-0,2061;0,94;0;0,0175;0;1;5;0;0
7;HapticsFixedCC;4;33,625;176,4482;10,9;-2,7612;0,0;0,0;0,0;-0,2062;0,91;0;0,0175;0;1;5;0;0
7;HapticsFixedCC;4;33,6389;176,4061;10,9;-2,6804;0,0;0,0;0,0;-0,2065;0,87;0;0,0174;0;1;5;0;0
7;HapticsFixedCC;4;33,6528;176,3641;10,6;-2,5932;0,0;0,0;0,0;-0,2067;0,85;0;0,0174;0;1;5;0;0
7;HapticsFixedCC;4;33,6667;176,3438;10,6;-2,5082;0,0;0,0;0,0;-0,2069;0,8;0;0,0174;0;1;5;0;0
7;HapticsFixedCC;4;33,6806;176,3438;10,6;-2,4412;0,0;0,0;0,0;-0,207;0,73;0;0,0174;0;1;5;0;0
7;HapticsFixedCC;4;33,6944;176,3438;10,6;-2,3266;0,0;0,0;0,0;-0,2071;0,67;0;0,0174;0;1;5;0;0
7;HapticsFixedCC;4;33,7083;176,3438;10,6;-2,2146;0,0;0,0;0,0;-0,2073;0,61;0;0,0174;0;1;5;0;0
7;HapticsFixedCC;4;33,7222;176,3438;10,6;-2,0993;0,0;0,0;0,0;-0,2075;0,55;0;0,0174;0;1;5;0;0
7;HapticsFixedCC;4;33,7361;176,3438;10,6;-1,9916;0,0;0,0;0,0;-0,2077;0,49;0;0,0174;0;1;5;0;0
7;HapticsFixedCC;4;33,75;176,0761;10,6;-1,8798;0,0;0,0;0,0;-0,2068;0,71;0;0,0173;0;1;5;0;0
7;HapticsFixedCC;4;33,7639;176,0352;10,6;-1,7554;0,0;0,0;0,0;-0,2068;0,7;0;0,0173;0;1;5;0;0
7;HapticsFixedCC;4;33,7778;175,9943;10,6;-1,6662;0,0;0,0;0,0;-0,2068;0,69;0;0,0173;0;1;5;0;0
7;HapticsFixedCC;4;33,7917;175,9534;10,6;-1,6293;0,0;0,0;0,0;-0,2069;0,69;0;0,0173;0;1;5;0;0
7;HapticsFixedCC;4;33,8056;175,9126;10,6;-1,578;0,0;0,0;0,0;-0,207;0,69;0;0,0173;0;1;5;0;0
7;HapticsFixedCC;4;33,8194;175,888;10,6;-1,5383;0,0;0,0;0,0;-0,207;0,67;0;0,0173;0;1;5;0;0
7;HapticsFixedCC;4;33,8333;175,888;10,6;-1,5027;0,0;0,0;0,0;-0,207;0,63;0;0,0173;0;1;5;0;0
7;HapticsFixedCC;4;33,8472;175,888;10,6;-1,4967;0,0;0,0;0,0;-0,207;0,59;0;0,0173;0;1;5;0;0
7;HapticsFixedCC;4;33,8611;175,888;10,6;-1,4929;0,0;0,0;0,0;-0,207;0,55;0;0,0173;0;1;5;0;0
7;HapticsFixedCC;4;33,875;175,888;10,6;-1,4974;0,0;0,0;0,0;-0,2071;0,5;0;0,0173;0;1;5;0;0
7;HapticsFixedCC;4;33,8889;175,888;10,6;-1,524;0,0;0,0;0,0;-0,2071;0,46;0;0,0173;0;1;5;0;0
7;HapticsFixedCC;4;33,9028;175,6246;10,6;-1,5755;0,0;0,0;0,0;-0,2062;0,68;0;0,0172;0;1;5;0;0
7;HapticsFixedCC;4;33,9167;175,5837;10,6;-1,6436;0,0;0,0;0,0;-0,2062;0,67;0;0,0172;0;1;5;0;0
7;HapticsFixedCC;4;33,9306;175,5428;10,6;-1,771;0,0;0,0;0,0;-0,2063;0,67;0;0,0172;0;1;5;0;0
7;HapticsFixedCC;4;33,9444;175,5019;10,6;-1,891;0,0;0,0;0,0;-0,2065;0,65;0;0,0172;0;1;5;0;0
7;HapticsFixedCC;4;33,9583;175,461;10,6;-1,9991;0,0;0,0;0,0;-0,2067;0,64;0;0,0172;0;1;5;0;0
7;HapticsFixedCC;4;33,9722;175,4324;10,6;-2,1325;0,0;0,0;0,0;-0,2069;0,61;0;0,0172;0;1;5;0;0
7;HapticsFixedCC;4;33,9861;175,4324;10,6;-2,2977;0,0;0,0;0,0;-0,2072;0,55;0;0,0172;0;1;5;0;0
7;HapticsFixedCC;4;34,0;175,4324;10,6;-2,4469;0,0;0,0;0,0;-0,2075;0,48;0;0,0172;0;1;5;0;0
7;HapticsFixedCC;4;34,0139;175,4324;10,6;-2,5186;0,0;0,0;0,0;-0,2079;0,41;0;0,0172;0;1;5;0;0
7;HapticsFixedCC;4;34,0278;175,4324;10,6;-2,5944;0,0;0,0;0,0;-0,2083;0,34;0;0,0172;0;1;5;0;0
7;HapticsFixedCC;4;34,0417;175,4324;10,6;-2,6675;0,0;0,0;0,0;-0,2089;0,26;0;0,0172;0;1;5;0;0
7;HapticsFixedCC;4;34,0556;175,1731;10,6;-2,7011;0,0;0,0;0,0;-0,2084;0,44;0;0,0171;0;1;5;0;0
7;HapticsFixedCC;4;34,0694;175,1322;10,6;-2,7579;0,0;0,0;0,0;-0,2089;0,41;0;0,0171;0;1;5;0;0
7;HapticsFixedCC;4;34,0833;175,0913;10,6;-2,7628;0,0;0,0;0,0;-0,2095;0,37;0;0,0171;0;1;5;0;0
7;HapticsFixedCC;4;34,0972;175,0504;10,6;-2,7845;0,0;0,0;0,0;-0,2101;0,34;0;0,0171;0;1;0;0;0
7;HapticsFixedCC;4;34,1111;175,0095;10,6;-2,7961;0,0;0,0;0,0;-0,2108;0,3;0;0,0171;0;1;0;0;0
7;HapticsFixedCC;4;34,125;174,9767;10,6;-2,8076;0,0;0,0;0,0;-0,2115;0,25;0;0,0171;0;1;0;0;0
7;HapticsFixedCC;4;34,1389;174,9767;10,6;-2,8208;0,0;0,0;0,0;-0,2121;0,18;0;0,0171;0;1;0;0;0
7;HapticsFixedCC;4;34,1528;174,9767;10,6;-2,8271;0,0;0,0;0,0;-0,2128;0,1;0;0,0171;0;1;0;0;0
7;HapticsFixedCC;4;34,1667;174,9767;10,6;-2,831;0,0;0,0;0,0;-0,2136;0,02;0;0,0171;0;1;0;0;0
7;HapticsFixedCC;4;34,1806;174,9767;10,6;-2,8237;0,0;0,0;0,0;-0,2144;-0,06;0;0,0171;0;1;0;0;0
7;HapticsFixedCC;4;34,1944;174,9767;10,6;-2,8222;0,0;0,0;0,0;-0,2152;-0,13;0;0,0171;0;1;0;0;0
7;HapticsFixedCC;4;34,2083;174,7216;10,6;-2,8203;0,0;0,0;0,0;-0,2151;0,03;0;0,017;0;1;0;0;0
7;HapticsFixedCC;4;34,2222;174,6807;10,6;-2,8239;0,0;0,0;0,0;-0,2159;0,0;0;0,017;0;1;0;0;0
7;HapticsFixedCC;4;34,2361;174,6398;10,6;-2,8248;0,0;0,0;0,0;-0,2168;-0,03;0;0,017;0;1;0;0;0
7;HapticsFixedCC;4;34,25;174,5989;10,6;-2,8235;0,0;0,0;0,0;-0,2177;-0,07;0;0,017;0;1;0;0;0
7;HapticsFixedCC;4;34,2639;174,558;10,6;-2,8169;0,0;0,0;0,0;-0,2187;-0,11;0;0,017;0;1;0;0;0
7;HapticsFixedCC;4;34,2778;174,521;10,6;-2,7973;0,0;0,0;0,0;-0,2197;-0,15;0;0,017;0;1;0;0;0
7;HapticsFixedCC;4;34,2917;174,521;10,6;-2,7716;0,0;0,0;0,0;-0,2206;-0,23;0;0,017;0;1;0;0;0
7;HapticsFixedCC;4;34,3056;174,521;10,6;-2,721;0,0;0,0;0,0;-0,2216;-0,31;0;0,017;0;1;0;0;0
7;HapticsFixedCC;4;34,3194;174,521;10,6;-2,6865;0,0;0,0;0,0;-0,2226;-0,38;0;0,017;0;1;0;0;0
7;HapticsFixedCC;4;34,3333;174,521;10,6;-2,6672;0,0;0,0;0,0;-0,2236;-0,45;0;0,017;0;1;0;0;0
7;HapticsFixedCC;4;34,3472;174,521;10,6;-2,6612;0,0;0,0;0,0;-0,2247;-0,53;0;0,017;0;1;0;0;0
7;HapticsFixedCC;4;34,3611;174,2701;10,6;-2,676;0,0;0,0;0,0;-0,2249;-0,36;0;0,0169;0;1;0;0;0
7;HapticsFixedCC;4;34,375;174,2292;10,6;-2,7043;0,0;0,0;0,0;-0,2259;-0,39;0;0,0169;0;1;0;0;0
7;HapticsFixedCC;4;34,3889;174,1883;10,9;-2,7415;0,0;0,0;0,0;-0,2271;-0,43;0;0,0169;0;1;0;0;0
7;HapticsFixedCC;4;34,4028;174,1463;10,9;-2,7754;0,0;0,0;0,0;-0,2282;-0,47;0;0,0169;0;1;0;0;0
7;HapticsFixedCC;4;34,4167;174,1042;10,9;-2,811;0,0;0,0;0,0;-0,2295;-0,5;0;0,0169;0;1;0;0;0
7;HapticsFixedCC;4;34,4306;174,0654;10,9;-2,8413;0,0;0,0;0,0;-0,2308;-0,55;0;0,0169;0;1;0;0;0
7;HapticsFixedCC;4;34,4444;174,0654;10,9;-2,8687;0,0;0,0;0,0;-0,232;-0,63;0;0,0169;0;1;0;0;0
7;HapticsFixedCC;4;34,4583;174,0654;10,9;-2,8831;0,0;0,0;0,0;-0,2332;-0,71;0;0,0169;0;1;0;0;0
7;HapticsFixedCC;4;34,4722;174,0654;10,9;-2,8924;0,0;0,0;0,0;-0,2346;-0,79;0;0,0169;0;1;0;0;0
7;HapticsFixedCC;4;34,4861;174,0654;10,9;-2,8966;0,0;0,0;0,0;-0,2359;-0,87;0;0,0169;0;1;0;0;0
7;HapticsFixedCC;4;34,5;174,0654;10,9;-2,8969;0,0;0,0;0,0;-0,2374;-0,95;0;0,0169;0;1;0;0;0
7;HapticsFixedCC;4;34,5139;173,8082;10,9;-2,8917;0,0;0,0;0,0;-0,2379;-0,78;0;0,0168;0;1;0;0;0
7;HapticsFixedCC;4;34,5278;173,7661;10,9;-2,8843;0,0;0,0;0,0;-0,2393;-0,82;0;0,0168;0;1;0;0;0
7;HapticsFixedCC;4;34,5417;173,7241;10,9;-2,8685;0,0;0,0;0,0;-0,2408;-0,86;0;0,0168;0;1;0;0;0
7;HapticsFixedCC;4;34,5556;173,6821;10,9;-2,85;0,0;0,0;0,0;-0,2423;-0,9;0;0,0168;0;1;0;0;0
7;HapticsFixedCC;4;34,5694;173,64;10,9;-2,8279;0,0;0,0;0,0;-0,2439;-0,94;0;0,0168;0;1;0;0;0
7;HapticsFixedCC;4;34,5833;173,6097;10,9;-2,8119;0,0;0,0;0,0;-0,2454;-0,99;0;0,0168;0;1;0;0;0
7;HapticsFixedCC;4;34,5972;173,6097;10,9;-2,8029;0,0;0,0;0,0;-0,2469;-1,06;0;0,0168;0;1;0;0;0
7;HapticsFixedCC;4;34,6111;173,6097;10,9;-2,7928;0,0;0,0;0,0;-0,2485;-1,14;0;0,0168;0;1;0;0;0
7;HapticsFixedCC;4;34,625;173,6097;10,9;-2,7867;0,0;0,0;0,0;-0,2501;-1,22;0;0,0168;0;1;0;0;0
7;HapticsFixedCC;4;34,6389;173,6097;10,9;-2,7729;1,0;0,0;0,0;-0,2518;-1,3;0;0,0168;0;1;0;0;0
7;HapticsFixedCC;4;34,6528;173,6097;10,9;-2,7454;1,0;0,0;0,0;-0,2535;-1,37;0;0,0168;0;1;0;0;0
7;HapticsFixedCC;4;34,6667;173,3439;10,9;-2,6998;1,0;0,0;0,0;-0,2543;-1,19;0;0,0167;0;1;0;0;0
7;HapticsFixedCC;4;34,6806;173,3019;10,9;-2,6319;1,0;0,0;0,0;-0,2559;-1,23;0;0,0167;0;1;0;0;0
7;HapticsFixedCC;4;34,6944;173,2599;10,9;-2,5084;1,0;0,0;0,0;-0,2576;-1,26;0;0,0167;0;1;0;0;0
7;HapticsFixedCC;4;34,7083;173,2178;10,9;-2,3982;1,0;0,0;0,0;-0,2592;-1,28;0;0,0167;0;1;0;0;0
7;HapticsFixedCC;4;34,7222;173,1758;10,9;-2,2522;1,0;0,0;0,0;-0,2609;-1,31;0;0,0167;0;1;0;0;0
7;HapticsFixedCC;4;34,7361;173,154;10,9;-2,0941;1,0;0,0;0,0;-0,2625;-1,34;0;0,0167;0;1;0;0;0
7;HapticsFixedCC;4;34,75;173,154;10,9;-1,9868;1,0;0,0;0,0;-0,2641;-1,4;0;0,0167;0;1;0;0;0
7;HapticsFixedCC;4;34,7639;173,154;10,9;-1,839;1,0;0,0;0,0;-0,2656;-1,45;0;0,0167;0;1;0;0;0
7;HapticsFixedCC;4;34,7778;173,154;10,9;-1,6999;1,0;0,0;0,0;-0,2671;-1,5;0;0,0167;0;1;0;0;0
7;HapticsFixedCC;4;34,7917;173,154;10,9;-1,5527;1,0;0,0;0,0;-0,2687;-1,54;0;0,0167;0;1;0;0;0
7;HapticsFixedCC;4;34,8056;172,9216;10,9;-1,4282;1,0;0,0;0,0;-0,2693;-1,36;0;0,0167;0;1;0;0;0
7;HapticsFixedCC;4;34,8194;172,8796;10,9;-1,2979;1,0;0,0;0,0;-0,2706;-1,35;0;0,0167;0;1;0;0;0
7;HapticsFixedCC;4;34,8333;172,8376;10,9;-1,081;1,0;0,0;0,0;-0,2719;-1,34;0;0,0167;0;1;0;0;0
7;HapticsFixedCC;4;34,8472;172,7955;10,9;-0,9427;1,0;0,0;0,0;-0,2732;-1,33;0;0,0167;0;1;0;0;0
7;HapticsFixedCC;4;34,8611;172,7535;10,9;-0,841;1,0;0,0;0,0;-0,2745;-1,31;0;0,0167;0;1;0;0;0
7;HapticsFixedCC;4;34,875;172,7115;10,9;-0,6951;1,0;0,0;0,0;-0,2758;-1,29;0;0,0167;0;1;0;0;0
7;HapticsFixedCC;4;34,8889;172,6984;10,9;-0,5347;1,0;0,0;0,0;-0,2769;-1,29;0;0,0167;0;1;0;0;0
7;HapticsFixedCC;4;34,9028;172,6984;10,9;-0,3182;1,0;0,0;0,0;-0,2779;-1,3;0;0,0167;0;1;0;0;0
7;HapticsFixedCC;4;34,9167;172,6984;10,9;-0,1662;1,0;0,0;0,0;-0,2789;-1,3;0;0,0167;0;1;0;0;0
7;HapticsFixedCC;4;34,9306;172,6984;10,9;-0,1009;1,0;0,0;0,0;-0,2799;-1,3;0;0,0167;0;1;0;0;0
7;HapticsFixedCC;4;34,9444;172,6984;10,9;0,0729;1,0;0,0;0,0;-0,2808;-1,3;0;0,0167;0;1;0;0;0
7;HapticsFixedCC;4;34,9583;172,4571;10,9;0,2657;1,0;0,0;0,0;-0,2807;-1,06;0;0,0166;0;1;0;0;0
7;HapticsFixedCC;4;34,9722;172,4151;10,9;0,3626;1,0;0,0;0,0;-0,2814;-1,01;0;0,0166;0;1;0;0;0
7;HapticsFixedCC;4;34,9861;172,373;10,9;0,3685;1,0;0,0;0,0;-0,282;-0,96;0;0,0166;0;1;0;0;0
7;HapticsFixedCC;4;35,0;172,331;10,9;0,4123;1,0;0,0;0,0;-0,2827;-0,91;0;0,0166;0;1;0;0;0
7;HapticsFixedCC;4;35,0139;172,2889;10,9;0,4422;1,0;0,0;0,0;-0,2833;-0,86;0;0,0166;0;1;0;0;0
7;HapticsFixedCC;4;35,0278;172,2469;10,9;0,4416;1,0;0,0;0,0;-0,2839;-0,8;0;0,0166;0;1;0;0;0
7;HapticsFixedCC;4;35,0417;172,2426;10,9;0,4294;1,0;0,0;0,0;-0,2843;-0,79;0;0,0166;0;1;0;0;0
7;HapticsFixedCC;4;35,0556;172,2426;10,9;0,3828;1,0;0,0;0,0;-0,2848;-0,78;0;0,0166;0;1;0;0;0
7;HapticsFixedCC;4;35,0694;172,2426;10,9;0,3762;1,0;0,0;0,0;-0,2852;-0,76;0;0,0166;0;1;0;0;0
7;HapticsFixedCC;4;35,0833;172,2426;10,9;0,3502;1,0;0,0;0,0;-0,2857;-0,75;0;0,0166;0;1;0;0;0
7;HapticsFixedCC;4;35,0972;172,2426;10,9;0,3433;1,0;0,0;0,0;-0,2861;-0,74;0;0,0166;0;1;6;0;0
7;HapticsFixedCC;4;35,1111;171,9924;10,9;0,3333;1,0;0,0;0,0;-0,2856;-0,5;0;0,0166;0;1;6;0;0
7;HapticsFixedCC;4;35,125;171,9503;10,9;0,2485;1,0;0,0;0,0;-0,2859;-0,45;0;0,0166;0;1;6;0;0
7;HapticsFixedCC;4;35,1389;171,9083;10,9;0,253;1,0;0,0;0,0;-0,2861;-0,4;0;0,0166;0;1;6;0;0
7;HapticsFixedCC;4;35,1528;171,8662;10,0;0,2019;1,0;0,0;0,0;-0,2864;-0,35;0;0,0166;0;1;6;0;0
7;HapticsFixedCC;4;35,1667;171,8277;10,0;0,1331;1,0;0,0;0,0;-0,2867;-0,31;0;0,0166;0;1;6;0;0
7;HapticsFixedCC;4;35,1806;171,7891;10,0;0,0987;1,0;0,0;0,0;-0,287;-0,27;0;0,0166;0;1;6;0;0
7;HapticsFixedCC;4;35,1944;171,7871;10,0;0,0659;1,0;0,0;0,0;-0,2872;-0,27;0;0,0166;0;1;6;0;0
7;HapticsFixedCC;4;35,2083;171,7871;10,0;0,0621;1,0;0,0;0,0;-0,2873;-0,27;0;0,0166;0;1;6;0;0
7;HapticsFixedCC;4;35,2222;171,7871;10,0;0,0354;1,0;0,0;0,0;-0,2875;-0,27;0;0,0166;0;1;6;0;0
7;HapticsFixedCC;4;35,2361;171,7871;10,0;0,0327;1,0;0,0;0,0;-0,2876;-0,26;0;0,0166;0;1;6;0;0
7;HapticsFixedCC;4;35,25;171,7871;10,0;-0,0128;1,0;0,0;0,0;-0,2878;-0,26;0;0,0166;0;1;6;0;0
7;HapticsFixedCC;4;35,2639;171,5554;10,0;-0,0138;1,0;0,0;0,0;-0,2871;-0,04;0;0,0166;0;1;6;0;0
7;HapticsFixedCC;4;35,2778;171,5168;10,0;-0,014;1,0;0,0;0,0;-0,2871;0,0;0;0,0166;0;1;6;0;0
7;HapticsFixedCC;4;35,2917;171,4783;10,0;-0,0451;1,0;0,0;0,0;-0,2872;0,02;0;0,0166;0;1;6;0;0
7;HapticsFixedCC;4;35,3056;171,4397;10,0;-0,0996;1,0;0,0;0,0;-0,2872;0,06;0;0,0166;0;1;6;0;0
7;HapticsFixedCC;4;35,3194;171,4011;10,0;-0,0987;1,0;0,0;0,0;-0,2873;0,09;0;0,0166;0;1;6;0;0
7;HapticsFixedCC;4;35,3333;171,3625;10,0;-0,1675;1,0;0,0;0,0;-0,2873;0,13;0;0,0165;0;1;6;0;0
7;HapticsFixedCC;4;35,3472;171,3312;10,0;-0,1803;1,0;0,0;0,0;-0,2874;0,15;0;0,0165;0;1;6;0;0
7;HapticsFixedCC;4;35,3611;171,3312;10,0;-0,2286;1,0;0,0;0,0;-0,2873;0,15;0;0,0165;0;1;6;0;0
7;HapticsFixedCC;4;35,375;171,3312;10,0;-0,2944;1,0;0,0;0,0;-0,2873;0,14;0;0,0165;0;1;6;0;0
7;HapticsFixedCC;4;35,3889;171,3312;10,0;-0,3075;1,0;0,0;0,0;-0,2873;0,13;0;0,0165;0;1;6;0;0
7;HapticsFixedCC;4;35,4028;171,3312;10,0;-0,3101;1,0;0,0;0,0;-0,2872;0,13;0;0,0165;0;1;6;0;0
7;HapticsFixedCC;4;35,4167;171,3312;10,0;-0,3106;1,0;0,0;0,0;-0,2872;0,12;0;0,0165;0;1;6;0;0
7;HapticsFixedCC;4;35,4306;171,0903;10,0;-0,3108;1,0;0,0;0,0;-0,2863;0,34;0;0,0165;0;1;6;0;0
7;HapticsFixedCC;4;35,4444;171,0517;10,0;-0,3108;1,0;0,0;0,0;-0,2861;0,37;0;0,0165;0;1;6;0;0
7;HapticsFixedCC;4;35,4583;171,0132;10,0;-0,3108;1,0;0,0;0,0;-0,286;0,4;0;0,0165;0;1;6;0;0
7;HapticsFixedCC;4;35,4722;170,9746;10,0;-0,3383;1,0;0,0;0,0;-0,2858;0,42;0;0,0165;0;1;6;0;0
7;HapticsFixedCC;4;35,4861;170,936;10,0;-0,3438;1,0;0,0;0,0;-0,2857;0,45;0;0,0165;0;1;6;0;0
7;HapticsFixedCC;4;35,5;170,8974;10,0;-0,3449;1,0;0,0;0,0;-0,2856;0,48;0;0,0165;0;1;6;0;0
7;HapticsFixedCC;4;35,5139;170,8757;10,0;-0,3452;1,0;0,0;0,0;-0,2854;0,49;0;0,0165;0;1;6;0;0
7;HapticsFixedCC;4;35,5278;170,8757;10,0;-0,2787;1,0;0,0;0,0;-0,2852;0,48;0;0,0165;0;1;6;0;0
7;HapticsFixedCC;4;35,5417;170,8757;10,0;-0,2657;1,0;0,0;0,0;-0,2849;0,48;0;0,0165;0;1;6;0;0
7;HapticsFixedCC;4;35,5556;170,8757;10,0;-0,1972;1,0;0,0;0,0;-0,2847;0,47;0;0,0165;0;1;6;0;0
7;HapticsFixedCC;4;35,5694;170,8757;10,0;-0,1503;1,0;0,0;0,0;-0,2844;0,47;0;0,0165;0;1;6;0;0
7;HapticsFixedCC;4;35,5833;170,8757;10,0;-0,144;1,0;0,0;0,0;-0,2841;0,47;0;0,0165;0;1;6;0;0
7;HapticsFixedCC;4;35,5972;170,6252;10,0;-0,1209;1,0;0,0;0,0;-0,2829;0,7;0;0,0165;0;1;6;0;0
7;HapticsFixedCC;4;35,6111;170,5866;10,0;-0,0682;1,0;0,0;0,0;-0,2825;0,74;0;0,0165;0;1;6;0;0
7;HapticsFixedCC;4;35,625;170,548;10,0;-0,0577;1,0;0,0;0,0;-0,2821;0,77;0;0,0165;0;1;6;0;0
7;HapticsFixedCC;4;35,6389;170,5095;10,0;-0,0306;1,0;0,0;0,0;-0,2816;0,81;0;0,0165;0;1;6;0;0
7;HapticsFixedCC;4;35,6528;170,4709;9,5;-0,0252;1,0;0,0;0,0;-0,2812;0,85;0;0,0165;0;1;6;0;0
7;HapticsFixedCC;4;35,6667;170,4342;9,5;0,0112;1,0;0,0;0,0;-0,2808;0,88;0;0,0165;0;1;6;0;0
7;HapticsFixedCC;4;35,6806;170,4199;9,5;0,0005;1,0;0,0;0,0;-0,2803;0,9;0;0,0165;0;1;6;0;0
7;HapticsFixedCC;4;35,6944;170,4199;9,5;-0,015;1,0;0,0;0,0;-0,2797;0,9;0;0,0165;0;1;6;0;0
7;HapticsFixedCC;4;35,7083;170,4199;9,5;-0,0353;1,0;0,0;0,0;-0,2792;0,9;0;0,0165;0;1;6;0;0
7;HapticsFixedCC;4;35,7222;170,4199;9,5;-0,0709;1,0;0,0;0,0;-0,2786;0,89;0;0,0165;0;1;6;0;0
7;HapticsFixedCC;4;35,7361;170,4199;9,5;-0,1104;1,0;0,0;0,0;-0,2781;0,89;0;0,0165;0;1;6;0;0
7;HapticsFixedCC;4;35,75;170,4199;9,5;-0,1622;1,0;0,0;0,0;-0,2776;0,89;0;0,0165;0;1;6;0;0
7;HapticsFixedCC;4;35,7639;170,1756;9,5;-0,1961;1,0;0,0;0,0;-0,2761;1,12;0;0,0165;0;1;6;0;0
7;HapticsFixedCC;4;35,7778;170,139;9,5;-0,2537;1,0;0,0;0,0;-0,2755;1,15;0;0,0165;0;1;6;0;0
7;HapticsFixedCC;4;35,7917;170,1023;9,5;-0,3288;1,0;0,0;0,0;-0,2749;1,17;0;0,0165;0;1;6;0;0
7;HapticsFixedCC;4;35,8056;170,0657;9,5;-0,3293;1,0;0,0;0,0;-0,2743;1,2;0;0,0165;0;1;6;0;0
7;HapticsFixedCC;4;35,8194;170,029;9,5;-0,4806;1,0;0,0;0,0;-0,2737;1,22;0;0,0165;0;1;6;0;0
7;HapticsFixedCC;4;35,8333;169,9924;9,5;-0,5109;1,0;0,0;0,0;-0,2732;1,25;0;0,0165;0;1;6;0;0
7;HapticsFixedCC;4;35,8472;169,9642;9,5;-0,6866;1,0;0,0;0,0;-0,2727;1,26;0;0,0165;0;1;6;0;0
7;HapticsFixedCC;4;35,8611;169,9642;9,5;-0,9361;1,0;0,0;0,0;-0,2721;1,23;0;0,0165;0;1;6;0;0
7;HapticsFixedCC;4;35,875;169,9642;9,5;-1,1581;1,0;0,0;0,0;-0,2716;1,21;0;0,0165;0;1;6;0;0
7;HapticsFixedCC;4;35,8889;169,9642;9,5;-1,2816;1,0;0,0;0,0;-0,2712;1,17;0;0,0165;0;1;6;0;0
7;HapticsFixedCC;4;35,9028;169,9642;9,5;-1,4723;1,0;0,0;0,0;-0,2708;1,14;0;0,0165;0;1;6;0;0
7;HapticsFixedCC;4;35,9167;169,9642;9,5;-1,7565;1,0;0,0;0,0;-0,2705;1,1;0;0,0165;0;1;6;0;0
7;HapticsFixedCC;4;35,9306;169,7338;9,5;-1,8417;1,0;0,0;0,0;-0,2694;1,27;0;0,0165;0;1;6;0;0
7;HapticsFixedCC;4;35,9444;169,6972;9,5;-2,0269;1,0;0,0;0,0;-0,2691;1,25;0;0,0165;0;1;6;0;0
7;HapticsFixedCC;4;35,9583;169,6605;9,5;-2,2308;1,0;0,0;0,0;-0,2689;1,24;0;0,0165;0;1;6;0;0
7;HapticsFixedCC;4;35,9722;169,6238;9,5;-2,3752;1,0;0,0;0,0;-0,2688;1,21;0;0,0165;0;1;6;0;0
7;HapticsFixedCC;4;35,9861;169,5872;9,5;-2,4192;1,0;0,0;0,0;-0,2687;1,19;0;0,0165;0;1;6;0;0
7;HapticsFixedCC;4;36,0;169,5505;9,5;-2,5846;1,0;0,0;0,0;-0,2687;1,16;0;0,0165;0;1;6;0;0
7;HapticsFixedCC;4;36,0139;169,5139;9,5;-2,6573;1,0;0,0;0,0;-0,2687;1,13;0;0,0165;0;1;6;0;0
7;HapticsFixedCC;4;36,0278;169,5086;9,5;-2,6684;1,0;0,0;0,0;-0,2687;1,07;0;0,0165;0;1;6;0;0
7;HapticsFixedCC;4;36,0417;169,5086;9,5;-2,7193;1,0;0,0;0,0;-0,2687;1,0;0;0,0165;0;1;6;0;0
7;HapticsFixedCC;4;36,0556;169,5086;9,5;-2,7232;1,0;0,0;0,0;-0,2687;0,94;0;0,0165;0;1;6;0;0
7;HapticsFixedCC;4;36,0694;169,5086;9,5;-2,71;1,0;0,0;0,0;-0,2688;0,87;0;0,0165;0;1;6;0;0
7;HapticsFixedCC;4;36,0833;169,5086;9,5;-2,6781;1,0;0,0;0,0;-0,2689;0,81;0;0,0165;0;1;6;0;0
7;HapticsFixedCC;4;36,0972;169,5086;9,5;-2,6687;1,0;0,0;0,0;-0,2691;0,74;0;0,0165;0;1;0;1;0
7;HapticsFixedCC;4;36,1111;169,2552;9,5;-2,6263;1,0;0,0;0,0;-0,2683;0,92;0;0,0166;0;1;0;1;0
7;HapticsFixedCC;4;36,125;169,2186;9,5;-2,5844;1,0;0,0;0,0;-0,2684;0,89;0;0,0166;0;1;0;1;0
7;HapticsFixedCC;4;36,1389;169,1819;9,5;-2,5522;1,0;0,0;0,0;-0,2685;0,86;0;0,0166;0;1;0;1;0
7;HapticsFixedCC;4;36,1528;169,1453;8,9;-2,4818;1,0;0,0;0,0;-0,2686;0,84;0;0,0166;0;1;0;1;0
7;HapticsFixedCC;4;36,1667;169,1109;8,9;-2,4229;1,0;0,0;0,0;-0,2688;0,82;0;0,0166;0;1;0;1;0
7;HapticsFixedCC;4;36,1806;169,0766;8,9;-2,4111;1,0;0,0;0,0;-0,269;0,8;0;0,0166;0;1;0;1;0
7;HapticsFixedCC;4;36,1944;169,0528;8,9;-2,2792;1,0;0,0;0,0;-0,2692;0,76;0;0,0166;0;1;0;1;0
7;HapticsFixedCC;4;36,2083;169,0528;8,9;-2,226;1,0;0,0;0,0;-0,2692;0,71;0;0,0166;0;1;0;1;0
7;HapticsFixedCC;4;36,2222;169,0528;8,9;-2,0891;1,0;0,0;0,0;-0,2693;0,67;0;0,0166;0;1;0;1;0
7;HapticsFixedCC;4;36,2361;169,0528;8,9;-1,9307;1,0;0,0;0,0;-0,2694;0,62;0;0,0166;0;1;0;1;0
7;HapticsFixedCC;4;36,25;169,0528;8,9;-1,8819;1,0;0,0;0,0;-0,2694;0,58;0;0,0166;0;1;0;1;0
7;HapticsFixedCC;4;36,2639;169,0528;8,9;-1,7666;1,0;0,0;0,0;-0,2695;0,54;0;0,0166;0;1;0;1;0
7;HapticsFixedCC;4;36,2778;169,0528;8,9;-1,5806;1,0;0,0;0,0;-0,2695;0,5;0;0,0166;0;1;0;1;0
7;HapticsFixedCC;4;36,2917;168,7999;8,9;-1,543;1,0;0,0;0,0;-0,2686;0,71;0;0,0166;0;1;0;1;0
7;HapticsFixedCC;4;36,3056;168,7655;8,9;-1,3348;1,0;0,0;0,0;-0,2685;0,71;0;0,0166;0;1;0;1;0
7;HapticsFixedCC;4;36,3194;168,7312;8,9;-1,194;1,0;0,0;0,0;-0,2684;0,72;0;0,0166;0;1;0;1;0
7;HapticsFixedCC;4;36,3333;168,6968;8,9;-1,1187;1,0;0,0;0,0;-0,2683;0,72;0;0,0166;0;1;0;1;0
7;HapticsFixedCC;4;36,3472;168,6625;8,9;-1,108;1,0;0,0;0,0;-0,2682;0,73;0;0,0166;0;1;0;1;0
7;HapticsFixedCC;4;36,3611;168,6282;8,9;-0,9582;1,0;0,0;0,0;-0,268;0,74;0;0,0166;0;1;0;1;0
7;HapticsFixedCC;4;36,375;168,5974;8,9;-0,8845;1,0;0,0;0,0;-0,2679;0,75;0;0,0166;0;1;0;1;0
7;HapticsFixedCC;4;36,3889;168,5974;8,8;-0,8771;1,0;0,0;0,0;-0,2676;0,73;0;0,0166;0;1;0;1;0
7;HapticsFixedCC;4;36,4028;168,5974;8,8;-0,8267;1,0;0,0;0,0;-0,2673;0,71;0;0,0166;0;1;0;1;0
7;HapticsFixedCC;4;36,4167;168,5974;8,8;-0,8167;1,0;0,0;0,0;-0,2671;0,7;0;0,0166;0;1;0;1;0
7;HapticsFixedCC;4;36,4306;168,5974;8,8;-0,7925;1,0;0,0;0,0;-0,2668;0,68;0;0,0166;0;1;0;1;0
7;HapticsFixedCC;4;36,4444;168,5974;8,8;-0,8;1,0;0,0;0,0;-0,2666;0,66;0;0,0166;0;1;0;1;0
7;HapticsFixedCC;4;36,4583;168,5974;8,8;-0,7978;1,0;0,0;0,0;-0,2664;0,64;0;0,0166;0;1;0;1;0
7;HapticsFixedCC;4;36,4722;168,3538;8,8;-0,7916;1,0;0,0;0,0;-0,2652;0,86;0;0,0166;0;1;0;1;0
7;HapticsFixedCC;4;36,4861;168,3198;8,8;-0,8049;1,0;0,0;0,0;-0,2649;0,87;0;0,0166;0;1;0;1;0
7;HapticsFixedCC;4;36,5;168,2859;8,8;-0,8363;1,0;0,0;0,0;-0,2646;0,89;0;0,0166;0;1;0;1;0
7;HapticsFixedCC;4;36,5139;168,2519;8,8;-0,8829;1,0;0,0;0,0;-0,2643;0,9;0;0,0167;0;1;0;1;0
7;HapticsFixedCC;4;36,5278;168,218;8,8;-0,8922;1,0;0,0;0,0;-0,264;0,91;0;0,0167;0;1;0;1;0
7;HapticsFixedCC;4;36,5417;168,184;8,8;-0,9857;1,0;0,0;0,0;-0,2637;0,92;0;0,0167;0;1;0;1;0
7;HapticsFixedCC;4;36,5556;168,1501;8,8;-1,0396;1,0;0,0;0,0;-0,2635;0,93;0;0,0167;0;1;0;1;0
7;HapticsFixedCC;4;36,5694;168,1414;8,8;-1,0794;1,0;0,0;0,0;-0,2632;0,92;0;0,0167;0;1;0;1;0
7;HapticsFixedCC;4;36,5833;168,1414;8,8;-1,1206;1,0;0,0;0,0;-0,2629;0,89;0;0,0167;0;1;0;1;0
7;HapticsFixedCC;4;36,5972;168,1414;8,8;-1,1753;1,0;0,0;0,0;-0,2626;0,87;0;0,0167;0;1;0;1;0
7;HapticsFixedCC;4;36,6111;168,1414;8,8;-1,2241;1,0;0,0;0,0;-0,2624;0,84;0;0,0167;0;1;0;1;0
7;HapticsFixedCC;4;36,625;168,1414;8,8;-1,2507;1,0;0,0;0,0;-0,2621;0,81;0;0,0167;0;1;0;1;0
7;HapticsFixedCC;4;36,6389;168,1414;8,8;-1,2561;1,0;0,0;0,0;-0,2619;0,78;0;0,0167;0;1;0;1;0
7;HapticsFixedCC;4;36,6528;167,9104;8,8;-1,2936;1,0;0,0;0,0;-0,2609;0,98;0;0,0167;0;1;0;1;0
7;HapticsFixedCC;4;36,6667;167,8765;8,8;-1,313;1,0;0,0;0,0;-0,2606;0,98;0;0,0167;0;1;0;1;0
7;HapticsFixedCC;4;36,6806;167,8425;8,8;-1,306;1,0;0,0;0,0;-0,2603;0,98;0;0,0167;0;1;0;1;0
7;HapticsFixedCC;4;36,6944;167,8086;8,8;-1,3391;1,0;0,0;0,0;-0,2601;0,99;0;0,0167;0;1;0;1;0
7;HapticsFixedCC;4;36,7083;167,7746;8,8;-1,3562;1,0;0,0;0,0;-0,2599;0,99;0;0,0167;0;1;0;1;0
7;HapticsFixedCC;4;36,7222;167,7407;8,8;-1,3535;1,0;0,0;0,0;-0,2597;0,99;0;0,0167;0;1;0;1;0
7;HapticsFixedCC;4;36,7361;167,7067;8,8;-1,3758;1,0;0,0;0,0;-0,2595;0,99;0;0,0167;0;1;0;1;0
7;HapticsFixedCC;4;36,75;167,6863;8,8;-1,3805;1,0;0,0;0,0;-0,2593;0,98;0;0,0167;0;1;0;1;0
7;HapticsFixedCC;4;36,7639;167,6863;8,8;-1,4202;1,0;0,0;0,0;-0,259;0,95;0;0,0167;0;1;0;1;0
7;HapticsFixedCC;4;36,7778;167,6863;8,8;-1,4743;1,0;0,0;0,0;-0,2588;0,91;0;0,0167;0;1;0;1;0
7;HapticsFixedCC;4;36,7917;167,6863;8,8;-1,5188;1,0;0,0;0,0;-0,2586;0,88;0;0,0167;0;1;0;1;0
7;HapticsFixedCC;4;36,8056;167,6863;8,8;-1,5827;1,0;0,0;0,0;-0,2584;0,85;0;0,0167;0;1;0;1;0
7;HapticsFixedCC;4;36,8194;167,6863;8,8;-1,6334;1,0;0,0;0,0;-0,2583;0,81;0;0,0167;0;1;0;1;0
7;HapticsFixedCC;4;36,8333;167,6863;8,8;-1,6662;1,0;0,0;0,0;-0,2581;0,77;0;0,0167;0;1;0;1;0
7;HapticsFixedCC;4;36,8472;167,4331;8,8;-1,7923;1,0;0,0;0,0;-0,2571;0,98;0;0,0168;0;1;0;1;0
7;HapticsFixedCC;4;36,8611;167,3992;8,8;-1,8175;1,0;0,0;0,0;-0,2569;0,97;0;0,0168;0;1;0;1;0
7;HapticsFixedCC;4;36,875;167,3652;8,8;-1,9322;1,0;0,0;0,0;-0,2568;0,96;0;0,0168;0;1;0;1;0
7;HapticsFixedCC;4;36,8889;167,3313;8,6;-2,0587;1,0;0,0;0,0;-0,2568;0,94;0;0,0168;0;1;0;1;0
7;HapticsFixedCC;4;36,9028;167,2981;8,6;-2,2519;1,0;0,0;0,0;-0,2568;0,93;0;0,0168;0;1;0;1;0
7;HapticsFixedCC;4;36,9167;167,2649;8,6;-2,3141;1,0;0,0;0,0;-0,2568;0,91;0;0,0168;0;1;0;1;0
7;HapticsFixedCC;4;36,9306;167,2317;8,6;-2,4577;1,0;0,0;0,0;-0,257;0,89;0;0,0168;0;1;0;1;0
7;HapticsFixedCC;4;36,9444;167,23;8,6;-2,5448;1,0;0,0;0,0;-0,257;0,83;0;0,0168;0;1;0;1;0
7;HapticsFixedCC;4;36,9583;167,23;8,6;-2,5622;1,0;0,0;0,0;-0,2571;0,78;0;0,0168;0;1;0;1;0
7;HapticsFixedCC;4;36,9722;167,23;8,6;-2,6397;1,0;0,0;0,0;-0,2572;0,72;0;0,0168;0;1;0;1;0
7;HapticsFixedCC;4;36,9861;167,23;8,6;-2,6289;1,0;0,0;0,0;-0,2574;0,66;0;0,0168;0;1;0;1;0
7;HapticsFixedCC;4;37,0;167,23;8,6;-2,7094;1,0;0,0;0,0;-0,2576;0,6;0;0,0168;0;1;0;1;0
7;HapticsFixedCC;4;37,0139;167,23;8,6;-2,7048;1,0;0,0;0,0;-0,2579;0,54;0;0,0168;0;1;0;1;0
7;HapticsFixedCC;4;37,0278;166,9975;8,6;-2,6913;1,0;0,0;0,0;-0,2572;0,71;0;0,0168;0;1;0;1;0
7;HapticsFixedCC;4;37,0417;166,9643;8,6;-2,6828;1,0;0,0;0,0;-0,2574;0,68;0;0,0169;0;1;0;1;0
7;HapticsFixedCC;4;37,0556;166,9311;8,6;-2,627;1,0;0,0;0,0;-0,2577;0,65;0;0,0169;0;1;0;1;0
7;HapticsFixedCC;4;37,0694;166,8979;8,6;-2,6161;1,0;0,0;0,0;-0,2579;0,63;0;0,0169;0;1;0;1;0
7;HapticsFixedCC;4;37,0833;166,8647;8,6;-2,4974;1,0;0,0;0,0;-0,2581;0,61;0;0,0169;0;1;0;1;0
7;HapticsFixedCC;4;37,0972;166,8315;8,6;-2,3671;1,0;0,0;0,0;-0,2584;0,59;0;0,0169;0;1;1;0;0
7;HapticsFixedCC;4;37,1111;166,7984;8,6;-2,2821;1,0;0,0;0,0;-0,2586;0,57;0;0,0169;0;1;1;0;0
7;HapticsFixedCC;4;37,125;166,7748;8,6;-2,2521;1,0;0,0;0,0;-0,2589;0,54;0;0,0169;0;1;1;0;0
7;HapticsFixedCC;4;37,1389;166,7748;8,6;-2,1704;1,0;0,0;0,0;-0,259;0,49;0;0,0169;0;1;1;0;0
7;HapticsFixedCC;4;37,1528;166,7748;8,6;-2,0723;1,0;0,0;0,0;-0,2592;0,45;0;0,0169;0;1;1;0;0
7;HapticsFixedCC;4;37,1667;166,7748;8,6;-2,0072;1,0;0,0;0,0;-0,2594;0,4;0;0,0169;0;1;1;0;0
7;HapticsFixedCC;4;37,1806;166,7748;8,6;-1,9944;1,0;0,0;0,0;-0,2596;0,36;0;0,0169;0;1;1;0;0
7;HapticsFixedCC;4;37,1944;166,7748;8,6;-1,9607;1,0;0,0;0,0;-0,2598;0,32;0;0,0169;0;1;1;0;0
7;HapticsFixedCC;4;37,2083;166,7748;8,6;-1,9233;1,0;0,0;0,0;-0,2601;0,27;0;0,0169;0;1;1;0;0
7;HapticsFixedCC;4;37,2222;166,5309;8,6;-1,89;1,0;0,0;0,0;-0,2594;0,47;0;0,0169;0;1;1;0;0
7;HapticsFixedCC;4;37,2361;166,4977;8,6;-1,8729;1,0;0,0;0,0;-0,2596;0,46;0;0,017;0;1;1;0;0
7;HapticsFixedCC;4;37,25;166,4646;8,6;-1,8512;1,0;0,0;0,0;-0,2597;0,45;0;0,017;0;1;1;0;0
7;HapticsFixedCC;4;37,2639;166,4314;8,6;-1,8469;1,0;0,0;0,0;-0,2599;0,44;0;0,017;0;1;1;0;0
7;HapticsFixedCC;4;37,2778;166,3982;8,6;-1,8256;1,0;0,0;0,0;-0,2601;0,44;0;0,017;0;1;1;0;0
7;HapticsFixedCC;4;37,2917;166,365;8,6;-1,7572;1,0;0,0;0,0;-0,2603;0,43;0;0,017;0;1;1;0;0
7;HapticsFixedCC;4;37,3056;166,3318;8,6;-1,7062;1,0;0,0;0,0;-0,2605;0,43;0;0,017;0;1;1;0;0
7;HapticsFixedCC;4;37,3194;166,3186;8,6;-1,6241;1,0;0,0;0,0;-0,2607;0,4;0;0,017;0;1;1;0;0
7;HapticsFixedCC;4;37,3333;166,3186;8,6;-1,5113;1,0;0,0;0,0;-0,2608;0,37;0;0,017;0;1;1;0;0
7;HapticsFixedCC;4;37,3472;166,3186;8,6;-1,4726;1,0;0,0;0,0;-0,2608;0,34;0;0,017;0;1;1;0;0
7;HapticsFixedCC;4;37,3611;166,3186;8,6;-1,3417;1,0;0,0;0,0;-0,2609;0,31;0;0,017;0;1;1;0;0
7;HapticsFixedCC;4;37,375;166,3186;8,6;-1,2183;1,0;0,0;0,0;-0,261;0,28;0;0,017;0;1;1;0;0
7;HapticsFixedCC;4;37,3889;166,3186;9,1;-1,1936;1,0;0,0;0,0;-0,2611;0,26;0;0,017;0;1;1;0;0
7;HapticsFixedCC;4;37,4028;166,3186;9,1;-1,0857;1,0;0,0;0,0;-0,2612;0,23;0;0,017;0;1;1;0;0
7;HapticsFixedCC;4;37,4167;166,0605;9,1;-0,9317;1,0;0,0;0,0;-0,2603;0,46;0;0,0171;0;1;1;0;0
7;HapticsFixedCC;4;37,4306;166,0254;9,1;-0,8662;1,0;0,0;0,0;-0,2602;0,48;0;0,0171;0;1;1;0;0
7;HapticsFixedCC;4;37,4444;165,9903;9,1;-0,7912;1,0;0,0;0,0;-0,2601;0,49;0;0,0171;0;1;1;0;0
7;HapticsFixedCC;4;37,4583;165,9552;9,1;-0,7454;1,0;0,0;0,0;-0,26;0,51;0;0,0171;0;1;1;0;0
7;HapticsFixedCC;4;37,4722;165,9201;9,1;-0,7362;1,0;0,0;0,0;-0,26;0,53;0;0,0171;0;1;1;0;0
7;HapticsFixedCC;4;37,4861;165,885;9,1;-0,6367;1,0;0,0;0,0;-0,2599;0,55;0;0,0171;0;1;1;0;0
7;HapticsFixedCC;4;37,5;165,8633;9,1;-0,6168;1,0;0,0;0,0;-0,2597;0,55;0;0,0171;0;1;1;0;0
7;HapticsFixedCC;4;37,5139;165,8633;9,1;-0,5803;1,0;0,0;0,0;-0,2595;0,54;0;0,0171;0;1;1;0;0
7;HapticsFixedCC;4;37,5278;165,8633;9,1;-0,5203;1,0;0,0;0,0;-0,2593;0,53;0;0,0171;0;1;1;0;0
7;HapticsFixedCC;4;37,5417;165,8633;9,1;-0,4601;1,0;0,0;0,0;-0,2591;0,52;0;0,0171;0;1;1;0;0
7;HapticsFixedCC;4;37,5556;165,8633;9,1;-0,4306;1,0;0,0;0,0;-0,2589;0,51;0;0,0171;0;1;1;0;0
7;HapticsFixedCC;4;37,5694;165,8633;9,1;-0,4022;1,0;0,0;0,0;-0,2586;0,5;0;0,0171;0;1;1;0;0
7;HapticsFixedCC;4;37,5833;165,8633;9,1;-0,3965;1,0;0,0;0,0;-0,2584;0,49;0;0,0171;0;1;1;0;0
7;HapticsFixedCC;4;37,5972;165,6021;9,1;-0,3787;1,0;0,0;0,0;-0,2572;0,73;0;0,0172;0;1;1;0;0
7;HapticsFixedCC;4;37,6111;165,567;9,1;-0,3587;1,0;0,0;0,0;-0,2569;0,76;0;0,0172;0;1;1;0;0
7;HapticsFixedCC;4;37,625;165,5319;9,1;-0,3585;1,0;0,0;0,0;-0,2565;0,79;0;0,0172;0;1;1;0;0
7;HapticsFixedCC;4;37,6389;165,4968;9,1;-0,367;1,0;0,0;0,0;-0,2562;0,81;0;0,0172;0;1;1;0;0
7;HapticsFixedCC;4;37,6528;165,4617;8,9;-0,3906;1,0;0,0;0,0;-0,2558;0,84;0;0,0172;0;1;1;0;0
7;HapticsFixedCC;4;37,6667;165,4274;8,9;-0,4214;1,0;0,0;0,0;-0,2555;0,86;0;0,0172;0;1;1;0;0
7;HapticsFixedCC;4;37,6806;165,4073;8,9;-0,4723;1,0;0,0;0,0;-0,2552;0,87;0;0,0172;0;1;1;0;0
7;HapticsFixedCC;4;37,6944;165,4073;8,9;-0,5204;1,0;0,0;0,0;-0,2548;0,86;0;0,0172;0;1;1;0;0
7;HapticsFixedCC;4;37,7083;165,4073;8,9;-0,5301;1,0;0,0;0,0;-0,2544;0,85;0;0,0172;0;1;1;0;0
7;HapticsFixedCC;4;37,7222;165,4073;8,9;-0,5994;1,0;0,0;0,0;-0,254;0,83;0;0,0172;0;1;1;0;0
7;HapticsFixedCC;4;37,7361;165,4073;8,9;-0,6566;1,0;0,0;0,0;-0,2537;0,82;0;0,0172;0;1;1;0;0
7;HapticsFixedCC;4;37,75;165,4073;8,9;-0,7925;1,0;0,0;0,0;-0,2534;0,8;0;0,0172;0;1;1;0;0
7;HapticsFixedCC;4;37,7639;165,4073;8,9;-0,8661;1,0;0,0;0,0;-0,2531;0,78;0;0,0172;0;1;1;0;0
7;HapticsFixedCC;4;37,7778;165,1507;8,9;-0,9738;1,0;0,0;0,0;-0,2518;1,01;0;0,0173;0;1;1;0;0
7;HapticsFixedCC;4;37,7917;165,1163;8,9;-1,009;1,0;0,0;0,0;-0,2515;1,02;0;0,0173;0;1;1;0;0
7;HapticsFixedCC;4;37,8056;165,082;8,9;-1,0113;1,0;0,0;0,0;-0,2511;1,03;0;0,0173;0;1;1;0;0
7;HapticsFixedCC;4;37,8194;165,0477;8,9;-1,0117;1,0;0,0;0,0;-0,2508;1,04;0;0,0173;0;1;1;0;0
7;HapticsFixedCC;4;37,8333;165,0133;8,9;-1,1015;1,0;0,0;0,0;-0,2505;1,05;0;0,0174;0;1;1;0;0
7;HapticsFixedCC;4;37,8472;164,979;8,9;-1,1929;1,0;0,0;0,0;-0,2503;1,06;0;0,0174;0;1;1;0;0
7;HapticsFixedCC;4;37,8611;164,9518;8,9;-1,2123;1,0;0,0;0,0;-0,25;1,06;0;0,0174;0;1;1;0;0
7;HapticsFixedCC;4;37,875;164,9518;8,9;-1,2351;1,0;0,0;0,0;-0,2497;1,03;0;0,0174;0;1;1;0;0
7;HapticsFixedCC;4;37,8889;164,9518;8,9;-1,256;0,0;0,0;0,0;-0,2494;1,0;0;0,0174;0;1;1;0;0
7;HapticsFixedCC;4;37,9028;164,9518;8,9;-1,2602;0,0;0,0;0,0;-0,2491;0,98;0;0,0174;0;1;1;0;0
7;HapticsFixedCC;4;37,9167;164,9518;8,9;-1,2875;0,0;0,0;0,0;-0,2488;0,95;0;0,0174;0;1;1;0;0
7;HapticsFixedCC;4;37,9306;164,9518;8,9;-1,3311;0,0;0,0;0,0;-0,2486;0,92;0;0,0174;0;1;1;0;0
7;HapticsFixedCC;4;37,9444;164,9518;8,9;-1,347;0,0;0,0;0,0;-0,2484;0,89;0;0,0174;0;1;1;0;0
7;HapticsFixedCC;4;37,9583;164,7023;8,9;-1,3863;0,0;0,0;0,0;-0,2472;1,11;0;0,0175;0;1;1;0;0
7;HapticsFixedCC;4;37,9722;164,668;8,9;-1,4205;0,0;0,0;0,0;-0,2469;1,11;0;0,0175;0;1;1;0;0
7;HapticsFixedCC;4;37,9861;164,6337;8,9;-1,4651;0,0;0,0;0,0;-0,2466;1,11;0;0,0175;0;1;1;0;0
7;HapticsFixedCC;4;38,0;164,5993;8,9;-1,4999;0,0;0,0;0,0;-0,2463;1,11;0;0,0175;0;1;1;0;0
7;HapticsFixedCC;4;38,0139;164,565;8,9;-1,5312;0,0;0,0;0,0;-0,2461;1,11;0;0,0175;0;1;1;0;0
7;HapticsFixedCC;4;38,0278;164,5306;8,9;-1,5375;0,0;0,0;0,0;-0,2459;1,11;0;0,0175;0;1;1;0;0
7;HapticsFixedCC;4;38,0417;164,4963;8,9;-1,563;0,0;0,0;0,0;-0,2457;1,11;0;0,0175;0;1;1;0;0
7;HapticsFixedCC;4;38,0556;164,496;8,9;-1,5784;0,0;0,0;0,0;-0,2455;1,07;0;0,0175;0;1;1;0;0
7;HapticsFixedCC;4;38,0694;164,496;8,9;-1,5907;0,0;0,0;0,0;-0,2452;1,04;0;0,0175;0;1;1;0;0
7;HapticsFixedCC;4;38,0833;164,496;8,9;-1,5772;0,0;0,0;0,0;-0,245;1,0;0;0,0175;0;1;1;0;0
7;HapticsFixedCC;4;38,0972;164,496;8,9;-1,5548;0,0;0,0;0,0;-0,2447;0,97;0;0,0175;0;1;5;0;0
7;HapticsFixedCC;4;38,1111;164,496;8,9;-1,5295;0,0;0,0;0,0;-0,2445;0,93;0;0,0175;0;1;5;0;0
7;HapticsFixedCC;4;38,125;164,496;8,9;-1,5129;0,0;0,0;0,0;-0,2443;0,9;0;0,0175;0;1;5;0;0
7;HapticsFixedCC;4;38,1389;164,254;8,9;-1,5096;0,0;0,0;0,0;-0,2432;1,11;0;0,0176;0;1;5;0;0
7;HapticsFixedCC;4;38,1528;164,2196;9,3;-1,4882;0,0;0,0;0,0;-0,2429;1,11;0;0,0176;0;1;5;0;0
7;HapticsFixedCC;4;38,1667;164,1837;9,3;-1,4572;0,0;0,0;0,0;-0,2426;1,11;0;0,0177;0;1;5;0;0
7;HapticsFixedCC;4;38,1806;164,1479;9,3;-1,432;0,0;0,0;0,0;-0,2423;1,11;0;0,0177;0;1;5;0;0
7;HapticsFixedCC;4;38,1944;164,112;9,3;-1,402;0,0;0,0;0,0;-0,2421;1,12;0;0,0177;0;1;5;0;0
7;HapticsFixedCC;4;38,2083;164,0761;9,3;-1,3587;0,0;0,0;0,0;-0,2418;1,12;0;0,0177;0;1;5;0;0
7;HapticsFixedCC;4;38,2222;164,0403;9,3;-1,3501;0,0;0,0;0,0;-0,2416;1,12;0;0,0177;0;1;5;0;0
7;HapticsFixedCC;4;38,2361;164,0403;9,3;-1,319;0,0;0,0;0,0;-0,2412;1,09;0;0,0177;0;1;5;0;0
7;HapticsFixedCC;4;38,25;164,0403;9,3;-1,2795;0,0;0,0;0,0;-0,2409;1,06;0;0,0177;0;1;5;0;0
7;HapticsFixedCC;4;38,2639;164,0403;9,3;-1,2176;0,0;0,0;0,0;-0,2405;1,03;0;0,0177;0;1;5;0;0
7;HapticsFixedCC;4;38,2778;164,0403;9,3;-1,1932;0,0;0,0;0,0;-0,2402;1,0;0;0,0177;0;1;5;0;0
7;HapticsFixedCC;4;38,2917;164,0403;9,3;-1,1846;0,0;0,0;0,0;-0,2399;0,97;0;0,0177;0;1;5;0;0
7;HapticsFixedCC;4;38,3056;164,0403;9,3;-1,1926;0,0;0,0;0,0;-0,2396;0,94;0;0,0177;0;1;5;0;0
7;HapticsFixedCC;4;38,3194;163,7871;9,3;-1,2357;0,0;0,0;0,0;-0,2383;1,17;0;0,0178;0;1;5;0;0
7;HapticsFixedCC;4;38,3333;163,7513;9,3;-1,297;0,0;0,0;0,0;-0,2379;1,18;0;0,0178;0;1;5;0;0
7;HapticsFixedCC;4;38,3472;163,7154;9,3;-1,3093;0,0;0,0;0,0;-0,2376;1,18;0;0,0178;0;1;5;0;0
7;HapticsFixedCC;4;38,3611;163,6795;9,3;-1,366;0,0;0,0;0,0;-0,2373;1,18;0;0,0179;0;1;5;0;0
7;HapticsFixedCC;4;38,375;163,6436;9,3;-1,3988;0,0;0,0;0,0;-0,237;1,19;0;0,0179;0;1;5;0;0
7;HapticsFixedCC;4;38,3889;163,6077;9,3;-1,4672;0,0;0,0;0,0;-0,2367;1,19;0;0,0179;0;1;5;0;0
7;HapticsFixedCC;4;38,4028;163,5848;9,3;-1,5114;0,0;0,0;0,0;-0,2364;1,17;0;0,0179;0;1;5;0;0
7;HapticsFixedCC;4;38,4167;163,5848;9,3;-1,5507;0,0;0,0;0,0;-0,2361;1,14;0;0,0179;0;1;5;0;0
7;HapticsFixedCC;4;38,4306;163,5848;9,3;-1,5802;0,0;0,0;0,0;-0,2358;1,1;0;0,0179;0;1;5;0;0
7;HapticsFixedCC;4;38,4444;163,5848;9,3;-1,6119;0,0;0,0;0,0;-0,2355;1,06;0;0,0179;0;1;5;0;0
7;HapticsFixedCC;4;38,4583;163,5848;9,3;-1,6183;0,0;0,0;0,0;-0,2353;1,02;0;0,0179;0;1;5;0;0
7;HapticsFixedCC;4;38,4722;163,5848;9,3;-1,6349;0,0;0,0;0,0;-0,2351;0,98;0;0,0179;0;1;5;0;0
7;HapticsFixedCC;4;38,4861;163,3546;9,3;-1,6658;0,0;0,0;0,0;-0,234;1,18;0;0,018;0;1;5;0;0
7;HapticsFixedCC;4;38,5;163,3188;9,3;-1,683;0,0;0,0;0,0;-0,2337;1,17;0;0,018;0;1;5;0;0
7;HapticsFixedCC;4;38,5139;163,2829;9,3;-1,6913;0,0;0,0;0,0;-0,2334;1,17;0;0,018;0;1;5;0;0
7;HapticsFixedCC;4;38,5278;163,247;9,3;-1,6975;0,0;0,0;0,0;-0,2331;1,16;0;0,018;0;1;5;0;0
7;HapticsFixedCC;4;38,5417;163,2111;9,3;-1,6988;0,0;0,0;0,0;-0,2329;1,16;0;0,0181;0;1;5;0;0
7;HapticsFixedCC;4;38,5556;163,1752;9,3;-1,6976;0,0;0,0;0,0;-0,2327;1,16;0;0,0181;0;1;5;0;0
7;HapticsFixedCC;4;38,5694;163,1394;9,3;-1,6939;0,0;0,0;0,0;-0,2325;1,15;0;0,0181;0;1;5;0;0
7;HapticsFixedCC;4;38,5833;163,1289;9,3;-1,6748;0,0;0,0;0,0;-0,2323;1,12;0;0,0181;0;1;5;0;0
7;HapticsFixedCC;4;38,5972;163,1289;9,3;-1,6559;0,0;0,0;0,0;-0,232;1,08;0;0,0181;0;1;5;0;0
7;HapticsFixedCC;4;38,6111;163,1289;9,3;-1,6208;0,0;0,0;0,0;-0,2317;1,04;0;0,0181;0;1;5;0;0
7;HapticsFixedCC;4;38,625;163,1289;9,3;-1,567;0,0;0,0;0,0;-0,2315;1,01;0;0,0181;0;1;5;0;0
7;HapticsFixedCC;4;38,6389;163,1289;9,2;-1,5109;0,0;0,0;0,0;-0,2313;0,97;0;0,0181;0;1;5;0;0
7;HapticsFixedCC;4;38,6528;163,1289;9,2;-1,4628;0,0;0,0;0,0;-0,231;0,93;0;0,0181;0;1;5;0;0
7;HapticsFixedCC;4;38,6667;162,8871;9,2;-1,4532;0,0;0,0;0,0;-0,2298;1,15;0;0,0182;0;1;5;0;0
7;HapticsFixedCC;4;38,6806;162,8516;9,2;-1,4341;0,0;0,0;0,0;-0,2295;1,15;0;0,0182;0;1;5;0;0
7;HapticsFixedCC;4;38,6944;162,8161;9,2;-1,4101;0,0;0,0;0,0;-0,2292;1,16;0;0,0183;0;1;5;0;0
7;HapticsFixedCC;4;38,7083;162,7806;9,2;-1,3644;0,0;0,0;0,0;-0,2289;1,16;0;0,0183;0;1;5;0;0
7;HapticsFixedCC;4;38,7222;162,7451;9,2;-1,3536;0,0;0,0;0,0;-0,2286;1,17;0;0,0183;0;1;5;0;0
7;HapticsFixedCC;4;38,7361;162,7096;9,2;-1,3512;0,0;0,0;0,0;-0,2283;1,17;0;0,0183;0;1;5;0;0
7;HapticsFixedCC;4;38,75;162,6741;9,2;-1,3601;0,0;0,0;0,0;-0,228;1,18;0;0,0183;0;1;5;0;0
7;HapticsFixedCC;4;38,7639;162,6736;9,2;-1,3655;0,0;0,0;0,0;-0,2276;1,15;0;0,0183;0;1;5;0;0
7;HapticsFixedCC;4;38,7778;162,6736;9,2;-1,3665;0,0;0,0;0,0;-0,2273;1,12;0;0,0183;0;1;5;0;0
7;HapticsFixedCC;4;38,7917;162,6736;9,2;-1,3756;0,0;0,0;0,0;-0,2269;1,08;0;0,0183;0;1;5;0;0
7;HapticsFixedCC;4;38,8056;162,6736;9,2;-1,392;0,0;0,0;0,0;-0,2266;1,05;0;0,0183;0;1;5;0;0
7;HapticsFixedCC;4;38,8194;162,6736;9,2;-1,4055;0,0;0,0;0,0;-0,2263;1,02;0;0,0183;0;1;5;0;0
7;HapticsFixedCC;4;38,8333;162,6736;9,2;-1,4264;0,0;0,0;0,0;-0,226;0,99;0;0,0183;0;1;5;0;0
7;HapticsFixedCC;4;38,8472;162,4238;9,2;-1,4476;0,0;0,0;0,0;-0,2247;1,22;0;0,0185;0;1;5;0;0
7;HapticsFixedCC;4;38,8611;162,3883;9,2;-1,4518;0,0;0,0;0,0;-0,2243;1,22;0;0,0185;0;1;5;0;0
7;HapticsFixedCC;4;38,875;162,3528;9,2;-1,4702;0,0;0,0;0,0;-0,224;1,22;0;0,0185;0;1;5;0;0
7;HapticsFixedCC;4;38,8889;162,3173;9,2;-1,4882;0,0;0,0;0,0;-0,2237;1,23;0;0,0185;0;1;5;0;0
7;HapticsFixedCC;4;38,9028;162,2818;9,2;-1,5027;0,0;0,0;0,0;-0,2234;1,23;0;0,0185;0;1;5;0;0
7;HapticsFixedCC;4;38,9167;162,2463;9,2;-1,5121;0,0;0,0;0,0;-0,2231;1,23;0;0,0186;0;1;5;0;0
7;HapticsFixedCC;4;38,9306;162,2175;9,2;-1,5205;0,0;0,0;0,0;-0,2228;1,23;0;0,0186;0;1;5;0;0
7;HapticsFixedCC;4;38,9444;162,2175;9,2;-1,532;0,0;0,0;0,0;-0,2224;1,19;0;0,0186;0;1;5;0;0
7;HapticsFixedCC;4;38,9583;162,2175;9,2;-1,5467;0,0;0,0;0,0;-0,2221;1,15;0;0,0186;0;1;5;0;0
7;HapticsFixedCC;4;38,9722;162,2175;9,2;-1,5649;0,0;0,0;0,0;-0,2218;1,12;0;0,0186;0;1;5;0;0
7;HapticsFixedCC;4;38,9861;162,2175;9,2;-1,5683;0,0;0,0;0,0;-0,2214;1,08;0;0,0186;0;1;5;0;0
7;HapticsFixedCC;4;39,0;162,2175;9,2;-1,5878;0,0;0,0;0,0;-0,2212;1,04;0;0,0186;0;1;5;0;0
7;HapticsFixedCC;4;39,0139;162,2175;9,2;-1,5979;0,0;0,0;0,0;-0,2209;1,0;0;0,0186;0;1;5;0;0
7;HapticsFixedCC;4;39,0278;161,9605;9,2;-1,603;0,0;0,0;0,0;-0,2196;1,24;0;0,0187;0;1;5;0;0
7;HapticsFixedCC;4;39,0417;161,925;9,2;-1,5894;0,0;0,0;0,0;-0,2192;1,24;0;0,0187;0;1;5;0;0
7;HapticsFixedCC;4;39,0556;161,8895;9,2;-1,5657;0,0;0,0;0,0;-0,2189;1,25;0;0,0188;0;1;5;0;0
7;HapticsFixedCC;4;39,0694;161,854;9,2;-1,5456;0,0;0,0;0,0;-0,2186;1,25;0;0,0188;0;1;5;0;0
7;HapticsFixedCC;4;39,0833;161,8185;9,2;-1,5416;0,0;0,0;0,0;-0,2183;1,25;0;0,0188;0;1;5;0;0
7;HapticsFixedCC;4;39,0972;161,783;9,2;-1,5196;0,0;0,0;0,0;-0,218;1,25;0;0,0188;0;1;4;0;0
7;HapticsFixedCC;4;39,1111;161,7625;9,2;-1,498;0,0;0,0;0,0;-0,2177;1,24;0;0,0188;0;1;4;0;0
7;HapticsFixedCC;4;39,125;161,7625;9,2;-1,4739;0,0;0,0;0,0;-0,2173;1,2;0;0,0188;0;1;4;0;0
7;HapticsFixedCC;4;39,1389;161,7625;9,5;-1,4641;0,0;0,0;0,0;-0,2169;1,17;0;0,0188;0;1;4;0;0
7;HapticsFixedCC;4;39,1528;161,7625;9,5;-1,4612;0,0;0,0;0,0;-0,2165;1,13;0;0,0188;0;1;4;0;0
7;HapticsFixedCC;4;39,1667;161,7625;9,5;-1,4657;0,0;0,0;0,0;-0,2162;1,1;0;0,0188;0;1;4;0;0
7;HapticsFixedCC;4;39,1806;161,7625;9,5;-1,4666;0,0;0,0;0,0;-0,2159;1,06;0;0,0188;0;1;4;0;0
7;HapticsFixedCC;4;39,1944;161,528;9,5;-1,4746;0,0;0,0;0,0;-0,2146;1,28;0;0,019;0;1;4;0;0
7;HapticsFixedCC;4;39,2083;161,4914;9,5;-1,4865;0,0;0,0;0,0;-0,2141;1,29;0;0,019;0;1;4;0;0
7;HapticsFixedCC;4;39,2222;161,4547;9,5;-1,5082;0,0;0,0;0,0;-0,2137;1,29;0;0,019;0;1;4;0;0
7;HapticsFixedCC;4;39,2361;161,4181;9,5;-1,531;0,0;0,0;0,0;-0,2133;1,29;0;0,019;0;1;4;0;0
7;HapticsFixedCC;4;39,25;161,3815;9,5;-1,5526;0,0;0,0;0,0;-0,213;1,3;0;0,0191;0;1;4;0;0
7;HapticsFixedCC;4;39,2639;161,3448;9,5;-1,5665;0,0;0,0;0,0;-0,2127;1,3;0;0,0191;0;1;4;0;0
7;HapticsFixedCC;4;39,2778;161,3081;9,5;-1,5693;0,0;0,0;0,0;-0,2124;1,3;0;0,0191;0;1;4;0;0
7;HapticsFixedCC;4;39,2917;161,306;9,5;-1,5805;0,0;0,0;0,0;-0,212;1,26;0;0,0191;0;1;4;0;0
7;HapticsFixedCC;4;39,3056;161,306;9,5;-1,5868;0,0;0,0;0,0;-0,2116;1,23;0;0,0191;0;1;4;0;0
7;HapticsFixedCC;4;39,3194;161,306;9,5;-1,5921;0,0;0,0;0,0;-0,2112;1,19;0;0,0191;0;1;4;0;0
7;HapticsFixedCC;4;39,3333;161,306;9,5;-1,5966;0,0;0,0;0,0;-0,2108;1,15;0;0,0191;0;1;4;0;0
7;HapticsFixedCC;4;39,3472;161,306;9,5;-1,6091;0,0;0,0;0,0;-0,2105;1,11;0;0,0191;0;1;4;0;0
7;HapticsFixedCC;4;39,3611;161,306;9,5;-1,6176;0,0;0,0;0,0;-0,2102;1,07;0;0,0191;0;1;4;0;0
7;HapticsFixedCC;4;39,375;161,0498;9,5;-1,6194;0,0;0,0;0,0;-0,2088;1,32;0;0,0193;0;1;4;0;0
7;HapticsFixedCC;4;39,3889;161,0131;9,5;-1,6282;0,0;0,0;0,0;-0,2084;1,32;0;0,0193;0;1;4;0;0
7;HapticsFixedCC;4;39,4028;160,9765;9,3;-1,6359;0,0;0,0;0,0;-0,2081;1,32;0;0,0193;0;1;4;0;0
7;HapticsFixedCC;4;39,4167;160,9406;9,3;-1,653;0,0;0,0;0,0;-0,2077;1,32;0;0,0194;0;1;4;0;0
7;HapticsFixedCC;4;39,4306;160,9047;9,3;-1,6766;0,0;0,0;0,0;-0,2074;1,32;0;0,0194;0;1;4;0;0
7;HapticsFixedCC;4;39,4444;160,8688;9,3;-1,7052;0,0;0,0;0,0;-0,2072;1,31;0;0,0194;0;1;4;0;0
7;HapticsFixedCC;4;39,4583;160,8513;9,3;-1,7264;0,0;0,0;0,0;-0,2068;1,29;0;0,0194;0;1;4;0;0
7;HapticsFixedCC;4;39,4722;160,8513;9,3;-1,7543;0,0;0,0;0,0;-0,2064;1,25;0;0,0194;0;1;4;0;0
7;HapticsFixedCC;4;39,4861;160,8513;9,3;-1,7779;0,0;0,0;0,0;-0,2061;1,21;0;0,0194;0;1;4;0;0
7;HapticsFixedCC;4;39,5;160,8513;9,3;-1,8064;0,0;0,0;0,0;-0,2058;1,17;0;0,0194;0;1;4;0;0
7;HapticsFixedCC;4;39,5139;160,8513;9,3;-1,8385;0,0;0,0;0,0;-0,2055;1,12;0;0,0194;0;1;4;0;0
7;HapticsFixedCC;4;39,5278;160,8513;9,3;-1,8701;0,0;0,0;0,0;-0,2052;1,08;0;0,0194;0;1;4;0;0
7;HapticsFixedCC;4;39,5417;160,6158;9,3;-1,904;0,0;0,0;0,0;-0,2039;1,3;0;0,0196;0;1;4;0;0
7;HapticsFixedCC;4;39,5556;160,5799;9,3;-1,9362;0,0;0,0;0,0;-0,2036;1,29;0;0,0196;0;1;4;0;0
7;HapticsFixedCC;4;39,5694;160,5441;9,3;-1,9896;0,0;0,0;0,0;-0,2033;1,28;0;0,0197;0;1;4;0;0
7;HapticsFixedCC;4;39,5833;160,5082;9,3;-2,042;0,0;0,0;0,0;-0,203;1,28;0;0,0197;0;1;4;0;0
7;HapticsFixedCC;4;39,5972;160,4723;9,3;-2,0894;0,0;0,0;0,0;-0,2028;1,27;0;0,0197;0;1;4;0;0
7;HapticsFixedCC;4;39,6111;160,4364;9,3;-2,124;0,0;0,0;0,0;-0,2026;1,26;0;0,0197;0;1;4;0;0
7;HapticsFixedCC;4;39,625;160,4005;9,3;-2,1498;0,0;0,0;0,0;-0,2025;1,25;0;0,0198;0;1;4;0;0
7;HapticsFixedCC;4;39,6389;160,3946;9,3;-2,1877;0,0;0,0;0,0;-0,2023;1,2;0;0,0198;0;1;4;0;0
7;HapticsFixedCC;4;39,6528;160,3946;9,3;-2,2153;0,0;0,0;0,0;-0,202;1,15;0;0,0198;0;1;4;0;0
7;HapticsFixedCC;4;39,6667;160,3946;9,3;-2,2384;0,0;0,0;0,0;-0,2019;1,09;0;0,0198;0;1;4;0;0
7;HapticsFixedCC;4;39,6806;160,3946;9,3;-2,2431;0,0;0,0;0,0;-0,2017;1,04;0;0,0198;0;1;4;0;0
7;HapticsFixedCC;4;39,6944;160,3946;9,3;-2,2423;0,0;0,0;0,0;-0,2016;0,99;0;0,0198;0;1;4;0;0
7;HapticsFixedCC;4;39,7083;160,3946;9,3;-2,2333;0,0;0,0;0,0;-0,2015;0,93;0;0,0198;0;1;4;0;0
7;HapticsFixedCC;4;39,7222;160,1475;9,3;-2,2235;0,0;0,0;0,0;-0,2004;1,16;0;0,02;0;1;4;0;0
7;HapticsFixedCC;4;39,7361;160,1116;9,3;-2,2122;0,0;0,0;0,0;-0,2002;1,15;0;0,02;0;1;4;0;0
7;HapticsFixedCC;4;39,75;160,0758;9,3;-2,202;0,0;0,0;0,0;-0,2;1,14;0;0,02;0;1;4;0;0
7;HapticsFixedCC;4;39,7639;160,0399;9,3;-2,1918;0,0;0,0;0,0;-0,1999;1,13;0;0,02;0;1;4;0;0
7;HapticsFixedCC;4;39,7778;160,004;9,3;-2,1885;0,0;0,0;0,0;-0,1998;1,12;0;0,0201;0;1;4;0;0
7;HapticsFixedCC;4;39,7917;159,9681;9,3;-2,1878;0,0;0,0;0,0;-0,1997;1,11;0;0,0201;0;1;4;0;0
7;HapticsFixedCC;4;39,8056;159,9401;9,3;-2,1871;0,0;0,0;0,0;-0,1996;1,09;0;0,0201;0;1;4;0;0
7;HapticsFixedCC;4;39,8194;159,9401;9,3;-2,1891;0,0;0,0;0,0;-0,1995;1,04;0;0,0201;0;1;4;0;0
7;HapticsFixedCC;4;39,8333;159,9401;9,3;-2,192;0,0;0,0;0,0;-0,1994;0,98;0;0,0201;0;1;4;0;0
7;HapticsFixedCC;4;39,8472;159,9401;9,3;-2,1993;0,0;0,0;0,0;-0,1993;0,93;0;0,0201;0;1;4;0;0
7;HapticsFixedCC;4;39,8611;159,9401;9,3;-2,2146;0,0;0,0;0,0;-0,1992;0,88;0;0,0201;0;1;4;0;0
7;HapticsFixedCC;4;39,875;159,9401;9,3;-2,227;0,0;0,0;0,0;-0,1992;0,83;0;0,0201;0;1;4;0;0
7;HapticsFixedCC;4;39,8889;159,9401;9,6;-2,2409;0,0;0,0;0,0;-0,1992;0,77;0;0,0201;0;1;4;0;0
7;HapticsFixedCC;4;39,9028;159,6781;9,6;-2,2466;0,0;0,0;0,0;-0,198;1,02;0;0,0203;0;1;4;0;0
7;HapticsFixedCC;4;39,9167;159,641;9,6;-2,2424;0,0;0,0;0,0;-0,1979;1,01;0;0,0204;0;1;4;0;0
7;HapticsFixedCC;4;39,9306;159,604;9,6;-2,2291;0,0;0,0;0,0;-0,1979;1,0;0;0,0204;0;1;4;0;0
7;HapticsFixedCC;4;39,9444;159,5669;9,6;-2,1986;0,0;0,0;0,0;-0,1979;0,99;0;0,0204;0;1;4;0;0
7;HapticsFixedCC;4;39,9583;159,5299;9,6;-2,1613;0,0;0,0;0,0;-0,1979;0,98;0;0,0205;0;1;4;0;0
7;HapticsFixedCC;4;39,9722;159,4928;9,6;-2,1164;0,0;0,0;0,0;-0,1979;0,97;0;0,0205;0;1;4;0;0
7;HapticsFixedCC;4;39,9861;159,4832;9,6;-2,0698;0,0;0,0;0,0;-0,1978;0,93;0;0,0205;0;1;4;0;0
7;HapticsFixedCC;4;40,0;159,4832;9,6;-2,0321;0,0;0,0;0,0;-0,1977;0,88;0;0,0205;0;1;4;0;0
7;HapticsFixedCC;4;40,0139;159,4832;9,6;-1,9976;0,0;0,0;0,0;-0,1976;0,83;0;0,0205;0;1;4;0;0
7;HapticsFixedCC;4;40,0278;159,4832;9,6;-1,9684;0,0;0,0;0,0;-0,1975;0,78;0;0,0205;0;1;4;0;0
7;HapticsFixedCC;4;40,0417;159,4832;9,6;-1,9335;0,0;0,0;0,0;-0,1975;0,74;0;0,0205;0;1;4;0;0
7;HapticsFixedCC;4;40,0556;159,4832;9,6;-1,8966;0,0;0,0;0,0;-0,1975;0,69;0;0,0205;0;1;4;0;0
7;HapticsFixedCC;4;40,0694;159,2317;9,6;-1,8754;0,0;0,0;0,0;-0,1963;0,94;0;0,0207;0;1;4;0;0
7;HapticsFixedCC;4;40,0833;159,1947;9,6;-1,8509;0,0;0,0;0,0;-0,1962;0,94;0;0,0208;0;1;4;0;0
7;HapticsFixedCC;4;40,0972;159,1576;9,6;-1,8164;0,0;0,0;0,0;-0,1961;0,94;0;0,0208;0;1;4;0;0
7;HapticsFixedCC;4;40,1111;159,1206;9,6;-1,7872;0,0;0,0;0,0;-0,196;0,94;0;0,0208;0;1;1;0;0
7;HapticsFixedCC;4;40,125;159,0836;9,6;-1,7678;0,0;0,0;0,0;-0,1959;0,94;0;0,0209;0;1;1;0;0
7;HapticsFixedCC;4;40,1389;159,0465;9,6;-1,7573;0,0;0,0;0,0;-0,1958;0,94;0;0,0209;0;1;1;0;0
7;HapticsFixedCC;4;40,1528;159,0289;9,6;-1,7466;0,0;0,0;0,0;-0,1957;0,92;0;0,0209;0;1;1;0;0
7;HapticsFixedCC;4;40,1667;159,0289;9,6;-1,7383;0,0;0,0;0,0;-0,1956;0,88;0;0,0209;0;1;1;0;0
7;HapticsFixedCC;4;40,1806;159,0289;9,6;-1,7345;0,0;0,0;0,0;-0,1954;0,84;0;0,0209;0;1;1;0;0
7;HapticsFixedCC;4;40,1944;159,0289;9,6;-1,7354;0,0;0,0;0,0;-0,1953;0,8;0;0,0209;0;1;1;0;0
7;HapticsFixedCC;4;40,2083;159,0289;9,6;-1,7417;0,0;0,0;0,0;-0,1952;0,75;0;0,0209;0;1;1;0;0
7;HapticsFixedCC;4;40,2222;159,0289;9,6;-1,7547;0,0;0,0;0,0;-0,1952;0,71;0;0,0209;0;1;1;0;0
7;HapticsFixedCC;4;40,2361;158,7854;9,6;-1,7746;0,0;0,0;0,0;-0,194;0,96;0;0,0211;0;1;1;0;0
7;HapticsFixedCC;4;40,25;158,7484;9,6;-1,7993;0,0;0,0;0,0;-0,1938;0,96;0;0,0212;0;1;1;0;0
7;HapticsFixedCC;4;40,2639;158,7113;9,6;-1,829;0,0;0,0;0,0;-0,1937;0,96;0;0,0212;0;1;1;0;0
7;HapticsFixedCC;4;40,2778;158,6743;9,6;-1,8648;0,0;0,0;0,0;-0,1936;0,96;0;0,0213;0;1;1;0;0
7;HapticsFixedCC;4;40,2917;158,6372;9,6;-1,892;0,0;0,0;0,0;-0,1935;0,96;0;0,0213;0;1;1;0;0
7;HapticsFixedCC;4;40,3056;158,6002;9,6;-1,9327;0,0;0,0;0,0;-0,1935;0,96;0;0,0213;0;1;1;0;0
7;HapticsFixedCC;4;40,3194;158,5719;9,6;-1,958;0,0;0,0;0,0;-0,1935;0,94;0;0,0214;0;1;1;0;0
7;HapticsFixedCC;4;40,3333;158,5719;9,6;-2,0055;0,0;0,0;0,0;-0,1934;0,89;0;0,0214;0;1;1;0;0
7;HapticsFixedCC;4;40,3472;158,5719;9,6;-2,0334;0,0;0,0;0,0;-0,1933;0,84;0;0,0214;0;1;1;0;0
7;HapticsFixedCC;4;40,3611;158,5719;9,6;-2,0556;0,0;0,0;0,0;-0,1932;0,79;0;0,0214;0;1;1;0;0
7;HapticsFixedCC;4;40,375;158,5719;9,6;-2,0704;0,0;0,0;0,0;-0,1932;0,74;0;0,0214;0;1;1;0;0
7;HapticsFixedCC;4;40,3889;158,5719;9,6;-2,088;0,0;0,0;0,0;-0,1932;0,69;0;0,0214;0;1;1;0;0
7;HapticsFixedCC;4;40,4028;158,339;9,6;-2,1031;0,0;0,0;0,0;-0,1922;0,93;0;0,0216;0;1;1;0;0
7;HapticsFixedCC;4;40,4167;158,302;9,6;-2,108;0,0;0,0;0,0;-0,1921;0,92;0;0,0216;0;1;1;0;0
7;HapticsFixedCC;4;40,4306;158,2649;9,6;-2,0998;0,0;0,0;0,0;-0,192;0,92;0;0,0217;0;1;1;0;0
7;HapticsFixedCC;4;40,4444;158,2279;9,6;-2,0732;0,0;0,0;0,0;-0,192;0,91;0;0,0217;0;1;1;0;0
7;HapticsFixedCC;4;40,4583;158,1909;9,6;-2,026;0,0;0,0;0,0;-0,192;0,91;0;0,0218;0;1;1;0;0
7;HapticsFixedCC;4;40,4722;158,1538;9,6;-1,9452;0,0;0,0;0,0;-0,192;0,91;0;0,0218;0;1;1;0;0
7;HapticsFixedCC;4;40,4861;158,1176;9,6;-1,8928;0,0;0,0;0,0;-0,192;0,91;0;0,0218;0;1;1;0;0
7;HapticsFixedCC;4;40,5;158,1176;9,6;-1,8552;0,0;0,0;0,0;-0,1919;0,86;0;0,0218;0;1;1;0;0
7;HapticsFixedCC;4;40,5139;158,1176;9,6;-1,8082;0,0;0,0;0,0;-0,1918;0,82;0;0,0218;0;1;1;0;0
7;HapticsFixedCC;4;40,5278;158,1176;9,6;-1,7563;0,0;0,0;0,0;-0,1917;0,77;0;0,0218;0;1;1;0;0
7;HapticsFixedCC;4;40,5417;158,1176;9,6;-1,6754;0,0;0,0;0,0;-0,1916;0,73;0;0,0218;0;1;1;0;0
7;HapticsFixedCC;4;40,5556;158,1176;9,6;-1,6008;0,0;0,0;0,0;-0,1915;0,69;0;0,0218;0;1;1;0;0
7;HapticsFixedCC;4;40,5694;158,1176;9,6;-1,5618;0,0;0,0;0,0;-0,1914;0,66;0;0,0218;0;1;1;0;0
7;HapticsFixedCC;4;40,5833;157,8556;9,6;-1,5095;0,0;0,0;0,0;-0,1901;0,95;0;0,0221;0;1;1;0;0
7;HapticsFixedCC;4;40,5972;157,8186;9,6;-1,4709;0,0;0,0;0,0;-0,1899;0,96;0;0,0222;0;1;1;0;0
7;HapticsFixedCC;4;40,6111;157,7815;9,6;-1,4103;0,0;0,0;0,0;-0,1896;0,97;0;0,0222;0;1;1;0;0
7;HapticsFixedCC;4;40,625;157,7445;9,6;-1,3925;0,0;0,0;0,0;-0,1894;0,99;0;0,0223;0;1;1;0;0
7;HapticsFixedCC;4;40,6389;157,7075;9,6;-1,3729;0,0;0,0;0,0;-0,1892;1,0;0;0,0223;0;1;1;0;0
7;HapticsFixedCC;4;40,6528;157,6704;9,9;-1,3608;0,0;0,0;0,0;-0,1891;1,01;0;0,0223;0;1;1;0;0
7;HapticsFixedCC;4;40,6667;157,6605;9,9;-1,3556;0,0;0,0;0,0;-0,1888;0,99;0;0,0223;0;1;1;0;0
7;HapticsFixedCC;4;40,6806;157,6605;9,9;-1,3552;0,0;0,0;0,0;-0,1884;0,96;0;0,0223;0;1;1;0;0
7;HapticsFixedCC;4;40,6944;157,6605;9,9;-1,3632;0,0;0,0;0,0;-0,1881;0,92;0;0,0223;0;1;1;0;0
7;HapticsFixedCC;4;40,7083;157,6605;9,9;-1,3737;0,0;0,0;0,0;-0,1879;0,89;0;0,0223;0;1;1;0;0
7;HapticsFixedCC;4;40,7222;157,6605;9,9;-1,3865;0,0;0,0;0,0;-0,1876;0,85;0;0,0223;0;1;1;0;0
7;HapticsFixedCC;4;40,7361;157,6605;9,9;-1,4026;0,0;0,0;0,0;-0,1874;0,82;0;0,0223;0;1;1;0;0
7;HapticsFixedCC;4;40,75;157,4011;9,9;-1,4244;0,0;0,0;0,0;-0,1859;1,12;0;0,0227;0;1;1;0;0
7;HapticsFixedCC;4;40,7639;157,3629;9,9;-1,4571;0,0;0,0;0,0;-0,1855;1,13;0;0,0227;0;1;1;0;0
7;HapticsFixedCC;4;40,7778;157,3248;9,9;-1,5105;0,0;0,0;0,0;-0,1852;1,14;0;0,0228;0;1;1;0;0
7;HapticsFixedCC;4;40,7917;157,2866;9,9;-1,5869;0,0;0,0;0,0;-0,185;1,15;0;0,0228;0;1;1;0;0
7;HapticsFixedCC;4;40,8056;157,2484;9,9;-1,6513;0,0;0,0;0,0;-0,1847;1,16;0;0,0228;0;1;1;0;0
7;HapticsFixedCC;4;40,8194;157,2102;9,9;-1,7332;0,0;0,0;0,0;-0,1846;1,17;0;0,0229;0;1;1;0;0
7;HapticsFixedCC;4;40,8333;157,2063;9,9;-1,8094;0,0;0,0;0,0;-0,1842;1,13;0;0,0229;0;1;1;0;0
7;HapticsFixedCC;4;40,8472;157,2063;9,9;-1,9521;0,0;0,0;0,0;-0,184;1,08;0;0,0229;0;1;1;0;0
7;HapticsFixedCC;4;40,8611;157,2063;9,9;-2,0743;0,0;0,0;0,0;-0,1838;1,02;0;0,0229;0;1;1;0;0
7;HapticsFixedCC;4;40,875;157,2063;9,9;-2,205;0,0;0,0;0,0;-0,1837;0,97;0;0,0229;0;1;1;0;0
7;HapticsFixedCC;4;40,8889;157,2063;9,9;-2,3711;0,0;0,0;0,0;-0,1836;0,91;0;0,0229;0;1;1;0;0
7;HapticsFixedCC;4;40,9028;157,2063;9,9;-2,4845;0,0;0,0;0,0;-0,1837;0,85;0;0,0229;0;1;1;0;0
7;HapticsFixedCC;4;40,9167;156,9409;9,9;-2,6715;0,0;0,0;0,0;-0,1824;1,13;0;0,0232;0;1;1;0;0
7;HapticsFixedCC;4;40,9306;156,9027;9,9;-2,8204;0,0;0,0;0,0;-0,1824;1,11;0;0,0233;0;1;1;0;0
7;HapticsFixedCC;4;40,9444;156,8645;9,9;-2,9362;0,0;0,0;0,0;-0,1824;1,09;0;0,0233;0;1;1;0;0
7;HapticsFixedCC;4;40,9583;156,8263;9,9;-3,0661;0,0;0,0;0,0;-0,1826;1,06;0;0,0234;0;1;1;0;0
7;HapticsFixedCC;4;40,9722;156,7881;9,9;-3,1502;0,0;0,0;0,0;-0,1828;1,03;0;0,0234;0;1;1;0;0
7;HapticsFixedCC;4;40,9861;156,7499;9,9;-3,2395;0,0;0,0;0,0;-0,1831;1,0;0;0,0235;0;1;1;0;0
7;HapticsFixedCC;4;41,0;156,7491;9,9;-3,3032;0,0;0,0;0,0;-0,1833;0,92;0;0,0235;0;1;1;0;0
7;HapticsFixedCC;4;41,0139;156,7491;9,9;-3,3321;0,0;0,0;0,0;-0,1836;0,83;0;0,0235;0;1;1;0;0
7;HapticsFixedCC;4;41,0278;156,7491;9,9;-3,3527;0,0;0,0;0,0;-0,1839;0,75;0;0,0235;0;1;1;0;0
7;HapticsFixedCC;4;41,0417;156,7491;9,9;-3,3613;0,0;0,0;0,0;-0,1842;0,66;0;0,0235;0;1;1;0;0
7;HapticsFixedCC;4;41,0556;156,7491;9,9;-3,3703;0,0;0,0;0,0;-0,1847;0,58;0;0,0235;0;1;1;0;0
7;HapticsFixedCC;4;41,0694;156,5187;9,9;-3,37;0,0;0,0;0,0;-0,1839;0,81;0;0,0238;0;1;1;0;0
7;HapticsFixedCC;4;41,0833;156,4805;9,9;-3,343;0,0;0,0;0,0;-0,1842;0,77;0;0,0239;0;1;1;0;0
7;HapticsFixedCC;4;41,0972;156,4423;9,9;-3,2823;0,0;0,0;0,0;-0,1846;0,74;0;0,0239;0;1;1;0;0
7;HapticsFixedCC;4;41,1111;156,4041;9,9;-3,1853;0,0;0,0;0,0;-0,185;0,71;0;0,024;0;1;6;0;0
7;HapticsFixedCC;4;41,125;156,3659;9,9;-3,1017;0,0;0,0;0,0;-0,1854;0,68;0;0,024;0;1;6;0;0
7;HapticsFixedCC;4;41,1389;156,3277;9,9;-3,0284;0,0;0,0;0,0;-0,1859;0,66;0;0,0241;0;1;6;0;0
7;HapticsFixedCC;4;41,1528;156,2948;10,1;-2,9629;0,0;0,0;0,0;-0,1864;0,63;0;0,0241;0;1;6;0;0
7;HapticsFixedCC;4;41,1667;156,2948;10,1;-2,8948;0,0;0,0;0,0;-0,1867;0,55;0;0,0241;0;1;6;0;0
7;HapticsFixedCC;4;41,1806;156,2948;10,1;-2,7929;0,0;0,0;0,0;-0,1871;0,48;0;0,0241;0;1;6;0;0
7;HapticsFixedCC;4;41,1944;156,2948;10,1;-2,7071;0,0;0,0;0,0;-0,1875;0,41;0;0,0241;0;1;6;0;0
7;HapticsFixedCC;4;41,2083;156,2948;10,1;-2,6553;0,0;0,0;0,0;-0,1879;0,34;0;0,0241;0;1;6;0;0
7;HapticsFixedCC;4;41,2222;156,2948;10,1;-2,6254;0,0;0,0;0,0;-0,1884;0,27;0;0,0241;0;1;6;0;0
7;HapticsFixedCC;4;41,2361;156,0536;10,1;-2,5772;0,0;0,0;0,0;-0,1876;0,54;0;0,0245;0;1;6;0;0
7;HapticsFixedCC;4;41,25;156,0146;10,1;-2,5398;0,0;0,0;0,0;-0,1879;0,53;0;0,0245;0;1;6;0;0
7;HapticsFixedCC;4;41,2639;155,9757;10,1;-2,5156;0,0;0,0;0,0;-0,1882;0,52;0;0,0246;0;1;6;0;0
7;HapticsFixedCC;4;41,2778;155,9367;10,1;-2,4987;0,0;0,0;0,0;-0,1886;0,51;0;0,0247;0;1;6;0;0
7;HapticsFixedCC;4;41,2917;155,8977;10,1;-2,4832;0,0;0,0;0,0;-0,1891;0,5;0;0,0247;0;1;6;0;0
7;HapticsFixedCC;4;41,3056;155,8587;10,1;-2,4673;0,0;0,0;0,0;-0,1896;0,49;0;0,0248;0;1;6;0;0
7;HapticsFixedCC;4;41,3194;155,8377;10,1;-2,4482;0,0;0,0;0,0;-0,19;0,46;0;0,0248;0;1;6;0;0
7;HapticsFixedCC;4;41,3333;155,8377;10,1;-2,437;0,0;0,0;0,0;-0,1903;0,39;0;0,0248;0;1;6;0;0
7;HapticsFixedCC;4;41,3472;155,8377;10,1;-2,4321;0,0;0,0;0,0;-0,1907;0,33;0;0,0248;0;1;6;0;0
7;HapticsFixedCC;4;41,3611;155,8377;10,1;-2,435;0,0;0,0;0,0;-0,1912;0,27;0;0,0248;0;1;6;0;0
7;HapticsFixedCC;4;41,375;155,8377;10,1;-2,4481;0,0;0,0;0,0;-0,1917;0,2;0;0,0248;0;1;6;0;0
7;HapticsFixedCC;4;41,3889;155,8377;10,1;-2,4628;0,0;0,0;0,0;-0,1922;0,14;0;0,0248;0;1;6;0;0
7;HapticsFixedCC;4;41,4028;155,5838;10,1;-2,4805;0,0;0,0;0,0;-0,1913;0,44;0;0,0252;0;1;6;0;0
7;HapticsFixedCC;4;41,4167;155,5448;10,1;-2,5077;0,0;0,0;0,0;-0,1917;0,44;0;0,0253;0;1;6;0;0
7;HapticsFixedCC;4;41,4306;155,5059;10,1;-2,5413;0,0;0,0;0,0;-0,1922;0,43;0;0,0253;0;1;6;0;0
7;HapticsFixedCC;4;41,4444;155,4669;10,1;-2,5806;0,0;0,0;0,0;-0,1927;0,41;0;0,0254;0;1;6;0;0
7;HapticsFixedCC;4;41,4583;155,4279;10,1;-2,6294;0,0;0,0;0,0;-0,1933;0,4;0;0,0255;0;1;6;0;0
7;HapticsFixedCC;4;41,4722;155,389;10,1;-2,6875;0,0;0,0;0,0;-0,1939;0,39;0;0,0255;0;1;6;0;0
7;HapticsFixedCC;4;41,4861;155,3832;10,1;-2,7451;0,0;0,0;0,0;-0,1944;0,33;0;0,0255;0;1;6;0;0
7;HapticsFixedCC;4;41,5;155,3832;10,1;-2,8117;0,0;0,0;0,0;-0,1949;0,25;0;0,0255;0;1;6;0;0
7;HapticsFixedCC;4;41,5139;155,3832;10,1;-2,9213;0,0;0,0;0,0;-0,1955;0,18;0;0,0255;0;1;6;0;0
7;HapticsFixedCC;4;41,5278;155,3832;10,1;-2,9875;0,0;0,0;0,0;-0,1962;0,1;0;0,0255;0;1;6;0;0
7;HapticsFixedCC;4;41,5417;155,3832;10,1;-3,0548;0,0;0,0;0,0;-0,1969;0,02;0;0,0255;0;1;6;0;0
7;HapticsFixedCC;4;41,5556;155,1529;10,1;-3,0988;0,0;0,0;0,0;-0,1964;0,28;0;0,0259;0;1;6;0;0
7;HapticsFixedCC;4;41,5694;155,1139;10,1;-3,1416;0,0;0,0;0,0;-0,1971;0,26;0;0,026;0;1;6;0;0
7;HapticsFixedCC;4;41,5833;155,075;10,1;-3,1694;0,0;0,0;0,0;-0,1978;0,23;0;0,0261;0;1;6;0;0
7;HapticsFixedCC;4;41,5972;155,036;10,1;-3,1923;0,0;0,0;0,0;-0,1986;0,21;0;0,0261;0;1;6;0;0
7;HapticsFixedCC;4;41,6111;154,997;10,1;-3,2001;0,0;0,0;0,0;-0,1994;0,19;0;0,0262;0;1;6;0;0
7;HapticsFixedCC;4;41,625;154,958;10,1;-3,2063;0,0;0,0;0,0;-0,2003;0,16;0;0,0263;0;1;6;0;0
7;HapticsFixedCC;4;41,6389;154,9264;10,1;-3,2078;0,0;0,0;0,0;-0,2012;0,13;0;0,0263;0;1;6;0;0
7;HapticsFixedCC;4;41,6528;154,9264;10,1;-3,1977;0,0;0,0;0,0;-0,202;0,04;0;0,0263;0;1;6;0;0
7;HapticsFixedCC;4;41,6667;154,9264;10,1;-3,1866;0,0;0,0;0,0;-0,2028;-0,04;0;0,0263;0;1;6;0;0
7;HapticsFixedCC;4;41,6806;154,9264;10,1;-3,1709;0,0;0,0;0,0;-0,2037;-0,12;0;0,0263;0;1;6;0;0
7;HapticsFixedCC;4;41,6944;154,9264;10,1;-3,1484;0,0;0,0;0,0;-0,2046;-0,2;0;0,0263;0;1;6;0;0
7;HapticsFixedCC;4;41,7083;154,9264;10,1;-3,1293;0,0;0,0;0,0;-0,2056;-0,28;0;0,0263;0;1;6;0;0
7;HapticsFixedCC;4;41,7222;154,6828;10,1;-3,1061;0,0;0,0;0,0;-0,2052;0,0;0;0,0265;0;1;6;0;0
7;HapticsFixedCC;4;41,7361;154,6439;10,1;-3,0791;0,0;0,0;0,0;-0,206;0,0;0;0,0266;0;1;6;0;0
7;HapticsFixedCC;4;41,75;154,6049;10,1;-3,0587;0,0;0,0;0,0;-0,2069;-0,03;0;0,0266;0;1;6;0;0
7;HapticsFixedCC;4;41,7639;154,566;10,1;-3,0366;0,0;0,0;0,0;-0,2079;-0,05;0;0,0266;0;1;6;0;0
7;HapticsFixedCC;4;41,7778;154,527;10,1;-3,0197;0,0;0,0;0,0;-0,2089;-0,07;0;0,0266;0;1;6;0;0
7;HapticsFixedCC;4;41,7917;154,488;10,1;-3,0065;0,0;0,0;0,0;-0,2099;-0,08;0;0,0267;0;1;6;0;0
7;HapticsFixedCC;4;41,8056;154,4734;10,1;-2,9935;0,0;0,0;0,0;-0,2108;-0,14;0;0,0267;0;1;6;0;0
7;HapticsFixedCC;4;41,8194;154,4734;10,1;-2,9685;0,0;0,0;0,0;-0,2117;-0,22;0;0,0267;0;1;6;0;0
7;HapticsFixedCC;4;41,8333;154,4734;10,1;-2,9456;0,0;0,0;0,0;-0,2127;-0,29;0;0,0267;0;1;6;0;0
7;HapticsFixedCC;4;41,8472;154,4734;10,1;-2,9202;0,0;0,0;0,0;-0,2137;-0,37;0;0,0267;0;1;6;0;0
7;HapticsFixedCC;4;41,8611;154,4734;10,1;-2,8967;0,0;0,0;0,0;-0,2147;-0,44;0;0,0267;0;1;6;0;0
7;HapticsFixedCC;4;41,875;154,4734;10,1;-2,8836;0,0;0,0;0,0;-0,2158;-0,52;0;0,0267;0;1;6;0;0
7;HapticsFixedCC;4;41,8889;154,2127;10,0;-2,8653;0,0;0,0;0,0;-0,2153;-0,2;0;0,0262;0;1;6;0;0
7;HapticsFixedCC;4;41,9028;154,1742;10,0;-2,8418;0,0;0,0;0,0;-0,2163;-0,21;0;0,0262;0;1;6;0;0
7;HapticsFixedCC;4;41,9167;154,1356;10,0;-2,8269;0,0;0,0;0,0;-0,2172;-0,23;0;0,0261;0;1;6;0;0
7;HapticsFixedCC;4;41,9306;154,097;10,0;-2,8095;0,0;0,0;0,0;-0,2182;-0,24;0;0,026;0;1;6;0;0
7;HapticsFixedCC;4;41,9444;154,0584;10,0;-2,7963;0,0;0,0;0,0;-0,2193;-0,26;0;0,0259;0;1;6;0;0
7;HapticsFixedCC;4;41,9583;154,0199;10,0;-2,7865;0,0;0,0;0,0;-0,2204;-0,27;0;0,0259;0;1;6;0;0
7;HapticsFixedCC;4;41,9722;154,0184;10,0;-2,7797;0,0;0,0;0,0;-0,2213;-0,34;0;0,0259;0;1;6;0;0
7;HapticsFixedCC;4;41,9861;154,0184;10,0;-2,766;0,0;0,0;0,0;-0,2223;-0,41;0;0,0259;0;1;6;0;0
7;HapticsFixedCC;4;42,0;154,0184;10,0;-2,7506;0,0;0,0;0,0;-0,2233;-0,48;0;0,0259;0;1;6;0;0
7;HapticsFixedCC;4;42,0139;154,0184;10,0;-2,7176;0,0;0,0;0,0;-0,2243;-0,55;0;0,0259;0;1;6;0;0
7;HapticsFixedCC;4;42,0278;154,0184;10,0;-2,6842;0,0;0,0;0,0;-0,2254;-0,62;0;0,0259;0;1;6;0;0
7;HapticsFixedCC;4;42,0417;153,7858;10,0;-2,6361;0,0;0,0;0,0;-0,2252;-0,35;0;0,0255;0;1;6;0;0
7;HapticsFixedCC;4;42,0556;153,7472;10,0;-2,5587;0,0;0,0;0,0;-0,2261;-0,36;0;0,0254;0;1;6;0;0
7;HapticsFixedCC;4;42,0694;153,7086;10,0;-2,4529;0,0;0,0;0,0;-0,2271;-0,36;0;0,0254;0;1;6;0;0
7;HapticsFixedCC;4;42,0833;153,6701;10,0;-2,3844;0,0;0,0;0,0;-0,228;-0,37;0;0,0253;0;1;6;0;0
7;HapticsFixedCC;4;42,0972;153,6315;10,0;-2,2895;0,0;0,0;0,0;-0,229;-0,37;0;0,0252;0;1;6;0;0
7;HapticsFixedCC;4;42,1111;153,5929;10,0;-2,2186;0,0;0,0;0,0;-0,23;-0,37;0;0,0252;0;1;6;0;0
7;HapticsFixedCC;4;42,125;153,5623;10,0;-2,1492;0,0;0,0;0,0;-0,231;-0,38;0;0,0251;0;1;4;0;0
7;HapticsFixedCC;4;42,1389;153,5623;10,0;-2,065;0,0;0,0;0,0;-0,2318;-0,43;0;0,0251;0;1;4;0;0
7;HapticsFixedCC;4;42,1528;153,5623;10,0;-2,0078;0,0;0,0;0,0;-0,2326;-0,48;0;0,0251;0;1;4;0;0
7;HapticsFixedCC;4;42,1667;153,5623;10,0;-1,9165;0,0;0,0;0,0;-0,2335;-0,53;0;0,0251;0;1;4;0;0
7;HapticsFixedCC;4;42,1806;153,5623;10,0;-1,8982;0,0;0,0;0,0;-0,2343;-0,58;0;0,0251;0;1;4;0;0
7;HapticsFixedCC;4;42,1944;153,5623;10,0;-1,8106;0,0;0,0;0,0;-0,2352;-0,62;0;0,0251;0;1;4;0;0
7;HapticsFixedCC;4;42,2083;153,3203;10,0;-1,5883;0,0;0,0;0,0;-0,2347;-0,32;0;0,0247;0;1;4;0;0
7;HapticsFixedCC;4;42,2222;153,2817;10,0;-1,408;0,0;0,0;0,0;-0,2353;-0,3;0;0,0247;0;1;4;0;0
7;HapticsFixedCC;4;42,2361;153,2431;10,0;-1,2687;0,0;0,0;0,0;-0,2359;-0,28;0;0,0246;0;1;4;0;0
7;HapticsFixedCC;4;42,25;153,2045;10,0;-1,0919;0,0;0,0;0,0;-0,2364;-0,25;0;0,0246;0;1;4;0;0
7;HapticsFixedCC;4;42,2639;153,1659;10,0;-0,9237;0,0;0,0;0,0;-0,237;-0,22;0;0,0245;0;1;4;0;0
7;HapticsFixedCC;4;42,2778;153,1274;10,0;-0,7367;0,0;0,0;0,0;-0,2375;-0,19;0;0,0244;0;1;4;0;0
7;HapticsFixedCC;4;42,2917;153,1069;10,0;-0,6095;0,0;0,0;0,0;-0,2379;-0,17;0;0,0244;0;1;4;0;0
7;HapticsFixedCC;4;42,3056;153,1069;10,0;-0,584;0,0;0,0;0,0;-0,2382;-0,19;0;0,0244;0;1;4;0;0
7;HapticsFixedCC;4;42,3194;153,1069;10,0;-0,4103;0,0;0,0;0,0;-0,2384;-0,2;0;0,0244;0;1;4;0;0
7;HapticsFixedCC;4;42,3333;153,1069;10,0;-0,2957;0,0;0,0;0,0;-0,2386;-0,21;0;0,0244;0;1;4;0;0
7;HapticsFixedCC;4;42,3472;153,1069;10,0;-0,2194;0,0;0,0;0,0;-0,2388;-0,21;0;0,0244;0;1;4;0;0
7;HapticsFixedCC;4;42,3611;153,1069;10,0;-0,1893;0,0;0,0;0,0;-0,239;-0,21;0;0,0244;0;1;4;0;0
7;HapticsFixedCC;4;42,375;152,8547;10,0;-0,1482;0,0;0,0;0,0;-0,2377;0,13;0;0,024;0;1;4;0;0
7;HapticsFixedCC;4;42,3889;152,8161;10,0;-0,1244;0,0;0,0;0,0;-0,2377;0,18;0;0,024;0;1;4;0;0
7;HapticsFixedCC;4;42,4028;152,7775;10,5;-0,1197;0,0;0,0;0,0;-0,2376;0,23;0;0,0239;0;1;4;0;0
7;HapticsFixedCC;4;42,4167;152,737;10,5;-0,1073;0,0;0,0;0,0;-0,2376;0,28;0;0,0239;0;1;4;0;0
7;HapticsFixedCC;4;42,4306;152,6965;10,5;-0,1077;0,0;0,0;0,0;-0,2375;0,34;0;0,0238;0;1;4;0;0
7;HapticsFixedCC;4;42,4444;152,656;10,5;-0,1418;0,0;0,0;0,0;-0,2375;0,39;0;0,0238;0;1;4;0;0
7;HapticsFixedCC;4;42,4583;152,6511;10,5;-0,1888;0,0;0,0;0,0;-0,2372;0,39;0;0,0238;0;1;4;0;0
7;HapticsFixedCC;4;42,4722;152,6511;10,5;-0,2409;0,0;0,0;0,0;-0,237;0,39;0;0,0238;0;1;4;0;0
7;HapticsFixedCC;4;42,4861;152,6511;10,5;-0,276;0,0;0,0;0,0;-0,2368;0,38;0;0,0238;0;1;4;0;0
7;HapticsFixedCC;4;42,5;152,6511;10,5;-0,2953;0,0;0,0;0,0;-0,2366;0,37;0;0,0238;0;1;4;0;0
7;HapticsFixedCC;4;42,5139;152,6511;10,5;-0,2991;0,0;0,0;0,0;-0,2364;0,37;0;0,0238;0;1;4;0;0
7;HapticsFixedCC;4;42,5278;152,4104;10,5;-0,316;0,0;0,0;0,0;-0,2349;0,68;0;0,0234;0;1;4;0;0
7;HapticsFixedCC;4;42,5417;152,3699;10,5;-0,3212;0,0;0,0;0,0;-0,2345;0,73;0;0,0234;0;1;4;0;0
7;HapticsFixedCC;4;42,5556;152,3294;10,5;-0,3221;0,0;0,0;0,0;-0,2341;0,77;0;0,0233;0;1;4;0;0
7;HapticsFixedCC;4;42,5694;152,2888;10,5;-0,3195;0,0;0,0;0,0;-0,2337;0,82;0;0,0233;0;1;4;0;0
7;HapticsFixedCC;4;42,5833;152,2483;10,5;-0,3116;0,0;0,0;0,0;-0,2334;0,87;0;0,0232;0;1;4;0;0
7;HapticsFixedCC;4;42,5972;152,2078;10,5;-0,3074;0,0;0,0;0,0;-0,233;0,91;0;0,0232;0;1;4;0;0
7;HapticsFixedCC;4;42,6111;152,1954;10,5;-0,3065;0,0;0,0;0,0;-0,2324;0,92;0;0,0231;0;1;4;0;0
7;HapticsFixedCC;4;42,625;152,1954;10,5;-0,3064;0,0;0,0;0,0;-0,2319;0,91;0;0,0231;0;1;4;0;0
7;HapticsFixedCC;4;42,6389;152,1954;10,5;-0,3347;0,0;0,0;0,0;-0,2313;0,91;0;0,0231;0;1;4;0;0
7;HapticsFixedCC;4;42,6528;152,1954;10,5;-0,3737;0,0;0,0;0,0;-0,2307;0,9;0;0,0231;0;1;4;0;0
7;HapticsFixedCC;4;42,6667;152,1954;10,5;-0,4176;0,0;0,0;0,0;-0,2302;0,88;0;0,0231;0;1;4;0;0
7;HapticsFixedCC;4;42,6806;151,9624;10,5;-0,4824;0,0;0,0;0,0;-0,2285;1,18;0;0,0229;0;1;4;0;0
7;HapticsFixedCC;4;42,6944;151,9219;10,5;-0,5457;0,0;0,0;0,0;-0,2278;1,22;0;0,0228;0;1;4;0;0
7;HapticsFixedCC;4;42,7083;151,8813;10,5;-0,5862;0,0;0,0;0,0;-0,2271;1,25;0;0,0228;0;1;4;0;0
7;HapticsFixedCC;4;42,7222;151,8409;10,5;-0,5941;0,0;0,0;0,0;-0,2265;1,29;0;0,0227;0;1;4;0;0
7;HapticsFixedCC;4;42,7361;151,8003;10,5;-0,6768;0,0;0,0;0,0;-0,2258;1,33;0;0,0226;0;1;4;0;0
7;HapticsFixedCC;4;42,75;151,7598;10,5;-0,7385;0,0;0,0;0,0;-0,2252;1,36;0;0,0226;0;1;4;0;0
7;HapticsFixedCC;4;42,7639;151,7398;10,5;-0,7755;0,0;0,0;0,0;-0,2246;1,37;0;0,0226;0;1;4;0;0
7;HapticsFixedCC;4;42,7778;151,7398;10,5;-0,8097;0,0;0,0;0,0;-0,2238;1,34;0;0,0226;0;1;4;0;0
7;HapticsFixedCC;4;42,7917;151,7398;10,5;-0,854;0,0;0,0;0,0;-0,2231;1,32;0;0,0226;0;1;4;0;0
7;HapticsFixedCC;4;42,8056;151,7398;10,5;-0,8887;0,0;0,0;0,0;-0,2223;1,3;0;0,0226;0;1;4;0;0
7;HapticsFixedCC;4;42,8194;151,7398;10,5;-0,919;0,0;0,0;0,0;-0,2217;1,27;0;0,0226;0;1;4;0;0
7;HapticsFixedCC;4;42,8333;151,7398;10,5;-0,9251;0,0;0,0;0,0;-0,221;1,25;0;0,0226;0;1;4;0;0
7;HapticsFixedCC;4;42,8472;151,474;10,5;-0,94;0,0;0,0;0,0;-0,219;1,56;0;0,0223;0;1;4;0;0
7;HapticsFixedCC;4;42,8611;151,4335;10,5;-0,9499;0,0;0,0;0,0;-0,2182;1,59;0;0,0222;0;1;4;0;0
7;HapticsFixedCC;4;42,875;151,393;10,5;-0,9538;0,0;0,0;0,0;-0,2174;1,62;0;0,0222;0;1;4;0;0
7;HapticsFixedCC;4;42,8889;151,3525;10,1;-0,955;0,0;0,0;0,0;-0,2165;1,65;0;0,0221;0;1;4;0;0
7;HapticsFixedCC;4;42,9028;151,3136;10,1;-0,9499;0,0;0,0;0,0;-0,2158;1,67;0;0,0221;0;1;4;0;0
7;HapticsFixedCC;4;42,9167;151,284;10,1;-0,9409;0,0;0,0;0,0;-0,215;1,69;0;0,022;0;1;4;0;0
7;HapticsFixedCC;4;42,9306;151,284;10,1;-0,9347;0,0;0,0;0,0;-0,2141;1,66;0;0,022;0;1;4;0;0
7;HapticsFixedCC;4;42,9444;151,284;10,1;-0,9334;0,0;0,0;0,0;-0,2132;1,64;0;0,022;0;1;4;0;0
7;HapticsFixedCC;4;42,9583;151,284;10,1;-0,9359;0,0;0,0;0,0;-0,2123;1,61;0;0,022;0;1;4;0;0
7;HapticsFixedCC;4;42,9722;151,284;10,1;-0,9547;0,0;0,0;0,0;-0,2115;1,59;0;0,022;0;1;4;0;0
7;HapticsFixedCC;4;42,9861;151,284;10,1;-0,9904;0,0;0,0;0,0;-0,2107;1,56;0;0,022;0;1;4;0;0
7;HapticsFixedCC;4;43,0;151,0387;10,1;-1,0362;0,0;0,0;0,0;-0,2086;1,84;0;0,0218;0;1;4;0;0
7;HapticsFixedCC;4;43,0139;150,9998;10,1;-1,0921;0,0;0,0;0,0;-0,2077;1,86;0;0,0217;0;1;4;0;0
7;HapticsFixedCC;4;43,0278;150,9608;10,1;-1,1032;0,0;0,0;0,0;-0,2067;1,88;0;0,0217;0;1;4;0;0
7;HapticsFixedCC;4;43,0417;150,9219;10,1;-1,1542;0,0;0,0;0,0;-0,2058;1,9;0;0,0217;0;1;4;0;0
7;HapticsFixedCC;4;43,0556;150,8829;10,1;-1,3098;0,0;0,0;0,0;-0,205;1,92;0;0,0216;0;1;4;0;0
7;HapticsFixedCC;4;43,0694;150,8439;10,1;-1,4046;0,0;0,0;0,0;-0,2042;1,93;0;0,0216;0;1;4;0;0
7;HapticsFixedCC;4;43,0833;150,8284;10,1;-1,4856;0,0;0,0;0,0;-0,2033;1,91;0;0,0216;0;1;4;0;0
7;HapticsFixedCC;4;43,0972;150,8284;10,1;-1,5584;0,0;0,0;0,0;-0,2024;1,87;0;0,0216;0;1;4;0;0
7;HapticsFixedCC;4;43,1111;150,8284;10,1;-1,6392;0,0;0,0;0,0;-0,2015;1,83;0;0,0216;0;1;4;0;0
7;HapticsFixedCC;4;43,125;150,8284;10,1;-1,6817;0,0;0,0;0,0;-0,2007;1,79;0;0,0216;0;1;4;0;0
7;HapticsFixedCC;4;43,1389;150,8284;10,1;-1,7362;0,0;0,0;0,0;-0,1999;1,74;0;0,0216;0;1;0;0;0
7;HapticsFixedCC;4;43,1528;150,8284;10,1;-1,7472;0,0;0,0;0,0;-0,1992;1,7;0;0,0216;0;1;0;0;0
7;HapticsFixedCC;4;43,1667;150,5692;10,1;-1,8784;0,0;0,0;0,0;-0,1972;1,97;0;0,0213;0;1;0;0;0
7;HapticsFixedCC;4;43,1806;150,5303;10,1;-1,9841;0,0;0,0;0,0;-0,1964;1,96;0;0,0213;0;1;0;0;0
7;HapticsFixedCC;4;43,1944;150,4913;10,1;-2,0778;0,0;0,0;0,0;-0,1957;1,96;0;0,0212;0;1;0;0;0
7;HapticsFixedCC;4;43,2083;150,4524;10,1;-2,1318;0,0;0,0;0,0;-0,195;1,95;0;0,0212;0;1;0;0;0
7;HapticsFixedCC;4;43,2222;150,4134;10,1;-2,2087;0,0;0,0;0,0;-0,1944;1,94;0;0,0211;0;1;0;0;0
7;HapticsFixedCC;4;43,2361;150,3744;10,1;-2,266;0,0;0,0;0,0;-0,1938;1,93;0;0,0211;0;1;0;0;0
7;HapticsFixedCC;4;43,25;150,3727;10,1;-2,3164;0,0;0,0;0,0;-0,1931;1,87;0;0,0211;0;1;0;0;0
7;HapticsFixedCC;4;43,2639;150,3727;10,1;-2,3265;0,0;0,0;0,0;-0,1924;1,81;0;0,0211;0;1;0;0;0
7;HapticsFixedCC;4;43,2778;150,3727;10,1;-2,4125;0,0;0,0;0,0;-0,1918;1,75;0;0,0211;0;1;0;0;0
7;HapticsFixedCC;4;43,2917;150,3727;10,1;-2,4686;0,0;0,0;0,0;-0,1912;1,69;0;0,0211;0;1;0;0;0
7;HapticsFixedCC;4;43,3056;150,3727;10,1;-2,5215;0,0;0,0;0,0;-0,1907;1,62;0;0,0211;0;1;0;0;0
7;HapticsFixedCC;4;43,3194;150,1388;10,1;-2,5801;0,0;0,0;0,0;-0,1892;1,83;0;0,0209;0;1;0;0;0
7;HapticsFixedCC;4;43,3333;150,0998;10,1;-2,6284;0,0;0,0;0,0;-0,1887;1,81;0;0,0208;0;1;0;0;0
7;HapticsFixedCC;4;43,3472;150,0609;10,1;-2,6381;0,0;0,0;0,0;-0,1882;1,79;0;0,0208;0;1;0;0;0
7;HapticsFixedCC;4;43,3611;150,0219;10,1;-2,6744;0,0;0,0;0,0;-0,1877;1,77;0;0,0208;0;1;0;0;0
7;HapticsFixedCC;4;43,375;149,9829;10,1;-2,7419;0,0;0,0;0,0;-0,1873;1,74;0;0,0207;0;1;0;0;0
7;HapticsFixedCC;4;43,3889;149,9439;10,1;-2,7887;0,0;0,0;0,0;-0,187;1,72;0;0,0207;0;1;0;0;0
7;HapticsFixedCC;4;43,4028;149,9171;10,1;-2,8301;0,0;0,0;0,0;-0,1867;1,68;0;0,0207;0;1;0;0;0
7;HapticsFixedCC;4;43,4167;149,9171;10,1;-2,8709;0,0;0,0;0,0;-0,1863;1,6;0;0,0207;0;1;0;0;0
7;HapticsFixedCC;4;43,4306;149,9171;10,1;-2,8994;0,0;0,0;0,0;-0,1859;1,53;0;0,0207;0;1;0;0;0
7;HapticsFixedCC;4;43,4444;149,9171;10,1;-2,9211;0,0;0,0;0,0;-0,1856;1,45;0;0,0207;0;1;0;0;0
7;HapticsFixedCC;4;43,4583;149,9171;10,1;-2,9316;0,0;0,0;0,0;-0,1854;1,38;0;0,0207;0;1;0;0;0
7;HapticsFixedCC;4;43,4722;149,9171;10,1;-2,9339;0,0;0,0;0,0;-0,1853;1,3;0;0,0207;0;1;0;0;0
7;HapticsFixedCC;4;43,4861;149,6694;10,1;-2,9124;0,0;0,0;0,0;-0,184;1,52;0;0,0205;0;1;0;0;0
7;HapticsFixedCC;4;43,5;149,6304;10,1;-2,8693;0,0;0,0;0,0;-0,1837;1,49;0;0,0204;0;1;0;0;0
7;HapticsFixedCC;4;43,5139;149,5914;10,1;-2,7913;0,0;0,0;0,0;-0,1835;1,46;0;0,0204;0;1;0;0;0
7;HapticsFixedCC;4;43,5278;149,5525;10,1;-2,7391;0,0;0,0;0,0;-0,1833;1,44;0;0,0204;0;1;0;0;0
7;HapticsFixedCC;4;43,5417;149,5135;10,1;-2,6915;0,0;0,0;0,0;-0,1831;1,41;0;0,0203;0;1;0;0;0
7;HapticsFixedCC;4;43,5556;149,4745;10,1;-2,6351;0,0;0,0;0,0;-0,183;1,39;0;0,0203;0;1;0;0;0
7;HapticsFixedCC;4;43,5694;149,4613;10,1;-2,5594;0,0;0,0;0,0;-0,1828;1,34;0;0,0203;0;1;0;0;0
7;HapticsFixedCC;4;43,5833;149,4613;10,1;-2,5443;0,0;0,0;0,0;-0,1825;1,28;0;0,0203;0;1;0;0;0
7;HapticsFixedCC;4;43,5972;149,4613;10,1;-2,4118;0,0;0,0;0,0;-0,1823;1,21;0;0,0203;0;1;0;0;0
7;HapticsFixedCC;4;43,6111;149,4613;10,1;-2,3377;0,0;0,0;0,0;-0,182;1,15;0;0,0203;0;1;0;0;0
7;HapticsFixedCC;4;43,625;149,4613;10,1;-2,2642;0,0;0,0;0,0;-0,1818;1,09;0;0,0203;0;1;0;0;0
7;HapticsFixedCC;4;43,6389;149,4613;10,1;-2,1791;0,0;0,0;0,0;-0,1816;1,04;0;0,0203;0;1;0;0;0
7;HapticsFixedCC;4;43,6528;149,2001;10,1;-2,1179;0,0;0,0;0,0;-0,1803;1,28;0;0,0201;0;1;0;0;0
7;HapticsFixedCC;4;43,6667;149,1611;9,8;-2,1056;0,0;0,0;0,0;-0,18;1,28;0;0,02;0;1;0;0;0
7;HapticsFixedCC;4;43,6806;149,1233;9,8;-2,0749;0,0;0,0;0,0;-0,1797;1,27;0;0,02;0;1;0;0;0
7;HapticsFixedCC;4;43,6944;149,0855;9,8;-2,0214;0,0;0,0;0,0;-0,1794;1,26;0;0,02;0;1;0;0;0
7;HapticsFixedCC;4;43,7083;149,0477;9,8;-1,9924;0,0;0,0;0,0;-0,1792;1,26;0;0,0199;0;1;0;0;0
7;HapticsFixedCC;4;43,7222;149,0099;9,8;-1,9793;0,0;0,0;0,0;-0,179;1,25;0;0,0199;0;1;0;0;0
7;HapticsFixedCC;4;43,7361;149,0056;9,8;-1,9738;0,0;0,0;0,0;-0,1787;1,21;0;0,0199;0;1;0;0;0
7;HapticsFixedCC;4;43,75;149,0056;9,8;-1,9763;0,0;0,0;0,0;-0,1784;1,16;0;0,0199;0;1;0;0;0
7;HapticsFixedCC;4;43,7639;149,0056;9,8;-1,9807;0,0;0,0;0,0;-0,1782;1,11;0;0,0199;0;1;0;0;0
7;HapticsFixedCC;4;43,7778;149,0056;9,8;-1,9839;0,0;0,0;0,0;-0,1779;1,05;0;0,0199;0;1;0;0;0
7;HapticsFixedCC;4;43,7917;149,0056;9,8;-1,9845;0,0;0,0;0,0;-0,1777;1,0;0;0,0199;0;1;0;0;0
7;HapticsFixedCC;4;43,8056;149,0056;9,8;-1,9942;0,0;0,0;0,0;-0,1776;0,95;0;0,0199;0;1;0;0;0
7;HapticsFixedCC;4;43,8194;148,7436;9,8;-1,9962;0,0;0,0;0,0;-0,1763;1,2;0;0,0197;0;1;0;0;0
7;HapticsFixedCC;4;43,8333;148,7057;9,8;-2,0162;0,0;0,0;0,0;-0,176;1,19;0;0,0197;0;1;0;0;0
7;HapticsFixedCC;4;43,8472;148,6679;9,8;-2,033;0,0;0,0;0,0;-0,1758;1,18;0;0,0197;0;1;0;0;0
7;HapticsFixedCC;4;43,8611;148,6301;9,8;-2,0548;0,0;0,0;0,0;-0,1757;1,17;0;0,0196;0;1;0;0;0
7;HapticsFixedCC;4;43,875;148,5923;9,8;-2,068;0,0;0,0;0,0;-0,1755;1,16;0;0,0196;0;1;0;0;0
7;HapticsFixedCC;4;43,8889;148,5545;9,8;-2,0941;0,0;0,0;0,0;-0,1754;1,15;0;0,0196;0;1;0;0;0
7;HapticsFixedCC;4;43,9028;148,55;9,8;-2,0994;0,0;0,0;0,0;-0,1752;1,11;0;0,0196;0;1;0;0;0
7;HapticsFixedCC;4;43,9167;148,55;9,8;-2,1476;0,0;0,0;0,0;-0,1751;1,05;0;0,0196;0;1;0;0;0
7;HapticsFixedCC;4;43,9306;148,55;9,8;-2,187;0,0;0,0;0,0;-0,175;1,0;0;0,0196;0;1;0;0;0
7;HapticsFixedCC;4;43,9444;148,55;9,8;-2,2242;0,0;0,0;0,0;-0,1749;0,94;0;0,0196;0;1;0;0;0
7;HapticsFixedCC;4;43,9583;148,55;9,8;-2,2692;0,0;0,0;0,0;-0,1749;0,89;0;0,0196;0;1;0;0;0
7;HapticsFixedCC;4;43,9722;148,55;9,8;-2,2781;0,0;0,0;0,0;-0,1749;0,83;0;0,0196;0;1;0;0;0
7;HapticsFixedCC;4;43,9861;148,2882;9,8;-2,3808;0,0;0,0;0,0;-0,1738;1,06;0;0,0194;0;1;0;0;0
7;HapticsFixedCC;4;44,0;148,2504;9,8;-2,4396;0,0;0,0;0,0;-0,1738;1,04;0;0,0194;0;1;0;0;0
7;HapticsFixedCC;4;44,0139;148,2126;9,8;-2,4513;0,0;0,0;0,0;-0,1738;1,02;0;0,0193;0;1;0;0;0
7;HapticsFixedCC;4;44,0278;148,1748;9,8;-2,587;0,0;0,0;0,0;-0,1739;1,0;0;0,0193;0;1;0;0;0
7;HapticsFixedCC;4;44,0417;148,137;9,8;-2,6502;0,0;0,0;0,0;-0,174;0,98;0;0,0193;0;1;0;0;0
7;HapticsFixedCC;4;44,0556;148,0992;9,8;-2,696;0,0;0,0;0,0;-0,1742;0,95;0;0,0193;0;1;0;0;0
7;HapticsFixedCC;4;44,0694;148,0942;9,8;-2,7409;0,0;0,0;0,0;-0,1743;0,89;0;0,0192;0;1;0;0;0
7;HapticsFixedCC;4;44,0833;148,0942;9,8;-2,7783;0,0;0,0;0,0;-0,1744;0,82;0;0,0192;0;1;0;0;0
7;HapticsFixedCC;4;44,0972;148,0942;9,8;-2,8219;0,0;0,0;0,0;-0,1746;0,75;0;0,0192;0;1;0;0;0
7;HapticsFixedCC;4;44,1111;148,0942;9,8;-2,8478;0,0;0,0;0,0;-0,1749;0,68;0;0,0192;0;1;0;0;0
7;HapticsFixedCC;4;44,125;148,0942;9,8;-2,8531;0,0;0,0;0,0;-0,1752;0,6;0;0,0192;0;1;0;0;0
7;HapticsFixedCC;4;44,1389;148,0942;10,1;-2,8693;0,0;0,0;0,0;-0,1756;0,53;0;0,0192;0;1;7;0;0
7;HapticsFixedCC;4;44,1528;147,8318;10,1;-2,8764;0,0;0,0;0,0;-0,1749;0,74;0;0,0191;0;1;7;0;0
7;HapticsFixedCC;4;44,1667;147,7928;10,1;-2,8629;0,0;0,0;0,0;-0,1752;0,71;0;0,0191;0;1;7;0;0
7;HapticsFixedCC;4;44,1806;147,7538;10,1;-2,8335;0,0;0,0;0,0;-0,1755;0,68;0;0,019;0;1;7;0;0
7;HapticsFixedCC;4;44,1944;147,7149;10,1;-2,7752;0,0;0,0;0,0;-0,1758;0,65;0;0,019;0;1;7;0;0
7;HapticsFixedCC;4;44,2083;147,6759;10,1;-2,6908;0,0;0,0;0,0;-0,1762;0,63;0;0,019;0;1;7;0;0
7;HapticsFixedCC;4;44,2222;147,6387;10,1;-2,6127;0,0;0,0;0,0;-0,1766;0,6;0;0,019;0;1;7;0;0
7;HapticsFixedCC;4;44,2361;147,6387;10,1;-2,5973;0,0;0,0;0,0;-0,1769;0,53;0;0,019;0;1;7;0;0
7;HapticsFixedCC;4;44,25;147,6387;10,1;-2,4702;0,0;0,0;0,0;-0,1772;0,47;0;0,019;0;1;7;0;0
7;HapticsFixedCC;4;44,2639;147,6387;10,1;-2,3632;0,0;0,0;0,0;-0,1776;0,41;0;0,019;0;1;7;0;0
7;HapticsFixedCC;4;44,2778;147,6387;10,1;-2,3418;0,0;0,0;0,0;-0,1779;0,35;0;0,019;0;1;7;0;0
7;HapticsFixedCC;4;44,2917;147,6387;10,1;-2,2144;0,0;0,0;0,0;-0,1783;0,29;0;0,019;0;1;7;0;0
7;HapticsFixedCC;4;44,3056;147,4016;10,1;-2,1722;0,0;0,0;0,0;-0,1777;0,49;0;0,0188;0;1;7;0;0
7;HapticsFixedCC;4;44,3194;147,3626;10,1;-2,1453;0,0;0,0;0,0;-0,1779;0,47;0;0,0188;0;1;7;0;0
7;HapticsFixedCC;4;44,3333;147,3236;10,1;-2,1319;0,0;0,0;0,0;-0,1782;0,46;0;0,0188;0;1;7;0;0
7;HapticsFixedCC;4;44,3472;147,2847;10,1;-2,1294;0,0;0,0;0,0;-0,1785;0,45;0;0,0187;0;1;7;0;0
7;HapticsFixedCC;4;44,3611;147,2457;10,1;-2,1185;0,0;0,0;0,0;-0,1789;0,44;0;0,0187;0;1;7;0;0
7;HapticsFixedCC;4;44,375;147,2067;10,1;-2,1236;0,0;0,0;0,0;-0,1793;0,42;0;0,0187;0;1;7;0;0
7;HapticsFixedCC;4;44,3889;147,1828;9,9;-2,1303;0,0;0,0;0,0;-0,1796;0,4;0;0,0187;0;1;7;0;0
7;HapticsFixedCC;4;44,4028;147,1828;9,9;-2,1378;0,0;0,0;0,0;-0,1799;0,34;0;0,0187;0;1;7;0;0
7;HapticsFixedCC;4;44,4167;147,1828;9,9;-2,1353;0,0;0,0;0,0;-0,1803;0,29;0;0,0187;0;1;7;0;0
7;HapticsFixedCC;4;44,4306;147,1828;9,9;-2,1349;0,0;0,0;0,0;-0,1807;0,23;0;0,0187;0;1;7;0;0
7;HapticsFixedCC;4;44,4444;147,1828;9,9;-2,1298;0,0;0,0;0,0;-0,1811;0,18;0;0,0187;0;1;7;0;0
7;HapticsFixedCC;4;44,4583;147,1828;9,9;-2,1165;0,0;0,0;0,0;-0,1815;0,12;0;0,0187;0;1;7;0;0
7;HapticsFixedCC;4;44,4722;146,937;9,9;-2,077;0,0;0,0;0,0;-0,181;0,33;0;0,0185;0;1;7;0;0
7;HapticsFixedCC;4;44,4861;146,8988;9,9;-2,0369;0,0;0,0;0,0;-0,1813;0,32;0;0,0185;0;1;7;0;0
7;HapticsFixedCC;4;44,5;146,8607;9,9;-1,9809;0,0;0,0;0,0;-0,1817;0,31;0;0,0185;0;1;7;0;0
7;HapticsFixedCC;4;44,5139;146,8225;9,9;-1,9169;0,0;0,0;0,0;-0,182;0,31;0;0,0185;0;1;7;0;0
7;HapticsFixedCC;4;44,5278;146,7843;9,9;-1,8513;0,0;0,0;0,0;-0,1824;0,3;0;0,0185;0;1;7;0;0
7;HapticsFixedCC;4;44,5417;146,7461;9,9;-1,7808;0,0;0,0;0,0;-0,1828;0,3;0;0,0184;0;1;7;0;0
7;HapticsFixedCC;4;44,5556;146,7274;9,9;-1,7667;0,0;0,0;0,0;-0,1831;0,27;0;0,0184;0;1;7;0;0
7;HapticsFixedCC;4;44,5694;146,7274;9,9;-1,7052;0,0;0,0;0,0;-0,1834;0,23;0;0,0184;0;1;7;0;0
7;HapticsFixedCC;4;44,5833;146,7274;9,9;-1,6612;0,0;0,0;0,0;-0,1837;0,19;0;0,0184;0;1;7;0;0
7;HapticsFixedCC;4;44,5972;146,7274;9,9;-1,5703;0,0;0,0;0,0;-0,184;0,15;0;0,0184;0;1;7;0;0
7;HapticsFixedCC;4;44,6111;146,7274;9,9;-1,5257;0,0;0,0;0,0;-0,1843;0,11;0;0,0184;0;1;7;0;0
7;HapticsFixedCC;4;44,625;146,7274;9,9;-1,4962;0,0;0,0;0,0;-0,1847;0,07;0;0,0184;0;1;7;0;0
7;HapticsFixedCC;4;44,6389;146,4772;9,9;-1,4708;0,0;0,0;0,0;-0,1839;0,3;0;0,0183;0;1;7;0;0
7;HapticsFixedCC;4;44,6528;146,439;9,9;-1,4543;0,0;0,0;0,0;-0,1842;0,3;0;0,0183;0;1;7;0;0
7;HapticsFixedCC;4;44,6667;146,4008;9,9;-1,4512;0,0;0,0;0,0;-0,1844;0,3;0;0,0183;0;1;7;0;0
7;HapticsFixedCC;4;44,6806;146,3626;9,9;-1,4435;0,0;0,0;0,0;-0,1846;0,31;0;0,0182;0;1;7;0;0
7;HapticsFixedCC;4;44,6944;146,3244;9,9;-1,4494;0,0;0,0;0,0;-0,1849;0,31;0;0,0182;0;1;7;0;0
7;HapticsFixedCC;4;44,7083;146,2862;9,9;-1,4633;0,0;0,0;0,0;-0,1852;0,31;0;0,0182;0;1;7;0;0
7;HapticsFixedCC;4;44,7222;146,2713;9,9;-1,4724;0,0;0,0;0,0;-0,1855;0,29;0;0,0182;0;1;7;0;0
7;HapticsFixedCC;4;44,7361;146,2713;9,9;-1,4785;0,0;0,0;0,0;-0,1857;0,26;0;0,0182;0;1;7;0;0
7;HapticsFixedCC;4;44,75;146,2713;9,9;-1,4799;0,0;0,0;0,0;-0,1859;0,22;0;0,0182;0;1;7;0;0
7;HapticsFixedCC;4;44,7639;146,2713;9,9;-1,4822;0,0;0,0;0,0;-0,1861;0,18;0;0,0182;0;1;7;0;0
7;HapticsFixedCC;4;44,7778;146,2713;9,9;-1,4766;0,0;0,0;0,0;-0,1864;0,14;0;0,0182;0;1;7;0;0
7;HapticsFixedCC;4;44,7917;146,2713;9,9;-1,4701;0,0;0,0;0,0;-0,1867;0,11;0;0,0182;0;1;7;0;0
7;HapticsFixedCC;4;44,8056;146,0173;9,9;-1,4587;0,0;0,0;0,0;-0,186;0,33;0;0,0181;0;1;7;0;0
7;HapticsFixedCC;4;44,8194;145,9791;9,9;-1,4467;0,0;0,0;0,0;-0,1862;0,34;0;0,0181;0;1;7;0;0
7;HapticsFixedCC;4;44,8333;145,9409;9,9;-1,4349;0,0;0,0;0,0;-0,1864;0,34;0;0,018;0;1;7;0;0
7;HapticsFixedCC;4;44,8472;145,9027;9,9;-1,4176;0,0;0,0;0,0;-0,1866;0,34;0;0,018;0;1;7;0;0
7;HapticsFixedCC;4;44,8611;145,8645;9,9;-1,4142;0,0;0,0;0,0;-0,1869;0,35;0;0,018;0;1;7;0;0
7;HapticsFixedCC;4;44,875;145,8263;9,9;-1,4035;0,0;0,0;0,0;-0,1871;0,35;0;0,018;0;1;7;0;0
7;HapticsFixedCC;4;44,8889;145,8161;10,0;-1,3934;0,0;0,0;0,0;-0,1873;0,33;0;0,018;0;1;7;0;0
7;HapticsFixedCC;4;44,9028;145,8161;10,0;-1,3817;0,0;0,0;0,0;-0,1875;0,29;0;0,018;0;1;7;0;0
7;HapticsFixedCC;4;44,9167;145,8161;10,0;-1,3647;0,0;0,0;0,0;-0,1876;0,26;0;0,018;0;1;7;0;0
7;HapticsFixedCC;4;44,9306;145,8161;10,0;-1,3508;0,0;0,0;0,0;-0,1878;0,23;0;0,018;0;1;7;0;0
7;HapticsFixedCC;4;44,9444;145,8161;10,0;-1,3251;0,0;0,0;0,0;-0,188;0,19;0;0,018;0;1;7;0;0
7;HapticsFixedCC;4;44,9583;145,8161;10,0;-1,2953;0,0;0,0;0,0;-0,1883;0,16;0;0,018;0;1;7;0;0
7;HapticsFixedCC;4;44,9722;145,5551;10,0;-1,2893;0,0;0,0;0,0;-0,1874;0,39;0;0,0179;0;1;7;0;0
7;HapticsFixedCC;4;44,9861;145,5165;10,0;-1,2656;0,0;0,0;0,0;-0,1875;0,4;0;0,0179;0;1;7;0;0
7;HapticsFixedCC;4;45,0;145,4779;10,0;-1,236;0,0;0,0;0,0;-0,1876;0,41;0;0,0178;0;1;7;0;0
7;HapticsFixedCC;4;45,0139;145,4393;10,0;-1,1979;0,0;0,0;0,0;-0,1878;0,42;0;0,0178;0;1;7;0;0
7;HapticsFixedCC;4;45,0278;145,4008;10,0;-1,1742;0,0;0,0;0,0;-0,1879;0,43;0;0,0178;0;1;7;0;0
7;HapticsFixedCC;4;45,0417;145,3622;10,0;-1,1437;0,0;0,0;0,0;-0,1881;0,44;0;0,0178;0;1;7;0;0
7;HapticsFixedCC;4;45,0556;145,3598;10,0;-1,1147;0,0;0,0;0,0;-0,1881;0,41;0;0,0178;0;1;7;0;0
7;HapticsFixedCC;4;45,0694;145,3598;10,0;-1,1087;0,0;0,0;0,0;-0,1881;0,39;0;0,0178;0;1;7;0;0
7;HapticsFixedCC;4;45,0833;145,3598;10,0;-1,0969;0,0;0,0;0,0;-0,1881;0,36;0;0,0178;0;1;7;0;0
7;HapticsFixedCC;4;45,0972;145,3598;10,0;-1,0792;0,0;0,0;0,0;-0,1881;0,33;0;0,0178;0;1;7;0;0
7;HapticsFixedCC;4;45,1111;145,3598;10,0;-1,0735;0,0;0,0;0,0;-0,1882;0,3;0;0,0178;0;1;7;0;0
7;HapticsFixedCC;4;45,125;145,1292;10,0;-1,0971;0,0;0,0;0,0;-0,1873;0,51;0;0,0177;0;1;7;0;0
7;HapticsFixedCC;4;45,1389;145,0906;10,0;-1,1317;0,0;0,0;0,0;-0,1873;0,52;0;0,0177;0;1;7;0;0
7;HapticsFixedCC;4;45,1528;145,052;10,0;-1,1388;0,0;0,0;0,0;-0,1873;0,53;0;0,0177;0;1;1;0;0
7;HapticsFixedCC;4;45,1667;145,0134;10,0;-1,2062;0,0;0,0;0,0;-0,1873;0,54;0;0,0176;0;1;1;0;0
7;HapticsFixedCC;4;45,1806;144,9749;10,0;-1,2815;0,0;0,0;0,0;-0,1873;0,54;0;0,0176;0;1;1;0;0
7;HapticsFixedCC;4;45,1944;144,9363;10,0;-1,3423;0,0;0,0;0,0;-0,1874;0,55;0;0,0176;0;1;1;0;0
7;HapticsFixedCC;4;45,2083;144,9048;10,0;-1,4082;0,0;0,0;0,0;-0,1874;0,55;0;0,0176;0;1;1;0;0
7;HapticsFixedCC;4;45,2222;144,9048;10,0;-1,4824;0,0;0,0;0,0;-0,1874;0,51;0;0,0176;0;1;1;0;0
7;HapticsFixedCC;4;45,2361;144,9048;10,0;-1,5706;0,0;0,0;0,0;-0,1875;0,47;0;0,0176;0;1;1;0;0
7;HapticsFixedCC;4;45,25;144,9048;10,0;-1,6419;0,0;0,0;0,0;-0,1876;0,43;0;0,0176;0;1;1;0;0
7;HapticsFixedCC;4;45,2639;144,9048;10,0;-1,6877;0,0;0,0;0,0;-0,1877;0,38;0;0,0176;0;1;1;0;0
7;HapticsFixedCC;4;45,2778;144,9048;10,0;-1,6994;0,0;0,0;0,0;-0,1879;0,34;0;0,0176;0;1;1;0;0
7;HapticsFixedCC;4;45,2917;144,6647;10,0;-1,743;0,0;0,0;0,0;-0,1871;0,54;0;0,0175;0;1;1;0;0
7;HapticsFixedCC;4;45,3056;144,6261;10,0;-1,7633;0,0;0,0;0,0;-0,1872;0,53;0;0,0175;0;1;1;0;0
7;HapticsFixedCC;4;45,3194;144,5875;10,0;-1,7769;0,0;0,0;0,0;-0,1874;0,53;0;0,0175;0;1;1;0;0
7;HapticsFixedCC;4;45,3333;144,5489;10,0;-1,7791;0,0;0,0;0,0;-0,1875;0,52;0;0,0175;0;1;1;0;0
7;HapticsFixedCC;4;45,3472;144,5104;10,0;-1,7735;0,0;0,0;0,0;-0,1877;0,51;0;0,0175;0;1;1;0;0
7;HapticsFixedCC;4;45,3611;144,4718;10,0;-1,7478;0,0;0,0;0,0;-0,1879;0,51;0;0,0174;0;1;1;0;0
7;HapticsFixedCC;4;45,375;144,4482;10,0;-1,7282;0,0;0,0;0,0;-0,1881;0,49;0;0,0174;0;1;1;0;0
7;HapticsFixedCC;4;45,3889;144,4482;10,0;-1,6945;0,0;0,0;0,0;-0,1882;0,44;0;0,0174;0;1;1;0;0
7;HapticsFixedCC;4;45,4028;144,4482;10,0;-1,6727;0,0;0,0;0,0;-0,1883;0,4;0;0,0174;0;1;1;0;0
7;HapticsFixedCC;4;45,4167;144,4482;10,0;-1,6414;0,0;0,0;0,0;-0,1885;0,36;0;0,0174;0;1;1;0;0
7;HapticsFixedCC;4;45,4306;144,4482;10,0;-1,6192;0,0;0,0;0,0;-0,1886;0,32;0;0,0174;0;1;1;0;0
7;HapticsFixedCC;4;45,4444;144,4482;10,0;-1,5988;0,0;0,0;0,0;-0,1888;0,28;0;0,0174;0;1;1;0;0
7;HapticsFixedCC;4;45,4583;144,2002;10,0;-1,576;0,0;0,0;0,0;-0,188;0,48;0;0,0174;0;1;1;0;0
7;HapticsFixedCC;4;45,4722;144,1616;10,0;-1,5553;0,0;0,0;0,0;-0,1881;0,48;0;0,0173;0;1;1;0;0
7;HapticsFixedCC;4;45,4861;144,123;10,0;-1,5389;0,0;0,0;0,0;-0,1882;0,48;0;0,0173;0;1;1;0;0
7;HapticsFixedCC;4;45,5;144,0845;10,0;-1,5275;0,0;0,0;0,0;-0,1883;0,48;0;0,0173;0;1;1;0;0
7;HapticsFixedCC;4;45,5139;144,0459;10,0;-1,5236;0,0;0,0;0,0;-0,1885;0,48;0;0,0173;0;1;1;0;0
7;HapticsFixedCC;4;45,5278;144,0073;10,0;-1,5217;0,0;0,0;0,0;-0,1887;0,48;0;0,0173;0;1;1;0;0
7;HapticsFixedCC;4;45,5417;143,9934;10,0;-1,5238;0,0;0,0;0,0;-0,1888;0,46;0;0,0173;0;1;1;0;0
7;HapticsFixedCC;4;45,5556;143,9934;10,0;-1,5257;0,0;0,0;0,0;-0,1889;0,42;0;0,0173;0;1;1;0;0
7;HapticsFixedCC;4;45,5694;143,9934;10,0;-1,5277;0,0;0,0;0,0;-0,189;0,38;0;0,0173;0;1;1;0;0
7;HapticsFixedCC;4;45,5833;143,9934;10,0;-1,5289;0,0;0,0;0,0;-0,1891;0,34;0;0,0173;0;1;1;0;0
7;HapticsFixedCC;4;45,5972;143,9934;10,0;-1,5284;0,0;0,0;0,0;-0,1892;0,3;0;0,0173;0;1;1;0;0
7;HapticsFixedCC;4;45,6111;143,9934;10,0;-1,5223;0,0;0,0;0,0;-0,1894;0,26;0;0,0173;0;1;1;0;0
7;HapticsFixedCC;4;45,625;143,7357;10,0;-1,517;0,0;0,0;0,0;-0,1886;0,48;0;0,0172;0;1;1;0;0
7;HapticsFixedCC;4;45,6389;143,6972;10,0;-1,5134;0,0;0,0;0,0;-0,1887;0,48;0;0,0172;0;1;1;0;0
7;HapticsFixedCC;4;45,6528;143,6586;10,4;-1,5137;0,0;0,0;0,0;-0,1888;0,48;0;0,0172;0;1;1;0;0
7;HapticsFixedCC;4;45,6667;143,6185;10,4;-1,5189;0,0;0,0;0,0;-0,1889;0,48;0;0,0172;0;1;1;0;0
7;HapticsFixedCC;4;45,6806;143,5783;10,4;-1,5305;0,0;0,0;0,0;-0,1891;0,48;0;0,0172;0;1;1;0;0
7;HapticsFixedCC;4;45,6944;143,5382;10,4;-1,5526;0,0;0,0;0,0;-0,1893;0,47;0;0,0172;0;1;1;0;0
7;HapticsFixedCC;4;45,7083;143,537;10,4;-1,5772;0,0;0,0;0,0;-0,1894;0,43;0;0,0172;0;1;1;0;0
7;HapticsFixedCC;4;45,7222;143,537;10,4;-1,6285;0,0;0,0;0,0;-0,1896;0,39;0;0,0172;0;1;1;0;0
7;HapticsFixedCC;4;45,7361;143,537;10,4;-1,639;0,0;0,0;0,0;-0,1897;0,34;0;0,0172;0;1;1;0;0
7;HapticsFixedCC;4;45,75;143,537;10,4;-1,6411;0,0;0,0;0,0;-0,1899;0,3;0;0,0172;0;1;1;0;0
7;HapticsFixedCC;4;45,7639;143,537;10,4;-1,6815;0,0;0,0;0,0;-0,1902;0,26;0;0,0172;0;1;1;0;0
7;HapticsFixedCC;4;45,7778;143,296;10,4;-1,7073;0,0;0,0;0,0;-0,1895;0,45;0;0,0171;0;1;1;0;0
7;HapticsFixedCC;4;45,7917;143,2558;10,4;-1,7305;0,0;0,0;0,0;-0,1897;0,44;0;0,0171;0;1;1;0;0
7;HapticsFixedCC;4;45,8056;143,2157;10,4;-1,7643;0,0;0,0;0,0;-0,1899;0,43;0;0,0171;0;1;1;0;0
7;HapticsFixedCC;4;45,8194;143,1756;10,4;-1,7922;0,0;0,0;0,0;-0,1901;0,43;0;0,0171;0;1;1;0;0
7;HapticsFixedCC;4;45,8333;143,1355;10,4;-1,8195;0,0;0,0;0,0;-0,1904;0,42;0;0,0171;0;1;1;0;0
7;HapticsFixedCC;4;45,8472;143,0953;10,4;-1,8447;0,0;0,0;0,0;-0,1907;0,41;0;0,017;0;1;1;0;0
7;HapticsFixedCC;4;45,8611;143,082;10,4;-1,8757;0,0;0,0;0,0;-0,191;0,37;0;0,017;0;1;1;0;0
7;HapticsFixedCC;4;45,875;143,082;10,4;-1,9023;0,0;0,0;0,0;-0,1912;0,32;0;0,017;0;1;1;0;0
7;HapticsFixedCC;4;45,8889;143,082;10,4;-1,9341;0,0;0,0;0,0;-0,1915;0,27;0;0,017;0;1;1;0;0
7;HapticsFixedCC;4;45,9028;143,082;10,4;-1,9639;0,0;0,0;0,0;-0,1918;0,22;0;0,017;0;1;1;0;0
7;HapticsFixedCC;4;45,9167;143,082;10,4;-1,9986;0,0;0,0;0,0;-0,1922;0,16;0;0,017;0;1;1;0;0
7;HapticsFixedCC;4;45,9306;142,8531;10,4;-2,036;0,0;0,0;0,0;-0,1917;0,33;0;0,017;0;1;1;0;0
7;HapticsFixedCC;4;45,9444;142,813;10,4;-2,0583;0,0;0,0;0,0;-0,192;0,32;0;0,017;0;1;1;0;0
7;HapticsFixedCC;4;45,9583;142,7728;10,4;-2,0756;0,0;0,0;0,0;-0,1924;0,3;0;0,017;0;1;1;0;0
7;HapticsFixedCC;4;45,9722;142,7327;10,4;-2,0874;0,0;0,0;0,0;-0,1928;0,28;0;0,017;0;1;1;0;0
7;HapticsFixedCC;4;45,9861;142,6926;10,4;-2,0975;0,0;0,0;0,0;-0,1932;0,27;0;0,0169;0;1;1;0;0
7;HapticsFixedCC;4;46,0;142,6525;10,4;-2,1001;0,0;0,0;0,0;-0,1937;0,25;0;0,0169;0;1;1;0;0
7;HapticsFixedCC;4;46,0139;142,6259;10,4;-2,0971;0,0;0,0;0,0;-0,1942;0,22;0;0,0169;0;1;1;0;0
7;HapticsFixedCC;4;46,0278;142,6259;10,4;-2,0888;0,0;0,0;0,0;-0,1946;0,17;0;0,0169;0;1;1;0;0
7;HapticsFixedCC;4;46,0417;142,6259;10,4;-2,0645;0,0;0,0;0,0;-0,195;0,11;0;0,0169;0;1;1;0;0
7;HapticsFixedCC;4;46,0556;142,6259;10,4;-2,0359;0,0;0,0;0,0;-0,1955;0,06;0;0,0169;0;1;1;0;0
7;HapticsFixedCC;4;46,0694;142,6259;10,4;-1,9845;0,0;0,0;0,0;-0,196;0,0;0;0,0169;0;1;1;0;0
7;HapticsFixedCC;4;46,0833;142,6259;10,4;-1,913;0,0;0,0;0,0;-0,1965;-0,04;0;0,0169;0;1;1;0;0
7;HapticsFixedCC;4;46,0972;142,3701;10,4;-1,8722;0,0;0,0;0,0;-0,196;0,15;0;0,0169;0;1;1;0;0
7;HapticsFixedCC;4;46,1111;142,33;10,4;-1,8354;0,0;0,0;0,0;-0,1964;0,14;0;0,0169;0;1;1;0;0
7;HapticsFixedCC;4;46,125;142,2899;10,4;-1,798;0,0;0,0;0,0;-0,1968;0,13;0;0,0169;0;1;1;0;0
7;HapticsFixedCC;4;46,1389;142,2497;10,4;-1,7694;0,0;0,0;0,0;-0,1973;0,13;0;0,0169;0;1;1;0;0
7;HapticsFixedCC;4;46,1528;142,2096;10,2;-1,7344;0,0;0,0;0,0;-0,1977;0,12;0;0,0168;0;1;2;0;0
7;HapticsFixedCC;4;46,1667;142,1705;10,2;-1,7077;0,0;0,0;0,0;-0,1982;0,11;0;0,0168;0;1;2;0;0
7;HapticsFixedCC;4;46,1806;142,1705;10,2;-1,6867;0,0;0,0;0,0;-0,1986;0,07;0;0,0168;0;1;2;0;0
7;HapticsFixedCC;4;46,1944;142,1705;10,2;-1,6753;0,0;0,0;0,0;-0,199;0,02;0;0,0168;0;1;2;0;0
7;HapticsFixedCC;4;46,2083;142,1705;10,2;-1,6633;0,0;0,0;0,0;-0,1994;0,0;0;0,0168;0;1;2;0;0
7;HapticsFixedCC;4;46,2222;142,1705;10,2;-1,6553;0,0;0,0;0,0;-0,1999;-0,06;0;0,0168;0;1;2;0;0
7;HapticsFixedCC;4;46,2361;142,1705;10,2;-1,6511;0,0;0,0;0,0;-0,2003;-0,11;0;0,0168;0;1;2;0;0
7;HapticsFixedCC;4;46,25;141,9326;10,2;-1,6476;0,0;0,0;0,0;-0,2;0,08;0;0,0168;0;1;2;0;0
7;HapticsFixedCC;4;46,2639;141,8933;10,2;-1,6488;0,0;0,0;0,0;-0,2003;0,07;0;0,0168;0;1;2;0;0
7;HapticsFixedCC;4;46,2778;141,8539;10,2;-1,6494;0,0;0,0;0,0;-0,2008;0,07;0;0,0168;0;1;2;0;0
7;HapticsFixedCC;4;46,2917;141,8146;10,2;-1,6503;0,0;0,0;0,0;-0,2013;0,06;0;0,0168;0;1;2;0;0
7;HapticsFixedCC;4;46,3056;141,7752;10,2;-1,6519;0,0;0,0;0,0;-0,2018;0,06;0;0,0168;0;1;2;0;0
7;HapticsFixedCC;4;46,3194;141,7359;10,2;-1,6543;0,0;0,0;0,0;-0,2023;0,05;0;0,0168;0;1;2;0;0
7;HapticsFixedCC;4;46,3333;141,7147;10,2;-1,6531;0,0;0,0;0,0;-0,2028;0,03;0;0,0168;0;1;2;0;0
7;HapticsFixedCC;4;46,3472;141,7147;10,2;-1,6513;0,0;0,0;0,0;-0,2032;0,0;0;0,0168;0;1;2;0;0
7;HapticsFixedCC;4;46,3611;141,7147;10,2;-1,6475;0,0;0,0;0,0;-0,2037;-0,05;0;0,0168;0;1;2;0;0
7;HapticsFixedCC;4;46,375;141,7147;10,2;-1,6373;0,0;0,0;0,0;-0,2042;-0,1;0;0,0168;0;1;2;0;0
7;HapticsFixedCC;4;46,3889;141,7147;10,2;-1,6287;0,0;0,0;0,0;-0,2047;-0,14;0;0,0168;0;1;2;0;0
7;HapticsFixedCC;4;46,4028;141,7147;10,2;-1,617;0,0;0,0;0,0;-0,2052;-0,18;0;0,0168;0;1;2;0;0
7;HapticsFixedCC;4;46,4167;141,4589;10,2;-1,6057;0,0;0,0;0,0;-0,2048;0,02;0;0,0167;0;1;2;0;0
7;HapticsFixedCC;4;46,4306;141,4195;10,2;-1,5985;0,0;0,0;0,0;-0,2052;0,03;0;0,0167;0;1;2;0;0
7;HapticsFixedCC;4;46,4444;141,3802;10,2;-1,5918;0,0;0,0;0,0;-0,2057;0,02;0;0,0167;0;1;2;0;0
7;HapticsFixedCC;4;46,4583;141,3408;10,2;-1,5874;0,0;0,0;0,0;-0,2062;0,02;0;0,0167;0;1;2;0;0
7;HapticsFixedCC;4;46,4722;141,3015;10,2;-1,5872;0,0;0,0;0,0;-0,2067;0,0;0;0,0167;0;1;2;0;0
7;HapticsFixedCC;4;46,4861;141,2621;10,2;-1,5884;0,0;0,0;0,0;-0,2073;0,0;0;0,0167;0;1;2;0;0
7;HapticsFixedCC;4;46,5;141,2591;10,2;-1,5917;0,0;0,0;0,0;-0,2077;-0,03;0;0,0167;0;1;2;0;0
7;HapticsFixedCC;4;46,5139;141,2591;10,2;-1,5971;0,0;0,0;0,0;-0,2082;-0,07;0;0,0167;0;1;2;0;0
7;HapticsFixedCC;4;46,5278;141,2591;10,2;-1,6;0,0;0,0;0,0;-0,2087;-0,12;0;0,0167;0;1;2;0;0
7;HapticsFixedCC;4;46,5417;141,2591;10,2;-1,6046;0,0;0,0;0,0;-0,2092;-0,16;0;0,0167;0;1;2;0;0
7;HapticsFixedCC;4;46,5556;141,2591;10,2;-1,6082;0,0;0,0;0,0;-0,2097;-0,2;0;0,0167;0;1;2;0;0
7;HapticsFixedCC;4;46,5694;141,0244;10,2;-1,6091;0,0;0,0;0,0;-0,2094;-0,02;0;0,0167;0;1;2;0;0
7;HapticsFixedCC;4;46,5833;140,9851;10,2;-1,606;0,0;0,0;0,0;-0,2099;0,0;0;0,0167;0;1;2;0;0
7;HapticsFixedCC;4;46,5972;140,9457;10,2;-1,5984;0,0;0,0;0,0;-0,2104;-0,02;0;0,0167;0;1;2;0;0
7;HapticsFixedCC;4;46,6111;140,9064;10,2;-1,5842;0,0;0,0;0,0;-0,2109;-0,03;0;0,0166;0;1;2;0;0
7;HapticsFixedCC;4;46,625;140,867;10,2;-1,5694;0,0;0,0;0,0;-0,2114;-0,03;0;0,0166;0;1;2;0;0
7;HapticsFixedCC;4;46,6389;140,8277;10,2;-1,5523;0,0;0,0;0,0;-0,212;-0,03;0;0,0166;0;1;2;0;0
7;HapticsFixedCC;4;46,6528;140,8035;10,5;-1,5266;0,0;0,0;0,0;-0,2125;-0,06;0;0,0166;0;1;2;0;0
7;HapticsFixedCC;4;46,6667;140,8035;10,5;-1,5049;0,0;0,0;0,0;-0,213;-0,09;0;0,0166;0;1;2;0;0
7;HapticsFixedCC;4;46,6806;140,8035;10,5;-1,4653;0,0;0,0;0,0;-0,2135;-0,13;0;0,0166;0;1;2;0;0
7;HapticsFixedCC;4;46,6944;140,8035;10,5;-1,4263;0,0;0,0;0,0;-0,214;-0,17;0;0,0166;0;1;2;0;0
7;HapticsFixedCC;4;46,7083;140,8035;10,5;-1,3998;0,0;0,0;0,0;-0,2145;-0,21;0;0,0166;0;1;2;0;0
7;HapticsFixedCC;4;46,7222;140,8035;10,5;-1,3851;0,0;0,0;0,0;-0,215;-0,24;0;0,0166;0;1;2;0;0
7;HapticsFixedCC;4;46,7361;140,5436;10,5;-1,3754;0,0;0,0;0,0;-0,2146;-0,03;0;0,0166;0;1;2;0;0
7;HapticsFixedCC;4;46,75;140,5031;10,5;-1,3707;0,0;0,0;0,0;-0,215;-0,03;0;0,0166;0;1;2;0;0
7;HapticsFixedCC;4;46,7639;140,4626;10,5;-1,3656;0,0;0,0;0,0;-0,2155;-0,03;0;0,0166;0;1;2;0;0
7;HapticsFixedCC;4;46,7778;140,4221;10,5;-1,366;0,0;0,0;0,0;-0,216;-0,03;0;0,0166;0;1;2;0;0
7;HapticsFixedCC;4;46,7917;140,3816;10,5;-1,3747;0,0;0,0;0,0;-0,2165;-0,02;0;0,0166;0;1;2;0;0
7;HapticsFixedCC;4;46,8056;140,3476;10,5;-1,3907;0,0;0,0;0,0;-0,217;-0,03;0;0,0166;0;1;2;0;0
7;HapticsFixedCC;4;46,8194;140,3476;10,5;-1,4018;0,0;0,0;0,0;-0,2174;-0,07;0;0,0166;0;1;2;0;0
7;HapticsFixedCC;4;46,8333;140,3476;10,5;-1,4249;0,0;0,0;0,0;-0,2179;-0,11;0;0,0166;0;1;2;0;0
7;HapticsFixedCC;4;46,8472;140,3476;10,5;-1,4437;0,0;0,0;0,0;-0,2184;-0,15;0;0,0166;0;1;2;0;0
7;HapticsFixedCC;4;46,8611;140,3476;10,5;-1,4646;0,0;0,0;0,0;-0,2189;-0,19;0;0,0166;0;1;2;0;0
7;HapticsFixedCC;4;46,875;140,3476;10,5;-1,4827;0,0;0,0;0,0;-0,2195;-0,23;0;0,0166;0;1;2;0;0
7;HapticsFixedCC;4;46,8889;140,0964;10,4;-1,4946;0,0;0,0;0,0;-0,2192;-0,03;0;0,0166;0;1;2;0;0
7;HapticsFixedCC;4;46,9028;140,0563;10,4;-1,4944;0,0;0,0;0,0;-0,2196;-0,03;0;0,0166;0;1;2;0;0
7;HapticsFixedCC;4;46,9167;140,0162;10,4;-1,4847;0,0;0,0;0,0;-0,2201;-0,03;0;0,0166;0;1;2;0;0
7;HapticsFixedCC;4;46,9306;139,976;10,4;-1,4356;0,0;0,0;0,0;-0,2207;-0,03;0;0,0166;0;1;2;0;0
7;HapticsFixedCC;4;46,9444;139,9359;10,4;-1,3775;0,0;0,0;0,0;-0,2212;-0,03;0;0,0166;0;1;2;0;0
7;HapticsFixedCC;4;46,9583;139,8958;10,4;-1,3152;0,0;0,0;0,0;-0,2217;-0,03;0;0,0166;0;1;2;0;0
7;HapticsFixedCC;4;46,9722;139,8922;10,4;-1,2546;0,0;0,0;0,0;-0,2221;-0,06;0;0,0166;0;1;2;0;0
7;HapticsFixedCC;4;46,9861;139,8922;10,4;-1,2257;0,0;0,0;0,0;-0,2224;-0,09;0;0,0166;0;1;2;0;0
7;HapticsFixedCC;4;47,0;139,8922;10,4;-1,1854;0,0;0,0;0,0;-0,2228;-0,13;0;0,0166;0;1;2;0;0
7;HapticsFixedCC;4;47,0139;139,8922;10,4;-1,146;0,0;0,0;0,0;-0,2232;-0,16;0;0,0166;0;1;2;0;0
7;HapticsFixedCC;4;47,0278;139,8922;10,4;-1,0979;0,0;0,0;0,0;-0,2236;-0,19;0;0,0166;0;1;2;0;0
7;HapticsFixedCC;4;47,0417;139,6534;10,4;-1,0846;0,0;0,0;0,0;-0,2231;0,0;0;0,0165;0;1;2;0;0
7;HapticsFixedCC;4;47,0556;139,6132;10,4;-1,0548;0,0;0,0;0,0;-0,2233;0,02;0;0,0165;0;1;2;0;0
7;HapticsFixedCC;4;47,0694;139,5731;10,4;-1,043;0,0;0,0;0,0;-0,2236;0,02;0;0,0165;0;1;2;0;0
7;HapticsFixedCC;4;47,0833;139,533;10,4;-1,0298;0,0;0,0;0,0;-0,2239;0,04;0;0,0165;0;1;2;0;0
7;HapticsFixedCC;4;47,0972;139,4929;10,4;-1,022;0,0;0,0;0,0;-0,2242;0,05;0;0,0165;0;1;2;0;0
7;HapticsFixedCC;4;47,1111;139,4527;10,4;-1,0262;0,0;0,0;0,0;-0,2246;0,06;0;0,0165;0;1;2;0;0
7;HapticsFixedCC;4;47,125;139,4362;10,4;-1,0381;0,0;0,0;0,0;-0,2249;0,05;0;0,0165;0;1;2;0;0
7;HapticsFixedCC;4;47,1389;139,4362;10,4;-1,057;0,0;0,0;0,0;-0,2251;0,02;0;0,0165;0;1;2;0;0
7;HapticsFixedCC;4;47,1528;139,4362;10,4;-1,0792;0,0;0,0;0,0;-0,2253;0,0;0;0,0165;0;1;2;0;0
7;HapticsFixedCC;4;47,1667;139,4362;10,4;-1,1085;0,0;0,0;0,0;-0,2256;-0,03;0;0,0165;0;1;4;0;0
7;HapticsFixedCC;4;47,1806;139,4362;10,4;-1,1364;0,0;0,0;0,0;-0,2259;-0,06;0;0,0165;0;1;4;0;0
7;HapticsFixedCC;4;47,1944;139,4362;10,4;-1,155;0,0;0,0;0,0;-0,2263;-0,09;0;0,0165;0;1;4;0;0
7;HapticsFixedCC;4;47,2083;139,1702;10,4;-1,1643;0,0;0,0;0,0;-0,2256;0,13;0;0,0165;0;1;4;0;0
7;HapticsFixedCC;4;47,2222;139,1301;10,4;-1,1617;0,0;0,0;0,0;-0,2259;0,14;0;0,0165;0;1;4;0;0
7;HapticsFixedCC;4;47,2361;139,09;10,4;-1,1411;0,0;0,0;0,0;-0,2261;0,15;0;0,0165;0;1;4;0;0
7;HapticsFixedCC;4;47,25;139,0498;10,4;-1,1003;0,0;0,0;0,0;-0,2264;0,15;0;0,0165;0;1;4;0;0
7;HapticsFixedCC;4;47,2639;139,0097;10,4;-1,0624;0,0;0,0;0,0;-0,2267;0,16;0;0,0165;0;1;4;0;0
7;HapticsFixedCC;4;47,2778;138,9808;10,4;-1,0256;0,0;0,0;0,0;-0,2269;0,16;0;0,0165;0;1;4;0;0
7;HapticsFixedCC;4;47,2917;138,9808;10,4;-0,9955;0,0;0,0;0,0;-0,2271;0,14;0;0,0165;0;1;4;0;0
7;HapticsFixedCC;4;47,3056;138,9808;10,4;-0,9673;0,0;0,0;0,0;-0,2273;0,11;0;0,0165;0;1;4;0;0
7;HapticsFixedCC;4;47,3194;138,9808;10,4;-0,9387;0,0;0,0;0,0;-0,2275;0,09;0;0,0165;0;1;4;0;0
7;HapticsFixedCC;4;47,3333;138,9808;10,4;-0,9087;0,0;0,0;0,0;-0,2277;0,06;0;0,0165;0;1;4;0;0
7;HapticsFixedCC;4;47,3472;138,9808;10,4;-0,8838;0,0;0,0;0,0;-0,2279;0,04;0;0,0165;0;1;4;0;0
7;HapticsFixedCC;4;47,3611;138,7271;10,4;-0,8662;0,0;0,0;0,0;-0,2272;0,25;0;0,0165;0;1;4;0;0
7;HapticsFixedCC;4;47,375;138,687;10,4;-0,8594;0,0;0,0;0,0;-0,2272;0,27;0;0,0165;0;1;4;0;0
7;HapticsFixedCC;4;47,3889;138,6469;10,5;-0,8579;0,0;0,0;0,0;-0,2273;0,28;0;0,0165;0;1;4;0;0
7;HapticsFixedCC;4;47,4028;138,6064;10,5;-0,8607;0,0;0,0;0,0;-0,2274;0,3;0;0,0165;0;1;4;0;0
7;HapticsFixedCC;4;47,4167;138,5659;10,5;-0,8746;0,0;0,0;0,0;-0,2275;0,31;0;0,0165;0;1;4;0;0
7;HapticsFixedCC;4;47,4306;138,5253;10,5;-0,8976;0,0;0,0;0,0;-0,2277;0,33;0;0,0165;0;1;4;0;0
7;HapticsFixedCC;4;47,4444;138,5248;10,5;-0,9208;0,0;0,0;0,0;-0,2277;0,31;0;0,0165;0;1;4;0;0
7;HapticsFixedCC;4;47,4583;138,5248;10,5;-0,9402;0,0;0,0;0,0;-0,2278;0,28;0;0,0165;0;1;4;0;0
7;HapticsFixedCC;4;47,4722;138,5248;10,5;-0,954;0,0;0,0;0,0;-0,2278;0,25;0;0,0165;0;1;4;0;0
7;HapticsFixedCC;4;47,4861;138,5248;10,5;-0,9607;0,0;0,0;0,0;-0,2279;0,23;0;0,0165;0;1;4;0;0
7;HapticsFixedCC;4;47,5;138,5248;10,5;-0,9631;0,0;0,0;0,0;-0,228;0,2;0;0,0165;0;1;4;0;0
7;HapticsFixedCC;4;47,5139;138,2805;10,5;-0,9582;0,0;0,0;0,0;-0,2273;0,41;0;0,0165;0;1;4;0;0
7;HapticsFixedCC;4;47,5278;138,24;10,5;-0,9451;0,0;0,0;0,0;-0,2272;0,42;0;0,0165;0;1;4;0;0
7;HapticsFixedCC;4;47,5417;138,1995;10,5;-0,9246;0,0;0,0;0,0;-0,2272;0,44;0;0,0165;0;1;4;0;0
7;HapticsFixedCC;4;47,5556;138,159;10,5;-0,8929;0,0;0,0;0,0;-0,2273;0,45;0;0,0165;0;1;4;0;0
7;HapticsFixedCC;4;47,5694;138,1185;10,5;-0,8585;0,0;0,0;0,0;-0,2273;0,47;0;0,0165;0;1;4;0;0
7;HapticsFixedCC;4;47,5833;138,078;10,5;-0,8299;0,0;0,0;0,0;-0,2273;0,48;0;0,0165;0;1;4;0;0
7;HapticsFixedCC;4;47,5972;138,0694;10,5;-0,8078;0,0;0,0;0,0;-0,2272;0,47;0;0,0165;0;1;4;0;0
7;HapticsFixedCC;4;47,6111;138,0694;10,5;-0,7883;0,0;0,0;0,0;-0,2271;0,45;0;0,0165;0;1;4;0;0
7;HapticsFixedCC;4;47,625;138,0694;10,5;-0,773;0,0;0,0;0,0;-0,227;0,43;0;0,0165;0;1;4;0;0
7;HapticsFixedCC;4;47,6389;138,0694;10,5;-0,7622;0,0;0,0;0,0;-0,2269;0,41;0;0,0165;0;1;4;0;0
7;HapticsFixedCC;4;47,6528;138,0694;10,5;-0,7576;0,0;0,0;0,0;-0,2269;0,39;0;0,0165;0;1;4;0;0
7;HapticsFixedCC;4;47,6667;137,8332;10,5;-0,7665;0,0;0,0;0,0;-0,2259;0,59;0;0,0165;0;1;4;0;0
7;HapticsFixedCC;4;47,6806;137,7927;10,5;-0,7817;0,0;0,0;0,0;-0,2257;0,61;0;0,0166;0;1;4;0;0
7;HapticsFixedCC;4;47,6944;137,7522;10,5;-0,8009;0,0;0,0;0,0;-0,2256;0,63;0;0,0166;0;1;4;0;0
7;HapticsFixedCC;4;47,7083;137,7117;10,5;-0,826;0,0;0,0;0,0;-0,2254;0,65;0;0,0166;0;1;4;0;0
7;HapticsFixedCC;4;47,7222;137,6712;10,5;-0,8515;0,0;0,0;0,0;-0,2253;0,66;0;0,0166;0;1;4;0;0
7;HapticsFixedCC;4;47,7361;137,6307;10,5;-0,8791;0,0;0,0;0,0;-0,2252;0,68;0;0,0166;0;1;4;0;0
7;HapticsFixedCC;4;47,75;137,6136;10,5;-0,916;0,0;0,0;0,0;-0,225;0,67;0;0,0166;0;1;4;0;0
7;HapticsFixedCC;4;47,7639;137,6136;10,5;-0,9459;0,0;0,0;0,0;-0,2248;0,64;0;0,0166;0;1;4;0;0
7;HapticsFixedCC;4;47,7778;137,6136;10,5;-0,9651;0,0;0,0;0,0;-0,2247;0,62;0;0,0166;0;1;4;0;0
7;HapticsFixedCC;4;47,7917;137,6136;10,5;-0,9749;0,0;0,0;0,0;-0,2245;0,59;0;0,0166;0;1;4;0;0
7;HapticsFixedCC;4;47,8056;137,6136;10,5;-0,9773;0,0;0,0;0,0;-0,2244;0,57;0;0,0166;0;1;4;0;0
7;HapticsFixedCC;4;47,8194;137,6136;10,5;-0,9699;0,0;0,0;0,0;-0,2243;0,54;0;0,0166;0;1;4;0;0
7;HapticsFixedCC;4;47,8333;137,3454;10,5;-0,9463;0,0;0,0;0,0;-0,2231;0,77;0;0,0166;0;1;4;0;0
7;HapticsFixedCC;4;47,8472;137,3049;10,5;-0,9131;0,0;0,0;0,0;-0,2229;0,79;0;0,0166;0;1;4;0;0
7;HapticsFixedCC;4;47,8611;137,2644;10,5;-0,8747;0,0;0,0;0,0;-0,2226;0,8;0;0,0166;0;1;4;0;0
7;HapticsFixedCC;4;47,875;137,2239;10,5;-0,8297;0,0;0,0;0,0;-0,2224;0,82;0;0,0166;0;1;4;0;0
7;HapticsFixedCC;4;47,8889;137,1834;10,4;-0,7908;0,0;0,0;0,0;-0,2221;0,84;0;0,0166;0;1;4;0;0
7;HapticsFixedCC;4;47,9028;137,158;10,4;-0,7603;0,0;0,0;0,0;-0,2218;0,84;0;0,0166;0;1;4;0;0
7;HapticsFixedCC;4;47,9167;137,158;10,4;-0,7429;0,0;0,0;0,0;-0,2214;0,82;0;0,0166;0;1;4;0;0
7;HapticsFixedCC;4;47,9306;137,158;10,4;-0,7165;0,0;0,0;0,0;-0,221;0,8;0;0,0166;0;1;4;0;0
7;HapticsFixedCC;4;47,9444;137,158;10,4;-0,6968;0,0;0,0;0,0;-0,2206;0,78;0;0,0166;0;1;4;0;0
7;HapticsFixedCC;4;47,9583;137,158;10,4;-0,6782;0,0;0,0;0,0;-0,2202;0,77;0;0,0166;0;1;4;0;0
7;HapticsFixedCC;4;47,9722;137,158;10,4;-0,6615;0,0;0,0;0,0;-0,2199;0,75;0;0,0166;0;1;4;0;0
7;HapticsFixedCC;4;47,9861;136,9009;10,4;-0,6498;0,0;0,0;0,0;-0,2185;0,98;0;0,0166;0;1;4;0;0
7;HapticsFixedCC;4;48,0;136,8607;10,4;-0,6497;0,0;0,0;0,0;-0,218;1,0;0;0,0166;0;1;4;0;0
7;HapticsFixedCC;4;48,0139;136,8206;10,4;-0,6604;0,0;0,0;0,0;-0,2175;1,02;0;0,0166;0;1;4;0;0
7;HapticsFixedCC;4;48,0278;136,7805;10,4;-0,6762;0,0;0,0;0,0;-0,2171;1,04;0;0,0166;0;1;4;0;0
7;HapticsFixedCC;4;48,0417;136,7404;10,4;-0,7011;0,0;0,0;0,0;-0,2166;1,06;0;0,0166;0;1;4;0;0
7;HapticsFixedCC;4;48,0556;136,7023;10,4;-0,728;0,0;0,0;0,0;-0,2162;1,08;0;0,0166;0;1;4;0;0
7;HapticsFixedCC;4;48,0694;136,7023;10,4;-0,7609;0,0;0,0;0,0;-0,2156;1,06;0;0,0166;0;1;4;0;0
7;HapticsFixedCC;4;48,0833;136,7023;10,4;-0,7675;0,0;0,0;0,0;-0,2151;1,04;0;0,0166;0;1;4;0;0
7;HapticsFixedCC;4;48,0972;136,7023;10,4;-0,8367;0,0;0,0;0,0;-0,2146;1,01;0;0,0166;0;1;4;0;0
7;HapticsFixedCC;4;48,1111;136,7023;10,4;-0,8909;0,0;0,0;0,0;-0,2141;0,99;0;0,0166;0;1;4;0;0
7;HapticsFixedCC;4;48,125;136,7023;10,4;-0,9667;0,0;0,0;0,0;-0,2136;0,97;0;0,0166;0;1;4;0;0
7;HapticsFixedCC;4;48,1389;136,4579;10,4;-1,0469;0,0;0,0;0,0;-0,2123;1,17;0;0,0167;0;1;4;0;0
7;HapticsFixedCC;4;48,1528;136,4178;10,2;-1,1332;0,0;0,0;0,0;-0,2118;1,18;0;0,0167;0;1;4;0;0
7;HapticsFixedCC;4;48,1667;136,3784;10,2;-1,2076;0,0;0,0;0,0;-0,2113;1,19;0;0,0167;0;1;4;0;0
7;HapticsFixedCC;4;48,1806;136,3391;10,2;-1,268;0,0;0,0;0,0;-0,2109;1,19;0;0,0167;0;1;6;0;0
7;HapticsFixedCC;4;48,1944;136,2997;10,2;-1,2803;0,0;0,0;0,0;-0,2105;1,2;0;0,0167;0;1;6;0;0
7;HapticsFixedCC;4;48,2083;136,2604;10,2;-1,3765;0,0;0,0;0,0;-0,2101;1,2;0;0,0167;0;1;6;0;0
7;HapticsFixedCC;4;48,2222;136,2466;10,2;-1,4165;0,0;0,0;0,0;-0,2097;1,17;0;0,0167;0;1;6;0;0
7;HapticsFixedCC;4;48,2361;136,2466;10,2;-1,461;0,0;0,0;0,0;-0,2093;1,14;0;0,0167;0;1;6;0;0
7;HapticsFixedCC;4;48,25;136,2466;10,2;-1,4932;0,0;0,0;0,0;-0,2089;1,1;0;0,0167;0;1;6;0;0
7;HapticsFixedCC;4;48,2639;136,2466;10,2;-1,5282;0,0;0,0;0,0;-0,2086;1,06;0;0,0167;0;1;6;0;0
7;HapticsFixedCC;4;48,2778;136,2466;10,2;-1,5497;0,0;0,0;0,0;-0,2082;1,02;0;0,0167;0;1;6;0;0
7;HapticsFixedCC;4;48,2917;136,2466;10,2;-1,5623;0,0;0,0;0,0;-0,2079;0,98;0;0,0167;0;1;6;0;0
7;HapticsFixedCC;4;48,3056;135,9833;10,2;-1,5655;0,0;0,0;0,0;-0,2067;1,19;0;0,0167;0;1;6;0;0
7;HapticsFixedCC;4;48,3194;135,944;10,2;-1,5618;0,0;0,0;0,0;-0,2063;1,19;0;0,0167;0;1;6;0;0
7;HapticsFixedCC;4;48,3333;135,9046;10,2;-1,5588;0,0;0,0;0,0;-0,2059;1,18;0;0,0167;0;1;6;0;0
7;HapticsFixedCC;4;48,3472;135,8653;10,2;-1,56;0,0;0,0;0,0;-0,2056;1,18;0;0,0167;0;1;6;0;0
7;HapticsFixedCC;4;48,3611;135,8259;10,2;-1,562;0,0;0,0;0,0;-0,2053;1,17;0;0,0168;0;1;6;0;0
7;HapticsFixedCC;4;48,375;135,791;10,2;-1,559;0,0;0,0;0,0;-0,205;1,17;0;0,0168;0;1;6;0;0
7;HapticsFixedCC;4;48,3889;135,791;10,2;-1,5508;0,0;0,0;0,0;-0,2046;1,13;0;0,0168;0;1;6;0;0
7;HapticsFixedCC;4;48,4028;135,791;10,2;-1,5492;0,0;0,0;0,0;-0,2043;1,09;0;0,0168;0;1;6;0;0
7;HapticsFixedCC;4;48,4167;135,791;10,2;-1,5323;0,0;0,0;0,0;-0,2039;1,05;0;0,0168;0;1;6;0;0
7;HapticsFixedCC;4;48,4306;135,791;10,2;-1,524;0,0;0,0;0,0;-0,2036;1,01;0;0,0168;0;1;6;0;0
7;HapticsFixedCC;4;48,4444;135,791;10,2;-1,5192;0,0;0,0;0,0;-0,2034;0,97;0;0,0168;0;1;6;0;0
7;HapticsFixedCC;4;48,4583;135,5489;10,2;-1,518;0,0;0,0;0,0;-0,2022;1,16;0;0,0168;0;1;6;0;0
7;HapticsFixedCC;4;48,4722;135,5095;10,2;-1,5183;0,0;0,0;0,0;-0,2018;1,16;0;0,0168;0;1;6;0;0
7;HapticsFixedCC;4;48,4861;135,4702;10,2;-1,5253;0,0;0,0;0,0;-0,2015;1,16;0;0,0168;0;1;6;0;0
7;HapticsFixedCC;4;48,5;135,4308;10,2;-1,5288;0,0;0,0;0,0;-0,2012;1,16;0;0,0168;0;1;6;0;0
7;HapticsFixedCC;4;48,5139;135,3915;10,2;-1,5296;0,0;0,0;0,0;-0,2009;1,16;0;0,0168;0;1;6;0;0
7;HapticsFixedCC;4;48,5278;135,3521;10,2;-1,5296;0,0;0,0;0,0;-0,2006;1,15;0;0,0168;0;1;6;0;0
7;HapticsFixedCC;4;48,5417;135,3353;10,2;-1,5227;0,0;0,0;0,0;-0,2003;1,13;0;0,0168;0;1;6;0;0
7;HapticsFixedCC;4;48,5556;135,3353;10,2;-1,5094;0,0;0,0;0,0;-0,2;1,09;0;0,0168;0;1;6;0;0
7;HapticsFixedCC;4;48,5694;135,3353;10,2;-1,5026;0,0;0,0;0,0;-0,1996;1,05;0;0,0168;0;1;6;0;0
7;HapticsFixedCC;4;48,5833;135,3353;10,2;-1,4974;0,0;0,0;0,0;-0,1993;1,01;0;0,0168;0;1;6;0;0
7;HapticsFixedCC;4;48,5972;135,3353;10,2;-1,5008;0,0;0,0;0,0;-0,199;0,97;0;0,0168;0;1;6;0;0
7;HapticsFixedCC;4;48,6111;135,3353;10,2;-1,5068;0,0;0,0;0,0;-0,1988;0,93;0;0,0168;0;1;6;0;0
7;HapticsFixedCC;4;48,625;135,0751;10,2;-1,5079;0,0;0,0;0,0;-0,1975;1,15;0;0,0169;0;1;6;0;0
7;HapticsFixedCC;4;48,6389;135,0358;10,2;-1,5491;0,0;0,0;0,0;-0,1972;1,15;0;0,0169;0;1;6;0;0
7;HapticsFixedCC;4;48,6528;134,9964;10,4;-1,5854;0,0;0,0;0,0;-0,1969;1,14;0;0,0169;0;1;6;0;0
7;HapticsFixedCC;4;48,6667;134,9563;10,4;-1,6086;0,0;0,0;0,0;-0,1966;1,14;0;0,0169;0;1;6;0;0
7;HapticsFixedCC;4;48,6806;134,9162;10,4;-1,6418;0,0;0,0;0,0;-0,1964;1,13;0;0,0169;0;1;6;0;0
7;HapticsFixedCC;4;48,6944;134,8796;10,4;-1,685;0,0;0,0;0,0;-0,1962;1,12;0;0,0169;0;1;6;0;0
7;HapticsFixedCC;4;48,7083;134,8796;10,4;-1,7374;0,0;0,0;0,0;-0,1959;1,08;0;0,0169;0;1;6;0;0
7;HapticsFixedCC;4;48,7222;134,8796;10,4;-1,7966;0,0;0,0;0,0;-0,1956;1,03;0;0,0169;0;1;6;0;0
7;HapticsFixedCC;4;48,7361;134,8796;10,4;-1,8084;0,0;0,0;0,0;-0,1954;0,98;0;0,0169;0;1;6;0;0
7;HapticsFixedCC;4;48,75;134,8796;10,4;-1,9216;0,0;0,0;0,0;-0,1953;0,93;0;0,0169;0;1;6;0;0
7;HapticsFixedCC;4;48,7639;134,8796;10,4;-2,0089;0,0;0,0;0,0;-0,1952;0,88;0;0,0169;0;1;6;0;0
7;HapticsFixedCC;4;48,7778;134,6338;10,4;-2,0918;0,0;0,0;0,0;-0,1942;1,06;0;0,017;0;1;6;0;0
7;HapticsFixedCC;4;48,7917;134,5937;10,4;-2,1687;0,0;0,0;0,0;-0,1941;1,04;0;0,017;0;1;6;0;0
7;HapticsFixedCC;4;48,8056;134,5535;10,4;-2,245;0,0;0,0;0,0;-0,194;1,02;0;0,017;0;1;6;0;0
7;HapticsFixedCC;4;48,8194;134,5134;10,4;-2,3242;0,0;0,0;0,0;-0,194;1,0;0;0,017;0;1;6;0;0
7;HapticsFixedCC;4;48,8333;134,4733;10,4;-2,419;0,0;0,0;0,0;-0,1941;0,97;0;0,017;0;1;6;0;0
7;HapticsFixedCC;4;48,8472;134,4332;10,4;-2,4379;0,0;0,0;0,0;-0,1942;0,95;0;0,017;0;1;6;0;0
7;HapticsFixedCC;4;48,8611;134,4239;10,4;-2,6024;0,0;0,0;0,0;-0,1943;0,89;0;0,017;0;1;6;0;0
7;HapticsFixedCC;4;48,875;134,4239;10,4;-2,7252;0,0;0,0;0,0;-0,1944;0,81;0;0,017;0;1;6;0;0
7;HapticsFixedCC;4;48,8889;134,4239;10,4;-2,8669;0,0;0,0;0,0;-0,1946;0,74;0;0,017;0;1;6;0;0
7;HapticsFixedCC;4;48,9028;134,4239;10,4;-2,9605;0,0;0,0;0,0;-0,1949;0,66;0;0,017;0;1;6;0;0
7;HapticsFixedCC;4;48,9167;134,4239;10,4;-3,0557;0,0;0,0;0,0;-0,1953;0,58;0;0,017;0;1;6;0;0
7;HapticsFixedCC;4;48,9306;134,1909;10,4;-3,1648;0,0;0,0;0,0;-0,1949;0,72;0;0,0171;0;1;6;0;0
7;HapticsFixedCC;4;48,9444;134,1507;10,4;-3,2379;0,0;0,0;0,0;-0,1953;0,67;0;0,0171;0;1;6;0;0
7;HapticsFixedCC;4;48,9583;134,1106;10,4;-3,2527;0,0;0,0;0,0;-0,1957;0,63;0;0,0171;0;1;6;0;0
7;HapticsFixedCC;4;48,9722;134,0705;10,4;-3,3846;0,0;0,0;0,0;-0,1963;0,57;0;0,0171;0;1;6;0;0
7;HapticsFixedCC;4;48,9861;134,0303;10,4;-3,4383;0,0;0,0;0,0;-0,197;0,52;0;0,0171;0;1;6;0;0
7;HapticsFixedCC;4;49,0;133,9902;10,4;-3,4542;0,0;0,0;0,0;-0,1977;0,47;0;0,0171;0;1;6;0;0
7;HapticsFixedCC;4;49,0139;133,9682;10,4;-3,4677;0,0;0,0;0,0;-0,1984;0,39;0;0,0171;0;1;6;0;0
7;HapticsFixedCC;4;49,0278;133,9682;10,4;-3,4749;0,0;0,0;0,0;-0,1991;0,3;0;0,0171;0;1;6;0;0
7;HapticsFixedCC;4;49,0417;133,9682;10,4;-3,4766;0,0;0,0;0,0;-0,1998;0,21;0;0,0171;0;1;6;0;0
7;HapticsFixedCC;4;49,0556;133,9682;10,4;-3,4772;0,0;0,0;0,0;-0,2006;0,11;0;0,0171;0;1;6;0;0
7;HapticsFixedCC;4;49,0694;133,9682;10,4;-3,4089;0,0;0,0;0,0;-0,2015;0,02;0;0,0171;0;1;6;0;0
7;HapticsFixedCC;4;49,0833;133,9682;10,4;-3,3162;0,0;0,0;0,0;-0,2024;-0,06;0;0,0171;0;1;6;0;0
7;HapticsFixedCC;4;49,0972;133,7078;10,4;-3,2282;0,0;0,0;0,0;-0,2024;0,1;0;0,0172;0;1;6;0;0
7;HapticsFixedCC;4;49,1111;133,6676;10,4;-3,155;0,0;0,0;0,0;-0,2031;0,06;0;0,0172;0;1;6;0;0
7;HapticsFixedCC;4;49,125;133,6275;10,4;-3,0863;0,0;0,0;0,0;-0,204;0,0;0;0,0172;0;1;6;0;0
7;HapticsFixedCC;4;49,1389;133,5874;10,2;-2,9726;0,0;0,0;0,0;-0,2048;-0,02;0;0,0172;0;1;6;0;0
7;HapticsFixedCC;4;49,1528;133,548;10,2;-2,8618;0,0;0,0;0,0;-0,2057;-0,06;0;0,0172;0;1;6;0;0
7;HapticsFixedCC;4;49,1667;133,5126;10,2;-2,8396;0,0;0,0;0,0;-0,2066;-0,1;0;0,0172;0;1;6;0;0
7;HapticsFixedCC;4;49,1806;133,5126;10,2;-2,7032;0,0;0,0;0,0;-0,2074;-0,17;0;0,0172;0;1;5;0;0
7;HapticsFixedCC;4;49,1944;133,5126;10,2;-2,62;0,0;0,0;0,0;-0,2082;-0,23;0;0,0172;0;1;5;0;0
7;HapticsFixedCC;4;49,2083;133,5126;10,2;-2,5263;0,0;0,0;0,0;-0,209;-0,3;0;0,0172;0;1;5;0;0
7;HapticsFixedCC;4;49,2222;133,5126;10,2;-2,4409;0,0;0,0;0,0;-0,2098;-0,36;0;0,0172;0;1;5;0;0
7;HapticsFixedCC;4;49,2361;133,5126;10,2;-2,3914;0,0;0,0;0,0;-0,2107;-0,43;0;0,0172;0;1;5;0;0
7;HapticsFixedCC;4;49,25;133,271;10,2;-2,3505;0,0;0,0;0,0;-0,2106;-0,25;0;0,0173;0;1;5;0;0
7;HapticsFixedCC;4;49,2639;133,2316;10,2;-2,3191;0,0;0,0;0,0;-0,2114;-0,27;0;0,0173;0;1;5;0;0
7;HapticsFixedCC;4;49,2778;133,1923;10,2;-2,3128;0,0;0,0;0,0;-0,2122;-0,29;0;0,0173;0;1;5;0;0
7;HapticsFixedCC;4;49,2917;133,1529;10,2;-2,2249;0,0;0,0;0,0;-0,2131;-0,31;0;0,0173;0;1;5;0;0
7;HapticsFixedCC;4;49,3056;133,1136;10,2;-2,1546;0,0;0,0;0,0;-0,2139;-0,33;0;0,0174;0;1;5;0;0
7;HapticsFixedCC;4;49,3194;133,0742;10,2;-2,0825;0,0;0,0;0,0;-0,2148;-0,34;0;0,0174;0;1;5;0;0
7;HapticsFixedCC;4;49,3333;133,0568;10,2;-2,0681;0,0;0,0;0,0;-0,2156;-0,38;0;0,0174;0;1;5;0;0
7;HapticsFixedCC;4;49,3472;133,0568;10,2;-1,9377;0,0;0,0;0,0;-0,2164;-0,43;0;0,0174;0;1;5;0;0
7;HapticsFixedCC;4;49,3611;133,0568;10,2;-1,8592;0,0;0,0;0,0;-0,2172;-0,48;0;0,0174;0;1;5;0;0
7;HapticsFixedCC;4;49,375;133,0568;10,2;-1,8435;0,0;0,0;0,0;-0,218;-0,52;0;0,0174;0;1;5;0;0
7;HapticsFixedCC;4;49,3889;133,0568;10,1;-1,7993;0,0;0,0;0,0;-0,2188;-0,57;0;0,0174;0;1;5;0;0
7;HapticsFixedCC;4;49,4028;133,0568;10,1;-1,7512;0,0;0,0;0,0;-0,2196;-0,61;0;0,0174;0;1;5;0;0
7;HapticsFixedCC;4;49,4167;132,7978;10,1;-1,6289;0,0;0,0;0,0;-0,2194;-0,4;0;0,0174;0;1;5;0;0
7;HapticsFixedCC;4;49,4306;132,7589;10,1;-1,5536;0,0;0,0;0,0;-0,2201;-0,4;0;0,0175;0;1;5;0;0
7;HapticsFixedCC;4;49,4444;132,7199;10,1;-1,4923;0,0;0,0;0,0;-0,2208;-0,4;0;0,0175;0;1;5;0;0
7;HapticsFixedCC;4;49,4583;132,681;10,1;-1,4429;0,0;0,0;0,0;-0,2215;-0,4;0;0,0175;0;1;5;0;0
7;HapticsFixedCC;4;49,4722;132,642;10,1;-1,4021;0,0;0,0;0,0;-0,2222;-0,39;0;0,0175;0;1;5;0;0
7;HapticsFixedCC;4;49,4861;132,603;10,1;-1,3743;0,0;0,0;0,0;-0,223;-0,39;0;0,0175;0;1;5;0;0
7;HapticsFixedCC;4;49,5;132,6013;10,1;-1,3687;0,0;0,0;0,0;-0,2236;-0,42;0;0,0175;0;1;5;0;0
7;HapticsFixedCC;4;49,5139;132,6013;10,1;-1,3601;0,0;0,0;0,0;-0,2242;-0,46;0;0,0175;0;1;5;0;0
7;HapticsFixedCC;4;49,5278;132,6013;10,1;-1,3548;0,0;0,0;0,0;-0,2249;-0,49;0;0,0175;0;1;5;0;0
7;HapticsFixedCC;4;49,5417;132,6013;10,1;-1,3543;0,0;0,0;0,0;-0,2256;-0,53;0;0,0175;0;1;5;0;0
7;HapticsFixedCC;4;49,5556;132,6013;10,1;-1,3542;0,0;0,0;0,0;-0,2263;-0,56;0;0,0175;0;1;5;0;0
7;HapticsFixedCC;4;49,5694;132,3675;10,1;-1,3535;0,0;0,0;0,0;-0,226;-0,36;0;0,0176;0;1;5;0;0
7;HapticsFixedCC;4;49,5833;132,3285;10,1;-1,3478;0,0;0,0;0,0;-0,2266;-0,35;0;0,0176;0;1;5;0;0
7;HapticsFixedCC;4;49,5972;132,2895;10,1;-1,3424;0,0;0,0;0,0;-0,2272;-0,35;0;0,0176;0;1;5;0;0
7;HapticsFixedCC;4;49,6111;132,2506;10,1;-1,3413;0,0;0,0;0,0;-0,2279;-0,34;0;0,0176;0;1;5;0;0
7;HapticsFixedCC;4;49,625;132,2116;10,1;-1,3316;0,0;0,0;0,0;-0,2285;-0,34;0;0,0176;0;1;5;0;0
7;HapticsFixedCC;4;49,6389;132,1727;10,1;-1,2223;0,0;0,0;0,0;-0,2292;-0,33;0;0,0176;0;1;5;0;0
7;HapticsFixedCC;4;49,6528;132,1455;10,1;-1,0977;0,0;0,0;0,0;-0,2298;-0,33;0;0,0177;0;1;5;0;0
7;HapticsFixedCC;4;49,6667;132,1455;10,1;-0,934;0,0;0,0;0,0;-0,2302;-0,36;0;0,0177;0;1;5;0;0
7;HapticsFixedCC;4;49,6806;132,1455;10,1;-0,6764;0,0;0,0;0,0;-0,2306;-0,37;0;0,0177;0;1;5;0;0
7;HapticsFixedCC;4;49,6944;132,1455;10,1;-0,6249;0,0;0,0;0,0;-0,231;-0,39;0;0,0177;0;1;5;0;0
7;HapticsFixedCC;4;49,7083;132,1455;10,1;-0,4245;0,0;0,0;0,0;-0,2314;-0,4;0;0,0177;0;1;5;0;0
7;HapticsFixedCC;4;49,7222;132,1455;10,1;-0,1828;0,0;0,0;0,0;-0,2317;-0,4;0;0,0177;0;1;5;0;0
7;HapticsFixedCC;4;49,7361;131,8981;10,1;0,1448;0,0;0,0;0,0;-0,2309;-0,15;0;0,0177;0;1;5;0;0
7;HapticsFixedCC;4;49,75;131,8591;10,1;0,3434;0,0;0,0;0,0;-0,2309;-0,1;0;0,0178;0;1;5;0;0
7;HapticsFixedCC;4;49,7639;131,8201;10,1;0,4924;0,0;0,0;0,0;-0,2309;-0,05;0;0,0178;0;1;5;0;0
7;HapticsFixedCC;4;49,7778;131,7812;10,1;0,5595;0,0;0,0;0,0;-0,2308;0,0;0;0,0178;0;1;5;0;0
7;HapticsFixedCC;4;49,7917;131,7422;10,1;0,632;0,0;0,0;0,0;-0,2307;0,07;0;0,0178;0;1;5;0;0
7;HapticsFixedCC;4;49,8056;131,7032;10,1;0,6568;0,0;0,0;0,0;-0,2306;0,12;0;0,0178;0;1;5;0;0
7;HapticsFixedCC;4;49,8194;131,6898;10,1;0,6619;0,0;0,0;0,0;-0,2304;0,15;0;0,0178;0;1;5;0;0
7;HapticsFixedCC;4;49,8333;131,6898;10,1;0,6914;0,0;0,0;0,0;-0,2301;0,17;0;0,0178;0;1;5;0;0
7;HapticsFixedCC;4;49,8472;131,6898;10,1;0,6777;0,0;0,0;0,0;-0,2297;0,19;0;0,0178;0;1;5;0;0
7;HapticsFixedCC;4;49,8611;131,6898;10,1;0,6652;0,0;0,0;0,0;-0,2294;0,21;0;0,0178;0;1;5;0;0
7;HapticsFixedCC;4;49,875;131,6898;10,1;0,6324;0,0;0,0;0,0;-0,2291;0,22;0;0,0178;0;1;5;0;0
7;HapticsFixedCC;4;49,8889;131,6898;10,0;0,5504;0,0;0,0;0,0;-0,2288;0,24;0;0,0178;0;1;5;0;0
7;HapticsFixedCC;4;49,9028;131,429;10,0;0,4711;0,0;0,0;0,0;-0,2274;0,52;0;0,0179;0;1;5;0;0
7;HapticsFixedCC;4;49,9167;131,3904;10,0;0,3894;0,0;0,0;0,0;-0,227;0,57;0;0,0179;0;1;5;0;0
7;HapticsFixedCC;4;49,9306;131,3518;10,0;0,3729;0,0;0,0;0,0;-0,2265;0,62;0;0,018;0;1;5;0;0
7;HapticsFixedCC;4;49,9444;131,3132;10,0;0,3016;0,0;0,0;0,0;-0,2261;0,67;0;0,018;0;1;5;0;0
7;HapticsFixedCC;4;49,9583;131,2747;10,0;0,1618;0,0;0,0;0,0;-0,2257;0,71;0;0,018;0;1;5;0;0
7;HapticsFixedCC;4;49,9722;131,2361;10,0;0,0663;0,0;0,0;0,0;-0,2253;0,75;0;0,018;0;1;5;0;0
7;HapticsFixedCC;4;49,9861;131,2342;10,0;-0,0044;0,0;0,0;0,0;-0,2248;0,75;0;0,018;0;1;5;0;0
7;HapticsFixedCC;4;50,0;131,2342;10,0;-0,0512;0,0;0,0;0,0;-0,2243;0,75;0;0,018;0;1;5;0;0
7;HapticsFixedCC;4;50,0139;131,2342;10,0;-0,0604;0,0;0,0;0,0;-0,2238;0,75;0;0,018;0;1;5;0;0
7;HapticsFixedCC;4;50,0278;131,2342;10,0;-0,1095;0,0;0,0;0,0;-0,2233;0,75;0;0,018;0;1;5;0;0
7;HapticsFixedCC;4;50,0417;131,2342;10,0;-0,1221;0,0;0,0;0,0;-0,2228;0,75;0;0,018;0;1;5;0;0
7;HapticsFixedCC;4;50,0556;131,0028;10,0;-0,1309;0,0;0,0;0,0;-0,2213;0,99;0;0,0181;0;1;5;0;0
7;HapticsFixedCC;4;50,0694;130,9642;10,0;-0,1199;0,0;0,0;0,0;-0,2207;1,02;0;0,0181;0;1;5;0;0
7;HapticsFixedCC;4;50,0833;130,9256;10,0;-0,1019;0,0;0,0;0,0;-0,22;1,06;0;0,0181;0;1;5;0;0
7;HapticsFixedCC;4;50,0972;130,8871;10,0;-0,0882;0,0;0,0;0,0;-0,2194;1,1;0;0,0181;0;1;5;0;0
7;HapticsFixedCC;4;50,1111;130,8485;10,0;-0,0814;0,0;0,0;0,0;-0,2187;1,14;0;0,0182;0;1;5;0;0
7;HapticsFixedCC;4;50,125;130,8099;10,0;-0,0789;0,0;0,0;0,0;-0,2181;1,18;0;0,0182;0;1;5;0;0
7;HapticsFixedCC;4;50,1389;130,7784;10,0;-0,0784;0,0;0,0;0,0;-0,2174;1,21;0;0,0182;0;1;5;0;0
7;HapticsFixedCC;4;50,1528;130,7784;10,0;-0,0885;0,0;0,0;0,0;-0,2166;1,21;0;0,0182;0;1;5;0;0
7;HapticsFixedCC;4;50,1667;130,7784;10,0;-0,104;0,0;0,0;0,0;-0,2157;1,2;0;0,0182;0;1;5;0;0
7;HapticsFixedCC;4;50,1806;130,7784;10,0;-0,1403;0,0;0,0;0,0;-0,215;1,2;0;0,0182;0;1;4;0;0
7;HapticsFixedCC;4;50,1944;130,7784;10,0;-0,153;0,0;0,0;0,0;-0,2142;1,2;0;0,0182;0;1;4;0;0
7;HapticsFixedCC;4;50,2083;130,7784;10,0;-0,1724;0,0;0,0;0,0;-0,2134;1,19;0;0,0182;0;1;4;0;0
7;HapticsFixedCC;4;50,2222;130,5381;10,0;-0,186;0,0;0,0;0,0;-0,2117;1,44;0;0,0183;0;1;4;0;0
7;HapticsFixedCC;4;50,2361;130,4995;10,0;-0,2085;0,0;0,0;0,0;-0,2108;1,47;0;0,0183;0;1;4;0;0
7;HapticsFixedCC;4;50,25;130,461;10,0;-0,2134;0,0;0,0;0,0;-0,2099;1,51;0;0,0183;0;1;4;0;0
7;HapticsFixedCC;4;50,2639;130,4224;10,0;-0,2299;0,0;0,0;0,0;-0,209;1,54;0;0,0183;0;1;4;0;0
7;HapticsFixedCC;4;50,2778;130,3838;10,0;-0,2813;0,0;0,0;0,0;-0,2082;1,57;0;0,0184;0;1;4;0;0
7;HapticsFixedCC;4;50,2917;130,3453;10,0;-0,336;0,0;0,0;0,0;-0,2073;1,61;0;0,0184;0;1;4;0;0
7;HapticsFixedCC;4;50,3056;130,3229;10,0;-0,4028;0,0;0,0;0,0;-0,2064;1,62;0;0,0184;0;1;4;0;0
7;HapticsFixedCC;4;50,3194;130,3229;10,0;-0,4735;0,0;0,0;0,0;-0,2054;1,61;0;0,0184;0;1;4;0;0
7;HapticsFixedCC;4;50,3333;130,3229;10,0;-0,4875;0,0;0,0;0,0;-0,2045;1,59;0;0,0184;0;1;4;0;0
7;HapticsFixedCC;4;50,3472;130,3229;10,0;-0,5877;0,0;0,0;0,0;-0,2036;1,58;0;0,0184;0;1;4;0;0
7;HapticsFixedCC;4;50,3611;130,3229;10,0;-0,719;0,0;0,0;0,0;-0,2027;1,56;0;0,0184;0;1;4;0;0
7;HapticsFixedCC;4;50,375;130,3229;10,0;-0,9538;0,0;0,0;0,0;-0,2018;1,54;0;0,0184;0;1;4;0;0
7;HapticsFixedCC;4;50,3889;130,0736;10,0;-1,1452;0,0;0,0;0,0;-0,2;1,77;0;0,0185;0;1;4;0;0
7;HapticsFixedCC;4;50,4028;130,035;10,0;-1,3351;0,0;0,0;0,0;-0,1992;1,78;0;0,0185;0;1;4;0;0
7;HapticsFixedCC;4;50,4167;129,9964;10,0;-1,5325;0,0;0,0;0,0;-0,1985;1,78;0;0,0185;0;1;4;0;0
7;HapticsFixedCC;4;50,4306;129,9578;10,0;-1,7269;0,0;0,0;0,0;-0,1978;1,78;0;0,0186;0;1;4;0;0
7;HapticsFixedCC;4;50,4444;129,9193;10,0;-1,8675;0,0;0,0;0,0;-0,1972;1,77;0;0,0186;0;1;4;0;0
7;HapticsFixedCC;4;50,4583;129,8807;10,2;-1,8958;0,0;0,0;0,0;-0,1966;1,76;0;0,0186;0;1;4;0;0
7;HapticsFixedCC;4;50,4722;129,867;10,2;-2,0313;0,0;0,0;0,0;-0,196;1,72;0;0,0186;0;1;4;0;0
7;HapticsFixedCC;4;50,4861;129,867;10,2;-2,2088;0,0;0,0;0,0;-0,1954;1,66;0;0,0186;0;1;4;0;0
7;HapticsFixedCC;4;50,5;129,867;10,2;-2,3708;0,0;0,0;0,0;-0,1949;1,6;0;0,0186;0;1;4;0;0
7;HapticsFixedCC;4;50,5139;129,867;10,2;-2,4612;0,0;0,0;0,0;-0,1945;1,54;0;0,0186;0;1;4;0;0
7;HapticsFixedCC;4;50,5278;129,867;10,2;-2,4998;0,0;0,0;0,0;-0,1941;1,47;0;0,0186;0;1;4;0;0
7;HapticsFixedCC;4;50,5417;129,867;10,2;-2,5283;0,0;0,0;0,0;-0,1938;1,41;0;0,0186;0;1;4;0;0
7;HapticsFixedCC;4;50,5556;129,6036;10,2;-2,534;0,0;0,0;0,0;-0,1924;1,62;0;0,0187;0;1;4;0;0
7;HapticsFixedCC;4;50,5694;129,5642;10,2;-2,5466;0,0;0,0;0,0;-0,192;1,6;0;0,0187;0;1;4;0;0
7;HapticsFixedCC;4;50,5833;129,5249;10,2;-2,5657;0,0;0,0;0,0;-0,1917;1,57;0;0,0188;0;1;4;0;0
7;HapticsFixedCC;4;50,5972;129,4855;10,2;-2,5855;0,0;0,0;0,0;-0,1914;1,55;0;0,0188;0;1;4;0;0
7;HapticsFixedCC;4;50,6111;129,4462;10,2;-2,5973;0,0;0,0;0,0;-0,1912;1,52;0;0,0188;0;1;4;0;0
7;HapticsFixedCC;4;50,625;129,4117;10,2;-2,6058;0,0;0,0;0,0;-0,1909;1,49;0;0,0188;0;1;4;0;0
7;HapticsFixedCC;4;50,6389;129,4117;10,2;-2,611;0,0;0,0;0,0;-0,1906;1,42;0;0,0188;0;1;4;0;0
7;HapticsFixedCC;4;50,6528;129,4117;10,2;-2,6117;0,0;0,0;0,0;-0,1904;1,35;0;0,0188;0;1;4;0;0
7;HapticsFixedCC;4;50,6667;129,4117;10,2;-2,6105;0,0;0,0;0,0;-0,1901;1,29;0;0,0188;0;1;4;0;0
7;HapticsFixedCC;4;50,6806;129,4117;10,4;-2,6032;0,0;0,0;0,0;-0,19;1,22;0;0,0188;0;1;4;0;0
7;HapticsFixedCC;4;50,6944;129,4117;10,4;-2,5838;0,0;0,0;0,0;-0,1898;1,15;0;0,0188;0;1;4;0;0
7;HapticsFixedCC;4;50,7083;129,1675;10,4;-2,5587;0,0;0,0;0,0;-0,1887;1,35;0;0,0189;0;1;4;0;0
7;HapticsFixedCC;4;50,7222;129,1274;10,4;-2,5279;0,0;0,0;0,0;-0,1884;1,32;0;0,019;0;1;4;0;0
7;HapticsFixedCC;4;50,7361;129,0872;10,4;-2,5216;0,0;0,0;0,0;-0,1883;1,3;0;0,019;0;1;4;0;0
7;HapticsFixedCC;4;50,75;129,0471;10,4;-2,449;0,0;0,0;0,0;-0,1881;1,28;0;0,019;0;1;4;0;0
7;HapticsFixedCC;4;50,7639;129,007;10,4;-2,4347;0,0;0,0;0,0;-0,188;1,25;0;0,019;0;1;4;0;0
7;HapticsFixedCC;4;50,7778;128,9669;10,4;-2,3887;0,0;0,0;0,0;-0,1879;1,23;0;0,019;0;1;4;0;0
7;HapticsFixedCC;4;50,7917;128,9556;10,4;-2,3534;0,0;0,0;0,0;-0,1877;1,18;0;0,0191;0;1;4;0;0
7;HapticsFixedCC;4;50,8056;128,9556;10,4;-2,3036;0,0;0,0;0,0;-0,1876;1,12;0;0,0191;0;1;4;0;0
7;HapticsFixedCC;4;50,8194;128,9556;10,4;-2,2046;0,0;0,0;0,0;-0,1874;1,06;0;0,0191;0;1;4;0;0
7;HapticsFixedCC;4;50,8333;128,9556;10,4;-2,1411;0,0;0,0;0,0;-0,1872;1,01;0;0,0191;0;1;4;0;0
7;HapticsFixedCC;4;50,8472;128,9556;10,4;-2,1003;0,0;0,0;0,0;-0,1871;0,95;0;0,0191;0;1;4;0;0
7;HapticsFixedCC;4;50,8611;128,7245;10,4;-2,0471;0,0;0,0;0,0;-0,186;1,15;0;0,0192;0;1;4;0;0
7;HapticsFixedCC;4;50,875;128,6843;10,4;-2,0361;0,0;0,0;0,0;-0,1858;1,14;0;0,0192;0;1;4;0;0
7;HapticsFixedCC;4;50,8889;128,6442;10,4;-2,011;0,0;0,0;0,0;-0,1856;1,13;0;0,0192;0;1;4;0;0
7;HapticsFixedCC;4;50,9028;128,6041;10,4;-1,9762;0,0;0,0;0,0;-0,1854;1,12;0;0,0192;0;1;4;0;0
7;HapticsFixedCC;4;50,9167;128,5639;10,4;-1,9367;0,0;0,0;0,0;-0,1852;1,12;0;0,0193;0;1;4;0;0
7;HapticsFixedCC;4;50,9306;128,5238;10,4;-1,9288;0,0;0,0;0,0;-0,1851;1,11;0;0,0193;0;1;4;0;0
7;HapticsFixedCC;4;50,9444;128,5004;10,4;-1,9165;0,0;0,0;0,0;-0,185;1,08;0;0,0193;0;1;4;0;0
7;HapticsFixedCC;4;50,9583;128,5004;10,4;-1,9113;0,0;0,0;0,0;-0,1847;1,03;0;0,0193;0;1;4;0;0
7;HapticsFixedCC;4;50,9722;128,5004;10,4;-1,9165;0,0;0,0;0,0;-0,1845;0,98;0;0,0193;0;1;4;0;0
7;HapticsFixedCC;4;50,9861;128,5004;10,4;-1,9325;0,0;0,0;0,0;-0,1844;0,93;0;0,0193;0;1;4;0;0
7;HapticsFixedCC;4;51,0;128,5004;10,4;-1,946;0,0;0,0;0,0;-0,1843;0,88;0;0,0193;0;1;4;0;0
7;HapticsFixedCC;4;51,0139;128,5004;10,4;-1,966;0,0;0,0;0,0;-0,1842;0,83;0;0,0193;0;1;4;0;0
7;HapticsFixedCC;4;51,0278;128,2413;10,4;-1,9866;0,0;0,0;0,0;-0,183;1,06;0;0,0195;0;1;4;0;0
7;HapticsFixedCC;4;51,0417;128,2012;10,4;-2,0018;0,0;0,0;0,0;-0,1829;1,06;0;0,0195;0;1;4;0;0
7;HapticsFixedCC;4;51,0556;128,1611;10,4;-2,0204;0,0;0,0;0,0;-0,1828;1,05;0;0,0195;0;1;4;0;0
7;HapticsFixedCC;4;51,0694;128,1209;10,4;-2,0395;0,0;0,0;0,0;-0,1827;1,04;0;0,0195;0;1;4;0;0
7;HapticsFixedCC;4;51,0833;128,0808;10,4;-2,0607;0,0;0,0;0,0;-0,1827;1,03;0;0,0195;0;1;4;0;0
7;HapticsFixedCC;4;51,0972;128,0443;10,4;-2,078;0,0;0,0;0,0;-0,1827;1,01;0;0,0196;0;1;4;0;0
7;HapticsFixedCC;4;51,1111;128,0443;10,4;-2,096;0,0;0,0;0,0;-0,1825;0,96;0;0,0196;0;1;4;0;0
7;HapticsFixedCC;4;51,125;128,0443;10,4;-2,1211;0,0;0,0;0,0;-0,1825;0,9;0;0,0196;0;1;4;0;0
7;HapticsFixedCC;4;51,1389;128,0443;10,4;-2,1503;0,0;0,0;0,0;-0,1824;0,84;0;0,0196;0;1;4;0;0
7;HapticsFixedCC;4;51,1528;128,0443;10,4;-2,2022;0,0;0,0;0,0;-0,1825;0,79;0;0,0196;0;1;4;0;0
7;HapticsFixedCC;4;51,1667;128,0443;10,4;-2,241;0,0;0,0;0,0;-0,1825;0,73;0;0,0196;0;1;4;0;0
7;HapticsFixedCC;4;51,1806;127,7983;10,4;-2,2817;0,0;0,0;0,0;-0,1816;0,94;0;0,0197;0;1;4;0;0
7;HapticsFixedCC;4;51,1944;127,7581;10,2;-2,3346;0,0;0,0;0,0;-0,1816;0,93;0;0,0197;0;1;7;0;0
7;HapticsFixedCC;4;51,2083;127,7188;10,2;-2,3737;0,0;0,0;0,0;-0,1816;0,91;0;0,0198;0;1;7;0;0
7;HapticsFixedCC;4;51,2222;127,6794;10,2;-2,4097;0,0;0,0;0,0;-0,1817;0,89;0;0,0198;0;1;7;0;0
7;HapticsFixedCC;4;51,2361;127,6401;10,2;-2,4446;0,0;0,0;0,0;-0,1819;0,87;0;0,0198;0;1;7;0;0
7;HapticsFixedCC;4;51,25;127,6007;10,2;-2,4796;0,0;0,0;0,0;-0,1821;0,85;0;0,0198;0;1;7;0;0
7;HapticsFixedCC;4;51,2639;127,5889;10,2;-2,512;0,0;0,0;0,0;-0,1823;0,8;0;0,0198;0;1;7;0;0
7;HapticsFixedCC;4;51,2778;127,5889;10,2;-2,532;0,0;0,0;0,0;-0,1824;0,73;0;0,0198;0;1;7;0;0
7;HapticsFixedCC;4;51,2917;127,5889;10,2;-2,5486;0,0;0,0;0,0;-0,1826;0,67;0;0,0198;0;1;7;0;0
7;HapticsFixedCC;4;51,3056;127,5889;10,2;-2,5589;0,0;0,0;0,0;-0,1828;0,6;0;0,0198;0;1;7;0;0
7;HapticsFixedCC;4;51,3194;127,5889;10,2;-2,5676;0,0;0,0;0,0;-0,1831;0,53;0;0,0198;0;1;7;0;0
7;HapticsFixedCC;4;51,3333;127,5889;10,2;-2,5723;0,0;0,0;0,0;-0,1835;0,46;0;0,0198;0;1;7;0;0
7;HapticsFixedCC;4;51,3472;127,3236;10,2;-2,5705;0,0;0,0;0,0;-0,1827;0,7;0;0,02;0;1;7;0;0
7;HapticsFixedCC;4;51,3611;127,2842;10,2;-2,5618;0,0;0,0;0,0;-0,1829;0,68;0;0,02;0;1;7;0;0
7;HapticsFixedCC;4;51,375;127,2449;10,2;-2,5519;0,0;0,0;0,0;-0,1832;0,66;0;0,0201;0;1;7;0;0
7;HapticsFixedCC;4;51,3889;127,2055;10,2;-2,538;0,0;0,0;0,0;-0,1835;0,63;0;0,0201;0;1;7;0;0
7;HapticsFixedCC;4;51,4028;127,1661;10,2;-2,5077;0,0;0,0;0,0;-0,1839;0,61;0;0,0201;0;1;7;0;0
7;HapticsFixedCC;4;51,4167;127,133;10,2;-2,4729;0,0;0,0;0,0;-0,1843;0,59;0;0,0201;0;1;7;0;0
7;HapticsFixedCC;4;51,4305;127,133;10,2;-2,426;0,0;0,0;0,0;-0,1845;0,52;0;0,0201;0;1;7;0;0
7;HapticsFixedCC;4;51,4444;127,133;10,2;-2,3832;0,0;0,0;0,0;-0,1848;0,46;0;0,0201;0;1;7;0;0
7;HapticsFixedCC;4;51,4583;127,133;10,2;-2,3363;0,0;0,0;0,0;-0,1852;0,4;0;0,0201;0;1;7;0;0
7;HapticsFixedCC;4;51,4722;127,133;10,2;-2,3008;0,0;0,0;0,0;-0,1855;0,34;0;0,0201;0;1;7;0;0
7;HapticsFixedCC;4;51,4861;127,133;10,2;-2,2244;0,0;0,0;0,0;-0,1859;0,28;0;0,0201;0;1;7;0;0
7;HapticsFixedCC;4;51,5;126,8889;10,2;-2,1594;0,0;0,0;0,0;-0,1852;0,51;0;0,0203;0;1;7;0;0
7;HapticsFixedCC;4;51,5139;126,8496;10,2;-2,0699;0,0;0,0;0,0;-0,1854;0,5;0;0,0203;0;1;7;0;0
7;HapticsFixedCC;4;51,5278;126,8102;10,2;-2,0052;0,0;0,0;0,0;-0,1856;0,49;0;0,0204;0;1;7;0;0
7;HapticsFixedCC;4;51,5417;126,7709;10,2;-1,8805;0,0;0,0;0,0;-0,1859;0,49;0;0,0204;0;1;7;0;0
7;HapticsFixedCC;4;51,5555;126,7315;10,2;-1,7756;0,0;0,0;0,0;-0,1861;0,49;0;0,0204;0;1;7;0;0
7;HapticsFixedCC;4;51,5694;126,6922;10,2;-1,6814;0,0;0,0;0,0;-0,1864;0,49;0;0,0204;0;1;7;0;0
7;HapticsFixedCC;4;51,5833;126,6774;10,2;-1,5766;0,0;0,0;0,0;-0,1865;0,46;0;0,0205;0;1;7;0;0
7;HapticsFixedCC;4;51,5972;126,6774;10,2;-1,4494;0,0;0,0;0,0;-0,1866;0,42;0;0,0205;0;1;7;0;0
7;HapticsFixedCC;4;51,6111;126,6774;10,2;-1,3043;0,0;0,0;0,0;-0,1867;0,39;0;0,0205;0;1;7;0;0
7;HapticsFixedCC;4;51,625;126,6774;10,2;-1,1546;0,0;0,0;0,0;-0,1867;0,36;0;0,0205;0;1;7;0;0
7;HapticsFixedCC;4;51,6389;126,6774;10,2;-1,0528;0,0;0,0;0,0;-0,1867;0,33;0;0,0205;0;1;7;0;0
7;HapticsFixedCC;4;51,6528;126,6774;10,0;-0,9635;0,0;0,0;0,0;-0,1868;0,31;0;0,0205;0;1;7;0;0
7;HapticsFixedCC;4;51,6667;126,4157;10,0;-0,8794;0,0;0,0;0,0;-0,1856;0,6;0;0,0206;0;1;7;0;0
7;HapticsFixedCC;4;51,6805;126,3771;10,0;-0,7801;0,0;0,0;0,0;-0,1854;0,62;0;0,0207;0;1;7;0;0
7;HapticsFixedCC;4;51,6944;126,3386;10,0;-0,7197;0,0;0,0;0,0;-0,1852;0,65;0;0,0207;0;1;7;0;0
7;HapticsFixedCC;4;51,7083;126,3;10,0;-0,6874;0,0;0,0;0,0;-0,185;0,68;0;0,0207;0;1;7;0;0
7;HapticsFixedCC;4;51,7222;126,2614;10,0;-0,6697;0,0;0,0;0,0;-0,1848;0,7;0;0,0208;0;1;7;0;0
7;HapticsFixedCC;4;51,7361;126,2228;10,0;-0,6575;0,0;0,0;0,0;-0,1847;0,73;0;0,0208;0;1;7;0;0
7;HapticsFixedCC;4;51,75;126,2217;10,0;-0,6398;0,0;0,0;0,0;-0,1844;0,72;0;0,0208;0;1;7;0;0
7;HapticsFixedCC;4;51,7639;126,2217;10,0;-0,6308;0,0;0,0;0,0;-0,184;0,7;0;0,0208;0;1;7;0;0
7;HapticsFixedCC;4;51,7778;126,2217;10,0;-0,6317;0,0;0,0;0,0;-0,1837;0,69;0;0,0208;0;1;7;0;0
7;HapticsFixedCC;4;51,7917;126,2217;10,0;-0,6561;0,0;0,0;0,0;-0,1834;0,67;0;0,0208;0;1;7;0;0
7;HapticsFixedCC;4;51,8055;126,2217;10,0;-0,7067;0,0;0,0;0,0;-0,1831;0,65;0;0,0208;0;1;7;0;0
7;HapticsFixedCC;4;51,8194;125,9896;10,0;-0,7887;0,0;0,0;0,0;-0,1818;0,91;0;0,021;0;1;7;0;0
7;HapticsFixedCC;4;51,8333;125,951;10,0;-0,8667;0,0;0,0;0,0;-0,1814;0,94;0;0,021;0;1;7;0;0
7;HapticsFixedCC;4;51,8472;125,9125;10,0;-0,9303;0,0;0,0;0,0;-0,181;0,96;0;0,021;0;1;7;0;0
7;HapticsFixedCC;4;51,8611;125,8739;10,0;-1,0088;0,0;0,0;0,0;-0,1807;0,98;0;0,021;0;1;7;0;0
7;HapticsFixedCC;4;51,875;125,8353;10,0;-1,0955;0,0;0,0;0,0;-0,1804;1,0;0;0,0211;0;1;7;0;0
7;HapticsFixedCC;4;51,8889;125,7967;10,4;-1,2081;0,0;0,0;0,0;-0,1802;1,01;0;0,0211;0;1;7;0;0
7;HapticsFixedCC;4;51,9028;125,766;10,4;-1,2947;0,0;0,0;0,0;-0,1799;1,01;0;0,0211;0;1;7;0;0
7;HapticsFixedCC;4;51,9167;125,766;10,4;-1,3721;0,0;0,0;0,0;-0,1795;0,98;0;0,0211;0;1;7;0;0
7;HapticsFixedCC;4;51,9305;125,766;10,4;-1,418;0,0;0,0;0,0;-0,1792;0,94;0;0,0211;0;1;7;0;0
7;HapticsFixedCC;4;51,9444;125,766;10,4;-1,4919;0,0;0,0;0,0;-0,179;0,9;0;0,0211;0;1;7;0;0
7;HapticsFixedCC;4;51,9583;125,766;10,4;-1,565;0,0;0,0;0,0;-0,1787;0,86;0;0,0211;0;1;7;0;0
7;HapticsFixedCC;4;51,9722;125,766;10,4;-1,6135;0,0;0,0;0,0;-0,1785;0,82;0;0,0211;0;1;7;0;0
7;HapticsFixedCC;4;51,9861;125,5141;10,4;-1,6618;0,0;0,0;0,0;-0,1772;1,08;0;0,0213;0;1;7;0;0
7;HapticsFixedCC;4;52,0;125,474;10,4;-1,7092;0,0;0,0;0,0;-0,1769;1,09;0;0,0214;0;1;7;0;0
7;HapticsFixedCC;4;52,0139;125,4339;10,4;-1,7733;0,0;0,0;0,0;-0,1767;1,09;0;0,0214;0;1;7;0;0
7;HapticsFixedCC;4;52,0278;125,3938;10,4;-1,818;0,0;0,0;0,0;-0,1765;1,09;0;0,0214;0;1;7;0;0
7;HapticsFixedCC;4;52,0417;125,3536;10,4;-1,8426;0,0;0,0;0,0;-0,1763;1,09;0;0,0214;0;1;7;0;0
7;HapticsFixedCC;4;52,0555;125,3135;10,4;-1,8737;0,0;0,0;0,0;-0,1762;1,09;0;0,0215;0;1;7;0;0
7;HapticsFixedCC;4;52,0694;125,3105;10,4;-1,8985;0,0;0,0;0,0;-0,176;1,04;0;0,0215;0;1;7;0;0
7;HapticsFixedCC;4;52,0833;125,3105;10,4;-1,9151;0,0;0,0;0,0;-0,1757;0,99;0;0,0215;0;1;7;0;0
7;HapticsFixedCC;4;52,0972;125,3105;10,4;-1,9286;0,0;0,0;0,0;-0,1755;0,94;0;0,0215;0;1;7;0;0
7;HapticsFixedCC;4;52,1111;125,3105;10,4;-1,9299;0,0;0,0;0,0;-0,1754;0,89;0;0,0215;0;1;7;0;0
7;HapticsFixedCC;4;52,125;125,3105;10,4;-1,9155;0,0;0,0;0,0;-0,1753;0,84;0;0,0215;0;1;7;0;0
7;HapticsFixedCC;4;52,1389;125,071;10,4;-1,8881;0,0;0,0;0,0;-0,174;1,09;0;0,0217;0;1;7;0;0
7;HapticsFixedCC;4;52,1528;125,0309;10,4;-1,842;0,0;0,0;0,0;-0,1737;1,09;0;0,0217;0;1;7;0;0
7;HapticsFixedCC;4;52,1667;124,9908;10,4;-1,7807;0,0;0,0;0,0;-0,1735;1,09;0;0,0217;0;1;7;0;0
7;HapticsFixedCC;4;52,1805;124,9507;10,4;-1,714;0,0;0,0;0,0;-0,1733;1,09;0;0,0218;0;1;7;0;0
7;HapticsFixedCC;4;52,1944;124,9105;10,4;-1,6299;0,0;0,0;0,0;-0,173;1,1;0;0,0218;0;1;7;0;0
7;HapticsFixedCC;4;52,2083;124,8704;10,4;-1,5416;0,0;0,0;0,0;-0,1728;1,11;0;0,0218;0;1;0;0;0
7;HapticsFixedCC;4;52,2222;124,8546;10,4;-1,4525;0,0;0,0;0,0;-0,1725;1,09;0;0,0219;0;1;0;0;0
7;HapticsFixedCC;4;52,2361;124,8546;10,4;-1,2936;0,0;0,0;0,0;-0,1721;1,06;0;0,0219;0;1;0;0;0
7;HapticsFixedCC;4;52,25;124,8546;10,4;-1,1258;0,0;0,0;0,0;-0,1716;1,03;0;0,0219;0;1;0;0;0
7;HapticsFixedCC;4;52,2639;124,8546;10,4;-1,0278;0,0;0,0;0,0;-0,1711;1,0;0;0,0219;0;1;0;0;0
7;HapticsFixedCC;4;52,2778;124,8546;10,4;-0,9099;0,0;0,0;0,0;-0,1707;0,98;0;0,0219;0;1;0;0;0
7;HapticsFixedCC;4;52,2917;124,8546;10,4;-0,7977;0,0;0,0;0,0;-0,1702;0,96;0;0,0219;0;1;0;0;0
7;HapticsFixedCC;4;52,3055;124,5879;10,4;-0,6838;0,0;0,0;0,0;-0,1684;1,28;0;0,0221;0;1;0;0;0
7;HapticsFixedCC;4;52,3194;124,5478;10,4;-0,6103;0,0;0,0;0,0;-0,1676;1,31;0;0,0221;0;1;0;0;0
7;HapticsFixedCC;4;52,3333;124,5076;10,4;-0,5935;0,0;0,0;0,0;-0,1669;1,35;0;0,0222;0;1;0;0;0
7;HapticsFixedCC;4;52,3472;124,4675;10,4;-0,5721;0,0;0,0;0,0;-0,1662;1,38;0;0,0222;0;1;0;0;0
7;HapticsFixedCC;4;52,3611;124,4274;10,4;-0,536;0,0;0,0;0,0;-0,1655;1,42;0;0,0222;0;1;0;0;0
7;HapticsFixedCC;4;52,375;124,3994;10,4;-0,4975;0,0;0,0;0,0;-0,1648;1,44;0;0,0222;0;1;0;0;0
7;HapticsFixedCC;4;52,3889;124,3994;10,2;-0,4786;0,0;0,0;0,0;-0,1639;1,43;0;0,0222;0;1;0;0;0
7;HapticsFixedCC;4;52,4028;124,3994;10,2;-0,4677;0,0;0,0;0,0;-0,163;1,42;0;0,0222;0;1;0;0;0
7;HapticsFixedCC;4;52,4167;124,3994;10,2;-0,4645;0,0;0,0;0,0;-0,1621;1,41;0;0,0222;0;1;0;0;0
7;HapticsFixedCC;4;52,4305;124,3994;10,2;-0,4813;0,0;0,0;0,0;-0,1613;1,39;0;0,0222;0;1;0;0;0
7;HapticsFixedCC;4;52,4444;124,3994;10,2;-0,5183;0,0;0,0;0,0;-0,1605;1,38;0;0,0222;0;1;0;0;0
7;HapticsFixedCC;4;52,4583;124,1488;10,2;-0,5926;0,0;0,0;0,0;-0,1584;1,69;0;0,0225;0;1;0;0;0
7;HapticsFixedCC;4;52,4722;124,1095;10,2;-0,6677;0,0;0,0;0,0;-0,1574;1,72;0;0,0225;0;1;0;0;0
7;HapticsFixedCC;4;52,4861;124,0701;10,2;-0,7501;0,0;0,0;0,0;-0,1565;1,75;0;0,0225;0;1;0;0;0
7;HapticsFixedCC;4;52,5;124,0308;10,2;-0,8531;0,0;0,0;0,0;-0,1556;1,78;0;0,0226;0;1;0;0;0
7;HapticsFixedCC;4;52,5139;123,9915;10,2;-0,931;0,0;0,0;0,0;-0,1547;1,81;0;0,0226;0;1;0;0;0
7;HapticsFixedCC;4;52,5278;123,9521;10,2;-1,0955;0,0;0,0;0,0;-0,154;1,83;0;0,0227;0;1;0;0;0
7;HapticsFixedCC;4;52,5417;123,9432;10,2;-1,3174;0,0;0,0;0,0;-0,1531;1,81;0;0,0227;0;1;0;0;0
7;HapticsFixedCC;4;52,5555;123,9432;10,2;-1,4729;0,0;0,0;0,0;-0,1523;1,77;0;0,0227;0;1;0;0;0
7;HapticsFixedCC;4;52,5694;123,9432;10,2;-1,6094;0,0;0,0;0,0;-0,1515;1,73;0;0,0227;0;1;0;0;0
7;HapticsFixedCC;4;52,5833;123,9432;10,2;-1,7451;0,0;0,0;0,0;-0,1508;1,68;0;0,0227;0;1;0;0;0
7;HapticsFixedCC;4;52,5972;123,9432;10,2;-1,8723;0,0;0,0;0,0;-0,1502;1,63;0;0,0227;0;1;0;0;0
7;HapticsFixedCC;4;52,6111;123,7145;10,2;-2,0088;0,0;0,0;0,0;-0,1484;1,88;0;0,0229;0;1;0;0;0
7;HapticsFixedCC;4;52,625;123,6751;10,2;-2,1212;0,0;0,0;0,0;-0,1477;1,88;0;0,0229;0;1;0;0;0
7;HapticsFixedCC;4;52,6389;123,6358;10,2;-2,2228;0,0;0,0;0,0;-0,1471;1,87;0;0,023;0;1;0;0;0
7;HapticsFixedCC;4;52,6528;123,5964;10,2;-2,3198;0,0;0,0;0,0;-0,1465;1,86;0;0,023;0;1;0;0;0
7;HapticsFixedCC;4;52,6667;123,5571;10,2;-2,4136;0,0;0,0;0,0;-0,146;1,85;0;0,023;0;1;0;0;0
7;HapticsFixedCC;4;52,6805;123,5177;10,2;-2,5056;0,0;0,0;0,0;-0,1455;1,84;0;0,0231;0;1;0;0;0
7;HapticsFixedCC;4;52,6944;123,4882;10,2;-2,6024;0,0;0,0;0,0;-0,1451;1,81;0;0,0231;0;1;0;0;0
7;HapticsFixedCC;4;52,7083;123,4882;10,2;-2,6615;0,0;0,0;0,0;-0,1446;1,74;0;0,0231;0;1;0;0;0
7;HapticsFixedCC;4;52,7222;123,4882;10,2;-2,7158;0,0;0,0;0,0;-0,1441;1,67;0;0,0231;0;1;0;0;0
7;HapticsFixedCC;4;52,7361;123,4882;10,2;-2,7716;0,0;0,0;0,0;-0,1437;1,59;0;0,0231;0;1;0;0;0
7;HapticsFixedCC;4;52,75;123,4882;10,2;-2,824;0,0;0,0;0,0;-0,1434;1,52;0;0,0231;0;1;0;0;0
7;HapticsFixedCC;4;52,7639;123,4882;10,2;-2,8488;0,0;0,0;0,0;-0,1431;1,45;0;0,0231;0;1;0;0;0
7;HapticsFixedCC;4;52,7778;123,2407;10,2;-2,8648;0,0;0,0;0,0;-0,1416;1,7;0;0,0233;0;1;0;0;0
7;HapticsFixedCC;4;52,7917;123,2013;10,2;-2,8731;0,0;0,0;0,0;-0,1413;1,68;0;0,0234;0;1;0;0;0
7;HapticsFixedCC;4;52,8055;123,162;10,2;-2,8778;0,0;0,0;0,0;-0,1409;1,66;0;0,0234;0;1;0;0;0
7;HapticsFixedCC;4;52,8194;123,1226;10,2;-2,8741;0,0;0,0;0,0;-0,1407;1,63;0;0,0235;0;1;0;0;0
7;HapticsFixedCC;4;52,8333;123,0832;10,2;-2,8636;0,0;0,0;0,0;-0,1405;1,61;0;0,0235;0;1;0;0;0
7;HapticsFixedCC;4;52,8472;123,0439;10,2;-2,8499;0,0;0,0;0,0;-0,1403;1,59;0;0,0235;0;1;0;0;0
7;HapticsFixedCC;4;52,8611;123,0318;10,2;-2,8441;0,0;0,0;0,0;-0,14;1,53;0;0,0235;0;1;0;0;0
7;HapticsFixedCC;4;52,875;123,0318;10,2;-2,8283;0,0;0,0;0,0;-0,1397;1,46;0;0,0235;0;1;0;0;0
7;HapticsFixedCC;4;52,8889;123,0318;10,0;-2,8179;0,0;0,0;0,0;-0,1395;1,39;0;0,0235;0;1;0;0;0
7;HapticsFixedCC;4;52,9028;123,0318;10,0;-2,8031;0,0;0,0;0,0;-0,1393;1,31;0;0,0235;0;1;0;0;0
7;HapticsFixedCC;4;52,9167;123,0318;10,0;-2,7823;0,0;0,0;0,0;-0,1392;1,24;0;0,0235;0;1;0;0;0
7;HapticsFixedCC;4;52,9305;123,0318;10,0;-2,7649;0,0;0,0;0,0;-0,1391;1,17;0;0,0235;0;1;0;0;0
7;HapticsFixedCC;4;52,9444;122,77;10,0;-2,7525;0,0;0,0;0,0;-0,1376;1,46;0;0,0238;0;1;0;0;0
7;HapticsFixedCC;4;52,9583;122,7314;10,0;-2,7358;0,0;0,0;0,0;-0,1374;1,44;0;0,0239;0;1;0;0;0
7;HapticsFixedCC;4;52,9722;122,6928;10,0;-2,7304;0,0;0,0;0,0;-0,1372;1,43;0;0,0239;0;1;0;0;0
7;HapticsFixedCC;4;52,9861;122,6542;10,0;-2,734;0,0;0,0;0,0;-0,1371;1,41;0;0,0239;0;1;0;0;0
7;HapticsFixedCC;4;53,0;122,6156;10,0;-2,7454;0,0;0,0;0,0;-0,137;1,39;0;0,024;0;1;0;0;0
7;HapticsFixedCC;4;53,0139;122,577;10,0;-2,7644;0,0;0,0;0,0;-0,137;1,37;0;0,024;0;1;0;0;0
7;HapticsFixedCC;4;53,0278;122,5769;10,0;-2,7684;0,0;0,0;0,0;-0,1368;1,3;0;0,024;0;1;0;0;0
7;HapticsFixedCC;4;53,0417;122,5769;10,0;-2,8325;0,0;0,0;0,0;-0,1367;1,23;0;0,024;0;1;0;0;0
7;HapticsFixedCC;4;53,0555;122,5769;10,0;-2,8695;0,0;0,0;0,0;-0,1366;1,16;0;0,024;0;1;0;0;0
7;HapticsFixedCC;4;53,0694;122,5769;10,0;-2,8936;0,0;0,0;0,0;-0,1366;1,08;0;0,024;0;1;0;0;0
7;HapticsFixedCC;4;53,0833;122,5769;10,0;-2,8983;0,0;0,0;0,0;-0,1366;1,01;0;0,024;0;1;0;0;0
7;HapticsFixedCC;4;53,0972;122,344;10,0;-2,9125;0,0;0,0;0,0;-0,1355;1,26;0;0,0243;0;1;0;0;0
7;HapticsFixedCC;4;53,1111;122,3054;10,0;-2,9155;0,0;0,0;0,0;-0,1354;1,23;0;0,0243;0;1;0;0;0
7;HapticsFixedCC;4;53,125;122,2668;10,0;-2,9074;0,0;0,0;0,0;-0,1354;1,21;0;0,0244;0;1;0;0;0
7;HapticsFixedCC;4;53,1389;122,2283;10,0;-2,8955;0,0;0,0;0,0;-0,1354;1,19;0;0,0244;0;1;0;0;0
7;HapticsFixedCC;4;53,1528;122,1897;9,8;-2,8808;0,0;0,0;0,0;-0,1355;1,17;0;0,0244;0;1;0;0;0
7;HapticsFixedCC;4;53,1667;122,1519;9,8;-2,8694;0,0;0,0;0,0;-0,1357;1,15;0;0,0245;0;1;0;0;0
7;HapticsFixedCC;4;53,1805;122,1205;9,8;-2,862;0,0;0,0;0,0;-0,1358;1,12;0;0,0245;0;1;0;0;0
7;HapticsFixedCC;4;53,1944;122,1205;9,8;-2,8591;0,0;0,0;0,0;-0,1357;1,05;0;0,0245;0;1;0;0;0
7;HapticsFixedCC;4;53,2083;122,1205;9,8;-2,8561;0,0;0,0;0,0;-0,1358;0,98;0;0,0245;0;1;8;0;0
7;HapticsFixedCC;4;53,2222;122,1205;9,8;-2,8526;0,0;0,0;0,0;-0,1358;0,91;0;0,0245;0;1;8;0;0
7;HapticsFixedCC;4;53,2361;122,1205;9,8;-2,8511;0,0;0,0;0,0;-0,1359;0,84;0;0,0245;0;1;8;0;0
7;HapticsFixedCC;4;53,25;122,1205;9,8;-2,8461;0,0;0,0;0,0;-0,1361;0,77;0;0,0245;0;1;8;0;0
7;HapticsFixedCC;4;53,2639;121,8856;9,8;-2,8451;0,0;0,0;0,0;-0,135;1,03;0;0,0248;0;1;8;0;0
7;HapticsFixedCC;4;53,2778;121,8478;9,8;-2,845;0,0;0,0;0,0;-0,135;1,01;0;0,0248;0;1;8;0;0
7;HapticsFixedCC;4;53,2917;121,81;9,8;-2,8455;0,0;0,0;0,0;-0,1351;0,99;0;0,0249;0;1;8;0;0
7;HapticsFixedCC;4;53,3055;121,7722;9,8;-2,8477;0,0;0,0;0,0;-0,1352;0,98;0;0,0249;0;1;8;0;0
7;HapticsFixedCC;4;53,3194;121,7344;9,8;-2,8552;0,0;0,0;0,0;-0,1354;0,96;0;0,025;0;1;8;0;0
7;HapticsFixedCC;4;53,3333;121,6966;9,8;-2,8667;0,0;0,0;0,0;-0,1357;0,94;0;0,025;0;1;8;0;0
7;HapticsFixedCC;4;53,3472;121,6654;9,8;-2,8754;0,0;0,0;0,0;-0,1359;0,91;0;0,025;0;1;8;0;0
7;HapticsFixedCC;4;53,3611;121,6654;9,8;-2,8815;0,0;0,0;0,0;-0,136;0,84;0;0,025;0;1;8;0;0
7;HapticsFixedCC;4;53,375;121,6654;9,8;-2,8904;0,0;0,0;0,0;-0,1362;0,77;0;0,025;0;1;8;0;0
7;HapticsFixedCC;4;53,3889;121,6654;9,8;-2,8946;0,0;0,0;0,0;-0,1365;0,7;0;0,025;0;1;8;0;0
7;HapticsFixedCC;4;53,4028;121,6654;9,8;-2,906;0,0;0,0;0,0;-0,1368;0,62;0;0,025;0;1;8;0;0
7;HapticsFixedCC;4;53,4167;121,6654;9,8;-2,9137;0,0;0,0;0,0;-0,1371;0,55;0;0,025;0;1;8;0;0
7;HapticsFixedCC;4;53,4305;121,4303;9,8;-2,9196;0,0;0,0;0,0;-0,1362;0,81;0;0,0253;0;1;8;0;0
7;HapticsFixedCC;4;53,4444;121,3925;9,8;-2,9205;0,0;0,0;0,0;-0,1364;0,8;0;0,0254;0;1;8;0;0
7;HapticsFixedCC;4;53,4583;121,3547;9,8;-2,9161;0,0;0,0;0,0;-0,1367;0,78;0;0,0254;0;1;8;0;0
7;HapticsFixedCC;4;53,4722;121,3168;9,8;-2,9066;0,0;0,0;0,0;-0,137;0,76;0;0,0254;0;1;8;0;0
7;HapticsFixedCC;4;53,4861;121,279;9,8;-2,8962;0,0;0,0;0,0;-0,1374;0,74;0;0,0255;0;1;8;0;0
7;HapticsFixedCC;4;53,5;121,2412;9,8;-2,8843;0,0;0,0;0,0;-0,1378;0,72;0;0,0255;0;1;8;0;0
7;HapticsFixedCC;4;53,5139;121,2091;9,8;-2,8759;0,0;0,0;0,0;-0,1382;0,69;0;0,0256;0;1;8;0;0
7;HapticsFixedCC;4;53,5278;121,2091;9,8;-2,8679;0,0;0,0;0,0;-0,1385;0,62;0;0,0256;0;1;8;0;0
7;HapticsFixedCC;4;53,5417;121,2091;9,8;-2,8636;0,0;0,0;0,0;-0,1388;0,55;0;0,0256;0;1;8;0;0
7;HapticsFixedCC;4;53,5555;121,2091;9,8;-2,8627;0,0;0,0;0,0;-0,1392;0,48;0;0,0256;0;1;8;0;0
7;HapticsFixedCC;4;53,5694;121,2091;9,8;-2,8646;0,0;0,0;0,0;-0,1396;0,4;0;0,0256;0;1;8;0;0
7;HapticsFixedCC;4;53,5833;121,2091;9,8;-2,8769;0,0;0,0;0,0;-0,1401;0,33;0;0,0256;0;1;8;0;0
7;HapticsFixedCC;4;53,5972;120,9749;9,8;-2,8885;0,0;0,0;0,0;-0,1392;0,6;0;0,0259;0;1;8;0;0
7;HapticsFixedCC;4;53,6111;120,9371;9,8;-2,9098;0,0;0,0;0,0;-0,1396;0,59;0;0,0259;0;1;8;0;0
7;HapticsFixedCC;4;53,625;120,8993;9,8;-2,9331;0,0;0,0;0,0;-0,14;0,57;0;0,026;0;1;8;0;0
7;HapticsFixedCC;4;53,6389;120,8615;9,8;-2,9627;0,0;0,0;0,0;-0,1405;0,55;0;0,026;0;1;8;0;0
7;HapticsFixedCC;4;53,6528;120,8237;10,0;-2,9974;0,0;0,0;0,0;-0,141;0,53;0;0,026;0;1;8;0;0
7;HapticsFixedCC;4;53,6667;120,7851;10,0;-3,0508;0,0;0,0;0,0;-0,1416;0,5;0;0,0261;0;1;8;0;0
7;HapticsFixedCC;4;53,6805;120,754;10,0;-3,1176;0,0;0,0;0,0;-0,1422;0,47;0;0,0261;0;1;8;0;0
7;HapticsFixedCC;4;53,6944;120,754;10,0;-3,1307;0,0;0,0;0,0;-0,1427;0,39;0;0,0261;0;1;8;0;0
7;HapticsFixedCC;4;53,7083;120,754;10,0;-3,231;0,0;0,0;0,0;-0,1433;0,31;0;0,0261;0;1;8;0;0
7;HapticsFixedCC;4;53,7222;120,754;10,0;-3,3094;0,0;0,0;0,0;-0,1439;0,22;0;0,0261;0;1;8;0;0
7;HapticsFixedCC;4;53,7361;120,754;10,0;-3,394;0,0;0,0;0,0;-0,1447;0,14;0;0,0261;0;1;8;0;0
7;HapticsFixedCC;4;53,75;120,754;10,0;-3,4544;0,0;0,0;0,0;-0,1455;0,05;0;0,0261;0;1;8;0;0
7;HapticsFixedCC;4;53,7639;120,5133;10,0;-3,5042;0,0;0,0;0,0;-0,1449;0,32;0;0,0264;0;1;8;0;0
7;HapticsFixedCC;4;53,7778;120,4747;10,0;-3,5653;0,0;0,0;0,0;-0,1456;0,29;0;0,0265;0;1;8;0;0
7;HapticsFixedCC;4;53,7917;120,4361;10,0;-3,626;0,0;0,0;0,0;-0,1464;0,25;0;0,0265;0;1;8;0;0
7;HapticsFixedCC;4;53,8055;120,3975;10,0;-3,6381;0,0;0,0;0,0;-0,1473;0,22;0;0,0266;0;1;8;0;0
7;HapticsFixedCC;4;53,8194;120,3589;10,0;-3,7149;0,0;0,0;0,0;-0,1483;0,18;0;0,0266;0;1;8;0;0
7;HapticsFixedCC;4;53,8333;120,3204;10,0;-3,7577;0,0;0,0;0,0;-0,1493;0,14;0;0,0267;0;1;8;0;0
7;HapticsFixedCC;4;53,8472;120,2978;10,0;-3,7887;0,0;0,0;0,0;-0,1503;0,08;0;0,0267;0;1;8;0;0
7;HapticsFixedCC;4;53,8611;120,2978;10,0;-3,8333;0,0;0,0;0,0;-0,1513;0,0;0;0,0267;0;1;8;0;0
7;HapticsFixedCC;4;53,875;120,2978;10,0;-3,8622;0,0;0,0;0,0;-0,1523;-0,12;0;0,0267;0;1;8;0;0
7;HapticsFixedCC;4;53,8889;120,2978;10,0;-3,8796;0,0;0,0;0,0;-0,1535;-0,21;0;0,0267;0;1;8;0;0
7;HapticsFixedCC;4;53,9028;120,2978;10,0;-3,8935;0,0;0,0;0,0;-0,1546;-0,31;0;0,0267;0;1;8;0;0
7;HapticsFixedCC;4;53,9167;120,2978;10,0;-3,8963;0,0;0,0;0,0;-0,1559;-0,41;0;0,0267;0;1;8;0;0
7;HapticsFixedCC;4;53,9305;120,0485;10,0;-3,9116;0,0;0,0;0,0;-0,1557;-0,13;0;0,0271;0;1;8;0;0
7;HapticsFixedCC;4;53,9444;120,0099;10,0;-3,9196;0,0;0,0;0,0;-0,1568;-0,17;0;0,0271;0;1;8;0;0
7;HapticsFixedCC;4;53,9583;119,9713;10,0;-3,9304;0,0;0,0;0,0;-0,1581;-0,21;0;0,0272;0;1;8;0;0
7;HapticsFixedCC;4;53,9722;119,9328;10,0;-3,944;0,0;0,0;0,0;-0,1594;-0,25;0;0,0272;0;1;8;0;0
7;HapticsFixedCC;4;53,9861;119,8942;10,0;-3,969;0,0;0,0;0,0;-0,1607;-0,29;0;0,0273;0;1;8;0;0
7;HapticsFixedCC;4;54,0;119,8556;10,0;-4,0045;0,0;0,0;0,0;-0,1622;-0,34;0;0,0273;0;1;8;0;0
7;HapticsFixedCC;4;54,0139;119,8426;10,0;-4,0473;0,0;0,0;0,0;-0,1636;-0,42;0;0,0273;0;1;8;0;0
7;HapticsFixedCC;4;54,0278;119,8426;10,0;-4,0895;0,0;0,0;0,0;-0,1649;-0,52;0;0,0273;0;1;8;0;0
7;HapticsFixedCC;4;54,0417;119,8426;10,0;-4,1389;0,0;0,0;0,0;-0,1664;-0,63;0;0,0273;0;1;8;0;0
7;HapticsFixedCC;4;54,0555;119,8426;10,0;-4,1926;0,0;0,0;0,0;-0,1679;-0,74;0;0,0273;0;1;8;0;0
7;HapticsFixedCC;4;54,0694;119,8426;10,0;-4,2587;0,0;0,0;0,0;-0,1695;-0,85;0;0,0273;0;1;8;0;0
7;HapticsFixedCC;4;54,0833;119,8426;10,0;-4,3226;0,0;0,0;0,0;-0,1712;-0,96;0;0,0273;0;1;8;0;0
7;HapticsFixedCC;4;54,0972;119,5836;10,0;-4,3702;0,0;0,0;0,0;-0,1714;-0,66;0;0,0277;0;1;8;0;0
7;HapticsFixedCC;4;54,1111;119,545;10,0;-4,4345;0,0;0,0;0,0;-0,173;-0,71;0;0,0278;0;1;8;0;0
7;HapticsFixedCC;4;54,125;119,5065;10,0;-4,4472;0,0;0,0;0,0;-0,1747;-0,77;0;0,0278;0;1;8;0;0
7;HapticsFixedCC;4;54,1389;119,4679;9,7;-4,5288;0,0;0,0;0,0;-0,1765;-0,82;0;0,0279;0;1;8;0;0
7;HapticsFixedCC;4;54,1528;119,4305;9,7;-4,5655;0,0;0,0;0,0;-0,1783;-0,87;0;0,0279;0;1;8;0;0
7;HapticsFixedCC;4;54,1667;119,3931;9,7;-4,5836;0,0;0,0;0,0;-0,1803;-0,93;0;0,028;0;1;8;0;0
7;HapticsFixedCC;4;54,1805;119,3865;9,7;-4,5873;0,0;0,0;0,0;-0,1821;-1,03;0;0,028;0;1;8;0;0
7;HapticsFixedCC;4;54,1944;119,3865;9,7;-4,5818;0,0;0,0;0,0;-0,1839;-1,15;0;0,028;0;1;8;0;0
7;HapticsFixedCC;4;54,2083;119,3865;9,7;-4,5554;0,0;0,0;0,0;-0,1858;-1,26;0;0,028;0;1;8;0;0
7;HapticsFixedCC;4;54,2222;119,3865;9,7;-4,5115;0,0;0,0;0,0;-0,1877;-1,37;0;0,028;0;1;0;1;0
7;HapticsFixedCC;4;54,2361;119,3865;9,7;-4,5027;0,0;0,0;0,0;-0,1898;-1,48;0;0,028;0;1;0;1;0
7;HapticsFixedCC;4;54,25;119,3865;9,7;-4,3597;0,0;0,0;0,0;-0,1918;-1,59;0;0,028;0;1;0;1;0
7;HapticsFixedCC;4;54,2639;119,129;9,7;-4,3099;0,0;0,0;0,0;-0,1923;-1,28;0;0,0284;0;1;0;1;0
7;HapticsFixedCC;4;54,2778;119,0916;9,7;-4,2459;0,0;0,0;0,0;-0,1942;-1,33;0;0,0284;0;1;0;1;0
7;HapticsFixedCC;4;54,2917;119,0543;9,7;-4,1945;0,0;0,0;0,0;-0,1962;-1,37;0;0,0285;0;1;0;1;0
7;HapticsFixedCC;4;54,3055;119,0169;9,7;-4,1341;0,0;0,0;0,0;-0,1983;-1,41;0;0,0285;0;1;0;1;0
7;HapticsFixedCC;4;54,3194;118,9795;9,7;-4,0666;0,0;0,0;0,0;-0,2004;-1,45;0;0,0286;0;1;0;1;0
7;HapticsFixedCC;4;54,3333;118,9421;9,7;-4,0531;0,0;0,0;0,0;-0,2025;-1,49;0;0,0286;0;1;0;1;0
7;HapticsFixedCC;4;54,3472;118,9311;9,7;-3,9468;0,0;0,0;0,0;-0,2045;-1,57;0;0,0286;0;1;0;1;0
7;HapticsFixedCC;4;54,3611;118,9311;9,7;-3,861;0,0;0,0;0,0;-0,2065;-1,67;0;0,0286;0;1;0;1;0
7;HapticsFixedCC;4;54,375;118,9311;9,7;-3,7666;0,0;0,0;0,0;-0,2086;-1,76;0;0,0286;0;1;0;1;0
7;HapticsFixedCC;4;54,3889;118,9311;9,8;-3,6621;0,0;0,0;0,0;-0,2106;-1,85;0;0,0286;0;1;0;1;0
7;HapticsFixedCC;4;54,4028;118,9311;9,8;-3,5575;0,0;0,0;0,0;-0,2128;-1,94;0;0,0286;0;1;0;1;0
7;HapticsFixedCC;4;54,4167;118,9311;9,8;-3,466;0,0;0,0;0,0;-0,2149;-2,03;0;0,0286;0;1;0;1;0
7;HapticsFixedCC;4;54,4305;118,6766;9,8;-3,3725;0,0;0,0;0,0;-0,2154;-1,69;0;0,029;0;1;0;1;0
7;HapticsFixedCC;4;54,4444;118,6388;9,8;-3,3538;0,0;0,0;0,0;-0,2174;-1,71;0;0,0291;0;1;0;1;0
7;HapticsFixedCC;4;54,4583;118,6011;9,8;-3,1596;0,0;0,0;0,0;-0,2194;-1,73;0;0,0291;0;1;0;1;0
7;HapticsFixedCC;4;54,4722;118,5633;9,8;-3,0324;0,0;0,0;0,0;-0,2214;-1,74;0;0,0292;0;1;0;1;0
7;HapticsFixedCC;4;54,4861;118,5255;9,8;-2,8886;0,0;0,0;0,0;-0,2235;-1,75;0;0,0293;0;1;0;1;0
7;HapticsFixedCC;4;54,5;118,4878;9,8;-2,7632;0,0;0,0;0,0;-0,2255;-1,76;0;0,0293;0;1;0;1;0
7;HapticsFixedCC;4;54,5139;118,4752;9,8;-2,6345;0,0;0,0;0,0;-0,2274;-1,8;0;0,0293;0;1;0;1;0
7;HapticsFixedCC;4;54,5278;118,4752;9,8;-2,4988;0,0;0,0;0,0;-0,2293;-1,87;0;0,0293;0;1;0;1;0
7;HapticsFixedCC;4;54,5417;118,4752;9,8;-2,3491;0,0;0,0;0,0;-0,2311;-1,93;0;0,0293;0;1;0;1;0
7;HapticsFixedCC;4;54,5555;118,4752;9,8;-2,3191;0,0;0,0;0,0;-0,233;-1,98;0;0,0293;0;1;0;1;0
7;HapticsFixedCC;4;54,5694;118,4752;9,8;-2,1282;0,0;0,0;0,0;-0,2349;-2,04;0;0,0293;0;1;0;1;0
7;HapticsFixedCC;4;54,5833;118,4752;9,8;-2,0184;0,0;0,0;0,0;-0,2367;-2,09;0;0,0293;0;1;0;1;0
7;HapticsFixedCC;4;54,5972;118,2203;9,8;-1,9128;0,0;0,0;0,0;-0,2369;-1,7;0;0,0297;0;1;0;1;0
7;HapticsFixedCC;4;54,6111;118,1825;9,8;-1,8095;0,0;0,0;0,0;-0,2385;-1,68;0;0,0298;0;1;0;1;0
7;HapticsFixedCC;4;54,625;118,1448;9,8;-1,7117;0,0;0,0;0,0;-0,2402;-1,66;0;0,0299;0;1;0;1;0
7;HapticsFixedCC;4;54,6389;118,107;9,8;-1,6921;0,0;0,0;0,0;-0,2418;-1,64;0;0,0299;0;1;0;1;0
7;HapticsFixedCC;4;54,6528;118,0692;9,8;-1,6345;0,0;0,0;0,0;-0,2435;-1,62;0;0,03;0;1;0;1;0
7;HapticsFixedCC;4;54,6667;118,0314;9,8;-1,4784;0,0;0,0;0,0;-0,2452;-1,59;0;0,03;0;1;0;1;0
7;HapticsFixedCC;4;54,6805;118,0198;9,8;-1,3886;0,0;0,0;0,0;-0,2467;-1,6;0;0,0301;0;1;0;1;0
7;HapticsFixedCC;4;54,6944;118,0198;9,8;-1,3558;0,0;0,0;0,0;-0,2481;-1,64;0;0,0301;0;1;0;1;0
7;HapticsFixedCC;4;54,7083;118,0198;9,8;-1,333;0,0;0,0;0,0;-0,2495;-1,67;0;0,0301;0;1;0;1;0
7;HapticsFixedCC;4;54,7222;118,0198;9,8;-1,3189;0,0;0,0;0,0;-0,251;-1,7;0;0,0301;0;1;0;1;0
7;HapticsFixedCC;4;54,7361;118,0198;9,8;-1,3047;1,0;0,0;0,0;-0,2524;-1,74;0;0,0301;0;1;0;1;0
7;HapticsFixedCC;4;54,75;118,0198;9,8;-1,2958;1,0;0,0;0,0;-0,2539;-1,77;0;0,0301;0;1;0;1;0
7;HapticsFixedCC;4;54,7639;117,7635;9,8;-1,2941;1,0;0,0;0,0;-0,2536;-1,35;0;0,0305;0;1;0;1;0
7;HapticsFixedCC;4;54,7778;117,7257;9,8;-1,3176;1,0;0,0;0,0;-0,2549;-1,32;0;0,0305;0;1;0;1;0
7;HapticsFixedCC;4;54,7917;117,688;9,8;-1,361;1,0;0,0;0,0;-0,2562;-1,29;0;0,0306;0;1;0;1;0
7;HapticsFixedCC;4;54,8055;117,6502;9,8;-1,4201;1,0;0,0;0,0;-0,2576;-1,26;0;0,0307;0;1;0;1;0
7;HapticsFixedCC;4;54,8194;117,6124;9,8;-1,519;1,0;0,0;0,0;-0,259;-1,23;0;0,0307;0;1;0;1;0
7;HapticsFixedCC;4;54,8333;117,5746;9,8;-1,5745;1,0;0,0;0,0;-0,2604;-1,2;0;0,0308;0;1;0;1;0
7;HapticsFixedCC;4;54,8472;117,5639;9,8;-1,6349;1,0;0,0;0,0;-0,2617;-1,23;0;0,0308;0;1;0;1;0
7;HapticsFixedCC;4;54,8611;117,5639;9,8;-1,708;1,0;0,0;0,0;-0,2629;-1,27;0;0,0308;0;1;0;1;0
7;HapticsFixedCC;4;54,875;117,5639;9,8;-1,7227;1,0;0,0;0,0;-0,2642;-1,31;0;0,0308;0;1;0;1;0
7;HapticsFixedCC;4;54,8889;117,5639;9,6;-1,8328;1,0;0,0;0,0;-0,2656;-1,36;0;0,0308;0;1;0;1;0
7;HapticsFixedCC;4;54,9028;117,5639;9,6;-1,8978;1,0;0,0;0,0;-0,2669;-1,4;0;0,0308;0;1;0;1;0
7;HapticsFixedCC;4;54,9167;117,5639;9,6;-1,92;1,0;0,0;0,0;-0,2683;-1,45;0;0,0308;0;1;0;1;0
7;HapticsFixedCC;4;54,9305;117,3087;9,6;-1,9729;1,0;0,0;0,0;-0,268;-1,04;0;0,0312;0;1;0;1;0
7;HapticsFixedCC;4;54,9444;117,2717;9,6;-2,0351;1,0;0,0;0,0;-0,2692;-1,02;0;0,0313;0;1;0;1;0
7;HapticsFixedCC;4;54,9583;117,2346;9,6;-2,0475;1,0;0,0;0,0;-0,2705;-1,01;0;0,0314;0;1;0;1;0
7;HapticsFixedCC;4;54,9722;117,1976;9,6;-2,1032;1,0;0,0;0,0;-0,2718;-0,99;0;0,0314;0;1;0;1;1
7;HapticsFixedCC;4;54,9861;117,1606;9,6;-2,1885;1,0;0,0;0,0;-0,2732;-0,98;0;0,0315;0;1;0;1;1
7;HapticsFixedCC;4;55,0;117,1236;9,6;-2,2681;1,0;0,0;0,0;-0,2746;-0,97;0;0,0316;0;1;0;1;1
7;HapticsFixedCC;4;55,0139;117,1084;9,6;-2,2996;1,0;0,0;0,0;-0,2759;-1,0;0;0,0316;0;1;0;1;1
7;HapticsFixedCC;4;55,0278;117,1084;9,6;-2,3563;1,0;0,0;0,0;-0,2771;-1,06;0;0,0316;0;1;0;1;1
7;HapticsFixedCC;4;55,0417;117,1084;9,6;-2,387;1,0;0,0;0,0;-0,2784;-1,11;0;0,0316;0;1;0;1;1
7;HapticsFixedCC;4;55,0555;117,1084;9,6;-2,3833;1,0;0,0;0,0;-0,2798;-1,17;0;0,0316;0;1;0;1;1
7;HapticsFixedCC;4;55,0694;117,1084;9,6;-2,3813;1,0;0,0;0,0;-0,2812;-1,23;0;0,0316;0;1;0;1;1
7;HapticsFixedCC;4;55,0833;117,1084;9,6;-2,381;1,0;0,0;0,0;-0,2826;-1,29;0;0,0316;0;1;0;1;1
7;HapticsFixedCC;4;55,0972;116,8605;9,6;-2,3624;1,0;0,0;0,0;-0,2822;-0,89;0;0,032;0;1;0;1;1
7;HapticsFixedCC;4;55,1111;116,8234;9,6;-2,3046;1,0;0,0;0,0;-0,2834;-0,88;0;0,0321;0;1;0;1;1
7;HapticsFixedCC;4;55,125;116,7864;9,6;-2,2747;1,0;0,0;0,0;-0,2846;-0,87;0;0,0322;0;1;0;1;1
7;HapticsFixedCC;4;55,1389;116,7494;9,6;-2,1763;1,0;0,0;0,0;-0,2859;-0,86;0;0,0322;0;1;0;1;1
7;HapticsFixedCC;4;55,1528;116,7124;9,6;-2,2084;1,0;0,0;0,0;-0,2871;-0,84;0;0,0323;0;1;0;1;1
7;HapticsFixedCC;4;55,1667;116,6754;9,6;-2,1876;1,0;0,0;0,0;-0,2884;-0,83;0;0,0324;0;1;0;1;1
7;HapticsFixedCC;4;55,1805;116,6526;9,6;-2,1211;1,0;0,0;0,0;-0,2896;-0,84;0;0,0324;0;1;0;1;1
7;HapticsFixedCC;4;55,1944;116,6526;9,6;-2,1076;1,0;0,0;0,0;-0,2907;-0,89;0;0,0324;0;1;0;1;0
7;HapticsFixedCC;4;55,2083;116,6526;9,6;-2,006;1,0;0,0;0,0;-0,2918;-0,94;0;0,0324;0;1;0;1;0
7;HapticsFixedCC;4;55,2222;116,6526;9,6;-1,9985;1,0;0,0;0,0;-0,2929;-0,99;0;0,0324;0;1;3;0;0
7;HapticsFixedCC;4;55,2361;116,6526;9,6;-1,9125;1,0;0,0;0,0;-0,294;-1,03;0;0,0324;0;1;3;0;0
7;HapticsFixedCC;4;55,25;116,6526;9,6;-1,9627;1,0;0,0;0,0;-0,2951;-1,08;0;0,0324;0;1;3;0;0
7;HapticsFixedCC;4;55,2639;116,4119;9,6;-1,9803;1,0;0,0;0,0;-0,2945;-0,68;0;0,0328;0;1;3;0;0
7;HapticsFixedCC;4;55,2778;116,3748;9,6;-1,9838;1,0;0,0;0,0;-0,2955;-0,66;0;0,0329;0;1;3;0;0
7;HapticsFixedCC;4;55,2917;116,3378;9,6;-2,0095;1,0;0,0;0,0;-0,2965;-0,64;0;0,033;0;1;3;0;0
7;HapticsFixedCC;4;55,3055;116,3008;9,6;-2,0395;1,0;0,0;0,0;-0,2975;-0,62;0;0,033;0;1;3;0;0
7;HapticsFixedCC;4;55,3194;116,2638;9,6;-2,0063;1,0;0,0;0,0;-0,2985;-0,6;0;0,0331;0;1;3;0;0
7;HapticsFixedCC;4;55,3333;116,2268;9,6;-2,0385;1,0;0,0;0,0;-0,2996;-0,58;0;0,0332;0;1;3;0;0
7;HapticsFixedCC;4;55,3472;116,1971;9,6;-2,053;1,0;0,0;0,0;-0,3006;-0,57;0;0,0332;0;1;3;0;0
7;HapticsFixedCC;4;55,3611;116,1971;9,6;-2,0319;1,0;0,0;0,0;-0,3015;-0,62;0;0,0332;0;1;3;0;0
7;HapticsFixedCC;4;55,375;116,1971;9,6;-2,0463;1,0;0,0;0,0;-0,3024;-0,67;0;0,0332;0;1;3;0;0
7;HapticsFixedCC;4;55,3889;116,1971;9,6;-2,0991;1,0;0,0;0,0;-0,3033;-0,72;0;0,0332;0;1;3;0;0
7;HapticsFixedCC;4;55,4028;116,1971;9,8;-2,1096;1,0;0,0;0,0;-0,3043;-0,77;0;0,0332;0;1;3;0;0
7;HapticsFixedCC;4;55,4167;116,1971;9,8;-2,0986;1,0;0,0;0,0;-0,3054;-0,83;0;0,0332;0;1;3;0;0
7;HapticsFixedCC;4;55,4305;115,9614;9,8;-2,0883;1,0;0,0;0,0;-0,3047;-0,42;0;0,0337;0;1;3;0;0
7;HapticsFixedCC;4;55,4444;115,9236;9,8;-2,0679;1,0;0,0;0,0;-0,3055;-0,4;0;0,0338;0;1;3;0;0
7;HapticsFixedCC;4;55,4583;115,8858;9,8;-2,0069;1,0;0,0;0,0;-0,3064;-0,38;0;0,0338;0;1;3;0;0
7;HapticsFixedCC;4;55,4722;115,848;9,8;-1,9914;1,0;0,0;0,0;-0,3073;-0,36;0;0,0339;0;1;3;0;0
7;HapticsFixedCC;4;55,4861;115,8102;9,8;-1,9672;1,0;0,0;0,0;-0,3082;-0,33;0;0,034;0;1;3;0;0
7;HapticsFixedCC;4;55,5;115,7724;9,8;-1,9227;1,0;0,0;0,0;-0,3091;-0,31;0;0,034;0;1;3;0;0
7;HapticsFixedCC;4;55,5139;115,7413;9,8;-1,9139;1,0;0,0;0,0;-0,31;-0,29;0;0,0341;0;1;3;0;0
7;HapticsFixedCC;4;55,5278;115,7413;9,8;-1,9008;1,0;0,0;0,0;-0,3107;-0,34;0;0,0341;0;1;3;0;0
7;HapticsFixedCC;4;55,5417;115,7413;9,8;-1,8064;1,0;0,0;0,0;-0,3114;-0,39;0;0,0341;0;1;3;0;0
7;HapticsFixedCC;4;55,5555;115,7413;9,8;-1,7855;1,0;0,0;0,0;-0,3121;-0,43;0;0,0341;0;1;3;0;0
7;HapticsFixedCC;4;55,5694;115,7413;9,8;-1,7165;1,0;0,0;0,0;-0,3129;-0,47;0;0,0341;0;1;3;0;0
7;HapticsFixedCC;4;55,5833;115,7413;9,8;-1,6263;1,0;0,0;0,0;-0,3136;-0,51;0;0,0341;0;1;3;0;0
7;HapticsFixedCC;4;55,5972;115,503;9,8;-1,6082;1,0;0,0;0,0;-0,3125;-0,08;0;0,0346;0;1;3;0;0
7;HapticsFixedCC;4;55,6111;115,4652;9,8;-1,537;1,0;0,0;0,0;-0,313;-0,04;0;0,0347;0;1;3;0;0
7;HapticsFixedCC;4;55,625;115,4273;9,8;-1,4869;1,0;0,0;0,0;-0,3135;0,0;0;0,0347;0;1;3;0;0
7;HapticsFixedCC;4;55,6389;115,3895;9,5;-1,3407;1,0;0,0;0,0;-0,314;0,03;0;0,0348;0;1;3;0;0
7;HapticsFixedCC;4;55,6528;115,3529;9,5;-1,3272;1,0;0,0;0,0;-0,3144;0,07;0;0,0349;0;1;3;0;0
7;HapticsFixedCC;4;55,6667;115,3162;9,5;-1,2457;1,0;0,0;0,0;-0,3149;0,12;0;0,0349;0;1;3;0;0
7;HapticsFixedCC;4;55,6805;115,2858;9,5;-1,2525;1,0;0,0;0,0;-0,3154;0,15;0;0,035;0;1;3;0;0
7;HapticsFixedCC;4;55,6944;115,2858;9,5;-1,1898;1,0;0,0;0,0;-0,3156;0,12;0;0,035;0;1;3;0;0
7;HapticsFixedCC;4;55,7083;115,2858;9,5;-1,176;1,0;0,0;0,0;-0,3158;0,09;0;0,035;0;1;3;0;0
7;HapticsFixedCC;4;55,7222;115,2858;9,5;-1,1731;1,0;0,0;0,0;-0,3161;0,06;0;0,035;0;1;3;0;0
7;HapticsFixedCC;4;55,7361;115,2858;9,5;-1,1851;1,0;0,0;0,0;-0,3163;0,03;0;0,035;0;1;3;0;0
7;HapticsFixedCC;4;55,75;115,2858;9,5;-1,2098;1,0;0,0;0,0;-0,3166;0,0;0;0,035;0;1;3;0;0
7;HapticsFixedCC;4;55,7639;115,0546;9,5;-1,2811;1,0;0,0;0,0;-0,315;0,44;0;0,0355;0;1;3;0;0
7;HapticsFixedCC;4;55,7778;115,018;9,5;-1,3014;1,0;0,0;0,0;-0,3151;0,49;0;0,0356;0;1;3;0;0
7;HapticsFixedCC;4;55,7917;114,9813;9,5;-1,3496;1,0;0,0;0,0;-0,3151;0,53;0;0,0356;0;1;3;0;0
7;HapticsFixedCC;4;55,8055;114,9447;9,5;-1,3832;1,0;0,0;0,0;-0,3152;0,57;0;0,0357;0;1;3;0;0
7;HapticsFixedCC;4;55,8194;114,908;9,5;-1,3734;1,0;0,0;0,0;-0,3153;0,61;0;0,0358;0;1;3;0;0
7;HapticsFixedCC;4;55,8333;114,8714;9,5;-1,3715;1,0;0,0;0,0;-0,3154;0,65;0;0,0359;0;1;3;0;0
7;HapticsFixedCC;4;55,8472;114,8347;9,5;-1,3999;1,0;0,0;0,0;-0,3156;0,7;0;0,0359;0;1;3;0;0
7;HapticsFixedCC;4;55,8611;114,83;9,5;-1,4221;1,0;0,0;0,0;-0,3155;0,67;0;0,0359;0;1;3;0;0
7;HapticsFixedCC;4;55,875;114,83;9,5;-1,4296;1,0;0,0;0,0;-0,3154;0,64;0;0,0359;0;1;3;0;0
7;HapticsFixedCC;4;55,8889;114,83;9,5;-1,4654;1,0;0,0;0,0;-0,3154;0,6;0;0,0359;0;1;3;0;0
7;HapticsFixedCC;4;55,9028;114,83;9,5;-1,4831;1,0;0,0;0,0;-0,3154;0,56;0;0,0359;0;1;3;0;0
7;HapticsFixedCC;4;55,9167;114,83;9,5;-1,4866;1,0;0,0;0,0;-0,3154;0,53;0;0,0359;0;1;3;0;0
7;HapticsFixedCC;4;55,9305;114,83;9,5;-1,4739;1,0;0,0;0,0;-0,3154;0,49;0;0,0359;0;1;3;0;0
7;HapticsFixedCC;4;55,9444;114,573;9,5;-1,4919;1,0;0,0;0,0;-0,3134;0,99;0;0,0365;0;1;3;0;0
7;HapticsFixedCC;4;55,9583;114,5364;9,5;-1,5259;1,0;0,0;0,0;-0,3132;1,03;0;0,0366;0;1;3;0;0
7;HapticsFixedCC;4;55,9722;114,4997;9,5;-1,5589;1,0;0,0;0,0;-0,313;1,07;0;0,0366;0;1;3;0;0
7;HapticsFixedCC;4;55,9861;114,463;9,5;-1,56;1,0;0,0;0,0;-0,3128;1,11;0;0,0367;0;1;3;0;0
7;HapticsFixedCC;4;56,0;114,4264;9,5;-1,6255;1,0;0,0;0,0;-0,3127;1,15;0;0,0368;0;1;3;0;0
7;HapticsFixedCC;4;56,0139;114,3897;9,5;-1,6599;1,0;0,0;0,0;-0,3127;1,18;0;0,0369;0;1;3;0;0
7;HapticsFixedCC;4;56,0278;114,3746;9,5;-1,705;1,0;0,0;0,0;-0,3125;1,17;0;0,0369;0;1;3;0;0
7;HapticsFixedCC;4;56,0417;114,3746;9,5;-1,7141;1,0;0,0;0,0;-0,3121;1,13;0;0,0369;0;1;3;0;0
7;HapticsFixedCC;4;56,0555;114,3746;9,5;-1,7504;1,0;0,0;0,0;-0,3119;1,09;0;0,0369;0;1;3;0;0
7;HapticsFixedCC;4;56,0694;114,3746;9,5;-1,79;1,0;0,0;0,0;-0,3116;1,05;0;0,0369;0;1;3;0;0
7;HapticsFixedCC;4;56,0833;114,3746;9,5;-1,8465;1,0;0,0;0,0;-0,3114;1,0;0;0,0369;0;1;3;0;0
7;HapticsFixedCC;4;56,0972;114,3746;9,5;-1,8948;1,0;0,0;0,0;-0,3113;0,95;0;0,0369;0;1;3;0;0
7;HapticsFixedCC;4;56,1111;114,1279;9,5;-1,9172;1,0;0,0;0,0;-0,3091;1,44;0;0,0374;0;1;3;0;0
7;HapticsFixedCC;4;56,125;114,0913;9,5;-1,9468;1,0;0,0;0,0;-0,3087;1,47;0;0,0375;0;1;3;0;0
7;HapticsFixedCC;4;56,1389;114,0546;9,5;-1,9527;1,0;0,0;0,0;-0,3084;1,5;0;0,0376;0;1;3;0;0
7;HapticsFixedCC;4;56,1528;114,018;8,8;-1,9674;1,0;0,0;0,0;-0,308;1,53;0;0,0377;0;1;3;0;0
7;HapticsFixedCC;4;56,1667;113,984;8,8;-2,0165;1,0;0,0;0,0;-0,3077;1,56;0;0,0378;0;1;3;0;0
7;HapticsFixedCC;4;56,1805;113,9501;8,8;-2,0263;1,0;0,0;0,0;-0,3075;1,58;0;0,0378;0;1;3;0;0
7;HapticsFixedCC;4;56,1944;113,9186;8,8;-2,0593;1,0;0,0;0,0;-0,3073;1,6;0;0,0379;0;1;3;0;0
7;HapticsFixedCC;4;56,2083;113,9186;8,8;-2,0571;1,0;0,0;0,0;-0,3068;1,56;0;0,0379;0;1;3;0;0
7;HapticsFixedCC;4;56,2222;113,9186;8,8;-2,0599;1,0;0,0;0,0;-0,3064;1,51;0;0,0379;0;1;3;0;0
7;HapticsFixedCC;4;56,2361;113,9186;8,8;-2,0604;1,0;0,0;0,0;-0,3059;1,46;0;0,0379;0;1;9;0;0
7;HapticsFixedCC;4;56,25;113,9186;8,8;-2,0449;1,0;0,0;0,0;-0,3056;1,42;0;0,0379;0;1;9;0;0
7;HapticsFixedCC;4;56,2639;113,9186;8,8;-1,9969;1,0;0,0;0,0;-0,3052;1,37;0;0,0379;0;1;9;0;0
7;HapticsFixedCC;4;56,2778;113,9186;8,8;-1,9291;1,0;0,0;0,0;-0,3048;1,33;0;0,0379;0;1;9;0;0
7;HapticsFixedCC;4;56,2917;113,6732;8,8;-1,8947;1,0;0,0;0,0;-0,3023;1,83;0;0,0384;0;1;9;0;0
7;HapticsFixedCC;4;56,3055;113,6392;8,8;-1,8672;1,0;0,0;0,0;-0,3017;1,86;0;0,0385;0;1;9;0;0
7;HapticsFixedCC;4;56,3194;113,6053;8,8;-1,8545;1,0;0,0;0,0;-0,3011;1,89;0;0,0386;0;1;9;0;0
7;HapticsFixedCC;4;56,3333;113,5713;8,8;-1,8447;1,0;0,0;0,0;-0,3005;1,93;0;0,0387;0;1;9;0;0
7;HapticsFixedCC;4;56,3472;113,5374;8,8;-1,8426;1,0;0,0;0,0;-0,2999;1,96;0;0,0388;0;1;9;0;0
7;HapticsFixedCC;4;56,3611;113,5034;8,8;-1,8168;1,0;0,0;0,0;-0,2994;1,99;0;0,0388;0;1;9;0;0
7;HapticsFixedCC;4;56,375;113,4695;8,8;-1,8188;1,0;0,0;0,0;-0,2989;2,03;0;0,0389;0;1;9;0;0
7;HapticsFixedCC;4;56,3889;113,4634;8,8;-1,8192;1,0;0,0;0,0;-0,2981;2,0;0;0,0389;0;1;9;0;0
7;HapticsFixedCC;4;56,4028;113,4634;8,8;-1,8599;1,0;0,0;0,0;-0,2973;1,96;0;0,0389;0;1;9;0;0
7;HapticsFixedCC;4;56,4167;113,4634;8,8;-1,9146;1,0;0,0;0,0;-0,2966;1,91;0;0,0389;0;1;9;0;0
7;HapticsFixedCC;4;56,4305;113,4634;8,8;-1,9568;1,0;0,0;0,0;-0,2959;1,87;0;0,0389;0;1;9;0;0
7;HapticsFixedCC;4;56,4444;113,4634;8,8;-2,0608;1,0;0,0;0,0;-0,2953;1,82;0;0,0389;0;1;9;0;0
7;HapticsFixedCC;4;56,4583;113,4634;8,8;-2,1473;1,0;0,0;0,0;-0,2947;1,78;0;0,0389;0;1;9;0;0
7;HapticsFixedCC;4;56,4722;113,2266;8,8;-2,1647;1,0;0,0;0,0;-0,292;2,26;0;0,0395;0;1;9;0;0
7;HapticsFixedCC;4;56,4861;113,1927;8,8;-2,2514;1,0;0,0;0,0;-0,2912;2,29;0;0,0395;0;1;9;0;0
7;HapticsFixedCC;4;56,5;113,1587;8,8;-2,5338;1,0;0,0;0,0;-0,2904;2,31;0;0,0396;0;1;9;0;0
7;HapticsFixedCC;4;56,5139;113,1248;8,8;-2,6528;1,0;0,0;0,0;-0,2898;2,32;0;0,0397;0;1;9;0;0
7;HapticsFixedCC;4;56,5278;113,0908;8,8;-2,8276;1,0;0,0;0,0;-0,2892;2,34;0;0,0398;0;1;9;0;0
7;HapticsFixedCC;4;56,5417;113,0569;8,8;-2,8625;1,0;0,0;0,0;-0,2886;2,35;0;0,0399;0;1;9;0;0
7;HapticsFixedCC;4;56,5555;113,0229;8,8;-3,1384;1,0;0,0;0,0;-0,2882;2,36;0;0,0399;0;1;9;0;0
7;HapticsFixedCC;4;56,5694;113,0073;8,8;-3,1935;1,0;0,0;0,0;-0,2876;2,32;0;0,04;0;1;9;0;0
7;HapticsFixedCC;4;56,5833;113,0073;8,8;-3,2835;1,0;0,0;0,0;-0,287;2,25;0;0,04;0;1;9;0;0
7;HapticsFixedCC;4;56,5972;113,0073;8,8;-3,2483;1,0;0,0;0,0;-0,2864;2,17;0;0,04;0;1;9;0;0
7;HapticsFixedCC;4;56,6111;113,0073;8,8;-3,4002;1,0;0,0;0,0;-0,2859;2,1;0;0,04;0;1;9;0;0
7;HapticsFixedCC;4;56,625;113,0073;8,8;-3,4105;1,0;0,0;0,0;-0,2854;2,02;0;0,04;0;1;9;0;0
7;HapticsFixedCC;4;56,6389;113,0073;8,3;-3,4697;1,0;0,0;0,0;-0,285;1,94;0;0,04;0;1;9;0;0
7;HapticsFixedCC;4;56,6528;113,0073;8,3;-3,4529;1,0;0,0;0,0;-0,2847;1,87;0;0,04;0;1;9;0;0
7;HapticsFixedCC;4;56,6667;112,75;8,3;-3,4712;1,0;0,0;0,0;-0,2821;2,39;0;0,0406;0;1;9;0;0
7;HapticsFixedCC;4;56,6805;112,7179;8,3;-3,4749;1,0;0,0;0,0;-0,2816;2,4;0;0,0406;0;1;9;0;0
7;HapticsFixedCC;4;56,6944;112,6859;8,3;-3,4698;1,0;0,0;0,0;-0,2811;2,4;0;0,0407;0;1;9;0;0
7;HapticsFixedCC;4;56,7083;112,6539;8,3;-3,4514;1,0;0,0;0,0;-0,2806;2,4;0;0,0408;0;1;9;0;0
7;HapticsFixedCC;4;56,7222;112,6218;8,3;-3,4097;1,0;0,0;0,0;-0,2802;2,4;0;0,0409;0;1;9;0;0
7;HapticsFixedCC;4;56,7361;112,5898;8,3;-3,3474;1,0;0,0;0,0;-0,2798;2,4;0;0,041;0;1;9;0;0
7;HapticsFixedCC;4;56,75;112,5578;8,3;-3,2519;1,0;0,0;0,0;-0,2794;2,41;0;0,041;0;1;9;0;0
7;HapticsFixedCC;4;56,7639;112,5522;8,3;-3,2057;1,0;0,0;0,0;-0,2788;2,35;0;0,041;0;1;9;0;0
7;HapticsFixedCC;4;56,7778;112,5522;8,3;-3,1935;1,0;0,0;0,0;-0,2782;2,28;0;0,041;0;1;9;0;0
7;HapticsFixedCC;4;56,7917;112,5522;8,3;-3,1911;1,0;0,0;0,0;-0,2777;2,22;0;0,041;0;1;9;0;0
7;HapticsFixedCC;4;56,8055;112,5522;8,3;-3,1749;1,0;0,0;0,0;-0,2771;2,15;0;0,041;0;1;9;0;0
7;HapticsFixedCC;4;56,8194;112,5522;8,3;-3,1596;1,0;0,0;0,0;-0,2766;2,08;0;0,041;0;1;9;0;0
7;HapticsFixedCC;4;56,8333;112,5522;8,3;-3,1627;1,0;0,0;0,0;-0,2762;2,02;0;0,041;0;1;9;0;0
7;HapticsFixedCC;4;56,8472;112,5522;8,3;-3,1633;1,0;0,0;0,0;-0,2758;1,95;0;0,041;0;1;9;0;0
7;HapticsFixedCC;4;56,8611;112,2964;8,3;-3,1929;1,0;0,0;0,0;-0,273;2,49;0;0,0417;0;1;9;0;0
7;HapticsFixedCC;4;56,875;112,2644;8,3;-3,2225;1,0;0,0;0,0;-0,2723;2,5;0;0,0417;0;1;9;0;0
7;HapticsFixedCC;4;56,8889;112,2324;8,3;-3,2301;1,0;0,0;0,0;-0,2717;2,51;0;0,0418;0;1;9;0;0
7;HapticsFixedCC;4;56,9028;112,2003;7,7;-3,3035;1,0;0,0;0,0;-0,2711;2,52;0;0,0419;0;1;9;0;0
7;HapticsFixedCC;4;56,9167;112,1706;7,7;-3,3633;1,0;0,0;0,0;-0,2707;2,52;0;0,042;0;1;9;0;0
7;HapticsFixedCC;4;56,9305;112,1409;7,7;-3,3755;1,0;0,0;0,0;-0,2703;2,53;0;0,042;0;1;9;0;0
7;HapticsFixedCC;4;56,9444;112,1112;7,7;-3,4654;1,0;0,0;0,0;-0,2699;2,53;0;0,0421;0;1;9;0;0
7;HapticsFixedCC;4;56,9583;112,096;7,7;-3,5299;1,0;0,0;0,0;-0,2694;2,5;0;0,0421;0;1;9;0;0
7;HapticsFixedCC;4;56,9722;112,096;7,7;-3,5383;1,0;0,0;0,0;-0,2689;2,43;0;0,0421;0;1;9;0;0
7;HapticsFixedCC;4;56,9861;112,096;7,7;-3,632;1,0;0,0;0,0;-0,2684;2,36;0;0,0421;0;1;9;0;0
7;HapticsFixedCC;4;57,0;112,096;7,7;-3,6885;1,0;0,0;0,0;-0,2679;2,28;0;0,0421;0;1;9;0;0
7;HapticsFixedCC;4;57,0139;112,096;7,7;-3,701;1,0;0,0;0,0;-0,2675;2,21;0;0,0421;0;1;9;0;0
7;HapticsFixedCC;4;57,0278;112,096;7,7;-3,7452;1,0;0,0;0,0;-0,2671;2,14;0;0,0421;0;1;9;0;0
7;HapticsFixedCC;4;57,0417;112,096;7,7;-3,7733;1,0;0,0;0,0;-0,2668;2,06;0;0,0421;0;1;9;0;0
7;HapticsFixedCC;4;57,0555;111,8684;7,7;-3,7815;1,0;0,0;0,0;-0,2643;2,55;0;0,0427;0;1;9;0;0
7;HapticsFixedCC;4;57,0694;111,8387;7,7;-3,777;1,0;0,0;0,0;-0,2638;2,54;0;0,0428;0;1;9;0;0
7;HapticsFixedCC;4;57,0833;111,8089;7,7;-3,7881;1,0;0,0;0,0;-0,2633;2,54;0;0,0428;0;1;9;0;0
7;HapticsFixedCC;4;57,0972;111,7792;7,7;-3,7837;1,0;0,0;0,0;-0,2628;2,54;0;0,0429;0;1;9;0;0
7;HapticsFixedCC;4;57,1111;111,7495;7,7;-3,7715;1,0;0,0;0,0;-0,2624;2,54;0;0,043;0;1;9;0;0
7;HapticsFixedCC;4;57,125;111,7198;7,7;-3,7662;1,0;0,0;0,0;-0,262;2,54;0;0,0431;0;1;9;0;0
7;HapticsFixedCC;4;57,1389;111,6901;7,7;-3,755;1,0;0,0;0,0;-0,2616;2,54;0;0,0431;0;1;9;0;0
7;HapticsFixedCC;4;57,1528;111,6604;7,7;-3,7371;1,0;0,0;0,0;-0,2613;2,54;0;0,0432;0;1;9;0;0
7;HapticsFixedCC;4;57,1667;111,641;7,7;-3,7227;1,0;0,0;0,0;-0,2609;2,51;0;0,0433;0;1;9;0;0
7;HapticsFixedCC;4;57,1805;111,641;7,7;-3,725;1,0;0,0;0,0;-0,2604;2,44;0;0,0433;0;1;9;0;0
7;HapticsFixedCC;4;57,1944;111,641;7,7;-3,7108;1,0;0,0;0,0;-0,2599;2,36;0;0,0433;0;1;9;0;0
7;HapticsFixedCC;4;57,2083;111,641;7,7;-3,7175;1,0;0,0;0,0;-0,2594;2,29;0;0,0433;0;1;9;0;0
7;HapticsFixedCC;4;57,2222;111,641;7,7;-3,7337;1,0;0,0;0,0;-0,259;2,21;0;0,0433;0;1;9;0;0
7;HapticsFixedCC;4;57,2361;111,641;7,7;-3,7393;1,0;0,0;0,0;-0,2586;2,14;0;0,0433;0;1;9;0;0
7;HapticsFixedCC;4;57,25;111,641;7,7;-3,7615;1,0;0,0;0,0;-0,2583;2,07;0;0,0433;0;1;5;0;0
7;HapticsFixedCC;4;57,2639;111,641;7,7;-3,8103;1,0;0,0;0,0;-0,258;1,99;0;0,0433;0;1;5;0;0
7;HapticsFixedCC;4;57,2778;111,3878;7,7;-3,8154;1,0;0,0;0,0;-0,2552;2,55;0;0,0439;0;1;5;0;0
7;HapticsFixedCC;4;57,2917;111,3581;7,7;-3,8466;1,0;0,0;0,0;-0,2547;2,55;0;0,044;0;1;5;0;0
7;HapticsFixedCC;4;57,3055;111,3284;7,7;-3,8743;1,0;0,0;0,0;-0,2543;2,55;0;0,044;0;1;5;0;0
7;HapticsFixedCC;4;57,3194;111,2987;7,7;-3,8936;1,0;0,0;0,0;-0,2539;2,55;0;0,0441;0;1;5;0;0
7;HapticsFixedCC;4;57,3333;111,269;7,7;-3,9015;1,0;0,0;0,0;-0,2535;2,55;0;0,0442;0;1;5;0;0
7;HapticsFixedCC;4;57,3472;111,2393;7,7;-3,9042;1,0;0,0;0,0;-0,2532;2,54;0;0,0443;0;1;5;0;0
7;HapticsFixedCC;4;57,3611;111,2096;7,7;-3,8807;1,0;0,0;0,0;-0,2529;2,54;0;0,0443;0;1;5;0;0
7;HapticsFixedCC;4;57,375;111,1847;7,7;-3,8723;1,0;0,0;0,0;-0,2525;2,53;0;0,0444;0;1;5;0;0
7;HapticsFixedCC;4;57,3889;111,1847;7,2;-3,8545;1,0;0,0;0,0;-0,252;2,46;0;0,0444;0;1;5;0;0
7;HapticsFixedCC;4;57,4028;111,1847;7,2;-3,8375;1,0;0,0;0,0;-0,2515;2,38;0;0,0444;0;1;5;0;0
7;HapticsFixedCC;4;57,4167;111,1847;7,2;-3,8205;1,0;0,0;0,0;-0,2511;2,31;0;0,0444;0;1;5;0;0
7;HapticsFixedCC;4;57,4305;111,1847;7,2;-3,7809;1,0;0,0;0,0;-0,2507;2,24;0;0,0444;0;1;5;0;0
7;HapticsFixedCC;4;57,4444;111,1847;7,2;-3,7462;1,0;0,0;0,0;-0,2503;2,18;0;0,0444;0;1;5;0;0
7;HapticsFixedCC;4;57,4583;111,1847;7,2;-3,7505;1,0;0,0;0,0;-0,2499;2,11;0;0,0444;0;1;5;0;0
7;HapticsFixedCC;4;57,4722;111,1847;7,2;-3,7127;0,0;0,0;0,0;-0,2496;2,04;0;0,0444;0;1;5;0;0
7;HapticsFixedCC;4;57,4861;110,9506;7,2;-3,7035;0,0;0,0;0,0;-0,2469;2,57;0;0,045;0;1;5;0;0
7;HapticsFixedCC;4;57,5;110,9228;7,2;-3,7027;0,0;0,0;0,0;-0,2463;2,58;0;0,0451;0;1;5;0;0
7;HapticsFixedCC;4;57,5139;110,895;7,2;-3,708;0,0;0,0;0,0;-0,2458;2,58;0;0,0451;0;1;5;0;0
7;HapticsFixedCC;4;57,5278;110,8672;7,2;-3,7158;0,0;0,0;0,0;-0,2453;2,58;0;0,0452;0;1;5;0;0
7;HapticsFixedCC;4;57,5417;110,8395;7,2;-3,7325;0,0;0,0;0,0;-0,2449;2,59;0;0,0453;0;1;5;0;0
7;HapticsFixedCC;4;57,5555;110,8117;7,2;-3,7687;0,0;0,0;0,0;-0,2445;2,59;0;0,0453;0;1;5;0;0
7;HapticsFixedCC;4;57,5694;110,7839;7,2;-3,8014;0,0;0,0;0,0;-0,2441;2,59;0;0,0454;0;1;5;0;0
7;HapticsFixedCC;4;57,5833;110,7561;7,2;-3,8595;0,0;0,0;0,0;-0,2438;2,59;0;0,0455;0;1;5;0;0
7;HapticsFixedCC;4;57,5972;110,7299;7,2;-3,9196;0,0;0,0;0,0;-0,2435;2,59;0;0,0455;0;1;5;0;0
7;HapticsFixedCC;4;57,6111;110,7299;7,2;-3,9739;0,0;0,0;0,0;-0,243;2,51;0;0,0455;0;1;5;0;0
7;HapticsFixedCC;4;57,625;110,7299;7,2;-4,0323;0,0;0,0;0,0;-0,2425;2,44;0;0,0455;0;1;5;0;0
7;HapticsFixedCC;4;57,6389;110,7299;7,2;-4,1008;0,0;0,0;0,0;-0,2421;2,36;0;0,0455;0;1;5;0;0
7;HapticsFixedCC;4;57,6528;110,7299;7,2;-4,1707;0,0;0,0;0,0;-0,2417;2,29;0;0,0455;0;1;5;0;0
7;HapticsFixedCC;4;57,6667;110,7299;7,2;-4,2332;0,0;0,0;0,0;-0,2414;2,21;0;0,0455;0;1;5;0;0
7;HapticsFixedCC;4;57,6805;110,7299;7,2;-4,2879;0,0;0,0;0,0;-0,2411;2,13;0;0,0455;0;1;5;0;0
7;HapticsFixedCC;4;57,6944;110,7299;7,2;-4,3377;0,0;0,0;0,0;-0,2409;2,05;0;0,0455;0;1;5;0;0
7;HapticsFixedCC;4;57,7083;110,501;7,2;-4,3828;0,0;0,0;0,0;-0,2383;2,57;0;0,0461;0;1;5;0;0
7;HapticsFixedCC;4;57,7222;110,4732;7,2;-4,4028;0,0;0,0;0,0;-0,2379;2,57;0;0,0462;0;1;5;0;0
7;HapticsFixedCC;4;57,7361;110,4454;7,2;-4,428;0,0;0,0;0,0;-0,2375;2,56;0;0,0463;0;1;5;0;0
7;HapticsFixedCC;4;57,75;110,4177;7,2;-4,4475;0,0;0,0;0,0;-0,2371;2,55;0;0,0463;0;1;5;0;0
7;HapticsFixedCC;4;57,7639;110,3899;7,2;-4,4618;0,0;0,0;0,0;-0,2368;2,54;0;0,0464;0;1;5;0;0
7;HapticsFixedCC;4;57,7778;110,3621;7,2;-4,4698;0,0;0,0;0,0;-0,2366;2,53;0;0,0465;0;1;5;0;0
7;HapticsFixedCC;4;57,7917;110,3343;7,2;-4,4698;0,0;0,0;0,0;-0,2364;2,52;0;0,0466;0;1;5;0;0
7;HapticsFixedCC;4;57,8055;110,3065;7,2;-4,4659;0,0;0,0;0,0;-0,2362;2,51;0;0,0466;0;1;5;0;0
7;HapticsFixedCC;4;57,8194;110,2787;7,2;-4,4581;0,0;0,0;0,0;-0,236;2,51;0;0,0467;0;1;5;0;0
7;HapticsFixedCC;4;57,8333;110,2734;7,2;-4,4512;0,0;0,0;0,0;-0,2357;2,44;0;0,0467;0;1;5;0;0
7;HapticsFixedCC;4;57,8472;110,2734;7,2;-4,4473;0,0;0,0;0,0;-0,2353;2,36;0;0,0467;0;1;5;0;0
7;HapticsFixedCC;4;57,8611;110,2734;7,2;-4,4437;0,0;0,0;0,0;-0,235;2,27;0;0,0467;0;1;5;0;0
7;HapticsFixedCC;4;57,875;110,2734;7,2;-4,4417;0,0;0,0;0,0;-0,2348;2,19;0;0,0467;0;1;5;0;0
7;HapticsFixedCC;4;57,8889;110,2734;7,2;-4,4427;0,0;0,0;0,0;-0,2345;2,11;0;0,0467;0;1;5;0;0
7;HapticsFixedCC;4;57,9028;110,2734;7,2;-4,4471;0,0;0,0;0,0;-0,2344;2,03;0;0,0467;0;1;5;0;0
7;HapticsFixedCC;4;57,9167;110,2734;7,2;-4,4568;0,0;0,0;0,0;-0,2342;1,95;0;0,0467;0;1;5;0;0
7;HapticsFixedCC;4;57,9305;110,2734;7,2;-4,4686;0,0;0,0;0,0;-0,2341;1,86;0;0,0467;0;1;5;0;0
7;HapticsFixedCC;4;57,9444;110,0236;7,2;-4,4848;0,0;0,0;0,0;-0,2313;2,46;0;0,0474;0;1;5;0;0
7;HapticsFixedCC;4;57,9583;109,9958;7,2;-4,4982;0,0;0,0;0,0;-0,231;2,45;0;0,0474;0;1;5;0;0
7;HapticsFixedCC;4;57,9722;109,968;7,2;-4,5119;0,0;0,0;0,0;-0,2307;2,44;0;0,0475;0;1;5;0;0
7;HapticsFixedCC;4;57,9861;109,9403;7,2;-4,5006;0,0;0,0;0,0;-0,2305;2,43;0;0,0476;0;1;5;0;0
7;HapticsFixedCC;4;58,0;109,9125;7,2;-4,4995;0,0;0,0;0,0;-0,2303;2,43;0;0,0476;0;1;5;0;0
7;HapticsFixedCC;4;58,0139;109,8847;7,2;-4,4986;0,0;0,0;0,0;-0,2301;2,42;0;0,0477;0;1;5;0;0
7;HapticsFixedCC;4;58,0278;109,8569;7,2;-4,4979;0,0;0,0;0,0;-0,2301;2,41;0;0,0478;0;1;5;0;0
7;HapticsFixedCC;4;58,0417;109,8291;7,2;-4,4971;0,0;0,0;0,0;-0,23;2,4;0;0,0478;0;1;5;0;0
7;HapticsFixedCC;4;58,0555;109,8184;7,2;-4,4957;0,0;0,0;0,0;-0,2298;2,35;0;0,0479;0;1;5;0;0
7;HapticsFixedCC;4;58,0694;109,8184;7,2;-4,4957;0,0;0,0;0,0;-0,2295;2,26;0;0,0479;0;1;5;0;0
7;HapticsFixedCC;4;58,0833;109,8184;7,2;-4,4951;0,0;0,0;0,0;-0,2293;2,18;0;0,0479;0;1;5;0;0
7;HapticsFixedCC;4;58,0972;109,8184;7,2;-4,5217;0,0;0,0;0,0;-0,2291;2,09;0;0,0479;0;1;5;0;0
7;HapticsFixedCC;4;58,1111;109,8184;7,2;-4,5179;0,0;0,0;0,0;-0,229;2,01;0;0,0479;0;1;5;0;0
7;HapticsFixedCC;4;58,125;109,8184;7,2;-4,5042;0,0;0,0;0,0;-0,2289;1,93;0;0,0479;0;1;5;0;0
7;HapticsFixedCC;4;58,1389;109,8184;7,2;-4,4828;0,0;0,0;0,0;-0,2288;1,84;0;0,0479;0;1;5;0;0
7;HapticsFixedCC;4;58,1528;109,8184;7,2;-4,4582;0,0;0,0;0,0;-0,2288;1,76;0;0,0479;0;1;5;0;0
7;HapticsFixedCC;4;58,1667;109,574;7,2;-4,4359;0,0;0,0;0,0;-0,2261;2,36;0;0,0485;0;1;5;0;0
7;HapticsFixedCC;4;58,1805;109,5462;7,2;-4,417;0,0;0,0;0,0;-0,2258;2,35;0;0,0486;0;1;5;0;0
7;HapticsFixedCC;4;58,1944;109,5184;7,2;-4,4029;0,0;0,0;0,0;-0,2255;2,34;0;0,0486;0;1;5;0;0
7;HapticsFixedCC;4;58,2083;109,4906;7,2;-4,3952;0,0;0,0;0,0;-0,2253;2,34;0;0,0487;0;1;5;0;0
7;HapticsFixedCC;4;58,2222;109,4628;7,2;-4,3917;0,0;0,0;0,0;-0,2252;2,34;0;0,0488;0;1;5;0;0
7;HapticsFixedCC;4;58,2361;109,4351;7,2;-4,3946;0,0;0,0;0,0;-0,225;2,33;0;0,0489;0;1;5;0;0
7;HapticsFixedCC;4;58,25;109,4073;7,2;-4,4011;0,0;0,0;0,0;-0,2249;2,33;0;0,0489;0;1;6;0;0
7;HapticsFixedCC;4;58,2639;109,3795;7,2;-4,4136;0,0;0,0;0,0;-0,2249;2,32;0;0,049;0;1;6;0;0
7;HapticsFixedCC;4;58,2778;109,3622;7,2;-4,4333;0,0;0,0;0,0;-0,2247;2,29;0;0,049;0;1;6;0;0
7;HapticsFixedCC;4;58,2917;109,3622;7,2;-4,4655;0,0;0,0;0,0;-0,2245;2,2;0;0,049;0;1;6;0;0
7;HapticsFixedCC;4;58,3055;109,3622;7,2;-4,508;0,0;0,0;0,0;-0,2243;2,12;0;0,049;0;1;6;0;0
7;HapticsFixedCC;4;58,3194;109,3622;7,2;-4,5474;0,0;0,0;0,0;-0,2241;2,03;0;0,049;0;1;6;0;0
7;HapticsFixedCC;4;58,3333;109,3622;7,2;-4,5968;0,0;0,0;0,0;-0,224;1,95;0;0,049;0;1;6;0;0
7;HapticsFixedCC;4;58,3472;109,3622;7,2;-4,6352;0,0;0,0;0,0;-0,2239;1,86;0;0,049;0;1;6;0;0
7;HapticsFixedCC;4;58,3611;109,3622;7,2;-4,6753;0,0;0,0;0,0;-0,2239;1,77;0;0,049;0;1;6;0;0
7;HapticsFixedCC;4;58,375;109,3622;7,2;-4,7189;0,0;0,0;0,0;-0,2239;1,68;0;0,049;0;1;6;0;0
7;HapticsFixedCC;4;58,3889;109,1244;6,3;-4,7795;0,0;0,0;0,0;-0,2212;2,28;0;0,0497;0;1;6;0;0
7;HapticsFixedCC;4;58,4028;109,1;6,3;-4,6998;0,0;0,0;0,0;-0,221;2,27;0;0,0497;0;1;6;0;0
7;HapticsFixedCC;4;58,4167;109,0757;6,3;-4,6971;0,0;0,0;0,0;-0,2209;2,27;0;0,0498;0;1;6;0;0
7;HapticsFixedCC;4;58,4305;109,0514;6,3;-4,6996;0,0;0,0;0,0;-0,2207;2,26;0;0,0498;0;1;6;0;0
7;HapticsFixedCC;4;58,4444;109,0271;6,3;-4,7124;0,0;0,0;0,0;-0,2207;2,25;0;0,0499;0;1;6;0;0
7;HapticsFixedCC;4;58,4583;109,0028;6,3;-4,7217;0,0;0,0;0,0;-0,2206;2,24;0;0,05;0;1;6;0;0
7;HapticsFixedCC;4;58,4722;108,9785;6,3;-5,0976;0,0;0,0;0,0;-0,2206;2,23;0;0,05;0;1;6;0;0
7;HapticsFixedCC;4;58,4861;108,9541;6,3;-5,2074;0,0;0,0;0,0;-0,2207;2,21;0;0,0501;0;1;6;0;0
7;HapticsFixedCC;4;58,5;108,9298;6,3;-5,2712;0,0;0,0;0,0;-0,2209;2,2;0;0,0501;0;1;6;0;0
7;HapticsFixedCC;4;58,5139;108,9069;6,3;-5,3352;0,0;0,0;0,0;-0,2211;2,17;0;0,0502;0;1;6;0;0
7;HapticsFixedCC;4;58,5278;108,9069;6,3;-5,3873;0,0;0,0;0,0;-0,221;2,09;0;0,0502;0;1;6;0;0
7;HapticsFixedCC;4;58,5417;108,9069;6,3;-5,4234;0,0;0,0;0,0;-0,221;2,0;0;0,0502;0;1;6;0;0
7;HapticsFixedCC;4;58,5555;108,9069;6,3;-5,4586;0,0;0,0;0,0;-0,2211;1,91;0;0,0502;0;1;6;0;0
7;HapticsFixedCC;4;58,5694;108,9069;6,3;-5,4906;0,0;0,0;0,0;-0,2212;1,82;0;0,0502;0;1;6;0;0
7;HapticsFixedCC;4;58,5833;108,9069;6,3;-5,5116;0,0;0,0;0,0;-0,2213;1,73;0;0,0502;0;1;6;0;0
7;HapticsFixedCC;4;58,5972;108,9069;6,3;-5,5194;0,0;0,0;0,0;-0,2215;1,64;0;0,0502;0;1;6;0;0
7;HapticsFixedCC;4;58,6111;108,9069;6,3;-5,5238;0,0;0,0;0,0;-0,2217;1,55;0;0,0502;0;1;6;0;0
7;HapticsFixedCC;4;58,625;108,9069;6,3;-5,5122;0,0;0,0;0,0;-0,222;1,46;0;0,0502;0;1;6;0;0
7;HapticsFixedCC;4;58,6389;108,9069;5,7;-5,4936;0,0;0,0;0,0;-0,2222;1,38;0;0,0502;0;1;6;0;0
7;HapticsFixedCC;4;58,6528;108,6595;5,7;-5,4696;0,0;0,0;0,0;-0,2196;2,01;0;0,0508;0;1;6;0;0
7;HapticsFixedCC;4;58,6667;108,6375;5,7;-5,452;0,0;0,0;0,0;-0,2197;2,0;0;0,0509;0;1;6;0;0
7;HapticsFixedCC;4;58,6805;108,6155;5,7;-5,433;0,0;0,0;0,0;-0,2198;1,98;0;0,0509;0;1;6;0;0
7;HapticsFixedCC;4;58,6944;108,5935;5,7;-5,419;0,0;0,0;0,0;-0,2199;1,97;0;0,051;0;1;6;0;0
7;HapticsFixedCC;4;58,7083;108,5715;5,7;-5,4153;0,0;0,0;0,0;-0,22;1,95;0;0,0511;0;1;6;0;0
7;HapticsFixedCC;4;58,7222;108,5495;5,7;-5,4217;0,0;0,0;0,0;-0,2202;1,93;0;0,0511;0;1;6;0;0
7;HapticsFixedCC;4;58,7361;108,5275;5,7;-5,4375;0,0;0,0;0,0;-0,2204;1,92;0;0,0512;0;1;6;0;0
7;HapticsFixedCC;4;58,75;108,5055;5,7;-5,4594;0,0;0,0;0,0;-0,2207;1,9;0;0,0512;0;1;6;0;0
7;HapticsFixedCC;4;58,7639;108,4835;5,7;-5,6445;0,0;0,0;0,0;-0,221;1,88;0;0,0513;0;1;6;0;0
7;HapticsFixedCC;4;58,7778;108,4615;5,7;-5,8944;0,0;0,0;0,0;-0,2213;1,86;0;0,0513;0;1;6;0;0
7;HapticsFixedCC;4;58,7917;108,4511;5,7;-5,6019;0,0;0,0;0,0;-0,2216;1,8;0;0,0514;0;1;6;0;0
7;HapticsFixedCC;4;58,8055;108,4511;5,7;-5,5478;0,0;0,0;0,0;-0,2217;1,72;0;0,0514;0;1;6;0;0
7;HapticsFixedCC;4;58,8194;108,4511;5,7;-5,5546;0,0;0,0;0,0;-0,2219;1,64;0;0,0514;0;1;6;0;0
7;HapticsFixedCC;4;58,8333;108,4511;5,7;-5,5589;0,0;0,0;0,0;-0,2221;1,56;0;0,0514;0;1;6;0;0
7;HapticsFixedCC;4;58,8472;108,4511;5,7;-5,5798;0,0;0,0;0,0;-0,2223;1,47;0;0,0514;0;1;6;0;0
7;HapticsFixedCC;4;58,8611;108,4511;5,7;-5,588;0,0;0,0;0,0;-0,2226;1,39;0;0,0514;0;1;6;0;0
7;HapticsFixedCC;4;58,875;108,4511;5,7;-5,5943;0,0;0,0;0,0;-0,2229;1,31;0;0,0514;0;1;6;0;0
7;HapticsFixedCC;4;58,8889;108,4511;5,7;-5,5952;0,0;0,0;0,0;-0,2232;1,23;0;0,0514;0;1;6;0;0
7;HapticsFixedCC;4;58,9028;108,4511;5,7;-5,5914;0,0;0,0;0,0;-0,2236;1,14;0;0,0514;0;1;6;0;0
7;HapticsFixedCC;4;58,9167;108,4511;5,7;-5,5834;0,0;0,0;0,0;-0,224;1,06;0;0,0514;0;1;6;0;0
7;HapticsFixedCC;4;58,9305;108,2143;5,7;-5,5726;0,0;0,0;0,0;-0,2216;1,68;0;0,0519;0;1;6;0;0
7;HapticsFixedCC;4;58,9444;108,1923;5,7;-5,5596;0,0;0,0;0,0;-0,2218;1,67;0;0,052;0;1;6;0;0
7;HapticsFixedCC;4;58,9583;108,1702;5,7;-5,5434;0,0;0,0;0,0;-0,222;1,65;0;0,052;0;1;6;0;0
7;HapticsFixedCC;4;58,9722;108,1482;5,7;-5,527;0,0;0,0;0,0;-0,2223;1,63;0;0,0521;0;1;6;0;0
7;HapticsFixedCC;4;58,9861;108,1262;5,7;-5,5088;0,0;0,0;0,0;-0,2226;1,62;0;0,0522;0;1;6;0;0
7;HapticsFixedCC;4;59,0;108,1042;5,7;-5,4908;0,0;0,0;0,0;-0,2229;1,6;0;0,0522;0;1;6;0;0
7;HapticsFixedCC;4;59,0139;108,0822;5,7;-5,4759;0,0;0,0;0,0;-0,2232;1,59;0;0,0523;0;1;6;0;0
7;HapticsFixedCC;4;59,0278;108,0602;5,7;-5,4667;0,0;0,0;0,0;-0,2236;1,57;0;0,0523;0;1;6;0;0
7;HapticsFixedCC;4;59,0417;108,0382;5,7;-5,4577;0,0;0,0;0,0;-0,224;1,56;0;0,0524;0;1;6;0;0
7;HapticsFixedCC;4;59,0555;108,0162;5,7;-5,4519;0,0;0,0;0,0;-0,2244;1,54;0;0,0524;0;1;6;0;0
7;HapticsFixedCC;4;59,0694;107,9956;5,7;-5,4496;0,0;0,0;0,0;-0,2248;1,52;0;0,0525;0;1;6;0;0
7;HapticsFixedCC;4;59,0833;107,9956;5,7;-5,4488;0,0;0,0;0,0;-0,225;1,44;0;0,0525;0;1;6;0;0
7;HapticsFixedCC;4;59,0972;107,9956;5,7;-5,4488;0,0;0,0;0,0;-0,2253;1,36;0;0,0525;0;1;6;0;0
7;HapticsFixedCC;4;59,1111;107,9956;5,7;-5,4506;0,0;0,0;0,0;-0,2256;1,28;0;0,0525;0;1;6;0;0
7;HapticsFixedCC;4;59,125;107,9956;5,7;-5,4579;0,0;0,0;0,0;-0,2259;1,2;0;0,0525;0;1;6;0;0
7;HapticsFixedCC;4;59,1389;107,9956;5,7;-5,4744;0,0;0,0;0,0;-0,2263;1,12;0;0,0525;0;1;6;0;0
7;HapticsFixedCC;4;59,1528;107,9956;5,3;-5,5008;0,0;0,0;0,0;-0,2266;1,04;0;0,0525;0;1;6;0;0
7;HapticsFixedCC;4;59,1667;107,9956;5,3;-5,5249;0,0;0,0;0,0;-0,2269;0,97;0;0,0525;0;1;6;0;0
7;HapticsFixedCC;4;59,1805;107,9956;5,3;-5,5647;0,0;0,0;0,0;-0,2274;0,89;0;0,0525;0;1;6;0;0
7;HapticsFixedCC;4;59,1944;107,9956;5,3;-5,5915;0,0;0,0;0,0;-0,2278;0,82;0;0,0525;0;1;6;0;0
7;HapticsFixedCC;4;59,2083;107,9956;5,3;-5,6042;0,0;0,0;0,0;-0,2283;0,74;0;0,0525;0;1;6;0;0
7;HapticsFixedCC;4;59,2222;107,7545;5,3;-5,6125;0,0;0,0;0,0;-0,2259;1,4;0;0,0531;0;1;6;0;0
7;HapticsFixedCC;4;59,2361;107,7341;5,3;-5,6217;0,0;0,0;0,0;-0,2262;1,38;0;0,0531;0;1;6;0;0
7;HapticsFixedCC;4;59,25;107,7136;5,3;-5,6296;0,0;0,0;0,0;-0,2265;1,37;0;0,0532;0;1;4;0;0
7;HapticsFixedCC;4;59,2639;107,6931;5,3;-5,6378;0,0;0,0;0,0;-0,2269;1,35;0;0,0532;0;1;4;0;0
7;HapticsFixedCC;4;59,2778;107,6727;5,3;-5,6441;0,0;0,0;0,0;-0,2272;1,34;0;0,0533;0;1;4;0;0
7;HapticsFixedCC;4;59,2917;107,6522;5,3;-5,6464;0,0;0,0;0,0;-0,2276;1,33;0;0,0533;0;1;4;0;0
7;HapticsFixedCC;4;59,3055;107,6318;5,3;-5,6464;0,0;0,0;0,0;-0,228;1,31;0;0,0534;0;1;4;0;0
7;HapticsFixedCC;4;59,3194;107,6113;5,3;-5,643;0,0;0,0;0,0;-0,2285;1,3;0;0,0534;0;1;4;0;0
7;HapticsFixedCC;4;59,3333;107,5909;5,3;-5,6412;0,0;0,0;0,0;-0,229;1,28;0;0,0535;0;1;4;0;0
7;HapticsFixedCC;4;59,3472;107,5704;5,3;-5,6428;0,0;0,0;0,0;-0,2295;1,27;0;0,0535;0;1;4;0;0
7;HapticsFixedCC;4;59,3611;107,5499;5,3;-5,6489;0,0;0,0;0,0;-0,23;1,25;0;0,0536;0;1;4;0;0
7;HapticsFixedCC;4;59,375;107,5399;5,3;-5,6543;0,0;0,0;0,0;-0,2305;1,21;0;0,0536;0;1;4;0;0
7;HapticsFixedCC;4;59,3889;107,5399;4,9;-5,65;0,0;0,0;0,0;-0,2308;1,13;0;0,0536;0;1;4;0;0
7;HapticsFixedCC;4;59,4028;107,5399;4,9;-5,6396;0,0;0,0;0,0;-0,2311;1,06;0;0,0536;0;1;4;0;0
7;HapticsFixedCC;4;59,4167;107,5399;4,9;-5,6143;0,0;0,0;0,0;-0,2315;0,99;0;0,0536;0;1;4;0;0
7;HapticsFixedCC;4;59,4305;107,5399;4,9;-5,5926;0,0;0,0;0,0;-0,2319;0,92;0;0,0536;0;1;4;0;0
7;HapticsFixedCC;4;59,4444;107,5399;4,9;-5,5439;0,0;0,0;0,0;-0,2323;0,85;0;0,0536;0;1;4;0;0
7;HapticsFixedCC;4;59,4583;107,5399;4,9;-5,49;0,0;0,0;0,0;-0,2327;0,78;0;0,0536;0;1;4;0;0
7;HapticsFixedCC;4;59,4722;107,5399;4,9;-5,4058;0,0;0,0;0,0;-0,2331;0,71;0;0,0536;0;1;4;0;0
7;HapticsFixedCC;4;59,4861;107,5399;4,9;-5,389;0,0;0,0;0,0;-0,2336;0,65;0;0,0536;0;1;4;0;0
7;HapticsFixedCC;4;59,5;107,5399;4,9;-5,2905;0,0;0,0;0,0;-0,234;0,58;0;0,0536;0;1;4;0;0
7;HapticsFixedCC;4;59,5139;107,5399;4,9;-5,2706;0,0;0,0;0,0;-0,2345;0,51;0;0,0536;0;1;4;0;0
7;HapticsFixedCC;4;59,5278;107,5399;4,9;-5,173;0,0;0,0;0,0;-0,235;0,45;0;0,0536;0;1;4;0;0
7;HapticsFixedCC;4;59,5417;107,2953;4,9;-5,1197;0,0;0,0;0,0;-0,2325;1,14;0;0,0541;0;1;4;0;0
7;HapticsFixedCC;4;59,5555;107,2764;4,9;-5,0814;0,0;0,0;0,0;-0,2328;1,14;0;0,0542;0;1;4;0;0
7;HapticsFixedCC;4;59,5694;107,2575;4,9;-5,0443;0,0;0,0;0,0;-0,2331;1,13;0;0,0542;0;1;4;0;0
7;HapticsFixedCC;4;59,5833;107,2386;4,9;-5,0035;0,0;0,0;0,0;-0,2334;1,13;0;0,0543;0;1;4;0;0
7;HapticsFixedCC;4;59,5972;107,2197;4,9;-4,9513;0,0;0,0;0,0;-0,2337;1,13;0;0,0543;0;1;4;0;0
7;HapticsFixedCC;4;59,6111;107,2008;4,9;-4,8869;0,0;0,0;0,0;-0,2341;1,12;0;0,0544;0;1;4;0;0
7;HapticsFixedCC;4;59,625;107,1819;4,9;-4,8332;0,0;0,0;0,0;-0,2344;1,12;0;0,0544;0;1;4;0;0
7;HapticsFixedCC;4;59,6389;107,1629;4,9;-4,7887;0,0;0,0;0,0;-0,2348;1,12;0;0,0545;0;1;4;0;0
7;HapticsFixedCC;4;59,6528;107,144;4,9;-4,7508;0,0;0,0;0,0;-0,2352;1,12;0;0,0545;0;1;4;0;0
7;HapticsFixedCC;4;59,6667;107,1251;4,9;-4,7317;0,0;0,0;0,0;-0,2356;1,12;0;0,0545;0;1;4;0;0
7;HapticsFixedCC;4;59,6805;107,1062;4,9;-4,7281;0,0;0,0;0,0;-0,236;1,12;0;0,0546;0;1;4;0;0
7;HapticsFixedCC;4;59,6944;107,0873;4,9;-4,7281;0,0;0,0;0,0;-0,2364;1,12;0;0,0546;0;1;4;0;0
7;HapticsFixedCC;4;59,7083;107,0843;4,9;-4,7405;0,0;0,0;0,0;-0,2367;1,07;0;0,0546;0;1;4;0;0
7;HapticsFixedCC;4;59,7222;107,0843;4,9;-4,7726;0,0;0,0;0,0;-0,2369;1,01;0;0,0546;0;1;4;0;0
7;HapticsFixedCC;4;59,7361;107,0843;4,9;-4,8114;0,0;0,0;0,0;-0,2372;0,95;0;0,0546;0;1;4;0;0
7;HapticsFixedCC;4;59,75;107,0843;4,9;-4,858;0,0;0,0;0,0;-0,2375;0,89;0;0,0546;0;1;4;0;0
7;HapticsFixedCC;4;59,7639;107,0843;4,9;-4,9041;0,0;0,0;0,0;-0,2378;0,83;0;0,0546;0;1;4;0;0
7;HapticsFixedCC;4;59,7778;107,0843;4,9;-4,9625;0,0;0,0;0,0;-0,2382;0,76;0;0,0546;0;1;4;0;0
7;HapticsFixedCC;4;59,7917;107,0843;4,9;-4,9999;0,0;0,0;0,0;-0,2386;0,7;0;0,0546;0;1;4;0;0
7;HapticsFixedCC;4;59,8055;107,0843;4,9;-5,0294;0,0;0,0;0,0;-0,239;0,64;0;0,0546;0;1;4;0;0
7;HapticsFixedCC;4;59,8194;107,0843;4,9;-5,0353;0,0;0,0;0,0;-0,2394;0,57;0;0,0546;0;1;4;0;0
7;HapticsFixedCC;4;59,8333;107,0843;4,9;-5,0532;0,0;0,0;0,0;-0,2398;0,51;0;0,0546;0;1;4;0;0
7;HapticsFixedCC;4;59,8472;107,0843;4,9;-5,0527;0,0;0,0;0,0;-0,2403;0,45;0;0,0546;0;1;4;0;0
7;HapticsFixedCC;4;59,8611;106,8544;4,9;-5,0361;0,0;0,0;0,0;-0,2379;1,11;0;0,0551;0;1;4;0;0
7;HapticsFixedCC;4;59,875;106,8355;4,9;-5,0118;0,0;0,0;0,0;-0,2382;1,11;0;0,0552;0;1;4;0;0
7;HapticsFixedCC;4;59,8889;106,8166;4,6;-4,9844;0,0;0,0;0,0;-0,2385;1,11;0;0,0552;0;1;4;0;0
7;HapticsFixedCC;4;59,9028;106,7988;4,6;-4,9419;0,0;0,0;0,0;-0,2388;1,1;0;0,0553;0;1;4;0;0
7;HapticsFixedCC;4;59,9167;106,7811;4,6;-4,8917;0,0;0,0;0,0;-0,2391;1,1;0;0,0553;0;1;4;0;0
7;HapticsFixedCC;4;59,9305;106,7633;4,6;-4,8817;0,0;0,0;0,0;-0,2394;1,1;0;0,0553;0;1;4;0;0
7;HapticsFixedCC;4;59,9444;106,7456;4,6;-4,8221;0,0;0,0;0,0;-0,2398;1,1;0;0,0554;0;1;4;0;0
7;HapticsFixedCC;4;59,9583;106,7278;4,6;-4,7766;0,0;0,0;0,0;-0,2401;1,1;0;0,0554;0;1;4;0;0
7;HapticsFixedCC;4;59,9722;106,7101;4,6;-4,7355;0,0;0,0;0,0;-0,2405;1,1;0;0,0555;0;1;4;0;0
7;HapticsFixedCC;4;59,9861;106,6923;4,6;-4,6962;0,0;0,0;0,0;-0,2408;1,1;0;0,0555;0;1;4;0;0
7;HapticsFixedCC;4;60,0;106,6746;4,6;-4,6776;0,0;0,0;0,0;-0,2412;1,1;0;0,0555;0;1;4;0;0
7;HapticsFixedCC;4;60,0139;106,6568;4,6;-4,6597;0,0;0,0;0,0;-0,2416;1,1;0;0,0556;0;1;4;0;0
7;HapticsFixedCC;4;60,0278;106,6391;4,6;-4,6561;0,0;0,0;0,0;-0,2421;1,1;0;0,0556;0;1;4;0;0
7;HapticsFixedCC;4;60,0417;106,6287;4,6;-4,6229;0,0;0,0;0,0;-0,2424;1,08;0;0,0556;0;1;4;0;0
7;HapticsFixedCC;4;60,0555;106,6287;4,6;-4,6085;0,0;0,0;0,0;-0,2426;1,03;0;0,0556;0;1;4;0;0
7;HapticsFixedCC;4;60,0694;106,6287;4,6;-4,598;0,0;0,0;0,0;-0,2429;0,97;0;0,0556;0;1;4;0;0
7;HapticsFixedCC;4;60,0833;106,6287;4,6;-4,5919;0,0;0,0;0,0;-0,2431;0,92;0;0,0556;0;1;4;0;0
7;HapticsFixedCC;4;60,0972;106,6287;4,6;-4,5837;0,0;0,0;0,0;-0,2434;0,86;0;0,0556;0;1;4;0;0
7;HapticsFixedCC;4;60,1111;106,6287;4,6;-4,5778;0,0;0,0;0,0;-0,2437;0,81;0;0,0556;0;1;4;0;0
7;HapticsFixedCC;4;60,125;106,6287;4,6;-4,5725;0,0;0,0;0,0;-0,244;0,75;0;0,0556;0;1;4;0;0
7;HapticsFixedCC;4;60,1389;106,6287;4,6;-4,5715;0,0;0,0;0,0;-0,2443;0,7;0;0,0556;0;1;4;0;0
7;HapticsFixedCC;4;60,1528;106,6287;4,6;-4,5718;0,0;0,0;0,0;-0,2446;0,65;0;0,0556;0;1;4;0;0
7;HapticsFixedCC;4;60,1667;106,6287;4,6;-4,5769;0,0;0,0;0,0;-0,245;0,59;0;0,0556;0;1;4;0;0
7;HapticsFixedCC;4;60,1805;106,6287;4,6;-4,585;0,0;0,0;0,0;-0,2454;0,54;0;0,0556;0;1;4;0;0
7;HapticsFixedCC;4;60,1944;106,6287;4,6;-4,594;0,0;0,0;0,0;-0,2458;0,48;0;0,0556;0;1;4;0;0
7;HapticsFixedCC;4;60,2083;106,6287;4,6;-4,6048;0,0;0,0;0,0;-0,2462;0,43;0;0,0556;0;1;4;0;0
7;HapticsFixedCC;4;60,2222;106,3844;4,6;-4,6133;0,0;0,0;0,0;-0,2435;1,16;0;0,0562;0;1;4;0;0
7;HapticsFixedCC;4;60,2361;106,3666;4,6;-4,6205;0,0;0,0;0,0;-0,2437;1,16;0;0,0562;0;1;4;0;0
7;HapticsFixedCC;4;60,25;106,3489;4,6;-4,6219;0,0;0,0;0,0;-0,244;1,16;0;0,0562;0;1;8;0;0
7;HapticsFixedCC;4;60,2639;106,3311;4,6;-4,6348;0,0;0,0;0,0;-0,2442;1,17;0;0,0563;0;1;8;0;0
7;HapticsFixedCC;4;60,2778;106,3133;4,6;-4,6438;0,0;0,0;0,0;-0,2445;1,17;0;0,0563;0;1;8;0;0
7;HapticsFixedCC;4;60,2917;106,2956;4,6;-4,6489;0,0;0,0;0,0;-0,2448;1,17;0;0,0563;0;1;8;0;0
7;HapticsFixedCC;4;60,3055;106,2778;4,6;-4,645;0,0;0,0;0,0;-0,2451;1,17;0;0,0564;0;1;8;0;0
7;HapticsFixedCC;4;60,3194;106,2601;4,6;-4,6146;0,0;0,0;0,0;-0,2454;1,17;0;0,0564;0;1;8;0;0
7;HapticsFixedCC;4;60,3333;106,2423;4,6;-4,6085;0,0;0,0;0,0;-0,2457;1,18;0;0,0565;0;1;8;0;0
7;HapticsFixedCC;4;60,3472;106,2246;4,6;-4,4645;0,0;0,0;0,0;-0,2461;1,18;0;0,0565;0;1;8;0;0
7;HapticsFixedCC;4;60,3611;106,2068;4,6;-4,4357;0,0;0,0;0,0;-0,2464;1,19;0;0,0565;0;1;8;0;0
7;HapticsFixedCC;4;60,375;106,1891;4,6;-4,43;0,0;0,0;0,0;-0,2468;1,19;0;0,0566;0;1;8;0;0
7;HapticsFixedCC;4;60,3889;106,173;3,9;-4,2826;0,0;0,0;0,0;-0,247;1,2;0;0,0566;0;1;8;0;0
7;HapticsFixedCC;4;60,4028;106,173;3,9;-4,1027;0,0;0,0;0,0;-0,2472;1,16;0;0,0566;0;1;8;0;0
7;HapticsFixedCC;4;60,4167;106,173;3,9;-4,0668;0,0;0,0;0,0;-0,2473;1,12;0;0,0566;0;1;8;0;0
7;HapticsFixedCC;4;60,4305;106,173;3,9;-3,9887;0,0;0,0;0,0;-0,2474;1,08;0;0,0566;0;1;8;0;0
7;HapticsFixedCC;4;60,4444;106,173;3,9;-3,897;0,0;0,0;0,0;-0,2475;1,04;0;0,0566;0;1;8;0;0
7;HapticsFixedCC;4;60,4583;106,173;3,9;-3,8784;0,0;0,0;0,0;-0,2476;1,0;0;0,0566;0;1;8;0;0
7;HapticsFixedCC;4;60,4722;106,173;3,9;-3,7689;0,0;0,0;0,0;-0,2477;0,96;0;0,0566;0;1;8;0;0
7;HapticsFixedCC;4;60,4861;106,173;3,9;-3,6602;0,0;0,0;0,0;-0,2478;0,93;0;0,0566;0;1;8;0;0
7;HapticsFixedCC;4;60,5;106,173;3,9;-3,5526;0,0;0,0;0,0;-0,2479;0,89;0;0,0566;0;1;8;0;0
7;HapticsFixedCC;4;60,5139;106,173;3,9;-3,4805;0,0;0,0;0,0;-0,248;0,86;0;0,0566;0;1;8;0;0
7;HapticsFixedCC;4;60,5278;106,173;3,9;-3,3588;0,0;0,0;0,0;-0,2481;0,82;0;0,0566;0;1;8;0;0
7;HapticsFixedCC;4;60,5417;106,173;3,9;-3,2498;0,0;0,0;0,0;-0,2483;0,79;0;0,0566;0;1;8;0;0
7;HapticsFixedCC;4;60,5555;106,173;3,9;-3,1356;0,0;0,0;0,0;-0,2484;0,76;0;0,0566;0;1;8;0;0
7;HapticsFixedCC;4;60,5694;106,173;3,9;-3,0151;0,0;0,0;0,0;-0,2485;0,73;0;0,0566;0;1;8;0;0
7;HapticsFixedCC;4;60,5833;106,173;3,9;-2,8925;0,0;0,0;0,0;-0,2485;0,7;0;0,0566;0;1;8;0;0
7;HapticsFixedCC;4;60,5972;105,9392;3,9;-2,788;0,0;0,0;0,0;-0,2456;1,44;0;0,0571;0;1;8;0;0
7;HapticsFixedCC;4;60,6111;105,9241;3,9;-2,6769;0,0;0,0;0,0;-0,2455;1,46;0;0,0571;0;1;8;0;0
7;HapticsFixedCC;4;60,625;105,9091;3,9;-2,555;0,0;0,0;0,0;-0,2454;1,48;0;0,0571;0;1;8;0;0
7;HapticsFixedCC;4;60,6389;105,894;3,9;-2,4549;0,0;0,0;0,0;-0,2453;1,51;0;0,0571;0;1;8;0;0
7;HapticsFixedCC;4;60,6528;105,879;3,9;-2,385;0,0;0,0;0,0;-0,2452;1,53;0;0,0572;0;1;8;0;0
7;HapticsFixedCC;4;60,6667;105,8639;3,9;-2,3482;0,0;0,0;0,0;-0,245;1,56;0;0,0572;0;1;8;0;0
7;HapticsFixedCC;4;60,6805;105,8489;3,9;-2,3243;0,0;0,0;0,0;-0,2449;1,59;0;0,0572;0;1;8;0;0
7;HapticsFixedCC;4;60,6944;105,8338;3,9;-2,2978;0,0;0,0;0,0;-0,2448;1,61;0;0,0573;0;1;8;0;0
7;HapticsFixedCC;4;60,7083;105,8188;3,9;-2,2861;0,0;0,0;0,0;-0,2447;1,64;0;0,0573;0;1;8;0;0
7;HapticsFixedCC;4;60,7222;105,8037;3,9;-2,2841;0,0;0,0;0,0;-0,2446;1,67;0;0,0573;0;1;8;0;0
7;HapticsFixedCC;4;60,7361;105,7887;3,9;-2,3029;0,0;0,0;0,0;-0,2445;1,69;0;0,0574;0;1;8;0;0
7;HapticsFixedCC;4;60,75;105,7737;3,9;-2,3994;0,0;0,0;0,0;-0,2444;1,72;0;0,0574;0;1;8;0;0
7;HapticsFixedCC;4;60,7639;105,7586;3,9;-2,4906;0,0;0,0;0,0;-0,2443;1,74;0;0,0574;0;1;8;0;0
7;HapticsFixedCC;4;60,7778;105,7436;3,9;-2,6221;0,0;0,0;0,0;-0,2443;1,77;0;0,0574;0;1;8;0;0
7;HapticsFixedCC;4;60,7917;105,7285;3,9;-2,7236;0,0;0,0;0,0;-0,2443;1,79;0;0,0575;0;1;8;0;0
7;HapticsFixedCC;4;60,8055;105,7175;3,9;-2,953;0,0;0,0;0,0;-0,2442;1,8;0;0,0575;0;1;8;0;0
7;HapticsFixedCC;4;60,8194;105,7175;3,9;-3,0495;0,0;0,0;0,0;-0,2441;1,77;0;0,0575;0;1;8;0;0
7;HapticsFixedCC;4;60,8333;105,7175;3,9;-3,193;0,0;0,0;0,0;-0,2439;1,73;0;0,0575;0;1;8;0;0
7;HapticsFixedCC;4;60,8472;105,7175;3,9;-3,2084;0,0;0,0;0,0;-0,2438;1,7;0;0,0575;0;1;8;0;0
7;HapticsFixedCC;4;60,8611;105,7175;3,9;-3,2746;0,0;0,0;0,0;-0,2436;1,67;0;0,0575;0;1;8;0;0
7;HapticsFixedCC;4;60,875;105,7175;3,9;-3,3694;0,0;0,0;0,0;-0,2435;1,64;0;0,0575;0;1;8;0;0
7;HapticsFixedCC;4;60,8889;105,7175;3,9;-3,4554;0,0;0,0;0,0;-0,2435;1,6;0;0,0575;0;1;8;0;0
7;HapticsFixedCC;4;60,9028;105,7175;2,9;-3,473;0,0;0,0;0,0;-0,2433;1,58;0;0,0575;0;1;8;0;0
7;HapticsFixedCC;4;60,9167;105,7175;2,9;-3,5894;0,0;0,0;0,0;-0,2433;1,55;0;0,0575;0;1;8;0;0
7;HapticsFixedCC;4;60,9305;105,7175;2,9;-3,6467;0,0;0,0;0,0;-0,2432;1,52;0;0,0575;0;1;8;0;0
7;HapticsFixedCC;4;60,9444;105,7175;2,9;-3,7014;0,0;0,0;0,0;-0,2432;1,5;0;0,0575;0;1;8;0;0
7;HapticsFixedCC;4;60,9583;105,7175;2,9;-3,7238;0,0;0,0;0,0;-0,2431;1,47;0;0,0575;0;1;8;0;0
7;HapticsFixedCC;4;60,9722;105,7175;2,9;-3,7403;0,0;0,0;0,0;-0,2431;1,44;0;0,0575;0;1;8;0;0
7;HapticsFixedCC;4;60,9861;105,7175;2,9;-3,7543;0,0;0,0;0,0;-0,2431;1,41;0;0,0575;0;1;8;0;0
7;HapticsFixedCC;4;61,0;105,7175;2,9;-3,7598;0,0;0,0;0,0;-0,2431;1,39;0;0,0575;0;1;8;0;0
7;HapticsFixedCC;4;61,0139;105,7175;2,9;-3,7609;0,0;0,0;0,0;-0,2431;1,36;0;0,0575;0;1;8;0;0
7;HapticsFixedCC;4;61,0278;105,7175;2,9;-3,7507;0,0;0,0;0,0;-0,2431;1,33;0;0,0575;0;1;8;0;0
7;HapticsFixedCC;4;61,0417;105,7175;2,9;-3,7338;0,0;0,0;0,0;-0,2431;1,3;0;0,0575;0;1;8;0;0
7;HapticsFixedCC;4;61,0555;105,4786;2,9;-3,6892;0,0;0,0;0,0;-0,24;2,07;0;0,0579;0;1;8;0;0
7;HapticsFixedCC;4;61,0694;105,4674;2,9;-3,6323;0,0;0,0;0,0;-0,2399;2,08;0;0,0579;0;1;8;0;0
7;HapticsFixedCC;4;61,0833;105,4563;2,9;-3,5694;0,0;0,0;0,0;-0,2397;2,09;0;0,058;0;1;8;0;0
7;HapticsFixedCC;4;61,0972;105,4451;2,9;-3,5295;0,0;0,0;0,0;-0,2396;2,1;0;0,058;0;1;8;0;0
7;HapticsFixedCC;4;61,1111;105,4339;2,9;-3,5215;0,0;0,0;0,0;-0,2395;2,11;0;0,058;0;1;8;0;0
7;HapticsFixedCC;4;61,125;105,4227;2,9;-3,4878;0,0;0,0;0,0;-0,2393;2,12;0;0,058;0;1;8;0;0
7;HapticsFixedCC;4;61,1389;105,4115;2,9;-3,4721;0,0;0,0;0,0;-0,2392;2,14;0;0,058;0;1;8;0;0
7;HapticsFixedCC;4;61,1528;105,4003;2,1;-3,464;0,0;0,0;0,0;-0,239;2,16;0;0,0581;0;1;8;0;0
7;HapticsFixedCC;4;61,1667;105,3922;2,1;-3,4641;0,0;0,0;0,0;-0,2389;2,16;0;0,0581;0;1;8;0;0
7;HapticsFixedCC;4;61,1805;105,3841;2,1;-3,4746;0,0;0,0;0,0;-0,2388;2,17;0;0,0581;0;1;8;0;0
7;HapticsFixedCC;4;61,1944;105,376;2,1;-3,5078;0,0;0,0;0,0;-0,2387;2,18;0;0,0581;0;1;8;0;0
7;HapticsFixedCC;4;61,2083;105,3679;2,1;-3,5517;0,0;0,0;0,0;-0,2387;2,19;0;0,0581;0;1;8;0;0
7;HapticsFixedCC;4;61,2222;105,3598;2,1;-3,5604;0,0;0,0;0,0;-0,2386;2,2;0;0,0581;0;1;8;0;0
7;HapticsFixedCC;4;61,2361;105,3517;2,1;-3,6402;0,0;0,0;0,0;-0,2385;2,21;0;0,0581;0;1;8;0;0
7;HapticsFixedCC;4;61,25;105,3436;2,1;-3,6878;0,0;0,0;0,0;-0,2385;2,21;0;0,0582;0;1;8;0;0
7;HapticsFixedCC;4;61,2639;105,3355;2,1;-3,7282;0,0;0,0;0,0;-0,2384;2,22;0;0,0582;0;1;9;0;0
7;HapticsFixedCC;4;61,2778;105,3274;2,1;-3,7821;0,0;0,0;0,0;-0,2383;2,23;0;0,0582;0;1;9;0;0
7;HapticsFixedCC;4;61,2917;105,3193;2,1;-3,8333;0,0;0,0;0,0;-0,2383;2,24;0;0,0582;0;1;9;0;0
7;HapticsFixedCC;4;61,3055;105,3112;2,1;-3,8798;0,0;0,0;0,0;-0,2383;2,24;0;0,0582;0;1;9;0;0
7;HapticsFixedCC;4;61,3194;105,3031;2,1;-3,9263;0,0;0,0;0,0;-0,2382;2,25;0;0,0582;0;1;9;0;0
7;HapticsFixedCC;4;61,3333;105,295;2,1;-3,9356;0,0;0,0;0,0;-0,2382;2,25;0;0,0582;0;1;9;0;0
7;HapticsFixedCC;4;61,3472;105,2869;2,1;-3,9672;0,0;0,0;0,0;-0,2382;2,26;0;0,0583;0;1;9;0;0
7;HapticsFixedCC;4;61,3611;105,2788;2,1;-4,035;0,0;0,0;0,0;-0,2381;2,27;0;0,0583;0;1;9;0;0
7;HapticsFixedCC;4;61,375;105,2707;2,1;-4,0864;0,0;0,0;0,0;-0,2381;2,27;0;0,0583;0;1;9;0;0
7;HapticsFixedCC;4;61,3889;105,2626;2,1;-4,1186;0,0;0,0;0,0;-0,2381;2,28;0;0,0583;0;1;9;0;0
7;HapticsFixedCC;4;61,4028;105,2619;2,1;-4,163;0,0;0,0;0,0;-0,238;2,26;0;0,0583;0;1;9;0;0
7;HapticsFixedCC;4;61,4167;105,2619;2,1;-4,1719;0,0;0,0;0,0;-0,2379;2,23;0;0,0583;0;1;9;0;0
7;HapticsFixedCC;4;61,4305;105,2619;2,1;-4,2244;0,0;0,0;0,0;-0,2378;2,21;0;0,0583;0;1;9;0;0
7;HapticsFixedCC;4;61,4444;105,2619;2,1;-4,3135;0,0;0,0;0,0;-0,2377;2,19;0;0,0583;0;1;9;0;0
7;HapticsFixedCC;4;61,4583;105,2619;2,1;-4,3909;0,0;0,0;0,0;-0,2376;2,17;0;0,0583;0;1;9;0;0
7;HapticsFixedCC;4;61,4722;105,2619;2,1;-4,447;0,0;0,0;0,0;-0,2376;2,14;0;0,0583;0;1;9;0;0
7;HapticsFixedCC;4;61,4861;105,2619;2,1;-4,52;0,0;0,0;0,0;-0,2375;2,12;0;0,0583;0;1;9;0;0
7;HapticsFixedCC;4;61,5;105,2619;2,1;-4,5858;0,0;0,0;0,0;-0,2374;2,09;0;0,0583;0;1;9;0;0
7;HapticsFixedCC;4;61,5139;105,2619;2,1;-4,6385;0,0;0,0;0,0;-0,2374;2,07;0;0,0583;0;1;9;0;0
7;HapticsFixedCC;4;61,5278;105,2619;2,1;-4,6789;0,0;0,0;0,0;-0,2373;2,04;0;0,0583;0;1;9;0;0
7;HapticsFixedCC;4;61,5417;105,2619;2,1;-4,687;0,0;0,0;0,0;-0,2373;2,02;0;0,0583;0;1;9;0;0
7;HapticsFixedCC;4;61,5555;105,2619;2,1;-4,7705;0,0;0,0;0,0;-0,2372;1,99;0;0,0583;0;1;9;0;0
7;HapticsFixedCC;4;61,5694;105,2619;2,1;-4,81;0,0;0,0;0,0;-0,2372;1,97;0;0,0583;0;1;9;0;0
7;HapticsFixedCC;4;61,5833;105,2619;2,1;-4,8478;0,0;0,0;0,0;-0,2372;1,94;0;0,0583;0;1;9;0;0
7;HapticsFixedCC;4;61,5972;105,2619;2,1;-4,8774;0,0;0,0;0,0;-0,2372;1,92;0;0,0583;0;1;9;0;0
7;HapticsFixedCC;4;61,6111;105,2619;2,1;-4,8985;0,0;0,0;0,0;-0,2372;1,89;0;0,0583;0;1;9;0;0
7;HapticsFixedCC;4;61,625;105,2619;2,1;-4,9186;0,0;0,0;0,0;-0,2372;1,86;0;0,0583;0;1;9;0;0
7;HapticsFixedCC;4;61,6389;105,2619;2,1;-4,9304;0,0;0,0;0,0;-0,2371;1,84;0;0,0583;0;1;9;0;0
7;HapticsFixedCC;4;61,6528;105,2619;4,0;-4,9327;0,0;0,0;0,0;-0,2374;1,79;0;0,0583;0;1;9;0;0
7;HapticsFixedCC;4;61,6667;105,2619;4,0;-4,9442;0,0;0,0;0,0;-0,2374;1,74;0;0,0583;0;1;9;0;0
7;HapticsFixedCC;4;61,6805;105,2619;4,0;-4,9614;0,0;0,0;0,0;-0,2375;1,69;0;0,0583;0;1;9;0;0
7;HapticsFixedCC;4;61,6944;105,2619;4,0;-4,9722;0,0;0,0;0,0;-0,2375;1,64;0;0,0583;0;1;9;0;0
7;HapticsFixedCC;4;61,7083;105,2619;4,0;-4,979;0,0;0,0;0,0;-0,2376;1,58;0;0,0583;0;1;9;0;0
7;HapticsFixedCC;4;61,7222;105,0251;4,0;-4,9819;0,0;0,0;0,0;-0,2345;2,33;0;0,0587;0;1;9;0;0
7;HapticsFixedCC;4;61,7361;105,0096;4,0;-4,9825;0,0;0,0;0,0;-0,2344;2,33;0;0,0587;0;1;9;0;0
7;HapticsFixedCC;4;61,75;104,9942;4,0;-4,9834;0,0;0,0;0,0;-0,2343;2,33;0;0,0587;0;1;9;0;0
7;HapticsFixedCC;4;61,7639;104,9787;4,0;-4,9827;0,0;0,0;0,0;-0,2343;2,33;0;0,0588;0;1;9;0;0
7;HapticsFixedCC;4;61,7778;104,9633;4,0;-4,985;0,0;0,0;0,0;-0,2342;2,33;0;0,0588;0;1;9;0;0
7;HapticsFixedCC;4;61,7917;104,9479;4,0;-4,9989;0,0;0,0;0,0;-0,2341;2,33;0;0,0588;0;1;9;0;0
7;HapticsFixedCC;4;61,8055;104,9324;4,0;-5,0188;0,0;0,0;0,0;-0,2341;2,34;0;0,0588;0;1;9;0;0
7;HapticsFixedCC;4;61,8194;104,917;4,0;-5,0578;0,0;0,0;0,0;-0,2341;2,34;0;0,0589;0;1;9;0;0
7;HapticsFixedCC;4;61,8333;104,9015;4,0;-5,1164;0,0;0,0;0,0;-0,2341;2,33;0;0,0589;0;1;9;0;0
7;HapticsFixedCC;4;61,8472;104,8861;4,0;-5,194;0,0;0,0;0,0;-0,2341;2,33;0;0,0589;0;1;9;0;0
7;HapticsFixedCC;4;61,8611;104,8707;4,0;-5,2096;0,0;0,0;0,0;-0,2342;2,33;0;0,0589;0;1;9;0;0
7;HapticsFixedCC;4;61,875;104,8552;4,0;-5,2784;0,0;0,0;0,0;-0,2342;2,33;0;0,059;0;1;9;0;0
7;HapticsFixedCC;4;61,8889;104,8398;4,0;-5,3753;0,0;0,0;0,0;-0,2343;2,33;0;0,059;0;1;9;0;0
7;HapticsFixedCC;4;61,9028;104,8243;4,0;-5,4739;0,0;0,0;0,0;-0,2345;2,32;0;0,059;0;1;9;0;0
7;HapticsFixedCC;4;61,9167;104,8089;4,0;-5,5388;0,0;0,0;0,0;-0,2346;2,32;0;0,059;0;1;9;0;0
7;HapticsFixedCC;4;61,9305;104,8063;4,0;-5,5945;0,0;0,0;0,0;-0,2346;2,27;0;0,059;0;1;9;0;0
7;HapticsFixedCC;4;61,9444;104,8063;4,0;-5,6308;0,0;0,0;0,0;-0,2346;2,21;0;0,059;0;1;9;0;0
7;HapticsFixedCC;4;61,9583;104,8063;4,0;-5,6726;0,0;0,0;0,0;-0,2346;2,15;0;0,059;0;1;9;0;0
7;HapticsFixedCC;4;61,9722;104,8063;4,0;-5,6809;0,0;0,0;0,0;-0,2346;2,09;0;0,059;0;1;9;0;0
7;HapticsFixedCC;4;61,9861;104,8063;4,0;-5,6966;0,0;0,0;0,0;-0,2346;2,04;0;0,059;0;1;9;0;0
7;HapticsFixedCC;4;62,0;104,8063;4,0;-5,7356;0,0;0,0;0,0;-0,2347;1,98;0;0,059;0;1;9;0;0
7;HapticsFixedCC;4;62,0139;104,8063;4,0;-5,7539;0,0;0,0;0,0;-0,2347;1,92;0;0,059;0;1;9;0;0
7;HapticsFixedCC;4;62,0278;104,8063;4,0;-5,7625;0,0;0,0;0,0;-0,2348;1,86;0;0,059;0;1;9;0;0
7;HapticsFixedCC;4;62,0417;104,8063;4,0;-5,7635;0,0;0,0;0,0;-0,2349;1,8;0;0,059;0;1;9;0;0
7;HapticsFixedCC;4;62,0555;104,8063;4,0;-5,764;0,0;0,0;0,0;-0,235;1,74;0;0,059;0;1;9;0;0
7;HapticsFixedCC;4;62,0694;104,8063;4,0;-5,7569;0,0;0,0;0,0;-0,2352;1,68;0;0,059;0;1;9;0;0
7;HapticsFixedCC;4;62,0833;104,8063;4,0;-5,7423;0,0;0,0;0,0;-0,2353;1,62;0;0,059;0;1;9;0;0
7;HapticsFixedCC;4;62,0972;104,8063;4,0;-5,7073;0,0;0,0;0,0;-0,2355;1,56;0;0,059;0;1;9;0;0
7;HapticsFixedCC;4;62,1111;104,8063;4,0;-5,6874;0,0;0,0;0,0;-0,2357;1,5;0;0,059;0;1;9;0;0
7;HapticsFixedCC;4;62,125;104,5709;4,0;-5,6763;0,0;0,0;0,0;-0,2327;2,25;0;0,0594;0;1;9;0;0
7;HapticsFixedCC;4;62,1389;104,5554;7,3;-5,674;0,0;0,0;0,0;-0,2332;2,19;0;0,0594;0;1;9;0;0
7;HapticsFixedCC;4;62,1528;104,5273;7,3;-5,6822;0,0;0,0;0,0;-0,2332;2,18;0;0,0594;0;1;9;0;0
7;HapticsFixedCC;4;62,1667;104,4991;7,3;-5,7137;0,0;0,0;0,0;-0,2333;2,17;0;0,0595;0;1;9;0;0
7;HapticsFixedCC;4;62,1805;104,4709;7,3;-5,72;0,0;0,0;0,0;-0,2335;2,16;0;0,0595;0;1;9;0;0
7;HapticsFixedCC;4;62,1944;104,4427;7,3;-5,7956;0,0;0,0;0,0;-0,2337;2,14;0;0,0595;0;1;9;0;0
7;HapticsFixedCC;4;62,2083;104,4145;7,3;-5,8107;0,0;0,0;0,0;-0,234;2,13;0;0,0596;0;1;9;0;0
7;HapticsFixedCC;4;62,2222;104,3863;7,3;-5,9285;0,0;0,0;0,0;-0,2344;2,11;0;0,0596;0;1;9;0;0
7;HapticsFixedCC;4;62,2361;104,3582;7,3;-5,996;0,0;0,0;0,0;-0,2348;2,1;0;0,0597;0;1;9;0;0
7;HapticsFixedCC;4;62,25;104,3507;7,3;-6,0432;0,0;0,0;0,0;-0,235;2,01;0;0,0597;0;1;9;0;0
7;HapticsFixedCC;4;62,2639;104,3507;7,3;-6,0895;0,0;0,0;0,0;-0,2352;1,89;0;0,0597;0;1;9;0;0
7;HapticsFixedCC;4;62,2778;104,3507;7,3;-6,1111;0,0;0,0;0,0;-0,2354;1,78;0;0,0597;0;1;8;1;0
7;HapticsFixedCC;4;62,2917;104,3507;7,3;-6,1154;0,0;0,0;0,0;-0,2357;1,66;0;0,0597;0;1;8;1;0
7;HapticsFixedCC;4;62,3055;104,3507;7,3;-6,1338;0,0;0,0;0,0;-0,2361;1,54;0;0,0597;0;1;8;1;0
7;HapticsFixedCC;4;62,3194;104,3507;7,3;-6,1459;0,0;0,0;0,0;-0,2365;1,43;0;0,0597;0;1;8;1;0
7;HapticsFixedCC;4;62,3333;104,3507;7,3;-6,1404;0,0;0,0;0,0;-0,237;1,31;0;0,0597;0;1;8;1;0
7;HapticsFixedCC;4;62,3472;104,3507;7,3;-6,1146;0,0;0,0;0,0;-0,2375;1,2;0;0,0597;0;1;8;1;0
7;HapticsFixedCC;4;62,3611;104,0981;7,3;-6,1094;0,0;0,0;0,0;-0,2346;1,95;0;0,06;0;1;8;1;0
7;HapticsFixedCC;4;62,375;104,0699;7,3;-5,9722;0,0;0,0;0,0;-0,2349;1,94;0;0,06;0;1;8;1;0
7;HapticsFixedCC;4;62,3889;104,0417;7,3;-5,8772;0,0;0,0;0,0;-0,2351;1,92;0;0,06;0;1;8;1;0
7;HapticsFixedCC;4;62,4028;104,0135;8,3;-5,8582;0,0;0,0;0,0;-0,2356;1,9;0;0,0601;0;1;8;1;0
7;HapticsFixedCC;4;62,4167;103,9815;8,3;-5,8055;0,0;0,0;0,0;-0,236;1,88;0;0,0601;0;1;8;1;0
7;HapticsFixedCC;4;62,4305;103,9495;8,3;-5,6926;0,0;0,0;0,0;-0,2364;1,87;0;0,0601;0;1;8;1;0
7;HapticsFixedCC;4;62,4444;103,9174;8,3;-5,6257;0,0;0,0;0,0;-0,2369;1,86;0;0,0602;0;1;8;1;0
7;HapticsFixedCC;4;62,4583;103,8951;8,3;-5,5688;0,0;0,0;0,0;-0,2374;1,82;0;0,0602;0;1;8;1;0
7;HapticsFixedCC;4;62,4722;103,8951;8,3;-5,5381;0,0;0,0;0,0;-0,2375;1,7;0;0,0602;0;1;8;1;0
7;HapticsFixedCC;4;62,4861;103,8951;8,3;-5,5059;0,0;0,0;0,0;-0,2378;1,58;0;0,0602;0;1;8;1;0
7;HapticsFixedCC;4;62,5;103,8951;8,3;-5,4793;0,0;0,0;0,0;-0,2381;1,47;0;0,0602;0;1;8;1;0
7;HapticsFixedCC;4;62,5139;103,8951;8,3;-5,474;0,0;0,0;0,0;-0,2384;1,35;0;0,0602;0;1;8;1;0
7;HapticsFixedCC;4;62,5278;103,8951;8,3;-5,4578;0,0;0,0;0,0;-0,2389;1,23;0;0,0602;0;1;8;1;0
7;HapticsFixedCC;4;62,5417;103,8951;8,3;-5,444;0,0;0,0;0,0;-0,2393;1,12;0;0,0602;0;1;8;1;0
7;HapticsFixedCC;4;62,5555;103,6546;8,3;-5,4439;0,0;0,0;0,0;-0,2366;1,83;0;0,0604;0;1;8;1;0
7;HapticsFixedCC;4;62,5694;103,6225;8,3;-5,4504;0,0;0,0;0,0;-0,2368;1,83;0;0,0604;0;1;8;1;0
7;HapticsFixedCC;4;62,5833;103,5905;8,3;-5,4652;0,0;0,0;0,0;-0,237;1,82;0;0,0605;0;1;8;1;0
7;HapticsFixedCC;4;62,5972;103,5585;8,3;-5,4867;0,0;0,0;0,0;-0,2373;1,82;0;0,0605;0;1;8;1;0
7;HapticsFixedCC;4;62,6111;103,5264;8,3;-5,5067;0,0;0,0;0,0;-0,2377;1,81;0;0,0605;0;1;8;1;0
7;HapticsFixedCC;4;62,625;103,4944;8,3;-5,5107;0,0;0,0;0,0;-0,2382;1,8;0;0,0606;0;1;8;1;0
7;HapticsFixedCC;4;62,6389;103,4623;8,3;-5,5418;0,0;0,0;0,0;-0,2387;1,8;0;0,0606;0;1;8;1;0
7;HapticsFixedCC;4;62,6528;103,4395;8,3;-5,6264;0,0;0,0;0,0;-0,2392;1,76;0;0,0606;0;1;8;1;0
7;HapticsFixedCC;4;62,6667;103,4395;8,3;-5,6434;0,0;0,0;0,0;-0,2394;1,64;0;0,0606;0;1;8;1;0
7;HapticsFixedCC;4;62,6805;103,4395;8,3;-5,7125;0,0;0,0;0,0;-0,2397;1,52;0;0,0606;0;1;8;1;0
7;HapticsFixedCC;4;62,6944;103,4395;8,3;-5,7554;0,0;0,0;0,0;-0,2401;1,39;0;0,0606;0;1;8;1;0
7;HapticsFixedCC;4;62,7083;103,4395;8,3;-5,8053;0,0;0,0;0,0;-0,2406;1,27;0;0,0606;0;1;8;1;0
7;HapticsFixedCC;4;62,7222;103,4395;8,3;-5,8677;0,0;0,0;0,0;-0,2411;1,14;0;0,0606;0;1;8;1;0
7;HapticsFixedCC;4;62,7361;103,4395;8,3;-5,8802;0,0;0,0;0,0;-0,2418;1,02;0;0,0606;0;1;8;1;0
7;HapticsFixedCC;4;62,75;103,1994;8,3;-5,9419;0,0;0,0;0,0;-0,2392;1,73;0;0,0608;0;1;8;1;0
7;HapticsFixedCC;4;62,7639;103,1674;8,3;-6,0679;0,0;0,0;0,0;-0,2396;1,71;0;0,0608;0;1;8;1;0
7;HapticsFixedCC;4;62,7778;103,1353;8,3;-6,1689;0,0;0,0;0,0;-0,2401;1,69;0;0,0608;0;1;8;1;0
7;HapticsFixedCC;4;62,7917;103,1033;8,3;-6,2553;0,0;0,0;0,0;-0,2406;1,67;0;0,0608;0;1;8;1;0
7;HapticsFixedCC;4;62,8055;103,0712;8,3;-6,3388;0,0;0,0;0,0;-0,2413;1,64;0;0,0609;0;1;8;1;0
7;HapticsFixedCC;4;62,8194;103,0392;8,3;-6,3555;0,0;0,0;0,0;-0,242;1,62;0;0,0609;0;1;8;1;0
7;HapticsFixedCC;4;62,8333;103,0071;8,3;-6,4279;0,0;0,0;0,0;-0,2428;1,59;0;0,0609;0;1;8;1;0
7;HapticsFixedCC;4;62,8472;102,984;8,3;-6,5029;0,0;0,0;0,0;-0,2436;1,54;0;0,0609;0;1;8;1;0
7;HapticsFixedCC;4;62,8611;102,984;8,3;-6,6698;0,0;0,0;0,0;-0,2442;1,39;0;0,0609;0;1;8;1;0
7;HapticsFixedCC;4;62,875;102,984;8,3;-6,78;0,0;0,0;0,0;-0,2449;1,25;0;0,0609;0;1;8;1;0
7;HapticsFixedCC;4;62,8889;102,984;9,4;-6,8875;0,0;0,0;0,0;-0,2459;1,08;0;0,0609;0;1;8;1;0
7;HapticsFixedCC;4;62,9028;102,984;9,4;-6,9775;0,0;0,0;0,0;-0,247;0,91;0;0,0609;0;1;8;1;0
7;HapticsFixedCC;4;62,9167;102,984;9,4;-6,9954;0,0;0,0;0,0;-0,2481;0,74;0;0,0609;0;1;8;1;0
7;HapticsFixedCC;4;62,9305;102,984;9,4;-7,0358;0,0;0,0;0,0;-0,2494;0,57;0;0,0609;0;1;8;1;0
7;HapticsFixedCC;4;62,9444;102,727;9,4;-7,066;0,0;0,0;0,0;-0,2472;1,3;0;0,061;0;1;8;1;0
7;HapticsFixedCC;4;62,9583;102,6907;9,4;-7,0722;0,0;0,0;0,0;-0,2482;1,25;0;0,061;0;1;8;1;0
7;HapticsFixedCC;4;62,9722;102,6544;9,4;-7,0896;0,0;0,0;0,0;-0,2493;1,21;0;0,0611;0;1;8;1;0
7;HapticsFixedCC;4;62,9861;102,6181;9,4;-7,0958;0,0;0,0;0,0;-0,2505;1,16;0;0,0611;0;1;8;1;0
7;HapticsFixedCC;4;63,0;102,5818;9,4;-7,0753;1,0;0,0;0,0;-0,2518;1,12;0;0,0611;0;1;8;1;0
7;HapticsFixedCC;4;63,0139;102,5456;9,4;-7,0392;1,0;0,0;0,0;-0,2532;1,08;0;0,0611;0;1;8;1;0
7;HapticsFixedCC;4;63,0278;102,5282;9,4;-6,9736;1,0;0,0;0,0;-0,2545;0,97;0;0,0611;0;1;8;1;0
7;HapticsFixedCC;4;63,0417;102,5282;9,4;-6,9605;1,0;0,0;0,0;-0,2556;0,8;0;0,0611;0;1;8;1;0
7;HapticsFixedCC;4;63,0555;102,5282;9,4;-6,9014;1,0;0,0;0,0;-0,2568;0,63;0;0,0611;0;1;8;1;0
7;HapticsFixedCC;4;63,0694;102,5282;9,4;-6,8106;1,0;0,0;0,0;-0,258;0,47;0;0,0611;0;1;8;1;0
7;HapticsFixedCC;4;63,0833;102,5282;9,4;-6,7084;1,0;0,0;0,0;-0,2594;0,31;0;0,0611;0;1;8;1;0
7;HapticsFixedCC;4;63,0972;102,5282;9,4;-6,5853;1,0;0,0;0,0;-0,2608;0,15;0;0,0611;0;1;8;1;0
7;HapticsFixedCC;4;63,1111;102,2845;9,4;-6,4378;1,0;0,0;0,0;-0,259;0,84;0;0,0611;0;1;8;1;0
7;HapticsFixedCC;4;63,125;102,2482;9,4;-6,2386;1,0;0,0;0,0;-0,26;0,82;0;0,0612;0;1;8;1;0
7;HapticsFixedCC;4;63,1389;102,2119;9,4;-6,0343;1,0;0,0;0,0;-0,2611;0,8;0;0,0612;0;1;8;1;0
7;HapticsFixedCC;4;63,1528;102,1756;9,4;-5,8424;1,0;0,0;0,0;-0,2622;0,79;0;0,0612;0;1;8;1;0
7;HapticsFixedCC;4;63,1667;102,1394;9,4;-5,5622;1,0;0,0;0,0;-0,2633;0,78;0;0,0612;0;1;8;1;0
7;HapticsFixedCC;4;63,1805;102,1031;9,4;-5,3026;1,0;0,0;0,0;-0,2645;0,78;0;0,0612;0;1;8;1;0
7;HapticsFixedCC;4;63,1944;102,0729;9,4;-5,059;1,0;0,0;0,0;-0,2656;0,76;0;0,0612;0;1;8;1;0
7;HapticsFixedCC;4;63,2083;102,0729;9,4;-4,8263;1,0;0,0;0,0;-0,2663;0,65;0;0,0612;0;1;8;1;0
7;HapticsFixedCC;4;63,2222;102,0729;9,4;-4,6062;1,0;0,0;0,0;-0,267;0,54;0;0,0612;0;1;8;1;0
7;HapticsFixedCC;4;63,2361;102,0729;9,4;-4,4064;1,0;0,0;0,0;-0,2677;0,43;0;0,0612;0;1;8;1;0
7;HapticsFixedCC;4;63,25;102,0729;9,4;-4,2378;1,0;0,0;0,0;-0,2685;0,33;0;0,0612;0;1;8;1;0
7;HapticsFixedCC;4;63,2639;102,0729;9,4;-4,0815;1,0;0,0;0,0;-0,2693;0,23;0;0,0612;0;1;8;1;0
7;HapticsFixedCC;4;63,2778;101,8418;9,4;-3,8988;1,0;0,0;0,0;-0,2669;0,95;0;0,0611;0;1;7;0;0
7;HapticsFixedCC;4;63,2917;101,8055;9,4;-3,9426;1,0;0,0;0,0;-0,2672;0,98;0;0,0611;0;1;7;0;0
7;HapticsFixedCC;4;63,3055;101,7692;9,4;-3,8498;1,0;0,0;0,0;-0,2676;1,01;0;0,0611;0;1;7;0;0
7;HapticsFixedCC;4;63,3194;101,7329;9,4;-3,8754;1,0;0,0;0,0;-0,2681;1,05;0;0,0611;0;1;7;0;0
7;HapticsFixedCC;4;63,3333;101,6967;9,4;-3,8616;1,0;0,0;0,0;-0,2686;1,08;0;0,0611;0;1;7;0;0
7;HapticsFixedCC;4;63,3472;101,6604;9,4;-3,9053;1,0;0,0;0,0;-0,2692;1,11;0;0,0611;0;1;7;0;0
7;HapticsFixedCC;4;63,3611;101,6241;9,4;-3,9173;1,0;0,0;0,0;-0,2699;1,15;0;0,0611;0;1;7;0;0
7;HapticsFixedCC;4;63,375;101,6168;9,4;-3,8987;1,0;0,0;0,0;-0,2702;1,08;0;0,0611;0;1;7;0;0
7;HapticsFixedCC;4;63,3889;101,6168;10,6;-3,9275;1,0;0,0;0,0;-0,2706;0,97;0;0,0611;0;1;7;0;0
7;HapticsFixedCC;4;63,4028;101,6168;10,6;-3,9632;1,0;0,0;0,0;-0,271;0,86;0;0,0611;0;1;7;0;0
7;HapticsFixedCC;4;63,4167;101,6168;10,6;-4,0031;1,0;0,0;0,0;-0,2715;0,75;0;0,0611;0;1;7;0;0
7;HapticsFixedCC;4;63,4305;101,6168;10,6;-4,0534;1,0;0,0;0,0;-0,272;0,64;0;0,0611;0;1;7;0;0
7;HapticsFixedCC;4;63,4444;101,3804;10,6;-4,0958;1,0;0,0;0,0;-0,2695;1,36;0;0,061;0;1;7;0;0
7;HapticsFixedCC;4;63,4583;101,3395;10,6;-4,0931;1,0;0,0;0,0;-0,2696;1,39;0;0,061;0;1;7;0;0
7;HapticsFixedCC;4;63,4722;101,2986;10,6;-4,125;1,0;0,0;0,0;-0,2699;1,42;0;0,061;0;1;7;0;0
7;HapticsFixedCC;4;63,4861;101,2577;10,6;-4,1379;1,0;0,0;0,0;-0,2703;1,45;0;0,061;0;1;7;0;0
7;HapticsFixedCC;4;63,5;101,2168;10,6;-4,1331;1,0;0,0;0,0;-0,2707;1,48;0;0,061;0;1;7;0;0
7;HapticsFixedCC;4;63,5139;101,1759;10,6;-4,1286;1,0;0,0;0,0;-0,2712;1,52;0;0,0609;0;1;7;0;0
7;HapticsFixedCC;4;63,5278;101,1619;10,6;-4,1049;1,0;0,0;0,0;-0,2714;1,45;0;0,0609;0;1;7;0;0
7;HapticsFixedCC;4;63,5417;101,1619;10,6;-4,0565;1,0;0,0;0,0;-0,2715;1,34;0;0,0609;0;1;7;0;0
7;HapticsFixedCC;4;63,5555;101,1619;10,6;-3,9736;1,0;0,0;0,0;-0,2716;1,23;0;0,0609;0;1;7;0;0
7;HapticsFixedCC;4;63,5694;101,1619;10,6;-3,8658;1,0;0,0;0,0;-0,2718;1,13;0;0,0609;0;1;7;0;0
7;HapticsFixedCC;4;63,5833;101,1619;10,6;-3,7948;1,0;0,0;0,0;-0,272;1,03;0;0,0609;0;1;7;0;0
7;HapticsFixedCC;4;63,5972;100,9229;10,6;-3,7232;1,0;0,0;0,0;-0,269;1,76;0;0,0608;0;1;7;0;0
7;HapticsFixedCC;4;63,6111;100,882;10,6;-3,6517;1,0;0,0;0,0;-0,2688;1,8;0;0,0607;0;1;7;0;0
7;HapticsFixedCC;4;63,625;100,8411;10,6;-3,5339;1,0;0,0;0,0;-0,2686;1,85;0;0,0607;0;1;7;0;0
7;HapticsFixedCC;4;63,6389;100,8002;10,6;-3,3365;1,0;0,0;0,0;-0,2684;1,9;0;0,0607;0;1;7;0;0
7;HapticsFixedCC;4;63,6528;100,7593;10,6;-3,2196;1,0;0,0;0,0;-0,2683;1,95;0;0,0607;0;1;7;0;0
7;HapticsFixedCC;4;63,6667;100,7184;10,6;-3,0197;1,0;0,0;0,0;-0,2681;2,01;0;0,0606;0;1;7;0;0
7;HapticsFixedCC;4;63,6805;100,7053;10,6;-2,8833;1,0;0,0;0,0;-0,2676;1,98;0;0,0606;0;1;7;0;0
7;HapticsFixedCC;4;63,6944;100,7053;10,6;-2,7631;1,0;0,0;0,0;-0,267;1,91;0;0,0606;0;1;7;0;0
7;HapticsFixedCC;4;63,7083;100,7053;10,6;-2,5213;1,0;0,0;0,0;-0,2663;1,84;0;0,0606;0;1;7;0;0
7;HapticsFixedCC;4;63,7222;100,7053;10,6;-2,4024;1,0;0,0;0,0;-0,2656;1,77;0;0,0606;0;1;7;0;0
7;HapticsFixedCC;4;63,7361;100,7053;10,6;-2,1668;1,0;0,0;0,0;-0,265;1,72;0;0,0606;0;1;7;0;0
7;HapticsFixedCC;4;63,75;100,4688;10,6;-1,9735;1,0;0,0;0,0;-0,2639;1,72;0;0,0291;0;1;7;0;0
7;HapticsFixedCC;4;63,7639;100,4279;10,6;-1,8304;1,0;0,0;0,0;-0,2631;1,68;0;0,0236;0;1;7;0;0
7;HapticsFixedCC;4;63,7778;100,387;10,6;-1,7363;1,0;0,0;0,0;-0,2624;1,64;0;0,0181;0;1;7;0;0
7;HapticsFixedCC;4;63,7917;100,3461;10,6;-1,5943;1,0;0,0;0,0;-0,2617;1,6;0;0,0127;0;1;7;0;0
7;HapticsFixedCC;4;63,8055;100,3052;10,6;-1,5169;1,0;0,0;0,0;-0,261;1,57;0;0,0072;0;1;7;0;0
7;HapticsFixedCC;4;63,8194;100,2644;10,6;-1,4883;1,0;0,0;0,0;-0,2603;1,54;0;0,0018;0;1;7;0;0
7;HapticsFixedCC;4;63,8333;100,2512;10,6;-1,3859;1,0;0,0;0,0;-0,2596;1,51;0;0,0;0;1;7;0;0
7;HapticsFixedCC;4;63,8472;100,2512;10,6;-1,2748;1,0;0,0;0,0;-0,2589;1,47;0;0,0;0;1;7;0;0
7;HapticsFixedCC;4;63,8611;100,2512;10,6;-1,2634;1,0;0,0;0,0;-0,2582;1,44;0;0,0;0;1;7;0;0
7;HapticsFixedCC;4;63,875;100,2512;10,6;-1,2897;1,0;0,0;0,0;-0,2575;1,4;0;0,0;0;1;7;0;0
7;HapticsFixedCC;4;63,8889;100,2512;10,6;-1,255;1,0;0,0;0,0;-0,2569;1,37;0;0,0;0;1;7;0;0
7;HapticsFixedCC;4;63,9028;100,019;10,6;-1,2062;1,0;0,0;0,0;-0,2562;1,33;0;0,0001;0;1;7;0;0
7;HapticsFixedCC;4;63,9167;99,9781;10,6;-1,2031;1,0;0,0;0,0;-0,2556;1,3;0;0,0001;0;1;7;0;0
7;HapticsFixedCC;4;63,9305;99,9372;10,6;-1,2061;1,0;0,0;0,0;-0,255;1,27;1;0,0001;0;1;7;0;0
7;HapticsFixedCC;4;63,9444;99,8963;10,6;-1,1857;1,0;0,0;0,0;-0,2544;1,23;1;0,0001;0;1;7;0;0
7;HapticsFixedCC;4;63,9583;99,8554;10,6;-1,1831;1,0;0,0;0,0;-0,2539;1,2;1;0,0001;0;1;7;0;0
7;HapticsFixedCC;4;63,9722;99,8145;10,6;-1,2004;1,0;0,0;0,0;-0,2533;1,17;1;0,0001;0;1;7;0;0
7;HapticsFixedCC;4;63,9861;99,8022;10,6;-1,2338;1,0;0,0;0,0;-0,2528;1,13;1;0,0001;0;1;7;0;0
7;HapticsFixedCC;4;64,0;99,8022;10,6;-1,2586;1,0;0,0;0,0;-0,2524;1,1;1;0,0001;0;1;7;0;0
7;HapticsFixedCC;4;64,0139;99,8022;10,6;-1,2705;1,0;0,0;0,0;-0,2519;1,06;1;0,0001;0;1;7;0;0
7;HapticsFixedCC;4;64,0278;99,8022;10,6;-1,2834;1,0;0,0;0,0;-0,2515;1,03;1;0,0001;0;1;7;0;0
7;HapticsFixedCC;4;64,0417;99,8022;10,6;-1,3185;1,0;0,0;0,0;-0,2512;0,99;1;0,0001;0;1;7;0;0
7;HapticsFixedCC;4;64,0555;99,5692;10,6;-1,3354;1,0;0,0;0,0;-0,2508;0,96;1;0,0001;0;1;7;0;0
7;HapticsFixedCC;4;64,0694;99,5283;10,6;-1,3302;1,0;0,0;0,0;-0,2505;0,92;1;0,0001;0;1;7;0;0
7;HapticsFixedCC;4;64,0833;99,4874;10,6;-1,3444;1,0;0,0;0,0;-0,2502;0,88;1;0,0;0;1;7;0;0
7;HapticsFixedCC;4;64,0972;99,4465;10,6;-1,3453;1,0;0,0;0,0;-0,25;0,84;1;0,0;0;1;7;0;0
7;HapticsFixedCC;4;64,1111;99,4056;10,6;-1,3123;0,0;0,0;0,0;-0,2497;0,81;1;0,0;0;1;7;0;0
7;HapticsFixedCC;4;64,125;99,3647;10,6;-1,3071;0,0;0,0;0,0;-0,2495;0,77;1;0,0;0;1;7;0;0
7;HapticsFixedCC;4;64,1389;99,3456;10,6;-1,2962;0,0;0,0;0,0;-0,2493;0,74;1;0,0;0;1;7;0;0
7;HapticsFixedCC;4;64,1528;99,3456;10,7;-1,2488;0,0;0,0;0,0;-0,2491;0,7;1;0,0;0;1;7;0;0
7;HapticsFixedCC;4;64,1667;99,3456;10,7;-1,1706;0,0;0,0;0,0;-0,2489;0,67;1;0,0;0;1;7;0;0
7;HapticsFixedCC;4;64,1805;99,3456;10,7;-1,0996;0,0;0,0;0,0;-0,2487;0,64;1;0,0;0;1;7;0;0
7;HapticsFixedCC;4;64,1944;99,3456;10,7;-0,9784;0,0;0,0;0,0;-0,2485;0,62;1;0,0;0;1;7;0;0
7;HapticsFixedCC;4;64,2083;99,3456;10,7;-0,808;0,0;0,0;0,0;-0,2483;0,59;1;0,0;0;1;7;0;0
7;HapticsFixedCC;4;64,2222;99,0765;10,7;-0,6215;0,0;0,0;0,0;-0,2481;0,58;1;0,0;0;1;7;0;0
7;HapticsFixedCC;4;64,2361;99,0352;10,7;-0,3356;0,0;0,0;0,0;-0,2478;0,57;1;0,0;0;1;7;0;0
7;HapticsFixedCC;4;64,25;98,9939;10,7;-0,0469;0,0;0,0;0,0;-0,2474;0,57;1;0,0;0;1;7;0;0
7;HapticsFixedCC;4;64,2639;98,9526;10,7;0,1863;0,0;0,0;0,0;-0,2469;0,57;1;0,0;0;1;7;0;0
7;HapticsFixedCC;4;64,2778;98,9114;10,7;0,3935;0,0;0,0;0,0;-0,2464;0,58;1;0,0;0;1;7;0;0
7;HapticsFixedCC;4;64,2917;98,8893;10,7;0,5991;0,0;0,0;0,0;-0,2458;0,6;1;0,0;0;1;1;0;0
7;HapticsFixedCC;4;64,3055;98,8893;10,7;0,7685;0,0;0,0;0,0;-0,2452;0,62;1;0,0;0;1;1;0;0
7;HapticsFixedCC;4;64,3194;98,8893;10,7;0,9503;0,0;0,0;0,0;-0,2445;0,65;1;0,0;0;1;1;0;0
7;HapticsFixedCC;4;64,3333;98,8893;10,7;1,1185;0,0;0,0;0,0;-0,2437;0,68;1;0,0;0;1;1;0;0
7;HapticsFixedCC;4;64,3472;98,8893;10,7;1,2582;0,0;0,0;0,0;-0,2429;0,72;1;0,0;0;1;1;0;0
7;HapticsFixedCC;4;64,3611;98,8893;10,7;1,376;0,0;0,0;0,0;-0,242;0,75;1;0,0;0;1;1;0;0
7;HapticsFixedCC;4;64,375;98,6224;10,7;1,4793;0,0;0,0;0,0;-0,241;0,8;1;0,0;0;1;1;0;0
7;HapticsFixedCC;4;64,3889;98,5812;10,7;1,5528;0,0;0,0;0,0;-0,24;0,84;1;0,0;0;1;1;0;0
7;HapticsFixedCC;4;64,4028;98,5399;10,7;1,595;0,0;0,0;0,0;-0,2389;0,88;1;0,0;0;1;1;0;0
7;HapticsFixedCC;4;64,4167;98,4986;10,7;1,6335;0,0;0,0;0,0;-0,2378;0,93;1;0,0;0;1;1;0;0
7;HapticsFixedCC;4;64,4305;98,4574;10,7;1,6487;0,0;0,0;0,0;-0,2366;0,97;1;0,0;0;1;1;0;0
7;HapticsFixedCC;4;64,4444;98,4327;10,7;1,6545;0,0;0,0;0,0;-0,2354;1,02;1;0,0;0;1;1;0;0
7;HapticsFixedCC;4;64,4583;98,4327;10,7;1,6641;0,0;0,0;0,0;-0,2342;1,07;1;0,0;0;1;1;0;0
7;HapticsFixedCC;4;64,4722;98,4327;10,7;1,666;0,0;0,0;0,0;-0,233;1,11;1;0,0;0;1;1;0;0
7;HapticsFixedCC;4;64,4861;98,4327;10,7;1,6588;0,0;0,0;0,0;-0,2317;1,16;1;0,0;0;1;1;0;0
7;HapticsFixedCC;4;64,5;98,4327;10,7;1,6251;0,0;0,0;0,0;-0,2304;1,2;1;0,0;0;1;1;0;0
7;HapticsFixedCC;4;64,5139;98,4327;10,7;1,569;0,0;0,0;0,0;-0,229;1,25;1;0,0;0;1;1;0;0
7;HapticsFixedCC;4;64,5278;98,1685;10,7;1,526;0,0;0,0;0,0;-0,2277;1,29;1;0,0;0;1;1;0;0
7;HapticsFixedCC;4;64,5417;98,1273;10,7;1,4794;0,0;0,0;0,0;-0,2263;1,33;1;0,0;0;1;1;0;0
7;HapticsFixedCC;4;64,5555;98,086;10,7;1,442;0,0;0,0;0,0;-0,2249;1,37;1;0,0;0;1;1;0;0
7;HapticsFixedCC;4;64,5694;98,0448;10,7;1,4162;0,0;0,0;0,0;-0,2235;1,41;1;0,0;0;1;1;0;0
7;HapticsFixedCC;4;64,5833;98,0035;10,7;1,3929;0,0;0,0;0,0;-0,2221;1,45;1;0,0;0;1;1;0;0
7;HapticsFixedCC;4;64,5972;97,975;10,7;1,3617;0,0;0,0;0,0;-0,2207;1,49;1;0,0;0;1;1;0;0
7;HapticsFixedCC;4;64,6111;97,975;10,7;1,3367;0,0;0,0;0,0;-0,2192;1,52;1;0,0;0;1;1;0;0
7;HapticsFixedCC;4;64,625;97,975;10,7;1,3063;0,0;0,0;0,0;-0,2177;1,56;1;0,0;0;1;1;0;0
7;HapticsFixedCC;4;64,6389;97,975;10,7;1,283;0,0;0,0;0,0;-0,2162;1,6;1;0,0;0;1;1;0;0
7;HapticsFixedCC;4;64,6528;97,975;10,8;1,2551;0,0;0,0;0,0;-0,2147;1,63;1;0,0;0;1;1;0;0
7;HapticsFixedCC;4;64,6667;97,975;10,8;1,2333;0,0;0,0;0,0;-0,2131;1,67;1;0,0;0;1;1;0;0
7;HapticsFixedCC;4;64,6805;97,7139;10,8;1,2119;0,0;0,0;0,0;-0,2116;1,7;1;0,0;0;1;1;0;0
7;HapticsFixedCC;4;64,6944;97,6723;10,8;1,1874;0,0;0,0;0,0;-0,21;1,73;1;0,0;0;1;1;0;0
7;HapticsFixedCC;4;64,7083;97,6307;10,8;1,1463;0,0;0,0;0,0;-0,2084;1,77;1;0,0;0;1;1;0;0
7;HapticsFixedCC;4;64,7222;97,589;10,8;1,0948;0,0;0,0;0,0;-0,2067;1,8;1;0,0;0;1;1;0;0
7;HapticsFixedCC;4;64,7361;97,5474;10,8;1,0286;0,0;0,0;0,0;-0,2051;1,83;1;0,0;0;1;1;0;0
7;HapticsFixedCC;4;64,75;97,5158;10,8;0,9667;0,0;0,0;0,0;-0,2035;1,85;1;0,0;0;1;1;0;0
7;HapticsFixedCC;4;64,7639;97,5158;10,8;0,8867;0,0;0,0;0,0;-0,2019;1,88;1;0,0;0;1;1;0;0
7;HapticsFixedCC;4;64,7778;97,5158;10,8;0,7724;0,0;0,0;0,0;-0,2003;1,9;1;0,0;0;1;1;0;0
7;HapticsFixedCC;4;64,7917;97,5158;10,8;0,655;0,0;0,0;0,0;-0,1987;1,92;1;0,0;0;1;1;0;0
7;HapticsFixedCC;4;64,8055;97,5158;10,8;0,5395;0,0;0,0;0,0;-0,1971;1,94;1;0,0;0;1;1;0;0
7;HapticsFixedCC;4;64,8194;97,5158;10,8;0,4498;0,0;0,0;0,0;-0,1956;1,95;1;0,0;0;1;1;0;0
7;HapticsFixedCC;4;64,8333;97,2559;10,8;0,3065;0,0;0,0;0,0;-0,194;1,96;1;0,0;0;1;1;0;0
7;HapticsFixedCC;4;64,8472;97,2143;10,8;0,1762;0,0;0,0;0,0;-0,1925;1,96;1;0,0;0;1;1;0;0
7;HapticsFixedCC;4;64,8611;97,1727;10,8;0,0646;0,0;0,0;0,0;-0,1911;1,97;1;0,0;0;1;1;0;0
7;HapticsFixedCC;4;64,875;97,131;10,8;-0,0439;0,0;0,0;0,0;-0,1896;1,97;1;0,0;0;1;1;0;0
7;HapticsFixedCC;4;64,8889;97,0894;10,7;-0,1506;0,0;0,0;0,0;-0,1882;1,96;1;0,0;0;1;1;0;0
7;HapticsFixedCC;4;64,9028;97,0632;10,7;-0,2408;0,0;0,0;0,0;-0,1869;1,95;1;0,0;0;1;1;0;0
7;HapticsFixedCC;4;64,9167;97,0632;10,7;-0,3603;0,0;0,0;0,0;-0,1856;1,95;1;0,0;0;1;1;0;0
7;HapticsFixedCC;4;64,9305;97,0632;10,7;-0,516;0,0;0,0;0,0;-0,1843;1,93;1;0,0;0;1;1;0;0
7;HapticsFixedCC;4;64,9444;97,0632;10,7;-0,613;0,0;0,0;0,0;-0,183;1,92;1;0,0;0;1;1;0;0
7;HapticsFixedCC;4;64,9583;97,0632;10,7;-0,6967;0,0;0,0;0,0;-0,1819;1,9;1;0,0;0;1;1;0;0
7;HapticsFixedCC;4;64,9722;97,0632;10,7;-0,7718;0,0;0,0;0,0;-0,1807;1,88;1;0,0;0;1;1;0;0
7;HapticsFixedCC;4;64,9861;96,8005;10,7;-0,8464;0,0;0,0;0,0;-0,1796;1,85;1;0,0;0;1;1;0;0
7;HapticsFixedCC;4;65,0;96,7593;10,7;-0,8988;0,0;0,0;0,0;-0,1785;1,83;1;0,0;0;1;1;0;0
7;HapticsFixedCC;4;65,0139;96,718;10,7;-0,9465;0,0;0,0;0,0;-0,1774;1,8;1;0,0;0;1;1;0;0
7;HapticsFixedCC;4;65,0278;96,6767;10,7;-1,0097;0,0;0,0;0,0;-0,1764;1,78;1;0,0;0;1;1;0;0
7;HapticsFixedCC;4;65,0417;96,6355;10,7;-1,0841;0,0;0,0;0,0;-0,1754;1,75;1;0,0;0;1;1;0;0
7;HapticsFixedCC;4;65,0555;96,6077;10,7;-1,1556;0,0;0,0;0,0;-0,1744;1,71;1;0,0;0;1;1;0;0
7;HapticsFixedCC;4;65,0694;96,6077;10,7;-1,271;0,0;0,0;0,0;-0,1736;1,68;1;0,0;0;1;1;0;0
7;HapticsFixedCC;4;65,0833;96,6077;10,7;-1,3781;0,0;0,0;0,0;-0,1727;1,64;1;0,0;0;1;1;0;0
7;HapticsFixedCC;4;65,0972;96,6077;10,7;-1,4976;0,0;0,0;0,0;-0,1719;1,6;1;0,0;0;1;1;0;0
7;HapticsFixedCC;4;65,1111;96,6077;10,7;-1,6248;0,0;0,0;0,0;-0,1712;1,56;1;0,0;0;1;1;0;0
7;HapticsFixedCC;4;65,125;96,6077;10,7;-1,7466;0,0;0,0;0,0;-0,1706;1,51;1;0,0;0;1;1;0;0
7;HapticsFixedCC;4;65,1389;96,3465;10,7;-1,8578;0,0;0,0;0,0;-0,17;1,46;1;0,0;0;1;1;0;0
7;HapticsFixedCC;4;65,1528;96,3052;10,7;-1,9666;0,0;0,0;0,0;-0,1695;1,41;1;0,0;0;1;1;0;0
7;HapticsFixedCC;4;65,1667;96,264;10,7;-2,0858;0,0;0,0;0,0;-0,169;1,35;1;0,0;0;1;1;0;0
7;HapticsFixedCC;4;65,1805;96,2227;10,7;-2,1847;0,0;0,0;0,0;-0,1687;1,29;1;0,0;0;1;1;0;0
7;HapticsFixedCC;4;65,1944;96,1814;10,7;-2,2668;0,0;0,0;0,0;-0,1684;1,23;1;0,0;0;1;1;0;0
7;HapticsFixedCC;4;65,2083;96,1499;10,7;-2,3049;0,0;0,0;0,0;-0,1681;1,16;1;0,0;0;1;1;0;0
7;HapticsFixedCC;4;65,2222;96,1499;10,7;-2,3483;0,0;0,0;0,0;-0,1679;1,1;1;0,0;0;1;1;0;0
7;HapticsFixedCC;4;65,2361;96,1499;10,7;-2,3795;0,0;0,0;0,0;-0,1678;1,03;1;0,0;0;1;1;0;0
7;HapticsFixedCC;4;65,25;96,1499;10,7;-2,3999;0,0;0,0;0,0;-0,1677;0,97;1;0,0;0;1;1;0;0
7;HapticsFixedCC;4;65,2639;96,1499;10,7;-2,4121;0,0;0,0;0,0;-0,1677;0,9;1;0,0;0;1;1;0;0
7;HapticsFixedCC;4;65,2778;96,1499;10,7;-2,4141;0,0;0,0;0,0;-0,1677;0,84;1;0,0;0;1;1;0;0
7;HapticsFixedCC;4;65,2917;95,8924;10,7;-2,3988;0,0;0,0;0,0;-0,1677;0,77;1;0,0;0;1;3;0;0
7;HapticsFixedCC;4;65,3055;95,8511;10,7;-2,3279;0,0;0,0;0,0;-0,1678;0,71;1;0,0;0;1;3;0;0
7;HapticsFixedCC;4;65,3194;95,8098;10,7;-2,2339;0,0;0,0;0,0;-0,1679;0,65;1;0,0;0;1;3;0;0
7;HapticsFixedCC;4;65,3333;95,7685;10,7;-2,133;0,0;0,0;0,0;-0,168;0,59;1;0,0;0;1;3;0;0
7;HapticsFixedCC;4;65,3472;95,7273;10,7;-2,0099;0,0;0,0;0,0;-0,1682;0,53;1;0,0;0;1;3;0;0
7;HapticsFixedCC;4;65,3611;95,6946;10,7;-1,8459;0,0;0,0;0,0;-0,1683;0,48;1;0,0;0;1;3;0;0
7;HapticsFixedCC;4;65,375;95,6946;10,7;-1,6677;0,0;0,0;0,0;-0,1684;0,44;1;0,0;0;1;3;0;0
7;HapticsFixedCC;4;65,3889;95,6946;10,5;-1,4365;0,0;0,0;0,0;-0,1684;0,4;1;0,0;0;1;3;0;0
7;HapticsFixedCC;4;65,4028;95,6946;10,5;-1,2555;0,0;0,0;0,0;-0,1685;0,37;1;0,0;0;1;3;0;0
7;HapticsFixedCC;4;65,4167;95,6946;10,5;-1,1021;0,0;0,0;0,0;-0,1685;0,34;1;0,0;0;1;3;0;0
7;HapticsFixedCC;4;65,4305;95,6946;10,5;-1,0187;0,0;0,0;0,0;-0,1685;0,31;1;0,0;0;1;3;0;0
7;HapticsFixedCC;4;65,4444;95,4414;10,5;-0,8764;0,0;0,0;0,0;-0,1685;0,29;1;0,0;0;1;3;0;0
7;HapticsFixedCC;4;65,4583;95,4009;10,5;-0,7606;0,0;0,0;0,0;-0,1685;0,27;1;0,0;0;1;3;0;0
7;HapticsFixedCC;4;65,4722;95,3603;10,5;-0,6622;0,0;0,0;0,0;-0,1685;0,25;1;0,0;0;1;3;0;0
7;HapticsFixedCC;4;65,4861;95,3198;10,5;-0,6197;0,0;0,0;0,0;-0,1685;0,23;1;0,0;0;1;3;0;0
7;HapticsFixedCC;4;65,5;95,2793;10,5;-0,5931;0,0;0,0;0,0;-0,1685;0,22;1;0,0;0;1;3;0;0
7;HapticsFixedCC;4;65,5139;95,2391;10,5;-0,58;0,0;0,0;0,0;-0,1684;0,2;1;0,0;0;1;3;0;0
7;HapticsFixedCC;4;65,5278;95,2391;10,5;-0,5774;0,0;0,0;0,0;-0,1684;0,19;1;0,0;0;1;3;0;0
7;HapticsFixedCC;4;65,5417;95,2391;10,5;-0,5667;0,0;0,0;0,0;-0,1684;0,17;1;0,0;0;1;3;0;0
7;HapticsFixedCC;4;65,5555;95,2391;10,5;-0,5623;0,0;0,0;0,0;-0,1684;0,16;1;0,0;0;1;3;0;0
7;HapticsFixedCC;4;65,5694;95,2391;10,5;-0,5752;0,0;0,0;0,0;-0,1685;0,15;1;0,0;0;1;3;0;0
7;HapticsFixedCC;4;65,5833;95,2391;10,5;-0,6127;0,0;0,0;0,0;-0,1685;0,13;1;0,0;0;1;3;0;0
7;HapticsFixedCC;4;65,5972;94,9958;10,5;-0,6649;0,0;0,0;0,0;-0,1686;0,11;1;0,0;0;1;3;0;0
7;HapticsFixedCC;4;65,6111;94,9553;10,5;-0,72;0,0;0,0;0,0;-0,1687;0,09;1;0,0;0;1;3;0;0
7;HapticsFixedCC;4;65,625;94,9148;10,5;-0,7606;0,0;0,0;0,0;-0,1688;0,07;1;0,0;0;1;3;0;0
7;HapticsFixedCC;4;65,6389;94,8742;10,5;-0,7687;0,0;0,0;0,0;-0,169;0,05;1;0,0;0;1;3;0;0
7;HapticsFixedCC;4;65,6528;94,8337;10,5;-0,8361;0,0;0,0;0,0;-0,1691;0,03;1;0,0;0;1;3;0;0
7;HapticsFixedCC;4;65,6667;94,7932;10,5;-0,87;0,0;0,0;0,0;-0,1693;0,0;1;0,0;0;1;3;0;0
7;HapticsFixedCC;4;65,6805;94,7821;10,5;-0,9009;0,0;0,0;0,0;-0,1695;0,0;1;0,0;0;1;3;0;0
7;HapticsFixedCC;4;65,6944;94,7821;10,5;-0,908;0,0;0,0;0,0;-0,1698;-0,03;1;0,0;0;1;3;0;0
7;HapticsFixedCC;4;65,7083;94,7821;10,5;-0,9022;0,0;0,0;0,0;-0,17;-0,06;1;0,0;0;1;3;0;0
7;HapticsFixedCC;4;65,7222;94,7821;10,5;-0,8896;0,0;0,0;0,0;-0,1703;-0,09;1;0,0;0;1;3;0;0
7;HapticsFixedCC;4;65,7361;94,7821;10,5;-0,8733;0,0;0,0;0,0;-0,1706;-0,11;1;0,0;0;1;3;0;0
7;HapticsFixedCC;4;65,75;94,5502;10,5;-0,8505;0,0;0,0;0,0;-0,1709;-0,13;1;0,0;0;1;3;0;0
7;HapticsFixedCC;4;65,7639;94,5097;10,5;-0,8237;0,0;0,0;0,0;-0,1712;-0,15;1;0,0;0;1;3;0;0
7;HapticsFixedCC;4;65,7778;94,4691;10,5;-0,7869;0,0;0,0;0,0;-0,1715;-0,17;1;0,0;0;1;3;0;0
7;HapticsFixedCC;4;65,7917;94,4286;10,5;-0,7382;0,0;0,0;0,0;-0,1718;-0,19;1;0,0;0;1;3;0;0
7;HapticsFixedCC;4;65,8055;94,3881;10,5;-0,703;0,0;0,0;0,0;-0,1721;-0,21;1;0,0;0;1;3;0;0
7;HapticsFixedCC;4;65,8194;94,3476;10,5;-0,6695;0,0;0,0;0,0;-0,1725;-0,23;1;0,0;0;1;3;0;0
7;HapticsFixedCC;4;65,8333;94,3267;10,5;-0,6299;0,0;0,0;0,0;-0,1728;-0,25;1;0,0;0;1;3;0;0
7;HapticsFixedCC;4;65,8472;94,3267;10,5;-0,622;0,0;0,0;0,0;-0,1731;-0,26;1;0,0;0;1;3;0;0
7;HapticsFixedCC;4;65,8611;94,3267;10,5;-0,5498;0,0;0,0;0,0;-0,1734;-0,28;1;0,0;0;1;3;0;0
7;HapticsFixedCC;4;65,875;94,3267;10,5;-0,4959;0,0;0,0;0,0;-0,1737;-0,29;1;0,0;0;1;3;0;0
7;HapticsFixedCC;4;65,8889;94,3267;10,4;-0,4355;0,0;0,0;0,0;-0,1741;-0,3;1;0,0;0;1;3;0;0
7;HapticsFixedCC;4;65,9028;94,3267;10,4;-0,3935;0,0;0,0;0,0;-0,1744;-0,31;1;0,0;0;1;3;0;0
7;HapticsFixedCC;4;65,9167;94,0648;10,4;-0,3489;0,0;0,0;0,0;-0,1747;-0,32;1;0,0;0;1;3;0;0
7;HapticsFixedCC;4;65,9305;94,0247;10,4;-0,3027;0,0;0,0;0,0;-0,175;-0,33;1;0,0;0;1;3;0;0
7;HapticsFixedCC;4;65,9444;93,9846;10,4;-0,2586;0,0;0,0;0,0;-0,1753;-0,34;1;0,0;0;1;3;0;0
7;HapticsFixedCC;4;65,9583;93,9445;10,4;-0,2496;0,0;0,0;0,0;-0,1755;-0,34;1;0,0;0;1;3;0;0
7;HapticsFixedCC;4;65,9722;93,9043;10,4;-0,1892;0,0;0,0;0,0;-0,1758;-0,35;1;0,0;0;1;3;0;0
7;HapticsFixedCC;4;65,9861;93,8705;10,4;-0,1339;0,0;0,0;0,0;-0,1761;-0,35;1;0,0;0;1;3;0;0
7;HapticsFixedCC;4;66,0;93,8705;10,4;-0,07;0,0;0,0;0,0;-0,1763;-0,35;1;0,0;0;1;3;0;0
7;HapticsFixedCC;4;66,0139;93,8705;10,4;-0,0025;0,0;0,0;0,0;-0,1766;-0,35;1;0,0;0;1;3;0;0
7;HapticsFixedCC;4;66,0278;93,8705;10,4;0,0769;0,0;0,0;0,0;-0,1768;-0,35;1;0,0;0;1;3;0;0
7;HapticsFixedCC;4;66,0417;93,8705;10,4;0,1796;0,0;0,0;0,0;-0,1769;-0,34;1;0,0;0;1;3;0;0
7;HapticsFixedCC;4;66,0555;93,8705;10,4;0,2001;0,0;0,0;0,0;-0,1771;-0,34;1;0,0;0;1;3;0;0
7;HapticsFixedCC;4;66,0694;93,6235;10,4;0,3616;0,0;0,0;0,0;-0,1772;-0,33;1;0,0;0;1;3;0;0
7;HapticsFixedCC;4;66,0833;93,5834;10,4;0,4658;0,0;0,0;0,0;-0,1773;-0,31;1;0,0;0;1;3;0;0
7;HapticsFixedCC;4;66,0972;93,5432;10,4;0,5668;0,0;0,0;0,0;-0,1774;-0,3;1;0,0;0;1;3;0;0
7;HapticsFixedCC;4;66,1111;93,5031;10,4;0,6499;0,0;0,0;0,0;-0,1774;-0,28;1;0,0;0;1;3;0;0
7;HapticsFixedCC;4;66,125;93,463;10,4;0,7167;0,0;0,0;0,0;-0,1773;-0,26;1;0,0;0;1;3;0;0
7;HapticsFixedCC;4;66,1389;93,4229;10,4;0,7326;0,0;0,0;0,0;-0,1773;-0,24;1;0,0;0;1;3;0;0
7;HapticsFixedCC;4;66,1528;93,4147;10,4;0,7585;0,0;0,0;0,0;-0,1773;-0,22;1;0,0;0;1;3;0;0
7;HapticsFixedCC;4;66,1667;93,4147;11,0;0,7637;0,0;0,0;0,0;-0,1772;-0,2;1;0,0;0;1;3;0;0
7;HapticsFixedCC;4;66,1805;93,4147;11,0;0,7715;0,0;0,0;0,0;-0,1771;-0,18;1;0,0;0;1;3;0;0
7;HapticsFixedCC;4;66,1944;93,4147;11,0;0,7672;0,0;0,0;0,0;-0,177;-0,15;1;0,0;0;1;3;0;0
7;HapticsFixedCC;4;66,2083;93,4147;11,0;0,739;0,0;0,0;0,0;-0,1769;-0,13;1;0,0;0;1;3;0;0
7;HapticsFixedCC;4;66,2222;93,1729;11,0;0,7026;0,0;0,0;0,0;-0,1768;-0,11;1;0,0;0;1;3;0;0
7;HapticsFixedCC;4;66,2361;93,1304;11,0;0,6368;0,0;0,0;0,0;-0,1766;-0,09;1;0,0;0;1;3;0;0
7;HapticsFixedCC;4;66,25;93,088;11,0;0,5822;0,0;0,0;0,0;-0,1765;-0,08;1;0,0;0;1;3;0;0
7;HapticsFixedCC;4;66,2639;93,0455;11,0;0,5248;0,0;0,0;0,0;-0,1764;-0,06;1;0,0;0;1;3;0;0
7;HapticsFixedCC;4;66,2778;93,0031;11,0;0,5133;0,0;0,0;0,0;-0,1763;-0,04;1;0,0;0;1;3;0;0
7;HapticsFixedCC;4;66,2917;92,9607;11,0;0,3559;0,0;0,0;0,0;-0,1762;-0,03;1;0,0;0;1;3;0;0
7;HapticsFixedCC;4;66,3055;92,9584;11,0;0,2675;0,0;0,0;0,0;-0,1761;-0,03;1;0,0;0;1;8;0;0
7;HapticsFixedCC;4;66,3194;92,9584;11,0;0,182;0,0;0,0;0,0;-0,1761;-0,02;1;0,0;0;1;8;0;0
7;HapticsFixedCC;4;66,3333;92,9584;11,0;0,1129;0,0;0,0;0,0;-0,1761;-0,02;1;0,0;0;1;8;0;0
7;HapticsFixedCC;4;66,3472;92,9584;11,0;0,0469;0,0;0,0;0,0;-0,176;0,0;1;0,0;0;1;8;0;0
7;HapticsFixedCC;4;66,3611;92,9584;11,0;0,0338;0,0;0,0;0,0;-0,1761;0,0;1;0,0;0;1;8;0;0
7;HapticsFixedCC;4;66,375;92,706;11,0;-0,0642;0,0;0,0;0,0;-0,1761;-0,02;1;0,0;0;1;8;0;0
7;HapticsFixedCC;4;66,3889;92,6636;11,0;-0,0836;0,0;0,0;0,0;-0,1761;-0,02;1;0,0;0;1;8;0;0
7;HapticsFixedCC;4;66,4028;92,6212;11,0;-0,1528;0,0;0,0;0,0;-0,1762;-0,02;1;0,0;0;1;8;0;0
7;HapticsFixedCC;4;66,4167;92,5787;11,0;-0,1669;0,0;0,0;0,0;-0,1763;-0,03;1;0,0;0;1;8;0;0
7;HapticsFixedCC;4;66,4305;92,5363;11,0;-0,2564;0,0;0,0;0,0;-0,1764;-0,03;1;0,0;0;1;8;0;0
7;HapticsFixedCC;4;66,4444;92,5021;11,0;-0,3202;0,0;0,0;0,0;-0,1765;-0,04;1;0,0;0;1;8;0;0
7;HapticsFixedCC;4;66,4583;92,5021;11,0;-0,3826;0,0;0,0;0,0;-0,1766;-0,06;1;0,0;0;1;8;0;0
7;HapticsFixedCC;4;66,4722;92,5021;11,0;-0,4418;0,0;0,0;0,0;-0,1768;-0,07;1;0,0;0;1;8;0;0
7;HapticsFixedCC;4;66,4861;92,5021;11,0;-0,4535;0,0;0,0;0,0;-0,177;-0,08;1;0,0;0;1;8;0;0
7;HapticsFixedCC;4;66,5;92,5021;11,0;-0,543;0,0;0,0;0,0;-0,1772;-0,1;1;0,0;0;1;8;0;0
7;HapticsFixedCC;4;66,5139;92,5021;11,0;-0,5609;0,0;0,0;0,0;-0,1774;-0,12;1;0,0;0;1;8;0;0
7;HapticsFixedCC;4;66,5278;92,2392;11,0;-0,6345;0,0;0,0;0,0;-0,1777;-0,14;1;0,0;0;1;8;0;0
7;HapticsFixedCC;4;66,5417;92,1968;11,0;-0,6798;0,0;0,0;0,0;-0,178;-0,15;1;0,0;0;1;8;0;0
7;HapticsFixedCC;4;66,5555;92,1543;11,0;-0,7205;0,0;0,0;0,0;-0,1783;-0,18;1;0,0;0;1;8;0;0
7;HapticsFixedCC;4;66,5694;92,1119;11,0;-0,7567;0,0;0,0;0,0;-0,1786;-0,2;1;0,0;0;1;8;0;0
7;HapticsFixedCC;4;66,5833;92,0695;11,0;-0,794;0,0;0,0;0,0;-0,179;-0,22;1;0,0;0;1;8;0;0
7;HapticsFixedCC;4;66,5972;92,0478;11,0;-0,8015;0,0;0,0;0,0;-0,1794;-0,24;1;0,0;0;1;8;0;0
7;HapticsFixedCC;4;66,6111;92,0478;11,0;-0,841;0,0;0,0;0,0;-0,1798;-0,27;1;0,0;0;1;8;0;0
7;HapticsFixedCC;4;66,625;92,0478;11,0;-0,857;0,0;0,0;0,0;-0,1802;-0,29;1;0,0;0;1;8;0;0
7;HapticsFixedCC;4;66,6389;92,0478;11,0;-0,8654;0,0;0,0;0,0;-0,1807;-0,32;1;0,0;0;1;8;0;0
7;HapticsFixedCC;4;66,6528;92,0478;11,1;-0,8709;0,0;0,0;0,0;-0,1812;-0,34;1;0,0;0;1;8;0;0
7;HapticsFixedCC;4;66,6667;91,8145;11,1;-0,8725;0,0;0,0;0,0;-0,1817;-0,37;1;0,0;0;1;8;0;0
7;HapticsFixedCC;4;66,6805;91,7716;11,1;-0,8728;0,0;0,0;0,0;-0,1822;-0,4;1;0,0;0;1;8;0;0
7;HapticsFixedCC;4;66,6944;91,7288;11,1;-0,8679;0,0;0,0;0,0;-0,1827;-0,42;1;0,0;0;1;8;0;0
7;HapticsFixedCC;4;66,7083;91,686;11,1;-0,8313;0,0;0,0;0,0;-0,1833;-0,44;1;0,0;0;1;8;0;0
7;HapticsFixedCC;4;66,7222;91,6432;11,1;-0,8031;0,0;0,0;0,0;-0,1838;-0,47;1;0,0;0;1;8;0;0
7;HapticsFixedCC;4;66,7361;91,6004;11,1;-0,7693;0,0;0,0;0,0;-0,1844;-0,49;1;0,0;0;1;8;0;0
7;HapticsFixedCC;4;66,75;91,5899;11,1;-0,733;0,0;0,0;0,0;-0,1849;-0,51;1;0,0;0;1;8;0;0
7;HapticsFixedCC;4;66,7639;91,5899;11,1;-0,7074;0,0;0,0;0,0;-0,1855;-0,53;1;0,0;0;1;8;0;0
7;HapticsFixedCC;4;66,7778;91,5899;11,1;-0,6855;0,0;0,0;0,0;-0,1861;-0,55;1;0,0;0;1;8;0;0
7;HapticsFixedCC;4;66,7917;91,5899;11,1;-0,6653;0,0;0,0;0,0;-0,1867;-0,57;1;0,0;0;1;8;0;0
7;HapticsFixedCC;4;66,8055;91,5899;11,1;-0,6612;0,0;0,0;0,0;-0,1873;-0,58;1;0,0;0;1;8;0;0
7;HapticsFixedCC;4;66,8194;91,3434;11,1;-0,6445;0,0;0,0;0,0;-0,1879;-0,6;1;0,0;0;1;8;0;0
7;HapticsFixedCC;4;66,8333;91,3006;11,1;-0,631;0,0;0,0;0,0;-0,1885;-0,62;1;0,0;0;1;8;0;0
7;HapticsFixedCC;4;66,8472;91,2578;11,1;-0,6178;0,0;0,0;0,0;-0,1892;-0,64;1;0,0;0;1;8;0;0
7;HapticsFixedCC;4;66,8611;91,215;11,1;-0,6138;0,0;0,0;0,0;-0,1899;-0,65;1;0,0;0;1;8;0;0
7;HapticsFixedCC;4;66,875;91,1722;11,1;-0,6129;0,0;0,0;0,0;-0,1905;-0,67;1;0,0;0;1;8;0;0
7;HapticsFixedCC;4;66,8889;91,1336;11,1;-0,6168;0,0;0,0;0,0;-0,1912;-0,69;1;0,0;0;1;8;0;0
7;HapticsFixedCC;4;66,9028;91,1336;11,1;-0,6197;0,0;0,0;0,0;-0,192;-0,71;1;0,0;0;1;8;0;0
7;HapticsFixedCC;4;66,9167;91,1336;11,1;-0,6203;0,0;0,0;0,0;-0,1927;-0,72;1;0,0;0;1;8;0;0
7;HapticsFixedCC;4;66,9305;91,1336;11,1;-0,6224;0,0;0,0;0,0;-0,1934;-0,74;1;0,0;0;1;8;0;0
7;HapticsFixedCC;4;66,9444;91,1336;11,1;-0,6216;0,0;0,0;0,0;-0,1941;-0,76;1;0,0;0;1;8;0;0
7;HapticsFixedCC;4;66,9583;91,1336;11,1;-0,6193;0,0;0,0;0,0;-0,1949;-0,77;1;0,0;0;1;8;0;0
7;HapticsFixedCC;4;66,9722;90,8724;11,1;-0,6124;0,0;0,0;0,0;-0,1956;-0,79;1;0,0;0;1;8;0;0
7;HapticsFixedCC;4;66,9861;90,8296;11,1;-0,6033;0,0;0,0;0,0;-0,1963;-0,81;1;0,0;0;1;8;0;0
7;HapticsFixedCC;4;67,0;90,7868;11,1;-0,6014;0,0;0,0;0,0;-0,1971;-0,82;1;0,0;0;1;8;0;0
7;HapticsFixedCC;4;67,0139;90,744;11,1;-0,5888;0,0;0,0;0,0;-0,1979;-0,84;1;0,0;0;1;8;0;0
7;HapticsFixedCC;4;67,0278;90,7012;11,1;-0,5716;0,0;0,0;0,0;-0,1986;-0,86;1;0,0;0;1;8;0;0
7;HapticsFixedCC;4;67,0417;90,6804;11,1;-0,5221;0,0;0,0;0,0;-0,1994;-0,87;1;0,0;0;1;8;0;0
7;HapticsFixedCC;4;67,0555;90,6804;11,1;-0,4928;0,0;0,0;0,0;-0,2002;-0,88;1;0,0;0;1;8;0;0
7;HapticsFixedCC;4;67,0694;90,6804;11,1;-0,4698;0,0;0,0;0,0;-0,201;-0,9;1;0,0;0;1;8;0;0
7;HapticsFixedCC;4;67,0833;90,6804;11,1;-0,4324;0,0;0,0;0,0;-0,2018;-0,91;1;0,0;0;1;8;0;0
7;HapticsFixedCC;4;67,0972;90,6804;11,1;-0,3918;0,0;0,0;0,0;-0,2026;-0,92;1;0,0;0;1;8;0;0
7;HapticsFixedCC;4;67,1111;90,4443;11,1;-0,3481;0,0;0,0;0,0;-0,2034;-0,93;1;0,0;0;1;8;0;0
7;HapticsFixedCC;4;67,125;90,4014;11,1;-0,3394;0,0;0,0;0,0;-0,2042;-0,94;1;0,0;0;1;8;0;0
7;HapticsFixedCC;4;67,1389;90,3586;11,1;-0,2968;0,0;0,0;0,0;-0,2049;-0,95;1;0,0;0;1;8;0;0
7;HapticsFixedCC;4;67,1528;90,3158;11,4;-0,2393;0,0;0,0;0,0;-0,2057;-0,95;1;0,0;0;1;8;0;0
7;HapticsFixedCC;4;67,1667;90,2718;11,4;-0,1186;0,0;0,0;0,0;-0,2064;-0,96;1;0,0;0;1;8;0;0
7;HapticsFixedCC;4;67,1805;90,2279;11,4;-0,0375;0,0;0,0;0,0;-0,2072;-0,96;1;0,0;0;1;8;0;0
7;HapticsFixedCC;4;67,1944;90,2222;11,4;0,0313;0,0;0,0;0,0;-0,2079;-0,96;1;0,0;0;1;8;0;0
7;HapticsFixedCC;4;67,2083;90,2222;11,4;0,0811;0,0;0,0;0,0;-0,2086;-0,95;1;0,0;0;1;8;0;0
7;HapticsFixedCC;4;67,2222;90,2222;11,4;0,1265;0,0;0,0;0,0;-0,2092;-0,95;1;0,0;0;1;8;0;0
7;HapticsFixedCC;4;67,2361;90,2222;11,4;0,1353;0,0;0,0;0,0;-0,2099;-0,95;1;0,0;0;1;8;0;0
7;HapticsFixedCC;4;67,25;90,2222;11,4;0,1734;0,0;0,0;0,0;-0,2106;-0,94;1;0,0;0;1;8;0;0
7;HapticsFixedCC;4;67,2639;89,964;11,4;0,2923;0,0;0,0;0,0;-0,2112;-0,93;1;0,0;0;1;8;0;0
7;HapticsFixedCC;4;67,2778;89,92;11,4;0,3444;0,0;0,0;0,0;-0,2118;-0,92;1;0,0;0;1;8;0;0
7;HapticsFixedCC;4;67,2917;89,876;11,4;0,4052;0,0;0,0;0,0;-0,2124;-0,91;1;0,0;0;1;8;0;0
7;HapticsFixedCC;4;67,3055;89,8321;11,4;0,46;0,0;0,0;0,0;-0,2129;-0,9;1;0,0;0;1;8;0;0
7;HapticsFixedCC;4;67,3194;89,7881;11,4;0,4709;0,0;0,0;0,0;-0,2135;-0,88;1;0,0;0;1;2;0;0
7;HapticsFixedCC;4;67,3333;89,7646;11,4;0,5089;0,0;0,0;0,0;-0,214;-0,87;1;0,0;0;1;2;0;0
7;HapticsFixedCC;4;67,3472;89,7646;11,4;0,5514;0,0;0,0;0,0;-0,2145;-0,85;1;0,0;0;1;2;0;0
7;HapticsFixedCC;4;67,3611;89,7646;11,4;0,5838;0,0;0,0;0,0;-0,2149;-0,83;1;0,0;0;1;2;0;0
7;HapticsFixedCC;4;67,375;89,7646;11,4;0,5942;0,0;0,0;0,0;-0,2154;-0,81;1;0,0;0;1;2;0;0
7;HapticsFixedCC;4;67,3889;89,7646;11,5;0,5874;0,0;0,0;0,0;-0,2158;-0,8;1;0,0;0;1;2;0;0
7;HapticsFixedCC;4;67,4028;89,5238;11,5;0,57;0,0;0,0;0,0;-0,2162;-0,78;1;0,0;0;1;2;0;0
7;HapticsFixedCC;4;67,4167;89,4794;11,5;0,5333;0,0;0,0;0,0;-0,2167;-0,76;1;0,0;0;1;2;0;0
7;HapticsFixedCC;4;67,4305;89,4351;11,5;0,4619;0,0;0,0;0,0;-0,2171;-0,75;1;0,0;0;1;2;0;0
7;HapticsFixedCC;4;67,4444;89,3907;11,5;0,4474;0,0;0,0;0,0;-0,2175;-0,74;1;0,0;0;1;2;0;0
7;HapticsFixedCC;4;67,4583;89,3463;11,5;0,3681;0,0;0,0;0,0;-0,218;-0,72;1;0,0;0;1;2;0;0
7;HapticsFixedCC;4;67,4722;89,309;11,5;0,3525;0,0;0,0;0,0;-0,2184;-0,71;1;0,0;0;1;2;0;0
7;HapticsFixedCC;4;67,4861;89,309;11,5;0,2811;0,0;0,0;0,0;-0,2189;-0,7;1;0,0;0;1;2;0;0
7;HapticsFixedCC;4;67,5;89,309;11,5;0,2127;0,0;0,0;0,0;-0,2193;-0,7;1;0,0;0;1;2;0;0
7;HapticsFixedCC;4;67,5139;89,309;11,5;0,1545;0,0;0,0;0,0;-0,2198;-0,69;1;0,0;0;1;2;0;0
7;HapticsFixedCC;4;67,5278;89,309;11,5;0,1063;0,0;0,0;0,0;-0,2203;-0,69;1;0,0;0;1;2;0;0
7;HapticsFixedCC;4;67,5417;89,0802;11,5;0,0576;0,0;0,0;0,0;-0,2208;-0,69;1;0,0;0;1;2;0;0
7;HapticsFixedCC;4;67,5555;89,0358;11,5;0,0481;0,0;0,0;0,0;-0,2213;-0,69;1;0,0;0;1;2;0;0
7;HapticsFixedCC;4;67,5694;88,9914;11,5;0,0159;0,0;0,0;0,0;-0,2218;-0,69;1;0,0;0;1;2;0;0
7;HapticsFixedCC;4;67,5833;88,9471;11,5;-0,0681;0,0;0,0;0,0;-0,2224;-0,69;1;0,0;0;1;2;0;0
7;HapticsFixedCC;4;67,5972;88,9027;11,5;-0,1131;0,0;0,0;0,0;-0,2229;-0,69;1;0,0;0;1;2;0;0
7;HapticsFixedCC;4;67,6111;88,8583;11,5;-0,1415;0,0;0,0;0,0;-0,2235;-0,69;1;0,0;0;1;2;0;0
7;HapticsFixedCC;4;67,625;88,8547;11,5;-0,1474;0,0;0,0;0,0;-0,2241;-0,7;1;0,0;0;1;2;0;0
7;HapticsFixedCC;4;67,6389;88,8547;11,5;-0,1796;0,0;0,0;0,0;-0,2247;-0,7;1;0,0;0;1;2;0;0
7;HapticsFixedCC;4;67,6528;88,8547;11,5;-0,1915;0,0;0,0;0,0;-0,2253;-0,71;1;0,0;0;1;2;0;0
7;HapticsFixedCC;4;67,6667;88,8547;11,5;-0,1936;0,0;0,0;0,0;-0,2258;-0,71;1;0,0;0;1;2;0;0
7;HapticsFixedCC;4;67,6805;88,8547;11,5;-0,1943;0,0;0,0;0,0;-0,2264;-0,72;1;0,0;0;1;2;0;0
7;HapticsFixedCC;4;67,6944;88,5921;11,5;-0,1699;0,0;0,0;0,0;-0,227;-0,72;1;0,0;0;1;2;0;0
7;HapticsFixedCC;4;67,7083;88,5478;11,5;-0,1414;0,0;0,0;0,0;-0,2276;-0,73;1;0,0;0;1;2;0;0
7;HapticsFixedCC;4;67,7222;88,5034;11,5;-0,1118;0,0;0,0;0,0;-0,2282;-0,73;1;0,0;0;1;2;0;0
7;HapticsFixedCC;4;67,7361;88,4591;11,5;-0,0778;0,0;0,0;0,0;-0,2288;-0,73;1;0,0;0;1;2;0;0
7;HapticsFixedCC;4;67,75;88,4147;11,5;-0,0412;0,0;0,0;0,0;-0,2293;-0,73;1;0,0;0;1;2;0;0
7;HapticsFixedCC;4;67,7639;88,4;11,5;-0,0131;0,0;0,0;0,0;-0,2299;-0,73;1;0,0;0;1;2;0;0
7;HapticsFixedCC;4;67,7778;88,4;11,5;-0,0075;0,0;0,0;0,0;-0,2304;-0,73;1;0,0;0;1;2;0;0
7;HapticsFixedCC;4;67,7917;88,4;11,5;0,0116;0,0;0,0;0,0;-0,231;-0,73;1;0,0;0;1;2;0;0
7;HapticsFixedCC;4;67,8055;88,4;11,5;0,0496;0,0;0,0;0,0;-0,2315;-0,73;1;0,0;0;1;2;0;0
7;HapticsFixedCC;4;67,8194;88,4;11,5;0,0715;0,0;0,0;0,0;-0,2321;-0,73;1;0,0;0;1;2;0;0
7;HapticsFixedCC;4;67,8333;88,1485;11,5;0,0792;0,0;0,0;0,0;-0,2326;-0,72;1;0,0001;0;1;2;0;0
7;HapticsFixedCC;4;67,8472;88,1042;11,5;0,0782;0,0;0,0;0,0;-0,2331;-0,72;1;0,0001;0;1;2;0;0
7;HapticsFixedCC;4;67,8611;88,0598;11,5;0,0689;0,0;0,0;0,0;-0,2336;-0,72;1;0,0001;0;1;2;0;0
7;HapticsFixedCC;4;67,875;88,0154;11,5;0,057;0,0;0,0;0,0;-0,2341;-0,72;1;0,0001;0;1;2;0;0
7;HapticsFixedCC;4;67,8889;87,9711;11,6;0,0546;0,0;0,0;0,0;-0,2346;-0,71;1;0,0001;0;1;2;0;0
7;HapticsFixedCC;4;67,9028;87,9424;11,6;0,0443;0,0;0,0;0,0;-0,2352;-0,71;1;0,0001;0;1;2;0;0
7;HapticsFixedCC;4;67,9167;87,9424;11,6;0,0193;0,0;0,0;0,0;-0,2357;-0,71;1;0,0001;0;1;2;0;0
7;HapticsFixedCC;4;67,9305;87,9424;11,6;0,0143;0,0;0,0;0,0;-0,2362;-0,71;1;0,0001;0;1;2;0;0
7;HapticsFixedCC;4;67,9444;87,9424;11,6;-0,0386;0,0;0,0;0,0;-0,2368;-0,71;1;0,0001;0;1;2;0;0
7;HapticsFixedCC;4;67,9583;87,9424;11,6;-0,0854;0,0;0,0;0,0;-0,2373;-0,71;1;0,0001;0;1;2;0;0
7;HapticsFixedCC;4;67,9722;87,7026;11,6;-0,1105;0,0;0,0;0,0;-0,2379;-0,72;1;0,0001;0;1;2;0;0
7;HapticsFixedCC;4;67,9861;87,6578;11,6;-0,1256;0,0;0,0;0,0;-0,2385;-0,72;1;0,0001;0;1;2;0;0
7;HapticsFixedCC;4;68,0;87,6131;11,6;-0,1286;0,0;0,0;0,0;-0,239;-0,72;1;0,0;0;1;2;0;0
7;HapticsFixedCC;4;68,0139;87,5683;11,6;-0,1463;0,0;0,0;0,0;-0,2396;-0,73;1;0,0;0;1;2;0;0
7;HapticsFixedCC;4;68,0278;87,5236;11,6;-0,1651;0,0;0,0;0,0;-0,2402;-0,73;1;0,0;0;1;2;0;0
7;HapticsFixedCC;4;68,0417;87,4822;11,6;-0,174;0,0;0,0;0,0;-0,2408;-0,73;1;0,0;0;1;2;0;0
7;HapticsFixedCC;4;68,0555;87,4822;11,6;-0,1787;0,0;0,0;0,0;-0,2415;-0,74;1;0,0;0;1;2;0;0
7;HapticsFixedCC;4;68,0694;87,4822;11,6;-0,1801;0,0;0,0;0,0;-0,2421;-0,74;1;0,0;0;1;2;0;0
7;HapticsFixedCC;4;68,0833;87,4822;11,6;-0,1804;0,0;0,0;0,0;-0,2427;-0,75;1;0,0;0;1;2;0;0
7;HapticsFixedCC;4;68,0972;87,4822;11,6;-0,1756;0,0;0,0;0,0;-0,2433;-0,76;1;0,0;0;1;2;0;0
7;HapticsFixedCC;4;68,1111;87,4822;11,6;-0,1679;0,0;0,0;0,0;-0,244;-0,76;1;0,0;0;1;2;0;0
7;HapticsFixedCC;4;68,125;87,2103;11,6;-0,1465;0,0;0,0;0,0;-0,2446;-0,76;1;0,0;0;1;2;0;0
7;HapticsFixedCC;4;68,1389;87,1656;11,6;-0,1229;0,0;0,0;0,0;-0,2452;-0,77;1;0,0;0;1;2;0;0
7;HapticsFixedCC;4;68,1528;87,1208;11,6;-0,1062;0,0;0,0;0,0;-0,2458;-0,77;1;0,0;0;1;2;0;0
7;HapticsFixedCC;4;68,1667;87,0761;11,6;-0,0735;0,0;0,0;0,0;-0,2464;-0,77;1;0,0;0;1;2;0;0
7;HapticsFixedCC;4;68,1805;87,0313;11,6;-0,0427;0,0;0,0;0,0;-0,247;-0,77;1;0,0;0;1;2;0;0
7;HapticsFixedCC;4;68,1944;87,0249;11,6;-0,0367;0,0;0,0;0,0;-0,2477;-0,77;1;0,0;0;1;2;0;0
7;HapticsFixedCC;4;68,2083;87,0249;11,6;-0,0045;0,0;0,0;0,0;-0,2482;-0,77;1;0,0;0;1;2;0;0
7;HapticsFixedCC;4;68,2222;87,0249;11,6;0,0303;0,0;0,0;0,0;-0,2488;-0,77;1;0,0;0;1;2;0;0
7;HapticsFixedCC;4;68,2361;87,0249;11,6;0,0765;0,0;0,0;0,0;-0,2494;-0,77;1;0,0;0;1;2;0;0
7;HapticsFixedCC;4;68,25;87,0249;11,6;0,1384;0,0;0,0;0,0;-0,25;-0,77;1;0,0;0;1;2;0;0
7;HapticsFixedCC;4;68,2639;86,7628;11,6;0,181;0,0;0,0;0,0;-0,2505;-0,76;1;0,0001;0;1;2;0;0
7;HapticsFixedCC;4;68,2778;86,7181;11,6;0,2146;1,0;0,0;0,0;-0,251;-0,75;1;0,0002;0;1;2;0;0
7;HapticsFixedCC;4;68,2917;86,6733;11,6;0,2445;1,0;0,0;0,0;-0,2515;-0,74;1;0,0002;0;1;2;0;0
7;HapticsFixedCC;4;68,3055;86,6286;11,6;0,2505;1,0;0,0;0,0;-0,252;-0,74;1;0,0002;0;1;2;0;0
7;HapticsFixedCC;4;68,3194;86,5838;11,6;0,2855;1,0;0,0;0,0;-0,2524;-0,73;1;0,0002;0;1;9;0;0
7;HapticsFixedCC;4;68,3333;86,5815;11,6;0,3372;1,0;0,0;0,0;-0,2529;-0,72;1;0,0002;0;1;9;0;0
7;HapticsFixedCC;4;68,3472;86,5815;11,6;0,4501;1,0;0,0;0,0;-0,2533;-0,7;1;0,0002;0;1;9;0;0
7;HapticsFixedCC;4;68,3611;86,5815;11,6;0,5266;1,0;0,0;0,0;-0,2537;-0,69;1;0,0002;0;1;9;0;0
7;HapticsFixedCC;4;68,375;86,5815;11,6;0,5417;1,0;0,0;0,0;-0,254;-0,67;1;0,0002;0;1;9;0;0
7;HapticsFixedCC;4;68,3889;86,5815;11,6;0,597;1,0;0,0;0,0;-0,2543;-0,65;1;0,0002;0;1;9;0;0
7;HapticsFixedCC;4;68,4028;86,3153;11,6;0,6634;1,0;0,0;0,0;-0,2546;-0,63;1;0,0001;0;1;9;0;0
7;HapticsFixedCC;4;68,4167;86,2706;11,6;0,7387;1,0;0,0;0,0;-0,2549;-0,61;1;0,0001;0;1;9;0;0
7;HapticsFixedCC;4;68,4305;86,2258;11,6;0,8142;1,0;0,0;0,0;-0,2551;-0,58;1;0,0001;0;1;9;0;0
7;HapticsFixedCC;4;68,4444;86,1811;11,6;0,9225;1,0;0,0;0,0;-0,2553;-0,56;1;0,0;0;1;9;0;0
7;HapticsFixedCC;4;68,4583;86,1363;11,6;0,9441;1,0;0,0;0,0;-0,2554;-0,53;1;0,0;0;1;9;0;0
7;HapticsFixedCC;4;68,4722;86,1263;11,6;0,9878;1,0;0,0;0,0;-0,2555;-0,5;1;0,0;0;1;9;0;0
7;HapticsFixedCC;4;68,4861;86,1263;11,6;1,1207;1,0;0,0;0,0;-0,2555;-0,46;1;0,0;0;1;9;0;0
7;HapticsFixedCC;4;68,5;86,1263;11,6;1,1474;1,0;0,0;0,0;-0,2555;-0,43;1;0,0;0;1;9;0;0
7;HapticsFixedCC;4;68,5139;86,1263;11,6;1,1532;1,0;0,0;0,0;-0,2555;-0,4;1;0,0;0;1;9;0;0
7;HapticsFixedCC;4;68,5278;86,1263;11,6;1,1698;1,0;0,0;0,0;-0,2554;-0,36;1;0,0;0;1;9;0;0
7;HapticsFixedCC;4;68,5417;85,8678;11,6;1,1775;1,0;0,0;0,0;-0,2553;-0,32;1;0,0;0;1;9;0;0
7;HapticsFixedCC;4;68,5555;85,823;11,6;1,2466;1,0;0,0;0,0;-0,2552;-0,29;1;0,0;0;1;9;0;0
7;HapticsFixedCC;4;68,5694;85,7783;11,6;1,2822;1,0;0,0;0,0;-0,255;-0,25;1;0,0;0;1;9;0;0
7;HapticsFixedCC;4;68,5833;85,7335;11,6;1,2982;1,0;0,0;0,0;-0,2547;-0,21;1;0,0;0;1;9;0;0
7;HapticsFixedCC;4;68,5972;85,6888;11,6;1,3198;1,0;0,0;0,0;-0,2545;-0,17;1;0,0;0;1;9;0;0
7;HapticsFixedCC;4;68,6111;85,6699;11,6;1,3613;1,0;0,0;0,0;-0,2542;-0,13;1;0,0001;0;1;9;0;0
7;HapticsFixedCC;4;68,625;85,6699;11,6;1,3832;1,0;0,0;0,0;-0,2538;-0,08;1;0,0001;0;1;9;0;0
7;HapticsFixedCC;4;68,6389;85,6699;11,6;1,4132;1,0;0,0;0,0;-0,2534;-0,04;1;0,0001;0;1;9;0;0
7;HapticsFixedCC;4;68,6528;85,6699;11,4;1,4372;1,0;0,0;0,0;-0,253;0,0;1;0,0001;0;1;9;0;0
7;HapticsFixedCC;4;68,6667;85,6699;11,4;1,5328;1,0;0,0;0,0;-0,2526;0,04;1;0,0001;0;1;9;0;0
7;HapticsFixedCC;4;68,6805;85,4218;11,4;1,541;1,0;0,0;0,0;-0,252;0,09;1;0,0;0;1;9;0;0
7;HapticsFixedCC;4;68,6944;85,3778;11,4;1,5893;1,0;0,0;0,0;-0,2515;0,14;1;0,0;0;1;9;0;0
7;HapticsFixedCC;4;68,7083;85,3338;11,4;1,6432;1,0;0,0;0,0;-0,2509;0,19;1;0,0;0;1;9;0;0
7;HapticsFixedCC;4;68,7222;85,2898;11,4;1,6877;1,0;0,0;0,0;-0,2502;0,24;1;0,0;0;1;9;0;0
7;HapticsFixedCC;4;68,7361;85,2459;11,4;1,7107;1,0;0,0;0,0;-0,2495;0,29;1;0,0;0;1;9;0;0
7;HapticsFixedCC;4;68,75;85,2153;11,4;1,72;0,0;0,0;0,0;-0,2487;0,34;1;0,0;0;1;9;0;0
7;HapticsFixedCC;4;68,7639;85,2153;11,4;1,7455;0,0;0,0;0,0;-0,2479;0,39;1;0,0;0;1;9;0;0
7;HapticsFixedCC;4;68,7778;85,2153;11,4;1,746;0,0;0,0;0,0;-0,2471;0,44;1;0,0;0;1;9;0;0
7;HapticsFixedCC;4;68,7917;85,2153;11,4;1,7332;0,0;0,0;0,0;-0,2462;0,49;1;0,0;0;1;9;0;0
7;HapticsFixedCC;4;68,8055;85,2153;11,4;1,7331;0,0;0,0;0,0;-0,2453;0,54;1;0,0;0;1;9;0;0
7;HapticsFixedCC;4;68,8194;84,982;11,4;1,7157;0,0;0,0;0,0;-0,2443;0,6;1;0,0;0;1;9;0;0
7;HapticsFixedCC;4;68,8333;84,938;11,4;1,7081;0,0;0,0;0,0;-0,2433;0,65;1;0,0;0;1;9;0;0
7;HapticsFixedCC;4;68,8472;84,8941;11,4;1,6971;0,0;0,0;0,0;-0,2423;0,7;1;0,0;0;1;9;0;0
7;HapticsFixedCC;4;68,8611;84,8501;11,4;1,6792;0,0;0,0;0,0;-0,2413;0,75;1;0,0;0;1;9;0;0
7;HapticsFixedCC;4;68,875;84,8061;11,4;1,6629;0,0;0,0;0,0;-0,2402;0,79;1;0,0;0;1;9;0;0
7;HapticsFixedCC;4;68,8889;84,7622;11,4;1,6377;0,0;0,0;0,0;-0,2391;0,84;1;0,0;0;1;9;0;0
7;HapticsFixedCC;4;68,9028;84,7584;11,4;1,6108;0,0;0,0;0,0;-0,238;0,89;1;0,0;0;1;9;0;0
7;HapticsFixedCC;4;68,9167;84,7584;11,4;1,5715;0,0;0,0;0,0;-0,2369;0,93;1;0,0;0;1;9;0;0
7;HapticsFixedCC;4;68,9305;84,7584;11,4;1,5202;0,0;0,0;0,0;-0,2357;0,98;1;0,0;0;1;9;0;0
7;HapticsFixedCC;4;68,9444;84,7584;11,4;1,4889;0,0;0,0;0,0;-0,2345;1,02;1;0,0;0;1;9;0;0
7;HapticsFixedCC;4;68,9583;84,7584;11,4;1,4488;0,0;0,0;0,0;-0,2333;1,06;1;0,0;0;1;9;0;0
7;HapticsFixedCC;4;68,9722;84,4983;11,4;1,4074;0,0;0,0;0,0;-0,232;1,1;1;0,0;0;1;9;0;0
7;HapticsFixedCC;4;68,9861;84,4544;11,4;1,3594;0,0;0,0;0,0;-0,2308;1,14;1;0,0;0;1;9;0;0
7;HapticsFixedCC;4;69,0;84,4104;11,4;1,3028;0,0;0,0;0,0;-0,2295;1,18;1;0,0;0;1;9;0;0
7;HapticsFixedCC;4;69,0139;84,3665;11,4;1,2611;0,0;0,0;0,0;-0,2282;1,22;1;0,0;0;1;9;0;0
7;HapticsFixedCC;4;69,0278;84,3225;11,4;1,2028;0,0;0,0;0,0;-0,2269;1,25;1;0,0;0;1;9;0;0
7;HapticsFixedCC;4;69,0417;84,3025;11,4;1,1503;0,0;0,0;0,0;-0,2256;1,29;1;0,0;0;1;9;0;0
7;HapticsFixedCC;4;69,0555;84,3025;11,4;1,1125;0,0;0,0;0,0;-0,2243;1,32;1;0,0;0;1;9;0;0
7;HapticsFixedCC;4;69,0694;84,3025;11,4;1,0808;0,0;0,0;0,0;-0,2229;1,35;1;0,0;0;1;9;0;0
7;HapticsFixedCC;4;69,0833;84,3025;11,4;1,0522;0,0;0,0;0,0;-0,2216;1,38;1;0,0;0;1;9;0;0
7;HapticsFixedCC;4;69,0972;84,3025;11,4;1,016;0,0;0,0;0,0;-0,2202;1,41;1;0,0;0;1;9;0;0
7;HapticsFixedCC;4;69,1111;84,0587;11,4;0,9713;0,0;0,0;0,0;-0,2188;1,44;1;0,0;0;1;9;0;0
7;HapticsFixedCC;4;69,125;84,0148;11,4;0,9255;0,0;0,0;0,0;-0,2174;1,46;1;0,0;0;1;9;0;0
7;HapticsFixedCC;4;69,1389;83,9708;11,4;0,88;0,0;0,0;0,0;-0,216;1,49;1;0,0;0;1;9;0;0
7;HapticsFixedCC;4;69,1528;83,9268;11,6;0,8268;0,0;0,0;0,0;-0,2146;1,52;1;0,0;0;1;9;0;0
7;HapticsFixedCC;4;69,1667;83,8821;11,6;0,7474;0,0;0,0;0,0;-0,2132;1,54;1;0,0;0;1;9;0;0
7;HapticsFixedCC;4;69,1805;83,8467;11,6;0,6636;0,0;0,0;0,0;-0,2117;1,56;1;0,0;0;1;9;0;0
7;HapticsFixedCC;4;69,1944;83,8467;11,6;0,5493;0,0;0,0;0,0;-0,2103;1,58;1;0,0;0;1;9;0;0
7;HapticsFixedCC;4;69,2083;83,8467;11,6;0,4235;0,0;0,0;0,0;-0,209;1,59;1;0,0;0;1;9;0;0
7;HapticsFixedCC;4;69,2222;83,8467;11,6;0,2976;0,0;0,0;0,0;-0,2076;1,6;1;0,0;0;1;9;0;0
7;HapticsFixedCC;4;69,2361;83,8467;11,6;0,1023;0,0;0,0;0,0;-0,2063;1,6;1;0,0;0;1;9;0;0
7;HapticsFixedCC;4;69,25;83,6137;11,6;-0,0779;0,0;0,0;0,0;-0,2051;1,6;1;0,0;0;1;9;0;0
7;HapticsFixedCC;4;69,2639;83,569;11,6;-0,241;0,0;0,0;0,0;-0,2039;1,59;1;0,0;0;1;9;0;0
7;HapticsFixedCC;4;69,2778;83,5242;11,6;-0,384;0,0;0,0;0,0;-0,2028;1,58;1;0,0;0;1;9;0;0
7;HapticsFixedCC;4;69,2917;83,4795;11,6;-0,5241;0,0;0,0;0,0;-0,2017;1,56;1;0,0;0;1;9;0;0
7;HapticsFixedCC;4;69,3055;83,4348;11,6;-0,6343;0,0;0,0;0,0;-0,2007;1,55;1;0,0;0;1;9;0;0
7;HapticsFixedCC;4;69,3194;83,3906;11,6;-0,7187;0,0;0,0;0,0;-0,1997;1,52;1;0,0;0;1;9;0;0
7;HapticsFixedCC;4;69,3333;83,3906;11,6;-0,778;0,0;0,0;0,0;-0,1988;1,5;1;0,0;0;1;3;0;0
7;HapticsFixedCC;4;69,3472;83,3906;11,6;-0,8132;0,0;0,0;0,0;-0,1979;1,48;1;0,0;0;1;3;0;0
7;HapticsFixedCC;4;69,3611;83,3906;11,6;-0,831;0,0;0,0;0,0;-0,197;1,45;1;0,0;0;1;3;0;0
7;HapticsFixedCC;4;69,375;83,3906;11,6;-0,8421;0,0;0,0;0,0;-0,1961;1,43;1;0,0;0;1;3;0;0
7;HapticsFixedCC;4;69,3889;83,3906;11,6;-0,848;0,0;0,0;0,0;-0,1953;1,4;1;0,0;0;1;3;0;0
7;HapticsFixedCC;4;69,4028;83,1215;11,6;-0,8618;0,0;0,0;0,0;-0,1944;1,38;1;0,0;0;1;3;0;0
7;HapticsFixedCC;4;69,4167;83,0768;11,6;-0,8662;0,0;0,0;0,0;-0,1936;1,35;1;0,0;0;1;3;0;0
7;HapticsFixedCC;4;69,4305;83,032;11,6;-0,8596;0,0;0,0;0,0;-0,1928;1,33;1;0,0;0;1;3;0;0
7;HapticsFixedCC;4;69,4444;82,9873;11,6;-0,8403;0,0;0,0;0,0;-0,192;1,3;1;0,0;0;1;3;0;0
7;HapticsFixedCC;4;69,4583;82,9426;11,6;-0,8134;0,0;0,0;0,0;-0,1912;1,28;1;0,0;0;1;3;0;0
7;HapticsFixedCC;4;69,4722;82,9348;11,6;-0,7842;0,0;0,0;0,0;-0,1905;1,26;1;0,0;0;1;3;0;0
7;HapticsFixedCC;4;69,4861;82,9348;11,6;-0,7523;0,0;0,0;0,0;-0,1897;1,23;1;0,0;0;1;3;0;0
7;HapticsFixedCC;4;69,5;82,9348;11,6;-0,7281;0,0;0,0;0,0;-0,1889;1,21;1;0,0;0;1;3;0;0
7;HapticsFixedCC;4;69,5139;82,9348;11,6;-0,7045;0,0;0,0;0,0;-0,1882;1,19;1;0,0;0;1;3;0;0
7;HapticsFixedCC;4;69,5278;82,9348;11,6;-0,6818;0,0;0,0;0,0;-0,1874;1,17;1;0,0;0;1;3;0;0
7;HapticsFixedCC;4;69,5417;82,6741;11,6;-0,6506;0,0;0,0;0,0;-0,1867;1,15;1;0,0;0;1;3;0;0
7;HapticsFixedCC;4;69,5555;82,6293;11,6;-0,6182;0,0;0,0;0,0;-0,186;1,14;1;0,0;0;1;3;0;0
7;HapticsFixedCC;4;69,5694;82,5846;11,6;-0,5679;0,0;0,0;0,0;-0,1852;1,12;1;0,0;0;1;3;0;0
7;HapticsFixedCC;4;69,5833;82,5398;11,6;-0,5069;0,0;0,0;0,0;-0,1845;1,11;1;0,0;0;1;3;0;0
7;HapticsFixedCC;4;69,5972;82,4951;11,6;-0,4576;0,0;0,0;0,0;-0,1838;1,09;1;0,0;0;1;3;0;0
7;HapticsFixedCC;4;69,6111;82,4782;11,6;-0,4062;0,0;0,0;0,0;-0,183;1,08;1;0,0;0;1;3;0;0
7;HapticsFixedCC;4;69,625;82,4782;11,6;-0,336;0,0;0,0;0,0;-0,1823;1,07;1;0,0;0;1;3;0;0
7;HapticsFixedCC;4;69,6389;82,4782;11,6;-0,261;0,0;0,0;0,0;-0,1815;1,06;1;0,0;0;1;3;0;0
7;HapticsFixedCC;4;69,6528;82,4782;11,6;-0,1789;0,0;0,0;0,0;-0,1807;1,06;1;0,0;0;1;3;0;0
7;HapticsFixedCC;4;69,6667;82,4782;11,6;-0,0825;0,0;0,0;0,0;-0,1799;1,06;1;0,0;0;1;3;0;0
7;HapticsFixedCC;4;69,6805;82,2266;11,6;0,024;0,0;0,0;0,0;-0,179;1,06;1;0,0;0;1;3;0;0
7;HapticsFixedCC;4;69,6944;82,1819;11,2;0,1254;0,0;0,0;0,0;-0,1782;1,06;1;0,0;0;1;3;0;0
7;HapticsFixedCC;4;69,7083;82,1387;11,2;0,2395;0,0;0,0;0,0;-0,1773;1,07;1;0,0;0;1;3;0;0
7;HapticsFixedCC;4;69,7222;82,0955;11,2;0,5034;0,0;0,0;0,0;-0,1763;1,08;1;0,0;0;1;3;0;0
7;HapticsFixedCC;4;69,7361;82,0523;11,2;0,5562;0,0;0,0;0,0;-0,1753;1,1;1;0,0;0;1;3;0;0
7;HapticsFixedCC;4;69,75;82,0224;11,2;0,6561;0,0;0,0;0,0;-0,1742;1,12;1;0,0;0;1;3;0;0
7;HapticsFixedCC;4;69,7639;82,0224;11,2;0,7571;0,0;0,0;0,0;-0,1732;1,14;1;0,0;0;1;3;0;0
7;HapticsFixedCC;4;69,7778;82,0224;11,2;0,8512;0,0;0,0;0,0;-0,1721;1,17;1;0,0;0;1;3;0;0
7;HapticsFixedCC;4;69,7917;82,0224;11,2;0,9262;0,0;0,0;0,0;-0,1709;1,19;1;0,0;0;1;3;0;0
7;HapticsFixedCC;4;69,8055;82,0224;11,2;1,0004;0,0;0,0;0,0;-0,1697;1,22;1;0,0;0;1;3;0;0
7;HapticsFixedCC;4;69,8194;81,7931;11,2;1,0617;0,0;0,0;0,0;-0,1684;1,25;1;0,0;0;1;3;0;0
7;HapticsFixedCC;4;69,8333;81,7499;11,2;1,1215;0,0;0,0;0,0;-0,1671;1,29;1;0,0;0;1;3;0;0
7;HapticsFixedCC;4;69,8472;81,7067;11,2;1,1577;0,0;0,0;0,0;-0,1658;1,32;1;0,0;0;1;3;0;0
7;HapticsFixedCC;4;69,8611;81,6635;11,2;1,1904;0,0;0,0;0,0;-0,1644;1,36;1;0,0;0;1;3;0;0
7;HapticsFixedCC;4;69,875;81,6203;11,2;1,2376;0,0;0,0;0,0;-0,163;1,39;1;0,0;0;1;3;0;0
7;HapticsFixedCC;4;69,8889;81,5771;11,2;1,2671;0,0;0,0;0,0;-0,1616;1,43;1;0,0;0;1;3;0;0
7;HapticsFixedCC;4;69,9028;81,5665;11,2;1,2869;0,0;0,0;0,0;-0,1601;1,47;1;0,0;0;1;3;0;0
7;HapticsFixedCC;4;69,9167;81,5665;11,2;1,3074;0,0;0,0;0,0;-0,1586;1,51;1;0,0;0;1;3;0;0
7;HapticsFixedCC;4;69,9305;81,5665;11,2;1,3256;0,0;0,0;0,0;-0,157;1,54;1;0,0;0;1;3;0;0
7;HapticsFixedCC;4;69,9444;81,5665;11,2;1,3368;0,0;0,0;0,0;-0,1554;1,58;1;0,0;0;1;3;0;0
7;HapticsFixedCC;4;69,9583;81,5665;11,2;1,3444;0,0;0,0;0,0;-0,1538;1,62;1;0,0;0;1;3;0;0
7;HapticsFixedCC;4;69,9722;81,318;11,2;1,3508;0,0;0,0;0,0;-0,1522;1,66;1;0,0;0;1;3;0;0
7;HapticsFixedCC;4;69,9861;81,2749;11,0;1,3589;0,0;0,0;0,0;-0,1505;1,7;1;0,0;0;1;3;0;0
7;HapticsFixedCC;4;70,0;81,2325;11,0;1,3676;0,0;0,0;0,0;-0,1488;1,74;1;0,0;0;1;3;0;0
7;HapticsFixedCC;4;70,0139;81,1901;11,0;1,3735;0,0;0,0;0,0;-0,1471;1,78;1;0,0;0;1;3;0;0
7;HapticsFixedCC;4;70,0278;81,1477;11,0;1,3792;0,0;0,0;0,0;-0,1454;1,82;1;0,0;0;1;3;0;0
7;HapticsFixedCC;4;70,0417;81,1105;11,0;1,3877;0,0;0,0;0,0;-0,1436;1,86;1;0,0;0;1;3;0;0
7;HapticsFixedCC;4;70,0555;81,1105;11,0;1,3962;0,0;0,0;0,0;-0,1418;1,9;1;0,0;0;1;3;0;0
7;HapticsFixedCC;4;70,0694;81,1105;11,0;1,417;0,0;0,0;0,0;-0,14;1,94;1;0,0;0;1;3;0;0
7;HapticsFixedCC;4;70,0833;81,1105;11,0;1,4431;0,0;0,0;0,0;-0,1381;1,98;1;0,0;0;1;3;0;0
7;HapticsFixedCC;4;70,0972;81,1105;11,0;1,4802;0,0;0,0;0,0;-0,1362;2,02;1;0,0;0;1;3;0;0
7;HapticsFixedCC;4;70,1111;81,1105;11,0;1,5276;0,0;0,0;0,0;-0,1343;2,07;1;0,0;0;1;3;0;0
7;HapticsFixedCC;4;70,125;80,8509;11,0;1,5758;0,0;0,0;0,0;-0,1322;2,11;1;0,0001;0;1;3;0;0
7;HapticsFixedCC;4;70,1389;80,8085;11,0;1,623;0,0;0,0;0,0;-0,1302;2,16;1;0,0001;0;1;3;0;0
7;HapticsFixedCC;4;70,1528;80,7661;11,0;1,682;0,0;0,0;0,0;-0,1281;2,21;1;0,0001;0;1;3;0;0
7;HapticsFixedCC;4;70,1667;80,7237;11,0;1,7464;0,0;0,0;0,0;-0,1259;2,26;1;0,0002;0;1;3;0;0
7;HapticsFixedCC;4;70,1805;80,6813;11,0;1,8061;0,0;0,0;0,0;-0,1237;2,31;1;0,0002;0;1;3;0;0
7;HapticsFixedCC;4;70,1944;80,6536;11,0;1,8846;0,0;0,0;0,0;-0,1214;2,36;1;0,0002;0;1;3;0;0
7;HapticsFixedCC;4;70,2083;80,6536;11,0;1,9586;0,0;0,0;0,0;-0,1191;2,42;1;0,0002;0;1;3;0;0
7;HapticsFixedCC;4;70,2222;80,6536;11,0;2,0303;0,0;0,0;0,0;-0,1167;2,47;1;0,0002;0;1;3;0;0
7;HapticsFixedCC;4;70,2361;80,6536;11,0;2,1041;0,0;0,0;0,0;-0,1143;2,53;1;0,0002;0;1;3;0;0
7;HapticsFixedCC;4;70,25;80,6536;11,0;2,1703;0,0;0,0;0,0;-0,1118;2,59;1;0,0002;0;1;3;0;0
7;HapticsFixedCC;4;70,2639;80,6536;11,0;2,2223;0,0;0,0;0,0;-0,1092;2,66;1;0,0002;0;1;3;0;0
7;HapticsFixedCC;4;70,2778;80,3847;11,0;2,2885;0,0;0,0;0,0;-0,1066;2,72;1;0,0006;0;1;3;0;0
7;HapticsFixedCC;4;70,2917;80,3424;11,0;2,3558;0,0;0,0;0,0;-0,1039;2,79;1;0,0007;0;1;3;0;0
7;HapticsFixedCC;4;70,3055;80,3;11,0;2,4099;0,0;0,0;0,0;-0,1011;2,86;1;0,0007;0;1;3;0;0
7;HapticsFixedCC;4;70,3194;80,2577;11,0;2,4621;0,0;0,0;0,0;-0,0982;2,93;1;0,0008;0;1;3;0;0
7;HapticsFixedCC;4;70,3333;80,2153;11,0;2,5155;0,0;0,0;0,0;-0,0953;3,0;1;0,0009;0;1;3;0;0
7;HapticsFixedCC;4;70,3472;80,1961;11,0;2,5544;0,0;0,0;0,0;-0,0923;3,07;1;0,0009;0;1;1;0;0
7;HapticsFixedCC;4;70,3611;80,1961;11,0;2,5992;0,0;0,0;0,0;-0,0893;3,15;1;0,0009;0;1;1;0;0
7;HapticsFixedCC;4;70,375;80,1961;11,0;2,6314;0,0;0,0;0,0;-0,0861;3,22;1;0,0009;0;1;1;0;0
7;HapticsFixedCC;4;70,3889;80,1961;10,9;2,6477;0,0;0,0;0,0;-0,083;3,3;1;0,0009;0;1;1;0;0
7;HapticsFixedCC;4;70,4028;80,1961;10,9;2,6579;0,0;0,0;0,0;-0,0798;3,37;1;0,0009;0;1;1;0;0
7;HapticsFixedCC;4;70,4167;79,9623;10,9;2,6603;0,0;0,0;0,0;-0,0772;3,21;1;0,0145;0;1;1;0;0
7;HapticsFixedCC;4;70,4305;79,9204;10,9;2,656;0,0;0,0;0,0;-0,074;3,24;1;0,0169;0;1;1;0;0
7;HapticsFixedCC;4;70,4444;79,8784;10,9;2,6502;0,0;0,0;0,0;-0,0707;3,27;1;0,0194;0;1;1;0;0
7;HapticsFixedCC;4;70,4583;79,8365;10,9;2,6433;0,0;0,0;0,0;-0,0674;3,3;1;0,0218;0;1;1;0;0
7;HapticsFixedCC;4;70,4722;79,7946;10,9;2,6393;0,0;0,0;0,0;-0,0641;3,33;1;0,0243;0;1;1;0;0
7;HapticsFixedCC;4;70,4861;79,7527;10,9;2,6419;0,0;0,0;0,0;-0,0606;3,36;1;0,0267;0;1;1;0;0
7;HapticsFixedCC;4;70,5;79,741;10,9;2,6501;0,0;0,0;0,0;-0,0573;3,42;1;0,0274;0;1;1;0;0
7;HapticsFixedCC;4;70,5139;79,741;10,9;2,6601;0,0;0,0;0,0;-0,0541;3,5;1;0,0274;0;1;1;0;0
7;HapticsFixedCC;4;70,5278;79,741;10,9;2,6684;0,0;0,0;0,0;-0,0507;3,58;1;0,0274;0;1;1;0;0
7;HapticsFixedCC;4;70,5417;79,741;10,9;2,6701;0,0;0,0;0,0;-0,0473;3,65;1;0,0274;0;1;1;0;0
7;HapticsFixedCC;4;70,5555;79,741;10,9;2,6705;0,0;0,0;0,0;-0,0438;3,73;1;0,0274;0;1;1;0;0
7;HapticsFixedCC;4;70,5694;79,5017;10,9;2,6705;0,0;0,0;0,0;-0,0418;3,41;0;0,0284;0;1;1;0;0
7;HapticsFixedCC;4;70,5833;79,4598;10,9;2,6705;0,0;0,0;0,0;-0,0385;3,42;0;0,0285;0;1;1;0;0
7;HapticsFixedCC;4;70,5972;79,4179;10,9;2,6705;0,0;0,0;0,0;-0,0352;3,43;0;0,0287;0;1;1;0;0
7;HapticsFixedCC;4;70,6111;79,3759;10,9;2,6897;0,0;0,0;0,0;-0,0317;3,44;0;0,0289;0;1;1;0;0
7;HapticsFixedCC;4;70,625;79,334;10,9;2,6935;0,0;0,0;0,0;-0,0283;3,45;0;0,0291;0;1;1;0;0
7;HapticsFixedCC;4;70,6389;79,2921;10,9;2,6942;0,0;0,0;0,0;-0,0247;3,45;0;0,0292;0;1;1;0;0
7;HapticsFixedCC;4;70,6528;79,286;10,9;2,6539;0,0;0,0;0,0;-0,0214;3,52;0;0,0293;0;1;1;0;0
7;HapticsFixedCC;4;70,6667;79,286;10,9;2,6459;0,0;0,0;0,0;-0,018;3,59;0;0,0293;0;1;1;0;0
7;HapticsFixedCC;4;70,6805;79,286;10,9;2,5878;0,0;0,0;0,0;-0,0146;3,67;0;0,0293;0;1;1;0;0
7;HapticsFixedCC;4;70,6944;79,286;10,9;2,5762;0,0;0,0;0,0;-0,0112;3,74;0;0,0293;0;1;1;0;0
7;HapticsFixedCC;4;70,7083;79,286;10,9;2,5129;0,0;0,0;0,0;-0,0077;3,81;0;0,0293;0;1;1;0;0
7;HapticsFixedCC;4;70,7222;79,0408;10,9;2,5003;0,0;0,0;0,0;-0,0058;3,46;0;0,0304;0;1;1;0;0
7;HapticsFixedCC;4;70,7361;78,9989;10,9;2,4451;0,0;0,0;0,0;-0,0025;3,45;0;0,0305;0;1;1;0;0
7;HapticsFixedCC;4;70,75;78,9569;10,9;2,4044;0,0;0,0;0,0;0,0008;3,45;0;0,0307;0;1;1;0;0
7;HapticsFixedCC;4;70,7639;78,915;10,9;2,3729;0,0;0,0;0,0;0,0041;3,44;0;0,0309;0;1;1;0;0
7;HapticsFixedCC;4;70,7778;78,8731;10,9;2,35;0,0;0,0;0,0;0,0075;3,44;0;0,0311;0;1;1;0;0
7;HapticsFixedCC;4;70,7917;78,8312;10,9;2,3324;0,0;0,0;0,0;0,011;3,43;0;0,0313;0;1;1;0;0
7;HapticsFixedCC;4;70,8055;78,8306;10,9;2,3183;0,0;0,0;0,0;0,0142;3,49;0;0,0313;0;1;1;0;0
7;HapticsFixedCC;4;70,8194;78,8306;10,9;2,3155;0,0;0,0;0,0;0,0174;3,56;0;0,0313;0;1;1;0;0
7;HapticsFixedCC;4;70,8333;78,8306;10,9;2,3086;0,0;0,0;0,0;0,0207;3,63;0;0,0313;0;1;1;0;0
7;HapticsFixedCC;4;70,8472;78,8306;10,9;2,3063;0,0;0,0;0,0;0,0241;3,69;0;0,0313;0;1;1;0;0
7;HapticsFixedCC;4;70,8611;78,8306;10,9;2,3085;0,0;0,0;0,0;0,0275;3,76;0;0,0313;0;1;1;0;0
7;HapticsFixedCC;4;70,875;78,5793;10,9;2,3147;0,0;0,0;0,0;0,029;3,35;0;0,0325;0;1;1;0;0
7;HapticsFixedCC;4;70,8889;78,5374;10,5;2,3245;0,0;0,0;0,0;0,0322;3,34;0;0,0327;0;1;1;0;0
7;HapticsFixedCC;4;70,9028;78,497;10,5;2,3353;0,0;0,0;0,0;0,0353;3,33;0;0,0329;0;1;1;0;0
7;HapticsFixedCC;4;70,9167;78,4566;10,5;2,3435;0,0;0,0;0,0;0,0385;3,32;0;0,0331;0;1;1;0;0
7;HapticsFixedCC;4;70,9305;78,4162;10,5;2,3451;0,0;0,0;0,0;0,0417;3,31;0;0,0333;0;1;1;0;0
7;HapticsFixedCC;4;70,9444;78,3758;10,5;2,3586;0,0;0,0;0,0;0,045;3,3;0;0,0335;0;1;1;0;0
7;HapticsFixedCC;4;70,9583;78,3742;10,5;2,3645;0,0;0,0;0,0;0,0479;3,36;0;0,0335;0;1;1;0;0
7;HapticsFixedCC;4;70,9722;78,3742;10,5;2,3671;0,0;0,0;0,0;0,051;3,42;0;0,0335;0;1;1;0;0
7;HapticsFixedCC;4;70,9861;78,3742;10,5;2,3688;0,0;0,0;0,0;0,0541;3,49;0;0,0335;0;1;1;0;0
7;HapticsFixedCC;4;71,0;78,3742;10,5;2,3677;0,0;0,0;0,0;0,0572;3,55;0;0,0335;0;1;1;0;0
7;HapticsFixedCC;4;71,0139;78,3742;10,5;2,367;0,0;0,0;0,0;0,0604;3,61;0;0,0335;0;1;1;0;0
7;HapticsFixedCC;4;71,0278;78,1326;10,5;2,3659;0,0;0,0;0,0;0,0617;3,2;0;0,0348;0;1;1;0;0
7;HapticsFixedCC;4;71,0417;78,0922;10,5;2,3655;0,0;0,0;0,0;0,0647;3,18;0;0,035;0;1;1;0;0
7;HapticsFixedCC;4;71,0555;78,0518;10,5;2,3631;0,0;0,0;0,0;0,0677;3,17;0;0,0353;0;1;1;0;0
7;HapticsFixedCC;4;71,0694;78,0114;10,5;2,3593;0,0;0,0;0,0;0,0707;3,15;0;0,0355;0;1;1;0;0
7;HapticsFixedCC;4;71,0833;77,971;10,5;2,3532;0,0;0,0;0,0;0,0738;3,13;0;0,0357;0;1;1;0;0
7;HapticsFixedCC;4;71,0972;77,9306;10,5;2,3434;0,0;0,0;0,0;0,077;3,12;0;0,0359;0;1;1;0;0
7;HapticsFixedCC;4;71,1111;77,92;10,5;2,3336;0,0;0,0;0,0;0,0799;3,16;0;0,036;0;1;1;0;0
7;HapticsFixedCC;4;71,125;77,92;10,5;2,3316;0,0;0,0;0,0;0,0828;3,22;0;0,036;0;1;1;0;0
7;HapticsFixedCC;4;71,1389;77,92;10,5;2,3249;0,0;0,0;0,0;0,0857;3,29;0;0,036;0;1;1;0;0
7;HapticsFixedCC;4;71,1528;77,92;10,4;2,3241;0,0;0,0;0,0;0,0887;3,35;0;0,036;0;1;1;0;0
7;HapticsFixedCC;4;71,1667;77,92;10,4;2,3289;0,0;0,0;0,0;0,0917;3,41;0;0,036;0;1;1;0;0
7;HapticsFixedCC;4;71,1805;77,6876;10,4;2,3372;0,0;0,0;0,0;0,0928;2,98;0;0,0373;0;1;1;0;0
7;HapticsFixedCC;4;71,1944;77,6475;10,4;2,3432;0,0;0,0;0,0;0,0955;2,96;0;0,0375;0;1;1;0;0
7;HapticsFixedCC;4;71,2083;77,6075;10,4;2,3506;0,0;0,0;0,0;0,0983;2,93;0;0,0378;0;1;1;0;0
7;HapticsFixedCC;4;71,2222;77,5674;10,4;2,358;0,0;0,0;0,0;0,1012;2,91;0;0,038;0;1;1;0;0
7;HapticsFixedCC;4;71,2361;77,5274;10,4;2,3633;0,0;0,0;0,0;0,1041;2,89;0;0,0382;0;1;1;0;0
7;HapticsFixedCC;4;71,25;77,4874;10,4;2,3644;0,0;0,0;0,0;0,107;2,87;0;0,0385;0;1;1;0;0
7;HapticsFixedCC;4;71,2639;77,4629;10,4;2,3684;0,0;0,0;0,0;0,1098;2,88;0;0,0386;0;1;1;0;0
7;HapticsFixedCC;4;71,2778;77,4629;10,4;2,3611;0,0;0,0;0,0;0,1124;2,94;0;0,0386;0;1;1;0;0
7;HapticsFixedCC;4;71,2917;77,4629;10,4;2,3596;0,0;0,0;0,0;0,1151;3,0;0;0,0386;0;1;1;0;0
7;HapticsFixedCC;4;71,3055;77,4629;10,4;2,3276;0,0;0,0;0,0;0,1179;3,07;0;0,0386;0;1;1;0;0
7;HapticsFixedCC;4;71,3194;77,4629;10,4;2,3089;0,0;0,0;0,0;0,1206;3,13;0;0,0386;0;1;1;0;0
7;HapticsFixedCC;4;71,3333;77,4629;10,4;2,2882;0,0;0,0;0,0;0,1234;3,19;0;0,0386;0;1;1;0;0
7;HapticsFixedCC;4;71,3472;77,2051;10,4;2,2666;0,0;0,0;0,0;0,1239;2,66;0;0,0403;0;1;1;0;0
7;HapticsFixedCC;4;71,3611;77,1651;10,4;2,2622;0,0;0,0;0,0;0,1265;2,62;0;0,0405;0;1;6;0;0
7;HapticsFixedCC;4;71,375;77,125;10,4;2,2198;0,0;0,0;0,0;0,1291;2,59;0;0,0408;0;1;6;0;0
7;HapticsFixedCC;4;71,3889;77,085;10,4;2,1949;0,0;0,0;0,0;0,1317;2,56;0;0,041;0;1;6;0;0
7;HapticsFixedCC;4;71,4028;77,0449;10,4;2,1736;0,0;0,0;0,0;0,1343;2,52;0;0,0413;0;1;6;0;0
7;HapticsFixedCC;4;71,4167;77,0088;10,4;2,1538;0,0;0,0;0,0;0,1369;2,5;0;0,0415;0;1;6;0;0
7;HapticsFixedCC;4;71,4305;77,0088;10,4;2,1367;0,0;0,0;0,0;0,1393;2,55;0;0,0415;0;1;6;0;0
7;HapticsFixedCC;4;71,4444;77,0088;10,4;2,1334;0,0;0,0;0,0;0,1417;2,61;0;0,0415;0;1;6;0;0
7;HapticsFixedCC;4;71,4583;77,0088;10,4;2,1272;0,0;0,0;0,0;0,1441;2,67;0;0,0415;0;1;6;0;0
7;HapticsFixedCC;4;71,4722;77,0088;10,4;2,108;0,0;0,0;0,0;0,1465;2,72;0;0,0415;0;1;6;0;0
7;HapticsFixedCC;4;71,4861;77,0088;10,4;2,097;0,0;0,0;0,0;0,149;2,78;0;0,0415;0;1;6;0;0
7;HapticsFixedCC;4;71,5;76,7619;10,4;2,0825;0,0;0,0;0,0;0,1492;2,22;0;0,0432;0;1;6;0;0
7;HapticsFixedCC;4;71,5139;76,7218;10,4;2,0665;0,0;0,0;0,0;0,1513;2,18;0;0,0435;0;1;6;0;0
7;HapticsFixedCC;4;71,5278;76,6817;10,4;2,0525;0,0;0,0;0,0;0,1536;2,14;0;0,0438;0;1;6;0;0
7;HapticsFixedCC;4;71,5417;76,6417;10,4;2,0436;0,0;0,0;0,0;0,1558;2,09;0;0,0441;0;1;6;0;0
7;HapticsFixedCC;4;71,5555;76,6016;10,4;2,0366;0,0;0,0;0,0;0,1581;2,05;0;0,0443;0;1;6;0;0
7;HapticsFixedCC;4;71,5694;76,5616;10,4;2,0353;0,0;0,0;0,0;0,1604;2,01;0;0,0446;0;1;6;0;0
7;HapticsFixedCC;4;71,5833;76,5519;10,4;2,024;0,0;0,0;0,0;0,1625;2,04;0;0,0447;0;1;6;0;0
7;HapticsFixedCC;4;71,5972;76,5519;10,4;2,0143;0,0;0,0;0,0;0,1645;2,09;0;0,0447;0;1;6;0;0
7;HapticsFixedCC;4;71,6111;76,5519;10,4;2,0123;0,0;0,0;0,0;0,1665;2,15;0;0,0447;0;1;6;0;0
7;HapticsFixedCC;4;71,625;76,5519;10,4;2,0028;0,0;0,0;0,0;0,1686;2,2;0;0,0447;0;1;6;0;0
7;HapticsFixedCC;4;71,6389;76,5519;10,4;1,9985;0,0;0,0;0,0;0,1707;2,25;0;0,0447;0;1;6;0;0
7;HapticsFixedCC;4;71,6528;76,3177;9,9;1,9992;0,0;0,0;0,0;0,1703;1,68;0;0,0464;0;1;6;0;0
7;HapticsFixedCC;4;71,6667;76,2796;9,9;2,0043;0,0;0,0;0,0;0,172;1,63;0;0,0467;0;1;6;0;0
7;HapticsFixedCC;4;71,6805;76,2414;9,9;2,0053;0,0;0,0;0,0;0,1737;1,58;0;0,047;0;1;6;0;0
7;HapticsFixedCC;4;71,6944;76,2032;9,9;2,0213;0,0;0,0;0,0;0,1754;1,53;0;0,0473;0;1;6;0;0
7;HapticsFixedCC;4;71,7083;76,1651;9,9;2,0333;0,0;0,0;0,0;0,1772;1,48;0;0,0476;0;1;6;0;0
7;HapticsFixedCC;4;71,7222;76,1269;9,9;2,0423;0,0;0,0;0,0;0,179;1,44;0;0,0479;0;1;6;0;0
7;HapticsFixedCC;4;71,7361;76,0972;9,9;2,0549;0,0;0,0;0,0;0,1807;1,41;0;0,0481;0;1;6;0;0
7;HapticsFixedCC;4;71,75;76,0972;9,9;2,0707;0,0;0,0;0,0;0,1822;1,46;0;0,0481;0;1;6;0;0
7;HapticsFixedCC;4;71,7639;76,0972;9,9;2,0739;0,0;0,0;0,0;0,1837;1,51;0;0,0481;0;1;6;0;0
7;HapticsFixedCC;4;71,7778;76,0972;9,9;2,0886;0,0;0,0;0,0;0,1853;1,57;0;0,0481;0;1;6;0;0
7;HapticsFixedCC;4;71,7917;76,0972;9,9;2,1312;0,0;0,0;0,0;0,1869;1,62;0;0,0481;0;1;6;0;0
7;HapticsFixedCC;4;71,8055;76,0972;9,9;2,1584;0,0;0,0;0,0;0,1885;1,68;0;0,0481;0;1;6;0;0
7;HapticsFixedCC;4;71,8194;75,8557;9,9;2,189;0,0;0,0;0,0;0,1875;1,04;0;0,0501;0;1;6;0;0
7;HapticsFixedCC;4;71,8333;75,8175;9,9;2,2172;0,0;0,0;0,0;0,1888;0,99;0;0,0504;0;1;6;0;0
7;HapticsFixedCC;4;71,8472;75,7794;9,9;2,2419;0,0;0,0;0,0;0,1901;0,94;0;0,0507;0;1;6;0;0
7;HapticsFixedCC;4;71,8611;75,7412;9,9;2,2646;0,0;0,0;0,0;0,1915;0,89;0;0,051;0;1;6;0;0
7;HapticsFixedCC;4;71,875;75,703;9,9;2,2808;0,0;0,0;0,0;0,1929;0,84;0;0,0514;0;1;6;0;0
7;HapticsFixedCC;4;71,8889;75,6648;9,9;2,2838;0,0;0,0;0,0;0,1944;0,79;0;0,0517;0;1;6;0;0
7;HapticsFixedCC;4;71,9028;75,6413;9,9;2,3047;0,0;0,0;0,0;0,1957;0,78;0;0,0519;0;1;6;0;0
7;HapticsFixedCC;4;71,9167;75,6413;9,9;2,3091;0,0;0,0;0,0;0,1969;0,84;0;0,0519;0;1;6;0;0
7;HapticsFixedCC;4;71,9305;75,6413;9,9;2,3243;0,0;0,0;0,0;0,198;0,9;0;0,0519;0;1;6;0;0
7;HapticsFixedCC;4;71,9444;75,6413;9,9;2,3334;0,0;0,0;0,0;0,1993;0,96;0;0,0519;0;1;6;0;0
7;HapticsFixedCC;4;71,9583;75,6413;9,9;2,3349;0,0;0,0;0,0;0,2005;1,02;0;0,0519;0;1;6;0;0
7;HapticsFixedCC;4;71,9722;75,6413;9,9;2,33;0,0;0,0;0,0;0,2019;1,08;0;0,0519;0;1;6;0;0
7;HapticsFixedCC;4;71,9861;75,3929;9,9;2,3217;0,0;0,0;0,0;0,2002;0,37;0;0,0541;0;1;6;0;0
7;HapticsFixedCC;4;72,0;75,3547;9,9;2,3199;0,0;0,0;0,0;0,2011;0,31;0;0,0544;0;1;6;0;0
7;HapticsFixedCC;4;72,0139;75,3165;9,9;2,3092;0,0;0,0;0,0;0,202;0,25;0;0,0548;0;1;6;0;0
7;HapticsFixedCC;4;72,0278;75,2783;9,9;2,3013;0,0;0,0;0,0;0,203;0,19;0;0,0551;0;1;6;0;0
7;HapticsFixedCC;4;72,0417;75,2401;9,9;2,2926;0,0;0,0;0,0;0,204;0,13;0;0,0555;0;1;6;0;0
7;HapticsFixedCC;4;72,0555;75,202;9,9;2,2813;0,0;0,0;0,0;0,2051;0,07;0;0,0558;0;1;6;0;0
7;HapticsFixedCC;4;72,0694;75,1853;9,9;2,2792;0,0;0,0;0,0;0,2059;0,08;0;0,0559;0;1;6;0;0
7;HapticsFixedCC;4;72,0833;75,1853;9,9;2,2703;0,0;0,0;0,0;0,2066;0,14;0;0,0559;0;1;6;0;0
7;HapticsFixedCC;4;72,0972;75,1853;9,9;2,2818;0,0;0,0;0,0;0,2073;0,2;0;0,0559;0;1;6;0;0
7;HapticsFixedCC;4;72,1111;75,1853;9,9;2,2839;0,0;0,0;0,0;0,208;0,26;0;0,0559;0;1;6;0;0
7;HapticsFixedCC;4;72,125;75,1853;9,9;2,3829;0,0;0,0;0,0;0,2088;0,32;0;0,0559;0;1;6;0;0
7;HapticsFixedCC;4;72,1389;75,1853;9,9;2,5252;0,0;0,0;0,0;0,2097;0,38;0;0,0559;0;1;6;0;0
7;HapticsFixedCC;4;72,1528;74,9293;9,9;2,6809;0,0;0,0;0,0;0,2074;-0,4;0;0,0584;0;1;6;0;0
7;HapticsFixedCC;4;72,1667;74,8911;9,9;2,9463;0,0;0,0;0,0;0,208;-0,45;0;0,0588;0;1;6;0;0
7;HapticsFixedCC;4;72,1805;74,8529;9,9;3,1963;0,0;0,0;0,0;0,2087;-0,5;0;0,0592;0;1;6;0;0
7;HapticsFixedCC;4;72,1944;74,8147;9,9;3,4696;0,0;0,0;0,0;0,2095;-0,54;0;0,0595;0;1;6;0;0
7;HapticsFixedCC;4;72,2083;74,7766;9,9;3,7072;0,0;0,0;0,0;0,2104;-0,57;0;0,0599;0;1;6;0;0
7;HapticsFixedCC;4;72,2222;74,7384;9,9;3,7543;0,0;0,0;0,0;0,2114;-0,6;0;0,0603;0;1;6;0;0
7;HapticsFixedCC;4;72,2361;74,7313;9,9;4,0799;0,0;0,0;0,0;0,2122;-0,52;0;0,0603;0;1;6;0;0
7;HapticsFixedCC;4;72,25;74,7313;9,9;4,3131;0,0;0,0;0,0;0,2129;-0,41;0;0,0603;0;1;6;0;0
7;HapticsFixedCC;4;72,2639;74,7313;9,9;4,5102;0,0;0,0;0,0;0,2138;-0,29;0;0,0603;0;1;6;0;0
7;HapticsFixedCC;4;72,2778;74,7313;9,9;4,6703;0,0;0,0;0,0;0,2149;-0,17;0;0,0603;0;1;6;0;0
7;HapticsFixedCC;4;72,2917;74,7313;9,9;4,8021;0,0;0,0;0,0;0,216;-0,05;0;0,0603;0;1;6;0;0
7;HapticsFixedCC;4;72,3055;74,7313;9,9;4,8789;0,0;0,0;0,0;0,2173;0,08;0;0,0603;0;1;6;0;0
7;HapticsFixedCC;4;72,3194;74,4651;9,9;4,9291;0,0;0,0;0,0;0,2149;-0,75;0;0,0631;0;1;6;0;0
7;HapticsFixedCC;4;72,3333;74,4269;9,9;4,9392;0,0;0,0;0,0;0,2158;-0,76;0;0,0635;0;1;6;0;0
7;HapticsFixedCC;4;72,3472;74,3887;9,9;5,0377;0,0;0,0;0,0;0,2168;-0,77;0;0,0639;0;1;6;0;0
7;HapticsFixedCC;4;72,3611;74,3505;9,9;5,1116;0,0;0,0;0,0;0,218;-0,78;0;0,0643;0;1;5;0;0
7;HapticsFixedCC;4;72,375;74,3123;9,9;5,1263;0,0;0,0;0,0;0,2192;-0,78;0;0,0647;0;1;5;0;0
7;HapticsFixedCC;4;72,3889;74,2741;9,4;5,2255;0,0;0,0;0,0;0,2204;-0,79;0;0,0651;0;1;5;0;0
7;HapticsFixedCC;4;72,4028;74,2737;9,4;5,302;0,0;0,0;0,0;0,2213;-0,67;0;0,0651;0;1;5;0;0
7;HapticsFixedCC;4;72,4167;74,2737;9,4;5,3694;0,0;0,0;0,0;0,2222;-0,54;0;0,0651;0;1;5;0;0
7;HapticsFixedCC;4;72,4305;74,2737;9,4;5,4273;0,0;0,0;0,0;0,2232;-0,4;0;0,0651;0;1;5;0;0
7;HapticsFixedCC;4;72,4444;74,2737;9,4;5,4388;0,0;0,0;0,0;0,2243;-0,27;0;0,0651;0;1;5;0;0
7;HapticsFixedCC;4;72,4583;74,2737;9,4;5,5429;0,0;0,0;0,0;0,2256;-0,14;0;0,0651;0;1;5;0;0
7;HapticsFixedCC;4;72,4722;74,2737;9,4;5,6153;0,0;0,0;0,0;0,2269;0,0;0;0,0651;0;1;5;0;0
7;HapticsFixedCC;4;72,4861;74,0136;9,4;5,686;0,0;0,0;0,0;0,2244;-0,87;0;0,068;0;1;5;0;0
7;HapticsFixedCC;4;72,5;73,9773;9,4;5,7421;0,0;0,0;0,0;0,2254;-0,87;0;0,0684;0;1;5;0;0
7;HapticsFixedCC;4;72,5139;73,941;9,4;5,7868;0,0;0,0;0,0;0,2265;-0,87;0;0,0688;0;1;5;0;0
7;HapticsFixedCC;4;72,5278;73,9047;9,4;5,7957;0,0;0,0;0,0;0,2277;-0,87;0;0,0692;0;1;5;0;0
7;HapticsFixedCC;4;72,5417;73,8685;9,4;5,8353;0,0;0,0;0,0;0,229;-0,87;0;0,0696;0;1;5;0;0
7;HapticsFixedCC;4;72,5555;73,8322;9,4;5,8859;0,0;0,0;0,0;0,2304;-0,86;0;0,07;0;1;5;0;0
7;HapticsFixedCC;4;72,5694;73,8214;9,4;5,92;0,0;0,0;0,0;0,2314;-0,76;0;0,0701;0;1;5;0;0
7;HapticsFixedCC;4;72,5833;73,8214;9,4;5,9268;0,0;0,0;0,0;0,2325;-0,62;0;0,0701;0;1;5;0;0
7;HapticsFixedCC;4;72,5972;73,8214;9,4;5,9282;0,0;0,0;0,0;0,2336;-0,47;0;0,0701;0;1;5;0;0
7;HapticsFixedCC;4;72,6111;73,8214;9,4;5,9285;0,0;0,0;0,0;0,2348;-0,33;0;0,0701;0;1;5;0;0
7;HapticsFixedCC;4;72,625;73,8214;9,4;5,9285;0,0;0,0;0,0;0,2361;-0,18;0;0,0701;0;1;5;0;0
7;HapticsFixedCC;4;72,6389;73,8214;9,4;5,9607;0,0;0,0;0,0;0,2374;-0,04;0;0,0701;0;1;5;0;0
7;HapticsFixedCC;4;72,6528;73,5708;9,4;5,9671;0,0;0,0;0,0;0,2348;-0,94;0;0,0731;0;1;5;0;0
7;HapticsFixedCC;4;72,6667;73,5345;9,4;5,9684;0,0;0,0;0,0;0,2358;-0,94;0;0,0735;0;1;5;0;0
7;HapticsFixedCC;4;72,6805;73,4982;9,4;5,9204;0,0;0,0;0,0;0,2368;-0,95;0;0,074;0;1;5;0;0
7;HapticsFixedCC;4;72,6944;73,462;9,4;5,9106;0,0;0,0;0,0;0,238;-0,96;0;0,0744;0;1;5;0;0
7;HapticsFixedCC;4;72,7083;73,4257;9,4;5,8559;0,0;0,0;0,0;0,2392;-0,97;0;0,0748;0;1;5;0;0
7;HapticsFixedCC;4;72,7222;73,3894;9,4;5,8333;0,0;0,0;0,0;0,2405;-0,98;0;0,0752;0;1;5;0;0
7;HapticsFixedCC;4;72,7361;73,363;9,4;5,8239;0,0;0,0;0,0;0,2417;-0,95;0;0,0756;0;1;5;0;0
7;HapticsFixedCC;4;72,75;73,363;9,4;5,8204;0,0;0,0;0,0;0,2426;-0,8;0;0,0756;0;1;5;0;0
7;HapticsFixedCC;4;72,7639;73,363;9,4;5,8318;0,0;0,0;0,0;0,2435;-0,66;0;0,0756;0;1;5;0;0
7;HapticsFixedCC;4;72,7778;73,363;9,4;5,8649;0,0;0,0;0,0;0,2446;-0,52;0;0,0756;0;1;5;0;0
7;HapticsFixedCC;4;72,7917;73,363;9,4;5,8716;0,0;0,0;0,0;0,2457;-0,38;0;0,0756;0;1;5;0;0
7;HapticsFixedCC;4;72,8055;73,363;9,4;5,9109;0,0;0,0;0,0;0,2469;-0,23;0;0,0756;0;1;5;0;0
7;HapticsFixedCC;4;72,8194;73,127;9,4;6,0413;0,0;0,0;0,0;0,2442;-1,15;0;0,0785;0;1;5;0;0
7;HapticsFixedCC;4;72,8333;73,0908;9,4;6,1379;0,0;0,0;0,0;0,245;-1,16;0;0,0789;0;1;5;0;0
7;HapticsFixedCC;4;72,8472;73,0545;9,4;6,1568;0,0;0,0;0,0;0,2459;-1,17;0;0,0794;0;1;5;0;0
7;HapticsFixedCC;4;72,8611;73,0182;9,4;6,408;0,0;0,0;0,0;0,247;-1,18;0;0,0798;0;1;5;0;0
7;HapticsFixedCC;4;72,875;72,9819;9,4;6,5686;0,0;0,0;0,0;0,2482;-1,18;0;0,0803;0;1;5;0;0
7;HapticsFixedCC;4;72,8889;72,9456;9,4;6,7346;0,0;0,0;0,0;0,2496;-1,18;0;0,0807;0;1;5;0;0
7;HapticsFixedCC;4;72,9028;72,9094;9,3;6,7678;0,0;0,0;0,0;0,251;-1,18;0;0,0812;0;1;5;0;0
7;HapticsFixedCC;4;72,9167;72,9081;9,3;6,9208;0,0;1,0;0,0;0,252;-1,02;0;0,0812;0;1;5;0;0
7;HapticsFixedCC;4;72,9305;72,9081;9,3;7,2897;0,0;1,0;0,0;0,2532;-0,85;0;0,0812;0;1;5;0;0
7;HapticsFixedCC;4;72,9444;72,9081;9,3;7,5177;0,0;1,0;0,0;0,2545;-0,67;0;0,0812;0;1;5;0;0
7;HapticsFixedCC;4;72,9583;72,9081;9,3;7,7053;0,0;1,0;0,0;0,256;-0,48;0;0,0812;0;1;5;0;0
7;HapticsFixedCC;4;72,9722;72,9081;9,3;7,8989;0,0;1,0;0,0;0,2577;-0,29;0;0,0812;0;1;5;0;0
7;HapticsFixedCC;4;72,9861;72,9081;9,3;8,0895;0,0;1,0;0,0;0,2595;-0,1;0;0,0812;0;1;5;0;0
7;HapticsFixedCC;4;73,0;72,6487;9,3;8,1275;0,0;1,0;0,0;0,2566;-1,15;0;0,0845;0;1;5;0;0
7;HapticsFixedCC;4;73,0139;72,6128;9,3;8,2495;0,0;1,0;0,0;0,2581;-1,12;0;0,085;0;1;5;0;0
7;HapticsFixedCC;4;73,0278;72,5769;9,3;8,3867;0,0;1,0;0,0;0,2597;-1,09;0;0,0854;0;1;5;0;0
7;HapticsFixedCC;4;73,0417;72,541;9,3;8,557;0,0;1,0;0,0;0,2614;-1,06;0;0,0859;0;1;5;0;0
7;HapticsFixedCC;4;73,0555;72,5051;9,3;8,621;0,0;1,0;0,0;0,2634;-1,03;0;0,0864;0;1;5;0;0
7;HapticsFixedCC;4;73,0694;72,4692;9,3;8,6333;0,0;1,0;0,0;0,2654;-0,99;0;0,0868;0;1;5;0;0
7;HapticsFixedCC;4;73,0833;72,4536;9,3;8,6315;0,0;1,0;0,0;0,2672;-0,86;0;0,087;0;1;5;0;0
7;HapticsFixedCC;4;73,0972;72,4536;9,3;8,6396;0,0;1,0;0,0;0,2688;-0,65;0;0,087;0;1;5;0;0
7;HapticsFixedCC;4;73,1111;72,4536;9,3;8,6541;0,0;1,0;0,0;0,2705;-0,44;0;0,087;0;1;5;0;0
7;HapticsFixedCC;4;73,125;72,4536;9,3;8,6571;0,0;1,0;0,0;0,2724;-0,23;0;0,087;0;1;5;0;0
7;HapticsFixedCC;4;73,1389;72,4536;9,3;8,6615;0,0;1,0;0,0;0,2744;0,0;0;0,087;0;1;5;0;0
7;HapticsFixedCC;4;73,1528;72,4536;9,3;8,6592;0,0;1,0;0,0;0,2766;0,19;0;0,087;0;1;5;0;0
7;HapticsFixedCC;4;73,1667;72,2072;9,3;8,617;0,0;1,0;0,0;0,2739;-0,87;0;0,0902;0;1;5;0;0
7;HapticsFixedCC;4;73,1805;72,1714;9,3;8,5373;0,0;1,0;0,0;0,2755;-0,85;0;0,0907;0;1;5;0;0
7;HapticsFixedCC;4;73,1944;72,1355;9,3;8,4965;0,0;1,0;0,0;0,2773;-0,83;0;0,0911;0;1;5;0;0
7;HapticsFixedCC;4;73,2083;72,0996;9,3;8,4048;0,0;1,0;0,0;0,2792;-0,81;0;0,0916;0;1;5;0;0
7;HapticsFixedCC;4;73,2222;72,0637;9,3;8,377;0,0;1,0;0,0;0,2812;-0,8;0;0,0921;0;1;5;0;0
7;HapticsFixedCC;4;73,2361;72,0278;9,3;8,3715;0,0;1,0;0,0;0,2833;-0,78;0;0,0925;0;1;5;0;0
7;HapticsFixedCC;4;73,25;71,9965;9,3;8,3068;0,0;1,0;0,0;0,2854;-0,74;0;0,0929;0;1;5;0;0
7;HapticsFixedCC;4;73,2639;71,9965;9,3;8,1749;0,0;1,0;0,0;0,287;-0,54;0;0,0929;0;1;5;0;0
7;HapticsFixedCC;4;73,2778;71,9965;9,3;8,0866;0,0;1,0;0,0;0,2886;-0,35;0;0,0929;0;1;5;0;0
7;HapticsFixedCC;4;73,2917;71,9965;9,3;8,0516;0,0;1,0;0,0;0,2904;-0,15;0;0,0929;0;1;5;0;0
7;HapticsFixedCC;4;73,3055;71,9965;9,3;8,0264;0,0;1,0;0,0;0,2923;0,03;0;0,0929;0;1;5;0;0
7;HapticsFixedCC;4;73,3194;71,9965;9,3;8,0214;0,0;1,0;0,0;0,2944;0,23;0;0,0929;0;1;5;0;0
7;HapticsFixedCC;4;73,3333;71,7644;9,3;7,9056;0,0;1,0;0,0;0,2915;-0,85;0;0,0959;0;1;5;0;0
7;HapticsFixedCC;4;73,3472;71,7285;9,3;7,7713;0,0;1,0;0,0;0,293;-0,86;0;0,0964;0;1;5;0;0
7;HapticsFixedCC;4;73,3611;71,6926;9,3;7,7664;0,0;1,0;0,0;0,2945;-0,87;0;0,0968;0;1;9;0;0
7;HapticsFixedCC;4;73,375;71,6567;9,3;7,7199;0,0;1,0;0,0;0,2962;-0,88;0;0,0973;0;1;9;0;0
7;HapticsFixedCC;4;73,3889;71,6208;9,1;7,5826;0,0;1,0;0,0;0,2979;-0,9;0;0,0977;0;1;9;0;0
7;HapticsFixedCC;4;73,4028;71,5857;9,1;7,4805;0,0;1,0;0,0;0,2996;-0,91;0;0,0982;0;1;9;0;0
7;HapticsFixedCC;4;73,4167;71,5506;9,1;7,5153;0,0;1,0;0,0;0,3015;-0,93;0;0,0986;0;1;9;0;0
7;HapticsFixedCC;4;73,4305;71,542;9,1;7,5223;0,0;1,0;0,0;0,3029;-0,8;0;0,0988;0;1;9;0;0
7;HapticsFixedCC;4;73,4444;71,542;9,1;7,4987;0,0;1,0;0,0;0,3043;-0,62;0;0,0988;0;1;9;0;0
7;HapticsFixedCC;4;73,4583;71,542;9,1;7,5228;0,0;1,0;0,0;0,3057;-0,44;0;0,0988;0;1;9;0;0
7;HapticsFixedCC;4;73,4722;71,542;9,1;7,5166;0,0;1,0;0,0;0,3073;-0,26;0;0,0988;0;1;9;0;0
7;HapticsFixedCC;4;73,4861;71,542;9,1;7,6274;0,0;1,0;0,0;0,309;-0,08;0;0,0988;0;1;9;0;0
7;HapticsFixedCC;4;73,5;71,542;9,1;7,6469;0,0;1,0;0,0;0,3108;0,1;0;0,0988;0;1;9;0;0
7;HapticsFixedCC;4;73,5139;71,2911;9,1;7,7621;0,0;1,0;0,0;0,3071;-1,18;0;0,1018;0;1;9;0;0
7;HapticsFixedCC;4;73,5278;71,2559;9,1;7,831;0,0;1,0;0,0;0,3084;-1,2;0;0,1023;0;1;9;0;0
7;HapticsFixedCC;4;73,5417;71,2208;9,1;8,0351;0,0;1,0;0,0;0,3098;-1,22;0;0,1027;0;1;9;0;0
7;HapticsFixedCC;4;73,5555;71,1857;9,1;8,0759;0,0;1,0;0,0;0,3114;-1,23;0;0,1031;0;1;9;0;0
7;HapticsFixedCC;4;73,5694;71,1506;9,1;8,2139;0,0;1,0;0,0;0,3131;-1,24;0;0,1035;0;1;9;0;0
7;HapticsFixedCC;4;73,5833;71,1155;9,1;8,2377;0,0;1,0;0,0;0,3149;-1,25;0;0,104;0;1;9;0;0
7;HapticsFixedCC;4;73,5972;71,0867;9,1;8,4256;0,0;1,0;0,0;0,3167;-1,22;0;0,1043;0;1;9;0;0
7;HapticsFixedCC;4;73,6111;71,0867;9,1;8,4374;0,0;1,0;0,0;0,3181;-1,02;0;0,1043;0;1;9;0;0
7;HapticsFixedCC;4;73,625;71,0867;9,1;8,46;0,0;1,0;0,0;0,3195;-0,82;0;0,1043;0;1;9;0;0
7;HapticsFixedCC;4;73,6389;71,0867;9,1;8,4646;0,0;1,0;0,0;0,321;-0,62;0;0,1043;0;1;9;0;0
7;HapticsFixedCC;4;73,6528;71,0867;9,2;8,5016;0,0;1,0;0,0;0,3227;-0,42;0;0,1043;0;1;9;0;0
7;HapticsFixedCC;4;73,6667;71,0867;9,2;8,5571;0,0;1,0;0,0;0,3245;-0,21;0;0,1043;0;1;9;0;0
7;HapticsFixedCC;4;73,6805;70,8536;9,2;8,5414;0,0;1,0;0,0;0,3209;-1,44;0;0,1069;0;1;9;0;0
7;HapticsFixedCC;4;73,6944;70,818;9,2;8,5296;0,0;1,0;0,0;0,3221;-1,45;0;0,1073;0;1;9;0;0
7;HapticsFixedCC;4;73,7083;70,7825;9,2;8,4917;0,0;1,0;0,0;0,3234;-1,47;0;0,1077;0;1;9;0;0
7;HapticsFixedCC;4;73,7222;70,747;9,2;8,2959;0,0;1,0;0,0;0,3248;-1,49;0;0,1081;0;1;9;0;0
7;HapticsFixedCC;4;73,7361;70,7115;9,2;8,1721;0,0;1,0;0,0;0,3263;-1,51;0;0,1085;0;1;9;0;0
7;HapticsFixedCC;4;73,75;70,676;9,2;7,9609;0,0;1,0;0,0;0,3278;-1,54;0;0,1089;0;1;9;0;0
7;HapticsFixedCC;4;73,7639;70,6405;9,2;7,9187;0,0;1,0;0,0;0,3295;-1,57;0;0,1093;0;1;9;0;0
7;HapticsFixedCC;4;73,7778;70,6304;9,2;7,6582;0,0;1,0;0,0;0,3306;-1,45;0;0,1094;0;1;9;0;0
7;HapticsFixedCC;4;73,7917;70,6304;9,2;7,6061;0,0;1,0;0,0;0,3315;-1,27;0;0,1094;0;1;9;0;0
7;HapticsFixedCC;4;73,8055;70,6304;9,2;7,3019;0,0;1,0;0,0;0,3325;-1,09;0;0,1094;0;1;9;0;0
7;HapticsFixedCC;4;73,8194;70,6304;9,2;6,9891;0,0;1,0;0,0;0,3336;-0,93;0;0,1094;0;1;9;0;0
7;HapticsFixedCC;4;73,8333;70,6304;9,2;6,9668;0,0;1,0;0,0;0,3347;-0,76;0;0,1094;0;1;9;0;0
7;HapticsFixedCC;4;73,8472;70,6304;9,2;6,7728;0,0;1,0;0,0;0,3358;-0,6;0;0,1094;0;1;9;0;0
7;HapticsFixedCC;4;73,8611;70,3753;9,2;6,4686;0,0;1,0;0,0;0,3307;-2,08;0;0,1119;0;1;9;0;0
7;HapticsFixedCC;4;73,875;70,3398;9,2;6,4078;0,0;1,0;0,0;0,3311;-2,15;0;0,1122;0;1;9;0;0
7;HapticsFixedCC;4;73,8889;70,3043;9,2;6,1475;0,0;1,0;0,0;0,3315;-2,23;0;0,1126;0;1;9;0;0
7;HapticsFixedCC;4;73,9028;70,2688;9,2;5,9836;0,0;1,0;0,0;0,3319;-2,32;0;0,1129;0;1;9;0;0
7;HapticsFixedCC;4;73,9167;70,2332;9,2;5,9555;0,0;1,0;0,0;0,3325;-2,4;0;0,1133;0;1;9;0;0
7;HapticsFixedCC;4;73,9305;70,1977;9,2;5,7662;0,0;1,0;0,0;0,333;-2,49;0;0,1136;0;1;9;0;0
7;HapticsFixedCC;4;73,9444;70,1755;9,2;5,7283;0,0;1,0;0,0;0,3333;-2,5;0;0,1138;0;1;9;0;0
7;HapticsFixedCC;4;73,9583;70,1755;9,2;5,7803;0,0;1,0;0,0;0,3332;-2,36;0;0,1138;0;1;9;0;0
7;HapticsFixedCC;4;73,9722;70,1755;9,2;5,7907;0,0;1,0;0,0;0,3331;-2,22;0;0,1138;0;1;9;0;0
7;HapticsFixedCC;4;73,9861;70,1755;9,2;5,7198;0,0;1,0;0,0;0,3331;-2,09;0;0,1138;0;1;9;0;0
7;HapticsFixedCC;4;74,0;70,1755;9,2;5,7176;0,0;1,0;0,0;0,3332;-1,95;0;0,1138;0;1;9;0;0
7;HapticsFixedCC;4;74,0139;70,1755;9,2;5,7099;0,0;1,0;0,0;0,3334;-1,81;0;0,1138;0;1;9;0;0
7;HapticsFixedCC;4;74,0278;69,9319;9,2;5,7256;0,0;1,0;0,0;0,3274;-3,29;0;0,1157;0;1;9;0;0
7;HapticsFixedCC;4;74,0417;69,8964;9,2;5,7369;0,0;1,0;0,0;0,3268;-3,39;0;0,1159;0;1;9;0;0
7;HapticsFixedCC;4;74,0555;69,8609;9,2;5,7616;0,0;1,0;0,0;0,3263;-3,49;0;0,1162;0;1;9;0;0
7;HapticsFixedCC;4;74,0694;69,8254;9,2;5,8365;0,0;1,0;0,0;0,3259;-3,58;0;0,1165;0;1;9;0;0
7;HapticsFixedCC;4;74,0833;69,7899;9,2;5,8515;0,0;1,0;0,0;0,3256;-3,68;0;0,1167;0;1;9;0;0
7;HapticsFixedCC;4;74,0972;69,7543;9,2;6,0198;0,0;1,0;0,0;0,3254;-3,77;0;0,117;0;1;9;0;0
7;HapticsFixedCC;4;74,1111;69,7204;9,2;6,086;0,0;1,0;0,0;0,3252;-3,85;0;0,1172;0;1;9;0;0
7;HapticsFixedCC;4;74,125;69,7204;9,2;6,4502;0,0;1,0;0,0;0,3244;-3,7;0;0,1172;0;1;9;0;0
7;HapticsFixedCC;4;74,1389;69,7204;8,9;6,6669;0,0;1,0;0,0;0,3237;-3,54;0;0,1172;0;1;9;0;0
7;HapticsFixedCC;4;74,1528;69,7204;8,9;6,9199;0,0;1,0;0,0;0,3232;-3,38;0;0,1172;0;1;9;0;0
7;HapticsFixedCC;4;74,1667;69,7204;8,9;7,0974;0,0;1,0;0,0;0,3228;-3,22;0;0,1172;0;1;9;0;0
7;HapticsFixedCC;4;74,1805;69,7204;8,9;7,3407;0,0;1,0;0,0;0,3226;-3,05;0;0,1172;0;1;9;0;0
7;HapticsFixedCC;4;74,1944;69,7204;8,9;7,3893;0,0;1,0;0,0;0,3225;-2,88;0;0,1172;0;1;9;0;0
7;HapticsFixedCC;4;74,2083;69,4587;8,9;7,6194;0,0;1,0;0,0;0,3156;-4,48;0;0,1186;0;1;9;0;0
7;HapticsFixedCC;4;74,2222;69,4244;8,9;7,8191;0,0;1,0;0,0;0,3149;-4,53;0;0,1187;0;1;9;0;0
7;HapticsFixedCC;4;74,2361;69,39;8,9;8,0934;0,0;1,0;0,0;0,3144;-4,58;0;0,1189;0;1;9;0;0
7;HapticsFixedCC;4;74,25;69,3556;8,9;8,3123;0,0;1,0;0,0;0,314;-4,62;0;0,1191;0;1;9;0;0
7;HapticsFixedCC;4;74,2639;69,3212;8,9;8,6472;0,0;1,0;0,0;0,3138;-4,65;0;0,1192;0;1;9;0;0
7;HapticsFixedCC;4;74,2778;69,2868;8,9;8,7145;0,0;1,0;0,0;0,3137;-4,69;0;0,1194;0;1;9;0;0
7;HapticsFixedCC;4;74,2917;69,2644;8,9;8,9355;0,0;1,0;0,0;0,3135;-4,63;0;0,1195;0;1;9;0;0
7;HapticsFixedCC;4;74,3055;69,2644;8,9;9,06;0,0;1,0;0,0;0,3129;-4,42;0;0,1195;0;1;9;0;0
7;HapticsFixedCC;4;74,3194;69,2644;8,9;9,2774;0,0;1,0;0,0;0,3124;-4,21;0;0,1195;0;1;9;0;0
7;HapticsFixedCC;4;74,3333;69,2644;8,9;9,4116;0,0;1,0;0,0;0,3121;-3,99;0;0,1195;0;1;9;0;0
7;HapticsFixedCC;4;74,3472;69,2644;8,9;9,3857;0,0;1,0;0,0;0,3119;-3,77;0;0,1195;0;1;9;0;0
7;HapticsFixedCC;4;74,3611;69,2644;8,9;9,4805;0,0;1,0;0,0;0,3119;-3,55;0;0,1195;0;1;9;0;0
7;HapticsFixedCC;4;74,375;69,0291;8,9;9,4855;0,0;1,0;0,0;0,3057;-4,95;0;0,12;0;1;2;0;0
7;HapticsFixedCC;4;74,3889;68,9947;8,9;9,4576;0,0;1,0;0,0;0,305;-4,97;0;0,1201;0;1;2;0;0
7;HapticsFixedCC;4;74,4028;68,9603;8,9;9,5086;0,0;1,0;0,0;0,3045;-4,99;0;0,1202;0;1;2;0;0
7;HapticsFixedCC;4;74,4167;68,9259;8,9;9,5139;0,0;1,0;0,0;0,3041;-5,0;0;0,1202;0;1;2;0;0
7;HapticsFixedCC;4;74,4305;68,8915;8,9;9,5044;0,0;1,0;0,0;0,3038;-5,02;0;0,1203;0;1;2;0;0
7;HapticsFixedCC;4;74,4444;68,8571;8,9;9,4877;0,0;1,0;0,0;0,3036;-5,04;0;0,1204;0;1;2;0;0
7;HapticsFixedCC;4;74,4583;68,8227;8,9;9,4297;0,0;1,0;0,0;0,3036;-5,06;0;0,1205;0;1;2;0;0
7;HapticsFixedCC;4;74,4722;68,8092;8,9;9,3413;0,0;1,0;0,0;0,3031;-4,93;0;0,1205;0;1;2;0;0
7;HapticsFixedCC;4;74,4861;68,8092;8,9;9,2327;0,0;1,0;0,0;0,3023;-4,72;0;0,1205;0;1;2;0;0
7;HapticsFixedCC;4;74,5;68,8092;8,9;9,1894;0,0;1,0;0,0;0,3017;-4,51;0;0,1205;0;1;2;0;0
7;HapticsFixedCC;4;74,5139;68,8092;8,9;9,1176;0,0;1,0;0,0;0,3012;-4,29;0;0,1205;0;1;2;0;0
7;HapticsFixedCC;4;74,5278;68,8092;8,9;9,0292;0,0;1,0;0,0;0,3008;-4,09;0;0,1205;0;1;2;0;0
7;HapticsFixedCC;4;74,5417;68,8092;8,9;8,979;0,0;1,0;0,0;0,3005;-3,88;0;0,1205;0;1;2;0;0
7;HapticsFixedCC;4;74,5555;68,5654;8,9;8,8142;0,0;1,0;0,0;0,2937;-5,36;0;0,1203;0;1;2;0;0
7;HapticsFixedCC;4;74,5694;68,531;8,9;8,7741;0,0;1,0;0,0;0,2926;-5,39;0;0,1203;0;1;2;0;0
7;HapticsFixedCC;4;74,5833;68,4966;8,9;8,6885;0,0;1,0;0,0;0,2917;-5,43;0;0,1202;0;1;2;0;0
7;HapticsFixedCC;4;74,5972;68,4622;8,9;8,6896;0,0;1,0;0,0;0,2908;-5,46;0;0,1202;0;1;2;0;0
7;HapticsFixedCC;4;74,6111;68,4278;8,9;8,6266;0,0;1,0;0,0;0,2901;-5,5;0;0,1202;0;1;2;0;0
7;HapticsFixedCC;4;74,625;68,3934;8,9;8,598;0,0;1,0;0,0;0,2894;-5,54;0;0,1201;0;1;2;0;0
7;HapticsFixedCC;4;74,6389;68,3591;8,9;8,5988;0,0;1,0;0,0;0,2889;-5,58;0;0,1201;0;1;2;0;0
7;HapticsFixedCC;4;74,6528;68,3536;8,4;8,566;0,0;1,0;0,0;0,2876;-5,43;0;0,1201;0;1;2;0;0
7;HapticsFixedCC;4;74,6667;68,3536;8,4;8,5516;0,0;1,0;0,0;0,2865;-5,24;0;0,1201;0;1;2;0;0
7;HapticsFixedCC;4;74,6805;68,3536;8,4;8,55;0,0;1,0;0,0;0,2854;-5,05;0;0,1201;0;1;2;0;0
7;HapticsFixedCC;4;74,6944;68,3536;8,4;8,5499;0,0;1,0;0,0;0,2845;-4,87;0;0,1201;0;1;2;0;0
7;HapticsFixedCC;4;74,7083;68,3536;8,4;8,5615;0,0;1,0;0,0;0,2837;-4,68;0;0,1201;0;1;2;0;0
7;HapticsFixedCC;4;74,7222;68,3536;8,4;8,5806;0,0;1,0;0,0;0,283;-4,49;0;0,1201;0;1;2;0;0
7;HapticsFixedCC;4;74,7361;68,1145;8,4;8,5903;0,0;1,0;0,0;0,276;-5,94;0;0,1192;0;1;2;0;0
7;HapticsFixedCC;4;74,75;68,082;8,4;8,5972;0,0;1,0;0,0;0,2746;-5,98;0;0,1191;0;1;2;0;0
7;HapticsFixedCC;4;74,7639;68,0496;8,4;8,5985;0,0;1,0;0,0;0,2733;-6,01;0;0,1189;0;1;2;0;0
7;HapticsFixedCC;4;74,7778;68,0171;8,4;8,6016;0,0;1,0;0,0;0,2721;-6,05;0;0,1188;0;1;2;0;0
7;HapticsFixedCC;4;74,7917;67,9847;8,4;8,5971;0,0;1,0;0,0;0,271;-6,08;0;0,1187;0;1;2;0;0
7;HapticsFixedCC;4;74,8055;67,9523;8,4;8,5945;0,0;1,0;0,0;0,27;-6,11;0;0,1186;0;1;2;0;0
7;HapticsFixedCC;4;74,8194;67,9198;8,4;8,5636;0,0;1,0;0,0;0,2691;-6,15;0;0,1185;0;1;2;0;0
7;HapticsFixedCC;4;74,8333;67,8983;8,4;8,5538;0,0;1,0;0,0;0,2681;-6,11;0;0,1184;0;1;2;0;0
7;HapticsFixedCC;4;74,8472;67,8983;8,4;8,5322;0,0;1,0;0,0;0,2665;-5,92;0;0,1184;0;1;2;0;0
7;HapticsFixedCC;4;74,8611;67,8983;8,4;8,5037;0,0;1,0;0,0;0,2651;-5,74;0;0,1184;0;1;2;0;0
7;HapticsFixedCC;4;74,875;67,8983;8,4;8,4937;0,0;1,0;0,0;0,2638;-5,55;0;0,1184;0;1;2;0;0
7;HapticsFixedCC;4;74,8889;67,8983;7,8;8,4693;0,0;1,0;0,0;0,2624;-5,38;0;0,1184;0;1;2;0;0
7;HapticsFixedCC;4;74,9028;67,8983;7,8;8,4265;0,0;1,0;0,0;0,2614;-5,21;0;0,1184;0;1;2;0;0
7;HapticsFixedCC;4;74,9167;67,8983;7,8;8,4219;0,0;1,0;0,0;0,2604;-5,04;0;0,1184;0;1;2;0;0
7;HapticsFixedCC;4;74,9305;67,6531;7,8;8,4035;0,0;1,0;0,0;0,253;-6,51;0;0,1168;0;1;2;0;0
7;HapticsFixedCC;4;74,9444;67,623;7,8;8,3906;0,0;1,0;0,0;0,2514;-6,54;0;0,1166;0;1;2;0;0
7;HapticsFixedCC;4;74,9583;67,5929;7,8;8,383;0,0;1,0;0,0;0,2499;-6,57;0;0,1164;0;1;2;0;0
7;HapticsFixedCC;4;74,9722;67,5628;7,8;8,3801;0,0;0,0;0,0;0,2485;-6,61;0;0,1162;0;1;2;0;0
7;HapticsFixedCC;4;74,9861;67,5327;7,8;8,3655;0,0;0,0;0,0;0,2471;-6,64;0;0,116;0;1;2;0;0
7;HapticsFixedCC;4;75,0;67,5026;7,8;8,377;0,0;0,0;0,0;0,2458;-6,67;0;0,1158;0;1;2;0;0
7;HapticsFixedCC;4;75,0139;67,4725;7,8;8,38;0,0;0,0;0,0;0,2447;-6,7;0;0,1156;0;1;2;0;0
7;HapticsFixedCC;4;75,0278;67,4433;7,8;8,3969;0,0;0,0;0,0;0,2436;-6,73;0;0,1154;0;1;2;0;0
7;HapticsFixedCC;4;75,0417;67,4433;7,8;8,4098;0,0;0,0;0,0;0,2418;-6,56;0;0,1154;0;1;2;0;0
7;HapticsFixedCC;4;75,0555;67,4433;7,8;8,4249;0,0;0,0;0,0;0,2401;-6,39;0;0,1154;0;1;2;0;0
7;HapticsFixedCC;4;75,0694;67,4433;7,8;8,4471;0,0;0,0;0,0;0,2385;-6,22;0;0,1154;0;1;2;0;0
7;HapticsFixedCC;4;75,0833;67,4433;7,8;8,4756;0,0;0,0;0,0;0,237;-6,04;0;0,1154;0;1;2;0;0
7;HapticsFixedCC;4;75,0972;67,4433;7,8;8,4953;0,0;0,0;0,0;0,2356;-5,87;0;0,1154;0;1;2;0;0
7;HapticsFixedCC;4;75,1111;67,4433;7,8;8,5132;0,0;0,0;0,0;0,2343;-5,7;0;0,1154;0;1;2;0;0
7;HapticsFixedCC;4;75,125;67,4433;7,8;8,528;0,0;0,0;0,0;0,2331;-5,53;0;0,1154;0;1;2;0;0
7;HapticsFixedCC;4;75,1389;67,1891;7,8;8,5404;0,0;0,0;0,0;0,2255;-7,01;0;0,1132;0;1;2;0;0
7;HapticsFixedCC;4;75,1528;67,159;7,8;8,5544;0,0;0,0;0,0;0,2236;-7,03;0;0,1129;0;1;2;0;0
7;HapticsFixedCC;4;75,1667;67,1289;7,8;8,5713;0,0;0,0;0,0;0,2219;-7,05;0;0,1127;0;1;2;0;0
7;HapticsFixedCC;4;75,1805;67,0988;7,8;8,5824;0,0;0,0;0,0;0,2203;-7,07;0;0,1124;0;1;2;0;0
7;HapticsFixedCC;4;75,1944;67,0687;7,8;8,5929;0,0;0,0;0,0;0,2188;-7,09;0;0,1121;0;1;2;0;0
7;HapticsFixedCC;4;75,2083;67,0386;7,8;8,5978;0,0;0,0;0,0;0,2173;-7,11;0;0,1119;0;1;2;0;0
7;HapticsFixedCC;4;75,2222;67,0085;7,8;8,5991;0,0;0,0;0,0;0,216;-7,14;0;0,1116;0;1;2;0;0
7;HapticsFixedCC;4;75,2361;66,9873;7,8;8,5956;0,0;0,0;0,0;0,2145;-7,1;0;0,1114;0;1;2;0;0
7;HapticsFixedCC;4;75,25;66,9873;7,8;8,5903;0,0;0,0;0,0;0,2125;-6,93;0;0,1114;0;1;2;0;0
7;HapticsFixedCC;4;75,2639;66,9873;7,8;8,5831;0,0;0,0;0,0;0,2107;-6,75;0;0,1114;0;1;2;0;0
7;HapticsFixedCC;4;75,2778;66,9873;7,8;8,5769;0,0;0,0;0,0;0,2089;-6,58;0;0,1114;0;1;2;0;0
7;HapticsFixedCC;4;75,2917;66,9873;7,8;8,5658;0,0;0,0;0,0;0,2073;-6,4;0;0,1114;0;1;2;0;0
7;HapticsFixedCC;4;75,3055;66,9873;7,8;8,5515;0,0;0,0;0,0;0,2057;-6,23;0;0,1114;0;1;2;0;0
7;HapticsFixedCC;4;75,3194;66,9873;7,8;8,531;0,0;0,0;0,0;0,2042;-6,06;0;0,1114;0;1;2;0;0
7;HapticsFixedCC;4;75,3333;66,7571;7,8;8,5052;0,0;0,0;0,0;0,1971;-7,32;0;0,109;0;1;2;0;0
7;HapticsFixedCC;4;75,3472;66,7271;7,8;8,4764;0,0;0,0;0,0;0,195;-7,34;0;0,1087;0;1;2;0;0
7;HapticsFixedCC;4;75,3611;66,697;7,8;8,4355;0,0;0,0;0,0;0,1931;-7,36;0;0,1083;0;1;2;0;0
7;HapticsFixedCC;4;75,375;66,6669;7,8;8,4091;0,0;0,0;0,0;0,1911;-7,37;0;0,108;0;1;1;0;0
7;HapticsFixedCC;4;75,3889;66,6368;7,2;8,3786;0,0;0,0;0,0;0,1892;-7,4;0;0,1077;0;1;1;0;0
7;HapticsFixedCC;4;75,4028;66,6091;7,2;8,3425;0,0;0,0;0,0;0,1876;-7,42;0;0,1074;0;1;1;0;0
7;HapticsFixedCC;4;75,4167;66,5813;7,2;8,2949;0,0;0,0;0,0;0,186;-7,44;0;0,1071;0;1;1;0;0
7;HapticsFixedCC;4;75,4305;66,5535;7,2;8,2648;0,0;0,0;0,0;0,1845;-7,46;0;0,1068;0;1;1;0;0
7;HapticsFixedCC;4;75,4444;66,5317;7,2;8,2369;0,0;0,0;0,0;0,183;-7,44;0;0,1066;0;1;1;0;0
7;HapticsFixedCC;4;75,4583;66,5317;7,2;8,2135;0,0;0,0;0,0;0,1809;-7,29;0;0,1066;0;1;1;0;0
7;HapticsFixedCC;4;75,4722;66,5317;7,2;8,1964;0,0;0,0;0,0;0,179;-7,13;0;0,1066;0;1;1;0;0
7;HapticsFixedCC;4;75,4861;66,5317;7,2;8,1803;0,0;0,0;0,0;0,1771;-6,98;0;0,1066;0;1;1;0;0
7;HapticsFixedCC;4;75,5;66,5317;7,2;8,1695;0,0;0,0;0,0;0,1753;-6,83;0;0,1066;0;1;1;0;0
7;HapticsFixedCC;4;75,5139;66,5317;7,2;8,1613;0,0;0,0;0,0;0,1736;-6,68;0;0,1066;0;1;1;0;0
7;HapticsFixedCC;4;75,5278;66,5317;7,2;8,1603;0,0;0,0;0,0;0,1719;-6,52;0;0,1066;0;1;1;0;0
7;HapticsFixedCC;4;75,5417;66,5317;7,2;8,1645;0,0;0,0;0,0;0,1703;-6,37;0;0,1066;0;1;1;0;0
7;HapticsFixedCC;4;75,5555;66,2952;7,2;8,1706;0,0;0,0;0,0;0,1632;-7,63;0;0,1038;0;1;1;0;0
7;HapticsFixedCC;4;75,5694;66,2674;7,2;8,185;0,0;0,0;0,0;0,1611;-7,64;0;0,1035;0;1;1;0;0
7;HapticsFixedCC;4;75,5833;66,2397;7,2;8,1975;0,0;0,0;0,0;0,159;-7,65;0;0,1031;0;1;1;0;0
7;HapticsFixedCC;4;75,5972;66,2119;7,2;8,227;0,0;0,0;0,0;0,1571;-7,66;0;0,1028;0;1;1;0;0
7;HapticsFixedCC;4;75,6111;66,1842;7,2;8,2852;0,0;0,0;0,0;0,1552;-7,68;0;0,1025;0;1;1;0;0
7;HapticsFixedCC;4;75,625;66,1564;7,2;8,3567;0,0;0,0;0,0;0,1534;-7,69;0;0,1021;0;1;1;0;0
7;HapticsFixedCC;4;75,6389;66,1286;7,2;8,424;0,0;0,0;0,0;0,1516;-7,69;0;0,1018;0;1;1;0;0
7;HapticsFixedCC;4;75,6528;66,1009;7,2;8,4794;0,0;0,0;0,0;0,15;-7,7;0;0,1015;0;1;1;0;0
7;HapticsFixedCC;4;75,6667;66,0772;7,2;8,5565;0,0;0,0;0,0;0,1484;-7,68;0;0,1012;0;1;1;0;0
7;HapticsFixedCC;4;75,6805;66,0772;7,2;8,6329;0,0;0,0;0,0;0,1463;-7,52;0;0,1012;0;1;1;0;0
7;HapticsFixedCC;4;75,6944;66,0772;7,2;8,7437;0,0;0,0;0,0;0,1443;-7,36;0;0,1012;0;1;1;0;0
7;HapticsFixedCC;4;75,7083;66,0772;7,2;8,8174;0,0;0,0;0,0;0,1424;-7,2;0;0,1012;0;1;1;0;0
7;HapticsFixedCC;4;75,7222;66,0772;7,2;8,8956;0,0;0,0;0,0;0,1406;-7,03;0;0,1012;0;1;1;0;0
7;HapticsFixedCC;4;75,7361;66,0772;7,2;9,0316;0,0;0,0;0,0;0,139;-6,86;0;0,1012;0;1;1;0;0
7;HapticsFixedCC;4;75,75;66,0772;7,2;9,128;0,0;0,0;0,0;0,1374;-6,69;0;0,1012;0;1;1;0;0
7;HapticsFixedCC;4;75,7639;66,0772;7,2;9,2249;0,0;0,0;0,0;0,1359;-6,52;0;0,1012;0;1;1;0;0
7;HapticsFixedCC;4;75,7778;65,8444;7,2;9,2745;0,0;0,0;0,0;0,1293;-7,66;0;0,0983;0;1;1;0;0
7;HapticsFixedCC;4;75,7917;65,8167;7,2;9,3137;0,0;0,0;0,0;0,1274;-7,64;0;0,0979;0;1;1;0;0
7;HapticsFixedCC;4;75,8055;65,7889;7,2;9,3604;0,0;0,0;0,0;0,1256;-7,63;0;0,0976;0;1;1;0;0
7;HapticsFixedCC;4;75,8194;65,7611;7,2;9,4035;0,0;0,0;0,0;0,1238;-7,61;0;0,0972;0;1;1;0;0
7;HapticsFixedCC;4;75,8333;65,7334;7,2;9,4346;0,0;0,0;0,0;0,1222;-7,59;0;0,0969;0;1;1;0;0
7;HapticsFixedCC;4;75,8472;65,7056;7,2;9,4474;0,0;0,0;0,0;0,1207;-7,57;0;0,0965;0;1;1;0;0
7;HapticsFixedCC;4;75,8611;65,6778;7,2;9,4522;0,0;0,0;0,0;0,1192;-7,55;0;0,0962;0;1;1;0;0
7;HapticsFixedCC;4;75,875;65,65;7,2;9,4507;0,0;0,0;0,0;0,1178;-7,53;0;0,0958;0;1;1;0;0
7;HapticsFixedCC;4;75,8889;65,6222;6,8;9,4423;0,0;0,0;0,0;0,1164;-7,52;0;0,0955;0;1;1;0;0
7;HapticsFixedCC;4;75,9028;65,6209;6,8;9,4276;0,0;0,0;0,0;0,1147;-7,36;0;0,0954;0;1;1;0;0
7;HapticsFixedCC;4;75,9167;65,6209;6,8;9,4108;0,0;0,0;0,0;0,1131;-7,19;0;0,0954;0;1;1;0;0
7;HapticsFixedCC;4;75,9305;65,6209;6,8;9,3753;0,0;0,0;0,0;0,1115;-7,02;0;0,0954;0;1;1;0;0
7;HapticsFixedCC;4;75,9444;65,6209;6,8;9,3257;0,0;0,0;0,0;0,11;-6,86;0;0,0954;0;1;1;0;0
7;HapticsFixedCC;4;75,9583;65,6209;6,8;9,2739;0,0;0,0;0,0;0,1085;-6,7;0;0,0954;0;1;1;0;0
7;HapticsFixedCC;4;75,9722;65,6209;6,8;9,2293;0,0;0,0;0,0;0,1071;-6,53;0;0,0954;0;1;1;0;0
7;HapticsFixedCC;4;75,9861;65,6209;6,8;9,204;0,0;0,0;0,0;0,1058;-6,37;0;0,0954;0;1;1;0;0
7;HapticsFixedCC;4;76,0;65,6209;6,8;9,1768;0,0;0,0;0,0;0,1046;-6,21;0;0,0954;0;1;1;0;0
7;HapticsFixedCC;4;76,0139;65,3812;6,8;9,1588;0,0;0,0;0,0;0,0983;-7,32;0;0,0923;0;1;1;0;0
7;HapticsFixedCC;4;76,0278;65,355;6,8;9,1464;0,0;0,0;0,0;0,0966;-7,29;0;0,092;0;1;1;0;0
7;HapticsFixedCC;4;76,0417;65,3287;6,8;9,1463;0,0;0,0;0,0;0,0951;-7,27;0;0,0917;0;1;1;0;0
7;HapticsFixedCC;4;76,0555;65,3025;6,8;9,1725;0,0;0,0;0,0;0,0935;-7,25;0;0,0913;0;1;1;0;0
7;HapticsFixedCC;4;76,0694;65,2762;6,8;9,2238;0,0;0,0;0,0;0,0921;-7,22;0;0,091;0;1;1;0;0
7;HapticsFixedCC;4;76,0833;65,25;6,8;9,2774;0,0;0,0;0,0;0,0908;-7,2;0;0,0906;0;1;1;0;0
7;HapticsFixedCC;4;76,0972;65,2237;6,8;9,3428;0,0;0,0;0,0;0,0895;-7,17;0;0,0903;0;1;1;0;0
7;HapticsFixedCC;4;76,1111;65,1975;6,8;9,3835;0,0;0,0;0,0;0,0883;-7,15;0;0,09;0;1;1;0;0
7;HapticsFixedCC;4;76,125;65,1712;6,8;9,4114;0,0;0,0;0,0;0,0872;-7,12;0;0,0896;0;1;1;0;0
7;HapticsFixedCC;4;76,1389;65,1652;6,8;9,4549;0,0;0,0;0,0;0,0857;-6,98;0;0,0895;0;1;1;0;0
7;HapticsFixedCC;4;76,1528;65,1652;6,8;9,4835;0,0;0,0;0,0;0,0842;-6,82;0;0,0895;0;1;1;0;0
7;HapticsFixedCC;4;76,1667;65,1652;6,8;9,5029;0,0;0,0;0,0;0,0828;-6,65;0;0,0895;0;1;1;0;0
7;HapticsFixedCC;4;76,1805;65,1652;6,8;9,5152;0,0;0,0;0,0;0,0815;-6,48;0;0,0895;0;1;1;0;0
7;HapticsFixedCC;4;76,1944;65,1652;6,8;9,5255;0,0;0,0;0,0;0,0802;-6,31;0;0,0895;0;1;1;0;0
7;HapticsFixedCC;4;76,2083;65,1652;6,8;9,5312;0,0;0,0;0,0;0,0791;-6,14;0;0,0895;0;1;1;0;0
7;HapticsFixedCC;4;76,2222;65,1652;6,8;9,5281;0,0;0,0;0,0;0,078;-5,97;0;0,0895;0;1;1;0;0
7;HapticsFixedCC;4;76,2361;65,1652;6,8;9,5116;0,0;0,0;0,0;0,0769;-5,81;0;0,0895;0;1;1;0;0
7;HapticsFixedCC;4;76,25;64,9316;6,8;9,4783;0,0;0,0;0,0;0,0714;-6,8;0;0,0865;0;1;1;0;0
7;HapticsFixedCC;4;76,2639;64,9054;6,8;9,4379;0,0;0,0;0,0;0,07;-6,76;0;0,0862;0;1;1;0;0
7;HapticsFixedCC;4;76,2778;64,8791;6,8;9,3953;0,0;0,0;0,0;0,0686;-6,72;0;0,0859;0;1;1;0;0
7;HapticsFixedCC;4;76,2917;64,8528;6,8;9,3319;0,0;0,0;0,0;0,0673;-6,69;0;0,0855;0;1;1;0;0
7;HapticsFixedCC;4;76,3055;64,8266;6,8;9,2924;0,0;0,0;0,0;0,0661;-6,66;0;0,0852;0;1;1;0;0
7;HapticsFixedCC;4;76,3194;64,8003;6,8;9,2706;0,0;0,0;0,0;0,065;-6,62;0;0,0848;0;1;1;0;0
7;HapticsFixedCC;4;76,3333;64,7741;6,8;9,2454;0,0;0,0;0,0;0,0639;-6,59;0;0,0845;0;1;1;0;0
7;HapticsFixedCC;4;76,3472;64,7478;6,8;9,2289;0,0;0,0;0,0;0,063;-6,56;0;0,0842;0;1;1;0;0
7;HapticsFixedCC;4;76,3611;64,7215;6,8;9,2173;0,0;0,0;0,0;0,062;-6,52;0;0,0838;0;1;1;0;0
7;HapticsFixedCC;4;76,375;64,7111;6,8;9,2168;0,0;0,0;0,0;0,0609;-6,41;0;0,0837;0;1;1;0;0
7;HapticsFixedCC;4;76,3889;64,7111;6,8;9,2281;0,0;0,0;0,0;0,0596;-6,25;0;0,0837;0;1;3;0;0
7;HapticsFixedCC;4;76,4028;64,7111;6,8;9,2347;0,0;0,0;0,0;0,0584;-6,09;0;0,0837;0;1;3;0;0
7;HapticsFixedCC;4;76,4167;64,7111;6,8;9,242;0,0;0,0;0,0;0,0573;-5,92;0;0,0837;0;1;3;0;0
7;HapticsFixedCC;4;76,4305;64,7111;6,8;9,2424;0,0;0,0;0,0;0,0562;-5,76;0;0,0837;0;1;3;0;0
7;HapticsFixedCC;4;76,4444;64,7111;6,8;9,2469;0,0;0,0;0,0;0,0552;-5,59;0;0,0837;0;1;3;0;0
7;HapticsFixedCC;4;76,4583;64,7111;6,8;9,2578;0,0;0,0;0,0;0,0544;-5,43;0;0,0837;0;1;3;0;0
7;HapticsFixedCC;4;76,4722;64,7111;6,8;9,2813;0,0;0,0;0,0;0,0535;-5,27;0;0,0837;0;1;3;0;0
7;HapticsFixedCC;4;76,4861;64,7111;6,8;9,2927;0,0;0,0;0,0;0,0528;-5,1;0;0,0837;0;1;3;0;0
7;HapticsFixedCC;4;76,5;64,4567;6,8;9,2958;0,0;0,0;0,0;0,0474;-6,12;0;0,0805;0;1;3;0;0
7;HapticsFixedCC;4;76,5139;64,4305;6,8;9,289;0,0;0,0;0,0;0,0463;-6,07;0;0,0802;0;1;3;0;0
7;HapticsFixedCC;4;76,5278;64,4042;6,8;9,2753;0,0;0,0;0,0;0,0453;-6,03;0;0,0798;0;1;3;0;0
7;HapticsFixedCC;4;76,5417;64,3779;6,8;9,2685;0,0;0,0;0,0;0,0444;-5,99;0;0,0795;0;1;3;0;0
7;HapticsFixedCC;4;76,5555;64,3517;6,8;9,2676;0,0;0,0;0,0;0,0435;-5,95;0;0,0792;0;1;3;0;0
7;HapticsFixedCC;4;76,5694;64,3254;6,8;9,2692;0,0;0,0;0,0;0,0427;-5,9;0;0,0788;0;1;3;0;0
7;HapticsFixedCC;4;76,5833;64,2991;6,8;9,2748;0,0;0,0;0,0;0,042;-5,86;0;0,0785;0;1;3;0;0
7;HapticsFixedCC;4;76,5972;64,2729;6,8;9,2786;0,0;0,0;0,0;0,0414;-5,82;0;0,0782;0;1;3;0;0
7;HapticsFixedCC;4;76,6111;64,2535;6,8;9,2878;0,0;0,0;0,0;0,0407;-5,74;0;0,0779;0;1;3;0;0
7;HapticsFixedCC;4;76,625;64,2535;6,8;9,2897;0,0;0,0;0,0;0,0397;-5,58;0;0,0779;0;1;3;0;0
7;HapticsFixedCC;4;76,6389;64,2535;6,8;9,2859;0,0;0,0;0,0;0,0388;-5,41;0;0,0779;0;1;3;0;0
7;HapticsFixedCC;4;76,6528;64,2535;7,8;9,2704;0,0;0,0;0,0;0,0383;-5,23;0;0,0779;0;1;3;0;0
7;HapticsFixedCC;4;76,6667;64,2535;7,8;9,2411;0,0;0,0;0,0;0,0374;-5,04;0;0,0779;0;1;3;0;0
7;HapticsFixedCC;4;76,6805;64,2535;7,8;9,2121;0,0;0,0;0,0;0,0367;-4,85;0;0,0779;0;1;3;0;0
7;HapticsFixedCC;4;76,6944;64,2535;7,8;9,1918;0,0;0,0;0,0;0,036;-4,67;0;0,0779;0;1;3;0;0
7;HapticsFixedCC;4;76,7083;64,2535;7,8;9,1751;0,0;0,0;0,0;0,0355;-4,48;0;0,0779;0;1;3;0;0
7;HapticsFixedCC;4;76,7222;64,0157;7,8;9,1623;0,0;0,0;0,0;0,0309;-5,32;0;0,0751;0;1;3;0;0
7;HapticsFixedCC;4;76,7361;63,9856;7,8;9,1599;0,0;0,0;0,0;0,03;-5,26;0;0,0747;0;1;3;0;0
7;HapticsFixedCC;4;76,75;63,9554;7,8;9,1583;0,0;0,0;0,0;0,0292;-5,2;0;0,0743;0;1;3;0;0
7;HapticsFixedCC;4;76,7639;63,9253;7,8;9,1612;0,0;0,0;0,0;0,0285;-5,15;0;0,074;0;1;3;0;0
7;HapticsFixedCC;4;76,7778;63,8952;7,8;9,1625;0,0;0,0;0,0;0,0279;-5,09;0;0,0736;0;1;3;0;0
7;HapticsFixedCC;4;76,7917;63,865;7,8;9,1622;0,0;0,0;0,0;0,0274;-5,04;0;0,0732;0;1;3;0;0
7;HapticsFixedCC;4;76,8055;63,8349;7,8;9,1641;0,0;0,0;0,0;0,027;-4,98;0;0,0729;0;1;3;0;0
7;HapticsFixedCC;4;76,8194;63,8047;7,8;9,169;0,0;0,0;0,0;0,0267;-4,92;0;0,0725;0;1;3;0;0
7;HapticsFixedCC;4;76,8333;63,7995;7,8;9,1719;0,0;0,0;0,0;0,0261;-4,76;0;0,0724;0;1;3;0;0
7;HapticsFixedCC;4;76,8472;63,7995;7,8;9,1693;0,0;0,0;0,0;0,0255;-4,58;0;0,0724;0;1;3;0;0
7;HapticsFixedCC;4;76,8611;63,7995;7,8;9,1617;0,0;0,0;0,0;0,025;-4,39;0;0,0724;0;1;3;0;0
7;HapticsFixedCC;4;76,875;63,7995;7,8;9,1521;0,0;0,0;0,0;0,0246;-4,2;0;0,0724;0;1;3;0;0
7;HapticsFixedCC;4;76,8889;63,7995;7,8;9,1411;0,0;0,0;0,0;0,0243;-4,02;0;0,0724;0;1;3;0;0
7;HapticsFixedCC;4;76,9028;63,7995;7,8;9,1265;0,0;0,0;0,0;0,024;-3,83;0;0,0724;0;1;3;0;0
7;HapticsFixedCC;4;76,9167;63,7995;7,8;9,1202;0,0;0,0;0,0;0,0239;-3,65;0;0,0724;0;1;3;0;0
7;HapticsFixedCC;4;76,9305;63,5628;7,8;9,1038;0,0;0,0;0,0;0,0201;-4,41;0;0,0697;0;1;3;0;0
7;HapticsFixedCC;4;76,9444;63,5326;7,8;9,0965;0,0;0,0;0,0;0,0196;-4,35;0;0,0694;0;1;3;0;0
7;HapticsFixedCC;4;76,9583;63,5025;7,8;9,0896;0,0;0,0;0,0;0,0193;-4,28;0;0,069;0;1;3;0;0
7;HapticsFixedCC;4;76,9722;63,4723;7,8;9,0878;0,0;0,0;0,0;0,0191;-4,22;0;0,0687;0;1;3;0;0
7;HapticsFixedCC;4;76,9861;63,4422;7,8;9,0883;0,0;0,0;0,0;0,019;-4,16;0;0,0684;0;1;3;0;0
7;HapticsFixedCC;4;77,0;63,412;7,8;9,0887;0,0;0,0;0,0;0,0189;-4,09;0;0,068;0;1;3;0;0
7;HapticsFixedCC;4;77,0139;63,3819;7,8;9,0866;0,0;0,0;0,0;0,019;-4,03;0;0,0677;0;1;3;0;0
7;HapticsFixedCC;4;77,0278;63,3517;7,8;9,081;0,0;0,0;0,0;0,0192;-3,97;0;0,0673;0;1;3;0;0
7;HapticsFixedCC;4;77,0417;63,3442;7,8;9,0557;0,0;0,0;0,0;0,019;-3,81;0;0,0672;0;1;3;0;0
7;HapticsFixedCC;4;77,0555;63,3442;7,8;9,0199;0,0;0,0;0,0;0,0189;-3,63;0;0,0672;0;1;3;0;0
7;HapticsFixedCC;4;77,0694;63,3442;7,8;8,9626;0,0;0,0;0,0;0,0188;-3,45;0;0,0672;0;1;3;0;0
7;HapticsFixedCC;4;77,0833;63,3442;7,8;8,9028;0,0;0,0;0,0;0,0189;-3,27;0;0,0672;0;1;3;0;0
7;HapticsFixedCC;4;77,0972;63,3442;7,8;8,8226;0,0;0,0;0,0;0,019;-3,09;0;0,0672;0;1;3;0;0
7;HapticsFixedCC;4;77,1111;63,3442;7,8;8,7541;0,0;0,0;0,0;0,0191;-2,91;0;0,0672;0;1;3;0;0
7;HapticsFixedCC;4;77,125;63,3442;7,8;8,712;0,0;0,0;0,0;0,0194;-2,73;0;0,0672;0;1;3;0;0
7;HapticsFixedCC;4;77,1389;63,11;7,8;8,659;0,0;0,0;0,0;0,0162;-3,43;0;0,0647;0;1;3;0;0
7;HapticsFixedCC;4;77,1528;63,0799;7,8;8,6229;0,0;0,0;0,0;0,0162;-3,36;0;0,0644;0;1;3;0;0
7;HapticsFixedCC;4;77,1667;63,0497;7,8;8,5742;0,0;0,0;0,0;0,0163;-3,3;0;0,0641;0;1;3;0;0
7;HapticsFixedCC;4;77,1805;63,0196;7,8;8,5139;0,0;0,0;0,0;0,0164;-3,24;0;0,0637;0;1;3;0;0
7;HapticsFixedCC;4;77,1944;62,9894;7,8;8,4397;0,0;0,0;0,0;0,0166;-3,18;0;0,0634;0;1;3;0;0
7;HapticsFixedCC;4;77,2083;62,9593;7,8;8,3643;0,0;0,0;0,0;0,0169;-3,12;0;0,0631;0;1;3;0;0
7;HapticsFixedCC;4;77,2222;62,9292;7,8;8,2668;0,0;0,0;0,0;0,0173;-3,07;0;0,0628;0;1;3;0;0
7;HapticsFixedCC;4;77,2361;62,899;7,8;8,162;0,0;0,0;0,0;0,0177;-3,02;0;0,0625;0;1;3;0;0
7;HapticsFixedCC;4;77,25;62,8868;7,8;8,0766;0,0;0,0;0,0;0,018;-2,9;0;0,0623;0;1;3;0;0
7;HapticsFixedCC;4;77,2639;62,8868;7,8;7,968;0,0;0,0;0,0;0,0181;-2,74;0;0,0623;0;1;3;0;0
7;HapticsFixedCC;4;77,2778;62,8868;7,8;7,8581;0,0;0,0;0,0;0,0183;-2,58;0;0,0623;0;1;3;0;0
7;HapticsFixedCC;4;77,2917;62,8868;7,8;7,7084;0,0;0,0;0,0;0,0185;-2,42;0;0,0623;0;1;3;0;0
7;HapticsFixedCC;4;77,3055;62,8868;7,8;7,5337;0,0;0,0;0,0;0,0188;-2,27;0;0,0623;0;1;3;0;0
7;HapticsFixedCC;4;77,3194;62,8868;7,8;7,2598;0,0;0,0;0,0;0,0191;-2,12;0;0,0623;0;1;3;0;0
7;HapticsFixedCC;4;77,3333;62,8868;7,8;7,0471;0,0;0,0;0,0;0,0194;-1,98;0;0,0623;0;1;3;0;0
7;HapticsFixedCC;4;77,3472;62,6575;7,8;6,818;0,0;0,0;0,0;0,0166;-2,63;0;0,06;0;1;3;0;0
7;HapticsFixedCC;4;77,3611;62,6274;7,8;6,6011;0,0;0,0;0,0;0,0166;-2,6;0;0,0597;0;1;3;0;0
7;HapticsFixedCC;4;77,375;62,5973;7,8;6,3562;0,0;0,0;0,0;0,0166;-2,57;0;0,0594;0;1;3;0;0
7;HapticsFixedCC;4;77,3889;62,5672;9,1;6,1424;0,0;0,0;0,0;0,0168;-2,53;0;0,0591;0;1;4;0;0
7;HapticsFixedCC;4;77,4028;62,532;9,1;5,91;0,0;0,0;0,0;0,0169;-2,51;0;0,0588;0;1;4;0;0
7;HapticsFixedCC;4;77,4167;62,4969;9,1;5,6854;0,0;0,0;0,0;0,0169;-2,5;0;0,0584;0;1;4;0;0
7;HapticsFixedCC;4;77,4305;62,4618;9,1;5,6404;0,0;0,0;0,0;0,0171;-2,49;0;0,0581;0;1;4;0;0
7;HapticsFixedCC;4;77,4444;62,4337;9,1;5,2755;0,0;0,0;0,0;0,0171;-2,46;0;0,0578;0;1;4;0;0
7;HapticsFixedCC;4;77,4583;62,4337;9,1;5,0537;0,0;0,0;0,0;0,0168;-2,34;0;0,0578;0;1;4;0;0
7;HapticsFixedCC;4;77,4722;62,4337;9,1;4,8732;0,0;0,0;0,0;0,0166;-2,23;0;0,0578;0;1;4;0;0
7;HapticsFixedCC;4;77,4861;62,4337;9,1;4,7314;0,0;0,0;0,0;0,0163;-2,12;0;0,0578;0;1;4;0;0
7;HapticsFixedCC;4;77,5;62,4337;9,1;4,6359;0,0;0,0;0,0;0,0162;-2,01;0;0,0578;0;1;4;0;0
7;HapticsFixedCC;4;77,5139;62,4337;9,1;4,5865;0,0;0,0;0,0;0,0161;-1,9;0;0,0578;0;1;4;0;0
7;HapticsFixedCC;4;77,5278;62,4337;9,1;4,5662;0,0;0,0;0,0;0,016;-1,79;0;0,0578;0;1;4;0;0
7;HapticsFixedCC;4;77,5417;62,1803;9,1;4,5622;0,0;0,0;0,0;0,0127;-2,5;0;0,0555;0;1;4;0;0
7;HapticsFixedCC;4;77,5555;62,1452;9,1;4,464;0,0;0,0;0,0;0,0123;-2,5;0;0,0551;0;1;4;0;0
7;HapticsFixedCC;4;77,5694;62,1101;9,1;4,4089;0,0;0,0;0,0;0,012;-2,51;0;0,0548;0;1;4;0;0
7;HapticsFixedCC;4;77,5833;62,075;9,1;4,3053;0,0;0,0;0,0;0,0116;-2,52;0;0,0545;0;1;4;0;0
7;HapticsFixedCC;4;77,5972;62,0398;9,1;4,2517;0,0;0,0;0,0;0,0114;-2,54;0;0,0542;0;1;4;0;0
7;HapticsFixedCC;4;77,6111;62,0047;9,1;4,1741;0,0;0,0;0,0;0,0112;-2,55;0;0,0538;0;1;4;0;0
7;HapticsFixedCC;4;77,625;61,9741;9,1;4,1451;0,0;0,0;0,0;0,0109;-2,55;0;0,0535;0;1;4;0;0
7;HapticsFixedCC;4;77,6389;61,9741;9,1;4,122;0,0;0,0;0,0;0,0103;-2,46;0;0,0535;0;1;4;0;0
7;HapticsFixedCC;4;77,6528;61,9741;9,1;4,1172;0,0;0,0;0,0;0,0098;-2,36;0;0,0535;0;1;4;0;0
7;HapticsFixedCC;4;77,6667;61,9741;9,1;4,1055;0,0;0,0;0,0;0,0094;-2,26;0;0,0535;0;1;4;0;0
7;HapticsFixedCC;4;77,6805;61,9741;9,1;4,1139;0,0;0,0;0,0;0,009;-2,17;0;0,0535;0;1;4;0;0
7;HapticsFixedCC;4;77,6944;61,9741;9,1;4,161;0,0;0,0;0,0;0,0087;-2,07;0;0,0535;0;1;4;0;0
7;HapticsFixedCC;4;77,7083;61,9741;9,1;4,2472;0,0;0,0;0,0;0,0084;-1,97;0;0,0535;0;1;4;0;0
7;HapticsFixedCC;4;77,7222;61,7235;9,1;4,3611;0,0;0,0;0,0;0,0053;-2,61;0;0,0514;0;1;4;0;0
7;HapticsFixedCC;4;77,7361;61,6884;9,1;4,4252;0,0;0,0;0,0;0,0048;-2,61;0;0,0511;0;1;4;0;0
7;HapticsFixedCC;4;77,75;61,6533;9,1;4,438;0,0;0,0;0,0;0,0044;-2,61;0;0,0508;0;1;4;0;0
7;HapticsFixedCC;4;77,7639;61,6182;9,1;4,5489;0,0;0,0;0,0;0,0041;-2,61;0;0,0505;0;1;4;0;0
7;HapticsFixedCC;4;77,7778;61,5831;9,1;4,6264;0,0;0,0;0,0;0,0038;-2,6;0;0,0502;0;1;4;0;0
7;HapticsFixedCC;4;77,7917;61,5479;9,1;4,7216;0,0;0,0;0,0;0,0037;-2,6;0;0,0499;0;1;4;0;0
7;HapticsFixedCC;4;77,8055;61,5227;9,1;4,8013;0,0;0,0;0,0;0,0035;-2,56;0;0,0497;0;1;4;0;0
7;HapticsFixedCC;4;77,8194;61,5227;9,1;4,8647;0,0;0,0;0,0;0,0031;-2,45;0;0,0497;0;1;4;0;0
7;HapticsFixedCC;4;77,8333;61,5227;9,1;4,9663;0,0;0,0;0,0;0,0028;-2,33;0;0,0497;0;1;4;0;0
7;HapticsFixedCC;4;77,8472;61,5227;9,1;5,0913;0,0;0,0;0,0;0,0026;-2,21;0;0,0497;0;1;4;0;0
7;HapticsFixedCC;4;77,8611;61,5227;9,1;5,1164;0,0;0,0;0,0;0,0025;-2,09;0;0,0497;0;1;4;0;0
7;HapticsFixedCC;4;77,875;61,5227;9,1;5,3041;0,0;0,0;0,0;0,0025;-1,97;0;0,0497;0;1;4;0;0
7;HapticsFixedCC;4;77,8889;61,5227;9,7;5,4564;0,0;0,0;0,0;0,0027;-1,83;0;0,0497;0;1;4;0;0
7;HapticsFixedCC;4;77,9028;61,2645;9,7;5,5493;0,0;0,0;0,0;0,0001;-2,4;0;0,0477;0;1;4;0;0
7;HapticsFixedCC;4;77,9167;61,2271;9,7;5,6043;0,0;0,0;0,0;0,0;-2,36;0;0,0474;0;1;4;0;0
7;HapticsFixedCC;4;77,9305;61,1897;9,7;5,63;0,0;0,0;0,0;0,0;-2,33;0;0,0471;0;1;4;0;0
7;HapticsFixedCC;4;77,9444;61,1522;9,7;5,6308;0,0;0,0;0,0;0,0002;-2,29;0;0,0468;0;1;4;0;0
7;HapticsFixedCC;4;77,9583;61,1148;9,7;5,6296;0,0;0,0;0,0;0,0003;-2,25;0;0,0465;0;1;4;0;0
7;HapticsFixedCC;4;77,9722;61,0773;9,7;5,6292;0,0;0,0;0,0;0,0006;-2,21;0;0,0462;0;1;4;0;0
7;HapticsFixedCC;4;77,9861;61,0641;9,7;5,5954;0,0;0,0;0,0;0,0008;-2,11;0;0,0461;0;1;4;0;0
7;HapticsFixedCC;4;78,0;61,0641;9,7;5,5562;0,0;0,0;0,0;0,0008;-1,97;0;0,0461;0;1;4;0;0
7;HapticsFixedCC;4;78,0139;61,0641;9,7;5,4965;0,0;0,0;0,0;0,0009;-1,83;0;0,0461;0;1;4;0;0
7;HapticsFixedCC;4;78,0278;61,0641;9,7;5,4544;0,0;0,0;0,0;0,0012;-1,7;0;0,0461;0;1;4;0;0
7;HapticsFixedCC;4;78,0417;61,0641;9,7;5,3831;0,0;0,0;0,0;0,0014;-1,56;0;0,0461;0;1;4;0;0
7;HapticsFixedCC;4;78,0555;61,0641;9,7;5,3689;0,0;0,0;0,0;0,0018;-1,43;0;0,0461;0;1;4;0;0
7;HapticsFixedCC;4;78,0694;60,8152;9,7;5,3224;0,0;0,0;0,0;-0,0003;-1,93;0;0,0443;0;1;4;0;0
7;HapticsFixedCC;4;78,0833;60,7777;9,7;5,1731;0,0;0,0;0,0;-0,0002;-1,9;0;0,044;0;1;4;0;0
7;HapticsFixedCC;4;78,0972;60,7403;9,7;5,0756;0,0;0,0;0,0;0,0;-1,87;0;0,0438;0;1;4;0;0
7;HapticsFixedCC;4;78,1111;60,7028;9,7;4,9534;0,0;0,0;0,0;0,0002;-1,84;0;0,0435;0;1;4;0;0
7;HapticsFixedCC;4;78,125;60,6654;9,7;4,8379;0,0;0,0;0,0;0,0005;-1,81;0;0,0432;0;1;4;0;0
7;HapticsFixedCC;4;78,1389;60,628;9,7;4,7384;0,0;0,0;0,0;0,0008;-1,79;0;0,043;0;1;4;0;0
7;HapticsFixedCC;4;78,1528;60,6114;9,7;4,6729;0,0;0,0;0,0;0,0009;-1,72;0;0,0428;0;1;4;0;0
7;HapticsFixedCC;4;78,1667;60,6114;9,7;4,616;0,0;0,0;0,0;0,001;-1,6;0;0,0428;0;1;4;0;0
7;HapticsFixedCC;4;78,1805;60,6114;9,7;4,6048;0,0;0,0;0,0;0,0012;-1,49;0;0,0428;0;1;4;0;0
7;HapticsFixedCC;4;78,1944;60,6114;9,7;4,5482;0,0;0,0;0,0;0,0014;-1,37;0;0,0428;0;1;4;0;0
7;HapticsFixedCC;4;78,2083;60,6114;9,7;4,5119;0,0;0,0;0,0;0,0016;-1,26;0;0,0428;0;1;4;0;0
7;HapticsFixedCC;4;78,2222;60,6114;9,7;4,4868;0,0;0,0;0,0;0,002;-1,15;0;0,0428;0;1;4;0;0
7;HapticsFixedCC;4;78,2361;60,3659;9,7;4,4553;0,0;0,0;0,0;0,0;-1,62;0;0,0412;0;1;4;0;0
7;HapticsFixedCC;4;78,25;60,3284;9,7;4,4207;0,0;0,0;0,0;0,0001;-1,6;0;0,041;0;1;4;0;0
7;HapticsFixedCC;4;78,2639;60,291;9,7;4,4138;0,0;0,0;0,0;0,0003;-1,58;0;0,0407;0;1;4;0;0
7;HapticsFixedCC;4;78,2778;60,2536;9,7;4,3772;0,0;0,0;0,0;0,0005;-1,56;0;0,0405;0;1;4;0;0
7;HapticsFixedCC;4;78,2917;60,2161;9,7;4,3646;0,0;0,0;0,0;0,0009;-1,54;0;0,0402;0;1;4;0;0
7;HapticsFixedCC;4;78,3055;60,1787;9,7;4,362;0,0;0,0;0,0;0,0012;-1,52;0;0,04;0;1;4;0;0
7;HapticsFixedCC;4;78,3194;60,1533;9,7;4,3706;0,0;0,0;0,0;0,0016;-1,47;0;0,0398;0;1;4;0;0
7;HapticsFixedCC;4;78,3333;60,1533;9,7;4,382;0,0;0,0;0,0;0,0017;-1,36;0;0,0398;0;1;4;0;0
7;HapticsFixedCC;4;78,3472;60,1533;9,7;4,3915;0,0;0,0;0,0;0,002;-1,25;0;0,0398;0;1;4;0;0
7;HapticsFixedCC;4;78,3611;60,1533;9,7;4,4005;0,0;0,0;0,0;0,0023;-1,14;0;0,0398;0;1;4;0;0
7;HapticsFixedCC;4;78,375;60,1533;9,7;4,4024;0,0;0,0;0,0;0,0027;-1,03;0;0,0398;0;1;4;0;0
7;HapticsFixedCC;4;78,3889;60,1533;10,2;4,4063;0,0;0,0;0,0;0,0032;-0,91;0;0,0398;0;1;4;0;0
7;HapticsFixedCC;4;78,4028;59,9147;10,2;4,4005;0,0;0,0;0,0;0,0017;-1,32;0;0,0384;0;1;8;0;0
7;HapticsFixedCC;4;78,4167;59,8753;10,2;4,3991;0,0;0,0;0,0;0,002;-1,3;0;0,0381;0;1;8;0;0
7;HapticsFixedCC;4;78,4305;59,836;10,2;4,3708;0,0;0,0;0,0;0,0023;-1,27;0;0,0379;0;1;8;0;0
7;HapticsFixedCC;4;78,4444;59,7966;10,2;4,3383;0,0;0,0;0,0;0,0028;-1,24;0;0,0377;0;1;8;0;0
7;HapticsFixedCC;4;78,4583;59,7572;10,2;4,3084;0,0;0,0;0,0;0,0033;-1,22;0;0,0374;0;1;8;0;0
7;HapticsFixedCC;4;78,4722;59,7179;10,2;4,2762;0,0;0,0;0,0;0,0039;-1,19;0;0,0372;0;1;8;0;0
7;HapticsFixedCC;4;78,4861;59,7003;10,2;4,2357;0,0;0,0;0,0;0,0043;-1,12;0;0,0371;0;1;8;0;0
7;HapticsFixedCC;4;78,5;59,7003;10,2;4,1917;0,0;0,0;0,0;0,0047;-1,01;0;0,0371;0;1;8;0;0
7;HapticsFixedCC;4;78,5139;59,7003;10,2;4,1248;0,0;0,0;0,0;0,0051;-0,9;0;0,0371;0;1;8;0;0
7;HapticsFixedCC;4;78,5278;59,7003;10,2;4,1115;0,0;0,0;0,0;0,0056;-0,79;0;0,0371;0;1;8;0;0
7;HapticsFixedCC;4;78,5417;59,7003;10,2;3,9621;0,0;0,0;0,0;0,0062;-0,69;0;0,0371;0;1;8;0;0
7;HapticsFixedCC;4;78,5555;59,7003;10,2;3,8371;0,0;0,0;0,0;0,0067;-0,59;0;0,0371;0;1;8;0;0
7;HapticsFixedCC;4;78,5694;59,4423;10,2;3,7219;0,0;0,0;0,0;0,0052;-1,02;0;0,0356;0;1;8;0;0
7;HapticsFixedCC;4;78,5833;59,4029;10,2;3,5195;0,0;0,0;0,0;0,0055;-1,01;0;0,0354;0;1;8;0;0
7;HapticsFixedCC;4;78,5972;59,3635;10,2;3,3231;0,0;0,0;0,0;0,0058;-1,0;0;0,0352;0;1;8;0;0
7;HapticsFixedCC;4;78,6111;59,3242;10,2;3,1413;0,0;0,0;0,0;0,0061;-1,0;0;0,035;0;1;8;0;0
7;HapticsFixedCC;4;78,625;59,2848;10,2;2,9469;0,0;0,0;0,0;0,0064;-1,01;0;0,0348;0;1;8;0;0
7;HapticsFixedCC;4;78,6389;59,2455;10,8;2,9083;0,0;0,0;0,0;0,0068;-1,01;0;0,0346;0;1;8;0;0
7;HapticsFixedCC;4;78,6528;59,2418;10,8;2,5746;0,0;0,0;0,0;0,0068;-0,94;0;0,0345;0;1;8;0;0
7;HapticsFixedCC;4;78,6667;59,2418;10,8;2,4145;0,0;0,0;0,0;0,0069;-0,88;0;0,0345;0;1;8;0;0
7;HapticsFixedCC;4;78,6805;59,2418;10,8;2,3825;0,0;0,0;0,0;0,0069;-0,81;0;0,0345;0;1;8;0;0
7;HapticsFixedCC;4;78,6944;59,2418;10,8;2,2025;0,0;0,0;0,0;0,007;-0,75;0;0,0345;0;1;8;0;0
7;HapticsFixedCC;4;78,7083;59,2418;10,8;2,0589;0,0;0,0;0,0;0,007;-0,69;0;0,0345;0;1;8;0;0
7;HapticsFixedCC;4;78,7222;58,9953;10,8;2,0386;0,0;0,0;0,0;0,0052;-1,11;0;0,0333;0;1;8;0;0
7;HapticsFixedCC;4;78,7361;58,9537;10,8;2,0104;0,0;0,0;0,0;0,005;-1,13;0;0,0331;0;1;8;0;0
7;HapticsFixedCC;4;78,75;58,912;10,8;2,0047;0,0;0,0;0,0;0,0049;-1,16;0;0,0329;0;1;8;0;0
7;HapticsFixedCC;4;78,7639;58,8703;10,8;1,9547;0,0;0,0;0,0;0,0047;-1,18;0;0,0326;0;1;8;0;0
7;HapticsFixedCC;4;78,7778;58,8287;10,8;1,926;0,0;0,0;0,0;0,0046;-1,21;0;0,0324;0;1;8;0;0
7;HapticsFixedCC;4;78,7917;58,7893;10,8;1,8983;0,0;0,0;0,0;0,0045;-1,23;0;0,0322;0;1;8;0;0
7;HapticsFixedCC;4;78,8055;58,7893;10,8;1,8758;0,0;0,0;0,0;0,0042;-1,18;0;0,0322;0;1;8;0;0
7;HapticsFixedCC;4;78,8194;58,7893;10,8;1,8577;0,0;0,0;0,0;0,0039;-1,13;0;0,0322;0;1;8;0;0
7;HapticsFixedCC;4;78,8333;58,7893;10,8;1,8541;0,0;0,0;0,0;0,0036;-1,08;0;0,0322;0;1;8;0;0
7;HapticsFixedCC;4;78,8472;58,7893;10,8;1,8437;0,0;0,0;0,0;0,0033;-1,03;0;0,0322;0;1;8;0;0
7;HapticsFixedCC;4;78,8611;58,7893;10,8;1,8309;0,0;0,0;0,0;0,003;-0,98;0;0,0322;0;1;8;0;0
7;HapticsFixedCC;4;78,875;58,5369;10,8;1,7968;0,0;0,0;0,0;0,001;-1,38;0;0,0311;0;1;8;0;0
7;HapticsFixedCC;4;78,8889;58,4953;10,8;1,7754;0,0;0,0;0,0;0,0005;-1,4;0;0,0309;0;1;8;0;0
7;HapticsFixedCC;4;78,9028;58,4536;10,8;1,7684;0,0;0,0;0,0;0,0001;-1,43;0;0,0307;0;1;8;0;0
7;HapticsFixedCC;4;78,9167;58,4119;10,8;1,7682;0,0;0,0;0,0;-0,0003;-1,45;0;0,0305;0;1;8;0;0
7;HapticsFixedCC;4;78,9305;58,3703;10,8;1,7752;0,0;0,0;0,0;-0,0007;-1,47;0;0,0303;0;1;8;0;0
7;HapticsFixedCC;4;78,9444;58,3296;10,8;1,7849;0,0;0,0;0,0;-0,001;-1,5;0;0,0301;0;1;8;0;0
7;HapticsFixedCC;4;78,9583;58,3296;10,8;1,7868;0,0;0,0;0,0;-0,0016;-1,45;0;0,0301;0;1;8;0;0
7;HapticsFixedCC;4;78,9722;58,3296;10,8;1,8019;0,0;0,0;0,0;-0,0021;-1,4;0;0,0301;0;1;8;0;0
7;HapticsFixedCC;4;78,9861;58,3296;10,8;1,8109;0,0;0,0;0,0;-0,0027;-1,35;0;0,0301;0;1;8;0;0
7;HapticsFixedCC;4;79,0;58,3296;10,8;1,8205;0,0;0,0;0,0;-0,0031;-1,29;0;0,0301;0;1;8;0;0
7;HapticsFixedCC;4;79,0139;58,3296;10,8;1,8076;0,0;0,0;0,0;-0,0036;-1,24;0;0,0301;0;1;8;0;0
7;HapticsFixedCC;4;79,0278;58,0786;10,8;1,7903;0,0;0,0;0,0;-0,0056;-1,61;0;0,029;0;1;8;0;0
7;HapticsFixedCC;4;79,0417;58,037;10,8;1,7457;0,0;0,0;0,0;-0,0063;-1,63;0;0,0288;0;1;8;0;0
7;HapticsFixedCC;4;79,0555;57,9953;10,8;1,7101;0,0;0,0;0,0;-0,0069;-1,65;0;0,0287;0;1;8;0;0
7;HapticsFixedCC;4;79,0694;57,9536;10,8;1,703;0,0;0,0;0,0;-0,0075;-1,68;0;0,0285;0;1;8;0;0
7;HapticsFixedCC;4;79,0833;57,912;10,8;1,6631;0,0;0,0;0,0;-0,0081;-1,7;0;0,0283;0;1;8;0;0
7;HapticsFixedCC;4;79,0972;57,8783;10,8;1,5829;0,0;0,0;0,0;-0,0087;-1,71;0;0,0282;0;1;8;0;0
7;HapticsFixedCC;4;79,1111;57,8783;10,8;1,5207;0,0;0,0;0,0;-0,0095;-1,67;0;0,0282;0;1;8;0;0
7;HapticsFixedCC;4;79,125;57,8783;10,8;1,4413;0,0;0,0;0,0;-0,0103;-1,63;0;0,0282;0;1;8;0;0
7;HapticsFixedCC;4;79,1389;57,8783;10,8;1,3717;0,0;0,0;0,0;-0,0111;-1,59;0;0,0282;0;1;8;0;0
7;HapticsFixedCC;4;79,1528;57,8783;11,1;1,3575;0,0;0,0;0,0;-0,0119;-1,55;0;0,0282;0;1;8;0;0
7;HapticsFixedCC;4;79,1667;57,8783;11,1;1,2759;0,0;0,0;0,0;-0,0127;-1,51;0;0,0282;0;1;8;0;0
7;HapticsFixedCC;4;79,1805;57,6182;11,1;1,1751;0,0;0,0;0,0;-0,0151;-1,89;0;0,0271;0;1;8;0;0
7;HapticsFixedCC;4;79,1944;57,5754;11,1;0,9524;0,0;0,0;0,0;-0,0162;-1,92;0;0,027;0;1;8;0;0
7;HapticsFixedCC;4;79,2083;57,5326;11,1;0,83;0,0;0,0;0,0;-0,0174;-1,97;0;0,0268;0;1;8;0;0
7;HapticsFixedCC;4;79,2222;57,4898;11,1;0,7325;0,0;0,0;0,0;-0,0185;-2,01;0;0,0266;0;1;8;0;0
7;HapticsFixedCC;4;79,2361;57,4469;11,1;0,6322;0,0;0,0;0,0;-0,0196;-2,06;0;0,0265;0;1;8;0;0
7;HapticsFixedCC;4;79,25;57,4182;11,1;0,5612;0,0;0,0;0,0;-0,0208;-2,09;0;0,0264;0;1;8;0;0
7;HapticsFixedCC;4;79,2639;57,4182;11,1;0,4761;0,0;0,0;0,0;-0,0223;-2,08;0;0,0264;0;1;8;0;0
7;HapticsFixedCC;4;79,2778;57,4182;11,1;0,4589;0,0;0,0;0,0;-0,0237;-2,06;0;0,0264;0;1;8;0;0
7;HapticsFixedCC;4;79,2917;57,4182;11,1;0,4015;0,0;0,0;0,0;-0,0251;-2,05;0;0,0264;0;1;8;0;0
7;HapticsFixedCC;4;79,3055;57,4182;11,1;0,3223;0,0;0,0;0,0;-0,0266;-2,04;0;0,0264;0;1;8;0;0
7;HapticsFixedCC;4;79,3194;57,1903;11,1;0,227;0,0;0,0;0,0;-0,0283;-2,07;0;0,0132;0;1;8;0;0
7;HapticsFixedCC;4;79,3333;57,1475;11,1;0,1648;0,0;0,0;0,0;-0,0298;-2,07;0;0,0107;0;1;8;0;0
7;HapticsFixedCC;4;79,3472;57,1047;11,1;0,0925;0,0;0,0;0,0;-0,0314;-2,07;0;0,0082;0;1;8;0;0
7;HapticsFixedCC;4;79,3611;57,0619;11,1;0,0252;0,0;0,0;0,0;-0,033;-2,08;0;0,0058;0;1;8;0;0
7;HapticsFixedCC;4;79,375;57,0191;11,1;-0,0395;0,0;0,0;0,0;-0,0345;-2,08;0;0,0033;0;1;8;0;0
7;HapticsFixedCC;4;79,3889;56,9763;11,1;-0,0522;0,0;0,0;0,0;-0,0361;-2,09;0;0,0008;0;1;8;0;0
7;HapticsFixedCC;4;79,4028;56,9652;11,1;-0,1227;0,0;0,0;0,0;-0,0377;-2,1;0;0,0002;0;1;1;0;0
7;HapticsFixedCC;4;79,4167;56,9652;11,1;-0,1956;0,0;0,0;0,0;-0,0394;-2,1;0;0,0002;0;1;1;0;0
7;HapticsFixedCC;4;79,4305;56,9652;11,1;-0,2595;0,0;0,0;0,0;-0,041;-2,11;0;0,0002;0;1;1;0;0
7;HapticsFixedCC;4;79,4444;56,9652;11,1;-0,3059;0,0;0,0;0,0;-0,0427;-2,12;0;0,0002;0;1;1;0;0
7;HapticsFixedCC;4;79,4583;56,9652;11,1;-0,3742;0,0;0,0;0,0;-0,0444;-2,13;1;0,0002;0;1;1;0;0
7;HapticsFixedCC;4;79,4722;56,7196;11,1;-0,3879;0,0;0,0;0,0;-0,0461;-2,14;1;0,0001;0;1;1;0;0
7;HapticsFixedCC;4;79,4861;56,6768;11,1;-0,4382;0,0;0,0;0,0;-0,0479;-2,15;1;0,0001;0;1;1;0;0
7;HapticsFixedCC;4;79,5;56,634;11,1;-0,5314;0,0;0,0;0,0;-0,0496;-2,16;1;0,0001;0;1;1;0;0
7;HapticsFixedCC;4;79,5139;56,5912;11,1;-0,7261;0,0;0,0;0,0;-0,0515;-2,18;1;0,0;0;1;1;0;0
7;HapticsFixedCC;4;79,5278;56,5485;11,1;-0,8342;0,0;0,0;0,0;-0,0534;-2,21;1;0,0;0;1;1;0;0
7;HapticsFixedCC;4;79,5417;56,5093;11,1;-0,9377;0,0;0,0;0,0;-0,0553;-2,23;1;0,0;0;1;1;0;0
7;HapticsFixedCC;4;79,5555;56,5093;11,1;-1,0459;0,0;0,0;0,0;-0,0573;-2,26;1;0,0;0;1;1;0;0
7;HapticsFixedCC;4;79,5694;56,5093;11,1;-1,1265;0,0;0,0;0,0;-0,0593;-2,29;1;0,0;0;1;1;0;0
7;HapticsFixedCC;4;79,5833;56,5093;11,1;-1,2119;0,0;0,0;0,0;-0,0614;-2,33;1;0,0;0;1;1;0;0
7;HapticsFixedCC;4;79,5972;56,5093;11,1;-1,2288;0,0;0,0;0,0;-0,0635;-2,36;1;0,0;0;1;1;0;0
7;HapticsFixedCC;4;79,6111;56,5093;11,1;-1,2768;0,0;0,0;0,0;-0,0656;-2,4;1;0,0;0;1;1;0;0
7;HapticsFixedCC;4;79,625;56,249;11,1;-1,3143;0,0;0,0;0,0;-0,0678;-2,44;1;0,0;0;1;1;0;0
7;HapticsFixedCC;4;79,6389;56,2062;11,3;-1,3639;0,0;0,0;0,0;-0,07;-2,48;1;0,0001;0;1;1;0;0
7;HapticsFixedCC;4;79,6528;56,1627;11,3;-1,3891;0,0;0,0;0,0;-0,0724;-2,52;1;0,0001;0;1;1;0;0
7;HapticsFixedCC;4;79,6667;56,1191;11,3;-1,3967;0,0;0,0;0,0;-0,0747;-2,56;1;0,0001;0;1;1;0;0
7;HapticsFixedCC;4;79,6805;56,0756;11,3;-1,3993;0,0;0,0;0,0;-0,0771;-2,6;1;0,0001;0;1;1;0;0
7;HapticsFixedCC;4;79,6944;56,0516;11,3;-1,3997;0,0;0,0;0,0;-0,0795;-2,64;1;0,0001;0;1;1;0;0
7;HapticsFixedCC;4;79,7083;56,0516;11,3;-1,3867;0,0;0,0;0,0;-0,0819;-2,68;1;0,0001;0;1;1;0;0
7;HapticsFixedCC;4;79,7222;56,0516;11,3;-1,364;0,0;0,0;0,0;-0,0843;-2,72;1;0,0001;0;1;1;0;0
7;HapticsFixedCC;4;79,7361;56,0516;11,3;-1,2798;0,0;0,0;0,0;-0,0868;-2,75;1;0,0001;0;1;1;0;0
7;HapticsFixedCC;4;79,75;56,0516;11,3;-1,2275;0,0;0,0;0,0;-0,0892;-2,79;1;0,0001;0;1;1;0;0
7;HapticsFixedCC;4;79,7639;55,8144;11,3;-1,177;0,0;0,0;0,0;-0,0917;-2,83;1;0,0;0;1;1;0;0
7;HapticsFixedCC;4;79,7778;55,7709;11,3;-1,1461;0,0;0,0;0,0;-0,0942;-2,86;1;0,0;0;1;1;0;0
7;HapticsFixedCC;4;79,7917;55,7274;11,3;-1,1399;0,0;0,0;0,0;-0,0967;-2,89;1;0,0;0;1;1;0;0
7;HapticsFixedCC;4;79,8055;55,6839;11,3;-1,1039;0,0;0,0;0,0;-0,0992;-2,93;1;0,0;0;1;1;0;0
7;HapticsFixedCC;4;79,8194;55,6404;11,3;-1,0725;0,0;0,0;0,0;-0,1017;-2,96;1;0,0;0;1;1;0;0
7;HapticsFixedCC;4;79,8333;55,5968;11,3;-1,0175;0,0;0,0;0,0;-0,1042;-2,99;1;0,0;0;1;1;0;0
7;HapticsFixedCC;4;79,8472;55,5966;11,3;-0,9849;0,0;0,0;0,0;-0,1068;-3,02;1;0,0;0;1;1;0;0
7;HapticsFixedCC;4;79,8611;55,5966;11,3;-0,9653;0,0;0,0;0,0;-0,1094;-3,04;1;0,0;0;1;1;0;0
7;HapticsFixedCC;4;79,875;55,5966;11,3;-0,954;0,0;0,0;0,0;-0,112;-3,07;1;0,0;0;1;1;0;0
7;HapticsFixedCC;4;79,8889;55,5966;11,3;-0,9451;0,0;0,0;0,0;-0,1146;-3,1;1;0,0;0;1;1;0;0
7;HapticsFixedCC;4;79,9028;55,5966;11,4;-0,9434;0,0;0,0;0,0;-0,1172;-3,13;1;0,0;0;1;1;0;0
7;HapticsFixedCC;4;79,9167;55,3354;11,4;-0,9383;0,0;0,0;0,0;-0,1199;-3,16;1;0,0;0;1;1;0;0
7;HapticsFixedCC;4;79,9305;55,2915;11,4;-0,9216;0,0;0,0;0,0;-0,1226;-3,18;1;0,0;0;1;1;0;0
7;HapticsFixedCC;4;79,9444;55,2476;11,4;-0,9038;0,0;0,0;0,0;-0,1253;-3,21;1;0,0;0;1;1;0;0
7;HapticsFixedCC;4;79,9583;55,2037;11,4;-0,8366;0,0;0,0;0,0;-0,128;-3,24;1;0,0;0;1;1;0;0
7;HapticsFixedCC;4;79,9722;55,1598;11,4;-0,772;0,0;0,0;0,0;-0,1307;-3,26;1;0,0;0;1;1;0;0
7;HapticsFixedCC;4;79,9861;55,1393;11,4;-0,6908;0,0;0,0;0,0;-0,1334;-3,28;1;0,0;0;1;1;0;0
7;HapticsFixedCC;4;80,0;55,1393;11,4;-0,5888;0,0;0,0;0,0;-0,1361;-3,3;1;0,0;0;1;1;0;0
7;HapticsFixedCC;4;80,0139;55,1393;11,4;-0,5684;0,0;0,0;0,0;-0,1388;-3,31;1;0,0;0;1;1;0;0
7;HapticsFixedCC;4;80,0278;55,1393;11,4;-0,4281;0,0;0,0;0,0;-0,1415;-3,33;1;0,0;0;1;1;0;0
7;HapticsFixedCC;4;80,0417;55,1393;11,4;-0,226;0,0;0,0;0,0;-0,1441;-3,33;1;0,0;0;1;1;0;0
7;HapticsFixedCC;4;80,0555;54,8964;11,4;0,1352;0,0;0,0;0,0;-0,1466;-3,33;1;0,0;0;1;1;0;0
7;HapticsFixedCC;4;80,0694;54,8524;11,4;0,3431;0,0;0,0;0,0;-0,149;-3,32;1;0,0;0;1;1;0;0
7;HapticsFixedCC;4;80,0833;54,8085;11,4;0,5187;0,0;0,0;0,0;-0,1514;-3,3;1;0,0;0;1;1;0;0
7;HapticsFixedCC;4;80,0972;54,7646;11,4;0,5538;0,0;0,0;0,0;-0,1538;-3,29;1;0,0;0;1;1;0;0
7;HapticsFixedCC;4;80,1111;54,7207;11,4;0,7532;0,0;0,0;0,0;-0,1561;-3,27;1;0,0;0;1;1;0;0
7;HapticsFixedCC;4;80,125;54,6842;11,4;0,9683;0,0;0,0;0,0;-0,1583;-3,24;1;0,0;0;1;1;0;0
7;HapticsFixedCC;4;80,1389;54,6842;11,4;1,1361;0,0;0,0;0,0;-0,1604;-3,21;1;0,0;0;1;1;0;0
7;HapticsFixedCC;4;80,1528;54,6842;11,4;1,2858;0,0;0,0;0,0;-0,1625;-3,17;1;0,0;0;1;1;0;0
7;HapticsFixedCC;4;80,1667;54,6842;11,4;1,3737;0,0;0,0;0,0;-0,1645;-3,13;1;0,0;0;1;1;0;0
7;HapticsFixedCC;4;80,1805;54,6842;11,4;1,4054;0,0;0,0;0,0;-0,1665;-3,09;1;0,0;0;1;1;0;0
7;HapticsFixedCC;4;80,1944;54,6842;11,4;1,4254;0,0;0,0;0,0;-0,1684;-3,05;1;0,0;0;1;1;0;0
7;HapticsFixedCC;4;80,2083;54,4131;11,4;1,4068;0,0;0,0;0,0;-0,1703;-3,01;1;0,0;0;1;1;0;0
7;HapticsFixedCC;4;80,2222;54,3692;11,4;1,4027;0,0;0,0;0,0;-0,1722;-2,97;1;0,0;0;1;1;0;0
7;HapticsFixedCC;4;80,2361;54,3252;11,4;1,3939;0,0;0,0;0,0;-0,174;-2,92;1;0,0;0;1;1;0;0
7;HapticsFixedCC;4;80,25;54,2813;11,4;1,3906;0,0;0,0;0,0;-0,1758;-2,88;1;0,0;0;1;1;0;0
7;HapticsFixedCC;4;80,2639;54,2374;11,4;1,3741;0,0;0,0;0,0;-0,1776;-2,84;1;0,0;0;1;1;0;0
7;HapticsFixedCC;4;80,2778;54,2281;11,4;1,3519;0,0;0,0;0,0;-0,1794;-2,81;1;0,0;0;1;1;0;0
7;HapticsFixedCC;4;80,2917;54,2281;11,4;1,3375;0,0;0,0;0,0;-0,1811;-2,77;1;0,0;0;1;1;0;0
7;HapticsFixedCC;4;80,3055;54,2281;11,4;1,3393;0,0;0,0;0,0;-0,1828;-2,73;1;0,0;0;1;1;0;0
7;HapticsFixedCC;4;80,3194;54,2281;11,4;1,3631;0,0;0,0;0,0;-0,1845;-2,69;1;0,0;0;1;1;0;0
7;HapticsFixedCC;4;80,3333;54,2281;11,4;1,4138;0,0;0,0;0,0;-0,1861;-2,65;1;0,0;0;1;1;0;0
7;HapticsFixedCC;4;80,3472;53,9737;11,4;1,4653;0,0;0,0;0,0;-0,1877;-2,6;1;0,0;0;1;1;0;0
7;HapticsFixedCC;4;80,3611;53,9297;11,4;1,5332;0,0;0,0;0,0;-0,1893;-2,56;1;0,0;0;1;1;0;0
7;HapticsFixedCC;4;80,375;53,8857;11,4;1,6161;0,0;0,0;0,0;-0,1907;-2,51;1;0,0;0;1;1;0;0
7;HapticsFixedCC;4;80,3889;53,8418;11,2;1,7167;0,0;0,0;0,0;-0,1922;-2,46;1;0,0;0;1;1;0;0
7;HapticsFixedCC;4;80,4028;53,7986;11,2;1,8447;0,0;0,0;0,0;-0,1935;-2,41;1;0,0;0;1;1;0;0
7;HapticsFixedCC;4;80,4167;53,7721;11,2;2,0071;0,0;0,0;0,0;-0,1947;-2,35;1;0,0;0;1;3;0;0
7;HapticsFixedCC;4;80,4305;53,7721;11,2;2,1176;0,0;0,0;0,0;-0,1958;-2,29;1;0,0;0;1;3;0;0
7;HapticsFixedCC;4;80,4444;53,7721;11,2;2,2611;0,0;0,0;0,0;-0,1968;-2,23;1;0,0;0;1;3;0;0
7;HapticsFixedCC;4;80,4583;53,7721;11,2;2,3987;0,0;0,0;0,0;-0,1978;-2,16;1;0,0;0;1;3;0;0
7;HapticsFixedCC;4;80,4722;53,7721;11,2;2,4891;0,0;0,0;0,0;-0,1987;-2,08;1;0,0;0;1;3;0;0
7;HapticsFixedCC;4;80,4861;53,5394;11,2;2,5891;0,0;0,0;0,0;-0,1994;-2,01;1;0,0;0;1;3;0;0
7;HapticsFixedCC;4;80,5;53,4961;11,2;2,7017;0,0;0,0;0,0;-0,2001;-1,93;1;0,0;0;1;3;0;0
7;HapticsFixedCC;4;80,5139;53,4529;11,2;2,7601;0,0;0,0;0,0;-0,2008;-1,85;1;0,0;0;1;3;0;0
7;HapticsFixedCC;4;80,5278;53,4097;11,2;2,8046;0,0;0,0;0,0;-0,2013;-1,77;1;0,0;0;1;3;0;0
7;HapticsFixedCC;4;80,5417;53,3665;11,2;2,8245;0,0;0,0;0,0;-0,2018;-1,69;1;0,0;0;1;3;0;0
7;HapticsFixedCC;4;80,5555;53,3233;11,2;2,837;0,0;0,0;0,0;-0,2022;-1,61;1;0,0;0;1;3;0;0
7;HapticsFixedCC;4;80,5694;53,3159;11,2;2,8455;0,0;0,0;0,0;-0,2026;-1,52;1;0,0;0;1;3;0;0
7;HapticsFixedCC;4;80,5833;53,3159;11,2;2,8462;0,0;0,0;0,0;-0,2029;-1,44;1;0,0;0;1;3;0;0
7;HapticsFixedCC;4;80,5972;53,3159;11,2;2,8314;0,0;0,0;0,0;-0,2031;-1,36;1;0,0;0;1;3;0;0
7;HapticsFixedCC;4;80,6111;53,3159;11,2;2,7745;0,0;0,0;0,0;-0,2033;-1,28;1;0,0;0;1;3;0;0
7;HapticsFixedCC;4;80,625;53,3159;11,2;2,6847;0,0;0,0;0,0;-0,2034;-1,2;1;0,0;0;1;3;0;0
7;HapticsFixedCC;4;80,6389;53,064;11,2;2,6174;0,0;0,0;0,0;-0,2035;-1,12;1;0,0;0;1;3;0;0
7;HapticsFixedCC;4;80,6528;53,0208;11,2;2,5364;0,0;0,0;0,0;-0,2036;-1,05;1;0,0;0;1;3;0;0
7;HapticsFixedCC;4;80,6667;52,9775;11,2;2,459;0,0;0,0;0,0;-0,2037;-0,98;1;0,0;0;1;3;0;0
7;HapticsFixedCC;4;80,6805;52,9343;11,2;2,358;0,0;0,0;0,0;-0,2037;-0,91;1;0,0;0;1;3;0;0
7;HapticsFixedCC;4;80,6944;52,8911;11,2;2,193;0,0;0,0;0,0;-0,2037;-0,85;1;0,0;0;1;3;0;0
7;HapticsFixedCC;4;80,7083;52,8596;11,2;2,0403;0,0;0,0;0,0;-0,2038;-0,79;1;0,0;0;1;3;0;0
7;HapticsFixedCC;4;80,7222;52,8596;11,2;1,8976;0,0;0,0;0,0;-0,2038;-0,74;1;0,0;0;1;3;0;0
7;HapticsFixedCC;4;80,7361;52,8596;11,2;1,6979;0,0;0,0;0,0;-0,2038;-0,69;1;0,0;0;1;3;0;0
7;HapticsFixedCC;4;80,75;52,8596;11,2;1,4815;0,0;0,0;0,0;-0,2039;-0,65;1;0,0;0;1;3;0;0
7;HapticsFixedCC;4;80,7639;52,8596;11,2;1,2868;0,0;0,0;0,0;-0,204;-0,61;1;0,0;0;1;3;0;0
7;HapticsFixedCC;4;80,7778;52,6319;11,2;1,0494;0,0;0,0;0,0;-0,2042;-0,58;1;0,0;0;1;3;0;0
7;HapticsFixedCC;4;80,7917;52,5886;11,2;0,8248;0,0;0,0;0,0;-0,2043;-0,56;1;0,0;0;1;3;0;0
7;HapticsFixedCC;4;80,8055;52,5454;11,2;0,6098;0,0;0,0;0,0;-0,2046;-0,54;1;0,0;0;1;3;0;0
7;HapticsFixedCC;4;80,8194;52,5022;11,2;0,3936;0,0;0,0;0,0;-0,2049;-0,53;1;0,0;0;1;3;0;0
7;HapticsFixedCC;4;80,8333;52,459;11,2;0,1533;0,0;0,0;0,0;-0,2052;-0,52;1;0,0;0;1;3;0;0
7;HapticsFixedCC;4;80,8472;52,4158;11,2;-0,098;0,0;0,0;0,0;-0,2056;-0,53;1;0,0;0;1;3;0;0
7;HapticsFixedCC;4;80,8611;52,4048;11,2;-0,3532;0,0;0,0;0,0;-0,2061;-0,54;1;0,0;0;1;3;0;0
7;HapticsFixedCC;4;80,875;52,4048;11,2;-0,6131;0,0;0,0;0,0;-0,2067;-0,56;1;0,0;0;1;3;0;0
7;HapticsFixedCC;4;80,8889;52,4048;11,3;-0,8822;0,0;0,0;0,0;-0,2074;-0,58;1;0,0;0;1;3;0;0
7;HapticsFixedCC;4;80,9028;52,4048;11,3;-1,1371;0,0;0,0;0,0;-0,2081;-0,62;1;0,0;0;1;3;0;0
7;HapticsFixedCC;4;80,9167;52,4048;11,3;-1,387;0,0;0,0;0,0;-0,209;-0,66;1;0,0;0;1;3;0;0
7;HapticsFixedCC;4;80,9305;52,1554;11,3;-1,5994;0,0;0,0;0,0;-0,21;-0,7;1;0,0;0;1;3;0;0
7;HapticsFixedCC;4;80,9444;52,1119;11,3;-1,7818;0,0;0,0;0,0;-0,211;-0,76;1;0,0;0;1;3;0;0
7;HapticsFixedCC;4;80,9583;52,0683;11,3;-1,9394;0,0;0,0;0,0;-0,2122;-0,81;1;0,0;0;1;3;0;0
7;HapticsFixedCC;4;80,9722;52,0247;11,3;-2,0501;0,0;0,0;0,0;-0,2134;-0,87;1;0,0;0;1;3;0;0
7;HapticsFixedCC;4;80,9861;51,9811;11,3;-2,1148;0,0;0,0;0,0;-0,2147;-0,94;1;0,0;0;1;3;0;0
7;HapticsFixedCC;4;81,0;51,9471;11,3;-2,0921;0,0;0,0;0,0;-0,216;-1,0;1;0,0;0;1;3;0;0
7;HapticsFixedCC;4;81,0139;51,9471;11,3;-2,0986;0,0;0,0;0,0;-0,2174;-1,06;1;0,0;0;1;3;0;0
7;HapticsFixedCC;4;81,0278;51,9471;11,3;-2,0915;0,0;0,0;0,0;-0,2188;-1,12;1;0,0;0;1;3;0;0
7;HapticsFixedCC;4;81,0417;51,9471;11,3;-2,0975;0,0;0,0;0,0;-0,2203;-1,18;1;0,0;0;1;3;0;0
7;HapticsFixedCC;4;81,0555;51,9471;11,3;-2,0987;0,0;0,0;0,0;-0,2218;-1,24;1;0,0;0;1;3;0;0
7;HapticsFixedCC;4;81,0694;51,7197;11,3;-2,1035;0,0;0,0;0,0;-0,2233;-1,3;1;0,0;0;1;3;0;0
7;HapticsFixedCC;4;81,0833;51,6761;11,3;-2,0959;0,0;0,0;0,0;-0,225;-1,37;1;0,0;0;1;3;0;0
7;HapticsFixedCC;4;81,0972;51,6325;11,3;-2,072;0,0;0,0;0,0;-0,2266;-1,43;1;0,0;0;1;3;0;0
7;HapticsFixedCC;4;81,1111;51,589;11,3;-2,0312;0,0;0,0;0,0;-0,2283;-1,49;1;0,0;0;1;3;0;0
7;HapticsFixedCC;4;81,125;51,5454;11,3;-1,9804;0,0;0,0;0,0;-0,23;-1,54;1;0,0;0;1;3;0;0
7;HapticsFixedCC;4;81,1389;51,5018;11,3;-1,9556;0,0;0,0;0,0;-0,2318;-1,6;1;0,0;0;1;3;0;0
7;HapticsFixedCC;4;81,1528;51,4933;11,0;-1,9358;0,0;0,0;0,0;-0,2335;-1,66;1;0,0;0;1;3;0;0
7;HapticsFixedCC;4;81,1667;51,4933;11,0;-1,9166;0,0;0,0;0,0;-0,2353;-1,71;1;0,0;0;1;3;0;0
7;HapticsFixedCC;4;81,1805;51,4933;11,0;-1,9041;0,0;0,0;0,0;-0,2371;-1,77;1;0,0;0;1;3;0;0
7;HapticsFixedCC;4;81,1944;51,4933;11,0;-1,8985;0,0;0,0;0,0;-0,2389;-1,82;1;0,0;0;1;3;0;0
7;HapticsFixedCC;4;81,2083;51,4933;11,0;-1,8986;0,0;0,0;0,0;-0,2408;-1,87;1;0,0;0;1;3;0;0
7;HapticsFixedCC;4;81,2222;51,2462;11,0;-1,913;0,0;0,0;0,0;-0,2428;-1,93;1;0,0001;0;1;3;0;0
7;HapticsFixedCC;4;81,2361;51,2039;11,0;-1,9361;0,0;0,0;0,0;-0,2448;-1,98;1;0,0002;0;1;3;0;0
7;HapticsFixedCC;4;81,25;51,1615;11,0;-1,977;0,0;0,0;0,0;-0,2468;-2,04;1;0,0002;0;1;3;0;0
7;HapticsFixedCC;4;81,2639;51,1191;11,0;-2,0524;0,0;0,0;0,0;-0,2489;-2,1;1;0,0002;0;1;3;0;0
7;HapticsFixedCC;4;81,2778;51,0767;11,0;-2,1105;0,0;0,0;0,0;-0,2511;-2,16;1;0,0002;0;1;3;0;0
7;HapticsFixedCC;4;81,2917;51,038;11,0;-2,171;1,0;0,0;0,0;-0,2533;-2,22;1;0,0002;0;1;3;0;0
7;HapticsFixedCC;4;81,3055;51,038;11,0;-2,2418;1,0;0,0;0,0;-0,2556;-2,28;1;0,0002;0;1;3;0;0
7;HapticsFixedCC;4;81,3194;51,038;11,0;-2,2936;1,0;0,0;0,0;-0,258;-2,35;1;0,0002;0;1;3;0;0
7;HapticsFixedCC;4;81,3333;51,038;11,0;-2,3626;1,0;0,0;0,0;-0,2604;-2,41;1;0,0002;0;1;3;0;0
7;HapticsFixedCC;4;81,3472;51,038;11,0;-2,4204;1,0;0,0;0,0;-0,2629;-2,48;1;0,0002;0;1;3;0;0
7;HapticsFixedCC;4;81,3611;51,038;11,0;-2,4746;1,0;0,0;0,0;-0,2655;-2,55;1;0,0002;0;1;3;0;0
7;HapticsFixedCC;4;81,375;50,7801;11,0;-2,5628;1,0;0,0;0,0;-0,2681;-2,62;1;0,0001;0;1;3;0;0
7;HapticsFixedCC;4;81,3889;50,7377;11,0;-2,6368;1,0;0,0;0,0;-0,2708;-2,7;1;0,0001;0;1;3;0;0
7;HapticsFixedCC;4;81,4028;50,6953;11,0;-2,7331;1,0;0,0;0,0;-0,2736;-2,77;1;0,0001;0;1;3;0;0
7;HapticsFixedCC;4;81,4167;50,653;11,0;-2,8135;1,0;0,0;0,0;-0,2765;-2,85;1;0,0;0;1;3;0;0
7;HapticsFixedCC;4;81,4305;50,6107;11,0;-2,8771;1,0;0,0;0,0;-0,2795;-2,93;1;0,0;0;1;8;0;0
7;HapticsFixedCC;4;81,4444;50,5801;11,0;-2,9479;1,0;0,0;0,0;-0,2825;-3,02;1;0,0;0;1;8;0;0
7;HapticsFixedCC;4;81,4583;50,5801;11,0;-3,0608;1,0;0,0;0,0;-0,2856;-3,1;1;0,0;0;1;8;0;0
7;HapticsFixedCC;4;81,4722;50,5801;11,0;-3,1043;1,0;0,0;0,0;-0,2888;-3,19;1;0,0;0;1;8;0;0
7;HapticsFixedCC;4;81,4861;50,5801;11,0;-3,2357;1,0;0,0;0,0;-0,2921;-3,28;1;0,0;0;1;8;0;0
7;HapticsFixedCC;4;81,5;50,5801;11,0;-3,294;1,0;0,0;0,0;-0,2955;-3,38;1;0,0;0;1;8;0;0
7;HapticsFixedCC;4;81,5139;50,3483;11,0;-3,3926;1,0;0,0;0,0;-0,2926;-1,87;1;0,0437;0;1;8;0;0
7;HapticsFixedCC;4;81,5278;50,3059;11,0;-3,4909;1,0;0,0;0,0;-0,2949;-1,68;1;0,0517;0;1;8;0;0
7;HapticsFixedCC;4;81,5417;50,2636;11,0;-3,5704;1,0;0,0;0,0;-0,2974;-1,48;1;0,0597;0;1;8;0;0
7;HapticsFixedCC;4;81,5555;50,2212;11,0;-3,6596;1,0;0,0;0,0;-0,3;-1,3;1;0,0677;0;1;8;0;0
7;HapticsFixedCC;4;81,5694;50,1788;11,0;-3,7047;1,0;0,0;0,0;-0,3026;-1,11;1;0,0756;0;1;8;0;0
7;HapticsFixedCC;4;81,5833;50,1365;11,0;-3,8115;1,0;0,0;0,0;-0,3054;-0,92;1;0,0836;0;1;8;0;0
7;HapticsFixedCC;4;81,5972;50,133;11,0;-3,9587;1,0;0,0;0,0;-0,3073;-1,01;1;0,0843;0;1;8;0;0
7;HapticsFixedCC;4;81,6111;50,133;11,0;-4,0711;1,0;0,0;0,0;-0,3092;-1,12;1;0,0843;0;1;8;0;0
7;HapticsFixedCC;4;81,625;50,133;11,0;-4,1569;1,0;0,0;0,0;-0,3113;-1,24;1;0,0843;0;1;8;0;0
7;HapticsFixedCC;4;81,6389;50,133;11,0;-4,2209;1,0;0,0;0,0;-0,3134;-1,36;1;0,0843;0;1;8;0;0
7;HapticsFixedCC;4;81,6528;50,133;11,0;-4,2682;1,0;0,0;0,0;-0,3157;-1,48;0;0,0843;0;1;8;0;0
7;HapticsFixedCC;4;81,6667;49,8688;11,0;-4,3006;1,0;0,0;0,0;-0,3136;-0,5;0;0,0733;0;1;8;0;0
7;HapticsFixedCC;4;81,6805;49,8264;11,0;-4,3411;1,0;0,0;0,0;-0,3153;-0,45;0;0,0715;0;1;8;0;0
7;HapticsFixedCC;4;81,6944;49,784;11,0;-4,3453;1,0;0,0;0,0;-0,3171;-0,39;0;0,0698;0;1;8;0;0
7;HapticsFixedCC;4;81,7083;49,7415;11,0;-4,3705;1,0;0,0;0,0;-0,319;-0,34;0;0,068;0;1;8;0;0
7;HapticsFixedCC;4;81,7222;49,6991;11,0;-4,3959;1,0;0,0;0,0;-0,321;-0,29;0;0,0662;0;1;8;0;0
7;HapticsFixedCC;4;81,7361;49,6787;11,0;-4,426;1,0;0,0;0,0;-0,3228;-0,33;0;0,0654;0;1;8;0;0
7;HapticsFixedCC;4;81,75;49,6787;11,0;-4,4739;1,0;0,0;0,0;-0,3243;-0,45;0;0,0654;0;1;8;0;0
7;HapticsFixedCC;4;81,7639;49,6787;11,0;-4,4883;1,0;0,0;0,0;-0,326;-0,58;0;0,0654;0;1;8;0;0
7;HapticsFixedCC;4;81,7778;49,6787;11,0;-4,5215;1,0;0,0;0,0;-0,3277;-0,71;0;0,0654;0;1;8;0;0
7;HapticsFixedCC;4;81,7917;49,6787;11,0;-4,5758;1,0;0,0;0,0;-0,3296;-0,84;0;0,0654;0;1;8;0;0
7;HapticsFixedCC;4;81,8055;49,4348;11,0;-4,5886;1,0;0,0;0,0;-0,3281;-0,1;0;0,062;0;1;8;0;0
7;HapticsFixedCC;4;81,8194;49,3923;11,0;-4,61;1,0;0,0;0,0;-0,3295;-0,09;0;0,0614;0;1;8;0;0
7;HapticsFixedCC;4;81,8333;49,3499;11,0;-4,6653;1,0;0,0;0,0;-0,3311;-0,07;0;0,0608;0;1;8;0;0
7;HapticsFixedCC;4;81,8472;49,3075;11,0;-4,7029;1,0;0,0;0,0;-0,3328;-0,05;0;0,0602;0;1;8;0;0
7;HapticsFixedCC;4;81,8611;49,2651;11,0;-4,6918;1,0;0,0;0,0;-0,3346;-0,03;0;0,0596;0;1;8;0;0
7;HapticsFixedCC;4;81,875;49,2235;11,0;-4,7383;1,0;0,0;0,0;-0,3364;-0,03;0;0,0591;0;1;8;0;0
7;HapticsFixedCC;4;81,8889;49,2235;11,0;-4,7678;1,0;0,0;0,0;-0,3378;-0,16;0;0,0591;0;1;8;0;0
7;HapticsFixedCC;4;81,9028;49,2235;11,0;-4,7569;1,0;0,0;0,0;-0,3393;-0,29;0;0,0591;0;1;8;0;0
7;HapticsFixedCC;4;81,9167;49,2235;11,0;-4,7905;1,0;0,0;0,0;-0,3409;-0,42;0;0,0591;0;1;8;0;0
7;HapticsFixedCC;4;81,9305;49,2235;11,0;-4,7996;1,0;0,0;0,0;-0,3427;-0,56;0;0,0591;0;1;8;0;0
7;HapticsFixedCC;4;81,9444;49,2235;11,0;-4,7836;1,0;0,0;0,0;-0,3445;-0,7;0;0,0591;0;1;8;0;0
7;HapticsFixedCC;4;81,9583;48,9589;11,0;-4,7565;1,0;0,0;0,0;-0,3429;0,04;0;0,0574;0;1;8;0;0
7;HapticsFixedCC;4;81,9722;48,9164;11,0;-4,7104;1,0;0,0;0,0;-0,3444;0,05;0;0,0572;0;1;8;0;0
7;HapticsFixedCC;4;81,9861;48,874;11,0;-4,6588;1,0;0,0;0,0;-0,3459;0,05;0;0,0569;0;1;8;0;0
7;HapticsFixedCC;4;82,0;48,8316;11,0;-4,6089;1,0;0,0;0,0;-0,3475;0,07;0;0,0567;0;1;8;0;0
7;HapticsFixedCC;4;82,0139;48,7891;11,0;-4,5751;1,0;0,0;0,0;-0,3491;0,08;0;0,0564;0;1;8;0;0
7;HapticsFixedCC;4;82,0278;48,7671;11,0;-4,5715;1,0;0,0;0,0;-0,3506;0,02;0;0,0563;0;1;8;0;0
7;HapticsFixedCC;4;82,0417;48,7671;11,0;-4,5617;1,0;0,0;0,0;-0,352;-0,11;0;0,0563;0;1;8;0;0
7;HapticsFixedCC;4;82,0555;48,7671;11,0;-4,5266;1,0;0,0;0,0;-0,3534;-0,24;0;0,0563;0;1;8;0;0
7;HapticsFixedCC;4;82,0694;48,7671;11,0;-4,5293;1,0;0,0;0,0;-0,3549;-0,36;0;0,0563;0;1;8;0;0
7;HapticsFixedCC;4;82,0833;48,7671;11,0;-4,5247;1,0;0,0;0,0;-0,3565;-0,49;0;0,0563;0;1;8;0;0
7;HapticsFixedCC;4;82,0972;48,5255;11,0;-4,5432;1,0;0,0;0,0;-0,3551;0,15;0;0,0557;0;1;8;0;0
7;HapticsFixedCC;4;82,1111;48,483;11,0;-4,5353;1,0;0,0;0,0;-0,3564;0,15;0;0,0556;0;1;8;0;0
7;HapticsFixedCC;4;82,125;48,4406;11,0;-4,5369;1,0;0,0;0,0;-0,3577;0,16;0;0,0554;0;1;8;0;0
7;HapticsFixedCC;4;82,1389;48,3982;11,0;-4,536;1,0;0,0;0,0;-0,3591;0,17;0;0,0553;0;1;8;0;0
7;HapticsFixedCC;4;82,1528;48,3557;11,4;-4,5234;1,0;0,0;0,0;-0,3607;0,17;0;0,0552;0;1;8;0;0
7;HapticsFixedCC;4;82,1667;48,3118;11,4;-4,5133;1,0;0,0;0,0;-0,3623;0,18;0;0,0551;0;1;8;0;0
7;HapticsFixedCC;4;82,1805;48,3099;11,4;-4,4848;1,0;0,0;0,0;-0,3636;0,05;0;0,0551;0;1;8;0;0
7;HapticsFixedCC;4;82,1944;48,3099;11,4;-4,4482;1,0;0,0;0,0;-0,3648;-0,07;0;0,0551;0;1;8;0;0
7;HapticsFixedCC;4;82,2083;48,3099;11,4;-4,4108;1,0;0,0;0,0;-0,3662;-0,2;0;0,0551;0;1;8;0;0
7;HapticsFixedCC;4;82,2222;48,3099;11,4;-4,3614;1,0;0,0;0,0;-0,3677;-0,33;0;0,0551;0;1;8;0;0
7;HapticsFixedCC;4;82,2361;48,3099;11,4;-4,2624;1,0;0,0;0,0;-0,3692;-0,46;0;0,0551;0;1;8;0;0
7;HapticsFixedCC;4;82,25;48,0387;11,4;-4,1086;1,0;0,0;0,0;-0,3673;0,28;0;0,055;0;1;8;0;0
7;HapticsFixedCC;4;82,2639;47,9947;11,4;-4,0233;1,0;0,0;0,0;-0,3684;0,3;0;0,0549;0;1;8;0;0
7;HapticsFixedCC;4;82,2778;47,9507;11,4;-3,7616;1,0;0,0;0,0;-0,3695;0,33;0;0,0549;0;1;8;0;0
7;HapticsFixedCC;4;82,2917;47,9067;11,4;-3,4657;1,0;0,0;0,0;-0,3706;0,36;0;0,0549;0;1;8;0;0
7;HapticsFixedCC;4;82,3055;47,8628;11,4;-3,2846;1,0;0,0;0,0;-0,3717;0,41;0;0,0549;0;1;8;0;0
7;HapticsFixedCC;4;82,3194;47,8512;11,4;-3,1144;1,0;0,0;0,0;-0,3724;0,35;0;0,0549;0;1;8;0;0
7;HapticsFixedCC;4;82,3333;47,8512;11,4;-2,7733;1,0;0,0;0,0;-0,373;0,27;0;0,0549;0;1;8;0;0
7;HapticsFixedCC;4;82,3472;47,8512;11,4;-2,5789;1,0;0,0;0,0;-0,3735;0,19;0;0,0549;0;1;8;0;0
7;HapticsFixedCC;4;82,3611;47,8512;11,4;-2,316;1,0;0,0;0,0;-0,374;0,13;0;0,0549;0;1;8;0;0
7;HapticsFixedCC;4;82,375;47,8512;11,4;-2,15;1,0;0,0;0,0;-0,3746;0,07;0;0,0549;0;1;8;0;0
7;HapticsFixedCC;4;82,3889;47,5895;11,4;-1,9535;1,0;0,0;0,0;-0,3718;0,83;0;0,055;0;1;8;0;0
7;HapticsFixedCC;4;82,4028;47,5455;11,4;-1,6913;1,0;0,0;0,0;-0,3717;0,92;0;0,0551;0;1;8;0;0
7;HapticsFixedCC;4;82,4167;47,5015;11,4;-1,5102;1,0;0,0;0,0;-0,3717;1,02;0;0,0551;0;1;8;0;0
7;HapticsFixedCC;4;82,4305;47,4576;11,4;-1,413;1,0;0,0;0,0;-0,3716;1,11;0;0,0551;0;1;9;0;0
7;HapticsFixedCC;4;82,4444;47,4136;11,4;-1,2828;1,0;0,0;0,0;-0,3715;1,22;0;0,0552;0;1;9;0;0
7;HapticsFixedCC;4;82,4583;47,3957;11,4;-1,2356;1,0;0,0;0,0;-0,3711;1,24;0;0,0552;0;1;9;0;0
7;HapticsFixedCC;4;82,4722;47,3957;11,4;-1,3506;1,0;0,0;0,0;-0,3705;1,2;0;0,0552;0;1;9;0;0
7;HapticsFixedCC;4;82,4861;47,3957;11,4;-1,4177;1,0;0,0;0,0;-0,37;1,16;0;0,0552;0;1;9;0;0
7;HapticsFixedCC;4;82,5;47,3957;11,4;-1,4353;1,0;0,0;0,0;-0,3695;1,11;0;0,0552;0;1;9;0;0
7;HapticsFixedCC;4;82,5139;47,3957;11,4;-1,4802;1,0;0,0;0,0;-0,3691;1,07;0;0,0552;0;1;9;0;0
7;HapticsFixedCC;4;82,5278;47,1404;11,4;-1,5538;1,0;0,0;0,0;-0,3656;1,84;0;0,0556;0;1;9;0;0
7;HapticsFixedCC;4;82,5417;47,0965;11,4;-1,607;1,0;0,0;0,0;-0,3647;1,93;0;0,0557;0;1;9;0;0
7;HapticsFixedCC;4;82,5555;47,0525;11,4;-1,6881;1,0;0,0;0,0;-0,3639;2,02;0;0,0557;0;1;9;0;0
7;HapticsFixedCC;4;82,5694;47,0085;11,4;-1,7634;1,0;0,0;0,0;-0,3631;2,11;0;0,0558;0;1;9;0;0
7;HapticsFixedCC;4;82,5833;46,9645;11,4;-1,8435;1,0;0,0;0,0;-0,3624;2,2;0;0,0559;0;1;9;0;0
7;HapticsFixedCC;4;82,5972;46,9424;11,4;-1,9113;1,0;0,0;0,0;-0,3615;2,21;0;0,0559;0;1;9;0;0
7;HapticsFixedCC;4;82,6111;46,9424;11,4;-2,043;1,0;0,0;0,0;-0,3604;2,15;0;0,0559;0;1;9;0;0
7;HapticsFixedCC;4;82,625;46,9424;11,4;-2,267;1,0;0,0;0,0;-0,3594;2,09;0;0,0559;0;1;9;0;0
7;HapticsFixedCC;4;82,6389;46,9424;11,4;-2,3967;1,0;0,0;0,0;-0,3585;2,02;0;0,0559;0;1;9;0;0
7;HapticsFixedCC;4;82,6528;46,9424;11,4;-2,7172;1,0;0,0;0,0;-0,3578;1,94;0;0,0559;0;1;9;0;0
7;HapticsFixedCC;4;82,6667;46,6915;11,4;-2,939;1,0;0,0;0,0;-0,354;2,66;0;0,0565;0;1;9;0;0
7;HapticsFixedCC;4;82,6805;46,6476;11,4;-3,0556;1,0;0,0;0,0;-0,3529;2,72;0;0,0566;0;1;9;0;0
7;HapticsFixedCC;4;82,6944;46,6036;11,4;-3,3097;1,0;0,0;0,0;-0,3519;2,76;0;0,0567;0;1;9;0;0
7;HapticsFixedCC;4;82,7083;46,5596;11,4;-3,4791;1,0;0,0;0,0;-0,3511;2,8;0;0,0568;0;1;9;0;0
7;HapticsFixedCC;4;82,7222;46,5156;11,4;-3,5744;1,0;0,0;0,0;-0,3504;2,84;0;0,0569;0;1;9;0;0
7;HapticsFixedCC;4;82,7361;46,4855;11,4;-3,8014;1,0;0,0;0,0;-0,3497;2,83;0;0,057;0;1;9;0;0
7;HapticsFixedCC;4;82,75;46,4855;11,4;-3,9662;1,0;0,0;0,0;-0,3487;2,71;0;0,057;0;1;9;0;0
7;HapticsFixedCC;4;82,7639;46,4855;11,4;-4,1568;1,0;0,0;0,0;-0,3478;2,59;0;0,057;0;1;9;0;0
7;HapticsFixedCC;4;82,7778;46,4855;11,4;-4,3299;1,0;0,0;0,0;-0,3471;2,46;0;0,057;0;1;9;0;0
7;HapticsFixedCC;4;82,7917;46,4855;11,4;-4,5087;1,0;0,0;0,0;-0,3466;2,33;0;0,057;0;1;9;0;0
7;HapticsFixedCC;4;82,8055;46,2426;11,4;-4,6133;1,0;0,0;0,0;-0,343;3,0;0;0,0577;0;1;9;0;0
7;HapticsFixedCC;4;82,8194;46,1986;11,4;-4,855;1,0;0,0;0,0;-0,3422;3,0;0;0,0578;0;1;9;0;0
7;HapticsFixedCC;4;82,8333;46,1546;11,4;-4,9033;1,0;0,0;0,0;-0,3415;3,0;0;0,058;0;1;9;0;0
7;HapticsFixedCC;4;82,8472;46,1106;11,4;-5,0095;1,0;0,0;0,0;-0,341;3,0;0;0,0581;0;1;9;0;0
7;HapticsFixedCC;4;82,8611;46,0666;11,4;-5,0763;1,0;0,0;0,0;-0,3405;3,0;0;0,0582;0;1;9;0;0
7;HapticsFixedCC;4;82,875;46,0271;11,4;-5,2765;1,0;0,0;0,0;-0,3402;2,97;0;0,0583;0;1;9;0;0
7;HapticsFixedCC;4;82,8889;46,0271;10,7;-5,2936;1,0;0,0;0,0;-0,3394;2,83;0;0,0583;0;1;9;0;0
7;HapticsFixedCC;4;82,9028;46,0271;10,7;-5,4014;1,0;0,0;0,0;-0,3389;2,68;0;0,0583;0;1;9;0;0
7;HapticsFixedCC;4;82,9167;46,0271;10,7;-5,4173;1,0;0,0;0,0;-0,3384;2,53;0;0,0583;0;1;9;0;0
7;HapticsFixedCC;4;82,9305;46,0271;10,7;-5,4307;1,0;0,0;0,0;-0,3381;2,38;0;0,0583;0;1;9;0;0
7;HapticsFixedCC;4;82,9444;46,0271;10,7;-5,4654;1,0;0,0;0,0;-0,338;2,23;0;0,0583;0;1;9;0;0
7;HapticsFixedCC;4;82,9583;45,763;10,7;-5,5109;1,0;0,0;0,0;-0,3344;2,97;0;0,0592;0;1;9;0;0
7;HapticsFixedCC;4;82,9722;45,7217;10,7;-5,5186;1,0;0,0;0,0;-0,3339;2,96;0;0,0594;0;1;9;0;0
7;HapticsFixedCC;4;82,9861;45,6804;10,7;-5,5336;1,0;0,0;0,0;-0,3335;2,95;0;0,0595;0;1;9;0;0
7;HapticsFixedCC;4;83,0;45,6391;10,7;-5,5285;1,0;0,0;0,0;-0,3332;2,93;0;0,0596;0;1;9;0;0
7;HapticsFixedCC;4;83,0139;45,5978;10,7;-5,5248;1,0;0,0;0,0;-0,333;2,92;0;0,0598;0;1;9;0;0
7;HapticsFixedCC;4;83,0278;45,5743;10,7;-5,5372;1,0;0,0;0,0;-0,3327;2,85;0;0,0598;0;1;9;0;0
7;HapticsFixedCC;4;83,0417;45,5743;10,7;-5,5237;1,0;0,0;0,0;-0,3322;2,7;0;0,0598;0;1;9;0;0
7;HapticsFixedCC;4;83,0555;45,5743;10,7;-5,5184;1,0;0,0;0,0;-0,3318;2,55;0;0,0598;0;1;9;0;0
7;HapticsFixedCC;4;83,0694;45,5743;10,7;-5,5284;1,0;0,0;0,0;-0,3315;2,39;0;0,0598;0;1;9;0;0
7;HapticsFixedCC;4;83,0833;45,5743;10,7;-5,5127;1,0;0,0;0,0;-0,3313;2,24;0;0,0598;0;1;9;0;0
7;HapticsFixedCC;4;83,0972;45,3409;10,7;-5,5117;1,0;0,0;0,0;-0,3281;2,9;0;0,0607;0;1;9;0;0
7;HapticsFixedCC;4;83,1111;45,2996;10,7;-5,5043;1,0;0,0;0,0;-0,3275;2,9;0;0,0609;0;1;9;0;0
7;HapticsFixedCC;4;83,125;45,2583;10,7;-5,5029;1,0;0,0;0,0;-0,3271;2,89;0;0,061;0;1;9;0;0
7;HapticsFixedCC;4;83,1389;45,217;10,7;-5,5339;1,0;0,0;0,0;-0,3268;2,88;0;0,0612;0;1;9;0;0
7;HapticsFixedCC;4;83,1528;45,1757;10,7;-5,5556;1,0;0,0;0,0;-0,3266;2,87;0;0,0613;0;1;9;0;0
7;HapticsFixedCC;4;83,1667;45,1344;10,7;-5,5877;1,0;0,0;0,0;-0,3265;2,86;0;0,0615;0;1;9;0;0
7;HapticsFixedCC;4;83,1805;45,1172;10,7;-5,606;1,0;0,0;0,0;-0,3262;2,77;0;0,0616;0;1;9;0;0
7;HapticsFixedCC;4;83,1944;45,1172;10,7;-5,6491;1,0;0,0;0,0;-0,3258;2,61;0;0,0616;0;1;9;0;0
7;HapticsFixedCC;4;83,2083;45,1172;10,7;-5,7191;1,0;0,0;0,0;-0,3255;2,45;0;0,0616;0;1;9;0;0
7;HapticsFixedCC;4;83,2222;45,1172;10,7;-5,7732;1,0;0,0;0,0;-0,3253;2,29;0;0,0616;0;1;9;0;0
7;HapticsFixedCC;4;83,2361;45,1172;10,7;-5,7839;1,0;0,0;0,0;-0,3253;2,13;0;0,0616;0;1;9;0;0
7;HapticsFixedCC;4;83,25;44,8774;10,7;-5,9235;1,0;0,0;0,0;-0,3221;2,83;0;0,0626;0;1;9;0;0
7;HapticsFixedCC;4;83,2639;44,8361;10,7;-5,9971;1,0;0,0;0,0;-0,3217;2,81;0;0,0627;0;1;9;0;0
7;HapticsFixedCC;4;83,2778;44,7948;10,7;-6,0436;1,0;0,0;0,0;-0,3216;2,79;0;0,0629;0;1;9;0;0
7;HapticsFixedCC;4;83,2917;44,7534;10,7;-6,1226;1,0;0,0;0,0;-0,3215;2,77;0;0,0631;0;1;9;0;0
7;HapticsFixedCC;4;83,3055;44,7121;10,7;-6,2186;1,0;0,0;0,0;-0,3216;2,75;0;0,0632;0;1;9;0;0
7;HapticsFixedCC;4;83,3194;44,6708;10,7;-6,1983;1,0;0,0;0,0;-0,3218;2,73;0;0,0634;0;1;9;0;0
7;HapticsFixedCC;4;83,3333;44,6612;10,7;-6,1942;1,0;0,0;0,0;-0,3217;2,59;0;0,0634;0;1;9;0;0
7;HapticsFixedCC;4;83,3472;44,6612;10,7;-6,3238;1,0;0,0;0,0;-0,3216;2,42;0;0,0634;0;1;9;0;0
7;HapticsFixedCC;4;83,3611;44,6612;10,7;-6,3484;1,0;0,0;0,0;-0,3217;2,24;0;0,0634;0;1;9;0;0
7;HapticsFixedCC;4;83,375;44,6612;10,7;-6,4003;1,0;0,0;0,0;-0,3218;2,06;0;0,0634;0;1;9;0;0
7;HapticsFixedCC;4;83,3889;44,6612;10,0;-6,4335;1,0;0,0;0,0;-0,322;1,9;0;0,0634;0;1;9;0;0
7;HapticsFixedCC;4;83,4028;44,4164;10,0;-6,4202;1,0;0,0;0,0;-0,3189;2,64;0;0,0645;0;1;9;0;0
7;HapticsFixedCC;4;83,4167;44,3777;10,0;-6,4493;1,0;0,0;0,0;-0,3189;2,61;0;0,0647;0;1;9;0;0
7;HapticsFixedCC;4;83,4305;44,3391;10,0;-6,4499;1,0;0,0;0,0;-0,3189;2,59;0;0,0648;0;1;4;0;0
7;HapticsFixedCC;4;83,4444;44,3005;10,0;-6,45;1,0;0,0;0,0;-0,3191;2,57;0;0,065;0;1;4;0;0
7;HapticsFixedCC;4;83,4583;44,2619;10,0;-6,447;1,0;0,0;0,0;-0,3194;2,54;0;0,0652;0;1;4;0;0
7;HapticsFixedCC;4;83,4722;44,2233;10,0;-6,4524;1,0;0,0;0,0;-0,3198;2,52;0;0,0654;0;1;4;0;0
7;HapticsFixedCC;4;83,4861;44,2065;10,0;-6,4519;1,0;0,0;0,0;-0,32;2,41;0;0,0654;0;1;4;0;0
7;HapticsFixedCC;4;83,5;44,2065;10,0;-6,4446;1,0;0,0;0,0;-0,3201;2,25;0;0,0654;0;1;4;0;0
7;HapticsFixedCC;4;83,5139;44,2065;10,0;-6,4454;1,0;0,0;0,0;-0,3203;2,08;0;0,0654;0;1;4;0;0
7;HapticsFixedCC;4;83,5278;44,2065;10,0;-6,4404;1,0;0,0;0,0;-0,3206;1,91;0;0,0654;0;1;4;0;0
7;HapticsFixedCC;4;83,5417;44,2065;10,0;-6,445;1,0;0,0;0,0;-0,321;1,75;0;0,0654;0;1;4;0;0
7;HapticsFixedCC;4;83,5555;44,2065;10,0;-6,4459;1,0;0,0;0,0;-0,3216;1,58;0;0,0654;0;1;4;0;0
7;HapticsFixedCC;4;83,5694;43,9434;10,0;-6,4344;1,0;0,0;0,0;-0,3183;2,42;0;0,0666;0;1;4;0;0
7;HapticsFixedCC;4;83,5833;43,9048;10,0;-6,4191;1,0;0,0;0,0;-0,3185;2,4;0;0,0668;0;1;4;0;0
7;HapticsFixedCC;4;83,5972;43,8662;10,0;-6,3957;1,0;0,0;0,0;-0,3187;2,38;0;0,067;0;1;4;0;0
7;HapticsFixedCC;4;83,6111;43,8276;10,0;-6,3785;1,0;0,0;0,0;-0,3191;2,37;0;0,0672;0;1;4;0;0
7;HapticsFixedCC;4;83,625;43,789;10,0;-6,3665;1,0;0,0;0,0;-0,3196;2,35;0;0,0673;0;1;4;0;0
7;HapticsFixedCC;4;83,6389;43,7504;10,0;-6,3336;1,0;0,0;0,0;-0,3202;2,33;0;0,0675;0;1;4;0;0
7;HapticsFixedCC;4;83,6528;43,7479;10,0;-6,3272;1,0;0,0;0,0;-0,3203;2,18;0;0,0675;0;1;4;0;0
7;HapticsFixedCC;4;83,6667;43,7479;10,0;-6,2822;1,0;0,0;0,0;-0,3205;2,02;0;0,0675;0;1;4;0;0
7;HapticsFixedCC;4;83,6805;43,7479;10,0;-6,2694;1,0;0,0;0,0;-0,3208;1,86;0;0,0675;0;1;4;0;0
7;HapticsFixedCC;4;83,6944;43,7479;10,0;-6,2489;1,0;0,0;0,0;-0,3212;1,7;0;0,0675;0;1;4;0;0
7;HapticsFixedCC;4;83,7083;43,7479;10,0;-6,2342;1,0;0,0;0,0;-0,3218;1,53;0;0,0675;0;1;4;0;0
7;HapticsFixedCC;4;83,7222;43,5088;10,0;-6,2355;1,0;0,0;0,0;-0,3187;2,31;0;0,0687;0;1;4;0;0
7;HapticsFixedCC;4;83,7361;43,4702;10,0;-6,2343;1,0;0,0;0,0;-0,3189;2,31;0;0,0689;0;1;4;0;0
7;HapticsFixedCC;4;83,75;43,4316;10,0;-6,2327;1,0;0,0;0,0;-0,3191;2,3;0;0,069;0;1;4;0;0
7;HapticsFixedCC;4;83,7639;43,393;10,0;-6,2324;1,0;0,0;0,0;-0,3195;2,29;0;0,0692;0;1;4;0;0
7;HapticsFixedCC;4;83,7778;43,3544;10,0;-6,2306;1,0;0,0;0,0;-0,3199;2,28;0;0,0694;0;1;4;0;0
7;HapticsFixedCC;4;83,7917;43,3158;10,0;-6,2188;1,0;0,0;0,0;-0,3205;2,27;0;0,0696;0;1;4;0;0
7;HapticsFixedCC;4;83,8055;43,2948;10,0;-6,217;1,0;0,0;0,0;-0,3209;2,19;0;0,0697;0;1;4;0;0
7;HapticsFixedCC;4;83,8194;43,2948;10,0;-6,2165;1,0;0,0;0,0;-0,321;2,03;0;0,0697;0;1;4;0;0
7;HapticsFixedCC;4;83,8333;43,2948;10,0;-6,2244;1,0;0,0;0,0;-0,3213;1,87;0;0,0697;0;1;4;0;0
7;HapticsFixedCC;4;83,8472;43,2948;10,0;-6,224;1,0;0,0;0,0;-0,3217;1,71;0;0,0697;0;1;4;0;0
7;HapticsFixedCC;4;83,8611;43,2948;10,0;-6,2325;1,0;0,0;0,0;-0,3223;1,55;0;0,0697;0;1;4;0;0
7;HapticsFixedCC;4;83,875;43,2948;10,0;-6,2342;1,0;0,0;0,0;-0,3229;1,39;0;0,0697;0;1;4;0;0
7;HapticsFixedCC;4;83,8889;43,0353;9,5;-6,2426;1,0;0,0;0,0;-0,3194;2,29;0;0,071;0;1;4;0;0
7;HapticsFixedCC;4;83,9028;42,9986;9,5;-6,2449;1,0;0,0;0,0;-0,3196;2,29;0;0,0711;0;1;4;0;0
7;HapticsFixedCC;4;83,9167;42,962;9,5;-6,2374;1,0;0,0;0,0;-0,3199;2,29;0;0,0713;0;1;4;0;0
7;HapticsFixedCC;4;83,9305;42,9253;9,5;-6,243;1,0;0,0;0,0;-0,3203;2,28;0;0,0715;0;1;4;0;0
7;HapticsFixedCC;4;83,9444;42,8886;9,5;-6,2519;1,0;0,0;0,0;-0,3207;2,28;0;0,0717;0;1;4;0;0
7;HapticsFixedCC;4;83,9583;42,8519;9,5;-6,2537;1,0;0,0;0,0;-0,3213;2,27;0;0,0719;0;1;4;0;0
7;HapticsFixedCC;4;83,9722;42,8378;9,5;-6,25;1,0;0,0;0,0;-0,3216;2,18;0;0,0719;0;1;4;0;0
7;HapticsFixedCC;4;83,9861;42,8378;9,5;-6,2424;1,0;0,0;0,0;-0,3218;2,03;0;0,0719;0;1;4;0;0
7;HapticsFixedCC;4;84,0;42,8378;9,5;-6,2439;1,0;0,0;0,0;-0,3221;1,87;0;0,0719;0;1;4;0;0
7;HapticsFixedCC;4;84,0139;42,8378;9,5;-6,236;1,0;0,0;0,0;-0,3225;1,72;0;0,0719;0;1;4;0;0
7;HapticsFixedCC;4;84,0278;42,8378;9,5;-6,2462;1,0;0,0;0,0;-0,323;1,57;0;0,0719;0;1;4;0;0
7;HapticsFixedCC;4;84,0417;42,8378;9,5;-6,2441;1,0;0,0;0,0;-0,3236;1,41;0;0,0719;0;1;4;0;0
7;HapticsFixedCC;4;84,0555;42,5846;9,5;-6,2462;1,0;0,0;0,0;-0,3201;2,32;0;0,0732;0;1;4;0;0
7;HapticsFixedCC;4;84,0694;42,5479;9,5;-6,237;1,0;0,0;0,0;-0,3203;2,32;0;0,0733;0;1;4;0;0
7;HapticsFixedCC;4;84,0833;42,5112;9,5;-6,2352;1,0;0,0;0,0;-0,3205;2,32;0;0,0735;0;1;4;0;0
7;HapticsFixedCC;4;84,0972;42,4746;9,5;-6,2323;1,0;0,0;0,0;-0,3209;2,33;0;0,0737;0;1;4;0;0
7;HapticsFixedCC;4;84,1111;42,4379;9,5;-6,2467;1,0;0,0;0,0;-0,3213;2,33;0;0,0739;0;1;4;0;0
7;HapticsFixedCC;4;84,125;42,4012;9,5;-6,235;1,0;0,0;0,0;-0,3219;2,33;0;0,0741;0;1;4;0;0
7;HapticsFixedCC;4;84,1389;42,3829;9,5;-6,2475;1,0;0,0;0,0;-0,3222;2,25;0;0,0742;0;1;4;0;0
7;HapticsFixedCC;4;84,1528;42,3829;8,8;-6,2407;1,0;0,0;0,0;-0,3223;2,11;0;0,0742;0;1;4;0;0
7;HapticsFixedCC;4;84,1667;42,3829;8,8;-6,2504;1,0;0,0;0,0;-0,3225;1,96;0;0,0742;0;1;4;0;0
7;HapticsFixedCC;4;84,1805;42,3829;8,8;-6,2373;1,0;0,0;0,0;-0,3228;1,82;0;0,0742;0;1;4;0;0
7;HapticsFixedCC;4;84,1944;42,3829;8,8;-6,2348;1,0;0,0;0,0;-0,3232;1,68;0;0,0742;0;1;4;0;0
7;HapticsFixedCC;4;84,2083;42,3829;8,8;-6,2414;1,0;0,0;0,0;-0,3237;1,54;0;0,0742;0;1;4;0;0
7;HapticsFixedCC;4;84,2222;42,147;8,8;-6,2455;1,0;0,0;0,0;-0,3202;2,41;0;0,0753;0;1;4;0;0
7;HapticsFixedCC;4;84,2361;42,1131;8,8;-6,2379;1,0;0,0;0,0;-0,3203;2,42;0;0,0755;0;1;4;0;0
7;HapticsFixedCC;4;84,25;42,0791;8,8;-6,2401;1,0;0,0;0,0;-0,3204;2,42;0;0,0756;0;1;4;0;0
7;HapticsFixedCC;4;84,2639;42,0451;8,8;-6,2375;1,0;0,0;0,0;-0,3206;2,43;0;0,0758;0;1;4;0;0
7;HapticsFixedCC;4;84,2778;42,0111;8,8;-6,2369;1,0;0,0;0,0;-0,3209;2,43;0;0,076;0;1;4;0;0
7;HapticsFixedCC;4;84,2917;41,9772;8,8;-6,2391;1,0;0,0;0,0;-0,3212;2,44;0;0,0761;0;1;4;0;0
7;HapticsFixedCC;4;84,3055;41,9432;8,8;-6,2421;1,0;0,0;0,0;-0,3217;2,44;0;0,0763;0;1;4;0;0
7;HapticsFixedCC;4;84,3194;41,927;8,8;-6,2468;1,0;0,0;0,0;-0,3219;2,37;0;0,0764;0;1;4;0;0
7;HapticsFixedCC;4;84,3333;41,927;8,8;-6,2502;1,0;0,0;0,0;-0,3219;2,23;0;0,0764;0;1;4;0;0
7;HapticsFixedCC;4;84,3472;41,927;8,8;-6,2472;1,0;0,0;0,0;-0,3221;2,09;0;0,0764;0;1;4;0;0
7;HapticsFixedCC;4;84,3611;41,927;8,8;-6,2549;1,0;0,0;0,0;-0,3223;1,95;0;0,0764;0;1;4;0;0
7;HapticsFixedCC;4;84,375;41,927;8,8;-6,243;1,0;0,0;0,0;-0,3226;1,8;0;0,0764;0;1;4;0;0
7;HapticsFixedCC;4;84,3889;41,927;8,8;-6,2453;1,0;0,0;0,0;-0,3231;1,66;0;0,0764;0;1;4;0;0
7;HapticsFixedCC;4;84,4028;41,6942;8,8;-6,2458;1,0;0,0;0,0;-0,3195;2,55;0;0,0775;0;1;4;0;0
7;HapticsFixedCC;4;84,4167;41,6602;8,8;-6,2293;1,0;0,0;0,0;-0,3195;2,56;0;0,0776;0;1;4;0;0
7;HapticsFixedCC;4;84,4305;41,6262;8,8;-6,2254;1,0;0,0;0,0;-0,3195;2,57;0;0,0778;0;1;4;0;0
7;HapticsFixedCC;4;84,4444;41,5922;8,8;-6,2126;1,0;0,0;0,0;-0,3197;2,58;0;0,078;0;1;1;0;0
7;HapticsFixedCC;4;84,4583;41,5582;8,8;-6,2076;1,0;0,0;0,0;-0,3199;2,59;0;0,0781;0;1;1;0;0
7;HapticsFixedCC;4;84,4722;41,5243;8,8;-6,1833;1,0;0,0;0,0;-0,3201;2,6;0;0,0783;0;1;1;0;0
7;HapticsFixedCC;4;84,4861;41,4903;8,8;-6,1681;1,0;0,0;0,0;-0,3205;2,61;0;0,0784;0;1;1;0;0
7;HapticsFixedCC;4;84,5;41,4709;8,8;-6,1201;1,0;0,0;0,0;-0,3206;2,55;0;0,0785;0;1;1;0;0
7;HapticsFixedCC;4;84,5139;41,4709;8,8;-6,1106;1,0;0,0;0,0;-0,3205;2,42;0;0,0785;0;1;1;0;0
7;HapticsFixedCC;4;84,5278;41,4709;8,8;-6,067;1,0;0,0;0,0;-0,3205;2,28;0;0,0785;0;1;1;0;0
7;HapticsFixedCC;4;84,5417;41,4709;8,8;-6,0207;1,0;0,0;0,0;-0,3206;2,14;0;0,0785;0;1;1;0;0
7;HapticsFixedCC;4;84,5555;41,4709;8,8;-5,9536;1,0;0,0;0,0;-0,3207;2,01;0;0,0785;0;1;1;0;0
7;HapticsFixedCC;4;84,5694;41,4709;8,8;-5,9241;1,0;0,0;0,0;-0,3209;1,87;0;0,0785;0;1;1;0;0
7;HapticsFixedCC;4;84,5833;41,241;8,8;-5,8551;1,0;0,0;0,0;-0,317;2,79;0;0,0796;0;1;1;0;0
7;HapticsFixedCC;4;84,5972;41,207;8,8;-5,8415;1,0;0,0;0,0;-0,3167;2,81;0;0,0797;0;1;1;0;0
7;HapticsFixedCC;4;84,6111;41,1731;8,8;-5,795;1,0;0,0;0,0;-0,3165;2,83;0;0,0799;0;1;1;0;0
7;HapticsFixedCC;4;84,625;41,1391;8,8;-5,7527;1,0;0,0;0,0;-0,3163;2,86;0;0,08;0;1;1;0;0
7;HapticsFixedCC;4;84,6389;41,1051;8,3;-5,6966;1,0;0,0;0,0;-0,3161;2,89;0;0,0802;0;1;1;0;0
7;HapticsFixedCC;4;84,6528;41,0731;8,3;-5,6539;1,0;0,0;0,0;-0,3161;2,92;0;0,0803;0;1;1;0;0
7;HapticsFixedCC;4;84,6667;41,041;8,3;-5,6264;1,0;0,0;0,0;-0,3161;2,94;0;0,0805;0;1;1;0;0
7;HapticsFixedCC;4;84,6805;41,0159;8,3;-5,6043;1,0;0,0;0,0;-0,3161;2,94;0;0,0806;0;1;1;0;0
7;HapticsFixedCC;4;84,6944;41,0159;8,3;-5,5825;1,0;0,0;0,0;-0,3156;2,82;0;0,0806;0;1;1;0;0
7;HapticsFixedCC;4;84,7083;41,0159;8,3;-5,5639;1,0;0,0;0,0;-0,3153;2,7;0;0,0806;0;1;1;0;0
7;HapticsFixedCC;4;84,7222;41,0159;8,3;-5,5602;1,0;0,0;0,0;-0,315;2,58;0;0,0806;0;1;1;0;0
7;HapticsFixedCC;4;84,7361;41,0159;8,3;-5,5305;1,0;0,0;0,0;-0,3147;2,46;0;0,0806;0;1;1;0;0
7;HapticsFixedCC;4;84,75;41,0159;8,3;-5,5304;1,0;0,0;0,0;-0,3146;2,34;0;0,0806;0;1;1;0;0
7;HapticsFixedCC;4;84,7639;41,0159;8,3;-5,4937;1,0;0,0;0,0;-0,3145;2,23;0;0,0806;0;1;1;0;0
7;HapticsFixedCC;4;84,7778;40,7732;8,3;-5,4686;1,0;0,0;0,0;-0,31;3,24;0;0,0816;0;1;1;0;0
7;HapticsFixedCC;4;84,7917;40,7411;8,3;-5,4516;1,0;0,0;0,0;-0,3094;3,28;0;0,0818;0;1;1;0;0
7;HapticsFixedCC;4;84,8055;40,7091;8,3;-5,4476;1,0;0,0;0,0;-0,3089;3,31;0;0,0819;0;1;1;0;0
7;HapticsFixedCC;4;84,8194;40,677;8,3;-5,4297;1,0;0,0;0,0;-0,3084;3,34;0;0,082;0;1;1;0;0
7;HapticsFixedCC;4;84,8333;40,645;8,3;-5,4259;1,0;0,0;0,0;-0,308;3,38;0;0,0822;0;1;1;0;0
7;HapticsFixedCC;4;84,8472;40,613;8,3;-5,428;1,0;0,0;0,0;-0,3077;3,41;0;0,0823;0;1;1;0;0
7;HapticsFixedCC;4;84,8611;40,5809;8,3;-5,4098;1,0;0,0;0,0;-0,3074;3,45;0;0,0824;0;1;1;0;0
7;HapticsFixedCC;4;84,875;40,5591;8,3;-5,364;1,0;0,0;0,0;-0,307;3,43;0;0,0825;0;1;1;0;0
7;HapticsFixedCC;4;84,8889;40,5591;8,3;-5,3416;1,0;0,0;0,0;-0,3063;3,32;0;0,0825;0;1;1;0;0
7;HapticsFixedCC;4;84,9028;40,5591;8,3;-5,3032;1,0;0,0;0,0;-0,3056;3,21;0;0,0825;0;1;1;0;0
7;HapticsFixedCC;4;84,9167;40,5591;8,3;-5,2956;1,0;0,0;0,0;-0,305;3,09;0;0,0825;0;1;1;0;0
7;HapticsFixedCC;4;84,9305;40,5591;8,3;-5,2767;1,0;0,0;0,0;-0,3044;2,98;0;0,0825;0;1;1;0;0
7;HapticsFixedCC;4;84,9444;40,5591;8,3;-5,2788;1,0;0,0;0,0;-0,3039;2,87;0;0,0825;0;1;1;0;0
7;HapticsFixedCC;4;84,9583;40,5591;8,3;-5,2533;1,0;0,0;0,0;-0,3035;2,76;0;0,0825;0;1;1;0;0
7;HapticsFixedCC;4;84,9722;40,3132;8,3;-5,2131;1,0;0,0;0,0;-0,2985;3,82;0;0,0835;0;1;1;0;0
7;HapticsFixedCC;4;84,9861;40,2812;8,3;-5,165;1,0;0,0;0,0;-0,2975;3,86;0;0,0836;0;1;1;0;0
7;HapticsFixedCC;4;85,0;40,2491;8,3;-5,1475;1,0;0,0;0,0;-0,2967;3,91;0;0,0837;0;1;1;0;0
7;HapticsFixedCC;4;85,0139;40,2171;8,3;-5,0929;1,0;0,0;0,0;-0,2958;3,95;0;0,0838;0;1;1;0;0
7;HapticsFixedCC;4;85,0278;40,1851;8,3;-5,0766;1,0;0,0;0,0;-0,295;4,0;0;0,0839;0;1;1;0;0
7;HapticsFixedCC;4;85,0417;40,153;8,3;-5,0734;1,0;0,0;0,0;-0,2943;4,04;0;0,0841;0;1;1;0;0
7;HapticsFixedCC;4;85,0555;40,121;8,3;-5,0398;1,0;0,0;0,0;-0,2936;4,09;0;0,0842;0;1;1;0;0
7;HapticsFixedCC;4;85,0694;40,1048;8,3;-4,995;1,0;0,0;0,0;-0,2927;4,06;0;0,0843;0;1;1;0;0
7;HapticsFixedCC;4;85,0833;40,1048;8,3;-4,9772;1,0;0,0;0,0;-0,2915;3,95;0;0,0843;0;1;1;0;0
7;HapticsFixedCC;4;85,0972;40,1048;8,3;-4,9606;1,0;0,0;0,0;-0,2904;3,85;0;0,0843;0;1;1;0;0
7;HapticsFixedCC;4;85,1111;40,1048;8,3;-4,9109;1,0;0,0;0,0;-0,2893;3,74;0;0,0843;0;1;1;0;0
7;HapticsFixedCC;4;85,125;40,1048;8,3;-4,8944;1,0;0,0;0,0;-0,2883;3,64;0;0,0843;0;1;1;0;0
7;HapticsFixedCC;4;85,1389;40,1048;8,3;-4,8776;1,0;0,0;0,0;-0,2873;3,53;0;0,0843;0;1;1;0;0
7;HapticsFixedCC;4;85,1528;40,1048;7,7;-4,8744;1,0;0,0;0,0;-0,2863;3,44;0;0,0843;0;1;1;0;0
7;HapticsFixedCC;4;85,1667;39,8561;7,7;-4,8822;1,0;0,0;0,0;-0,2807;4,55;0;0,0851;0;1;1;0;0
7;HapticsFixedCC;4;85,1805;39,8264;7,7;-4,8321;1,0;0,0;0,0;-0,2794;4,6;0;0,0852;0;1;1;0;0
7;HapticsFixedCC;4;85,1944;39,7967;7,7;-4,7856;1,0;0,0;0,0;-0,2781;4,65;0;0,0853;0;1;1;0;0
7;HapticsFixedCC;4;85,2083;39,767;7,7;-4,7678;1,0;0,0;0,0;-0,2768;4,7;0;0,0854;0;1;1;0;0
7;HapticsFixedCC;4;85,2222;39,7373;7,7;-4,7749;1,0;0,0;0,0;-0,2756;4,75;0;0,0855;0;1;1;0;0
7;HapticsFixedCC;4;85,2361;39,7076;7,7;-4,7764;1,0;0,0;0,0;-0,2744;4,8;0;0,0856;0;1;1;0;0
7;HapticsFixedCC;4;85,25;39,6779;7,7;-4,7631;1,0;0,0;0,0;-0,2733;4,85;0;0,0857;0;1;1;0;0
7;HapticsFixedCC;4;85,2639;39,6482;7,7;-4,7573;1,0;0,0;0,0;-0,2722;4,9;0;0,0858;0;1;1;0;0
7;HapticsFixedCC;4;85,2778;39,6473;7,7;-4,7773;1,0;0,0;0,0;-0,2706;4,81;0;0,0858;0;1;1;0;0
7;HapticsFixedCC;4;85,2917;39,6473;7,7;-4,7879;1,0;0,0;0,0;-0,2691;4,72;0;0,0858;0;1;1;0;0
7;HapticsFixedCC;4;85,3055;39,6473;7,7;-4,7834;1,0;0,0;0,0;-0,2677;4,62;0;0,0858;0;1;1;0;0
7;HapticsFixedCC;4;85,3194;39,6473;7,7;-4,7996;1,0;0,0;0,0;-0,2662;4,53;0;0,0858;0;1;1;0;0
7;HapticsFixedCC;4;85,3333;39,6473;7,7;-4,8105;1,0;0,0;0,0;-0,2648;4,43;0;0,0858;0;1;1;0;0
7;HapticsFixedCC;4;85,3472;39,6473;7,7;-4,8;1,0;0,0;0,0;-0,2635;4,34;0;0,0858;0;1;1;0;0
7;HapticsFixedCC;4;85,3611;39,6473;7,7;-4,7978;1,0;0,0;0,0;-0,2622;4,25;0;0,0858;0;1;1;0;0
7;HapticsFixedCC;4;85,375;39,4004;7,7;-4,8023;1,0;0,0;0,0;-0,2562;5,37;0;0,0864;0;1;1;0;0
7;HapticsFixedCC;4;85,3889;39,3707;7,2;-4,8081;1,0;0,0;0,0;-0,2543;5,43;0;0,0865;0;1;1;0;0
7;HapticsFixedCC;4;85,4028;39,343;7,2;-4,8249;1,0;0,0;0,0;-0,2527;5,48;0;0,0866;0;1;1;0;0
7;HapticsFixedCC;4;85,4167;39,3152;7,2;-4,8499;1,0;0,0;0,0;-0,2512;5,53;0;0,0867;0;1;1;0;0
7;HapticsFixedCC;4;85,4305;39,2875;7,2;-4,8778;1,0;0,0;0,0;-0,2496;5,58;0;0,0867;0;1;1;0;0
7;HapticsFixedCC;4;85,4444;39,2597;7,2;-4,9095;0,0;0,0;0,0;-0,2482;5,62;0;0,0868;0;1;1;0;0
7;HapticsFixedCC;4;85,4583;39,232;7,2;-4,9438;0,0;0,0;0,0;-0,2467;5,67;0;0,0869;0;1;2;0;0
7;HapticsFixedCC;4;85,4722;39,2042;7,2;-4,9507;0,0;0,0;0,0;-0,2453;5,71;0;0,087;0;1;2;0;0
7;HapticsFixedCC;4;85,4861;39,1937;7,2;-4,9738;0,0;0,0;0,0;-0,2437;5,67;0;0,087;0;1;2;0;0
7;HapticsFixedCC;4;85,5;39,1937;7,2;-4,9928;0,0;0,0;0,0;-0,2419;5,58;0;0,087;0;1;2;0;0
7;HapticsFixedCC;4;85,5139;39,1937;7,2;-5,0102;0,0;0,0;0,0;-0,2401;5,49;0;0,087;0;1;2;0;0
7;HapticsFixedCC;4;85,5278;39,1937;7,2;-5,0272;0,0;0,0;0,0;-0,2384;5,4;0;0,087;0;1;2;0;0
7;HapticsFixedCC;4;85,5417;39,1937;7,2;-5,0462;0,0;0,0;0,0;-0,2367;5,3;0;0,087;0;1;2;0;0
7;HapticsFixedCC;4;85,5555;39,1937;7,2;-5,0501;0,0;0,0;0,0;-0,2351;5,21;0;0,087;0;1;2;0;0
7;HapticsFixedCC;4;85,5694;39,1937;7,2;-5,0573;0,0;0,0;0,0;-0,2335;5,12;0;0,087;0;1;2;0;0
7;HapticsFixedCC;4;85,5833;39,1937;7,2;-5,0736;0,0;0,0;0,0;-0,232;5,02;0;0,087;0;1;2;0;0
7;HapticsFixedCC;4;85,5972;38,9451;7,2;-5,083;0,0;0,0;0,0;-0,2256;6,18;0;0,0875;0;1;2;0;0
7;HapticsFixedCC;4;85,6111;38,9174;7,2;-5,0938;0,0;0,0;0,0;-0,2236;6,22;0;0,0876;0;1;2;0;0
7;HapticsFixedCC;4;85,625;38,8897;7,2;-5,1081;0,0;0,0;0,0;-0,2217;6,26;0;0,0876;0;1;2;0;0
7;HapticsFixedCC;4;85,6389;38,8619;7,2;-5,1215;0,0;0,0;0,0;-0,2198;6,31;0;0,0877;0;1;2;0;0
7;HapticsFixedCC;4;85,6528;38,8342;7,2;-5,1414;0,0;0,0;0,0;-0,2179;6,35;0;0,0877;0;1;2;0;0
7;HapticsFixedCC;4;85,6667;38,8065;7,2;-5,1453;0,0;0,0;0,0;-0,2161;6,4;0;0,0878;0;1;2;0;0
7;HapticsFixedCC;4;85,6805;38,7787;7,2;-5,169;0,0;0,0;0,0;-0,2143;6,44;0;0,0878;0;1;2;0;0
7;HapticsFixedCC;4;85,6944;38,751;7,2;-5,1918;0,0;0,0;0,0;-0,2126;6,48;0;0,0879;0;1;2;0;0
7;HapticsFixedCC;4;85,7083;38,7358;7,2;-5,218;0,0;0,0;0,0;-0,2107;6,46;0;0,0879;0;1;2;0;0
7;HapticsFixedCC;4;85,7222;38,7358;7,2;-5,2835;0,0;0,0;0,0;-0,2086;6,37;0;0,0879;0;1;2;0;0
7;HapticsFixedCC;4;85,7361;38,7358;7,2;-5,3327;0,0;0,0;0,0;-0,2065;6,27;0;0,0879;0;1;2;0;0
7;HapticsFixedCC;4;85,75;38,7358;7,2;-5,389;0,0;0,0;0,0;-0,2045;6,17;0;0,0879;0;1;2;0;0
7;HapticsFixedCC;4;85,7639;38,7358;7,2;-5,4391;0,0;0,0;0,0;-0,2025;6,07;0;0,0879;0;1;2;0;0
7;HapticsFixedCC;4;85,7778;38,7358;7,2;-5,4491;0,0;0,0;0,0;-0,2006;5,97;0;0,0879;0;1;2;0;0
7;HapticsFixedCC;4;85,7917;38,7358;7,2;-5,5171;0,0;0,0;0,0;-0,1987;5,87;0;0,0879;0;1;2;0;0
7;HapticsFixedCC;4;85,8055;38,7358;7,2;-5,5924;0,0;0,0;0,0;-0,1969;5,76;0;0,0879;0;1;2;0;0
7;HapticsFixedCC;4;85,8194;38,4933;7,2;-5,7022;0,0;0,0;0,0;-0,1904;6,88;0;0,0882;0;1;2;0;0
7;HapticsFixedCC;4;85,8333;38,4656;7,2;-5,787;0,0;0,0;0,0;-0,1882;6,92;0;0,0883;0;1;2;0;0
7;HapticsFixedCC;4;85,8472;38,4379;7,2;-5,873;0,0;0,0;0,0;-0,186;6,95;0;0,0883;0;1;2;0;0
7;HapticsFixedCC;4;85,8611;38,4102;7,2;-5,8902;0,0;0,0;0,0;-0,1839;6,98;0;0,0883;0;1;2;0;0
7;HapticsFixedCC;4;85,875;38,3825;7,2;-5,9452;0,0;0,0;0,0;-0,1819;7,01;0;0,0884;0;1;2;0;0
7;HapticsFixedCC;4;85,8889;38,3547;6,7;-6,0276;0,0;0,0;0,0;-0,1799;7,04;0;0,0884;0;1;2;0;0
7;HapticsFixedCC;4;85,9028;38,3289;6,7;-6,0971;0,0;0,0;0,0;-0,1781;7,07;0;0,0884;0;1;2;0;0
7;HapticsFixedCC;4;85,9167;38,3031;6,7;-6,2265;0,0;0,0;0,0;-0,1764;7,09;0;0,0885;0;1;2;0;0
7;HapticsFixedCC;4;85,9305;38,2827;6,7;-6,2527;0,0;0,0;0,0;-0,1747;7,09;0;0,0885;0;1;2;0;0
7;HapticsFixedCC;4;85,9444;38,2827;6,7;-6,31;0,0;0,0;0,0;-0,1727;6,98;0;0,0885;0;1;2;0;0
7;HapticsFixedCC;4;85,9583;38,2827;6,7;-6,3814;0,0;0,0;0,0;-0,1707;6,87;0;0,0885;0;1;2;0;0
7;HapticsFixedCC;4;85,9722;38,2827;6,7;-6,4631;0,0;0,0;0,0;-0,1687;6,76;0;0,0885;0;1;2;0;0
7;HapticsFixedCC;4;85,9861;38,2827;6,7;-6,5445;0,0;0,0;0,0;-0,1669;6,65;0;0,0885;0;1;2;0;0
7;HapticsFixedCC;4;86,0;38,2827;6,7;-6,7041;0,0;0,0;0,0;-0,1651;6,53;0;0,0885;0;1;2;0;0
7;HapticsFixedCC;4;86,0139;38,2827;6,7;-6,8105;0,0;0,0;0,0;-0,1633;6,41;0;0,0885;0;1;2;0;0
7;HapticsFixedCC;4;86,0278;38,2827;6,7;-6,9806;0,0;0,0;0,0;-0,1617;6,29;0;0,0885;0;1;2;0;0
7;HapticsFixedCC;4;86,0417;38,2827;6,7;-7,1557;0,0;0,0;0,0;-0,1601;6,17;0;0,0885;0;1;2;0;0
7;HapticsFixedCC;4;86,0555;38,0383;6,7;-7,391;0,0;0,0;0,0;-0,1537;7,28;0;0,0886;0;1;2;0;0
7;HapticsFixedCC;4;86,0694;38,0125;6,7;-7,6426;0,0;0,0;0,0;-0,1518;7,28;0;0,0886;0;1;2;0;0
7;HapticsFixedCC;4;86,0833;37,9867;6,7;-7,8909;0,0;0,0;0,0;-0,1501;7,28;0;0,0887;0;1;2;0;0
7;HapticsFixedCC;4;86,0972;37,9609;6,7;-8,1473;0,0;0,0;0,0;-0,1484;7,27;0;0,0887;0;1;2;0;0
7;HapticsFixedCC;4;86,1111;37,935;6,7;-8,3864;0,0;0,0;0,0;-0,1468;7,25;0;0,0887;0;1;2;0;0
7;HapticsFixedCC;4;86,125;37,9092;6,7;-8,6053;0,0;0,0;0,0;-0,1454;7,24;0;0,0887;0;1;2;0;0
7;HapticsFixedCC;4;86,1389;37,8833;6,7;-8,8672;0,0;0,0;0,0;-0,144;7,21;0;0,0887;0;1;2;0;0
7;HapticsFixedCC;4;86,1528;37,8575;6,7;-9,0922;0,0;0,0;0,0;-0,1428;7,19;0;0,0887;0;1;2;0;0
7;HapticsFixedCC;4;86,1667;37,8316;6,7;-9,3126;0,0;0,0;0,0;-0,1417;7,16;0;0,0887;0;1;2;0;0
7;HapticsFixedCC;4;86,1805;37,8246;6,7;-9,4967;0,0;0,0;0,0;-0,1403;7,03;0;0,0887;0;1;2;0;0
7;HapticsFixedCC;4;86,1944;37,8246;6,7;-9,6784;0,0;0,0;0,0;-0,1388;6,86;0;0,0887;0;1;2;0;0
7;HapticsFixedCC;4;86,2083;37,8246;6,7;-9,8331;0,0;0,0;0,0;-0,1375;6,69;0;0,0887;0;1;2;0;0
7;HapticsFixedCC;4;86,2222;37,8246;6,7;-9,9915;0,0;0,0;0,0;-0,1363;6,52;0;0,0887;0;1;2;0;0
7;HapticsFixedCC;4;86,2361;37,8246;6,7;-10,087;0,0;0,0;0,0;-0,1351;6,34;0;0,0887;0;1;2;0;0
7;HapticsFixedCC;4;86,25;37,8246;6,7;-10,1468;0,0;0,0;0,0;-0,1341;6,17;0;0,0887;0;1;2;0;0
7;HapticsFixedCC;4;86,2639;37,8246;6,7;-10,1912;0,0;0,0;0,0;-0,1331;5,99;0;0,0887;0;1;2;0;0
7;HapticsFixedCC;4;86,2778;37,8246;6,7;-10,1952;0,0;0,0;0,0;-0,1323;5,81;0;0,0887;0;1;2;0;0
7;HapticsFixedCC;4;86,2917;37,5932;6,7;-10,1922;0,0;0,0;0,0;-0,1268;6,81;0;0,0887;0;1;2;0;0
7;HapticsFixedCC;4;86,3055;37,5673;6,7;-10,1794;0,0;0,0;0,0;-0,1256;6,77;0;0,0887;0;1;2;0;0
7;HapticsFixedCC;4;86,3194;37,5414;6,7;-10,1779;0,0;0,0;0,0;-0,1244;6,72;0;0,0887;0;1;2;0;0
7;HapticsFixedCC;4;86,3333;37,5155;6,7;-10,1777;0,0;0,0;0,0;-0,1234;6,68;0;0,0886;0;1;2;0;0
7;HapticsFixedCC;4;86,3472;37,4896;6,7;-10,1602;0,0;0,0;0,0;-0,1224;6,63;0;0,0886;0;1;2;0;0
7;HapticsFixedCC;4;86,3611;37,4637;6,7;-10,1281;0,0;0,0;0,0;-0,1214;6,59;0;0,0886;0;1;2;0;0
7;HapticsFixedCC;4;86,375;37,4378;6,7;-10,0437;0,0;0,0;0,0;-0,1206;6,54;0;0,0886;0;1;2;0;0
7;HapticsFixedCC;4;86,3889;37,412;6,1;-9,9715;0,0;0,0;0,0;-0,1196;6,52;0;0,0886;0;1;2;0;0
7;HapticsFixedCC;4;86,4028;37,3884;6,1;-9,8917;0,0;0,0;0,0;-0,1189;6,48;0;0,0886;0;1;2;0;0
7;HapticsFixedCC;4;86,4167;37,3718;6,1;-9,796;0,0;0,0;0,0;-0,1182;6,41;0;0,0886;0;1;2;0;0
7;HapticsFixedCC;4;86,4305;37,3718;6,1;-9,669;0,0;0,0;0,0;-0,1171;6,26;0;0,0886;0;1;2;0;0
7;HapticsFixedCC;4;86,4444;37,3718;6,1;-9,5175;0,0;0,0;0,0;-0,1161;6,11;0;0,0886;0;1;2;0;0
7;HapticsFixedCC;4;86,4583;37,3718;6,1;-9,3666;0,0;0,0;0,0;-0,1151;5,96;0;0,0886;0;1;2;0;0
7;HapticsFixedCC;4;86,4722;37,3718;6,1;-9,2231;0,0;0,0;0,0;-0,1142;5,82;0;0,0886;0;1;0;0;0
7;HapticsFixedCC;4;86,4861;37,3718;6,1;-9,1196;0,0;0,0;0,0;-0,1133;5,67;0;0,0886;0;1;0;0;0
7;HapticsFixedCC;4;86,5;37,3718;6,1;-8,9676;0,0;0,0;0,0;-0,1124;5,53;0;0,0886;0;1;0;0;0
7;HapticsFixedCC;4;86,5139;37,3718;6,1;-8,7869;0,0;0,0;0,0;-0,1116;5,39;0;0,0886;0;1;0;0;0
7;HapticsFixedCC;4;86,5278;37,3718;6,1;-8,6322;0,0;0,0;0,0;-0,1108;5,26;0;0,0886;0;1;0;0;0
7;HapticsFixedCC;4;86,5417;37,3718;6,1;-8,5292;0,0;0,0;0,0;-0,11;5,12;0;0,0886;0;1;0;0;0
7;HapticsFixedCC;4;86,5555;37,1247;6,1;-8,4325;0,0;0,0;0,0;-0,1043;6,24;0;0,0883;0;1;0;0;0
7;HapticsFixedCC;4;86,5694;37,1011;6,1;-8,3343;0,0;0,0;0,0;-0,1031;6,23;0;0,0883;0;1;0;0;0
7;HapticsFixedCC;4;86,5833;37,0776;6,1;-8,2355;0,0;0,0;0,0;-0,102;6,22;0;0,0883;0;1;0;0;0
7;HapticsFixedCC;4;86,5972;37,0541;6,1;-8,1755;0,0;0,0;0,0;-0,1009;6,21;0;0,0882;0;1;0;0;0
7;HapticsFixedCC;4;86,6111;37,0305;6,1;-8,1552;0,0;0,0;0,0;-0,0998;6,2;0;0,0882;0;1;0;0;0
7;HapticsFixedCC;4;86,625;37,007;6,1;-8,127;0,0;0,0;0,0;-0,0989;6,19;0;0,0882;0;1;0;0;0
7;HapticsFixedCC;4;86,6389;36,9834;6,1;-8,1085;0,0;0,0;0,0;-0,0979;6,18;0;0,0882;0;1;0;0;0
7;HapticsFixedCC;4;86,6528;36,9598;6,6;-8,0697;0,0;0,0;0,0;-0,0971;6,16;0;0,0881;0;1;0;0;0
7;HapticsFixedCC;4;86,6667;36,9344;6,6;-8,0588;0,0;0,0;0,0;-0,0962;6,15;0;0,0881;0;1;0;0;0
7;HapticsFixedCC;4;86,6805;36,9138;6,6;-8,06;0,0;0,0;0,0;-0,0953;6,12;0;0,0881;0;1;0;0;0
7;HapticsFixedCC;4;86,6944;36,9138;6,6;-8,0686;0,0;0,0;0,0;-0,0939;5,98;0;0,0881;0;1;0;0;0
7;HapticsFixedCC;4;86,7083;36,9138;6,6;-8,1093;0,0;0,0;0,0;-0,0927;5,84;0;0,0881;0;1;0;0;0
7;HapticsFixedCC;4;86,7222;36,9138;6,6;-8,1565;0,0;0,0;0,0;-0,0915;5,71;0;0,0881;0;1;0;0;0
7;HapticsFixedCC;4;86,7361;36,9138;6,6;-8,2127;0,0;0,0;0,0;-0,0904;5,57;0;0,0881;0;1;0;0;0
7;HapticsFixedCC;4;86,75;36,9138;6,6;-8,2636;0,0;0,0;0,0;-0,0894;5,42;0;0,0881;0;1;0;0;0
7;HapticsFixedCC;4;86,7639;36,9138;6,6;-8,3155;0,0;0,0;0,0;-0,0885;5,28;0;0,0881;0;1;0;0;0
7;HapticsFixedCC;4;86,7778;36,9138;6,6;-8,3565;0,0;0,0;0,0;-0,0876;5,14;0;0,0881;0;1;0;0;0
7;HapticsFixedCC;4;86,7917;36,9138;6,6;-8,3931;0,0;0,0;0,0;-0,0868;5,0;0;0,0881;0;1;0;0;0
7;HapticsFixedCC;4;86,8055;36,6759;6,6;-8,4269;0,0;0,0;0,0;-0,0814;6,05;0;0,0876;0;1;0;0;0
7;HapticsFixedCC;4;86,8194;36,6505;6,6;-8,4577;0,0;0,0;0,0;-0,0802;6,03;0;0,0876;0;1;0;0;0
7;HapticsFixedCC;4;86,8333;36,625;6,6;-8,4901;0,0;0,0;0,0;-0,0791;6,02;0;0,0875;0;1;0;0;0
7;HapticsFixedCC;4;86,8472;36,5995;6,6;-8,5247;0,0;0,0;0,0;-0,078;6,0;0;0,0875;0;1;0;0;0
7;HapticsFixedCC;4;86,8611;36,574;6,6;-8,5361;0,0;0,0;0,0;-0,0771;5,98;0;0,0874;0;1;0;0;0
7;HapticsFixedCC;4;86,875;36,5485;6,6;-8,5494;0,0;0,0;0,0;-0,0761;5,96;0;0,0874;0;1;0;0;0
7;HapticsFixedCC;4;86,8889;36,523;6,6;-8,5539;0,0;0,0;0,0;-0,0753;5,95;0;0,0873;0;1;0;0;0
7;HapticsFixedCC;4;86,9028;36,4975;6,6;-8,5527;0,0;0,0;0,0;-0,0745;5,93;0;0,0873;0;1;0;0;0
7;HapticsFixedCC;4;86,9167;36,4721;6,6;-8,5435;0,0;0,0;0,0;-0,0737;5,91;0;0,0872;0;1;0;0;0
7;HapticsFixedCC;4;86,9305;36,4607;6,6;-8,5249;0,0;0,0;0,0;-0,0727;5,82;0;0,0872;0;1;0;0;0
7;HapticsFixedCC;4;86,9444;36,4607;6,6;-8,5024;0,0;0,0;0,0;-0,0716;5,68;0;0,0872;0;1;0;0;0
7;HapticsFixedCC;4;86,9583;36,4607;6,6;-8,4676;0,0;0,0;0,0;-0,0706;5,53;0;0,0872;0;1;0;0;0
7;HapticsFixedCC;4;86,9722;36,4607;6,6;-8,44;0,0;0,0;0,0;-0,0696;5,39;0;0,0872;0;1;0;0;0
7;HapticsFixedCC;4;86,9861;36,4607;6,6;-8,4125;0,0;0,0;0,0;-0,0686;5,25;0;0,0872;0;1;0;0;0
7;HapticsFixedCC;4;87,0;36,4607;6,6;-8,398;0,0;0,0;0,0;-0,0677;5,1;0;0,0872;0;1;0;0;0
7;HapticsFixedCC;4;87,0139;36,4607;6,6;-8,3908;0,0;0,0;0,0;-0,0669;4,96;0;0,0872;0;1;0;0;0
7;HapticsFixedCC;4;87,0278;36,4607;6,6;-8,3886;0,0;0,0;0,0;-0,0662;4,82;0;0,0872;0;1;0;0;0
7;HapticsFixedCC;4;87,0417;36,4607;6,6;-8,3918;0,0;0,0;0,0;-0,0655;4,67;0;0,0872;0;1;0;0;0
7;HapticsFixedCC;4;87,0555;36,2145;6,6;-8,3951;0,0;0,0;0,0;-0,06;5,75;0;0,0866;0;1;0;0;0
7;HapticsFixedCC;4;87,0694;36,189;6,6;-8,395;0,0;0,0;0,0;-0,0589;5,74;0;0,0865;0;1;0;0;0
7;HapticsFixedCC;4;87,0833;36,1635;6,6;-8,3824;0,0;0,0;0,0;-0,0579;5,72;0;0,0864;0;1;0;0;0
7;HapticsFixedCC;4;87,0972;36,138;6,6;-8,3474;0,0;0,0;0,0;-0,057;5,71;0;0,0864;0;1;0;0;0
7;HapticsFixedCC;4;87,1111;36,1126;6,6;-8,3174;0,0;0,0;0,0;-0,0561;5,69;0;0,0863;0;1;0;0;0
7;HapticsFixedCC;4;87,125;36,0871;6,6;-8,2804;0,0;0,0;0,0;-0,0552;5,68;0;0,0862;0;1;0;0;0
7;HapticsFixedCC;4;87,1389;36,0616;6,6;-8,2526;0,0;0,0;0,0;-0,0544;5,66;0;0,0862;0;1;0;0;0
7;HapticsFixedCC;4;87,1528;36,0361;7,9;-8,2291;0,0;0,0;0,0;-0,054;5,62;0;0,0861;0;1;0;0;0
7;HapticsFixedCC;4;87,1667;36,0056;7,9;-8,2053;0,0;0,0;0,0;-0,0532;5,6;0;0,086;0;1;0;0;0
7;HapticsFixedCC;4;87,1805;36,0037;7,9;-8,1912;0,0;0,0;0,0;-0,052;5,45;0;0,086;0;1;0;0;0
7;HapticsFixedCC;4;87,1944;36,0037;7,9;-8,1769;0,0;0,0;0,0;-0,0508;5,28;0;0,086;0;1;0;0;0
7;HapticsFixedCC;4;87,2083;36,0037;7,9;-8,1698;0,0;0,0;0,0;-0,0497;5,11;0;0,086;0;1;0;0;0
7;HapticsFixedCC;4;87,2222;36,0037;7,9;-8,1635;0,0;0,0;0,0;-0,0486;4,95;0;0,086;0;1;0;0;0
7;HapticsFixedCC;4;87,2361;36,0037;7,9;-8,1615;0,0;0,0;0,0;-0,0477;4,78;0;0,086;0;1;0;0;0
7;HapticsFixedCC;4;87,25;36,0037;7,9;-8,1581;0,0;0,0;0,0;-0,0468;4,61;0;0,086;0;1;0;0;0
7;HapticsFixedCC;4;87,2639;36,0037;7,9;-8,1566;0,0;0,0;0,0;-0,0461;4,45;0;0,086;0;1;0;0;0
7;HapticsFixedCC;4;87,2778;35,7596;7,9;-8,1568;0,0;0,0;0,0;-0,0407;5,47;0;0,0852;0;1;0;0;0
7;HapticsFixedCC;4;87,2917;35,7291;7,9;-8,1585;0,0;0,0;0,0;-0,0395;5,46;0;0,0851;0;1;0;0;0
7;HapticsFixedCC;4;87,3055;35,6986;7,9;-8,1682;0,0;0,0;0,0;-0,0385;5,44;0;0,085;0;1;0;0;0
7;HapticsFixedCC;4;87,3194;35,6681;7,9;-8,1912;0,0;0,0;0,0;-0,0375;5,42;0;0,0849;0;1;0;0;0
7;HapticsFixedCC;4;87,3333;35,6376;7,9;-8,2373;0,0;0,0;0,0;-0,0366;5,4;0;0,0848;0;1;0;0;0
7;HapticsFixedCC;4;87,3472;35,6071;7,9;-8,3008;0,0;0,0;0,0;-0,0359;5,38;0;0,0847;0;1;0;0;0
7;HapticsFixedCC;4;87,3611;35,5765;7,9;-8,3745;0,0;0,0;0,0;-0,0352;5,36;0;0,0846;0;1;0;0;0
7;HapticsFixedCC;4;87,375;35,5492;7,9;-8,4195;0,0;0,0;0,0;-0,0346;5,32;0;0,0845;0;1;0;0;0
7;HapticsFixedCC;4;87,3889;35,5492;7,9;-8,5142;0,0;0,0;0,0;-0,0336;5,15;0;0,0845;0;1;0;0;0
7;HapticsFixedCC;4;87,4028;35,5492;7,9;-8,5857;0,0;0,0;0,0;-0,0326;4,97;0;0,0845;0;1;0;0;0
7;HapticsFixedCC;4;87,4167;35,5492;7,9;-8,6699;0,0;0,0;0,0;-0,0318;4,79;0;0,0845;0;1;0;0;0
7;HapticsFixedCC;4;87,4305;35,5492;7,9;-8,7374;0,0;0,0;0,0;-0,0311;4,62;0;0,0845;0;1;0;0;0
7;HapticsFixedCC;4;87,4444;35,5492;7,9;-8,8007;0,0;0,0;0,0;-0,0305;4,44;0;0,0845;0;1;0;0;0
7;HapticsFixedCC;4;87,4583;35,5492;7,9;-8,8527;0,0;0,0;0,0;-0,03;4,26;0;0,0845;0;1;0;0;0
7;HapticsFixedCC;4;87,4722;35,5492;7,9;-8,9063;0,0;0,0;0,0;-0,0296;4,07;0;0,0845;0;1;0;0;0
7;HapticsFixedCC;4;87,4861;35,3006;7,9;-8,9251;0,0;0,0;0,0;-0,0246;5,08;0;0,0835;0;1;8;0;0
7;HapticsFixedCC;4;87,5;35,2701;7,9;-8,9351;0,0;0,0;0,0;-0,0238;5,05;0;0,0834;0;1;8;0;0
7;HapticsFixedCC;4;87,5139;35,2396;7,9;-8,9478;0,0;0,0;0,0;-0,0231;5,01;0;0,0833;0;1;8;0;0
7;HapticsFixedCC;4;87,5278;35,2091;7,9;-8,9593;0,0;0,0;0,0;-0,0226;4,97;0;0,0831;0;1;8;0;0
7;HapticsFixedCC;4;87,5417;35,1785;7,9;-8,9671;0,0;0,0;0,0;-0,0221;4,94;0;0,083;0;1;8;0;0
7;HapticsFixedCC;4;87,5555;35,148;7,9;-8,9713;0,0;0,0;0,0;-0,0217;4,9;0;0,0829;0;1;8;0;0
7;HapticsFixedCC;4;87,5694;35,1175;7,9;-8,9634;0,0;0,0;0,0;-0,0214;4,86;0;0,0828;0;1;8;0;0
7;HapticsFixedCC;4;87,5833;35,094;7,9;-8,9492;0,0;0,0;0,0;-0,021;4,79;0;0,0827;0;1;8;0;0
7;HapticsFixedCC;4;87,5972;35,094;7,9;-8,9243;0,0;0,0;0,0;-0,0203;4,61;0;0,0827;0;1;8;0;0
7;HapticsFixedCC;4;87,6111;35,094;7,9;-8,8834;0,0;0,0;0,0;-0,0197;4,43;0;0,0827;0;1;8;0;0
7;HapticsFixedCC;4;87,625;35,094;7,9;-8,8752;0,0;0,0;0,0;-0,0192;4,25;0;0,0827;0;1;8;0;0
7;HapticsFixedCC;4;87,6389;35,094;7,9;-8,836;0,0;0,0;0,0;-0,0188;4,07;0;0,0827;0;1;8;0;0
7;HapticsFixedCC;4;87,6528;35,094;8,4;-8,7746;0,0;0,0;0,0;-0,0186;3,88;0;0,0827;0;1;8;0;0
7;HapticsFixedCC;4;87,6667;35,094;8,4;-8,745;0,0;0,0;0,0;-0,0183;3,69;0;0,0827;0;1;8;0;0
7;HapticsFixedCC;4;87,6805;35,094;8,4;-8,7248;0,0;0,0;0,0;-0,0181;3,5;0;0,0827;0;1;8;0;0
7;HapticsFixedCC;4;87,6944;34,8362;8,4;-8,7207;0,0;0,0;0,0;-0,0132;4,51;0;0,0815;0;1;8;0;0
7;HapticsFixedCC;4;87,7083;34,8038;8,4;-8,6849;0,0;0,0;0,0;-0,0127;4,48;0;0,0814;0;1;8;0;0
7;HapticsFixedCC;4;87,7222;34,7713;8,4;-8,6703;0,0;0,0;0,0;-0,0122;4,44;0;0,0812;0;1;8;0;0
7;HapticsFixedCC;4;87,7361;34,7389;8,4;-8,661;0,0;0,0;0,0;-0,0119;4,4;0;0,0811;0;1;8;0;0
7;HapticsFixedCC;4;87,75;34,7064;8,4;-8,659;0,0;0,0;0,0;-0,0117;4,37;0;0,0809;0;1;8;0;0
7;HapticsFixedCC;4;87,7639;34,6739;8,4;-8,6616;0,0;0,0;0,0;-0,0115;4,33;0;0,0808;0;1;8;0;0
7;HapticsFixedCC;4;87,7778;34,6415;8,4;-8,6653;0,0;0,0;0,0;-0,0115;4,29;0;0,0806;0;1;8;0;0
7;HapticsFixedCC;4;87,7917;34,6365;8,4;-8,6752;0,0;0,0;0,0;-0,0111;4,13;0;0,0806;0;1;8;0;0
7;HapticsFixedCC;4;87,8055;34,6365;8,4;-8,6861;0,0;0,0;0,0;-0,0107;3,94;0;0,0806;0;1;8;0;0
7;HapticsFixedCC;4;87,8194;34,6365;8,4;-8,7022;0,0;0,0;0,0;-0,0104;3,75;0;0,0806;0;1;8;0;0
7;HapticsFixedCC;4;87,8333;34,6365;8,4;-8,7293;0,0;0,0;0,0;-0,0101;3,56;0;0,0806;0;1;8;0;0
7;HapticsFixedCC;4;87,8472;34,6365;8,4;-8,7658;0,0;0,0;0,0;-0,0101;3,37;0;0,0806;0;1;8;0;0
7;HapticsFixedCC;4;87,8611;34,6365;8,4;-8,8;0,0;0,0;0,0;-0,0101;3,18;0;0,0806;0;1;8;0;0
7;HapticsFixedCC;4;87,875;34,6365;8,4;-8,8354;0,0;0,0;0,0;-0,0103;2,99;0;0,0806;0;1;8;0;0
7;HapticsFixedCC;4;87,8889;34,3814;9,1;-8,8551;0,0;0,0;0,0;-0,0061;3,94;0;0,0794;0;1;8;0;0
7;HapticsFixedCC;4;87,9028;34,3462;9,1;-8,8659;0,0;0,0;0,0;-0,0059;3,89;0;0,0792;0;1;8;0;0
7;HapticsFixedCC;4;87,9167;34,3111;9,1;-8,8723;0,0;0,0;0,0;-0,0058;3,85;0;0,079;0;1;8;0;0
7;HapticsFixedCC;4;87,9305;34,2759;9,1;-8,866;0,0;0,0;0,0;-0,0059;3,8;0;0,0789;0;1;8;0;0
7;HapticsFixedCC;4;87,9444;34,2407;9,1;-8,8597;0,0;0,0;0,0;-0,0061;3,75;0;0,0787;0;1;8;0;0
7;HapticsFixedCC;4;87,9583;34,2056;9,1;-8,8474;0,0;0,0;0,0;-0,0064;3,7;0;0,0785;0;1;8;0;0
7;HapticsFixedCC;4;87,9722;34,1843;9,1;-8,8387;0,0;0,0;0,0;-0,0066;3,59;0;0,0784;0;1;8;0;0
7;HapticsFixedCC;4;87,9861;34,1843;9,1;-8,8353;0,0;0,0;0,0;-0,0065;3,38;0;0,0784;0;1;8;0;0
7;HapticsFixedCC;4;88,0;34,1843;9,1;-8,8356;0,0;0,0;0,0;-0,0066;3,17;0;0,0784;0;1;8;0;0
7;HapticsFixedCC;4;88,0139;34,1843;9,1;-8,8406;0,0;0,0;0,0;-0,0068;2,96;0;0,0784;0;1;8;0;0
7;HapticsFixedCC;4;88,0278;34,1843;9,1;-8,8453;0,0;0,0;0,0;-0,0071;2,75;0;0,0784;0;1;8;0;0
7;HapticsFixedCC;4;88,0417;34,1843;9,1;-8,8576;0,0;0,0;0,0;-0,0076;2,55;0;0,0784;0;1;8;0;0
7;HapticsFixedCC;4;88,0555;34,1843;9,1;-8,8695;0,0;0,0;0,0;-0,0082;2,34;0;0,0784;0;1;8;0;0
7;HapticsFixedCC;4;88,0694;33,924;9,1;-8,883;0,0;0,0;0,0;-0,0042;3,28;0;0,077;0;1;8;0;0
7;HapticsFixedCC;4;88,0833;33,8888;9,1;-8,8896;0,0;0,0;0,0;-0,0045;3,23;0;0,0768;0;1;8;0;0
7;HapticsFixedCC;4;88,0972;33,8536;9,1;-8,8883;0,0;0,0;0,0;-0,0048;3,17;0;0,0767;0;1;8;0;0
7;HapticsFixedCC;4;88,1111;33,8185;9,1;-8,8776;0,0;0,0;0,0;-0,0053;3,12;0;0,0765;0;1;8;0;0
7;HapticsFixedCC;4;88,125;33,7833;9,1;-8,849;0,0;0,0;0,0;-0,0059;3,06;0;0,0763;0;1;8;0;0
7;HapticsFixedCC;4;88,1389;33,7481;9,1;-8,8028;0,0;0,0;0,0;-0,0066;3,01;0;0,0761;0;1;8;0;0
7;HapticsFixedCC;4;88,1528;33,7224;9,1;-8,7474;0,0;0,0;0,0;-0,0073;2,92;0;0,076;0;1;8;0;0
7;HapticsFixedCC;4;88,1667;33,7224;9,1;-8,6718;0,0;0,0;0,0;-0,0076;2,71;0;0,076;0;1;8;0;0
7;HapticsFixedCC;4;88,1805;33,7224;9,1;-8,5959;0,0;0,0;0,0;-0,008;2,51;0;0,076;0;1;8;0;0
7;HapticsFixedCC;4;88,1944;33,7224;9,1;-8,5275;0,0;0,0;0,0;-0,0085;2,31;0;0,076;0;1;8;0;0
7;HapticsFixedCC;4;88,2083;33,7224;9,1;-8,4443;0,0;0,0;0,0;-0,0091;2,11;0;0,076;0;1;8;0;0
7;HapticsFixedCC;4;88,2222;33,7224;9,1;-8,3387;0,0;0,0;0,0;-0,0098;1,91;0;0,076;0;1;8;0;0
7;HapticsFixedCC;4;88,2361;33,7224;9,1;-8,2422;0,0;0,0;0,0;-0,0106;1,72;0;0,076;0;1;8;0;0
7;HapticsFixedCC;4;88,25;33,4666;9,1;-8,1593;0,0;0,0;0,0;-0,0072;2,62;0;0,0746;0;1;8;0;0
7;HapticsFixedCC;4;88,2639;33,4314;9,1;-8,0717;0,0;0,0;0,0;-0,0076;2,58;0;0,0744;0;1;8;0;0
7;HapticsFixedCC;4;88,2778;33,3963;9,1;-7,9765;0,0;0,0;0,0;-0,0081;2,55;0;0,0742;0;1;8;0;0
7;HapticsFixedCC;4;88,2917;33,3611;9,1;-7,9055;0,0;0,0;0,0;-0,0088;2,51;0;0,074;0;1;8;0;0
7;HapticsFixedCC;4;88,3055;33,326;9,1;-7,8689;0,0;0,0;0,0;-0,0094;2,48;0;0,0738;0;1;8;0;0
7;HapticsFixedCC;4;88,3194;33,2908;9,1;-7,8451;0,0;0,0;0,0;-0,0103;2,44;0;0,0736;0;1;8;0;0
7;HapticsFixedCC;4;88,3333;33,2735;9,1;-7,8302;0,0;0,0;0,0;-0,0109;2,33;0;0,0735;0;1;8;0;0
7;HapticsFixedCC;4;88,3472;33,2735;9,1;-7,8167;0,0;0,0;0,0;-0,0113;2,15;0;0,0735;0;1;8;0;0
7;HapticsFixedCC;4;88,3611;33,2735;9,1;-7,8112;0,0;0,0;0,0;-0,0118;1,97;0;0,0735;0;1;8;0;0
7;HapticsFixedCC;4;88,375;33,2735;9,1;-7,8104;0,0;0,0;0,0;-0,0125;1,78;0;0,0735;0;1;8;0;0
7;HapticsFixedCC;4;88,3889;33,2735;9,5;-7,8199;0,0;0,0;0,0;-0,0134;1,59;0;0,0735;0;1;8;0;0
7;HapticsFixedCC;4;88,4028;33,2735;9,5;-7,8374;0,0;0,0;0,0;-0,0143;1,4;0;0,0735;0;1;8;0;0
7;HapticsFixedCC;4;88,4167;33,0413;9,5;-7,8568;0,0;0,0;0,0;-0,0115;2,17;0;0,0722;0;1;8;0;0
7;HapticsFixedCC;4;88,4305;33,0046;9,5;-7,8793;0,0;0,0;0,0;-0,0121;2,13;0;0,072;0;1;8;0;0
7;HapticsFixedCC;4;88,4444;32,9679;9,5;-7,9195;0,0;0,0;0,0;-0,0128;2,08;0;0,0718;0;1;8;0;0
7;HapticsFixedCC;4;88,4583;32,9312;9,5;-7,9625;0,0;0,0;0,0;-0,0137;2,04;0;0,0716;0;1;8;0;0
7;HapticsFixedCC;4;88,4722;32,8945;9,5;-7,9987;0,0;0,0;0,0;-0,0147;2,0;0;0,0714;0;1;8;0;0
7;HapticsFixedCC;4;88,4861;32,8578;9,5;-8,0318;0,0;0,0;0,0;-0,0158;1,95;0;0,0711;0;1;1;0;0
7;HapticsFixedCC;4;88,5;32,8211;9,5;-8,0633;0,0;0,0;0,0;-0,017;1,91;0;0,0709;0;1;1;0;0
7;HapticsFixedCC;4;88,5139;32,8159;9,5;-8,0904;0,0;0,0;0,0;-0,0179;1,73;0;0,0709;0;1;1;0;0
7;HapticsFixedCC;4;88,5278;32,8159;9,5;-8,118;0,0;0,0;0,0;-0,0188;1,53;0;0,0709;0;1;1;0;0
7;HapticsFixedCC;4;88,5417;32,8159;9,5;-8,1514;0,0;0,0;0,0;-0,0199;1,33;0;0,0709;0;1;1;0;0
7;HapticsFixedCC;4;88,5555;32,8159;9,5;-8,1904;0,0;0,0;0,0;-0,0211;1,13;0;0,0709;0;1;1;0;0
7;HapticsFixedCC;4;88,5694;32,8159;9,5;-8,2294;0,0;0,0;0,0;-0,0224;0,93;0;0,0709;0;1;1;0;0
7;HapticsFixedCC;4;88,5833;32,8159;9,5;-8,2506;0,0;0,0;0,0;-0,0239;0,72;0;0,0709;0;1;1;0;0
7;HapticsFixedCC;4;88,5972;32,5637;9,5;-8,2781;0,0;0,0;0,0;-0,0216;1,52;0;0,0695;0;1;1;0;0
7;HapticsFixedCC;4;88,6111;32,527;9,5;-8,293;0,0;0,0;0,0;-0,0228;1,47;0;0,0692;0;1;1;0;0
7;HapticsFixedCC;4;88,625;32,4903;9,5;-8,3045;0,0;0,0;0,0;-0,0241;1,41;0;0,069;0;1;1;0;0
7;HapticsFixedCC;4;88,6389;32,4536;9,5;-8,3138;0,0;0,0;0,0;-0,0255;1,35;0;0,0688;0;1;1;0;0
7;HapticsFixedCC;4;88,6528;32,417;9,5;-8,3136;0,0;0,0;0,0;-0,0271;1,29;0;0,0686;0;1;1;0;0
7;HapticsFixedCC;4;88,6667;32,3803;9,5;-8,2989;0,0;0,0;0,0;-0,0288;1,23;0;0,0684;0;1;1;0;0
7;HapticsFixedCC;4;88,6805;32,3596;9,5;-8,2467;0,0;0,0;0,0;-0,0304;1,11;0;0,0683;0;1;1;0;0
7;HapticsFixedCC;4;88,6944;32,3596;9,5;-8,2359;0,0;0,0;0,0;-0,0318;0,91;0;0,0683;0;1;1;0;0
7;HapticsFixedCC;4;88,7083;32,3596;9,5;-8,1242;0,0;0,0;0,0;-0,0333;0,71;0;0,0683;0;1;1;0;0
7;HapticsFixedCC;4;88,7222;32,3596;9,5;-8,0753;0,0;0,0;0,0;-0,0348;0,51;0;0,0683;0;1;1;0;0
7;HapticsFixedCC;4;88,7361;32,3596;9,5;-8,0166;0,0;0,0;0,0;-0,0365;0,31;0;0,0683;0;1;1;0;0
7;HapticsFixedCC;4;88,75;32,3596;9,5;-7,9608;0,0;0,0;0,0;-0,0383;0,12;0;0,0683;0;1;1;0;0
7;HapticsFixedCC;4;88,7639;32,1226;9,5;-7,9067;0,0;0,0;0,0;-0,0366;0,83;0;0,0669;0;1;1;0;0
7;HapticsFixedCC;4;88,7778;32,0859;9,5;-7,8392;0,0;0,0;0,0;-0,0381;0,78;0;0,0667;0;1;1;0;0
7;HapticsFixedCC;4;88,7917;32,0492;9,5;-7,7902;0,0;0,0;0,0;-0,0396;0,73;0;0,0665;0;1;1;0;0
7;HapticsFixedCC;4;88,8055;32,0126;9,5;-7,7048;0,0;0,0;0,0;-0,0413;0,68;0;0,0663;0;1;1;0;0
7;HapticsFixedCC;4;88,8194;31,9759;9,5;-7,6264;0,0;0,0;0,0;-0,0431;0,63;0;0,0661;0;1;1;0;0
7;HapticsFixedCC;4;88,8333;31,9393;9,5;-7,5399;0,0;0,0;0,0;-0,045;0,59;0;0,0658;0;1;1;0;0
7;HapticsFixedCC;4;88,8472;31,9079;9,5;-7,4637;0,0;0,0;0,0;-0,0468;0,52;0;0,0657;0;1;1;0;0
7;HapticsFixedCC;4;88,8611;31,9079;9,5;-7,3735;0,0;0,0;0,0;-0,0483;0,34;0;0,0657;0;1;1;0;0
7;HapticsFixedCC;4;88,875;31,9079;9,5;-7,2712;0,0;0,0;0,0;-0,0499;0,16;0;0,0657;0;1;1;0;0
7;HapticsFixedCC;4;88,8889;31,9079;9,5;-7,1796;0,0;0,0;0,0;-0,0516;0,0;0;0,0657;0;1;1;0;0
7;HapticsFixedCC;4;88,9028;31,9079;9,5;-7,1613;0,0;0,0;0,0;-0,0534;-0,19;0;0,0657;0;1;1;0;0
7;HapticsFixedCC;4;88,9167;31,9079;9,5;-6,9859;0,0;0,0;0,0;-0,0553;-0,36;0;0,0657;0;1;1;0;0
7;HapticsFixedCC;4;88,9305;31,9079;9,5;-6,8441;0,0;0,0;0,0;-0,0572;-0,53;0;0,0657;0;1;1;0;0
7;HapticsFixedCC;4;88,9444;31,6445;9,7;-6,7286;0,0;0,0;0,0;-0,0554;0,28;0;0,0642;0;1;1;0;0
7;HapticsFixedCC;4;88,9583;31,6071;9,7;-6,6295;0,0;0,0;0,0;-0,0569;0,25;0;0,0639;0;1;1;0;0
7;HapticsFixedCC;4;88,9722;31,5697;9,7;-6,5221;0,0;0,0;0,0;-0,0586;0,22;0;0,0637;0;1;1;0;0
7;HapticsFixedCC;4;88,9861;31,5323;9,7;-6,4012;0,0;0,0;0,0;-0,0604;0,2;0;0,0635;0;1;1;0;0
7;HapticsFixedCC;4;89,0;31,4949;9,7;-6,2802;0,0;0,0;0,0;-0,0622;0,18;0;0,0633;0;1;1;0;0
7;HapticsFixedCC;4;89,0139;31,4575;9,7;-6,2559;0,0;0,0;0,0;-0,0641;0,16;0;0,0631;0;1;1;0;0
7;HapticsFixedCC;4;89,0278;31,4457;9,7;-6,0352;0,0;0,0;0,0;-0,0657;0,06;0;0,063;0;1;1;0;0
7;HapticsFixedCC;4;89,0417;31,4457;9,7;-5,9341;0,0;0,0;0,0;-0,0672;-0,09;0;0,063;0;1;1;0;0
7;HapticsFixedCC;4;89,0555;31,4457;9,7;-5,8079;0,0;0,0;0,0;-0,0688;-0,24;0;0,063;0;1;1;0;0
7;HapticsFixedCC;4;89,0694;31,4457;9,7;-5,6596;0,0;0,0;0,0;-0,0704;-0,38;0;0,063;0;1;1;0;0
7;HapticsFixedCC;4;89,0833;31,4457;9,7;-5,4997;0,0;0,0;0,0;-0,0721;-0,52;0;0,063;0;1;1;0;0
7;HapticsFixedCC;4;89,0972;31,4457;9,7;-5,3953;0,0;0,0;0,0;-0,0738;-0,65;0;0,063;0;1;1;0;0
7;HapticsFixedCC;4;89,1111;31,1936;9,7;-5,2808;0,0;0,0;0,0;-0,0721;0,11;0;0,0616;0;1;1;0;0
7;HapticsFixedCC;4;89,125;31,1561;9,7;-5,2579;0,0;0,0;0,0;-0,0734;0,11;0;0,0614;0;1;1;0;0
7;HapticsFixedCC;4;89,1389;31,1187;9,7;-5,038;0,0;0,0;0,0;-0,0748;0,12;0;0,0612;0;1;1;0;0
7;HapticsFixedCC;4;89,1528;31,0813;9,7;-4,8715;0,0;0,0;0,0;-0,0762;0,13;0;0,0609;0;1;1;0;0
7;HapticsFixedCC;4;89,1667;31,0439;9,7;-4,7597;0,0;0,0;0,0;-0,0777;0,14;0;0,0607;0;1;1;0;0
7;HapticsFixedCC;4;89,1805;31,0065;9,7;-4,6398;0,0;0,0;0,0;-0,0792;0,16;0;0,0605;0;1;1;0;0
7;HapticsFixedCC;4;89,1944;30,9956;9,7;-4,522;0,0;0,0;0,0;-0,0803;0,09;0;0,0605;0;1;1;0;0
7;HapticsFixedCC;4;89,2083;30,9956;10,0;-4,4985;0,0;0,0;0,0;-0,0815;-0,02;0;0,0605;0;1;1;0;0
7;HapticsFixedCC;4;89,2222;30,9956;10,0;-4,3885;0,0;0,0;0,0;-0,0826;-0,14;0;0,0605;0;1;1;0;0
7;HapticsFixedCC;4;89,2361;30,9956;10,0;-4,2382;0,0;0,0;0,0;-0,0838;-0,25;0;0,0605;0;1;1;0;0
7;HapticsFixedCC;4;89,25;30,9956;10,0;-4,1599;0,0;0,0;0,0;-0,0851;-0,36;0;0,0605;0;1;1;0;0
7;HapticsFixedCC;4;89,2639;30,9956;10,0;-4,0942;0,0;0,0;0,0;-0,0864;-0,46;0;0,0605;0;1;1;0;0
7;HapticsFixedCC;4;89,2778;30,7365;10,0;-4,041;0,0;0,0;0,0;-0,0842;0,31;0;0,059;0;1;1;0;0
7;HapticsFixedCC;4;89,2917;30,6979;10,0;-4,0308;0,0;0,0;0,0;-0,0851;0,34;0;0,0588;0;1;1;0;0
7;HapticsFixedCC;4;89,3055;30,6593;10,0;-4,0174;0,0;0,0;0,0;-0,0861;0,37;0;0,0586;0;1;1;0;0
7;HapticsFixedCC;4;89,3194;30,6208;10,0;-4,0068;0,0;0,0;0,0;-0,0871;0,4;0;0,0584;0;1;1;0;0
7;HapticsFixedCC;4;89,3333;30,5822;10,0;-4,0047;0,0;0,0;0,0;-0,0882;0,43;0;0,0582;0;1;1;0;0
7;HapticsFixedCC;4;89,3472;30,5436;10,0;-4,0018;0,0;0,0;0,0;-0,0894;0,45;0;0,058;0;1;1;0;0
7;HapticsFixedCC;4;89,3611;30,5413;10,0;-4,0386;0,0;0,0;0,0;-0,0902;0,36;0;0,0579;0;1;1;0;0
7;HapticsFixedCC;4;89,375;30,5413;10,0;-4,0852;0,0;0,0;0,0;-0,091;0,25;0;0,0579;0;1;1;0;0
7;HapticsFixedCC;4;89,3889;30,5413;10,0;-4,1736;0,0;0,0;0,0;-0,0919;0,15;0;0,0579;0;1;1;0;0
7;HapticsFixedCC;4;89,4028;30,5413;10,0;-4,2464;0,0;0,0;0,0;-0,0929;0,03;0;0,0579;0;1;1;0;0
7;HapticsFixedCC;4;89,4167;30,5413;10,0;-4,364;0,0;0,0;0,0;-0,094;-0,07;0;0,0579;0;1;1;0;0
7;HapticsFixedCC;4;89,4305;30,5413;10,0;-4,5123;0,0;0,0;0,0;-0,0952;-0,19;0;0,0579;0;1;1;0;0
7;HapticsFixedCC;4;89,4444;30,2711;10,0;-4,542;0,0;0,0;0,0;-0,093;0,57;0;0,0565;0;1;1;0;0
7;HapticsFixedCC;4;89,4583;30,2325;10,0;-4,8649;0,0;0,0;0,0;-0,0939;0,57;0;0,0563;0;1;1;0;0
7;HapticsFixedCC;4;89,4722;30,1939;10,0;-5,0309;0,0;0,0;0,0;-0,095;0,57;0;0,0561;0;1;1;0;0
7;HapticsFixedCC;4;89,4861;30,1554;10,0;-5,1614;0,0;0,0;0,0;-0,0963;0,56;0;0,0559;0;1;8;1;0
7;HapticsFixedCC;4;89,5;30,1168;10,0;-5,2863;0,0;0,0;0,0;-0,0976;0,55;0;0,0557;0;1;8;1;0
7;HapticsFixedCC;4;89,5139;30,0782;10,0;-5,3413;0,0;0,0;0,0;-0,099;0,54;0;0,0555;0;1;8;1;0
7;HapticsFixedCC;4;89,5278;30,0763;10,0;-5,3522;0,0;0,0;0,0;-0,1001;0,41;0;0,0554;0;1;8;1;0
7;HapticsFixedCC;4;89,5417;30,0763;10,0;-5,3783;0,0;0,0;0,0;-0,1012;0,27;0;0,0554;0;1;8;1;0
7;HapticsFixedCC;4;89,5555;30,0763;10,0;-5,4059;0,0;0,0;0,0;-0,1024;0,13;0;0,0554;0;1;8;1;0
7;HapticsFixedCC;4;89,5694;30,0763;10,0;-5,4354;0,0;0,0;0,0;-0,1038;0,0;0;0,0554;0;1;8;1;0
7;HapticsFixedCC;4;89,5833;30,0763;10,0;-5,4565;0,0;0,0;0,0;-0,1052;-0,15;0;0,0554;0;1;8;1;0
7;HapticsFixedCC;4;89,5972;29,8441;10,0;-5,4716;0,0;0,0;0,0;-0,1039;0,43;0;0,0542;0;1;8;1;0
7;HapticsFixedCC;4;89,6111;29,8055;10,0;-5,4817;0,0;0,0;0,0;-0,1051;0,41;0;0,054;0;1;8;1;0
7;HapticsFixedCC;4;89,625;29,7669;10,0;-5,484;0,0;0,0;0,0;-0,1063;0,39;0;0,0538;0;1;8;1;0
7;HapticsFixedCC;4;89,6389;29,7284;10,0;-5,4749;0,0;0,0;0,0;-0,1077;0,37;0;0,0536;0;1;8;1;0
7;HapticsFixedCC;4;89,6528;29,6898;9,8;-5,4733;0,0;0,0;0,0;-0,1091;0,35;0;0,0534;0;1;8;1;0
7;HapticsFixedCC;4;89,6667;29,652;9,8;-5,4494;0,0;0,0;0,0;-0,1106;0,33;0;0,0532;0;1;8;1;0
7;HapticsFixedCC;4;89,6805;29,6302;9,8;-5,4283;0,0;0,0;0,0;-0,112;0,26;0;0,0531;0;1;8;1;0
7;HapticsFixedCC;4;89,6944;29,6302;9,8;-5,4088;0,0;0,0;0,0;-0,1132;0,13;0;0,0531;0;1;8;1;0
7;HapticsFixedCC;4;89,7083;29,6302;9,8;-5,3853;0,0;0,0;0,0;-0,1145;0,0;0;0,0531;0;1;8;1;0
7;HapticsFixedCC;4;89,7222;29,6302;9,8;-5,3635;0,0;0,0;0,0;-0,1159;-0,15;0;0,0531;0;1;8;1;0
7;HapticsFixedCC;4;89,7361;29,6302;9,8;-5,3288;0,0;0,0;0,0;-0,1174;-0,28;0;0,0531;0;1;8;1;0
7;HapticsFixedCC;4;89,75;29,6302;9,8;-5,2943;0,0;0,0;0,0;-0,1189;-0,41;0;0,0531;0;1;8;1;0
7;HapticsFixedCC;4;89,7639;29,3846;9,8;-5,2873;0,0;0,0;0,0;-0,1176;0,18;0;0,0519;0;1;8;1;0
7;HapticsFixedCC;4;89,7778;29,3468;9,8;-5,2003;0,0;0,0;0,0;-0,1189;0,17;0;0,0517;0;1;8;1;0
7;HapticsFixedCC;4;89,7917;29,309;9,8;-5,1437;0,0;0,0;0,0;-0,1202;0,15;0;0,0515;0;1;8;1;0
7;HapticsFixedCC;4;89,8055;29,2712;9,8;-5,0871;0,0;0,0;0,0;-0,1216;0,13;0;0,0513;0;1;8;1;0
7;HapticsFixedCC;4;89,8194;29,2334;9,8;-5,0009;0,0;0,0;0,0;-0,123;0,12;0;0,0511;0;1;8;1;0
7;HapticsFixedCC;4;89,8333;29,1956;9,8;-4,9166;0,0;0,0;0,0;-0,1245;0,11;0;0,0509;0;1;8;1;0
7;HapticsFixedCC;4;89,8472;29,175;9,8;-4,9;0,0;0,0;0,0;-0,1259;0,04;0;0,0508;0;1;8;1;0
7;HapticsFixedCC;4;89,8611;29,175;9,8;-4,8735;0,0;0,0;0,0;-0,1271;-0,08;0;0,0508;0;1;8;1;0
7;HapticsFixedCC;4;89,875;29,175;9,8;-4,7877;0,0;0,0;0,0;-0,1284;-0,2;0;0,0508;0;1;8;1;0
7;HapticsFixedCC;4;89,8889;29,175;9,8;-4,7142;0,0;0,0;0,0;-0,1297;-0,32;0;0,0508;0;1;8;1;0
7;HapticsFixedCC;4;89,9028;29,175;9,8;-4,6563;0,0;0,0;0,0;-0,1312;-0,43;0;0,0508;0;1;8;1;0
7;HapticsFixedCC;4;89,9167;29,175;9,8;-4,633;0,0;0,0;0,0;-0,1327;-0,55;0;0,0508;0;1;8;1;0
7;HapticsFixedCC;4;89,9305;28,9279;9,8;-4,6129;0,0;0,0;0,0;-0,1313;0,03;0;0,0496;0;1;8;1;0
7;HapticsFixedCC;4;89,9444;28,8901;9,8;-4,5984;0,0;0,0;0,0;-0,1325;0,02;0;0,0495;0;1;8;1;0
7;HapticsFixedCC;4;89,9583;28,8523;9,8;-4,5853;0,0;0,0;0,0;-0,1338;0,02;0;0,0493;0;1;8;1;0
7;HapticsFixedCC;4;89,9722;28,8145;9,8;-4,5827;0,0;0,0;0,0;-0,1351;0,0;0;0,0491;0;1;8;1;0
7;HapticsFixedCC;4;89,9861;28,7767;9,8;-4,5782;0,0;0,0;0,0;-0,1366;0,0;0;0,0489;0;1;8;1;0
7;HapticsFixedCC;4;90,0;28,7389;9,8;-4,5945;0,0;0,0;0,0;-0,138;0,0;0;0,0487;0;1;8;1;0
7;HapticsFixedCC;4;90,0139;28,7094;9,8;-4,6251;0,0;0,0;0,0;-0,1395;-0,03;0;0,0486;0;1;8;1;0
7;HapticsFixedCC;4;90,0278;28,7094;9,8;-4,6564;0,0;0,0;0,0;-0,1407;-0,15;0;0,0486;0;1;8;1;0
7;HapticsFixedCC;4;90,0417;28,7094;9,8;-4,6848;0,0;0,0;0,0;-0,142;-0,27;0;0,0486;0;1;8;1;0
7;HapticsFixedCC;4;90,0555;28,7094;9,8;-4,7082;0,0;0,0;0,0;-0,1434;-0,39;0;0,0486;0;1;8;1;0
7;HapticsFixedCC;4;90,0694;28,7094;9,8;-4,7214;0,0;0,0;0,0;-0,1449;-0,51;0;0,0486;0;1;8;1;0
7;HapticsFixedCC;4;90,0833;28,7094;9,8;-4,7241;0,0;0,0;0,0;-0,1465;-0,63;0;0,0486;0;1;8;1;0
7;HapticsFixedCC;4;90,0972;28,471;9,8;-4,73;0,0;0,0;0,0;-0,1453;-0,07;0;0,0496;0;1;8;1;0
7;HapticsFixedCC;4;90,1111;28,4332;9,8;-4,7277;0,0;0,0;0,0;-0,1466;-0,08;0;0,0498;0;1;8;1;0
7;HapticsFixedCC;4;90,125;28,3954;9,8;-4,7242;0,0;0,0;0,0;-0,1479;-0,09;0;0,05;0;1;8;1;0
7;HapticsFixedCC;4;90,1389;28,3576;9,9;-4,7147;0,0;0,0;0,0;-0,1494;-0,11;0;0,0501;0;1;8;1;0
7;HapticsFixedCC;4;90,1528;28,3195;9,9;-4,7049;0,0;0,0;0,0;-0,1509;-0,12;0;0,0503;0;1;8;1;0
7;HapticsFixedCC;4;90,1667;28,2813;9,9;-4,7031;0,0;0,0;0,0;-0,1525;-0,13;0;0,0504;0;1;8;1;0
7;HapticsFixedCC;4;90,1805;28,2431;9,9;-4,6937;0,0;0,0;0,0;-0,1542;-0,14;0;0,0506;0;1;8;1;0
7;HapticsFixedCC;4;90,1944;28,2428;9,9;-4,6861;0,0;0,0;0,0;-0,1555;-0,26;0;0,0506;0;1;8;1;0
7;HapticsFixedCC;4;90,2083;28,2428;9,9;-4,6799;0,0;0,0;0,0;-0,1569;-0,38;0;0,0506;0;1;8;1;0
7;HapticsFixedCC;4;90,2222;28,2428;9,9;-4,6804;0,0;0,0;0,0;-0,1583;-0,5;0;0,0506;0;1;8;1;0
7;HapticsFixedCC;4;90,2361;28,2428;9,9;-4,6847;0,0;0,0;0,0;-0,1599;-0,62;0;0,0506;0;1;8;1;0
7;HapticsFixedCC;4;90,25;28,2428;9,9;-4,6895;0,0;0,0;0,0;-0,1615;-0,74;0;0,0506;0;1;8;1;0
7;HapticsFixedCC;4;90,2639;28,0103;9,9;-4,6908;0,0;0,0;0,0;-0,1605;-0,16;0;0,0518;0;1;8;1;0
7;HapticsFixedCC;4;90,2778;27,9721;9,9;-4,6929;0,0;0,0;0,0;-0,1618;-0,17;0;0,052;0;1;8;1;0
7;HapticsFixedCC;4;90,2917;27,9339;9,9;-4,6933;0,0;0,0;0,0;-0,1632;-0,18;0;0,0522;0;1;8;1;0
7;HapticsFixedCC;4;90,3055;27,8958;9,9;-4,6918;0,0;0,0;0,0;-0,1647;-0,18;0;0,0524;0;1;8;1;0
7;HapticsFixedCC;4;90,3194;27,8576;9,9;-4,6893;0,0;0,0;0,0;-0,1663;-0,19;0;0,0525;0;1;8;1;0
7;HapticsFixedCC;4;90,3333;27,8194;9,9;-4,6723;0,0;0,0;0,0;-0,168;-0,19;0;0,0527;0;1;8;1;0
7;HapticsFixedCC;4;90,3472;27,7866;9,9;-4,649;0,0;0,0;0,0;-0,1696;-0,22;0;0,0529;0;1;8;1;0
7;HapticsFixedCC;4;90,3611;27,7866;9,9;-4,6179;0,0;0,0;0,0;-0,1709;-0,33;0;0,0529;0;1;8;1;0
7;HapticsFixedCC;4;90,375;27,7866;9,9;-4,594;0,0;0,0;0,0;-0,1723;-0,45;0;0,0529;0;1;8;1;0
7;HapticsFixedCC;4;90,3889;27,7866;9,9;-4,5597;0,0;0,0;0,0;-0,1738;-0,57;0;0,0529;0;1;8;1;0
7;HapticsFixedCC;4;90,4028;27,7866;9,7;-4,5528;0,0;0,0;0,0;-0,1754;-0,68;0;0,0529;0;1;8;1;0
7;HapticsFixedCC;4;90,4167;27,7866;9,7;-4,5181;0,0;0,0;0,0;-0,177;-0,79;0;0,0529;0;1;8;1;0
7;HapticsFixedCC;4;90,4305;27,5495;9,7;-4,4237;0,0;0,0;0,0;-0,1758;-0,17;0;0,0541;0;1;8;1;0
7;HapticsFixedCC;4;90,4444;27,5121;9,7;-4,3374;0,0;0,0;0,0;-0,177;-0,16;0;0,0543;0;1;8;1;0
7;HapticsFixedCC;4;90,4583;27,4747;9,7;-4,2808;0,0;0,0;0,0;-0,1783;-0,15;0;0,0545;0;1;8;1;0
7;HapticsFixedCC;4;90,4722;27,4373;9,7;-4,2141;0,0;0,0;0,0;-0,1796;-0,14;0;0,0547;0;1;8;1;0
7;HapticsFixedCC;4;90,4861;27,3999;9,7;-4,2007;0,0;0,0;0,0;-0,181;-0,13;0;0,0549;0;1;7;0;0
7;HapticsFixedCC;4;90,5;27,3625;9,7;-4,1562;0,0;0,0;0,0;-0,1825;-0,11;0;0,0551;0;1;7;0;0
7;HapticsFixedCC;4;90,5139;27,3405;9,7;-4,0531;0,0;0,0;0,0;-0,1838;-0,15;0;0,0552;0;1;7;0;0
7;HapticsFixedCC;4;90,5278;27,3405;9,7;-3,9985;0,0;0,0;0,0;-0,1849;-0,25;0;0,0552;0;1;7;0;0
7;HapticsFixedCC;4;90,5417;27,3405;9,7;-3,9459;0,0;0,0;0,0;-0,1861;-0,34;0;0,0552;0;1;7;0;1
7;HapticsFixedCC;4;90,5555;27,3405;9,7;-3,9151;0,0;0,0;0,0;-0,1873;-0,44;0;0,0552;0;1;7;0;1
7;HapticsFixedCC;4;90,5694;27,3405;9,7;-3,8964;0,0;0,0;0,0;-0,1885;-0,54;0;0,0552;0;1;7;0;1
7;HapticsFixedCC;4;90,5833;27,3405;9,7;-3,8826;0,0;0,0;0,0;-0,1899;-0,64;0;0,0552;0;1;7;0;1
7;HapticsFixedCC;4;90,5972;27,0959;9,7;-3,8804;0,0;0,0;0,0;-0,1881;0,06;0;0,0565;0;1;7;0;1
7;HapticsFixedCC;4;90,6111;27,0585;9,7;-3,8801;0,0;0,0;0,0;-0,1891;0,08;0;0,0567;0;1;7;0;1
7;HapticsFixedCC;4;90,625;27,0211;9,7;-3,8792;0,0;0,0;0,0;-0,1901;0,11;0;0,0569;0;1;7;0;1
7;HapticsFixedCC;4;90,6389;26,9836;9,7;-3,8789;0,0;0,0;0,0;-0,1912;0,13;0;0,0571;0;1;7;0;1
7;HapticsFixedCC;4;90,6528;26,9462;9,7;-3,8961;0,0;0,0;0,0;-0,1924;0,16;0;0,0573;0;1;7;0;1
7;HapticsFixedCC;4;90,6667;26,9088;9,7;-3,912;0,0;0,0;0,0;-0,1936;0,18;0;0,0575;0;1;7;0;1
7;HapticsFixedCC;4;90,6805;26,8765;9,7;-3,9428;0,0;0,0;0,0;-0,1948;0,19;0;0,0577;0;1;7;0;1
7;HapticsFixedCC;4;90,6944;26,8765;9,7;-3,9751;0,0;0,0;0,0;-0,1957;0,09;0;0,0577;0;1;7;0;1
7;HapticsFixedCC;4;90,7083;26,8765;9,7;-4,0164;0,0;0,0;0,0;-0,1967;0,0;0;0,0577;0;1;7;0;1
7;HapticsFixedCC;4;90,7222;26,8765;9,7;-4,0247;0,0;0,0;0,0;-0,1977;-0,11;0;0,0577;0;1;7;0;0
7;HapticsFixedCC;4;90,7361;26,8765;9,7;-4,0797;0,0;0,0;0,0;-0,1988;-0,21;0;0,0577;0;1;7;0;0
7;HapticsFixedCC;4;90,75;26,8765;9,7;-4,1812;0,0;0,0;0,0;-0,2;-0,32;0;0,0577;0;1;7;0;0
7;HapticsFixedCC;4;90,7639;26,6416;9,7;-4,2543;0,0;0,0;0,0;-0,1982;0,37;0;0,059;0;1;7;0;0
7;HapticsFixedCC;4;90,7778;26,6042;9,7;-4,3087;0,0;0,0;0,0;-0,1991;0,39;0;0,0592;0;1;7;0;0
7;HapticsFixedCC;4;90,7917;26,5668;9,7;-4,3199;0,0;0,0;0,0;-0,2;0,41;0;0,0594;0;1;7;0;0
7;HapticsFixedCC;4;90,8055;26,5294;9,7;-4,4546;0,0;0,0;0,0;-0,201;0,42;0;0,0596;0;1;7;0;0
7;HapticsFixedCC;4;90,8194;26,4919;9,7;-4,5615;0,0;0,0;0,0;-0,2022;0,43;0;0,0598;0;1;7;0;0
7;HapticsFixedCC;4;90,8333;26,4545;9,7;-4,5828;0,0;0,0;0,0;-0,2034;0,45;0;0,06;0;1;7;0;0
7;HapticsFixedCC;4;90,8472;26,4211;9,7;-4,7377;0,0;0,0;0,0;-0,2047;0,44;0;0,0602;0;1;7;0;0
7;HapticsFixedCC;4;90,8611;26,4211;9,7;-4,7997;0,0;0,0;0,0;-0,2056;0,32;0;0,0602;0;1;7;0;0
7;HapticsFixedCC;4;90,875;26,4211;9,7;-4,8906;0,0;0,0;0,0;-0,2066;0,2;0;0,0602;0;1;7;0;0
7;HapticsFixedCC;4;90,8889;26,4211;9,7;-4,9478;0,0;0,0;0,0;-0,2078;0,08;0;0,0602;0;1;7;0;0
7;HapticsFixedCC;4;90,9028;26,4211;9,7;-5,0122;0,0;0,0;0,0;-0,209;-0,04;0;0,0602;0;1;7;0;0
7;HapticsFixedCC;4;90,9167;26,4211;9,7;-5,0817;0,0;0,0;0,0;-0,2103;-0,17;0;0,0602;0;1;7;0;0
7;HapticsFixedCC;4;90,9305;26,1869;9,7;-5,1402;0,0;0,0;0,0;-0,2085;0,52;0;0,0615;0;1;7;0;0
7;HapticsFixedCC;4;90,9444;26,1495;9,7;-5,1519;0,0;0,0;0,0;-0,2095;0,53;0;0,0618;0;1;7;0;0
7;HapticsFixedCC;4;90,9583;26,112;9,7;-5,2026;0,0;0,0;0,0;-0,2106;0,53;0;0,062;0;1;7;0;0
7;HapticsFixedCC;4;90,9722;26,0746;9,7;-5,2916;0,0;0,0;0,0;-0,2118;0,53;0;0,0622;0;1;7;0;0
7;HapticsFixedCC;4;90,9861;26,0372;9,7;-5,3446;0,0;0,0;0,0;-0,213;0,53;0;0,0624;0;1;7;0;0
7;HapticsFixedCC;4;91,0;25,9998;9,7;-5,4039;0,0;0,0;0,0;-0,2144;0,53;0;0,0626;0;1;7;0;0
7;HapticsFixedCC;4;91,0139;25,9728;9,7;-5,4568;0,0;0,0;0,0;-0,2158;0,48;0;0,0628;0;1;7;0;0
7;HapticsFixedCC;4;91,0278;25,9728;9,7;-5,5077;0,0;0,0;0,0;-0,2169;0,35;0;0,0628;0;1;7;0;0
7;HapticsFixedCC;4;91,0417;25,9728;9,7;-5,5781;0,0;0,0;0,0;-0,218;0,21;0;0,0628;0;1;7;0;0
7;HapticsFixedCC;4;91,0555;25,9728;9,7;-5,5922;0,0;0,0;0,0;-0,2193;0,07;0;0,0628;0;1;7;0;0
7;HapticsFixedCC;4;91,0694;25,9728;9,7;-5,635;0,0;0,0;0,0;-0,2207;-0,07;0;0,0628;0;1;7;0;0
7;HapticsFixedCC;4;91,0833;25,9728;9,7;-5,6835;0,0;0,0;0,0;-0,2222;-0,21;0;0,0628;0;1;7;0;0
7;HapticsFixedCC;4;91,0972;25,7315;9,7;-5,7335;0,0;0,0;0,0;-0,2203;0,53;0;0,0641;0;1;7;0;0
7;HapticsFixedCC;4;91,1111;25,6941;9,7;-5,7849;0,0;0,0;0,0;-0,2214;0,52;0;0,0644;0;1;7;0;0
7;HapticsFixedCC;4;91,125;25,6567;9,7;-5,8663;0,0;0,0;0,0;-0,2227;0,51;0;0,0646;0;1;7;0;0
7;HapticsFixedCC;4;91,1389;25,6193;9,7;-5,9353;0,0;0,0;0,0;-0,2241;0,5;0;0,0648;0;1;7;0;0
7;HapticsFixedCC;4;91,1528;25,5818;9,7;-5,9489;0,0;0,0;0,0;-0,2255;0,49;0;0,065;0;1;7;0;0
7;HapticsFixedCC;4;91,1667;25,5444;9,7;-5,968;0,0;0,0;0,0;-0,2271;0,48;0;0,0652;0;1;7;0;0
7;HapticsFixedCC;4;91,1805;25,5096;9,7;-5,9996;0,0;0,0;0,0;-0,2287;0,45;0;0,0654;0;1;7;0;0
7;HapticsFixedCC;4;91,1944;25,5096;9,7;-6,04;0,0;0,0;0,0;-0,23;0,3;0;0,0654;0;1;7;0;0
7;HapticsFixedCC;4;91,2083;25,5096;9,7;-6,0566;0,0;0,0;0,0;-0,2314;0,15;0;0,0654;0;1;7;0;0
7;HapticsFixedCC;4;91,2222;25,5096;9,7;-6,0595;0,0;0,0;0,0;-0,2328;0,0;0;0,0654;0;1;7;0;0
7;HapticsFixedCC;4;91,2361;25,5096;9,7;-6,0594;0,0;0,0;0,0;-0,2343;-0,15;0;0,0654;0;1;7;0;0
7;HapticsFixedCC;4;91,25;25,5096;9,7;-6,0593;0,0;0,0;0,0;-0,236;-0,3;0;0,0654;0;1;7;0;0
7;HapticsFixedCC;4;91,2639;25,2755;9,7;-6,0555;0,0;0,0;0,0;-0,2342;0,44;0;0,0668;0;1;7;0;0
7;HapticsFixedCC;4;91,2778;25,2381;9,7;-6,0517;0,0;0,0;0,0;-0,2355;0,43;0;0,067;0;1;7;0;0
7;HapticsFixedCC;4;91,2917;25,2006;9,7;-6,031;0,0;0,0;0,0;-0,2368;0,43;0;0,0672;0;1;7;0;0
7;HapticsFixedCC;4;91,3055;25,1632;9,7;-5,9989;0,0;0,0;0,0;-0,2383;0,42;0;0,0674;0;1;7;0;0
7;HapticsFixedCC;4;91,3194;25,1258;9,7;-5,9507;0,0;0,0;0,0;-0,2398;0,42;0;0,0676;0;1;7;0;0
7;HapticsFixedCC;4;91,3333;25,0884;9,7;-5,8778;0,0;0,0;0,0;-0,2414;0,41;0;0,0678;0;1;7;0;0
7;HapticsFixedCC;4;91,3472;25,0569;9,7;-5,8197;0,0;0,0;0,0;-0,243;0,39;0;0,068;0;1;7;0;0
7;HapticsFixedCC;4;91,3611;25,0569;9,7;-5,8081;0,0;0,0;0,0;-0,2442;0,24;0;0,068;0;1;7;0;0
7;HapticsFixedCC;4;91,375;25,0569;9,7;-5,7697;0,0;0,0;0,0;-0,2456;0,1;0;0,068;0;1;7;0;0
7;HapticsFixedCC;4;91,3889;25,0569;9,7;-5,7248;0,0;0,0;0,0;-0,2469;-0,04;0;0,068;0;1;7;0;0
7;HapticsFixedCC;4;91,4028;25,0569;9,7;-5,6665;0,0;0,0;0,0;-0,2484;-0,19;0;0,068;0;1;7;0;0
7;HapticsFixedCC;4;91,4167;25,0569;9,7;-5,5582;0,0;0,0;0,0;-0,2499;-0,32;0;0,068;0;1;7;0;0
7;HapticsFixedCC;4;91,4305;24,8188;9,7;-5,5;0,0;0,0;0,0;-0,2478;0,48;0;0,0694;0;1;7;0;0
7;HapticsFixedCC;4;91,4444;24,7814;9,7;-5,4352;0,0;0,0;0,0;-0,2489;0,5;0;0,0696;0;1;7;0;0
7;HapticsFixedCC;4;91,4583;24,744;9,7;-5,3845;0,0;0,0;0,0;-0,2501;0,51;0;0,0698;0;1;7;0;0
7;HapticsFixedCC;4;91,4722;24,7066;9,7;-5,3744;1,0;0,0;0,0;-0,2513;0,53;0;0,07;0;1;7;0;0
7;HapticsFixedCC;4;91,4861;24,6691;9,7;-5,3249;1,0;0,0;0,0;-0,2527;0,54;0;0,0703;0;1;6;0;0
7;HapticsFixedCC;4;91,5;24,6317;9,7;-5,287;1,0;0,0;0,0;-0,2541;0,56;0;0,0705;0;1;6;0;0
7;HapticsFixedCC;4;91,5139;24,6022;9,7;-5,2276;1,0;0,0;0,0;-0,2554;0,55;0;0,0707;0;1;6;0;0
7;HapticsFixedCC;4;91,5278;24,6022;9,7;-5,1929;1,0;0,0;0,0;-0,2564;0,42;0;0,0707;0;1;6;0;0
7;HapticsFixedCC;4;91,5417;24,6022;9,7;-5,1787;1,0;0,0;0,0;-0,2575;0,29;0;0,0707;0;1;6;0;0
7;HapticsFixedCC;4;91,5555;24,6022;9,7;-5,1621;1,0;0,0;0,0;-0,2586;0,16;0;0,0707;0;1;6;0;0
7;HapticsFixedCC;4;91,5694;24,6022;9,7;-5,1593;1,0;0,0;0,0;-0,2599;0,03;0;0,0707;0;1;6;0;0
7;HapticsFixedCC;4;91,5833;24,6022;9,7;-5,1579;1,0;0,0;0,0;-0,2612;-0,1;0;0,0707;0;1;6;0;0
7;HapticsFixedCC;4;91,5972;24,3614;9,7;-5,1578;1,0;0,0;0,0;-0,2587;0,76;0;0,072;0;1;6;0;0
7;HapticsFixedCC;4;91,6111;24,324;9,7;-5,162;1,0;0,0;0,0;-0,2596;0,79;0;0,0722;0;1;6;0;0
7;HapticsFixedCC;4;91,625;24,2866;9,7;-5,179;1,0;0,0;0,0;-0,2605;0,81;0;0,0724;0;1;6;0;0
7;HapticsFixedCC;4;91,6389;24,2491;9,7;-5,1973;1,0;0,0;0,0;-0,2616;0,83;0;0,0727;0;1;6;0;0
7;HapticsFixedCC;4;91,6528;24,2117;9,7;-5,2226;1,0;0,0;0,0;-0,2627;0,86;0;0,0729;0;1;6;0;0
7;HapticsFixedCC;4;91,6667;24,1743;9,7;-5,2573;1,0;0,0;0,0;-0,264;0,88;0;0,0731;0;1;6;0;0
7;HapticsFixedCC;4;91,6805;24,1436;9,7;-5,2867;1,0;0,0;0,0;-0,2651;0,87;0;0,0733;0;1;6;0;0
7;HapticsFixedCC;4;91,6944;24,1436;9,7;-5,3094;1,0;0,0;0,0;-0,2659;0,74;0;0,0733;0;1;6;0;0
7;HapticsFixedCC;4;91,7083;24,1436;9,7;-5,3264;1,0;0,0;0,0;-0,2668;0,61;0;0,0733;0;1;6;0;0
7;HapticsFixedCC;4;91,7222;24,1436;9,7;-5,3478;1,0;0,0;0,0;-0,2678;0,47;0;0,0733;0;1;6;0;0
7;HapticsFixedCC;4;91,7361;24,1436;9,7;-5,3548;1,0;0,0;0,0;-0,2688;0,34;0;0,0733;0;1;6;0;0
7;HapticsFixedCC;4;91,75;24,1436;9,7;-5,3522;1,0;0,0;0,0;-0,27;0,2;0;0,0733;0;1;6;0;0
7;HapticsFixedCC;4;91,7639;23,9034;9,7;-5,3742;1,0;0,0;0,0;-0,2673;1,09;0;0,0746;0;1;6;0;0
7;HapticsFixedCC;4;91,7778;23,8659;9,7;-5,3951;1,0;0,0;0,0;-0,268;1,12;0;0,0748;0;1;6;0;0
7;HapticsFixedCC;4;91,7917;23,8285;9,7;-5,4058;1,0;0,0;0,0;-0,2688;1,14;0;0,075;0;1;6;0;0
7;HapticsFixedCC;4;91,8055;23,791;9,7;-5,4059;1,0;0,0;0,0;-0,2697;1,17;0;0,0752;0;1;6;0;0
7;HapticsFixedCC;4;91,8194;23,7536;9,7;-5,4218;1,0;0,0;0,0;-0,2707;1,19;0;0,0754;0;1;6;0;0
7;HapticsFixedCC;4;91,8333;23,7162;9,7;-5,4475;1,0;0,0;0,0;-0,2717;1,22;0;0,0756;0;1;6;0;0
7;HapticsFixedCC;4;91,8472;23,6949;9,7;-5,5444;1,0;0,0;0,0;-0,2726;1,17;0;0,0757;0;1;6;0;0
7;HapticsFixedCC;4;91,8611;23,6949;9,7;-5,5689;1,0;0,0;0,0;-0,2733;1,03;0;0,0757;0;1;6;0;0
7;HapticsFixedCC;4;91,875;23,6949;9,7;-5,6361;1,0;0,0;0,0;-0,2741;0,88;0;0,0757;0;1;6;0;0
7;HapticsFixedCC;4;91,8889;23,6949;9,7;-5,7976;1,0;0,0;0,0;-0,275;0,74;0;0,0757;0;1;6;0;0
7;HapticsFixedCC;4;91,9028;23,6949;9,7;-5,8411;1,0;0,0;0,0;-0,276;0,59;0;0,0757;0;1;6;0;0
7;HapticsFixedCC;4;91,9167;23,6949;9,7;-5,9559;1,0;0,0;0,0;-0,2771;0,44;0;0,0757;0;1;6;0;0
7;HapticsFixedCC;4;91,9305;23,4446;9,7;-6,0982;1,0;0,0;0,0;-0,274;1,39;0;0,0771;0;1;6;0;0
7;HapticsFixedCC;4;91,9444;23,4072;9,7;-6,2642;1,0;0,0;0,0;-0,2747;1,4;0;0,0773;0;1;6;0;0
7;HapticsFixedCC;4;91,9583;23,3698;9,7;-6,4512;1,0;0,0;0,0;-0,2756;1,4;0;0,0775;0;1;6;0;0
7;HapticsFixedCC;4;91,9722;23,3323;9,7;-6,6517;1,0;0,0;0,0;-0,2767;1,4;0;0,0777;0;1;6;0;0
7;HapticsFixedCC;4;91,9861;23,2949;9,7;-6,816;1,0;0,0;0,0;-0,2779;1,4;0;0,0779;0;1;6;0;0
7;HapticsFixedCC;4;92,0;23,2574;9,7;-6,8309;1,0;0,0;0,0;-0,2792;1,39;0;0,078;0;1;6;0;0
7;HapticsFixedCC;4;92,0139;23,2332;9,7;-7,0527;1,0;0,0;0,0;-0,2804;1,32;0;0,0782;0;1;6;0;0
7;HapticsFixedCC;4;92,0278;23,2332;9,7;-7,1717;1,0;0,0;0,0;-0,2814;1,14;0;0,0782;0;1;6;0;0
7;HapticsFixedCC;4;92,0417;23,2332;9,7;-7,2136;1,0;0,0;0,0;-0,2825;0,96;0;0,0782;0;1;6;0;0
7;HapticsFixedCC;4;92,0555;23,2332;9,7;-7,2498;1,0;0,0;0,0;-0,2838;0,78;0;0,0782;0;1;6;0;0
7;HapticsFixedCC;4;92,0694;23,2332;9,7;-7,3214;1,0;0,0;0,0;-0,2851;0,59;0;0,0782;0;1;6;0;0
7;HapticsFixedCC;4;92,0833;23,2332;9,7;-7,4482;1,0;0,0;0,0;-0,2867;0,4;0;0,0782;0;1;6;0;0
7;HapticsFixedCC;4;92,0972;22,9852;9,7;-7,5873;1,0;0,0;0,0;-0,284;1,34;0;0,0794;0;1;6;0;0
7;HapticsFixedCC;4;92,1111;22,9478;9,7;-7,6455;1,0;0,0;0,0;-0,2851;1,32;0;0,0796;0;1;6;0;0
7;HapticsFixedCC;4;92,125;22,9103;9,7;-7,6746;1,0;0,0;0,0;-0,2864;1,3;0;0,0798;0;1;6;0;0
7;HapticsFixedCC;4;92,1389;22,8729;9,7;-7,6574;1,0;0,0;0,0;-0,2878;1,27;0;0,08;0;1;6;0;0
7;HapticsFixedCC;4;92,1528;22,8354;9,5;-7,639;1,0;0,0;0,0;-0,2893;1,25;0;0,0801;0;1;6;0;0
7;HapticsFixedCC;4;92,1667;22,7988;9,5;-7,6509;1,0;0,0;0,0;-0,2909;1,23;0;0,0803;0;1;6;0;0
7;HapticsFixedCC;4;92,1805;22,7801;9,5;-7,6523;1,0;0,0;0,0;-0,2923;1,13;0;0,0804;0;1;6;0;0
7;HapticsFixedCC;4;92,1944;22,7801;9,5;-7,576;1,0;0,0;0,0;-0,2934;0,94;0;0,0804;0;1;6;0;0
7;HapticsFixedCC;4;92,2083;22,7801;9,5;-7,5255;1,0;0,0;0,0;-0,2947;0,76;0;0,0804;0;1;6;0;0
7;HapticsFixedCC;4;92,2222;22,7801;9,5;-7,4377;1,0;0,0;0,0;-0,2961;0,57;0;0,0804;0;1;6;0;0
7;HapticsFixedCC;4;92,2361;22,7801;9,5;-7,3546;1,0;0,0;0,0;-0,2976;0,39;0;0,0804;0;1;6;0;0
7;HapticsFixedCC;4;92,25;22,7801;9,5;-7,341;1,0;0,0;0,0;-0,2992;0,21;0;0,0804;0;1;6;0;0
7;HapticsFixedCC;4;92,2639;22,5313;9,5;-7,2154;1,0;0,0;0,0;-0,2963;1,19;0;0,0815;0;1;6;0;0
7;HapticsFixedCC;4;92,2778;22,4946;9,5;-6,9895;1,0;0,0;0,0;-0,2973;1,19;0;0,0817;0;1;6;0;0
7;HapticsFixedCC;4;92,2917;22,4579;9,5;-6,7259;1,0;0,0;0,0;-0,2984;1,2;0;0,0819;0;1;6;0;0
7;HapticsFixedCC;4;92,3055;22,4213;9,5;-6,5625;1,0;0,0;0,0;-0,2996;1,21;0;0,082;0;1;6;0;0
7;HapticsFixedCC;4;92,3194;22,3846;9,5;-6,2958;1,0;0,0;0,0;-0,3008;1,22;0;0,0822;0;1;6;0;0
7;HapticsFixedCC;4;92,3333;22,348;9,5;-5,9408;1,0;0,0;0,0;-0,302;1,25;0;0,0824;0;1;6;0;0
7;HapticsFixedCC;4;92,3472;22,3238;9,5;-5,6554;1,0;0,0;0,0;-0,3029;1,22;0;0,0825;0;1;6;0;0
7;HapticsFixedCC;4;92,3611;22,3238;9,5;-5,3958;1,0;0,0;0,0;-0,3035;1,09;0;0,0825;0;1;6;0;0
7;HapticsFixedCC;4;92,375;22,3238;9,5;-5,011;1,0;0,0;0,0;-0,3041;0,97;0;0,0825;0;1;6;0;0
7;HapticsFixedCC;4;92,3889;22,3238;9,5;-4,6655;1,0;0,0;0,0;-0,3046;0,85;0;0,0825;0;1;6;0;0
7;HapticsFixedCC;4;92,4028;22,3238;9,5;-4,3839;1,0;0,0;0,0;-0,3052;0,74;0;0,0825;0;1;6;0;0
7;HapticsFixedCC;4;92,4167;22,3238;9,5;-4,0625;1,0;0,0;0,0;-0,3057;0,65;0;0,0825;0;1;6;0;0
7;HapticsFixedCC;4;92,4305;22,0799;9,5;-3,6675;1,0;0,0;0,0;-0,3016;1,72;0;0,0835;0;1;6;0;0
7;HapticsFixedCC;4;92,4444;22,0432;9,5;-3,3541;1,0;0,0;0,0;-0,3014;1,82;0;0,0836;0;1;6;0;0
7;HapticsFixedCC;4;92,4583;22,0066;9,5;-3,1096;1,0;0,0;0,0;-0,3011;1,92;0;0,0838;0;1;6;0;0
7;HapticsFixedCC;4;92,4722;21,9699;9,5;-2,8052;1,0;0,0;0,0;-0,3009;2,02;0;0,0839;0;1;6;0;0
7;HapticsFixedCC;4;92,4861;21,9332;9,5;-2,4729;1,0;0,0;0,0;-0,3006;2,14;0;0,0841;0;1;6;0;0
7;HapticsFixedCC;4;92,5;21,8966;9,5;-2,2416;1,0;0,0;0,0;-0,3002;2,26;0;0,0842;0;1;8;0;0
7;HapticsFixedCC;4;92,5139;21,8677;9,5;-1,9508;1,0;0,0;0,0;-0,2997;2,35;0;0,0843;0;1;8;0;0
7;HapticsFixedCC;4;92,5278;21,8677;9,5;-1,7433;1,0;0,0;0,0;-0,2986;2,31;0;0,0843;0;1;8;0;0
7;HapticsFixedCC;4;92,5417;21,8677;9,5;-1,5567;1,0;0,0;0,0;-0,2975;2,27;0;0,0843;0;1;8;0;0
7;HapticsFixedCC;4;92,5555;21,8677;9,5;-1,3738;1,0;0,0;0,0;-0,2964;2,24;0;0,0843;0;1;8;0;0
7;HapticsFixedCC;4;92,5694;21,8677;9,5;-1,1515;1,0;0,0;0,0;-0,2953;2,21;0;0,0843;0;1;8;0;0
7;HapticsFixedCC;4;92,5833;21,8677;9,5;-1,073;1,0;0,0;0,0;-0,2941;2,18;0;0,0843;0;1;8;0;0
7;HapticsFixedCC;4;92,5972;21,6288;9,5;-0,9671;1,0;0,0;0,0;-0,2884;3,33;0;0,0851;0;1;8;0;0
7;HapticsFixedCC;4;92,6111;21,5922;9,5;-0,989;1,0;0,0;0,0;-0,2865;3,48;0;0,0853;0;1;8;0;0
7;HapticsFixedCC;4;92,625;21,5556;9,5;-0,9709;1,0;0,0;0,0;-0,2846;3,64;0;0,0854;0;1;8;0;0
7;HapticsFixedCC;4;92,6389;21,519;9,5;-0,9962;1,0;0,0;0,0;-0,2828;3,79;0;0,0855;0;1;8;0;0
7;HapticsFixedCC;4;92,6528;21,4824;9,4;-1,0049;1,0;0,0;0,0;-0,281;3,95;0;0,0856;0;1;8;0;0
7;HapticsFixedCC;4;92,6667;21,4462;9,4;-1,0394;1,0;0,0;0,0;-0,2792;4,1;0;0,0858;0;1;8;0;0
7;HapticsFixedCC;4;92,6805;21,4142;9,4;-1,0916;1,0;0,0;0,0;-0,2774;4,23;0;0,0859;0;1;8;0;0
7;HapticsFixedCC;4;92,6944;21,4142;9,4;-1,1493;1,0;0,0;0,0;-0,2749;4,2;0;0,0859;0;1;8;0;0
7;HapticsFixedCC;4;92,7083;21,4142;9,4;-1,2934;1,0;0,0;0,0;-0,2726;4,17;0;0,0859;0;1;8;0;0
7;HapticsFixedCC;4;92,7222;21,4142;9,4;-1,4898;1,0;0,0;0,0;-0,2703;4,13;0;0,0859;0;1;8;0;0
7;HapticsFixedCC;4;92,7361;21,4142;9,4;-1,6772;1,0;0,0;0,0;-0,2681;4,09;0;0,0859;0;1;8;0;0
7;HapticsFixedCC;4;92,75;21,4142;9,4;-1,771;1,0;0,0;0,0;-0,2659;4,05;0;0,0859;0;1;8;0;0
7;HapticsFixedCC;4;92,7639;21,1822;9,4;-2,0802;1,0;0,0;0,0;-0,2593;5,15;0;0,0865;0;1;8;0;0
7;HapticsFixedCC;4;92,7778;21,146;9,4;-2,305;1,0;0,0;0,0;-0,2566;5,28;0;0,0866;0;1;8;0;0
7;HapticsFixedCC;4;92,7917;21,1099;9,4;-2,5127;1,0;0,0;0,0;-0,254;5,39;0;0,0867;0;1;8;0;0
7;HapticsFixedCC;4;92,8055;21,0737;9,4;-2,6973;1,0;0,0;0,0;-0,2515;5,51;0;0,0868;0;1;8;0;0
7;HapticsFixedCC;4;92,8194;21,0375;9,4;-2,8856;1,0;0,0;0,0;-0,2491;5,62;0;0,0869;0;1;8;0;0
7;HapticsFixedCC;4;92,8333;21,0013;9,4;-3,0431;0,0;0,0;0,0;-0,2467;5,73;0;0,087;0;1;8;0;0
7;HapticsFixedCC;4;92,8472;20,9651;9,4;-3,274;0,0;0,0;0,0;-0,2444;5,83;0;0,0871;0;1;8;0;0
7;HapticsFixedCC;4;92,8611;20,9564;9,4;-3,4637;0,0;0,0;0,0;-0,2417;5,79;0;0,0871;0;1;8;0;0
7;HapticsFixedCC;4;92,875;20,9564;9,4;-3,6145;0,0;0,0;0,0;-0,239;5,7;0;0,0871;0;1;8;0;0
7;HapticsFixedCC;4;92,8889;20,9564;9,3;-3,8249;0,0;0,0;0,0;-0,2363;5,61;0;0,0871;0;1;8;0;0
7;HapticsFixedCC;4;92,9028;20,9564;9,3;-4,0057;0,0;0,0;0,0;-0,2337;5,51;0;0,0871;0;1;8;0;0
7;HapticsFixedCC;4;92,9167;20,9564;9,3;-4,1998;0,0;0,0;0,0;-0,2313;5,41;0;0,0871;0;1;8;0;0
7;HapticsFixedCC;4;92,9305;20,9564;9,3;-4,406;0,0;0,0;0,0;-0,229;5,31;0;0,0871;0;1;8;0;0
7;HapticsFixedCC;4;92,9444;20,704;9,3;-4,5985;0,0;0,0;0,0;-0,2218;6,46;0;0,0876;0;1;8;0;0
7;HapticsFixedCC;4;92,9583;20,6683;9,3;-4,771;0,0;0,0;0,0;-0,219;6,53;0;0,0877;0;1;8;0;0
7;HapticsFixedCC;4;92,9722;20,6325;9,3;-4,9349;0,0;0,0;0,0;-0,2163;6,59;0;0,0878;0;1;8;0;0
7;HapticsFixedCC;4;92,9861;20,5967;9,3;-5,1179;0,0;0,0;0,0;-0,2137;6,65;0;0,0878;0;1;8;0;0
7;HapticsFixedCC;4;93,0;20,5608;9,3;-5,2898;0,0;0,0;0,0;-0,2112;6,7;0;0,0879;0;1;8;0;0
7;HapticsFixedCC;4;93,0139;20,525;9,3;-5,4612;0,0;0,0;0,0;-0,2089;6,75;0;0,088;0;1;8;0;0
7;HapticsFixedCC;4;93,0278;20,5041;9,3;-5,6433;0,0;0,0;0,0;-0,2063;6,72;0;0,088;0;1;8;0;0
7;HapticsFixedCC;4;93,0417;20,5041;9,3;-5,8543;0,0;0,0;0,0;-0,2035;6,58;0;0,088;0;1;8;0;0
7;HapticsFixedCC;4;93,0555;20,5041;9,3;-6,0826;0,0;0,0;0,0;-0,2009;6,44;0;0,088;0;1;8;0;0
7;HapticsFixedCC;4;93,0694;20,5041;9,3;-6,296;0,0;0,0;0,0;-0,1984;6,29;0;0,088;0;1;8;0;0
7;HapticsFixedCC;4;93,0833;20,5041;9,3;-6,5127;0,0;0,0;0,0;-0,196;6,13;0;0,088;0;1;8;0;0
7;HapticsFixedCC;4;93,0972;20,5041;9,3;-6,7271;0,0;0,0;0,0;-0,1938;5,97;0;0,088;0;1;8;0;0
7;HapticsFixedCC;4;93,1111;20,2663;9,3;-6,9568;0,0;0,0;0,0;-0,187;7,01;0;0,0883;0;1;8;0;0
7;HapticsFixedCC;4;93,125;20,2304;9,3;-7,1586;0,0;0,0;0,0;-0,1844;7,02;0;0,0883;0;1;8;0;0
7;HapticsFixedCC;4;93,1389;20,1946;9,3;-7,3713;0,0;0,0;0,0;-0,1819;7,02;0;0,0884;0;1;8;0;0
7;HapticsFixedCC;4;93,1528;20,1588;9,3;-7,5506;0,0;0,0;0,0;-0,1796;7,02;0;0,0884;0;1;8;0;0
7;HapticsFixedCC;4;93,1667;20,1229;9,3;-7,7212;0,0;0,0;0,0;-0,1774;7,02;0;0,0885;0;1;8;0;0
7;HapticsFixedCC;4;93,1805;20,087;9,3;-7,8904;0,0;0,0;0,0;-0,1754;7,01;0;0,0885;0;1;8;0;0
7;HapticsFixedCC;4;93,1944;20,0511;9,3;-8,0096;0,0;0,0;0,0;-0,1736;7,0;0;0,0886;0;1;8;0;0
7;HapticsFixedCC;4;93,2083;20,0454;9,3;-8,1234;0,0;0,0;0,0;-0,1713;6,83;0;0,0886;0;1;8;0;0
7;HapticsFixedCC;4;93,2222;20,0454;9,3;-8,1978;0,0;0,0;0,0;-0,169;6,64;0;0,0886;0;1;8;0;0
7;HapticsFixedCC;4;93,2361;20,0454;9,3;-8,3033;0,0;0,0;0,0;-0,1669;6,44;0;0,0886;0;1;8;0;0
7;HapticsFixedCC;4;93,25;20,0454;9,3;-8,416;0,0;0,0;0,0;-0,1649;6,24;0;0,0886;0;1;8;0;0
7;HapticsFixedCC;4;93,2639;20,0454;9,3;-8,5003;0,0;0,0;0,0;-0,1631;6,03;0;0,0886;0;1;8;0;0
7;HapticsFixedCC;4;93,2778;20,0454;9,3;-8,5811;0,0;0,0;0,0;-0,1614;5,82;0;0,0886;0;1;8;0;0
7;HapticsFixedCC;4;93,2917;19,7933;9,3;-8,673;0,0;0,0;0,0;-0,1549;6,9;0;0,0887;0;1;8;0;0
7;HapticsFixedCC;4;93,3055;19,7574;9,3;-8,7107;0,0;0,0;0,0;-0,1528;6,87;0;0,0887;0;1;8;0;0
7;HapticsFixedCC;4;93,3194;19,7215;9,3;-8,7736;0,0;0,0;0,0;-0,1508;6,84;0;0,0887;0;1;8;0;0
7;HapticsFixedCC;4;93,3333;19,6857;9,3;-8,8005;0,0;0,0;0,0;-0,149;6,81;0;0,0887;0;1;8;0;0
7;HapticsFixedCC;4;93,3472;19,6498;9,3;-8,8342;0,0;0,0;0,0;-0,1473;6,78;0;0,0887;0;1;8;0;0
7;HapticsFixedCC;4;93,3611;19,6138;9,3;-8,8565;0,0;0,0;0,0;-0,1458;6,75;0;0,0887;0;1;8;0;0
7;HapticsFixedCC;4;93,375;19,5933;9,3;-8,8707;0,0;0,0;0,0;-0,1441;6,64;0;0,0887;0;1;8;0;0
7;HapticsFixedCC;4;93,3889;19,5933;9,4;-8,877;0,0;0,0;0,0;-0,1421;6,42;0;0,0887;0;1;8;0;0
7;HapticsFixedCC;4;93,4028;19,5933;9,4;-8,8818;0,0;0,0;0,0;-0,1402;6,21;0;0,0887;0;1;8;0;0
7;HapticsFixedCC;4;93,4167;19,5933;9,4;-8,8842;0,0;0,0;0,0;-0,1385;5,99;0;0,0887;0;1;8;0;0
7;HapticsFixedCC;4;93,4305;19,5933;9,4;-8,8814;0,0;0,0;0,0;-0,1369;5,78;0;0,0887;0;1;8;0;0
7;HapticsFixedCC;4;93,4444;19,5933;9,4;-8,8768;0,0;0,0;0,0;-0,1354;5,56;0;0,0887;0;1;8;0;0
7;HapticsFixedCC;4;93,4583;19,355;9,4;-8,8674;0,0;0,0;0,0;-0,1293;6,56;0;0,0886;0;1;8;0;0
7;HapticsFixedCC;4;93,4722;19,3187;9,4;-8,8552;0,0;0,0;0,0;-0,1274;6,53;0;0,0886;0;1;8;0;0
7;HapticsFixedCC;4;93,4861;19,2825;9,4;-8,8399;0,0;0,0;0,0;-0,1256;6,49;0;0,0886;0;1;8;0;0
7;HapticsFixedCC;4;93,5;19,2462;9,4;-8,8256;0,0;0,0;0,0;-0,1239;6,46;0;0,0886;0;1;5;0;0
7;HapticsFixedCC;4;93,5139;19,2099;9,4;-8,8103;0,0;0,0;0,0;-0,1224;6,43;0;0,0886;0;1;5;0;0
7;HapticsFixedCC;4;93,5278;19,1736;9,4;-8,7924;0,0;0,0;0,0;-0,1209;6,41;0;0,0886;0;1;5;0;0
7;HapticsFixedCC;4;93,5417;19,1373;9,4;-8,7778;0,0;0,0;0,0;-0,1197;6,38;0;0,0885;0;1;5;0;0
7;HapticsFixedCC;4;93,5555;19,1345;9,4;-8,7693;0,0;0,0;0,0;-0,1178;6,18;0;0,0885;0;1;5;0;0
7;HapticsFixedCC;4;93,5694;19,1345;9,4;-8,7602;0,0;0,0;0,0;-0,1161;5,96;0;0,0885;0;1;5;0;0
7;HapticsFixedCC;4;93,5833;19,1345;9,4;-8,7571;0,0;0,0;0,0;-0,1145;5,75;0;0,0885;0;1;5;0;0
7;HapticsFixedCC;4;93,5972;19,1345;9,4;-8,7586;0,0;0,0;0,0;-0,113;5,54;0;0,0885;0;1;5;0;0
7;HapticsFixedCC;4;93,6111;19,1345;9,4;-8,7681;0,0;0,0;0,0;-0,1117;5,33;0;0,0885;0;1;5;0;0
7;HapticsFixedCC;4;93,625;19,1345;9,4;-8,7868;0,0;0,0;0,0;-0,1105;5,11;0;0,0885;0;1;5;0;0
7;HapticsFixedCC;4;93,6389;18,8787;9,4;-8,8066;0,0;0,0;0,0;-0,1043;6,19;0;0,0882;0;1;5;0;0
7;HapticsFixedCC;4;93,6528;18,8424;9,4;-8,8432;0,0;0,0;0,0;-0,1027;6,16;0;0,0882;0;1;5;0;0
7;HapticsFixedCC;4;93,6667;18,8061;9,4;-8,8819;0,0;0,0;0,0;-0,1012;6,13;0;0,0881;0;1;5;0;0
7;HapticsFixedCC;4;93,6805;18,7698;9,4;-8,9085;0,0;0,0;0,0;-0,0998;6,1;0;0,0881;0;1;5;0;0
7;HapticsFixedCC;4;93,6944;18,7335;9,4;-8,9303;0,0;0,0;0,0;-0,0986;6,06;0;0,0881;0;1;5;0;0
7;HapticsFixedCC;4;93,7083;18,6972;9,4;-8,9434;0,0;0,0;0,0;-0,0976;6,03;0;0,088;0;1;5;0;0
7;HapticsFixedCC;4;93,7222;18,6821;9,4;-8,9587;0,0;0,0;0,0;-0,0962;5,89;0;0,088;0;1;5;0;0
7;HapticsFixedCC;4;93,7361;18,6821;9,4;-8,9683;0,0;0,0;0,0;-0,0947;5,67;0;0,088;0;1;5;0;0
7;HapticsFixedCC;4;93,75;18,6821;9,4;-8,9784;0,0;0,0;0,0;-0,0933;5,45;0;0,088;0;1;5;0;0
7;HapticsFixedCC;4;93,7639;18,6821;9,4;-8,9899;0,0;0,0;0,0;-0,0921;5,23;0;0,088;0;1;5;0;0
7;HapticsFixedCC;4;93,7778;18,6821;9,4;-9,0017;0,0;0,0;0,0;-0,091;5,01;0;0,088;0;1;5;0;0
7;HapticsFixedCC;4;93,7917;18,6821;9,4;-9,0115;0,0;0,0;0,0;-0,0901;4,8;0;0,088;0;1;5;0;0
7;HapticsFixedCC;4;93,8055;18,4393;9,4;-9,0149;0,0;0,0;0,0;-0,0844;5,79;0;0,0875;0;1;5;0;0
7;HapticsFixedCC;4;93,8194;18,403;9,4;-9,0037;0,0;0,0;0,0;-0,083;5,76;0;0,0874;0;1;5;0;0
7;HapticsFixedCC;4;93,8333;18,3667;9,4;-8,9826;0,0;0,0;0,0;-0,0817;5,72;0;0,0874;0;1;5;0;0
7;HapticsFixedCC;4;93,8472;18,3304;9,4;-8,9452;0,0;0,0;0,0;-0,0806;5,69;0;0,0873;0;1;5;0;0
7;HapticsFixedCC;4;93,8611;18,2941;9,4;-8,8926;0,0;0,0;0,0;-0,0796;5,65;0;0,0872;0;1;5;0;0
7;HapticsFixedCC;4;93,875;18,2578;9,4;-8,8332;0,0;0,0;0,0;-0,0787;5,62;0;0,0872;0;1;5;0;0
7;HapticsFixedCC;4;93,8889;18,2236;9,1;-8,7726;0,0;0,0;0,0;-0,0778;5,59;0;0,0871;0;1;5;0;0
7;HapticsFixedCC;4;93,9028;18,2236;9,1;-8,7384;0,0;0,0;0,0;-0,0765;5,38;0;0,0871;0;1;5;0;0
7;HapticsFixedCC;4;93,9167;18,2236;9,1;-8,7027;0,0;0,0;0,0;-0,0753;5,17;0;0,0871;0;1;5;0;0
7;HapticsFixedCC;4;93,9305;18,2236;9,1;-8,6703;0,0;0,0;0,0;-0,0741;4,97;0;0,0871;0;1;5;0;0
7;HapticsFixedCC;4;93,9444;18,2236;9,1;-8,6274;0,0;0,0;0,0;-0,0732;4,77;0;0,0871;0;1;5;0;0
7;HapticsFixedCC;4;93,9583;18,2236;9,1;-8,5811;0,0;0,0;0,0;-0,0723;4,57;0;0,0871;0;1;5;0;0
7;HapticsFixedCC;4;93,9722;18,2236;9,1;-8,5587;0,0;0,0;0,0;-0,0716;4,37;0;0,0871;0;1;5;0;0
7;HapticsFixedCC;4;93,9861;17,9726;9,1;-8,5226;0,0;0,0;0,0;-0,066;5,41;0;0,0864;0;1;5;0;0
7;HapticsFixedCC;4;94,0;17,9374;9,1;-8,4785;0,0;0,0;0,0;-0,0648;5,38;0;0,0863;0;1;5;0;0
7;HapticsFixedCC;4;94,0139;17,9023;9,1;-8,431;0,0;0,0;0,0;-0,0637;5,36;0;0,0862;0;1;5;0;0
7;HapticsFixedCC;4;94,0278;17,8671;9,1;-8,3759;0,0;0,0;0,0;-0,0627;5,34;0;0,0862;0;1;5;0;0
7;HapticsFixedCC;4;94,0417;17,832;9,1;-8,3286;0,0;0,0;0,0;-0,0618;5,32;0;0,0861;0;1;5;0;0
7;HapticsFixedCC;4;94,0555;17,7968;9,1;-8,2824;0,0;0,0;0,0;-0,061;5,3;0;0,086;0;1;5;0;0
7;HapticsFixedCC;4;94,0694;17,7705;9,1;-8,2229;0,0;0,0;0,0;-0,0602;5,23;0;0,0859;0;1;5;0;0
7;HapticsFixedCC;4;94,0833;17,7705;9,1;-8,1498;0,0;0,0;0,0;-0,059;5,04;0;0,0859;0;1;5;0;0
7;HapticsFixedCC;4;94,0972;17,7705;9,1;-8,0925;0,0;0,0;0,0;-0,0578;4,85;0;0,0859;0;1;5;0;0
7;HapticsFixedCC;4;94,1111;17,7705;9,1;-8,0489;0,0;0,0;0,0;-0,0568;4,66;0;0,0859;0;1;5;0;0
7;HapticsFixedCC;4;94,125;17,7705;9,1;-7,9988;0,0;0,0;0,0;-0,0558;4,47;0;0,0859;0;1;5;0;0
7;HapticsFixedCC;4;94,1389;17,7705;9,1;-7,9718;0,0;0,0;0,0;-0,055;4,29;0;0,0859;0;1;5;0;0
7;HapticsFixedCC;4;94,1528;17,7705;9,1;-7,9356;0,0;0,0;0,0;-0,0543;4,1;0;0,0859;0;1;5;0;0
7;HapticsFixedCC;4;94,1667;17,5135;9,1;-7,9207;0,0;0,0;0,0;-0,0487;5,17;0;0,0851;0;1;5;0;0
7;HapticsFixedCC;4;94,1805;17,4783;9,1;-7,9036;0,0;0,0;0,0;-0,0475;5,15;0;0,0849;0;1;5;0;0
7;HapticsFixedCC;4;94,1944;17,4432;9,1;-7,8959;0,0;0,0;0,0;-0,0464;5,14;0;0,0848;0;1;5;0;0
7;HapticsFixedCC;4;94,2083;17,408;9,1;-7,8955;0,0;0,0;0,0;-0,0454;5,12;0;0,0847;0;1;5;0;0
7;HapticsFixedCC;4;94,2222;17,3729;9,1;-7,9048;0,0;0,0;0,0;-0,0446;5,11;0;0,0846;0;1;5;0;0
7;HapticsFixedCC;4;94,2361;17,3377;9,1;-7,9282;0,0;0,0;0,0;-0,0438;5,09;0;0,0845;0;1;5;0;0
7;HapticsFixedCC;4;94,25;17,3124;9,1;-7,9567;0,0;0,0;0,0;-0,0431;5,03;0;0,0844;0;1;5;0;0
7;HapticsFixedCC;4;94,2639;17,3124;9,1;-7,9832;0,0;0,0;0,0;-0,0419;4,84;0;0,0844;0;1;5;0;0
7;HapticsFixedCC;4;94,2778;17,3124;9,1;-8,0311;0,0;0,0;0,0;-0,0408;4,65;0;0,0844;0;1;5;0;0
7;HapticsFixedCC;4;94,2917;17,3124;9,1;-8,0759;0,0;0,0;0,0;-0,0399;4,46;0;0,0844;0;1;5;0;0
7;HapticsFixedCC;4;94,3055;17,3124;9,1;-8,112;0,0;0,0;0,0;-0,0392;4,27;0;0,0844;0;1;5;0;0
7;HapticsFixedCC;4;94,3194;17,3124;9,1;-8,1353;0,0;0,0;0,0;-0,0385;4,07;0;0,0844;0;1;5;0;0
7;HapticsFixedCC;4;94,3333;17,3124;9,1;-8,1698;0,0;0,0;0,0;-0,038;3,88;0;0,0844;0;1;5;0;0
7;HapticsFixedCC;4;94,3472;17,0551;9,1;-8,1868;0,0;0,0;0,0;-0,0327;4,92;0;0,0834;0;1;5;0;0
7;HapticsFixedCC;4;94,3611;17,0199;9,1;-8,2032;0,0;0,0;0,0;-0,0317;4,9;0;0,0833;0;1;5;0;0
7;HapticsFixedCC;4;94,375;16,9848;9,1;-8,2148;0,0;0,0;0,0;-0,0309;4,87;0;0,0832;0;1;5;0;0
7;HapticsFixedCC;4;94,3889;16,9496;9,1;-8,2158;0,0;0,0;0,0;-0,0302;4,84;0;0,083;0;1;5;0;0
7;HapticsFixedCC;4;94,4028;16,9145;9,1;-8,2101;0,0;0,0;0,0;-0,0296;4,82;0;0,0829;0;1;5;0;0
7;HapticsFixedCC;4;94,4167;16,8793;9,1;-8,1811;0,0;0,0;0,0;-0,0291;4,79;0;0,0828;0;1;5;0;0
7;HapticsFixedCC;4;94,4305;16,8587;9,1;-8,1415;0,0;0,0;0,0;-0,0284;4,7;0;0,0827;0;1;5;0;0
7;HapticsFixedCC;4;94,4444;16,8587;9,1;-8,0756;0,0;0,0;0,0;-0,0275;4,51;0;0,0827;0;1;5;0;0
7;HapticsFixedCC;4;94,4583;16,8587;9,1;-8,0136;0,0;0,0;0,0;-0,0267;4,32;0;0,0827;0;1;5;0;0
7;HapticsFixedCC;4;94,4722;16,8587;9,1;-7,9589;0,0;0,0;0,0;-0,026;4,13;0;0,0827;0;1;5;0;0
7;HapticsFixedCC;4;94,4861;16,8587;9,1;-7,9123;0,0;0,0;0,0;-0,0254;3,94;0;0,0827;0;1;5;0;0
7;HapticsFixedCC;4;94,5;16,8587;9,1;-7,903;0,0;0,0;0,0;-0,0249;3,76;0;0,0827;0;1;1;0;0
7;HapticsFixedCC;4;94,5139;16,8587;9,1;-7,7964;0,0;0,0;0,0;-0,0245;3,57;0;0,0827;0;1;1;0;0
7;HapticsFixedCC;4;94,5278;16,5972;9,1;-7,702;0,0;0,0;0,0;-0,0193;4,62;0;0,0816;0;1;1;0;0
7;HapticsFixedCC;4;94,5417;16,562;9,1;-7,6323;0,0;0,0;0,0;-0,0184;4,6;0;0,0815;0;1;1;0;0
7;HapticsFixedCC;4;94,5555;16,5269;9,1;-7,5444;0,0;0,0;0,0;-0,0177;4,59;0;0,0813;0;1;1;0;0
7;HapticsFixedCC;4;94,5694;16,4917;9,1;-7,4356;0,0;0,0;0,0;-0,0169;4,58;0;0,0812;0;1;1;0;0
7;HapticsFixedCC;4;94,5833;16,4566;9,1;-7,3236;0,0;0,0;0,0;-0,0163;4,57;0;0,081;0;1;1;0;0
7;HapticsFixedCC;4;94,5972;16,4215;9,1;-7,2367;0,0;0,0;0,0;-0,0158;4,57;0;0,0809;0;1;1;0;0
7;HapticsFixedCC;4;94,6111;16,4013;9,1;-7,1597;0,0;0,0;0,0;-0,015;4,49;0;0,0808;0;1;1;0;0
7;HapticsFixedCC;4;94,625;16,4013;9,1;-7,0542;0,0;0,0;0,0;-0,014;4,33;0;0,0808;0;1;1;0;0
7;HapticsFixedCC;4;94,6389;16,4013;9,1;-6,9652;0,0;0,0;0,0;-0,013;4,16;0;0,0808;0;1;1;0;0
7;HapticsFixedCC;4;94,6528;16,4013;9,0;-6,859;0,0;0,0;0,0;-0,0121;4,0;0;0,0808;0;1;1;0;0
7;HapticsFixedCC;4;94,6667;16,4013;9,0;-6,7874;0,0;0,0;0,0;-0,0113;3,85;0;0,0808;0;1;1;0;0
7;HapticsFixedCC;4;94,6805;16,4013;9,0;-6,7189;0,0;0,0;0,0;-0,0106;3,69;0;0,0808;0;1;1;0;0
7;HapticsFixedCC;4;94,6944;16,4013;9,0;-6,6593;0,0;0,0;0,0;-0,0099;3,54;0;0,0808;0;1;1;0;0
7;HapticsFixedCC;4;94,7083;16,1415;9,0;-6,6474;0,0;0,0;0,0;-0,0047;4,57;0;0,0796;0;1;1;0;0
7;HapticsFixedCC;4;94,7222;16,1068;9,0;-6,5276;0,0;0,0;0,0;-0,0035;4,58;0;0,0795;0;1;1;0;0
7;HapticsFixedCC;4;94,7361;16,072;9,0;-6,4299;0,0;0,0;0,0;-0,0025;4,59;0;0,0793;0;1;1;0;0
7;HapticsFixedCC;4;94,75;16,0373;9,0;-6,3507;0,0;0,0;0,0;-0,0015;4,6;0;0,0791;0;1;1;0;0
7;HapticsFixedCC;4;94,7639;16,0025;9,0;-6,2865;0,0;0,0;0,0;-0,0006;4,61;0;0,079;0;1;1;0;0
7;HapticsFixedCC;4;94,7778;15,9678;9,0;-6,225;0,0;0,0;0,0;0,0002;4,63;0;0,0788;0;1;1;0;0
7;HapticsFixedCC;4;94,7917;15,9467;9,0;-6,167;0,0;0,0;0,0;0,0013;4,58;0;0,0787;0;1;1;0;0
7;HapticsFixedCC;4;94,8055;15,9467;9,0;-6,1024;0,0;0,0;0,0;0,0026;4,44;0;0,0787;0;1;1;0;0
7;HapticsFixedCC;4;94,8194;15,9467;9,0;-6,0894;0,0;0,0;0,0;0,0039;4,3;0;0,0787;0;1;1;0;0
7;HapticsFixedCC;4;94,8333;15,9467;9,0;-6,0006;0,0;0,0;0,0;0,0051;4,16;0;0,0787;0;1;1;0;0
7;HapticsFixedCC;4;94,8472;15,9467;9,0;-5,952;0,0;0,0;0,0;0,0062;4,02;0;0,0787;0;1;1;0;0
7;HapticsFixedCC;4;94,8611;15,9467;9,0;-5,9198;0,0;0,0;0,0;0,0073;3,89;0;0,0787;0;1;1;0;0
7;HapticsFixedCC;4;94,875;15,9467;9,0;-5,9018;0,0;0,0;0,0;0,0082;3,75;0;0,0787;0;1;1;0;0
7;HapticsFixedCC;4;94,8889;15,6902;9,0;-5,8948;0,0;0,0;0,0;0,0137;4,75;0;0,0775;0;1;1;0;0
7;HapticsFixedCC;4;94,9028;15,6554;9,0;-5,8934;0,0;0,0;0,0;0,0151;4,77;0;0,0774;0;1;1;0;0
7;HapticsFixedCC;4;94,9167;15,6207;9,0;-5,9065;0,0;0,0;0,0;0,0165;4,79;0;0,0772;0;1;1;0;0
7;HapticsFixedCC;4;94,9305;15,586;9,0;-5,9091;0,0;0,0;0,0;0,0177;4,81;0;0,077;0;1;1;0;0
7;HapticsFixedCC;4;94,9444;15,5513;9,0;-5,9457;0,0;0,0;0,0;0,0189;4,83;0;0,0769;0;1;1;0;0
7;HapticsFixedCC;4;94,9583;15,5165;9,0;-5,953;0,0;0,0;0,0;0,02;4,84;0;0,0767;0;1;1;0;0
7;HapticsFixedCC;4;94,9722;15,4901;9,0;-5,9983;0,0;0,0;0,0;0,0211;4,82;0;0,0766;0;1;1;0;0
7;HapticsFixedCC;4;94,9861;15,4901;9,0;-6,0351;0,0;0,0;0,0;0,0226;4,68;0;0,0766;0;1;1;0;0
7;HapticsFixedCC;4;95,0;15,4901;9,0;-6,0685;0,0;0,0;0,0;0,0239;4,54;0;0,0766;0;1;1;0;0
7;HapticsFixedCC;4;95,0139;15,4901;9,0;-6,0921;0,0;0,0;0,0;0,0252;4,4;0;0,0766;0;1;1;0;0
7;HapticsFixedCC;4;95,0278;15,4901;9,0;-6,0969;0,0;0,0;0,0;0,0264;4,26;0;0,0766;0;1;1;0;0
7;HapticsFixedCC;4;95,0417;15,4901;9,0;-6,1185;0,0;0,0;0,0;0,0276;4,12;0;0,0766;0;1;1;0;0
7;HapticsFixedCC;4;95,0555;15,4901;9,0;-6,1273;0,0;0,0;0,0;0,0286;3,97;0;0,0766;0;1;1;0;0
7;HapticsFixedCC;4;95,0694;15,2396;9,0;-6,1302;0,0;0,0;0,0;0,0339;4,91;0;0,0754;0;1;1;0;0
7;HapticsFixedCC;4;95,0833;15,2049;9,0;-6,1232;0,0;0,0;0,0;0,0353;4,92;0;0,0752;0;1;1;0;0
7;HapticsFixedCC;4;95,0972;15,1701;9,0;-6,1138;0,0;0,0;0,0;0,0367;4,93;0;0,075;0;1;1;0;0
7;HapticsFixedCC;4;95,1111;15,1354;9,0;-6,1025;0,0;0,0;0,0;0,038;4,94;0;0,0749;0;1;1;0;0
7;HapticsFixedCC;4;95,125;15,1007;9,0;-6,0899;0,0;0,0;0,0;0,0392;4,95;0;0,0747;0;1;1;0;0
7;HapticsFixedCC;4;95,1389;15,0659;9,2;-6,0874;0,0;0,0;0,0;0,0403;4,96;0;0,0745;0;1;1;0;0
7;HapticsFixedCC;4;95,1528;15,0347;9,2;-6,0555;0,0;0,0;0,0;0,0414;4,95;0;0,0744;0;1;1;0;0
7;HapticsFixedCC;4;95,1667;15,0347;9,2;-6,0301;0,0;0,0;0,0;0,043;4,81;0;0,0744;0;1;1;0;0
7;HapticsFixedCC;4;95,1805;15,0347;9,2;-5,9919;0,0;0,0;0,0;0,0445;4,66;0;0,0744;0;1;1;0;0
7;HapticsFixedCC;4;95,1944;15,0347;9,2;-5,9631;0,0;0,0;0,0;0,0459;4,52;0;0,0744;0;1;1;0;0
7;HapticsFixedCC;4;95,2083;15,0347;9,2;-5,9354;0,0;0,0;0,0;0,0472;4,38;0;0,0744;0;1;1;0;0
7;HapticsFixedCC;4;95,2222;15,0347;9,2;-5,9299;0,0;0,0;0,0;0,0485;4,24;0;0,0744;0;1;1;0;0
7;HapticsFixedCC;4;95,2361;15,0347;9,2;-5,9165;0,0;0,0;0,0;0,0497;4,1;0;0,0744;0;1;1;0;0
7;HapticsFixedCC;4;95,25;14,7836;9,2;-5,8967;0,0;0,0;0,0;0,055;5,01;0;0,0731;0;1;1;0;0
7;HapticsFixedCC;4;95,2639;14,7481;9,2;-5,8893;0,0;0,0;0,0;0,0566;5,02;0;0,073;0;1;1;0;0
7;HapticsFixedCC;4;95,2778;14,7126;9,2;-5,8885;0,0;0,0;0,0;0,0581;5,03;0;0,0728;0;1;1;0;0
7;HapticsFixedCC;4;95,2917;14,6771;9,2;-5,8923;0,0;0,0;0,0;0,0595;5,04;0;0,0726;0;1;1;0;0
7;HapticsFixedCC;4;95,3055;14,6416;9,2;-5,9036;0,0;0,0;0,0;0,0609;5,05;0;0,0724;0;1;1;0;0
7;HapticsFixedCC;4;95,3194;14,6061;9,2;-5,9265;0,0;0,0;0,0;0,0621;5,06;0;0,0723;0;1;1;0;0
7;HapticsFixedCC;4;95,3333;14,5792;9,2;-5,9541;0,0;0,0;0,0;0,0634;5,03;0;0,0721;0;1;1;0;0
7;HapticsFixedCC;4;95,3472;14,5792;9,2;-5,9596;0,0;0,0;0,0;0,0651;4,89;0;0,0721;0;1;1;0;0
7;HapticsFixedCC;4;95,3611;14,5792;9,2;-6,0651;0,0;0,0;0,0;0,0667;4,74;0;0,0721;0;1;1;0;0
7;HapticsFixedCC;4;95,375;14,5792;9,2;-6,1069;0,0;0,0;0,0;0,0681;4,6;0;0,0721;0;1;1;0;0
7;HapticsFixedCC;4;95,3889;14,5792;8,9;-6,1412;0,0;0,0;0,0;0,0695;4,46;0;0,0721;0;1;1;0;0
7;HapticsFixedCC;4;95,4028;14,5792;8,9;-6,1808;0,0;0,0;0,0;0,0708;4,31;0;0,0721;0;1;1;0;0
7;HapticsFixedCC;4;95,4167;14,5792;8,9;-6,2183;0,0;0,0;0,0;0,0719;4,17;0;0,0721;0;1;1;0;0
7;HapticsFixedCC;4;95,4305;14,3279;8,9;-6,2621;0,0;0,0;0,0;0,077;5,05;0;0,0709;0;1;1;0;0
7;HapticsFixedCC;4;95,4444;14,2935;8,9;-6,2878;0,0;0,0;0,0;0,0785;5,05;0;0,0707;0;1;1;0;0
7;HapticsFixedCC;4;95,4583;14,2592;8,9;-6,2933;0,0;0,0;0,0;0,0799;5,04;0;0,0706;0;1;1;0;0
7;HapticsFixedCC;4;95,4722;14,2248;8,9;-6,3338;0,0;0,0;0,0;0,0813;5,04;0;0,0704;0;1;1;0;0
7;HapticsFixedCC;4;95,4861;14,1905;8,9;-6,3583;0,0;0,0;0,0;0,0825;5,03;0;0,0702;0;1;1;0;0
7;HapticsFixedCC;4;95,5;14,1562;8,9;-6,3762;0,0;0,0;0,0;0,0836;5,02;0;0,0701;0;1;7;0;0
7;HapticsFixedCC;4;95,5139;14,1226;8,9;-6,3814;0,0;0,0;0,0;0,0847;5,01;0;0,0699;0;1;7;0;0
7;HapticsFixedCC;4;95,5278;14,1226;8,9;-6,3814;0,0;0,0;0,0;0,0862;4,87;0;0,0699;0;1;7;0;0
7;HapticsFixedCC;4;95,5417;14,1226;8,9;-6,3814;0,0;0,0;0,0;0,0877;4,72;0;0,0699;0;1;7;0;0
7;HapticsFixedCC;4;95,5555;14,1226;8,9;-6,3771;0,0;0,0;0,0;0,089;4,58;0;0,0699;0;1;7;0;0
7;HapticsFixedCC;4;95,5694;14,1226;8,9;-6,371;0,0;0,0;0,0;0,0903;4,43;0;0,0699;0;1;7;0;0
7;HapticsFixedCC;4;95,5833;14,1226;8,9;-6,3684;0,0;0,0;0,0;0,0915;4,28;0;0,0699;0;1;7;0;0
7;HapticsFixedCC;4;95,5972;14,1226;8,9;-6,3682;0,0;0,0;0,0;0,0926;4,14;0;0,0699;0;1;7;0;0
7;HapticsFixedCC;4;95,6111;13,8843;8,9;-6,3703;0,0;0,0;0,0;0,0973;4,93;0;0,0688;0;1;7;0;0
7;HapticsFixedCC;4;95,625;13,8499;8,9;-6,3748;0,0;0,0;0,0;0,0988;4,92;0;0,0686;0;1;7;0;0
7;HapticsFixedCC;4;95,6389;13,8156;8,9;-6,3811;0,0;0,0;0,0;0,1001;4,91;0;0,0684;0;1;7;0;0
7;HapticsFixedCC;4;95,6528;13,7812;8,9;-6,3887;0,0;0,0;0,0;0,1013;4,9;0;0,0683;0;1;7;0;0
7;HapticsFixedCC;4;95,6667;13,7469;8,9;-6,3902;0,0;0,0;0,0;0,1025;4,89;0;0,0681;0;1;7;0;0
7;HapticsFixedCC;4;95,6805;13,7125;8,9;-6,4015;0,0;0,0;0,0;0,1036;4,88;0;0,0679;0;1;7;0;0
7;HapticsFixedCC;4;95,6944;13,6782;8,9;-6,4035;0,0;0,0;0,0;0,1046;4,87;0;0,0678;0;1;7;0;0
7;HapticsFixedCC;4;95,7083;13,6688;8,9;-6,4206;0,0;0,0;0,0;0,1059;4,76;0;0,0677;0;1;7;0;0
7;HapticsFixedCC;4;95,7222;13,6688;8,9;-6,4322;0,0;0,0;0,0;0,1072;4,61;0;0,0677;0;1;7;0;0
7;HapticsFixedCC;4;95,7361;13,6688;8,9;-6,4423;0,0;0,0;0,0;0,1085;4,46;0;0,0677;0;1;7;0;0
7;HapticsFixedCC;4;95,75;13,6688;8,9;-6,4576;0,0;0,0;0,0;0,1097;4,31;0;0,0677;0;1;7;0;0
7;HapticsFixedCC;4;95,7639;13,6688;8,9;-6,475;0,0;0,0;0,0;0,1107;4,16;0;0,0677;0;1;7;0;0
7;HapticsFixedCC;4;95,7778;13,6688;8,9;-6,4789;0,0;0,0;0,0;0,1117;4,02;0;0,0677;0;1;7;0;0
7;HapticsFixedCC;4;95,7917;13,6688;8,9;-6,5052;0,0;0,0;0,0;0,1126;3,87;0;0,0677;0;1;7;0;0
7;HapticsFixedCC;4;95,8055;13,4068;8,9;-6,565;0,0;0,0;0,0;0,1174;4,72;0;0,0665;0;1;7;0;0
7;HapticsFixedCC;4;95,8194;13,3724;8,9;-6,6066;0,0;0,0;0,0;0,1186;4,7;0;0,0664;0;1;7;0;0
7;HapticsFixedCC;4;95,8333;13,338;8,9;-6,6405;0,0;0,0;0,0;0,1196;4,68;0;0,0662;0;1;7;0;0
7;HapticsFixedCC;4;95,8472;13,3037;8,9;-6,6761;0,0;0,0;0,0;0,1206;4,65;0;0,0661;0;1;7;0;0
7;HapticsFixedCC;4;95,8611;13,2693;8,9;-6,6832;0,0;0,0;0,0;0,1215;4,63;0;0,0659;0;1;7;0;0
7;HapticsFixedCC;4;95,875;13,235;8,9;-6,7096;0,0;0,0;0,0;0,1223;4,61;0;0,0657;0;1;7;0;0
7;HapticsFixedCC;4;95,8889;13,2107;9,0;-6,7264;0,0;0,0;0,0;0,1231;4,55;0;0,0656;0;1;7;0;0
7;HapticsFixedCC;4;95,9028;13,2107;9,0;-6,7921;0,0;0,0;0,0;0,1243;4,39;0;0,0656;0;1;7;0;0
7;HapticsFixedCC;4;95,9167;13,2107;9,0;-6,8294;0,0;0,0;0,0;0,1253;4,23;0;0,0656;0;1;7;0;0
7;HapticsFixedCC;4;95,9305;13,2107;9,0;-6,8599;0,0;0,0;0,0;0,1262;4,07;0;0,0656;0;1;7;0;0
7;HapticsFixedCC;4;95,9444;13,2107;9,0;-6,8994;0,0;0,0;0,0;0,127;3,91;0;0,0656;0;1;7;0;0
7;HapticsFixedCC;4;95,9583;13,2107;9,0;-6,9493;0,0;0,0;0,0;0,1277;3,75;0;0,0656;0;1;7;0;0
7;HapticsFixedCC;4;95,9722;13,2107;9,0;-7,0025;0,0;0,0;0,0;0,1283;3,59;0;0,0656;0;1;7;0;0
7;HapticsFixedCC;4;95,9861;12,9612;9,0;-7,0128;0,0;0,0;0,0;0,1325;4,35;0;0,0645;0;1;7;0;0
7;HapticsFixedCC;4;96,0;12,9264;9,0;-7,0671;0,0;0,0;0,0;0,1334;4,31;0;0,0644;0;1;7;0;0
7;HapticsFixedCC;4;96,0139;12,8917;9,0;-7,1146;0,0;0,0;0,0;0,1342;4,28;0;0,0642;0;1;7;0;0
7;HapticsFixedCC;4;96,0278;12,8569;9,0;-7,2419;0,0;0,0;0,0;0,1349;4,24;0;0,0641;0;1;7;0;0
7;HapticsFixedCC;4;96,0417;12,8222;9,0;-7,2972;0,0;0,0;0,0;0,1354;4,2;0;0,0639;0;1;7;0;0
7;HapticsFixedCC;4;96,0555;12,7874;9,0;-7,3318;0,0;0,0;0,0;0,1358;4,15;0;0,0638;0;1;7;0;0
7;HapticsFixedCC;4;96,0694;12,7567;9,0;-7,3547;0,0;0,0;0,0;0,1362;4,1;0;0,0636;0;1;7;0;0
7;HapticsFixedCC;4;96,0833;12,7567;9,0;-7,3763;0,0;0,0;0,0;0,1369;3,93;0;0,0636;0;1;7;0;0
7;HapticsFixedCC;4;96,0972;12,7567;9,0;-7,3803;0,0;0,0;0,0;0,1375;3,75;0;0,0636;0;1;7;0;0
7;HapticsFixedCC;4;96,1111;12,7567;9,0;-7,3969;0,0;0,0;0,0;0,138;3,58;0;0,0636;0;1;7;0;0
7;HapticsFixedCC;4;96,125;12,7567;9,0;-7,4303;0,0;0,0;0,0;0,1384;3,41;0;0,0636;0;1;7;0;0
7;HapticsFixedCC;4;96,1389;12,7567;9,0;-7,4438;0,0;0,0;0,0;0,1387;3,24;0;0,0636;0;1;7;0;0
7;HapticsFixedCC;4;96,1528;12,7567;9,0;-7,4521;0,0;0,0;0,0;0,1388;3,06;0;0,0636;0;1;7;0;0
7;HapticsFixedCC;4;96,1667;12,5133;9,0;-7,4518;0,0;0,0;0,0;0,1424;3,77;0;0,0626;0;1;7;0;0
7;HapticsFixedCC;4;96,1805;12,4785;9,0;-7,4517;0,0;0,0;0,0;0,1429;3,72;0;0,0625;0;1;7;0;0
7;HapticsFixedCC;4;96,1944;12,4438;9,0;-7,4436;0,0;0,0;0,0;0,1432;3,67;0;0,0623;0;1;7;0;0
7;HapticsFixedCC;4;96,2083;12,409;9,0;-7,4268;0,0;0,0;0,0;0,1435;3,62;0;0,0622;0;1;7;0;0
7;HapticsFixedCC;4;96,2222;12,3742;9,0;-7,3669;0,0;0,0;0,0;0,1437;3,58;0;0,062;0;1;7;0;0
7;HapticsFixedCC;4;96,2361;12,3395;9,0;-7,3016;0,0;0,0;0,0;0,1438;3,53;0;0,0619;0;1;7;0;0
7;HapticsFixedCC;4;96,25;12,3047;9,0;-7,242;0,0;0,0;0,0;0,1437;3,49;0;0,0618;0;1;7;0;0
7;HapticsFixedCC;4;96,2639;12,2997;9,0;-7,1785;0,0;0,0;0,0;0,1441;3,34;0;0,0617;0;1;7;0;0
7;HapticsFixedCC;4;96,2778;12,2997;9,0;-7,121;0,0;0,0;0,0;0,1444;3,17;0;0,0617;0;1;7;0;0
7;HapticsFixedCC;4;96,2917;12,2997;9,0;-7,0507;0,0;0,0;0,0;0,1446;3,01;0;0,0617;0;1;7;0;0
7;HapticsFixedCC;4;96,3055;12,2997;9,0;-7,0366;0,0;0,0;0,0;0,1447;2,85;0;0,0617;0;1;7;0;0
7;HapticsFixedCC;4;96,3194;12,2997;9,0;-6,9571;0,0;0,0;0,0;0,1448;2,69;0;0,0617;0;1;7;0;0
7;HapticsFixedCC;4;96,3333;12,2997;9,0;-6,8663;0,0;0,0;0,0;0,1448;2,53;0;0,0617;0;1;7;0;0
7;HapticsFixedCC;4;96,3472;12,0655;9,0;-6,7364;0,0;0,0;0,0;0,148;3,19;0;0,0609;0;1;7;0;0
7;HapticsFixedCC;4;96,3611;12,0307;9,0;-6,6328;0,0;0,0;0,0;0,1483;3,16;0;0,0607;0;1;7;0;0
7;HapticsFixedCC;4;96,375;11,996;9,0;-6,5247;0,0;0,0;0,0;0,1486;3,13;0;0,0606;0;1;7;0;0
7;HapticsFixedCC;4;96,3889;11,9612;8,8;-6,4084;0,0;0,0;0,0;0,1488;3,1;0;0,0605;0;1;7;0;0
7;HapticsFixedCC;4;96,4028;11,9272;8,8;-6,3049;0,0;0,0;0,0;0,1489;3,08;0;0,0603;0;1;7;0;0
7;HapticsFixedCC;4;96,4167;11,8932;8,8;-6,2842;0,0;0,0;0,0;0,149;3,05;0;0,0602;0;1;7;0;0
7;HapticsFixedCC;4;96,4305;11,8593;8,8;-6,1846;0,0;0,0;0,0;0,149;3,03;0;0,0601;0;1;7;0;0
7;HapticsFixedCC;4;96,4444;11,8432;8,8;-6,0614;0,0;0,0;0,0;0,1492;2,95;0;0,06;0;1;7;0;0
7;HapticsFixedCC;4;96,4583;11,8432;8,8;-5,9788;0,0;0,0;0,0;0,1495;2,82;0;0,06;0;1;7;0;0
7;HapticsFixedCC;4;96,4722;11,8432;8,8;-5,9142;0,0;0,0;0,0;0,1498;2,68;0;0,06;0;1;7;0;0
7;HapticsFixedCC;4;96,4861;11,8432;8,8;-5,86;0,0;0,0;0,0;0,15;2,55;0;0,06;0;1;7;0;0
7;HapticsFixedCC;4;96,5;11,8432;8,8;-5,8491;0,0;0,0;0,0;0,1501;2,42;0;0,06;0;1;7;0;0
7;HapticsFixedCC;4;96,5139;11,8432;8,8;-5,8128;0,0;0,0;0,0;0,1502;2,28;0;0,06;0;1;2;0;0
7;HapticsFixedCC;4;96,5278;11,8432;8,8;-5,7635;0,0;0,0;0,0;0,1502;2,15;0;0,06;0;1;2;0;0
7;HapticsFixedCC;4;96,5417;11,5916;8,8;-5,6861;0,0;0,0;0,0;0,1535;2,88;0;0,0591;0;1;2;0;0
7;HapticsFixedCC;4;96,5555;11,5576;8,8;-5,6237;0,0;0,0;0,0;0,1539;2,87;0;0,059;0;1;2;0;0
7;HapticsFixedCC;4;96,5694;11,5236;8,8;-5,5596;0,0;0,0;0,0;0,1542;2,86;0;0,0589;0;1;2;0;0
7;HapticsFixedCC;4;96,5833;11,4896;8,8;-5,5094;0,0;0,0;0,0;0,1544;2,85;0;0,0588;0;1;2;0;0
7;HapticsFixedCC;4;96,5972;11,4557;8,8;-5,4583;0,0;0,0;0,0;0,1545;2,84;0;0,0587;0;1;2;0;0
7;HapticsFixedCC;4;96,6111;11,4217;8,8;-5,4099;0,0;0,0;0,0;0,1546;2,83;0;0,0586;0;1;2;0;0
7;HapticsFixedCC;4;96,625;11,391;8,8;-5,4002;0,0;0,0;0,0;0,1546;2,81;0;0,0585;0;1;2;0;0
7;HapticsFixedCC;4;96,6389;11,391;8,8;-5,3759;0,0;0,0;0,0;0,155;2,69;0;0,0585;0;1;2;0;0
7;HapticsFixedCC;4;96,6528;11,391;9,2;-5,353;0,0;0,0;0,0;0,1553;2,57;0;0,0585;0;1;2;0;0
7;HapticsFixedCC;4;96,6667;11,391;9,2;-5,3255;0,0;0,0;0,0;0,1556;2,44;0;0,0585;0;1;2;0;0
7;HapticsFixedCC;4;96,6805;11,391;9,2;-5,3172;0,0;0,0;0,0;0,1558;2,31;0;0,0585;0;1;2;0;0
7;HapticsFixedCC;4;96,6944;11,391;9,2;-5,319;0,0;0,0;0,0;0,1559;2,19;0;0,0585;0;1;2;0;0
7;HapticsFixedCC;4;96,7083;11,391;9,2;-5,3365;0,0;0,0;0,0;0,1559;2,06;0;0,0585;0;1;2;0;0
7;HapticsFixedCC;4;96,7222;11,1463;9,2;-5,3586;0,0;0,0;0,0;0,1592;2,74;0;0,0577;0;1;2;0;0
7;HapticsFixedCC;4;96,7361;11,1108;9,2;-5,363;0,0;0,0;0,0;0,1595;2,73;0;0,0576;0;1;2;0;0
7;HapticsFixedCC;4;96,75;11,0753;9,2;-5,3873;0,0;0,0;0,0;0,1598;2,72;0;0,0575;0;1;2;0;0
7;HapticsFixedCC;4;96,7639;11,0398;9,2;-5,4501;0,0;0,0;0,0;0,16;2,71;0;0,0574;0;1;2;0;0
7;HapticsFixedCC;4;96,7778;11,0043;9,2;-5,4981;0,0;0,0;0,0;0,16;2,69;0;0,0573;0;1;2;0;0
7;HapticsFixedCC;4;96,7917;10,9688;9,2;-5,5328;0,0;0,0;0,0;0,16;2,68;0;0,0572;0;1;2;0;0
7;HapticsFixedCC;4;96,8055;10,9333;9,2;-5,5521;0,0;0,0;0,0;0,1599;2,67;0;0,0571;0;1;2;0;0
7;HapticsFixedCC;4;96,8194;10,9314;9,2;-5,5559;0,0;0,0;0,0;0,1602;2,54;0;0,0571;0;1;2;0;0
7;HapticsFixedCC;4;96,8333;10,9314;9,2;-5,5696;0,0;0,0;0,0;0,1604;2,41;0;0,0571;0;1;2;0;0
7;HapticsFixedCC;4;96,8472;10,9314;9,2;-5,5773;0,0;0,0;0,0;0,1606;2,28;0;0,0571;0;1;2;0;0
7;HapticsFixedCC;4;96,8611;10,9314;9,2;-5,5878;0,0;0,0;0,0;0,1606;2,14;0;0,0571;0;1;2;0;0
7;HapticsFixedCC;4;96,875;10,9314;9,2;-5,5876;0,0;0,0;0,0;0,1606;2,01;0;0,0571;0;1;2;0;0
7;HapticsFixedCC;4;96,8889;10,9314;9,2;-5,5818;0,0;0,0;0,0;0,1604;1,88;0;0,0571;0;1;2;0;0
7;HapticsFixedCC;4;96,9028;10,6889;9,2;-5,5735;0,0;0,0;0,0;0,1634;2,53;0;0,0565;0;1;2;0;0
7;HapticsFixedCC;4;96,9167;10,6533;9,2;-5,5674;0,0;0,0;0,0;0,1636;2,51;0;0,0564;0;1;2;0;0
7;HapticsFixedCC;4;96,9305;10,6178;9,2;-5,5578;0,0;0,0;0,0;0,1637;2,5;0;0,0564;0;1;2;0;0
7;HapticsFixedCC;4;96,9444;10,5823;9,2;-5,5559;0,0;0,0;0,0;0,1637;2,48;0;0,0563;0;1;2;0;0
7;HapticsFixedCC;4;96,9583;10,5468;9,2;-5,549;0,0;0,0;0,0;0,1636;2,46;0;0,0562;0;1;2;0;0
7;HapticsFixedCC;4;96,9722;10,5112;9,2;-5,5394;0,0;0,0;0,0;0,1635;2,45;0;0,0561;0;1;2;0;0
7;HapticsFixedCC;4;96,9861;10,4757;9,2;-5,526;0,0;0,0;0,0;0,1633;2,43;0;0,056;0;1;2;0;0
7;HapticsFixedCC;4;97,0;10,4752;9,2;-5,5193;0,0;0,0;0,0;0,1635;2,3;0;0,056;0;1;2;0;0
7;HapticsFixedCC;4;97,0139;10,4752;9,2;-5,5184;0,0;0,0;0,0;0,1635;2,17;0;0,056;0;1;2;0;0
7;HapticsFixedCC;4;97,0278;10,4752;9,2;-5,5219;0,0;0,0;0,0;0,1635;2,04;0;0,056;0;1;2;0;0
7;HapticsFixedCC;4;97,0417;10,4752;9,2;-5,534;0,0;0,0;0,0;0,1635;1,91;0;0,056;0;1;2;0;0
7;HapticsFixedCC;4;97,0555;10,4752;9,2;-5,5364;0,0;0,0;0,0;0,1633;1,78;0;0,056;0;1;2;0;0
7;HapticsFixedCC;4;97,0694;10,4752;9,2;-5,5696;0,0;0,0;0,0;0,1631;1,65;0;0,056;0;1;2;0;0
7;HapticsFixedCC;4;97,0833;10,2312;9,2;-5,5969;0,0;0,0;0,0;0,1658;2,29;0;0,0556;0;1;2;0;0
7;HapticsFixedCC;4;97,0972;10,1957;9,2;-5,6187;0,0;0,0;0,0;0,1658;2,27;0;0,0555;0;1;2;0;0
7;HapticsFixedCC;4;97,1111;10,1602;9,2;-5,6464;0,0;0,0;0,0;0,1658;2,25;0;0,0555;0;1;2;0;0
7;HapticsFixedCC;4;97,125;10,1247;9,2;-5,676;0,0;0,0;0,0;0,1656;2,23;0;0,0554;0;1;2;0;0
7;HapticsFixedCC;4;97,1389;10,0892;9,2;-5,682;0,0;0,0;0,0;0,1653;2,21;0;0,0554;0;1;2;0;0
7;HapticsFixedCC;4;97,1528;10,0536;9,3;-5,711;0,0;0,0;0,0;0,165;2,18;0;0,0553;0;1;2;0;0
7;HapticsFixedCC;4;97,1667;10,023;9,3;-5,7466;0,0;0,0;0,0;0,1646;2,14;0;0,0552;0;1;2;0;0
7;HapticsFixedCC;4;97,1805;10,023;9,3;-5,8098;0,0;0,0;0,0;0,1646;2,0;0;0,0552;0;1;2;0;0
7;HapticsFixedCC;4;97,1944;10,023;9,3;-5,8443;0,0;0,0;0,0;0,1644;1,86;0;0,0552;0;1;2;0;0
7;HapticsFixedCC;4;97,2083;10,023;9,3;-5,8511;0,0;0,0;0,0;0,1641;1,72;0;0,0552;0;1;2;0;0
7;HapticsFixedCC;4;97,2222;10,023;9,3;-5,8946;0,0;0,0;0,0;0,1638;1,58;0;0,0552;0;1;2;0;0
7;HapticsFixedCC;4;97,2361;10,023;9,3;-5,9139;0,0;0,0;0,0;0,1633;1,44;0;0,0552;0;1;2;0;0
7;HapticsFixedCC;4;97,25;10,023;9,3;-5,9177;0,0;0,0;0,0;0,1628;1,3;0;0,0552;0;1;2;0;0
7;HapticsFixedCC;4;97,2639;9,7706;9,3;-5,9266;0,0;0,0;0,0;0,1654;1,95;0;0,055;0;1;2;0;0
7;HapticsFixedCC;4;97,2778;9,7347;9,3;-5,9363;0,0;0,0;0,0;0,1651;1,92;0;0,055;0;1;2;0;0
7;HapticsFixedCC;4;97,2917;9,6988;9,3;-5,9423;0,0;0,0;0,0;0,1648;1,9;0;0,055;0;1;2;0;0
7;HapticsFixedCC;4;97,3055;9,6629;9,3;-5,9357;0,0;0,0;0,0;0,1643;1,87;0;0,0549;0;1;2;0;0
7;HapticsFixedCC;4;97,3194;9,627;9,3;-5,9296;0,0;0,0;0,0;0,1638;1,84;0;0,0549;0;1;2;0;0
7;HapticsFixedCC;4;97,3333;9,5911;9,3;-5,9253;0,0;0,0;0,0;0,1631;1,81;0;0,0549;0;1;2;0;0
7;HapticsFixedCC;4;97,3472;9,565;9,3;-5,9245;0,0;0,0;0,0;0,1625;1,75;0;0,0549;0;1;2;0;0
7;HapticsFixedCC;4;97,3611;9,565;9,3;-5,924;0,0;0,0;0,0;0,1622;1,6;0;0,0549;0;1;2;0;0
7;HapticsFixedCC;4;97,375;9,565;9,3;-5,9261;0,0;0,0;0,0;0,1617;1,46;0;0,0549;0;1;2;0;0
7;HapticsFixedCC;4;97,3889;9,565;9,3;-5,9316;0,0;0,0;0,0;0,1612;1,32;0;0,0549;0;1;2;0;0
7;HapticsFixedCC;4;97,4028;9,565;9,3;-5,9421;0,0;0,0;0,0;0,1606;1,18;0;0,0549;0;1;2;0;0
7;HapticsFixedCC;4;97,4167;9,565;9,3;-5,9558;0,0;0,0;0,0;0,1599;1,04;0;0,0549;0;1;2;0;0
7;HapticsFixedCC;4;97,4305;9,565;9,3;-5,9808;0,0;0,0;0,0;0,1591;0,89;0;0,0549;0;1;2;0;0
7;HapticsFixedCC;4;97,4444;9,3079;9,3;-5,9858;0,0;0,0;0,0;0,1614;1,56;0;0,055;0;1;2;0;0
7;HapticsFixedCC;4;97,4583;9,272;9,3;-6,0024;0,0;0,0;0,0;0,1609;1,53;0;0,055;0;1;2;0;0
7;HapticsFixedCC;4;97,4722;9,2361;9,3;-6,0192;0,0;0,0;0,0;0,1602;1,5;0;0,055;0;1;2;0;0
7;HapticsFixedCC;4;97,4861;9,2002;9,3;-6,0447;0,0;0,0;0,0;0,1595;1,47;0;0,055;0;1;2;0;0
7;HapticsFixedCC;4;97,5;9,1643;9,3;-6,069;0,0;0,0;0,0;0,1587;1,43;0;0,055;0;1;2;0;0
7;HapticsFixedCC;4;97,5139;9,1284;9,3;-6,0983;0,0;0,0;0,0;0,1577;1,4;0;0,055;0;1;2;0;0
7;HapticsFixedCC;4;97,5278;9,1068;9,3;-6,1258;0,0;0,0;0,0;0,1569;1,32;0;0,0551;0;1;1;0;0
7;HapticsFixedCC;4;97,5417;9,1068;9,3;-6,1488;0,0;0,0;0,0;0,1562;1,17;0;0,0551;0;1;1;0;0
7;HapticsFixedCC;4;97,5555;9,1068;9,3;-6,1689;0,0;0,0;0,0;0,1554;1,03;0;0,0551;0;1;1;0;0
7;HapticsFixedCC;4;97,5694;9,1068;9,3;-6,1849;0,0;0,0;0,0;0,1546;0,88;0;0,0551;0;1;1;0;0
7;HapticsFixedCC;4;97,5833;9,1068;9,3;-6,1935;0,0;0,0;0,0;0,1536;0,73;0;0,0551;0;1;1;0;0
7;HapticsFixedCC;4;97,5972;9,1068;9,3;-6,2095;0,0;0,0;0,0;0,1525;0,58;0;0,0551;0;1;1;0;0
7;HapticsFixedCC;4;97,6111;9,1068;9,3;-6,2186;0,0;0,0;0,0;0,1514;0,43;0;0,0551;0;1;1;0;0
7;HapticsFixedCC;4;97,625;8,8451;9,3;-6,2257;0,0;0,0;0,0;0,1534;1,12;0;0,0557;0;1;1;0;0
7;HapticsFixedCC;4;97,6389;8,8092;9,3;-6,2276;0,0;0,0;0,0;0,1525;1,08;0;0,0557;0;1;1;0;0
7;HapticsFixedCC;4;97,6528;8,7733;9,4;-6,2263;0,0;0,0;0,0;0,1515;1,04;0;0,0558;0;1;1;0;0
7;HapticsFixedCC;4;97,6667;8,737;9,4;-6,217;0,0;0,0;0,0;0,1504;1,01;0;0,0559;0;1;1;0;0
7;HapticsFixedCC;4;97,6805;8,7007;9,4;-6,2066;0,0;0,0;0,0;0,1492;0,97;0;0,056;0;1;1;0;0
7;HapticsFixedCC;4;97,6944;8,6645;9,4;-6,1908;0,0;0,0;0,0;0,148;0,94;0;0,0561;0;1;1;0;0
7;HapticsFixedCC;4;97,7083;8,6501;9,4;-6,1777;0,0;0,0;0,0;0,1469;0,84;0;0,0561;0;1;1;0;0
7;HapticsFixedCC;4;97,7222;8,6501;9,4;-6,1595;0,0;0,0;0,0;0,1459;0,69;0;0,0561;0;1;1;0;0
7;HapticsFixedCC;4;97,7361;8,6501;9,4;-6,124;0,0;0,0;0,0;0,1448;0,54;0;0,0561;0;1;1;0;0
7;HapticsFixedCC;4;97,75;8,6501;9,4;-6,1003;0,0;0,0;0,0;0,1437;0,39;0;0,0561;0;1;1;0;0
7;HapticsFixedCC;4;97,7639;8,6501;9,4;-6,0492;0,0;0,0;0,0;0,1425;0,24;0;0,0561;0;1;1;0;0
7;HapticsFixedCC;4;97,7778;8,6501;9,4;-6,0081;0,0;0,0;0,0;0,1411;0,1;0;0,0561;0;1;1;0;0
7;HapticsFixedCC;4;97,7917;8,4143;9,4;-5,9608;0,0;0,0;0,0;0,1428;0,73;0;0,0574;0;1;1;0;0
7;HapticsFixedCC;4;97,8055;8,378;9,4;-5,9169;0,0;0,0;0,0;0,1418;0,7;0;0,0576;0;1;1;0;0
7;HapticsFixedCC;4;97,8194;8,3417;9,4;-5,8752;0,0;0,0;0,0;0,1407;0,68;0;0,0579;0;1;1;0;0
7;HapticsFixedCC;4;97,8333;8,3054;9,4;-5,8303;0,0;0,0;0,0;0,1395;0,66;0;0,0581;0;1;1;0;0
7;HapticsFixedCC;4;97,8472;8,2691;9,4;-5,7877;0,0;0,0;0,0;0,1383;0,64;0;0,0583;0;1;1;0;0
7;HapticsFixedCC;4;97,8611;8,2329;9,4;-5,7444;0,0;0,0;0,0;0,137;0,62;0;0,0585;0;1;1;0;0
7;HapticsFixedCC;4;97,875;8,1966;9,4;-5,708;0,0;0,0;0,0;0,1355;0,6;0;0,0587;0;1;1;0;0
7;HapticsFixedCC;4;97,8889;8,1938;9,4;-5,6496;0,0;0,0;0,0;0,1345;0,47;0;0,0587;0;1;1;0;0
7;HapticsFixedCC;4;97,9028;8,1938;9,4;-5,5854;0,0;0,0;0,0;0,1334;0,34;0;0,0587;0;1;1;0;0
7;HapticsFixedCC;4;97,9167;8,1938;9,4;-5,5275;0,0;0,0;0,0;0,1323;0,2;0;0,0587;0;1;1;0;0
7;HapticsFixedCC;4;97,9305;8,1938;9,4;-5,4471;0,0;0,0;0,0;0,131;0,07;0;0,0587;0;1;1;0;0
7;HapticsFixedCC;4;97,9444;8,1938;9,4;-5,3468;0,0;0,0;0,0;0,1298;-0,05;0;0,0587;0;1;1;0;0
7;HapticsFixedCC;4;97,9583;8,1938;9,4;-5,2451;0,0;0,0;0,0;0,1284;-0,18;0;0,0587;0;1;1;0;0
7;HapticsFixedCC;4;97,9722;7,9463;9,4;-5,1431;0,0;0,0;0,0;0,1305;0,56;0;0,0618;0;1;1;0;0
7;HapticsFixedCC;4;97,9861;7,91;9,4;-5,0392;0,0;0,0;0,0;0,1295;0,57;0;0,0623;0;1;1;0;0
7;HapticsFixedCC;4;98,0;7,8737;9,4;-4,956;0,0;0,0;0,0;0,1285;0,57;0;0,0628;0;1;1;0;0
7;HapticsFixedCC;4;98,0139;7,8375;9,4;-4,8557;0,0;0,0;0,0;0,1275;0,58;0;0,0632;0;1;1;0;0
7;HapticsFixedCC;4;98,0278;7,8012;9,4;-4,7344;0,0;0,0;0,0;0,1264;0,6;0;0,0637;0;1;1;0;0
7;HapticsFixedCC;4;98,0417;7,7649;9,4;-4,6735;0,0;0,0;0,0;0,1253;0,61;0;0,0642;0;1;1;0;0
7;HapticsFixedCC;4;98,0555;7,7375;9,4;-4,6229;0,0;0,0;0,0;0,1242;0,6;0;0,0645;0;1;1;0;0
7;HapticsFixedCC;4;98,0694;7,7375;9,4;-4,5834;0,0;0,0;0,0;0,1234;0,48;0;0,0645;0;1;1;0;0
7;HapticsFixedCC;4;98,0833;7,7375;9,4;-4,5393;0,0;0,0;0,0;0,1226;0,37;0;0,0645;0;1;1;0;0
7;HapticsFixedCC;4;98,0972;7,7375;9,4;-4,4996;0,0;0,0;0,0;0,1217;0,26;0;0,0645;0;1;1;0;0
7;HapticsFixedCC;4;98,1111;7,7375;9,4;-4,4663;0,0;0,0;0,0;0,1208;0,16;0;0,0645;0;1;1;0;0
7;HapticsFixedCC;4;98,125;7,7375;9,4;-4,4428;0,0;0,0;0,0;0,1198;0,05;0;0,0645;0;1;1;0;0
7;HapticsFixedCC;4;98,1389;7,7375;9,4;-4,4207;0,0;0,0;0,0;0,1187;-0,05;0;0,0645;0;1;1;0;0
7;HapticsFixedCC;4;98,1528;7,4784;9,4;-4,3956;0,0;0,0;0,0;0,1216;0,89;0;0,0739;0;1;1;0;0
7;HapticsFixedCC;4;98,1667;7,4421;9,4;-4,3647;0,0;0,0;0,0;0,121;0,93;0;0,0752;0;1;1;0;0
7;HapticsFixedCC;4;98,1805;7,4058;9,4;-4,3426;0,0;0,0;0,0;0,1203;0,98;0;0,0765;0;1;1;0;0
7;HapticsFixedCC;4;98,1944;7,3696;9,4;-4,3223;0,0;0,0;0,0;0,1196;1,02;0;0,0778;0;1;1;0;0
7;HapticsFixedCC;4;98,2083;7,3333;9,4;-4,2974;0,0;0,0;0,0;0,1188;1,06;0;0,0791;0;1;1;0;0
7;HapticsFixedCC;4;98,2222;7,297;9,4;-4,2636;0,0;0,0;0,0;0,1179;1,11;0;0,0804;0;1;1;0;0
7;HapticsFixedCC;4;98,2361;7,2898;9,4;-4,2085;0,0;0,0;0,0;0,1175;1,04;0;0,0807;0;1;1;0;0
7;HapticsFixedCC;4;98,25;7,2898;9,4;-4,1444;0,0;0,0;0,0;0,1171;0,94;0;0,0807;0;1;1;0;0
7;HapticsFixedCC;4;98,2639;7,2898;9,4;-4,085;0,0;0,0;0,0;0,1167;0,84;0;0,0807;0;1;1;0;0
7;HapticsFixedCC;4;98,2778;7,2898;9,4;-4,0102;0,0;0,0;0,0;0,1162;0,74;0;0,0807;0;1;1;0;0
7;HapticsFixedCC;4;98,2917;7,2898;9,4;-3,9246;0,0;0,0;0,0;0,1158;0,65;0;0,0807;0;1;1;0;0
7;HapticsFixedCC;4;98,3055;7,2898;9,4;-3,7965;0,0;0,0;0,0;0,1152;0,55;0;0,0807;0;1;1;0;0
7;HapticsFixedCC;4;98,3194;7,0478;9,4;-3,6766;0,0;0,0;0,0;0,1205;2,24;0;0,0387;0;1;1;0;0
7;HapticsFixedCC;4;98,3333;7,0116;9,4;-3,5437;0,0;0,0;0,0;0,1207;2,43;0;0,0324;0;1;1;0;0
7;HapticsFixedCC;4;98,3472;6,9753;9,4;-3,4427;0,0;0,0;0,0;0,121;2,61;0;0,0262;0;1;1;0;0
7;HapticsFixedCC;4;98,3611;6,939;9,4;-3,2742;0,0;0,0;0,0;0,1212;2,8;0;0,0199;0;1;1;0;0
7;HapticsFixedCC;4;98,375;6,9028;9,4;-3,1595;0,0;0,0;0,0;0,1215;2,99;0;0,0136;0;1;1;0;0
7;HapticsFixedCC;4;98,3889;6,8665;9,7;-2,9991;0,0;0,0;0,0;0,1216;3,18;0;0,0073;0;1;1;0;0
7;HapticsFixedCC;4;98,4028;6,8386;9,7;-2,8281;0,0;0,0;0,0;0,1222;3,31;0;0,0025;0;1;1;0;0
7;HapticsFixedCC;4;98,4167;6,8386;9,7;-2,6964;0,0;0,0;0,0;0,1236;3,25;0;0,0025;0;1;1;0;0
7;HapticsFixedCC;4;98,4305;6,8386;9,7;-2,5689;0,0;0,0;0,0;0,1251;3,18;0;0,0025;0;1;1;0;0
7;HapticsFixedCC;4;98,4444;6,8386;9,7;-2,4329;0,0;0,0;0,0;0,1266;3,12;0;0,0025;0;1;1;0;0
7;HapticsFixedCC;4;98,4583;6,8386;9,7;-2,312;0,0;0,0;0,0;0,1281;3,07;0;0,0025;0;1;1;0;0
7;HapticsFixedCC;4;98,4722;6,8386;9,7;-2,2031;0,0;0,0;0,0;0,1295;3,01;0;0,0025;0;1;1;0;0
7;HapticsFixedCC;4;98,4861;6,6088;9,7;-2,0909;0,0;0,0;0,0;0,131;2,96;0;0,0012;0;1;1;0;0
7;HapticsFixedCC;4;98,5;6,5714;9,7;-1,9661;0,0;0,0;0,0;0,1324;2,91;0;0,001;0;1;1;0;0
7;HapticsFixedCC;4;98,5139;6,534;9,7;-1,8263;0,0;0,0;0,0;0,1339;2,87;1;0,0008;0;1;1;0;0
7;HapticsFixedCC;4;98,5278;6,4966;9,7;-1,695;0,0;0,0;0,0;0,1353;2,83;1;0,0006;0;1;3;0;0
7;HapticsFixedCC;4;98,5417;6,4592;9,7;-1,6081;0,0;0,0;0,0;0,1368;2,79;1;0,0004;0;1;3;0;0
7;HapticsFixedCC;4;98,5555;6,4218;9,7;-1,485;0,0;0,0;0,0;0,1382;2,75;1;0,0002;0;1;3;0;0
7;HapticsFixedCC;4;98,5694;6,3844;9,7;-1,3874;0,0;0,0;0,0;0,1397;2,72;1;0,0;0;1;3;0;0
7;HapticsFixedCC;4;98,5833;6,3822;9,7;-1,274;0,0;0,0;0,0;0,1411;2,68;1;0,0;0;1;3;0;0
7;HapticsFixedCC;4;98,5972;6,3822;9,7;-1,217;0,0;0,0;0,0;0,1426;2,65;1;0,0;0;1;3;0;0
7;HapticsFixedCC;4;98,6111;6,3822;9,7;-1,1745;0,0;0,0;0,0;0,144;2,62;1;0,0;0;1;3;0;0
7;HapticsFixedCC;4;98,625;6,3822;9,7;-1,1324;0,0;0,0;0,0;0,1454;2,6;1;0,0;0;1;3;0;0
7;HapticsFixedCC;4;98,6389;6,3822;9,7;-1,1051;0,0;0,0;0,0;0,1469;2,57;1;0,0;0;1;3;0;0
7;HapticsFixedCC;4;98,6528;6,3822;9,7;-1,0711;0,0;0,0;0,0;0,1483;2,54;1;0,0;0;1;3;0;0
7;HapticsFixedCC;4;98,6667;6,1227;9,7;-1,0628;0,0;0,0;0,0;0,1497;2,52;1;0,0;0;1;3;0;0
7;HapticsFixedCC;4;98,6805;6,0853;9,7;-1,0509;0,0;0,0;0,0;0,1511;2,49;1;0,0001;0;1;3;0;0
7;HapticsFixedCC;4;98,6944;6,0479;9,7;-1,0486;0,0;0,0;0,0;0,1525;2,47;1;0,0001;0;1;3;0;0
7;HapticsFixedCC;4;98,7083;6,0105;9,7;-1,0554;0,0;0,0;0,0;0,1538;2,44;1;0,0001;0;1;3;0;0
7;HapticsFixedCC;4;98,7222;5,9731;9,7;-1,0787;0,0;0,0;0,0;0,1552;2,41;1;0,0001;0;1;3;0;0
7;HapticsFixedCC;4;98,7361;5,9357;9,7;-1,1153;0,0;0,0;0,0;0,1565;2,39;1;0,0001;0;1;3;0;0
7;HapticsFixedCC;4;98,75;5,9257;9,7;-1,151;0,0;0,0;0,0;0,1578;2,36;1;0,0001;0;1;3;0;0
7;HapticsFixedCC;4;98,7639;5,9257;9,7;-1,2096;0,0;0,0;0,0;0,159;2,33;1;0,0001;0;1;3;0;0
7;HapticsFixedCC;4;98,7778;5,9257;9,7;-1,2552;0,0;0,0;0,0;0,1602;2,3;1;0,0001;0;1;3;0;0
7;HapticsFixedCC;4;98,7917;5,9257;9,7;-1,2985;0,0;0,0;0,0;0,1614;2,27;1;0,0001;0;1;3;0;0
7;HapticsFixedCC;4;98,8055;5,9257;9,7;-1,3538;0,0;0,0;0,0;0,1626;2,23;1;0,0001;0;1;3;0;0
7;HapticsFixedCC;4;98,8194;5,9257;9,7;-1,4206;0,0;0,0;0,0;0,1637;2,2;1;0,0001;0;1;3;0;0
7;HapticsFixedCC;4;98,8333;5,6738;9,7;-1,4762;0,0;0,0;0,0;0,1648;2,16;1;0,0;0;1;3;0;0
7;HapticsFixedCC;4;98,8472;5,6364;9,7;-1,5284;0,0;0,0;0,0;0,1658;2,12;1;0,0;0;1;3;0;0
7;HapticsFixedCC;4;98,8611;5,599;9,7;-1,5777;0,0;0,0;0,0;0,1668;2,08;1;0,0;0;1;3;0;0
7;HapticsFixedCC;4;98,875;5,5616;9,7;-1,7001;0,0;0,0;0,0;0,1678;2,04;1;0,0;0;1;3;0;0
7;HapticsFixedCC;4;98,8889;5,5242;9,7;-1,7245;0,0;0,0;0,0;0,1687;2,0;1;0,0;0;1;3;0;0
7;HapticsFixedCC;4;98,9028;5,4868;9,7;-1,7776;0,0;0,0;0,0;0,1696;1,96;1;0,0;0;1;3;0;0
7;HapticsFixedCC;4;98,9167;5,4702;9,7;-1,8397;0,0;0,0;0,0;0,1704;1,91;1;0,0;0;1;3;0;0
7;HapticsFixedCC;4;98,9305;5,4702;9,7;-1,8976;0,0;0,0;0,0;0,1712;1,86;1;0,0;0;1;3;0;0
7;HapticsFixedCC;4;98,9444;5,4702;9,7;-1,9568;0,0;0,0;0,0;0,1719;1,82;1;0,0;0;1;3;0;0
7;HapticsFixedCC;4;98,9583;5,4702;9,7;-1,9908;0,0;0,0;0,0;0,1726;1,77;1;0,0;0;1;3;0;0
7;HapticsFixedCC;4;98,9722;5,4702;9,7;-2,028;0,0;0,0;0,0;0,1732;1,72;1;0,0;0;1;3;0;0
7;HapticsFixedCC;4;98,9861;5,4702;9,7;-2,0612;0,0;0,0;0,0;0,1739;1,67;1;0,0;0;1;3;0;0
7;HapticsFixedCC;4;99,0;5,2248;9,7;-2,0935;0,0;0,0;0,0;0,1744;1,61;1;0,0;0;1;3;0;0
7;HapticsFixedCC;4;99,0139;5,1874;9,7;-2,1075;0,0;0,0;0,0;0,175;1,56;1;0,0;0;1;3;0;0
7;HapticsFixedCC;4;99,0278;5,15;9,7;-2,1205;0,0;0,0;0,0;0,1755;1,51;1;0,0;0;1;3;0;0
7;HapticsFixedCC;4;99,0417;5,1126;9,7;-2,1274;0,0;0,0;0,0;0,1759;1,46;1;0,0;0;1;3;0;0
7;HapticsFixedCC;4;99,0555;5,0751;9,7;-2,1199;0,0;0,0;0,0;0,1763;1,4;1;0,0;0;1;3;0;0
7;HapticsFixedCC;4;99,0694;5,0377;9,7;-2,1092;0,0;0,0;0,0;0,1767;1,35;1;0,0;0;1;3;0;0
7;HapticsFixedCC;4;99,0833;5,0127;9,7;-2,078;0,0;0,0;0,0;0,1771;1,3;1;0,0;0;1;3;0;0
7;HapticsFixedCC;4;99,0972;5,0127;9,7;-2,0445;0,0;0,0;0,0;0,1774;1,25;1;0,0;0;1;3;0;0
7;HapticsFixedCC;4;99,1111;5,0127;9,7;-1,9998;0,0;0,0;0,0;0,1778;1,2;1;0,0;0;1;3;0;0
7;HapticsFixedCC;4;99,125;5,0127;9,7;-1,9828;0,0;0,0;0,0;0,178;1,15;1;0,0;0;1;3;0;0
7;HapticsFixedCC;4;99,1389;5,0127;9,7;-1,9671;0,0;0,0;0,0;0,1783;1,1;1;0,0;0;1;3;0;0
7;HapticsFixedCC;4;99,1528;5,0127;9,6;-1,957;0,0;0,0;0,0;0,1785;1,05;1;0,0;0;1;3;0;0
7;HapticsFixedCC;4;99,1667;4,7761;9,6;-1,954;0,0;0,0;0,0;0,1787;1,01;1;0,0;0;1;3;0;0
7;HapticsFixedCC;4;99,1805;4,7391;9,6;-1,9584;0,0;0,0;0,0;0,1789;0,96;1;0,0;0;1;3;0;0
7;HapticsFixedCC;4;99,1944;4,702;9,6;-1,9779;0,0;0,0;0,0;0,179;0,91;1;0,0;0;1;3;0;0
7;HapticsFixedCC;4;99,2083;4,665;9,6;-2,0096;0,0;0,0;0,0;0,1791;0,86;1;0,0;0;1;3;0;0
7;HapticsFixedCC;4;99,2222;4,628;9,6;-2,0607;0,0;0,0;0,0;0,1791;0,81;1;0,0;0;1;3;0;0
7;HapticsFixedCC;4;99,2361;4,5909;9,6;-2,1003;0,0;0,0;0,0;0,1791;0,76;1;0,0;0;1;3;0;0
7;HapticsFixedCC;4;99,25;4,5575;9,6;-2,1316;0,0;0,0;0,0;0,1791;0,71;1;0,0;0;1;3;0;0
7;HapticsFixedCC;4;99,2639;4,5575;9,6;-2,1694;0,0;0,0;0,0;0,179;0,65;1;0,0;0;1;3;0;0
7;HapticsFixedCC;4;99,2778;4,5575;9,6;-2,2059;0,0;0,0;0,0;0,1789;0,6;1;0,0;0;1;3;0;0
7;HapticsFixedCC;4;99,2917;4,5575;9,6;-2,2676;0,0;0,0;0,0;0,1787;0,54;1;0,0;0;1;3;0;0
7;HapticsFixedCC;4;99,3055;4,5575;9,6;-2,3127;0,0;0,0;0,0;0,1785;0,49;1;0,0;0;1;3;0;0
7;HapticsFixedCC;4;99,3194;4,5575;9,6;-2,358;0,0;0,0;0,0;0,1782;0,43;1;0,0;0;1;3;0;0
7;HapticsFixedCC;4;99,3333;4,5575;9,6;-2,3895;0,0;0,0;0,0;0,1779;0,37;1;0,0;0;1;3;0;0
7;HapticsFixedCC;4;99,3472;4,2946;9,6;-2,4378;0,0;0,0;0,0;0,1775;0,31;1;0,0;0;1;3;0;0
7;HapticsFixedCC;4;99,3611;4,2576;9,6;-2,467;0,0;0,0;0,0;0,1771;0,25;1;0,0;0;1;3;0;0
7;HapticsFixedCC;4;99,375;4,2205;9,6;-2,486;0,0;0,0;0,0;0,1766;0,19;1;0,0;0;1;3;0;0
7;HapticsFixedCC;4;99,3889;4,1835;9,6;-2,5218;0,0;0,0;0,0;0,1761;0,13;1;0,0;0;1;3;0;0
7;HapticsFixedCC;4;99,4028;4,1465;9,6;-2,5438;0,0;0,0;0,0;0,1756;0,06;1;0,0;0;1;3;0;0
7;HapticsFixedCC;4;99,4167;4,1094;9,6;-2,565;0,0;0,0;0,0;0,175;0,0;1;0,0;0;1;3;0;0
7;HapticsFixedCC;4;99,4305;4,1016;9,6;-2,5771;0,0;0,0;0,0;0,1743;-0,06;1;0,0;0;1;3;0;0
7;HapticsFixedCC;4;99,4444;4,1016;9,6;-2,5821;0,0;0,0;0,0;0,1736;-0,13;1;0,0;0;1;3;0;0
7;HapticsFixedCC;4;99,4583;4,1016;9,6;-2,579;0,0;0,0;0,0;0,1729;-0,19;1;0,0;0;1;3;0;0
7;HapticsFixedCC;4;99,4722;4,1016;9,6;-2,5739;0,0;0,0;0,0;0,1721;-0,25;1;0,0;0;1;3;0;0
7;HapticsFixedCC;4;99,4861;4,1016;9,6;-2,5712;0,0;0,0;0,0;0,1713;-0,32;1;0,0;0;1;3;0;0
7;HapticsFixedCC;4;99,5;4,1016;9,6;-2,5705;0,0;0,0;0,0;0,1704;-0,38;1;0,0;0;1;3;0;0
7;HapticsFixedCC;4;99,5139;3,8502;9,6;-2,57;0,0;0,0;0,0;0,1695;-0,44;1;0,0;0;1;3;0;0
7;HapticsFixedCC;4;99,5278;3,8132;9,6;-2,5672;0,0;0,0;0,0;0,1686;-0,51;1;0,0;0;1;3;0;0
7;HapticsFixedCC;4;99,5417;3,7761;9,6;-2,5563;0,0;0,0;0,0;0,1676;-0,57;1;0,0;0;1;4;0;0
7;HapticsFixedCC;4;99,5555;3,7391;9,6;-2,5295;0,0;0,0;0,0;0,1666;-0,63;1;0,0;0;1;4;0;0
7;HapticsFixedCC;4;99,5694;3,7021;9,6;-2,4834;0,0;0,0;0,0;0,1655;-0,69;1;0,0;0;1;4;0;0
7;HapticsFixedCC;4;99,5833;3,665;9,6;-2,4046;0,0;0,0;0,0;0,1645;-0,75;1;0,0;0;1;4;0;0
7;HapticsFixedCC;4;99,5972;3,6453;9,6;-2,3326;0,0;0,0;0,0;0,1634;-0,81;1;0,0;0;1;4;0;0
7;HapticsFixedCC;4;99,6111;3,6453;9,6;-2,2541;0,0;0,0;0,0;0,1623;-0,86;1;0,0;0;1;4;0;0
7;HapticsFixedCC;4;99,625;3,6453;9,6;-2,1678;0,0;0,0;0,0;0,1612;-0,92;1;0,0;0;1;4;0;0
7;HapticsFixedCC;4;99,6389;3,6453;9,5;-2,0522;0,0;0,0;0,0;0,16;-0,97;1;0,0;0;1;4;0;0
7;HapticsFixedCC;4;99,6528;3,6453;9,5;-1,9176;0,0;0,0;0,0;0,1589;-1,01;1;0,0;0;1;4;0;0
7;HapticsFixedCC;4;99,6667;3,6453;9,5;-1,8028;0,0;0,0;0,0;0,1578;-1,06;1;0,0;0;1;4;0;0
7;HapticsFixedCC;4;99,6805;3,407;9,5;-1,6959;0,0;0,0;0,0;0,1567;-1,1;1;0,0;0;1;4;0;0
7;HapticsFixedCC;4;99,6944;3,3704;9,5;-1,6078;0,0;0,0;0,0;0,1556;-1,14;1;0,0;0;1;4;0;0
7;HapticsFixedCC;4;99,7083;3,3338;9,5;-1,4615;0,0;0,0;0,0;0,1545;-1,17;1;0,0;0;1;4;0;0
7;HapticsFixedCC;4;99,7222;3,2971;9,5;-1,3724;0,0;0,0;0,0;0,1534;-1,21;1;0,0;0;1;4;0;0
7;HapticsFixedCC;4;99,7361;3,2605;9,5;-1,2985;0,0;0,0;0,0;0,1523;-1,24;1;0,0;0;1;4;0;0
7;HapticsFixedCC;4;99,75;3,2239;9,5;-1,2487;0,0;0,0;0,0;0,1512;-1,27;1;0,0;0;1;4;0;0
7;HapticsFixedCC;4;99,7639;3,1893;9,5;-1,1901;0,0;0,0;0,0;0,1501;-1,3;1;0,0;0;1;4;0;0
7;HapticsFixedCC;4;99,7778;3,1893;9,5;-1,1255;0,0;0,0;0,0;0,149;-1,32;1;0,0;0;1;4;0;0
7;HapticsFixedCC;4;99,7917;3,1893;9,5;-1,0543;0,0;0,0;0,0;0,1479;-1,35;1;0,0;0;1;4;0;0
7;HapticsFixedCC;4;99,8055;3,1893;9,5;-1,0021;0,0;0,0;0,0;0,1467;-1,37;1;0,0;0;1;4;0;0
7;HapticsFixedCC;4;99,8194;3,1893;9,5;-0,9577;0,0;0,0;0,0;0,1456;-1,4;1;0,0;0;1;4;0;0
7;HapticsFixedCC;4;99,8333;3,1893;9,5;-0,9017;0,0;0,0;0,0;0,1445;-1,42;1;0,0;0;1;4;0;0
7;HapticsFixedCC;4;99,8472;3,1893;9,5;-0,8432;0,0;0,0;0,0;0,1434;-1,44;1;0,0;0;1;4;0;0
7;HapticsFixedCC;4;99,8611;2,9308;9,5;-0,7996;0,0;0,0;0,0;0,1423;-1,46;1;0,0;0;1;4;0;0
7;HapticsFixedCC;4;99,875;2,8941;9,5;-0,7495;0,0;0,0;0,0;0,1413;-1,47;1;0,0;0;1;4;0;0
7;HapticsFixedCC;4;99,8889;2,8575;9,5;-0,6969;0,0;0,0;0,0;0,1402;-1,49;1;0,0;0;1;4;0;0
7;HapticsFixedCC;4;99,9028;2,8209;9,5;-0,6615;0,0;0,0;0,0;0,1391;-1,51;1;0,0;0;1;4;0;0
7;HapticsFixedCC;4;99,9167;2,7842;9,5;-0,6261;0,0;0,0;0,0;0,138;-1,52;1;0,0;0;1;4;0;0
7;HapticsFixedCC;4;99,9305;2,7476;9,5;-0,5959;0,0;0,0;0,0;0,1369;-1,53;1;0,0;0;1;4;0;0
7;HapticsFixedCC;4;99,9444;2,733;9,5;-0,5672;0,0;0,0;0,0;0,1357;-1,55;1;0,0;0;1;4;0;0
7;HapticsFixedCC;4;99,9583;2,733;9,5;-0,5247;0,0;0,0;0,0;0,1347;-1,56;1;0,0;0;1;4;0;0
7;HapticsFixedCC;4;99,9722;2,733;9,5;-0,4786;0,0;0,0;0,0;0,1335;-1,57;1;0,0;0;1;4;0;0
7;HapticsFixedCC;4;99,9861;2,733;9,5;-0,4294;0,0;0,0;0,0;0,1324;-1,58;1;0,0;0;1;4;0;0
7;HapticsFixedCC;4;100,0;2,733;9,5;-0,3581;0,0;0,0;0,0;0,1313;-1,59;1;0,0;0;1;4;0;0
7;HapticsFixedCC;4;100,0139;2,733;9,5;-0,2701;0,0;0,0;0,0;0,1302;-1,6;1;0,0;0;1;4;0;0
7;HapticsFixedCC;4;100,0278;2,4912;9,5;-0,1991;0,0;0,0;0,0;0,1291;-1,6;1;0,0;0;1;4;0;0
7;HapticsFixedCC;4;100,0417;2,4545;9,5;-0,1147;0,0;0,0;0,0;0,1281;-1,6;1;0,0;0;1;4;0;0
7;HapticsFixedCC;4;100,0555;2,4179;9,5;-0,0235;0,0;0,0;0,0;0,127;-1,6;1;0,0;0;1;4;0;0
7;HapticsFixedCC;4;100,0694;2,3813;9,5;0,0732;0,0;0,0;0,0;0,126;-1,6;1;0,0;0;1;4;0;0
7;HapticsFixedCC;4;100,0833;2,3446;9,5;0,1565;0,0;0,0;0,0;0,125;-1,6;1;0,0;0;1;4;0;0
7;HapticsFixedCC;4;100,0972;2,308;9,5;0,2345;0,0;0,0;0,0;0,124;-1,59;1;0,0;0;1;4;0;0
7;HapticsFixedCC;4;100,1111;2,2775;9,5;0,2876;0,0;0,0;0,0;0,1231;-1,58;1;0,0;0;1;4;0;0
7;HapticsFixedCC;4;100,125;2,2775;9,5;0,3442;0,0;0,0;0,0;0,1221;-1,57;1;0,0;0;1;4;0;0
7;HapticsFixedCC;4;100,1389;2,2775;9,5;0,4048;0,0;0,0;0,0;0,1212;-1,56;1;0,0;0;1;4;0;0
7;HapticsFixedCC;4;100,1528;2,2775;10,0;0,4816;0,0;0,0;0,0;0,1203;-1,55;1;0,0;0;1;4;0;0
7;HapticsFixedCC;4;100,1667;2,2775;10,0;0,5162;0,0;0,0;0,0;0,1194;-1,54;1;0,0;0;1;4;0;0
7;HapticsFixedCC;4;100,1805;2,2775;10,0;0,5554;0,0;0,0;0,0;0,1185;-1,53;1;0,0;0;1;4;0;0
7;HapticsFixedCC;4;100,1944;2,0457;10,0;0,5825;0,0;0,0;0,0;0,1176;-1,51;1;0,0;0;1;4;0;0
7;HapticsFixedCC;4;100,2083;2,0071;10,0;0,6008;0,0;0,0;0,0;0,1167;-1,5;1;0,0;0;1;4;0;0
7;HapticsFixedCC;4;100,2222;1,9686;10,0;0,6081;0,0;0,0;0,0;0,1159;-1,48;1;0,0;0;1;4;0;0
7;HapticsFixedCC;4;100,2361;1,93;10,0;0,6095;0,0;0,0;0,0;0,1151;-1,46;1;0,0;0;1;4;0;0
7;HapticsFixedCC;4;100,25;1,8914;10,0;0,6062;0,0;0,0;0,0;0,1142;-1,45;1;0,0;0;1;4;0;0
7;HapticsFixedCC;4;100,2639;1,8529;10,0;0,5961;0,0;0,0;0,0;0,1134;-1,43;1;0,0;0;1;4;0;0
7;HapticsFixedCC;4;100,2778;1,8212;10,0;0,5869;0,0;0,0;0,0;0,1126;-1,42;1;0,0;0;1;4;0;0
7;HapticsFixedCC;4;100,2917;1,8212;10,0;0,5774;0,0;0,0;0,0;0,1118;-1,4;1;0,0;0;1;4;0;0
7;HapticsFixedCC;4;100,3055;1,8212;10,0;0,5672;0,0;0,0;0,0;0,111;-1,39;1;0,0;0;1;4;0;0
7;HapticsFixedCC;4;100,3194;1,8212;10,0;0,5616;0,0;0,0;0,0;0,1102;-1,37;1;0,0;0;1;4;0;0
7;HapticsFixedCC;4;100,3333;1,8212;10,0;0,5611;0,0;0,0;0,0;0,1094;-1,36;1;0,0;0;1;4;0;0
7;HapticsFixedCC;4;100,3472;1,8212;10,0;0,5711;0,0;0,0;0,0;0,1087;-1,35;1;0,0;0;1;4;0;0
7;HapticsFixedCC;4;100,3611;1,5829;10,0;0,5838;0,0;0,0;0,0;0,1079;-1,33;1;0,0;0;1;4;0;0
7;HapticsFixedCC;4;100,375;1,5443;10,0;0,6337;0,0;0,0;0,0;0,1072;-1,31;1;0,0;0;1;4;0;0
7;HapticsFixedCC;4;100,3889;1,5057;9,9;0,6822;0,0;0,0;0,0;0,1065;-1,3;1;0,0;0;1;4;0;0
7;HapticsFixedCC;4;100,4028;1,4675;9,9;0,7417;0,0;0,0;0,0;0,1058;-1,28;1;0,0;0;1;4;0;0
7;HapticsFixedCC;4;100,4167;1,4294;9,9;0,8126;0,0;0,0;0,0;0,1052;-1,26;1;0,0;0;1;4;0;0
7;HapticsFixedCC;4;100,4305;1,3912;9,9;0,9101;0,0;0,0;0,0;0,1046;-1,23;1;0,0;0;1;4;0;0
7;HapticsFixedCC;4;100,4444;1,3648;9,9;1,0391;0,0;0,0;0,0;0,1041;-1,21;1;0,0;0;1;4;0;0
7;HapticsFixedCC;4;100,4583;1,3648;9,9;1,1577;0,0;0,0;0,0;0,1036;-1,18;1;0,0;0;1;4;0;0
7;HapticsFixedCC;4;100,4722;1,3648;9,9;1,301;0,0;0,0;0,0;0,1031;-1,14;1;0,0;0;1;4;0;0
7;HapticsFixedCC;4;100,4861;1,3648;9,9;1,3296;0,0;0,0;0,0;0,1028;-1,11;1;0,0;0;1;4;0;0
7;HapticsFixedCC;4;100,5;1,3648;9,9;1,5508;0,0;0,0;0,0;0,1024;-1,07;1;0,0;0;1;4;0;0
7;HapticsFixedCC;4;100,5139;1,3648;9,9;1,6754;0,0;0,0;0,0;0,1022;-1,02;1;0,0;0;1;4;0;0
7;HapticsFixedCC;4;100,5278;1,1238;9,9;1,7705;0,0;0,0;0,0;0,102;-0,98;1;0,0001;0;1;4;0;0
7;HapticsFixedCC;4;100,5417;1,0856;9,9;1,8357;0,0;0,0;0,0;0,1018;-0,93;1;0,0001;0;1;5;0;0
7;HapticsFixedCC;4;100,5555;1,0474;9,9;1,8975;0,0;0,0;0,0;0,1017;-0,88;1;0,0001;0;1;5;0;0
7;HapticsFixedCC;4;100,5694;1,0092;9,9;1,9173;0,0;0,0;0,0;0,1016;-0,83;1;0,0001;0;1;5;0;0
7;HapticsFixedCC;4;100,5833;0,971;9,9;1,9183;0,0;0,0;0,0;0,1016;-0,78;1;0,0001;0;1;5;0;0
7;HapticsFixedCC;4;100,5972;0,9328;9,9;1,9182;0,0;0,0;0,0;0,1016;-0,74;1;0,0001;0;1;5;0;0
7;HapticsFixedCC;4;100,6111;0,9081;9,9;1,9177;0,0;0,0;0,0;0,1016;-0,69;1;0,0001;0;1;5;0;0
7;HapticsFixedCC;4;100,625;0,9081;9,9;1,899;0,0;0,0;0,0;0,1016;-0,64;1;0,0001;0;1;5;0;0
7;HapticsFixedCC;4;100,6389;0,9081;9,9;1,8466;0,0;0,0;0,0;0,1017;-0,59;1;0,0001;0;1;5;0;0
7;HapticsFixedCC;4;100,6528;0,9081;9,9;1,7594;0,0;0,0;0,0;0,1018;-0,55;1;0,0001;0;1;5;0;0
7;HapticsFixedCC;4;100,6667;0,9081;9,9;1,6654;0,0;0,0;0,0;0,1019;-0,5;1;0,0001;0;1;5;0;0
7;HapticsFixedCC;4;100,6805;0,9081;9,9;1,5993;0,0;0,0;0,0;0,102;-0,46;1;0,0001;0;1;5;0;0
7;HapticsFixedCC;4;100,6944;0,6654;9,9;1,5066;0,0;0,0;0,0;0,1021;-0,42;1;0,0001;0;1;5;0;0
7;HapticsFixedCC;4;100,7083;0,6272;9,9;1,4074;0,0;0,0;0,0;0,1022;-0,39;1;0,0001;0;1;5;0;0
7;HapticsFixedCC;4;100,7222;0,5891;9,9;1,2913;0,0;0,0;0,0;0,1023;-0,35;1;0,0001;0;1;5;0;0
7;HapticsFixedCC;4;100,7361;0,5509;9,9;1,1753;0,0;0,0;0,0;0,1024;-0,32;1;0,0002;0;1;5;0;0
7;HapticsFixedCC;4;100,75;0,5127;9,9;1,1106;0,0;0,0;0,0;0,1025;-0,29;1;0,0002;0;1;5;0;0
7;HapticsFixedCC;4;100,7639;0,4745;9,9;1,0071;0,0;0,0;0,0;0,1025;-0,27;1;0,0002;0;1;5;0;0
7;HapticsFixedCC;4;100,7778;0,4514;9,9;0,9549;0,0;0,0;0,0;0,1026;-0,24;1;0,0002;0;1;5;0;0
7;HapticsFixedCC;4;100,7917;0,4514;9,9;0,8611;0,0;0,0;0,0;0,1027;-0,22;1;0,0002;0;1;5;0;0
7;HapticsFixedCC;4;100,8055;0,4514;9,9;0,8423;0,0;0,0;0,0;0,1028;-0,2;1;0,0002;0;1;5;0;0
7;HapticsFixedCC;4;100,8194;0,4514;9,9;0,7886;0,0;0,0;0,0;0,1029;-0,18;1;0,0002;0;1;5;0;0
7;HapticsFixedCC;4;100,8333;0,4514;9,9;0,753;0,0;0,0;0,0;0,103;-0,16;1;0,0002;0;1;5;0;0
7;HapticsFixedCC;4;100,8472;0,4514;9,9;0,7225;0,0;0,0;0,0;0,1031;-0,14;1;0,0002;0;1;5;0;0
7;HapticsFixedCC;4;100,8611;0,2071;9,9;0,6901;0,0;0,0;0,0;0,1032;-0,12;1;0,0001;0;1;5;0;0
7;HapticsFixedCC;4;100,875;0,1689;9,9;0,6606;0,0;0,0;0,0;0,1033;-0,1;1;0,0001;0;1;5;0;0
7;HapticsFixedCC;4;100,8889;0,1307;9,8;0,6216;0,0;0,0;0,0;0,1034;-0,09;1;0,0;0;1;5;0;0
7;HapticsFixedCC;4;100,9028;0,0929;9,8;0,5857;0,0;0,0;0,0;0,1035;-0,07;1;0,0;0;1;5;0;0
7;HapticsFixedCC;4;100,9167;0,0551;9,8;0,5788;0,0;0,0;0,0;0,1037;-0,06;1;0,0;0;1;5;0;0
7;HapticsFixedCC;4;100,9305;0,0173;9,8;0,5337;0,0;0,0;0,0;0,1038;-0,04;1;0,0;0;1;5;0;0
7;HapticsFixedCC;4;100,9444;0,0;9,8;0,4899;0,0;0,0;0,0;0,0;0,0;1;0,0;0;1;5;0;0
7;HapticsFixedCC;4;100,9583;0,0;9,8;0,4603;0,0;0,0;0,0;0,0;0,0;1;0,0;0;1;5;0;0
7;HapticsFixedCC;4;100,9722;0,0;9,8;0,4272;0,0;0,0;0,0;0,0;0,0;1;0,0;0;1;5;0;0
7;HapticsFixedCC;4;100,9861;0,0;9,8;0,4019;0,0;0,0;0,0;0,0;0,0;1;0,0;0;1;5;0;0
7;HapticsFixedCC;4;101,0;0,0;9,8;0,3727;0,0;0,0;0,0;0,0;0,0;1;0,0;0;1;5;0;0
7;HapticsFixedCC;4;101,0139;0,0;9,8;0,3667;0,0;0,0;0,0;0,0;0,0;1;0,0;0;1;5;0;0
7;HapticsFixedCC;4;101,0278;364,2769;9,8;0,3084;0,0;0,0;0,0;0,1045;0,03;1;0,0002;0;1;5;0;0
7;HapticsFixedCC;4;101,0417;364,2391;9,8;0,2735;0,0;0,0;0,0;0,1046;0,03;1;0,0002;0;1;5;0;0
7;HapticsFixedCC;4;101,0555;364,2013;9,8;0,2369;0,0;0,0;0,0;0,1047;0,04;1;0,0002;0;1;5;0;0
7;HapticsFixedCC;4;101,0694;364,1635;9,8;0,2152;0,0;0,0;0,0;0,1048;0,05;1;0,0002;0;1;5;0;0
7;HapticsFixedCC;4;101,0833;364,1257;9,8;0,1874;0,0;0,0;0,0;0,105;0,05;1;0,0003;0;1;5;0;0
7;HapticsFixedCC;4;101,0972;364,0879;9,8;0,1561;0,0;0,0;0,0;0,105;0,06;1;0,0003;0;1;5;0;0
7;HapticsFixedCC;4;101,1111;364,0737;9,8;0,1279;0,0;0,0;0,0;0,1051;0,06;1;0,0003;0;1;5;0;0
7;HapticsFixedCC;4;101,125;364,0737;9,8;0,1223;0,0;0,0;0,0;0,1052;0,07;1;0,0003;0;1;5;0;0
7;HapticsFixedCC;4;101,1389;364,0737;9,8;0,0836;0,0;0,0;0,0;0,1053;0,07;1;0,0003;0;1;5;0;0
7;HapticsFixedCC;4;101,1528;364,0737;9,8;0,0586;0,0;0,0;0,0;0,1054;0,07;1;0,0003;0;1;5;0;0
7;HapticsFixedCC;4;101,1667;364,0737;9,8;0,0279;0,0;0,0;0,0;0,1055;0,07;1;0,0003;0;1;5;0;0
7;HapticsFixedCC;4;101,1805;364,0737;9,8;-0,0089;0,0;0,0;0,0;0,1055;0,07;1;0,0003;0;1;5;0;0
7;HapticsFixedCC;4;101,1944;363,8232;9,8;-0,0476;0,0;0,0;0,0;0,1056;0,07;1;0,0002;0;1;5;0;0
7;HapticsFixedCC;4;101,2083;363,7854;9,8;-0,0956;0,0;0,0;0,0;0,1056;0,07;1;0,0002;0;1;5;0;0
7;HapticsFixedCC;4;101,2222;363,7476;9,8;-0,1608;0,0;0,0;0,0;0,1056;0,07;1;0,0001;0;1;5;0;0
7;HapticsFixedCC;4;101,2361;363,7097;9,8;-0,1736;0,0;0,0;0,0;0,1056;0,06;1;0,0001;0;1;5;0;0
7;HapticsFixedCC;4;101,25;363,6719;9,8;-0,2523;0,0;0,0;0,0;0,1056;0,06;1;0,0001;0;1;5;0;0
7;HapticsFixedCC;4;101,2639;363,6341;9,8;-0,3113;0,0;0,0;0,0;0,1056;0,05;1;0,0001;0;1;5;0;0
7;HapticsFixedCC;4;101,2778;363,6182;9,8;-0,3623;0,0;0,0;0,0;0,1056;0,04;1;0,0001;0;1;5;0;0
7;HapticsFixedCC;4;101,2917;363,6182;9,8;-0,423;0,0;0,0;0,0;0,1055;0,03;1;0,0001;0;1;5;0;0
7;HapticsFixedCC;4;101,3055;363,6182;9,8;-0,467;0,0;0,0;0,0;0,1054;0,02;1;0,0001;0;1;5;0;0
7;HapticsFixedCC;4;101,3194;363,6182;9,8;-0,5373;0,0;0,0;0,0;0,1053;0,0;1;0,0001;0;1;5;0;0
7;HapticsFixedCC;4;101,3333;363,6182;9,8;-0,5513;0,0;0,0;0,0;0,1052;0,0;1;0,0001;0;1;5;0;0
7;HapticsFixedCC;4;101,3472;363,6182;9,8;-0,6414;0,0;0,0;0,0;0,105;-0,02;1;0,0001;0;1;5;0;0
7;HapticsFixedCC;4;101,3611;363,3694;9,8;-0,7016;0,0;0,0;0,0;0,1048;-0,04;1;0,0001;0;1;5;0;0
7;HapticsFixedCC;4;101,375;363,3316;9,8;-0,7592;0,0;0,0;0,0;0,1046;-0,06;1;0,0001;0;1;5;0;0
7;HapticsFixedCC;4;101,3889;363,2938;9,6;-0,8059;0,0;0,0;0,0;0,1044;-0,08;1;0,0001;0;1;5;0;0
7;HapticsFixedCC;4;101,4028;363,2568;9,6;-0,8359;0,0;0,0;0,0;0,1041;-0,1;1;0,0001;0;1;5;0;0
7;HapticsFixedCC;4;101,4167;363,2198;9,6;-0,8573;0,0;0,0;0,0;0,1039;-0,12;1;0,0001;0;1;5;0;0
7;HapticsFixedCC;4;101,4305;363,1827;9,6;-0,8767;0,0;0,0;0,0;0,1036;-0,14;1;0,0001;0;1;5;0;0
7;HapticsFixedCC;4;101,4444;363,1621;9,6;-0,8805;0,0;0,0;0,0;0,1033;-0,16;1;0,0001;0;1;5;0;0
7;HapticsFixedCC;4;101,4583;363,1621;9,6;-0,9118;0,0;0,0;0,0;0,103;-0,18;1;0,0001;0;1;5;0;0
7;HapticsFixedCC;4;101,4722;363,1621;9,6;-0,918;0,0;0,0;0,0;0,1026;-0,21;1;0,0001;0;1;5;0;0
7;HapticsFixedCC;4;101,4861;363,1621;9,6;-0,9186;0,0;0,0;0,0;0,1023;-0,23;1;0,0001;0;1;5;0;0
7;HapticsFixedCC;4;101,5;363,1621;9,6;-0,9059;0,0;0,0;0,0;0,1019;-0,25;1;0,0001;0;1;5;0;0
7;HapticsFixedCC;4;101,5139;363,1621;9,6;-0,892;0,0;0,0;0,0;0,1016;-0,27;1;0,0001;0;1;5;0;0
7;HapticsFixedCC;4;101,5278;362,9235;9,6;-0,8809;0,0;0,0;0,0;0,1012;-0,29;1;0,0001;0;1;5;0;0
7;HapticsFixedCC;4;101,5417;362,8865;9,6;-0,8744;0,0;0,0;0,0;0,1008;-0,31;1;0,0001;0;1;7;0;0
7;HapticsFixedCC;4;101,5555;362,8494;9,6;-0,8733;0,0;0,0;0,0;0,1003;-0,34;1;0,0001;0;1;7;0;0
7;HapticsFixedCC;4;101,5694;362,8124;9,6;-0,8653;0,0;0,0;0,0;0,0999;-0,36;1;0,0001;0;1;7;0;0
7;HapticsFixedCC;4;101,5833;362,7754;9,6;-0,8574;0,0;0,0;0,0;0,0995;-0,38;1;0,0001;0;1;7;0;0
7;HapticsFixedCC;4;101,5972;362,7383;9,6;-0,8577;0,0;0,0;0,0;0,099;-0,4;1;0,0001;0;1;7;0;0
7;HapticsFixedCC;4;101,6111;362,7026;9,6;-0,8594;0,0;0,0;0,0;0,0986;-0,42;1;0,0001;0;1;7;0;0
7;HapticsFixedCC;4;101,625;362,7026;9,6;-0,8632;0,0;0,0;0,0;0,0981;-0,44;1;0,0001;0;1;7;0;0
7;HapticsFixedCC;4;101,6389;362,7026;9,6;-0,8639;0,0;0,0;0,0;0,0976;-0,46;1;0,0001;0;1;7;0;0
7;HapticsFixedCC;4;101,6528;362,7026;9,9;-0,8705;0,0;0,0;0,0;0,0971;-0,48;1;0,0001;0;1;7;0;0
7;HapticsFixedCC;4;101,6667;362,7026;9,9;-0,8713;0,0;0,0;0,0;0,0966;-0,5;1;0,0001;0;1;7;0;0
7;HapticsFixedCC;4;101,6805;362,7026;9,9;-0,8524;0,0;0,0;0,0;0,0961;-0,53;1;0,0001;0;1;7;0;0
7;HapticsFixedCC;4;101,6944;362,4756;9,9;-0,8183;0,0;0,0;0,0;0,0955;-0,55;1;0,0;0;1;7;0;0
7;HapticsFixedCC;4;101,7083;362,4374;9,9;-0,7757;0,0;0,0;0,0;0,095;-0,56;1;0,0;0;1;7;0;0
7;HapticsFixedCC;4;101,7222;362,3993;9,9;-0,7256;0,0;0,0;0,0;0,0944;-0,58;1;0,0;0;1;7;0;0
7;HapticsFixedCC;4;101,7361;362,3611;9,9;-0,6698;0,0;0,0;0,0;0,0939;-0,6;1;0,0;0;1;7;0;0
7;HapticsFixedCC;4;101,75;362,3229;9,9;-0,6233;0,0;0,0;0,0;0,0933;-0,61;1;0,0;0;1;7;0;0
7;HapticsFixedCC;4;101,7639;362,2847;9,9;-0,614;0,0;0,0;0,0;0,0928;-0,63;1;0,0;0;1;7;0;0
7;HapticsFixedCC;4;101,7778;362,2511;9,9;-0,4986;0,0;0,0;0,0;0,0923;-0,64;1;0,0;0;1;7;0;0
7;HapticsFixedCC;4;101,7917;362,2511;9,9;-0,4756;0,0;0,0;0,0;0,0917;-0,65;1;0,0;0;1;7;0;0
7;HapticsFixedCC;4;101,8055;362,2511;9,9;-0,3527;0,0;0,0;0,0;0,0912;-0,66;1;0,0;0;1;7;0;0
7;HapticsFixedCC;4;101,8194;362,2511;9,9;-0,2904;0,0;0,0;0,0;0,0907;-0,67;1;0,0;0;1;7;0;0
7;HapticsFixedCC;4;101,8333;362,2511;9,9;-0,2187;0,0;0,0;0,0;0,0902;-0,67;1;0,0;0;1;7;0;0
7;HapticsFixedCC;4;101,8472;362,2511;9,9;-0,1466;0,0;0,0;0,0;0,0897;-0,68;1;0,0;0;1;7;0;0
7;HapticsFixedCC;4;101,8611;362,0173;9,9;-0,0653;0,0;0,0;0,0;0,0893;-0,68;1;0,0;0;1;7;0;0
7;HapticsFixedCC;4;101,875;361,9791;9,9;-0,0489;0,0;0,0;0,0;0,0888;-0,68;1;0,0;0;1;7;0;0
7;HapticsFixedCC;4;101,8889;361,9409;9,9;0,0296;0,0;0,0;0,0;0,0884;-0,68;1;0,0;0;1;7;0;0
7;HapticsFixedCC;4;101,9028;361,9027;9,9;0,2148;0,0;0,0;0,0;0,0881;-0,67;1;0,0;0;1;7;0;0
7;HapticsFixedCC;4;101,9167;361,8646;9,9;0,3179;0,0;0,0;0,0;0,0877;-0,66;1;0,0;0;1;7;0;0
7;HapticsFixedCC;4;101,9305;361,8264;9,9;0,3973;0,0;0,0;0,0;0,0874;-0,65;1;0,0;0;1;7;0;0
7;HapticsFixedCC;4;101,9444;361,7975;9,9;0,4834;0,0;0,0;0,0;0,0871;-0,64;1;0,0;0;1;7;0;0
7;HapticsFixedCC;4;101,9583;361,7975;9,9;0,5006;0,0;0,0;0,0;0,0868;-0,63;1;0,0;0;1;7;0;0
7;HapticsFixedCC;4;101,9722;361,7975;9,9;0,548;0,0;0,0;0,0;0,0866;-0,61;1;0,0;0;1;7;0;0
7;HapticsFixedCC;4;101,9861;361,7975;9,9;0,6161;0,0;0,0;0,0;0,0863;-0,6;1;0,0;0;1;7;0;0
7;HapticsFixedCC;4;102,0;361,7975;9,9;0,7011;0,0;0,0;0,0;0,0861;-0,58;1;0,0;0;1;7;0;0
7;HapticsFixedCC;4;102,0139;361,7975;9,9;0,7394;0,0;0,0;0,0;0,0859;-0,56;1;0,0;0;1;7;0;0
7;HapticsFixedCC;4;102,0278;361,559;9,9;0,7619;0,0;0,0;0,0;0,0858;-0,54;1;0,0;0;1;7;0;0
7;HapticsFixedCC;4;102,0417;361,5208;9,9;0,7811;0,0;0,0;0,0;0,0857;-0,52;1;0,0;0;1;7;0;0
7;HapticsFixedCC;4;102,0555;361,4826;9,9;0,7934;0,0;0,0;0,0;0,0855;-0,5;1;0,0;0;1;7;0;0
7;HapticsFixedCC;4;102,0694;361,4444;9,9;0,8042;0,0;0,0;0,0;0,0854;-0,48;1;0,0;0;1;7;0;0
7;HapticsFixedCC;4;102,0833;361,4062;9,9;0,8063;0,0;0,0;0,0;0,0854;-0,45;1;0,0;0;1;7;0;0
7;HapticsFixedCC;4;102,0972;361,368;9,9;0,8071;0,0;0,0;0,0;0,0853;-0,43;1;0,0;0;1;7;0;0
7;HapticsFixedCC;4;102,1111;361,3389;9,9;0,8009;0,0;0,0;0,0;0,0852;-0,41;1;0,0;0;1;7;0;0
7;HapticsFixedCC;4;102,125;361,3389;9,9;0,7615;0,0;0,0;0,0;0,0851;-0,39;1;0,0;0;1;7;0;0
7;HapticsFixedCC;4;102,1389;361,3389;9,9;0,7304;0,0;0,0;0,0;0,0851;-0,37;1;0,0;0;1;7;0;0
7;HapticsFixedCC;4;102,1528;361,3389;9,9;0,7021;0,0;0,0;0,0;0,0851;-0,35;1;0,0;0;1;7;0;0
7;HapticsFixedCC;4;102,1667;361,3389;9,9;0,6768;0,0;0,0;0,0;0,085;-0,34;1;0,0;0;1;7;0;0
7;HapticsFixedCC;4;102,1805;361,3389;9,9;0,6551;0,0;0,0;0,0;0,085;-0,32;1;0,0;0;1;7;0;0
7;HapticsFixedCC;4;102,1944;361,1006;9,9;0,6507;0,0;0,0;0,0;0,085;-0,3;1;0,0;0;1;7;0;0
7;HapticsFixedCC;4;102,2083;361,0625;9,9;0,6422;0,0;0,0;0,0;0,0849;-0,29;1;0,0;0;1;7;0;0
7;HapticsFixedCC;4;102,2222;361,0243;9,9;0,6213;0,0;0,0;0,0;0,0849;-0,27;1;0,0;0;1;7;0;0
7;HapticsFixedCC;4;102,2361;360,9861;9,9;0,6118;0,0;0,0;0,0;0,0849;-0,25;1;0,0;0;1;7;0;0
7;HapticsFixedCC;4;102,25;360,9479;9,9;0,6071;0,0;0,0;0,0;0,0849;-0,24;1;0,0;0;1;7;0;0
7;HapticsFixedCC;4;102,2639;360,9097;9,9;0,6066;0,0;0,0;0,0;0,0849;-0,22;1;0,0;0;1;7;0;0
7;HapticsFixedCC;4;102,2778;360,8819;9,9;0,6066;0,0;0,0;0,0;0,0849;-0,21;1;0,0;0;1;7;0;0
7;HapticsFixedCC;4;102,2917;360,8819;9,9;0,6081;0,0;0,0;0,0;0,085;-0,19;1;0,0;0;1;7;0;0
7;HapticsFixedCC;4;102,3055;360,8819;9,9;0,6124;0,0;0,0;0,0;0,085;-0,18;1;0,0;0;1;7;0;0
7;HapticsFixedCC;4;102,3194;360,8819;9,9;0,6155;0,0;0,0;0,0;0,085;-0,16;1;0,0;0;1;7;0;0
7;HapticsFixedCC;4;102,3333;360,8819;9,9;0,6148;0,0;0,0;0,0;0,0851;-0,14;1;0,0;0;1;7;0;0
7;HapticsFixedCC;4;102,3472;360,8819;9,9;0,6132;0,0;0,0;0,0;0,0851;-0,13;1;0,0;0;1;7;0;0
7;HapticsFixedCC;4;102,3611;360,6423;9,9;0,6085;0,0;0,0;0,0;0,0852;-0,11;1;0,0;0;1;7;0;0
7;HapticsFixedCC;4;102,375;360,6042;9,9;0,6026;0,0;0,0;0,0;0,0853;-0,09;1;0,0;0;1;7;0;0
7;HapticsFixedCC;4;102,3889;360,5659;9,9;0,5879;0,0;0,0;0,0;0,0854;-0,08;1;0,0;0;1;7;0;0
7;HapticsFixedCC;4;102,4028;360,5278;9,9;0,585;0,0;0,0;0,0;0,0855;-0,07;1;0,0;0;1;7;0;0
7;HapticsFixedCC;4;102,4167;360,4896;9,9;0,5655;0,0;0,0;0,0;0,0856;-0,05;1;0,0;0;1;7;0;0
7;HapticsFixedCC;4;102,4305;360,4514;9,9;0,5497;0,0;0,0;0,0;0,0857;-0,03;1;0,0;0;1;7;0;0
7;HapticsFixedCC;4;102,4444;360,4285;9,9;0,5003;0,0;0,0;0,0;0,0858;-0,02;1;0,0;0;1;7;0;0
7;HapticsFixedCC;4;102,4583;360,4285;9,9;0,4697;0,0;0,0;0,0;0,0859;0,0;1;0,0;0;1;7;0;0
7;HapticsFixedCC;4;102,4722;360,4285;9,9;0,4348;0,0;0,0;0,0;0,086;0,0;1;0,0;0;1;7;0;0
7;HapticsFixedCC;4;102,4861;360,4285;9,9;0,3981;0,0;0,0;0,0;0,086;0,0;1;0,0;0;1;7;0;0
7;HapticsFixedCC;4;102,5;360,4285;9,9;0,3779;0,0;0,0;0,0;0,0861;0,02;1;0,0;0;1;7;0;0
7;HapticsFixedCC;4;102,5139;360,4285;9,9;0,3739;0,0;0,0;0,0;0,0862;0,03;1;0,0;0;1;7;0;0
7;HapticsFixedCC;4;102,5278;360,184;9,9;0,3497;0,0;0,0;0,0;0,0863;0,04;1;0,0;0;1;7;0;0
7;HapticsFixedCC;4;102,5417;360,1458;9,9;0,3055;0,0;0,0;0,0;0,0864;0,05;1;0,0;0;1;7;0;0
7;HapticsFixedCC;4;102,5555;360,1076;9,9;0,2753;0,0;0,0;0,0;0,0865;0,06;1;0,0;0;1;3;0;0
7;HapticsFixedCC;4;102,5694;360,0695;9,9;0,2589;0,0;0,0;0,0;0,0866;0,07;1;0,0;0;1;3;0;0
7;HapticsFixedCC;4;102,5833;360,0313;9,9;0,2527;0,0;0,0;0,0;0,0867;0,07;1;0,0;0;1;3;0;0
7;HapticsFixedCC;4;102,5972;359,9931;9,9;0,2515;0,0;0,0;0,0;0,0868;0,08;1;0,0;0;1;3;0;0
7;HapticsFixedCC;4;102,6111;359,9693;9,9;0,2491;0,0;0,0;0,0;0,0869;0,09;1;0,0;0;1;3;0;0
7;HapticsFixedCC;4;102,625;359,9693;9,9;0,26;0,0;0,0;0,0;0,0871;0,09;1;0,0;0;1;3;0;0
7;HapticsFixedCC;4;102,6389;359,9693;10,1;0,2712;0,0;0,0;0,0;0,0872;0,1;1;0,0;0;1;3;0;0
7;HapticsFixedCC;4;102,6528;359,9693;10,1;0,2726;0,0;0,0;0,0;0,0873;0,11;1;0,0;0;1;3;0;0
7;HapticsFixedCC;4;102,6667;359,9693;10,1;0,2684;0,0;0,0;0,0;0,0875;0,12;1;0,0;0;1;3;0;0
7;HapticsFixedCC;4;102,6805;359,9693;10,1;0,2489;0,0;0,0;0,0;0,0877;0,12;1;0,0;0;1;3;0;0
7;HapticsFixedCC;4;102,6944;359,7226;10,1;0,2136;0,0;0,0;0,0;0,0878;0,13;1;0,0;0;1;3;0;0
7;HapticsFixedCC;4;102,7083;359,6837;10,1;0,2065;0,0;0,0;0,0;0,088;0,13;1;0,0;0;1;3;0;0
7;HapticsFixedCC;4;102,7222;359,6447;10,1;0,1678;0,0;0,0;0,0;0,0881;0,14;1;0,0;0;1;3;0;0
7;HapticsFixedCC;4;102,7361;359,6057;10,1;0,111;0,0;0,0;0,0;0,0883;0,14;1;0,0;0;1;3;0;0
7;HapticsFixedCC;4;102,75;359,5668;10,1;0,0621;0,0;0,0;0,0;0,0884;0,14;1;0,0;0;1;3;0;0
7;HapticsFixedCC;4;102,7639;359,5278;10,1;-0,0362;0,0;0,0;0,0;0,0885;0,14;1;0,0;0;1;3;0;0
7;HapticsFixedCC;4;102,7778;359,5156;10,1;-0,0914;0,0;0,0;0,0;0,0886;0,14;1;0,0;0;1;3;0;0
7;HapticsFixedCC;4;102,7917;359,5156;10,1;-0,1161;0,0;0,0;0,0;0,0887;0,14;1;0,0;0;1;3;0;0
7;HapticsFixedCC;4;102,8055;359,5156;10,1;-0,1382;0,0;0,0;0,0;0,0887;0,14;1;0,0;0;1;3;0;0
7;HapticsFixedCC;4;102,8194;359,5156;10,1;-0,153;0,0;0,0;0,0;0,0888;0,13;1;0,0;0;1;3;0;0
7;HapticsFixedCC;4;102,8333;359,5156;10,1;-0,1561;0,0;0,0;0,0;0,0888;0,13;1;0,0;0;1;3;0;0
7;HapticsFixedCC;4;102,8472;359,5156;10,1;-0,1731;0,0;0,0;0,0;0,0889;0,13;1;0,0;0;1;3;0;0
7;HapticsFixedCC;4;102,8611;359,2551;10,1;-0,2019;0,0;0,0;0,0;0,0889;0,12;1;0,0;0;1;3;0;0
7;HapticsFixedCC;4;102,875;359,2161;10,1;-0,2076;0,0;0,0;0,0;0,0889;0,12;1;0,0;0;1;3;0;0
7;HapticsFixedCC;4;102,8889;359,1771;10,2;-0,2149;0,0;0,0;0,0;0,0889;0,11;1;0,0;0;1;3;0;0
7;HapticsFixedCC;4;102,9028;359,1378;10,2;-0,2363;0,0;0,0;0,0;0,0889;0,1;1;0,0;0;1;3;0;0
7;HapticsFixedCC;4;102,9167;359,0984;10,2;-0,2486;0,0;0,0;0,0;0,0889;0,1;1;0,0;0;1;3;0;0
7;HapticsFixedCC;4;102,9305;359,0591;10,2;-0,2601;0,0;0,0;0,0;0,0889;0,09;1;0,0;0;1;3;0;0
7;HapticsFixedCC;4;102,9444;359,0589;10,2;-0,2651;0,0;0,0;0,0;0,0889;0,08;1;0,0;0;1;3;0;0
7;HapticsFixedCC;4;102,9583;359,0589;10,2;-0,2666;0,0;0,0;0,0;0,0888;0,08;1;0,0;0;1;3;0;0
7;HapticsFixedCC;4;102,9722;359,0589;10,2;-0,2626;0,0;0,0;0,0;0,0888;0,07;1;0,0;0;1;3;0;0
7;HapticsFixedCC;4;102,9861;359,0589;10,2;-0,2523;0,0;0,0;0,0;0,0888;0,06;1;0,0;0;1;3;0;0
7;HapticsFixedCC;4;103,0;359,0589;10,2;-0,2405;0,0;0,0;0,0;0,0887;0,06;1;0,0;0;1;3;0;0
7;HapticsFixedCC;4;103,0139;358,823;10,2;-0,2287;0,0;0,0;0,0;0,0887;0,05;1;0,0;0;1;3;0;0
7;HapticsFixedCC;4;103,0278;358,7836;10,2;-0,2263;0,0;0,0;0,0;0,0887;0,04;1;0,0;0;1;3;0;0
7;HapticsFixedCC;4;103,0417;358,7443;10,2;-0,2159;0,0;0,0;0,0;0,0886;0,04;1;0,0;0;1;3;0;0
7;HapticsFixedCC;4;103,0555;358,7049;10,2;-0,2048;0,0;0,0;0,0;0,0886;0,03;1;0,0;0;1;3;0;0
7;HapticsFixedCC;4;103,0694;358,6656;10,2;-0,1935;0,0;0,0;0,0;0,0886;0,03;1;0,0;0;1;3;0;0
7;HapticsFixedCC;4;103,0833;358,6262;10,2;-0,1637;0,0;0,0;0,0;0,0885;0,02;1;0,0;0;1;3;0;0
7;HapticsFixedCC;4;103,0972;358,6026;10,2;-0,1424;0,0;0,0;0,0;0,0885;0,02;1;0,0;0;1;3;0;0
7;HapticsFixedCC;4;103,1111;358,6026;10,2;-0,1231;0,0;0,0;0,0;0,0885;0,0;1;0,0;0;1;3;0;0
7;HapticsFixedCC;4;103,125;358,6026;10,2;-0,1058;0,0;0,0;0,0;0,0885;0,0;1;0,0;0;1;3;0;0
7;HapticsFixedCC;4;103,1389;358,6026;10,2;-0,1024;0,0;0,0;0,0;0,0885;0,0;1;0,0;0;1;3;0;0
7;HapticsFixedCC;4;103,1528;358,6026;10,2;-0,0918;0,0;0,0;0,0;0,0884;0,0;1;0,0;0;1;3;0;0
7;HapticsFixedCC;4;103,1667;358,6026;10,2;-0,0835;0,0;0,0;0,0;0,0884;0,0;1;0,0;0;1;3;0;0
7;HapticsFixedCC;4;103,1805;358,3507;10,2;-0,1021;0,0;0,0;0,0;0,0884;0,0;1;0,0;0;1;3;0;0
7;HapticsFixedCC;4;103,1944;358,3114;10,2;-0,1403;0,0;0,0;0,0;0,0884;0,0;1;0,0;0;1;3;0;0
7;HapticsFixedCC;4;103,2083;358,272;10,2;-0,1833;0,0;0,0;0,0;0,0883;0,0;1;0,0;0;1;3;0;0
7;HapticsFixedCC;4;103,2222;358,2327;10,2;-0,1918;0,0;0,0;0,0;0,0883;0,0;1;0,0;0;1;3;0;0
7;HapticsFixedCC;4;103,2361;358,1933;10,2;-0,222;0,0;0,0;0,0;0,0883;0,0;1;0,0;0;1;3;0;0
7;HapticsFixedCC;4;103,25;358,154;10,2;-0,2604;0,0;0,0;0,0;0,0882;-0,02;1;0,0;0;1;3;0;0
7;HapticsFixedCC;4;103,2639;358,1472;10,2;-0,2842;0,0;0,0;0,0;0,0881;-0,03;1;0,0;0;1;3;0;0
7;HapticsFixedCC;4;103,2778;358,1472;10,2;-0,3468;0,0;0,0;0,0;0,088;-0,03;1;0,0;0;1;3;0;0
7;HapticsFixedCC;4;103,2917;358,1472;10,2;-0,3917;0,0;0,0;0,0;0,0879;-0,04;1;0,0;0;1;3;0;0
7;HapticsFixedCC;4;103,3055;358,1472;10,2;-0,4301;0,0;0,0;0,0;0,0878;-0,06;1;0,0;0;1;3;0;0
7;HapticsFixedCC;4;103,3194;358,1472;10,2;-0,4379;0,0;0,0;0,0;0,0876;-0,07;1;0,0;0;1;3;0;0
7;HapticsFixedCC;4;103,3333;357,9178;10,2;-0,4727;0,0;0,0;0,0;0,0875;-0,08;1;0,0;0;1;3;0;0
7;HapticsFixedCC;4;103,3472;357,8785;10,2;-0,5172;0,0;0,0;0,0;0,0873;-0,09;1;0,0;0;1;3;0;0
7;HapticsFixedCC;4;103,3611;357,8391;10,2;-0,5598;0,0;0,0;0,0;0,0871;-0,11;1;0,0;0;1;3;0;0
7;HapticsFixedCC;4;103,375;357,7998;10,2;-0,6112;0,0;0,0;0,0;0,0869;-0,12;1;0,0;0;1;3;0;0
7;HapticsFixedCC;4;103,3889;357,7604;10,6;-0,6613;0,0;0,0;0,0;0,0867;-0,14;1;0,0;0;1;3;0;0
7;HapticsFixedCC;4;103,4028;357,7195;10,6;-0,7024;0,0;0,0;0,0;0,0864;-0,16;1;0,0;0;1;3;0;0
7;HapticsFixedCC;4;103,4167;357,6902;10,6;-0,7463;0,0;0,0;0,0;0,0861;-0,18;1;0,0;0;1;3;0;0
7;HapticsFixedCC;4;103,4305;357,6902;10,6;-0,7903;0,0;0,0;0,0;0,0857;-0,2;1;0,0;0;1;3;0;0
7;HapticsFixedCC;4;103,4444;357,6902;10,6;-0,8204;0,0;0,0;0,0;0,0854;-0,22;1;0,0;0;1;3;0;0
7;HapticsFixedCC;4;103,4583;357,6902;10,6;-0,8425;0,0;0,0;0,0;0,085;-0,24;1;0,0;0;1;3;0;0
7;HapticsFixedCC;4;103,4722;357,6902;10,6;-0,8666;0,0;0,0;0,0;0,0846;-0,27;1;0,0;0;1;3;0;0
7;HapticsFixedCC;4;103,4861;357,6902;10,6;-0,8804;0,0;0,0;0,0;0,0842;-0,29;1;0,0;0;1;3;0;0
7;HapticsFixedCC;4;103,5;357,4333;10,6;-0,8899;0,0;0,0;0,0;0,0838;-0,31;1;0,0;0;1;3;0;0
7;HapticsFixedCC;4;103,5139;357,3924;10,6;-0,8982;0,0;0,0;0,0;0,0833;-0,34;1;0,0;0;1;3;0;0
7;HapticsFixedCC;4;103,5278;357,3515;10,6;-0,9008;0,0;0,0;0,0;0,0828;-0,36;1;0,0;0;1;3;0;0
7;HapticsFixedCC;4;103,5417;357,3106;10,6;-0,8994;0,0;0,0;0,0;0,0823;-0,39;1;0,0;0;1;3;0;0
7;HapticsFixedCC;4;103,5555;357,2697;10,6;-0,8955;0,0;0,0;0,0;0,0818;-0,41;1;0,0;0;1;3;0;0
7;HapticsFixedCC;4;103,5694;357,235;10,6;-0,8916;0,0;0,0;0,0;0,0812;-0,44;1;0,0;0;1;9;0;0
7;HapticsFixedCC;4;103,5833;357,235;10,6;-0,884;0,0;0,0;0,0;0,0807;-0,46;1;0,0;0;1;9;0;0
7;HapticsFixedCC;4;103,5972;357,235;10,6;-0,8704;0,0;0,0;0,0;0,0802;-0,48;1;0,0;0;1;9;0;0
7;HapticsFixedCC;4;103,6111;357,235;10,6;-0,8485;0,0;0,0;0,0;0,0796;-0,5;1;0,0;0;1;9;0;0
7;HapticsFixedCC;4;103,625;357,235;10,6;-0,8184;0,0;0,0;0,0;0,079;-0,53;1;0,0;0;1;9;0;0
7;HapticsFixedCC;4;103,6389;357,235;10,6;-0,7818;0,0;0,0;0,0;0,0785;-0,55;1;0,0;0;1;9;0;0
7;HapticsFixedCC;4;103,6528;356,9835;10,6;-0,7563;0,0;0,0;0,0;0,0779;-0,57;1;0,0;0;1;9;0;0
7;HapticsFixedCC;4;103,6667;356,9426;10,6;-0,7157;0,0;0,0;0,0;0,0773;-0,59;1;0,0;0;1;9;0;0
7;HapticsFixedCC;4;103,6805;356,9017;10,6;-0,6882;0,0;0,0;0,0;0,0767;-0,6;1;0,0;0;1;9;0;0
7;HapticsFixedCC;4;103,6944;356,8608;10,6;-0,6684;0,0;0,0;0,0;0,0761;-0,62;1;0,0;0;1;9;0;0
7;HapticsFixedCC;4;103,7083;356,8199;10,6;-0,6463;0,0;0,0;0,0;0,0755;-0,64;1;0,0;0;1;9;0;0
7;HapticsFixedCC;4;103,7222;356,7791;10,6;-0,6259;0,0;0,0;0,0;0,0749;-0,66;1;0,0;0;1;9;0;0
7;HapticsFixedCC;4;103,7361;356,7784;10,6;-0,6107;0,0;0,0;0,0;0,0743;-0,67;1;0,0;0;1;9;0;0
7;HapticsFixedCC;4;103,75;356,7784;10,6;-0,5865;0,0;0,0;0,0;0,0737;-0,69;1;0,0;0;1;9;0;0
7;HapticsFixedCC;4;103,7639;356,7784;10,6;-0,5734;0,0;0,0;0,0;0,073;-0,7;1;0,0;0;1;9;0;0
7;HapticsFixedCC;4;103,7778;356,7784;10,6;-0,5661;0,0;0,0;0,0;0,0724;-0,72;1;0,0;0;1;9;0;0
7;HapticsFixedCC;4;103,7917;356,7784;10,6;-0,5642;0,0;0,0;0,0;0,0717;-0,73;1;0,0;0;1;9;0;0
7;HapticsFixedCC;4;103,8055;356,5337;10,6;-0,5777;0,0;0,0;0,0;0,0711;-0,75;1;0,0;0;1;9;0;0
7;HapticsFixedCC;4;103,8194;356,4928;10,6;-0,6;0,0;0,0;0,0;0,0704;-0,76;1;0,0;0;1;9;0;0
7;HapticsFixedCC;4;103,8333;356,4519;10,6;-0,6321;0,0;0,0;0,0;0,0697;-0,78;1;0,0;0;1;9;0;0
7;HapticsFixedCC;4;103,8472;356,411;10,6;-0,686;0,0;0,0;0,0;0,069;-0,8;1;0,0;0;1;9;0;0
7;HapticsFixedCC;4;103,8611;356,3701;10,6;-0,7326;0,0;0,0;0,0;0,0682;-0,82;1;0,0;0;1;9;0;0
7;HapticsFixedCC;4;103,875;356,3293;10,6;-0,7693;0,0;0,0;0,0;0,0674;-0,84;1;0,0;0;1;9;0;0
7;HapticsFixedCC;4;103,8889;356,3227;10,2;-0,8045;0,0;0,0;0,0;0,0666;-0,86;1;0,0;0;1;9;0;0
7;HapticsFixedCC;4;103,9028;356,3227;10,2;-0,8369;0,0;0,0;0,0;0,0658;-0,88;1;0,0;0;1;9;0;0
7;HapticsFixedCC;4;103,9167;356,3227;10,2;-0,8661;0,0;0,0;0,0;0,065;-0,9;1;0,0;0;1;9;0;0
7;HapticsFixedCC;4;103,9305;356,3227;10,2;-0,9017;0,0;0,0;0,0;0,0641;-0,93;1;0,0;0;1;9;0;0
7;HapticsFixedCC;4;103,9444;356,3227;10,2;-0,9292;0,0;0,0;0,0;0,0633;-0,95;1;0,0;0;1;9;0;0
7;HapticsFixedCC;4;103,9583;356,0916;10,2;-0,9471;0,0;0,0;0,0;0,0624;-0,97;1;0,0;0;1;9;0;0
7;HapticsFixedCC;4;103,9722;356,0523;10,2;-0,9607;0,0;0,0;0,0;0,0614;-1,0;1;0,0;0;1;9;0;0
7;HapticsFixedCC;4;103,9861;356,013;10,2;-0,9689;0,0;0,0;0,0;0,0605;-1,02;1;0,0;0;1;9;0;0
7;HapticsFixedCC;4;104,0;355,9736;10,2;-0,9714;0,0;0,0;0,0;0,0595;-1,05;1;0,0;0;1;9;0;0
7;HapticsFixedCC;4;104,0139;355,9343;10,2;-0,9687;0,0;0,0;0,0;0,0586;-1,07;1;0,0;0;1;9;0;0
7;HapticsFixedCC;4;104,0278;355,895;10,2;-0,9635;0,0;0,0;0,0;0,0576;-1,1;1;0,0;0;1;9;0;0
7;HapticsFixedCC;4;104,0417;355,8668;10,2;-0,959;0,0;0,0;0,0;0,0566;-1,12;1;0,0;0;1;9;0;0
7;HapticsFixedCC;4;104,0555;355,8668;10,2;-0,9571;0,0;0,0;0,0;0,0556;-1,15;1;0,0;0;1;9;0;0
7;HapticsFixedCC;4;104,0694;355,8668;10,2;-0,9596;0,0;0,0;0,0;0,0546;-1,17;1;0,0;0;1;9;0;0
7;HapticsFixedCC;4;104,0833;355,8668;10,2;-0,9626;0,0;0,0;0,0;0,0535;-1,2;1;0,0;0;1;9;0;0
7;HapticsFixedCC;4;104,0972;355,8668;10,2;-0,9653;0,0;0,0;0,0;0,0524;-1,22;1;0,0;0;1;9;0;0
7;HapticsFixedCC;4;104,1111;355,8668;10,2;-0,9648;0,0;0,0;0,0;0,0514;-1,25;1;0,0;0;1;9;0;0
7;HapticsFixedCC;4;104,125;355,6196;10,2;-0,9562;0,0;0,0;0,0;0,0503;-1,27;1;0,0;0;1;9;0;0
7;HapticsFixedCC;4;104,1389;355,5802;10,2;-0,9362;0,0;0,0;0,0;0,0492;-1,3;1;0,0;0;1;9;0;0
7;HapticsFixedCC;4;104,1528;355,5409;10,2;-0,9106;0,0;0,0;0,0;0,048;-1,32;1;0,0;0;1;9;0;0
7;HapticsFixedCC;4;104,1667;355,5016;10,2;-0,8738;0,0;0,0;0,0;0,0469;-1,34;1;0,0;0;1;9;0;0
7;HapticsFixedCC;4;104,1805;355,4622;10,2;-0,8067;0,0;0,0;0,0;0,0458;-1,36;1;0,0;0;1;9;0;0
7;HapticsFixedCC;4;104,1944;355,4229;10,2;-0,7671;0,0;0,0;0,0;0,0447;-1,38;1;0,0;0;1;9;0;0
7;HapticsFixedCC;4;104,2083;355,4105;10,2;-0,7185;0,0;0,0;0,0;0,0435;-1,4;1;0,0;0;1;9;0;0
7;HapticsFixedCC;4;104,2222;355,4105;10,2;-0,6781;0,0;0,0;0,0;0,0424;-1,42;1;0,0;0;1;9;0;0
7;HapticsFixedCC;4;104,2361;355,4105;10,2;-0,6286;0,0;0,0;0,0;0,0413;-1,43;1;0,0;0;1;9;0;0
7;HapticsFixedCC;4;104,25;355,4105;10,2;-0,5742;0,0;0,0;0,0;0,0401;-1,45;1;0,0;0;1;9;0;0
7;HapticsFixedCC;4;104,2639;355,4105;10,2;-0,52;0,0;0,0;0,0;0,039;-1,46;1;0,0;0;1;9;0;0
7;HapticsFixedCC;4;104,2778;355,4105;10,2;-0,4728;0,0;0,0;0,0;0,0379;-1,47;1;0,0;0;1;9;0;0
7;HapticsFixedCC;4;104,2917;355,1476;10,2;-0,4413;0,0;0,0;0,0;0,0368;-1,49;1;0,0;0;1;9;0;0
7;HapticsFixedCC;4;104,3055;355,1082;10,2;-0,41;0,0;0,0;0,0;0,0357;-1,5;1;0,0;0;1;9;0;0
7;HapticsFixedCC;4;104,3194;355,0688;10,2;-0,381;0,0;0,0;0,0;0,0345;-1,51;1;0,0;0;1;9;0;0
7;HapticsFixedCC;4;104,3333;355,0295;10,2;-0,3624;0,0;0,0;0,0;0,0334;-1,51;1;0,0;0;1;9;0;0
7;HapticsFixedCC;4;104,3472;354,9902;10,2;-0,3513;0,0;0,0;0,0;0,0323;-1,52;1;0,0;0;1;9;0;0
7;HapticsFixedCC;4;104,3611;354,9547;10,2;-0,3433;0,0;0,0;0,0;0,0312;-1,53;1;0,0;0;1;9;0;0
7;HapticsFixedCC;4;104,375;354,9547;10,2;-0,3362;0,0;0,0;0,0;0,0301;-1,54;1;0,0;0;1;9;0;0
7;HapticsFixedCC;4;104,3889;354,9547;10,1;-0,3275;0,0;0,0;0,0;0,0289;-1,55;1;0,0;0;1;9;0;0
7;HapticsFixedCC;4;104,4028;354,9547;10,1;-0,3239;0,0;0,0;0,0;0,0278;-1,56;1;0,0;0;1;9;0;0
7;HapticsFixedCC;4;104,4167;354,9547;10,1;-0,3264;0,0;0,0;0,0;0,0267;-1,56;1;0,0;0;1;9;0;0
7;HapticsFixedCC;4;104,4305;354,9547;10,1;-0,328;0,0;0,0;0,0;0,0256;-1,57;1;0,0;0;1;9;0;0
7;HapticsFixedCC;4;104,4444;354,7164;10,1;-0,3294;0,0;0,0;0,0;0,0244;-1,58;1;0,0;0;1;9;0;0
7;HapticsFixedCC;4;104,4583;354,6775;10,1;-0,3292;0,0;0,0;0,0;0,0233;-1,59;1;0,0;0;1;9;0;0
7;HapticsFixedCC;4;104,4722;354,6385;10,1;-0,3214;0,0;0,0;0,0;0,0221;-1,6;1;0,0;0;1;9;0;0
7;HapticsFixedCC;4;104,4861;354,5996;10,1;-0,3111;0,0;0,0;0,0;0,021;-1,6;1;0,0;0;1;9;0;0
7;HapticsFixedCC;4;104,5;354,5606;10,1;-0,2957;0,0;0,0;0,0;0,0198;-1,61;1;0,0;0;1;9;0;0
7;HapticsFixedCC;4;104,5139;354,5217;10,1;-0,273;0,0;0,0;0,0;0,0186;-1,62;1;0,0;0;1;9;0;0
7;HapticsFixedCC;4;104,5278;354,4985;10,1;-0,2542;0,0;0,0;0,0;0,0175;-1,62;1;0,0;0;1;9;0;0
7;HapticsFixedCC;4;104,5417;354,4985;10,1;-0,2283;0,0;0,0;0,0;0,0163;-1,63;1;0,0;0;1;9;0;0
7;HapticsFixedCC;4;104,5555;354,4985;10,1;-0,1931;0,0;0,0;0,0;0,0152;-1,63;1;0,0;0;1;9;0;0
7;HapticsFixedCC;4;104,5694;354,4985;10,1;-0,1636;0,0;0,0;0,0;0,0141;-1,64;1;0,0;0;1;9;0;0
7;HapticsFixedCC;4;104,5833;354,4985;10,1;-0,1139;0,0;0,0;0,0;0,0129;-1,64;1;0,0;0;1;4;0;0
7;HapticsFixedCC;4;104,5972;354,4985;10,1;-0,0502;0,0;0,0;0,0;0,0118;-1,64;1;0,0;0;1;4;0;0
7;HapticsFixedCC;4;104,6111;354,2491;10,1;0,0229;0,0;0,0;0,0;0,0108;-1,64;1;0,0;0;1;4;0;0
7;HapticsFixedCC;4;104,625;354,2101;10,1;0,1293;0,0;0,0;0,0;0,0097;-1,63;1;0,0;0;1;4;0;0
7;HapticsFixedCC;4;104,6389;354,1711;9,8;0,2379;0,0;0,0;0,0;0,0087;-1,63;1;0,0;0;1;4;0;0
7;HapticsFixedCC;4;104,6528;354,1334;9,8;0,3475;0,0;0,0;0,0;0,0077;-1,62;1;0,0;0;1;4;0;0
7;HapticsFixedCC;4;104,6667;354,0956;9,8;0,4385;0,0;0,0;0,0;0,0068;-1,61;1;0,0;0;1;4;0;0
7;HapticsFixedCC;4;104,6805;354,0577;9,8;0,5538;0,0;0,0;0,0;0,0059;-1,59;1;0,0;0;1;4;0;0
7;HapticsFixedCC;4;104,6944;354,0421;9,8;0,6418;0,0;0,0;0,0;0,005;-1,58;1;0,0;0;1;4;0;0
7;HapticsFixedCC;4;104,7083;354,0421;9,8;0,7747;0,0;0,0;0,0;0,0042;-1,56;1;0,0;0;1;4;0;0
7;HapticsFixedCC;4;104,7222;354,0421;9,8;0,8645;0,0;0,0;0,0;0,0034;-1,53;1;0,0;0;1;4;0;0
7;HapticsFixedCC;4;104,7361;354,0421;9,8;0,9556;0,0;0,0;0,0;0,0027;-1,51;1;0,0;0;1;4;0;0
7;HapticsFixedCC;4;104,75;354,0421;9,8;1,0228;0,0;0,0;0,0;0,002;-1,48;1;0,0;0;1;4;0;0
7;HapticsFixedCC;4;104,7639;354,0421;9,8;1,0971;0,0;0,0;0,0;0,0013;-1,45;1;0,0;0;1;4;0;0
7;HapticsFixedCC;4;104,7778;353,7931;9,8;1,1689;0,0;0,0;0,0;0,0006;-1,42;1;0,0;0;1;4;0;0
7;HapticsFixedCC;4;104,7917;353,7553;9,8;1,2336;0,0;0,0;0,0;0,0001;-1,39;1;0,0;0;1;4;0;0
7;HapticsFixedCC;4;104,8055;353,7175;9,8;1,3084;0,0;0,0;0,0;-0,0005;-1,36;1;0,0;0;1;4;0;0
7;HapticsFixedCC;4;104,8194;353,6797;9,8;1,3616;0,0;0,0;0,0;-0,001;-1,32;1;0,0;0;1;4;0;0
7;HapticsFixedCC;4;104,8333;353,6419;9,8;1,4012;0,0;0,0;0,0;-0,0015;-1,29;1;0,0;0;1;4;0;0
7;HapticsFixedCC;4;104,8472;353,6041;9,8;1,429;0,0;0,0;0,0;-0,002;-1,25;1;0,0;0;1;4;0;0
7;HapticsFixedCC;4;104,8611;353,5873;9,8;1,4696;0,0;0,0;0,0;-0,0024;-1,21;1;0,0;0;1;4;0;0
7;HapticsFixedCC;4;104,875;353,5873;9,8;1,4963;0,0;0,0;0,0;-0,0028;-1,18;1;0,0;0;1;4;0;0
7;HapticsFixedCC;4;104,8889;353,5873;9,8;1,5275;0,0;0,0;0,0;-0,0032;-1,14;1;0,0;0;1;4;0;0
7;HapticsFixedCC;4;104,9028;353,5873;9,8;1,5511;0,0;0,0;0,0;-0,0035;-1,1;1;0,0;0;1;4;0;0
7;HapticsFixedCC;4;104,9167;353,5873;9,8;1,5644;0,0;0,0;0,0;-0,0038;-1,06;1;0,0;0;1;4;0;0
7;HapticsFixedCC;4;104,9305;353,5873;9,8;1,5737;0,0;0,0;0,0;-0,0041;-1,02;1;0,0;0;1;4;0;0
7;HapticsFixedCC;4;104,9444;353,3394;9,8;1,5777;0,0;0,0;0,0;-0,0043;-0,98;1;0,0;0;1;4;0;0
7;HapticsFixedCC;4;104,9583;353,3016;9,8;1,5782;0,0;0,0;0,0;-0,0046;-0,94;1;0,0;0;1;4;0;0
7;HapticsFixedCC;4;104,9722;353,2638;9,8;1,5743;0,0;0,0;0,0;-0,0048;-0,9;1;0,0;0;1;4;0;0
7;HapticsFixedCC;4;104,9861;353,226;9,8;1,57;0,0;0,0;0,0;-0,0049;-0,86;1;0,0;0;1;4;0;0
7;HapticsFixedCC;4;105,0;353,1882;9,8;1,566;0,0;0,0;0,0;-0,0051;-0,82;1;0,0;0;1;4;0;0
7;HapticsFixedCC;4;105,0139;353,1504;9,8;1,5654;0,0;0,0;0,0;-0,0052;-0,78;1;0,0;0;1;4;0;0
7;HapticsFixedCC;4;105,0278;353,1293;9,8;1,5661;0,0;0,0;0,0;-0,0053;-0,74;1;0,0;0;1;4;0;0
7;HapticsFixedCC;4;105,0417;353,1293;9,8;1,563;0,0;0,0;0,0;-0,0054;-0,7;1;0,0;0;1;4;0;0
7;HapticsFixedCC;4;105,0555;353,1293;9,8;1,5524;0,0;0,0;0,0;-0,0054;-0,66;1;0,0;0;1;4;0;0
7;HapticsFixedCC;4;105,0694;353,1293;9,8;1,5322;0,0;0,0;0,0;-0,0055;-0,62;1;0,0;0;1;4;0;0
7;HapticsFixedCC;4;105,0833;353,1293;9,8;1,5049;0,0;0,0;0,0;-0,0055;-0,58;1;0,0;0;1;4;0;0
7;HapticsFixedCC;4;105,0972;353,1293;9,8;1,4712;0,0;0,0;0,0;-0,0055;-0,54;1;0,0;0;1;4;0;0
7;HapticsFixedCC;4;105,1111;352,8857;9,8;1,4409;0,0;0,0;0,0;-0,0055;-0,51;1;0,0;0;1;4;0;0
7;HapticsFixedCC;4;105,125;352,8479;9,8;1,4172;0,0;0,0;0,0;-0,0055;-0,47;1;0,0;0;1;4;0;0
7;HapticsFixedCC;4;105,1389;352,8102;9,8;1,3996;0,0;0,0;0,0;-0,0054;-0,43;1;0,0;0;1;4;0;0
7;HapticsFixedCC;4;105,1528;352,7723;10,0;1,3856;0,0;0,0;0,0;-0,0054;-0,4;1;0,0;0;1;4;0;0
7;HapticsFixedCC;4;105,1667;352,7337;10,0;1,3759;0,0;0,0;0,0;-0,0053;-0,36;1;0,0;0;1;4;0;0
7;HapticsFixedCC;4;105,1805;352,6952;10,0;1,3622;0,0;0,0;0,0;-0,0052;-0,33;1;0,0;0;1;4;0;0
7;HapticsFixedCC;4;105,1944;352,6772;10,0;1,3528;0,0;0,0;0,0;-0,005;-0,29;1;0,0;0;1;4;0;0
7;HapticsFixedCC;4;105,2083;352,6772;10,0;1,3505;0,0;0,0;0,0;-0,0049;-0,25;1;0,0;0;1;4;0;0
7;HapticsFixedCC;4;105,2222;352,6772;10,0;1,3586;0,0;0,0;0,0;-0,0047;-0,22;1;0,0;0;1;4;0;0
7;HapticsFixedCC;4;105,2361;352,6772;10,0;1,3784;0,0;0,0;0,0;-0,0045;-0,18;1;0,0;0;1;4;0;0
7;HapticsFixedCC;4;105,25;352,6772;10,0;1,4039;0,0;0,0;0,0;-0,0043;-0,15;1;0,0;0;1;4;0;0
7;HapticsFixedCC;4;105,2639;352,6772;10,0;1,4367;0,0;0,0;0,0;-0,004;-0,11;1;0,0;0;1;4;0;0
7;HapticsFixedCC;4;105,2778;352,4251;10,0;1,4626;0,0;0,0;0,0;-0,0037;-0,07;1;0,0;0;1;4;0;0
7;HapticsFixedCC;4;105,2917;352,3865;10,0;1,4846;0,0;0,0;0,0;-0,0034;-0,03;1;0,0;0;1;4;0;0
7;HapticsFixedCC;4;105,3055;352,3479;10,0;1,4972;0,0;0,0;0,0;-0,003;0,0;1;0,0;0;1;4;0;0
7;HapticsFixedCC;4;105,3194;352,3094;10,0;1,501;0,0;0,0;0,0;-0,0026;0,04;1;0,0;0;1;4;0;0
7;HapticsFixedCC;4;105,3333;352,2708;10,0;1,5032;0,0;0,0;0,0;-0,0022;0,09;1;0,0;0;1;4;0;0
7;HapticsFixedCC;4;105,3472;352,2322;10,0;1,5054;0,0;0,0;0,0;-0,0017;0,13;1;0,0;0;1;4;0;0
7;HapticsFixedCC;4;105,3611;352,2172;10,0;1,51;0,0;0,0;0,0;-0,0012;0,16;1;0,0;0;1;4;0;0
7;HapticsFixedCC;4;105,375;352,2172;10,0;1,5157;0,0;0,0;0,0;-0,0007;0,2;1;0,0;0;1;4;0;0
7;HapticsFixedCC;4;105,3889;352,2172;10,0;1,5168;0,0;0,0;0,0;-0,0002;0,24;1;0,0;0;1;4;0;0
7;HapticsFixedCC;4;105,4028;352,2172;10,0;1,5019;0,0;0,0;0,0;0,0004;0,28;1;0,0;0;1;4;0;0
7;HapticsFixedCC;4;105,4167;352,2172;10,0;1,4646;0,0;0,0;0,0;0,001;0,32;1;0,0;0;1;4;0;0
7;HapticsFixedCC;4;105,4305;352,2172;10,0;1,3704;0,0;0,0;0,0;0,0016;0,36;1;0,0;0;1;4;0;0
7;HapticsFixedCC;4;105,4444;351,9621;10,0;1,259;0,0;0,0;0,0;0,0022;0,39;1;0,0;0;1;4;0;0
7;HapticsFixedCC;4;105,4583;351,9236;10,0;1,1864;0,0;0,0;0,0;0,0028;0,42;1;0,0;0;1;4;0;0
7;HapticsFixedCC;4;105,4722;351,8849;10,0;1,0872;0,0;0,0;0,0;0,0033;0,45;1;0,0;0;1;4;0;0
7;HapticsFixedCC;4;105,4861;351,8464;10,0;0,9712;0,0;0,0;0,0;0,0039;0,47;1;0,0;0;1;4;0;0
7;HapticsFixedCC;4;105,5;351,8078;10,0;0,8013;0,0;0,0;0,0;0,0045;0,5;1;0,0;0;1;4;0;0
7;HapticsFixedCC;4;105,5139;351,7692;10,0;0,6887;0,0;0,0;0,0;0,005;0,51;1;0,0;0;1;4;0;0
7;HapticsFixedCC;4;105,5278;351,7617;10,0;0,5796;0,0;0,0;0,0;0,0055;0,53;1;0,0;0;1;4;0;0
7;HapticsFixedCC;4;105,5417;351,7617;10,0;0,4878;0,0;0,0;0,0;0,006;0,54;1;0,0;0;1;4;0;0
7;HapticsFixedCC;4;105,5555;351,7617;10,0;0,3629;0,0;0,0;0,0;0,0065;0,55;1;0,0;0;1;4;0;0
7;HapticsFixedCC;4;105,5694;351,7617;10,0;0,2;0,0;0,0;0,0;0,0069;0,56;1;0,0;0;1;4;0;0
7;HapticsFixedCC;4;105,5833;351,7617;10,0;0,1039;0,0;0,0;0,0;0,0073;0,56;1;0,0;0;1;3;0;0
7;HapticsFixedCC;4;105,5972;351,7617;10,0;0,0254;0,0;0,0;0,0;0,0077;0,56;1;0,0;0;1;3;0;0
7;HapticsFixedCC;4;105,6111;351,4991;10,0;-0,0349;0,0;0,0;0,0;0,008;0,56;1;0,0;0;1;3;0;0
7;HapticsFixedCC;4;105,625;351,4606;10,0;-0,1101;0,0;0,0;0,0;0,0084;0,56;1;0,0;0;1;3;0;0
7;HapticsFixedCC;4;105,6389;351,422;10,0;-0,1647;0,0;0,0;0,0;0,0087;0,55;1;0,0;0;1;3;0;0
7;HapticsFixedCC;4;105,6528;351,3834;9,7;-0,2009;0,0;0,0;0,0;0,009;0,55;1;0,0;0;1;3;0;0
7;HapticsFixedCC;4;105,6667;351,346;9,7;-0,2232;0,0;0,0;0,0;0,0093;0,54;1;0,0;0;1;3;0;0
7;HapticsFixedCC;4;105,6805;351,3086;9,7;-0,2311;0,0;0,0;0,0;0,0096;0,54;1;0,0;0;1;3;0;0
7;HapticsFixedCC;4;105,6944;351,3086;9,7;-0,2357;0,0;0,0;0,0;0,0098;0,53;1;0,0;0;1;3;0;0
7;HapticsFixedCC;4;105,7083;351,3086;9,7;-0,2329;0,0;0,0;0,0;0,0101;0,53;1;0,0;0;1;3;0;0
7;HapticsFixedCC;4;105,7222;351,3086;9,7;-0,2176;0,0;0,0;0,0;0,0104;0,52;1;0,0;0;1;3;0;0
7;HapticsFixedCC;4;105,7361;351,3086;9,7;-0,1918;0,0;0,0;0,0;0,0107;0,51;1;0,0;0;1;3;0;0
7;HapticsFixedCC;4;105,75;351,3086;9,7;-0,1649;0,0;0,0;0,0;0,0109;0,51;1;0,0;0;1;3;0;0
7;HapticsFixedCC;4;105,7639;351,3086;9,7;-0,1256;0,0;0,0;0,0;0,0112;0,51;1;0,0;0;1;3;0;0
7;HapticsFixedCC;4;105,7778;351,0466;9,7;-0,084;0,0;0,0;0,0;0,0115;0,5;1;0,0;0;1;3;0;0
7;HapticsFixedCC;4;105,7917;351,0092;9,7;-0,0382;0,0;0,0;0,0;0,0119;0,5;1;0,0;0;1;3;0;0
7;HapticsFixedCC;4;105,8055;350,9717;9,7;-0,0039;0,0;0,0;0,0;0,0122;0,5;1;0,0;0;1;3;0;0
7;HapticsFixedCC;4;105,8194;350,9343;9,7;0,0279;0,0;0,0;0,0;0,0125;0,5;1;0,0;0;1;3;0;0
7;HapticsFixedCC;4;105,8333;350,8969;9,7;0,055;0,0;0,0;0,0;0,0128;0,51;1;0,0;0;1;3;0;0
7;HapticsFixedCC;4;105,8472;350,8595;9,7;0,0793;0,0;0,0;0,0;0,0132;0,51;1;0,0;0;1;3;0;0
7;HapticsFixedCC;4;105,8611;350,8482;9,7;0,1105;0,0;0,0;0,0;0,0135;0,51;1;0,0;0;1;3;0;0
7;HapticsFixedCC;4;105,875;350,8482;9,7;0,1393;0,0;0,0;0,0;0,0139;0,51;1;0,0;0;1;3;0;0
7;HapticsFixedCC;4;105,8889;350,8482;9,0;0,1643;0,0;0,0;0,0;0,0143;0,52;1;0,0;0;1;3;0;0
7;HapticsFixedCC;4;105,9028;350,8482;9,0;0,1859;0,0;0,0;0,0;0,0146;0,52;1;0,0;0;1;3;0;0
7;HapticsFixedCC;4;105,9167;350,8482;9,0;0,2077;0,0;0,0;0,0;0,015;0,53;1;0,0;0;1;3;0;0
7;HapticsFixedCC;4;105,9305;350,8482;9,0;0,221;0,0;0,0;0,0;0,0154;0,53;1;0,0;0;1;3;0;0
7;HapticsFixedCC;4;105,9444;350,6083;9,0;0,238;0,0;0,0;0,0;0,0158;0,54;1;0,0;0;1;3;0;0
7;HapticsFixedCC;4;105,9583;350,5736;9,0;0,256;0,0;0,0;0,0;0,0162;0,54;1;0,0;0;1;3;0;0
7;HapticsFixedCC;4;105,9722;350,5389;9,0;0,2758;0,0;0,0;0,0;0,0166;0,55;1;0,0;0;1;3;0;0
7;HapticsFixedCC;4;105,9861;350,5042;9,0;0,2993;0,0;0,0;0,0;0,017;0,56;1;0,0;0;1;3;0;0
7;HapticsFixedCC;4;106,0;350,4694;9,0;0,3298;0,0;0,0;0,0;0,0174;0,56;1;0,0001;0;1;3;0;0
7;HapticsFixedCC;4;106,0139;350,4347;9,0;0,3513;0,0;0,0;0,0;0,0178;0,57;1;0,0001;0;1;3;0;0
7;HapticsFixedCC;4;106,0278;350,4;9,0;0,3844;0,0;0,0;0,0;0,0183;0,58;1;0,0001;0;1;3;0;0
7;HapticsFixedCC;4;106,0417;350,3922;9,0;0,4145;0,0;0,0;0,0;0,0188;0,59;1;0,0001;0;1;3;0;0
7;HapticsFixedCC;4;106,0555;350,3922;9,0;0,4448;0,0;0,0;0,0;0,0193;0,6;1;0,0001;0;1;3;0;0
7;HapticsFixedCC;4;106,0694;350,3922;9,0;0,476;0,0;0,0;0,0;0,0197;0,61;1;0,0001;0;1;3;0;0
7;HapticsFixedCC;4;106,0833;350,3922;9,0;0,5178;0,0;0,0;0,0;0,0203;0,63;1;0,0001;0;1;3;0;0
7;HapticsFixedCC;4;106,0972;350,3922;9,0;0,5518;0,0;0,0;0,0;0,0208;0,64;1;0,0001;0;1;3;0;0
7;HapticsFixedCC;4;106,1111;350,3922;9,0;0,6158;0,0;0,0;0,0;0,0214;0,65;1;0,0001;0;1;3;0;0
7;HapticsFixedCC;4;106,125;350,157;9,0;0,6755;0,0;0,0;0,0;0,0219;0,67;1;0,0;0;1;3;0;0
7;HapticsFixedCC;4;106,1389;350,1223;9,0;0,7249;0,0;0,0;0,0;0,0225;0,69;1;0,0;0;1;3;0;0
7;HapticsFixedCC;4;106,1528;350,0875;9,0;0,7794;0,0;0,0;0,0;0,0231;0,71;1;0,0;0;1;3;0;0
7;HapticsFixedCC;4;106,1667;350,0528;9,0;0,8299;0,0;0,0;0,0;0,0238;0,73;1;0,0;0;1;3;0;0
7;HapticsFixedCC;4;106,1805;350,0181;9,0;0,8824;0,0;0,0;0,0;0,0245;0,75;1;0,0;0;1;3;0;0
7;HapticsFixedCC;4;106,1944;349,9834;9,0;0,9377;0,0;0,0;0,0;0,0252;0,77;1;0,0;0;1;3;0;0
7;HapticsFixedCC;4;106,2083;349,9487;9,0;0,9858;0,0;0,0;0,0;0,0259;0,79;1;0,0;0;1;3;0;0
7;HapticsFixedCC;4;106,2222;349,9395;9,0;1,0306;0,0;0,0;0,0;0,0266;0,82;1;0,0;0;1;3;0;0
7;HapticsFixedCC;4;106,2361;349,9395;9,0;1,0799;0,0;0,0;0,0;0,0274;0,84;1;0,0;0;1;3;0;0
7;HapticsFixedCC;4;106,25;349,9395;9,0;1,1158;0,0;0,0;0,0;0,0282;0,87;1;0,0;0;1;3;0;0
7;HapticsFixedCC;4;106,2639;349,9395;9,0;1,1459;0,0;0,0;0,0;0,029;0,9;1;0,0;0;1;3;0;0
7;HapticsFixedCC;4;106,2778;349,9395;9,0;1,169;0,0;0,0;0,0;0,0299;0,92;1;0,0;0;1;3;0;0
7;HapticsFixedCC;4;106,2917;349,9395;9,0;1,1832;0,0;0,0;0,0;0,0307;0,95;1;0,0;0;1;3;0;0
7;HapticsFixedCC;4;106,3055;349,7057;9,0;1,1891;0,0;0,0;0,0;0,0316;0,98;1;0,0;0;1;3;0;0
7;HapticsFixedCC;4;106,3194;349,671;9,0;1,1895;0,0;0,0;0,0;0,0325;1,01;1;0,0;0;1;3;0;0
7;HapticsFixedCC;4;106,3333;349,6362;9,0;1,1825;0,0;0,0;0,0;0,0334;1,04;1;0,0;0;1;3;0;0
7;HapticsFixedCC;4;106,3472;349,6015;9,0;1,1719;0,0;0,0;0,0;0,0343;1,06;1;0,0;0;1;3;0;0
7;HapticsFixedCC;4;106,3611;349,5668;9,0;1,1485;0,0;0,0;0,0;0,0353;1,09;1;0,0;0;1;3;0;0
7;HapticsFixedCC;4;106,375;349,5321;9,0;1,116;0,0;0,0;0,0;0,0362;1,12;1;0,0;0;1;3;0;0
7;HapticsFixedCC;4;106,3889;349,4974;8,5;1,0754;0,0;0,0;0,0;0,0372;1,14;1;0,0;0;1;3;0;0
7;HapticsFixedCC;4;106,4028;349,4874;8,5;1,0226;0,0;0,0;0,0;0,0381;1,17;1;0,0;0;1;3;0;0
7;HapticsFixedCC;4;106,4167;349,4874;8,5;0,9863;0,0;0,0;0,0;0,039;1,19;1;0,0;0;1;3;0;0
7;HapticsFixedCC;4;106,4305;349,4874;8,5;0,9492;0,0;0,0;0,0;0,0399;1,21;1;0,0;0;1;3;0;0
7;HapticsFixedCC;4;106,4444;349,4874;8,5;0,9119;0,0;0,0;0,0;0,0408;1,23;1;0,0;0;1;3;0;0
7;HapticsFixedCC;4;106,4583;349,4874;8,5;0,9044;0,0;0,0;0,0;0,0417;1,25;1;0,0;0;1;3;0;0
7;HapticsFixedCC;4;106,4722;349,4874;8,5;0,8383;0,0;0,0;0,0;0,0427;1,27;1;0,0;0;1;3;0;0
7;HapticsFixedCC;4;106,4861;349,4874;8,5;0,8081;0,0;0,0;0,0;0,0436;1,29;1;0,0;0;1;3;0;0
7;HapticsFixedCC;4;106,5;349,2352;8,5;0,7794;0,0;0,0;0,0;0,0445;1,3;1;0,0;0;1;3;0;0
7;HapticsFixedCC;4;106,5139;349,2024;8,5;0,7466;0,0;0,0;0,0;0,0454;1,32;1;0,0;0;1;3;0;0
7;HapticsFixedCC;4;106,5278;349,1696;8,5;0,7172;0,0;0,0;0,0;0,0463;1,34;1;0,0;0;1;3;0;0
7;HapticsFixedCC;4;106,5417;349,1368;8,5;0,7004;0,0;0,0;0,0;0,0473;1,35;1;0,0;0;1;3;0;0
7;HapticsFixedCC;4;106,5555;349,104;8,5;0,6893;0,0;0,0;0,0;0,0482;1,37;1;0,0;0;1;3;0;0
7;HapticsFixedCC;4;106,5694;349,0713;8,5;0,6873;0,0;0,0;0,0;0,0491;1,38;1;0,0;0;1;3;0;0
7;HapticsFixedCC;4;106,5833;349,0385;8,5;0,6703;0,0;0,0;0,0;0,0501;1,4;1;0,0;0;1;3;0;0
7;HapticsFixedCC;4;106,5972;349,03;8,5;0,6625;0,0;0,0;0,0;0,051;1,41;1;0,0;0;1;2;0;0
7;HapticsFixedCC;4;106,6111;349,03;8,5;0,6584;0,0;0,0;0,0;0,052;1,43;1;0,0;0;1;2;0;0
7;HapticsFixedCC;4;106,625;349,03;8,5;0,6554;0,0;0,0;0,0;0,053;1,44;1;0,0;0;1;2;0;0
7;HapticsFixedCC;4;106,6389;349,03;8,5;0,6523;0,0;0,0;0,0;0,054;1,46;1;0,0;0;1;2;0;0
7;HapticsFixedCC;4;106,6528;349,03;8,5;0,6502;0,0;0,0;0,0;0,055;1,47;1;0,0;0;1;2;0;0
7;HapticsFixedCC;4;106,6667;349,03;8,5;0,648;0,0;0,0;0,0;0,056;1,49;1;0,0;0;1;2;0;0
7;HapticsFixedCC;4;106,6805;349,03;8,5;0,6475;0,0;0,0;0,0;0,057;1,5;1;0,0;0;1;2;0;0
7;HapticsFixedCC;4;106,6944;348,7762;8,5;0,644;0,0;0,0;0,0;0,0581;1,52;1;0,0;0;1;2;0;0
7;HapticsFixedCC;4;106,7083;348,7435;8,5;0,6394;0,0;0,0;0,0;0,0591;1,53;1;0,0;0;1;2;0;0
7;HapticsFixedCC;4;106,7222;348,7107;8,5;0,6354;0,0;0,0;0,0;0,0601;1,55;1;0,0;0;1;2;0;0
7;HapticsFixedCC;4;106,7361;348,6779;8,5;0,6311;0,0;0,0;0,0;0,0612;1,56;1;0,0;0;1;2;0;0
7;HapticsFixedCC;4;106,75;348,6451;8,5;0,6266;0,0;0,0;0,0;0,0622;1,57;1;0,0;0;1;2;0;0
7;HapticsFixedCC;4;106,7639;348,6124;8,5;0,6258;0,0;0,0;0,0;0,0633;1,59;1;0,0;0;1;2;0;0
7;HapticsFixedCC;4;106,7778;348,5796;8,5;0,6209;0,0;0,0;0,0;0,0643;1,6;1;0,0;0;1;2;0;0
7;HapticsFixedCC;4;106,7917;348,5649;8,5;0,6119;0,0;0,0;0,0;0,0654;1,62;1;0,0;0;1;2;0;0
7;HapticsFixedCC;4;106,8055;348,5649;8,5;0,6075;0,0;0,0;0,0;0,0665;1,63;1;0,0;0;1;2;0;0
7;HapticsFixedCC;4;106,8194;348,5649;8,5;0,6038;0,0;0,0;0,0;0,0676;1,64;1;0,0;0;1;2;0;0
7;HapticsFixedCC;4;106,8333;348,5649;8,5;0,6012;0,0;0,0;0,0;0,0687;1,66;1;0,0;0;1;2;0;0
7;HapticsFixedCC;4;106,8472;348,5649;8,5;0,598;0,0;0,0;0,0;0,0698;1,67;1;0,0;0;1;2;0;0
7;HapticsFixedCC;4;106,8611;348,5649;8,5;0,5961;0,0;0,0;0,0;0,0709;1,68;1;0,0;0;1;2;0;0
7;HapticsFixedCC;4;106,875;348,5649;8,5;0,594;0,0;0,0;0,0;0,072;1,7;1;0,0;0;1;2;0;0
7;HapticsFixedCC;4;106,8889;348,3174;7,8;0,5936;0,0;0,0;0,0;0,0731;1,71;1;0,0;0;1;2;0;0
7;HapticsFixedCC;4;106,9028;348,2873;7,8;0,5888;0,0;0,0;0,0;0,0742;1,72;1;0,0;0;1;2;0;0
7;HapticsFixedCC;4;106,9167;348,2572;7,8;0,5871;0,0;0,0;0,0;0,0752;1,74;1;0,0;0;1;2;0;0
7;HapticsFixedCC;4;106,9305;348,2272;7,8;0,5859;0,0;0,0;0,0;0,0763;1,75;1;0,0;0;1;2;0;0
7;HapticsFixedCC;4;106,9444;348,1971;7,8;0,5856;0,0;0,0;0,0;0,0773;1,76;1;0,0;0;1;2;0;0
7;HapticsFixedCC;4;106,9583;348,167;7,8;0,5866;0,0;0,0;0,0;0,0784;1,77;1;0,0;0;1;2;0;0
7;HapticsFixedCC;4;106,9722;348,1369;7,8;0,5879;0,0;0,0;0,0;0,0794;1,78;1;0,0;0;1;2;0;0
7;HapticsFixedCC;4;106,9861;348,1301;7,8;0,591;0,0;0,0;0,0;0,0805;1,8;1;0,0;0;1;2;0;0
7;HapticsFixedCC;4;107,0;348,1301;7,8;0,5916;0,0;0,0;0,0;0,0816;1,81;1;0,0;0;1;2;0;0
7;HapticsFixedCC;4;107,0139;348,1301;7,8;0,5939;0,0;0,0;0,0;0,0827;1,82;1;0,0;0;1;2;0;0
7;HapticsFixedCC;4;107,0278;348,1301;7,8;0,5943;0,0;0,0;0,0;0,0838;1,83;1;0,0;0;1;2;0;0
7;HapticsFixedCC;4;107,0417;348,1301;7,8;0,5944;0,0;0,0;0,0;0,0849;1,85;1;0,0;0;1;2;0;0
7;HapticsFixedCC;4;107,0555;348,1301;7,8;0,5926;0,0;0,0;0,0;0,086;1,86;1;0,0;0;1;2;0;0
7;HapticsFixedCC;4;107,0694;348,1301;7,8;0,5923;0,0;0,0;0,0;0,0871;1,87;1;0,0;0;1;2;0;0
7;HapticsFixedCC;4;107,0833;347,8964;7,8;0,5884;0,0;0,0;0,0;0,0883;1,88;1;0,0;0;1;2;0;0
7;HapticsFixedCC;4;107,0972;347,8663;7,8;0,5863;0,0;0,0;0,0;0,0894;1,9;1;0,0;0;1;2;0;0
7;HapticsFixedCC;4;107,1111;347,8362;7,8;0,5856;0,0;0,0;0,0;0,0905;1,91;1;0,0;0;1;2;0;0
7;HapticsFixedCC;4;107,125;347,8061;7,8;0,5846;0,0;0,0;0,0;0,0916;1,92;1;0,0;0;1;2;0;0
7;HapticsFixedCC;4;107,1389;347,7761;7,4;0,5803;0,0;0,0;0,0;0,0928;1,93;1;0,0;0;1;2;0;0
7;HapticsFixedCC;4;107,1528;347,7475;7,4;0,5783;0,0;0,0;0,0;0,0939;1,94;1;0,0;0;1;2;0;0
7;HapticsFixedCC;4;107,1667;347,719;7,4;0,576;0,0;0,0;0,0;0,095;1,95;1;0,0;0;1;2;0;0
7;HapticsFixedCC;4;107,1805;347,6905;7,4;0,5749;0,0;0,0;0,0;0,0961;1,97;1;0,0;0;1;2;0;0
7;HapticsFixedCC;4;107,1944;347,671;7,4;0,5741;0,0;0,0;0,0;0,0972;1,98;1;0,0;0;1;2;0;0
7;HapticsFixedCC;4;107,2083;347,671;7,4;0,5741;0,0;0,0;0,0;0,0983;1,99;1;0,0;0;1;2;0;0
7;HapticsFixedCC;4;107,2222;347,671;7,4;0,574;0,0;0,0;0,0;0,0994;2,0;1;0,0;0;1;2;0;0
7;HapticsFixedCC;4;107,2361;347,671;7,4;0,5736;0,0;0,0;0,0;0,1006;2,01;1;0,0;0;1;2;0;0
7;HapticsFixedCC;4;107,25;347,671;7,4;0,5732;0,0;0,0;0,0;0,1017;2,02;1;0,0;0;1;2;0;0
7;HapticsFixedCC;4;107,2639;347,671;7,4;0,5724;0,0;0,0;0,0;0,1028;2,04;1;0,0;0;1;2;0;0
7;HapticsFixedCC;4;107,2778;347,671;7,4;0,5719;0,0;0,0;0,0;0,104;2,05;1;0,0;0;1;2;0;0
7;HapticsFixedCC;4;107,2917;347,671;7,4;0,5716;0,0;0,0;0,0;0,1051;2,06;1;0,0;0;1;2;0;0
7;HapticsFixedCC;4;107,3055;347,4337;7,4;0,5711;0,0;0,0;0,0;0,1063;2,07;1;0,0;0;1;2;0;0
7;HapticsFixedCC;4;107,3194;347,4052;7,4;0,5713;0,0;0,0;0,0;0,1074;2,08;1;0,0;0;1;2;0;0
7;HapticsFixedCC;4;107,3333;347,3767;7,4;0,571;0,0;0,0;0,0;0,1086;2,09;1;0,0;0;1;2;0;0
7;HapticsFixedCC;4;107,3472;347,3481;7,4;0,5708;0,0;0,0;0,0;0,1097;2,1;1;0,0;0;1;2;0;0
7;HapticsFixedCC;4;107,3611;347,3196;7,4;0,5687;0,0;0,0;0,0;0,1109;2,11;1;0,0;0;1;2;0;0
7;HapticsFixedCC;4;107,375;347,2911;7,4;0,5683;0,0;0,0;0,0;0,1121;2,13;1;0,0;0;1;2;0;0
7;HapticsFixedCC;4;107,3889;347,2626;7,4;0,5666;0,0;0,0;0,0;0,1133;2,14;1;0,0;0;1;2;0;0
7;HapticsFixedCC;4;107,4028;347,234;7,4;0,5651;0,0;0,0;0,0;0,1145;2,15;1;0,0;0;1;2;0;0
7;HapticsFixedCC;4;107,4167;347,2148;7,4;0,5617;0,0;0,0;0,0;0,1157;2,16;1;0,0;0;1;2;0;0
7;HapticsFixedCC;4;107,4305;347,2148;7,4;0,5579;0,0;0,0;0,0;0,1169;2,17;1;0,0;0;1;2;0;0
7;HapticsFixedCC;4;107,4444;347,2148;7,4;0,5572;0,0;0,0;0,0;0,1181;2,18;1;0,0;0;1;2;0;0
7;HapticsFixedCC;4;107,4583;347,2148;7,4;0,5466;0,0;0,0;0,0;0,1193;2,19;1;0,0;0;1;2;0;0
7;HapticsFixedCC;4;107,4722;347,2148;7,4;0,5359;0,0;0,0;0,0;0,1205;2,2;1;0,0;0;1;2;0;0
7;HapticsFixedCC;4;107,4861;347,2148;7,4;0,5219;0,0;0,0;0,0;0,1217;2,21;1;0,0;0;1;2;0;0
7;HapticsFixedCC;4;107,5;347,2148;7,4;0,5049;0,0;0,0;0,0;0,123;2,22;1;0,0;0;1;2;0;0
7;HapticsFixedCC;4;107,5139;347,2148;7,4;0,4846;0,0;0,0;0,0;0,1242;2,23;1;0,0;0;1;2;0;0
7;HapticsFixedCC;4;107,5278;346,9773;7,4;0,4806;0,0;0,0;0,0;0,1254;2,24;1;0,0;0;1;2;0;0
7;HapticsFixedCC;4;107,5417;346,9488;7,4;0,4594;0,0;0,0;0,0;0,1266;2,25;1;0,0;0;1;2;0;0
7;HapticsFixedCC;4;107,5555;346,9203;7,4;0,43;0,0;0,0;0,0;0,1279;2,26;1;0,0;0;1;2;0;0
7;HapticsFixedCC;4;107,5694;346,8918;7,4;0,357;0,0;0,0;0,0;0,1291;2,27;1;0,0;0;1;2;0;0
7;HapticsFixedCC;4;107,5833;346,8633;7,4;0,3101;0,0;0,0;0,0;0,1303;2,27;1;0,0;0;1;2;0;0
7;HapticsFixedCC;4;107,5972;346,8347;7,4;0,2714;0,0;0,0;0,0;0,1315;2,28;1;0,0001;0;1;0;0;0
7;HapticsFixedCC;4;107,6111;346,8062;7,4;0,2151;0,0;0,0;0,0;0,1327;2,28;1;0,0001;0;1;0;0;0
7;HapticsFixedCC;4;107,625;346,7776;7,4;0,16;0,0;0,0;0,0;0,1338;2,29;1;0,0001;0;1;0;0;0
7;HapticsFixedCC;4;107,6389;346,7606;7,4;0,0933;0,0;0,0;0,0;0,135;2,29;1;0,0001;0;1;0;0;0
7;HapticsFixedCC;4;107,6528;346,7606;7,4;0,08;0,0;0,0;0,0;0,1362;2,29;1;0,0001;0;1;0;0;0
7;HapticsFixedCC;4;107,6667;346,7606;7,4;0,0193;0,0;0,0;0,0;0,1374;2,29;1;0,0001;0;1;0;0;0
7;HapticsFixedCC;4;107,6805;346,7606;6,8;-0,0378;0,0;0,0;0,0;0,1385;2,29;1;0,0001;0;1;0;0;0
7;HapticsFixedCC;4;107,6944;346,7606;6,8;-0,2021;0,0;0,0;0,0;0,1396;2,29;1;0,0001;0;1;0;0;0
7;HapticsFixedCC;4;107,7083;346,7606;6,8;-0,2857;0,0;0,0;0,0;0,1406;2,29;1;0,0001;0;1;0;0;0
7;HapticsFixedCC;4;107,7222;346,7606;6,8;-0,3295;0,0;0,0;0,0;0,1416;2,28;1;0,0001;0;1;0;0;0
7;HapticsFixedCC;4;107,7361;346,7606;6,8;-0,3909;0,0;0,0;0,0;0,1426;2,27;1;0,0001;0;1;0;0;0
7;HapticsFixedCC;4;107,75;346,5325;6,8;-0,456;0,0;0,0;0,0;0,1436;2,27;1;0,0;0;1;0;0;0
7;HapticsFixedCC;4;107,7639;346,5063;6,8;-0,469;0,0;0,0;0,0;0,1445;2,26;1;0,0;0;1;0;0;0
7;HapticsFixedCC;4;107,7778;346,48;6,8;-0,5121;0,0;0,0;0,0;0,1455;2,25;1;0,0;0;1;0;0;0
7;HapticsFixedCC;4;107,7917;346,4538;6,8;-0,6064;0,0;0,0;0,0;0,1464;2,24;1;0,0;0;1;0;0;0
7;HapticsFixedCC;4;107,8055;346,4276;6,8;-0,6599;0,0;0,0;0,0;0,1473;2,23;1;0,0;0;1;0;0;0
7;HapticsFixedCC;4;107,8194;346,4014;6,8;-0,7079;0,0;0,0;0,0;0,1483;2,22;1;0,0;0;1;0;0;0
7;HapticsFixedCC;4;107,8333;346,3752;6,8;-0,7359;0,0;0,0;0,0;0,1492;2,2;1;0,0;0;1;0;0;0
7;HapticsFixedCC;4;107,8472;346,3489;6,8;-0,7414;0,0;0,0;0,0;0,1501;2,19;1;0,0;0;1;0;0;0
7;HapticsFixedCC;4;107,8611;346,3227;6,8;-0,7645;0,0;0,0;0,0;0,1509;2,18;1;0,0;0;1;0;0;0
7;HapticsFixedCC;4;107,875;346,3045;6,8;-0,7903;0,0;0,0;0,0;0,1518;2,17;1;0,0;0;1;0;0;0
7;HapticsFixedCC;4;107,8889;346,3045;6,8;-0,8449;0,0;0,0;0,0;0,1526;2,15;1;0,0;0;1;0;0;0
7;HapticsFixedCC;4;107,9028;346,3045;6,8;-0,8804;0,0;0,0;0,0;0,1535;2,14;1;0,0;0;1;0;0;0
7;HapticsFixedCC;4;107,9167;346,3045;6,8;-0,9136;0,0;0,0;0,0;0,1543;2,12;1;0,0;0;1;0;0;0
7;HapticsFixedCC;4;107,9305;346,3045;6,8;-0,9374;0,0;0,0;0,0;0,1551;2,11;1;0,0;0;1;0;0;0
7;HapticsFixedCC;4;107,9444;346,3045;6,8;-0,9753;0,0;0,0;0,0;0,156;2,09;1;0,0;0;1;0;0;0
7;HapticsFixedCC;4;107,9583;346,3045;6,8;-1,0062;0,0;0,0;0,0;0,1567;2,07;1;0,0;0;1;0;0;0
7;HapticsFixedCC;4;107,9722;346,3045;6,8;-1,0125;0,0;0,0;0,0;0,1575;2,05;1;0,0;0;1;0;0;0
7;HapticsFixedCC;4;107,9861;346,3045;6,8;-1,0561;0,0;0,0;0,0;0,1583;2,04;1;0,0;0;1;0;0;0
7;HapticsFixedCC;4;108,0;346,0605;6,8;-1,1023;0,0;0,0;0,0;0,1591;2,02;1;0,0;0;1;0;0;0
7;HapticsFixedCC;4;108,0139;346,0343;6,8;-1,1834;0,0;0,0;0,0;0,1598;2,0;1;0,0;0;1;0;0;0
7;HapticsFixedCC;4;108,0278;346,008;6,8;-1,2415;0,0;0,0;0,0;0,1605;1,98;1;0,0;0;1;0;0;0
7;HapticsFixedCC;4;108,0417;345,9818;6,8;-1,28;0,0;0,0;0,0;0,1612;1,96;1;0,0;0;1;0;0;0
7;HapticsFixedCC;4;108,0555;345,9556;6,8;-1,3275;0,0;0,0;0,0;0,1619;1,93;1;0,0;0;1;0;0;0
7;HapticsFixedCC;4;108,0694;345,9294;6,8;-1,3651;0,0;0,0;0,0;0,1625;1,91;1;0,0;0;1;0;0;0
7;HapticsFixedCC;4;108,0833;345,9031;6,8;-1,3726;0,0;0,0;0,0;0,1632;1,89;1;0,0;0;1;0;0;0
7;HapticsFixedCC;4;108,0972;345,8769;6,8;-1,3943;0,0;0,0;0,0;0,1638;1,86;1;0,0;0;1;0;0;0
7;HapticsFixedCC;4;108,1111;345,8507;6,8;-1,4532;0,0;0,0;0,0;0,1644;1,84;1;0,0;0;1;0;0;0
7;HapticsFixedCC;4;108,125;345,8475;6,8;-1,4803;0,0;0,0;0,0;0,165;1,81;1;0,0;0;1;0;0;0
7;HapticsFixedCC;4;108,1389;345,8475;6,8;-1,4982;0,0;0,0;0,0;0,1656;1,79;1;0,0;0;1;0;0;0
7;HapticsFixedCC;4;108,1528;345,8475;6,8;-1,5065;0,0;0,0;0,0;0,1662;1,76;1;0,0;0;1;0;0;0
7;HapticsFixedCC;4;108,1667;345,8475;6,8;-1,5081;0,0;0,0;0,0;0,1667;1,73;1;0,0;0;1;0;0;0
7;HapticsFixedCC;4;108,1805;345,8475;6,8;-1,5149;0,0;0,0;0,0;0,1673;1,71;1;0,0;0;1;0;0;0
7;HapticsFixedCC;4;108,1944;345,8475;6,4;-1,5172;0,0;0,0;0,0;0,1678;1,68;1;0,0;0;1;0;0;0
7;HapticsFixedCC;4;108,2083;345,8475;6,4;-1,5067;0,0;0,0;0,0;0,1683;1,66;1;0,0;0;1;0;0;0
7;HapticsFixedCC;4;108,2222;345,8475;6,4;-1,4936;0,0;0,0;0,0;0,1688;1,64;1;0,0;0;1;0;0;0
7;HapticsFixedCC;4;108,2361;345,8475;6,4;-1,4802;0,0;0,0;0,0;0,1692;1,61;1;0,0;0;1;0;0;0
7;HapticsFixedCC;4;108,25;345,5945;6,4;-1,4634;0,0;0,0;0,0;0,1697;1,59;1;0,0;0;1;0;0;0
7;HapticsFixedCC;4;108,2639;345,5699;6,4;-1,4376;0,0;0,0;0,0;0,1702;1,57;1;0,0;0;1;0;0;0
7;HapticsFixedCC;4;108,2778;345,5452;6,4;-1,4068;0,0;0,0;0,0;0,1706;1,54;1;0,0;0;1;0;0;0
7;HapticsFixedCC;4;108,2917;345,5205;6,4;-1,4006;0,0;0,0;0,0;0,1711;1,52;1;0,0;0;1;0;0;0
7;HapticsFixedCC;4;108,3055;345,4958;6,4;-1,3752;0,0;0,0;0,0;0,1715;1,5;1;0,0;0;1;0;0;0
7;HapticsFixedCC;4;108,3194;345,4711;6,4;-1,3435;0,0;0,0;0,0;0,172;1,48;1;0,0;0;1;0;0;0
7;HapticsFixedCC;4;108,3333;345,4464;6,4;-1,2912;0,0;0,0;0,0;0,1724;1,46;1;0,0;0;1;0;0;0
7;HapticsFixedCC;4;108,3472;345,4217;6,4;-1,2696;0,0;0,0;0,0;0,1728;1,44;1;0,0;0;1;0;0;0
7;HapticsFixedCC;4;108,3611;345,397;6,4;-1,2439;0,0;0,0;0,0;0,1732;1,42;1;0,0;0;1;0;0;0
7;HapticsFixedCC;4;108,375;345,3892;6,4;-1,232;0,0;0,0;0,0;0,1737;1,4;1;0,0;0;1;0;0;0
7;HapticsFixedCC;4;108,3889;345,3892;6,4;-1,2181;0,0;0,0;0,0;0,1741;1,38;1;0,0;0;1;0;0;0
7;HapticsFixedCC;4;108,4028;345,3892;6,4;-1,2151;0,0;0,0;0,0;0,1745;1,36;1;0,0;0;1;0;0;0
7;HapticsFixedCC;4;108,4167;345,3892;6,4;-1,2083;0,0;0,0;0,0;0,1749;1,34;1;0,0;0;1;0;0;0
7;HapticsFixedCC;4;108,4305;345,3892;6,4;-1,2108;0,0;0,0;0,0;0,1753;1,32;1;0,0;0;1;0;0;0
7;HapticsFixedCC;4;108,4444;345,3892;5,9;-1,2237;0,0;0,0;0,0;0,1757;1,3;1;0,0;0;1;0;0;0
7;HapticsFixedCC;4;108,4583;345,3892;5,9;-1,2581;0,0;0,0;0,0;0,176;1,28;1;0,0;0;1;0;0;0
7;HapticsFixedCC;4;108,4722;345,3892;5,9;-1,2619;0,0;0,0;0,0;0,1763;1,26;1;0,0;0;1;0;0;0
7;HapticsFixedCC;4;108,4861;345,3892;5,9;-1,2625;0,0;0,0;0,0;0,1767;1,24;1;0,0;0;1;0;0;0
7;HapticsFixedCC;4;108,5;345,1578;5,9;-1,2701;0,0;0,0;0,0;0,177;1,23;1;0,0;0;1;0;0;0
7;HapticsFixedCC;4;108,5139;345,1351;5,9;-1,2946;0,0;0,0;0,0;0,1773;1,21;1;0,0;0;1;0;0;0
7;HapticsFixedCC;4;108,5278;345,1123;5,9;-1,2439;0,0;0,0;0,0;0,1776;1,19;1;0,0;0;1;0;0;0
7;HapticsFixedCC;4;108,5417;345,0896;5,9;-1,204;0,0;0,0;0,0;0,1778;1,17;1;0,0;0;1;0;0;0
7;HapticsFixedCC;4;108,5555;345,0668;5,9;-1,2457;0,0;0,0;0,0;0,1781;1,15;1;0,0;0;1;0;0;0
7;HapticsFixedCC;4;108,5694;345,044;5,9;-1,3029;0,0;0,0;0,0;0,1783;1,13;1;0,0;0;1;0;0;0
7;HapticsFixedCC;4;108,5833;345,0213;5,9;-1,3526;0,0;0,0;0,0;0,1786;1,11;1;0,0;0;1;0;0;0
7;HapticsFixedCC;4;108,5972;344,9985;5,9;-1,406;0,0;0,0;0,0;0,1788;1,09;1;0,0;0;1;0;0;0
7;HapticsFixedCC;4;108,6111;344,9757;5,9;-1,417;0,0;0,0;0,0;0,179;1,07;1;0,0;0;1;6;0;0
7;HapticsFixedCC;4;108,625;344,953;5,9;-1,4409;0,0;0,0;0,0;0,1792;1,05;1;0,0;0;1;6;0;0
7;HapticsFixedCC;4;108,6389;344,934;5,9;-1,4423;0,0;0,0;0,0;0,1794;1,03;1;0,0;0;1;6;0;0
7;HapticsFixedCC;4;108,6528;344,934;5,9;-1,4073;0,0;0,0;0,0;0,1795;1,01;1;0,0;0;1;6;0;0
7;HapticsFixedCC;4;108,6667;344,934;5,9;-1,3969;0,0;0,0;0,0;0,1797;0,99;1;0,0;0;1;6;0;0
7;HapticsFixedCC;4;108,6805;344,934;5,9;-1,3841;0,0;0,0;0,0;0,1799;0,97;1;0,0;0;1;6;0;0
7;HapticsFixedCC;4;108,6944;344,934;5,9;-1,3926;0,0;0,0;0,0;0,18;0,94;1;0,0;0;1;6;0;0
7;HapticsFixedCC;4;108,7083;344,934;5,9;-1,3943;0,0;0,0;0,0;0,1802;0,92;1;0,0;0;1;6;0;0
7;HapticsFixedCC;4;108,7222;344,934;5,9;-1,4324;0,0;0,0;0,0;0,1803;0,9;1;0,0;0;1;6;0;0
7;HapticsFixedCC;4;108,7361;344,934;5,9;-1,5123;0,0;0,0;0,0;0,1804;0,88;1;0,0;0;1;6;0;0
7;HapticsFixedCC;4;108,75;344,934;5,9;-1,6251;0,0;0,0;0,0;0,1805;0,86;1;0,0;0;1;6;0;0
7;HapticsFixedCC;4;108,7639;344,934;5,9;-1,689;0,0;0,0;0,0;0,1806;0,83;1;0,0;0;1;6;0;0
7;HapticsFixedCC;4;108,7778;344,7026;5,9;-1,73;0,0;0,0;0,0;0,1806;0,81;1;0,0;0;1;6;0;0
7;HapticsFixedCC;4;108,7917;344,6798;5,9;-1,7519;0,0;0,0;0,0;0,1807;0,78;1;0,0;0;1;6;0;0
7;HapticsFixedCC;4;108,8055;344,6571;5,9;-1,7558;0,0;0,0;0,0;0,1807;0,75;1;0,0;0;1;6;0;0
7;HapticsFixedCC;4;108,8194;344,6343;5,9;-1,7617;0,0;0,0;0,0;0,1807;0,73;1;0,0;0;1;6;0;0
7;HapticsFixedCC;4;108,8333;344,6115;5,9;-1,7438;0,0;0,0;0,0;0,1807;0,7;1;0,0;0;1;6;0;0
7;HapticsFixedCC;4;108,8472;344,5888;5,9;-1,6612;0,0;0,0;0,0;0,1808;0,68;1;0,0;0;1;6;0;0
7;HapticsFixedCC;4;108,8611;344,566;5,9;-1,5839;0,0;0,0;0,0;0,1808;0,65;1;0,0;0;1;6;0;0
7;HapticsFixedCC;4;108,875;344,5432;5,5;-1,5186;0,0;0,0;0,0;0,1808;0,63;1;0,0;0;1;6;0;0
7;HapticsFixedCC;4;108,8889;344,522;5,5;-1,4587;0,0;0,0;0,0;0,1808;0,61;1;0,0;0;1;6;0;0
7;HapticsFixedCC;4;108,9028;344,5008;5,5;-1,4176;0,0;0,0;0,0;0,1808;0,59;1;0,0;0;1;6;0;0
7;HapticsFixedCC;4;108,9167;344,4807;5,5;-1,4094;0,0;0,0;0,0;0,1809;0,57;1;0,0;0;1;6;0;0
7;HapticsFixedCC;4;108,9305;344,4807;5,5;-1,3518;0,0;0,0;0,0;0,1809;0,55;1;0,0;0;1;6;0;0
7;HapticsFixedCC;4;108,9444;344,4807;5,5;-1,2969;0,0;0,0;0,0;0,1809;0,53;1;0,0;0;1;6;0;0
7;HapticsFixedCC;4;108,9583;344,4807;5,5;-1,2324;0,0;0,0;0,0;0,1809;0,52;1;0,0;0;1;6;0;0
7;HapticsFixedCC;4;108,9722;344,4807;5,5;-1,1512;0,0;0,0;0,0;0,1809;0,5;1;0,0;0;1;6;0;0
7;HapticsFixedCC;4;108,9861;344,4807;5,5;-1,135;0,0;0,0;0,0;0,1809;0,49;1;0,0;0;1;6;0;0
7;HapticsFixedCC;4;109,0;344,4807;5,5;-1,0462;0,0;0,0;0,0;0,1809;0,47;1;0,0;0;1;6;0;0
7;HapticsFixedCC;4;109,0139;344,4807;5,5;-1,0284;0,0;0,0;0,0;0,181;0,46;1;0,0;0;1;6;0;0
7;HapticsFixedCC;4;109,0278;344,4807;5,5;-0,9896;0,0;0,0;0,0;0,181;0,44;1;0,0;0;1;6;0;0
7;HapticsFixedCC;4;109,0417;344,4807;5,5;-0,9585;0,0;0,0;0,0;0,181;0,43;1;0,0;0;1;6;0;0
7;HapticsFixedCC;4;109,0555;344,4807;5,5;-0,9434;0,0;0,0;0,0;0,181;0,42;1;0,0;0;1;6;0;0
7;HapticsFixedCC;4;109,0694;344,2462;5,5;-0,9165;0,0;0,0;0,0;0,181;0,4;1;0,0;0;1;6;0;0
7;HapticsFixedCC;4;109,0833;344,225;5,5;-0,9111;0,0;0,0;0,0;0,181;0,39;1;0,0;0;1;6;0;0
7;HapticsFixedCC;4;109,0972;344,2038;5,5;-0,8924;0,0;0,0;0,0;0,181;0,38;1;0,0;0;1;6;0;0
7;HapticsFixedCC;4;109,1111;344,1825;5,5;-0,8886;0,0;0,0;0,0;0,181;0,37;1;0,0;0;1;6;0;0
7;HapticsFixedCC;4;109,125;344,1613;5,5;-0,8845;0,0;0,0;0,0;0,181;0,36;1;0,0;0;1;6;0;0
7;HapticsFixedCC;4;109,1389;344,1401;5,5;-0,8834;0,0;0,0;0,0;0,181;0,34;1;0,0;0;1;6;0;0
7;HapticsFixedCC;4;109,1528;344,1189;5,5;-0,8809;0,0;0,0;0,0;0,1811;0,33;1;0,0;0;1;6;0;0
7;HapticsFixedCC;4;109,1667;344,0977;5,5;-0,8918;0,0;0,0;0,0;0,1811;0,32;1;0,0;0;1;6;0;0
7;HapticsFixedCC;4;109,1805;344,0764;5,5;-0,9;0,0;0,0;0,0;0,1811;0,31;1;0,0;0;1;6;0;0
7;HapticsFixedCC;4;109,1944;344,0552;5,5;-0,9114;0,0;0,0;0,0;0,1811;0,3;1;0,0;0;1;6;0;0
7;HapticsFixedCC;4;109,2083;344,034;5,5;-0,9187;0,0;0,0;0,0;0,1811;0,28;1;0,0;0;1;6;0;0
7;HapticsFixedCC;4;109,2222;344,0243;5,5;-0,9215;0,0;0,0;0,0;0,1811;0,27;1;0,0;0;1;6;0;0
7;HapticsFixedCC;4;109,2361;344,0243;5,5;-0,9204;0,0;0,0;0,0;0,181;0,26;1;0,0;0;1;6;0;0
7;HapticsFixedCC;4;109,25;344,0243;5,5;-0,9217;0,0;0,0;0,0;0,181;0,25;1;0,0;0;1;6;0;0
7;HapticsFixedCC;4;109,2639;344,0243;5,5;-0,9261;0,0;0,0;0,0;0,181;0,23;1;0,0;0;1;6;0;0
7;HapticsFixedCC;4;109,2778;344,0243;5,5;-0,933;0,0;0,0;0,0;0,181;0,22;1;0,0;0;1;6;0;0
7;HapticsFixedCC;4;109,2917;344,0243;5,5;-0,9421;0,0;0,0;0,0;0,181;0,21;1;0,0;0;1;6;0;0
7;HapticsFixedCC;4;109,3055;344,0243;5,5;-0,9648;0,0;0,0;0,0;0,1809;0,19;1;0,0;0;1;6;0;0
7;HapticsFixedCC;4;109,3194;344,0243;5,5;-0,9945;0,0;0,0;0,0;0,1809;0,18;1;0,0;0;1;6;0;0
7;HapticsFixedCC;4;109,3333;344,0243;5,5;-1,0383;0,0;0,0;0,0;0,1808;0,17;1;0,0;0;1;6;0;0
7;HapticsFixedCC;4;109,3472;344,0243;5,5;-1,0786;0,0;0,0;0,0;0,1807;0,15;1;0,0;0;1;6;0;0
7;HapticsFixedCC;4;109,3611;344,0243;5,5;-1,1213;0,0;0,0;0,0;0,1806;0,14;1;0,0;0;1;6;0;0
7;HapticsFixedCC;4;109,375;343,7794;5,5;-1,1577;0,0;0,0;0,0;0,1805;0,12;1;0,0;0;1;6;0;0
7;HapticsFixedCC;4;109,3889;343,7582;7,0;-1,1983;0,0;0,0;0,0;0,1804;0,1;1;0,0;0;1;6;0;0
7;HapticsFixedCC;4;109,4028;343,7312;7,0;-1,2263;0,0;0,0;0,0;0,1802;0,08;1;0,0;0;1;6;0;0
7;HapticsFixedCC;4;109,4167;343,7042;7,0;-1,2761;0,0;0,0;0,0;0,18;0,06;1;0,0;0;1;6;0;0
7;HapticsFixedCC;4;109,4305;343,6772;7,0;-1,2982;0,0;0,0;0,0;0,1798;0,03;1;0,0;0;1;6;0;0
7;HapticsFixedCC;4;109,4444;343,6501;7,0;-1,3157;0,0;0,0;0,0;0,1795;0,0;1;0,0;0;1;6;0;0
7;HapticsFixedCC;4;109,4583;343,6231;7,0;-1,3172;0,0;0,0;0,0;0,1793;0,0;1;0,0;0;1;6;0;0
7;HapticsFixedCC;4;109,4722;343,5961;7,0;-1,3154;0,0;0,0;0,0;0,179;-0,03;1;0,0;0;1;6;0;0
7;HapticsFixedCC;4;109,4861;343,5691;7,0;-1,3095;0,0;0,0;0,0;0,1788;-0,06;1;0,0;0;1;6;0;0
7;HapticsFixedCC;4;109,5;343,5648;7,0;-1,2906;0,0;0,0;0,0;0,1785;-0,08;1;0,0;0;1;6;0;0
7;HapticsFixedCC;4;109,5139;343,5648;7,0;-1,259;0,0;0,0;0,0;0,1782;-0,11;1;0,0;0;1;6;0;0
7;HapticsFixedCC;4;109,5278;343,5648;7,0;-1,203;0,0;0,0;0,0;0,1779;-0,13;1;0,0;0;1;6;0;0
7;HapticsFixedCC;4;109,5417;343,5648;7,0;-1,1531;0,0;0,0;0,0;0,1776;-0,15;1;0,0;0;1;6;0;0
7;HapticsFixedCC;4;109,5555;343,5648;7,0;-1,1111;0,0;0,0;0,0;0,1774;-0,17;1;0,0;0;1;6;0;0
7;HapticsFixedCC;4;109,5694;343,5648;7,0;-1,081;0,0;0,0;0,0;0,1771;-0,19;1;0,0;0;1;6;0;0
7;HapticsFixedCC;4;109,5833;343,5648;7,0;-1,022;0,0;0,0;0,0;0,1768;-0,2;1;0,0;0;1;6;0;0
7;HapticsFixedCC;4;109,5972;343,5648;7,0;-0,9776;0,0;0,0;0,0;0,1765;-0,22;1;0,0;0;1;6;0;0
7;HapticsFixedCC;4;109,6111;343,3261;7,0;-0,8954;0,0;0,0;0,0;0,1762;-0,24;1;0,0;0;1;6;0;0
7;HapticsFixedCC;4;109,625;343,2991;7,0;-0,8565;0,0;0,0;0,0;0,1759;-0,25;1;0,0;0;1;4;0;0
7;HapticsFixedCC;4;109,6389;343,2721;7,0;-0,8029;0,0;0,0;0,0;0,1756;-0,27;1;0,0;0;1;4;0;0
7;HapticsFixedCC;4;109,6528;343,2451;8,8;-0,7314;0,0;0,0;0,0;0,1753;-0,29;1;0,0;0;1;4;0;0
7;HapticsFixedCC;4;109,6667;343,2111;8,8;-0,6424;0,0;0,0;0,0;0,175;-0,3;1;0,0;0;1;4;0;0
7;HapticsFixedCC;4;109,6805;343,1772;8,8;-0,577;0,0;0,0;0,0;0,1747;-0,31;1;0,0;0;1;4;0;0
7;HapticsFixedCC;4;109,6944;343,1432;8,8;-0,5289;0,0;0,0;0,0;0,1744;-0,33;1;0,0;0;1;4;0;0
7;HapticsFixedCC;4;109,7083;343,1127;8,8;-0,4804;0,0;0,0;0,0;0,1741;-0,34;1;0,0;0;1;4;0;0
7;HapticsFixedCC;4;109,7222;343,1127;8,8;-0,4177;0,0;0,0;0,0;0,1738;-0,35;1;0,0;0;1;4;0;0
7;HapticsFixedCC;4;109,7361;343,1127;8,8;-0,3694;0,0;0,0;0,0;0,1734;-0,36;1;0,0;0;1;4;0;0
7;HapticsFixedCC;4;109,75;343,1127;8,8;-0,3469;0,0;0,0;0,0;0,1731;-0,36;1;0,0;0;1;4;0;0
7;HapticsFixedCC;4;109,7639;343,1127;8,8;-0,3354;0,0;0,0;0,0;0,1728;-0,37;1;0,0;0;1;4;0;0
7;HapticsFixedCC;4;109,7778;343,1127;8,8;-0,3179;0,0;0,0;0,0;0,1725;-0,38;1;0,0;0;1;4;0;0
7;HapticsFixedCC;4;109,7917;343,1127;8,8;-0,3052;0,0;0,0;0,0;0,1722;-0,39;1;0,0;0;1;4;0;0
7;HapticsFixedCC;4;109,8055;342,8716;8,8;-0,2919;0,0;0,0;0,0;0,172;-0,39;1;0,0;0;1;4;0;0
7;HapticsFixedCC;4;109,8194;342,8377;8,8;-0,2823;0,0;0,0;0,0;0,1716;-0,4;1;0,0;0;1;4;0;0
7;HapticsFixedCC;4;109,8333;342,8037;8,8;-0,2717;0,0;0,0;0,0;0,1713;-0,41;1;0,0;0;1;4;0;0
7;HapticsFixedCC;4;109,8472;342,7698;8,8;-0,2628;0,0;0,0;0,0;0,1711;-0,41;1;0,0;0;1;4;0;0
7;HapticsFixedCC;4;109,8611;342,7358;8,8;-0,2553;0,0;0,0;0,0;0,1708;-0,42;1;0,0;0;1;4;0;0
7;HapticsFixedCC;4;109,875;342,7019;8,8;-0,2506;0,0;0,0;0,0;0,1705;-0,42;1;0,0;0;1;4;0;0
7;HapticsFixedCC;4;109,8889;342,6679;8,8;-0,2509;0,0;0,0;0,0;0,1702;-0,43;1;0,0;0;1;4;0;0
7;HapticsFixedCC;4;109,9028;342,6564;8,8;-0,2527;0,0;0,0;0,0;0,1699;-0,43;1;0,0;0;1;4;0;0
7;HapticsFixedCC;4;109,9167;342,6564;8,8;-0,2538;0,0;0,0;0,0;0,1695;-0,44;1;0,0;0;1;4;0;0
7;HapticsFixedCC;4;109,9305;342,6564;8,8;-0,2527;0,0;0,0;0,0;0,1692;-0,44;1;0,0;0;1;4;0;0
7;HapticsFixedCC;4;109,9444;342,6564;8,8;-0,25;0,0;0,0;0,0;0,1689;-0,45;1;0,0;0;1;4;0;0
7;HapticsFixedCC;4;109,9583;342,6564;8,8;-0,246;0,0;0,0;0,0;0,1686;-0,46;1;0,0;0;1;4;0;0
7;HapticsFixedCC;4;109,9722;342,6564;8,8;-0,2396;0,0;0,0;0,0;0,1683;-0,46;1;0,0;0;1;4;0;0
7;HapticsFixedCC;4;109,9861;342,6564;8,8;-0,2329;0,0;0,0;0,0;0,168;-0,47;1;0,0;0;1;4;0;0
7;HapticsFixedCC;4;110,0;342,3963;8,8;-0,225;0,0;0,0;0,0;0,1676;-0,47;1;0,0;0;1;4;0;0
7;HapticsFixedCC;4;110,0139;342,3624;8,8;-0,2155;0,0;0,0;0,0;0,1673;-0,48;1;0,0;0;1;4;0;0
7;HapticsFixedCC;4;110,0278;342,3284;8,8;-0,2075;0,0;0,0;0,0;0,167;-0,48;1;0,0;0;1;4;0;0
7;HapticsFixedCC;4;110,0417;342,2945;8,8;-0,2035;0,0;0,0;0,0;0,1667;-0,49;1;0,0;0;1;4;0;0
7;HapticsFixedCC;4;110,0555;342,2605;8,8;-0,2011;0,0;0,0;0,0;0,1664;-0,49;1;0,0;0;1;4;0;0
7;HapticsFixedCC;4;110,0694;342,2266;8,8;-0,2034;0,0;0,0;0,0;0,166;-0,49;1;0,0;0;1;4;0;0
7;HapticsFixedCC;4;110,0833;342,1988;8,8;-0,2082;0,0;0,0;0,0;0,1657;-0,5;1;0,0;0;1;4;0;0
7;HapticsFixedCC;4;110,0972;342,1988;8,8;-0,218;0,0;0,0;0,0;0,1654;-0,5;1;0,0;0;1;4;0;0
7;HapticsFixedCC;4;110,1111;342,1988;8,8;-0,2226;0,0;0,0;0,0;0,1651;-0,51;1;0,0;0;1;4;0;0
7;HapticsFixedCC;4;110,125;342,1988;8,8;-0,2302;0,0;0,0;0,0;0,1647;-0,51;1;0,0;0;1;4;0;0
7;HapticsFixedCC;4;110,1389;342,1988;8,8;-0,2279;0,0;0,0;0,0;0,1643;-0,52;1;0,0;0;1;4;0;0
7;HapticsFixedCC;4;110,1528;342,1988;9,2;-0,2192;0,0;0,0;0,0;0,164;-0,52;1;0,0;0;1;4;0;0
7;HapticsFixedCC;4;110,1667;342,1988;9,2;-0,1984;0,0;0,0;0,0;0,1637;-0,53;1;0,0;0;1;4;0;0
7;HapticsFixedCC;4;110,1805;341,9519;9,2;-0,1721;0,0;0,0;0,0;0,1633;-0,53;1;0,0;0;1;4;0;0
7;HapticsFixedCC;4;110,1944;341,9164;9,2;-0,1456;0,0;0,0;0,0;0,163;-0,53;1;0,0;0;1;4;0;0
7;HapticsFixedCC;4;110,2083;341,8809;9,2;-0,106;0,0;0,0;0,0;0,1626;-0,54;1;0,0;0;1;4;0;0
7;HapticsFixedCC;4;110,2222;341,8454;9,2;-0,0492;0,0;0,0;0,0;0,1623;-0,54;1;0,0;0;1;4;0;0
7;HapticsFixedCC;4;110,2361;341,8099;9,2;0,0166;0,0;0,0;0,0;0,162;-0,53;1;0,0;0;1;4;0;0
7;HapticsFixedCC;4;110,25;341,7744;9,2;0,0699;0,0;0,0;0,0;0,1617;-0,53;1;0,0;0;1;4;0;0
7;HapticsFixedCC;4;110,2639;341,7452;9,2;0,1332;0,0;0,0;0,0;0,1614;-0,53;1;0,0;0;1;4;0;0
7;HapticsFixedCC;4;110,2778;341,7452;9,2;0,1637;0,0;0,0;0,0;0,1611;-0,52;1;0,0;0;1;4;0;0
7;HapticsFixedCC;4;110,2917;341,7452;9,2;0,19;0,0;0,0;0,0;0,1609;-0,52;1;0,0;0;1;4;0;0
7;HapticsFixedCC;4;110,3055;341,7452;9,2;0,1981;0,0;0,0;0,0;0,1606;-0,51;1;0,0;0;1;4;0;0
7;HapticsFixedCC;4;110,3194;341,7452;9,2;0,2006;0,0;0,0;0,0;0,1604;-0,51;1;0,0;0;1;4;0;0
7;HapticsFixedCC;4;110,3333;341,7452;9,2;0,1893;0,0;0,0;0,0;0,1601;-0,5;1;0,0;0;1;4;0;0
7;HapticsFixedCC;4;110,3472;341,7452;9,2;0,1596;0,0;0,0;0,0;0,1598;-0,5;1;0,0;0;1;4;0;0
7;HapticsFixedCC;4;110,3611;341,4905;9,2;0,1202;0,0;0,0;0,0;0,1596;-0,5;1;0,0;0;1;4;0;0
7;HapticsFixedCC;4;110,375;341,455;9,2;0,0674;0,0;0,0;0,0;0,1593;-0,5;1;0,0;0;1;4;0;0
7;HapticsFixedCC;4;110,3889;341,4195;9,2;0,0256;0,0;0,0;0,0;0,159;-0,49;1;0,0;0;1;4;0;0
7;HapticsFixedCC;4;110,4028;341,384;9,2;-0,0233;0,0;0,0;0,0;0,1587;-0,49;1;0,0;0;1;4;0;0
7;HapticsFixedCC;4;110,4167;341,3485;9,2;-0,0784;0,0;0,0;0,0;0,1584;-0,5;1;0,0;0;1;4;0;0
7;HapticsFixedCC;4;110,4305;341,313;9,2;-0,136;0,0;0,0;0,0;0,1581;-0,5;1;0,0;0;1;4;0;0
7;HapticsFixedCC;4;110,4444;341,2877;9,2;-0,19;0,0;0,0;0,0;0,1577;-0,5;1;0,0;0;1;4;0;0
7;HapticsFixedCC;4;110,4583;341,2877;9,2;-0,2215;0,0;0,0;0,0;0,1574;-0,51;1;0,0;0;1;4;0;0
7;HapticsFixedCC;4;110,4722;341,2877;9,2;-0,2427;0,0;0,0;0,0;0,157;-0,51;1;0,0;0;1;4;0;0
7;HapticsFixedCC;4;110,4861;341,2877;9,2;-0,2593;0,0;0,0;0,0;0,1567;-0,52;1;0,0;0;1;4;0;0
7;HapticsFixedCC;4;110,5;341,2877;9,2;-0,272;0,0;0,0;0,0;0,1563;-0,52;1;0,0;0;1;4;0;0
7;HapticsFixedCC;4;110,5139;341,2877;9,2;-0,273;0,0;0,0;0,0;0,1559;-0,53;1;0,0;0;1;4;0;0
7;HapticsFixedCC;4;110,5278;341,2877;9,2;-0,2604;0,0;0,0;0,0;0,1556;-0,53;1;0,0;0;1;4;0;0
7;HapticsFixedCC;4;110,5417;341,0291;9,2;-0,2282;0,0;0,0;0,0;0,1552;-0,54;1;0,0;0;1;4;0;0
7;HapticsFixedCC;4;110,5555;340,9936;9,2;-0,1988;0,0;0,0;0,0;0,1548;-0,54;1;0,0;0;1;4;0;0
7;HapticsFixedCC;4;110,5694;340,9581;9,2;-0,1685;0,0;0,0;0,0;0,1545;-0,55;1;0,0;0;1;4;0;0
7;HapticsFixedCC;4;110,5833;340,9226;9,2;-0,1361;0,0;0,0;0,0;0,1541;-0,55;1;0,0;0;1;4;0;0
7;HapticsFixedCC;4;110,5972;340,8871;9,2;-0,106;0,0;0,0;0,0;0,1538;-0,55;1;0,0;0;1;4;0;0
7;HapticsFixedCC;4;110,6111;340,8517;9,2;-0,0821;0,0;0,0;0,0;0,1534;-0,55;1;0,0;0;1;4;0;0
7;HapticsFixedCC;4;110,625;340,8329;9,2;-0,0603;0,0;0,0;0,0;0,1531;-0,55;1;0,0;0;1;6;1;0
7;HapticsFixedCC;4;110,6389;340,8329;9,2;-0,0324;0,0;0,0;0,0;0,1528;-0,55;1;0,0;0;1;6;1;0
7;HapticsFixedCC;4;110,6528;340,8329;10,4;-0,0096;0,0;0,0;0,0;0,1525;-0,55;1;0,0;0;1;6;1;0
7;HapticsFixedCC;4;110,6667;340,8329;10,4;0,0106;0,0;0,0;0,0;0,1521;-0,55;1;0,0;0;1;6;1;0
7;HapticsFixedCC;4;110,6805;340,8329;10,4;0,0233;0,0;0,0;0,0;0,1517;-0,55;1;0,0;0;1;6;1;0
7;HapticsFixedCC;4;110,6944;340,8329;10,4;0,028;0,0;0,0;0,0;0,1513;-0,55;1;0,0;0;1;6;1;0
7;HapticsFixedCC;4;110,7083;340,5847;10,4;0,0263;0,0;0,0;0,0;0,151;-0,55;1;0,0;0;1;6;1;0
7;HapticsFixedCC;4;110,7222;340,5446;10,4;0,0125;0,0;0,0;0,0;0,1506;-0,55;1;0,0;0;1;6;1;0
7;HapticsFixedCC;4;110,7361;340,5045;10,4;0,002;0,0;0,0;0,0;0,1502;-0,55;1;0,0;0;1;6;1;0
7;HapticsFixedCC;4;110,75;340,4643;10,4;-0,0118;0,0;0,0;0,0;0,1499;-0,55;1;0,0;0;1;6;1;0
7;HapticsFixedCC;4;110,7639;340,4242;10,4;-0,0238;0,0;0,0;0,0;0,1495;-0,55;1;0,0;0;1;6;1;0
7;HapticsFixedCC;4;110,7778;340,3841;10,4;-0,0297;0,0;0,0;0,0;0,1491;-0,55;1;0,0;0;1;6;1;0
7;HapticsFixedCC;4;110,7917;340,377;10,4;-0,0323;0,0;0,0;0,0;0,1488;-0,55;1;0,0;0;1;6;1;0
7;HapticsFixedCC;4;110,8055;340,377;10,4;-0,0336;0,0;0,0;0,0;0,1484;-0,55;1;0,0;0;1;6;1;0
7;HapticsFixedCC;4;110,8194;340,377;10,4;-0,0354;0,0;0,0;0,0;0,148;-0,55;1;0,0;0;1;6;1;0
7;HapticsFixedCC;4;110,8333;340,377;10,4;-0,0461;0,0;0,0;0,0;0,1476;-0,55;1;0,0;0;1;6;1;0
7;HapticsFixedCC;4;110,8472;340,377;10,4;-0,0626;0,0;0,0;0,0;0,1472;-0,55;1;0,0;0;1;6;1;0
7;HapticsFixedCC;4;110,8611;340,1433;10,4;-0,0762;0,0;0,0;0,0;0,1468;-0,55;1;0,0;0;1;6;1;0
7;HapticsFixedCC;4;110,875;340,1032;10,4;-0,0935;0,0;0,0;0,0;0,1464;-0,56;1;0,0;0;1;6;1;0
7;HapticsFixedCC;4;110,8889;340,0631;10,4;-0,1115;0,0;0,0;0,0;0,146;-0,56;1;0,0;0;1;6;1;0
7;HapticsFixedCC;4;110,9028;340,023;10,4;-0,1267;0,0;0,0;0,0;0,1456;-0,56;1;0,0;0;1;6;1;0
7;HapticsFixedCC;4;110,9167;339,9828;10,4;-0,1391;0,0;0,0;0,0;0,1452;-0,57;1;0,0;0;1;6;1;0
7;HapticsFixedCC;4;110,9305;339,9427;10,4;-0,153;0,0;0,0;0,0;0,1447;-0,57;1;0,0;0;1;6;1;0
7;HapticsFixedCC;4;110,9444;339,9206;10,4;-0,1618;0,0;0,0;0,0;0,1443;-0,57;1;0,0;0;1;6;1;0
7;HapticsFixedCC;4;110,9583;339,9206;10,4;-0,1692;0,0;0,0;0,0;0,1439;-0,58;1;0,0;0;1;6;1;0
7;HapticsFixedCC;4;110,9722;339,9206;10,4;-0,174;0,0;0,0;0,0;0,1435;-0,58;1;0,0;0;1;6;1;0
7;HapticsFixedCC;4;110,9861;339,9206;10,4;-0,1747;0,0;0,0;0,0;0,143;-0,59;1;0,0;0;1;6;1;0
7;HapticsFixedCC;4;111,0;339,9206;10,4;-0,1705;0,0;0,0;0,0;0,1426;-0,59;1;0,0;0;1;6;1;0
7;HapticsFixedCC;4;111,0139;339,9206;10,4;-0,1696;0,0;0,0;0,0;0,1422;-0,59;1;0,0;0;1;6;1;0
7;HapticsFixedCC;4;111,0278;339,6619;10,4;-0,1651;0,0;0,0;0,0;0,1417;-0,6;1;0,0;0;1;6;1;0
7;HapticsFixedCC;4;111,0417;339,6217;10,4;-0,1618;0,0;0,0;0,0;0,1413;-0,6;1;0,0;0;1;6;1;0
7;HapticsFixedCC;4;111,0555;339,5816;10,4;-0,1582;0,0;0,0;0,0;0,1408;-0,61;1;0,0;0;1;6;1;0
7;HapticsFixedCC;4;111,0694;339,5415;10,4;-0,1508;0,0;0,0;0,0;0,1404;-0,61;1;0,0;0;1;6;1;0
7;HapticsFixedCC;4;111,0833;339,5014;10,4;-0,1391;0,0;0,0;0,0;0,1399;-0,61;1;0,0;0;1;6;1;0
7;HapticsFixedCC;4;111,0972;339,4655;10,4;-0,1206;0,0;0,0;0,0;0,1395;-0,61;1;0,0;0;1;6;1;0
7;HapticsFixedCC;4;111,1111;339,4655;10,4;-0,0962;0,0;0,0;0,0;0,139;-0,62;1;0,0;0;1;6;1;0
7;HapticsFixedCC;4;111,125;339,4655;10,4;-0,065;0,0;0,0;0,0;0,1386;-0,62;1;0,0;0;1;6;1;0
7;HapticsFixedCC;4;111,1389;339,4655;10,4;-0,0293;0,0;0,0;0,0;0,1382;-0,62;1;0,0;0;1;6;1;0
7;HapticsFixedCC;4;111,1528;339,4655;10,4;0,0;0,0;0,0;0,0;0,1377;-0,62;1;0,0;0;1;6;1;0
7;HapticsFixedCC;4;111,1667;339,4655;10,4;0,0269;0,0;0,0;0,0;0,1373;-0,62;1;0,0;0;1;6;1;0
7;HapticsFixedCC;4;111,1805;339,2205;10,4;0,0526;0,0;0,0;0,0;0,1369;-0,62;1;0,0;0;1;6;1;0
7;HapticsFixedCC;4;111,1944;339,1804;10,4;0,0856;0,0;0,0;0,0;0,1365;-0,61;1;0,0;0;1;6;1;0
7;HapticsFixedCC;4;111,2083;339,1403;10,4;0,1165;0,0;0,0;0,0;0,1362;-0,61;1;0,0;0;1;6;1;0
7;HapticsFixedCC;4;111,2222;339,1002;10,4;0,1516;0,0;0,0;0,0;0,1358;-0,6;1;0,0;0;1;6;1;0
7;HapticsFixedCC;4;111,2361;339,06;10,4;0,1758;0,0;0,0;0,0;0,1355;-0,6;1;0,0;0;1;6;1;0
7;HapticsFixedCC;4;111,25;339,0199;10,4;0,2079;0,0;0,0;0,0;0,1351;-0,59;1;0,0;0;1;6;1;0
7;HapticsFixedCC;4;111,2639;339,0084;10,4;0,2419;0,0;0,0;0,0;0,1348;-0,59;1;0,0;0;1;6;1;0
7;HapticsFixedCC;4;111,2778;339,0084;10,4;0,2647;0,0;0,0;0,0;0,1345;-0,58;1;0,0;0;1;6;1;0
7;HapticsFixedCC;4;111,2917;339,0084;10,4;0,2742;0,0;0,0;0,0;0,1342;-0,57;1;0,0;0;1;6;1;0
7;HapticsFixedCC;4;111,3055;339,0084;10,4;0,2774;0,0;0,0;0,0;0,1339;-0,56;1;0,0;0;1;6;1;0
7;HapticsFixedCC;4;111,3194;339,0084;10,4;0,2781;0,0;0,0;0,0;0,1336;-0,55;1;0,0;0;1;6;1;0
7;HapticsFixedCC;4;111,3333;338,7792;10,4;0,249;0,0;0,0;0,0;0,1333;-0,55;1;0,0;0;1;6;1;0
7;HapticsFixedCC;4;111,3472;338,739;10,4;0,2229;0,0;0,0;0,0;0,133;-0,54;1;0,0;0;1;6;1;0
7;HapticsFixedCC;4;111,3611;338,6989;10,4;0,2177;0,0;0,0;0,0;0,1327;-0,53;1;0,0;0;1;6;1;0
7;HapticsFixedCC;4;111,375;338,6588;10,4;0,1584;0,0;0,0;0,0;0,1323;-0,53;1;0,0;0;1;6;1;0
7;HapticsFixedCC;4;111,3889;338,6187;10,7;0,1247;0,0;0,0;0,0;0,132;-0,52;1;0,0;0;1;6;1;0
7;HapticsFixedCC;4;111,4028;338,5774;10,7;0,0941;0,0;0,0;0,0;0,1317;-0,52;1;0,0;0;1;6;1;0
7;HapticsFixedCC;4;111,4167;338,5538;10,7;0,0734;0,0;0,0;0,0;0,1314;-0,52;1;0,0;0;1;6;1;0
7;HapticsFixedCC;4;111,4305;338,5538;10,7;0,0589;0,0;0,0;0,0;0,131;-0,52;1;0,0;0;1;6;1;0
7;HapticsFixedCC;4;111,4444;338,5538;10,7;0,0522;0,0;0,0;0,0;0,1307;-0,51;1;0,0;0;1;6;1;0
7;HapticsFixedCC;4;111,4583;338,5538;10,7;0,0554;0,0;0,0;0,0;0,1303;-0,51;1;0,0;0;1;6;1;0
7;HapticsFixedCC;4;111,4722;338,5538;10,7;0,0672;0,0;0,0;0,0;0,13;-0,51;1;0,0;0;1;6;1;0
7;HapticsFixedCC;4;111,4861;338,5538;10,7;0,0914;0,0;0,0;0,0;0,1296;-0,51;1;0,0;0;1;6;1;0
7;HapticsFixedCC;4;111,5;338,2885;10,7;0,1153;0,0;0,0;0,0;0,1293;-0,5;1;0,0;0;1;6;1;0
7;HapticsFixedCC;4;111,5139;338,2472;10,7;0,1477;0,0;0,0;0,0;0,129;-0,5;1;0,0;0;1;6;1;0
7;HapticsFixedCC;4;111,5278;338,2059;10,7;0,1818;0,0;0,0;0,0;0,1287;-0,49;1;0,0;0;1;6;1;0
7;HapticsFixedCC;4;111,5417;338,1646;10,7;0,2119;0,0;0,0;0,0;0,1284;-0,49;1;0,0;0;1;6;1;0
7;HapticsFixedCC;4;111,5555;338,1233;10,7;0,2375;0,0;0,0;0,0;0,1282;-0,48;1;0,0;0;1;6;1;0
7;HapticsFixedCC;4;111,5694;338,0973;10,7;0,2562;0,0;0,0;0,0;0,1279;-0,47;1;0,0;0;1;6;1;0
7;HapticsFixedCC;4;111,5833;338,0973;10,7;0,2776;0,0;0,0;0,0;0,1277;-0,46;1;0,0;0;1;6;1;0
7;HapticsFixedCC;4;111,5972;338,0973;10,7;0,2901;0,0;0,0;0,0;0,1274;-0,46;1;0,0;0;1;6;1;0
7;HapticsFixedCC;4;111,6111;338,0973;10,7;0,296;0,0;0,0;0,0;0,1272;-0,45;1;0,0;0;1;6;1;1
7;HapticsFixedCC;4;111,625;338,0973;10,7;0,2964;0,0;0,0;0,0;0,127;-0,44;1;0,0;0;1;2;0;1
7;HapticsFixedCC;4;111,6389;338,0973;10,7;0,2866;0,0;0,0;0,0;0,1268;-0,43;1;0,0;0;1;2;0;1
7;HapticsFixedCC;4;111,6528;337,8344;10,7;0,2724;0,0;0,0;0,0;0,1265;-0,42;1;0,0;0;1;2;0;1
7;HapticsFixedCC;4;111,6667;337,7931;10,7;0,2607;0,0;0,0;0,0;0,1263;-0,42;1;0,0;0;1;2;0;1
7;HapticsFixedCC;4;111,6805;337,7518;10,7;0,2471;0,0;0,0;0,0;0,1261;-0,41;1;0,0;0;1;2;0;1
7;HapticsFixedCC;4;111,6944;337,7105;10,7;0,2361;0,0;0,0;0,0;0,1259;-0,4;1;0,0;0;1;2;0;1
7;HapticsFixedCC;4;111,7083;337,6693;10,7;0,2274;0,0;0,0;0,0;0,1257;-0,39;1;0,0;0;1;2;0;1
7;HapticsFixedCC;4;111,7222;337,642;10,7;0,2189;0,0;0,0;0,0;0,1255;-0,39;1;0,0;0;1;2;0;1
7;HapticsFixedCC;4;111,7361;337,642;10,7;0,2136;0,0;0,0;0,0;0,1253;-0,38;1;0,0;0;1;2;0;1
7;HapticsFixedCC;4;111,75;337,642;10,7;0,2143;0,0;0,0;0,0;0,1251;-0,37;1;0,0;0;1;2;0;1
7;HapticsFixedCC;4;111,7639;337,642;10,7;0,2164;0,0;0,0;0,0;0,1249;-0,37;1;0,0;0;1;2;0;0
7;HapticsFixedCC;4;111,7778;337,642;10,7;0,2207;0,0;0,0;0,0;0,1247;-0,36;1;0,0;0;1;2;0;0
7;HapticsFixedCC;4;111,7917;337,642;10,7;0,2237;0,0;0,0;0,0;0,1246;-0,35;1;0,0;0;1;2;0;0
7;HapticsFixedCC;4;111,8055;337,3803;10,7;0,2244;0,0;0,0;0,0;0,1244;-0,35;1;0,0;0;1;2;0;0
7;HapticsFixedCC;4;111,8194;337,3391;10,7;0,2203;0,0;0,0;0,0;0,1242;-0,34;1;0,0;0;1;2;0;0
7;HapticsFixedCC;4;111,8333;337,2978;10,7;0,2058;0,0;0,0;0,0;0,124;-0,34;1;0,0;0;1;2;0;0
7;HapticsFixedCC;4;111,8472;337,2565;10,7;0,1503;0,0;0,0;0,0;0,1238;-0,33;1;0,0;0;1;2;0;0
7;HapticsFixedCC;4;111,8611;337,2152;10,7;0,0882;0,0;0,0;0,0;0,1235;-0,33;1;0,0;0;1;2;0;0
7;HapticsFixedCC;4;111,875;337,1859;10,7;0,0331;0,0;0,0;0,0;0,1233;-0,33;1;0,0;0;1;2;0;0
7;HapticsFixedCC;4;111,8889;337,1859;10,5;-0,0231;0,0;0,0;0,0;0,1231;-0,33;1;0,0;0;1;2;0;0
7;HapticsFixedCC;4;111,9028;337,1859;10,5;-0,064;0,0;0,0;0,0;0,1228;-0,33;1;0,0;0;1;2;0;0
7;HapticsFixedCC;4;111,9167;337,1859;10,5;-0,1238;0,0;0,0;0,0;0,1225;-0,33;1;0,0;0;1;2;0;0
7;HapticsFixedCC;4;111,9305;337,1859;10,5;-0,1748;0,0;0,0;0,0;0,1222;-0,34;1;0,0;0;1;2;0;0
7;HapticsFixedCC;4;111,9444;337,1859;10,5;-0,185;0,0;0,0;0,0;0,1219;-0,34;1;0,0;0;1;2;0;0
7;HapticsFixedCC;4;111,9583;336,9301;10,5;-0,2485;0,0;0,0;0,0;0,1216;-0,35;1;0,0;0;1;2;0;0
7;HapticsFixedCC;4;111,9722;336,8896;10,5;-0,2897;0,0;0,0;0,0;0,1213;-0,35;1;0,0;0;1;2;0;0
7;HapticsFixedCC;4;111,9861;336,8491;10,5;-0,3205;0,0;0,0;0,0;0,1209;-0,36;1;0,0;0;1;2;0;0
7;HapticsFixedCC;4;112,0;336,8086;10,5;-0,3334;0,0;0,0;0,0;0,1206;-0,37;1;0,0;0;1;2;0;0
7;HapticsFixedCC;4;112,0139;336,7681;10,5;-0,3438;0,0;0,0;0,0;0,1202;-0,38;1;0,0;0;1;2;0;0
7;HapticsFixedCC;4;112,0278;336,7303;10,5;-0,3476;0,0;0,0;0,0;0,1199;-0,39;1;0,0;0;1;2;0;0
7;HapticsFixedCC;4;112,0417;336,7303;10,5;-0,3486;0,0;0,0;0,0;0,1195;-0,4;1;0,0;0;1;2;0;0
7;HapticsFixedCC;4;112,0555;336,7303;10,5;-0,349;0,0;0,0;0,0;0,1191;-0,4;1;0,0;0;1;2;0;0
7;HapticsFixedCC;4;112,0694;336,7303;10,5;-0,3517;0,0;0,0;0,0;0,1187;-0,41;1;0,0;0;1;2;0;0
7;HapticsFixedCC;4;112,0833;336,7303;10,5;-0,3539;0,0;0,0;0,0;0,1183;-0,42;1;0,0;0;1;2;0;0
7;HapticsFixedCC;4;112,0972;336,7303;10,5;-0,3574;0,0;0,0;0,0;0,1179;-0,43;1;0,0;0;1;2;0;0
7;HapticsFixedCC;4;112,1111;336,4845;10,5;-0,3631;0,0;0,0;0,0;0,1175;-0,44;1;0,0;0;1;2;0;0
7;HapticsFixedCC;4;112,125;336,444;10,5;-0,3682;0,0;0,0;0,0;0,117;-0,45;1;0,0;0;1;2;0;0
7;HapticsFixedCC;4;112,1389;336,4035;10,5;-0,3763;0,0;0,0;0,0;0,1166;-0,46;1;0,0;0;1;2;0;0
7;HapticsFixedCC;4;112,1528;336,363;10,5;-0,3892;0,0;0,0;0,0;0,1162;-0,47;1;0,0;0;1;2;0;0
7;HapticsFixedCC;4;112,1667;336,3225;10,5;-0,4044;0,0;0,0;0,0;0,1158;-0,48;1;0,0;0;1;2;0;0
7;HapticsFixedCC;4;112,1805;336,282;10,7;-0,4274;0,0;0,0;0,0;0,1153;-0,49;1;0,0;0;1;2;0;0
7;HapticsFixedCC;4;112,1944;336,2743;10,7;-0,444;0,0;0,0;0,0;0,1149;-0,5;1;0,0;0;1;2;0;0
7;HapticsFixedCC;4;112,2083;336,2743;10,7;-0,4564;0,0;0,0;0,0;0,1144;-0,52;1;0,0;0;1;2;0;0
7;HapticsFixedCC;4;112,2222;336,2743;10,7;-0,4659;0,0;0,0;0,0;0,1139;-0,53;1;0,0;0;1;2;0;0
7;HapticsFixedCC;4;112,2361;336,2743;10,7;-0,4725;0,0;0,0;0,0;0,1134;-0,54;1;0,0;0;1;2;0;0
7;HapticsFixedCC;4;112,25;336,2743;10,7;-0,4784;0,0;0,0;0,0;0,1129;-0,55;1;0,0;0;1;2;0;0
7;HapticsFixedCC;4;112,2639;336,0343;10,7;-0,4796;0,0;0,0;0,0;0,1124;-0,57;1;0,0;0;1;2;0;0
7;HapticsFixedCC;4;112,2778;335,993;10,7;-0,4826;0,0;0,0;0,0;0,1119;-0,58;1;0,0;0;1;2;0;0
7;HapticsFixedCC;4;112,2917;335,9518;10,7;-0,4783;0,0;0,0;0,0;0,1113;-0,59;1;0,0;0;1;2;0;0
7;HapticsFixedCC;4;112,3055;335,9105;10,7;-0,4713;0,0;0,0;0,0;0,1107;-0,6;1;0,0;0;1;2;0;0
7;HapticsFixedCC;4;112,3194;335,8692;10,7;-0,4654;0,0;0,0;0,0;0,1102;-0,62;1;0,0;0;1;2;0;0
7;HapticsFixedCC;4;112,3333;335,8279;10,7;-0,4549;0,0;0,0;0,0;0,1096;-0,63;1;0,0;0;1;2;0;0
7;HapticsFixedCC;4;112,3472;335,8186;10,7;-0,4512;0,0;0,0;0,0;0,109;-0,64;1;0,0;0;1;2;0;0
7;HapticsFixedCC;4;112,3611;335,8186;10,7;-0,445;0,0;0,0;0,0;0,1084;-0,65;1;0,0;0;1;2;0;0
7;HapticsFixedCC;4;112,375;335,8186;10,7;-0,4438;0,0;0,0;0,0;0,1078;-0,66;1;0,0;0;1;2;0;0
7;HapticsFixedCC;4;112,3889;335,8186;10,7;-0,4391;0,0;0,0;0,0;0,1072;-0,68;1;0,0;0;1;2;0;0
7;HapticsFixedCC;4;112,4028;335,8186;10,7;-0,4387;0,0;0,0;0,0;0,1065;-0,69;1;0,0;0;1;2;0;0
7;HapticsFixedCC;4;112,4167;335,5803;10,7;-0,442;0,0;0,0;0,0;0,1059;-0,7;1;0,0;0;1;2;0;0
7;HapticsFixedCC;4;112,4305;335,539;10,7;-0,4495;0,0;0,0;0,0;0,1053;-0,71;1;0,0;0;1;2;0;0
7;HapticsFixedCC;4;112,4444;335,4977;10,7;-0,4594;0,0;0,0;0,0;0,1046;-0,72;1;0,0;0;1;2;0;0
7;HapticsFixedCC;4;112,4583;335,4564;10,7;-0,4614;0,0;0,0;0,0;0,1039;-0,74;1;0,0;0;1;2;0;0
7;HapticsFixedCC;4;112,4722;335,4151;10,7;-0,475;0,0;0,0;0,0;0,1032;-0,75;1;0,0;0;1;2;0;0
7;HapticsFixedCC;4;112,4861;335,3739;10,7;-0,4892;0,0;0,0;0,0;0,1025;-0,76;1;0,0;0;1;2;0;0
7;HapticsFixedCC;4;112,5;335,3625;10,7;-0,4955;0,0;0,0;0,0;0,1018;-0,78;1;0,0;0;1;2;0;0
7;HapticsFixedCC;4;112,5139;335,3625;10,7;-0,4929;0,0;0,0;0,0;0,1011;-0,79;1;0,0;0;1;2;0;0
7;HapticsFixedCC;4;112,5278;335,3625;10,7;-0,4833;0,0;0,0;0,0;0,1004;-0,81;1;0,0;0;1;2;0;0
7;HapticsFixedCC;4;112,5417;335,3625;10,7;-0,4709;0,0;0,0;0,0;0,0997;-0,82;1;0,0;0;1;2;0;0
7;HapticsFixedCC;4;112,5555;335,3625;10,7;-0,4567;0,0;0,0;0,0;0,099;-0,83;1;0,0;0;1;2;0;0
7;HapticsFixedCC;4;112,5694;335,1262;10,7;-0,4382;0,0;0,0;0,0;0,0983;-0,84;1;0,0;0;1;2;0;0
7;HapticsFixedCC;4;112,5833;335,085;10,7;-0,4345;0,0;0,0;0,0;0,0975;-0,86;1;0,0;0;1;2;0;0
7;HapticsFixedCC;4;112,5972;335,0437;10,7;-0,3971;0,0;0,0;0,0;0,0968;-0,87;1;0,0;0;1;2;0;0
7;HapticsFixedCC;4;112,6111;335,0024;10,7;-0,3664;0,0;0,0;0,0;0,0961;-0,88;1;0,0;0;1;2;0;0
7;HapticsFixedCC;4;112,625;334,9611;10,7;-0,3406;0,0;0,0;0,0;0,0953;-0,89;1;0,0;0;1;2;0;0
7;HapticsFixedCC;4;112,6389;334,9199;10,7;-0,307;0,0;0,0;0,0;0,0946;-0,89;1;0,0;0;1;4;0;0
7;HapticsFixedCC;4;112,6528;334,9073;10,7;-0,2734;0,0;0,0;0,0;0,0939;-0,9;1;0,0;0;1;4;0;0
7;HapticsFixedCC;4;112,6667;334,9073;10,7;-0,2482;0,0;0,0;0,0;0,0932;-0,91;1;0,0;0;1;4;0;0
7;HapticsFixedCC;4;112,6805;334,9073;10,7;-0,2094;0,0;0,0;0,0;0,0925;-0,91;1;0,0;0;1;4;0;0
7;HapticsFixedCC;4;112,6944;334,9073;10,5;-0,2015;0,0;0,0;0,0;0,0918;-0,92;1;0,0;0;1;4;0;0
7;HapticsFixedCC;4;112,7083;334,9073;10,5;-0,1161;0,0;0,0;0,0;0,0911;-0,92;1;0,0;0;1;4;0;0
7;HapticsFixedCC;4;112,7222;334,6737;10,5;-0,0514;0,0;0,0;0,0;0,0905;-0,92;1;0,0;0;1;4;0;0
7;HapticsFixedCC;4;112,7361;334,6332;10,5;0,0305;0,0;0,0;0,0;0,0899;-0,92;1;0,0;0;1;4;0;0
7;HapticsFixedCC;4;112,75;334,5927;10,5;0,1159;0,0;0,0;0,0;0,0893;-0,92;1;0,0;0;1;4;0;0
7;HapticsFixedCC;4;112,7639;334,5522;10,5;0,1915;0,0;0,0;0,0;0,0887;-0,91;1;0,0;0;1;4;0;0
7;HapticsFixedCC;4;112,7778;334,5117;10,5;0,2065;0,0;0,0;0,0;0,0881;-0,91;1;0,0;0;1;4;0;0
7;HapticsFixedCC;4;112,7917;334,4712;10,5;0,3017;0,0;0,0;0,0;0,0876;-0,9;1;0,0;0;1;4;0;0
7;HapticsFixedCC;4;112,8055;334,4507;10,5;0,4961;0,0;0,0;0,0;0,0871;-0,88;1;0,0;0;1;4;0;0
7;HapticsFixedCC;4;112,8194;334,4507;10,5;0,6242;0,0;0,0;0,0;0,0867;-0,87;1;0,0;0;1;4;0;0
7;HapticsFixedCC;4;112,8333;334,4507;10,5;0,7007;0,0;0,0;0,0;0,0863;-0,85;1;0,0;0;1;4;0;0
7;HapticsFixedCC;4;112,8472;334,4507;10,5;0,8074;0,0;0,0;0,0;0,0859;-0,83;1;0,0;0;1;4;0;0
7;HapticsFixedCC;4;112,8611;334,4507;10,5;0,8656;0,0;0,0;0,0;0,0855;-0,8;1;0,0;0;1;4;0;0
7;HapticsFixedCC;4;112,875;334,4507;10,5;0,9134;0,0;0,0;0,0;0,0852;-0,78;1;0,0;0;1;4;0;0
7;HapticsFixedCC;4;112,8889;334,1877;10,5;0,9344;0,0;0,0;0,0;0,085;-0,75;1;0,0;0;1;4;0;0
7;HapticsFixedCC;4;112,9028;334,1472;10,5;0,9386;0,0;0,0;0,0;0,0847;-0,73;1;0,0;0;1;4;0;0
7;HapticsFixedCC;4;112,9167;334,1066;10,5;0,9725;0,0;0,0;0,0;0,0845;-0,7;1;0,0;0;1;4;0;0
7;HapticsFixedCC;4;112,9305;334,0661;10,5;0,9955;0,0;0,0;0,0;0,0843;-0,67;1;0,0;0;1;4;0;0
7;HapticsFixedCC;4;112,9444;334,0256;10,5;0,9999;0,0;0,0;0,0;0,0841;-0,64;1;0,0;0;1;4;0;0
7;HapticsFixedCC;4;112,9583;333,996;10,5;1,0086;0,0;0,0;0,0;0,084;-0,62;1;0,0;0;1;4;0;0
7;HapticsFixedCC;4;112,9722;333,996;10,5;1,018;0,0;0,0;0,0;0,0838;-0,59;1;0,0;0;1;4;0;0
7;HapticsFixedCC;4;112,9861;333,996;10,5;1,026;0,0;0,0;0,0;0,0837;-0,56;1;0,0;0;1;4;0;0
7;HapticsFixedCC;4;113,0;333,996;10,5;1,0345;0,0;0,0;0,0;0,0836;-0,53;1;0,0;0;1;4;0;0
7;HapticsFixedCC;4;113,0139;333,996;10,5;1,0361;0,0;0,0;0,0;0,0835;-0,5;1;0,0;0;1;4;0;0
7;HapticsFixedCC;4;113,0278;333,996;10,5;1,0424;0,0;0,0;0,0;0,0835;-0,47;1;0,0;0;1;4;0;0
7;HapticsFixedCC;4;113,0417;333,742;10,5;1,0404;0,0;0,0;0,0;0,0835;-0,45;1;0,0;0;1;4;0;0
7;HapticsFixedCC;4;113,0555;333,7015;10,5;1,036;0,0;0,0;0,0;0,0835;-0,42;1;0,0;0;1;4;0;0
7;HapticsFixedCC;4;113,0694;333,661;10,5;1,0281;0,0;0,0;0,0;0,0835;-0,39;1;0,0;0;1;4;0;0
7;HapticsFixedCC;4;113,0833;333,6205;10,5;1,0219;0,0;0,0;0,0;0,0835;-0,36;1;0,0;0;1;4;0;0
7;HapticsFixedCC;4;113,0972;333,58;10,5;1,0205;0,0;0,0;0,0;0,0835;-0,33;1;0,0;0;1;4;0;0
7;HapticsFixedCC;4;113,1111;333,5395;10,5;1,0206;0,0;0,0;0,0;0,0836;-0,31;1;0,0;0;1;4;0;0
7;HapticsFixedCC;4;113,125;333,539;10,5;1,0218;0,0;0,0;0,0;0,0836;-0,28;1;0,0;0;1;4;0;0
7;HapticsFixedCC;4;113,1389;333,539;10,5;1,0302;0,0;0,0;0,0;0,0838;-0,25;1;0,0;0;1;4;0;0
7;HapticsFixedCC;4;113,1528;333,539;10,5;1,0354;0,0;0,0;0,0;0,0839;-0,22;1;0,0;0;1;4;0;0
7;HapticsFixedCC;4;113,1667;333,539;10,5;1,0371;0,0;0,0;0,0;0,084;-0,19;1;0,0;0;1;4;0;0
7;HapticsFixedCC;4;113,1805;333,539;10,6;1,0354;0,0;0,0;0,0;0,0842;-0,16;1;0,0;0;1;4;0;0
7;HapticsFixedCC;4;113,1944;333,2961;10,6;1,0287;0,0;0,0;0,0;0,0844;-0,13;1;0,0;0;1;4;0;0
7;HapticsFixedCC;4;113,2083;333,2552;10,6;1,0142;0,0;0,0;0,0;0,0846;-0,11;1;0,0;0;1;4;0;0
7;HapticsFixedCC;4;113,2222;333,2143;10,6;1,0112;0,0;0,0;0,0;0,0848;-0,08;1;0,0;0;1;4;0;0
7;HapticsFixedCC;4;113,2361;333,1734;10,6;0,987;0,0;0,0;0,0;0,085;-0,05;1;0,0;0;1;4;0;0
7;HapticsFixedCC;4;113,25;333,1325;10,6;0,9595;0,0;0,0;0,0;0,0853;-0,02;1;0,0;0;1;4;0;0
7;HapticsFixedCC;4;113,2639;333,0916;10,6;0,89;0,0;0,0;0,0;0,0855;0,0;1;0,0;0;1;4;0;0
7;HapticsFixedCC;4;113,2778;333,0838;10,6;0,8577;0,0;0,0;0,0;0,0858;0,02;1;0,0;0;1;4;0;0
7;HapticsFixedCC;4;113,2917;333,0838;10,6;0,8233;0,0;0,0;0,0;0,0861;0,04;1;0,0;0;1;4;0;0
7;HapticsFixedCC;4;113,3055;333,0838;10,6;0,7931;0,0;0,0;0,0;0,0863;0,07;1;0,0;0;1;4;0;0
7;HapticsFixedCC;4;113,3194;333,0838;10,6;0,76;0,0;0,0;0,0;0,0866;0,09;1;0,0;0;1;4;0;0
7;HapticsFixedCC;4;113,3333;333,0838;10,6;0,7534;0,0;0,0;0,0;0,0869;0,11;1;0,0;0;1;4;0;0
7;HapticsFixedCC;4;113,3472;332,8462;10,6;0,7268;0,0;0,0;0,0;0,0872;0,13;1;0,0;0;1;4;0;0
7;HapticsFixedCC;4;113,3611;332,8053;10,6;0,6625;0,0;0,0;0,0;0,0875;0,15;1;0,0;0;1;4;0;0
7;HapticsFixedCC;4;113,375;332,7644;10,6;0,6175;0,0;0,0;0,0;0,0878;0,17;1;0,0;0;1;4;0;0
7;HapticsFixedCC;4;113,3889;332,7235;10,6;0,5801;0,0;0,0;0,0;0,0881;0,18;1;0,0;0;1;4;0;0
7;HapticsFixedCC;4;113,4028;332,6826;10,6;0,546;0,0;0,0;0,0;0,0884;0,2;1;0,0;0;1;4;0;0
7;HapticsFixedCC;4;113,4167;332,6418;10,6;0,5391;0,0;0,0;0,0;0,0887;0,21;1;0,0;0;1;4;0;0
7;HapticsFixedCC;4;113,4305;332,6276;10,6;0,4931;0,0;0,0;0,0;0,089;0,23;1;0,0;0;1;4;0;0
7;HapticsFixedCC;4;113,4444;332,6276;10,8;0,4408;0,0;0,0;0,0;0,0893;0,24;1;0,0;0;1;4;0;0
7;HapticsFixedCC;4;113,4583;332,6276;10,8;0,3727;0,0;0,0;0,0;0,0896;0,25;1;0,0;0;1;4;0;0
7;HapticsFixedCC;4;113,4722;332,6276;10,8;0,3413;0,0;0,0;0,0;0,0899;0,26;1;0,0;0;1;4;0;0
7;HapticsFixedCC;4;113,4861;332,6276;10,8;0,3137;0,0;0,0;0,0;0,0902;0,27;1;0,0;0;1;4;0;0
7;HapticsFixedCC;4;113,5;332,3933;10,8;0,2875;0,0;0,0;0,0;0,0905;0,28;1;0,0;0;1;4;0;0
7;HapticsFixedCC;4;113,5139;332,3516;10,8;0,2785;0,0;0,0;0,0;0,0908;0,29;1;0,0;0;1;4;0;0
7;HapticsFixedCC;4;113,5278;332,31;10,8;0,2764;0,0;0,0;0,0;0,0911;0,3;1;0,0;0;1;4;0;0
7;HapticsFixedCC;4;113,5417;332,2683;10,8;0,2761;0,0;0,0;0,0;0,0914;0,3;1;0,0;0;1;4;0;0
7;HapticsFixedCC;4;113,5555;332,2266;10,8;0,2811;0,0;0,0;0,0;0,0917;0,31;1;0,0;0;1;4;0;0
7;HapticsFixedCC;4;113,5694;332,185;10,8;0,2953;0,0;0,0;0,0;0,0921;0,32;1;0,0;0;1;4;0;0
7;HapticsFixedCC;4;113,5833;332,1714;10,8;0,351;0,0;0,0;0,0;0,0924;0,33;1;0,0;0;1;4;0;0
7;HapticsFixedCC;4;113,5972;332,1714;10,8;0,3868;0,0;0,0;0,0;0,0928;0,34;1;0,0;0;1;4;0;0
7;HapticsFixedCC;4;113,6111;332,1714;10,8;0,4215;0,0;0,0;0,0;0,0932;0,35;1;0,0;0;1;4;0;0
7;HapticsFixedCC;4;113,625;332,1714;10,8;0,4505;0,0;0,0;0,0;0,0936;0,37;1;0,0;0;1;4;0;0
7;HapticsFixedCC;4;113,6389;332,1714;10,8;0,4653;0,0;0,0;0,0;0,094;0,38;1;0,0;0;1;4;0;0
7;HapticsFixedCC;4;113,6528;331,935;10,8;0,4683;0,0;0,0;0,0;0,0944;0,39;1;0,0;0;1;3;0;0
7;HapticsFixedCC;4;113,6667;331,8933;10,8;0,4771;0,0;0,0;0,0;0,0949;0,41;1;0,0;0;1;3;0;0
7;HapticsFixedCC;4;113,6805;331,8517;10,8;0,4576;0,0;0,0;0,0;0,0953;0,42;1;0,0;0;1;3;0;0
7;HapticsFixedCC;4;113,6944;331,81;10,8;0,4099;0,0;0,0;0,0;0,0958;0,43;1;0,0;0;1;3;0;0
7;HapticsFixedCC;4;113,7083;331,7683;10,8;0,2846;0,0;0,0;0,0;0,0962;0,44;1;0,0;0;1;3;0;0
7;HapticsFixedCC;4;113,7222;331,7267;10,8;0,219;0,0;0,0;0,0;0,0966;0,45;1;0,0;0;1;3;0;0
7;HapticsFixedCC;4;113,7361;331,717;10,8;0,2059;0,0;0,0;0,0;0,097;0,45;1;0,0;0;1;3;0;0
7;HapticsFixedCC;4;113,75;331,717;10,8;0,1247;0,0;0,0;0,0;0,0974;0,46;1;0,0;0;1;3;0;0
7;HapticsFixedCC;4;113,7639;331,717;10,8;0,0554;0,0;0,0;0,0;0,0977;0,46;1;0,0;0;1;3;0;0
7;HapticsFixedCC;4;113,7778;331,717;10,8;-0,1507;0,0;0,0;0,0;0,098;0,46;1;0,0;0;1;3;0;0
7;HapticsFixedCC;4;113,7917;331,717;10,8;-0,2509;0,0;0,0;0,0;0,0983;0,45;1;0,0;0;1;3;0;0
7;HapticsFixedCC;4;113,8055;331,4767;10,8;-0,3272;0,0;0,0;0,0;0,0986;0,44;1;0,0;0;1;3;0;0
7;HapticsFixedCC;4;113,8194;331,435;10,8;-0,4167;0,0;0,0;0,0;0,0988;0,43;1;0,0;0;1;3;0;0
7;HapticsFixedCC;4;113,8333;331,3934;10,8;-0,5467;0,0;0,0;0,0;0,099;0,42;1;0,0;0;1;3;0;0
7;HapticsFixedCC;4;113,8472;331,3517;10,8;-0,6649;0,0;0,0;0,0;0,0991;0,4;1;0,0;0;1;3;0;0
7;HapticsFixedCC;4;113,8611;331,31;10,8;-0,6885;0,0;0,0;0,0;0,0992;0,38;1;0,0;0;1;3;0;0
7;HapticsFixedCC;4;113,875;331,2684;10,8;-0,7531;0,0;0,0;0,0;0,0993;0,36;1;0,0;0;1;3;0;0
7;HapticsFixedCC;4;113,8889;331,2593;10,8;-0,8516;0,0;0,0;0,0;0,0993;0,34;1;0,0;0;1;3;0;0
7;HapticsFixedCC;4;113,9028;331,2593;10,8;-1,0554;0,0;0,0;0,0;0,0993;0,31;1;0,0;0;1;3;0;0
7;HapticsFixedCC;4;113,9167;331,2593;10,8;-1,2088;0,0;0,0;0,0;0,0992;0,27;1;0,0;0;1;3;0;0
7;HapticsFixedCC;4;113,9305;331,2593;10,8;-1,3675;0,0;0,0;0,0;0,099;0,24;1;0,0;0;1;3;0;0
7;HapticsFixedCC;4;113,9444;331,2593;10,9;-1,4989;0,0;0,0;0,0;0,0988;0,19;1;0,0;0;1;3;0;0
7;HapticsFixedCC;4;113,9583;331,018;10,9;-1,6169;0,0;0,0;0,0;0,0985;0,15;1;0,0;0;1;3;0;0
7;HapticsFixedCC;4;113,9722;330,9759;10,9;-1,6405;0,0;0,0;0,0;0,0981;0,1;1;0,0;0;1;3;0;0
7;HapticsFixedCC;4;113,9861;330,9339;10,9;-1,7838;0,0;0,0;0,0;0,0977;0,06;1;0,0;0;1;3;0;0
7;HapticsFixedCC;4;114,0;330,8918;10,9;-1,9668;0,0;0,0;0,0;0,0972;0,0;1;0,0;0;1;3;0;0
7;HapticsFixedCC;4;114,0139;330,8498;10,9;-2,0498;0,0;0,0;0,0;0,0966;-0,06;1;0,0;0;1;3;0;0
7;HapticsFixedCC;4;114,0278;330,8077;10,9;-2,1111;0,0;0,0;0,0;0,096;-0,11;1;0,0;0;1;3;0;0
7;HapticsFixedCC;4;114,0417;330,8055;10,9;-2,1351;0,0;0,0;0,0;0,0953;-0,17;1;0,0;0;1;3;0;0
7;HapticsFixedCC;4;114,0555;330,8055;10,9;-2,1401;0,0;0,0;0,0;0,0946;-0,23;1;0,0;0;1;3;0;0
7;HapticsFixedCC;4;114,0694;330,8055;10,9;-2,1813;0,0;0,0;0,0;0,0938;-0,29;1;0,0;0;1;3;0;0
7;HapticsFixedCC;4;114,0833;330,8055;10,9;-2,1978;0,0;0,0;0,0;0,0929;-0,36;1;0,0;0;1;3;0;0
7;HapticsFixedCC;4;114,0972;330,8055;10,9;-2,1959;0,0;0,0;0,0;0,0921;-0,42;1;0,0;0;1;3;0;0
7;HapticsFixedCC;4;114,1111;330,5554;10,9;-2,1734;0,0;0,0;0,0;0,0912;-0,48;1;0,0;0;1;3;0;0
7;HapticsFixedCC;4;114,125;330,5134;10,9;-2,098;0,0;0,0;0,0;0,0902;-0,54;1;0,0;0;1;3;0;0
7;HapticsFixedCC;4;114,1389;330,4713;10,9;-2,0176;0,0;0,0;0,0;0,0893;-0,59;1;0,0;0;1;3;0;0
7;HapticsFixedCC;4;114,1528;330,4293;10,9;-1,907;0,0;0,0;0,0;0,0883;-0,64;1;0,0;0;1;3;0;0
7;HapticsFixedCC;4;114,1667;330,3872;10,9;-1,8426;0,0;0,0;0,0;0,0873;-0,7;1;0,0;0;1;3;0;0
7;HapticsFixedCC;4;114,1805;330,3482;10,9;-1,8297;0,0;0,0;0,0;0,0862;-0,75;1;0,0;0;1;3;0;0
7;HapticsFixedCC;4;114,1944;330,3482;10,9;-1,7697;0,0;0,0;0,0;0,0852;-0,8;1;0,0;0;1;3;0;0
7;HapticsFixedCC;4;114,2083;330,3482;10,9;-1,6998;0,0;0,0;0,0;0,0841;-0,84;1;0,0;0;1;3;0;0
7;HapticsFixedCC;4;114,2222;330,3482;10,9;-1,5067;0,0;0,0;0,0;0,0831;-0,89;1;0,0;0;1;3;0;0
7;HapticsFixedCC;4;114,2361;330,3482;10,9;-1,4031;0,0;0,0;0,0;0,082;-0,93;1;0,0;0;1;3;0;0
7;HapticsFixedCC;4;114,25;330,3482;10,9;-1,2989;0,0;0,0;0,0;0,081;-0,96;1;0,0;0;1;3;0;0
7;HapticsFixedCC;4;114,2639;330,0929;10,9;-1,2051;0,0;0,0;0,0;0,0799;-0,99;1;0,0;0;1;3;0;0
7;HapticsFixedCC;4;114,2778;330,0509;10,9;-1,136;0,0;0,0;0,0;0,0789;-1,03;1;0,0;0;1;3;0;0
7;HapticsFixedCC;4;114,2917;330,0089;10,9;-1,1221;0,0;0,0;0,0;0,0778;-1,06;1;0,0;0;1;3;0;0
7;HapticsFixedCC;4;114,3055;329,9668;10,9;-1,0606;0,0;0,0;0,0;0,0768;-1,09;1;0,0;0;1;3;0;0
7;HapticsFixedCC;4;114,3194;329,9248;10,9;-0,923;0,0;0,0;0,0;0,0757;-1,11;1;0,0;0;1;3;0;0
7;HapticsFixedCC;4;114,3333;329,8968;10,9;-0,83;0,0;0,0;0,0;0,0747;-1,13;1;0,0;0;1;3;0;0
7;HapticsFixedCC;4;114,3472;329,8968;10,9;-0,7369;0,0;0,0;0,0;0,0737;-1,15;1;0,0;0;1;3;0;0
7;HapticsFixedCC;4;114,3611;329,8968;10,9;-0,6813;0,0;0,0;0,0;0,0726;-1,17;1;0,0;0;1;3;0;0
7;HapticsFixedCC;4;114,375;329,8968;10,9;-0,6702;0,0;0,0;0,0;0,0716;-1,19;1;0,0;0;1;3;0;0
7;HapticsFixedCC;4;114,3889;329,8968;10,9;-0,619;0,0;0,0;0,0;0,0706;-1,21;1;0,0;0;1;3;0;0
7;HapticsFixedCC;4;114,4028;329,8968;10,9;-0,5673;0,0;0,0;0,0;0,0695;-1,22;1;0,0;0;1;3;0;0
7;HapticsFixedCC;4;114,4167;329,6305;10,9;-0,4763;0,0;0,0;0,0;0,0685;-1,24;1;0,0;0;1;3;0;0
7;HapticsFixedCC;4;114,4305;329,5885;10,9;-0,4282;0,0;0,0;0,0;0,0675;-1,25;1;0,0;0;1;3;0;0
7;HapticsFixedCC;4;114,4444;329,5464;11,1;-0,395;0,0;0,0;0,0;0,0665;-1,26;1;0,0;0;1;3;0;0
7;HapticsFixedCC;4;114,4583;329,5036;11,1;-0,3642;0,0;0,0;0,0;0,0654;-1,27;1;0,0;0;1;3;0;0
7;HapticsFixedCC;4;114,4722;329,4608;11,1;-0,3483;0,0;0,0;0,0;0,0644;-1,28;1;0,0;0;1;3;0;0
7;HapticsFixedCC;4;114,4861;329,4412;11,1;-0,3452;0,0;0,0;0,0;0,0633;-1,29;1;0,0;0;1;3;0;0
7;HapticsFixedCC;4;114,5;329,4412;11,1;-0,3303;0,0;0,0;0,0;0,0622;-1,3;1;0,0;0;1;3;0;0
7;HapticsFixedCC;4;114,5139;329,4412;11,1;-0,3201;0,0;0,0;0,0;0,0612;-1,3;1;0,0;0;1;3;0;0
7;HapticsFixedCC;4;114,5278;329,4412;11,1;-0,3161;0,0;0,0;0,0;0,0601;-1,31;1;0,0;0;1;3;0;0
7;HapticsFixedCC;4;114,5417;329,4412;11,1;-0,3157;0,0;0,0;0,0;0,059;-1,32;1;0,0;0;1;3;0;0
7;HapticsFixedCC;4;114,5555;329,2039;11,1;-0,3169;0,0;0,0;0,0;0,0579;-1,33;1;0,0;0;1;3;0;0
7;HapticsFixedCC;4;114,5694;329,1611;11,1;-0,3153;0,0;0,0;0,0;0,0568;-1,34;1;0,0;0;1;3;0;0
7;HapticsFixedCC;4;114,5833;329,1183;11,1;-0,31;0,0;0,0;0,0;0,0557;-1,35;1;0,0;0;1;3;0;0
7;HapticsFixedCC;4;114,5972;329,0755;11,1;-0,3089;0,0;0,0;0,0;0,0546;-1,36;1;0,0;0;1;3;0;0
7;HapticsFixedCC;4;114,6111;329,0327;11,1;-0,3038;0,0;0,0;0,0;0,0535;-1,36;1;0,0;0;1;3;0;0
7;HapticsFixedCC;4;114,625;328,9899;11,1;-0,2928;0,0;0,0;0,0;0,0524;-1,37;1;0,0;0;1;3;0;0
7;HapticsFixedCC;4;114,6389;328,9853;11,1;-0,2652;0,0;0,0;0,0;0,0513;-1,38;1;0,0;0;1;3;0;0
7;HapticsFixedCC;4;114,6528;328,9853;11,1;-0,2438;0,0;0,0;0,0;0,0501;-1,39;1;0,0;0;1;3;0;0
7;HapticsFixedCC;4;114,6667;328,9853;11,1;-0,2256;0,0;0,0;0,0;0,049;-1,39;1;0,0;0;1;1;0;0
7;HapticsFixedCC;4;114,6805;328,9853;11,1;-0,2219;0,0;0,0;0,0;0,0479;-1,4;1;0,0;0;1;1;0;0
7;HapticsFixedCC;4;114,6944;328,9853;10,9;-0,2074;0,0;0,0;0,0;0,0468;-1,4;1;0,0;0;1;1;0;0
7;HapticsFixedCC;4;114,7083;328,7338;10,9;-0,1961;0,0;0,0;0,0;0,0457;-1,41;1;0,0;0;1;1;0;0
7;HapticsFixedCC;4;114,7222;328,6918;10,9;-0,1747;0,0;0,0;0,0;0,0446;-1,41;1;0,0;0;1;1;0;0
7;HapticsFixedCC;4;114,7361;328,6497;10,9;-0,0976;0,0;0,0;0,0;0,0436;-1,41;1;0,0;0;1;1;0;0
7;HapticsFixedCC;4;114,75;328,6077;10,9;-0,0822;0,0;0,0;0,0;0,0425;-1,42;1;0,0;0;1;1;0;0
7;HapticsFixedCC;4;114,7639;328,5657;10,9;0,0221;0,0;0,0;0,0;0,0415;-1,42;1;0,0;0;1;1;0;0
7;HapticsFixedCC;4;114,7778;328,53;10,9;0,043;0,0;0,0;0,0;0,0405;-1,41;1;0,0;0;1;1;0;0
7;HapticsFixedCC;4;114,7917;328,53;10,9;0,0926;0,0;0,0;0,0;0,0395;-1,41;1;0,0;0;1;1;0;0
7;HapticsFixedCC;4;114,8055;328,53;10,9;0,1837;0,0;0,0;0,0;0,0386;-1,4;1;0,0;0;1;1;0;0
7;HapticsFixedCC;4;114,8194;328,53;10,9;0,2572;0,0;0,0;0,0;0,0376;-1,4;1;0,0;0;1;1;0;0
7;HapticsFixedCC;4;114,8333;328,53;10,9;0,3659;0,0;0,0;0,0;0,0367;-1,39;1;0,0;0;1;1;0;0
7;HapticsFixedCC;4;114,8472;328,53;10,9;0,4619;0,0;0,0;0,0;0,0358;-1,37;1;0,0;0;1;1;0;0
7;HapticsFixedCC;4;114,8611;328,2714;10,9;0,5386;0,0;0,0;0,0;0,035;-1,36;1;0,0;0;1;1;0;0
7;HapticsFixedCC;4;114,875;328,2293;10,9;0,6023;0,0;0,0;0,0;0,0342;-1,34;1;0,0;0;1;1;0;0
7;HapticsFixedCC;4;114,8889;328,1873;10,9;0,6541;0,0;0,0;0,0;0,0334;-1,32;1;0,0;0;1;1;0;0
7;HapticsFixedCC;4;114,9028;328,1453;10,9;0,6867;0,0;0,0;0,0;0,0326;-1,3;1;0,0;0;1;1;0;0
7;HapticsFixedCC;4;114,9167;328,1032;10,9;0,728;0,0;0,0;0,0;0,0319;-1,28;1;0,0;0;1;1;0;0
7;HapticsFixedCC;4;114,9305;328,0737;10,9;0,7513;0,0;0,0;0,0;0,0312;-1,26;1;0,0;0;1;1;0;0
7;HapticsFixedCC;4;114,9444;328,0737;10,9;0,7605;0,0;0,0;0,0;0,0304;-1,24;1;0,0;0;1;1;0;0
7;HapticsFixedCC;4;114,9583;328,0737;10,9;0,7683;0,0;0,0;0,0;0,0298;-1,22;1;0,0;0;1;1;0;0
7;HapticsFixedCC;4;114,9722;328,0737;10,9;0,7677;0,0;0,0;0,0;0,0291;-1,2;1;0,0;0;1;1;0;0
7;HapticsFixedCC;4;114,9861;328,0737;10,9;0,7619;0,0;0,0;0,0;0,0284;-1,17;1;0,0;0;1;1;0;0
7;HapticsFixedCC;4;115,0;328,0737;10,9;0,7468;0,0;0,0;0,0;0,0278;-1,15;1;0,0;0;1;1;0;0
7;HapticsFixedCC;4;115,0139;327,8089;10,9;0,7254;0,0;0,0;0,0;0,0271;-1,13;1;0,0;0;1;1;0;0
7;HapticsFixedCC;4;115,0278;327,7668;10,9;0,6974;0,0;0,0;0,0;0,0265;-1,11;1;0,0;0;1;1;0;0
7;HapticsFixedCC;4;115,0417;327,7248;10,9;0,6617;0,0;0,0;0,0;0,0258;-1,09;1;0,0;0;1;1;0;0
7;HapticsFixedCC;4;115,0555;327,6827;10,9;0,6212;0,0;0,0;0,0;0,0252;-1,08;1;0,0;0;1;1;0;0
7;HapticsFixedCC;4;115,0694;327,6407;10,9;0,6031;0,0;0,0;0,0;0,0245;-1,06;1;0,0;0;1;1;0;0
7;HapticsFixedCC;4;115,0833;327,6189;10,9;0,5877;0,0;0,0;0,0;0,0239;-1,04;1;0,0;0;1;1;0;0
7;HapticsFixedCC;4;115,0972;327,6189;10,9;0,5785;0,0;0,0;0,0;0,0233;-1,03;1;0,0;0;1;1;0;0
7;HapticsFixedCC;4;115,1111;327,6189;10,9;0,5748;0,0;0,0;0,0;0,0227;-1,01;1;0,0;0;1;1;0;0
7;HapticsFixedCC;4;115,125;327,6189;10,9;0,5786;0,0;0,0;0,0;0,0221;-1,0;1;0,0;0;1;1;0;0
7;HapticsFixedCC;4;115,1389;327,6189;10,9;0,5924;0,0;0,0;0,0;0,0216;-0,98;1;0,0;0;1;1;0;0
7;HapticsFixedCC;4;115,1528;327,3884;10,9;0,6163;0,0;0,0;0,0;0,021;-0,96;1;0,0;0;1;1;0;0
7;HapticsFixedCC;4;115,1667;327,3463;10,9;0,6367;0,0;0,0;0,0;0,0205;-0,94;1;0,0;0;1;1;0;0
7;HapticsFixedCC;4;115,1805;327,3043;10,9;0,6531;0,0;0,0;0,0;0,02;-0,93;1;0,0;0;1;1;0;0
7;HapticsFixedCC;4;115,1944;327,2622;10,9;0,663;0,0;0,0;0,0;0,0195;-0,91;1;0,0;0;1;1;0;0
7;HapticsFixedCC;4;115,2083;327,2202;10,9;0,6696;0,0;0,0;0,0;0,019;-0,89;1;0,0;0;1;1;0;0
7;HapticsFixedCC;4;115,2222;327,1781;10,9;0,6666;0,0;0,0;0,0;0,0185;-0,87;1;0,0;0;1;1;0;0
7;HapticsFixedCC;4;115,2361;327,1619;10,9;0,6568;0,0;0,0;0,0;0,0181;-0,85;1;0,0;0;1;1;0;0
7;HapticsFixedCC;4;115,25;327,1619;10,9;0,6278;0,0;0,0;0,0;0,0177;-0,83;1;0,0;0;1;1;0;0
7;HapticsFixedCC;4;115,2639;327,1619;10,9;0,5919;0,0;0,0;0,0;0,0172;-0,82;1;0,0;0;1;1;0;0
7;HapticsFixedCC;4;115,2778;327,1619;10,9;0,5602;0,0;0,0;0,0;0,0168;-0,8;1;0,0;0;1;1;0;0
7;HapticsFixedCC;4;115,2917;327,1619;10,9;0,526;0,0;0,0;0,0;0,0164;-0,79;1;0,0;0;1;1;0;0
7;HapticsFixedCC;4;115,3055;326,9258;10,9;0,491;0,0;0,0;0,0;0,0159;-0,77;1;0,0;0;1;1;0;0
7;HapticsFixedCC;4;115,3194;326,8838;10,9;0,4649;0,0;0,0;0,0;0,0155;-0,76;1;0,0;0;1;1;0;0
7;HapticsFixedCC;4;115,3333;326,8417;10,9;0,4358;0,0;0,0;0,0;0,0151;-0,75;1;0,0;0;1;1;0;0
7;HapticsFixedCC;4;115,3472;326,7997;10,9;0,4167;0,0;0,0;0,0;0,0147;-0,73;1;0,0;0;1;1;0;0
7;HapticsFixedCC;4;115,3611;326,7576;10,9;0,3985;0,0;0,0;0,0;0,0143;-0,72;1;0,0;0;1;1;0;0
7;HapticsFixedCC;4;115,375;326,7155;10,9;0,3754;0,0;0,0;0,0;0,0139;-0,71;1;0,0;0;1;1;0;0
7;HapticsFixedCC;4;115,3889;326,7076;10,9;0,3557;0,0;0,0;0,0;0,0135;-0,7;1;0,0;0;1;1;0;0
7;HapticsFixedCC;4;115,4028;326,7076;10,9;0,3443;0,0;0,0;0,0;0,0131;-0,69;1;0,0;0;1;1;0;0
7;HapticsFixedCC;4;115,4167;326,7076;10,9;0,3412;0,0;0,0;0,0;0,0127;-0,68;1;0,0;0;1;1;0;0
7;HapticsFixedCC;4;115,4305;326,7076;10,9;0,3407;0,0;0,0;0,0;0,0123;-0,67;1;0,0;0;1;1;0;0
7;HapticsFixedCC;4;115,4444;326,7076;10,9;0,3398;0,0;0,0;0,0;0,0119;-0,66;1;0,0;0;1;1;0;0
7;HapticsFixedCC;4;115,4583;326,4632;10,9;0,334;0,0;0,0;0,0;0,0116;-0,65;1;0,0;0;1;1;0;0
7;HapticsFixedCC;4;115,4722;326,4212;10,9;0,3298;0,0;0,0;0,0;0,0112;-0,64;1;0,0;0;1;1;0;0
7;HapticsFixedCC;4;115,4861;326,3791;10,9;0,329;0,0;0,0;0,0;0,0108;-0,63;1;0,0;0;1;1;0;0
7;HapticsFixedCC;4;115,5;326,3371;10,9;0,3295;0,0;0,0;0,0;0,0105;-0,62;1;0,0;0;1;1;0;0
7;HapticsFixedCC;4;115,5139;326,295;10,9;0,3368;0,0;0,0;0,0;0,0102;-0,61;1;0,0;0;1;1;0;0
7;HapticsFixedCC;4;115,5278;326,253;10,9;0,3457;0,0;0,0;0,0;0,0098;-0,6;1;0,0;0;1;1;0;0
7;HapticsFixedCC;4;115,5417;326,2506;10,9;0,3584;0,0;0,0;0,0;0,0095;-0,59;1;0,0;0;1;1;0;0
7;HapticsFixedCC;4;115,5555;326,2506;10,9;0,3751;0,0;0,0;0,0;0,0092;-0,58;1;0,0;0;1;1;0;0
7;HapticsFixedCC;4;115,5694;326,2506;10,9;0,3886;0,0;0,0;0,0;0,0089;-0,57;1;0,0;0;1;1;0;0
7;HapticsFixedCC;4;115,5833;326,2506;10,9;0,4095;0,0;0,0;0,0;0,0086;-0,56;1;0,0;0;1;1;0;0
7;HapticsFixedCC;4;115,5972;326,2506;10,9;0,4286;0,0;0,0;0,0;0,0083;-0,54;1;0,0;0;1;1;0;0
7;HapticsFixedCC;4;115,6111;326,0007;10,9;0,4429;0,0;0,0;0,0;0,0081;-0,53;1;0,0;0;1;1;0;0
7;HapticsFixedCC;4;115,625;325,9586;10,9;0,4585;0,0;0,0;0,0;0,0078;-0,52;1;0,0;0;1;1;0;0
7;HapticsFixedCC;4;115,6389;325,9166;10,9;0,4693;0,0;0,0;0,0;0,0076;-0,5;1;0,0;0;1;1;0;0
7;HapticsFixedCC;4;115,6528;325,8745;10,9;0,4775;0,0;0,0;0,0;0,0074;-0,49;1;0,0;0;1;1;0;0
7;HapticsFixedCC;4;115,6667;325,8325;10,9;0,477;0,0;0,0;0,0;0,0072;-0,48;1;0,0;0;1;2;0;0
7;HapticsFixedCC;4;115,6805;325,7962;10,9;0,4695;0,0;0,0;0,0;0,007;-0,46;1;0,0;0;1;2;0;0
7;HapticsFixedCC;4;115,6944;325,7962;10,8;0,4469;0,0;0,0;0,0;0,0068;-0,45;1;0,0;0;1;2;0;0
7;HapticsFixedCC;4;115,7083;325,7962;10,8;0,4083;0,0;0,0;0,0;0,0066;-0,44;1;0,0;0;1;2;0;0
7;HapticsFixedCC;4;115,7222;325,7962;10,8;0,3655;0,0;0,0;0,0;0,0064;-0,43;1;0,0;0;1;2;0;0
7;HapticsFixedCC;4;115,7361;325,7962;10,8;0,3222;0,0;0,0;0,0;0,0062;-0,42;1;0,0;0;1;2;0;0
7;HapticsFixedCC;4;115,75;325,7962;10,8;0,2907;0,0;0,0;0,0;0,006;-0,41;1;0,0;0;1;2;0;0
7;HapticsFixedCC;4;115,7639;325,54;10,8;0,2626;0,0;0,0;0,0;0,0058;-0,4;1;0,0;0;1;2;0;0
7;HapticsFixedCC;4;115,7778;325,4984;10,8;0,2352;0,0;0,0;0,0;0,0056;-0,39;1;0,0;0;1;2;0;0
7;HapticsFixedCC;4;115,7917;325,4567;10,8;0,2296;0,0;0,0;0,0;0,0053;-0,39;1;0,0;0;1;2;0;0
7;HapticsFixedCC;4;115,8055;325,4151;10,8;0,19;0,0;0,0;0,0;0,0051;-0,38;1;0,0;0;1;2;0;0
7;HapticsFixedCC;4;115,8194;325,3734;10,8;0,1634;0,0;0,0;0,0;0,0049;-0,38;1;0,0;0;1;2;0;0
7;HapticsFixedCC;4;115,8333;325,3399;10,8;0,1423;0,0;0,0;0,0;0,0047;-0,37;1;0,0;0;1;2;0;0
7;HapticsFixedCC;4;115,8472;325,3399;10,8;0,121;0,0;0,0;0,0;0,0045;-0,37;1;0,0;0;1;2;0;0
7;HapticsFixedCC;4;115,8611;325,3399;10,8;0,106;0,0;0,0;0,0;0,0043;-0,37;1;0,0;0;1;2;0;0
7;HapticsFixedCC;4;115,875;325,3399;10,8;0,0976;0,0;0,0;0,0;0,004;-0,36;1;0,0;0;1;2;0;0
7;HapticsFixedCC;4;115,8889;325,3399;10,8;0,0947;0,0;0,0;0,0;0,0038;-0,36;1;0,0;0;1;2;0;0
7;HapticsFixedCC;4;115,9028;325,3399;10,8;0,094;0,0;0,0;0,0;0,0036;-0,36;1;0,0;0;1;2;0;0
7;HapticsFixedCC;4;115,9167;325,0818;10,8;0,0954;0,0;0,0;0,0;0,0033;-0,35;1;0,0;0;1;2;0;0
7;HapticsFixedCC;4;115,9305;325,0401;10,8;0,0885;0,0;0,0;0,0;0,0031;-0,35;1;0,0;0;1;2;0;0
7;HapticsFixedCC;4;115,9444;324,9984;10,8;0,0844;0,0;0,0;0,0;0,0029;-0,35;1;0,0;0;1;2;0;0
7;HapticsFixedCC;4;115,9583;324,9568;10,6;0,0804;0,0;0,0;0,0;0,0026;-0,35;1;0,0;0;1;2;0;0
7;HapticsFixedCC;4;115,9722;324,9159;10,6;0,0828;0,0;0,0;0,0;0,0024;-0,35;1;0,0;0;1;2;0;0
7;HapticsFixedCC;4;115,9861;324,8847;10,6;0,0871;0,0;0,0;0,0;0,0022;-0,34;1;0,0;0;1;2;0;0
7;HapticsFixedCC;4;116,0;324,8847;10,6;0,0941;0,0;0,0;0,0;0,002;-0,34;1;0,0;0;1;2;0;0
7;HapticsFixedCC;4;116,0139;324,8847;10,6;0,0989;0,0;0,0;0,0;0,0018;-0,34;1;0,0;0;1;2;0;0
7;HapticsFixedCC;4;116,0278;324,8847;10,6;0,104;0,0;0,0;0,0;0,0016;-0,33;1;0,0;0;1;2;0;0
7;HapticsFixedCC;4;116,0417;324,8847;10,6;0,1081;0,0;0,0;0,0;0,0014;-0,33;1;0,0;0;1;2;0;0
7;HapticsFixedCC;4;116,0555;324,8847;10,6;0,1137;0,0;0,0;0,0;0,0012;-0,33;1;0,0;0;1;2;0;0
7;HapticsFixedCC;4;116,0694;324,6296;10,6;0,1242;0,0;0,0;0,0;0,001;-0,32;1;0,0;0;1;2;0;0
7;HapticsFixedCC;4;116,0833;324,5887;10,6;0,1387;0,0;0,0;0,0;0,0008;-0,32;1;0,0;0;1;2;0;0
7;HapticsFixedCC;4;116,0972;324,5479;10,6;0,1655;0,0;0,0;0,0;0,0006;-0,32;1;0,0;0;1;2;0;0
7;HapticsFixedCC;4;116,1111;324,507;10,6;0,2178;0,0;0,0;0,0;0,0005;-0,31;1;0,0;0;1;2;0;0
7;HapticsFixedCC;4;116,125;324,4661;10,6;0,2734;0,0;0,0;0,0;0,0004;-0,3;1;0,0;0;1;2;0;0
7;HapticsFixedCC;4;116,1389;324,429;10,6;0,3293;0,0;0,0;0,0;0,0003;-0,29;1;0,0;0;1;2;0;0
7;HapticsFixedCC;4;116,1528;324,429;10,6;0,3888;0,0;0,0;0,0;0,0002;-0,28;1;0,0;0;1;2;0;0
7;HapticsFixedCC;4;116,1667;324,429;10,6;0,4328;0,0;0,0;0,0;0,0001;-0,27;1;0,0;0;1;2;0;0
7;HapticsFixedCC;4;116,1805;324,429;10,6;0,4768;0,0;0,0;0,0;0,0001;-0,25;1;0,0;0;1;2;0;0
7;HapticsFixedCC;4;116,1944;324,429;10,6;0,5334;0,0;0,0;0,0;0,0001;-0,24;1;0,0;0;1;2;0;0
7;HapticsFixedCC;4;116,2083;324,429;10,6;0,5733;0,0;0,0;0,0;0,0001;-0,22;1;0,0;0;1;2;0;0
7;HapticsFixedCC;4;116,2222;324,1798;10,6;0,6104;0,0;0,0;0,0;0,0001;-0,21;1;0,0;0;1;2;0;0
7;HapticsFixedCC;4;116,2361;324,1389;10,6;0,6305;0,0;0,0;0,0;0,0002;-0,19;1;0,0;0;1;2;0;0
7;HapticsFixedCC;4;116,25;324,098;10,6;0,6466;0,0;0,0;0,0;0,0002;-0,17;1;0,0;0;1;2;0;0
7;HapticsFixedCC;4;116,2639;324,0571;10,6;0,6532;0,0;0,0;0,0;0,0003;-0,15;1;0,0;0;1;2;0;0
7;HapticsFixedCC;4;116,2778;324,0162;10,6;0,6587;0,0;0,0;0,0;0,0004;-0,13;1;0,0;0;1;2;0;0
7;HapticsFixedCC;4;116,2917;323,9753;10,6;0,6582;0,0;0,0;0,0;0,0005;-0,12;1;0,0;0;1;2;0;0
7;HapticsFixedCC;4;116,3055;323,973;10,6;0,6504;0,0;0,0;0,0;0,0006;-0,1;1;0,0;0;1;2;0;0
7;HapticsFixedCC;4;116,3194;323,973;10,6;0,6398;0,0;0,0;0,0;0,0007;-0,08;1;0,0;0;1;2;0;0
7;HapticsFixedCC;4;116,3333;323,973;10,6;0,6146;0,0;0,0;0,0;0,0009;-0,06;1;0,0;0;1;2;0;0
7;HapticsFixedCC;4;116,3472;323,973;10,6;0,5861;0,0;0,0;0,0;0,001;-0,04;1;0,0;0;1;2;0;0
7;HapticsFixedCC;4;116,3611;323,973;10,6;0,5511;0,0;0,0;0,0;0,0012;-0,03;1;0,0;0;1;2;0;0
7;HapticsFixedCC;4;116,375;323,7299;10,6;0,503;0,0;0,0;0,0;0,0013;0,0;1;0,0;0;1;2;0;0
7;HapticsFixedCC;4;116,3889;323,6891;10,6;0,4581;0,0;0,0;0,0;0,0014;0,0;1;0,0;0;1;2;0;0
7;HapticsFixedCC;4;116,4028;323,6482;10,6;0,4155;0,0;0,0;0,0;0,0015;0,0;1;0,0;0;1;2;0;0
7;HapticsFixedCC;4;116,4167;323,6073;10,6;0,3647;0,0;0,0;0,0;0,0017;0,02;1;0,0;0;1;2;0;0
7;HapticsFixedCC;4;116,4305;323,5664;10,6;0,2956;0,0;0,0;0,0;0,0018;0,03;1;0,0;0;1;2;0;0
7;HapticsFixedCC;4;116,4444;323,5255;10,5;0,2328;0,0;0,0;0,0;0,0019;0,03;1;0,0;0;1;2;0;0
7;HapticsFixedCC;4;116,4583;323,5179;10,5;0,1739;0,0;0,0;0,0;0,002;0,04;1;0,0;0;1;2;0;0
7;HapticsFixedCC;4;116,4722;323,5179;10,5;0,1169;0,0;0,0;0,0;0,002;0,04;1;0,0;0;1;2;0;0
7;HapticsFixedCC;4;116,4861;323,5179;10,5;0,0576;0,0;0,0;0,0;0,0021;0,04;1;0,0;0;1;2;0;0
7;HapticsFixedCC;4;116,5;323,5179;10,5;0,0062;0,0;0,0;0,0;0,0022;0,04;1;0,0;0;1;2;0;0
7;HapticsFixedCC;4;116,5139;323,5179;10,5;-0,0426;0,0;0,0;0,0;0,0022;0,04;1;0,0;0;1;2;0;0
7;HapticsFixedCC;4;116,5278;323,2824;10,5;-0,0874;0,0;0,0;0,0;0,0022;0,04;1;0,0;0;1;2;0;0
7;HapticsFixedCC;4;116,5417;323,2419;10,5;-0,1173;0,0;0,0;0,0;0,0023;0,04;1;0,0;0;1;2;0;0
7;HapticsFixedCC;4;116,5555;323,2014;10,5;-0,147;0,0;0,0;0,0;0,0023;0,03;1;0,0;0;1;2;0;0
7;HapticsFixedCC;4;116,5694;323,1609;10,5;-0,1797;0,0;0,0;0,0;0,0022;0,03;1;0,0;0;1;2;0;0
7;HapticsFixedCC;4;116,5833;323,1204;10,5;-0,2078;0,0;0,0;0,0;0,0022;0,03;1;0,0;0;1;2;0;0
7;HapticsFixedCC;4;116,5972;323,0799;10,5;-0,2476;0,0;0,0;0,0;0,0022;0,02;1;0,0;0;1;2;0;0
7;HapticsFixedCC;4;116,6111;323,0611;10,5;-0,2893;0,0;0,0;0,0;0,0021;0,0;1;0,0;0;1;2;0;0
7;HapticsFixedCC;4;116,625;323,0611;10,5;-0,3297;0,0;0,0;0,0;0,002;0,0;1;0,0;0;1;2;0;0
7;HapticsFixedCC;4;116,6389;323,0611;10,5;-0,3716;0,0;0,0;0,0;0,002;0,0;1;0,0;0;1;2;0;0
7;HapticsFixedCC;4;116,6528;323,0611;10,5;-0,4135;0,0;0,0;0,0;0,0019;0,0;1;0,0;0;1;2;0;0
7;HapticsFixedCC;4;116,6667;323,0611;10,5;-0,467;0,0;0,0;0,0;0,0017;-0,03;1;0,0;0;1;8;0;0
7;HapticsFixedCC;4;116,6805;323,0611;10,5;-0,523;0,0;0,0;0,0;0,0016;-0,04;1;0,0;0;1;8;0;0
7;HapticsFixedCC;4;116,6944;322,7963;10,5;-0,5633;0,0;0,0;0,0;0,0014;-0,06;1;0,0;0;1;8;0;0
7;HapticsFixedCC;4;116,7083;322,7558;10,5;-0,6023;0,0;0,0;0,0;0,0013;-0,07;1;0,0;0;1;8;0;0
7;HapticsFixedCC;4;116,7222;322,7153;10,5;-0,6572;0,0;0,0;0,0;0,001;-0,09;1;0,0;0;1;8;0;0
7;HapticsFixedCC;4;116,7361;322,6748;10,5;-0,6927;0,0;0,0;0,0;0,0008;-0,11;1;0,0;0;1;8;0;0
7;HapticsFixedCC;4;116,75;322,6343;10,5;-0,7291;0,0;0,0;0,0;0,0005;-0,13;1;0,0;0;1;8;0;0
7;HapticsFixedCC;4;116,7639;322,6067;10,5;-0,772;0,0;0,0;0,0;0,0003;-0,15;1;0,0;0;1;8;0;0
7;HapticsFixedCC;4;116,7778;322,6067;10,5;-0,8024;0,0;0,0;0,0;0,0;-0,17;1;0,0;0;1;8;0;0
7;HapticsFixedCC;4;116,7917;322,6067;10,5;-0,8336;0,0;0,0;0,0;-0,0004;-0,19;1;0,0;0;1;8;0;0
7;HapticsFixedCC;4;116,8055;322,6067;10,5;-0,8477;0,0;0,0;0,0;-0,0007;-0,21;1;0,0;0;1;8;0;0
7;HapticsFixedCC;4;116,8194;322,6067;10,5;-0,8597;0,0;0,0;0,0;-0,0011;-0,23;1;0,0;0;1;8;0;0
7;HapticsFixedCC;4;116,8333;322,6067;10,5;-0,8655;0,0;0,0;0,0;-0,0015;-0,26;1;0,0;0;1;8;0;0
7;HapticsFixedCC;4;116,8472;322,3507;10,5;-0,8744;0,0;0,0;0,0;-0,0019;-0,28;1;0,0;0;1;8;0;0
7;HapticsFixedCC;4;116,8611;322,3102;10,5;-0,8765;0,0;0,0;0,0;-0,0023;-0,3;1;0,0;0;1;8;0;0
7;HapticsFixedCC;4;116,875;322,2697;10,5;-0,8782;0,0;0,0;0,0;-0,0028;-0,33;1;0,0;0;1;8;0;0
7;HapticsFixedCC;4;116,8889;322,2292;10,5;-0,8764;0,0;0,0;0,0;-0,0032;-0,35;1;0,0;0;1;8;0;0
7;HapticsFixedCC;4;116,9028;322,1887;10,5;-0,8749;0,0;0,0;0,0;-0,0037;-0,37;1;0,0;0;1;8;0;0
7;HapticsFixedCC;4;116,9167;322,1501;10,5;-0,8737;0,0;0,0;0,0;-0,0042;-0,4;1;0,0;0;1;8;0;0
7;HapticsFixedCC;4;116,9305;322,1501;10,5;-0,8734;0,0;0,0;0,0;-0,0047;-0,42;1;0,0;0;1;8;0;0
7;HapticsFixedCC;4;116,9444;322,1501;10,6;-0,8729;0,0;0,0;0,0;-0,0052;-0,44;1;0,0;0;1;8;0;0
7;HapticsFixedCC;4;116,9583;322,1501;10,6;-0,8734;0,0;0,0;0,0;-0,0058;-0,47;1;0,0;0;1;8;0;0
7;HapticsFixedCC;4;116,9722;322,1501;10,6;-0,8761;0,0;0,0;0,0;-0,0063;-0,49;1;0,0;0;1;8;0;0
7;HapticsFixedCC;4;116,9861;322,1501;10,6;-0,8791;0,0;0,0;0,0;-0,0069;-0,51;1;0,0;0;1;8;0;0
7;HapticsFixedCC;4;117,0;321,9037;10,6;-0,8851;0,0;0,0;0,0;-0,0075;-0,54;1;0,0;0;1;8;0;0
7;HapticsFixedCC;4;117,0139;321,8628;10,6;-0,8921;0,0;0,0;0,0;-0,0082;-0,56;1;0,0;0;1;8;0;0
7;HapticsFixedCC;4;117,0278;321,8219;10,6;-0,8962;0,0;0,0;0,0;-0,0088;-0,59;1;0,0;0;1;8;0;0
7;HapticsFixedCC;4;117,0417;321,781;10,6;-0,9017;0,0;0,0;0,0;-0,0095;-0,61;1;0,0;0;1;8;0;0
7;HapticsFixedCC;4;117,0555;321,7401;10,6;-0,9036;0,0;0,0;0,0;-0,0102;-0,63;1;0,0;0;1;8;0;0
7;HapticsFixedCC;4;117,0694;321,6992;10,6;-0,9044;0,0;0,0;0,0;-0,0109;-0,66;1;0,0;0;1;8;0;0
7;HapticsFixedCC;4;117,0833;321,6952;10,6;-0,8979;0,0;0,0;0,0;-0,0117;-0,68;1;0,0;0;1;8;0;0
7;HapticsFixedCC;4;117,0972;321,6952;10,6;-0,8865;0,0;0,0;0,0;-0,0124;-0,71;1;0,0;0;1;8;0;0
7;HapticsFixedCC;4;117,1111;321,6952;10,6;-0,8588;0,0;0,0;0,0;-0,0132;-0,73;1;0,0;0;1;8;0;0
7;HapticsFixedCC;4;117,125;321,6952;10,6;-0,8319;0,0;0,0;0,0;-0,0139;-0,75;1;0,0;0;1;8;0;0
7;HapticsFixedCC;4;117,1389;321,6952;10,6;-0,7949;0,0;0,0;0,0;-0,0147;-0,77;1;0,0;0;1;8;0;0
7;HapticsFixedCC;4;117,1528;321,4539;10,6;-0,748;0,0;0,0;0,0;-0,0154;-0,79;1;0,0;0;1;8;0;0
7;HapticsFixedCC;4;117,1667;321,413;10,6;-0,701;0,0;0,0;0,0;-0,0162;-0,81;1;0,0;0;1;8;0;0
7;HapticsFixedCC;4;117,1805;321,3721;10,6;-0,6496;0,0;0,0;0,0;-0,017;-0,83;1;0,0;0;1;8;0;0
7;HapticsFixedCC;4;117,1944;321,3312;10,5;-0,59;0,0;0,0;0,0;-0,0177;-0,84;1;0,0;0;1;8;0;0
7;HapticsFixedCC;4;117,2083;321,2907;10,5;-0,5245;0,0;0,0;0,0;-0,0185;-0,86;1;0,0;0;1;8;0;0
7;HapticsFixedCC;4;117,2222;321,2502;10,5;-0,4559;0,0;0,0;0,0;-0,0192;-0,87;1;0,0;0;1;8;0;0
7;HapticsFixedCC;4;117,2361;321,2393;10,5;-0,379;0,0;0,0;0,0;-0,0199;-0,88;1;0,0;0;1;8;0;0
7;HapticsFixedCC;4;117,25;321,2393;10,5;-0,3124;0,0;0,0;0,0;-0,0206;-0,89;1;0,0;0;1;8;0;0
7;HapticsFixedCC;4;117,2639;321,2393;10,5;-0,2499;0,0;0,0;0,0;-0,0214;-0,89;1;0,0;0;1;8;0;0
7;HapticsFixedCC;4;117,2778;321,2393;10,5;-0,1857;0,0;0,0;0,0;-0,022;-0,9;1;0,0;0;1;8;0;0
7;HapticsFixedCC;4;117,2917;321,2393;10,5;-0,1311;0,0;0,0;0,0;-0,0227;-0,9;1;0,0;0;1;8;0;0
7;HapticsFixedCC;4;117,3055;321,0072;10,5;-0,0621;0,0;0,0;0,0;-0,0234;-0,9;1;0,0;0;1;8;0;0
7;HapticsFixedCC;4;117,3194;320,9667;10,5;0,0299;0,0;0,0;0,0;-0,024;-0,9;1;0,0;0;1;8;0;0
7;HapticsFixedCC;4;117,3333;320,9261;10,5;0,1285;0,0;0,0;0,0;-0,0246;-0,9;1;0,0;0;1;8;0;0
7;HapticsFixedCC;4;117,3472;320,8857;10,5;0,2215;0,0;0,0;0,0;-0,0252;-0,89;1;0,0;0;1;8;0;0
7;HapticsFixedCC;4;117,3611;320,8452;10,5;0,3381;0,0;0,0;0,0;-0,0257;-0,88;1;0,0;0;1;8;0;0
7;HapticsFixedCC;4;117,375;320,8047;10,5;0,4355;0,0;0,0;0,0;-0,0262;-0,87;1;0,0;0;1;8;0;0
7;HapticsFixedCC;4;117,3889;320,7835;10,5;0,5346;0,0;0,0;0,0;-0,0267;-0,85;1;0,0;0;1;8;0;0
7;HapticsFixedCC;4;117,4028;320,7835;10,5;0,6273;0,0;0,0;0,0;-0,0271;-0,84;1;0,0;0;1;8;0;0
7;HapticsFixedCC;4;117,4167;320,7835;10,5;0,6838;0,0;0,0;0,0;-0,0275;-0,82;1;0,0;0;1;8;0;0
7;HapticsFixedCC;4;117,4305;320,7835;10,5;0,7916;0,0;0,0;0,0;-0,0278;-0,8;1;0,0;0;1;8;0;0
7;HapticsFixedCC;4;117,4444;320,7835;10,5;0,8814;0,0;0,0;0,0;-0,0281;-0,77;1;0,0;0;1;8;0;0
7;HapticsFixedCC;4;117,4583;320,7835;10,5;0,9429;0,0;0,0;0,0;-0,0284;-0,75;1;0,0;0;1;8;0;0
7;HapticsFixedCC;4;117,4722;320,5211;10,5;0,9857;0,0;0,0;0,0;-0,0286;-0,72;1;0,0;0;1;8;0;0
7;HapticsFixedCC;4;117,4861;320,4806;10,5;1,0226;0,0;0,0;0,0;-0,0288;-0,69;1;0,0;0;1;8;0;0
7;HapticsFixedCC;4;117,5;320,4401;10,5;1,0491;0,0;0,0;0,0;-0,029;-0,66;1;0,0;0;1;8;0;0
7;HapticsFixedCC;4;117,5139;320,3996;10,5;1,085;0,0;0,0;0,0;-0,0292;-0,63;1;0,0;0;1;8;0;0
7;HapticsFixedCC;4;117,5278;320,359;10,5;1,1129;0,0;0,0;0,0;-0,0294;-0,6;1;0,0;0;1;8;0;0
7;HapticsFixedCC;4;117,5417;320,3284;10,5;1,1266;0,0;0,0;0,0;-0,0295;-0,57;1;0,0;0;1;8;0;0
7;HapticsFixedCC;4;117,5555;320,3284;10,5;1,144;0,0;0,0;0,0;-0,0296;-0,54;1;0,0;0;1;8;0;0
7;HapticsFixedCC;4;117,5694;320,3284;10,5;1,1503;0,0;0,0;0,0;-0,0296;-0,51;1;0,0;0;1;8;0;0
7;HapticsFixedCC;4;117,5833;320,3284;10,5;1,154;0,0;0,0;0,0;-0,0297;-0,48;1;0,0;0;1;8;0;0
7;HapticsFixedCC;4;117,5972;320,3284;10,5;1,1518;0,0;0,0;0,0;-0,0297;-0,44;1;0,0;0;1;8;0;0
7;HapticsFixedCC;4;117,6111;320,3284;10,5;1,1463;0,0;0,0;0,0;-0,0297;-0,41;1;0,0;0;1;8;0;0
7;HapticsFixedCC;4;117,625;320,0755;10,5;1,1304;0,0;0,0;0,0;-0,0297;-0,38;1;0,0;0;1;8;0;0
7;HapticsFixedCC;4;117,6389;320,0349;10,5;1,1079;0,0;0,0;0,0;-0,0297;-0,35;1;0,0;0;1;8;0;0
7;HapticsFixedCC;4;117,6528;319,9944;10,5;1,0764;0,0;0,0;0,0;-0,0296;-0,32;1;0,0;0;1;8;0;0
7;HapticsFixedCC;4;117,6667;319,9539;10,5;1,0294;0,0;0,0;0,0;-0,0296;-0,3;1;0,0;0;1;8;0;0
7;HapticsFixedCC;4;117,6805;319,9134;10,1;0,9789;0,0;0,0;0,0;-0,0296;-0,27;1;0,0;0;1;5;0;0
7;HapticsFixedCC;4;117,6944;319,8745;10,1;0,9345;0,0;0,0;0,0;-0,0295;-0,25;1;0,0;0;1;5;0;0
7;HapticsFixedCC;4;117,7083;319,8715;10,1;0,905;0,0;0,0;0,0;-0,0294;-0,22;1;0,0;0;1;5;0;0
7;HapticsFixedCC;4;117,7222;319,8715;10,1;0,8797;0,0;0,0;0,0;-0,0293;-0,2;1;0,0;0;1;5;0;0
7;HapticsFixedCC;4;117,7361;319,8715;10,1;0,8746;0,0;0,0;0,0;-0,0292;-0,18;1;0,0;0;1;5;0;0
7;HapticsFixedCC;4;117,75;319,8715;10,1;0,85;0,0;0,0;0,0;-0,0291;-0,16;1;0,0;0;1;5;0;0
7;HapticsFixedCC;4;117,7639;319,8715;10,1;0,839;0,0;0,0;0,0;-0,029;-0,13;1;0,0;0;1;5;0;0
7;HapticsFixedCC;4;117,7778;319,6407;10,1;0,8369;0,0;0,0;0,0;-0,0289;-0,11;1;0,0;0;1;5;0;0
7;HapticsFixedCC;4;117,7917;319,6017;10,1;0,8395;0,0;0,0;0,0;-0,0288;-0,09;1;0,0;0;1;5;0;0
7;HapticsFixedCC;4;117,8055;319,5627;10,1;0,8439;0,0;0,0;0,0;-0,0286;-0,07;1;0,0;0;1;5;0;0
7;HapticsFixedCC;4;117,8194;319,5237;10,1;0,8466;0,0;0,0;0,0;-0,0284;-0,05;1;0,0;0;1;5;0;0
7;HapticsFixedCC;4;117,8333;319,4848;10,1;0,8473;0,0;0,0;0,0;-0,0282;-0,02;1;0,0;0;1;5;0;0
7;HapticsFixedCC;4;117,8472;319,4458;10,1;0,8474;0,0;0,0;0,0;-0,028;0,0;1;0,0;0;1;5;0;0
7;HapticsFixedCC;4;117,8611;319,4171;10,1;0,8504;0,0;0,0;0,0;-0,0278;0,02;1;0,0;0;1;5;0;0
7;HapticsFixedCC;4;117,875;319,4171;10,1;0,8512;0,0;0,0;0,0;-0,0275;0,04;1;0,0;0;1;5;0;0
7;HapticsFixedCC;4;117,8889;319,4171;10,1;0,8538;0,0;0,0;0,0;-0,0272;0,06;1;0,0;0;1;5;0;0
7;HapticsFixedCC;4;117,9028;319,4171;10,1;0,8516;0,0;0,0;0,0;-0,0269;0,09;1;0,0;0;1;5;0;0
7;HapticsFixedCC;4;117,9167;319,4171;10,1;0,8473;0,0;0,0;0,0;-0,0266;0,11;1;0,0;0;1;5;0;0
7;HapticsFixedCC;4;117,9305;319,4171;10,1;0,8385;0,0;0,0;0,0;-0,0263;0,13;1;0,0;0;1;5;0;0
7;HapticsFixedCC;4;117,9444;319,1731;10,1;0,8306;0,0;0,0;0,0;-0,026;0,15;1;0,0;0;1;5;0;0
7;HapticsFixedCC;4;117,9583;319,1341;10,1;0,8287;0,0;0,0;0,0;-0,0257;0,17;1;0,0;0;1;5;0;0
7;HapticsFixedCC;4;117,9722;319,0951;10,1;0,8155;0,0;0,0;0,0;-0,0253;0,19;1;0,0;0;1;5;0;0
7;HapticsFixedCC;4;117,9861;319,0562;10,1;0,8049;0,0;0,0;0,0;-0,0249;0,22;1;0,0;0;1;5;0;0
7;HapticsFixedCC;4;118,0;319,0172;10,1;0,7907;0,0;0,0;0,0;-0,0246;0,24;1;0,0;0;1;5;0;0
7;HapticsFixedCC;4;118,0139;318,9782;10,1;0,7673;0,0;0,0;0,0;-0,0242;0,26;1;0,0;0;1;5;0;0
7;HapticsFixedCC;4;118,0278;318,9607;10,1;0,7394;0,0;0,0;0,0;-0,0238;0,28;1;0,0;0;1;5;0;0
7;HapticsFixedCC;4;118,0417;318,9607;10,1;0,6951;0,0;0,0;0,0;-0,0234;0,29;1;0,0;0;1;5;0;0
7;HapticsFixedCC;4;118,0555;318,9607;10,1;0,6863;0,0;0,0;0,0;-0,023;0,31;1;0,0;0;1;5;0;0
7;HapticsFixedCC;4;118,0694;318,9607;10,1;0,5722;0,0;0,0;0,0;-0,0226;0,33;1;0,0;0;1;5;0;0
7;HapticsFixedCC;4;118,0833;318,9607;10,1;0,4854;0,0;0,0;0,0;-0,0223;0,34;1;0,0;0;1;5;0;0
7;HapticsFixedCC;4;118,0972;318,9607;10,1;0,3957;0,0;0,0;0,0;-0,0219;0,35;1;0,0;0;1;5;0;0
7;HapticsFixedCC;4;118,1111;318,7055;10,1;0,3082;0,0;0,0;0,0;-0,0216;0,36;1;0,0;0;1;5;0;0
7;HapticsFixedCC;4;118,125;318,6665;10,1;0,234;0,0;0,0;0,0;-0,0213;0,37;1;0,0;0;1;5;0;0
7;HapticsFixedCC;4;118,1389;318,6276;10,1;0,1476;0,0;0,0;0,0;-0,021;0,37;1;0,0;0;1;5;0;0
7;HapticsFixedCC;4;118,1528;318,5886;10,1;0,0639;0,0;0,0;0,0;-0,0207;0,37;1;0,0;0;1;5;0;0
7;HapticsFixedCC;4;118,1667;318,5496;10,1;0,0473;0,0;0,0;0,0;-0,0204;0,38;1;0,0;0;1;5;0;0
7;HapticsFixedCC;4;118,1805;318,5107;10,4;-0,0567;0,0;0,0;0,0;-0,0201;0,37;1;0,0;0;1;5;0;0
7;HapticsFixedCC;4;118,1944;318,5055;10,4;-0,136;0,0;0,0;0,0;-0,0199;0,37;1;0,0;0;1;5;0;0
7;HapticsFixedCC;4;118,2083;318,5055;10,4;-0,1694;0,0;0,0;0,0;-0,0197;0,37;1;0,0;0;1;5;0;0
7;HapticsFixedCC;4;118,2222;318,5055;10,4;-0,2007;0,0;0,0;0,0;-0,0194;0,36;1;0,0;0;1;5;0;0
7;HapticsFixedCC;4;118,2361;318,5055;10,4;-0,2368;0,0;0,0;0,0;-0,0192;0,36;1;0,0;0;1;5;0;0
7;HapticsFixedCC;4;118,25;318,5055;10,4;-0,2584;0,0;0,0;0,0;-0,019;0,35;1;0,0;0;1;5;0;0
7;HapticsFixedCC;4;118,2639;318,2699;10,4;-0,2759;0,0;0,0;0,0;-0,0189;0,34;1;0,0;0;1;5;0;0
7;HapticsFixedCC;4;118,2778;318,2298;10,4;-0,2795;0,0;0,0;0,0;-0,0187;0,34;1;0,0;0;1;5;0;0
7;HapticsFixedCC;4;118,2917;318,1897;10,4;-0,282;0,0;0,0;0,0;-0,0185;0,33;1;0,0;0;1;5;0;0
7;HapticsFixedCC;4;118,3055;318,1495;10,4;-0,2714;0,0;0,0;0,0;-0,0183;0,32;1;0,0;0;1;5;0;0
7;HapticsFixedCC;4;118,3194;318,1094;10,4;-0,2471;0,0;0,0;0,0;-0,0182;0,32;1;0,0;0;1;5;0;0
7;HapticsFixedCC;4;118,3333;318,0693;10,4;-0,2139;0,0;0,0;0,0;-0,018;0,31;1;0,0;0;1;5;0;0
7;HapticsFixedCC;4;118,3472;318,0499;10,4;-0,1804;0,0;0,0;0,0;-0,0178;0,31;1;0,0;0;1;5;0;0
7;HapticsFixedCC;4;118,3611;318,0499;10,4;-0,1421;0,0;0,0;0,0;-0,0176;0,3;1;0,0;0;1;5;0;0
7;HapticsFixedCC;4;118,375;318,0499;10,4;-0,1342;0,0;0,0;0,0;-0,0174;0,3;1;0,0;0;1;5;0;0
7;HapticsFixedCC;4;118,3889;318,0499;10,4;-0,0849;0,0;0,0;0,0;-0,0172;0,3;1;0,0;0;1;5;0;0
7;HapticsFixedCC;4;118,4028;318,0499;10,4;-0,0555;0,0;0,0;0,0;-0,017;0,3;1;0,0;0;1;5;0;0
7;HapticsFixedCC;4;118,4167;318,0499;10,4;-0,0317;0,0;0,0;0,0;-0,0168;0,3;1;0,0;0;1;5;0;0
7;HapticsFixedCC;4;118,4305;317,7885;10,4;-0,0145;0,0;0,0;0,0;-0,0166;0,3;1;0,0;0;1;5;0;0
7;HapticsFixedCC;4;118,4444;317,7483;10,2;0,0001;0,0;0,0;0,0;-0,0163;0,3;1;0,0;0;1;5;0;0
7;HapticsFixedCC;4;118,4583;317,709;10,2;0,0081;0,0;0,0;0,0;-0,0161;0,3;1;0,0;0;1;5;0;0
7;HapticsFixedCC;4;118,4722;317,6696;10,2;0,0105;0,0;0,0;0,0;-0,0159;0,3;1;0,0;0;1;5;0;0
7;HapticsFixedCC;4;118,4861;317,6303;10,2;0,011;0,0;0,0;0,0;-0,0157;0,3;1;0,0;0;1;5;0;0
7;HapticsFixedCC;4;118,5;317,5936;10,2;-0,0026;0,0;0,0;0,0;-0,0154;0,3;1;0,0;0;1;5;0;0
7;HapticsFixedCC;4;118,5139;317,5936;10,2;-0,02;0,0;0,0;0,0;-0,0152;0,3;1;0,0;0;1;5;0;0
7;HapticsFixedCC;4;118,5278;317,5936;10,2;-0,0351;0,0;0,0;0,0;-0,015;0,3;1;0,0;0;1;5;0;0
7;HapticsFixedCC;4;118,5417;317,5936;10,2;-0,0477;0,0;0,0;0,0;-0,0148;0,3;1;0,0;0;1;5;0;0
7;HapticsFixedCC;4;118,5555;317,5936;10,2;-0,0591;0,0;0,0;0,0;-0,0146;0,3;1;0,0;0;1;5;0;0
7;HapticsFixedCC;4;118,5694;317,5936;10,2;-0,0685;0,0;0,0;0,0;-0,0144;0,3;1;0,0;0;1;5;0;0
7;HapticsFixedCC;4;118,5833;317,3548;10,2;-0,0739;0,0;0,0;0,0;-0,0142;0,29;1;0,0;0;1;5;0;0
7;HapticsFixedCC;4;118,5972;317,3155;10,2;-0,0752;0,0;0,0;0,0;-0,014;0,29;1;0,0;0;1;5;0;0
7;HapticsFixedCC;4;118,6111;317,2761;10,2;-0,0852;0,0;0,0;0,0;-0,0138;0,29;1;0,0;0;1;5;0;0
7;HapticsFixedCC;4;118,625;317,2368;10,2;-0,0839;0,0;0,0;0,0;-0,0136;0,29;1;0,0;0;1;5;0;0
7;HapticsFixedCC;4;118,6389;317,1974;10,2;-0,0778;0,0;0,0;0,0;-0,0134;0,29;1;0,0;0;1;5;0;0
7;HapticsFixedCC;4;118,6528;317,1581;10,2;-0,0659;0,0;0,0;0,0;-0,0132;0,29;1;0,0;0;1;5;0;0
7;HapticsFixedCC;4;118,6667;317,1388;10,2;-0,0457;0,0;0,0;0,0;-0,0131;0,29;1;0,0;0;1;5;0;0
7;HapticsFixedCC;4;118,6805;317,1388;10,2;-0,0418;0,0;0,0;0,0;-0,0129;0,28;1;0,0;0;1;4;0;0
7;HapticsFixedCC;4;118,6944;317,1388;10,2;-0,0288;0,0;0,0;0,0;-0,0127;0,28;1;0,0;0;1;4;0;0
7;HapticsFixedCC;4;118,7083;317,1388;10,2;-0,006;0,0;0,0;0,0;-0,0124;0,28;1;0,0;0;1;4;0;0
7;HapticsFixedCC;4;118,7222;317,1388;10,2;0,0064;0,0;0,0;0,0;-0,0122;0,29;1;0,0;0;1;4;0;0
7;HapticsFixedCC;4;118,7361;317,1388;10,2;0,0153;0,0;0,0;0,0;-0,012;0,29;1;0,0;0;1;4;0;0
7;HapticsFixedCC;4;118,75;316,8826;10,2;0,026;0,0;0,0;0,0;-0,0118;0,29;1;0,0;0;1;4;0;0
7;HapticsFixedCC;4;118,7639;316,8433;10,2;0,0367;0,0;0,0;0,0;-0,0116;0,29;1;0,0;0;1;4;0;0
7;HapticsFixedCC;4;118,7778;316,8039;10,2;0,0452;0,0;0,0;0,0;-0,0114;0,29;1;0,0;0;1;4;0;0
7;HapticsFixedCC;4;118,7917;316,7646;10,2;0,0498;0,0;0,0;0,0;-0,0111;0,29;1;0,0;0;1;4;0;0
7;HapticsFixedCC;4;118,8055;316,7252;10,2;0,0509;0,0;0,0;0,0;-0,0109;0,29;1;0,0;0;1;4;0;0
7;HapticsFixedCC;4;118,8194;316,6859;10,2;0,0566;0,0;0,0;0,0;-0,0107;0,29;1;0,0;0;1;4;0;0
7;HapticsFixedCC;4;118,8333;316,6822;10,2;0,0575;0,0;0,0;0,0;-0,0105;0,3;1;0,0;0;1;4;0;0
7;HapticsFixedCC;4;118,8472;316,6822;10,2;0,0567;0,0;0,0;0,0;-0,0102;0,3;1;0,0;0;1;4;0;0
7;HapticsFixedCC;4;118,8611;316,6822;10,2;0,0481;0,0;0,0;0,0;-0,01;0,3;1;0,0;0;1;4;0;0
7;HapticsFixedCC;4;118,875;316,6822;10,2;0,0359;0,0;0,0;0,0;-0,0097;0,3;1;0,0;0;1;4;0;0
7;HapticsFixedCC;4;118,8889;316,6822;10,2;0,0184;0,0;0,0;0,0;-0,0095;0,3;1;0,0;0;1;4;0;0
7;HapticsFixedCC;4;118,9028;316,4498;10,2;-0,0077;0,0;0,0;0,0;-0,0093;0,3;1;0,0;0;1;4;0;0
7;HapticsFixedCC;4;118,9167;316,4104;10,2;-0,0128;0,0;0,0;0,0;-0,0091;0,3;1;0,0;0;1;4;0;0
7;HapticsFixedCC;4;118,9305;316,3711;10,2;-0,025;0,0;0,0;0,0;-0,0089;0,3;1;0,0;0;1;4;0;0
7;HapticsFixedCC;4;118,9444;316,3317;10,1;-0,0391;0,0;0,0;0,0;-0,0087;0,3;1;0,0;0;1;4;0;0
7;HapticsFixedCC;4;118,9583;316,2928;10,1;-0,0424;0,0;0,0;0,0;-0,0084;0,3;1;0,0;0;1;4;0;0
7;HapticsFixedCC;4;118,9722;316,2538;10,1;-0,0407;0,0;0,0;0,0;-0,0082;0,3;1;0,0;0;1;4;0;0
7;HapticsFixedCC;4;118,9861;316,2273;10,1;-0,0369;0,0;0,0;0,0;-0,008;0,3;1;0,0;0;1;4;0;0
7;HapticsFixedCC;4;119,0;316,2273;10,1;-0,0361;0,0;0,0;0,0;-0,0078;0,3;1;0,0;0;1;4;0;0
7;HapticsFixedCC;4;119,0139;316,2273;10,1;-0,0295;0,0;0,0;0,0;-0,0076;0,3;1;0,0;0;1;4;0;0
7;HapticsFixedCC;4;119,0278;316,2273;10,1;0,0075;0,0;0,0;0,0;-0,0074;0,3;1;0,0;0;1;4;0;0
7;HapticsFixedCC;4;119,0417;316,2273;10,1;0,0511;0,0;0,0;0,0;-0,0071;0,3;1;0,0;0;1;4;0;0
7;HapticsFixedCC;4;119,0555;316,2273;10,1;0,0929;0,0;0,0;0,0;-0,0069;0,31;1;0,0;0;1;4;0;0
7;HapticsFixedCC;4;119,0694;315,981;10,1;0,1288;0,0;0,0;0,0;-0,0066;0,31;1;0,0;0;1;4;0;0
7;HapticsFixedCC;4;119,0833;315,942;10,1;0,1458;0,0;0,0;0,0;-0,0063;0,31;1;0,0;0;1;4;0;0
7;HapticsFixedCC;4;119,0972;315,9031;10,1;0,1611;0,0;0,0;0,0;-0,0061;0,32;1;0,0;0;1;4;0;0
7;HapticsFixedCC;4;119,1111;315,8641;10,1;0,1643;0,0;0,0;0,0;-0,0058;0,32;1;0,0;0;1;4;0;0
7;HapticsFixedCC;4;119,125;315,8252;10,1;0,1651;0,0;0,0;0,0;-0,0055;0,33;1;0,0;0;1;4;0;0
7;HapticsFixedCC;4;119,1389;315,7862;10,1;0,1617;0,0;0,0;0,0;-0,0052;0,33;1;0,0;0;1;4;0;0
7;HapticsFixedCC;4;119,1528;315,7715;10,1;0,1485;0,0;0,0;0,0;-0,0049;0,34;1;0,0;0;1;4;0;0
7;HapticsFixedCC;4;119,1667;315,7715;10,1;0,1156;0,0;0,0;0,0;-0,0046;0,34;1;0,0;0;1;4;0;0
7;HapticsFixedCC;4;119,1805;315,7715;10,1;0,09;0,0;0,0;0,0;-0,0044;0,34;1;0,0;0;1;4;0;0
7;HapticsFixedCC;4;119,1944;315,7715;10,1;0,0744;0,0;0,0;0,0;-0,0041;0,35;1;0,0;0;1;4;0;0
7;HapticsFixedCC;4;119,2083;315,7715;10,1;0,0648;0,0;0,0;0,0;-0,0039;0,35;1;0,0;0;1;4;0;0
7;HapticsFixedCC;4;119,2222;315,7715;10,1;0,0553;0,0;0,0;0,0;-0,0036;0,35;1;0,0;0;1;4;0;0
7;HapticsFixedCC;4;119,2361;315,5134;10,1;0,0536;0,0;0,0;0,0;-0,0033;0,35;1;0,0;0;1;4;0;0
7;HapticsFixedCC;4;119,25;315,4745;10,1;0,0469;0,0;0,0;0,0;-0,0031;0,35;1;0,0;0;1;4;0;0
7;HapticsFixedCC;4;119,2639;315,4355;10,1;0,0396;0,0;0,0;0,0;-0,0028;0,35;1;0,0;0;1;4;0;0
7;HapticsFixedCC;4;119,2778;315,3965;10,1;0,0355;0,0;0,0;0,0;-0,0025;0,36;1;0,0;0;1;4;0;0
7;HapticsFixedCC;4;119,2917;315,3576;10,1;0,0312;0,0;0,0;0,0;-0,0023;0,36;1;0,0;0;1;4;0;0
7;HapticsFixedCC;4;119,3055;315,3186;10,1;0,0221;0,0;0,0;0,0;-0,002;0,36;1;0,0;0;1;4;0;0
7;HapticsFixedCC;4;119,3194;315,3155;10,1;0,0203;0,0;0,0;0,0;-0,0017;0,36;1;0,0;0;1;4;0;0
7;HapticsFixedCC;4;119,3333;315,3155;10,1;0,0094;0,0;0,0;0,0;-0,0015;0,36;1;0,0;0;1;4;0;0
7;HapticsFixedCC;4;119,3472;315,3155;10,1;-0,0051;0,0;0,0;0,0;-0,0012;0,36;1;0,0;0;1;4;0;0
7;HapticsFixedCC;4;119,3611;315,3155;10,1;-0,0272;0,0;0,0;0,0;-0,001;0,36;1;0,0;0;1;4;0;0
7;HapticsFixedCC;4;119,375;315,3155;10,1;-0,0424;0,0;0,0;0,0;-0,0007;0,36;1;0,0;0;1;4;0;0
7;HapticsFixedCC;4;119,3889;315,0848;10,1;-0,0505;0,0;0,0;0,0;-0,0004;0,36;1;0,0;0;1;4;0;0
7;HapticsFixedCC;4;119,4028;315,0458;10,1;-0,0551;0,0;0,0;0,0;-0,0002;0,36;1;0,0;0;1;4;0;0
7;HapticsFixedCC;4;119,4167;315,0069;10,1;-0,0553;0,0;0,0;0,0;0,0;0,36;1;0,0;0;1;4;0;0
7;HapticsFixedCC;4;119,4305;314,9679;10,1;-0,051;0,0;0,0;0,0;0,0003;0,36;1;0,0;0;1;4;0;0
7;HapticsFixedCC;4;119,4444;314,929;10,1;-0,0501;0,0;0,0;0,0;0,0006;0,36;1;0,0;0;1;4;0;0
7;HapticsFixedCC;4;119,4583;314,89;10,1;-0,0433;0,0;0,0;0,0;0,0008;0,36;1;0,0;0;1;4;0;0
7;HapticsFixedCC;4;119,4722;314,8605;10,1;-0,0349;0,0;0,0;0,0;0,0011;0,35;1;0,0;0;1;4;0;0
7;HapticsFixedCC;4;119,4861;314,8605;10,1;-0,0149;0,0;0,0;0,0;0,0013;0,35;1;0,0;0;1;4;0;0
7;HapticsFixedCC;4;119,5;314,8605;10,1;0,0026;0,0;0,0;0,0;0,0016;0,36;1;0,0;0;1;4;0;0
7;HapticsFixedCC;4;119,5139;314,8605;10,1;0,0242;0,0;0,0;0,0;0,0018;0,36;1;0,0;0;1;4;0;0
7;HapticsFixedCC;4;119,5278;314,8605;10,1;0,0447;0,0;0,0;0,0;0,0021;0,36;1;0,0;0;1;4;0;0
7;HapticsFixedCC;4;119,5417;314,8605;10,1;0,0597;0,0;0,0;0,0;0,0024;0,36;1;0,0;0;1;4;0;0
7;HapticsFixedCC;4;119,5555;314,6172;10,1;0,0629;0,0;0,0;0,0;0,0026;0,36;1;0,0;0;1;4;0;0
7;HapticsFixedCC;4;119,5694;314,5782;10,1;0,0716;0,0;0,0;0,0;0,0029;0,36;1;0,0;0;1;4;0;0
7;HapticsFixedCC;4;119,5833;314,5393;10,1;0,065;0,0;0,0;0,0;0,0032;0,37;1;0,0;0;1;4;0;0
7;HapticsFixedCC;4;119,5972;314,5003;10,1;0,0452;0,0;0,0;0,0;0,0035;0,37;1;0,0;0;1;4;0;0
7;HapticsFixedCC;4;119,6111;314,4614;10,1;0,0178;0,0;0,0;0,0;0,0038;0,37;1;0,0;0;1;4;0;0
7;HapticsFixedCC;4;119,625;314,4224;10,1;-0,0229;0,0;0,0;0,0;0,004;0,37;1;0,0;0;1;4;0;0
7;HapticsFixedCC;4;119,6389;314,4039;10,1;-0,031;0,0;0,0;0,0;0,0043;0,37;1;0,0;0;1;4;0;0
7;HapticsFixedCC;4;119,6528;314,4039;10,1;-0,049;0,0;0,0;0,0;0,0045;0,37;1;0,0;0;1;4;0;0
7;HapticsFixedCC;4;119,6667;314,4039;10,1;-0,0837;0,0;0,0;0,0;0,0048;0,37;1;0,0;0;1;4;0;0
7;HapticsFixedCC;4;119,6805;314,4039;10,6;-0,105;0,0;0,0;0,0;0,005;0,36;1;0,0;0;1;4;0;0
7;HapticsFixedCC;4;119,6944;314,4039;10,6;-0,1128;0,0;0,0;0,0;0,0053;0,36;1;0,0;0;1;9;0;0
7;HapticsFixedCC;4;119,7083;314,4039;10,6;-0,1119;0,0;0,0;0,0;0,0055;0,36;1;0,0;0;1;9;0;0
7;HapticsFixedCC;4;119,7222;314,1438;10,6;-0,104;0,0;0,0;0,0;0,0058;0,36;1;0,0;0;1;9;0;0
7;HapticsFixedCC;4;119,7361;314,1029;10,6;-0,0864;0,0;0,0;0,0;0,006;0,36;1;0,0;0;1;9;0;0
7;HapticsFixedCC;4;119,75;314,062;10,6;-0,0602;0,0;0,0;0,0;0,0063;0,35;1;0,0;0;1;9;0;0
7;HapticsFixedCC;4;119,7639;314,0211;10,6;-0,055;0,0;0,0;0,0;0,0065;0,35;1;0,0;0;1;9;0;0
7;HapticsFixedCC;4;119,7778;313,9803;10,6;-0,0303;0,0;0,0;0,0;0,0067;0,35;1;0,0;0;1;9;0;0
7;HapticsFixedCC;4;119,7917;313,949;10,6;0,0035;0,0;0,0;0,0;0,007;0,35;1;0,0;0;1;9;0;0
7;HapticsFixedCC;4;119,8055;313,949;10,6;0,0706;0,0;0,0;0,0;0,0072;0,36;1;0,0;0;1;9;0;0
7;HapticsFixedCC;4;119,8194;313,949;10,6;0,1075;0,0;0,0;0,0;0,0075;0,36;1;0,0;0;1;9;0;0
7;HapticsFixedCC;4;119,8333;313,949;10,6;0,133;0,0;0,0;0,0;0,0078;0,36;1;0,0;0;1;9;0;0
7;HapticsFixedCC;4;119,8472;313,949;10,6;0,1446;0,0;0,0;0,0;0,0081;0,37;1;0,0;0;1;9;0;0
7;HapticsFixedCC;4;119,8611;313,949;10,6;0,1576;0,0;0,0;0,0;0,0084;0,37;1;0,0;0;1;9;0;0
7;HapticsFixedCC;4;119,875;313,694;10,6;0,1602;0,0;0,0;0,0;0,0087;0,38;1;0,0;0;1;9;0;0
7;HapticsFixedCC;4;119,8889;313,6531;10,6;0,1642;0,0;0,0;0,0;0,009;0,38;1;0,0;0;1;9;0;0
7;HapticsFixedCC;4;119,9028;313,6122;10,6;0,1536;0,0;0,0;0,0;0,0093;0,39;1;0,0;0;1;9;0;0
7;HapticsFixedCC;4;119,9167;313,5714;10,6;0,1328;0,0;0,0;0,0;0,0096;0,39;1;0,0;0;1;9;0;0
7;HapticsFixedCC;4;119,9305;313,5305;10,6;0,1121;0,0;0,0;0,0;0,0099;0,4;1;0,0;0;1;9;0;0
7;HapticsFixedCC;4;119,9444;313,4933;10,6;0,0865;0,0;0,0;0,0;0,0102;0,4;1;0,0;0;1;9;0;0
7;HapticsFixedCC;4;119,9583;313,4933;10,6;0,0814;0,0;0,0;0,0;0,0105;0,4;1;0,0;0;1;9;0;0
7;HapticsFixedCC;4;119,9722;313,4933;10,6;0,068;0,0;0,0;0,0;0,0108;0,4;1;0,0;0;1;9;0;0
7;HapticsFixedCC;4;119,9861;313,4933;10,6;0,0552;0,0;0,0;0,0;0,0111;0,41;1;0,0;0;1;9;0;0
7;HapticsFixedCC;4;120,0;313,4933;10,6;0,0398;0,0;0,0;0,0;0,0114;0,41;1;0,0;0;1;9;0;0
7;HapticsFixedCC;4;120,0139;313,4933;10,6;0,0336;0,0;0,0;0,0;0,0117;0,41;1;0,0;0;1;9;0;0
7;HapticsFixedCC;4;120,0278;313,2442;10,6;0,0289;0,0;0,0;0,0;0,012;0,41;1;0,0;0;1;9;0;0
7;HapticsFixedCC;4;120,0417;313,2033;10,6;0,0233;0,0;0,0;0,0;0,0122;0,41;1;0,0;0;1;9;0;0
7;HapticsFixedCC;4;120,0555;313,1624;10,6;0,0197;0,0;0,0;0,0;0,0125;0,41;1;0,0;0;1;9;0;0
7;HapticsFixedCC;4;120,0694;313,1215;10,6;0,0132;0,0;0,0;0,0;0,0128;0,41;1;0,0;0;1;9;0;0
7;HapticsFixedCC;4;120,0833;313,0806;10,6;0,0118;0,0;0,0;0,0;0,0131;0,41;1;0,0;0;1;9;0;0
7;HapticsFixedCC;4;120,0972;313,0397;10,6;0,0124;0,0;0,0;0,0;0,0134;0,41;1;0,0;0;1;9;0;0
7;HapticsFixedCC;4;120,1111;313,0372;10,6;0,0139;0,0;0,0;0,0;0,0137;0,41;1;0,0;0;1;9;0;0
7;HapticsFixedCC;4;120,125;313,0372;10,6;0,0315;0,0;0,0;0,0;0,0141;0,42;1;0,0;0;1;9;0;0
7;HapticsFixedCC;4;120,1389;313,0372;10,6;0,0419;0,0;0,0;0,0;0,0144;0,42;1;0,0;0;1;9;0;0
7;HapticsFixedCC;4;120,1528;313,0372;10,6;0,0514;0,0;0,0;0,0;0,0147;0,42;1;0,0;0;1;9;0;0
7;HapticsFixedCC;4;120,1667;313,0372;10,6;0,06;0,0;0,0;0,0;0,015;0,42;1;0,0;0;1;9;0;0
7;HapticsFixedCC;4;120,1805;312,7944;10,6;0,0617;0,0;0,0;0,0;0,0154;0,42;1;0,0;0;1;9;0;0
7;HapticsFixedCC;4;120,1944;312,7535;10,4;0,0634;0,0;0,0;0,0;0,0157;0,43;1;0,0;0;1;9;0;0
7;HapticsFixedCC;4;120,2083;312,7134;10,4;0,0635;0,0;0,0;0,0;0,0161;0,43;1;0,0;0;1;9;0;0
7;HapticsFixedCC;4;120,2222;312,6732;10,4;0,064;0,0;0,0;0,0;0,0164;0,43;1;0,0;0;1;9;0;0
7;HapticsFixedCC;4;120,2361;312,6331;10,4;0,0641;0,0;0,0;0,0;0,0167;0,43;1;0,0;0;1;9;0;0
7;HapticsFixedCC;4;120,25;312,593;10,4;0,0624;0,0;0,0;0,0;0,017;0,43;1;0,0;0;1;9;0;0
7;HapticsFixedCC;4;120,2639;312,5822;10,4;0,0594;0,0;0,0;0,0;0,0173;0,44;1;0,0;0;1;9;0;0
7;HapticsFixedCC;4;120,2778;312,5822;10,4;0,0588;0,0;0,0;0,0;0,0177;0,44;1;0,0;0;1;9;0;0
7;HapticsFixedCC;4;120,2917;312,5822;10,4;0,053;0,0;0,0;0,0;0,018;0,44;1;0,0;0;1;9;0;0
7;HapticsFixedCC;4;120,3055;312,5822;10,4;0,0472;0,0;0,0;0,0;0,0183;0,44;1;0,0;0;1;9;0;0
7;HapticsFixedCC;4;120,3194;312,5822;10,4;0,0343;0,0;0,0;0,0;0,0186;0,44;1;0,0;0;1;9;0;0
7;HapticsFixedCC;4;120,3333;312,3523;10,4;0,0164;0,0;0,0;0,0;0,0189;0,44;1;0,0;0;1;9;0;0
7;HapticsFixedCC;4;120,3472;312,3121;10,4;-0,0047;0,0;0,0;0,0;0,0192;0,44;1;0,0;0;1;9;0;0
7;HapticsFixedCC;4;120,3611;312,272;10,4;-0,0319;0,0;0,0;0,0;0,0195;0,44;1;0,0;0;1;9;0;0
7;HapticsFixedCC;4;120,375;312,2319;10,4;-0,0468;0,0;0,0;0,0;0,0198;0,44;1;0,0;0;1;9;0;0
7;HapticsFixedCC;4;120,3889;312,1918;10,4;-0,062;0,0;0,0;0,0;0,0201;0,44;1;0,0;0;1;9;0;0
7;HapticsFixedCC;4;120,4028;312,1516;10,4;-0,0706;0,0;0,0;0,0;0,0204;0,44;1;0,0;0;1;9;0;0
7;HapticsFixedCC;4;120,4167;312,1257;10,4;-0,0769;0,0;0,0;0,0;0,0206;0,44;1;0,0;0;1;9;0;0
7;HapticsFixedCC;4;120,4305;312,1257;10,4;-0,0787;0,0;0,0;0,0;0,0209;0,43;1;0,0;0;1;9;0;0
7;HapticsFixedCC;4;120,4444;312,1257;10,4;-0,0679;0,0;0,0;0,0;0,0212;0,43;1;0,0;0;1;9;0;0
7;HapticsFixedCC;4;120,4583;312,1257;10,4;-0,0583;0,0;0,0;0,0;0,0215;0,43;1;0,0;0;1;9;0;0
7;HapticsFixedCC;4;120,4722;312,1257;10,4;-0,054;0,0;0,0;0,0;0,0217;0,43;1;0,0;0;1;9;0;0
7;HapticsFixedCC;4;120,4861;312,1257;10,4;-0,0531;0,0;0,0;0,0;0,022;0,43;1;0,0;0;1;9;0;0
7;HapticsFixedCC;4;120,5;311,8708;10,4;-0,0512;0,0;0,0;0,0;0,0223;0,43;1;0,0;0;1;9;0;0
7;HapticsFixedCC;4;120,5139;311,8307;10,4;-0,053;0,0;0,0;0,0;0,0226;0,42;1;0,0;0;1;9;0;0
7;HapticsFixedCC;4;120,5278;311,7905;10,4;-0,0788;0,0;0,0;0,0;0,0228;0,42;1;0,0;0;1;9;0;0
7;HapticsFixedCC;4;120,5417;311,7504;10,4;-0,0839;0,0;0,0;0,0;0,0231;0,42;1;0,0;0;1;9;0;0
7;HapticsFixedCC;4;120,5555;311,7103;10,4;-0,0849;0,0;0,0;0,0;0,0234;0,42;1;0,0;0;1;9;0;0
7;HapticsFixedCC;4;120,5694;311,6707;10,4;-0,1251;0,0;0,0;0,0;0,0236;0,41;1;0,0;0;1;9;0;0
7;HapticsFixedCC;4;120,5833;311,6707;10,4;-0,1331;0,0;0,0;0,0;0,0239;0,41;1;0,0;0;1;9;0;0
7;HapticsFixedCC;4;120,5972;311,6707;10,4;-0,1509;0,0;0,0;0,0;0,0241;0,41;1;0,0;0;1;9;0;0
7;HapticsFixedCC;4;120,6111;311,6707;10,4;-0,2041;0,0;0,0;0,0;0,0244;0,4;1;0,0;0;1;9;0;0
7;HapticsFixedCC;4;120,625;311,6707;10,4;-0,2147;0,0;0,0;0,0;0,0246;0,4;1;0,0;0;1;9;0;0
7;HapticsFixedCC;4;120,6389;311,6707;10,4;-0,2543;0,0;0,0;0,0;0,0248;0,39;1;0,0;0;1;9;0;0
7;HapticsFixedCC;4;120,6528;311,4294;10,4;-0,3502;0,0;0,0;0,0;0,025;0,38;1;0,0;0;1;9;0;0
7;HapticsFixedCC;4;120,6667;311,3893;10,4;-0,4214;0,0;0,0;0,0;0,0252;0,37;1;0,0;0;1;9;0;0
7;HapticsFixedCC;4;120,6805;311,3492;10,4;-0,5069;0,0;0,0;0,0;0,0253;0,36;1;0,0;0;1;9;0;0
7;HapticsFixedCC;4;120,6944;311,3091;10,4;-0,5902;0,0;0,0;0,0;0,0254;0,34;1;0,0;0;1;9;0;0
7;HapticsFixedCC;4;120,7083;311,2689;10,4;-0,6943;0,0;0,0;0,0;0,0255;0,32;1;0,0;0;1;4;1;0
7;HapticsFixedCC;4;120,7222;311,2288;10,4;-0,7151;0,0;0,0;0,0;0,0255;0,3;1;0,0;0;1;4;1;0
7;HapticsFixedCC;4;120,7361;311,215;10,4;-0,7743;0,0;0,0;0,0;0,0256;0,28;1;0,0;0;1;4;1;0
7;HapticsFixedCC;4;120,75;311,215;10,4;-0,8433;0,0;0,0;0,0;0,0256;0,26;1;0,0;0;1;4;1;0
7;HapticsFixedCC;4;120,7639;311,215;10,4;-0,9597;0,0;0,0;0,0;0,0255;0,23;1;0,0;0;1;4;1;0
7;HapticsFixedCC;4;120,7778;311,215;10,4;-1,0304;0,0;0,0;0,0;0,0253;0,21;1;0,0;0;1;4;1;0
7;HapticsFixedCC;4;120,7917;311,215;10,4;-1,0865;0,0;0,0;0,0;0,0252;0,18;1;0,0;0;1;4;1;0
7;HapticsFixedCC;4;120,8055;311,215;10,4;-1,1409;0,0;0,0;0,0;0,025;0,15;1;0,0;0;1;4;1;0
7;HapticsFixedCC;4;120,8194;310,9479;10,4;-1,1682;0,0;0,0;0,0;0,0248;0,12;1;0,0;0;1;4;1;0
7;HapticsFixedCC;4;120,8333;310,9078;10,4;-1,1735;0,0;0,0;0,0;0,0246;0,09;1;0,0;0;1;4;1;0
7;HapticsFixedCC;4;120,8472;310,8677;10,4;-1,1863;0,0;0,0;0,0;0,0244;0,06;1;0,0;0;1;4;1;0
7;HapticsFixedCC;4;120,8611;310,8276;10,4;-1,2043;0,0;0,0;0,0;0,0241;0,02;1;0,0;0;1;4;1;0
7;HapticsFixedCC;4;120,875;310,7874;10,4;-1,2101;0,0;0,0;0,0;0,0238;0,0;1;0,0;0;1;4;1;0
7;HapticsFixedCC;4;120,8889;310,7589;10,1;-1,2039;0,0;0,0;0,0;0,0235;-0,04;1;0,0;0;1;4;1;0
7;HapticsFixedCC;4;120,9028;310,7589;10,1;-1,1916;0,0;0,0;0,0;0,0232;-0,07;1;0,0;0;1;4;1;0
7;HapticsFixedCC;4;120,9167;310,7589;10,1;-1,1891;0,0;0,0;0,0;0,0228;-0,1;1;0,0;0;1;4;1;0
7;HapticsFixedCC;4;120,9305;310,7589;10,1;-1,1676;0,0;0,0;0,0;0,0224;-0,13;1;0,0;0;1;4;1;0
7;HapticsFixedCC;4;120,9444;310,7589;10,1;-1,088;0,0;0,0;0,0;0,0221;-0,16;1;0,0;0;1;4;1;0
7;HapticsFixedCC;4;120,9583;310,7589;10,1;-1,0237;0,0;0,0;0,0;0,0217;-0,18;1;0,0;0;1;4;1;0
7;HapticsFixedCC;4;120,9722;310,5135;10,1;-0,9699;0,0;0,0;0,0;0,0213;-0,21;1;0,0;0;1;4;1;0
7;HapticsFixedCC;4;120,9861;310,4745;10,1;-0,8827;0,0;0,0;0,0;0,021;-0,23;1;0,0;0;1;4;1;0
7;HapticsFixedCC;4;121,0;310,4356;10,1;-0,7848;0,0;0,0;0,0;0,0206;-0,25;1;0,0;0;1;4;1;0
7;HapticsFixedCC;4;121,0139;310,3966;10,1;-0,6731;0,0;0,0;0,0;0,0203;-0,27;1;0,0;0;1;4;1;0
7;HapticsFixedCC;4;121,0278;310,3577;10,1;-0,5327;0,0;0,0;0,0;0,02;-0,28;1;0,0;0;1;4;1;0
7;HapticsFixedCC;4;121,0417;310,3187;10,1;-0,5047;0,0;0,0;0,0;0,0197;-0,29;1;0,0;0;1;4;1;0
7;HapticsFixedCC;4;121,0555;310,3039;10,1;-0,4097;0,0;0,0;0,0;0,0194;-0,3;1;0,0;0;1;4;1;0
7;HapticsFixedCC;4;121,0694;310,3039;10,1;-0,2618;0,0;0,0;0,0;0,0191;-0,31;1;0,0;0;1;4;1;0
7;HapticsFixedCC;4;121,0833;310,3039;10,1;0,1717;0,0;0,0;0,0;0,019;-0,31;1;0,0;0;1;4;1;0
7;HapticsFixedCC;4;121,0972;310,3039;10,1;0,3494;0,0;0,0;0,0;0,0189;-0,3;1;0,0;0;1;4;1;0
7;HapticsFixedCC;4;121,1111;310,3039;10,1;0,5161;0,0;0,0;0,0;0,0188;-0,28;1;0,0;0;1;4;1;0
7;HapticsFixedCC;4;121,125;310,3039;10,1;0,6858;0,0;0,0;0,0;0,0189;-0,26;1;0,0;0;1;4;1;0
7;HapticsFixedCC;4;121,1389;310,0459;10,1;0,8326;0,0;0,0;0,0;0,0189;-0,24;1;0,0;0;1;4;1;0
7;HapticsFixedCC;4;121,1528;310,007;10,1;0,8617;0,0;0,0;0,0;0,019;-0,22;1;0,0;0;1;4;1;0
7;HapticsFixedCC;4;121,1667;309,968;10,1;0,9494;0,0;0,0;0,0;0,0191;-0,19;1;0,0;0;1;4;1;0
7;HapticsFixedCC;4;121,1805;309,929;10,1;1,0387;0,0;0,0;0,0;0,0192;-0,17;1;0,0;0;1;4;1;0
7;HapticsFixedCC;4;121,1944;309,8901;10,1;1,0734;0,0;0,0;0,0;0,0194;-0,14;1;0,0;0;1;4;1;0
7;HapticsFixedCC;4;121,2083;309,8511;10,1;1,1128;0,0;0,0;0,0;0,0196;-0,11;1;0,0;0;1;4;1;0
7;HapticsFixedCC;4;121,2222;309,8476;10,1;1,1267;0,0;0,0;0,0;0,0199;-0,08;1;0,0;0;1;4;1;0
7;HapticsFixedCC;4;121,2361;309,8476;10,1;1,1293;0,0;0,0;0,0;0,0201;-0,05;1;0,0;0;1;4;1;0
7;HapticsFixedCC;4;121,25;309,8476;10,1;1,1352;0,0;0,0;0,0;0,0204;-0,02;1;0,0;0;1;4;1;0
7;HapticsFixedCC;4;121,2639;309,8476;10,1;1,1404;0,0;0,0;0,0;0,0207;0,0;1;0,0;0;1;4;1;0
7;HapticsFixedCC;4;121,2778;309,8476;10,1;1,1138;0,0;0,0;0,0;0,021;0,04;1;0,0;0;1;4;1;0
7;HapticsFixedCC;4;121,2917;309,6173;10,1;1,0674;0,0;0,0;0,0;0,0214;0,07;1;0,0;0;1;4;1;0
7;HapticsFixedCC;4;121,3055;309,5784;10,1;1,0007;0,0;0,0;0,0;0,0217;0,09;1;0,0;0;1;4;1;0
7;HapticsFixedCC;4;121,3194;309,5394;10,1;0,9425;0,0;0,0;0,0;0,022;0,12;1;0,0;0;1;4;1;0
7;HapticsFixedCC;4;121,3333;309,5004;10,1;0,9023;0,0;0,0;0,0;0,0224;0,14;1;0,0;0;1;4;1;0
7;HapticsFixedCC;4;121,3472;309,4615;10,1;0,8651;0,0;0,0;0,0;0,0227;0,17;1;0,0;0;1;4;1;0
7;HapticsFixedCC;4;121,3611;309,4225;10,1;0,8577;0,0;0,0;0,0;0,0231;0,19;1;0,0;0;1;4;1;0
7;HapticsFixedCC;4;121,375;309,3923;10,1;0,8255;0,0;0,0;0,0;0,0234;0,21;1;0,0;0;1;4;1;0
7;HapticsFixedCC;4;121,3889;309,3923;10,2;0,7847;0,0;0,0;0,0;0,0238;0,23;1;0,0;0;1;4;1;0
7;HapticsFixedCC;4;121,4028;309,3923;10,2;0,7162;0,0;0,0;0,0;0,0242;0,25;1;0,0;0;1;4;1;0
7;HapticsFixedCC;4;121,4167;309,3923;10,2;0,6645;0,0;0,0;0,0;0,0245;0,27;1;0,0;0;1;4;1;0
7;HapticsFixedCC;4;121,4305;309,3923;10,2;0,6243;0,0;0,0;0,0;0,0249;0,29;1;0,0;0;1;4;1;0
7;HapticsFixedCC;4;121,4444;309,3923;10,2;0,575;0,0;0,0;0,0;0,0253;0,3;1;0,0;0;1;4;1;0
7;HapticsFixedCC;4;121,4583;309,1478;10,2;0,5653;0,0;0,0;0,0;0,0257;0,32;1;0,0;0;1;4;1;0
7;HapticsFixedCC;4;121,4722;309,1085;10,2;0,5454;0,0;0,0;0,0;0,0261;0,33;1;0,0;0;1;4;1;0
7;HapticsFixedCC;4;121,4861;309,0691;10,2;0,5168;0,0;0,0;0,0;0,0264;0,35;1;0,0;0;1;4;1;0
7;HapticsFixedCC;4;121,5;309,0298;10,2;0,4617;0,0;0,0;0,0;0,0268;0,36;1;0,0;0;1;4;1;0
7;HapticsFixedCC;4;121,5139;308,9904;10,2;0,4365;0,0;0,0;0,0;0,0272;0,37;1;0,0;0;1;4;1;0
7;HapticsFixedCC;4;121,5278;308,951;10,2;0,4109;0,0;0,0;0,0;0,0275;0,38;1;0,0;0;1;4;1;0
7;HapticsFixedCC;4;121,5417;308,9368;10,2;0,3918;0,0;0,0;0,0;0,0279;0,39;1;0,0;0;1;4;1;0
7;HapticsFixedCC;4;121,5555;308,9368;10,2;0,3883;0,0;0,0;0,0;0,0283;0,4;1;0,0;0;1;4;1;0
7;HapticsFixedCC;4;121,5694;308,9368;10,2;0,3604;0,0;0,0;0,0;0,0287;0,41;1;0,0;0;1;4;1;1
7;HapticsFixedCC;4;121,5833;308,9368;10,2;0,3501;0,0;0,0;0,0;0,0291;0,42;1;0,0;0;1;4;1;1
7;HapticsFixedCC;4;121,5972;308,9368;10,2;0,3379;0,0;0,0;0,0;0,0295;0,43;1;0,0;0;1;4;1;1
7;HapticsFixedCC;4;121,6111;308,9368;10,2;0,3258;0,0;0,0;0,0;0,0299;0,44;1;0,0;0;1;4;1;1
7;HapticsFixedCC;4;121,625;308,6756;10,2;0,3193;0,0;0,0;0,0;0,0303;0,45;1;0,0;0;1;4;1;1
7;HapticsFixedCC;4;121,6389;308,6363;10,2;0,318;0,0;0,0;0,0;0,0306;0,46;1;0,0;0;1;4;1;1
7;HapticsFixedCC;4;121,6528;308,5969;10,2;0,313;0,0;0,0;0,0;0,0311;0,47;1;0,0;0;1;4;1;1
7;HapticsFixedCC;4;121,6667;308,5576;10,2;0,3099;0,0;0,0;0,0;0,0315;0,47;1;0,0;0;1;4;1;1
7;HapticsFixedCC;4;121,6805;308,5182;10,2;0,3033;0,0;0,0;0,0;0,0319;0,48;1;0,0;0;1;4;1;1
7;HapticsFixedCC;4;121,6944;308,4803;10,2;0,2944;0,0;0,0;0,0;0,0323;0,49;1;0,0;0;1;4;1;1
7;HapticsFixedCC;4;121,7083;308,4803;10,2;0,2759;0,0;0,0;0,0;0,0328;0,5;1;0,0;0;1;4;1;1
7;HapticsFixedCC;4;121,7222;308,4803;10,2;0,2584;0,0;0,0;0,0;0,0332;0,51;1;0,0;0;1;3;0;1
7;HapticsFixedCC;4;121,7361;308,4803;10,2;0,2262;0,0;0,0;0,0;0,0336;0,51;1;0,0;0;1;3;0;1
7;HapticsFixedCC;4;121,75;308,4803;10,2;0,1801;0,0;0,0;0,0;0,0341;0,52;1;0,0;0;1;3;0;1
7;HapticsFixedCC;4;121,7639;308,4803;10,2;0,1333;0,0;0,0;0,0;0,0345;0,52;1;0,0;0;1;3;0;0
7;HapticsFixedCC;4;121,7778;308,2428;10,2;0,0666;0,0;0,0;0,0;0,0349;0,52;1;0,0;0;1;3;0;0
7;HapticsFixedCC;4;121,7917;308,2034;10,2;0,0261;0,0;0,0;0,0;0,0353;0,52;1;0,0;0;1;3;0;0
7;HapticsFixedCC;4;121,8055;308,1641;10,2;-0,0222;0,0;0,0;0,0;0,0356;0,52;1;0,0;0;1;3;0;0
7;HapticsFixedCC;4;121,8194;308,1247;10,2;-0,0605;0,0;0,0;0,0;0,036;0,52;1;0,0;0;1;3;0;0
7;HapticsFixedCC;4;121,8333;308,0854;10,2;-0,121;0,0;0,0;0,0;0,0363;0,52;1;0,0;0;1;3;0;0
7;HapticsFixedCC;4;121,8472;308,046;10,2;-0,1977;0,0;0,0;0,0;0,0367;0,52;1;0,0;0;1;3;0;0
7;HapticsFixedCC;4;121,8611;308,0256;10,2;-0,2832;0,0;0,0;0,0;0,037;0,51;1;0,0;0;1;3;0;0
7;HapticsFixedCC;4;121,875;308,0256;10,2;-0,3586;0,0;0,0;0,0;0,0372;0,5;1;0,0;0;1;3;0;0
7;HapticsFixedCC;4;121,8889;308,0256;10,1;-0,4241;0,0;0,0;0,0;0,0375;0,49;1;0,0;0;1;3;0;0
7;HapticsFixedCC;4;121,9028;308,0256;10,1;-0,4741;0,0;0,0;0,0;0,0377;0,48;1;0,0;0;1;3;0;0
7;HapticsFixedCC;4;121,9167;308,0256;10,1;-0,5139;0,0;0,0;0,0;0,0379;0,46;1;0,0;0;1;3;0;0
7;HapticsFixedCC;4;121,9305;308,0256;10,1;-0,5381;0,0;0,0;0,0;0,0381;0,45;1;0,0;0;1;3;0;0
7;HapticsFixedCC;4;121,9444;307,7721;10,1;-0,5557;0,0;0,0;0,0;0,0382;0,44;1;0,0;0;1;3;0;0
7;HapticsFixedCC;4;121,9583;307,7331;10,1;-0,5694;0,0;0,0;0,0;0,0384;0,42;1;0,0;0;1;3;0;0
7;HapticsFixedCC;4;121,9722;307,6942;10,1;-0,5764;0,0;0,0;0,0;0,0385;0,41;1;0,0;0;1;3;0;0
7;HapticsFixedCC;4;121,9861;307,6552;10,1;-0,5721;0,0;0,0;0,0;0,0387;0,39;1;0,0;0;1;3;0;0
7;HapticsFixedCC;4;122,0;307,6162;10,1;-0,5487;0,0;0,0;0,0;0,0388;0,38;1;0,0;0;1;3;0;0
7;HapticsFixedCC;4;122,0139;307,5773;10,1;-0,509;0,0;0,0;0,0;0,0389;0,37;1;0,0;0;1;3;0;0
7;HapticsFixedCC;4;122,0278;307,5695;10,1;-0,4639;0,0;0,0;0,0;0,0391;0,36;1;0,0;0;1;3;0;0
7;HapticsFixedCC;4;122,0417;307,5695;10,1;-0,4132;0,0;0,0;0,0;0,0393;0,35;1;0,0;0;1;3;0;0
7;HapticsFixedCC;4;122,0555;307,5695;10,1;-0,3543;0,0;0,0;0,0;0,0394;0,34;1;0,0;0;1;3;0;0
7;HapticsFixedCC;4;122,0694;307,5695;10,1;-0,3073;0,0;0,0;0,0;0,0396;0,33;1;0,0;0;1;3;0;0
7;HapticsFixedCC;4;122,0833;307,5695;10,1;-0,237;0,0;0,0;0,0;0,0398;0,32;1;0,0;0;1;3;0;0
7;HapticsFixedCC;4;122,0972;307,5695;10,1;-0,1613;0,0;0,0;0,0;0,04;0,32;1;0,0;0;1;3;0;0
7;HapticsFixedCC;4;122,1111;307,3045;10,1;-0,0962;0,0;0,0;0,0;0,0402;0,32;1;0,0;0;1;3;0;0
7;HapticsFixedCC;4;122,125;307,2655;10,1;-0,0513;0,0;0,0;0,0;0,0404;0,32;1;0,0;0;1;3;0;0
7;HapticsFixedCC;4;122,1389;307,2266;10,1;0,0081;0,0;0,0;0,0;0,0406;0,32;1;0,0;0;1;3;0;0
7;HapticsFixedCC;4;122,1528;307,1876;10,1;0,0689;0,0;0,0;0,0;0,0409;0,32;1;0,0;0;1;3;0;0
7;HapticsFixedCC;4;122,1667;307,1487;10,1;0,1253;0,0;0,0;0,0;0,0412;0,33;1;0,0;0;1;3;0;0
7;HapticsFixedCC;4;122,1805;307,1138;10,1;0,1655;0,0;0,0;0,0;0,0415;0,33;1;0,0;0;1;3;0;0
7;HapticsFixedCC;4;122,1944;307,1138;10,1;0,2126;0,0;0,0;0,0;0,0418;0,34;1;0,0;0;1;3;0;0
7;HapticsFixedCC;4;122,2083;307,1138;10,1;0,2351;0,0;0,0;0,0;0,0421;0,34;1;0,0;0;1;3;0;0
7;HapticsFixedCC;4;122,2222;307,1138;10,1;0,2675;0,0;0,0;0,0;0,0424;0,35;1;0,0;0;1;3;0;0
7;HapticsFixedCC;4;122,2361;307,1138;10,1;0,285;0,0;0,0;0,0;0,0427;0,36;1;0,0;0;1;3;0;0
7;HapticsFixedCC;4;122,25;307,1138;10,1;0,2892;0,0;0,0;0,0;0,043;0,37;1;0,0;0;1;3;0;0
7;HapticsFixedCC;4;122,2639;306,8759;10,1;0,2936;0,0;0,0;0,0;0,0434;0,37;1;0,0;0;1;3;0;0
7;HapticsFixedCC;4;122,2778;306,8369;10,1;0,2944;0,0;0,0;0,0;0,0437;0,38;1;0,0;0;1;3;0;0
7;HapticsFixedCC;4;122,2917;306,7979;10,1;0,2909;0,0;0,0;0,0;0,0441;0,39;1;0,0;0;1;3;0;0
7;HapticsFixedCC;4;122,3055;306,759;10,1;0,2881;0,0;0,0;0,0;0,0445;0,4;1;0,0;0;1;3;0;0
7;HapticsFixedCC;4;122,3194;306,72;10,1;0,2838;0,0;0,0;0,0;0,0448;0,41;1;0,0;0;1;3;0;0
7;HapticsFixedCC;4;122,3333;306,6811;10,1;0,2737;0,0;0,0;0,0;0,0452;0,41;1;0,0;0;1;3;0;0
7;HapticsFixedCC;4;122,3472;306,6586;10,1;0,2635;0,0;0,0;0,0;0,0456;0,42;1;0,0;0;1;3;0;0
7;HapticsFixedCC;4;122,3611;306,6586;10,1;0,2528;0,0;0,0;0,0;0,0459;0,43;1;0,0;0;1;3;0;0
7;HapticsFixedCC;4;122,375;306,6586;10,1;0,2386;0,0;0,0;0,0;0,0463;0,43;1;0,0;0;1;3;0;0
7;HapticsFixedCC;4;122,3889;306,6586;10,1;0,221;0,0;0,0;0,0;0,0466;0,44;1;0,0;0;1;3;0;0
7;HapticsFixedCC;4;122,4028;306,6586;10,1;0,211;0,0;0,0;0,0;0,047;0,45;1;0,0;0;1;3;0;0
7;HapticsFixedCC;4;122,4167;306,6586;10,1;0,1983;0,0;0,0;0,0;0,0474;0,45;1;0,0;0;1;3;0;0
7;HapticsFixedCC;4;122,4305;306,4083;10,1;0,1911;0,0;0,0;0,0;0,0478;0,46;1;0,0;0;1;3;0;0
7;HapticsFixedCC;4;122,4444;306,3694;10,1;0,1908;0,0;0,0;0,0;0,0481;0,46;1;0,0;0;1;3;0;0
7;HapticsFixedCC;4;122,4583;306,3304;10,1;0,1915;0,0;0,0;0,0;0,0485;0,47;1;0,0;0;1;3;0;0
7;HapticsFixedCC;4;122,4722;306,2914;10,1;0,1952;0,0;0,0;0,0;0,0489;0,47;1;0,0;0;1;3;0;0
7;HapticsFixedCC;4;122,4861;306,2525;10,1;0,2027;0,0;0,0;0,0;0,0493;0,48;1;0,0;0;1;3;0;0
7;HapticsFixedCC;4;122,5;306,2135;10,1;0,2102;0,0;0,0;0,0;0,0497;0,49;1;0,0;0;1;3;0;0
7;HapticsFixedCC;4;122,5139;306,2021;10,1;0,2205;0,0;0,0;0,0;0,0501;0,49;1;0,0;0;1;3;0;0
7;HapticsFixedCC;4;122,5278;306,2021;10,1;0,2298;0,0;0,0;0,0;0,0505;0,5;1;0,0;0;1;3;0;0
7;HapticsFixedCC;4;122,5417;306,2021;10,1;0,2334;0,0;0,0;0,0;0,0509;0,51;1;0,0;0;1;3;0;0
7;HapticsFixedCC;4;122,5555;306,2021;10,1;0,2315;0,0;0,0;0,0;0,0513;0,51;1;0,0;0;1;3;0;0
7;HapticsFixedCC;4;122,5694;306,2021;10,1;0,2239;0,0;0,0;0,0;0,0517;0,52;1;0,0;0;1;3;0;0
7;HapticsFixedCC;4;122,5833;306,2021;10,1;0,2127;0,0;0,0;0,0;0,0521;0,52;1;0,0;0;1;3;0;0
7;HapticsFixedCC;4;122,5972;305,9408;10,1;0,1946;0,0;0,0;0,0;0,0525;0,53;1;0,0;0;1;3;0;0
7;HapticsFixedCC;4;122,6111;305,9018;10,1;0,1703;0,0;0,0;0,0;0,0529;0,54;1;0,0;0;1;3;0;0
7;HapticsFixedCC;4;122,625;305,8628;10,1;0,1493;0,0;0,0;0,0;0,0533;0,54;1;0,0;0;1;3;0;0
7;HapticsFixedCC;4;122,6389;305,8239;10,1;0,1207;0,0;0,0;0,0;0,0537;0,54;1;0,0;0;1;3;0;0
7;HapticsFixedCC;4;122,6528;305,7849;10,1;0,0876;0,0;0,0;0,0;0,054;0,55;1;0,0;0;1;3;0;0
7;HapticsFixedCC;4;122,6667;305,7472;10,1;0,0559;0,0;0,0;0,0;0,0544;0,55;1;0,0;0;1;3;0;0
7;HapticsFixedCC;4;122,6805;305,7472;10,1;0,019;0,0;0,0;0,0;0,0548;0,55;1;0,0;0;1;3;0;0
7;HapticsFixedCC;4;122,6944;305,7472;10,1;-0,0154;0,0;0,0;0,0;0,0551;0,55;1;0,0;0;1;3;0;0
7;HapticsFixedCC;4;122,7083;305,7472;10,1;-0,0536;0,0;0,0;0,0;0,0555;0,55;1;0,0;0;1;3;0;0
7;HapticsFixedCC;4;122,7222;305,7472;10,1;-0,0851;0,0;0,0;0,0;0,0558;0,55;1;0,0;0;1;5;0;0
7;HapticsFixedCC;4;122,7361;305,7472;10,1;-0,1276;0,0;0,0;0,0;0,0562;0,54;1;0,0;0;1;5;0;0
7;HapticsFixedCC;4;122,75;305,5121;10,1;-0,1995;0,0;0,0;0,0;0,0565;0,54;1;0,0;0;1;5;0;0
7;HapticsFixedCC;4;122,7639;305,4732;10,1;-0,2635;0,0;0,0;0,0;0,0567;0,53;1;0,0;0;1;5;0;0
7;HapticsFixedCC;4;122,7778;305,4342;10,1;-0,3442;0,0;0,0;0,0;0,057;0,52;1;0,0;0;1;5;0;0
7;HapticsFixedCC;4;122,7917;305,3953;10,1;-0,4267;0,0;0,0;0,0;0,0572;0,51;1;0,0;0;1;5;0;0
7;HapticsFixedCC;4;122,8055;305,3563;10,1;-0,5451;0,0;0,0;0,0;0,0574;0,5;1;0,0;0;1;5;0;0
7;HapticsFixedCC;4;122,8194;305,3173;10,1;-0,6895;0,0;0,0;0,0;0,0576;0,48;1;0,0;0;1;5;0;0
7;HapticsFixedCC;4;122,8333;305,2915;10,1;-0,7981;0,0;0,0;0,0;0,0577;0,46;1;0,0;0;1;5;0;0
7;HapticsFixedCC;4;122,8472;305,2915;10,1;-0,9019;0,0;0,0;0,0;0,0578;0,44;1;0,0;0;1;5;0;0
7;HapticsFixedCC;4;122,8611;305,2915;10,1;-0,9967;0,0;0,0;0,0;0,0578;0,41;1;0,0;0;1;5;0;0
7;HapticsFixedCC;4;122,875;305,2915;10,1;-1,0486;0,0;0,0;0,0;0,0578;0,39;1;0,0;0;1;5;0;0
7;HapticsFixedCC;4;122,8889;305,2915;10,1;-1,1231;0,0;0,0;0,0;0,0578;0,36;1;0,0;0;1;5;0;0
7;HapticsFixedCC;4;122,9028;305,2915;10,1;-1,1434;0,0;0,0;0,0;0,0578;0,33;1;0,0;0;1;5;0;0
7;HapticsFixedCC;4;122,9167;305,0446;10,1;-1,1473;0,0;0,0;0,0;0,0577;0,3;1;0,0;0;1;5;0;0
7;HapticsFixedCC;4;122,9305;305,0056;10,1;-1,1442;0,0;0,0;0,0;0,0576;0,27;1;0,0;0;1;5;0;0
7;HapticsFixedCC;4;122,9444;304,9666;10,1;-1,1268;0,0;0,0;0,0;0,0575;0,24;1;0,0;0;1;5;0;0
7;HapticsFixedCC;4;122,9583;304,9276;10,1;-1,0993;0,0;0,0;0,0;0,0574;0,21;1;0,0;0;1;5;0;0
7;HapticsFixedCC;4;122,9722;304,8887;10,1;-1,0171;0,0;0,0;0,0;0,0573;0,19;1;0,0;0;1;5;0;0
7;HapticsFixedCC;4;122,9861;304,8497;10,1;-0,9201;0,0;0,0;0,0;0,0572;0,16;1;0,0;0;1;5;0;0
7;HapticsFixedCC;4;123,0;304,8353;10,1;-0,8178;0,0;0,0;0,0;0,0571;0,14;1;0,0;0;1;5;0;0
7;HapticsFixedCC;4;123,0139;304,8353;10,1;-0,7387;0,0;0,0;0,0;0,057;0,12;1;0,0;0;1;5;0;0
7;HapticsFixedCC;4;123,0278;304,8353;10,1;-0,6165;0,0;0,0;0,0;0,0569;0,11;1;0,0;0;1;5;0;0
7;HapticsFixedCC;4;123,0417;304,8353;10,1;-0,4911;0,0;0,0;0,0;0,0568;0,09;1;0,0;0;1;5;0;0
7;HapticsFixedCC;4;123,0555;304,8353;10,1;-0,3114;0,0;0,0;0,0;0,0568;0,09;1;0,0;0;1;5;0;0
7;HapticsFixedCC;4;123,0694;304,8353;10,1;-0,1739;0,0;0,0;0,0;0,0568;0,08;1;0,0;0;1;5;0;0
7;HapticsFixedCC;4;123,0833;304,5769;10,1;-0,092;0,0;0,0;0,0;0,0568;0,08;1;0,0;0;1;5;0;0
7;HapticsFixedCC;4;123,0972;304,538;10,1;0,0226;0,0;0,0;0,0;0,0569;0,08;1;0,0;0;1;5;0;0
7;HapticsFixedCC;4;123,1111;304,499;10,1;0,0996;0,0;0,0;0,0;0,0569;0,08;1;0,0;0;1;5;0;0
7;HapticsFixedCC;4;123,125;304,4601;10,1;0,1643;0,0;0,0;0,0;0,057;0,09;1;0,0;0;1;5;0;0
7;HapticsFixedCC;4;123,1389;304,4211;10,1;0,2015;0,0;0,0;0,0;0,0571;0,09;1;0,0;0;1;5;0;0
7;HapticsFixedCC;4;123,1528;304,3821;10,5;0,2338;0,0;0,0;0,0;0,0573;0,1;1;0,0;0;1;5;0;0
7;HapticsFixedCC;4;123,1667;304,3803;10,5;0,2597;0,0;0,0;0,0;0,0574;0,11;1;0,0;0;1;5;0;0
7;HapticsFixedCC;4;123,1805;304,3803;10,5;0,2917;0,0;0,0;0,0;0,0575;0,12;1;0,0;0;1;5;0;0
7;HapticsFixedCC;4;123,1944;304,3803;10,5;0,305;0,0;0,0;0,0;0,0577;0,12;1;0,0;0;1;5;0;0
7;HapticsFixedCC;4;123,2083;304,3803;10,5;0,3112;0,0;0,0;0,0;0,0578;0,13;1;0,0;0;1;5;0;0
7;HapticsFixedCC;4;123,2222;304,3803;10,5;0,3148;0,0;0,0;0,0;0,058;0,14;1;0,0;0;1;5;0;0
7;HapticsFixedCC;4;123,2361;304,1391;10,5;0,3026;0,0;0,0;0,0;0,0582;0,15;1;0,0;0;1;5;0;0
7;HapticsFixedCC;4;123,25;304,0986;10,5;0,2844;0,0;0,0;0,0;0,0584;0,16;1;0,0;0;1;5;0;0
7;HapticsFixedCC;4;123,2639;304,058;10,5;0,2453;0,0;0,0;0,0;0,0585;0,16;1;0,0;0;1;5;0;0
7;HapticsFixedCC;4;123,2778;304,0175;10,5;0,1967;0,0;0,0;0,0;0,0587;0,17;1;0,0;0;1;5;0;0
7;HapticsFixedCC;4;123,2917;303,9771;10,5;0,1311;0,0;0,0;0,0;0,0588;0,17;1;0,0;0;1;5;0;0
7;HapticsFixedCC;4;123,3055;303,9365;10,5;0,0855;0,0;0,0;0,0;0,059;0,17;1;0,0;0;1;5;0;0
7;HapticsFixedCC;4;123,3194;303,9243;10,5;0,0265;0,0;0,0;0,0;0,0591;0,17;1;0,0;0;1;5;0;0
7;HapticsFixedCC;4;123,3333;303,9243;10,5;-0,0128;0,0;0,0;0,0;0,0592;0,17;1;0,0;0;1;5;0;0
7;HapticsFixedCC;4;123,3472;303,9243;10,5;-0,0754;0,0;0,0;0,0;0,0593;0,17;1;0,0;0;1;5;0;0
7;HapticsFixedCC;4;123,3611;303,9243;10,5;-0,1317;0,0;0,0;0,0;0,0594;0,17;1;0,0;0;1;5;0;0
7;HapticsFixedCC;4;123,375;303,9243;10,5;-0,1667;0,0;0,0;0,0;0,0595;0,16;1;0,0;0;1;5;0;0
7;HapticsFixedCC;4;123,3889;303,6935;10,7;-0,2152;0,0;0,0;0,0;0,0596;0,16;1;0,0;0;1;5;0;0
7;HapticsFixedCC;4;123,4028;303,6522;10,7;-0,2773;0,0;0,0;0,0;0,0596;0,15;1;0,0;0;1;5;0;0
7;HapticsFixedCC;4;123,4167;303,6109;10,7;-0,3292;0,0;0,0;0,0;0,0596;0,14;1;0,0;0;1;5;0;0
7;HapticsFixedCC;4;123,4305;303,5696;10,7;-0,4013;0,0;0,0;0,0;0,0596;0,13;1;0,0;0;1;5;0;0
7;HapticsFixedCC;4;123,4444;303,5284;10,7;-0,4461;0,0;0,0;0,0;0,0596;0,12;1;0,0;0;1;5;0;0
7;HapticsFixedCC;4;123,4583;303,4871;10,7;-0,5006;0,0;0,0;0,0;0,0596;0,1;1;0,0;0;1;5;0;0
7;HapticsFixedCC;4;123,4722;303,4687;10,7;-0,5581;0,0;0,0;0,0;0,0595;0,09;1;0,0;0;1;5;0;0
7;HapticsFixedCC;4;123,4861;303,4687;10,7;-0,6077;0,0;0,0;0,0;0,0594;0,07;1;0,0;0;1;5;0;0
7;HapticsFixedCC;4;123,5;303,4687;10,7;-0,6263;0,0;0,0;0,0;0,0593;0,06;1;0,0;0;1;5;0;0
7;HapticsFixedCC;4;123,5139;303,4687;10,7;-0,6449;0,0;0,0;0,0;0,0592;0,04;1;0,0;0;1;5;0;0
7;HapticsFixedCC;4;123,5278;303,4687;10,7;-0,6598;0,0;0,0;0,0;0,059;0,02;1;0,0;0;1;5;0;0
7;HapticsFixedCC;4;123,5417;303,2394;10,7;-0,6662;0,0;0,0;0,0;0,0589;0,0;1;0,0;0;1;5;0;0
7;HapticsFixedCC;4;123,5555;303,1981;10,7;-0,666;0,0;0,0;0,0;0,0587;0,0;1;0,0;0;1;5;0;0
7;HapticsFixedCC;4;123,5694;303,1568;10,7;-0,6535;0,0;0,0;0,0;0,0585;-0,03;1;0,0;0;1;5;0;0
7;HapticsFixedCC;4;123,5833;303,1155;10,7;-0,633;0,0;0,0;0,0;0,0583;-0,05;1;0,0;0;1;5;0;0
7;HapticsFixedCC;4;123,5972;303,0743;10,7;-0,6078;0,0;0,0;0,0;0,0581;-0,07;1;0,0;0;1;5;0;0
7;HapticsFixedCC;4;123,6111;303,033;10,7;-0,5576;0,0;0,0;0,0;0,0579;-0,08;1;0,0;0;1;5;0;0
7;HapticsFixedCC;4;123,625;303,0134;10,7;-0,5113;0,0;0,0;0,0;0,0577;-0,09;1;0,0;0;1;5;0;0
7;HapticsFixedCC;4;123,6389;303,0134;10,7;-0,4725;0,0;0,0;0,0;0,0575;-0,11;1;0,0;0;1;5;0;0
7;HapticsFixedCC;4;123,6528;303,0134;10,7;-0,4347;0,0;0,0;0,0;0,0573;-0,12;1;0,0;0;1;5;0;0
7;HapticsFixedCC;4;123,6667;303,0134;10,7;-0,404;0,0;0,0;0,0;0,0572;-0,13;1;0,0;0;1;5;0;0
7;HapticsFixedCC;4;123,6805;303,0134;10,7;-0,3744;0,0;0,0;0,0;0,057;-0,14;1;0,0;0;1;5;0;0
7;HapticsFixedCC;4;123,6944;303,0134;10,7;-0,3506;0,0;0,0;0,0;0,0568;-0,15;1;0,0;0;1;5;0;0
7;HapticsFixedCC;4;123,7083;302,744;10,7;-0,3282;0,0;0,0;0,0;0,0566;-0,16;1;0,0;0;1;5;0;0
7;HapticsFixedCC;4;123,7222;302,7028;10,7;-0,3089;0,0;0,0;0,0;0,0564;-0,16;1;0,0;0;1;7;0;0
7;HapticsFixedCC;4;123,7361;302,6615;10,7;-0,284;0,0;0,0;0,0;0,0562;-0,17;1;0,0;0;1;7;0;0
7;HapticsFixedCC;4;123,75;302,6202;10,7;-0,2533;0,0;0,0;0,0;0,0561;-0,18;1;0,0;0;1;7;0;0
7;HapticsFixedCC;4;123,7639;302,5789;10,7;-0,2216;0,0;0,0;0,0;0,0559;-0,18;1;0,0;0;1;7;0;0
7;HapticsFixedCC;4;123,7778;302,5569;10,7;-0,1903;0,0;0,0;0,0;0,0557;-0,19;1;0,0;0;1;7;0;0
7;HapticsFixedCC;4;123,7917;302,5569;10,7;-0,1543;0,0;0,0;0,0;0,0556;-0,19;1;0,0;0;1;7;0;0
7;HapticsFixedCC;4;123,8055;302,5569;10,7;-0,1249;0,0;0,0;0,0;0,0554;-0,19;1;0,0;0;1;7;0;0
7;HapticsFixedCC;4;123,8194;302,5569;10,7;-0,0881;0,0;0,0;0,0;0,0553;-0,2;1;0,0;0;1;7;0;0
7;HapticsFixedCC;4;123,8333;302,5569;10,7;-0,0418;0,0;0,0;0,0;0,0551;-0,2;1;0,0;0;1;7;0;0
7;HapticsFixedCC;4;123,8472;302,5569;10,7;0,0046;0,0;0,0;0,0;0,055;-0,2;1;0,0;0;1;7;0;0
7;HapticsFixedCC;4;123,8611;302,2899;10,7;0,0507;0,0;0,0;0,0;0,0549;-0,19;1;0,0;0;1;7;0;0
7;HapticsFixedCC;4;123,875;302,2487;10,7;0,1036;0,0;0,0;0,0;0,0548;-0,19;1;0,0;0;1;7;0;0
7;HapticsFixedCC;4;123,8889;302,2074;11,2;0,1523;0,0;0,0;0,0;0,0548;-0,19;1;0,0;0;1;7;0;0
7;HapticsFixedCC;4;123,9028;302,1642;11,2;0,2178;0,0;0,0;0,0;0,0547;-0,18;1;0,0;0;1;7;0;0
7;HapticsFixedCC;4;123,9167;302,1209;11,2;0,2871;0,0;0,0;0,0;0,0547;-0,17;1;0,0;0;1;7;0;0
7;HapticsFixedCC;4;123,9305;302,102;11,2;0,301;0,0;0,0;0,0;0,0546;-0,16;1;0,0;0;1;7;0;0
7;HapticsFixedCC;4;123,9444;302,102;11,2;0,388;0,0;0,0;0,0;0,0547;-0,15;1;0,0;0;1;7;0;0
7;HapticsFixedCC;4;123,9583;302,102;11,2;0,4345;0,0;0,0;0,0;0,0547;-0,14;1;0,0;0;1;7;0;0
7;HapticsFixedCC;4;123,9722;302,102;11,2;0,4786;0,0;0,0;0,0;0,0547;-0,12;1;0,0;0;1;7;0;0
7;HapticsFixedCC;4;123,9861;302,102;11,2;0,5205;0,0;0,0;0,0;0,0548;-0,11;1;0,0;0;1;7;0;0
7;HapticsFixedCC;4;124,0;301,8617;11,2;0,5461;0,0;0,0;0,0;0,0549;-0,09;1;0,0;0;1;7;0;0
7;HapticsFixedCC;4;124,0139;301,8185;11,2;0,5801;0,0;0,0;0,0;0,055;-0,07;1;0,0;0;1;7;0;0
7;HapticsFixedCC;4;124,0278;301,7753;11,2;0,61;0,0;0,0;0,0;0,0552;-0,05;1;0,0;0;1;7;0;0
7;HapticsFixedCC;4;124,0417;301,7321;11,2;0,616;0,0;0,0;0,0;0,0553;-0,03;1;0,0;0;1;7;0;0
7;HapticsFixedCC;4;124,0555;301,6888;11,2;0,6308;0,0;0,0;0,0;0,0555;-0,02;1;0,0;0;1;7;0;0
7;HapticsFixedCC;4;124,0694;301,6463;11,2;0,6316;0,0;0,0;0,0;0,0557;0,0;1;0,0;0;1;7;0;0
7;HapticsFixedCC;4;124,0833;301,6463;11,2;0,6082;0,0;0,0;0,0;0,0559;0,02;1;0,0;0;1;7;0;0
7;HapticsFixedCC;4;124,0972;301,6463;11,2;0,5858;0,0;0,0;0,0;0,0561;0,03;1;0,0;0;1;7;0;0
7;HapticsFixedCC;4;124,1111;301,6463;11,2;0,5441;0,0;0,0;0,0;0,0563;0,05;1;0,0;0;1;7;0;0
7;HapticsFixedCC;4;124,125;301,6463;11,2;0,4948;0,0;0,0;0,0;0,0565;0,07;1;0,0;0;1;7;0;0
7;HapticsFixedCC;4;124,1389;301,6463;11,2;0,4438;0,0;0,0;0,0;0,0567;0,08;1;0,0;0;1;7;0;0
7;HapticsFixedCC;4;124,1528;301,3864;11,2;0,4025;0,0;0,0;0,0;0,0569;0,09;1;0,0;0;1;7;0;0
7;HapticsFixedCC;4;124,1667;301,3432;11,2;0,3825;0,0;0,0;0,0;0,0571;0,1;1;0,0;0;1;7;0;0
7;HapticsFixedCC;4;124,1805;301,3;11,2;0,3629;0,0;0,0;0,0;0,0573;0,11;1;0,0;0;1;7;0;0
7;HapticsFixedCC;4;124,1944;301,2567;11,2;0,3398;0,0;0,0;0,0;0,0575;0,12;1;0,0;0;1;7;0;0
7;HapticsFixedCC;4;124,2083;301,2135;11,2;0,33;0,0;0,0;0,0;0,0577;0,13;1;0,0;0;1;7;0;0
7;HapticsFixedCC;4;124,2222;301,19;11,2;0,3246;0,0;0,0;0,0;0,0579;0,14;1;0,0;0;1;7;0;0
7;HapticsFixedCC;4;124,2361;301,19;11,2;0,3235;0,0;0,0;0,0;0,0581;0,15;1;0,0;0;1;7;0;0
7;HapticsFixedCC;4;124,25;301,19;11,2;0,3233;0,0;0,0;0,0;0,0584;0,16;1;0,0;0;1;7;0;0
7;HapticsFixedCC;4;124,2639;301,19;11,2;0,313;0,0;0,0;0,0;0,0586;0,17;1;0,0;0;1;7;0;0
7;HapticsFixedCC;4;124,2778;301,19;11,2;0,2931;0,0;0,0;0,0;0,0588;0,18;1;0,0;0;1;7;0;0
7;HapticsFixedCC;4;124,2917;300,9543;11,2;0,2682;0,0;0,0;0,0;0,0591;0,19;1;0,0;0;1;7;0;0
7;HapticsFixedCC;4;124,3055;300,9111;11,2;0,2353;0,0;0,0;0,0;0,0593;0,2;1;0,0;0;1;7;0;0
7;HapticsFixedCC;4;124,3194;300,8679;11,2;0,1995;0,0;0,0;0,0;0,0595;0,2;1;0,0;0;1;7;0;0
7;HapticsFixedCC;4;124,3333;300,8246;11,2;0,1464;0,0;0,0;0,0;0,0598;0,21;1;0,0;0;1;7;0;0
7;HapticsFixedCC;4;124,3472;300,7814;11,2;0,0717;0,0;0,0;0,0;0,06;0,21;1;0,0;0;1;7;0;0
7;HapticsFixedCC;4;124,3611;300,7382;11,2;0,0568;0,0;0,0;0,0;0,0601;0,21;1;0,0;0;1;7;0;0
7;HapticsFixedCC;4;124,375;300,7351;11,2;-0,06;0,0;0,0;0,0;0,0603;0,21;1;0,0;0;1;7;0;0
7;HapticsFixedCC;4;124,3889;300,7351;11,2;-0,1411;0,0;0,0;0,0;0,0604;0,21;1;0,0;0;1;7;0;0
7;HapticsFixedCC;4;124,4028;300,7351;11,2;-0,2609;0,0;0,0;0,0;0,0606;0,2;1;0,0;0;1;7;0;0
7;HapticsFixedCC;4;124,4167;300,7351;11,2;-0,3422;0,0;0,0;0,0;0,0606;0,19;1;0,0;0;1;7;0;0
7;HapticsFixedCC;4;124,4305;300,7351;11,2;-0,4232;0,0;0,0;0,0;0,0607;0,18;1;0,0;0;1;7;0;0
7;HapticsFixedCC;4;124,4444;300,479;11,2;-0,5425;0,0;0,0;0,0;0,0607;0,17;1;0,0;0;1;7;0;0
7;HapticsFixedCC;4;124,4583;300,4358;11,2;-0,5663;0,0;0,0;0,0;0,0607;0,15;1;0,0;0;1;7;0;0
7;HapticsFixedCC;4;124,4722;300,3925;11,2;-0,6722;0,0;0,0;0,0;0,0606;0,13;1;0,0;0;1;7;0;0
7;HapticsFixedCC;4;124,4861;300,3493;11,2;-0,7239;0,0;0,0;0,0;0,0605;0,11;1;0,0;0;1;7;0;0
7;HapticsFixedCC;4;124,5;300,3061;11,2;-0,765;0,0;0,0;0,0;0,0604;0,09;1;0,0;0;1;7;0;0
7;HapticsFixedCC;4;124,5139;300,2791;11,2;-0,8103;0,0;0,0;0,0;0,0602;0,07;1;0,0;0;1;7;0;0
7;HapticsFixedCC;4;124,5278;300,2791;11,2;-0,8462;0,0;0,0;0,0;0,06;0,04;1;0,0;0;1;7;0;0
7;HapticsFixedCC;4;124,5417;300,2791;11,2;-0,877;0,0;0,0;0,0;0,0598;0,02;1;0,0;0;1;7;0;0
7;HapticsFixedCC;4;124,5555;300,2791;11,2;-0,8979;0,0;0,0;0,0;0,0596;0,0;1;0,0;0;1;7;0;0
7;HapticsFixedCC;4;124,5694;300,2791;11,2;-0,902;0,0;0,0;0,0;0,0593;-0,03;1;0,0;0;1;7;0;0
7;HapticsFixedCC;4;124,5833;300,0469;11,2;-0,9355;0,0;0,0;0,0;0,059;-0,06;1;0,0;0;1;7;0;0
7;HapticsFixedCC;4;124,5972;300,0037;11,2;-0,9453;0,0;0,0;0,0;0,0587;-0,08;1;0,0;0;1;7;0;0
7;HapticsFixedCC;4;124,6111;299,9604;11,2;-0,9392;0,0;0,0;0,0;0,0584;-0,11;1;0,0;0;1;7;0;0
7;HapticsFixedCC;4;124,625;299,9172;11,2;-0,9208;0,0;0,0;0,0;0,058;-0,14;1;0,0;0;1;7;0;0
7;HapticsFixedCC;4;124,6389;299,874;11,2;-0,8963;0,0;0,0;0,0;0,0577;-0,16;1;0,0;0;1;7;0;0
7;HapticsFixedCC;4;124,6528;299,8308;11,3;-0,873;0,0;0,0;0,0;0,0573;-0,19;1;0,0;0;1;7;0;0
7;HapticsFixedCC;4;124,6667;299,8234;11,3;-0,8484;0,0;0,0;0,0;0,057;-0,21;1;0,0;0;1;7;0;0
7;HapticsFixedCC;4;124,6805;299,8234;11,3;-0,8435;0,0;0,0;0,0;0,0566;-0,24;1;0,0;0;1;7;0;0
7;HapticsFixedCC;4;124,6944;299,8234;11,3;-0,8027;0,0;0,0;0,0;0,0562;-0,26;1;0,0;0;1;7;0;0
7;HapticsFixedCC;4;124,7083;299,8234;11,3;-0,7792;0,0;0,0;0,0;0,0558;-0,28;1;0,0;0;1;7;0;0
7;HapticsFixedCC;4;124,7222;299,8234;11,3;-0,75;0,0;0,0;0,0;0,0553;-0,3;1;0,0;0;1;6;0;0
7;HapticsFixedCC;4;124,7361;299,5692;11,3;-0,7273;0,0;0,0;0,0;0,0549;-0,32;1;0,0;0;1;6;0;0
7;HapticsFixedCC;4;124,75;299,5256;11,3;-0,6922;0,0;0,0;0,0;0,0545;-0,34;1;0,0;0;1;6;0;0
7;HapticsFixedCC;4;124,7639;299,4821;11,3;-0,6851;0,0;0,0;0,0;0,054;-0,36;1;0,0;0;1;6;0;0
7;HapticsFixedCC;4;124,7778;299,4384;11,3;-0,6625;0,0;0,0;0,0;0,0536;-0,38;1;0,0;0;1;6;0;0
7;HapticsFixedCC;4;124,7917;299,3949;11,3;-0,5737;0,0;0,0;0,0;0,0531;-0,4;1;0,0;0;1;6;0;0
7;HapticsFixedCC;4;124,8055;299,3681;11,3;-0,5227;0,0;0,0;0,0;0,0527;-0,41;1;0,0;0;1;6;0;0
7;HapticsFixedCC;4;124,8194;299,3681;11,3;-0,4669;0,0;0,0;0,0;0,0523;-0,42;1;0,0;0;1;6;0;0
7;HapticsFixedCC;4;124,8333;299,3681;11,3;-0,4065;0,0;0,0;0,0;0,0519;-0,43;1;0,0;0;1;6;0;0
7;HapticsFixedCC;4;124,8472;299,3681;11,3;-0,3562;0,0;0,0;0,0;0,0514;-0,44;1;0,0;0;1;6;0;0
7;HapticsFixedCC;4;124,8611;299,3681;11,3;-0,2875;0,0;0,0;0,0;0,051;-0,45;1;0,0;0;1;6;0;0
7;HapticsFixedCC;4;124,875;299,1333;11,3;-0,1648;0,0;0,0;0,0;0,0507;-0,46;1;0,0;0;1;6;0;0
7;HapticsFixedCC;4;124,8889;299,0897;11,3;-0,1404;0,0;0,0;0,0;0,0503;-0,46;1;0,0;0;1;6;0;0
7;HapticsFixedCC;4;124,9028;299,0461;11,3;0,0027;0,0;0,0;0,0;0,0499;-0,46;1;0,0;0;1;6;0;0
7;HapticsFixedCC;4;124,9167;299,0025;11,3;0,1157;0,0;0,0;0,0;0,0496;-0,46;1;0,0;0;1;6;0;0
7;HapticsFixedCC;4;124,9305;298,9589;11,3;0,2504;0,0;0,0;0,0;0,0494;-0,45;1;0,0;0;1;6;0;0
7;HapticsFixedCC;4;124,9444;298,9153;11,3;0,3851;0,0;0,0;0,0;0,0492;-0,44;1;0,0;0;1;6;0;0
7;HapticsFixedCC;4;124,9583;298,9119;11,3;0,5503;0,0;0,0;0,0;0,049;-0,42;1;0,0;0;1;6;0;0
7;HapticsFixedCC;4;124,9722;298,9119;11,3;0,6678;0,0;0,0;0,0;0,0489;-0,4;1;0,0;0;1;6;0;0
7;HapticsFixedCC;4;124,9861;298,9119;11,3;0,7949;0,0;0,0;0,0;0,0489;-0,38;1;0,0;0;1;6;0;0
7;HapticsFixedCC;4;125,0;298,9119;11,3;0,8203;0,0;0,0;0,0;0,0489;-0,35;1;0,0;0;1;6;0;0
7;HapticsFixedCC;4;125,0139;298,9119;11,3;1,0442;0,0;0,0;0,0;0,0489;-0,32;1;0,0;0;1;6;0;0
7;HapticsFixedCC;4;125,0278;298,6537;11,3;1,1346;0,0;0,0;0,0;0,049;-0,29;1;0,0;0;1;6;0;0
7;HapticsFixedCC;4;125,0417;298,6101;11,3;1,1921;0,0;0,0;0,0;0,0492;-0,25;1;0,0;0;1;6;0;0
7;HapticsFixedCC;4;125,0555;298,5666;11,3;1,2382;0,0;0,0;0,0;0,0494;-0,21;1;0,0;0;1;6;0;0
7;HapticsFixedCC;4;125,0694;298,5229;11,3;1,2651;0,0;0,0;0,0;0,0496;-0,18;1;0,0;0;1;6;0;0
7;HapticsFixedCC;4;125,0833;298,4794;11,3;1,2705;0,0;0,0;0,0;0,0499;-0,14;1;0,0;0;1;6;0;0
7;HapticsFixedCC;4;125,0972;298,4566;11,3;1,3104;0,0;0,0;0,0;0,0502;-0,1;1;0,0;0;1;6;0;0
7;HapticsFixedCC;4;125,1111;298,4566;11,3;1,3182;0,0;0,0;0,0;0,0505;-0,06;1;0,0;0;1;6;0;0
7;HapticsFixedCC;4;125,125;298,4566;11,3;1,3075;0,0;0,0;0,0;0,0508;-0,02;1;0,0;0;1;6;0;0
7;HapticsFixedCC;4;125,1389;298,4566;11,4;1,3051;0,0;0,0;0,0;0,0512;0,0;1;0,0;0;1;6;0;0
7;HapticsFixedCC;4;125,1528;298,4566;11,4;1,2217;0,0;0,0;0,0;0,0516;0,05;1;0,0;0;1;6;0;0
7;HapticsFixedCC;4;125,1667;298,217;11,4;1,1119;0,0;0,0;0,0;0,0519;0,08;1;0,0;0;1;6;0;0
7;HapticsFixedCC;4;125,1805;298,173;11,4;1,0108;0,0;0,0;0,0;0,0523;0,11;1;0,0;0;1;6;0;0
7;HapticsFixedCC;4;125,1944;298,1291;11,4;0,8978;0,0;0,0;0,0;0,0526;0,14;1;0,0;0;1;6;0;0
7;HapticsFixedCC;4;125,2083;298,0851;11,4;0,8749;0,0;0,0;0,0;0,053;0,17;1;0,0;0;1;6;0;0
7;HapticsFixedCC;4;125,2222;298,0411;11,4;0,7613;0,0;0,0;0,0;0,0533;0,19;1;0,0;0;1;6;0;0
7;HapticsFixedCC;4;125,2361;298,0011;11,4;0,5929;0,0;0,0;0,0;0,0537;0,21;1;0,0;0;1;6;0;0
7;HapticsFixedCC;4;125,25;298,0011;11,4;0,2107;0,0;0,0;0,0;0,0539;0,21;1;0,0;0;1;6;0;0
7;HapticsFixedCC;4;125,2639;298,0011;11,4;-0,0159;0,0;0,0;0,0;0,054;0,21;1;0,0;0;1;6;0;0
7;HapticsFixedCC;4;125,2778;298,0011;11,4;-0,1269;0,0;0,0;0,0;0,0541;0,21;1;0,0;0;1;6;0;0
7;HapticsFixedCC;4;125,2917;298,0011;11,4;-0,2544;0,0;0,0;0,0;0,0542;0,2;1;0,0;0;1;6;0;0
7;HapticsFixedCC;4;125,3055;298,0011;11,4;-0,3632;0,0;0,0;0,0;0,0542;0,19;1;0,0;0;1;6;0;0
7;HapticsFixedCC;4;125,3194;297,7332;11,4;-0,385;0,0;0,0;0,0;0,0542;0,18;1;0,0;0;1;6;0;0
7;HapticsFixedCC;4;125,3333;297,6892;11,4;-0,4114;0,0;0,0;0,0;0,0543;0,17;1;0,0;0;1;6;0;0
7;HapticsFixedCC;4;125,3472;297,6453;11,4;-0,4243;0,0;0,0;0,0;0,0543;0,16;1;0,0;0;1;6;0;0
7;HapticsFixedCC;4;125,3611;297,6013;11,4;-0,4433;0,0;0,0;0,0;0,0542;0,15;1;0,0;0;1;6;0;0
7;HapticsFixedCC;4;125,375;297,5573;11,4;-0,4534;0,0;0,0;0,0;0,0542;0,13;1;0,0;0;1;6;0;0
7;HapticsFixedCC;4;125,3889;297,5447;11,4;-0,4605;0,0;0,0;0,0;0,0542;0,12;1;0,0;0;1;6;0;0
7;HapticsFixedCC;4;125,4028;297,5447;11,4;-0,4619;0,0;0,0;0,0;0,0541;0,11;1;0,0;0;1;6;0;0
7;HapticsFixedCC;4;125,4167;297,5447;11,4;-0,4608;0,0;0,0;0,0;0,054;0,09;1;0,0;0;1;6;0;0
7;HapticsFixedCC;4;125,4305;297,5447;11,4;-0,4559;0,0;0,0;0,0;0,054;0,08;1;0,0;0;1;6;0;0
7;HapticsFixedCC;4;125,4444;297,5447;11,4;-0,4268;0,0;0,0;0,0;0,0539;0,07;1;0,0;0;1;6;0;0
7;HapticsFixedCC;4;125,4583;297,2934;11,4;-0,4082;0,0;0,0;0,0;0,0539;0,06;1;0,0;0;1;6;0;0
7;HapticsFixedCC;4;125,4722;297,2495;11,4;-0,3869;0,0;0,0;0,0;0,0538;0,05;1;0,0;0;1;6;0;0
7;HapticsFixedCC;4;125,4861;297,2055;11,4;-0,3729;0,0;0,0;0,0;0,0538;0,03;1;0,0;0;1;6;0;0
7;HapticsFixedCC;4;125,5;297,1615;11,4;-0,3522;0,0;0,0;0,0;0,0537;0,03;1;0,0;0;1;6;0;0
7;HapticsFixedCC;4;125,5139;297,1175;11,4;-0,3369;0,0;0,0;0,0;0,0536;0,02;1;0,0;0;1;6;0;0
7;HapticsFixedCC;4;125,5278;297,0938;11,4;-0,3338;0,0;0,0;0,0;0,0536;0,0;1;0,0;0;1;6;0;0
7;HapticsFixedCC;4;125,5417;297,0938;11,4;-0,3163;0,0;0,0;0,0;0,0535;0,0;1;0,0;0;1;6;0;0
7;HapticsFixedCC;4;125,5555;297,0938;11,4;-0,3054;0,0;0,0;0,0;0,0535;0,0;1;0,0;0;1;6;0;0
7;HapticsFixedCC;4;125,5694;297,0938;11,4;-0,2707;0,0;0,0;0,0;0,0534;0,0;1;0,0;0;1;6;0;0
7;HapticsFixedCC;4;125,5833;297,0938;11,4;-0,243;0,0;0,0;0,0;0,0533;-0,02;1;0,0;0;1;6;0;0
7;HapticsFixedCC;4;125,5972;296,8536;11,4;-0,1922;0,0;0,0;0,0;0,0532;-0,03;1;0,0;0;1;6;0;0
7;HapticsFixedCC;4;125,6111;296,8096;11,4;-0,1417;0,0;0,0;0,0;0,0531;-0,03;1;0,0;0;1;6;0;0
7;HapticsFixedCC;4;125,625;296,7657;11,4;-0,0817;0,0;0,0;0,0;0,0531;-0,03;1;0,0;0;1;6;0;0
7;HapticsFixedCC;4;125,6389;296,7216;11,4;-0,0698;0,0;0,0;0,0;0,053;-0,03;1;0,0;0;1;6;0;0
7;HapticsFixedCC;4;125,6528;296,6777;11,3;-0,0292;0,0;0,0;0,0;0,053;-0,03;1;0,0;0;1;6;0;0
7;HapticsFixedCC;4;125,6667;296,6379;11,3;0,0666;0,0;0,0;0,0;0,0529;-0,03;1;0,0;0;1;6;0;0
7;HapticsFixedCC;4;125,6805;296,6379;11,3;0,1492;0,0;0,0;0,0;0,053;-0,03;1;0,0;0;1;6;0;0
7;HapticsFixedCC;4;125,6944;296,6379;11,3;0,1887;0,0;0,0;0,0;0,053;-0,02;1;0,0;0;1;6;0;0
7;HapticsFixedCC;4;125,7083;296,6379;11,3;0,2266;0,0;0,0;0,0;0,053;-0,02;1;0,0;0;1;6;0;0
7;HapticsFixedCC;4;125,7222;296,6379;11,3;0,2342;0,0;0,0;0,0;0,053;0,0;1;0,0;0;1;6;0;0
7;HapticsFixedCC;4;125,7361;296,6379;11,3;0,2573;0,0;0,0;0,0;0,0531;0,0;1;0,0;0;1;1;0;0
7;HapticsFixedCC;4;125,75;296,3725;11,3;0,2718;0,0;0,0;0,0;0,0532;0,0;1;0,0;0;1;1;0;0
7;HapticsFixedCC;4;125,7639;296,3289;11,3;0,2835;0,0;0,0;0,0;0,0532;0,0;1;0,0;0;1;1;0;0
7;HapticsFixedCC;4;125,7778;296,2853;11,3;0,283;0,0;0,0;0,0;0,0533;0,02;1;0,0;0;1;1;0;0
7;HapticsFixedCC;4;125,7917;296,2417;11,3;0,2749;0,0;0,0;0,0;0,0534;0,03;1;0,0;0;1;1;0;0
7;HapticsFixedCC;4;125,8055;296,1982;11,3;0,2573;0,0;0,0;0,0;0,0535;0,03;1;0,0;0;1;1;0;0
7;HapticsFixedCC;4;125,8194;296,178;11,3;0,2325;0,0;0,0;0,0;0,0536;0,04;1;0,0;0;1;1;0;0
7;HapticsFixedCC;4;125,8333;296,178;11,3;0,2021;0,0;0,0;0,0;0,0537;0,04;1;0,0;0;1;1;0;0
7;HapticsFixedCC;4;125,8472;296,178;11,3;0,1961;0,0;0,0;0,0;0,0538;0,05;1;0,0;0;1;1;0;0
7;HapticsFixedCC;4;125,8611;296,178;11,3;0,1784;0,0;0,0;0,0;0,0539;0,06;1;0,0;0;1;1;0;0
7;HapticsFixedCC;4;125,875;296,178;11,3;0,1588;0,0;0,0;0,0;0,0539;0,06;1;0,0;0;1;1;0;0
7;HapticsFixedCC;4;125,8889;295,9366;11,3;0,131;0,0;0,0;0,0;0,054;0,07;1;0,0;0;1;1;0;0
7;HapticsFixedCC;4;125,9028;295,893;11,3;0,1148;0,0;0,0;0,0;0,0541;0,07;1;0,0;0;1;1;0;0
7;HapticsFixedCC;4;125,9167;295,8494;11,3;0,1002;0,0;0,0;0,0;0,0542;0,07;1;0,0;0;1;1;0;0
7;HapticsFixedCC;4;125,9305;295,8058;11,3;0,082;0,0;0,0;0,0;0,0543;0,07;1;0,0;0;1;1;0;0
7;HapticsFixedCC;4;125,9444;295,7622;11,3;0,061;0,0;0,0;0,0;0,0544;0,08;1;0,0;0;1;1;0;0
7;HapticsFixedCC;4;125,9583;295,726;11,3;0,0569;0,0;0,0;0,0;0,0545;0,08;1;0,0;0;1;1;0;0
7;HapticsFixedCC;4;125,9722;295,726;11,3;0,0414;0,0;0,0;0,0;0,0546;0,08;1;0,0;0;1;1;0;0
7;HapticsFixedCC;4;125,9861;295,726;11,3;0,0172;0,0;0,0;0,0;0,0547;0,08;1;0,0;0;1;1;0;0
7;HapticsFixedCC;4;126,0;295,726;11,3;0,0102;0,0;0,0;0,0;0,0547;0,08;1;0,0;0;1;1;0;0
7;HapticsFixedCC;4;126,0139;295,726;11,3;0,0095;0,0;0,0;0,0;0,0548;0,08;1;0,0;0;1;1;0;0
7;HapticsFixedCC;4;126,0278;295,726;11,3;0,0108;0,0;0,0;0,0;0,0549;0,08;1;0,0;0;1;1;0;0
7;HapticsFixedCC;4;126,0417;295,457;11,3;0,011;0,0;0,0;0,0;0,055;0,08;1;0,0;0;1;1;0;0
7;HapticsFixedCC;4;126,0555;295,4135;11,3;0,0166;0,0;0,0;0,0;0,0551;0,09;1;0,0;0;1;1;0;0
7;HapticsFixedCC;4;126,0694;295,3698;11,3;0,0238;0,0;0,0;0,0;0,0552;0,09;1;0,0;0;1;1;0;0
7;HapticsFixedCC;4;126,0833;295,3263;11,3;0,0314;0,0;0,0;0,0;0,0553;0,09;1;0,0;0;1;1;0;0
7;HapticsFixedCC;4;126,0972;295,2827;11,3;0,0317;0,0;0,0;0,0;0,0554;0,09;1;0,0;0;1;1;0;0
7;HapticsFixedCC;4;126,1111;295,2693;11,3;0,0285;0,0;0,0;0,0;0,0555;0,09;1;0,0;0;1;1;0;0
7;HapticsFixedCC;4;126,125;295,2693;11,3;0,0255;0,0;0,0;0,0;0,0555;0,09;1;0,0;0;1;1;0;0
7;HapticsFixedCC;4;126,1389;295,2693;11,4;0,0182;0,0;0,0;0,0;0,0556;0,09;1;0,0;0;1;1;0;0
7;HapticsFixedCC;4;126,1528;295,2693;11,4;0,0151;0,0;0,0;0,0;0,0557;0,09;1;0,0;0;1;1;0;0
7;HapticsFixedCC;4;126,1667;295,2693;11,4;0,0145;0,0;0,0;0,0;0,0558;0,09;1;0,0;0;1;1;0;0
7;HapticsFixedCC;4;126,1805;295,0199;11,4;0,013;0,0;0,0;0,0;0,0559;0,09;1;0,0;0;1;1;0;0
7;HapticsFixedCC;4;126,1944;294,976;11,4;0,0129;0,0;0,0;0,0;0,056;0,09;1;0,0;0;1;1;0;0
7;HapticsFixedCC;4;126,2083;294,932;11,4;0,0131;0,0;0,0;0,0;0,0561;0,1;1;0,0;0;1;1;0;0
7;HapticsFixedCC;4;126,2222;294,888;11,4;0,01;0,0;0,0;0,0;0,0562;0,1;1;0,0;0;1;1;0;0
7;HapticsFixedCC;4;126,2361;294,844;11,4;0,0064;0,0;0,0;0,0;0,0563;0,1;1;0,0;0;1;1;0;0
7;HapticsFixedCC;4;126,25;294,8126;11,4;-0,0009;0,0;0,0;0,0;0,0564;0,1;1;0,0;0;1;1;0;0
7;HapticsFixedCC;4;126,2639;294,8126;11,4;-0,0024;0,0;0,0;0,0;0,0565;0,1;1;0,0;0;1;1;0;0
7;HapticsFixedCC;4;126,2778;294,8126;11,4;-0,0061;0,0;0,0;0,0;0,0566;0,1;1;0,0;0;1;1;0;0
7;HapticsFixedCC;4;126,2917;294,8126;11,4;-0,0163;0,0;0,0;0,0;0,0566;0,1;1;0,0;0;1;1;0;0
7;HapticsFixedCC;4;126,3055;294,8126;11,4;-0,0195;0,0;0,0;0,0;0,0567;0,1;1;0,0;0;1;1;0;0
7;HapticsFixedCC;4;126,3194;294,5801;11,4;-0,0206;0,0;0,0;0,0;0,0568;0,1;1;0,0;0;1;1;0;0
7;HapticsFixedCC;4;126,3333;294,5362;11,4;-0,0168;0,0;0,0;0,0;0,0569;0,1;1;0,0;0;1;1;0;0
7;HapticsFixedCC;4;126,3472;294,4922;11,4;-0,0105;0,0;0,0;0,0;0,057;0,1;1;0,0;0;1;1;0;0
7;HapticsFixedCC;4;126,3611;294,4482;11,4;-0,0092;0,0;0,0;0,0;0,0571;0,1;1;0,0;0;1;1;0;0
7;HapticsFixedCC;4;126,375;294,4042;11,4;0,0069;0,0;0,0;0,0;0,0572;0,1;1;0,0;0;1;1;0;0
7;HapticsFixedCC;4;126,3889;294,3602;11,2;0,0275;0,0;0,0;0,0;0,0573;0,1;1;0,0;0;1;1;0;0
7;HapticsFixedCC;4;126,4028;294,3583;11,2;0,0844;0,0;0,0;0,0;0,0574;0,1;1;0,0;0;1;1;0;0
7;HapticsFixedCC;4;126,4167;294,3583;11,2;0,126;0,0;0,0;0,0;0,0575;0,11;1;0,0;0;1;1;0;0
7;HapticsFixedCC;4;126,4305;294,3583;11,2;0,156;0,0;0,0;0,0;0,0577;0,11;1;0,0;0;1;1;0;0
7;HapticsFixedCC;4;126,4444;294,3583;11,2;0,1838;0,0;0,0;0,0;0,0578;0,12;1;0,0;0;1;1;0;0
7;HapticsFixedCC;4;126,4583;294,3583;11,2;0,2026;0,0;0,0;0,0;0,058;0,13;1;0,0;0;1;1;0;0
7;HapticsFixedCC;4;126,4722;294,101;11,2;0,2066;0,0;0,0;0,0;0,0582;0,13;1;0,0;0;1;1;0;0
7;HapticsFixedCC;4;126,4861;294,0578;11,2;0,2233;0,0;0,0;0,0;0,0583;0,14;1;0,0;0;1;1;0;0
7;HapticsFixedCC;4;126,5;294,0146;11,2;0,2364;0,0;0,0;0,0;0,0585;0,15;1;0,0;0;1;1;0;0
7;HapticsFixedCC;4;126,5139;293,9714;11,2;0,2471;0,0;0,0;0,0;0,0587;0,15;1;0,0;0;1;1;0;0
7;HapticsFixedCC;4;126,5278;293,9282;11,2;0,2518;0,0;0,0;0,0;0,0589;0,16;1;0,0;0;1;1;0;0
7;HapticsFixedCC;4;126,5417;293,8998;11,2;0,2529;0,0;0,0;0,0;0,0591;0,17;1;0,0;0;1;1;0;0
7;HapticsFixedCC;4;126,5555;293,8998;11,2;0,2532;0,0;0,0;0,0;0,0594;0,18;1;0,0;0;1;1;0;0
7;HapticsFixedCC;4;126,5694;293,8998;11,2;0,2557;0,0;0,0;0,0;0,0596;0,18;1;0,0;0;1;1;0;0
7;HapticsFixedCC;4;126,5833;293,8998;11,2;0,2607;0,0;0,0;0,0;0,0598;0,19;1;0,0;0;1;1;0;0
7;HapticsFixedCC;4;126,5972;293,8998;11,2;0,2675;0,0;0,0;0,0;0,0601;0,2;1;0,0;0;1;1;0;0
7;HapticsFixedCC;4;126,6111;293,6689;11,2;0,2686;0,0;0,0;0,0;0,0603;0,21;1;0,0;0;1;1;0;0
7;HapticsFixedCC;4;126,625;293,6257;11,2;0,2679;0,0;0,0;0,0;0,0606;0,22;1;0,0;0;1;1;0;0
7;HapticsFixedCC;4;126,6389;293,5825;11,2;0,2647;0,0;0,0;0,0;0,0609;0,23;1;0,0;0;1;1;0;0
7;HapticsFixedCC;4;126,6528;293,5393;11,2;0,2546;0,0;0,0;0,0;0,0611;0,23;1;0,0;0;1;1;0;0
7;HapticsFixedCC;4;126,6667;293,4961;11,2;0,245;0,0;0,0;0,0;0,0614;0,24;1;0,0;0;1;1;0;0
7;HapticsFixedCC;4;126,6805;293,4529;11,2;0,2276;0,0;0,0;0,0;0,0617;0,25;1;0,0;0;1;1;0;0
7;HapticsFixedCC;4;126,6944;293,4464;11,2;0,2179;0,0;0,0;0,0;0,0619;0,26;1;0,0;0;1;1;0;0
7;HapticsFixedCC;4;126,7083;293,4464;11,2;0,2119;0,0;0,0;0,0;0,0622;0,26;1;0,0;0;1;1;0;0
7;HapticsFixedCC;4;126,7222;293,4464;11,2;0,215;0,0;0,0;0,0;0,0625;0,27;1;0,0;0;1;1;0;0
7;HapticsFixedCC;4;126,7361;293,4464;11,2;0,2245;0,0;0,0;0,0;0,0628;0,28;1;0,0;0;1;1;0;0
7;HapticsFixedCC;4;126,75;293,4464;11,2;0,2647;0,0;0,0;0,0;0,0631;0,28;1;0,0;0;1;2;0;0
7;HapticsFixedCC;4;126,7639;293,1936;11,2;0,3112;0,0;0,0;0,0;0,0634;0,29;1;0,0;0;1;2;0;0
7;HapticsFixedCC;4;126,7778;293,1504;11,2;0,3635;0,0;0,0;0,0;0,0638;0,3;1;0,0;0;1;2;0;0
7;HapticsFixedCC;4;126,7917;293,1072;11,2;0,4003;0,0;0,0;0,0;0,0641;0,32;1;0,0;0;1;2;0;0
7;HapticsFixedCC;4;126,8055;293,064;11,2;0,4484;0,0;0,0;0,0;0,0645;0,33;1;0,0;0;1;2;0;0
7;HapticsFixedCC;4;126,8194;293,0208;11,2;0,5075;0,0;0,0;0,0;0,0649;0,34;1;0,0;0;1;2;0;0
7;HapticsFixedCC;4;126,8333;292,9893;11,2;0,5604;0,0;0,0;0,0;0,0653;0,36;1;0,0;0;1;2;0;0
7;HapticsFixedCC;4;126,8472;292,9893;11,2;0,6062;0,0;0,0;0,0;0,0658;0,38;1;0,0;0;1;2;0;0
7;HapticsFixedCC;4;126,8611;292,9893;11,2;0,6566;0,0;0,0;0,0;0,0663;0,4;1;0,0;0;1;2;0;0
7;HapticsFixedCC;4;126,875;292,9893;11,2;0,6994;0,0;0,0;0,0;0,0668;0,42;1;0,0;0;1;2;0;0
7;HapticsFixedCC;4;126,8889;292,9893;11,1;0,7445;0,0;0,0;0,0;0,0674;0,44;1;0,0;0;1;2;0;0
7;HapticsFixedCC;4;126,9028;292,9893;11,1;0,7734;0,0;0,0;0,0;0,0679;0,46;1;0,0;0;1;2;0;0
7;HapticsFixedCC;4;126,9167;292,7191;11,1;0,7962;0,0;0,0;0,0;0,0685;0,49;1;0,0;0;1;2;0;0
7;HapticsFixedCC;4;126,9305;292,6763;11,1;0,8143;0,0;0,0;0,0;0,0692;0,51;1;0,0;0;1;2;0;0
7;HapticsFixedCC;4;126,9444;292,6335;11,1;0,8293;0,0;0,0;0,0;0,0698;0,53;1;0,0;0;1;2;0;0
7;HapticsFixedCC;4;126,9583;292,5906;11,1;0,8373;0,0;0,0;0,0;0,0705;0,56;1;0,0;0;1;2;0;0
7;HapticsFixedCC;4;126,9722;292,5478;11,1;0,8429;0,0;0,0;0,0;0,0712;0,58;1;0,0;0;1;2;0;0
7;HapticsFixedCC;4;126,9861;292,5343;11,1;0,8412;0,0;0,0;0,0;0,0719;0,61;1;0,0;0;1;2;0;0
7;HapticsFixedCC;4;127,0;292,5343;11,1;0,8385;0,0;0,0;0,0;0,0726;0,63;1;0,0;0;1;2;0;0
7;HapticsFixedCC;4;127,0139;292,5343;11,1;0,8285;0,0;0,0;0,0;0,0733;0,66;1;0,0;0;1;2;0;0
7;HapticsFixedCC;4;127,0278;292,5343;11,1;0,8156;0,0;0,0;0,0;0,0741;0,68;1;0,0;0;1;2;0;0
7;HapticsFixedCC;4;127,0417;292,5343;11,1;0,8033;0,0;0,0;0,0;0,0748;0,7;1;0,0;0;1;2;0;0
7;HapticsFixedCC;4;127,0555;292,2909;11,1;0,7903;0,0;0,0;0,0;0,0756;0,73;1;0,0;0;1;2;0;0
7;HapticsFixedCC;4;127,0694;292,2481;11,1;0,7803;0,0;0,0;0,0;0,0764;0,75;1;0,0;0;1;2;0;0
7;HapticsFixedCC;4;127,0833;292,2053;11,1;0,7723;0,0;0,0;0,0;0,0772;0,77;1;0,0;0;1;2;0;0
7;HapticsFixedCC;4;127,0972;292,1625;11,1;0,7702;0,0;0,0;0,0;0,078;0,8;1;0,0;0;1;2;0;0
7;HapticsFixedCC;4;127,1111;292,1197;11,1;0,7691;0,0;0,0;0,0;0,0789;0,82;1;0,0;0;1;2;0;0
7;HapticsFixedCC;4;127,125;292,0781;11,1;0,7745;0,0;0,0;0,0;0,0797;0,84;1;0,0;0;1;2;0;0
7;HapticsFixedCC;4;127,1389;292,0781;11,1;0,7788;0,0;0,0;0,0;0,0806;0,86;1;0,0;0;1;2;0;0
7;HapticsFixedCC;4;127,1528;292,0781;11,1;0,7896;0,0;0,0;0,0;0,0815;0,89;1;0,0;0;1;2;0;0
7;HapticsFixedCC;4;127,1667;292,0781;11,1;0,7948;0,0;0,0;0,0;0,0824;0,91;1;0,0;0;1;2;0;0
7;HapticsFixedCC;4;127,1805;292,0781;11,1;0,7972;0,0;0,0;0,0;0,0833;0,93;1;0,0;0;1;2;0;0
7;HapticsFixedCC;4;127,1944;292,0781;11,1;0,7933;0,0;0,0;0,0;0,0842;0,96;1;0,0;0;1;2;0;0
7;HapticsFixedCC;4;127,2083;291,8199;11,1;0,7858;0,0;0,0;0,0;0,0852;0,98;1;0,0;0;1;2;0;0
7;HapticsFixedCC;4;127,2222;291,7771;11,1;0,7669;0,0;0,0;0,0;0,0862;1,0;1;0,0;0;1;2;0;0
7;HapticsFixedCC;4;127,2361;291,7343;11,1;0,7514;0,0;0,0;0,0;0,0872;1,02;1;0,0;0;1;2;0;0
7;HapticsFixedCC;4;127,25;291,6915;11,1;0,7097;0,0;0,0;0,0;0,0881;1,04;1;0,0;0;1;2;0;0
7;HapticsFixedCC;4;127,2639;291,6487;11,1;0,6706;0,0;0,0;0,0;0,0891;1,06;1;0,0;0;1;2;0;0
7;HapticsFixedCC;4;127,2778;291,6222;11,1;0,6214;0,0;0,0;0,0;0,0901;1,08;1;0,0;0;1;2;0;0
7;HapticsFixedCC;4;127,2917;291,6222;11,1;0,5671;0,0;0,0;0,0;0,0911;1,1;1;0,0;0;1;2;0;0
7;HapticsFixedCC;4;127,3055;291,6222;11,1;0,5223;0,0;0,0;0,0;0,0921;1,11;1;0,0;0;1;2;0;0
7;HapticsFixedCC;4;127,3194;291,6222;11,1;0,4529;0,0;0,0;0,0;0,0931;1,13;1;0,0;0;1;2;0;0
7;HapticsFixedCC;4;127,3333;291,6222;11,1;0,3613;0,0;0,0;0,0;0,0941;1,14;1;0,0;0;1;2;0;0
7;HapticsFixedCC;4;127,3472;291,3918;11,1;0,2419;0,0;0,0;0,0;0,095;1,15;1;0,0;0;1;2;0;0
7;HapticsFixedCC;4;127,3611;291,349;11,1;0,1124;0,0;0,0;0,0;0,0959;1,15;1;0,0;0;1;2;0;0
7;HapticsFixedCC;4;127,375;291,3062;11,1;-0,0262;0,0;0,0;0,0;0,0968;1,15;1;0,0;0;1;2;0;0
7;HapticsFixedCC;4;127,3889;291,2634;11,3;-0,2616;0,0;0,0;0,0;0,0976;1,14;1;0,0;0;1;2;0;0
7;HapticsFixedCC;4;127,4028;291,2198;11,3;-0,4384;0,0;0,0;0,0;0,0984;1,13;1;0,0;0;1;2;0;0
7;HapticsFixedCC;4;127,4167;291,1762;11,3;-0,6;0,0;0,0;0,0;0,0991;1,11;1;0,0;0;1;2;0;0
7;HapticsFixedCC;4;127,4305;291,1664;11,3;-0,802;0,0;0,0;0,0;0,0997;1,09;1;0,0;0;1;2;0;0
7;HapticsFixedCC;4;127,4444;291,1664;11,3;-0,9816;0,0;0,0;0,0;0,1002;1,06;1;0,0;0;1;2;0;0
7;HapticsFixedCC;4;127,4583;291,1664;11,3;-1,1703;0,0;0,0;0,0;0,1007;1,03;1;0,0;0;1;2;0;0
7;HapticsFixedCC;4;127,4722;291,1664;11,3;-1,3276;0,0;0,0;0,0;0,1011;0,99;1;0,0;0;1;2;0;0
7;HapticsFixedCC;4;127,4861;291,1664;11,3;-1,485;0,0;0,0;0,0;0,1015;0,95;1;0,0;0;1;2;0;0
7;HapticsFixedCC;4;127,5;290,9146;11,3;-1,5988;0,0;0,0;0,0;0,1017;0,9;1;0,0;0;1;2;0;0
7;HapticsFixedCC;4;127,5139;290,871;11,3;-1,6736;0,0;0,0;0,0;0,1019;0,86;1;0,0;0;1;2;0;0
7;HapticsFixedCC;4;127,5278;290,8274;11,3;-1,7485;0,0;0,0;0,0;0,1021;0,8;1;0,0;0;1;2;0;0
7;HapticsFixedCC;4;127,5417;290,7838;11,3;-1,7659;0,0;0,0;0,0;0,1022;0,75;1;0,0;0;1;2;0;0
7;HapticsFixedCC;4;127,5555;290,7402;11,3;-1,7941;0,0;0,0;0,0;0,1022;0,7;1;0,0;0;1;2;0;0
7;HapticsFixedCC;4;127,5694;290,7104;11,3;-1,7928;0,0;0,0;0,0;0,1022;0,65;1;0,0;0;1;2;0;0
7;HapticsFixedCC;4;127,5833;290,7104;11,3;-1,7928;0,0;0,0;0,0;0,1022;0,6;1;0,0;0;1;2;0;0
7;HapticsFixedCC;4;127,5972;290,7104;11,3;-1,7989;0,0;0,0;0,0;0,1022;0,55;1;0,0;0;1;2;0;0
7;HapticsFixedCC;4;127,6111;290,7104;11,3;-1,7989;0,0;0,0;0,0;0,102;0,49;1;0,0;0;1;2;0;0
7;HapticsFixedCC;4;127,625;290,7104;11,3;-1,7814;0,0;0,0;0,0;0,1019;0,44;1;0,0;0;1;2;0;0
7;HapticsFixedCC;4;127,6389;290,4786;11,3;-1,7297;0,0;0,0;0,0;0,1017;0,39;1;0,0;0;1;2;0;0
7;HapticsFixedCC;4;127,6528;290,435;11,4;-1,6343;0,0;0,0;0,0;0,1015;0,35;1;0,0;0;1;2;0;0
7;HapticsFixedCC;4;127,6667;290,3911;11,4;-1,5416;0,0;0,0;0,0;0,1013;0,3;1;0,0;0;1;2;0;0
7;HapticsFixedCC;4;127,6805;290,3471;11,4;-1,4722;0,0;0,0;0,0;0,1011;0,26;1;0,0;0;1;2;0;0
7;HapticsFixedCC;4;127,6944;290,3031;11,4;-1,3873;0,0;0,0;0,0;0,1009;0,22;1;0,0;0;1;2;0;0
7;HapticsFixedCC;4;127,7083;290,2591;11,4;-1,2898;0,0;0,0;0,0;0,1007;0,18;1;0,0;0;1;2;0;0
7;HapticsFixedCC;4;127,7222;290,2546;11,4;-1,1711;0,0;0,0;0,0;0,1004;0,15;1;0,0;0;1;2;0;0
7;HapticsFixedCC;4;127,7361;290,2546;11,4;-1,0802;0,0;0,0;0,0;0,1002;0,12;1;0,0;0;1;2;0;0
7;HapticsFixedCC;4;127,75;290,2546;11,4;-1,0304;0,0;0,0;0,0;0,1;0,09;1;0,0;0;1;5;0;0
7;HapticsFixedCC;4;127,7639;290,2546;11,4;-0,9737;0,0;0,0;0,0;0,0997;0,06;1;0,0;0;1;5;0;0
7;HapticsFixedCC;4;127,7778;290,2546;11,4;-0,9131;0,0;0,0;0,0;0,0995;0,03;1;0,0;0;1;5;0;0
7;HapticsFixedCC;4;127,7917;289,9952;11,4;-0,8673;0,0;0,0;0,0;0,0993;0,0;1;0,0;0;1;5;0;0
7;HapticsFixedCC;4;127,8055;289,9512;11,4;-0,8445;0,0;0,0;0,0;0,099;0,0;1;0,0;0;1;5;0;0
7;HapticsFixedCC;4;127,8194;289,9073;11,4;-0,8433;0,0;0,0;0,0;0,0987;-0,04;1;0,0;0;1;5;0;0
7;HapticsFixedCC;4;127,8333;289,8633;11,4;-0,8408;0,0;0,0;0,0;0,0984;-0,06;1;0,0;0;1;5;0;0
7;HapticsFixedCC;4;127,8472;289,8193;11,4;-0,8474;0,0;0,0;0,0;0,0981;-0,09;1;0,0;0;1;5;0;0
7;HapticsFixedCC;4;127,8611;289,7988;11,4;-0,8506;0,0;0,0;0,0;0,0978;-0,11;1;0,0;0;1;5;0;0
7;HapticsFixedCC;4;127,875;289,7988;11,4;-0,8523;0,0;0,0;0,0;0,0974;-0,14;1;0,0;0;1;5;0;0
7;HapticsFixedCC;4;127,8889;289,7988;11,4;-0,8509;0,0;0,0;0,0;0,097;-0,16;1;0,0;0;1;5;0;0
7;HapticsFixedCC;4;127,9028;289,7988;11,4;-0,8463;0,0;0,0;0,0;0,0967;-0,19;1;0,0;0;1;5;0;0
7;HapticsFixedCC;4;127,9167;289,7988;11,4;-0,8398;0,0;0,0;0,0;0,0963;-0,21;1;0,0;0;1;5;0;0
7;HapticsFixedCC;4;127,9305;289,5554;11,4;-0,8349;0,0;0,0;0,0;0,0958;-0,23;1;0,0;0;1;5;0;0
7;HapticsFixedCC;4;127,9444;289,5114;11,4;-0,822;0,0;0,0;0,0;0,0954;-0,26;1;0,0;0;1;5;0;0
7;HapticsFixedCC;4;127,9583;289,4675;11,4;-0,8059;0,0;0,0;0,0;0,095;-0,28;1;0,0;0;1;5;0;0
7;HapticsFixedCC;4;127,9722;289,4235;11,4;-0,7821;0,0;0,0;0,0;0,0945;-0,3;1;0,0;0;1;5;0;0
7;HapticsFixedCC;4;127,9861;289,3795;11,4;-0,7554;0,0;0,0;0,0;0,0941;-0,33;1;0,0;0;1;5;0;0
7;HapticsFixedCC;4;128,0;289,3428;11,4;-0,7276;0,0;0,0;0,0;0,0937;-0,35;1;0,0;0;1;5;0;0
7;HapticsFixedCC;4;128,0139;289,3428;11,4;-0,7003;0,0;0,0;0,0;0,0932;-0,37;1;0,0;0;1;5;0;0
7;HapticsFixedCC;4;128,0278;289,3428;11,4;-0,6859;0,0;0,0;0,0;0,0927;-0,39;1;0,0;0;1;5;0;0
7;HapticsFixedCC;4;128,0417;289,3428;11,4;-0,6706;0,0;0,0;0,0;0,0922;-0,41;1;0,0;0;1;5;0;0
7;HapticsFixedCC;4;128,0555;289,3428;11,4;-0,6652;0,0;0,0;0,0;0,0917;-0,42;1;0,0;0;1;5;0;0
7;HapticsFixedCC;4;128,0694;289,3428;11,4;-0,6527;0,0;0,0;0,0;0,0912;-0,44;1;0,0;0;1;5;0;0
7;HapticsFixedCC;4;128,0833;289,0717;11,4;-0,6419;0,0;0,0;0,0;0,0907;-0,46;1;0,0;0;1;5;0;0
7;HapticsFixedCC;4;128,0972;289,0277;11,4;-0,6289;0,0;0,0;0,0;0,0901;-0,48;1;0,0;0;1;5;0;0
7;HapticsFixedCC;4;128,1111;288,9837;11,4;-0,615;0,0;0,0;0,0;0,0896;-0,5;1;0,0;0;1;5;0;0
7;HapticsFixedCC;4;128,125;288,9397;11,4;-0,601;0,0;0,0;0,0;0,089;-0,52;1;0,0;0;1;5;0;0
7;HapticsFixedCC;4;128,1389;288,8958;11,4;-0,5871;0,0;0,0;0,0;0,0884;-0,53;1;0,0;0;1;5;0;0
7;HapticsFixedCC;4;128,1528;288,8875;11,3;-0,5604;0,0;0,0;0,0;0,0878;-0,55;1;0,0;0;1;5;0;0
7;HapticsFixedCC;4;128,1667;288,8875;11,3;-0,5434;0,0;0,0;0,0;0,0873;-0,56;1;0,0;0;1;5;0;0
7;HapticsFixedCC;4;128,1805;288,8875;11,3;-0,5106;0,0;0,0;0,0;0,0867;-0,58;1;0,0;0;1;5;0;0
7;HapticsFixedCC;4;128,1944;288,8875;11,3;-0,4807;0,0;0,0;0,0;0,0861;-0,59;1;0,0;0;1;5;0;0
7;HapticsFixedCC;4;128,2083;288,8875;11,3;-0,4474;0,0;0,0;0,0;0,0855;-0,6;1;0,0;0;1;5;0;0
7;HapticsFixedCC;4;128,2222;288,6338;11,3;-0,3888;0,0;0,0;0,0;0,0849;-0,62;1;0,0;0;1;5;0;0
7;HapticsFixedCC;4;128,2361;288,5902;11,3;-0,3098;0,0;0,0;0,0;0,0843;-0,63;1;0,0;0;1;5;0;0
7;HapticsFixedCC;4;128,25;288,5466;11,3;-0,2225;0,0;0,0;0,0;0,0837;-0,63;1;0,0;0;1;5;0;0
7;HapticsFixedCC;4;128,2639;288,5031;11,3;-0,0871;0,0;0,0;0,0;0,0832;-0,63;1;0,0;0;1;5;0;0
7;HapticsFixedCC;4;128,2778;288,4594;11,3;0,03;0,0;0,0;0,0;0,0828;-0,63;1;0,0;0;1;5;0;0
7;HapticsFixedCC;4;128,2917;288,4309;11,3;0,1777;0,0;0,0;0,0;0,0823;-0,63;1;0,0;0;1;5;0;0
7;HapticsFixedCC;4;128,3055;288,4309;11,3;0,3019;0,0;0,0;0,0;0,0819;-0,62;1;0,0;0;1;5;0;0
7;HapticsFixedCC;4;128,3194;288,4309;11,3;0,4582;0,0;0,0;0,0;0,0816;-0,61;1;0,0;0;1;5;0;0
7;HapticsFixedCC;4;128,3333;288,4309;11,3;0,6138;0,0;0,0;0,0;0,0813;-0,59;1;0,0;0;1;5;0;0
7;HapticsFixedCC;4;128,3472;288,4309;11,3;0,7361;0,0;0,0;0,0;0,0811;-0,57;1;0,0;0;1;5;0;0
7;HapticsFixedCC;4;128,3611;288,1979;11,3;0,7921;0,0;0,0;0,0;0,0809;-0,55;1;0,0;0;1;5;0;0
7;HapticsFixedCC;4;128,375;288,1543;11,3;0,8517;0,0;0,0;0,0;0,0807;-0,52;1;0,0;0;1;5;0;0
7;HapticsFixedCC;4;128,3889;288,1107;11,3;0,8844;0,0;0,0;0,0;0,0806;-0,49;1;0,0;0;1;5;0;0
7;HapticsFixedCC;4;128,4028;288,0671;11,3;0,9335;0,0;0,0;0,0;0,0805;-0,47;1;0,0;0;1;5;0;0
7;HapticsFixedCC;4;128,4167;288,0235;11,3;0,9734;0,0;0,0;0,0;0,0804;-0,44;1;0,0;0;1;5;0;0
7;HapticsFixedCC;4;128,4305;287,9799;11,3;0,9856;0,0;0,0;0,0;0,0804;-0,41;1;0,0;0;1;5;0;0
7;HapticsFixedCC;4;128,4444;287,9758;11,3;1,0004;0,0;0,0;0,0;0,0804;-0,38;1;0,0;0;1;5;0;0
7;HapticsFixedCC;4;128,4583;287,9758;11,3;1,0038;0,0;0,0;0,0;0,0804;-0,35;1;0,0;0;1;5;0;0
7;HapticsFixedCC;4;128,4722;287,9758;11,3;1,0018;0,0;0,0;0,0;0,0805;-0,32;1;0,0;0;1;5;0;0
7;HapticsFixedCC;4;128,4861;287,9758;11,3;0,9974;0,0;0,0;0,0;0,0805;-0,29;1;0,0;0;1;5;0;0
7;HapticsFixedCC;4;128,5;287,9758;11,3;0,9919;0,0;0,0;0,0;0,0806;-0,26;1;0,0;0;1;5;0;0
7;HapticsFixedCC;4;128,5139;287,7183;11,3;0,9758;0,0;0,0;0,0;0,0807;-0,23;1;0,0;0;1;5;0;0
7;HapticsFixedCC;4;128,5278;287,6747;11,3;0,9608;0,0;0,0;0,0;0,0809;-0,21;1;0,0;0;1;5;0;0
7;HapticsFixedCC;4;128,5417;287,6311;11,3;0,9392;0,0;0,0;0,0;0,081;-0,18;1;0,0;0;1;5;0;0
7;HapticsFixedCC;4;128,5555;287,5875;11,3;0,9054;0,0;0,0;0,0;0,0812;-0,15;1;0,0;0;1;5;0;0
7;HapticsFixedCC;4;128,5694;287,5439;11,3;0,8737;0,0;0,0;0,0;0,0813;-0,13;1;0,0;0;1;5;0;0
7;HapticsFixedCC;4;128,5833;287,5191;11,3;0,8438;0,0;0,0;0,0;0,0815;-0,1;1;0,0;0;1;5;0;0
7;HapticsFixedCC;4;128,5972;287,5191;11,3;0,8062;0,0;0,0;0,0;0,0817;-0,08;1;0,0;0;1;5;0;0
7;HapticsFixedCC;4;128,6111;287,5191;11,3;0,7625;0,0;0,0;0,0;0,0819;-0,05;1;0,0;0;1;5;0;0
7;HapticsFixedCC;4;128,625;287,5191;11,3;0,7303;0,0;0,0;0,0;0,0821;-0,03;1;0,0;0;1;5;0;0
7;HapticsFixedCC;4;128,6389;287,5191;11,3;0,7016;0,0;0,0;0,0;0,0823;0,0;1;0,0;0;1;5;0;0
7;HapticsFixedCC;4;128,6528;287,2823;11,1;0,6628;0,0;0,0;0,0;0,0825;0,0;1;0,0;0;1;5;0;0
7;HapticsFixedCC;4;128,6667;287,2395;11,1;0,6291;0,0;0,0;0,0;0,0827;0,03;1;0,0;0;1;5;0;0
7;HapticsFixedCC;4;128,6805;287,1967;11,1;0,5935;0,0;0,0;0,0;0,0829;0,04;1;0,0;0;1;5;0;0
7;HapticsFixedCC;4;128,6944;287,1539;11,1;0,5489;0,0;0,0;0,0;0,0831;0,06;1;0,0;0;1;5;0;0
7;HapticsFixedCC;4;128,7083;287,1111;11,1;0,5135;0,0;0,0;0,0;0,0833;0,08;1;0,0;0;1;5;0;0
7;HapticsFixedCC;4;128,7222;287,0682;11,1;0,4789;0,0;0,0;0,0;0,0835;0,09;1;0,0;0;1;5;0;0
7;HapticsFixedCC;4;128,7361;287,0637;11,1;0,4428;0,0;0,0;0,0;0,0838;0,1;1;0,0;0;1;5;0;0
7;HapticsFixedCC;4;128,75;287,0637;11,1;0,3981;0,0;0,0;0,0;0,084;0,12;1;0,0;0;1;5;0;0
7;HapticsFixedCC;4;128,7639;287,0637;11,1;0,3478;0,0;0,0;0,0;0,0842;0,13;1;0,0;0;1;8;0;0
7;HapticsFixedCC;4;128,7778;287,0637;11,1;0,3055;0,0;0,0;0,0;0,0844;0,14;1;0,0;0;1;8;0;0
7;HapticsFixedCC;4;128,7917;287,0637;11,1;0,2603;0,0;0,0;0,0;0,0846;0,14;1;0,0;0;1;8;0;0
7;HapticsFixedCC;4;128,8055;286,8113;11,1;0,2074;0,0;0,0;0,0;0,0848;0,15;1;0,0;0;1;8;0;0
7;HapticsFixedCC;4;128,8194;286,7685;11,1;0,1528;0,0;0,0;0,0;0,085;0,15;1;0,0;0;1;8;0;0
7;HapticsFixedCC;4;128,8333;286,7256;11,1;0,1115;0,0;0,0;0,0;0,0851;0,16;1;0,0;0;1;8;0;0
7;HapticsFixedCC;4;128,8472;286,6828;11,1;0,0757;0,0;0,0;0,0;0,0853;0,16;1;0,0;0;1;8;0;0
7;HapticsFixedCC;4;128,8611;286,64;11,1;0,0483;0,0;0,0;0,0;0,0854;0,16;1;0,0;0;1;8;0;0
7;HapticsFixedCC;4;128,875;286,6077;11,1;0,0136;0,0;0,0;0,0;0,0856;0,16;1;0,0;0;1;8;0;0
7;HapticsFixedCC;4;128,8889;286,6077;11,3;-0,0198;0,0;0,0;0,0;0,0857;0,16;1;0,0;0;1;8;0;0
7;HapticsFixedCC;4;128,9028;286,6077;11,3;-0,0363;0,0;0,0;0,0;0,0859;0,16;1;0,0;0;1;8;0;0
7;HapticsFixedCC;4;128,9167;286,6077;11,3;-0,0496;0,0;0,0;0,0;0,086;0,16;1;0,0;0;1;8;0;0
7;HapticsFixedCC;4;128,9305;286,6077;11,3;-0,0597;0,0;0,0;0,0;0,0861;0,16;1;0,0;0;1;8;0;0
7;HapticsFixedCC;4;128,9444;286,6077;11,3;-0,0715;0,0;0,0;0,0;0,0862;0,16;1;0,0;0;1;8;0;0
7;HapticsFixedCC;4;128,9583;286,3364;11,3;-0,0799;0,0;0,0;0,0;0,0864;0,16;1;0,0;0;1;8;0;0
7;HapticsFixedCC;4;128,9722;286,2928;11,3;-0,0801;0,0;0,0;0,0;0,0865;0,16;1;0,0;0;1;8;0;0
7;HapticsFixedCC;4;128,9861;286,2492;11,3;-0,0645;0,0;0,0;0,0;0,0866;0,16;1;0,0;0;1;8;0;0
7;HapticsFixedCC;4;129,0;286,2056;11,3;-0,0518;0,0;0,0;0,0;0,0867;0,15;1;0,0;0;1;8;0;0
7;HapticsFixedCC;4;129,0139;286,162;11,3;-0,0244;0,0;0,0;0,0;0,0868;0,15;1;0,0;0;1;8;0;0
7;HapticsFixedCC;4;129,0278;286,1515;11,3;0,0116;0,0;0,0;0,0;0,087;0,15;1;0,0;0;1;8;0;0
7;HapticsFixedCC;4;129,0417;286,1515;11,3;0,0412;0,0;0,0;0,0;0,0871;0,16;1;0,0;0;1;8;0;0
7;HapticsFixedCC;4;129,0555;286,1515;11,3;0,0867;0,0;0,0;0,0;0,0873;0,16;1;0,0;0;1;8;0;0
7;HapticsFixedCC;4;129,0694;286,1515;11,3;0,1197;0,0;0,0;0,0;0,0875;0,16;1;0,0;0;1;8;0;0
7;HapticsFixedCC;4;129,0833;286,1515;11,3;0,1425;0,0;0,0;0,0;0,0876;0,17;1;0,0;0;1;8;0;0
7;HapticsFixedCC;4;129,0972;285,9004;11,3;0,1629;0,0;0,0;0,0;0,0878;0,17;1;0,0;0;1;8;0;0
7;HapticsFixedCC;4;129,1111;285,8568;11,3;0,1747;0,0;0,0;0,0;0,088;0,18;1;0,0;0;1;8;0;0
7;HapticsFixedCC;4;129,125;285,8132;11,3;0,1832;0,0;0,0;0,0;0,0882;0,19;1;0,0;0;1;8;0;0
7;HapticsFixedCC;4;129,1389;285,7696;11,3;0,1893;0,0;0,0;0,0;0,0884;0,19;1;0,0;0;1;8;0;0
7;HapticsFixedCC;4;129,1528;285,726;11,3;0,1792;0,0;0,0;0,0;0,0886;0,2;1;0,0;0;1;8;0;0
7;HapticsFixedCC;4;129,1667;285,6967;11,3;0,1657;0,0;0,0;0,0;0,0889;0,2;1;0,0;0;1;8;0;0
7;HapticsFixedCC;4;129,1805;285,6967;11,3;0,1341;0,0;0,0;0,0;0,0891;0,21;1;0,0;0;1;8;0;0
7;HapticsFixedCC;4;129,1944;285,6967;11,3;0,0964;0,0;0,0;0,0;0,0893;0,21;1;0,0;0;1;8;0;0
7;HapticsFixedCC;4;129,2083;285,6967;11,3;0,0592;0,0;0,0;0,0;0,0895;0,21;1;0,0;0;1;8;0;0
7;HapticsFixedCC;4;129,2222;285,6967;11,3;0,0237;0,0;0,0;0,0;0,0897;0,21;1;0,0;0;1;8;0;0
7;HapticsFixedCC;4;129,2361;285,4645;11,3;-0,0075;0,0;0,0;0,0;0,0898;0,21;1;0,0;0;1;8;0;0
7;HapticsFixedCC;4;129,25;285,4209;11,3;-0,0231;0,0;0,0;0,0;0,09;0,21;1;0,0;0;1;8;0;0
7;HapticsFixedCC;4;129,2639;285,3773;11,3;-0,0414;0,0;0,0;0,0;0,0902;0,21;1;0,0;0;1;8;0;0
7;HapticsFixedCC;4;129,2778;285,3337;11,3;-0,0529;0,0;0,0;0,0;0,0903;0,21;1;0,0;0;1;8;0;0
7;HapticsFixedCC;4;129,2917;285,2901;11,3;-0,0585;0,0;0,0;0,0;0,0905;0,21;1;0,0;0;1;8;0;0
7;HapticsFixedCC;4;129,3055;285,2465;11,3;-0,062;0,0;0,0;0,0;0,0907;0,21;1;0,0;0;1;8;0;0
7;HapticsFixedCC;4;129,3194;285,2391;11,3;-0,0616;0,0;0,0;0,0;0,0908;0,21;1;0,0;0;1;8;0;0
7;HapticsFixedCC;4;129,3333;285,2391;11,3;-0,0595;0,0;0,0;0,0;0,091;0,21;1;0,0;0;1;8;0;0
7;HapticsFixedCC;4;129,3472;285,2391;11,3;-0,0568;0,0;0,0;0,0;0,0911;0,21;1;0,0;0;1;8;0;0
7;HapticsFixedCC;4;129,3611;285,2391;11,3;-0,0537;0,0;0,0;0,0;0,0913;0,2;1;0,0;0;1;8;0;0
7;HapticsFixedCC;4;129,375;285,2391;11,3;-0,0531;0,0;0,0;0,0;0,0915;0,2;1;0,0;0;1;8;0;0
7;HapticsFixedCC;4;129,3889;284,9849;10,9;-0,0511;0,0;0,0;0,0;0,0916;0,2;1;0,0;0;1;8;0;0
7;HapticsFixedCC;4;129,4028;284,9429;10,9;-0,0525;0,0;0,0;0,0;0,0918;0,2;1;0,0;0;1;8;0;0
7;HapticsFixedCC;4;129,4167;284,9008;10,9;-0,0572;0,0;0,0;0,0;0,0919;0,2;1;0,0;0;1;8;0;0
7;HapticsFixedCC;4;129,4305;284,8588;10,9;-0,0621;0,0;0,0;0,0;0,092;0,2;1;0,0;0;1;8;0;0
7;HapticsFixedCC;4;129,4444;284,8167;10,9;-0,0679;0,0;0,0;0,0;0,0922;0,2;1;0,0;0;1;8;0;0
7;HapticsFixedCC;4;129,4583;284,7862;10,9;-0,0773;0,0;0,0;0,0;0,0923;0,2;1;0,0;0;1;8;0;0
7;HapticsFixedCC;4;129,4722;284,7862;10,9;-0,0845;0,0;0,0;0,0;0,0925;0,19;1;0,0;0;1;8;0;0
7;HapticsFixedCC;4;129,4861;284,7862;10,9;-0,093;0,0;0,0;0,0;0,0926;0,19;1;0,0;0;1;8;0;0
7;HapticsFixedCC;4;129,5;284,7862;10,9;-0,0987;0,0;0,0;0,0;0,0927;0,19;1;0,0;0;1;8;0;0
7;HapticsFixedCC;4;129,5139;284,7862;10,9;-0,1047;0,0;0,0;0,0;0,0929;0,19;1;0,0;0;1;8;0;0
7;HapticsFixedCC;4;129,5278;284,7862;10,9;-0,1089;0,0;0,0;0,0;0,093;0,18;1;0,0;0;1;8;0;0
7;HapticsFixedCC;4;129,5417;284,5223;10,9;-0,1111;0,0;0,0;0,0;0,0931;0,18;1;0,0;0;1;8;0;0
7;HapticsFixedCC;4;129,5555;284,4803;10,9;-0,1127;0,0;0,0;0,0;0,0932;0,18;1;0,0;0;1;8;0;0
7;HapticsFixedCC;4;129,5694;284,4382;10,9;-0,1095;0,0;0,0;0,0;0,0933;0,18;1;0,0;0;1;8;0;0
7;HapticsFixedCC;4;129,5833;284,3962;10,9;-0,1018;0,0;0,0;0,0;0,0935;0,17;1;0,0;0;1;8;0;0
7;HapticsFixedCC;4;129,5972;284,3541;10,9;-0,0862;0,0;0,0;0,0;0,0936;0,17;1;0,0;0;1;8;0;0
7;HapticsFixedCC;4;129,6111;284,3275;10,9;-0,0722;0,0;0,0;0,0;0,0937;0,17;1;0,0;0;1;8;0;0
7;HapticsFixedCC;4;129,625;284,3275;10,9;-0,0612;0,0;0,0;0,0;0,0938;0,17;1;0,0;0;1;8;0;0
7;HapticsFixedCC;4;129,6389;284,3275;10,9;-0,0463;0,0;0,0;0,0;0,0939;0,17;1;0,0;0;1;8;0;0
7;HapticsFixedCC;4;129,6528;284,3275;10,9;-0,0244;0,0;0,0;0,0;0,0941;0,17;1;0,0;0;1;8;0;0
7;HapticsFixedCC;4;129,6667;284,3275;10,9;0,0045;0,0;0,0;0,0;0,0942;0,17;1;0,0;0;1;8;0;0
7;HapticsFixedCC;4;129,6805;284,3275;10,9;0,0448;0,0;0,0;0,0;0,0944;0,17;1;0,0;0;1;8;0;0
7;HapticsFixedCC;4;129,6944;284,0598;10,9;0,053;0,0;0,0;0,0;0,0945;0,17;1;0,0;0;1;8;0;0
7;HapticsFixedCC;4;129,7083;284,0177;10,9;0,1088;0,0;0,0;0,0;0,0947;0,18;1;0,0;0;1;8;0;0
7;HapticsFixedCC;4;129,7222;283,9757;10,9;0,1418;0,0;0,0;0,0;0,0949;0,18;1;0,0;0;1;8;0;0
7;HapticsFixedCC;4;129,7361;283,9336;10,9;0,164;0,0;0,0;0,0;0,0951;0,19;1;0,0;0;1;8;0;0
7;HapticsFixedCC;4;129,75;283,8916;10,9;0,192;0,0;0,0;0,0;0,0953;0,19;1;0,0;0;1;8;0;0
7;HapticsFixedCC;4;129,7639;283,872;10,9;0,2284;0,0;0,0;0,0;0,0955;0,2;1;0,0;0;1;3;0;0
7;HapticsFixedCC;4;129,7778;283,872;10,9;0,2463;0,0;0,0;0,0;0,0957;0,21;1;0,0;0;1;3;0;0
7;HapticsFixedCC;4;129,7917;283,872;10,9;0,2628;0,0;0,0;0,0;0,096;0,21;1;0,0;0;1;3;0;0
7;HapticsFixedCC;4;129,8055;283,872;10,9;0,266;0,0;0,0;0,0;0,0962;0,22;1;0,0;0;1;3;0;0
7;HapticsFixedCC;4;129,8194;283,872;10,9;0,2763;0,0;0,0;0,0;0,0965;0,23;1;0,0;0;1;3;0;0
7;HapticsFixedCC;4;129,8333;283,6393;10,9;0,2763;0,0;0,0;0,0;0,0968;0,24;1;0,0;0;1;3;0;0
7;HapticsFixedCC;4;129,8472;283,5972;10,9;0,2654;0,0;0,0;0,0;0,097;0,25;1;0,0;0;1;3;0;0
7;HapticsFixedCC;4;129,8611;283,5551;10,9;0,25;0,0;0,0;0,0;0,0973;0,25;1;0,0;0;1;3;0;0
7;HapticsFixedCC;4;129,875;283,5131;10,7;0,2362;0,0;0,0;0,0;0,0975;0,26;1;0,0;0;1;3;0;0
7;HapticsFixedCC;4;129,8889;283,4718;10,7;0,2276;0,0;0,0;0,0;0,0978;0,27;1;0,0;0;1;3;0;0
7;HapticsFixedCC;4;129,9028;283,4305;10,7;0,2219;0,0;0,0;0,0;0,0981;0,27;1;0,0;0;1;3;0;0
7;HapticsFixedCC;4;129,9167;283,4182;10,7;0,22;0,0;0,0;0,0;0,0984;0,28;1;0,0;0;1;3;0;0
7;HapticsFixedCC;4;129,9305;283,4182;10,7;0,2267;0,0;0,0;0,0;0,0987;0,29;1;0,0;0;1;3;0;0
7;HapticsFixedCC;4;129,9444;283,4182;10,7;0,2393;0,0;0,0;0,0;0,099;0,3;1;0,0;0;1;3;0;0
7;HapticsFixedCC;4;129,9583;283,4182;10,7;0,25;0,0;0,0;0,0;0,0993;0,3;1;0,0;0;1;3;0;0
7;HapticsFixedCC;4;129,9722;283,4182;10,7;0,2637;0,0;0,0;0,0;0,0996;0,31;1;0,0;0;1;3;0;0
7;HapticsFixedCC;4;129,9861;283,1829;10,7;0,2743;0,0;0,0;0,0;0,0999;0,32;1;0,0;0;1;3;0;0
7;HapticsFixedCC;4;130,0;283,1416;10,7;0,2868;0,0;0,0;0,0;0,1002;0,33;1;0,0;0;1;3;0;0
7;HapticsFixedCC;4;130,0139;283,1003;10,7;0,2893;0,0;0,0;0,0;0,1006;0,34;1;0,0;0;1;3;0;0
7;HapticsFixedCC;4;130,0278;283,059;10,7;0,3066;0,0;0,0;0,0;0,1009;0,34;1;0,0;0;1;3;0;0
7;HapticsFixedCC;4;130,0417;283,0177;10,7;0,31;0,0;0,0;0,0;0,1013;0,35;1;0,0;0;1;3;0;0
7;HapticsFixedCC;4;130,0555;282,9765;10,7;0,3218;0,0;0,0;0,0;0,1017;0,36;1;0,0;0;1;3;0;0
7;HapticsFixedCC;4;130,0694;282,9592;10,7;0,3551;0,0;0,0;0,0;0,102;0,37;1;0,0;0;1;3;0;0
7;HapticsFixedCC;4;130,0833;282,9592;10,7;0,3748;0,0;0,0;0,0;0,1024;0,39;1;0,0;0;1;3;0;0
7;HapticsFixedCC;4;130,0972;282,9592;10,7;0,3911;0,0;0,0;0,0;0,1028;0,4;1;0,0;0;1;3;0;0
7;HapticsFixedCC;4;130,1111;282,9592;10,7;0,3959;0,0;0,0;0,0;0,1032;0,41;1;0,0;0;1;3;0;0
7;HapticsFixedCC;4;130,125;282,9592;10,7;0,3969;0,0;0,0;0,0;0,1037;0,42;1;0,0;0;1;3;0;0
7;HapticsFixedCC;4;130,1389;282,7288;10,7;0,3848;0,0;0,0;0,0;0,1041;0,43;1;0,0;0;1;3;0;0
7;HapticsFixedCC;4;130,1528;282,6875;10,7;0,3591;0,0;0,0;0,0;0,1045;0,44;1;0,0;0;1;3;0;0
7;HapticsFixedCC;4;130,1667;282,6462;10,7;0,3237;0,0;0,0;0,0;0,1049;0,45;1;0,0;0;1;3;0;0
7;HapticsFixedCC;4;130,1805;282,6049;10,7;0,2795;0,0;0,0;0,0;0,1053;0,46;1;0,0;0;1;3;0;0
7;HapticsFixedCC;4;130,1944;282,5637;10,7;0,2243;0,0;0,0;0,0;0,1057;0,46;1;0,0;0;1;3;0;0
7;HapticsFixedCC;4;130,2083;282,5224;10,7;0,1636;0,0;0,0;0,0;0,106;0,47;1;0,0;0;1;3;0;0
7;HapticsFixedCC;4;130,2222;282,5042;10,7;0,1011;0,0;0,0;0,0;0,1064;0,47;1;0,0;0;1;3;0;0
7;HapticsFixedCC;4;130,2361;282,5042;10,7;0,0887;0,0;0,0;0,0;0,1068;0,47;1;0,0;0;1;3;0;0
7;HapticsFixedCC;4;130,25;282,5042;10,7;-0,0324;0,0;0,0;0,0;0,1071;0,47;1;0,0;0;1;3;0;0
7;HapticsFixedCC;4;130,2639;282,5042;10,7;-0,1359;0,0;0,0;0,0;0,1074;0,47;1;0,0;0;1;3;0;0
7;HapticsFixedCC;4;130,2778;282,5042;10,7;-0,2278;0,0;0,0;0,0;0,1077;0,46;1;0,0;0;1;3;0;0
7;HapticsFixedCC;4;130,2917;282,2747;10,7;-0,302;0,0;0,0;0,0;0,1079;0,46;1;0,0;0;1;3;0;0
7;HapticsFixedCC;4;130,3055;282,2335;10,7;-0,4085;0,0;0,0;0,0;0,1081;0,44;1;0,0;0;1;3;0;0
7;HapticsFixedCC;4;130,3194;282,1922;10,7;-0,5212;0,0;0,0;0,0;0,1083;0,43;1;0,0;0;1;3;0;0
7;HapticsFixedCC;4;130,3333;282,1509;10,7;-0,603;0,0;0,0;0,0;0,1084;0,42;1;0,0;0;1;3;0;0
7;HapticsFixedCC;4;130,3472;282,1096;10,7;-0,6194;0,0;0,0;0,0;0,1085;0,4;1;0,0;0;1;3;0;0
7;HapticsFixedCC;4;130,3611;282,0683;10,7;-0,738;0,0;0,0;0,0;0,1086;0,38;1;0,0;0;1;3;0;0
7;HapticsFixedCC;4;130,375;282,0524;10,7;-0,7944;0,0;0,0;0,0;0,1086;0,36;1;0,0;0;1;3;0;0
7;HapticsFixedCC;4;130,3889;282,0524;10,7;-0,8402;0,0;0,0;0,0;0,1087;0,33;1;0,0;0;1;3;0;0
7;HapticsFixedCC;4;130,4028;282,0524;10,7;-0,8976;0,0;0,0;0,0;0,1086;0,31;1;0,0;0;1;3;0;0
7;HapticsFixedCC;4;130,4167;282,0524;10,7;-0,9361;0,0;0,0;0,0;0,1086;0,28;1;0,0;0;1;3;0;0
7;HapticsFixedCC;4;130,4305;282,0524;10,7;-0,9745;0,0;0,0;0,0;0,1085;0,26;1;0,0;0;1;3;0;0
7;HapticsFixedCC;4;130,4444;281,8206;10,7;-1,002;0,0;0,0;0,0;0,1084;0,23;1;0,0;0;1;3;0;0
7;HapticsFixedCC;4;130,4583;281,7794;10,7;-1,0075;0,0;0,0;0,0;0,1083;0,2;1;0,0;0;1;3;0;0
7;HapticsFixedCC;4;130,4722;281,7381;10,7;-1,0609;0,0;0,0;0,0;0,1081;0,17;1;0,0;0;1;3;0;0
7;HapticsFixedCC;4;130,4861;281,6968;10,7;-1,087;0,0;0,0;0,0;0,1079;0,14;1;0,0;0;1;3;0;0
7;HapticsFixedCC;4;130,5;281,6555;10,7;-1,1049;0,0;0,0;0,0;0,1077;0,11;1;0,0;0;1;3;0;0
7;HapticsFixedCC;4;130,5139;281,6142;10,7;-1,1155;0,0;0,0;0,0;0,1075;0,08;1;0,0;0;1;3;0;0
7;HapticsFixedCC;4;130,5278;281,5925;10,7;-1,1276;0,0;0,0;0,0;0,1073;0,05;1;0,0;0;1;3;0;0
7;HapticsFixedCC;4;130,5417;281,5925;10,7;-1,13;0,0;0,0;0,0;0,107;0,02;1;0,0;0;1;3;0;0
7;HapticsFixedCC;4;130,5555;281,5925;10,7;-1,1422;0,0;0,0;0,0;0,1067;0,0;1;0,0;0;1;3;0;0
7;HapticsFixedCC;4;130,5694;281,5925;10,7;-1,1617;0,0;0,0;0,0;0,1064;-0,04;1;0,0;0;1;3;0;0
7;HapticsFixedCC;4;130,5833;281,5925;10,7;-1,184;0,0;0,0;0,0;0,1061;-0,07;1;0,0;0;1;3;0;0
7;HapticsFixedCC;4;130,5972;281,5925;10,7;-1,1934;0,0;0,0;0,0;0,1057;-0,1;1;0,0;0;1;3;0;0
7;HapticsFixedCC;4;130,6111;281,3253;10,7;-1,1976;0,0;0,0;0,0;0,1053;-0,14;1;0,0001;0;1;3;0;0
7;HapticsFixedCC;4;130,625;281,284;10,7;-1,1981;0,0;0,0;0,0;0,1049;-0,17;1;0,0001;0;1;3;0;0
7;HapticsFixedCC;4;130,6389;281,2427;10,4;-1,1941;0,0;0,0;0,0;0,1044;-0,2;1;0,0001;0;1;3;0;0
7;HapticsFixedCC;4;130,6528;281,2026;10,4;-1,1875;0,0;0,0;0,0;0,1039;-0,23;1;0,0001;0;1;3;0;0
7;HapticsFixedCC;4;130,6667;281,1624;10,4;-1,1865;0,0;0,0;0,0;0,1034;-0,26;1;0,0001;0;1;3;0;0
7;HapticsFixedCC;4;130,6805;281,1349;10,4;-1,1797;0,0;0,0;0,0;0,1029;-0,29;1;0,0001;0;1;3;0;0
7;HapticsFixedCC;4;130,6944;281,1349;10,4;-1,1743;0,0;0,0;0,0;0,1024;-0,33;1;0,0001;0;1;3;0;0
7;HapticsFixedCC;4;130,7083;281,1349;10,4;-1,1655;0,0;0,0;0,0;0,1018;-0,36;1;0,0001;0;1;3;0;0
7;HapticsFixedCC;4;130,7222;281,1349;10,4;-1,1629;0,0;0,0;0,0;0,1012;-0,39;1;0,0001;0;1;3;0;0
7;HapticsFixedCC;4;130,7361;281,1349;10,4;-1,1642;0,0;0,0;0,0;0,1006;-0,42;1;0,0001;0;1;3;0;0
7;HapticsFixedCC;4;130,75;281,1349;10,4;-1,1687;0,0;0,0;0,0;0,1;-0,45;1;0,0001;0;1;3;0;0
7;HapticsFixedCC;4;130,7639;280,8816;10,4;-1,1778;0,0;0,0;0,0;0,0994;-0,48;1;0,0;0;1;3;0;0
7;HapticsFixedCC;4;130,7778;280,8415;10,4;-1,1796;0,0;0,0;0,0;0,0987;-0,51;1;0,0;0;1;6;0;0
7;HapticsFixedCC;4;130,7917;280,8014;10,4;-1,1911;0,0;0,0;0,0;0,098;-0,54;1;0,0;0;1;6;0;0
7;HapticsFixedCC;4;130,8055;280,7613;10,4;-1,2024;0,0;0,0;0,0;0,0973;-0,58;1;0,0;0;1;6;0;0
7;HapticsFixedCC;4;130,8194;280,7212;10,4;-1,2055;0,0;0,0;0,0;0,0965;-0,61;1;0,0;0;1;6;0;0
7;HapticsFixedCC;4;130,8333;280,681;10,4;-1,2047;0,0;0,0;0,0;0,0957;-0,64;1;0,0;0;1;6;0;0
7;HapticsFixedCC;4;130,8472;280,6786;10,4;-1,2004;0,0;0,0;0,0;0,0949;-0,67;1;0,0;0;1;6;0;0
7;HapticsFixedCC;4;130,8611;280,6786;10,4;-1,1995;0,0;0,0;0,0;0,0941;-0,71;1;0,0;0;1;6;0;0
7;HapticsFixedCC;4;130,875;280,6786;10,4;-1,1936;0,0;0,0;0,0;0,0933;-0,74;1;0,0;0;1;6;0;0
7;HapticsFixedCC;4;130,8889;280,6786;10,4;-1,1852;0,0;0,0;0,0;0,0924;-0,77;1;0,0;0;1;6;0;0
7;HapticsFixedCC;4;130,9028;280,6786;10,4;-1,1618;0,0;0,0;0,0;0,0916;-0,8;1;0,0;0;1;6;0;0
7;HapticsFixedCC;4;130,9167;280,4403;10,4;-1,1396;0,0;0,0;0,0;0,0907;-0,83;1;0,0;0;1;6;0;0
7;HapticsFixedCC;4;130,9305;280,4002;10,4;-1,1063;0,0;0,0;0,0;0,0898;-0,86;1;0,0;0;1;6;0;0
7;HapticsFixedCC;4;130,9444;280,3601;10,4;-1,0734;0,0;0,0;0,0;0,0889;-0,89;1;0,0;0;1;6;0;0
7;HapticsFixedCC;4;130,9583;280,32;10,4;-1,0176;0,0;0,0;0,0;0,088;-0,92;1;0,0;0;1;6;0;0
7;HapticsFixedCC;4;130,9722;280,2799;10,4;-0,9738;0,0;0,0;0,0;0,0871;-0,94;1;0,0;0;1;6;0;0
7;HapticsFixedCC;4;130,9861;280,2397;10,4;-0,9649;0,0;0,0;0,0;0,0862;-0,97;1;0,0;0;1;6;0;0
7;HapticsFixedCC;4;131,0;280,2224;10,4;-0,9338;0,0;0,0;0,0;0,0853;-0,99;1;0,0;0;1;6;0;0
7;HapticsFixedCC;4;131,0139;280,2224;10,4;-0,8769;0,0;0,0;0,0;0,0843;-1,02;1;0,0;0;1;6;0;0
7;HapticsFixedCC;4;131,0278;280,2224;10,4;-0,7525;0,0;0,0;0,0;0,0834;-1,04;1;0,0;0;1;6;0;0
7;HapticsFixedCC;4;131,0417;280,2224;10,4;-0,6711;0,0;0,0;0,0;0,0826;-1,05;1;0,0;0;1;6;0;0
7;HapticsFixedCC;4;131,0555;280,2224;10,4;-0,5874;0,0;0,0;0,0;0,0816;-1,07;1;0,0;0;1;6;0;0
7;HapticsFixedCC;4;131,0694;280,2224;10,4;-0,4877;0,0;0,0;0,0;0,0808;-1,08;1;0,0;0;1;6;0;0
7;HapticsFixedCC;4;131,0833;279,959;10,4;-0,3727;0,0;0,0;0,0;0,0799;-1,09;1;0,0;0;1;6;0;0
