ISO-10303-21;
HEADER;
/* Generated by software containing ST-Developer
 * from STEP Tools, Inc. (www.steptools.com) 
 */

FILE_DESCRIPTION(
/* description */ (''),
/* implementation_level */ '2;1');

FILE_NAME(
/* name */ 'Brake_Sensor_Mounts.step',
/* time_stamp */ '2026-01-11T21:17:03+01:00',
/* author */ (''),
/* organization */ (''),
/* preprocessor_version */ 'ST-DEVELOPER v20.1',
/* originating_system */ 'Autodesk Translation Framework v14.21.0.0',
/* authorisation */ '');

FILE_SCHEMA (('AUTOMOTIVE_DESIGN { 1 0 10303 214 3 1 1 }'));
ENDSEC;

DATA;
#10=MECHANICAL_DESIGN_GEOMETRIC_PRESENTATION_REPRESENTATION('',(#13,#14),
#6494);
#11=SHAPE_REPRESENTATION_RELATIONSHIP('SRR','None',#6501,#12);
#12=ADVANCED_BREP_SHAPE_REPRESENTATION('',(#15,#16),#6493);
#13=STYLED_ITEM('',(#6510),#15);
#14=STYLED_ITEM('',(#6510),#16);
#15=MANIFOLD_SOLID_BREP('Rear_Brake_Mount',#3320);
#16=MANIFOLD_SOLID_BREP('Front_Brake_Mount',#3321);
#17=CONICAL_SURFACE('',#3539,1.25,0.785398163397448);
#18=CONICAL_SURFACE('',#3570,2.45,0.785398163397371);
#19=CONICAL_SURFACE('',#3573,3.75,0.785398163397446);
#20=CONICAL_SURFACE('',#3577,3.75,0.785398163397447);
#21=CONICAL_SURFACE('',#3578,3.75,0.785398163397447);
#22=CONICAL_SURFACE('',#3582,3.75,0.785398163397446);
#23=CONICAL_SURFACE('',#3592,0.434099025766978,1.17809724509618);
#24=CONICAL_SURFACE('',#3595,0.43409902576698,1.17809724509617);
#25=CONICAL_SURFACE('',#3598,1.25000000000001,0.785398163397446);
#26=CONICAL_SURFACE('',#3738,1.25,0.785398163397448);
#27=CONICAL_SURFACE('',#3768,2.45,0.785398163397371);
#28=CONICAL_SURFACE('',#3771,3.75,0.785398163397446);
#29=CONICAL_SURFACE('',#3775,3.75,0.785398163397447);
#30=CONICAL_SURFACE('',#3776,3.75,0.785398163397447);
#31=CONICAL_SURFACE('',#3780,3.75,0.785398163397446);
#32=CONICAL_SURFACE('',#3787,0.434099025766978,1.17809724509618);
#33=CONICAL_SURFACE('',#3790,0.43409902576698,1.17809724509617);
#34=CONICAL_SURFACE('',#3793,1.25000000000001,0.785398163397446);
#35=(
BOUNDED_SURFACE()
B_SPLINE_SURFACE(2,2,((#5597,#5598,#5599,#5600,#5601),(#5602,#5603,#5604,
#5605,#5606),(#5607,#5608,#5609,#5610,#5611)),.UNSPECIFIED.,.F.,.F.,.F.)
B_SPLINE_SURFACE_WITH_KNOTS((3,3),(3,2,3),(-1.57079632679492,0.),(-3.14159265358979,
-2.03444393579569,-0.927295218001594),.UNSPECIFIED.)
GEOMETRIC_REPRESENTATION_ITEM()
RATIONAL_B_SPLINE_SURFACE(((1.,0.850650808352038,1.,0.850650808352038,1.),
(0.707106781186562,0.601500955007556,0.707106781186562,0.601500955007556,
0.707106781186562),(1.,0.850650808352038,1.,0.850650808352038,1.)))
REPRESENTATION_ITEM('')
SURFACE()
);
#36=(
BOUNDED_SURFACE()
B_SPLINE_SURFACE(2,2,((#5737,#5738,#5739),(#5740,#5741,#5742),(#5743,#5744,
#5745)),.UNSPECIFIED.,.F.,.F.,.F.)
B_SPLINE_SURFACE_WITH_KNOTS((3,3),(3,3),(-1.57079632679491,0.),(0.,0.927295218001638),
 .UNSPECIFIED.)
GEOMETRIC_REPRESENTATION_ITEM()
RATIONAL_B_SPLINE_SURFACE(((1.,0.89442719099991,1.),(0.707106781186584,
0.632455532033705,0.707106781186584),(1.,0.89442719099991,1.)))
REPRESENTATION_ITEM('')
SURFACE()
);
#37=(
BOUNDED_SURFACE()
B_SPLINE_SURFACE(2,2,((#5757,#5758,#5759),(#5760,#5761,#5762),(#5763,#5764,
#5765)),.UNSPECIFIED.,.F.,.F.,.F.)
B_SPLINE_SURFACE_WITH_KNOTS((3,3),(3,3),(-1.5707963267949,0.),(0.927295218001616,
1.57079632679491),.UNSPECIFIED.)
GEOMETRIC_REPRESENTATION_ITEM()
RATIONAL_B_SPLINE_SURFACE(((1.,0.948683298050513,1.),(0.707106781186551,
0.67082039324994,0.707106781186551),(1.,0.948683298050513,1.)))
REPRESENTATION_ITEM('')
SURFACE()
);
#38=(
BOUNDED_SURFACE()
B_SPLINE_SURFACE(2,2,((#5773,#5774,#5775,#5776,#5777),(#5778,#5779,#5780,
#5781,#5782),(#5783,#5784,#5785,#5786,#5787)),.UNSPECIFIED.,.F.,.F.,.F.)
B_SPLINE_SURFACE_WITH_KNOTS((3,3),(3,2,3),(-1.5707963267949,0.),(-1.24904577239826,
0.,1.24904577239826),.UNSPECIFIED.)
GEOMETRIC_REPRESENTATION_ITEM()
RATIONAL_B_SPLINE_SURFACE(((1.,0.81124218517556,1.,0.81124218517556,1.),
(0.707106781186551,0.573634850322235,0.707106781186551,0.573634850322235,
0.707106781186551),(1.,0.81124218517556,1.,0.81124218517556,1.)))
REPRESENTATION_ITEM('')
SURFACE()
);
#39=(
BOUNDED_SURFACE()
B_SPLINE_SURFACE(2,2,((#5795,#5796,#5797,#5798,#5799),(#5800,#5801,#5802,
#5803,#5804),(#5805,#5806,#5807,#5808,#5809)),.UNSPECIFIED.,.F.,.F.,.F.)
B_SPLINE_SURFACE_WITH_KNOTS((3,3),(3,2,3),(-1.57079632679492,0.),(-2.2142974355882,
-1.1071487177941,0.),.UNSPECIFIED.)
GEOMETRIC_REPRESENTATION_ITEM()
RATIONAL_B_SPLINE_SURFACE(((1.,0.850650808352038,1.,0.850650808352038,1.),
(0.707106781186574,0.601500955007567,0.707106781186574,0.601500955007567,
0.707106781186574),(1.,0.850650808352038,1.,0.850650808352038,1.)))
REPRESENTATION_ITEM('')
SURFACE()
);
#40=(
BOUNDED_SURFACE()
B_SPLINE_SURFACE(2,2,((#6175,#6176,#6177,#6178,#6179),(#6180,#6181,#6182,
#6183,#6184),(#6185,#6186,#6187,#6188,#6189)),.UNSPECIFIED.,.F.,.F.,.F.)
B_SPLINE_SURFACE_WITH_KNOTS((3,3),(3,2,3),(0.,1.57079632679492),(-3.14159265358979,
-2.0344439357957,-0.927295218001608),.UNSPECIFIED.)
GEOMETRIC_REPRESENTATION_ITEM()
RATIONAL_B_SPLINE_SURFACE(((1.,0.850650808352039,1.,0.850650808352039,1.),
(0.707106781186562,0.601500955007557,0.707106781186562,0.601500955007557,
0.707106781186562),(1.,0.850650808352039,1.,0.850650808352039,1.)))
REPRESENTATION_ITEM('')
SURFACE()
);
#41=(
BOUNDED_SURFACE()
B_SPLINE_SURFACE(2,2,((#6356,#6357,#6358),(#6359,#6360,#6361),(#6362,#6363,
#6364)),.UNSPECIFIED.,.F.,.F.,.F.)
B_SPLINE_SURFACE_WITH_KNOTS((3,3),(3,3),(-1.5707963267949,0.),(0.,0.927295218001625),
 .UNSPECIFIED.)
GEOMETRIC_REPRESENTATION_ITEM()
RATIONAL_B_SPLINE_SURFACE(((1.,0.894427190999913,1.),(0.707106781186554,
0.63245553203368,0.707106781186554),(1.,0.894427190999913,1.)))
REPRESENTATION_ITEM('')
SURFACE()
);
#42=(
BOUNDED_SURFACE()
B_SPLINE_SURFACE(2,2,((#6375,#6376,#6377),(#6378,#6379,#6380),(#6381,#6382,
#6383)),.UNSPECIFIED.,.F.,.F.,.F.)
B_SPLINE_SURFACE_WITH_KNOTS((3,3),(3,3),(-1.5707963267949,0.),(0.927295218001616,
1.57079632679491),.UNSPECIFIED.)
GEOMETRIC_REPRESENTATION_ITEM()
RATIONAL_B_SPLINE_SURFACE(((1.,0.948683298050513,1.),(0.707106781186554,
0.670820393249942,0.707106781186554),(1.,0.948683298050513,1.)))
REPRESENTATION_ITEM('')
SURFACE()
);
#43=(
BOUNDED_SURFACE()
B_SPLINE_SURFACE(2,2,((#6391,#6392,#6393,#6394,#6395),(#6396,#6397,#6398,
#6399,#6400),(#6401,#6402,#6403,#6404,#6405)),.UNSPECIFIED.,.F.,.F.,.F.)
B_SPLINE_SURFACE_WITH_KNOTS((3,3),(3,2,3),(-1.5707963267949,0.),(-1.89254688119153,
-0.643501108793277,0.605544663604979),.UNSPECIFIED.)
GEOMETRIC_REPRESENTATION_ITEM()
RATIONAL_B_SPLINE_SURFACE(((1.,0.81124218517556,1.,0.81124218517556,1.),
(0.707106781186541,0.573634850322226,0.707106781186541,0.573634850322226,
0.707106781186541),(1.,0.81124218517556,1.,0.81124218517556,1.)))
REPRESENTATION_ITEM('')
SURFACE()
);
#44=(
BOUNDED_SURFACE()
B_SPLINE_SURFACE(2,2,((#6413,#6414,#6415,#6416,#6417),(#6418,#6419,#6420,
#6421,#6422),(#6423,#6424,#6425,#6426,#6427)),.UNSPECIFIED.,.F.,.F.,.F.)
B_SPLINE_SURFACE_WITH_KNOTS((3,3),(3,2,3),(-1.57079632679492,0.),(-2.21429743558819,
-1.10714871779409,0.),.UNSPECIFIED.)
GEOMETRIC_REPRESENTATION_ITEM()
RATIONAL_B_SPLINE_SURFACE(((1.,0.850650808352039,1.,0.850650808352039,1.),
(0.707106781186574,0.601500955007567,0.707106781186574,0.601500955007567,
0.707106781186574),(1.,0.850650808352039,1.,0.850650808352039,1.)))
REPRESENTATION_ITEM('')
SURFACE()
);
#45=FACE_BOUND('',#935,.T.);
#46=FACE_BOUND('',#936,.T.);
#47=FACE_BOUND('',#969,.T.);
#48=FACE_BOUND('',#970,.T.);
#49=FACE_BOUND('',#975,.T.);
#50=FACE_BOUND('',#985,.T.);
#51=FACE_BOUND('',#1057,.T.);
#52=FACE_BOUND('',#1058,.T.);
#53=FACE_BOUND('',#1062,.T.);
#54=FACE_BOUND('',#1063,.T.);
#55=FACE_BOUND('',#1064,.T.);
#56=FACE_BOUND('',#1074,.T.);
#57=FACE_BOUND('',#1085,.T.);
#58=PLANE('',#3350);
#59=PLANE('',#3368);
#60=PLANE('',#3370);
#61=PLANE('',#3400);
#62=PLANE('',#3407);
#63=PLANE('',#3437);
#64=PLANE('',#3458);
#65=PLANE('',#3459);
#66=PLANE('',#3515);
#67=PLANE('',#3517);
#68=PLANE('',#3522);
#69=PLANE('',#3523);
#70=PLANE('',#3536);
#71=PLANE('',#3543);
#72=PLANE('',#3566);
#73=PLANE('',#3569);
#74=PLANE('',#3588);
#75=PLANE('',#3589);
#76=PLANE('',#3590);
#77=PLANE('',#3591);
#78=PLANE('',#3594);
#79=PLANE('',#3599);
#80=PLANE('',#3641);
#81=PLANE('',#3648);
#82=PLANE('',#3655);
#83=PLANE('',#3694);
#84=PLANE('',#3702);
#85=PLANE('',#3718);
#86=PLANE('',#3720);
#87=PLANE('',#3735);
#88=PLANE('',#3742);
#89=PLANE('',#3767);
#90=PLANE('',#3783);
#91=PLANE('',#3784);
#92=PLANE('',#3785);
#93=PLANE('',#3786);
#94=PLANE('',#3789);
#95=PLANE('',#3794);
#96=ELLIPSE('',#3347,5.,2.5);
#97=ELLIPSE('',#3348,4.76969600708473,2.);
#98=ELLIPSE('',#3366,4.76969600708473,2.);
#99=ELLIPSE('',#3367,5.,2.5);
#100=ELLIPSE('',#3432,1.87499999999999,1.5);
#101=ELLIPSE('',#3434,1.50519932234903,1.);
#102=ELLIPSE('',#3435,1.50519932234903,1.);
#103=ELLIPSE('',#3436,1.87499999999999,1.5);
#104=ELLIPSE('',#3568,1.4142135623731,1.);
#105=ELLIPSE('',#3584,1.41421356237309,1.);
#106=ELLIPSE('',#3636,1.50519932234903,1.);
#107=ELLIPSE('',#3638,1.87499999999999,1.5);
#108=ELLIPSE('',#3639,1.87499999999999,1.5);
#109=ELLIPSE('',#3640,1.50519932234903,1.);
#110=ELLIPSE('',#3698,2.82842712474619,2.);
#111=ELLIPSE('',#3699,2.82842712474619,2.);
#112=ELLIPSE('',#3701,2.82842712474619,2.);
#113=ELLIPSE('',#3708,2.82842712474619,2.);
#114=ELLIPSE('',#3711,2.82842712474619,2.);
#115=ELLIPSE('',#3712,2.82842712474619,2.);
#116=ELLIPSE('',#3714,2.82842712474619,2.);
#117=ELLIPSE('',#3716,2.82842712474619,2.);
#118=ELLIPSE('',#3766,1.4142135623731,1.);
#119=ELLIPSE('',#3782,1.41421356237309,1.);
#120=B_SPLINE_CURVE_WITH_KNOTS('',3,(#4971,#4972,#4973,#4974,#4975,#4976,
#4977,#4978,#4979,#4980,#4981,#4982,#4983,#4984,#4985,#4986,#4987,#4988,
#4989,#4990,#4991,#4992,#4993,#4994,#4995,#4996,#4997,#4998),
 .UNSPECIFIED.,.F.,.F.,(4,3,3,3,3,3,3,3,3,4),(0.,0.00764064003040889,0.0192650628076693,
0.0300306906626528,0.0308894855849298,0.0341556110684911,0.0437401948038383,
0.052858222490938,0.0594002516023413,0.0596707734095738),.UNSPECIFIED.);
#121=B_SPLINE_CURVE_WITH_KNOTS('',3,(#5005,#5006,#5007,#5008,#5009,#5010,
#5011,#5012,#5013,#5014),.UNSPECIFIED.,.F.,.F.,(4,1,1,1,1,2,4),(-0.564775151549796,
-0.451820121239837,-0.338865090929878,-0.225910060619918,-0.112955030309959,
0.,0.000878755474926683),.UNSPECIFIED.);
#122=B_SPLINE_CURVE_WITH_KNOTS('',3,(#5088,#5089,#5090,#5091,#5092,#5093,
#5094,#5095),.UNSPECIFIED.,.F.,.F.,(4,2,2,4),(-0.000270984827629147,0.,
0.0387084270533538,0.0597488727754298),.UNSPECIFIED.);
#123=B_SPLINE_CURVE_WITH_KNOTS('',3,(#5146,#5147,#5148,#5149,#5150,#5151,
#5152,#5153),.UNSPECIFIED.,.F.,.F.,(4,1,1,2,4),(-0.69165494894147,-0.553323959153176,
-0.414992969364882,0.,0.00169051673206092),.UNSPECIFIED.);
#124=B_SPLINE_CURVE_WITH_KNOTS('',3,(#5154,#5155,#5156,#5157,#5158,#5159,
#5160,#5161),.UNSPECIFIED.,.F.,.F.,(4,2,1,1,4),(-0.00169051673206092,0.,
0.414992969364882,0.553323959153176,0.69165494894147),.UNSPECIFIED.);
#125=B_SPLINE_CURVE_WITH_KNOTS('',3,(#5265,#5266,#5267,#5268,#5269,#5270,
#5271,#5272,#5273,#5274,#5275,#5276),.UNSPECIFIED.,.F.,.F.,(4,1,1,1,1,1,
1,2,4),(0.,0.112955030311517,0.225910060623034,0.338865090934551,0.395342606090309,
0.451820121246068,0.508297636401826,0.564775151557585,0.56565390703264),
 .UNSPECIFIED.);
#126=B_SPLINE_CURVE_WITH_KNOTS('',3,(#5277,#5278,#5279,#5280,#5281,#5282,
#5283,#5284,#5285,#5286,#5287,#5288),.UNSPECIFIED.,.F.,.F.,(4,2,1,1,1,1,
1,1,4),(-0.56565390703264,-0.564775151557585,-0.508297636401826,-0.451820121246068,
-0.395342606090309,-0.338865090934551,-0.225910060623034,-0.112955030311517,
0.),.UNSPECIFIED.);
#127=B_SPLINE_CURVE_WITH_KNOTS('',3,(#5361,#5362,#5363,#5364,#5365,#5366,
#5367,#5368,#5369,#5370),.UNSPECIFIED.,.F.,.F.,(4,2,1,1,1,1,4),(-0.000878755474926683,
0.,0.112955030309959,0.225910060619918,0.338865090929878,0.451820121239837,
0.564775151549796),.UNSPECIFIED.);
#128=B_SPLINE_CURVE_WITH_KNOTS('',3,(#5460,#5461,#5462,#5463,#5464,#5465),
 .UNSPECIFIED.,.F.,.F.,(4,2,4),(0.,0.114864339750466,0.115472633079951),
 .UNSPECIFIED.);
#129=B_SPLINE_CURVE_WITH_KNOTS('',3,(#5466,#5467,#5468,#5469,#5470,#5471),
 .UNSPECIFIED.,.F.,.F.,(4,2,4),(-0.115472633079951,-0.114864339750466,0.),
 .UNSPECIFIED.);
#130=B_SPLINE_CURVE_WITH_KNOTS('',3,(#5515,#5516,#5517,#5518,#5519,#5520,
#5521,#5522,#5523,#5524,#5525),.UNSPECIFIED.,.F.,.F.,(4,2,3,2,4),(0.701680913348816,
0.767461026751154,0.838715145130027,0.909969263508898,0.975749376911236),
 .UNSPECIFIED.);
#131=B_SPLINE_CURVE_WITH_KNOTS('',3,(#5928,#5929,#5930,#5931,#5932,#5933,
#5934,#5935),.UNSPECIFIED.,.F.,.F.,(4,1,1,2,4),(-0.691517567935864,-0.414910540761518,
-0.276607027174346,0.,0.00164647043840121),.UNSPECIFIED.);
#132=B_SPLINE_CURVE_WITH_KNOTS('',3,(#5936,#5937,#5938,#5939,#5940,#5941,
#5942,#5943),.UNSPECIFIED.,.F.,.F.,(4,2,1,1,4),(-0.00164647043840121,0.,
0.276607027174346,0.414910540761518,0.691517567935864),.UNSPECIFIED.);
#133=B_SPLINE_CURVE_WITH_KNOTS('',3,(#6057,#6058,#6059,#6060,#6061,#6062),
 .UNSPECIFIED.,.F.,.F.,(4,2,4),(-0.114864339750468,0.,0.000608293329485113),
 .UNSPECIFIED.);
#134=B_SPLINE_CURVE_WITH_KNOTS('',3,(#6063,#6064,#6065,#6066,#6067,#6068),
 .UNSPECIFIED.,.F.,.F.,(4,2,4),(-0.000608293329485113,0.,0.114864339750468),
 .UNSPECIFIED.);
#135=B_SPLINE_CURVE_WITH_KNOTS('',3,(#6306,#6307,#6308,#6309,#6310,#6311,
#6312,#6313,#6314,#6315,#6316),.UNSPECIFIED.,.F.,.F.,(4,2,3,2,4),(0.701680913348816,
0.767461026751154,0.838715145130027,0.909969263508898,0.975749376911236),
 .UNSPECIFIED.);
#136=B_SPLINE_SURFACE_WITH_KNOTS('',3,3,((#4944,#4945,#4946,#4947,#4948),
(#4949,#4950,#4951,#4952,#4953),(#4954,#4955,#4956,#4957,#4958),(#4959,
#4960,#4961,#4962,#4963),(#4964,#4965,#4966,#4967,#4968)),.UNSPECIFIED.,
 .F.,.F.,.F.,(4,1,4),(4,1,4),(0.,0.5,1.),(0.,0.673198425769242,1.5707963267949),
 .UNSPECIFIED.);
#137=B_SPLINE_SURFACE_WITH_KNOTS('',3,3,((#5056,#5057,#5058,#5059,#5060,
#5061),(#5062,#5063,#5064,#5065,#5066,#5067),(#5068,#5069,#5070,#5071,#5072,
#5073),(#5074,#5075,#5076,#5077,#5078,#5079),(#5080,#5081,#5082,#5083,#5084,
#5085)),.UNSPECIFIED.,.F.,.F.,.F.,(4,1,4),(4,1,1,4),(0.,0.5,1.),(4.71238898038469,
5.38558740615393,5.83438635666676,6.28318530717959),.UNSPECIFIED.);
#138=B_SPLINE_SURFACE_WITH_KNOTS('',3,3,((#5110,#5111,#5112,#5113,#5114,
#5115,#5116,#5117),(#5118,#5119,#5120,#5121,#5122,#5123,#5124,#5125),(#5126,
#5127,#5128,#5129,#5130,#5131,#5132,#5133),(#5134,#5135,#5136,#5137,#5138,
#5139,#5140,#5141)),.UNSPECIFIED.,.F.,.F.,.F.,(4,4),(4,2,1,1,4),(0.,1.),
(-0.00169051673206092,0.,0.414992969364882,0.553323959153176,0.69165494894147),
 .UNSPECIFIED.);
#139=B_SPLINE_SURFACE_WITH_KNOTS('',3,3,((#5204,#5205,#5206,#5207,#5208,
#5209,#5210,#5211,#5212,#5213,#5214,#5215),(#5216,#5217,#5218,#5219,#5220,
#5221,#5222,#5223,#5224,#5225,#5226,#5227),(#5228,#5229,#5230,#5231,#5232,
#5233,#5234,#5235,#5236,#5237,#5238,#5239),(#5240,#5241,#5242,#5243,#5244,
#5245,#5246,#5247,#5248,#5249,#5250,#5251),(#5252,#5253,#5254,#5255,#5256,
#5257,#5258,#5259,#5260,#5261,#5262,#5263)),.UNSPECIFIED.,.F.,.F.,.F.,(4,
1,4),(4,1,1,1,1,1,1,2,4),(0.,0.5,1.),(0.,0.112955030311517,0.225910060623034,
0.338865090934551,0.395342606090309,0.451820121246068,0.508297636401826,
0.564775151557585,0.56565390703264),.UNSPECIFIED.);
#140=B_SPLINE_SURFACE_WITH_KNOTS('',3,3,((#5319,#5320,#5321,#5322,#5323,
#5324,#5325,#5326,#5327,#5328),(#5329,#5330,#5331,#5332,#5333,#5334,#5335,
#5336,#5337,#5338),(#5339,#5340,#5341,#5342,#5343,#5344,#5345,#5346,#5347,
#5348),(#5349,#5350,#5351,#5352,#5353,#5354,#5355,#5356,#5357,#5358)),
 .UNSPECIFIED.,.F.,.F.,.F.,(4,4),(4,2,1,1,1,1,4),(0.,1.),(-0.000878755474926683,
0.,0.112955030309959,0.225910060619918,0.338865090929878,0.451820121239837,
0.564775151549796),.UNSPECIFIED.);
#141=B_SPLINE_SURFACE_WITH_KNOTS('',3,3,((#5407,#5408,#5409,#5410),(#5411,
#5412,#5413,#5414),(#5415,#5416,#5417,#5418),(#5419,#5420,#5421,#5422),
(#5423,#5424,#5425,#5426)),.UNSPECIFIED.,.F.,.F.,.F.,(4,1,4),(4,4),(0.,
0.571428571428571,1.),(0.679673818908246,0.981765356578637),
 .UNSPECIFIED.);
#142=B_SPLINE_SURFACE_WITH_KNOTS('',3,3,((#5435,#5436,#5437,#5438,#5439,
#5440),(#5441,#5442,#5443,#5444,#5445,#5446),(#5447,#5448,#5449,#5450,#5451,
#5452),(#5453,#5454,#5455,#5456,#5457,#5458)),.UNSPECIFIED.,.F.,.F.,.F.,
(4,4),(4,2,4),(0.,1.),(-0.115472633079951,-0.114864339750466,0.),
 .UNSPECIFIED.);
#143=B_SPLINE_SURFACE_WITH_KNOTS('',3,3,((#5472,#5473,#5474,#5475),(#5476,
#5477,#5478,#5479),(#5480,#5481,#5482,#5483),(#5484,#5485,#5486,#5487),
(#5488,#5489,#5490,#5491)),.UNSPECIFIED.,.F.,.F.,.F.,(4,1,4),(4,4),(0.,
0.5,1.),(4.71238898038468,5.30141995060095),.UNSPECIFIED.);
#144=B_SPLINE_SURFACE_WITH_KNOTS('',3,3,((#5892,#5893,#5894,#5895,#5896,
#5897,#5898,#5899),(#5900,#5901,#5902,#5903,#5904,#5905,#5906,#5907),(#5908,
#5909,#5910,#5911,#5912,#5913,#5914,#5915),(#5916,#5917,#5918,#5919,#5920,
#5921,#5922,#5923)),.UNSPECIFIED.,.F.,.F.,.F.,(4,4),(4,2,1,1,4),(0.,1.),
(-0.00164647043840121,0.,0.276607027174346,0.414910540761518,0.691517567935864),
 .UNSPECIFIED.);
#145=B_SPLINE_SURFACE_WITH_KNOTS('',3,3,((#6004,#6005,#6006,#6007),(#6008,
#6009,#6010,#6011),(#6012,#6013,#6014,#6015),(#6016,#6017,#6018,#6019),
(#6020,#6021,#6022,#6023)),.UNSPECIFIED.,.F.,.F.,.F.,(4,1,4),(4,4),(0.,
0.571428571428571,1.),(0.679673818908236,0.981765356578617),
 .UNSPECIFIED.);
#146=B_SPLINE_SURFACE_WITH_KNOTS('',3,3,((#6032,#6033,#6034,#6035,#6036,
#6037),(#6038,#6039,#6040,#6041,#6042,#6043),(#6044,#6045,#6046,#6047,#6048,
#6049),(#6050,#6051,#6052,#6053,#6054,#6055)),.UNSPECIFIED.,.F.,.F.,.F.,
(4,4),(4,2,4),(0.,1.),(-0.000608293329485113,0.,0.114864339750468),
 .UNSPECIFIED.);
#147=B_SPLINE_SURFACE_WITH_KNOTS('',3,3,((#6069,#6070,#6071,#6072),(#6073,
#6074,#6075,#6076),(#6077,#6078,#6079,#6080),(#6081,#6082,#6083,#6084),
(#6085,#6086,#6087,#6088)),.UNSPECIFIED.,.F.,.F.,.F.,(4,1,4),(4,4),(0.,
0.5,1.),(4.71238898038469,5.30141995060097),.UNSPECIFIED.);
#148=TOROIDAL_SURFACE('',#3341,3.,0.5);
#149=TOROIDAL_SURFACE('',#3360,3.,0.5);
#150=TOROIDAL_SURFACE('',#3374,15.,0.5);
#151=TOROIDAL_SURFACE('',#3380,10.5,0.5);
#152=TOROIDAL_SURFACE('',#3384,9.5,0.5);
#153=TOROIDAL_SURFACE('',#3388,10.5,0.5);
#154=TOROIDAL_SURFACE('',#3394,4.5,0.5);
#155=TOROIDAL_SURFACE('',#3411,4.5,0.5);
#156=TOROIDAL_SURFACE('',#3417,10.5,0.5);
#157=TOROIDAL_SURFACE('',#3421,9.5,0.5);
#158=TOROIDAL_SURFACE('',#3425,10.5,0.5);
#159=TOROIDAL_SURFACE('',#3447,2.,1.);
#160=TOROIDAL_SURFACE('',#3463,4.5,0.5);
#161=TOROIDAL_SURFACE('',#3469,10.5,0.5);
#162=TOROIDAL_SURFACE('',#3473,9.5,0.5);
#163=TOROIDAL_SURFACE('',#3477,10.5,0.5);
#164=TOROIDAL_SURFACE('',#3486,15.,0.5);
#165=TOROIDAL_SURFACE('',#3492,10.5,0.5);
#166=TOROIDAL_SURFACE('',#3495,9.5,0.5);
#167=TOROIDAL_SURFACE('',#3498,10.5,0.5);
#168=TOROIDAL_SURFACE('',#3503,4.5,0.5);
#169=TOROIDAL_SURFACE('',#3527,2.,1.);
#170=TOROIDAL_SURFACE('',#3532,2.,1.);
#171=TOROIDAL_SURFACE('',#3601,15.,0.5);
#172=TOROIDAL_SURFACE('',#3607,10.5,0.5);
#173=TOROIDAL_SURFACE('',#3611,9.5,0.5);
#174=TOROIDAL_SURFACE('',#3615,10.5,0.5);
#175=TOROIDAL_SURFACE('',#3621,10.5,0.5);
#176=TOROIDAL_SURFACE('',#3625,9.5,0.5);
#177=TOROIDAL_SURFACE('',#3629,10.5,0.5);
#178=TOROIDAL_SURFACE('',#3656,2.,1.);
#179=TOROIDAL_SURFACE('',#3661,10.5,0.5);
#180=TOROIDAL_SURFACE('',#3667,10.5,0.5);
#181=TOROIDAL_SURFACE('',#3670,9.5,0.5);
#182=TOROIDAL_SURFACE('',#3673,10.5,0.5);
#183=TOROIDAL_SURFACE('',#3683,15.,0.5);
#184=TOROIDAL_SURFACE('',#3689,10.5,0.5);
#185=TOROIDAL_SURFACE('',#3692,9.5,0.5);
#186=TOROIDAL_SURFACE('',#3724,2.,1.);
#187=TOROIDAL_SURFACE('',#3729,2.,1.);
#188=LINE('',#4930,#389);
#189=LINE('',#4931,#390);
#190=LINE('',#4942,#391);
#191=LINE('',#4943,#392);
#192=LINE('',#5003,#393);
#193=LINE('',#5015,#394);
#194=LINE('',#5018,#395);
#195=LINE('',#5020,#396);
#196=LINE('',#5022,#397);
#197=LINE('',#5023,#398);
#198=LINE('',#5026,#399);
#199=LINE('',#5030,#400);
#200=LINE('',#5033,#401);
#201=LINE('',#5042,#402);
#202=LINE('',#5043,#403);
#203=LINE('',#5054,#404);
#204=LINE('',#5055,#405);
#205=LINE('',#5099,#406);
#206=LINE('',#5100,#407);
#207=LINE('',#5102,#408);
#208=LINE('',#5106,#409);
#209=LINE('',#5109,#410);
#210=LINE('',#5172,#411);
#211=LINE('',#5173,#412);
#212=LINE('',#5196,#413);
#213=LINE('',#5197,#414);
#214=LINE('',#5291,#415);
#215=LINE('',#5294,#416);
#216=LINE('',#5297,#417);
#217=LINE('',#5298,#418);
#218=LINE('',#5301,#419);
#219=LINE('',#5305,#420);
#220=LINE('',#5309,#421);
#221=LINE('',#5313,#422);
#222=LINE('',#5314,#423);
#223=LINE('',#5317,#424);
#224=LINE('',#5381,#425);
#225=LINE('',#5382,#426);
#226=LINE('',#5405,#427);
#227=LINE('',#5406,#428);
#228=LINE('',#5495,#429);
#229=LINE('',#5497,#430);
#230=LINE('',#5501,#431);
#231=LINE('',#5504,#432);
#232=LINE('',#5513,#433);
#233=LINE('',#5527,#434);
#234=LINE('',#5532,#435);
#235=LINE('',#5539,#436);
#236=LINE('',#5541,#437);
#237=LINE('',#5548,#438);
#238=LINE('',#5552,#439);
#239=LINE('',#5553,#440);
#240=LINE('',#5560,#441);
#241=LINE('',#5571,#442);
#242=LINE('',#5572,#443);
#243=LINE('',#5595,#444);
#244=LINE('',#5596,#445);
#245=LINE('',#5626,#446);
#246=LINE('',#5642,#447);
#247=LINE('',#5651,#448);
#248=LINE('',#5652,#449);
#249=LINE('',#5654,#450);
#250=LINE('',#5655,#451);
#251=LINE('',#5659,#452);
#252=LINE('',#5664,#453);
#253=LINE('',#5665,#454);
#254=LINE('',#5674,#455);
#255=LINE('',#5676,#456);
#256=LINE('',#5679,#457);
#257=LINE('',#5681,#458);
#258=LINE('',#5683,#459);
#259=LINE('',#5684,#460);
#260=LINE('',#5696,#461);
#261=LINE('',#5701,#462);
#262=LINE('',#5705,#463);
#263=LINE('',#5706,#464);
#264=LINE('',#5709,#465);
#265=LINE('',#5715,#466);
#266=LINE('',#5720,#467);
#267=LINE('',#5722,#468);
#268=LINE('',#5724,#469);
#269=LINE('',#5726,#470);
#270=LINE('',#5728,#471);
#271=LINE('',#5730,#472);
#272=LINE('',#5734,#473);
#273=LINE('',#5756,#474);
#274=LINE('',#5772,#475);
#275=LINE('',#5794,#476);
#276=LINE('',#5816,#477);
#277=LINE('',#5817,#478);
#278=LINE('',#5819,#479);
#279=LINE('',#5821,#480);
#280=LINE('',#5823,#481);
#281=LINE('',#5825,#482);
#282=LINE('',#5827,#483);
#283=LINE('',#5829,#484);
#284=LINE('',#5830,#485);
#285=LINE('',#5836,#486);
#286=LINE('',#5839,#487);
#287=LINE('',#5842,#488);
#288=LINE('',#5846,#489);
#289=LINE('',#5849,#490);
#290=LINE('',#5853,#491);
#291=LINE('',#5857,#492);
#292=LINE('',#5859,#493);
#293=LINE('',#5863,#494);
#294=LINE('',#5865,#495);
#295=LINE('',#5869,#496);
#296=LINE('',#5870,#497);
#297=LINE('',#5873,#498);
#298=LINE('',#5874,#499);
#299=LINE('',#5876,#500);
#300=LINE('',#5880,#501);
#301=LINE('',#5887,#502);
#302=LINE('',#5890,#503);
#303=LINE('',#5954,#504);
#304=LINE('',#5955,#505);
#305=LINE('',#5978,#506);
#306=LINE('',#5979,#507);
#307=LINE('',#6002,#508);
#308=LINE('',#6003,#509);
#309=LINE('',#6093,#510);
#310=LINE('',#6095,#511);
#311=LINE('',#6096,#512);
#312=LINE('',#6099,#513);
#313=LINE('',#6103,#514);
#314=LINE('',#6107,#515);
#315=LINE('',#6111,#516);
#316=LINE('',#6112,#517);
#317=LINE('',#6115,#518);
#318=LINE('',#6119,#519);
#319=LINE('',#6123,#520);
#320=LINE('',#6127,#521);
#321=LINE('',#6129,#522);
#322=LINE('',#6131,#523);
#323=LINE('',#6133,#524);
#324=LINE('',#6135,#525);
#325=LINE('',#6137,#526);
#326=LINE('',#6139,#527);
#327=LINE('',#6140,#528);
#328=LINE('',#6148,#529);
#329=LINE('',#6158,#530);
#330=LINE('',#6174,#531);
#331=LINE('',#6199,#532);
#332=LINE('',#6200,#533);
#333=LINE('',#6209,#534);
#334=LINE('',#6226,#535);
#335=LINE('',#6229,#536);
#336=LINE('',#6234,#537);
#337=LINE('',#6235,#538);
#338=LINE('',#6238,#539);
#339=LINE('',#6242,#540);
#340=LINE('',#6245,#541);
#341=LINE('',#6251,#542);
#342=LINE('',#6252,#543);
#343=LINE('',#6255,#544);
#344=LINE('',#6258,#545);
#345=LINE('',#6263,#546);
#346=LINE('',#6267,#547);
#347=LINE('',#6271,#548);
#348=LINE('',#6274,#549);
#349=LINE('',#6277,#550);
#350=LINE('',#6280,#551);
#351=LINE('',#6282,#552);
#352=LINE('',#6284,#553);
#353=LINE('',#6285,#554);
#354=LINE('',#6297,#555);
#355=LINE('',#6304,#556);
#356=LINE('',#6317,#557);
#357=LINE('',#6321,#558);
#358=LINE('',#6324,#559);
#359=LINE('',#6325,#560);
#360=LINE('',#6329,#561);
#361=LINE('',#6334,#562);
#362=LINE('',#6339,#563);
#363=LINE('',#6344,#564);
#364=LINE('',#6346,#565);
#365=LINE('',#6348,#566);
#366=LINE('',#6350,#567);
#367=LINE('',#6352,#568);
#368=LINE('',#6353,#569);
#369=LINE('',#6374,#570);
#370=LINE('',#6390,#571);
#371=LINE('',#6412,#572);
#372=LINE('',#6433,#573);
#373=LINE('',#6440,#574);
#374=LINE('',#6443,#575);
#375=LINE('',#6446,#576);
#376=LINE('',#6450,#577);
#377=LINE('',#6453,#578);
#378=LINE('',#6457,#579);
#379=LINE('',#6461,#580);
#380=LINE('',#6463,#581);
#381=LINE('',#6468,#582);
#382=LINE('',#6469,#583);
#383=LINE('',#6472,#584);
#384=LINE('',#6473,#585);
#385=LINE('',#6475,#586);
#386=LINE('',#6479,#587);
#387=LINE('',#6486,#588);
#388=LINE('',#6489,#589);
#389=VECTOR('',#3809,10.);
#390=VECTOR('',#3810,10.);
#391=VECTOR('',#3823,10.);
#392=VECTOR('',#3824,10.);
#393=VECTOR('',#3831,10.);
#394=VECTOR('',#3832,10.);
#395=VECTOR('',#3835,10.);
#396=VECTOR('',#3836,10.);
#397=VECTOR('',#3837,10.);
#398=VECTOR('',#3838,10.);
#399=VECTOR('',#3841,10.);
#400=VECTOR('',#3846,10.);
#401=VECTOR('',#3849,10.);
#402=VECTOR('',#3860,10.);
#403=VECTOR('',#3861,10.);
#404=VECTOR('',#3874,10.);
#405=VECTOR('',#3875,10.);
#406=VECTOR('',#3882,10.);
#407=VECTOR('',#3883,10.);
#408=VECTOR('',#3886,10.);
#409=VECTOR('',#3891,10.);
#410=VECTOR('',#3894,10.);
#411=VECTOR('',#3909,10.);
#412=VECTOR('',#3910,10.);
#413=VECTOR('',#3939,10.);
#414=VECTOR('',#3940,10.);
#415=VECTOR('',#3951,10.);
#416=VECTOR('',#3954,10.);
#417=VECTOR('',#3957,10.);
#418=VECTOR('',#3958,10.);
#419=VECTOR('',#3961,10.);
#420=VECTOR('',#3966,10.);
#421=VECTOR('',#3971,10.);
#422=VECTOR('',#3976,10.);
#423=VECTOR('',#3977,10.);
#424=VECTOR('',#3980,10.);
#425=VECTOR('',#3997,10.);
#426=VECTOR('',#3998,10.);
#427=VECTOR('',#4027,10.);
#428=VECTOR('',#4028,10.);
#429=VECTOR('',#4043,10.);
#430=VECTOR('',#4044,10.);
#431=VECTOR('',#4047,10.);
#432=VECTOR('',#4050,10.);
#433=VECTOR('',#4059,10.);
#434=VECTOR('',#4060,10.);
#435=VECTOR('',#4067,10.);
#436=VECTOR('',#4076,10.);
#437=VECTOR('',#4079,10.);
#438=VECTOR('',#4090,10.);
#439=VECTOR('',#4095,10.);
#440=VECTOR('',#4096,10.);
#441=VECTOR('',#4105,10.);
#442=VECTOR('',#4118,10.);
#443=VECTOR('',#4119,10.);
#444=VECTOR('',#4148,10.);
#445=VECTOR('',#4149,10.);
#446=VECTOR('',#4168,10.);
#447=VECTOR('',#4191,10.);
#448=VECTOR('',#4202,10.);
#449=VECTOR('',#4203,10.);
#450=VECTOR('',#4206,10.);
#451=VECTOR('',#4207,10.);
#452=VECTOR('',#4214,10.);
#453=VECTOR('',#4223,10.);
#454=VECTOR('',#4224,10.);
#455=VECTOR('',#4237,10.);
#456=VECTOR('',#4240,10.);
#457=VECTOR('',#4243,10.);
#458=VECTOR('',#4244,10.);
#459=VECTOR('',#4245,10.);
#460=VECTOR('',#4246,10.);
#461=VECTOR('',#4263,10.);
#462=VECTOR('',#4270,10.);
#463=VECTOR('',#4275,10.);
#464=VECTOR('',#4276,10.);
#465=VECTOR('',#4279,10.);
#466=VECTOR('',#4286,1.25);
#467=VECTOR('',#4293,10.);
#468=VECTOR('',#4294,10.);
#469=VECTOR('',#4295,10.);
#470=VECTOR('',#4296,10.);
#471=VECTOR('',#4297,10.);
#472=VECTOR('',#4298,10.);
#473=VECTOR('',#4303,10.);
#474=VECTOR('',#4318,10.);
#475=VECTOR('',#4327,10.);
#476=VECTOR('',#4336,10.);
#477=VECTOR('',#4345,10.);
#478=VECTOR('',#4346,10.);
#479=VECTOR('',#4349,10.);
#480=VECTOR('',#4352,10.);
#481=VECTOR('',#4353,10.);
#482=VECTOR('',#4354,10.);
#483=VECTOR('',#4355,10.);
#484=VECTOR('',#4356,10.);
#485=VECTOR('',#4357,10.);
#486=VECTOR('',#4366,2.45000000000001);
#487=VECTOR('',#4371,2.2);
#488=VECTOR('',#4374,3.75);
#489=VECTOR('',#4379,3.5);
#490=VECTOR('',#4384,3.75);
#491=VECTOR('',#4389,3.75);
#492=VECTOR('',#4394,3.5);
#493=VECTOR('',#4397,3.75);
#494=VECTOR('',#4404,10.);
#495=VECTOR('',#4407,10.);
#496=VECTOR('',#4412,10.);
#497=VECTOR('',#4413,10.);
#498=VECTOR('',#4416,10.);
#499=VECTOR('',#4417,10.);
#500=VECTOR('',#4420,10.);
#501=VECTOR('',#4425,0.434099025766978);
#502=VECTOR('',#4434,0.43409902576698);
#503=VECTOR('',#4439,1.25000000000001);
#504=VECTOR('',#4456,10.);
#505=VECTOR('',#4457,10.);
#506=VECTOR('',#4486,10.);
#507=VECTOR('',#4487,10.);
#508=VECTOR('',#4516,10.);
#509=VECTOR('',#4517,10.);
#510=VECTOR('',#4532,10.);
#511=VECTOR('',#4533,10.);
#512=VECTOR('',#4534,10.);
#513=VECTOR('',#4537,10.);
#514=VECTOR('',#4542,10.);
#515=VECTOR('',#4547,10.);
#516=VECTOR('',#4552,10.);
#517=VECTOR('',#4553,10.);
#518=VECTOR('',#4556,10.);
#519=VECTOR('',#4561,10.);
#520=VECTOR('',#4566,10.);
#521=VECTOR('',#4571,10.);
#522=VECTOR('',#4572,10.);
#523=VECTOR('',#4573,10.);
#524=VECTOR('',#4574,10.);
#525=VECTOR('',#4575,10.);
#526=VECTOR('',#4576,10.);
#527=VECTOR('',#4577,10.);
#528=VECTOR('',#4578,10.);
#529=VECTOR('',#4589,10.);
#530=VECTOR('',#4602,10.);
#531=VECTOR('',#4625,10.);
#532=VECTOR('',#4636,10.);
#533=VECTOR('',#4637,10.);
#534=VECTOR('',#4650,10.);
#535=VECTOR('',#4671,2.);
#536=VECTOR('',#4674,2.);
#537=VECTOR('',#4679,2.);
#538=VECTOR('',#4680,2.);
#539=VECTOR('',#4683,10.);
#540=VECTOR('',#4686,10.);
#541=VECTOR('',#4689,10.);
#542=VECTOR('',#4694,10.);
#543=VECTOR('',#4695,10.);
#544=VECTOR('',#4698,2.);
#545=VECTOR('',#4703,2.);
#546=VECTOR('',#4708,10.);
#547=VECTOR('',#4713,10.);
#548=VECTOR('',#4718,10.);
#549=VECTOR('',#4723,10.);
#550=VECTOR('',#4728,10.);
#551=VECTOR('',#4731,10.);
#552=VECTOR('',#4732,10.);
#553=VECTOR('',#4733,10.);
#554=VECTOR('',#4734,10.);
#555=VECTOR('',#4751,10.);
#556=VECTOR('',#4760,10.);
#557=VECTOR('',#4761,10.);
#558=VECTOR('',#4766,10.);
#559=VECTOR('',#4769,10.);
#560=VECTOR('',#4770,10.);
#561=VECTOR('',#4775,10.);
#562=VECTOR('',#4780,1.25);
#563=VECTOR('',#4787,10.);
#564=VECTOR('',#4792,10.);
#565=VECTOR('',#4793,10.);
#566=VECTOR('',#4794,10.);
#567=VECTOR('',#4795,10.);
#568=VECTOR('',#4796,10.);
#569=VECTOR('',#4797,10.);
#570=VECTOR('',#4812,10.);
#571=VECTOR('',#4821,10.);
#572=VECTOR('',#4830,10.);
#573=VECTOR('',#4839,10.);
#574=VECTOR('',#4850,2.45000000000001);
#575=VECTOR('',#4855,2.2);
#576=VECTOR('',#4858,3.75);
#577=VECTOR('',#4863,3.5);
#578=VECTOR('',#4868,3.75);
#579=VECTOR('',#4873,3.75);
#580=VECTOR('',#4878,3.5);
#581=VECTOR('',#4881,3.75);
#582=VECTOR('',#4888,10.);
#583=VECTOR('',#4889,10.);
#584=VECTOR('',#4892,10.);
#585=VECTOR('',#4893,10.);
#586=VECTOR('',#4896,10.);
#587=VECTOR('',#4901,0.434099025766978);
#588=VECTOR('',#4910,0.43409902576698);
#589=VECTOR('',#4915,1.25000000000001);
#590=CYLINDRICAL_SURFACE('',#3339,0.5);
#591=CYLINDRICAL_SURFACE('',#3345,0.5);
#592=CYLINDRICAL_SURFACE('',#3349,2.);
#593=CYLINDRICAL_SURFACE('',#3351,0.5);
#594=CYLINDRICAL_SURFACE('',#3353,0.5);
#595=CYLINDRICAL_SURFACE('',#3358,0.5);
#596=CYLINDRICAL_SURFACE('',#3364,0.5);
#597=CYLINDRICAL_SURFACE('',#3369,2.5);
#598=CYLINDRICAL_SURFACE('',#3371,0.5);
#599=CYLINDRICAL_SURFACE('',#3378,0.5);
#600=CYLINDRICAL_SURFACE('',#3392,0.5);
#601=CYLINDRICAL_SURFACE('',#3398,4.);
#602=CYLINDRICAL_SURFACE('',#3401,10.);
#603=CYLINDRICAL_SURFACE('',#3403,10.);
#604=CYLINDRICAL_SURFACE('',#3405,10.);
#605=CYLINDRICAL_SURFACE('',#3408,14.5);
#606=CYLINDRICAL_SURFACE('',#3415,0.5);
#607=CYLINDRICAL_SURFACE('',#3429,0.5);
#608=CYLINDRICAL_SURFACE('',#3442,1.);
#609=CYLINDRICAL_SURFACE('',#3445,1.);
#610=CYLINDRICAL_SURFACE('',#3449,0.5);
#611=CYLINDRICAL_SURFACE('',#3456,0.5);
#612=CYLINDRICAL_SURFACE('',#3460,0.5);
#613=CYLINDRICAL_SURFACE('',#3467,0.5);
#614=CYLINDRICAL_SURFACE('',#3481,0.5);
#615=CYLINDRICAL_SURFACE('',#3490,0.5);
#616=CYLINDRICAL_SURFACE('',#3501,0.5);
#617=CYLINDRICAL_SURFACE('',#3506,0.5);
#618=CYLINDRICAL_SURFACE('',#3508,0.5);
#619=CYLINDRICAL_SURFACE('',#3509,0.5);
#620=CYLINDRICAL_SURFACE('',#3516,0.5);
#621=CYLINDRICAL_SURFACE('',#3520,2.);
#622=CYLINDRICAL_SURFACE('',#3521,4.);
#623=CYLINDRICAL_SURFACE('',#3525,1.);
#624=CYLINDRICAL_SURFACE('',#3530,1.);
#625=CYLINDRICAL_SURFACE('',#3534,1.);
#626=CYLINDRICAL_SURFACE('',#3537,1.);
#627=CYLINDRICAL_SURFACE('',#3551,0.5);
#628=CYLINDRICAL_SURFACE('',#3555,0.5);
#629=CYLINDRICAL_SURFACE('',#3559,0.5);
#630=CYLINDRICAL_SURFACE('',#3564,0.5);
#631=CYLINDRICAL_SURFACE('',#3565,1.);
#632=CYLINDRICAL_SURFACE('',#3567,1.);
#633=CYLINDRICAL_SURFACE('',#3572,2.2);
#634=CYLINDRICAL_SURFACE('',#3575,3.5);
#635=CYLINDRICAL_SURFACE('',#3580,3.5);
#636=CYLINDRICAL_SURFACE('',#3583,1.);
#637=CYLINDRICAL_SURFACE('',#3585,10.);
#638=CYLINDRICAL_SURFACE('',#3586,10.);
#639=CYLINDRICAL_SURFACE('',#3587,10.);
#640=CYLINDRICAL_SURFACE('',#3605,0.5);
#641=CYLINDRICAL_SURFACE('',#3619,0.5);
#642=CYLINDRICAL_SURFACE('',#3633,0.5);
#643=CYLINDRICAL_SURFACE('',#3642,10.);
#644=CYLINDRICAL_SURFACE('',#3644,10.);
#645=CYLINDRICAL_SURFACE('',#3646,10.);
#646=CYLINDRICAL_SURFACE('',#3649,10.);
#647=CYLINDRICAL_SURFACE('',#3651,10.);
#648=CYLINDRICAL_SURFACE('',#3653,10.);
#649=CYLINDRICAL_SURFACE('',#3659,1.);
#650=CYLINDRICAL_SURFACE('',#3665,0.5);
#651=CYLINDRICAL_SURFACE('',#3676,0.5);
#652=CYLINDRICAL_SURFACE('',#3681,0.5);
#653=CYLINDRICAL_SURFACE('',#3687,0.5);
#654=CYLINDRICAL_SURFACE('',#3697,2.);
#655=CYLINDRICAL_SURFACE('',#3700,2.);
#656=CYLINDRICAL_SURFACE('',#3707,2.);
#657=CYLINDRICAL_SURFACE('',#3709,2.);
#658=CYLINDRICAL_SURFACE('',#3710,2.);
#659=CYLINDRICAL_SURFACE('',#3713,2.);
#660=CYLINDRICAL_SURFACE('',#3715,2.);
#661=CYLINDRICAL_SURFACE('',#3717,2.);
#662=CYLINDRICAL_SURFACE('',#3719,14.5);
#663=CYLINDRICAL_SURFACE('',#3722,1.);
#664=CYLINDRICAL_SURFACE('',#3727,1.);
#665=CYLINDRICAL_SURFACE('',#3732,1.);
#666=CYLINDRICAL_SURFACE('',#3733,1.);
#667=CYLINDRICAL_SURFACE('',#3736,1.);
#668=CYLINDRICAL_SURFACE('',#3750,0.5);
#669=CYLINDRICAL_SURFACE('',#3754,0.5);
#670=CYLINDRICAL_SURFACE('',#3758,0.5);
#671=CYLINDRICAL_SURFACE('',#3763,0.5);
#672=CYLINDRICAL_SURFACE('',#3764,1.);
#673=CYLINDRICAL_SURFACE('',#3765,1.);
#674=CYLINDRICAL_SURFACE('',#3770,2.2);
#675=CYLINDRICAL_SURFACE('',#3773,3.5);
#676=CYLINDRICAL_SURFACE('',#3778,3.5);
#677=CYLINDRICAL_SURFACE('',#3781,1.);
#678=FACE_OUTER_BOUND('',#890,.T.);
#679=FACE_OUTER_BOUND('',#891,.T.);
#680=FACE_OUTER_BOUND('',#892,.T.);
#681=FACE_OUTER_BOUND('',#893,.T.);
#682=FACE_OUTER_BOUND('',#894,.T.);
#683=FACE_OUTER_BOUND('',#895,.T.);
#684=FACE_OUTER_BOUND('',#896,.T.);
#685=FACE_OUTER_BOUND('',#897,.T.);
#686=FACE_OUTER_BOUND('',#898,.T.);
#687=FACE_OUTER_BOUND('',#899,.T.);
#688=FACE_OUTER_BOUND('',#900,.T.);
#689=FACE_OUTER_BOUND('',#901,.T.);
#690=FACE_OUTER_BOUND('',#902,.T.);
#691=FACE_OUTER_BOUND('',#903,.T.);
#692=FACE_OUTER_BOUND('',#904,.T.);
#693=FACE_OUTER_BOUND('',#905,.T.);
#694=FACE_OUTER_BOUND('',#906,.T.);
#695=FACE_OUTER_BOUND('',#907,.T.);
#696=FACE_OUTER_BOUND('',#908,.T.);
#697=FACE_OUTER_BOUND('',#909,.T.);
#698=FACE_OUTER_BOUND('',#910,.T.);
#699=FACE_OUTER_BOUND('',#911,.T.);
#700=FACE_OUTER_BOUND('',#912,.T.);
#701=FACE_OUTER_BOUND('',#913,.T.);
#702=FACE_OUTER_BOUND('',#914,.T.);
#703=FACE_OUTER_BOUND('',#915,.T.);
#704=FACE_OUTER_BOUND('',#916,.T.);
#705=FACE_OUTER_BOUND('',#917,.T.);
#706=FACE_OUTER_BOUND('',#918,.T.);
#707=FACE_OUTER_BOUND('',#919,.T.);
#708=FACE_OUTER_BOUND('',#920,.T.);
#709=FACE_OUTER_BOUND('',#921,.T.);
#710=FACE_OUTER_BOUND('',#922,.T.);
#711=FACE_OUTER_BOUND('',#923,.T.);
#712=FACE_OUTER_BOUND('',#924,.T.);
#713=FACE_OUTER_BOUND('',#925,.T.);
#714=FACE_OUTER_BOUND('',#926,.T.);
#715=FACE_OUTER_BOUND('',#927,.T.);
#716=FACE_OUTER_BOUND('',#928,.T.);
#717=FACE_OUTER_BOUND('',#929,.T.);
#718=FACE_OUTER_BOUND('',#930,.T.);
#719=FACE_OUTER_BOUND('',#931,.T.);
#720=FACE_OUTER_BOUND('',#932,.T.);
#721=FACE_OUTER_BOUND('',#933,.T.);
#722=FACE_OUTER_BOUND('',#934,.T.);
#723=FACE_OUTER_BOUND('',#937,.T.);
#724=FACE_OUTER_BOUND('',#938,.T.);
#725=FACE_OUTER_BOUND('',#939,.T.);
#726=FACE_OUTER_BOUND('',#940,.T.);
#727=FACE_OUTER_BOUND('',#941,.T.);
#728=FACE_OUTER_BOUND('',#942,.T.);
#729=FACE_OUTER_BOUND('',#943,.T.);
#730=FACE_OUTER_BOUND('',#944,.T.);
#731=FACE_OUTER_BOUND('',#945,.T.);
#732=FACE_OUTER_BOUND('',#946,.T.);
#733=FACE_OUTER_BOUND('',#947,.T.);
#734=FACE_OUTER_BOUND('',#948,.T.);
#735=FACE_OUTER_BOUND('',#949,.T.);
#736=FACE_OUTER_BOUND('',#950,.T.);
#737=FACE_OUTER_BOUND('',#951,.T.);
#738=FACE_OUTER_BOUND('',#952,.T.);
#739=FACE_OUTER_BOUND('',#953,.T.);
#740=FACE_OUTER_BOUND('',#954,.T.);
#741=FACE_OUTER_BOUND('',#955,.T.);
#742=FACE_OUTER_BOUND('',#956,.T.);
#743=FACE_OUTER_BOUND('',#957,.T.);
#744=FACE_OUTER_BOUND('',#958,.T.);
#745=FACE_OUTER_BOUND('',#959,.T.);
#746=FACE_OUTER_BOUND('',#960,.T.);
#747=FACE_OUTER_BOUND('',#961,.T.);
#748=FACE_OUTER_BOUND('',#962,.T.);
#749=FACE_OUTER_BOUND('',#963,.T.);
#750=FACE_OUTER_BOUND('',#964,.T.);
#751=FACE_OUTER_BOUND('',#965,.T.);
#752=FACE_OUTER_BOUND('',#966,.T.);
#753=FACE_OUTER_BOUND('',#967,.T.);
#754=FACE_OUTER_BOUND('',#968,.T.);
#755=FACE_OUTER_BOUND('',#971,.T.);
#756=FACE_OUTER_BOUND('',#972,.T.);
#757=FACE_OUTER_BOUND('',#973,.T.);
#758=FACE_OUTER_BOUND('',#974,.T.);
#759=FACE_OUTER_BOUND('',#976,.T.);
#760=FACE_OUTER_BOUND('',#977,.T.);
#761=FACE_OUTER_BOUND('',#978,.T.);
#762=FACE_OUTER_BOUND('',#979,.T.);
#763=FACE_OUTER_BOUND('',#980,.T.);
#764=FACE_OUTER_BOUND('',#981,.T.);
#765=FACE_OUTER_BOUND('',#982,.T.);
#766=FACE_OUTER_BOUND('',#983,.T.);
#767=FACE_OUTER_BOUND('',#984,.T.);
#768=FACE_OUTER_BOUND('',#986,.T.);
#769=FACE_OUTER_BOUND('',#987,.T.);
#770=FACE_OUTER_BOUND('',#988,.T.);
#771=FACE_OUTER_BOUND('',#989,.T.);
#772=FACE_OUTER_BOUND('',#990,.T.);
#773=FACE_OUTER_BOUND('',#991,.T.);
#774=FACE_OUTER_BOUND('',#992,.T.);
#775=FACE_OUTER_BOUND('',#993,.T.);
#776=FACE_OUTER_BOUND('',#994,.T.);
#777=FACE_OUTER_BOUND('',#995,.T.);
#778=FACE_OUTER_BOUND('',#996,.T.);
#779=FACE_OUTER_BOUND('',#997,.T.);
#780=FACE_OUTER_BOUND('',#998,.T.);
#781=FACE_OUTER_BOUND('',#999,.T.);
#782=FACE_OUTER_BOUND('',#1000,.T.);
#783=FACE_OUTER_BOUND('',#1001,.T.);
#784=FACE_OUTER_BOUND('',#1002,.T.);
#785=FACE_OUTER_BOUND('',#1003,.T.);
#786=FACE_OUTER_BOUND('',#1004,.T.);
#787=FACE_OUTER_BOUND('',#1005,.T.);
#788=FACE_OUTER_BOUND('',#1006,.T.);
#789=FACE_OUTER_BOUND('',#1007,.T.);
#790=FACE_OUTER_BOUND('',#1008,.T.);
#791=FACE_OUTER_BOUND('',#1009,.T.);
#792=FACE_OUTER_BOUND('',#1010,.T.);
#793=FACE_OUTER_BOUND('',#1011,.T.);
#794=FACE_OUTER_BOUND('',#1012,.T.);
#795=FACE_OUTER_BOUND('',#1013,.T.);
#796=FACE_OUTER_BOUND('',#1014,.T.);
#797=FACE_OUTER_BOUND('',#1015,.T.);
#798=FACE_OUTER_BOUND('',#1016,.T.);
#799=FACE_OUTER_BOUND('',#1017,.T.);
#800=FACE_OUTER_BOUND('',#1018,.T.);
#801=FACE_OUTER_BOUND('',#1019,.T.);
#802=FACE_OUTER_BOUND('',#1020,.T.);
#803=FACE_OUTER_BOUND('',#1021,.T.);
#804=FACE_OUTER_BOUND('',#1022,.T.);
#805=FACE_OUTER_BOUND('',#1023,.T.);
#806=FACE_OUTER_BOUND('',#1024,.T.);
#807=FACE_OUTER_BOUND('',#1025,.T.);
#808=FACE_OUTER_BOUND('',#1026,.T.);
#809=FACE_OUTER_BOUND('',#1027,.T.);
#810=FACE_OUTER_BOUND('',#1028,.T.);
#811=FACE_OUTER_BOUND('',#1029,.T.);
#812=FACE_OUTER_BOUND('',#1030,.T.);
#813=FACE_OUTER_BOUND('',#1031,.T.);
#814=FACE_OUTER_BOUND('',#1032,.T.);
#815=FACE_OUTER_BOUND('',#1033,.T.);
#816=FACE_OUTER_BOUND('',#1034,.T.);
#817=FACE_OUTER_BOUND('',#1035,.T.);
#818=FACE_OUTER_BOUND('',#1036,.T.);
#819=FACE_OUTER_BOUND('',#1037,.T.);
#820=FACE_OUTER_BOUND('',#1038,.T.);
#821=FACE_OUTER_BOUND('',#1039,.T.);
#822=FACE_OUTER_BOUND('',#1040,.T.);
#823=FACE_OUTER_BOUND('',#1041,.T.);
#824=FACE_OUTER_BOUND('',#1042,.T.);
#825=FACE_OUTER_BOUND('',#1043,.T.);
#826=FACE_OUTER_BOUND('',#1044,.T.);
#827=FACE_OUTER_BOUND('',#1045,.T.);
#828=FACE_OUTER_BOUND('',#1046,.T.);
#829=FACE_OUTER_BOUND('',#1047,.T.);
#830=FACE_OUTER_BOUND('',#1048,.T.);
#831=FACE_OUTER_BOUND('',#1049,.T.);
#832=FACE_OUTER_BOUND('',#1050,.T.);
#833=FACE_OUTER_BOUND('',#1051,.T.);
#834=FACE_OUTER_BOUND('',#1052,.T.);
#835=FACE_OUTER_BOUND('',#1053,.T.);
#836=FACE_OUTER_BOUND('',#1054,.T.);
#837=FACE_OUTER_BOUND('',#1055,.T.);
#838=FACE_OUTER_BOUND('',#1056,.T.);
#839=FACE_OUTER_BOUND('',#1059,.T.);
#840=FACE_OUTER_BOUND('',#1060,.T.);
#841=FACE_OUTER_BOUND('',#1061,.T.);
#842=FACE_OUTER_BOUND('',#1065,.T.);
#843=FACE_OUTER_BOUND('',#1066,.T.);
#844=FACE_OUTER_BOUND('',#1067,.T.);
#845=FACE_OUTER_BOUND('',#1068,.T.);
#846=FACE_OUTER_BOUND('',#1069,.T.);
#847=FACE_OUTER_BOUND('',#1070,.T.);
#848=FACE_OUTER_BOUND('',#1071,.T.);
#849=FACE_OUTER_BOUND('',#1072,.T.);
#850=FACE_OUTER_BOUND('',#1073,.T.);
#851=FACE_OUTER_BOUND('',#1075,.T.);
#852=FACE_OUTER_BOUND('',#1076,.T.);
#853=FACE_OUTER_BOUND('',#1077,.T.);
#854=FACE_OUTER_BOUND('',#1078,.T.);
#855=FACE_OUTER_BOUND('',#1079,.T.);
#856=FACE_OUTER_BOUND('',#1080,.T.);
#857=FACE_OUTER_BOUND('',#1081,.T.);
#858=FACE_OUTER_BOUND('',#1082,.T.);
#859=FACE_OUTER_BOUND('',#1083,.T.);
#860=FACE_OUTER_BOUND('',#1084,.T.);
#861=FACE_OUTER_BOUND('',#1086,.T.);
#862=FACE_OUTER_BOUND('',#1087,.T.);
#863=FACE_OUTER_BOUND('',#1088,.T.);
#864=FACE_OUTER_BOUND('',#1089,.T.);
#865=FACE_OUTER_BOUND('',#1090,.T.);
#866=FACE_OUTER_BOUND('',#1091,.T.);
#867=FACE_OUTER_BOUND('',#1092,.T.);
#868=FACE_OUTER_BOUND('',#1093,.T.);
#869=FACE_OUTER_BOUND('',#1094,.T.);
#870=FACE_OUTER_BOUND('',#1095,.T.);
#871=FACE_OUTER_BOUND('',#1096,.T.);
#872=FACE_OUTER_BOUND('',#1097,.T.);
#873=FACE_OUTER_BOUND('',#1098,.T.);
#874=FACE_OUTER_BOUND('',#1099,.T.);
#875=FACE_OUTER_BOUND('',#1100,.T.);
#876=FACE_OUTER_BOUND('',#1101,.T.);
#877=FACE_OUTER_BOUND('',#1102,.T.);
#878=FACE_OUTER_BOUND('',#1103,.T.);
#879=FACE_OUTER_BOUND('',#1104,.T.);
#880=FACE_OUTER_BOUND('',#1105,.T.);
#881=FACE_OUTER_BOUND('',#1106,.T.);
#882=FACE_OUTER_BOUND('',#1107,.T.);
#883=FACE_OUTER_BOUND('',#1108,.T.);
#884=FACE_OUTER_BOUND('',#1109,.T.);
#885=FACE_OUTER_BOUND('',#1110,.T.);
#886=FACE_OUTER_BOUND('',#1111,.T.);
#887=FACE_OUTER_BOUND('',#1112,.T.);
#888=FACE_OUTER_BOUND('',#1113,.T.);
#889=FACE_OUTER_BOUND('',#1114,.T.);
#890=EDGE_LOOP('',(#2128,#2129,#2130));
#891=EDGE_LOOP('',(#2131,#2132,#2133,#2134));
#892=EDGE_LOOP('',(#2135,#2136,#2137,#2138));
#893=EDGE_LOOP('',(#2139,#2140,#2141,#2142));
#894=EDGE_LOOP('',(#2143,#2144,#2145,#2146));
#895=EDGE_LOOP('',(#2147,#2148,#2149,#2150));
#896=EDGE_LOOP('',(#2151,#2152,#2153,#2154,#2155,#2156,#2157,#2158));
#897=EDGE_LOOP('',(#2159,#2160,#2161,#2162));
#898=EDGE_LOOP('',(#2163,#2164,#2165,#2166));
#899=EDGE_LOOP('',(#2167,#2168,#2169));
#900=EDGE_LOOP('',(#2170,#2171,#2172,#2173));
#901=EDGE_LOOP('',(#2174,#2175,#2176,#2177));
#902=EDGE_LOOP('',(#2178,#2179,#2180,#2181));
#903=EDGE_LOOP('',(#2182,#2183,#2184,#2185));
#904=EDGE_LOOP('',(#2186,#2187,#2188,#2189,#2190,#2191));
#905=EDGE_LOOP('',(#2192,#2193,#2194,#2195));
#906=EDGE_LOOP('',(#2196,#2197,#2198,#2199));
#907=EDGE_LOOP('',(#2200,#2201,#2202,#2203));
#908=EDGE_LOOP('',(#2204,#2205,#2206));
#909=EDGE_LOOP('',(#2207,#2208,#2209,#2210));
#910=EDGE_LOOP('',(#2211,#2212,#2213,#2214));
#911=EDGE_LOOP('',(#2215,#2216,#2217,#2218));
#912=EDGE_LOOP('',(#2219,#2220,#2221,#2222));
#913=EDGE_LOOP('',(#2223,#2224,#2225,#2226));
#914=EDGE_LOOP('',(#2227,#2228,#2229,#2230));
#915=EDGE_LOOP('',(#2231,#2232,#2233,#2234));
#916=EDGE_LOOP('',(#2235,#2236,#2237));
#917=EDGE_LOOP('',(#2238,#2239,#2240,#2241,#2242));
#918=EDGE_LOOP('',(#2243,#2244,#2245,#2246));
#919=EDGE_LOOP('',(#2247,#2248,#2249,#2250));
#920=EDGE_LOOP('',(#2251,#2252,#2253,#2254));
#921=EDGE_LOOP('',(#2255,#2256,#2257,#2258));
#922=EDGE_LOOP('',(#2259,#2260,#2261,#2262));
#923=EDGE_LOOP('',(#2263,#2264,#2265,#2266,#2267));
#924=EDGE_LOOP('',(#2268,#2269,#2270));
#925=EDGE_LOOP('',(#2271,#2272,#2273,#2274));
#926=EDGE_LOOP('',(#2275,#2276,#2277,#2278));
#927=EDGE_LOOP('',(#2279,#2280,#2281,#2282));
#928=EDGE_LOOP('',(#2283,#2284,#2285,#2286));
#929=EDGE_LOOP('',(#2287,#2288,#2289,#2290));
#930=EDGE_LOOP('',(#2291,#2292,#2293,#2294));
#931=EDGE_LOOP('',(#2295,#2296,#2297,#2298));
#932=EDGE_LOOP('',(#2299,#2300,#2301));
#933=EDGE_LOOP('',(#2302,#2303,#2304,#2305));
#934=EDGE_LOOP('',(#2306,#2307,#2308,#2309,#2310,#2311,#2312,#2313,#2314,
#2315,#2316,#2317,#2318,#2319,#2320,#2321,#2322,#2323,#2324,#2325,#2326,
#2327,#2328));
#935=EDGE_LOOP('',(#2329));
#936=EDGE_LOOP('',(#2330));
#937=EDGE_LOOP('',(#2331,#2332,#2333,#2334,#2335,#2336,#2337));
#938=EDGE_LOOP('',(#2338,#2339,#2340,#2341));
#939=EDGE_LOOP('',(#2342,#2343,#2344));
#940=EDGE_LOOP('',(#2345,#2346,#2347,#2348));
#941=EDGE_LOOP('',(#2349,#2350,#2351));
#942=EDGE_LOOP('',(#2352,#2353,#2354));
#943=EDGE_LOOP('',(#2355,#2356,#2357,#2358));
#944=EDGE_LOOP('',(#2359,#2360,#2361,#2362));
#945=EDGE_LOOP('',(#2363,#2364,#2365,#2366));
#946=EDGE_LOOP('',(#2367,#2368,#2369,#2370));
#947=EDGE_LOOP('',(#2371,#2372,#2373,#2374));
#948=EDGE_LOOP('',(#2375,#2376,#2377,#2378));
#949=EDGE_LOOP('',(#2379,#2380,#2381,#2382));
#950=EDGE_LOOP('',(#2383,#2384,#2385,#2386));
#951=EDGE_LOOP('',(#2387,#2388,#2389,#2390));
#952=EDGE_LOOP('',(#2391,#2392,#2393,#2394));
#953=EDGE_LOOP('',(#2395,#2396,#2397,#2398));
#954=EDGE_LOOP('',(#2399,#2400,#2401,#2402));
#955=EDGE_LOOP('',(#2403,#2404,#2405,#2406));
#956=EDGE_LOOP('',(#2407,#2408,#2409,#2410));
#957=EDGE_LOOP('',(#2411,#2412,#2413,#2414));
#958=EDGE_LOOP('',(#2415,#2416,#2417,#2418));
#959=EDGE_LOOP('',(#2419,#2420,#2421,#2422));
#960=EDGE_LOOP('',(#2423,#2424,#2425,#2426));
#961=EDGE_LOOP('',(#2427,#2428,#2429,#2430));
#962=EDGE_LOOP('',(#2431,#2432,#2433,#2434));
#963=EDGE_LOOP('',(#2435,#2436,#2437,#2438));
#964=EDGE_LOOP('',(#2439,#2440,#2441));
#965=EDGE_LOOP('',(#2442,#2443,#2444));
#966=EDGE_LOOP('',(#2445,#2446,#2447,#2448,#2449,#2450,#2451,#2452));
#967=EDGE_LOOP('',(#2453,#2454,#2455,#2456));
#968=EDGE_LOOP('',(#2457,#2458,#2459,#2460,#2461,#2462,#2463,#2464,#2465,
#2466,#2467,#2468,#2469,#2470,#2471,#2472,#2473,#2474));
#969=EDGE_LOOP('',(#2475));
#970=EDGE_LOOP('',(#2476));
#971=EDGE_LOOP('',(#2477,#2478,#2479,#2480));
#972=EDGE_LOOP('',(#2481,#2482,#2483,#2484,#2485));
#973=EDGE_LOOP('',(#2486,#2487,#2488,#2489));
#974=EDGE_LOOP('',(#2490,#2491,#2492,#2493,#2494,#2495));
#975=EDGE_LOOP('',(#2496));
#976=EDGE_LOOP('',(#2497,#2498,#2499,#2500));
#977=EDGE_LOOP('',(#2501,#2502,#2503,#2504));
#978=EDGE_LOOP('',(#2505,#2506,#2507,#2508));
#979=EDGE_LOOP('',(#2509,#2510,#2511,#2512));
#980=EDGE_LOOP('',(#2513,#2514,#2515,#2516));
#981=EDGE_LOOP('',(#2517,#2518,#2519,#2520));
#982=EDGE_LOOP('',(#2521,#2522,#2523,#2524));
#983=EDGE_LOOP('',(#2525,#2526,#2527,#2528,#2529,#2530));
#984=EDGE_LOOP('',(#2531,#2532,#2533,#2534,#2535,#2536,#2537,#2538,#2539,
#2540,#2541,#2542,#2543,#2544,#2545));
#985=EDGE_LOOP('',(#2546));
#986=EDGE_LOOP('',(#2547,#2548,#2549,#2550));
#987=EDGE_LOOP('',(#2551,#2552,#2553,#2554,#2555));
#988=EDGE_LOOP('',(#2556,#2557,#2558,#2559));
#989=EDGE_LOOP('',(#2560,#2561,#2562,#2563));
#990=EDGE_LOOP('',(#2564,#2565,#2566,#2567));
#991=EDGE_LOOP('',(#2568,#2569,#2570,#2571));
#992=EDGE_LOOP('',(#2572,#2573,#2574,#2575));
#993=EDGE_LOOP('',(#2576,#2577,#2578,#2579));
#994=EDGE_LOOP('',(#2580,#2581,#2582,#2583));
#995=EDGE_LOOP('',(#2584,#2585,#2586,#2587,#2588,#2589,#2590,#2591,#2592,
#2593,#2594,#2595,#2596));
#996=EDGE_LOOP('',(#2597,#2598,#2599,#2600));
#997=EDGE_LOOP('',(#2601,#2602,#2603,#2604,#2605,#2606,#2607,#2608));
#998=EDGE_LOOP('',(#2609,#2610,#2611,#2612));
#999=EDGE_LOOP('',(#2613,#2614,#2615,#2616));
#1000=EDGE_LOOP('',(#2617,#2618,#2619,#2620));
#1001=EDGE_LOOP('',(#2621,#2622,#2623,#2624));
#1002=EDGE_LOOP('',(#2625,#2626,#2627,#2628));
#1003=EDGE_LOOP('',(#2629,#2630,#2631,#2632));
#1004=EDGE_LOOP('',(#2633,#2634,#2635,#2636));
#1005=EDGE_LOOP('',(#2637,#2638,#2639,#2640));
#1006=EDGE_LOOP('',(#2641,#2642,#2643,#2644));
#1007=EDGE_LOOP('',(#2645,#2646,#2647,#2648));
#1008=EDGE_LOOP('',(#2649,#2650,#2651,#2652));
#1009=EDGE_LOOP('',(#2653,#2654,#2655,#2656));
#1010=EDGE_LOOP('',(#2657,#2658,#2659,#2660,#2661));
#1011=EDGE_LOOP('',(#2662,#2663,#2664,#2665));
#1012=EDGE_LOOP('',(#2666,#2667,#2668,#2669));
#1013=EDGE_LOOP('',(#2670,#2671,#2672,#2673,#2674));
#1014=EDGE_LOOP('',(#2675,#2676,#2677,#2678));
#1015=EDGE_LOOP('',(#2679));
#1016=EDGE_LOOP('',(#2680,#2681,#2682,#2683));
#1017=EDGE_LOOP('',(#2684,#2685,#2686,#2687,#2688));
#1018=EDGE_LOOP('',(#2689));
#1019=EDGE_LOOP('',(#2690,#2691,#2692));
#1020=EDGE_LOOP('',(#2693,#2694,#2695,#2696));
#1021=EDGE_LOOP('',(#2697,#2698,#2699,#2700));
#1022=EDGE_LOOP('',(#2701,#2702,#2703,#2704));
#1023=EDGE_LOOP('',(#2705,#2706,#2707,#2708));
#1024=EDGE_LOOP('',(#2709,#2710,#2711,#2712));
#1025=EDGE_LOOP('',(#2713,#2714,#2715,#2716));
#1026=EDGE_LOOP('',(#2717,#2718,#2719,#2720));
#1027=EDGE_LOOP('',(#2721,#2722,#2723,#2724));
#1028=EDGE_LOOP('',(#2725,#2726,#2727,#2728));
#1029=EDGE_LOOP('',(#2729,#2730,#2731,#2732));
#1030=EDGE_LOOP('',(#2733,#2734,#2735,#2736));
#1031=EDGE_LOOP('',(#2737,#2738,#2739));
#1032=EDGE_LOOP('',(#2740,#2741,#2742,#2743));
#1033=EDGE_LOOP('',(#2744,#2745,#2746,#2747));
#1034=EDGE_LOOP('',(#2748,#2749,#2750,#2751));
#1035=EDGE_LOOP('',(#2752,#2753,#2754,#2755));
#1036=EDGE_LOOP('',(#2756,#2757,#2758,#2759));
#1037=EDGE_LOOP('',(#2760,#2761,#2762,#2763));
#1038=EDGE_LOOP('',(#2764,#2765,#2766,#2767));
#1039=EDGE_LOOP('',(#2768,#2769,#2770,#2771));
#1040=EDGE_LOOP('',(#2772,#2773,#2774,#2775));
#1041=EDGE_LOOP('',(#2776,#2777,#2778,#2779,#2780,#2781,#2782,#2783,#2784,
#2785,#2786,#2787,#2788));
#1042=EDGE_LOOP('',(#2789,#2790,#2791));
#1043=EDGE_LOOP('',(#2792,#2793,#2794,#2795));
#1044=EDGE_LOOP('',(#2796,#2797,#2798,#2799));
#1045=EDGE_LOOP('',(#2800,#2801,#2802,#2803));
#1046=EDGE_LOOP('',(#2804,#2805,#2806,#2807));
#1047=EDGE_LOOP('',(#2808,#2809,#2810,#2811));
#1048=EDGE_LOOP('',(#2812,#2813,#2814,#2815));
#1049=EDGE_LOOP('',(#2816,#2817,#2818,#2819));
#1050=EDGE_LOOP('',(#2820,#2821,#2822,#2823));
#1051=EDGE_LOOP('',(#2824,#2825,#2826,#2827));
#1052=EDGE_LOOP('',(#2828,#2829,#2830,#2831));
#1053=EDGE_LOOP('',(#2832,#2833,#2834,#2835));
#1054=EDGE_LOOP('',(#2836,#2837,#2838,#2839));
#1055=EDGE_LOOP('',(#2840,#2841,#2842,#2843));
#1056=EDGE_LOOP('',(#2844,#2845,#2846,#2847,#2848,#2849,#2850,#2851,#2852,
#2853,#2854,#2855));
#1057=EDGE_LOOP('',(#2856));
#1058=EDGE_LOOP('',(#2857));
#1059=EDGE_LOOP('',(#2858,#2859,#2860,#2861));
#1060=EDGE_LOOP('',(#2862,#2863,#2864,#2865));
#1061=EDGE_LOOP('',(#2866,#2867,#2868,#2869,#2870,#2871,#2872,#2873,#2874,
#2875,#2876,#2877,#2878,#2879,#2880));
#1062=EDGE_LOOP('',(#2881));
#1063=EDGE_LOOP('',(#2882));
#1064=EDGE_LOOP('',(#2883,#2884,#2885,#2886));
#1065=EDGE_LOOP('',(#2887,#2888,#2889,#2890));
#1066=EDGE_LOOP('',(#2891,#2892,#2893,#2894));
#1067=EDGE_LOOP('',(#2895,#2896,#2897,#2898));
#1068=EDGE_LOOP('',(#2899,#2900,#2901,#2902));
#1069=EDGE_LOOP('',(#2903,#2904,#2905,#2906));
#1070=EDGE_LOOP('',(#2907,#2908,#2909,#2910));
#1071=EDGE_LOOP('',(#2911,#2912,#2913,#2914));
#1072=EDGE_LOOP('',(#2915,#2916,#2917,#2918,#2919));
#1073=EDGE_LOOP('',(#2920,#2921,#2922,#2923,#2924,#2925));
#1074=EDGE_LOOP('',(#2926));
#1075=EDGE_LOOP('',(#2927,#2928,#2929,#2930));
#1076=EDGE_LOOP('',(#2931,#2932,#2933,#2934));
#1077=EDGE_LOOP('',(#2935,#2936,#2937,#2938));
#1078=EDGE_LOOP('',(#2939,#2940,#2941,#2942));
#1079=EDGE_LOOP('',(#2943,#2944,#2945,#2946,#2947,#2948,#2949));
#1080=EDGE_LOOP('',(#2950,#2951,#2952,#2953));
#1081=EDGE_LOOP('',(#2954,#2955,#2956,#2957));
#1082=EDGE_LOOP('',(#2958,#2959,#2960,#2961));
#1083=EDGE_LOOP('',(#2962,#2963,#2964,#2965,#2966,#2967));
#1084=EDGE_LOOP('',(#2968,#2969,#2970,#2971,#2972,#2973,#2974,#2975,#2976,
#2977,#2978,#2979,#2980,#2981,#2982));
#1085=EDGE_LOOP('',(#2983));
#1086=EDGE_LOOP('',(#2984,#2985,#2986,#2987));
#1087=EDGE_LOOP('',(#2988,#2989,#2990,#2991,#2992));
#1088=EDGE_LOOP('',(#2993,#2994,#2995,#2996));
#1089=EDGE_LOOP('',(#2997,#2998,#2999,#3000));
#1090=EDGE_LOOP('',(#3001,#3002,#3003,#3004));
#1091=EDGE_LOOP('',(#3005,#3006,#3007,#3008));
#1092=EDGE_LOOP('',(#3009,#3010,#3011,#3012));
#1093=EDGE_LOOP('',(#3013,#3014,#3015,#3016));
#1094=EDGE_LOOP('',(#3017,#3018,#3019,#3020));
#1095=EDGE_LOOP('',(#3021,#3022,#3023,#3024));
#1096=EDGE_LOOP('',(#3025,#3026,#3027,#3028,#3029,#3030,#3031,#3032));
#1097=EDGE_LOOP('',(#3033,#3034,#3035,#3036));
#1098=EDGE_LOOP('',(#3037,#3038,#3039,#3040));
#1099=EDGE_LOOP('',(#3041,#3042,#3043,#3044));
#1100=EDGE_LOOP('',(#3045,#3046,#3047,#3048));
#1101=EDGE_LOOP('',(#3049,#3050,#3051,#3052));
#1102=EDGE_LOOP('',(#3053,#3054,#3055,#3056));
#1103=EDGE_LOOP('',(#3057,#3058,#3059,#3060));
#1104=EDGE_LOOP('',(#3061,#3062,#3063,#3064));
#1105=EDGE_LOOP('',(#3065,#3066,#3067,#3068));
#1106=EDGE_LOOP('',(#3069,#3070,#3071,#3072,#3073));
#1107=EDGE_LOOP('',(#3074,#3075,#3076,#3077));
#1108=EDGE_LOOP('',(#3078,#3079,#3080,#3081));
#1109=EDGE_LOOP('',(#3082,#3083,#3084,#3085,#3086));
#1110=EDGE_LOOP('',(#3087,#3088,#3089,#3090));
#1111=EDGE_LOOP('',(#3091));
#1112=EDGE_LOOP('',(#3092,#3093,#3094,#3095));
#1113=EDGE_LOOP('',(#3096,#3097,#3098,#3099,#3100));
#1114=EDGE_LOOP('',(#3101));
#1115=CIRCLE('',#3336,0.5);
#1116=CIRCLE('',#3337,0.499999999999999);
#1117=CIRCLE('',#3338,0.500000000000001);
#1118=CIRCLE('',#3340,0.499999999999998);
#1119=CIRCLE('',#3342,0.5);
#1120=CIRCLE('',#3343,2.5);
#1121=CIRCLE('',#3344,3.);
#1122=CIRCLE('',#3346,0.499999999999998);
#1123=CIRCLE('',#3352,0.499999999999998);
#1124=CIRCLE('',#3354,0.499999999999999);
#1125=CIRCLE('',#3356,0.499999999999998);
#1126=CIRCLE('',#3357,0.500000000000001);
#1127=CIRCLE('',#3359,0.499999999999998);
#1128=CIRCLE('',#3361,0.5);
#1129=CIRCLE('',#3362,3.);
#1130=CIRCLE('',#3363,2.5);
#1131=CIRCLE('',#3365,0.500000000000002);
#1132=CIRCLE('',#3372,0.5);
#1133=CIRCLE('',#3373,0.499999999999999);
#1134=CIRCLE('',#3375,0.499999999999989);
#1135=CIRCLE('',#3376,15.);
#1136=CIRCLE('',#3377,14.5);
#1137=CIRCLE('',#3379,0.500000000000007);
#1138=CIRCLE('',#3381,0.500000000000007);
#1139=CIRCLE('',#3382,10.5);
#1140=CIRCLE('',#3383,10.);
#1141=CIRCLE('',#3385,0.500000000000001);
#1142=CIRCLE('',#3386,9.5);
#1143=CIRCLE('',#3387,10.);
#1144=CIRCLE('',#3389,0.500000000000007);
#1145=CIRCLE('',#3390,10.5);
#1146=CIRCLE('',#3391,10.);
#1147=CIRCLE('',#3393,0.499999999999989);
#1148=CIRCLE('',#3395,0.500000000000002);
#1149=CIRCLE('',#3396,4.5);
#1150=CIRCLE('',#3397,4.);
#1151=CIRCLE('',#3399,4.);
#1152=CIRCLE('',#3402,10.);
#1153=CIRCLE('',#3404,10.);
#1154=CIRCLE('',#3406,10.);
#1155=CIRCLE('',#3409,14.5);
#1156=CIRCLE('',#3410,0.499999999999999);
#1157=CIRCLE('',#3412,0.499999999999998);
#1158=CIRCLE('',#3413,4.5);
#1159=CIRCLE('',#3414,4.);
#1160=CIRCLE('',#3416,0.499999999999998);
#1161=CIRCLE('',#3418,0.499999999999991);
#1162=CIRCLE('',#3419,10.5);
#1163=CIRCLE('',#3420,10.);
#1164=CIRCLE('',#3422,0.499999999999993);
#1165=CIRCLE('',#3423,9.5);
#1166=CIRCLE('',#3424,10.);
#1167=CIRCLE('',#3426,0.500000000000007);
#1168=CIRCLE('',#3427,10.5);
#1169=CIRCLE('',#3428,10.);
#1170=CIRCLE('',#3430,0.499999999999998);
#1171=CIRCLE('',#3431,0.499999999999999);
#1172=CIRCLE('',#3433,0.499999999999998);
#1173=CIRCLE('',#3438,2.);
#1174=CIRCLE('',#3439,2.);
#1175=CIRCLE('',#3440,4.);
#1176=CIRCLE('',#3441,3.99999999999999);
#1177=CIRCLE('',#3443,1.);
#1178=CIRCLE('',#3444,1.);
#1179=CIRCLE('',#3446,1.);
#1180=CIRCLE('',#3448,1.);
#1181=CIRCLE('',#3450,0.499999999999998);
#1182=CIRCLE('',#3451,0.499999999999998);
#1183=CIRCLE('',#3453,0.499999999999999);
#1184=CIRCLE('',#3455,0.499999999999999);
#1185=CIRCLE('',#3457,0.499999999999999);
#1186=CIRCLE('',#3461,0.5);
#1187=CIRCLE('',#3462,0.5);
#1188=CIRCLE('',#3464,0.5);
#1189=CIRCLE('',#3465,4.);
#1190=CIRCLE('',#3466,4.5);
#1191=CIRCLE('',#3468,0.5);
#1192=CIRCLE('',#3470,0.5);
#1193=CIRCLE('',#3471,10.);
#1194=CIRCLE('',#3472,10.5);
#1195=CIRCLE('',#3474,0.5);
#1196=CIRCLE('',#3475,10.);
#1197=CIRCLE('',#3476,9.5);
#1198=CIRCLE('',#3478,0.5);
#1199=CIRCLE('',#3479,10.);
#1200=CIRCLE('',#3480,10.5);
#1201=CIRCLE('',#3482,0.5);
#1202=CIRCLE('',#3483,0.5);
#1203=CIRCLE('',#3484,1.);
#1204=CIRCLE('',#3485,0.5);
#1205=CIRCLE('',#3487,0.499999999999993);
#1206=CIRCLE('',#3488,15.);
#1207=CIRCLE('',#3489,0.5);
#1208=CIRCLE('',#3491,0.5);
#1209=CIRCLE('',#3493,0.5);
#1210=CIRCLE('',#3494,10.5);
#1211=CIRCLE('',#3496,0.5);
#1212=CIRCLE('',#3497,9.5);
#1213=CIRCLE('',#3499,0.5);
#1214=CIRCLE('',#3500,10.5);
#1215=CIRCLE('',#3502,0.5);
#1216=CIRCLE('',#3504,0.5);
#1217=CIRCLE('',#3505,4.5);
#1218=CIRCLE('',#3507,0.5);
#1219=CIRCLE('',#3510,0.5);
#1220=CIRCLE('',#3511,0.499999999999998);
#1221=CIRCLE('',#3513,0.499999999999999);
#1222=CIRCLE('',#3518,3.99999999999999);
#1223=CIRCLE('',#3519,4.);
#1224=CIRCLE('',#3524,2.2);
#1225=CIRCLE('',#3526,1.);
#1226=CIRCLE('',#3528,1.);
#1227=CIRCLE('',#3529,1.);
#1228=CIRCLE('',#3531,1.);
#1229=CIRCLE('',#3533,1.);
#1230=CIRCLE('',#3535,1.);
#1231=CIRCLE('',#3538,1.);
#1232=CIRCLE('',#3540,0.818198051533951);
#1233=CIRCLE('',#3541,2.);
#1234=CIRCLE('',#3542,2.);
#1235=CIRCLE('',#3544,2.);
#1236=CIRCLE('',#3545,2.);
#1237=CIRCLE('',#3546,2.7);
#1238=CIRCLE('',#3547,0.499999999999998);
#1239=CIRCLE('',#3548,0.5);
#1240=CIRCLE('',#3549,0.500000000000003);
#1241=CIRCLE('',#3550,1.);
#1242=CIRCLE('',#3552,0.499999999999998);
#1243=CIRCLE('',#3553,0.499999999999998);
#1244=CIRCLE('',#3554,0.5);
#1245=CIRCLE('',#3556,0.499999999999998);
#1246=CIRCLE('',#3557,0.500000000000003);
#1247=CIRCLE('',#3558,0.5);
#1248=CIRCLE('',#3560,0.499999999999998);
#1249=CIRCLE('',#3561,0.499999999999998);
#1250=CIRCLE('',#3562,1.);
#1251=CIRCLE('',#3563,0.5);
#1252=CIRCLE('',#3571,2.2);
#1253=CIRCLE('',#3574,3.5);
#1254=CIRCLE('',#3576,3.5);
#1255=CIRCLE('',#3579,3.5);
#1256=CIRCLE('',#3581,3.5);
#1257=CIRCLE('',#3593,0.0500000000000055);
#1258=CIRCLE('',#3596,0.818198051533952);
#1259=CIRCLE('',#3597,0.0500000000000071);
#1260=CIRCLE('',#3600,0.499999999999998);
#1261=CIRCLE('',#3602,0.5);
#1262=CIRCLE('',#3603,14.5);
#1263=CIRCLE('',#3604,15.);
#1264=CIRCLE('',#3606,0.5);
#1265=CIRCLE('',#3608,0.5);
#1266=CIRCLE('',#3609,10.);
#1267=CIRCLE('',#3610,10.5);
#1268=CIRCLE('',#3612,0.5);
#1269=CIRCLE('',#3613,10.);
#1270=CIRCLE('',#3614,9.5);
#1271=CIRCLE('',#3616,0.5);
#1272=CIRCLE('',#3617,10.);
#1273=CIRCLE('',#3618,10.5);
#1274=CIRCLE('',#3620,0.5);
#1275=CIRCLE('',#3622,0.5);
#1276=CIRCLE('',#3623,10.);
#1277=CIRCLE('',#3624,10.5);
#1278=CIRCLE('',#3626,0.5);
#1279=CIRCLE('',#3627,10.);
#1280=CIRCLE('',#3628,9.5);
#1281=CIRCLE('',#3630,0.5);
#1282=CIRCLE('',#3631,10.);
#1283=CIRCLE('',#3632,10.5);
#1284=CIRCLE('',#3634,0.5);
#1285=CIRCLE('',#3635,0.499999999999998);
#1286=CIRCLE('',#3637,0.499999999999999);
#1287=CIRCLE('',#3643,10.);
#1288=CIRCLE('',#3645,10.);
#1289=CIRCLE('',#3647,10.);
#1290=CIRCLE('',#3650,10.);
#1291=CIRCLE('',#3652,10.);
#1292=CIRCLE('',#3654,10.);
#1293=CIRCLE('',#3657,1.);
#1294=CIRCLE('',#3658,1.);
#1295=CIRCLE('',#3660,1.);
#1296=CIRCLE('',#3662,0.5);
#1297=CIRCLE('',#3663,0.499999999999999);
#1298=CIRCLE('',#3664,10.5);
#1299=CIRCLE('',#3666,0.5);
#1300=CIRCLE('',#3668,0.499999999999995);
#1301=CIRCLE('',#3669,10.5);
#1302=CIRCLE('',#3671,0.500000000000009);
#1303=CIRCLE('',#3672,9.5);
#1304=CIRCLE('',#3674,0.500000000000007);
#1305=CIRCLE('',#3675,10.5);
#1306=CIRCLE('',#3677,0.500000000000007);
#1307=CIRCLE('',#3678,0.499999999999993);
#1308=CIRCLE('',#3679,0.5);
#1309=CIRCLE('',#3680,1.);
#1310=CIRCLE('',#3682,0.500000000000001);
#1311=CIRCLE('',#3684,0.500000000000002);
#1312=CIRCLE('',#3685,15.);
#1313=CIRCLE('',#3686,14.5);
#1314=CIRCLE('',#3688,0.5);
#1315=CIRCLE('',#3690,0.500000000000003);
#1316=CIRCLE('',#3691,10.5);
#1317=CIRCLE('',#3693,9.5);
#1318=CIRCLE('',#3695,3.99999999999999);
#1319=CIRCLE('',#3696,4.);
#1320=CIRCLE('',#3703,2.);
#1321=CIRCLE('',#3704,2.);
#1322=CIRCLE('',#3705,3.99999999999999);
#1323=CIRCLE('',#3706,4.);
#1324=CIRCLE('',#3721,2.2);
#1325=CIRCLE('',#3723,1.);
#1326=CIRCLE('',#3725,1.);
#1327=CIRCLE('',#3726,1.);
#1328=CIRCLE('',#3728,1.);
#1329=CIRCLE('',#3730,1.);
#1330=CIRCLE('',#3731,1.);
#1331=CIRCLE('',#3734,1.);
#1332=CIRCLE('',#3737,1.);
#1333=CIRCLE('',#3739,0.818198051533951);
#1334=CIRCLE('',#3740,2.);
#1335=CIRCLE('',#3741,2.);
#1336=CIRCLE('',#3743,2.);
#1337=CIRCLE('',#3744,2.);
#1338=CIRCLE('',#3745,2.7);
#1339=CIRCLE('',#3746,0.499999999999998);
#1340=CIRCLE('',#3747,1.);
#1341=CIRCLE('',#3748,0.500000000000003);
#1342=CIRCLE('',#3749,0.5);
#1343=CIRCLE('',#3751,0.499999999999998);
#1344=CIRCLE('',#3752,0.499999999999998);
#1345=CIRCLE('',#3753,0.5);
#1346=CIRCLE('',#3755,0.499999999999998);
#1347=CIRCLE('',#3756,0.500000000000003);
#1348=CIRCLE('',#3757,0.5);
#1349=CIRCLE('',#3759,0.499999999999998);
#1350=CIRCLE('',#3760,0.499999999999998);
#1351=CIRCLE('',#3761,0.5);
#1352=CIRCLE('',#3762,1.);
#1353=CIRCLE('',#3769,2.2);
#1354=CIRCLE('',#3772,3.5);
#1355=CIRCLE('',#3774,3.5);
#1356=CIRCLE('',#3777,3.5);
#1357=CIRCLE('',#3779,3.5);
#1358=CIRCLE('',#3788,0.0500000000000055);
#1359=CIRCLE('',#3791,0.818198051533952);
#1360=CIRCLE('',#3792,0.0500000000000071);
#1361=VERTEX_POINT('',#4920);
#1362=VERTEX_POINT('',#4921);
#1363=VERTEX_POINT('',#4923);
#1364=VERTEX_POINT('',#4927);
#1365=VERTEX_POINT('',#4928);
#1366=VERTEX_POINT('',#4933);
#1367=VERTEX_POINT('',#4934);
#1368=VERTEX_POINT('',#4939);
#1369=VERTEX_POINT('',#4940);
#1370=VERTEX_POINT('',#4969);
#1371=VERTEX_POINT('',#4970);
#1372=VERTEX_POINT('',#5002);
#1373=VERTEX_POINT('',#5004);
#1374=VERTEX_POINT('',#5017);
#1375=VERTEX_POINT('',#5019);
#1376=VERTEX_POINT('',#5021);
#1377=VERTEX_POINT('',#5025);
#1378=VERTEX_POINT('',#5029);
#1379=VERTEX_POINT('',#5031);
#1380=VERTEX_POINT('',#5035);
#1381=VERTEX_POINT('',#5039);
#1382=VERTEX_POINT('',#5040);
#1383=VERTEX_POINT('',#5045);
#1384=VERTEX_POINT('',#5046);
#1385=VERTEX_POINT('',#5051);
#1386=VERTEX_POINT('',#5052);
#1387=VERTEX_POINT('',#5086);
#1388=VERTEX_POINT('',#5087);
#1389=VERTEX_POINT('',#5105);
#1390=VERTEX_POINT('',#5107);
#1391=VERTEX_POINT('',#5142);
#1392=VERTEX_POINT('',#5143);
#1393=VERTEX_POINT('',#5145);
#1394=VERTEX_POINT('',#5163);
#1395=VERTEX_POINT('',#5164);
#1396=VERTEX_POINT('',#5169);
#1397=VERTEX_POINT('',#5170);
#1398=VERTEX_POINT('',#5175);
#1399=VERTEX_POINT('',#5176);
#1400=VERTEX_POINT('',#5181);
#1401=VERTEX_POINT('',#5182);
#1402=VERTEX_POINT('',#5187);
#1403=VERTEX_POINT('',#5188);
#1404=VERTEX_POINT('',#5193);
#1405=VERTEX_POINT('',#5194);
#1406=VERTEX_POINT('',#5199);
#1407=VERTEX_POINT('',#5200);
#1408=VERTEX_POINT('',#5264);
#1409=VERTEX_POINT('',#5290);
#1410=VERTEX_POINT('',#5292);
#1411=VERTEX_POINT('',#5296);
#1412=VERTEX_POINT('',#5300);
#1413=VERTEX_POINT('',#5304);
#1414=VERTEX_POINT('',#5308);
#1415=VERTEX_POINT('',#5312);
#1416=VERTEX_POINT('',#5316);
#1417=VERTEX_POINT('',#5359);
#1418=VERTEX_POINT('',#5372);
#1419=VERTEX_POINT('',#5373);
#1420=VERTEX_POINT('',#5378);
#1421=VERTEX_POINT('',#5379);
#1422=VERTEX_POINT('',#5384);
#1423=VERTEX_POINT('',#5385);
#1424=VERTEX_POINT('',#5390);
#1425=VERTEX_POINT('',#5391);
#1426=VERTEX_POINT('',#5396);
#1427=VERTEX_POINT('',#5397);
#1428=VERTEX_POINT('',#5402);
#1429=VERTEX_POINT('',#5403);
#1430=VERTEX_POINT('',#5427);
#1431=VERTEX_POINT('',#5428);
#1432=VERTEX_POINT('',#5430);
#1433=VERTEX_POINT('',#5432);
#1434=VERTEX_POINT('',#5459);
#1435=VERTEX_POINT('',#5496);
#1436=VERTEX_POINT('',#5498);
#1437=VERTEX_POINT('',#5500);
#1438=VERTEX_POINT('',#5502);
#1439=VERTEX_POINT('',#5505);
#1440=VERTEX_POINT('',#5507);
#1441=VERTEX_POINT('',#5510);
#1442=VERTEX_POINT('',#5512);
#1443=VERTEX_POINT('',#5514);
#1444=VERTEX_POINT('',#5526);
#1445=VERTEX_POINT('',#5530);
#1446=VERTEX_POINT('',#5536);
#1447=VERTEX_POINT('',#5538);
#1448=VERTEX_POINT('',#5547);
#1449=VERTEX_POINT('',#5551);
#1450=VERTEX_POINT('',#5556);
#1451=VERTEX_POINT('',#5558);
#1452=VERTEX_POINT('',#5562);
#1453=VERTEX_POINT('',#5563);
#1454=VERTEX_POINT('',#5568);
#1455=VERTEX_POINT('',#5569);
#1456=VERTEX_POINT('',#5574);
#1457=VERTEX_POINT('',#5575);
#1458=VERTEX_POINT('',#5580);
#1459=VERTEX_POINT('',#5581);
#1460=VERTEX_POINT('',#5586);
#1461=VERTEX_POINT('',#5587);
#1462=VERTEX_POINT('',#5592);
#1463=VERTEX_POINT('',#5593);
#1464=VERTEX_POINT('',#5612);
#1465=VERTEX_POINT('',#5613);
#1466=VERTEX_POINT('',#5618);
#1467=VERTEX_POINT('',#5620);
#1468=VERTEX_POINT('',#5624);
#1469=VERTEX_POINT('',#5628);
#1470=VERTEX_POINT('',#5632);
#1471=VERTEX_POINT('',#5636);
#1472=VERTEX_POINT('',#5640);
#1473=VERTEX_POINT('',#5644);
#1474=VERTEX_POINT('',#5648);
#1475=VERTEX_POINT('',#5649);
#1476=VERTEX_POINT('',#5668);
#1477=VERTEX_POINT('',#5670);
#1478=VERTEX_POINT('',#5678);
#1479=VERTEX_POINT('',#5680);
#1480=VERTEX_POINT('',#5682);
#1481=VERTEX_POINT('',#5685);
#1482=VERTEX_POINT('',#5690);
#1483=VERTEX_POINT('',#5694);
#1484=VERTEX_POINT('',#5700);
#1485=VERTEX_POINT('',#5704);
#1486=VERTEX_POINT('',#5708);
#1487=VERTEX_POINT('',#5712);
#1488=VERTEX_POINT('',#5714);
#1489=VERTEX_POINT('',#5719);
#1490=VERTEX_POINT('',#5721);
#1491=VERTEX_POINT('',#5723);
#1492=VERTEX_POINT('',#5725);
#1493=VERTEX_POINT('',#5727);
#1494=VERTEX_POINT('',#5729);
#1495=VERTEX_POINT('',#5731);
#1496=VERTEX_POINT('',#5735);
#1497=VERTEX_POINT('',#5746);
#1498=VERTEX_POINT('',#5747);
#1499=VERTEX_POINT('',#5749);
#1500=VERTEX_POINT('',#5754);
#1501=VERTEX_POINT('',#5766);
#1502=VERTEX_POINT('',#5770);
#1503=VERTEX_POINT('',#5788);
#1504=VERTEX_POINT('',#5792);
#1505=VERTEX_POINT('',#5810);
#1506=VERTEX_POINT('',#5811);
#1507=VERTEX_POINT('',#5822);
#1508=VERTEX_POINT('',#5824);
#1509=VERTEX_POINT('',#5826);
#1510=VERTEX_POINT('',#5828);
#1511=VERTEX_POINT('',#5835);
#1512=VERTEX_POINT('',#5841);
#1513=VERTEX_POINT('',#5845);
#1514=VERTEX_POINT('',#5851);
#1515=VERTEX_POINT('',#5855);
#1516=VERTEX_POINT('',#5868);
#1517=VERTEX_POINT('',#5872);
#1518=VERTEX_POINT('',#5879);
#1519=VERTEX_POINT('',#5884);
#1520=VERTEX_POINT('',#5886);
#1521=VERTEX_POINT('',#5924);
#1522=VERTEX_POINT('',#5925);
#1523=VERTEX_POINT('',#5927);
#1524=VERTEX_POINT('',#5945);
#1525=VERTEX_POINT('',#5946);
#1526=VERTEX_POINT('',#5951);
#1527=VERTEX_POINT('',#5952);
#1528=VERTEX_POINT('',#5957);
#1529=VERTEX_POINT('',#5958);
#1530=VERTEX_POINT('',#5963);
#1531=VERTEX_POINT('',#5964);
#1532=VERTEX_POINT('',#5969);
#1533=VERTEX_POINT('',#5970);
#1534=VERTEX_POINT('',#5975);
#1535=VERTEX_POINT('',#5976);
#1536=VERTEX_POINT('',#5981);
#1537=VERTEX_POINT('',#5982);
#1538=VERTEX_POINT('',#5987);
#1539=VERTEX_POINT('',#5988);
#1540=VERTEX_POINT('',#5993);
#1541=VERTEX_POINT('',#5994);
#1542=VERTEX_POINT('',#5999);
#1543=VERTEX_POINT('',#6000);
#1544=VERTEX_POINT('',#6024);
#1545=VERTEX_POINT('',#6025);
#1546=VERTEX_POINT('',#6027);
#1547=VERTEX_POINT('',#6029);
#1548=VERTEX_POINT('',#6056);
#1549=VERTEX_POINT('',#6092);
#1550=VERTEX_POINT('',#6094);
#1551=VERTEX_POINT('',#6098);
#1552=VERTEX_POINT('',#6102);
#1553=VERTEX_POINT('',#6106);
#1554=VERTEX_POINT('',#6110);
#1555=VERTEX_POINT('',#6114);
#1556=VERTEX_POINT('',#6118);
#1557=VERTEX_POINT('',#6122);
#1558=VERTEX_POINT('',#6126);
#1559=VERTEX_POINT('',#6128);
#1560=VERTEX_POINT('',#6130);
#1561=VERTEX_POINT('',#6132);
#1562=VERTEX_POINT('',#6134);
#1563=VERTEX_POINT('',#6136);
#1564=VERTEX_POINT('',#6138);
#1565=VERTEX_POINT('',#6142);
#1566=VERTEX_POINT('',#6146);
#1567=VERTEX_POINT('',#6150);
#1568=VERTEX_POINT('',#6152);
#1569=VERTEX_POINT('',#6156);
#1570=VERTEX_POINT('',#6160);
#1571=VERTEX_POINT('',#6164);
#1572=VERTEX_POINT('',#6168);
#1573=VERTEX_POINT('',#6172);
#1574=VERTEX_POINT('',#6190);
#1575=VERTEX_POINT('',#6191);
#1576=VERTEX_POINT('',#6196);
#1577=VERTEX_POINT('',#6197);
#1578=VERTEX_POINT('',#6202);
#1579=VERTEX_POINT('',#6207);
#1580=VERTEX_POINT('',#6211);
#1581=VERTEX_POINT('',#6217);
#1582=VERTEX_POINT('',#6219);
#1583=VERTEX_POINT('',#6222);
#1584=VERTEX_POINT('',#6223);
#1585=VERTEX_POINT('',#6225);
#1586=VERTEX_POINT('',#6227);
#1587=VERTEX_POINT('',#6231);
#1588=VERTEX_POINT('',#6232);
#1589=VERTEX_POINT('',#6237);
#1590=VERTEX_POINT('',#6239);
#1591=VERTEX_POINT('',#6241);
#1592=VERTEX_POINT('',#6243);
#1593=VERTEX_POINT('',#6246);
#1594=VERTEX_POINT('',#6248);
#1595=VERTEX_POINT('',#6250);
#1596=VERTEX_POINT('',#6254);
#1597=VERTEX_POINT('',#6260);
#1598=VERTEX_POINT('',#6262);
#1599=VERTEX_POINT('',#6266);
#1600=VERTEX_POINT('',#6270);
#1601=VERTEX_POINT('',#6279);
#1602=VERTEX_POINT('',#6281);
#1603=VERTEX_POINT('',#6283);
#1604=VERTEX_POINT('',#6286);
#1605=VERTEX_POINT('',#6291);
#1606=VERTEX_POINT('',#6295);
#1607=VERTEX_POINT('',#6299);
#1608=VERTEX_POINT('',#6303);
#1609=VERTEX_POINT('',#6305);
#1610=VERTEX_POINT('',#6319);
#1611=VERTEX_POINT('',#6323);
#1612=VERTEX_POINT('',#6327);
#1613=VERTEX_POINT('',#6331);
#1614=VERTEX_POINT('',#6333);
#1615=VERTEX_POINT('',#6338);
#1616=VERTEX_POINT('',#6340);
#1617=VERTEX_POINT('',#6343);
#1618=VERTEX_POINT('',#6345);
#1619=VERTEX_POINT('',#6347);
#1620=VERTEX_POINT('',#6349);
#1621=VERTEX_POINT('',#6351);
#1622=VERTEX_POINT('',#6354);
#1623=VERTEX_POINT('',#6365);
#1624=VERTEX_POINT('',#6368);
#1625=VERTEX_POINT('',#6372);
#1626=VERTEX_POINT('',#6384);
#1627=VERTEX_POINT('',#6388);
#1628=VERTEX_POINT('',#6406);
#1629=VERTEX_POINT('',#6410);
#1630=VERTEX_POINT('',#6428);
#1631=VERTEX_POINT('',#6439);
#1632=VERTEX_POINT('',#6445);
#1633=VERTEX_POINT('',#6449);
#1634=VERTEX_POINT('',#6455);
#1635=VERTEX_POINT('',#6459);
#1636=VERTEX_POINT('',#6467);
#1637=VERTEX_POINT('',#6471);
#1638=VERTEX_POINT('',#6478);
#1639=VERTEX_POINT('',#6483);
#1640=VERTEX_POINT('',#6485);
#1641=EDGE_CURVE('',#1361,#1362,#1115,.T.);
#1642=EDGE_CURVE('',#1362,#1363,#1116,.T.);
#1643=EDGE_CURVE('',#1363,#1361,#1117,.T.);
#1644=EDGE_CURVE('',#1364,#1365,#1118,.T.);
#1645=EDGE_CURVE('',#1365,#1362,#188,.T.);
#1646=EDGE_CURVE('',#1361,#1364,#189,.T.);
#1647=EDGE_CURVE('',#1366,#1367,#1119,.T.);
#1648=EDGE_CURVE('',#1367,#1365,#1120,.T.);
#1649=EDGE_CURVE('',#1364,#1366,#1121,.T.);
#1650=EDGE_CURVE('',#1368,#1369,#1122,.T.);
#1651=EDGE_CURVE('',#1369,#1367,#190,.T.);
#1652=EDGE_CURVE('',#1366,#1368,#191,.T.);
#1653=EDGE_CURVE('',#1370,#1371,#120,.F.);
#1654=EDGE_CURVE('',#1371,#1369,#96,.T.);
#1655=EDGE_CURVE('',#1368,#1370,#97,.T.);
#1656=EDGE_CURVE('',#1368,#1372,#192,.T.);
#1657=EDGE_CURVE('',#1373,#1372,#121,.T.);
#1658=EDGE_CURVE('',#1373,#1370,#193,.T.);
#1659=EDGE_CURVE('',#1374,#1361,#194,.T.);
#1660=EDGE_CURVE('',#1375,#1374,#195,.T.);
#1661=EDGE_CURVE('',#1376,#1375,#196,.T.);
#1662=EDGE_CURVE('',#1372,#1376,#197,.T.);
#1663=EDGE_CURVE('',#1363,#1377,#198,.T.);
#1664=EDGE_CURVE('',#1377,#1374,#1123,.T.);
#1665=EDGE_CURVE('',#1362,#1378,#199,.T.);
#1666=EDGE_CURVE('',#1379,#1378,#1124,.T.);
#1667=EDGE_CURVE('',#1379,#1363,#200,.T.);
#1668=EDGE_CURVE('',#1378,#1380,#1125,.T.);
#1669=EDGE_CURVE('',#1380,#1379,#1126,.T.);
#1670=EDGE_CURVE('',#1381,#1382,#1127,.T.);
#1671=EDGE_CURVE('',#1382,#1380,#201,.T.);
#1672=EDGE_CURVE('',#1378,#1381,#202,.T.);
#1673=EDGE_CURVE('',#1383,#1384,#1128,.T.);
#1674=EDGE_CURVE('',#1384,#1382,#1129,.T.);
#1675=EDGE_CURVE('',#1381,#1383,#1130,.T.);
#1676=EDGE_CURVE('',#1385,#1386,#1131,.T.);
#1677=EDGE_CURVE('',#1386,#1384,#203,.T.);
#1678=EDGE_CURVE('',#1383,#1385,#204,.T.);
#1679=EDGE_CURVE('',#1387,#1388,#122,.F.);
#1680=EDGE_CURVE('',#1388,#1386,#98,.T.);
#1681=EDGE_CURVE('',#1385,#1387,#99,.T.);
#1682=EDGE_CURVE('',#1387,#1371,#205,.T.);
#1683=EDGE_CURVE('',#1367,#1383,#206,.T.);
#1684=EDGE_CURVE('',#1381,#1365,#207,.T.);
#1685=EDGE_CURVE('',#1380,#1389,#208,.T.);
#1686=EDGE_CURVE('',#1389,#1390,#1132,.T.);
#1687=EDGE_CURVE('',#1390,#1379,#209,.T.);
#1688=EDGE_CURVE('',#1391,#1392,#1133,.T.);
#1689=EDGE_CURVE('',#1392,#1393,#123,.T.);
#1690=EDGE_CURVE('',#1393,#1391,#124,.T.);
#1691=EDGE_CURVE('',#1394,#1395,#1134,.T.);
#1692=EDGE_CURVE('',#1395,#1392,#1135,.T.);
#1693=EDGE_CURVE('',#1391,#1394,#1136,.T.);
#1694=EDGE_CURVE('',#1396,#1397,#1137,.T.);
#1695=EDGE_CURVE('',#1397,#1395,#210,.T.);
#1696=EDGE_CURVE('',#1394,#1396,#211,.T.);
#1697=EDGE_CURVE('',#1398,#1399,#1138,.T.);
#1698=EDGE_CURVE('',#1399,#1397,#1139,.T.);
#1699=EDGE_CURVE('',#1396,#1398,#1140,.T.);
#1700=EDGE_CURVE('',#1400,#1401,#1141,.T.);
#1701=EDGE_CURVE('',#1401,#1399,#1142,.T.);
#1702=EDGE_CURVE('',#1398,#1400,#1143,.T.);
#1703=EDGE_CURVE('',#1402,#1403,#1144,.T.);
#1704=EDGE_CURVE('',#1403,#1401,#1145,.T.);
#1705=EDGE_CURVE('',#1400,#1402,#1146,.T.);
#1706=EDGE_CURVE('',#1404,#1405,#1147,.T.);
#1707=EDGE_CURVE('',#1405,#1403,#212,.T.);
#1708=EDGE_CURVE('',#1402,#1404,#213,.T.);
#1709=EDGE_CURVE('',#1406,#1407,#1148,.T.);
#1710=EDGE_CURVE('',#1407,#1405,#1149,.T.);
#1711=EDGE_CURVE('',#1404,#1406,#1150,.T.);
#1712=EDGE_CURVE('',#1406,#1408,#125,.T.);
#1713=EDGE_CURVE('',#1408,#1407,#126,.T.);
#1714=EDGE_CURVE('',#1404,#1409,#214,.T.);
#1715=EDGE_CURVE('',#1410,#1409,#1151,.T.);
#1716=EDGE_CURVE('',#1410,#1408,#215,.T.);
#1717=EDGE_CURVE('',#1411,#1402,#216,.T.);
#1718=EDGE_CURVE('',#1409,#1411,#217,.T.);
#1719=EDGE_CURVE('',#1400,#1412,#218,.T.);
#1720=EDGE_CURVE('',#1411,#1412,#1152,.T.);
#1721=EDGE_CURVE('',#1413,#1398,#219,.T.);
#1722=EDGE_CURVE('',#1412,#1413,#1153,.T.);
#1723=EDGE_CURVE('',#1396,#1414,#220,.T.);
#1724=EDGE_CURVE('',#1413,#1414,#1154,.T.);
#1725=EDGE_CURVE('',#1415,#1394,#221,.T.);
#1726=EDGE_CURVE('',#1414,#1415,#222,.T.);
#1727=EDGE_CURVE('',#1393,#1416,#223,.T.);
#1728=EDGE_CURVE('',#1415,#1416,#1155,.T.);
#1729=EDGE_CURVE('',#1417,#1373,#1156,.T.);
#1730=EDGE_CURVE('',#1372,#1417,#127,.T.);
#1731=EDGE_CURVE('',#1418,#1419,#1157,.T.);
#1732=EDGE_CURVE('',#1419,#1373,#1158,.T.);
#1733=EDGE_CURVE('',#1417,#1418,#1159,.T.);
#1734=EDGE_CURVE('',#1420,#1421,#1160,.T.);
#1735=EDGE_CURVE('',#1421,#1419,#224,.T.);
#1736=EDGE_CURVE('',#1418,#1420,#225,.T.);
#1737=EDGE_CURVE('',#1422,#1423,#1161,.T.);
#1738=EDGE_CURVE('',#1423,#1421,#1162,.T.);
#1739=EDGE_CURVE('',#1420,#1422,#1163,.T.);
#1740=EDGE_CURVE('',#1424,#1425,#1164,.T.);
#1741=EDGE_CURVE('',#1425,#1423,#1165,.T.);
#1742=EDGE_CURVE('',#1422,#1424,#1166,.T.);
#1743=EDGE_CURVE('',#1426,#1427,#1167,.T.);
#1744=EDGE_CURVE('',#1427,#1425,#1168,.T.);
#1745=EDGE_CURVE('',#1424,#1426,#1169,.T.);
#1746=EDGE_CURVE('',#1428,#1429,#1170,.T.);
#1747=EDGE_CURVE('',#1429,#1427,#226,.T.);
#1748=EDGE_CURVE('',#1426,#1428,#227,.T.);
#1749=EDGE_CURVE('',#1430,#1431,#1171,.T.);
#1750=EDGE_CURVE('',#1431,#1432,#100,.T.);
#1751=EDGE_CURVE('',#1432,#1433,#1172,.T.);
#1752=EDGE_CURVE('',#1433,#1430,#101,.T.);
#1753=EDGE_CURVE('',#1432,#1434,#128,.T.);
#1754=EDGE_CURVE('',#1434,#1433,#129,.T.);
#1755=EDGE_CURVE('',#1430,#1429,#102,.T.);
#1756=EDGE_CURVE('',#1428,#1431,#103,.T.);
#1757=EDGE_CURVE('',#1388,#1407,#228,.T.);
#1758=EDGE_CURVE('',#1435,#1429,#229,.T.);
#1759=EDGE_CURVE('',#1436,#1435,#1173,.T.);
#1760=EDGE_CURVE('',#1437,#1436,#230,.T.);
#1761=EDGE_CURVE('',#1438,#1437,#1174,.T.);
#1762=EDGE_CURVE('',#1392,#1438,#231,.T.);
#1763=EDGE_CURVE('',#1439,#1439,#1175,.T.);
#1764=EDGE_CURVE('',#1440,#1440,#1176,.T.);
#1765=EDGE_CURVE('',#1430,#1441,#1177,.T.);
#1766=EDGE_CURVE('',#1441,#1442,#232,.T.);
#1767=EDGE_CURVE('',#1443,#1442,#130,.T.);
#1768=EDGE_CURVE('',#1443,#1444,#233,.T.);
#1769=EDGE_CURVE('',#1435,#1444,#1178,.T.);
#1770=EDGE_CURVE('',#1433,#1445,#1179,.T.);
#1771=EDGE_CURVE('',#1445,#1441,#234,.T.);
#1772=EDGE_CURVE('',#1434,#1445,#1180,.T.);
#1773=EDGE_CURVE('',#1390,#1446,#1181,.T.);
#1774=EDGE_CURVE('',#1446,#1447,#235,.T.);
#1775=EDGE_CURVE('',#1447,#1377,#1182,.T.);
#1776=EDGE_CURVE('',#1377,#1390,#236,.T.);
#1777=EDGE_CURVE('',#1447,#1374,#1183,.T.);
#1778=EDGE_CURVE('',#1389,#1446,#1184,.T.);
#1779=EDGE_CURVE('',#1447,#1448,#237,.T.);
#1780=EDGE_CURVE('',#1375,#1448,#1185,.T.);
#1781=EDGE_CURVE('',#1449,#1446,#238,.T.);
#1782=EDGE_CURVE('',#1448,#1449,#239,.T.);
#1783=EDGE_CURVE('',#1450,#1376,#1186,.T.);
#1784=EDGE_CURVE('',#1375,#1451,#1187,.T.);
#1785=EDGE_CURVE('',#1451,#1450,#240,.T.);
#1786=EDGE_CURVE('',#1452,#1453,#1188,.T.);
#1787=EDGE_CURVE('',#1453,#1376,#1189,.T.);
#1788=EDGE_CURVE('',#1450,#1452,#1190,.T.);
#1789=EDGE_CURVE('',#1454,#1455,#1191,.T.);
#1790=EDGE_CURVE('',#1455,#1453,#241,.T.);
#1791=EDGE_CURVE('',#1452,#1454,#242,.T.);
#1792=EDGE_CURVE('',#1456,#1457,#1192,.T.);
#1793=EDGE_CURVE('',#1457,#1455,#1193,.T.);
#1794=EDGE_CURVE('',#1454,#1456,#1194,.T.);
#1795=EDGE_CURVE('',#1458,#1459,#1195,.T.);
#1796=EDGE_CURVE('',#1459,#1457,#1196,.T.);
#1797=EDGE_CURVE('',#1456,#1458,#1197,.T.);
#1798=EDGE_CURVE('',#1460,#1461,#1198,.T.);
#1799=EDGE_CURVE('',#1461,#1459,#1199,.T.);
#1800=EDGE_CURVE('',#1458,#1460,#1200,.T.);
#1801=EDGE_CURVE('',#1462,#1463,#1201,.T.);
#1802=EDGE_CURVE('',#1463,#1461,#243,.T.);
#1803=EDGE_CURVE('',#1460,#1462,#244,.T.);
#1804=EDGE_CURVE('',#1464,#1465,#1202,.T.);
#1805=EDGE_CURVE('',#1465,#1463,#1203,.T.);
#1806=EDGE_CURVE('',#1462,#1464,#1204,.T.);
#1807=EDGE_CURVE('',#1416,#1466,#1205,.T.);
#1808=EDGE_CURVE('',#1466,#1467,#1206,.T.);
#1809=EDGE_CURVE('',#1467,#1415,#1207,.T.);
#1810=EDGE_CURVE('',#1468,#1414,#1208,.T.);
#1811=EDGE_CURVE('',#1467,#1468,#245,.T.);
#1812=EDGE_CURVE('',#1469,#1413,#1209,.T.);
#1813=EDGE_CURVE('',#1468,#1469,#1210,.T.);
#1814=EDGE_CURVE('',#1470,#1412,#1211,.T.);
#1815=EDGE_CURVE('',#1469,#1470,#1212,.T.);
#1816=EDGE_CURVE('',#1471,#1411,#1213,.T.);
#1817=EDGE_CURVE('',#1470,#1471,#1214,.T.);
#1818=EDGE_CURVE('',#1472,#1409,#1215,.T.);
#1819=EDGE_CURVE('',#1471,#1472,#246,.T.);
#1820=EDGE_CURVE('',#1473,#1410,#1216,.T.);
#1821=EDGE_CURVE('',#1472,#1473,#1217,.T.);
#1822=EDGE_CURVE('',#1474,#1475,#1218,.T.);
#1823=EDGE_CURVE('',#1475,#1410,#247,.T.);
#1824=EDGE_CURVE('',#1473,#1474,#248,.T.);
#1825=EDGE_CURVE('',#1416,#1465,#249,.T.);
#1826=EDGE_CURVE('',#1464,#1466,#250,.T.);
#1827=EDGE_CURVE('',#1451,#1448,#1219,.T.);
#1828=EDGE_CURVE('',#1449,#1474,#1220,.T.);
#1829=EDGE_CURVE('',#1474,#1451,#251,.T.);
#1830=EDGE_CURVE('',#1449,#1475,#1221,.T.);
#1831=EDGE_CURVE('',#1408,#1386,#252,.T.);
#1832=EDGE_CURVE('',#1389,#1475,#253,.T.);
#1833=EDGE_CURVE('',#1476,#1476,#1222,.T.);
#1834=EDGE_CURVE('',#1477,#1477,#1223,.T.);
#1835=EDGE_CURVE('',#1453,#1418,#254,.T.);
#1836=EDGE_CURVE('',#1420,#1455,#255,.T.);
#1837=EDGE_CURVE('',#1393,#1478,#256,.T.);
#1838=EDGE_CURVE('',#1479,#1478,#257,.T.);
#1839=EDGE_CURVE('',#1480,#1479,#258,.T.);
#1840=EDGE_CURVE('',#1465,#1480,#259,.T.);
#1841=EDGE_CURVE('',#1481,#1481,#1224,.T.);
#1842=EDGE_CURVE('',#1438,#1478,#1225,.T.);
#1843=EDGE_CURVE('',#1437,#1482,#1226,.T.);
#1844=EDGE_CURVE('',#1482,#1478,#1227,.T.);
#1845=EDGE_CURVE('',#1436,#1483,#1228,.T.);
#1846=EDGE_CURVE('',#1483,#1482,#260,.T.);
#1847=EDGE_CURVE('',#1444,#1483,#1229,.T.);
#1848=EDGE_CURVE('',#1482,#1484,#261,.T.);
#1849=EDGE_CURVE('',#1479,#1484,#1230,.T.);
#1850=EDGE_CURVE('',#1485,#1483,#262,.T.);
#1851=EDGE_CURVE('',#1484,#1485,#263,.T.);
#1852=EDGE_CURVE('',#1444,#1486,#264,.T.);
#1853=EDGE_CURVE('',#1485,#1486,#1231,.T.);
#1854=EDGE_CURVE('',#1487,#1487,#1232,.T.);
#1855=EDGE_CURVE('',#1487,#1488,#265,.T.);
#1856=EDGE_CURVE('',#1443,#1488,#1233,.T.);
#1857=EDGE_CURVE('',#1488,#1442,#1234,.T.);
#1858=EDGE_CURVE('',#1489,#1445,#266,.T.);
#1859=EDGE_CURVE('',#1489,#1490,#267,.T.);
#1860=EDGE_CURVE('',#1490,#1491,#268,.T.);
#1861=EDGE_CURVE('',#1491,#1492,#269,.T.);
#1862=EDGE_CURVE('',#1493,#1492,#270,.T.);
#1863=EDGE_CURVE('',#1494,#1493,#271,.T.);
#1864=EDGE_CURVE('',#1494,#1495,#1235,.T.);
#1865=EDGE_CURVE('',#1495,#1494,#1236,.T.);
#1866=EDGE_CURVE('',#1486,#1494,#272,.T.);
#1867=EDGE_CURVE('',#1496,#1496,#1237,.T.);
#1868=EDGE_CURVE('',#1497,#1498,#1238,.T.);
#1869=EDGE_CURVE('',#1498,#1499,#1239,.T.);
#1870=EDGE_CURVE('',#1499,#1493,#1240,.T.);
#1871=EDGE_CURVE('',#1493,#1497,#1241,.T.);
#1872=EDGE_CURVE('',#1500,#1486,#1242,.T.);
#1873=EDGE_CURVE('',#1499,#1500,#273,.T.);
#1874=EDGE_CURVE('',#1501,#1485,#1243,.T.);
#1875=EDGE_CURVE('',#1500,#1501,#1244,.T.);
#1876=EDGE_CURVE('',#1502,#1484,#1245,.T.);
#1877=EDGE_CURVE('',#1501,#1502,#274,.T.);
#1878=EDGE_CURVE('',#1503,#1479,#1246,.T.);
#1879=EDGE_CURVE('',#1502,#1503,#1247,.T.);
#1880=EDGE_CURVE('',#1504,#1480,#1248,.T.);
#1881=EDGE_CURVE('',#1503,#1504,#275,.T.);
#1882=EDGE_CURVE('',#1505,#1506,#1249,.T.);
#1883=EDGE_CURVE('',#1506,#1480,#1250,.T.);
#1884=EDGE_CURVE('',#1504,#1505,#1251,.T.);
#1885=EDGE_CURVE('',#1505,#1498,#276,.T.);
#1886=EDGE_CURVE('',#1497,#1506,#277,.T.);
#1887=EDGE_CURVE('',#1506,#1463,#278,.T.);
#1888=EDGE_CURVE('',#1461,#1426,#279,.T.);
#1889=EDGE_CURVE('',#1507,#1497,#280,.T.);
#1890=EDGE_CURVE('',#1508,#1507,#281,.T.);
#1891=EDGE_CURVE('',#1508,#1509,#282,.T.);
#1892=EDGE_CURVE('',#1510,#1509,#283,.T.);
#1893=EDGE_CURVE('',#1434,#1510,#284,.T.);
#1894=EDGE_CURVE('',#1492,#1507,#104,.T.);
#1895=EDGE_CURVE('',#1496,#1511,#285,.T.);
#1896=EDGE_CURVE('',#1511,#1511,#1252,.T.);
#1897=EDGE_CURVE('',#1511,#1481,#286,.T.);
#1898=EDGE_CURVE('',#1440,#1512,#287,.T.);
#1899=EDGE_CURVE('',#1512,#1512,#1253,.T.);
#1900=EDGE_CURVE('',#1512,#1513,#288,.T.);
#1901=EDGE_CURVE('',#1513,#1513,#1254,.T.);
#1902=EDGE_CURVE('',#1513,#1476,#289,.T.);
#1903=EDGE_CURVE('',#1514,#1514,#1255,.T.);
#1904=EDGE_CURVE('',#1514,#1477,#290,.T.);
#1905=EDGE_CURVE('',#1515,#1515,#1256,.T.);
#1906=EDGE_CURVE('',#1515,#1514,#291,.T.);
#1907=EDGE_CURVE('',#1439,#1515,#292,.T.);
#1908=EDGE_CURVE('',#1510,#1489,#105,.T.);
#1909=EDGE_CURVE('',#1424,#1459,#293,.T.);
#1910=EDGE_CURVE('',#1457,#1422,#294,.T.);
#1911=EDGE_CURVE('',#1516,#1491,#295,.T.);
#1912=EDGE_CURVE('',#1516,#1508,#296,.T.);
#1913=EDGE_CURVE('',#1517,#1516,#297,.T.);
#1914=EDGE_CURVE('',#1509,#1517,#298,.T.);
#1915=EDGE_CURVE('',#1517,#1490,#299,.T.);
#1916=EDGE_CURVE('',#1487,#1518,#300,.T.);
#1917=EDGE_CURVE('',#1518,#1518,#1257,.T.);
#1918=EDGE_CURVE('',#1519,#1519,#1258,.T.);
#1919=EDGE_CURVE('',#1519,#1520,#301,.T.);
#1920=EDGE_CURVE('',#1520,#1520,#1259,.T.);
#1921=EDGE_CURVE('',#1519,#1495,#302,.T.);
#1922=EDGE_CURVE('',#1521,#1522,#1260,.T.);
#1923=EDGE_CURVE('',#1522,#1523,#131,.T.);
#1924=EDGE_CURVE('',#1523,#1521,#132,.T.);
#1925=EDGE_CURVE('',#1524,#1525,#1261,.T.);
#1926=EDGE_CURVE('',#1525,#1522,#1262,.T.);
#1927=EDGE_CURVE('',#1521,#1524,#1263,.T.);
#1928=EDGE_CURVE('',#1526,#1527,#1264,.T.);
#1929=EDGE_CURVE('',#1527,#1525,#303,.T.);
#1930=EDGE_CURVE('',#1524,#1526,#304,.T.);
#1931=EDGE_CURVE('',#1528,#1529,#1265,.T.);
#1932=EDGE_CURVE('',#1529,#1527,#1266,.T.);
#1933=EDGE_CURVE('',#1526,#1528,#1267,.T.);
#1934=EDGE_CURVE('',#1530,#1531,#1268,.T.);
#1935=EDGE_CURVE('',#1531,#1529,#1269,.T.);
#1936=EDGE_CURVE('',#1528,#1530,#1270,.T.);
#1937=EDGE_CURVE('',#1532,#1533,#1271,.T.);
#1938=EDGE_CURVE('',#1533,#1531,#1272,.T.);
#1939=EDGE_CURVE('',#1530,#1532,#1273,.T.);
#1940=EDGE_CURVE('',#1534,#1535,#1274,.T.);
#1941=EDGE_CURVE('',#1535,#1533,#305,.T.);
#1942=EDGE_CURVE('',#1532,#1534,#306,.T.);
#1943=EDGE_CURVE('',#1536,#1537,#1275,.T.);
#1944=EDGE_CURVE('',#1537,#1535,#1276,.T.);
#1945=EDGE_CURVE('',#1534,#1536,#1277,.T.);
#1946=EDGE_CURVE('',#1538,#1539,#1278,.T.);
#1947=EDGE_CURVE('',#1539,#1537,#1279,.T.);
#1948=EDGE_CURVE('',#1536,#1538,#1280,.T.);
#1949=EDGE_CURVE('',#1540,#1541,#1281,.T.);
#1950=EDGE_CURVE('',#1541,#1539,#1282,.T.);
#1951=EDGE_CURVE('',#1538,#1540,#1283,.T.);
#1952=EDGE_CURVE('',#1542,#1543,#1284,.T.);
#1953=EDGE_CURVE('',#1543,#1541,#307,.T.);
#1954=EDGE_CURVE('',#1540,#1542,#308,.T.);
#1955=EDGE_CURVE('',#1544,#1545,#1285,.T.);
#1956=EDGE_CURVE('',#1545,#1546,#106,.T.);
#1957=EDGE_CURVE('',#1546,#1547,#1286,.T.);
#1958=EDGE_CURVE('',#1547,#1544,#107,.T.);
#1959=EDGE_CURVE('',#1546,#1548,#133,.T.);
#1960=EDGE_CURVE('',#1548,#1547,#134,.T.);
#1961=EDGE_CURVE('',#1544,#1543,#108,.T.);
#1962=EDGE_CURVE('',#1542,#1545,#109,.T.);
#1963=EDGE_CURVE('',#1527,#1549,#309,.T.);
#1964=EDGE_CURVE('',#1550,#1549,#310,.T.);
#1965=EDGE_CURVE('',#1550,#1525,#311,.T.);
#1966=EDGE_CURVE('',#1551,#1529,#312,.T.);
#1967=EDGE_CURVE('',#1549,#1551,#1287,.T.);
#1968=EDGE_CURVE('',#1531,#1552,#313,.T.);
#1969=EDGE_CURVE('',#1551,#1552,#1288,.T.);
#1970=EDGE_CURVE('',#1553,#1533,#314,.T.);
#1971=EDGE_CURVE('',#1552,#1553,#1289,.T.);
#1972=EDGE_CURVE('',#1535,#1554,#315,.T.);
#1973=EDGE_CURVE('',#1553,#1554,#316,.T.);
#1974=EDGE_CURVE('',#1555,#1537,#317,.T.);
#1975=EDGE_CURVE('',#1554,#1555,#1290,.T.);
#1976=EDGE_CURVE('',#1539,#1556,#318,.T.);
#1977=EDGE_CURVE('',#1555,#1556,#1291,.T.);
#1978=EDGE_CURVE('',#1557,#1541,#319,.T.);
#1979=EDGE_CURVE('',#1556,#1557,#1292,.T.);
#1980=EDGE_CURVE('',#1548,#1558,#320,.T.);
#1981=EDGE_CURVE('',#1558,#1559,#321,.T.);
#1982=EDGE_CURVE('',#1560,#1559,#322,.T.);
#1983=EDGE_CURVE('',#1560,#1561,#323,.T.);
#1984=EDGE_CURVE('',#1561,#1562,#324,.T.);
#1985=EDGE_CURVE('',#1562,#1563,#325,.T.);
#1986=EDGE_CURVE('',#1563,#1564,#326,.T.);
#1987=EDGE_CURVE('',#1557,#1564,#327,.T.);
#1988=EDGE_CURVE('',#1546,#1565,#1293,.T.);
#1989=EDGE_CURVE('',#1548,#1565,#1294,.T.);
#1990=EDGE_CURVE('',#1545,#1566,#1295,.T.);
#1991=EDGE_CURVE('',#1565,#1566,#328,.T.);
#1992=EDGE_CURVE('',#1567,#1552,#1296,.T.);
#1993=EDGE_CURVE('',#1553,#1568,#1297,.T.);
#1994=EDGE_CURVE('',#1568,#1567,#1298,.T.);
#1995=EDGE_CURVE('',#1554,#1569,#1299,.T.);
#1996=EDGE_CURVE('',#1569,#1568,#329,.T.);
#1997=EDGE_CURVE('',#1555,#1570,#1300,.T.);
#1998=EDGE_CURVE('',#1570,#1569,#1301,.T.);
#1999=EDGE_CURVE('',#1556,#1571,#1302,.T.);
#2000=EDGE_CURVE('',#1571,#1570,#1303,.T.);
#2001=EDGE_CURVE('',#1557,#1572,#1304,.T.);
#2002=EDGE_CURVE('',#1572,#1571,#1305,.T.);
#2003=EDGE_CURVE('',#1564,#1573,#1306,.T.);
#2004=EDGE_CURVE('',#1573,#1572,#330,.T.);
#2005=EDGE_CURVE('',#1574,#1575,#1307,.T.);
#2006=EDGE_CURVE('',#1575,#1573,#1308,.T.);
#2007=EDGE_CURVE('',#1564,#1574,#1309,.T.);
#2008=EDGE_CURVE('',#1576,#1577,#1310,.T.);
#2009=EDGE_CURVE('',#1577,#1575,#331,.T.);
#2010=EDGE_CURVE('',#1574,#1576,#332,.T.);
#2011=EDGE_CURVE('',#1550,#1578,#1311,.T.);
#2012=EDGE_CURVE('',#1578,#1577,#1312,.T.);
#2013=EDGE_CURVE('',#1576,#1550,#1313,.T.);
#2014=EDGE_CURVE('',#1549,#1579,#1314,.T.);
#2015=EDGE_CURVE('',#1579,#1578,#333,.T.);
#2016=EDGE_CURVE('',#1551,#1580,#1315,.T.);
#2017=EDGE_CURVE('',#1580,#1579,#1316,.T.);
#2018=EDGE_CURVE('',#1567,#1580,#1317,.T.);
#2019=EDGE_CURVE('',#1581,#1581,#1318,.T.);
#2020=EDGE_CURVE('',#1582,#1582,#1319,.T.);
#2021=EDGE_CURVE('',#1583,#1584,#110,.F.);
#2022=EDGE_CURVE('',#1583,#1585,#334,.T.);
#2023=EDGE_CURVE('',#1585,#1586,#111,.T.);
#2024=EDGE_CURVE('',#1586,#1584,#335,.T.);
#2025=EDGE_CURVE('',#1587,#1588,#112,.T.);
#2026=EDGE_CURVE('',#1588,#1586,#336,.T.);
#2027=EDGE_CURVE('',#1585,#1587,#337,.T.);
#2028=EDGE_CURVE('',#1521,#1589,#338,.T.);
#2029=EDGE_CURVE('',#1589,#1590,#1320,.T.);
#2030=EDGE_CURVE('',#1590,#1591,#339,.T.);
#2031=EDGE_CURVE('',#1591,#1592,#1321,.T.);
#2032=EDGE_CURVE('',#1592,#1542,#340,.T.);
#2033=EDGE_CURVE('',#1593,#1593,#1322,.T.);
#2034=EDGE_CURVE('',#1594,#1594,#1323,.T.);
#2035=EDGE_CURVE('',#1595,#1587,#341,.T.);
#2036=EDGE_CURVE('',#1583,#1595,#342,.T.);
#2037=EDGE_CURVE('',#1584,#1596,#343,.T.);
#2038=EDGE_CURVE('',#1595,#1596,#113,.F.);
#2039=EDGE_CURVE('',#1596,#1588,#344,.T.);
#2040=EDGE_CURVE('',#1597,#1586,#114,.T.);
#2041=EDGE_CURVE('',#1597,#1598,#345,.T.);
#2042=EDGE_CURVE('',#1598,#1584,#115,.T.);
#2043=EDGE_CURVE('',#1598,#1599,#346,.T.);
#2044=EDGE_CURVE('',#1599,#1596,#116,.T.);
#2045=EDGE_CURVE('',#1599,#1600,#347,.T.);
#2046=EDGE_CURVE('',#1600,#1588,#117,.T.);
#2047=EDGE_CURVE('',#1600,#1597,#348,.T.);
#2048=EDGE_CURVE('',#1523,#1576,#349,.T.);
#2049=EDGE_CURVE('',#1574,#1601,#350,.T.);
#2050=EDGE_CURVE('',#1601,#1602,#351,.T.);
#2051=EDGE_CURVE('',#1602,#1603,#352,.T.);
#2052=EDGE_CURVE('',#1523,#1603,#353,.T.);
#2053=EDGE_CURVE('',#1604,#1604,#1324,.T.);
#2054=EDGE_CURVE('',#1589,#1603,#1325,.T.);
#2055=EDGE_CURVE('',#1590,#1605,#1326,.T.);
#2056=EDGE_CURVE('',#1605,#1603,#1327,.T.);
#2057=EDGE_CURVE('',#1591,#1606,#1328,.T.);
#2058=EDGE_CURVE('',#1606,#1605,#354,.T.);
#2059=EDGE_CURVE('',#1592,#1607,#1329,.T.);
#2060=EDGE_CURVE('',#1607,#1606,#1330,.T.);
#2061=EDGE_CURVE('',#1608,#1607,#355,.T.);
#2062=EDGE_CURVE('',#1608,#1609,#135,.T.);
#2063=EDGE_CURVE('',#1566,#1609,#356,.T.);
#2064=EDGE_CURVE('',#1602,#1610,#1331,.T.);
#2065=EDGE_CURVE('',#1605,#1610,#357,.T.);
#2066=EDGE_CURVE('',#1610,#1611,#358,.T.);
#2067=EDGE_CURVE('',#1611,#1606,#359,.T.);
#2068=EDGE_CURVE('',#1611,#1612,#1332,.T.);
#2069=EDGE_CURVE('',#1607,#1612,#360,.T.);
#2070=EDGE_CURVE('',#1613,#1613,#1333,.T.);
#2071=EDGE_CURVE('',#1613,#1614,#361,.T.);
#2072=EDGE_CURVE('',#1614,#1609,#1334,.T.);
#2073=EDGE_CURVE('',#1608,#1614,#1335,.T.);
#2074=EDGE_CURVE('',#1612,#1615,#362,.T.);
#2075=EDGE_CURVE('',#1616,#1615,#1336,.T.);
#2076=EDGE_CURVE('',#1615,#1616,#1337,.T.);
#2077=EDGE_CURVE('',#1615,#1617,#363,.T.);
#2078=EDGE_CURVE('',#1617,#1618,#364,.T.);
#2079=EDGE_CURVE('',#1619,#1618,#365,.T.);
#2080=EDGE_CURVE('',#1620,#1619,#366,.T.);
#2081=EDGE_CURVE('',#1621,#1620,#367,.T.);
#2082=EDGE_CURVE('',#1621,#1565,#368,.T.);
#2083=EDGE_CURVE('',#1622,#1622,#1338,.T.);
#2084=EDGE_CURVE('',#1562,#1623,#1339,.T.);
#2085=EDGE_CURVE('',#1617,#1562,#1340,.T.);
#2086=EDGE_CURVE('',#1624,#1617,#1341,.T.);
#2087=EDGE_CURVE('',#1623,#1624,#1342,.T.);
#2088=EDGE_CURVE('',#1625,#1612,#1343,.T.);
#2089=EDGE_CURVE('',#1624,#1625,#369,.T.);
#2090=EDGE_CURVE('',#1626,#1611,#1344,.T.);
#2091=EDGE_CURVE('',#1625,#1626,#1345,.T.);
#2092=EDGE_CURVE('',#1627,#1610,#1346,.T.);
#2093=EDGE_CURVE('',#1626,#1627,#370,.T.);
#2094=EDGE_CURVE('',#1628,#1602,#1347,.T.);
#2095=EDGE_CURVE('',#1627,#1628,#1348,.T.);
#2096=EDGE_CURVE('',#1629,#1601,#1349,.T.);
#2097=EDGE_CURVE('',#1628,#1629,#371,.T.);
#2098=EDGE_CURVE('',#1630,#1563,#1350,.T.);
#2099=EDGE_CURVE('',#1629,#1630,#1351,.T.);
#2100=EDGE_CURVE('',#1563,#1601,#1352,.T.);
#2101=EDGE_CURVE('',#1630,#1623,#372,.T.);
#2102=EDGE_CURVE('',#1618,#1561,#118,.T.);
#2103=EDGE_CURVE('',#1622,#1631,#373,.T.);
#2104=EDGE_CURVE('',#1631,#1631,#1353,.T.);
#2105=EDGE_CURVE('',#1631,#1604,#374,.T.);
#2106=EDGE_CURVE('',#1593,#1632,#375,.T.);
#2107=EDGE_CURVE('',#1632,#1632,#1354,.T.);
#2108=EDGE_CURVE('',#1632,#1633,#376,.T.);
#2109=EDGE_CURVE('',#1633,#1633,#1355,.T.);
#2110=EDGE_CURVE('',#1633,#1581,#377,.T.);
#2111=EDGE_CURVE('',#1634,#1634,#1356,.T.);
#2112=EDGE_CURVE('',#1634,#1582,#378,.T.);
#2113=EDGE_CURVE('',#1635,#1635,#1357,.T.);
#2114=EDGE_CURVE('',#1635,#1634,#379,.T.);
#2115=EDGE_CURVE('',#1594,#1635,#380,.T.);
#2116=EDGE_CURVE('',#1558,#1621,#119,.T.);
#2117=EDGE_CURVE('',#1636,#1560,#381,.T.);
#2118=EDGE_CURVE('',#1636,#1619,#382,.T.);
#2119=EDGE_CURVE('',#1559,#1637,#383,.T.);
#2120=EDGE_CURVE('',#1637,#1636,#384,.T.);
#2121=EDGE_CURVE('',#1637,#1620,#385,.T.);
#2122=EDGE_CURVE('',#1613,#1638,#386,.T.);
#2123=EDGE_CURVE('',#1638,#1638,#1358,.T.);
#2124=EDGE_CURVE('',#1639,#1639,#1359,.T.);
#2125=EDGE_CURVE('',#1639,#1640,#387,.T.);
#2126=EDGE_CURVE('',#1640,#1640,#1360,.T.);
#2127=EDGE_CURVE('',#1639,#1616,#388,.T.);
#2128=ORIENTED_EDGE('',*,*,#1641,.T.);
#2129=ORIENTED_EDGE('',*,*,#1642,.T.);
#2130=ORIENTED_EDGE('',*,*,#1643,.T.);
#2131=ORIENTED_EDGE('',*,*,#1644,.T.);
#2132=ORIENTED_EDGE('',*,*,#1645,.T.);
#2133=ORIENTED_EDGE('',*,*,#1641,.F.);
#2134=ORIENTED_EDGE('',*,*,#1646,.T.);
#2135=ORIENTED_EDGE('',*,*,#1647,.T.);
#2136=ORIENTED_EDGE('',*,*,#1648,.T.);
#2137=ORIENTED_EDGE('',*,*,#1644,.F.);
#2138=ORIENTED_EDGE('',*,*,#1649,.T.);
#2139=ORIENTED_EDGE('',*,*,#1650,.T.);
#2140=ORIENTED_EDGE('',*,*,#1651,.T.);
#2141=ORIENTED_EDGE('',*,*,#1647,.F.);
#2142=ORIENTED_EDGE('',*,*,#1652,.T.);
#2143=ORIENTED_EDGE('',*,*,#1653,.T.);
#2144=ORIENTED_EDGE('',*,*,#1654,.T.);
#2145=ORIENTED_EDGE('',*,*,#1650,.F.);
#2146=ORIENTED_EDGE('',*,*,#1655,.T.);
#2147=ORIENTED_EDGE('',*,*,#1655,.F.);
#2148=ORIENTED_EDGE('',*,*,#1656,.T.);
#2149=ORIENTED_EDGE('',*,*,#1657,.F.);
#2150=ORIENTED_EDGE('',*,*,#1658,.T.);
#2151=ORIENTED_EDGE('',*,*,#1652,.F.);
#2152=ORIENTED_EDGE('',*,*,#1649,.F.);
#2153=ORIENTED_EDGE('',*,*,#1646,.F.);
#2154=ORIENTED_EDGE('',*,*,#1659,.F.);
#2155=ORIENTED_EDGE('',*,*,#1660,.F.);
#2156=ORIENTED_EDGE('',*,*,#1661,.F.);
#2157=ORIENTED_EDGE('',*,*,#1662,.F.);
#2158=ORIENTED_EDGE('',*,*,#1656,.F.);
#2159=ORIENTED_EDGE('',*,*,#1643,.F.);
#2160=ORIENTED_EDGE('',*,*,#1663,.T.);
#2161=ORIENTED_EDGE('',*,*,#1664,.T.);
#2162=ORIENTED_EDGE('',*,*,#1659,.T.);
#2163=ORIENTED_EDGE('',*,*,#1642,.F.);
#2164=ORIENTED_EDGE('',*,*,#1665,.T.);
#2165=ORIENTED_EDGE('',*,*,#1666,.F.);
#2166=ORIENTED_EDGE('',*,*,#1667,.T.);
#2167=ORIENTED_EDGE('',*,*,#1668,.T.);
#2168=ORIENTED_EDGE('',*,*,#1669,.T.);
#2169=ORIENTED_EDGE('',*,*,#1666,.T.);
#2170=ORIENTED_EDGE('',*,*,#1670,.T.);
#2171=ORIENTED_EDGE('',*,*,#1671,.T.);
#2172=ORIENTED_EDGE('',*,*,#1668,.F.);
#2173=ORIENTED_EDGE('',*,*,#1672,.T.);
#2174=ORIENTED_EDGE('',*,*,#1673,.T.);
#2175=ORIENTED_EDGE('',*,*,#1674,.T.);
#2176=ORIENTED_EDGE('',*,*,#1670,.F.);
#2177=ORIENTED_EDGE('',*,*,#1675,.T.);
#2178=ORIENTED_EDGE('',*,*,#1676,.T.);
#2179=ORIENTED_EDGE('',*,*,#1677,.T.);
#2180=ORIENTED_EDGE('',*,*,#1673,.F.);
#2181=ORIENTED_EDGE('',*,*,#1678,.T.);
#2182=ORIENTED_EDGE('',*,*,#1679,.T.);
#2183=ORIENTED_EDGE('',*,*,#1680,.T.);
#2184=ORIENTED_EDGE('',*,*,#1676,.F.);
#2185=ORIENTED_EDGE('',*,*,#1681,.T.);
#2186=ORIENTED_EDGE('',*,*,#1654,.F.);
#2187=ORIENTED_EDGE('',*,*,#1682,.F.);
#2188=ORIENTED_EDGE('',*,*,#1681,.F.);
#2189=ORIENTED_EDGE('',*,*,#1678,.F.);
#2190=ORIENTED_EDGE('',*,*,#1683,.F.);
#2191=ORIENTED_EDGE('',*,*,#1651,.F.);
#2192=ORIENTED_EDGE('',*,*,#1648,.F.);
#2193=ORIENTED_EDGE('',*,*,#1683,.T.);
#2194=ORIENTED_EDGE('',*,*,#1675,.F.);
#2195=ORIENTED_EDGE('',*,*,#1684,.T.);
#2196=ORIENTED_EDGE('',*,*,#1645,.F.);
#2197=ORIENTED_EDGE('',*,*,#1684,.F.);
#2198=ORIENTED_EDGE('',*,*,#1672,.F.);
#2199=ORIENTED_EDGE('',*,*,#1665,.F.);
#2200=ORIENTED_EDGE('',*,*,#1669,.F.);
#2201=ORIENTED_EDGE('',*,*,#1685,.T.);
#2202=ORIENTED_EDGE('',*,*,#1686,.T.);
#2203=ORIENTED_EDGE('',*,*,#1687,.T.);
#2204=ORIENTED_EDGE('',*,*,#1688,.T.);
#2205=ORIENTED_EDGE('',*,*,#1689,.T.);
#2206=ORIENTED_EDGE('',*,*,#1690,.T.);
#2207=ORIENTED_EDGE('',*,*,#1691,.T.);
#2208=ORIENTED_EDGE('',*,*,#1692,.T.);
#2209=ORIENTED_EDGE('',*,*,#1688,.F.);
#2210=ORIENTED_EDGE('',*,*,#1693,.T.);
#2211=ORIENTED_EDGE('',*,*,#1694,.T.);
#2212=ORIENTED_EDGE('',*,*,#1695,.T.);
#2213=ORIENTED_EDGE('',*,*,#1691,.F.);
#2214=ORIENTED_EDGE('',*,*,#1696,.T.);
#2215=ORIENTED_EDGE('',*,*,#1697,.T.);
#2216=ORIENTED_EDGE('',*,*,#1698,.T.);
#2217=ORIENTED_EDGE('',*,*,#1694,.F.);
#2218=ORIENTED_EDGE('',*,*,#1699,.T.);
#2219=ORIENTED_EDGE('',*,*,#1700,.T.);
#2220=ORIENTED_EDGE('',*,*,#1701,.T.);
#2221=ORIENTED_EDGE('',*,*,#1697,.F.);
#2222=ORIENTED_EDGE('',*,*,#1702,.T.);
#2223=ORIENTED_EDGE('',*,*,#1703,.T.);
#2224=ORIENTED_EDGE('',*,*,#1704,.T.);
#2225=ORIENTED_EDGE('',*,*,#1700,.F.);
#2226=ORIENTED_EDGE('',*,*,#1705,.T.);
#2227=ORIENTED_EDGE('',*,*,#1706,.T.);
#2228=ORIENTED_EDGE('',*,*,#1707,.T.);
#2229=ORIENTED_EDGE('',*,*,#1703,.F.);
#2230=ORIENTED_EDGE('',*,*,#1708,.T.);
#2231=ORIENTED_EDGE('',*,*,#1709,.T.);
#2232=ORIENTED_EDGE('',*,*,#1710,.T.);
#2233=ORIENTED_EDGE('',*,*,#1706,.F.);
#2234=ORIENTED_EDGE('',*,*,#1711,.T.);
#2235=ORIENTED_EDGE('',*,*,#1712,.T.);
#2236=ORIENTED_EDGE('',*,*,#1713,.T.);
#2237=ORIENTED_EDGE('',*,*,#1709,.F.);
#2238=ORIENTED_EDGE('',*,*,#1712,.F.);
#2239=ORIENTED_EDGE('',*,*,#1711,.F.);
#2240=ORIENTED_EDGE('',*,*,#1714,.T.);
#2241=ORIENTED_EDGE('',*,*,#1715,.F.);
#2242=ORIENTED_EDGE('',*,*,#1716,.T.);
#2243=ORIENTED_EDGE('',*,*,#1708,.F.);
#2244=ORIENTED_EDGE('',*,*,#1717,.F.);
#2245=ORIENTED_EDGE('',*,*,#1718,.F.);
#2246=ORIENTED_EDGE('',*,*,#1714,.F.);
#2247=ORIENTED_EDGE('',*,*,#1705,.F.);
#2248=ORIENTED_EDGE('',*,*,#1719,.T.);
#2249=ORIENTED_EDGE('',*,*,#1720,.F.);
#2250=ORIENTED_EDGE('',*,*,#1717,.T.);
#2251=ORIENTED_EDGE('',*,*,#1702,.F.);
#2252=ORIENTED_EDGE('',*,*,#1721,.F.);
#2253=ORIENTED_EDGE('',*,*,#1722,.F.);
#2254=ORIENTED_EDGE('',*,*,#1719,.F.);
#2255=ORIENTED_EDGE('',*,*,#1699,.F.);
#2256=ORIENTED_EDGE('',*,*,#1723,.T.);
#2257=ORIENTED_EDGE('',*,*,#1724,.F.);
#2258=ORIENTED_EDGE('',*,*,#1721,.T.);
#2259=ORIENTED_EDGE('',*,*,#1696,.F.);
#2260=ORIENTED_EDGE('',*,*,#1725,.F.);
#2261=ORIENTED_EDGE('',*,*,#1726,.F.);
#2262=ORIENTED_EDGE('',*,*,#1723,.F.);
#2263=ORIENTED_EDGE('',*,*,#1693,.F.);
#2264=ORIENTED_EDGE('',*,*,#1690,.F.);
#2265=ORIENTED_EDGE('',*,*,#1727,.T.);
#2266=ORIENTED_EDGE('',*,*,#1728,.F.);
#2267=ORIENTED_EDGE('',*,*,#1725,.T.);
#2268=ORIENTED_EDGE('',*,*,#1729,.T.);
#2269=ORIENTED_EDGE('',*,*,#1657,.T.);
#2270=ORIENTED_EDGE('',*,*,#1730,.T.);
#2271=ORIENTED_EDGE('',*,*,#1731,.T.);
#2272=ORIENTED_EDGE('',*,*,#1732,.T.);
#2273=ORIENTED_EDGE('',*,*,#1729,.F.);
#2274=ORIENTED_EDGE('',*,*,#1733,.T.);
#2275=ORIENTED_EDGE('',*,*,#1734,.T.);
#2276=ORIENTED_EDGE('',*,*,#1735,.T.);
#2277=ORIENTED_EDGE('',*,*,#1731,.F.);
#2278=ORIENTED_EDGE('',*,*,#1736,.T.);
#2279=ORIENTED_EDGE('',*,*,#1737,.T.);
#2280=ORIENTED_EDGE('',*,*,#1738,.T.);
#2281=ORIENTED_EDGE('',*,*,#1734,.F.);
#2282=ORIENTED_EDGE('',*,*,#1739,.T.);
#2283=ORIENTED_EDGE('',*,*,#1740,.T.);
#2284=ORIENTED_EDGE('',*,*,#1741,.T.);
#2285=ORIENTED_EDGE('',*,*,#1737,.F.);
#2286=ORIENTED_EDGE('',*,*,#1742,.T.);
#2287=ORIENTED_EDGE('',*,*,#1743,.T.);
#2288=ORIENTED_EDGE('',*,*,#1744,.T.);
#2289=ORIENTED_EDGE('',*,*,#1740,.F.);
#2290=ORIENTED_EDGE('',*,*,#1745,.T.);
#2291=ORIENTED_EDGE('',*,*,#1746,.T.);
#2292=ORIENTED_EDGE('',*,*,#1747,.T.);
#2293=ORIENTED_EDGE('',*,*,#1743,.F.);
#2294=ORIENTED_EDGE('',*,*,#1748,.T.);
#2295=ORIENTED_EDGE('',*,*,#1749,.T.);
#2296=ORIENTED_EDGE('',*,*,#1750,.T.);
#2297=ORIENTED_EDGE('',*,*,#1751,.T.);
#2298=ORIENTED_EDGE('',*,*,#1752,.T.);
#2299=ORIENTED_EDGE('',*,*,#1751,.F.);
#2300=ORIENTED_EDGE('',*,*,#1753,.T.);
#2301=ORIENTED_EDGE('',*,*,#1754,.T.);
#2302=ORIENTED_EDGE('',*,*,#1749,.F.);
#2303=ORIENTED_EDGE('',*,*,#1755,.T.);
#2304=ORIENTED_EDGE('',*,*,#1746,.F.);
#2305=ORIENTED_EDGE('',*,*,#1756,.T.);
#2306=ORIENTED_EDGE('',*,*,#1710,.F.);
#2307=ORIENTED_EDGE('',*,*,#1757,.F.);
#2308=ORIENTED_EDGE('',*,*,#1679,.F.);
#2309=ORIENTED_EDGE('',*,*,#1682,.T.);
#2310=ORIENTED_EDGE('',*,*,#1653,.F.);
#2311=ORIENTED_EDGE('',*,*,#1658,.F.);
#2312=ORIENTED_EDGE('',*,*,#1732,.F.);
#2313=ORIENTED_EDGE('',*,*,#1735,.F.);
#2314=ORIENTED_EDGE('',*,*,#1738,.F.);
#2315=ORIENTED_EDGE('',*,*,#1741,.F.);
#2316=ORIENTED_EDGE('',*,*,#1744,.F.);
#2317=ORIENTED_EDGE('',*,*,#1747,.F.);
#2318=ORIENTED_EDGE('',*,*,#1758,.F.);
#2319=ORIENTED_EDGE('',*,*,#1759,.F.);
#2320=ORIENTED_EDGE('',*,*,#1760,.F.);
#2321=ORIENTED_EDGE('',*,*,#1761,.F.);
#2322=ORIENTED_EDGE('',*,*,#1762,.F.);
#2323=ORIENTED_EDGE('',*,*,#1692,.F.);
#2324=ORIENTED_EDGE('',*,*,#1695,.F.);
#2325=ORIENTED_EDGE('',*,*,#1698,.F.);
#2326=ORIENTED_EDGE('',*,*,#1701,.F.);
#2327=ORIENTED_EDGE('',*,*,#1704,.F.);
#2328=ORIENTED_EDGE('',*,*,#1707,.F.);
#2329=ORIENTED_EDGE('',*,*,#1763,.F.);
#2330=ORIENTED_EDGE('',*,*,#1764,.F.);
#2331=ORIENTED_EDGE('',*,*,#1755,.F.);
#2332=ORIENTED_EDGE('',*,*,#1765,.T.);
#2333=ORIENTED_EDGE('',*,*,#1766,.T.);
#2334=ORIENTED_EDGE('',*,*,#1767,.F.);
#2335=ORIENTED_EDGE('',*,*,#1768,.T.);
#2336=ORIENTED_EDGE('',*,*,#1769,.F.);
#2337=ORIENTED_EDGE('',*,*,#1758,.T.);
#2338=ORIENTED_EDGE('',*,*,#1752,.F.);
#2339=ORIENTED_EDGE('',*,*,#1770,.T.);
#2340=ORIENTED_EDGE('',*,*,#1771,.T.);
#2341=ORIENTED_EDGE('',*,*,#1765,.F.);
#2342=ORIENTED_EDGE('',*,*,#1754,.F.);
#2343=ORIENTED_EDGE('',*,*,#1772,.T.);
#2344=ORIENTED_EDGE('',*,*,#1770,.F.);
#2345=ORIENTED_EDGE('',*,*,#1773,.T.);
#2346=ORIENTED_EDGE('',*,*,#1774,.T.);
#2347=ORIENTED_EDGE('',*,*,#1775,.T.);
#2348=ORIENTED_EDGE('',*,*,#1776,.T.);
#2349=ORIENTED_EDGE('',*,*,#1775,.F.);
#2350=ORIENTED_EDGE('',*,*,#1777,.T.);
#2351=ORIENTED_EDGE('',*,*,#1664,.F.);
#2352=ORIENTED_EDGE('',*,*,#1686,.F.);
#2353=ORIENTED_EDGE('',*,*,#1778,.T.);
#2354=ORIENTED_EDGE('',*,*,#1773,.F.);
#2355=ORIENTED_EDGE('',*,*,#1777,.F.);
#2356=ORIENTED_EDGE('',*,*,#1779,.T.);
#2357=ORIENTED_EDGE('',*,*,#1780,.F.);
#2358=ORIENTED_EDGE('',*,*,#1660,.T.);
#2359=ORIENTED_EDGE('',*,*,#1774,.F.);
#2360=ORIENTED_EDGE('',*,*,#1781,.F.);
#2361=ORIENTED_EDGE('',*,*,#1782,.F.);
#2362=ORIENTED_EDGE('',*,*,#1779,.F.);
#2363=ORIENTED_EDGE('',*,*,#1687,.F.);
#2364=ORIENTED_EDGE('',*,*,#1776,.F.);
#2365=ORIENTED_EDGE('',*,*,#1663,.F.);
#2366=ORIENTED_EDGE('',*,*,#1667,.F.);
#2367=ORIENTED_EDGE('',*,*,#1783,.T.);
#2368=ORIENTED_EDGE('',*,*,#1661,.T.);
#2369=ORIENTED_EDGE('',*,*,#1784,.T.);
#2370=ORIENTED_EDGE('',*,*,#1785,.T.);
#2371=ORIENTED_EDGE('',*,*,#1786,.T.);
#2372=ORIENTED_EDGE('',*,*,#1787,.T.);
#2373=ORIENTED_EDGE('',*,*,#1783,.F.);
#2374=ORIENTED_EDGE('',*,*,#1788,.T.);
#2375=ORIENTED_EDGE('',*,*,#1789,.T.);
#2376=ORIENTED_EDGE('',*,*,#1790,.T.);
#2377=ORIENTED_EDGE('',*,*,#1786,.F.);
#2378=ORIENTED_EDGE('',*,*,#1791,.T.);
#2379=ORIENTED_EDGE('',*,*,#1792,.T.);
#2380=ORIENTED_EDGE('',*,*,#1793,.T.);
#2381=ORIENTED_EDGE('',*,*,#1789,.F.);
#2382=ORIENTED_EDGE('',*,*,#1794,.T.);
#2383=ORIENTED_EDGE('',*,*,#1795,.T.);
#2384=ORIENTED_EDGE('',*,*,#1796,.T.);
#2385=ORIENTED_EDGE('',*,*,#1792,.F.);
#2386=ORIENTED_EDGE('',*,*,#1797,.T.);
#2387=ORIENTED_EDGE('',*,*,#1798,.T.);
#2388=ORIENTED_EDGE('',*,*,#1799,.T.);
#2389=ORIENTED_EDGE('',*,*,#1795,.F.);
#2390=ORIENTED_EDGE('',*,*,#1800,.T.);
#2391=ORIENTED_EDGE('',*,*,#1801,.T.);
#2392=ORIENTED_EDGE('',*,*,#1802,.T.);
#2393=ORIENTED_EDGE('',*,*,#1798,.F.);
#2394=ORIENTED_EDGE('',*,*,#1803,.T.);
#2395=ORIENTED_EDGE('',*,*,#1804,.T.);
#2396=ORIENTED_EDGE('',*,*,#1805,.T.);
#2397=ORIENTED_EDGE('',*,*,#1801,.F.);
#2398=ORIENTED_EDGE('',*,*,#1806,.T.);
#2399=ORIENTED_EDGE('',*,*,#1807,.T.);
#2400=ORIENTED_EDGE('',*,*,#1808,.T.);
#2401=ORIENTED_EDGE('',*,*,#1809,.T.);
#2402=ORIENTED_EDGE('',*,*,#1728,.T.);
#2403=ORIENTED_EDGE('',*,*,#1810,.T.);
#2404=ORIENTED_EDGE('',*,*,#1726,.T.);
#2405=ORIENTED_EDGE('',*,*,#1809,.F.);
#2406=ORIENTED_EDGE('',*,*,#1811,.T.);
#2407=ORIENTED_EDGE('',*,*,#1812,.T.);
#2408=ORIENTED_EDGE('',*,*,#1724,.T.);
#2409=ORIENTED_EDGE('',*,*,#1810,.F.);
#2410=ORIENTED_EDGE('',*,*,#1813,.T.);
#2411=ORIENTED_EDGE('',*,*,#1814,.T.);
#2412=ORIENTED_EDGE('',*,*,#1722,.T.);
#2413=ORIENTED_EDGE('',*,*,#1812,.F.);
#2414=ORIENTED_EDGE('',*,*,#1815,.T.);
#2415=ORIENTED_EDGE('',*,*,#1816,.T.);
#2416=ORIENTED_EDGE('',*,*,#1720,.T.);
#2417=ORIENTED_EDGE('',*,*,#1814,.F.);
#2418=ORIENTED_EDGE('',*,*,#1817,.T.);
#2419=ORIENTED_EDGE('',*,*,#1818,.T.);
#2420=ORIENTED_EDGE('',*,*,#1718,.T.);
#2421=ORIENTED_EDGE('',*,*,#1816,.F.);
#2422=ORIENTED_EDGE('',*,*,#1819,.T.);
#2423=ORIENTED_EDGE('',*,*,#1820,.T.);
#2424=ORIENTED_EDGE('',*,*,#1715,.T.);
#2425=ORIENTED_EDGE('',*,*,#1818,.F.);
#2426=ORIENTED_EDGE('',*,*,#1821,.T.);
#2427=ORIENTED_EDGE('',*,*,#1822,.T.);
#2428=ORIENTED_EDGE('',*,*,#1823,.T.);
#2429=ORIENTED_EDGE('',*,*,#1820,.F.);
#2430=ORIENTED_EDGE('',*,*,#1824,.T.);
#2431=ORIENTED_EDGE('',*,*,#1807,.F.);
#2432=ORIENTED_EDGE('',*,*,#1825,.T.);
#2433=ORIENTED_EDGE('',*,*,#1804,.F.);
#2434=ORIENTED_EDGE('',*,*,#1826,.T.);
#2435=ORIENTED_EDGE('',*,*,#1827,.T.);
#2436=ORIENTED_EDGE('',*,*,#1782,.T.);
#2437=ORIENTED_EDGE('',*,*,#1828,.T.);
#2438=ORIENTED_EDGE('',*,*,#1829,.T.);
#2439=ORIENTED_EDGE('',*,*,#1828,.F.);
#2440=ORIENTED_EDGE('',*,*,#1830,.T.);
#2441=ORIENTED_EDGE('',*,*,#1822,.F.);
#2442=ORIENTED_EDGE('',*,*,#1784,.F.);
#2443=ORIENTED_EDGE('',*,*,#1780,.T.);
#2444=ORIENTED_EDGE('',*,*,#1827,.F.);
#2445=ORIENTED_EDGE('',*,*,#1677,.F.);
#2446=ORIENTED_EDGE('',*,*,#1831,.F.);
#2447=ORIENTED_EDGE('',*,*,#1716,.F.);
#2448=ORIENTED_EDGE('',*,*,#1823,.F.);
#2449=ORIENTED_EDGE('',*,*,#1832,.F.);
#2450=ORIENTED_EDGE('',*,*,#1685,.F.);
#2451=ORIENTED_EDGE('',*,*,#1671,.F.);
#2452=ORIENTED_EDGE('',*,*,#1674,.F.);
#2453=ORIENTED_EDGE('',*,*,#1778,.F.);
#2454=ORIENTED_EDGE('',*,*,#1832,.T.);
#2455=ORIENTED_EDGE('',*,*,#1830,.F.);
#2456=ORIENTED_EDGE('',*,*,#1781,.T.);
#2457=ORIENTED_EDGE('',*,*,#1808,.F.);
#2458=ORIENTED_EDGE('',*,*,#1826,.F.);
#2459=ORIENTED_EDGE('',*,*,#1806,.F.);
#2460=ORIENTED_EDGE('',*,*,#1803,.F.);
#2461=ORIENTED_EDGE('',*,*,#1800,.F.);
#2462=ORIENTED_EDGE('',*,*,#1797,.F.);
#2463=ORIENTED_EDGE('',*,*,#1794,.F.);
#2464=ORIENTED_EDGE('',*,*,#1791,.F.);
#2465=ORIENTED_EDGE('',*,*,#1788,.F.);
#2466=ORIENTED_EDGE('',*,*,#1785,.F.);
#2467=ORIENTED_EDGE('',*,*,#1829,.F.);
#2468=ORIENTED_EDGE('',*,*,#1824,.F.);
#2469=ORIENTED_EDGE('',*,*,#1821,.F.);
#2470=ORIENTED_EDGE('',*,*,#1819,.F.);
#2471=ORIENTED_EDGE('',*,*,#1817,.F.);
#2472=ORIENTED_EDGE('',*,*,#1815,.F.);
#2473=ORIENTED_EDGE('',*,*,#1813,.F.);
#2474=ORIENTED_EDGE('',*,*,#1811,.F.);
#2475=ORIENTED_EDGE('',*,*,#1833,.F.);
#2476=ORIENTED_EDGE('',*,*,#1834,.F.);
#2477=ORIENTED_EDGE('',*,*,#1680,.F.);
#2478=ORIENTED_EDGE('',*,*,#1757,.T.);
#2479=ORIENTED_EDGE('',*,*,#1713,.F.);
#2480=ORIENTED_EDGE('',*,*,#1831,.T.);
#2481=ORIENTED_EDGE('',*,*,#1730,.F.);
#2482=ORIENTED_EDGE('',*,*,#1662,.T.);
#2483=ORIENTED_EDGE('',*,*,#1787,.F.);
#2484=ORIENTED_EDGE('',*,*,#1835,.T.);
#2485=ORIENTED_EDGE('',*,*,#1733,.F.);
#2486=ORIENTED_EDGE('',*,*,#1736,.F.);
#2487=ORIENTED_EDGE('',*,*,#1835,.F.);
#2488=ORIENTED_EDGE('',*,*,#1790,.F.);
#2489=ORIENTED_EDGE('',*,*,#1836,.F.);
#2490=ORIENTED_EDGE('',*,*,#1825,.F.);
#2491=ORIENTED_EDGE('',*,*,#1727,.F.);
#2492=ORIENTED_EDGE('',*,*,#1837,.T.);
#2493=ORIENTED_EDGE('',*,*,#1838,.F.);
#2494=ORIENTED_EDGE('',*,*,#1839,.F.);
#2495=ORIENTED_EDGE('',*,*,#1840,.F.);
#2496=ORIENTED_EDGE('',*,*,#1841,.T.);
#2497=ORIENTED_EDGE('',*,*,#1689,.F.);
#2498=ORIENTED_EDGE('',*,*,#1762,.T.);
#2499=ORIENTED_EDGE('',*,*,#1842,.T.);
#2500=ORIENTED_EDGE('',*,*,#1837,.F.);
#2501=ORIENTED_EDGE('',*,*,#1843,.T.);
#2502=ORIENTED_EDGE('',*,*,#1844,.T.);
#2503=ORIENTED_EDGE('',*,*,#1842,.F.);
#2504=ORIENTED_EDGE('',*,*,#1761,.T.);
#2505=ORIENTED_EDGE('',*,*,#1845,.T.);
#2506=ORIENTED_EDGE('',*,*,#1846,.T.);
#2507=ORIENTED_EDGE('',*,*,#1843,.F.);
#2508=ORIENTED_EDGE('',*,*,#1760,.T.);
#2509=ORIENTED_EDGE('',*,*,#1769,.T.);
#2510=ORIENTED_EDGE('',*,*,#1847,.T.);
#2511=ORIENTED_EDGE('',*,*,#1845,.F.);
#2512=ORIENTED_EDGE('',*,*,#1759,.T.);
#2513=ORIENTED_EDGE('',*,*,#1844,.F.);
#2514=ORIENTED_EDGE('',*,*,#1848,.T.);
#2515=ORIENTED_EDGE('',*,*,#1849,.F.);
#2516=ORIENTED_EDGE('',*,*,#1838,.T.);
#2517=ORIENTED_EDGE('',*,*,#1846,.F.);
#2518=ORIENTED_EDGE('',*,*,#1850,.F.);
#2519=ORIENTED_EDGE('',*,*,#1851,.F.);
#2520=ORIENTED_EDGE('',*,*,#1848,.F.);
#2521=ORIENTED_EDGE('',*,*,#1847,.F.);
#2522=ORIENTED_EDGE('',*,*,#1852,.T.);
#2523=ORIENTED_EDGE('',*,*,#1853,.F.);
#2524=ORIENTED_EDGE('',*,*,#1850,.T.);
#2525=ORIENTED_EDGE('',*,*,#1854,.F.);
#2526=ORIENTED_EDGE('',*,*,#1855,.T.);
#2527=ORIENTED_EDGE('',*,*,#1856,.F.);
#2528=ORIENTED_EDGE('',*,*,#1767,.T.);
#2529=ORIENTED_EDGE('',*,*,#1857,.F.);
#2530=ORIENTED_EDGE('',*,*,#1855,.F.);
#2531=ORIENTED_EDGE('',*,*,#1768,.F.);
#2532=ORIENTED_EDGE('',*,*,#1856,.T.);
#2533=ORIENTED_EDGE('',*,*,#1857,.T.);
#2534=ORIENTED_EDGE('',*,*,#1766,.F.);
#2535=ORIENTED_EDGE('',*,*,#1771,.F.);
#2536=ORIENTED_EDGE('',*,*,#1858,.F.);
#2537=ORIENTED_EDGE('',*,*,#1859,.T.);
#2538=ORIENTED_EDGE('',*,*,#1860,.T.);
#2539=ORIENTED_EDGE('',*,*,#1861,.T.);
#2540=ORIENTED_EDGE('',*,*,#1862,.F.);
#2541=ORIENTED_EDGE('',*,*,#1863,.F.);
#2542=ORIENTED_EDGE('',*,*,#1864,.T.);
#2543=ORIENTED_EDGE('',*,*,#1865,.T.);
#2544=ORIENTED_EDGE('',*,*,#1866,.F.);
#2545=ORIENTED_EDGE('',*,*,#1852,.F.);
#2546=ORIENTED_EDGE('',*,*,#1867,.F.);
#2547=ORIENTED_EDGE('',*,*,#1868,.T.);
#2548=ORIENTED_EDGE('',*,*,#1869,.T.);
#2549=ORIENTED_EDGE('',*,*,#1870,.T.);
#2550=ORIENTED_EDGE('',*,*,#1871,.T.);
#2551=ORIENTED_EDGE('',*,*,#1872,.T.);
#2552=ORIENTED_EDGE('',*,*,#1866,.T.);
#2553=ORIENTED_EDGE('',*,*,#1863,.T.);
#2554=ORIENTED_EDGE('',*,*,#1870,.F.);
#2555=ORIENTED_EDGE('',*,*,#1873,.T.);
#2556=ORIENTED_EDGE('',*,*,#1874,.T.);
#2557=ORIENTED_EDGE('',*,*,#1853,.T.);
#2558=ORIENTED_EDGE('',*,*,#1872,.F.);
#2559=ORIENTED_EDGE('',*,*,#1875,.T.);
#2560=ORIENTED_EDGE('',*,*,#1876,.T.);
#2561=ORIENTED_EDGE('',*,*,#1851,.T.);
#2562=ORIENTED_EDGE('',*,*,#1874,.F.);
#2563=ORIENTED_EDGE('',*,*,#1877,.T.);
#2564=ORIENTED_EDGE('',*,*,#1878,.T.);
#2565=ORIENTED_EDGE('',*,*,#1849,.T.);
#2566=ORIENTED_EDGE('',*,*,#1876,.F.);
#2567=ORIENTED_EDGE('',*,*,#1879,.T.);
#2568=ORIENTED_EDGE('',*,*,#1880,.T.);
#2569=ORIENTED_EDGE('',*,*,#1839,.T.);
#2570=ORIENTED_EDGE('',*,*,#1878,.F.);
#2571=ORIENTED_EDGE('',*,*,#1881,.T.);
#2572=ORIENTED_EDGE('',*,*,#1882,.T.);
#2573=ORIENTED_EDGE('',*,*,#1883,.T.);
#2574=ORIENTED_EDGE('',*,*,#1880,.F.);
#2575=ORIENTED_EDGE('',*,*,#1884,.T.);
#2576=ORIENTED_EDGE('',*,*,#1882,.F.);
#2577=ORIENTED_EDGE('',*,*,#1885,.T.);
#2578=ORIENTED_EDGE('',*,*,#1868,.F.);
#2579=ORIENTED_EDGE('',*,*,#1886,.T.);
#2580=ORIENTED_EDGE('',*,*,#1805,.F.);
#2581=ORIENTED_EDGE('',*,*,#1840,.T.);
#2582=ORIENTED_EDGE('',*,*,#1883,.F.);
#2583=ORIENTED_EDGE('',*,*,#1887,.T.);
#2584=ORIENTED_EDGE('',*,*,#1748,.F.);
#2585=ORIENTED_EDGE('',*,*,#1888,.F.);
#2586=ORIENTED_EDGE('',*,*,#1802,.F.);
#2587=ORIENTED_EDGE('',*,*,#1887,.F.);
#2588=ORIENTED_EDGE('',*,*,#1886,.F.);
#2589=ORIENTED_EDGE('',*,*,#1889,.F.);
#2590=ORIENTED_EDGE('',*,*,#1890,.F.);
#2591=ORIENTED_EDGE('',*,*,#1891,.T.);
#2592=ORIENTED_EDGE('',*,*,#1892,.F.);
#2593=ORIENTED_EDGE('',*,*,#1893,.F.);
#2594=ORIENTED_EDGE('',*,*,#1753,.F.);
#2595=ORIENTED_EDGE('',*,*,#1750,.F.);
#2596=ORIENTED_EDGE('',*,*,#1756,.F.);
#2597=ORIENTED_EDGE('',*,*,#1871,.F.);
#2598=ORIENTED_EDGE('',*,*,#1862,.T.);
#2599=ORIENTED_EDGE('',*,*,#1894,.T.);
#2600=ORIENTED_EDGE('',*,*,#1889,.T.);
#2601=ORIENTED_EDGE('',*,*,#1869,.F.);
#2602=ORIENTED_EDGE('',*,*,#1885,.F.);
#2603=ORIENTED_EDGE('',*,*,#1884,.F.);
#2604=ORIENTED_EDGE('',*,*,#1881,.F.);
#2605=ORIENTED_EDGE('',*,*,#1879,.F.);
#2606=ORIENTED_EDGE('',*,*,#1877,.F.);
#2607=ORIENTED_EDGE('',*,*,#1875,.F.);
#2608=ORIENTED_EDGE('',*,*,#1873,.F.);
#2609=ORIENTED_EDGE('',*,*,#1867,.T.);
#2610=ORIENTED_EDGE('',*,*,#1895,.T.);
#2611=ORIENTED_EDGE('',*,*,#1896,.T.);
#2612=ORIENTED_EDGE('',*,*,#1895,.F.);
#2613=ORIENTED_EDGE('',*,*,#1896,.F.);
#2614=ORIENTED_EDGE('',*,*,#1897,.T.);
#2615=ORIENTED_EDGE('',*,*,#1841,.F.);
#2616=ORIENTED_EDGE('',*,*,#1897,.F.);
#2617=ORIENTED_EDGE('',*,*,#1764,.T.);
#2618=ORIENTED_EDGE('',*,*,#1898,.T.);
#2619=ORIENTED_EDGE('',*,*,#1899,.T.);
#2620=ORIENTED_EDGE('',*,*,#1898,.F.);
#2621=ORIENTED_EDGE('',*,*,#1899,.F.);
#2622=ORIENTED_EDGE('',*,*,#1900,.T.);
#2623=ORIENTED_EDGE('',*,*,#1901,.F.);
#2624=ORIENTED_EDGE('',*,*,#1900,.F.);
#2625=ORIENTED_EDGE('',*,*,#1901,.T.);
#2626=ORIENTED_EDGE('',*,*,#1902,.T.);
#2627=ORIENTED_EDGE('',*,*,#1833,.T.);
#2628=ORIENTED_EDGE('',*,*,#1902,.F.);
#2629=ORIENTED_EDGE('',*,*,#1903,.T.);
#2630=ORIENTED_EDGE('',*,*,#1904,.T.);
#2631=ORIENTED_EDGE('',*,*,#1834,.T.);
#2632=ORIENTED_EDGE('',*,*,#1904,.F.);
#2633=ORIENTED_EDGE('',*,*,#1905,.F.);
#2634=ORIENTED_EDGE('',*,*,#1906,.T.);
#2635=ORIENTED_EDGE('',*,*,#1903,.F.);
#2636=ORIENTED_EDGE('',*,*,#1906,.F.);
#2637=ORIENTED_EDGE('',*,*,#1763,.T.);
#2638=ORIENTED_EDGE('',*,*,#1907,.T.);
#2639=ORIENTED_EDGE('',*,*,#1905,.T.);
#2640=ORIENTED_EDGE('',*,*,#1907,.F.);
#2641=ORIENTED_EDGE('',*,*,#1772,.F.);
#2642=ORIENTED_EDGE('',*,*,#1893,.T.);
#2643=ORIENTED_EDGE('',*,*,#1908,.T.);
#2644=ORIENTED_EDGE('',*,*,#1858,.T.);
#2645=ORIENTED_EDGE('',*,*,#1745,.F.);
#2646=ORIENTED_EDGE('',*,*,#1909,.T.);
#2647=ORIENTED_EDGE('',*,*,#1799,.F.);
#2648=ORIENTED_EDGE('',*,*,#1888,.T.);
#2649=ORIENTED_EDGE('',*,*,#1739,.F.);
#2650=ORIENTED_EDGE('',*,*,#1836,.T.);
#2651=ORIENTED_EDGE('',*,*,#1793,.F.);
#2652=ORIENTED_EDGE('',*,*,#1910,.T.);
#2653=ORIENTED_EDGE('',*,*,#1742,.F.);
#2654=ORIENTED_EDGE('',*,*,#1910,.F.);
#2655=ORIENTED_EDGE('',*,*,#1796,.F.);
#2656=ORIENTED_EDGE('',*,*,#1909,.F.);
#2657=ORIENTED_EDGE('',*,*,#1894,.F.);
#2658=ORIENTED_EDGE('',*,*,#1861,.F.);
#2659=ORIENTED_EDGE('',*,*,#1911,.F.);
#2660=ORIENTED_EDGE('',*,*,#1912,.T.);
#2661=ORIENTED_EDGE('',*,*,#1890,.T.);
#2662=ORIENTED_EDGE('',*,*,#1912,.F.);
#2663=ORIENTED_EDGE('',*,*,#1913,.F.);
#2664=ORIENTED_EDGE('',*,*,#1914,.F.);
#2665=ORIENTED_EDGE('',*,*,#1891,.F.);
#2666=ORIENTED_EDGE('',*,*,#1911,.T.);
#2667=ORIENTED_EDGE('',*,*,#1860,.F.);
#2668=ORIENTED_EDGE('',*,*,#1915,.F.);
#2669=ORIENTED_EDGE('',*,*,#1913,.T.);
#2670=ORIENTED_EDGE('',*,*,#1908,.F.);
#2671=ORIENTED_EDGE('',*,*,#1892,.T.);
#2672=ORIENTED_EDGE('',*,*,#1914,.T.);
#2673=ORIENTED_EDGE('',*,*,#1915,.T.);
#2674=ORIENTED_EDGE('',*,*,#1859,.F.);
#2675=ORIENTED_EDGE('',*,*,#1854,.T.);
#2676=ORIENTED_EDGE('',*,*,#1916,.T.);
#2677=ORIENTED_EDGE('',*,*,#1917,.T.);
#2678=ORIENTED_EDGE('',*,*,#1916,.F.);
#2679=ORIENTED_EDGE('',*,*,#1917,.F.);
#2680=ORIENTED_EDGE('',*,*,#1918,.T.);
#2681=ORIENTED_EDGE('',*,*,#1919,.T.);
#2682=ORIENTED_EDGE('',*,*,#1920,.T.);
#2683=ORIENTED_EDGE('',*,*,#1919,.F.);
#2684=ORIENTED_EDGE('',*,*,#1918,.F.);
#2685=ORIENTED_EDGE('',*,*,#1921,.T.);
#2686=ORIENTED_EDGE('',*,*,#1864,.F.);
#2687=ORIENTED_EDGE('',*,*,#1865,.F.);
#2688=ORIENTED_EDGE('',*,*,#1921,.F.);
#2689=ORIENTED_EDGE('',*,*,#1920,.F.);
#2690=ORIENTED_EDGE('',*,*,#1922,.T.);
#2691=ORIENTED_EDGE('',*,*,#1923,.T.);
#2692=ORIENTED_EDGE('',*,*,#1924,.T.);
#2693=ORIENTED_EDGE('',*,*,#1925,.T.);
#2694=ORIENTED_EDGE('',*,*,#1926,.T.);
#2695=ORIENTED_EDGE('',*,*,#1922,.F.);
#2696=ORIENTED_EDGE('',*,*,#1927,.T.);
#2697=ORIENTED_EDGE('',*,*,#1928,.T.);
#2698=ORIENTED_EDGE('',*,*,#1929,.T.);
#2699=ORIENTED_EDGE('',*,*,#1925,.F.);
#2700=ORIENTED_EDGE('',*,*,#1930,.T.);
#2701=ORIENTED_EDGE('',*,*,#1931,.T.);
#2702=ORIENTED_EDGE('',*,*,#1932,.T.);
#2703=ORIENTED_EDGE('',*,*,#1928,.F.);
#2704=ORIENTED_EDGE('',*,*,#1933,.T.);
#2705=ORIENTED_EDGE('',*,*,#1934,.T.);
#2706=ORIENTED_EDGE('',*,*,#1935,.T.);
#2707=ORIENTED_EDGE('',*,*,#1931,.F.);
#2708=ORIENTED_EDGE('',*,*,#1936,.T.);
#2709=ORIENTED_EDGE('',*,*,#1937,.T.);
#2710=ORIENTED_EDGE('',*,*,#1938,.T.);
#2711=ORIENTED_EDGE('',*,*,#1934,.F.);
#2712=ORIENTED_EDGE('',*,*,#1939,.T.);
#2713=ORIENTED_EDGE('',*,*,#1940,.T.);
#2714=ORIENTED_EDGE('',*,*,#1941,.T.);
#2715=ORIENTED_EDGE('',*,*,#1937,.F.);
#2716=ORIENTED_EDGE('',*,*,#1942,.T.);
#2717=ORIENTED_EDGE('',*,*,#1943,.T.);
#2718=ORIENTED_EDGE('',*,*,#1944,.T.);
#2719=ORIENTED_EDGE('',*,*,#1940,.F.);
#2720=ORIENTED_EDGE('',*,*,#1945,.T.);
#2721=ORIENTED_EDGE('',*,*,#1946,.T.);
#2722=ORIENTED_EDGE('',*,*,#1947,.T.);
#2723=ORIENTED_EDGE('',*,*,#1943,.F.);
#2724=ORIENTED_EDGE('',*,*,#1948,.T.);
#2725=ORIENTED_EDGE('',*,*,#1949,.T.);
#2726=ORIENTED_EDGE('',*,*,#1950,.T.);
#2727=ORIENTED_EDGE('',*,*,#1946,.F.);
#2728=ORIENTED_EDGE('',*,*,#1951,.T.);
#2729=ORIENTED_EDGE('',*,*,#1952,.T.);
#2730=ORIENTED_EDGE('',*,*,#1953,.T.);
#2731=ORIENTED_EDGE('',*,*,#1949,.F.);
#2732=ORIENTED_EDGE('',*,*,#1954,.T.);
#2733=ORIENTED_EDGE('',*,*,#1955,.T.);
#2734=ORIENTED_EDGE('',*,*,#1956,.T.);
#2735=ORIENTED_EDGE('',*,*,#1957,.T.);
#2736=ORIENTED_EDGE('',*,*,#1958,.T.);
#2737=ORIENTED_EDGE('',*,*,#1957,.F.);
#2738=ORIENTED_EDGE('',*,*,#1959,.T.);
#2739=ORIENTED_EDGE('',*,*,#1960,.T.);
#2740=ORIENTED_EDGE('',*,*,#1955,.F.);
#2741=ORIENTED_EDGE('',*,*,#1961,.T.);
#2742=ORIENTED_EDGE('',*,*,#1952,.F.);
#2743=ORIENTED_EDGE('',*,*,#1962,.T.);
#2744=ORIENTED_EDGE('',*,*,#1929,.F.);
#2745=ORIENTED_EDGE('',*,*,#1963,.T.);
#2746=ORIENTED_EDGE('',*,*,#1964,.F.);
#2747=ORIENTED_EDGE('',*,*,#1965,.T.);
#2748=ORIENTED_EDGE('',*,*,#1932,.F.);
#2749=ORIENTED_EDGE('',*,*,#1966,.F.);
#2750=ORIENTED_EDGE('',*,*,#1967,.F.);
#2751=ORIENTED_EDGE('',*,*,#1963,.F.);
#2752=ORIENTED_EDGE('',*,*,#1935,.F.);
#2753=ORIENTED_EDGE('',*,*,#1968,.T.);
#2754=ORIENTED_EDGE('',*,*,#1969,.F.);
#2755=ORIENTED_EDGE('',*,*,#1966,.T.);
#2756=ORIENTED_EDGE('',*,*,#1938,.F.);
#2757=ORIENTED_EDGE('',*,*,#1970,.F.);
#2758=ORIENTED_EDGE('',*,*,#1971,.F.);
#2759=ORIENTED_EDGE('',*,*,#1968,.F.);
#2760=ORIENTED_EDGE('',*,*,#1941,.F.);
#2761=ORIENTED_EDGE('',*,*,#1972,.T.);
#2762=ORIENTED_EDGE('',*,*,#1973,.F.);
#2763=ORIENTED_EDGE('',*,*,#1970,.T.);
#2764=ORIENTED_EDGE('',*,*,#1944,.F.);
#2765=ORIENTED_EDGE('',*,*,#1974,.F.);
#2766=ORIENTED_EDGE('',*,*,#1975,.F.);
#2767=ORIENTED_EDGE('',*,*,#1972,.F.);
#2768=ORIENTED_EDGE('',*,*,#1947,.F.);
#2769=ORIENTED_EDGE('',*,*,#1976,.T.);
#2770=ORIENTED_EDGE('',*,*,#1977,.F.);
#2771=ORIENTED_EDGE('',*,*,#1974,.T.);
#2772=ORIENTED_EDGE('',*,*,#1950,.F.);
#2773=ORIENTED_EDGE('',*,*,#1978,.F.);
#2774=ORIENTED_EDGE('',*,*,#1979,.F.);
#2775=ORIENTED_EDGE('',*,*,#1976,.F.);
#2776=ORIENTED_EDGE('',*,*,#1953,.F.);
#2777=ORIENTED_EDGE('',*,*,#1961,.F.);
#2778=ORIENTED_EDGE('',*,*,#1958,.F.);
#2779=ORIENTED_EDGE('',*,*,#1960,.F.);
#2780=ORIENTED_EDGE('',*,*,#1980,.T.);
#2781=ORIENTED_EDGE('',*,*,#1981,.T.);
#2782=ORIENTED_EDGE('',*,*,#1982,.F.);
#2783=ORIENTED_EDGE('',*,*,#1983,.T.);
#2784=ORIENTED_EDGE('',*,*,#1984,.T.);
#2785=ORIENTED_EDGE('',*,*,#1985,.T.);
#2786=ORIENTED_EDGE('',*,*,#1986,.T.);
#2787=ORIENTED_EDGE('',*,*,#1987,.F.);
#2788=ORIENTED_EDGE('',*,*,#1978,.T.);
#2789=ORIENTED_EDGE('',*,*,#1959,.F.);
#2790=ORIENTED_EDGE('',*,*,#1988,.T.);
#2791=ORIENTED_EDGE('',*,*,#1989,.F.);
#2792=ORIENTED_EDGE('',*,*,#1956,.F.);
#2793=ORIENTED_EDGE('',*,*,#1990,.T.);
#2794=ORIENTED_EDGE('',*,*,#1991,.F.);
#2795=ORIENTED_EDGE('',*,*,#1988,.F.);
#2796=ORIENTED_EDGE('',*,*,#1992,.T.);
#2797=ORIENTED_EDGE('',*,*,#1971,.T.);
#2798=ORIENTED_EDGE('',*,*,#1993,.T.);
#2799=ORIENTED_EDGE('',*,*,#1994,.T.);
#2800=ORIENTED_EDGE('',*,*,#1995,.T.);
#2801=ORIENTED_EDGE('',*,*,#1996,.T.);
#2802=ORIENTED_EDGE('',*,*,#1993,.F.);
#2803=ORIENTED_EDGE('',*,*,#1973,.T.);
#2804=ORIENTED_EDGE('',*,*,#1997,.T.);
#2805=ORIENTED_EDGE('',*,*,#1998,.T.);
#2806=ORIENTED_EDGE('',*,*,#1995,.F.);
#2807=ORIENTED_EDGE('',*,*,#1975,.T.);
#2808=ORIENTED_EDGE('',*,*,#1999,.T.);
#2809=ORIENTED_EDGE('',*,*,#2000,.T.);
#2810=ORIENTED_EDGE('',*,*,#1997,.F.);
#2811=ORIENTED_EDGE('',*,*,#1977,.T.);
#2812=ORIENTED_EDGE('',*,*,#2001,.T.);
#2813=ORIENTED_EDGE('',*,*,#2002,.T.);
#2814=ORIENTED_EDGE('',*,*,#1999,.F.);
#2815=ORIENTED_EDGE('',*,*,#1979,.T.);
#2816=ORIENTED_EDGE('',*,*,#2003,.T.);
#2817=ORIENTED_EDGE('',*,*,#2004,.T.);
#2818=ORIENTED_EDGE('',*,*,#2001,.F.);
#2819=ORIENTED_EDGE('',*,*,#1987,.T.);
#2820=ORIENTED_EDGE('',*,*,#2005,.T.);
#2821=ORIENTED_EDGE('',*,*,#2006,.T.);
#2822=ORIENTED_EDGE('',*,*,#2003,.F.);
#2823=ORIENTED_EDGE('',*,*,#2007,.T.);
#2824=ORIENTED_EDGE('',*,*,#2008,.T.);
#2825=ORIENTED_EDGE('',*,*,#2009,.T.);
#2826=ORIENTED_EDGE('',*,*,#2005,.F.);
#2827=ORIENTED_EDGE('',*,*,#2010,.T.);
#2828=ORIENTED_EDGE('',*,*,#2011,.T.);
#2829=ORIENTED_EDGE('',*,*,#2012,.T.);
#2830=ORIENTED_EDGE('',*,*,#2008,.F.);
#2831=ORIENTED_EDGE('',*,*,#2013,.T.);
#2832=ORIENTED_EDGE('',*,*,#2014,.T.);
#2833=ORIENTED_EDGE('',*,*,#2015,.T.);
#2834=ORIENTED_EDGE('',*,*,#2011,.F.);
#2835=ORIENTED_EDGE('',*,*,#1964,.T.);
#2836=ORIENTED_EDGE('',*,*,#2016,.T.);
#2837=ORIENTED_EDGE('',*,*,#2017,.T.);
#2838=ORIENTED_EDGE('',*,*,#2014,.F.);
#2839=ORIENTED_EDGE('',*,*,#1967,.T.);
#2840=ORIENTED_EDGE('',*,*,#1992,.F.);
#2841=ORIENTED_EDGE('',*,*,#2018,.T.);
#2842=ORIENTED_EDGE('',*,*,#2016,.F.);
#2843=ORIENTED_EDGE('',*,*,#1969,.T.);
#2844=ORIENTED_EDGE('',*,*,#1994,.F.);
#2845=ORIENTED_EDGE('',*,*,#1996,.F.);
#2846=ORIENTED_EDGE('',*,*,#1998,.F.);
#2847=ORIENTED_EDGE('',*,*,#2000,.F.);
#2848=ORIENTED_EDGE('',*,*,#2002,.F.);
#2849=ORIENTED_EDGE('',*,*,#2004,.F.);
#2850=ORIENTED_EDGE('',*,*,#2006,.F.);
#2851=ORIENTED_EDGE('',*,*,#2009,.F.);
#2852=ORIENTED_EDGE('',*,*,#2012,.F.);
#2853=ORIENTED_EDGE('',*,*,#2015,.F.);
#2854=ORIENTED_EDGE('',*,*,#2017,.F.);
#2855=ORIENTED_EDGE('',*,*,#2018,.F.);
#2856=ORIENTED_EDGE('',*,*,#2019,.T.);
#2857=ORIENTED_EDGE('',*,*,#2020,.T.);
#2858=ORIENTED_EDGE('',*,*,#2021,.F.);
#2859=ORIENTED_EDGE('',*,*,#2022,.T.);
#2860=ORIENTED_EDGE('',*,*,#2023,.T.);
#2861=ORIENTED_EDGE('',*,*,#2024,.T.);
#2862=ORIENTED_EDGE('',*,*,#2025,.T.);
#2863=ORIENTED_EDGE('',*,*,#2026,.T.);
#2864=ORIENTED_EDGE('',*,*,#2023,.F.);
#2865=ORIENTED_EDGE('',*,*,#2027,.T.);
#2866=ORIENTED_EDGE('',*,*,#1927,.F.);
#2867=ORIENTED_EDGE('',*,*,#2028,.T.);
#2868=ORIENTED_EDGE('',*,*,#2029,.T.);
#2869=ORIENTED_EDGE('',*,*,#2030,.T.);
#2870=ORIENTED_EDGE('',*,*,#2031,.T.);
#2871=ORIENTED_EDGE('',*,*,#2032,.T.);
#2872=ORIENTED_EDGE('',*,*,#1954,.F.);
#2873=ORIENTED_EDGE('',*,*,#1951,.F.);
#2874=ORIENTED_EDGE('',*,*,#1948,.F.);
#2875=ORIENTED_EDGE('',*,*,#1945,.F.);
#2876=ORIENTED_EDGE('',*,*,#1942,.F.);
#2877=ORIENTED_EDGE('',*,*,#1939,.F.);
#2878=ORIENTED_EDGE('',*,*,#1936,.F.);
#2879=ORIENTED_EDGE('',*,*,#1933,.F.);
#2880=ORIENTED_EDGE('',*,*,#1930,.F.);
#2881=ORIENTED_EDGE('',*,*,#2033,.T.);
#2882=ORIENTED_EDGE('',*,*,#2034,.T.);
#2883=ORIENTED_EDGE('',*,*,#2035,.T.);
#2884=ORIENTED_EDGE('',*,*,#2027,.F.);
#2885=ORIENTED_EDGE('',*,*,#2022,.F.);
#2886=ORIENTED_EDGE('',*,*,#2036,.T.);
#2887=ORIENTED_EDGE('',*,*,#2037,.T.);
#2888=ORIENTED_EDGE('',*,*,#2038,.F.);
#2889=ORIENTED_EDGE('',*,*,#2036,.F.);
#2890=ORIENTED_EDGE('',*,*,#2021,.T.);
#2891=ORIENTED_EDGE('',*,*,#2039,.T.);
#2892=ORIENTED_EDGE('',*,*,#2025,.F.);
#2893=ORIENTED_EDGE('',*,*,#2035,.F.);
#2894=ORIENTED_EDGE('',*,*,#2038,.T.);
#2895=ORIENTED_EDGE('',*,*,#2024,.F.);
#2896=ORIENTED_EDGE('',*,*,#2040,.F.);
#2897=ORIENTED_EDGE('',*,*,#2041,.T.);
#2898=ORIENTED_EDGE('',*,*,#2042,.T.);
#2899=ORIENTED_EDGE('',*,*,#2037,.F.);
#2900=ORIENTED_EDGE('',*,*,#2042,.F.);
#2901=ORIENTED_EDGE('',*,*,#2043,.T.);
#2902=ORIENTED_EDGE('',*,*,#2044,.T.);
#2903=ORIENTED_EDGE('',*,*,#2039,.F.);
#2904=ORIENTED_EDGE('',*,*,#2044,.F.);
#2905=ORIENTED_EDGE('',*,*,#2045,.T.);
#2906=ORIENTED_EDGE('',*,*,#2046,.T.);
#2907=ORIENTED_EDGE('',*,*,#2026,.F.);
#2908=ORIENTED_EDGE('',*,*,#2046,.F.);
#2909=ORIENTED_EDGE('',*,*,#2047,.T.);
#2910=ORIENTED_EDGE('',*,*,#2040,.T.);
#2911=ORIENTED_EDGE('',*,*,#2041,.F.);
#2912=ORIENTED_EDGE('',*,*,#2047,.F.);
#2913=ORIENTED_EDGE('',*,*,#2045,.F.);
#2914=ORIENTED_EDGE('',*,*,#2043,.F.);
#2915=ORIENTED_EDGE('',*,*,#1926,.F.);
#2916=ORIENTED_EDGE('',*,*,#1965,.F.);
#2917=ORIENTED_EDGE('',*,*,#2013,.F.);
#2918=ORIENTED_EDGE('',*,*,#2048,.F.);
#2919=ORIENTED_EDGE('',*,*,#1923,.F.);
#2920=ORIENTED_EDGE('',*,*,#2010,.F.);
#2921=ORIENTED_EDGE('',*,*,#2049,.T.);
#2922=ORIENTED_EDGE('',*,*,#2050,.T.);
#2923=ORIENTED_EDGE('',*,*,#2051,.T.);
#2924=ORIENTED_EDGE('',*,*,#2052,.F.);
#2925=ORIENTED_EDGE('',*,*,#2048,.T.);
#2926=ORIENTED_EDGE('',*,*,#2053,.F.);
#2927=ORIENTED_EDGE('',*,*,#1924,.F.);
#2928=ORIENTED_EDGE('',*,*,#2052,.T.);
#2929=ORIENTED_EDGE('',*,*,#2054,.F.);
#2930=ORIENTED_EDGE('',*,*,#2028,.F.);
#2931=ORIENTED_EDGE('',*,*,#2055,.F.);
#2932=ORIENTED_EDGE('',*,*,#2029,.F.);
#2933=ORIENTED_EDGE('',*,*,#2054,.T.);
#2934=ORIENTED_EDGE('',*,*,#2056,.F.);
#2935=ORIENTED_EDGE('',*,*,#2057,.F.);
#2936=ORIENTED_EDGE('',*,*,#2030,.F.);
#2937=ORIENTED_EDGE('',*,*,#2055,.T.);
#2938=ORIENTED_EDGE('',*,*,#2058,.F.);
#2939=ORIENTED_EDGE('',*,*,#2059,.F.);
#2940=ORIENTED_EDGE('',*,*,#2031,.F.);
#2941=ORIENTED_EDGE('',*,*,#2057,.T.);
#2942=ORIENTED_EDGE('',*,*,#2060,.F.);
#2943=ORIENTED_EDGE('',*,*,#1962,.F.);
#2944=ORIENTED_EDGE('',*,*,#2032,.F.);
#2945=ORIENTED_EDGE('',*,*,#2059,.T.);
#2946=ORIENTED_EDGE('',*,*,#2061,.F.);
#2947=ORIENTED_EDGE('',*,*,#2062,.T.);
#2948=ORIENTED_EDGE('',*,*,#2063,.F.);
#2949=ORIENTED_EDGE('',*,*,#1990,.F.);
#2950=ORIENTED_EDGE('',*,*,#2056,.T.);
#2951=ORIENTED_EDGE('',*,*,#2051,.F.);
#2952=ORIENTED_EDGE('',*,*,#2064,.T.);
#2953=ORIENTED_EDGE('',*,*,#2065,.F.);
#2954=ORIENTED_EDGE('',*,*,#2058,.T.);
#2955=ORIENTED_EDGE('',*,*,#2065,.T.);
#2956=ORIENTED_EDGE('',*,*,#2066,.T.);
#2957=ORIENTED_EDGE('',*,*,#2067,.T.);
#2958=ORIENTED_EDGE('',*,*,#2060,.T.);
#2959=ORIENTED_EDGE('',*,*,#2067,.F.);
#2960=ORIENTED_EDGE('',*,*,#2068,.T.);
#2961=ORIENTED_EDGE('',*,*,#2069,.F.);
#2962=ORIENTED_EDGE('',*,*,#2070,.T.);
#2963=ORIENTED_EDGE('',*,*,#2071,.T.);
#2964=ORIENTED_EDGE('',*,*,#2072,.T.);
#2965=ORIENTED_EDGE('',*,*,#2062,.F.);
#2966=ORIENTED_EDGE('',*,*,#2073,.T.);
#2967=ORIENTED_EDGE('',*,*,#2071,.F.);
#2968=ORIENTED_EDGE('',*,*,#2061,.T.);
#2969=ORIENTED_EDGE('',*,*,#2069,.T.);
#2970=ORIENTED_EDGE('',*,*,#2074,.T.);
#2971=ORIENTED_EDGE('',*,*,#2075,.F.);
#2972=ORIENTED_EDGE('',*,*,#2076,.F.);
#2973=ORIENTED_EDGE('',*,*,#2077,.T.);
#2974=ORIENTED_EDGE('',*,*,#2078,.T.);
#2975=ORIENTED_EDGE('',*,*,#2079,.F.);
#2976=ORIENTED_EDGE('',*,*,#2080,.F.);
#2977=ORIENTED_EDGE('',*,*,#2081,.F.);
#2978=ORIENTED_EDGE('',*,*,#2082,.T.);
#2979=ORIENTED_EDGE('',*,*,#1991,.T.);
#2980=ORIENTED_EDGE('',*,*,#2063,.T.);
#2981=ORIENTED_EDGE('',*,*,#2072,.F.);
#2982=ORIENTED_EDGE('',*,*,#2073,.F.);
#2983=ORIENTED_EDGE('',*,*,#2083,.T.);
#2984=ORIENTED_EDGE('',*,*,#2084,.F.);
#2985=ORIENTED_EDGE('',*,*,#2085,.F.);
#2986=ORIENTED_EDGE('',*,*,#2086,.F.);
#2987=ORIENTED_EDGE('',*,*,#2087,.F.);
#2988=ORIENTED_EDGE('',*,*,#2088,.F.);
#2989=ORIENTED_EDGE('',*,*,#2089,.F.);
#2990=ORIENTED_EDGE('',*,*,#2086,.T.);
#2991=ORIENTED_EDGE('',*,*,#2077,.F.);
#2992=ORIENTED_EDGE('',*,*,#2074,.F.);
#2993=ORIENTED_EDGE('',*,*,#2090,.F.);
#2994=ORIENTED_EDGE('',*,*,#2091,.F.);
#2995=ORIENTED_EDGE('',*,*,#2088,.T.);
#2996=ORIENTED_EDGE('',*,*,#2068,.F.);
#2997=ORIENTED_EDGE('',*,*,#2092,.F.);
#2998=ORIENTED_EDGE('',*,*,#2093,.F.);
#2999=ORIENTED_EDGE('',*,*,#2090,.T.);
#3000=ORIENTED_EDGE('',*,*,#2066,.F.);
#3001=ORIENTED_EDGE('',*,*,#2094,.F.);
#3002=ORIENTED_EDGE('',*,*,#2095,.F.);
#3003=ORIENTED_EDGE('',*,*,#2092,.T.);
#3004=ORIENTED_EDGE('',*,*,#2064,.F.);
#3005=ORIENTED_EDGE('',*,*,#2096,.F.);
#3006=ORIENTED_EDGE('',*,*,#2097,.F.);
#3007=ORIENTED_EDGE('',*,*,#2094,.T.);
#3008=ORIENTED_EDGE('',*,*,#2050,.F.);
#3009=ORIENTED_EDGE('',*,*,#2098,.F.);
#3010=ORIENTED_EDGE('',*,*,#2099,.F.);
#3011=ORIENTED_EDGE('',*,*,#2096,.T.);
#3012=ORIENTED_EDGE('',*,*,#2100,.F.);
#3013=ORIENTED_EDGE('',*,*,#2098,.T.);
#3014=ORIENTED_EDGE('',*,*,#1985,.F.);
#3015=ORIENTED_EDGE('',*,*,#2084,.T.);
#3016=ORIENTED_EDGE('',*,*,#2101,.F.);
#3017=ORIENTED_EDGE('',*,*,#2007,.F.);
#3018=ORIENTED_EDGE('',*,*,#1986,.F.);
#3019=ORIENTED_EDGE('',*,*,#2100,.T.);
#3020=ORIENTED_EDGE('',*,*,#2049,.F.);
#3021=ORIENTED_EDGE('',*,*,#2085,.T.);
#3022=ORIENTED_EDGE('',*,*,#1984,.F.);
#3023=ORIENTED_EDGE('',*,*,#2102,.F.);
#3024=ORIENTED_EDGE('',*,*,#2078,.F.);
#3025=ORIENTED_EDGE('',*,*,#2087,.T.);
#3026=ORIENTED_EDGE('',*,*,#2089,.T.);
#3027=ORIENTED_EDGE('',*,*,#2091,.T.);
#3028=ORIENTED_EDGE('',*,*,#2093,.T.);
#3029=ORIENTED_EDGE('',*,*,#2095,.T.);
#3030=ORIENTED_EDGE('',*,*,#2097,.T.);
#3031=ORIENTED_EDGE('',*,*,#2099,.T.);
#3032=ORIENTED_EDGE('',*,*,#2101,.T.);
#3033=ORIENTED_EDGE('',*,*,#2083,.F.);
#3034=ORIENTED_EDGE('',*,*,#2103,.T.);
#3035=ORIENTED_EDGE('',*,*,#2104,.F.);
#3036=ORIENTED_EDGE('',*,*,#2103,.F.);
#3037=ORIENTED_EDGE('',*,*,#2104,.T.);
#3038=ORIENTED_EDGE('',*,*,#2105,.T.);
#3039=ORIENTED_EDGE('',*,*,#2053,.T.);
#3040=ORIENTED_EDGE('',*,*,#2105,.F.);
#3041=ORIENTED_EDGE('',*,*,#2033,.F.);
#3042=ORIENTED_EDGE('',*,*,#2106,.T.);
#3043=ORIENTED_EDGE('',*,*,#2107,.F.);
#3044=ORIENTED_EDGE('',*,*,#2106,.F.);
#3045=ORIENTED_EDGE('',*,*,#2107,.T.);
#3046=ORIENTED_EDGE('',*,*,#2108,.T.);
#3047=ORIENTED_EDGE('',*,*,#2109,.T.);
#3048=ORIENTED_EDGE('',*,*,#2108,.F.);
#3049=ORIENTED_EDGE('',*,*,#2109,.F.);
#3050=ORIENTED_EDGE('',*,*,#2110,.T.);
#3051=ORIENTED_EDGE('',*,*,#2019,.F.);
#3052=ORIENTED_EDGE('',*,*,#2110,.F.);
#3053=ORIENTED_EDGE('',*,*,#2111,.F.);
#3054=ORIENTED_EDGE('',*,*,#2112,.T.);
#3055=ORIENTED_EDGE('',*,*,#2020,.F.);
#3056=ORIENTED_EDGE('',*,*,#2112,.F.);
#3057=ORIENTED_EDGE('',*,*,#2113,.T.);
#3058=ORIENTED_EDGE('',*,*,#2114,.T.);
#3059=ORIENTED_EDGE('',*,*,#2111,.T.);
#3060=ORIENTED_EDGE('',*,*,#2114,.F.);
#3061=ORIENTED_EDGE('',*,*,#2034,.F.);
#3062=ORIENTED_EDGE('',*,*,#2115,.T.);
#3063=ORIENTED_EDGE('',*,*,#2113,.F.);
#3064=ORIENTED_EDGE('',*,*,#2115,.F.);
#3065=ORIENTED_EDGE('',*,*,#1989,.T.);
#3066=ORIENTED_EDGE('',*,*,#2082,.F.);
#3067=ORIENTED_EDGE('',*,*,#2116,.F.);
#3068=ORIENTED_EDGE('',*,*,#1980,.F.);
#3069=ORIENTED_EDGE('',*,*,#2102,.T.);
#3070=ORIENTED_EDGE('',*,*,#1983,.F.);
#3071=ORIENTED_EDGE('',*,*,#2117,.F.);
#3072=ORIENTED_EDGE('',*,*,#2118,.T.);
#3073=ORIENTED_EDGE('',*,*,#2079,.T.);
#3074=ORIENTED_EDGE('',*,*,#2117,.T.);
#3075=ORIENTED_EDGE('',*,*,#1982,.T.);
#3076=ORIENTED_EDGE('',*,*,#2119,.T.);
#3077=ORIENTED_EDGE('',*,*,#2120,.T.);
#3078=ORIENTED_EDGE('',*,*,#2118,.F.);
#3079=ORIENTED_EDGE('',*,*,#2120,.F.);
#3080=ORIENTED_EDGE('',*,*,#2121,.T.);
#3081=ORIENTED_EDGE('',*,*,#2080,.T.);
#3082=ORIENTED_EDGE('',*,*,#2116,.T.);
#3083=ORIENTED_EDGE('',*,*,#2081,.T.);
#3084=ORIENTED_EDGE('',*,*,#2121,.F.);
#3085=ORIENTED_EDGE('',*,*,#2119,.F.);
#3086=ORIENTED_EDGE('',*,*,#1981,.F.);
#3087=ORIENTED_EDGE('',*,*,#2070,.F.);
#3088=ORIENTED_EDGE('',*,*,#2122,.T.);
#3089=ORIENTED_EDGE('',*,*,#2123,.F.);
#3090=ORIENTED_EDGE('',*,*,#2122,.F.);
#3091=ORIENTED_EDGE('',*,*,#2123,.T.);
#3092=ORIENTED_EDGE('',*,*,#2124,.F.);
#3093=ORIENTED_EDGE('',*,*,#2125,.T.);
#3094=ORIENTED_EDGE('',*,*,#2126,.F.);
#3095=ORIENTED_EDGE('',*,*,#2125,.F.);
#3096=ORIENTED_EDGE('',*,*,#2124,.T.);
#3097=ORIENTED_EDGE('',*,*,#2127,.T.);
#3098=ORIENTED_EDGE('',*,*,#2075,.T.);
#3099=ORIENTED_EDGE('',*,*,#2076,.T.);
#3100=ORIENTED_EDGE('',*,*,#2127,.F.);
#3101=ORIENTED_EDGE('',*,*,#2126,.T.);
#3102=SPHERICAL_SURFACE('',#3335,0.5);
#3103=SPHERICAL_SURFACE('',#3355,0.5);
#3104=SPHERICAL_SURFACE('',#3452,0.5);
#3105=SPHERICAL_SURFACE('',#3454,0.5);
#3106=SPHERICAL_SURFACE('',#3512,0.5);
#3107=SPHERICAL_SURFACE('',#3514,0.5);
#3108=ADVANCED_FACE('',(#678),#3102,.T.);
#3109=ADVANCED_FACE('',(#679),#590,.T.);
#3110=ADVANCED_FACE('',(#680),#148,.T.);
#3111=ADVANCED_FACE('',(#681),#591,.T.);
#3112=ADVANCED_FACE('',(#682),#136,.F.);
#3113=ADVANCED_FACE('',(#683),#592,.F.);
#3114=ADVANCED_FACE('',(#684),#58,.T.);
#3115=ADVANCED_FACE('',(#685),#593,.T.);
#3116=ADVANCED_FACE('',(#686),#594,.T.);
#3117=ADVANCED_FACE('',(#687),#3103,.T.);
#3118=ADVANCED_FACE('',(#688),#595,.T.);
#3119=ADVANCED_FACE('',(#689),#149,.T.);
#3120=ADVANCED_FACE('',(#690),#596,.T.);
#3121=ADVANCED_FACE('',(#691),#137,.F.);
#3122=ADVANCED_FACE('',(#692),#59,.T.);
#3123=ADVANCED_FACE('',(#693),#597,.F.);
#3124=ADVANCED_FACE('',(#694),#60,.T.);
#3125=ADVANCED_FACE('',(#695),#598,.T.);
#3126=ADVANCED_FACE('',(#696),#138,.F.);
#3127=ADVANCED_FACE('',(#697),#150,.T.);
#3128=ADVANCED_FACE('',(#698),#599,.T.);
#3129=ADVANCED_FACE('',(#699),#151,.T.);
#3130=ADVANCED_FACE('',(#700),#152,.T.);
#3131=ADVANCED_FACE('',(#701),#153,.T.);
#3132=ADVANCED_FACE('',(#702),#600,.T.);
#3133=ADVANCED_FACE('',(#703),#154,.T.);
#3134=ADVANCED_FACE('',(#704),#139,.F.);
#3135=ADVANCED_FACE('',(#705),#601,.F.);
#3136=ADVANCED_FACE('',(#706),#61,.T.);
#3137=ADVANCED_FACE('',(#707),#602,.F.);
#3138=ADVANCED_FACE('',(#708),#603,.T.);
#3139=ADVANCED_FACE('',(#709),#604,.F.);
#3140=ADVANCED_FACE('',(#710),#62,.T.);
#3141=ADVANCED_FACE('',(#711),#605,.F.);
#3142=ADVANCED_FACE('',(#712),#140,.F.);
#3143=ADVANCED_FACE('',(#713),#155,.T.);
#3144=ADVANCED_FACE('',(#714),#606,.T.);
#3145=ADVANCED_FACE('',(#715),#156,.T.);
#3146=ADVANCED_FACE('',(#716),#157,.T.);
#3147=ADVANCED_FACE('',(#717),#158,.T.);
#3148=ADVANCED_FACE('',(#718),#607,.T.);
#3149=ADVANCED_FACE('',(#719),#141,.F.);
#3150=ADVANCED_FACE('',(#720),#142,.F.);
#3151=ADVANCED_FACE('',(#721),#143,.F.);
#3152=ADVANCED_FACE('',(#722,#45,#46),#63,.T.);
#3153=ADVANCED_FACE('',(#723),#608,.F.);
#3154=ADVANCED_FACE('',(#724),#609,.F.);
#3155=ADVANCED_FACE('',(#725),#159,.F.);
#3156=ADVANCED_FACE('',(#726),#610,.T.);
#3157=ADVANCED_FACE('',(#727),#3104,.T.);
#3158=ADVANCED_FACE('',(#728),#3105,.T.);
#3159=ADVANCED_FACE('',(#729),#611,.T.);
#3160=ADVANCED_FACE('',(#730),#64,.T.);
#3161=ADVANCED_FACE('',(#731),#65,.T.);
#3162=ADVANCED_FACE('',(#732),#612,.T.);
#3163=ADVANCED_FACE('',(#733),#160,.T.);
#3164=ADVANCED_FACE('',(#734),#613,.T.);
#3165=ADVANCED_FACE('',(#735),#161,.T.);
#3166=ADVANCED_FACE('',(#736),#162,.T.);
#3167=ADVANCED_FACE('',(#737),#163,.T.);
#3168=ADVANCED_FACE('',(#738),#614,.T.);
#3169=ADVANCED_FACE('',(#739),#35,.F.);
#3170=ADVANCED_FACE('',(#740),#164,.T.);
#3171=ADVANCED_FACE('',(#741),#615,.T.);
#3172=ADVANCED_FACE('',(#742),#165,.T.);
#3173=ADVANCED_FACE('',(#743),#166,.T.);
#3174=ADVANCED_FACE('',(#744),#167,.T.);
#3175=ADVANCED_FACE('',(#745),#616,.T.);
#3176=ADVANCED_FACE('',(#746),#168,.T.);
#3177=ADVANCED_FACE('',(#747),#617,.T.);
#3178=ADVANCED_FACE('',(#748),#618,.T.);
#3179=ADVANCED_FACE('',(#749),#619,.T.);
#3180=ADVANCED_FACE('',(#750),#3106,.T.);
#3181=ADVANCED_FACE('',(#751),#3107,.T.);
#3182=ADVANCED_FACE('',(#752),#66,.T.);
#3183=ADVANCED_FACE('',(#753),#620,.T.);
#3184=ADVANCED_FACE('',(#754,#47,#48),#67,.F.);
#3185=ADVANCED_FACE('',(#755),#621,.F.);
#3186=ADVANCED_FACE('',(#756),#622,.F.);
#3187=ADVANCED_FACE('',(#757),#68,.T.);
#3188=ADVANCED_FACE('',(#758,#49),#69,.T.);
#3189=ADVANCED_FACE('',(#759),#623,.F.);
#3190=ADVANCED_FACE('',(#760),#169,.F.);
#3191=ADVANCED_FACE('',(#761),#624,.F.);
#3192=ADVANCED_FACE('',(#762),#170,.F.);
#3193=ADVANCED_FACE('',(#763),#625,.T.);
#3194=ADVANCED_FACE('',(#764),#70,.T.);
#3195=ADVANCED_FACE('',(#765),#626,.T.);
#3196=ADVANCED_FACE('',(#766),#17,.T.);
#3197=ADVANCED_FACE('',(#767,#50),#71,.T.);
#3198=ADVANCED_FACE('',(#768),#36,.F.);
#3199=ADVANCED_FACE('',(#769),#627,.T.);
#3200=ADVANCED_FACE('',(#770),#37,.F.);
#3201=ADVANCED_FACE('',(#771),#628,.T.);
#3202=ADVANCED_FACE('',(#772),#38,.F.);
#3203=ADVANCED_FACE('',(#773),#629,.T.);
#3204=ADVANCED_FACE('',(#774),#39,.F.);
#3205=ADVANCED_FACE('',(#775),#630,.T.);
#3206=ADVANCED_FACE('',(#776),#631,.T.);
#3207=ADVANCED_FACE('',(#777),#72,.T.);
#3208=ADVANCED_FACE('',(#778),#632,.T.);
#3209=ADVANCED_FACE('',(#779),#73,.T.);
#3210=ADVANCED_FACE('',(#780),#18,.F.);
#3211=ADVANCED_FACE('',(#781),#633,.F.);
#3212=ADVANCED_FACE('',(#782),#19,.F.);
#3213=ADVANCED_FACE('',(#783),#634,.F.);
#3214=ADVANCED_FACE('',(#784),#20,.F.);
#3215=ADVANCED_FACE('',(#785),#21,.F.);
#3216=ADVANCED_FACE('',(#786),#635,.F.);
#3217=ADVANCED_FACE('',(#787),#22,.F.);
#3218=ADVANCED_FACE('',(#788),#636,.T.);
#3219=ADVANCED_FACE('',(#789),#637,.F.);
#3220=ADVANCED_FACE('',(#790),#638,.F.);
#3221=ADVANCED_FACE('',(#791),#639,.T.);
#3222=ADVANCED_FACE('',(#792),#74,.T.);
#3223=ADVANCED_FACE('',(#793),#75,.F.);
#3224=ADVANCED_FACE('',(#794),#76,.T.);
#3225=ADVANCED_FACE('',(#795),#77,.T.);
#3226=ADVANCED_FACE('',(#796),#23,.T.);
#3227=ADVANCED_FACE('',(#797),#78,.T.);
#3228=ADVANCED_FACE('',(#798),#24,.T.);
#3229=ADVANCED_FACE('',(#799),#25,.T.);
#3230=ADVANCED_FACE('',(#800),#79,.T.);
#3231=ADVANCED_FACE('',(#801),#144,.F.);
#3232=ADVANCED_FACE('',(#802),#171,.T.);
#3233=ADVANCED_FACE('',(#803),#640,.T.);
#3234=ADVANCED_FACE('',(#804),#172,.T.);
#3235=ADVANCED_FACE('',(#805),#173,.T.);
#3236=ADVANCED_FACE('',(#806),#174,.T.);
#3237=ADVANCED_FACE('',(#807),#641,.T.);
#3238=ADVANCED_FACE('',(#808),#175,.T.);
#3239=ADVANCED_FACE('',(#809),#176,.T.);
#3240=ADVANCED_FACE('',(#810),#177,.T.);
#3241=ADVANCED_FACE('',(#811),#642,.T.);
#3242=ADVANCED_FACE('',(#812),#145,.F.);
#3243=ADVANCED_FACE('',(#813),#146,.F.);
#3244=ADVANCED_FACE('',(#814),#147,.F.);
#3245=ADVANCED_FACE('',(#815),#80,.F.);
#3246=ADVANCED_FACE('',(#816),#643,.F.);
#3247=ADVANCED_FACE('',(#817),#644,.T.);
#3248=ADVANCED_FACE('',(#818),#645,.F.);
#3249=ADVANCED_FACE('',(#819),#81,.F.);
#3250=ADVANCED_FACE('',(#820),#646,.F.);
#3251=ADVANCED_FACE('',(#821),#647,.T.);
#3252=ADVANCED_FACE('',(#822),#648,.F.);
#3253=ADVANCED_FACE('',(#823),#82,.F.);
#3254=ADVANCED_FACE('',(#824),#178,.F.);
#3255=ADVANCED_FACE('',(#825),#649,.F.);
#3256=ADVANCED_FACE('',(#826),#179,.T.);
#3257=ADVANCED_FACE('',(#827),#650,.T.);
#3258=ADVANCED_FACE('',(#828),#180,.T.);
#3259=ADVANCED_FACE('',(#829),#181,.T.);
#3260=ADVANCED_FACE('',(#830),#182,.T.);
#3261=ADVANCED_FACE('',(#831),#651,.T.);
#3262=ADVANCED_FACE('',(#832),#40,.F.);
#3263=ADVANCED_FACE('',(#833),#652,.T.);
#3264=ADVANCED_FACE('',(#834),#183,.T.);
#3265=ADVANCED_FACE('',(#835),#653,.T.);
#3266=ADVANCED_FACE('',(#836),#184,.T.);
#3267=ADVANCED_FACE('',(#837),#185,.T.);
#3268=ADVANCED_FACE('',(#838,#51,#52),#83,.T.);
#3269=ADVANCED_FACE('',(#839),#654,.F.);
#3270=ADVANCED_FACE('',(#840),#655,.F.);
#3271=ADVANCED_FACE('',(#841,#53,#54,#55),#84,.F.);
#3272=ADVANCED_FACE('',(#842),#656,.F.);
#3273=ADVANCED_FACE('',(#843),#657,.F.);
#3274=ADVANCED_FACE('',(#844),#658,.T.);
#3275=ADVANCED_FACE('',(#845),#659,.T.);
#3276=ADVANCED_FACE('',(#846),#660,.T.);
#3277=ADVANCED_FACE('',(#847),#661,.T.);
#3278=ADVANCED_FACE('',(#848),#85,.T.);
#3279=ADVANCED_FACE('',(#849),#662,.F.);
#3280=ADVANCED_FACE('',(#850,#56),#86,.F.);
#3281=ADVANCED_FACE('',(#851),#663,.F.);
#3282=ADVANCED_FACE('',(#852),#186,.F.);
#3283=ADVANCED_FACE('',(#853),#664,.F.);
#3284=ADVANCED_FACE('',(#854),#187,.F.);
#3285=ADVANCED_FACE('',(#855),#665,.F.);
#3286=ADVANCED_FACE('',(#856),#666,.T.);
#3287=ADVANCED_FACE('',(#857),#87,.F.);
#3288=ADVANCED_FACE('',(#858),#667,.T.);
#3289=ADVANCED_FACE('',(#859),#26,.T.);
#3290=ADVANCED_FACE('',(#860,#57),#88,.F.);
#3291=ADVANCED_FACE('',(#861),#41,.T.);
#3292=ADVANCED_FACE('',(#862),#668,.T.);
#3293=ADVANCED_FACE('',(#863),#42,.T.);
#3294=ADVANCED_FACE('',(#864),#669,.T.);
#3295=ADVANCED_FACE('',(#865),#43,.T.);
#3296=ADVANCED_FACE('',(#866),#670,.T.);
#3297=ADVANCED_FACE('',(#867),#44,.T.);
#3298=ADVANCED_FACE('',(#868),#671,.T.);
#3299=ADVANCED_FACE('',(#869),#672,.T.);
#3300=ADVANCED_FACE('',(#870),#673,.T.);
#3301=ADVANCED_FACE('',(#871),#89,.F.);
#3302=ADVANCED_FACE('',(#872),#27,.F.);
#3303=ADVANCED_FACE('',(#873),#674,.F.);
#3304=ADVANCED_FACE('',(#874),#28,.F.);
#3305=ADVANCED_FACE('',(#875),#675,.F.);
#3306=ADVANCED_FACE('',(#876),#29,.F.);
#3307=ADVANCED_FACE('',(#877),#30,.F.);
#3308=ADVANCED_FACE('',(#878),#676,.F.);
#3309=ADVANCED_FACE('',(#879),#31,.F.);
#3310=ADVANCED_FACE('',(#880),#677,.T.);
#3311=ADVANCED_FACE('',(#881),#90,.F.);
#3312=ADVANCED_FACE('',(#882),#91,.T.);
#3313=ADVANCED_FACE('',(#883),#92,.F.);
#3314=ADVANCED_FACE('',(#884),#93,.F.);
#3315=ADVANCED_FACE('',(#885),#32,.T.);
#3316=ADVANCED_FACE('',(#886),#94,.F.);
#3317=ADVANCED_FACE('',(#887),#33,.T.);
#3318=ADVANCED_FACE('',(#888),#34,.T.);
#3319=ADVANCED_FACE('',(#889),#95,.F.);
#3320=CLOSED_SHELL('',(#3108,#3109,#3110,#3111,#3112,#3113,#3114,#3115,
#3116,#3117,#3118,#3119,#3120,#3121,#3122,#3123,#3124,#3125,#3126,#3127,
#3128,#3129,#3130,#3131,#3132,#3133,#3134,#3135,#3136,#3137,#3138,#3139,
#3140,#3141,#3142,#3143,#3144,#3145,#3146,#3147,#3148,#3149,#3150,#3151,
#3152,#3153,#3154,#3155,#3156,#3157,#3158,#3159,#3160,#3161,#3162,#3163,
#3164,#3165,#3166,#3167,#3168,#3169,#3170,#3171,#3172,#3173,#3174,#3175,
#3176,#3177,#3178,#3179,#3180,#3181,#3182,#3183,#3184,#3185,#3186,#3187,
#3188,#3189,#3190,#3191,#3192,#3193,#3194,#3195,#3196,#3197,#3198,#3199,
#3200,#3201,#3202,#3203,#3204,#3205,#3206,#3207,#3208,#3209,#3210,#3211,
#3212,#3213,#3214,#3215,#3216,#3217,#3218,#3219,#3220,#3221,#3222,#3223,
#3224,#3225,#3226,#3227,#3228,#3229,#3230));
#3321=CLOSED_SHELL('',(#3231,#3232,#3233,#3234,#3235,#3236,#3237,#3238,
#3239,#3240,#3241,#3242,#3243,#3244,#3245,#3246,#3247,#3248,#3249,#3250,
#3251,#3252,#3253,#3254,#3255,#3256,#3257,#3258,#3259,#3260,#3261,#3262,
#3263,#3264,#3265,#3266,#3267,#3268,#3269,#3270,#3271,#3272,#3273,#3274,
#3275,#3276,#3277,#3278,#3279,#3280,#3281,#3282,#3283,#3284,#3285,#3286,
#3287,#3288,#3289,#3290,#3291,#3292,#3293,#3294,#3295,#3296,#3297,#3298,
#3299,#3300,#3301,#3302,#3303,#3304,#3305,#3306,#3307,#3308,#3309,#3310,
#3311,#3312,#3313,#3314,#3315,#3316,#3317,#3318,#3319));
#3322=DERIVED_UNIT_ELEMENT(#3324,1.);
#3323=DERIVED_UNIT_ELEMENT(#6496,-3.);
#3324=(
MASS_UNIT()
NAMED_UNIT(*)
SI_UNIT(.KILO.,.GRAM.)
);
#3325=DERIVED_UNIT((#3322,#3323));
#3326=MEASURE_REPRESENTATION_ITEM('density measure',
POSITIVE_RATIO_MEASURE(7850.),#3325);
#3327=PROPERTY_DEFINITION_REPRESENTATION(#3332,#3329);
#3328=PROPERTY_DEFINITION_REPRESENTATION(#3333,#3330);
#3329=REPRESENTATION('material name',(#3331),#6493);
#3330=REPRESENTATION('density',(#3326),#6493);
#3331=DESCRIPTIVE_REPRESENTATION_ITEM('Steel','Steel');
#3332=PROPERTY_DEFINITION('material property','material name',#6503);
#3333=PROPERTY_DEFINITION('material property','density of part',#6503);
#3334=AXIS2_PLACEMENT_3D('',#4918,#3795,#3796);
#3335=AXIS2_PLACEMENT_3D('',#4919,#3797,#3798);
#3336=AXIS2_PLACEMENT_3D('',#4922,#3799,#3800);
#3337=AXIS2_PLACEMENT_3D('',#4924,#3801,#3802);
#3338=AXIS2_PLACEMENT_3D('',#4925,#3803,#3804);
#3339=AXIS2_PLACEMENT_3D('',#4926,#3805,#3806);
#3340=AXIS2_PLACEMENT_3D('',#4929,#3807,#3808);
#3341=AXIS2_PLACEMENT_3D('',#4932,#3811,#3812);
#3342=AXIS2_PLACEMENT_3D('',#4935,#3813,#3814);
#3343=AXIS2_PLACEMENT_3D('',#4936,#3815,#3816);
#3344=AXIS2_PLACEMENT_3D('',#4937,#3817,#3818);
#3345=AXIS2_PLACEMENT_3D('',#4938,#3819,#3820);
#3346=AXIS2_PLACEMENT_3D('',#4941,#3821,#3822);
#3347=AXIS2_PLACEMENT_3D('',#4999,#3825,#3826);
#3348=AXIS2_PLACEMENT_3D('',#5000,#3827,#3828);
#3349=AXIS2_PLACEMENT_3D('',#5001,#3829,#3830);
#3350=AXIS2_PLACEMENT_3D('',#5016,#3833,#3834);
#3351=AXIS2_PLACEMENT_3D('',#5024,#3839,#3840);
#3352=AXIS2_PLACEMENT_3D('',#5027,#3842,#3843);
#3353=AXIS2_PLACEMENT_3D('',#5028,#3844,#3845);
#3354=AXIS2_PLACEMENT_3D('',#5032,#3847,#3848);
#3355=AXIS2_PLACEMENT_3D('',#5034,#3850,#3851);
#3356=AXIS2_PLACEMENT_3D('',#5036,#3852,#3853);
#3357=AXIS2_PLACEMENT_3D('',#5037,#3854,#3855);
#3358=AXIS2_PLACEMENT_3D('',#5038,#3856,#3857);
#3359=AXIS2_PLACEMENT_3D('',#5041,#3858,#3859);
#3360=AXIS2_PLACEMENT_3D('',#5044,#3862,#3863);
#3361=AXIS2_PLACEMENT_3D('',#5047,#3864,#3865);
#3362=AXIS2_PLACEMENT_3D('',#5048,#3866,#3867);
#3363=AXIS2_PLACEMENT_3D('',#5049,#3868,#3869);
#3364=AXIS2_PLACEMENT_3D('',#5050,#3870,#3871);
#3365=AXIS2_PLACEMENT_3D('',#5053,#3872,#3873);
#3366=AXIS2_PLACEMENT_3D('',#5096,#3876,#3877);
#3367=AXIS2_PLACEMENT_3D('',#5097,#3878,#3879);
#3368=AXIS2_PLACEMENT_3D('',#5098,#3880,#3881);
#3369=AXIS2_PLACEMENT_3D('',#5101,#3884,#3885);
#3370=AXIS2_PLACEMENT_3D('',#5103,#3887,#3888);
#3371=AXIS2_PLACEMENT_3D('',#5104,#3889,#3890);
#3372=AXIS2_PLACEMENT_3D('',#5108,#3892,#3893);
#3373=AXIS2_PLACEMENT_3D('',#5144,#3895,#3896);
#3374=AXIS2_PLACEMENT_3D('',#5162,#3897,#3898);
#3375=AXIS2_PLACEMENT_3D('',#5165,#3899,#3900);
#3376=AXIS2_PLACEMENT_3D('',#5166,#3901,#3902);
#3377=AXIS2_PLACEMENT_3D('',#5167,#3903,#3904);
#3378=AXIS2_PLACEMENT_3D('',#5168,#3905,#3906);
#3379=AXIS2_PLACEMENT_3D('',#5171,#3907,#3908);
#3380=AXIS2_PLACEMENT_3D('',#5174,#3911,#3912);
#3381=AXIS2_PLACEMENT_3D('',#5177,#3913,#3914);
#3382=AXIS2_PLACEMENT_3D('',#5178,#3915,#3916);
#3383=AXIS2_PLACEMENT_3D('',#5179,#3917,#3918);
#3384=AXIS2_PLACEMENT_3D('',#5180,#3919,#3920);
#3385=AXIS2_PLACEMENT_3D('',#5183,#3921,#3922);
#3386=AXIS2_PLACEMENT_3D('',#5184,#3923,#3924);
#3387=AXIS2_PLACEMENT_3D('',#5185,#3925,#3926);
#3388=AXIS2_PLACEMENT_3D('',#5186,#3927,#3928);
#3389=AXIS2_PLACEMENT_3D('',#5189,#3929,#3930);
#3390=AXIS2_PLACEMENT_3D('',#5190,#3931,#3932);
#3391=AXIS2_PLACEMENT_3D('',#5191,#3933,#3934);
#3392=AXIS2_PLACEMENT_3D('',#5192,#3935,#3936);
#3393=AXIS2_PLACEMENT_3D('',#5195,#3937,#3938);
#3394=AXIS2_PLACEMENT_3D('',#5198,#3941,#3942);
#3395=AXIS2_PLACEMENT_3D('',#5201,#3943,#3944);
#3396=AXIS2_PLACEMENT_3D('',#5202,#3945,#3946);
#3397=AXIS2_PLACEMENT_3D('',#5203,#3947,#3948);
#3398=AXIS2_PLACEMENT_3D('',#5289,#3949,#3950);
#3399=AXIS2_PLACEMENT_3D('',#5293,#3952,#3953);
#3400=AXIS2_PLACEMENT_3D('',#5295,#3955,#3956);
#3401=AXIS2_PLACEMENT_3D('',#5299,#3959,#3960);
#3402=AXIS2_PLACEMENT_3D('',#5302,#3962,#3963);
#3403=AXIS2_PLACEMENT_3D('',#5303,#3964,#3965);
#3404=AXIS2_PLACEMENT_3D('',#5306,#3967,#3968);
#3405=AXIS2_PLACEMENT_3D('',#5307,#3969,#3970);
#3406=AXIS2_PLACEMENT_3D('',#5310,#3972,#3973);
#3407=AXIS2_PLACEMENT_3D('',#5311,#3974,#3975);
#3408=AXIS2_PLACEMENT_3D('',#5315,#3978,#3979);
#3409=AXIS2_PLACEMENT_3D('',#5318,#3981,#3982);
#3410=AXIS2_PLACEMENT_3D('',#5360,#3983,#3984);
#3411=AXIS2_PLACEMENT_3D('',#5371,#3985,#3986);
#3412=AXIS2_PLACEMENT_3D('',#5374,#3987,#3988);
#3413=AXIS2_PLACEMENT_3D('',#5375,#3989,#3990);
#3414=AXIS2_PLACEMENT_3D('',#5376,#3991,#3992);
#3415=AXIS2_PLACEMENT_3D('',#5377,#3993,#3994);
#3416=AXIS2_PLACEMENT_3D('',#5380,#3995,#3996);
#3417=AXIS2_PLACEMENT_3D('',#5383,#3999,#4000);
#3418=AXIS2_PLACEMENT_3D('',#5386,#4001,#4002);
#3419=AXIS2_PLACEMENT_3D('',#5387,#4003,#4004);
#3420=AXIS2_PLACEMENT_3D('',#5388,#4005,#4006);
#3421=AXIS2_PLACEMENT_3D('',#5389,#4007,#4008);
#3422=AXIS2_PLACEMENT_3D('',#5392,#4009,#4010);
#3423=AXIS2_PLACEMENT_3D('',#5393,#4011,#4012);
#3424=AXIS2_PLACEMENT_3D('',#5394,#4013,#4014);
#3425=AXIS2_PLACEMENT_3D('',#5395,#4015,#4016);
#3426=AXIS2_PLACEMENT_3D('',#5398,#4017,#4018);
#3427=AXIS2_PLACEMENT_3D('',#5399,#4019,#4020);
#3428=AXIS2_PLACEMENT_3D('',#5400,#4021,#4022);
#3429=AXIS2_PLACEMENT_3D('',#5401,#4023,#4024);
#3430=AXIS2_PLACEMENT_3D('',#5404,#4025,#4026);
#3431=AXIS2_PLACEMENT_3D('',#5429,#4029,#4030);
#3432=AXIS2_PLACEMENT_3D('',#5431,#4031,#4032);
#3433=AXIS2_PLACEMENT_3D('',#5433,#4033,#4034);
#3434=AXIS2_PLACEMENT_3D('',#5434,#4035,#4036);
#3435=AXIS2_PLACEMENT_3D('',#5492,#4037,#4038);
#3436=AXIS2_PLACEMENT_3D('',#5493,#4039,#4040);
#3437=AXIS2_PLACEMENT_3D('',#5494,#4041,#4042);
#3438=AXIS2_PLACEMENT_3D('',#5499,#4045,#4046);
#3439=AXIS2_PLACEMENT_3D('',#5503,#4048,#4049);
#3440=AXIS2_PLACEMENT_3D('',#5506,#4051,#4052);
#3441=AXIS2_PLACEMENT_3D('',#5508,#4053,#4054);
#3442=AXIS2_PLACEMENT_3D('',#5509,#4055,#4056);
#3443=AXIS2_PLACEMENT_3D('',#5511,#4057,#4058);
#3444=AXIS2_PLACEMENT_3D('',#5528,#4061,#4062);
#3445=AXIS2_PLACEMENT_3D('',#5529,#4063,#4064);
#3446=AXIS2_PLACEMENT_3D('',#5531,#4065,#4066);
#3447=AXIS2_PLACEMENT_3D('',#5533,#4068,#4069);
#3448=AXIS2_PLACEMENT_3D('',#5534,#4070,#4071);
#3449=AXIS2_PLACEMENT_3D('',#5535,#4072,#4073);
#3450=AXIS2_PLACEMENT_3D('',#5537,#4074,#4075);
#3451=AXIS2_PLACEMENT_3D('',#5540,#4077,#4078);
#3452=AXIS2_PLACEMENT_3D('',#5542,#4080,#4081);
#3453=AXIS2_PLACEMENT_3D('',#5543,#4082,#4083);
#3454=AXIS2_PLACEMENT_3D('',#5544,#4084,#4085);
#3455=AXIS2_PLACEMENT_3D('',#5545,#4086,#4087);
#3456=AXIS2_PLACEMENT_3D('',#5546,#4088,#4089);
#3457=AXIS2_PLACEMENT_3D('',#5549,#4091,#4092);
#3458=AXIS2_PLACEMENT_3D('',#5550,#4093,#4094);
#3459=AXIS2_PLACEMENT_3D('',#5554,#4097,#4098);
#3460=AXIS2_PLACEMENT_3D('',#5555,#4099,#4100);
#3461=AXIS2_PLACEMENT_3D('',#5557,#4101,#4102);
#3462=AXIS2_PLACEMENT_3D('',#5559,#4103,#4104);
#3463=AXIS2_PLACEMENT_3D('',#5561,#4106,#4107);
#3464=AXIS2_PLACEMENT_3D('',#5564,#4108,#4109);
#3465=AXIS2_PLACEMENT_3D('',#5565,#4110,#4111);
#3466=AXIS2_PLACEMENT_3D('',#5566,#4112,#4113);
#3467=AXIS2_PLACEMENT_3D('',#5567,#4114,#4115);
#3468=AXIS2_PLACEMENT_3D('',#5570,#4116,#4117);
#3469=AXIS2_PLACEMENT_3D('',#5573,#4120,#4121);
#3470=AXIS2_PLACEMENT_3D('',#5576,#4122,#4123);
#3471=AXIS2_PLACEMENT_3D('',#5577,#4124,#4125);
#3472=AXIS2_PLACEMENT_3D('',#5578,#4126,#4127);
#3473=AXIS2_PLACEMENT_3D('',#5579,#4128,#4129);
#3474=AXIS2_PLACEMENT_3D('',#5582,#4130,#4131);
#3475=AXIS2_PLACEMENT_3D('',#5583,#4132,#4133);
#3476=AXIS2_PLACEMENT_3D('',#5584,#4134,#4135);
#3477=AXIS2_PLACEMENT_3D('',#5585,#4136,#4137);
#3478=AXIS2_PLACEMENT_3D('',#5588,#4138,#4139);
#3479=AXIS2_PLACEMENT_3D('',#5589,#4140,#4141);
#3480=AXIS2_PLACEMENT_3D('',#5590,#4142,#4143);
#3481=AXIS2_PLACEMENT_3D('',#5591,#4144,#4145);
#3482=AXIS2_PLACEMENT_3D('',#5594,#4146,#4147);
#3483=AXIS2_PLACEMENT_3D('',#5614,#4150,#4151);
#3484=AXIS2_PLACEMENT_3D('',#5615,#4152,#4153);
#3485=AXIS2_PLACEMENT_3D('',#5616,#4154,#4155);
#3486=AXIS2_PLACEMENT_3D('',#5617,#4156,#4157);
#3487=AXIS2_PLACEMENT_3D('',#5619,#4158,#4159);
#3488=AXIS2_PLACEMENT_3D('',#5621,#4160,#4161);
#3489=AXIS2_PLACEMENT_3D('',#5622,#4162,#4163);
#3490=AXIS2_PLACEMENT_3D('',#5623,#4164,#4165);
#3491=AXIS2_PLACEMENT_3D('',#5625,#4166,#4167);
#3492=AXIS2_PLACEMENT_3D('',#5627,#4169,#4170);
#3493=AXIS2_PLACEMENT_3D('',#5629,#4171,#4172);
#3494=AXIS2_PLACEMENT_3D('',#5630,#4173,#4174);
#3495=AXIS2_PLACEMENT_3D('',#5631,#4175,#4176);
#3496=AXIS2_PLACEMENT_3D('',#5633,#4177,#4178);
#3497=AXIS2_PLACEMENT_3D('',#5634,#4179,#4180);
#3498=AXIS2_PLACEMENT_3D('',#5635,#4181,#4182);
#3499=AXIS2_PLACEMENT_3D('',#5637,#4183,#4184);
#3500=AXIS2_PLACEMENT_3D('',#5638,#4185,#4186);
#3501=AXIS2_PLACEMENT_3D('',#5639,#4187,#4188);
#3502=AXIS2_PLACEMENT_3D('',#5641,#4189,#4190);
#3503=AXIS2_PLACEMENT_3D('',#5643,#4192,#4193);
#3504=AXIS2_PLACEMENT_3D('',#5645,#4194,#4195);
#3505=AXIS2_PLACEMENT_3D('',#5646,#4196,#4197);
#3506=AXIS2_PLACEMENT_3D('',#5647,#4198,#4199);
#3507=AXIS2_PLACEMENT_3D('',#5650,#4200,#4201);
#3508=AXIS2_PLACEMENT_3D('',#5653,#4204,#4205);
#3509=AXIS2_PLACEMENT_3D('',#5656,#4208,#4209);
#3510=AXIS2_PLACEMENT_3D('',#5657,#4210,#4211);
#3511=AXIS2_PLACEMENT_3D('',#5658,#4212,#4213);
#3512=AXIS2_PLACEMENT_3D('',#5660,#4215,#4216);
#3513=AXIS2_PLACEMENT_3D('',#5661,#4217,#4218);
#3514=AXIS2_PLACEMENT_3D('',#5662,#4219,#4220);
#3515=AXIS2_PLACEMENT_3D('',#5663,#4221,#4222);
#3516=AXIS2_PLACEMENT_3D('',#5666,#4225,#4226);
#3517=AXIS2_PLACEMENT_3D('',#5667,#4227,#4228);
#3518=AXIS2_PLACEMENT_3D('',#5669,#4229,#4230);
#3519=AXIS2_PLACEMENT_3D('',#5671,#4231,#4232);
#3520=AXIS2_PLACEMENT_3D('',#5672,#4233,#4234);
#3521=AXIS2_PLACEMENT_3D('',#5673,#4235,#4236);
#3522=AXIS2_PLACEMENT_3D('',#5675,#4238,#4239);
#3523=AXIS2_PLACEMENT_3D('',#5677,#4241,#4242);
#3524=AXIS2_PLACEMENT_3D('',#5686,#4247,#4248);
#3525=AXIS2_PLACEMENT_3D('',#5687,#4249,#4250);
#3526=AXIS2_PLACEMENT_3D('',#5688,#4251,#4252);
#3527=AXIS2_PLACEMENT_3D('',#5689,#4253,#4254);
#3528=AXIS2_PLACEMENT_3D('',#5691,#4255,#4256);
#3529=AXIS2_PLACEMENT_3D('',#5692,#4257,#4258);
#3530=AXIS2_PLACEMENT_3D('',#5693,#4259,#4260);
#3531=AXIS2_PLACEMENT_3D('',#5695,#4261,#4262);
#3532=AXIS2_PLACEMENT_3D('',#5697,#4264,#4265);
#3533=AXIS2_PLACEMENT_3D('',#5698,#4266,#4267);
#3534=AXIS2_PLACEMENT_3D('',#5699,#4268,#4269);
#3535=AXIS2_PLACEMENT_3D('',#5702,#4271,#4272);
#3536=AXIS2_PLACEMENT_3D('',#5703,#4273,#4274);
#3537=AXIS2_PLACEMENT_3D('',#5707,#4277,#4278);
#3538=AXIS2_PLACEMENT_3D('',#5710,#4280,#4281);
#3539=AXIS2_PLACEMENT_3D('',#5711,#4282,#4283);
#3540=AXIS2_PLACEMENT_3D('',#5713,#4284,#4285);
#3541=AXIS2_PLACEMENT_3D('',#5716,#4287,#4288);
#3542=AXIS2_PLACEMENT_3D('',#5717,#4289,#4290);
#3543=AXIS2_PLACEMENT_3D('',#5718,#4291,#4292);
#3544=AXIS2_PLACEMENT_3D('',#5732,#4299,#4300);
#3545=AXIS2_PLACEMENT_3D('',#5733,#4301,#4302);
#3546=AXIS2_PLACEMENT_3D('',#5736,#4304,#4305);
#3547=AXIS2_PLACEMENT_3D('',#5748,#4306,#4307);
#3548=AXIS2_PLACEMENT_3D('',#5750,#4308,#4309);
#3549=AXIS2_PLACEMENT_3D('',#5751,#4310,#4311);
#3550=AXIS2_PLACEMENT_3D('',#5752,#4312,#4313);
#3551=AXIS2_PLACEMENT_3D('',#5753,#4314,#4315);
#3552=AXIS2_PLACEMENT_3D('',#5755,#4316,#4317);
#3553=AXIS2_PLACEMENT_3D('',#5767,#4319,#4320);
#3554=AXIS2_PLACEMENT_3D('',#5768,#4321,#4322);
#3555=AXIS2_PLACEMENT_3D('',#5769,#4323,#4324);
#3556=AXIS2_PLACEMENT_3D('',#5771,#4325,#4326);
#3557=AXIS2_PLACEMENT_3D('',#5789,#4328,#4329);
#3558=AXIS2_PLACEMENT_3D('',#5790,#4330,#4331);
#3559=AXIS2_PLACEMENT_3D('',#5791,#4332,#4333);
#3560=AXIS2_PLACEMENT_3D('',#5793,#4334,#4335);
#3561=AXIS2_PLACEMENT_3D('',#5812,#4337,#4338);
#3562=AXIS2_PLACEMENT_3D('',#5813,#4339,#4340);
#3563=AXIS2_PLACEMENT_3D('',#5814,#4341,#4342);
#3564=AXIS2_PLACEMENT_3D('',#5815,#4343,#4344);
#3565=AXIS2_PLACEMENT_3D('',#5818,#4347,#4348);
#3566=AXIS2_PLACEMENT_3D('',#5820,#4350,#4351);
#3567=AXIS2_PLACEMENT_3D('',#5831,#4358,#4359);
#3568=AXIS2_PLACEMENT_3D('',#5832,#4360,#4361);
#3569=AXIS2_PLACEMENT_3D('',#5833,#4362,#4363);
#3570=AXIS2_PLACEMENT_3D('',#5834,#4364,#4365);
#3571=AXIS2_PLACEMENT_3D('',#5837,#4367,#4368);
#3572=AXIS2_PLACEMENT_3D('',#5838,#4369,#4370);
#3573=AXIS2_PLACEMENT_3D('',#5840,#4372,#4373);
#3574=AXIS2_PLACEMENT_3D('',#5843,#4375,#4376);
#3575=AXIS2_PLACEMENT_3D('',#5844,#4377,#4378);
#3576=AXIS2_PLACEMENT_3D('',#5847,#4380,#4381);
#3577=AXIS2_PLACEMENT_3D('',#5848,#4382,#4383);
#3578=AXIS2_PLACEMENT_3D('',#5850,#4385,#4386);
#3579=AXIS2_PLACEMENT_3D('',#5852,#4387,#4388);
#3580=AXIS2_PLACEMENT_3D('',#5854,#4390,#4391);
#3581=AXIS2_PLACEMENT_3D('',#5856,#4392,#4393);
#3582=AXIS2_PLACEMENT_3D('',#5858,#4395,#4396);
#3583=AXIS2_PLACEMENT_3D('',#5860,#4398,#4399);
#3584=AXIS2_PLACEMENT_3D('',#5861,#4400,#4401);
#3585=AXIS2_PLACEMENT_3D('',#5862,#4402,#4403);
#3586=AXIS2_PLACEMENT_3D('',#5864,#4405,#4406);
#3587=AXIS2_PLACEMENT_3D('',#5866,#4408,#4409);
#3588=AXIS2_PLACEMENT_3D('',#5867,#4410,#4411);
#3589=AXIS2_PLACEMENT_3D('',#5871,#4414,#4415);
#3590=AXIS2_PLACEMENT_3D('',#5875,#4418,#4419);
#3591=AXIS2_PLACEMENT_3D('',#5877,#4421,#4422);
#3592=AXIS2_PLACEMENT_3D('',#5878,#4423,#4424);
#3593=AXIS2_PLACEMENT_3D('',#5881,#4426,#4427);
#3594=AXIS2_PLACEMENT_3D('',#5882,#4428,#4429);
#3595=AXIS2_PLACEMENT_3D('',#5883,#4430,#4431);
#3596=AXIS2_PLACEMENT_3D('',#5885,#4432,#4433);
#3597=AXIS2_PLACEMENT_3D('',#5888,#4435,#4436);
#3598=AXIS2_PLACEMENT_3D('',#5889,#4437,#4438);
#3599=AXIS2_PLACEMENT_3D('',#5891,#4440,#4441);
#3600=AXIS2_PLACEMENT_3D('',#5926,#4442,#4443);
#3601=AXIS2_PLACEMENT_3D('',#5944,#4444,#4445);
#3602=AXIS2_PLACEMENT_3D('',#5947,#4446,#4447);
#3603=AXIS2_PLACEMENT_3D('',#5948,#4448,#4449);
#3604=AXIS2_PLACEMENT_3D('',#5949,#4450,#4451);
#3605=AXIS2_PLACEMENT_3D('',#5950,#4452,#4453);
#3606=AXIS2_PLACEMENT_3D('',#5953,#4454,#4455);
#3607=AXIS2_PLACEMENT_3D('',#5956,#4458,#4459);
#3608=AXIS2_PLACEMENT_3D('',#5959,#4460,#4461);
#3609=AXIS2_PLACEMENT_3D('',#5960,#4462,#4463);
#3610=AXIS2_PLACEMENT_3D('',#5961,#4464,#4465);
#3611=AXIS2_PLACEMENT_3D('',#5962,#4466,#4467);
#3612=AXIS2_PLACEMENT_3D('',#5965,#4468,#4469);
#3613=AXIS2_PLACEMENT_3D('',#5966,#4470,#4471);
#3614=AXIS2_PLACEMENT_3D('',#5967,#4472,#4473);
#3615=AXIS2_PLACEMENT_3D('',#5968,#4474,#4475);
#3616=AXIS2_PLACEMENT_3D('',#5971,#4476,#4477);
#3617=AXIS2_PLACEMENT_3D('',#5972,#4478,#4479);
#3618=AXIS2_PLACEMENT_3D('',#5973,#4480,#4481);
#3619=AXIS2_PLACEMENT_3D('',#5974,#4482,#4483);
#3620=AXIS2_PLACEMENT_3D('',#5977,#4484,#4485);
#3621=AXIS2_PLACEMENT_3D('',#5980,#4488,#4489);
#3622=AXIS2_PLACEMENT_3D('',#5983,#4490,#4491);
#3623=AXIS2_PLACEMENT_3D('',#5984,#4492,#4493);
#3624=AXIS2_PLACEMENT_3D('',#5985,#4494,#4495);
#3625=AXIS2_PLACEMENT_3D('',#5986,#4496,#4497);
#3626=AXIS2_PLACEMENT_3D('',#5989,#4498,#4499);
#3627=AXIS2_PLACEMENT_3D('',#5990,#4500,#4501);
#3628=AXIS2_PLACEMENT_3D('',#5991,#4502,#4503);
#3629=AXIS2_PLACEMENT_3D('',#5992,#4504,#4505);
#3630=AXIS2_PLACEMENT_3D('',#5995,#4506,#4507);
#3631=AXIS2_PLACEMENT_3D('',#5996,#4508,#4509);
#3632=AXIS2_PLACEMENT_3D('',#5997,#4510,#4511);
#3633=AXIS2_PLACEMENT_3D('',#5998,#4512,#4513);
#3634=AXIS2_PLACEMENT_3D('',#6001,#4514,#4515);
#3635=AXIS2_PLACEMENT_3D('',#6026,#4518,#4519);
#3636=AXIS2_PLACEMENT_3D('',#6028,#4520,#4521);
#3637=AXIS2_PLACEMENT_3D('',#6030,#4522,#4523);
#3638=AXIS2_PLACEMENT_3D('',#6031,#4524,#4525);
#3639=AXIS2_PLACEMENT_3D('',#6089,#4526,#4527);
#3640=AXIS2_PLACEMENT_3D('',#6090,#4528,#4529);
#3641=AXIS2_PLACEMENT_3D('',#6091,#4530,#4531);
#3642=AXIS2_PLACEMENT_3D('',#6097,#4535,#4536);
#3643=AXIS2_PLACEMENT_3D('',#6100,#4538,#4539);
#3644=AXIS2_PLACEMENT_3D('',#6101,#4540,#4541);
#3645=AXIS2_PLACEMENT_3D('',#6104,#4543,#4544);
#3646=AXIS2_PLACEMENT_3D('',#6105,#4545,#4546);
#3647=AXIS2_PLACEMENT_3D('',#6108,#4548,#4549);
#3648=AXIS2_PLACEMENT_3D('',#6109,#4550,#4551);
#3649=AXIS2_PLACEMENT_3D('',#6113,#4554,#4555);
#3650=AXIS2_PLACEMENT_3D('',#6116,#4557,#4558);
#3651=AXIS2_PLACEMENT_3D('',#6117,#4559,#4560);
#3652=AXIS2_PLACEMENT_3D('',#6120,#4562,#4563);
#3653=AXIS2_PLACEMENT_3D('',#6121,#4564,#4565);
#3654=AXIS2_PLACEMENT_3D('',#6124,#4567,#4568);
#3655=AXIS2_PLACEMENT_3D('',#6125,#4569,#4570);
#3656=AXIS2_PLACEMENT_3D('',#6141,#4579,#4580);
#3657=AXIS2_PLACEMENT_3D('',#6143,#4581,#4582);
#3658=AXIS2_PLACEMENT_3D('',#6144,#4583,#4584);
#3659=AXIS2_PLACEMENT_3D('',#6145,#4585,#4586);
#3660=AXIS2_PLACEMENT_3D('',#6147,#4587,#4588);
#3661=AXIS2_PLACEMENT_3D('',#6149,#4590,#4591);
#3662=AXIS2_PLACEMENT_3D('',#6151,#4592,#4593);
#3663=AXIS2_PLACEMENT_3D('',#6153,#4594,#4595);
#3664=AXIS2_PLACEMENT_3D('',#6154,#4596,#4597);
#3665=AXIS2_PLACEMENT_3D('',#6155,#4598,#4599);
#3666=AXIS2_PLACEMENT_3D('',#6157,#4600,#4601);
#3667=AXIS2_PLACEMENT_3D('',#6159,#4603,#4604);
#3668=AXIS2_PLACEMENT_3D('',#6161,#4605,#4606);
#3669=AXIS2_PLACEMENT_3D('',#6162,#4607,#4608);
#3670=AXIS2_PLACEMENT_3D('',#6163,#4609,#4610);
#3671=AXIS2_PLACEMENT_3D('',#6165,#4611,#4612);
#3672=AXIS2_PLACEMENT_3D('',#6166,#4613,#4614);
#3673=AXIS2_PLACEMENT_3D('',#6167,#4615,#4616);
#3674=AXIS2_PLACEMENT_3D('',#6169,#4617,#4618);
#3675=AXIS2_PLACEMENT_3D('',#6170,#4619,#4620);
#3676=AXIS2_PLACEMENT_3D('',#6171,#4621,#4622);
#3677=AXIS2_PLACEMENT_3D('',#6173,#4623,#4624);
#3678=AXIS2_PLACEMENT_3D('',#6192,#4626,#4627);
#3679=AXIS2_PLACEMENT_3D('',#6193,#4628,#4629);
#3680=AXIS2_PLACEMENT_3D('',#6194,#4630,#4631);
#3681=AXIS2_PLACEMENT_3D('',#6195,#4632,#4633);
#3682=AXIS2_PLACEMENT_3D('',#6198,#4634,#4635);
#3683=AXIS2_PLACEMENT_3D('',#6201,#4638,#4639);
#3684=AXIS2_PLACEMENT_3D('',#6203,#4640,#4641);
#3685=AXIS2_PLACEMENT_3D('',#6204,#4642,#4643);
#3686=AXIS2_PLACEMENT_3D('',#6205,#4644,#4645);
#3687=AXIS2_PLACEMENT_3D('',#6206,#4646,#4647);
#3688=AXIS2_PLACEMENT_3D('',#6208,#4648,#4649);
#3689=AXIS2_PLACEMENT_3D('',#6210,#4651,#4652);
#3690=AXIS2_PLACEMENT_3D('',#6212,#4653,#4654);
#3691=AXIS2_PLACEMENT_3D('',#6213,#4655,#4656);
#3692=AXIS2_PLACEMENT_3D('',#6214,#4657,#4658);
#3693=AXIS2_PLACEMENT_3D('',#6215,#4659,#4660);
#3694=AXIS2_PLACEMENT_3D('',#6216,#4661,#4662);
#3695=AXIS2_PLACEMENT_3D('',#6218,#4663,#4664);
#3696=AXIS2_PLACEMENT_3D('',#6220,#4665,#4666);
#3697=AXIS2_PLACEMENT_3D('',#6221,#4667,#4668);
#3698=AXIS2_PLACEMENT_3D('',#6224,#4669,#4670);
#3699=AXIS2_PLACEMENT_3D('',#6228,#4672,#4673);
#3700=AXIS2_PLACEMENT_3D('',#6230,#4675,#4676);
#3701=AXIS2_PLACEMENT_3D('',#6233,#4677,#4678);
#3702=AXIS2_PLACEMENT_3D('',#6236,#4681,#4682);
#3703=AXIS2_PLACEMENT_3D('',#6240,#4684,#4685);
#3704=AXIS2_PLACEMENT_3D('',#6244,#4687,#4688);
#3705=AXIS2_PLACEMENT_3D('',#6247,#4690,#4691);
#3706=AXIS2_PLACEMENT_3D('',#6249,#4692,#4693);
#3707=AXIS2_PLACEMENT_3D('',#6253,#4696,#4697);
#3708=AXIS2_PLACEMENT_3D('',#6256,#4699,#4700);
#3709=AXIS2_PLACEMENT_3D('',#6257,#4701,#4702);
#3710=AXIS2_PLACEMENT_3D('',#6259,#4704,#4705);
#3711=AXIS2_PLACEMENT_3D('',#6261,#4706,#4707);
#3712=AXIS2_PLACEMENT_3D('',#6264,#4709,#4710);
#3713=AXIS2_PLACEMENT_3D('',#6265,#4711,#4712);
#3714=AXIS2_PLACEMENT_3D('',#6268,#4714,#4715);
#3715=AXIS2_PLACEMENT_3D('',#6269,#4716,#4717);
#3716=AXIS2_PLACEMENT_3D('',#6272,#4719,#4720);
#3717=AXIS2_PLACEMENT_3D('',#6273,#4721,#4722);
#3718=AXIS2_PLACEMENT_3D('',#6275,#4724,#4725);
#3719=AXIS2_PLACEMENT_3D('',#6276,#4726,#4727);
#3720=AXIS2_PLACEMENT_3D('',#6278,#4729,#4730);
#3721=AXIS2_PLACEMENT_3D('',#6287,#4735,#4736);
#3722=AXIS2_PLACEMENT_3D('',#6288,#4737,#4738);
#3723=AXIS2_PLACEMENT_3D('',#6289,#4739,#4740);
#3724=AXIS2_PLACEMENT_3D('',#6290,#4741,#4742);
#3725=AXIS2_PLACEMENT_3D('',#6292,#4743,#4744);
#3726=AXIS2_PLACEMENT_3D('',#6293,#4745,#4746);
#3727=AXIS2_PLACEMENT_3D('',#6294,#4747,#4748);
#3728=AXIS2_PLACEMENT_3D('',#6296,#4749,#4750);
#3729=AXIS2_PLACEMENT_3D('',#6298,#4752,#4753);
#3730=AXIS2_PLACEMENT_3D('',#6300,#4754,#4755);
#3731=AXIS2_PLACEMENT_3D('',#6301,#4756,#4757);
#3732=AXIS2_PLACEMENT_3D('',#6302,#4758,#4759);
#3733=AXIS2_PLACEMENT_3D('',#6318,#4762,#4763);
#3734=AXIS2_PLACEMENT_3D('',#6320,#4764,#4765);
#3735=AXIS2_PLACEMENT_3D('',#6322,#4767,#4768);
#3736=AXIS2_PLACEMENT_3D('',#6326,#4771,#4772);
#3737=AXIS2_PLACEMENT_3D('',#6328,#4773,#4774);
#3738=AXIS2_PLACEMENT_3D('',#6330,#4776,#4777);
#3739=AXIS2_PLACEMENT_3D('',#6332,#4778,#4779);
#3740=AXIS2_PLACEMENT_3D('',#6335,#4781,#4782);
#3741=AXIS2_PLACEMENT_3D('',#6336,#4783,#4784);
#3742=AXIS2_PLACEMENT_3D('',#6337,#4785,#4786);
#3743=AXIS2_PLACEMENT_3D('',#6341,#4788,#4789);
#3744=AXIS2_PLACEMENT_3D('',#6342,#4790,#4791);
#3745=AXIS2_PLACEMENT_3D('',#6355,#4798,#4799);
#3746=AXIS2_PLACEMENT_3D('',#6366,#4800,#4801);
#3747=AXIS2_PLACEMENT_3D('',#6367,#4802,#4803);
#3748=AXIS2_PLACEMENT_3D('',#6369,#4804,#4805);
#3749=AXIS2_PLACEMENT_3D('',#6370,#4806,#4807);
#3750=AXIS2_PLACEMENT_3D('',#6371,#4808,#4809);
#3751=AXIS2_PLACEMENT_3D('',#6373,#4810,#4811);
#3752=AXIS2_PLACEMENT_3D('',#6385,#4813,#4814);
#3753=AXIS2_PLACEMENT_3D('',#6386,#4815,#4816);
#3754=AXIS2_PLACEMENT_3D('',#6387,#4817,#4818);
#3755=AXIS2_PLACEMENT_3D('',#6389,#4819,#4820);
#3756=AXIS2_PLACEMENT_3D('',#6407,#4822,#4823);
#3757=AXIS2_PLACEMENT_3D('',#6408,#4824,#4825);
#3758=AXIS2_PLACEMENT_3D('',#6409,#4826,#4827);
#3759=AXIS2_PLACEMENT_3D('',#6411,#4828,#4829);
#3760=AXIS2_PLACEMENT_3D('',#6429,#4831,#4832);
#3761=AXIS2_PLACEMENT_3D('',#6430,#4833,#4834);
#3762=AXIS2_PLACEMENT_3D('',#6431,#4835,#4836);
#3763=AXIS2_PLACEMENT_3D('',#6432,#4837,#4838);
#3764=AXIS2_PLACEMENT_3D('',#6434,#4840,#4841);
#3765=AXIS2_PLACEMENT_3D('',#6435,#4842,#4843);
#3766=AXIS2_PLACEMENT_3D('',#6436,#4844,#4845);
#3767=AXIS2_PLACEMENT_3D('',#6437,#4846,#4847);
#3768=AXIS2_PLACEMENT_3D('',#6438,#4848,#4849);
#3769=AXIS2_PLACEMENT_3D('',#6441,#4851,#4852);
#3770=AXIS2_PLACEMENT_3D('',#6442,#4853,#4854);
#3771=AXIS2_PLACEMENT_3D('',#6444,#4856,#4857);
#3772=AXIS2_PLACEMENT_3D('',#6447,#4859,#4860);
#3773=AXIS2_PLACEMENT_3D('',#6448,#4861,#4862);
#3774=AXIS2_PLACEMENT_3D('',#6451,#4864,#4865);
#3775=AXIS2_PLACEMENT_3D('',#6452,#4866,#4867);
#3776=AXIS2_PLACEMENT_3D('',#6454,#4869,#4870);
#3777=AXIS2_PLACEMENT_3D('',#6456,#4871,#4872);
#3778=AXIS2_PLACEMENT_3D('',#6458,#4874,#4875);
#3779=AXIS2_PLACEMENT_3D('',#6460,#4876,#4877);
#3780=AXIS2_PLACEMENT_3D('',#6462,#4879,#4880);
#3781=AXIS2_PLACEMENT_3D('',#6464,#4882,#4883);
#3782=AXIS2_PLACEMENT_3D('',#6465,#4884,#4885);
#3783=AXIS2_PLACEMENT_3D('',#6466,#4886,#4887);
#3784=AXIS2_PLACEMENT_3D('',#6470,#4890,#4891);
#3785=AXIS2_PLACEMENT_3D('',#6474,#4894,#4895);
#3786=AXIS2_PLACEMENT_3D('',#6476,#4897,#4898);
#3787=AXIS2_PLACEMENT_3D('',#6477,#4899,#4900);
#3788=AXIS2_PLACEMENT_3D('',#6480,#4902,#4903);
#3789=AXIS2_PLACEMENT_3D('',#6481,#4904,#4905);
#3790=AXIS2_PLACEMENT_3D('',#6482,#4906,#4907);
#3791=AXIS2_PLACEMENT_3D('',#6484,#4908,#4909);
#3792=AXIS2_PLACEMENT_3D('',#6487,#4911,#4912);
#3793=AXIS2_PLACEMENT_3D('',#6488,#4913,#4914);
#3794=AXIS2_PLACEMENT_3D('',#6490,#4916,#4917);
#3795=DIRECTION('axis',(0.,0.,1.));
#3796=DIRECTION('refdir',(1.,0.,0.));
#3797=DIRECTION('center_axis',(-0.408248290463864,-0.40824829046386,-0.816496580927727));
#3798=DIRECTION('ref_axis',(-0.577350269189628,-0.577350269189625,0.577350269189625));
#3799=DIRECTION('center_axis',(0.,0.,1.));
#3800=DIRECTION('ref_axis',(-1.,0.,0.));
#3801=DIRECTION('center_axis',(-1.,0.,0.));
#3802=DIRECTION('ref_axis',(0.,-0.707106781186548,0.707106781186548));
#3803=DIRECTION('center_axis',(0.,-1.,0.));
#3804=DIRECTION('ref_axis',(-0.70710678118655,0.,0.707106781186545));
#3805=DIRECTION('center_axis',(0.,0.,1.));
#3806=DIRECTION('ref_axis',(-0.707106781186548,-0.707106781186548,0.));
#3807=DIRECTION('center_axis',(0.,0.,1.));
#3808=DIRECTION('ref_axis',(-1.,0.,0.));
#3809=DIRECTION('',(0.,0.,1.));
#3810=DIRECTION('',(0.,0.,-1.));
#3811=DIRECTION('center_axis',(-1.,0.,0.));
#3812=DIRECTION('ref_axis',(0.,0.,1.));
#3813=DIRECTION('center_axis',(0.,0.866025403784434,0.500000000000007));
#3814=DIRECTION('ref_axis',(-1.,0.,0.));
#3815=DIRECTION('center_axis',(1.,0.,0.));
#3816=DIRECTION('ref_axis',(0.,0.866025403784439,-0.5));
#3817=DIRECTION('center_axis',(-1.,0.,0.));
#3818=DIRECTION('ref_axis',(0.,0.866025403784439,-0.5));
#3819=DIRECTION('center_axis',(0.,-0.866025403784439,-0.5));
#3820=DIRECTION('ref_axis',(-0.707106781186544,-0.353553390593278,0.612372435695796));
#3821=DIRECTION('center_axis',(0.,0.866025403784438,0.500000000000002));
#3822=DIRECTION('ref_axis',(-1.,0.,0.));
#3823=DIRECTION('',(0.,0.866025403784439,0.5));
#3824=DIRECTION('',(0.,-0.866025403784439,-0.5));
#3825=DIRECTION('center_axis',(0.,-0.5,0.866025403784439));
#3826=DIRECTION('ref_axis',(-5.55111512312578E-17,-0.866025403784438,-0.5));
#3827=DIRECTION('center_axis',(0.,0.419313934688767,-0.907841299003204));
#3828=DIRECTION('ref_axis',(0.,-0.907841299003204,-0.419313934688767));
#3829=DIRECTION('center_axis',(0.,1.,0.));
#3830=DIRECTION('ref_axis',(0.707106781186547,0.,-0.707106781186548));
#3831=DIRECTION('',(0.,1.,0.));
#3832=DIRECTION('',(0.,-1.,0.));
#3833=DIRECTION('center_axis',(-1.,0.,0.));
#3834=DIRECTION('ref_axis',(0.,-1.,0.));
#3835=DIRECTION('',(0.,-1.,0.));
#3836=DIRECTION('',(0.,0.,1.));
#3837=DIRECTION('',(0.,1.,0.));
#3838=DIRECTION('',(0.,0.,-1.));
#3839=DIRECTION('center_axis',(0.,-1.,0.));
#3840=DIRECTION('ref_axis',(-0.707106781186551,0.,0.707106781186544));
#3841=DIRECTION('',(0.,1.,0.));
#3842=DIRECTION('center_axis',(0.,-1.,0.));
#3843=DIRECTION('ref_axis',(0.,0.,1.));
#3844=DIRECTION('center_axis',(1.,0.,0.));
#3845=DIRECTION('ref_axis',(0.,-0.707106781186548,0.707106781186548));
#3846=DIRECTION('',(1.,0.,0.));
#3847=DIRECTION('center_axis',(1.,0.,0.));
#3848=DIRECTION('ref_axis',(0.,-0.707106781186548,0.707106781186548));
#3849=DIRECTION('',(-1.,0.,0.));
#3850=DIRECTION('center_axis',(0.408248290463864,-0.40824829046386,-0.816496580927727));
#3851=DIRECTION('ref_axis',(0.577350269189628,-0.577350269189625,0.577350269189625));
#3852=DIRECTION('center_axis',(0.,0.,1.));
#3853=DIRECTION('ref_axis',(0.,-1.,0.));
#3854=DIRECTION('center_axis',(0.,-1.,0.));
#3855=DIRECTION('ref_axis',(0.70710678118655,0.,0.707106781186545));
#3856=DIRECTION('center_axis',(0.,0.,1.));
#3857=DIRECTION('ref_axis',(0.707106781186548,-0.707106781186548,0.));
#3858=DIRECTION('center_axis',(0.,0.,1.));
#3859=DIRECTION('ref_axis',(0.,-1.,0.));
#3860=DIRECTION('',(0.,0.,1.));
#3861=DIRECTION('',(0.,0.,-1.));
#3862=DIRECTION('center_axis',(1.,0.,0.));
#3863=DIRECTION('ref_axis',(0.,0.,-1.));
#3864=DIRECTION('center_axis',(0.,0.866025403784434,0.500000000000007));
#3865=DIRECTION('ref_axis',(0.,-0.500000000000007,0.866025403784434));
#3866=DIRECTION('center_axis',(1.,0.,0.));
#3867=DIRECTION('ref_axis',(0.,0.866025403784439,-0.5));
#3868=DIRECTION('center_axis',(-1.,0.,0.));
#3869=DIRECTION('ref_axis',(0.,0.866025403784439,-0.5));
#3870=DIRECTION('center_axis',(0.,0.866025403784439,0.5));
#3871=DIRECTION('ref_axis',(0.707106781186547,-0.353553390593277,0.612372435695794));
#3872=DIRECTION('center_axis',(1.11022302462517E-15,0.866025403784436,0.500000000000005));
#3873=DIRECTION('ref_axis',(0.,-0.500000000000005,0.866025403784435));
#3874=DIRECTION('',(0.,0.866025403784439,0.5));
#3875=DIRECTION('',(0.,-0.866025403784439,-0.5));
#3876=DIRECTION('center_axis',(0.,0.419313934688767,-0.907841299003204));
#3877=DIRECTION('ref_axis',(0.,-0.907841299003204,-0.419313934688767));
#3878=DIRECTION('center_axis',(0.,-0.5,0.866025403784439));
#3879=DIRECTION('ref_axis',(5.55111512312578E-17,-0.866025403784438,-0.5));
#3880=DIRECTION('center_axis',(0.,-0.5,0.866025403784439));
#3881=DIRECTION('ref_axis',(0.,0.866025403784439,0.5));
#3882=DIRECTION('',(-1.,0.,0.));
#3883=DIRECTION('',(1.,0.,0.));
#3884=DIRECTION('center_axis',(1.,0.,0.));
#3885=DIRECTION('ref_axis',(0.,0.866025403784438,-0.500000000000001));
#3886=DIRECTION('',(-1.,0.,0.));
#3887=DIRECTION('center_axis',(0.,-1.,0.));
#3888=DIRECTION('ref_axis',(1.,0.,0.));
#3889=DIRECTION('center_axis',(0.,1.,0.));
#3890=DIRECTION('ref_axis',(0.707106781186551,0.,0.707106781186544));
#3891=DIRECTION('',(0.,1.,0.));
#3892=DIRECTION('center_axis',(0.,-1.,0.));
#3893=DIRECTION('ref_axis',(1.,0.,0.));
#3894=DIRECTION('',(0.,-1.,0.));
#3895=DIRECTION('center_axis',(-0.981533936612441,-0.191288084516743,-1.21157315792957E-14));
#3896=DIRECTION('ref_axis',(0.191288084516743,-0.981533936612441,0.));
#3897=DIRECTION('center_axis',(0.,0.,-1.));
#3898=DIRECTION('ref_axis',(-1.,0.,0.));
#3899=DIRECTION('center_axis',(-1.,-1.42108547152023E-13,0.));
#3900=DIRECTION('ref_axis',(1.42108547152023E-13,-1.,0.));
#3901=DIRECTION('center_axis',(0.,0.,1.));
#3902=DIRECTION('ref_axis',(-0.134561667278592,0.990905221350259,0.));
#3903=DIRECTION('center_axis',(0.,0.,-1.));
#3904=DIRECTION('ref_axis',(-0.134561667278592,0.990905221350259,0.));
#3905=DIRECTION('center_axis',(1.,1.42392272750851E-13,0.));
#3906=DIRECTION('ref_axis',(1.00485917355761E-13,-0.707106781186552,0.707106781186543));
#3907=DIRECTION('center_axis',(-1.,-1.42108547152018E-13,0.));
#3908=DIRECTION('ref_axis',(1.42108547152018E-13,-1.,0.));
#3909=DIRECTION('',(-1.,-1.42392272750851E-13,0.));
#3910=DIRECTION('',(1.,1.42392272750851E-13,0.));
#3911=DIRECTION('center_axis',(0.,0.,1.));
#3912=DIRECTION('ref_axis',(1.,0.,0.));
#3913=DIRECTION('center_axis',(-0.974999999999739,0.222204860434033,0.));
#3914=DIRECTION('ref_axis',(-0.222204860434033,-0.974999999999739,0.));
#3915=DIRECTION('center_axis',(0.,0.,1.));
#3916=DIRECTION('ref_axis',(0.111803398875501,0.993730345717532,0.));
#3917=DIRECTION('center_axis',(0.,0.,-1.));
#3918=DIRECTION('ref_axis',(0.111803398875501,0.993730345717532,0.));
#3919=DIRECTION('center_axis',(0.,0.,1.));
#3920=DIRECTION('ref_axis',(1.,0.,0.));
#3921=DIRECTION('center_axis',(0.974999999999573,0.222204860434764,0.));
#3922=DIRECTION('ref_axis',(-0.222204860434764,0.974999999999573,0.));
#3923=DIRECTION('center_axis',(0.,0.,-1.));
#3924=DIRECTION('ref_axis',(1.,3.74811293113453E-13,0.));
#3925=DIRECTION('center_axis',(0.,0.,1.));
#3926=DIRECTION('ref_axis',(1.,3.74811293113453E-13,0.));
#3927=DIRECTION('center_axis',(0.,0.,1.));
#3928=DIRECTION('ref_axis',(1.,0.,0.));
#3929=DIRECTION('center_axis',(1.,-2.30926389122029E-13,0.));
#3930=DIRECTION('ref_axis',(2.30926389122029E-13,1.,0.));
#3931=DIRECTION('center_axis',(0.,0.,1.));
#3932=DIRECTION('ref_axis',(0.111803398875828,-0.993730345717495,0.));
#3933=DIRECTION('center_axis',(0.,0.,-1.));
#3934=DIRECTION('ref_axis',(0.111803398875828,-0.993730345717495,0.));
#3935=DIRECTION('center_axis',(-1.,2.33637053539877E-13,0.));
#3936=DIRECTION('ref_axis',(1.69569985537849E-13,0.70710678118654,0.707106781186555));
#3937=DIRECTION('center_axis',(1.,-2.35367281220538E-13,0.));
#3938=DIRECTION('ref_axis',(2.35367281220538E-13,1.,0.));
#3939=DIRECTION('',(1.,-2.33637053539877E-13,0.));
#3940=DIRECTION('',(-1.,2.33637053539877E-13,0.));
#3941=DIRECTION('center_axis',(0.,0.,1.));
#3942=DIRECTION('ref_axis',(1.,0.,0.));
#3943=DIRECTION('center_axis',(0.895806416477618,-0.444444444444441,0.));
#3944=DIRECTION('ref_axis',(0.444444444444441,0.895806416477618,0.));
#3945=DIRECTION('center_axis',(0.,0.,1.));
#3946=DIRECTION('ref_axis',(-0.258819045102633,-0.965925826289038,0.));
#3947=DIRECTION('center_axis',(0.,0.,-1.));
#3948=DIRECTION('ref_axis',(-0.258819045102633,-0.965925826289038,0.));
#3949=DIRECTION('center_axis',(0.,0.,1.));
#3950=DIRECTION('ref_axis',(-0.70710678118663,-0.707106781186465,0.));
#3951=DIRECTION('',(0.,0.,-1.));
#3952=DIRECTION('center_axis',(0.,0.,1.));
#3953=DIRECTION('ref_axis',(-0.70710678118663,-0.707106781186465,0.));
#3954=DIRECTION('',(0.,0.,1.));
#3955=DIRECTION('center_axis',(2.33637053539877E-13,1.,0.));
#3956=DIRECTION('ref_axis',(-1.,2.33637053539877E-13,0.));
#3957=DIRECTION('',(0.,0.,1.));
#3958=DIRECTION('',(1.,-2.33637053539877E-13,0.));
#3959=DIRECTION('center_axis',(0.,0.,1.));
#3960=DIRECTION('ref_axis',(0.111803398875828,-0.993730345717495,0.));
#3961=DIRECTION('',(0.,0.,-1.));
#3962=DIRECTION('center_axis',(0.,0.,1.));
#3963=DIRECTION('ref_axis',(0.111803398875828,-0.993730345717495,0.));
#3964=DIRECTION('center_axis',(0.,0.,1.));
#3965=DIRECTION('ref_axis',(1.,0.,0.));
#3966=DIRECTION('',(0.,0.,1.));
#3967=DIRECTION('center_axis',(0.,0.,-1.));
#3968=DIRECTION('ref_axis',(1.,3.74589248508528E-13,0.));
#3969=DIRECTION('center_axis',(0.,0.,1.));
#3970=DIRECTION('ref_axis',(0.111803398875501,0.993730345717532,0.));
#3971=DIRECTION('',(0.,0.,-1.));
#3972=DIRECTION('center_axis',(0.,0.,1.));
#3973=DIRECTION('ref_axis',(0.111803398875501,0.993730345717532,0.));
#3974=DIRECTION('center_axis',(1.42392272750851E-13,-1.,0.));
#3975=DIRECTION('ref_axis',(1.,1.42392272750851E-13,0.));
#3976=DIRECTION('',(0.,0.,1.));
#3977=DIRECTION('',(-1.,-1.42392272750851E-13,0.));
#3978=DIRECTION('center_axis',(0.,0.,-1.));
#3979=DIRECTION('ref_axis',(-0.316227766016904,0.948683298050492,0.));
#3980=DIRECTION('',(0.,0.,-1.));
#3981=DIRECTION('center_axis',(0.,0.,1.));
#3982=DIRECTION('ref_axis',(-0.316227766016904,0.948683298050492,0.));
#3983=DIRECTION('center_axis',(0.895806416469666,0.444444444460471,7.75068738615591E-11));
#3984=DIRECTION('ref_axis',(-0.444444444460471,0.895806416469665,0.));
#3985=DIRECTION('center_axis',(0.,0.,1.));
#3986=DIRECTION('ref_axis',(1.,0.,0.));
#3987=DIRECTION('center_axis',(1.,-2.30926389122033E-13,0.));
#3988=DIRECTION('ref_axis',(2.30926389122033E-13,1.,0.));
#3989=DIRECTION('center_axis',(0.,0.,1.));
#3990=DIRECTION('ref_axis',(0.258819045102408,-0.965925826289098,0.));
#3991=DIRECTION('center_axis',(0.,0.,-1.));
#3992=DIRECTION('ref_axis',(0.258819045102408,-0.965925826289099,0.));
#3993=DIRECTION('center_axis',(-1.,2.33637053539877E-13,0.));
#3994=DIRECTION('ref_axis',(1.69569985537849E-13,0.70710678118654,0.707106781186555));
#3995=DIRECTION('center_axis',(1.,-2.30926389122033E-13,0.));
#3996=DIRECTION('ref_axis',(2.30926389122033E-13,1.,0.));
#3997=DIRECTION('',(1.,-2.33637053539877E-13,0.));
#3998=DIRECTION('',(-1.,2.33637053539877E-13,0.));
#3999=DIRECTION('center_axis',(0.,0.,1.));
#4000=DIRECTION('ref_axis',(1.,0.,0.));
#4001=DIRECTION('center_axis',(0.975000000000428,-0.222204860431012,0.));
#4002=DIRECTION('ref_axis',(0.222204860431012,0.975000000000428,0.));
#4003=DIRECTION('center_axis',(0.,0.,1.));
#4004=DIRECTION('ref_axis',(-0.11180339887415,-0.993730345717684,0.));
#4005=DIRECTION('center_axis',(0.,0.,-1.));
#4006=DIRECTION('ref_axis',(-0.11180339887415,-0.993730345717684,0.));
#4007=DIRECTION('center_axis',(0.,0.,1.));
#4008=DIRECTION('ref_axis',(-0.877708912305647,0.479194183248543,0.));
#4009=DIRECTION('center_axis',(-0.71414284285429,0.699999999999995,0.));
#4010=DIRECTION('ref_axis',(-0.699999999999995,-0.71414284285429,0.));
#4011=DIRECTION('center_axis',(0.,0.,-1.));
#4012=DIRECTION('ref_axis',(-0.877708912305646,0.479194183248544,0.));
#4013=DIRECTION('center_axis',(0.,0.,1.));
#4014=DIRECTION('ref_axis',(-0.877708912305646,0.479194183248544,0.));
#4015=DIRECTION('center_axis',(0.,0.,1.));
#4016=DIRECTION('ref_axis',(1.,0.,0.));
#4017=DIRECTION('center_axis',(0.,1.,0.));
#4018=DIRECTION('ref_axis',(-1.,0.,0.));
#4019=DIRECTION('center_axis',(0.,0.,1.));
#4020=DIRECTION('ref_axis',(0.921954445729289,0.387298334620742,0.));
#4021=DIRECTION('center_axis',(0.,0.,-1.));
#4022=DIRECTION('ref_axis',(0.921954445729289,0.387298334620742,0.));
#4023=DIRECTION('center_axis',(-7.72329060608804E-16,1.,0.));
#4024=DIRECTION('ref_axis',(-0.707106781186552,0.,0.707106781186543));
#4025=DIRECTION('center_axis',(0.,1.,0.));
#4026=DIRECTION('ref_axis',(-1.,0.,0.));
#4027=DIRECTION('',(-7.72329060608805E-16,1.,0.));
#4028=DIRECTION('',(7.72329060608805E-16,-1.,0.));
#4029=DIRECTION('center_axis',(0.,-0.881917103688218,0.471404520790993));
#4030=DIRECTION('ref_axis',(-0.333333333333333,0.444444444444408,0.831479419283118));
#4031=DIRECTION('center_axis',(-1.,-7.72329060608804E-16,0.));
#4032=DIRECTION('ref_axis',(7.72329060608805E-16,-1.,2.96059473233376E-16));
#4033=DIRECTION('center_axis',(0.,0.710669054518736,-0.703526470681414));
#4034=DIRECTION('ref_axis',(-1.,0.,0.));
#4035=DIRECTION('center_axis',(0.979936662274131,-0.199309151648979,5.16314421418128E-15));
#4036=DIRECTION('ref_axis',(-0.199309151648979,-0.979936662274131,0.));
#4037=DIRECTION('center_axis',(0.979936662274131,-0.199309151648979,-5.16314421418128E-15));
#4038=DIRECTION('ref_axis',(-0.199309151648979,-0.979936662274131,0.));
#4039=DIRECTION('center_axis',(-1.,-7.72329060608804E-16,0.));
#4040=DIRECTION('ref_axis',(7.72329060608805E-16,-1.,2.96059473233376E-16));
#4041=DIRECTION('center_axis',(0.,0.,1.));
#4042=DIRECTION('ref_axis',(1.,0.,0.));
#4043=DIRECTION('',(0.,1.,0.));
#4044=DIRECTION('',(-0.800000000000002,-0.599999999999997,0.));
#4045=DIRECTION('center_axis',(0.,0.,1.));
#4046=DIRECTION('ref_axis',(-0.316227766016835,0.948683298050515,0.));
#4047=DIRECTION('',(-1.,3.29446614915942E-15,0.));
#4048=DIRECTION('center_axis',(0.,0.,1.));
#4049=DIRECTION('ref_axis',(0.948683298050515,0.316227766016836,0.));
#4050=DIRECTION('',(0.800000000000002,0.599999999999997,0.));
#4051=DIRECTION('center_axis',(0.,0.,1.));
#4052=DIRECTION('ref_axis',(1.,0.,0.));
#4053=DIRECTION('center_axis',(0.,0.,1.));
#4054=DIRECTION('ref_axis',(1.,0.,0.));
#4055=DIRECTION('center_axis',(0.800000000000002,0.599999999999997,0.));
#4056=DIRECTION('ref_axis',(0.424264068711926,-0.565685424949239,-0.707106781186548));
#4057=DIRECTION('center_axis',(-0.800000000000002,-0.599999999999997,-9.76996261670138E-15));
#4058=DIRECTION('ref_axis',(8.88178419700124E-15,4.44089209850062E-15,-1.));
#4059=DIRECTION('',(0.800000000000002,0.599999999999997,0.));
#4060=DIRECTION('',(0.800000000000002,0.599999999999997,0.));
#4061=DIRECTION('center_axis',(-0.800000000000003,-0.599999999999996,0.));
#4062=DIRECTION('ref_axis',(0.,0.,-1.));
#4063=DIRECTION('center_axis',(0.800000000000002,0.599999999999997,0.));
#4064=DIRECTION('ref_axis',(0.424264068711926,-0.565685424949239,-0.707106781186548));
#4065=DIRECTION('center_axis',(-0.799999999999996,-0.600000000000005,0.));
#4066=DIRECTION('ref_axis',(0.,0.,-1.));
#4067=DIRECTION('',(0.800000000000002,0.599999999999997,0.));
#4068=DIRECTION('center_axis',(0.,0.,1.));
#4069=DIRECTION('ref_axis',(1.,0.,0.));
#4070=DIRECTION('center_axis',(0.,0.,-1.));
#4071=DIRECTION('ref_axis',(-0.894427190999914,0.447213595499962,0.));
#4072=DIRECTION('center_axis',(-1.,0.,0.));
#4073=DIRECTION('ref_axis',(0.,0.707106781186548,0.707106781186548));
#4074=DIRECTION('center_axis',(-1.,0.,0.));
#4075=DIRECTION('ref_axis',(0.,0.,1.));
#4076=DIRECTION('',(-1.,0.,0.));
#4077=DIRECTION('center_axis',(1.,0.,0.));
#4078=DIRECTION('ref_axis',(0.,1.,0.));
#4079=DIRECTION('',(1.,0.,0.));
#4080=DIRECTION('center_axis',(-0.408248290463862,-0.816496580927725,0.408248290463866));
#4081=DIRECTION('ref_axis',(-0.577350269189621,0.577350269189628,0.577350269189628));
#4082=DIRECTION('center_axis',(0.,0.,1.));
#4083=DIRECTION('ref_axis',(-0.707106781186548,0.707106781186548,0.));
#4084=DIRECTION('center_axis',(0.408248290463862,-0.816496580927725,0.408248290463866));
#4085=DIRECTION('ref_axis',(0.577350269189628,0.577350269189625,0.577350269189625));
#4086=DIRECTION('center_axis',(0.,0.,1.));
#4087=DIRECTION('ref_axis',(0.707106781186548,0.707106781186548,0.));
#4088=DIRECTION('center_axis',(0.,0.,1.));
#4089=DIRECTION('ref_axis',(-0.707106781186548,0.707106781186548,0.));
#4090=DIRECTION('',(0.,0.,-1.));
#4091=DIRECTION('center_axis',(0.,0.,-1.));
#4092=DIRECTION('ref_axis',(-0.707106781186548,0.707106781186548,0.));
#4093=DIRECTION('center_axis',(0.,1.,0.));
#4094=DIRECTION('ref_axis',(-1.,0.,0.));
#4095=DIRECTION('',(0.,0.,1.));
#4096=DIRECTION('',(1.,0.,0.));
#4097=DIRECTION('center_axis',(0.,0.,1.));
#4098=DIRECTION('ref_axis',(1.,0.,0.));
#4099=DIRECTION('center_axis',(0.,1.,0.));
#4100=DIRECTION('ref_axis',(-0.707106781186549,0.,-0.707106781186546));
#4101=DIRECTION('center_axis',(0.,1.,0.));
#4102=DIRECTION('ref_axis',(0.,0.,-1.));
#4103=DIRECTION('center_axis',(0.,-1.,0.));
#4104=DIRECTION('ref_axis',(-1.,0.,0.));
#4105=DIRECTION('',(0.,-1.,0.));
#4106=DIRECTION('center_axis',(0.,0.,-1.));
#4107=DIRECTION('ref_axis',(-1.,0.,0.));
#4108=DIRECTION('center_axis',(1.,-2.30926389122032E-13,0.));
#4109=DIRECTION('ref_axis',(0.,0.,-1.));
#4110=DIRECTION('center_axis',(0.,0.,1.));
#4111=DIRECTION('ref_axis',(0.707106781186465,-0.70710678118663,0.));
#4112=DIRECTION('center_axis',(0.,0.,-1.));
#4113=DIRECTION('ref_axis',(0.707106781186465,-0.70710678118663,0.));
#4114=DIRECTION('center_axis',(-1.,2.33637053539877E-13,0.));
#4115=DIRECTION('ref_axis',(1.69569985537848E-13,0.707106781186548,-0.707106781186547));
#4116=DIRECTION('center_axis',(1.,-2.30926389122032E-13,0.));
#4117=DIRECTION('ref_axis',(0.,0.,-1.));
#4118=DIRECTION('',(1.,-2.33637053539877E-13,0.));
#4119=DIRECTION('',(-1.,2.33637053539877E-13,0.));
#4120=DIRECTION('center_axis',(0.,0.,-1.));
#4121=DIRECTION('ref_axis',(-1.,0.,0.));
#4122=DIRECTION('center_axis',(0.975000000000428,-0.22220486043101,0.));
#4123=DIRECTION('ref_axis',(0.,0.,-1.));
#4124=DIRECTION('center_axis',(0.,0.,1.));
#4125=DIRECTION('ref_axis',(-0.11180339887415,-0.993730345717684,0.));
#4126=DIRECTION('center_axis',(0.,0.,-1.));
#4127=DIRECTION('ref_axis',(-0.11180339887415,-0.993730345717684,0.));
#4128=DIRECTION('center_axis',(0.,0.,1.));
#4129=DIRECTION('ref_axis',(-0.877708912305647,0.479194183248543,0.));
#4130=DIRECTION('center_axis',(-0.714142842854278,0.700000000000008,0.));
#4131=DIRECTION('ref_axis',(0.,0.,-1.));
#4132=DIRECTION('center_axis',(0.,0.,-1.));
#4133=DIRECTION('ref_axis',(-0.877708912305647,0.479194183248544,0.));
#4134=DIRECTION('center_axis',(0.,0.,1.));
#4135=DIRECTION('ref_axis',(-0.877708912305646,0.479194183248544,0.));
#4136=DIRECTION('center_axis',(0.,0.,-1.));
#4137=DIRECTION('ref_axis',(-1.,0.,0.));
#4138=DIRECTION('center_axis',(0.,1.,0.));
#4139=DIRECTION('ref_axis',(0.,0.,-1.));
#4140=DIRECTION('center_axis',(0.,0.,1.));
#4141=DIRECTION('ref_axis',(0.921954445729289,0.387298334620742,0.));
#4142=DIRECTION('center_axis',(0.,0.,-1.));
#4143=DIRECTION('ref_axis',(0.921954445729289,0.387298334620742,0.));
#4144=DIRECTION('center_axis',(7.72329060608804E-16,-1.,0.));
#4145=DIRECTION('ref_axis',(-0.707106781186553,-1.57009245868376E-15,-0.707106781186543));
#4146=DIRECTION('center_axis',(0.,1.,0.));
#4147=DIRECTION('ref_axis',(0.,0.,-1.));
#4148=DIRECTION('',(-7.72329060608805E-16,1.,0.));
#4149=DIRECTION('',(7.72329060608805E-16,-1.,0.));
#4150=DIRECTION('center_axis',(-0.800000000000003,-0.599999999999996,0.));
#4151=DIRECTION('ref_axis',(0.,0.,-1.));
#4152=DIRECTION('center_axis',(0.,0.,-1.));
#4153=DIRECTION('ref_axis',(-0.447213595499953,-0.894427190999919,0.));
#4154=DIRECTION('center_axis',(0.,0.,1.));
#4155=DIRECTION('ref_axis',(-0.447213595499953,-0.894427190999919,0.));
#4156=DIRECTION('center_axis',(0.,0.,-1.));
#4157=DIRECTION('ref_axis',(-1.,0.,0.));
#4158=DIRECTION('center_axis',(0.800000000000003,0.599999999999996,0.));
#4159=DIRECTION('ref_axis',(0.599999999999996,-0.800000000000003,0.));
#4160=DIRECTION('center_axis',(0.,0.,-1.));
#4161=DIRECTION('ref_axis',(-0.316227766016904,0.948683298050492,0.));
#4162=DIRECTION('center_axis',(-1.,-1.4210854715202E-13,0.));
#4163=DIRECTION('ref_axis',(0.,0.,-1.));
#4164=DIRECTION('center_axis',(-1.,-1.42392272750851E-13,0.));
#4165=DIRECTION('ref_axis',(1.00485917355762E-13,-0.707106781186548,-0.707106781186547));
#4166=DIRECTION('center_axis',(-1.,-1.4210854715202E-13,0.));
#4167=DIRECTION('ref_axis',(0.,0.,-1.));
#4168=DIRECTION('',(1.,1.42392272750851E-13,0.));
#4169=DIRECTION('center_axis',(0.,0.,-1.));
#4170=DIRECTION('ref_axis',(-1.,0.,0.));
#4171=DIRECTION('center_axis',(-0.974999999999739,0.222204860434035,0.));
#4172=DIRECTION('ref_axis',(0.,0.,-1.));
#4173=DIRECTION('center_axis',(0.,0.,-1.));
#4174=DIRECTION('ref_axis',(0.111803398875501,0.993730345717532,0.));
#4175=DIRECTION('center_axis',(0.,0.,1.));
#4176=DIRECTION('ref_axis',(1.,0.,0.));
#4177=DIRECTION('center_axis',(0.974999999999573,0.222204860434764,0.));
#4178=DIRECTION('ref_axis',(0.,0.,-1.));
#4179=DIRECTION('center_axis',(0.,0.,1.));
#4180=DIRECTION('ref_axis',(1.,3.74589248508528E-13,0.));
#4181=DIRECTION('center_axis',(0.,0.,-1.));
#4182=DIRECTION('ref_axis',(-1.,0.,0.));
#4183=DIRECTION('center_axis',(1.,-2.30926389122033E-13,0.));
#4184=DIRECTION('ref_axis',(0.,0.,-1.));
#4185=DIRECTION('center_axis',(0.,0.,-1.));
#4186=DIRECTION('ref_axis',(0.111803398875828,-0.993730345717495,0.));
#4187=DIRECTION('center_axis',(-1.,2.33637053539877E-13,0.));
#4188=DIRECTION('ref_axis',(1.69569985537848E-13,0.707106781186548,-0.707106781186547));
#4189=DIRECTION('center_axis',(1.,-2.35367281220533E-13,0.));
#4190=DIRECTION('ref_axis',(0.,0.,-1.));
#4191=DIRECTION('',(-1.,2.33637053539877E-13,0.));
#4192=DIRECTION('center_axis',(0.,0.,-1.));
#4193=DIRECTION('ref_axis',(-1.,0.,0.));
#4194=DIRECTION('center_axis',(0.,-1.,0.));
#4195=DIRECTION('ref_axis',(0.,0.,-1.));
#4196=DIRECTION('center_axis',(0.,0.,-1.));
#4197=DIRECTION('ref_axis',(-0.70710678118663,-0.707106781186465,0.));
#4198=DIRECTION('center_axis',(0.,-1.,0.));
#4199=DIRECTION('ref_axis',(0.707106781186549,0.,-0.707106781186546));
#4200=DIRECTION('center_axis',(0.,-1.,0.));
#4201=DIRECTION('ref_axis',(0.,0.,-1.));
#4202=DIRECTION('',(0.,-1.,0.));
#4203=DIRECTION('',(0.,1.,0.));
#4204=DIRECTION('center_axis',(0.800000000000002,0.599999999999997,0.));
#4205=DIRECTION('ref_axis',(0.424264068711931,-0.565685424949238,-0.707106781186546));
#4206=DIRECTION('',(-0.800000000000002,-0.599999999999997,0.));
#4207=DIRECTION('',(0.800000000000002,0.599999999999997,0.));
#4208=DIRECTION('center_axis',(1.,0.,0.));
#4209=DIRECTION('ref_axis',(0.,0.707106781186546,-0.707106781186549));
#4210=DIRECTION('center_axis',(1.,0.,0.));
#4211=DIRECTION('ref_axis',(0.,0.,-1.));
#4212=DIRECTION('center_axis',(-1.,0.,0.));
#4213=DIRECTION('ref_axis',(0.,1.,0.));
#4214=DIRECTION('',(-1.,0.,0.));
#4215=DIRECTION('center_axis',(0.408248290463863,-0.816496580927725,-0.408248290463865));
#4216=DIRECTION('ref_axis',(0.577350269189624,0.577350269189624,-0.577350269189629));
#4217=DIRECTION('center_axis',(0.,0.,-1.));
#4218=DIRECTION('ref_axis',(0.707106781186548,0.707106781186548,0.));
#4219=DIRECTION('center_axis',(-0.408248290463863,-0.816496580927726,-0.408248290463863));
#4220=DIRECTION('ref_axis',(-0.577350269189627,0.577350269189623,-0.577350269189628));
#4221=DIRECTION('center_axis',(1.,0.,0.));
#4222=DIRECTION('ref_axis',(0.,1.,0.));
#4223=DIRECTION('',(0.,-1.,0.));
#4224=DIRECTION('',(0.,0.,-1.));
#4225=DIRECTION('center_axis',(0.,0.,1.));
#4226=DIRECTION('ref_axis',(0.707106781186548,0.707106781186548,0.));
#4227=DIRECTION('center_axis',(0.,0.,1.));
#4228=DIRECTION('ref_axis',(1.,0.,0.));
#4229=DIRECTION('center_axis',(0.,0.,-1.));
#4230=DIRECTION('ref_axis',(1.,0.,0.));
#4231=DIRECTION('center_axis',(0.,0.,-1.));
#4232=DIRECTION('ref_axis',(1.,0.,0.));
#4233=DIRECTION('center_axis',(0.,-1.,0.));
#4234=DIRECTION('ref_axis',(-0.707106781186547,0.,-0.707106781186548));
#4235=DIRECTION('center_axis',(0.,0.,-1.));
#4236=DIRECTION('ref_axis',(0.707106781186465,-0.70710678118663,0.));
#4237=DIRECTION('',(0.,0.,1.));
#4238=DIRECTION('center_axis',(2.33637053539877E-13,1.,0.));
#4239=DIRECTION('ref_axis',(-1.,2.33637053539877E-13,0.));
#4240=DIRECTION('',(0.,0.,-1.));
#4241=DIRECTION('center_axis',(0.599999999999997,-0.800000000000002,0.));
#4242=DIRECTION('ref_axis',(0.800000000000002,0.599999999999997,0.));
#4243=DIRECTION('',(0.800000000000002,0.599999999999997,0.));
#4244=DIRECTION('',(0.,0.,-1.));
#4245=DIRECTION('',(0.800000000000002,0.599999999999997,0.));
#4246=DIRECTION('',(0.,0.,1.));
#4247=DIRECTION('center_axis',(-0.599999999999997,0.800000000000002,0.));
#4248=DIRECTION('ref_axis',(-0.800000000000001,-0.599999999999999,0.));
#4249=DIRECTION('center_axis',(-0.800000000000002,-0.599999999999997,0.));
#4250=DIRECTION('ref_axis',(-0.424264068711927,0.565685424949237,-0.707106781186549));
#4251=DIRECTION('center_axis',(0.8,0.6,0.));
#4252=DIRECTION('ref_axis',(0.,0.,-1.));
#4253=DIRECTION('center_axis',(0.,0.,1.));
#4254=DIRECTION('ref_axis',(1.,0.,0.));
#4255=DIRECTION('center_axis',(-1.,2.22044604925031E-15,0.));
#4256=DIRECTION('ref_axis',(0.,0.,-1.));
#4257=DIRECTION('center_axis',(0.,0.,-1.));
#4258=DIRECTION('ref_axis',(0.948683298050515,0.316227766016836,0.));
#4259=DIRECTION('center_axis',(1.,-3.29446614915942E-15,0.));
#4260=DIRECTION('ref_axis',(-1.57009245868377E-15,-0.707106781186547,-0.707106781186548));
#4261=DIRECTION('center_axis',(-1.,4.44089209850063E-15,0.));
#4262=DIRECTION('ref_axis',(0.,0.,-1.));
#4263=DIRECTION('',(1.,-3.29446614915942E-15,0.));
#4264=DIRECTION('center_axis',(0.,0.,1.));
#4265=DIRECTION('ref_axis',(1.,0.,0.));
#4266=DIRECTION('center_axis',(0.,0.,-1.));
#4267=DIRECTION('ref_axis',(-0.316227766016835,0.948683298050515,0.));
#4268=DIRECTION('center_axis',(0.,0.,1.));
#4269=DIRECTION('ref_axis',(0.948683298050516,0.316227766016832,0.));
#4270=DIRECTION('',(0.,0.,1.));
#4271=DIRECTION('center_axis',(0.,0.,1.));
#4272=DIRECTION('ref_axis',(0.948683298050515,0.316227766016835,0.));
#4273=DIRECTION('center_axis',(3.29446614915942E-15,1.,0.));
#4274=DIRECTION('ref_axis',(-1.,3.29446614915942E-15,0.));
#4275=DIRECTION('',(0.,0.,-1.));
#4276=DIRECTION('',(-1.,3.29446614915942E-15,0.));
#4277=DIRECTION('center_axis',(0.,0.,1.));
#4278=DIRECTION('ref_axis',(-0.316227766016836,0.948683298050515,0.));
#4279=DIRECTION('',(0.,0.,1.));
#4280=DIRECTION('center_axis',(0.,0.,1.));
#4281=DIRECTION('ref_axis',(-0.316227766016835,0.948683298050515,0.));
#4282=DIRECTION('center_axis',(0.6,-0.8,0.));
#4283=DIRECTION('ref_axis',(-0.800000000000001,-0.599999999999999,0.));
#4284=DIRECTION('center_axis',(-0.599999999999997,0.800000000000002,1.08552986411428E-15));
#4285=DIRECTION('ref_axis',(-0.800000000000002,-0.599999999999997,0.));
#4286=DIRECTION('',(0.989949493661166,-0.14142135623731,-8.65956056235493E-17));
#4287=DIRECTION('center_axis',(0.599999999999997,-0.800000000000002,0.));
#4288=DIRECTION('ref_axis',(-0.800000000000001,-0.599999999999999,0.));
#4289=DIRECTION('center_axis',(0.599999999999997,-0.800000000000002,0.));
#4290=DIRECTION('ref_axis',(-0.800000000000001,-0.599999999999999,0.));
#4291=DIRECTION('center_axis',(-0.599999999999997,0.800000000000002,0.));
#4292=DIRECTION('ref_axis',(-0.800000000000002,-0.599999999999997,0.));
#4293=DIRECTION('',(0.,0.,-1.));
#4294=DIRECTION('',(0.800000000000002,0.599999999999997,0.));
#4295=DIRECTION('',(0.,0.,1.));
#4296=DIRECTION('',(-0.800000000000002,-0.599999999999997,-1.11022302462516E-15));
#4297=DIRECTION('',(0.,0.,-1.));
#4298=DIRECTION('',(-0.800000000000002,-0.599999999999997,0.));
#4299=DIRECTION('center_axis',(0.599999999999997,-0.800000000000002,0.));
#4300=DIRECTION('ref_axis',(-0.800000000000001,-0.599999999999999,0.));
#4301=DIRECTION('center_axis',(0.599999999999997,-0.800000000000002,0.));
#4302=DIRECTION('ref_axis',(-0.800000000000001,-0.599999999999999,0.));
#4303=DIRECTION('',(-0.800000000000002,-0.599999999999997,0.));
#4304=DIRECTION('center_axis',(-0.599999999999997,0.800000000000002,0.));
#4305=DIRECTION('ref_axis',(-0.800000000000002,-0.599999999999997,0.));
#4306=DIRECTION('center_axis',(0.,1.,0.));
#4307=DIRECTION('ref_axis',(-1.,0.,0.));
#4308=DIRECTION('center_axis',(0.,0.,-1.));
#4309=DIRECTION('ref_axis',(-0.894427190999914,0.447213595499962,0.));
#4310=DIRECTION('center_axis',(-0.800000000000006,-0.599999999999991,0.));
#4311=DIRECTION('ref_axis',(0.,0.,1.));
#4312=DIRECTION('center_axis',(0.,0.,1.));
#4313=DIRECTION('ref_axis',(-0.894427190999914,0.447213595499962,0.));
#4314=DIRECTION('center_axis',(-0.800000000000002,-0.599999999999997,0.));
#4315=DIRECTION('ref_axis',(-0.424264068711922,0.565685424949242,0.707106781186549));
#4316=DIRECTION('center_axis',(-0.800000000000002,-0.599999999999997,0.));
#4317=DIRECTION('ref_axis',(0.,0.,1.));
#4318=DIRECTION('',(0.800000000000002,0.599999999999997,0.));
#4319=DIRECTION('center_axis',(-1.,0.,0.));
#4320=DIRECTION('ref_axis',(0.,0.,1.));
#4321=DIRECTION('center_axis',(0.,0.,-1.));
#4322=DIRECTION('ref_axis',(-0.316227766016835,0.948683298050515,0.));
#4323=DIRECTION('center_axis',(-1.,3.29446614915942E-15,0.));
#4324=DIRECTION('ref_axis',(0.,0.707106781186549,0.707106781186546));
#4325=DIRECTION('center_axis',(-1.,0.,0.));
#4326=DIRECTION('ref_axis',(0.,0.,1.));
#4327=DIRECTION('',(1.,-3.29446614915942E-15,0.));
#4328=DIRECTION('center_axis',(0.800000000000002,0.599999999999998,0.));
#4329=DIRECTION('ref_axis',(0.,0.,1.));
#4330=DIRECTION('center_axis',(0.,0.,-1.));
#4331=DIRECTION('ref_axis',(0.948683298050515,0.316227766016835,0.));
#4332=DIRECTION('center_axis',(0.800000000000002,0.599999999999997,0.));
#4333=DIRECTION('ref_axis',(0.424264068711929,-0.565685424949247,0.70710678118654));
#4334=DIRECTION('center_axis',(0.800000000000001,0.599999999999999,0.));
#4335=DIRECTION('ref_axis',(0.,0.,1.));
#4336=DIRECTION('',(-0.800000000000002,-0.599999999999997,0.));
#4337=DIRECTION('center_axis',(0.,-1.,0.));
#4338=DIRECTION('ref_axis',(0.,0.,1.));
#4339=DIRECTION('center_axis',(0.,0.,1.));
#4340=DIRECTION('ref_axis',(-0.447213595499962,-0.894427190999914,0.));
#4341=DIRECTION('center_axis',(0.,0.,-1.));
#4342=DIRECTION('ref_axis',(-0.447213595499961,-0.894427190999914,0.));
#4343=DIRECTION('center_axis',(7.72329060608804E-16,-1.,0.));
#4344=DIRECTION('ref_axis',(-0.707106781186554,0.,0.707106781186541));
#4345=DIRECTION('',(-7.72329060608805E-16,1.,0.));
#4346=DIRECTION('',(7.72329060608805E-16,-1.,0.));
#4347=DIRECTION('center_axis',(0.,0.,1.));
#4348=DIRECTION('ref_axis',(-0.447213595499954,-0.894427190999918,0.));
#4349=DIRECTION('',(0.,0.,-1.));
#4350=DIRECTION('center_axis',(-1.,-7.72329060608804E-16,0.));
#4351=DIRECTION('ref_axis',(7.72329060608805E-16,-1.,0.));
#4352=DIRECTION('',(0.,0.,1.));
#4353=DIRECTION('',(0.,0.,1.));
#4354=DIRECTION('',(-6.0308767405585E-16,0.780868809443029,0.624695047554426));
#4355=DIRECTION('',(0.,0.,-1.));
#4356=DIRECTION('',(6.03087674055852E-16,-0.780868809443031,0.624695047554423));
#4357=DIRECTION('',(0.,0.,1.));
#4358=DIRECTION('center_axis',(0.,0.,1.));
#4359=DIRECTION('ref_axis',(-0.894427190999916,0.447213595499958,0.));
#4360=DIRECTION('center_axis',(0.424264068711927,-0.56568542494924,0.707106781186547));
#4361=DIRECTION('ref_axis',(-0.424264068711926,0.565685424949238,0.707106781186549));
#4362=DIRECTION('center_axis',(0.,0.,1.));
#4363=DIRECTION('ref_axis',(1.,0.,0.));
#4364=DIRECTION('center_axis',(-0.599999999999998,0.800000000000002,0.));
#4365=DIRECTION('ref_axis',(-0.800000000000001,-0.599999999999998,0.));
#4366=DIRECTION('',(-0.141421356237231,-0.989949493661178,8.65956056235422E-17));
#4367=DIRECTION('center_axis',(0.599999999999997,-0.800000000000002,0.));
#4368=DIRECTION('ref_axis',(-0.800000000000001,-0.599999999999999,0.));
#4369=DIRECTION('center_axis',(0.599999999999999,-0.800000000000001,0.));
#4370=DIRECTION('ref_axis',(-0.800000000000001,-0.599999999999999,0.));
#4371=DIRECTION('',(0.599999999999999,-0.800000000000001,0.));
#4372=DIRECTION('center_axis',(0.,0.,1.));
#4373=DIRECTION('ref_axis',(1.,0.,0.));
#4374=DIRECTION('',(0.707106781186546,8.65956056235491E-17,-0.707106781186549));
#4375=DIRECTION('center_axis',(0.,0.,-1.));
#4376=DIRECTION('ref_axis',(1.,0.,0.));
#4377=DIRECTION('center_axis',(0.,0.,1.));
#4378=DIRECTION('ref_axis',(1.,0.,0.));
#4379=DIRECTION('',(0.,0.,-1.));
#4380=DIRECTION('center_axis',(0.,0.,1.));
#4381=DIRECTION('ref_axis',(1.,0.,0.));
#4382=DIRECTION('center_axis',(0.,0.,-1.));
#4383=DIRECTION('ref_axis',(1.,0.,0.));
#4384=DIRECTION('',(-0.707106781186546,-8.65956056235492E-17,-0.707106781186549));
#4385=DIRECTION('center_axis',(0.,0.,-1.));
#4386=DIRECTION('ref_axis',(1.,0.,0.));
#4387=DIRECTION('center_axis',(0.,0.,1.));
#4388=DIRECTION('ref_axis',(1.,0.,0.));
#4389=DIRECTION('',(-0.707106781186546,-8.65956056235492E-17,-0.707106781186549));
#4390=DIRECTION('center_axis',(0.,0.,1.));
#4391=DIRECTION('ref_axis',(1.,0.,0.));
#4392=DIRECTION('center_axis',(0.,0.,-1.));
#4393=DIRECTION('ref_axis',(1.,0.,0.));
#4394=DIRECTION('',(0.,0.,-1.));
#4395=DIRECTION('center_axis',(0.,0.,1.));
#4396=DIRECTION('ref_axis',(1.,0.,0.));
#4397=DIRECTION('',(0.707106781186546,8.65956056235491E-17,-0.707106781186549));
#4398=DIRECTION('center_axis',(0.,0.,1.));
#4399=DIRECTION('ref_axis',(-0.894427190999916,0.447213595499958,0.));
#4400=DIRECTION('center_axis',(0.424264068711926,-0.565685424949237,-0.707106781186549));
#4401=DIRECTION('ref_axis',(-0.424264068711929,0.56568542494924,-0.707106781186546));
#4402=DIRECTION('center_axis',(0.,0.,1.));
#4403=DIRECTION('ref_axis',(0.921954445729289,0.387298334620742,0.));
#4404=DIRECTION('',(0.,0.,-1.));
#4405=DIRECTION('center_axis',(0.,0.,1.));
#4406=DIRECTION('ref_axis',(-0.11180339887415,-0.993730345717684,0.));
#4407=DIRECTION('',(0.,0.,1.));
#4408=DIRECTION('center_axis',(0.,0.,1.));
#4409=DIRECTION('ref_axis',(-0.877708912305647,0.479194183248544,0.));
#4410=DIRECTION('center_axis',(-0.424264068711927,0.56568542494924,-0.707106781186547));
#4411=DIRECTION('ref_axis',(-0.857492925712545,0.,0.514495755427526));
#4412=DIRECTION('',(0.115470053837928,0.808290376865475,0.577350269189627));
#4413=DIRECTION('',(-0.800000000000001,-0.599999999999999,-1.11022302462516E-15));
#4414=DIRECTION('center_axis',(0.599999999999999,-0.800000000000001,0.));
#4415=DIRECTION('ref_axis',(0.,0.,-1.));
#4416=DIRECTION('',(0.,0.,1.));
#4417=DIRECTION('',(0.800000000000001,0.599999999999999,0.));
#4418=DIRECTION('center_axis',(-0.989949493661166,0.141421356237313,0.));
#4419=DIRECTION('ref_axis',(0.,0.,1.));
#4420=DIRECTION('',(0.115470053837928,0.808290376865477,-0.577350269189623));
#4421=DIRECTION('center_axis',(-0.424264068711926,0.565685424949237,0.707106781186549));
#4422=DIRECTION('ref_axis',(0.857492925712546,0.,0.514495755427524));
#4423=DIRECTION('center_axis',(0.599999999999991,-0.800000000000007,0.));
#4424=DIRECTION('ref_axis',(-0.800000000000002,-0.599999999999997,0.));
#4425=DIRECTION('',(-0.968713685428085,-0.248180973614693,-1.1314261122877E-16));
#4426=DIRECTION('center_axis',(0.599999999999999,-0.800000000000001,0.));
#4427=DIRECTION('ref_axis',(-0.800000000000001,-0.599999999999999,0.));
#4428=DIRECTION('center_axis',(-0.599999999999999,0.800000000000001,0.));
#4429=DIRECTION('ref_axis',(-0.800000000000001,-0.599999999999999,0.));
#4430=DIRECTION('center_axis',(0.599999999999997,-0.800000000000002,0.));
#4431=DIRECTION('ref_axis',(-0.800000000000001,-0.599999999999999,0.));
#4432=DIRECTION('center_axis',(-0.599999999999999,0.800000000000001,-2.94593771470929E-29));
#4433=DIRECTION('ref_axis',(-0.800000000000001,-0.599999999999999,0.));
#4434=DIRECTION('',(-0.968713685428085,-0.248180973614694,-1.1314261122877E-16));
#4435=DIRECTION('center_axis',(0.599999999999999,-0.800000000000001,0.));
#4436=DIRECTION('ref_axis',(-0.800000000000001,-0.599999999999999,0.));
#4437=DIRECTION('center_axis',(0.599999999999999,-0.800000000000001,0.));
#4438=DIRECTION('ref_axis',(-0.800000000000001,-0.599999999999999,0.));
#4439=DIRECTION('',(0.989949493661166,-0.141421356237313,-8.65956056235492E-17));
#4440=DIRECTION('center_axis',(-0.599999999999999,0.800000000000001,0.));
#4441=DIRECTION('ref_axis',(-0.800000000000001,-0.599999999999999,0.));
#4442=DIRECTION('center_axis',(0.981533936612441,-0.191288084516743,-8.49489743067726E-16));
#4443=DIRECTION('ref_axis',(0.,-4.44089209850064E-15,1.));
#4444=DIRECTION('center_axis',(0.,0.,1.));
#4445=DIRECTION('ref_axis',(1.,0.,0.));
#4446=DIRECTION('center_axis',(1.,-1.4210854715202E-13,0.));
#4447=DIRECTION('ref_axis',(0.,0.,1.));
#4448=DIRECTION('center_axis',(0.,0.,-1.));
#4449=DIRECTION('ref_axis',(0.134561667278592,0.990905221350259,0.));
#4450=DIRECTION('center_axis',(0.,0.,1.));
#4451=DIRECTION('ref_axis',(0.134561667278592,0.990905221350259,0.));
#4452=DIRECTION('center_axis',(-1.,1.42392272750851E-13,0.));
#4453=DIRECTION('ref_axis',(-1.00485917355762E-13,-0.707106781186548,0.707106781186548));
#4454=DIRECTION('center_axis',(1.,-1.4210854715202E-13,0.));
#4455=DIRECTION('ref_axis',(0.,0.,1.));
#4456=DIRECTION('',(1.,-1.42392272750851E-13,0.));
#4457=DIRECTION('',(-1.,1.42392272750851E-13,0.));
#4458=DIRECTION('center_axis',(0.,0.,-1.));
#4459=DIRECTION('ref_axis',(-1.,0.,0.));
#4460=DIRECTION('center_axis',(0.974999999999739,0.222204860434035,0.));
#4461=DIRECTION('ref_axis',(0.,0.,1.));
#4462=DIRECTION('center_axis',(0.,0.,-1.));
#4463=DIRECTION('ref_axis',(-0.111803398875501,0.993730345717532,0.));
#4464=DIRECTION('center_axis',(0.,0.,1.));
#4465=DIRECTION('ref_axis',(-0.111803398875501,0.993730345717532,0.));
#4466=DIRECTION('center_axis',(0.,0.,-1.));
#4467=DIRECTION('ref_axis',(-1.,0.,0.));
#4468=DIRECTION('center_axis',(-0.974999999999573,0.222204860434764,0.));
#4469=DIRECTION('ref_axis',(0.,0.,1.));
#4470=DIRECTION('center_axis',(0.,0.,1.));
#4471=DIRECTION('ref_axis',(-1.,3.74589248508528E-13,0.));
#4472=DIRECTION('center_axis',(0.,0.,-1.));
#4473=DIRECTION('ref_axis',(-1.,3.74589248508528E-13,0.));
#4474=DIRECTION('center_axis',(0.,0.,-1.));
#4475=DIRECTION('ref_axis',(-1.,0.,0.));
#4476=DIRECTION('center_axis',(-1.,-2.30926389122033E-13,0.));
#4477=DIRECTION('ref_axis',(0.,0.,1.));
#4478=DIRECTION('center_axis',(0.,0.,-1.));
#4479=DIRECTION('ref_axis',(-0.111803398875828,-0.993730345717495,0.));
#4480=DIRECTION('center_axis',(0.,0.,1.));
#4481=DIRECTION('ref_axis',(-0.111803398875828,-0.993730345717495,0.));
#4482=DIRECTION('center_axis',(1.,2.33637053539877E-13,0.));
#4483=DIRECTION('ref_axis',(-1.69569985537848E-13,0.707106781186548,0.707106781186548));
#4484=DIRECTION('center_axis',(-1.,-2.30926389122032E-13,0.));
#4485=DIRECTION('ref_axis',(0.,0.,1.));
#4486=DIRECTION('',(-1.,-2.33637053539877E-13,0.));
#4487=DIRECTION('',(1.,2.33637053539877E-13,0.));
#4488=DIRECTION('center_axis',(0.,0.,-1.));
#4489=DIRECTION('ref_axis',(-1.,0.,0.));
#4490=DIRECTION('center_axis',(-0.975000000000428,-0.22220486043101,0.));
#4491=DIRECTION('ref_axis',(0.,0.,1.));
#4492=DIRECTION('center_axis',(0.,0.,-1.));
#4493=DIRECTION('ref_axis',(0.11180339887415,-0.993730345717684,0.));
#4494=DIRECTION('center_axis',(0.,0.,1.));
#4495=DIRECTION('ref_axis',(0.11180339887415,-0.993730345717684,0.));
#4496=DIRECTION('center_axis',(0.,0.,-1.));
#4497=DIRECTION('ref_axis',(0.877708912305647,0.479194183248543,0.));
#4498=DIRECTION('center_axis',(0.714142842854278,0.700000000000008,0.));
#4499=DIRECTION('ref_axis',(0.,0.,1.));
#4500=DIRECTION('center_axis',(0.,0.,1.));
#4501=DIRECTION('ref_axis',(0.877708912305647,0.479194183248544,0.));
#4502=DIRECTION('center_axis',(0.,0.,-1.));
#4503=DIRECTION('ref_axis',(0.877708912305646,0.479194183248544,0.));
#4504=DIRECTION('center_axis',(0.,0.,-1.));
#4505=DIRECTION('ref_axis',(-1.,0.,0.));
#4506=DIRECTION('center_axis',(0.,1.,0.));
#4507=DIRECTION('ref_axis',(0.,0.,1.));
#4508=DIRECTION('center_axis',(0.,0.,-1.));
#4509=DIRECTION('ref_axis',(-0.921954445729289,0.387298334620742,0.));
#4510=DIRECTION('center_axis',(0.,0.,1.));
#4511=DIRECTION('ref_axis',(-0.921954445729289,0.387298334620742,0.));
#4512=DIRECTION('center_axis',(7.72329060608804E-16,1.,0.));
#4513=DIRECTION('ref_axis',(0.707106781186552,-1.57009245868376E-15,0.707106781186543));
#4514=DIRECTION('center_axis',(0.,1.,0.));
#4515=DIRECTION('ref_axis',(-1.77635683940025E-14,0.,1.));
#4516=DIRECTION('',(7.72329060608805E-16,1.,0.));
#4517=DIRECTION('',(-7.72329060608805E-16,-1.,0.));
#4518=DIRECTION('center_axis',(0.,-0.881917103688197,0.471404520791031));
#4519=DIRECTION('ref_axis',(1.,0.,0.));
#4520=DIRECTION('center_axis',(-0.979936662274132,-0.199309151648973,8.70358596104854E-15));
#4521=DIRECTION('ref_axis',(0.199309151648973,-0.979936662274132,0.));
#4522=DIRECTION('center_axis',(-1.56214257236765E-15,0.7106690545187,-0.70352647068145));
#4523=DIRECTION('ref_axis',(0.466666666666669,0.622222222222223,0.628539361054706));
#4524=DIRECTION('center_axis',(1.,-7.72329060608804E-16,0.));
#4525=DIRECTION('ref_axis',(-7.72329060608805E-16,-1.,7.4014868308344E-17));
#4526=DIRECTION('center_axis',(1.,-7.72329060608804E-16,0.));
#4527=DIRECTION('ref_axis',(-7.72329060608805E-16,-1.,7.4014868308344E-17));
#4528=DIRECTION('center_axis',(-0.979936662274132,-0.199309151648973,-8.70358596104854E-15));
#4529=DIRECTION('ref_axis',(0.199309151648973,-0.979936662274132,0.));
#4530=DIRECTION('center_axis',(1.42392272750851E-13,1.,0.));
#4531=DIRECTION('ref_axis',(-1.,1.42392272750851E-13,0.));
#4532=DIRECTION('',(0.,0.,-1.));
#4533=DIRECTION('',(-1.,1.42392272750851E-13,0.));
#4534=DIRECTION('',(0.,0.,1.));
#4535=DIRECTION('center_axis',(0.,0.,-1.));
#4536=DIRECTION('ref_axis',(-0.111803398875501,0.993730345717532,0.));
#4537=DIRECTION('',(0.,0.,1.));
#4538=DIRECTION('center_axis',(0.,0.,1.));
#4539=DIRECTION('ref_axis',(-0.111803398875501,0.993730345717532,0.));
#4540=DIRECTION('center_axis',(0.,0.,-1.));
#4541=DIRECTION('ref_axis',(-1.,0.,0.));
#4542=DIRECTION('',(0.,0.,-1.));
#4543=DIRECTION('center_axis',(0.,0.,-1.));
#4544=DIRECTION('ref_axis',(-1.,3.74589248508528E-13,0.));
#4545=DIRECTION('center_axis',(0.,0.,-1.));
#4546=DIRECTION('ref_axis',(-0.111803398875828,-0.993730345717495,0.));
#4547=DIRECTION('',(0.,0.,1.));
#4548=DIRECTION('center_axis',(0.,0.,1.));
#4549=DIRECTION('ref_axis',(-0.111803398875828,-0.993730345717495,0.));
#4550=DIRECTION('center_axis',(2.33637053539877E-13,-1.,0.));
#4551=DIRECTION('ref_axis',(1.,2.33637053539877E-13,0.));
#4552=DIRECTION('',(0.,0.,-1.));
#4553=DIRECTION('',(1.,2.33637053539877E-13,0.));
#4554=DIRECTION('center_axis',(0.,0.,-1.));
#4555=DIRECTION('ref_axis',(0.11180339887415,-0.993730345717684,0.));
#4556=DIRECTION('',(0.,0.,1.));
#4557=DIRECTION('center_axis',(0.,0.,1.));
#4558=DIRECTION('ref_axis',(0.11180339887415,-0.993730345717684,0.));
#4559=DIRECTION('center_axis',(0.,0.,-1.));
#4560=DIRECTION('ref_axis',(0.877708912305647,0.479194183248544,0.));
#4561=DIRECTION('',(0.,0.,-1.));
#4562=DIRECTION('center_axis',(0.,0.,-1.));
#4563=DIRECTION('ref_axis',(0.877708912305647,0.479194183248544,0.));
#4564=DIRECTION('center_axis',(0.,0.,-1.));
#4565=DIRECTION('ref_axis',(-0.921954445729289,0.387298334620742,0.));
#4566=DIRECTION('',(0.,0.,1.));
#4567=DIRECTION('center_axis',(0.,0.,1.));
#4568=DIRECTION('ref_axis',(-0.921954445729289,0.387298334620742,0.));
#4569=DIRECTION('center_axis',(-1.,7.72329060608804E-16,0.));
#4570=DIRECTION('ref_axis',(-7.72329060608805E-16,-1.,0.));
#4571=DIRECTION('',(0.,0.,1.));
#4572=DIRECTION('',(-6.03087674055852E-16,-0.780868809443031,0.624695047554423));
#4573=DIRECTION('',(0.,0.,-1.));
#4574=DIRECTION('',(6.0308767405585E-16,0.780868809443029,0.624695047554426));
#4575=DIRECTION('',(0.,0.,1.));
#4576=DIRECTION('',(-7.72329060608805E-16,-1.,0.));
#4577=DIRECTION('',(0.,0.,-1.));
#4578=DIRECTION('',(-7.72329060608805E-16,-1.,0.));
#4579=DIRECTION('center_axis',(0.,0.,1.));
#4580=DIRECTION('ref_axis',(-1.,0.,0.));
#4581=DIRECTION('center_axis',(-0.799999999999996,0.600000000000005,0.));
#4582=DIRECTION('ref_axis',(0.,0.,-1.));
#4583=DIRECTION('center_axis',(0.,0.,1.));
#4584=DIRECTION('ref_axis',(0.894427190999914,0.447213595499962,0.));
#4585=DIRECTION('center_axis',(0.800000000000002,-0.599999999999997,0.));
#4586=DIRECTION('ref_axis',(-0.424264068711926,-0.565685424949239,-0.707106781186548));
#4587=DIRECTION('center_axis',(-0.800000000000002,0.599999999999997,9.76996261670138E-15));
#4588=DIRECTION('ref_axis',(-8.88178419700124E-15,4.44089209850062E-15,
-1.));
#4589=DIRECTION('',(-0.800000000000002,0.599999999999997,0.));
#4590=DIRECTION('center_axis',(0.,0.,1.));
#4591=DIRECTION('ref_axis',(1.,0.,0.));
#4592=DIRECTION('center_axis',(0.974999999999573,-0.222204860434765,0.));
#4593=DIRECTION('ref_axis',(0.,0.,-1.));
#4594=DIRECTION('center_axis',(-1.,-2.30926389122033E-13,0.));
#4595=DIRECTION('ref_axis',(-2.30926389122033E-13,1.,0.));
#4596=DIRECTION('center_axis',(0.,0.,-1.));
#4597=DIRECTION('ref_axis',(-0.111803398875828,-0.993730345717495,0.));
#4598=DIRECTION('center_axis',(1.,2.33637053539877E-13,0.));
#4599=DIRECTION('ref_axis',(-1.69569985537848E-13,0.707106781186548,-0.707106781186547));
#4600=DIRECTION('center_axis',(-1.,-2.30926389122032E-13,0.));
#4601=DIRECTION('ref_axis',(-2.30926389122032E-13,1.,0.));
#4602=DIRECTION('',(-1.,-2.33637053539877E-13,0.));
#4603=DIRECTION('center_axis',(0.,0.,1.));
#4604=DIRECTION('ref_axis',(1.,0.,0.));
#4605=DIRECTION('center_axis',(-0.975000000000428,-0.22220486043101,0.));
#4606=DIRECTION('ref_axis',(-0.22220486043101,0.975000000000428,0.));
#4607=DIRECTION('center_axis',(0.,0.,-1.));
#4608=DIRECTION('ref_axis',(0.11180339887415,-0.993730345717684,0.));
#4609=DIRECTION('center_axis',(0.,0.,-1.));
#4610=DIRECTION('ref_axis',(0.877708912305647,0.479194183248543,0.));
#4611=DIRECTION('center_axis',(0.714142842854278,0.700000000000008,0.));
#4612=DIRECTION('ref_axis',(0.700000000000008,-0.714142842854277,0.));
#4613=DIRECTION('center_axis',(0.,0.,1.));
#4614=DIRECTION('ref_axis',(0.877708912305646,0.479194183248544,0.));
#4615=DIRECTION('center_axis',(0.,0.,1.));
#4616=DIRECTION('ref_axis',(1.,0.,0.));
#4617=DIRECTION('center_axis',(0.,1.,0.));
#4618=DIRECTION('ref_axis',(1.,0.,0.));
#4619=DIRECTION('center_axis',(0.,0.,-1.));
#4620=DIRECTION('ref_axis',(-0.921954445729289,0.387298334620742,0.));
#4621=DIRECTION('center_axis',(-7.72329060608804E-16,-1.,0.));
#4622=DIRECTION('ref_axis',(0.707106781186553,-1.57009245868376E-15,-0.707106781186543));
#4623=DIRECTION('center_axis',(0.,1.,0.));
#4624=DIRECTION('ref_axis',(1.,0.,0.));
#4625=DIRECTION('',(7.72329060608805E-16,1.,0.));
#4626=DIRECTION('center_axis',(0.800000000000003,-0.599999999999996,0.));
#4627=DIRECTION('ref_axis',(-0.599999999999996,-0.800000000000003,0.));
#4628=DIRECTION('center_axis',(0.,0.,1.));
#4629=DIRECTION('ref_axis',(0.447213595499953,-0.894427190999919,0.));
#4630=DIRECTION('center_axis',(0.,0.,-1.));
#4631=DIRECTION('ref_axis',(0.447213595499953,-0.894427190999919,0.));
#4632=DIRECTION('center_axis',(-0.800000000000002,0.599999999999997,0.));
#4633=DIRECTION('ref_axis',(-0.424264068711931,-0.565685424949238,-0.707106781186546));
#4634=DIRECTION('center_axis',(0.800000000000004,-0.599999999999995,0.));
#4635=DIRECTION('ref_axis',(-0.599999999999995,-0.800000000000004,0.));
#4636=DIRECTION('',(0.800000000000002,-0.599999999999997,0.));
#4637=DIRECTION('',(-0.800000000000002,0.599999999999997,0.));
#4638=DIRECTION('center_axis',(0.,0.,1.));
#4639=DIRECTION('ref_axis',(1.,0.,0.));
#4640=DIRECTION('center_axis',(1.,-1.4210854715202E-13,0.));
#4641=DIRECTION('ref_axis',(-1.4210854715202E-13,-1.,0.));
#4642=DIRECTION('center_axis',(0.,0.,-1.));
#4643=DIRECTION('ref_axis',(0.316227766016904,0.948683298050492,0.));
#4644=DIRECTION('center_axis',(0.,0.,1.));
#4645=DIRECTION('ref_axis',(0.316227766016904,0.948683298050492,0.));
#4646=DIRECTION('center_axis',(1.,-1.42392272750851E-13,0.));
#4647=DIRECTION('ref_axis',(-1.00485917355762E-13,-0.707106781186548,-0.707106781186547));
#4648=DIRECTION('center_axis',(1.,-1.4210854715202E-13,0.));
#4649=DIRECTION('ref_axis',(-1.4210854715202E-13,-1.,0.));
#4650=DIRECTION('',(1.,-1.42392272750851E-13,0.));
#4651=DIRECTION('center_axis',(0.,0.,1.));
#4652=DIRECTION('ref_axis',(1.,0.,0.));
#4653=DIRECTION('center_axis',(0.974999999999739,0.222204860434035,0.));
#4654=DIRECTION('ref_axis',(0.222204860434035,-0.974999999999739,0.));
#4655=DIRECTION('center_axis',(0.,0.,-1.));
#4656=DIRECTION('ref_axis',(-0.111803398875501,0.993730345717532,0.));
#4657=DIRECTION('center_axis',(0.,0.,-1.));
#4658=DIRECTION('ref_axis',(-1.,0.,0.));
#4659=DIRECTION('center_axis',(0.,0.,1.));
#4660=DIRECTION('ref_axis',(-1.,3.74589248508528E-13,0.));
#4661=DIRECTION('center_axis',(0.,0.,-1.));
#4662=DIRECTION('ref_axis',(-1.,0.,0.));
#4663=DIRECTION('center_axis',(0.,0.,1.));
#4664=DIRECTION('ref_axis',(-1.,0.,0.));
#4665=DIRECTION('center_axis',(0.,0.,1.));
#4666=DIRECTION('ref_axis',(-1.,0.,0.));
#4667=DIRECTION('center_axis',(-2.86658352329951E-16,-1.,0.));
#4668=DIRECTION('ref_axis',(0.,0.,1.));
#4669=DIRECTION('center_axis',(0.707106781186548,0.707106781186548,0.));
#4670=DIRECTION('ref_axis',(-0.707106781186547,0.707106781186547,0.));
#4671=DIRECTION('',(-2.8665835232995E-16,-1.,0.));
#4672=DIRECTION('center_axis',(0.707106781186548,-0.707106781186547,-3.92523114670944E-16));
#4673=DIRECTION('ref_axis',(0.707106781186547,0.707106781186548,-3.92523114670943E-16));
#4674=DIRECTION('',(2.8665835232995E-16,1.,0.));
#4675=DIRECTION('center_axis',(1.,0.,0.));
#4676=DIRECTION('ref_axis',(0.,0.,1.));
#4677=DIRECTION('center_axis',(0.707106781186547,0.707106781186548,0.));
#4678=DIRECTION('ref_axis',(0.707106781186548,-0.707106781186547,0.));
#4679=DIRECTION('',(-1.,0.,0.));
#4680=DIRECTION('',(1.,0.,0.));
#4681=DIRECTION('center_axis',(0.,0.,-1.));
#4682=DIRECTION('ref_axis',(-1.,0.,0.));
#4683=DIRECTION('',(-0.800000000000002,0.599999999999997,0.));
#4684=DIRECTION('center_axis',(0.,0.,-1.));
#4685=DIRECTION('ref_axis',(-0.948683298050515,0.316227766016836,0.));
#4686=DIRECTION('',(1.,3.29446614915942E-15,0.));
#4687=DIRECTION('center_axis',(0.,0.,-1.));
#4688=DIRECTION('ref_axis',(0.316227766016835,0.948683298050515,0.));
#4689=DIRECTION('',(0.800000000000002,-0.599999999999997,0.));
#4690=DIRECTION('center_axis',(0.,0.,-1.));
#4691=DIRECTION('ref_axis',(-1.,0.,0.));
#4692=DIRECTION('center_axis',(0.,0.,-1.));
#4693=DIRECTION('ref_axis',(-1.,0.,0.));
#4694=DIRECTION('',(1.43329176164975E-15,-1.,0.));
#4695=DIRECTION('',(1.,0.,0.));
#4696=DIRECTION('center_axis',(-1.,0.,0.));
#4697=DIRECTION('ref_axis',(0.,0.,1.));
#4698=DIRECTION('',(1.,0.,0.));
#4699=DIRECTION('center_axis',(0.707106781186548,-0.707106781186547,0.));
#4700=DIRECTION('ref_axis',(0.707106781186547,0.707106781186548,0.));
#4701=DIRECTION('center_axis',(-1.43329176164975E-15,1.,0.));
#4702=DIRECTION('ref_axis',(0.,0.,1.));
#4703=DIRECTION('',(1.43329176164975E-15,-1.,0.));
#4704=DIRECTION('center_axis',(-1.11022302462516E-16,-1.,0.));
#4705=DIRECTION('ref_axis',(-0.707106781186548,0.,0.707106781186547));
#4706=DIRECTION('center_axis',(0.707106781186547,-0.707106781186548,5.88784672006416E-16));
#4707=DIRECTION('ref_axis',(-0.707106781186548,-0.707106781186547,5.88784672006415E-16));
#4708=DIRECTION('',(1.11022302462516E-16,1.,0.));
#4709=DIRECTION('center_axis',(-0.707106781186547,-0.707106781186548,0.));
#4710=DIRECTION('ref_axis',(-0.707106781186548,0.707106781186547,0.));
#4711=DIRECTION('center_axis',(-1.,0.,0.));
#4712=DIRECTION('ref_axis',(0.,0.707106781186548,0.707106781186548));
#4713=DIRECTION('',(1.,0.,0.));
#4714=DIRECTION('center_axis',(-0.707106781186548,0.707106781186547,0.));
#4715=DIRECTION('ref_axis',(0.707106781186547,0.707106781186548,0.));
#4716=DIRECTION('center_axis',(-1.33226762955019E-15,1.,0.));
#4717=DIRECTION('ref_axis',(0.707106781186548,9.8130778667736E-16,0.707106781186548));
#4718=DIRECTION('',(1.33226762955019E-15,-1.,0.));
#4719=DIRECTION('center_axis',(0.707106781186547,0.707106781186548,0.));
#4720=DIRECTION('ref_axis',(0.707106781186548,-0.707106781186547,0.));
#4721=DIRECTION('center_axis',(1.,0.,0.));
#4722=DIRECTION('ref_axis',(0.,-0.707106781186548,0.707106781186547));
#4723=DIRECTION('',(-1.,0.,0.));
#4724=DIRECTION('center_axis',(0.,0.,1.));
#4725=DIRECTION('ref_axis',(1.,0.,0.));
#4726=DIRECTION('center_axis',(0.,0.,1.));
#4727=DIRECTION('ref_axis',(0.316227766016904,0.948683298050492,0.));
#4728=DIRECTION('',(0.,0.,-1.));
#4729=DIRECTION('center_axis',(0.599999999999997,0.800000000000002,0.));
#4730=DIRECTION('ref_axis',(-0.800000000000002,0.599999999999997,0.));
#4731=DIRECTION('',(0.,0.,1.));
#4732=DIRECTION('',(-0.800000000000002,0.599999999999997,0.));
#4733=DIRECTION('',(0.,0.,-1.));
#4734=DIRECTION('',(-0.800000000000002,0.599999999999997,0.));
#4735=DIRECTION('center_axis',(-0.599999999999997,-0.800000000000002,0.));
#4736=DIRECTION('ref_axis',(0.800000000000001,-0.599999999999999,0.));
#4737=DIRECTION('center_axis',(-0.800000000000002,0.599999999999997,0.));
#4738=DIRECTION('ref_axis',(0.424264068711927,0.565685424949237,-0.707106781186549));
#4739=DIRECTION('center_axis',(0.8,-0.6,0.));
#4740=DIRECTION('ref_axis',(0.,0.,-1.));
#4741=DIRECTION('center_axis',(0.,0.,1.));
#4742=DIRECTION('ref_axis',(-1.,0.,0.));
#4743=DIRECTION('center_axis',(-1.,-2.22044604925031E-15,0.));
#4744=DIRECTION('ref_axis',(0.,0.,-1.));
#4745=DIRECTION('center_axis',(0.,0.,1.));
#4746=DIRECTION('ref_axis',(-0.948683298050515,0.316227766016836,0.));
#4747=DIRECTION('center_axis',(1.,3.29446614915942E-15,0.));
#4748=DIRECTION('ref_axis',(1.57009245868377E-15,-0.707106781186547,-0.707106781186548));
#4749=DIRECTION('center_axis',(-1.,-4.44089209850063E-15,0.));
#4750=DIRECTION('ref_axis',(0.,0.,-1.));
#4751=DIRECTION('',(-1.,-3.29446614915942E-15,0.));
#4752=DIRECTION('center_axis',(0.,0.,1.));
#4753=DIRECTION('ref_axis',(-1.,0.,0.));
#4754=DIRECTION('center_axis',(-0.800000000000003,0.599999999999996,0.));
#4755=DIRECTION('ref_axis',(0.,0.,-1.));
#4756=DIRECTION('center_axis',(0.,0.,1.));
#4757=DIRECTION('ref_axis',(0.316227766016835,0.948683298050515,0.));
#4758=DIRECTION('center_axis',(0.800000000000002,-0.599999999999997,0.));
#4759=DIRECTION('ref_axis',(-0.424264068711926,-0.565685424949239,-0.707106781186548));
#4760=DIRECTION('',(-0.800000000000002,0.599999999999997,0.));
#4761=DIRECTION('',(-0.800000000000002,0.599999999999997,0.));
#4762=DIRECTION('center_axis',(0.,0.,-1.));
#4763=DIRECTION('ref_axis',(-0.948683298050516,0.316227766016832,0.));
#4764=DIRECTION('center_axis',(0.,0.,-1.));
#4765=DIRECTION('ref_axis',(-0.948683298050515,0.316227766016835,0.));
#4766=DIRECTION('',(0.,0.,1.));
#4767=DIRECTION('center_axis',(3.29446614915942E-15,-1.,0.));
#4768=DIRECTION('ref_axis',(1.,3.29446614915942E-15,0.));
#4769=DIRECTION('',(1.,3.29446614915942E-15,0.));
#4770=DIRECTION('',(0.,0.,-1.));
#4771=DIRECTION('center_axis',(0.,0.,-1.));
#4772=DIRECTION('ref_axis',(0.316227766016836,0.948683298050515,0.));
#4773=DIRECTION('center_axis',(0.,0.,-1.));
#4774=DIRECTION('ref_axis',(0.316227766016835,0.948683298050515,0.));
#4775=DIRECTION('',(0.,0.,1.));
#4776=DIRECTION('center_axis',(-0.6,-0.8,0.));
#4777=DIRECTION('ref_axis',(0.800000000000001,-0.599999999999999,0.));
#4778=DIRECTION('center_axis',(-0.599999999999997,-0.800000000000002,-1.08552986411428E-15));
#4779=DIRECTION('ref_axis',(0.800000000000002,-0.599999999999997,0.));
#4780=DIRECTION('',(-0.989949493661166,-0.14142135623731,-8.65956056235493E-17));
#4781=DIRECTION('center_axis',(0.599999999999997,0.800000000000002,0.));
#4782=DIRECTION('ref_axis',(0.800000000000001,-0.599999999999999,0.));
#4783=DIRECTION('center_axis',(0.599999999999997,0.800000000000002,0.));
#4784=DIRECTION('ref_axis',(0.800000000000001,-0.599999999999999,0.));
#4785=DIRECTION('center_axis',(-0.599999999999997,-0.800000000000002,0.));
#4786=DIRECTION('ref_axis',(0.800000000000002,-0.599999999999997,0.));
#4787=DIRECTION('',(0.800000000000002,-0.599999999999997,0.));
#4788=DIRECTION('center_axis',(0.599999999999997,0.800000000000002,0.));
#4789=DIRECTION('ref_axis',(0.800000000000001,-0.599999999999999,0.));
#4790=DIRECTION('center_axis',(0.599999999999997,0.800000000000002,0.));
#4791=DIRECTION('ref_axis',(0.800000000000001,-0.599999999999999,0.));
#4792=DIRECTION('',(0.800000000000002,-0.599999999999997,0.));
#4793=DIRECTION('',(0.,0.,-1.));
#4794=DIRECTION('',(0.800000000000002,-0.599999999999997,-1.11022302462516E-15));
#4795=DIRECTION('',(0.,0.,1.));
#4796=DIRECTION('',(-0.800000000000002,0.599999999999997,0.));
#4797=DIRECTION('',(0.,0.,-1.));
#4798=DIRECTION('center_axis',(-0.599999999999997,-0.800000000000002,0.));
#4799=DIRECTION('ref_axis',(0.800000000000002,-0.599999999999997,0.));
#4800=DIRECTION('center_axis',(0.,-1.,0.));
#4801=DIRECTION('ref_axis',(1.,0.,0.));
#4802=DIRECTION('center_axis',(0.,0.,-1.));
#4803=DIRECTION('ref_axis',(0.894427190999914,0.447213595499962,0.));
#4804=DIRECTION('center_axis',(-0.800000000000006,0.599999999999991,0.));
#4805=DIRECTION('ref_axis',(0.,0.,1.));
#4806=DIRECTION('center_axis',(0.,0.,1.));
#4807=DIRECTION('ref_axis',(0.894427190999914,0.447213595499962,0.));
#4808=DIRECTION('center_axis',(-0.800000000000002,0.599999999999997,0.));
#4809=DIRECTION('ref_axis',(0.424264068711922,0.565685424949242,0.707106781186549));
#4810=DIRECTION('center_axis',(-0.800000000000002,0.599999999999997,0.));
#4811=DIRECTION('ref_axis',(0.,0.,1.));
#4812=DIRECTION('',(-0.800000000000002,0.599999999999997,0.));
#4813=DIRECTION('center_axis',(-1.,0.,0.));
#4814=DIRECTION('ref_axis',(0.,0.,1.));
#4815=DIRECTION('center_axis',(0.,0.,1.));
#4816=DIRECTION('ref_axis',(0.316227766016835,0.948683298050515,0.));
#4817=DIRECTION('center_axis',(-1.,-3.29446614915942E-15,0.));
#4818=DIRECTION('ref_axis',(0.,0.707106781186549,0.707106781186546));
#4819=DIRECTION('center_axis',(-1.,0.,0.));
#4820=DIRECTION('ref_axis',(0.,0.,1.));
#4821=DIRECTION('',(-1.,-3.29446614915942E-15,0.));
#4822=DIRECTION('center_axis',(0.800000000000002,-0.599999999999998,0.));
#4823=DIRECTION('ref_axis',(0.,0.,1.));
#4824=DIRECTION('center_axis',(0.,0.,1.));
#4825=DIRECTION('ref_axis',(-0.948683298050515,0.316227766016835,0.));
#4826=DIRECTION('center_axis',(0.800000000000002,-0.599999999999997,0.));
#4827=DIRECTION('ref_axis',(-0.424264068711929,-0.565685424949247,0.70710678118654));
#4828=DIRECTION('center_axis',(0.800000000000001,-0.599999999999999,0.));
#4829=DIRECTION('ref_axis',(0.,0.,1.));
#4830=DIRECTION('',(0.800000000000002,-0.599999999999997,0.));
#4831=DIRECTION('center_axis',(0.,1.,0.));
#4832=DIRECTION('ref_axis',(0.,0.,1.));
#4833=DIRECTION('center_axis',(0.,0.,1.));
#4834=DIRECTION('ref_axis',(0.447213595499961,-0.894427190999914,0.));
#4835=DIRECTION('center_axis',(0.,0.,-1.));
#4836=DIRECTION('ref_axis',(0.447213595499962,-0.894427190999914,0.));
#4837=DIRECTION('center_axis',(7.72329060608804E-16,1.,0.));
#4838=DIRECTION('ref_axis',(0.707106781186554,0.,0.707106781186541));
#4839=DIRECTION('',(7.72329060608805E-16,1.,0.));
#4840=DIRECTION('center_axis',(0.,0.,-1.));
#4841=DIRECTION('ref_axis',(0.447213595499954,-0.894427190999918,0.));
#4842=DIRECTION('center_axis',(0.,0.,-1.));
#4843=DIRECTION('ref_axis',(0.894427190999916,0.447213595499958,0.));
#4844=DIRECTION('center_axis',(0.424264068711927,0.56568542494924,-0.707106781186547));
#4845=DIRECTION('ref_axis',(0.424264068711926,0.565685424949238,0.707106781186549));
#4846=DIRECTION('center_axis',(0.,0.,-1.));
#4847=DIRECTION('ref_axis',(-1.,0.,0.));
#4848=DIRECTION('center_axis',(0.599999999999998,0.800000000000002,0.));
#4849=DIRECTION('ref_axis',(0.800000000000001,-0.599999999999998,0.));
#4850=DIRECTION('',(0.141421356237231,-0.989949493661178,8.65956056235422E-17));
#4851=DIRECTION('center_axis',(0.599999999999997,0.800000000000002,0.));
#4852=DIRECTION('ref_axis',(0.800000000000001,-0.599999999999999,0.));
#4853=DIRECTION('center_axis',(0.599999999999999,0.800000000000001,0.));
#4854=DIRECTION('ref_axis',(0.800000000000001,-0.599999999999999,0.));
#4855=DIRECTION('',(-0.599999999999999,-0.800000000000001,0.));
#4856=DIRECTION('center_axis',(0.,0.,1.));
#4857=DIRECTION('ref_axis',(-1.,0.,0.));
#4858=DIRECTION('',(-0.707106781186546,8.65956056235491E-17,-0.707106781186549));
#4859=DIRECTION('center_axis',(0.,0.,1.));
#4860=DIRECTION('ref_axis',(-1.,0.,0.));
#4861=DIRECTION('center_axis',(0.,0.,-1.));
#4862=DIRECTION('ref_axis',(-1.,0.,0.));
#4863=DIRECTION('',(0.,0.,-1.));
#4864=DIRECTION('center_axis',(0.,0.,-1.));
#4865=DIRECTION('ref_axis',(-1.,0.,0.));
#4866=DIRECTION('center_axis',(0.,0.,-1.));
#4867=DIRECTION('ref_axis',(-1.,0.,0.));
#4868=DIRECTION('',(0.707106781186546,-8.65956056235492E-17,-0.707106781186549));
#4869=DIRECTION('center_axis',(0.,0.,-1.));
#4870=DIRECTION('ref_axis',(-1.,0.,0.));
#4871=DIRECTION('center_axis',(0.,0.,-1.));
#4872=DIRECTION('ref_axis',(-1.,0.,0.));
#4873=DIRECTION('',(0.707106781186546,-8.65956056235492E-17,-0.707106781186549));
#4874=DIRECTION('center_axis',(0.,0.,-1.));
#4875=DIRECTION('ref_axis',(-1.,0.,0.));
#4876=DIRECTION('center_axis',(0.,0.,1.));
#4877=DIRECTION('ref_axis',(-1.,0.,0.));
#4878=DIRECTION('',(0.,0.,-1.));
#4879=DIRECTION('center_axis',(0.,0.,1.));
#4880=DIRECTION('ref_axis',(-1.,0.,0.));
#4881=DIRECTION('',(-0.707106781186546,8.65956056235491E-17,-0.707106781186549));
#4882=DIRECTION('center_axis',(0.,0.,-1.));
#4883=DIRECTION('ref_axis',(0.894427190999916,0.447213595499958,0.));
#4884=DIRECTION('center_axis',(0.424264068711926,0.565685424949237,0.707106781186549));
#4885=DIRECTION('ref_axis',(0.424264068711929,0.56568542494924,-0.707106781186546));
#4886=DIRECTION('center_axis',(-0.424264068711927,-0.56568542494924,0.707106781186547));
#4887=DIRECTION('ref_axis',(0.857492925712545,0.,0.514495755427526));
#4888=DIRECTION('',(0.800000000000001,-0.599999999999999,-1.11022302462516E-15));
#4889=DIRECTION('',(-0.115470053837928,0.808290376865475,0.577350269189627));
#4890=DIRECTION('center_axis',(0.599999999999999,0.800000000000001,0.));
#4891=DIRECTION('ref_axis',(0.,0.,-1.));
#4892=DIRECTION('',(-0.800000000000001,0.599999999999999,0.));
#4893=DIRECTION('',(0.,0.,1.));
#4894=DIRECTION('center_axis',(-0.989949493661166,-0.141421356237313,0.));
#4895=DIRECTION('ref_axis',(0.,0.,1.));
#4896=DIRECTION('',(-0.115470053837928,0.808290376865477,-0.577350269189623));
#4897=DIRECTION('center_axis',(-0.424264068711926,-0.565685424949237,-0.707106781186549));
#4898=DIRECTION('ref_axis',(-0.857492925712546,0.,0.514495755427524));
#4899=DIRECTION('center_axis',(-0.599999999999991,-0.800000000000007,0.));
#4900=DIRECTION('ref_axis',(0.800000000000002,-0.599999999999997,0.));
#4901=DIRECTION('',(0.968713685428085,-0.248180973614693,-1.1314261122877E-16));
#4902=DIRECTION('center_axis',(0.599999999999999,0.800000000000001,0.));
#4903=DIRECTION('ref_axis',(0.800000000000001,-0.599999999999999,0.));
#4904=DIRECTION('center_axis',(-0.599999999999999,-0.800000000000001,0.));
#4905=DIRECTION('ref_axis',(0.800000000000001,-0.599999999999999,0.));
#4906=DIRECTION('center_axis',(-0.599999999999997,-0.800000000000002,0.));
#4907=DIRECTION('ref_axis',(0.800000000000001,-0.599999999999999,0.));
#4908=DIRECTION('center_axis',(-0.599999999999999,-0.800000000000001,2.94593771470929E-29));
#4909=DIRECTION('ref_axis',(0.800000000000001,-0.599999999999999,0.));
#4910=DIRECTION('',(0.968713685428085,-0.248180973614694,-1.1314261122877E-16));
#4911=DIRECTION('center_axis',(0.599999999999999,0.800000000000001,0.));
#4912=DIRECTION('ref_axis',(0.800000000000001,-0.599999999999999,0.));
#4913=DIRECTION('center_axis',(-0.599999999999999,-0.800000000000001,0.));
#4914=DIRECTION('ref_axis',(0.800000000000001,-0.599999999999999,0.));
#4915=DIRECTION('',(-0.989949493661166,-0.141421356237313,-8.65956056235492E-17));
#4916=DIRECTION('center_axis',(-0.599999999999999,-0.800000000000001,0.));
#4917=DIRECTION('ref_axis',(0.800000000000001,-0.599999999999999,0.));
#4918=CARTESIAN_POINT('',(0.,0.,0.));
#4919=CARTESIAN_POINT('Origin',(-10.5000000000388,-39.,30.5));
#4920=CARTESIAN_POINT('',(-11.0000000000388,-39.,30.5));
#4921=CARTESIAN_POINT('',(-10.5000000000388,-39.5,30.5));
#4922=CARTESIAN_POINT('Origin',(-10.5000000000388,-39.,30.5));
#4923=CARTESIAN_POINT('',(-10.5000000000388,-39.,31.));
#4924=CARTESIAN_POINT('Origin',(-10.5000000000388,-39.,30.5));
#4925=CARTESIAN_POINT('Origin',(-10.5000000000388,-39.,30.5));
#4926=CARTESIAN_POINT('Origin',(-10.5000000000388,-39.,3.));
#4927=CARTESIAN_POINT('',(-11.0000000000388,-39.,21.8771324027147));
#4928=CARTESIAN_POINT('',(-10.5000000000388,-39.5,21.8771324027147));
#4929=CARTESIAN_POINT('Origin',(-10.5000000000388,-39.,21.8771324027147));
#4930=CARTESIAN_POINT('',(-10.5000000000388,-39.5,3.));
#4931=CARTESIAN_POINT('',(-11.0000000000388,-39.,3.));
#4932=CARTESIAN_POINT('Origin',(-10.5000000000388,-42.,21.8771324027147));
#4933=CARTESIAN_POINT('',(-11.0000000000388,-40.5,19.2790561913614));
#4934=CARTESIAN_POINT('',(-10.5000000000388,-40.75,19.7120688932536));
#4935=CARTESIAN_POINT('Origin',(-10.5000000000388,-40.5,19.2790561913614));
#4936=CARTESIAN_POINT('Origin',(-10.5000000000388,-42.,21.8771324027147));
#4937=CARTESIAN_POINT('Origin',(-11.0000000000388,-42.,21.8771324027147));
#4938=CARTESIAN_POINT('Origin',(-10.5000000000388,-51.2990381056766,13.0442286340599));
#4939=CARTESIAN_POINT('',(-11.0000000000388,-60.0358983848622,8.));
#4940=CARTESIAN_POINT('',(-10.5000000000388,-60.2858983848622,8.43301270189222));
#4941=CARTESIAN_POINT('Origin',(-10.5000000000388,-60.0358983848622,8.));
#4942=CARTESIAN_POINT('',(-10.5000000000388,-51.5490381056766,13.4772413359522));
#4943=CARTESIAN_POINT('',(-11.0000000000388,-51.2990381056766,13.0442286340599));
#4944=CARTESIAN_POINT('Ctrl Pts',(-13.0000000000388,-64.6160254037844,5.93301270189222));
#4945=CARTESIAN_POINT('Ctrl Pts',(-12.4390013118978,-64.6160254037844,5.93301270189222));
#4946=CARTESIAN_POINT('Ctrl Pts',(-11.1278011736002,-63.8245231359289,6.38998674930282));
#4947=CARTESIAN_POINT('Ctrl Pts',(-10.5000000000388,-61.5814693593152,7.68501445103751));
#4948=CARTESIAN_POINT('Ctrl Pts',(-10.5000000000388,-60.2858983848622,8.43301270189222));
#4949=CARTESIAN_POINT('Ctrl Pts',(-13.0000000000388,-64.5782379170295,5.95482931754215));
#4950=CARTESIAN_POINT('Ctrl Pts',(-12.4585842362484,-64.5782379170295,5.95482931754215));
#4951=CARTESIAN_POINT('Ctrl Pts',(-11.1929054344952,-63.7913042464174,6.40898121936651));
#4952=CARTESIAN_POINT('Ctrl Pts',(-10.6090948061904,-61.5641271106269,7.69421410896185));
#4953=CARTESIAN_POINT('Ctrl Pts',(-10.6308996939384,-60.2858983848622,8.43301270189222));
#4954=CARTESIAN_POINT('Ctrl Pts',(-13.0000000000388,-64.4969209560244,5.98850885144445));
#4955=CARTESIAN_POINT('Ctrl Pts',(-12.4977461887438,-64.4969209560244,5.98850885144445));
#4956=CARTESIAN_POINT('Ctrl Pts',(-11.3232393384714,-63.712660089661,6.42598188970114));
#4957=CARTESIAN_POINT('Ctrl Pts',(-10.8280850847774,-61.4955119016845,7.65315559415207));
#4958=CARTESIAN_POINT('Ctrl Pts',(-10.8915381608028,-60.2316674652442,8.33908199377265));
#4959=CARTESIAN_POINT('Ctrl Pts',(-13.0000000000388,-64.4096586350843,6.));
#4960=CARTESIAN_POINT('Ctrl Pts',(-12.5342445466887,-64.4096586350843,6.));
#4961=CARTESIAN_POINT('Ctrl Pts',(-11.4451548644226,-63.6205599907584,6.39446517378332));
#4962=CARTESIAN_POINT('Ctrl Pts',(-10.9653155026622,-61.386016762391,7.49639494644831));
#4963=CARTESIAN_POINT('Ctrl Pts',(-11.0000000000388,-60.101348231812,8.11336246026464));
#4964=CARTESIAN_POINT('Ctrl Pts',(-13.0000000000388,-64.3660254037844,6.));
#4965=CARTESIAN_POINT('Ctrl Pts',(-12.551201049526,-64.3660254037844,6.));
#4966=CARTESIAN_POINT('Ctrl Pts',(-11.5022409388879,-63.5745231359289,6.36557923792848));
#4967=CARTESIAN_POINT('Ctrl Pts',(-11.0000000000388,-61.3314693593152,7.40160139931623));
#4968=CARTESIAN_POINT('Ctrl Pts',(-11.0000000000388,-60.0358983848622,8.));
#4969=CARTESIAN_POINT('',(-13.0000000000388,-64.3660254037844,6.));
#4970=CARTESIAN_POINT('',(-12.4251528965137,-64.5,6.));
#4971=CARTESIAN_POINT('Ctrl Pts',(-12.4248036147614,-64.4981210694468,6.00108480106068));
#4972=CARTESIAN_POINT('Ctrl Pts',(-12.4502929169301,-64.4981876889544,6.00103984206245));
#4973=CARTESIAN_POINT('Ctrl Pts',(-12.4757763835715,-64.4975511598846,6.00099212906537));
#4974=CARTESIAN_POINT('Ctrl Pts',(-12.5012258337424,-64.4961941485334,6.00094263159367));
#4975=CARTESIAN_POINT('Ctrl Pts',(-12.5399444708012,-64.4941295998049,6.00086732644448));
#4976=CARTESIAN_POINT('Ctrl Pts',(-12.578490961653,-64.4903850819238,6.00079568572095));
#4977=CARTESIAN_POINT('Ctrl Pts',(-12.6167718547308,-64.4849506401663,6.00071384970315));
#4978=CARTESIAN_POINT('Ctrl Pts',(-12.6522246128357,-64.4799176868161,6.00063805960762));
#4979=CARTESIAN_POINT('Ctrl Pts',(-12.6874493850112,-64.4734358163855,6.00055477794865));
#4980=CARTESIAN_POINT('Ctrl Pts',(-12.7223816844964,-64.4654535832353,6.00046898635301));
#4981=CARTESIAN_POINT('Ctrl Pts',(-12.7251683014801,-64.4648168250833,6.00046214259176));
#4982=CARTESIAN_POINT('Ctrl Pts',(-12.7279530637008,-64.4641704923066,6.00045528582581));
#4983=CARTESIAN_POINT('Ctrl Pts',(-12.7307359419443,-64.4635145442287,6.00044841943559));
#4984=CARTESIAN_POINT('Ctrl Pts',(-12.7413196439585,-64.4610198756209,6.00042230552702));
#4985=CARTESIAN_POINT('Ctrl Pts',(-12.7518760883909,-64.4583861730152,6.0003960571517));
#4986=CARTESIAN_POINT('Ctrl Pts',(-12.762403787878,-64.4556110453317,6.00037038472039));
#4987=CARTESIAN_POINT('Ctrl Pts',(-12.7932977684621,-64.4474673154622,6.00029504788203));
#4988=CARTESIAN_POINT('Ctrl Pts',(-12.8237743274295,-64.4381599567873,6.00022258048608));
#4989=CARTESIAN_POINT('Ctrl Pts',(-12.8538089534798,-64.4277082644214,6.00016199200252));
#4990=CARTESIAN_POINT('Ctrl Pts',(-12.8823815612695,-64.4177653370079,6.0001043528305));
#4991=CARTESIAN_POINT('Ctrl Pts',(-12.9105541799137,-64.4067869426712,6.00005812867531));
#4992=CARTESIAN_POINT('Ctrl Pts',(-12.9383410656043,-64.3947597555422,6.00003061577612));
#4993=CARTESIAN_POINT('Ctrl Pts',(-12.9582776814318,-64.3861304542255,6.00001087574092));
#4994=CARTESIAN_POINT('Ctrl Pts',(-12.9780164289082,-64.3769606401804,6.00000078821614));
#4995=CARTESIAN_POINT('Ctrl Pts',(-12.997574962238,-64.3672346202409,6.0000000459648));
#4996=CARTESIAN_POINT('Ctrl Pts',(-12.9983837342097,-64.3668324360796,6.00000001527169));
#4997=CARTESIAN_POINT('Ctrl Pts',(-12.999192079378,-64.3664293641148,6.));
#4998=CARTESIAN_POINT('Ctrl Pts',(-13.0000000000388,-64.3660254037844,6.));
#4999=CARTESIAN_POINT('Origin',(-13.0000000000388,-60.2858983848622,8.43301270189222));
#5000=CARTESIAN_POINT('Origin',(-13.0000000000388,-60.0358983848622,8.));
#5001=CARTESIAN_POINT('Origin',(-13.0000000000388,-43.25,8.));
#5002=CARTESIAN_POINT('',(-11.0000000000388,-46.4999999999965,8.));
#5003=CARTESIAN_POINT('',(-11.0000000000388,-43.25,8.));
#5004=CARTESIAN_POINT('',(-13.00000000001,-50.53112887411,6.));
#5005=CARTESIAN_POINT('Ctrl Pts',(-12.9999999999811,-50.53112887411,6.));
#5006=CARTESIAN_POINT('Ctrl Pts',(-12.7301710908499,-50.3637880884596,6.00000000000778));
#5007=CARTESIAN_POINT('Ctrl Pts',(-12.2250204838728,-49.9401685268915,6.11091974235679));
#5008=CARTESIAN_POINT('Ctrl Pts',(-11.6604637145742,-49.1614049105147,6.47199776283448));
#5009=CARTESIAN_POINT('Ctrl Pts',(-11.2737578907661,-48.3059299417869,6.93686593905597));
#5010=CARTESIAN_POINT('Ctrl Pts',(-11.0500733328291,-47.41585448329,7.45399825752038));
#5011=CARTESIAN_POINT('Ctrl Pts',(-11.0003932425798,-46.8089659347134,7.81576985729059));
#5012=CARTESIAN_POINT('Ctrl Pts',(-11.0000014154235,-46.5046969553062,7.99719927009381));
#5013=CARTESIAN_POINT('Ctrl Pts',(-11.0000000000388,-46.5023485718657,7.99859958230419));
#5014=CARTESIAN_POINT('Ctrl Pts',(-11.0000000000388,-46.4999999999965,8.));
#5015=CARTESIAN_POINT('',(-13.0000000000388,-43.25,6.));
#5016=CARTESIAN_POINT('Origin',(-11.0000000000388,-26.5,0.));
#5017=CARTESIAN_POINT('',(-11.0000000000388,-27.,30.5));
#5018=CARTESIAN_POINT('',(-11.0000000000388,-29.75,30.5));
#5019=CARTESIAN_POINT('',(-11.0000000000388,-27.,0.5));
#5020=CARTESIAN_POINT('',(-11.0000000000388,-27.,0.));
#5021=CARTESIAN_POINT('',(-11.0000000000388,-46.4999999999965,0.5));
#5022=CARTESIAN_POINT('',(-11.0000000000388,-43.25,0.5));
#5023=CARTESIAN_POINT('',(-11.0000000000388,-46.4999999999965,0.));
#5024=CARTESIAN_POINT('Origin',(-10.5000000000388,-29.75,30.5));
#5025=CARTESIAN_POINT('',(-10.5000000000388,-27.,31.));
#5026=CARTESIAN_POINT('',(-10.5000000000388,-29.75,31.));
#5027=CARTESIAN_POINT('Origin',(-10.5000000000388,-27.,30.5));
#5028=CARTESIAN_POINT('Origin',(-5.5000000000388,-39.,30.5));
#5029=CARTESIAN_POINT('',(10.4999999999612,-39.5,30.5));
#5030=CARTESIAN_POINT('',(-5.5000000000388,-39.5,30.5));
#5031=CARTESIAN_POINT('',(10.4999999999612,-39.,31.));
#5032=CARTESIAN_POINT('Origin',(10.4999999999612,-39.,30.5));
#5033=CARTESIAN_POINT('',(-5.5000000000388,-39.,31.));
#5034=CARTESIAN_POINT('Origin',(10.4999999999612,-39.,30.5));
#5035=CARTESIAN_POINT('',(10.9999999999612,-39.,30.5));
#5036=CARTESIAN_POINT('Origin',(10.4999999999612,-39.,30.5));
#5037=CARTESIAN_POINT('Origin',(10.4999999999612,-39.,30.5));
#5038=CARTESIAN_POINT('Origin',(10.4999999999612,-39.,3.));
#5039=CARTESIAN_POINT('',(10.4999999999612,-39.5,21.8771324027147));
#5040=CARTESIAN_POINT('',(10.9999999999612,-39.,21.8771324027147));
#5041=CARTESIAN_POINT('Origin',(10.4999999999612,-39.,21.8771324027147));
#5042=CARTESIAN_POINT('',(10.9999999999612,-39.,3.));
#5043=CARTESIAN_POINT('',(10.4999999999612,-39.5,3.));
#5044=CARTESIAN_POINT('Origin',(10.4999999999612,-42.,21.8771324027147));
#5045=CARTESIAN_POINT('',(10.4999999999612,-40.75,19.7120688932536));
#5046=CARTESIAN_POINT('',(10.9999999999612,-40.5,19.2790561913614));
#5047=CARTESIAN_POINT('Origin',(10.4999999999612,-40.5,19.2790561913614));
#5048=CARTESIAN_POINT('Origin',(10.9999999999612,-42.,21.8771324027147));
#5049=CARTESIAN_POINT('Origin',(10.4999999999612,-42.,21.8771324027147));
#5050=CARTESIAN_POINT('Origin',(10.4999999999612,-60.2990381056766,7.84807621135331));
#5051=CARTESIAN_POINT('',(10.4999999999612,-60.2858983848622,8.43301270189222));
#5052=CARTESIAN_POINT('',(10.9999999999612,-60.0358983848622,8.));
#5053=CARTESIAN_POINT('Origin',(10.4999999999612,-60.0358983848622,8.));
#5054=CARTESIAN_POINT('',(10.9999999999612,-60.2990381056766,7.84807621135331));
#5055=CARTESIAN_POINT('',(10.4999999999612,-60.5490381056767,8.28108891324553));
#5056=CARTESIAN_POINT('Ctrl Pts',(10.4999999999612,-60.2858983848622,8.43301270189222));
#5057=CARTESIAN_POINT('Ctrl Pts',(10.4999999999612,-61.257576615702,7.87201401375119));
#5058=CARTESIAN_POINT('Ctrl Pts',(10.8277999512583,-62.8710904593613,6.94045136177328));
#5059=CARTESIAN_POINT('Ctrl Pts',(11.87900623043,-64.320065593959,6.10388517776425));
#5060=CARTESIAN_POINT('Ctrl Pts',(12.6260008745338,-64.6160254037844,5.93301270189222));
#5061=CARTESIAN_POINT('Ctrl Pts',(12.9999999999612,-64.6160254037844,5.93301270189222));
#5062=CARTESIAN_POINT('Ctrl Pts',(10.6308996938608,-60.2858983848622,8.43301270189222));
#5063=CARTESIAN_POINT('Ctrl Pts',(10.6145460280498,-61.2445699291858,7.87891375719444));
#5064=CARTESIAN_POINT('Ctrl Pts',(10.9118814813145,-62.8445816826101,6.95571431700079));
#5065=CARTESIAN_POINT('Ctrl Pts',(11.9181496127561,-64.2838765011119,6.12452187274003));
#5066=CARTESIAN_POINT('Ctrl Pts',(12.6390561574343,-64.5782379170295,5.95482931754215));
#5067=CARTESIAN_POINT('Ctrl Pts',(12.9999999999612,-64.5782379170295,5.95482931754215));
#5068=CARTESIAN_POINT('Ctrl Pts',(10.8915381607252,-60.2316674652442,8.33908199377264));
#5069=CARTESIAN_POINT('Ctrl Pts',(10.8439483537061,-61.1795507925745,7.82463719405721));
#5070=CARTESIAN_POINT('Ctrl Pts',(11.0800631326876,-62.7697760866315,6.94840071888826));
#5071=CARTESIAN_POINT('Ctrl Pts',(11.9966797142313,-64.2035804181695,6.15204635208509));
#5072=CARTESIAN_POINT('Ctrl Pts',(12.6651641257645,-64.4969209560244,5.98850885144445));
#5073=CARTESIAN_POINT('Ctrl Pts',(12.9999999999612,-64.4969209560244,5.98850885144445));
#5074=CARTESIAN_POINT('Ctrl Pts',(10.9999999999612,-60.101348231812,8.11336246026464));
#5075=CARTESIAN_POINT('Ctrl Pts',(10.9739866269288,-61.0648496297463,7.65063682490239));
#5076=CARTESIAN_POINT('Ctrl Pts',(11.2123718114035,-62.6706612048866,6.86404263172294));
#5077=CARTESIAN_POINT('Ctrl Pts',(12.0692397044801,-64.1145300497211,6.14716901430207));
#5078=CARTESIAN_POINT('Ctrl Pts',(12.6894963643945,-64.4096586350843,6.));
#5079=CARTESIAN_POINT('Ctrl Pts',(12.9999999999612,-64.4096586350843,6.));
#5080=CARTESIAN_POINT('Ctrl Pts',(10.9999999999612,-60.0358983848622,8.));
#5081=CARTESIAN_POINT('Ctrl Pts',(10.9999999999612,-61.007576615702,7.55120104948717));
#5082=CARTESIAN_POINT('Ctrl Pts',(11.2622399609989,-62.6210904593613,6.80595092790485));
#5083=CARTESIAN_POINT('Ctrl Pts',(12.1032049843362,-64.070065593959,6.13669798069763));
#5084=CARTESIAN_POINT('Ctrl Pts',(12.7008006996193,-64.3660254037844,6.));
#5085=CARTESIAN_POINT('Ctrl Pts',(12.9999999999612,-64.3660254037844,6.));
#5086=CARTESIAN_POINT('',(12.4251528964361,-64.5,6.));
#5087=CARTESIAN_POINT('',(12.9999999999612,-64.3660254037844,6.));
#5088=CARTESIAN_POINT('Ctrl Pts',(12.9999999999612,-64.3660254037844,6.));
#5089=CARTESIAN_POINT('Ctrl Pts',(12.9991920793006,-64.3664293641147,6.));
#5090=CARTESIAN_POINT('Ctrl Pts',(12.9983837364559,-64.366832475628,6.));
#5091=CARTESIAN_POINT('Ctrl Pts',(12.8820478073213,-64.4246953589434,6.));
#5092=CARTESIAN_POINT('Ctrl Pts',(12.7606838008052,-64.4634325565645,6.00000000000947));
#5093=CARTESIAN_POINT('Ctrl Pts',(12.5647346712947,-64.4946535712135,6.00000000000947));
#5094=CARTESIAN_POINT('Ctrl Pts',(12.4950217507321,-64.5,6.));
#5095=CARTESIAN_POINT('Ctrl Pts',(12.4251528964362,-64.5,6.));
#5096=CARTESIAN_POINT('Origin',(12.9999999999612,-60.0358983848622,8.));
#5097=CARTESIAN_POINT('Origin',(12.9999999999612,-60.2858983848622,8.43301270189222));
#5098=CARTESIAN_POINT('Origin',(10.9999999999612,-64.5,5.99999999999999));
#5099=CARTESIAN_POINT('',(5.4999999999806,-64.5,6.));
#5100=CARTESIAN_POINT('',(-3.88000742646E-11,-40.75,19.7120688932536));
#5101=CARTESIAN_POINT('Origin',(-3.88000742646E-11,-42.,21.8771324027147));
#5102=CARTESIAN_POINT('',(-3.88000742646E-11,-39.5,21.8771324027147));
#5103=CARTESIAN_POINT('Origin',(-11.0000000000388,-39.5,6.));
#5104=CARTESIAN_POINT('Origin',(10.4999999999612,-41.75,30.5));
#5105=CARTESIAN_POINT('',(10.9999999999612,-27.,30.5));
#5106=CARTESIAN_POINT('',(10.9999999999612,-41.75,30.5));
#5107=CARTESIAN_POINT('',(10.4999999999612,-27.,31.));
#5108=CARTESIAN_POINT('Origin',(10.4999999999612,-27.,30.5));
#5109=CARTESIAN_POINT('',(10.4999999999612,-41.75,31.));
#5110=CARTESIAN_POINT('Ctrl Pts',(-24.2000000000027,-72.4000000000022,7.));
#5111=CARTESIAN_POINT('Ctrl Pts',(-24.19584502427,-72.3968837682026,6.99830096719919));
#5112=CARTESIAN_POINT('Ctrl Pts',(-24.1916908773304,-72.3937708781993,6.99660096485925));
#5113=CARTESIAN_POINT('Ctrl Pts',(-23.165850303526,-71.6263812008032,6.57816195080409));
#5114=CARTESIAN_POINT('Ctrl Pts',(-21.6612429457562,-70.7795421683348,6.01070694630802));
#5115=CARTESIAN_POINT('Ctrl Pts',(-19.5822070243284,-70.0653892516108,5.57849968640824));
#5116=CARTESIAN_POINT('Ctrl Pts',(-18.7111794774855,-69.853021367112,5.5));
#5117=CARTESIAN_POINT('Ctrl Pts',(-18.2736772254956,-69.7677579191218,5.5));
#5118=CARTESIAN_POINT('Ctrl Pts',(-24.2000000000027,-72.4000000000022,7.));
#5119=CARTESIAN_POINT('Ctrl Pts',(-24.1958053552288,-72.3968456101877,6.99849256729398));
#5120=CARTESIAN_POINT('Ctrl Pts',(-24.1915871252226,-72.3937017088206,6.99697578703372));
#5121=CARTESIAN_POINT('Ctrl Pts',(-23.1545817453698,-71.617290372456,6.62519322197875));
#5122=CARTESIAN_POINT('Ctrl Pts',(-21.6284211091036,-70.763842480124,6.11982766283835));
#5123=CARTESIAN_POINT('Ctrl Pts',(-19.5520517051509,-70.0570182989092,5.77969754286421));
#5124=CARTESIAN_POINT('Ctrl Pts',(-18.6964273948895,-69.8500517575711,5.74168148350851));
#5125=CARTESIAN_POINT('Ctrl Pts',(-18.2736772254956,-69.7677579191218,5.76179938779915));
#5126=CARTESIAN_POINT('Ctrl Pts',(-24.2000000000027,-72.4000000000022,7.));
#5127=CARTESIAN_POINT('Ctrl Pts',(-24.1957633449636,-72.3968019176317,6.99868153654259));
#5128=CARTESIAN_POINT('Ctrl Pts',(-24.1914857748053,-72.3936382882581,6.99735338612619));
#5129=CARTESIAN_POINT('Ctrl Pts',(-23.1433671971585,-71.60739113069,6.67208067167362));
#5130=CARTESIAN_POINT('Ctrl Pts',(-21.6127804805991,-70.7276668974482,6.23058054206826));
#5131=CARTESIAN_POINT('Ctrl Pts',(-19.5625917582388,-69.9223832123336,5.97570534729029));
#5132=CARTESIAN_POINT('Ctrl Pts',(-18.7279160780074,-69.6543353935316,5.96838655080297));
#5133=CARTESIAN_POINT('Ctrl Pts',(-18.3192421643342,-69.5339559345248,6.));
#5134=CARTESIAN_POINT('Ctrl Pts',(-24.2000000000027,-72.4000000000022,7.));
#5135=CARTESIAN_POINT('Ctrl Pts',(-24.1957017492436,-72.3967763119328,6.99886731146569));
#5136=CARTESIAN_POINT('Ctrl Pts',(-24.1914048060992,-72.3935554805754,6.99773397657283));
#5137=CARTESIAN_POINT('Ctrl Pts',(-23.1305199233421,-71.5992647515826,6.71877463386947));
#5138=CARTESIAN_POINT('Ctrl Pts',(-21.6206419371024,-70.6610745280113,6.34047129753867));
#5139=CARTESIAN_POINT('Ctrl Pts',(-19.6097977189653,-69.7357855191308,6.05233312427218));
#5140=CARTESIAN_POINT('Ctrl Pts',(-18.7817117506121,-69.4187919226128,6.));
#5141=CARTESIAN_POINT('Ctrl Pts',(-18.3693212677539,-69.2769909508156,6.));
#5142=CARTESIAN_POINT('',(-18.2736772254956,-69.7677579191218,5.5));
#5143=CARTESIAN_POINT('',(-18.369321267754,-69.2769909508156,6.));
#5144=CARTESIAN_POINT('Origin',(-18.3693212677539,-69.2769909508156,5.5));
#5145=CARTESIAN_POINT('',(-24.2000000000027,-72.4000000000022,7.));
#5146=CARTESIAN_POINT('Ctrl Pts',(-18.3693212677539,-69.2769909508156,6.));
#5147=CARTESIAN_POINT('Ctrl Pts',(-18.7817117506121,-69.4187919226128,6.));
#5148=CARTESIAN_POINT('Ctrl Pts',(-19.6097977189653,-69.7357855191308,6.05233312427218));
#5149=CARTESIAN_POINT('Ctrl Pts',(-21.6206419371024,-70.6610745280113,6.34047129753867));
#5150=CARTESIAN_POINT('Ctrl Pts',(-23.1305199233421,-71.5992647515826,6.71877463386947));
#5151=CARTESIAN_POINT('Ctrl Pts',(-24.1914048060992,-72.3935554805754,6.99773397657283));
#5152=CARTESIAN_POINT('Ctrl Pts',(-24.1957017492436,-72.3967763119328,6.99886731146569));
#5153=CARTESIAN_POINT('Ctrl Pts',(-24.2000000000027,-72.4000000000022,7.));
#5154=CARTESIAN_POINT('Ctrl Pts',(-24.2000000000027,-72.4000000000022,7.));
#5155=CARTESIAN_POINT('Ctrl Pts',(-24.19584502427,-72.3968837682026,6.99830096719919));
#5156=CARTESIAN_POINT('Ctrl Pts',(-24.1916908773304,-72.3937708781993,6.99660096485925));
#5157=CARTESIAN_POINT('Ctrl Pts',(-23.165850303526,-71.6263812008032,6.57816195080409));
#5158=CARTESIAN_POINT('Ctrl Pts',(-21.6612429457562,-70.7795421683348,6.01070694630802));
#5159=CARTESIAN_POINT('Ctrl Pts',(-19.5822070243284,-70.0653892516108,5.57849968640824));
#5160=CARTESIAN_POINT('Ctrl Pts',(-18.7111794774855,-69.853021367112,5.5));
#5161=CARTESIAN_POINT('Ctrl Pts',(-18.2736772254956,-69.7677579191218,5.5));
#5162=CARTESIAN_POINT('Origin',(-15.5000000000028,-84.0000000000022,5.5));
#5163=CARTESIAN_POINT('',(-15.5000000000048,-69.5000000000022,5.5));
#5164=CARTESIAN_POINT('',(-15.5000000000049,-69.0000000000022,6.));
#5165=CARTESIAN_POINT('Origin',(-15.5000000000049,-69.0000000000022,5.5));
#5166=CARTESIAN_POINT('Origin',(-15.5000000000028,-84.0000000000022,6.));
#5167=CARTESIAN_POINT('Origin',(-15.5000000000028,-84.0000000000022,5.5));
#5168=CARTESIAN_POINT('Origin',(-18.938750500408,-69.0000000000027,5.5));
#5169=CARTESIAN_POINT('',(36.5559027913179,-69.4999999999948,5.5));
#5170=CARTESIAN_POINT('',(36.5559027913179,-68.9999999999948,6.));
#5171=CARTESIAN_POINT('Origin',(36.5559027913179,-68.9999999999948,5.5));
#5172=CARTESIAN_POINT('',(-18.938750500408,-69.0000000000027,6.));
#5173=CARTESIAN_POINT('',(-18.9387505004079,-69.5000000000027,5.5));
#5174=CARTESIAN_POINT('Origin',(36.5559027913194,-79.4999999999948,5.5));
#5175=CARTESIAN_POINT('',(38.7779513956597,-69.7499999999974,5.5));
#5176=CARTESIAN_POINT('',(38.8890538258767,-69.2624999999975,6.));
#5177=CARTESIAN_POINT('Origin',(38.8890538258767,-69.2624999999975,5.5));
#5178=CARTESIAN_POINT('Origin',(36.5559027913194,-79.4999999999948,6.));
#5179=CARTESIAN_POINT('Origin',(36.5559027913194,-79.4999999999948,5.5));
#5180=CARTESIAN_POINT('Origin',(41.,-60.,5.5));
#5181=CARTESIAN_POINT('',(38.7779513956524,-50.2500000000043,5.5));
#5182=CARTESIAN_POINT('',(38.8890538258698,-50.7375000000041,6.));
#5183=CARTESIAN_POINT('Origin',(38.8890538258698,-50.7375000000041,5.5));
#5184=CARTESIAN_POINT('Origin',(41.,-60.,6.));
#5185=CARTESIAN_POINT('Origin',(41.,-60.,5.5));
#5186=CARTESIAN_POINT('Origin',(36.5559027913048,-40.5000000000085,5.5));
#5187=CARTESIAN_POINT('',(36.5559027913024,-50.5000000000085,5.5));
#5188=CARTESIAN_POINT('',(36.5559027913023,-51.0000000000085,6.));
#5189=CARTESIAN_POINT('Origin',(36.5559027913023,-51.0000000000085,5.5));
#5190=CARTESIAN_POINT('Origin',(36.5559027913048,-40.5000000000085,6.));
#5191=CARTESIAN_POINT('Origin',(36.5559027913048,-40.5000000000085,5.5));
#5192=CARTESIAN_POINT('Origin',(18.9387505004149,-51.0000000000044,5.5));
#5193=CARTESIAN_POINT('',(14.9999999999603,-50.5000000000035,5.5));
#5194=CARTESIAN_POINT('',(14.9999999999601,-51.0000000000035,6.));
#5195=CARTESIAN_POINT('Origin',(14.9999999999601,-51.0000000000035,5.5));
#5196=CARTESIAN_POINT('',(18.9387505004149,-51.0000000000044,6.));
#5197=CARTESIAN_POINT('',(18.938750500415,-50.5000000000044,5.5));
#5198=CARTESIAN_POINT('Origin',(14.9999999999612,-46.5000000000035,5.5));
#5199=CARTESIAN_POINT('',(13.2222222221834,-50.083225665914,5.5));
#5200=CARTESIAN_POINT('',(12.9999999999612,-50.5311288741528,6.));
#5201=CARTESIAN_POINT('Origin',(12.9999999999612,-50.5311288741528,5.5));
#5202=CARTESIAN_POINT('Origin',(14.9999999999612,-46.5000000000035,6.));
#5203=CARTESIAN_POINT('Origin',(14.9999999999612,-46.5000000000035,5.5));
#5204=CARTESIAN_POINT('Ctrl Pts',(13.2222222221834,-50.083225665914,5.5));
#5205=CARTESIAN_POINT('Ctrl Pts',(12.922412323142,-49.9344783008947,5.5));
#5206=CARTESIAN_POINT('Ctrl Pts',(12.3609493782013,-49.5580255928689,5.63853338907151));
#5207=CARTESIAN_POINT('Ctrl Pts',(11.7336754260492,-48.8653479927254,6.09009556257626));
#5208=CARTESIAN_POINT('Ctrl Pts',(11.3760711045229,-48.2332291263074,6.57318231157851));
#5209=CARTESIAN_POINT('Ctrl Pts',(11.1798356267046,-47.7092174516386,6.99468359467795));
#5210=CARTESIAN_POINT('Ctrl Pts',(11.0764326996657,-47.312297338813,7.3210634959179));
#5211=CARTESIAN_POINT('Ctrl Pts',(11.0141596743474,-46.9093949361176,7.65673506705617));
#5212=CARTESIAN_POINT('Ctrl Pts',(11.0002272899581,-46.6404483394565,7.88223342255669));
#5213=CARTESIAN_POINT('Ctrl Pts',(11.0000015073881,-46.5041750880285,7.99649905311352));
#5214=CARTESIAN_POINT('Ctrl Pts',(10.9999999999612,-46.5020876194452,7.99824947788246));
#5215=CARTESIAN_POINT('Ctrl Pts',(10.9999999999612,-46.5000000000035,8.));
#5216=CARTESIAN_POINT('Ctrl Pts',(13.2222222221834,-50.083225665914,5.63089969389958));
#5217=CARTESIAN_POINT('Ctrl Pts',(12.9366166931615,-49.9417075011042,5.62585379419724));
#5218=CARTESIAN_POINT('Ctrl Pts',(12.3898817768681,-49.5816667664608,5.74450880378731));
#5219=CARTESIAN_POINT('Ctrl Pts',(11.7571282984567,-48.8989489381619,6.16449559476032));
#5220=CARTESIAN_POINT('Ctrl Pts',(11.3897869482159,-48.2636335209757,6.62469492753906));
#5221=CARTESIAN_POINT('Ctrl Pts',(11.1868176801671,-47.7325946195962,7.02948132991648));
#5222=CARTESIAN_POINT('Ctrl Pts',(11.0794830914495,-47.3288224499936,7.34400690988079));
#5223=CARTESIAN_POINT('Ctrl Pts',(11.0147101655616,-46.9179752986286,7.66816617105087));
#5224=CARTESIAN_POINT('Ctrl Pts',(11.0002319504413,-46.6433799667503,7.8861577992699));
#5225=CARTESIAN_POINT('Ctrl Pts',(11.0000016189527,-46.50426201192,7.99661576335553));
#5226=CARTESIAN_POINT('Ctrl Pts',(10.9999999999612,-46.5021311115169,7.99830782861974));
#5227=CARTESIAN_POINT('Ctrl Pts',(10.9999999999612,-46.5000000000035,8.));
#5228=CARTESIAN_POINT('Ctrl Pts',(13.1740236892086,-50.1803729148971,5.89155330080672));
#5229=CARTESIAN_POINT('Ctrl Pts',(12.9122952873002,-50.0407305817873,5.87686953535336));
#5230=CARTESIAN_POINT('Ctrl Pts',(12.3951327112931,-49.6837103547321,5.95648555848062));
#5231=CARTESIAN_POINT('Ctrl Pts',(11.7686789221129,-48.9880958114604,6.31364983837324));
#5232=CARTESIAN_POINT('Ctrl Pts',(11.3975538403676,-48.3323258900954,6.72801109256581));
#5233=CARTESIAN_POINT('Ctrl Pts',(11.1910064093314,-47.7817244664286,7.09927341198095));
#5234=CARTESIAN_POINT('Ctrl Pts',(11.0813938421719,-47.3622532365484,7.39002567607939));
#5235=CARTESIAN_POINT('Ctrl Pts',(11.0150939014738,-46.934946968081,7.6910979072723));
#5236=CARTESIAN_POINT('Ctrl Pts',(11.0002404812067,-46.6492224419587,7.89401416971326));
#5237=CARTESIAN_POINT('Ctrl Pts',(11.0000016277695,-46.5044360705218,7.99684910664809));
#5238=CARTESIAN_POINT('Ctrl Pts',(10.9999999999612,-46.5022180956602,7.99842453009429));
#5239=CARTESIAN_POINT('Ctrl Pts',(10.9999999999612,-46.5000000000035,8.));
#5240=CARTESIAN_POINT('Ctrl Pts',(13.0581776416943,-50.4138680884426,6.));
#5241=CARTESIAN_POINT('Ctrl Pts',(12.796077349643,-50.2559241739526,5.99197361174199));
#5242=CARTESIAN_POINT('Ctrl Pts',(12.2930846903249,-49.8547897053644,6.08226172928383));
#5243=CARTESIAN_POINT('Ctrl Pts',(11.7066195445672,-49.1034870163444,6.42885839706323));
#5244=CARTESIAN_POINT('Ctrl Pts',(11.3643362862835,-48.4107849780474,6.81855812973652));
#5245=CARTESIAN_POINT('Ctrl Pts',(11.1747803868313,-47.8342131766629,7.16468027946629));
#5246=CARTESIAN_POINT('Ctrl Pts',(11.0744104948905,-47.3966800011094,7.43477025762095));
#5247=CARTESIAN_POINT('Ctrl Pts',(11.0137871504638,-46.9520491827215,7.71388664421945));
#5248=CARTESIAN_POINT('Ctrl Pts',(11.0002189405363,-46.6550793334131,7.90185469089024));
#5249=CARTESIAN_POINT('Ctrl Pts',(11.00000149675,-46.5046099832427,7.99708261028134));
#5250=CARTESIAN_POINT('Ctrl Pts',(10.9999999999612,-46.5023050798036,7.99854123156884));
#5251=CARTESIAN_POINT('Ctrl Pts',(10.9999999999612,-46.5000000000035,8.));
#5252=CARTESIAN_POINT('Ctrl Pts',(12.9999999999612,-50.5311288741528,6.));
#5253=CARTESIAN_POINT('Ctrl Pts',(12.730171090824,-50.3637880885061,6.));
#5254=CARTESIAN_POINT('Ctrl Pts',(12.2248544403773,-49.9402787919772,6.11082671125719));
#5255=CARTESIAN_POINT('Ctrl Pts',(11.6603078834405,-49.1610164918157,6.47207645006097));
#5256=CARTESIAN_POINT('Ctrl Pts',(11.3384639940667,-48.4498827670956,6.85854584926275));
#5257=CARTESIAN_POINT('Ctrl Pts',(11.1618520640303,-47.8603696330931,7.19574687574231));
#5258=CARTESIAN_POINT('Ctrl Pts',(11.0687894296952,-47.4138345061644,7.45685079673424));
#5259=CARTESIAN_POINT('Ctrl Pts',(11.0127437069087,-46.9605693031319,7.7253880536449));
#5260=CARTESIAN_POINT('Ctrl Pts',(11.0002045609584,-46.6580043818885,7.90578673804522));
#5261=CARTESIAN_POINT('Ctrl Pts',(11.0000013566454,-46.5046969740316,7.99719924249082));
#5262=CARTESIAN_POINT('Ctrl Pts',(10.9999999999612,-46.5023485718752,7.99859958230611));
#5263=CARTESIAN_POINT('Ctrl Pts',(10.9999999999612,-46.5000000000035,8.));
#5264=CARTESIAN_POINT('',(10.9999999999612,-46.5000000000035,8.));
#5265=CARTESIAN_POINT('Ctrl Pts',(13.2222222221834,-50.083225665914,5.5));
#5266=CARTESIAN_POINT('Ctrl Pts',(12.922412323142,-49.9344783008947,5.5));
#5267=CARTESIAN_POINT('Ctrl Pts',(12.3609493782013,-49.5580255928689,5.63853338907151));
#5268=CARTESIAN_POINT('Ctrl Pts',(11.7336754260492,-48.8653479927254,6.09009556257626));
#5269=CARTESIAN_POINT('Ctrl Pts',(11.3760711045229,-48.2332291263074,6.57318231157851));
#5270=CARTESIAN_POINT('Ctrl Pts',(11.1798356267046,-47.7092174516386,6.99468359467795));
#5271=CARTESIAN_POINT('Ctrl Pts',(11.0764326996657,-47.312297338813,7.3210634959179));
#5272=CARTESIAN_POINT('Ctrl Pts',(11.0141596743474,-46.9093949361176,7.65673506705617));
#5273=CARTESIAN_POINT('Ctrl Pts',(11.0002272899581,-46.6404483394565,7.88223342255669));
#5274=CARTESIAN_POINT('Ctrl Pts',(11.0000015073881,-46.5041750880285,7.99649905311352));
#5275=CARTESIAN_POINT('Ctrl Pts',(10.9999999999612,-46.5020876194452,7.99824947788246));
#5276=CARTESIAN_POINT('Ctrl Pts',(10.9999999999612,-46.5000000000035,8.));
#5277=CARTESIAN_POINT('Ctrl Pts',(10.9999999999612,-46.5000000000035,8.));
#5278=CARTESIAN_POINT('Ctrl Pts',(10.9999999999612,-46.5023485718752,7.99859958230611));
#5279=CARTESIAN_POINT('Ctrl Pts',(11.0000013566454,-46.5046969740316,7.99719924249082));
#5280=CARTESIAN_POINT('Ctrl Pts',(11.0002045609584,-46.6580043818885,7.90578673804522));
#5281=CARTESIAN_POINT('Ctrl Pts',(11.0127437069087,-46.9605693031319,7.7253880536449));
#5282=CARTESIAN_POINT('Ctrl Pts',(11.0687894296952,-47.4138345061644,7.45685079673424));
#5283=CARTESIAN_POINT('Ctrl Pts',(11.1618520640303,-47.8603696330931,7.19574687574231));
#5284=CARTESIAN_POINT('Ctrl Pts',(11.3384639940667,-48.4498827670956,6.85854584926275));
#5285=CARTESIAN_POINT('Ctrl Pts',(11.6603078834405,-49.1610164918157,6.47207645006097));
#5286=CARTESIAN_POINT('Ctrl Pts',(12.2248544403773,-49.9402787919772,6.11082671125719));
#5287=CARTESIAN_POINT('Ctrl Pts',(12.730171090824,-50.3637880885061,6.));
#5288=CARTESIAN_POINT('Ctrl Pts',(12.9999999999612,-50.5311288741528,6.));
#5289=CARTESIAN_POINT('Origin',(14.9999999999612,-46.5000000000035,0.));
#5290=CARTESIAN_POINT('',(14.9999999999603,-50.5000000000035,0.5));
#5291=CARTESIAN_POINT('',(14.9999999999603,-50.5000000000035,0.));
#5292=CARTESIAN_POINT('',(10.9999999999612,-46.5000000000035,0.5));
#5293=CARTESIAN_POINT('Origin',(14.9999999999612,-46.5000000000035,0.5));
#5294=CARTESIAN_POINT('',(10.9999999999612,-46.5000000000035,0.));
#5295=CARTESIAN_POINT('Origin',(37.8775010008277,-50.5000000000088,0.));
#5296=CARTESIAN_POINT('',(36.5559027913024,-50.5000000000085,0.5));
#5297=CARTESIAN_POINT('',(36.5559027913024,-50.5000000000085,0.));
#5298=CARTESIAN_POINT('',(18.938750500415,-50.5000000000044,0.5));
#5299=CARTESIAN_POINT('Origin',(36.5559027913048,-40.5000000000085,0.));
#5300=CARTESIAN_POINT('',(38.7779513956524,-50.2500000000043,0.5));
#5301=CARTESIAN_POINT('',(38.7779513956524,-50.2500000000043,0.));
#5302=CARTESIAN_POINT('Origin',(36.5559027913048,-40.5000000000085,0.5));
#5303=CARTESIAN_POINT('Origin',(41.,-60.,0.));
#5304=CARTESIAN_POINT('',(38.7779513956597,-69.7499999999974,0.5));
#5305=CARTESIAN_POINT('',(38.7779513956597,-69.7499999999974,0.));
#5306=CARTESIAN_POINT('Origin',(41.,-60.,0.5));
#5307=CARTESIAN_POINT('Origin',(36.5559027913194,-79.4999999999948,0.));
#5308=CARTESIAN_POINT('',(36.5559027913179,-69.4999999999948,0.5));
#5309=CARTESIAN_POINT('',(36.5559027913179,-69.4999999999948,0.));
#5310=CARTESIAN_POINT('Origin',(36.5559027913194,-79.4999999999948,0.5));
#5311=CARTESIAN_POINT('Origin',(-37.8775010008172,-69.5000000000054,0.));
#5312=CARTESIAN_POINT('',(-15.5000000000048,-69.5000000000022,0.5));
#5313=CARTESIAN_POINT('',(-15.5000000000048,-69.5000000000022,0.));
#5314=CARTESIAN_POINT('',(-18.9387505004079,-69.5000000000027,0.5));
#5315=CARTESIAN_POINT('Origin',(-15.5000000000028,-84.0000000000022,0.));
#5316=CARTESIAN_POINT('',(-24.2000000000027,-72.4000000000022,0.5));
#5317=CARTESIAN_POINT('',(-24.2000000000027,-72.4000000000022,0.));
#5318=CARTESIAN_POINT('Origin',(-15.5000000000028,-84.0000000000022,0.5));
#5319=CARTESIAN_POINT('Ctrl Pts',(-11.0000000000388,-46.4999999999965,8.));
#5320=CARTESIAN_POINT('Ctrl Pts',(-11.0000000000388,-46.5020876194353,7.9982494778808));
#5321=CARTESIAN_POINT('Ctrl Pts',(-11.0000015726884,-46.5041750713829,7.99649908761727));
#5322=CARTESIAN_POINT('Ctrl Pts',(-11.0004369361955,-46.774636386412,7.76971232161308));
#5323=CARTESIAN_POINT('Ctrl Pts',(-11.0556370364724,-47.3140928740353,7.31749782190044));
#5324=CARTESIAN_POINT('Ctrl Pts',(-11.3041754341803,-48.1052710593659,6.67108242381989));
#5325=CARTESIAN_POINT('Ctrl Pts',(-11.7338485717448,-48.8656932537905,6.08999720354308));
#5326=CARTESIAN_POINT('Ctrl Pts',(-12.3611338709654,-49.5579275794588,5.63864967794597));
#5327=CARTESIAN_POINT('Ctrl Pts',(-12.9224123231623,-49.9344783008526,5.50000000000973));
#5328=CARTESIAN_POINT('Ctrl Pts',(-13.2222222221969,-50.0832256658752,5.5));
#5329=CARTESIAN_POINT('Ctrl Pts',(-11.0000000000388,-46.4999999999965,8.));
#5330=CARTESIAN_POINT('Ctrl Pts',(-11.0000003047787,-46.5021745840095,7.99836698478251));
#5331=CARTESIAN_POINT('Ctrl Pts',(-11.0000014390682,-46.5043490621361,7.99673164034047));
#5332=CARTESIAN_POINT('Ctrl Pts',(-11.0004679601359,-46.7860763065933,7.78510959190136));
#5333=CARTESIAN_POINT('Ctrl Pts',(-11.0603554973915,-47.3480083582051,7.36293907397263));
#5334=CARTESIAN_POINT('Ctrl Pts',(-11.3279003399703,-48.1642926260569,6.76505286621496));
#5335=CARTESIAN_POINT('Ctrl Pts',(-11.781228421045,-48.9323876924862,6.23887563959796));
#5336=CARTESIAN_POINT('Ctrl Pts',(-12.4186511469521,-49.6044293016063,5.85091588577395));
#5337=CARTESIAN_POINT('Ctrl Pts',(-12.9515992594757,-49.9489343284839,5.75153980514745));
#5338=CARTESIAN_POINT('Ctrl Pts',(-13.222222222203,-50.0832256658782,5.76179938779701));
#5339=CARTESIAN_POINT('Ctrl Pts',(-11.0000000000388,-46.4999999999965,8.));
#5340=CARTESIAN_POINT('Ctrl Pts',(-11.0000004642815,-46.5022610097861,7.99848296347573));
#5341=CARTESIAN_POINT('Ctrl Pts',(-11.0000012418253,-46.5045235974316,7.9969657787151));
#5342=CARTESIAN_POINT('Ctrl Pts',(-11.0004535603732,-46.7974906270688,7.80042432427499));
#5343=CARTESIAN_POINT('Ctrl Pts',(-11.0585074149113,-47.3819834753298,7.40849712518825));
#5344=CARTESIAN_POINT('Ctrl Pts',(-11.3173260644305,-48.2350149978668,6.85876147214196));
#5345=CARTESIAN_POINT('Ctrl Pts',(-11.7532649721416,-49.0463126477189,6.3861356460263));
#5346=CARTESIAN_POINT('Ctrl Pts',(-12.3608615898107,-49.7688539261628,6.05455460795884));
#5347=CARTESIAN_POINT('Ctrl Pts',(-12.8625142282143,-50.1483076567546,5.98396406244164));
#5348=CARTESIAN_POINT('Ctrl Pts',(-13.1163552834507,-50.2966073026936,5.99999999999664));
#5349=CARTESIAN_POINT('Ctrl Pts',(-11.0000000000388,-46.4999999999965,8.));
#5350=CARTESIAN_POINT('Ctrl Pts',(-11.0000000000388,-46.5023485718657,7.99859958230419));
#5351=CARTESIAN_POINT('Ctrl Pts',(-11.0000014154235,-46.5046969553062,7.99719927009381));
#5352=CARTESIAN_POINT('Ctrl Pts',(-11.0003932425798,-46.8089659347134,7.81576985729059));
#5353=CARTESIAN_POINT('Ctrl Pts',(-11.0500733328291,-47.41585448329,7.45399825752038));
#5354=CARTESIAN_POINT('Ctrl Pts',(-11.2737578907661,-48.3059299417869,6.93686593905597));
#5355=CARTESIAN_POINT('Ctrl Pts',(-11.6604637145742,-49.1614049105147,6.47199776283448));
#5356=CARTESIAN_POINT('Ctrl Pts',(-12.2250204838728,-49.9401685268915,6.11091974235679));
#5357=CARTESIAN_POINT('Ctrl Pts',(-12.7301710908499,-50.3637880884596,6.00000000000778));
#5358=CARTESIAN_POINT('Ctrl Pts',(-12.9999999999811,-50.53112887411,6.));
#5359=CARTESIAN_POINT('',(-13.2222222221969,-50.0832256658752,5.5));
#5360=CARTESIAN_POINT('Origin',(-12.9999999999667,-50.53112887411,5.5));
#5361=CARTESIAN_POINT('Ctrl Pts',(-11.0000000000388,-46.4999999999965,8.));
#5362=CARTESIAN_POINT('Ctrl Pts',(-11.0000000000388,-46.5020876194353,7.9982494778808));
#5363=CARTESIAN_POINT('Ctrl Pts',(-11.0000015726884,-46.5041750713829,7.99649908761727));
#5364=CARTESIAN_POINT('Ctrl Pts',(-11.0004369361955,-46.774636386412,7.76971232161308));
#5365=CARTESIAN_POINT('Ctrl Pts',(-11.0556370364724,-47.3140928740353,7.31749782190044));
#5366=CARTESIAN_POINT('Ctrl Pts',(-11.3041754341803,-48.1052710593659,6.67108242381989));
#5367=CARTESIAN_POINT('Ctrl Pts',(-11.7338485717448,-48.8656932537905,6.08999720354308));
#5368=CARTESIAN_POINT('Ctrl Pts',(-12.3611338709654,-49.5579275794588,5.63864967794597));
#5369=CARTESIAN_POINT('Ctrl Pts',(-12.9224123231623,-49.9344783008526,5.50000000000973));
#5370=CARTESIAN_POINT('Ctrl Pts',(-13.2222222221969,-50.0832256658752,5.5));
#5371=CARTESIAN_POINT('Origin',(-15.0000000000388,-46.4999999999965,5.5));
#5372=CARTESIAN_POINT('',(-15.0000000000397,-50.4999999999965,5.5));
#5373=CARTESIAN_POINT('',(-15.0000000000399,-50.9999999999965,6.));
#5374=CARTESIAN_POINT('Origin',(-15.0000000000399,-50.9999999999965,5.5));
#5375=CARTESIAN_POINT('Origin',(-15.0000000000388,-46.4999999999965,6.));
#5376=CARTESIAN_POINT('Origin',(-15.0000000000388,-46.4999999999965,5.5));
#5377=CARTESIAN_POINT('Origin',(18.9387505004149,-51.0000000000044,5.5));
#5378=CARTESIAN_POINT('',(-36.555902791382,-50.4999999999914,5.5));
#5379=CARTESIAN_POINT('',(-36.5559027913822,-50.9999999999914,6.));
#5380=CARTESIAN_POINT('Origin',(-36.5559027913822,-50.9999999999914,5.5));
#5381=CARTESIAN_POINT('',(18.9387505004149,-51.0000000000044,6.));
#5382=CARTESIAN_POINT('',(18.938750500415,-50.5000000000044,5.5));
#5383=CARTESIAN_POINT('Origin',(-36.5559027913797,-40.4999999999914,5.5));
#5384=CARTESIAN_POINT('',(-38.7779513956899,-50.2499999999957,5.5));
#5385=CARTESIAN_POINT('',(-38.8890538259054,-50.7374999999959,6.));
#5386=CARTESIAN_POINT('Origin',(-38.8890538259054,-50.7374999999959,5.5));
#5387=CARTESIAN_POINT('Origin',(-36.5559027913797,-40.4999999999914,6.));
#5388=CARTESIAN_POINT('Origin',(-36.5559027913797,-40.4999999999914,5.5));
#5389=CARTESIAN_POINT('Origin',(-41.,-60.,5.5));
#5390=CARTESIAN_POINT('',(-48.,-67.1414284285429,5.5));
#5391=CARTESIAN_POINT('',(-47.65,-66.7843570071157,6.));
#5392=CARTESIAN_POINT('Origin',(-47.65,-66.7843570071157,5.5));
#5393=CARTESIAN_POINT('Origin',(-41.,-60.,6.));
#5394=CARTESIAN_POINT('Origin',(-41.,-60.,5.5));
#5395=CARTESIAN_POINT('Origin',(-55.,-74.2828568570857,5.5));
#5396=CARTESIAN_POINT('',(-45.,-74.2828568570857,5.5));
#5397=CARTESIAN_POINT('',(-44.5,-74.2828568570857,6.));
#5398=CARTESIAN_POINT('Origin',(-44.5,-74.2828568570857,5.5));
#5399=CARTESIAN_POINT('Origin',(-55.,-74.2828568570857,6.));
#5400=CARTESIAN_POINT('Origin',(-55.,-74.2828568570857,5.5));
#5401=CARTESIAN_POINT('Origin',(-44.5,-64.5825756949558,5.5));
#5402=CARTESIAN_POINT('',(-45.,-81.375,5.5));
#5403=CARTESIAN_POINT('',(-44.5,-81.375,6.));
#5404=CARTESIAN_POINT('Origin',(-44.5,-81.375,5.5));
#5405=CARTESIAN_POINT('',(-44.5,-64.5825756949558,6.));
#5406=CARTESIAN_POINT('',(-45.,-64.5825756949558,5.5));
#5407=CARTESIAN_POINT('Ctrl Pts',(-44.7333333333333,-82.5222222222222,6.37146063894529));
#5408=CARTESIAN_POINT('Ctrl Pts',(-44.7143456911266,-82.4288663147058,6.29314061066037));
#5409=CARTESIAN_POINT('Ctrl Pts',(-44.6917849562979,-82.3179427017981,6.22446345806327));
#5410=CARTESIAN_POINT('Ctrl Pts',(-44.6666666666667,-82.1944444444445,6.1685205807169));
#5411=CARTESIAN_POINT('Ctrl Pts',(-44.8247482056502,-82.5561565308853,6.33718181070167));
#5412=CARTESIAN_POINT('Ctrl Pts',(-44.8114813153862,-82.4578344756897,6.25685940814817));
#5413=CARTESIAN_POINT('Ctrl Pts',(-44.7954013887614,-82.3414748586032,6.18785168241443));
#5414=CARTESIAN_POINT('Ctrl Pts',(-44.7771961589038,-82.212866026484,6.13405695645979));
#5415=CARTESIAN_POINT('Ctrl Pts',(-44.9572507236938,-82.6514832813172,6.24088725118902));
#5416=CARTESIAN_POINT('Ctrl Pts',(-44.9537986461708,-82.5445302220549,6.14939642461671));
#5417=CARTESIAN_POINT('Ctrl Pts',(-44.9496281876269,-82.4179803573004,6.07158862345153));
#5418=CARTESIAN_POINT('Ctrl Pts',(-44.9447132218486,-82.2784369497302,6.01138499179889));
#5419=CARTESIAN_POINT('Ctrl Pts',(-45.,-82.7787960515534,6.11228193238088));
#5420=CARTESIAN_POINT('Ctrl Pts',(-45.0000125888246,-82.6636416708199,6.00258915377617));
#5421=CARTESIAN_POINT('Ctrl Pts',(-44.9999743460323,-82.5269729984613,5.90714235486593));
#5422=CARTESIAN_POINT('Ctrl Pts',(-45.,-82.3752181070777,5.83032402565384));
#5423=CARTESIAN_POINT('Ctrl Pts',(-45.,-82.8333333333333,6.05719095841794));
#5424=CARTESIAN_POINT('Ctrl Pts',(-45.,-82.7146605695412,5.93971091599056));
#5425=CARTESIAN_POINT('Ctrl Pts',(-45.,-82.573655976862,5.8366951870949));
#5426=CARTESIAN_POINT('Ctrl Pts',(-45.,-82.4166666666667,5.75278087107534));
#5427=CARTESIAN_POINT('',(-44.6666666666667,-82.1944444444445,6.1685205807169));
#5428=CARTESIAN_POINT('',(-45.,-82.4166666666667,5.75278087107534));
#5429=CARTESIAN_POINT('Origin',(-44.5,-82.4166666666667,5.75278087107534));
#5430=CARTESIAN_POINT('',(-45.,-82.8333333333333,6.05719095841792));
#5431=CARTESIAN_POINT('Origin',(-45.,-81.375,7.));
#5432=CARTESIAN_POINT('',(-44.7333333333333,-82.5222222222222,6.37146063894528));
#5433=CARTESIAN_POINT('Origin',(-44.5,-82.8333333333333,6.05719095841792));
#5434=CARTESIAN_POINT('Origin',(-44.5,-81.375,7.));
#5435=CARTESIAN_POINT('Ctrl Pts',(-45.,-83.5,7.));
#5436=CARTESIAN_POINT('Ctrl Pts',(-45.,-83.4979723555642,6.99882933894254));
#5437=CARTESIAN_POINT('Ctrl Pts',(-44.9999991005586,-83.4959738165342,6.9976595662342));
#5438=CARTESIAN_POINT('Ctrl Pts',(-44.9975956024929,-83.103213279063,6.77519446246893));
#5439=CARTESIAN_POINT('Ctrl Pts',(-44.8378204139457,-82.7819887143001,6.5510386468382));
#5440=CARTESIAN_POINT('Ctrl Pts',(-44.7333333333333,-82.5222222222223,6.37146063894531));
#5441=CARTESIAN_POINT('Ctrl Pts',(-45.,-83.5,7.));
#5442=CARTESIAN_POINT('Ctrl Pts',(-45.0001391817245,-83.4986713630311,6.9985359334356));
#5443=CARTESIAN_POINT('Ctrl Pts',(-44.9998726877859,-83.4962988888692,6.99736418659788));
#5444=CARTESIAN_POINT('Ctrl Pts',(-44.9994251841033,-83.1798396375729,6.73496473572257));
#5445=CARTESIAN_POINT('Ctrl Pts',(-44.9479970293788,-82.8704860345171,6.48489803247043));
#5446=CARTESIAN_POINT('Ctrl Pts',(-44.8933093598878,-82.5816072623826,6.31147268951899));
#5447=CARTESIAN_POINT('Ctrl Pts',(-45.,-83.5,7.));
#5448=CARTESIAN_POINT('Ctrl Pts',(-45.,-83.4985612107619,6.99839533271763));
#5449=CARTESIAN_POINT('Ctrl Pts',(-45.,-83.4973782302359,6.99692178287388));
#5450=CARTESIAN_POINT('Ctrl Pts',(-44.9999999999993,-83.2388262166387,6.69899260410015));
#5451=CARTESIAN_POINT('Ctrl Pts',(-45.,-82.9831368766324,6.40550195095066));
#5452=CARTESIAN_POINT('Ctrl Pts',(-45.,-82.7060796758469,6.1857365643315));
#5453=CARTESIAN_POINT('Ctrl Pts',(-45.,-83.5,7.));
#5454=CARTESIAN_POINT('Ctrl Pts',(-45.,-83.4989861777807,6.99824400841129));
#5455=CARTESIAN_POINT('Ctrl Pts',(-45.,-83.4979702124328,6.99648934935128));
#5456=CARTESIAN_POINT('Ctrl Pts',(-44.9999999999993,-83.3060910854455,6.66279169370632));
#5457=CARTESIAN_POINT('Ctrl Pts',(-45.,-83.1054351057613,6.3265579702573));
#5458=CARTESIAN_POINT('Ctrl Pts',(-45.,-82.8333333333334,6.05719095841796));
#5459=CARTESIAN_POINT('',(-45.,-83.5,7.));
#5460=CARTESIAN_POINT('Ctrl Pts',(-45.,-82.8333333333334,6.05719095841796));
#5461=CARTESIAN_POINT('Ctrl Pts',(-45.,-83.1054351057613,6.3265579702573));
#5462=CARTESIAN_POINT('Ctrl Pts',(-44.9999999999993,-83.3060910854455,6.66279169370632));
#5463=CARTESIAN_POINT('Ctrl Pts',(-45.,-83.4979702124328,6.99648934935128));
#5464=CARTESIAN_POINT('Ctrl Pts',(-45.,-83.4989861777807,6.99824400841129));
#5465=CARTESIAN_POINT('Ctrl Pts',(-45.,-83.5,7.));
#5466=CARTESIAN_POINT('Ctrl Pts',(-45.,-83.5,7.));
#5467=CARTESIAN_POINT('Ctrl Pts',(-45.,-83.4979723555642,6.99882933894254));
#5468=CARTESIAN_POINT('Ctrl Pts',(-44.9999991005586,-83.4959738165342,6.9976595662342));
#5469=CARTESIAN_POINT('Ctrl Pts',(-44.9975956024929,-83.103213279063,6.77519446246893));
#5470=CARTESIAN_POINT('Ctrl Pts',(-44.8378204139457,-82.7819887143001,6.5510386468382));
#5471=CARTESIAN_POINT('Ctrl Pts',(-44.7333333333333,-82.5222222222223,6.37146063894531));
#5472=CARTESIAN_POINT('Ctrl Pts',(-45.,-81.375,5.5));
#5473=CARTESIAN_POINT('Ctrl Pts',(-45.,-81.7431443563852,5.5));
#5474=CARTESIAN_POINT('Ctrl Pts',(-45.,-82.1105622110072,5.58916115712638));
#5475=CARTESIAN_POINT('Ctrl Pts',(-45.,-82.4166666666667,5.75278087107534));
#5476=CARTESIAN_POINT('Ctrl Pts',(-45.,-81.375,5.63089969389957));
#5477=CARTESIAN_POINT('Ctrl Pts',(-44.9996799325699,-81.7225453839747,5.62098610796802));
#5478=CARTESIAN_POINT('Ctrl Pts',(-45.0001337651309,-82.0741070452543,5.69584034262405));
#5479=CARTESIAN_POINT('Ctrl Pts',(-45.,-82.3683100138129,5.84324788475025));
#5480=CARTESIAN_POINT('Ctrl Pts',(-44.8915073092247,-81.375,5.89150730922469));
#5481=CARTESIAN_POINT('Ctrl Pts',(-44.9087351375353,-81.6817086883298,5.86265838649375));
#5482=CARTESIAN_POINT('Ctrl Pts',(-44.9233059225422,-82.001385544873,5.90859936271741));
#5483=CARTESIAN_POINT('Ctrl Pts',(-44.9347374165639,-82.2717541944787,6.02388728207424));
#5484=CARTESIAN_POINT('Ctrl Pts',(-44.6308996938996,-81.375,6.));
#5485=CARTESIAN_POINT('Ctrl Pts',(-44.6800131040003,-81.6644416950089,5.98423070326207));
#5486=CARTESIAN_POINT('Ctrl Pts',(-44.7261548786951,-81.9610458854611,6.03290227762847));
#5487=CARTESIAN_POINT('Ctrl Pts',(-44.7633799723741,-82.210563328729,6.13836490949192));
#5488=CARTESIAN_POINT('Ctrl Pts',(-44.5,-81.375,6.));
#5489=CARTESIAN_POINT('Ctrl Pts',(-44.5589030970216,-81.6646068936897,6.));
#5490=CARTESIAN_POINT('Ctrl Pts',(-44.6176899537612,-81.953642272659,6.05944077141758));
#5491=CARTESIAN_POINT('Ctrl Pts',(-44.6666666666667,-82.1944444444444,6.16852058071689));
#5492=CARTESIAN_POINT('Origin',(-44.5,-81.375,7.));
#5493=CARTESIAN_POINT('Origin',(-45.,-81.375,7.));
#5494=CARTESIAN_POINT('Origin',(0.,-60.,6.));
#5495=CARTESIAN_POINT('',(12.9999999999612,-55.25,6.));
#5496=CARTESIAN_POINT('',(-21.8666666666666,-64.4000000000001,6.));
#5497=CARTESIAN_POINT('',(-13.6799999999999,-58.2600000000001,6.));
#5498=CARTESIAN_POINT('',(-20.6666666666666,-64.0000000000001,6.));
#5499=CARTESIAN_POINT('Origin',(-20.6666666666666,-66.0000000000001,6.));
#5500=CARTESIAN_POINT('',(-17.3333333333332,-64.0000000000001,6.));
#5501=CARTESIAN_POINT('',(-7.16666666666663,-64.0000000000001,6.));
#5502=CARTESIAN_POINT('',(-16.1333333333333,-67.6000000000001,6.));
#5503=CARTESIAN_POINT('Origin',(-17.3333333333333,-66.0000000000001,6.));
#5504=CARTESIAN_POINT('',(-23.2799999999999,-72.9600000000001,6.));
#5505=CARTESIAN_POINT('',(-45.,-60.,6.));
#5506=CARTESIAN_POINT('Origin',(-41.,-60.,6.));
#5507=CARTESIAN_POINT('',(37.,-60.,6.));
#5508=CARTESIAN_POINT('Origin',(41.,-60.,6.));
#5509=CARTESIAN_POINT('Origin',(-13.6799999999999,-58.2600000000001,7.));
#5510=CARTESIAN_POINT('',(-44.4,-82.55,7.));
#5511=CARTESIAN_POINT('Origin',(-45.,-81.75,7.));
#5512=CARTESIAN_POINT('',(-39.3226374363621,-78.7419780772717,7.));
#5513=CARTESIAN_POINT('',(-13.0799999999999,-59.0600000000001,7.));
#5514=CARTESIAN_POINT('',(-37.2060363875104,-77.1545272906329,7.));
#5515=CARTESIAN_POINT('Ctrl Pts',(-37.2060363875105,-77.1545272906329,6.99999999999999));
#5516=CARTESIAN_POINT('Ctrl Pts',(-37.3374103960296,-77.2530577970222,6.85517376863365));
#5517=CARTESIAN_POINT('Ctrl Pts',(-37.5185353972744,-77.354718483414,6.75756396020284));
#5518=CARTESIAN_POINT('Ctrl Pts',(-37.9126118179219,-77.5944363456547,6.61984628053633));
#5519=CARTESIAN_POINT('Ctrl Pts',(-38.127463232933,-77.7348947094074,6.58856217223384));
#5520=CARTESIAN_POINT('Ctrl Pts',(-38.3174742152766,-77.8774029461652,6.58856217223384));
#5521=CARTESIAN_POINT('Ctrl Pts',(-38.5074851976203,-78.0199111829229,6.58856217223384));
#5522=CARTESIAN_POINT('Ctrl Pts',(-38.702483623026,-78.1868401994827,6.61984628053634));
#5523=CARTESIAN_POINT('Ctrl Pts',(-39.0429541685584,-78.498032561877,6.75756396020285));
#5524=CARTESIAN_POINT('Ctrl Pts',(-39.1912634278431,-78.6434475708823,6.85517376863366));
#5525=CARTESIAN_POINT('Ctrl Pts',(-39.3226374363622,-78.7419780772716,7.));
#5526=CARTESIAN_POINT('',(-21.2666666666666,-65.2000000000001,7.));
#5527=CARTESIAN_POINT('',(-13.0799999999999,-59.0600000000001,7.));
#5528=CARTESIAN_POINT('Origin',(-21.8666666666666,-64.4000000000001,7.));
#5529=CARTESIAN_POINT('Origin',(-13.6799999999999,-58.2600000000001,7.));
#5530=CARTESIAN_POINT('',(-44.6,-82.7,7.));
#5531=CARTESIAN_POINT('Origin',(-45.2,-81.9,7.));
#5532=CARTESIAN_POINT('',(-13.0799999999999,-59.0600000000001,7.));
#5533=CARTESIAN_POINT('Origin',(-44.,-83.5,7.));
#5534=CARTESIAN_POINT('Origin',(-44.,-83.5,7.));
#5535=CARTESIAN_POINT('Origin',(5.4999999999612,-27.,30.5));
#5536=CARTESIAN_POINT('',(10.4999999999612,-26.5,30.5));
#5537=CARTESIAN_POINT('Origin',(10.4999999999612,-27.,30.5));
#5538=CARTESIAN_POINT('',(-10.5000000000388,-26.5,30.5));
#5539=CARTESIAN_POINT('',(5.4999999999612,-26.5,30.5));
#5540=CARTESIAN_POINT('Origin',(-10.5000000000388,-27.,30.5));
#5541=CARTESIAN_POINT('',(5.4999999999612,-27.,31.));
#5542=CARTESIAN_POINT('Origin',(-10.5000000000388,-27.,30.5));
#5543=CARTESIAN_POINT('Origin',(-10.5000000000388,-27.,30.5));
#5544=CARTESIAN_POINT('Origin',(10.4999999999612,-27.,30.5));
#5545=CARTESIAN_POINT('Origin',(10.4999999999612,-27.,30.5));
#5546=CARTESIAN_POINT('Origin',(-10.5000000000388,-27.,0.));
#5547=CARTESIAN_POINT('',(-10.5000000000388,-26.5,0.5));
#5548=CARTESIAN_POINT('',(-10.5000000000388,-26.5,0.));
#5549=CARTESIAN_POINT('Origin',(-10.5000000000388,-27.,0.5));
#5550=CARTESIAN_POINT('Origin',(10.9999999999612,-26.5,0.));
#5551=CARTESIAN_POINT('',(10.4999999999612,-26.5,0.5));
#5552=CARTESIAN_POINT('',(10.4999999999612,-26.5,0.));
#5553=CARTESIAN_POINT('',(5.4999999999806,-26.5,0.5));
#5554=CARTESIAN_POINT('Origin',(-3.88000742646E-11,-33.,31.));
#5555=CARTESIAN_POINT('Origin',(-10.5000000000388,-43.25,0.5));
#5556=CARTESIAN_POINT('',(-10.5000000000388,-46.4999999999965,0.));
#5557=CARTESIAN_POINT('Origin',(-10.5000000000388,-46.4999999999965,0.5));
#5558=CARTESIAN_POINT('',(-10.5000000000388,-27.,0.));
#5559=CARTESIAN_POINT('Origin',(-10.5000000000388,-27.,0.5));
#5560=CARTESIAN_POINT('',(-10.5000000000388,-43.25,0.));
#5561=CARTESIAN_POINT('Origin',(-15.0000000000388,-46.4999999999965,0.5));
#5562=CARTESIAN_POINT('',(-15.0000000000399,-50.9999999999965,0.));
#5563=CARTESIAN_POINT('',(-15.0000000000397,-50.4999999999965,0.5));
#5564=CARTESIAN_POINT('Origin',(-15.0000000000399,-50.9999999999965,0.5));
#5565=CARTESIAN_POINT('Origin',(-15.0000000000388,-46.4999999999965,0.5));
#5566=CARTESIAN_POINT('Origin',(-15.0000000000388,-46.4999999999965,0.));
#5567=CARTESIAN_POINT('Origin',(18.9387505004149,-51.0000000000044,0.5));
#5568=CARTESIAN_POINT('',(-36.5559027913822,-50.9999999999915,0.));
#5569=CARTESIAN_POINT('',(-36.555902791382,-50.4999999999914,0.5));
#5570=CARTESIAN_POINT('Origin',(-36.5559027913822,-50.9999999999915,0.5));
#5571=CARTESIAN_POINT('',(18.938750500415,-50.5000000000044,0.5));
#5572=CARTESIAN_POINT('',(18.9387505004149,-51.0000000000044,0.));
#5573=CARTESIAN_POINT('Origin',(-36.5559027913797,-40.4999999999914,0.5));
#5574=CARTESIAN_POINT('',(-38.8890538259054,-50.7374999999959,0.));
#5575=CARTESIAN_POINT('',(-38.7779513956899,-50.2499999999957,0.5));
#5576=CARTESIAN_POINT('Origin',(-38.8890538259054,-50.7374999999959,0.5));
#5577=CARTESIAN_POINT('Origin',(-36.5559027913797,-40.4999999999914,0.5));
#5578=CARTESIAN_POINT('Origin',(-36.5559027913797,-40.4999999999914,0.));
#5579=CARTESIAN_POINT('Origin',(-41.,-60.,0.5));
#5580=CARTESIAN_POINT('',(-47.65,-66.7843570071157,0.));
#5581=CARTESIAN_POINT('',(-48.,-67.1414284285429,0.5));
#5582=CARTESIAN_POINT('Origin',(-47.65,-66.7843570071157,0.5));
#5583=CARTESIAN_POINT('Origin',(-41.,-60.,0.5));
#5584=CARTESIAN_POINT('Origin',(-41.,-60.,0.));
#5585=CARTESIAN_POINT('Origin',(-55.,-74.2828568570857,0.5));
#5586=CARTESIAN_POINT('',(-44.5,-74.2828568570857,0.));
#5587=CARTESIAN_POINT('',(-45.,-74.2828568570857,0.5));
#5588=CARTESIAN_POINT('Origin',(-44.5,-74.2828568570857,0.5));
#5589=CARTESIAN_POINT('Origin',(-55.,-74.2828568570857,0.5));
#5590=CARTESIAN_POINT('Origin',(-55.,-74.2828568570857,0.));
#5591=CARTESIAN_POINT('Origin',(-44.5,-64.5825756949558,0.5));
#5592=CARTESIAN_POINT('',(-44.5,-86.,0.));
#5593=CARTESIAN_POINT('',(-45.,-86.,0.5));
#5594=CARTESIAN_POINT('Origin',(-44.5,-86.,0.5));
#5595=CARTESIAN_POINT('',(-45.,-64.5825756949558,0.5));
#5596=CARTESIAN_POINT('',(-44.5,-64.5825756949558,0.));
#5597=CARTESIAN_POINT('Ctrl Pts',(-44.5,-86.,0.));
#5598=CARTESIAN_POINT('Ctrl Pts',(-44.5,-86.309016994375,0.));
#5599=CARTESIAN_POINT('Ctrl Pts',(-44.22360679775,-86.4472135955,0.));
#5600=CARTESIAN_POINT('Ctrl Pts',(-43.9472135955,-86.585410196625,0.));
#5601=CARTESIAN_POINT('Ctrl Pts',(-43.7,-86.4,0.));
#5602=CARTESIAN_POINT('Ctrl Pts',(-45.,-86.,-1.06109990762556E-14));
#5603=CARTESIAN_POINT('Ctrl Pts',(-45.,-86.6180339887499,-1.06109990762556E-14));
#5604=CARTESIAN_POINT('Ctrl Pts',(-44.4472135955,-86.8944271909999,-1.06140441536317E-14));
#5605=CARTESIAN_POINT('Ctrl Pts',(-43.8944271909999,-87.17082039325,-1.06170892310077E-14));
#5606=CARTESIAN_POINT('Ctrl Pts',(-43.4,-86.8,-1.06198128310115E-14));
#5607=CARTESIAN_POINT('Ctrl Pts',(-45.,-86.,0.5));
#5608=CARTESIAN_POINT('Ctrl Pts',(-45.,-86.6180339887499,0.5));
#5609=CARTESIAN_POINT('Ctrl Pts',(-44.4472135955,-86.8944271909999,0.5));
#5610=CARTESIAN_POINT('Ctrl Pts',(-43.8944271909999,-87.17082039325,0.5));
#5611=CARTESIAN_POINT('Ctrl Pts',(-43.4,-86.8,0.5));
#5612=CARTESIAN_POINT('',(-43.7,-86.4,0.));
#5613=CARTESIAN_POINT('',(-43.4,-86.8,0.5));
#5614=CARTESIAN_POINT('Origin',(-43.7,-86.4,0.5));
#5615=CARTESIAN_POINT('Origin',(-44.,-86.,0.5));
#5616=CARTESIAN_POINT('Origin',(-44.,-86.,0.));
#5617=CARTESIAN_POINT('Origin',(-15.5000000000028,-84.0000000000022,0.5));
#5618=CARTESIAN_POINT('',(-24.5000000000027,-72.0000000000022,0.));
#5619=CARTESIAN_POINT('Origin',(-24.5000000000027,-72.0000000000022,0.5));
#5620=CARTESIAN_POINT('',(-15.5000000000049,-69.0000000000022,0.));
#5621=CARTESIAN_POINT('Origin',(-15.5000000000028,-84.0000000000022,0.));
#5622=CARTESIAN_POINT('Origin',(-15.5000000000049,-69.0000000000022,0.5));
#5623=CARTESIAN_POINT('Origin',(-18.938750500408,-69.0000000000027,0.5));
#5624=CARTESIAN_POINT('',(36.5559027913179,-68.9999999999948,0.));
#5625=CARTESIAN_POINT('Origin',(36.5559027913179,-68.9999999999948,0.5));
#5626=CARTESIAN_POINT('',(-18.938750500408,-69.0000000000027,0.));
#5627=CARTESIAN_POINT('Origin',(36.5559027913194,-79.4999999999948,0.5));
#5628=CARTESIAN_POINT('',(38.8890538258767,-69.2624999999975,0.));
#5629=CARTESIAN_POINT('Origin',(38.8890538258767,-69.2624999999975,0.5));
#5630=CARTESIAN_POINT('Origin',(36.5559027913194,-79.4999999999948,0.));
#5631=CARTESIAN_POINT('Origin',(41.,-60.,0.5));
#5632=CARTESIAN_POINT('',(38.8890538258698,-50.7375000000041,0.));
#5633=CARTESIAN_POINT('Origin',(38.8890538258698,-50.7375000000041,0.5));
#5634=CARTESIAN_POINT('Origin',(41.,-60.,0.));
#5635=CARTESIAN_POINT('Origin',(36.5559027913048,-40.5000000000085,0.5));
#5636=CARTESIAN_POINT('',(36.5559027913023,-51.0000000000085,0.));
#5637=CARTESIAN_POINT('Origin',(36.5559027913023,-51.0000000000085,0.5));
#5638=CARTESIAN_POINT('Origin',(36.5559027913048,-40.5000000000085,0.));
#5639=CARTESIAN_POINT('Origin',(18.9387505004149,-51.0000000000044,0.5));
#5640=CARTESIAN_POINT('',(14.9999999999601,-51.0000000000035,0.));
#5641=CARTESIAN_POINT('Origin',(14.9999999999601,-51.0000000000035,0.5));
#5642=CARTESIAN_POINT('',(18.9387505004149,-51.0000000000044,0.));
#5643=CARTESIAN_POINT('Origin',(14.9999999999612,-46.5000000000035,0.5));
#5644=CARTESIAN_POINT('',(10.4999999999612,-46.5000000000035,0.));
#5645=CARTESIAN_POINT('Origin',(10.4999999999612,-46.5000000000035,0.5));
#5646=CARTESIAN_POINT('Origin',(14.9999999999612,-46.5000000000035,0.));
#5647=CARTESIAN_POINT('Origin',(10.4999999999612,-55.25,0.5));
#5648=CARTESIAN_POINT('',(10.4999999999612,-27.,0.));
#5649=CARTESIAN_POINT('',(10.9999999999612,-27.,0.5));
#5650=CARTESIAN_POINT('Origin',(10.4999999999612,-27.,0.5));
#5651=CARTESIAN_POINT('',(10.9999999999612,-55.25,0.5));
#5652=CARTESIAN_POINT('',(10.4999999999612,-55.25,0.));
#5653=CARTESIAN_POINT('Origin',(-24.1799999999999,-71.7600000000001,0.5));
#5654=CARTESIAN_POINT('',(-23.8799999999999,-72.1600000000001,0.5));
#5655=CARTESIAN_POINT('',(-24.1799999999999,-71.7600000000001,0.));
#5656=CARTESIAN_POINT('Origin',(5.4999999999806,-27.,0.5));
#5657=CARTESIAN_POINT('Origin',(-10.5000000000388,-27.,0.5));
#5658=CARTESIAN_POINT('Origin',(10.4999999999612,-27.,0.5));
#5659=CARTESIAN_POINT('',(5.4999999999806,-27.,0.));
#5660=CARTESIAN_POINT('Origin',(10.4999999999612,-27.,0.5));
#5661=CARTESIAN_POINT('Origin',(10.4999999999612,-27.,0.5));
#5662=CARTESIAN_POINT('Origin',(-10.5000000000388,-27.,0.5));
#5663=CARTESIAN_POINT('Origin',(10.9999999999612,-50.5,0.));
#5664=CARTESIAN_POINT('',(10.9999999999612,-55.25,8.));
#5665=CARTESIAN_POINT('',(10.9999999999612,-27.,0.));
#5666=CARTESIAN_POINT('Origin',(10.4999999999612,-27.,0.));
#5667=CARTESIAN_POINT('Origin',(0.,-60.,0.));
#5668=CARTESIAN_POINT('',(37.,-60.,0.));
#5669=CARTESIAN_POINT('Origin',(41.,-60.,0.));
#5670=CARTESIAN_POINT('',(-45.,-60.,0.));
#5671=CARTESIAN_POINT('Origin',(-41.,-60.,0.));
#5672=CARTESIAN_POINT('Origin',(12.9999999999612,-55.25,8.));
#5673=CARTESIAN_POINT('Origin',(-15.0000000000388,-46.4999999999965,0.));
#5674=CARTESIAN_POINT('',(-15.0000000000397,-50.4999999999965,0.));
#5675=CARTESIAN_POINT('Origin',(37.8775010008277,-50.5000000000088,0.));
#5676=CARTESIAN_POINT('',(-36.555902791382,-50.4999999999914,0.));
#5677=CARTESIAN_POINT('Origin',(-45.,-88.,0.));
#5678=CARTESIAN_POINT('',(-16.7333333333333,-66.8000000000001,7.));
#5679=CARTESIAN_POINT('',(-23.8799999999999,-72.1600000000001,7.));
#5680=CARTESIAN_POINT('',(-16.7333333333333,-66.8000000000001,30.5));
#5681=CARTESIAN_POINT('',(-16.7333333333333,-66.8000000000001,3.));
#5682=CARTESIAN_POINT('',(-43.4,-86.8,30.5));
#5683=CARTESIAN_POINT('',(-37.3333333333333,-82.25,30.5));
#5684=CARTESIAN_POINT('',(-43.4,-86.8,0.));
#5685=CARTESIAN_POINT('',(-32.1043369119363,-78.3282526839523,18.4999999366701));
#5686=CARTESIAN_POINT('Origin',(-33.8643369119363,-79.6482526839523,18.4999999366701));
#5687=CARTESIAN_POINT('Origin',(-23.2799999999999,-72.9600000000001,7.));
#5688=CARTESIAN_POINT('Origin',(-16.1333333333333,-67.6000000000001,7.));
#5689=CARTESIAN_POINT('Origin',(-17.3333333333333,-66.0000000000001,7.));
#5690=CARTESIAN_POINT('',(-17.3333333333333,-65.0000000000001,7.));
#5691=CARTESIAN_POINT('Origin',(-17.3333333333332,-64.0000000000001,7.));
#5692=CARTESIAN_POINT('Origin',(-17.3333333333333,-66.0000000000001,7.));
#5693=CARTESIAN_POINT('Origin',(-7.16666666666663,-64.0000000000001,7.));
#5694=CARTESIAN_POINT('',(-20.6666666666666,-65.0000000000001,7.));
#5695=CARTESIAN_POINT('Origin',(-20.6666666666666,-64.0000000000001,7.));
#5696=CARTESIAN_POINT('',(-7.16666666666663,-65.0000000000001,7.));
#5697=CARTESIAN_POINT('Origin',(-20.6666666666666,-66.0000000000001,7.));
#5698=CARTESIAN_POINT('Origin',(-20.6666666666666,-66.0000000000001,7.));
#5699=CARTESIAN_POINT('Origin',(-17.3333333333333,-66.0000000000001,3.));
#5700=CARTESIAN_POINT('',(-17.3333333333333,-65.0000000000001,30.5));
#5701=CARTESIAN_POINT('',(-17.3333333333333,-65.0000000000001,3.));
#5702=CARTESIAN_POINT('Origin',(-17.3333333333333,-66.0000000000001,30.5));
#5703=CARTESIAN_POINT('Origin',(-14.3333333333333,-65.0000000000001,6.));
#5704=CARTESIAN_POINT('',(-20.6666666666666,-65.0000000000001,30.5));
#5705=CARTESIAN_POINT('',(-20.6666666666666,-65.0000000000001,6.));
#5706=CARTESIAN_POINT('',(-21.9999999999999,-65.0000000000001,30.5));
#5707=CARTESIAN_POINT('Origin',(-20.6666666666666,-66.0000000000001,6.));
#5708=CARTESIAN_POINT('',(-21.2666666666666,-65.2000000000001,30.5));
#5709=CARTESIAN_POINT('',(-21.2666666666666,-65.2000000000001,6.));
#5710=CARTESIAN_POINT('Origin',(-20.6666666666666,-66.0000000000001,30.5));
#5711=CARTESIAN_POINT('Origin',(-38.7143369119363,-77.3482526839523,8.5));
#5712=CARTESIAN_POINT('',(-38.3188596397888,-76.511892294259,8.5));
#5713=CARTESIAN_POINT('Origin',(-38.9734180810159,-77.0028111251794,8.5));
#5714=CARTESIAN_POINT('',(-36.6643369119363,-76.7482526839523,8.5));
#5715=CARTESIAN_POINT('',(-37.7143369119363,-76.5982526839523,8.5));
#5716=CARTESIAN_POINT('Origin',(-38.2643369119363,-77.9482526839523,8.5));
#5717=CARTESIAN_POINT('Origin',(-38.2643369119363,-77.9482526839523,8.5));
#5718=CARTESIAN_POINT('Origin',(-20.9999999999999,-65.0000000000001,6.));
#5719=CARTESIAN_POINT('',(-44.6,-82.7,11.5));
#5720=CARTESIAN_POINT('',(-44.6,-82.7,3.));
#5721=CARTESIAN_POINT('',(-40.2643369119363,-79.4482526839523,11.5));
#5722=CARTESIAN_POINT('',(-33.8321684559681,-74.6241263419762,11.5));
#5723=CARTESIAN_POINT('',(-40.2643369119363,-79.4482526839523,25.5));
#5724=CARTESIAN_POINT('',(-40.2643369119363,-79.4482526839523,8.75));
#5725=CARTESIAN_POINT('',(-44.6,-82.7,25.5));
#5726=CARTESIAN_POINT('',(-30.6321684559681,-72.2241263419762,25.5));
#5727=CARTESIAN_POINT('',(-44.6,-82.7,30.5));
#5728=CARTESIAN_POINT('',(-44.6,-82.7,3.));
#5729=CARTESIAN_POINT('',(-38.2643369119363,-77.9482526839523,30.5));
#5730=CARTESIAN_POINT('',(-26.5333333333333,-69.15,30.5));
#5731=CARTESIAN_POINT('',(-36.6643369119363,-76.7482526839523,28.5));
#5732=CARTESIAN_POINT('Origin',(-38.2643369119363,-77.9482526839523,28.5));
#5733=CARTESIAN_POINT('Origin',(-38.2643369119363,-77.9482526839523,28.5));
#5734=CARTESIAN_POINT('',(-26.5333333333333,-69.15,30.5));
#5735=CARTESIAN_POINT('',(-34.1043369119363,-74.8282526839523,18.4999999366701));
#5736=CARTESIAN_POINT('Origin',(-36.2643369119363,-76.4482526839523,18.4999999366701));
#5737=CARTESIAN_POINT('Ctrl Pts',(-44.5,-83.5,31.));
#5738=CARTESIAN_POINT('Ctrl Pts',(-44.5,-83.25,31.));
#5739=CARTESIAN_POINT('Ctrl Pts',(-44.3,-83.1,31.));
#5740=CARTESIAN_POINT('Ctrl Pts',(-45.,-83.5,31.));
#5741=CARTESIAN_POINT('Ctrl Pts',(-45.,-83.,31.));
#5742=CARTESIAN_POINT('Ctrl Pts',(-44.6,-82.7,31.));
#5743=CARTESIAN_POINT('Ctrl Pts',(-45.,-83.5,30.5));
#5744=CARTESIAN_POINT('Ctrl Pts',(-45.,-83.,30.5));
#5745=CARTESIAN_POINT('Ctrl Pts',(-44.6,-82.7,30.5));
#5746=CARTESIAN_POINT('',(-45.,-83.5,30.5));
#5747=CARTESIAN_POINT('',(-44.5,-83.5,31.));
#5748=CARTESIAN_POINT('Origin',(-44.5,-83.5,30.5));
#5749=CARTESIAN_POINT('',(-44.3,-83.1,31.));
#5750=CARTESIAN_POINT('Origin',(-44.,-83.5,31.));
#5751=CARTESIAN_POINT('Origin',(-44.3,-83.1,30.5));
#5752=CARTESIAN_POINT('Origin',(-44.,-83.5,30.5));
#5753=CARTESIAN_POINT('Origin',(-26.2333333333333,-69.5500000000001,30.5));
#5754=CARTESIAN_POINT('',(-20.9666666666666,-65.6000000000001,31.));
#5755=CARTESIAN_POINT('Origin',(-20.9666666666666,-65.6000000000001,30.5));
#5756=CARTESIAN_POINT('',(-26.2333333333333,-69.5500000000001,31.));
#5757=CARTESIAN_POINT('Ctrl Pts',(-20.9666666666666,-65.6000000000001,31.));
#5758=CARTESIAN_POINT('Ctrl Pts',(-20.8333333333333,-65.5000000000001,31.));
#5759=CARTESIAN_POINT('Ctrl Pts',(-20.6666666666666,-65.5000000000001,31.));
#5760=CARTESIAN_POINT('Ctrl Pts',(-21.2666666666666,-65.2000000000001,31.));
#5761=CARTESIAN_POINT('Ctrl Pts',(-20.9999999999999,-65.0000000000001,31.));
#5762=CARTESIAN_POINT('Ctrl Pts',(-20.6666666666666,-65.0000000000001,31.));
#5763=CARTESIAN_POINT('Ctrl Pts',(-21.2666666666666,-65.2000000000001,30.5));
#5764=CARTESIAN_POINT('Ctrl Pts',(-20.9999999999999,-65.0000000000001,30.5));
#5765=CARTESIAN_POINT('Ctrl Pts',(-20.6666666666666,-65.0000000000001,30.5));
#5766=CARTESIAN_POINT('',(-20.6666666666666,-65.5000000000001,31.));
#5767=CARTESIAN_POINT('Origin',(-20.6666666666666,-65.5000000000001,30.5));
#5768=CARTESIAN_POINT('Origin',(-20.6666666666666,-66.0000000000001,31.));
#5769=CARTESIAN_POINT('Origin',(-21.9999999999999,-65.5000000000001,30.5));
#5770=CARTESIAN_POINT('',(-17.3333333333333,-65.5000000000001,31.));
#5771=CARTESIAN_POINT('Origin',(-17.3333333333333,-65.5000000000001,30.5));
#5772=CARTESIAN_POINT('',(-21.9999999999999,-65.5000000000001,31.));
#5773=CARTESIAN_POINT('Ctrl Pts',(-17.3333333333333,-65.5000000000001,31.));
#5774=CARTESIAN_POINT('Ctrl Pts',(-16.9729537233052,-65.5000000000001,31.));
#5775=CARTESIAN_POINT('Ctrl Pts',(-16.858991684308,-65.8418861169917,31.));
#5776=CARTESIAN_POINT('Ctrl Pts',(-16.7450296453108,-66.1837722339832,31.));
#5777=CARTESIAN_POINT('Ctrl Pts',(-17.0333333333333,-66.4000000000001,31.));
#5778=CARTESIAN_POINT('Ctrl Pts',(-17.3333333333333,-65.0000000000001,31.));
#5779=CARTESIAN_POINT('Ctrl Pts',(-16.6125741132771,-65.0000000000001,31.));
#5780=CARTESIAN_POINT('Ctrl Pts',(-16.3846500352827,-65.6837722339833,31.));
#5781=CARTESIAN_POINT('Ctrl Pts',(-16.1567259572884,-66.3675444679664,31.));
#5782=CARTESIAN_POINT('Ctrl Pts',(-16.7333333333333,-66.8000000000001,31.));
#5783=CARTESIAN_POINT('Ctrl Pts',(-17.3333333333332,-65.0000000000001,30.5));
#5784=CARTESIAN_POINT('Ctrl Pts',(-16.6125741132771,-65.0000000000001,30.5));
#5785=CARTESIAN_POINT('Ctrl Pts',(-16.3846500352827,-65.6837722339833,30.5));
#5786=CARTESIAN_POINT('Ctrl Pts',(-16.1567259572884,-66.3675444679664,30.5));
#5787=CARTESIAN_POINT('Ctrl Pts',(-16.7333333333333,-66.8000000000001,30.5));
#5788=CARTESIAN_POINT('',(-17.0333333333333,-66.4000000000001,31.));
#5789=CARTESIAN_POINT('Origin',(-17.0333333333333,-66.4000000000001,30.5));
#5790=CARTESIAN_POINT('Origin',(-17.3333333333333,-66.0000000000001,31.));
#5791=CARTESIAN_POINT('Origin',(-37.6333333333333,-81.85,30.5));
#5792=CARTESIAN_POINT('',(-43.7,-86.4,31.));
#5793=CARTESIAN_POINT('Origin',(-43.7,-86.4,30.5));
#5794=CARTESIAN_POINT('',(-37.6333333333333,-81.85,31.));
#5795=CARTESIAN_POINT('Ctrl Pts',(-43.7,-86.4,31.));
#5796=CARTESIAN_POINT('Ctrl Pts',(-43.9472135955,-86.585410196625,31.));
#5797=CARTESIAN_POINT('Ctrl Pts',(-44.22360679775,-86.4472135955,31.));
#5798=CARTESIAN_POINT('Ctrl Pts',(-44.5,-86.309016994375,31.));
#5799=CARTESIAN_POINT('Ctrl Pts',(-44.5,-86.,31.));
#5800=CARTESIAN_POINT('Ctrl Pts',(-43.4,-86.8,31.));
#5801=CARTESIAN_POINT('Ctrl Pts',(-43.8944271909999,-87.17082039325,31.));
#5802=CARTESIAN_POINT('Ctrl Pts',(-44.4472135955,-86.8944271909999,31.));
#5803=CARTESIAN_POINT('Ctrl Pts',(-45.,-86.6180339887499,31.));
#5804=CARTESIAN_POINT('Ctrl Pts',(-45.,-86.,31.));
#5805=CARTESIAN_POINT('Ctrl Pts',(-43.4,-86.8,30.5));
#5806=CARTESIAN_POINT('Ctrl Pts',(-43.8944271909999,-87.17082039325,30.5));
#5807=CARTESIAN_POINT('Ctrl Pts',(-44.4472135955,-86.8944271909999,30.5));
#5808=CARTESIAN_POINT('Ctrl Pts',(-45.,-86.6180339887499,30.5));
#5809=CARTESIAN_POINT('Ctrl Pts',(-45.,-86.,30.5));
#5810=CARTESIAN_POINT('',(-44.5,-86.,31.));
#5811=CARTESIAN_POINT('',(-45.,-86.,30.5));
#5812=CARTESIAN_POINT('Origin',(-44.5,-86.,30.5));
#5813=CARTESIAN_POINT('Origin',(-44.,-86.,30.5));
#5814=CARTESIAN_POINT('Origin',(-44.,-86.,31.));
#5815=CARTESIAN_POINT('Origin',(-44.5,-72.8325756949559,30.5));
#5816=CARTESIAN_POINT('',(-44.5,-72.8325756949559,31.));
#5817=CARTESIAN_POINT('',(-45.,-72.8325756949559,30.5));
#5818=CARTESIAN_POINT('Origin',(-44.,-86.,0.));
#5819=CARTESIAN_POINT('',(-45.,-86.,0.));
#5820=CARTESIAN_POINT('Origin',(-45.,-69.1651513899117,0.));
#5821=CARTESIAN_POINT('',(-45.,-74.2828568570857,0.));
#5822=CARTESIAN_POINT('',(-45.,-83.5,25.1));
#5823=CARTESIAN_POINT('',(-45.,-83.5,3.));
#5824=CARTESIAN_POINT('',(-45.,-85.5,23.5));
#5825=CARTESIAN_POINT('',(-45.,-84.7723792908122,24.0820965673502));
#5826=CARTESIAN_POINT('',(-45.,-85.5,13.5));
#5827=CARTESIAN_POINT('',(-45.,-85.5,9.25));
#5828=CARTESIAN_POINT('',(-45.,-83.5,11.9));
#5829=CARTESIAN_POINT('',(-45.,-76.4796963639829,6.28375709118633));
#5830=CARTESIAN_POINT('',(-45.,-83.5,3.));
#5831=CARTESIAN_POINT('Origin',(-44.,-83.5,3.));
#5832=CARTESIAN_POINT('Origin',(-44.,-83.5,24.5));
#5833=CARTESIAN_POINT('Origin',(-29.6666666666666,-76.5,31.));
#5834=CARTESIAN_POINT('Origin',(-36.1143369119363,-76.6482526839523,18.4999999366701));
#5835=CARTESIAN_POINT('',(-34.2043369119362,-75.5282526839523,18.4999999366701));
#5836=CARTESIAN_POINT('',(-34.1543369119363,-75.1782526839523,18.4999999366701));
#5837=CARTESIAN_POINT('Origin',(-35.9643369119363,-76.8482526839523,18.4999999366701));
#5838=CARTESIAN_POINT('Origin',(-36.2643369119363,-76.4482526839522,18.4999999366701));
#5839=CARTESIAN_POINT('',(-34.5043369119363,-75.1282526839523,18.4999999366701));
#5840=CARTESIAN_POINT('Origin',(41.,-60.,5.75));
#5841=CARTESIAN_POINT('',(37.5,-60.,5.5));
#5842=CARTESIAN_POINT('',(37.25,-60.,5.75));
#5843=CARTESIAN_POINT('Origin',(41.,-60.,5.5));
#5844=CARTESIAN_POINT('Origin',(41.,-60.,0.));
#5845=CARTESIAN_POINT('',(37.5,-60.,0.5));
#5846=CARTESIAN_POINT('',(37.5,-60.,0.));
#5847=CARTESIAN_POINT('Origin',(41.,-60.,0.5));
#5848=CARTESIAN_POINT('Origin',(41.,-60.,0.25));
#5849=CARTESIAN_POINT('',(37.25,-60.,0.25));
#5850=CARTESIAN_POINT('Origin',(-41.,-60.,0.25));
#5851=CARTESIAN_POINT('',(-44.5,-60.,0.5));
#5852=CARTESIAN_POINT('Origin',(-41.,-60.,0.5));
#5853=CARTESIAN_POINT('',(-44.75,-60.,0.25));
#5854=CARTESIAN_POINT('Origin',(-41.,-60.,0.));
#5855=CARTESIAN_POINT('',(-44.5,-60.,5.5));
#5856=CARTESIAN_POINT('Origin',(-41.,-60.,5.5));
#5857=CARTESIAN_POINT('',(-44.5,-60.,0.));
#5858=CARTESIAN_POINT('Origin',(-41.,-60.,5.75));
#5859=CARTESIAN_POINT('',(-44.75,-60.,5.75));
#5860=CARTESIAN_POINT('Origin',(-44.,-83.5,3.));
#5861=CARTESIAN_POINT('Origin',(-44.,-83.5,12.5));
#5862=CARTESIAN_POINT('Origin',(-55.,-74.2828568570857,0.));
#5863=CARTESIAN_POINT('',(-48.,-67.1414284285429,0.));
#5864=CARTESIAN_POINT('Origin',(-36.5559027913797,-40.4999999999914,0.));
#5865=CARTESIAN_POINT('',(-38.7779513956899,-50.2499999999957,0.));
#5866=CARTESIAN_POINT('Origin',(-41.,-60.,0.));
#5867=CARTESIAN_POINT('Origin',(-41.2643369119363,-81.4482526839522,24.5));
#5868=CARTESIAN_POINT('',(-40.6643369119363,-82.2482526839522,23.5));
#5869=CARTESIAN_POINT('',(-40.8143369119363,-83.2982526839523,22.75));
#5870=CARTESIAN_POINT('',(-40.6643369119363,-82.2482526839522,23.5));
#5871=CARTESIAN_POINT('Origin',(-42.2643369119363,-83.4482526839522,18.5));
#5872=CARTESIAN_POINT('',(-40.6643369119363,-82.2482526839522,13.5));
#5873=CARTESIAN_POINT('',(-40.6643369119363,-82.2482526839522,15.));
#5874=CARTESIAN_POINT('',(-43.8643369119363,-84.6482526839522,13.5));
#5875=CARTESIAN_POINT('Origin',(-40.4643369119363,-80.8482526839522,15.));
#5876=CARTESIAN_POINT('',(-40.7143369119363,-82.5982526839523,13.75));
#5877=CARTESIAN_POINT('Origin',(-44.4643369119363,-83.8482526839522,12.5));
#5878=CARTESIAN_POINT('Origin',(-39.0688774964761,-76.8755319045658,8.5));
#5879=CARTESIAN_POINT('',(-39.1243369119363,-76.7182526839523,8.5));
#5880=CARTESIAN_POINT('',(-38.7215982758625,-76.6150724891056,8.5));
#5881=CARTESIAN_POINT('Origin',(-39.1643369119363,-76.7482526839523,8.5));
#5882=CARTESIAN_POINT('Origin',(-39.1643369119363,-76.7482526839523,8.5));
#5883=CARTESIAN_POINT('Origin',(-39.0688774964761,-76.8755319045658,28.5));
#5884=CARTESIAN_POINT('',(-38.3188596397888,-76.511892294259,28.5));
#5885=CARTESIAN_POINT('Origin',(-38.9734180810159,-77.0028111251794,28.5));
#5886=CARTESIAN_POINT('',(-39.1243369119363,-76.7182526839523,28.5));
#5887=CARTESIAN_POINT('',(-38.7215982758625,-76.6150724891057,28.5));
#5888=CARTESIAN_POINT('Origin',(-39.1643369119363,-76.7482526839523,28.5));
#5889=CARTESIAN_POINT('Origin',(-38.7143369119363,-77.3482526839523,28.5));
#5890=CARTESIAN_POINT('',(-37.7143369119363,-76.5982526839523,28.5));
#5891=CARTESIAN_POINT('Origin',(-39.1643369119363,-76.7482526839523,28.5));
#5892=CARTESIAN_POINT('Ctrl Pts',(24.2000000000028,-12.4000000000022,7.));
#5893=CARTESIAN_POINT('Ctrl Pts',(24.1958137397984,-12.3968603048489,6.99889682356887));
#5894=CARTESIAN_POINT('Ctrl Pts',(24.1916266790306,-12.3937222757169,6.99779383732172));
#5895=CARTESIAN_POINT('Ctrl Pts',(23.4837073731789,-11.8635579549083,6.81131013372893));
#5896=CARTESIAN_POINT('Ctrl Pts',(22.3781110938994,-11.1323573551186,6.53075651808418));
#5897=CARTESIAN_POINT('Ctrl Pts',(20.4338433475009,-10.0844560248804,6.14957984998122));
#5898=CARTESIAN_POINT('Ctrl Pts',(19.1939384101092,-9.56053656354699,6.));
#5899=CARTESIAN_POINT('Ctrl Pts',(18.3693212677539,-9.2769909508156,6.));
#5900=CARTESIAN_POINT('Ctrl Pts',(24.2000000000028,-12.4000000000022,7.));
#5901=CARTESIAN_POINT('Ctrl Pts',(24.1958628776836,-12.3968934038728,6.99871216072031));
#5902=CARTESIAN_POINT('Ctrl Pts',(24.1917162181047,-12.3937947801063,6.99742692895916));
#5903=CARTESIAN_POINT('Ctrl Pts',(23.4919305862074,-11.8693547983672,6.77982494175188));
#5904=CARTESIAN_POINT('Ctrl Pts',(22.3810594924035,-11.169200113929,6.45284910085256));
#5905=CARTESIAN_POINT('Ctrl Pts',(20.4035364431576,-10.218277560093,6.04810907132487));
#5906=CARTESIAN_POINT('Ctrl Pts',(19.1380509938855,-9.77377795861796,5.93610755148167));
#5907=CARTESIAN_POINT('Ctrl Pts',(18.3192421643342,-9.53395593452482,6.));
#5908=CARTESIAN_POINT('Ctrl Pts',(24.2000000000028,-12.4000000000022,7.));
#5909=CARTESIAN_POINT('Ctrl Pts',(24.1959082608532,-12.3969295418155,6.99852922954879));
#5910=CARTESIAN_POINT('Ctrl Pts',(24.1918104640637,-12.3938631551439,6.99705833219808));
#5911=CARTESIAN_POINT('Ctrl Pts',(23.4996376148739,-11.8756469133361,6.74842152320901));
#5912=CARTESIAN_POINT('Ctrl Pts',(22.3941606897758,-11.1927235174036,6.37412907789789));
#5913=CARTESIAN_POINT('Ctrl Pts',(20.4069405452326,-10.3062880566573,5.88686806109811));
#5914=CARTESIAN_POINT('Ctrl Pts',(19.1202590683786,-9.93211975511951,5.72098207797309));
#5915=CARTESIAN_POINT('Ctrl Pts',(18.2736772254956,-9.76775791912182,5.76179938779915));
#5916=CARTESIAN_POINT('Ctrl Pts',(24.2000000000028,-12.4000000000022,7.));
#5917=CARTESIAN_POINT('Ctrl Pts',(24.1959532818061,-12.3969649613547,6.99834523535368));
#5918=CARTESIAN_POINT('Ctrl Pts',(24.1919052639147,-12.3939322342797,6.99669075598257));
#5919=CARTESIAN_POINT('Ctrl Pts',(23.507403431467,-11.8816798398855,6.71696520059357));
#5920=CARTESIAN_POINT('Ctrl Pts',(22.4159251480538,-11.2051662113467,6.29613477712629));
#5921=CARTESIAN_POINT('Ctrl Pts',(20.4412768472771,-10.3191142311272,5.72436977497188));
#5922=CARTESIAN_POINT('Ctrl Pts',(19.1485079303884,-9.93825094394065,5.5));
#5923=CARTESIAN_POINT('Ctrl Pts',(18.2736772254956,-9.76775791912182,5.5));
#5924=CARTESIAN_POINT('',(18.3693212677539,-9.2769909508156,6.));
#5925=CARTESIAN_POINT('',(18.2736772254956,-9.76775791912182,5.5));
#5926=CARTESIAN_POINT('Origin',(18.3693212677539,-9.2769909508156,5.5));
#5927=CARTESIAN_POINT('',(24.2000000000027,-12.4000000000022,7.));
#5928=CARTESIAN_POINT('Ctrl Pts',(18.2736772254956,-9.76775791912182,5.5));
#5929=CARTESIAN_POINT('Ctrl Pts',(19.1485079303884,-9.93825094394065,5.5));
#5930=CARTESIAN_POINT('Ctrl Pts',(20.4412768472771,-10.3191142311272,5.72436977497188));
#5931=CARTESIAN_POINT('Ctrl Pts',(22.4159251480538,-11.2051662113467,6.29613477712629));
#5932=CARTESIAN_POINT('Ctrl Pts',(23.507403431467,-11.8816798398855,6.71696520059357));
#5933=CARTESIAN_POINT('Ctrl Pts',(24.1919052639147,-12.3939322342797,6.99669075598257));
#5934=CARTESIAN_POINT('Ctrl Pts',(24.1959532818061,-12.3969649613547,6.99834523535368));
#5935=CARTESIAN_POINT('Ctrl Pts',(24.2000000000028,-12.4000000000022,7.));
#5936=CARTESIAN_POINT('Ctrl Pts',(24.2000000000028,-12.4000000000022,7.));
#5937=CARTESIAN_POINT('Ctrl Pts',(24.1958137397984,-12.3968603048489,6.99889682356887));
#5938=CARTESIAN_POINT('Ctrl Pts',(24.1916266790306,-12.3937222757169,6.99779383732172));
#5939=CARTESIAN_POINT('Ctrl Pts',(23.4837073731789,-11.8635579549083,6.81131013372893));
#5940=CARTESIAN_POINT('Ctrl Pts',(22.3781110938994,-11.1323573551186,6.53075651808418));
#5941=CARTESIAN_POINT('Ctrl Pts',(20.4338433475009,-10.0844560248804,6.14957984998122));
#5942=CARTESIAN_POINT('Ctrl Pts',(19.1939384101092,-9.56053656354699,6.));
#5943=CARTESIAN_POINT('Ctrl Pts',(18.3693212677539,-9.2769909508156,6.));
#5944=CARTESIAN_POINT('Origin',(15.5000000000028,-24.0000000000022,5.5));
#5945=CARTESIAN_POINT('',(15.5000000000049,-9.00000000000221,6.));
#5946=CARTESIAN_POINT('',(15.5000000000048,-9.50000000000221,5.5));
#5947=CARTESIAN_POINT('Origin',(15.5000000000049,-9.00000000000221,5.5));
#5948=CARTESIAN_POINT('Origin',(15.5000000000028,-24.0000000000022,5.5));
#5949=CARTESIAN_POINT('Origin',(15.5000000000028,-24.0000000000022,6.));
#5950=CARTESIAN_POINT('Origin',(18.938750500408,-9.0000000000027,5.5));
#5951=CARTESIAN_POINT('',(-36.5559027913179,-8.9999999999948,6.));
#5952=CARTESIAN_POINT('',(-36.5559027913179,-9.4999999999948,5.5));
#5953=CARTESIAN_POINT('Origin',(-36.5559027913179,-8.9999999999948,5.5));
#5954=CARTESIAN_POINT('',(18.9387505004079,-9.5000000000027,5.5));
#5955=CARTESIAN_POINT('',(18.938750500408,-9.0000000000027,6.));
#5956=CARTESIAN_POINT('Origin',(-36.5559027913194,-19.4999999999948,5.5));
#5957=CARTESIAN_POINT('',(-38.8890538258767,-9.26249999999753,6.));
#5958=CARTESIAN_POINT('',(-38.7779513956597,-9.7499999999974,5.5));
#5959=CARTESIAN_POINT('Origin',(-38.8890538258767,-9.26249999999753,5.5));
#5960=CARTESIAN_POINT('Origin',(-36.5559027913194,-19.4999999999948,5.5));
#5961=CARTESIAN_POINT('Origin',(-36.5559027913194,-19.4999999999948,6.));
#5962=CARTESIAN_POINT('Origin',(-41.,-5.03541595753632E-15,5.5));
#5963=CARTESIAN_POINT('',(-38.8890538258698,9.26249999999594,6.));
#5964=CARTESIAN_POINT('',(-38.7779513956524,9.74999999999573,5.5));
#5965=CARTESIAN_POINT('Origin',(-38.8890538258698,9.26249999999594,5.5));
#5966=CARTESIAN_POINT('Origin',(-41.,-5.03541595753632E-15,5.5));
#5967=CARTESIAN_POINT('Origin',(-41.,-5.03541595753632E-15,6.));
#5968=CARTESIAN_POINT('Origin',(-36.5559027913048,19.4999999999915,5.5));
#5969=CARTESIAN_POINT('',(-36.5559027913023,8.99999999999146,6.));
#5970=CARTESIAN_POINT('',(-36.5559027913024,9.49999999999146,5.5));
#5971=CARTESIAN_POINT('Origin',(-36.5559027913023,8.99999999999146,5.5));
#5972=CARTESIAN_POINT('Origin',(-36.5559027913048,19.4999999999915,5.5));
#5973=CARTESIAN_POINT('Origin',(-36.5559027913048,19.4999999999915,6.));
#5974=CARTESIAN_POINT('Origin',(-18.9387505004149,8.99999999999558,5.5));
#5975=CARTESIAN_POINT('',(36.5559027913822,9.00000000000854,6.));
#5976=CARTESIAN_POINT('',(36.555902791382,9.50000000000854,5.5));
#5977=CARTESIAN_POINT('Origin',(36.5559027913822,9.00000000000854,5.5));
#5978=CARTESIAN_POINT('',(-18.938750500415,9.49999999999558,5.5));
#5979=CARTESIAN_POINT('',(-18.9387505004149,8.99999999999558,6.));
#5980=CARTESIAN_POINT('Origin',(36.5559027913797,19.5000000000085,5.5));
#5981=CARTESIAN_POINT('',(38.8890538259054,9.26250000000406,6.));
#5982=CARTESIAN_POINT('',(38.7779513956899,9.75000000000427,5.5));
#5983=CARTESIAN_POINT('Origin',(38.8890538259054,9.26250000000406,5.5));
#5984=CARTESIAN_POINT('Origin',(36.5559027913797,19.5000000000085,5.5));
#5985=CARTESIAN_POINT('Origin',(36.5559027913797,19.5000000000085,6.));
#5986=CARTESIAN_POINT('Origin',(41.,-5.03541595753632E-15,5.5));
#5987=CARTESIAN_POINT('',(47.65,-6.78435700711571,6.));
#5988=CARTESIAN_POINT('',(48.,-7.14142842854286,5.5));
#5989=CARTESIAN_POINT('Origin',(47.65,-6.78435700711571,5.5));
#5990=CARTESIAN_POINT('Origin',(41.,-5.03541595753632E-15,5.5));
#5991=CARTESIAN_POINT('Origin',(41.,-5.03541595753632E-15,6.));
#5992=CARTESIAN_POINT('Origin',(55.,-14.2828568570857,5.5));
#5993=CARTESIAN_POINT('',(44.5,-14.2828568570857,6.));
#5994=CARTESIAN_POINT('',(45.,-14.2828568570857,5.5));
#5995=CARTESIAN_POINT('Origin',(44.5,-14.2828568570857,5.5));
#5996=CARTESIAN_POINT('Origin',(55.,-14.2828568570857,5.5));
#5997=CARTESIAN_POINT('Origin',(55.,-14.2828568570857,6.));
#5998=CARTESIAN_POINT('Origin',(44.5,-4.58257569495586,5.5));
#5999=CARTESIAN_POINT('',(44.5,-21.375,6.));
#6000=CARTESIAN_POINT('',(45.,-21.375,5.5));
#6001=CARTESIAN_POINT('Origin',(44.5,-21.375,5.5));
#6002=CARTESIAN_POINT('',(45.,-4.58257569495586,5.5));
#6003=CARTESIAN_POINT('',(44.5,-4.58257569495586,6.));
#6004=CARTESIAN_POINT('Ctrl Pts',(45.,-22.8333333333334,6.05719095841795));
#6005=CARTESIAN_POINT('Ctrl Pts',(45.,-22.7146605695412,5.93971091599058));
#6006=CARTESIAN_POINT('Ctrl Pts',(45.,-22.573655976862,5.83669518709491));
#6007=CARTESIAN_POINT('Ctrl Pts',(45.,-22.4166666666667,5.75278087107536));
#6008=CARTESIAN_POINT('Ctrl Pts',(45.,-22.7606169576268,6.13064559036854));
#6009=CARTESIAN_POINT('Ctrl Pts',(45.0000587812344,-22.6466253229744,6.02358214133818));
#6010=CARTESIAN_POINT('Ctrl Pts',(44.9998950356008,-22.5114176447083,5.93055738531862));
#6011=CARTESIAN_POINT('Ctrl Pts',(45.,-22.3614019205481,5.85617174384668));
#6012=CARTESIAN_POINT('Ctrl Pts',(44.9420030639467,-22.6336813006288,6.25886996727951));
#6013=CARTESIAN_POINT('Ctrl Pts',(44.9372514672537,-22.5279321163552,6.16987229713031));
#6014=CARTESIAN_POINT('Ctrl Pts',(44.9315162412793,-22.4028686606558,6.09440412399518));
#6015=CARTESIAN_POINT('Ctrl Pts',(44.9247093038063,-22.265088248307,6.03635812544092));
#6016=CARTESIAN_POINT('Ctrl Pts',(44.801894487571,-22.5476729537195,6.34575151776258));
#6017=CARTESIAN_POINT('Ctrl Pts',(44.7871679806291,-22.4506008013587,6.26590153007968));
#6018=CARTESIAN_POINT('Ctrl Pts',(44.7695456445065,-22.3355872577185,6.19706082679405));
#6019=CARTESIAN_POINT('Ctrl Pts',(44.7495637858445,-22.2082606309741,6.14267286252407));
#6020=CARTESIAN_POINT('Ctrl Pts',(44.7333333333333,-22.5222222222222,6.37146063894529));
#6021=CARTESIAN_POINT('Ctrl Pts',(44.7143456911266,-22.4288663147058,6.29314061066038));
#6022=CARTESIAN_POINT('Ctrl Pts',(44.6917849562979,-22.3179427017981,6.22446345806327));
#6023=CARTESIAN_POINT('Ctrl Pts',(44.6666666666667,-22.1944444444445,6.1685205807169));
#6024=CARTESIAN_POINT('',(45.,-22.4166666666667,5.75278087107536));
#6025=CARTESIAN_POINT('',(44.6666666666667,-22.1944444444445,6.16852058071691));
#6026=CARTESIAN_POINT('Origin',(44.5,-22.4166666666667,5.75278087107536));
#6027=CARTESIAN_POINT('',(44.7333333333333,-22.5222222222222,6.3714606389453));
#6028=CARTESIAN_POINT('Origin',(44.5,-21.375,7.));
#6029=CARTESIAN_POINT('',(45.,-22.8333333333333,6.05719095841794));
#6030=CARTESIAN_POINT('Origin',(44.5,-22.8333333333333,6.05719095841794));
#6031=CARTESIAN_POINT('Origin',(45.,-21.375,7.));
#6032=CARTESIAN_POINT('Ctrl Pts',(45.,-23.5,7.));
#6033=CARTESIAN_POINT('Ctrl Pts',(45.,-23.4989861777821,6.9982440084138));
#6034=CARTESIAN_POINT('Ctrl Pts',(45.,-23.4979702082924,6.99648935222754));
#6035=CARTESIAN_POINT('Ctrl Pts',(45.0000000000009,-23.3060922275212,6.66279090076864));
#6036=CARTESIAN_POINT('Ctrl Pts',(45.,-23.1054351057613,6.32655797025728));
#6037=CARTESIAN_POINT('Ctrl Pts',(45.,-22.8333333333333,6.05719095841794));
#6038=CARTESIAN_POINT('Ctrl Pts',(45.,-23.5,7.));
#6039=CARTESIAN_POINT('Ctrl Pts',(45.,-23.4985612107634,6.99839533272014));
#6040=CARTESIAN_POINT('Ctrl Pts',(45.,-23.4973782260955,6.99692178575014));
#6041=CARTESIAN_POINT('Ctrl Pts',(45.0000000000009,-23.2388273587143,6.69899181116247));
#6042=CARTESIAN_POINT('Ctrl Pts',(45.,-22.9831368766324,6.40550195095063));
#6043=CARTESIAN_POINT('Ctrl Pts',(45.,-22.7060796758469,6.18573656433148));
#6044=CARTESIAN_POINT('Ctrl Pts',(45.,-23.5,7.));
#6045=CARTESIAN_POINT('Ctrl Pts',(45.0001391817245,-23.4986713630326,6.99853593343812));
#6046=CARTESIAN_POINT('Ctrl Pts',(44.9998726979518,-23.4962989432727,6.99736418851537));
#6047=CARTESIAN_POINT('Ctrl Pts',(44.9994223939504,-23.1798246239233,6.73496420709786));
#6048=CARTESIAN_POINT('Ctrl Pts',(44.9479970293788,-22.8704860345171,6.48489803247041));
#6049=CARTESIAN_POINT('Ctrl Pts',(44.8933093598878,-22.5816072623826,6.31147268951897));
#6050=CARTESIAN_POINT('Ctrl Pts',(45.,-23.5,7.));
#6051=CARTESIAN_POINT('Ctrl Pts',(45.,-23.4979723555657,6.99882933894505));
#6052=CARTESIAN_POINT('Ctrl Pts',(44.9999991107245,-23.4959738709376,6.99765956815169));
#6053=CARTESIAN_POINT('Ctrl Pts',(44.99759281234,-23.1031982654134,6.77519393384423));
#6054=CARTESIAN_POINT('Ctrl Pts',(44.8378204139457,-22.7819887143001,6.55103864683818));
#6055=CARTESIAN_POINT('Ctrl Pts',(44.7333333333333,-22.5222222222222,6.37146063894529));
#6056=CARTESIAN_POINT('',(45.,-23.5,7.));
#6057=CARTESIAN_POINT('Ctrl Pts',(44.7333333333333,-22.5222222222222,6.37146063894529));
#6058=CARTESIAN_POINT('Ctrl Pts',(44.8378204139457,-22.7819887143001,6.55103864683818));
#6059=CARTESIAN_POINT('Ctrl Pts',(44.99759281234,-23.1031982654134,6.77519393384423));
#6060=CARTESIAN_POINT('Ctrl Pts',(44.9999991107245,-23.4959738709376,6.99765956815169));
#6061=CARTESIAN_POINT('Ctrl Pts',(45.,-23.4979723555657,6.99882933894505));
#6062=CARTESIAN_POINT('Ctrl Pts',(45.,-23.5,7.));
#6063=CARTESIAN_POINT('Ctrl Pts',(45.,-23.5,7.));
#6064=CARTESIAN_POINT('Ctrl Pts',(45.,-23.4989861777821,6.9982440084138));
#6065=CARTESIAN_POINT('Ctrl Pts',(45.,-23.4979702082924,6.99648935222754));
#6066=CARTESIAN_POINT('Ctrl Pts',(45.0000000000009,-23.3060922275212,6.66279090076864));
#6067=CARTESIAN_POINT('Ctrl Pts',(45.,-23.1054351057613,6.32655797025728));
#6068=CARTESIAN_POINT('Ctrl Pts',(45.,-22.8333333333333,6.05719095841794));
#6069=CARTESIAN_POINT('Ctrl Pts',(44.5,-21.375,6.));
#6070=CARTESIAN_POINT('Ctrl Pts',(44.5589030970216,-21.6646068936897,6.));
#6071=CARTESIAN_POINT('Ctrl Pts',(44.6176899537612,-21.953642272659,6.0594407714176));
#6072=CARTESIAN_POINT('Ctrl Pts',(44.6666666666667,-22.1944444444445,6.16852058071691));
#6073=CARTESIAN_POINT('Ctrl Pts',(44.6308996938996,-21.375,6.));
#6074=CARTESIAN_POINT('Ctrl Pts',(44.6800131040003,-21.6644416950089,5.98423070326208));
#6075=CARTESIAN_POINT('Ctrl Pts',(44.7261548786951,-21.9610458854612,6.03290227762848));
#6076=CARTESIAN_POINT('Ctrl Pts',(44.7633799723741,-22.2105633287291,6.13836490949194));
#6077=CARTESIAN_POINT('Ctrl Pts',(44.8915488710193,-21.375,5.89154887101933));
#6078=CARTESIAN_POINT('Ctrl Pts',(44.9087766993299,-21.6817086883298,5.86269994828839));
#6079=CARTESIAN_POINT('Ctrl Pts',(44.9233247758291,-22.0013792604441,5.90861111980747));
#6080=CARTESIAN_POINT('Ctrl Pts',(44.9347562698509,-22.2717479100498,6.0238990391643));
#6081=CARTESIAN_POINT('Ctrl Pts',(45.,-21.375,5.63089969389958));
#6082=CARTESIAN_POINT('Ctrl Pts',(44.9996799325699,-21.7225453839748,5.62098610796802));
#6083=CARTESIAN_POINT('Ctrl Pts',(45.0001337651309,-22.0741070452544,5.69584034262406));
#6084=CARTESIAN_POINT('Ctrl Pts',(45.,-22.368310013813,5.84324788475027));
#6085=CARTESIAN_POINT('Ctrl Pts',(45.,-21.375,5.5));
#6086=CARTESIAN_POINT('Ctrl Pts',(45.,-21.7431443563852,5.5));
#6087=CARTESIAN_POINT('Ctrl Pts',(45.,-22.1105622110072,5.58916115712639));
#6088=CARTESIAN_POINT('Ctrl Pts',(45.,-22.4166666666667,5.75278087107536));
#6089=CARTESIAN_POINT('Origin',(45.,-21.375,7.));
#6090=CARTESIAN_POINT('Origin',(44.5,-21.375,7.));
#6091=CARTESIAN_POINT('Origin',(37.8775010008172,-9.50000000000539,0.));
#6092=CARTESIAN_POINT('',(-36.5559027913179,-9.4999999999948,0.5));
#6093=CARTESIAN_POINT('',(-36.5559027913179,-9.4999999999948,0.));
#6094=CARTESIAN_POINT('',(15.5000000000048,-9.50000000000221,0.5));
#6095=CARTESIAN_POINT('',(18.9387505004079,-9.5000000000027,0.5));
#6096=CARTESIAN_POINT('',(15.5000000000048,-9.50000000000221,0.));
#6097=CARTESIAN_POINT('Origin',(-36.5559027913194,-19.4999999999948,0.));
#6098=CARTESIAN_POINT('',(-38.7779513956597,-9.7499999999974,0.5));
#6099=CARTESIAN_POINT('',(-38.7779513956597,-9.7499999999974,0.));
#6100=CARTESIAN_POINT('Origin',(-36.5559027913194,-19.4999999999948,0.5));
#6101=CARTESIAN_POINT('Origin',(-41.,-5.03541595753632E-15,0.));
#6102=CARTESIAN_POINT('',(-38.7779513956524,9.74999999999573,0.5));
#6103=CARTESIAN_POINT('',(-38.7779513956524,9.74999999999573,0.));
#6104=CARTESIAN_POINT('Origin',(-41.,-5.03541595753632E-15,0.5));
#6105=CARTESIAN_POINT('Origin',(-36.5559027913048,19.4999999999915,0.));
#6106=CARTESIAN_POINT('',(-36.5559027913024,9.49999999999146,0.5));
#6107=CARTESIAN_POINT('',(-36.5559027913024,9.49999999999146,0.));
#6108=CARTESIAN_POINT('Origin',(-36.5559027913048,19.4999999999915,0.5));
#6109=CARTESIAN_POINT('Origin',(-37.8775010008277,9.49999999999115,0.));
#6110=CARTESIAN_POINT('',(36.555902791382,9.50000000000854,0.5));
#6111=CARTESIAN_POINT('',(36.555902791382,9.50000000000854,0.));
#6112=CARTESIAN_POINT('',(-18.938750500415,9.49999999999558,0.5));
#6113=CARTESIAN_POINT('Origin',(36.5559027913797,19.5000000000085,0.));
#6114=CARTESIAN_POINT('',(38.7779513956899,9.75000000000427,0.5));
#6115=CARTESIAN_POINT('',(38.7779513956899,9.75000000000427,0.));
#6116=CARTESIAN_POINT('Origin',(36.5559027913797,19.5000000000085,0.5));
#6117=CARTESIAN_POINT('Origin',(41.,-5.03541595753632E-15,0.));
#6118=CARTESIAN_POINT('',(48.,-7.14142842854286,0.5));
#6119=CARTESIAN_POINT('',(48.,-7.14142842854286,0.));
#6120=CARTESIAN_POINT('Origin',(41.,-5.03541595753632E-15,0.5));
#6121=CARTESIAN_POINT('Origin',(55.,-14.2828568570857,0.));
#6122=CARTESIAN_POINT('',(45.,-14.2828568570857,0.5));
#6123=CARTESIAN_POINT('',(45.,-14.2828568570857,0.));
#6124=CARTESIAN_POINT('Origin',(55.,-14.2828568570857,0.5));
#6125=CARTESIAN_POINT('Origin',(45.,-9.16515138991168,0.));
#6126=CARTESIAN_POINT('',(45.,-23.5,11.9));
#6127=CARTESIAN_POINT('',(45.,-23.5,3.));
#6128=CARTESIAN_POINT('',(45.,-25.5,13.5));
#6129=CARTESIAN_POINT('',(45.,-16.4796963639829,6.28375709118633));
#6130=CARTESIAN_POINT('',(45.,-25.5,23.5));
#6131=CARTESIAN_POINT('',(45.,-25.5,9.25));
#6132=CARTESIAN_POINT('',(45.,-23.5,25.1));
#6133=CARTESIAN_POINT('',(45.,-24.7723792908122,24.0820965673502));
#6134=CARTESIAN_POINT('',(45.,-23.5,30.5));
#6135=CARTESIAN_POINT('',(45.,-23.5,3.));
#6136=CARTESIAN_POINT('',(45.,-26.,30.5));
#6137=CARTESIAN_POINT('',(45.,-12.8325756949559,30.5));
#6138=CARTESIAN_POINT('',(45.,-26.,0.5));
#6139=CARTESIAN_POINT('',(45.,-26.,0.));
#6140=CARTESIAN_POINT('',(45.,-4.58257569495586,0.5));
#6141=CARTESIAN_POINT('Origin',(44.,-23.5,7.));
#6142=CARTESIAN_POINT('',(44.6,-22.7,7.));
#6143=CARTESIAN_POINT('Origin',(45.2,-21.9,7.));
#6144=CARTESIAN_POINT('Origin',(44.,-23.5,7.));
#6145=CARTESIAN_POINT('Origin',(13.6799999999999,1.7399999999999,7.));
#6146=CARTESIAN_POINT('',(44.4,-22.55,7.));
#6147=CARTESIAN_POINT('Origin',(45.,-21.75,7.));
#6148=CARTESIAN_POINT('',(13.0799999999999,0.939999999999895,7.));
#6149=CARTESIAN_POINT('Origin',(-36.5559027913048,19.4999999999915,0.5));
#6150=CARTESIAN_POINT('',(-38.8890538258698,9.26249999999594,0.));
#6151=CARTESIAN_POINT('Origin',(-38.8890538258698,9.26249999999594,0.5));
#6152=CARTESIAN_POINT('',(-36.5559027913023,8.99999999999146,0.));
#6153=CARTESIAN_POINT('Origin',(-36.5559027913023,8.99999999999146,0.5));
#6154=CARTESIAN_POINT('Origin',(-36.5559027913048,19.4999999999915,0.));
#6155=CARTESIAN_POINT('Origin',(-18.9387505004149,8.99999999999558,0.5));
#6156=CARTESIAN_POINT('',(36.5559027913822,9.00000000000854,0.));
#6157=CARTESIAN_POINT('Origin',(36.5559027913822,9.00000000000854,0.5));
#6158=CARTESIAN_POINT('',(-18.9387505004149,8.99999999999558,0.));
#6159=CARTESIAN_POINT('Origin',(36.5559027913797,19.5000000000085,0.5));
#6160=CARTESIAN_POINT('',(38.8890538259054,9.26250000000406,0.));
#6161=CARTESIAN_POINT('Origin',(38.8890538259054,9.26250000000406,0.5));
#6162=CARTESIAN_POINT('Origin',(36.5559027913797,19.5000000000085,0.));
#6163=CARTESIAN_POINT('Origin',(41.,-5.03541595753632E-15,0.5));
#6164=CARTESIAN_POINT('',(47.65,-6.78435700711571,0.));
#6165=CARTESIAN_POINT('Origin',(47.65,-6.78435700711571,0.5));
#6166=CARTESIAN_POINT('Origin',(41.,-5.03541595753632E-15,0.));
#6167=CARTESIAN_POINT('Origin',(55.,-14.2828568570857,0.5));
#6168=CARTESIAN_POINT('',(44.5,-14.2828568570857,0.));
#6169=CARTESIAN_POINT('Origin',(44.5,-14.2828568570857,0.5));
#6170=CARTESIAN_POINT('Origin',(55.,-14.2828568570857,0.));
#6171=CARTESIAN_POINT('Origin',(44.5,-4.58257569495586,0.5));
#6172=CARTESIAN_POINT('',(44.5,-26.,0.));
#6173=CARTESIAN_POINT('Origin',(44.5,-26.,0.5));
#6174=CARTESIAN_POINT('',(44.5,-4.58257569495586,0.));
#6175=CARTESIAN_POINT('Ctrl Pts',(45.,-26.,0.5));
#6176=CARTESIAN_POINT('Ctrl Pts',(45.,-26.6180339887499,0.5));
#6177=CARTESIAN_POINT('Ctrl Pts',(44.4472135955,-26.894427191,0.5));
#6178=CARTESIAN_POINT('Ctrl Pts',(43.8944271909999,-27.17082039325,0.5));
#6179=CARTESIAN_POINT('Ctrl Pts',(43.4,-26.8,0.5));
#6180=CARTESIAN_POINT('Ctrl Pts',(45.,-26.,-1.06109990762556E-14));
#6181=CARTESIAN_POINT('Ctrl Pts',(45.,-26.6180339887499,-1.06109990762556E-14));
#6182=CARTESIAN_POINT('Ctrl Pts',(44.4472135955,-26.894427191,-1.06140441536317E-14));
#6183=CARTESIAN_POINT('Ctrl Pts',(43.8944271909999,-27.17082039325,-1.06170892310077E-14));
#6184=CARTESIAN_POINT('Ctrl Pts',(43.4,-26.8,-1.06198128310115E-14));
#6185=CARTESIAN_POINT('Ctrl Pts',(44.5,-26.,0.));
#6186=CARTESIAN_POINT('Ctrl Pts',(44.5,-26.309016994375,0.));
#6187=CARTESIAN_POINT('Ctrl Pts',(44.22360679775,-26.4472135955,0.));
#6188=CARTESIAN_POINT('Ctrl Pts',(43.9472135955,-26.585410196625,0.));
#6189=CARTESIAN_POINT('Ctrl Pts',(43.7,-26.4,0.));
#6190=CARTESIAN_POINT('',(43.4,-26.8,0.5));
#6191=CARTESIAN_POINT('',(43.7,-26.4,0.));
#6192=CARTESIAN_POINT('Origin',(43.7,-26.4,0.5));
#6193=CARTESIAN_POINT('Origin',(44.,-26.,0.));
#6194=CARTESIAN_POINT('Origin',(44.,-26.,0.5));
#6195=CARTESIAN_POINT('Origin',(24.1799999999999,-11.7600000000001,0.5));
#6196=CARTESIAN_POINT('',(24.2000000000027,-12.4000000000022,0.5));
#6197=CARTESIAN_POINT('',(24.5000000000027,-12.0000000000022,0.));
#6198=CARTESIAN_POINT('Origin',(24.5000000000027,-12.0000000000022,0.5));
#6199=CARTESIAN_POINT('',(24.1799999999999,-11.7600000000001,0.));
#6200=CARTESIAN_POINT('',(23.8799999999999,-12.1600000000001,0.5));
#6201=CARTESIAN_POINT('Origin',(15.5000000000028,-24.0000000000022,0.5));
#6202=CARTESIAN_POINT('',(15.5000000000049,-9.00000000000221,0.));
#6203=CARTESIAN_POINT('Origin',(15.5000000000049,-9.00000000000221,0.5));
#6204=CARTESIAN_POINT('Origin',(15.5000000000028,-24.0000000000022,0.));
#6205=CARTESIAN_POINT('Origin',(15.5000000000028,-24.0000000000022,0.5));
#6206=CARTESIAN_POINT('Origin',(18.938750500408,-9.0000000000027,0.5));
#6207=CARTESIAN_POINT('',(-36.5559027913179,-8.9999999999948,0.));
#6208=CARTESIAN_POINT('Origin',(-36.5559027913179,-8.9999999999948,0.5));
#6209=CARTESIAN_POINT('',(18.938750500408,-9.0000000000027,0.));
#6210=CARTESIAN_POINT('Origin',(-36.5559027913194,-19.4999999999948,0.5));
#6211=CARTESIAN_POINT('',(-38.8890538258767,-9.26249999999753,0.));
#6212=CARTESIAN_POINT('Origin',(-38.8890538258767,-9.26249999999753,0.5));
#6213=CARTESIAN_POINT('Origin',(-36.5559027913194,-19.4999999999948,0.));
#6214=CARTESIAN_POINT('Origin',(-41.,-5.03541595753632E-15,0.5));
#6215=CARTESIAN_POINT('Origin',(-41.,-5.03541595753632E-15,0.));
#6216=CARTESIAN_POINT('Origin',(0.,-4.44089209850063E-15,0.));
#6217=CARTESIAN_POINT('',(-37.,-4.54555723787738E-15,0.));
#6218=CARTESIAN_POINT('Origin',(-41.,-5.03541595753632E-15,0.));
#6219=CARTESIAN_POINT('',(45.,-4.54555723787738E-15,0.));
#6220=CARTESIAN_POINT('Origin',(41.,-5.03541595753632E-15,0.));
#6221=CARTESIAN_POINT('Origin',(-11.8729833462074,2.5,8.));
#6222=CARTESIAN_POINT('',(-11.8729833462074,6.87298334620742,6.));
#6223=CARTESIAN_POINT('',(-9.9364916731037,4.93649167310371,7.5));
#6224=CARTESIAN_POINT('Origin',(-11.8729833462074,6.87298334620742,8.));
#6225=CARTESIAN_POINT('',(-11.8729833462074,-6.87298334620742,6.));
#6226=CARTESIAN_POINT('',(-11.8729833462074,2.5,6.));
#6227=CARTESIAN_POINT('',(-9.93649167310371,-4.93649167310371,7.5));
#6228=CARTESIAN_POINT('Origin',(-11.8729833462074,-6.87298334620742,8.));
#6229=CARTESIAN_POINT('',(-9.9364916731037,2.5,7.5));
#6230=CARTESIAN_POINT('Origin',(-5.,-6.87298334620742,8.));
#6231=CARTESIAN_POINT('',(11.8729833462074,-6.87298334620742,6.));
#6232=CARTESIAN_POINT('',(9.93649167310371,-4.93649167310371,7.5));
#6233=CARTESIAN_POINT('Origin',(11.8729833462074,-6.87298334620742,8.));
#6234=CARTESIAN_POINT('',(-5.,-4.93649167310371,7.5));
#6235=CARTESIAN_POINT('',(-5.,-6.87298334620742,6.));
#6236=CARTESIAN_POINT('Origin',(0.,-4.44089209850063E-15,6.));
#6237=CARTESIAN_POINT('',(16.1333333333333,-7.6000000000001,6.));
#6238=CARTESIAN_POINT('',(23.2799999999999,-12.9600000000001,6.));
#6239=CARTESIAN_POINT('',(17.3333333333332,-4.0000000000001,6.));
#6240=CARTESIAN_POINT('Origin',(17.3333333333333,-6.0000000000001,6.));
#6241=CARTESIAN_POINT('',(20.6666666666666,-4.00000000000009,6.));
#6242=CARTESIAN_POINT('',(7.16666666666663,-4.00000000000014,6.));
#6243=CARTESIAN_POINT('',(21.8666666666666,-4.40000000000009,6.));
#6244=CARTESIAN_POINT('Origin',(20.6666666666666,-6.00000000000009,6.));
#6245=CARTESIAN_POINT('',(13.6799999999999,1.7399999999999,6.));
#6246=CARTESIAN_POINT('',(-37.,-5.52527467719526E-15,6.));
#6247=CARTESIAN_POINT('Origin',(-41.,-5.03541595753632E-15,6.));
#6248=CARTESIAN_POINT('',(45.,-5.52527467719526E-15,6.));
#6249=CARTESIAN_POINT('Origin',(41.,-5.03541595753632E-15,6.));
#6250=CARTESIAN_POINT('',(11.8729833462074,6.87298334620742,6.));
#6251=CARTESIAN_POINT('',(11.8729833462074,-2.49999999999999,6.));
#6252=CARTESIAN_POINT('',(5.,6.87298334620742,6.));
#6253=CARTESIAN_POINT('Origin',(5.,6.87298334620742,8.));
#6254=CARTESIAN_POINT('',(9.9364916731037,4.93649167310371,7.5));
#6255=CARTESIAN_POINT('',(5.,4.93649167310371,7.5));
#6256=CARTESIAN_POINT('Origin',(11.8729833462074,6.87298334620742,8.));
#6257=CARTESIAN_POINT('Origin',(11.8729833462074,-2.49999999999999,8.));
#6258=CARTESIAN_POINT('',(9.93649167310371,-2.49999999999999,7.5));
#6259=CARTESIAN_POINT('Origin',(-8.,2.5,7.));
#6260=CARTESIAN_POINT('',(-8.,-3.,9.));
#6261=CARTESIAN_POINT('Origin',(-8.,-3.,7.));
#6262=CARTESIAN_POINT('',(-8.,3.,9.));
#6263=CARTESIAN_POINT('',(-8.,2.5,9.));
#6264=CARTESIAN_POINT('Origin',(-8.,3.,7.));
#6265=CARTESIAN_POINT('Origin',(5.,3.,7.));
#6266=CARTESIAN_POINT('',(7.99999999999999,3.,9.));
#6267=CARTESIAN_POINT('',(5.,3.,9.));
#6268=CARTESIAN_POINT('Origin',(7.99999999999999,3.,7.));
#6269=CARTESIAN_POINT('Origin',(8.,-2.5,7.));
#6270=CARTESIAN_POINT('',(8.,-3.,9.));
#6271=CARTESIAN_POINT('',(8.,-2.5,9.));
#6272=CARTESIAN_POINT('Origin',(8.,-3.,7.));
#6273=CARTESIAN_POINT('Origin',(-5.,-3.,7.));
#6274=CARTESIAN_POINT('',(-5.,-3.,9.));
#6275=CARTESIAN_POINT('Origin',(4.44089209850063E-15,0.,9.));
#6276=CARTESIAN_POINT('Origin',(15.5000000000028,-24.0000000000022,0.));
#6277=CARTESIAN_POINT('',(24.2000000000027,-12.4000000000022,0.));
#6278=CARTESIAN_POINT('Origin',(45.,-28.,0.));
#6279=CARTESIAN_POINT('',(43.4,-26.8,30.5));
#6280=CARTESIAN_POINT('',(43.4,-26.8,0.));
#6281=CARTESIAN_POINT('',(16.7333333333333,-6.8000000000001,30.5));
#6282=CARTESIAN_POINT('',(37.3333333333333,-22.25,30.5));
#6283=CARTESIAN_POINT('',(16.7333333333333,-6.8000000000001,7.));
#6284=CARTESIAN_POINT('',(16.7333333333333,-6.8000000000001,3.));
#6285=CARTESIAN_POINT('',(23.8799999999999,-12.1600000000001,7.));
#6286=CARTESIAN_POINT('',(32.1043369119363,-18.3282526839523,18.4999999366701));
#6287=CARTESIAN_POINT('Origin',(33.8643369119363,-19.6482526839523,18.4999999366701));
#6288=CARTESIAN_POINT('Origin',(23.2799999999999,-12.9600000000001,7.));
#6289=CARTESIAN_POINT('Origin',(16.1333333333333,-7.6000000000001,7.));
#6290=CARTESIAN_POINT('Origin',(17.3333333333333,-6.0000000000001,7.));
#6291=CARTESIAN_POINT('',(17.3333333333333,-5.0000000000001,7.));
#6292=CARTESIAN_POINT('Origin',(17.3333333333332,-4.0000000000001,7.));
#6293=CARTESIAN_POINT('Origin',(17.3333333333333,-6.0000000000001,7.));
#6294=CARTESIAN_POINT('Origin',(7.16666666666663,-4.00000000000014,7.));
#6295=CARTESIAN_POINT('',(20.6666666666666,-5.00000000000009,7.));
#6296=CARTESIAN_POINT('Origin',(20.6666666666666,-4.00000000000009,7.));
#6297=CARTESIAN_POINT('',(7.16666666666663,-5.00000000000013,7.));
#6298=CARTESIAN_POINT('Origin',(20.6666666666666,-6.00000000000009,7.));
#6299=CARTESIAN_POINT('',(21.2666666666666,-5.20000000000009,7.));
#6300=CARTESIAN_POINT('Origin',(21.8666666666666,-4.40000000000009,7.));
#6301=CARTESIAN_POINT('Origin',(20.6666666666666,-6.00000000000009,7.));
#6302=CARTESIAN_POINT('Origin',(13.6799999999999,1.7399999999999,7.));
#6303=CARTESIAN_POINT('',(37.2060363875104,-17.1545272906329,7.));
#6304=CARTESIAN_POINT('',(13.0799999999999,0.939999999999895,7.));
#6305=CARTESIAN_POINT('',(39.3226374363621,-18.7419780772717,7.));
#6306=CARTESIAN_POINT('Ctrl Pts',(37.2060363875105,-17.1545272906329,6.99999999999999));
#6307=CARTESIAN_POINT('Ctrl Pts',(37.3374103960296,-17.2530577970222,6.85517376863365));
#6308=CARTESIAN_POINT('Ctrl Pts',(37.5185353972744,-17.354718483414,6.75756396020284));
#6309=CARTESIAN_POINT('Ctrl Pts',(37.9126118179219,-17.5944363456547,6.61984628053633));
#6310=CARTESIAN_POINT('Ctrl Pts',(38.127463232933,-17.7348947094074,6.58856217223384));
#6311=CARTESIAN_POINT('Ctrl Pts',(38.3174742152766,-17.8774029461652,6.58856217223384));
#6312=CARTESIAN_POINT('Ctrl Pts',(38.5074851976203,-18.0199111829229,6.58856217223384));
#6313=CARTESIAN_POINT('Ctrl Pts',(38.702483623026,-18.1868401994827,6.61984628053634));
#6314=CARTESIAN_POINT('Ctrl Pts',(39.0429541685584,-18.498032561877,6.75756396020285));
#6315=CARTESIAN_POINT('Ctrl Pts',(39.1912634278431,-18.6434475708823,6.85517376863365));
#6316=CARTESIAN_POINT('Ctrl Pts',(39.3226374363622,-18.7419780772717,6.99999999999999));
#6317=CARTESIAN_POINT('',(13.0799999999999,0.939999999999895,7.));
#6318=CARTESIAN_POINT('Origin',(17.3333333333333,-6.0000000000001,3.));
#6319=CARTESIAN_POINT('',(17.3333333333333,-5.0000000000001,30.5));
#6320=CARTESIAN_POINT('Origin',(17.3333333333333,-6.0000000000001,30.5));
#6321=CARTESIAN_POINT('',(17.3333333333333,-5.0000000000001,3.));
#6322=CARTESIAN_POINT('Origin',(14.3333333333333,-5.00000000000011,6.));
#6323=CARTESIAN_POINT('',(20.6666666666666,-5.00000000000009,30.5));
#6324=CARTESIAN_POINT('',(21.9999999999999,-5.00000000000009,30.5));
#6325=CARTESIAN_POINT('',(20.6666666666666,-5.00000000000009,6.));
#6326=CARTESIAN_POINT('Origin',(20.6666666666666,-6.00000000000009,6.));
#6327=CARTESIAN_POINT('',(21.2666666666666,-5.20000000000009,30.5));
#6328=CARTESIAN_POINT('Origin',(20.6666666666666,-6.00000000000009,30.5));
#6329=CARTESIAN_POINT('',(21.2666666666666,-5.20000000000009,6.));
#6330=CARTESIAN_POINT('Origin',(38.7143369119363,-17.3482526839523,8.5));
#6331=CARTESIAN_POINT('',(38.3188596397888,-16.5118922942591,8.5));
#6332=CARTESIAN_POINT('Origin',(38.9734180810159,-17.0028111251794,8.5));
#6333=CARTESIAN_POINT('',(36.6643369119363,-16.7482526839523,8.5));
#6334=CARTESIAN_POINT('',(37.7143369119363,-16.5982526839523,8.5));
#6335=CARTESIAN_POINT('Origin',(38.2643369119363,-17.9482526839523,8.5));
#6336=CARTESIAN_POINT('Origin',(38.2643369119363,-17.9482526839523,8.5));
#6337=CARTESIAN_POINT('Origin',(20.9999999999999,-5.00000000000008,6.));
#6338=CARTESIAN_POINT('',(38.2643369119363,-17.9482526839523,30.5));
#6339=CARTESIAN_POINT('',(26.5333333333333,-9.15000000000006,30.5));
#6340=CARTESIAN_POINT('',(36.6643369119363,-16.7482526839523,28.5));
#6341=CARTESIAN_POINT('Origin',(38.2643369119363,-17.9482526839523,28.5));
#6342=CARTESIAN_POINT('Origin',(38.2643369119363,-17.9482526839523,28.5));
#6343=CARTESIAN_POINT('',(44.6,-22.7,30.5));
#6344=CARTESIAN_POINT('',(26.5333333333333,-9.15000000000006,30.5));
#6345=CARTESIAN_POINT('',(44.6,-22.7,25.5));
#6346=CARTESIAN_POINT('',(44.6,-22.7,3.));
#6347=CARTESIAN_POINT('',(40.2643369119363,-19.4482526839523,25.5));
#6348=CARTESIAN_POINT('',(30.6321684559681,-12.2241263419762,25.5));
#6349=CARTESIAN_POINT('',(40.2643369119363,-19.4482526839523,11.5));
#6350=CARTESIAN_POINT('',(40.2643369119363,-19.4482526839523,8.75));
#6351=CARTESIAN_POINT('',(44.6,-22.7,11.5));
#6352=CARTESIAN_POINT('',(33.8321684559681,-14.6241263419762,11.5));
#6353=CARTESIAN_POINT('',(44.6,-22.7,3.));
#6354=CARTESIAN_POINT('',(34.1043369119363,-14.8282526839523,18.4999999366701));
#6355=CARTESIAN_POINT('Origin',(36.2643369119363,-16.4482526839523,18.4999999366701));
#6356=CARTESIAN_POINT('Ctrl Pts',(44.5,-23.5,31.));
#6357=CARTESIAN_POINT('Ctrl Pts',(44.5,-23.25,31.));
#6358=CARTESIAN_POINT('Ctrl Pts',(44.3,-23.1,31.));
#6359=CARTESIAN_POINT('Ctrl Pts',(45.,-23.5,31.));
#6360=CARTESIAN_POINT('Ctrl Pts',(45.,-23.,31.));
#6361=CARTESIAN_POINT('Ctrl Pts',(44.6,-22.7,31.));
#6362=CARTESIAN_POINT('Ctrl Pts',(45.,-23.5,30.5));
#6363=CARTESIAN_POINT('Ctrl Pts',(45.,-23.,30.5));
#6364=CARTESIAN_POINT('Ctrl Pts',(44.6,-22.7,30.5));
#6365=CARTESIAN_POINT('',(44.5,-23.5,31.));
#6366=CARTESIAN_POINT('Origin',(44.5,-23.5,30.5));
#6367=CARTESIAN_POINT('Origin',(44.,-23.5,30.5));
#6368=CARTESIAN_POINT('',(44.3,-23.1,31.));
#6369=CARTESIAN_POINT('Origin',(44.3,-23.1,30.5));
#6370=CARTESIAN_POINT('Origin',(44.,-23.5,31.));
#6371=CARTESIAN_POINT('Origin',(26.2333333333333,-9.55000000000006,30.5));
#6372=CARTESIAN_POINT('',(20.9666666666666,-5.60000000000009,31.));
#6373=CARTESIAN_POINT('Origin',(20.9666666666666,-5.60000000000009,30.5));
#6374=CARTESIAN_POINT('',(26.2333333333333,-9.55000000000006,31.));
#6375=CARTESIAN_POINT('Ctrl Pts',(20.9666666666666,-5.60000000000009,31.));
#6376=CARTESIAN_POINT('Ctrl Pts',(20.8333333333333,-5.50000000000009,31.));
#6377=CARTESIAN_POINT('Ctrl Pts',(20.6666666666666,-5.50000000000009,31.));
#6378=CARTESIAN_POINT('Ctrl Pts',(21.2666666666666,-5.20000000000009,31.));
#6379=CARTESIAN_POINT('Ctrl Pts',(20.9999999999999,-5.00000000000009,31.));
#6380=CARTESIAN_POINT('Ctrl Pts',(20.6666666666666,-5.00000000000009,31.));
#6381=CARTESIAN_POINT('Ctrl Pts',(21.2666666666666,-5.20000000000009,30.5));
#6382=CARTESIAN_POINT('Ctrl Pts',(20.9999999999999,-5.00000000000009,30.5));
#6383=CARTESIAN_POINT('Ctrl Pts',(20.6666666666666,-5.00000000000009,30.5));
#6384=CARTESIAN_POINT('',(20.6666666666666,-5.50000000000009,31.));
#6385=CARTESIAN_POINT('Origin',(20.6666666666666,-5.50000000000009,30.5));
#6386=CARTESIAN_POINT('Origin',(20.6666666666666,-6.00000000000009,31.));
#6387=CARTESIAN_POINT('Origin',(21.9999999999999,-5.50000000000009,30.5));
#6388=CARTESIAN_POINT('',(17.3333333333333,-5.5000000000001,31.));
#6389=CARTESIAN_POINT('Origin',(17.3333333333333,-5.5000000000001,30.5));
#6390=CARTESIAN_POINT('',(21.9999999999999,-5.50000000000009,31.));
#6391=CARTESIAN_POINT('Ctrl Pts',(17.3333333333333,-5.5000000000001,31.));
#6392=CARTESIAN_POINT('Ctrl Pts',(16.9729537233052,-5.5000000000001,31.));
#6393=CARTESIAN_POINT('Ctrl Pts',(16.858991684308,-5.84188611699168,31.));
#6394=CARTESIAN_POINT('Ctrl Pts',(16.7450296453108,-6.18377223398327,31.));
#6395=CARTESIAN_POINT('Ctrl Pts',(17.0333333333333,-6.4000000000001,31.));
#6396=CARTESIAN_POINT('Ctrl Pts',(17.3333333333333,-5.0000000000001,31.));
#6397=CARTESIAN_POINT('Ctrl Pts',(16.6125741132771,-5.0000000000001,31.));
#6398=CARTESIAN_POINT('Ctrl Pts',(16.3846500352827,-5.68377223398327,31.));
#6399=CARTESIAN_POINT('Ctrl Pts',(16.1567259572883,-6.36754446796643,31.));
#6400=CARTESIAN_POINT('Ctrl Pts',(16.7333333333333,-6.8000000000001,31.));
#6401=CARTESIAN_POINT('Ctrl Pts',(17.3333333333333,-5.0000000000001,30.5));
#6402=CARTESIAN_POINT('Ctrl Pts',(16.6125741132771,-5.0000000000001,30.5));
#6403=CARTESIAN_POINT('Ctrl Pts',(16.3846500352827,-5.68377223398327,30.5));
#6404=CARTESIAN_POINT('Ctrl Pts',(16.1567259572883,-6.36754446796643,30.5));
#6405=CARTESIAN_POINT('Ctrl Pts',(16.7333333333333,-6.8000000000001,30.5));
#6406=CARTESIAN_POINT('',(17.0333333333333,-6.4000000000001,31.));
#6407=CARTESIAN_POINT('Origin',(17.0333333333333,-6.4000000000001,30.5));
#6408=CARTESIAN_POINT('Origin',(17.3333333333333,-6.0000000000001,31.));
#6409=CARTESIAN_POINT('Origin',(37.6333333333333,-21.85,30.5));
#6410=CARTESIAN_POINT('',(43.7,-26.4,31.));
#6411=CARTESIAN_POINT('Origin',(43.7,-26.4,30.5));
#6412=CARTESIAN_POINT('',(37.6333333333333,-21.85,31.));
#6413=CARTESIAN_POINT('Ctrl Pts',(43.7,-26.4,31.));
#6414=CARTESIAN_POINT('Ctrl Pts',(43.9472135955,-26.585410196625,31.));
#6415=CARTESIAN_POINT('Ctrl Pts',(44.22360679775,-26.4472135955,31.));
#6416=CARTESIAN_POINT('Ctrl Pts',(44.5,-26.309016994375,31.));
#6417=CARTESIAN_POINT('Ctrl Pts',(44.5,-26.,31.));
#6418=CARTESIAN_POINT('Ctrl Pts',(43.4,-26.8,31.));
#6419=CARTESIAN_POINT('Ctrl Pts',(43.8944271909999,-27.17082039325,31.));
#6420=CARTESIAN_POINT('Ctrl Pts',(44.4472135955,-26.894427191,31.));
#6421=CARTESIAN_POINT('Ctrl Pts',(45.,-26.6180339887499,31.));
#6422=CARTESIAN_POINT('Ctrl Pts',(45.,-26.,31.));
#6423=CARTESIAN_POINT('Ctrl Pts',(43.4,-26.8,30.5));
#6424=CARTESIAN_POINT('Ctrl Pts',(43.8944271909999,-27.17082039325,30.5));
#6425=CARTESIAN_POINT('Ctrl Pts',(44.4472135955,-26.894427191,30.5));
#6426=CARTESIAN_POINT('Ctrl Pts',(45.,-26.6180339887499,30.5));
#6427=CARTESIAN_POINT('Ctrl Pts',(45.,-26.,30.5));
#6428=CARTESIAN_POINT('',(44.5,-26.,31.));
#6429=CARTESIAN_POINT('Origin',(44.5,-26.,30.5));
#6430=CARTESIAN_POINT('Origin',(44.,-26.,31.));
#6431=CARTESIAN_POINT('Origin',(44.,-26.,30.5));
#6432=CARTESIAN_POINT('Origin',(44.5,-12.8325756949559,30.5));
#6433=CARTESIAN_POINT('',(44.5,-12.8325756949559,31.));
#6434=CARTESIAN_POINT('Origin',(44.,-26.,0.));
#6435=CARTESIAN_POINT('Origin',(44.,-23.5,3.));
#6436=CARTESIAN_POINT('Origin',(44.,-23.5,24.5));
#6437=CARTESIAN_POINT('Origin',(29.6666666666666,-16.5,31.));
#6438=CARTESIAN_POINT('Origin',(36.1143369119363,-16.6482526839523,18.4999999366701));
#6439=CARTESIAN_POINT('',(34.2043369119362,-15.5282526839523,18.4999999366701));
#6440=CARTESIAN_POINT('',(34.1543369119363,-15.1782526839523,18.4999999366701));
#6441=CARTESIAN_POINT('Origin',(35.9643369119363,-16.8482526839523,18.4999999366701));
#6442=CARTESIAN_POINT('Origin',(36.2643369119363,-16.4482526839523,18.4999999366701));
#6443=CARTESIAN_POINT('',(34.5043369119363,-15.1282526839523,18.4999999366701));
#6444=CARTESIAN_POINT('Origin',(-41.,-5.03541595753632E-15,5.75));
#6445=CARTESIAN_POINT('',(-37.5,-4.60678957783474E-15,5.5));
#6446=CARTESIAN_POINT('',(-37.25,-5.49465850721657E-15,5.75));
#6447=CARTESIAN_POINT('Origin',(-41.,-5.03541595753632E-15,5.5));
#6448=CARTESIAN_POINT('Origin',(-41.,-5.03541595753632E-15,0.));
#6449=CARTESIAN_POINT('',(-37.5,-5.46404233723789E-15,0.5));
#6450=CARTESIAN_POINT('',(-37.5,-5.46404233723789E-15,0.));
#6451=CARTESIAN_POINT('Origin',(-41.,-5.03541595753632E-15,0.5));
#6452=CARTESIAN_POINT('Origin',(-41.,-5.03541595753632E-15,0.25));
#6453=CARTESIAN_POINT('',(-37.25,-5.49465850721657E-15,0.25));
#6454=CARTESIAN_POINT('Origin',(41.,-5.03541595753632E-15,0.25));
#6455=CARTESIAN_POINT('',(44.5,-5.46404233723789E-15,0.5));
#6456=CARTESIAN_POINT('Origin',(41.,-5.03541595753632E-15,0.5));
#6457=CARTESIAN_POINT('',(44.75,-5.49465850721658E-15,0.25));
#6458=CARTESIAN_POINT('Origin',(41.,-5.03541595753632E-15,0.));
#6459=CARTESIAN_POINT('',(44.5,-4.60678957783474E-15,5.5));
#6460=CARTESIAN_POINT('Origin',(41.,-5.03541595753632E-15,5.5));
#6461=CARTESIAN_POINT('',(44.5,-5.46404233723789E-15,0.));
#6462=CARTESIAN_POINT('Origin',(41.,-5.03541595753632E-15,5.75));
#6463=CARTESIAN_POINT('',(44.75,-5.49465850721658E-15,5.75));
#6464=CARTESIAN_POINT('Origin',(44.,-23.5,3.));
#6465=CARTESIAN_POINT('Origin',(44.,-23.5,12.5));
#6466=CARTESIAN_POINT('Origin',(41.2643369119363,-21.4482526839523,24.5));
#6467=CARTESIAN_POINT('',(40.6643369119363,-22.2482526839523,23.5));
#6468=CARTESIAN_POINT('',(40.6643369119363,-22.2482526839523,23.5));
#6469=CARTESIAN_POINT('',(40.8143369119363,-23.2982526839523,22.75));
#6470=CARTESIAN_POINT('Origin',(42.2643369119363,-23.4482526839523,18.5));
#6471=CARTESIAN_POINT('',(40.6643369119363,-22.2482526839523,13.5));
#6472=CARTESIAN_POINT('',(43.8643369119363,-24.6482526839523,13.5));
#6473=CARTESIAN_POINT('',(40.6643369119363,-22.2482526839523,15.));
#6474=CARTESIAN_POINT('Origin',(40.4643369119363,-20.8482526839523,15.));
#6475=CARTESIAN_POINT('',(40.7143369119363,-22.5982526839523,13.75));
#6476=CARTESIAN_POINT('Origin',(44.4643369119363,-23.8482526839522,12.5));
#6477=CARTESIAN_POINT('Origin',(39.0688774964761,-16.8755319045658,8.5));
#6478=CARTESIAN_POINT('',(39.1243369119363,-16.7182526839523,8.5));
#6479=CARTESIAN_POINT('',(38.7215982758625,-16.6150724891057,8.5));
#6480=CARTESIAN_POINT('Origin',(39.1643369119363,-16.7482526839523,8.5));
#6481=CARTESIAN_POINT('Origin',(39.1643369119363,-16.7482526839523,8.5));
#6482=CARTESIAN_POINT('Origin',(39.0688774964761,-16.8755319045659,28.5));
#6483=CARTESIAN_POINT('',(38.3188596397888,-16.5118922942591,28.5));
#6484=CARTESIAN_POINT('Origin',(38.9734180810159,-17.0028111251794,28.5));
#6485=CARTESIAN_POINT('',(39.1243369119363,-16.7182526839523,28.5));
#6486=CARTESIAN_POINT('',(38.7215982758625,-16.6150724891057,28.5));
#6487=CARTESIAN_POINT('Origin',(39.1643369119363,-16.7482526839523,28.5));
#6488=CARTESIAN_POINT('Origin',(38.7143369119363,-17.3482526839523,28.5));
#6489=CARTESIAN_POINT('',(37.7143369119363,-16.5982526839523,28.5));
#6490=CARTESIAN_POINT('Origin',(39.1643369119363,-16.7482526839523,28.5));
#6491=UNCERTAINTY_MEASURE_WITH_UNIT(LENGTH_MEASURE(0.01),#6495,
'DISTANCE_ACCURACY_VALUE',
'Maximum model space distance between geometric entities at asserted c
onnectivities');
#6492=UNCERTAINTY_MEASURE_WITH_UNIT(LENGTH_MEASURE(0.01),#6495,
'DISTANCE_ACCURACY_VALUE',
'Maximum model space distance between geometric entities at asserted c
onnectivities');
#6493=(
GEOMETRIC_REPRESENTATION_CONTEXT(3)
GLOBAL_UNCERTAINTY_ASSIGNED_CONTEXT((#6491))
GLOBAL_UNIT_ASSIGNED_CONTEXT((#6495,#6497,#6498))
REPRESENTATION_CONTEXT('','3D')
);
#6494=(
GEOMETRIC_REPRESENTATION_CONTEXT(3)
GLOBAL_UNCERTAINTY_ASSIGNED_CONTEXT((#6492))
GLOBAL_UNIT_ASSIGNED_CONTEXT((#6495,#6497,#6498))
REPRESENTATION_CONTEXT('','3D')
);
#6495=(
LENGTH_UNIT()
NAMED_UNIT(*)
SI_UNIT(.MILLI.,.METRE.)
);
#6496=(
LENGTH_UNIT()
NAMED_UNIT(*)
SI_UNIT($,.METRE.)
);
#6497=(
NAMED_UNIT(*)
PLANE_ANGLE_UNIT()
SI_UNIT($,.RADIAN.)
);
#6498=(
NAMED_UNIT(*)
SI_UNIT($,.STERADIAN.)
SOLID_ANGLE_UNIT()
);
#6499=SHAPE_DEFINITION_REPRESENTATION(#6500,#6501);
#6500=PRODUCT_DEFINITION_SHAPE('',$,#6503);
#6501=SHAPE_REPRESENTATION('',(#3334),#6493);
#6502=PRODUCT_DEFINITION_CONTEXT('part definition',#6507,'design');
#6503=PRODUCT_DEFINITION('BSC_Brake_Mounts','BSC_Brake_Mounts v11',#6504,
#6502);
#6504=PRODUCT_DEFINITION_FORMATION('',$,#6509);
#6505=PRODUCT_RELATED_PRODUCT_CATEGORY('BSC_Brake_Mounts v11',
'BSC_Brake_Mounts v11',(#6509));
#6506=APPLICATION_PROTOCOL_DEFINITION('international standard',
'automotive_design',2009,#6507);
#6507=APPLICATION_CONTEXT(
'Core Data for Automotive Mechanical Design Process');
#6508=PRODUCT_CONTEXT('part definition',#6507,'mechanical');
#6509=PRODUCT('BSC_Brake_Mounts','BSC_Brake_Mounts v11',$,(#6508));
#6510=PRESENTATION_STYLE_ASSIGNMENT((#6511));
#6511=SURFACE_STYLE_USAGE(.BOTH.,#6512);
#6512=SURFACE_SIDE_STYLE('',(#6513));
#6513=SURFACE_STYLE_FILL_AREA(#6514);
#6514=FILL_AREA_STYLE('Steel - Satin',(#6515));
#6515=FILL_AREA_STYLE_COLOUR('Steel - Satin',#6516);
#6516=COLOUR_RGB('Steel - Satin',0.627450980392157,0.627450980392157,0.627450980392157);
ENDSEC;
END-ISO-10303-21;
