ISO-10303-21;
HEADER;
/* Generated by software containing ST-Developer
 * from STEP Tools, Inc. (www.steptools.com) 
 */

FILE_DESCRIPTION(
/* description */ (''),
/* implementation_level */ '2;1');

FILE_NAME(
/* name */ 'Handlebar_Switch_Mount.step',
/* time_stamp */ '2026-01-11T21:18:50+01:00',
/* author */ (''),
/* organization */ (''),
/* preprocessor_version */ 'ST-DEVELOPER v20.1',
/* originating_system */ 'Autodesk Translation Framework v14.21.0.0',
/* authorisation */ '');

FILE_SCHEMA (('AUTOMOTIVE_DESIGN { 1 0 10303 214 3 1 1 }'));
ENDSEC;

DATA;
#10=MECHANICAL_DESIGN_GEOMETRIC_PRESENTATION_REPRESENTATION('',(#23,#24,
#25),#3262);
#11=ITEM_DEFINED_TRANSFORMATION($,$,#1923,#2109);
#12=ITEM_DEFINED_TRANSFORMATION($,$,#2020,#2110);
#13=(
REPRESENTATION_RELATIONSHIP($,$,#3276,#3275)
REPRESENTATION_RELATIONSHIP_WITH_TRANSFORMATION(#11)
SHAPE_REPRESENTATION_RELATIONSHIP()
);
#14=(
REPRESENTATION_RELATIONSHIP($,$,#3277,#3275)
REPRESENTATION_RELATIONSHIP_WITH_TRANSFORMATION(#12)
SHAPE_REPRESENTATION_RELATIONSHIP()
);
#15=CONTEXT_DEPENDENT_SHAPE_REPRESENTATION(#13,#3273);
#16=CONTEXT_DEPENDENT_SHAPE_REPRESENTATION(#14,#3274);
#17=NEXT_ASSEMBLY_USAGE_OCCURRENCE('Handlebar Clamp:1',
'Handlebar Clamp:1','Handlebar Clamp:1',#3279,#3280,'Handlebar Clamp:1');
#18=NEXT_ASSEMBLY_USAGE_OCCURRENCE('Switch Housing:1',
'Switch Housing:1','Switch Housing:1',#3279,#3281,'Switch Housing:1');
#19=SHAPE_REPRESENTATION_RELATIONSHIP('SRR','None',#3276,#21);
#20=SHAPE_REPRESENTATION_RELATIONSHIP('SRR','None',#3277,#22);
#21=ADVANCED_BREP_SHAPE_REPRESENTATION('',(#26,#27),#3260);
#22=ADVANCED_BREP_SHAPE_REPRESENTATION('',(#28),#3261);
#23=STYLED_ITEM('',(#3294),#26);
#24=STYLED_ITEM('',(#3294),#27);
#25=STYLED_ITEM('',(#3294),#28);
#26=MANIFOLD_SOLID_BREP('Body1',#1896);
#27=MANIFOLD_SOLID_BREP('Body2',#1897);
#28=MANIFOLD_SOLID_BREP('Body1',#1898);
#29=FACE_BOUND('',#280,.T.);
#30=FACE_BOUND('',#291,.T.);
#31=FACE_BOUND('',#294,.T.);
#32=FACE_BOUND('',#296,.T.);
#33=FACE_BOUND('',#312,.T.);
#34=FACE_BOUND('',#324,.T.);
#35=FACE_BOUND('',#327,.T.);
#36=FACE_BOUND('',#329,.T.);
#37=FACE_BOUND('',#373,.T.);
#38=FACE_BOUND('',#384,.T.);
#39=CYLINDRICAL_SURFACE('',#1940,6.);
#40=CYLINDRICAL_SURFACE('',#1960,6.);
#41=CYLINDRICAL_SURFACE('',#1963,16.);
#42=CYLINDRICAL_SURFACE('',#1968,1.75);
#43=CYLINDRICAL_SURFACE('',#1969,1.75);
#44=CYLINDRICAL_SURFACE('',#1970,11.);
#45=CYLINDRICAL_SURFACE('',#1988,6.);
#46=CYLINDRICAL_SURFACE('',#1994,16.);
#47=CYLINDRICAL_SURFACE('',#2009,6.);
#48=CYLINDRICAL_SURFACE('',#2012,11.);
#49=CYLINDRICAL_SURFACE('',#2017,2.2);
#50=CYLINDRICAL_SURFACE('',#2018,2.2);
#51=CYLINDRICAL_SURFACE('',#2086,4.);
#52=CYLINDRICAL_SURFACE('',#2094,4.);
#53=CYLINDRICAL_SURFACE('',#2098,6.);
#54=CYLINDRICAL_SURFACE('',#2099,5.25);
#55=CYLINDRICAL_SURFACE('',#2102,5.25);
#56=CYLINDRICAL_SURFACE('',#2104,1.);
#57=CYLINDRICAL_SURFACE('',#2105,2.5);
#58=CYLINDRICAL_SURFACE('',#2106,1.75);
#59=CIRCLE('',#1926,11.4);
#60=CIRCLE('',#1927,11.);
#61=CIRCLE('',#1930,6.);
#62=CIRCLE('',#1931,5.6);
#63=CIRCLE('',#1934,11.);
#64=CIRCLE('',#1935,11.4);
#65=CIRCLE('',#1937,6.);
#66=CIRCLE('',#1938,5.6);
#67=CIRCLE('',#1941,6.);
#68=CIRCLE('',#1943,15.6);
#69=CIRCLE('',#1945,1.75);
#70=CIRCLE('',#1948,15.6);
#71=CIRCLE('',#1949,16.);
#72=CIRCLE('',#1952,5.6);
#73=CIRCLE('',#1955,16.);
#74=CIRCLE('',#1957,6.);
#75=CIRCLE('',#1958,5.6);
#76=CIRCLE('',#1962,1.75);
#77=CIRCLE('',#1965,1.75);
#78=CIRCLE('',#1967,1.75);
#79=CIRCLE('',#1974,15.6);
#80=CIRCLE('',#1975,16.);
#81=CIRCLE('',#1978,6.);
#82=CIRCLE('',#1979,5.6);
#83=CIRCLE('',#1982,16.);
#84=CIRCLE('',#1983,15.6);
#85=CIRCLE('',#1985,6.);
#86=CIRCLE('',#1986,5.6);
#87=CIRCLE('',#1989,6.);
#88=CIRCLE('',#1991,11.4);
#89=CIRCLE('',#1993,2.2);
#90=CIRCLE('',#1997,11.4);
#91=CIRCLE('',#1998,11.);
#92=CIRCLE('',#2001,5.6);
#93=CIRCLE('',#2004,11.);
#94=CIRCLE('',#2006,6.);
#95=CIRCLE('',#2007,5.6);
#96=CIRCLE('',#2011,2.2);
#97=CIRCLE('',#2014,2.2);
#98=CIRCLE('',#2016,2.2);
#99=CIRCLE('',#2025,5.25);
#100=CIRCLE('',#2026,4.85);
#101=CIRCLE('',#2031,2.5);
#102=CIRCLE('',#2033,1.);
#103=CIRCLE('',#2036,1.);
#104=CIRCLE('',#2043,5.25);
#105=CIRCLE('',#2044,4.85);
#106=CIRCLE('',#2047,4.);
#107=CIRCLE('',#2048,3.6);
#108=CIRCLE('',#2052,6.);
#109=CIRCLE('',#2053,5.6);
#110=CIRCLE('',#2057,4.);
#111=CIRCLE('',#2058,3.6);
#112=CIRCLE('',#2061,5.25);
#113=CIRCLE('',#2062,4.85);
#114=CIRCLE('',#2065,5.25);
#115=CIRCLE('',#2066,4.85);
#116=CIRCLE('',#2069,4.);
#117=CIRCLE('',#2070,3.6);
#118=CIRCLE('',#2074,6.);
#119=CIRCLE('',#2075,5.6);
#120=CIRCLE('',#2079,4.);
#121=CIRCLE('',#2080,3.6);
#122=CIRCLE('',#2084,1.75);
#123=CIRCLE('',#2089,1.);
#124=CIRCLE('',#2091,2.5);
#125=CIRCLE('',#2097,1.75);
#126=CIRCLE('',#2101,2.5);
#127=CONICAL_SURFACE('',#1925,11.2,0.785398163397447);
#128=CONICAL_SURFACE('',#1929,5.8,0.785398163397448);
#129=CONICAL_SURFACE('',#1933,11.2,0.785398163397448);
#130=CONICAL_SURFACE('',#1936,5.8,0.785398163397448);
#131=CONICAL_SURFACE('',#1947,15.8,0.785398163397442);
#132=CONICAL_SURFACE('',#1951,5.8,0.785398163397448);
#133=CONICAL_SURFACE('',#1954,15.8,0.785398163397442);
#134=CONICAL_SURFACE('',#1956,5.8,0.785398163397446);
#135=CONICAL_SURFACE('',#1973,15.8,0.785398163397444);
#136=CONICAL_SURFACE('',#1977,5.8,0.785398163397447);
#137=CONICAL_SURFACE('',#1981,15.8,0.785398163397444);
#138=CONICAL_SURFACE('',#1984,5.8,0.785398163397444);
#139=CONICAL_SURFACE('',#1996,11.2,0.785398163397448);
#140=CONICAL_SURFACE('',#2000,5.8,0.785398163397447);
#141=CONICAL_SURFACE('',#2003,11.2,0.785398163397448);
#142=CONICAL_SURFACE('',#2005,5.8,0.785398163397445);
#143=CONICAL_SURFACE('',#2024,5.05,0.785398163397449);
#144=CONICAL_SURFACE('',#2042,5.05,0.785398163397449);
#145=CONICAL_SURFACE('',#2046,3.8,0.785398163397452);
#146=CONICAL_SURFACE('',#2051,5.8,0.785398163397453);
#147=CONICAL_SURFACE('',#2056,3.8,0.785398163397451);
#148=CONICAL_SURFACE('',#2060,5.05,0.785398163397449);
#149=CONICAL_SURFACE('',#2064,5.05,0.785398163397451);
#150=CONICAL_SURFACE('',#2068,3.8,0.785398163397451);
#151=CONICAL_SURFACE('',#2073,5.8,0.785398163397461);
#152=CONICAL_SURFACE('',#2078,3.8,0.785398163397449);
#153=FACE_OUTER_BOUND('',#269,.T.);
#154=FACE_OUTER_BOUND('',#270,.T.);
#155=FACE_OUTER_BOUND('',#271,.T.);
#156=FACE_OUTER_BOUND('',#272,.T.);
#157=FACE_OUTER_BOUND('',#273,.T.);
#158=FACE_OUTER_BOUND('',#274,.T.);
#159=FACE_OUTER_BOUND('',#275,.T.);
#160=FACE_OUTER_BOUND('',#276,.T.);
#161=FACE_OUTER_BOUND('',#277,.T.);
#162=FACE_OUTER_BOUND('',#278,.T.);
#163=FACE_OUTER_BOUND('',#279,.T.);
#164=FACE_OUTER_BOUND('',#281,.T.);
#165=FACE_OUTER_BOUND('',#282,.T.);
#166=FACE_OUTER_BOUND('',#283,.T.);
#167=FACE_OUTER_BOUND('',#284,.T.);
#168=FACE_OUTER_BOUND('',#285,.T.);
#169=FACE_OUTER_BOUND('',#286,.T.);
#170=FACE_OUTER_BOUND('',#287,.T.);
#171=FACE_OUTER_BOUND('',#288,.T.);
#172=FACE_OUTER_BOUND('',#289,.T.);
#173=FACE_OUTER_BOUND('',#290,.T.);
#174=FACE_OUTER_BOUND('',#292,.T.);
#175=FACE_OUTER_BOUND('',#293,.T.);
#176=FACE_OUTER_BOUND('',#295,.T.);
#177=FACE_OUTER_BOUND('',#297,.T.);
#178=FACE_OUTER_BOUND('',#298,.T.);
#179=FACE_OUTER_BOUND('',#299,.T.);
#180=FACE_OUTER_BOUND('',#300,.T.);
#181=FACE_OUTER_BOUND('',#301,.T.);
#182=FACE_OUTER_BOUND('',#302,.T.);
#183=FACE_OUTER_BOUND('',#303,.T.);
#184=FACE_OUTER_BOUND('',#304,.T.);
#185=FACE_OUTER_BOUND('',#305,.T.);
#186=FACE_OUTER_BOUND('',#306,.T.);
#187=FACE_OUTER_BOUND('',#307,.T.);
#188=FACE_OUTER_BOUND('',#308,.T.);
#189=FACE_OUTER_BOUND('',#309,.T.);
#190=FACE_OUTER_BOUND('',#310,.T.);
#191=FACE_OUTER_BOUND('',#311,.T.);
#192=FACE_OUTER_BOUND('',#313,.T.);
#193=FACE_OUTER_BOUND('',#314,.T.);
#194=FACE_OUTER_BOUND('',#315,.T.);
#195=FACE_OUTER_BOUND('',#316,.T.);
#196=FACE_OUTER_BOUND('',#317,.T.);
#197=FACE_OUTER_BOUND('',#318,.T.);
#198=FACE_OUTER_BOUND('',#319,.T.);
#199=FACE_OUTER_BOUND('',#320,.T.);
#200=FACE_OUTER_BOUND('',#321,.T.);
#201=FACE_OUTER_BOUND('',#322,.T.);
#202=FACE_OUTER_BOUND('',#323,.T.);
#203=FACE_OUTER_BOUND('',#325,.T.);
#204=FACE_OUTER_BOUND('',#326,.T.);
#205=FACE_OUTER_BOUND('',#328,.T.);
#206=FACE_OUTER_BOUND('',#330,.T.);
#207=FACE_OUTER_BOUND('',#331,.T.);
#208=FACE_OUTER_BOUND('',#332,.T.);
#209=FACE_OUTER_BOUND('',#333,.T.);
#210=FACE_OUTER_BOUND('',#334,.T.);
#211=FACE_OUTER_BOUND('',#335,.T.);
#212=FACE_OUTER_BOUND('',#336,.T.);
#213=FACE_OUTER_BOUND('',#337,.T.);
#214=FACE_OUTER_BOUND('',#338,.T.);
#215=FACE_OUTER_BOUND('',#339,.T.);
#216=FACE_OUTER_BOUND('',#340,.T.);
#217=FACE_OUTER_BOUND('',#341,.T.);
#218=FACE_OUTER_BOUND('',#342,.T.);
#219=FACE_OUTER_BOUND('',#343,.T.);
#220=FACE_OUTER_BOUND('',#344,.T.);
#221=FACE_OUTER_BOUND('',#345,.T.);
#222=FACE_OUTER_BOUND('',#346,.T.);
#223=FACE_OUTER_BOUND('',#347,.T.);
#224=FACE_OUTER_BOUND('',#348,.T.);
#225=FACE_OUTER_BOUND('',#349,.T.);
#226=FACE_OUTER_BOUND('',#350,.T.);
#227=FACE_OUTER_BOUND('',#351,.T.);
#228=FACE_OUTER_BOUND('',#352,.T.);
#229=FACE_OUTER_BOUND('',#353,.T.);
#230=FACE_OUTER_BOUND('',#354,.T.);
#231=FACE_OUTER_BOUND('',#355,.T.);
#232=FACE_OUTER_BOUND('',#356,.T.);
#233=FACE_OUTER_BOUND('',#357,.T.);
#234=FACE_OUTER_BOUND('',#358,.T.);
#235=FACE_OUTER_BOUND('',#359,.T.);
#236=FACE_OUTER_BOUND('',#360,.T.);
#237=FACE_OUTER_BOUND('',#361,.T.);
#238=FACE_OUTER_BOUND('',#362,.T.);
#239=FACE_OUTER_BOUND('',#363,.T.);
#240=FACE_OUTER_BOUND('',#364,.T.);
#241=FACE_OUTER_BOUND('',#365,.T.);
#242=FACE_OUTER_BOUND('',#366,.T.);
#243=FACE_OUTER_BOUND('',#367,.T.);
#244=FACE_OUTER_BOUND('',#368,.T.);
#245=FACE_OUTER_BOUND('',#369,.T.);
#246=FACE_OUTER_BOUND('',#370,.T.);
#247=FACE_OUTER_BOUND('',#371,.T.);
#248=FACE_OUTER_BOUND('',#372,.T.);
#249=FACE_OUTER_BOUND('',#374,.T.);
#250=FACE_OUTER_BOUND('',#375,.T.);
#251=FACE_OUTER_BOUND('',#376,.T.);
#252=FACE_OUTER_BOUND('',#377,.T.);
#253=FACE_OUTER_BOUND('',#378,.T.);
#254=FACE_OUTER_BOUND('',#379,.T.);
#255=FACE_OUTER_BOUND('',#380,.T.);
#256=FACE_OUTER_BOUND('',#381,.T.);
#257=FACE_OUTER_BOUND('',#382,.T.);
#258=FACE_OUTER_BOUND('',#383,.T.);
#259=FACE_OUTER_BOUND('',#385,.T.);
#260=FACE_OUTER_BOUND('',#386,.T.);
#261=FACE_OUTER_BOUND('',#387,.T.);
#262=FACE_OUTER_BOUND('',#388,.T.);
#263=FACE_OUTER_BOUND('',#389,.T.);
#264=FACE_OUTER_BOUND('',#390,.T.);
#265=FACE_OUTER_BOUND('',#391,.T.);
#266=FACE_OUTER_BOUND('',#392,.T.);
#267=FACE_OUTER_BOUND('',#393,.T.);
#268=FACE_OUTER_BOUND('',#394,.T.);
#269=EDGE_LOOP('',(#1184,#1185,#1186,#1187));
#270=EDGE_LOOP('',(#1188,#1189,#1190,#1191));
#271=EDGE_LOOP('',(#1192,#1193,#1194,#1195));
#272=EDGE_LOOP('',(#1196,#1197,#1198,#1199));
#273=EDGE_LOOP('',(#1200,#1201,#1202,#1203));
#274=EDGE_LOOP('',(#1204,#1205,#1206,#1207));
#275=EDGE_LOOP('',(#1208,#1209,#1210,#1211));
#276=EDGE_LOOP('',(#1212,#1213,#1214,#1215));
#277=EDGE_LOOP('',(#1216,#1217,#1218,#1219));
#278=EDGE_LOOP('',(#1220,#1221,#1222,#1223,#1224,#1225,#1226,#1227));
#279=EDGE_LOOP('',(#1228,#1229,#1230,#1231));
#280=EDGE_LOOP('',(#1232));
#281=EDGE_LOOP('',(#1233,#1234,#1235,#1236));
#282=EDGE_LOOP('',(#1237,#1238,#1239,#1240));
#283=EDGE_LOOP('',(#1241,#1242,#1243,#1244));
#284=EDGE_LOOP('',(#1245,#1246,#1247,#1248));
#285=EDGE_LOOP('',(#1249,#1250,#1251,#1252));
#286=EDGE_LOOP('',(#1253,#1254,#1255,#1256));
#287=EDGE_LOOP('',(#1257,#1258,#1259,#1260));
#288=EDGE_LOOP('',(#1261,#1262,#1263,#1264));
#289=EDGE_LOOP('',(#1265,#1266,#1267,#1268));
#290=EDGE_LOOP('',(#1269,#1270,#1271,#1272));
#291=EDGE_LOOP('',(#1273));
#292=EDGE_LOOP('',(#1274,#1275,#1276,#1277));
#293=EDGE_LOOP('',(#1278,#1279,#1280,#1281));
#294=EDGE_LOOP('',(#1282));
#295=EDGE_LOOP('',(#1283,#1284,#1285,#1286));
#296=EDGE_LOOP('',(#1287));
#297=EDGE_LOOP('',(#1288,#1289,#1290,#1291));
#298=EDGE_LOOP('',(#1292,#1293,#1294,#1295));
#299=EDGE_LOOP('',(#1296,#1297,#1298,#1299));
#300=EDGE_LOOP('',(#1300,#1301,#1302,#1303,#1304,#1305,#1306,#1307));
#301=EDGE_LOOP('',(#1308,#1309,#1310,#1311));
#302=EDGE_LOOP('',(#1312,#1313,#1314,#1315));
#303=EDGE_LOOP('',(#1316,#1317,#1318,#1319));
#304=EDGE_LOOP('',(#1320,#1321,#1322,#1323));
#305=EDGE_LOOP('',(#1324,#1325,#1326,#1327));
#306=EDGE_LOOP('',(#1328,#1329,#1330,#1331));
#307=EDGE_LOOP('',(#1332,#1333,#1334,#1335));
#308=EDGE_LOOP('',(#1336,#1337,#1338,#1339));
#309=EDGE_LOOP('',(#1340,#1341,#1342,#1343));
#310=EDGE_LOOP('',(#1344,#1345,#1346,#1347,#1348,#1349,#1350,#1351));
#311=EDGE_LOOP('',(#1352,#1353,#1354,#1355));
#312=EDGE_LOOP('',(#1356));
#313=EDGE_LOOP('',(#1357,#1358,#1359,#1360));
#314=EDGE_LOOP('',(#1361,#1362,#1363,#1364));
#315=EDGE_LOOP('',(#1365,#1366,#1367,#1368));
#316=EDGE_LOOP('',(#1369,#1370,#1371,#1372));
#317=EDGE_LOOP('',(#1373,#1374,#1375,#1376));
#318=EDGE_LOOP('',(#1377,#1378,#1379,#1380));
#319=EDGE_LOOP('',(#1381,#1382,#1383,#1384));
#320=EDGE_LOOP('',(#1385,#1386,#1387,#1388));
#321=EDGE_LOOP('',(#1389,#1390,#1391,#1392));
#322=EDGE_LOOP('',(#1393,#1394,#1395,#1396));
#323=EDGE_LOOP('',(#1397,#1398,#1399,#1400));
#324=EDGE_LOOP('',(#1401));
#325=EDGE_LOOP('',(#1402,#1403,#1404,#1405));
#326=EDGE_LOOP('',(#1406,#1407,#1408,#1409));
#327=EDGE_LOOP('',(#1410));
#328=EDGE_LOOP('',(#1411,#1412,#1413,#1414));
#329=EDGE_LOOP('',(#1415));
#330=EDGE_LOOP('',(#1416,#1417,#1418,#1419));
#331=EDGE_LOOP('',(#1420,#1421,#1422,#1423));
#332=EDGE_LOOP('',(#1424,#1425,#1426,#1427,#1428,#1429,#1430,#1431));
#333=EDGE_LOOP('',(#1432,#1433,#1434,#1435));
#334=EDGE_LOOP('',(#1436,#1437,#1438,#1439));
#335=EDGE_LOOP('',(#1440,#1441,#1442,#1443));
#336=EDGE_LOOP('',(#1444,#1445,#1446,#1447));
#337=EDGE_LOOP('',(#1448,#1449,#1450,#1451));
#338=EDGE_LOOP('',(#1452,#1453,#1454,#1455));
#339=EDGE_LOOP('',(#1456,#1457,#1458,#1459));
#340=EDGE_LOOP('',(#1460,#1461,#1462,#1463,#1464));
#341=EDGE_LOOP('',(#1465,#1466,#1467,#1468,#1469));
#342=EDGE_LOOP('',(#1470,#1471,#1472,#1473));
#343=EDGE_LOOP('',(#1474,#1475,#1476,#1477,#1478,#1479));
#344=EDGE_LOOP('',(#1480,#1481,#1482,#1483,#1484,#1485,#1486));
#345=EDGE_LOOP('',(#1487,#1488,#1489,#1490));
#346=EDGE_LOOP('',(#1491,#1492,#1493,#1494));
#347=EDGE_LOOP('',(#1495,#1496,#1497,#1498));
#348=EDGE_LOOP('',(#1499,#1500,#1501,#1502));
#349=EDGE_LOOP('',(#1503,#1504,#1505,#1506));
#350=EDGE_LOOP('',(#1507,#1508,#1509,#1510));
#351=EDGE_LOOP('',(#1511,#1512,#1513,#1514));
#352=EDGE_LOOP('',(#1515,#1516,#1517,#1518));
#353=EDGE_LOOP('',(#1519,#1520,#1521,#1522));
#354=EDGE_LOOP('',(#1523,#1524,#1525,#1526));
#355=EDGE_LOOP('',(#1527,#1528,#1529,#1530));
#356=EDGE_LOOP('',(#1531,#1532,#1533,#1534));
#357=EDGE_LOOP('',(#1535,#1536,#1537,#1538));
#358=EDGE_LOOP('',(#1539,#1540,#1541,#1542));
#359=EDGE_LOOP('',(#1543,#1544,#1545,#1546));
#360=EDGE_LOOP('',(#1547,#1548,#1549,#1550));
#361=EDGE_LOOP('',(#1551,#1552,#1553,#1554));
#362=EDGE_LOOP('',(#1555,#1556,#1557,#1558));
#363=EDGE_LOOP('',(#1559,#1560,#1561,#1562));
#364=EDGE_LOOP('',(#1563,#1564,#1565,#1566));
#365=EDGE_LOOP('',(#1567,#1568,#1569,#1570));
#366=EDGE_LOOP('',(#1571,#1572,#1573,#1574));
#367=EDGE_LOOP('',(#1575,#1576,#1577,#1578));
#368=EDGE_LOOP('',(#1579,#1580,#1581,#1582));
#369=EDGE_LOOP('',(#1583,#1584,#1585,#1586));
#370=EDGE_LOOP('',(#1587,#1588,#1589,#1590));
#371=EDGE_LOOP('',(#1591,#1592,#1593,#1594,#1595,#1596,#1597,#1598,#1599,
#1600,#1601,#1602));
#372=EDGE_LOOP('',(#1603,#1604,#1605,#1606));
#373=EDGE_LOOP('',(#1607));
#374=EDGE_LOOP('',(#1608,#1609,#1610,#1611));
#375=EDGE_LOOP('',(#1612,#1613,#1614,#1615,#1616));
#376=EDGE_LOOP('',(#1617,#1618,#1619,#1620));
#377=EDGE_LOOP('',(#1621,#1622,#1623,#1624,#1625));
#378=EDGE_LOOP('',(#1626,#1627,#1628,#1629,#1630));
#379=EDGE_LOOP('',(#1631,#1632,#1633,#1634));
#380=EDGE_LOOP('',(#1635,#1636,#1637,#1638,#1639,#1640,#1641,#1642,#1643,
#1644,#1645,#1646,#1647,#1648));
#381=EDGE_LOOP('',(#1649,#1650,#1651,#1652));
#382=EDGE_LOOP('',(#1653,#1654,#1655,#1656));
#383=EDGE_LOOP('',(#1657,#1658,#1659,#1660));
#384=EDGE_LOOP('',(#1661));
#385=EDGE_LOOP('',(#1662,#1663,#1664,#1665));
#386=EDGE_LOOP('',(#1666,#1667,#1668,#1669));
#387=EDGE_LOOP('',(#1670,#1671,#1672,#1673,#1674,#1675,#1676,#1677));
#388=EDGE_LOOP('',(#1678,#1679,#1680,#1681));
#389=EDGE_LOOP('',(#1682,#1683,#1684,#1685,#1686));
#390=EDGE_LOOP('',(#1687,#1688,#1689,#1690,#1691,#1692));
#391=EDGE_LOOP('',(#1693,#1694,#1695,#1696,#1697));
#392=EDGE_LOOP('',(#1698,#1699,#1700,#1701));
#393=EDGE_LOOP('',(#1702,#1703,#1704,#1705));
#394=EDGE_LOOP('',(#1706,#1707,#1708,#1709));
#395=B_SPLINE_CURVE_WITH_KNOTS('',3,(#2677,#2678,#2679,#2680),
 .UNSPECIFIED.,.F.,.F.,(4,4),(0.,0.0639373853260035),.UNSPECIFIED.);
#396=B_SPLINE_CURVE_WITH_KNOTS('',3,(#2686,#2687,#2688,#2689),
 .UNSPECIFIED.,.F.,.F.,(4,4),(0.,0.0670030405866464),.UNSPECIFIED.);
#397=B_SPLINE_CURVE_WITH_KNOTS('',3,(#2692,#2693,#2694,#2695),
 .UNSPECIFIED.,.F.,.F.,(4,4),(0.,0.0639373243584712),.UNSPECIFIED.);
#398=B_SPLINE_CURVE_WITH_KNOTS('',3,(#2713,#2714,#2715,#2716),
 .UNSPECIFIED.,.F.,.F.,(4,4),(0.,0.0670030405867307),.UNSPECIFIED.);
#399=B_SPLINE_CURVE_WITH_KNOTS('',3,(#2755,#2756,#2757,#2758),
 .UNSPECIFIED.,.F.,.F.,(4,4),(-0.0611714999677405,0.),.UNSPECIFIED.);
#400=B_SPLINE_CURVE_WITH_KNOTS('',3,(#2763,#2764,#2765,#2766),
 .UNSPECIFIED.,.F.,.F.,(4,4),(-0.0627717863591964,0.),.UNSPECIFIED.);
#401=B_SPLINE_CURVE_WITH_KNOTS('',3,(#2773,#2774,#2775,#2776),
 .UNSPECIFIED.,.F.,.F.,(4,4),(-0.0627717863592293,0.),.UNSPECIFIED.);
#402=B_SPLINE_CURVE_WITH_KNOTS('',3,(#2787,#2788,#2789,#2790),
 .UNSPECIFIED.,.F.,.F.,(4,4),(-0.0611714999676858,0.),.UNSPECIFIED.);
#403=B_SPLINE_CURVE_WITH_KNOTS('',3,(#2827,#2828,#2829,#2830),
 .UNSPECIFIED.,.F.,.F.,(4,4),(-0.0627717863591006,0.),.UNSPECIFIED.);
#404=B_SPLINE_CURVE_WITH_KNOTS('',3,(#2835,#2836,#2837,#2838),
 .UNSPECIFIED.,.F.,.F.,(4,4),(-0.0611714999676336,0.),.UNSPECIFIED.);
#405=B_SPLINE_CURVE_WITH_KNOTS('',3,(#2848,#2849,#2850,#2851),
 .UNSPECIFIED.,.F.,.F.,(4,4),(-0.0611714999677009,0.),.UNSPECIFIED.);
#406=B_SPLINE_CURVE_WITH_KNOTS('',3,(#2866,#2867,#2868,#2869),
 .UNSPECIFIED.,.F.,.F.,(4,4),(-0.0627717863589438,0.),.UNSPECIFIED.);
#407=B_SPLINE_CURVE_WITH_KNOTS('',3,(#2907,#2908,#2909,#2910),
 .UNSPECIFIED.,.F.,.F.,(4,4),(0.,0.0639373243584346),.UNSPECIFIED.);
#408=B_SPLINE_CURVE_WITH_KNOTS('',3,(#2915,#2916,#2917,#2918),
 .UNSPECIFIED.,.F.,.F.,(4,4),(0.,0.0670030405866663),.UNSPECIFIED.);
#409=B_SPLINE_CURVE_WITH_KNOTS('',3,(#2925,#2926,#2927,#2928),
 .UNSPECIFIED.,.F.,.F.,(4,4),(0.,0.0670030405867445),.UNSPECIFIED.);
#410=B_SPLINE_CURVE_WITH_KNOTS('',3,(#2939,#2940,#2941,#2942),
 .UNSPECIFIED.,.F.,.F.,(4,4),(0.,0.0639373243582676),.UNSPECIFIED.);
#411=B_SPLINE_CURVE_WITH_KNOTS('',3,(#3058,#3059,#3060,#3061),
 .UNSPECIFIED.,.F.,.F.,(4,4),(0.,0.070503216445091),.UNSPECIFIED.);
#412=LINE('',#2672,#590);
#413=LINE('',#2674,#591);
#414=LINE('',#2676,#592);
#415=LINE('',#2698,#593);
#416=LINE('',#2700,#594);
#417=LINE('',#2701,#595);
#418=LINE('',#2706,#596);
#419=LINE('',#2710,#597);
#420=LINE('',#2712,#598);
#421=LINE('',#2724,#599);
#422=LINE('',#2727,#600);
#423=LINE('',#2728,#601);
#424=LINE('',#2731,#602);
#425=LINE('',#2734,#603);
#426=LINE('',#2737,#604);
#427=LINE('',#2739,#605);
#428=LINE('',#2742,#606);
#429=LINE('',#2744,#607);
#430=LINE('',#2750,#608);
#431=LINE('',#2752,#609);
#432=LINE('',#2754,#610);
#433=LINE('',#2771,#611);
#434=LINE('',#2772,#612);
#435=LINE('',#2779,#613);
#436=LINE('',#2782,#614);
#437=LINE('',#2783,#615);
#438=LINE('',#2793,#616);
#439=LINE('',#2797,#617);
#440=LINE('',#2799,#618);
#441=LINE('',#2801,#619);
#442=LINE('',#2805,#620);
#443=LINE('',#2807,#621);
#444=LINE('',#2814,#622);
#445=LINE('',#2816,#623);
#446=LINE('',#2822,#624);
#447=LINE('',#2824,#625);
#448=LINE('',#2826,#626);
#449=LINE('',#2843,#627);
#450=LINE('',#2845,#628);
#451=LINE('',#2847,#629);
#452=LINE('',#2855,#630);
#453=LINE('',#2859,#631);
#454=LINE('',#2860,#632);
#455=LINE('',#2873,#633);
#456=LINE('',#2877,#634);
#457=LINE('',#2878,#635);
#458=LINE('',#2881,#636);
#459=LINE('',#2884,#637);
#460=LINE('',#2887,#638);
#461=LINE('',#2889,#639);
#462=LINE('',#2892,#640);
#463=LINE('',#2894,#641);
#464=LINE('',#2898,#642);
#465=LINE('',#2902,#643);
#466=LINE('',#2904,#644);
#467=LINE('',#2906,#645);
#468=LINE('',#2923,#646);
#469=LINE('',#2924,#647);
#470=LINE('',#2931,#648);
#471=LINE('',#2934,#649);
#472=LINE('',#2935,#650);
#473=LINE('',#2945,#651);
#474=LINE('',#2949,#652);
#475=LINE('',#2951,#653);
#476=LINE('',#2953,#654);
#477=LINE('',#2957,#655);
#478=LINE('',#2965,#656);
#479=LINE('',#2967,#657);
#480=LINE('',#2973,#658);
#481=LINE('',#2975,#659);
#482=LINE('',#2977,#660);
#483=LINE('',#2978,#661);
#484=LINE('',#2981,#662);
#485=LINE('',#2983,#663);
#486=LINE('',#2984,#664);
#487=LINE('',#2988,#665);
#488=LINE('',#2990,#666);
#489=LINE('',#2992,#667);
#490=LINE('',#2993,#668);
#491=LINE('',#2997,#669);
#492=LINE('',#3002,#670);
#493=LINE('',#3004,#671);
#494=LINE('',#3005,#672);
#495=LINE('',#3007,#673);
#496=LINE('',#3008,#674);
#497=LINE('',#3010,#675);
#498=LINE('',#3011,#676);
#499=LINE('',#3014,#677);
#500=LINE('',#3016,#678);
#501=LINE('',#3019,#679);
#502=LINE('',#3022,#680);
#503=LINE('',#3025,#681);
#504=LINE('',#3028,#682);
#505=LINE('',#3029,#683);
#506=LINE('',#3032,#684);
#507=LINE('',#3034,#685);
#508=LINE('',#3036,#686);
#509=LINE('',#3042,#687);
#510=LINE('',#3044,#688);
#511=LINE('',#3046,#689);
#512=LINE('',#3047,#690);
#513=LINE('',#3050,#691);
#514=LINE('',#3052,#692);
#515=LINE('',#3053,#693);
#516=LINE('',#3056,#694);
#517=LINE('',#3062,#695);
#518=LINE('',#3066,#696);
#519=LINE('',#3068,#697);
#520=LINE('',#3070,#698);
#521=LINE('',#3071,#699);
#522=LINE('',#3075,#700);
#523=LINE('',#3081,#701);
#524=LINE('',#3082,#702);
#525=LINE('',#3083,#703);
#526=LINE('',#3087,#704);
#527=LINE('',#3092,#705);
#528=LINE('',#3094,#706);
#529=LINE('',#3095,#707);
#530=LINE('',#3098,#708);
#531=LINE('',#3100,#709);
#532=LINE('',#3101,#710);
#533=LINE('',#3106,#711);
#534=LINE('',#3110,#712);
#535=LINE('',#3112,#713);
#536=LINE('',#3113,#714);
#537=LINE('',#3116,#715);
#538=LINE('',#3118,#716);
#539=LINE('',#3119,#717);
#540=LINE('',#3123,#718);
#541=LINE('',#3129,#719);
#542=LINE('',#3130,#720);
#543=LINE('',#3131,#721);
#544=LINE('',#3135,#722);
#545=LINE('',#3141,#723);
#546=LINE('',#3142,#724);
#547=LINE('',#3143,#725);
#548=LINE('',#3146,#726);
#549=LINE('',#3151,#727);
#550=LINE('',#3152,#728);
#551=LINE('',#3156,#729);
#552=LINE('',#3161,#730);
#553=LINE('',#3163,#731);
#554=LINE('',#3164,#732);
#555=LINE('',#3167,#733);
#556=LINE('',#3169,#734);
#557=LINE('',#3170,#735);
#558=LINE('',#3175,#736);
#559=LINE('',#3179,#737);
#560=LINE('',#3181,#738);
#561=LINE('',#3182,#739);
#562=LINE('',#3185,#740);
#563=LINE('',#3187,#741);
#564=LINE('',#3188,#742);
#565=LINE('',#3193,#743);
#566=LINE('',#3194,#744);
#567=LINE('',#3196,#745);
#568=LINE('',#3198,#746);
#569=LINE('',#3202,#747);
#570=LINE('',#3204,#748);
#571=LINE('',#3207,#749);
#572=LINE('',#3208,#750);
#573=LINE('',#3211,#751);
#574=LINE('',#3213,#752);
#575=LINE('',#3217,#753);
#576=LINE('',#3219,#754);
#577=LINE('',#3222,#755);
#578=LINE('',#3223,#756);
#579=LINE('',#3225,#757);
#580=LINE('',#3227,#758);
#581=LINE('',#3228,#759);
#582=LINE('',#3230,#760);
#583=LINE('',#3232,#761);
#584=LINE('',#3237,#762);
#585=LINE('',#3240,#763);
#586=LINE('',#3242,#764);
#587=LINE('',#3245,#765);
#588=LINE('',#3248,#766);
#589=LINE('',#3250,#767);
#590=VECTOR('',#2117,10.);
#591=VECTOR('',#2118,10.);
#592=VECTOR('',#2119,10.);
#593=VECTOR('',#2128,10.);
#594=VECTOR('',#2129,10.);
#595=VECTOR('',#2130,10.);
#596=VECTOR('',#2135,10.);
#597=VECTOR('',#2140,10.);
#598=VECTOR('',#2141,10.);
#599=VECTOR('',#2152,10.);
#600=VECTOR('',#2157,10.);
#601=VECTOR('',#2158,10.);
#602=VECTOR('',#2161,10.);
#603=VECTOR('',#2164,10.);
#604=VECTOR('',#2167,10.);
#605=VECTOR('',#2168,10.);
#606=VECTOR('',#2171,10.);
#607=VECTOR('',#2174,10.);
#608=VECTOR('',#2179,10.);
#609=VECTOR('',#2180,10.);
#610=VECTOR('',#2181,10.);
#611=VECTOR('',#2190,10.);
#612=VECTOR('',#2191,10.);
#613=VECTOR('',#2194,10.);
#614=VECTOR('',#2199,10.);
#615=VECTOR('',#2200,10.);
#616=VECTOR('',#2207,10.);
#617=VECTOR('',#2214,10.);
#618=VECTOR('',#2217,10.);
#619=VECTOR('',#2220,10.);
#620=VECTOR('',#2225,10.);
#621=VECTOR('',#2228,10.);
#622=VECTOR('',#2237,1.75);
#623=VECTOR('',#2240,1.75);
#624=VECTOR('',#2247,10.);
#625=VECTOR('',#2248,10.);
#626=VECTOR('',#2249,10.);
#627=VECTOR('',#2258,10.);
#628=VECTOR('',#2259,10.);
#629=VECTOR('',#2260,10.);
#630=VECTOR('',#2263,10.);
#631=VECTOR('',#2270,10.);
#632=VECTOR('',#2271,10.);
#633=VECTOR('',#2280,10.);
#634=VECTOR('',#2287,10.);
#635=VECTOR('',#2288,10.);
#636=VECTOR('',#2291,10.);
#637=VECTOR('',#2294,10.);
#638=VECTOR('',#2297,10.);
#639=VECTOR('',#2298,10.);
#640=VECTOR('',#2301,10.);
#641=VECTOR('',#2304,10.);
#642=VECTOR('',#2309,10.);
#643=VECTOR('',#2312,10.);
#644=VECTOR('',#2313,10.);
#645=VECTOR('',#2314,10.);
#646=VECTOR('',#2323,10.);
#647=VECTOR('',#2324,10.);
#648=VECTOR('',#2327,10.);
#649=VECTOR('',#2332,10.);
#650=VECTOR('',#2333,10.);
#651=VECTOR('',#2340,10.);
#652=VECTOR('',#2347,10.);
#653=VECTOR('',#2350,10.);
#654=VECTOR('',#2353,10.);
#655=VECTOR('',#2358,10.);
#656=VECTOR('',#2369,1.75);
#657=VECTOR('',#2372,1.75);
#658=VECTOR('',#2379,10.);
#659=VECTOR('',#2380,10.);
#660=VECTOR('',#2381,10.);
#661=VECTOR('',#2382,10.);
#662=VECTOR('',#2385,10.);
#663=VECTOR('',#2386,10.);
#664=VECTOR('',#2387,10.);
#665=VECTOR('',#2390,10.);
#666=VECTOR('',#2391,10.);
#667=VECTOR('',#2392,10.);
#668=VECTOR('',#2393,10.);
#669=VECTOR('',#2396,10.);
#670=VECTOR('',#2403,10.);
#671=VECTOR('',#2404,10.);
#672=VECTOR('',#2405,10.);
#673=VECTOR('',#2408,10.);
#674=VECTOR('',#2409,10.);
#675=VECTOR('',#2412,10.);
#676=VECTOR('',#2413,10.);
#677=VECTOR('',#2416,10.);
#678=VECTOR('',#2417,10.);
#679=VECTOR('',#2420,10.);
#680=VECTOR('',#2423,10.);
#681=VECTOR('',#2426,10.);
#682=VECTOR('',#2429,10.);
#683=VECTOR('',#2430,10.);
#684=VECTOR('',#2433,10.);
#685=VECTOR('',#2434,10.);
#686=VECTOR('',#2435,10.);
#687=VECTOR('',#2442,10.);
#688=VECTOR('',#2443,10.);
#689=VECTOR('',#2444,10.);
#690=VECTOR('',#2445,10.);
#691=VECTOR('',#2448,10.);
#692=VECTOR('',#2449,10.);
#693=VECTOR('',#2450,10.);
#694=VECTOR('',#2453,10.);
#695=VECTOR('',#2454,10.);
#696=VECTOR('',#2457,10.);
#697=VECTOR('',#2458,10.);
#698=VECTOR('',#2459,10.);
#699=VECTOR('',#2460,10.);
#700=VECTOR('',#2463,10.);
#701=VECTOR('',#2470,10.);
#702=VECTOR('',#2471,10.);
#703=VECTOR('',#2472,10.);
#704=VECTOR('',#2475,10.);
#705=VECTOR('',#2482,10.);
#706=VECTOR('',#2483,10.);
#707=VECTOR('',#2484,10.);
#708=VECTOR('',#2487,10.);
#709=VECTOR('',#2488,10.);
#710=VECTOR('',#2489,10.);
#711=VECTOR('',#2494,10.);
#712=VECTOR('',#2499,10.);
#713=VECTOR('',#2500,10.);
#714=VECTOR('',#2501,10.);
#715=VECTOR('',#2504,10.);
#716=VECTOR('',#2505,10.);
#717=VECTOR('',#2506,10.);
#718=VECTOR('',#2509,10.);
#719=VECTOR('',#2516,10.);
#720=VECTOR('',#2517,10.);
#721=VECTOR('',#2518,10.);
#722=VECTOR('',#2521,10.);
#723=VECTOR('',#2528,10.);
#724=VECTOR('',#2529,10.);
#725=VECTOR('',#2530,10.);
#726=VECTOR('',#2533,10.);
#727=VECTOR('',#2540,10.);
#728=VECTOR('',#2541,10.);
#729=VECTOR('',#2544,10.);
#730=VECTOR('',#2551,10.);
#731=VECTOR('',#2552,10.);
#732=VECTOR('',#2553,10.);
#733=VECTOR('',#2556,10.);
#734=VECTOR('',#2557,10.);
#735=VECTOR('',#2558,10.);
#736=VECTOR('',#2563,10.);
#737=VECTOR('',#2568,10.);
#738=VECTOR('',#2569,10.);
#739=VECTOR('',#2570,10.);
#740=VECTOR('',#2573,10.);
#741=VECTOR('',#2574,10.);
#742=VECTOR('',#2575,10.);
#743=VECTOR('',#2584,10.);
#744=VECTOR('',#2585,10.);
#745=VECTOR('',#2588,10.);
#746=VECTOR('',#2591,10.);
#747=VECTOR('',#2596,10.);
#748=VECTOR('',#2599,10.);
#749=VECTOR('',#2602,10.);
#750=VECTOR('',#2603,10.);
#751=VECTOR('',#2606,10.);
#752=VECTOR('',#2607,10.);
#753=VECTOR('',#2612,10.);
#754=VECTOR('',#2615,10.);
#755=VECTOR('',#2618,10.);
#756=VECTOR('',#2619,10.);
#757=VECTOR('',#2622,10.);
#758=VECTOR('',#2625,10.);
#759=VECTOR('',#2626,10.);
#760=VECTOR('',#2629,10.);
#761=VECTOR('',#2632,10.);
#762=VECTOR('',#2639,10.);
#763=VECTOR('',#2642,10.);
#764=VECTOR('',#2645,10.);
#765=VECTOR('',#2650,10.);
#766=VECTOR('',#2655,10.);
#767=VECTOR('',#2658,1.75);
#768=VERTEX_POINT('',#2670);
#769=VERTEX_POINT('',#2671);
#770=VERTEX_POINT('',#2673);
#771=VERTEX_POINT('',#2675);
#772=VERTEX_POINT('',#2682);
#773=VERTEX_POINT('',#2683);
#774=VERTEX_POINT('',#2685);
#775=VERTEX_POINT('',#2690);
#776=VERTEX_POINT('',#2697);
#777=VERTEX_POINT('',#2699);
#778=VERTEX_POINT('',#2703);
#779=VERTEX_POINT('',#2705);
#780=VERTEX_POINT('',#2709);
#781=VERTEX_POINT('',#2711);
#782=VERTEX_POINT('',#2721);
#783=VERTEX_POINT('',#2723);
#784=VERTEX_POINT('',#2730);
#785=VERTEX_POINT('',#2732);
#786=VERTEX_POINT('',#2736);
#787=VERTEX_POINT('',#2738);
#788=VERTEX_POINT('',#2740);
#789=VERTEX_POINT('',#2745);
#790=VERTEX_POINT('',#2748);
#791=VERTEX_POINT('',#2749);
#792=VERTEX_POINT('',#2751);
#793=VERTEX_POINT('',#2753);
#794=VERTEX_POINT('',#2760);
#795=VERTEX_POINT('',#2762);
#796=VERTEX_POINT('',#2769);
#797=VERTEX_POINT('',#2770);
#798=VERTEX_POINT('',#2778);
#799=VERTEX_POINT('',#2785);
#800=VERTEX_POINT('',#2792);
#801=VERTEX_POINT('',#2802);
#802=VERTEX_POINT('',#2808);
#803=VERTEX_POINT('',#2811);
#804=VERTEX_POINT('',#2820);
#805=VERTEX_POINT('',#2821);
#806=VERTEX_POINT('',#2823);
#807=VERTEX_POINT('',#2825);
#808=VERTEX_POINT('',#2832);
#809=VERTEX_POINT('',#2834);
#810=VERTEX_POINT('',#2841);
#811=VERTEX_POINT('',#2842);
#812=VERTEX_POINT('',#2844);
#813=VERTEX_POINT('',#2846);
#814=VERTEX_POINT('',#2853);
#815=VERTEX_POINT('',#2854);
#816=VERTEX_POINT('',#2862);
#817=VERTEX_POINT('',#2864);
#818=VERTEX_POINT('',#2871);
#819=VERTEX_POINT('',#2872);
#820=VERTEX_POINT('',#2880);
#821=VERTEX_POINT('',#2882);
#822=VERTEX_POINT('',#2886);
#823=VERTEX_POINT('',#2888);
#824=VERTEX_POINT('',#2890);
#825=VERTEX_POINT('',#2895);
#826=VERTEX_POINT('',#2900);
#827=VERTEX_POINT('',#2901);
#828=VERTEX_POINT('',#2903);
#829=VERTEX_POINT('',#2905);
#830=VERTEX_POINT('',#2912);
#831=VERTEX_POINT('',#2914);
#832=VERTEX_POINT('',#2921);
#833=VERTEX_POINT('',#2922);
#834=VERTEX_POINT('',#2930);
#835=VERTEX_POINT('',#2937);
#836=VERTEX_POINT('',#2944);
#837=VERTEX_POINT('',#2954);
#838=VERTEX_POINT('',#2959);
#839=VERTEX_POINT('',#2962);
#840=VERTEX_POINT('',#2971);
#841=VERTEX_POINT('',#2972);
#842=VERTEX_POINT('',#2974);
#843=VERTEX_POINT('',#2976);
#844=VERTEX_POINT('',#2980);
#845=VERTEX_POINT('',#2982);
#846=VERTEX_POINT('',#2986);
#847=VERTEX_POINT('',#2987);
#848=VERTEX_POINT('',#2989);
#849=VERTEX_POINT('',#2991);
#850=VERTEX_POINT('',#2995);
#851=VERTEX_POINT('',#2996);
#852=VERTEX_POINT('',#3001);
#853=VERTEX_POINT('',#3003);
#854=VERTEX_POINT('',#3013);
#855=VERTEX_POINT('',#3015);
#856=VERTEX_POINT('',#3017);
#857=VERTEX_POINT('',#3021);
#858=VERTEX_POINT('',#3023);
#859=VERTEX_POINT('',#3027);
#860=VERTEX_POINT('',#3031);
#861=VERTEX_POINT('',#3033);
#862=VERTEX_POINT('',#3035);
#863=VERTEX_POINT('',#3040);
#864=VERTEX_POINT('',#3041);
#865=VERTEX_POINT('',#3043);
#866=VERTEX_POINT('',#3045);
#867=VERTEX_POINT('',#3049);
#868=VERTEX_POINT('',#3051);
#869=VERTEX_POINT('',#3055);
#870=VERTEX_POINT('',#3057);
#871=VERTEX_POINT('',#3064);
#872=VERTEX_POINT('',#3065);
#873=VERTEX_POINT('',#3067);
#874=VERTEX_POINT('',#3069);
#875=VERTEX_POINT('',#3073);
#876=VERTEX_POINT('',#3074);
#877=VERTEX_POINT('',#3079);
#878=VERTEX_POINT('',#3080);
#879=VERTEX_POINT('',#3085);
#880=VERTEX_POINT('',#3086);
#881=VERTEX_POINT('',#3091);
#882=VERTEX_POINT('',#3093);
#883=VERTEX_POINT('',#3097);
#884=VERTEX_POINT('',#3099);
#885=VERTEX_POINT('',#3103);
#886=VERTEX_POINT('',#3105);
#887=VERTEX_POINT('',#3109);
#888=VERTEX_POINT('',#3111);
#889=VERTEX_POINT('',#3115);
#890=VERTEX_POINT('',#3117);
#891=VERTEX_POINT('',#3121);
#892=VERTEX_POINT('',#3122);
#893=VERTEX_POINT('',#3127);
#894=VERTEX_POINT('',#3128);
#895=VERTEX_POINT('',#3133);
#896=VERTEX_POINT('',#3134);
#897=VERTEX_POINT('',#3139);
#898=VERTEX_POINT('',#3140);
#899=VERTEX_POINT('',#3145);
#900=VERTEX_POINT('',#3150);
#901=VERTEX_POINT('',#3154);
#902=VERTEX_POINT('',#3155);
#903=VERTEX_POINT('',#3160);
#904=VERTEX_POINT('',#3162);
#905=VERTEX_POINT('',#3166);
#906=VERTEX_POINT('',#3168);
#907=VERTEX_POINT('',#3172);
#908=VERTEX_POINT('',#3174);
#909=VERTEX_POINT('',#3178);
#910=VERTEX_POINT('',#3180);
#911=VERTEX_POINT('',#3184);
#912=VERTEX_POINT('',#3186);
#913=VERTEX_POINT('',#3199);
#914=VERTEX_POINT('',#3206);
#915=VERTEX_POINT('',#3210);
#916=VERTEX_POINT('',#3212);
#917=VERTEX_POINT('',#3216);
#918=VERTEX_POINT('',#3221);
#919=VERTEX_POINT('',#3233);
#920=VERTEX_POINT('',#3239);
#921=EDGE_CURVE('',#768,#769,#412,.T.);
#922=EDGE_CURVE('',#769,#770,#413,.T.);
#923=EDGE_CURVE('',#770,#771,#414,.T.);
#924=EDGE_CURVE('',#771,#768,#395,.T.);
#925=EDGE_CURVE('',#772,#773,#59,.T.);
#926=EDGE_CURVE('',#773,#774,#396,.T.);
#927=EDGE_CURVE('',#774,#775,#60,.T.);
#928=EDGE_CURVE('',#772,#775,#397,.T.);
#929=EDGE_CURVE('',#773,#776,#415,.T.);
#930=EDGE_CURVE('',#776,#777,#416,.T.);
#931=EDGE_CURVE('',#777,#774,#417,.T.);
#932=EDGE_CURVE('',#776,#778,#61,.T.);
#933=EDGE_CURVE('',#778,#779,#418,.T.);
#934=EDGE_CURVE('',#779,#777,#62,.T.);
#935=EDGE_CURVE('',#780,#779,#419,.T.);
#936=EDGE_CURVE('',#778,#781,#420,.T.);
#937=EDGE_CURVE('',#781,#780,#398,.T.);
#938=EDGE_CURVE('',#771,#780,#63,.T.);
#939=EDGE_CURVE('',#781,#768,#64,.T.);
#940=EDGE_CURVE('',#769,#782,#65,.T.);
#941=EDGE_CURVE('',#782,#783,#421,.T.);
#942=EDGE_CURVE('',#783,#770,#66,.T.);
#943=EDGE_CURVE('',#775,#783,#422,.T.);
#944=EDGE_CURVE('',#782,#772,#423,.T.);
#945=EDGE_CURVE('',#776,#784,#424,.T.);
#946=EDGE_CURVE('',#785,#784,#67,.T.);
#947=EDGE_CURVE('',#785,#778,#425,.T.);
#948=EDGE_CURVE('',#786,#782,#426,.T.);
#949=EDGE_CURVE('',#787,#786,#427,.T.);
#950=EDGE_CURVE('',#788,#787,#68,.T.);
#951=EDGE_CURVE('',#784,#788,#428,.T.);
#952=EDGE_CURVE('',#771,#775,#429,.T.);
#953=EDGE_CURVE('',#789,#789,#69,.T.);
#954=EDGE_CURVE('',#790,#791,#430,.T.);
#955=EDGE_CURVE('',#791,#792,#431,.T.);
#956=EDGE_CURVE('',#792,#793,#432,.T.);
#957=EDGE_CURVE('',#793,#790,#399,.T.);
#958=EDGE_CURVE('',#793,#794,#70,.T.);
#959=EDGE_CURVE('',#794,#795,#400,.T.);
#960=EDGE_CURVE('',#795,#790,#71,.T.);
#961=EDGE_CURVE('',#796,#797,#433,.T.);
#962=EDGE_CURVE('',#797,#784,#434,.T.);
#963=EDGE_CURVE('',#788,#796,#401,.T.);
#964=EDGE_CURVE('',#798,#785,#435,.T.);
#965=EDGE_CURVE('',#797,#798,#72,.T.);
#966=EDGE_CURVE('',#794,#785,#436,.T.);
#967=EDGE_CURVE('',#798,#795,#437,.T.);
#968=EDGE_CURVE('',#799,#796,#73,.T.);
#969=EDGE_CURVE('',#787,#799,#402,.T.);
#970=EDGE_CURVE('',#800,#786,#438,.T.);
#971=EDGE_CURVE('',#786,#792,#74,.T.);
#972=EDGE_CURVE('',#791,#800,#75,.T.);
#973=EDGE_CURVE('',#800,#799,#439,.T.);
#974=EDGE_CURVE('',#769,#792,#440,.T.);
#975=EDGE_CURVE('',#795,#796,#441,.T.);
#976=EDGE_CURVE('',#801,#801,#76,.T.);
#977=EDGE_CURVE('',#790,#799,#442,.T.);
#978=EDGE_CURVE('',#780,#774,#443,.T.);
#979=EDGE_CURVE('',#802,#802,#77,.T.);
#980=EDGE_CURVE('',#803,#803,#78,.T.);
#981=EDGE_CURVE('',#802,#801,#444,.T.);
#982=EDGE_CURVE('',#789,#803,#445,.T.);
#983=EDGE_CURVE('',#804,#805,#446,.T.);
#984=EDGE_CURVE('',#805,#806,#447,.T.);
#985=EDGE_CURVE('',#806,#807,#448,.T.);
#986=EDGE_CURVE('',#807,#804,#403,.T.);
#987=EDGE_CURVE('',#807,#808,#79,.T.);
#988=EDGE_CURVE('',#808,#809,#404,.T.);
#989=EDGE_CURVE('',#809,#804,#80,.T.);
#990=EDGE_CURVE('',#810,#811,#449,.T.);
#991=EDGE_CURVE('',#811,#812,#450,.T.);
#992=EDGE_CURVE('',#812,#813,#451,.T.);
#993=EDGE_CURVE('',#813,#810,#405,.T.);
#994=EDGE_CURVE('',#814,#815,#452,.T.);
#995=EDGE_CURVE('',#815,#812,#81,.T.);
#996=EDGE_CURVE('',#811,#814,#82,.T.);
#997=EDGE_CURVE('',#808,#815,#453,.T.);
#998=EDGE_CURVE('',#814,#809,#454,.T.);
#999=EDGE_CURVE('',#816,#810,#83,.T.);
#1000=EDGE_CURVE('',#813,#817,#84,.T.);
#1001=EDGE_CURVE('',#817,#816,#406,.T.);
#1002=EDGE_CURVE('',#818,#819,#455,.T.);
#1003=EDGE_CURVE('',#819,#806,#85,.T.);
#1004=EDGE_CURVE('',#805,#818,#86,.T.);
#1005=EDGE_CURVE('',#817,#819,#456,.T.);
#1006=EDGE_CURVE('',#818,#816,#457,.T.);
#1007=EDGE_CURVE('',#819,#820,#458,.T.);
#1008=EDGE_CURVE('',#821,#820,#87,.T.);
#1009=EDGE_CURVE('',#821,#806,#459,.T.);
#1010=EDGE_CURVE('',#822,#812,#460,.T.);
#1011=EDGE_CURVE('',#823,#822,#461,.T.);
#1012=EDGE_CURVE('',#824,#823,#88,.T.);
#1013=EDGE_CURVE('',#820,#824,#462,.T.);
#1014=EDGE_CURVE('',#809,#810,#463,.T.);
#1015=EDGE_CURVE('',#825,#825,#89,.T.);
#1016=EDGE_CURVE('',#804,#816,#464,.T.);
#1017=EDGE_CURVE('',#826,#827,#465,.T.);
#1018=EDGE_CURVE('',#827,#828,#466,.T.);
#1019=EDGE_CURVE('',#828,#829,#467,.T.);
#1020=EDGE_CURVE('',#829,#826,#407,.T.);
#1021=EDGE_CURVE('',#829,#830,#90,.T.);
#1022=EDGE_CURVE('',#830,#831,#408,.T.);
#1023=EDGE_CURVE('',#831,#826,#91,.T.);
#1024=EDGE_CURVE('',#832,#833,#468,.T.);
#1025=EDGE_CURVE('',#833,#820,#469,.T.);
#1026=EDGE_CURVE('',#824,#832,#409,.T.);
#1027=EDGE_CURVE('',#834,#821,#470,.T.);
#1028=EDGE_CURVE('',#833,#834,#92,.T.);
#1029=EDGE_CURVE('',#830,#821,#471,.T.);
#1030=EDGE_CURVE('',#834,#831,#472,.T.);
#1031=EDGE_CURVE('',#835,#832,#93,.T.);
#1032=EDGE_CURVE('',#823,#835,#410,.T.);
#1033=EDGE_CURVE('',#836,#822,#473,.T.);
#1034=EDGE_CURVE('',#822,#828,#94,.T.);
#1035=EDGE_CURVE('',#827,#836,#95,.T.);
#1036=EDGE_CURVE('',#836,#835,#474,.T.);
#1037=EDGE_CURVE('',#815,#828,#475,.T.);
#1038=EDGE_CURVE('',#831,#832,#476,.T.);
#1039=EDGE_CURVE('',#837,#837,#96,.T.);
#1040=EDGE_CURVE('',#826,#835,#477,.T.);
#1041=EDGE_CURVE('',#838,#838,#97,.T.);
#1042=EDGE_CURVE('',#839,#839,#98,.T.);
#1043=EDGE_CURVE('',#838,#837,#478,.T.);
#1044=EDGE_CURVE('',#825,#839,#479,.T.);
#1045=EDGE_CURVE('',#840,#841,#480,.T.);
#1046=EDGE_CURVE('',#841,#842,#481,.T.);
#1047=EDGE_CURVE('',#842,#843,#482,.T.);
#1048=EDGE_CURVE('',#843,#840,#483,.T.);
#1049=EDGE_CURVE('',#841,#844,#484,.T.);
#1050=EDGE_CURVE('',#844,#845,#485,.T.);
#1051=EDGE_CURVE('',#845,#842,#486,.T.);
#1052=EDGE_CURVE('',#846,#847,#487,.T.);
#1053=EDGE_CURVE('',#847,#848,#488,.T.);
#1054=EDGE_CURVE('',#848,#849,#489,.T.);
#1055=EDGE_CURVE('',#849,#846,#490,.T.);
#1056=EDGE_CURVE('',#850,#851,#491,.T.);
#1057=EDGE_CURVE('',#851,#848,#99,.T.);
#1058=EDGE_CURVE('',#847,#850,#100,.T.);
#1059=EDGE_CURVE('',#852,#851,#492,.T.);
#1060=EDGE_CURVE('',#850,#853,#493,.T.);
#1061=EDGE_CURVE('',#853,#852,#494,.T.);
#1062=EDGE_CURVE('',#844,#846,#495,.T.);
#1063=EDGE_CURVE('',#849,#845,#496,.T.);
#1064=EDGE_CURVE('',#843,#852,#497,.T.);
#1065=EDGE_CURVE('',#853,#840,#498,.T.);
#1066=EDGE_CURVE('',#842,#854,#499,.T.);
#1067=EDGE_CURVE('',#855,#854,#500,.T.);
#1068=EDGE_CURVE('',#855,#856,#101,.F.);
#1069=EDGE_CURVE('',#843,#856,#501,.T.);
#1070=EDGE_CURVE('',#845,#857,#502,.T.);
#1071=EDGE_CURVE('',#858,#857,#102,.T.);
#1072=EDGE_CURVE('',#858,#854,#503,.T.);
#1073=EDGE_CURVE('',#859,#849,#504,.T.);
#1074=EDGE_CURVE('',#857,#859,#505,.T.);
#1075=EDGE_CURVE('',#860,#848,#506,.T.);
#1076=EDGE_CURVE('',#861,#860,#507,.T.);
#1077=EDGE_CURVE('',#862,#861,#508,.T.);
#1078=EDGE_CURVE('',#859,#862,#103,.T.);
#1079=EDGE_CURVE('',#863,#864,#509,.T.);
#1080=EDGE_CURVE('',#864,#865,#510,.T.);
#1081=EDGE_CURVE('',#865,#866,#511,.T.);
#1082=EDGE_CURVE('',#863,#866,#512,.T.);
#1083=EDGE_CURVE('',#864,#867,#513,.T.);
#1084=EDGE_CURVE('',#867,#868,#514,.T.);
#1085=EDGE_CURVE('',#868,#865,#515,.T.);
#1086=EDGE_CURVE('',#866,#869,#516,.T.);
#1087=EDGE_CURVE('',#869,#870,#411,.T.);
#1088=EDGE_CURVE('',#870,#863,#517,.T.);
#1089=EDGE_CURVE('',#871,#872,#518,.T.);
#1090=EDGE_CURVE('',#872,#873,#519,.T.);
#1091=EDGE_CURVE('',#873,#874,#520,.T.);
#1092=EDGE_CURVE('',#874,#871,#521,.T.);
#1093=EDGE_CURVE('',#875,#876,#522,.T.);
#1094=EDGE_CURVE('',#876,#873,#104,.T.);
#1095=EDGE_CURVE('',#872,#875,#105,.T.);
#1096=EDGE_CURVE('',#877,#878,#523,.T.);
#1097=EDGE_CURVE('',#878,#876,#524,.T.);
#1098=EDGE_CURVE('',#875,#877,#525,.T.);
#1099=EDGE_CURVE('',#879,#880,#526,.T.);
#1100=EDGE_CURVE('',#880,#878,#106,.T.);
#1101=EDGE_CURVE('',#877,#879,#107,.T.);
#1102=EDGE_CURVE('',#881,#880,#527,.T.);
#1103=EDGE_CURVE('',#879,#882,#528,.T.);
#1104=EDGE_CURVE('',#882,#881,#529,.T.);
#1105=EDGE_CURVE('',#882,#883,#530,.T.);
#1106=EDGE_CURVE('',#883,#884,#531,.T.);
#1107=EDGE_CURVE('',#884,#881,#532,.T.);
#1108=EDGE_CURVE('',#883,#885,#108,.T.);
#1109=EDGE_CURVE('',#885,#886,#533,.T.);
#1110=EDGE_CURVE('',#886,#884,#109,.T.);
#1111=EDGE_CURVE('',#887,#886,#534,.T.);
#1112=EDGE_CURVE('',#885,#888,#535,.T.);
#1113=EDGE_CURVE('',#888,#887,#536,.T.);
#1114=EDGE_CURVE('',#888,#889,#537,.T.);
#1115=EDGE_CURVE('',#889,#890,#538,.T.);
#1116=EDGE_CURVE('',#890,#887,#539,.T.);
#1117=EDGE_CURVE('',#891,#892,#540,.T.);
#1118=EDGE_CURVE('',#892,#890,#110,.T.);
#1119=EDGE_CURVE('',#889,#891,#111,.T.);
#1120=EDGE_CURVE('',#893,#894,#541,.T.);
#1121=EDGE_CURVE('',#894,#892,#542,.T.);
#1122=EDGE_CURVE('',#891,#893,#543,.T.);
#1123=EDGE_CURVE('',#895,#896,#544,.T.);
#1124=EDGE_CURVE('',#896,#894,#112,.T.);
#1125=EDGE_CURVE('',#893,#895,#113,.T.);
#1126=EDGE_CURVE('',#897,#898,#545,.T.);
#1127=EDGE_CURVE('',#898,#896,#546,.T.);
#1128=EDGE_CURVE('',#895,#897,#547,.T.);
#1129=EDGE_CURVE('',#899,#860,#548,.T.);
#1130=EDGE_CURVE('',#860,#898,#114,.T.);
#1131=EDGE_CURVE('',#897,#899,#115,.T.);
#1132=EDGE_CURVE('',#900,#861,#549,.T.);
#1133=EDGE_CURVE('',#899,#900,#550,.T.);
#1134=EDGE_CURVE('',#901,#902,#551,.T.);
#1135=EDGE_CURVE('',#902,#861,#116,.T.);
#1136=EDGE_CURVE('',#900,#901,#117,.T.);
#1137=EDGE_CURVE('',#903,#902,#552,.T.);
#1138=EDGE_CURVE('',#901,#904,#553,.T.);
#1139=EDGE_CURVE('',#904,#903,#554,.T.);
#1140=EDGE_CURVE('',#904,#905,#555,.T.);
#1141=EDGE_CURVE('',#905,#906,#556,.T.);
#1142=EDGE_CURVE('',#906,#903,#557,.T.);
#1143=EDGE_CURVE('',#905,#907,#118,.T.);
#1144=EDGE_CURVE('',#907,#908,#558,.T.);
#1145=EDGE_CURVE('',#908,#906,#119,.T.);
#1146=EDGE_CURVE('',#909,#908,#559,.T.);
#1147=EDGE_CURVE('',#907,#910,#560,.T.);
#1148=EDGE_CURVE('',#910,#909,#561,.T.);
#1149=EDGE_CURVE('',#910,#911,#562,.T.);
#1150=EDGE_CURVE('',#911,#912,#563,.T.);
#1151=EDGE_CURVE('',#912,#909,#564,.T.);
#1152=EDGE_CURVE('',#869,#912,#120,.T.);
#1153=EDGE_CURVE('',#911,#870,#121,.T.);
#1154=EDGE_CURVE('',#867,#871,#565,.T.);
#1155=EDGE_CURVE('',#874,#868,#566,.T.);
#1156=EDGE_CURVE('',#905,#885,#567,.T.);
#1157=EDGE_CURVE('',#909,#903,#568,.T.);
#1158=EDGE_CURVE('',#913,#913,#122,.T.);
#1159=EDGE_CURVE('',#902,#912,#569,.T.);
#1160=EDGE_CURVE('',#869,#862,#570,.T.);
#1161=EDGE_CURVE('',#866,#914,#571,.T.);
#1162=EDGE_CURVE('',#862,#914,#572,.T.);
#1163=EDGE_CURVE('',#865,#915,#573,.T.);
#1164=EDGE_CURVE('',#915,#916,#574,.T.);
#1165=EDGE_CURVE('',#916,#914,#123,.T.);
#1166=EDGE_CURVE('',#868,#917,#575,.T.);
#1167=EDGE_CURVE('',#855,#917,#124,.T.);
#1168=EDGE_CURVE('',#855,#915,#576,.T.);
#1169=EDGE_CURVE('',#918,#874,#577,.T.);
#1170=EDGE_CURVE('',#917,#918,#578,.T.);
#1171=EDGE_CURVE('',#883,#907,#579,.T.);
#1172=EDGE_CURVE('',#892,#878,#580,.T.);
#1173=EDGE_CURVE('',#880,#890,#581,.T.);
#1174=EDGE_CURVE('',#876,#894,#582,.T.);
#1175=EDGE_CURVE('',#881,#887,#583,.T.);
#1176=EDGE_CURVE('',#919,#919,#125,.T.);
#1177=EDGE_CURVE('',#851,#898,#584,.T.);
#1178=EDGE_CURVE('',#852,#920,#585,.T.);
#1179=EDGE_CURVE('',#918,#920,#126,.T.);
#1180=EDGE_CURVE('',#896,#873,#586,.T.);
#1181=EDGE_CURVE('',#916,#858,#587,.T.);
#1182=EDGE_CURVE('',#920,#856,#588,.T.);
#1183=EDGE_CURVE('',#913,#919,#589,.T.);
#1184=ORIENTED_EDGE('',*,*,#921,.T.);
#1185=ORIENTED_EDGE('',*,*,#922,.T.);
#1186=ORIENTED_EDGE('',*,*,#923,.T.);
#1187=ORIENTED_EDGE('',*,*,#924,.T.);
#1188=ORIENTED_EDGE('',*,*,#925,.T.);
#1189=ORIENTED_EDGE('',*,*,#926,.T.);
#1190=ORIENTED_EDGE('',*,*,#927,.T.);
#1191=ORIENTED_EDGE('',*,*,#928,.F.);
#1192=ORIENTED_EDGE('',*,*,#929,.T.);
#1193=ORIENTED_EDGE('',*,*,#930,.T.);
#1194=ORIENTED_EDGE('',*,*,#931,.T.);
#1195=ORIENTED_EDGE('',*,*,#926,.F.);
#1196=ORIENTED_EDGE('',*,*,#930,.F.);
#1197=ORIENTED_EDGE('',*,*,#932,.T.);
#1198=ORIENTED_EDGE('',*,*,#933,.T.);
#1199=ORIENTED_EDGE('',*,*,#934,.T.);
#1200=ORIENTED_EDGE('',*,*,#935,.T.);
#1201=ORIENTED_EDGE('',*,*,#933,.F.);
#1202=ORIENTED_EDGE('',*,*,#936,.T.);
#1203=ORIENTED_EDGE('',*,*,#937,.T.);
#1204=ORIENTED_EDGE('',*,*,#938,.T.);
#1205=ORIENTED_EDGE('',*,*,#937,.F.);
#1206=ORIENTED_EDGE('',*,*,#939,.T.);
#1207=ORIENTED_EDGE('',*,*,#924,.F.);
#1208=ORIENTED_EDGE('',*,*,#922,.F.);
#1209=ORIENTED_EDGE('',*,*,#940,.T.);
#1210=ORIENTED_EDGE('',*,*,#941,.T.);
#1211=ORIENTED_EDGE('',*,*,#942,.T.);
#1212=ORIENTED_EDGE('',*,*,#943,.T.);
#1213=ORIENTED_EDGE('',*,*,#941,.F.);
#1214=ORIENTED_EDGE('',*,*,#944,.T.);
#1215=ORIENTED_EDGE('',*,*,#928,.T.);
#1216=ORIENTED_EDGE('',*,*,#932,.F.);
#1217=ORIENTED_EDGE('',*,*,#945,.T.);
#1218=ORIENTED_EDGE('',*,*,#946,.F.);
#1219=ORIENTED_EDGE('',*,*,#947,.T.);
#1220=ORIENTED_EDGE('',*,*,#929,.F.);
#1221=ORIENTED_EDGE('',*,*,#925,.F.);
#1222=ORIENTED_EDGE('',*,*,#944,.F.);
#1223=ORIENTED_EDGE('',*,*,#948,.F.);
#1224=ORIENTED_EDGE('',*,*,#949,.F.);
#1225=ORIENTED_EDGE('',*,*,#950,.F.);
#1226=ORIENTED_EDGE('',*,*,#951,.F.);
#1227=ORIENTED_EDGE('',*,*,#945,.F.);
#1228=ORIENTED_EDGE('',*,*,#923,.F.);
#1229=ORIENTED_EDGE('',*,*,#942,.F.);
#1230=ORIENTED_EDGE('',*,*,#943,.F.);
#1231=ORIENTED_EDGE('',*,*,#952,.F.);
#1232=ORIENTED_EDGE('',*,*,#953,.T.);
#1233=ORIENTED_EDGE('',*,*,#954,.T.);
#1234=ORIENTED_EDGE('',*,*,#955,.T.);
#1235=ORIENTED_EDGE('',*,*,#956,.T.);
#1236=ORIENTED_EDGE('',*,*,#957,.T.);
#1237=ORIENTED_EDGE('',*,*,#958,.T.);
#1238=ORIENTED_EDGE('',*,*,#959,.T.);
#1239=ORIENTED_EDGE('',*,*,#960,.T.);
#1240=ORIENTED_EDGE('',*,*,#957,.F.);
#1241=ORIENTED_EDGE('',*,*,#961,.T.);
#1242=ORIENTED_EDGE('',*,*,#962,.T.);
#1243=ORIENTED_EDGE('',*,*,#951,.T.);
#1244=ORIENTED_EDGE('',*,*,#963,.T.);
#1245=ORIENTED_EDGE('',*,*,#964,.T.);
#1246=ORIENTED_EDGE('',*,*,#946,.T.);
#1247=ORIENTED_EDGE('',*,*,#962,.F.);
#1248=ORIENTED_EDGE('',*,*,#965,.T.);
#1249=ORIENTED_EDGE('',*,*,#966,.T.);
#1250=ORIENTED_EDGE('',*,*,#964,.F.);
#1251=ORIENTED_EDGE('',*,*,#967,.T.);
#1252=ORIENTED_EDGE('',*,*,#959,.F.);
#1253=ORIENTED_EDGE('',*,*,#968,.T.);
#1254=ORIENTED_EDGE('',*,*,#963,.F.);
#1255=ORIENTED_EDGE('',*,*,#950,.T.);
#1256=ORIENTED_EDGE('',*,*,#969,.T.);
#1257=ORIENTED_EDGE('',*,*,#970,.T.);
#1258=ORIENTED_EDGE('',*,*,#971,.T.);
#1259=ORIENTED_EDGE('',*,*,#955,.F.);
#1260=ORIENTED_EDGE('',*,*,#972,.T.);
#1261=ORIENTED_EDGE('',*,*,#949,.T.);
#1262=ORIENTED_EDGE('',*,*,#970,.F.);
#1263=ORIENTED_EDGE('',*,*,#973,.T.);
#1264=ORIENTED_EDGE('',*,*,#969,.F.);
#1265=ORIENTED_EDGE('',*,*,#940,.F.);
#1266=ORIENTED_EDGE('',*,*,#974,.T.);
#1267=ORIENTED_EDGE('',*,*,#971,.F.);
#1268=ORIENTED_EDGE('',*,*,#948,.T.);
#1269=ORIENTED_EDGE('',*,*,#967,.F.);
#1270=ORIENTED_EDGE('',*,*,#965,.F.);
#1271=ORIENTED_EDGE('',*,*,#961,.F.);
#1272=ORIENTED_EDGE('',*,*,#975,.F.);
#1273=ORIENTED_EDGE('',*,*,#976,.T.);
#1274=ORIENTED_EDGE('',*,*,#960,.F.);
#1275=ORIENTED_EDGE('',*,*,#975,.T.);
#1276=ORIENTED_EDGE('',*,*,#968,.F.);
#1277=ORIENTED_EDGE('',*,*,#977,.F.);
#1278=ORIENTED_EDGE('',*,*,#935,.F.);
#1279=ORIENTED_EDGE('',*,*,#978,.T.);
#1280=ORIENTED_EDGE('',*,*,#931,.F.);
#1281=ORIENTED_EDGE('',*,*,#934,.F.);
#1282=ORIENTED_EDGE('',*,*,#979,.T.);
#1283=ORIENTED_EDGE('',*,*,#954,.F.);
#1284=ORIENTED_EDGE('',*,*,#977,.T.);
#1285=ORIENTED_EDGE('',*,*,#973,.F.);
#1286=ORIENTED_EDGE('',*,*,#972,.F.);
#1287=ORIENTED_EDGE('',*,*,#980,.T.);
#1288=ORIENTED_EDGE('',*,*,#979,.F.);
#1289=ORIENTED_EDGE('',*,*,#981,.T.);
#1290=ORIENTED_EDGE('',*,*,#976,.F.);
#1291=ORIENTED_EDGE('',*,*,#981,.F.);
#1292=ORIENTED_EDGE('',*,*,#953,.F.);
#1293=ORIENTED_EDGE('',*,*,#982,.T.);
#1294=ORIENTED_EDGE('',*,*,#980,.F.);
#1295=ORIENTED_EDGE('',*,*,#982,.F.);
#1296=ORIENTED_EDGE('',*,*,#938,.F.);
#1297=ORIENTED_EDGE('',*,*,#952,.T.);
#1298=ORIENTED_EDGE('',*,*,#927,.F.);
#1299=ORIENTED_EDGE('',*,*,#978,.F.);
#1300=ORIENTED_EDGE('',*,*,#936,.F.);
#1301=ORIENTED_EDGE('',*,*,#947,.F.);
#1302=ORIENTED_EDGE('',*,*,#966,.F.);
#1303=ORIENTED_EDGE('',*,*,#958,.F.);
#1304=ORIENTED_EDGE('',*,*,#956,.F.);
#1305=ORIENTED_EDGE('',*,*,#974,.F.);
#1306=ORIENTED_EDGE('',*,*,#921,.F.);
#1307=ORIENTED_EDGE('',*,*,#939,.F.);
#1308=ORIENTED_EDGE('',*,*,#983,.T.);
#1309=ORIENTED_EDGE('',*,*,#984,.T.);
#1310=ORIENTED_EDGE('',*,*,#985,.T.);
#1311=ORIENTED_EDGE('',*,*,#986,.T.);
#1312=ORIENTED_EDGE('',*,*,#987,.T.);
#1313=ORIENTED_EDGE('',*,*,#988,.T.);
#1314=ORIENTED_EDGE('',*,*,#989,.T.);
#1315=ORIENTED_EDGE('',*,*,#986,.F.);
#1316=ORIENTED_EDGE('',*,*,#990,.T.);
#1317=ORIENTED_EDGE('',*,*,#991,.T.);
#1318=ORIENTED_EDGE('',*,*,#992,.T.);
#1319=ORIENTED_EDGE('',*,*,#993,.T.);
#1320=ORIENTED_EDGE('',*,*,#994,.T.);
#1321=ORIENTED_EDGE('',*,*,#995,.T.);
#1322=ORIENTED_EDGE('',*,*,#991,.F.);
#1323=ORIENTED_EDGE('',*,*,#996,.T.);
#1324=ORIENTED_EDGE('',*,*,#997,.T.);
#1325=ORIENTED_EDGE('',*,*,#994,.F.);
#1326=ORIENTED_EDGE('',*,*,#998,.T.);
#1327=ORIENTED_EDGE('',*,*,#988,.F.);
#1328=ORIENTED_EDGE('',*,*,#999,.T.);
#1329=ORIENTED_EDGE('',*,*,#993,.F.);
#1330=ORIENTED_EDGE('',*,*,#1000,.T.);
#1331=ORIENTED_EDGE('',*,*,#1001,.T.);
#1332=ORIENTED_EDGE('',*,*,#1002,.T.);
#1333=ORIENTED_EDGE('',*,*,#1003,.T.);
#1334=ORIENTED_EDGE('',*,*,#984,.F.);
#1335=ORIENTED_EDGE('',*,*,#1004,.T.);
#1336=ORIENTED_EDGE('',*,*,#1005,.T.);
#1337=ORIENTED_EDGE('',*,*,#1002,.F.);
#1338=ORIENTED_EDGE('',*,*,#1006,.T.);
#1339=ORIENTED_EDGE('',*,*,#1001,.F.);
#1340=ORIENTED_EDGE('',*,*,#1003,.F.);
#1341=ORIENTED_EDGE('',*,*,#1007,.T.);
#1342=ORIENTED_EDGE('',*,*,#1008,.F.);
#1343=ORIENTED_EDGE('',*,*,#1009,.T.);
#1344=ORIENTED_EDGE('',*,*,#1005,.F.);
#1345=ORIENTED_EDGE('',*,*,#1000,.F.);
#1346=ORIENTED_EDGE('',*,*,#992,.F.);
#1347=ORIENTED_EDGE('',*,*,#1010,.F.);
#1348=ORIENTED_EDGE('',*,*,#1011,.F.);
#1349=ORIENTED_EDGE('',*,*,#1012,.F.);
#1350=ORIENTED_EDGE('',*,*,#1013,.F.);
#1351=ORIENTED_EDGE('',*,*,#1007,.F.);
#1352=ORIENTED_EDGE('',*,*,#998,.F.);
#1353=ORIENTED_EDGE('',*,*,#996,.F.);
#1354=ORIENTED_EDGE('',*,*,#990,.F.);
#1355=ORIENTED_EDGE('',*,*,#1014,.F.);
#1356=ORIENTED_EDGE('',*,*,#1015,.T.);
#1357=ORIENTED_EDGE('',*,*,#989,.F.);
#1358=ORIENTED_EDGE('',*,*,#1014,.T.);
#1359=ORIENTED_EDGE('',*,*,#999,.F.);
#1360=ORIENTED_EDGE('',*,*,#1016,.F.);
#1361=ORIENTED_EDGE('',*,*,#1017,.T.);
#1362=ORIENTED_EDGE('',*,*,#1018,.T.);
#1363=ORIENTED_EDGE('',*,*,#1019,.T.);
#1364=ORIENTED_EDGE('',*,*,#1020,.T.);
#1365=ORIENTED_EDGE('',*,*,#1021,.T.);
#1366=ORIENTED_EDGE('',*,*,#1022,.T.);
#1367=ORIENTED_EDGE('',*,*,#1023,.T.);
#1368=ORIENTED_EDGE('',*,*,#1020,.F.);
#1369=ORIENTED_EDGE('',*,*,#1024,.T.);
#1370=ORIENTED_EDGE('',*,*,#1025,.T.);
#1371=ORIENTED_EDGE('',*,*,#1013,.T.);
#1372=ORIENTED_EDGE('',*,*,#1026,.T.);
#1373=ORIENTED_EDGE('',*,*,#1027,.T.);
#1374=ORIENTED_EDGE('',*,*,#1008,.T.);
#1375=ORIENTED_EDGE('',*,*,#1025,.F.);
#1376=ORIENTED_EDGE('',*,*,#1028,.T.);
#1377=ORIENTED_EDGE('',*,*,#1029,.T.);
#1378=ORIENTED_EDGE('',*,*,#1027,.F.);
#1379=ORIENTED_EDGE('',*,*,#1030,.T.);
#1380=ORIENTED_EDGE('',*,*,#1022,.F.);
#1381=ORIENTED_EDGE('',*,*,#1031,.T.);
#1382=ORIENTED_EDGE('',*,*,#1026,.F.);
#1383=ORIENTED_EDGE('',*,*,#1012,.T.);
#1384=ORIENTED_EDGE('',*,*,#1032,.T.);
#1385=ORIENTED_EDGE('',*,*,#1033,.T.);
#1386=ORIENTED_EDGE('',*,*,#1034,.T.);
#1387=ORIENTED_EDGE('',*,*,#1018,.F.);
#1388=ORIENTED_EDGE('',*,*,#1035,.T.);
#1389=ORIENTED_EDGE('',*,*,#1011,.T.);
#1390=ORIENTED_EDGE('',*,*,#1033,.F.);
#1391=ORIENTED_EDGE('',*,*,#1036,.T.);
#1392=ORIENTED_EDGE('',*,*,#1032,.F.);
#1393=ORIENTED_EDGE('',*,*,#995,.F.);
#1394=ORIENTED_EDGE('',*,*,#1037,.T.);
#1395=ORIENTED_EDGE('',*,*,#1034,.F.);
#1396=ORIENTED_EDGE('',*,*,#1010,.T.);
#1397=ORIENTED_EDGE('',*,*,#1030,.F.);
#1398=ORIENTED_EDGE('',*,*,#1028,.F.);
#1399=ORIENTED_EDGE('',*,*,#1024,.F.);
#1400=ORIENTED_EDGE('',*,*,#1038,.F.);
#1401=ORIENTED_EDGE('',*,*,#1039,.T.);
#1402=ORIENTED_EDGE('',*,*,#1023,.F.);
#1403=ORIENTED_EDGE('',*,*,#1038,.T.);
#1404=ORIENTED_EDGE('',*,*,#1031,.F.);
#1405=ORIENTED_EDGE('',*,*,#1040,.F.);
#1406=ORIENTED_EDGE('',*,*,#983,.F.);
#1407=ORIENTED_EDGE('',*,*,#1016,.T.);
#1408=ORIENTED_EDGE('',*,*,#1006,.F.);
#1409=ORIENTED_EDGE('',*,*,#1004,.F.);
#1410=ORIENTED_EDGE('',*,*,#1041,.T.);
#1411=ORIENTED_EDGE('',*,*,#1017,.F.);
#1412=ORIENTED_EDGE('',*,*,#1040,.T.);
#1413=ORIENTED_EDGE('',*,*,#1036,.F.);
#1414=ORIENTED_EDGE('',*,*,#1035,.F.);
#1415=ORIENTED_EDGE('',*,*,#1042,.T.);
#1416=ORIENTED_EDGE('',*,*,#1041,.F.);
#1417=ORIENTED_EDGE('',*,*,#1043,.T.);
#1418=ORIENTED_EDGE('',*,*,#1039,.F.);
#1419=ORIENTED_EDGE('',*,*,#1043,.F.);
#1420=ORIENTED_EDGE('',*,*,#1015,.F.);
#1421=ORIENTED_EDGE('',*,*,#1044,.T.);
#1422=ORIENTED_EDGE('',*,*,#1042,.F.);
#1423=ORIENTED_EDGE('',*,*,#1044,.F.);
#1424=ORIENTED_EDGE('',*,*,#985,.F.);
#1425=ORIENTED_EDGE('',*,*,#1009,.F.);
#1426=ORIENTED_EDGE('',*,*,#1029,.F.);
#1427=ORIENTED_EDGE('',*,*,#1021,.F.);
#1428=ORIENTED_EDGE('',*,*,#1019,.F.);
#1429=ORIENTED_EDGE('',*,*,#1037,.F.);
#1430=ORIENTED_EDGE('',*,*,#997,.F.);
#1431=ORIENTED_EDGE('',*,*,#987,.F.);
#1432=ORIENTED_EDGE('',*,*,#1045,.T.);
#1433=ORIENTED_EDGE('',*,*,#1046,.T.);
#1434=ORIENTED_EDGE('',*,*,#1047,.T.);
#1435=ORIENTED_EDGE('',*,*,#1048,.T.);
#1436=ORIENTED_EDGE('',*,*,#1049,.T.);
#1437=ORIENTED_EDGE('',*,*,#1050,.T.);
#1438=ORIENTED_EDGE('',*,*,#1051,.T.);
#1439=ORIENTED_EDGE('',*,*,#1046,.F.);
#1440=ORIENTED_EDGE('',*,*,#1052,.T.);
#1441=ORIENTED_EDGE('',*,*,#1053,.T.);
#1442=ORIENTED_EDGE('',*,*,#1054,.T.);
#1443=ORIENTED_EDGE('',*,*,#1055,.T.);
#1444=ORIENTED_EDGE('',*,*,#1056,.T.);
#1445=ORIENTED_EDGE('',*,*,#1057,.T.);
#1446=ORIENTED_EDGE('',*,*,#1053,.F.);
#1447=ORIENTED_EDGE('',*,*,#1058,.T.);
#1448=ORIENTED_EDGE('',*,*,#1059,.T.);
#1449=ORIENTED_EDGE('',*,*,#1056,.F.);
#1450=ORIENTED_EDGE('',*,*,#1060,.T.);
#1451=ORIENTED_EDGE('',*,*,#1061,.T.);
#1452=ORIENTED_EDGE('',*,*,#1062,.T.);
#1453=ORIENTED_EDGE('',*,*,#1055,.F.);
#1454=ORIENTED_EDGE('',*,*,#1063,.T.);
#1455=ORIENTED_EDGE('',*,*,#1050,.F.);
#1456=ORIENTED_EDGE('',*,*,#1064,.T.);
#1457=ORIENTED_EDGE('',*,*,#1061,.F.);
#1458=ORIENTED_EDGE('',*,*,#1065,.T.);
#1459=ORIENTED_EDGE('',*,*,#1048,.F.);
#1460=ORIENTED_EDGE('',*,*,#1047,.F.);
#1461=ORIENTED_EDGE('',*,*,#1066,.T.);
#1462=ORIENTED_EDGE('',*,*,#1067,.F.);
#1463=ORIENTED_EDGE('',*,*,#1068,.T.);
#1464=ORIENTED_EDGE('',*,*,#1069,.F.);
#1465=ORIENTED_EDGE('',*,*,#1051,.F.);
#1466=ORIENTED_EDGE('',*,*,#1070,.T.);
#1467=ORIENTED_EDGE('',*,*,#1071,.F.);
#1468=ORIENTED_EDGE('',*,*,#1072,.T.);
#1469=ORIENTED_EDGE('',*,*,#1066,.F.);
#1470=ORIENTED_EDGE('',*,*,#1063,.F.);
#1471=ORIENTED_EDGE('',*,*,#1073,.F.);
#1472=ORIENTED_EDGE('',*,*,#1074,.F.);
#1473=ORIENTED_EDGE('',*,*,#1070,.F.);
#1474=ORIENTED_EDGE('',*,*,#1054,.F.);
#1475=ORIENTED_EDGE('',*,*,#1075,.F.);
#1476=ORIENTED_EDGE('',*,*,#1076,.F.);
#1477=ORIENTED_EDGE('',*,*,#1077,.F.);
#1478=ORIENTED_EDGE('',*,*,#1078,.F.);
#1479=ORIENTED_EDGE('',*,*,#1073,.T.);
#1480=ORIENTED_EDGE('',*,*,#1052,.F.);
#1481=ORIENTED_EDGE('',*,*,#1062,.F.);
#1482=ORIENTED_EDGE('',*,*,#1049,.F.);
#1483=ORIENTED_EDGE('',*,*,#1045,.F.);
#1484=ORIENTED_EDGE('',*,*,#1065,.F.);
#1485=ORIENTED_EDGE('',*,*,#1060,.F.);
#1486=ORIENTED_EDGE('',*,*,#1058,.F.);
#1487=ORIENTED_EDGE('',*,*,#1079,.T.);
#1488=ORIENTED_EDGE('',*,*,#1080,.T.);
#1489=ORIENTED_EDGE('',*,*,#1081,.T.);
#1490=ORIENTED_EDGE('',*,*,#1082,.F.);
#1491=ORIENTED_EDGE('',*,*,#1083,.T.);
#1492=ORIENTED_EDGE('',*,*,#1084,.T.);
#1493=ORIENTED_EDGE('',*,*,#1085,.T.);
#1494=ORIENTED_EDGE('',*,*,#1080,.F.);
#1495=ORIENTED_EDGE('',*,*,#1086,.T.);
#1496=ORIENTED_EDGE('',*,*,#1087,.T.);
#1497=ORIENTED_EDGE('',*,*,#1088,.T.);
#1498=ORIENTED_EDGE('',*,*,#1082,.T.);
#1499=ORIENTED_EDGE('',*,*,#1089,.T.);
#1500=ORIENTED_EDGE('',*,*,#1090,.T.);
#1501=ORIENTED_EDGE('',*,*,#1091,.T.);
#1502=ORIENTED_EDGE('',*,*,#1092,.T.);
#1503=ORIENTED_EDGE('',*,*,#1093,.T.);
#1504=ORIENTED_EDGE('',*,*,#1094,.T.);
#1505=ORIENTED_EDGE('',*,*,#1090,.F.);
#1506=ORIENTED_EDGE('',*,*,#1095,.T.);
#1507=ORIENTED_EDGE('',*,*,#1096,.T.);
#1508=ORIENTED_EDGE('',*,*,#1097,.T.);
#1509=ORIENTED_EDGE('',*,*,#1093,.F.);
#1510=ORIENTED_EDGE('',*,*,#1098,.T.);
#1511=ORIENTED_EDGE('',*,*,#1099,.T.);
#1512=ORIENTED_EDGE('',*,*,#1100,.T.);
#1513=ORIENTED_EDGE('',*,*,#1096,.F.);
#1514=ORIENTED_EDGE('',*,*,#1101,.T.);
#1515=ORIENTED_EDGE('',*,*,#1102,.T.);
#1516=ORIENTED_EDGE('',*,*,#1099,.F.);
#1517=ORIENTED_EDGE('',*,*,#1103,.T.);
#1518=ORIENTED_EDGE('',*,*,#1104,.T.);
#1519=ORIENTED_EDGE('',*,*,#1105,.T.);
#1520=ORIENTED_EDGE('',*,*,#1106,.T.);
#1521=ORIENTED_EDGE('',*,*,#1107,.T.);
#1522=ORIENTED_EDGE('',*,*,#1104,.F.);
#1523=ORIENTED_EDGE('',*,*,#1106,.F.);
#1524=ORIENTED_EDGE('',*,*,#1108,.T.);
#1525=ORIENTED_EDGE('',*,*,#1109,.T.);
#1526=ORIENTED_EDGE('',*,*,#1110,.T.);
#1527=ORIENTED_EDGE('',*,*,#1111,.T.);
#1528=ORIENTED_EDGE('',*,*,#1109,.F.);
#1529=ORIENTED_EDGE('',*,*,#1112,.T.);
#1530=ORIENTED_EDGE('',*,*,#1113,.T.);
#1531=ORIENTED_EDGE('',*,*,#1114,.T.);
#1532=ORIENTED_EDGE('',*,*,#1115,.T.);
#1533=ORIENTED_EDGE('',*,*,#1116,.T.);
#1534=ORIENTED_EDGE('',*,*,#1113,.F.);
#1535=ORIENTED_EDGE('',*,*,#1117,.T.);
#1536=ORIENTED_EDGE('',*,*,#1118,.T.);
#1537=ORIENTED_EDGE('',*,*,#1115,.F.);
#1538=ORIENTED_EDGE('',*,*,#1119,.T.);
#1539=ORIENTED_EDGE('',*,*,#1120,.T.);
#1540=ORIENTED_EDGE('',*,*,#1121,.T.);
#1541=ORIENTED_EDGE('',*,*,#1117,.F.);
#1542=ORIENTED_EDGE('',*,*,#1122,.T.);
#1543=ORIENTED_EDGE('',*,*,#1123,.T.);
#1544=ORIENTED_EDGE('',*,*,#1124,.T.);
#1545=ORIENTED_EDGE('',*,*,#1120,.F.);
#1546=ORIENTED_EDGE('',*,*,#1125,.T.);
#1547=ORIENTED_EDGE('',*,*,#1126,.T.);
#1548=ORIENTED_EDGE('',*,*,#1127,.T.);
#1549=ORIENTED_EDGE('',*,*,#1123,.F.);
#1550=ORIENTED_EDGE('',*,*,#1128,.T.);
#1551=ORIENTED_EDGE('',*,*,#1129,.T.);
#1552=ORIENTED_EDGE('',*,*,#1130,.T.);
#1553=ORIENTED_EDGE('',*,*,#1126,.F.);
#1554=ORIENTED_EDGE('',*,*,#1131,.T.);
#1555=ORIENTED_EDGE('',*,*,#1132,.T.);
#1556=ORIENTED_EDGE('',*,*,#1076,.T.);
#1557=ORIENTED_EDGE('',*,*,#1129,.F.);
#1558=ORIENTED_EDGE('',*,*,#1133,.T.);
#1559=ORIENTED_EDGE('',*,*,#1134,.T.);
#1560=ORIENTED_EDGE('',*,*,#1135,.T.);
#1561=ORIENTED_EDGE('',*,*,#1132,.F.);
#1562=ORIENTED_EDGE('',*,*,#1136,.T.);
#1563=ORIENTED_EDGE('',*,*,#1137,.T.);
#1564=ORIENTED_EDGE('',*,*,#1134,.F.);
#1565=ORIENTED_EDGE('',*,*,#1138,.T.);
#1566=ORIENTED_EDGE('',*,*,#1139,.T.);
#1567=ORIENTED_EDGE('',*,*,#1140,.T.);
#1568=ORIENTED_EDGE('',*,*,#1141,.T.);
#1569=ORIENTED_EDGE('',*,*,#1142,.T.);
#1570=ORIENTED_EDGE('',*,*,#1139,.F.);
#1571=ORIENTED_EDGE('',*,*,#1141,.F.);
#1572=ORIENTED_EDGE('',*,*,#1143,.T.);
#1573=ORIENTED_EDGE('',*,*,#1144,.T.);
#1574=ORIENTED_EDGE('',*,*,#1145,.T.);
#1575=ORIENTED_EDGE('',*,*,#1146,.T.);
#1576=ORIENTED_EDGE('',*,*,#1144,.F.);
#1577=ORIENTED_EDGE('',*,*,#1147,.T.);
#1578=ORIENTED_EDGE('',*,*,#1148,.T.);
#1579=ORIENTED_EDGE('',*,*,#1149,.T.);
#1580=ORIENTED_EDGE('',*,*,#1150,.T.);
#1581=ORIENTED_EDGE('',*,*,#1151,.T.);
#1582=ORIENTED_EDGE('',*,*,#1148,.F.);
#1583=ORIENTED_EDGE('',*,*,#1152,.T.);
#1584=ORIENTED_EDGE('',*,*,#1150,.F.);
#1585=ORIENTED_EDGE('',*,*,#1153,.T.);
#1586=ORIENTED_EDGE('',*,*,#1087,.F.);
#1587=ORIENTED_EDGE('',*,*,#1154,.T.);
#1588=ORIENTED_EDGE('',*,*,#1092,.F.);
#1589=ORIENTED_EDGE('',*,*,#1155,.T.);
#1590=ORIENTED_EDGE('',*,*,#1084,.F.);
#1591=ORIENTED_EDGE('',*,*,#1140,.F.);
#1592=ORIENTED_EDGE('',*,*,#1138,.F.);
#1593=ORIENTED_EDGE('',*,*,#1136,.F.);
#1594=ORIENTED_EDGE('',*,*,#1133,.F.);
#1595=ORIENTED_EDGE('',*,*,#1131,.F.);
#1596=ORIENTED_EDGE('',*,*,#1128,.F.);
#1597=ORIENTED_EDGE('',*,*,#1125,.F.);
#1598=ORIENTED_EDGE('',*,*,#1122,.F.);
#1599=ORIENTED_EDGE('',*,*,#1119,.F.);
#1600=ORIENTED_EDGE('',*,*,#1114,.F.);
#1601=ORIENTED_EDGE('',*,*,#1112,.F.);
#1602=ORIENTED_EDGE('',*,*,#1156,.F.);
#1603=ORIENTED_EDGE('',*,*,#1142,.F.);
#1604=ORIENTED_EDGE('',*,*,#1145,.F.);
#1605=ORIENTED_EDGE('',*,*,#1146,.F.);
#1606=ORIENTED_EDGE('',*,*,#1157,.T.);
#1607=ORIENTED_EDGE('',*,*,#1158,.T.);
#1608=ORIENTED_EDGE('',*,*,#1137,.F.);
#1609=ORIENTED_EDGE('',*,*,#1157,.F.);
#1610=ORIENTED_EDGE('',*,*,#1151,.F.);
#1611=ORIENTED_EDGE('',*,*,#1159,.F.);
#1612=ORIENTED_EDGE('',*,*,#1135,.F.);
#1613=ORIENTED_EDGE('',*,*,#1159,.T.);
#1614=ORIENTED_EDGE('',*,*,#1152,.F.);
#1615=ORIENTED_EDGE('',*,*,#1160,.T.);
#1616=ORIENTED_EDGE('',*,*,#1077,.T.);
#1617=ORIENTED_EDGE('',*,*,#1086,.F.);
#1618=ORIENTED_EDGE('',*,*,#1161,.T.);
#1619=ORIENTED_EDGE('',*,*,#1162,.F.);
#1620=ORIENTED_EDGE('',*,*,#1160,.F.);
#1621=ORIENTED_EDGE('',*,*,#1081,.F.);
#1622=ORIENTED_EDGE('',*,*,#1163,.T.);
#1623=ORIENTED_EDGE('',*,*,#1164,.T.);
#1624=ORIENTED_EDGE('',*,*,#1165,.T.);
#1625=ORIENTED_EDGE('',*,*,#1161,.F.);
#1626=ORIENTED_EDGE('',*,*,#1085,.F.);
#1627=ORIENTED_EDGE('',*,*,#1166,.T.);
#1628=ORIENTED_EDGE('',*,*,#1167,.F.);
#1629=ORIENTED_EDGE('',*,*,#1168,.T.);
#1630=ORIENTED_EDGE('',*,*,#1163,.F.);
#1631=ORIENTED_EDGE('',*,*,#1155,.F.);
#1632=ORIENTED_EDGE('',*,*,#1169,.F.);
#1633=ORIENTED_EDGE('',*,*,#1170,.F.);
#1634=ORIENTED_EDGE('',*,*,#1166,.F.);
#1635=ORIENTED_EDGE('',*,*,#1147,.F.);
#1636=ORIENTED_EDGE('',*,*,#1171,.F.);
#1637=ORIENTED_EDGE('',*,*,#1105,.F.);
#1638=ORIENTED_EDGE('',*,*,#1103,.F.);
#1639=ORIENTED_EDGE('',*,*,#1101,.F.);
#1640=ORIENTED_EDGE('',*,*,#1098,.F.);
#1641=ORIENTED_EDGE('',*,*,#1095,.F.);
#1642=ORIENTED_EDGE('',*,*,#1089,.F.);
#1643=ORIENTED_EDGE('',*,*,#1154,.F.);
#1644=ORIENTED_EDGE('',*,*,#1083,.F.);
#1645=ORIENTED_EDGE('',*,*,#1079,.F.);
#1646=ORIENTED_EDGE('',*,*,#1088,.F.);
#1647=ORIENTED_EDGE('',*,*,#1153,.F.);
#1648=ORIENTED_EDGE('',*,*,#1149,.F.);
#1649=ORIENTED_EDGE('',*,*,#1118,.F.);
#1650=ORIENTED_EDGE('',*,*,#1172,.T.);
#1651=ORIENTED_EDGE('',*,*,#1100,.F.);
#1652=ORIENTED_EDGE('',*,*,#1173,.T.);
#1653=ORIENTED_EDGE('',*,*,#1121,.F.);
#1654=ORIENTED_EDGE('',*,*,#1174,.F.);
#1655=ORIENTED_EDGE('',*,*,#1097,.F.);
#1656=ORIENTED_EDGE('',*,*,#1172,.F.);
#1657=ORIENTED_EDGE('',*,*,#1111,.F.);
#1658=ORIENTED_EDGE('',*,*,#1175,.F.);
#1659=ORIENTED_EDGE('',*,*,#1107,.F.);
#1660=ORIENTED_EDGE('',*,*,#1110,.F.);
#1661=ORIENTED_EDGE('',*,*,#1176,.T.);
#1662=ORIENTED_EDGE('',*,*,#1143,.F.);
#1663=ORIENTED_EDGE('',*,*,#1156,.T.);
#1664=ORIENTED_EDGE('',*,*,#1108,.F.);
#1665=ORIENTED_EDGE('',*,*,#1171,.T.);
#1666=ORIENTED_EDGE('',*,*,#1057,.F.);
#1667=ORIENTED_EDGE('',*,*,#1177,.T.);
#1668=ORIENTED_EDGE('',*,*,#1130,.F.);
#1669=ORIENTED_EDGE('',*,*,#1075,.T.);
#1670=ORIENTED_EDGE('',*,*,#1059,.F.);
#1671=ORIENTED_EDGE('',*,*,#1178,.T.);
#1672=ORIENTED_EDGE('',*,*,#1179,.F.);
#1673=ORIENTED_EDGE('',*,*,#1169,.T.);
#1674=ORIENTED_EDGE('',*,*,#1091,.F.);
#1675=ORIENTED_EDGE('',*,*,#1180,.F.);
#1676=ORIENTED_EDGE('',*,*,#1127,.F.);
#1677=ORIENTED_EDGE('',*,*,#1177,.F.);
#1678=ORIENTED_EDGE('',*,*,#1124,.F.);
#1679=ORIENTED_EDGE('',*,*,#1180,.T.);
#1680=ORIENTED_EDGE('',*,*,#1094,.F.);
#1681=ORIENTED_EDGE('',*,*,#1174,.T.);
#1682=ORIENTED_EDGE('',*,*,#1072,.F.);
#1683=ORIENTED_EDGE('',*,*,#1181,.F.);
#1684=ORIENTED_EDGE('',*,*,#1164,.F.);
#1685=ORIENTED_EDGE('',*,*,#1168,.F.);
#1686=ORIENTED_EDGE('',*,*,#1067,.T.);
#1687=ORIENTED_EDGE('',*,*,#1165,.F.);
#1688=ORIENTED_EDGE('',*,*,#1181,.T.);
#1689=ORIENTED_EDGE('',*,*,#1071,.T.);
#1690=ORIENTED_EDGE('',*,*,#1074,.T.);
#1691=ORIENTED_EDGE('',*,*,#1078,.T.);
#1692=ORIENTED_EDGE('',*,*,#1162,.T.);
#1693=ORIENTED_EDGE('',*,*,#1167,.T.);
#1694=ORIENTED_EDGE('',*,*,#1170,.T.);
#1695=ORIENTED_EDGE('',*,*,#1179,.T.);
#1696=ORIENTED_EDGE('',*,*,#1182,.T.);
#1697=ORIENTED_EDGE('',*,*,#1068,.F.);
#1698=ORIENTED_EDGE('',*,*,#1158,.F.);
#1699=ORIENTED_EDGE('',*,*,#1183,.T.);
#1700=ORIENTED_EDGE('',*,*,#1176,.F.);
#1701=ORIENTED_EDGE('',*,*,#1183,.F.);
#1702=ORIENTED_EDGE('',*,*,#1064,.F.);
#1703=ORIENTED_EDGE('',*,*,#1069,.T.);
#1704=ORIENTED_EDGE('',*,*,#1182,.F.);
#1705=ORIENTED_EDGE('',*,*,#1178,.F.);
#1706=ORIENTED_EDGE('',*,*,#1116,.F.);
#1707=ORIENTED_EDGE('',*,*,#1173,.F.);
#1708=ORIENTED_EDGE('',*,*,#1102,.F.);
#1709=ORIENTED_EDGE('',*,*,#1175,.T.);
#1710=PLANE('',#1924);
#1711=PLANE('',#1928);
#1712=PLANE('',#1932);
#1713=PLANE('',#1939);
#1714=PLANE('',#1942);
#1715=PLANE('',#1944);
#1716=PLANE('',#1946);
#1717=PLANE('',#1950);
#1718=PLANE('',#1953);
#1719=PLANE('',#1959);
#1720=PLANE('',#1961);
#1721=PLANE('',#1964);
#1722=PLANE('',#1966);
#1723=PLANE('',#1971);
#1724=PLANE('',#1972);
#1725=PLANE('',#1976);
#1726=PLANE('',#1980);
#1727=PLANE('',#1987);
#1728=PLANE('',#1990);
#1729=PLANE('',#1992);
#1730=PLANE('',#1995);
#1731=PLANE('',#1999);
#1732=PLANE('',#2002);
#1733=PLANE('',#2008);
#1734=PLANE('',#2010);
#1735=PLANE('',#2013);
#1736=PLANE('',#2015);
#1737=PLANE('',#2019);
#1738=PLANE('',#2021);
#1739=PLANE('',#2022);
#1740=PLANE('',#2023);
#1741=PLANE('',#2027);
#1742=PLANE('',#2028);
#1743=PLANE('',#2029);
#1744=PLANE('',#2030);
#1745=PLANE('',#2032);
#1746=PLANE('',#2034);
#1747=PLANE('',#2035);
#1748=PLANE('',#2037);
#1749=PLANE('',#2038);
#1750=PLANE('',#2039);
#1751=PLANE('',#2040);
#1752=PLANE('',#2041);
#1753=PLANE('',#2045);
#1754=PLANE('',#2049);
#1755=PLANE('',#2050);
#1756=PLANE('',#2054);
#1757=PLANE('',#2055);
#1758=PLANE('',#2059);
#1759=PLANE('',#2063);
#1760=PLANE('',#2067);
#1761=PLANE('',#2071);
#1762=PLANE('',#2072);
#1763=PLANE('',#2076);
#1764=PLANE('',#2077);
#1765=PLANE('',#2081);
#1766=PLANE('',#2082);
#1767=PLANE('',#2083);
#1768=PLANE('',#2085);
#1769=PLANE('',#2087);
#1770=PLANE('',#2088);
#1771=PLANE('',#2090);
#1772=PLANE('',#2092);
#1773=PLANE('',#2093);
#1774=PLANE('',#2095);
#1775=PLANE('',#2096);
#1776=PLANE('',#2100);
#1777=PLANE('',#2103);
#1778=PLANE('',#2107);
#1779=PLANE('',#2108);
#1780=ADVANCED_FACE('',(#153),#1710,.T.);
#1781=ADVANCED_FACE('',(#154),#127,.F.);
#1782=ADVANCED_FACE('',(#155),#1711,.T.);
#1783=ADVANCED_FACE('',(#156),#128,.T.);
#1784=ADVANCED_FACE('',(#157),#1712,.T.);
#1785=ADVANCED_FACE('',(#158),#129,.F.);
#1786=ADVANCED_FACE('',(#159),#130,.T.);
#1787=ADVANCED_FACE('',(#160),#1713,.T.);
#1788=ADVANCED_FACE('',(#161),#39,.T.);
#1789=ADVANCED_FACE('',(#162),#1714,.T.);
#1790=ADVANCED_FACE('',(#163,#29),#1715,.T.);
#1791=ADVANCED_FACE('',(#164),#1716,.T.);
#1792=ADVANCED_FACE('',(#165),#131,.T.);
#1793=ADVANCED_FACE('',(#166),#1717,.T.);
#1794=ADVANCED_FACE('',(#167),#132,.T.);
#1795=ADVANCED_FACE('',(#168),#1718,.T.);
#1796=ADVANCED_FACE('',(#169),#133,.T.);
#1797=ADVANCED_FACE('',(#170),#134,.T.);
#1798=ADVANCED_FACE('',(#171),#1719,.T.);
#1799=ADVANCED_FACE('',(#172),#40,.T.);
#1800=ADVANCED_FACE('',(#173,#30),#1720,.T.);
#1801=ADVANCED_FACE('',(#174),#41,.T.);
#1802=ADVANCED_FACE('',(#175,#31),#1721,.T.);
#1803=ADVANCED_FACE('',(#176,#32),#1722,.T.);
#1804=ADVANCED_FACE('',(#177),#42,.F.);
#1805=ADVANCED_FACE('',(#178),#43,.F.);
#1806=ADVANCED_FACE('',(#179),#44,.F.);
#1807=ADVANCED_FACE('',(#180),#1723,.F.);
#1808=ADVANCED_FACE('',(#181),#1724,.T.);
#1809=ADVANCED_FACE('',(#182),#135,.T.);
#1810=ADVANCED_FACE('',(#183),#1725,.T.);
#1811=ADVANCED_FACE('',(#184),#136,.T.);
#1812=ADVANCED_FACE('',(#185),#1726,.T.);
#1813=ADVANCED_FACE('',(#186),#137,.T.);
#1814=ADVANCED_FACE('',(#187),#138,.T.);
#1815=ADVANCED_FACE('',(#188),#1727,.T.);
#1816=ADVANCED_FACE('',(#189),#45,.T.);
#1817=ADVANCED_FACE('',(#190),#1728,.T.);
#1818=ADVANCED_FACE('',(#191,#33),#1729,.T.);
#1819=ADVANCED_FACE('',(#192),#46,.T.);
#1820=ADVANCED_FACE('',(#193),#1730,.T.);
#1821=ADVANCED_FACE('',(#194),#139,.F.);
#1822=ADVANCED_FACE('',(#195),#1731,.T.);
#1823=ADVANCED_FACE('',(#196),#140,.T.);
#1824=ADVANCED_FACE('',(#197),#1732,.T.);
#1825=ADVANCED_FACE('',(#198),#141,.F.);
#1826=ADVANCED_FACE('',(#199),#142,.T.);
#1827=ADVANCED_FACE('',(#200),#1733,.T.);
#1828=ADVANCED_FACE('',(#201),#47,.T.);
#1829=ADVANCED_FACE('',(#202,#34),#1734,.T.);
#1830=ADVANCED_FACE('',(#203),#48,.F.);
#1831=ADVANCED_FACE('',(#204,#35),#1735,.T.);
#1832=ADVANCED_FACE('',(#205,#36),#1736,.T.);
#1833=ADVANCED_FACE('',(#206),#49,.F.);
#1834=ADVANCED_FACE('',(#207),#50,.F.);
#1835=ADVANCED_FACE('',(#208),#1737,.F.);
#1836=ADVANCED_FACE('',(#209),#1738,.T.);
#1837=ADVANCED_FACE('',(#210),#1739,.T.);
#1838=ADVANCED_FACE('',(#211),#1740,.T.);
#1839=ADVANCED_FACE('',(#212),#143,.T.);
#1840=ADVANCED_FACE('',(#213),#1741,.T.);
#1841=ADVANCED_FACE('',(#214),#1742,.T.);
#1842=ADVANCED_FACE('',(#215),#1743,.T.);
#1843=ADVANCED_FACE('',(#216),#1744,.F.);
#1844=ADVANCED_FACE('',(#217),#1745,.F.);
#1845=ADVANCED_FACE('',(#218),#1746,.F.);
#1846=ADVANCED_FACE('',(#219),#1747,.T.);
#1847=ADVANCED_FACE('',(#220),#1748,.F.);
#1848=ADVANCED_FACE('',(#221),#1749,.T.);
#1849=ADVANCED_FACE('',(#222),#1750,.T.);
#1850=ADVANCED_FACE('',(#223),#1751,.T.);
#1851=ADVANCED_FACE('',(#224),#1752,.T.);
#1852=ADVANCED_FACE('',(#225),#144,.T.);
#1853=ADVANCED_FACE('',(#226),#1753,.T.);
#1854=ADVANCED_FACE('',(#227),#145,.T.);
#1855=ADVANCED_FACE('',(#228),#1754,.T.);
#1856=ADVANCED_FACE('',(#229),#1755,.T.);
#1857=ADVANCED_FACE('',(#230),#146,.T.);
#1858=ADVANCED_FACE('',(#231),#1756,.T.);
#1859=ADVANCED_FACE('',(#232),#1757,.T.);
#1860=ADVANCED_FACE('',(#233),#147,.T.);
#1861=ADVANCED_FACE('',(#234),#1758,.T.);
#1862=ADVANCED_FACE('',(#235),#148,.T.);
#1863=ADVANCED_FACE('',(#236),#1759,.T.);
#1864=ADVANCED_FACE('',(#237),#149,.T.);
#1865=ADVANCED_FACE('',(#238),#1760,.T.);
#1866=ADVANCED_FACE('',(#239),#150,.T.);
#1867=ADVANCED_FACE('',(#240),#1761,.T.);
#1868=ADVANCED_FACE('',(#241),#1762,.T.);
#1869=ADVANCED_FACE('',(#242),#151,.T.);
#1870=ADVANCED_FACE('',(#243),#1763,.T.);
#1871=ADVANCED_FACE('',(#244),#1764,.T.);
#1872=ADVANCED_FACE('',(#245),#152,.T.);
#1873=ADVANCED_FACE('',(#246),#1765,.T.);
#1874=ADVANCED_FACE('',(#247),#1766,.T.);
#1875=ADVANCED_FACE('',(#248,#37),#1767,.T.);
#1876=ADVANCED_FACE('',(#249),#1768,.T.);
#1877=ADVANCED_FACE('',(#250),#51,.T.);
#1878=ADVANCED_FACE('',(#251),#1769,.F.);
#1879=ADVANCED_FACE('',(#252),#1770,.F.);
#1880=ADVANCED_FACE('',(#253),#1771,.F.);
#1881=ADVANCED_FACE('',(#254),#1772,.F.);
#1882=ADVANCED_FACE('',(#255),#1773,.F.);
#1883=ADVANCED_FACE('',(#256),#52,.T.);
#1884=ADVANCED_FACE('',(#257),#1774,.T.);
#1885=ADVANCED_FACE('',(#258,#38),#1775,.T.);
#1886=ADVANCED_FACE('',(#259),#53,.T.);
#1887=ADVANCED_FACE('',(#260),#54,.T.);
#1888=ADVANCED_FACE('',(#261),#1776,.T.);
#1889=ADVANCED_FACE('',(#262),#55,.T.);
#1890=ADVANCED_FACE('',(#263),#1777,.F.);
#1891=ADVANCED_FACE('',(#264),#56,.F.);
#1892=ADVANCED_FACE('',(#265),#57,.F.);
#1893=ADVANCED_FACE('',(#266),#58,.F.);
#1894=ADVANCED_FACE('',(#267),#1778,.F.);
#1895=ADVANCED_FACE('',(#268),#1779,.T.);
#1896=CLOSED_SHELL('',(#1780,#1781,#1782,#1783,#1784,#1785,#1786,#1787,
#1788,#1789,#1790,#1791,#1792,#1793,#1794,#1795,#1796,#1797,#1798,#1799,
#1800,#1801,#1802,#1803,#1804,#1805,#1806,#1807));
#1897=CLOSED_SHELL('',(#1808,#1809,#1810,#1811,#1812,#1813,#1814,#1815,
#1816,#1817,#1818,#1819,#1820,#1821,#1822,#1823,#1824,#1825,#1826,#1827,
#1828,#1829,#1830,#1831,#1832,#1833,#1834,#1835));
#1898=CLOSED_SHELL('',(#1836,#1837,#1838,#1839,#1840,#1841,#1842,#1843,
#1844,#1845,#1846,#1847,#1848,#1849,#1850,#1851,#1852,#1853,#1854,#1855,
#1856,#1857,#1858,#1859,#1860,#1861,#1862,#1863,#1864,#1865,#1866,#1867,
#1868,#1869,#1870,#1871,#1872,#1873,#1874,#1875,#1876,#1877,#1878,#1879,
#1880,#1881,#1882,#1883,#1884,#1885,#1886,#1887,#1888,#1889,#1890,#1891,
#1892,#1893,#1894,#1895));
#1899=DERIVED_UNIT_ELEMENT(#1903,1.);
#1900=DERIVED_UNIT_ELEMENT(#3264,-3.);
#1901=DERIVED_UNIT_ELEMENT(#1903,1.);
#1902=DERIVED_UNIT_ELEMENT(#3264,-3.);
#1903=(
MASS_UNIT()
NAMED_UNIT(*)
SI_UNIT(.KILO.,.GRAM.)
);
#1904=DERIVED_UNIT((#1899,#1900));
#1905=DERIVED_UNIT((#1901,#1902));
#1906=MEASURE_REPRESENTATION_ITEM('density measure',
POSITIVE_RATIO_MEASURE(7850.),#1904);
#1907=MEASURE_REPRESENTATION_ITEM('density measure',
POSITIVE_RATIO_MEASURE(7850.),#1905);
#1908=PROPERTY_DEFINITION_REPRESENTATION(#1918,#1912);
#1909=PROPERTY_DEFINITION_REPRESENTATION(#1919,#1913);
#1910=PROPERTY_DEFINITION_REPRESENTATION(#1920,#1914);
#1911=PROPERTY_DEFINITION_REPRESENTATION(#1921,#1915);
#1912=REPRESENTATION('material name',(#1916),#3260);
#1913=REPRESENTATION('density',(#1906),#3260);
#1914=REPRESENTATION('material name',(#1917),#3261);
#1915=REPRESENTATION('density',(#1907),#3261);
#1916=DESCRIPTIVE_REPRESENTATION_ITEM('Steel','Steel');
#1917=DESCRIPTIVE_REPRESENTATION_ITEM('Steel','Steel');
#1918=PROPERTY_DEFINITION('material property','material name',#3280);
#1919=PROPERTY_DEFINITION('material property','density of part',#3280);
#1920=PROPERTY_DEFINITION('material property','material name',#3281);
#1921=PROPERTY_DEFINITION('material property','density of part',#3281);
#1922=AXIS2_PLACEMENT_3D('',#2667,#2111,#2112);
#1923=AXIS2_PLACEMENT_3D('',#2668,#2113,#2114);
#1924=AXIS2_PLACEMENT_3D('',#2669,#2115,#2116);
#1925=AXIS2_PLACEMENT_3D('',#2681,#2120,#2121);
#1926=AXIS2_PLACEMENT_3D('',#2684,#2122,#2123);
#1927=AXIS2_PLACEMENT_3D('',#2691,#2124,#2125);
#1928=AXIS2_PLACEMENT_3D('',#2696,#2126,#2127);
#1929=AXIS2_PLACEMENT_3D('',#2702,#2131,#2132);
#1930=AXIS2_PLACEMENT_3D('',#2704,#2133,#2134);
#1931=AXIS2_PLACEMENT_3D('',#2707,#2136,#2137);
#1932=AXIS2_PLACEMENT_3D('',#2708,#2138,#2139);
#1933=AXIS2_PLACEMENT_3D('',#2717,#2142,#2143);
#1934=AXIS2_PLACEMENT_3D('',#2718,#2144,#2145);
#1935=AXIS2_PLACEMENT_3D('',#2719,#2146,#2147);
#1936=AXIS2_PLACEMENT_3D('',#2720,#2148,#2149);
#1937=AXIS2_PLACEMENT_3D('',#2722,#2150,#2151);
#1938=AXIS2_PLACEMENT_3D('',#2725,#2153,#2154);
#1939=AXIS2_PLACEMENT_3D('',#2726,#2155,#2156);
#1940=AXIS2_PLACEMENT_3D('',#2729,#2159,#2160);
#1941=AXIS2_PLACEMENT_3D('',#2733,#2162,#2163);
#1942=AXIS2_PLACEMENT_3D('',#2735,#2165,#2166);
#1943=AXIS2_PLACEMENT_3D('',#2741,#2169,#2170);
#1944=AXIS2_PLACEMENT_3D('',#2743,#2172,#2173);
#1945=AXIS2_PLACEMENT_3D('',#2746,#2175,#2176);
#1946=AXIS2_PLACEMENT_3D('',#2747,#2177,#2178);
#1947=AXIS2_PLACEMENT_3D('',#2759,#2182,#2183);
#1948=AXIS2_PLACEMENT_3D('',#2761,#2184,#2185);
#1949=AXIS2_PLACEMENT_3D('',#2767,#2186,#2187);
#1950=AXIS2_PLACEMENT_3D('',#2768,#2188,#2189);
#1951=AXIS2_PLACEMENT_3D('',#2777,#2192,#2193);
#1952=AXIS2_PLACEMENT_3D('',#2780,#2195,#2196);
#1953=AXIS2_PLACEMENT_3D('',#2781,#2197,#2198);
#1954=AXIS2_PLACEMENT_3D('',#2784,#2201,#2202);
#1955=AXIS2_PLACEMENT_3D('',#2786,#2203,#2204);
#1956=AXIS2_PLACEMENT_3D('',#2791,#2205,#2206);
#1957=AXIS2_PLACEMENT_3D('',#2794,#2208,#2209);
#1958=AXIS2_PLACEMENT_3D('',#2795,#2210,#2211);
#1959=AXIS2_PLACEMENT_3D('',#2796,#2212,#2213);
#1960=AXIS2_PLACEMENT_3D('',#2798,#2215,#2216);
#1961=AXIS2_PLACEMENT_3D('',#2800,#2218,#2219);
#1962=AXIS2_PLACEMENT_3D('',#2803,#2221,#2222);
#1963=AXIS2_PLACEMENT_3D('',#2804,#2223,#2224);
#1964=AXIS2_PLACEMENT_3D('',#2806,#2226,#2227);
#1965=AXIS2_PLACEMENT_3D('',#2809,#2229,#2230);
#1966=AXIS2_PLACEMENT_3D('',#2810,#2231,#2232);
#1967=AXIS2_PLACEMENT_3D('',#2812,#2233,#2234);
#1968=AXIS2_PLACEMENT_3D('',#2813,#2235,#2236);
#1969=AXIS2_PLACEMENT_3D('',#2815,#2238,#2239);
#1970=AXIS2_PLACEMENT_3D('',#2817,#2241,#2242);
#1971=AXIS2_PLACEMENT_3D('',#2818,#2243,#2244);
#1972=AXIS2_PLACEMENT_3D('',#2819,#2245,#2246);
#1973=AXIS2_PLACEMENT_3D('',#2831,#2250,#2251);
#1974=AXIS2_PLACEMENT_3D('',#2833,#2252,#2253);
#1975=AXIS2_PLACEMENT_3D('',#2839,#2254,#2255);
#1976=AXIS2_PLACEMENT_3D('',#2840,#2256,#2257);
#1977=AXIS2_PLACEMENT_3D('',#2852,#2261,#2262);
#1978=AXIS2_PLACEMENT_3D('',#2856,#2264,#2265);
#1979=AXIS2_PLACEMENT_3D('',#2857,#2266,#2267);
#1980=AXIS2_PLACEMENT_3D('',#2858,#2268,#2269);
#1981=AXIS2_PLACEMENT_3D('',#2861,#2272,#2273);
#1982=AXIS2_PLACEMENT_3D('',#2863,#2274,#2275);
#1983=AXIS2_PLACEMENT_3D('',#2865,#2276,#2277);
#1984=AXIS2_PLACEMENT_3D('',#2870,#2278,#2279);
#1985=AXIS2_PLACEMENT_3D('',#2874,#2281,#2282);
#1986=AXIS2_PLACEMENT_3D('',#2875,#2283,#2284);
#1987=AXIS2_PLACEMENT_3D('',#2876,#2285,#2286);
#1988=AXIS2_PLACEMENT_3D('',#2879,#2289,#2290);
#1989=AXIS2_PLACEMENT_3D('',#2883,#2292,#2293);
#1990=AXIS2_PLACEMENT_3D('',#2885,#2295,#2296);
#1991=AXIS2_PLACEMENT_3D('',#2891,#2299,#2300);
#1992=AXIS2_PLACEMENT_3D('',#2893,#2302,#2303);
#1993=AXIS2_PLACEMENT_3D('',#2896,#2305,#2306);
#1994=AXIS2_PLACEMENT_3D('',#2897,#2307,#2308);
#1995=AXIS2_PLACEMENT_3D('',#2899,#2310,#2311);
#1996=AXIS2_PLACEMENT_3D('',#2911,#2315,#2316);
#1997=AXIS2_PLACEMENT_3D('',#2913,#2317,#2318);
#1998=AXIS2_PLACEMENT_3D('',#2919,#2319,#2320);
#1999=AXIS2_PLACEMENT_3D('',#2920,#2321,#2322);
#2000=AXIS2_PLACEMENT_3D('',#2929,#2325,#2326);
#2001=AXIS2_PLACEMENT_3D('',#2932,#2328,#2329);
#2002=AXIS2_PLACEMENT_3D('',#2933,#2330,#2331);
#2003=AXIS2_PLACEMENT_3D('',#2936,#2334,#2335);
#2004=AXIS2_PLACEMENT_3D('',#2938,#2336,#2337);
#2005=AXIS2_PLACEMENT_3D('',#2943,#2338,#2339);
#2006=AXIS2_PLACEMENT_3D('',#2946,#2341,#2342);
#2007=AXIS2_PLACEMENT_3D('',#2947,#2343,#2344);
#2008=AXIS2_PLACEMENT_3D('',#2948,#2345,#2346);
#2009=AXIS2_PLACEMENT_3D('',#2950,#2348,#2349);
#2010=AXIS2_PLACEMENT_3D('',#2952,#2351,#2352);
#2011=AXIS2_PLACEMENT_3D('',#2955,#2354,#2355);
#2012=AXIS2_PLACEMENT_3D('',#2956,#2356,#2357);
#2013=AXIS2_PLACEMENT_3D('',#2958,#2359,#2360);
#2014=AXIS2_PLACEMENT_3D('',#2960,#2361,#2362);
#2015=AXIS2_PLACEMENT_3D('',#2961,#2363,#2364);
#2016=AXIS2_PLACEMENT_3D('',#2963,#2365,#2366);
#2017=AXIS2_PLACEMENT_3D('',#2964,#2367,#2368);
#2018=AXIS2_PLACEMENT_3D('',#2966,#2370,#2371);
#2019=AXIS2_PLACEMENT_3D('',#2968,#2373,#2374);
#2020=AXIS2_PLACEMENT_3D('',#2969,#2375,#2376);
#2021=AXIS2_PLACEMENT_3D('',#2970,#2377,#2378);
#2022=AXIS2_PLACEMENT_3D('',#2979,#2383,#2384);
#2023=AXIS2_PLACEMENT_3D('',#2985,#2388,#2389);
#2024=AXIS2_PLACEMENT_3D('',#2994,#2394,#2395);
#2025=AXIS2_PLACEMENT_3D('',#2998,#2397,#2398);
#2026=AXIS2_PLACEMENT_3D('',#2999,#2399,#2400);
#2027=AXIS2_PLACEMENT_3D('',#3000,#2401,#2402);
#2028=AXIS2_PLACEMENT_3D('',#3006,#2406,#2407);
#2029=AXIS2_PLACEMENT_3D('',#3009,#2410,#2411);
#2030=AXIS2_PLACEMENT_3D('',#3012,#2414,#2415);
#2031=AXIS2_PLACEMENT_3D('',#3018,#2418,#2419);
#2032=AXIS2_PLACEMENT_3D('',#3020,#2421,#2422);
#2033=AXIS2_PLACEMENT_3D('',#3024,#2424,#2425);
#2034=AXIS2_PLACEMENT_3D('',#3026,#2427,#2428);
#2035=AXIS2_PLACEMENT_3D('',#3030,#2431,#2432);
#2036=AXIS2_PLACEMENT_3D('',#3037,#2436,#2437);
#2037=AXIS2_PLACEMENT_3D('',#3038,#2438,#2439);
#2038=AXIS2_PLACEMENT_3D('',#3039,#2440,#2441);
#2039=AXIS2_PLACEMENT_3D('',#3048,#2446,#2447);
#2040=AXIS2_PLACEMENT_3D('',#3054,#2451,#2452);
#2041=AXIS2_PLACEMENT_3D('',#3063,#2455,#2456);
#2042=AXIS2_PLACEMENT_3D('',#3072,#2461,#2462);
#2043=AXIS2_PLACEMENT_3D('',#3076,#2464,#2465);
#2044=AXIS2_PLACEMENT_3D('',#3077,#2466,#2467);
#2045=AXIS2_PLACEMENT_3D('',#3078,#2468,#2469);
#2046=AXIS2_PLACEMENT_3D('',#3084,#2473,#2474);
#2047=AXIS2_PLACEMENT_3D('',#3088,#2476,#2477);
#2048=AXIS2_PLACEMENT_3D('',#3089,#2478,#2479);
#2049=AXIS2_PLACEMENT_3D('',#3090,#2480,#2481);
#2050=AXIS2_PLACEMENT_3D('',#3096,#2485,#2486);
#2051=AXIS2_PLACEMENT_3D('',#3102,#2490,#2491);
#2052=AXIS2_PLACEMENT_3D('',#3104,#2492,#2493);
#2053=AXIS2_PLACEMENT_3D('',#3107,#2495,#2496);
#2054=AXIS2_PLACEMENT_3D('',#3108,#2497,#2498);
#2055=AXIS2_PLACEMENT_3D('',#3114,#2502,#2503);
#2056=AXIS2_PLACEMENT_3D('',#3120,#2507,#2508);
#2057=AXIS2_PLACEMENT_3D('',#3124,#2510,#2511);
#2058=AXIS2_PLACEMENT_3D('',#3125,#2512,#2513);
#2059=AXIS2_PLACEMENT_3D('',#3126,#2514,#2515);
#2060=AXIS2_PLACEMENT_3D('',#3132,#2519,#2520);
#2061=AXIS2_PLACEMENT_3D('',#3136,#2522,#2523);
#2062=AXIS2_PLACEMENT_3D('',#3137,#2524,#2525);
#2063=AXIS2_PLACEMENT_3D('',#3138,#2526,#2527);
#2064=AXIS2_PLACEMENT_3D('',#3144,#2531,#2532);
#2065=AXIS2_PLACEMENT_3D('',#3147,#2534,#2535);
#2066=AXIS2_PLACEMENT_3D('',#3148,#2536,#2537);
#2067=AXIS2_PLACEMENT_3D('',#3149,#2538,#2539);
#2068=AXIS2_PLACEMENT_3D('',#3153,#2542,#2543);
#2069=AXIS2_PLACEMENT_3D('',#3157,#2545,#2546);
#2070=AXIS2_PLACEMENT_3D('',#3158,#2547,#2548);
#2071=AXIS2_PLACEMENT_3D('',#3159,#2549,#2550);
#2072=AXIS2_PLACEMENT_3D('',#3165,#2554,#2555);
#2073=AXIS2_PLACEMENT_3D('',#3171,#2559,#2560);
#2074=AXIS2_PLACEMENT_3D('',#3173,#2561,#2562);
#2075=AXIS2_PLACEMENT_3D('',#3176,#2564,#2565);
#2076=AXIS2_PLACEMENT_3D('',#3177,#2566,#2567);
#2077=AXIS2_PLACEMENT_3D('',#3183,#2571,#2572);
#2078=AXIS2_PLACEMENT_3D('',#3189,#2576,#2577);
#2079=AXIS2_PLACEMENT_3D('',#3190,#2578,#2579);
#2080=AXIS2_PLACEMENT_3D('',#3191,#2580,#2581);
#2081=AXIS2_PLACEMENT_3D('',#3192,#2582,#2583);
#2082=AXIS2_PLACEMENT_3D('',#3195,#2586,#2587);
#2083=AXIS2_PLACEMENT_3D('',#3197,#2589,#2590);
#2084=AXIS2_PLACEMENT_3D('',#3200,#2592,#2593);
#2085=AXIS2_PLACEMENT_3D('',#3201,#2594,#2595);
#2086=AXIS2_PLACEMENT_3D('',#3203,#2597,#2598);
#2087=AXIS2_PLACEMENT_3D('',#3205,#2600,#2601);
#2088=AXIS2_PLACEMENT_3D('',#3209,#2604,#2605);
#2089=AXIS2_PLACEMENT_3D('',#3214,#2608,#2609);
#2090=AXIS2_PLACEMENT_3D('',#3215,#2610,#2611);
#2091=AXIS2_PLACEMENT_3D('',#3218,#2613,#2614);
#2092=AXIS2_PLACEMENT_3D('',#3220,#2616,#2617);
#2093=AXIS2_PLACEMENT_3D('',#3224,#2620,#2621);
#2094=AXIS2_PLACEMENT_3D('',#3226,#2623,#2624);
#2095=AXIS2_PLACEMENT_3D('',#3229,#2627,#2628);
#2096=AXIS2_PLACEMENT_3D('',#3231,#2630,#2631);
#2097=AXIS2_PLACEMENT_3D('',#3234,#2633,#2634);
#2098=AXIS2_PLACEMENT_3D('',#3235,#2635,#2636);
#2099=AXIS2_PLACEMENT_3D('',#3236,#2637,#2638);
#2100=AXIS2_PLACEMENT_3D('',#3238,#2640,#2641);
#2101=AXIS2_PLACEMENT_3D('',#3241,#2643,#2644);
#2102=AXIS2_PLACEMENT_3D('',#3243,#2646,#2647);
#2103=AXIS2_PLACEMENT_3D('',#3244,#2648,#2649);
#2104=AXIS2_PLACEMENT_3D('',#3246,#2651,#2652);
#2105=AXIS2_PLACEMENT_3D('',#3247,#2653,#2654);
#2106=AXIS2_PLACEMENT_3D('',#3249,#2656,#2657);
#2107=AXIS2_PLACEMENT_3D('',#3251,#2659,#2660);
#2108=AXIS2_PLACEMENT_3D('',#3252,#2661,#2662);
#2109=AXIS2_PLACEMENT_3D('',#3253,#2663,#2664);
#2110=AXIS2_PLACEMENT_3D('',#3254,#2665,#2666);
#2111=DIRECTION('axis',(0.,0.,1.));
#2112=DIRECTION('refdir',(1.,0.,0.));
#2113=DIRECTION('axis',(0.,0.,1.));
#2114=DIRECTION('refdir',(1.,0.,0.));
#2115=DIRECTION('center_axis',(0.,-0.707106781186547,-0.707106781186548));
#2116=DIRECTION('ref_axis',(-1.,0.,0.));
#2117=DIRECTION('',(1.,0.,0.));
#2118=DIRECTION('',(0.,-0.707106781186548,0.707106781186547));
#2119=DIRECTION('',(-1.,0.,0.));
#2120=DIRECTION('center_axis',(0.,0.,1.));
#2121=DIRECTION('ref_axis',(0.962091385841669,0.272727272727273,0.));
#2122=DIRECTION('center_axis',(0.,0.,1.));
#2123=DIRECTION('ref_axis',(0.962091385841669,0.272727272727273,0.));
#2124=DIRECTION('center_axis',(0.,0.,-1.));
#2125=DIRECTION('ref_axis',(0.962091385841669,0.272727272727273,0.));
#2126=DIRECTION('center_axis',(-4.9065389333868E-17,-0.707106781186547,
0.707106781186548));
#2127=DIRECTION('ref_axis',(1.,0.,6.93889390390723E-17));
#2128=DIRECTION('',(-1.,6.93889390390723E-17,0.));
#2129=DIRECTION('',(0.,-0.707106781186547,-0.707106781186548));
#2130=DIRECTION('',(1.,-6.93889390390723E-17,0.));
#2131=DIRECTION('center_axis',(0.,1.,0.));
#2132=DIRECTION('ref_axis',(-0.707106781186547,2.3686739678419E-17,-0.707106781186548));
#2133=DIRECTION('center_axis',(-6.93889390390723E-17,-1.,0.));
#2134=DIRECTION('ref_axis',(-0.707106781186547,0.,-0.707106781186548));
#2135=DIRECTION('',(-3.92523114670943E-15,-0.707106781186547,0.707106781186548));
#2136=DIRECTION('center_axis',(6.93889390390723E-17,1.,0.));
#2137=DIRECTION('ref_axis',(-0.707106781186547,4.90653893338679E-17,-0.707106781186548));
#2138=DIRECTION('center_axis',(-4.90653893338679E-17,-0.707106781186547,
-0.707106781186548));
#2139=DIRECTION('ref_axis',(-1.,0.,6.93889390390722E-17));
#2140=DIRECTION('',(-1.,6.93889390390723E-17,0.));
#2141=DIRECTION('',(1.,-6.93889390390723E-17,0.));
#2142=DIRECTION('center_axis',(0.,0.,-1.));
#2143=DIRECTION('ref_axis',(0.962091385841669,0.272727272727273,0.));
#2144=DIRECTION('center_axis',(0.,0.,1.));
#2145=DIRECTION('ref_axis',(0.962091385841669,0.272727272727273,0.));
#2146=DIRECTION('center_axis',(0.,0.,-1.));
#2147=DIRECTION('ref_axis',(0.962091385841669,0.272727272727273,0.));
#2148=DIRECTION('center_axis',(0.,1.,0.));
#2149=DIRECTION('ref_axis',(0.707106781186548,0.,0.707106781186547));
#2150=DIRECTION('center_axis',(0.,-1.,0.));
#2151=DIRECTION('ref_axis',(0.707106781186548,0.,0.707106781186547));
#2152=DIRECTION('',(3.92523114670943E-15,-0.707106781186548,-0.707106781186548));
#2153=DIRECTION('center_axis',(0.,1.,0.));
#2154=DIRECTION('ref_axis',(0.707106781186548,0.,0.707106781186547));
#2155=DIRECTION('center_axis',(0.,-0.707106781186548,0.707106781186548));
#2156=DIRECTION('ref_axis',(1.,0.,0.));
#2157=DIRECTION('',(1.,0.,0.));
#2158=DIRECTION('',(-1.,0.,0.));
#2159=DIRECTION('center_axis',(0.,1.,0.));
#2160=DIRECTION('ref_axis',(-0.707106781186547,0.,-0.707106781186548));
#2161=DIRECTION('',(0.,1.,0.));
#2162=DIRECTION('center_axis',(0.,1.,0.));
#2163=DIRECTION('ref_axis',(-0.707106781186547,0.,-0.707106781186548));
#2164=DIRECTION('',(0.,-1.,0.));
#2165=DIRECTION('center_axis',(0.,0.,1.));
#2166=DIRECTION('ref_axis',(1.,0.,0.));
#2167=DIRECTION('',(0.,-1.,0.));
#2168=DIRECTION('',(1.,-1.12600657577419E-16,0.));
#2169=DIRECTION('center_axis',(0.,0.,-1.));
#2170=DIRECTION('ref_axis',(0.866025403784439,0.5,0.));
#2171=DIRECTION('',(1.,0.,0.));
#2172=DIRECTION('center_axis',(0.,-1.,0.));
#2173=DIRECTION('ref_axis',(1.,0.,0.));
#2174=DIRECTION('',(0.,0.,1.));
#2175=DIRECTION('center_axis',(0.,1.,0.));
#2176=DIRECTION('ref_axis',(1.,0.,0.));
#2177=DIRECTION('center_axis',(7.96206885390571E-17,0.707106781186547,-0.707106781186548));
#2178=DIRECTION('ref_axis',(-1.,0.,-1.12600657577419E-16));
#2179=DIRECTION('',(1.,-1.12600657577419E-16,0.));
#2180=DIRECTION('',(0.,-0.707106781186548,-0.707106781186547));
#2181=DIRECTION('',(-1.,1.12600657577419E-16,0.));
#2182=DIRECTION('center_axis',(0.,0.,1.));
#2183=DIRECTION('ref_axis',(0.866025403784439,0.5,0.));
#2184=DIRECTION('center_axis',(0.,0.,1.));
#2185=DIRECTION('ref_axis',(0.866025403784439,0.5,0.));
#2186=DIRECTION('center_axis',(0.,0.,-1.));
#2187=DIRECTION('ref_axis',(0.866025403784439,0.5,0.));
#2188=DIRECTION('center_axis',(0.,0.707106781186548,0.707106781186548));
#2189=DIRECTION('ref_axis',(1.,0.,0.));
#2190=DIRECTION('',(-1.,0.,0.));
#2191=DIRECTION('',(0.,-0.707106781186548,0.707106781186548));
#2192=DIRECTION('center_axis',(0.,-1.,0.));
#2193=DIRECTION('ref_axis',(-0.707106781186547,0.,-0.707106781186548));
#2194=DIRECTION('',(3.92523114670943E-15,-0.707106781186547,-0.707106781186548));
#2195=DIRECTION('center_axis',(0.,-1.,0.));
#2196=DIRECTION('ref_axis',(-0.707106781186547,0.,-0.707106781186548));
#2197=DIRECTION('center_axis',(0.,0.707106781186547,-0.707106781186548));
#2198=DIRECTION('ref_axis',(-1.,0.,0.));
#2199=DIRECTION('',(-1.,0.,0.));
#2200=DIRECTION('',(1.,0.,0.));
#2201=DIRECTION('center_axis',(0.,0.,-1.));
#2202=DIRECTION('ref_axis',(0.866025403784439,0.5,0.));
#2203=DIRECTION('center_axis',(0.,0.,1.));
#2204=DIRECTION('ref_axis',(0.866025403784439,0.5,0.));
#2205=DIRECTION('center_axis',(0.,-1.,0.));
#2206=DIRECTION('ref_axis',(0.707106781186548,-3.84375737774759E-17,0.707106781186547));
#2207=DIRECTION('',(-3.92523114670943E-15,-0.707106781186548,0.707106781186546));
#2208=DIRECTION('center_axis',(1.12600657577419E-16,1.,0.));
#2209=DIRECTION('ref_axis',(0.707106781186548,0.,0.707106781186547));
#2210=DIRECTION('center_axis',(-1.12600657577419E-16,-1.,0.));
#2211=DIRECTION('ref_axis',(0.707106781186548,-7.96206885390572E-17,0.707106781186547));
#2212=DIRECTION('center_axis',(7.96206885390571E-17,0.707106781186548,0.707106781186548));
#2213=DIRECTION('ref_axis',(1.,0.,-1.12600657577419E-16));
#2214=DIRECTION('',(-1.,1.12600657577419E-16,0.));
#2215=DIRECTION('center_axis',(0.,1.,0.));
#2216=DIRECTION('ref_axis',(0.707106781186548,0.,0.707106781186547));
#2217=DIRECTION('',(0.,1.,0.));
#2218=DIRECTION('center_axis',(0.,1.,0.));
#2219=DIRECTION('ref_axis',(-1.,0.,0.));
#2220=DIRECTION('',(0.,0.,1.));
#2221=DIRECTION('center_axis',(0.,-1.,0.));
#2222=DIRECTION('ref_axis',(1.,0.,0.));
#2223=DIRECTION('center_axis',(0.,0.,1.));
#2224=DIRECTION('ref_axis',(0.866025403784439,0.5,0.));
#2225=DIRECTION('',(0.,0.,1.));
#2226=DIRECTION('center_axis',(-6.93889390390723E-17,-1.,0.));
#2227=DIRECTION('ref_axis',(1.,-6.93889390390723E-17,0.));
#2228=DIRECTION('',(0.,0.,1.));
#2229=DIRECTION('center_axis',(6.93889390390723E-17,1.,0.));
#2230=DIRECTION('ref_axis',(1.,0.,0.));
#2231=DIRECTION('center_axis',(1.12600657577419E-16,1.,0.));
#2232=DIRECTION('ref_axis',(-1.,1.12600657577419E-16,0.));
#2233=DIRECTION('center_axis',(-1.12600657577419E-16,-1.,0.));
#2234=DIRECTION('ref_axis',(1.,0.,0.));
#2235=DIRECTION('center_axis',(0.,1.,0.));
#2236=DIRECTION('ref_axis',(1.,0.,0.));
#2237=DIRECTION('',(0.,1.,0.));
#2238=DIRECTION('center_axis',(0.,1.,0.));
#2239=DIRECTION('ref_axis',(1.,0.,0.));
#2240=DIRECTION('',(0.,1.,0.));
#2241=DIRECTION('center_axis',(0.,0.,1.));
#2242=DIRECTION('ref_axis',(0.962091385841669,0.272727272727273,0.));
#2243=DIRECTION('center_axis',(0.,0.,1.));
#2244=DIRECTION('ref_axis',(1.,0.,0.));
#2245=DIRECTION('center_axis',(-1.71851690605008E-16,-0.707106781186547,
-0.707106781186548));
#2246=DIRECTION('ref_axis',(-1.,0.,2.43034991570348E-16));
#2247=DIRECTION('',(-1.,2.43034991570348E-16,0.));
#2248=DIRECTION('',(0.,0.707106781186548,-0.707106781186547));
#2249=DIRECTION('',(1.,-2.43034991570348E-16,0.));
#2250=DIRECTION('center_axis',(0.,0.,1.));
#2251=DIRECTION('ref_axis',(-0.927024810886958,-0.375,0.));
#2252=DIRECTION('center_axis',(0.,0.,1.));
#2253=DIRECTION('ref_axis',(-0.927024810886958,-0.375,0.));
#2254=DIRECTION('center_axis',(0.,0.,-1.));
#2255=DIRECTION('ref_axis',(-0.927024810886958,-0.375,0.));
#2256=DIRECTION('center_axis',(-7.96206885390571E-17,-0.707106781186548,
0.707106781186548));
#2257=DIRECTION('ref_axis',(1.,0.,1.12600657577419E-16));
#2258=DIRECTION('',(1.,-1.12600657577419E-16,0.));
#2259=DIRECTION('',(0.,0.707106781186548,0.707106781186548));
#2260=DIRECTION('',(-1.,1.12600657577419E-16,0.));
#2261=DIRECTION('center_axis',(0.,1.,0.));
#2262=DIRECTION('ref_axis',(0.707106781186548,-3.84375737774759E-17,0.707106781186547));
#2263=DIRECTION('',(0.,0.707106781186548,-0.707106781186546));
#2264=DIRECTION('center_axis',(-1.12600657577419E-16,-1.,0.));
#2265=DIRECTION('ref_axis',(0.707106781186548,0.,0.707106781186547));
#2266=DIRECTION('center_axis',(1.12600657577419E-16,1.,0.));
#2267=DIRECTION('ref_axis',(0.707106781186548,-7.96206885390572E-17,0.707106781186547));
#2268=DIRECTION('center_axis',(-7.96206885390571E-17,-0.707106781186547,
-0.707106781186548));
#2269=DIRECTION('ref_axis',(-1.,0.,1.12600657577419E-16));
#2270=DIRECTION('',(1.,-1.12600657577419E-16,0.));
#2271=DIRECTION('',(-1.,1.12600657577419E-16,0.));
#2272=DIRECTION('center_axis',(0.,0.,-1.));
#2273=DIRECTION('ref_axis',(-0.927024810886958,-0.375,0.));
#2274=DIRECTION('center_axis',(0.,0.,1.));
#2275=DIRECTION('ref_axis',(-0.927024810886958,-0.375,0.));
#2276=DIRECTION('center_axis',(0.,0.,-1.));
#2277=DIRECTION('ref_axis',(-0.927024810886958,-0.375,0.));
#2278=DIRECTION('center_axis',(0.,1.,0.));
#2279=DIRECTION('ref_axis',(-0.707106781186547,8.29628851196592E-17,-0.707106781186548));
#2280=DIRECTION('',(0.,0.707106781186549,0.707106781186546));
#2281=DIRECTION('center_axis',(-2.43034991570348E-16,-1.,0.));
#2282=DIRECTION('ref_axis',(-0.707106781186547,0.,-0.707106781186548));
#2283=DIRECTION('center_axis',(2.43034991570348E-16,1.,0.));
#2284=DIRECTION('ref_axis',(-0.707106781186547,1.71851690605008E-16,-0.707106781186548));
#2285=DIRECTION('center_axis',(-1.71851690605008E-16,-0.707106781186548,
0.707106781186548));
#2286=DIRECTION('ref_axis',(1.,0.,2.43034991570348E-16));
#2287=DIRECTION('',(-1.,2.43034991570348E-16,0.));
#2288=DIRECTION('',(1.,-2.43034991570348E-16,0.));
#2289=DIRECTION('center_axis',(0.,-1.,0.));
#2290=DIRECTION('ref_axis',(-0.707106781186547,0.,-0.707106781186548));
#2291=DIRECTION('',(0.,1.,0.));
#2292=DIRECTION('center_axis',(8.30297885161246E-17,1.,0.));
#2293=DIRECTION('ref_axis',(-0.707106781186547,0.,-0.707106781186548));
#2294=DIRECTION('',(0.,-1.,0.));
#2295=DIRECTION('center_axis',(0.,0.,1.));
#2296=DIRECTION('ref_axis',(1.,0.,0.));
#2297=DIRECTION('',(0.,-1.,0.));
#2298=DIRECTION('',(1.,-2.77555756156289E-16,0.));
#2299=DIRECTION('center_axis',(0.,0.,1.));
#2300=DIRECTION('ref_axis',(-0.995859195463938,-0.0909090909090906,0.));
#2301=DIRECTION('',(1.,-8.30297885161246E-17,0.));
#2302=DIRECTION('center_axis',(-1.12600657577419E-16,-1.,0.));
#2303=DIRECTION('ref_axis',(1.,-1.12600657577419E-16,0.));
#2304=DIRECTION('',(0.,0.,1.));
#2305=DIRECTION('center_axis',(1.12600657577419E-16,1.,0.));
#2306=DIRECTION('ref_axis',(1.,0.,0.));
#2307=DIRECTION('center_axis',(0.,0.,1.));
#2308=DIRECTION('ref_axis',(-0.927024810886958,-0.375,0.));
#2309=DIRECTION('',(0.,0.,1.));
#2310=DIRECTION('center_axis',(1.96261557335472E-16,0.707106781186548,-0.707106781186547));
#2311=DIRECTION('ref_axis',(-1.,0.,-2.77555756156289E-16));
#2312=DIRECTION('',(1.,-2.77555756156289E-16,0.));
#2313=DIRECTION('',(0.,-0.707106781186547,-0.707106781186548));
#2314=DIRECTION('',(-1.,2.77555756156289E-16,0.));
#2315=DIRECTION('center_axis',(0.,0.,-1.));
#2316=DIRECTION('ref_axis',(-0.995859195463939,-0.0909090909090906,0.));
#2317=DIRECTION('center_axis',(0.,0.,-1.));
#2318=DIRECTION('ref_axis',(-0.995859195463938,-0.0909090909090906,0.));
#2319=DIRECTION('center_axis',(0.,0.,1.));
#2320=DIRECTION('ref_axis',(-0.995859195463938,-0.0909090909090906,0.));
#2321=DIRECTION('center_axis',(5.87109265002367E-17,0.707106781186548,0.707106781186547));
#2322=DIRECTION('ref_axis',(1.,0.,-8.30297885161247E-17));
#2323=DIRECTION('',(-1.,8.30297885161246E-17,0.));
#2324=DIRECTION('',(0.,-0.707106781186547,0.707106781186548));
#2325=DIRECTION('center_axis',(0.,-1.,0.));
#2326=DIRECTION('ref_axis',(-0.707106781186547,2.8343205896666E-17,-0.707106781186548));
#2327=DIRECTION('',(3.92523114670943E-15,-0.707106781186548,-0.707106781186547));
#2328=DIRECTION('center_axis',(-8.30297885161246E-17,-1.,0.));
#2329=DIRECTION('ref_axis',(-0.707106781186547,5.87109265002366E-17,-0.707106781186548));
#2330=DIRECTION('center_axis',(5.87109265002367E-17,0.707106781186548,-0.707106781186547));
#2331=DIRECTION('ref_axis',(-1.,0.,-8.30297885161246E-17));
#2332=DIRECTION('',(-1.,8.30297885161246E-17,0.));
#2333=DIRECTION('',(1.,-8.30297885161246E-17,0.));
#2334=DIRECTION('center_axis',(0.,0.,1.));
#2335=DIRECTION('ref_axis',(-0.995859195463939,-0.0909090909090906,0.));
#2336=DIRECTION('center_axis',(0.,0.,-1.));
#2337=DIRECTION('ref_axis',(-0.995859195463938,-0.0909090909090906,0.));
#2338=DIRECTION('center_axis',(0.,-1.,0.));
#2339=DIRECTION('ref_axis',(0.707106781186548,-9.47469587136761E-17,0.707106781186547));
#2340=DIRECTION('',(-3.92523114670943E-15,-0.707106781186549,0.707106781186546));
#2341=DIRECTION('center_axis',(2.77555756156289E-16,1.,0.));
#2342=DIRECTION('ref_axis',(0.707106781186548,0.,0.707106781186547));
#2343=DIRECTION('center_axis',(-2.77555756156289E-16,-1.,0.));
#2344=DIRECTION('ref_axis',(0.707106781186548,-1.96261557335472E-16,0.707106781186547));
#2345=DIRECTION('center_axis',(1.96261557335472E-16,0.707106781186548,0.707106781186547));
#2346=DIRECTION('ref_axis',(1.,0.,-2.7755575615629E-16));
#2347=DIRECTION('',(-1.,2.77555756156289E-16,0.));
#2348=DIRECTION('center_axis',(0.,1.,0.));
#2349=DIRECTION('ref_axis',(0.707106781186548,0.,0.707106781186547));
#2350=DIRECTION('',(0.,1.,0.));
#2351=DIRECTION('center_axis',(8.30297885161246E-17,1.,0.));
#2352=DIRECTION('ref_axis',(-1.,8.30297885161246E-17,0.));
#2353=DIRECTION('',(0.,0.,1.));
#2354=DIRECTION('center_axis',(-8.30297885161246E-17,-1.,0.));
#2355=DIRECTION('ref_axis',(1.,0.,0.));
#2356=DIRECTION('center_axis',(0.,0.,1.));
#2357=DIRECTION('ref_axis',(-0.995859195463938,-0.0909090909090906,0.));
#2358=DIRECTION('',(0.,0.,1.));
#2359=DIRECTION('center_axis',(-2.43034991570348E-16,-1.,0.));
#2360=DIRECTION('ref_axis',(1.,-2.43034991570348E-16,0.));
#2361=DIRECTION('center_axis',(2.43034991570348E-16,1.,0.));
#2362=DIRECTION('ref_axis',(1.,0.,0.));
#2363=DIRECTION('center_axis',(2.77555756156289E-16,1.,0.));
#2364=DIRECTION('ref_axis',(-1.,2.77555756156289E-16,0.));
#2365=DIRECTION('center_axis',(-2.77555756156289E-16,-1.,0.));
#2366=DIRECTION('ref_axis',(1.,0.,0.));
#2367=DIRECTION('center_axis',(0.,1.,0.));
#2368=DIRECTION('ref_axis',(1.,0.,0.));
#2369=DIRECTION('',(0.,1.,0.));
#2370=DIRECTION('center_axis',(0.,1.,0.));
#2371=DIRECTION('ref_axis',(1.,0.,0.));
#2372=DIRECTION('',(0.,1.,0.));
#2373=DIRECTION('center_axis',(0.,0.,1.));
#2374=DIRECTION('ref_axis',(1.,0.,0.));
#2375=DIRECTION('axis',(0.,0.,1.));
#2376=DIRECTION('refdir',(1.,0.,0.));
#2377=DIRECTION('center_axis',(-0.707106781186547,0.,-0.707106781186548));
#2378=DIRECTION('ref_axis',(-0.707106781186548,0.,0.707106781186547));
#2379=DIRECTION('',(0.,-1.,0.));
#2380=DIRECTION('',(-0.577350269189626,0.577350269189626,0.577350269189626));
#2381=DIRECTION('',(0.,1.,0.));
#2382=DIRECTION('',(0.577350269189626,-0.577350269189626,-0.577350269189626));
#2383=DIRECTION('center_axis',(1.96261557335472E-16,0.707106781186547,-0.707106781186548));
#2384=DIRECTION('ref_axis',(-1.,0.,-2.77555756156289E-16));
#2385=DIRECTION('',(-1.,2.77555756156289E-16,0.));
#2386=DIRECTION('',(-0.57735026918963,0.577350269189624,0.577350269189623));
#2387=DIRECTION('',(1.,-2.77555756156289E-16,0.));
#2388=DIRECTION('center_axis',(-1.8471675984515E-16,-0.707106781186547,
-0.707106781186548));
#2389=DIRECTION('ref_axis',(-1.,0.,2.61228946970625E-16));
#2390=DIRECTION('',(1.,-2.61228946970625E-16,0.));
#2391=DIRECTION('',(0.,-0.70710678118655,0.707106781186545));
#2392=DIRECTION('',(-1.,2.61228946970625E-16,0.));
#2393=DIRECTION('',(0.57735026918963,0.577350269189624,-0.577350269189623));
#2394=DIRECTION('center_axis',(0.,0.,1.));
#2395=DIRECTION('ref_axis',(0.707106781186547,-0.707106781186548,0.));
#2396=DIRECTION('',(0.707106781186548,9.81307786677359E-16,0.707106781186547));
#2397=DIRECTION('center_axis',(0.,0.,-1.));
#2398=DIRECTION('ref_axis',(0.707106781186547,-0.707106781186548,0.));
#2399=DIRECTION('center_axis',(0.,0.,1.));
#2400=DIRECTION('ref_axis',(0.707106781186547,-0.707106781186548,0.));
#2401=DIRECTION('center_axis',(0.707106781186547,0.,-0.707106781186548));
#2402=DIRECTION('ref_axis',(-0.707106781186548,0.,-0.707106781186547));
#2403=DIRECTION('',(0.,-1.,0.));
#2404=DIRECTION('',(0.,1.,0.));
#2405=DIRECTION('',(0.577350269189626,0.577350269189626,0.577350269189625));
#2406=DIRECTION('center_axis',(-0.707106781186547,0.,-0.707106781186548));
#2407=DIRECTION('ref_axis',(-0.707106781186548,0.,0.707106781186547));
#2408=DIRECTION('',(0.,-1.,0.));
#2409=DIRECTION('',(0.,1.,0.));
#2410=DIRECTION('center_axis',(1.30841038223648E-16,0.707106781186547,-0.707106781186548));
#2411=DIRECTION('ref_axis',(-1.,0.,-1.85037170770859E-16));
#2412=DIRECTION('',(1.,-1.8503717077086E-16,0.));
#2413=DIRECTION('',(-1.,1.8503717077086E-16,0.));
#2414=DIRECTION('center_axis',(1.,0.,0.));
#2415=DIRECTION('ref_axis',(0.,1.,0.));
#2416=DIRECTION('',(0.,0.,1.));
#2417=DIRECTION('',(0.,-1.,0.));
#2418=DIRECTION('center_axis',(-1.,0.,0.));
#2419=DIRECTION('ref_axis',(0.,-0.707106781186547,0.707106781186548));
#2420=DIRECTION('',(0.,0.,1.));
#2421=DIRECTION('center_axis',(-2.77555756156289E-16,-1.,0.));
#2422=DIRECTION('ref_axis',(1.,-2.77555756156289E-16,0.));
#2423=DIRECTION('',(0.,0.,1.));
#2424=DIRECTION('center_axis',(2.77555756156289E-16,1.,0.));
#2425=DIRECTION('ref_axis',(0.707106781186546,0.,0.707106781186549));
#2426=DIRECTION('',(1.,-2.77555756156289E-16,0.));
#2427=DIRECTION('center_axis',(1.,0.,0.));
#2428=DIRECTION('ref_axis',(0.,1.,0.));
#2429=DIRECTION('',(0.,0.,-1.));
#2430=DIRECTION('',(0.,-1.,0.));
#2431=DIRECTION('center_axis',(-2.61228946970625E-16,-1.,0.));
#2432=DIRECTION('ref_axis',(1.,-2.61228946970625E-16,0.));
#2433=DIRECTION('',(0.,0.,-1.));
#2434=DIRECTION('',(1.,-2.61228946970625E-16,0.));
#2435=DIRECTION('',(0.,0.,1.));
#2436=DIRECTION('center_axis',(-2.61228946970625E-16,-1.,0.));
#2437=DIRECTION('ref_axis',(0.707106781186546,0.,0.707106781186549));
#2438=DIRECTION('center_axis',(0.,0.,1.));
#2439=DIRECTION('ref_axis',(1.,0.,0.));
#2440=DIRECTION('center_axis',(-3.92523114670944E-17,-0.707106781186547,
-0.707106781186548));
#2441=DIRECTION('ref_axis',(-1.,0.,5.55111512312578E-17));
#2442=DIRECTION('',(1.,-5.55111512312578E-17,0.));
#2443=DIRECTION('',(-0.577350269189626,-0.577350269189626,0.577350269189625));
#2444=DIRECTION('',(-1.,5.55111512312578E-17,0.));
#2445=DIRECTION('',(0.577350269189626,-0.577350269189626,0.577350269189625));
#2446=DIRECTION('center_axis',(-0.707106781186547,0.,-0.707106781186548));
#2447=DIRECTION('ref_axis',(-0.707106781186548,0.,0.707106781186547));
#2448=DIRECTION('',(0.,-1.,0.));
#2449=DIRECTION('',(-0.577350269189626,-0.577350269189625,0.577350269189626));
#2450=DIRECTION('',(0.,1.,0.));
#2451=DIRECTION('center_axis',(0.707106781186547,0.,-0.707106781186548));
#2452=DIRECTION('ref_axis',(-0.707106781186548,0.,-0.707106781186547));
#2453=DIRECTION('',(0.,-1.,0.));
#2454=DIRECTION('',(0.,1.,0.));
#2455=DIRECTION('center_axis',(0.707106781186547,0.,-0.707106781186548));
#2456=DIRECTION('ref_axis',(-0.707106781186548,0.,-0.707106781186547));
#2457=DIRECTION('',(0.,1.,0.));
#2458=DIRECTION('',(0.707106781186548,-9.81307786677359E-16,0.707106781186547));
#2459=DIRECTION('',(0.,-1.,0.));
#2460=DIRECTION('',(-0.577350269189626,0.577350269189625,-0.577350269189626));
#2461=DIRECTION('center_axis',(0.,0.,1.));
#2462=DIRECTION('ref_axis',(0.707106781186548,0.707106781186547,0.));
#2463=DIRECTION('',(-7.85046229341885E-15,0.70710678118655,0.707106781186545));
#2464=DIRECTION('center_axis',(0.,0.,-1.));
#2465=DIRECTION('ref_axis',(0.707106781186548,0.707106781186547,0.));
#2466=DIRECTION('center_axis',(0.,0.,1.));
#2467=DIRECTION('ref_axis',(0.707106781186548,0.707106781186547,0.));
#2468=DIRECTION('center_axis',(1.8471675984515E-16,0.707106781186547,-0.707106781186548));
#2469=DIRECTION('ref_axis',(-1.,0.,-2.61228946970625E-16));
#2470=DIRECTION('',(0.,0.707106781186546,0.707106781186549));
#2471=DIRECTION('',(1.,-2.61228946970625E-16,0.));
#2472=DIRECTION('',(-1.,2.61228946970625E-16,0.));
#2473=DIRECTION('center_axis',(0.,0.,1.));
#2474=DIRECTION('ref_axis',(-0.707106781186547,0.707106781186548,0.));
#2475=DIRECTION('',(-0.707106781186548,0.,0.707106781186547));
#2476=DIRECTION('center_axis',(0.,0.,-1.));
#2477=DIRECTION('ref_axis',(-0.707106781186547,0.707106781186548,0.));
#2478=DIRECTION('center_axis',(0.,0.,1.));
#2479=DIRECTION('ref_axis',(-0.707106781186547,0.707106781186548,0.));
#2480=DIRECTION('center_axis',(-0.707106781186547,0.,-0.707106781186548));
#2481=DIRECTION('ref_axis',(-0.707106781186548,0.,0.707106781186547));
#2482=DIRECTION('',(0.,1.,0.));
#2483=DIRECTION('',(0.,-1.,0.));
#2484=DIRECTION('',(-0.577350269189626,0.577350269189626,0.577350269189626));
#2485=DIRECTION('center_axis',(0.,0.707106781186547,-0.707106781186548));
#2486=DIRECTION('ref_axis',(-1.,0.,0.));
#2487=DIRECTION('',(-1.,0.,0.));
#2488=DIRECTION('',(0.,0.707106781186548,0.707106781186547));
#2489=DIRECTION('',(1.,0.,0.));
#2490=DIRECTION('center_axis',(0.,-1.,0.));
#2491=DIRECTION('ref_axis',(-0.707106781186547,2.70705596324789E-16,0.707106781186548));
#2492=DIRECTION('center_axis',(0.,1.,0.));
#2493=DIRECTION('ref_axis',(-0.707106781186547,5.23364152894592E-16,0.707106781186548));
#2494=DIRECTION('',(0.,0.707106781186542,-0.707106781186553));
#2495=DIRECTION('center_axis',(0.,-1.,0.));
#2496=DIRECTION('ref_axis',(-0.707106781186547,0.,0.707106781186548));
#2497=DIRECTION('center_axis',(0.,0.707106781186548,0.707106781186548));
#2498=DIRECTION('ref_axis',(1.,0.,0.));
#2499=DIRECTION('',(-1.,0.,0.));
#2500=DIRECTION('',(1.,0.,0.));
#2501=DIRECTION('',(-0.577350269189626,0.577350269189626,-0.577350269189626));
#2502=DIRECTION('center_axis',(-0.707106781186548,0.,0.707106781186548));
#2503=DIRECTION('ref_axis',(0.707106781186548,0.,0.707106781186548));
#2504=DIRECTION('',(0.,1.,0.));
#2505=DIRECTION('',(-0.707106781186548,0.,-0.707106781186548));
#2506=DIRECTION('',(0.,-1.,0.));
#2507=DIRECTION('center_axis',(0.,0.,-1.));
#2508=DIRECTION('ref_axis',(-0.707106781186547,0.707106781186548,0.));
#2509=DIRECTION('',(0.,0.707106781186548,-0.707106781186548));
#2510=DIRECTION('center_axis',(0.,0.,1.));
#2511=DIRECTION('ref_axis',(-0.707106781186547,0.707106781186548,0.));
#2512=DIRECTION('center_axis',(0.,0.,-1.));
#2513=DIRECTION('ref_axis',(-0.707106781186547,0.707106781186548,0.));
#2514=DIRECTION('center_axis',(1.8471675984515E-16,0.707106781186548,0.707106781186548));
#2515=DIRECTION('ref_axis',(1.,0.,-2.61228946970625E-16));
#2516=DIRECTION('',(0.,0.707106781186548,-0.707106781186548));
#2517=DIRECTION('',(-1.,2.61228946970625E-16,0.));
#2518=DIRECTION('',(1.,-2.61228946970625E-16,0.));
#2519=DIRECTION('center_axis',(0.,0.,-1.));
#2520=DIRECTION('ref_axis',(0.707106781186548,0.707106781186547,0.));
#2521=DIRECTION('',(0.707106781186548,9.81307786677358E-16,-0.707106781186548));
#2522=DIRECTION('center_axis',(0.,0.,1.));
#2523=DIRECTION('ref_axis',(0.707106781186548,0.707106781186547,0.));
#2524=DIRECTION('center_axis',(0.,0.,-1.));
#2525=DIRECTION('ref_axis',(0.707106781186548,0.707106781186547,0.));
#2526=DIRECTION('center_axis',(0.707106781186548,0.,0.707106781186548));
#2527=DIRECTION('ref_axis',(0.707106781186548,0.,-0.707106781186548));
#2528=DIRECTION('',(0.707106781186548,0.,-0.707106781186548));
#2529=DIRECTION('',(0.,1.,0.));
#2530=DIRECTION('',(0.,-1.,0.));
#2531=DIRECTION('center_axis',(0.,0.,-1.));
#2532=DIRECTION('ref_axis',(0.707106781186547,-0.707106781186548,0.));
#2533=DIRECTION('',(7.85046229341885E-15,-0.707106781186549,-0.707106781186546));
#2534=DIRECTION('center_axis',(0.,0.,1.));
#2535=DIRECTION('ref_axis',(0.707106781186547,-0.707106781186548,0.));
#2536=DIRECTION('center_axis',(0.,0.,-1.));
#2537=DIRECTION('ref_axis',(0.707106781186547,-0.707106781186548,0.));
#2538=DIRECTION('center_axis',(-1.8471675984515E-16,-0.707106781186548,
0.707106781186548));
#2539=DIRECTION('ref_axis',(1.,0.,2.61228946970625E-16));
#2540=DIRECTION('',(0.,-0.707106781186548,-0.707106781186546));
#2541=DIRECTION('',(-1.,2.61228946970625E-16,0.));
#2542=DIRECTION('center_axis',(0.,0.,-1.));
#2543=DIRECTION('ref_axis',(-0.707106781186548,-0.707106781186547,0.));
#2544=DIRECTION('',(-0.707106781186551,0.,-0.707106781186544));
#2545=DIRECTION('center_axis',(0.,0.,1.));
#2546=DIRECTION('ref_axis',(-0.707106781186548,-0.707106781186547,0.));
#2547=DIRECTION('center_axis',(0.,0.,-1.));
#2548=DIRECTION('ref_axis',(-0.707106781186548,-0.707106781186547,0.));
#2549=DIRECTION('center_axis',(-0.707106781186548,0.,0.707106781186548));
#2550=DIRECTION('ref_axis',(0.707106781186548,0.,0.707106781186548));
#2551=DIRECTION('',(0.,-1.,0.));
#2552=DIRECTION('',(0.,1.,0.));
#2553=DIRECTION('',(-0.577350269189626,-0.577350269189625,-0.577350269189626));
#2554=DIRECTION('center_axis',(4.36136794078826E-17,-0.707106781186548,
0.707106781186547));
#2555=DIRECTION('ref_axis',(1.,0.,-6.16790569236199E-17));
#2556=DIRECTION('',(-1.,-6.16790569236198E-17,0.));
#2557=DIRECTION('',(0.,-0.707106781186547,-0.707106781186548));
#2558=DIRECTION('',(1.,6.16790569236198E-17,0.));
#2559=DIRECTION('center_axis',(0.,1.,0.));
#2560=DIRECTION('ref_axis',(-0.707106781186547,2.49650716610639E-16,0.707106781186548));
#2561=DIRECTION('center_axis',(6.16790569236198E-17,-1.,0.));
#2562=DIRECTION('ref_axis',(-0.707106781186547,5.23364152894592E-16,0.707106781186548));
#2563=DIRECTION('',(7.85046229341893E-15,-0.707106781186541,0.707106781186554));
#2564=DIRECTION('center_axis',(-6.16790569236198E-17,1.,0.));
#2565=DIRECTION('ref_axis',(-0.707106781186547,-4.36136794078826E-17,0.707106781186548));
#2566=DIRECTION('center_axis',(4.36136794078826E-17,-0.707106781186548,
-0.707106781186547));
#2567=DIRECTION('ref_axis',(-1.,0.,-6.16790569236198E-17));
#2568=DIRECTION('',(-1.,-6.16790569236198E-17,0.));
#2569=DIRECTION('',(1.,6.16790569236198E-17,0.));
#2570=DIRECTION('',(-0.577350269189626,-0.577350269189625,0.577350269189626));
#2571=DIRECTION('center_axis',(-0.707106781186547,0.,-0.707106781186548));
#2572=DIRECTION('ref_axis',(-0.707106781186548,0.,0.707106781186547));
#2573=DIRECTION('',(0.,-1.,0.));
#2574=DIRECTION('',(-0.707106781186548,0.,0.707106781186547));
#2575=DIRECTION('',(0.,1.,0.));
#2576=DIRECTION('center_axis',(0.,0.,1.));
#2577=DIRECTION('ref_axis',(-0.707106781186548,-0.707106781186547,0.));
#2578=DIRECTION('center_axis',(0.,0.,-1.));
#2579=DIRECTION('ref_axis',(-0.707106781186548,-0.707106781186547,0.));
#2580=DIRECTION('center_axis',(0.,0.,1.));
#2581=DIRECTION('ref_axis',(-0.707106781186548,-0.707106781186547,0.));
#2582=DIRECTION('center_axis',(-6.5420519111824E-17,-0.707106781186548,
-0.707106781186548));
#2583=DIRECTION('ref_axis',(-1.,0.,9.25185853854298E-17));
#2584=DIRECTION('',(1.,-9.25185853854298E-17,0.));
#2585=DIRECTION('',(-1.,9.25185853854298E-17,0.));
#2586=DIRECTION('center_axis',(0.,0.,1.));
#2587=DIRECTION('ref_axis',(1.,0.,0.));
#2588=DIRECTION('',(7.65671051465624E-16,1.,0.));
#2589=DIRECTION('center_axis',(6.16790569236198E-17,-1.,0.));
#2590=DIRECTION('ref_axis',(1.,6.16790569236198E-17,0.));
#2591=DIRECTION('',(0.,0.,1.));
#2592=DIRECTION('center_axis',(-6.16790569236198E-17,1.,0.));
#2593=DIRECTION('ref_axis',(1.,0.,0.));
#2594=DIRECTION('center_axis',(-1.,0.,0.));
#2595=DIRECTION('ref_axis',(0.,-1.,0.));
#2596=DIRECTION('',(0.,0.,-1.));
#2597=DIRECTION('center_axis',(0.,0.,1.));
#2598=DIRECTION('ref_axis',(-0.707106781186548,-0.707106781186547,0.));
#2599=DIRECTION('',(0.,0.,1.));
#2600=DIRECTION('center_axis',(-1.,0.,0.));
#2601=DIRECTION('ref_axis',(0.,-1.,0.));
#2602=DIRECTION('',(0.,0.,1.));
#2603=DIRECTION('',(0.,1.,0.));
#2604=DIRECTION('center_axis',(5.55111512312578E-17,1.,0.));
#2605=DIRECTION('ref_axis',(-1.,5.55111512312578E-17,0.));
#2606=DIRECTION('',(0.,0.,1.));
#2607=DIRECTION('',(-1.,5.55111512312578E-17,0.));
#2608=DIRECTION('center_axis',(-5.55111512312578E-17,-1.,0.));
#2609=DIRECTION('ref_axis',(-0.707106781186549,0.,0.707106781186546));
#2610=DIRECTION('center_axis',(1.,0.,0.));
#2611=DIRECTION('ref_axis',(0.,1.,0.));
#2612=DIRECTION('',(0.,0.,1.));
#2613=DIRECTION('center_axis',(-1.,0.,0.));
#2614=DIRECTION('ref_axis',(0.,0.707106781186547,0.707106781186547));
#2615=DIRECTION('',(0.,1.,0.));
#2616=DIRECTION('center_axis',(9.25185853854298E-17,1.,0.));
#2617=DIRECTION('ref_axis',(-1.,9.25185853854298E-17,0.));
#2618=DIRECTION('',(0.,0.,-1.));
#2619=DIRECTION('',(1.,-9.25185853854298E-17,0.));
#2620=DIRECTION('center_axis',(0.,0.,1.));
#2621=DIRECTION('ref_axis',(1.,0.,0.));
#2622=DIRECTION('',(-7.65671051465624E-16,-1.,0.));
#2623=DIRECTION('center_axis',(0.,0.,1.));
#2624=DIRECTION('ref_axis',(-0.707106781186547,0.707106781186548,0.));
#2625=DIRECTION('',(0.,0.,-1.));
#2626=DIRECTION('',(0.,0.,1.));
#2627=DIRECTION('center_axis',(2.61228946970625E-16,1.,0.));
#2628=DIRECTION('ref_axis',(-1.,2.61228946970625E-16,0.));
#2629=DIRECTION('',(0.,0.,1.));
#2630=DIRECTION('center_axis',(0.,1.,0.));
#2631=DIRECTION('ref_axis',(-1.,0.,0.));
#2632=DIRECTION('',(0.,0.,1.));
#2633=DIRECTION('center_axis',(0.,-1.,0.));
#2634=DIRECTION('ref_axis',(1.,0.,0.));
#2635=DIRECTION('center_axis',(7.65671051465624E-16,1.,0.));
#2636=DIRECTION('ref_axis',(-0.707106781186547,5.23364152894592E-16,0.707106781186548));
#2637=DIRECTION('center_axis',(0.,0.,1.));
#2638=DIRECTION('ref_axis',(0.707106781186547,-0.707106781186548,0.));
#2639=DIRECTION('',(0.,0.,1.));
#2640=DIRECTION('center_axis',(1.,0.,0.));
#2641=DIRECTION('ref_axis',(0.,1.,0.));
#2642=DIRECTION('',(0.,0.,1.));
#2643=DIRECTION('center_axis',(1.,0.,0.));
#2644=DIRECTION('ref_axis',(0.,0.707106781186547,0.707106781186547));
#2645=DIRECTION('',(0.,0.,-1.));
#2646=DIRECTION('center_axis',(0.,0.,1.));
#2647=DIRECTION('ref_axis',(0.707106781186548,0.707106781186547,0.));
#2648=DIRECTION('center_axis',(0.,0.,1.));
#2649=DIRECTION('ref_axis',(1.,0.,0.));
#2650=DIRECTION('',(0.,-1.,0.));
#2651=DIRECTION('center_axis',(0.,-1.,0.));
#2652=DIRECTION('ref_axis',(-0.707106781186549,0.,0.707106781186546));
#2653=DIRECTION('center_axis',(-1.,9.25185853854298E-17,0.));
#2654=DIRECTION('ref_axis',(0.,0.707106781186547,0.707106781186547));
#2655=DIRECTION('',(-1.,1.8503717077086E-16,0.));
#2656=DIRECTION('center_axis',(0.,1.,0.));
#2657=DIRECTION('ref_axis',(1.,0.,0.));
#2658=DIRECTION('',(0.,1.,0.));
#2659=DIRECTION('center_axis',(-1.8503717077086E-16,-1.,0.));
#2660=DIRECTION('ref_axis',(1.,-1.8503717077086E-16,0.));
#2661=DIRECTION('center_axis',(-1.,0.,0.));
#2662=DIRECTION('ref_axis',(0.,-1.,0.));
#2663=DIRECTION('',(0.,0.,1.));
#2664=DIRECTION('',(1.,0.,0.));
#2665=DIRECTION('',(0.,0.,1.));
#2666=DIRECTION('',(1.,0.,0.));
#2667=CARTESIAN_POINT('',(0.,0.,0.));
#2668=CARTESIAN_POINT('',(0.,0.,0.));
#2669=CARTESIAN_POINT('Origin',(5.22838117783678,3.2,0.2));
#2670=CARTESIAN_POINT('',(10.8811764069884,3.4,0.));
#2671=CARTESIAN_POINT('',(17.7162336455017,3.4,0.));
#2672=CARTESIAN_POINT('',(5.22838117783678,3.4,0.));
#2673=CARTESIAN_POINT('',(17.7162336455017,3.,0.4));
#2674=CARTESIAN_POINT('',(17.7162336455017,3.4,0.));
#2675=CARTESIAN_POINT('',(10.5830052442584,3.,0.4));
#2676=CARTESIAN_POINT('',(5.22838117783678,3.,0.4));
#2677=CARTESIAN_POINT('Ctrl Pts',(10.5830052442584,3.,0.4));
#2678=CARTESIAN_POINT('Ctrl Pts',(10.6834731525592,3.13290655005336,0.267093449946637));
#2679=CARTESIAN_POINT('Ctrl Pts',(10.7828694451908,3.26628807583067,0.133711924169333));
#2680=CARTESIAN_POINT('Ctrl Pts',(10.8811764069884,3.4,-6.59194920871187E-16));
#2681=CARTESIAN_POINT('Origin',(0.,0.,11.8));
#2682=CARTESIAN_POINT('',(10.8811764069884,3.4,12.));
#2683=CARTESIAN_POINT('',(-11.3137084989848,1.4,12.));
#2684=CARTESIAN_POINT('Origin',(0.,0.,12.));
#2685=CARTESIAN_POINT('',(-10.9544511501033,0.999999999999999,11.6));
#2686=CARTESIAN_POINT('Ctrl Pts',(-11.3137084989848,1.4,12.));
#2687=CARTESIAN_POINT('Ctrl Pts',(-11.1953366973584,1.26607759418995,11.86607759419));
#2688=CARTESIAN_POINT('Ctrl Pts',(-11.0755762888589,1.13268594155474,11.7326859415547));
#2689=CARTESIAN_POINT('Ctrl Pts',(-10.9544511501033,0.999999999999998,11.6));
#2690=CARTESIAN_POINT('',(10.5830052442584,3.,11.6));
#2691=CARTESIAN_POINT('Origin',(0.,0.,11.6));
#2692=CARTESIAN_POINT('Ctrl Pts',(10.8811764069884,3.4,12.));
#2693=CARTESIAN_POINT('Ctrl Pts',(10.7828694451908,3.26628807583067,11.8662880758307));
#2694=CARTESIAN_POINT('Ctrl Pts',(10.6834731525592,3.13290655005336,11.7329065500534));
#2695=CARTESIAN_POINT('Ctrl Pts',(10.5830052442584,3.,11.6));
#2696=CARTESIAN_POINT('Origin',(-12.0474811556281,1.2,11.8));
#2697=CARTESIAN_POINT('',(-17.9687194226713,1.4,12.));
#2698=CARTESIAN_POINT('',(-12.0474811556281,1.4,12.));
#2699=CARTESIAN_POINT('',(-17.9687194226713,1.,11.6));
#2700=CARTESIAN_POINT('',(-17.9687194226713,1.4,12.));
#2701=CARTESIAN_POINT('',(-12.0474811556281,0.999999999999999,11.6));
#2702=CARTESIAN_POINT('Origin',(-17.9687194226713,1.2,6.));
#2703=CARTESIAN_POINT('',(-17.9687194226713,1.4,0.));
#2704=CARTESIAN_POINT('Origin',(-17.9687194226713,1.4,6.));
#2705=CARTESIAN_POINT('',(-17.9687194226713,1.,0.400000000000001));
#2706=CARTESIAN_POINT('',(-17.9687194226713,1.4,0.));
#2707=CARTESIAN_POINT('Origin',(-17.9687194226713,1.,6.));
#2708=CARTESIAN_POINT('Origin',(-12.0474811556281,1.2,0.2));
#2709=CARTESIAN_POINT('',(-10.9544511501033,0.999999999999999,0.4));
#2710=CARTESIAN_POINT('',(-12.0474811556281,0.999999999999999,0.4));
#2711=CARTESIAN_POINT('',(-11.3137084989848,1.4,0.));
#2712=CARTESIAN_POINT('',(-12.0474811556281,1.4,0.));
#2713=CARTESIAN_POINT('Ctrl Pts',(-11.3137084989848,1.4,-1.49186218934005E-15));
#2714=CARTESIAN_POINT('Ctrl Pts',(-11.1953366973582,1.26607759418979,0.133922405810213));
#2715=CARTESIAN_POINT('Ctrl Pts',(-11.0755762888588,1.13268594155466,0.267314058445339));
#2716=CARTESIAN_POINT('Ctrl Pts',(-10.9544511501033,0.999999999999999,0.4));
#2717=CARTESIAN_POINT('Origin',(0.,0.,0.2));
#2718=CARTESIAN_POINT('Origin',(0.,0.,0.4));
#2719=CARTESIAN_POINT('Origin',(0.,0.,0.));
#2720=CARTESIAN_POINT('Origin',(17.7162336455017,3.2,6.));
#2721=CARTESIAN_POINT('',(17.7162336455017,3.4,12.));
#2722=CARTESIAN_POINT('Origin',(17.7162336455017,3.4,6.));
#2723=CARTESIAN_POINT('',(17.7162336455017,3.,11.6));
#2724=CARTESIAN_POINT('',(17.7162336455017,3.4,12.));
#2725=CARTESIAN_POINT('Origin',(17.7162336455017,3.,6.));
#2726=CARTESIAN_POINT('Origin',(5.22838117783678,3.2,11.8));
#2727=CARTESIAN_POINT('',(5.22838117783678,3.,11.6));
#2728=CARTESIAN_POINT('',(5.22838117783678,3.4,12.));
#2729=CARTESIAN_POINT('Origin',(-17.9687194226713,7.25,6.));
#2730=CARTESIAN_POINT('',(-17.9687194226713,5.6,12.));
#2731=CARTESIAN_POINT('',(-17.9687194226713,7.25,12.));
#2732=CARTESIAN_POINT('',(-17.9687194226713,5.6,0.));
#2733=CARTESIAN_POINT('Origin',(-17.9687194226713,5.6,6.));
#2734=CARTESIAN_POINT('',(-17.9687194226713,7.25,0.));
#2735=CARTESIAN_POINT('Origin',(-0.126242888584804,8.5,12.));
#2736=CARTESIAN_POINT('',(17.7162336455017,7.6,12.));
#2737=CARTESIAN_POINT('',(17.7162336455017,5.75,12.));
#2738=CARTESIAN_POINT('',(13.6235090927411,7.6,12.));
#2739=CARTESIAN_POINT('',(11.7949953784585,7.6,12.));
#2740=CARTESIAN_POINT('',(-14.560219778561,5.6,12.));
#2741=CARTESIAN_POINT('Origin',(0.,0.,12.));
#2742=CARTESIAN_POINT('',(-7.47931993138807,5.6,12.));
#2743=CARTESIAN_POINT('Origin',(10.5830052442584,3.,0.));
#2744=CARTESIAN_POINT('',(10.5830052442584,3.,0.));
#2745=CARTESIAN_POINT('',(17.4662336455017,3.,6.));
#2746=CARTESIAN_POINT('Origin',(19.2162336455017,3.,6.));
#2747=CARTESIAN_POINT('Origin',(11.7949953784585,7.8,0.2));
#2748=CARTESIAN_POINT('',(13.856406460551,8.,0.4));
#2749=CARTESIAN_POINT('',(17.7162336455017,8.,0.4));
#2750=CARTESIAN_POINT('',(11.7949953784585,8.,0.4));
#2751=CARTESIAN_POINT('',(17.7162336455017,7.6,0.));
#2752=CARTESIAN_POINT('',(17.7162336455017,8.,0.4));
#2753=CARTESIAN_POINT('',(13.6235090927411,7.6,0.));
#2754=CARTESIAN_POINT('',(11.7949953784585,7.6,0.));
#2755=CARTESIAN_POINT('Ctrl Pts',(13.6235090927411,7.6,6.93889390390723E-17));
#2756=CARTESIAN_POINT('Ctrl Pts',(13.7017031128871,7.73315961805705,0.133159618057051));
#2757=CARTESIAN_POINT('Ctrl Pts',(13.7793376147227,7.86651284334469,0.266512843344686));
#2758=CARTESIAN_POINT('Ctrl Pts',(13.856406460551,8.,0.4));
#2759=CARTESIAN_POINT('Origin',(0.,0.,0.2));
#2760=CARTESIAN_POINT('',(-14.560219778561,5.6,0.));
#2761=CARTESIAN_POINT('Origin',(0.,0.,0.));
#2762=CARTESIAN_POINT('',(-14.8323969741913,6.,0.4));
#2763=CARTESIAN_POINT('Ctrl Pts',(-14.560219778561,5.6,-1.73472347597681E-16));
#2764=CARTESIAN_POINT('Ctrl Pts',(-14.6516264148037,5.73309007129126,0.133090071291262));
#2765=CARTESIAN_POINT('Ctrl Pts',(-14.7423547211614,5.86644575586092,0.266445755860925));
#2766=CARTESIAN_POINT('Ctrl Pts',(-14.8323969741913,6.,0.400000000000001));
#2767=CARTESIAN_POINT('Origin',(0.,0.,0.4));
#2768=CARTESIAN_POINT('Origin',(-7.47931993138807,5.8,11.8));
#2769=CARTESIAN_POINT('',(-14.8323969741913,6.,11.6));
#2770=CARTESIAN_POINT('',(-17.9687194226713,6.,11.6));
#2771=CARTESIAN_POINT('',(-7.47931993138807,6.,11.6));
#2772=CARTESIAN_POINT('',(-17.9687194226713,6.,11.6));
#2773=CARTESIAN_POINT('Ctrl Pts',(-14.560219778561,5.6,12.));
#2774=CARTESIAN_POINT('Ctrl Pts',(-14.6516264148037,5.73309007129123,11.8669099287088));
#2775=CARTESIAN_POINT('Ctrl Pts',(-14.7423547211613,5.86644575586085,11.7335542441391));
#2776=CARTESIAN_POINT('Ctrl Pts',(-14.8323969741913,6.,11.6));
#2777=CARTESIAN_POINT('Origin',(-17.9687194226713,5.8,6.));
#2778=CARTESIAN_POINT('',(-17.9687194226713,6.,0.400000000000001));
#2779=CARTESIAN_POINT('',(-17.9687194226713,6.,0.400000000000001));
#2780=CARTESIAN_POINT('Origin',(-17.9687194226713,6.,6.));
#2781=CARTESIAN_POINT('Origin',(-7.47931993138807,5.8,0.2));
#2782=CARTESIAN_POINT('',(-7.47931993138807,5.6,0.));
#2783=CARTESIAN_POINT('',(-7.47931993138807,6.,0.4));
#2784=CARTESIAN_POINT('Origin',(0.,0.,11.8));
#2785=CARTESIAN_POINT('',(13.856406460551,8.,11.6));
#2786=CARTESIAN_POINT('Origin',(0.,0.,11.6));
#2787=CARTESIAN_POINT('Ctrl Pts',(13.6235090927411,7.6,12.));
#2788=CARTESIAN_POINT('Ctrl Pts',(13.7017031128871,7.73315961805711,11.8668403819429));
#2789=CARTESIAN_POINT('Ctrl Pts',(13.7793376147228,7.86651284334481,11.7334871566552));
#2790=CARTESIAN_POINT('Ctrl Pts',(13.856406460551,8.,11.6));
#2791=CARTESIAN_POINT('Origin',(17.7162336455017,7.8,6.));
#2792=CARTESIAN_POINT('',(17.7162336455017,8.,11.6));
#2793=CARTESIAN_POINT('',(17.7162336455017,8.,11.6));
#2794=CARTESIAN_POINT('Origin',(17.7162336455017,7.6,6.));
#2795=CARTESIAN_POINT('Origin',(17.7162336455017,8.,6.));
#2796=CARTESIAN_POINT('Origin',(11.7949953784585,7.8,11.8));
#2797=CARTESIAN_POINT('',(11.7949953784585,8.,11.6));
#2798=CARTESIAN_POINT('Origin',(17.7162336455017,5.75,6.));
#2799=CARTESIAN_POINT('',(17.7162336455017,5.75,0.));
#2800=CARTESIAN_POINT('Origin',(-14.8323969741913,6.,0.));
#2801=CARTESIAN_POINT('',(-14.8323969741913,6.,0.));
#2802=CARTESIAN_POINT('',(-21.1505581984313,6.,6.));
#2803=CARTESIAN_POINT('Origin',(-19.4005581984313,6.,6.));
#2804=CARTESIAN_POINT('Origin',(0.,0.,0.));
#2805=CARTESIAN_POINT('',(13.856406460551,8.,0.));
#2806=CARTESIAN_POINT('Origin',(-23.9687194226713,1.,0.));
#2807=CARTESIAN_POINT('',(-10.9544511501033,0.999999999999999,0.));
#2808=CARTESIAN_POINT('',(-21.1505581984313,1.,6.));
#2809=CARTESIAN_POINT('Origin',(-19.4005581984313,1.,6.));
#2810=CARTESIAN_POINT('Origin',(23.7162336455017,8.,0.));
#2811=CARTESIAN_POINT('',(17.4662336455017,8.,6.));
#2812=CARTESIAN_POINT('Origin',(19.2162336455017,8.,6.));
#2813=CARTESIAN_POINT('Origin',(-19.4005581984313,-6.,6.));
#2814=CARTESIAN_POINT('',(-21.1505581984313,-6.,6.));
#2815=CARTESIAN_POINT('Origin',(19.2162336455017,-8.00000000000001,6.));
#2816=CARTESIAN_POINT('',(17.4662336455017,-8.00000000000001,6.));
#2817=CARTESIAN_POINT('Origin',(0.,0.,0.));
#2818=CARTESIAN_POINT('Origin',(-0.126242888584804,8.5,0.));
#2819=CARTESIAN_POINT('Origin',(-12.0474811556281,-5.8,0.2));
#2820=CARTESIAN_POINT('',(-14.8323969741913,-6.,0.4));
#2821=CARTESIAN_POINT('',(-17.9687194226713,-6.,0.4));
#2822=CARTESIAN_POINT('',(-12.0474811556281,-6.,0.4));
#2823=CARTESIAN_POINT('',(-17.9687194226713,-5.6,0.));
#2824=CARTESIAN_POINT('',(-17.9687194226713,-6.,0.4));
#2825=CARTESIAN_POINT('',(-14.560219778561,-5.6,0.));
#2826=CARTESIAN_POINT('',(-12.0474811556281,-5.6,0.));
#2827=CARTESIAN_POINT('Ctrl Pts',(-14.560219778561,-5.6,-2.42861286636753E-16));
#2828=CARTESIAN_POINT('Ctrl Pts',(-14.6516264148038,-5.73309007129136,0.133090071291357));
#2829=CARTESIAN_POINT('Ctrl Pts',(-14.7423547211615,-5.86644575586113,0.266445755861128));
#2830=CARTESIAN_POINT('Ctrl Pts',(-14.8323969741913,-6.,0.4));
#2831=CARTESIAN_POINT('Origin',(0.,-2.9605947543919E-15,0.2));
#2832=CARTESIAN_POINT('',(13.6235090927411,-7.60000000000001,0.));
#2833=CARTESIAN_POINT('Origin',(0.,-2.9605947543919E-15,0.));
#2834=CARTESIAN_POINT('',(13.856406460551,-8.00000000000001,0.4));
#2835=CARTESIAN_POINT('Ctrl Pts',(13.6235090927411,-7.60000000000001,1.04083408558608E-16));
#2836=CARTESIAN_POINT('Ctrl Pts',(13.7017031128871,-7.73315961805717,0.133159618057165));
#2837=CARTESIAN_POINT('Ctrl Pts',(13.7793376147229,-7.86651284334493,0.26651284334492));
#2838=CARTESIAN_POINT('Ctrl Pts',(13.856406460551,-8.00000000000001,0.400000000000001));
#2839=CARTESIAN_POINT('Origin',(0.,-2.9605947543919E-15,0.4));
#2840=CARTESIAN_POINT('Origin',(6.86508178598311,-7.8,11.8));
#2841=CARTESIAN_POINT('',(13.856406460551,-8.00000000000001,11.6));
#2842=CARTESIAN_POINT('',(17.7162336455017,-8.00000000000001,11.6));
#2843=CARTESIAN_POINT('',(6.86508178598311,-8.00000000000001,11.6));
#2844=CARTESIAN_POINT('',(17.7162336455017,-7.60000000000001,12.));
#2845=CARTESIAN_POINT('',(17.7162336455017,-8.00000000000001,11.6));
#2846=CARTESIAN_POINT('',(13.6235090927411,-7.60000000000001,12.));
#2847=CARTESIAN_POINT('',(6.86508178598311,-7.6,12.));
#2848=CARTESIAN_POINT('Ctrl Pts',(13.6235090927411,-7.60000000000001,12.));
#2849=CARTESIAN_POINT('Ctrl Pts',(13.7017031128871,-7.7331596180571,11.8668403819429));
#2850=CARTESIAN_POINT('Ctrl Pts',(13.7793376147228,-7.86651284334478,11.7334871566552));
#2851=CARTESIAN_POINT('Ctrl Pts',(13.856406460551,-8.00000000000001,11.6));
#2852=CARTESIAN_POINT('Origin',(17.7162336455017,-7.8,6.));
#2853=CARTESIAN_POINT('',(17.7162336455017,-8.00000000000001,0.4));
#2854=CARTESIAN_POINT('',(17.7162336455017,-7.6,0.));
#2855=CARTESIAN_POINT('',(17.7162336455017,-8.00000000000001,0.4));
#2856=CARTESIAN_POINT('Origin',(17.7162336455017,-7.6,6.));
#2857=CARTESIAN_POINT('Origin',(17.7162336455017,-8.00000000000001,6.));
#2858=CARTESIAN_POINT('Origin',(6.86508178598311,-7.8,0.2));
#2859=CARTESIAN_POINT('',(6.86508178598311,-7.6,0.));
#2860=CARTESIAN_POINT('',(6.86508178598311,-8.00000000000001,0.4));
#2861=CARTESIAN_POINT('Origin',(0.,-2.9605947543919E-15,11.8));
#2862=CARTESIAN_POINT('',(-14.8323969741913,-6.,11.6));
#2863=CARTESIAN_POINT('Origin',(0.,-2.9605947543919E-15,11.6));
#2864=CARTESIAN_POINT('',(-14.560219778561,-5.6,12.));
#2865=CARTESIAN_POINT('Origin',(0.,-2.9605947543919E-15,12.));
#2866=CARTESIAN_POINT('Ctrl Pts',(-14.560219778561,-5.6,12.));
#2867=CARTESIAN_POINT('Ctrl Pts',(-14.6516264148039,-5.73309007129152,11.8669099287085));
#2868=CARTESIAN_POINT('Ctrl Pts',(-14.7423547211617,-5.86644575586146,11.7335542441385));
#2869=CARTESIAN_POINT('Ctrl Pts',(-14.8323969741913,-6.,11.6));
#2870=CARTESIAN_POINT('Origin',(-17.9687194226713,-5.8,6.));
#2871=CARTESIAN_POINT('',(-17.9687194226713,-6.,11.6));
#2872=CARTESIAN_POINT('',(-17.9687194226713,-5.6,12.));
#2873=CARTESIAN_POINT('',(-17.9687194226713,-6.,11.6));
#2874=CARTESIAN_POINT('Origin',(-17.9687194226713,-5.6,6.));
#2875=CARTESIAN_POINT('Origin',(-17.9687194226713,-6.,6.));
#2876=CARTESIAN_POINT('Origin',(-12.0474811556281,-5.8,11.8));
#2877=CARTESIAN_POINT('',(-12.0474811556281,-5.6,12.));
#2878=CARTESIAN_POINT('',(-12.0474811556281,-6.,11.6));
#2879=CARTESIAN_POINT('Origin',(-17.9687194226713,-4.75,6.));
#2880=CARTESIAN_POINT('',(-17.9687194226713,-1.4,12.));
#2881=CARTESIAN_POINT('',(-17.9687194226713,-4.75,12.));
#2882=CARTESIAN_POINT('',(-17.9687194226713,-1.4,0.));
#2883=CARTESIAN_POINT('Origin',(-17.9687194226713,-1.4,6.));
#2884=CARTESIAN_POINT('',(-17.9687194226713,-4.75,0.));
#2885=CARTESIAN_POINT('Origin',(-0.126242888584804,-8.5,12.));
#2886=CARTESIAN_POINT('',(17.7162336455017,-3.40000000000001,12.));
#2887=CARTESIAN_POINT('',(17.7162336455017,-8.25000000000001,12.));
#2888=CARTESIAN_POINT('',(10.8811764069884,-3.4,12.));
#2889=CARTESIAN_POINT('',(11.7949953784585,-3.4,12.));
#2890=CARTESIAN_POINT('',(-11.3137084989848,-1.4,12.));
#2891=CARTESIAN_POINT('Origin',(0.,-2.9605947543919E-15,12.));
#2892=CARTESIAN_POINT('',(-5.54034701934406,-1.4,12.));
#2893=CARTESIAN_POINT('Origin',(13.856406460551,-8.00000000000001,0.));
#2894=CARTESIAN_POINT('',(13.856406460551,-8.00000000000001,0.));
#2895=CARTESIAN_POINT('',(17.0162336455017,-8.00000000000001,6.));
#2896=CARTESIAN_POINT('Origin',(19.2162336455017,-8.00000000000001,6.));
#2897=CARTESIAN_POINT('Origin',(0.,-2.9605947543919E-15,0.));
#2898=CARTESIAN_POINT('',(-14.8323969741913,-6.,0.));
#2899=CARTESIAN_POINT('Origin',(11.7949953784585,-3.20000000000001,0.2));
#2900=CARTESIAN_POINT('',(10.5830052442584,-3.,0.4));
#2901=CARTESIAN_POINT('',(17.7162336455017,-3.00000000000001,0.4));
#2902=CARTESIAN_POINT('',(11.7949953784585,-3.,0.4));
#2903=CARTESIAN_POINT('',(17.7162336455017,-3.40000000000001,0.));
#2904=CARTESIAN_POINT('',(17.7162336455017,-3.00000000000001,0.4));
#2905=CARTESIAN_POINT('',(10.8811764069884,-3.40000000000001,0.));
#2906=CARTESIAN_POINT('',(11.7949953784585,-3.4,0.));
#2907=CARTESIAN_POINT('Ctrl Pts',(10.8811764069884,-3.4,2.08166817117217E-16));
#2908=CARTESIAN_POINT('Ctrl Pts',(10.7828694451908,-3.26628807583075,0.133711924169257));
#2909=CARTESIAN_POINT('Ctrl Pts',(10.6834731525592,-3.1329065500534,0.267093449946602));
#2910=CARTESIAN_POINT('Ctrl Pts',(10.5830052442584,-3.,0.400000000000001));
#2911=CARTESIAN_POINT('Origin',(0.,-2.9605947543919E-15,0.2));
#2912=CARTESIAN_POINT('',(-11.3137084989848,-1.4,0.));
#2913=CARTESIAN_POINT('Origin',(0.,-2.9605947543919E-15,0.));
#2914=CARTESIAN_POINT('',(-10.9544511501033,-1.,0.4));
#2915=CARTESIAN_POINT('Ctrl Pts',(-11.3137084989848,-1.4,-2.77555756156289E-16));
#2916=CARTESIAN_POINT('Ctrl Pts',(-11.1953366973584,-1.26607759418991,0.133922405810086));
#2917=CARTESIAN_POINT('Ctrl Pts',(-11.0755762888589,-1.13268594155472,0.26731405844528));
#2918=CARTESIAN_POINT('Ctrl Pts',(-10.9544511501033,-1.,0.4));
#2919=CARTESIAN_POINT('Origin',(0.,-2.9605947543919E-15,0.4));
#2920=CARTESIAN_POINT('Origin',(-5.54034701934406,-1.2,11.8));
#2921=CARTESIAN_POINT('',(-10.9544511501033,-1.,11.6));
#2922=CARTESIAN_POINT('',(-17.9687194226713,-0.999999999999999,11.6));
#2923=CARTESIAN_POINT('',(-5.54034701934406,-1.,11.6));
#2924=CARTESIAN_POINT('',(-17.9687194226713,-0.999999999999999,11.6));
#2925=CARTESIAN_POINT('Ctrl Pts',(-11.3137084989848,-1.4,12.));
#2926=CARTESIAN_POINT('Ctrl Pts',(-11.1953366973582,-1.26607759418976,11.8660775941898));
#2927=CARTESIAN_POINT('Ctrl Pts',(-11.0755762888588,-1.13268594155465,11.7326859415546));
#2928=CARTESIAN_POINT('Ctrl Pts',(-10.9544511501033,-1.,11.6));
#2929=CARTESIAN_POINT('Origin',(-17.9687194226713,-1.2,6.));
#2930=CARTESIAN_POINT('',(-17.9687194226713,-0.999999999999999,0.400000000000001));
#2931=CARTESIAN_POINT('',(-17.9687194226713,-0.999999999999999,0.400000000000001));
#2932=CARTESIAN_POINT('Origin',(-17.9687194226713,-0.999999999999999,6.));
#2933=CARTESIAN_POINT('Origin',(-5.54034701934406,-1.2,0.2));
#2934=CARTESIAN_POINT('',(-5.54034701934406,-1.4,0.));
#2935=CARTESIAN_POINT('',(-5.54034701934406,-1.,0.4));
#2936=CARTESIAN_POINT('Origin',(0.,-2.9605947543919E-15,11.8));
#2937=CARTESIAN_POINT('',(10.5830052442584,-3.,11.6));
#2938=CARTESIAN_POINT('Origin',(0.,-2.9605947543919E-15,11.6));
#2939=CARTESIAN_POINT('Ctrl Pts',(10.8811764069884,-3.40000000000001,12.));
#2940=CARTESIAN_POINT('Ctrl Pts',(10.7828694451911,-3.2662880758311,11.8662880758311));
#2941=CARTESIAN_POINT('Ctrl Pts',(10.6834731525593,-3.13290655005357,11.7329065500536));
#2942=CARTESIAN_POINT('Ctrl Pts',(10.5830052442584,-3.,11.6));
#2943=CARTESIAN_POINT('Origin',(17.7162336455017,-3.20000000000001,6.));
#2944=CARTESIAN_POINT('',(17.7162336455017,-3.00000000000001,11.6));
#2945=CARTESIAN_POINT('',(17.7162336455017,-3.00000000000001,11.6));
#2946=CARTESIAN_POINT('Origin',(17.7162336455017,-3.40000000000001,6.));
#2947=CARTESIAN_POINT('Origin',(17.7162336455017,-3.00000000000001,6.));
#2948=CARTESIAN_POINT('Origin',(11.7949953784585,-3.20000000000001,11.8));
#2949=CARTESIAN_POINT('',(11.7949953784585,-3.,11.6));
#2950=CARTESIAN_POINT('Origin',(17.7162336455017,-8.25000000000001,6.));
#2951=CARTESIAN_POINT('',(17.7162336455017,-8.25000000000001,0.));
#2952=CARTESIAN_POINT('Origin',(-10.9544511501033,-1.,0.));
#2953=CARTESIAN_POINT('',(-10.9544511501033,-1.,0.));
#2954=CARTESIAN_POINT('',(-21.6005581984313,-1.,6.));
#2955=CARTESIAN_POINT('Origin',(-19.4005581984313,-1.,6.));
#2956=CARTESIAN_POINT('Origin',(0.,-2.9605947543919E-15,0.));
#2957=CARTESIAN_POINT('',(10.5830052442584,-3.,0.));
#2958=CARTESIAN_POINT('Origin',(-23.9687194226713,-6.,0.));
#2959=CARTESIAN_POINT('',(-21.6005581984313,-6.,6.));
#2960=CARTESIAN_POINT('Origin',(-19.4005581984313,-6.,6.));
#2961=CARTESIAN_POINT('Origin',(23.7162336455017,-3.00000000000001,0.));
#2962=CARTESIAN_POINT('',(17.0162336455017,-3.00000000000001,6.));
#2963=CARTESIAN_POINT('Origin',(19.2162336455017,-3.00000000000001,6.));
#2964=CARTESIAN_POINT('Origin',(-19.4005581984313,-6.,6.));
#2965=CARTESIAN_POINT('',(-21.6005581984313,-6.,6.));
#2966=CARTESIAN_POINT('Origin',(19.2162336455017,-8.00000000000001,6.));
#2967=CARTESIAN_POINT('',(17.0162336455017,-8.00000000000001,6.));
#2968=CARTESIAN_POINT('Origin',(-0.126242888584804,-8.5,0.));
#2969=CARTESIAN_POINT('',(0.,0.,0.));
#2970=CARTESIAN_POINT('Origin',(38.4162336455017,-2.25,0.2));
#2971=CARTESIAN_POINT('',(38.6162336455017,-2.9,0.));
#2972=CARTESIAN_POINT('',(38.6162336455017,-4.90000000000001,0.));
#2973=CARTESIAN_POINT('',(38.6162336455017,-2.25,0.));
#2974=CARTESIAN_POINT('',(38.2162336455017,-4.50000000000001,0.4));
#2975=CARTESIAN_POINT('',(38.6162336455017,-4.90000000000001,0.));
#2976=CARTESIAN_POINT('',(38.2162336455017,-2.5,0.4));
#2977=CARTESIAN_POINT('',(38.2162336455017,-2.25,0.4));
#2978=CARTESIAN_POINT('',(38.2162336455017,-2.5,0.4));
#2979=CARTESIAN_POINT('Origin',(28.2162336455017,-4.7,0.2));
#2980=CARTESIAN_POINT('',(30.6162336455017,-4.9,0.));
#2981=CARTESIAN_POINT('',(28.2162336455017,-4.9,0.));
#2982=CARTESIAN_POINT('',(30.2162336455017,-4.5,0.4));
#2983=CARTESIAN_POINT('',(30.6162336455017,-4.9,0.));
#2984=CARTESIAN_POINT('',(28.2162336455017,-4.5,0.4));
#2985=CARTESIAN_POINT('Origin',(26.2162336455017,-9.8,0.2));
#2986=CARTESIAN_POINT('',(30.6162336455017,-9.6,0.));
#2987=CARTESIAN_POINT('',(35.9662336455017,-9.6,0.));
#2988=CARTESIAN_POINT('',(26.2162336455017,-9.6,0.));
#2989=CARTESIAN_POINT('',(35.9662336455017,-10.,0.4));
#2990=CARTESIAN_POINT('',(35.9662336455017,-9.6,0.));
#2991=CARTESIAN_POINT('',(30.2162336455017,-10.,0.4));
#2992=CARTESIAN_POINT('',(26.2162336455017,-10.,0.4));
#2993=CARTESIAN_POINT('',(30.2162336455017,-10.,0.4));
#2994=CARTESIAN_POINT('Origin',(35.9662336455017,-4.75,0.2));
#2995=CARTESIAN_POINT('',(40.8162336455017,-4.75,0.));
#2996=CARTESIAN_POINT('',(41.2162336455017,-4.75,0.4));
#2997=CARTESIAN_POINT('',(40.8162336455017,-4.75,0.));
#2998=CARTESIAN_POINT('Origin',(35.9662336455017,-4.75,0.4));
#2999=CARTESIAN_POINT('Origin',(35.9662336455017,-4.75,0.));
#3000=CARTESIAN_POINT('Origin',(41.0162336455017,-5.,0.2));
#3001=CARTESIAN_POINT('',(41.2162336455017,-2.5,0.4));
#3002=CARTESIAN_POINT('',(41.2162336455017,-5.,0.4));
#3003=CARTESIAN_POINT('',(40.8162336455017,-2.9,0.));
#3004=CARTESIAN_POINT('',(40.8162336455017,-5.,0.));
#3005=CARTESIAN_POINT('',(40.8162336455017,-2.9,0.));
#3006=CARTESIAN_POINT('Origin',(30.4162336455017,-5.,0.2));
#3007=CARTESIAN_POINT('',(30.6162336455017,-5.,0.));
#3008=CARTESIAN_POINT('',(30.2162336455017,-5.,0.4));
#3009=CARTESIAN_POINT('Origin',(33.2162336455017,-2.7,0.2));
#3010=CARTESIAN_POINT('',(33.2162336455017,-2.5,0.4));
#3011=CARTESIAN_POINT('',(33.2162336455017,-2.9,0.));
#3012=CARTESIAN_POINT('Origin',(38.2162336455017,-4.50000000000001,0.));
#3013=CARTESIAN_POINT('',(38.2162336455017,-4.50000000000001,6.5));
#3014=CARTESIAN_POINT('',(38.2162336455017,-4.50000000000001,0.));
#3015=CARTESIAN_POINT('',(38.2162336455017,-5.55111512312578E-16,6.5));
#3016=CARTESIAN_POINT('',(38.2162336455017,-2.25,6.5));
#3017=CARTESIAN_POINT('',(38.2162336455017,-2.5,4.));
#3018=CARTESIAN_POINT('Origin',(38.2162336455017,-3.33066907387547E-15,
4.));
#3019=CARTESIAN_POINT('',(38.2162336455017,-2.5,0.));
#3020=CARTESIAN_POINT('Origin',(28.2162336455017,-4.5,0.));
#3021=CARTESIAN_POINT('',(30.2162336455017,-4.5,5.5));
#3022=CARTESIAN_POINT('',(30.2162336455017,-4.5,0.));
#3023=CARTESIAN_POINT('',(29.2162336455017,-4.5,6.5));
#3024=CARTESIAN_POINT('Origin',(29.2162336455017,-4.5,5.5));
#3025=CARTESIAN_POINT('',(28.2162336455017,-4.5,6.5));
#3026=CARTESIAN_POINT('Origin',(30.2162336455017,-10.,0.));
#3027=CARTESIAN_POINT('',(30.2162336455017,-10.,5.5));
#3028=CARTESIAN_POINT('',(30.2162336455017,-10.,0.));
#3029=CARTESIAN_POINT('',(30.2162336455017,-5.,5.5));
#3030=CARTESIAN_POINT('Origin',(24.2162336455017,-10.,0.));
#3031=CARTESIAN_POINT('',(35.9662336455017,-10.,11.6));
#3032=CARTESIAN_POINT('',(35.9662336455017,-10.,0.));
#3033=CARTESIAN_POINT('',(28.2162336455017,-10.,11.6));
#3034=CARTESIAN_POINT('',(26.2162336455017,-10.,11.6));
#3035=CARTESIAN_POINT('',(28.2162336455017,-10.,5.5));
#3036=CARTESIAN_POINT('',(28.2162336455017,-10.,0.));
#3037=CARTESIAN_POINT('Origin',(29.2162336455017,-10.,5.5));
#3038=CARTESIAN_POINT('Origin',(28.2162336455017,0.,0.));
#3039=CARTESIAN_POINT('Origin',(33.2162336455017,4.7,0.2));
#3040=CARTESIAN_POINT('',(27.8162336455017,4.9,0.));
#3041=CARTESIAN_POINT('',(38.6162336455017,4.9,0.));
#3042=CARTESIAN_POINT('',(33.2162336455017,4.9,0.));
#3043=CARTESIAN_POINT('',(38.2162336455017,4.5,0.4));
#3044=CARTESIAN_POINT('',(38.6162336455017,4.9,0.));
#3045=CARTESIAN_POINT('',(28.2162336455017,4.5,0.4));
#3046=CARTESIAN_POINT('',(33.2162336455017,4.5,0.4));
#3047=CARTESIAN_POINT('',(27.8162336455017,4.9,0.));
#3048=CARTESIAN_POINT('Origin',(38.4162336455017,1.25,0.2));
#3049=CARTESIAN_POINT('',(38.6162336455017,2.9,0.));
#3050=CARTESIAN_POINT('',(38.6162336455017,1.25,0.));
#3051=CARTESIAN_POINT('',(38.2162336455017,2.5,0.4));
#3052=CARTESIAN_POINT('',(38.6162336455017,2.9,0.));
#3053=CARTESIAN_POINT('',(38.2162336455017,1.25,0.4));
#3054=CARTESIAN_POINT('Origin',(28.0162336455017,2.25,0.2));
#3055=CARTESIAN_POINT('',(28.2162336455017,-10.,0.4));
#3056=CARTESIAN_POINT('',(28.2162336455017,2.25,0.4));
#3057=CARTESIAN_POINT('',(27.8162336455017,-9.57770876399966,0.));
#3058=CARTESIAN_POINT('Ctrl Pts',(28.2162336455017,-10.,0.4));
#3059=CARTESIAN_POINT('Ctrl Pts',(28.0805501421907,-9.86431649668897,0.264316496688974));
#3060=CARTESIAN_POINT('Ctrl Pts',(27.9465984773758,-9.72346107697251,0.130364831874045));
#3061=CARTESIAN_POINT('Ctrl Pts',(27.8162336455017,-9.57770876399966,-3.46944695195361E-17));
#3062=CARTESIAN_POINT('',(27.8162336455017,2.25,0.));
#3063=CARTESIAN_POINT('Origin',(41.0162336455017,-5.,0.2));
#3064=CARTESIAN_POINT('',(40.8162336455017,2.9,0.));
#3065=CARTESIAN_POINT('',(40.8162336455017,4.75,0.));
#3066=CARTESIAN_POINT('',(40.8162336455017,-5.,0.));
#3067=CARTESIAN_POINT('',(41.2162336455017,4.75,0.4));
#3068=CARTESIAN_POINT('',(40.8162336455017,4.75,0.));
#3069=CARTESIAN_POINT('',(41.2162336455017,2.5,0.4));
#3070=CARTESIAN_POINT('',(41.2162336455017,-5.,0.4));
#3071=CARTESIAN_POINT('',(41.2162336455017,2.5,0.4));
#3072=CARTESIAN_POINT('Origin',(35.9662336455017,4.75,0.2));
#3073=CARTESIAN_POINT('',(35.9662336455017,9.6,0.));
#3074=CARTESIAN_POINT('',(35.9662336455017,10.,0.4));
#3075=CARTESIAN_POINT('',(35.9662336455017,9.6,0.));
#3076=CARTESIAN_POINT('Origin',(35.9662336455017,4.75,0.4));
#3077=CARTESIAN_POINT('Origin',(35.9662336455017,4.75,0.));
#3078=CARTESIAN_POINT('Origin',(34.7162336455017,9.8,0.2));
#3079=CARTESIAN_POINT('',(28.2162336455017,9.6,0.));
#3080=CARTESIAN_POINT('',(28.2162336455017,10.,0.4));
#3081=CARTESIAN_POINT('',(28.2162336455017,9.6,0.));
#3082=CARTESIAN_POINT('',(34.7162336455017,10.,0.4));
#3083=CARTESIAN_POINT('',(34.7162336455017,9.6,0.));
#3084=CARTESIAN_POINT('Origin',(28.2162336455017,6.,0.2));
#3085=CARTESIAN_POINT('',(24.6162336455017,6.,0.));
#3086=CARTESIAN_POINT('',(24.2162336455017,6.,0.4));
#3087=CARTESIAN_POINT('',(24.6162336455017,6.,0.));
#3088=CARTESIAN_POINT('Origin',(28.2162336455017,6.,0.4));
#3089=CARTESIAN_POINT('Origin',(28.2162336455017,6.,0.));
#3090=CARTESIAN_POINT('Origin',(24.4162336455017,5.,0.2));
#3091=CARTESIAN_POINT('',(24.2162336455017,2.9,0.4));
#3092=CARTESIAN_POINT('',(24.2162336455017,5.,0.4));
#3093=CARTESIAN_POINT('',(24.6162336455017,2.5,0.));
#3094=CARTESIAN_POINT('',(24.6162336455017,5.,0.));
#3095=CARTESIAN_POINT('',(24.6162336455017,2.5,0.));
#3096=CARTESIAN_POINT('Origin',(26.2162336455017,2.7,0.2));
#3097=CARTESIAN_POINT('',(21.2162336455017,2.5,0.));
#3098=CARTESIAN_POINT('',(26.2162336455017,2.5,0.));
#3099=CARTESIAN_POINT('',(21.2162336455017,2.9,0.4));
#3100=CARTESIAN_POINT('',(21.2162336455017,2.5,0.));
#3101=CARTESIAN_POINT('',(26.2162336455017,2.9,0.4));
#3102=CARTESIAN_POINT('Origin',(21.2162336455017,2.7,6.));
#3103=CARTESIAN_POINT('',(21.2162336455017,2.50000000000001,12.));
#3104=CARTESIAN_POINT('Origin',(21.2162336455017,2.50000000000001,6.));
#3105=CARTESIAN_POINT('',(21.2162336455017,2.9,11.6));
#3106=CARTESIAN_POINT('',(21.2162336455017,2.50000000000001,12.));
#3107=CARTESIAN_POINT('Origin',(21.2162336455017,2.9,6.));
#3108=CARTESIAN_POINT('Origin',(26.2162336455017,2.7,11.8));
#3109=CARTESIAN_POINT('',(24.2162336455017,2.9,11.6));
#3110=CARTESIAN_POINT('',(26.2162336455017,2.9,11.6));
#3111=CARTESIAN_POINT('',(24.6162336455017,2.5,12.));
#3112=CARTESIAN_POINT('',(26.2162336455017,2.5,12.));
#3113=CARTESIAN_POINT('',(24.6162336455017,2.5,12.));
#3114=CARTESIAN_POINT('Origin',(24.4162336455017,5.,11.8));
#3115=CARTESIAN_POINT('',(24.6162336455017,6.,12.));
#3116=CARTESIAN_POINT('',(24.6162336455017,5.,12.));
#3117=CARTESIAN_POINT('',(24.2162336455017,6.,11.6));
#3118=CARTESIAN_POINT('',(24.6162336455017,6.,12.));
#3119=CARTESIAN_POINT('',(24.2162336455017,5.,11.6));
#3120=CARTESIAN_POINT('Origin',(28.2162336455017,6.,11.8));
#3121=CARTESIAN_POINT('',(28.2162336455017,9.6,12.));
#3122=CARTESIAN_POINT('',(28.2162336455017,10.,11.6));
#3123=CARTESIAN_POINT('',(28.2162336455017,9.6,12.));
#3124=CARTESIAN_POINT('Origin',(28.2162336455017,6.,11.6));
#3125=CARTESIAN_POINT('Origin',(28.2162336455017,6.,12.));
#3126=CARTESIAN_POINT('Origin',(34.7162336455017,9.8,11.8));
#3127=CARTESIAN_POINT('',(35.9662336455017,9.6,12.));
#3128=CARTESIAN_POINT('',(35.9662336455017,10.,11.6));
#3129=CARTESIAN_POINT('',(35.9662336455017,9.6,12.));
#3130=CARTESIAN_POINT('',(34.7162336455017,10.,11.6));
#3131=CARTESIAN_POINT('',(34.7162336455017,9.6,12.));
#3132=CARTESIAN_POINT('Origin',(35.9662336455017,4.75,11.8));
#3133=CARTESIAN_POINT('',(40.8162336455017,4.75,12.));
#3134=CARTESIAN_POINT('',(41.2162336455017,4.75,11.6));
#3135=CARTESIAN_POINT('',(40.8162336455017,4.75,12.));
#3136=CARTESIAN_POINT('Origin',(35.9662336455017,4.75,11.6));
#3137=CARTESIAN_POINT('Origin',(35.9662336455017,4.75,12.));
#3138=CARTESIAN_POINT('Origin',(41.0162336455017,-5.,11.8));
#3139=CARTESIAN_POINT('',(40.8162336455017,-4.75,12.));
#3140=CARTESIAN_POINT('',(41.2162336455017,-4.75,11.6));
#3141=CARTESIAN_POINT('',(40.8162336455017,-4.75,12.));
#3142=CARTESIAN_POINT('',(41.2162336455017,-5.,11.6));
#3143=CARTESIAN_POINT('',(40.8162336455017,-5.,12.));
#3144=CARTESIAN_POINT('Origin',(35.9662336455017,-4.75,11.8));
#3145=CARTESIAN_POINT('',(35.9662336455017,-9.6,12.));
#3146=CARTESIAN_POINT('',(35.9662336455017,-9.6,12.));
#3147=CARTESIAN_POINT('Origin',(35.9662336455017,-4.75,11.6));
#3148=CARTESIAN_POINT('Origin',(35.9662336455017,-4.75,12.));
#3149=CARTESIAN_POINT('Origin',(26.2162336455017,-9.8,11.8));
#3150=CARTESIAN_POINT('',(28.2162336455017,-9.6,12.));
#3151=CARTESIAN_POINT('',(28.2162336455017,-9.6,12.));
#3152=CARTESIAN_POINT('',(26.2162336455017,-9.6,12.));
#3153=CARTESIAN_POINT('Origin',(28.2162336455017,-6.,11.8));
#3154=CARTESIAN_POINT('',(24.6162336455017,-6.,12.));
#3155=CARTESIAN_POINT('',(24.2162336455017,-6.,11.6));
#3156=CARTESIAN_POINT('',(24.6162336455017,-6.,12.));
#3157=CARTESIAN_POINT('Origin',(28.2162336455017,-6.,11.6));
#3158=CARTESIAN_POINT('Origin',(28.2162336455017,-6.,12.));
#3159=CARTESIAN_POINT('Origin',(24.4162336455017,-1.45,11.8));
#3160=CARTESIAN_POINT('',(24.2162336455017,-2.90000000000001,11.6));
#3161=CARTESIAN_POINT('',(24.2162336455017,-1.45,11.6));
#3162=CARTESIAN_POINT('',(24.6162336455017,-2.50000000000001,12.));
#3163=CARTESIAN_POINT('',(24.6162336455017,-1.45,12.));
#3164=CARTESIAN_POINT('',(24.6162336455017,-2.50000000000001,12.));
#3165=CARTESIAN_POINT('Origin',(21.7162336455017,-2.70000000000001,11.8));
#3166=CARTESIAN_POINT('',(21.2162336455017,-2.50000000000001,12.));
#3167=CARTESIAN_POINT('',(21.7162336455017,-2.50000000000001,12.));
#3168=CARTESIAN_POINT('',(21.2162336455017,-2.90000000000001,11.6));
#3169=CARTESIAN_POINT('',(21.2162336455017,-2.50000000000001,12.));
#3170=CARTESIAN_POINT('',(21.7162336455017,-2.90000000000001,11.6));
#3171=CARTESIAN_POINT('Origin',(21.2162336455017,-2.70000000000001,6.));
#3172=CARTESIAN_POINT('',(21.2162336455017,-2.50000000000001,0.));
#3173=CARTESIAN_POINT('Origin',(21.2162336455017,-2.50000000000001,6.));
#3174=CARTESIAN_POINT('',(21.2162336455017,-2.90000000000001,0.400000000000001));
#3175=CARTESIAN_POINT('',(21.2162336455017,-2.50000000000001,0.));
#3176=CARTESIAN_POINT('Origin',(21.2162336455017,-2.90000000000001,6.));
#3177=CARTESIAN_POINT('Origin',(21.7162336455017,-2.70000000000001,0.2));
#3178=CARTESIAN_POINT('',(24.2162336455017,-2.90000000000001,0.4));
#3179=CARTESIAN_POINT('',(21.7162336455017,-2.90000000000001,0.4));
#3180=CARTESIAN_POINT('',(24.6162336455017,-2.50000000000001,0.));
#3181=CARTESIAN_POINT('',(21.7162336455017,-2.50000000000001,0.));
#3182=CARTESIAN_POINT('',(24.6162336455017,-2.50000000000001,0.));
#3183=CARTESIAN_POINT('Origin',(24.4162336455017,-1.45,0.2));
#3184=CARTESIAN_POINT('',(24.6162336455017,-6.,0.));
#3185=CARTESIAN_POINT('',(24.6162336455017,-1.45,0.));
#3186=CARTESIAN_POINT('',(24.2162336455017,-6.,0.4));
#3187=CARTESIAN_POINT('',(24.6162336455017,-6.,0.));
#3188=CARTESIAN_POINT('',(24.2162336455017,-1.45,0.4));
#3189=CARTESIAN_POINT('Origin',(28.2162336455017,-6.,0.2));
#3190=CARTESIAN_POINT('Origin',(28.2162336455017,-6.,0.4));
#3191=CARTESIAN_POINT('Origin',(28.2162336455017,-6.,0.));
#3192=CARTESIAN_POINT('Origin',(34.7162336455017,2.7,0.2));
#3193=CARTESIAN_POINT('',(34.7162336455017,2.9,0.));
#3194=CARTESIAN_POINT('',(34.7162336455017,2.5,0.4));
#3195=CARTESIAN_POINT('Origin',(28.2162336455017,0.,12.));
#3196=CARTESIAN_POINT('',(21.2162336455017,1.45,12.));
#3197=CARTESIAN_POINT('Origin',(15.2162336455017,-2.90000000000001,0.));
#3198=CARTESIAN_POINT('',(24.2162336455017,-2.90000000000001,0.));
#3199=CARTESIAN_POINT('',(17.4662336455017,-2.90000000000001,6.));
#3200=CARTESIAN_POINT('Origin',(19.2162336455017,-2.90000000000001,6.));
#3201=CARTESIAN_POINT('Origin',(24.2162336455017,-2.90000000000001,0.));
#3202=CARTESIAN_POINT('',(24.2162336455017,-6.,0.));
#3203=CARTESIAN_POINT('Origin',(28.2162336455017,-6.,0.));
#3204=CARTESIAN_POINT('',(28.2162336455017,-10.,0.));
#3205=CARTESIAN_POINT('Origin',(28.2162336455017,4.5,0.));
#3206=CARTESIAN_POINT('',(28.2162336455017,4.5,5.5));
#3207=CARTESIAN_POINT('',(28.2162336455017,4.5,0.));
#3208=CARTESIAN_POINT('',(28.2162336455017,2.25,5.5));
#3209=CARTESIAN_POINT('Origin',(38.2162336455017,4.5,0.));
#3210=CARTESIAN_POINT('',(38.2162336455017,4.5,6.5));
#3211=CARTESIAN_POINT('',(38.2162336455017,4.5,0.));
#3212=CARTESIAN_POINT('',(29.2162336455017,4.5,6.5));
#3213=CARTESIAN_POINT('',(38.2162336455017,4.5,6.5));
#3214=CARTESIAN_POINT('Origin',(29.2162336455017,4.5,5.5));
#3215=CARTESIAN_POINT('Origin',(38.2162336455017,2.5,0.));
#3216=CARTESIAN_POINT('',(38.2162336455017,2.5,4.));
#3217=CARTESIAN_POINT('',(38.2162336455017,2.5,0.));
#3218=CARTESIAN_POINT('Origin',(38.2162336455017,-5.55111512312578E-16,
4.));
#3219=CARTESIAN_POINT('',(38.2162336455017,2.5,6.5));
#3220=CARTESIAN_POINT('Origin',(41.2162336455017,2.5,0.));
#3221=CARTESIAN_POINT('',(41.2162336455017,2.5,4.));
#3222=CARTESIAN_POINT('',(41.2162336455017,2.5,0.));
#3223=CARTESIAN_POINT('',(37.9662336455017,2.5,4.));
#3224=CARTESIAN_POINT('Origin',(28.2162336455017,0.,0.));
#3225=CARTESIAN_POINT('',(21.2162336455017,1.45,0.));
#3226=CARTESIAN_POINT('Origin',(28.2162336455017,6.,0.));
#3227=CARTESIAN_POINT('',(28.2162336455017,10.,0.));
#3228=CARTESIAN_POINT('',(24.2162336455017,6.,0.));
#3229=CARTESIAN_POINT('Origin',(41.2162336455017,10.,0.));
#3230=CARTESIAN_POINT('',(35.9662336455017,10.,0.));
#3231=CARTESIAN_POINT('Origin',(24.2162336455017,2.9,0.));
#3232=CARTESIAN_POINT('',(24.2162336455017,2.9,0.));
#3233=CARTESIAN_POINT('',(17.4662336455017,2.9,6.));
#3234=CARTESIAN_POINT('Origin',(19.2162336455017,2.9,6.));
#3235=CARTESIAN_POINT('Origin',(21.2162336455017,1.45,6.));
#3236=CARTESIAN_POINT('Origin',(35.9662336455017,-4.75,0.));
#3237=CARTESIAN_POINT('',(41.2162336455017,-4.75,0.));
#3238=CARTESIAN_POINT('Origin',(41.2162336455017,-10.,0.));
#3239=CARTESIAN_POINT('',(41.2162336455017,-2.5,4.));
#3240=CARTESIAN_POINT('',(41.2162336455017,-2.5,0.));
#3241=CARTESIAN_POINT('Origin',(41.2162336455017,-8.32667268468868E-16,
4.));
#3242=CARTESIAN_POINT('',(41.2162336455017,4.75,0.));
#3243=CARTESIAN_POINT('Origin',(35.9662336455017,4.75,0.));
#3244=CARTESIAN_POINT('Origin',(34.7162336455017,-2.77555756156289E-15,
6.5));
#3245=CARTESIAN_POINT('',(29.2162336455017,2.25,6.5));
#3246=CARTESIAN_POINT('Origin',(29.2162336455017,2.25,5.5));
#3247=CARTESIAN_POINT('Origin',(37.9662336455017,-5.31981865966221E-16,
4.));
#3248=CARTESIAN_POINT('',(36.4662336455017,-2.5,4.));
#3249=CARTESIAN_POINT('Origin',(19.2162336455017,-8.00000000000001,6.));
#3250=CARTESIAN_POINT('',(17.4662336455017,-8.00000000000001,6.));
#3251=CARTESIAN_POINT('Origin',(38.2162336455017,-2.5,0.));
#3252=CARTESIAN_POINT('Origin',(24.2162336455017,10.,0.));
#3253=CARTESIAN_POINT('',(0.,0.,0.));
#3254=CARTESIAN_POINT('',(0.,0.,0.));
#3255=UNCERTAINTY_MEASURE_WITH_UNIT(LENGTH_MEASURE(0.01),#3263,
'DISTANCE_ACCURACY_VALUE',
'Maximum model space distance between geometric entities at asserted c
onnectivities');
#3256=UNCERTAINTY_MEASURE_WITH_UNIT(LENGTH_MEASURE(0.01),#3263,
'DISTANCE_ACCURACY_VALUE',
'Maximum model space distance between geometric entities at asserted c
onnectivities');
#3257=UNCERTAINTY_MEASURE_WITH_UNIT(LENGTH_MEASURE(0.01),#3263,
'DISTANCE_ACCURACY_VALUE',
'Maximum model space distance between geometric entities at asserted c
onnectivities');
#3258=UNCERTAINTY_MEASURE_WITH_UNIT(LENGTH_MEASURE(0.01),#3263,
'DISTANCE_ACCURACY_VALUE',
'Maximum model space distance between geometric entities at asserted c
onnectivities');
#3259=(
GEOMETRIC_REPRESENTATION_CONTEXT(3)
GLOBAL_UNCERTAINTY_ASSIGNED_CONTEXT((#3255))
GLOBAL_UNIT_ASSIGNED_CONTEXT((#3263,#3265,#3266))
REPRESENTATION_CONTEXT('','3D')
);
#3260=(
GEOMETRIC_REPRESENTATION_CONTEXT(3)
GLOBAL_UNCERTAINTY_ASSIGNED_CONTEXT((#3256))
GLOBAL_UNIT_ASSIGNED_CONTEXT((#3263,#3265,#3266))
REPRESENTATION_CONTEXT('','3D')
);
#3261=(
GEOMETRIC_REPRESENTATION_CONTEXT(3)
GLOBAL_UNCERTAINTY_ASSIGNED_CONTEXT((#3257))
GLOBAL_UNIT_ASSIGNED_CONTEXT((#3263,#3265,#3266))
REPRESENTATION_CONTEXT('','3D')
);
#3262=(
GEOMETRIC_REPRESENTATION_CONTEXT(3)
GLOBAL_UNCERTAINTY_ASSIGNED_CONTEXT((#3258))
GLOBAL_UNIT_ASSIGNED_CONTEXT((#3263,#3265,#3266))
REPRESENTATION_CONTEXT('','3D')
);
#3263=(
LENGTH_UNIT()
NAMED_UNIT(*)
SI_UNIT(.MILLI.,.METRE.)
);
#3264=(
LENGTH_UNIT()
NAMED_UNIT(*)
SI_UNIT($,.METRE.)
);
#3265=(
NAMED_UNIT(*)
PLANE_ANGLE_UNIT()
SI_UNIT($,.RADIAN.)
);
#3266=(
NAMED_UNIT(*)
SI_UNIT($,.STERADIAN.)
SOLID_ANGLE_UNIT()
);
#3267=SHAPE_DEFINITION_REPRESENTATION(#3270,#3275);
#3268=SHAPE_DEFINITION_REPRESENTATION(#3271,#3276);
#3269=SHAPE_DEFINITION_REPRESENTATION(#3272,#3277);
#3270=PRODUCT_DEFINITION_SHAPE('',$,#3279);
#3271=PRODUCT_DEFINITION_SHAPE('',$,#3280);
#3272=PRODUCT_DEFINITION_SHAPE('',$,#3281);
#3273=PRODUCT_DEFINITION_SHAPE($,$,#17);
#3274=PRODUCT_DEFINITION_SHAPE($,$,#18);
#3275=SHAPE_REPRESENTATION('',(#1922,#2109,#2110),#3259);
#3276=SHAPE_REPRESENTATION('',(#1923),#3260);
#3277=SHAPE_REPRESENTATION('',(#2020),#3261);
#3278=PRODUCT_DEFINITION_CONTEXT('part definition',#3289,'design');
#3279=PRODUCT_DEFINITION('BSC_Handlebar_Switch_Mount (v9~recovered)',
'BSC_Handlebar_Switch_Mount (v9~recovered)',#3282,#3278);
#3280=PRODUCT_DEFINITION('Handlebar Clamp','Handlebar Clamp',#3283,#3278);
#3281=PRODUCT_DEFINITION('Switch Housing','Switch Housing',#3284,#3278);
#3282=PRODUCT_DEFINITION_FORMATION('',$,#3291);
#3283=PRODUCT_DEFINITION_FORMATION('',$,#3292);
#3284=PRODUCT_DEFINITION_FORMATION('',$,#3293);
#3285=PRODUCT_RELATED_PRODUCT_CATEGORY(
'BSC_Handlebar_Switch_Mount (v9~recovered)',
'BSC_Handlebar_Switch_Mount (v9~recovered)',(#3291));
#3286=PRODUCT_RELATED_PRODUCT_CATEGORY('Handlebar Clamp',
'Handlebar Clamp',(#3292));
#3287=PRODUCT_RELATED_PRODUCT_CATEGORY('Switch Housing',
'Switch Housing',(#3293));
#3288=APPLICATION_PROTOCOL_DEFINITION('international standard',
'automotive_design',2009,#3289);
#3289=APPLICATION_CONTEXT(
'Core Data for Automotive Mechanical Design Process');
#3290=PRODUCT_CONTEXT('part definition',#3289,'mechanical');
#3291=PRODUCT('BSC_Handlebar_Switch_Mount (v9~recovered)',
'BSC_Handlebar_Switch_Mount (v9~recovered)',$,(#3290));
#3292=PRODUCT('Handlebar Clamp','Handlebar Clamp',$,(#3290));
#3293=PRODUCT('Switch Housing','Switch Housing',$,(#3290));
#3294=PRESENTATION_STYLE_ASSIGNMENT((#3295));
#3295=SURFACE_STYLE_USAGE(.BOTH.,#3296);
#3296=SURFACE_SIDE_STYLE('',(#3297));
#3297=SURFACE_STYLE_FILL_AREA(#3298);
#3298=FILL_AREA_STYLE('Steel - Satin',(#3299));
#3299=FILL_AREA_STYLE_COLOUR('Steel - Satin',#3300);
#3300=COLOUR_RGB('Steel - Satin',0.627450980392157,0.627450980392157,0.627450980392157);
ENDSEC;
END-ISO-10303-21;
